{
  "dataset": {
    "identifier": 18684,
    "name": "BAND_24_03_set",
    "src_path": "/data/file/cubeManager/PROJECT001/49/txt20210915121726069626/BAND_24_03_set/",
    "label_path": "/data/file/cubeManager/PROJECT001/49/txt20210915121726069626/BAND_24_03_set/",
    "category": 2,
    "type": 0
  },
  "licenses": {
    "name": "Apache License 1.0",
    "url": "http://www.apache.org/licenses/LICENSE-1.0"
  },
  "info": [
    {
      "id": 26043,
      "filename": "BAND_24_03.txt",
      "title": "BAND_24_03",
      "mediatype": "SNS",
      "medianame": "네이버밴드",
      "category": "일상대화",
      "date": "2021-09-15",
      "size": 381,
      "annotations": {
        "subject": "교통",
        "speaker_type": "1:1",
        "size": 381,
        "word_size": 128,
        "text": "1 : 그러면 너 서울에서 본가 갈 때는 뭐 타고 갔어?\n2 : 동서울 고속 버스 타고 다녔었지\n1 : 서울에서 문경까지 가는 기차는 없어?\n2 : 있는데 난 버스가 좋더라 그래서 버스 탔어\n1 : 버스 타면 멀미 나지 않아?\n2 : 나긴 나는데 4년 동안 버스 타고 다녀서 괜찮아졌어\n1 : 버스 타고 가면 몇 시간 소요 돼?\n2 : 어 2시간 정도 소요 돼\n1 : 생각보다 별로 안 걸리네?\n2 : 어 원래는 3시간이었는데 고속 버스가 뚫려서 빨리 가\n1 : 그렇게나 많이 단축이 됐어?\n2 : 어 그렇더라고 너무 좋아\n1 : 그러니까 엄청 좋겠다\n1 : 퇴근하고 바로 가지?\n2 : 그럼 퇴근하고 가는 게 진리\n1 : 나도 그래서 일찍 지하철 타려고 엄청 뛰었잖아 키키\n2 : 그니까 다행히 세이프 했지~",
        "lines": [
          {
            "id": 1,
            "text": "1 : 그러면 너 서울에서 본가 갈 때는 뭐 타고 갔어?",
            "norm_text": "그러면 너 서울에서 본가 갈 때는 뭐 타고 갔어?",
            "speaker": {
              "id": "1번",
              "sex": "여성",
              "age": "20대"
            },
            "speechAct": "(지시) 질문하기",
            "morpheme": "그러면/MAJ+너/NP+서울/NNP+에서/JKB+본가/NNG+갈/VV+ETM+때/NNG+는/JX+뭐/IC+타/VV+고/EC+갔/VV+EP+어/EF"
          },
          {
            "id": 2,
            "text": "2 : 동서울 고속 버스 타고 다녔었지",
            "norm_text": "동서울 고속 버스 타고 다녔었지",
            "speaker": {
              "id": "2번",
              "sex": "여성",
              "age": "20대"
            },
            "speechAct": "(단언) 진술하기",
            "morpheme": "동/MM+서울/NNP+고속버스/NNG+타/VV+고/EC+다녔었/VV+EP+지/EC"
          },
          {
            "id": 3,
            "text": "1 : 서울에서 문경까지 가는 기차는 없어?",
            "norm_text": "서울에서 문경까지 가는 기차는 없어?",
            "speaker": {
              "id": "1번",
              "sex": "여성",
              "age": "20대"
            },
            "speechAct": "(지시) 질문하기",
            "morpheme": "서울/NNP+에서/JKB+문경/NNG+까지/JX+가/VV+는/ETM+기차/NNG+는/JX+없/VA+어/EF"
          },
          {
            "id": 4,
            "text": "2 : 있는데 난 버스가 좋더라 그래서 버스 탔어",
            "norm_text": "있는데 난 버스가 좋더라 그래서 버스 탔어",
            "speaker": {
              "id": "2번",
              "sex": "여성",
              "age": "20대"
            },
            "speechAct": "(단언) 진술하기",
            "morpheme": "있/VA+는데/EC+난/VX+ETM+버스/NNG+가/JKS+좋/VA+더라/EF+그래서/MAJ+버스/NNG+탔/VV+EP+어/EC"
          },
          {
            "id": 5,
            "text": "1 : 버스 타면 멀미 나지 않아?",
            "norm_text": "버스 타면 멀미 나지 않아?",
            "speaker": {
              "id": "1번",
              "sex": "여성",
              "age": "20대"
            },
            "speechAct": "(지시) 질문하기",
            "morpheme": "버스/NNG+타/VV+면/EC+멀미/NNG+나/VV+지/EC+않/VX+아/EF"
          },
          {
            "id": 6,
            "text": "2 : 나긴 나는데 4년 동안 버스 타고 다녀서 괜찮아졌어",
            "norm_text": "나긴 나는데 4년 동안 버스 타고 다녀서 괜찮아졌어",
            "speaker": {
              "id": "2번",
              "sex": "여성",
              "age": "20대"
            },
            "speechAct": "(단언) 주장하기",
            "morpheme": "나/NP+긴/VCP+ETN+JX+나/VX+는데/EC+4/SN+년/NNBC+동안/NNG+버스/NNG+타/VV+고/EC+다녀서/VV+EC+괜찮/VA+아/EC+졌/VX+EP+어/EC"
          },
          {
            "id": 7,
            "text": "1 : 버스 타고 가면 몇 시간 소요 돼?",
            "norm_text": "버스 타고 가면 몇 시간 소요 돼?",
            "speaker": {
              "id": "1번",
              "sex": "여성",
              "age": "20대"
            },
            "speechAct": "(지시) 질문하기",
            "morpheme": "버스/NNG+타/VV+고/EC+가/VX+면/EC+몇/MM+시간/NNG+소요/NNG+돼/XSV+EF"
          },
          {
            "id": 8,
            "text": "2 : 어 2시간 정도 소요 돼",
            "norm_text": "어 2시간 정도 소요 돼",
            "speaker": {
              "id": "2번",
              "sex": "여성",
              "age": "20대"
            },
            "speechAct": "(단언) 진술하기",
            "morpheme": "어/IC+2/SN+시간/NNBC+정도/NNG+소요/NNG+돼/XSV+EC"
          },
          {
            "id": 9,
            "text": "1 : 생각보다 별로 안 걸리네?",
            "norm_text": "생각보다 별로 안 걸리네?",
            "speaker": {
              "id": "1번",
              "sex": "여성",
              "age": "20대"
            },
            "speechAct": "(지시) 질문하기",
            "morpheme": "생각/NNG+보다/JKB+별로/MAG+안/MAG+걸리/VV+네/EF"
          },
          {
            "id": 10,
            "text": "2 : 어 원래는 3시간이었는데 고속 버스가 뚫려서 빨리 가",
            "norm_text": "어 원래는 3시간이었는데 고속 버스가 뚫려서 빨리 가",
            "speaker": {
              "id": "2번",
              "sex": "여성",
              "age": "20대"
            },
            "speechAct": "(단언) 진술하기",
            "morpheme": "어/IC+원래/MAG+는/JX+3/SN+시간/NNG+이/VCP+었/EP+는데/EC+고속버스/NNG+가/JKS+뚫려서/VV+EC+빨리/MAG+가/VV+EC"
          },
          {
            "id": 11,
            "text": "1 : 그렇게나 많이 단축이 됐어?",
            "norm_text": "그렇게나 많이 단축이 됐어?",
            "speaker": {
              "id": "1번",
              "sex": "여성",
              "age": "20대"
            },
            "speechAct": "(지시) 질문하기",
            "morpheme": "그렇게/MAG+나/NP+많이/MAG+단축/NNG+이/JKS+됐/VV+EP+어/EF"
          },
          {
            "id": 12,
            "text": "2 : 어 그렇더라고 너무 좋아",
            "norm_text": "어 그렇더라고 너무 좋아",
            "speaker": {
              "id": "2번",
              "sex": "여성",
              "age": "20대"
            },
            "speechAct": "(단언) 주장하기",
            "morpheme": "어/IC+그렇/VA+더라고/EC+너무/MAG+좋/VA+아/EC"
          },
          {
            "id": 13,
            "text": "1 : 그러니까 엄청 좋겠다",
            "norm_text": "그러니까 엄청 좋겠다",
            "speaker": {
              "id": "1번",
              "sex": "여성",
              "age": "20대"
            },
            "speechAct": "(단언) 주장하기",
            "morpheme": "그러니까/MAJ+엄청/MAG+좋/VA+겠/EP+다/EC"
          },
          {
            "id": 14,
            "text": "1 : 퇴근하고 바로 가지?",
            "norm_text": "퇴근하고 바로 가지?",
            "speaker": {
              "id": "1번",
              "sex": "여성",
              "age": "20대"
            },
            "speechAct": "(지시) 질문하기",
            "morpheme": "퇴근/NNG+하/XSV+고/EC+바로/MAG+가/VV+지/EF"
          },
          {
            "id": 15,
            "text": "2 : 그럼 퇴근하고 가는 게 진리",
            "norm_text": "그럼 퇴근하고 가는 게 진리",
            "speaker": {
              "id": "2번",
              "sex": "여성",
              "age": "20대"
            },
            "speechAct": "(단언) 주장하기",
            "morpheme": "그럼/MAJ+퇴근/NNG+하/XSV+고/EC+가/VX+는/ETM+게/NNB+JKS+진리/NNG"
          },
          {
            "id": 16,
            "text": "1 : 나도 그래서 일찍 지하철 타려고 엄청 뛰었잖아 키키",
            "norm_text": "나도 그래서 일찍 지하철 타려고 엄청 뛰었잖아 키키",
            "speaker": {
              "id": "1번",
              "sex": "여성",
              "age": "20대"
            },
            "speechAct": "(단언) 주장하기",
            "morpheme": "나/NP+도/JX+그래서/MAJ+일찍/MAG+지하철/NNG+타/VV+려고/EC+엄청/MAG+뛰/VV+었잖/EC+VX+아/EC+키/NNG+키/XSV+ETN"
          },
          {
            "id": 17,
            "text": "2 : 그니까 다행히 세이프 했지~",
            "norm_text": "그니까 다행히 세이프 했지~",
            "speaker": {
              "id": "2번",
              "sex": "여성",
              "age": "20대"
            },
            "speechAct": "(단언) 주장하기",
            "morpheme": "그니까/MAJ+다행히/MAG+세이프/NNG+했/XSV+EP+지/EC+~/SY"
          }
        ]
      }
    }
  ]
}