{
  "dataset": {
    "identifier": 122148,
    "name": "BAND_45_07_set",
    "src_path": "/data/file/cubeManager/PROJECT001/80/txt20211103154613072551/BAND_45_07_set/",
    "label_path": "/data/file/cubeManager/PROJECT001/80/txt20211103154613072551/BAND_45_07_set/",
    "category": 2,
    "type": 0
  },
  "licenses": {
    "name": "Apache License 1.0",
    "url": "http://www.apache.org/licenses/LICENSE-1.0"
  },
  "info": [
    {
      "id": 135502,
      "filename": "BAND_45_07.txt",
      "title": "BAND_45_07",
      "mediatype": "SNS",
      "medianame": "네이버밴드",
      "category": "일상대화",
      "date": "2021-11-03",
      "size": 471,
      "annotations": {
        "subject": "가족",
        "speaker_type": "다자간 대화",
        "size": 471,
        "word_size": 165,
        "text": "1 : 다들 가족관계가 어케 돼?\n2 : 난 형 한명이랑 동생 한명 이렇게 있어\n3 : 동생 둘에 형 하나\n1 : 키키 나도 오빠랑 남동생 하나 있어\n2 : 오 우리 다 둘째네 키키\n3 : 그래도 둘째 최고야\n3 : 그치?\n1 : 둘째라 그런지 위 아래로 치여 키키\n2 : 둘째가 젤 서럽지 않나?\n2 : 어느 하나 내 편 없는 둘째\n3 : 둘째는 항상 서럽지 근데 ...\n1 : 진짜 아무도 내 말 안 들어줘...\n2 : 맞어\n2 : 둘째는 옷도 다 물려 입어야 하고 ㅠㅠ\n3 : 진짜 진짜 동생한테도 져주고 형한테도 져주고\n1 : 키키 난 그나마 딸 하나라 옷은 괜찮았어\n2 : 우리는 남자 셋이라 막내는 막내라서 새옷 형은 형이라서 새옷 나는… ㅠㅠ\n3 : 그럼 끔찍쓰지\n3 : 진짜 가운데 슬퍼\n1 : 아 그건 좀 서운할만 하네 ㅠㅠ\n2 : 가족 중엔 내 편은 아무도 없지 키키\n2 : 그래도 뭐 불평불만은 안했지 키키\n3 : 대단하네...\n3 : 어릴 때부터 fe가 들었구나",
        "lines": [
          {
            "id": 1,
            "text": "1 : 다들 가족관계가 어케 돼?",
            "norm_text": "다들 가족관계가 어케 돼?",
            "speaker": {
              "id": "1번",
              "sex": "여성",
              "age": "20대"
            },
            "speechAct": "(지시) 질문하기",
            "morpheme": "다/MAG+들/XSN+가족/NNG+관계/NNG+가/JKS+어/IC+케/IC+돼/VV+EF"
          },
          {
            "id": 2,
            "text": "2 : 난 형 한명이랑 동생 한명 이렇게 있어",
            "norm_text": "난 형 한명이랑 동생 한명 이렇게 있어",
            "speaker": {
              "id": "2번",
              "sex": "남성",
              "age": "20대"
            },
            "speechAct": "(단언) 진술하기",
            "morpheme": "난형/NNG+한/MM+명/NNBC+이랑/JC+동생/NNG+한/MM+명/NNBC+이렇/VA+게/EC+있/VX+어/EC"
          },
          {
            "id": 3,
            "text": "3 : 동생 둘에 형 하나",
            "norm_text": "동생 둘에 형 하나",
            "speaker": {
              "id": "3번",
              "sex": "남성",
              "age": "20대"
            },
            "speechAct": "(단언) 진술하기",
            "morpheme": "동생/NNG+둘/NR+에/JKB+형/NNG+하/XSV+나/EC"
          },
          {
            "id": 4,
            "text": "1 : 키키 나도 오빠랑 남동생 하나 있어",
            "norm_text": "키키 나도 오빠랑 남동생 하나 있어",
            "speaker": {
              "id": "1번",
              "sex": "여성",
              "age": "20대"
            },
            "speechAct": "(단언) 진술하기",
            "morpheme": "키/NNG+키나/XSA+ETN+JX+도/JX+오빠/NNG+랑/JKB+남동생/NNG+하/XSV+나/EC+있/VX+어/EC"
          },
          {
            "id": 5,
            "text": "2 : 오 우리 다 둘째네 키키",
            "norm_text": "오 우리 다 둘째네 키키",
            "speaker": {
              "id": "2번",
              "sex": "남성",
              "age": "20대"
            },
            "speechAct": "(단언) 진술하기",
            "morpheme": "오/VV+우리다/EC+둘째/NR+네/MM+키/NNG+키/XSV+ETN"
          },
          {
            "id": 6,
            "text": "3 : 그래도 둘째 최고야",
            "norm_text": "그래도 둘째 최고야",
            "speaker": {
              "id": "3번",
              "sex": "남성",
              "age": "20대"
            },
            "speechAct": "(단언) 주장하기",
            "morpheme": "그래도/MAJ+둘째/NR+최고/NNG+야/VCP+EF"
          },
          {
            "id": 7,
            "text": "3 : 그치?",
            "norm_text": "그치?",
            "speaker": {
              "id": "3번",
              "sex": "남성",
              "age": "20대"
            },
            "speechAct": "(단언) 주장하기",
            "morpheme": "그치/IC"
          },
          {
            "id": 8,
            "text": "1 : 둘째라 그런지 위 아래로 치여 키키",
            "norm_text": "둘째라 그런지 위 아래로 치여 키키",
            "speaker": {
              "id": "1번",
              "sex": "여성",
              "age": "20대"
            },
            "speechAct": "(단언) 주장하기",
            "morpheme": "둘째/NR+라/VCP+EC+그런/MM+지위/NNG+아래/NNG+로/JKB+치여/VV+EC+키/NNG+키/XSV+ETN"
          },
          {
            "id": 9,
            "text": "2 : 둘째가 젤 서럽지 않나?",
            "norm_text": "둘째가 젤 서럽지 않나?",
            "speaker": {
              "id": "2번",
              "sex": "남성",
              "age": "20대"
            },
            "speechAct": "(지시) 질문하기",
            "morpheme": "둘째/NR+가/JKS+젤/MAG+서럽/VA+지/EC+않/VX+나/EF"
          },
          {
            "id": 10,
            "text": "2 : 어느 하나 내 편 없는 둘째",
            "norm_text": "어느 하나 내 편 없는 둘째",
            "speaker": {
              "id": "2번",
              "sex": "남성",
              "age": "20대"
            },
            "speechAct": "(단언) 주장하기",
            "morpheme": "어느/MM+하나/NR+내편/NNG+없/VA+는/ETM+둘째/NNG"
          },
          {
            "id": 11,
            "text": "3 : 둘째는 항상 서럽지 근데 ...",
            "norm_text": "둘째는 항상 서럽지 근데 ...",
            "speaker": {
              "id": "3번",
              "sex": "남성",
              "age": "20대"
            },
            "speechAct": "(단언) 주장하기",
            "morpheme": "둘째/NR+는/JX+항상/MAG+서럽/VA+지/EF+근데/MAJ+./SY"
          },
          {
            "id": 12,
            "text": "1 : 진짜 아무도 내 말 안 들어줘...",
            "norm_text": "진짜 아무도 내 말 안 들어줘...",
            "speaker": {
              "id": "1번",
              "sex": "여성",
              "age": "20대"
            },
            "speechAct": "(단언) 주장하기",
            "morpheme": "진짜/MAG+아무/NP+도/JX+내/NP+JKG+말/NNG+안/MAG+들/VV+어/EC+줘/VX+EF+./SY"
          },
          {
            "id": 13,
            "text": "2 : 맞어",
            "norm_text": "맞어",
            "speaker": {
              "id": "2번",
              "sex": "남성",
              "age": "20대"
            },
            "speechAct": "(단언) 주장하기",
            "morpheme": "맞/VV+어/EC"
          },
          {
            "id": 14,
            "text": "2 : 둘째는 옷도 다 물려 입어야 하고 ㅠㅠ",
            "norm_text": "둘째는 옷도 다 물려 입어야 하고 ㅠㅠ",
            "speaker": {
              "id": "2번",
              "sex": "남성",
              "age": "20대"
            },
            "speechAct": "(단언) 주장하기",
            "morpheme": "둘째/NR+는/JX+옷/NNG+도/JX+다물/VV+려/EC+입/VV+어야/EC+하/VV+고/EC+ㅠㅠ/UNKNOWN"
          },
          {
            "id": 15,
            "text": "3 : 진짜 진짜 동생한테도 져주고 형한테도 져주고",
            "norm_text": "진짜 진짜 동생한테도 져주고 형한테도 져주고",
            "speaker": {
              "id": "3번",
              "sex": "남성",
              "age": "20대"
            },
            "speechAct": "(단언) 주장하기",
            "morpheme": "진짜/MAG+진짜/MAG+동생/NNG+한테/JKB+도져/VV+EC+주/VX+고/EC+형/NNG+한테/JKB+도져/VV+EC+주/VX+고/EC"
          },
          {
            "id": 16,
            "text": "1 : 키키 난 그나마 딸 하나라 옷은 괜찮았어",
            "norm_text": "키키 난 그나마 딸 하나라 옷은 괜찮았어",
            "speaker": {
              "id": "1번",
              "sex": "여성",
              "age": "20대"
            },
            "speechAct": "(단언) 주장하기",
            "morpheme": "키/NNG+키/XSV+ETN+난/NP+JX+그나마/MAG+딸/NNG+하/XSV+나라/EC+옷/NNG+은/JX+괜찮/VA+았/EP+어/EC"
          },
          {
            "id": 17,
            "text": "2 : 우리는 남자 셋이라 막내는 막내라서 새옷 형은 형이라서 새옷 나는… ㅠㅠ",
            "norm_text": "우리는 남자 셋이라 막내는 막내라서 새옷 형은 형이라서 새옷 나는… ㅠㅠ",
            "speaker": {
              "id": "2번",
              "sex": "남성",
              "age": "20대"
            },
            "speechAct": "(단언) 주장하기",
            "morpheme": "우리는남자셋이라막내는막내라서새옷형은형이라서새옷나는/UNKNOWN+…/SE+ㅠㅠ/UNKNOWN"
          },
          {
            "id": 18,
            "text": "3 : 그럼 끔찍쓰지",
            "norm_text": "그럼 끔찍쓰지",
            "speaker": {
              "id": "3번",
              "sex": "남성",
              "age": "20대"
            },
            "speechAct": "(단언) 주장하기",
            "morpheme": "그럼/MAJ+끔찍/XR+쓰/VV+지/EC"
          },
          {
            "id": 19,
            "text": "3 : 진짜 가운데 슬퍼",
            "norm_text": "진짜 가운데 슬퍼",
            "speaker": {
              "id": "3번",
              "sex": "남성",
              "age": "20대"
            },
            "speechAct": "(표현) 부정감정 표현하기",
            "morpheme": "진짜/MAG+가운데/NNG+슬퍼/VA+EC"
          },
          {
            "id": 20,
            "text": "1 : 아 그건 좀 서운할만 하네 ㅠㅠ",
            "norm_text": "아 그건 좀 서운할만 하네 ㅠㅠ",
            "speaker": {
              "id": "1번",
              "sex": "여성",
              "age": "20대"
            },
            "speechAct": "(단언) 주장하기",
            "morpheme": "아/IC+그건/NP+JX+좀/MAG+서운/NNG+할/XSV+ETM+만/NNB+하/XSA+네/EF+ㅠㅠ/UNKNOWN"
          },
          {
            "id": 21,
            "text": "2 : 가족 중엔 내 편은 아무도 없지 키키",
            "norm_text": "가족 중엔 내 편은 아무도 없지 키키",
            "speaker": {
              "id": "2번",
              "sex": "남성",
              "age": "20대"
            },
            "speechAct": "(단언) 주장하기",
            "morpheme": "가족/NNG+중/NNB+엔/JKB+JX+내편은/NP+JKG+NNG+JX+아무/NP+도/JX+없/VA+지/EC+키/NNG+키/XSV+ETN"
          },
          {
            "id": 22,
            "text": "2 : 그래도 뭐 불평불만은 안했지 키키",
            "norm_text": "그래도 뭐 불평불만은 안했지 키키",
            "speaker": {
              "id": "2번",
              "sex": "남성",
              "age": "20대"
            },
            "speechAct": "(단언) 주장하기",
            "morpheme": "그래도/MAJ+뭐/IC+불평불만/NNG+은/JX+안/MAG+했/VV+EP+지/EC+키/NNG+키/XSV+ETN"
          },
          {
            "id": 23,
            "text": "3 : 대단하네...",
            "norm_text": "대단하네...",
            "speaker": {
              "id": "3번",
              "sex": "남성",
              "age": "20대"
            },
            "speechAct": "(단언) 주장하기",
            "morpheme": "대단/XR+하/XSA+네/EF+./SY"
          },
          {
            "id": 24,
            "text": "3 : 어릴 때부터 fe가 들었구나",
            "norm_text": "어릴 때부터 fe가 들었구나",
            "speaker": {
              "id": "3번",
              "sex": "남성",
              "age": "20대"
            },
            "speechAct": "(단언) 주장하기",
            "morpheme": "어릴/VA+ETM+때/NNG+부터/JX+fe/SL+가/JKS+들/VV+었/EP+구나/EC"
          }
        ]
      }
    }
  ]
}