{
  "dataset": {
    "identifier": 102677,
    "name": "BAND_40_01_set",
    "src_path": "/data/file/cubeManager/PROJECT001/77/txt20211029151155099937/BAND_40_01_set/",
    "label_path": "/data/file/cubeManager/PROJECT001/77/txt20211029151155099937/BAND_40_01_set/",
    "category": 2,
    "type": 0
  },
  "licenses": {
    "name": "Apache License 1.0",
    "url": "http://www.apache.org/licenses/LICENSE-1.0"
  },
  "info": [
    {
      "id": 109683,
      "filename": "BAND_40_01.txt",
      "title": "BAND_40_01",
      "mediatype": "SNS",
      "medianame": "네이버밴드",
      "category": "일상대화",
      "date": "2021-10-29",
      "size": 472,
      "annotations": {
        "subject": "식음료",
        "speaker_type": "다자간 대화",
        "size": 472,
        "word_size": 150,
        "text": "1 : 카페 가면 주로 뭐 마셔?\n2 : 나는 무조건 얼어 죽어도 아이스 아메리카노 키키\n3 : 나는 시원한 음료 좋아해\n1 : 나도 아아 디저트도 시키는 편이야?\n2 : 아니 디저트는 너무 달아서 잘 안시켜 키키\n3 : 지갑에 여유가 있을 때는 시키는 거 같아\n1 : 헐 케이크 별로 안 좋아해?\n2 : 케이크 좋아는 하는데 잘 안먹어 살찌잖아 키키\n3 : 케이크 완전 좋아 달달구리하고\n1 : 키키 그래도 맛있는 케이크가 얼마나 많은데 ㅜㅜ\n2 : 그치 ㅠㅠ 초코케익 생크림케익 완전 맛있는데 못 먹지 ㅠㅠ\n3 : 둘 중 하나는 포기해야 하면 몸을 포기해야지 뭐\n1 : 앜 키키 ㅇㅈ 나는 고구마랑 마스카포네 생크림 좋아해\n2 : 케익은 진짜 맛있는데 살이 너무 찌더라 ㅠ\n3 : 나는 케잌이면 다 좋아...\n1 : 그건 그래 키키 칼로리가 장난 아니긴 하지\n2 : 옛날엔 아메리카노 왜먹는지 몰랐는데 먹어보니깐 엄청 맛있던데 키키\n3 : 난 아직 아메리카노 못마셔 써서",
        "lines": [
          {
            "id": 1,
            "text": "1 : 카페 가면 주로 뭐 마셔?",
            "norm_text": "카페 가면 주로 뭐 마셔?",
            "speaker": {
              "id": "1번",
              "sex": "여성",
              "age": "20대"
            },
            "speechAct": "(지시) 질문하기",
            "morpheme": "카페/NNG+가/JKS+면주/NNG+로/JKB+뭐/IC+마셔/VV+EF"
          },
          {
            "id": 2,
            "text": "2 : 나는 무조건 얼어 죽어도 아이스 아메리카노 키키",
            "norm_text": "나는 무조건 얼어 죽어도 아이스 아메리카노 키키",
            "speaker": {
              "id": "2번",
              "sex": "남성",
              "age": "20대"
            },
            "speechAct": "(단언) 주장하기",
            "morpheme": "나/NP+는/JX+무조건/MAG+얼/VV+어/EC+죽/VV+어도/EC+아이스/NNP+아메리카노/NNP+키/NNG+키/XSV+ETN"
          },
          {
            "id": 3,
            "text": "3 : 나는 시원한 음료 좋아해",
            "norm_text": "나는 시원한 음료 좋아해",
            "speaker": {
              "id": "3번",
              "sex": "남성",
              "age": "20대"
            },
            "speechAct": "(단언) 주장하기",
            "morpheme": "나/NP+는/JX+시원/XR+한/XSA+ETM+음료/NNG+좋/VA+아/EC+해/VV+EC"
          },
          {
            "id": 4,
            "text": "1 : 나도 아아 디저트도 시키는 편이야?",
            "norm_text": "나도 아아 디저트도 시키는 편이야?",
            "speaker": {
              "id": "1번",
              "sex": "여성",
              "age": "20대"
            },
            "speechAct": "(지시) 질문하기",
            "morpheme": "나/NP+도/JX+아아/IC+디저트/NNG+도/JX+시키/VV+는/ETM+편/NNB+이/VCP+야/EF"
          },
          {
            "id": 5,
            "text": "2 : 아니 디저트는 너무 달아서 잘 안시켜 키키",
            "norm_text": "아니 디저트는 너무 달아서 잘 안시켜 키키",
            "speaker": {
              "id": "2번",
              "sex": "남성",
              "age": "20대"
            },
            "speechAct": "(단언) 진술하기",
            "morpheme": "아니/IC+디저트/NNG+는/JX+너무/MAG+달/VV+아서/EC+잘/MAG+안/MAG+시켜/VV+EC+키/NNG+키/XSV+ETN"
          },
          {
            "id": 6,
            "text": "3 : 지갑에 여유가 있을 때는 시키는 거 같아",
            "norm_text": "지갑에 여유가 있을 때는 시키는 거 같아",
            "speaker": {
              "id": "3번",
              "sex": "남성",
              "age": "20대"
            },
            "speechAct": "(단언) 진술하기",
            "morpheme": "지갑/NNG+에/JKB+여유/NNG+가/JKS+있/VV+을/ETM+때/NNG+는/JX+시키/VV+는/ETM+거/NNB+같/VA+아/EC"
          },
          {
            "id": 7,
            "text": "1 : 헐 케이크 별로 안 좋아해?",
            "norm_text": "헐 케이크 별로 안 좋아해?",
            "speaker": {
              "id": "1번",
              "sex": "여성",
              "age": "20대"
            },
            "speechAct": "(지시) 질문하기",
            "morpheme": "헐/IC+케이크/NNG+별로/MAG+안/MAG+좋/VA+아/EC+해/VX+EF"
          },
          {
            "id": 8,
            "text": "2 : 케이크 좋아는 하는데 잘 안먹어 살찌잖아 키키",
            "norm_text": "케이크 좋아는 하는데 잘 안먹어 살찌잖아 키키",
            "speaker": {
              "id": "2번",
              "sex": "남성",
              "age": "20대"
            },
            "speechAct": "(단언) 주장하기",
            "morpheme": "케이크/NNG+좋/VA+아/EC+는/JX+하/VV+는데/EC+잘/MAG+안/MAG+먹/VV+어/EC+살찌/VV+잖아/EC+키/NNG+키/XSV+ETN"
          },
          {
            "id": 9,
            "text": "3 : 케이크 완전 좋아 달달구리하고",
            "norm_text": "케이크 완전 좋아 달달구리하고",
            "speaker": {
              "id": "3번",
              "sex": "남성",
              "age": "20대"
            },
            "speechAct": "(단언) 주장하기",
            "morpheme": "케이크/NNG+완전/NNG+좋/VA+아/EC+달/VX+ETM+달구리/NNG+하/XSV+고/EC"
          },
          {
            "id": 10,
            "text": "1 : 키키 그래도 맛있는 케이크가 얼마나 많은데 ㅜㅜ",
            "norm_text": "키키 그래도 맛있는 케이크가 얼마나 많은데 ㅜㅜ",
            "speaker": {
              "id": "1번",
              "sex": "여성",
              "age": "20대"
            },
            "speechAct": "(단언) 주장하기",
            "morpheme": "키/NNG+키/XSV+ETN+그래도/MAJ+맛있/VA+는/ETM+케이크/NNG+가/JKS+얼마나/MAG+많/VA+은데/EC+ㅜㅜ/UNKNOWN"
          },
          {
            "id": 11,
            "text": "2 : 그치 ㅠㅠ 초코케익 생크림케익 완전 맛있는데 못 먹지 ㅠㅠ",
            "norm_text": "그치 ㅠㅠ 초코케익 생크림케익 완전 맛있는데 못 먹지 ㅠㅠ",
            "speaker": {
              "id": "2번",
              "sex": "남성",
              "age": "20대"
            },
            "speechAct": "(단언) 주장하기",
            "morpheme": "그치/IC+ㅠㅠ/UNKNOWN+초코/NNP+케익/NNG+생/XSN+크림/NNG+케익/NNG+완전/NNG+맛있/VA+는데/EC+못/MAG+먹/VV+지/EC+ㅠㅠ/UNKNOWN"
          },
          {
            "id": 12,
            "text": "3 : 둘 중 하나는 포기해야 하면 몸을 포기해야지 뭐",
            "norm_text": "둘 중 하나는 포기해야 하면 몸을 포기해야지 뭐",
            "speaker": {
              "id": "3번",
              "sex": "남성",
              "age": "20대"
            },
            "speechAct": "(단언) 주장하기",
            "morpheme": "둘/NR+중/NNB+하나/NR+는/JX+포기/NNG+해야/XSV+EC+하/VV+면/EC+몸/NNG+을/JKO+포기/NNG+해야지/XSV+EF+뭐/IC"
          },
          {
            "id": 13,
            "text": "1 : 앜 키키 ㅇㅈ 나는 고구마랑 마스카포네 생크림 좋아해",
            "norm_text": "앜 키키 ㅇㅈ 나는 고구마랑 마스카포네 생크림 좋아해",
            "speaker": {
              "id": "1번",
              "sex": "여성",
              "age": "20대"
            },
            "speechAct": "(단언) 주장하기",
            "morpheme": "앜키/UNKNOWN+키/NNG+ㅇㅈ/UNKNOWN+나/NP+는/JX+고구마/NNP+랑/JC+마스/NNP+카포네/NNP+생크림/NNG+좋/VA+아/EC+해/VV+EC"
          },
          {
            "id": 14,
            "text": "2 : 케익은 진짜 맛있는데 살이 너무 찌더라 ㅠ",
            "norm_text": "케익은 진짜 맛있는데 살이 너무 찌더라 ㅠ",
            "speaker": {
              "id": "2번",
              "sex": "남성",
              "age": "20대"
            },
            "speechAct": "(단언) 주장하기",
            "morpheme": "케익/NNG+은/JX+진짜/MAG+맛있/VA+는데/EC+살/NNG+이/JKS+너무/MAG+찌/VV+더라/EF+ㅠ/UNKNOWN"
          },
          {
            "id": 15,
            "text": "3 : 나는 케잌이면 다 좋아...",
            "norm_text": "나는 케잌이면 다 좋아...",
            "speaker": {
              "id": "3번",
              "sex": "남성",
              "age": "20대"
            },
            "speechAct": "(단언) 주장하기",
            "morpheme": "나/NP+는/JX+케잌/NNG+이/VCP+면/EC+다/MAG+좋/VA+아/EF+./SY"
          },
          {
            "id": 16,
            "text": "1 : 그건 그래 키키 칼로리가 장난 아니긴 하지",
            "norm_text": "그건 그래 키키 칼로리가 장난 아니긴 하지",
            "speaker": {
              "id": "1번",
              "sex": "여성",
              "age": "20대"
            },
            "speechAct": "(단언) 주장하기",
            "morpheme": "그건/NP+JX+그래/VA+EC+키/NNG+키/NNG+칼로리/NNG+가/JKS+장난/NNG+아니/VCN+긴/ETN+JX+하/VX+지/EC"
          },
          {
            "id": 17,
            "text": "2 : 옛날엔 아메리카노 왜먹는지 몰랐는데 먹어보니깐 엄청 맛있던데 키키",
            "norm_text": "옛날엔 아메리카노 왜먹는지 몰랐는데 먹어보니깐 엄청 맛있던데 키키",
            "speaker": {
              "id": "2번",
              "sex": "남성",
              "age": "20대"
            },
            "speechAct": "(단언) 주장하기",
            "morpheme": "옛날/NNG+엔/JKB+JX+아메리카노/NNP+왜/MAG+먹/VV+는지/EC+몰랐/VV+EP+는데/EC+먹/VV+어/EC+보/VX+니깐/EC+엄청/MAG+맛있/VA+던데/EC+키/NNG+키/XSV+ETN"
          },
          {
            "id": 18,
            "text": "3 : 난 아직 아메리카노 못마셔 써서",
            "norm_text": "난 아직 아메리카노 못마셔 써서",
            "speaker": {
              "id": "3번",
              "sex": "남성",
              "age": "20대"
            },
            "speechAct": "(단언) 주장하기",
            "morpheme": "난/NP+JX+아직/MAG+아메리카노/NNP+못/MAG+마셔/VV+EC+써서/VV+EC"
          }
        ]
      }
    }
  ]
}