{
  "dataset": {
    "identifier": 21700,
    "name": "BAND_21_17_set",
    "src_path": "/data/file/cubeManager/PROJECT001/49/txt20210915110606073429/BAND_21_17_set/",
    "label_path": "/data/file/cubeManager/PROJECT001/49/txt20210915110606073429/BAND_21_17_set/",
    "category": 2,
    "type": 0
  },
  "licenses": {
    "name": "Apache License 1.0",
    "url": "http://www.apache.org/licenses/LICENSE-1.0"
  },
  "info": [
    {
      "id": 25556,
      "filename": "BAND_21_17.txt",
      "title": "BAND_21_17",
      "mediatype": "SNS",
      "medianame": "네이버밴드",
      "category": "일상대화",
      "date": "2021-09-15",
      "size": 443,
      "annotations": {
        "subject": "건강",
        "speaker_type": "1:1",
        "size": 443,
        "word_size": 148,
        "text": "1 : 너는 입원해 본 적 있어?\n2 : 음 아니 나는 정말 튼튼해서 없던 것 같아\n2 : 언니는?\n1 : 나도 아파서 입원한 적은 없었어.\n2 : 근데 언니 교통사고 나서 입원한 적 있지 않았어?\n1 : 그거는 아파서 입원한 게 아니었지 하하.\n2 : 아 그거 구나 나이롱 환자 키키\n1 : 그럼 그럼 그때 얼마나 화났었는데!\n2 : 입원 하면서 어떤 게 제일 불편 했어?\n1 : 일단 8인실이라서 아줌마랑 할머니 코골이가 장난 아니었지!\n2 : 8인실이면 옆에 돌아도 사람이 있겠구나 키키\n1 : 맞아 코 고는 것도 6시부터 시작해.\n2 : 헐 정말 불편하겠다.\n2 : 몇 일 정도 있었어 ?\n1 : 나 딱 일주일 있었어\n1 : 거기 밥은 하나도 안 먹고 키키\n2 : 일주일 동안 지루했겠네\n2 : 등이 근질거렸겠다.\n1 : 그래도 친구들이 많이 놀러 와서 안 심심했어!\n2 : 그건 다행이네\n2 : 교통 사고도 조심해야 해",
        "lines": [
          {
            "id": 1,
            "text": "1 : 너는 입원해 본 적 있어?",
            "norm_text": "너는 입원해 본 적 있어?",
            "speaker": {
              "id": "1번",
              "sex": "여성",
              "age": "20대"
            },
            "speechAct": "(지시) 질문하기",
            "morpheme": "너/NP+는/JX+입원/NNG+해/XSV+EC+본/VX+ETM+적/NNB+있/VA+어/EF"
          },
          {
            "id": 2,
            "text": "2 : 음 아니 나는 정말 튼튼해서 없던 것 같아",
            "norm_text": "음 아니 나는 정말 튼튼해서 없던 것 같아",
            "speaker": {
              "id": "2번",
              "sex": "여성",
              "age": "20대"
            },
            "speechAct": "(단언) 진술하기",
            "morpheme": "음/IC+아니/IC+나/NP+는/JX+정말/MAG+튼튼/XR+해서/XSA+EC+없/VA+던/ETM+것/NNB+같/VA+아/EC"
          },
          {
            "id": 3,
            "text": "2 : 언니는?",
            "norm_text": "언니는?",
            "speaker": {
              "id": "2번",
              "sex": "여성",
              "age": "20대"
            },
            "speechAct": "(지시) 질문하기",
            "morpheme": "언니/NNG+는/JX"
          },
          {
            "id": 4,
            "text": "1 : 나도 아파서 입원한 적은 없었어.",
            "norm_text": "나도 아파서 입원한 적은 없었어.",
            "speaker": {
              "id": "1번",
              "sex": "여성",
              "age": "20대"
            },
            "speechAct": "(단언) 진술하기",
            "morpheme": "나/NP+도/JX+아파서/VA+EC+입원/NNG+한/XSA+ETM+적/NNB+은/JX+없/VA+었/EP+어/EF"
          },
          {
            "id": 5,
            "text": "2 : 근데 언니 교통사고 나서 입원한 적 있지 않았어?",
            "norm_text": "근데 언니 교통사고 나서 입원한 적 있지 않았어?",
            "speaker": {
              "id": "2번",
              "sex": "여성",
              "age": "20대"
            },
            "speechAct": "(지시) 질문하기",
            "morpheme": "근데/MAJ+언니/NNG+교통/NNG+사/VV+고/EC+나/VX+서/EC+입원/NNG+한/XSA+ETM+적/NNB+있/VA+지/EC+않/VX+았/EP+어/EF"
          },
          {
            "id": 6,
            "text": "1 : 그거는 아파서 입원한 게 아니었지 하하.",
            "norm_text": "그거는 아파서 입원한 게 아니었지 하하.",
            "speaker": {
              "id": "1번",
              "sex": "여성",
              "age": "20대"
            },
            "speechAct": "(단언) 진술하기",
            "morpheme": "그거/NP+는/JX+아파서/VA+EC+입원/NNG+한/XSA+ETM+게/NNB+JKC+아니/VCN+었/EP+지/EF+하하/IC"
          },
          {
            "id": 7,
            "text": "2 : 아 그거 구나 나이롱 환자 키키",
            "norm_text": "아 그거 구나 나이롱 환자 키키",
            "speaker": {
              "id": "2번",
              "sex": "여성",
              "age": "20대"
            },
            "speechAct": "(단언) 주장하기",
            "morpheme": "아/IC+그거/NP+구나/VCP+EC+나이롱환자/NNG+키/NNG+키/XSV+ETN"
          },
          {
            "id": 8,
            "text": "1 : 그럼 그럼 그때 얼마나 화났었는데!",
            "norm_text": "그럼 그럼 그때 얼마나 화났었는데!",
            "speaker": {
              "id": "1번",
              "sex": "여성",
              "age": "20대"
            },
            "speechAct": "(단언) 진술하기",
            "morpheme": "그럼/MAJ+그럼/MAJ+그때/NNG+얼마나/MAG+화났/VV+EP+었/EP+는데/EF"
          },
          {
            "id": 9,
            "text": "2 : 입원 하면서 어떤 게 제일 불편 했어?",
            "norm_text": "입원 하면서 어떤 게 제일 불편 했어?",
            "speaker": {
              "id": "2번",
              "sex": "여성",
              "age": "20대"
            },
            "speechAct": "(지시) 질문하기",
            "morpheme": "입원/NNG+하/XSV+면서/EC+어떤/MM+게/NNB+JKS+제일/MAG+불편/NNG+했/XSV+EP+어/EF"
          },
          {
            "id": 10,
            "text": "1 : 일단 8인실이라서 아줌마랑 할머니 코골이가 장난 아니었지!",
            "norm_text": "일단 8인실이라서 아줌마랑 할머니 코골이가 장난 아니었지!",
            "speaker": {
              "id": "1번",
              "sex": "여성",
              "age": "20대"
            },
            "speechAct": "(단언) 진술하기",
            "morpheme": "일단/MAG+8/SN+인/NNG+실/NNG+이/VCP+라서/EC+아줌마/NNG+랑/JKB+할머니/NNG+코골이/NNG+가/JKS+장난/NNG+아니/VCN+었/EP+지/EF"
          },
          {
            "id": 11,
            "text": "2 : 8인실이면 옆에 돌아도 사람이 있겠구나 키키",
            "norm_text": "8인실이면 옆에 돌아도 사람이 있겠구나 키키",
            "speaker": {
              "id": "2번",
              "sex": "여성",
              "age": "20대"
            },
            "speechAct": "(단언) 진술하기",
            "morpheme": "8/SN+인/NNG+실/NNG+이/VCP+면/EC+옆/NNG+에/JKB+돌/VV+아도/EC+사람/NNG+이/JKS+있/VA+겠/EP+구나/EF+키/NNG+키/XSV+ETN"
          },
          {
            "id": 12,
            "text": "1 : 맞아 코 고는 것도 6시부터 시작해.",
            "norm_text": "맞아 코 고는 것도 6시부터 시작해.",
            "speaker": {
              "id": "1번",
              "sex": "여성",
              "age": "20대"
            },
            "speechAct": "(단언) 진술하기",
            "morpheme": "맞/VV+아/EC+코/NNG+고/VV+는/ETM+것/NNB+도/JX+6/SN+시/NNBC+부터/JX+시작/NNG+해/XSV+EF"
          },
          {
            "id": 13,
            "text": "2 : 헐 정말 불편하겠다.",
            "norm_text": "헐 정말 불편하겠다.",
            "speaker": {
              "id": "2번",
              "sex": "여성",
              "age": "20대"
            },
            "speechAct": "(단언) 주장하기",
            "morpheme": "헐/IC+정말/MAG+불편/NNG+하/XSV+겠/EP+다/EF"
          },
          {
            "id": 14,
            "text": "2 : 몇 일 정도 있었어 ?",
            "norm_text": "몇 일 정도 있었어 ?",
            "speaker": {
              "id": "2번",
              "sex": "여성",
              "age": "20대"
            },
            "speechAct": "(지시) 질문하기",
            "morpheme": "몇/MM+일정/NNG+도/JX+있/VA+었/EP+어/EF"
          },
          {
            "id": 15,
            "text": "1 : 나 딱 일주일 있었어",
            "norm_text": "나 딱 일주일 있었어",
            "speaker": {
              "id": "1번",
              "sex": "여성",
              "age": "20대"
            },
            "speechAct": "(단언) 진술하기",
            "morpheme": "나/NP+딱/MAG+일/NR+주일/NNBC+있/VV+었/EP+어/EC"
          },
          {
            "id": 16,
            "text": "1 : 거기 밥은 하나도 안 먹고 키키",
            "norm_text": "거기 밥은 하나도 안 먹고 키키",
            "speaker": {
              "id": "1번",
              "sex": "여성",
              "age": "20대"
            },
            "speechAct": "(단언) 진술하기",
            "morpheme": "거기/NP+밥/NNG+은/JX+하나/NR+도/JX+안/MAG+먹/VV+고/EC+키/NNG+키/XSV+ETN"
          },
          {
            "id": 17,
            "text": "2 : 일주일 동안 지루했겠네",
            "norm_text": "일주일 동안 지루했겠네",
            "speaker": {
              "id": "2번",
              "sex": "여성",
              "age": "20대"
            },
            "speechAct": "(단언) 주장하기",
            "morpheme": "일/NR+주일/NNBC+동안/NNG+지루/NNG+했/XSV+EP+겠/EP+네/EF"
          },
          {
            "id": 18,
            "text": "2 : 등이 근질거렸겠다.",
            "norm_text": "등이 근질거렸겠다.",
            "speaker": {
              "id": "2번",
              "sex": "여성",
              "age": "20대"
            },
            "speechAct": "(단언) 주장하기",
            "morpheme": "등/NNB+이/JKS+근질거렸/VV+EP+겠/EP+다/EF"
          },
          {
            "id": 19,
            "text": "1 : 그래도 친구들이 많이 놀러 와서 안 심심했어!",
            "norm_text": "1 : 너는 입원해 본 적 있어?",
            "speaker": {
              "id": "1번",
              "sex": "여성",
              "age": "20대"
            },
            "speechAct": "N/A",
            "morpheme": ""
          },
          {
            "id": 20,
            "text": "2 : 그건 다행이네",
            "norm_text": "그건 다행이네",
            "speaker": {
              "id": "2번",
              "sex": "여성",
              "age": "20대"
            },
            "speechAct": "(단언) 주장하기",
            "morpheme": "그건/NP+JX+다행/NNG+이/VCP+네/EC"
          },
          {
            "id": 21,
            "text": "2 : 교통 사고도 조심해야 해",
            "norm_text": "교통 사고도 조심해야 해",
            "speaker": {
              "id": "2번",
              "sex": "여성",
              "age": "20대"
            },
            "speechAct": "(지시) 충고/제안하기",
            "morpheme": "교통사고/NNG+도/JX+조심/NNG+해야/XSV+EC+해/VV+EC"
          }
        ]
      }
    }
  ]
}