{
  "dataset": {
    "identifier": 31693,
    "name": "BAND_25_06_set",
    "src_path": "/data/file/cubeManager/PROJECT001/49/txt202109161000540307107/BAND_25_06_set/",
    "label_path": "/data/file/cubeManager/PROJECT001/49/txt202109161000540307107/BAND_25_06_set/",
    "category": 2,
    "type": 0
  },
  "licenses": {
    "name": "Apache License 1.0",
    "url": "http://www.apache.org/licenses/LICENSE-1.0"
  },
  "info": [
    {
      "id": 26651,
      "filename": "BAND_25_06.txt",
      "title": "BAND_25_06",
      "mediatype": "SNS",
      "medianame": "네이버밴드",
      "category": "일상대화",
      "date": "2021-09-16",
      "size": 446,
      "annotations": {
        "subject": "교육",
        "speaker_type": "1:1",
        "size": 446,
        "word_size": 138,
        "text": "1 : 너는 고등학교 인문계 출신이야?\n2 : 응 응 맞아 인문계였지\n1 : 그러면 너네 학교도 야자 했겠네?\n2 : 그럼 당연히 했지 많이 ㅜㅜ\n1 : 나는 야자 하기 싫어서 상업계로 들어갔어 키키\n2 : 그런 방법이 있었구나 키키 몰랐네\n1 : 그러면 너네 야자 하면 집에 몇 시에 들어가?\n2 : 10시인가 11시인가 오래 돼서 기억이 안 나네 키키\n1 : 인문계 고등학교는 다들 똑같구나 여기도 10시 11시에 보내주더라 키키\n2 : 그렇지 뭐 다들 똑같이 학교 생활 키키\n1 : 그리고 내가 아는 인문계는 시험 기간에 12시에 보내줬어.\n2 : 그건 아닌데 집은 어떻게 갔어?\n1 : 버스 막차 시간에 맞춰서 보내주거나 아니면 부모님이 태우러 오시더라.\n2 : 헐 너무 한데 만일 부모님 없는 분들은 어떡하라고 ㅜㅜ\n1 : 그러면 그런 애는 막차 시간에 맞춰서 보내주더라.\n2 : 오 그런 방법이 그건 그나마 괜찮네",
        "lines": [
          {
            "id": 1,
            "text": "1 : 너는 고등학교 인문계 출신이야?",
            "norm_text": "너는 고등학교 인문계 출신이야?",
            "speaker": {
              "id": "1번",
              "sex": "여성",
              "age": "20대"
            },
            "speechAct": "(지시) 질문하기",
            "morpheme": "너/NP+는/JX+고등/NNG+학교/NNG+인문계/NNG+출신/NNG+이/VCP+야/EF"
          },
          {
            "id": 2,
            "text": "2 : 응 응 맞아 인문계였지",
            "norm_text": "응 응 맞아 인문계였지",
            "speaker": {
              "id": "2번",
              "sex": "여성",
              "age": "20대"
            },
            "speechAct": "(단언) 진술하기",
            "morpheme": "응응/MAG+맞/VV+아/EC+인문계/NNG+였/VCP+EP+지/EC"
          },
          {
            "id": 3,
            "text": "1 : 그러면 너네 학교도 야자 했겠네?",
            "norm_text": "그러면 너네 학교도 야자 했겠네?",
            "speaker": {
              "id": "1번",
              "sex": "여성",
              "age": "20대"
            },
            "speechAct": "(지시) 질문하기",
            "morpheme": "그러면/MAJ+너/NP+네/XSN+학교/NNG+도/JX+야자/NNG+했/XSV+EP+겠/EP+네/EF"
          },
          {
            "id": 4,
            "text": "2 : 그럼 당연히 했지 많이 ㅜㅜ",
            "norm_text": "그럼 당연히 했지 많이 ㅜㅜ",
            "speaker": {
              "id": "2번",
              "sex": "여성",
              "age": "20대"
            },
            "speechAct": "(단언) 주장하기",
            "morpheme": "그럼/MAJ+당연히/MAG+했/VV+EP+지/EC+많이/MAG+ㅜㅜ/UNKNOWN"
          },
          {
            "id": 5,
            "text": "1 : 나는 야자 하기 싫어서 상업계로 들어갔어 키키",
            "norm_text": "나는 야자 하기 싫어서 상업계로 들어갔어 키키",
            "speaker": {
              "id": "1번",
              "sex": "여성",
              "age": "20대"
            },
            "speechAct": "(단언) 주장하기",
            "morpheme": "나/NP+는/JX+야자/NNG+하/XSV+기/ETN+싫/VA+어서/EC+상업/NNG+계/XSN+로/JKB+들어갔/VV+EP+어/EC+키/NNG+키/XSV+ETN"
          },
          {
            "id": 6,
            "text": "2 : 그런 방법이 있었구나 키키 몰랐네",
            "norm_text": "그런 방법이 있었구나 키키 몰랐네",
            "speaker": {
              "id": "2번",
              "sex": "여성",
              "age": "20대"
            },
            "speechAct": "(단언) 주장하기",
            "morpheme": "그런/MM+방법/NNG+이/JKS+있/VA+었/EP+구나/EF+키/NNG+키/XSV+ETN+몰랐/VV+EP+네/EF"
          },
          {
            "id": 7,
            "text": "1 : 그러면 너네 야자 하면 집에 몇 시에 들어가?",
            "norm_text": "그러면 너네 야자 하면 집에 몇 시에 들어가?",
            "speaker": {
              "id": "1번",
              "sex": "여성",
              "age": "20대"
            },
            "speechAct": "(지시) 질문하기",
            "morpheme": "그러면/MAJ+너/NP+네/XSN+야자/NNG+하/XSV+면/EC+집/NNG+에/JKB+몇/MM+시/NNBC+에/JKB+들어가/VV+EF"
          },
          {
            "id": 8,
            "text": "2 : 10시인가 11시인가 오래 돼서 기억이 안 나네 키키",
            "norm_text": "10시인가 11시인가 오래 돼서 기억이 안 나네 키키",
            "speaker": {
              "id": "2번",
              "sex": "여성",
              "age": "20대"
            },
            "speechAct": "(단언) 주장하기",
            "morpheme": "10/SN+시/NNBC+인가/VCP+EC+11/SN+시/NNBC+인가/VCP+EC+오래/MAG+돼서/VV+EC+기억/NNG+이/JKS+안/MAG+나/NP+네/XSN+키/NNG+키/XSV+ETN"
          },
          {
            "id": 9,
            "text": "1 : 인문계 고등학교는 다들 똑같구나 여기도 10시 11시에 보내주더라 키키",
            "norm_text": "인문계 고등학교는 다들 똑같구나 여기도 10시 11시에 보내주더라 키키",
            "speaker": {
              "id": "1번",
              "sex": "여성",
              "age": "20대"
            },
            "speechAct": "(단언) 진술하기",
            "morpheme": "인문계/NNG+고등/NNG+학교/NNG+는/JX+다/MAG+들/XSN+똑같/VA+구나/EF+여기/NP+도/JX+10/SN+시/NNBC+11/SN+시/NNBC+에/JKB+보내/VV+EC+주/VX+더라/EC+키/NNG+키/XSV+ETN"
          },
          {
            "id": 10,
            "text": "2 : 그렇지 뭐 다들 똑같이 학교 생활 키키",
            "norm_text": "그렇지 뭐 다들 똑같이 학교 생활 키키",
            "speaker": {
              "id": "2번",
              "sex": "여성",
              "age": "20대"
            },
            "speechAct": "(단언) 주장하기",
            "morpheme": "그렇/VA+지/EF+뭐/IC+다/MAG+들/XSN+똑같이/MAG+학교/NNG+생활/NNG+키/NNG+키/XSV+ETN"
          },
          {
            "id": 11,
            "text": "1 : 그리고 내가 아는 인문계는 시험 기간에 12시에 보내줬어.",
            "norm_text": "그리고 내가 아는 인문계는 시험 기간에 12시에 보내줬어.",
            "speaker": {
              "id": "1번",
              "sex": "여성",
              "age": "20대"
            },
            "speechAct": "(단언) 진술하기",
            "morpheme": "그리고/MAJ+내/NP+가/JKS+아/VV+는/ETM+인문/NNG+계/XSN+는/JX+시험/NNG+기간/NNG+에/JKB+12/SN+시/NNBC+에/JKB+보내/VV+EC+줬/VX+EP+어/EF"
          },
          {
            "id": 12,
            "text": "2 : 그건 아닌데 집은 어떻게 갔어?",
            "norm_text": "그건 아닌데 집은 어떻게 갔어?",
            "speaker": {
              "id": "2번",
              "sex": "여성",
              "age": "20대"
            },
            "speechAct": "(지시) 질문하기",
            "morpheme": "그건/NP+JX+아닌데/VCN+EC+집/NNG+은/JX+어떻게/MAG+갔/VV+EP+어/EF"
          },
          {
            "id": 13,
            "text": "1 : 버스 막차 시간에 맞춰서 보내주거나 아니면 부모님이 태우러 오시더라.",
            "norm_text": "버스 막차 시간에 맞춰서 보내주거나 아니면 부모님이 태우러 오시더라.",
            "speaker": {
              "id": "1번",
              "sex": "여성",
              "age": "20대"
            },
            "speechAct": "(단언) 진술하기",
            "morpheme": "버스/NNG+막차/NNG+시간/NNG+에/JKB+맞춰서/VV+EC+보내/VV+EC+주/VX+거나/EC+아니/VCN+면/EC+부모/NNG+님/XSN+이/JKS+태우/VV+러/EC+오/VX+시/EP+더라/EF"
          },
          {
            "id": 14,
            "text": "2 : 헐 너무 한데 만일 부모님 없는 분들은 어떡하라고 ㅜㅜ",
            "norm_text": "헐 너무 한데 만일 부모님 없는 분들은 어떡하라고 ㅜㅜ",
            "speaker": {
              "id": "2번",
              "sex": "여성",
              "age": "20대"
            },
            "speechAct": "(단언) 주장하기",
            "morpheme": "헐/IC+너무/MAG+한/XSA+ETM+데/NNB+만/JX+일/NR+부모/NNG+님/XSN+없/VA+는/ETM+분/NNB+들/XSN+은/JX+어떡/XR+하/XSA+라고/EC+ㅜㅜ/UNKNOWN"
          },
          {
            "id": 15,
            "text": "1 : 그러면 그런 애는 막차 시간에 맞춰서 보내주더라.",
            "norm_text": "그러면 그런 애는 막차 시간에 맞춰서 보내주더라.",
            "speaker": {
              "id": "1번",
              "sex": "여성",
              "age": "20대"
            },
            "speechAct": "(단언) 진술하기",
            "morpheme": "그러면/MAJ+그런/MM+애/NNG+는/JX+막차/NNG+시간/NNG+에/JKB+맞춰서/VV+EC+보내/VV+EC+주/VX+더라/EF"
          },
          {
            "id": 16,
            "text": "2 : 오 그런 방법이 그건 그나마 괜찮네",
            "norm_text": "오 그런 방법이 그건 그나마 괜찮네",
            "speaker": {
              "id": "2번",
              "sex": "여성",
              "age": "20대"
            },
            "speechAct": "(단언) 주장하기",
            "morpheme": "오/IC+그런/MM+방법/NNG+이/JKS+그건/NP+JX+그나마/MAG+괜찮/VA+네/EC"
          }
        ]
      }
    }
  ]
}