{
  "dataset": {
    "identifier": 114561,
    "name": "BAND_43_16_set",
    "src_path": "/data/file/cubeManager/PROJECT001/80/txt20211102173311091518/BAND_43_16_set/",
    "label_path": "/data/file/cubeManager/PROJECT001/80/txt20211102173311091518/BAND_43_16_set/",
    "category": 2,
    "type": 0
  },
  "licenses": {
    "name": "Apache License 1.0",
    "url": "http://www.apache.org/licenses/LICENSE-1.0"
  },
  "info": [
    {
      "id": 131728,
      "filename": "BAND_43_16.txt",
      "title": "BAND_43_16",
      "mediatype": "SNS",
      "medianame": "네이버밴드",
      "category": "일상대화",
      "date": "2021-11-02",
      "size": 480,
      "annotations": {
        "subject": "미용",
        "speaker_type": "다자간 대화",
        "size": 480,
        "word_size": 150,
        "text": "1 : 나 숏컷 한번 해볼까?\n2 : 오 숏컷!\n2 : 처음엔 어색해도 있다보면 익숙해져서 괜찮을수도)\n3 : 숏컷 관리하기 어렵다는데 괜찮아?\n1 : 그래서 그게 좀 걸려 키키\n2 : 숏컷인데 관리가 왜 어려워?\n3 : 좀만 길어도 거지존이 생겨서\n1 : 맞아 그리고 층 나있으니깐 좀 어렵다더라고\n2 : 아 그렇구나 처음알았네...\n2 : 그래도 머리는 자주 감을 수 있겠다! 키키\n3 : 머리 감기에는 편하지 숏컷이\n1 : 말릴 때까지는 편한데 드라이가 문제야\n2 : 숏컷이 생각보다 걱정할게 많나보네\n2 : 하지마!\n3 : 그냥 머리는 다 걱정돼\n1 : 키키 지금 머리 관리가 제일 쉬운듯\n2 : 맞어 은근히 그냥 긴생머리가 관리하기 젤 편할지도?\n3 : 긴생머리 그녀 눈감으면 생각나네\n1 : 키키 그냥 이렇게 지내는걸로 키키\n1 : 도전은 다음 기회에\n2 : 앜 키키 맞어\n2 : 불편함을 느끼면서까지 할필요는 없지\n2 : 다음에는 진짜 해보자! 키키\n3 : 다음 기회에 계속됩니다 빠바밤",
        "lines": [
          {
            "id": 1,
            "text": "1 : 나 숏컷 한번 해볼까?",
            "norm_text": "나 숏컷 한번 해볼까?",
            "speaker": {
              "id": "1번",
              "sex": "여성",
              "age": "20대"
            },
            "speechAct": "(지시) 질문하기",
            "morpheme": "나/NP+숏/NNG+컷/NNG+한/MM+번/NNBC+해/VV+EC+볼까/VX+EF"
          },
          {
            "id": 2,
            "text": "2 : 오 숏컷!",
            "norm_text": "오 숏컷!",
            "speaker": {
              "id": "2번",
              "sex": "남성",
              "age": "20대"
            },
            "speechAct": "(단언) 주장하기",
            "morpheme": "오/NR+숏/NNG+컷/NNG"
          },
          {
            "id": 3,
            "text": "2 : 처음엔 어색해도 있다보면 익숙해져서 괜찮을수도)",
            "norm_text": "처음엔 어색해도 있다보면 익숙해져서 괜찮을수도)",
            "speaker": {
              "id": "2번",
              "sex": "남성",
              "age": "20대"
            },
            "speechAct": "(단언) 진술하기",
            "morpheme": "처음/NNG+엔/JKB+JX+어색/XR+해도/XSA+EC+있/VX+다/EC+보/VX+면/EC+익숙/XR+해져서/XSA+EC+VX+EC+괜찮/VA+을/ETM+수도/NNG"
          },
          {
            "id": 4,
            "text": "3 : 숏컷 관리하기 어렵다는데 괜찮아?",
            "norm_text": "숏컷 관리하기 어렵다는데 괜찮아?",
            "speaker": {
              "id": "3번",
              "sex": "남성",
              "age": "20대"
            },
            "speechAct": "(지시) 질문하기",
            "morpheme": "숏/NNG+컷/NNG+관리/NNG+하/XSV+기/ETN+어렵/VA+다는/ETM+데/NNB+괜찮/VA+아/EF"
          },
          {
            "id": 5,
            "text": "1 : 그래서 그게 좀 걸려 키키",
            "norm_text": "그래서 그게 좀 걸려 키키",
            "speaker": {
              "id": "1번",
              "sex": "여성",
              "age": "20대"
            },
            "speechAct": "(단언) 진술하기",
            "morpheme": "그래서/MAJ+그게/NP+JKS+좀/MAG+걸려/VV+EC+키/NNG+키/XSV+ETN"
          },
          {
            "id": 6,
            "text": "2 : 숏컷인데 관리가 왜 어려워?",
            "norm_text": "숏컷인데 관리가 왜 어려워?",
            "speaker": {
              "id": "2번",
              "sex": "남성",
              "age": "20대"
            },
            "speechAct": "(지시) 질문하기",
            "morpheme": "숏/NNG+컷/NNG+인데/VCP+EC+관리/NNG+가/JKS+왜/MAG+어려워/VA+EF"
          },
          {
            "id": 7,
            "text": "3 : 좀만 길어도 거지존이 생겨서",
            "norm_text": "좀만 길어도 거지존이 생겨서",
            "speaker": {
              "id": "3번",
              "sex": "남성",
              "age": "20대"
            },
            "speechAct": "(단언) 진술하기",
            "morpheme": "좀/MAG+만/JX+길/VA+어도/EC+거지/NNG+존/NNP+이/JKS+생겨서/VV+EC"
          },
          {
            "id": 8,
            "text": "1 : 맞아 그리고 층 나있으니깐 좀 어렵다더라고",
            "norm_text": "맞아 그리고 층 나있으니깐 좀 어렵다더라고",
            "speaker": {
              "id": "1번",
              "sex": "여성",
              "age": "20대"
            },
            "speechAct": "(단언) 진술하기",
            "morpheme": "맞아/IC+그리고/MAJ+층/NNG+나/VV+EC+있/VX+으니깐/EC+좀/MAG+어렵/VA+다더라고/EC"
          },
          {
            "id": 9,
            "text": "2 : 아 그렇구나 처음알았네...",
            "norm_text": "아 그렇구나 처음알았네...",
            "speaker": {
              "id": "2번",
              "sex": "남성",
              "age": "20대"
            },
            "speechAct": "(단언) 진술하기",
            "morpheme": "아/IC+그렇/VA+구나/EF+처음/MAG+알/VV+았/EP+네/EF+./SY"
          },
          {
            "id": 10,
            "text": "2 : 그래도 머리는 자주 감을 수 있겠다! 키키",
            "norm_text": "그래도 머리는 자주 감을 수 있겠다! 키키",
            "speaker": {
              "id": "2번",
              "sex": "남성",
              "age": "20대"
            },
            "speechAct": "(단언) 주장하기",
            "morpheme": "그래도/MAJ+머리/NNG+는/JX+자주/MAG+감/VV+을/ETM+수/NNB+있/VV+겠/EP+다/EF+키/NNG+키/XSV+ETN"
          },
          {
            "id": 11,
            "text": "3 : 머리 감기에는 편하지 숏컷이",
            "norm_text": "머리 감기에는 편하지 숏컷이",
            "speaker": {
              "id": "3번",
              "sex": "남성",
              "age": "20대"
            },
            "speechAct": "(단언) 진술하기",
            "morpheme": "머리/NNG+감기/NNG+에/JKB+는/JX+편하/VA+지/EC+숏/NNG+컷/NNG+이/JKS"
          },
          {
            "id": 12,
            "text": "1 : 말릴 때까지는 편한데 드라이가 문제야",
            "norm_text": "말릴 때까지는 편한데 드라이가 문제야",
            "speaker": {
              "id": "1번",
              "sex": "여성",
              "age": "20대"
            },
            "speechAct": "(단언) 진술하기",
            "morpheme": "말릴/VV+ETM+때/NNG+까지/JX+는/JX+편한데/VA+EC+드라이/NNG+가/JKS+문제/NNG+야/VCP+EF"
          },
          {
            "id": 13,
            "text": "2 : 숏컷이 생각보다 걱정할게 많나보네",
            "norm_text": "숏컷이 생각보다 걱정할게 많나보네",
            "speaker": {
              "id": "2번",
              "sex": "남성",
              "age": "20대"
            },
            "speechAct": "(언약) 약속하기(제3자와)/(개인적 수준)",
            "morpheme": "숏/NNG+컷/NNG+이/JKS+생각/NNG+보다/JKB+걱정/NNG+할/XSV+ETM+게/NNB+JKS+많/VA+나/EC+보/VX+네/EC"
          },
          {
            "id": 14,
            "text": "2 : 하지마!",
            "norm_text": "하지마!",
            "speaker": {
              "id": "2번",
              "sex": "남성",
              "age": "20대"
            },
            "speechAct": "(지시) 명령/요구하기",
            "morpheme": "하/VV+지/EC+마/VX+EF"
          },
          {
            "id": 15,
            "text": "3 : 그냥 머리는 다 걱정돼",
            "norm_text": "그냥 머리는 다 걱정돼",
            "speaker": {
              "id": "3번",
              "sex": "남성",
              "age": "20대"
            },
            "speechAct": "(단언) 진술하기",
            "morpheme": "그냥/MAG+머리/NNG+는/JX+다/MAG+걱정/NNG+돼/XSV+EC"
          },
          {
            "id": 16,
            "text": "1 : 키키 지금 머리 관리가 제일 쉬운듯",
            "norm_text": "키키 지금 머리 관리가 제일 쉬운듯",
            "speaker": {
              "id": "1번",
              "sex": "여성",
              "age": "20대"
            },
            "speechAct": "(단언) 진술하기",
            "morpheme": "키/NNG+키/NNG+지금/MAG+머리/NNG+관리/NNG+가/JKS+제일/MAG+쉬운/VA+ETM+듯/NNB"
          },
          {
            "id": 17,
            "text": "2 : 맞어 은근히 그냥 긴생머리가 관리하기 젤 편할지도?",
            "norm_text": "맞어 은근히 그냥 긴생머리가 관리하기 젤 편할지도?",
            "speaker": {
              "id": "2번",
              "sex": "남성",
              "age": "20대"
            },
            "speechAct": "(지시) 질문하기",
            "morpheme": "맞/VV+어/EC+은근히/MAG+그냥/MAG+긴/VA+ETM+생/XPN+머리/NNG+가/JKS+관리/NNG+하/XSV+기/ETN+젤/MAG+편할/VA+ETM+지도/NNG"
          },
          {
            "id": 18,
            "text": "3 : 긴생머리 그녀 눈감으면 생각나네",
            "norm_text": "긴생머리 그녀 눈감으면 생각나네",
            "speaker": {
              "id": "3번",
              "sex": "남성",
              "age": "20대"
            },
            "speechAct": "(단언) 진술하기",
            "morpheme": "긴/VA+ETM+생/XPN+머리/NNG+그녀/NP+눈감/VV+으면/EC+생각/NNG+나/NP+네/XSN"
          },
          {
            "id": 19,
            "text": "1 : 키키 그냥 이렇게 지내는걸로 키키",
            "norm_text": "키키 그냥 이렇게 지내는걸로 키키",
            "speaker": {
              "id": "1번",
              "sex": "여성",
              "age": "20대"
            },
            "speechAct": "(단언) 주장하기",
            "morpheme": "키/NNG+키/NNG+그냥/MAG+이렇게/MAG+지내/VV+는/ETM+걸로/NNB+JKB+키/NNG+키/XSV+ETN"
          },
          {
            "id": 20,
            "text": "1 : 도전은 다음 기회에",
            "norm_text": "도전은 다음 기회에",
            "speaker": {
              "id": "1번",
              "sex": "여성",
              "age": "20대"
            },
            "speechAct": "(단언) 주장하기",
            "morpheme": "도전/NNG+은/JX+다음/NNG+기회/NNG+에/JKB"
          },
          {
            "id": 21,
            "text": "2 : 앜 키키 맞어",
            "norm_text": "앜 키키 맞어",
            "speaker": {
              "id": "2번",
              "sex": "남성",
              "age": "20대"
            },
            "speechAct": "(단언) 주장하기",
            "morpheme": "앜키키맞어/UNKNOWN"
          },
          {
            "id": 22,
            "text": "2 : 불편함을 느끼면서까지 할필요는 없지",
            "norm_text": "불편함을 느끼면서까지 할필요는 없지",
            "speaker": {
              "id": "2번",
              "sex": "남성",
              "age": "20대"
            },
            "speechAct": "(단언) 주장하기",
            "morpheme": "불편/NNG+함/XSV+ETN+을/JKO+느끼/VV+면서/EC+까지/JX+할/VV+ETM+필요/NNG+는/JX+없/VA+지/EC"
          },
          {
            "id": 23,
            "text": "2 : 다음에는 진짜 해보자! 키키",
            "norm_text": "다음에는 진짜 해보자! 키키",
            "speaker": {
              "id": "2번",
              "sex": "남성",
              "age": "20대"
            },
            "speechAct": "(지시) 충고/제안하기",
            "morpheme": "다음/NNG+에/JKB+는/JX+진짜/MAG+해/VV+EC+보/VX+자/EF+키/NNG+키/XSV+ETN"
          },
          {
            "id": 24,
            "text": "3 : 다음 기회에 계속됩니다 빠바밤",
            "norm_text": "다음 기회에 계속됩니다 빠바밤",
            "speaker": {
              "id": "3번",
              "sex": "남성",
              "age": "20대"
            },
            "speechAct": "(단언) 진술하기",
            "morpheme": "다음/NNG+기회/NNG+에/JKB+계속/MAG+됩니다/VV+EF+빠바/UNKNOWN+밤/NNG"
          }
        ]
      }
    }
  ]
}