{
  "dataset": {
    "identifier": 68176,
    "name": "BAND_36_09_set",
    "src_path": "/data/file/cubeManager/PROJECT001/53/txt20211006142823067976/BAND_36_09_set/",
    "label_path": "/data/file/cubeManager/PROJECT001/53/txt20211006142823067976/BAND_36_09_set/",
    "category": 2,
    "type": 0
  },
  "licenses": {
    "name": "Apache License 1.0",
    "url": "http://www.apache.org/licenses/LICENSE-1.0"
  },
  "info": [
    {
      "id": 45661,
      "filename": "BAND_36_09.txt",
      "title": "BAND_36_09",
      "mediatype": "SNS",
      "medianame": "네이버밴드",
      "category": "일상대화",
      "date": "2021-10-06",
      "size": 1406,
      "annotations": {
        "subject": "반려동물",
        "speaker_type": "다자간 대화",
        "size": 1406,
        "word_size": 411,
        "text": "1 : 집에서 물고기 키워 본 적 있어?\n2 : 노노 어렸을 때는 집에 어항 있었던 거 같은데~ 커서는 집에 없었어\n2 : 물고기 키워봤어?\n3 : 어렸을 때는 키웠다고 부모님께서 말씀해주셨는데... 난 기억이 없다 키키 뭔가 사러 갔던 거는 기억이 하나 있는데 키키\n1 : 키키 나도 어렸을 때만 키웠었어! 열대어랑 금붕어랑 키웠던 거 같은데\n2 : 어항 관리 진짜 잘해야 되는데~ 못하면 냄새나고 그러더라\n3 : 맞아 맞아 그 특유의 물 비린내 냄새 키키\n3 : 우리 가족 단골 짬뽕집 사장님이 물고기 완전 좋아하져서 거기에 수족관이 쫙 있는데 정말 관리를 잘하셔서 정말 한번도 냄새 맡아본 적이 없었어!\n1 : 맞아 ㅠㅠ 나 전에 어느 카페 갔는데 엄청 큰 어항에 금붕어 보다 좀 큰? 물고기들이 있는데 막 사람이 움직이면 그쪽으로 따라오고 손 따라오고 이러더라! 신기했어\n2 : 원래 물고기 들은 안 그래?\n2 : 물고기 본 지가 되게 오래다 사실 물고기라는 단어를 말하는 것도 좀 어색해 키키\n3 : 안 따라 오는 물고기가 훨씬 많지 않아? 난 한번도 못 봤어 ㅠㅠ\n1 : 그냥 쪼그만 열대어들은 한 번도 안 그랬던 거 같애!\n1 : 걔네는 진짜 강아지가 쫓아오듯이 따라오던데\n2 : 물고기도 훈련이 되나? 아니면 사람들이 먹을 거 주니까 따라오는 건가?\n3 : 약간 물고기들도 지능이 다른가? 뭔가 교육이 되는 것 같기도...?\n1 : 그런가? 모르겠어 물고기 종마다 뭔가 보이면 잘 따라가고 할 수도 있긴 하징 귀엽더라구\n2 : 외국에선 반려동물로 사자 키우는 사람도 있더라~\n3 : 헐랭 뭔가 무섭당... 애기 때부터 키우면 괜찮겠지?\n1 : 훈련만 잘 되면 괜찮지 않을까?\n1 : 사자 키우는 게 민간인들도 합법적인가 보네 따로 허가를 받는 건가?\n2 : 외국이라서 그건 잘 모르겠어 아마 길 잃은 어린 새끼를 키웠던 걸로 기억하는데 크니까 야생으로 내보내더라~ 근데 신기한 게 1년 지난 다음에 거기 찾아가서 봤는데 알아 보더래 강이지처럼\n3 : 헐 ㅠㅠ 감동이야... 근데 약간 다가올 때 감동 반 걱정 반이긴 했겠다... 야생에서 야생성이 엄청 강해졌을 테니까 공격했을 수도 있잖아\n1 : 그러게 뭔가 강아지 같이 귀엽기도 한데 무서울 거 같기도 해... 혹시 모르는 거니까\n2 : 우리 라이언킹 볼 때 그 어른 심바처럼 다 큰 애들이라서 현지 사람들이 말렸는데 본인은 괜찮다고 하고 촬영 팀도 같이 가고 그랬더라고 뭔가 감동이었어... 안 잡아먹은 게 어디야\n3 : 오호... 자기가 키워서 뭔가 확신이 있었나 보네... 신기해 ㅠㅠ\n3 : 근데 사자 키우다가 사자가 어디를 아프면 어떻게 해야 하나 키키\n1 : 그런 큰 동물들 가는 동물병원이 따로 있을걸? 보통 동물원 옆에 붙어있지만\n2 : 맞아 그런 동물 치료하는 수의사가 따로 있던데~ 멋있어 말 치료하는 의사 봤는데 신기했어\n3 : 막 극한 직업에 나오던 그런 분들 인가 보네 하하",
        "lines": [
          {
            "id": 1,
            "text": "1 : 집에서 물고기 키워 본 적 있어?",
            "norm_text": "집에서 물고기 키워 본 적 있어?",
            "speaker": {
              "id": "1번",
              "sex": "여성",
              "age": "20대"
            },
            "speechAct": "(지시) 질문하기",
            "morpheme": "집/NNG+에서/JKB+물고기/NNG+키워본/VV+EC+VX+ETM+적/NNB+있/VA+어/EF"
          },
          {
            "id": 2,
            "text": "2 : 노노 어렸을 때는 집에 어항 있었던 거 같은데~ 커서는 집에 없었어",
            "norm_text": "노노 어렸을 때는 집에 어항 있었던 거 같은데~ 커서는 집에 없었어",
            "speaker": {
              "id": "2번",
              "sex": "여성",
              "age": "30대"
            },
            "speechAct": "(단언) 진술하기",
            "morpheme": "노노/IC+어렸/VA+EP+을/ETM+때/NNG+는/JX+집/NNG+에/JKB+어항/NNG+있/VV+었/EP+던/ETM+거/NNB+같/VA+은데/EC+~/SY+커서/NNG+는/JX+집/NNG+에/JKB+없/VA+었/EP+어/EC"
          },
          {
            "id": 3,
            "text": "2 : 물고기 키워봤어?",
            "norm_text": "물고기 키워봤어?",
            "speaker": {
              "id": "2번",
              "sex": "여성",
              "age": "30대"
            },
            "speechAct": "(지시) 질문하기",
            "morpheme": "물고기/NNG+키워/VV+EC+봤/VX+EP+어/EF"
          },
          {
            "id": 4,
            "text": "3 : 어렸을 때는 키웠다고 부모님께서 말씀해주셨는데... 난 기억이 없다 키키 뭔가 사러 갔던 거는 기억이 하나 있는데 키키",
            "norm_text": "어렸을 때는 키웠다고 부모님께서 말씀해주셨는데... 난 기억이 없다 키키 뭔가 사러 갔던 거는 기억이 하나 있는데 키키",
            "speaker": {
              "id": "3번",
              "sex": "여성",
              "age": "20대"
            },
            "speechAct": "(단언) 진술하기",
            "morpheme": "어렸/VA+EP+을/ETM+때/NNG+는/JX+키웠/VV+EP+다고/EC+부모/NNG+님/XSN+께서/JKS+말씀/NNG+해/XSV+EC+주/VX+셨/EP+EP+는데/EC+./SY+./SY+난기억이없다키키뭔가사러갔던거는기억이하나있는데키키/UNKNOWN"
          },
          {
            "id": 5,
            "text": "1 : 키키 나도 어렸을 때만 키웠었어! 열대어랑 금붕어랑 키웠던 거 같은데",
            "norm_text": "키키 나도 어렸을 때만 키웠었어! 열대어랑 금붕어랑 키웠던 거 같은데",
            "speaker": {
              "id": "1번",
              "sex": "여성",
              "age": "20대"
            },
            "speechAct": "(단언) 진술하기",
            "morpheme": "키/NNG+키나/XSA+ETN+JX+도/JX+어렸/VA+EP+을/ETM+때/NNG+만/JX+키웠었/VV+EP+어/EF+열대어/NNG+랑/JKB+금붕어/NNG+랑/JKB+키웠/VV+EP+던/ETM+거/NNB+같/VA+은데/EC"
          },
          {
            "id": 6,
            "text": "2 : 어항 관리 진짜 잘해야 되는데~ 못하면 냄새나고 그러더라",
            "norm_text": "어항 관리 진짜 잘해야 되는데~ 못하면 냄새나고 그러더라",
            "speaker": {
              "id": "2번",
              "sex": "여성",
              "age": "30대"
            },
            "speechAct": "(단언) 진술하기",
            "morpheme": "어항/NNG+관리/NNG+진짜/MAG+잘/MAG+해야/VV+EC+되/VV+는데/EC+~/SY+못/MAG+하/VV+면/EC+냄새나/VV+고/EC+그러/VV+더라/EC"
          },
          {
            "id": 7,
            "text": "3 : 맞아 맞아 그 특유의 물 비린내 냄새 키키",
            "norm_text": "맞아 맞아 그 특유의 물 비린내 냄새 키키",
            "speaker": {
              "id": "3번",
              "sex": "여성",
              "age": "20대"
            },
            "speechAct": "(단언) 주장하기",
            "morpheme": "맞/VV+아/EC+맞/VV+아/EC+그/MM+특유/NNG+의/JKG+물비린내/NNG+냄새/NNG+키/NNG+키/XSV+ETN"
          },
          {
            "id": 8,
            "text": "3 : 우리 가족 단골 짬뽕집 사장님이 물고기 완전 좋아하져서 거기에 수족관이 쫙 있는데 정말 관리를 잘하셔서 정말 한번도 냄새 맡아본 적이 없었어!",
            "norm_text": "우리 가족 단골 짬뽕집 사장님이 물고기 완전 좋아하져서 거기에 수족관이 쫙 있는데 정말 관리를 잘하셔서 정말 한번도 냄새 맡아본 적이 없었어!",
            "speaker": {
              "id": "3번",
              "sex": "여성",
              "age": "20대"
            },
            "speechAct": "(단언) 진술하기",
            "morpheme": "우리/NP+가족/NNG+단골/NNG+짬뽕/NNG+집/NNG+사장/NNG+님/XSN+이/JKS+물고기/NNG+완전/NNG+좋/VA+아하/EC+져서/VX+EC+거기/NP+에/JKB+수족관/NNG+이/JKS+쫙/MAG+있/VV+는데/EC+정말/MAG+관리/NNG+를/JKO+잘/MAG+하/VV+셔서/EP+EC+정말/MAG+한/MM+번/NNBC+도/JX+냄새/NNG+맡아본/VV+ETM+적/NNB+이/JKS+없/VA+었/EP+어/EF"
          },
          {
            "id": 9,
            "text": "1 : 맞아 ㅠㅠ 나 전에 어느 카페 갔는데 엄청 큰 어항에 금붕어 보다 좀 큰? 물고기들이 있는데 막 사람이 움직이면 그쪽으로 따라오고 손 따라오고 이러더라! 신기했어",
            "norm_text": "맞아 ㅠㅠ 나 전에 어느 카페 갔는데 엄청 큰 어항에 금붕어 보다 좀 큰? 물고기들이 있는데 막 사람이 움직이면 그쪽으로 따라오고 손 따라오고 이러더라! 신기했어",
            "speaker": {
              "id": "1번",
              "sex": "여성",
              "age": "20대"
            },
            "speechAct": "(단언) 진술하기",
            "morpheme": "맞아ㅠㅠ나전에어느카페갔는데엄청큰어항에금붕어보다좀큰/UNKNOWN+물고기/NNG+들/XSN+이/JKS+있/VV+는데/EC+막/NNG+사람/NNG+이/JKS+움직이/VV+면/EC+그쪽/NP+으로/JKB+따라오/VV+고/EC+손/NNG+따라오/VV+고/EC+이러/VV+더라/EF+신기/XR+했/XSA+EP+어/EC"
          },
          {
            "id": 10,
            "text": "2 : 원래 물고기 들은 안 그래?",
            "norm_text": "원래 물고기 들은 안 그래?",
            "speaker": {
              "id": "2번",
              "sex": "여성",
              "age": "30대"
            },
            "speechAct": "(지시) 질문하기",
            "morpheme": "원래/MAG+물고기/NNG+들/XSN+은/JX+안/MAG+그래/VV+EF"
          },
          {
            "id": 11,
            "text": "2 : 물고기 본 지가 되게 오래다 사실 물고기라는 단어를 말하는 것도 좀 어색해 키키",
            "norm_text": "물고기 본 지가 되게 오래다 사실 물고기라는 단어를 말하는 것도 좀 어색해 키키",
            "speaker": {
              "id": "2번",
              "sex": "여성",
              "age": "30대"
            },
            "speechAct": "(단언) 주장하기",
            "morpheme": "물고기/NNG+본지/NNG+가/JKS+되게/MAG+오래/MAG+다/MAG+사실/MAG+물고기/NNG+라는/VCP+ETM+단어/NNG+를/JKO+말/NNG+하/XSV+는/ETM+것/NNB+도/JX+좀/MAG+어색/XR+해/XSA+EC+키/NNG+키/XSV+ETN"
          },
          {
            "id": 12,
            "text": "3 : 안 따라 오는 물고기가 훨씬 많지 않아? 난 한번도 못 봤어 ㅠㅠ",
            "norm_text": "안 따라 오는 물고기가 훨씬 많지 않아? 난 한번도 못 봤어 ㅠㅠ",
            "speaker": {
              "id": "3번",
              "sex": "여성",
              "age": "20대"
            },
            "speechAct": "(지시) 질문하기",
            "morpheme": "안/MAG+따라오/VV+는/ETM+물고기/NNG+가/JKS+훨씬/MAG+많/VA+지/EC+않/VX+아/EF+난/NP+JX+한/MM+번/NNBC+도/JX+못/MAG+봤/VV+EP+어/EF+ㅠㅠ/UNKNOWN"
          },
          {
            "id": 13,
            "text": "1 : 그냥 쪼그만 열대어들은 한 번도 안 그랬던 거 같애!",
            "norm_text": "그냥 쪼그만 열대어들은 한 번도 안 그랬던 거 같애!",
            "speaker": {
              "id": "1번",
              "sex": "여성",
              "age": "20대"
            },
            "speechAct": "(단언) 주장하기",
            "morpheme": "그냥/MAG+쪼그만/VA+ETM+열대어/NNG+들/XSN+은/JX+한/MM+번/NNBC+도/JX+안/MAG+그랬/VV+EP+던/ETM+거/NNB+같/VA+애/EF"
          },
          {
            "id": 14,
            "text": "1 : 걔네는 진짜 강아지가 쫓아오듯이 따라오던데",
            "norm_text": "걔네는 진짜 강아지가 쫓아오듯이 따라오던데",
            "speaker": {
              "id": "1번",
              "sex": "여성",
              "age": "20대"
            },
            "speechAct": "(단언) 진술하기",
            "morpheme": "걔/NP+네/XSN+는/JX+진짜/MAG+강아지/NNG+가/JKS+쫓아오/VV+듯이/EC+따라오/VV+던데/EC"
          },
          {
            "id": 15,
            "text": "2 : 물고기도 훈련이 되나? 아니면 사람들이 먹을 거 주니까 따라오는 건가?",
            "norm_text": "물고기도 훈련이 되나? 아니면 사람들이 먹을 거 주니까 따라오는 건가?",
            "speaker": {
              "id": "2번",
              "sex": "여성",
              "age": "30대"
            },
            "speechAct": "(지시) 질문하기",
            "morpheme": "물고기/NNG+도/JX+훈련/NNG+이/JKS+되/VV+나/EF+아니면/MAJ+사람/NNG+들/XSN+이/JKS+먹/VV+을/ETM+거/NNB+주/VV+니까/EC+따라오/VV+는/ETM+건가/NNB+VCP+EF"
          },
          {
            "id": 16,
            "text": "3 : 약간 물고기들도 지능이 다른가? 뭔가 교육이 되는 것 같기도...?",
            "norm_text": "약간 물고기들도 지능이 다른가? 뭔가 교육이 되는 것 같기도...?",
            "speaker": {
              "id": "3번",
              "sex": "여성",
              "age": "20대"
            },
            "speechAct": "(단언) 주장하기",
            "morpheme": "약간/MAG+물고기/NNG+들/XSN+도/JX+지능/NNG+이/JKS+다른가/VA+EF+뭔가/NP+VCP+EC+교육/NNG+이/JKS+되/VV+는/ETM+것/NNB+같/VA+기/ETN+도/JX+./SY+./SY"
          },
          {
            "id": 17,
            "text": "1 : 그런가? 모르겠어 물고기 종마다 뭔가 보이면 잘 따라가고 할 수도 있긴 하징 귀엽더라구",
            "norm_text": "그런가? 모르겠어 물고기 종마다 뭔가 보이면 잘 따라가고 할 수도 있긴 하징 귀엽더라구",
            "speaker": {
              "id": "1번",
              "sex": "여성",
              "age": "20대"
            },
            "speechAct": "(단언) 주장하기",
            "morpheme": "그런가/VA+EF+모르/VV+겠/EP+어/EC+물/VV+고/EC+기종/NNG+마다/JX+뭔가/NP+VCP+EC+보이/VV+면/EC+잘/MAG+따라가/VV+고/EC+할/VX+ETM+수/NNB+도/JX+있/VX+긴/ETN+JX+하/VX+징/EF+귀엽/VA+더라구/EC"
          },
          {
            "id": 18,
            "text": "2 : 외국에선 반려동물로 사자 키우는 사람도 있더라~",
            "norm_text": "외국에선 반려동물로 사자 키우는 사람도 있더라~",
            "speaker": {
              "id": "2번",
              "sex": "여성",
              "age": "30대"
            },
            "speechAct": "(단언) 진술하기",
            "morpheme": "외국/NNG+에선/JKB+JX+반려/NNG+동물/NNG+로/JKB+사자/NNG+키우/VV+는/ETM+사람/NNG+도/JX+있/VA+더라/EC+~/SY"
          },
          {
            "id": 19,
            "text": "3 : 헐랭 뭔가 무섭당... 애기 때부터 키우면 괜찮겠지?",
            "norm_text": "헐랭 뭔가 무섭당... 애기 때부터 키우면 괜찮겠지?",
            "speaker": {
              "id": "3번",
              "sex": "여성",
              "age": "20대"
            },
            "speechAct": "(지시) 질문하기",
            "morpheme": "헐랭/NNP+뭔가/NP+VCP+EC+무섭/VA+당/EF+./SY+애기/NNG+때/NNG+부터/JX+키우/VV+면/EC+괜찮/VA+겠/EP+지/EF"
          },
          {
            "id": 20,
            "text": "1 : 훈련만 잘 되면 괜찮지 않을까?",
            "norm_text": "훈련만 잘 되면 괜찮지 않을까?",
            "speaker": {
              "id": "1번",
              "sex": "여성",
              "age": "20대"
            },
            "speechAct": "(지시) 질문하기",
            "morpheme": "훈련/NNG+만/JX+잘/MAG+되/VV+면/EC+괜찮/VA+지/EC+않/VX+을까/EF"
          },
          {
            "id": 21,
            "text": "1 : 사자 키우는 게 민간인들도 합법적인가 보네 따로 허가를 받는 건가?",
            "norm_text": "사자 키우는 게 민간인들도 합법적인가 보네 따로 허가를 받는 건가?",
            "speaker": {
              "id": "1번",
              "sex": "여성",
              "age": "20대"
            },
            "speechAct": "(지시) 질문하기",
            "morpheme": "사자/NNG+키우/VV+는/ETM+게/NNB+JKS+민간인/NNG+들/XSN+도/JX+합법/NNG+적/XSN+인가/VCP+EC+보/VX+네/EF+따로/MAG+허가/NNG+를/JKO+받/VV+는/ETM+건가/NNB+VCP+EF"
          },
          {
            "id": 22,
            "text": "2 : 외국이라서 그건 잘 모르겠어 아마 길 잃은 어린 새끼를 키웠던 걸로 기억하는데 크니까 야생으로 내보내더라~ 근데 신기한 게 1년 지난 다음에 거기 찾아가서 봤는데 알아 보더래 강이지처럼",
            "norm_text": "외국이라서 그건 잘 모르겠어 아마 길 잃은 어린 새끼를 키웠던 걸로 기억하는데 크니까 야생으로 내보내더라~ 근데 신기한 게 1년 지난 다음에 거기 찾아가서 봤는데 알아 보더래 강이지처럼",
            "speaker": {
              "id": "2번",
              "sex": "여성",
              "age": "30대"
            },
            "speechAct": "(단언) 진술하기",
            "morpheme": "외국이라서그건잘모르겠어아마길잃은어린새끼를키웠던걸로기억하는데크니까야생으로내보내더라/UNKNOWN+~/SY+근데/MAJ+신기/XR+한/XSA+ETM+게/NNB+JKS+1/SN+년/NNBC+지난/VV+ETM+다음/NNG+에/JKB+거기/NP+찾아가/VV+서/EC+봤/VX+EP+는데/EC+알아보/VV+더래/EF+강/NNG+이/VCP+지/EF+처럼/JKB"
          },
          {
            "id": 23,
            "text": "3 : 헐 ㅠㅠ 감동이야... 근데 약간 다가올 때 감동 반 걱정 반이긴 했겠다... 야생에서 야생성이 엄청 강해졌을 테니까 공격했을 수도 있잖아",
            "norm_text": "헐 ㅠㅠ 감동이야... 근데 약간 다가올 때 감동 반 걱정 반이긴 했겠다... 야생에서 야생성이 엄청 강해졌을 테니까 공격했을 수도 있잖아",
            "speaker": {
              "id": "3번",
              "sex": "여성",
              "age": "20대"
            },
            "speechAct": "(단언) 주장하기",
            "morpheme": "헐/VV+JKO+ㅠㅠ/UNKNOWN+감동/NNG+이/VCP+야/EF+./SY+근데/MAJ+약간/MAG+다가올/VV+ETM+때/NNG+감동/NNG+반/NNG+걱정/NNG+반/NNG+이/VCP+긴/ETN+JX+했/VX+EP+겠/EP+다/EF+./SY+야생/NNG+에서/JKB+야생/NNG+성/XSN+이/JKS+엄청/MAG+강해졌/VA+EC+VX+EP+을/ETM+테/NNB+VCP+니까/EC+공격/NNG+했/XSV+EP+을/ETM+수/NNB+도/JX+있/VA+잖아/EC"
          },
          {
            "id": 24,
            "text": "1 : 그러게 뭔가 강아지 같이 귀엽기도 한데 무서울 거 같기도 해... 혹시 모르는 거니까",
            "norm_text": "그러게 뭔가 강아지 같이 귀엽기도 한데 무서울 거 같기도 해... 혹시 모르는 거니까",
            "speaker": {
              "id": "1번",
              "sex": "여성",
              "age": "20대"
            },
            "speechAct": "(단언) 주장하기",
            "morpheme": "그러게/IC+뭔가/NP+VCP+EC+강아지/NNG+같이/JKB+귀엽/VA+기/ETN+도/JX+한데/VX+EC+무서울/VA+ETM+거/NNB+같/VA+기/ETN+도/JX+해/VV+EF+./SY+혹시/MAG+모르/VV+는/ETM+거/NNB+니까/VCP+EC"
          },
          {
            "id": 25,
            "text": "2 : 우리 라이언킹 볼 때 그 어른 심바처럼 다 큰 애들이라서 현지 사람들이 말렸는데 본인은 괜찮다고 하고 촬영 팀도 같이 가고 그랬더라고 뭔가 감동이었어... 안 잡아먹은 게 어디야",
            "norm_text": "우리 라이언킹 볼 때 그 어른 심바처럼 다 큰 애들이라서 현지 사람들이 말렸는데 본인은 괜찮다고 하고 촬영 팀도 같이 가고 그랬더라고 뭔가 감동이었어... 안 잡아먹은 게 어디야",
            "speaker": {
              "id": "2번",
              "sex": "여성",
              "age": "30대"
            },
            "speechAct": "(단언) 진술하기",
            "morpheme": "우리라이언킹볼때그어른심바처럼다큰애들이라서현지사람들이말렸는데본인은괜찮다고하고촬영팀도같이가고그랬더라고뭔가감동이었어/UNKNOWN+./SY+안/MAG+잡아먹/VV+은/ETM+게/NNB+JKS+어디/NP+야/VCP+EF"
          },
          {
            "id": 26,
            "text": "3 : 오호... 자기가 키워서 뭔가 확신이 있었나 보네... 신기해 ㅠㅠ",
            "norm_text": "오호... 자기가 키워서 뭔가 확신이 있었나 보네... 신기해 ㅠㅠ",
            "speaker": {
              "id": "3번",
              "sex": "여성",
              "age": "20대"
            },
            "speechAct": "(단언) 주장하기",
            "morpheme": "오호/IC+./SY+자기/NP+가/JKS+키워서/VV+EC+뭔가/NP+VCP+EC+확신/NNG+이/JKS+있/VA+었/EP+나/EC+보/VX+네/EF+./SY+신기해ㅠㅠ/UNKNOWN"
          },
          {
            "id": 27,
            "text": "3 : 근데 사자 키우다가 사자가 어디를 아프면 어떻게 해야 하나 키키",
            "norm_text": "근데 사자 키우다가 사자가 어디를 아프면 어떻게 해야 하나 키키",
            "speaker": {
              "id": "3번",
              "sex": "여성",
              "age": "20대"
            },
            "speechAct": "(단언) 주장하기",
            "morpheme": "근데/MAJ+사자/NNG+키우/VV+다가/EC+사자/NNG+가/JKS+어디/NP+를/JKO+아프/VA+면/EC+어떻게/MAG+해야/VV+EC+하나/NR+키/NNG+키/XSV+ETN"
          },
          {
            "id": 28,
            "text": "1 : 그런 큰 동물들 가는 동물병원이 따로 있을걸? 보통 동물원 옆에 붙어있지만",
            "norm_text": "그런 큰 동물들 가는 동물병원이 따로 있을걸? 보통 동물원 옆에 붙어있지만",
            "speaker": {
              "id": "1번",
              "sex": "여성",
              "age": "20대"
            },
            "speechAct": "(단언) 주장하기",
            "morpheme": "그런/MM+큰/VA+ETM+동물/NNG+들/XSN+가/VV+는/ETM+동물/NNG+병원/NNG+이/JKS+따로/MAG+있/VV+을걸/EF+보통/NNG+동물원/NNG+옆/NNG+에/JKB+붙/VV+어/EC+있/VX+지만/EC"
          },
          {
            "id": 29,
            "text": "2 : 맞아 그런 동물 치료하는 수의사가 따로 있던데~ 멋있어 말 치료하는 의사 봤는데 신기했어",
            "norm_text": "맞아 그런 동물 치료하는 수의사가 따로 있던데~ 멋있어 말 치료하는 의사 봤는데 신기했어",
            "speaker": {
              "id": "2번",
              "sex": "여성",
              "age": "30대"
            },
            "speechAct": "(단언) 주장하기",
            "morpheme": "맞/VV+아/EC+그런/MM+동물/NNG+치료/NNG+하/XSV+는/ETM+수의사/NNG+가/JKS+따로/MAG+있/VV+던데/EC+~/SY+멋있/VA+어/EC+말/NNG+치료/NNG+하/XSV+는/ETM+의사/NNG+봤/VV+EP+는데/EC+신기/XR+했/XSA+EP+어/EC"
          },
          {
            "id": 30,
            "text": "3 : 막 극한 직업에 나오던 그런 분들 인가 보네 하하",
            "norm_text": "막 극한 직업에 나오던 그런 분들 인가 보네 하하",
            "speaker": {
              "id": "3번",
              "sex": "여성",
              "age": "20대"
            },
            "speechAct": "(단언) 주장하기",
            "morpheme": "막/MAJ+극한/VV+ETM+직업/NNG+에/JKB+나오/VV+던/ETM+그런/MM+분/NNB+들/XSN+인가/VCP+EC+보/VX+네/EF+하하/MAG"
          }
        ]
      }
    }
  ]
}