{
  "dataset": {
    "identifier": 18581,
    "name": "BAND_24_14_set",
    "src_path": "/data/file/cubeManager/PROJECT001/49/txt20210915121726077651/BAND_24_14_set/",
    "label_path": "/data/file/cubeManager/PROJECT001/49/txt20210915121726077651/BAND_24_14_set/",
    "category": 2,
    "type": 0
  },
  "licenses": {
    "name": "Apache License 1.0",
    "url": "http://www.apache.org/licenses/LICENSE-1.0"
  },
  "info": [
    {
      "id": 26054,
      "filename": "BAND_24_14.txt",
      "title": "BAND_24_14",
      "mediatype": "SNS",
      "medianame": "네이버밴드",
      "category": "일상대화",
      "date": "2021-09-15",
      "size": 407,
      "annotations": {
        "subject": "사회이슈",
        "speaker_type": "1:1",
        "size": 407,
        "word_size": 130,
        "text": "1 : 너 오뚜기 회사 알지?\n2 : 그럼 알지 너 고추냉이 사건 알아?\n1 : 어? 나는 다른 얘기인데 무슨 사건이야?\n2 : 어 원재료 표기 위반했다고 기사 떴잖아~\n1 : 아 그 고추냉이 겨자물로 썼다고?\n2 : 어 맞아 갓뚜기가 왜 그랬지?\n1 : 근데 그게 그렇게 논란이 될만한 거리인가?\n2 : 어 뭐 남들은 허위라고 하면 기사 다 내니까\n1 : 고추냉이나 겨자물이나 거기서 거기 아니야?\n2 : 아 겨자물이 아니라 겨자무야~\n1 : 내가 기사를 잘못 봤나? 겨자무는 또 뭐야?\n2 : 겨자무가 고추냉이보다 약 5배가 저렴한 거래\n1 : 그렇구나 근데 맛은 똑같대?\n2 : 그러니까 우리가 모르지 않았을까 싶은데:\n1 : 그게 몸에 더 안 좋은 거라고 했나?\n2 : 몸에 해하는 거는 아닌 거 같애\n2 : 그냥 원재료를 표기 위반했다고 하는 거지",
        "lines": [
          {
            "id": 1,
            "text": "1 : 너 오뚜기 회사 알지?",
            "norm_text": "너 오뚜기 회사 알지?",
            "speaker": {
              "id": "1번",
              "sex": "여성",
              "age": "20대"
            },
            "speechAct": "(지시) 질문하기",
            "morpheme": "너/NP+오뚜기/NNG+회사/NNG+알/VV+지/EF"
          },
          {
            "id": 2,
            "text": "2 : 그럼 알지 너 고추냉이 사건 알아?",
            "norm_text": "그럼 알지 너 고추냉이 사건 알아?",
            "speaker": {
              "id": "2번",
              "sex": "여성",
              "age": "20대"
            },
            "speechAct": "(지시) 질문하기",
            "morpheme": "그럼/MAJ+알/VV+지/EC+너/NP+고추냉이/NNG+사건/NNG+알/VV+아/EF"
          },
          {
            "id": 3,
            "text": "1 : 어? 나는 다른 얘기인데 무슨 사건이야?",
            "norm_text": "어? 나는 다른 얘기인데 무슨 사건이야?",
            "speaker": {
              "id": "1번",
              "sex": "여성",
              "age": "20대"
            },
            "speechAct": "(지시) 질문하기",
            "morpheme": "어/IC+나/NP+는/JX+다른/MM+얘기/NNG+인데/VCP+EC+무슨/MM+사건/NNG+이/VCP+야/EF"
          },
          {
            "id": 4,
            "text": "2 : 어 원재료 표기 위반했다고 기사 떴잖아~",
            "norm_text": "어 원재료 표기 위반했다고 기사 떴잖아~",
            "speaker": {
              "id": "2번",
              "sex": "여성",
              "age": "20대"
            },
            "speechAct": "(단언) 진술하기",
            "morpheme": "어/IC+원재료/NNG+표기/NNG+위반/NNG+했/XSV+EP+다고/EC+기사/NNG+떴/VV+EP+잖아/EC+~/SY"
          },
          {
            "id": 5,
            "text": "1 : 아 그 고추냉이 겨자물로 썼다고?",
            "norm_text": "아 그 고추냉이 겨자물로 썼다고?",
            "speaker": {
              "id": "1번",
              "sex": "여성",
              "age": "20대"
            },
            "speechAct": "(단언) 진술하기",
            "morpheme": "아/IC+그/MM+고추냉이/NNG+겨자/NNG+물/NNG+로/JKB+썼/VV+EP+다고/EF"
          },
          {
            "id": 6,
            "text": "2 : 어 맞아 갓뚜기가 왜 그랬지?",
            "norm_text": "어 맞아 갓뚜기가 왜 그랬지?",
            "speaker": {
              "id": "2번",
              "sex": "여성",
              "age": "20대"
            },
            "speechAct": "(단언) 주장하기",
            "morpheme": "어/IC+맞아/IC+갓/MAG+뚜기/NNG+가/JKS+왜/MAG+그랬/VV+EP+지/EF"
          },
          {
            "id": 7,
            "text": "1 : 근데 그게 그렇게 논란이 될만한 거리인가?",
            "norm_text": "근데 그게 그렇게 논란이 될만한 거리인가?",
            "speaker": {
              "id": "1번",
              "sex": "여성",
              "age": "20대"
            },
            "speechAct": "(지시) 질문하기",
            "morpheme": "근데/MAJ+그게/NP+JKS+그렇게/MAG+논란/NNG+이/JKS+될/VV+ETM+만/NNB+한/XSA+ETM+거리/NNG+인가/VCP+EF"
          },
          {
            "id": 8,
            "text": "2 : 어 뭐 남들은 허위라고 하면 기사 다 내니까",
            "norm_text": "어 뭐 남들은 허위라고 하면 기사 다 내니까",
            "speaker": {
              "id": "2번",
              "sex": "여성",
              "age": "20대"
            },
            "speechAct": "(단언) 주장하기",
            "morpheme": "어/IC+뭐/IC+남/NNG+들/XSN+은/JX+허위/NNG+라고/VCP+EC+하/VV+면/EC+기사/NNG+다/VCP+EC+내/VX+니까/EC"
          },
          {
            "id": 9,
            "text": "1 : 고추냉이나 겨자물이나 거기서 거기 아니야?",
            "norm_text": "고추냉이나 겨자물이나 거기서 거기 아니야?",
            "speaker": {
              "id": "1번",
              "sex": "여성",
              "age": "20대"
            },
            "speechAct": "(단언) 주장하기",
            "morpheme": "고추냉이/NNG+나/JC+겨자/NNG+물/NNG+이나/JC+거기/NP+서/JKB+거기/NP+아니/VCN+야/EF"
          },
          {
            "id": 10,
            "text": "2 : 아 겨자물이 아니라 겨자무야~",
            "norm_text": "아 겨자물이 아니라 겨자무야~",
            "speaker": {
              "id": "2번",
              "sex": "여성",
              "age": "20대"
            },
            "speechAct": "(단언) 진술하기",
            "morpheme": "아/IC+겨자/NNG+물/NNG+이/JKC+아니/VCN+라/EC+겨자무/NNG+야/JKV+~/SY"
          },
          {
            "id": 11,
            "text": "1 : 내가 기사를 잘못 봤나? 겨자무는 또 뭐야?",
            "norm_text": "내가 기사를 잘못 봤나? 겨자무는 또 뭐야?",
            "speaker": {
              "id": "1번",
              "sex": "여성",
              "age": "20대"
            },
            "speechAct": "(지시) 질문하기",
            "morpheme": "내/NP+가/JKS+기사/NNG+를/JKO+잘못/MAG+봤/VV+EP+나/EF+겨자무/NNG+는/JX+또/MAG+뭐/NP+야/VCP+EF"
          },
          {
            "id": 12,
            "text": "2 : 겨자무가 고추냉이보다 약 5배가 저렴한 거래",
            "norm_text": "겨자무가 고추냉이보다 약 5배가 저렴한 거래",
            "speaker": {
              "id": "2번",
              "sex": "여성",
              "age": "20대"
            },
            "speechAct": "(단언) 진술하기",
            "morpheme": "겨자무/NNG+가/JKS+고추냉이/NNG+보다/JKB+약/MM+5/SN+배/NNG+가/JKS+저렴/XR+한/XSA+ETM+거래/NNG"
          },
          {
            "id": 13,
            "text": "1 : 그렇구나 근데 맛은 똑같대?",
            "norm_text": "그렇구나 근데 맛은 똑같대?",
            "speaker": {
              "id": "1번",
              "sex": "여성",
              "age": "20대"
            },
            "speechAct": "(지시) 질문하기",
            "morpheme": "그렇/VA+구나/EF+근데/MAJ+맛/NNG+은/JX+똑같/VA+대/EF"
          },
          {
            "id": 14,
            "text": "2 : 그러니까 우리가 모르지 않았을까 싶은데:",
            "norm_text": "그러니까 우리가 모르지 않았을까 싶은데:",
            "speaker": {
              "id": "2번",
              "sex": "여성",
              "age": "20대"
            },
            "speechAct": "(단언) 주장하기",
            "morpheme": "그러니까/MAJ+우리/NP+가/JKS+모르/VV+지/EC+않/VX+았/EP+을까/EC+싶/VX+은데/EC+:/SC"
          },
          {
            "id": 15,
            "text": "1 : 그게 몸에 더 안 좋은 거라고 했나?",
            "norm_text": "그게 몸에 더 안 좋은 거라고 했나?",
            "speaker": {
              "id": "1번",
              "sex": "여성",
              "age": "20대"
            },
            "speechAct": "(지시) 질문하기",
            "morpheme": "그게/NP+JKS+몸/NNG+에/JKB+더/MAG+안/MAG+좋/VA+은/ETM+거/NNB+라고/VCP+EC+했/VX+EP+나/EF"
          },
          {
            "id": 16,
            "text": "2 : 몸에 해하는 거는 아닌 거 같애",
            "norm_text": "몸에 해하는 거는 아닌 거 같애",
            "speaker": {
              "id": "2번",
              "sex": "여성",
              "age": "20대"
            },
            "speechAct": "(단언) 진술하기",
            "morpheme": "몸/NNG+에/JKB+해/NNG+하/XSV+는/ETM+거/NNB+는/JX+아닌/VCN+ETM+거/NNB+같/VA+애/EC"
          },
          {
            "id": 17,
            "text": "2 : 그냥 원재료를 표기 위반했다고 하는 거지",
            "norm_text": "그냥 원재료를 표기 위반했다고 하는 거지",
            "speaker": {
              "id": "2번",
              "sex": "여성",
              "age": "20대"
            },
            "speechAct": "(단언) 진술하기",
            "morpheme": "그냥/MAG+원재료/NNG+를/JKO+표기/NNG+위반/NNG+했/XSV+EP+다고/EC+하/VV+는/ETM+거/NNB+지/VCP+EC"
          }
        ]
      }
    }
  ]
}