{
  "dataset": {
    "identifier": 22032,
    "name": "BAND_28_03_set",
    "src_path": "/data/file/cubeManager/PROJECT001/49/txt20210917150513020545/BAND_28_03_set/",
    "label_path": "/data/file/cubeManager/PROJECT001/49/txt20210917150513020545/BAND_28_03_set/",
    "category": 2,
    "type": 0
  },
  "licenses": {
    "name": "Apache License 1.0",
    "url": "http://www.apache.org/licenses/LICENSE-1.0"
  },
  "info": [
    {
      "id": 29434,
      "filename": "BAND_28_03.txt",
      "title": "BAND_28_03",
      "mediatype": "SNS",
      "medianame": "네이버밴드",
      "category": "일상대화",
      "date": "2021-09-17",
      "size": 363,
      "annotations": {
        "subject": "교통",
        "speaker_type": "1:1",
        "size": 363,
        "word_size": 126,
        "text": "1 : 너 언제 차 샀다고 했지?\n2 : 나 차 산 지 6년 정도 됐어!\n1 : 헐 니가 산 지 6년이나 됐다고?\n2 : 응! 20살에 차를 샀더니 벌써 그러네\n1 : 그때 차 가격이 얼마였어?\n2 : 나 이천만 원 정도 들었어!\n1 : 니가 20살에 그런 돈이 어디 있어!\n2 : 20살에 대출이지 ㅠ 많이 힘들었다\n1 : 지금은 남의 돈 다 갚은 거니?\n2 : 응 3년 할부로 다 갚았어! 이제 없지\n1 : 야 3년이면 다달이 얼마 내야 돼?\n2 : 매달 50만원 정도 들었던 거 같아!\n1 : 와 이자는 얼마 정도였어?\n2 : 아마 이자가 10만 원 정도 들었었어!\n1 : 50만 원 그중에서 10만 원이 이자인 거야?\n2 : 응 그중에 10만 원이야 이제 다 갚았지 ㅎ",
        "lines": [
          {
            "id": 1,
            "text": "1 : 너 언제 차 샀다고 했지?",
            "norm_text": "너 언제 차 샀다고 했지?",
            "speaker": {
              "id": "1번",
              "sex": "여성",
              "age": "20대"
            },
            "speechAct": "(지시) 질문하기",
            "morpheme": "너/NP+언제/MAG+차/NNG+샀/VV+EP+다고/EC+했/VX+EP+지/EF"
          },
          {
            "id": 2,
            "text": "2 : 나 차 산 지 6년 정도 됐어!",
            "norm_text": "나 차 산 지 6년 정도 됐어!",
            "speaker": {
              "id": "2번",
              "sex": "여성",
              "age": "20대"
            },
            "speechAct": "(단언) 진술하기",
            "morpheme": "나/NP+차/NNG+산지/NNG+6/SN+년/NNBC+정도/NNG+됐/XSV+EP+어/EF"
          },
          {
            "id": 3,
            "text": "1 : 헐 니가 산 지 6년이나 됐다고?",
            "norm_text": "헐 니가 산 지 6년이나 됐다고?",
            "speaker": {
              "id": "1번",
              "sex": "여성",
              "age": "20대"
            },
            "speechAct": "(지시) 질문하기",
            "morpheme": "헐/IC+니/NP+가/JKS+산지/VV+ETM+NNB+6/SN+년/NNBC+이나/JX+됐/VV+EP+다고/EF"
          },
          {
            "id": 4,
            "text": "2 : 응! 20살에 차를 샀더니 벌써 그러네",
            "norm_text": "응! 20살에 차를 샀더니 벌써 그러네",
            "speaker": {
              "id": "2번",
              "sex": "여성",
              "age": "20대"
            },
            "speechAct": "(단언) 주장하기",
            "morpheme": "응/IC+!/SY+20/SN+살/NNBC+에/JKB+차/NNG+를/JKO+샀/VV+EP+더니/EC+벌써/MAG+그러/VV+네/EC"
          },
          {
            "id": 5,
            "text": "1 : 그때 차 가격이 얼마였어?",
            "norm_text": "그때 차 가격이 얼마였어?",
            "speaker": {
              "id": "1번",
              "sex": "여성",
              "age": "20대"
            },
            "speechAct": "(지시) 질문하기",
            "morpheme": "그때/NNG+차/NNG+가격/NNG+이/JKS+얼마/NNG+였/VCP+EP+어/EF"
          },
          {
            "id": 6,
            "text": "2 : 나 이천만 원 정도 들었어!",
            "norm_text": "나 이천만 원 정도 들었어!",
            "speaker": {
              "id": "2번",
              "sex": "여성",
              "age": "20대"
            },
            "speechAct": "(단언) 진술하기",
            "morpheme": "나이/NNG+천만/NR+원/NNBC+정도/NNG+들/VV+었/EP+어/EF"
          },
          {
            "id": 7,
            "text": "1 : 니가 20살에 그런 돈이 어디 있어!",
            "norm_text": "니가 20살에 그런 돈이 어디 있어!",
            "speaker": {
              "id": "1번",
              "sex": "여성",
              "age": "20대"
            },
            "speechAct": "(지시) 질문하기",
            "morpheme": "니/NP+가/JKS+20/SN+살/NNBC+에/JKB+그런/MM+돈/NNG+이/JKS+어디/NP+있/VA+어/EF"
          },
          {
            "id": 8,
            "text": "2 : 20살에 대출이지 ㅠ 많이 힘들었다",
            "norm_text": "20살에 대출이지 ㅠ 많이 힘들었다",
            "speaker": {
              "id": "2번",
              "sex": "여성",
              "age": "20대"
            },
            "speechAct": "(단언) 진술하기",
            "morpheme": "20/SN+살/NNBC+에/JKB+대출/NNG+이/JKS+지ㅠ/UNKNOWN+많이/MAG+힘들/VA+었/EP+다/EC"
          },
          {
            "id": 9,
            "text": "1 : 지금은 남의 돈 다 갚은 거니?",
            "norm_text": "지금은 남의 돈 다 갚은 거니?",
            "speaker": {
              "id": "1번",
              "sex": "여성",
              "age": "20대"
            },
            "speechAct": "(지시) 질문하기",
            "morpheme": "지금/MAG+은/JX+남/NNG+의/JKG+돈/NNG+다/MAG+갚/VV+은/ETM+거/NNB+니/VCP+EF"
          },
          {
            "id": 10,
            "text": "2 : 응 3년 할부로 다 갚았어! 이제 없지",
            "norm_text": "응 3년 할부로 다 갚았어! 이제 없지",
            "speaker": {
              "id": "2번",
              "sex": "여성",
              "age": "20대"
            },
            "speechAct": "(단언) 진술하기",
            "morpheme": "응/IC+3/SN+년/NNBC+할부/NNG+로/JKB+다/MAG+갚/VV+았/EP+어/EF+이제/MAG+없/VA+지/EC"
          },
          {
            "id": 11,
            "text": "1 : 야 3년이면 다달이 얼마 내야 돼?",
            "norm_text": "야 3년이면 다달이 얼마 내야 돼?",
            "speaker": {
              "id": "1번",
              "sex": "여성",
              "age": "20대"
            },
            "speechAct": "(지시) 질문하기",
            "morpheme": "야/IC+3/SN+년/NNBC+이/VCP+면/EC+다달이/MAG+얼마/NNG+내/VV+야/EC+돼/VV+EF"
          },
          {
            "id": 12,
            "text": "2 : 매달 50만원 정도 들었던 거 같아!",
            "norm_text": "매달 50만원 정도 들었던 거 같아!",
            "speaker": {
              "id": "2번",
              "sex": "여성",
              "age": "20대"
            },
            "speechAct": "(단언) 진술하기",
            "morpheme": "매달/MAG+50/SN+만/NR+원/NNBC+정도/NNG+들/VV+었/EP+던/ETM+거/NNB+같/VA+아/EF"
          },
          {
            "id": 13,
            "text": "1 : 와 이자는 얼마 정도였어?",
            "norm_text": "와 이자는 얼마 정도였어?",
            "speaker": {
              "id": "1번",
              "sex": "여성",
              "age": "20대"
            },
            "speechAct": "(지시) 질문하기",
            "morpheme": "와/IC+이자/NP+는/JX+얼마/NNG+정도/NNG+였/VCP+EP+어/EF"
          },
          {
            "id": 14,
            "text": "2 : 아마 이자가 10만 원 정도 들었었어!",
            "norm_text": "아마 이자가 10만 원 정도 들었었어!",
            "speaker": {
              "id": "2번",
              "sex": "여성",
              "age": "20대"
            },
            "speechAct": "(단언) 진술하기",
            "morpheme": "아마/MAG+이자/NNG+가/JKS+10/SN+만/NR+원/NNBC+정도/NNG+들/VV+었었/EP+어/EF"
          },
          {
            "id": 15,
            "text": "1 : 50만 원 그중에서 10만 원이 이자인 거야?",
            "norm_text": "50만 원 그중에서 10만 원이 이자인 거야?",
            "speaker": {
              "id": "1번",
              "sex": "여성",
              "age": "20대"
            },
            "speechAct": "(지시) 질문하기",
            "morpheme": "50/SN+만/NR+원/NNBC+그중/NNG+에서/JKB+10/SN+만/NR+원/NNBC+이/JKS+이자/NNG+인/VCP+ETM+거/NNB+야/VCP+EF"
          },
          {
            "id": 16,
            "text": "2 : 응 그중에 10만 원이야 이제 다 갚았지 ㅎ",
            "norm_text": "응 그중에 10만 원이야 이제 다 갚았지 ㅎ",
            "speaker": {
              "id": "2번",
              "sex": "여성",
              "age": "20대"
            },
            "speechAct": "(단언) 진술하기",
            "morpheme": "응/IC+그/MM+중/NNB+에/JKB+10/SN+만/NR+원/NNBC+이/VCP+야/EF+이제/MAG+다/MAG+갚/VV+았/EP+지/EF+ㅎ/XSA"
          }
        ]
      }
    }
  ]
}