{
  "dataset": {
    "identifier": 51532,
    "name": "BAND_35_18_set",
    "src_path": "/data/file/cubeManager/PROJECT001/53/txt20210930140924070473/BAND_35_18_set/",
    "label_path": "/data/file/cubeManager/PROJECT001/53/txt20210930140924070473/BAND_35_18_set/",
    "category": 2,
    "type": 0
  },
  "licenses": {
    "name": "Apache License 1.0",
    "url": "http://www.apache.org/licenses/LICENSE-1.0"
  },
  "info": [
    {
      "id": 37668,
      "filename": "BAND_35_18.txt",
      "title": "BAND_35_18",
      "mediatype": "SNS",
      "medianame": "네이버밴드",
      "category": "일상대화",
      "date": "2021-09-30",
      "size": 703,
      "annotations": {
        "subject": "상거래 전반",
        "speaker_type": "다자간 대화",
        "size": 703,
        "word_size": 244,
        "text": "1 : 여러분 중고 거래 해 보신 분\n2 : 나 몇 번 해봤어 키키 당근 당근으로 ~\n3 : 나는 팔기만 해 보고 산 적은 없다!\n3 : 뭐 사 봤어?\n1 : 나는 아예 중고 거래를 해 본 적이 없어\n2 : 난 뭐 의자 사려고 했었는데 알고 보니까 유아 의자였어서 안 삼 키키\n3 : 근데 팔면 은근 뿌듯하고 기뻐 몇 천 원 받는 건데 키키\n1 : 근데 그거 믿을 수가 있어?  뭔가 불안해\n2 : 너 뭐 팔아봤어 **?\n3 : 나 자전거 오천 원에 올렸다가 당근 셀럽 됐잖아\n1 : 나 폰 팔아보고 싶은데 꿀팁 없어?\n2 : 아니 자전거 오천 원 미쳤네 나한테 팔지!\n3 : 그냥 당근에 고퀄이라고 올리면 연락 걍 와\n3 : 얼마 주고 팔고 싶은데?\n1 : 자전거 왜 오천 원에 올렸어?\n1 : 더 비싸게 올려도 되잖아\n2 : 진짜 키키 저 바보 나도 핸드폰이랑 아이패드 팔아봤어\n3 : 몰라 그냥 그때는 당근 처음이라 몰랐어 키키\n1 : 그건 모르지 그냥 평균적으로 팔리는 중고가로 팔고 싶지\n2 : 그거 검색해보고 가격 시세 봐봐!\n3 : 아이패드 얼마 주고 팔았어?\n1 : 나 아이폰 13산 다음 팔고 14 사고 싶어\n2 : 나 기억 안나 키키 거의 중고 시세 확인하고 비슷하게 올렸던 듯?\n3 : 오 근데 나름 괜찮다 새 거 쓰고 팔고 또 새 거 쓰고\n1 : 그치 그렇게 하는 사람들 많다더라\n2 : 키키 그거 괜찮은 듯 아이폰은 가격 잘 안 떨어지니까\n3 : 이번에 13 나오면 도전해 보자!",
        "lines": [
          {
            "id": 1,
            "text": "1 : 여러분 중고 거래 해 보신 분",
            "norm_text": "여러분 중고 거래 해 보신 분",
            "speaker": {
              "id": "1번",
              "sex": "여성",
              "age": "20대"
            },
            "speechAct": "(지시) 질문하기",
            "morpheme": "여러분/NP+중고/NNG+거래/NNG+해/XSV+EC+보/VX+신/EP+ETM+분/NNB"
          },
          {
            "id": 2,
            "text": "2 : 나 몇 번 해봤어 키키 당근 당근으로 ~",
            "norm_text": "나 몇 번 해봤어 키키 당근 당근으로 ~",
            "speaker": {
              "id": "2번",
              "sex": "여성",
              "age": "20대"
            },
            "speechAct": "(단언) 진술하기",
            "morpheme": "나/NP+몇/MM+번/NNBC+해/VV+EC+봤/VX+EP+어/EC+키/NNG+키/NNG+당근/NNG+당근/NNG+으로/JKB+~/SY"
          },
          {
            "id": 3,
            "text": "3 : 나는 팔기만 해 보고 산 적은 없다!",
            "norm_text": "나는 팔기만 해 보고 산 적은 없다!",
            "speaker": {
              "id": "3번",
              "sex": "여성",
              "age": "20대"
            },
            "speechAct": "(단언) 주장하기",
            "morpheme": "나/NP+는/JX+팔/VV+기/ETN+만/JX+해/VV+EC+보/VX+고/EC+산적/NNG+은/JX+없/VA+다/EF"
          },
          {
            "id": 4,
            "text": "3 : 뭐 사 봤어?",
            "norm_text": "뭐 사 봤어?",
            "speaker": {
              "id": "3번",
              "sex": "여성",
              "age": "20대"
            },
            "speechAct": "(지시) 질문하기",
            "morpheme": "뭐/IC+사/VV+EC+봤/VX+EP+어/EF"
          },
          {
            "id": 5,
            "text": "1 : 나는 아예 중고 거래를 해 본 적이 없어",
            "norm_text": "나는 아예 중고 거래를 해 본 적이 없어",
            "speaker": {
              "id": "1번",
              "sex": "여성",
              "age": "20대"
            },
            "speechAct": "(단언) 진술하기",
            "morpheme": "나/NP+는/JX+아예/MAG+중고/NNG+거래/NNG+를/JKO+해/VV+EC+본/VX+ETM+적/NNB+이/JKS+없/VA+어/EC"
          },
          {
            "id": 6,
            "text": "2 : 난 뭐 의자 사려고 했었는데 알고 보니까 유아 의자였어서 안 삼 키키",
            "norm_text": "난 뭐 의자 사려고 했었는데 알고 보니까 유아 의자였어서 안 삼 키키",
            "speaker": {
              "id": "2번",
              "sex": "여성",
              "age": "20대"
            },
            "speechAct": "(단언) 진술하기",
            "morpheme": "난/NP+JX+뭐/NP+의/JKG+자사/NNG+려고/VCP+EC+했었/VX+EP+는데/EC+알/VV+고/EC+보/VX+니까/EC+유아/NNG+의자/NNG+였/VCP+EP+어서/EC+안/MAG+삼/NR+키/NNG+키/XSV+ETN"
          },
          {
            "id": 7,
            "text": "3 : 근데 팔면 은근 뿌듯하고 기뻐 몇 천 원 받는 건데 키키",
            "norm_text": "근데 팔면 은근 뿌듯하고 기뻐 몇 천 원 받는 건데 키키",
            "speaker": {
              "id": "3번",
              "sex": "여성",
              "age": "20대"
            },
            "speechAct": "(단언) 주장하기",
            "morpheme": "근데/MAJ+팔/VV+면은/EC+근/NP+JX+뿌듯/XR+하/XSA+고/EC+기뻐/VA+EC+몇/MM+천/NR+원/NNBC+받/VV+는/ETM+건데/NNB+VCP+EC+키/NNG+키/XSV+ETN"
          },
          {
            "id": 8,
            "text": "1 : 근데 그거 믿을 수가 있어?  뭔가 불안해",
            "norm_text": "근데 그거 믿을 수가 있어?  뭔가 불안해",
            "speaker": {
              "id": "1번",
              "sex": "여성",
              "age": "20대"
            },
            "speechAct": "(지시) 질문하기",
            "morpheme": "근데/MAJ+그거/NP+믿/VV+을/ETM+수/NNB+가/JKS+있/VA+어/EF+뭔가/NP+VCP+EC+불안/NNG+해/XSV+EC"
          },
          {
            "id": 9,
            "text": "2 : 너 뭐 팔아봤어 **?",
            "norm_text": "너 뭐 팔아봤어 **?",
            "speaker": {
              "id": "2번",
              "sex": "여성",
              "age": "20대"
            },
            "speechAct": "(지시) 질문하기",
            "morpheme": "너/NP+뭐/IC+팔/VV+아/EC+봤/VX+EP+어/EC+*/SY+*/SY"
          },
          {
            "id": 10,
            "text": "3 : 나 자전거 오천 원에 올렸다가 당근 셀럽 됐잖아",
            "norm_text": "나 자전거 오천 원에 올렸다가 당근 셀럽 됐잖아",
            "speaker": {
              "id": "3번",
              "sex": "여성",
              "age": "20대"
            },
            "speechAct": "(단언) 진술하기",
            "morpheme": "나/NP+자전거/NNG+오/NR+천/NR+원/NNBC+에/JKB+올렸/VV+EP+다가/EC+당근/MAG+셀/VV+ETM+럽/NNP+됐/VV+EP+잖아/EC"
          },
          {
            "id": 11,
            "text": "1 : 나 폰 팔아보고 싶은데 꿀팁 없어?",
            "norm_text": "나 폰 팔아보고 싶은데 꿀팁 없어?",
            "speaker": {
              "id": "1번",
              "sex": "여성",
              "age": "20대"
            },
            "speechAct": "(지시) 질문하기",
            "morpheme": "나/NP+폰/NNG+팔/VV+아/EC+보/VX+고/EC+싶/VX+은데/EC+꿀/VV+ETM+팁/NNG+없/VA+어/EF"
          },
          {
            "id": 12,
            "text": "2 : 아니 자전거 오천 원 미쳤네 나한테 팔지!",
            "norm_text": "아니 자전거 오천 원 미쳤네 나한테 팔지!",
            "speaker": {
              "id": "2번",
              "sex": "여성",
              "age": "20대"
            },
            "speechAct": "(단언) 주장하기",
            "morpheme": "아니/IC+자전거/NNG+오/NR+천/NR+원/NNBC+미쳤/VV+EP+네/EF+나/NP+한테/JKB+팔/VV+지/EF"
          },
          {
            "id": 13,
            "text": "3 : 그냥 당근에 고퀄이라고 올리면 연락 걍 와",
            "norm_text": "그냥 당근에 고퀄이라고 올리면 연락 걍 와",
            "speaker": {
              "id": "3번",
              "sex": "여성",
              "age": "20대"
            },
            "speechAct": "(단언) 주장하기",
            "morpheme": "그냥/MAG+당근/NNG+에/JKB+고퀄/NNG+이/VCP+라고/EC+올리/VV+면/EC+연락/NNG+걍와/UNKNOWN"
          },
          {
            "id": 14,
            "text": "3 : 얼마 주고 팔고 싶은데?",
            "norm_text": "얼마 주고 팔고 싶은데?",
            "speaker": {
              "id": "3번",
              "sex": "여성",
              "age": "20대"
            },
            "speechAct": "(지시) 질문하기",
            "morpheme": "얼마/NNG+주/VV+고/EC+팔/VV+고/EC+싶/VX+은데/EF"
          },
          {
            "id": 15,
            "text": "1 : 자전거 왜 오천 원에 올렸어?",
            "norm_text": "자전거 왜 오천 원에 올렸어?",
            "speaker": {
              "id": "1번",
              "sex": "여성",
              "age": "20대"
            },
            "speechAct": "(지시) 질문하기",
            "morpheme": "자전거/NNG+왜/MAG+오/NR+천/NR+원/NNBC+에/JKB+올렸/VV+EP+어/EF"
          },
          {
            "id": 16,
            "text": "1 : 더 비싸게 올려도 되잖아",
            "norm_text": "더 비싸게 올려도 되잖아",
            "speaker": {
              "id": "1번",
              "sex": "여성",
              "age": "20대"
            },
            "speechAct": "(단언) 주장하기",
            "morpheme": "더/MAG+비싸/VA+게/EC+올려도/VV+EC+되/VV+잖아/EC"
          },
          {
            "id": 17,
            "text": "2 : 진짜 키키 저 바보 나도 핸드폰이랑 아이패드 팔아봤어",
            "norm_text": "진짜 키키 저 바보 나도 핸드폰이랑 아이패드 팔아봤어",
            "speaker": {
              "id": "2번",
              "sex": "여성",
              "age": "20대"
            },
            "speechAct": "(단언) 진술하기",
            "morpheme": "진짜/MAG+키/NNG+키저/NNG+바보/NNG+나/NP+도/JX+핸드폰/NNG+이랑/JC+아이패드/NNP+팔/VV+아/EC+봤/VX+EP+어/EC"
          },
          {
            "id": 18,
            "text": "3 : 몰라 그냥 그때는 당근 처음이라 몰랐어 키키",
            "norm_text": "몰라 그냥 그때는 당근 처음이라 몰랐어 키키",
            "speaker": {
              "id": "3번",
              "sex": "여성",
              "age": "20대"
            },
            "speechAct": "(단언) 진술하기",
            "morpheme": "몰라/VV+EC+그냥/MAG+그때/NNG+는/JX+당근/NNG+처음/NNG+이/VCP+라/EC+몰랐/VV+EP+어/EC+키/NNG+키/XSV+ETN"
          },
          {
            "id": 19,
            "text": "1 : 그건 모르지 그냥 평균적으로 팔리는 중고가로 팔고 싶지",
            "norm_text": "그건 모르지 그냥 평균적으로 팔리는 중고가로 팔고 싶지",
            "speaker": {
              "id": "1번",
              "sex": "여성",
              "age": "20대"
            },
            "speechAct": "(단언) 주장하기",
            "morpheme": "그건/NP+JX+모르/VV+지/EC+그냥/MAG+평균/NNG+적/XSN+으로/JKB+팔리/VV+는/ETM+중/NNB+고가/NNG+로/JKB+팔/VV+고/EC+싶/VX+지/EC"
          },
          {
            "id": 20,
            "text": "2 : 그거 검색해보고 가격 시세 봐봐!",
            "norm_text": "그거 검색해보고 가격 시세 봐봐!",
            "speaker": {
              "id": "2번",
              "sex": "여성",
              "age": "20대"
            },
            "speechAct": "(지시) 충고/제안하기",
            "morpheme": "그거/NP+검색/NNG+해/XSV+EC+보/VX+고/EC+가격/NNG+시세/NNG+봐/VV+EC+봐/VX+EF"
          },
          {
            "id": 21,
            "text": "3 : 아이패드 얼마 주고 팔았어?",
            "norm_text": "아이패드 얼마 주고 팔았어?",
            "speaker": {
              "id": "3번",
              "sex": "여성",
              "age": "20대"
            },
            "speechAct": "(지시) 질문하기",
            "morpheme": "아이패드/NNP+얼마/NNG+주/VV+고/EC+팔/VV+았/EP+어/EF"
          },
          {
            "id": 22,
            "text": "1 : 나 아이폰 13산 다음 팔고 14 사고 싶어",
            "norm_text": "나 아이폰 13산 다음 팔고 14 사고 싶어",
            "speaker": {
              "id": "1번",
              "sex": "여성",
              "age": "20대"
            },
            "speechAct": "(단언) 주장하기",
            "morpheme": "나/NP+아이폰/NNP+13/SN+산/NNG+다음/NNG+팔/VV+고/EC+14/SN+사/VV+고/EC+싶/VX+어/EC"
          },
          {
            "id": 23,
            "text": "2 : 나 기억 안나 키키 거의 중고 시세 확인하고 비슷하게 올렸던 듯?",
            "norm_text": "나 기억 안나 키키 거의 중고 시세 확인하고 비슷하게 올렸던 듯?",
            "speaker": {
              "id": "2번",
              "sex": "여성",
              "age": "20대"
            },
            "speechAct": "(단언) 주장하기",
            "morpheme": "나/NP+기억/NNG+안/MAG+나/VV+EC+키/NNG+키/NNG+거의/MAG+중고/NNG+시세/NNG+확인/NNG+하/XSV+고/EC+비슷/XR+하/XSA+게/EC+올렸/VV+EP+던/ETM+듯/NNB"
          },
          {
            "id": 24,
            "text": "3 : 오 근데 나름 괜찮다 새 거 쓰고 팔고 또 새 거 쓰고",
            "norm_text": "오 근데 나름 괜찮다 새 거 쓰고 팔고 또 새 거 쓰고",
            "speaker": {
              "id": "3번",
              "sex": "여성",
              "age": "20대"
            },
            "speechAct": "(단언) 주장하기",
            "morpheme": "오/IC+근데/MAJ+나름/NNB+괜찮/VA+다/EF+새/MM+거/NNB+쓰/VV+고/EC+팔/VV+고/EC+또/MAG+새/MM+거/NNB+쓰/VV+고/EC"
          },
          {
            "id": 25,
            "text": "1 : 그치 그렇게 하는 사람들 많다더라",
            "norm_text": "그치 그렇게 하는 사람들 많다더라",
            "speaker": {
              "id": "1번",
              "sex": "여성",
              "age": "20대"
            },
            "speechAct": "(단언) 진술하기",
            "morpheme": "그치/IC+그렇게/MAG+하/VV+는/ETM+사람/NNG+들/XSN+많/VA+다더라/EC"
          },
          {
            "id": 26,
            "text": "2 : 키키 그거 괜찮은 듯 아이폰은 가격 잘 안 떨어지니까",
            "norm_text": "키키 그거 괜찮은 듯 아이폰은 가격 잘 안 떨어지니까",
            "speaker": {
              "id": "2번",
              "sex": "여성",
              "age": "20대"
            },
            "speechAct": "(단언) 주장하기",
            "morpheme": "키/NNG+키/XSV+ETN+그거/NP+괜찮/VA+은/ETM+듯/NNB+아이폰/NNP+은/JX+가격/NNG+잘/MAG+안/MAG+떨어지/VV+니까/EC"
          },
          {
            "id": 27,
            "text": "3 : 이번에 13 나오면 도전해 보자!",
            "norm_text": "이번에 13 나오면 도전해 보자!",
            "speaker": {
              "id": "3번",
              "sex": "여성",
              "age": "20대"
            },
            "speechAct": "(지시) 충고/제안하기",
            "morpheme": "이번/NNG+에/JKB+13/SN+나오/VV+면/EC+도전/NNG+해/XSV+EC+보/VX+자/EF"
          }
        ]
      }
    }
  ]
}