{
  "dataset": {
    "identifier": 58300,
    "name": "BAND_31_17_set",
    "src_path": "/data/file/cubeManager/PROJECT001/53/txt20210927144542062698/BAND_31_17_set/",
    "label_path": "/data/file/cubeManager/PROJECT001/53/txt20210927144542062698/BAND_31_17_set/",
    "category": 2,
    "type": 0
  },
  "licenses": {
    "name": "Apache License 1.0",
    "url": "http://www.apache.org/licenses/LICENSE-1.0"
  },
  "info": [
    {
      "id": 34375,
      "filename": "BAND_31_17.txt",
      "title": "BAND_31_17",
      "mediatype": "SNS",
      "medianame": "네이버밴드",
      "category": "일상대화",
      "date": "2021-09-27",
      "size": 385,
      "annotations": {
        "subject": "건강",
        "speaker_type": "1:1",
        "size": 385,
        "word_size": 134,
        "text": "1 : 너는 수술해본 경험 있어?\n2 : 나 수술은 아직 한 번도 없어\n1 : 나도 없는데 이제 곧 할 거 같아.\n2 : 무슨 수술인데 어디 아파?\n1 : 아픈 건 아니고 그냥 삶의 질을 높이려고 키키\n2 : 키키 아 그래서 열심히 일하고 있구나 키키\n1 : 그럼 그럼 사람은 삶의 목적도 있어야 해!\n2 : 맞아 키키 나도 그런 분야라면 곧 할 거 같아 키키\n1 : 아 너도? 언제 할 예정이야?\n2 : 나 다이어트 성공하고 할 예정이야\n1 : 그렇구나 그나마 우리 둘 다 아픈 곳은 없어서 다행이야!\n2 : 맞아 그래도 건강한 게 최고지 키키\n1 : 맞아 영양제 남친이랑 잘 챙겨 먹어!\n2 : 그래 너도 항상 몸 잘 챙겨야 해\n1 : 고맙다 친구야 우리 만나면 운동도 하자!\n2 : 그래 코로나 항상 조심해 !",
        "lines": [
          {
            "id": 1,
            "text": "1 : 너는 수술해본 경험 있어?",
            "norm_text": "너는 수술해본 경험 있어?",
            "speaker": {
              "id": "1번",
              "sex": "여성",
              "age": "20대"
            },
            "speechAct": "(지시) 질문하기",
            "morpheme": "너/NP+는/JX+수술/NNG+해/XSV+EC+본/VX+ETM+경험/NNG+있/VA+어/EF"
          },
          {
            "id": 2,
            "text": "2 : 나 수술은 아직 한 번도 없어",
            "norm_text": "나 수술은 아직 한 번도 없어",
            "speaker": {
              "id": "2번",
              "sex": "여성",
              "age": "20대"
            },
            "speechAct": "(단언) 진술하기",
            "morpheme": "나/NP+수술/NNG+은/JX+아직/MAG+한/MM+번/NNBC+도/JX+없/VA+어/EC"
          },
          {
            "id": 3,
            "text": "1 : 나도 없는데 이제 곧 할 거 같아.",
            "norm_text": "나도 없는데 이제 곧 할 거 같아.",
            "speaker": {
              "id": "1번",
              "sex": "여성",
              "age": "20대"
            },
            "speechAct": "(단언) 주장하기",
            "morpheme": "나/NP+도/JX+없/VA+는데/EC+이제/MAG+곧/MAG+할/VV+ETM+거/NNB+같/VA+아/EF"
          },
          {
            "id": 4,
            "text": "2 : 무슨 수술인데 어디 아파?",
            "norm_text": "무슨 수술인데 어디 아파?",
            "speaker": {
              "id": "2번",
              "sex": "여성",
              "age": "20대"
            },
            "speechAct": "(지시) 질문하기",
            "morpheme": "무슨/MM+수술/NNG+인데/VCP+EC+어디/NP+아파/VA+EF"
          },
          {
            "id": 5,
            "text": "1 : 아픈 건 아니고 그냥 삶의 질을 높이려고 키키",
            "norm_text": "아픈 건 아니고 그냥 삶의 질을 높이려고 키키",
            "speaker": {
              "id": "1번",
              "sex": "여성",
              "age": "20대"
            },
            "speechAct": "(단언) 진술하기",
            "morpheme": "아픈/VA+ETM+건/NNB+JX+아니/VCN+고/EC+그냥/MAG+삶/NNG+의/JKG+질/NNG+을/JKO+높이/VV+려고/EC+키/NNG+키/XSV+ETN"
          },
          {
            "id": 6,
            "text": "2 : 키키 아 그래서 열심히 일하고 있구나 키키",
            "norm_text": "키키 아 그래서 열심히 일하고 있구나 키키",
            "speaker": {
              "id": "2번",
              "sex": "여성",
              "age": "20대"
            },
            "speechAct": "(단언) 주장하기",
            "morpheme": "키/NNG+키/XSV+ETN+아/IC+그래서/MAJ+열심히/MAG+일/NNG+하/XSV+고/EC+있/VX+구나/EF+키/NNG+키/XSV+ETN"
          },
          {
            "id": 7,
            "text": "1 : 그럼 그럼 사람은 삶의 목적도 있어야 해!",
            "norm_text": "그럼 그럼 사람은 삶의 목적도 있어야 해!",
            "speaker": {
              "id": "1번",
              "sex": "여성",
              "age": "20대"
            },
            "speechAct": "(단언) 주장하기",
            "morpheme": "그럼/MAJ+그럼/MAJ+사람/NNG+은/JX+삶/NNG+의/JKG+목적/NNG+도/JX+있/VA+어야/EC+해/VX+EF"
          },
          {
            "id": 8,
            "text": "2 : 맞아 키키 나도 그런 분야라면 곧 할 거 같아 키키",
            "norm_text": "맞아 키키 나도 그런 분야라면 곧 할 거 같아 키키",
            "speaker": {
              "id": "2번",
              "sex": "여성",
              "age": "20대"
            },
            "speechAct": "(단언) 주장하기",
            "morpheme": "맞/VV+아/EC+키/NNG+키나/XSA+ETN+JX+도/JX+그런/MM+분야/NNG+라면/VCP+EC+곧/MAG+할/VV+ETM+거/NNB+같/VA+아/EC+키/NNG+키/XSV+ETN"
          },
          {
            "id": 9,
            "text": "1 : 아 너도? 언제 할 예정이야?",
            "norm_text": "아 너도? 언제 할 예정이야?",
            "speaker": {
              "id": "1번",
              "sex": "여성",
              "age": "20대"
            },
            "speechAct": "(지시) 질문하기",
            "morpheme": "아/IC+너/NP+도/JX+언제/MAG+할/VV+ETM+예정/NNG+이/VCP+야/EF"
          },
          {
            "id": 10,
            "text": "2 : 나 다이어트 성공하고 할 예정이야",
            "norm_text": "나 다이어트 성공하고 할 예정이야",
            "speaker": {
              "id": "2번",
              "sex": "여성",
              "age": "20대"
            },
            "speechAct": "(단언) 주장하기",
            "morpheme": "나/NP+다이어트/NNG+성공/NNG+하/XSV+고/EC+할/VX+ETM+예정/NNG+이/VCP+야/EC"
          },
          {
            "id": 11,
            "text": "1 : 그렇구나 그나마 우리 둘 다 아픈 곳은 없어서 다행이야!",
            "norm_text": "그렇구나 그나마 우리 둘 다 아픈 곳은 없어서 다행이야!",
            "speaker": {
              "id": "1번",
              "sex": "여성",
              "age": "20대"
            },
            "speechAct": "(단언) 주장하기",
            "morpheme": "그렇/VA+구나/EF+그나마/MAG+우리/NP+둘/NR+다/MAG+아픈/VA+ETM+곳/NNG+은/JX+없/VA+어서/EC+다행/NNG+이/VCP+야/EF"
          },
          {
            "id": 12,
            "text": "2 : 맞아 그래도 건강한 게 최고지 키키",
            "norm_text": "맞아 그래도 건강한 게 최고지 키키",
            "speaker": {
              "id": "2번",
              "sex": "여성",
              "age": "20대"
            },
            "speechAct": "(단언) 주장하기",
            "morpheme": "맞/VV+아/EC+그래도/VV+EC+건강/NNG+한/XSA+ETM+게/NNB+JKS+최/XPN+고지키/NNP+키/NNG"
          },
          {
            "id": 13,
            "text": "1 : 맞아 영양제 남친이랑 잘 챙겨 먹어!",
            "norm_text": "맞아 영양제 남친이랑 잘 챙겨 먹어!",
            "speaker": {
              "id": "1번",
              "sex": "여성",
              "age": "20대"
            },
            "speechAct": "(단언) 주장하기",
            "morpheme": "맞/VV+아/EC+영양제/NNG+남친/NNG+이랑/JKB+잘/MAG+챙겨/VV+EC+먹/VV+어/EF"
          },
          {
            "id": 14,
            "text": "2 : 그래 너도 항상 몸 잘 챙겨야 해",
            "norm_text": "그래 너도 항상 몸 잘 챙겨야 해",
            "speaker": {
              "id": "2번",
              "sex": "여성",
              "age": "20대"
            },
            "speechAct": "(단언) 주장하기",
            "morpheme": "그래/IC+너/NP+도/JX+항상/MAG+몸/NNG+잘/MAG+챙겨야/VV+EC+해/VV+EC"
          },
          {
            "id": 15,
            "text": "1 : 고맙다 친구야 우리 만나면 운동도 하자!",
            "norm_text": "고맙다 친구야 우리 만나면 운동도 하자!",
            "speaker": {
              "id": "1번",
              "sex": "여성",
              "age": "20대"
            },
            "speechAct": "(지시) 충고/제안하기",
            "morpheme": "고맙/VA+다/EC+친구/NNG+야/VCP+EF+우리/NP+만나/VV+면/EC+운동/NNG+도/JX+하/VV+자/EF"
          },
          {
            "id": 16,
            "text": "2 : 그래 코로나 항상 조심해 !",
            "norm_text": "그래 코로나 항상 조심해 !",
            "speaker": {
              "id": "2번",
              "sex": "여성",
              "age": "20대"
            },
            "speechAct": "(단언) 주장하기",
            "morpheme": "그래/IC+코로나/NNG+항상/MAG+조심/NNG+해/XSV+EF"
          }
        ]
      }
    }
  ]
}