{
  "dataset": {
    "identifier": 103021,
    "name": "BAND_38_14_set",
    "src_path": "/data/file/cubeManager/PROJECT001/77/txt202110271501010741108/BAND_38_14_set/",
    "label_path": "/data/file/cubeManager/PROJECT001/77/txt202110271501010741108/BAND_38_14_set/",
    "category": 2,
    "type": 0
  },
  "licenses": {
    "name": "Apache License 1.0",
    "url": "http://www.apache.org/licenses/LICENSE-1.0"
  },
  "info": [
    {
      "id": 96674,
      "filename": "BAND_38_14.txt",
      "title": "BAND_38_14",
      "mediatype": "SNS",
      "medianame": "네이버밴드",
      "category": "일상대화",
      "date": "2021-10-27",
      "size": 527,
      "annotations": {
        "subject": "사회이슈",
        "speaker_type": "다자간 대화",
        "size": 527,
        "word_size": 159,
        "text": "1 : 10대들이 문 안잠긴 승용차 훔쳤댜~\n2 : 에바임 ㄹㅇ 청소년법 없애고 다 바로 징역 40년 때려야함\n3 : 요즘 애들 살짝 그렇네... 키키\n1 : 잠잠 하더니 또 터졌네 키키\n2 : 싹을 잘라버려야지 왜 애들이라고 봐주는지 참\n3 : 많이 좀 때려라 무서워서 못가겠다 증말...키키\n1 : 키키 겁도 없어 요즘 애들 무서워 ㅜ\n2 : 아 ㄹㅇ 안 맞고커서 그려.~ 라떼는 말여 키키\n3 : 애들이라고 봐주는 건 증말 이상혀...키키\n1 : 그니깐 봐주니깐 더 하잖아\n2 : ㄹㅇ루… 악용하자나 진짜 법 만든 분 혹시 호...호...호\n3 : ㄹㅇ 진짜 혼나셔야겠네 에이;\n1 : 촉법소년이라 형사처벌 대신 보호처분 받을 예정이래\n2 : 에바 키키 진심 또 페북에 글 올려라 키키\n2 : 어디 경찰서 제낄 준비 완료~^^ 에라이\n3 : 도망 가야겠네 만나면 어떻게해...\n1 : 요즘 애들 무서워서 사리고 다녀야해\n2 : 나 22살땐가 23살땐가 키키 10대 애기들이 내 앞에서 침 뱉고 라이터 꺼내구 그랬자너 키키;\n3 : 진짜 무섭네...\n3 : 사려야겠다 이제",
        "lines": [
          {
            "id": 1,
            "text": "1 : 10대들이 문 안잠긴 승용차 훔쳤댜~",
            "norm_text": "10대들이 문 안잠긴 승용차 훔쳤댜~",
            "speaker": {
              "id": "1번",
              "sex": "여성",
              "age": "20대"
            },
            "speechAct": "(단언) 진술하기",
            "morpheme": "10/SN+대들이문안잠긴승용차훔쳤댜/UNKNOWN+~/SY"
          },
          {
            "id": 2,
            "text": "2 : 에바임 ㄹㅇ 청소년법 없애고 다 바로 징역 40년 때려야함",
            "norm_text": "에바임 ㄹㅇ 청소년법 없애고 다 바로 징역 40년 때려야함",
            "speaker": {
              "id": "2번",
              "sex": "여성",
              "age": "20대"
            },
            "speechAct": "(단언) 주장하기",
            "morpheme": "에바임ㄹㅇ청소년법없애고다바로징역/UNKNOWN+40/SN+년/NNBC+때려야/VV+EC+함/VX+ETN"
          },
          {
            "id": 3,
            "text": "3 : 요즘 애들 살짝 그렇네... 키키",
            "norm_text": "요즘 애들 살짝 그렇네... 키키",
            "speaker": {
              "id": "3번",
              "sex": "남성",
              "age": "20대"
            },
            "speechAct": "(단언) 주장하기",
            "morpheme": "요즘/NNG+애/NNG+들/XSN+살짝/MAG+그렇/VA+네/EF+./SY+키/NNG+키/XSV+ETN"
          },
          {
            "id": 4,
            "text": "1 : 잠잠 하더니 또 터졌네 키키",
            "norm_text": "잠잠 하더니 또 터졌네 키키",
            "speaker": {
              "id": "1번",
              "sex": "여성",
              "age": "20대"
            },
            "speechAct": "(단언) 주장하기",
            "morpheme": "잠잠/XR+하/XSA+더니/EC+또/MAG+터졌/VV+EP+네/EF+키/NNG+키/XSV+ETN"
          },
          {
            "id": 5,
            "text": "2 : 싹을 잘라버려야지 왜 애들이라고 봐주는지 참",
            "norm_text": "싹을 잘라버려야지 왜 애들이라고 봐주는지 참",
            "speaker": {
              "id": "2번",
              "sex": "여성",
              "age": "20대"
            },
            "speechAct": "(단언) 주장하기",
            "morpheme": "싹/NNG+을/JKO+잘라/VV+EC+버려야/VX+EC+VX+지/EF+왜/MAG+애/NNG+들/XSN+이/VCP+라고/EC+봐/VX+EC+주/VX+는/ETM+지참/NNG"
          },
          {
            "id": 6,
            "text": "3 : 많이 좀 때려라 무서워서 못가겠다 증말...키키",
            "norm_text": "많이 좀 때려라 무서워서 못가겠다 증말...키키",
            "speaker": {
              "id": "3번",
              "sex": "남성",
              "age": "20대"
            },
            "speechAct": "(단언) 주장하기",
            "morpheme": "많이/MAG+좀/MAG+때려라/VV+EC+무서워서/VA+EC+못/MAG+가/VV+겠/EP+다/EF+증말/MAG+./SY+키/NNG+키/XSV+ETN"
          },
          {
            "id": 7,
            "text": "1 : 키키 겁도 없어 요즘 애들 무서워 ㅜ",
            "norm_text": "키키 겁도 없어 요즘 애들 무서워 ㅜ",
            "speaker": {
              "id": "1번",
              "sex": "여성",
              "age": "20대"
            },
            "speechAct": "(단언) 주장하기",
            "morpheme": "키/NNG+키/NNG+겁/NNG+도/JX+없/VA+어/EC+요즘/NNG+애/NNG+들/XSN+무서워/VA+EC+ㅜ/UNKNOWN"
          },
          {
            "id": 8,
            "text": "2 : 아 ㄹㅇ 안 맞고커서 그려.~ 라떼는 말여 키키",
            "norm_text": "아 ㄹㅇ 안 맞고커서 그려.~ 라떼는 말여 키키",
            "speaker": {
              "id": "2번",
              "sex": "여성",
              "age": "20대"
            },
            "speechAct": "(단언) 주장하기",
            "morpheme": "아ㄹㅇ안맞고커서그려/UNKNOWN+~/SY+라떼는말여키키/UNKNOWN"
          },
          {
            "id": 9,
            "text": "3 : 애들이라고 봐주는 건 증말 이상혀...키키",
            "norm_text": "애들이라고 봐주는 건 증말 이상혀...키키",
            "speaker": {
              "id": "3번",
              "sex": "남성",
              "age": "20대"
            },
            "speechAct": "(단언) 주장하기",
            "morpheme": "애/NNG+들/XSN+이/VCP+라고/EC+봐/VX+EC+주/VX+는/ETM+건/NNB+JX+증말/MAG+이상/NNG+혀/XSV+EF+./SY+키/NNG+키/XSV+ETN"
          },
          {
            "id": 10,
            "text": "1 : 그니깐 봐주니깐 더 하잖아",
            "norm_text": "그니깐 봐주니깐 더 하잖아",
            "speaker": {
              "id": "1번",
              "sex": "여성",
              "age": "20대"
            },
            "speechAct": "(단언) 주장하기",
            "morpheme": "그니깐/MAJ+봐/VV+EC+주/VX+니깐/EC+더/MAG+하/VV+잖아/EC"
          },
          {
            "id": 11,
            "text": "2 : ㄹㅇ루… 악용하자나 진짜 법 만든 분 혹시 호...호...호",
            "norm_text": "ㄹㅇ루… 악용하자나 진짜 법 만든 분 혹시 호...호...호",
            "speaker": {
              "id": "2번",
              "sex": "여성",
              "age": "20대"
            },
            "speechAct": "(단언) 주장하기",
            "morpheme": "ㄹㅇ루/UNKNOWN+…/SE+악용하자나진짜법만든분혹시호/UNKNOWN+./SY+호/IC+./SY+호/NNG"
          },
          {
            "id": 12,
            "text": "3 : ㄹㅇ 진짜 혼나셔야겠네 에이;",
            "norm_text": "ㄹㅇ 진짜 혼나셔야겠네 에이;",
            "speaker": {
              "id": "3번",
              "sex": "남성",
              "age": "20대"
            },
            "speechAct": "(단언) 주장하기",
            "morpheme": "ㄹㅇ진짜혼나셔야겠네에이/UNKNOWN+;/SY"
          },
          {
            "id": 13,
            "text": "1 : 촉법소년이라 형사처벌 대신 보호처분 받을 예정이래",
            "norm_text": "촉법소년이라 형사처벌 대신 보호처분 받을 예정이래",
            "speaker": {
              "id": "1번",
              "sex": "여성",
              "age": "20대"
            },
            "speechAct": "(단언) 진술하기",
            "morpheme": "촉법소년/NNG+이/VCP+라/EC+형사/NNG+처벌/NNG+대신/NNG+보호처분/NNP+받/VV+을/ETM+예정/NNG+이래/NNB"
          },
          {
            "id": 14,
            "text": "2 : 에바 키키 진심 또 페북에 글 올려라 키키",
            "norm_text": "에바 키키 진심 또 페북에 글 올려라 키키",
            "speaker": {
              "id": "2번",
              "sex": "여성",
              "age": "20대"
            },
            "speechAct": "(단언) 주장하기",
            "morpheme": "에바/NNP+키키/NNP+진심/NNG+또/MAG+페북/NNP+에/JKB+글/NNG+올려라/VV+EC+키/NNG+키/XSV+ETN"
          },
          {
            "id": 15,
            "text": "2 : 어디 경찰서 제낄 준비 완료~^^ 에라이",
            "norm_text": "어디 경찰서 제낄 준비 완료~^^ 에라이",
            "speaker": {
              "id": "2번",
              "sex": "여성",
              "age": "20대"
            },
            "speechAct": "(단언) 주장하기",
            "morpheme": "어디경찰서제낄준비완료/UNKNOWN+~/SY+^/SY+^/SY+에/JKB+라이/NNG"
          },
          {
            "id": 16,
            "text": "3 : 도망 가야겠네 만나면 어떻게해...",
            "norm_text": "도망 가야겠네 만나면 어떻게해...",
            "speaker": {
              "id": "3번",
              "sex": "남성",
              "age": "20대"
            },
            "speechAct": "(단언) 주장하기",
            "morpheme": "도망가/VV+야/EC+VX+겠/EP+네/EF+만나/VV+면/EC+어떻게/MAG+해/VV+EF+./SY"
          },
          {
            "id": 17,
            "text": "1 : 요즘 애들 무서워서 사리고 다녀야해",
            "norm_text": "요즘 애들 무서워서 사리고 다녀야해",
            "speaker": {
              "id": "1번",
              "sex": "여성",
              "age": "20대"
            },
            "speechAct": "(단언) 주장하기",
            "morpheme": "요즘/NNG+애/NNG+들/XSN+무서워서/VA+EC+사리/VV+고/EC+다녀야/VV+EC+해/VV+EC"
          },
          {
            "id": 18,
            "text": "2 : 나 22살땐가 23살땐가 키키 10대 애기들이 내 앞에서 침 뱉고 라이터 꺼내구 그랬자너 키키;",
            "norm_text": "나 22살땐가 23살땐가 키키 10대 애기들이 내 앞에서 침 뱉고 라이터 꺼내구 그랬자너 키키;",
            "speaker": {
              "id": "2번",
              "sex": "여성",
              "age": "20대"
            },
            "speechAct": "(단언) 진술하기",
            "morpheme": "나/NP+22/SN+살/NNBC+땐가/VV+VCP+EC+23/SN+살/NNBC+땐가/VV+VCP+EC+키/NNG+키/XSV+ETN+10/SN+대애기들이내앞에서침뱉고라이터꺼내구그랬자너키키/UNKNOWN+;/SY"
          },
          {
            "id": 19,
            "text": "3 : 진짜 무섭네...",
            "norm_text": "진짜 무섭네...",
            "speaker": {
              "id": "3번",
              "sex": "남성",
              "age": "20대"
            },
            "speechAct": "(단언) 주장하기",
            "morpheme": "진짜/MAG+무섭/VA+네/EF+./SY"
          },
          {
            "id": 20,
            "text": "3 : 사려야겠다 이제",
            "norm_text": "사려야겠다 이제",
            "speaker": {
              "id": "3번",
              "sex": "남성",
              "age": "20대"
            },
            "speechAct": "(단언) 주장하기",
            "morpheme": "사려/NNG+야/VCP+EF+겠/EP+다/EF+이제/MAG"
          }
        ]
      }
    }
  ]
}