{
  "dataset": {
    "identifier": 18692,
    "name": "BAND_24_01_set",
    "src_path": "/data/file/cubeManager/PROJECT001/49/txt20210915121726067890/BAND_24_01_set/",
    "label_path": "/data/file/cubeManager/PROJECT001/49/txt20210915121726067890/BAND_24_01_set/",
    "category": 2,
    "type": 0
  },
  "licenses": {
    "name": "Apache License 1.0",
    "url": "http://www.apache.org/licenses/LICENSE-1.0"
  },
  "info": [
    {
      "id": 26041,
      "filename": "BAND_24_01.txt",
      "title": "BAND_24_01",
      "mediatype": "SNS",
      "medianame": "네이버밴드",
      "category": "일상대화",
      "date": "2021-09-15",
      "size": 352,
      "annotations": {
        "subject": "식음료",
        "speaker_type": "1:1",
        "size": 352,
        "word_size": 113,
        "text": "1 : 너가 제일 좋아하는 음식은 뭐야?\n2 : 내가 제일 좋아하는 건 치킨\n1 : 역시 치느님은 사랑이지\n1 : 양념치킨 좋아해?\n2 : 어 양념치킨 맛있지 간장도 맛나고\n1 : 저번에 먹었던 곳도 맛있었는데!\n2 : 그래 난 양념이 괜찮더라\n1 : 그때 먹었던 양념치킨 말이야?\n2 : 어 반반이었는데 양념이 괜찮던데?\n1 : 맞아 근데 나는 다른 양념치킨집을 더 좋아해\n2 : 어 진짜 어디 치킨집 궁금해~\n1 : 거기 슈퍼슈프림 양념치킨 알아?\n2 : 아 알지 그거 맛있다고 하잖아!\n1 : 너 한 번도 안 먹어 봤어?\n2 : 여기서 먹어봤어 맛있다고 하잖아\n1 : 맞아 그거 완전 내 사랑이야 ㅜㅜ\n2 : 그렇게까지 좋아했구나 그거 먹을 걸 그랬다~",
        "lines": [
          {
            "id": 1,
            "text": "1 : 너가 제일 좋아하는 음식은 뭐야?",
            "norm_text": "너가 제일 좋아하는 음식은 뭐야?",
            "speaker": {
              "id": "1번",
              "sex": "여성",
              "age": "20대"
            },
            "speechAct": "(지시) 질문하기",
            "morpheme": "너/NP+가/JKS+제일/MAG+좋/VA+아/EC+하/VV+는/ETM+음식/NNG+은/JX+뭐/NP+야/VCP+EF"
          },
          {
            "id": 2,
            "text": "2 : 내가 제일 좋아하는 건 치킨",
            "norm_text": "내가 제일 좋아하는 건 치킨",
            "speaker": {
              "id": "2번",
              "sex": "여성",
              "age": "20대"
            },
            "speechAct": "(단언) 주장하기",
            "morpheme": "내/NP+가/JKS+제일/MAG+좋/VA+아/EC+하/VV+는/ETM+건/NNB+JX+치킨/NNG"
          },
          {
            "id": 3,
            "text": "1 : 역시 치느님은 사랑이지",
            "norm_text": "역시 치느님은 사랑이지",
            "speaker": {
              "id": "1번",
              "sex": "여성",
              "age": "20대"
            },
            "speechAct": "(단언) 주장하기",
            "morpheme": "역시/MAJ+치/IC+느/NNG+님/XSN+은/JX+사랑/NNG+이/VCP+지/EC"
          },
          {
            "id": 4,
            "text": "1 : 양념치킨 좋아해?",
            "norm_text": "양념치킨 좋아해?",
            "speaker": {
              "id": "1번",
              "sex": "여성",
              "age": "20대"
            },
            "speechAct": "(지시) 질문하기",
            "morpheme": "양념치킨/NNP+좋/VA+아/EC+해/VX+EF"
          },
          {
            "id": 5,
            "text": "2 : 어 양념치킨 맛있지 간장도 맛나고",
            "norm_text": "어 양념치킨 맛있지 간장도 맛나고",
            "speaker": {
              "id": "2번",
              "sex": "여성",
              "age": "20대"
            },
            "speechAct": "(단언) 주장하기",
            "morpheme": "어/IC+양념치킨/NNP+맛있/VA+지/EC+간장/NNG+도/JX+맛나/VA+고/EC"
          },
          {
            "id": 6,
            "text": "1 : 저번에 먹었던 곳도 맛있었는데!",
            "norm_text": "저번에 먹었던 곳도 맛있었는데!",
            "speaker": {
              "id": "1번",
              "sex": "여성",
              "age": "20대"
            },
            "speechAct": "(단언) 주장하기",
            "morpheme": "저번/NNG+에/JKB+먹/VV+었/EP+던/ETM+곳/NNG+도/JX+맛있/VA+었/EP+는데/EF"
          },
          {
            "id": 7,
            "text": "2 : 그래 난 양념이 괜찮더라",
            "norm_text": "그래 난 양념이 괜찮더라",
            "speaker": {
              "id": "2번",
              "sex": "여성",
              "age": "20대"
            },
            "speechAct": "(단언) 주장하기",
            "morpheme": "그래/IC+난/NP+JX+양념/NNG+이/JKS+괜찮/VA+더라/EC"
          },
          {
            "id": 8,
            "text": "1 : 그때 먹었던 양념치킨 말이야?",
            "norm_text": "그때 먹었던 양념치킨 말이야?",
            "speaker": {
              "id": "1번",
              "sex": "여성",
              "age": "20대"
            },
            "speechAct": "(지시) 질문하기",
            "morpheme": "그때/NNG+먹/VV+었/EP+던/ETM+양념치킨/NNP+말/NNG+이/VCP+야/EF"
          },
          {
            "id": 9,
            "text": "2 : 어 반반이었는데 양념이 괜찮던데?",
            "norm_text": "어 반반이었는데 양념이 괜찮던데?",
            "speaker": {
              "id": "2번",
              "sex": "여성",
              "age": "20대"
            },
            "speechAct": "(단언) 주장하기",
            "morpheme": "어/IC+반반/NNG+이/VCP+었/EP+는데/EC+양념/NNG+이/JKS+괜찮/VA+던데/EF"
          },
          {
            "id": 10,
            "text": "1 : 맞아 근데 나는 다른 양념치킨집을 더 좋아해",
            "norm_text": "맞아 근데 나는 다른 양념치킨집을 더 좋아해",
            "speaker": {
              "id": "1번",
              "sex": "여성",
              "age": "20대"
            },
            "speechAct": "(단언) 주장하기",
            "morpheme": "맞아/IC+근데/MAJ+나/NP+는/JX+다른/MM+양념치킨/NNP+집/NNG+을/JKO+더/MAG+좋/VA+아/EC+해/VV+EC"
          },
          {
            "id": 11,
            "text": "2 : 어 진짜 어디 치킨집 궁금해~",
            "norm_text": "어 진짜 어디 치킨집 궁금해~",
            "speaker": {
              "id": "2번",
              "sex": "여성",
              "age": "20대"
            },
            "speechAct": "(단언) 주장하기",
            "morpheme": "어/IC+진짜/MAG+어디/NP+치킨/VV+ETM+집/NNG+궁금/XR+해/XSA+EC+~/SY"
          },
          {
            "id": 12,
            "text": "1 : 거기 슈퍼슈프림 양념치킨 알아?",
            "norm_text": "거기 슈퍼슈프림 양념치킨 알아?",
            "speaker": {
              "id": "1번",
              "sex": "여성",
              "age": "20대"
            },
            "speechAct": "(지시) 질문하기",
            "morpheme": "거기/NP+슈퍼/NNG+슈프림/NNP+양념치킨/NNP+알/VV+아/EF"
          },
          {
            "id": 13,
            "text": "2 : 아 알지 그거 맛있다고 하잖아!",
            "norm_text": "아 알지 그거 맛있다고 하잖아!",
            "speaker": {
              "id": "2번",
              "sex": "여성",
              "age": "20대"
            },
            "speechAct": "(단언) 주장하기",
            "morpheme": "아/IC+알/VV+지/EC+그거/NP+맛있/VA+다고/EC+하/VX+잖아/EF"
          },
          {
            "id": 14,
            "text": "1 : 너 한 번도 안 먹어 봤어?",
            "norm_text": "너 한 번도 안 먹어 봤어?",
            "speaker": {
              "id": "1번",
              "sex": "여성",
              "age": "20대"
            },
            "speechAct": "(지시) 질문하기",
            "morpheme": "너/NP+한/MM+번/NNBC+도/JX+안/MAG+먹/VV+어/EC+봤/VX+EP+어/EF"
          },
          {
            "id": 15,
            "text": "2 : 여기서 먹어봤어 맛있다고 하잖아",
            "norm_text": "여기서 먹어봤어 맛있다고 하잖아",
            "speaker": {
              "id": "2번",
              "sex": "여성",
              "age": "20대"
            },
            "speechAct": "(단언) 주장하기",
            "morpheme": "여기/NP+서/JKB+먹/VV+어/EC+봤/VX+EP+어/EC+맛있/VA+다고/EC+하/VV+잖아/EC"
          },
          {
            "id": 16,
            "text": "1 : 맞아 그거 완전 내 사랑이야 ㅜㅜ",
            "norm_text": "맞아 그거 완전 내 사랑이야 ㅜㅜ",
            "speaker": {
              "id": "1번",
              "sex": "여성",
              "age": "20대"
            },
            "speechAct": "(단언) 주장하기",
            "morpheme": "맞/VV+아/EC+그거/NP+완전/MAG+내/NP+JKG+사랑/NNG+이/VCP+야/EF+ㅜㅜ/UNKNOWN"
          },
          {
            "id": 17,
            "text": "2 : 그렇게까지 좋아했구나 그거 먹을 걸 그랬다~",
            "norm_text": "그렇게까지 좋아했구나 그거 먹을 걸 그랬다~",
            "speaker": {
              "id": "2번",
              "sex": "여성",
              "age": "20대"
            },
            "speechAct": "(단언) 주장하기",
            "morpheme": "그렇게/MAG+까지/JX+좋/VA+아/EC+했/VX+EP+구나/EF+그거/NP+먹/VV+을/ETM+걸/NNB+JKO+그랬/VV+EP+다/EC+~/SY"
          }
        ]
      }
    }
  ]
}