{
  "dataset": {
    "identifier": 29708,
    "name": "BAND_22_20_set",
    "src_path": "/data/file/cubeManager/PROJECT001/49/txt20210915110036064776/BAND_22_20_set/",
    "label_path": "/data/file/cubeManager/PROJECT001/49/txt20210915110036064776/BAND_22_20_set/",
    "category": 2,
    "type": 0
  },
  "licenses": {
    "name": "Apache License 1.0",
    "url": "http://www.apache.org/licenses/LICENSE-1.0"
  },
  "info": [
    {
      "id": 25419,
      "filename": "BAND_22_20.txt",
      "title": "BAND_22_20",
      "mediatype": "SNS",
      "medianame": "네이버밴드",
      "category": "일상대화",
      "date": "2021-09-15",
      "size": 1168,
      "annotations": {
        "subject": "영화/만화",
        "speaker_type": "1:1",
        "size": 1168,
        "word_size": 403,
        "text": "1 : 어렸을 때 만화책은 봤었어?\n2 : 나 만화책 많이 봤던 것 같은데!\n2 : 만화책방에 핫도그 팔아서 맨날 가서 궁이랑 오렌지? 제목이 제대로 기억안 나 키키\n2 : 암튼 그거 봤어\n3 : 키키 우리 엄청 어릴 때 무서운 게 딱 좋아 시리즈 있었는데 알아?\n1 : 키키 알지 알지\n1 : 그거 이번에 네이버 웹툰으로 나왔대!\n1 : 보자 보자\n2 : 키키 아까 나나가 나한테 세대 차이 난다고 했던 그거 ^^?\n2 :  진짜 키키 봤는데 하나도 기억 안 나 다시 볼래!\n3 : 키키 언니 째끄만 책이라고 했나?\n3 : 바보 바보\n1 : 키키 그거 모르는 사람 처음 봐\n1 : 그럼 난 정말 예쁜 걸 난 정말 귀여운 걸 이런  걸 시리즈 알아?\n2 : 걸걸걸 알지~\n2 : 아니 그리고 나 저것도 알아! 키키\n3 : 키키 내용은 기억 안 나는데 진짜 눈뜨면 한 권 다 끝나있었던 것 같다 키키\n3 : 추억이야\n1 : 키키 그거 재밌었어\n1 : 나 아직도 집에 있어 우리 집에\n1 : 난 정말 귀여운 걸 있어\n2 : 나나야 너랑 진짜 잘 어울린다 키키\n2 : 진짜 귀엽다\n2 : 근데 그거 옛날에 우리 집에도 있었어 키키\n3 : 키키 그러면 그거 알아? 무슨 짠돌이 가족의 돈 아끼는 어쩌고\n3 : 이것도 시리즈도 계속 나왔는데\n1 : 아 알아 알아\n1 : 빈대 가족 일 걸 제목!\n1 : 맞지?\n2 : 빈대 가족은 뭐야?\n2 : 그건 모르는데 괴짜 가족도 많이  봤어 키키\n3 : 소름 돋아 그거 맞아 키키\n3 : 대박이다 진짜\n3 : 언니만 맨날 몰라\n3 : 바보 바보\n1 : 키키 모른대요\n1 : 괴짜 가족은 TV만화 아냐?\n1 : 그럼 그거 알아 어디 어디서 살아남기 무인도에서 살아남기 이런 거\n2 : 당근 알지!\n2 : 난 괴짜 가족 만화책으로 봤오\n3 : 웅웅 어어 그거 시리즈 다 있었어\n3 : 그러면 국룰 만화 마법천자문은?\n1 : 와 마법천자문 봤지\n1 : 그거 피아노 학원에 있었어서 맨날 피아노 내 차례 기다리면서 엄청 봄 키키\n2 : 키키 진짜 그거 초딩 때 안 본 애들 있어?\n2 : 키키 맨날 만화책 빌릴 때 친구들이랑 1-5 6-10 이런 식으로 나눠 빌려서 돌아가면서 읽었었는데...\n3 : 키키 나는 그거 시리즈 다 있었어\n3 : 한자는 한 개로 모른다는 게 함정이야\n1 : 키키 근데 그거 되게 재밌었어\n1 : 완전 추억이다\n2 : 키키 그거 다 보고도 한자 모르는 거 국룰 아니야?\n3 : 키키 맞아 지금 생각해 보면 아이디어는 진짜 좋다",
        "lines": [
          {
            "id": 1,
            "text": "1 : 어렸을 때 만화책은 봤었어?",
            "norm_text": "어렸을 때 만화책은 봤었어?",
            "speaker": {
              "id": "1번",
              "sex": "여성",
              "age": "20대"
            },
            "speechAct": "(지시) 질문하기",
            "morpheme": "어렸/VA+EP+을/ETM+때/NNG+만화책/NNG+은/JX+봤었/VV+EP+어/EF"
          },
          {
            "id": 2,
            "text": "2 : 나 만화책 많이 봤던 것 같은데!",
            "norm_text": "나 만화책 많이 봤던 것 같은데!",
            "speaker": {
              "id": "2번",
              "sex": "여성",
              "age": "20대"
            },
            "speechAct": "(단언) 주장하기",
            "morpheme": "나/NP+만화책/NNG+많이/MAG+봤/VV+EP+던/ETM+것/NNB+같/VA+은데/EF"
          },
          {
            "id": 3,
            "text": "2 : 만화책방에 핫도그 팔아서 맨날 가서 궁이랑 오렌지? 제목이 제대로 기억안 나 키키",
            "norm_text": "만화책방에 핫도그 팔아서 맨날 가서 궁이랑 오렌지? 제목이 제대로 기억안 나 키키",
            "speaker": {
              "id": "2번",
              "sex": "여성",
              "age": "20대"
            },
            "speechAct": "(단언) 주장하기",
            "morpheme": "만화/NNG+책방/NNG+에/JKB+핫도그/NNG+팔/VV+아서/EC+맨날/MAG+가/VV+서/EC+궁/NNG+이랑/JKB+오렌지/NNG+?/SY+제목/NNG+이/JKS+제대로/MAG+기억/NNG+안/MAG+나/VV+EC+키/NNG+키/XSV+ETN"
          },
          {
            "id": 4,
            "text": "2 : 암튼 그거 봤어",
            "norm_text": "암튼 그거 봤어",
            "speaker": {
              "id": "2번",
              "sex": "여성",
              "age": "20대"
            },
            "speechAct": "(단언) 진술하기",
            "morpheme": "암튼/MAJ+그거/NP+봤/VV+EP+어/EC"
          },
          {
            "id": 5,
            "text": "3 : 키키 우리 엄청 어릴 때 무서운 게 딱 좋아 시리즈 있었는데 알아?",
            "norm_text": "키키 우리 엄청 어릴 때 무서운 게 딱 좋아 시리즈 있었는데 알아?",
            "speaker": {
              "id": "3번",
              "sex": "여성",
              "age": "20대"
            },
            "speechAct": "(지시) 질문하기",
            "morpheme": "키/NNG+키/XSV+ETN+우리/NP+엄청/MAG+어릴/VA+ETM+때/NNG+무서운/VA+ETM+게/NNB+JKS+딱/MAG+좋/VA+아/EC+시리즈/NNG+있/VV+었/EP+는데/EC+알/VV+아/EF"
          },
          {
            "id": 6,
            "text": "1 : 키키 알지 알지",
            "norm_text": "키키 알지 알지",
            "speaker": {
              "id": "1번",
              "sex": "여성",
              "age": "20대"
            },
            "speechAct": "(단언) 주장하기",
            "morpheme": "키/NNG+키/XSV+ETN+알/VV+지/EC+알/VV+지/EC"
          },
          {
            "id": 7,
            "text": "1 : 그거 이번에 네이버 웹툰으로 나왔대!",
            "norm_text": "그거 이번에 네이버 웹툰으로 나왔대!",
            "speaker": {
              "id": "1번",
              "sex": "여성",
              "age": "20대"
            },
            "speechAct": "(단언) 진술하기",
            "morpheme": "그거/NP+이번/NNG+에/JKB+네이버/NNP+웹툰/NNP+으로/JKB+나왔/VV+EP+대/EF"
          },
          {
            "id": 8,
            "text": "1 : 보자 보자",
            "norm_text": "보자 보자",
            "speaker": {
              "id": "1번",
              "sex": "여성",
              "age": "20대"
            },
            "speechAct": "(지시) 충고/제안하기",
            "morpheme": "보/VV+자/EC+보/VX+자/EC"
          },
          {
            "id": 9,
            "text": "2 : 키키 아까 나나가 나한테 세대 차이 난다고 했던 그거 ^^?",
            "norm_text": "키키 아까 나나가 나한테 세대 차이 난다고 했던 그거 ^^?",
            "speaker": {
              "id": "2번",
              "sex": "여성",
              "age": "20대"
            },
            "speechAct": "(지시) 질문하기",
            "morpheme": "키/NNG+키/NNG+아까/MAG+나/NP+나/NP+가/JKS+나/NP+한테/JKB+세대/NNG+차이/NNG+난다고/VV+EC+했/VX+EP+던/ETM+그거/NP+^/SY+^/SY"
          },
          {
            "id": 10,
            "text": "2 :  진짜 키키 봤는데 하나도 기억 안 나 다시 볼래!",
            "norm_text": "진짜 키키 봤는데 하나도 기억 안 나 다시 볼래!",
            "speaker": {
              "id": "2번",
              "sex": "여성",
              "age": "20대"
            },
            "speechAct": "(단언) 주장하기",
            "morpheme": "진짜/MAG+키/NNG+키/XSV+ETN+봤/VV+EP+는데/EC+하나/NR+도/JX+기억/NNG+안/MAG+나/VV+EC+다시/MAG+볼래/VV+EF"
          },
          {
            "id": 11,
            "text": "3 : 키키 언니 째끄만 책이라고 했나?",
            "norm_text": "키키 언니 째끄만 책이라고 했나?",
            "speaker": {
              "id": "3번",
              "sex": "여성",
              "age": "20대"
            },
            "speechAct": "(지시) 질문하기",
            "morpheme": "키/NNG+키/NNG+언니/NNG+째/XSN+끄/VV+만/EC+책/NNG+이/VCP+라고/EC+했/VX+EP+나/EF"
          },
          {
            "id": 12,
            "text": "3 : 바보 바보",
            "norm_text": "바보 바보",
            "speaker": {
              "id": "3번",
              "sex": "여성",
              "age": "20대"
            },
            "speechAct": "(단언) 주장하기",
            "morpheme": "바보바보/NNP"
          },
          {
            "id": 13,
            "text": "1 : 키키 그거 모르는 사람 처음 봐",
            "norm_text": "키키 그거 모르는 사람 처음 봐",
            "speaker": {
              "id": "1번",
              "sex": "여성",
              "age": "20대"
            },
            "speechAct": "(단언) 주장하기",
            "morpheme": "키/NNG+키/XSV+ETN+그거/NP+모르/VV+는/ETM+사람/NNG+처음/NNG+봐/VV+EC"
          },
          {
            "id": 14,
            "text": "1 : 그럼 난 정말 예쁜 걸 난 정말 귀여운 걸 이런  걸 시리즈 알아?",
            "norm_text": "그럼 난 정말 예쁜 걸 난 정말 귀여운 걸 이런  걸 시리즈 알아?",
            "speaker": {
              "id": "1번",
              "sex": "여성",
              "age": "20대"
            },
            "speechAct": "(지시) 질문하기",
            "morpheme": "그럼/MAJ+난/NP+JX+정말/MAG+예쁜/VA+ETM+걸/NNB+JKO+난/NP+JX+정말/MAG+귀여운/VA+ETM+걸/NNB+JKO+이런/MM+걸/NNB+JKO+시리즈/NNG+알/VV+아/EF"
          },
          {
            "id": 15,
            "text": "2 : 걸걸걸 알지~",
            "norm_text": "걸걸걸 알지~",
            "speaker": {
              "id": "2번",
              "sex": "여성",
              "age": "20대"
            },
            "speechAct": "(단언) 주장하기",
            "morpheme": "걸/NP+JKO+걸걸/MAG+알/VV+지/EC+~/SY"
          },
          {
            "id": 16,
            "text": "2 : 아니 그리고 나 저것도 알아! 키키",
            "norm_text": "아니 그리고 나 저것도 알아! 키키",
            "speaker": {
              "id": "2번",
              "sex": "여성",
              "age": "20대"
            },
            "speechAct": "(단언) 주장하기",
            "morpheme": "아니/IC+그리고/MAJ+나/NP+저것/NP+도/JX+알/VV+아/EF+키/NNG+키/XSV+ETN"
          },
          {
            "id": 17,
            "text": "3 : 키키 내용은 기억 안 나는데 진짜 눈뜨면 한 권 다 끝나있었던 것 같다 키키",
            "norm_text": "키키 내용은 기억 안 나는데 진짜 눈뜨면 한 권 다 끝나있었던 것 같다 키키",
            "speaker": {
              "id": "3번",
              "sex": "여성",
              "age": "20대"
            },
            "speechAct": "(단언) 주장하기",
            "morpheme": "키/NNG+키/NNG+내용/NNG+은/JX+기억/NNG+안/MAG+나/VV+는데/EC+진짜/MAG+눈뜨/VV+면/EC+한/MM+권/NNBC+다/MAG+끝나/VV+EC+있/VX+었/EP+던/ETM+것/NNB+같/VA+다키키/NNP"
          },
          {
            "id": 18,
            "text": "3 : 추억이야",
            "norm_text": "추억이야",
            "speaker": {
              "id": "3번",
              "sex": "여성",
              "age": "20대"
            },
            "speechAct": "(단언) 주장하기",
            "morpheme": "추억/NNG+이/VCP+야/EC"
          },
          {
            "id": 19,
            "text": "1 : 키키 그거 재밌었어",
            "norm_text": "키키 그거 재밌었어",
            "speaker": {
              "id": "1번",
              "sex": "여성",
              "age": "20대"
            },
            "speechAct": "(단언) 주장하기",
            "morpheme": "키/NNG+키/XSV+ETN+그거/NP+재밌/VA+었/EP+어/EC"
          },
          {
            "id": 20,
            "text": "1 : 나 아직도 집에 있어 우리 집에",
            "norm_text": "나 아직도 집에 있어 우리 집에",
            "speaker": {
              "id": "1번",
              "sex": "여성",
              "age": "20대"
            },
            "speechAct": "(단언) 주장하기",
            "morpheme": "나/NP+아직/MAG+도집/NNG+에/JKB+있/VV+어/EC+우리/NP+집/NNG+에/JKB"
          },
          {
            "id": 21,
            "text": "1 : 난 정말 귀여운 걸 있어",
            "norm_text": "난 정말 귀여운 걸 있어",
            "speaker": {
              "id": "1번",
              "sex": "여성",
              "age": "20대"
            },
            "speechAct": "(단언) 주장하기",
            "morpheme": "난/NP+JX+정말/MAG+귀여운/VA+ETM+걸/NNB+JKO+있/VV+어/EC"
          },
          {
            "id": 22,
            "text": "2 : 나나야 너랑 진짜 잘 어울린다 키키",
            "norm_text": "나나야 너랑 진짜 잘 어울린다 키키",
            "speaker": {
              "id": "2번",
              "sex": "여성",
              "age": "20대"
            },
            "speechAct": "(단언) 주장하기",
            "morpheme": "나/NP+나/NP+야/VCP+EF+너/NP+랑/JKB+진짜/MAG+잘/MAG+어울린/VV+ETM+다키키/NNP"
          },
          {
            "id": 23,
            "text": "2 : 진짜 귀엽다",
            "norm_text": "진짜 귀엽다",
            "speaker": {
              "id": "2번",
              "sex": "여성",
              "age": "20대"
            },
            "speechAct": "(단언) 주장하기",
            "morpheme": "진짜/MAG+귀엽/VA+다/EC"
          },
          {
            "id": 24,
            "text": "2 : 근데 그거 옛날에 우리 집에도 있었어 키키",
            "norm_text": "근데 그거 옛날에 우리 집에도 있었어 키키",
            "speaker": {
              "id": "2번",
              "sex": "여성",
              "age": "20대"
            },
            "speechAct": "(단언) 진술하기",
            "morpheme": "근데/MAJ+그거/NP+옛날/NNG+에/JKB+우리/NP+집/NNG+에/JKB+도/JX+있/VA+었/EP+어/EC+키/NNG+키/XSV+ETN"
          },
          {
            "id": 25,
            "text": "3 : 키키 그러면 그거 알아? 무슨 짠돌이 가족의 돈 아끼는 어쩌고",
            "norm_text": "키키 그러면 그거 알아? 무슨 짠돌이 가족의 돈 아끼는 어쩌고",
            "speaker": {
              "id": "3번",
              "sex": "여성",
              "age": "20대"
            },
            "speechAct": "(지시) 질문하기",
            "morpheme": "키/NNG+키/XSV+ETN+그러면/MAJ+그거/NP+알/VV+아/EF+무슨/MM+짠돌이/NNG+가족/NNG+의/JKG+돈/NNG+아끼/VV+는/ETM+어쩌/VV+고/EC"
          },
          {
            "id": 26,
            "text": "3 : 이것도 시리즈도 계속 나왔는데",
            "norm_text": "이것도 시리즈도 계속 나왔는데",
            "speaker": {
              "id": "3번",
              "sex": "여성",
              "age": "20대"
            },
            "speechAct": "(단언) 주장하기",
            "morpheme": "이것/NP+도/JX+시리즈/NNG+도/JX+계속/MAG+나왔/VV+EP+는데/EC"
          },
          {
            "id": 27,
            "text": "1 : 아 알아 알아",
            "norm_text": "아 알아 알아",
            "speaker": {
              "id": "1번",
              "sex": "여성",
              "age": "20대"
            },
            "speechAct": "(단언) 주장하기",
            "morpheme": "아/IC+알/VV+아/EC+알/VV+아/EC"
          },
          {
            "id": 28,
            "text": "1 : 빈대 가족 일 걸 제목!",
            "norm_text": "빈대 가족 일 걸 제목!",
            "speaker": {
              "id": "1번",
              "sex": "여성",
              "age": "20대"
            },
            "speechAct": "(단언) 주장하기",
            "morpheme": "빈대/NNG+가족/NNG+일/VCP+ETM+걸/NNB+JKO+제목/NNG"
          },
          {
            "id": 29,
            "text": "1 : 맞지?",
            "norm_text": "맞지?",
            "speaker": {
              "id": "1번",
              "sex": "여성",
              "age": "20대"
            },
            "speechAct": "(지시) 질문하기",
            "morpheme": "맞/VV+지/EF"
          },
          {
            "id": 30,
            "text": "2 : 빈대 가족은 뭐야?",
            "norm_text": "빈대 가족은 뭐야?",
            "speaker": {
              "id": "2번",
              "sex": "여성",
              "age": "20대"
            },
            "speechAct": "(지시) 질문하기",
            "morpheme": "빈대/NNG+가족/NNG+은/JX+뭐/NP+야/VCP+EF"
          },
          {
            "id": 31,
            "text": "2 : 그건 모르는데 괴짜 가족도 많이  봤어 키키",
            "norm_text": "그건 모르는데 괴짜 가족도 많이  봤어 키키",
            "speaker": {
              "id": "2번",
              "sex": "여성",
              "age": "20대"
            },
            "speechAct": "(단언) 진술하기",
            "morpheme": "그건/NP+JX+모르/VV+는데/EC+괴짜/NNG+가족/NNG+도/JX+많이/MAG+봤/VV+EP+어/EC+키/NNG+키/XSV+ETN"
          },
          {
            "id": 32,
            "text": "3 : 소름 돋아 그거 맞아 키키",
            "norm_text": "소름 돋아 그거 맞아 키키",
            "speaker": {
              "id": "3번",
              "sex": "여성",
              "age": "20대"
            },
            "speechAct": "(단언) 주장하기",
            "morpheme": "소름/NNG+돋/VV+아/EC+그거/NP+맞/VV+아/EC+키/NNG+키/XSV+ETN"
          },
          {
            "id": 33,
            "text": "3 : 대박이다 진짜",
            "norm_text": "대박이다 진짜",
            "speaker": {
              "id": "3번",
              "sex": "여성",
              "age": "20대"
            },
            "speechAct": "(단언) 주장하기",
            "morpheme": "대박/NNG+이/JKS+다/MAG+진짜/MAG"
          },
          {
            "id": 34,
            "text": "3 : 언니만 맨날 몰라",
            "norm_text": "언니만 맨날 몰라",
            "speaker": {
              "id": "3번",
              "sex": "여성",
              "age": "20대"
            },
            "speechAct": "(단언) 주장하기",
            "morpheme": "언니/NNG+만/JX+맨날/MAG+몰라/VV+EC"
          },
          {
            "id": 35,
            "text": "3 : 바보 바보",
            "norm_text": "바보 바보",
            "speaker": {
              "id": "3번",
              "sex": "여성",
              "age": "20대"
            },
            "speechAct": "(단언) 주장하기",
            "morpheme": "바보바보/NNP"
          },
          {
            "id": 36,
            "text": "1 : 키키 모른대요",
            "norm_text": "키키 모른대요",
            "speaker": {
              "id": "1번",
              "sex": "여성",
              "age": "20대"
            },
            "speechAct": "(단언) 주장하기",
            "morpheme": "키/NNG+키/XSV+ETN+모른대요/VV+EF"
          },
          {
            "id": 37,
            "text": "1 : 괴짜 가족은 TV만화 아냐?",
            "norm_text": "괴짜 가족은 TV만화 아냐?",
            "speaker": {
              "id": "1번",
              "sex": "여성",
              "age": "20대"
            },
            "speechAct": "(지시) 질문하기",
            "morpheme": "괴짜가족/NNP+은/JX+TV/SL+만화/NNG+아냐/VCN+EF"
          },
          {
            "id": 38,
            "text": "1 : 그럼 그거 알아 어디 어디서 살아남기 무인도에서 살아남기 이런 거",
            "norm_text": "그럼 그거 알아 어디 어디서 살아남기 무인도에서 살아남기 이런 거",
            "speaker": {
              "id": "1번",
              "sex": "여성",
              "age": "20대"
            },
            "speechAct": "(지시) 질문하기",
            "morpheme": "그럼/MAJ+그거/NP+알/VV+아/EC+어디/NP+어디/NP+서/JKB+살아남/VV+기/ETN+무인도/NNG+에서/JKB+살아남/VV+기/ETN+이런/MM+거/NNB"
          },
          {
            "id": 39,
            "text": "2 : 당근 알지!",
            "norm_text": "당근 알지!",
            "speaker": {
              "id": "2번",
              "sex": "여성",
              "age": "20대"
            },
            "speechAct": "(단언) 주장하기",
            "morpheme": "당근/MAG+알/VV+지/EF"
          },
          {
            "id": 40,
            "text": "2 : 난 괴짜 가족 만화책으로 봤오",
            "norm_text": "난 괴짜 가족 만화책으로 봤오",
            "speaker": {
              "id": "2번",
              "sex": "여성",
              "age": "20대"
            },
            "speechAct": "(단언) 진술하기",
            "morpheme": "난/NP+JX+괴짜가족/NNP+만화책/NNG+으로/JKB+봤/VV+EP+오/EC"
          },
          {
            "id": 41,
            "text": "3 : 웅웅 어어 그거 시리즈 다 있었어",
            "norm_text": "웅웅 어어 그거 시리즈 다 있었어",
            "speaker": {
              "id": "3번",
              "sex": "여성",
              "age": "20대"
            },
            "speechAct": "(단언) 주장하기",
            "morpheme": "웅웅/MAG+어/IC+어/IC+그거/NP+시리즈/NNG+다/VCP+EC+있/VX+었/EP+어/EC"
          },
          {
            "id": 42,
            "text": "3 : 그러면 국룰 만화 마법천자문은?",
            "norm_text": "그러면 국룰 만화 마법천자문은?",
            "speaker": {
              "id": "3번",
              "sex": "여성",
              "age": "20대"
            },
            "speechAct": "(지시) 질문하기",
            "morpheme": "그러면/MAJ+국/NNG+룰/NNG+만화/NNG+마법천자문/NNP+은/JX"
          },
          {
            "id": 43,
            "text": "1 : 와 마법천자문 봤지",
            "norm_text": "와 마법천자문 봤지",
            "speaker": {
              "id": "1번",
              "sex": "여성",
              "age": "20대"
            },
            "speechAct": "(단언) 진술하기",
            "morpheme": "와/IC+마법천자문/NNP+봤/VV+EP+지/EC"
          },
          {
            "id": 44,
            "text": "1 : 그거 피아노 학원에 있었어서 맨날 피아노 내 차례 기다리면서 엄청 봄 키키",
            "norm_text": "그거 피아노 학원에 있었어서 맨날 피아노 내 차례 기다리면서 엄청 봄 키키",
            "speaker": {
              "id": "1번",
              "sex": "여성",
              "age": "20대"
            },
            "speechAct": "(단언) 진술하기",
            "morpheme": "그거/NP+피아노/NNG+학원/NNG+에/JKB+있/VV+었/EP+어서/EC+맨날/MAG+피아노/NNG+내/NNB+차례/NNG+기다리/VV+면서/EC+엄청/MAG+봄/NNG+키/NNG+키/XSV+ETN"
          },
          {
            "id": 45,
            "text": "2 : 키키 진짜 그거 초딩 때 안 본 애들 있어?",
            "norm_text": "키키 진짜 그거 초딩 때 안 본 애들 있어?",
            "speaker": {
              "id": "2번",
              "sex": "여성",
              "age": "20대"
            },
            "speechAct": "(지시) 질문하기",
            "morpheme": "키/NNG+키/XSV+ETN+진짜/MAG+그거/NP+초딩/NNG+때/NNG+안/MAG+본/VV+ETM+애/NNG+들/XSN+있/VA+어/EF"
          },
          {
            "id": 46,
            "text": "2 : 키키 맨날 만화책 빌릴 때 친구들이랑 1-5 6-10 이런 식으로 나눠 빌려서 돌아가면서 읽었었는데...",
            "norm_text": "키키 맨날 만화책 빌릴 때 친구들이랑 1-5 6-10 이런 식으로 나눠 빌려서 돌아가면서 읽었었는데...",
            "speaker": {
              "id": "2번",
              "sex": "여성",
              "age": "20대"
            },
            "speechAct": "(단언) 진술하기",
            "morpheme": "키/NNG+키/NNG+맨날/MAG+만화책/NNG+빌릴/VV+ETM+때/NNG+친구/NNG+들/XSN+이랑/JKB+1/SN+-/SY+56/SN+-/SY+10/SN+이런/MM+식/NNB+으로/JKB+나눠/VV+EC+빌려서/VV+EC+돌아가/VV+면서/EC+읽/VV+었었/EP+는데/EC+./SY+./SY"
          },
          {
            "id": 47,
            "text": "3 : 키키 나는 그거 시리즈 다 있었어",
            "norm_text": "키키 나는 그거 시리즈 다 있었어",
            "speaker": {
              "id": "3번",
              "sex": "여성",
              "age": "20대"
            },
            "speechAct": "(단언) 진술하기",
            "morpheme": "키/NNG+키나/XSA+ETN+JX+는/JX+그거/NP+시리즈/NNG+다/VCP+EC+있/VX+었/EP+어/EC"
          },
          {
            "id": 48,
            "text": "3 : 한자는 한 개로 모른다는 게 함정이야",
            "norm_text": "한자는 한 개로 모른다는 게 함정이야",
            "speaker": {
              "id": "3번",
              "sex": "여성",
              "age": "20대"
            },
            "speechAct": "(단언) 주장하기",
            "morpheme": "한자/NNG+는/JX+한/MM+개/NNBC+로/JKB+모른다는/VV+ETM+게/NNB+JKS+함정/NNG+이/VCP+야/EC"
          },
          {
            "id": 49,
            "text": "1 : 키키 근데 그거 되게 재밌었어",
            "norm_text": "키키 근데 그거 되게 재밌었어",
            "speaker": {
              "id": "1번",
              "sex": "여성",
              "age": "20대"
            },
            "speechAct": "(단언) 주장하기",
            "morpheme": "키/NNG+키/XSV+ETN+근데/MAJ+그거/NP+되게/MAG+재밌/VA+었/EP+어/EC"
          },
          {
            "id": 50,
            "text": "1 : 완전 추억이다",
            "norm_text": "완전 추억이다",
            "speaker": {
              "id": "1번",
              "sex": "여성",
              "age": "20대"
            },
            "speechAct": "(단언) 주장하기",
            "morpheme": "완전/NNG+추억/NNG+이/VCP+다/EC"
          },
          {
            "id": 51,
            "text": "2 : 키키 그거 다 보고도 한자 모르는 거 국룰 아니야?",
            "norm_text": "키키 그거 다 보고도 한자 모르는 거 국룰 아니야?",
            "speaker": {
              "id": "2번",
              "sex": "여성",
              "age": "20대"
            },
            "speechAct": "(단언) 주장하기",
            "morpheme": "키/NNG+키/XSV+ETN+그거/NP+다/JX+보고/NNG+도/JX+한자/NNG+모르/VV+는/ETM+거국/NNG+룰/NNG+아니/VCN+야/EF"
          },
          {
            "id": 52,
            "text": "3 : 키키 맞아 지금 생각해 보면 아이디어는 진짜 좋다",
            "norm_text": "키키 맞아 지금 생각해 보면 아이디어는 진짜 좋다",
            "speaker": {
              "id": "3번",
              "sex": "여성",
              "age": "20대"
            },
            "speechAct": "(단언) 주장하기",
            "morpheme": "키/NNG+키/XSV+ETN+맞/VV+아/EC+지금/MAG+생각/NNG+해/XSV+EC+보/VX+면/EC+아이디어/NNG+는/JX+진짜/MAG+좋/VA+다/EC"
          }
        ]
      }
    }
  ]
}