{
  "dataset": {
    "identifier": 122185,
    "name": "BAND_45_20_set",
    "src_path": "/data/file/cubeManager/PROJECT001/80/txt20211103154613083730/BAND_45_20_set/",
    "label_path": "/data/file/cubeManager/PROJECT001/80/txt20211103154613083730/BAND_45_20_set/",
    "category": 2,
    "type": 0
  },
  "licenses": {
    "name": "Apache License 1.0",
    "url": "http://www.apache.org/licenses/LICENSE-1.0"
  },
  "info": [
    {
      "id": 135515,
      "filename": "BAND_45_20.txt",
      "title": "BAND_45_20",
      "mediatype": "SNS",
      "medianame": "네이버밴드",
      "category": "일상대화",
      "date": "2021-11-03",
      "size": 473,
      "annotations": {
        "subject": "영화/만화",
        "speaker_type": "다자간 대화",
        "size": 473,
        "word_size": 162,
        "text": "1 : 어릴 때 만화 많이 봐서 눈 나빠졌는데 키키\n2 : 나는 어릴 때 만화 많이 봤는데도 눈은 좋아 키키\n3 : 나는 시력이 2,0 이하로 가본 적이 없어\n1 : 와 대박이네\n1 : 난 다 가까이서 봐서 눈 엄청 나빠\n2 : 어릴 때 카드캡터체리 날아라슈퍼보드 이런 거 진짜 많이 봤는데 키키\n3 : 엥 나는 짱구 나루토 봤는데\n1 : 달빛천사가 레전드인 거 알아?\n2 : 달빛천사?\n2 : 나는 신의괴도 잔느 이런 거는 아는데\n3 : ost가 최고지\n3 : 진짜 달빛천사\n1 : 알구나\n1 : 작년인가 콘서트도 했잖아!\n2 : 흠 나는 왜 모르겠지…?\n2 : 첨 들어보는데\n3 : 어허\n3 : 이 명작을 모르다니\n1 : 진짜 보면 빠질 거야...\n1 : 최애 만화\n2 : 아 진짜?\n2 : 카드캡터체리가 완전 명작 아니야?\n3 : 와 둘다 명작의 반열이지\n1 : 오랜만에 만화 땡기네 키키\n1 : 봐야지~\n2 : 슈가슈가룬 이런 것도 보고 그랬는데 키키\n3 : 케케체 슈가슈가룬 다 꿀잼",
        "lines": [
          {
            "id": 1,
            "text": "1 : 어릴 때 만화 많이 봐서 눈 나빠졌는데 키키",
            "norm_text": "어릴 때 만화 많이 봐서 눈 나빠졌는데 키키",
            "speaker": {
              "id": "1번",
              "sex": "여성",
              "age": "20대"
            },
            "speechAct": "(단언) 주장하기",
            "morpheme": "어릴/VA+ETM+때/NNG+만화/NNG+많이/MAG+봐서/VV+EC+눈/NNG+나빠졌/VA+EC+VX+EP+는데/EC+키/NNG+키/XSV+ETN"
          },
          {
            "id": 2,
            "text": "2 : 나는 어릴 때 만화 많이 봤는데도 눈은 좋아 키키",
            "norm_text": "나는 어릴 때 만화 많이 봤는데도 눈은 좋아 키키",
            "speaker": {
              "id": "2번",
              "sex": "남성",
              "age": "20대"
            },
            "speechAct": "(단언) 주장하기",
            "morpheme": "나/NP+는/JX+어릴/VA+ETM+때/NNG+만화/NNG+많이/MAG+봤/VV+EP+는데/EC+도/JX+눈/NNG+은/JX+좋/VA+아/EC+키/NNG+키/XSV+ETN"
          },
          {
            "id": 3,
            "text": "3 : 나는 시력이 2,0 이하로 가본 적이 없어",
            "norm_text": "나는 시력이 2,0 이하로 가본 적이 없어",
            "speaker": {
              "id": "3번",
              "sex": "남성",
              "age": "20대"
            },
            "speechAct": "(단언) 진술하기",
            "morpheme": "나/NP+는/JX+시력/NNG+이/JKS+2/SN+,/SC+0/SN+이하/NNG+로/JKB+가본적/NNG+이/JKS+없/VA+어/EC"
          },
          {
            "id": 4,
            "text": "1 : 와 대박이네",
            "norm_text": "와 대박이네",
            "speaker": {
              "id": "1번",
              "sex": "여성",
              "age": "20대"
            },
            "speechAct": "(단언) 주장하기",
            "morpheme": "와대/NNG+박이/XSN+네/XSN"
          },
          {
            "id": 5,
            "text": "1 : 난 다 가까이서 봐서 눈 엄청 나빠",
            "norm_text": "난 다 가까이서 봐서 눈 엄청 나빠",
            "speaker": {
              "id": "1번",
              "sex": "여성",
              "age": "20대"
            },
            "speechAct": "(단언) 주장하기",
            "morpheme": "난다/NNG+가/JKS+까이/VV+서/EC+봐서/VV+EC+눈/NNG+엄청/MAG+나빠/VA+EC"
          },
          {
            "id": 6,
            "text": "2 : 어릴 때 카드캡터체리 날아라슈퍼보드 이런 거 진짜 많이 봤는데 키키",
            "norm_text": "어릴 때 카드캡터체리 날아라슈퍼보드 이런 거 진짜 많이 봤는데 키키",
            "speaker": {
              "id": "2번",
              "sex": "남성",
              "age": "20대"
            },
            "speechAct": "(단언) 주장하기",
            "morpheme": "어릴/VA+ETM+때/NNG+카드/NNG+캡터/NNG+체리/NNG+날아라/NNP+슈퍼/NNG+보드/NNP+이런/MM+거/NNB+진짜/MAG+많이/MAG+봤/VV+EP+는데/EC+키/NNG+키/XSV+ETN"
          },
          {
            "id": 7,
            "text": "3 : 엥 나는 짱구 나루토 봤는데",
            "norm_text": "엥 나는 짱구 나루토 봤는데",
            "speaker": {
              "id": "3번",
              "sex": "남성",
              "age": "20대"
            },
            "speechAct": "(단언) 주장하기",
            "morpheme": "엥/IC+나/NP+는/JX+짱구/NNG+나루/NNG+토/XSV+EC+봤/VX+EP+는데/EC"
          },
          {
            "id": 8,
            "text": "1 : 달빛천사가 레전드인 거 알아?",
            "norm_text": "달빛천사가 레전드인 거 알아?",
            "speaker": {
              "id": "1번",
              "sex": "여성",
              "age": "20대"
            },
            "speechAct": "(단언) 주장하기",
            "morpheme": "달빛천사/NNP+가/JKS+레전드/NNP+인/VCP+ETM+거/NNB+알/VV+아/EF"
          },
          {
            "id": 9,
            "text": "2 : 달빛천사?",
            "norm_text": "달빛천사?",
            "speaker": {
              "id": "2번",
              "sex": "남성",
              "age": "20대"
            },
            "speechAct": "(지시) 질문하기",
            "morpheme": "달빛천사/NNP"
          },
          {
            "id": 10,
            "text": "2 : 나는 신의괴도 잔느 이런 거는 아는데",
            "norm_text": "나는 신의괴도 잔느 이런 거는 아는데",
            "speaker": {
              "id": "2번",
              "sex": "남성",
              "age": "20대"
            },
            "speechAct": "(단언) 주장하기",
            "morpheme": "나/NP+는/JX+신/NNG+의/JKG+괴도/NNG+잔느/NNP+이런/MM+거/NNB+는/JX+아/VV+는데/EC"
          },
          {
            "id": 11,
            "text": "3 : ost가 최고지",
            "norm_text": "ost가 최고지",
            "speaker": {
              "id": "3번",
              "sex": "남성",
              "age": "20대"
            },
            "speechAct": "(단언) 주장하기",
            "morpheme": "ost/SL+가/JKS+최고/NNG+지/VCP+EC"
          },
          {
            "id": 12,
            "text": "3 : 진짜 달빛천사",
            "norm_text": "진짜 달빛천사",
            "speaker": {
              "id": "3번",
              "sex": "남성",
              "age": "20대"
            },
            "speechAct": "(단언) 주장하기",
            "morpheme": "진짜/MAG+달빛천사/NNP"
          },
          {
            "id": 13,
            "text": "1 : 알구나",
            "norm_text": "알구나",
            "speaker": {
              "id": "1번",
              "sex": "여성",
              "age": "20대"
            },
            "speechAct": "(단언) 주장하기",
            "morpheme": "알/VV+구나/EC"
          },
          {
            "id": 14,
            "text": "1 : 작년인가 콘서트도 했잖아!",
            "norm_text": "작년인가 콘서트도 했잖아!",
            "speaker": {
              "id": "1번",
              "sex": "여성",
              "age": "20대"
            },
            "speechAct": "(단언) 진술하기",
            "morpheme": "작년/NNG+인가/VCP+EC+콘서트/NNG+도/JX+했잖아/VX+EP+EC+VX+EF"
          },
          {
            "id": 15,
            "text": "2 : 흠 나는 왜 모르겠지…?",
            "norm_text": "흠 나는 왜 모르겠지…?",
            "speaker": {
              "id": "2번",
              "sex": "남성",
              "age": "20대"
            },
            "speechAct": "(단언) 주장하기",
            "morpheme": "흠/IC+나/NP+는/JX+왜/MAG+모르/VV+겠/EP+지/EC+…/SE"
          },
          {
            "id": 16,
            "text": "2 : 첨 들어보는데",
            "norm_text": "첨 들어보는데",
            "speaker": {
              "id": "2번",
              "sex": "남성",
              "age": "20대"
            },
            "speechAct": "(단언) 주장하기",
            "morpheme": "첨/MAG+들/VV+어/EC+보/VX+는데/EC"
          },
          {
            "id": 17,
            "text": "3 : 어허",
            "norm_text": "어허",
            "speaker": {
              "id": "3번",
              "sex": "남성",
              "age": "20대"
            },
            "speechAct": "턴토크 사인(관습적 반응)",
            "morpheme": "어허/IC"
          },
          {
            "id": 18,
            "text": "3 : 이 명작을 모르다니",
            "norm_text": "이 명작을 모르다니",
            "speaker": {
              "id": "3번",
              "sex": "남성",
              "age": "20대"
            },
            "speechAct": "(단언) 주장하기",
            "morpheme": "이/MM+명작/NNG+을/JKO+모르/VV+다니/EC"
          },
          {
            "id": 19,
            "text": "1 : 진짜 보면 빠질 거야...",
            "norm_text": "진짜 보면 빠질 거야...",
            "speaker": {
              "id": "1번",
              "sex": "여성",
              "age": "20대"
            },
            "speechAct": "(단언) 주장하기",
            "morpheme": "진짜/MAG+보/VV+면/EC+빠질/VX+ETM+거/NNB+야/VCP+EF+./SY"
          },
          {
            "id": 20,
            "text": "1 : 최애 만화",
            "norm_text": "최애 만화",
            "speaker": {
              "id": "1번",
              "sex": "여성",
              "age": "20대"
            },
            "speechAct": "(단언) 주장하기",
            "morpheme": "최애/NNG+만화/NNG"
          },
          {
            "id": 21,
            "text": "2 : 아 진짜?",
            "norm_text": "아 진짜?",
            "speaker": {
              "id": "2번",
              "sex": "남성",
              "age": "20대"
            },
            "speechAct": "턴토크 사인(관습적 반응)",
            "morpheme": "아/IC+진짜/MAG"
          },
          {
            "id": 22,
            "text": "2 : 카드캡터체리가 완전 명작 아니야?",
            "norm_text": "카드캡터체리가 완전 명작 아니야?",
            "speaker": {
              "id": "2번",
              "sex": "남성",
              "age": "20대"
            },
            "speechAct": "(지시) 질문하기",
            "morpheme": "카드/NNG+캡터/NNG+체리/NNG+가/JKS+완전/MAG+명작/NNG+아니/VCN+야/EF"
          },
          {
            "id": 23,
            "text": "3 : 와 둘다 명작의 반열이지",
            "norm_text": "와 둘다 명작의 반열이지",
            "speaker": {
              "id": "3번",
              "sex": "남성",
              "age": "20대"
            },
            "speechAct": "(단언) 주장하기",
            "morpheme": "와/IC+둘/NR+다/MAG+명작/NNG+의/JKG+반열/NNG+이/VCP+지/EC"
          },
          {
            "id": 24,
            "text": "1 : 오랜만에 만화 땡기네 키키",
            "norm_text": "오랜만에 만화 땡기네 키키",
            "speaker": {
              "id": "1번",
              "sex": "여성",
              "age": "20대"
            },
            "speechAct": "(단언) 주장하기",
            "morpheme": "오랜만/NNG+에/JKB+만화/NNG+땡기/VV+네/EF+키/NNG+키/XSV+ETN"
          },
          {
            "id": 25,
            "text": "1 : 봐야지~",
            "norm_text": "봐야지~",
            "speaker": {
              "id": "1번",
              "sex": "여성",
              "age": "20대"
            },
            "speechAct": "(언약) 약속하기(제3자와)/(개인적 수준)",
            "morpheme": "봐야지/VV+EC+~/SY"
          },
          {
            "id": 26,
            "text": "2 : 슈가슈가룬 이런 것도 보고 그랬는데 키키",
            "norm_text": "슈가슈가룬 이런 것도 보고 그랬는데 키키",
            "speaker": {
              "id": "2번",
              "sex": "남성",
              "age": "20대"
            },
            "speechAct": "(단언) 주장하기",
            "morpheme": "슈가슈가룬/NNP+이런/MM+것/NNB+도/JX+보/VV+고/EC+그랬/VV+EP+는데/EC+키/NNG+키/XSV+ETN"
          },
          {
            "id": 27,
            "text": "3 : 케케체 슈가슈가룬 다 꿀잼",
            "norm_text": "케케체 슈가슈가룬 다 꿀잼",
            "speaker": {
              "id": "3번",
              "sex": "남성",
              "age": "20대"
            },
            "speechAct": "(단언) 주장하기",
            "morpheme": "케케/NNP+체/NNP+슈가슈가룬/NNP+다/MAG+꿀/VV+ETM+잼/NNG"
          }
        ]
      }
    }
  ]
}