{
  "dataset": {
    "identifier": 68153,
    "name": "BAND_36_04_set",
    "src_path": "/data/file/cubeManager/PROJECT001/53/txt20211006142823063191/BAND_36_04_set/",
    "label_path": "/data/file/cubeManager/PROJECT001/53/txt20211006142823063191/BAND_36_04_set/",
    "category": 2,
    "type": 0
  },
  "licenses": {
    "name": "Apache License 1.0",
    "url": "http://www.apache.org/licenses/LICENSE-1.0"
  },
  "info": [
    {
      "id": 45656,
      "filename": "BAND_36_04.txt",
      "title": "BAND_36_04",
      "mediatype": "SNS",
      "medianame": "네이버밴드",
      "category": "일상대화",
      "date": "2021-10-06",
      "size": 1204,
      "annotations": {
        "subject": "회사/아르바이트",
        "speaker_type": "다자간 대화",
        "size": 1204,
        "word_size": 382,
        "text": "1 : 영업직은 어떤 거 같애?\n1 : 하면 잘 할 수 있을 거 같아?\n2 : 한 번도 생각해 본 적이 없어~\n2 : 넌 어때? 적성에 맞을 거 같아?\n3 : 음... 생각해본 적 없는데 뭔가 힘들 것 같아 육체적 신체적으로?\n1 : 그치 계속 새로운 사람들 만나고 이런 거 좋아하는 사람들은 그래도 잘 맞는다고 하더라!\n1 : 나는 뭔가 힘들 거 같음 ㅠㅠ\n2 : 이쪽 일하는 친구들 혹시 있어?\n3 : 아닝 내 친구들은 아직 학생이거나 전문직이어서 없넹\n1 : 아 그래? 나는 좀 있어! 근데 되게 잘 맞아하는 애도 있고 엄청 스트레스 받는 애도 있으 ㅠㅠ\n2 : 나도~ 영업직은 진짜 적성에 안 맞으면 스트레스로 죽어~\n3 : 영업직이면 예를 들어서 어떤 일 말하는 거지? 내가 생각하는 쪽이 맞나 싶어서\n1 : 머 제약 회사 같은 경우는 약국이나 병원에 약 써 달라고 영업 하구 아니면 그냥 기업체 상대로 영업하는 경우도 있고 그런 거!\n2 : 의료기기 쪽도 있고 각 회사마다 거의 다 영업 부서가 따로 있기도 하고~\n3 : 아하아하 맞네에 난 그냥 서비스업은 몰라도 영업은... 약간 설득? 같아서 더 어려운 듯 ㅜㅜ\n1 : 그치 나도 차라리 서비스업이 더 맞을 거 같애\n2 : 키키 카페 하는 친구 얘기 들어보면 별별 손님이 다 있대~ 맨날 전화로 하소연하는데 서비스업도 어렵더라\n2 : 카페 운영도 아무나 하는 게 아니더라\n3 : 카페에서 알바 해본 적 있어?\n3 : 난 해보고 싶었는데 못 해 봄 ㅜㅜ\n1 : 나는 해본 적 있어! 근데 개인 카페가 아니고 프랜차이즈라서 제약이 많았오...\n1 : 아기자기한 개인 카페 하고 싶당 키키\n2 : 나도 못해 봤어 프랜차이즈 어디? 집에서 비슷하게 만들어 먹을 수 있겠다~ 오~\n3 : 오 언니 카페 하면 일 시켜 달라고 졸라야겠다\n1 : 여기처럼 매일 정각에 칼퇴 할 수 있고 스트레스 많이 안 받는 데는 진짜 진짜 드문 듯\n2 : 맞아 6시 땡 하면 사람들 순식간에 사라지고 조용해지거든 되게 신기해~\n3 : 키키 약간 저랑 제 뒤에 앉아있는 쌤이랑 제일 먼저 나가서 좀 민망쓰 한데 그래도 어쩔 수 없어요 내 칼퇴... 누구도 막을 수 없어...\n3 : 쌤들은 언제 나가요?\n1 : 나도 거의 바로 일어나는데 짐 싸는 거 좀 늦어지면 2, 3분 지나서? 키키\n2 : 나는 10분에서 15분쯤에 나가는 거 같아~\n3 : 나는 회사 생활 비스무리 하게 처음 본 게 무한 상사여서 좀 신기했어 키키\n3 : 약간 부장님 있고 이런 곳 일줄 알았지 뭐야",
        "lines": [
          {
            "id": 1,
            "text": "1 : 영업직은 어떤 거 같애?",
            "norm_text": "영업직은 어떤 거 같애?",
            "speaker": {
              "id": "1번",
              "sex": "여성",
              "age": "20대"
            },
            "speechAct": "(지시) 질문하기",
            "morpheme": "영업직/NNP+은/JX+어떤/MM+거/NNB+같/VA+애/EF"
          },
          {
            "id": 2,
            "text": "1 : 하면 잘 할 수 있을 거 같아?",
            "norm_text": "하면 잘 할 수 있을 거 같아?",
            "speaker": {
              "id": "1번",
              "sex": "여성",
              "age": "20대"
            },
            "speechAct": "(지시) 질문하기",
            "morpheme": "하/VV+면/EC+잘/MAG+할/VV+ETM+수/NNB+있/VV+을/ETM+거/NNB+같/VA+아/EF"
          },
          {
            "id": 3,
            "text": "2 : 한 번도 생각해 본 적이 없어~",
            "norm_text": "한 번도 생각해 본 적이 없어~",
            "speaker": {
              "id": "2번",
              "sex": "여성",
              "age": "30대"
            },
            "speechAct": "(단언) 주장하기",
            "morpheme": "한/MM+번/NNBC+도/JX+생각/NNG+해/XSV+EC+본/VX+ETM+적/NNB+이/JKS+없/VA+어/EC+~/SY"
          },
          {
            "id": 4,
            "text": "2 : 넌 어때? 적성에 맞을 거 같아?",
            "norm_text": "넌 어때? 적성에 맞을 거 같아?",
            "speaker": {
              "id": "2번",
              "sex": "여성",
              "age": "30대"
            },
            "speechAct": "(지시) 질문하기",
            "morpheme": "넌/NP+JX+어때/VA+EF+적성/NNG+에/JKB+맞/VV+을/ETM+거/NNB+같/VA+아/EF"
          },
          {
            "id": 5,
            "text": "3 : 음... 생각해본 적 없는데 뭔가 힘들 것 같아 육체적 신체적으로?",
            "norm_text": "음... 생각해본 적 없는데 뭔가 힘들 것 같아 육체적 신체적으로?",
            "speaker": {
              "id": "3번",
              "sex": "여성",
              "age": "20대"
            },
            "speechAct": "(단언) 주장하기",
            "morpheme": "음/IC+./SY+생각/NNG+해/XSV+EC+본/VX+ETM+적/NNB+없/VA+는데/EC+뭔가/NP+VCP+EC+힘들/VA+ETM+것/NNB+같/VA+아/EC+육체/NNG+적/XSN+신체/NNG+적/XSN+으로/JKB"
          },
          {
            "id": 6,
            "text": "1 : 그치 계속 새로운 사람들 만나고 이런 거 좋아하는 사람들은 그래도 잘 맞는다고 하더라!",
            "norm_text": "그치 계속 새로운 사람들 만나고 이런 거 좋아하는 사람들은 그래도 잘 맞는다고 하더라!",
            "speaker": {
              "id": "1번",
              "sex": "여성",
              "age": "20대"
            },
            "speechAct": "(단언) 진술하기",
            "morpheme": "그치/IC+계속/MAG+새로운/VA+ETM+사람/NNG+들/XSN+만나/VV+고/EC+이런/MM+거/NNB+좋/VA+아/EC+하/VV+는/ETM+사람/NNG+들/XSN+은/JX+그래도/MAJ+잘/MAG+맞/VV+는다고/EC+하/VX+더라/EF"
          },
          {
            "id": 7,
            "text": "1 : 나는 뭔가 힘들 거 같음 ㅠㅠ",
            "norm_text": "나는 뭔가 힘들 거 같음 ㅠㅠ",
            "speaker": {
              "id": "1번",
              "sex": "여성",
              "age": "20대"
            },
            "speechAct": "(단언) 주장하기",
            "morpheme": "나/NP+는/JX+뭔가/NP+VCP+EC+힘들/VA+ETM+거/NNB+같/VA+음/ETN+ㅠㅠ/UNKNOWN"
          },
          {
            "id": 8,
            "text": "2 : 이쪽 일하는 친구들 혹시 있어?",
            "norm_text": "이쪽 일하는 친구들 혹시 있어?",
            "speaker": {
              "id": "2번",
              "sex": "여성",
              "age": "30대"
            },
            "speechAct": "(지시) 질문하기",
            "morpheme": "이쪽/NP+일/NNG+하/XSV+는/ETM+친구/NNG+들/XSN+혹시/MAG+있/VA+어/EF"
          },
          {
            "id": 9,
            "text": "3 : 아닝 내 친구들은 아직 학생이거나 전문직이어서 없넹",
            "norm_text": "아닝 내 친구들은 아직 학생이거나 전문직이어서 없넹",
            "speaker": {
              "id": "3번",
              "sex": "여성",
              "age": "20대"
            },
            "speechAct": "(단언) 주장하기",
            "morpheme": "아닝/NNP+내/NNB+친구/NNG+들/XSN+은/JX+아직/MAG+학생/NNG+이/VCP+거나/EC+전문직/NNG+이/VCP+어서/EC+없/VA+넹/NNP"
          },
          {
            "id": 10,
            "text": "1 : 아 그래? 나는 좀 있어! 근데 되게 잘 맞아하는 애도 있고 엄청 스트레스 받는 애도 있으 ㅠㅠ",
            "norm_text": "아 그래? 나는 좀 있어! 근데 되게 잘 맞아하는 애도 있고 엄청 스트레스 받는 애도 있으 ㅠㅠ",
            "speaker": {
              "id": "1번",
              "sex": "여성",
              "age": "20대"
            },
            "speechAct": "(단언) 진술하기",
            "morpheme": "아/IC+그래/IC+나/NP+는/JX+좀/MAG+있/VA+어/EF+근데되게잘맞아하는애도있고엄청스트레스받는애도있으ㅠㅠ/UNKNOWN"
          },
          {
            "id": 11,
            "text": "2 : 나도~ 영업직은 진짜 적성에 안 맞으면 스트레스로 죽어~",
            "norm_text": "나도~ 영업직은 진짜 적성에 안 맞으면 스트레스로 죽어~",
            "speaker": {
              "id": "2번",
              "sex": "여성",
              "age": "30대"
            },
            "speechAct": "(단언) 주장하기",
            "morpheme": "나/NP+도/JX+~/SY+영업직/NNP+은/JX+진짜/MAG+적성/NNG+에/JKB+안/MAG+맞/VV+으면/EC+스트레스/NNG+로/JKB+죽/VV+어/EC+~/SY"
          },
          {
            "id": 12,
            "text": "3 : 영업직이면 예를 들어서 어떤 일 말하는 거지? 내가 생각하는 쪽이 맞나 싶어서",
            "norm_text": "영업직이면 예를 들어서 어떤 일 말하는 거지? 내가 생각하는 쪽이 맞나 싶어서",
            "speaker": {
              "id": "3번",
              "sex": "여성",
              "age": "20대"
            },
            "speechAct": "(지시) 질문하기",
            "morpheme": "영업직/NNP+이/VCP+면/EC+예/NNG+를/JKO+들/VV+어서/EC+어떤/MM+일말/NNG+하/XSV+는/ETM+거/NNB+지/VCP+EF+내/NP+가/JKS+생각/NNG+하/XSV+는/ETM+쪽/NNB+이/JKS+맞/VV+나/EC+싶/VX+어서/EC"
          },
          {
            "id": 13,
            "text": "1 : 머 제약 회사 같은 경우는 약국이나 병원에 약 써 달라고 영업 하구 아니면 그냥 기업체 상대로 영업하는 경우도 있고 그런 거!",
            "norm_text": "머 제약 회사 같은 경우는 약국이나 병원에 약 써 달라고 영업 하구 아니면 그냥 기업체 상대로 영업하는 경우도 있고 그런 거!",
            "speaker": {
              "id": "1번",
              "sex": "여성",
              "age": "20대"
            },
            "speechAct": "(단언) 진술하기",
            "morpheme": "머/IC+제약/NNG+회사/NNG+같/VA+은/ETM+경우/NNG+는/JX+약국/NNG+이나/JC+병원/NNG+에/JKB+약/NNG+써/VV+EC+달/VX+라고/EC+영업/NNG+하/XSV+구/EC+아니/VCN+면/EC+그냥/MAG+기업체/NNG+상대/NNG+로/JKB+영업/NNG+하/XSV+는/ETM+경우/NNG+도/JX+있/VA+고/EC+그런/MM+거/NNB"
          },
          {
            "id": 14,
            "text": "2 : 의료기기 쪽도 있고 각 회사마다 거의 다 영업 부서가 따로 있기도 하고~",
            "norm_text": "의료기기 쪽도 있고 각 회사마다 거의 다 영업 부서가 따로 있기도 하고~",
            "speaker": {
              "id": "2번",
              "sex": "여성",
              "age": "30대"
            },
            "speechAct": "(단언) 진술하기",
            "morpheme": "의료/NNG+기기/NNG+쪽/NNB+도/JX+있/VA+고/EC+각/MM+회사/NNG+마다/JX+거의/MAG+다/MAG+영업/NNG+부서/NNG+가/JKS+따로/MAG+있/VV+기/ETN+도/JX+하/VV+고/EC+~/SY"
          },
          {
            "id": 15,
            "text": "3 : 아하아하 맞네에 난 그냥 서비스업은 몰라도 영업은... 약간 설득? 같아서 더 어려운 듯 ㅜㅜ",
            "norm_text": "아하아하 맞네에 난 그냥 서비스업은 몰라도 영업은... 약간 설득? 같아서 더 어려운 듯 ㅜㅜ",
            "speaker": {
              "id": "3번",
              "sex": "여성",
              "age": "20대"
            },
            "speechAct": "(단언) 주장하기",
            "morpheme": "아하아하맞네에난그냥서비스업은몰라도영업은/UNKNOWN+./SY+약간/MAG+설득/NNG+?/SY+같아서더어려운듯ㅜㅜ/UNKNOWN"
          },
          {
            "id": 16,
            "text": "1 : 그치 나도 차라리 서비스업이 더 맞을 거 같애",
            "norm_text": "그치 나도 차라리 서비스업이 더 맞을 거 같애",
            "speaker": {
              "id": "1번",
              "sex": "여성",
              "age": "20대"
            },
            "speechAct": "(단언) 주장하기",
            "morpheme": "그치/IC+나/NP+도/JX+차라리/MAG+서비스업/NNG+이/JKS+더/MAG+맞/VV+을/ETM+거/NNB+같/VA+애/EC"
          },
          {
            "id": 17,
            "text": "2 : 키키 카페 하는 친구 얘기 들어보면 별별 손님이 다 있대~ 맨날 전화로 하소연하는데 서비스업도 어렵더라",
            "norm_text": "키키 카페 하는 친구 얘기 들어보면 별별 손님이 다 있대~ 맨날 전화로 하소연하는데 서비스업도 어렵더라",
            "speaker": {
              "id": "2번",
              "sex": "여성",
              "age": "30대"
            },
            "speechAct": "(단언) 진술하기",
            "morpheme": "키키카페하는친구얘기들어보면별별손님이다있대/UNKNOWN+~/SY+맨날/MAG+전화/NNG+로/JKB+하소연/NNG+하/XSV+는/ETM+데/NNB+서비스업/NNG+도/JX+어렵/VA+더라/EC"
          },
          {
            "id": 18,
            "text": "2 : 카페 운영도 아무나 하는 게 아니더라",
            "norm_text": "카페 운영도 아무나 하는 게 아니더라",
            "speaker": {
              "id": "2번",
              "sex": "여성",
              "age": "30대"
            },
            "speechAct": "(단언) 주장하기",
            "morpheme": "카페/NNG+운영/NNG+도/JX+아무/NP+나/JX+하/VV+는/ETM+게/NNB+JKC+아니/VCN+더라/EC"
          },
          {
            "id": 19,
            "text": "3 : 카페에서 알바 해본 적 있어?",
            "norm_text": "카페에서 알바 해본 적 있어?",
            "speaker": {
              "id": "3번",
              "sex": "여성",
              "age": "20대"
            },
            "speechAct": "(지시) 질문하기",
            "morpheme": "카페/NNG+에서/JKB+알/VV+ETM+바/NNB+해/VV+EC+본/VX+ETM+적/NNB+있/VA+어/EF"
          },
          {
            "id": 20,
            "text": "3 : 난 해보고 싶었는데 못 해 봄 ㅜㅜ",
            "norm_text": "난 해보고 싶었는데 못 해 봄 ㅜㅜ",
            "speaker": {
              "id": "3번",
              "sex": "여성",
              "age": "20대"
            },
            "speechAct": "(단언) 주장하기",
            "morpheme": "난/NP+JX+해/VV+EC+보/VX+고/EC+싶/VX+었/EP+는데/EC+못해/VX+EC+봄/VX+ETN+ㅜㅜ/UNKNOWN"
          },
          {
            "id": 21,
            "text": "1 : 나는 해본 적 있어! 근데 개인 카페가 아니고 프랜차이즈라서 제약이 많았오...",
            "norm_text": "나는 해본 적 있어! 근데 개인 카페가 아니고 프랜차이즈라서 제약이 많았오...",
            "speaker": {
              "id": "1번",
              "sex": "여성",
              "age": "20대"
            },
            "speechAct": "(단언) 진술하기",
            "morpheme": "나/NP+는/JX+해/VV+EC+본/VX+ETM+적/NNB+있/VA+어/EF+근데/MAJ+개인/NNG+카페/NNG+가/JKC+아니/VCN+고/EC+프랜차이즈/NNG+라서/VCP+EC+제약/NNG+이/JKS+많/VA+았/EP+오/EF+./SY"
          },
          {
            "id": 22,
            "text": "1 : 아기자기한 개인 카페 하고 싶당 키키",
            "norm_text": "아기자기한 개인 카페 하고 싶당 키키",
            "speaker": {
              "id": "1번",
              "sex": "여성",
              "age": "20대"
            },
            "speechAct": "(단언) 주장하기",
            "morpheme": "아기자기/XR+한/XSA+ETM+개인/NNG+카페/NNG+하/XSV+고/EC+싶/VX+당/EF+키/NNG+키/XSV+ETN"
          },
          {
            "id": 23,
            "text": "2 : 나도 못해 봤어 프랜차이즈 어디? 집에서 비슷하게 만들어 먹을 수 있겠다~ 오~",
            "norm_text": "나도 못해 봤어 프랜차이즈 어디? 집에서 비슷하게 만들어 먹을 수 있겠다~ 오~",
            "speaker": {
              "id": "2번",
              "sex": "여성",
              "age": "30대"
            },
            "speechAct": "(단언) 주장하기",
            "morpheme": "나/NP+도/JX+못/MAG+해/VV+EC+봤/VX+EP+어/EC+프랜차이즈/NNG+어디/NP+집/NNG+에서/JKB+비슷/XR+하/XSA+게/EC+만들/VV+어/EC+먹/VV+을/ETM+수/NNB+있/VV+겠/EP+다/EC+~/SY+오/NR+~/SY"
          },
          {
            "id": 24,
            "text": "3 : 오 언니 카페 하면 일 시켜 달라고 졸라야겠다",
            "norm_text": "오 언니 카페 하면 일 시켜 달라고 졸라야겠다",
            "speaker": {
              "id": "3번",
              "sex": "여성",
              "age": "20대"
            },
            "speechAct": "(단언) 주장하기",
            "morpheme": "오/NR+언니/NNG+카페/NNG+하/XSV+면/EC+일/NNG+시켜/XSV+EC+달/VX+라고/EC+졸라야/VV+EC+VX+겠/EP+다/EC"
          },
          {
            "id": 25,
            "text": "1 : 여기처럼 매일 정각에 칼퇴 할 수 있고 스트레스 많이 안 받는 데는 진짜 진짜 드문 듯",
            "norm_text": "여기처럼 매일 정각에 칼퇴 할 수 있고 스트레스 많이 안 받는 데는 진짜 진짜 드문 듯",
            "speaker": {
              "id": "1번",
              "sex": "여성",
              "age": "20대"
            },
            "speechAct": "(단언) 주장하기",
            "morpheme": "여기/NP+처럼/JKB+매일/MAG+정각/NNG+에/JKB+칼/NNG+퇴/NNG+할/XSV+ETM+수/NNB+있/VV+고/EC+스트레스/NNG+많이/MAG+안/MAG+받/VV+는/ETM+데/NNB+는/JX+진짜/MAG+진짜/MAG+드문/VA+ETM+듯/NNB"
          },
          {
            "id": 26,
            "text": "2 : 맞아 6시 땡 하면 사람들 순식간에 사라지고 조용해지거든 되게 신기해~",
            "norm_text": "맞아 6시 땡 하면 사람들 순식간에 사라지고 조용해지거든 되게 신기해~",
            "speaker": {
              "id": "2번",
              "sex": "여성",
              "age": "30대"
            },
            "speechAct": "(단언) 주장하기",
            "morpheme": "맞/VV+아/EC+6/SN+시/NNBC+땡/NNG+하/XSV+면/EC+사람/NNG+들/XSN+순식간/NNG+에/JKB+사라지/VV+고/EC+조용/XR+해/XSA+EC+지/VX+거든/EF+되게/MAG+신기/NNG+해/XSV+EC+~/SY"
          },
          {
            "id": 27,
            "text": "3 : 키키 약간 저랑 제 뒤에 앉아있는 쌤이랑 제일 먼저 나가서 좀 민망쓰 한데 그래도 어쩔 수 없어요 내 칼퇴... 누구도 막을 수 없어...",
            "norm_text": "키키 약간 저랑 제 뒤에 앉아있는 쌤이랑 제일 먼저 나가서 좀 민망쓰 한데 그래도 어쩔 수 없어요 내 칼퇴... 누구도 막을 수 없어...",
            "speaker": {
              "id": "3번",
              "sex": "여성",
              "age": "20대"
            },
            "speechAct": "(단언) 주장하기",
            "morpheme": "키키약간저랑제뒤에앉아있는쌤이랑제일먼저나가서좀민망쓰한데그래도어쩔수없어요내칼퇴/UNKNOWN+./SY+누구/NP+도/JX+막/VV+을/ETM+수/NNB+없/VA+어/EF+./SY"
          },
          {
            "id": 28,
            "text": "3 : 쌤들은 언제 나가요?",
            "norm_text": "쌤들은 언제 나가요?",
            "speaker": {
              "id": "3번",
              "sex": "여성",
              "age": "20대"
            },
            "speechAct": "(지시) 질문하기",
            "morpheme": "쌤/NNG+들/XSN+은/JX+언제나/MAG+가요/NNG"
          },
          {
            "id": 29,
            "text": "1 : 나도 거의 바로 일어나는데 짐 싸는 거 좀 늦어지면 2, 3분 지나서? 키키",
            "norm_text": "나도 거의 바로 일어나는데 짐 싸는 거 좀 늦어지면 2, 3분 지나서? 키키",
            "speaker": {
              "id": "1번",
              "sex": "여성",
              "age": "20대"
            },
            "speechAct": "(단언) 주장하기",
            "morpheme": "나/NP+도/JX+거의/MAG+바로/MAG+일어나/VV+는데/EC+짐/VX+ETN+싸/VV+는/ETM+거/NNB+좀/MAG+늦/VA+어/EC+지/VX+면/EC+2/SN+,/SC+3/SN+분/NNBC+지나/VV+서/EC+?/SY+키/NNG+키/XSV+ETN"
          },
          {
            "id": 30,
            "text": "2 : 나는 10분에서 15분쯤에 나가는 거 같아~",
            "norm_text": "나는 10분에서 15분쯤에 나가는 거 같아~",
            "speaker": {
              "id": "2번",
              "sex": "여성",
              "age": "30대"
            },
            "speechAct": "(단언) 주장하기",
            "morpheme": "나/NP+는/JX+10/SN+분/NNBC+에서/JKB+15/SN+분/NNBC+쯤/XSN+에/JKB+나가/VV+는/ETM+거/NNB+같/VA+아/EC+~/SY"
          },
          {
            "id": 31,
            "text": "3 : 나는 회사 생활 비스무리 하게 처음 본 게 무한 상사여서 좀 신기했어 키키",
            "norm_text": "나는 회사 생활 비스무리 하게 처음 본 게 무한 상사여서 좀 신기했어 키키",
            "speaker": {
              "id": "3번",
              "sex": "여성",
              "age": "20대"
            },
            "speechAct": "(단언) 주장하기",
            "morpheme": "나/NP+는/JX+회사/NNG+생활/NNG+비스/NNG+무리/NNG+하/XSV+게/EC+처음/MAG+본/VV+ETM+게/NNB+JKS+무한/NNG+상사/NNG+여서/VCP+EC+좀/MAG+신기/XR+했/XSA+EP+어/EC+키/NNG+키/XSV+ETN"
          },
          {
            "id": 32,
            "text": "3 : 약간 부장님 있고 이런 곳 일줄 알았지 뭐야",
            "norm_text": "약간 부장님 있고 이런 곳 일줄 알았지 뭐야",
            "speaker": {
              "id": "3번",
              "sex": "여성",
              "age": "20대"
            },
            "speechAct": "(단언) 주장하기",
            "morpheme": "약간/MAG+부장/NNG+님/XSN+있/VV+고/EC+이런/MM+곳/NNG+일/VCP+ETM+줄/NNB+알/VV+았/EP+지/EF+뭐/NP+야/VCP+EF"
          }
        ]
      }
    }
  ]
}