{
  "dataset": {
    "identifier": 29749,
    "name": "BAND_25_10_set",
    "src_path": "/data/file/cubeManager/PROJECT001/49/txt202109161000540334106/BAND_25_10_set/",
    "label_path": "/data/file/cubeManager/PROJECT001/49/txt202109161000540334106/BAND_25_10_set/",
    "category": 2,
    "type": 0
  },
  "licenses": {
    "name": "Apache License 1.0",
    "url": "http://www.apache.org/licenses/LICENSE-1.0"
  },
  "info": [
    {
      "id": 26655,
      "filename": "BAND_25_10.txt",
      "title": "BAND_25_10",
      "mediatype": "SNS",
      "medianame": "네이버밴드",
      "category": "일상대화",
      "date": "2021-09-16",
      "size": 395,
      "annotations": {
        "subject": "스포츠/레저",
        "speaker_type": "1:1",
        "size": 395,
        "word_size": 132,
        "text": "1 : 너 낚시 해본 적 있어?\n2 : 아니 해 본 적 없어 그거 재밌어?\n1 : 아니 나도 안 좋아해 허허.\n2 : 핳하 그랬구나 다들 재밌다고 하던데?\n1 : 맞아 장비도 고가로 사서 하는 사람들 많더라.\n2 : 그니까 장비도 진짜 생각보다 비싸.\n1 : 나는 그냥 돈 안 들이고 숨쉬기 운동이나 할련다~\n2 : 그래 나도 숨쉬기 운동이 최고야.\n1 : 너는 그러면 하고 싶은 레저 활동은 없어?\n2 : 레저? 음 번지점프해 보고 싶네!\n1 : 헐 나는 고소공포증 있어서 못 했는데 너 그거 좋아해?\n2 : 아 그래 난 고소 공포증은 없는 거 같아 키키\n1 : 번지점프 어디서 할 수 있는 지는 알고?\n2 : 아니 그냥 티비로만 봤는데 재밌겠더라!\n1 : 어우 내 팔에 소름이 돋았어!\n2 : 하 그 정도야? 그래도 시도는 해봐~",
        "lines": [
          {
            "id": 1,
            "text": "1 : 너 낚시 해본 적 있어?",
            "norm_text": "너 낚시 해본 적 있어?",
            "speaker": {
              "id": "1번",
              "sex": "여성",
              "age": "20대"
            },
            "speechAct": "(지시) 질문하기",
            "morpheme": "너/NP+낚시/NNG+해/XSV+EC+본/VX+ETM+적/NNB+있/VA+어/EF"
          },
          {
            "id": 2,
            "text": "2 : 아니 해 본 적 없어 그거 재밌어?",
            "norm_text": "아니 해 본 적 없어 그거 재밌어?",
            "speaker": {
              "id": "2번",
              "sex": "여성",
              "age": "20대"
            },
            "speechAct": "(지시) 질문하기",
            "morpheme": "아니/MAG+해/VV+EC+본/VX+ETM+적/NNB+없/VA+어/EC+그거/NP+재밌/VA+어/EF"
          },
          {
            "id": 3,
            "text": "1 : 아니 나도 안 좋아해 허허.",
            "norm_text": "아니 나도 안 좋아해 허허.",
            "speaker": {
              "id": "1번",
              "sex": "여성",
              "age": "20대"
            },
            "speechAct": "(단언) 주장하기",
            "morpheme": "아니/IC+나/NP+도/JX+안/MAG+좋아해/VV+EC+허허/IC"
          },
          {
            "id": 4,
            "text": "2 : 핳하 그랬구나 다들 재밌다고 하던데?",
            "norm_text": "핳하 그랬구나 다들 재밌다고 하던데?",
            "speaker": {
              "id": "2번",
              "sex": "여성",
              "age": "20대"
            },
            "speechAct": "(지시) 질문하기",
            "morpheme": "핳하/UNKNOWN+그랬/VV+EP+구/EC+나/VX+다/EC+들/XSN+재밌/VA+다고/EC+하/VX+던데/EF"
          },
          {
            "id": 5,
            "text": "1 : 맞아 장비도 고가로 사서 하는 사람들 많더라.",
            "norm_text": "맞아 장비도 고가로 사서 하는 사람들 많더라.",
            "speaker": {
              "id": "1번",
              "sex": "여성",
              "age": "20대"
            },
            "speechAct": "(단언) 진술하기",
            "morpheme": "맞/VV+아/EC+장비/NNG+도/JX+고가/NNG+로/JKB+사서/NNG+하/XSV+는/ETM+사람/NNG+들/XSN+많/VA+더라/EF"
          },
          {
            "id": 6,
            "text": "2 : 그니까 장비도 진짜 생각보다 비싸.",
            "norm_text": "그니까 장비도 진짜 생각보다 비싸.",
            "speaker": {
              "id": "2번",
              "sex": "여성",
              "age": "20대"
            },
            "speechAct": "(단언) 주장하기",
            "morpheme": "그니까/MAJ+장비/NNG+도/JX+진짜/MAG+생각/NNG+보다/JKB+비싸/VA+EF"
          },
          {
            "id": 7,
            "text": "1 : 나는 그냥 돈 안 들이고 숨쉬기 운동이나 할련다~",
            "norm_text": "나는 그냥 돈 안 들이고 숨쉬기 운동이나 할련다~",
            "speaker": {
              "id": "1번",
              "sex": "여성",
              "age": "20대"
            },
            "speechAct": "(단언) 주장하기",
            "morpheme": "나/NP+는/JX+그냥/MAG+돈/NNG+안/MAG+들이/VV+고/EC+숨쉬기/NNG+운동/NNG+이나/JX+할/VV+련다/EC+~/SY"
          },
          {
            "id": 8,
            "text": "2 : 그래 나도 숨쉬기 운동이 최고야.",
            "norm_text": "그래 나도 숨쉬기 운동이 최고야.",
            "speaker": {
              "id": "2번",
              "sex": "여성",
              "age": "20대"
            },
            "speechAct": "(단언) 주장하기",
            "morpheme": "그래/IC+나/NP+도/JX+숨쉬기/NNG+운동/NNG+이/JKS+최고/NNG+야/VCP+EF"
          },
          {
            "id": 9,
            "text": "1 : 너는 그러면 하고 싶은 레저 활동은 없어?",
            "norm_text": "너는 그러면 하고 싶은 레저 활동은 없어?",
            "speaker": {
              "id": "1번",
              "sex": "여성",
              "age": "20대"
            },
            "speechAct": "(지시) 질문하기",
            "morpheme": "너/NP+는/JX+그러/VV+면/EC+하/VV+고/EC+싶/VX+은/ETM+레저/NNG+활동/NNG+은/JX+없/VA+어/EF"
          },
          {
            "id": 10,
            "text": "2 : 레저? 음 번지점프해 보고 싶네!",
            "norm_text": "레저? 음 번지점프해 보고 싶네!",
            "speaker": {
              "id": "2번",
              "sex": "여성",
              "age": "20대"
            },
            "speechAct": "(단언) 주장하기",
            "morpheme": "레저/NNG+음/IC+번지/NNG+점프/NNG+해/XSV+EC+보/VX+고/EC+싶/VX+네/EF"
          },
          {
            "id": 11,
            "text": "1 : 헐 나는 고소공포증 있어서 못 했는데 너 그거 좋아해?",
            "norm_text": "헐 나는 고소공포증 있어서 못 했는데 너 그거 좋아해?",
            "speaker": {
              "id": "1번",
              "sex": "여성",
              "age": "20대"
            },
            "speechAct": "(지시) 질문하기",
            "morpheme": "헐/IC+나/NP+는/JX+고소공포증/NNP+있/VV+어서/EC+못했/VX+EP+는데/EC+너/NP+그거/NP+좋/VA+아/EC+해/VX+EF"
          },
          {
            "id": 12,
            "text": "2 : 아 그래 난 고소 공포증은 없는 거 같아 키키",
            "norm_text": "아 그래 난 고소 공포증은 없는 거 같아 키키",
            "speaker": {
              "id": "2번",
              "sex": "여성",
              "age": "20대"
            },
            "speechAct": "(단언) 주장하기",
            "morpheme": "아/IC+그래/IC+난/NP+JX+고소공포증/NNP+은/JX+없/VA+는/ETM+거/NNB+같/VA+아/EC+키/NNG+키/XSV+ETN"
          },
          {
            "id": 13,
            "text": "1 : 번지점프 어디서 할 수 있는 지는 알고?",
            "norm_text": "번지점프 어디서 할 수 있는 지는 알고?",
            "speaker": {
              "id": "1번",
              "sex": "여성",
              "age": "20대"
            },
            "speechAct": "(지시) 질문하기",
            "morpheme": "번지/NNG+점프/NNG+어디/NP+서/JKB+할/VV+ETM+수/NNB+있/VV+는지/EC+는/JX+알/VV+고/EC"
          },
          {
            "id": 14,
            "text": "2 : 아니 그냥 티비로만 봤는데 재밌겠더라!",
            "norm_text": "아니 그냥 티비로만 봤는데 재밌겠더라!",
            "speaker": {
              "id": "2번",
              "sex": "여성",
              "age": "20대"
            },
            "speechAct": "(단언) 주장하기",
            "morpheme": "아니/IC+그냥/MAG+티비/NNG+로/JKB+만/JX+봤/VV+EP+는데/EC+재밌/VA+겠/EP+더라/EF"
          },
          {
            "id": 15,
            "text": "1 : 어우 내 팔에 소름이 돋았어!",
            "norm_text": "어우 내 팔에 소름이 돋았어!",
            "speaker": {
              "id": "1번",
              "sex": "여성",
              "age": "20대"
            },
            "speechAct": "(단언) 주장하기",
            "morpheme": "어우/IC+내/NP+JKG+팔/NNG+에/JKB+소름/NNG+이/JKS+돋/VV+았/EP+어/EF"
          },
          {
            "id": 16,
            "text": "2 : 하 그 정도야? 그래도 시도는 해봐~",
            "norm_text": "하 그 정도야? 그래도 시도는 해봐~",
            "speaker": {
              "id": "2번",
              "sex": "여성",
              "age": "20대"
            },
            "speechAct": "(지시) 충고/제안하기",
            "morpheme": "하/IC+그/MM+정도/NNG+야/VCP+EF+그래도/MAJ+시도/NNG+는/JX+해/VV+EC+봐/VX+EC+~/SY"
          }
        ]
      }
    }
  ]
}