{
  "dataset": {
    "identifier": 28704,
    "name": "BAND_25_16_set",
    "src_path": "/data/file/cubeManager/PROJECT001/49/txt20210916100054037642/BAND_25_16_set/",
    "label_path": "/data/file/cubeManager/PROJECT001/49/txt20210916100054037642/BAND_25_16_set/",
    "category": 2,
    "type": 0
  },
  "licenses": {
    "name": "Apache License 1.0",
    "url": "http://www.apache.org/licenses/LICENSE-1.0"
  },
  "info": [
    {
      "id": 26661,
      "filename": "BAND_25_16.txt",
      "title": "BAND_25_16",
      "mediatype": "SNS",
      "medianame": "네이버밴드",
      "category": "일상대화",
      "date": "2021-09-16",
      "size": 375,
      "annotations": {
        "subject": "미용",
        "speaker_type": "1:1",
        "size": 375,
        "word_size": 130,
        "text": "1 : 너는 해보고 싶은 헤어 스타일 있어?\n2 : 나는 갈색으로 염색을 해 보고 싶어.\n1 : 그거는 지금도 당장 할 수 있는 거잖아!\n2 : 그치 근데 첨 해보는 거라 걱정이 되네?\n1 : 너 염색 한 번도 안 해 봤어?\n2 : 어 맞아 해 보고 싶긴 해~\n1 : 헐 그러면 머리 커트만 해 봤어?\n2 : 어 커트랑 옛날에 매직 키키\n1 : 파마도 안 해 본 거야?\n2 : 어 그냥 고데기만 해봤었지 ~\n1 : 야 조금이라도 어렸을 때 염색 해!\n2 : 그래야지 시간날 때 가보려고~\n1 : 내일 당장 헤어샵으로 튀어!\n2 : 추진력 장난 아니네 예 가볼게요!\n1 : 그래 진짜 지금 이 시기에 해 줘야 해 늙으면 주책이라고 그래!\n2 : 그래 늙으면 마음이 또 바뀔지 모르니 당장 해야겠구만.",
        "lines": [
          {
            "id": 1,
            "text": "1 : 너는 해보고 싶은 헤어 스타일 있어?",
            "norm_text": "너는 해보고 싶은 헤어 스타일 있어?",
            "speaker": {
              "id": "1번",
              "sex": "여성",
              "age": "20대"
            },
            "speechAct": "(지시) 질문하기",
            "morpheme": "너/NP+는/JX+해/VV+EC+보/VX+고/EC+싶/VX+은/ETM+헤어/NNG+스타일/NNG+있/VA+어/EF"
          },
          {
            "id": 2,
            "text": "2 : 나는 갈색으로 염색을 해 보고 싶어.",
            "norm_text": "나는 갈색으로 염색을 해 보고 싶어.",
            "speaker": {
              "id": "2번",
              "sex": "여성",
              "age": "20대"
            },
            "speechAct": "(단언) 주장하기",
            "morpheme": "나/NP+는/JX+갈색/NNG+으로/JKB+염색/NNG+을/JKO+해/VV+EC+보/VX+고/EC+싶/VX+어/EF"
          },
          {
            "id": 3,
            "text": "1 : 그거는 지금도 당장 할 수 있는 거잖아!",
            "norm_text": "그거는 지금도 당장 할 수 있는 거잖아!",
            "speaker": {
              "id": "1번",
              "sex": "여성",
              "age": "20대"
            },
            "speechAct": "(단언) 주장하기",
            "morpheme": "그거/NP+는/JX+지금/NNG+도/JX+당장/NNG+할/XSV+ETM+수/NNB+있/VV+는/ETM+거/NNB+잖아/VCP+EC+VX+EF"
          },
          {
            "id": 4,
            "text": "2 : 그치 근데 첨 해보는 거라 걱정이 되네?",
            "norm_text": "그치 근데 첨 해보는 거라 걱정이 되네?",
            "speaker": {
              "id": "2번",
              "sex": "여성",
              "age": "20대"
            },
            "speechAct": "(단언) 주장하기",
            "morpheme": "그치/IC+근데/MAJ+첨/NNG+해/XSV+EC+보/VX+는/ETM+거/NNB+라/VCP+EC+걱정/NNG+이/JKS+되/VV+네/EF"
          },
          {
            "id": 5,
            "text": "1 : 너 염색 한 번도 안 해 봤어?",
            "norm_text": "너 염색 한 번도 안 해 봤어?",
            "speaker": {
              "id": "1번",
              "sex": "여성",
              "age": "20대"
            },
            "speechAct": "(지시) 질문하기",
            "morpheme": "너/NP+염색/NNG+한/MM+번/NNBC+도/JX+안/MAG+해/VV+EC+봤/VX+EP+어/EF"
          },
          {
            "id": 6,
            "text": "2 : 어 맞아 해 보고 싶긴 해~",
            "norm_text": "어 맞아 해 보고 싶긴 해~",
            "speaker": {
              "id": "2번",
              "sex": "여성",
              "age": "20대"
            },
            "speechAct": "(단언) 주장하기",
            "morpheme": "어/IC+맞/VV+아/EC+해/VV+EC+보/VX+고/EC+싶/VX+긴/ETN+JX+해/VX+EC+~/SY"
          },
          {
            "id": 7,
            "text": "1 : 헐 그러면 머리 커트만 해 봤어?",
            "norm_text": "헐 그러면 머리 커트만 해 봤어?",
            "speaker": {
              "id": "1번",
              "sex": "여성",
              "age": "20대"
            },
            "speechAct": "(지시) 질문하기",
            "morpheme": "헐/IC+그러면/MAJ+머리/NNG+커트/NNG+만/JX+해/VV+EC+봤/VX+EP+어/EF"
          },
          {
            "id": 8,
            "text": "2 : 어 커트랑 옛날에 매직 키키",
            "norm_text": "어 커트랑 옛날에 매직 키키",
            "speaker": {
              "id": "2번",
              "sex": "여성",
              "age": "20대"
            },
            "speechAct": "(단언) 진술하기",
            "morpheme": "어/IC+커트/NNG+랑/JKB+옛날/NNG+에/JKB+매직/NNG+키/NNG+키/XSV+ETN"
          },
          {
            "id": 9,
            "text": "1 : 파마도 안 해 본 거야?",
            "norm_text": "파마도 안 해 본 거야?",
            "speaker": {
              "id": "1번",
              "sex": "여성",
              "age": "20대"
            },
            "speechAct": "(지시) 질문하기",
            "morpheme": "파마/NNG+도/JX+안/MAG+해/VV+EC+본/VX+ETM+거/NNB+야/VCP+EF"
          },
          {
            "id": 10,
            "text": "2 : 어 그냥 고데기만 해봤었지 ~",
            "norm_text": "어 그냥 고데기만 해봤었지 ~",
            "speaker": {
              "id": "2번",
              "sex": "여성",
              "age": "20대"
            },
            "speechAct": "(단언) 진술하기",
            "morpheme": "어/IC+그냥/MAG+고데/NNG+기만/NNG+해/XSV+EC+봤었/VX+EP+지/EC+~/SY"
          },
          {
            "id": 11,
            "text": "1 : 야 조금이라도 어렸을 때 염색 해!",
            "norm_text": "야 조금이라도 어렸을 때 염색 해!",
            "speaker": {
              "id": "1번",
              "sex": "여성",
              "age": "20대"
            },
            "speechAct": "(지시) 충고/제안하기",
            "morpheme": "야/IC+조금/NNG+이라도/JX+어렸/VA+EP+을/ETM+때/NNG+염색/NNG+해/XSV+EF"
          },
          {
            "id": 12,
            "text": "2 : 그래야지 시간날 때 가보려고~",
            "norm_text": "그래야지 시간날 때 가보려고~",
            "speaker": {
              "id": "2번",
              "sex": "여성",
              "age": "20대"
            },
            "speechAct": "(단언) 주장하기",
            "morpheme": "그래야지/VV+EC+시간/NNG+날/NNG+때/NNG+가/JKS+보/VV+려고/EC+~/SY"
          },
          {
            "id": 13,
            "text": "1 : 내일 당장 헤어샵으로 튀어!",
            "norm_text": "내일 당장 헤어샵으로 튀어!",
            "speaker": {
              "id": "1번",
              "sex": "여성",
              "age": "20대"
            },
            "speechAct": "(지시) 충고/제안하기",
            "morpheme": "내일/MAG+당장/NNG+헤어/NNG+샵/NNP+으로/JKB+튀/VV+어/EF"
          },
          {
            "id": 14,
            "text": "2 : 추진력 장난 아니네 예 가볼게요!",
            "norm_text": "추진력 장난 아니네 예 가볼게요!",
            "speaker": {
              "id": "2번",
              "sex": "여성",
              "age": "20대"
            },
            "speechAct": "(언약) 약속하기(제3자와)/(개인적 수준)",
            "morpheme": "추진력/NNG+장난/NNG+아니/VCN+네/EF+예/NNG+가/JKS+볼게요/VV+EF"
          },
          {
            "id": 15,
            "text": "1 : 그래 진짜 지금 이 시기에 해 줘야 해 늙으면 주책이라고 그래!",
            "norm_text": "그래 진짜 지금 이 시기에 해 줘야 해 늙으면 주책이라고 그래!",
            "speaker": {
              "id": "1번",
              "sex": "여성",
              "age": "20대"
            },
            "speechAct": "(단언) 주장하기",
            "morpheme": "그래/IC+진짜/MAG+지금/MAG+이/MM+시기/NNG+에/JKB+해/VV+EC+줘야해/VX+EC+VX+EC+늙/VV+으면/EC+주책/NNG+이/VCP+라고/EC+그래/VV+EF"
          },
          {
            "id": 16,
            "text": "2 : 그래 늙으면 마음이 또 바뀔지 모르니 당장 해야겠구만.",
            "norm_text": "그래 늙으면 마음이 또 바뀔지 모르니 당장 해야겠구만.",
            "speaker": {
              "id": "2번",
              "sex": "여성",
              "age": "20대"
            },
            "speechAct": "(단언) 주장하기",
            "morpheme": "그래/VA+EC+늙/VV+으면/EC+마음/NNG+이/JKS+또/MAG+바뀔지/VV+EC+모르/VV+니/EC+당장/NNG+해야/XSV+EC+VX+겠/EP+구만/EF"
          }
        ]
      }
    }
  ]
}