{
  "dataset": {
    "identifier": 113069,
    "name": "BAND_41_04_set",
    "src_path": "/data/file/cubeManager/PROJECT001/80/txt20211102154324012037/BAND_41_04_set/",
    "label_path": "/data/file/cubeManager/PROJECT001/80/txt20211102154324012037/BAND_41_04_set/",
    "category": 2,
    "type": 0
  },
  "licenses": {
    "name": "Apache License 1.0",
    "url": "http://www.apache.org/licenses/LICENSE-1.0"
  },
  "info": [
    {
      "id": 130288,
      "filename": "BAND_41_04.txt",
      "title": "BAND_41_04",
      "mediatype": "SNS",
      "medianame": "네이버밴드",
      "category": "일상대화",
      "date": "2021-11-02",
      "size": 481,
      "annotations": {
        "subject": "회사/아르바이트",
        "speaker_type": "다자간 대화",
        "size": 481,
        "word_size": 159,
        "text": "1 : 아 낼 벌써 출근이네... ㅜㅜ\n2 : 출근 진짜 너무 너무 하기 싫다 ㅠㅠ\n3 : 이번 기회에 숨겨놨던 사직서를 스윽\n1 : 월요일은 언제나 적응이 안 돼\n2 : 헬요일 제일 싫다\n2 : 사직서는 늘 내고 싶지 ㅠㅠ\n3 : 월요일 적응되는 사람은 없을 거야\n1 : 키키 낼 또 눈 풀린 상태로 일하는 날 볼 수 있어\n2 : 내일부터 다크서클 다시 내려오겠다... 에혀 ㅠㅠ\n3 : 왜 벌써 일요일이 끝나가는지\n1 : 일요일 오후부터 피로가 몰려와\n2 : 맞어\n2 : 저녁쯤 되면 왜 벌써 저녁이냐고 키키\n3 : 일요일에 잠깐 출근해서 일하면 월요병이 사라진대\n1 : 키키 아 그건 너무 싫다\n2 : 어떤 사람이 그러던데 금요일 저녁에 회사로 택배 시키면 월요일날 회사 가고 싶어진대 키키\n3 : 그것도 꿀팁이네\n3 : 키키 택배 좋다\n1 : 키키 오 그건 좀 괜찮은데?\n2 : 그래서 막 월요일이 기다려진대 키키\n2 : 나중에 한번 써먹어봐 키키\n3 : 진짜 택배 시키면 기다려지긴 하겠다",
        "lines": [
          {
            "id": 1,
            "text": "1 : 아 낼 벌써 출근이네... ㅜㅜ",
            "norm_text": "아 낼 벌써 출근이네... ㅜㅜ",
            "speaker": {
              "id": "1번",
              "sex": "여성",
              "age": "20대"
            },
            "speechAct": "(단언) 주장하기",
            "morpheme": "아/IC+낼/NP+JKO+벌써/MAG+출근/NNG+이/VCP+네/EF+./SY+ㅜㅜ/UNKNOWN"
          },
          {
            "id": 2,
            "text": "2 : 출근 진짜 너무 너무 하기 싫다 ㅠㅠ",
            "norm_text": "출근 진짜 너무 너무 하기 싫다 ㅠㅠ",
            "speaker": {
              "id": "2번",
              "sex": "남성",
              "age": "20대"
            },
            "speechAct": "(단언) 주장하기",
            "morpheme": "출근/NNG+진짜/MAG+너무너무/MAG+하/VV+기/ETN+싫/VA+다/EF+ㅠㅠ/UNKNOWN"
          },
          {
            "id": 3,
            "text": "3 : 이번 기회에 숨겨놨던 사직서를 스윽",
            "norm_text": "이번 기회에 숨겨놨던 사직서를 스윽",
            "speaker": {
              "id": "3번",
              "sex": "남성",
              "age": "20대"
            },
            "speechAct": "(단언) 주장하기",
            "morpheme": "이번/NNG+기회/NNG+에/JKB+숨겨놨/VV+EC+VX+EP+던/ETM+사직서/NNG+를/JKO+스윽/MAG"
          },
          {
            "id": 4,
            "text": "1 : 월요일은 언제나 적응이 안 돼",
            "norm_text": "월요일은 언제나 적응이 안 돼",
            "speaker": {
              "id": "1번",
              "sex": "여성",
              "age": "20대"
            },
            "speechAct": "(단언) 주장하기",
            "morpheme": "월요일/NNG+은/JX+언제나/MAG+적응/NNG+이/JKS+안/MAG+돼/VV+EC"
          },
          {
            "id": 5,
            "text": "2 : 헬요일 제일 싫다",
            "norm_text": "헬요일 제일 싫다",
            "speaker": {
              "id": "2번",
              "sex": "남성",
              "age": "20대"
            },
            "speechAct": "(단언) 주장하기",
            "morpheme": "헬/NNP+요일제/NNP+일/NR+싫/VA+다/EC"
          },
          {
            "id": 6,
            "text": "2 : 사직서는 늘 내고 싶지 ㅠㅠ",
            "norm_text": "사직서는 늘 내고 싶지 ㅠㅠ",
            "speaker": {
              "id": "2번",
              "sex": "남성",
              "age": "20대"
            },
            "speechAct": "(단언) 주장하기",
            "morpheme": "사직서/NNG+는/JX+늘/MAG+내/VV+고/EC+싶/VX+지/EF+ㅠㅠ/UNKNOWN"
          },
          {
            "id": 7,
            "text": "3 : 월요일 적응되는 사람은 없을 거야",
            "norm_text": "월요일 적응되는 사람은 없을 거야",
            "speaker": {
              "id": "3번",
              "sex": "남성",
              "age": "20대"
            },
            "speechAct": "(단언) 주장하기",
            "morpheme": "월요일/NNG+적응/NNG+되/XSV+는/ETM+사람/NNG+은/JX+없/VA+을/ETM+거/NNB+야/VCP+EF"
          },
          {
            "id": 8,
            "text": "1 : 키키 낼 또 눈 풀린 상태로 일하는 날 볼 수 있어",
            "norm_text": "키키 낼 또 눈 풀린 상태로 일하는 날 볼 수 있어",
            "speaker": {
              "id": "1번",
              "sex": "여성",
              "age": "20대"
            },
            "speechAct": "(단언) 주장하기",
            "morpheme": "키/NNG+키/XSV+ETN+낼/NP+JKO+또/MAG+눈/NNG+풀린/VV+ETM+상태/NNG+로/JKB+일/NNG+하/XSV+는/ETM+날/NNG+볼/VV+ETM+수/NNB+있/VV+어/EC"
          },
          {
            "id": 9,
            "text": "2 : 내일부터 다크서클 다시 내려오겠다... 에혀 ㅠㅠ",
            "norm_text": "내일부터 다크서클 다시 내려오겠다... 에혀 ㅠㅠ",
            "speaker": {
              "id": "2번",
              "sex": "남성",
              "age": "20대"
            },
            "speechAct": "(단언) 주장하기",
            "morpheme": "내일/NNG+부터/JX+다크서클/NNG+다시/MAG+내려오/VV+겠/EP+다/EF+./SY+에혀ㅠㅠ/UNKNOWN"
          },
          {
            "id": 10,
            "text": "3 : 왜 벌써 일요일이 끝나가는지",
            "norm_text": "왜 벌써 일요일이 끝나가는지",
            "speaker": {
              "id": "3번",
              "sex": "남성",
              "age": "20대"
            },
            "speechAct": "(단언) 주장하기",
            "morpheme": "왜/MAG+벌써/MAG+일요일/NNG+이/JKS+끝/NNG+나가/VV+는지/EC"
          },
          {
            "id": 11,
            "text": "1 : 일요일 오후부터 피로가 몰려와",
            "norm_text": "일요일 오후부터 피로가 몰려와",
            "speaker": {
              "id": "1번",
              "sex": "여성",
              "age": "20대"
            },
            "speechAct": "(단언) 주장하기",
            "morpheme": "일요일/NNG+오후/NNG+부터/JX+피로/NNG+가/JKS+몰려와/VV+EC"
          },
          {
            "id": 12,
            "text": "2 : 맞어",
            "norm_text": "맞어",
            "speaker": {
              "id": "2번",
              "sex": "남성",
              "age": "20대"
            },
            "speechAct": "(단언) 주장하기",
            "morpheme": "맞/VV+어/EC"
          },
          {
            "id": 13,
            "text": "2 : 저녁쯤 되면 왜 벌써 저녁이냐고 키키",
            "norm_text": "저녁쯤 되면 왜 벌써 저녁이냐고 키키",
            "speaker": {
              "id": "2번",
              "sex": "남성",
              "age": "20대"
            },
            "speechAct": "(단언) 주장하기",
            "morpheme": "저녁/NNG+쯤/XSN+되/VV+면/EC+왜/MAG+벌써/MAG+저녁/NNG+이/VCP+냐고/EC+키/NNG+키/XSV+ETN"
          },
          {
            "id": 14,
            "text": "3 : 일요일에 잠깐 출근해서 일하면 월요병이 사라진대",
            "norm_text": "일요일에 잠깐 출근해서 일하면 월요병이 사라진대",
            "speaker": {
              "id": "3번",
              "sex": "남성",
              "age": "20대"
            },
            "speechAct": "(단언) 주장하기",
            "morpheme": "일요일/NNG+에/JKB+잠깐/MAG+출근/NNG+해서/XSV+EC+일/NNG+하/XSV+면/EC+월요병/NNG+이/JKS+사라진/VV+ETM+대/NNG"
          },
          {
            "id": 15,
            "text": "1 : 키키 아 그건 너무 싫다",
            "norm_text": "키키 아 그건 너무 싫다",
            "speaker": {
              "id": "1번",
              "sex": "여성",
              "age": "20대"
            },
            "speechAct": "(단언) 주장하기",
            "morpheme": "키키/NNP+아/JKV+그건/NP+JX+너무/MAG+싫/VA+다/EC"
          },
          {
            "id": 16,
            "text": "2 : 어떤 사람이 그러던데 금요일 저녁에 회사로 택배 시키면 월요일날 회사 가고 싶어진대 키키",
            "norm_text": "어떤 사람이 그러던데 금요일 저녁에 회사로 택배 시키면 월요일날 회사 가고 싶어진대 키키",
            "speaker": {
              "id": "2번",
              "sex": "남성",
              "age": "20대"
            },
            "speechAct": "(단언) 주장하기",
            "morpheme": "어떤/MM+사람/NNG+이/JKS+그러/VV+던데/EC+금요일/NNG+저녁/NNG+에/JKB+회사/NNG+로/JKB+택배/NNG+시키/XSV+면/EC+월요일/NNG+날/NNG+회사/NNG+가/VV+고/EC+싶/VX+어/EC+진대/VV+EC+키/NNG+키/XSV+ETN"
          },
          {
            "id": 17,
            "text": "3 : 그것도 꿀팁이네",
            "norm_text": "그것도 꿀팁이네",
            "speaker": {
              "id": "3번",
              "sex": "남성",
              "age": "20대"
            },
            "speechAct": "(단언) 주장하기",
            "morpheme": "그것/NP+도/JX+꿀/VV+ETM+팁/NNG+이/VCP+네/EC"
          },
          {
            "id": 18,
            "text": "3 : 키키 택배 좋다",
            "norm_text": "키키 택배 좋다",
            "speaker": {
              "id": "3번",
              "sex": "남성",
              "age": "20대"
            },
            "speechAct": "(단언) 주장하기",
            "morpheme": "키/NNG+키/NNG+택배/NNG+좋/VA+다/EC"
          },
          {
            "id": 19,
            "text": "1 : 키키 오 그건 좀 괜찮은데?",
            "norm_text": "키키 오 그건 좀 괜찮은데?",
            "speaker": {
              "id": "1번",
              "sex": "여성",
              "age": "20대"
            },
            "speechAct": "(단언) 주장하기",
            "morpheme": "키/NNG+키/XSV+ETN+오/JC+그건/NP+JX+좀/MAG+괜찮/VA+은데/EF"
          },
          {
            "id": 20,
            "text": "2 : 그래서 막 월요일이 기다려진대 키키",
            "norm_text": "그래서 막 월요일이 기다려진대 키키",
            "speaker": {
              "id": "2번",
              "sex": "남성",
              "age": "20대"
            },
            "speechAct": "(단언) 주장하기",
            "morpheme": "그래서/MAJ+막/MAJ+월요일/NNG+이/JKS+기다려/VV+EC+진대/VV+EC+키/NNG+키/XSV+ETN"
          },
          {
            "id": 21,
            "text": "2 : 나중에 한번 써먹어봐 키키",
            "norm_text": "나중에 한번 써먹어봐 키키",
            "speaker": {
              "id": "2번",
              "sex": "남성",
              "age": "20대"
            },
            "speechAct": "(단언) 주장하기",
            "morpheme": "나중/NNG+에/JKB+한/MM+번/NNBC+써먹/VV+어/EC+봐/VX+EF+키/NNG+키/XSV+ETN"
          },
          {
            "id": 22,
            "text": "3 : 진짜 택배 시키면 기다려지긴 하겠다",
            "norm_text": "진짜 택배 시키면 기다려지긴 하겠다",
            "speaker": {
              "id": "3번",
              "sex": "남성",
              "age": "20대"
            },
            "speechAct": "(단언) 주장하기",
            "morpheme": "진짜/MAG+택배/NNG+시키/XSV+면/EC+기다려/VV+EC+지/VX+긴/ETN+JX+하/VX+겠/EP+다/EC"
          }
        ]
      }
    }
  ]
}