{
  "dataset": {
    "identifier": 21031,
    "name": "BAND_27_09_set",
    "src_path": "/data/file/cubeManager/PROJECT001/49/txt20210916151141055970/BAND_27_09_set/",
    "label_path": "/data/file/cubeManager/PROJECT001/49/txt20210916151141055970/BAND_27_09_set/",
    "category": 2,
    "type": 0
  },
  "licenses": {
    "name": "Apache License 1.0",
    "url": "http://www.apache.org/licenses/LICENSE-1.0"
  },
  "info": [
    {
      "id": 28579,
      "filename": "BAND_27_09.txt",
      "title": "BAND_27_09",
      "mediatype": "SNS",
      "medianame": "네이버밴드",
      "category": "일상대화",
      "date": "2021-09-16",
      "size": 429,
      "annotations": {
        "subject": "반려동물",
        "speaker_type": "1:1",
        "size": 429,
        "word_size": 151,
        "text": "1 : 너 사슴벌레는 안 키워봤어?\n2 : 오 그거는  완전 초딩 때 했던 거 같아\n1 : 그치? 사서 키운 거야?\n2 : 아니 학교에 매달려 있길래 주웠지 키키\n1 : 키키 나도 우리 집에 알아서 날아오더라고 키키\n2 : 아 그거는 아예 집이라고 생각을 했네\n2 : 난 가다가 영문도  모르는 애를 주워 왔는데 키키\n1 : 맞아 키키 너도 젤리 먹였니?\n2 : 먹어야지 그거는 안 먹이면 안 돼 키키\n1 : 근데 나는 결국에 자연으로 다시 돌려보냈어 ㅜㅜ\n2 : 그래? 나는 학교 숙제 땜에 가져 온 거라 딴 애 줬어\n1 : 걔한테 판 게 아니고 그냥 준 거야?\n2 : 어 그냥 줬지 나도 주웠으니까 하하\n1 : 그치 근데 나 같으면 팔았다 키키 천 원에\n2 : 키키 그때 천 원 귀했지 맞아\n1 : 그럼 천 원이면 핫도그가 두 개인데!\n2 : 진짜? 난 천 원이었는데 떡볶이를 두 개 사 먹고",
        "lines": [
          {
            "id": 1,
            "text": "1 : 너 사슴벌레는 안 키워봤어?",
            "norm_text": "너 사슴벌레는 안 키워봤어?",
            "speaker": {
              "id": "1번",
              "sex": "여성",
              "age": "20대"
            },
            "speechAct": "(지시) 질문하기",
            "morpheme": "너/NP+사슴벌레/NNG+는/JX+안/MAG+키워/VV+EC+봤/VX+EP+어/EF"
          },
          {
            "id": 2,
            "text": "2 : 오 그거는  완전 초딩 때 했던 거 같아",
            "norm_text": "오 그거는  완전 초딩 때 했던 거 같아",
            "speaker": {
              "id": "2번",
              "sex": "여성",
              "age": "20대"
            },
            "speechAct": "(단언) 주장하기",
            "morpheme": "오/IC+그거/NP+는/JX+완전/NNG+초딩/NNG+때/NNG+했/XSV+EP+던/ETM+거/NNB+같/VA+아/EC"
          },
          {
            "id": 3,
            "text": "1 : 그치? 사서 키운 거야?",
            "norm_text": "그치? 사서 키운 거야?",
            "speaker": {
              "id": "1번",
              "sex": "여성",
              "age": "20대"
            },
            "speechAct": "(지시) 질문하기",
            "morpheme": "그치/IC+사/VV+서/EC+키운/VV+ETM+거/NNB+야/VCP+EF"
          },
          {
            "id": 4,
            "text": "2 : 아니 학교에 매달려 있길래 주웠지 키키",
            "norm_text": "아니 학교에 매달려 있길래 주웠지 키키",
            "speaker": {
              "id": "2번",
              "sex": "여성",
              "age": "20대"
            },
            "speechAct": "(단언) 진술하기",
            "morpheme": "아니/IC+학교/NNG+에/JKB+매달려/VV+EC+있/VX+길래/EC+주웠/VV+EP+지/EC+키/NNG+키/XSV+ETN"
          },
          {
            "id": 5,
            "text": "1 : 키키 나도 우리 집에 알아서 날아오더라고 키키",
            "norm_text": "키키 나도 우리 집에 알아서 날아오더라고 키키",
            "speaker": {
              "id": "1번",
              "sex": "여성",
              "age": "20대"
            },
            "speechAct": "(단언) 진술하기",
            "morpheme": "키/NNG+키나/XSA+ETN+JX+도/JX+우리/NP+집/NNG+에/JKB+알/VV+아서/EC+날아오/VV+더라고/EC+키/NNG+키/XSV+ETN"
          },
          {
            "id": 6,
            "text": "2 : 아 그거는 아예 집이라고 생각을 했네",
            "norm_text": "아 그거는 아예 집이라고 생각을 했네",
            "speaker": {
              "id": "2번",
              "sex": "여성",
              "age": "20대"
            },
            "speechAct": "(단언) 주장하기",
            "morpheme": "아/IC+그거/NP+는/JX+아예/MAG+집/NNG+이/VCP+라고/EC+생각/NNG+을/JKO+했/VV+EP+네/EF"
          },
          {
            "id": 7,
            "text": "2 : 난 가다가 영문도  모르는 애를 주워 왔는데 키키",
            "norm_text": "난 가다가 영문도  모르는 애를 주워 왔는데 키키",
            "speaker": {
              "id": "2번",
              "sex": "여성",
              "age": "20대"
            },
            "speechAct": "(단언) 진술하기",
            "morpheme": "난/NP+JX+가/VV+다가/EC+영문/NNG+도/JX+모르/VV+는/ETM+애/NNG+를/JKO+주워왔/VV+EC+VX+EP+는데/EC+키/NNG+키/XSV+ETN"
          },
          {
            "id": 8,
            "text": "1 : 맞아 키키 너도 젤리 먹였니?",
            "norm_text": "맞아 키키 너도 젤리 먹였니?",
            "speaker": {
              "id": "1번",
              "sex": "여성",
              "age": "20대"
            },
            "speechAct": "(지시) 질문하기",
            "morpheme": "맞/VV+아/EC+키/NNG+키/XSV+ETN+너/NP+도/JX+젤리/NNG+먹였/VV+EP+니/EF"
          },
          {
            "id": 9,
            "text": "2 : 먹어야지 그거는 안 먹이면 안 돼 키키",
            "norm_text": "먹어야지 그거는 안 먹이면 안 돼 키키",
            "speaker": {
              "id": "2번",
              "sex": "여성",
              "age": "20대"
            },
            "speechAct": "(단언) 주장하기",
            "morpheme": "먹/VV+어야지/EF+그거/NP+는/JX+안/MAG+먹이/VV+면/EC+안/MAG+돼/VV+EC+키/NNG+키/XSV+ETN"
          },
          {
            "id": 10,
            "text": "1 : 근데 나는 결국에 자연으로 다시 돌려보냈어 ㅜㅜ",
            "norm_text": "근데 나는 결국에 자연으로 다시 돌려보냈어 ㅜㅜ",
            "speaker": {
              "id": "1번",
              "sex": "여성",
              "age": "20대"
            },
            "speechAct": "(단언) 진술하기",
            "morpheme": "근데/MAJ+나/NP+는/JX+결국/NNG+에/JKB+자연/NNG+으로/JKB+다시/MAG+돌려보냈/VV+EP+어/EF+ㅜㅜ/UNKNOWN"
          },
          {
            "id": 11,
            "text": "2 : 그래? 나는 학교 숙제 땜에 가져 온 거라 딴 애 줬어",
            "norm_text": "그래? 나는 학교 숙제 땜에 가져 온 거라 딴 애 줬어",
            "speaker": {
              "id": "2번",
              "sex": "여성",
              "age": "20대"
            },
            "speechAct": "(단언) 진술하기",
            "morpheme": "그래/IC+나/NP+는/JX+학교/NNG+숙제/NNG+땜/NNB+에/JKB+가져온/VV+ETM+거/NNB+라/VCP+EC+딴/MM+애/NNG+줬/VV+EP+어/EC"
          },
          {
            "id": 12,
            "text": "1 : 걔한테 판 게 아니고 그냥 준 거야?",
            "norm_text": "걔한테 판 게 아니고 그냥 준 거야?",
            "speaker": {
              "id": "1번",
              "sex": "여성",
              "age": "20대"
            },
            "speechAct": "(지시) 질문하기",
            "morpheme": "걔/NP+한테/JKB+판/VV+ETM+게/NNB+JKC+아니/VCN+고/EC+그냥/MAG+준/VV+ETM+거/NNB+야/VCP+EF"
          },
          {
            "id": 13,
            "text": "2 : 어 그냥 줬지 나도 주웠으니까 하하",
            "norm_text": "어 그냥 줬지 나도 주웠으니까 하하",
            "speaker": {
              "id": "2번",
              "sex": "여성",
              "age": "20대"
            },
            "speechAct": "(단언) 진술하기",
            "morpheme": "어/IC+그냥/MAG+줬/VV+EP+지/EF+나/NP+도/JX+주웠/VV+EP+으니까/EC+하하/MAG"
          },
          {
            "id": 14,
            "text": "1 : 그치 근데 나 같으면 팔았다 키키 천 원에",
            "norm_text": "그치 근데 나 같으면 팔았다 키키 천 원에",
            "speaker": {
              "id": "1번",
              "sex": "여성",
              "age": "20대"
            },
            "speechAct": "(단언) 주장하기",
            "morpheme": "그치/IC+근데/MAJ+나/NP+같/VA+으면/EC+팔/VV+았/EP+다키키/NNP+천/NR+원/NNBC+에/JKB"
          },
          {
            "id": 15,
            "text": "2 : 키키 그때 천 원 귀했지 맞아",
            "norm_text": "키키 그때 천 원 귀했지 맞아",
            "speaker": {
              "id": "2번",
              "sex": "여성",
              "age": "20대"
            },
            "speechAct": "(단언) 주장하기",
            "morpheme": "키/NNG+키/NNG+그때/NNG+천/NR+원/NNBC+귀/NNG+했/XSV+EP+지/EC+맞/VV+아/EC"
          },
          {
            "id": 16,
            "text": "1 : 그럼 천 원이면 핫도그가 두 개인데!",
            "norm_text": "그럼 천 원이면 핫도그가 두 개인데!",
            "speaker": {
              "id": "1번",
              "sex": "여성",
              "age": "20대"
            },
            "speechAct": "(단언) 진술하기",
            "morpheme": "그럼/MAJ+천/NR+원/NNBC+이/VCP+면/EC+핫도그/NNG+가/JKS+두/MM+개/NNBC+인데/VCP+EF"
          },
          {
            "id": 17,
            "text": "2 : 진짜? 난 천 원이었는데 떡볶이를 두 개 사 먹고",
            "norm_text": "진짜? 난 천 원이었는데 떡볶이를 두 개 사 먹고",
            "speaker": {
              "id": "2번",
              "sex": "여성",
              "age": "20대"
            },
            "speechAct": "(단언) 진술하기",
            "morpheme": "진짜/MAG+난/NP+JX+천/NR+원/NNBC+이/VCP+었/EP+는데/EC+떡볶이/NNG+를/JKO+두/MM+개/NNBC+사먹/VV+고/EC"
          }
        ]
      }
    }
  ]
}