{
  "dataset": {
    "identifier": 102966,
    "name": "BAND_40_09_set",
    "src_path": "/data/file/cubeManager/PROJECT001/77/txt20211029151156007454/BAND_40_09_set/",
    "label_path": "/data/file/cubeManager/PROJECT001/77/txt20211029151156007454/BAND_40_09_set/",
    "category": 2,
    "type": 0
  },
  "licenses": {
    "name": "Apache License 1.0",
    "url": "http://www.apache.org/licenses/LICENSE-1.0"
  },
  "info": [
    {
      "id": 109691,
      "filename": "BAND_40_09.txt",
      "title": "BAND_40_09",
      "mediatype": "SNS",
      "medianame": "네이버밴드",
      "category": "일상대화",
      "date": "2021-10-29",
      "size": 512,
      "annotations": {
        "subject": "반려동물",
        "speaker_type": "다자간 대화",
        "size": 512,
        "word_size": 162,
        "text": "1 : 마지막으로 동물원 다녀온게 언제야?\n2 : 음 나는 4-5년전?에 간듯\n3 : 나는 중학교 이후로 안 간 거 같아\n1 : 난 2년 전 전주 동물원이 마지막...\n2 : 나이 먹을수록 확실히 시간이 없다보니 그런쪽으로는 잘 안 가는 거 같애\n3 : 오옹 전주에도 동물원이 있구나\n1 : 키키 웅 나도 몰랐는데 잘해놨더라 키키 근데 작아\n2 : 근데 남자들은 동물원 많이 안 좋아하지 않나?\n3 : 맞아 주로 여자친구랑만 가지\n1 : 키키 안 좋아하는구나 키키 애들 귀엽고 재밌는데\n2 : 남자들끼리 동물원은 한번도 안 간 거 같애 키키 여자친구 있을 때만 가는 정도 키키\n3 : 애들 귀엽긴 한데 여자친구랑 가면 좋은곳인 거 같아\n1 : 그래서 그런가 거의 연인 가족 이렇더라 키키\n2 : 그치 키키 남자들끼리 동물원…키키 생각만해도 오글오글한다 키키\n3 : 윽 남자끼리는 절대 못가지\n1 : 키키 그 정도야? 키키\n1 : 난 담달에 또 가려구!\n2 : 오 남자친구랑 가는 거야?\n2 : 친구랑 가는 거야?\n3 : 다음 달에 어디 동물원 가게?",
        "lines": [
          {
            "id": 1,
            "text": "1 : 마지막으로 동물원 다녀온게 언제야?",
            "norm_text": "마지막으로 동물원 다녀온게 언제야?",
            "speaker": {
              "id": "1번",
              "sex": "여성",
              "age": "20대"
            },
            "speechAct": "(지시) 질문하기",
            "morpheme": "마지막/NNG+으로/JKB+동물원/NNG+다녀온/VV+ETM+게/NNB+JKS+언제/NP+야/VCP+EF"
          },
          {
            "id": 2,
            "text": "2 : 음 나는 4-5년전?에 간듯",
            "norm_text": "음 나는 4-5년전?에 간듯",
            "speaker": {
              "id": "2번",
              "sex": "남성",
              "age": "20대"
            },
            "speechAct": "(단언) 진술하기",
            "morpheme": "음/IC+나/NP+는/JX+4/SN+-/SY+5/SN+년/NNBC+전/NNG+?/SY+에/JKB+간/VV+ETM+듯/NNB"
          },
          {
            "id": 3,
            "text": "3 : 나는 중학교 이후로 안 간 거 같아",
            "norm_text": "나는 중학교 이후로 안 간 거 같아",
            "speaker": {
              "id": "3번",
              "sex": "남성",
              "age": "20대"
            },
            "speechAct": "(단언) 진술하기",
            "morpheme": "나/NP+는/JX+중학교/NNG+이후/NNG+로/JKB+안/MAG+간/VV+ETM+거/NNB+같/VA+아/EC"
          },
          {
            "id": 4,
            "text": "1 : 난 2년 전 전주 동물원이 마지막...",
            "norm_text": "난 2년 전 전주 동물원이 마지막...",
            "speaker": {
              "id": "1번",
              "sex": "여성",
              "age": "20대"
            },
            "speechAct": "(단언) 진술하기",
            "morpheme": "난/NP+JX+2/SN+년/NNBC+전전주/NNG+동물원/NNG+이/JKS+마지막/NNG+./SY+./SY"
          },
          {
            "id": 5,
            "text": "2 : 나이 먹을수록 확실히 시간이 없다보니 그런쪽으로는 잘 안 가는 거 같애",
            "norm_text": "나이 먹을수록 확실히 시간이 없다보니 그런쪽으로는 잘 안 가는 거 같애",
            "speaker": {
              "id": "2번",
              "sex": "남성",
              "age": "20대"
            },
            "speechAct": "(단언) 주장하기",
            "morpheme": "나이/NNG+먹/VV+을수록/EC+확실히/MAG+시간/NNG+이/JKS+없/VA+다/EC+보/VX+니/EC+그런/MM+쪽/NNB+으로/JKB+는/JX+잘/MAG+안/MAG+가/VV+는/ETM+거/NNB+같/VA+애/EC"
          },
          {
            "id": 6,
            "text": "3 : 오옹 전주에도 동물원이 있구나",
            "norm_text": "오옹 전주에도 동물원이 있구나",
            "speaker": {
              "id": "3번",
              "sex": "남성",
              "age": "20대"
            },
            "speechAct": "(지시) 질문하기",
            "morpheme": "오/NR+옹전/NNG+주/NNG+에/JKB+도/JX+동물원/NNG+이/JKS+있/VV+구나/EC"
          },
          {
            "id": 7,
            "text": "1 : 키키 웅 나도 몰랐는데 잘해놨더라 키키 근데 작아",
            "norm_text": "키키 웅 나도 몰랐는데 잘해놨더라 키키 근데 작아",
            "speaker": {
              "id": "1번",
              "sex": "여성",
              "age": "20대"
            },
            "speechAct": "(단언) 주장하기",
            "morpheme": "키/NNG+키/XSV+ETN+웅/IC+나/NP+도/JX+몰랐/VV+EP+는데/EC+잘/MAG+해/VV+EC+놨더라/VX+EP+EF+키/NNG+키/XSV+ETN+근데/MAJ+작/VA+아/EC"
          },
          {
            "id": 8,
            "text": "2 : 근데 남자들은 동물원 많이 안 좋아하지 않나?",
            "norm_text": "근데 남자들은 동물원 많이 안 좋아하지 않나?",
            "speaker": {
              "id": "2번",
              "sex": "남성",
              "age": "20대"
            },
            "speechAct": "(지시) 질문하기",
            "morpheme": "근데/MAJ+남자/NNG+들/XSN+은/JX+동물원/NNG+많이/MAG+안/MAG+좋아하/VV+지/EC+않/VX+나/EF"
          },
          {
            "id": 9,
            "text": "3 : 맞아 주로 여자친구랑만 가지",
            "norm_text": "맞아 주로 여자친구랑만 가지",
            "speaker": {
              "id": "3번",
              "sex": "남성",
              "age": "20대"
            },
            "speechAct": "(단언) 주장하기",
            "morpheme": "맞/VV+아/EC+주로/MAG+여자/NNG+친구/NNG+랑/JKB+만/JX+가지/VX"
          },
          {
            "id": 10,
            "text": "1 : 키키 안 좋아하는구나 키키 애들 귀엽고 재밌는데",
            "norm_text": "키키 안 좋아하는구나 키키 애들 귀엽고 재밌는데",
            "speaker": {
              "id": "1번",
              "sex": "여성",
              "age": "20대"
            },
            "speechAct": "(단언) 주장하기",
            "morpheme": "키/NNG+키/NNG+안/MAG+좋/VA+아/EC+하/VX+는구나/EF+키키/NNP+애/NNG+들/XSN+귀엽/VA+고/EC+재밌/VA+는데/EC"
          },
          {
            "id": 11,
            "text": "2 : 남자들끼리 동물원은 한번도 안 간 거 같애 키키 여자친구 있을 때만 가는 정도 키키",
            "norm_text": "남자들끼리 동물원은 한번도 안 간 거 같애 키키 여자친구 있을 때만 가는 정도 키키",
            "speaker": {
              "id": "2번",
              "sex": "남성",
              "age": "20대"
            },
            "speechAct": "(단언) 주장하기",
            "morpheme": "남자/NNG+들/XSN+끼리/XSN+동물원/NNG+은/JX+한/MM+번/NNBC+도/JX+안/MAG+간/VV+ETM+거/NNB+같/VA+애/EF+키키/NNP+여자/NNG+친구/NNG+있/VV+을/ETM+때/NNG+만/JX+가/VV+는/ETM+정도/NNG+키/NNG+키/XSV+ETN"
          },
          {
            "id": 12,
            "text": "3 : 애들 귀엽긴 한데 여자친구랑 가면 좋은곳인 거 같아",
            "norm_text": "애들 귀엽긴 한데 여자친구랑 가면 좋은곳인 거 같아",
            "speaker": {
              "id": "3번",
              "sex": "남성",
              "age": "20대"
            },
            "speechAct": "(단언) 주장하기",
            "morpheme": "애/NNG+들/XSN+귀엽/VA+긴/ETN+JX+한데/VX+EC+여자/NNG+친구/NNG+랑/JKB+가/VV+면/EC+좋/VA+은/ETM+곳/NNG+인/VCP+ETM+거/NNB+같/VA+아/EC"
          },
          {
            "id": 13,
            "text": "1 : 그래서 그런가 거의 연인 가족 이렇더라 키키",
            "norm_text": "그래서 그런가 거의 연인 가족 이렇더라 키키",
            "speaker": {
              "id": "1번",
              "sex": "여성",
              "age": "20대"
            },
            "speechAct": "(단언) 진술하기",
            "morpheme": "그래서/MAJ+그런가/VA+EC+거의/MAG+연인/NNG+가족/NNG+이렇/VA+더라/EC+키/NNG+키/XSV+ETN"
          },
          {
            "id": 14,
            "text": "2 : 그치 키키 남자들끼리 동물원…키키 생각만해도 오글오글한다 키키",
            "norm_text": "그치 키키 남자들끼리 동물원…키키 생각만해도 오글오글한다 키키",
            "speaker": {
              "id": "2번",
              "sex": "남성",
              "age": "20대"
            },
            "speechAct": "(단언) 주장하기",
            "morpheme": "그치/IC+키/NNG+키/NNG+남자/NNG+들/XSN+끼리/XSN+동물원/NNG+…/SE+키/NNG+키/NNG+생각/NNG+만/JX+해도/VV+EC+오글오글/MAG+한/XSA+ETM+다키키/NNP"
          },
          {
            "id": 15,
            "text": "3 : 윽 남자끼리는 절대 못가지",
            "norm_text": "윽 남자끼리는 절대 못가지",
            "speaker": {
              "id": "3번",
              "sex": "남성",
              "age": "20대"
            },
            "speechAct": "(단언) 주장하기",
            "morpheme": "윽/IC+남자/NNG+끼리/XSN+는/JX+절대/MAG+못/MAG+가/VV+지/EC"
          },
          {
            "id": 16,
            "text": "1 : 키키 그 정도야? 키키",
            "norm_text": "키키 그 정도야? 키키",
            "speaker": {
              "id": "1번",
              "sex": "여성",
              "age": "20대"
            },
            "speechAct": "(지시) 질문하기",
            "morpheme": "키키/NNP+그/MM+정도/NNG+야/VCP+EF+키/NNG+키/XSV+ETN"
          },
          {
            "id": 17,
            "text": "1 : 난 담달에 또 가려구!",
            "norm_text": "난 담달에 또 가려구!",
            "speaker": {
              "id": "1번",
              "sex": "여성",
              "age": "20대"
            },
            "speechAct": "(단언) 주장하기",
            "morpheme": "난/NP+JX+담/NNG+달/NNG+에/JKB+또/MAG+가/VV+려구/EF"
          },
          {
            "id": 18,
            "text": "2 : 오 남자친구랑 가는 거야?",
            "norm_text": "오 남자친구랑 가는 거야?",
            "speaker": {
              "id": "2번",
              "sex": "남성",
              "age": "20대"
            },
            "speechAct": "(지시) 질문하기",
            "morpheme": "오/NR+남자/NNG+친구/NNG+랑/JKB+가/VV+는/ETM+거/NNB+야/VCP+EF"
          },
          {
            "id": 19,
            "text": "2 : 친구랑 가는 거야?",
            "norm_text": "친구랑 가는 거야?",
            "speaker": {
              "id": "2번",
              "sex": "남성",
              "age": "20대"
            },
            "speechAct": "(지시) 질문하기",
            "morpheme": "친구/NNG+랑/JKB+가/VV+는/ETM+거/NNB+야/VCP+EF"
          },
          {
            "id": 20,
            "text": "3 : 다음 달에 어디 동물원 가게?",
            "norm_text": "다음 달에 어디 동물원 가게?",
            "speaker": {
              "id": "3번",
              "sex": "남성",
              "age": "20대"
            },
            "speechAct": "(지시) 질문하기",
            "morpheme": "다음/NNG+달/NNG+에/JKB+어디/NP+동물원/NNG+가게/NNG"
          }
        ]
      }
    }
  ]
}