{
  "dataset": {
    "identifier": 58308,
    "name": "BAND_32_15_set",
    "src_path": "/data/file/cubeManager/PROJECT001/53/txt20210927151849057235/BAND_32_15_set/",
    "label_path": "/data/file/cubeManager/PROJECT001/53/txt20210927151849057235/BAND_32_15_set/",
    "category": 2,
    "type": 0
  },
  "licenses": {
    "name": "Apache License 1.0",
    "url": "http://www.apache.org/licenses/LICENSE-1.0"
  },
  "info": [
    {
      "id": 34773,
      "filename": "BAND_32_15.txt",
      "title": "BAND_32_15",
      "mediatype": "SNS",
      "medianame": "네이버밴드",
      "category": "일상대화",
      "date": "2021-09-27",
      "size": 455,
      "annotations": {
        "subject": "타 국가 이슈",
        "speaker_type": "1:1",
        "size": 455,
        "word_size": 142,
        "text": "1 : 프랑스에서 연구를 했는데 백신에 관한 얘기야.\n2 : 오 어떤 연구 결과가 나온 거야?\n1 : 응 백신이 암세포도 죽인다는 결과가 나왔대!\n2 : 우와 그럼 백신으로 암 치료가 가능한 거야?\n1 : 응 그래서 암 환자를 대상을 임상 실험도 한다더라!\n2 : 어떤 종류의 백신이야? 다 된대?\n1 : 아니 아제 백신이랑 얀센 백신만 된대!\n2 : 오 코로나 백신으로는 평이 안 좋은데 그런 효과가 있네!\n1 : 그렇다고 하네 생쥐로 임상 실험을 했는데 암 세포가 엄청 줄었대!\n2 : 정확히 몇 프로가 줄었다고 해?\n1 : 응 지금 보니까 암 세포가 82%나 줄었대!\n2 : 우와 거의 완치에 가까운 수준이네\n1 : 응 근데 또 사람한테 나타나는 증상이 있을 수 있으니까 아직은 연구 단계래!\n2 : 하긴 그래도 이 정도 발견만으로도 엄청난 발전이다 키키\n1 : 맞아 암 없는 세상이 다가오고 있어!\n2 : 꼭 개발에 성공했으면 좋겠다",
        "lines": [
          {
            "id": 1,
            "text": "1 : 프랑스에서 연구를 했는데 백신에 관한 얘기야.",
            "norm_text": "프랑스에서 연구를 했는데 백신에 관한 얘기야.",
            "speaker": {
              "id": "1번",
              "sex": "여성",
              "age": "20대"
            },
            "speechAct": "(단언) 진술하기",
            "morpheme": "프랑스/NNP+에서/JKB+연구/NNG+를/JKO+했/VV+EP+는데/EC+백신/NNG+에/JKB+관한/VV+ETM+얘기/NNG+야/VCP+EF"
          },
          {
            "id": 2,
            "text": "2 : 오 어떤 연구 결과가 나온 거야?",
            "norm_text": "오 어떤 연구 결과가 나온 거야?",
            "speaker": {
              "id": "2번",
              "sex": "여성",
              "age": "20대"
            },
            "speechAct": "(지시) 질문하기",
            "morpheme": "오/IC+어떤/MM+연구/NNG+결과/NNG+가/JKS+나온/VV+ETM+거/NNB+야/VCP+EF"
          },
          {
            "id": 3,
            "text": "1 : 응 백신이 암세포도 죽인다는 결과가 나왔대!",
            "norm_text": "응 백신이 암세포도 죽인다는 결과가 나왔대!",
            "speaker": {
              "id": "1번",
              "sex": "여성",
              "age": "20대"
            },
            "speechAct": "(단언) 진술하기",
            "morpheme": "응/IC+백신/NNG+이/JKS+암세포/NNG+도/JX+죽인다는/VV+ETM+결과/NNG+가/JKS+나왔/VV+EP+대/EF"
          },
          {
            "id": 4,
            "text": "2 : 우와 그럼 백신으로 암 치료가 가능한 거야?",
            "norm_text": "우와 그럼 백신으로 암 치료가 가능한 거야?",
            "speaker": {
              "id": "2번",
              "sex": "여성",
              "age": "20대"
            },
            "speechAct": "(지시) 질문하기",
            "morpheme": "우와/IC+그럼/MAJ+백신/NNG+으로/JKB+암/NNG+치료/NNG+가/JKS+가능/NNG+한/XSA+ETM+거/NNB+야/VCP+EF"
          },
          {
            "id": 5,
            "text": "1 : 응 그래서 암 환자를 대상을 임상 실험도 한다더라!",
            "norm_text": "응 그래서 암 환자를 대상을 임상 실험도 한다더라!",
            "speaker": {
              "id": "1번",
              "sex": "여성",
              "age": "20대"
            },
            "speechAct": "(단언) 진술하기",
            "morpheme": "응/IC+그래서/MAJ+암/NNG+환자/NNG+를/JKO+대상/NNG+을/JKO+임상/NNG+실험/NNG+도/JX+한다더라/VX+EF"
          },
          {
            "id": 6,
            "text": "2 : 어떤 종류의 백신이야? 다 된대?",
            "norm_text": "어떤 종류의 백신이야? 다 된대?",
            "speaker": {
              "id": "2번",
              "sex": "여성",
              "age": "20대"
            },
            "speechAct": "(지시) 질문하기",
            "morpheme": "어떤/MM+종류/NNG+의/JKG+백신/NNG+이/VCP+야/EF+다/MAG+된대/VV+EF"
          },
          {
            "id": 7,
            "text": "1 : 아니 아제 백신이랑 얀센 백신만 된대!",
            "norm_text": "아니 아제 백신이랑 얀센 백신만 된대!",
            "speaker": {
              "id": "1번",
              "sex": "여성",
              "age": "20대"
            },
            "speechAct": "(단언) 진술하기",
            "morpheme": "아니/IC+아/IC+제/NP+JKG+백신/NNG+이랑/JC+얀센/NNP+백신/NNG+만/JX+된대/VV+EF"
          },
          {
            "id": 8,
            "text": "2 : 오 코로나 백신으로는 평이 안 좋은데 그런 효과가 있네!",
            "norm_text": "오 코로나 백신으로는 평이 안 좋은데 그런 효과가 있네!",
            "speaker": {
              "id": "2번",
              "sex": "여성",
              "age": "20대"
            },
            "speechAct": "(단언) 진술하기",
            "morpheme": "오/NR+코로나/NNG+백신/NNG+으로/JKB+는/JX+평/NNG+이/JKS+안/MAG+좋/VA+은데/EC+그런/MM+효과/NNG+가/JKS+있/VA+네/EF"
          },
          {
            "id": 9,
            "text": "1 : 그렇다고 하네 생쥐로 임상 실험을 했는데 암 세포가 엄청 줄었대!",
            "norm_text": "그렇다고 하네 생쥐로 임상 실험을 했는데 암 세포가 엄청 줄었대!",
            "speaker": {
              "id": "1번",
              "sex": "여성",
              "age": "20대"
            },
            "speechAct": "(단언) 진술하기",
            "morpheme": "그렇/VA+다고/EC+하/VX+네/EF+생쥐/NNG+로/JKB+임상/NNG+실험/NNG+을/JKO+했/VV+EP+는데/EC+암세포/NNG+가/JKS+엄청/MAG+줄/VV+었/EP+대/EF"
          },
          {
            "id": 10,
            "text": "2 : 정확히 몇 프로가 줄었다고 해?",
            "norm_text": "정확히 몇 프로가 줄었다고 해?",
            "speaker": {
              "id": "2번",
              "sex": "여성",
              "age": "20대"
            },
            "speechAct": "(지시) 질문하기",
            "morpheme": "정확히/MAG+몇/MM+프로/NNG+가/JKS+줄/VV+었/EP+다고/EC+해/VX+EF"
          },
          {
            "id": 11,
            "text": "1 : 응 지금 보니까 암 세포가 82%나 줄었대!",
            "norm_text": "응 지금 보니까 암 세포가 82%나 줄었대!",
            "speaker": {
              "id": "1번",
              "sex": "여성",
              "age": "20대"
            },
            "speechAct": "(단언) 진술하기",
            "morpheme": "응/IC+지금/MAG+보/VV+니까/EC+암세포/NNG+가/JKS+82/SN+%/SY+나/JX+줄/VV+었/EP+대/EF"
          },
          {
            "id": 12,
            "text": "2 : 우와 거의 완치에 가까운 수준이네",
            "norm_text": "우와 거의 완치에 가까운 수준이네",
            "speaker": {
              "id": "2번",
              "sex": "여성",
              "age": "20대"
            },
            "speechAct": "(단언) 진술하기",
            "morpheme": "우와/IC+거의/MAG+완치/NNG+에/JKB+가까운/VA+ETM+수준/NNG+이/VCP+네/EC"
          },
          {
            "id": 13,
            "text": "1 : 응 근데 또 사람한테 나타나는 증상이 있을 수 있으니까 아직은 연구 단계래!",
            "norm_text": "응 근데 또 사람한테 나타나는 증상이 있을 수 있으니까 아직은 연구 단계래!",
            "speaker": {
              "id": "1번",
              "sex": "여성",
              "age": "20대"
            },
            "speechAct": "(단언) 진술하기",
            "morpheme": "응/IC+근데/MAJ+또/MAG+사람/NNG+한테/JKB+나타나/VV+는/ETM+증상/NNG+이/JKS+있/VV+을/ETM+수/NNB+있/VV+으니까/EC+아직/MAG+은/JX+연구/NNG+단계/NNG+래/VCP+EF"
          },
          {
            "id": 14,
            "text": "2 : 하긴 그래도 이 정도 발견만으로도 엄청난 발전이다 키키",
            "norm_text": "하긴 그래도 이 정도 발견만으로도 엄청난 발전이다 키키",
            "speaker": {
              "id": "2번",
              "sex": "여성",
              "age": "20대"
            },
            "speechAct": "(단언) 주장하기",
            "morpheme": "하긴/MAJ+그래도/MAJ+이/MM+정도/NNG+발견/NNG+만/JX+으로/JKB+도/JX+엄청난/VA+ETM+발전/NNG+이/JKS+다키키/NNP"
          },
          {
            "id": 15,
            "text": "1 : 맞아 암 없는 세상이 다가오고 있어!",
            "norm_text": "맞아 암 없는 세상이 다가오고 있어!",
            "speaker": {
              "id": "1번",
              "sex": "여성",
              "age": "20대"
            },
            "speechAct": "(단언) 진술하기",
            "morpheme": "맞/VV+아/EC+암/NNG+없/VA+는/ETM+세상/NNG+이/JKS+다가오/VV+고/EC+있/VX+어/EF"
          },
          {
            "id": 16,
            "text": "2 : 꼭 개발에 성공했으면 좋겠다",
            "norm_text": "꼭 개발에 성공했으면 좋겠다",
            "speaker": {
              "id": "2번",
              "sex": "여성",
              "age": "20대"
            },
            "speechAct": "(단언) 주장하기",
            "morpheme": "꼭/MAG+개발/NNG+에/JKB+성공/NNG+했/XSV+EP+으면/EC+좋/VA+겠/EP+다/EC"
          }
        ]
      }
    }
  ]
}