{
  "dataset": {
    "identifier": 113983,
    "name": "BAND_44_19_set",
    "src_path": "/data/file/cubeManager/PROJECT001/80/txt20211102172148025529/BAND_44_19_set/",
    "label_path": "/data/file/cubeManager/PROJECT001/80/txt20211102172148025529/BAND_44_19_set/",
    "category": 2,
    "type": 0
  },
  "licenses": {
    "name": "Apache License 1.0",
    "url": "http://www.apache.org/licenses/LICENSE-1.0"
  },
  "info": [
    {
      "id": 131631,
      "filename": "BAND_44_19.txt",
      "title": "BAND_44_19",
      "mediatype": "SNS",
      "medianame": "네이버밴드",
      "category": "일상대화",
      "date": "2021-11-02",
      "size": 572,
      "annotations": {
        "subject": "방송/연예",
        "speaker_type": "다자간 대화",
        "size": 572,
        "word_size": 184,
        "text": "1 : 아 스우파 방송 놓쳤다 ㅜㅜ\n2 : 키키 헐 몇 시에 어디서 본방인데 ㅜㅜ?\n3 : 이거 보는 사람은 놓치면 신경 쓰이는데 키키\n1 : 엠넷에서 10시 20분 키키\n1 : 놓쳤어\n2 : 아 이런 ㅡㅡ\n2 : 오늘이 결승인가 그렇지 않나아\n3 : 나처럼 나중에 몰아보면 좋은데!\n1 : 키키 오늘 결승이라 실시간일걸 ㅠㅠ\n1 : 띠로리\n2 : 키키 ㅜㅜ 아 이런 ㅜㅜ\n2 : 보는 사람들은 몰아보면 재미없지~\n3 : 키키 이미 봐버렸다니...\n3 : 난 나중에 봐야겠다...하하\n1 : 키키 스포 당하고 보겠네 ㅜㅜ\n1 : 이거 완전 추천\n2 : 키키 ㅇㅈㅇㅈ 아는 언니도 재밌다구 키키\n2 : 아이키가 결승이라매 키키!?!?\n3 : 키키 아이키 매력 쩔던데 우승했으면 좋겠당!\n1 : 그니깐 키키\n1 : 투표로는 압도적이던데 과연\n2 : 마자... 두근...\n2 : 나는 아무도 모르지만 아이키는 아니까 아이키가 이기길\n3 : 키키 내가 아는 사람 응원 하는 게 좋아 역시\n1 : 맞아 키키 응원하기도 편하고 키키\n1 : 내가 보고 알려줄게!\n2 : 키키 마자 조아~!\n3 : 누가 우승했는지만이라두 알즈아\n3 : 키키 후기 알려줘\n3 : 스포 당하고 봐도 재밌을 듯",
        "lines": [
          {
            "id": 1,
            "text": "1 : 아 스우파 방송 놓쳤다 ㅜㅜ",
            "norm_text": "아 스우파 방송 놓쳤다 ㅜㅜ",
            "speaker": {
              "id": "1번",
              "sex": "여성",
              "age": "20대"
            },
            "speechAct": "(단언) 진술하기",
            "morpheme": "아스/NNG+우파/NNG+방송/NNG+놓쳤/VV+EP+다/EF+ㅜㅜ/UNKNOWN"
          },
          {
            "id": 2,
            "text": "2 : 키키 헐 몇 시에 어디서 본방인데 ㅜㅜ?",
            "norm_text": "키키 헐 몇 시에 어디서 본방인데 ㅜㅜ?",
            "speaker": {
              "id": "2번",
              "sex": "여성",
              "age": "20대"
            },
            "speechAct": "(지시) 질문하기",
            "morpheme": "키/NNG+키/NNG+헐/XSV+JKO+몇/MM+시/NNBC+에/JKB+어디/NP+서/JKB+본방/NNG+인데/VCP+EC+ㅜㅜ/UNKNOWN"
          },
          {
            "id": 3,
            "text": "3 : 이거 보는 사람은 놓치면 신경 쓰이는데 키키",
            "norm_text": "이거 보는 사람은 놓치면 신경 쓰이는데 키키",
            "speaker": {
              "id": "3번",
              "sex": "남성",
              "age": "20대"
            },
            "speechAct": "(단언) 주장하기",
            "morpheme": "이거/NP+보/VV+는/ETM+사람/NNG+은/JX+놓치/VV+면/EC+신경/NNG+쓰이/VV+는데/EC+키/NNG+키/XSV+ETN"
          },
          {
            "id": 4,
            "text": "1 : 엠넷에서 10시 20분 키키",
            "norm_text": "엠넷에서 10시 20분 키키",
            "speaker": {
              "id": "1번",
              "sex": "여성",
              "age": "20대"
            },
            "speechAct": "(단언) 진술하기",
            "morpheme": "엠/NNG+넷/NR+에서/JKB+10/SN+시/NNBC+20/SN+분/NNBC+키/NNG+키/XSV+ETN"
          },
          {
            "id": 5,
            "text": "1 : 놓쳤어",
            "norm_text": "놓쳤어",
            "speaker": {
              "id": "1번",
              "sex": "여성",
              "age": "20대"
            },
            "speechAct": "(단언) 진술하기",
            "morpheme": "놓쳤/VV+EP+어/EC"
          },
          {
            "id": 6,
            "text": "2 : 아 이런 ㅡㅡ",
            "norm_text": "아 이런 ㅡㅡ",
            "speaker": {
              "id": "2번",
              "sex": "여성",
              "age": "20대"
            },
            "speechAct": "(표현) 부정감정 표현하기",
            "morpheme": "아이런ㅡㅡ/UNKNOWN"
          },
          {
            "id": 7,
            "text": "2 : 오늘이 결승인가 그렇지 않나아",
            "norm_text": "오늘이 결승인가 그렇지 않나아",
            "speaker": {
              "id": "2번",
              "sex": "여성",
              "age": "20대"
            },
            "speechAct": "(단언) 주장하기",
            "morpheme": "오늘/NNG+이/JKS+결승/NNG+인가/VCP+EC+그렇/VA+지/EC+않/VX+나아/EF"
          },
          {
            "id": 8,
            "text": "3 : 나처럼 나중에 몰아보면 좋은데!",
            "norm_text": "나처럼 나중에 몰아보면 좋은데!",
            "speaker": {
              "id": "3번",
              "sex": "남성",
              "age": "20대"
            },
            "speechAct": "(단언) 주장하기",
            "morpheme": "나/NP+처럼/JKB+나중/NNG+에/JKB+몰/VV+아/EC+보/VX+면/EC+좋/VA+은데/EF"
          },
          {
            "id": 9,
            "text": "1 : 키키 오늘 결승이라 실시간일걸 ㅠㅠ",
            "norm_text": "키키 오늘 결승이라 실시간일걸 ㅠㅠ",
            "speaker": {
              "id": "1번",
              "sex": "여성",
              "age": "20대"
            },
            "speechAct": "(단언) 주장하기",
            "morpheme": "키/NNG+키/NNG+오늘/NNG+결승/NNG+이/VCP+라/EC+실시간/NNG+일/VCP+ETM+걸/NNB+JKO+ㅠㅠ/UNKNOWN"
          },
          {
            "id": 10,
            "text": "1 : 띠로리",
            "norm_text": "띠로리",
            "speaker": {
              "id": "1번",
              "sex": "여성",
              "age": "20대"
            },
            "speechAct": "(표현) 부정감정 표현하기",
            "morpheme": "띠/NNG+로리/NNG"
          },
          {
            "id": 11,
            "text": "2 : 키키 ㅜㅜ 아 이런 ㅜㅜ",
            "norm_text": "키키 ㅜㅜ 아 이런 ㅜㅜ",
            "speaker": {
              "id": "2번",
              "sex": "여성",
              "age": "20대"
            },
            "speechAct": "(표현) 부정감정 표현하기",
            "morpheme": "키/NNG+키/XSV+ETN+ㅜㅜ/UNKNOWN+아/IC+이런/MM+ㅜㅜ/UNKNOWN"
          },
          {
            "id": 12,
            "text": "2 : 보는 사람들은 몰아보면 재미없지~",
            "norm_text": "보는 사람들은 몰아보면 재미없지~",
            "speaker": {
              "id": "2번",
              "sex": "여성",
              "age": "20대"
            },
            "speechAct": "(단언) 주장하기",
            "morpheme": "보/VV+는/ETM+사람/NNG+들/XSN+은/JX+몰/VV+아/EC+보/VX+면/EC+재미없/VA+지/EC+~/SY"
          },
          {
            "id": 13,
            "text": "3 : 키키 이미 봐버렸다니...",
            "norm_text": "키키 이미 봐버렸다니...",
            "speaker": {
              "id": "3번",
              "sex": "남성",
              "age": "20대"
            },
            "speechAct": "(단언) 주장하기",
            "morpheme": "키/NNG+키/NNG+이미/MAG+봐버렸/VV+EC+VX+EP+다니/EF+./SY"
          },
          {
            "id": 14,
            "text": "3 : 난 나중에 봐야겠다...하하",
            "norm_text": "난 나중에 봐야겠다...하하",
            "speaker": {
              "id": "3번",
              "sex": "남성",
              "age": "20대"
            },
            "speechAct": "(단언) 주장하기",
            "morpheme": "난/NP+JX+나중/NNG+에/JKB+봐야겠다/VV+EC+VX+EP+EF+./SY+하하/MAG"
          },
          {
            "id": 15,
            "text": "1 : 키키 스포 당하고 보겠네 ㅜㅜ",
            "norm_text": "키키 스포 당하고 보겠네 ㅜㅜ",
            "speaker": {
              "id": "1번",
              "sex": "여성",
              "age": "20대"
            },
            "speechAct": "(단언) 주장하기",
            "morpheme": "키/NNG+키스/NNG+포/NNG+당하/XSV+고/EC+보/VX+겠/EP+네/EF+ㅜㅜ/UNKNOWN"
          },
          {
            "id": 16,
            "text": "1 : 이거 완전 추천",
            "norm_text": "이거 완전 추천",
            "speaker": {
              "id": "1번",
              "sex": "여성",
              "age": "20대"
            },
            "speechAct": "(단언) 주장하기",
            "morpheme": "이거/NP+완전/MAG+추천/NNG"
          },
          {
            "id": 17,
            "text": "2 : 키키 ㅇㅈㅇㅈ 아는 언니도 재밌다구 키키",
            "norm_text": "키키 ㅇㅈㅇㅈ 아는 언니도 재밌다구 키키",
            "speaker": {
              "id": "2번",
              "sex": "여성",
              "age": "20대"
            },
            "speechAct": "(단언) 진술하기",
            "morpheme": "키/NNG+키/XSV+ETN+ㅇㅈ/UNKNOWN+ㅇㅈ/UNKNOWN+아/VV+는/ETM+언니/NNG+도/JX+재밌/VA+다구/EC+키/NNG+키/XSV+ETN"
          },
          {
            "id": 18,
            "text": "2 : 아이키가 결승이라매 키키!?!?",
            "norm_text": "아이키가 결승이라매 키키!?!?",
            "speaker": {
              "id": "2번",
              "sex": "여성",
              "age": "20대"
            },
            "speechAct": "(단언) 진술하기",
            "morpheme": "아이/NNG+키가/XSV+ETN+JKS+결승/NNG+이/VCP+라매/EF+키/NNG+키/XSV+ETN+?/SY+!/SY"
          },
          {
            "id": 19,
            "text": "3 : 키키 아이키 매력 쩔던데 우승했으면 좋겠당!",
            "norm_text": "키키 아이키 매력 쩔던데 우승했으면 좋겠당!",
            "speaker": {
              "id": "3번",
              "sex": "남성",
              "age": "20대"
            },
            "speechAct": "(단언) 주장하기",
            "morpheme": "키/NNG+키/NNG+아이/NNG+키/NNG+매력/NNG+쩔/VV+던데/EC+우승/NNG+했/XSV+EP+으면/EC+좋/VA+겠/EP+당/EF"
          },
          {
            "id": 20,
            "text": "1 : 그니깐 키키",
            "norm_text": "그니깐 키키",
            "speaker": {
              "id": "1번",
              "sex": "여성",
              "age": "20대"
            },
            "speechAct": "(단언) 주장하기",
            "morpheme": "그니깐/MAJ+키/NNG+키/XSV+ETN"
          },
          {
            "id": 21,
            "text": "1 : 투표로는 압도적이던데 과연",
            "norm_text": "투표로는 압도적이던데 과연",
            "speaker": {
              "id": "1번",
              "sex": "여성",
              "age": "20대"
            },
            "speechAct": "(단언) 진술하기",
            "morpheme": "투표/NNG+로/JKB+는/JX+압도/NNG+적/XSN+이/VCP+던데/EF+과연/MAG"
          },
          {
            "id": 22,
            "text": "2 : 마자... 두근...",
            "norm_text": "마자... 두근...",
            "speaker": {
              "id": "2번",
              "sex": "여성",
              "age": "20대"
            },
            "speechAct": "(단언) 주장하기",
            "morpheme": "마자/NNG+./SY+./SY+두근/MAG+./SY"
          },
          {
            "id": 23,
            "text": "2 : 나는 아무도 모르지만 아이키는 아니까 아이키가 이기길",
            "norm_text": "나는 아무도 모르지만 아이키는 아니까 아이키가 이기길",
            "speaker": {
              "id": "2번",
              "sex": "여성",
              "age": "20대"
            },
            "speechAct": "(단언) 주장하기",
            "morpheme": "나/NP+는/JX+아무/NP+도/JX+모르/VV+지만/EC+아이/NNG+키는/XSA+ETN+JX+아니/VCN+까/EC+아이/NNG+키가/XSV+ETN+JKS+이기길/NNP"
          },
          {
            "id": 24,
            "text": "3 : 키키 내가 아는 사람 응원 하는 게 좋아 역시",
            "norm_text": "키키 내가 아는 사람 응원 하는 게 좋아 역시",
            "speaker": {
              "id": "3번",
              "sex": "남성",
              "age": "20대"
            },
            "speechAct": "(단언) 주장하기",
            "morpheme": "키/NNG+키/XSV+ETN+내/NP+가/JKS+아/VV+는/ETM+사람/NNG+응원/NNG+하/XSV+는/ETM+게/NNB+JKS+좋/VA+아/EC+역시/NNG"
          },
          {
            "id": 25,
            "text": "1 : 맞아 키키 응원하기도 편하고 키키",
            "norm_text": "맞아 키키 응원하기도 편하고 키키",
            "speaker": {
              "id": "1번",
              "sex": "여성",
              "age": "20대"
            },
            "speechAct": "(단언) 주장하기",
            "morpheme": "맞/VV+아/EC+키/NNG+키/NNG+응원/NNG+하/XSV+기/ETN+도/JX+편하/VA+고/EC+키/NNG+키/XSV+ETN"
          },
          {
            "id": 26,
            "text": "1 : 내가 보고 알려줄게!",
            "norm_text": "내가 보고 알려줄게!",
            "speaker": {
              "id": "1번",
              "sex": "여성",
              "age": "20대"
            },
            "speechAct": "(단언) 주장하기",
            "morpheme": "내/NP+가/JKS+보/VV+고/EC+알려/VV+EC+줄게/VX+EF"
          },
          {
            "id": 27,
            "text": "2 : 키키 마자 조아~!",
            "norm_text": "키키 마자 조아~!",
            "speaker": {
              "id": "2번",
              "sex": "여성",
              "age": "20대"
            },
            "speechAct": "(단언) 주장하기",
            "morpheme": "키/NNG+키/XSV+ETN+마자/JX+조아/NNG+~/SY"
          },
          {
            "id": 28,
            "text": "3 : 누가 우승했는지만이라두 알즈아",
            "norm_text": "누가 우승했는지만이라두 알즈아",
            "speaker": {
              "id": "3번",
              "sex": "남성",
              "age": "20대"
            },
            "speechAct": "(단언) 주장하기",
            "morpheme": "누가/NP+JKS+우승/NNG+했/XSV+EP+는지/EC+만/JX+이라두/JX+알즈/UNKNOWN+아/EC"
          },
          {
            "id": 29,
            "text": "3 : 키키 후기 알려줘",
            "norm_text": "키키 후기 알려줘",
            "speaker": {
              "id": "3번",
              "sex": "남성",
              "age": "20대"
            },
            "speechAct": "(지시) 부탁하기",
            "morpheme": "키/NNG+키/NNG+후기/NNG+알려줘/VV+EC+VX+EC"
          },
          {
            "id": 30,
            "text": "3 : 스포 당하고 봐도 재밌을 듯",
            "norm_text": "스포 당하고 봐도 재밌을 듯",
            "speaker": {
              "id": "3번",
              "sex": "남성",
              "age": "20대"
            },
            "speechAct": "(단언) 주장하기",
            "morpheme": "스/IC+포/NNG+당하/XSV+고/EC+봐도/VX+EC+재밌/VA+을/ETM+듯/NNB"
          }
        ]
      }
    }
  ]
}