{
  "dataset": {
    "identifier": 51396,
    "name": "BAND_34_20_set",
    "src_path": "/data/file/cubeManager/PROJECT001/53/txt20210928113648007549/BAND_34_20_set/",
    "label_path": "/data/file/cubeManager/PROJECT001/53/txt20210928113648007549/BAND_34_20_set/",
    "category": 2,
    "type": 0
  },
  "licenses": {
    "name": "Apache License 1.0",
    "url": "http://www.apache.org/licenses/LICENSE-1.0"
  },
  "info": [
    {
      "id": 35479,
      "filename": "BAND_34_20.txt",
      "title": "BAND_34_20",
      "mediatype": "SNS",
      "medianame": "네이버밴드",
      "category": "일상대화",
      "date": "2021-09-28",
      "size": 350,
      "annotations": {
        "subject": "영화/만화",
        "speaker_type": "1:1",
        "size": 350,
        "word_size": 119,
        "text": "1 : 오빠는 하이큐 애니 봤어?\n2 : 하이큐? 지금 넷플에서 하는 거 아니야?\n1 : 그거 전에 안 봤어?\n1 : 남자는 필수 만화 아닌가?\n2 : 남자 필수 만화는 원피스지 당연히\n1 : 아 미안한데 그거는 남녀노소 불문이거든~?\n2 : 너도 원피스 봤는가 보다 키키\n1 : 응 나도 원피스 좋아해!\n2 : 원피스에 누가 제일 좋은데\n1 : 나는 조로를 제일 좋아해!\n2 : 키키 남자라면 또 에이스가 최애지\n1 : 아 에이스는 기본 옵션 아니냐 ㅜ\n2 : 키키 그치 원피스 눈물의 장면 있잖아\n1 : 알지 밀집 모자를 준 그 때 키야!\n2 : 키키 그땐 나도 같이 울었다\n1 : 그땐 모두 같이 울었지.\n2 : 키키 맞아 잊지 못 할 인생 장면이다",
        "lines": [
          {
            "id": 1,
            "text": "1 : 오빠는 하이큐 애니 봤어?",
            "norm_text": "오빠는 하이큐 애니 봤어?",
            "speaker": {
              "id": "1번",
              "sex": "여성",
              "age": "20대"
            },
            "speechAct": "(지시) 질문하기",
            "morpheme": "오빠/NNG+는/JX+하/IC+이큐/NNG+애/NNG+니/VCP+EC+봤/VX+EP+어/EF"
          },
          {
            "id": 2,
            "text": "2 : 하이큐? 지금 넷플에서 하는 거 아니야?",
            "norm_text": "하이큐? 지금 넷플에서 하는 거 아니야?",
            "speaker": {
              "id": "2번",
              "sex": "남성",
              "age": "30대"
            },
            "speechAct": "(지시) 질문하기",
            "morpheme": "하이/IC+큐/MAG+지금/MAG+넷/NR+플/NNG+에서/JKB+하/VV+는/ETM+거/NNB+아니/VCN+야/EF"
          },
          {
            "id": 3,
            "text": "1 : 그거 전에 안 봤어?",
            "norm_text": "그거 전에 안 봤어?",
            "speaker": {
              "id": "1번",
              "sex": "여성",
              "age": "20대"
            },
            "speechAct": "(지시) 질문하기",
            "morpheme": "그거/NP+전/NNG+에/JKB+안/MAG+봤/VV+EP+어/EF"
          },
          {
            "id": 4,
            "text": "1 : 남자는 필수 만화 아닌가?",
            "norm_text": "남자는 필수 만화 아닌가?",
            "speaker": {
              "id": "1번",
              "sex": "여성",
              "age": "20대"
            },
            "speechAct": "(단언) 주장하기",
            "morpheme": "남자/NNG+는/JX+필수/NNG+만화/NNG+아닌가/VCN+EF"
          },
          {
            "id": 5,
            "text": "2 : 남자 필수 만화는 원피스지 당연히",
            "norm_text": "남자 필수 만화는 원피스지 당연히",
            "speaker": {
              "id": "2번",
              "sex": "남성",
              "age": "30대"
            },
            "speechAct": "(단언) 주장하기",
            "morpheme": "남자/NNG+필수/NNG+만화/NNG+는/JX+원피스/NNG+지/VCP+EF+당연히/MAG"
          },
          {
            "id": 6,
            "text": "1 : 아 미안한데 그거는 남녀노소 불문이거든~?",
            "norm_text": "아 미안한데 그거는 남녀노소 불문이거든~?",
            "speaker": {
              "id": "1번",
              "sex": "여성",
              "age": "20대"
            },
            "speechAct": "(단언) 반박하기",
            "morpheme": "아/IC+미안/NNG+한데/XSA+EC+그거/NP+는/JX+남녀노소/NNG+불문/NNG+이/JKS+거든/VV+EC+~/SY"
          },
          {
            "id": 7,
            "text": "2 : 너도 원피스 봤는가 보다 키키",
            "norm_text": "너도 원피스 봤는가 보다 키키",
            "speaker": {
              "id": "2번",
              "sex": "남성",
              "age": "30대"
            },
            "speechAct": "(단언) 주장하기",
            "morpheme": "너/NP+도/JX+원피스/NNG+봤/VV+EP+는가/EC+보/VX+다키키/NNP"
          },
          {
            "id": 8,
            "text": "1 : 응 나도 원피스 좋아해!",
            "norm_text": "응 나도 원피스 좋아해!",
            "speaker": {
              "id": "1번",
              "sex": "여성",
              "age": "20대"
            },
            "speechAct": "(단언) 주장하기",
            "morpheme": "응/IC+나/NP+도/JX+원피스/NNG+좋/VA+아/EC+해/VX+EF"
          },
          {
            "id": 9,
            "text": "2 : 원피스에 누가 제일 좋은데",
            "norm_text": "원피스에 누가 제일 좋은데",
            "speaker": {
              "id": "2번",
              "sex": "남성",
              "age": "30대"
            },
            "speechAct": "(지시) 질문하기",
            "morpheme": "원피스/NNG+에/JKB+누가/NP+JKS+제일/MAG+좋/VA+은데/EC"
          },
          {
            "id": 10,
            "text": "1 : 나는 조로를 제일 좋아해!",
            "norm_text": "나는 조로를 제일 좋아해!",
            "speaker": {
              "id": "1번",
              "sex": "여성",
              "age": "20대"
            },
            "speechAct": "(단언) 주장하기",
            "morpheme": "나/NP+는/JX+조로/NNG+를/JKO+제일/MAG+좋/VA+아/EC+해/VX+EF"
          },
          {
            "id": 11,
            "text": "2 : 키키 남자라면 또 에이스가 최애지",
            "norm_text": "키키 남자라면 또 에이스가 최애지",
            "speaker": {
              "id": "2번",
              "sex": "남성",
              "age": "30대"
            },
            "speechAct": "(단언) 주장하기",
            "morpheme": "키/NNG+키/NNG+남자/NNG+라면/VCP+EC+또/MAG+에이스/NNG+가/JKS+최/XPN+애지/NNG"
          },
          {
            "id": 12,
            "text": "1 : 아 에이스는 기본 옵션 아니냐 ㅜ",
            "norm_text": "아 에이스는 기본 옵션 아니냐 ㅜ",
            "speaker": {
              "id": "1번",
              "sex": "여성",
              "age": "20대"
            },
            "speechAct": "(단언) 주장하기",
            "morpheme": "아/IC+에이스/NNG+는/JX+기본/NNG+옵션/NNG+아니/VCN+냐/EC+ㅜ/UNKNOWN"
          },
          {
            "id": 13,
            "text": "2 : 키키 그치 원피스 눈물의 장면 있잖아",
            "norm_text": "키키 그치 원피스 눈물의 장면 있잖아",
            "speaker": {
              "id": "2번",
              "sex": "남성",
              "age": "30대"
            },
            "speechAct": "(단언) 주장하기",
            "morpheme": "키/NNG+키/XSV+ETN+그치/IC+원피스/NNG+눈물/NNG+의/JKG+장면/NNG+있/VV+잖아/EC"
          },
          {
            "id": 14,
            "text": "1 : 알지 밀집 모자를 준 그 때 키야!",
            "norm_text": "알지 밀집 모자를 준 그 때 키야!",
            "speaker": {
              "id": "1번",
              "sex": "여성",
              "age": "20대"
            },
            "speechAct": "(단언) 진술하기",
            "morpheme": "알/VV+지/EC+밀집/NNG+모자/NNG+를/JKO+준/VV+ETM+그때/NNG+키/NNG+야/VCP+EF"
          },
          {
            "id": 15,
            "text": "2 : 키키 그땐 나도 같이 울었다",
            "norm_text": "키키 그땐 나도 같이 울었다",
            "speaker": {
              "id": "2번",
              "sex": "남성",
              "age": "30대"
            },
            "speechAct": "(단언) 진술하기",
            "morpheme": "키/NNG+키/NNG+그땐/NNG+JX+나/NP+도/JX+같이/MAG+울/VV+었/EP+다/EC"
          },
          {
            "id": 16,
            "text": "1 : 그땐 모두 같이 울었지.",
            "norm_text": "그땐 모두 같이 울었지.",
            "speaker": {
              "id": "1번",
              "sex": "여성",
              "age": "20대"
            },
            "speechAct": "(단언) 주장하기",
            "morpheme": "그/MM+땐/NNG+JX+모두/MAG+같이/MAG+울/VV+었/EP+지/EF"
          },
          {
            "id": 17,
            "text": "2 : 키키 맞아 잊지 못 할 인생 장면이다",
            "norm_text": "키키 맞아 잊지 못 할 인생 장면이다",
            "speaker": {
              "id": "2번",
              "sex": "남성",
              "age": "30대"
            },
            "speechAct": "(단언) 주장하기",
            "morpheme": "키/NNG+키/XSV+ETN+맞/VV+아/EC+잊/VV+지/EC+못할/VX+ETM+인생/NNG+장면/NNG+이/VCP+다/EC"
          }
        ]
      }
    }
  ]
}