{
  "dataset": {
    "identifier": 122238,
    "name": "BAND_46_08_set",
    "src_path": "/data/file/cubeManager/PROJECT001/80/txt202111031546130910104/BAND_46_08_set/",
    "label_path": "/data/file/cubeManager/PROJECT001/80/txt202111031546130910104/BAND_46_08_set/",
    "category": 2,
    "type": 0
  },
  "licenses": {
    "name": "Apache License 1.0",
    "url": "http://www.apache.org/licenses/LICENSE-1.0"
  },
  "info": [
    {
      "id": 135523,
      "filename": "BAND_46_08.txt",
      "title": "BAND_46_08",
      "mediatype": "SNS",
      "medianame": "카카오톡",
      "category": "일상대화",
      "date": "2021-11-03",
      "size": 539,
      "annotations": {
        "subject": "연애/결혼",
        "speaker_type": "다자간 대화",
        "size": 539,
        "word_size": 177,
        "text": "1 : 크리스마스날 다들 뭐할 예정이야?\n2 : 남자친구랑 집콕 \u003e\u003c\n2 : 아니면 등산~?\n3 : 키키 크리스마스가 뭔데?\n3 : 그냥 쉬는 날이잖아\n1 : 그냥 토요일 키키\n1 : 큰 의미 없어\n2 : 키키 키키 ㅜㅜ 오이오이 좋은 크리스마스날 가족들과 따듯한 하루 보내라구\n3 : 키키 24일날 자서 26일날 깰거야 ㅂㄷㅂㄷ\n1 : 키키 전날 술 엄청 마실듯\n2 : 키키 ㅜㅜ 흑 인간들~!\n2 : 난 사실 가족이랑 보낼지 남친이랑 보낼지 고민중인데!\n3 : 그건 큰 고민이네 키키\n3 : 선택지 2개...\n3 : 난...?\n1 : 키키 난 친구들이랑 놀래\n1 : 솔로인 친구들...\n2 : 흑흑스, ㅜㅜ 아니면 클럽 가\n2 : 클럽 ^^\n2 : 1일 커플 ^^\n3 : 아 키키 나도 친구들이랑 놀아야겠다...\n1 : 건전히 조용히 놀고 집 가야지\n2 : 키키 ㅜㅜ 잉잉 나는 행복한 커플\n2 : 야호\n2 : 뽀뽀 갈겨\n3 : 키키 연애 마렵네\n3 : 곧... 도전한다 키키\n1 : 키키 도전 어디 있을라나 내님은\n2 : 고고고! 지금부터 연애 해야 결혼도 하지!\n3 : 키키 결혼하기 전까지 늘 도전이여...",
        "lines": [
          {
            "id": 1,
            "text": "1 : 크리스마스날 다들 뭐할 예정이야?",
            "norm_text": "크리스마스날 다들 뭐할 예정이야?",
            "speaker": {
              "id": "1번",
              "sex": "여성",
              "age": "20대"
            },
            "speechAct": "(지시) 질문하기",
            "morpheme": "크리스마스/NNP+날/NNG+다/NNG+들/XSN+뭐/IC+할/VV+ETM+예정/NNG+이/VCP+야/EF"
          },
          {
            "id": 2,
            "text": "2 : 남자친구랑 집콕 \u003e\u003c",
            "norm_text": "남자친구랑 집콕 \u003e\u003c",
            "speaker": {
              "id": "2번",
              "sex": "여성",
              "age": "20대"
            },
            "speechAct": "(단언) 진술하기",
            "morpheme": "남자/NNG+친구/NNG+랑/JKB+집/NNG+콕/NNG+\u003e/SY+\u003c/SY"
          },
          {
            "id": 3,
            "text": "2 : 아니면 등산~?",
            "norm_text": "아니면 등산~?",
            "speaker": {
              "id": "2번",
              "sex": "여성",
              "age": "20대"
            },
            "speechAct": "(단언) 주장하기",
            "morpheme": "아니면/MAJ+등산/NNG+~/SY"
          },
          {
            "id": 4,
            "text": "3 : 키키 크리스마스가 뭔데?",
            "norm_text": "키키 크리스마스가 뭔데?",
            "speaker": {
              "id": "3번",
              "sex": "남성",
              "age": "20대"
            },
            "speechAct": "(지시) 질문하기",
            "morpheme": "키키/NNP+크리스마스/NNP+가/JKS+뭔데/NP+VCP+EF"
          },
          {
            "id": 5,
            "text": "3 : 그냥 쉬는 날이잖아",
            "norm_text": "그냥 쉬는 날이잖아",
            "speaker": {
              "id": "3번",
              "sex": "남성",
              "age": "20대"
            },
            "speechAct": "(단언) 진술하기",
            "morpheme": "그냥/MAG+쉬/VV+는/ETM+날/NNG+이/VCP+잖아/EC"
          },
          {
            "id": 6,
            "text": "1 : 그냥 토요일 키키",
            "norm_text": "그냥 토요일 키키",
            "speaker": {
              "id": "1번",
              "sex": "여성",
              "age": "20대"
            },
            "speechAct": "(단언) 진술하기",
            "morpheme": "그냥/MAG+토요일/NNG+키/NNG+키/XSV+ETN"
          },
          {
            "id": 7,
            "text": "1 : 큰 의미 없어",
            "norm_text": "큰 의미 없어",
            "speaker": {
              "id": "1번",
              "sex": "여성",
              "age": "20대"
            },
            "speechAct": "(단언) 주장하기",
            "morpheme": "큰/VA+ETM+의미/NNG+없/VA+어/EC"
          },
          {
            "id": 8,
            "text": "2 : 키키 키키 ㅜㅜ 오이오이 좋은 크리스마스날 가족들과 따듯한 하루 보내라구",
            "norm_text": "키키 키키 ㅜㅜ 오이오이 좋은 크리스마스날 가족들과 따듯한 하루 보내라구",
            "speaker": {
              "id": "2번",
              "sex": "여성",
              "age": "20대"
            },
            "speechAct": "(단언) 주장하기",
            "morpheme": "키/NNG+키/NNG+키/NNG+키/XSV+ETN+ㅜㅜ/UNKNOWN+오/NR+이/NR+오/NR+이/JKS+좋/VA+은/ETM+크리스마스/NNP+날/NNG+가족/NNG+들/XSN+과/JKB+따듯/XR+한/XSA+ETM+하루/NNG+보내/VV+라구/EC"
          },
          {
            "id": 9,
            "text": "3 : 키키 24일날 자서 26일날 깰거야 ㅂㄷㅂㄷ",
            "norm_text": "키키 24일날 자서 26일날 깰거야 ㅂㄷㅂㄷ",
            "speaker": {
              "id": "3번",
              "sex": "남성",
              "age": "20대"
            },
            "speechAct": "(단언) 주장하기",
            "morpheme": "키/NNG+키/XSV+ETN+24/SN+일/NNBC+날자/NNG+서/JKB+26/SN+일날깰거야ㅂㄷㅂㄷ/UNKNOWN"
          },
          {
            "id": 10,
            "text": "1 : 키키 전날 술 엄청 마실듯",
            "norm_text": "키키 전날 술 엄청 마실듯",
            "speaker": {
              "id": "1번",
              "sex": "여성",
              "age": "20대"
            },
            "speechAct": "(단언) 진술하기",
            "morpheme": "키/NNG+키/NNG+전날/NNG+술/NNG+엄청/MAG+마실/VV+ETM+듯/NNB"
          },
          {
            "id": 11,
            "text": "2 : 키키 ㅜㅜ 흑 인간들~!",
            "norm_text": "키키 ㅜㅜ 흑 인간들~!",
            "speaker": {
              "id": "2번",
              "sex": "여성",
              "age": "20대"
            },
            "speechAct": "(단언) 진술하기",
            "morpheme": "키키ㅜㅜ흑인간들/UNKNOWN+~/SY"
          },
          {
            "id": 12,
            "text": "2 : 난 사실 가족이랑 보낼지 남친이랑 보낼지 고민중인데!",
            "norm_text": "난 사실 가족이랑 보낼지 남친이랑 보낼지 고민중인데!",
            "speaker": {
              "id": "2번",
              "sex": "여성",
              "age": "20대"
            },
            "speechAct": "(단언) 주장하기",
            "morpheme": "난/NP+JX+사실/MAG+가족/NNG+이랑/JKB+보낼지/VV+EC+남친/NNG+이랑/JKB+보낼지/VV+EC+고민/NNG+중/NNB+인데/VCP+EF"
          },
          {
            "id": 13,
            "text": "3 : 그건 큰 고민이네 키키",
            "norm_text": "그건 큰 고민이네 키키",
            "speaker": {
              "id": "3번",
              "sex": "남성",
              "age": "20대"
            },
            "speechAct": "(단언) 주장하기",
            "morpheme": "그건/NP+JX+큰/VA+ETM+고민/NNG+이/JKS+네/MM+키/NNG+키/XSV+ETN"
          },
          {
            "id": 14,
            "text": "3 : 선택지 2개...",
            "norm_text": "선택지 2개...",
            "speaker": {
              "id": "3번",
              "sex": "남성",
              "age": "20대"
            },
            "speechAct": "(단언) 주장하기",
            "morpheme": "선택지/NNG+2/SN+개/NNBC+./SY"
          },
          {
            "id": 15,
            "text": "3 : 난...?",
            "norm_text": "난...?",
            "speaker": {
              "id": "3번",
              "sex": "남성",
              "age": "20대"
            },
            "speechAct": "(지시) 질문하기",
            "morpheme": "난/NP+JX+./SY+./SY"
          },
          {
            "id": 16,
            "text": "1 : 키키 난 친구들이랑 놀래",
            "norm_text": "키키 난 친구들이랑 놀래",
            "speaker": {
              "id": "1번",
              "sex": "여성",
              "age": "20대"
            },
            "speechAct": "(단언) 주장하기",
            "morpheme": "키/NNG+키/XSV+ETN+난/VV+ETM+친구/NNG+들/XSN+이랑/JKB+놀래/VV+EC"
          },
          {
            "id": 17,
            "text": "1 : 솔로인 친구들...",
            "norm_text": "솔로인 친구들...",
            "speaker": {
              "id": "1번",
              "sex": "여성",
              "age": "20대"
            },
            "speechAct": "(단언) 주장하기",
            "morpheme": "솔로인/NNG+친구/NNG+들/XSN+./SY"
          },
          {
            "id": 18,
            "text": "2 : 흑흑스, ㅜㅜ 아니면 클럽 가",
            "norm_text": "흑흑스, ㅜㅜ 아니면 클럽 가",
            "speaker": {
              "id": "2번",
              "sex": "여성",
              "age": "20대"
            },
            "speechAct": "(단언) 주장하기",
            "morpheme": "흑흑/IC+스/IC+,/SC+ㅜㅜ아니면클럽가/UNKNOWN"
          },
          {
            "id": 19,
            "text": "2 : 클럽 ^^",
            "norm_text": "클럽 ^^",
            "speaker": {
              "id": "2번",
              "sex": "여성",
              "age": "20대"
            },
            "speechAct": "(단언) 주장하기",
            "morpheme": "클럽/NNG+^/SY+^/SY"
          },
          {
            "id": 20,
            "text": "2 : 1일 커플 ^^",
            "norm_text": "1일 커플 ^^",
            "speaker": {
              "id": "2번",
              "sex": "여성",
              "age": "20대"
            },
            "speechAct": "(단언) 주장하기",
            "morpheme": "1/SN+일/NNBC+커플/NNG+^/SY+^/SY"
          },
          {
            "id": 21,
            "text": "3 : 아 키키 나도 친구들이랑 놀아야겠다...",
            "norm_text": "아 키키 나도 친구들이랑 놀아야겠다...",
            "speaker": {
              "id": "3번",
              "sex": "남성",
              "age": "20대"
            },
            "speechAct": "(단언) 주장하기",
            "morpheme": "아키/NNP+키나/NNG+도/JX+친구/NNG+들/XSN+이랑/JKB+놀/VV+아야/EC+겠다/VX+EP+EF+./SY"
          },
          {
            "id": 22,
            "text": "1 : 건전히 조용히 놀고 집 가야지",
            "norm_text": "건전히 조용히 놀고 집 가야지",
            "speaker": {
              "id": "1번",
              "sex": "여성",
              "age": "20대"
            },
            "speechAct": "(단언) 주장하기",
            "morpheme": "건전히/MAG+조용히/MAG+놀/VV+고/EC+집/NNG+가야지/NNG"
          },
          {
            "id": 23,
            "text": "2 : 키키 ㅜㅜ 잉잉 나는 행복한 커플",
            "norm_text": "키키 ㅜㅜ 잉잉 나는 행복한 커플",
            "speaker": {
              "id": "2번",
              "sex": "여성",
              "age": "20대"
            },
            "speechAct": "(단언) 주장하기",
            "morpheme": "키/NNG+키/XSV+ETN+ㅜㅜ/UNKNOWN+잉잉/MAG+나/NP+는/JX+행복/NNG+한/XSA+ETM+커플/NNG"
          },
          {
            "id": 24,
            "text": "2 : 야호",
            "norm_text": "야호",
            "speaker": {
              "id": "2번",
              "sex": "여성",
              "age": "20대"
            },
            "speechAct": "턴토크 사인(관습적 반응)",
            "morpheme": "야호/NNG"
          },
          {
            "id": 25,
            "text": "2 : 뽀뽀 갈겨",
            "norm_text": "뽀뽀 갈겨",
            "speaker": {
              "id": "2번",
              "sex": "여성",
              "age": "20대"
            },
            "speechAct": "(단언) 주장하기",
            "morpheme": "뽀뽀/NNG+갈겨/VV+EC"
          },
          {
            "id": 26,
            "text": "3 : 키키 연애 마렵네",
            "norm_text": "키키 연애 마렵네",
            "speaker": {
              "id": "3번",
              "sex": "남성",
              "age": "20대"
            },
            "speechAct": "(단언) 주장하기",
            "morpheme": "키키연애마렵네/UNKNOWN"
          },
          {
            "id": 27,
            "text": "3 : 곧... 도전한다 키키",
            "norm_text": "곧... 도전한다 키키",
            "speaker": {
              "id": "3번",
              "sex": "남성",
              "age": "20대"
            },
            "speechAct": "(단언) 주장하기",
            "morpheme": "곧/MAG+./SY+도전/NNG+한/XSA+ETM+다키키/NNP"
          },
          {
            "id": 28,
            "text": "1 : 키키 도전 어디 있을라나 내님은",
            "norm_text": "키키 도전 어디 있을라나 내님은",
            "speaker": {
              "id": "1번",
              "sex": "여성",
              "age": "20대"
            },
            "speechAct": "(단언) 주장하기",
            "morpheme": "키/NNG+키/XSV+ETN+도/JX+전/MM+어디/NP+있/VA+을라나/EF+내/NNP+님/XSN+은/JX"
          },
          {
            "id": 29,
            "text": "2 : 고고고! 지금부터 연애 해야 결혼도 하지!",
            "norm_text": "고고고! 지금부터 연애 해야 결혼도 하지!",
            "speaker": {
              "id": "2번",
              "sex": "여성",
              "age": "20대"
            },
            "speechAct": "(단언) 주장하기",
            "morpheme": "고고고/NNP+!/SY+지금/NNG+부터/JX+연애/NNG+해야/XSV+EC+결혼/NNG+도/JX+하/VV+지/EF"
          },
          {
            "id": 30,
            "text": "3 : 키키 결혼하기 전까지 늘 도전이여...",
            "norm_text": "키키 결혼하기 전까지 늘 도전이여...",
            "speaker": {
              "id": "3번",
              "sex": "남성",
              "age": "20대"
            },
            "speechAct": "(단언) 진술하기",
            "morpheme": "키키결혼하기전까지늘도전이여/UNKNOWN+./SY"
          }
        ]
      }
    }
  ]
}