{
  "dataset": {
    "identifier": 68157,
    "name": "BAND_36_05_set",
    "src_path": "/data/file/cubeManager/PROJECT001/53/txt20211006142823064145/BAND_36_05_set/",
    "label_path": "/data/file/cubeManager/PROJECT001/53/txt20211006142823064145/BAND_36_05_set/",
    "category": 2,
    "type": 0
  },
  "licenses": {
    "name": "Apache License 1.0",
    "url": "http://www.apache.org/licenses/LICENSE-1.0"
  },
  "info": [
    {
      "id": 45657,
      "filename": "BAND_36_05.txt",
      "title": "BAND_36_05",
      "mediatype": "SNS",
      "medianame": "네이버밴드",
      "category": "일상대화",
      "date": "2021-10-06",
      "size": 1470,
      "annotations": {
        "subject": "군대",
        "speaker_type": "다자간 대화",
        "size": 1470,
        "word_size": 437,
        "text": "1 : 요즘엔 그래도 복무 기간이 많이 줄어든 거 맞지?\n2 : 옛날에 3년이던 거에 비하면 지금 18개월이라니까 뭐... 근데 남자들 입장에선 그래도 싫겠지...\n3 : 그치 나 그래서 친오빠한테 요즘 복무 기간 짧아졌다는데 한번 더 갈 생각 없냐고 물어보면 진짜 극혐해 키키 즐겁다\n3 : 뭐지 태양의 후예 한창 난리였을 때도 맨날 저거 다 말도 안된다고 막 그랬었는데 키키\n1 : 키키 태양의 후예는 진짜 현실성 없다고 했어\n1 : 이번에 디피라고 나온 거 알아? 이거는 진짜 현실적이래\n2 : 디피가 뭐야? 드라마야? 아님 영화?\n3 : 그 넷플릭스에서 하는 드라마...인 걸로 알고 있는데 그거 좀 군대 내에서 일어난 폭력이나 그런 거? 단어가 생각이 안 나네\n1 : 웅웅 넷플릭스 드라마! 좀 폭력적이고 그렇긴 한데 되게 사실적이래\n1 : 탈영병 잡는 헌병 얘기야! 재밌다더라공\n2 : 찾아보니까 사람들 반응 되게 좋다~ 정해인 오랜만에 보네\n3 : 정해인이 진짜 군인 역할 잘 어울리는 것 같아!\n3 : 근데 저거 정말 현실적이라고 해서 좀 무서워 ㅠㅠ 탈영병 잡는 얘기인지는 몰랐네\n1 : 응응 그래서 군대에서 맞았거나 해서 트라우마 있는 사람들은 보기 힘들 수 있다고 경고하더라고...\n2 : 그렇구나  주변에 군에서 힘든 경험 있었던 사람 혹시 있어?\n3 : 내 친구는 훈련소 때 심리적으로 너무 힘들어해서 군 병원에 한번 입원 한 적 있었었어 ㅠㅠ 그래서 친구들이랑 병문안 간 적 있어\n1 : 아 진짜? 내 주변에는 그랬던 사람은 없는 거 같아...\n1 : 아 근데 예전에 의경인가 거기서 총기 사고 났었는데 그 피해자가 우리 학교 사람이어서 막 추모 같은 거 하고 그런 거 본 적은 있음 ㅠㅠ\n2 : 내 친구는 군대에 있을 때 선임이 앞에 걸어가고 있었는데 옆에 있는 돌로 죽여 버리고 싶었다 던대...\n2 : 그 말 듣고 엄청 놀랐음...\n3 : 헉스... 스트레스 엄청 심하셨나 보다... 근데 진짜 별의별 들이 전국 각지에서 모인다고 하더라고 키키\n1 : 그니까 그런 사람들이랑 같이 생활하면 정상적이던 사람도 힘들겠지 ㅠㅠ\n2 : 그렇지~ 매일 한 공간에서 봐야 하지 선임이면 거역할 수도 없고 ㅠㅠ\n3 : 그래도 하도 군대에서 사건 사고 많았어서 마음의 소리라고 건의하는 거 있어서 많이 괜찮아졌다고는 하더라..\n1 : 아 그래? 그래도 좀 다행이네 이제 핸드폰 쓸 수 있고 그래서 오히려 군대 내에서 사고가 덜 발생하긴 한대\n2 : 비디오 같은 것도 촬영해서 여자친구나 부모님이 볼 수 있도록 하더라고~ 노력은 많이 하는 거 같아\n3 : 아 맞아 맞아 핸드폰 사용 이후로 뭐 사건 사고 많이  줄었다고 했다 주변에\n3 : 언니 남편 님은 육군 출신이셨어?\n1 : 웅웅 육군! 핸드폰 쓸 수 있는 시간 되면 엄청나게 조용해지고 아무도 사고 안 치고 핸드폰만 한다더라 키키\n2 : 아 긍정적인 측면이 있네~ 핸드폰 반입돼서 찬반 논란이 되게 많았는데~ 가족들은 좋을 거 같아\n3 : 맞아 맞아 진짜 훨씬 자주 연락할 수 있다는 게 정말 안심하게 될 듯",
        "lines": [
          {
            "id": 1,
            "text": "1 : 요즘엔 그래도 복무 기간이 많이 줄어든 거 맞지?",
            "norm_text": "요즘엔 그래도 복무 기간이 많이 줄어든 거 맞지?",
            "speaker": {
              "id": "1번",
              "sex": "여성",
              "age": "20대"
            },
            "speechAct": "(지시) 질문하기",
            "morpheme": "요즘/NNG+엔/JKB+JX+그래도/MAJ+복무/NNG+기간/NNG+이/JKS+많이/MAG+줄어든/VV+ETM+거/NNB+맞/VV+지/EF"
          },
          {
            "id": 2,
            "text": "2 : 옛날에 3년이던 거에 비하면 지금 18개월이라니까 뭐... 근데 남자들 입장에선 그래도 싫겠지...",
            "norm_text": "옛날에 3년이던 거에 비하면 지금 18개월이라니까 뭐... 근데 남자들 입장에선 그래도 싫겠지...",
            "speaker": {
              "id": "2번",
              "sex": "여성",
              "age": "30대"
            },
            "speechAct": "(단언) 주장하기",
            "morpheme": "옛날/NNG+에/JKB+3/SN+년/NNBC+이/VCP+던/ETM+거/NNB+에/JKB+비하/VV+면/EC+지금/MAG+18/SN+개월/NNBC+이/VCP+라니까/EF+뭐/IC+./SY+근데/MAJ+남자/NNG+들/XSN+입장/NNG+에선/JKB+JX+그래도/VV+EC+싫/VA+겠/EP+지/EF+./SY"
          },
          {
            "id": 3,
            "text": "3 : 그치 나 그래서 친오빠한테 요즘 복무 기간 짧아졌다는데 한번 더 갈 생각 없냐고 물어보면 진짜 극혐해 키키 즐겁다",
            "norm_text": "그치 나 그래서 친오빠한테 요즘 복무 기간 짧아졌다는데 한번 더 갈 생각 없냐고 물어보면 진짜 극혐해 키키 즐겁다",
            "speaker": {
              "id": "3번",
              "sex": "여성",
              "age": "20대"
            },
            "speechAct": "(단언) 주장하기",
            "morpheme": "그치/IC+나/NP+그래서/MAJ+친오빠/NNG+한테/JKB+요즘/MAG+복무/NNG+기간/NNG+짧아졌/VV+EP+다는/ETM+데/NNB+한/MM+번/NNBC+더/MAG+갈/VV+ETM+생각/NNG+없/VA+냐고/EC+물/VV+어/EC+보/VX+면/EC+진짜/MAG+극혐/UNKNOWN+해/VV+EC+키/NNG+키/XSV+ETN+즐겁/VA+다/EC"
          },
          {
            "id": 4,
            "text": "3 : 뭐지 태양의 후예 한창 난리였을 때도 맨날 저거 다 말도 안된다고 막 그랬었는데 키키",
            "norm_text": "뭐지 태양의 후예 한창 난리였을 때도 맨날 저거 다 말도 안된다고 막 그랬었는데 키키",
            "speaker": {
              "id": "3번",
              "sex": "여성",
              "age": "20대"
            },
            "speechAct": "(단언) 진술하기",
            "morpheme": "뭐/NP+지/VCP+EC+태양/NNG+의/JKG+후예/NNG+한창/MAG+난리/NNG+였을/VCP+EP+ETM+때/NNG+도/JX+맨날/MAG+저거/NP+다/JX+말/NNG+도/JX+안/MAG+된다고/VV+EC+막/NNG+그랬었/VV+EP+는데/EC+키/NNG+키/XSV+ETN"
          },
          {
            "id": 5,
            "text": "1 : 키키 태양의 후예는 진짜 현실성 없다고 했어",
            "norm_text": "키키 태양의 후예는 진짜 현실성 없다고 했어",
            "speaker": {
              "id": "1번",
              "sex": "여성",
              "age": "20대"
            },
            "speechAct": "(단언) 진술하기",
            "morpheme": "키/NNG+키/NNG+태양/NNG+의/JKG+후예/NNG+는/JX+진짜/MAG+현실/NNG+성/XSN+없/VA+다고/EC+했/VX+EP+어/EC"
          },
          {
            "id": 6,
            "text": "1 : 이번에 디피라고 나온 거 알아? 이거는 진짜 현실적이래",
            "norm_text": "이번에 디피라고 나온 거 알아? 이거는 진짜 현실적이래",
            "speaker": {
              "id": "1번",
              "sex": "여성",
              "age": "20대"
            },
            "speechAct": "(지시) 질문하기",
            "morpheme": "이번/NNG+에/JKB+디피/NNG+라고/VCP+EC+나온/VV+ETM+거/NNB+알/VV+아/EF+이거/NP+는/JX+진짜/MAG+현실/NNG+적/XSN+이래/NNG"
          },
          {
            "id": 7,
            "text": "2 : 디피가 뭐야? 드라마야? 아님 영화?",
            "norm_text": "디피가 뭐야? 드라마야? 아님 영화?",
            "speaker": {
              "id": "2번",
              "sex": "여성",
              "age": "30대"
            },
            "speechAct": "(지시) 질문하기",
            "morpheme": "디피/NNG+가/JKS+뭐/NP+야/VCP+EF+드라마/NNG+야/VCP+EF+아님/MAJ+영화/NNG"
          },
          {
            "id": 8,
            "text": "3 : 그 넷플릭스에서 하는 드라마...인 걸로 알고 있는데 그거 좀 군대 내에서 일어난 폭력이나 그런 거? 단어가 생각이 안 나네",
            "norm_text": "그 넷플릭스에서 하는 드라마...인 걸로 알고 있는데 그거 좀 군대 내에서 일어난 폭력이나 그런 거? 단어가 생각이 안 나네",
            "speaker": {
              "id": "3번",
              "sex": "여성",
              "age": "20대"
            },
            "speechAct": "(단언) 진술하기",
            "morpheme": "그/MM+넷플릭스/NNP+에서/JKB+하/VV+는/ETM+드라마/NNG+./SY+./SY+인걸/NNG+로/JKB+알/VV+고/EC+있/VX+는데/EC+그거/NP+좀/MAG+군대/NNG+내/NNB+에서/JKB+일어난/VV+ETM+폭력/NNG+이나/JC+그런/MM+거/NNB+단어/NNG+가/JKS+생각/NNG+이/JKS+안/MAG+나/NP+네/XSN"
          },
          {
            "id": 9,
            "text": "1 : 웅웅 넷플릭스 드라마! 좀 폭력적이고 그렇긴 한데 되게 사실적이래",
            "norm_text": "웅웅 넷플릭스 드라마! 좀 폭력적이고 그렇긴 한데 되게 사실적이래",
            "speaker": {
              "id": "1번",
              "sex": "여성",
              "age": "20대"
            },
            "speechAct": "(단언) 진술하기",
            "morpheme": "웅웅/MAG+넷플릭스/NNP+드라마/NNG+좀/MAG+폭력/NNG+적/XSN+이/VCP+고/EC+그렇/VA+긴/ETN+JX+한데/VX+EC+되게/MAG+사실/NNG+적/XSN+이래/NNG"
          },
          {
            "id": 10,
            "text": "1 : 탈영병 잡는 헌병 얘기야! 재밌다더라공",
            "norm_text": "탈영병 잡는 헌병 얘기야! 재밌다더라공",
            "speaker": {
              "id": "1번",
              "sex": "여성",
              "age": "20대"
            },
            "speechAct": "(단언) 주장하기",
            "morpheme": "탈영병/NNG+잡/VV+는/ETM+헌병/NNG+얘기/NNG+야/VCP+EF+재밌/VA+다더라/EC+공/NNG"
          },
          {
            "id": 11,
            "text": "2 : 찾아보니까 사람들 반응 되게 좋다~ 정해인 오랜만에 보네",
            "norm_text": "찾아보니까 사람들 반응 되게 좋다~ 정해인 오랜만에 보네",
            "speaker": {
              "id": "2번",
              "sex": "여성",
              "age": "30대"
            },
            "speechAct": "(단언) 주장하기",
            "morpheme": "찾아보/VV+니까/EC+사람/NNG+들/XSN+반응/NNG+되게/MAG+좋/VA+다/EC+~/SY+정해인/NNP+오랜만/NNG+에/JKB+보네/NNG"
          },
          {
            "id": 12,
            "text": "3 : 정해인이 진짜 군인 역할 잘 어울리는 것 같아!",
            "norm_text": "정해인이 진짜 군인 역할 잘 어울리는 것 같아!",
            "speaker": {
              "id": "3번",
              "sex": "여성",
              "age": "20대"
            },
            "speechAct": "(단언) 주장하기",
            "morpheme": "정해인/NNP+이/JKS+진짜/MAG+군인/NNG+역할/NNG+잘/MAG+어울리/VV+는/ETM+것/NNB+같/VA+아/EF"
          },
          {
            "id": 13,
            "text": "3 : 근데 저거 정말 현실적이라고 해서 좀 무서워 ㅠㅠ 탈영병 잡는 얘기인지는 몰랐네",
            "norm_text": "근데 저거 정말 현실적이라고 해서 좀 무서워 ㅠㅠ 탈영병 잡는 얘기인지는 몰랐네",
            "speaker": {
              "id": "3번",
              "sex": "여성",
              "age": "20대"
            },
            "speechAct": "(단언) 주장하기",
            "morpheme": "근데/MAJ+저거/NP+정말/MAG+현실/NNG+적/XSN+이/VCP+라고/EC+해서/VV+EC+좀/MAG+무서워/VA+EC+ㅠㅠ/UNKNOWN+탈영병/NNG+잡/VV+는/ETM+얘기/NNG+인지/VCP+EC+는/JX+몰랐/VV+EP+네/EF"
          },
          {
            "id": 14,
            "text": "1 : 응응 그래서 군대에서 맞았거나 해서 트라우마 있는 사람들은 보기 힘들 수 있다고 경고하더라고...",
            "norm_text": "응응 그래서 군대에서 맞았거나 해서 트라우마 있는 사람들은 보기 힘들 수 있다고 경고하더라고...",
            "speaker": {
              "id": "1번",
              "sex": "여성",
              "age": "20대"
            },
            "speechAct": "(단언) 진술하기",
            "morpheme": "응/IC+응/IC+그래서/MAJ+군대/NNG+에서/JKB+맞/VV+았/EP+거나/EC+해서/VV+EC+트라우마/NNP+있/VV+는/ETM+사람/NNG+들/XSN+은/JX+보/VV+기/ETN+힘들/VA+ETM+수/NNB+있/VV+다고/EC+경고/NNG+하/XSA+더라고/EF+./SY"
          },
          {
            "id": 15,
            "text": "2 : 그렇구나  주변에 군에서 힘든 경험 있었던 사람 혹시 있어?",
            "norm_text": "그렇구나  주변에 군에서 힘든 경험 있었던 사람 혹시 있어?",
            "speaker": {
              "id": "2번",
              "sex": "여성",
              "age": "30대"
            },
            "speechAct": "(지시) 질문하기",
            "morpheme": "그렇/VA+구나/EF+주변/NNG+에/JKB+군/NNG+에서/JKB+힘든/VA+ETM+경험/NNG+있/VV+었/EP+던/ETM+사람/NNG+혹시/MAG+있/VA+어/EF"
          },
          {
            "id": 16,
            "text": "3 : 내 친구는 훈련소 때 심리적으로 너무 힘들어해서 군 병원에 한번 입원 한 적 있었었어 ㅠㅠ 그래서 친구들이랑 병문안 간 적 있어",
            "norm_text": "내 친구는 훈련소 때 심리적으로 너무 힘들어해서 군 병원에 한번 입원 한 적 있었었어 ㅠㅠ 그래서 친구들이랑 병문안 간 적 있어",
            "speaker": {
              "id": "3번",
              "sex": "여성",
              "age": "20대"
            },
            "speechAct": "(단언) 진술하기",
            "morpheme": "내/NP+JKG+친구/NNG+는/JX+훈련소/NNG+때/NNG+심리/NNG+적/XSN+으로/JKB+너무/MAG+힘들/VA+어/EC+해서/VV+EC+군/VX+ETM+병원/NNG+에/JKB+한/MM+번/NNBC+입원/NNG+한/XSA+ETM+적/NNB+있/VA+었었/EP+어/EF+ㅠㅠ/UNKNOWN+그래서/MAJ+친구/NNG+들/XSN+이랑/JKB+병문/NNG+안/MAG+간/VV+ETM+적/NNB+있/VA+어/EC"
          },
          {
            "id": 17,
            "text": "1 : 아 진짜? 내 주변에는 그랬던 사람은 없는 거 같아...",
            "norm_text": "아 진짜? 내 주변에는 그랬던 사람은 없는 거 같아...",
            "speaker": {
              "id": "1번",
              "sex": "여성",
              "age": "20대"
            },
            "speechAct": "(단언) 주장하기",
            "morpheme": "아/IC+진짜/MAG+내/NP+JKG+주변/NNG+에/JKB+는/JX+그랬/VV+EP+던/ETM+사람/NNG+은/JX+없/VA+는/ETM+거/NNB+같/VA+아/EF+./SY"
          },
          {
            "id": 18,
            "text": "1 : 아 근데 예전에 의경인가 거기서 총기 사고 났었는데 그 피해자가 우리 학교 사람이어서 막 추모 같은 거 하고 그런 거 본 적은 있음 ㅠㅠ",
            "norm_text": "아 근데 예전에 의경인가 거기서 총기 사고 났었는데 그 피해자가 우리 학교 사람이어서 막 추모 같은 거 하고 그런 거 본 적은 있음 ㅠㅠ",
            "speaker": {
              "id": "1번",
              "sex": "여성",
              "age": "20대"
            },
            "speechAct": "(단언) 진술하기",
            "morpheme": "아/IC+근데/MAJ+예전/NNG+에/JKB+의경/NNG+인가/VCP+EC+거기/NP+서/JKB+총기/NNG+사고/NNG+났었/VV+EP+는데/EC+그/MM+피해자/NNG+가/JKS+우리/NP+학교/NNG+사람/NNG+이/VCP+어서/EC+막/NNG+추모/NNG+같/VA+은/ETM+거/NNB+하고/JC+그런/MM+거/NNB+본적/NNG+은/JX+있/VV+음/ETN+ㅠㅠ/UNKNOWN"
          },
          {
            "id": 19,
            "text": "2 : 내 친구는 군대에 있을 때 선임이 앞에 걸어가고 있었는데 옆에 있는 돌로 죽여 버리고 싶었다 던대...",
            "norm_text": "내 친구는 군대에 있을 때 선임이 앞에 걸어가고 있었는데 옆에 있는 돌로 죽여 버리고 싶었다 던대...",
            "speaker": {
              "id": "2번",
              "sex": "여성",
              "age": "30대"
            },
            "speechAct": "(단언) 진술하기",
            "morpheme": "내/NP+JKG+친구/NNG+는/JX+군대/NNG+에/JKB+있/VV+을/ETM+때/NNG+선임/NNG+이/JKS+앞/NNG+에/JKB+걸어가/VV+고/EC+있/VX+었/EP+는데/EC+옆/NNG+에/JKB+있/VV+는/ETM+돌/NNG+로/JKB+죽여/VV+EC+버리/VX+고/EC+싶/VX+었/EP+다던/EC+대/VX+EF+./SY"
          },
          {
            "id": 20,
            "text": "2 : 그 말 듣고 엄청 놀랐음...",
            "norm_text": "그 말 듣고 엄청 놀랐음...",
            "speaker": {
              "id": "2번",
              "sex": "여성",
              "age": "30대"
            },
            "speechAct": "(단언) 주장하기",
            "morpheme": "그/MM+말/NNG+듣/VV+고/EC+엄청/MAG+놀랐/VV+EP+음/ETN+./SY"
          },
          {
            "id": 21,
            "text": "3 : 헉스... 스트레스 엄청 심하셨나 보다... 근데 진짜 별의별 들이 전국 각지에서 모인다고 하더라고 키키",
            "norm_text": "헉스... 스트레스 엄청 심하셨나 보다... 근데 진짜 별의별 들이 전국 각지에서 모인다고 하더라고 키키",
            "speaker": {
              "id": "3번",
              "sex": "여성",
              "age": "20대"
            },
            "speechAct": "(단언) 진술하기",
            "morpheme": "헉/IC+스/IC+./SY+스트레스/NNG+엄청/MAG+심하/VA+셨/EP+EP+나/EC+보/VX+다/EF+./SY+근데진짜별의별들이전국각지에서모인다고하더라고키키/UNKNOWN"
          },
          {
            "id": 22,
            "text": "1 : 그니까 그런 사람들이랑 같이 생활하면 정상적이던 사람도 힘들겠지 ㅠㅠ",
            "norm_text": "그니까 그런 사람들이랑 같이 생활하면 정상적이던 사람도 힘들겠지 ㅠㅠ",
            "speaker": {
              "id": "1번",
              "sex": "여성",
              "age": "20대"
            },
            "speechAct": "(단언) 주장하기",
            "morpheme": "그니까/MAJ+그런/MM+사람/NNG+들/XSN+이랑/JKB+같이/MAG+생활/NNG+하/XSV+면/EC+정상/NNG+적/XSN+이/VCP+던/ETM+사람/NNG+도/JX+힘들/VA+겠/EP+지/EF+ㅠㅠ/UNKNOWN"
          },
          {
            "id": 23,
            "text": "2 : 그렇지~ 매일 한 공간에서 봐야 하지 선임이면 거역할 수도 없고 ㅠㅠ",
            "norm_text": "그렇지~ 매일 한 공간에서 봐야 하지 선임이면 거역할 수도 없고 ㅠㅠ",
            "speaker": {
              "id": "2번",
              "sex": "여성",
              "age": "30대"
            },
            "speechAct": "(단언) 주장하기",
            "morpheme": "그렇/VA+지/EC+~/SY+매일한공간에서봐야하지선임이면거역할수도없고ㅠㅠ/UNKNOWN"
          },
          {
            "id": 24,
            "text": "3 : 그래도 하도 군대에서 사건 사고 많았어서 마음의 소리라고 건의하는 거 있어서 많이 괜찮아졌다고는 하더라..",
            "norm_text": "그래도 하도 군대에서 사건 사고 많았어서 마음의 소리라고 건의하는 거 있어서 많이 괜찮아졌다고는 하더라..",
            "speaker": {
              "id": "3번",
              "sex": "여성",
              "age": "20대"
            },
            "speechAct": "(단언) 진술하기",
            "morpheme": "그래도/MAJ+하도/MAG+군대/NNG+에서/JKB+사건/NNG+사고/NNG+많/VA+았/EP+어서/EC+마음/NNG+의/JKG+소리/NNG+라고/VCP+EC+건의/NNG+하/XSV+는/ETM+거/NNB+있/VA+어서/EC+많이/MAG+괜찮/VA+아/EC+졌/VX+EP+다고/EC+는/JX+하/VV+더라/EC+./SY"
          },
          {
            "id": 25,
            "text": "1 : 아 그래? 그래도 좀 다행이네 이제 핸드폰 쓸 수 있고 그래서 오히려 군대 내에서 사고가 덜 발생하긴 한대",
            "norm_text": "아 그래? 그래도 좀 다행이네 이제 핸드폰 쓸 수 있고 그래서 오히려 군대 내에서 사고가 덜 발생하긴 한대",
            "speaker": {
              "id": "1번",
              "sex": "여성",
              "age": "20대"
            },
            "speechAct": "(단언) 진술하기",
            "morpheme": "아/IC+그래/IC+그래도좀다행이네이제핸드폰쓸수있고그래서오히려군대내에서사고가덜발생하긴한대/UNKNOWN"
          },
          {
            "id": 26,
            "text": "2 : 비디오 같은 것도 촬영해서 여자친구나 부모님이 볼 수 있도록 하더라고~ 노력은 많이 하는 거 같아",
            "norm_text": "비디오 같은 것도 촬영해서 여자친구나 부모님이 볼 수 있도록 하더라고~ 노력은 많이 하는 거 같아",
            "speaker": {
              "id": "2번",
              "sex": "여성",
              "age": "30대"
            },
            "speechAct": "(단언) 진술하기",
            "morpheme": "비디오/NNG+같/VA+은/ETM+것/NNB+도/JX+촬영/NNG+해서/XSV+EC+여자/NNG+친구/NNG+나/JC+부모/NNG+님/XSN+이/JKS+볼/VV+ETM+수/NNB+있/VV+도록/EC+하/VV+더라고/EC+~/SY+노력/NNG+은/JX+많이/MAG+하/VV+는/ETM+거/NNB+같/VA+아/EC"
          },
          {
            "id": 27,
            "text": "3 : 아 맞아 맞아 핸드폰 사용 이후로 뭐 사건 사고 많이  줄었다고 했다 주변에",
            "norm_text": "아 맞아 맞아 핸드폰 사용 이후로 뭐 사건 사고 많이  줄었다고 했다 주변에",
            "speaker": {
              "id": "3번",
              "sex": "여성",
              "age": "20대"
            },
            "speechAct": "(단언) 진술하기",
            "morpheme": "아/IC+맞/VV+아/EC+맞/VV+아/EC+핸드폰/NNG+사용/NNG+이후/NNG+로/JKB+뭐/IC+사건/NNG+사고/NNG+많이/MAG+줄/VV+었/EP+다고/EC+했/VX+EP+다/EC+주변/NNG+에/JKB"
          },
          {
            "id": 28,
            "text": "3 : 언니 남편 님은 육군 출신이셨어?",
            "norm_text": "언니 남편 님은 육군 출신이셨어?",
            "speaker": {
              "id": "3번",
              "sex": "여성",
              "age": "20대"
            },
            "speechAct": "(지시) 질문하기",
            "morpheme": "언니/NNG+남편/NNG+님/XSN+은/JX+육군/NNG+출신/NNG+이/VCP+셨/EP+EP+어/EF"
          },
          {
            "id": 29,
            "text": "1 : 웅웅 육군! 핸드폰 쓸 수 있는 시간 되면 엄청나게 조용해지고 아무도 사고 안 치고 핸드폰만 한다더라 키키",
            "norm_text": "웅웅 육군! 핸드폰 쓸 수 있는 시간 되면 엄청나게 조용해지고 아무도 사고 안 치고 핸드폰만 한다더라 키키",
            "speaker": {
              "id": "1번",
              "sex": "여성",
              "age": "20대"
            },
            "speechAct": "(단언) 진술하기",
            "morpheme": "웅웅/MAG+육군/NNG+!/SY+핸드폰쓸수있는시간되면엄청나게조용해지고아무도사고안치고핸드폰만한다더라키키/UNKNOWN"
          },
          {
            "id": 30,
            "text": "2 : 아 긍정적인 측면이 있네~ 핸드폰 반입돼서 찬반 논란이 되게 많았는데~ 가족들은 좋을 거 같아",
            "norm_text": "아 긍정적인 측면이 있네~ 핸드폰 반입돼서 찬반 논란이 되게 많았는데~ 가족들은 좋을 거 같아",
            "speaker": {
              "id": "2번",
              "sex": "여성",
              "age": "30대"
            },
            "speechAct": "(단언) 주장하기",
            "morpheme": "아/IC+긍정/NNG+적/XSN+인/VCP+ETM+측면/NNG+이/JKS+있/VA+네/EF+~/SY+핸드폰/NNG+반입/NNG+돼서/XSV+EC+찬반/NNG+논란/NNG+이/JKS+되게/MAG+많/VA+았/EP+는데/EC+~/SY+가족/NNG+들/XSN+은/JX+좋/VA+을/ETM+거/NNB+같/VA+아/EC"
          },
          {
            "id": 31,
            "text": "3 : 맞아 맞아 진짜 훨씬 자주 연락할 수 있다는 게 정말 안심하게 될 듯",
            "norm_text": "맞아 맞아 진짜 훨씬 자주 연락할 수 있다는 게 정말 안심하게 될 듯",
            "speaker": {
              "id": "3번",
              "sex": "여성",
              "age": "20대"
            },
            "speechAct": "(단언) 주장하기",
            "morpheme": "맞/VV+아/EC+맞/VV+아/EC+진짜/MAG+훨씬/MAG+자주/MAG+연락/NNG+할/XSV+ETM+수/NNB+있/VV+다는/ETM+게/NNB+JKS+정말/MAG+안/MAG+심하/VA+게/EC+될/VV+ETM+듯/NNB"
          }
        ]
      }
    }
  ]
}