{
  "dataset": {
    "identifier": 22030,
    "name": "BAND_28_11_set",
    "src_path": "/data/file/cubeManager/PROJECT001/49/txt20210917150513026125/BAND_28_11_set/",
    "label_path": "/data/file/cubeManager/PROJECT001/49/txt20210917150513026125/BAND_28_11_set/",
    "category": 2,
    "type": 0
  },
  "licenses": {
    "name": "Apache License 1.0",
    "url": "http://www.apache.org/licenses/LICENSE-1.0"
  },
  "info": [
    {
      "id": 29442,
      "filename": "BAND_28_11.txt",
      "title": "BAND_28_11",
      "mediatype": "SNS",
      "medianame": "네이버밴드",
      "category": "일상대화",
      "date": "2021-09-17",
      "size": 432,
      "annotations": {
        "subject": "게임",
        "speaker_type": "1:1",
        "size": 432,
        "word_size": 142,
        "text": "1 : 우리 중딩 때 게임 참 많이 했지.\n2 : 맞아 컴퓨터 시간에 하던 게임이 생각난다\n1 : 우리 중딩 때 컴퓨터 시간이 있었어?\n2 : 아 맞다 고등학교 때였나 봐 키키\n2 : 기억력 안 좋네\n1 : 우리 중학교는 그거 하다가 걸리면 초죽음 아니냐? 키키\n2 : 맞아 키키 컴퓨터 쓰는 시간이 거의 없던 거 같기도 하고\n1 : 맞아 그때는 하면 큰일 나는 거였지 키키\n2 : 맞아 생각해보면 그땐 휴대폰 게임도 못했던 거 같은데\n1 : 나 그때 폴더폰 사용했었나?\n2 : 키키 맞아 나도 그때 폴더폰이였어\n1 : 와 그때도 폴더폰으로 게임을 하다니,\n2 : 그때는 게임할 때 인터넷 비용을 냈던 거 같아 키키\n1 : 그때 그 비용이 엄청 났잖아 키키\n2 : 맞아 나도 통신 요금 때문에 많이 혼났었어\n1 : 너 얼마 정도 나왔었는데?\n2 : 정확한 금액은 모르지만 엄마한테 파리채를 맞았지 키키",
        "lines": [
          {
            "id": 1,
            "text": "1 : 우리 중딩 때 게임 참 많이 했지.",
            "norm_text": "우리 중딩 때 게임 참 많이 했지.",
            "speaker": {
              "id": "1번",
              "sex": "여성",
              "age": "20대"
            },
            "speechAct": "(단언) 진술하기",
            "morpheme": "우리/NP+중/NNB+딩/MAG+때/NNG+게임/NNG+참/MAG+많이/MAG+했/VV+EP+지/EF"
          },
          {
            "id": 2,
            "text": "2 : 맞아 컴퓨터 시간에 하던 게임이 생각난다",
            "norm_text": "맞아 컴퓨터 시간에 하던 게임이 생각난다",
            "speaker": {
              "id": "2번",
              "sex": "여성",
              "age": "20대"
            },
            "speechAct": "(단언) 진술하기",
            "morpheme": "맞/VV+아/EC+컴퓨터/NNG+시간/NNG+에/JKB+하/VV+던/ETM+게임/NNG+이/JKS+생각난다/VV+EC"
          },
          {
            "id": 3,
            "text": "1 : 우리 중딩 때 컴퓨터 시간이 있었어?",
            "norm_text": "우리 중딩 때 컴퓨터 시간이 있었어?",
            "speaker": {
              "id": "1번",
              "sex": "여성",
              "age": "20대"
            },
            "speechAct": "(지시) 질문하기",
            "morpheme": "우리/NP+중/NNB+딩/MAG+때/NNG+컴퓨터/NNG+시간/NNG+이/JKS+있/VA+었/EP+어/EF"
          },
          {
            "id": 4,
            "text": "2 : 아 맞다 고등학교 때였나 봐 키키",
            "norm_text": "아 맞다 고등학교 때였나 봐 키키",
            "speaker": {
              "id": "2번",
              "sex": "여성",
              "age": "20대"
            },
            "speechAct": "(단언) 진술하기",
            "morpheme": "아/IC+맞/VV+다/EC+고등/NNG+학교/NNG+때/NNG+였/VCP+EP+나/EC+봐/VX+EF+키/NNG+키/XSV+ETN"
          },
          {
            "id": 5,
            "text": "2 : 기억력 안 좋네",
            "norm_text": "기억력 안 좋네",
            "speaker": {
              "id": "2번",
              "sex": "여성",
              "age": "20대"
            },
            "speechAct": "(단언) 주장하기",
            "morpheme": "기억력/NNG+안/MAG+좋/VA+네/EC"
          },
          {
            "id": 6,
            "text": "1 : 우리 중학교는 그거 하다가 걸리면 초죽음 아니냐? 키키",
            "norm_text": "우리 중학교는 그거 하다가 걸리면 초죽음 아니냐? 키키",
            "speaker": {
              "id": "1번",
              "sex": "여성",
              "age": "20대"
            },
            "speechAct": "(지시) 질문하기",
            "morpheme": "우리/NP+중학교/NNG+는/JX+그거/NP+하/VV+다가/EC+걸리/VV+면/EC+초/XPN+죽음/NNG+아니/VCN+냐/EF+키/NNG+키/XSV+ETN"
          },
          {
            "id": 7,
            "text": "2 : 맞아 키키 컴퓨터 쓰는 시간이 거의 없던 거 같기도 하고",
            "norm_text": "맞아 키키 컴퓨터 쓰는 시간이 거의 없던 거 같기도 하고",
            "speaker": {
              "id": "2번",
              "sex": "여성",
              "age": "20대"
            },
            "speechAct": "(단언) 주장하기",
            "morpheme": "맞/VV+아/EC+키/NNG+키/NNG+컴퓨터/NNG+쓰/VV+는/ETM+시간/NNG+이/JKS+거의/MAG+없/VA+던/ETM+거/NNB+같/VA+기/ETN+도/JX+하/VV+고/EC"
          },
          {
            "id": 8,
            "text": "1 : 맞아 그때는 하면 큰일 나는 거였지 키키",
            "norm_text": "맞아 그때는 하면 큰일 나는 거였지 키키",
            "speaker": {
              "id": "1번",
              "sex": "여성",
              "age": "20대"
            },
            "speechAct": "(단언) 주장하기",
            "morpheme": "맞/VV+아/EC+그때/NNG+는/JX+하/VV+면/EC+큰일나/VV+는/ETM+거/NNB+였/VCP+EP+지/EC+키/NNG+키/XSV+ETN"
          },
          {
            "id": 9,
            "text": "2 : 맞아 생각해보면 그땐 휴대폰 게임도 못했던 거 같은데",
            "norm_text": "맞아 생각해보면 그땐 휴대폰 게임도 못했던 거 같은데",
            "speaker": {
              "id": "2번",
              "sex": "여성",
              "age": "20대"
            },
            "speechAct": "(단언) 진술하기",
            "morpheme": "맞/VV+아/EC+생각/NNG+해/XSV+EC+보/VX+면/EC+그/MM+땐/NNG+JX+휴대폰/NNG+게임/NNG+도/JX+못/MAG+했/VV+EP+던/ETM+거/NNB+같/VA+은데/EC"
          },
          {
            "id": 10,
            "text": "1 : 나 그때 폴더폰 사용했었나?",
            "norm_text": "나 그때 폴더폰 사용했었나?",
            "speaker": {
              "id": "1번",
              "sex": "여성",
              "age": "20대"
            },
            "speechAct": "(지시) 질문하기",
            "morpheme": "나/NP+그때/NNG+폴더/NNG+폰/NNG+사용/NNG+했었/XSV+EP+나/EF"
          },
          {
            "id": 11,
            "text": "2 : 키키 맞아 나도 그때 폴더폰이였어",
            "norm_text": "키키 맞아 나도 그때 폴더폰이였어",
            "speaker": {
              "id": "2번",
              "sex": "여성",
              "age": "20대"
            },
            "speechAct": "(단언) 진술하기",
            "morpheme": "키/NNG+키/XSV+ETN+맞/VV+아/EC+나/NP+도/JX+그때/NNG+폴더/NNG+폰/NNG+이/VCP+였/EP+어/EC"
          },
          {
            "id": 12,
            "text": "1 : 와 그때도 폴더폰으로 게임을 하다니,",
            "norm_text": "와 그때도 폴더폰으로 게임을 하다니,",
            "speaker": {
              "id": "1번",
              "sex": "여성",
              "age": "20대"
            },
            "speechAct": "(단언) 진술하기",
            "morpheme": "와/IC+그때/NNG+도/JX+폴더/NNG+폰/NNG+으로/JKB+게임/NNG+을/JKO+하/VV+다니/EC+,/SC"
          },
          {
            "id": 13,
            "text": "2 : 그때는 게임할 때 인터넷 비용을 냈던 거 같아 키키",
            "norm_text": "그때는 게임할 때 인터넷 비용을 냈던 거 같아 키키",
            "speaker": {
              "id": "2번",
              "sex": "여성",
              "age": "20대"
            },
            "speechAct": "(단언) 진술하기",
            "morpheme": "그때/NNG+는/JX+게임/NNG+할/XSV+ETM+때/NNG+인터넷/NNG+비용/NNG+을/JKO+냈/VV+EP+던/ETM+거/NNB+같/VA+아/EC+키/NNG+키/XSV+ETN"
          },
          {
            "id": 14,
            "text": "1 : 그때 그 비용이 엄청 났잖아 키키",
            "norm_text": "그때 그 비용이 엄청 났잖아 키키",
            "speaker": {
              "id": "1번",
              "sex": "여성",
              "age": "20대"
            },
            "speechAct": "(단언) 진술하기",
            "morpheme": "그때/NNG+그/MM+비용/NNG+이/JKS+엄청났/VA+EP+잖아/EF+키/NNG+키/XSV+ETN"
          },
          {
            "id": 15,
            "text": "2 : 맞아 나도 통신 요금 때문에 많이 혼났었어",
            "norm_text": "맞아 나도 통신 요금 때문에 많이 혼났었어",
            "speaker": {
              "id": "2번",
              "sex": "여성",
              "age": "20대"
            },
            "speechAct": "(단언) 진술하기",
            "morpheme": "맞/VV+아/EC+나/NP+도/JX+통신/NNG+요금/NNG+때문/NNB+에/JKB+많이/MAG+혼났/VV+EP+었/EP+어/EC"
          },
          {
            "id": 16,
            "text": "1 : 너 얼마 정도 나왔었는데?",
            "norm_text": "너 얼마 정도 나왔었는데?",
            "speaker": {
              "id": "1번",
              "sex": "여성",
              "age": "20대"
            },
            "speechAct": "(지시) 질문하기",
            "morpheme": "너/NP+얼마/NNG+정도/NNG+나왔었/VV+EP+는데/EF"
          },
          {
            "id": 17,
            "text": "2 : 정확한 금액은 모르지만 엄마한테 파리채를 맞았지 키키",
            "norm_text": "정확한 금액은 모르지만 엄마한테 파리채를 맞았지 키키",
            "speaker": {
              "id": "2번",
              "sex": "여성",
              "age": "20대"
            },
            "speechAct": "(단언) 진술하기",
            "morpheme": "정확/NNG+한/XSA+ETM+금액/NNG+은/JX+모르/VV+지만/EC+엄마/NNG+한테/JKB+파리채/NNG+를/JKO+맞/VV+았/EP+지/EC+키/NNG+키/XSV+ETN"
          }
        ]
      }
    }
  ]
}