{
  "dataset": {
    "identifier": 51188,
    "name": "BAND_34_01_set",
    "src_path": "/data/file/cubeManager/PROJECT001/53/txt20210928113647089513/BAND_34_01_set/",
    "label_path": "/data/file/cubeManager/PROJECT001/53/txt20210928113647089513/BAND_34_01_set/",
    "category": 2,
    "type": 0
  },
  "licenses": {
    "name": "Apache License 1.0",
    "url": "http://www.apache.org/licenses/LICENSE-1.0"
  },
  "info": [
    {
      "id": 35460,
      "filename": "BAND_34_01.txt",
      "title": "BAND_34_01",
      "mediatype": "SNS",
      "medianame": "네이버밴드",
      "category": "일상대화",
      "date": "2021-09-28",
      "size": 369,
      "annotations": {
        "subject": "식음료",
        "speaker_type": "1:1",
        "size": 369,
        "word_size": 128,
        "text": "1 : 나 오늘 점심에 짬뽕 먹었다!\n2 : 오 짬뽕 키키 나도 저녁에 먹었는데\n1 : 아 진짜 짬뽕 누구랑 먹었어?\n2 : 여자친구랑 같이 먹었어 키키 매운 거\n1 : 헐 완전 부럽다~\n1 : 나는 회사 동료랑 먹었어!\n2 : 오 키키 동료랑 둘이서만 먹은 거야?\n1 : 응 어제 술 마셔서 해장 했지~\n2 : 아 좋지 해장에 짬뽕 술 바로 깨지\n1 : 맞아 오빠는 짬뽕이랑 소주 한 병 했지?\n2 : 그럼 짬뽕엔 해장술이 최고야\n1 : 근데 같이 먹는 여자친구도 술 좋아해?\n2 : 응 나보다 더 먹어 많이 먹어\n1 : 와 훌륭한 인재네 제대로 잡았네!\n2 : 키키 맞아 같이 술 먹어야 맛이 나지\n1 : 그렇긴 해 내일은 불금이니까 또 달려야지!\n2 : 내일 아쉽게도 백신 맞아야 해",
        "lines": [
          {
            "id": 1,
            "text": "1 : 나 오늘 점심에 짬뽕 먹었다!",
            "norm_text": "나 오늘 점심에 짬뽕 먹었다!",
            "speaker": {
              "id": "1번",
              "sex": "여성",
              "age": "20대"
            },
            "speechAct": "(단언) 진술하기",
            "morpheme": "나/NP+오늘/MAG+점심/NNG+에/JKB+짬뽕/NNG+먹/VV+었/EP+다/EF"
          },
          {
            "id": 2,
            "text": "2 : 오 짬뽕 키키 나도 저녁에 먹었는데",
            "norm_text": "오 짬뽕 키키 나도 저녁에 먹었는데",
            "speaker": {
              "id": "2번",
              "sex": "남성",
              "age": "30대"
            },
            "speechAct": "(단언) 진술하기",
            "morpheme": "오/NR+짬뽕/NNG+키/NNG+키나/XSA+ETN+JX+도/JX+저녁/NNG+에/JKB+먹/VV+었/EP+는데/EC"
          },
          {
            "id": 3,
            "text": "1 : 아 진짜 짬뽕 누구랑 먹었어?",
            "norm_text": "아 진짜 짬뽕 누구랑 먹었어?",
            "speaker": {
              "id": "1번",
              "sex": "여성",
              "age": "20대"
            },
            "speechAct": "(지시) 질문하기",
            "morpheme": "아/IC+진짜/MAG+짬뽕/NNG+누구/NP+랑/JKB+먹/VV+었/EP+어/EF"
          },
          {
            "id": 4,
            "text": "2 : 여자친구랑 같이 먹었어 키키 매운 거",
            "norm_text": "여자친구랑 같이 먹었어 키키 매운 거",
            "speaker": {
              "id": "2번",
              "sex": "남성",
              "age": "30대"
            },
            "speechAct": "(단언) 진술하기",
            "morpheme": "여자/NNG+친구/NNG+랑/JKB+같이/MAG+먹/VV+었/EP+어/EC+키/NNG+키/XSV+ETN+매운/VA+ETM+거/NNB"
          },
          {
            "id": 5,
            "text": "1 : 헐 완전 부럽다~",
            "norm_text": "헐 완전 부럽다~",
            "speaker": {
              "id": "1번",
              "sex": "여성",
              "age": "20대"
            },
            "speechAct": "(단언) 주장하기",
            "morpheme": "헐/IC+완전/MAG+부럽/VA+다/EC+~/SY"
          },
          {
            "id": 6,
            "text": "1 : 나는 회사 동료랑 먹었어!",
            "norm_text": "나는 회사 동료랑 먹었어!",
            "speaker": {
              "id": "1번",
              "sex": "여성",
              "age": "20대"
            },
            "speechAct": "(단언) 진술하기",
            "morpheme": "나/NP+는/JX+회사/NNG+동료/NNG+랑/JKB+먹/VV+었/EP+어/EF"
          },
          {
            "id": 7,
            "text": "2 : 오 키키 동료랑 둘이서만 먹은 거야?",
            "norm_text": "오 키키 동료랑 둘이서만 먹은 거야?",
            "speaker": {
              "id": "2번",
              "sex": "남성",
              "age": "30대"
            },
            "speechAct": "(지시) 질문하기",
            "morpheme": "오키/NNP+키/NNG+동료/NNG+랑/JC+둘/NR+이/XSN+서/JKS+만/JX+먹/VV+은/ETM+거/NNB+야/VCP+EF"
          },
          {
            "id": 8,
            "text": "1 : 응 어제 술 마셔서 해장 했지~",
            "norm_text": "응 어제 술 마셔서 해장 했지~",
            "speaker": {
              "id": "1번",
              "sex": "여성",
              "age": "20대"
            },
            "speechAct": "(단언) 진술하기",
            "morpheme": "응/IC+어/IC+제술/NNG+마셔서/VV+EC+해장/NNG+했/XSV+EP+지/EC+~/SY"
          },
          {
            "id": 9,
            "text": "2 : 아 좋지 해장에 짬뽕 술 바로 깨지",
            "norm_text": "아 좋지 해장에 짬뽕 술 바로 깨지",
            "speaker": {
              "id": "2번",
              "sex": "남성",
              "age": "30대"
            },
            "speechAct": "(단언) 주장하기",
            "morpheme": "아/IC+좋/VA+지/EC+해장/NNG+에/JKB+짬뽕/NNG+술/NNG+바로/MAG+깨/VV+지/EC"
          },
          {
            "id": 10,
            "text": "1 : 맞아 오빠는 짬뽕이랑 소주 한 병 했지?",
            "norm_text": "맞아 오빠는 짬뽕이랑 소주 한 병 했지?",
            "speaker": {
              "id": "1번",
              "sex": "여성",
              "age": "20대"
            },
            "speechAct": "(지시) 질문하기",
            "morpheme": "맞/VV+아/EC+오빠/NNG+는/JX+짬뽕/NNG+이랑/JKB+소주/NNG+한/XSA+ETM+병/NNG+했/XSV+EP+지/EF"
          },
          {
            "id": 11,
            "text": "2 : 그럼 짬뽕엔 해장술이 최고야",
            "norm_text": "그럼 짬뽕엔 해장술이 최고야",
            "speaker": {
              "id": "2번",
              "sex": "남성",
              "age": "30대"
            },
            "speechAct": "(단언) 주장하기",
            "morpheme": "그럼/MAJ+짬뽕/NNG+엔/JKB+JX+해장술/NNG+이/JKS+최고/NNG+야/VCP+EF"
          },
          {
            "id": 12,
            "text": "1 : 근데 같이 먹는 여자친구도 술 좋아해?",
            "norm_text": "근데 같이 먹는 여자친구도 술 좋아해?",
            "speaker": {
              "id": "1번",
              "sex": "여성",
              "age": "20대"
            },
            "speechAct": "(지시) 질문하기",
            "morpheme": "근데/MAJ+같이/MAG+먹/VV+는/ETM+여자/NNG+친구/NNG+도/JX+술/NNG+좋/VA+아/EC+해/VX+EF"
          },
          {
            "id": 13,
            "text": "2 : 응 나보다 더 먹어 많이 먹어",
            "norm_text": "응 나보다 더 먹어 많이 먹어",
            "speaker": {
              "id": "2번",
              "sex": "남성",
              "age": "30대"
            },
            "speechAct": "(단언) 진술하기",
            "morpheme": "응/IC+나/NP+보다/JKB+더/MAG+먹/VV+어/EC+많이/MAG+먹/VV+어/EC"
          },
          {
            "id": 14,
            "text": "1 : 와 훌륭한 인재네 제대로 잡았네!",
            "norm_text": "와 훌륭한 인재네 제대로 잡았네!",
            "speaker": {
              "id": "1번",
              "sex": "여성",
              "age": "20대"
            },
            "speechAct": "(단언) 주장하기",
            "morpheme": "와/IC+훌륭/XR+한/XSA+ETM+인재/NNG+네/XSN+제대로/MAG+잡/VV+았/EP+네/EF"
          },
          {
            "id": 15,
            "text": "2 : 키키 맞아 같이 술 먹어야 맛이 나지",
            "norm_text": "키키 맞아 같이 술 먹어야 맛이 나지",
            "speaker": {
              "id": "2번",
              "sex": "남성",
              "age": "30대"
            },
            "speechAct": "(단언) 주장하기",
            "morpheme": "키/NNG+키/XSV+ETN+맞/VV+아/EC+같이/MAG+술/NNG+먹/VV+어야/EC+맛/NNG+이/JKS+나/VV+지/EC"
          },
          {
            "id": 16,
            "text": "1 : 그렇긴 해 내일은 불금이니까 또 달려야지!",
            "norm_text": "그렇긴 해 내일은 불금이니까 또 달려야지!",
            "speaker": {
              "id": "1번",
              "sex": "여성",
              "age": "20대"
            },
            "speechAct": "(단언) 주장하기",
            "morpheme": "그렇/VA+긴/ETN+JX+해/VX+EC+내일/NNG+은/JX+불금/NNG+이/VCP+니까/EC+또/MAG+달려야/VV+EC+지/VX+EP+EF"
          },
          {
            "id": 17,
            "text": "2 : 내일 아쉽게도 백신 맞아야 해",
            "norm_text": "내일 아쉽게도 백신 맞아야 해",
            "speaker": {
              "id": "2번",
              "sex": "남성",
              "age": "30대"
            },
            "speechAct": "(단언) 진술하기",
            "morpheme": "내일/MAG+아쉽/VA+게/EC+도/JX+백신/NNG+맞/VV+아야/EC+해/VV+EC"
          }
        ]
      }
    }
  ]
}