{
  "dataset": {
    "identifier": 21013,
    "name": "BAND_27_08_set",
    "src_path": "/data/file/cubeManager/PROJECT001/49/txt20210916151141055275/BAND_27_08_set/",
    "label_path": "/data/file/cubeManager/PROJECT001/49/txt20210916151141055275/BAND_27_08_set/",
    "category": 2,
    "type": 0
  },
  "licenses": {
    "name": "Apache License 1.0",
    "url": "http://www.apache.org/licenses/LICENSE-1.0"
  },
  "info": [
    {
      "id": 28578,
      "filename": "BAND_27_08.txt",
      "title": "BAND_27_08",
      "mediatype": "SNS",
      "medianame": "네이버밴드",
      "category": "일상대화",
      "date": "2021-09-16",
      "size": 420,
      "annotations": {
        "subject": "연애/결혼",
        "speaker_type": "1:1",
        "size": 420,
        "word_size": 138,
        "text": "1 : 너는 전 남친이랑 기념일 같은 거 챙겨봤어?\n2 : 그 양반은 초반에는 잘 챙기다가 막판에는 그냥 저냥이더라\n1 : 초반에는 기념일 어떤 거 챙겼어?\n2 : 그때 케이크랑 옷 선물을 주고 받았지\n1 : 서로 그렇게 교환한 거야?\n2 : 어 처음에는 쫌 그랬던 거 같아\n1 : 그렇구나 나도 그런 때가 있었는데 ㅜㅜ\n2 : 너는 오래 됐잖아\n2 : 요즘에는 기념일을 챙겨?\n1 : 나 몰랐는데 이번에 2500일이었더라.\n2 : 와 오래 사겼다\n2 : 혹시 중간에 힘든 적은 없었니?\n1 : 응 아무 일도 없었어 키키\n2 : 아 그럼 정말 다행이구 키키\n1 : 맞아 무소식이 희소식이라는 말 있잖아 키키\n2 : 그치 맞아 그러면  다음 기념일은  챙길려고?\n1 : 음 우리는 1년 단위로 챙겨서 벌써 다음 달이야.\n2 : 오 대박 그러면 놀러 가는 건가?\n2 : 재미있었음 좋겠다",
        "lines": [
          {
            "id": 1,
            "text": "1 : 너는 전 남친이랑 기념일 같은 거 챙겨봤어?",
            "norm_text": "너는 전 남친이랑 기념일 같은 거 챙겨봤어?",
            "speaker": {
              "id": "1번",
              "sex": "여성",
              "age": "20대"
            },
            "speechAct": "(지시) 질문하기",
            "morpheme": "너/NP+는/JX+전/MM+남친/NNG+이랑/JKB+기념일/NNG+같/VA+은/ETM+거/NNB+챙겨/VV+EC+봤/VX+EP+어/EF"
          },
          {
            "id": 2,
            "text": "2 : 그 양반은 초반에는 잘 챙기다가 막판에는 그냥 저냥이더라",
            "norm_text": "그 양반은 초반에는 잘 챙기다가 막판에는 그냥 저냥이더라",
            "speaker": {
              "id": "2번",
              "sex": "여성",
              "age": "20대"
            },
            "speechAct": "(단언) 주장하기",
            "morpheme": "그/MM+양반/NNG+은/JX+초반/NNG+에/JKB+는/JX+잘/MAG+챙기/VV+다가/EC+막판/NNG+에/JKB+는/JX+그냥저냥/MAG+이/VCP+더라/EC"
          },
          {
            "id": 3,
            "text": "1 : 초반에는 기념일 어떤 거 챙겼어?",
            "norm_text": "초반에는 기념일 어떤 거 챙겼어?",
            "speaker": {
              "id": "1번",
              "sex": "여성",
              "age": "20대"
            },
            "speechAct": "(지시) 질문하기",
            "morpheme": "초반/NNG+에/JKB+는/JX+기념/NNG+일/VCP+ETM+어떤/MM+거/NNB+챙겼/VV+EP+어/EF"
          },
          {
            "id": 4,
            "text": "2 : 그때 케이크랑 옷 선물을 주고 받았지",
            "norm_text": "그때 케이크랑 옷 선물을 주고 받았지",
            "speaker": {
              "id": "2번",
              "sex": "여성",
              "age": "20대"
            },
            "speechAct": "(단언) 진술하기",
            "morpheme": "그때/NNG+케이크/NNG+랑/JKB+옷/NNG+선물/NNG+을/JKO+주고받/VV+았/EP+지/EC"
          },
          {
            "id": 5,
            "text": "1 : 서로 그렇게 교환한 거야?",
            "norm_text": "서로 그렇게 교환한 거야?",
            "speaker": {
              "id": "1번",
              "sex": "여성",
              "age": "20대"
            },
            "speechAct": "(지시) 질문하기",
            "morpheme": "서로/MAG+그렇게/MAG+교환/NNG+한/XSA+ETM+거/NNB+야/VCP+EF"
          },
          {
            "id": 6,
            "text": "2 : 어 처음에는 쫌 그랬던 거 같아",
            "norm_text": "어 처음에는 쫌 그랬던 거 같아",
            "speaker": {
              "id": "2번",
              "sex": "여성",
              "age": "20대"
            },
            "speechAct": "(단언) 진술하기",
            "morpheme": "어/IC+처음/NNG+에/JKB+는/JX+쫌/MAG+그랬/VV+EP+던/ETM+거/NNB+같/VA+아/EC"
          },
          {
            "id": 7,
            "text": "1 : 그렇구나 나도 그런 때가 있었는데 ㅜㅜ",
            "norm_text": "그렇구나 나도 그런 때가 있었는데 ㅜㅜ",
            "speaker": {
              "id": "1번",
              "sex": "여성",
              "age": "20대"
            },
            "speechAct": "(단언) 진술하기",
            "morpheme": "그렇/VA+구나/EF+나/NP+도/JX+그런/MM+때/NNG+가/JKS+있/VA+었/EP+는데/EC+ㅜㅜ/UNKNOWN"
          },
          {
            "id": 8,
            "text": "2 : 너는 오래 됐잖아",
            "norm_text": "너는 오래 됐잖아",
            "speaker": {
              "id": "2번",
              "sex": "여성",
              "age": "20대"
            },
            "speechAct": "턴토크 사인(관습적 반응)",
            "morpheme": "너/NP+는/JX+오래/MAG+됐/VV+EP+잖아/EC"
          },
          {
            "id": 9,
            "text": "2 : 요즘에는 기념일을 챙겨?",
            "norm_text": "요즘에는 기념일을 챙겨?",
            "speaker": {
              "id": "2번",
              "sex": "여성",
              "age": "20대"
            },
            "speechAct": "(지시) 질문하기",
            "morpheme": "요즘/NNG+에/JKB+는/JX+기념일/NNG+을/JKO+챙겨/VV+EF"
          },
          {
            "id": 10,
            "text": "1 : 나 몰랐는데 이번에 2500일이었더라.",
            "norm_text": "나 몰랐는데 이번에 2500일이었더라.",
            "speaker": {
              "id": "1번",
              "sex": "여성",
              "age": "20대"
            },
            "speechAct": "(단언) 진술하기",
            "morpheme": "나/NP+몰랐/VV+EP+는데/EC+이번/NNG+에/JKB+2500/SN+일/NNBC+이/VCP+었/EP+더라/EF"
          },
          {
            "id": 11,
            "text": "2 : 와 오래 사겼다",
            "norm_text": "와 오래 사겼다",
            "speaker": {
              "id": "2번",
              "sex": "여성",
              "age": "20대"
            },
            "speechAct": "(단언) 주장하기",
            "morpheme": "와/IC+오래/MAG+사겼/VV+EP+다/EC"
          },
          {
            "id": 12,
            "text": "2 : 혹시 중간에 힘든 적은 없었니?",
            "norm_text": "혹시 중간에 힘든 적은 없었니?",
            "speaker": {
              "id": "2번",
              "sex": "여성",
              "age": "20대"
            },
            "speechAct": "(지시) 질문하기",
            "morpheme": "혹시/MAG+중간/NNG+에/JKB+힘든/VA+ETM+적/NNB+은/JX+없/VA+었/EP+니/EF"
          },
          {
            "id": 13,
            "text": "1 : 응 아무 일도 없었어 키키",
            "norm_text": "응 아무 일도 없었어 키키",
            "speaker": {
              "id": "1번",
              "sex": "여성",
              "age": "20대"
            },
            "speechAct": "(단언) 진술하기",
            "morpheme": "응/IC+아무/MM+일/NNG+도/JX+없/VA+었/EP+어/EC+키/NNG+키/XSV+ETN"
          },
          {
            "id": 14,
            "text": "2 : 아 그럼 정말 다행이구 키키",
            "norm_text": "아 그럼 정말 다행이구 키키",
            "speaker": {
              "id": "2번",
              "sex": "여성",
              "age": "20대"
            },
            "speechAct": "(단언) 주장하기",
            "morpheme": "아/IC+그럼/MAJ+정말/MAG+다행/NNG+이/JKS+구키/NNP+키/NNG"
          },
          {
            "id": 15,
            "text": "1 : 맞아 무소식이 희소식이라는 말 있잖아 키키",
            "norm_text": "맞아 무소식이 희소식이라는 말 있잖아 키키",
            "speaker": {
              "id": "1번",
              "sex": "여성",
              "age": "20대"
            },
            "speechAct": "(단언) 주장하기",
            "morpheme": "맞/VV+아/EC+무소식/NNG+이/JKS+희소식/NNG+이/VCP+라는/ETM+말/NNG+있/VV+잖아/EC+키/NNG+키/XSV+ETN"
          },
          {
            "id": 16,
            "text": "2 : 그치 맞아 그러면  다음 기념일은  챙길려고?",
            "norm_text": "그치 맞아 그러면  다음 기념일은  챙길려고?",
            "speaker": {
              "id": "2번",
              "sex": "여성",
              "age": "20대"
            },
            "speechAct": "(지시) 질문하기",
            "morpheme": "그치/IC+맞/VV+아/EC+그러/VV+면/EC+다음/NNG+기념일/NNG+은/JX+챙/MAG+길/VA+려고/EF"
          },
          {
            "id": 17,
            "text": "1 : 음 우리는 1년 단위로 챙겨서 벌써 다음 달이야.",
            "norm_text": "음 우리는 1년 단위로 챙겨서 벌써 다음 달이야.",
            "speaker": {
              "id": "1번",
              "sex": "여성",
              "age": "20대"
            },
            "speechAct": "(단언) 진술하기",
            "morpheme": "음/IC+우리/NP+는/JX+1/SN+년/NNBC+단위/NNG+로/JKB+챙겨서/VV+EC+벌써/MAG+다음/NNG+달/NNG+이/VCP+야/EF"
          },
          {
            "id": 18,
            "text": "2 : 오 대박 그러면 놀러 가는 건가?",
            "norm_text": "오 대박 그러면 놀러 가는 건가?",
            "speaker": {
              "id": "2번",
              "sex": "여성",
              "age": "20대"
            },
            "speechAct": "(지시) 질문하기",
            "morpheme": "오/NR+대박/NNG+그러/VV+면/EC+놀러가/VV+는/ETM+건가/NNB+VCP+EF"
          },
          {
            "id": 19,
            "text": "2 : 재미있었음 좋겠다",
            "norm_text": "재미있었음 좋겠다",
            "speaker": {
              "id": "2번",
              "sex": "여성",
              "age": "20대"
            },
            "speechAct": "(단언) 주장하기",
            "morpheme": "재미있/VA+었/EP+음/ETN+좋/VA+겠/EP+다/EC"
          }
        ]
      }
    }
  ]
}