{
  "dataset": {
    "identifier": 113603,
    "name": "BAND_42_07_set",
    "src_path": "/data/file/cubeManager/PROJECT001/80/txt20211102154324029173/BAND_42_07_set/",
    "label_path": "/data/file/cubeManager/PROJECT001/80/txt20211102154324029173/BAND_42_07_set/",
    "category": 2,
    "type": 0
  },
  "licenses": {
    "name": "Apache License 1.0",
    "url": "http://www.apache.org/licenses/LICENSE-1.0"
  },
  "info": [
    {
      "id": 130311,
      "filename": "BAND_42_07.txt",
      "title": "BAND_42_07",
      "mediatype": "SNS",
      "medianame": "네이버밴드",
      "category": "일상대화",
      "date": "2021-11-02",
      "size": 537,
      "annotations": {
        "subject": "가족",
        "speaker_type": "다자간 대화",
        "size": 537,
        "word_size": 172,
        "text": "1 : 오늘은 아빠 고구마 정리 도와드렸어\n2 : 올 효녀인데~\n2 : 아빠가 좋아하셨겠어~!\n3 : 나도 딸 낳으면 효녀 하나 낳아야겠는데 키키\n1 : 사실은 집에 오자마자 끌려 나갔어 키키\n2 : 키키 강제 효녀~ ^^\n2 : 딸이 최고지\n2 : 고분고분한 편, ^^~\n3 : 키키 이게 가족의 맛이지 부려먹긴 하지만...\n1 : 키키 집에 아들들이 다 나가서 후...\n2 : 키키 이런 ㅜㅜ\n2 : 딸 최고라능,\n2 : 아들들 다 어딨어용~!\n3 : 키키 딸이 최고여 역시...\n3 : 남자로서 아들은 별로... ㅎ\n1 : 키키 강제 노동하고 와서 효녀 됐네 키키\n2 : 키키 효녀 호칭 강제 획득!\n2 : 나도 오늘 울 개랑 엄마 마중 나감\n3 : 나두 한번 나가야는데 바빠서 혼자만 호다닥이네\n1 : 올 키키 강쥐랑 엄니 좋아하시겠네\n2 : 웅~ 둘이 이산가족 상봉이여~\n2 : 나는 구경꾼 키키\n3 : 키키 사이좋으면 좋지!\n3 : 분위기 좋당\n1 : 그니깐 날 추운데 아주 훈훈하구만\n2 : 키키 응,추웠어,\n2 : 하지만 가족들이 행복하다면야,^^\n3 : 키키 나를 희생해서 행복을 가져와버렸네",
        "lines": [
          {
            "id": 1,
            "text": "1 : 오늘은 아빠 고구마 정리 도와드렸어",
            "norm_text": "오늘은 아빠 고구마 정리 도와드렸어",
            "speaker": {
              "id": "1번",
              "sex": "여성",
              "age": "20대"
            },
            "speechAct": "(단언) 진술하기",
            "morpheme": "오늘/NNG+은/JX+아빠/NNG+고구마/NNG+정리/NNG+도와/VV+EC+드렸/VX+EP+어/EC"
          },
          {
            "id": 2,
            "text": "2 : 올 효녀인데~",
            "norm_text": "올 효녀인데~",
            "speaker": {
              "id": "2번",
              "sex": "여성",
              "age": "20대"
            },
            "speechAct": "(단언) 주장하기",
            "morpheme": "올/MM+효녀/NNG+인데/VCP+EC+~/SY"
          },
          {
            "id": 3,
            "text": "2 : 아빠가 좋아하셨겠어~!",
            "norm_text": "아빠가 좋아하셨겠어~!",
            "speaker": {
              "id": "2번",
              "sex": "여성",
              "age": "20대"
            },
            "speechAct": "(단언) 주장하기",
            "morpheme": "아빠/NNG+가/JKS+좋/VA+아/EC+하/VX+셨/EP+EP+겠/EP+어/EC+~/SY"
          },
          {
            "id": 4,
            "text": "3 : 나도 딸 낳으면 효녀 하나 낳아야겠는데 키키",
            "norm_text": "나도 딸 낳으면 효녀 하나 낳아야겠는데 키키",
            "speaker": {
              "id": "3번",
              "sex": "남성",
              "age": "20대"
            },
            "speechAct": "(단언) 주장하기",
            "morpheme": "나/NP+도/JX+딸/NNG+낳/VV+으면/EC+효녀/NNG+하나/NR+낳/VV+아야/EC+겠는데/VX+EP+EC+키/NNG+키/XSV+ETN"
          },
          {
            "id": 5,
            "text": "1 : 사실은 집에 오자마자 끌려 나갔어 키키",
            "norm_text": "사실은 집에 오자마자 끌려 나갔어 키키",
            "speaker": {
              "id": "1번",
              "sex": "여성",
              "age": "20대"
            },
            "speechAct": "(단언) 주장하기",
            "morpheme": "사실/MAG+은/JX+집/NNG+에/JKB+오/VV+자마자/EC+끌려나갔/VV+EC+VX+EP+어/EC+키/NNG+키/XSV+ETN"
          },
          {
            "id": 6,
            "text": "2 : 키키 강제 효녀~ ^^",
            "norm_text": "키키 강제 효녀~ ^^",
            "speaker": {
              "id": "2번",
              "sex": "여성",
              "age": "20대"
            },
            "speechAct": "(단언) 주장하기",
            "morpheme": "키/NNG+키/NNG+강제/NNG+효녀/NNG+~/SY+^/SY+^/SY"
          },
          {
            "id": 7,
            "text": "2 : 딸이 최고지",
            "norm_text": "딸이 최고지",
            "speaker": {
              "id": "2번",
              "sex": "여성",
              "age": "20대"
            },
            "speechAct": "(단언) 주장하기",
            "morpheme": "딸/NNG+이/JKS+최고/NNG+지/VCP+EC"
          },
          {
            "id": 8,
            "text": "2 : 고분고분한 편, ^^~",
            "norm_text": "고분고분한 편, ^^~",
            "speaker": {
              "id": "2번",
              "sex": "여성",
              "age": "20대"
            },
            "speechAct": "(단언) 주장하기",
            "morpheme": "고분고분/MAG+한편/NNG+,/SC+^/SY+^/SY+~/SY"
          },
          {
            "id": 9,
            "text": "3 : 키키 이게 가족의 맛이지 부려먹긴 하지만...",
            "norm_text": "키키 이게 가족의 맛이지 부려먹긴 하지만...",
            "speaker": {
              "id": "3번",
              "sex": "남성",
              "age": "20대"
            },
            "speechAct": "(단언) 주장하기",
            "morpheme": "키/NNG+키/XSV+ETN+이게/NP+JKS+가족/NNG+의/JKG+맛/NNG+이/VCP+지/EC+부려/VV+EC+먹/VV+긴/ETN+JX+하/VX+지만/EC+./SY+./SY"
          },
          {
            "id": 10,
            "text": "1 : 키키 집에 아들들이 다 나가서 후...",
            "norm_text": "키키 집에 아들들이 다 나가서 후...",
            "speaker": {
              "id": "1번",
              "sex": "여성",
              "age": "20대"
            },
            "speechAct": "(단언) 주장하기",
            "morpheme": "키/NNG+키/NNG+집/NNG+에/JKB+아들/NNG+들/XSN+이/JKS+다/MAG+나가/VV+서/EC+후/NNG+./SY+./SY"
          },
          {
            "id": 11,
            "text": "2 : 키키 이런 ㅜㅜ",
            "norm_text": "키키 이런 ㅜㅜ",
            "speaker": {
              "id": "2번",
              "sex": "여성",
              "age": "20대"
            },
            "speechAct": "N/A",
            "morpheme": "키키이런ㅜㅜ/UNKNOWN"
          },
          {
            "id": 12,
            "text": "2 : 딸 최고라능,",
            "norm_text": "딸 최고라능,",
            "speaker": {
              "id": "2번",
              "sex": "여성",
              "age": "20대"
            },
            "speechAct": "(단언) 주장하기",
            "morpheme": "딸/NNG+최고/NNG+라/VCP+EC+능/NNG+,/SC"
          },
          {
            "id": 13,
            "text": "2 : 아들들 다 어딨어용~!",
            "norm_text": "아들들 다 어딨어용~!",
            "speaker": {
              "id": "2번",
              "sex": "여성",
              "age": "20대"
            },
            "speechAct": "(단언) 주장하기",
            "morpheme": "아들/NNG+들/XSN+다/MAG+어딨/VA+어용/EC+~/SY"
          },
          {
            "id": 14,
            "text": "3 : 키키 딸이 최고여 역시...",
            "norm_text": "키키 딸이 최고여 역시...",
            "speaker": {
              "id": "3번",
              "sex": "남성",
              "age": "20대"
            },
            "speechAct": "(단언) 주장하기",
            "morpheme": "키키딸이최고여역시/UNKNOWN+./SY"
          },
          {
            "id": 15,
            "text": "3 : 남자로서 아들은 별로... ㅎ",
            "norm_text": "남자로서 아들은 별로... ㅎ",
            "speaker": {
              "id": "3번",
              "sex": "남성",
              "age": "20대"
            },
            "speechAct": "(단언) 주장하기",
            "morpheme": "남자/NNG+로서/JKB+아들/NNG+은/JX+별로/MAG+./SY+ㅎ/XSA"
          },
          {
            "id": 16,
            "text": "1 : 키키 강제 노동하고 와서 효녀 됐네 키키",
            "norm_text": "키키 강제 노동하고 와서 효녀 됐네 키키",
            "speaker": {
              "id": "1번",
              "sex": "여성",
              "age": "20대"
            },
            "speechAct": "(단언) 주장하기",
            "morpheme": "키/NNG+키/NNG+강제/NNG+노동/NNG+하/XSV+고/EC+와서/VV+EC+효녀/NNG+됐/XSV+EP+네/EF+키/NNG+키/XSV+ETN"
          },
          {
            "id": 17,
            "text": "2 : 키키 효녀 호칭 강제 획득!",
            "norm_text": "키키 효녀 호칭 강제 획득!",
            "speaker": {
              "id": "2번",
              "sex": "여성",
              "age": "20대"
            },
            "speechAct": "(단언) 주장하기",
            "morpheme": "키/NNG+키/NNG+효녀/NNG+호칭/NNG+강제/NNG+획득/NNG"
          },
          {
            "id": 18,
            "text": "2 : 나도 오늘 울 개랑 엄마 마중 나감",
            "norm_text": "나도 오늘 울 개랑 엄마 마중 나감",
            "speaker": {
              "id": "2번",
              "sex": "여성",
              "age": "20대"
            },
            "speechAct": "(단언) 진술하기",
            "morpheme": "나/NP+도/JX+오늘/NNG+울/JKO+개/NNBC+랑/JKB+엄마/NNG+마중/NNG+나감/NNG"
          },
          {
            "id": 19,
            "text": "3 : 나두 한번 나가야는데 바빠서 혼자만 호다닥이네",
            "norm_text": "나두 한번 나가야는데 바빠서 혼자만 호다닥이네",
            "speaker": {
              "id": "3번",
              "sex": "남성",
              "age": "20대"
            },
            "speechAct": "(단언) 주장하기",
            "morpheme": "나/NP+두/JX+한번/MAG+나가/VV+야/EC+VX+는/ETM+데/NNB+바빠서/VA+EC+혼자/NNG+만호/NNG+다닥/MAG+이/NP+네/XSN"
          },
          {
            "id": 20,
            "text": "1 : 올 키키 강쥐랑 엄니 좋아하시겠네",
            "norm_text": "올 키키 강쥐랑 엄니 좋아하시겠네",
            "speaker": {
              "id": "1번",
              "sex": "여성",
              "age": "20대"
            },
            "speechAct": "(단언) 주장하기",
            "morpheme": "올키/NNG+키/NNG+강/NNG+쥐/NNG+랑/JKB+엄니/NNG+좋/VA+아/EC+하/VX+시/EP+겠/EP+네/EF"
          },
          {
            "id": 21,
            "text": "2 : 웅~ 둘이 이산가족 상봉이여~",
            "norm_text": "웅~ 둘이 이산가족 상봉이여~",
            "speaker": {
              "id": "2번",
              "sex": "여성",
              "age": "20대"
            },
            "speechAct": "(단언) 주장하기",
            "morpheme": "웅/NNG+~/SY+둘/NR+이/NR+이산가족/NNG+상봉/NNG+이/VCP+여/EC+~/SY"
          },
          {
            "id": 22,
            "text": "2 : 나는 구경꾼 키키",
            "norm_text": "나는 구경꾼 키키",
            "speaker": {
              "id": "2번",
              "sex": "여성",
              "age": "20대"
            },
            "speechAct": "(단언) 주장하기",
            "morpheme": "나/NP+는/JX+구경/NNG+꾼/XSN+키/NNG+키/XSV+ETN"
          },
          {
            "id": 23,
            "text": "3 : 키키 사이좋으면 좋지!",
            "norm_text": "키키 사이좋으면 좋지!",
            "speaker": {
              "id": "3번",
              "sex": "남성",
              "age": "20대"
            },
            "speechAct": "(단언) 주장하기",
            "morpheme": "키/NNG+키/NNG+사이/NNG+좋/VA+으면/EC+좋/VA+지/EF"
          },
          {
            "id": 24,
            "text": "3 : 분위기 좋당",
            "norm_text": "분위기 좋당",
            "speaker": {
              "id": "3번",
              "sex": "남성",
              "age": "20대"
            },
            "speechAct": "(단언) 주장하기",
            "morpheme": "분위기/NNG+좋/VA+당/EF"
          },
          {
            "id": 25,
            "text": "1 : 그니깐 날 추운데 아주 훈훈하구만",
            "norm_text": "그니깐 날 추운데 아주 훈훈하구만",
            "speaker": {
              "id": "1번",
              "sex": "여성",
              "age": "20대"
            },
            "speechAct": "(단언) 주장하기",
            "morpheme": "그니깐/MAJ+날/NP+JKO+추운데/VA+EC+아주/MAG+훈훈/XR+하/XSA+구만/EC"
          },
          {
            "id": 26,
            "text": "2 : 키키 응,추웠어,",
            "norm_text": "키키 응,추웠어,",
            "speaker": {
              "id": "2번",
              "sex": "여성",
              "age": "20대"
            },
            "speechAct": "(단언) 주장하기",
            "morpheme": "키/NNG+키/XSV+ETN+응/IC+,/SC+추웠/VA+EP+어/EF+,/SC"
          },
          {
            "id": 27,
            "text": "2 : 하지만 가족들이 행복하다면야,^^",
            "norm_text": "하지만 가족들이 행복하다면야,^^",
            "speaker": {
              "id": "2번",
              "sex": "여성",
              "age": "20대"
            },
            "speechAct": "(단언) 주장하기",
            "morpheme": "하지만/MAJ+가족/NNG+들/XSN+이/JKS+행복/NNG+하/XSV+다면야/EC+,/SC+^/SY+^/SY"
          },
          {
            "id": 28,
            "text": "3 : 키키 나를 희생해서 행복을 가져와버렸네",
            "norm_text": "키키 나를 희생해서 행복을 가져와버렸네",
            "speaker": {
              "id": "3번",
              "sex": "남성",
              "age": "20대"
            },
            "speechAct": "(단언) 주장하기",
            "morpheme": "키/NNG+키나/NNG+를/JKO+희생/NNG+해서/XSV+EC+행복/NNG+을/JKO+가져와/VV+EC+버렸/VX+EP+네/EF"
          }
        ]
      }
    }
  ]
}