{
  "dataset": {
    "identifier": 114580,
    "name": "BAND_41_08_set",
    "src_path": "/data/file/cubeManager/PROJECT001/80/txt20211102154324015053/BAND_41_08_set/",
    "label_path": "/data/file/cubeManager/PROJECT001/80/txt20211102154324015053/BAND_41_08_set/",
    "category": 2,
    "type": 0
  },
  "licenses": {
    "name": "Apache License 1.0",
    "url": "http://www.apache.org/licenses/LICENSE-1.0"
  },
  "info": [
    {
      "id": 130292,
      "filename": "BAND_41_08.txt",
      "title": "BAND_41_08",
      "mediatype": "SNS",
      "medianame": "네이버밴드",
      "category": "일상대화",
      "date": "2021-11-02",
      "size": 465,
      "annotations": {
        "subject": "연애/결혼",
        "speaker_type": "다자간 대화",
        "size": 465,
        "word_size": 156,
        "text": "1 : 최근에 다녀온 결혼식이 언제야?\n2 : 음 나는 작년에 갔다 왔어\n3 : 나는 재작년에 간 게 끝이야\n1 : 오 누구 결혼식 다녀왔어?\n2 : 나는 나이가 좀 있다 보니 주변 친구들 한 명씩 가기 시작하더라 키키\n3 : 나는 친척 결혼식인데 누군지도 모르겠더라\n1 : 나도 작년에 친구 결혼식이 마지막이다\n2 : 나는 다음 달에 또 결혼식 가야 해\n3 : 축의금도 내다 보면 많이 나가지\n1 : 친구들도 한두 명씩 떠나가는 거 같아 ㅜㅜ\n2 : 맞어 ㅠㅠ\n2 : 나는 언제쯤 갈라나 에혀 ㅠㅠ\n3 : 내 신부는 태어나긴 했을까\n1 : 키키 다들 재밌네 키키\n1 : 나는 언제 할라나 궁금하네\n2 : 이제 내 주변 친구들은 한 명씩 유부남 유부녀 되는데 큰일이네 키키\n3 : 포기하는 게 편할지도 몰라\n1 : 제일 친한 친구도 얼마 전에 식장 예약하고 왔어 ㅠㅠ\n2 : 그러니깐\n2 : 다 가는데… 우리도 언젠간 가겠지?\n3 : 좋은 사람 만나서 갈 거야 아마두",
        "lines": [
          {
            "id": 1,
            "text": "1 : 최근에 다녀온 결혼식이 언제야?",
            "norm_text": "최근에 다녀온 결혼식이 언제야?",
            "speaker": {
              "id": "1번",
              "sex": "여성",
              "age": "20대"
            },
            "speechAct": "N/A",
            "morpheme": "최근/NNG+에/JKB+다녀온/VV+ETM+결혼식/NNG+이/JKS+언제/NP+야/VCP+EF"
          },
          {
            "id": 2,
            "text": "2 : 음 나는 작년에 갔다 왔어",
            "norm_text": "음 나는 작년에 갔다 왔어",
            "speaker": {
              "id": "2번",
              "sex": "남성",
              "age": "20대"
            },
            "speechAct": "(단언) 진술하기",
            "morpheme": "음/IC+나/NP+는/JX+작년/NNG+에/JKB+갔다왔/VV+EP+어/EC"
          },
          {
            "id": 3,
            "text": "3 : 나는 재작년에 간 게 끝이야",
            "norm_text": "나는 재작년에 간 게 끝이야",
            "speaker": {
              "id": "3번",
              "sex": "남성",
              "age": "20대"
            },
            "speechAct": "(단언) 진술하기",
            "morpheme": "나/NP+는/JX+재작년/NNG+에/JKB+간/VV+ETM+게/NNB+JKS+끝/NNG+이/VCP+야/EC"
          },
          {
            "id": 4,
            "text": "1 : 오 누구 결혼식 다녀왔어?",
            "norm_text": "오 누구 결혼식 다녀왔어?",
            "speaker": {
              "id": "1번",
              "sex": "여성",
              "age": "20대"
            },
            "speechAct": "(지시) 질문하기",
            "morpheme": "오/IC+누구/NP+결혼식/NNG+다녀왔/VV+EP+어/EF"
          },
          {
            "id": 5,
            "text": "2 : 나는 나이가 좀 있다 보니 주변 친구들 한 명씩 가기 시작하더라 키키",
            "norm_text": "나는 나이가 좀 있다 보니 주변 친구들 한 명씩 가기 시작하더라 키키",
            "speaker": {
              "id": "2번",
              "sex": "남성",
              "age": "20대"
            },
            "speechAct": "(단언) 진술하기",
            "morpheme": "나/NP+는/JX+나이/NNG+가/JKS+좀/MAG+있/VA+다/EC+보/VX+니/EC+주변/NNG+친구/NNG+들/XSN+한/MM+명/NNBC+씩/XSN+가/VV+기/ETN+시작/NNG+하/XSV+더라/EC+키/NNG+키/XSV+ETN"
          },
          {
            "id": 6,
            "text": "3 : 나는 친척 결혼식인데 누군지도 모르겠더라",
            "norm_text": "나는 친척 결혼식인데 누군지도 모르겠더라",
            "speaker": {
              "id": "3번",
              "sex": "남성",
              "age": "20대"
            },
            "speechAct": "(단언) 진술하기",
            "morpheme": "나/NP+는/JX+친척/NNG+결혼식/NNG+인데/VCP+EC+누군지/NP+VCP+EC+도/JX+모르/VV+겠/EP+더라/EC"
          },
          {
            "id": 7,
            "text": "1 : 나도 작년에 친구 결혼식이 마지막이다",
            "norm_text": "나도 작년에 친구 결혼식이 마지막이다",
            "speaker": {
              "id": "1번",
              "sex": "여성",
              "age": "20대"
            },
            "speechAct": "(단언) 진술하기",
            "morpheme": "나/NP+도/JX+작년/NNG+에/JKB+친구/NNG+결혼식/NNG+이/JKS+마지막/NNG+이/VCP+다/EC"
          },
          {
            "id": 8,
            "text": "2 : 나는 다음 달에 또 결혼식 가야 해",
            "norm_text": "나는 다음 달에 또 결혼식 가야 해",
            "speaker": {
              "id": "2번",
              "sex": "남성",
              "age": "20대"
            },
            "speechAct": "(단언) 진술하기",
            "morpheme": "나/NP+는/JX+다음/NNG+달/NNG+에/JKB+또/MAG+결혼식/NNG+가/VV+야/EC+해/VV+EC"
          },
          {
            "id": 9,
            "text": "3 : 축의금도 내다 보면 많이 나가지",
            "norm_text": "축의금도 내다 보면 많이 나가지",
            "speaker": {
              "id": "3번",
              "sex": "남성",
              "age": "20대"
            },
            "speechAct": "(단언) 진술하기",
            "morpheme": "축의금/NNG+도/JX+내다보/VV+면/EC+많이/MAG+나가/VV+지/EC"
          },
          {
            "id": 10,
            "text": "1 : 친구들도 한두 명씩 떠나가는 거 같아 ㅜㅜ",
            "norm_text": "친구들도 한두 명씩 떠나가는 거 같아 ㅜㅜ",
            "speaker": {
              "id": "1번",
              "sex": "여성",
              "age": "20대"
            },
            "speechAct": "(단언) 진술하기",
            "morpheme": "친구/NNG+들/XSN+도/JX+한두/MM+명/NNBC+씩/XSN+떠나가/VV+는/ETM+거/NNB+같/VA+아/EC+ㅜㅜ/UNKNOWN"
          },
          {
            "id": 11,
            "text": "2 : 맞어 ㅠㅠ",
            "norm_text": "맞어 ㅠㅠ",
            "speaker": {
              "id": "2번",
              "sex": "남성",
              "age": "20대"
            },
            "speechAct": "(단언) 주장하기",
            "morpheme": "맞어ㅠㅠ/UNKNOWN"
          },
          {
            "id": 12,
            "text": "2 : 나는 언제쯤 갈라나 에혀 ㅠㅠ",
            "norm_text": "나는 언제쯤 갈라나 에혀 ㅠㅠ",
            "speaker": {
              "id": "2번",
              "sex": "남성",
              "age": "20대"
            },
            "speechAct": "(지시) 질문하기",
            "morpheme": "나/NP+는/JX+언제/NP+쯤/XSN+갈라/VV+EC+나/NP+에/JKB+혀/VV+EC+ㅠㅠ/UNKNOWN"
          },
          {
            "id": 13,
            "text": "3 : 내 신부는 태어나긴 했을까",
            "norm_text": "내 신부는 태어나긴 했을까",
            "speaker": {
              "id": "3번",
              "sex": "남성",
              "age": "20대"
            },
            "speechAct": "(지시) 질문하기",
            "morpheme": "내/NP+JKG+신부/NNG+는/JX+태어나/VV+긴/ETN+JX+했을까/VX+EP+EC"
          },
          {
            "id": 14,
            "text": "1 : 키키 다들 재밌네 키키",
            "norm_text": "키키 다들 재밌네 키키",
            "speaker": {
              "id": "1번",
              "sex": "여성",
              "age": "20대"
            },
            "speechAct": "(단언) 진술하기",
            "morpheme": "키/NNG+키/VV+다/EC+들/XSN+재밌/VA+네/EF+키/NNG+키/XSV+ETN"
          },
          {
            "id": 15,
            "text": "1 : 나는 언제 할라나 궁금하네",
            "norm_text": "나는 언제 할라나 궁금하네",
            "speaker": {
              "id": "1번",
              "sex": "여성",
              "age": "20대"
            },
            "speechAct": "(단언) 진술하기",
            "morpheme": "나/NP+는/JX+언제/MAG+할라/VV+EC+나/VX+궁금/XR+하/XSA+네/EC"
          },
          {
            "id": 16,
            "text": "2 : 이제 내 주변 친구들은 한 명씩 유부남 유부녀 되는데 큰일이네 키키",
            "norm_text": "이제 내 주변 친구들은 한 명씩 유부남 유부녀 되는데 큰일이네 키키",
            "speaker": {
              "id": "2번",
              "sex": "남성",
              "age": "20대"
            },
            "speechAct": "(단언) 진술하기",
            "morpheme": "이제/MAG+내/NP+JKG+주변/NNG+친구/NNG+들/XSN+은/JX+한/MM+명/NNBC+씩/XSN+유부남/NNG+유부녀/NNG+되/XSV+는/ETM+데/NNB+큰일/NNG+이/JKS+네/MM+키/NNG+키/XSV+ETN"
          },
          {
            "id": 17,
            "text": "3 : 포기하는 게 편할지도 몰라",
            "norm_text": "포기하는 게 편할지도 몰라",
            "speaker": {
              "id": "3번",
              "sex": "남성",
              "age": "20대"
            },
            "speechAct": "(단언) 진술하기",
            "morpheme": "포기/NNG+하/XSV+는/ETM+게/NNB+JKS+편할지/VA+EC+도/JX+몰라/VV+EC"
          },
          {
            "id": 18,
            "text": "1 : 제일 친한 친구도 얼마 전에 식장 예약하고 왔어 ㅠㅠ",
            "norm_text": "제일 친한 친구도 얼마 전에 식장 예약하고 왔어 ㅠㅠ",
            "speaker": {
              "id": "1번",
              "sex": "여성",
              "age": "20대"
            },
            "speechAct": "(단언) 진술하기",
            "morpheme": "제일/MAG+친한/VA+ETM+친구/NNG+도/JX+얼마/NNG+전/NNG+에/JKB+식장/NNG+예약/NNG+하/XSV+고/EC+왔/VX+EP+어/EF+ㅠㅠ/UNKNOWN"
          },
          {
            "id": 19,
            "text": "2 : 그러니깐",
            "norm_text": "그러니깐",
            "speaker": {
              "id": "2번",
              "sex": "남성",
              "age": "20대"
            },
            "speechAct": "(단언) 주장하기",
            "morpheme": "그러/VV+니깐/EC"
          },
          {
            "id": 20,
            "text": "2 : 다 가는데… 우리도 언젠간 가겠지?",
            "norm_text": "다 가는데… 우리도 언젠간 가겠지?",
            "speaker": {
              "id": "2번",
              "sex": "남성",
              "age": "20대"
            },
            "speechAct": "(지시) 질문하기",
            "morpheme": "다/MAG+가/VV+는데/EC+…/SE+우리/NP+도/JX+언젠간/MAG+JX+가/VV+겠/EP+지/EF"
          },
          {
            "id": 21,
            "text": "3 : 좋은 사람 만나서 갈 거야 아마두",
            "norm_text": "좋은 사람 만나서 갈 거야 아마두",
            "speaker": {
              "id": "3번",
              "sex": "남성",
              "age": "20대"
            },
            "speechAct": "(단언) 진술하기",
            "morpheme": "좋/VA+은/ETM+사람/NNG+만나/VV+서/EC+갈/VX+ETM+거/NNB+야/VCP+EF+아마/MAG+두/MM"
          }
        ]
      }
    }
  ]
}