{
  "dataset": {
    "identifier": 20900,
    "name": "BAND_26_11_set",
    "src_path": "/data/file/cubeManager/PROJECT001/49/txt202109161406440428100/BAND_26_11_set/",
    "label_path": "/data/file/cubeManager/PROJECT001/49/txt202109161406440428100/BAND_26_11_set/",
    "category": 2,
    "type": 0
  },
  "licenses": {
    "name": "Apache License 1.0",
    "url": "http://www.apache.org/licenses/LICENSE-1.0"
  },
  "info": [
    {
      "id": 27921,
      "filename": "BAND_26_11.txt",
      "title": "BAND_26_11",
      "mediatype": "SNS",
      "medianame": "네이버밴드",
      "category": "일상대화",
      "date": "2021-09-16",
      "size": 410,
      "annotations": {
        "subject": "게임",
        "speaker_type": "1:1",
        "size": 410,
        "word_size": 134,
        "text": "1 : 너 베그 좋아한다고 했나?\n2 : 응 맞아 모바일로 하거든\n1 : 아 모바일이면 내 사촌동생 진짜 잘하는데!\n2 : 아 진짜 부럽다. 나는 거의 숨어있어 키키\n1 : 존버했다가 나중에 남은 애 죽이는 거야?\n2 : 존버하다가 3명 정도 남았을 때 쪼금씩 기어나가는 거지\n1 : 그거 동작법은 어떻게 돼?\n2 : 동작법 손가락 마구잡이로 움직이면 돼 키키 간단혀\n1 : 키키 그래? 예전에 쿠키런 생각난다!\n2 : 아 그거랑 별반 다를 게 없지 키키\n1 : 너 쿠키런 해 봤어?\n2 : 그럼 학창 시절에 국룰이었지 쉬는 시간마다\n1 : 헐 너네는 핸드폰 반납 안 했어?\n2 : 어 중학생 때는 했는데 고등학생 때는 그냥 앞에다가 놔뒀어\n1 : 헐 나는 고딩 때도 해서 그런 추억이 없다 ㅜㅜ\n2 : ㅠㅠ 슬프네 아쉽다 그런 게 있어야 학교 다닐 맛이 나지",
        "lines": [
          {
            "id": 1,
            "text": "1 : 너 베그 좋아한다고 했나?",
            "norm_text": "너 베그 좋아한다고 했나?",
            "speaker": {
              "id": "1번",
              "sex": "여성",
              "age": "20대"
            },
            "speechAct": "(지시) 질문하기",
            "morpheme": "너/NP+베/VV+EC+그/MM+좋/VA+아/EC+한다고/VX+EC+했/VX+EP+나/EF"
          },
          {
            "id": 2,
            "text": "2 : 응 맞아 모바일로 하거든",
            "norm_text": "응 맞아 모바일로 하거든",
            "speaker": {
              "id": "2번",
              "sex": "여성",
              "age": "20대"
            },
            "speechAct": "(단언) 주장하기",
            "morpheme": "응/IC+맞아/IC+모바일/NNP+로/JKB+하/VV+거든/EC"
          },
          {
            "id": 3,
            "text": "1 : 아 모바일이면 내 사촌동생 진짜 잘하는데!",
            "norm_text": "아 모바일이면 내 사촌동생 진짜 잘하는데!",
            "speaker": {
              "id": "1번",
              "sex": "여성",
              "age": "20대"
            },
            "speechAct": "(단언) 주장하기",
            "morpheme": "아/IC+모바일/NNP+이/VCP+면/EC+내사/NNP+촌동/NNG+생/XSN+진짜/MAG+잘/MAG+하/VV+는데/EC"
          },
          {
            "id": 4,
            "text": "2 : 아 진짜 부럽다. 나는 거의 숨어있어 키키",
            "norm_text": "아 진짜 부럽다. 나는 거의 숨어있어 키키",
            "speaker": {
              "id": "2번",
              "sex": "여성",
              "age": "20대"
            },
            "speechAct": "(단언) 주장하기",
            "morpheme": "아/IC+진짜/MAG+부럽/VA+다/EF+나/NP+는/JX+거의/MAG+숨/VV+어/EC+있/VX+어/EC+키/NNG+키/XSV+ETN"
          },
          {
            "id": 5,
            "text": "1 : 존버했다가 나중에 남은 애 죽이는 거야?",
            "norm_text": "존버했다가 나중에 남은 애 죽이는 거야?",
            "speaker": {
              "id": "1번",
              "sex": "여성",
              "age": "20대"
            },
            "speechAct": "(단언) 주장하기",
            "morpheme": "존/NNP+버/NNP+했/VV+EP+다가/EC+나중/NNG+에/JKB+남/VV+은/ETM+애/NNG+죽이/VV+는/ETM+거/NNB+야/VCP+EF"
          },
          {
            "id": 6,
            "text": "2 : 존버하다가 3명 정도 남았을 때 쪼금씩 기어나가는 거지",
            "norm_text": "존버하다가 3명 정도 남았을 때 쪼금씩 기어나가는 거지",
            "speaker": {
              "id": "2번",
              "sex": "여성",
              "age": "20대"
            },
            "speechAct": "(단언) 주장하기",
            "morpheme": "존/NNP+버/NNP+하/VV+다가/EC+3/SN+명/NNBC+정도/NNG+남/VV+았/EP+을/ETM+때/NNG+쪼금/NNG+씩/XSN+기/VV+어/EC+나가/VX+는/ETM+거/NNB+지/VCP+EC"
          },
          {
            "id": 7,
            "text": "1 : 그거 동작법은 어떻게 돼?",
            "norm_text": "그거 동작법은 어떻게 돼?",
            "speaker": {
              "id": "1번",
              "sex": "여성",
              "age": "20대"
            },
            "speechAct": "(지시) 질문하기",
            "morpheme": "그거/NP+동작/NNG+법/NNG+은/JX+어떻게/MAG+돼/VV+EF"
          },
          {
            "id": 8,
            "text": "2 : 동작법 손가락 마구잡이로 움직이면 돼 키키 간단혀",
            "norm_text": "동작법 손가락 마구잡이로 움직이면 돼 키키 간단혀",
            "speaker": {
              "id": "2번",
              "sex": "여성",
              "age": "20대"
            },
            "speechAct": "(단언) 주장하기",
            "morpheme": "동작/NNG+법/NNG+손가락/NNG+마구잡이/NNG+로/JKB+움직이/VV+면/EC+돼/VV+EC+키/NNG+키/XSV+ETN+간단/XR+혀/XSA+EC"
          },
          {
            "id": 9,
            "text": "1 : 키키 그래? 예전에 쿠키런 생각난다!",
            "norm_text": "키키 그래? 예전에 쿠키런 생각난다!",
            "speaker": {
              "id": "1번",
              "sex": "여성",
              "age": "20대"
            },
            "speechAct": "(단언) 주장하기",
            "morpheme": "키/NNG+키/XSV+ETN+그래/VV+EF+예전/NNG+에/JKB+쿠키/NNG+런/VCP+ETM+생각/NNG+난다/VV+EF"
          },
          {
            "id": 10,
            "text": "2 : 아 그거랑 별반 다를 게 없지 키키",
            "norm_text": "아 그거랑 별반 다를 게 없지 키키",
            "speaker": {
              "id": "2번",
              "sex": "여성",
              "age": "20대"
            },
            "speechAct": "(단언) 주장하기",
            "morpheme": "아/IC+그거/NP+랑/JKB+별반/MAG+다를/VA+ETM+게/NNB+JKS+없/VA+지/EC+키/NNG+키/XSV+ETN"
          },
          {
            "id": 11,
            "text": "1 : 너 쿠키런 해 봤어?",
            "norm_text": "너 쿠키런 해 봤어?",
            "speaker": {
              "id": "1번",
              "sex": "여성",
              "age": "20대"
            },
            "speechAct": "(지시) 질문하기",
            "morpheme": "너/NP+쿠키/NNG+런/NNG+해/XSV+EC+봤/VX+EP+어/EF"
          },
          {
            "id": 12,
            "text": "2 : 그럼 학창 시절에 국룰이었지 쉬는 시간마다",
            "norm_text": "그럼 학창 시절에 국룰이었지 쉬는 시간마다",
            "speaker": {
              "id": "2번",
              "sex": "여성",
              "age": "20대"
            },
            "speechAct": "(단언) 주장하기",
            "morpheme": "그럼/MAJ+학창/NNG+시절/NNG+에/JKB+국/NNG+룰/NNG+이/VCP+었/EP+지/EC+쉬/VV+는/ETM+시간/NNG+마다/JX"
          },
          {
            "id": 13,
            "text": "1 : 헐 너네는 핸드폰 반납 안 했어?",
            "norm_text": "헐 너네는 핸드폰 반납 안 했어?",
            "speaker": {
              "id": "1번",
              "sex": "여성",
              "age": "20대"
            },
            "speechAct": "(지시) 질문하기",
            "morpheme": "헐/IC+너/NP+네/XSN+는/JX+핸드폰/NNG+반납/NNG+안/MAG+했/VV+EP+어/EF"
          },
          {
            "id": 14,
            "text": "2 : 어 중학생 때는 했는데 고등학생 때는 그냥 앞에다가 놔뒀어",
            "norm_text": "어 중학생 때는 했는데 고등학생 때는 그냥 앞에다가 놔뒀어",
            "speaker": {
              "id": "2번",
              "sex": "여성",
              "age": "20대"
            },
            "speechAct": "(단언) 진술하기",
            "morpheme": "어/IC+중학생/NNG+때/NNG+는/JX+했/VV+EP+는데/EC+고등/NNG+학생/NNG+때/NNG+는/JX+그냥/MAG+앞/NNG+에다가/JKB+놔뒀/VV+EP+어/EC"
          },
          {
            "id": 15,
            "text": "1 : 헐 나는 고딩 때도 해서 그런 추억이 없다 ㅜㅜ",
            "norm_text": "헐 나는 고딩 때도 해서 그런 추억이 없다 ㅜㅜ",
            "speaker": {
              "id": "1번",
              "sex": "여성",
              "age": "20대"
            },
            "speechAct": "(단언) 주장하기",
            "morpheme": "헐/IC+나/NP+는/JX+고딩/NNP+때/NNG+도/JX+해서/VV+EC+그런/MM+추억/NNG+이/JKS+없/VA+다/EF+ㅜㅜ/UNKNOWN"
          },
          {
            "id": 16,
            "text": "2 : ㅠㅠ 슬프네 아쉽다 그런 게 있어야 학교 다닐 맛이 나지",
            "norm_text": "ㅠㅠ 슬프네 아쉽다 그런 게 있어야 학교 다닐 맛이 나지",
            "speaker": {
              "id": "2번",
              "sex": "여성",
              "age": "20대"
            },
            "speechAct": "(단언) 주장하기",
            "morpheme": "ㅠㅠ/UNKNOWN+슬프/VA+네/EF+아쉽/VA+다/EF+그런/MM+게/NNB+JKS+있/VA+어야/EC+학교/NNG+다닐/VV+ETM+맛/NNG+이/JKS+나/VV+지/EC"
          }
        ]
      }
    }
  ]
}