{
  "dataset": {
    "identifier": 20940,
    "name": "BAND_26_02_set",
    "src_path": "/data/file/cubeManager/PROJECT001/49/txt20210916140644036467/BAND_26_02_set/",
    "label_path": "/data/file/cubeManager/PROJECT001/49/txt20210916140644036467/BAND_26_02_set/",
    "category": 2,
    "type": 0
  },
  "licenses": {
    "name": "Apache License 1.0",
    "url": "http://www.apache.org/licenses/LICENSE-1.0"
  },
  "info": [
    {
      "id": 27912,
      "filename": "BAND_26_02.txt",
      "title": "BAND_26_02",
      "mediatype": "SNS",
      "medianame": "네이버밴드",
      "category": "일상대화",
      "date": "2021-09-16",
      "size": 415,
      "annotations": {
        "subject": "주거와 생활",
        "speaker_type": "1:1",
        "size": 415,
        "word_size": 139,
        "text": "1 : 요즘에도 집콕 생활하고 있어?\n2 : 어 그렇지 집 밖에 못 나가니까 키키\n1 : 문경도 지금 4단계로 격상했어?\n2 : 아마 그럴 거야 근데 단계가 무슨 소용인지\n1 : 그래도 전보다는 낫지 않을까?\n2 : 글치 사람마다 근데 생각이 다른 듯\n1 : 그건 그래\n1 : 집에만 있으니까 안 답답해?\n2 : 답답해 창문을 아주 활짝 열고 있단다.\n1 : 맞아 창문이라도 열어야지\n1 : 나는 창문 열었더니 공사 소리 들려서 ㅜㅜ\n2 : 헐 아직도 공사? 근데 요즘 나도 공사 소리 땜에 시끄러워\n1 : 여기 완공되려면 한 달은 더 걸릴걸?\n2 : 하 진짜? 너무 한데 그때까지 ㅜㅜ\n1 : 그래서 그때 참외 한 박스 뇌물로 주더라 키키\n2 : 아 들었다 들었어 맛있었어?\n1 : 응 근데 혼자 먹으니까 나중에는 다 썩었어 ㅜ\n2 : 하 혼자 살면 그게 또 문제네 ㅜㅜ",
        "lines": [
          {
            "id": 1,
            "text": "1 : 요즘에도 집콕 생활하고 있어?",
            "norm_text": "요즘에도 집콕 생활하고 있어?",
            "speaker": {
              "id": "1번",
              "sex": "여성",
              "age": "20대"
            },
            "speechAct": "(지시) 질문하기",
            "morpheme": "요즘/NNG+에/JKB+도/JX+집/NNG+콕/MAG+생활/NNG+하/XSV+고/EC+있/VX+어/EF"
          },
          {
            "id": 2,
            "text": "2 : 어 그렇지 집 밖에 못 나가니까 키키",
            "norm_text": "어 그렇지 집 밖에 못 나가니까 키키",
            "speaker": {
              "id": "2번",
              "sex": "여성",
              "age": "20대"
            },
            "speechAct": "(단언) 주장하기",
            "morpheme": "어/IC+그렇/VA+지/EC+집/NNG+밖에/JX+못/MAG+나가/VV+니까/EC+키/NNG+키/XSV+ETN"
          },
          {
            "id": 3,
            "text": "1 : 문경도 지금 4단계로 격상했어?",
            "norm_text": "문경도 지금 4단계로 격상했어?",
            "speaker": {
              "id": "1번",
              "sex": "여성",
              "age": "20대"
            },
            "speechAct": "(지시) 질문하기",
            "morpheme": "문경/NNG+도/JX+지금/MAG+4/SN+단계/NNG+로/JKB+격상/NNG+했/XSV+EP+어/EF"
          },
          {
            "id": 4,
            "text": "2 : 아마 그럴 거야 근데 단계가 무슨 소용인지",
            "norm_text": "아마 그럴 거야 근데 단계가 무슨 소용인지",
            "speaker": {
              "id": "2번",
              "sex": "여성",
              "age": "20대"
            },
            "speechAct": "(단언) 주장하기",
            "morpheme": "아마/MAG+그럴/VA+ETM+거/NNB+야/VCP+EF+근데/MAJ+단계/NNG+가/JKS+무슨/MM+소용/NNG+인지/VCP+EC"
          },
          {
            "id": 5,
            "text": "1 : 그래도 전보다는 낫지 않을까?",
            "norm_text": "그래도 전보다는 낫지 않을까?",
            "speaker": {
              "id": "1번",
              "sex": "여성",
              "age": "20대"
            },
            "speechAct": "(단언) 주장하기",
            "morpheme": "그래도/MAJ+전/NNG+보다/JKB+는/JX+낫/VA+지/EC+않/VX+을까/EF"
          },
          {
            "id": 6,
            "text": "2 : 글치 사람마다 근데 생각이 다른 듯",
            "norm_text": "글치 사람마다 근데 생각이 다른 듯",
            "speaker": {
              "id": "2번",
              "sex": "여성",
              "age": "20대"
            },
            "speechAct": "(단언) 주장하기",
            "morpheme": "글/NNG+치/XSN+사람/NNG+마다/JX+근데/MAJ+생각/NNG+이/JKS+다른/VA+ETM+듯/NNB"
          },
          {
            "id": 7,
            "text": "1 : 그건 그래",
            "norm_text": "그건 그래",
            "speaker": {
              "id": "1번",
              "sex": "여성",
              "age": "20대"
            },
            "speechAct": "(단언) 주장하기",
            "morpheme": "그건/NP+JX+그래/VA+EC"
          },
          {
            "id": 8,
            "text": "1 : 집에만 있으니까 안 답답해?",
            "norm_text": "집에만 있으니까 안 답답해?",
            "speaker": {
              "id": "1번",
              "sex": "여성",
              "age": "20대"
            },
            "speechAct": "(지시) 질문하기",
            "morpheme": "집/NNG+에/JKB+만/JX+있/VX+으니까/EC+안/MAG+답답/XR+해/XSA+EF"
          },
          {
            "id": 9,
            "text": "2 : 답답해 창문을 아주 활짝 열고 있단다.",
            "norm_text": "답답해 창문을 아주 활짝 열고 있단다.",
            "speaker": {
              "id": "2번",
              "sex": "여성",
              "age": "20대"
            },
            "speechAct": "(단언) 주장하기",
            "morpheme": "답답/XR+해/XSA+EC+창문/NNG+을/JKO+아주/MAG+활짝/MAG+열/VV+고/EC+있/VX+단다/EF"
          },
          {
            "id": 10,
            "text": "1 : 맞아 창문이라도 열어야지",
            "norm_text": "맞아 창문이라도 열어야지",
            "speaker": {
              "id": "1번",
              "sex": "여성",
              "age": "20대"
            },
            "speechAct": "(단언) 주장하기",
            "morpheme": "맞/VV+아/EC+창문/NNG+이/VCP+라도/EC+열/VV+어야지/EC"
          },
          {
            "id": 11,
            "text": "1 : 나는 창문 열었더니 공사 소리 들려서 ㅜㅜ",
            "norm_text": "나는 창문 열었더니 공사 소리 들려서 ㅜㅜ",
            "speaker": {
              "id": "1번",
              "sex": "여성",
              "age": "20대"
            },
            "speechAct": "(단언) 진술하기",
            "morpheme": "나/NP+는/JX+창문/NNG+열/VV+었/EP+더니/EC+공사/NNG+소리/NNG+들려서/VV+EC+ㅜㅜ/UNKNOWN"
          },
          {
            "id": 12,
            "text": "2 : 헐 아직도 공사? 근데 요즘 나도 공사 소리 땜에 시끄러워",
            "norm_text": "헐 아직도 공사? 근데 요즘 나도 공사 소리 땜에 시끄러워",
            "speaker": {
              "id": "2번",
              "sex": "여성",
              "age": "20대"
            },
            "speechAct": "(단언) 진술하기",
            "morpheme": "헐/IC+아직/MAG+도/JX+공사/NNG+근데/MAJ+요즘/MAG+나/NP+도/JX+공사/NNG+소리/NNG+땜/NNB+에/JKB+시끄러워/VA+EC"
          },
          {
            "id": 13,
            "text": "1 : 여기 완공되려면 한 달은 더 걸릴걸?",
            "norm_text": "여기 완공되려면 한 달은 더 걸릴걸?",
            "speaker": {
              "id": "1번",
              "sex": "여성",
              "age": "20대"
            },
            "speechAct": "(단언) 주장하기",
            "morpheme": "여기/NP+완공/NNG+되/XSV+려면/EC+한/MM+달/NNG+은/JX+더/MAG+걸릴걸/VV+EF"
          },
          {
            "id": 14,
            "text": "2 : 하 진짜? 너무 한데 그때까지 ㅜㅜ",
            "norm_text": "하 진짜? 너무 한데 그때까지 ㅜㅜ",
            "speaker": {
              "id": "2번",
              "sex": "여성",
              "age": "20대"
            },
            "speechAct": "(단언) 주장하기",
            "morpheme": "하/IC+진짜/MAG+너무/MAG+한데/XSA+EC+그때/NNG+까지/JX+ㅜㅜ/UNKNOWN"
          },
          {
            "id": 15,
            "text": "1 : 그래서 그때 참외 한 박스 뇌물로 주더라 키키",
            "norm_text": "그래서 그때 참외 한 박스 뇌물로 주더라 키키",
            "speaker": {
              "id": "1번",
              "sex": "여성",
              "age": "20대"
            },
            "speechAct": "(단언) 진술하기",
            "morpheme": "그래서/MAJ+그때/NNG+참외/NNG+한/XSA+ETM+박스/NNG+뇌물/NNG+로/JKB+주/VX+더라/EC+키/NNG+키/XSV+ETN"
          },
          {
            "id": 16,
            "text": "2 : 아 들었다 들었어 맛있었어?",
            "norm_text": "아 들었다 들었어 맛있었어?",
            "speaker": {
              "id": "2번",
              "sex": "여성",
              "age": "20대"
            },
            "speechAct": "(지시) 질문하기",
            "morpheme": "아들/NNG+었/EP+다/EC+들/VX+었/EP+어/EC+맛있/VA+었/EP+어/EF"
          },
          {
            "id": 17,
            "text": "1 : 응 근데 혼자 먹으니까 나중에는 다 썩었어 ㅜ",
            "norm_text": "응 근데 혼자 먹으니까 나중에는 다 썩었어 ㅜ",
            "speaker": {
              "id": "1번",
              "sex": "여성",
              "age": "20대"
            },
            "speechAct": "(단언) 진술하기",
            "morpheme": "응/IC+근데/MAJ+혼자/MAG+먹/VV+으니까/EC+나중/NNG+에/JKB+는/JX+다/MAG+썩/VV+었/EP+어ㅜ/UNKNOWN"
          },
          {
            "id": 18,
            "text": "2 : 하 혼자 살면 그게 또 문제네 ㅜㅜ",
            "norm_text": "하 혼자 살면 그게 또 문제네 ㅜㅜ",
            "speaker": {
              "id": "2번",
              "sex": "여성",
              "age": "20대"
            },
            "speechAct": "(단언) 주장하기",
            "morpheme": "하/IC+혼자/MAG+살/VV+면/EC+그게/NP+JKS+또/MAG+문제/NNG+네/XSN+ㅜㅜ/UNKNOWN"
          }
        ]
      }
    }
  ]
}