{
  "dataset": {
    "identifier": 112215,
    "name": "BAND_41_07_set",
    "src_path": "/data/file/cubeManager/PROJECT001/80/txt20211102154324014443/BAND_41_07_set/",
    "label_path": "/data/file/cubeManager/PROJECT001/80/txt20211102154324014443/BAND_41_07_set/",
    "category": 2,
    "type": 0
  },
  "licenses": {
    "name": "Apache License 1.0",
    "url": "http://www.apache.org/licenses/LICENSE-1.0"
  },
  "info": [
    {
      "id": 130291,
      "filename": "BAND_41_07.txt",
      "title": "BAND_41_07",
      "mediatype": "SNS",
      "medianame": "네이버밴드",
      "category": "일상대화",
      "date": "2021-11-02",
      "size": 440,
      "annotations": {
        "subject": "가족",
        "speaker_type": "다자간 대화",
        "size": 440,
        "word_size": 154,
        "text": "1 : 가족여행 가본 적 있어?\n2 : 아니 우리 가족은 다 갠플이라서 같이 뭐 안 해 키키\n3 : 어릴 때 말고는 없는 거 같아\n1 : 키키 난 대학 때 같이 간 게 첨이자 마지막\n2 : 나이 먹으면 더 가족끼리 여행 안 가는 거 같더라\n3 : 원래 나이 먹으면서 더 멀어지지\n1 : 가고 싶어도 시간 맞추기도 힘들고\n2 : 맞어\n2 : 나이 먹을수록 다 같이 시간 맞추기가 힘들어\n3 : 억지로 맞추면 또 싸우지\n1 : 가족사진도 같이 다시 찍고 싶은데 ㅜㅜ\n2 : 맞어\n2 : 우리도 가족사진 없엉\n3 : 가족사진도 찍어야 하는데 그치\n1 : 난 어릴 때 찍은 게 마지막인걸?\n2 : 우리는 한 번도 찍어본 적 없어 키키\n3 : 나도 애기 때 사진만 걸려있어\n1 : 이참에 다들 계획 짜보는 게 어때?\n2 : 우리 부모님 완전 갠플이시라 키키 찍자고 해도 안 찍으실 거 같은데 키키\n3 : 시간도 돈도 여유가 없어서",
        "lines": [
          {
            "id": 1,
            "text": "1 : 가족여행 가본 적 있어?",
            "norm_text": "가족여행 가본 적 있어?",
            "speaker": {
              "id": "1번",
              "sex": "여성",
              "age": "20대"
            },
            "speechAct": "(지시) 질문하기",
            "morpheme": "가족/NNG+여행/NNG+가본/NNG+적/XSN+있/VA+어/EF"
          },
          {
            "id": 2,
            "text": "2 : 아니 우리 가족은 다 갠플이라서 같이 뭐 안 해 키키",
            "norm_text": "아니 우리 가족은 다 갠플이라서 같이 뭐 안 해 키키",
            "speaker": {
              "id": "2번",
              "sex": "남성",
              "age": "20대"
            },
            "speechAct": "(단언) 진술하기",
            "morpheme": "아니/IC+우리/NP+가족/NNG+은/JX+다/MAG+갠/VV+ETM+플/NNG+이/VCP+라서/EC+같이/MAG+뭐/IC+안/MAG+해/VV+EC+키/NNG+키/XSV+ETN"
          },
          {
            "id": 3,
            "text": "3 : 어릴 때 말고는 없는 거 같아",
            "norm_text": "어릴 때 말고는 없는 거 같아",
            "speaker": {
              "id": "3번",
              "sex": "남성",
              "age": "20대"
            },
            "speechAct": "(단언) 진술하기",
            "morpheme": "어릴/VA+ETM+때/NNG+말/VV+고/EC+는/JX+없/VA+는/ETM+거/NNB+같/VA+아/EC"
          },
          {
            "id": 4,
            "text": "1 : 키키 난 대학 때 같이 간 게 첨이자 마지막",
            "norm_text": "키키 난 대학 때 같이 간 게 첨이자 마지막",
            "speaker": {
              "id": "1번",
              "sex": "여성",
              "age": "20대"
            },
            "speechAct": "(단언) 주장하기",
            "morpheme": "키/NNG+키/XSV+ETN+난/VV+ETM+대학/NNG+때/NNG+같이/JKB+간/VV+ETM+게/NNB+JKS+첨/NNG+이/VCP+자/EC+마지막/NNG"
          },
          {
            "id": 5,
            "text": "2 : 나이 먹으면 더 가족끼리 여행 안 가는 거 같더라",
            "norm_text": "나이 먹으면 더 가족끼리 여행 안 가는 거 같더라",
            "speaker": {
              "id": "2번",
              "sex": "남성",
              "age": "20대"
            },
            "speechAct": "(단언) 진술하기",
            "morpheme": "나이/NNG+먹/VV+으면/EC+더/MAG+가족/NNG+끼리/XSN+여행/NNG+안/MAG+가/VV+는/ETM+거/NNB+같/VA+더라/EC"
          },
          {
            "id": 6,
            "text": "3 : 원래 나이 먹으면서 더 멀어지지",
            "norm_text": "원래 나이 먹으면서 더 멀어지지",
            "speaker": {
              "id": "3번",
              "sex": "남성",
              "age": "20대"
            },
            "speechAct": "(단언) 진술하기",
            "morpheme": "원래/MAG+나이/NNG+먹/VV+으면서/EC+더/MAG+멀/VA+어/EC+지/VX+지/EC"
          },
          {
            "id": 7,
            "text": "1 : 가고 싶어도 시간 맞추기도 힘들고",
            "norm_text": "가고 싶어도 시간 맞추기도 힘들고",
            "speaker": {
              "id": "1번",
              "sex": "여성",
              "age": "20대"
            },
            "speechAct": "(단언) 주장하기",
            "morpheme": "가/VV+고/EC+싶/VX+어도/EC+시간/NNG+맞추/VV+기/ETN+도/JX+힘들/VA+고/EC"
          },
          {
            "id": 8,
            "text": "2 : 맞어",
            "norm_text": "맞어",
            "speaker": {
              "id": "2번",
              "sex": "남성",
              "age": "20대"
            },
            "speechAct": "턴토크 사인(관습적 반응)",
            "morpheme": "맞/VV+어/EC"
          },
          {
            "id": 9,
            "text": "2 : 나이 먹을수록 다 같이 시간 맞추기가 힘들어",
            "norm_text": "나이 먹을수록 다 같이 시간 맞추기가 힘들어",
            "speaker": {
              "id": "2번",
              "sex": "남성",
              "age": "20대"
            },
            "speechAct": "(단언) 주장하기",
            "morpheme": "나이/NNG+먹/VV+을수록/EC+다/MAG+같이/MAG+시간/NNG+맞추/VV+기/ETN+가/JKS+힘들/VA+어/EC"
          },
          {
            "id": 10,
            "text": "3 : 억지로 맞추면 또 싸우지",
            "norm_text": "억지로 맞추면 또 싸우지",
            "speaker": {
              "id": "3번",
              "sex": "남성",
              "age": "20대"
            },
            "speechAct": "(단언) 주장하기",
            "morpheme": "억지로/MAG+맞추/VV+면/EC+또/MAG+싸우/VV+지/EC"
          },
          {
            "id": 11,
            "text": "1 : 가족사진도 같이 다시 찍고 싶은데 ㅜㅜ",
            "norm_text": "가족사진도 같이 다시 찍고 싶은데 ㅜㅜ",
            "speaker": {
              "id": "1번",
              "sex": "여성",
              "age": "20대"
            },
            "speechAct": "(단언) 주장하기",
            "morpheme": "가족/NNG+사진/NNG+도/JX+같이/MAG+다시/MAG+찍/VV+고/EC+싶/VX+은데/EC+ㅜㅜ/UNKNOWN"
          },
          {
            "id": 12,
            "text": "2 : 맞어",
            "norm_text": "맞어",
            "speaker": {
              "id": "2번",
              "sex": "남성",
              "age": "20대"
            },
            "speechAct": "턴토크 사인(관습적 반응)",
            "morpheme": "맞/VV+어/EC"
          },
          {
            "id": 13,
            "text": "2 : 우리도 가족사진 없엉",
            "norm_text": "우리도 가족사진 없엉",
            "speaker": {
              "id": "2번",
              "sex": "남성",
              "age": "20대"
            },
            "speechAct": "(단언) 진술하기",
            "morpheme": "우리/NP+도/JX+가족/NNG+사진/NNG+없/VA+엉/EC"
          },
          {
            "id": 14,
            "text": "3 : 가족사진도 찍어야 하는데 그치",
            "norm_text": "가족사진도 찍어야 하는데 그치",
            "speaker": {
              "id": "3번",
              "sex": "남성",
              "age": "20대"
            },
            "speechAct": "(단언) 주장하기",
            "morpheme": "가족/NNG+사진/NNG+도/JX+찍/VV+어야/EC+하/VV+는데/EC+그치/IC"
          },
          {
            "id": 15,
            "text": "1 : 난 어릴 때 찍은 게 마지막인걸?",
            "norm_text": "난 어릴 때 찍은 게 마지막인걸?",
            "speaker": {
              "id": "1번",
              "sex": "여성",
              "age": "20대"
            },
            "speechAct": "(단언) 진술하기",
            "morpheme": "난/NP+JX+어릴/VA+ETM+때/NNG+찍/VV+은/ETM+게/NNB+JKS+마지막/NNG+인걸/VCP+EF"
          },
          {
            "id": 16,
            "text": "2 : 우리는 한 번도 찍어본 적 없어 키키",
            "norm_text": "우리는 한 번도 찍어본 적 없어 키키",
            "speaker": {
              "id": "2번",
              "sex": "남성",
              "age": "20대"
            },
            "speechAct": "(단언) 진술하기",
            "morpheme": "우리/NP+는/JX+한/MM+번/NNBC+도/JX+찍/VV+어/EC+본/VX+ETM+적/NNB+없/VA+어/EC+키/NNG+키/XSV+ETN"
          },
          {
            "id": 17,
            "text": "3 : 나도 애기 때 사진만 걸려있어",
            "norm_text": "나도 애기 때 사진만 걸려있어",
            "speaker": {
              "id": "3번",
              "sex": "남성",
              "age": "20대"
            },
            "speechAct": "(단언) 진술하기",
            "morpheme": "나/NP+도/JX+애기/NNG+때/NNG+사진/NNG+만/JX+걸려/VV+EC+있/VX+어/EC"
          },
          {
            "id": 18,
            "text": "1 : 이참에 다들 계획 짜보는 게 어때?",
            "norm_text": "이참에 다들 계획 짜보는 게 어때?",
            "speaker": {
              "id": "1번",
              "sex": "여성",
              "age": "20대"
            },
            "speechAct": "(지시) 질문하기",
            "morpheme": "이참/NNG+에다/JKB+들/VV+ETM+계획/NNG+짜/VV+EC+보/VX+는/ETM+게/NNB+JKS+어때/VA+EF"
          },
          {
            "id": 19,
            "text": "2 : 우리 부모님 완전 갠플이시라 키키 찍자고 해도 안 찍으실 거 같은데 키키",
            "norm_text": "우리 부모님 완전 갠플이시라 키키 찍자고 해도 안 찍으실 거 같은데 키키",
            "speaker": {
              "id": "2번",
              "sex": "남성",
              "age": "20대"
            },
            "speechAct": "(단언) 진술하기",
            "morpheme": "우리/NP+부모/NNG+님/XSN+완전/MAG+갠/VV+ETM+플/NNG+이/JKS+시라키/NNP+키/NNG+찍/VV+자고/EC+해도/VV+EC+안/MAG+찍/VV+으실/EP+ETM+거/NNB+같/VA+은데/EC+키/NNG+키/XSV+ETN"
          },
          {
            "id": 20,
            "text": "3 : 시간도 돈도 여유가 없어서",
            "norm_text": "시간도 돈도 여유가 없어서",
            "speaker": {
              "id": "3번",
              "sex": "남성",
              "age": "20대"
            },
            "speechAct": "(단언) 진술하기",
            "morpheme": "시간/NNG+도/JX+돈/NNG+도/JX+여유/NNG+가/JKS+없/VA+어서/EC"
          }
        ]
      }
    }
  ]
}