{
  "dataset": {
    "identifier": 51229,
    "name": "BAND_34_06_set",
    "src_path": "/data/file/cubeManager/PROJECT001/53/txt20210928113647094555/BAND_34_06_set/",
    "label_path": "/data/file/cubeManager/PROJECT001/53/txt20210928113647094555/BAND_34_06_set/",
    "category": 2,
    "type": 0
  },
  "licenses": {
    "name": "Apache License 1.0",
    "url": "http://www.apache.org/licenses/LICENSE-1.0"
  },
  "info": [
    {
      "id": 35465,
      "filename": "BAND_34_06.txt",
      "title": "BAND_34_06",
      "mediatype": "SNS",
      "medianame": "네이버밴드",
      "category": "일상대화",
      "date": "2021-09-28",
      "size": 406,
      "annotations": {
        "subject": "교육",
        "speaker_type": "1:1",
        "size": 406,
        "word_size": 127,
        "text": "1 : 오빠! 오빠는 대학교 나왔어?\n2 : 나는 대학교 자퇴하고 사이버대로 졸업했어\n1 : 대학 다녔을 때는 무슨 과였는데?\n2 : 대학교는 로봇자동화과였어 키키 금방 나왔지\n1 : 그렇구나 적성에 안 맞았던 거야?\n2 : 응 잘 안 맞아서 다른 과도 갔는데 그것도 안 맞아서 나왔어 키키\n1 : 그냥 대학 생활이 안 맞았던 건가?\n2 : 응 키키 학교 가다가 다리가 삐어서 그 뒤로 학교 안 갔어\n1 : 그러면 사이버대는 어떻게 나왔어?\n2 : 학점 취득하려고 사이버대로 사회복지과 나왔어\n1 : 사회복지과면 복지사 1급 자격증 있어?\n2 : 2급으로 따고 실무로 1급을 가야 해\n1 : 그렇구나 그래서 지금은 뭐 하는데?\n2 : 지금은 환경 기사로 일하고 있어 키키\n1 : 역시 사람 일은 모르는 거야~\n2 : 맞아 키키 먹고살기만 하면 되지 키키",
        "lines": [
          {
            "id": 1,
            "text": "1 : 오빠! 오빠는 대학교 나왔어?",
            "norm_text": "오빠! 오빠는 대학교 나왔어?",
            "speaker": {
              "id": "1번",
              "sex": "여성",
              "age": "20대"
            },
            "speechAct": "(지시) 질문하기",
            "morpheme": "오빠/NNG+!/SY+오빠/NNG+는/JX+대학교/NNG+나왔/VV+EP+어/EF"
          },
          {
            "id": 2,
            "text": "2 : 나는 대학교 자퇴하고 사이버대로 졸업했어",
            "norm_text": "나는 대학교 자퇴하고 사이버대로 졸업했어",
            "speaker": {
              "id": "2번",
              "sex": "남성",
              "age": "30대"
            },
            "speechAct": "(단언) 진술하기",
            "morpheme": "나/NP+는/JX+대학교/NNG+자퇴/NNG+하/XSV+고/EC+사이버/NNG+대로/JX+졸업/NNG+했/XSV+EP+어/EC"
          },
          {
            "id": 3,
            "text": "1 : 대학 다녔을 때는 무슨 과였는데?",
            "norm_text": "대학 다녔을 때는 무슨 과였는데?",
            "speaker": {
              "id": "1번",
              "sex": "여성",
              "age": "20대"
            },
            "speechAct": "(지시) 질문하기",
            "morpheme": "대학/NNG+다녔/VV+EP+을/ETM+때/NNG+는/JX+무슨/MM+과/NNG+였/VCP+EP+는데/EF"
          },
          {
            "id": 4,
            "text": "2 : 대학교는 로봇자동화과였어 키키 금방 나왔지",
            "norm_text": "대학교는 로봇자동화과였어 키키 금방 나왔지",
            "speaker": {
              "id": "2번",
              "sex": "남성",
              "age": "30대"
            },
            "speechAct": "(단언) 진술하기",
            "morpheme": "대학교/NNG+는/JX+로봇/NNG+자동/NNG+화과/NNG+였/VCP+EP+어/EC+키/NNG+키/NNG+금방/MAG+나왔/VV+EP+지/EC"
          },
          {
            "id": 5,
            "text": "1 : 그렇구나 적성에 안 맞았던 거야?",
            "norm_text": "그렇구나 적성에 안 맞았던 거야?",
            "speaker": {
              "id": "1번",
              "sex": "여성",
              "age": "20대"
            },
            "speechAct": "(지시) 질문하기",
            "morpheme": "그렇/VA+구나/EF+적성/NNG+에/JKB+안/MAG+맞/VV+았/EP+던/ETM+거/NNB+야/VCP+EF"
          },
          {
            "id": 6,
            "text": "2 : 응 잘 안 맞아서 다른 과도 갔는데 그것도 안 맞아서 나왔어 키키",
            "norm_text": "응 잘 안 맞아서 다른 과도 갔는데 그것도 안 맞아서 나왔어 키키",
            "speaker": {
              "id": "2번",
              "sex": "남성",
              "age": "30대"
            },
            "speechAct": "(단언) 진술하기",
            "morpheme": "응/IC+잘/MAG+안/MAG+맞/VV+아서/EC+다른/MM+과/NNG+도/JX+갔/VV+EP+는데/EC+그것/NP+도/JX+안/MAG+맞/VV+아서/EC+나왔/VV+EP+어/EC+키/NNG+키/XSV+ETN"
          },
          {
            "id": 7,
            "text": "1 : 그냥 대학 생활이 안 맞았던 건가?",
            "norm_text": "그냥 대학 생활이 안 맞았던 건가?",
            "speaker": {
              "id": "1번",
              "sex": "여성",
              "age": "20대"
            },
            "speechAct": "(지시) 질문하기",
            "morpheme": "그냥/MAG+대학/NNG+생활/NNG+이/JKS+안/MAG+맞/VV+았/EP+던/ETM+건가/NNB+VCP+EF"
          },
          {
            "id": 8,
            "text": "2 : 응 키키 학교 가다가 다리가 삐어서 그 뒤로 학교 안 갔어",
            "norm_text": "응 키키 학교 가다가 다리가 삐어서 그 뒤로 학교 안 갔어",
            "speaker": {
              "id": "2번",
              "sex": "남성",
              "age": "30대"
            },
            "speechAct": "(단언) 진술하기",
            "morpheme": "응/IC+키/NNG+키/NNG+학교/NNG+가/JKS+다/MAG+가다리/NNG+가/JKS+삐/VV+어서/EC+그/MM+뒤/NNG+로/JKB+학교/NNG+안/MAG+갔/VV+EP+어/EC"
          },
          {
            "id": 9,
            "text": "1 : 그러면 사이버대는 어떻게 나왔어?",
            "norm_text": "그러면 사이버대는 어떻게 나왔어?",
            "speaker": {
              "id": "1번",
              "sex": "여성",
              "age": "20대"
            },
            "speechAct": "(지시) 질문하기",
            "morpheme": "그러면/MAJ+사이버/NNG+대/XSV+는/ETM+어떻/VA+게/EC+나왔/VV+EP+어/EF"
          },
          {
            "id": 10,
            "text": "2 : 학점 취득하려고 사이버대로 사회복지과 나왔어",
            "norm_text": "학점 취득하려고 사이버대로 사회복지과 나왔어",
            "speaker": {
              "id": "2번",
              "sex": "남성",
              "age": "30대"
            },
            "speechAct": "(단언) 진술하기",
            "morpheme": "학점/NNG+취득/NNG+하/XSV+려고/EC+사이버/NNG+대로/JX+사회/NNG+복지/NNG+과/JKB+나왔/VV+EP+어/EC"
          },
          {
            "id": 11,
            "text": "1 : 사회복지과면 복지사 1급 자격증 있어?",
            "norm_text": "사회복지과면 복지사 1급 자격증 있어?",
            "speaker": {
              "id": "1번",
              "sex": "여성",
              "age": "20대"
            },
            "speechAct": "(지시) 질문하기",
            "morpheme": "사회/NNG+복지/NNG+과면/NNG+복지/NNG+사/NR+1/SN+급/NNG+자격증/NNG+있/VA+어/EF"
          },
          {
            "id": 12,
            "text": "2 : 2급으로 따고 실무로 1급을 가야 해",
            "norm_text": "2급으로 따고 실무로 1급을 가야 해",
            "speaker": {
              "id": "2번",
              "sex": "남성",
              "age": "30대"
            },
            "speechAct": "(단언) 진술하기",
            "morpheme": "2/SN+급/NNG+으로/JKB+따/VV+고/EC+실무/NNG+로/JKB+1/SN+급/NNG+을/JKO+가/VV+야/EC+해/VV+EC"
          },
          {
            "id": 13,
            "text": "1 : 그렇구나 그래서 지금은 뭐 하는데?",
            "norm_text": "그렇구나 그래서 지금은 뭐 하는데?",
            "speaker": {
              "id": "1번",
              "sex": "여성",
              "age": "20대"
            },
            "speechAct": "(지시) 질문하기",
            "morpheme": "그렇/VA+구나/EF+그래서/MAJ+지금/MAG+은/JX+뭐/IC+하/VV+는데/EC"
          },
          {
            "id": 14,
            "text": "2 : 지금은 환경 기사로 일하고 있어 키키",
            "norm_text": "지금은 환경 기사로 일하고 있어 키키",
            "speaker": {
              "id": "2번",
              "sex": "남성",
              "age": "30대"
            },
            "speechAct": "(단언) 진술하기",
            "morpheme": "지금/MAG+은/JX+환경/NNG+기사/NNG+로/JKB+일/NNG+하/XSV+고/EC+있/VX+어/EC+키/NNG+키/XSV+ETN"
          },
          {
            "id": 15,
            "text": "1 : 역시 사람 일은 모르는 거야~",
            "norm_text": "역시 사람 일은 모르는 거야~",
            "speaker": {
              "id": "1번",
              "sex": "여성",
              "age": "20대"
            },
            "speechAct": "(단언) 주장하기",
            "morpheme": "역시/MAJ+사람/NNG+일/NNG+은/JX+모르/VV+는/ETM+거/NNB+야/VCP+EF+~/SY"
          },
          {
            "id": 16,
            "text": "2 : 맞아 키키 먹고살기만 하면 되지 키키",
            "norm_text": "맞아 키키 먹고살기만 하면 되지 키키",
            "speaker": {
              "id": "2번",
              "sex": "남성",
              "age": "30대"
            },
            "speechAct": "(단언) 주장하기",
            "morpheme": "맞/VV+아/EC+키/NNG+키/XSV+ETN+먹/VV+고/EC+살/VV+기/ETN+만/JX+하/VV+면/EC+되/VV+지/EC+키/NNG+키/XSV+ETN"
          }
        ]
      }
    }
  ]
}