{
  "dataset": {
    "identifier": 68206,
    "name": "BAND_36_17_set",
    "src_path": "/data/file/cubeManager/PROJECT001/53/txt20211006142823076461/BAND_36_17_set/",
    "label_path": "/data/file/cubeManager/PROJECT001/53/txt20211006142823076461/BAND_36_17_set/",
    "category": 2,
    "type": 0
  },
  "licenses": {
    "name": "Apache License 1.0",
    "url": "http://www.apache.org/licenses/LICENSE-1.0"
  },
  "info": [
    {
      "id": 45669,
      "filename": "BAND_36_17.txt",
      "title": "BAND_36_17",
      "mediatype": "SNS",
      "medianame": "네이버밴드",
      "category": "일상대화",
      "date": "2021-10-06",
      "size": 975,
      "annotations": {
        "subject": "건강",
        "speaker_type": "다자간 대화",
        "size": 975,
        "word_size": 304,
        "text": "1 : 주사 맞는 거나 피 뽑고 이러는 거 무서워해?\n2 : 어 나 무서워 해 침은 안 무서운데 이상하게 주사는 무서워 ㅜㅜ\n3 : 나는... 아플까 봐 좀 긴장은 하는데 그래도 막 무서워하는 건 아닌 것 같아 키키\n3 : 피 뽑으면 좀 시원하고 그렇더라고...? 언니는?\n1 : 시원해...? 그런가 키키 나는 시원한 거는 못 느껴봤는데 좀 쫄기는 해도 잘 맞는 편! 근데 맞는 거 쳐다보지는 못함...\n2 : 아 그럼 헌혈도 하고 그래?\n3 : 안 그래도 요즘 피 정말 부족하다고 해서 헌혈 하고 싶은데 지금 한약이랑 뭐 약 이런 거 먹는 게 있어서 못하고 있어...\n3 : 평소에는... 왜 안 했을까 허허 게을렀네\n1 : 막 주기적으로 하지는 않아... 어렸을 때는 가끔씩 한 번 했었는데 요즘은 아예 안 함 ㅠㅠ\n1 : 언니는 해본  적 있어?\n2 : 나 무서워서 못해 봤어 ㅜㅜ 하면 진짜 좋은데 하고 계속 생각만 하고 있네\n3 : 옛날에는 학교에 버스 와 가지고 공부하기 싫어서 헌혈하고 그랬는데 키키\n1 : 키키 그러면 헌혈 하면 뭐 줬어? 문화상품권이나 초코파이나 뭐 그런 거\n1 : 그래? 요즘에는 뭐 줘? 좋은 거 주면 하러 가야지 하하\n3 : 뭐 편의점이나 햄버거 교환권이나 커피 교환권... 이런 거...?  비슷하네... 키키\n3 : 찾아보니까 어떤 곳은 아이돌 앨범도 주고 그러네\n1 : 아 아이돌 앨범은... 싫은데... 키키 커피 교환권이 제일 좋다 !\n3 : 아 앨범은 그냥 선물처럼 주는 거래 키키\n3 : 약간 저런 게 많아진 느낌이야!  그냥 선물로 주는 거\n1 : 아 더 많이들 하라고 그러는가 보다! 근데 저렇게 바뀐지 관심 안 갖는 사람들은 많이 모를 거 같애\n3 : 음 나는  한약 좋아하기도 하고 좀 약빨을 잘 받는 스타일이어서 키키 난 좋아해!\n3 : 언니들은 먹어본 적 있어?\n1 : 나는 먹어봤는데 좋아하지는 않아 키키 맛없어...\n2 : 나 한약 잘 먹어 키키 좋아하지는 않지만...\n3 : 엇 다들 한약 별로 안 좋아하는 구나...",
        "lines": [
          {
            "id": 1,
            "text": "1 : 주사 맞는 거나 피 뽑고 이러는 거 무서워해?",
            "norm_text": "주사 맞는 거나 피 뽑고 이러는 거 무서워해?",
            "speaker": {
              "id": "1번",
              "sex": "여성",
              "age": "20대"
            },
            "speechAct": "(지시) 질문하기",
            "morpheme": "주사/NNG+맞/VV+는/ETM+거/NNB+나/JC+피/NNG+뽑/VV+고/EC+이러/VV+는/ETM+거/NNB+무서워해/VV+EF"
          },
          {
            "id": 2,
            "text": "2 : 어 나 무서워 해 침은 안 무서운데 이상하게 주사는 무서워 ㅜㅜ",
            "norm_text": "어 나 무서워 해 침은 안 무서운데 이상하게 주사는 무서워 ㅜㅜ",
            "speaker": {
              "id": "2번",
              "sex": "여성",
              "age": "30대"
            },
            "speechAct": "(단언) 주장하기",
            "morpheme": "어/IC+나/NP+무서워/VA+EC+해침/NNG+은/JX+안/MAG+무서운/VA+ETM+데/NNB+이상/NNG+하/XSV+게/EC+주사/NNG+는/JX+무서워/VA+EC+ㅜㅜ/UNKNOWN"
          },
          {
            "id": 3,
            "text": "3 : 나는... 아플까 봐 좀 긴장은 하는데 그래도 막 무서워하는 건 아닌 것 같아 키키",
            "norm_text": "나는... 아플까 봐 좀 긴장은 하는데 그래도 막 무서워하는 건 아닌 것 같아 키키",
            "speaker": {
              "id": "3번",
              "sex": "여성",
              "age": "20대"
            },
            "speechAct": "(단언) 진술하기",
            "morpheme": "나/NP+는/JX+./SY+아플까봐좀긴장은하는데그래도막무서워하는건아닌것같아키키/UNKNOWN"
          },
          {
            "id": 4,
            "text": "3 : 피 뽑으면 좀 시원하고 그렇더라고...? 언니는?",
            "norm_text": "피 뽑으면 좀 시원하고 그렇더라고...? 언니는?",
            "speaker": {
              "id": "3번",
              "sex": "여성",
              "age": "20대"
            },
            "speechAct": "(지시) 질문하기",
            "morpheme": "피/NNG+뽑/VV+으면/EC+좀/MAG+시원/XR+하/XSA+고/EC+그렇/VA+더라고/EF+./SY+./SY+언니/NNG+는/JX"
          },
          {
            "id": 5,
            "text": "1 : 시원해...? 그런가 키키 나는 시원한 거는 못 느껴봤는데 좀 쫄기는 해도 잘 맞는 편! 근데 맞는 거 쳐다보지는 못함...",
            "norm_text": "시원해...? 그런가 키키 나는 시원한 거는 못 느껴봤는데 좀 쫄기는 해도 잘 맞는 편! 근데 맞는 거 쳐다보지는 못함...",
            "speaker": {
              "id": "1번",
              "sex": "여성",
              "age": "20대"
            },
            "speechAct": "(단언) 진술하기",
            "morpheme": "시원/XR+해/XSA+EF+./SY+./SY+그런가/VA+EC+키/NNG+키나/XSA+ETN+JX+는/JX+시원/XR+한/XSA+ETM+거/NNB+는/JX+못/MAG+느껴/VV+EC+봤/VX+EP+는데/EC+좀/MAG+쫄/VV+기/ETN+는/JX+해도/VV+EC+잘/MAG+맞/VV+는/ETM+편/NNB+근데/MAJ+맞/VV+는/ETM+거/NNB+쳐다보/VV+지/EC+는/JX+못함/VX+ETN+./SY"
          },
          {
            "id": 6,
            "text": "2 : 아 그럼 헌혈도 하고 그래?",
            "norm_text": "아 그럼 헌혈도 하고 그래?",
            "speaker": {
              "id": "2번",
              "sex": "여성",
              "age": "30대"
            },
            "speechAct": "(지시) 질문하기",
            "morpheme": "아/IC+그럼/MAJ+헌혈/NNG+도/JX+하/VV+고/EC+그래/VV+EF"
          },
          {
            "id": 7,
            "text": "3 : 안 그래도 요즘 피 정말 부족하다고 해서 헌혈 하고 싶은데 지금 한약이랑 뭐 약 이런 거 먹는 게 있어서 못하고 있어...",
            "norm_text": "안 그래도 요즘 피 정말 부족하다고 해서 헌혈 하고 싶은데 지금 한약이랑 뭐 약 이런 거 먹는 게 있어서 못하고 있어...",
            "speaker": {
              "id": "3번",
              "sex": "여성",
              "age": "20대"
            },
            "speechAct": "(단언) 진술하기",
            "morpheme": "안/MAG+그래도/VV+EC+요즘/MAG+피/IC+정말/MAG+부족/NNG+하/XSV+다고/EC+해서/VV+EC+헌혈/NNG+하/XSV+고/EC+싶/VX+은데/EC+지금/MAG+한약/NNG+이랑/JC+뭐/IC+약/MM+이런/MM+거/NNB+먹/VV+는/ETM+게/NNB+JKS+있/VA+어서/EC+못하/VX+고/EC+있/VX+어/EF+./SY"
          },
          {
            "id": 8,
            "text": "3 : 평소에는... 왜 안 했을까 허허 게을렀네",
            "norm_text": "평소에는... 왜 안 했을까 허허 게을렀네",
            "speaker": {
              "id": "3번",
              "sex": "여성",
              "age": "20대"
            },
            "speechAct": "(단언) 반박하기",
            "morpheme": "평소/NNG+에/JKB+는/JX+./SY+왜/MAG+안/MAG+했을까/VV+EP+EC+허허/MAG+게을렀/VA+EP+네/EF"
          },
          {
            "id": 9,
            "text": "1 : 막 주기적으로 하지는 않아... 어렸을 때는 가끔씩 한 번 했었는데 요즘은 아예 안 함 ㅠㅠ",
            "norm_text": "막 주기적으로 하지는 않아... 어렸을 때는 가끔씩 한 번 했었는데 요즘은 아예 안 함 ㅠㅠ",
            "speaker": {
              "id": "1번",
              "sex": "여성",
              "age": "20대"
            },
            "speechAct": "(단언) 진술하기",
            "morpheme": "막/MAJ+주기/NNG+적/XSN+으로/JKB+하/VV+지/EC+는/JX+않/VX+아/EF+./SY+어렸을때는가끔씩한번했었는데요즘은아예안함ㅠㅠ/UNKNOWN"
          },
          {
            "id": 10,
            "text": "1 : 언니는 해본  적 있어?",
            "norm_text": "언니는 해본  적 있어?",
            "speaker": {
              "id": "1번",
              "sex": "여성",
              "age": "20대"
            },
            "speechAct": "(지시) 질문하기",
            "morpheme": "언니/NNG+는/JX+해/VV+EC+본/VX+ETM+적/NNB+있/VA+어/EF"
          },
          {
            "id": 11,
            "text": "2 : 나 무서워서 못해 봤어 ㅜㅜ 하면 진짜 좋은데 하고 계속 생각만 하고 있네",
            "norm_text": "나 무서워서 못해 봤어 ㅜㅜ 하면 진짜 좋은데 하고 계속 생각만 하고 있네",
            "speaker": {
              "id": "2번",
              "sex": "여성",
              "age": "30대"
            },
            "speechAct": "(단언) 진술하기",
            "morpheme": "나/NP+무서워서/VA+EC+못해/VX+EC+봤/VX+EP+어/EF+ㅜㅜ/UNKNOWN+하/VV+면/EC+진짜/MAG+좋/VA+은/ETM+데/NNB+하고/JKB+계속/MAG+생각/NNG+만/JX+하/VV+고/EC+있/VX+네/EC"
          },
          {
            "id": 12,
            "text": "3 : 옛날에는 학교에 버스 와 가지고 공부하기 싫어서 헌혈하고 그랬는데 키키",
            "norm_text": "옛날에는 학교에 버스 와 가지고 공부하기 싫어서 헌혈하고 그랬는데 키키",
            "speaker": {
              "id": "3번",
              "sex": "여성",
              "age": "20대"
            },
            "speechAct": "(단언) 진술하기",
            "morpheme": "옛날/NNG+에/JKB+는/JX+학교/NNG+에/JKB+버스/NNG+와/JKB+가지/VV+고/EC+공부/NNG+하/XSV+기/ETN+싫/VA+어서/EC+헌혈/NNG+하/XSV+고/EC+그랬/VV+EP+는데/EC+키/NNG+키/XSV+ETN"
          },
          {
            "id": 13,
            "text": "1 : 키키 그러면 헌혈 하면 뭐 줬어? 문화상품권이나 초코파이나 뭐 그런 거",
            "norm_text": "키키 그러면 헌혈 하면 뭐 줬어? 문화상품권이나 초코파이나 뭐 그런 거",
            "speaker": {
              "id": "1번",
              "sex": "여성",
              "age": "20대"
            },
            "speechAct": "(지시) 질문하기",
            "morpheme": "키/NNG+키/XSV+ETN+그러/VV+면/EC+헌혈/NNG+하/XSV+면/EC+뭐/IC+줬/VV+EP+어/EF+문화/NNG+상품/NNG+권/XSN+이나/JC+초코파이/NNP+나/JC+뭐/IC+그런/MM+거/NNB"
          },
          {
            "id": 14,
            "text": "1 : 그래? 요즘에는 뭐 줘? 좋은 거 주면 하러 가야지 하하",
            "norm_text": "그래? 요즘에는 뭐 줘? 좋은 거 주면 하러 가야지 하하",
            "speaker": {
              "id": "1번",
              "sex": "여성",
              "age": "20대"
            },
            "speechAct": "(지시) 질문하기",
            "morpheme": "그래/IC+요즘/NNG+에/JKB+는/JX+뭐/IC+줘/VV+EF+좋/VA+은/ETM+거/NNB+주/VV+면/EC+하/VV+러/EC+가/VX+야/EC+지하/NNG+하/XSV"
          },
          {
            "id": 15,
            "text": "3 : 뭐 편의점이나 햄버거 교환권이나 커피 교환권... 이런 거...?  비슷하네... 키키",
            "norm_text": "뭐 편의점이나 햄버거 교환권이나 커피 교환권... 이런 거...?  비슷하네... 키키",
            "speaker": {
              "id": "3번",
              "sex": "여성",
              "age": "20대"
            },
            "speechAct": "(단언) 진술하기",
            "morpheme": "뭐/IC+편의점/NNG+이나/JC+햄버거/NNG+교환/NNG+권/XSN+이나/JC+커피/NNG+교환/NNG+권/XSN+./SY+이런/MM+거/NNB+./SY+./SY+비슷/XR+하/XSA+네/EF+./SY+키/NNG+키/XSV+ETN"
          },
          {
            "id": 16,
            "text": "3 : 찾아보니까 어떤 곳은 아이돌 앨범도 주고 그러네",
            "norm_text": "찾아보니까 어떤 곳은 아이돌 앨범도 주고 그러네",
            "speaker": {
              "id": "3번",
              "sex": "여성",
              "age": "20대"
            },
            "speechAct": "(단언) 진술하기",
            "morpheme": "찾아보/VV+니까/EC+어떤/MM+곳/NNG+은/JX+아이돌/NNP+앨범/NNG+도/JX+주/VX+고/EC+그러/VV+네/EC"
          },
          {
            "id": 17,
            "text": "1 : 아 아이돌 앨범은... 싫은데... 키키 커피 교환권이 제일 좋다 !",
            "norm_text": "아 아이돌 앨범은... 싫은데... 키키 커피 교환권이 제일 좋다 !",
            "speaker": {
              "id": "1번",
              "sex": "여성",
              "age": "20대"
            },
            "speechAct": "(단언) 주장하기",
            "morpheme": "아/IC+아이돌/NNP+앨범/NNG+은/JX+./SY+./SY+싫/VA+은데/EF+./SY+키/NNG+키/NNG+커피/NNG+교환권/NNG+이/JKS+제일/MAG+좋/VA+다/EF"
          },
          {
            "id": 18,
            "text": "3 : 아 앨범은 그냥 선물처럼 주는 거래 키키",
            "norm_text": "아 앨범은 그냥 선물처럼 주는 거래 키키",
            "speaker": {
              "id": "3번",
              "sex": "여성",
              "age": "20대"
            },
            "speechAct": "(단언) 진술하기",
            "morpheme": "아/IC+앨범/NNG+은/JX+그냥/MAG+선물/NNG+처럼/JKB+주/VV+는/ETM+거래/NNG+키/NNG+키/XSV+ETN"
          },
          {
            "id": 19,
            "text": "3 : 약간 저런 게 많아진 느낌이야!  그냥 선물로 주는 거",
            "norm_text": "약간 저런 게 많아진 느낌이야!  그냥 선물로 주는 거",
            "speaker": {
              "id": "3번",
              "sex": "여성",
              "age": "20대"
            },
            "speechAct": "(단언) 진술하기",
            "morpheme": "약간/MAG+저런/MM+게/NNB+JKS+많/VA+아/EC+진/VX+ETM+느낌/NNG+이/VCP+야/EF+그냥/MAG+선물/NNG+로/JKB+주/VX+는/ETM+거/NNB"
          },
          {
            "id": 20,
            "text": "1 : 아 더 많이들 하라고 그러는가 보다! 근데 저렇게 바뀐지 관심 안 갖는 사람들은 많이 모를 거 같애",
            "norm_text": "아 더 많이들 하라고 그러는가 보다! 근데 저렇게 바뀐지 관심 안 갖는 사람들은 많이 모를 거 같애",
            "speaker": {
              "id": "1번",
              "sex": "여성",
              "age": "20대"
            },
            "speechAct": "(단언) 진술하기",
            "morpheme": "아/IC+더/MAG+많이/MAG+들/XSN+하/VV+라고/EC+그러/VV+는가/EC+보/VX+다/EF+근데/MAJ+저렇게/MAG+바뀐지/VV+EC+관심/NNG+안/MAG+갖/VV+는/ETM+사람/NNG+들/XSN+은/JX+많이/MAG+모를/VV+ETM+거/NNB+같/VA+애/EC"
          },
          {
            "id": 21,
            "text": "3 : 음 나는  한약 좋아하기도 하고 좀 약빨을 잘 받는 스타일이어서 키키 난 좋아해!",
            "norm_text": "음 나는  한약 좋아하기도 하고 좀 약빨을 잘 받는 스타일이어서 키키 난 좋아해!",
            "speaker": {
              "id": "3번",
              "sex": "여성",
              "age": "20대"
            },
            "speechAct": "(단언) 주장하기",
            "morpheme": "음/IC+나/NP+는/JX+한약/NNG+좋/VA+아/EC+하/VV+기/ETN+도/JX+하/VV+고/EC+좀약/NNG+빨/VV+을/ETM+잘/MAG+받/VV+는/ETM+스타일/NNG+이/VCP+어서/EC+키/NNG+키/XSV+ETN+난/NP+JX+좋/VA+아/EC+해/VX+EF"
          },
          {
            "id": 22,
            "text": "3 : 언니들은 먹어본 적 있어?",
            "norm_text": "언니들은 먹어본 적 있어?",
            "speaker": {
              "id": "3번",
              "sex": "여성",
              "age": "20대"
            },
            "speechAct": "(지시) 질문하기",
            "morpheme": "언니/NNG+들/XSN+은/JX+먹/VV+어/EC+본/VX+ETM+적/NNB+있/VA+어/EF"
          },
          {
            "id": 23,
            "text": "1 : 나는 먹어봤는데 좋아하지는 않아 키키 맛없어...",
            "norm_text": "나는 먹어봤는데 좋아하지는 않아 키키 맛없어...",
            "speaker": {
              "id": "1번",
              "sex": "여성",
              "age": "20대"
            },
            "speechAct": "(단언) 주장하기",
            "morpheme": "나/NP+는/JX+먹/VV+어/EC+봤/VX+EP+는데/EC+좋/VA+아/EC+하/VV+지/EC+는/JX+않/VX+아/EC+키/NNG+키/XSV+ETN+맛없/VA+어/EF+./SY"
          },
          {
            "id": 24,
            "text": "2 : 나 한약 잘 먹어 키키 좋아하지는 않지만...",
            "norm_text": "나 한약 잘 먹어 키키 좋아하지는 않지만...",
            "speaker": {
              "id": "2번",
              "sex": "여성",
              "age": "30대"
            },
            "speechAct": "(단언) 주장하기",
            "morpheme": "나한약잘먹어키키좋아하지는않지만/UNKNOWN+./SY"
          },
          {
            "id": 25,
            "text": "3 : 엇 다들 한약 별로 안 좋아하는 구나...",
            "norm_text": "엇 다들 한약 별로 안 좋아하는 구나...",
            "speaker": {
              "id": "3번",
              "sex": "여성",
              "age": "20대"
            },
            "speechAct": "(단언) 진술하기",
            "morpheme": "엇다/NP+들/XSN+한약/NNG+별로/MAG+안/MAG+좋/VA+아/EC+하/VX+는구나/EF+./SY"
          }
        ]
      }
    }
  ]
}