{
  "dataset": {
    "identifier": 58290,
    "name": "BAND_31_09_set",
    "src_path": "/data/file/cubeManager/PROJECT001/53/txt20210927144542056185/BAND_31_09_set/",
    "label_path": "/data/file/cubeManager/PROJECT001/53/txt20210927144542056185/BAND_31_09_set/",
    "category": 2,
    "type": 0
  },
  "licenses": {
    "name": "Apache License 1.0",
    "url": "http://www.apache.org/licenses/LICENSE-1.0"
  },
  "info": [
    {
      "id": 34367,
      "filename": "BAND_31_09.txt",
      "title": "BAND_31_09",
      "mediatype": "SNS",
      "medianame": "네이버밴드",
      "category": "일상대화",
      "date": "2021-09-27",
      "size": 392,
      "annotations": {
        "subject": "반려동물",
        "speaker_type": "1:1",
        "size": 392,
        "word_size": 131,
        "text": "1 : 너는 결혼하고 신혼 집에 그 물고기 데리고 갈 거야?\n2 : 응 오래만 살아준다면 그럴 거 같아\n1 : 그렇구나 그 애가 몇 년 산다고 했지?\n2 : 평균 수명은 15년 정도래 키키\n1 : 대박이다 진짜 오래 사는구나\n1 : 그러면 다른 애는 분양할 생각 없어?\n2 : 어제 햄스터를 분양 받았어 키키\n1 : 진짜? 색이 어때? 갈색이야?\n2 : 등은 갈색이고 배가 흰색이야\n1 : 헐 완전 귀엽겠다 한 마리 분양했어?\n2 : 맞아 한 마리에 애정 주려고 키키\n1 : 톱밥 같은 것도 사야 하지 않아?\n2 : 맞아 용품들 사오는데 돈 많이 들더라 키키\n1 : 그렇구나 총 얼마나 들었어?\n2 : 햄스터까지 30만원 정도 든 거 같아 ㅠ\n1 : 헐 햄스터도 키우려면 다 돈이구나 ㅜㅜ\n2 : 맞아 요즘 햄스터 엄청 귀해졌드라",
        "lines": [
          {
            "id": 1,
            "text": "1 : 너는 결혼하고 신혼 집에 그 물고기 데리고 갈 거야?",
            "norm_text": "너는 결혼하고 신혼 집에 그 물고기 데리고 갈 거야?",
            "speaker": {
              "id": "1번",
              "sex": "여성",
              "age": "20대"
            },
            "speechAct": "(지시) 질문하기",
            "morpheme": "너/NP+는/JX+결혼/NNG+하/XSV+고/EC+신혼집/NNG+에/JKB+그/MM+물고기/NNG+데리/VV+고/EC+갈/VX+ETM+거/NNB+야/VCP+EF"
          },
          {
            "id": 2,
            "text": "2 : 응 오래만 살아준다면 그럴 거 같아",
            "norm_text": "응 오래만 살아준다면 그럴 거 같아",
            "speaker": {
              "id": "2번",
              "sex": "여성",
              "age": "20대"
            },
            "speechAct": "(단언) 주장하기",
            "morpheme": "응/IC+오래/MAG+만/JX+살/VV+아/EC+준다면/VX+EC+그럴/VV+ETM+거/NNB+같/VA+아/EC"
          },
          {
            "id": 3,
            "text": "1 : 그렇구나 그 애가 몇 년 산다고 했지?",
            "norm_text": "그렇구나 그 애가 몇 년 산다고 했지?",
            "speaker": {
              "id": "1번",
              "sex": "여성",
              "age": "20대"
            },
            "speechAct": "(지시) 질문하기",
            "morpheme": "그렇/VA+구나/EF+그/MM+애/NNG+가/JKS+몇/MM+년/NNBC+산다고/VV+EC+했/VX+EP+지/EF"
          },
          {
            "id": 4,
            "text": "2 : 평균 수명은 15년 정도래 키키",
            "norm_text": "평균 수명은 15년 정도래 키키",
            "speaker": {
              "id": "2번",
              "sex": "여성",
              "age": "20대"
            },
            "speechAct": "(단언) 진술하기",
            "morpheme": "평균/NNG+수명/NNG+은/JX+15/SN+년/NNBC+정도/NNG+래키/NNP+키/NNG"
          },
          {
            "id": 5,
            "text": "1 : 대박이다 진짜 오래 사는구나",
            "norm_text": "대박이다 진짜 오래 사는구나",
            "speaker": {
              "id": "1번",
              "sex": "여성",
              "age": "20대"
            },
            "speechAct": "(단언) 주장하기",
            "morpheme": "대박/NNG+이/JKS+다/MAG+진짜/MAG+오래/MAG+사/VV+는구나/EC"
          },
          {
            "id": 6,
            "text": "1 : 그러면 다른 애는 분양할 생각 없어?",
            "norm_text": "그러면 다른 애는 분양할 생각 없어?",
            "speaker": {
              "id": "1번",
              "sex": "여성",
              "age": "20대"
            },
            "speechAct": "(지시) 질문하기",
            "morpheme": "그러면/MAJ+다른/MM+애/NNG+는/JX+분양/NNG+할/XSV+ETM+생각/NNG+없/VA+어/EF"
          },
          {
            "id": 7,
            "text": "2 : 어제 햄스터를 분양 받았어 키키",
            "norm_text": "어제 햄스터를 분양 받았어 키키",
            "speaker": {
              "id": "2번",
              "sex": "여성",
              "age": "20대"
            },
            "speechAct": "(단언) 진술하기",
            "morpheme": "어제/MAG+햄스터/NNG+를/JKO+분양/NNG+받/VV+았/EP+어/EC+키/NNG+키/XSV+ETN"
          },
          {
            "id": 8,
            "text": "1 : 진짜? 색이 어때? 갈색이야?",
            "norm_text": "진짜? 색이 어때? 갈색이야?",
            "speaker": {
              "id": "1번",
              "sex": "여성",
              "age": "20대"
            },
            "speechAct": "(지시) 질문하기",
            "morpheme": "진짜/MAG+색/NNG+이/JKS+어때/VA+EF+갈색/NNG+이/VCP+야/EF"
          },
          {
            "id": 9,
            "text": "2 : 등은 갈색이고 배가 흰색이야",
            "norm_text": "등은 갈색이고 배가 흰색이야",
            "speaker": {
              "id": "2번",
              "sex": "여성",
              "age": "20대"
            },
            "speechAct": "(단언) 진술하기",
            "morpheme": "등/NNB+은/JX+갈색/NNG+이/VCP+고/EC+배/NNG+가/JKS+흰색/NNG+이/VCP+야/EC"
          },
          {
            "id": 10,
            "text": "1 : 헐 완전 귀엽겠다 한 마리 분양했어?",
            "norm_text": "헐 완전 귀엽겠다 한 마리 분양했어?",
            "speaker": {
              "id": "1번",
              "sex": "여성",
              "age": "20대"
            },
            "speechAct": "(지시) 질문하기",
            "morpheme": "헐/IC+완전/MAG+귀엽/VA+겠/EP+다/EF+한/MM+마리/NNBC+분양/NNG+했/XSV+EP+어/EF"
          },
          {
            "id": 11,
            "text": "2 : 맞아 한 마리에 애정 주려고 키키",
            "norm_text": "맞아 한 마리에 애정 주려고 키키",
            "speaker": {
              "id": "2번",
              "sex": "여성",
              "age": "20대"
            },
            "speechAct": "(단언) 진술하기",
            "morpheme": "맞/VV+아/EC+한/MM+마리/NNBC+에/JKB+애정/NNG+주/VV+려고/EC+키/NNG+키/XSV+ETN"
          },
          {
            "id": 12,
            "text": "1 : 톱밥 같은 것도 사야 하지 않아?",
            "norm_text": "톱밥 같은 것도 사야 하지 않아?",
            "speaker": {
              "id": "1번",
              "sex": "여성",
              "age": "20대"
            },
            "speechAct": "(지시) 질문하기",
            "morpheme": "톱밥/NNG+같/VA+은/ETM+것/NNB+도/JX+사야/NNG+하/XSV+지/EC+않/VX+아/EF"
          },
          {
            "id": 13,
            "text": "2 : 맞아 용품들 사오는데 돈 많이 들더라 키키",
            "norm_text": "맞아 용품들 사오는데 돈 많이 들더라 키키",
            "speaker": {
              "id": "2번",
              "sex": "여성",
              "age": "20대"
            },
            "speechAct": "(단언) 진술하기",
            "morpheme": "맞/VV+아/EC+용품/NNG+들/XSN+사/VV+EC+오/VV+는데/EC+돈/NNG+많이/MAG+들/VV+더라/EC+키/NNG+키/XSV+ETN"
          },
          {
            "id": 14,
            "text": "1 : 그렇구나 총 얼마나 들었어?",
            "norm_text": "그렇구나 총 얼마나 들었어?",
            "speaker": {
              "id": "1번",
              "sex": "여성",
              "age": "20대"
            },
            "speechAct": "(지시) 질문하기",
            "morpheme": "그렇/VA+구나/EF+총/MM+얼마나/MAG+들/VV+었/EP+어/EF"
          },
          {
            "id": 15,
            "text": "2 : 햄스터까지 30만원 정도 든 거 같아 ㅠ",
            "norm_text": "햄스터까지 30만원 정도 든 거 같아 ㅠ",
            "speaker": {
              "id": "2번",
              "sex": "여성",
              "age": "20대"
            },
            "speechAct": "(단언) 진술하기",
            "morpheme": "햄스터/NNG+까지/JX+30/SN+만/NR+원/NNBC+정도/NNG+든/VV+ETM+거/NNB+같/VA+아/EC+ㅠ/UNKNOWN"
          },
          {
            "id": 16,
            "text": "1 : 헐 햄스터도 키우려면 다 돈이구나 ㅜㅜ",
            "norm_text": "헐 햄스터도 키우려면 다 돈이구나 ㅜㅜ",
            "speaker": {
              "id": "1번",
              "sex": "여성",
              "age": "20대"
            },
            "speechAct": "(단언) 진술하기",
            "morpheme": "헐/IC+햄스터/NNG+도/JX+키우/VV+려면/EC+다/MAG+돈/NNG+이/VCP+구나/EF+ㅜㅜ/UNKNOWN"
          },
          {
            "id": 17,
            "text": "2 : 맞아 요즘 햄스터 엄청 귀해졌드라",
            "norm_text": "맞아 요즘 햄스터 엄청 귀해졌드라",
            "speaker": {
              "id": "2번",
              "sex": "여성",
              "age": "20대"
            },
            "speechAct": "(단언) 진술하기",
            "morpheme": "맞/VV+아/EC+요즘/NNG+햄스터/NNG+엄청/MAG+귀/NNG+해졌/XSA+EC+VX+EP+드라/EC"
          }
        ]
      }
    }
  ]
}