{
  "dataset": {
    "identifier": 22299,
    "name": "BAND_29_19_set",
    "src_path": "/data/file/cubeManager/PROJECT001/49/txt20210917164450003177/BAND_29_19_set/",
    "label_path": "/data/file/cubeManager/PROJECT001/49/txt20210917164450003177/BAND_29_19_set/",
    "category": 2,
    "type": 0
  },
  "licenses": {
    "name": "Apache License 1.0",
    "url": "http://www.apache.org/licenses/LICENSE-1.0"
  },
  "info": [
    {
      "id": 30290,
      "filename": "BAND_29_19.txt",
      "title": "BAND_29_19",
      "mediatype": "SNS",
      "medianame": "네이버밴드",
      "category": "일상대화",
      "date": "2021-09-17",
      "size": 429,
      "annotations": {
        "subject": "방송/연예",
        "speaker_type": "1:1",
        "size": 429,
        "word_size": 144,
        "text": "1 : 너의 지섭 님 최근에 연예계 활동하고 있어?\n2 : 난 최근에 지섭님 소식은 못 듣고 살고 있어 키키\n1 : 달콤한 신혼 생활을 하고 계시나 봐 키키\n2 : 키키 그치 좋을 때지 그래서 갈아타려고\n1 : 키키 진짜? 누구로 갈아타려고? 알려줘 키키\n2 : 요즘엔 이광수도 눈에 들어오더랔ㅋ\n1 : 아 아시아 프린스 내 주변에 좋아하는 사람 많네?\n2 : 키키 아 이런  내 라이벌이 또 있어?\n1 : 응 일단 이선빈 님도 있잖아~\n2 : 아 맞네 , 그걸 생각 못했네 이길 수가 없다\n1 : 너 싱크홀 보고 좋아하게 된 거야?\n2 : 맞아 평소에도 웃겼는데 매력 있더라\n1 : 맞아 런닝맨에서 진짜 웃겼었는데 영화는 또 얼마나 웃길까?\n2 : 키키 맞아 그 현실 연기 너무 좋아 키키\n1 : 아 진짜 싱크홀 보고 싶은데 볼 시간이 없네 ㅜㅜ\n2 : 주말도 바쁘네 ㅠ 심야 영화 추천해 ㅠ",
        "lines": [
          {
            "id": 1,
            "text": "1 : 너의 지섭 님 최근에 연예계 활동하고 있어?",
            "norm_text": "너의 지섭 님 최근에 연예계 활동하고 있어?",
            "speaker": {
              "id": "1번",
              "sex": "여성",
              "age": "20대"
            },
            "speechAct": "(지시) 질문하기",
            "morpheme": "너/NP+의/JKG+지섭/NNP+님/XSN+최근/NNG+에/JKB+연예계/NNG+활동/NNG+하/XSV+고/EC+있/VX+어/EF"
          },
          {
            "id": 2,
            "text": "2 : 난 최근에 지섭님 소식은 못 듣고 살고 있어 키키",
            "norm_text": "난 최근에 지섭님 소식은 못 듣고 살고 있어 키키",
            "speaker": {
              "id": "2번",
              "sex": "여성",
              "age": "20대"
            },
            "speechAct": "(단언) 진술하기",
            "morpheme": "난/NP+JX+최근/NNG+에/JKB+지섭/NNP+님/XSN+소식/NNG+은/JX+못/MAG+듣/VV+고/EC+살/VV+고/EC+있/VX+어/EC+키/NNG+키/XSV+ETN"
          },
          {
            "id": 3,
            "text": "1 : 달콤한 신혼 생활을 하고 계시나 봐 키키",
            "norm_text": "달콤한 신혼 생활을 하고 계시나 봐 키키",
            "speaker": {
              "id": "1번",
              "sex": "여성",
              "age": "20대"
            },
            "speechAct": "(단언) 주장하기",
            "morpheme": "달콤/XR+한/XSA+ETM+신혼/NNG+생활/NNG+을/JKO+하/VV+고/EC+계시/VX+나/EC+봐/VX+EF+키/NNG+키/XSV+ETN"
          },
          {
            "id": 4,
            "text": "2 : 키키 그치 좋을 때지 그래서 갈아타려고",
            "norm_text": "키키 그치 좋을 때지 그래서 갈아타려고",
            "speaker": {
              "id": "2번",
              "sex": "여성",
              "age": "20대"
            },
            "speechAct": "(단언) 주장하기",
            "morpheme": "키/NNG+키/XSV+ETN+그치/IC+좋/VA+을/ETM+때/NNG+지/VCP+EF+그래서/MAJ+갈아타/VV+려고/EC"
          },
          {
            "id": 5,
            "text": "1 : 키키 진짜? 누구로 갈아타려고? 알려줘 키키",
            "norm_text": "키키 진짜? 누구로 갈아타려고? 알려줘 키키",
            "speaker": {
              "id": "1번",
              "sex": "여성",
              "age": "20대"
            },
            "speechAct": "(지시) 질문하기",
            "morpheme": "키/NNG+키/XSV+ETN+진짜/MAG+누구/NP+로/JKB+갈아타/VV+려고/EF+알려줘/VV+EC+VX+EC+키/NNG+키/XSV+ETN"
          },
          {
            "id": 6,
            "text": "2 : 요즘엔 이광수도 눈에 들어오더랔ㅋ",
            "norm_text": "요즘엔 이광수도 눈에 들어오더랔ㅋ",
            "speaker": {
              "id": "2번",
              "sex": "여성",
              "age": "20대"
            },
            "speechAct": "(단언) 주장하기",
            "morpheme": "요즘/NNG+엔/JKB+JX+이광수/NNP+도/JX+눈/NNG+에/JKB+들어오/VV+더/EP+랔ㅋ/UNKNOWN"
          },
          {
            "id": 7,
            "text": "1 : 아 아시아 프린스 내 주변에 좋아하는 사람 많네?",
            "norm_text": "아 아시아 프린스 내 주변에 좋아하는 사람 많네?",
            "speaker": {
              "id": "1번",
              "sex": "여성",
              "age": "20대"
            },
            "speechAct": "(단언) 주장하기",
            "morpheme": "아/IC+아시아/NNP+프린스/NNP+내/MM+주변/NNG+에/JKB+좋/VA+아/EC+하/VV+는/ETM+사람/NNG+많/VA+네/EF"
          },
          {
            "id": 8,
            "text": "2 : 키키 아 이런  내 라이벌이 또 있어?",
            "norm_text": "키키 아 이런  내 라이벌이 또 있어?",
            "speaker": {
              "id": "2번",
              "sex": "여성",
              "age": "20대"
            },
            "speechAct": "(지시) 질문하기",
            "morpheme": "키/NNG+키/VV+아/EC+이런/MM+내/MM+라이벌/NNG+이/JKS+또/MAG+있/VV+어/EF"
          },
          {
            "id": 9,
            "text": "1 : 응 일단 이선빈 님도 있잖아~",
            "norm_text": "응 일단 이선빈 님도 있잖아~",
            "speaker": {
              "id": "1번",
              "sex": "여성",
              "age": "20대"
            },
            "speechAct": "(단언) 주장하기",
            "morpheme": "응/IC+일단/MAG+이선빈/NNP+님/XSN+도/JX+있/VA+잖아/EC+~/SY"
          },
          {
            "id": 10,
            "text": "2 : 아 맞네 , 그걸 생각 못했네 이길 수가 없다",
            "norm_text": "아 맞네 , 그걸 생각 못했네 이길 수가 없다",
            "speaker": {
              "id": "2번",
              "sex": "여성",
              "age": "20대"
            },
            "speechAct": "(단언) 주장하기",
            "morpheme": "아/IC+맞/VV+네/EF+,/SC+그걸/NP+JKO+생각/NNG+못/MAG+했/VV+EP+네/EF+이길수/NNP+가/JKS+없/VA+다/EC"
          },
          {
            "id": 11,
            "text": "1 : 너 싱크홀 보고 좋아하게 된 거야?",
            "norm_text": "너 싱크홀 보고 좋아하게 된 거야?",
            "speaker": {
              "id": "1번",
              "sex": "여성",
              "age": "20대"
            },
            "speechAct": "(지시) 질문하기",
            "morpheme": "너/NP+싱크홀/NNP+보고/JKB+좋/VA+아/EC+하/VV+게/EC+된/VV+ETM+거/NNB+야/VCP+EF"
          },
          {
            "id": 12,
            "text": "2 : 맞아 평소에도 웃겼는데 매력 있더라",
            "norm_text": "맞아 평소에도 웃겼는데 매력 있더라",
            "speaker": {
              "id": "2번",
              "sex": "여성",
              "age": "20대"
            },
            "speechAct": "(단언) 주장하기",
            "morpheme": "맞/VV+아/EC+평소/NNG+에/JKB+도/JX+웃겼/VV+EP+는데/EC+매력/NNG+있/VV+더라/EC"
          },
          {
            "id": 13,
            "text": "1 : 맞아 런닝맨에서 진짜 웃겼었는데 영화는 또 얼마나 웃길까?",
            "norm_text": "맞아 런닝맨에서 진짜 웃겼었는데 영화는 또 얼마나 웃길까?",
            "speaker": {
              "id": "1번",
              "sex": "여성",
              "age": "20대"
            },
            "speechAct": "(지시) 질문하기",
            "morpheme": "맞/VV+아/EC+런닝맨/NNP+에서/JKB+진짜/MAG+웃겼/VV+EP+었/EP+는데/EC+영화/NNG+는/JX+또/MAG+얼마나/MAG+웃/VV+길/ETN+JKO+까/VV+EF"
          },
          {
            "id": 14,
            "text": "2 : 키키 맞아 그 현실 연기 너무 좋아 키키",
            "norm_text": "키키 맞아 그 현실 연기 너무 좋아 키키",
            "speaker": {
              "id": "2번",
              "sex": "여성",
              "age": "20대"
            },
            "speechAct": "(단언) 주장하기",
            "morpheme": "키/NNG+키/XSV+ETN+맞/VV+아/EC+그/MM+현실/NNG+연기/NNG+너무/MAG+좋/VA+아/EC+키/NNG+키/XSV+ETN"
          },
          {
            "id": 15,
            "text": "1 : 아 진짜 싱크홀 보고 싶은데 볼 시간이 없네 ㅜㅜ",
            "norm_text": "아 진짜 싱크홀 보고 싶은데 볼 시간이 없네 ㅜㅜ",
            "speaker": {
              "id": "1번",
              "sex": "여성",
              "age": "20대"
            },
            "speechAct": "(단언) 주장하기",
            "morpheme": "아/IC+진짜/MAG+싱크홀/NNP+보/VV+고/EC+싶/VX+은데/EC+볼/VX+ETM+시간/NNG+이/JKS+없/VA+네/EF+ㅜㅜ/UNKNOWN"
          },
          {
            "id": 16,
            "text": "2 : 주말도 바쁘네 ㅠ 심야 영화 추천해 ㅠ",
            "norm_text": "주말도 바쁘네 ㅠ 심야 영화 추천해 ㅠ",
            "speaker": {
              "id": "2번",
              "sex": "여성",
              "age": "20대"
            },
            "speechAct": "(단언) 주장하기",
            "morpheme": "주말/NNG+도/JX+바쁘/VA+네/EF+ㅠ/UNKNOWN+심야/NNG+영화/NNG+추천/NNG+해/XSV+EC+ㅠ/UNKNOWN"
          }
        ]
      }
    }
  ]
}