{
  "dataset": {
    "identifier": 20989,
    "name": "BAND_27_12_set",
    "src_path": "/data/file/cubeManager/PROJECT001/49/txt20210916151141058167/BAND_27_12_set/",
    "label_path": "/data/file/cubeManager/PROJECT001/49/txt20210916151141058167/BAND_27_12_set/",
    "category": 2,
    "type": 0
  },
  "licenses": {
    "name": "Apache License 1.0",
    "url": "http://www.apache.org/licenses/LICENSE-1.0"
  },
  "info": [
    {
      "id": 28582,
      "filename": "BAND_27_12.txt",
      "title": "BAND_27_12",
      "mediatype": "SNS",
      "medianame": "네이버밴드",
      "category": "일상대화",
      "date": "2021-09-16",
      "size": 499,
      "annotations": {
        "subject": "여행",
        "speaker_type": "1:1",
        "size": 499,
        "word_size": 165,
        "text": "1 : 너는 가족 여행 계획 있어?\n2 : 최근에는 갔다 왔어\n2 : 여행이라고 쫌 그렇지만 펜션 빌려서 가족끼리 갔다 왔지\n1 : 그렇구나 어느 지역으로 다녀왔어?\n2 : 아 가까운 데 문경에 갔다 왔지\n2 : 저 산 꼭대기에 있더라\n1 : 키키 아니 놀러 간 거 아니고 운동하러 간 거 아니야?\n2 : 아니 차를 꼭대기에 세워 놓은 거지\n2 : 난 그런 데 있는 지도 몰랐다\n2 : 사촌 언니가 빌렸는데 크\n1 : 아 사촌도 같이 간 거야?\n2 : 응 갔지 문경에 이모가 있어서 다 같이 갔어\n1 : 그렇구나 오랜만에 다 같이 모여서 좋았겠다!\n2 : 어 고기 꾸어 먹고 애들은 풀장에서 놀고 정신이 없더라\n1 : 헐 산 꼭대기 펜션에 풀장도 있었어?\n2 : 조만한 거 있던데? 애들은 좋아하더라\n1 : 그치 애들은 풀장이면 환장하지 키키\n2 : 그치 아주 아침에 가서 저녁까지 놀더라 체력이 장난 없네\n1 : 맞아 애들 체력 진짜 무서워 후덜덜\n2 : 그니까 나중에는 거기 있는 사람들이랑도 친해져서  놀더라고 친화력 갑",
        "lines": [
          {
            "id": 1,
            "text": "1 : 너는 가족 여행 계획 있어?",
            "norm_text": "너는 가족 여행 계획 있어?",
            "speaker": {
              "id": "1번",
              "sex": "여성",
              "age": "20대"
            },
            "speechAct": "(지시) 질문하기",
            "morpheme": "너/NP+는/JX+가족/NNG+여행/NNG+계획/NNG+있/VA+어/EF"
          },
          {
            "id": 2,
            "text": "2 : 최근에는 갔다 왔어",
            "norm_text": "최근에는 갔다 왔어",
            "speaker": {
              "id": "2번",
              "sex": "여성",
              "age": "20대"
            },
            "speechAct": "(단언) 진술하기",
            "morpheme": "최근/NNG+에/JKB+는/JX+갔다왔/VV+EP+어/EC"
          },
          {
            "id": 3,
            "text": "2 : 여행이라고 쫌 그렇지만 펜션 빌려서 가족끼리 갔다 왔지",
            "norm_text": "여행이라고 쫌 그렇지만 펜션 빌려서 가족끼리 갔다 왔지",
            "speaker": {
              "id": "2번",
              "sex": "여성",
              "age": "20대"
            },
            "speechAct": "(단언) 진술하기",
            "morpheme": "여행/NNG+이/VCP+라고/EC+쫌/VV+ETN+그렇지만/MAJ+펜션/NNG+빌려서/VV+EC+가족/NNG+끼리/XSN+갔다왔/VV+EP+지/EC"
          },
          {
            "id": 4,
            "text": "1 : 그렇구나 어느 지역으로 다녀왔어?",
            "norm_text": "그렇구나 어느 지역으로 다녀왔어?",
            "speaker": {
              "id": "1번",
              "sex": "여성",
              "age": "20대"
            },
            "speechAct": "(지시) 질문하기",
            "morpheme": "그렇/VA+구나/EF+어느/MM+지역/NNG+으로/JKB+다녀왔/VV+EP+어/EF"
          },
          {
            "id": 5,
            "text": "2 : 아 가까운 데 문경에 갔다 왔지",
            "norm_text": "아 가까운 데 문경에 갔다 왔지",
            "speaker": {
              "id": "2번",
              "sex": "여성",
              "age": "20대"
            },
            "speechAct": "(단언) 진술하기",
            "morpheme": "아/IC+가까운/VA+ETM+데/NNB+문경/NNG+에/JKB+갔다왔/VV+EP+지/EC"
          },
          {
            "id": 6,
            "text": "2 : 저 산 꼭대기에 있더라",
            "norm_text": "저 산 꼭대기에 있더라",
            "speaker": {
              "id": "2번",
              "sex": "여성",
              "age": "20대"
            },
            "speechAct": "(단언) 진술하기",
            "morpheme": "저/MM+산꼭대기/NNG+에/JKB+있/VV+더라/EC"
          },
          {
            "id": 7,
            "text": "1 : 키키 아니 놀러 간 거 아니고 운동하러 간 거 아니야?",
            "norm_text": "키키 아니 놀러 간 거 아니고 운동하러 간 거 아니야?",
            "speaker": {
              "id": "1번",
              "sex": "여성",
              "age": "20대"
            },
            "speechAct": "(단언) 주장하기",
            "morpheme": "키/NNG+키/XSV+ETN+아니/VCN+놀/VV+러/EC+간/VV+ETM+거/NNB+아니/VCN+고/EC+운동/NNG+하/XSV+러/EC+간/VV+ETM+거/NNB+아니/VCN+야/EF"
          },
          {
            "id": 8,
            "text": "2 : 아니 차를 꼭대기에 세워 놓은 거지",
            "norm_text": "아니 차를 꼭대기에 세워 놓은 거지",
            "speaker": {
              "id": "2번",
              "sex": "여성",
              "age": "20대"
            },
            "speechAct": "(단언) 진술하기",
            "morpheme": "아니/IC+차/NNG+를/JKO+꼭대기/NNG+에/JKB+세워/VV+EC+놓/VX+은/ETM+거/NNB+지/VCP+EC"
          },
          {
            "id": 9,
            "text": "2 : 난 그런 데 있는 지도 몰랐다",
            "norm_text": "난 그런 데 있는 지도 몰랐다",
            "speaker": {
              "id": "2번",
              "sex": "여성",
              "age": "20대"
            },
            "speechAct": "(단언) 주장하기",
            "morpheme": "난/NP+JX+그런데/VA+EC+있/VX+는지/EC+도/JX+몰랐다/VV+EP"
          },
          {
            "id": 10,
            "text": "2 : 사촌 언니가 빌렸는데 크",
            "norm_text": "사촌 언니가 빌렸는데 크",
            "speaker": {
              "id": "2번",
              "sex": "여성",
              "age": "20대"
            },
            "speechAct": "(단언) 진술하기",
            "morpheme": "사촌/NNG+언니/NNG+가/JKS+빌렸/VV+EP+는데/EC+크/VA"
          },
          {
            "id": 11,
            "text": "1 : 아 사촌도 같이 간 거야?",
            "norm_text": "아 사촌도 같이 간 거야?",
            "speaker": {
              "id": "1번",
              "sex": "여성",
              "age": "20대"
            },
            "speechAct": "(지시) 질문하기",
            "morpheme": "아/IC+사촌/NNG+도/JX+같이/MAG+간/VV+ETM+거/NNB+야/VCP+EF"
          },
          {
            "id": 12,
            "text": "2 : 응 갔지 문경에 이모가 있어서 다 같이 갔어",
            "norm_text": "응 갔지 문경에 이모가 있어서 다 같이 갔어",
            "speaker": {
              "id": "2번",
              "sex": "여성",
              "age": "20대"
            },
            "speechAct": "(단언) 진술하기",
            "morpheme": "응/IC+갔/VV+EP+지/EC+문경/NNG+에/JKB+이모/NNG+가/JKS+있/VA+어서/EC+다/MAG+같이/MAG+갔/VV+EP+어/EC"
          },
          {
            "id": 13,
            "text": "1 : 그렇구나 오랜만에 다 같이 모여서 좋았겠다!",
            "norm_text": "그렇구나 오랜만에 다 같이 모여서 좋았겠다!",
            "speaker": {
              "id": "1번",
              "sex": "여성",
              "age": "20대"
            },
            "speechAct": "(단언) 주장하기",
            "morpheme": "그렇/VA+구나/EF+오랜만/NNG+에다/JKB+같이/MAG+모여서/VV+EC+좋/VA+았/EP+겠/EP+다/EF"
          },
          {
            "id": 14,
            "text": "2 : 어 고기 꾸어 먹고 애들은 풀장에서 놀고 정신이 없더라",
            "norm_text": "어 고기 꾸어 먹고 애들은 풀장에서 놀고 정신이 없더라",
            "speaker": {
              "id": "2번",
              "sex": "여성",
              "age": "20대"
            },
            "speechAct": "(단언) 주장하기",
            "morpheme": "어/IC+고기/NNG+꾸/VV+어/EC+먹/VV+고/EC+애/NNG+들/XSN+은/JX+풀장/NNG+에서/JKB+놀/VV+고/EC+정신/NNG+이/JKS+없/VA+더라/EC"
          },
          {
            "id": 15,
            "text": "1 : 헐 산 꼭대기 펜션에 풀장도 있었어?",
            "norm_text": "헐 산 꼭대기 펜션에 풀장도 있었어?",
            "speaker": {
              "id": "1번",
              "sex": "여성",
              "age": "20대"
            },
            "speechAct": "(지시) 질문하기",
            "morpheme": "헐/IC+산꼭대기/NNG+펜션/NNG+에/JKB+풀장/NNG+도/JX+있/VA+었/EP+어/EF"
          },
          {
            "id": 16,
            "text": "2 : 조만한 거 있던데? 애들은 좋아하더라",
            "norm_text": "조만한 거 있던데? 애들은 좋아하더라",
            "speaker": {
              "id": "2번",
              "sex": "여성",
              "age": "20대"
            },
            "speechAct": "(단언) 진술하기",
            "morpheme": "조만/XR+한/XSA+ETM+거/NNB+있/VA+던데/EF+애/NNG+들/XSN+은/JX+좋/VA+아/EC+하/VV+더라/EC"
          },
          {
            "id": 17,
            "text": "1 : 그치 애들은 풀장이면 환장하지 키키",
            "norm_text": "그치 애들은 풀장이면 환장하지 키키",
            "speaker": {
              "id": "1번",
              "sex": "여성",
              "age": "20대"
            },
            "speechAct": "(단언) 주장하기",
            "morpheme": "그치/IC+애/NNG+들/XSN+은/JX+풀장/NNG+이/VCP+면/EC+환장/NNG+하/XSV+지/EC+키/NNG+키/XSV+ETN"
          },
          {
            "id": 18,
            "text": "2 : 그치 아주 아침에 가서 저녁까지 놀더라 체력이 장난 없네",
            "norm_text": "그치 아주 아침에 가서 저녁까지 놀더라 체력이 장난 없네",
            "speaker": {
              "id": "2번",
              "sex": "여성",
              "age": "20대"
            },
            "speechAct": "(단언) 주장하기",
            "morpheme": "그치/IC+아주/MAG+아침/NNG+에/JKB+가/VV+서/EC+저녁/NNG+까지/JX+놀/VV+더라/EC+체력/NNG+이/JKS+장난/NNG+없/VA+네/EC"
          },
          {
            "id": 19,
            "text": "1 : 맞아 애들 체력 진짜 무서워 후덜덜",
            "norm_text": "맞아 애들 체력 진짜 무서워 후덜덜",
            "speaker": {
              "id": "1번",
              "sex": "여성",
              "age": "20대"
            },
            "speechAct": "(단언) 주장하기",
            "morpheme": "맞/VV+아/EC+애/NNG+들/XSN+체력/NNG+진짜/MAG+무서워/VA+EC+후/NNG+덜덜/MAG"
          },
          {
            "id": 20,
            "text": "2 : 그니까 나중에는 거기 있는 사람들이랑도 친해져서  놀더라고 친화력 갑",
            "norm_text": "그니까 나중에는 거기 있는 사람들이랑도 친해져서  놀더라고 친화력 갑",
            "speaker": {
              "id": "2번",
              "sex": "여성",
              "age": "20대"
            },
            "speechAct": "(단언) 주장하기",
            "morpheme": "그니까/MAJ+나중/NNG+에/JKB+는/JX+거기/NP+있/VA+는/ETM+사람/NNG+들/XSN+이랑/JKB+도/JX+친해져서/VA+EC+VX+EC+놀/VV+더라고/EC+친화력/NNG+갑/NNG"
          }
        ]
      }
    }
  ]
}