{
  "dataset": {
    "identifier": 104139,
    "name": "BAND_38_03_set",
    "src_path": "/data/file/cubeManager/PROJECT001/77/txt20211027150101067313/BAND_38_03_set/",
    "label_path": "/data/file/cubeManager/PROJECT001/77/txt20211027150101067313/BAND_38_03_set/",
    "category": 2,
    "type": 0
  },
  "licenses": {
    "name": "Apache License 1.0",
    "url": "http://www.apache.org/licenses/LICENSE-1.0"
  },
  "info": [
    {
      "id": 96663,
      "filename": "BAND_38_03.txt",
      "title": "BAND_38_03",
      "mediatype": "SNS",
      "medianame": "네이버밴드",
      "category": "일상대화",
      "date": "2021-10-27",
      "size": 546,
      "annotations": {
        "subject": "교통",
        "speaker_type": "다자간 대화",
        "size": 546,
        "word_size": 175,
        "text": "1 : 다들 대중교통 자주 이용해?\n2 : 나는 노노~ 출퇴근 통근차 역세권 집이라 하하\n3 : 요즘 학원 갈때 버스 타는데 너무 좋은 거 같아!\n1 : 나도 버스 이용하는데 넘 오래걸려 키키\n2 : 훗 대중 교통러들,\n2 : 버스 불편해잉 기사님이 문 안 열어주면 담 정거장 가야함\n3 : 그래두 창밖 보고가는 기분이 좋더라구 하하\n1 : 키키 난 폰만 봐서 키키 밖을 잘 안봤네 ㅜㅜ\n2 : 헐 로망이 없네!\n2 : 나도 버스타면 창 밖보는데 기분 매우 라일락\n3 : 키키 주변보면 다 폰만 보긴하더라!\n1 : 키키 아침이라 기사보고 인스타 보느라 키키정신없오\n2 : 올 기사~^^ 도시여자 같은 걸~?역시 하루의 시작을 바쁘게 하는군\n3 : 난 맨날 졸기만하는데 키키 밖이랑 반반인 거같아\n1 : 키키 난 집 올 때 거의 졸아 키키\n2 : ㅇㅈ 나도 통근차에서 맨날 잠 목베개도 있음 키키\n3 : 그냥 딥슬립이지 키키 힘들어서 그런가\n1 : 힘들어 키키\n1 : 항상 하루가 너무 길었어...\n2 : 마저마저~\n2 : 그나마 출퇴근시 안 자면 집 와서 자야함\n3 : 가끔 택시 타는데 비싸지만 안 아까운...!",
        "lines": [
          {
            "id": 1,
            "text": "1 : 다들 대중교통 자주 이용해?",
            "norm_text": "다들 대중교통 자주 이용해?",
            "speaker": {
              "id": "1번",
              "sex": "여성",
              "age": "20대"
            },
            "speechAct": "(지시) 질문하기",
            "morpheme": "다/MAG+들/XSN+대중교통/NNG+자주/MAG+이용/NNG+해/XSV+EF"
          },
          {
            "id": 2,
            "text": "2 : 나는 노노~ 출퇴근 통근차 역세권 집이라 하하",
            "norm_text": "나는 노노~ 출퇴근 통근차 역세권 집이라 하하",
            "speaker": {
              "id": "2번",
              "sex": "여성",
              "age": "20대"
            },
            "speechAct": "(단언) 주장하기",
            "morpheme": "나/NP+는/JX+노노/NNP+~/SY+출퇴근통근차역세권집이라하하/UNKNOWN"
          },
          {
            "id": 3,
            "text": "3 : 요즘 학원 갈때 버스 타는데 너무 좋은 거 같아!",
            "norm_text": "요즘 학원 갈때 버스 타는데 너무 좋은 거 같아!",
            "speaker": {
              "id": "3번",
              "sex": "남성",
              "age": "20대"
            },
            "speechAct": "(단언) 주장하기",
            "morpheme": "요즘/NNG+학원/NNG+갈/VV+ETM+때/NNG+버스/NNG+타/VV+는데/EC+너무/MAG+좋/VA+은/ETM+거/NNB+같/VA+아/EF"
          },
          {
            "id": 4,
            "text": "1 : 나도 버스 이용하는데 넘 오래걸려 키키",
            "norm_text": "나도 버스 이용하는데 넘 오래걸려 키키",
            "speaker": {
              "id": "1번",
              "sex": "여성",
              "age": "20대"
            },
            "speechAct": "(단언) 주장하기",
            "morpheme": "나/NP+도/JX+버스/NNG+이용/NNG+하/XSV+는/ETM+데넘/NNP+오래/MAG+걸려/VV+EC+키/NNG+키/XSV+ETN"
          },
          {
            "id": 5,
            "text": "2 : 훗 대중 교통러들,",
            "norm_text": "훗 대중 교통러들,",
            "speaker": {
              "id": "2번",
              "sex": "여성",
              "age": "20대"
            },
            "speechAct": "(단언) 진술하기",
            "morpheme": "훗대중교통러들/UNKNOWN+,/SC"
          },
          {
            "id": 6,
            "text": "2 : 버스 불편해잉 기사님이 문 안 열어주면 담 정거장 가야함",
            "norm_text": "버스 불편해잉 기사님이 문 안 열어주면 담 정거장 가야함",
            "speaker": {
              "id": "2번",
              "sex": "여성",
              "age": "20대"
            },
            "speechAct": "(단언) 주장하기",
            "morpheme": "버스/NNG+불편/NNG+해/XSV+EC+잉/NNG+기사/NNG+님/XSN+이/JKS+문/NNG+안/MAG+열/VV+어/EC+주/VX+면/EC+담/NNG+정거장/NNG+가야/NNG+함/XSV+ETN"
          },
          {
            "id": 7,
            "text": "3 : 그래두 창밖 보고가는 기분이 좋더라구 하하",
            "norm_text": "그래두 창밖 보고가는 기분이 좋더라구 하하",
            "speaker": {
              "id": "3번",
              "sex": "남성",
              "age": "20대"
            },
            "speechAct": "(단언) 진술하기",
            "morpheme": "그래두/MAJ+창밖/NNG+보/VV+고/EC+가/VX+는/ETM+기분/NNG+이/JKS+좋/VA+더라구/EF+하하/MAG"
          },
          {
            "id": 8,
            "text": "1 : 키키 난 폰만 봐서 키키 밖을 잘 안봤네 ㅜㅜ",
            "norm_text": "키키 난 폰만 봐서 키키 밖을 잘 안봤네 ㅜㅜ",
            "speaker": {
              "id": "1번",
              "sex": "여성",
              "age": "20대"
            },
            "speechAct": "(단언) 진술하기",
            "morpheme": "키/NNG+키/XSV+ETN+난/VV+ETM+폰/NNG+만/JX+봐서/VV+EC+키/NNG+키/NNG+밖/NNG+을/JKO+잘/MAG+안/MAG+봤/VV+EP+네/EF+ㅜㅜ/UNKNOWN"
          },
          {
            "id": 9,
            "text": "2 : 헐 로망이 없네!",
            "norm_text": "헐 로망이 없네!",
            "speaker": {
              "id": "2번",
              "sex": "여성",
              "age": "20대"
            },
            "speechAct": "(단언) 주장하기",
            "morpheme": "헐/IC+로망/NNG+이/JKS+없/VA+네/EF"
          },
          {
            "id": 10,
            "text": "2 : 나도 버스타면 창 밖보는데 기분 매우 라일락",
            "norm_text": "나도 버스타면 창 밖보는데 기분 매우 라일락",
            "speaker": {
              "id": "2번",
              "sex": "여성",
              "age": "20대"
            },
            "speechAct": "(단언) 진술하기",
            "morpheme": "나/NP+도/JX+버스타/NNP+면창/NNG+밖/NNG+보/VV+는데/EC+기분/NNG+매우/MAG+라일락/NNG"
          },
          {
            "id": 11,
            "text": "3 : 키키 주변보면 다 폰만 보긴하더라!",
            "norm_text": "키키 주변보면 다 폰만 보긴하더라!",
            "speaker": {
              "id": "3번",
              "sex": "남성",
              "age": "20대"
            },
            "speechAct": "(단언) 주장하기",
            "morpheme": "키/NNG+키/NNG+주변/NNG+보/VV+면/EC+다/MAG+폰/NNG+만/JX+보/VV+긴/ETN+JX+하/VX+더라/EF"
          },
          {
            "id": 12,
            "text": "1 : 키키 아침이라 기사보고 인스타 보느라 키키정신없오",
            "norm_text": "키키 아침이라 기사보고 인스타 보느라 키키정신없오",
            "speaker": {
              "id": "1번",
              "sex": "여성",
              "age": "20대"
            },
            "speechAct": "(단언) 주장하기",
            "morpheme": "키/NNG+키/NNG+아침/NNG+이/VCP+라/EC+기사/NNG+보고/NNG+인/VCP+ETM+스타/NNG+보/VV+느라/EC+키/NNG+키/XSV+ETN+정신없/VA+오/EC"
          },
          {
            "id": 13,
            "text": "2 : 올 기사~^^ 도시여자 같은 걸~?역시 하루의 시작을 바쁘게 하는군",
            "norm_text": "올 기사~^^ 도시여자 같은 걸~?역시 하루의 시작을 바쁘게 하는군",
            "speaker": {
              "id": "2번",
              "sex": "여성",
              "age": "20대"
            },
            "speechAct": "(단언) 주장하기",
            "morpheme": "올/MM+기사/NNG+~/SY+^/SY+^/SY+도시/NNG+여자/NNG+같/VA+은/ETM+걸/NNB+JKO+~/SY+역시/MAJ+하루/NNG+의/JKG+시작/NNG+을/JKO+바쁘/VA+게/EC+하/VV+는군/EC"
          },
          {
            "id": 14,
            "text": "3 : 난 맨날 졸기만하는데 키키 밖이랑 반반인 거같아",
            "norm_text": "난 맨날 졸기만하는데 키키 밖이랑 반반인 거같아",
            "speaker": {
              "id": "3번",
              "sex": "남성",
              "age": "20대"
            },
            "speechAct": "(단언) 주장하기",
            "morpheme": "난/NP+JX+맨날/MAG+졸/VV+기/ETN+만/JX+하/VV+는데/EC+키/NNG+키/NNG+밖/NNG+이랑/JKB+반반/NNG+인/VCP+ETM+거/NNB+같/VA+아/EC"
          },
          {
            "id": 15,
            "text": "1 : 키키 난 집 올 때 거의 졸아 키키",
            "norm_text": "키키 난 집 올 때 거의 졸아 키키",
            "speaker": {
              "id": "1번",
              "sex": "여성",
              "age": "20대"
            },
            "speechAct": "(단언) 주장하기",
            "morpheme": "키/NNG+키/XSV+ETN+난/VV+ETM+집/NNG+올/MM+때/NNG+거의/MAG+졸/VA+ETM+아키/NNP+키/NNG"
          },
          {
            "id": 16,
            "text": "2 : ㅇㅈ 나도 통근차에서 맨날 잠 목베개도 있음 키키",
            "norm_text": "ㅇㅈ 나도 통근차에서 맨날 잠 목베개도 있음 키키",
            "speaker": {
              "id": "2번",
              "sex": "여성",
              "age": "20대"
            },
            "speechAct": "(단언) 주장하기",
            "morpheme": "ㅇㅈ/UNKNOWN+나/NP+도/JX+통근차/NNG+에서/JKB+맨날/MAG+잠/NNG+목/NNG+베개/NNG+도/JX+있/VX+음/ETN+키/NNG+키/XSV+ETN"
          },
          {
            "id": 17,
            "text": "3 : 그냥 딥슬립이지 키키 힘들어서 그런가",
            "norm_text": "그냥 딥슬립이지 키키 힘들어서 그런가",
            "speaker": {
              "id": "3번",
              "sex": "남성",
              "age": "20대"
            },
            "speechAct": "(단언) 진술하기",
            "morpheme": "그냥/MAG+딥/NNG+슬립/NNG+이/VCP+지/EC+키/NNG+키/XSV+ETN+힘들/VA+어서/EC+그런가/VA+EC"
          },
          {
            "id": 18,
            "text": "1 : 힘들어 키키",
            "norm_text": "힘들어 키키",
            "speaker": {
              "id": "1번",
              "sex": "여성",
              "age": "20대"
            },
            "speechAct": "(단언) 주장하기",
            "morpheme": "힘들/VA+어/EC+키/NNG+키/XSV+ETN"
          },
          {
            "id": 19,
            "text": "1 : 항상 하루가 너무 길었어...",
            "norm_text": "항상 하루가 너무 길었어...",
            "speaker": {
              "id": "1번",
              "sex": "여성",
              "age": "20대"
            },
            "speechAct": "(단언) 주장하기",
            "morpheme": "항상/MAG+하루/NNG+가/JKS+너무/MAG+길/VA+었/EP+어/EF+./SY"
          },
          {
            "id": 20,
            "text": "2 : 마저마저~",
            "norm_text": "마저마저~",
            "speaker": {
              "id": "2번",
              "sex": "여성",
              "age": "20대"
            },
            "speechAct": "(단언) 주장하기",
            "morpheme": "마저/MAG+마저/JX+~/SY"
          },
          {
            "id": 21,
            "text": "2 : 그나마 출퇴근시 안 자면 집 와서 자야함",
            "norm_text": "그나마 출퇴근시 안 자면 집 와서 자야함",
            "speaker": {
              "id": "2번",
              "sex": "여성",
              "age": "20대"
            },
            "speechAct": "(단언) 주장하기",
            "morpheme": "그나마/MAG+출퇴근/NNG+시/NNG+안/MAG+자/VV+면/EC+집/NNG+와서/VV+EC+자야/NNG+함/XSV+ETN"
          },
          {
            "id": 22,
            "text": "3 : 가끔 택시 타는데 비싸지만 안 아까운...!",
            "norm_text": "가끔 택시 타는데 비싸지만 안 아까운...!",
            "speaker": {
              "id": "3번",
              "sex": "남성",
              "age": "20대"
            },
            "speechAct": "(단언) 주장하기",
            "morpheme": "가끔/MAG+택시/NNG+타/VV+는/ETM+데/NNB+비싸/VA+지만/EC+안/MAG+아까운/VA+ETM+./SY+./SY"
          }
        ]
      }
    }
  ]
}