{
  "dataset": {
    "identifier": 101039,
    "name": "BAND_37_11_set",
    "src_path": "/data/file/cubeManager/PROJECT001/77/txt20211027150101059525/BAND_37_11_set/",
    "label_path": "/data/file/cubeManager/PROJECT001/77/txt20211027150101059525/BAND_37_11_set/",
    "category": 2,
    "type": 0
  },
  "licenses": {
    "name": "Apache License 1.0",
    "url": "http://www.apache.org/licenses/LICENSE-1.0"
  },
  "info": [
    {
      "id": 96651,
      "filename": "BAND_37_11.txt",
      "title": "BAND_37_11",
      "mediatype": "SNS",
      "medianame": "네이버밴드",
      "category": "일상대화",
      "date": "2021-10-27",
      "size": 476,
      "annotations": {
        "subject": "게임",
        "speaker_type": "다자간 대화",
        "size": 476,
        "word_size": 160,
        "text": "1 : 요즘 하고 있는 게임 있어?\n2 : 나는 자주는 안하는데 그냥 롤 정도?\n2 : 엄청 가끔하는거라 키키\n3 : 나도 롤 게임 자주해!\n1 : 롤 재밌어?\n1 : 무슨 게임이야?\n2 : 음 5대5로 싸우는 게임인데 젤 큰 건물 먼저 부시는 팀이 이기는 게임이야 키키\n3 : 남의 탓 제일 많이 하는 게임...?\n1 : 아 키키 요즘 남자애들 많이들 하더라고\n2 : 응 맞어 세계적으로 엄청 유명해서 인기도 좋아 키키\n3 : 나도 유명해서 시작 하긴했쥐\n1 : 키키 난 그런 게임 못해 ㅜㅜ\n2 : 근데 나도 어릴 때야 게임많이 했는데 나이 먹으니깐 잘 안하게 되더라 키키\n3 : 나는 하루종일도 할 수 있오 키키\n1 : 겜 최대 몇 시간 가능해?\n2 : 나는 최대한 많이 해도 두시간…?\n3 : 나는 하면 10시간도 해!\n1 : 와 키키 열 시간 대단한데?\n1 : 난 1시간도 안가는데 키키\n2 : 나도 어릴 때는 많이 했는데 세월이 야속하네ㅠㅠ\n3 : 헤헤 역시 젊은 게 좋다니까",
        "lines": [
          {
            "id": 1,
            "text": "1 : 요즘 하고 있는 게임 있어?",
            "norm_text": "요즘 하고 있는 게임 있어?",
            "speaker": {
              "id": "1번",
              "sex": "여성",
              "age": "20대"
            },
            "speechAct": "(지시) 질문하기",
            "morpheme": "요즘/NNG+하/XSV+고/EC+있/VX+는/ETM+게임/NNG+있/VA+어/EF"
          },
          {
            "id": 2,
            "text": "2 : 나는 자주는 안하는데 그냥 롤 정도?",
            "norm_text": "나는 자주는 안하는데 그냥 롤 정도?",
            "speaker": {
              "id": "2번",
              "sex": "남성",
              "age": "20대"
            },
            "speechAct": "(지시) 질문하기",
            "morpheme": "나/NP+는/JX+자주/NNG+는/JX+안/MAG+하/VV+는데/EC+그냥/MAG+롤/NNG+정도/NNG"
          },
          {
            "id": 3,
            "text": "2 : 엄청 가끔하는거라 키키",
            "norm_text": "엄청 가끔하는거라 키키",
            "speaker": {
              "id": "2번",
              "sex": "남성",
              "age": "20대"
            },
            "speechAct": "(단언) 주장하기",
            "morpheme": "엄청/MAG+가끔/MAG+하/VV+는/ETM+거/NNB+라/VCP+EC+키/NNG+키/XSV+ETN"
          },
          {
            "id": 4,
            "text": "3 : 나도 롤 게임 자주해!",
            "norm_text": "나도 롤 게임 자주해!",
            "speaker": {
              "id": "3번",
              "sex": "남성",
              "age": "20대"
            },
            "speechAct": "(단언) 주장하기",
            "morpheme": "나도롤/NNP+게임/NNG+자주/MAG+해/VV+EF"
          },
          {
            "id": 5,
            "text": "1 : 롤 재밌어?",
            "norm_text": "롤 재밌어?",
            "speaker": {
              "id": "1번",
              "sex": "여성",
              "age": "20대"
            },
            "speechAct": "(지시) 질문하기",
            "morpheme": "롤/NNG+재밌/VA+어/EF"
          },
          {
            "id": 6,
            "text": "1 : 무슨 게임이야?",
            "norm_text": "무슨 게임이야?",
            "speaker": {
              "id": "1번",
              "sex": "여성",
              "age": "20대"
            },
            "speechAct": "(지시) 질문하기",
            "morpheme": "무슨/MM+게임/NNG+이/VCP+야/EF"
          },
          {
            "id": 7,
            "text": "2 : 음 5대5로 싸우는 게임인데 젤 큰 건물 먼저 부시는 팀이 이기는 게임이야 키키",
            "norm_text": "음 5대5로 싸우는 게임인데 젤 큰 건물 먼저 부시는 팀이 이기는 게임이야 키키",
            "speaker": {
              "id": "2번",
              "sex": "남성",
              "age": "20대"
            },
            "speechAct": "(단언) 주장하기",
            "morpheme": "음/IC+5/SN+대/NNBC+5/SN+로싸우는게임인데젤큰건물먼저부시는팀이이기는게임이야키키/UNKNOWN"
          },
          {
            "id": 8,
            "text": "3 : 남의 탓 제일 많이 하는 게임...?",
            "norm_text": "남의 탓 제일 많이 하는 게임...?",
            "speaker": {
              "id": "3번",
              "sex": "남성",
              "age": "20대"
            },
            "speechAct": "(지시) 질문하기",
            "morpheme": "남/NNG+의/JKG+탓/NNG+제일/MAG+많이/MAG+하/VV+는/ETM+게임/NNG+./SY+./SY"
          },
          {
            "id": 9,
            "text": "1 : 아 키키 요즘 남자애들 많이들 하더라고",
            "norm_text": "아 키키 요즘 남자애들 많이들 하더라고",
            "speaker": {
              "id": "1번",
              "sex": "여성",
              "age": "20대"
            },
            "speechAct": "(단언) 주장하기",
            "morpheme": "아키/NNP+키/NNG+요즘/NNG+남자/NNG+애/NNG+들/XSN+많이/MAG+들/XSN+하/VV+더라고/EC"
          },
          {
            "id": 10,
            "text": "2 : 응 맞어 세계적으로 엄청 유명해서 인기도 좋아 키키",
            "norm_text": "응 맞어 세계적으로 엄청 유명해서 인기도 좋아 키키",
            "speaker": {
              "id": "2번",
              "sex": "남성",
              "age": "20대"
            },
            "speechAct": "(단언) 주장하기",
            "morpheme": "응/IC+맞/VV+어/EC+세계/NNG+적/XSN+으로/JKB+엄청/MAG+유명/NNG+해서/XSV+EC+인기/NNG+도/JX+좋/VA+아/EC+키/NNG+키/XSV+ETN"
          },
          {
            "id": 11,
            "text": "3 : 나도 유명해서 시작 하긴했쥐",
            "norm_text": "나도 유명해서 시작 하긴했쥐",
            "speaker": {
              "id": "3번",
              "sex": "남성",
              "age": "20대"
            },
            "speechAct": "(단언) 주장하기",
            "morpheme": "나/NP+도/JX+유명/NNG+해서/XSV+EC+시작/NNG+하/XSV+긴/ETN+JX+했/VX+EP+쥐/NNG"
          },
          {
            "id": 12,
            "text": "1 : 키키 난 그런 게임 못해 ㅜㅜ",
            "norm_text": "키키 난 그런 게임 못해 ㅜㅜ",
            "speaker": {
              "id": "1번",
              "sex": "여성",
              "age": "20대"
            },
            "speechAct": "(단언) 주장하기",
            "morpheme": "키/NNG+키/XSV+ETN+난/NP+JX+그런/MM+게임/NNG+못/MAG+해/VV+EC+ㅜㅜ/UNKNOWN"
          },
          {
            "id": 13,
            "text": "2 : 근데 나도 어릴 때야 게임많이 했는데 나이 먹으니깐 잘 안하게 되더라 키키",
            "norm_text": "근데 나도 어릴 때야 게임많이 했는데 나이 먹으니깐 잘 안하게 되더라 키키",
            "speaker": {
              "id": "2번",
              "sex": "남성",
              "age": "20대"
            },
            "speechAct": "(단언) 주장하기",
            "morpheme": "근데/MAJ+나/NP+도/JX+어릴/VA+ETM+때/NNG+야/VCP+EF+게임/NNG+많이/MAG+했/VV+EP+는데/EC+나이/NNG+먹/VV+으니깐/EC+잘/MAG+안/MAG+하/VV+게/EC+되/VV+더라/EC+키/NNG+키/XSV+ETN"
          },
          {
            "id": 14,
            "text": "3 : 나는 하루종일도 할 수 있오 키키",
            "norm_text": "나는 하루종일도 할 수 있오 키키",
            "speaker": {
              "id": "3번",
              "sex": "남성",
              "age": "20대"
            },
            "speechAct": "(단언) 주장하기",
            "morpheme": "나/NP+는/JX+하루/NNG+종일/NNG+도/JX+할/VV+ETM+수/NNB+있/VV+오/EC+키/NNG+키/XSV+ETN"
          },
          {
            "id": 15,
            "text": "1 : 겜 최대 몇 시간 가능해?",
            "norm_text": "겜 최대 몇 시간 가능해?",
            "speaker": {
              "id": "1번",
              "sex": "여성",
              "age": "20대"
            },
            "speechAct": "(지시) 질문하기",
            "morpheme": "겜/NNP+최대/NNG+몇/MM+시간/NNG+가능/NNG+해/XSV+EF"
          },
          {
            "id": 16,
            "text": "2 : 나는 최대한 많이 해도 두시간…?",
            "norm_text": "나는 최대한 많이 해도 두시간…?",
            "speaker": {
              "id": "2번",
              "sex": "남성",
              "age": "20대"
            },
            "speechAct": "(지시) 질문하기",
            "morpheme": "나/NP+는/JX+최대한/MAG+많이/MAG+해도/VV+EC+두/MM+시간/NNG+…/SE"
          },
          {
            "id": 17,
            "text": "3 : 나는 하면 10시간도 해!",
            "norm_text": "나는 하면 10시간도 해!",
            "speaker": {
              "id": "3번",
              "sex": "남성",
              "age": "20대"
            },
            "speechAct": "(단언) 진술하기",
            "morpheme": "나/NP+는/JX+하/VV+면/EC+10/SN+시간/NNG+도/JX+해/VV+EF"
          },
          {
            "id": 18,
            "text": "1 : 와 키키 열 시간 대단한데?",
            "norm_text": "와 키키 열 시간 대단한데?",
            "speaker": {
              "id": "1번",
              "sex": "여성",
              "age": "20대"
            },
            "speechAct": "(지시) 질문하기",
            "morpheme": "와키/NNP+키/NNG+열/NR+시간/NNG+대단/XR+한데/XSA+EF"
          },
          {
            "id": 19,
            "text": "1 : 난 1시간도 안가는데 키키",
            "norm_text": "난 1시간도 안가는데 키키",
            "speaker": {
              "id": "1번",
              "sex": "여성",
              "age": "20대"
            },
            "speechAct": "(단언) 주장하기",
            "morpheme": "난/NP+JX+1/SN+시간/NNG+도/JX+안/MAG+가/VV+는데/EC+키/NNG+키/XSV+ETN"
          },
          {
            "id": 20,
            "text": "2 : 나도 어릴 때는 많이 했는데 세월이 야속하네ㅠㅠ",
            "norm_text": "나도 어릴 때는 많이 했는데 세월이 야속하네ㅠㅠ",
            "speaker": {
              "id": "2번",
              "sex": "남성",
              "age": "20대"
            },
            "speechAct": "(단언) 주장하기",
            "morpheme": "나/NP+도/JX+어릴/VA+ETM+때/NNG+는/JX+많이/MAG+했/VV+EP+는데/EC+세월/NNG+이/VCP+야/EC+속하/VV+네/EF+ㅠㅠ/UNKNOWN"
          },
          {
            "id": 21,
            "text": "3 : 헤헤 역시 젊은 게 좋다니까",
            "norm_text": "헤헤 역시 젊은 게 좋다니까",
            "speaker": {
              "id": "3번",
              "sex": "남성",
              "age": "20대"
            },
            "speechAct": "(단언) 주장하기",
            "morpheme": "헤헤/IC+역시/MAJ+젊/VA+은/ETM+게/NNB+JKS+좋/VA+다니까/EC"
          }
        ]
      }
    }
  ]
}