{
  "dataset": {
    "identifier": 99846,
    "name": "BAND_38_08_set",
    "src_path": "/data/file/cubeManager/PROJECT001/77/txt202110271501010704100/BAND_38_08_set/",
    "label_path": "/data/file/cubeManager/PROJECT001/77/txt202110271501010704100/BAND_38_08_set/",
    "category": 2,
    "type": 0
  },
  "licenses": {
    "name": "Apache License 1.0",
    "url": "http://www.apache.org/licenses/LICENSE-1.0"
  },
  "info": [
    {
      "id": 96668,
      "filename": "BAND_38_08.txt",
      "title": "BAND_38_08",
      "mediatype": "SNS",
      "medianame": "네이버밴드",
      "category": "일상대화",
      "date": "2021-10-27",
      "size": 480,
      "annotations": {
        "subject": "연애/결혼",
        "speaker_type": "다자간 대화",
        "size": 480,
        "word_size": 153,
        "text": "1 : 다들 이상형이 어떻게 돼?\n2 : 오우예아 착한 사람 최고봉 아님니까\n3 : 맞아 착한 사람이 최고지! 키키\n1 : 키키 다들 거짓말 하지마 키키 더 있잖아\n2 : 키키 생김새가 공유 같으면 키키 뭐 하하 더 좋을 거 같기도 하하\n3 : 으음~ 공부 잘하는 사람?\n1 : 키키 오우 다양하네 키키\n1 : 연예인으로 비유하면?\n2 : 오우 지적미도 넘 좋지\n2 : 지적미는 유재석아냐? 근데 음...\n3 : 유재석 정말 존경하지! 여자라면 최고지\n1 : 키키 진짜 유느님은 그냥 신이야\n2 : ㅇㅈ... 이상형으로 뽑기에 몬가 좀 내가 건방짐 키키\n3 : 그렇긴 하지!\n3 : 그런 느낌이면 좋다는 거지~\n1 : 난 박효신 같은 사람 키키\n2 : 오우예 역시 40대 오빠들이 최고라고!\n3 : 키키 박효신 음색 좋아서 노래 잘하는 사람도 좋지!\n1 : 다 좋아 키키 공유 이정재 조승우 키키\n2 : 고수오빠는 몇 살이냐 끝내주는 외모\n3 : 이번에 보니까 이정재 배우님도 잘 생기셨더라구!",
        "lines": [
          {
            "id": 1,
            "text": "1 : 다들 이상형이 어떻게 돼?",
            "norm_text": "다들 이상형이 어떻게 돼?",
            "speaker": {
              "id": "1번",
              "sex": "여성",
              "age": "20대"
            },
            "speechAct": "(지시) 질문하기",
            "morpheme": "다/MAG+들/XSN+이/JKS+상형/NNG+이/JKS+어떻게/MAG+돼/VV+EF"
          },
          {
            "id": 2,
            "text": "2 : 오우예아 착한 사람 최고봉 아님니까",
            "norm_text": "오우예아 착한 사람 최고봉 아님니까",
            "speaker": {
              "id": "2번",
              "sex": "여성",
              "age": "20대"
            },
            "speechAct": "(단언) 주장하기",
            "morpheme": "오우/IC+예/IC+아/IC+착한/VA+ETM+사람/NNG+최고봉/NNG+아님/VCN+ETN+니까/VCP+EC"
          },
          {
            "id": 3,
            "text": "3 : 맞아 착한 사람이 최고지! 키키",
            "norm_text": "맞아 착한 사람이 최고지! 키키",
            "speaker": {
              "id": "3번",
              "sex": "남성",
              "age": "20대"
            },
            "speechAct": "(단언) 주장하기",
            "morpheme": "맞/VV+아/EC+착한/VA+ETM+사람/NNG+이/JKS+최고/NNG+지/VCP+EF+키/NNG+키/XSV+ETN"
          },
          {
            "id": 4,
            "text": "1 : 키키 다들 거짓말 하지마 키키 더 있잖아",
            "norm_text": "키키 다들 거짓말 하지마 키키 더 있잖아",
            "speaker": {
              "id": "1번",
              "sex": "여성",
              "age": "20대"
            },
            "speechAct": "(단언) 주장하기",
            "morpheme": "키/NNG+키/VV+다/EC+들/XSN+거짓말/NNG+하/XSV+지/EC+마키/NNG+키/NNG+더/MAG+있/VA+잖아/EC"
          },
          {
            "id": 5,
            "text": "2 : 키키 생김새가 공유 같으면 키키 뭐 하하 더 좋을 거 같기도 하하",
            "norm_text": "키키 생김새가 공유 같으면 키키 뭐 하하 더 좋을 거 같기도 하하",
            "speaker": {
              "id": "2번",
              "sex": "여성",
              "age": "20대"
            },
            "speechAct": "(단언) 주장하기",
            "morpheme": "키/NNG+키/NNG+생김새/NNG+가/JKS+공유/NNG+같/VA+으면/EC+키/NNG+키/XSV+ETN+뭐/IC+하하/MAG+더/MAG+좋/VA+을/ETM+거/NNB+같/VA+기/ETN+도/JX+하하/MAG"
          },
          {
            "id": 6,
            "text": "3 : 으음~ 공부 잘하는 사람?",
            "norm_text": "으음~ 공부 잘하는 사람?",
            "speaker": {
              "id": "3번",
              "sex": "남성",
              "age": "20대"
            },
            "speechAct": "(지시) 질문하기",
            "morpheme": "으음/IC+~/SY+공부/NNG+잘/MAG+하/VV+는/ETM+사람/NNG"
          },
          {
            "id": 7,
            "text": "1 : 키키 오우 다양하네 키키",
            "norm_text": "키키 오우 다양하네 키키",
            "speaker": {
              "id": "1번",
              "sex": "여성",
              "age": "20대"
            },
            "speechAct": "(단언) 주장하기",
            "morpheme": "키/NNG+키/NNG+오우/NNG+다양/NNG+하/XSV+네/EC+키/NNG+키/XSV+ETN"
          },
          {
            "id": 8,
            "text": "1 : 연예인으로 비유하면?",
            "norm_text": "연예인으로 비유하면?",
            "speaker": {
              "id": "1번",
              "sex": "여성",
              "age": "20대"
            },
            "speechAct": "(지시) 질문하기",
            "morpheme": "연예인/NNG+으로/JKB+비유/NNG+하/XSV+면/EC"
          },
          {
            "id": 9,
            "text": "2 : 오우 지적미도 넘 좋지",
            "norm_text": "오우 지적미도 넘 좋지",
            "speaker": {
              "id": "2번",
              "sex": "여성",
              "age": "20대"
            },
            "speechAct": "(단언) 주장하기",
            "morpheme": "오/NR+우지/NNG+적/XSN+미/NNG+도/JX+넘/MAG+좋/VA+지/EC"
          },
          {
            "id": 10,
            "text": "2 : 지적미는 유재석아냐? 근데 음...",
            "norm_text": "지적미는 유재석아냐? 근데 음...",
            "speaker": {
              "id": "2번",
              "sex": "여성",
              "age": "20대"
            },
            "speechAct": "(지시) 질문하기",
            "morpheme": "지적/NNG+미/NNP+는/JX+유재석/NNP+아냐/VCN+EF+근데/MAJ+음/IC+./SY"
          },
          {
            "id": 11,
            "text": "3 : 유재석 정말 존경하지! 여자라면 최고지",
            "norm_text": "유재석 정말 존경하지! 여자라면 최고지",
            "speaker": {
              "id": "3번",
              "sex": "남성",
              "age": "20대"
            },
            "speechAct": "(단언) 주장하기",
            "morpheme": "유재석/NNP+정말/MAG+존경/NNG+하/XSA+지/EF+여자/NNG+라면/VCP+EC+최고/NNG+지/VCP+EC"
          },
          {
            "id": 12,
            "text": "1 : 키키 진짜 유느님은 그냥 신이야",
            "norm_text": "키키 진짜 유느님은 그냥 신이야",
            "speaker": {
              "id": "1번",
              "sex": "여성",
              "age": "20대"
            },
            "speechAct": "(단언) 주장하기",
            "morpheme": "키/NNG+키/XSV+ETN+진짜/MAG+유/NNG+느/NNG+님/XSN+은/JX+그냥/MAG+신/NNG+이/VCP+야/EC"
          },
          {
            "id": 13,
            "text": "2 : ㅇㅈ... 이상형으로 뽑기에 몬가 좀 내가 건방짐 키키",
            "norm_text": "ㅇㅈ... 이상형으로 뽑기에 몬가 좀 내가 건방짐 키키",
            "speaker": {
              "id": "2번",
              "sex": "여성",
              "age": "20대"
            },
            "speechAct": "(단언) 주장하기",
            "morpheme": "ㅇㅈ/UNKNOWN+./SY+이상형으로뽑기에몬가좀내가건방짐키키/UNKNOWN"
          },
          {
            "id": 14,
            "text": "3 : 그렇긴 하지!",
            "norm_text": "그렇긴 하지!",
            "speaker": {
              "id": "3번",
              "sex": "남성",
              "age": "20대"
            },
            "speechAct": "(단언) 주장하기",
            "morpheme": "그렇/VA+긴/ETN+JX+하/VX+지/EF"
          },
          {
            "id": 15,
            "text": "3 : 그런 느낌이면 좋다는 거지~",
            "norm_text": "그런 느낌이면 좋다는 거지~",
            "speaker": {
              "id": "3번",
              "sex": "남성",
              "age": "20대"
            },
            "speechAct": "(단언) 주장하기",
            "morpheme": "그런/MM+느낌/NNG+이/VCP+면/EC+좋/VA+다는/ETM+거/NNB+지/VCP+EC+~/SY"
          },
          {
            "id": 16,
            "text": "1 : 난 박효신 같은 사람 키키",
            "norm_text": "난 박효신 같은 사람 키키",
            "speaker": {
              "id": "1번",
              "sex": "여성",
              "age": "20대"
            },
            "speechAct": "(단언) 주장하기",
            "morpheme": "난/NP+JX+박효신/NNP+같/VA+은/ETM+사람/NNG+키/NNG+키/XSV+ETN"
          },
          {
            "id": 17,
            "text": "2 : 오우예 역시 40대 오빠들이 최고라고!",
            "norm_text": "오우예 역시 40대 오빠들이 최고라고!",
            "speaker": {
              "id": "2번",
              "sex": "여성",
              "age": "20대"
            },
            "speechAct": "(단언) 주장하기",
            "morpheme": "오우/IC+예/IC+역시/MAJ+40/SN+대/NNBC+오빠/NNG+들/XSN+이/JKS+최고/NNG+라고/VCP+EF"
          },
          {
            "id": 18,
            "text": "3 : 키키 박효신 음색 좋아서 노래 잘하는 사람도 좋지!",
            "norm_text": "키키 박효신 음색 좋아서 노래 잘하는 사람도 좋지!",
            "speaker": {
              "id": "3번",
              "sex": "남성",
              "age": "20대"
            },
            "speechAct": "(단언) 주장하기",
            "morpheme": "키키/NNP+박효신/NNP+음색/NNG+좋/VA+아서/EC+노래/NNG+잘/MAG+하/VV+는/ETM+사람/NNG+도/JX+좋/VA+지/EF"
          },
          {
            "id": 19,
            "text": "1 : 다 좋아 키키 공유 이정재 조승우 키키",
            "norm_text": "다 좋아 키키 공유 이정재 조승우 키키",
            "speaker": {
              "id": "1번",
              "sex": "여성",
              "age": "20대"
            },
            "speechAct": "(단언) 주장하기",
            "morpheme": "다/MAG+좋/VA+아/EC+키키/NNP+공유/NNP+이정재/NNP+조승우/NNP+키키/NNP"
          },
          {
            "id": 20,
            "text": "2 : 고수오빠는 몇 살이냐 끝내주는 외모",
            "norm_text": "고수오빠는 몇 살이냐 끝내주는 외모",
            "speaker": {
              "id": "2번",
              "sex": "여성",
              "age": "20대"
            },
            "speechAct": "(단언) 주장하기",
            "morpheme": "고수/NNG+오빠/NNG+는/JX+몇/MM+살/NNBC+이/VCP+냐/EC+끝내/VV+EC+주/VX+는/ETM+외모/NNG"
          },
          {
            "id": 21,
            "text": "3 : 이번에 보니까 이정재 배우님도 잘 생기셨더라구!",
            "norm_text": "이번에 보니까 이정재 배우님도 잘 생기셨더라구!",
            "speaker": {
              "id": "3번",
              "sex": "남성",
              "age": "20대"
            },
            "speechAct": "(단언) 주장하기",
            "morpheme": "이번/NNG+에/JKB+보/VV+니까/EC+이정재/NNP+배우/NNG+님/XSN+도/JX+잘/MAG+생기/VV+셨/EP+EP+더라구/EF"
          }
        ]
      }
    }
  ]
}