{
  "dataset": {
    "identifier": 20990,
    "name": "BAND_27_10_set",
    "src_path": "/data/file/cubeManager/PROJECT001/49/txt20210916151141056733/BAND_27_10_set/",
    "label_path": "/data/file/cubeManager/PROJECT001/49/txt20210916151141056733/BAND_27_10_set/",
    "category": 2,
    "type": 0
  },
  "licenses": {
    "name": "Apache License 1.0",
    "url": "http://www.apache.org/licenses/LICENSE-1.0"
  },
  "info": [
    {
      "id": 28580,
      "filename": "BAND_27_10.txt",
      "title": "BAND_27_10",
      "mediatype": "SNS",
      "medianame": "네이버밴드",
      "category": "일상대화",
      "date": "2021-09-16",
      "size": 435,
      "annotations": {
        "subject": "스포츠/레저",
        "speaker_type": "1:1",
        "size": 435,
        "word_size": 151,
        "text": "1 : 너 운동 중에 필라테스라고 알아?\n2 : 어 그럼 알지 연예인들이 많이 하잖아\n1 : 근데 요가랑 필라테스랑 무슨 차이야?\n2 : 요가는 몸의 건강이고 필라는 약간 진짜 운동이 아닐 까?\n1 : 그런 거야? 나는 차이를 모르겠어서 ㅜ\n2 : 나도 모르겄다 차이를 한 번 찾아 봐야겠네\n1 : 찾아보고 나 좀 알려줘!\n2 : 그래 꼭 찾아 보고 알려 줄게!\n1 : 근데 요가랑 필라테스는 유연성이 있어야 하지 않아?\n2 : 맞아 그런 거 같애 아무래도 그거 없음 힘들 거 같아\n1 : 맞아 나는 선천적 돌 같은 몸이라 안 될 거 같아 ㅜㅜ\n2 : 키키 아 근데 가면  다 하게 있더라 키키\n1 : 그래서 한 번 경험해 보고 싶기는 해!\n2 : 음 한 번 경험을 해 보는 것도 나쁘지 않지 ~~\n1 : 말 나온 김에 나랑 같이 가지 않을래~?\n2 : 좋지 같이 가자\n2 : 힘겹게 스트레칭 하고 오자 !",
        "lines": [
          {
            "id": 1,
            "text": "1 : 너 운동 중에 필라테스라고 알아?",
            "norm_text": "너 운동 중에 필라테스라고 알아?",
            "speaker": {
              "id": "1번",
              "sex": "여성",
              "age": "20대"
            },
            "speechAct": "(지시) 질문하기",
            "morpheme": "너/NP+운동/NNG+중/NNB+에/JKB+필라테스/NNP+라고/VCP+EC+알/VV+아/EF"
          },
          {
            "id": 2,
            "text": "2 : 어 그럼 알지 연예인들이 많이 하잖아",
            "norm_text": "어 그럼 알지 연예인들이 많이 하잖아",
            "speaker": {
              "id": "2번",
              "sex": "여성",
              "age": "20대"
            },
            "speechAct": "(단언) 주장하기",
            "morpheme": "어/IC+그럼/MAJ+알/VV+지/EC+연예인/NNG+들/XSN+이/JKS+많이/MAG+하/VV+잖아/EC"
          },
          {
            "id": 3,
            "text": "1 : 근데 요가랑 필라테스랑 무슨 차이야?",
            "norm_text": "근데 요가랑 필라테스랑 무슨 차이야?",
            "speaker": {
              "id": "1번",
              "sex": "여성",
              "age": "20대"
            },
            "speechAct": "(지시) 질문하기",
            "morpheme": "근데/MAJ+요가/NNG+랑/JC+필라테스/NNP+랑/JC+무슨/MM+차이/NNG+야/VCP+EF"
          },
          {
            "id": 4,
            "text": "2 : 요가는 몸의 건강이고 필라는 약간 진짜 운동이 아닐 까?",
            "norm_text": "요가는 몸의 건강이고 필라는 약간 진짜 운동이 아닐 까?",
            "speaker": {
              "id": "2번",
              "sex": "여성",
              "age": "20대"
            },
            "speechAct": "(단언) 주장하기",
            "morpheme": "요가/NNG+는/JX+몸/NNG+의/JKG+건강/NNG+이/VCP+고/EC+필라/NNP+는/JX+약간/MAG+진짜/MAG+운동/NNG+이/JKC+아닐까/VCN+EF"
          },
          {
            "id": 5,
            "text": "1 : 그런 거야? 나는 차이를 모르겠어서 ㅜ",
            "norm_text": "그런 거야? 나는 차이를 모르겠어서 ㅜ",
            "speaker": {
              "id": "1번",
              "sex": "여성",
              "age": "20대"
            },
            "speechAct": "(단언) 주장하기",
            "morpheme": "그런/MM+거/NNB+야/VCP+EF+나/NP+는/JX+차이/NNG+를/JKO+모르/VV+겠/EP+어서/EC+ㅜ/UNKNOWN"
          },
          {
            "id": 6,
            "text": "2 : 나도 모르겄다 차이를 한 번 찾아 봐야겠네",
            "norm_text": "나도 모르겄다 차이를 한 번 찾아 봐야겠네",
            "speaker": {
              "id": "2번",
              "sex": "여성",
              "age": "20대"
            },
            "speechAct": "(단언) 주장하기",
            "morpheme": "나/NP+도/JX+모르/VV+겄/EP+다/EC+차이/NNG+를/JKO+한번/MAG+찾/VV+아/EC+봐야/VX+EC+VV+겠/EP+네/EF"
          },
          {
            "id": 7,
            "text": "1 : 찾아보고 나 좀 알려줘!",
            "norm_text": "찾아보고 나 좀 알려줘!",
            "speaker": {
              "id": "1번",
              "sex": "여성",
              "age": "20대"
            },
            "speechAct": "(지시) 충고/제안하기",
            "morpheme": "찾아보/VV+고/EC+나/JX+좀/MAG+알려/VV+EC+줘/VX+EF"
          },
          {
            "id": 8,
            "text": "2 : 그래 꼭 찾아 보고 알려 줄게!",
            "norm_text": "그래 꼭 찾아 보고 알려 줄게!",
            "speaker": {
              "id": "2번",
              "sex": "여성",
              "age": "20대"
            },
            "speechAct": "(언약) 약속하기(제3자와)/(개인적 수준)",
            "morpheme": "그래/IC+꼭/MAG+찾아보/VV+고/EC+알려/VV+EC+줄게/VX+EF"
          },
          {
            "id": 9,
            "text": "1 : 근데 요가랑 필라테스는 유연성이 있어야 하지 않아?",
            "norm_text": "근데 요가랑 필라테스는 유연성이 있어야 하지 않아?",
            "speaker": {
              "id": "1번",
              "sex": "여성",
              "age": "20대"
            },
            "speechAct": "(지시) 질문하기",
            "morpheme": "근데/MAJ+요가/NNG+랑/JC+필라테스/NNP+는/JX+유연/XR+성/XSN+이/JKS+있/VV+어야/EC+하/VV+지/EC+않/VX+아/EF"
          },
          {
            "id": 10,
            "text": "2 : 맞아 그런 거 같애 아무래도 그거 없음 힘들 거 같아",
            "norm_text": "맞아 그런 거 같애 아무래도 그거 없음 힘들 거 같아",
            "speaker": {
              "id": "2번",
              "sex": "여성",
              "age": "20대"
            },
            "speechAct": "(단언) 주장하기",
            "morpheme": "맞/VV+아/EC+그런/MM+거/NNB+같/VA+애/EF+아무래도/MAG+그거/NP+없/VA+음/ETN+힘들/VA+ETM+거/NNB+같/VA+아/EC"
          },
          {
            "id": 11,
            "text": "1 : 맞아 나는 선천적 돌 같은 몸이라 안 될 거 같아 ㅜㅜ",
            "norm_text": "맞아 나는 선천적 돌 같은 몸이라 안 될 거 같아 ㅜㅜ",
            "speaker": {
              "id": "1번",
              "sex": "여성",
              "age": "20대"
            },
            "speechAct": "(단언) 주장하기",
            "morpheme": "맞/VV+아/EC+나/NP+는/JX+선천/NNG+적/XSN+돌/NNG+같/VA+은/ETM+몸/NNG+이/VCP+라/EC+안/MAG+될/VV+ETM+거/NNB+같/VA+아/EC+ㅜㅜ/UNKNOWN"
          },
          {
            "id": 12,
            "text": "2 : 키키 아 근데 가면  다 하게 있더라 키키",
            "norm_text": "키키 아 근데 가면  다 하게 있더라 키키",
            "speaker": {
              "id": "2번",
              "sex": "여성",
              "age": "20대"
            },
            "speechAct": "(단언) 주장하기",
            "morpheme": "키/NNG+키/XSV+ETN+아/IC+근데/MAJ+가/VV+면/EC+다/MAG+하/VV+게/EC+있/VX+더라/EC+키/NNG+키/XSV+ETN"
          },
          {
            "id": 13,
            "text": "1 : 그래서 한 번 경험해 보고 싶기는 해!",
            "norm_text": "그래서 한 번 경험해 보고 싶기는 해!",
            "speaker": {
              "id": "1번",
              "sex": "여성",
              "age": "20대"
            },
            "speechAct": "(단언) 주장하기",
            "morpheme": "그래서/MAJ+한/MM+번/NNBC+경험/NNG+해/XSV+EC+보/VX+고/EC+싶/VX+기/ETN+는/JX+해/VV+EF"
          },
          {
            "id": 14,
            "text": "2 : 음 한 번 경험을 해 보는 것도 나쁘지 않지 ~~",
            "norm_text": "음 한 번 경험을 해 보는 것도 나쁘지 않지 ~~",
            "speaker": {
              "id": "2번",
              "sex": "여성",
              "age": "20대"
            },
            "speechAct": "(단언) 주장하기",
            "morpheme": "음/IC+한/MM+번/NNBC+경험/NNG+을/JKO+해/VV+EC+보/VX+는/ETM+것/NNB+도/JX+나쁘/VA+지/EC+않/VX+지/EC+~/SY+~/SY"
          },
          {
            "id": 15,
            "text": "1 : 말 나온 김에 나랑 같이 가지 않을래~?",
            "norm_text": "말 나온 김에 나랑 같이 가지 않을래~?",
            "speaker": {
              "id": "1번",
              "sex": "여성",
              "age": "20대"
            },
            "speechAct": "(지시) 충고/제안하기",
            "morpheme": "말/NNG+나온/VV+ETM+김/NNB+에/JKB+나/NP+랑/JKB+같이/MAG+가/VV+지/EC+않/VX+을래/EC+~/SY"
          },
          {
            "id": 16,
            "text": "2 : 좋지 같이 가자",
            "norm_text": "좋지 같이 가자",
            "speaker": {
              "id": "2번",
              "sex": "여성",
              "age": "20대"
            },
            "speechAct": "(단언) 주장하기",
            "morpheme": "좋/VA+지/EC+같이/MAG+가/VV+자/EC"
          },
          {
            "id": 17,
            "text": "2 : 힘겹게 스트레칭 하고 오자 !",
            "norm_text": "힘겹게 스트레칭 하고 오자 !",
            "speaker": {
              "id": "2번",
              "sex": "여성",
              "age": "20대"
            },
            "speechAct": "(단언) 주장하기",
            "morpheme": "힘겹/VA+게/EC+스트레칭/NNG+하/XSV+고/EC+오/VX+자/EF"
          }
        ]
      }
    }
  ]
}