{
  "dataset": {
    "identifier": 42542,
    "name": "BAND_32_04_set",
    "src_path": "/data/file/cubeManager/PROJECT001/53/txt20210927151849046362/BAND_32_04_set/",
    "label_path": "/data/file/cubeManager/PROJECT001/53/txt20210927151849046362/BAND_32_04_set/",
    "category": 2,
    "type": 0
  },
  "licenses": {
    "name": "Apache License 1.0",
    "url": "http://www.apache.org/licenses/LICENSE-1.0"
  },
  "info": [
    {
      "id": 34762,
      "filename": "BAND_32_04.txt",
      "title": "BAND_32_04",
      "mediatype": "SNS",
      "medianame": "네이버밴드",
      "category": "일상대화",
      "date": "2021-09-27",
      "size": 390,
      "annotations": {
        "subject": "회사/아르바이트",
        "speaker_type": "1:1",
        "size": 390,
        "word_size": 135,
        "text": "1 : 너는 니 회사에서 하는 일이 뭐야?\n2 : 난 회사에서 연구 보조 업무를 맡고 있어\n1 : 헐 너네 회사에 연구인도 있어?\n2 : 맞아 2차 전지 업체여서 연구원이 많아\n1 : 2차 전지 업체가 무슨 말이야?\n2 : 드론이나 워치 같은 거에 들어가는 전지 개발 하는 거야 키키\n1 : 헐 너네 회사 진짜 큰 회사겠다!\n2 : 아직은 중소기업이야 발전 가능성 있어 키키\n1 : 거기 주식 좀 사면 꿀일 거 같니?\n2 : 음 아직 없지만 상장하면 나는 살 생각이야 키키\n1 : 헐 너 살 때 나도 알려줘!\n2 : 그래 ! 상장하면 제일 먼저 알려줄게 키키\n1 : 좋아 밥도 잘 나오고 너네 회사 짱이다!\n2 : 맞아 키키 정말 좋은 회사야 키키\n1 : 너 거기에 뼈를 묻을 거야?\n2 : 나 여기서 장례도 치를 꺼야 키키",
        "lines": [
          {
            "id": 1,
            "text": "1 : 너는 니 회사에서 하는 일이 뭐야?",
            "norm_text": "너는 니 회사에서 하는 일이 뭐야?",
            "speaker": {
              "id": "1번",
              "sex": "여성",
              "age": "20대"
            },
            "speechAct": "(지시) 질문하기",
            "morpheme": "너/NP+는/JX+니/MM+회사/NNG+에서/JKB+하/VV+는/ETM+일/NNG+이/JKS+뭐/NP+야/VCP+EF"
          },
          {
            "id": 2,
            "text": "2 : 난 회사에서 연구 보조 업무를 맡고 있어",
            "norm_text": "난 회사에서 연구 보조 업무를 맡고 있어",
            "speaker": {
              "id": "2번",
              "sex": "여성",
              "age": "20대"
            },
            "speechAct": "(단언) 진술하기",
            "morpheme": "난/NP+JX+회사/NNG+에서/JKB+연구/NNG+보조/NNG+업무/NNG+를/JKO+맡/VV+고/EC+있/VX+어/EC"
          },
          {
            "id": 3,
            "text": "1 : 헐 너네 회사에 연구인도 있어?",
            "norm_text": "헐 너네 회사에 연구인도 있어?",
            "speaker": {
              "id": "1번",
              "sex": "여성",
              "age": "20대"
            },
            "speechAct": "(지시) 질문하기",
            "morpheme": "헐/IC+너/NP+네/XSN+회사/NNG+에/JKB+연구/NNG+인/XSN+도/JX+있/VA+어/EF"
          },
          {
            "id": 4,
            "text": "2 : 맞아 2차 전지 업체여서 연구원이 많아",
            "norm_text": "맞아 2차 전지 업체여서 연구원이 많아",
            "speaker": {
              "id": "2번",
              "sex": "여성",
              "age": "20대"
            },
            "speechAct": "(단언) 진술하기",
            "morpheme": "맞/VV+아/EC+2/SN+차/NNBC+전지/NNG+업체/NNG+여서/VCP+EC+연구원/NNG+이/JKS+많/VA+아/EC"
          },
          {
            "id": 5,
            "text": "1 : 2차 전지 업체가 무슨 말이야?",
            "norm_text": "2차 전지 업체가 무슨 말이야?",
            "speaker": {
              "id": "1번",
              "sex": "여성",
              "age": "20대"
            },
            "speechAct": "(지시) 질문하기",
            "morpheme": "2/SN+차/NNBC+전지/NNG+업체/NNG+가/JKS+무슨/MM+말/NNG+이/VCP+야/EF"
          },
          {
            "id": 6,
            "text": "2 : 드론이나 워치 같은 거에 들어가는 전지 개발 하는 거야 키키",
            "norm_text": "드론이나 워치 같은 거에 들어가는 전지 개발 하는 거야 키키",
            "speaker": {
              "id": "2번",
              "sex": "여성",
              "age": "20대"
            },
            "speechAct": "(단언) 진술하기",
            "morpheme": "드론/NNP+이나/JC+워치/NNP+같/VA+은/ETM+거/NNB+에/JKB+들어가/VV+는/ETM+전지/NNG+개발/NNG+하/XSV+는/ETM+거/NNB+야/VCP+EF+키/NNG+키/XSV+ETN"
          },
          {
            "id": 7,
            "text": "1 : 헐 너네 회사 진짜 큰 회사겠다!",
            "norm_text": "헐 너네 회사 진짜 큰 회사겠다!",
            "speaker": {
              "id": "1번",
              "sex": "여성",
              "age": "20대"
            },
            "speechAct": "(단언) 주장하기",
            "morpheme": "헐/IC+너/NP+네/XSN+회사/NNG+진짜/MAG+큰/VA+ETM+회사/NNG+겠/VCP+EP+다/EF"
          },
          {
            "id": 8,
            "text": "2 : 아직은 중소기업이야 발전 가능성 있어 키키",
            "norm_text": "아직은 중소기업이야 발전 가능성 있어 키키",
            "speaker": {
              "id": "2번",
              "sex": "여성",
              "age": "20대"
            },
            "speechAct": "(단언) 진술하기",
            "morpheme": "아직/MAG+은/JX+중소기업/NNG+이/VCP+야/EC+발전/NNG+가능/NNG+성/XSN+있/VV+어/EC+키/NNG+키/XSV+ETN"
          },
          {
            "id": 9,
            "text": "1 : 거기 주식 좀 사면 꿀일 거 같니?",
            "norm_text": "거기 주식 좀 사면 꿀일 거 같니?",
            "speaker": {
              "id": "1번",
              "sex": "여성",
              "age": "20대"
            },
            "speechAct": "(지시) 질문하기",
            "morpheme": "거기/NP+주식/NNG+좀/MAG+사면/NNG+꿀/NNG+일/VCP+ETM+거/NNB+같/VA+니/EF"
          },
          {
            "id": 10,
            "text": "2 : 음 아직 없지만 상장하면 나는 살 생각이야 키키",
            "norm_text": "음 아직 없지만 상장하면 나는 살 생각이야 키키",
            "speaker": {
              "id": "2번",
              "sex": "여성",
              "age": "20대"
            },
            "speechAct": "(단언) 주장하기",
            "morpheme": "음/IC+아직/MAG+없/VA+지만/EC+상장/NNG+하/XSV+면/EC+나/NP+는/JX+살/VV+ETM+생각/NNG+이/VCP+야/EC+키/NNG+키/XSV+ETN"
          },
          {
            "id": 11,
            "text": "1 : 헐 너 살 때 나도 알려줘!",
            "norm_text": "헐 너 살 때 나도 알려줘!",
            "speaker": {
              "id": "1번",
              "sex": "여성",
              "age": "20대"
            },
            "speechAct": "(지시) 부탁하기",
            "morpheme": "헐/IC+너/NP+살/VV+ETM+때/NNG+나/NP+도/JX+알려/VV+EC+줘/VX+EF"
          },
          {
            "id": 12,
            "text": "2 : 그래 ! 상장하면 제일 먼저 알려줄게 키키",
            "norm_text": "그래 ! 상장하면 제일 먼저 알려줄게 키키",
            "speaker": {
              "id": "2번",
              "sex": "여성",
              "age": "20대"
            },
            "speechAct": "(언약) 약속하기(제3자와)/(개인적 수준)",
            "morpheme": "그래/IC+상장/NNG+하/XSV+면/EC+제일/MAG+먼저/MAG+알려/VV+EC+줄/VX+ETM+게/NNB+JKS+키/NNG+키/XSV+ETN"
          },
          {
            "id": 13,
            "text": "1 : 좋아 밥도 잘 나오고 너네 회사 짱이다!",
            "norm_text": "좋아 밥도 잘 나오고 너네 회사 짱이다!",
            "speaker": {
              "id": "1번",
              "sex": "여성",
              "age": "20대"
            },
            "speechAct": "(단언) 주장하기",
            "morpheme": "좋/VA+아/EC+밥/NNG+도/JX+잘/MAG+나오/VV+고/EC+너/NP+네/XSN+회사/NNG+짱/NNG+이/VCP+다/EF"
          },
          {
            "id": 14,
            "text": "2 : 맞아 키키 정말 좋은 회사야 키키",
            "norm_text": "맞아 키키 정말 좋은 회사야 키키",
            "speaker": {
              "id": "2번",
              "sex": "여성",
              "age": "20대"
            },
            "speechAct": "(단언) 주장하기",
            "morpheme": "맞/VV+아/EC+키/NNG+키/XSV+ETN+정말/MAG+좋/VA+은/ETM+회사/NNG+야/VCP+EF+키/NNG+키/XSV+ETN"
          },
          {
            "id": 15,
            "text": "1 : 너 거기에 뼈를 묻을 거야?",
            "norm_text": "너 거기에 뼈를 묻을 거야?",
            "speaker": {
              "id": "1번",
              "sex": "여성",
              "age": "20대"
            },
            "speechAct": "(지시) 질문하기",
            "morpheme": "너/NP+거기/NP+에/JKB+뼈/NNG+를/JKO+묻/VV+을/ETM+거/NNB+야/VCP+EF"
          },
          {
            "id": 16,
            "text": "2 : 나 여기서 장례도 치를 꺼야 키키",
            "norm_text": "나 여기서 장례도 치를 꺼야 키키",
            "speaker": {
              "id": "2번",
              "sex": "여성",
              "age": "20대"
            },
            "speechAct": "(단언) 주장하기",
            "morpheme": "나/NP+여기/NP+서/JKB+장례/NNG+도치/NNG+를/JKO+꺼야/VV+EC+키/NNG+키/XSV+ETN"
          }
        ]
      }
    }
  ]
}