{
  "dataset": {
    "identifier": 29799,
    "name": "BAND_27_20_set",
    "src_path": "/data/file/cubeManager/PROJECT001/49/txt20210916151141064993/BAND_27_20_set/",
    "label_path": "/data/file/cubeManager/PROJECT001/49/txt20210916151141064993/BAND_27_20_set/",
    "category": 2,
    "type": 0
  },
  "licenses": {
    "name": "Apache License 1.0",
    "url": "http://www.apache.org/licenses/LICENSE-1.0"
  },
  "info": [
    {
      "id": 28590,
      "filename": "BAND_27_20.txt",
      "title": "BAND_27_20",
      "mediatype": "SNS",
      "medianame": "네이버밴드",
      "category": "일상대화",
      "date": "2021-09-16",
      "size": 433,
      "annotations": {
        "subject": "영화/만화",
        "speaker_type": "1:1",
        "size": 433,
        "word_size": 140,
        "text": "1 : 너 타짜 시리즈 다 봤어?\n2 : 음 마지막이 이광수 나오는 건가?\n1 : 응 맞아 원 아이드 잭!\n2 : 어 맞아 런닝맨에서  광수 엉덩이 어쩌구 너무 웃겼는데\n1 : 맞아 근데 사람들은 후속편 다 별로라고 하더라.\n2 : 그렇게 막 흥행한 건 아니지 나도 기대만큼은 아니더라구 ㅜㅜ\n1 : 그래? 난 시리즈 별로 다 재미있게 봐서 ㅠㅠ\n2 : 아 그랬구나 난 그냥저냥이더라구 볼 게 없어서  봤어\n1 : 물론 첫작이 대작이라 그렇지만 다음 편들도 충분히 재미있었어!\n2 : 맞아 그래서  첫작 땜에 기대했나 봐\n1 : 그런가 근대 사람들 너무 욕해서 안타까웠어 ㅠ\n2 : 왜 너가 슬퍼 제작자가 슬퍼해야지 키키\n1 : 그건 그래 키키 나도 모르게 감정이입 해버렸지 뭐야~\n2 : 그니까 완전 감성이 충만하네 키키\n1 : 응 이제 4편 나왔으면 좋겠다!\n2 : 쓸 얘기가 있을까 모르겠네 키키",
        "lines": [
          {
            "id": 1,
            "text": "1 : 너 타짜 시리즈 다 봤어?",
            "norm_text": "너 타짜 시리즈 다 봤어?",
            "speaker": {
              "id": "1번",
              "sex": "여성",
              "age": "20대"
            },
            "speechAct": "(지시) 질문하기",
            "morpheme": "너/NP+타짜/NNG+시리즈/NNG+다/VCP+EC+봤/VX+EP+어/EF"
          },
          {
            "id": 2,
            "text": "2 : 음 마지막이 이광수 나오는 건가?",
            "norm_text": "음 마지막이 이광수 나오는 건가?",
            "speaker": {
              "id": "2번",
              "sex": "여성",
              "age": "20대"
            },
            "speechAct": "(단언) 주장하기",
            "morpheme": "음/IC+마지막/NNG+이/JKS+이광수/NNP+나오/VV+는/ETM+건가/NNB+VCP+EF"
          },
          {
            "id": 3,
            "text": "1 : 응 맞아 원 아이드 잭!",
            "norm_text": "응 맞아 원 아이드 잭!",
            "speaker": {
              "id": "1번",
              "sex": "여성",
              "age": "20대"
            },
            "speechAct": "(단언) 주장하기",
            "morpheme": "응맞아원아이드잭/UNKNOWN"
          },
          {
            "id": 4,
            "text": "2 : 어 맞아 런닝맨에서  광수 엉덩이 어쩌구 너무 웃겼는데",
            "norm_text": "어 맞아 런닝맨에서  광수 엉덩이 어쩌구 너무 웃겼는데",
            "speaker": {
              "id": "2번",
              "sex": "여성",
              "age": "20대"
            },
            "speechAct": "(단언) 진술하기",
            "morpheme": "어/IC+맞아/IC+런닝맨/NNP+에서/JKB+광수/NNG+엉덩이/NNG+어쩌구/MAG+XSV+EC+너무/MAG+웃겼/VV+EP+는데/EC"
          },
          {
            "id": 5,
            "text": "1 : 맞아 근데 사람들은 후속편 다 별로라고 하더라.",
            "norm_text": "맞아 근데 사람들은 후속편 다 별로라고 하더라.",
            "speaker": {
              "id": "1번",
              "sex": "여성",
              "age": "20대"
            },
            "speechAct": "(단언) 주장하기",
            "morpheme": "맞아/IC+근데/MAJ+사람/NNG+들/XSN+은/JX+후속/NNG+편다/VV+EC+별로/MAG+라고/VCP+EC+하/VX+더라/EF"
          },
          {
            "id": 6,
            "text": "2 : 그렇게 막 흥행한 건 아니지 나도 기대만큼은 아니더라구 ㅜㅜ",
            "norm_text": "그렇게 막 흥행한 건 아니지 나도 기대만큼은 아니더라구 ㅜㅜ",
            "speaker": {
              "id": "2번",
              "sex": "여성",
              "age": "20대"
            },
            "speechAct": "(단언) 주장하기",
            "morpheme": "그렇게/MAG+막/MAJ+흥행/NNG+한/XSA+ETM+건/NNB+JX+아니/VCN+지/EC+나/NP+도/JX+기대/NNG+만큼/JKB+은/JX+아니/VCN+더라구/EF+ㅜㅜ/UNKNOWN"
          },
          {
            "id": 7,
            "text": "1 : 그래? 난 시리즈 별로 다 재미있게 봐서 ㅠㅠ",
            "norm_text": "그래? 난 시리즈 별로 다 재미있게 봐서 ㅠㅠ",
            "speaker": {
              "id": "1번",
              "sex": "여성",
              "age": "20대"
            },
            "speechAct": "(단언) 진술하기",
            "morpheme": "그래/IC+난/NP+JX+시리즈/NNG+별/XSN+로/JKB+다/MAG+재미있/VA+게/EC+봐서/VV+EC+ㅠㅠ/UNKNOWN"
          },
          {
            "id": 8,
            "text": "2 : 아 그랬구나 난 그냥저냥이더라구 볼 게 없어서  봤어",
            "norm_text": "아 그랬구나 난 그냥저냥이더라구 볼 게 없어서  봤어",
            "speaker": {
              "id": "2번",
              "sex": "여성",
              "age": "20대"
            },
            "speechAct": "(단언) 진술하기",
            "morpheme": "아/IC+그랬/VV+EP+구나/EF+난/NP+JX+그냥저냥/MAG+이/VCP+더라구/EC+볼/VX+ETM+게/NNB+JKS+없/VA+어서/EC+봤/VX+EP+어/EC"
          },
          {
            "id": 9,
            "text": "1 : 물론 첫작이 대작이라 그렇지만 다음 편들도 충분히 재미있었어!",
            "norm_text": "물론 첫작이 대작이라 그렇지만 다음 편들도 충분히 재미있었어!",
            "speaker": {
              "id": "1번",
              "sex": "여성",
              "age": "20대"
            },
            "speechAct": "(단언) 주장하기",
            "morpheme": "물론/MAG+첫/MM+작/NNG+이/JKS+대작/NNG+이/VCP+라/EC+그렇지만/MAJ+다음/NNG+편/NNG+들/XSN+도/JX+충분히/MAG+재미있/VA+었/EP+어/EF"
          },
          {
            "id": 10,
            "text": "2 : 맞아 그래서  첫작 땜에 기대했나 봐",
            "norm_text": "맞아 그래서  첫작 땜에 기대했나 봐",
            "speaker": {
              "id": "2번",
              "sex": "여성",
              "age": "20대"
            },
            "speechAct": "(단언) 주장하기",
            "morpheme": "맞아/IC+그래서/MAJ+첫/MM+작/NNG+땜/NNB+에/JKB+기대/NNG+했/XSV+EP+나/EC+봐/VX+EC"
          },
          {
            "id": 11,
            "text": "1 : 그런가 근대 사람들 너무 욕해서 안타까웠어 ㅠ",
            "norm_text": "그런가 근대 사람들 너무 욕해서 안타까웠어 ㅠ",
            "speaker": {
              "id": "1번",
              "sex": "여성",
              "age": "20대"
            },
            "speechAct": "(단언) 주장하기",
            "morpheme": "그런가/VA+EC+근대/NNG+사람/NNG+들/XSN+너무/MAG+욕해서/VV+EC+안타까웠/VA+EP+어ㅠ/UNKNOWN"
          },
          {
            "id": 12,
            "text": "2 : 왜 너가 슬퍼 제작자가 슬퍼해야지 키키",
            "norm_text": "왜 너가 슬퍼 제작자가 슬퍼해야지 키키",
            "speaker": {
              "id": "2번",
              "sex": "여성",
              "age": "20대"
            },
            "speechAct": "(단언) 주장하기",
            "morpheme": "왜/MAG+너/NP+가/JKS+슬퍼/VA+EC+제작자/NNG+가/JKS+슬퍼/VA+EC+해야지/VX+EC+키/NNG+키/XSV+ETN"
          },
          {
            "id": 13,
            "text": "1 : 그건 그래 키키 나도 모르게 감정이입 해버렸지 뭐야~",
            "norm_text": "그건 그래 키키 나도 모르게 감정이입 해버렸지 뭐야~",
            "speaker": {
              "id": "1번",
              "sex": "여성",
              "age": "20대"
            },
            "speechAct": "(단언) 주장하기",
            "morpheme": "그건/NP+JX+그래/VA+EC+키/NNG+키나/XSA+ETN+JX+도/JX+모르/VV+게/EC+감정/NNG+이/JKS+입/NNG+해/XSV+EC+버렸/VX+EP+지/EF+뭐/NP+야/VCP+EF+~/SY"
          },
          {
            "id": 14,
            "text": "2 : 그니까 완전 감성이 충만하네 키키",
            "norm_text": "그니까 완전 감성이 충만하네 키키",
            "speaker": {
              "id": "2번",
              "sex": "여성",
              "age": "20대"
            },
            "speechAct": "(단언) 주장하기",
            "morpheme": "그니까/MAJ+완전/MAG+감성/NNG+이/JKS+충만/XR+하/XSA+네/EF+키/NNG+키/XSV+ETN"
          },
          {
            "id": 15,
            "text": "1 : 응 이제 4편 나왔으면 좋겠다!",
            "norm_text": "응 이제 4편 나왔으면 좋겠다!",
            "speaker": {
              "id": "1번",
              "sex": "여성",
              "age": "20대"
            },
            "speechAct": "(단언) 주장하기",
            "morpheme": "응/IC+이제/MAG+4/SN+편/NNBC+나왔/VV+EP+으면/EC+좋/VA+겠/EP+다/EF"
          },
          {
            "id": 16,
            "text": "2 : 쓸 얘기가 있을까 모르겠네 키키",
            "norm_text": "쓸 얘기가 있을까 모르겠네 키키",
            "speaker": {
              "id": "2번",
              "sex": "여성",
              "age": "20대"
            },
            "speechAct": "(단언) 주장하기",
            "morpheme": "쓸/VV+ETM+얘기/NNG+가/JKS+있/VA+을까/EC+모르/VV+겠/EP+네/EF+키/NNG+키/XSV+ETN"
          }
        ]
      }
    }
  ]
}