{
  "dataset": {
    "identifier": 19902,
    "name": "BAND_23_12_set",
    "src_path": "/data/file/cubeManager/PROJECT001/49/txt202109151110410276101/BAND_23_12_set/",
    "label_path": "/data/file/cubeManager/PROJECT001/49/txt202109151110410276101/BAND_23_12_set/",
    "category": 2,
    "type": 0
  },
  "licenses": {
    "name": "Apache License 1.0",
    "url": "http://www.apache.org/licenses/LICENSE-1.0"
  },
  "info": [
    {
      "id": 25691,
      "filename": "BAND_23_12.txt",
      "title": "BAND_23_12",
      "mediatype": "SNS",
      "medianame": "네이버밴드",
      "category": "일상대화",
      "date": "2021-09-15",
      "size": 1741,
      "annotations": {
        "subject": "여행",
        "speaker_type": "1:1",
        "size": 1741,
        "word_size": 531,
        "text": "1 : 해외 여행 갈 때 여행사 통해서 가고 그런 적 있어?\n2 : 응 처음에 일본 여행 갈 때~ 그때 빼고는 없었어~\n3 : 난 가족들 이랑 유럽 여행 갔을 때 한번 이용해봤는데 정말 별로인 거 같아...\n1 : 아 진짜? 아예 계속 같이 다니는 거였나 보네 ㅠㅠ\n1 : 나는 유럽 한 달 갔었는데 여행사에 호텔 패키지라고 기차표랑 호텔들만 예약을 싹 대행해 주는 게 있더라고~\n1 : 그거 했더니 되게 좋더라\n2 : 그거 되게 편하겠다~\n2 : 단체로 가서 관광 좀 하고 자유 여행 주는 것도 있던데~\n3 : 맞아 호텔 패키지를 했어야 했어 ㅠㅠ\n3 : 단체로 가서 하는 거를 우리가 했는데 정말 일정도 빠듯하고 어디가 어딘지 기억도 안 나고... 그냥 다녀왔다는 거에 의의를 두는 느낌이랄까 ㅠ\n1 : 그치 단체로 데리고 다니는 거는 왜 이렇게 맨날 빡세게 계획을 짤까...\n1 : 아침 일찍부터 나오라고 하고 진짜 피곤하잖아\n2 : 그것도 그건데 늦으면 다른 사람들 기다리니까 그게 너무 신경 쓰여~\n2 : 현지에서 관광 가이드 구하는 것도 있더라~\n3 : 맞아 맞아 또 이게 이동을 버스로 다 같이 하니까 뭐랄까 시차 적응도 쉽지 않더라...\n3 : 원래 낮에 돌아다녀야 밤에 자고 하면서 적응을 하는데 버스에서 하도 자니까 밤에 잠을 못 잤어 키키\n3 : 현지에서 관광 가이드 하는 거는 친구들 이랑 자유 여행할 때 신청해서 해봤는데 이게 훨씬 좋았던 것 같아!\n1 : 맞아 자유 여행으로 가고 우리끼리 가기 힘든 곳이거나 설명을 안 들으면 별로 의미가 없는 그런 데만 하루만 하는 가이드 같은 거 신청하는 게 제일 나은 듯!\n2 : 맞아 맞아~ 갔던 곳 중에 어디 또 가고 싶어?\n3 : 사실 일본 가고 싶어 ㅠㅠ\n3 : 일본 참 밉긴 한데 여행하기에는 너무 좋은 곳 같아\n1 : 어 맞아... 멀지도 않고 지역마다 또 특색이 있어서 좋은 거 같음 음식도 맛있구!\n2 : 나 일본 갔을 때 선술집을 못 가 봤네~ 그게 제일 아쉬움이 커 키키\n3 : 나 정말 동네 선술집 가봤는데 정말 분위기 좋았어 ㅠㅠ\n3 : 막 직원분도 친절하게 메뉴 추천해주시고 서비스도 막 주시고 상상하던 그런 일본의 느낌이어서 아직도 기억이 강하게 남아있음\n1 : 일본 진짜 그런 게 좋지 ㅠㅠ\n1 : 아기자기한 맛이 있어\n1 : 일본은 편의점 음식도 퀄리티가 다르잖아...\n1 : 일본 어디 가봤었어?\n2 : 도쿄랑 오사카 후쿠오카 아 난 이 후쿠오카 이름이 지금도 헷갈려 ㅠㅠ\n2 : 교토를 가보려고 했는데 못 가서 너무 아쉬워~ 가본 사람~\n3 : 나도 도쿄랑 오사카 갔었어 하하 디즈니 랜드 가려고 갔었당!\n3 : 교토는 못 가봤어 ㅠㅠ\n1 : 오 나두 교토 가보고 싶었는데 못 가봤어 ㅠㅠ\n1 : 나는 친구가 도쿄에 있어서 도쿄는 진짜 자주 갔는데 맨날 데리고 다녀주니까 지리도 잘 모름 키키\n2 : 친구 있어서 좋았겠다~\n2 : 교토가 음식도 우리 입맛이고 옛날 일본 모습도 잘 보존되어 있다고 해서 진짜 꼭 가려고 했었는데 이제 코로나 때문에 가려면 몇 년은 걸리겠다~\n2 : 대마도도 가려고 표까지 예매했다가 취소했었는데 ㅠㅠ\n3 : 와 대박이네... 진짜 친구가 가이드 해주면 완전 찐 여행일 듯! 키키\n3 : 나는 다코야끼 너무 좋아해서 일본 가면 다코야끼 정말 매일 먹어 ㅠㅠ 또 먹고 싶다... ㅠㅠ\n1 : 맛있지 다코야끼... 긴다코라고 일본 다코야끼 집인데 우리나라에도 체인점 있을 껄? 먹어봤어?\n2 : 못 먹어봤어 ㅠㅠ 타코야끼 반죽 밀가루 ㅠㅠ\n3 : 헐헐헐 일본에서는 맨날 저기 꺼 먹었는데 찾아보니까 나 한국에서 간절할 때 마다 찾아가서 먹은 집이 긴다코였네...",
        "lines": [
          {
            "id": 1,
            "text": "1 : 해외 여행 갈 때 여행사 통해서 가고 그런 적 있어?",
            "norm_text": "해외 여행 갈 때 여행사 통해서 가고 그런 적 있어?",
            "speaker": {
              "id": "1번",
              "sex": "여성",
              "age": "20대"
            },
            "speechAct": "(지시) 질문하기",
            "morpheme": "해외여행/NNG+갈/VV+ETM+때/NNG+여행사/NNG+통해서/VV+EC+가/VX+고/EC+그런/VA+ETM+적/NNB+있/VA+어/EF"
          },
          {
            "id": 2,
            "text": "2 : 응 처음에 일본 여행 갈 때~ 그때 빼고는 없었어~",
            "norm_text": "응 처음에 일본 여행 갈 때~ 그때 빼고는 없었어~",
            "speaker": {
              "id": "2번",
              "sex": "여성",
              "age": "30대"
            },
            "speechAct": "(단언) 진술하기",
            "morpheme": "응/IC+처음/NNG+에/JKB+일본/NNP+여행/NNG+갈/VV+ETM+때/NNG+~/SY+그때/NNG+빼/VV+고/EC+는/JX+없/VA+었/EP+어/EC+~/SY"
          },
          {
            "id": 3,
            "text": "3 : 난 가족들 이랑 유럽 여행 갔을 때 한번 이용해봤는데 정말 별로인 거 같아...",
            "norm_text": "난 가족들 이랑 유럽 여행 갔을 때 한번 이용해봤는데 정말 별로인 거 같아...",
            "speaker": {
              "id": "3번",
              "sex": "여성",
              "age": "20대"
            },
            "speechAct": "(단언) 주장하기",
            "morpheme": "난/NP+JX+가족/NNG+들/XSN+이랑/JC+유럽/NNP+여행/NNG+갔/VV+EP+을/ETM+때/NNG+한/MM+번/NNBC+이용/NNG+해/XSV+EC+봤/VX+EP+는데/EC+정말/MAG+별로/MAG+인/VCP+ETM+거/NNB+같/VA+아/EF+./SY"
          },
          {
            "id": 4,
            "text": "1 : 아 진짜? 아예 계속 같이 다니는 거였나 보네 ㅠㅠ",
            "norm_text": "아 진짜? 아예 계속 같이 다니는 거였나 보네 ㅠㅠ",
            "speaker": {
              "id": "1번",
              "sex": "여성",
              "age": "20대"
            },
            "speechAct": "(단언) 주장하기",
            "morpheme": "아/IC+진짜/MAG+아예/MAG+계속/MAG+같이/MAG+다니/VV+는/ETM+거/NNB+였/VCP+EP+나/EC+보/VX+네/EF+ㅠㅠ/UNKNOWN"
          },
          {
            "id": 5,
            "text": "1 : 나는 유럽 한 달 갔었는데 여행사에 호텔 패키지라고 기차표랑 호텔들만 예약을 싹 대행해 주는 게 있더라고~",
            "norm_text": "나는 유럽 한 달 갔었는데 여행사에 호텔 패키지라고 기차표랑 호텔들만 예약을 싹 대행해 주는 게 있더라고~",
            "speaker": {
              "id": "1번",
              "sex": "여성",
              "age": "20대"
            },
            "speechAct": "(단언) 진술하기",
            "morpheme": "나/NP+는/JX+유럽/NNP+한/MM+달/NNBC+갔었/VV+EP+는데/EC+여행사/NNG+에/JKB+호텔/NNG+패키지/NNG+라고/VCP+EC+기차표/NNG+랑/JKB+호텔/NNG+들/XSN+만/JX+예약/NNG+을/JKO+싹/MAG+대행/NNG+해/XSV+EC+주/VX+는/ETM+게/NNB+JKS+있/VA+더라고/EC+~/SY"
          },
          {
            "id": 6,
            "text": "1 : 그거 했더니 되게 좋더라",
            "norm_text": "그거 했더니 되게 좋더라",
            "speaker": {
              "id": "1번",
              "sex": "여성",
              "age": "20대"
            },
            "speechAct": "(단언) 주장하기",
            "morpheme": "그거/NP+했/VV+EP+더니/EC+되게/MAG+좋/VA+더라/EC"
          },
          {
            "id": 7,
            "text": "2 : 그거 되게 편하겠다~",
            "norm_text": "그거 되게 편하겠다~",
            "speaker": {
              "id": "2번",
              "sex": "여성",
              "age": "30대"
            },
            "speechAct": "(단언) 주장하기",
            "morpheme": "그거/NP+되게/MAG+편하/VA+겠/EP+다/EC+~/SY"
          },
          {
            "id": 8,
            "text": "2 : 단체로 가서 관광 좀 하고 자유 여행 주는 것도 있던데~",
            "norm_text": "단체로 가서 관광 좀 하고 자유 여행 주는 것도 있던데~",
            "speaker": {
              "id": "2번",
              "sex": "여성",
              "age": "30대"
            },
            "speechAct": "(단언) 진술하기",
            "morpheme": "단체/NNG+로/JKB+가/VV+서/EC+관광/NNG+좀/MAG+하/VV+고/EC+자유/NNG+여행/NNG+주/VV+는/ETM+것/NNB+도/JX+있/VA+던데/EC+~/SY"
          },
          {
            "id": 9,
            "text": "3 : 맞아 호텔 패키지를 했어야 했어 ㅠㅠ",
            "norm_text": "맞아 호텔 패키지를 했어야 했어 ㅠㅠ",
            "speaker": {
              "id": "3번",
              "sex": "여성",
              "age": "20대"
            },
            "speechAct": "(단언) 주장하기",
            "morpheme": "맞/VV+아/EC+호텔/NNG+패키지/NNG+를/JKO+했/VV+EP+어야/EC+했/VX+EP+어/EF+ㅠㅠ/UNKNOWN"
          },
          {
            "id": 10,
            "text": "3 : 단체로 가서 하는 거를 우리가 했는데 정말 일정도 빠듯하고 어디가 어딘지 기억도 안 나고... 그냥 다녀왔다는 거에 의의를 두는 느낌이랄까 ㅠ",
            "norm_text": "단체로 가서 하는 거를 우리가 했는데 정말 일정도 빠듯하고 어디가 어딘지 기억도 안 나고... 그냥 다녀왔다는 거에 의의를 두는 느낌이랄까 ㅠ",
            "speaker": {
              "id": "3번",
              "sex": "여성",
              "age": "20대"
            },
            "speechAct": "(단언) 주장하기",
            "morpheme": "단체/NNG+로/JKB+가/VV+서/EC+하/VV+는/ETM+거/NNB+를/JKO+우리/NP+가/JKS+했/VV+EP+는데/EC+정말/MAG+일정/NNG+도/JX+빠듯/XR+하/XSA+고/EC+어디/NP+가/JKS+어딘지/NP+VCP+EC+기억/NNG+도/JX+안/MAG+나/VV+고/EC+./SY+./SY+그냥/MAG+다녀왔/VV+EP+다는/ETM+거/NNB+에/JKB+의의/NNG+를/JKO+두/VV+는/ETM+느낌/NNG+이/VCP+랄/ETM+까ㅠ/UNKNOWN"
          },
          {
            "id": 11,
            "text": "1 : 그치 단체로 데리고 다니는 거는 왜 이렇게 맨날 빡세게 계획을 짤까...",
            "norm_text": "그치 단체로 데리고 다니는 거는 왜 이렇게 맨날 빡세게 계획을 짤까...",
            "speaker": {
              "id": "1번",
              "sex": "여성",
              "age": "20대"
            },
            "speechAct": "(단언) 주장하기",
            "morpheme": "그치/IC+단체/NNG+로/JKB+데리/VV+고/EC+다니/VV+는/ETM+거/NNB+는/JX+왜/MAG+이렇게/MAG+맨날/MAG+빡세/VA+게/EC+계획/NNG+을/JKO+짤까/VV+EF+./SY"
          },
          {
            "id": 12,
            "text": "1 : 아침 일찍부터 나오라고 하고 진짜 피곤하잖아",
            "norm_text": "아침 일찍부터 나오라고 하고 진짜 피곤하잖아",
            "speaker": {
              "id": "1번",
              "sex": "여성",
              "age": "20대"
            },
            "speechAct": "(단언) 주장하기",
            "morpheme": "아침/NNG+일찍/MAG+부터/JX+나오/VV+라고/EC+하/VV+고/EC+진짜/MAG+피곤/NNG+하/XSV+잖아/EC"
          },
          {
            "id": 13,
            "text": "2 : 그것도 그건데 늦으면 다른 사람들 기다리니까 그게 너무 신경 쓰여~",
            "norm_text": "그것도 그건데 늦으면 다른 사람들 기다리니까 그게 너무 신경 쓰여~",
            "speaker": {
              "id": "2번",
              "sex": "여성",
              "age": "30대"
            },
            "speechAct": "(단언) 주장하기",
            "morpheme": "그것/NP+도/JX+그건데/NP+VCP+EC+늦/VA+으면/EC+다른/MM+사람/NNG+들/XSN+기다리/VV+니까/EC+그게/NP+JKS+너무/MAG+신경/NNG+쓰여/VV+EC+~/SY"
          },
          {
            "id": 14,
            "text": "2 : 현지에서 관광 가이드 구하는 것도 있더라~",
            "norm_text": "현지에서 관광 가이드 구하는 것도 있더라~",
            "speaker": {
              "id": "2번",
              "sex": "여성",
              "age": "30대"
            },
            "speechAct": "(단언) 진술하기",
            "morpheme": "현지/NNG+에서/JKB+관광/NNG+가이드/NNG+구하/VV+는/ETM+것/NNB+도/JX+있/VA+더라/EC+~/SY"
          },
          {
            "id": 15,
            "text": "3 : 맞아 맞아 또 이게 이동을 버스로 다 같이 하니까 뭐랄까 시차 적응도 쉽지 않더라...",
            "norm_text": "맞아 맞아 또 이게 이동을 버스로 다 같이 하니까 뭐랄까 시차 적응도 쉽지 않더라...",
            "speaker": {
              "id": "3번",
              "sex": "여성",
              "age": "20대"
            },
            "speechAct": "(단언) 주장하기",
            "morpheme": "맞/VV+아/EC+맞/VV+아/EC+또/MAG+이게/NP+JKS+이동/NNG+을/JKO+버스/NNG+로/JKB+다/MAG+같이/MAG+하/VV+니까/EC+뭐/NP+랄까/VCP+EC+시차/NNG+적응/NNG+도/JX+쉽/VA+지/EC+않/VX+더라/EF+./SY"
          },
          {
            "id": 16,
            "text": "3 : 원래 낮에 돌아다녀야 밤에 자고 하면서 적응을 하는데 버스에서 하도 자니까 밤에 잠을 못 잤어 키키",
            "norm_text": "원래 낮에 돌아다녀야 밤에 자고 하면서 적응을 하는데 버스에서 하도 자니까 밤에 잠을 못 잤어 키키",
            "speaker": {
              "id": "3번",
              "sex": "여성",
              "age": "20대"
            },
            "speechAct": "(단언) 진술하기",
            "morpheme": "원래/MAG+낮/NNG+에/JKB+돌아다녀야/VV+EC+밤/NNG+에/JKB+자/VV+고/EC+하/VV+면서/EC+적응/NNG+을/JKO+하/VV+는데/EC+버스/NNG+에서/JKB+하도/MAG+자/VV+니까/EC+밤/NNG+에/JKB+잠/NNG+을/JKO+못/MAG+잤/VV+EP+어/EC+키/NNG+키/XSV+ETN"
          },
          {
            "id": 17,
            "text": "3 : 현지에서 관광 가이드 하는 거는 친구들 이랑 자유 여행할 때 신청해서 해봤는데 이게 훨씬 좋았던 것 같아!",
            "norm_text": "현지에서 관광 가이드 하는 거는 친구들 이랑 자유 여행할 때 신청해서 해봤는데 이게 훨씬 좋았던 것 같아!",
            "speaker": {
              "id": "3번",
              "sex": "여성",
              "age": "20대"
            },
            "speechAct": "(단언) 주장하기",
            "morpheme": "현지/NNG+에서/JKB+관광/NNG+가이드/NNG+하/XSV+는/ETM+거/NNB+는/JX+친구/NNG+들/XSN+이랑/JKB+자유/NNG+여행/NNG+할/XSV+ETM+때/NNG+신청/NNG+해서/XSV+EC+해/VV+EC+봤/VX+EP+는데/EC+이게/NP+JKS+훨씬/MAG+좋/VA+았/EP+던/ETM+것/NNB+같/VA+아/EF"
          },
          {
            "id": 18,
            "text": "1 : 맞아 자유 여행으로 가고 우리끼리 가기 힘든 곳이거나 설명을 안 들으면 별로 의미가 없는 그런 데만 하루만 하는 가이드 같은 거 신청하는 게 제일 나은 듯!",
            "norm_text": "맞아 자유 여행으로 가고 우리끼리 가기 힘든 곳이거나 설명을 안 들으면 별로 의미가 없는 그런 데만 하루만 하는 가이드 같은 거 신청하는 게 제일 나은 듯!",
            "speaker": {
              "id": "1번",
              "sex": "여성",
              "age": "20대"
            },
            "speechAct": "(단언) 주장하기",
            "morpheme": "맞/VV+아/EC+자유/NNG+여행/NNG+으로/JKB+가/VV+고/EC+우리/NP+끼리/XSN+가/VV+기/ETN+힘든/VA+ETM+곳/NNG+이/VCP+거나/EC+설명/NNG+을/JKO+안/MAG+들으면/VV+EC+별로/MAG+의미/NNG+가/JKS+없/VA+는/ETM+그런/MM+데/NNB+만/JX+하루/NNG+만/JX+하/VV+는/ETM+가이드/NNG+같/VA+은/ETM+거/NNB+신청/NNG+하/XSV+는/ETM+게/NNB+JKS+제일/MAG+나/VA+은/ETM+듯/NNB"
          },
          {
            "id": 19,
            "text": "2 : 맞아 맞아~ 갔던 곳 중에 어디 또 가고 싶어?",
            "norm_text": "맞아 맞아~ 갔던 곳 중에 어디 또 가고 싶어?",
            "speaker": {
              "id": "2번",
              "sex": "여성",
              "age": "30대"
            },
            "speechAct": "(지시) 질문하기",
            "morpheme": "맞/VV+아/EC+맞/VV+아/EC+~/SY+갔/VV+EP+던/ETM+곳/NNG+중/NNB+에/JKB+어디/NP+또/MAG+가/VV+고/EC+싶/VX+어/EF"
          },
          {
            "id": 20,
            "text": "3 : 사실 일본 가고 싶어 ㅠㅠ",
            "norm_text": "사실 일본 가고 싶어 ㅠㅠ",
            "speaker": {
              "id": "3번",
              "sex": "여성",
              "age": "20대"
            },
            "speechAct": "(단언) 주장하기",
            "morpheme": "사실/MAG+일본/NNP+가/VV+고/EC+싶/VX+어/EC+ㅠㅠ/UNKNOWN"
          },
          {
            "id": 21,
            "text": "3 : 일본 참 밉긴 한데 여행하기에는 너무 좋은 곳 같아",
            "norm_text": "일본 참 밉긴 한데 여행하기에는 너무 좋은 곳 같아",
            "speaker": {
              "id": "3번",
              "sex": "여성",
              "age": "20대"
            },
            "speechAct": "(단언) 주장하기",
            "morpheme": "일본/NNP+참/MAG+밉/VA+긴/ETN+JX+한데/VX+EC+여행/NNG+하/XSV+기/ETN+에/JKB+는/JX+너무/MAG+좋/VA+은/ETM+곳/NNB+같/VA+아/EC"
          },
          {
            "id": 22,
            "text": "1 : 어 맞아... 멀지도 않고 지역마다 또 특색이 있어서 좋은 거 같음 음식도 맛있구!",
            "norm_text": "어 맞아... 멀지도 않고 지역마다 또 특색이 있어서 좋은 거 같음 음식도 맛있구!",
            "speaker": {
              "id": "1번",
              "sex": "여성",
              "age": "20대"
            },
            "speechAct": "(단언) 주장하기",
            "morpheme": "어/IC+맞/VV+아/EF+./SY+멀/VA+지/EC+도/JX+않/VX+고/EC+지역/NNG+마다/JX+또/MAG+특색/NNG+이/JKS+있/VV+어서/EC+좋/VA+은/ETM+거/NNB+같/VA+음/ETN+음식/NNG+도/JX+맛있/VA+구/EF"
          },
          {
            "id": 23,
            "text": "2 : 나 일본 갔을 때 선술집을 못 가 봤네~ 그게 제일 아쉬움이 커 키키",
            "norm_text": "나 일본 갔을 때 선술집을 못 가 봤네~ 그게 제일 아쉬움이 커 키키",
            "speaker": {
              "id": "2번",
              "sex": "여성",
              "age": "30대"
            },
            "speechAct": "(단언) 주장하기",
            "morpheme": "나/NP+일본/NNP+갔/VV+EP+을/ETM+때/NNG+선술집/NNG+을/JKO+못/MAG+가/VV+EC+봤/VX+EP+네/EF+~/SY+그게/NP+JKS+제일/MAG+아쉬움/NNG+이/JKS+커/VA+EC+키/NNG+키/XSV+ETN"
          },
          {
            "id": 24,
            "text": "3 : 나 정말 동네 선술집 가봤는데 정말 분위기 좋았어 ㅠㅠ",
            "norm_text": "나 정말 동네 선술집 가봤는데 정말 분위기 좋았어 ㅠㅠ",
            "speaker": {
              "id": "3번",
              "sex": "여성",
              "age": "20대"
            },
            "speechAct": "(단언) 주장하기",
            "morpheme": "나/NP+정말/MAG+동네/NNG+선술집/NNG+가/JKC+봤/VV+EP+는데/EC+정말/MAG+분위기/NNG+좋/VA+았/EP+어/EF+ㅠㅠ/UNKNOWN"
          },
          {
            "id": 25,
            "text": "3 : 막 직원분도 친절하게 메뉴 추천해주시고 서비스도 막 주시고 상상하던 그런 일본의 느낌이어서 아직도 기억이 강하게 남아있음",
            "norm_text": "막 직원분도 친절하게 메뉴 추천해주시고 서비스도 막 주시고 상상하던 그런 일본의 느낌이어서 아직도 기억이 강하게 남아있음",
            "speaker": {
              "id": "3번",
              "sex": "여성",
              "age": "20대"
            },
            "speechAct": "(단언) 진술하기",
            "morpheme": "막/MAJ+직원/NNG+분/XSN+도/JX+친절/NNG+하/XSV+게/EC+메뉴/NNG+추천/NNG+해/XSV+EC+주/VX+시/EP+고/EC+서비스/NNG+도막/NNG+주/VV+시/EP+고/EC+상상/NNG+하/XSV+던/ETM+그런/MM+일본/NNP+의/JKG+느낌/NNG+이/VCP+어서/EC+아직/MAG+도/JX+기억/NNG+이/JKS+강하/VA+게/EC+남/VV+아/EC+있/VX+음/ETN"
          },
          {
            "id": 26,
            "text": "1 : 일본 진짜 그런 게 좋지 ㅠㅠ",
            "norm_text": "일본 진짜 그런 게 좋지 ㅠㅠ",
            "speaker": {
              "id": "1번",
              "sex": "여성",
              "age": "20대"
            },
            "speechAct": "(단언) 주장하기",
            "morpheme": "일본/NNP+진짜/MAG+그런/MM+게/NNB+JKS+좋/VA+지/EC+ㅠㅠ/UNKNOWN"
          },
          {
            "id": 27,
            "text": "1 : 아기자기한 맛이 있어",
            "norm_text": "아기자기한 맛이 있어",
            "speaker": {
              "id": "1번",
              "sex": "여성",
              "age": "20대"
            },
            "speechAct": "(단언) 주장하기",
            "morpheme": "아기자기/XR+한/XSA+ETM+맛/NNG+이/JKS+있/VV+어/EC"
          },
          {
            "id": 28,
            "text": "1 : 일본은 편의점 음식도 퀄리티가 다르잖아...",
            "norm_text": "일본은 편의점 음식도 퀄리티가 다르잖아...",
            "speaker": {
              "id": "1번",
              "sex": "여성",
              "age": "20대"
            },
            "speechAct": "(단언) 주장하기",
            "morpheme": "일본/NNP+은/JX+편의점/NNG+음식/NNG+도/JX+퀄리티/NNP+가/JKS+다르/VA+잖아/EF+./SY"
          },
          {
            "id": 29,
            "text": "1 : 일본 어디 가봤었어?",
            "norm_text": "일본 어디 가봤었어?",
            "speaker": {
              "id": "1번",
              "sex": "여성",
              "age": "20대"
            },
            "speechAct": "(지시) 질문하기",
            "morpheme": "일본/NNP+어디/NP+가/JKS+봤었/VV+EP+어/EF"
          },
          {
            "id": 30,
            "text": "2 : 도쿄랑 오사카 후쿠오카 아 난 이 후쿠오카 이름이 지금도 헷갈려 ㅠㅠ",
            "norm_text": "도쿄랑 오사카 후쿠오카 아 난 이 후쿠오카 이름이 지금도 헷갈려 ㅠㅠ",
            "speaker": {
              "id": "2번",
              "sex": "여성",
              "age": "30대"
            },
            "speechAct": "(단언) 주장하기",
            "morpheme": "도쿄/NNP+랑/JC+오사카/NNP+후쿠오카/NNP+아난/NNP+이/JKS+후쿠오카/NNP+이름/NNG+이/JKS+지금/MAG+도/JX+헷갈려/VV+EC+ㅠㅠ/UNKNOWN"
          },
          {
            "id": 31,
            "text": "2 : 교토를 가보려고 했는데 못 가서 너무 아쉬워~ 가본 사람~",
            "norm_text": "교토를 가보려고 했는데 못 가서 너무 아쉬워~ 가본 사람~",
            "speaker": {
              "id": "2번",
              "sex": "여성",
              "age": "30대"
            },
            "speechAct": "(지시) 질문하기",
            "morpheme": "교토/NNG+를/JKO+가/VV+EC+보/VX+려고/EC+했/VX+EP+는데/EC+못/MAG+가/VV+서/EC+너무/MAG+아쉬워/VA+EC+~/SY+가/JKS+본/VV+ETM+사람/NNG+~/SY"
          },
          {
            "id": 32,
            "text": "3 : 나도 도쿄랑 오사카 갔었어 하하 디즈니 랜드 가려고 갔었당!",
            "norm_text": "나도 도쿄랑 오사카 갔었어 하하 디즈니 랜드 가려고 갔었당!",
            "speaker": {
              "id": "3번",
              "sex": "여성",
              "age": "20대"
            },
            "speechAct": "(단언) 진술하기",
            "morpheme": "나/NP+도/JX+도쿄/NNP+랑/JC+오사카/NNP+갔었/VV+EP+어/EC+하하/MAG+디즈니/NNP+랜드/NNG+가/VV+려고/EC+갔었/VV+EP+당/EF"
          },
          {
            "id": 33,
            "text": "3 : 교토는 못 가봤어 ㅠㅠ",
            "norm_text": "교토는 못 가봤어 ㅠㅠ",
            "speaker": {
              "id": "3번",
              "sex": "여성",
              "age": "20대"
            },
            "speechAct": "(단언) 진술하기",
            "morpheme": "교토/NNP+는/JX+못/MAG+가/VV+EC+봤/VX+EP+어/EF+ㅠㅠ/UNKNOWN"
          },
          {
            "id": 34,
            "text": "1 : 오 나두 교토 가보고 싶었는데 못 가봤어 ㅠㅠ",
            "norm_text": "오 나두 교토 가보고 싶었는데 못 가봤어 ㅠㅠ",
            "speaker": {
              "id": "1번",
              "sex": "여성",
              "age": "20대"
            },
            "speechAct": "(단언) 진술하기",
            "morpheme": "오/IC+나/NP+두/JX+교토/NNG+가/JKS+보/VV+고/EC+싶/VX+었/EP+는데/EC+못/MAG+가/VV+EC+봤/VX+EP+어/EF+ㅠㅠ/UNKNOWN"
          },
          {
            "id": 35,
            "text": "1 : 나는 친구가 도쿄에 있어서 도쿄는 진짜 자주 갔는데 맨날 데리고 다녀주니까 지리도 잘 모름 키키",
            "norm_text": "나는 친구가 도쿄에 있어서 도쿄는 진짜 자주 갔는데 맨날 데리고 다녀주니까 지리도 잘 모름 키키",
            "speaker": {
              "id": "1번",
              "sex": "여성",
              "age": "20대"
            },
            "speechAct": "(단언) 주장하기",
            "morpheme": "나/NP+는/JX+친구/NNG+가/JKS+도쿄/NNP+에/JKB+있/VV+어서/EC+도쿄/NNP+는/JX+진짜/MAG+자주/MAG+갔/VV+EP+는데/EC+맨날/MAG+데리/VV+고/EC+다녀/VV+EC+주/VX+니까/EC+지리/NNG+도/JX+잘/MAG+모름/VV+ETN+키/NNG+키/XSV+ETN"
          },
          {
            "id": 36,
            "text": "2 : 친구 있어서 좋았겠다~",
            "norm_text": "친구 있어서 좋았겠다~",
            "speaker": {
              "id": "2번",
              "sex": "여성",
              "age": "30대"
            },
            "speechAct": "(단언) 주장하기",
            "morpheme": "친구/NNG+있/VV+어서/EC+좋/VA+았/EP+겠/EP+다/EC+~/SY"
          },
          {
            "id": 37,
            "text": "2 : 교토가 음식도 우리 입맛이고 옛날 일본 모습도 잘 보존되어 있다고 해서 진짜 꼭 가려고 했었는데 이제 코로나 때문에 가려면 몇 년은 걸리겠다~",
            "norm_text": "교토가 음식도 우리 입맛이고 옛날 일본 모습도 잘 보존되어 있다고 해서 진짜 꼭 가려고 했었는데 이제 코로나 때문에 가려면 몇 년은 걸리겠다~",
            "speaker": {
              "id": "2번",
              "sex": "여성",
              "age": "30대"
            },
            "speechAct": "(단언) 주장하기",
            "morpheme": "교토/NNG+가/JKS+음식/NNG+도/JX+우리/NP+입맛/NNG+이/VCP+고/EC+옛날/NNG+일본/NNP+모습/NNG+도/JX+잘/MAG+보존/NNG+되/XSV+어/EC+있/VX+다고/EC+해서/VV+EC+진짜/MAG+꼭/MAG+가/VV+려고/EC+했었/VX+EP+는데/EC+이제/MAG+코로나/NNG+때문/NNB+에/JKB+가/VV+려면/EC+몇/MM+년/NNBC+은/JX+걸리/VV+겠/EP+다/EC+~/SY"
          },
          {
            "id": 38,
            "text": "2 : 대마도도 가려고 표까지 예매했다가 취소했었는데 ㅠㅠ",
            "norm_text": "대마도도 가려고 표까지 예매했다가 취소했었는데 ㅠㅠ",
            "speaker": {
              "id": "2번",
              "sex": "여성",
              "age": "30대"
            },
            "speechAct": "(단언) 진술하기",
            "morpheme": "대마도/NNG+도/JX+가/VV+려고/EC+표/NNG+까지/JX+예매/NNG+했/XSV+EP+다가/EC+취소/NNG+했었/XSV+EP+는데/EC+ㅠㅠ/UNKNOWN"
          },
          {
            "id": 39,
            "text": "3 : 와 대박이네... 진짜 친구가 가이드 해주면 완전 찐 여행일 듯! 키키",
            "norm_text": "와 대박이네... 진짜 친구가 가이드 해주면 완전 찐 여행일 듯! 키키",
            "speaker": {
              "id": "3번",
              "sex": "여성",
              "age": "20대"
            },
            "speechAct": "(단언) 주장하기",
            "morpheme": "와/IC+대박/NNG+이/VCP+네/EF+./SY+진짜/MAG+친구/NNG+가/JKS+가이드/NNG+해/XSV+EC+주/VX+면/EC+완전/MAG+찐/VV+ETM+여행/NNG+일/VCP+ETM+듯/NNB+키/NNG+키/XSV+ETN"
          },
          {
            "id": 40,
            "text": "3 : 나는 다코야끼 너무 좋아해서 일본 가면 다코야끼 정말 매일 먹어 ㅠㅠ 또 먹고 싶다... ㅠㅠ",
            "norm_text": "나는 다코야끼 너무 좋아해서 일본 가면 다코야끼 정말 매일 먹어 ㅠㅠ 또 먹고 싶다... ㅠㅠ",
            "speaker": {
              "id": "3번",
              "sex": "여성",
              "age": "20대"
            },
            "speechAct": "(단언) 주장하기",
            "morpheme": "나/NP+는/JX+다/MAG+코/NNG+야/VCP+EF+끼/MAG+너무/MAG+좋/VA+아/EC+해서/VV+EC+일본/NNP+가/VV+면/EC+다/MAG+코/NNG+야/VCP+EF+끼/MAG+정말/MAG+매일/MAG+먹/VV+어/EC+ㅠㅠ/UNKNOWN+또/MAG+먹/VV+고/EC+싶/VX+다/EF+./SY+ㅠㅠ/UNKNOWN"
          },
          {
            "id": 41,
            "text": "1 : 맛있지 다코야끼... 긴다코라고 일본 다코야끼 집인데 우리나라에도 체인점 있을 껄? 먹어봤어?",
            "norm_text": "맛있지 다코야끼... 긴다코라고 일본 다코야끼 집인데 우리나라에도 체인점 있을 껄? 먹어봤어?",
            "speaker": {
              "id": "1번",
              "sex": "여성",
              "age": "20대"
            },
            "speechAct": "(지시) 질문하기",
            "morpheme": "맛있/VA+지다/EC+VX+EC+코/NNG+야/VCP+EF+끼/MAG+./SY+긴다/VV+EC+코/NNG+라고/VCP+EC+일본/NNP+다코/NNP+야/JKV+끼/NNG+집/NNG+인데/VCP+EC+우리/NP+나라/NNG+에/JKB+도/JX+체인점/NNG+있/VA+을껄/EF+먹/VV+어/EC+봤/VX+EP+어/EF"
          },
          {
            "id": 42,
            "text": "2 : 못 먹어봤어 ㅠㅠ 타코야끼 반죽 밀가루 ㅠㅠ",
            "norm_text": "못 먹어봤어 ㅠㅠ 타코야끼 반죽 밀가루 ㅠㅠ",
            "speaker": {
              "id": "2번",
              "sex": "여성",
              "age": "30대"
            },
            "speechAct": "(단언) 진술하기",
            "morpheme": "못/MAG+먹/VV+어/EC+봤/VX+EP+어/EF+ㅠㅠ/UNKNOWN+타/VV+코야/EC+끼/NNG+반죽/NNG+밀가루/NNG+ㅠㅠ/UNKNOWN"
          },
          {
            "id": 43,
            "text": "3 : 헐헐헐 일본에서는 맨날 저기 꺼 먹었는데 찾아보니까 나 한국에서 간절할 때 마다 찾아가서 먹은 집이 긴다코였네...",
            "norm_text": "1 : 해외 여행 갈 때 여행사 통해서 가고 그런 적 있어?",
            "speaker": {
              "id": "3번",
              "sex": "여성",
              "age": "20대"
            },
            "speechAct": "N/A",
            "morpheme": ""
          }
        ]
      }
    }
  ]
}