{
  "dataset": {
    "identifier": 29314,
    "name": "BAND_30_03_set",
    "src_path": "/data/file/cubeManager/PROJECT001/49/txt20210923160937024699/BAND_30_03_set/",
    "label_path": "/data/file/cubeManager/PROJECT001/49/txt20210923160937024699/BAND_30_03_set/",
    "category": 2,
    "type": 0
  },
  "licenses": {
    "name": "Apache License 1.0",
    "url": "http://www.apache.org/licenses/LICENSE-1.0"
  },
  "info": [
    {
      "id": 31754,
      "filename": "BAND_30_03.txt",
      "title": "BAND_30_03",
      "mediatype": "SNS",
      "medianame": "네이버밴드",
      "category": "일상대화",
      "date": "2021-09-23",
      "size": 418,
      "annotations": {
        "subject": "교통",
        "speaker_type": "1:1",
        "size": 418,
        "word_size": 139,
        "text": "1 : 니 애마 엑센트의 장점이 뭐니?\n2 : 엑센트 장점은 무엇보다 연비가 좋다는 점이지 키키\n1 : 너도 크루즈 기능 있어?\n2 : 아니 아쉽게도 그게 없어 제일 필요해\n1 : 그거 알아? 내 차는 그 기능 있다 키키\n2 : 우와 너 좋은 차 타고 다니네 키키\n1 : 근데 내 차도 있는데 니 차도 있을 거 같은데?\n2 : 안 그래도 내가 못 찾나 싶은데 없다더라구 키키\n1 : 진짜? 누가 그렇게 얘기했어?\n2 : 있을 거 같아서 인터넷 찾아보는데 없다더라 ㅠ\n1 : 아니야 나도 인터넷에는 없다고 했는데 너 풀옵이면 있을 걸?\n2 : 아 진짜 ? 다시 한번 찾아봐야겠다 있으면 좋겠다 ㅠ\n1 : 그거 나중에 정비소 가서 한 번 물어봐!\n2 : 아 조만간 가는데 한번 확인해봐야겠다\n1 : 나도 정비소 아저씨가 얘기해 줘서 알았음!\n2 : 오 좋은 정보 정말 고마워 !",
        "lines": [
          {
            "id": 1,
            "text": "1 : 니 애마 엑센트의 장점이 뭐니?",
            "norm_text": "니 애마 엑센트의 장점이 뭐니?",
            "speaker": {
              "id": "1번",
              "sex": "여성",
              "age": "20대"
            },
            "speechAct": "(지시) 질문하기",
            "morpheme": "니/MM+애마/NNG+엑센트/NNP+의/JKG+장점/NNG+이/JKS+뭐/NP+니/VCP+EF"
          },
          {
            "id": 2,
            "text": "2 : 엑센트 장점은 무엇보다 연비가 좋다는 점이지 키키",
            "norm_text": "엑센트 장점은 무엇보다 연비가 좋다는 점이지 키키",
            "speaker": {
              "id": "2번",
              "sex": "여성",
              "age": "20대"
            },
            "speechAct": "(단언) 진술하기",
            "morpheme": "엑센트/NNP+장점/NNG+은/JX+무엇/NP+보다/JKB+연비/NNG+가/JKS+좋/VA+다는/ETM+점/NNG+이/VCP+지/EC+키/NNG+키/XSV+ETN"
          },
          {
            "id": 3,
            "text": "1 : 너도 크루즈 기능 있어?",
            "norm_text": "너도 크루즈 기능 있어?",
            "speaker": {
              "id": "1번",
              "sex": "여성",
              "age": "20대"
            },
            "speechAct": "(지시) 질문하기",
            "morpheme": "너/NP+도/JX+크루즈/NNP+기능/NNG+있/VA+어/EF"
          },
          {
            "id": 4,
            "text": "2 : 아니 아쉽게도 그게 없어 제일 필요해",
            "norm_text": "아니 아쉽게도 그게 없어 제일 필요해",
            "speaker": {
              "id": "2번",
              "sex": "여성",
              "age": "20대"
            },
            "speechAct": "(단언) 진술하기",
            "morpheme": "아니/IC+아쉽/VA+게/EC+도/JX+그게/NP+JKS+없/VA+어/EC+제일/MAG+필요/NNG+해/XSV+EC"
          },
          {
            "id": 5,
            "text": "1 : 그거 알아? 내 차는 그 기능 있다 키키",
            "norm_text": "그거 알아? 내 차는 그 기능 있다 키키",
            "speaker": {
              "id": "1번",
              "sex": "여성",
              "age": "20대"
            },
            "speechAct": "(단언) 진술하기",
            "morpheme": "그거/NP+알/VV+아/EF+내차/VV+는/ETM+그/MM+기능/NNG+있/VA+다키키/NNP"
          },
          {
            "id": 6,
            "text": "2 : 우와 너 좋은 차 타고 다니네 키키",
            "norm_text": "우와 너 좋은 차 타고 다니네 키키",
            "speaker": {
              "id": "2번",
              "sex": "여성",
              "age": "20대"
            },
            "speechAct": "(단언) 진술하기",
            "morpheme": "우와/IC+너/NP+좋/VA+은/ETM+차/NNG+타/VV+고/EC+다니/VV+네/EF+키/NNG+키/XSV+ETN"
          },
          {
            "id": 7,
            "text": "1 : 근데 내 차도 있는데 니 차도 있을 거 같은데?",
            "norm_text": "근데 내 차도 있는데 니 차도 있을 거 같은데?",
            "speaker": {
              "id": "1번",
              "sex": "여성",
              "age": "20대"
            },
            "speechAct": "(지시) 질문하기",
            "morpheme": "근데/MAJ+내/MM+차/NNG+도/JX+있/VA+는데/EC+니/MM+차/NNG+도/JX+있/VA+을/ETM+거/NNB+같/VA+은데/EF"
          },
          {
            "id": 8,
            "text": "2 : 안 그래도 내가 못 찾나 싶은데 없다더라구 키키",
            "norm_text": "안 그래도 내가 못 찾나 싶은데 없다더라구 키키",
            "speaker": {
              "id": "2번",
              "sex": "여성",
              "age": "20대"
            },
            "speechAct": "(단언) 진술하기",
            "morpheme": "안/MAG+그래도/VV+EC+내/NP+가/JKS+못/MAG+찾/VV+나/EC+싶/VX+은데/EC+없/VA+다더라/EC+구키/NNP+키/NNG"
          },
          {
            "id": 9,
            "text": "1 : 진짜? 누가 그렇게 얘기했어?",
            "norm_text": "진짜? 누가 그렇게 얘기했어?",
            "speaker": {
              "id": "1번",
              "sex": "여성",
              "age": "20대"
            },
            "speechAct": "(지시) 질문하기",
            "morpheme": "진짜/MAG+누가/NP+JKS+그렇/VA+게/EC+얘기/NNG+했/XSV+EP+어/EF"
          },
          {
            "id": 10,
            "text": "2 : 있을 거 같아서 인터넷 찾아보는데 없다더라 ㅠ",
            "norm_text": "있을 거 같아서 인터넷 찾아보는데 없다더라 ㅠ",
            "speaker": {
              "id": "2번",
              "sex": "여성",
              "age": "20대"
            },
            "speechAct": "(단언) 진술하기",
            "morpheme": "있/VA+을/ETM+거/NNB+같/VA+아서/EC+인터넷/NNG+찾아보/VV+는/ETM+데/NNB+없/VA+다더라/EC+ㅠ/UNKNOWN"
          },
          {
            "id": 11,
            "text": "1 : 아니야 나도 인터넷에는 없다고 했는데 너 풀옵이면 있을 걸?",
            "norm_text": "아니야 나도 인터넷에는 없다고 했는데 너 풀옵이면 있을 걸?",
            "speaker": {
              "id": "1번",
              "sex": "여성",
              "age": "20대"
            },
            "speechAct": "(지시) 질문하기",
            "morpheme": "아니야/IC+나/NP+도/JX+인터넷/NNG+에/JKB+는/JX+없/VA+다고/EC+했/VX+EP+는데/EC+너/NP+풀/VV+옵/EP+이면/EC+있/VX+을걸/EF"
          },
          {
            "id": 12,
            "text": "2 : 아 진짜 ? 다시 한번 찾아봐야겠다 있으면 좋겠다 ㅠ",
            "norm_text": "아 진짜 ? 다시 한번 찾아봐야겠다 있으면 좋겠다 ㅠ",
            "speaker": {
              "id": "2번",
              "sex": "여성",
              "age": "20대"
            },
            "speechAct": "(단언) 주장하기",
            "morpheme": "아/IC+진짜/MAG+다시/MAG+한/MM+번/NNBC+찾/VV+아/EC+봐야/VX+EC+VV+겠/EP+다/EC+있/VX+으면/EC+좋/VA+겠/EP+다ㅠ/UNKNOWN"
          },
          {
            "id": 13,
            "text": "1 : 그거 나중에 정비소 가서 한 번 물어봐!",
            "norm_text": "그거 나중에 정비소 가서 한 번 물어봐!",
            "speaker": {
              "id": "1번",
              "sex": "여성",
              "age": "20대"
            },
            "speechAct": "(지시) 충고/제안하기",
            "morpheme": "그거/NP+나중/NNG+에/JKB+정비소/NNG+가/VV+서/EC+한/MM+번/NNBC+물/VV+어/EC+봐/VX+EF"
          },
          {
            "id": 14,
            "text": "2 : 아 조만간 가는데 한번 확인해봐야겠다",
            "norm_text": "아 조만간 가는데 한번 확인해봐야겠다",
            "speaker": {
              "id": "2번",
              "sex": "여성",
              "age": "20대"
            },
            "speechAct": "(단언) 주장하기",
            "morpheme": "아/IC+조만간/MAG+가/VV+는데/EC+한/MM+번/NNBC+확인/NNG+해봐야/XSV+EC+VX+EC+VX+겠/EP+다/EC"
          },
          {
            "id": 15,
            "text": "1 : 나도 정비소 아저씨가 얘기해 줘서 알았음!",
            "norm_text": "나도 정비소 아저씨가 얘기해 줘서 알았음!",
            "speaker": {
              "id": "1번",
              "sex": "여성",
              "age": "20대"
            },
            "speechAct": "(단언) 진술하기",
            "morpheme": "나/NP+도/JX+정비소/NNG+아저씨/NNG+가/JKS+얘기/NNG+해/XSV+EC+줘서/VX+EC+알/VV+았/EP+음/ETN"
          },
          {
            "id": 16,
            "text": "2 : 오 좋은 정보 정말 고마워 !",
            "norm_text": "오 좋은 정보 정말 고마워 !",
            "speaker": {
              "id": "2번",
              "sex": "여성",
              "age": "20대"
            },
            "speechAct": "(표현) 감사하기",
            "morpheme": "오/NR+좋/VA+은/ETM+정보/NNG+정말/MAG+고마워/VA+EF"
          }
        ]
      }
    }
  ]
}