{
  "dataset": {
    "identifier": 58314,
    "name": "BAND_33_05_set",
    "src_path": "/data/file/cubeManager/PROJECT001/53/txt20210928112329053528/BAND_33_05_set/",
    "label_path": "/data/file/cubeManager/PROJECT001/53/txt20210928112329053528/BAND_33_05_set/",
    "category": 2,
    "type": 0
  },
  "licenses": {
    "name": "Apache License 1.0",
    "url": "http://www.apache.org/licenses/LICENSE-1.0"
  },
  "info": [
    {
      "id": 35024,
      "filename": "BAND_33_05.txt",
      "title": "BAND_33_05",
      "mediatype": "SNS",
      "medianame": "네이버밴드",
      "category": "일상대화",
      "date": "2021-09-28",
      "size": 433,
      "annotations": {
        "subject": "군대",
        "speaker_type": "1:1",
        "size": 433,
        "word_size": 139,
        "text": "1 : 너 이번에 해군 자살한 뉴스 봤어?\n2 : 해군이 자살을 했어? 왜?\n1 : 응 집단 따돌림으로 자살했대 ㅜ\n2 : 헐 아직도 군대 내 괴롭힘이 있구나 ㅠ\n1 : 그러니까 휴가 나와서 복귀 안 하고 집에서 그랬대 ㅜ\n2 : 몇 명이서 괴롭힌 건데 그래?\n1 : 그건 안 나왔고 그냥 집단 내 따돌림이라고만 나왔어.\n2 : 진짜 불쌍하다 ㅠ 부모님도 얼마나 속상할 꺼야\n1 : 그러니까 얘가 윗사람한테도 얘기했는데 달라진 게 없었대.\n2 : 그건 정말 학교나 군대나 직장이나 똑같은 거 같아\n1 : 맞아 착한 사람만 피해 보는 세상이야.\n2 : 요즘엔 착한 건 호구라는 말이 있잖아\n1 : 맞아 왜 착한 사람이 피해보는지 모르겠어!\n2 : 맞아 요즘엔 애기 키울 때도 착하게 키우면 안돼\n1 : 키키 그거는 잘 모르겠고 주변 사람들이 좋은 사람이어야 해!\n2 : 맞아 주변 영향도 많이 받는 거지",
        "lines": [
          {
            "id": 1,
            "text": "1 : 너 이번에 해군 자살한 뉴스 봤어?",
            "norm_text": "너 이번에 해군 자살한 뉴스 봤어?",
            "speaker": {
              "id": "1번",
              "sex": "여성",
              "age": "20대"
            },
            "speechAct": "(지시) 질문하기",
            "morpheme": "너/NP+이번/NNG+에/JKB+해군/NNG+자살/NNG+한/XSA+ETM+뉴스/NNG+봤/VV+EP+어/EF"
          },
          {
            "id": 2,
            "text": "2 : 해군이 자살을 했어? 왜?",
            "norm_text": "해군이 자살을 했어? 왜?",
            "speaker": {
              "id": "2번",
              "sex": "남성",
              "age": "30대"
            },
            "speechAct": "(지시) 질문하기",
            "morpheme": "해군/NNG+이/JKS+자살/NNG+을/JKO+했/VV+EP+어/EF+왜/MAG"
          },
          {
            "id": 3,
            "text": "1 : 응 집단 따돌림으로 자살했대 ㅜ",
            "norm_text": "응 집단 따돌림으로 자살했대 ㅜ",
            "speaker": {
              "id": "1번",
              "sex": "여성",
              "age": "20대"
            },
            "speechAct": "(단언) 진술하기",
            "morpheme": "응/IC+집단/NNG+따돌림/NNG+으로/JKB+자살/NNG+했/XSV+EP+대ㅜ/UNKNOWN"
          },
          {
            "id": 4,
            "text": "2 : 헐 아직도 군대 내 괴롭힘이 있구나 ㅠ",
            "norm_text": "헐 아직도 군대 내 괴롭힘이 있구나 ㅠ",
            "speaker": {
              "id": "2번",
              "sex": "남성",
              "age": "30대"
            },
            "speechAct": "(단언) 주장하기",
            "morpheme": "헐/IC+아직/MAG+도/JX+군대/NNG+내/NNB+괴롭힘/VV+ETN+이/JKS+있/VV+구/EC+나ㅠ/UNKNOWN"
          },
          {
            "id": 5,
            "text": "1 : 그러니까 휴가 나와서 복귀 안 하고 집에서 그랬대 ㅜ",
            "norm_text": "그러니까 휴가 나와서 복귀 안 하고 집에서 그랬대 ㅜ",
            "speaker": {
              "id": "1번",
              "sex": "여성",
              "age": "20대"
            },
            "speechAct": "(단언) 진술하기",
            "morpheme": "그러니까/MAJ+휴가/NNG+나와서/VV+EC+복귀/NNG+안/MAG+하/VV+고/EC+집/NNG+에서/JKB+그랬/VV+EP+대ㅜ/UNKNOWN"
          },
          {
            "id": 6,
            "text": "2 : 몇 명이서 괴롭힌 건데 그래?",
            "norm_text": "몇 명이서 괴롭힌 건데 그래?",
            "speaker": {
              "id": "2번",
              "sex": "남성",
              "age": "30대"
            },
            "speechAct": "(지시) 질문하기",
            "morpheme": "몇/MM+명/NNBC+이/XSN+서/JKS+괴롭힌/VV+ETM+건데/NNB+VCP+EC+그래/VV+EF"
          },
          {
            "id": 7,
            "text": "1 : 그건 안 나왔고 그냥 집단 내 따돌림이라고만 나왔어.",
            "norm_text": "그건 안 나왔고 그냥 집단 내 따돌림이라고만 나왔어.",
            "speaker": {
              "id": "1번",
              "sex": "여성",
              "age": "20대"
            },
            "speechAct": "(단언) 진술하기",
            "morpheme": "그건/NP+JX+안/MAG+나왔/VV+EP+고/EC+그냥/MAG+집단/NNG+내/NNB+따돌림/NNG+이/VCP+라고/EC+만/JX+나왔/VV+EP+어/EF"
          },
          {
            "id": 8,
            "text": "2 : 진짜 불쌍하다 ㅠ 부모님도 얼마나 속상할 꺼야",
            "norm_text": "진짜 불쌍하다 ㅠ 부모님도 얼마나 속상할 꺼야",
            "speaker": {
              "id": "2번",
              "sex": "남성",
              "age": "30대"
            },
            "speechAct": "(단언) 주장하기",
            "morpheme": "진짜/MAG+불쌍/XR+하/XSA+다/EF+ㅠ/UNKNOWN+부모/NNG+님/XSN+도/JX+얼마나/MAG+속상할/VA+ETM+꺼/NNB+VCP+야/EC"
          },
          {
            "id": 9,
            "text": "1 : 그러니까 얘가 윗사람한테도 얘기했는데 달라진 게 없었대.",
            "norm_text": "그러니까 얘가 윗사람한테도 얘기했는데 달라진 게 없었대.",
            "speaker": {
              "id": "1번",
              "sex": "여성",
              "age": "20대"
            },
            "speechAct": "(단언) 진술하기",
            "morpheme": "그러니까/MAJ+얘/NP+가/JKS+윗사람/NNG+한테/JKB+도/JX+얘기/NNG+했/XSV+EP+는데/EC+달라진/VV+ETM+게/NNB+JKS+없/VA+었/EP+대/EF"
          },
          {
            "id": 10,
            "text": "2 : 그건 정말 학교나 군대나 직장이나 똑같은 거 같아",
            "norm_text": "그건 정말 학교나 군대나 직장이나 똑같은 거 같아",
            "speaker": {
              "id": "2번",
              "sex": "남성",
              "age": "30대"
            },
            "speechAct": "(단언) 주장하기",
            "morpheme": "그건/NP+JX+정말/MAG+학교/NNG+나/JC+군대/NNG+나/JC+직장/NNG+이나/JX+똑같/VA+은/ETM+거/NNB+같/VA+아/EC"
          },
          {
            "id": 11,
            "text": "1 : 맞아 착한 사람만 피해 보는 세상이야.",
            "norm_text": "맞아 착한 사람만 피해 보는 세상이야.",
            "speaker": {
              "id": "1번",
              "sex": "여성",
              "age": "20대"
            },
            "speechAct": "(단언) 주장하기",
            "morpheme": "맞/VV+아/EC+착한/VA+ETM+사람/NNG+만/JX+피해/VV+EC+보/VX+는/ETM+세상/NNG+이/VCP+야/EF"
          },
          {
            "id": 12,
            "text": "2 : 요즘엔 착한 건 호구라는 말이 있잖아",
            "norm_text": "요즘엔 착한 건 호구라는 말이 있잖아",
            "speaker": {
              "id": "2번",
              "sex": "남성",
              "age": "30대"
            },
            "speechAct": "(단언) 진술하기",
            "morpheme": "요즘/NNG+엔/JKB+JX+착한/VA+ETM+건/NNB+JX+호구/NNG+라는/VCP+ETM+말/NNG+이/JKS+있/VV+잖아/EC"
          },
          {
            "id": 13,
            "text": "1 : 맞아 왜 착한 사람이 피해보는지 모르겠어!",
            "norm_text": "맞아 왜 착한 사람이 피해보는지 모르겠어!",
            "speaker": {
              "id": "1번",
              "sex": "여성",
              "age": "20대"
            },
            "speechAct": "(단언) 주장하기",
            "morpheme": "맞/VV+아/EC+왜/MAG+착한/VA+ETM+사람/NNG+이/JKS+피해/VV+EC+보/VX+는지/EC+모르/VV+겠/EP+어/EF"
          },
          {
            "id": 14,
            "text": "2 : 맞아 요즘엔 애기 키울 때도 착하게 키우면 안돼",
            "norm_text": "맞아 요즘엔 애기 키울 때도 착하게 키우면 안돼",
            "speaker": {
              "id": "2번",
              "sex": "남성",
              "age": "30대"
            },
            "speechAct": "(단언) 주장하기",
            "morpheme": "맞/VV+아/EC+요즘/NNG+엔/JKB+JX+애기/NNG+키울/VV+ETM+때/NNG+도착/NNG+하/XSV+게/EC+키우/VV+면/EC+안/MAG+돼/VV+EC"
          },
          {
            "id": 15,
            "text": "1 : 키키 그거는 잘 모르겠고 주변 사람들이 좋은 사람이어야 해!",
            "norm_text": "키키 그거는 잘 모르겠고 주변 사람들이 좋은 사람이어야 해!",
            "speaker": {
              "id": "1번",
              "sex": "여성",
              "age": "20대"
            },
            "speechAct": "(단언) 주장하기",
            "morpheme": "키/NNG+키/XSV+ETN+그거/NP+는/JX+잘/MAG+모르/VV+겠/EP+고/EC+주변/NNG+사람/NNG+들/XSN+이/JKS+좋/VA+은/ETM+사람/NNG+이/VCP+어야/EC+해/VX+EF"
          },
          {
            "id": 16,
            "text": "2 : 맞아 주변 영향도 많이 받는 거지",
            "norm_text": "맞아 주변 영향도 많이 받는 거지",
            "speaker": {
              "id": "2번",
              "sex": "남성",
              "age": "30대"
            },
            "speechAct": "(단언) 주장하기",
            "morpheme": "맞/VV+아/EC+주변/NNG+영향/NNG+도/JX+많이/MAG+받/VV+는/ETM+거/NNB+지/VCP+EC"
          }
        ]
      }
    }
  ]
}