{
  "dataset": {
    "identifier": 98588,
    "name": "BAND_38_20_set",
    "src_path": "/data/file/cubeManager/PROJECT001/77/txt20211027150101077819/BAND_38_20_set/",
    "label_path": "/data/file/cubeManager/PROJECT001/77/txt20211027150101077819/BAND_38_20_set/",
    "category": 2,
    "type": 0
  },
  "licenses": {
    "name": "Apache License 1.0",
    "url": "http://www.apache.org/licenses/LICENSE-1.0"
  },
  "info": [
    {
      "id": 96680,
      "filename": "BAND_38_20.txt",
      "title": "BAND_38_20",
      "mediatype": "SNS",
      "medianame": "네이버밴드",
      "category": "일상대화",
      "date": "2021-10-27",
      "size": 530,
      "annotations": {
        "subject": "영화/만화",
        "speaker_type": "다자간 대화",
        "size": 530,
        "word_size": 163,
        "text": "1 : 영화 추천 좀 해줘!\n2 : 영화!?!?!\n2 : 요즘 나온 영화는 본 게 없다! 블랙위도우뿐\n3 : 이번에 베놈 봤는데 재밌더라!\n1 : 베놈 1도 안 봤는데 2 봐도 돼?\n2 : 베놈 1인가 2봤었는데 잼떠라 귀여웡 키키\n3 : 흐음... 1보고 2보는 게 베스트긴 한데...!\n1 : 키키 난 1부터 봐야겠네 키키\n1 : 다른건 또 없어?\n2 : 제뱔 블랙위도우 봐줘 우리 나타샤언니의 눈물나는 생애 영화\n3 : 으음~ 요즘 개봉한 거 잘 모르겠던데 뭐가 있지\n1 : 일단 베놈이랑 블랙위도우 접수~!\n2 : 쿠키 필수 눈물 콧물 줄줄 흘리고옴 물론 영화관에서 나만\n3 : 키키 기적이라는 영화도 재밌어 보이는데 한번 가볼까\n1 : 영화관 안간지 진짜 오래됐어 키키\n2 : 기적이 그,~ 정민배우였나~^^?\n2 : ㅇㅈㅇㅈ 영화관 카라멜 팝콘 먹구싶오\n3 : 한번씩 가는 것도 재밌어\n3 : 팝콘 냄새 너무 좋아\n1 : 요즘은 안에서 못 먹는다매? 아쉬워 ㅜㅜ\n2 : 응응 ㅜㅜ 음료수만 마스크 쇽 내리고 쪼롭하고 쇽 올리구\n3 : 맞아... 냄새만이라도... 난 만족이야",
        "lines": [
          {
            "id": 1,
            "text": "1 : 영화 추천 좀 해줘!",
            "norm_text": "영화 추천 좀 해줘!",
            "speaker": {
              "id": "1번",
              "sex": "여성",
              "age": "20대"
            },
            "speechAct": "(지시) 부탁하기",
            "morpheme": "영화/NNG+추천/NNG+좀/MAG+해/VV+EC+줘/VX+EF"
          },
          {
            "id": 2,
            "text": "2 : 영화!?!?!",
            "norm_text": "영화!?!?!",
            "speaker": {
              "id": "2번",
              "sex": "여성",
              "age": "20대"
            },
            "speechAct": "(지시) 부탁하기",
            "morpheme": "영화/NNG+!/SY+?/SY+?/SY"
          },
          {
            "id": 3,
            "text": "2 : 요즘 나온 영화는 본 게 없다! 블랙위도우뿐",
            "norm_text": "요즘 나온 영화는 본 게 없다! 블랙위도우뿐",
            "speaker": {
              "id": "2번",
              "sex": "여성",
              "age": "20대"
            },
            "speechAct": "(단언) 진술하기",
            "morpheme": "요즘/MAG+나온/VV+ETM+영화/NNG+는/JX+본/VX+ETM+게/NNB+JKS+없/VA+다/EF+블랙/NNG+위/NNG+도우/NNG+뿐/JX"
          },
          {
            "id": 4,
            "text": "3 : 이번에 베놈 봤는데 재밌더라!",
            "norm_text": "이번에 베놈 봤는데 재밌더라!",
            "speaker": {
              "id": "3번",
              "sex": "남성",
              "age": "20대"
            },
            "speechAct": "(단언) 진술하기",
            "morpheme": "이번/NNG+에/JKB+베/NNG+놈/NNB+봤/VV+EP+는데/EC+재밌/VA+더라/EF"
          },
          {
            "id": 5,
            "text": "1 : 베놈 1도 안 봤는데 2 봐도 돼?",
            "norm_text": "베놈 1도 안 봤는데 2 봐도 돼?",
            "speaker": {
              "id": "1번",
              "sex": "여성",
              "age": "20대"
            },
            "speechAct": "(지시) 질문하기",
            "morpheme": "베/NNG+놈/NNB+1/SN+도/NNBC+안/MAG+봤/VV+EP+는데/EC+2/SN+봐도/VV+EC+돼/VV+EF"
          },
          {
            "id": 6,
            "text": "2 : 베놈 1인가 2봤었는데 잼떠라 귀여웡 키키",
            "norm_text": "베놈 1인가 2봤었는데 잼떠라 귀여웡 키키",
            "speaker": {
              "id": "2번",
              "sex": "여성",
              "age": "20대"
            },
            "speechAct": "(단언) 진술하기",
            "morpheme": "베/NNG+놈/NNB+1/SN+인가/VCP+EC+2/SN+봤었는데잼떠라귀여웡키키/UNKNOWN"
          },
          {
            "id": 7,
            "text": "3 : 흐음... 1보고 2보는 게 베스트긴 한데...!",
            "norm_text": "흐음... 1보고 2보는 게 베스트긴 한데...!",
            "speaker": {
              "id": "3번",
              "sex": "남성",
              "age": "20대"
            },
            "speechAct": "(단언) 진술하기",
            "morpheme": "흐음/IC+./SY+./SY+1/SN+보고/NNG+2/SN+보/VV+는/ETM+게/NNB+JKS+베스트/NNG+긴/VCP+ETN+JX+한데/VX+EC+./SY+./SY"
          },
          {
            "id": 8,
            "text": "1 : 키키 난 1부터 봐야겠네 키키",
            "norm_text": "키키 난 1부터 봐야겠네 키키",
            "speaker": {
              "id": "1번",
              "sex": "여성",
              "age": "20대"
            },
            "speechAct": "(단언) 진술하기",
            "morpheme": "키/NNG+키/XSV+ETN+난/VV+ETM+1/SN+부/NNBC+터/VCP+봐야/EC+VX+EC+VX+겠/EP+네/EF+키/NNG+키/XSV+ETN"
          },
          {
            "id": 9,
            "text": "1 : 다른건 또 없어?",
            "norm_text": "다른건 또 없어?",
            "speaker": {
              "id": "1번",
              "sex": "여성",
              "age": "20대"
            },
            "speechAct": "(지시) 질문하기",
            "morpheme": "다른/MM+건/NNB+JX+또/MAG+없/VA+어/EF"
          },
          {
            "id": 10,
            "text": "2 : 제뱔 블랙위도우 봐줘 우리 나타샤언니의 눈물나는 생애 영화",
            "norm_text": "제뱔 블랙위도우 봐줘 우리 나타샤언니의 눈물나는 생애 영화",
            "speaker": {
              "id": "2번",
              "sex": "여성",
              "age": "20대"
            },
            "speechAct": "(단언) 진술하기",
            "morpheme": "제뱔/UNKNOWN+블랙/NNG+위/NNG+도우/NNG+봐/VV+EC+줘/VX+EF+우리/NP+나/JX+타/VV+샤/EC+언니/NNG+의/JKG+눈물/NNG+나/NP+는/JX+생애/NNG+영화/NNG"
          },
          {
            "id": 11,
            "text": "3 : 으음~ 요즘 개봉한 거 잘 모르겠던데 뭐가 있지",
            "norm_text": "으음~ 요즘 개봉한 거 잘 모르겠던데 뭐가 있지",
            "speaker": {
              "id": "3번",
              "sex": "남성",
              "age": "20대"
            },
            "speechAct": "(단언) 진술하기",
            "morpheme": "으음/IC+~/SY+요즘/NNG+개봉/NNG+한/XSA+ETM+거/NNB+잘/MAG+모르/VV+겠/EP+던데/EF+뭐/NP+가/JKS+있/VA+지/EC"
          },
          {
            "id": 12,
            "text": "1 : 일단 베놈이랑 블랙위도우 접수~!",
            "norm_text": "일단 베놈이랑 블랙위도우 접수~!",
            "speaker": {
              "id": "1번",
              "sex": "여성",
              "age": "20대"
            },
            "speechAct": "(단언) 진술하기",
            "morpheme": "일단베놈이랑블랙위도우접수/UNKNOWN+~/SY"
          },
          {
            "id": 13,
            "text": "2 : 쿠키 필수 눈물 콧물 줄줄 흘리고옴 물론 영화관에서 나만",
            "norm_text": "쿠키 필수 눈물 콧물 줄줄 흘리고옴 물론 영화관에서 나만",
            "speaker": {
              "id": "2번",
              "sex": "여성",
              "age": "20대"
            },
            "speechAct": "(단언) 진술하기",
            "morpheme": "쿠키/NNG+필수/NNG+눈물/NNG+콧물/NNG+줄줄/MAG+흘리/VV+고/EC+옴/VX+ETN+물론/MAG+영화관/NNG+에서/JKB+나/NP+만/JX"
          },
          {
            "id": 14,
            "text": "3 : 키키 기적이라는 영화도 재밌어 보이는데 한번 가볼까",
            "norm_text": "키키 기적이라는 영화도 재밌어 보이는데 한번 가볼까",
            "speaker": {
              "id": "3번",
              "sex": "남성",
              "age": "20대"
            },
            "speechAct": "(지시) 질문하기",
            "morpheme": "키/NNG+키/NNG+기적/NNG+이/VCP+라는/ETM+영화/NNG+도/JX+재밌/VA+어/EC+보이/VV+는데/EC+한/MM+번/NNBC+가/VV+볼까/EC+VX+EC"
          },
          {
            "id": 15,
            "text": "1 : 영화관 안간지 진짜 오래됐어 키키",
            "norm_text": "영화관 안간지 진짜 오래됐어 키키",
            "speaker": {
              "id": "1번",
              "sex": "여성",
              "age": "20대"
            },
            "speechAct": "(단언) 진술하기",
            "morpheme": "영화관/NNG+안/MAG+간지/VV+EC+진짜/MAG+오래/MAG+됐/VV+EP+어/EC+키/NNG+키/XSV+ETN"
          },
          {
            "id": 16,
            "text": "2 : 기적이 그,~ 정민배우였나~^^?",
            "norm_text": "기적이 그,~ 정민배우였나~^^?",
            "speaker": {
              "id": "2번",
              "sex": "여성",
              "age": "20대"
            },
            "speechAct": "(지시) 질문하기",
            "morpheme": "기적/NNG+이/JKS+그/IC+,/SC+~/SY+정민/NNG+배우/NNG+였/VCP+EP+나/EC+~/SY+^/SY+^/SY"
          },
          {
            "id": 17,
            "text": "2 : ㅇㅈㅇㅈ 영화관 카라멜 팝콘 먹구싶오",
            "norm_text": "ㅇㅈㅇㅈ 영화관 카라멜 팝콘 먹구싶오",
            "speaker": {
              "id": "2번",
              "sex": "여성",
              "age": "20대"
            },
            "speechAct": "(단언) 주장하기",
            "morpheme": "ㅇㅈ/UNKNOWN+ㅇㅈ/UNKNOWN+영화관/NNG+카라멜/NNP+팝콘/NNG+먹/VV+구/EC+싶/VX+오/EC"
          },
          {
            "id": 18,
            "text": "3 : 한번씩 가는 것도 재밌어",
            "norm_text": "한번씩 가는 것도 재밌어",
            "speaker": {
              "id": "3번",
              "sex": "남성",
              "age": "20대"
            },
            "speechAct": "(단언) 진술하기",
            "morpheme": "한/MM+번/NNBC+씩/XSN+가/VV+는/ETM+것/NNB+도/JX+재밌/VA+어/EC"
          },
          {
            "id": 19,
            "text": "3 : 팝콘 냄새 너무 좋아",
            "norm_text": "팝콘 냄새 너무 좋아",
            "speaker": {
              "id": "3번",
              "sex": "남성",
              "age": "20대"
            },
            "speechAct": "(단언) 주장하기",
            "morpheme": "팝콘/NNG+냄새/NNG+너무/MAG+좋/VA+아/EC"
          },
          {
            "id": 20,
            "text": "1 : 요즘은 안에서 못 먹는다매? 아쉬워 ㅜㅜ",
            "norm_text": "요즘은 안에서 못 먹는다매? 아쉬워 ㅜㅜ",
            "speaker": {
              "id": "1번",
              "sex": "여성",
              "age": "20대"
            },
            "speechAct": "(단언) 주장하기",
            "morpheme": "요즘/NNG+은/JX+안/NNG+에서/JKB+못/MAG+먹/VV+는/ETM+다매/NNG+?/SY+아쉬워ㅜㅜ/UNKNOWN"
          },
          {
            "id": 21,
            "text": "2 : 응응 ㅜㅜ 음료수만 마스크 쇽 내리고 쪼롭하고 쇽 올리구",
            "norm_text": "응응 ㅜㅜ 음료수만 마스크 쇽 내리고 쪼롭하고 쇽 올리구",
            "speaker": {
              "id": "2번",
              "sex": "여성",
              "age": "20대"
            },
            "speechAct": "(단언) 진술하기",
            "morpheme": "응/IC+응/IC+ㅜㅜ/UNKNOWN+음료수/NNG+만/JX+마스크/NNG+쇽/UNKNOWN+내리/VV+고/EC+쪼/MAG+롭/XSA+하/XSV+고/EC+쇽/UNKNOWN+올리/VV+구/EC"
          },
          {
            "id": 22,
            "text": "3 : 맞아... 냄새만이라도... 난 만족이야",
            "norm_text": "맞아... 냄새만이라도... 난 만족이야",
            "speaker": {
              "id": "3번",
              "sex": "남성",
              "age": "20대"
            },
            "speechAct": "(단언) 주장하기",
            "morpheme": "맞/VV+아/EF+./SY+냄새/NNG+만/JX+이라도/JX+./SY+난/NP+JX+만족/NNG+이/VCP+야/EC"
          }
        ]
      }
    }
  ]
}