{
  "dataset": {
    "identifier": 42524,
    "name": "BAND_32_03_set",
    "src_path": "/data/file/cubeManager/PROJECT001/53/txt20210927151849045396/BAND_32_03_set/",
    "label_path": "/data/file/cubeManager/PROJECT001/53/txt20210927151849045396/BAND_32_03_set/",
    "category": 2,
    "type": 0
  },
  "licenses": {
    "name": "Apache License 1.0",
    "url": "http://www.apache.org/licenses/LICENSE-1.0"
  },
  "info": [
    {
      "id": 34761,
      "filename": "BAND_32_03.txt",
      "title": "BAND_32_03",
      "mediatype": "SNS",
      "medianame": "네이버밴드",
      "category": "일상대화",
      "date": "2021-09-27",
      "size": 378,
      "annotations": {
        "subject": "교통",
        "speaker_type": "1:1",
        "size": 378,
        "word_size": 129,
        "text": "1 : 니 자동차 별칭은 따로 안 정했어?\n2 : 그냥 한 번씩 흰둥이라고 불러 키키\n1 : 아 니 자동차 색상이 화이트 색상이야?\n2 : 맞아 지금은 아이보리가 되었지만 키키\n1 : 키키 우리 별카도 흰색인데! 흰색이 좋아!\n2 : 너 차 별명은 별카야?\n1 : 응 이름 잘 지었지? 내 새끼 별카!\n2 : 니 이름 따서 그렇게 지은 거야?\n1 : 응 맞아 내 차는 프라이드야!\n2 : 차는 지금 서울에는 없겠네?\n1 : 응  우리 언니한테 임시 보호 맡겼어 ㅜ\n2 : 키키  그럼 별카는 지금 어디 지역에 있어?\n1 : 지금 논산에 있어 언니가 논산에 있거든!\n2 : 키키 별카는 언니가 잘 끌고 다니신대? 키키\n1 : 아니 이번에 타이어 싹 다 교체했어 ㅜㅜ\n2 : 와 타이어 돈 많이 들어가지 ㅠ",
        "lines": [
          {
            "id": 1,
            "text": "1 : 니 자동차 별칭은 따로 안 정했어?",
            "norm_text": "니 자동차 별칭은 따로 안 정했어?",
            "speaker": {
              "id": "1번",
              "sex": "여성",
              "age": "20대"
            },
            "speechAct": "(지시) 질문하기",
            "morpheme": "니/MM+자동차/NNG+별칭/NNG+은/JX+따로/MAG+안/MAG+정했/VV+EP+어/EF"
          },
          {
            "id": 2,
            "text": "2 : 그냥 한 번씩 흰둥이라고 불러 키키",
            "norm_text": "그냥 한 번씩 흰둥이라고 불러 키키",
            "speaker": {
              "id": "2번",
              "sex": "여성",
              "age": "20대"
            },
            "speechAct": "(단언) 진술하기",
            "morpheme": "그냥/MAG+한/MM+번/NNBC+씩/XSN+흰/VA+ETM+둥/NNB+이/VCP+라고/EC+불러/VV+EC+키/NNG+키/XSV+ETN"
          },
          {
            "id": 3,
            "text": "1 : 아 니 자동차 색상이 화이트 색상이야?",
            "norm_text": "아 니 자동차 색상이 화이트 색상이야?",
            "speaker": {
              "id": "1번",
              "sex": "여성",
              "age": "20대"
            },
            "speechAct": "(지시) 질문하기",
            "morpheme": "아니/IC+자동차/NNG+색상/NNG+이/JKS+화이트/NNP+색상/NNG+이/VCP+야/EF"
          },
          {
            "id": 4,
            "text": "2 : 맞아 지금은 아이보리가 되었지만 키키",
            "norm_text": "맞아 지금은 아이보리가 되었지만 키키",
            "speaker": {
              "id": "2번",
              "sex": "여성",
              "age": "20대"
            },
            "speechAct": "(단언) 진술하기",
            "morpheme": "맞아/IC+지금/MAG+은/JX+아이보리/NNG+가/JKS+되/VV+었/EP+지만/EC+키/NNG+키/XSV+ETN"
          },
          {
            "id": 5,
            "text": "1 : 키키 우리 별카도 흰색인데! 흰색이 좋아!",
            "norm_text": "키키 우리 별카도 흰색인데! 흰색이 좋아!",
            "speaker": {
              "id": "1번",
              "sex": "여성",
              "age": "20대"
            },
            "speechAct": "(단언) 주장하기",
            "morpheme": "키/NNG+키/XSV+ETN+우리/NP+별/MM+카/NNG+도/JX+흰색/NNG+인데/VCP+EC+!/SY+흰색/NNG+이/JKS+좋/VA+아/EF"
          },
          {
            "id": 6,
            "text": "2 : 너 차 별명은 별카야?",
            "norm_text": "너 차 별명은 별카야?",
            "speaker": {
              "id": "2번",
              "sex": "여성",
              "age": "20대"
            },
            "speechAct": "(지시) 질문하기",
            "morpheme": "너/NP+차별/NNG+명은/NNG+별/XSN+카/NNG+야/VCP+EF"
          },
          {
            "id": 7,
            "text": "1 : 응 이름 잘 지었지? 내 새끼 별카!",
            "norm_text": "응 이름 잘 지었지? 내 새끼 별카!",
            "speaker": {
              "id": "1번",
              "sex": "여성",
              "age": "20대"
            },
            "speechAct": "(단언) 주장하기",
            "morpheme": "응/IC+이름/NNG+잘/MAG+지/VV+었/EP+지/EF+내/NP+JKG+새끼/NNG+별/XSN+카/IC"
          },
          {
            "id": 8,
            "text": "2 : 니 이름 따서 그렇게 지은 거야?",
            "norm_text": "니 이름 따서 그렇게 지은 거야?",
            "speaker": {
              "id": "2번",
              "sex": "여성",
              "age": "20대"
            },
            "speechAct": "(지시) 질문하기",
            "morpheme": "니/MM+이름/NNG+따/VV+서/EC+그렇게/MAG+지/VV+은/ETM+거/NNB+야/VCP+EF"
          },
          {
            "id": 9,
            "text": "1 : 응 맞아 내 차는 프라이드야!",
            "norm_text": "응 맞아 내 차는 프라이드야!",
            "speaker": {
              "id": "1번",
              "sex": "여성",
              "age": "20대"
            },
            "speechAct": "(단언) 주장하기",
            "morpheme": "응/IC+맞/VV+아/EC+내차/VV+는/ETM+프라이드/NNG+야/VCP+EF"
          },
          {
            "id": 10,
            "text": "2 : 차는 지금 서울에는 없겠네?",
            "norm_text": "차는 지금 서울에는 없겠네?",
            "speaker": {
              "id": "2번",
              "sex": "여성",
              "age": "20대"
            },
            "speechAct": "(지시) 질문하기",
            "morpheme": "차/NNG+는/JX+지금/MAG+서울/NNP+에/JKB+는/JX+없/VA+겠/EP+네/EF"
          },
          {
            "id": 11,
            "text": "1 : 응  우리 언니한테 임시 보호 맡겼어 ㅜ",
            "norm_text": "응  우리 언니한테 임시 보호 맡겼어 ㅜ",
            "speaker": {
              "id": "1번",
              "sex": "여성",
              "age": "20대"
            },
            "speechAct": "(단언) 진술하기",
            "morpheme": "응/IC+우리/NP+언니/NNG+한테/JKB+임시/NNG+보호/NNG+맡겼/VV+EP+어ㅜ/UNKNOWN"
          },
          {
            "id": 12,
            "text": "2 : 키키  그럼 별카는 지금 어디 지역에 있어?",
            "norm_text": "키키  그럼 별카는 지금 어디 지역에 있어?",
            "speaker": {
              "id": "2번",
              "sex": "여성",
              "age": "20대"
            },
            "speechAct": "(지시) 질문하기",
            "morpheme": "키/NNG+키/XSV+ETN+그럼/MAJ+별/MM+카/NNG+는/JX+지금/MAG+어디/NP+지역/NNG+에/JKB+있/VV+어/EF"
          },
          {
            "id": 13,
            "text": "1 : 지금 논산에 있어 언니가 논산에 있거든!",
            "norm_text": "지금 논산에 있어 언니가 논산에 있거든!",
            "speaker": {
              "id": "1번",
              "sex": "여성",
              "age": "20대"
            },
            "speechAct": "(단언) 진술하기",
            "morpheme": "지금/MAG+논산/NNP+에/JKB+있/VV+어/EC+언니/NNG+가/JKS+논산/NNP+에/JKB+있/VV+거든/EF"
          },
          {
            "id": 14,
            "text": "2 : 키키 별카는 언니가 잘 끌고 다니신대? 키키",
            "norm_text": "키키 별카는 언니가 잘 끌고 다니신대? 키키",
            "speaker": {
              "id": "2번",
              "sex": "여성",
              "age": "20대"
            },
            "speechAct": "(지시) 질문하기",
            "morpheme": "키/NNG+키/NNG+별/XSN+카/NNG+는/JX+언니/NNG+가/JKS+잘/MAG+끌/VV+고/EC+다니/VV+신대/EP+EF+키/NNG+키/XSV+ETN"
          },
          {
            "id": 15,
            "text": "1 : 아니 이번에 타이어 싹 다 교체했어 ㅜㅜ",
            "norm_text": "아니 이번에 타이어 싹 다 교체했어 ㅜㅜ",
            "speaker": {
              "id": "1번",
              "sex": "여성",
              "age": "20대"
            },
            "speechAct": "(단언) 진술하기",
            "morpheme": "아니/IC+이번/NNG+에/JKB+타이어/NNG+싹/VV+다/EC+교체/NNG+했/XSV+EP+어/EF+ㅜㅜ/UNKNOWN"
          },
          {
            "id": 16,
            "text": "2 : 와 타이어 돈 많이 들어가지 ㅠ",
            "norm_text": "와 타이어 돈 많이 들어가지 ㅠ",
            "speaker": {
              "id": "2번",
              "sex": "여성",
              "age": "20대"
            },
            "speechAct": "(단언) 주장하기",
            "morpheme": "와/IC+타이어/NNG+돈/NNG+많이/MAG+들어가/VV+지/EC+ㅠ/UNKNOWN"
          }
        ]
      }
    }
  ]
}