{
  "dataset": {
    "identifier": 101820,
    "name": "BAND_38_19_set",
    "src_path": "/data/file/cubeManager/PROJECT001/77/txt202110271501010772108/BAND_38_19_set/",
    "label_path": "/data/file/cubeManager/PROJECT001/77/txt202110271501010772108/BAND_38_19_set/",
    "category": 2,
    "type": 0
  },
  "licenses": {
    "name": "Apache License 1.0",
    "url": "http://www.apache.org/licenses/LICENSE-1.0"
  },
  "info": [
    {
      "id": 96679,
      "filename": "BAND_38_19.txt",
      "title": "BAND_38_19",
      "mediatype": "SNS",
      "medianame": "네이버밴드",
      "category": "일상대화",
      "date": "2021-10-27",
      "size": 485,
      "annotations": {
        "subject": "방송/연예",
        "speaker_type": "다자간 대화",
        "size": 485,
        "word_size": 154,
        "text": "1 : 티비 재밌는거 추천 좀 해주라\n2 : 일요일 오전 10시50분 서프라이즈 본방 사수\n3 : 키키 난 요즘 티비 잘 안보고 넷플 보는 거 같어\n1 : 역시 요즘엔 넷플이 대세인가\n2 : ㅇㅈㅇㅈ 이번에 울 소희언니 드라마 하나 찍었다던데~\n3 : 오오 뭐양 한번 보고싶네\n1 : 맞아 마이네임 찍었어 키키 봤어 다들?\n2 : 마이네임! ㅜㅠㅠ\n2 : 나 아직 오겜 다 못봐서 담주부터 봐보려고!\n3 : 난 아직 다 못 봤으!\n3 : 겟마을 차차차 보려다가 사고 터져서...\n1 : 키키 나도 겟차 정주행중이었다고 키키 어이없어\n2 : 키키 아 헐 ㅜㅜ 글쿠나 갯차도 재밌다던데, 어카누\n3 : 다음에 볼꺼 급구중... 추천받아융\n1 : 키키 같이 마이네임으로 넘어 가자 키키\n2 : 마이네임 고고 소희언니 알라뷰 사랑해요\n3 : 키키 오늘부터 한번 정주행 가볼까나\n1 : 자기전에 한편씩 보고 자야지 키키\n2 : 키키ㅇ ㅇ ㅜㅜ 난 담주부터 자전거 타면서 볼 겨\n3 : 나두 시간 날 때 봐야겠담",
        "lines": [
          {
            "id": 1,
            "text": "1 : 티비 재밌는거 추천 좀 해주라",
            "norm_text": "티비 재밌는거 추천 좀 해주라",
            "speaker": {
              "id": "1번",
              "sex": "여성",
              "age": "20대"
            },
            "speechAct": "(지시) 명령/요구하기",
            "morpheme": "티비/NNG+재밌/VA+는/ETM+거/NNB+추천/NNG+좀/MAG+해/VV+EC+주/VX+라/EC"
          },
          {
            "id": 2,
            "text": "2 : 일요일 오전 10시50분 서프라이즈 본방 사수",
            "norm_text": "일요일 오전 10시50분 서프라이즈 본방 사수",
            "speaker": {
              "id": "2번",
              "sex": "여성",
              "age": "20대"
            },
            "speechAct": "(단언) 주장하기",
            "morpheme": "일요일/NNG+오전/NNG+10/SN+시/NNBC+50/SN+분/NNBC+서프라이즈/NNP+본방/NNG+사수/NNG"
          },
          {
            "id": 3,
            "text": "3 : 키키 난 요즘 티비 잘 안보고 넷플 보는 거 같어",
            "norm_text": "키키 난 요즘 티비 잘 안보고 넷플 보는 거 같어",
            "speaker": {
              "id": "3번",
              "sex": "남성",
              "age": "20대"
            },
            "speechAct": "(단언) 진술하기",
            "morpheme": "키/NNG+키/XSV+ETN+난/VV+ETM+요즘/NNG+티비/NNG+잘/MAG+안/MAG+보/VV+고/EC+넷/NR+플/NNG+보/VV+는/ETM+거/NNB+같/VA+어/EC"
          },
          {
            "id": 4,
            "text": "1 : 역시 요즘엔 넷플이 대세인가",
            "norm_text": "역시 요즘엔 넷플이 대세인가",
            "speaker": {
              "id": "1번",
              "sex": "여성",
              "age": "20대"
            },
            "speechAct": "(단언) 주장하기",
            "morpheme": "역시/MAJ+요즘/NNG+엔/JKB+JX+넷/NR+플/NNG+이/JKS+대세/NNG+인가/VCP+EC"
          },
          {
            "id": 5,
            "text": "2 : ㅇㅈㅇㅈ 이번에 울 소희언니 드라마 하나 찍었다던데~",
            "norm_text": "ㅇㅈㅇㅈ 이번에 울 소희언니 드라마 하나 찍었다던데~",
            "speaker": {
              "id": "2번",
              "sex": "여성",
              "age": "20대"
            },
            "speechAct": "(단언) 진술하기",
            "morpheme": "ㅇㅈㅇㅈ이번에울소희언니드라마하나찍었다던데/UNKNOWN+~/SY"
          },
          {
            "id": 6,
            "text": "3 : 오오 뭐양 한번 보고싶네",
            "norm_text": "오오 뭐양 한번 보고싶네",
            "speaker": {
              "id": "3번",
              "sex": "남성",
              "age": "20대"
            },
            "speechAct": "(단언) 주장하기",
            "morpheme": "오오/IC+뭐/IC+양/MM+한/MM+번/NNBC+보/VV+고/EC+싶/VX+네/EC"
          },
          {
            "id": 7,
            "text": "1 : 맞아 마이네임 찍었어 키키 봤어 다들?",
            "norm_text": "맞아 마이네임 찍었어 키키 봤어 다들?",
            "speaker": {
              "id": "1번",
              "sex": "여성",
              "age": "20대"
            },
            "speechAct": "(지시) 질문하기",
            "morpheme": "맞/VV+아/EC+마이네임/NNP+찍/VV+었/EP+어/EC+키/NNG+키/XSV+ETN+봤/VV+EP+어다/EC+들/XSN"
          },
          {
            "id": 8,
            "text": "2 : 마이네임! ㅜㅠㅠ",
            "norm_text": "마이네임! ㅜㅠㅠ",
            "speaker": {
              "id": "2번",
              "sex": "여성",
              "age": "20대"
            },
            "speechAct": "턴토크 사인(관습적 반응)",
            "morpheme": "마이네임/NNP+!/SY+ㅜㅠㅠ/UNKNOWN"
          },
          {
            "id": 9,
            "text": "2 : 나 아직 오겜 다 못봐서 담주부터 봐보려고!",
            "norm_text": "나 아직 오겜 다 못봐서 담주부터 봐보려고!",
            "speaker": {
              "id": "2번",
              "sex": "여성",
              "age": "20대"
            },
            "speechAct": "(단언) 주장하기",
            "morpheme": "나/NP+아직/MAG+오/IC+겜/NNP+다/MAG+못/MAG+봐서/VV+EC+담주/NNP+부터/JX+봐/VV+EC+보/VX+려고/EF"
          },
          {
            "id": 10,
            "text": "3 : 난 아직 다 못 봤으!",
            "norm_text": "난 아직 다 못 봤으!",
            "speaker": {
              "id": "3번",
              "sex": "남성",
              "age": "20대"
            },
            "speechAct": "(단언) 주장하기",
            "morpheme": "난/NP+JX+아직/MAG+다/MAG+못/MAG+봤/VV+EP+으/EF"
          },
          {
            "id": 11,
            "text": "3 : 겟마을 차차차 보려다가 사고 터져서...",
            "norm_text": "겟마을 차차차 보려다가 사고 터져서...",
            "speaker": {
              "id": "3번",
              "sex": "남성",
              "age": "20대"
            },
            "speechAct": "(단언) 주장하기",
            "morpheme": "겟마을차차차보려다가사고터져서/UNKNOWN+./SY"
          },
          {
            "id": 12,
            "text": "1 : 키키 나도 겟차 정주행중이었다고 키키 어이없어",
            "norm_text": "키키 나도 겟차 정주행중이었다고 키키 어이없어",
            "speaker": {
              "id": "1번",
              "sex": "여성",
              "age": "20대"
            },
            "speechAct": "(단언) 주장하기",
            "morpheme": "키/NNG+키나/XSA+ETN+JX+도/JX+겟/NNP+차정/NNG+주행/NNG+중/NNB+이/VCP+었/EP+다고/EC+키/NNG+키/XSV+ETN+어이없/VA+어/EC"
          },
          {
            "id": 13,
            "text": "2 : 키키 아 헐 ㅜㅜ 글쿠나 갯차도 재밌다던데, 어카누",
            "norm_text": "키키 아 헐 ㅜㅜ 글쿠나 갯차도 재밌다던데, 어카누",
            "speaker": {
              "id": "2번",
              "sex": "여성",
              "age": "20대"
            },
            "speechAct": "(단언) 주장하기",
            "morpheme": "키키아헐ㅜㅜ글쿠나갯차도재밌다던데/UNKNOWN+,/SC+어/IC+카누/NNG"
          },
          {
            "id": 14,
            "text": "3 : 다음에 볼꺼 급구중... 추천받아융",
            "norm_text": "다음에 볼꺼 급구중... 추천받아융",
            "speaker": {
              "id": "3번",
              "sex": "남성",
              "age": "20대"
            },
            "speechAct": "(지시) 명령/요구하기",
            "morpheme": "다음/NNG+에/JKB+볼꺼/VV+ETM+NNB+VCP+급구/NNG+중/NNB+./SY+추천/NNG+받/VV+아/EC+융/NNG"
          },
          {
            "id": 15,
            "text": "1 : 키키 같이 마이네임으로 넘어 가자 키키",
            "norm_text": "키키 같이 마이네임으로 넘어 가자 키키",
            "speaker": {
              "id": "1번",
              "sex": "여성",
              "age": "20대"
            },
            "speechAct": "(지시) 충고/제안하기",
            "morpheme": "키/NNG+키/NNG+같이/JKB+마이네임/NNP+으로/JKB+넘어가/VV+EC+자키/NNG+키/XSV+ETN"
          },
          {
            "id": 16,
            "text": "2 : 마이네임 고고 소희언니 알라뷰 사랑해요",
            "norm_text": "마이네임 고고 소희언니 알라뷰 사랑해요",
            "speaker": {
              "id": "2번",
              "sex": "여성",
              "age": "20대"
            },
            "speechAct": "(단언) 주장하기",
            "morpheme": "마이네임/NNP+고고/NNG+소희/NNG+언니/NNG+알라/NNG+뷰/NNP+사랑/NNG+해요/XSV+EC"
          },
          {
            "id": 17,
            "text": "3 : 키키 오늘부터 한번 정주행 가볼까나",
            "norm_text": "키키 오늘부터 한번 정주행 가볼까나",
            "speaker": {
              "id": "3번",
              "sex": "남성",
              "age": "20대"
            },
            "speechAct": "(단언) 주장하기",
            "morpheme": "키/NNG+키/NNG+오늘/NNG+부터/JX+한/MM+번/NNBC+정주/NNG+행가/NNG+볼까/VV+EC+나/VX"
          },
          {
            "id": 18,
            "text": "1 : 자기전에 한편씩 보고 자야지 키키",
            "norm_text": "자기전에 한편씩 보고 자야지 키키",
            "speaker": {
              "id": "1번",
              "sex": "여성",
              "age": "20대"
            },
            "speechAct": "(단언) 주장하기",
            "morpheme": "자기/NP+전/NNG+에/JKB+한편/NNG+씩/XSN+보/VV+고자/EC+야지/NNG+키/NNG+키/XSV+ETN"
          },
          {
            "id": 19,
            "text": "2 : 키키ㅇ ㅇ ㅜㅜ 난 담주부터 자전거 타면서 볼 겨",
            "norm_text": "키키ㅇ ㅇ ㅜㅜ 난 담주부터 자전거 타면서 볼 겨",
            "speaker": {
              "id": "2번",
              "sex": "여성",
              "age": "20대"
            },
            "speechAct": "(단언) 주장하기",
            "morpheme": "키/NNG+키/XSV+ETN+ㅇㅇ/UNKNOWN+ㅜㅜ/UNKNOWN+난/NP+JX+담주/NNP+부터/JX+자전거/NNG+타/VV+면서/EC+볼/VX+ETM+겨/NNG"
          },
          {
            "id": 20,
            "text": "3 : 나두 시간 날 때 봐야겠담",
            "norm_text": "나두 시간 날 때 봐야겠담",
            "speaker": {
              "id": "3번",
              "sex": "남성",
              "age": "20대"
            },
            "speechAct": "(단언) 주장하기",
            "morpheme": "나/NP+두/JX+시간/NNG+날/NNG+때/NNG+봐야/VV+EC+VX+겠/EP+담/EC"
          }
        ]
      }
    }
  ]
}