{
  "dataset": {
    "identifier": 99302,
    "name": "BAND_39_01_set",
    "src_path": "/data/file/cubeManager/PROJECT001/77/txt20211029151155081950/BAND_39_01_set/",
    "label_path": "/data/file/cubeManager/PROJECT001/77/txt20211029151155081950/BAND_39_01_set/",
    "category": 2,
    "type": 0
  },
  "licenses": {
    "name": "Apache License 1.0",
    "url": "http://www.apache.org/licenses/LICENSE-1.0"
  },
  "info": [
    {
      "id": 109663,
      "filename": "BAND_39_01.txt",
      "title": "BAND_39_01",
      "mediatype": "SNS",
      "medianame": "네이버밴드",
      "category": "일상대화",
      "date": "2021-10-29",
      "size": 433,
      "annotations": {
        "subject": "식음료",
        "speaker_type": "다자간 대화",
        "size": 433,
        "word_size": 139,
        "text": "1 : 오늘 점심 뭐 먹었어?\n2 : 오늘 점심은... 군계란 먹었어!\n3 : 나는 바빠서 빵만 먹은듯!?\n1 : 키키 군계란이랑 빵이라 키키\n1 : 난 굶었어\n2 : 헐 왜 ㅜㅜ\n2 : 밥 먹을 시간도 안줘!?\n3 : 요즘 현대인인가...?\n3 : 바쁜가 보네 키키\n1 : 아니 점심때 배 아파서 굶었어 키키\n2 : 아이거 이런 한국인은 밥심인디 배고프것다\n3 : 아프면 죽이라도 먹어야지 하하 죽도 좋아 요즘\n1 : 그래서 퇴근하고 치킨 뿌셨지 키키\n2 : 키키 올 나는 떡볶이 뿌심 키키\n3 : 점심 빵먹었더니 저녁은 밥해야지~\n1 : 키키 떡볶이 맛있겠다 ㅠㅠ 미쳤다 배고파\n2 : 진미채에 된장찌개 박살내고 싶다\n3 : 한식 인정 키키 한국인은 한식이지\n1 : 키키 김치찌개 먹고 싶다 키키 밥 세공기 각\n2 : 키키 ㅇㅈ ㅜㅜ 돼지고기 많이 넣어주삼\n3 : 많이 먹으면 살찌는데 그냥 흡수다...키키",
        "lines": [
          {
            "id": 1,
            "text": "1 : 오늘 점심 뭐 먹었어?",
            "norm_text": "오늘 점심 뭐 먹었어?",
            "speaker": {
              "id": "1번",
              "sex": "여성",
              "age": "20대"
            },
            "speechAct": "(지시) 질문하기",
            "morpheme": "오늘/MAG+점심/NNG+뭐/IC+먹/VV+었/EP+어/EF"
          },
          {
            "id": 2,
            "text": "2 : 오늘 점심은... 군계란 먹었어!",
            "norm_text": "오늘 점심은... 군계란 먹었어!",
            "speaker": {
              "id": "2번",
              "sex": "여성",
              "age": "20대"
            },
            "speechAct": "(단언) 진술하기",
            "morpheme": "오늘/MAG+점심/NNG+은/JX+./SY+./SY+군계/NNG+란/JX+먹/VV+었/EP+어/EF"
          },
          {
            "id": 3,
            "text": "3 : 나는 바빠서 빵만 먹은듯!?",
            "norm_text": "나는 바빠서 빵만 먹은듯!?",
            "speaker": {
              "id": "3번",
              "sex": "남성",
              "age": "20대"
            },
            "speechAct": "(단언) 진술하기",
            "morpheme": "나/NP+는/JX+바빠서/VA+EC+빵/NNG+만/JX+먹/VV+은/ETM+듯/NNB+!/SY"
          },
          {
            "id": 4,
            "text": "1 : 키키 군계란이랑 빵이라 키키",
            "norm_text": "키키 군계란이랑 빵이라 키키",
            "speaker": {
              "id": "1번",
              "sex": "여성",
              "age": "20대"
            },
            "speechAct": "(단언) 주장하기",
            "morpheme": "키키/NNP+군/NNB+계란/NNG+이랑/JKB+빵/NNG+이/JKS+라키/NNP+키/NNG"
          },
          {
            "id": 5,
            "text": "1 : 난 굶었어",
            "norm_text": "난 굶었어",
            "speaker": {
              "id": "1번",
              "sex": "여성",
              "age": "20대"
            },
            "speechAct": "(단언) 진술하기",
            "morpheme": "난/NP+JX+굶/VV+었/EP+어/EC"
          },
          {
            "id": 6,
            "text": "2 : 헐 왜 ㅜㅜ",
            "norm_text": "헐 왜 ㅜㅜ",
            "speaker": {
              "id": "2번",
              "sex": "여성",
              "age": "20대"
            },
            "speechAct": "(지시) 질문하기",
            "morpheme": "헐왜ㅜㅜ/UNKNOWN"
          },
          {
            "id": 7,
            "text": "2 : 밥 먹을 시간도 안줘!?",
            "norm_text": "밥 먹을 시간도 안줘!?",
            "speaker": {
              "id": "2번",
              "sex": "여성",
              "age": "20대"
            },
            "speechAct": "(지시) 질문하기",
            "morpheme": "밥/NNG+먹/VV+을/ETM+시간/NNG+도/JX+안/MAG+줘/VV+EC+!/SY"
          },
          {
            "id": 8,
            "text": "3 : 요즘 현대인인가...?",
            "norm_text": "요즘 현대인인가...?",
            "speaker": {
              "id": "3번",
              "sex": "남성",
              "age": "20대"
            },
            "speechAct": "(지시) 질문하기",
            "morpheme": "요즘/NNG+현대인/NNG+인가/VCP+EF+./SY+./SY"
          },
          {
            "id": 9,
            "text": "3 : 바쁜가 보네 키키",
            "norm_text": "바쁜가 보네 키키",
            "speaker": {
              "id": "3번",
              "sex": "남성",
              "age": "20대"
            },
            "speechAct": "(단언) 진술하기",
            "morpheme": "바쁜가/VA+EC+보/VX+네/EF+키/NNG+키/XSV+ETN"
          },
          {
            "id": 10,
            "text": "1 : 아니 점심때 배 아파서 굶었어 키키",
            "norm_text": "아니 점심때 배 아파서 굶었어 키키",
            "speaker": {
              "id": "1번",
              "sex": "여성",
              "age": "20대"
            },
            "speechAct": "(단언) 진술하기",
            "morpheme": "아니/IC+점심때/NNG+배/NNG+아파서/VA+EC+굶/VV+었/EP+어/EC+키/NNG+키/XSV+ETN"
          },
          {
            "id": 11,
            "text": "2 : 아이거 이런 한국인은 밥심인디 배고프것다",
            "norm_text": "아이거 이런 한국인은 밥심인디 배고프것다",
            "speaker": {
              "id": "2번",
              "sex": "여성",
              "age": "20대"
            },
            "speechAct": "(단언) 주장하기",
            "morpheme": "아/IC+이거/NP+이런/MM+한국인/NNG+은/JX+밥심/NNG+인디/NP+VCP+EC+배고프/VV+것다/EC"
          },
          {
            "id": 12,
            "text": "3 : 아프면 죽이라도 먹어야지 하하 죽도 좋아 요즘",
            "norm_text": "아프면 죽이라도 먹어야지 하하 죽도 좋아 요즘",
            "speaker": {
              "id": "3번",
              "sex": "남성",
              "age": "20대"
            },
            "speechAct": "(단언) 주장하기",
            "morpheme": "아프/VA+면/EC+죽이/VV+라도/EC+먹/VV+어야지/EC+하하/MAG+죽/VV+도/EC+좋/VA+아/EC+요즘/NNG"
          },
          {
            "id": 13,
            "text": "1 : 그래서 퇴근하고 치킨 뿌셨지 키키",
            "norm_text": "그래서 퇴근하고 치킨 뿌셨지 키키",
            "speaker": {
              "id": "1번",
              "sex": "여성",
              "age": "20대"
            },
            "speechAct": "(단언) 주장하기",
            "morpheme": "그래서/MAJ+퇴근/NNG+하/XSV+고/EC+치킨/VV+ETM+뿌/VX+셨/EP+EP+지/EC+키/NNG+키/XSV+ETN"
          },
          {
            "id": 14,
            "text": "2 : 키키 올 나는 떡볶이 뿌심 키키",
            "norm_text": "키키 올 나는 떡볶이 뿌심 키키",
            "speaker": {
              "id": "2번",
              "sex": "여성",
              "age": "20대"
            },
            "speechAct": "(단언) 주장하기",
            "morpheme": "키/NNG+키/XSV+ETN+올/VV+ETM+나/NP+는/JX+떡볶이/NNG+뿌심/UNKNOWN+키/NNG+키/XSV+ETN"
          },
          {
            "id": 15,
            "text": "3 : 점심 빵먹었더니 저녁은 밥해야지~",
            "norm_text": "점심 빵먹었더니 저녁은 밥해야지~",
            "speaker": {
              "id": "3번",
              "sex": "남성",
              "age": "20대"
            },
            "speechAct": "(단언) 주장하기",
            "morpheme": "점심/NNG+빵/NNG+먹/VV+었/EP+더니/EC+저녁/NNG+은/JX+밥/NNG+해야지/XSV+EC+~/SY"
          },
          {
            "id": 16,
            "text": "1 : 키키 떡볶이 맛있겠다 ㅠㅠ 미쳤다 배고파",
            "norm_text": "키키 떡볶이 맛있겠다 ㅠㅠ 미쳤다 배고파",
            "speaker": {
              "id": "1번",
              "sex": "여성",
              "age": "20대"
            },
            "speechAct": "(단언) 주장하기",
            "morpheme": "키/NNG+키/NNG+떡볶이/NNG+맛있/VA+겠/EP+다/EF+ㅠㅠ/UNKNOWN+미쳤/VV+EP+다/EF+배고파/VA+EC"
          },
          {
            "id": 17,
            "text": "2 : 진미채에 된장찌개 박살내고 싶다",
            "norm_text": "진미채에 된장찌개 박살내고 싶다",
            "speaker": {
              "id": "2번",
              "sex": "여성",
              "age": "20대"
            },
            "speechAct": "(단언) 주장하기",
            "morpheme": "진미/NNG+채/NNG+에/JKB+된장찌개/NNG+박살내/VV+고/EC+싶/VX+다/EC"
          },
          {
            "id": 18,
            "text": "3 : 한식 인정 키키 한국인은 한식이지",
            "norm_text": "한식 인정 키키 한국인은 한식이지",
            "speaker": {
              "id": "3번",
              "sex": "남성",
              "age": "20대"
            },
            "speechAct": "(단언) 주장하기",
            "morpheme": "한식/NNG+인정/NNG+키/NNG+키/NNG+한국인/NNG+은/JX+한식/NNG+이/VCP+지/EC"
          },
          {
            "id": 19,
            "text": "1 : 키키 김치찌개 먹고 싶다 키키 밥 세공기 각",
            "norm_text": "키키 김치찌개 먹고 싶다 키키 밥 세공기 각",
            "speaker": {
              "id": "1번",
              "sex": "여성",
              "age": "20대"
            },
            "speechAct": "(단언) 주장하기",
            "morpheme": "키/NNG+키/NNG+김치찌개/NNG+먹/VV+고/EC+싶/VX+다키키/NNP+밥/NNG+세공/NNG+기각/NNG"
          },
          {
            "id": 20,
            "text": "2 : 키키 ㅇㅈ ㅜㅜ 돼지고기 많이 넣어주삼",
            "norm_text": "키키 ㅇㅈ ㅜㅜ 돼지고기 많이 넣어주삼",
            "speaker": {
              "id": "2번",
              "sex": "여성",
              "age": "20대"
            },
            "speechAct": "(단언) 주장하기",
            "morpheme": "키/NNG+키/XSV+ETN+ㅇㅈ/UNKNOWN+ㅜㅜ/UNKNOWN+돼지고기/NNG+많이/MAG+넣/VV+어/EC+주/VX+삼/EF"
          },
          {
            "id": 21,
            "text": "3 : 많이 먹으면 살찌는데 그냥 흡수다...키키",
            "norm_text": "많이 먹으면 살찌는데 그냥 흡수다...키키",
            "speaker": {
              "id": "3번",
              "sex": "남성",
              "age": "20대"
            },
            "speechAct": "(단언) 주장하기",
            "morpheme": "많이/MAG+먹/VV+으면/EC+살찌/VV+는데/EC+그냥/MAG+흡수/NNG+다/VCP+EF+./SY+키/NNG+키/XSV+ETN"
          }
        ]
      }
    }
  ]
}