{
  "dataset": {
    "identifier": 29523,
    "name": "BAND_25_07_set",
    "src_path": "/data/file/cubeManager/PROJECT001/49/txt20210916100054031466/BAND_25_07_set/",
    "label_path": "/data/file/cubeManager/PROJECT001/49/txt20210916100054031466/BAND_25_07_set/",
    "category": 2,
    "type": 0
  },
  "licenses": {
    "name": "Apache License 1.0",
    "url": "http://www.apache.org/licenses/LICENSE-1.0"
  },
  "info": [
    {
      "id": 26652,
      "filename": "BAND_25_07.txt",
      "title": "BAND_25_07",
      "mediatype": "SNS",
      "medianame": "네이버밴드",
      "category": "일상대화",
      "date": "2021-09-16",
      "size": 404,
      "annotations": {
        "subject": "가족",
        "speaker_type": "1:1",
        "size": 404,
        "word_size": 126,
        "text": "1 : 너는 형제가 어떻게 돼?\n2 : 난 부모님이랑 남동생 하나 있어.\n1 : 아 그 군인 남동생만 있는 거야?\n2 : 어 그렇게 가족이 넷이야~\n1 : 우리도 가족 넷이야 부모님 언니 나!\n2 : 음 똑같구나 4명이 단란하지 키키\n1 : 보통 가족 구성이 우리처럼 되어 있는 거 같애!\n2 : 응 맞아 4명 아니면 5이지 보통\n1 : 맞아 우리도 5명이었는데 할아버지가 돌아가셨어.\n2 : 아 그랬었구나 몰랐네 최근에 돌아가신 거야?\n1 : 아니 2015년도에 돌아가셨어 벌써 6년이 지났네!\n2 : 아 꽤 지났었구나 엄청 슬펐겠다 어쩌시다가 ㅜㅜ\n1 : 할아버지가 지병이 있으셨는데 다시 재발 해서 ㅜㅜ\n2 : 하 지병은 정말 슬픈 일이야 ㅜㅜ\n2 : 괜찮았어 그때?\n1 : 그때는 슬펐지 근데 지금은 괜찮아!\n2 : 음 그랬구나 다행이다 그래도",
        "lines": [
          {
            "id": 1,
            "text": "1 : 너는 형제가 어떻게 돼?",
            "norm_text": "너는 형제가 어떻게 돼?",
            "speaker": {
              "id": "1번",
              "sex": "여성",
              "age": "20대"
            },
            "speechAct": "(지시) 질문하기",
            "morpheme": "너/NP+는/JX+형제/NNG+가/JKS+어떻게/MAG+돼/VV+EF"
          },
          {
            "id": 2,
            "text": "2 : 난 부모님이랑 남동생 하나 있어.",
            "norm_text": "난 부모님이랑 남동생 하나 있어.",
            "speaker": {
              "id": "2번",
              "sex": "여성",
              "age": "20대"
            },
            "speechAct": "(단언) 진술하기",
            "morpheme": "난/NP+JX+부모/NNG+님/XSN+이랑/JKB+남동생/NNG+하/XSV+나/EC+있/VX+어/EF"
          },
          {
            "id": 3,
            "text": "1 : 아 그 군인 남동생만 있는 거야?",
            "norm_text": "아 그 군인 남동생만 있는 거야?",
            "speaker": {
              "id": "1번",
              "sex": "여성",
              "age": "20대"
            },
            "speechAct": "(지시) 질문하기",
            "morpheme": "아/IC+그/MM+군인/NNG+남동생/NNG+만/JX+있/VX+는/ETM+거/NNB+야/VCP+EF"
          },
          {
            "id": 4,
            "text": "2 : 어 그렇게 가족이 넷이야~",
            "norm_text": "어 그렇게 가족이 넷이야~",
            "speaker": {
              "id": "2번",
              "sex": "여성",
              "age": "20대"
            },
            "speechAct": "(단언) 진술하기",
            "morpheme": "어/IC+그렇게/MAG+가족/NNG+이/JKS+넷/NR+이/VCP+야/EC+~/SY"
          },
          {
            "id": 5,
            "text": "1 : 우리도 가족 넷이야 부모님 언니 나!",
            "norm_text": "우리도 가족 넷이야 부모님 언니 나!",
            "speaker": {
              "id": "1번",
              "sex": "여성",
              "age": "20대"
            },
            "speechAct": "(단언) 진술하기",
            "morpheme": "우리/NP+도/JX+가족/NNG+넷/NR+이/VCP+야/EC+부모/NNG+님/XSN+언니/NNG+나/JC"
          },
          {
            "id": 6,
            "text": "2 : 음 똑같구나 4명이 단란하지 키키",
            "norm_text": "음 똑같구나 4명이 단란하지 키키",
            "speaker": {
              "id": "2번",
              "sex": "여성",
              "age": "20대"
            },
            "speechAct": "(단언) 주장하기",
            "morpheme": "음/IC+똑같/VA+구나/EC+4/SN+명/NNBC+이/JKS+단란/XR+하/XSA+지/EC+키/NNG+키/XSV+ETN"
          },
          {
            "id": 7,
            "text": "1 : 보통 가족 구성이 우리처럼 되어 있는 거 같애!",
            "norm_text": "보통 가족 구성이 우리처럼 되어 있는 거 같애!",
            "speaker": {
              "id": "1번",
              "sex": "여성",
              "age": "20대"
            },
            "speechAct": "(단언) 주장하기",
            "morpheme": "보통/NNG+가족/NNG+구성/NNG+이/JKS+우리/NP+처럼/JKB+되/VV+어/EC+있/VX+는/ETM+거/NNB+같/VA+애/EF"
          },
          {
            "id": 8,
            "text": "2 : 응 맞아 4명 아니면 5이지 보통",
            "norm_text": "응 맞아 4명 아니면 5이지 보통",
            "speaker": {
              "id": "2번",
              "sex": "여성",
              "age": "20대"
            },
            "speechAct": "(단언) 주장하기",
            "morpheme": "응/IC+맞/VV+아/EC+4/SN+명/NNBC+아니/VCN+면/EC+5/SN+이/VCP+지/EC+보통/NNG"
          },
          {
            "id": 9,
            "text": "1 : 맞아 우리도 5명이었는데 할아버지가 돌아가셨어.",
            "norm_text": "맞아 우리도 5명이었는데 할아버지가 돌아가셨어.",
            "speaker": {
              "id": "1번",
              "sex": "여성",
              "age": "20대"
            },
            "speechAct": "(단언) 진술하기",
            "morpheme": "맞/VV+아/EC+우리/NP+도/JX+5/SN+명/NNBC+이/VCP+었/EP+는데/EC+할아버지/NNG+가/JKS+돌아가/VV+셨/EP+EP+어/EF"
          },
          {
            "id": 10,
            "text": "2 : 아 그랬었구나 몰랐네 최근에 돌아가신 거야?",
            "norm_text": "아 그랬었구나 몰랐네 최근에 돌아가신 거야?",
            "speaker": {
              "id": "2번",
              "sex": "여성",
              "age": "20대"
            },
            "speechAct": "(지시) 질문하기",
            "morpheme": "아/IC+그랬었/VV+EP+구나/EF+몰랐/VV+EP+네/EF+최근/NNG+에/JKB+돌아가/VV+신/EP+ETM+거/NNB+야/VCP+EF"
          },
          {
            "id": 11,
            "text": "1 : 아니 2015년도에 돌아가셨어 벌써 6년이 지났네!",
            "norm_text": "아니 2015년도에 돌아가셨어 벌써 6년이 지났네!",
            "speaker": {
              "id": "1번",
              "sex": "여성",
              "age": "20대"
            },
            "speechAct": "(단언) 진술하기",
            "morpheme": "아니/IC+2015/SN+년/NNBC+도/NNG+에/JKB+돌아가/VV+셨/EP+EP+어/EF+벌써/MAG+6/SN+년/NNBC+이/JKS+지났/VV+EP+네/EF"
          },
          {
            "id": 12,
            "text": "2 : 아 꽤 지났었구나 엄청 슬펐겠다 어쩌시다가 ㅜㅜ",
            "norm_text": "아 꽤 지났었구나 엄청 슬펐겠다 어쩌시다가 ㅜㅜ",
            "speaker": {
              "id": "2번",
              "sex": "여성",
              "age": "20대"
            },
            "speechAct": "(단언) 주장하기",
            "morpheme": "아/IC+꽤/MAG+지났었/VV+EP+구나/EF+엄청/MAG+슬펐/VA+EP+겠/EP+다/EC+어쩌/VV+시/EP+다가/EC+ㅜㅜ/UNKNOWN"
          },
          {
            "id": 13,
            "text": "1 : 할아버지가 지병이 있으셨는데 다시 재발 해서 ㅜㅜ",
            "norm_text": "할아버지가 지병이 있으셨는데 다시 재발 해서 ㅜㅜ",
            "speaker": {
              "id": "1번",
              "sex": "여성",
              "age": "20대"
            },
            "speechAct": "(단언) 진술하기",
            "morpheme": "할아버지/NNG+가/JKS+지병/NNG+이/JKS+있/VA+으셨는데/EP+EP+EC+다시/MAG+재발/NNG+해서/XSV+EC+ㅜㅜ/UNKNOWN"
          },
          {
            "id": 14,
            "text": "2 : 하 지병은 정말 슬픈 일이야 ㅜㅜ",
            "norm_text": "하 지병은 정말 슬픈 일이야 ㅜㅜ",
            "speaker": {
              "id": "2번",
              "sex": "여성",
              "age": "20대"
            },
            "speechAct": "(단언) 주장하기",
            "morpheme": "하/VV+지/EC+병/NNG+은/JX+정말/MAG+슬픈/VA+ETM+일/NNG+이/VCP+야/EF+ㅜㅜ/UNKNOWN"
          },
          {
            "id": 15,
            "text": "2 : 괜찮았어 그때?",
            "norm_text": "괜찮았어 그때?",
            "speaker": {
              "id": "2번",
              "sex": "여성",
              "age": "20대"
            },
            "speechAct": "(지시) 질문하기",
            "morpheme": "괜찮/VA+았/EP+어/EC+그때/NNG"
          },
          {
            "id": 16,
            "text": "1 : 그때는 슬펐지 근데 지금은 괜찮아!",
            "norm_text": "그때는 슬펐지 근데 지금은 괜찮아!",
            "speaker": {
              "id": "1번",
              "sex": "여성",
              "age": "20대"
            },
            "speechAct": "(단언) 주장하기",
            "morpheme": "그때/NNG+는/JX+슬펐/VA+EP+지/EF+근데/MAJ+지금/MAG+은/JX+괜찮/VA+아/EF"
          },
          {
            "id": 17,
            "text": "2 : 음 그랬구나 다행이다 그래도",
            "norm_text": "음 그랬구나 다행이다 그래도",
            "speaker": {
              "id": "2번",
              "sex": "여성",
              "age": "20대"
            },
            "speechAct": "(단언) 주장하기",
            "morpheme": "음/IC+그랬/VV+EP+구나/EF+다행이/MAG+다/MAG+그래도/VV+EC"
          }
        ]
      }
    }
  ]
}