{
  "dataset": {
    "identifier": 113889,
    "name": "BAND_43_02_set",
    "src_path": "/data/file/cubeManager/PROJECT001/80/txt20211102173311080548/BAND_43_02_set/",
    "label_path": "/data/file/cubeManager/PROJECT001/80/txt20211102173311080548/BAND_43_02_set/",
    "category": 2,
    "type": 0
  },
  "licenses": {
    "name": "Apache License 1.0",
    "url": "http://www.apache.org/licenses/LICENSE-1.0"
  },
  "info": [
    {
      "id": 131714,
      "filename": "BAND_43_02.txt",
      "title": "BAND_43_02",
      "mediatype": "SNS",
      "medianame": "네이버밴드",
      "category": "일상대화",
      "date": "2021-11-02",
      "size": 445,
      "annotations": {
        "subject": "주거와 생활",
        "speaker_type": "다자간 대화",
        "size": 445,
        "word_size": 144,
        "text": "1 : 다들 기숙사 생활 해봤어?\n2 : 아니 나는 한번도 해본적 없어\n3 : 응 나는 기숙사 살아봤지\n1 : 나도 한번 해봤는데 재밌었어\n2 : 아 진짜?\n2 : 기숙사 재밌는 에피소드좀 말해줘 키키\n3 : 기숙사에는 맨날 뭐가 없어져\n1 : 룸메 언니들이랑 맨날 밤에 나가서 먹은 기억이 ...\n2 : 보통 다 몰래하는거구나 키키\n2 : 그래도 재미는 있겠다!\n3 : 밤에 탈출하는거 꿀잼이지 큐큐\n1 : 키키 그게 재미지 키키\n1 : 룸메도 다 잘맞아서 좋았어\n2 : 맞어 룸메 잘못걸리면 완전 숨막힌다던데\n3 : 룸메 잘맞으면 짱좋지 !\n1 : 그니깐\n1 : 난 다행히 너무 좋았어\n2 : 이게 다 사람운 좋은 사람들이 있어 키키\n3 : 진짜 룸메 잘못만나면 기숙사 살기싫어\n1 : 키키 나중에 또 긱사 생활 할 일이 있으려나 모르겠다\n2 : 이제는 기숙사 생활할 일이 없지않을까?\n3 : 회사 기숙사는 개인이니까 없을걸? !",
        "lines": [
          {
            "id": 1,
            "text": "1 : 다들 기숙사 생활 해봤어?",
            "norm_text": "다들 기숙사 생활 해봤어?",
            "speaker": {
              "id": "1번",
              "sex": "여성",
              "age": "20대"
            },
            "speechAct": "(지시) 질문하기",
            "morpheme": "다/MAG+들/XSN+기숙사/NNG+생활/NNG+해/XSV+EC+봤/VX+EP+어/EF"
          },
          {
            "id": 2,
            "text": "2 : 아니 나는 한번도 해본적 없어",
            "norm_text": "아니 나는 한번도 해본적 없어",
            "speaker": {
              "id": "2번",
              "sex": "남성",
              "age": "20대"
            },
            "speechAct": "(단언) 진술하기",
            "morpheme": "아니/IC+나/NP+는/JX+한/MM+번/NNBC+도/JX+해/VV+EC+본/VX+ETM+적/NNB+없/VA+어/EC"
          },
          {
            "id": 3,
            "text": "3 : 응 나는 기숙사 살아봤지",
            "norm_text": "응 나는 기숙사 살아봤지",
            "speaker": {
              "id": "3번",
              "sex": "남성",
              "age": "20대"
            },
            "speechAct": "(단언) 진술하기",
            "morpheme": "응/IC+나/NP+는/JX+기숙사/NNG+살/VV+아/EC+봤/VX+EP+지/EC"
          },
          {
            "id": 4,
            "text": "1 : 나도 한번 해봤는데 재밌었어",
            "norm_text": "나도 한번 해봤는데 재밌었어",
            "speaker": {
              "id": "1번",
              "sex": "여성",
              "age": "20대"
            },
            "speechAct": "(단언) 진술하기",
            "morpheme": "나/NP+도/JX+한/MM+번/NNBC+해/VV+EC+봤/VX+EP+는데/EC+재밌/VA+었/EP+어/EC"
          },
          {
            "id": 5,
            "text": "2 : 아 진짜?",
            "norm_text": "아 진짜?",
            "speaker": {
              "id": "2번",
              "sex": "남성",
              "age": "20대"
            },
            "speechAct": "턴토크 사인(관습적 반응)",
            "morpheme": "아/IC+진짜/MAG"
          },
          {
            "id": 6,
            "text": "2 : 기숙사 재밌는 에피소드좀 말해줘 키키",
            "norm_text": "기숙사 재밌는 에피소드좀 말해줘 키키",
            "speaker": {
              "id": "2번",
              "sex": "남성",
              "age": "20대"
            },
            "speechAct": "(지시) 부탁하기",
            "morpheme": "기숙사/NNG+재밌/VA+는/ETM+에피소드/NNG+좀/MAG+말/NNG+해/XSV+EC+줘/VX+EC+키/NNG+키/XSV+ETN"
          },
          {
            "id": 7,
            "text": "3 : 기숙사에는 맨날 뭐가 없어져",
            "norm_text": "기숙사에는 맨날 뭐가 없어져",
            "speaker": {
              "id": "3번",
              "sex": "남성",
              "age": "20대"
            },
            "speechAct": "(단언) 진술하기",
            "morpheme": "기숙사/NNG+에/JKB+는/JX+맨날/MAG+뭐/NP+가/JKS+없/VA+어/EC+져/VX+EC"
          },
          {
            "id": 8,
            "text": "1 : 룸메 언니들이랑 맨날 밤에 나가서 먹은 기억이 ...",
            "norm_text": "룸메 언니들이랑 맨날 밤에 나가서 먹은 기억이 ...",
            "speaker": {
              "id": "1번",
              "sex": "여성",
              "age": "20대"
            },
            "speechAct": "(단언) 진술하기",
            "morpheme": "룸/NNG+메/NNG+언니/NNG+들/XSN+이랑/JKB+맨날/MAG+밤/NNG+에/JKB+나가/VV+서/EC+먹/VV+은/ETM+기억/NNG+이/JKS+./SY+./SY"
          },
          {
            "id": 9,
            "text": "2 : 보통 다 몰래하는거구나 키키",
            "norm_text": "보통 다 몰래하는거구나 키키",
            "speaker": {
              "id": "2번",
              "sex": "남성",
              "age": "20대"
            },
            "speechAct": "(단언) 주장하기",
            "morpheme": "보통/MAJ+다/MAG+몰래/MAG+하/VV+는/ETM+거/NNB+구나/VCP+EC+키/NNG+키/XSV+ETN"
          },
          {
            "id": 10,
            "text": "2 : 그래도 재미는 있겠다!",
            "norm_text": "그래도 재미는 있겠다!",
            "speaker": {
              "id": "2번",
              "sex": "남성",
              "age": "20대"
            },
            "speechAct": "(단언) 주장하기",
            "morpheme": "그래도/MAJ+재미/NNG+는/JX+있/VX+겠/EP+다/EF"
          },
          {
            "id": 11,
            "text": "3 : 밤에 탈출하는거 꿀잼이지 큐큐",
            "norm_text": "밤에 탈출하는거 꿀잼이지 큐큐",
            "speaker": {
              "id": "3번",
              "sex": "남성",
              "age": "20대"
            },
            "speechAct": "(단언) 주장하기",
            "morpheme": "밤/NNG+에/JKB+탈출/NNG+하/XSV+는/ETM+거/NNB+꿀/VV+ETM+잼/NNG+이/JKS+지큐/NNP+큐/NNG"
          },
          {
            "id": 12,
            "text": "1 : 키키 그게 재미지 키키",
            "norm_text": "키키 그게 재미지 키키",
            "speaker": {
              "id": "1번",
              "sex": "여성",
              "age": "20대"
            },
            "speechAct": "(단언) 주장하기",
            "morpheme": "키/NNG+키/XSV+ETN+그게/NP+JKS+재미/NNG+지키/NNP+키/NNG"
          },
          {
            "id": 13,
            "text": "1 : 룸메도 다 잘맞아서 좋았어",
            "norm_text": "룸메도 다 잘맞아서 좋았어",
            "speaker": {
              "id": "1번",
              "sex": "여성",
              "age": "20대"
            },
            "speechAct": "(단언) 진술하기",
            "morpheme": "룸/NNG+메/NNG+도/JX+다/MAG+잘/MAG+맞/VV+아서/EC+좋/VA+았/EP+어/EC"
          },
          {
            "id": 14,
            "text": "2 : 맞어 룸메 잘못걸리면 완전 숨막힌다던데",
            "norm_text": "맞어 룸메 잘못걸리면 완전 숨막힌다던데",
            "speaker": {
              "id": "2번",
              "sex": "남성",
              "age": "20대"
            },
            "speechAct": "(단언) 진술하기",
            "morpheme": "맞/VV+어/EC+룸/NNG+메/VV+EC+잘못/MAG+걸리/VV+면/EC+완전/MAG+숨막힌/VV+ETM+다/MAG+던데/VV+EC"
          },
          {
            "id": 15,
            "text": "3 : 룸메 잘맞으면 짱좋지 !",
            "norm_text": "룸메 잘맞으면 짱좋지 !",
            "speaker": {
              "id": "3번",
              "sex": "남성",
              "age": "20대"
            },
            "speechAct": "(단언) 주장하기",
            "morpheme": "룸/NNG+메/VV+EC+잘/MAG+맞/VV+으면/EC+짱/NNG+좋/VA+지/EF"
          },
          {
            "id": 16,
            "text": "1 : 그니깐",
            "norm_text": "그니깐",
            "speaker": {
              "id": "1번",
              "sex": "여성",
              "age": "20대"
            },
            "speechAct": "(단언) 주장하기",
            "morpheme": "그니깐/MAJ"
          },
          {
            "id": 17,
            "text": "1 : 난 다행히 너무 좋았어",
            "norm_text": "난 다행히 너무 좋았어",
            "speaker": {
              "id": "1번",
              "sex": "여성",
              "age": "20대"
            },
            "speechAct": "(단언) 진술하기",
            "morpheme": "난/NP+JX+다행히/MAG+너무/MAG+좋/VA+았/EP+어/EC"
          },
          {
            "id": 18,
            "text": "2 : 이게 다 사람운 좋은 사람들이 있어 키키",
            "norm_text": "이게 다 사람운 좋은 사람들이 있어 키키",
            "speaker": {
              "id": "2번",
              "sex": "남성",
              "age": "20대"
            },
            "speechAct": "(단언) 주장하기",
            "morpheme": "이게/NP+JKS+다/MAG+사람/NNG+운/NNG+좋/VA+은/ETM+사람/NNG+들/XSN+이/JKS+있/VV+어/EC+키/NNG+키/XSV+ETN"
          },
          {
            "id": 19,
            "text": "3 : 진짜 룸메 잘못만나면 기숙사 살기싫어",
            "norm_text": "진짜 룸메 잘못만나면 기숙사 살기싫어",
            "speaker": {
              "id": "3번",
              "sex": "남성",
              "age": "20대"
            },
            "speechAct": "(단언) 주장하기",
            "morpheme": "진짜/MAG+룸/NNG+메/VV+EC+잘못/MAG+만나/VV+면/EC+기숙사/NNG+살/VV+기/ETN+싫/VA+어/EC"
          },
          {
            "id": 20,
            "text": "1 : 키키 나중에 또 긱사 생활 할 일이 있으려나 모르겠다",
            "norm_text": "키키 나중에 또 긱사 생활 할 일이 있으려나 모르겠다",
            "speaker": {
              "id": "1번",
              "sex": "여성",
              "age": "20대"
            },
            "speechAct": "(단언) 주장하기",
            "morpheme": "키/NNG+키/NNG+나중/NNG+에/JKB+또/MAG+긱/NNP+사생활/NNG+할/XSV+ETM+일/NNG+이/JKS+있/VV+으려나/EC+모르/VV+겠/EP+다/EC"
          },
          {
            "id": 21,
            "text": "2 : 이제는 기숙사 생활할 일이 없지않을까?",
            "norm_text": "이제는 기숙사 생활할 일이 없지않을까?",
            "speaker": {
              "id": "2번",
              "sex": "남성",
              "age": "20대"
            },
            "speechAct": "(지시) 질문하기",
            "morpheme": "이제/NNG+는/JX+기숙사/NNG+생활/NNG+할/XSV+ETM+일/NNG+이/JKS+없/VA+지/EC+않/VX+을까/EF"
          },
          {
            "id": 22,
            "text": "3 : 회사 기숙사는 개인이니까 없을걸? !",
            "norm_text": "회사 기숙사는 개인이니까 없을걸? !",
            "speaker": {
              "id": "3번",
              "sex": "남성",
              "age": "20대"
            },
            "speechAct": "(단언) 주장하기",
            "morpheme": "회사/NNG+기숙사/NNG+는/JX+개인/NNG+이/VCP+니까/EC+없/VA+을/ETM+걸/NNB+JKO+?/SY"
          }
        ]
      }
    }
  ]
}