{
  "dataset": {
    "identifier": 103975,
    "name": "BAND_37_15_set",
    "src_path": "/data/file/cubeManager/PROJECT001/77/txt202110271501010620108/BAND_37_15_set/",
    "label_path": "/data/file/cubeManager/PROJECT001/77/txt202110271501010620108/BAND_37_15_set/",
    "category": 2,
    "type": 0
  },
  "licenses": {
    "name": "Apache License 1.0",
    "url": "http://www.apache.org/licenses/LICENSE-1.0"
  },
  "info": [
    {
      "id": 96655,
      "filename": "BAND_37_15.txt",
      "title": "BAND_37_15",
      "mediatype": "SNS",
      "medianame": "네이버밴드",
      "category": "일상대화",
      "date": "2021-10-27",
      "size": 494,
      "annotations": {
        "subject": "타 국가 이슈",
        "speaker_type": "다자간 대화",
        "size": 494,
        "word_size": 149,
        "text": "1 : 모로코에서 세계 최초로 아홉 쌍둥이 태어났대 키키\n2 : 헐 키키 아홉 쌍둥이면 와 어머니 대단하시네 키키\n3 : 아니 과다출혈로 죽을 수도 있었겠다\n1 : 원래 일곱 쌍둥이로 알고 있었는데 더 나온거래\n2 : 와 그게 가능하구나 진짜 대단하시다 키키\n3 : 진짜 엄마는 정말 대단해\n1 : 진짜 대단해...ㅜㅠㅠ\n1 : 애 키우는데 돈도 엄청 들거야\n2 : 그러게 돈이 진짜 많이 들텐데 ㅠㅠ\n3 : 나라에서 지원해줘야 하는 거 아니야?\n1 : 하루 기저귀 100개에 우유 6리터 든다네 키키\n2 : 헐…키키 그게 와 감당이 되나?!\n3 : 돈이 진짜 줄줄 세겠네\n1 : 정부에서도 도와주고 후원자들도 많대!\n2 : 그래야지 키키 그렇게 안하면 애기들 유지가 안 될텐데\n3 : 와 그래도 도와줘서 다행이다\n1 : 그니깐 키키 감당불가야 키키 체력적으로도 재정적으로도 키키\n2 : 돈은 그렇다 쳐도 아홉 쌍둥이를 두 분에서 돌볼려면 정신 없겠는데… 잠은 주무실라나\n3 : 그래도 다른 가족이 도와주지 않을까?",
        "lines": [
          {
            "id": 1,
            "text": "1 : 모로코에서 세계 최초로 아홉 쌍둥이 태어났대 키키",
            "norm_text": "모로코에서 세계 최초로 아홉 쌍둥이 태어났대 키키",
            "speaker": {
              "id": "1번",
              "sex": "여성",
              "age": "20대"
            },
            "speechAct": "(단언) 진술하기",
            "morpheme": "모로코/NNP+에서/JKB+세계/NNG+최초/NNG+로/JKB+아홉/NR+쌍둥이/NNG+태어났/VV+EP+대/XPN+키/NNG+키/XSV+ETN"
          },
          {
            "id": 2,
            "text": "2 : 헐 키키 아홉 쌍둥이면 와 어머니 대단하시네 키키",
            "norm_text": "헐 키키 아홉 쌍둥이면 와 어머니 대단하시네 키키",
            "speaker": {
              "id": "2번",
              "sex": "남성",
              "age": "20대"
            },
            "speechAct": "(단언) 주장하기",
            "morpheme": "헐/IC+키/NNG+키/XSV+ETN+아홉/NR+쌍둥이/NNG+면/NNG+와/JC+어머니/NNG+대단/XR+하/XSA+시/EP+네/EF+키/NNG+키/XSV+ETN"
          },
          {
            "id": 3,
            "text": "3 : 아니 과다출혈로 죽을 수도 있었겠다",
            "norm_text": "아니 과다출혈로 죽을 수도 있었겠다",
            "speaker": {
              "id": "3번",
              "sex": "남성",
              "age": "20대"
            },
            "speechAct": "(단언) 주장하기",
            "morpheme": "아니/IC+과다/NNG+출혈/NNG+로/JKB+죽/VV+을/ETM+수/NNB+도/JX+있/VA+었/EP+겠/EP+다/EC"
          },
          {
            "id": 4,
            "text": "1 : 원래 일곱 쌍둥이로 알고 있었는데 더 나온거래",
            "norm_text": "원래 일곱 쌍둥이로 알고 있었는데 더 나온거래",
            "speaker": {
              "id": "1번",
              "sex": "여성",
              "age": "20대"
            },
            "speechAct": "(단언) 진술하기",
            "morpheme": "원래/MAG+일곱/NR+쌍둥이/NNG+로/JKB+알/VV+고/EC+있/VX+었/EP+는데/EC+더/MAG+나온/VV+ETM+거래/NNG"
          },
          {
            "id": 5,
            "text": "2 : 와 그게 가능하구나 진짜 대단하시다 키키",
            "norm_text": "와 그게 가능하구나 진짜 대단하시다 키키",
            "speaker": {
              "id": "2번",
              "sex": "남성",
              "age": "20대"
            },
            "speechAct": "(단언) 주장하기",
            "morpheme": "와/IC+그게/NP+JKS+가능/NNG+하/XSA+구나/EF+진짜/MAG+대단/XR+하/XSA+시/EP+다키키/NNP"
          },
          {
            "id": 6,
            "text": "3 : 진짜 엄마는 정말 대단해",
            "norm_text": "진짜 엄마는 정말 대단해",
            "speaker": {
              "id": "3번",
              "sex": "남성",
              "age": "20대"
            },
            "speechAct": "(단언) 주장하기",
            "morpheme": "진짜/MAG+엄마/NNG+는/JX+정말/MAG+대단/XR+해/XSA+EC"
          },
          {
            "id": 7,
            "text": "1 : 진짜 대단해...ㅜㅠㅠ",
            "norm_text": "진짜 대단해...ㅜㅠㅠ",
            "speaker": {
              "id": "1번",
              "sex": "여성",
              "age": "20대"
            },
            "speechAct": "(단언) 주장하기",
            "morpheme": "진짜/MAG+대단/XR+해/XSA+EF+./SY+ㅜㅠㅠ/UNKNOWN"
          },
          {
            "id": 8,
            "text": "1 : 애 키우는데 돈도 엄청 들거야",
            "norm_text": "애 키우는데 돈도 엄청 들거야",
            "speaker": {
              "id": "1번",
              "sex": "여성",
              "age": "20대"
            },
            "speechAct": "(단언) 주장하기",
            "morpheme": "애/NNG+키우/VV+는데/EC+돈/NNG+도/JX+엄청/MAG+들/VV+거야/ETM+NNB+VCP+EC"
          },
          {
            "id": 9,
            "text": "2 : 그러게 돈이 진짜 많이 들텐데 ㅠㅠ",
            "norm_text": "그러게 돈이 진짜 많이 들텐데 ㅠㅠ",
            "speaker": {
              "id": "2번",
              "sex": "남성",
              "age": "20대"
            },
            "speechAct": "(단언) 주장하기",
            "morpheme": "그러/VV+게/EC+돈/NNG+이/JKS+진짜/MAG+많이/MAG+들/VV+ETM+텐데/NNB+VCP+EC+ㅠㅠ/UNKNOWN"
          },
          {
            "id": 10,
            "text": "3 : 나라에서 지원해줘야 하는 거 아니야?",
            "norm_text": "나라에서 지원해줘야 하는 거 아니야?",
            "speaker": {
              "id": "3번",
              "sex": "남성",
              "age": "20대"
            },
            "speechAct": "(지시) 질문하기",
            "morpheme": "나라/NNG+에서/JKB+지원/NNG+해/XSV+EC+줘야/VX+EC+하/VV+는/ETM+거/NNB+아니/VCN+야/EF"
          },
          {
            "id": 11,
            "text": "1 : 하루 기저귀 100개에 우유 6리터 든다네 키키",
            "norm_text": "하루 기저귀 100개에 우유 6리터 든다네 키키",
            "speaker": {
              "id": "1번",
              "sex": "여성",
              "age": "20대"
            },
            "speechAct": "(단언) 진술하기",
            "morpheme": "하루/NNG+기저귀/NNG+100/SN+개/NNBC+에/JKB+우유/NNG+6/SN+리터/NNBC+든다/VV+EC+네/MM+키/NNG+키/XSV+ETN"
          },
          {
            "id": 12,
            "text": "2 : 헐…키키 그게 와 감당이 되나?!",
            "norm_text": "헐…키키 그게 와 감당이 되나?!",
            "speaker": {
              "id": "2번",
              "sex": "남성",
              "age": "20대"
            },
            "speechAct": "(단언) 주장하기",
            "morpheme": "헐/IC+…/SE+키/NNG+키/XSV+ETN+그게/NP+JKS+와/JC+감당/NNG+이/JKS+되/VV+나/EC+?/SY"
          },
          {
            "id": 13,
            "text": "3 : 돈이 진짜 줄줄 세겠네",
            "norm_text": "돈이 진짜 줄줄 세겠네",
            "speaker": {
              "id": "3번",
              "sex": "남성",
              "age": "20대"
            },
            "speechAct": "(단언) 주장하기",
            "morpheme": "돈/NNG+이/JKS+진짜/MAG+줄줄/MAG+세/VA+겠/EP+네/EF"
          },
          {
            "id": 14,
            "text": "1 : 정부에서도 도와주고 후원자들도 많대!",
            "norm_text": "정부에서도 도와주고 후원자들도 많대!",
            "speaker": {
              "id": "1번",
              "sex": "여성",
              "age": "20대"
            },
            "speechAct": "(단언) 진술하기",
            "morpheme": "정부/NNG+에서/JKB+도/JX+도와/VV+EC+주/VX+고/EC+후원자/NNG+들/XSN+도/JX+많/VA+대/EF"
          },
          {
            "id": 15,
            "text": "2 : 그래야지 키키 그렇게 안하면 애기들 유지가 안 될텐데",
            "norm_text": "그래야지 키키 그렇게 안하면 애기들 유지가 안 될텐데",
            "speaker": {
              "id": "2번",
              "sex": "남성",
              "age": "20대"
            },
            "speechAct": "(단언) 주장하기",
            "morpheme": "그래야지/VV+EC+키/NNG+키/XSV+ETN+그렇게/MAG+안/MAG+하/VV+면/EC+애기/NNG+들/XSN+유지/NNG+가/JKS+안/MAG+될/VV+ETM+텐데/NNB+VCP+EC"
          },
          {
            "id": 16,
            "text": "3 : 와 그래도 도와줘서 다행이다",
            "norm_text": "와 그래도 도와줘서 다행이다",
            "speaker": {
              "id": "3번",
              "sex": "남성",
              "age": "20대"
            },
            "speechAct": "(단언) 주장하기",
            "morpheme": "와/IC+그래도/MAJ+도와/VV+EC+줘서/VX+EC+다행/NNG+이/VCP+다/EC"
          },
          {
            "id": 17,
            "text": "1 : 그니깐 키키 감당불가야 키키 체력적으로도 재정적으로도 키키",
            "norm_text": "그니깐 키키 감당불가야 키키 체력적으로도 재정적으로도 키키",
            "speaker": {
              "id": "1번",
              "sex": "여성",
              "age": "20대"
            },
            "speechAct": "(단언) 주장하기",
            "morpheme": "그니깐/MAJ+키/NNG+키/NNG+감당/NNG+불가/NNG+야/VCP+EF+키키/NNP+체력/NNG+적/XSN+으로/JKB+도/JX+재정/NNG+적/XSN+으로/JKB+도/JX+키/NNG+키/XSV+ETN"
          },
          {
            "id": 18,
            "text": "2 : 돈은 그렇다 쳐도 아홉 쌍둥이를 두 분에서 돌볼려면 정신 없겠는데… 잠은 주무실라나",
            "norm_text": "돈은 그렇다 쳐도 아홉 쌍둥이를 두 분에서 돌볼려면 정신 없겠는데… 잠은 주무실라나",
            "speaker": {
              "id": "2번",
              "sex": "남성",
              "age": "20대"
            },
            "speechAct": "(단언) 주장하기",
            "morpheme": "돈은그렇다쳐도아홉쌍둥이를두분에서돌볼려면정신없겠는데/UNKNOWN+…/SE+잠/NNG+은/JX+주무실/VV+ETM+라나/VCP+EC"
          },
          {
            "id": 19,
            "text": "3 : 그래도 다른 가족이 도와주지 않을까?",
            "norm_text": "그래도 다른 가족이 도와주지 않을까?",
            "speaker": {
              "id": "3번",
              "sex": "남성",
              "age": "20대"
            },
            "speechAct": "(지시) 질문하기",
            "morpheme": "그래도/MAJ+다른/MM+가족/NNG+이/JKS+도와/VV+EC+주/VX+지/EC+않/VX+을까/EF"
          }
        ]
      }
    }
  ]
}