{
  "dataset": {
    "identifier": 122251,
    "name": "BAND_45_18_set",
    "src_path": "/data/file/cubeManager/PROJECT001/80/txt20211103154613081818/BAND_45_18_set/",
    "label_path": "/data/file/cubeManager/PROJECT001/80/txt20211103154613081818/BAND_45_18_set/",
    "category": 2,
    "type": 0
  },
  "licenses": {
    "name": "Apache License 1.0",
    "url": "http://www.apache.org/licenses/LICENSE-1.0"
  },
  "info": [
    {
      "id": 135513,
      "filename": "BAND_45_18.txt",
      "title": "BAND_45_18",
      "mediatype": "SNS",
      "medianame": "네이버밴드",
      "category": "일상대화",
      "date": "2021-11-03",
      "size": 524,
      "annotations": {
        "subject": "상거래 전반",
        "speaker_type": "다자간 대화",
        "size": 524,
        "word_size": 178,
        "text": "1 : 오늘 후드티 두개 질렀어~\n2 : 앜 키키  가을엔 후드티 맨투맨이 짱이긴 하지 키키\n3 : 후드티 5개면 올해 끝이지~\n1 : 휘뚜루마뚜루 입을 옷 샀어 키키\n2 : 후드티 맨투맨이 겨울까지 입을 수 있다 보니 효율성이 엄청 좋더라 키키\n3 : 아무 생각 없이 살 수 있어서 좋아 후드티는\n1 : 키키 맞아\n1 : 그냥 편하게 입을 수 있어서 좋아\n2 : 그치\n2 : 무슨 바지에도 다 잘 어울리고 키키 편하기도 하고 키키\n3 : 역시 편하게 입는 게 최고야\n1 : 맞아 키키\n1 : 유니폼 입어서 출퇴근 편한 게 최고야\n2 : 그치\n2 : 옷은 편하게 입어야 해\n2 : 불편하게 입는 건 연애할 때지 키키\n3 : 연애도 초반에만 불편하게 입지 키키...\n1 : ㅇㅈ 키키 점점 갈수록 편하게 되더라\n2 : 맞어 키키\n2 : 초반에만 그렇고 중반쯤 가면 서로 편하게 입고 만나지 키키\n3 : 어느 순간부터 편하게 입기 시작하는 거지...\n1 : 그러다 기념일날 챙겨 입고 키키\n2 : 앜 키키 이거는 대한민국 다 똑같은 거구나 키키\n3 : 다들 사는 거 다 똑같지 키키",
        "lines": [
          {
            "id": 1,
            "text": "1 : 오늘 후드티 두개 질렀어~",
            "norm_text": "오늘 후드티 두개 질렀어~",
            "speaker": {
              "id": "1번",
              "sex": "여성",
              "age": "20대"
            },
            "speechAct": "(단언) 주장하기",
            "morpheme": "오늘/MAG+후드/NNG+티/NNG+두/MM+개/NNBC+질렀/VV+EP+어/EC+~/SY"
          },
          {
            "id": 2,
            "text": "2 : 앜 키키  가을엔 후드티 맨투맨이 짱이긴 하지 키키",
            "norm_text": "앜 키키  가을엔 후드티 맨투맨이 짱이긴 하지 키키",
            "speaker": {
              "id": "2번",
              "sex": "남성",
              "age": "20대"
            },
            "speechAct": "(단언) 주장하기",
            "morpheme": "앜키/UNKNOWN+키/NNG+가을/NNG+엔/JKB+JX+후드/NNG+티/NNG+맨투맨/NNG+이/JKS+짱/NNG+이/VCP+긴/ETN+JX+하/VX+지/EC+키/NNG+키/XSV+ETN"
          },
          {
            "id": 3,
            "text": "3 : 후드티 5개면 올해 끝이지~",
            "norm_text": "후드티 5개면 올해 끝이지~",
            "speaker": {
              "id": "3번",
              "sex": "남성",
              "age": "20대"
            },
            "speechAct": "(단언) 주장하기",
            "morpheme": "후드/NNG+티/NNG+5/SN+개/NNBC+면/VCP+EC+올해/NNG+끝/NNG+이/VCP+지/EC+~/SY"
          },
          {
            "id": 4,
            "text": "1 : 휘뚜루마뚜루 입을 옷 샀어 키키",
            "norm_text": "휘뚜루마뚜루 입을 옷 샀어 키키",
            "speaker": {
              "id": "1번",
              "sex": "여성",
              "age": "20대"
            },
            "speechAct": "(단언) 주장하기",
            "morpheme": "휘뚜루마뚜루/MAG+입/NNG+을/JKO+옷/NNG+샀/VV+EP+어/EC+키/NNG+키/XSV+ETN"
          },
          {
            "id": 5,
            "text": "2 : 후드티 맨투맨이 겨울까지 입을 수 있다 보니 효율성이 엄청 좋더라 키키",
            "norm_text": "후드티 맨투맨이 겨울까지 입을 수 있다 보니 효율성이 엄청 좋더라 키키",
            "speaker": {
              "id": "2번",
              "sex": "남성",
              "age": "20대"
            },
            "speechAct": "(단언) 진술하기",
            "morpheme": "후드/NNG+티/NNG+맨투맨/NNG+이/JKS+겨울/NNG+까지/JX+입/VV+을/ETM+수/NNB+있/VV+다/EC+보/VX+니/EC+효율/NNG+성/XSN+이/JKS+엄청/MAG+좋/VA+더라/EC+키/NNG+키/XSV+ETN"
          },
          {
            "id": 6,
            "text": "3 : 아무 생각 없이 살 수 있어서 좋아 후드티는",
            "norm_text": "아무 생각 없이 살 수 있어서 좋아 후드티는",
            "speaker": {
              "id": "3번",
              "sex": "남성",
              "age": "20대"
            },
            "speechAct": "(단언) 진술하기",
            "morpheme": "아무/MM+생각/NNG+없이/MAG+살/VV+ETM+수/NNB+있/VV+어서/EC+좋/VA+아/EC+후드/NNG+티/VV+는/ETM"
          },
          {
            "id": 7,
            "text": "1 : 키키 맞아",
            "norm_text": "키키 맞아",
            "speaker": {
              "id": "1번",
              "sex": "여성",
              "age": "20대"
            },
            "speechAct": "(단언) 주장하기",
            "morpheme": "키/NNG+키/XSV+ETN+맞/VV+아/EC"
          },
          {
            "id": 8,
            "text": "1 : 그냥 편하게 입을 수 있어서 좋아",
            "norm_text": "그냥 편하게 입을 수 있어서 좋아",
            "speaker": {
              "id": "1번",
              "sex": "여성",
              "age": "20대"
            },
            "speechAct": "(단언) 진술하기",
            "morpheme": "그냥/MAG+편하/VA+게/EC+입/VV+을/ETM+수/NNB+있/VV+어서/EC+좋/VA+아/EC"
          },
          {
            "id": 9,
            "text": "2 : 그치",
            "norm_text": "그치",
            "speaker": {
              "id": "2번",
              "sex": "남성",
              "age": "20대"
            },
            "speechAct": "(단언) 주장하기",
            "morpheme": "그치/IC"
          },
          {
            "id": 10,
            "text": "2 : 무슨 바지에도 다 잘 어울리고 키키 편하기도 하고 키키",
            "norm_text": "무슨 바지에도 다 잘 어울리고 키키 편하기도 하고 키키",
            "speaker": {
              "id": "2번",
              "sex": "남성",
              "age": "20대"
            },
            "speechAct": "(단언) 주장하기",
            "morpheme": "무슨/MM+바지/NNG+에/JKB+도/JX+다/MAG+잘/MAG+어울리/VV+고/EC+키/NNG+키/XSV+ETN+편하/VA+기/ETN+도/JX+하/VV+고/EC+키/NNG+키/XSV+ETN"
          },
          {
            "id": 11,
            "text": "3 : 역시 편하게 입는 게 최고야",
            "norm_text": "역시 편하게 입는 게 최고야",
            "speaker": {
              "id": "3번",
              "sex": "남성",
              "age": "20대"
            },
            "speechAct": "(단언) 주장하기",
            "morpheme": "역시/MAJ+편하/VA+게/EC+입/VV+는/ETM+게/NNB+JKS+최고/NNG+야/VCP+EF"
          },
          {
            "id": 12,
            "text": "1 : 맞아 키키",
            "norm_text": "맞아 키키",
            "speaker": {
              "id": "1번",
              "sex": "여성",
              "age": "20대"
            },
            "speechAct": "(단언) 주장하기",
            "morpheme": "맞/VV+아/EC+키/NNG+키/XSV+ETN"
          },
          {
            "id": 13,
            "text": "1 : 유니폼 입어서 출퇴근 편한 게 최고야",
            "norm_text": "유니폼 입어서 출퇴근 편한 게 최고야",
            "speaker": {
              "id": "1번",
              "sex": "여성",
              "age": "20대"
            },
            "speechAct": "(단언) 주장하기",
            "morpheme": "유니폼/NNG+입/VV+어서/EC+출퇴근/NNG+편한/VA+ETM+게/NNB+JKS+최고/NNG+야/VCP+EF"
          },
          {
            "id": 14,
            "text": "2 : 그치",
            "norm_text": "그치",
            "speaker": {
              "id": "2번",
              "sex": "남성",
              "age": "20대"
            },
            "speechAct": "(단언) 주장하기",
            "morpheme": "그치/IC"
          },
          {
            "id": 15,
            "text": "2 : 옷은 편하게 입어야 해",
            "norm_text": "옷은 편하게 입어야 해",
            "speaker": {
              "id": "2번",
              "sex": "남성",
              "age": "20대"
            },
            "speechAct": "(단언) 주장하기",
            "morpheme": "옷/NNG+은/JX+편하/VA+게/EC+입/VV+어야/EC+해/VV+EC"
          },
          {
            "id": 16,
            "text": "2 : 불편하게 입는 건 연애할 때지 키키",
            "norm_text": "불편하게 입는 건 연애할 때지 키키",
            "speaker": {
              "id": "2번",
              "sex": "남성",
              "age": "20대"
            },
            "speechAct": "(단언) 주장하기",
            "morpheme": "불편/NNG+하/XSV+게/EC+입/VV+는/ETM+건/NNB+JX+연애/NNG+할/XSV+ETM+때/NNG+지키/NNP+키/NNG"
          },
          {
            "id": 17,
            "text": "3 : 연애도 초반에만 불편하게 입지 키키...",
            "norm_text": "연애도 초반에만 불편하게 입지 키키...",
            "speaker": {
              "id": "3번",
              "sex": "남성",
              "age": "20대"
            },
            "speechAct": "(단언) 주장하기",
            "morpheme": "연애/NNG+도/JX+초반/NNG+에/JKB+만/JX+불편/NNG+하/XSV+게/EC+입지/NNG+키/NNG+키/XSV+ETN+./SY"
          },
          {
            "id": 18,
            "text": "1 : ㅇㅈ 키키 점점 갈수록 편하게 되더라",
            "norm_text": "ㅇㅈ 키키 점점 갈수록 편하게 되더라",
            "speaker": {
              "id": "1번",
              "sex": "여성",
              "age": "20대"
            },
            "speechAct": "(단언) 주장하기",
            "morpheme": "ㅇㅈ/UNKNOWN+키/NNG+키/NNG+점점/MAG+갈수록/MAG+편하/VA+게/EC+되/VV+더라/EC"
          },
          {
            "id": 19,
            "text": "2 : 맞어 키키",
            "norm_text": "맞어 키키",
            "speaker": {
              "id": "2번",
              "sex": "남성",
              "age": "20대"
            },
            "speechAct": "(단언) 주장하기",
            "morpheme": "맞/VV+어/EC+키/NNG+키/XSV+ETN"
          },
          {
            "id": 20,
            "text": "2 : 초반에만 그렇고 중반쯤 가면 서로 편하게 입고 만나지 키키",
            "norm_text": "초반에만 그렇고 중반쯤 가면 서로 편하게 입고 만나지 키키",
            "speaker": {
              "id": "2번",
              "sex": "남성",
              "age": "20대"
            },
            "speechAct": "(단언) 주장하기",
            "morpheme": "초반/NNG+에/JKB+만/JX+그렇/VA+고/EC+중반/NNG+쯤/XSN+가/VV+면/EC+서로/MAG+편하/VA+게/EC+입/VV+고/EC+만나/VV+지/EC+키/NNG+키/XSV+ETN"
          },
          {
            "id": 21,
            "text": "3 : 어느 순간부터 편하게 입기 시작하는 거지...",
            "norm_text": "어느 순간부터 편하게 입기 시작하는 거지...",
            "speaker": {
              "id": "3번",
              "sex": "남성",
              "age": "20대"
            },
            "speechAct": "(단언) 진술하기",
            "morpheme": "어느/MM+순간/NNG+부터/JX+편하/VA+게/EC+입/VV+기/ETN+시작/NNG+하/XSV+는/ETM+거/NNB+지/VCP+EF+./SY"
          },
          {
            "id": 22,
            "text": "1 : 그러다 기념일날 챙겨 입고 키키",
            "norm_text": "그러다 기념일날 챙겨 입고 키키",
            "speaker": {
              "id": "1번",
              "sex": "여성",
              "age": "20대"
            },
            "speechAct": "(단언) 진술하기",
            "morpheme": "그러/VV+다/EC+기념/NNG+일/VCP+ETM+날/NNG+챙겨/VV+EC+입/VV+고/EC+키/NNG+키/XSV+ETN"
          },
          {
            "id": 23,
            "text": "2 : 앜 키키 이거는 대한민국 다 똑같은 거구나 키키",
            "norm_text": "앜 키키 이거는 대한민국 다 똑같은 거구나 키키",
            "speaker": {
              "id": "2번",
              "sex": "남성",
              "age": "20대"
            },
            "speechAct": "(단언) 주장하기",
            "morpheme": "앜키/UNKNOWN+키/NNG+이거/NP+는/JX+대한민국/NNP+다/MAG+똑같/VA+은/ETM+거/NNB+구나/VCP+EC+키/NNG+키/XSV+ETN"
          },
          {
            "id": 24,
            "text": "3 : 다들 사는 거 다 똑같지 키키",
            "norm_text": "다들 사는 거 다 똑같지 키키",
            "speaker": {
              "id": "3번",
              "sex": "남성",
              "age": "20대"
            },
            "speechAct": "(단언) 주장하기",
            "morpheme": "다/MAG+들/XSN+사/VV+는/ETM+거/NNB+다/MAG+똑같/VA+지/EC+키/NNG+키/XSV+ETN"
          }
        ]
      }
    }
  ]
}