{
  "dataset": {
    "identifier": 113148,
    "name": "BAND_44_18_set",
    "src_path": "/data/file/cubeManager/PROJECT001/80/txt202111021721480247102/BAND_44_18_set/",
    "label_path": "/data/file/cubeManager/PROJECT001/80/txt202111021721480247102/BAND_44_18_set/",
    "category": 2,
    "type": 0
  },
  "licenses": {
    "name": "Apache License 1.0",
    "url": "http://www.apache.org/licenses/LICENSE-1.0"
  },
  "info": [
    {
      "id": 131630,
      "filename": "BAND_44_18.txt",
      "title": "BAND_44_18",
      "mediatype": "SNS",
      "medianame": "네이버밴드",
      "category": "일상대화",
      "date": "2021-11-02",
      "size": 538,
      "annotations": {
        "subject": "상거래 전반",
        "speaker_type": "다자간 대화",
        "size": 538,
        "word_size": 182,
        "text": "1 : 휘두루마뚜루 입을 만한 후드티 추천 좀\n2 : 키키 마크곤잘레스 어때?\n2 : 노란마크 넘 카와이\n3 : 키키 후드티 뭐가 좋을까낭 추천이\n1 : 요즘 애들 많이 입고 댕기더라 키키\n1 : 다른곤?\n2 : 키키 응... 그치...\n2 : 예일 키키? 그것두 겹던디!\n3 : 메이커는 잘 모르겠네 나는 그냥 이뻐 보이는 거 사서!\n1 : 예일 그 곰돌이 말하는 거지?\n2 : 키키 응응 ㅜㅜ\n2 : 빅로고 좋아해?\n2 : 예일은 빅로고가 이쁘더라고\n3 : 빅로고 그려진것도 이쁘던데!\n1 : 추천 참고 해보겠으 키키\n1 : 무신사 구경 가야지\n2 : ㅇㅈㅇㅈ 나는 빅로고 좋아행 키키\n2 : 후드티가 또 1위쥬\n3 : 키키 후드티가 이쁘긴 해\n3 : 찾아보면 진짜 이쁜 거 많은 듯!\n1 : 맞아 키키 근데 맘에 들면 다 품절 ㅜㅜ\n2 : 희진 언니 좋아하면 로클 어떰 키키\n3 : 예븐 거만 보면 완전 빨리 품절 되는 듯 키키\n1 : 아는 언니 그거 샀더라 희진 언니 팬이라 키키\n2 : 키키 어어 내 친구도 ㅜㅜ\n2 : 맨투맨 후드티 둘 다 삿더라궁 키키\n3 : 나도 이번에 후드티 하나 질러야겠당!",
        "lines": [
          {
            "id": 1,
            "text": "1 : 휘두루마뚜루 입을 만한 후드티 추천 좀",
            "norm_text": "휘두루마뚜루 입을 만한 후드티 추천 좀",
            "speaker": {
              "id": "1번",
              "sex": "여성",
              "age": "20대"
            },
            "speechAct": "(단언) 주장하기",
            "morpheme": "휘/MAG+두루/MAG+마뚜루/MAG+입/VV+을/ETM+만/NNB+한/XSA+ETM+후드/NNG+티/NNG+추천/NNG+좀/MAG"
          },
          {
            "id": 2,
            "text": "2 : 키키 마크곤잘레스 어때?",
            "norm_text": "키키 마크곤잘레스 어때?",
            "speaker": {
              "id": "2번",
              "sex": "여성",
              "age": "20대"
            },
            "speechAct": "(단언) 주장하기",
            "morpheme": "키키/NNP+마크/+곤잘레스/+어때/VA+EF"
          },
          {
            "id": 3,
            "text": "2 : 노란마크 넘 카와이",
            "norm_text": "노란마크 넘 카와이",
            "speaker": {
              "id": "2번",
              "sex": "여성",
              "age": "20대"
            },
            "speechAct": "(단언) 주장하기",
            "morpheme": "노란마크넘카와이/UNKNOWN"
          },
          {
            "id": 4,
            "text": "3 : 키키 후드티 뭐가 좋을까낭 추천이",
            "norm_text": "키키 후드티 뭐가 좋을까낭 추천이",
            "speaker": {
              "id": "3번",
              "sex": "남성",
              "age": "20대"
            },
            "speechAct": "(단언) 주장하기",
            "morpheme": "키/NNG+키/NNG+후드/NNG+티/NNG+뭐/NP+가/JKS+좋/VA+을까/EC+낭/NNG+추천/NNG+이/JKS"
          },
          {
            "id": 5,
            "text": "1 : 요즘 애들 많이 입고 댕기더라 키키",
            "norm_text": "요즘 애들 많이 입고 댕기더라 키키",
            "speaker": {
              "id": "1번",
              "sex": "여성",
              "age": "20대"
            },
            "speechAct": "(단언) 주장하기",
            "morpheme": "요즘/NNG+애/NNG+들/XSN+많이/MAG+입/VV+고/EC+댕기/VV+더라/EC+키/NNG+키/XSV+ETN"
          },
          {
            "id": 6,
            "text": "1 : 다른곤?",
            "norm_text": "다른곤?",
            "speaker": {
              "id": "1번",
              "sex": "여성",
              "age": "20대"
            },
            "speechAct": "(지시) 질문하기",
            "morpheme": "다른/MM+곤/VV+EF"
          },
          {
            "id": 7,
            "text": "2 : 키키 응... 그치...",
            "norm_text": "키키 응... 그치...",
            "speaker": {
              "id": "2번",
              "sex": "여성",
              "age": "20대"
            },
            "speechAct": "(단언) 주장하기",
            "morpheme": "키/NNG+키/XSV+ETN+응/IC+./SY+그치/IC+./SY"
          },
          {
            "id": 8,
            "text": "2 : 예일 키키? 그것두 겹던디!",
            "norm_text": "예일 키키? 그것두 겹던디!",
            "speaker": {
              "id": "2번",
              "sex": "여성",
              "age": "20대"
            },
            "speechAct": "(단언) 주장하기",
            "morpheme": "예/IC+일/NR+키/NNG+키/XSV+ETN+그것/NP+두/JX+겹/VA+던디/EF"
          },
          {
            "id": 9,
            "text": "3 : 메이커는 잘 모르겠네 나는 그냥 이뻐 보이는 거 사서!",
            "norm_text": "메이커는 잘 모르겠네 나는 그냥 이뻐 보이는 거 사서!",
            "speaker": {
              "id": "3번",
              "sex": "남성",
              "age": "20대"
            },
            "speechAct": "(단언) 주장하기",
            "morpheme": "메이커/NNG+는/JX+잘/MAG+모르/VV+겠/EP+네/EF+나/NP+는/JX+그냥/MAG+이뻐/VA+EC+보이/VV+는/ETM+거/NNB+사/VV+서/EC"
          },
          {
            "id": 10,
            "text": "1 : 예일 그 곰돌이 말하는 거지?",
            "norm_text": "예일 그 곰돌이 말하는 거지?",
            "speaker": {
              "id": "1번",
              "sex": "여성",
              "age": "20대"
            },
            "speechAct": "(지시) 질문하기",
            "morpheme": "예일/NNP+그/MM+곰돌이/NNG+말/NNG+하/XSV+는/ETM+거/NNB+지/VCP+EF"
          },
          {
            "id": 11,
            "text": "2 : 키키 응응 ㅜㅜ",
            "norm_text": "키키 응응 ㅜㅜ",
            "speaker": {
              "id": "2번",
              "sex": "여성",
              "age": "20대"
            },
            "speechAct": "(단언) 주장하기",
            "morpheme": "키키응응ㅜㅜ/UNKNOWN"
          },
          {
            "id": 12,
            "text": "2 : 빅로고 좋아해?",
            "norm_text": "빅로고 좋아해?",
            "speaker": {
              "id": "2번",
              "sex": "여성",
              "age": "20대"
            },
            "speechAct": "(단언) 주장하기",
            "morpheme": "빅/NNG+로고/VCP+EC+좋/VA+아/EC+해/VX+EF"
          },
          {
            "id": 13,
            "text": "2 : 예일은 빅로고가 이쁘더라고",
            "norm_text": "예일은 빅로고가 이쁘더라고",
            "speaker": {
              "id": "2번",
              "sex": "여성",
              "age": "20대"
            },
            "speechAct": "(단언) 주장하기",
            "morpheme": "예일/NNP+은/JX+빅/NNG+로고/NNG+가/JKS+이쁘/VA+더라고/EC"
          },
          {
            "id": 14,
            "text": "3 : 빅로고 그려진것도 이쁘던데!",
            "norm_text": "빅로고 그려진것도 이쁘던데!",
            "speaker": {
              "id": "3번",
              "sex": "남성",
              "age": "20대"
            },
            "speechAct": "(단언) 주장하기",
            "morpheme": "빅/NNG+로고/VCP+EC+그려진/VV+EC+VX+ETM+것/NNB+도/JX+이쁘/VA+던데/EF"
          },
          {
            "id": 15,
            "text": "1 : 추천 참고 해보겠으 키키",
            "norm_text": "추천 참고 해보겠으 키키",
            "speaker": {
              "id": "1번",
              "sex": "여성",
              "age": "20대"
            },
            "speechAct": "(단언) 주장하기",
            "morpheme": "추천/NNG+참고/NNG+해/XSV+EC+보/VX+겠/EP+으/EC+키/NNG+키/XSV+ETN"
          },
          {
            "id": 16,
            "text": "1 : 무신사 구경 가야지",
            "norm_text": "무신사 구경 가야지",
            "speaker": {
              "id": "1번",
              "sex": "여성",
              "age": "20대"
            },
            "speechAct": "(단언) 주장하기",
            "morpheme": "무/XPN+신사/NNG+구경/NNG+가야지/NNG"
          },
          {
            "id": 17,
            "text": "2 : ㅇㅈㅇㅈ 나는 빅로고 좋아행 키키",
            "norm_text": "ㅇㅈㅇㅈ 나는 빅로고 좋아행 키키",
            "speaker": {
              "id": "2번",
              "sex": "여성",
              "age": "20대"
            },
            "speechAct": "(단언) 주장하기",
            "morpheme": "ㅇㅈ/UNKNOWN+ㅇㅈ/UNKNOWN+나/NP+는/JX+빅/NNG+로고/VCP+EC+좋/VA+ETM+아행/NNG+키/NNG+키/XSV+ETN"
          },
          {
            "id": 18,
            "text": "2 : 후드티가 또 1위쥬",
            "norm_text": "후드티가 또 1위쥬",
            "speaker": {
              "id": "2번",
              "sex": "여성",
              "age": "20대"
            },
            "speechAct": "(단언) 주장하기",
            "morpheme": "후드/NNG+티/NNG+가/JKS+또/MAG+1/SN+위/NNBC+쥬/EC"
          },
          {
            "id": 19,
            "text": "3 : 키키 후드티가 이쁘긴 해",
            "norm_text": "키키 후드티가 이쁘긴 해",
            "speaker": {
              "id": "3번",
              "sex": "남성",
              "age": "20대"
            },
            "speechAct": "(단언) 주장하기",
            "morpheme": "키/NNG+키/NNG+후드/NNG+티/NNG+가/JKS+이쁘/VA+긴/ETN+JX+해/VX+EC"
          },
          {
            "id": 20,
            "text": "3 : 찾아보면 진짜 이쁜 거 많은 듯!",
            "norm_text": "찾아보면 진짜 이쁜 거 많은 듯!",
            "speaker": {
              "id": "3번",
              "sex": "남성",
              "age": "20대"
            },
            "speechAct": "(단언) 주장하기",
            "morpheme": "찾아보/VV+면/EC+진짜/MAG+이쁜/VA+ETM+거/NNB+많/VA+은/ETM+듯/NNB"
          },
          {
            "id": 21,
            "text": "1 : 맞아 키키 근데 맘에 들면 다 품절 ㅜㅜ",
            "norm_text": "맞아 키키 근데 맘에 들면 다 품절 ㅜㅜ",
            "speaker": {
              "id": "1번",
              "sex": "여성",
              "age": "20대"
            },
            "speechAct": "(단언) 주장하기",
            "morpheme": "맞/VV+아/EC+키/NNG+키/XSV+ETN+근데/MAJ+맘/NNG+에/JKB+들/VV+면/EC+다/MAG+품절/NNG+ㅜㅜ/UNKNOWN"
          },
          {
            "id": 22,
            "text": "2 : 희진 언니 좋아하면 로클 어떰 키키",
            "norm_text": "희진 언니 좋아하면 로클 어떰 키키",
            "speaker": {
              "id": "2번",
              "sex": "여성",
              "age": "20대"
            },
            "speechAct": "(단언) 주장하기",
            "morpheme": "희진/NNP+언니/NNG+좋/VA+아/EC+하/VV+면/EC+로/JKB+클/VA+ETM+어떰/UNKNOWN+키/NNG+키/XSV+ETN"
          },
          {
            "id": 23,
            "text": "3 : 예븐 거만 보면 완전 빨리 품절 되는 듯 키키",
            "norm_text": "예븐 거만 보면 완전 빨리 품절 되는 듯 키키",
            "speaker": {
              "id": "3번",
              "sex": "남성",
              "age": "20대"
            },
            "speechAct": "(단언) 주장하기",
            "morpheme": "예/IC+븐/VX+ETM+거/NNB+만/JX+보/VV+면/EC+완전/MAG+빨리/MAG+품절/NNG+되/XSV+는/ETM+듯/NNB+키/NNG+키/XSV+ETN"
          },
          {
            "id": 24,
            "text": "1 : 아는 언니 그거 샀더라 희진 언니 팬이라 키키",
            "norm_text": "아는 언니 그거 샀더라 희진 언니 팬이라 키키",
            "speaker": {
              "id": "1번",
              "sex": "여성",
              "age": "20대"
            },
            "speechAct": "(단언) 주장하기",
            "morpheme": "아/VV+는/ETM+언니/NNG+그거/NP+샀/VV+EP+더라/EF+희진/NNP+언니/NNG+팬/NNG+이/JKS+라키/NNP+키/NNG"
          },
          {
            "id": 25,
            "text": "2 : 키키 어어 내 친구도 ㅜㅜ",
            "norm_text": "키키 어어 내 친구도 ㅜㅜ",
            "speaker": {
              "id": "2번",
              "sex": "여성",
              "age": "20대"
            },
            "speechAct": "(단언) 주장하기",
            "morpheme": "키/NNG+키/XSV+ETN+어/IC+어/IC+내/NP+JKG+친구/NNG+도/JX+ㅜㅜ/UNKNOWN"
          },
          {
            "id": 26,
            "text": "2 : 맨투맨 후드티 둘 다 삿더라궁 키키",
            "norm_text": "맨투맨 후드티 둘 다 삿더라궁 키키",
            "speaker": {
              "id": "2번",
              "sex": "여성",
              "age": "20대"
            },
            "speechAct": "(단언) 주장하기",
            "morpheme": "맨투맨/NNG+후드/NNG+티/NNG+둘/NR+다/MAG+삿/NNG+더라/VCP+EC+궁/NNG+키/NNG+키/XSV+ETN"
          },
          {
            "id": 27,
            "text": "3 : 나도 이번에 후드티 하나 질러야겠당!",
            "norm_text": "나도 이번에 후드티 하나 질러야겠당!",
            "speaker": {
              "id": "3번",
              "sex": "남성",
              "age": "20대"
            },
            "speechAct": "(단언) 주장하기",
            "morpheme": "나/NP+도/JX+이번/NNG+에/JKB+후드/NNG+티/NNG+하나/NR+질러야/VV+EC+겠/EP+당/EF"
          }
        ]
      }
    }
  ]
}