{
  "dataset": {
    "identifier": 22333,
    "name": "BAND_29_10_set",
    "src_path": "/data/file/cubeManager/PROJECT001/49/txt20210917164449097088/BAND_29_10_set/",
    "label_path": "/data/file/cubeManager/PROJECT001/49/txt20210917164449097088/BAND_29_10_set/",
    "category": 2,
    "type": 0
  },
  "licenses": {
    "name": "Apache License 1.0",
    "url": "http://www.apache.org/licenses/LICENSE-1.0"
  },
  "info": [
    {
      "id": 30281,
      "filename": "BAND_29_10.txt",
      "title": "BAND_29_10",
      "mediatype": "SNS",
      "medianame": "네이버밴드",
      "category": "일상대화",
      "date": "2021-09-17",
      "size": 421,
      "annotations": {
        "subject": "스포츠/레저",
        "speaker_type": "1:1",
        "size": 421,
        "word_size": 141,
        "text": "1 : 너 걷기 말고 다른 운동할 생각 없어?\n2 : 난 요즘 맨몸 운동으로 유투브 영상을 봐\n1 : 오 유튜브 누구 꺼 보는데?\n2 : 너 혹시 땅끄부부라고 알아?\n1 : 헐 나 어제 그 영상 보고 운동했어!\n2 : 키키 맞아 그 사람들이 쉽게 잘 알려주더라\n1 : 맞아 난이도도 나쁘지 않더라고!\n2 : 다른 건 힘들어서 금방 포기하는데 그건 안 그래\n1 : 맞아 심지어 나는 층간 소음 때문에 아무 거나 못하는데 그거까지 체크하더라!\n2 : 맞아 나도 2층이라서 층간 소음 없는 버전으로 잘 보고 있어\n1 : 나도 우리 집 3층이라 그거 보고 했어!\n2 : 너는 어제 무슨 운동을 했어?\n1 : 나 헬소폭인가? 그거랑 코어 운동 했어!\n2 : 아 그거 되게 힘들던데 대단하다\n1 : 코어 운동 할 때 욕이 그냥 나오더라 키키\n2 : 맞아 키키 그래서 난 걷기 운동을 해 키키",
        "lines": [
          {
            "id": 1,
            "text": "1 : 너 걷기 말고 다른 운동할 생각 없어?",
            "norm_text": "너 걷기 말고 다른 운동할 생각 없어?",
            "speaker": {
              "id": "1번",
              "sex": "여성",
              "age": "20대"
            },
            "speechAct": "(지시) 질문하기",
            "morpheme": "너/NP+걷/VV+기/ETN+말/VV+고/EC+다른/MM+운동/NNG+할/XSV+ETM+생각/NNG+없/VA+어/EF"
          },
          {
            "id": 2,
            "text": "2 : 난 요즘 맨몸 운동으로 유투브 영상을 봐",
            "norm_text": "난 요즘 맨몸 운동으로 유투브 영상을 봐",
            "speaker": {
              "id": "2번",
              "sex": "여성",
              "age": "20대"
            },
            "speechAct": "(단언) 진술하기",
            "morpheme": "난/NP+JX+요즘/MAG+맨/MM+몸/NNG+운동/NNG+으로/JKB+유투/NNP+브/NNP+영상/NNG+을/JKO+봐/VV+EC"
          },
          {
            "id": 3,
            "text": "1 : 오 유튜브 누구 꺼 보는데?",
            "norm_text": "오 유튜브 누구 꺼 보는데?",
            "speaker": {
              "id": "1번",
              "sex": "여성",
              "age": "20대"
            },
            "speechAct": "(지시) 질문하기",
            "morpheme": "오/IC+유튜브/NNP+누구/NP+꺼/VV+EC+보/VX+는데/EC"
          },
          {
            "id": 4,
            "text": "2 : 너 혹시 땅끄부부라고 알아?",
            "norm_text": "너 혹시 땅끄부부라고 알아?",
            "speaker": {
              "id": "2번",
              "sex": "여성",
              "age": "20대"
            },
            "speechAct": "(지시) 질문하기",
            "morpheme": "너/NP+혹시/MAG+땅/NNG+끄/VV+부부/NNG+라고/VCP+EC+알/VV+아/EF"
          },
          {
            "id": 5,
            "text": "1 : 헐 나 어제 그 영상 보고 운동했어!",
            "norm_text": "헐 나 어제 그 영상 보고 운동했어!",
            "speaker": {
              "id": "1번",
              "sex": "여성",
              "age": "20대"
            },
            "speechAct": "(단언) 진술하기",
            "morpheme": "헐/IC+나/NP+어제/MAG+그/MM+영상/NNG+보고/JKB+운동/NNG+했/XSV+EP+어/EF"
          },
          {
            "id": 6,
            "text": "2 : 키키 맞아 그 사람들이 쉽게 잘 알려주더라",
            "norm_text": "키키 맞아 그 사람들이 쉽게 잘 알려주더라",
            "speaker": {
              "id": "2번",
              "sex": "여성",
              "age": "20대"
            },
            "speechAct": "(단언) 주장하기",
            "morpheme": "키/NNG+키/XSV+ETN+맞/VV+아/EC+그/MM+사람/NNG+들/XSN+이/JKS+쉽/VA+게/EC+잘/MAG+알려/VV+EC+주/VX+더라/EC"
          },
          {
            "id": 7,
            "text": "1 : 맞아 난이도도 나쁘지 않더라고!",
            "norm_text": "맞아 난이도도 나쁘지 않더라고!",
            "speaker": {
              "id": "1번",
              "sex": "여성",
              "age": "20대"
            },
            "speechAct": "(단언) 주장하기",
            "morpheme": "맞/VV+아/EC+난이도/NNG+도/JX+나쁘/VA+지/EC+않/VX+더라고/EF"
          },
          {
            "id": 8,
            "text": "2 : 다른 건 힘들어서 금방 포기하는데 그건 안 그래",
            "norm_text": "다른 건 힘들어서 금방 포기하는데 그건 안 그래",
            "speaker": {
              "id": "2번",
              "sex": "여성",
              "age": "20대"
            },
            "speechAct": "(단언) 주장하기",
            "morpheme": "다른/MM+건/NNB+JX+힘들/VA+어서/EC+금방/MAG+포기/NNG+하/XSV+는데/EC+그건/NP+JX+안/MAG+그래/VV+EC"
          },
          {
            "id": 9,
            "text": "1 : 맞아 심지어 나는 층간 소음 때문에 아무 거나 못하는데 그거까지 체크하더라!",
            "norm_text": "맞아 심지어 나는 층간 소음 때문에 아무 거나 못하는데 그거까지 체크하더라!",
            "speaker": {
              "id": "1번",
              "sex": "여성",
              "age": "20대"
            },
            "speechAct": "(단언) 진술하기",
            "morpheme": "맞/VV+아/EC+심지어/MAG+나/NP+는/JX+층간/NNG+소음/NNG+때문/NNB+에/JKB+아무/VV+거나/EC+못하/VX+는데/EC+그거/NP+까지/JX+체크/NNG+하/XSA+더라/EF"
          },
          {
            "id": 10,
            "text": "2 : 맞아 나도 2층이라서 층간 소음 없는 버전으로 잘 보고 있어",
            "norm_text": "맞아 나도 2층이라서 층간 소음 없는 버전으로 잘 보고 있어",
            "speaker": {
              "id": "2번",
              "sex": "여성",
              "age": "20대"
            },
            "speechAct": "(단언) 주장하기",
            "morpheme": "맞/VV+아/EC+나/NP+도/JX+2/SN+층/NNG+이/VCP+라서/EC+층간/NNG+소음/NNG+없/VA+는/ETM+버전/NNG+으로/JKB+잘/MAG+보/VV+고/EC+있/VX+어/EC"
          },
          {
            "id": 11,
            "text": "1 : 나도 우리 집 3층이라 그거 보고 했어!",
            "norm_text": "나도 우리 집 3층이라 그거 보고 했어!",
            "speaker": {
              "id": "1번",
              "sex": "여성",
              "age": "20대"
            },
            "speechAct": "(단언) 주장하기",
            "morpheme": "나/NP+도/JX+우리/NP+집/NNG+3/SN+층/NNG+이/VCP+라/EC+그거/NP+보/VV+고/EC+했/VX+EP+어/EF"
          },
          {
            "id": 12,
            "text": "2 : 너는 어제 무슨 운동을 했어?",
            "norm_text": "너는 어제 무슨 운동을 했어?",
            "speaker": {
              "id": "2번",
              "sex": "여성",
              "age": "20대"
            },
            "speechAct": "(지시) 질문하기",
            "morpheme": "너/NP+는/JX+어제/MAG+무슨/MM+운동/NNG+을/JKO+했/VV+EP+어/EF"
          },
          {
            "id": 13,
            "text": "1 : 나 헬소폭인가? 그거랑 코어 운동 했어!",
            "norm_text": "나 헬소폭인가? 그거랑 코어 운동 했어!",
            "speaker": {
              "id": "1번",
              "sex": "여성",
              "age": "20대"
            },
            "speechAct": "(단언) 진술하기",
            "morpheme": "나/NP+헬/NNP+소폭/NNG+인가/VCP+EF+그거/NP+랑/JKB+코어/NNG+운동/NNG+했/XSV+EP+어/EF"
          },
          {
            "id": 14,
            "text": "2 : 아 그거 되게 힘들던데 대단하다",
            "norm_text": "아 그거 되게 힘들던데 대단하다",
            "speaker": {
              "id": "2번",
              "sex": "여성",
              "age": "20대"
            },
            "speechAct": "(단언) 주장하기",
            "morpheme": "아/IC+그거/NP+되게/MAG+힘들/VA+던데/EC+대단/XR+하/XSA+다/EC"
          },
          {
            "id": 15,
            "text": "1 : 코어 운동 할 때 욕이 그냥 나오더라 키키",
            "norm_text": "코어 운동 할 때 욕이 그냥 나오더라 키키",
            "speaker": {
              "id": "1번",
              "sex": "여성",
              "age": "20대"
            },
            "speechAct": "(단언) 진술하기",
            "morpheme": "코어/NNG+운동/NNG+할/XSV+ETM+때/NNG+욕/NNG+이/JKS+그냥/MAG+나오/VV+더라/EC+키/NNG+키/XSV+ETN"
          },
          {
            "id": 16,
            "text": "2 : 맞아 키키 그래서 난 걷기 운동을 해 키키",
            "norm_text": "맞아 키키 그래서 난 걷기 운동을 해 키키",
            "speaker": {
              "id": "2번",
              "sex": "여성",
              "age": "20대"
            },
            "speechAct": "(단언) 진술하기",
            "morpheme": "맞/VV+아/EC+키/NNG+키/XSV+ETN+그래서/MAJ+난/NP+JX+걷/VV+기/ETN+운동/NNG+을/JKO+해/VV+EC+키/NNG+키/XSV+ETN"
          }
        ]
      }
    }
  ]
}