{
  "dataset": {
    "identifier": 114175,
    "name": "BAND_42_10_set",
    "src_path": "/data/file/cubeManager/PROJECT001/80/txt20211102154324031313/BAND_42_10_set/",
    "label_path": "/data/file/cubeManager/PROJECT001/80/txt20211102154324031313/BAND_42_10_set/",
    "category": 2,
    "type": 0
  },
  "licenses": {
    "name": "Apache License 1.0",
    "url": "http://www.apache.org/licenses/LICENSE-1.0"
  },
  "info": [
    {
      "id": 130314,
      "filename": "BAND_42_10.txt",
      "title": "BAND_42_10",
      "mediatype": "SNS",
      "medianame": "네이버밴드",
      "category": "일상대화",
      "date": "2021-11-02",
      "size": 539,
      "annotations": {
        "subject": "스포츠/레저",
        "speaker_type": "다자간 대화",
        "size": 539,
        "word_size": 189,
        "text": "1 : 겨울 스포츠 뭐 좋아해?\n2 : 나는 스키 타보고 싶어 ^^!\n2 : 눈썰매 키키\n3 : 스키장 가보고 싶다! 이번 겨울엔\n1 : 난 보드 한번 타보고 싶던데\n2 : 키키 헐 보드~\n2 : 보드는 넘 어려울 것 같아~\n2 : 아이스링크장도 대박 조아~\n3 : 눈 올 때 하는 스포츠는 다 어려운 거 같어~\n1 : 맞아 키키\n1 : 근데 다 재밌어 키키\n2 : 키키 재밌겠다 ㅜㅜ\n2 : 자빠져도 눈 땜에 덜 아플 듯 헷\n3 : 눈이 예뻐서 그런가 재밌기도 하고 신나 키키\n1 : 키키 하고 나면 코 빨간 것도 웃겨\n2 : 키키 마자 ㅜㅜ\n2 : 루돌프~\n2 : 겨울에 눈 오는 거 너무 좋아용~ ^^\n3 : 안 다치게끔 조심해야는데 눈에서 넘어질 때도 푹신해서 좋아 키키\n1 : 키키 근데 나 스키장에서 그물에 걸렸었어\n2 : 키키 띠용 어쩌다가?\n2 : 그 뭐 떨어진겨...?\n3 : 엥 키키 그물?\n3 : 걸리기 힘든 거 걸렸는데?\n1 : 다른 사람 피하다가 그물로 직진~\n2 : 물고기인가 호호 ^^\n2 : 남들을 위해 희생했네\n2 : 스포츠 정쉰~!\n3 : 키키 잡혀 버렸네\n3 : 월척이 잡혔다 키키",
        "lines": [
          {
            "id": 1,
            "text": "1 : 겨울 스포츠 뭐 좋아해?",
            "norm_text": "겨울 스포츠 뭐 좋아해?",
            "speaker": {
              "id": "1번",
              "sex": "여성",
              "age": "20대"
            },
            "speechAct": "(지시) 질문하기",
            "morpheme": "겨울/NNG+스포츠/NNG+뭐/IC+좋/VA+아/EC+해/VX+EF"
          },
          {
            "id": 2,
            "text": "2 : 나는 스키 타보고 싶어 ^^!",
            "norm_text": "나는 스키 타보고 싶어 ^^!",
            "speaker": {
              "id": "2번",
              "sex": "여성",
              "age": "20대"
            },
            "speechAct": "(단언) 주장하기",
            "morpheme": "나/NP+는/JX+스키/NNG+타/XSV+EC+보/VX+고/EC+싶/VX+어/EC+^/SY+^/SY"
          },
          {
            "id": 3,
            "text": "2 : 눈썰매 키키",
            "norm_text": "눈썰매 키키",
            "speaker": {
              "id": "2번",
              "sex": "여성",
              "age": "20대"
            },
            "speechAct": "(단언) 진술하기",
            "morpheme": "눈썰매/NNG+키/NNG+키/XSV+ETN"
          },
          {
            "id": 4,
            "text": "3 : 스키장 가보고 싶다! 이번 겨울엔",
            "norm_text": "스키장 가보고 싶다! 이번 겨울엔",
            "speaker": {
              "id": "3번",
              "sex": "남성",
              "age": "20대"
            },
            "speechAct": "(단언) 주장하기",
            "morpheme": "스키장/NNG+가/JKC+보/VV+고/EC+싶/VX+다/EF+이번/NNG+겨울/NNG+엔/JKB+JX"
          },
          {
            "id": 5,
            "text": "1 : 난 보드 한번 타보고 싶던데",
            "norm_text": "난 보드 한번 타보고 싶던데",
            "speaker": {
              "id": "1번",
              "sex": "여성",
              "age": "20대"
            },
            "speechAct": "(단언) 진술하기",
            "morpheme": "난/NP+JX+보드/NNP+한/MM+번/NNBC+타/VV+EC+보/VX+고/EC+싶/VX+던데/EC"
          },
          {
            "id": 6,
            "text": "2 : 키키 헐 보드~",
            "norm_text": "키키 헐 보드~",
            "speaker": {
              "id": "2번",
              "sex": "여성",
              "age": "20대"
            },
            "speechAct": "턴토크 사인(관습적 반응)",
            "morpheme": "키/NNG+키/NNG+헐/XSV+ETM+보드/NNP+~/SY"
          },
          {
            "id": 7,
            "text": "2 : 보드는 넘 어려울 것 같아~",
            "norm_text": "보드는 넘 어려울 것 같아~",
            "speaker": {
              "id": "2번",
              "sex": "여성",
              "age": "20대"
            },
            "speechAct": "(단언) 주장하기",
            "morpheme": "보드/NNP+는/JX+넘/MAG+어려울/VA+ETM+것/NNB+같/VA+아/EC+~/SY"
          },
          {
            "id": 8,
            "text": "2 : 아이스링크장도 대박 조아~",
            "norm_text": "아이스링크장도 대박 조아~",
            "speaker": {
              "id": "2번",
              "sex": "여성",
              "age": "20대"
            },
            "speechAct": "(단언) 주장하기",
            "morpheme": "아이스링크장도대박조아/UNKNOWN+~/SY"
          },
          {
            "id": 9,
            "text": "3 : 눈 올 때 하는 스포츠는 다 어려운 거 같어~",
            "norm_text": "눈 올 때 하는 스포츠는 다 어려운 거 같어~",
            "speaker": {
              "id": "3번",
              "sex": "남성",
              "age": "20대"
            },
            "speechAct": "(단언) 주장하기",
            "morpheme": "눈/NNG+올/MM+때/NNG+하/XSV+는/ETM+스포츠/NNG+는/JX+다/MAG+어려운/VA+ETM+거/NNB+같/VA+어/EC+~/SY"
          },
          {
            "id": 10,
            "text": "1 : 맞아 키키",
            "norm_text": "맞아 키키",
            "speaker": {
              "id": "1번",
              "sex": "여성",
              "age": "20대"
            },
            "speechAct": "(단언) 주장하기",
            "morpheme": "맞/VV+아/EC+키/NNG+키/XSV+ETN"
          },
          {
            "id": 11,
            "text": "1 : 근데 다 재밌어 키키",
            "norm_text": "근데 다 재밌어 키키",
            "speaker": {
              "id": "1번",
              "sex": "여성",
              "age": "20대"
            },
            "speechAct": "(단언) 주장하기",
            "morpheme": "근데/MAJ+다/MAG+재밌/VA+어/EC+키/NNG+키/XSV+ETN"
          },
          {
            "id": 12,
            "text": "2 : 키키 재밌겠다 ㅜㅜ",
            "norm_text": "키키 재밌겠다 ㅜㅜ",
            "speaker": {
              "id": "2번",
              "sex": "여성",
              "age": "20대"
            },
            "speechAct": "(단언) 주장하기",
            "morpheme": "키키재밌겠다ㅜㅜ/UNKNOWN"
          },
          {
            "id": 13,
            "text": "2 : 자빠져도 눈 땜에 덜 아플 듯 헷",
            "norm_text": "자빠져도 눈 땜에 덜 아플 듯 헷",
            "speaker": {
              "id": "2번",
              "sex": "여성",
              "age": "20대"
            },
            "speechAct": "(단언) 주장하기",
            "morpheme": "자빠져도/VV+EC+눈/NNG+땜/NNB+에/JKB+덜/MAG+아플/VA+ETM+듯/NNB+헷/XPN"
          },
          {
            "id": 14,
            "text": "3 : 눈이 예뻐서 그런가 재밌기도 하고 신나 키키",
            "norm_text": "눈이 예뻐서 그런가 재밌기도 하고 신나 키키",
            "speaker": {
              "id": "3번",
              "sex": "남성",
              "age": "20대"
            },
            "speechAct": "(단언) 주장하기",
            "morpheme": "눈/NNG+이/JKS+예뻐서/VA+EC+그런가/VA+EC+재밌/VA+기/ETN+도/JX+하/VV+고/EC+신나/VV+EC+키/NNG+키/XSV+ETN"
          },
          {
            "id": 15,
            "text": "1 : 키키 하고 나면 코 빨간 것도 웃겨",
            "norm_text": "키키 하고 나면 코 빨간 것도 웃겨",
            "speaker": {
              "id": "1번",
              "sex": "여성",
              "age": "20대"
            },
            "speechAct": "(단언) 주장하기",
            "morpheme": "키/NNG+키/NNG+하/XSV+고/EC+나/VX+면/EC+코/NNG+빨간/VA+ETM+것/NNB+도/JX+웃겨/VV+EC"
          },
          {
            "id": 16,
            "text": "2 : 키키 마자 ㅜㅜ",
            "norm_text": "키키 마자 ㅜㅜ",
            "speaker": {
              "id": "2번",
              "sex": "여성",
              "age": "20대"
            },
            "speechAct": "(단언) 주장하기",
            "morpheme": "키키마자ㅜㅜ/UNKNOWN"
          },
          {
            "id": 17,
            "text": "2 : 루돌프~",
            "norm_text": "루돌프~",
            "speaker": {
              "id": "2번",
              "sex": "여성",
              "age": "20대"
            },
            "speechAct": "(단언) 진술하기",
            "morpheme": "루돌프/NNP+~/SY"
          },
          {
            "id": 18,
            "text": "2 : 겨울에 눈 오는 거 너무 좋아용~ ^^",
            "norm_text": "겨울에 눈 오는 거 너무 좋아용~ ^^",
            "speaker": {
              "id": "2번",
              "sex": "여성",
              "age": "20대"
            },
            "speechAct": "(단언) 주장하기",
            "morpheme": "겨울/NNG+에/JKB+눈/NNG+오/VV+는/ETM+거/NNB+너무/MAG+좋/VA+아용/EC+~/SY+^/SY+^/SY"
          },
          {
            "id": 19,
            "text": "3 : 안 다치게끔 조심해야는데 눈에서 넘어질 때도 푹신해서 좋아 키키",
            "norm_text": "안 다치게끔 조심해야는데 눈에서 넘어질 때도 푹신해서 좋아 키키",
            "speaker": {
              "id": "3번",
              "sex": "남성",
              "age": "20대"
            },
            "speechAct": "(단언) 주장하기",
            "morpheme": "안/MAG+다치/VV+게끔/EC+조심/NNG+해야/XSV+EC+VX+는데/EC+눈/NNG+에서/JKB+넘어질/VV+ETM+때/NNG+도/JX+푹신/MAG+해서/VV+EC+좋/VA+아/EC+키/NNG+키/XSV+ETN"
          },
          {
            "id": 20,
            "text": "1 : 키키 근데 나 스키장에서 그물에 걸렸었어",
            "norm_text": "키키 근데 나 스키장에서 그물에 걸렸었어",
            "speaker": {
              "id": "1번",
              "sex": "여성",
              "age": "20대"
            },
            "speechAct": "(단언) 진술하기",
            "morpheme": "키/NNG+키/XSV+ETN+근데/MAJ+나/NP+스키장/NNG+에서/JKB+그물/NNG+에/JKB+걸렸었/VV+EP+어/EC"
          },
          {
            "id": 21,
            "text": "2 : 키키 띠용 어쩌다가?",
            "norm_text": "키키 띠용 어쩌다가?",
            "speaker": {
              "id": "2번",
              "sex": "여성",
              "age": "20대"
            },
            "speechAct": "(지시) 질문하기",
            "morpheme": "키/NNG+키/NNG+띠/NNG+용/XSN+어쩌다가/MAG"
          },
          {
            "id": 22,
            "text": "2 : 그 뭐 떨어진겨...?",
            "norm_text": "그 뭐 떨어진겨...?",
            "speaker": {
              "id": "2번",
              "sex": "여성",
              "age": "20대"
            },
            "speechAct": "(지시) 질문하기",
            "morpheme": "그/IC+뭐/IC+떨어진/VV+ETM+겨/NNB+VCP+EF+./SY+./SY"
          },
          {
            "id": 23,
            "text": "3 : 엥 키키 그물?",
            "norm_text": "엥 키키 그물?",
            "speaker": {
              "id": "3번",
              "sex": "남성",
              "age": "20대"
            },
            "speechAct": "턴토크 사인(관습적 반응)",
            "morpheme": "엥키/NNP+키/NNG+그물/NNG"
          },
          {
            "id": 24,
            "text": "3 : 걸리기 힘든 거 걸렸는데?",
            "norm_text": "걸리기 힘든 거 걸렸는데?",
            "speaker": {
              "id": "3번",
              "sex": "남성",
              "age": "20대"
            },
            "speechAct": "(단언) 주장하기",
            "morpheme": "걸리/VV+기/ETN+힘든/VA+ETM+거/NNB+걸렸/VV+EP+는데/EF"
          },
          {
            "id": 25,
            "text": "1 : 다른 사람 피하다가 그물로 직진~",
            "norm_text": "다른 사람 피하다가 그물로 직진~",
            "speaker": {
              "id": "1번",
              "sex": "여성",
              "age": "20대"
            },
            "speechAct": "(단언) 진술하기",
            "morpheme": "다른/MM+사람/NNG+피하/VV+다가/EC+그물/NNG+로/JKB+직진/NNG+~/SY"
          },
          {
            "id": 26,
            "text": "2 : 물고기인가 호호 ^^",
            "norm_text": "물고기인가 호호 ^^",
            "speaker": {
              "id": "2번",
              "sex": "여성",
              "age": "20대"
            },
            "speechAct": "(단언) 주장하기",
            "morpheme": "물고기/NNG+인가/VCP+EC+호호/MAG+^/SY+^/SY"
          },
          {
            "id": 27,
            "text": "2 : 남들을 위해 희생했네",
            "norm_text": "남들을 위해 희생했네",
            "speaker": {
              "id": "2번",
              "sex": "여성",
              "age": "20대"
            },
            "speechAct": "(단언) 주장하기",
            "morpheme": "남/NNG+들/XSN+을/JKO+위해/VV+EC+희생/NNG+했/XSV+EP+네/EF"
          },
          {
            "id": 28,
            "text": "2 : 스포츠 정쉰~!",
            "norm_text": "스포츠 정쉰~!",
            "speaker": {
              "id": "2번",
              "sex": "여성",
              "age": "20대"
            },
            "speechAct": "(단언) 진술하기",
            "morpheme": "스포츠/NNP+정/NNP+쉰/NNP+~/SY"
          },
          {
            "id": 29,
            "text": "3 : 키키 잡혀 버렸네",
            "norm_text": "키키 잡혀 버렸네",
            "speaker": {
              "id": "3번",
              "sex": "남성",
              "age": "20대"
            },
            "speechAct": "(단언) 주장하기",
            "morpheme": "키/NNG+키/XSV+ETN+잡혀버렸/VV+EC+VX+EP+네/EF"
          },
          {
            "id": 30,
            "text": "3 : 월척이 잡혔다 키키",
            "norm_text": "월척이 잡혔다 키키",
            "speaker": {
              "id": "3번",
              "sex": "남성",
              "age": "20대"
            },
            "speechAct": "(단언) 주장하기",
            "morpheme": "월척/NNG+이/JKS+잡혔/VV+EP+다키키/NNP"
          }
        ]
      }
    }
  ]
}