{
  "dataset": {
    "identifier": 20932,
    "name": "BAND_26_07_set",
    "src_path": "/data/file/cubeManager/PROJECT001/49/txt20210916140644040145/BAND_26_07_set/",
    "label_path": "/data/file/cubeManager/PROJECT001/49/txt20210916140644040145/BAND_26_07_set/",
    "category": 2,
    "type": 0
  },
  "licenses": {
    "name": "Apache License 1.0",
    "url": "http://www.apache.org/licenses/LICENSE-1.0"
  },
  "info": [
    {
      "id": 27917,
      "filename": "BAND_26_07.txt",
      "title": "BAND_26_07",
      "mediatype": "SNS",
      "medianame": "네이버밴드",
      "category": "일상대화",
      "date": "2021-09-16",
      "size": 424,
      "annotations": {
        "subject": "가족",
        "speaker_type": "1:1",
        "size": 424,
        "word_size": 145,
        "text": "1 : 부모님이랑 지금 같이 있는 거야?\n2 : 어 글치 같이 지내고 있지\n1 : 아니 일 안 나가신 거야?\n2 : 아 지금 같이 있냐고 아니 나가셨지 키키\n1 : 주말에도 우리와 같이 열심히 일을 하시는구나 ㅜㅜ\n2 : 글치 주말에도 나가는 사람이 꽤 많아 ㅜㅜ\n1 : 그치 요즘에 일자리가 많이 줄어서 조금이라도 더 벌어야 해 ㅜㅜ\n2 : 맞아 돈 벌어서 집 사야짘 키키\n1 : 오 집 살만큼 돈 버는 중이야?\n2 : 집 살만큼 돈 벌면 그 집도 오르겠지 키키\n1 : 키키 맞아 내 집값 오르는 만큼 다른 집도 오르니까\n2 : 하 진짜 내 말이 그 말이야 ㅜㅜ\n1 : 그래도 어머님 아버님 일하느라 힘드시겠다 ㅜㅜ\n2 : 어 부모님이 힘드시지 ㅜㅜ 어쩔 수 없지 않을까?\n1 : 그치 부모님 좀 있다 집에 오면 어깨 좀 주물러 드려 키키\n2 : 고맙다 꿀팁 주무르고 다 해야지 키키",
        "lines": [
          {
            "id": 1,
            "text": "1 : 부모님이랑 지금 같이 있는 거야?",
            "norm_text": "부모님이랑 지금 같이 있는 거야?",
            "speaker": {
              "id": "1번",
              "sex": "여성",
              "age": "20대"
            },
            "speechAct": "(지시) 질문하기",
            "morpheme": "부모/NNG+님/XSN+이랑/JKB+지금/MAG+같이/MAG+있/VV+는/ETM+거/NNB+야/VCP+EF"
          },
          {
            "id": 2,
            "text": "2 : 어 글치 같이 지내고 있지",
            "norm_text": "어 글치 같이 지내고 있지",
            "speaker": {
              "id": "2번",
              "sex": "여성",
              "age": "20대"
            },
            "speechAct": "(단언) 진술하기",
            "morpheme": "어/IC+글/NNG+치/XSN+같이/MAG+지내/VV+고/EC+있/VX+지/EC"
          },
          {
            "id": 3,
            "text": "1 : 아니 일 안 나가신 거야?",
            "norm_text": "아니 일 안 나가신 거야?",
            "speaker": {
              "id": "1번",
              "sex": "여성",
              "age": "20대"
            },
            "speechAct": "(지시) 질문하기",
            "morpheme": "아니/IC+일/NNG+안/MAG+나가/VV+신/EP+ETM+거/NNB+야/VCP+EF"
          },
          {
            "id": 4,
            "text": "2 : 아 지금 같이 있냐고 아니 나가셨지 키키",
            "norm_text": "아 지금 같이 있냐고 아니 나가셨지 키키",
            "speaker": {
              "id": "2번",
              "sex": "여성",
              "age": "20대"
            },
            "speechAct": "(단언) 진술하기",
            "morpheme": "아/IC+지금/MAG+같이/MAG+있/VV+냐고/EC+아니/MAG+나가/VV+셨/EP+EP+지/EC+키/NNG+키/XSV+ETN"
          },
          {
            "id": 5,
            "text": "1 : 주말에도 우리와 같이 열심히 일을 하시는구나 ㅜㅜ",
            "norm_text": "주말에도 우리와 같이 열심히 일을 하시는구나 ㅜㅜ",
            "speaker": {
              "id": "1번",
              "sex": "여성",
              "age": "20대"
            },
            "speechAct": "(단언) 주장하기",
            "morpheme": "주말/NNG+에/JKB+도/JX+우리/NP+와/JKB+같이/MAG+열심히/MAG+일/NNG+을/JKO+하/VV+시/EP+는구나/EF+ㅜㅜ/UNKNOWN"
          },
          {
            "id": 6,
            "text": "2 : 글치 주말에도 나가는 사람이 꽤 많아 ㅜㅜ",
            "norm_text": "글치 주말에도 나가는 사람이 꽤 많아 ㅜㅜ",
            "speaker": {
              "id": "2번",
              "sex": "여성",
              "age": "20대"
            },
            "speechAct": "(단언) 주장하기",
            "morpheme": "글/NNG+치/XSN+주말/NNG+에/JKB+도/JX+나가/VV+는/ETM+사람/NNG+이/JKS+꽤/MAG+많/VA+아/EC+ㅜㅜ/UNKNOWN"
          },
          {
            "id": 7,
            "text": "1 : 그치 요즘에 일자리가 많이 줄어서 조금이라도 더 벌어야 해 ㅜㅜ",
            "norm_text": "그치 요즘에 일자리가 많이 줄어서 조금이라도 더 벌어야 해 ㅜㅜ",
            "speaker": {
              "id": "1번",
              "sex": "여성",
              "age": "20대"
            },
            "speechAct": "(단언) 주장하기",
            "morpheme": "그치/IC+요즘/NNG+에/JKB+일자리/NNG+가/JKS+많이/MAG+줄/VV+어서/EC+조금/NNG+이/VCP+라도/EC+더/MAG+벌/VV+어야/EC+해/VV+EC+ㅜㅜ/UNKNOWN"
          },
          {
            "id": 8,
            "text": "2 : 맞아 돈 벌어서 집 사야짘 키키",
            "norm_text": "맞아 돈 벌어서 집 사야짘 키키",
            "speaker": {
              "id": "2번",
              "sex": "여성",
              "age": "20대"
            },
            "speechAct": "(언약) 약속하기(제3자와)/(개인적 수준)",
            "morpheme": "맞/VV+아/EC+돈/NNG+벌/VV+어서/EC+집사/NNG+야/VCP+EF+짘키/UNKNOWN+키/NNG"
          },
          {
            "id": 9,
            "text": "1 : 오 집 살만큼 돈 버는 중이야?",
            "norm_text": "오 집 살만큼 돈 버는 중이야?",
            "speaker": {
              "id": "1번",
              "sex": "여성",
              "age": "20대"
            },
            "speechAct": "(지시) 질문하기",
            "morpheme": "오집/NNG+살/VV+ETM+만큼/NNB+돈/NNG+버/VV+는/ETM+중/NNB+이/VCP+야/EF"
          },
          {
            "id": 10,
            "text": "2 : 집 살만큼 돈 벌면 그 집도 오르겠지 키키",
            "norm_text": "집 살만큼 돈 벌면 그 집도 오르겠지 키키",
            "speaker": {
              "id": "2번",
              "sex": "여성",
              "age": "20대"
            },
            "speechAct": "(단언) 주장하기",
            "morpheme": "집/NNG+살/VV+ETM+만큼/NNB+돈/NNG+벌/VV+면/EC+그/MM+집/NNG+도/JX+오르/VV+겠/EP+지/EC+키/NNG+키/XSV+ETN"
          },
          {
            "id": 11,
            "text": "1 : 키키 맞아 내 집값 오르는 만큼 다른 집도 오르니까",
            "norm_text": "키키 맞아 내 집값 오르는 만큼 다른 집도 오르니까",
            "speaker": {
              "id": "1번",
              "sex": "여성",
              "age": "20대"
            },
            "speechAct": "(단언) 주장하기",
            "morpheme": "키/NNG+키/XSV+ETN+맞/VV+아/EC+내/NP+JKG+집값/NNG+오르/VV+는/ETM+만큼/NNB+다른/MM+집/NNG+도/JX+오르/VV+니까/EC"
          },
          {
            "id": 12,
            "text": "2 : 하 진짜 내 말이 그 말이야 ㅜㅜ",
            "norm_text": "하 진짜 내 말이 그 말이야 ㅜㅜ",
            "speaker": {
              "id": "2번",
              "sex": "여성",
              "age": "20대"
            },
            "speechAct": "(단언) 주장하기",
            "morpheme": "하/IC+진짜/MAG+내말이/NP+JKG+NNG+JKS+그/MM+말/NNG+이/VCP+야/EF+ㅜㅜ/UNKNOWN"
          },
          {
            "id": 13,
            "text": "1 : 그래도 어머님 아버님 일하느라 힘드시겠다 ㅜㅜ",
            "norm_text": "그래도 어머님 아버님 일하느라 힘드시겠다 ㅜㅜ",
            "speaker": {
              "id": "1번",
              "sex": "여성",
              "age": "20대"
            },
            "speechAct": "(단언) 주장하기",
            "morpheme": "그래도/MAJ+어머님/NNG+아버님/NNG+일/NNG+하/XSV+느라/EC+힘드/VA+시/EP+겠/EP+다/EF+ㅜㅜ/UNKNOWN"
          },
          {
            "id": 14,
            "text": "2 : 어 부모님이 힘드시지 ㅜㅜ 어쩔 수 없지 않을까?",
            "norm_text": "어 부모님이 힘드시지 ㅜㅜ 어쩔 수 없지 않을까?",
            "speaker": {
              "id": "2번",
              "sex": "여성",
              "age": "20대"
            },
            "speechAct": "(단언) 주장하기",
            "morpheme": "어/IC+부모/NNG+님/XSN+이/JKS+힘드/VA+시/EP+지/EF+ㅜㅜ/UNKNOWN+어쩔/VV+ETM+수/NNB+없/VA+지/EC+않/VX+을까/EF"
          },
          {
            "id": 15,
            "text": "1 : 그치 부모님 좀 있다 집에 오면 어깨 좀 주물러 드려 키키",
            "norm_text": "그치 부모님 좀 있다 집에 오면 어깨 좀 주물러 드려 키키",
            "speaker": {
              "id": "1번",
              "sex": "여성",
              "age": "20대"
            },
            "speechAct": "(지시) 충고/제안하기",
            "morpheme": "그치/IC+부모/NNG+님/XSN+좀/MAG+있/VA+다/EC+집/NNG+에/JKB+오/VV+면/EC+어깨/NNG+좀/MAG+주물러/VV+EC+드려/VX+EC+키/NNG+키/XSV+ETN"
          },
          {
            "id": 16,
            "text": "2 : 고맙다 꿀팁 주무르고 다 해야지 키키",
            "norm_text": "고맙다 꿀팁 주무르고 다 해야지 키키",
            "speaker": {
              "id": "2번",
              "sex": "여성",
              "age": "20대"
            },
            "speechAct": "(언약) 약속하기(제3자와)/(개인적 수준)",
            "morpheme": "고맙/VA+다/EC+꿀/VV+ETM+팁/NNG+주무르/VV+고/EC+다/MAG+해야지/VV+EC+키/NNG+키/XSV+ETN"
          }
        ]
      }
    }
  ]
}