{
  "dataset": {
    "identifier": 41448,
    "name": "BAND_35_17_set",
    "src_path": "/data/file/cubeManager/PROJECT001/53/txt20210930140924069423/BAND_35_17_set/",
    "label_path": "/data/file/cubeManager/PROJECT001/53/txt20210930140924069423/BAND_35_17_set/",
    "category": 2,
    "type": 0
  },
  "licenses": {
    "name": "Apache License 1.0",
    "url": "http://www.apache.org/licenses/LICENSE-1.0"
  },
  "info": [
    {
      "id": 37667,
      "filename": "BAND_35_17.txt",
      "title": "BAND_35_17",
      "mediatype": "SNS",
      "medianame": "네이버밴드",
      "category": "일상대화",
      "date": "2021-09-30",
      "size": 846,
      "annotations": {
        "subject": "건강",
        "speaker_type": "다자간 대화",
        "size": 846,
        "word_size": 286,
        "text": "1 : 다들 시험 전이니까 건강 관리하자...\n2 : 웅웅 진짜 ㅠㅠ 요즘 계속 소화가 잘 안 되는 것 같아 키키\n2 : 이게 다 예민해져서 그래\n3 : 언니 무슨 즙 먹지 않았어?\n1 : 진짜? 다들 요즘 밥 잘 못 먹더라 무슨 일이야 왜 그래\n2 : 그 양배추 즙? 키키 웅웅 먹는다!\n2 : 오늘 그러고 보니 안 먹었넹\n3 : 그거 먹은 거 효과 어때?\n1 : 맞아 어때 나도 먹어볼까\n1 :다들 뭐 먹는 영양제 있어?\n2 : 그냥 식도염 안 심해지려고 먹는 거라 뭐가 크게 개선되는 건 아니야.\n3 : 나 홍삼 먹는데 옛날에는 몰랐는데 지금은 차이가 큰 게 느껴져!\n1 : 진짜? 홍삼 먹으니까 어때?\n1 : 나도 어릴 때 많이 먹었었는데~\n2 : 너 홍삼 먹어? 키키 웃기당 뭔가 키키\n3 : 홍삼 먹은 날 안 먹은 날 몸의 힘든 차이가 느껴져서 신기했어 키키\n1 : 오 신기하다 홍삼 먹으면 몸에 열 나지 않아?\n2 : 너한테 잘 받나 보다\n2 : 그거 몸에 열 많은 사람이  먹으면 안되잖아\n3 : 근데 나 원래 손발 차가워서 뜨거워지고 이런 거 잘 모르겠더라?\n1 : 맞아 손발은 아무리 해도 안 따뜻해져\n2 : 둘 다 몸 엄청 찬가 봐\n2 : 나도 그래서 찬 성분 음식 먹지 말라고 한의원에서 그랬어\n3 : 그러면 다들 홍삼 몸에 잘 받는 거 아니야?\n1 : 그렇구나 나도 한의원 가봐야겠다\n1 : 한의원 가면 맥박 짚고 다 알려주잖아\n2 : 나는 근데 홍삼을 챙겨서 먹어본 적이 없어서 모르겠어...\n3 : 나도 한의원 가봤는데 기억이 안 나네\n1 : 홍삼 예전에 먹은 거라 모르겠다\n1 : 지금 먹으면 잘 받는지 알 수 있을 거 같아\n2 : 키키 전에 한의원 가서 체질 검사 해봤는데 어떻게 나왔었는지 기억도 안 나.\n3 : 이참에 홍삼 먹어보자!",
        "lines": [
          {
            "id": 1,
            "text": "1 : 다들 시험 전이니까 건강 관리하자...",
            "norm_text": "다들 시험 전이니까 건강 관리하자...",
            "speaker": {
              "id": "1번",
              "sex": "여성",
              "age": "20대"
            },
            "speechAct": "(언약) 약속하기(제3자와)/(개인적 수준)",
            "morpheme": "다/MAG+들/XSN+시험/NNG+전/NNG+이/VCP+니까/EC+건강/NNG+관리/NNG+하/XSA+자/EF+./SY"
          },
          {
            "id": 2,
            "text": "2 : 웅웅 진짜 ㅠㅠ 요즘 계속 소화가 잘 안 되는 것 같아 키키",
            "norm_text": "웅웅 진짜 ㅠㅠ 요즘 계속 소화가 잘 안 되는 것 같아 키키",
            "speaker": {
              "id": "2번",
              "sex": "여성",
              "age": "20대"
            },
            "speechAct": "(단언) 진술하기",
            "morpheme": "웅웅/MAG+진짜/MAG+ㅠㅠ/UNKNOWN+요즘/NNG+계속/MAG+소화/NNG+가/JKS+잘/MAG+안/MAG+되/VV+는/ETM+것/NNB+같/VA+아/EC+키/NNG+키/XSV+ETN"
          },
          {
            "id": 3,
            "text": "2 : 이게 다 예민해져서 그래",
            "norm_text": "이게 다 예민해져서 그래",
            "speaker": {
              "id": "2번",
              "sex": "여성",
              "age": "20대"
            },
            "speechAct": "(단언) 주장하기",
            "morpheme": "이게/NP+JKS+다/MAG+예민/XR+해져서/XSA+EC+VX+EC+그래/VV+EC"
          },
          {
            "id": 4,
            "text": "3 : 언니 무슨 즙 먹지 않았어?",
            "norm_text": "언니 무슨 즙 먹지 않았어?",
            "speaker": {
              "id": "3번",
              "sex": "여성",
              "age": "20대"
            },
            "speechAct": "(지시) 질문하기",
            "morpheme": "언니/NNG+무슨/MM+즙/NNG+먹/VV+지/EC+않/VX+았/EP+어/EF"
          },
          {
            "id": 5,
            "text": "1 : 진짜? 다들 요즘 밥 잘 못 먹더라 무슨 일이야 왜 그래",
            "norm_text": "진짜? 다들 요즘 밥 잘 못 먹더라 무슨 일이야 왜 그래",
            "speaker": {
              "id": "1번",
              "sex": "여성",
              "age": "20대"
            },
            "speechAct": "(단언) 주장하기",
            "morpheme": "진짜/MAG+다/MAG+들/XSN+요즘/NNG+밥/NNG+잘못/MAG+먹/VV+더라/EC+무슨/MM+일/NNG+이/VCP+야/EF+왜/MAG+그래/VA+EC"
          },
          {
            "id": 6,
            "text": "2 : 그 양배추 즙? 키키 웅웅 먹는다!",
            "norm_text": "그 양배추 즙? 키키 웅웅 먹는다!",
            "speaker": {
              "id": "2번",
              "sex": "여성",
              "age": "20대"
            },
            "speechAct": "(단언) 진술하기",
            "morpheme": "그/MM+양배추/NNG+즙/NNG+?/SY+키/NNG+키/NNG+웅웅/MAG+먹/VV+는다/EF"
          },
          {
            "id": 7,
            "text": "2 : 오늘 그러고 보니 안 먹었넹",
            "norm_text": "오늘 그러고 보니 안 먹었넹",
            "speaker": {
              "id": "2번",
              "sex": "여성",
              "age": "20대"
            },
            "speechAct": "(단언) 진술하기",
            "morpheme": "오늘/MAG+그러/VV+고/EC+보/VX+니/EC+안/MAG+먹/VV+었/EP+넹/NNP"
          },
          {
            "id": 8,
            "text": "3 : 그거 먹은 거 효과 어때?",
            "norm_text": "그거 먹은 거 효과 어때?",
            "speaker": {
              "id": "3번",
              "sex": "여성",
              "age": "20대"
            },
            "speechAct": "(지시) 질문하기",
            "morpheme": "그거/NP+먹/VV+은/ETM+거/NNB+효과/NNG+어때/VA+EF"
          },
          {
            "id": 9,
            "text": "1 : 맞아 어때 나도 먹어볼까",
            "norm_text": "맞아 어때 나도 먹어볼까",
            "speaker": {
              "id": "1번",
              "sex": "여성",
              "age": "20대"
            },
            "speechAct": "(단언) 주장하기",
            "morpheme": "맞아/IC+어때/IC+나/NP+도/JX+먹/VV+어/EC+볼까/VX+EC"
          },
          {
            "id": 10,
            "text": "1 :다들 뭐 먹는 영양제 있어?",
            "norm_text": "다들 뭐 먹는 영양제 있어?",
            "speaker": {
              "id": "1번",
              "sex": "여성",
              "age": "20대"
            },
            "speechAct": "(지시) 질문하기",
            "morpheme": "다/MAG+들/XSN+뭐/IC+먹/VV+는/ETM+영양제/NNG+있/VA+어/EF"
          },
          {
            "id": 11,
            "text": "2 : 그냥 식도염 안 심해지려고 먹는 거라 뭐가 크게 개선되는 건 아니야.",
            "norm_text": "그냥 식도염 안 심해지려고 먹는 거라 뭐가 크게 개선되는 건 아니야.",
            "speaker": {
              "id": "2번",
              "sex": "여성",
              "age": "20대"
            },
            "speechAct": "(단언) 주장하기",
            "morpheme": "그냥/MAG+식도염/NNG+안심/NNG+해/XSV+EC+지/VX+려고/EC+먹/VV+는/ETM+거/NNB+라/VCP+EC+뭐/NP+가/JKS+크/VA+게/EC+개선/NNG+되/XSV+는/ETM+건/NNB+JX+아니/VCN+야/EF"
          },
          {
            "id": 12,
            "text": "3 : 나 홍삼 먹는데 옛날에는 몰랐는데 지금은 차이가 큰 게 느껴져!",
            "norm_text": "나 홍삼 먹는데 옛날에는 몰랐는데 지금은 차이가 큰 게 느껴져!",
            "speaker": {
              "id": "3번",
              "sex": "여성",
              "age": "20대"
            },
            "speechAct": "(단언) 진술하기",
            "morpheme": "나/NP+홍삼/NNG+먹/VV+는데/EC+옛날/NNG+에/JKB+는/JX+몰랐/VV+EP+는데/EC+지금/MAG+은/JX+차이/NNG+가/JKS+큰/VA+ETM+게/NNB+JKS+느껴져/VV+EC+VX+EF"
          },
          {
            "id": 13,
            "text": "1 : 진짜? 홍삼 먹으니까 어때?",
            "norm_text": "진짜? 홍삼 먹으니까 어때?",
            "speaker": {
              "id": "1번",
              "sex": "여성",
              "age": "20대"
            },
            "speechAct": "(지시) 질문하기",
            "morpheme": "진짜/MAG+홍삼/NNG+먹/VV+으니까/EC+어때/VA+EF"
          },
          {
            "id": 14,
            "text": "1 : 나도 어릴 때 많이 먹었었는데~",
            "norm_text": "나도 어릴 때 많이 먹었었는데~",
            "speaker": {
              "id": "1번",
              "sex": "여성",
              "age": "20대"
            },
            "speechAct": "(단언) 진술하기",
            "morpheme": "나/NP+도/JX+어릴/VA+ETM+때/NNG+많이/MAG+먹/VV+었었/EP+는데/EC+~/SY"
          },
          {
            "id": 15,
            "text": "2 : 너 홍삼 먹어? 키키 웃기당 뭔가 키키",
            "norm_text": "너 홍삼 먹어? 키키 웃기당 뭔가 키키",
            "speaker": {
              "id": "2번",
              "sex": "여성",
              "age": "20대"
            },
            "speechAct": "(단언) 주장하기",
            "morpheme": "너/NP+홍삼/NNG+먹/VV+어/EF+키/NNG+키/XSV+ETN+웃기/VV+당/EF+뭔가/NP+VCP+EC+키/NNG+키/XSV+ETN"
          },
          {
            "id": 16,
            "text": "3 : 홍삼 먹은 날 안 먹은 날 몸의 힘든 차이가 느껴져서 신기했어 키키",
            "norm_text": "홍삼 먹은 날 안 먹은 날 몸의 힘든 차이가 느껴져서 신기했어 키키",
            "speaker": {
              "id": "3번",
              "sex": "여성",
              "age": "20대"
            },
            "speechAct": "(단언) 진술하기",
            "morpheme": "홍삼/NNG+먹/VV+은/ETM+날/NNG+안/MAG+먹/VV+은/ETM+날/NNG+몸/NNG+의/JKG+힘든/VA+ETM+차이/NNG+가/JKS+느껴져서/VV+EC+VX+EC+신기/XR+했/XSA+EP+어/EC+키/NNG+키/XSV+ETN"
          },
          {
            "id": 17,
            "text": "1 : 오 신기하다 홍삼 먹으면 몸에 열 나지 않아?",
            "norm_text": "오 신기하다 홍삼 먹으면 몸에 열 나지 않아?",
            "speaker": {
              "id": "1번",
              "sex": "여성",
              "age": "20대"
            },
            "speechAct": "(지시) 질문하기",
            "morpheme": "오/NR+신기/NNG+하/XSV+다/EC+홍삼/NNG+먹/VV+으면/EC+몸/NNG+에/JKB+열나/VV+지/EC+않/VX+아/EF"
          },
          {
            "id": 18,
            "text": "2 : 너한테 잘 받나 보다",
            "norm_text": "너한테 잘 받나 보다",
            "speaker": {
              "id": "2번",
              "sex": "여성",
              "age": "20대"
            },
            "speechAct": "(단언) 주장하기",
            "morpheme": "너/NP+한테/JKB+잘/MAG+받/VV+나/EC+보/VX+다/EC"
          },
          {
            "id": 19,
            "text": "2 : 그거 몸에 열 많은 사람이  먹으면 안되잖아",
            "norm_text": "그거 몸에 열 많은 사람이  먹으면 안되잖아",
            "speaker": {
              "id": "2번",
              "sex": "여성",
              "age": "20대"
            },
            "speechAct": "(단언) 주장하기",
            "morpheme": "그거/NP+몸/NNG+에/JKB+열/NR+많/VA+은/ETM+사람/NNG+이/JKS+먹/VV+으면/EC+안/MAG+되/VV+잖아/EC"
          },
          {
            "id": 20,
            "text": "3 : 근데 나 원래 손발 차가워서 뜨거워지고 이런 거 잘 모르겠더라?",
            "norm_text": "근데 나 원래 손발 차가워서 뜨거워지고 이런 거 잘 모르겠더라?",
            "speaker": {
              "id": "3번",
              "sex": "여성",
              "age": "20대"
            },
            "speechAct": "(단언) 주장하기",
            "morpheme": "근데/MAJ+나/NP+원래/MAG+손발/NNG+차가워서/VA+EC+뜨거워지/VV+고/EC+이런/MM+거/NNB+잘/MAG+모르/VV+겠/EP+더라/EF"
          },
          {
            "id": 21,
            "text": "1 : 맞아 손발은 아무리 해도 안 따뜻해져",
            "norm_text": "맞아 손발은 아무리 해도 안 따뜻해져",
            "speaker": {
              "id": "1번",
              "sex": "여성",
              "age": "20대"
            },
            "speechAct": "(단언) 주장하기",
            "morpheme": "맞/VV+아/EC+손발/NNG+은/JX+아무리/MAG+해도/VV+EC+안/MAG+따뜻/XR+해져/XSA+EC+VX+EC"
          },
          {
            "id": 22,
            "text": "2 : 둘 다 몸 엄청 찬가 봐",
            "norm_text": "둘 다 몸 엄청 찬가 봐",
            "speaker": {
              "id": "2번",
              "sex": "여성",
              "age": "20대"
            },
            "speechAct": "(단언) 주장하기",
            "morpheme": "둘다몸엄청찬가봐/UNKNOWN"
          },
          {
            "id": 23,
            "text": "2 : 나도 그래서 찬 성분 음식 먹지 말라고 한의원에서 그랬어",
            "norm_text": "나도 그래서 찬 성분 음식 먹지 말라고 한의원에서 그랬어",
            "speaker": {
              "id": "2번",
              "sex": "여성",
              "age": "20대"
            },
            "speechAct": "(단언) 진술하기",
            "morpheme": "나/NP+도/JX+그래서/MAJ+찬/VA+ETM+성분/NNG+음식/NNG+먹/VV+지/EC+말/VX+라고/EC+한/MM+의원/NNG+에서/JKB+그랬/VV+EP+어/EC"
          },
          {
            "id": 24,
            "text": "3 : 그러면 다들 홍삼 몸에 잘 받는 거 아니야?",
            "norm_text": "그러면 다들 홍삼 몸에 잘 받는 거 아니야?",
            "speaker": {
              "id": "3번",
              "sex": "여성",
              "age": "20대"
            },
            "speechAct": "(단언) 주장하기",
            "morpheme": "그러면/MAJ+다/MAG+들/XSN+홍삼/NNG+몸/NNG+에/JKB+잘/MAG+받/VV+는/ETM+거/NNB+아니/VCN+야/EF"
          },
          {
            "id": 25,
            "text": "1 : 그렇구나 나도 한의원 가봐야겠다",
            "norm_text": "그렇구나 나도 한의원 가봐야겠다",
            "speaker": {
              "id": "1번",
              "sex": "여성",
              "age": "20대"
            },
            "speechAct": "(언약) 약속하기(제3자와)/(개인적 수준)",
            "morpheme": "그렇/VA+구나/EF+나/NP+도/JX+한/MM+의원/NNG+가/VV+봐야/EC+VX+EC+VX+겠/EP+다/EC"
          },
          {
            "id": 26,
            "text": "1 : 한의원 가면 맥박 짚고 다 알려주잖아",
            "norm_text": "한의원 가면 맥박 짚고 다 알려주잖아",
            "speaker": {
              "id": "1번",
              "sex": "여성",
              "age": "20대"
            },
            "speechAct": "(단언) 주장하기",
            "morpheme": "한/MM+의원/NNG+가/VV+면/EC+맥박/NNG+짚/VV+고/EC+다/MAG+알려/VV+EC+주/VX+잖아/EC"
          },
          {
            "id": 27,
            "text": "2 : 나는 근데 홍삼을 챙겨서 먹어본 적이 없어서 모르겠어...",
            "norm_text": "나는 근데 홍삼을 챙겨서 먹어본 적이 없어서 모르겠어...",
            "speaker": {
              "id": "2번",
              "sex": "여성",
              "age": "20대"
            },
            "speechAct": "(단언) 진술하기",
            "morpheme": "나/NP+는/JX+근데/MAJ+홍삼/NNG+을/JKO+챙겨서/VV+EC+먹/VV+어/EC+본/VX+ETM+적/NNB+이/JKS+없/VA+어서/EC+모르/VV+겠/EP+어/EF+./SY"
          },
          {
            "id": 28,
            "text": "3 : 나도 한의원 가봤는데 기억이 안 나네",
            "norm_text": "나도 한의원 가봤는데 기억이 안 나네",
            "speaker": {
              "id": "3번",
              "sex": "여성",
              "age": "20대"
            },
            "speechAct": "(단언) 진술하기",
            "morpheme": "나/NP+도/JX+한/MM+의원/NNG+가/JKC+봤/VV+EP+는데/EC+기억/NNG+이/JKS+안/MAG+나/NP+네/XSN"
          },
          {
            "id": 29,
            "text": "1 : 홍삼 예전에 먹은 거라 모르겠다",
            "norm_text": "홍삼 예전에 먹은 거라 모르겠다",
            "speaker": {
              "id": "1번",
              "sex": "여성",
              "age": "20대"
            },
            "speechAct": "(단언) 진술하기",
            "morpheme": "홍삼/NNG+예전/NNG+에/JKB+먹/VV+은/ETM+거/NNB+라/VCP+EC+모르/VV+겠/EP+다/EC"
          },
          {
            "id": 30,
            "text": "1 : 지금 먹으면 잘 받는지 알 수 있을 거 같아",
            "norm_text": "지금 먹으면 잘 받는지 알 수 있을 거 같아",
            "speaker": {
              "id": "1번",
              "sex": "여성",
              "age": "20대"
            },
            "speechAct": "(단언) 주장하기",
            "morpheme": "지금/MAG+먹/VV+으면/EC+잘/MAG+받/VV+는지/EC+알/VV+ETM+수/NNB+있/VV+을/ETM+거/NNB+같/VA+아/EC"
          },
          {
            "id": 31,
            "text": "2 : 키키 전에 한의원 가서 체질 검사 해봤는데 어떻게 나왔었는지 기억도 안 나.",
            "norm_text": "키키 전에 한의원 가서 체질 검사 해봤는데 어떻게 나왔었는지 기억도 안 나.",
            "speaker": {
              "id": "2번",
              "sex": "여성",
              "age": "20대"
            },
            "speechAct": "(단언) 진술하기",
            "morpheme": "키/NNG+키/NNG+전/NNG+에/JKB+한/MM+의원/NNG+가/VV+서/EC+체질/NNG+검사/NNG+해/XSV+EC+봤/VX+EP+는데/EC+어떻게/MAG+나왔었/VV+EP+는지/EC+기억/NNG+도/JX+안/MAG+나/VV+EF"
          },
          {
            "id": 32,
            "text": "3 : 이참에 홍삼 먹어보자!",
            "norm_text": "이참에 홍삼 먹어보자!",
            "speaker": {
              "id": "3번",
              "sex": "여성",
              "age": "20대"
            },
            "speechAct": "(언약) 약속하기(제3자와)/(개인적 수준)",
            "morpheme": "이/MM+참/NNB+에/JKB+홍삼/NNG+먹/VV+어/EC+보/VX+자/EF"
          }
        ]
      }
    }
  ]
}