{
  "dataset": {
    "identifier": 20799,
    "name": "BAND_26_18_set",
    "src_path": "/data/file/cubeManager/PROJECT001/49/txt202109161406440479107/BAND_26_18_set/",
    "label_path": "/data/file/cubeManager/PROJECT001/49/txt202109161406440479107/BAND_26_18_set/",
    "category": 2,
    "type": 0
  },
  "licenses": {
    "name": "Apache License 1.0",
    "url": "http://www.apache.org/licenses/LICENSE-1.0"
  },
  "info": [
    {
      "id": 27928,
      "filename": "BAND_26_18.txt",
      "title": "BAND_26_18",
      "mediatype": "SNS",
      "medianame": "네이버밴드",
      "category": "일상대화",
      "date": "2021-09-16",
      "size": 411,
      "annotations": {
        "subject": "상거래 전반",
        "speaker_type": "1:1",
        "size": 411,
        "word_size": 131,
        "text": "1 : 나 오트밀 어디서 샀게?\n2 : 모르겠네 마트에서 샀어?\n1 : 나의 사랑 당근마켓에서 샀지 키키\n2 : 당근마켓? 그런 것도 팔아?\n2 : 새 거였겠지?\n1 : 응 네이버 쇼핑에서 사려다가 갑자기 생각나서 봤는데 딱 하나 있더라 키키\n2 : 와 능력자네 신기하다 와\n1 : 네이버는 18700원에 파는데 당근마켓은 12000원!\n2 : 그니까 너무 비싸 그것도\n2 : 그래도 다행이네\n1 : 한 병당 천 원 꼴이었어!\n2 : 오 그니까 병으로 나왔었구나?\n1 : 응 한 번에 먹을 수 있게 편리하게 나왔더라고!\n2 : 아 완전 편리하네 그런 게 있는지 몰랐네\n1 : 그렇지? 나도 몰랐는데 찾아보니까 있더라 역시 한국 짱!\n2 : 우리나라 별의 별 거 편리하게 다 만들어\n1 : 맞아 그래서 바로 예약 걸고 다녀왔지~\n2 : 또 샀는 게 신기하네 바로 바로",
        "lines": [
          {
            "id": 1,
            "text": "1 : 나 오트밀 어디서 샀게?",
            "norm_text": "나 오트밀 어디서 샀게?",
            "speaker": {
              "id": "1번",
              "sex": "여성",
              "age": "20대"
            },
            "speechAct": "(지시) 질문하기",
            "morpheme": "나/NP+오트밀/NNG+어디/NP+서/JKB+샀/VV+EP+게/EF"
          },
          {
            "id": 2,
            "text": "2 : 모르겠네 마트에서 샀어?",
            "norm_text": "모르겠네 마트에서 샀어?",
            "speaker": {
              "id": "2번",
              "sex": "여성",
              "age": "20대"
            },
            "speechAct": "(지시) 질문하기",
            "morpheme": "모르/VV+겠/EP+네/EF+마트/NNG+에서/JKB+샀/VV+EP+어/EF"
          },
          {
            "id": 3,
            "text": "1 : 나의 사랑 당근마켓에서 샀지 키키",
            "norm_text": "나의 사랑 당근마켓에서 샀지 키키",
            "speaker": {
              "id": "1번",
              "sex": "여성",
              "age": "20대"
            },
            "speechAct": "(단언) 주장하기",
            "morpheme": "나/NP+의/JKG+사랑/NNG+당근/NNG+마켓/NNP+에서/JKB+샀/VV+EP+지/EC+키/NNG+키/XSV+ETN"
          },
          {
            "id": 4,
            "text": "2 : 당근마켓? 그런 것도 팔아?",
            "norm_text": "당근마켓? 그런 것도 팔아?",
            "speaker": {
              "id": "2번",
              "sex": "여성",
              "age": "20대"
            },
            "speechAct": "(지시) 질문하기",
            "morpheme": "당근/MAG+마켓/NNP+그런/MM+것/NNB+도/JX+팔/VV+아/EF"
          },
          {
            "id": 5,
            "text": "2 : 새 거였겠지?",
            "norm_text": "새 거였겠지?",
            "speaker": {
              "id": "2번",
              "sex": "여성",
              "age": "20대"
            },
            "speechAct": "(지시) 질문하기",
            "morpheme": "새/MM+거/NNB+였/VCP+EP+겠/EP+지/EF"
          },
          {
            "id": 6,
            "text": "1 : 응 네이버 쇼핑에서 사려다가 갑자기 생각나서 봤는데 딱 하나 있더라 키키",
            "norm_text": "응 네이버 쇼핑에서 사려다가 갑자기 생각나서 봤는데 딱 하나 있더라 키키",
            "speaker": {
              "id": "1번",
              "sex": "여성",
              "age": "20대"
            },
            "speechAct": "(단언) 진술하기",
            "morpheme": "응/IC+네이버/NNP+쇼핑/NNG+에서/JKB+사/VV+려다가/EC+갑자기/MAG+생각/NNG+나/VV+서/EC+봤/VX+EP+는데/EC+딱/MAG+하나/NR+있/VV+더라/EC+키/NNG+키/XSV+ETN"
          },
          {
            "id": 7,
            "text": "2 : 와 능력자네 신기하다 와",
            "norm_text": "와 능력자네 신기하다 와",
            "speaker": {
              "id": "2번",
              "sex": "여성",
              "age": "20대"
            },
            "speechAct": "턴토크 사인(관습적 반응)",
            "morpheme": "와/IC+능력자/NNG+네/XSN+신기/NNG+하/XSV+다/EC+와/VV+EC"
          },
          {
            "id": 8,
            "text": "1 : 네이버는 18700원에 파는데 당근마켓은 12000원!",
            "norm_text": "네이버는 18700원에 파는데 당근마켓은 12000원!",
            "speaker": {
              "id": "1번",
              "sex": "여성",
              "age": "20대"
            },
            "speechAct": "(단언) 진술하기",
            "morpheme": "네이버/NNP+는/JX+18700/SN+원/NNBC+에/JKB+파/VV+는데/EC+당근/MAG+마켓/NNP+은/JX+12000/SN+원/NNBC"
          },
          {
            "id": 9,
            "text": "2 : 그니까 너무 비싸 그것도",
            "norm_text": "그니까 너무 비싸 그것도",
            "speaker": {
              "id": "2번",
              "sex": "여성",
              "age": "20대"
            },
            "speechAct": "(단언) 주장하기",
            "morpheme": "그니까/MAJ+너무/MAG+비싸/VA+EF+그것/NP+도/JX"
          },
          {
            "id": 10,
            "text": "2 : 그래도 다행이네",
            "norm_text": "그래도 다행이네",
            "speaker": {
              "id": "2번",
              "sex": "여성",
              "age": "20대"
            },
            "speechAct": "(단언) 주장하기",
            "morpheme": "그래도/MAJ+다행/NNG+이/VCP+네/EC"
          },
          {
            "id": 11,
            "text": "1 : 한 병당 천 원 꼴이었어!",
            "norm_text": "한 병당 천 원 꼴이었어!",
            "speaker": {
              "id": "1번",
              "sex": "여성",
              "age": "20대"
            },
            "speechAct": "(단언) 진술하기",
            "morpheme": "한/MM+병/NNG+당/XSN+천/NR+원/NNBC+꼴/XSN+이/VCP+었/EP+어/EF"
          },
          {
            "id": 12,
            "text": "2 : 오 그니까 병으로 나왔었구나?",
            "norm_text": "오 그니까 병으로 나왔었구나?",
            "speaker": {
              "id": "2번",
              "sex": "여성",
              "age": "20대"
            },
            "speechAct": "(지시) 질문하기",
            "morpheme": "오/IC+그니까/MAJ+병/NNG+으로/JKB+나왔었/VV+EP+구나/EF"
          },
          {
            "id": 13,
            "text": "1 : 응 한 번에 먹을 수 있게 편리하게 나왔더라고!",
            "norm_text": "응 한 번에 먹을 수 있게 편리하게 나왔더라고!",
            "speaker": {
              "id": "1번",
              "sex": "여성",
              "age": "20대"
            },
            "speechAct": "(단언) 진술하기",
            "morpheme": "응/IC+한/MM+번/NNBC+에/JKB+먹/VV+을/ETM+수/NNB+있/VV+게/EC+편리/NNG+하/XSV+게/EC+나왔/VV+EP+더라고/EF"
          },
          {
            "id": 14,
            "text": "2 : 아 완전 편리하네 그런 게 있는지 몰랐네",
            "norm_text": "아 완전 편리하네 그런 게 있는지 몰랐네",
            "speaker": {
              "id": "2번",
              "sex": "여성",
              "age": "20대"
            },
            "speechAct": "(단언) 주장하기",
            "morpheme": "아/IC+완전/MAG+편리/NNG+하/XSA+네/EF+그런/MM+게/NNB+JKS+있/VA+는지/EC+몰랐/VV+EP+네/EF"
          },
          {
            "id": 15,
            "text": "1 : 그렇지? 나도 몰랐는데 찾아보니까 있더라 역시 한국 짱!",
            "norm_text": "그렇지? 나도 몰랐는데 찾아보니까 있더라 역시 한국 짱!",
            "speaker": {
              "id": "1번",
              "sex": "여성",
              "age": "20대"
            },
            "speechAct": "(단언) 주장하기",
            "morpheme": "그렇/VA+지/EF+나/NP+도/JX+몰랐/VV+EP+는데/EC+찾아보/VV+니까/EC+있/VX+더라/EF+역시/MAJ+한국/NNP+짱/NNG"
          },
          {
            "id": 16,
            "text": "2 : 우리나라 별의 별 거 편리하게 다 만들어",
            "norm_text": "우리나라 별의 별 거 편리하게 다 만들어",
            "speaker": {
              "id": "2번",
              "sex": "여성",
              "age": "20대"
            },
            "speechAct": "(단언) 주장하기",
            "morpheme": "우리/NP+나라/NNG+별/XSN+의/JKG+별거/NNG+편리/NNG+하/XSV+게/EC+다/MAG+만들/VV+어/EC"
          },
          {
            "id": 17,
            "text": "1 : 맞아 그래서 바로 예약 걸고 다녀왔지~",
            "norm_text": "맞아 그래서 바로 예약 걸고 다녀왔지~",
            "speaker": {
              "id": "1번",
              "sex": "여성",
              "age": "20대"
            },
            "speechAct": "(단언) 주장하기",
            "morpheme": "맞아/IC+그래서/MAJ+바로/MAG+예약/NNG+걸/VV+고/EC+다녀왔/VV+EP+지/EC+~/SY"
          },
          {
            "id": 18,
            "text": "2 : 또 샀는 게 신기하네 바로 바로",
            "norm_text": "또 샀는 게 신기하네 바로 바로",
            "speaker": {
              "id": "2번",
              "sex": "여성",
              "age": "20대"
            },
            "speechAct": "(단언) 주장하기",
            "morpheme": "또/MAG+샀/VV+EP+는/ETM+게/NNB+JKS+신기/XR+하/XSA+네/EF+바로/MAG+바로/MAG"
          }
        ]
      }
    }
  ]
}