{
  "dataset": {
    "identifier": 21683,
    "name": "BAND_21_14_set",
    "src_path": "/data/file/cubeManager/PROJECT001/49/txt20210915110606071365/BAND_21_14_set/",
    "label_path": "/data/file/cubeManager/PROJECT001/49/txt20210915110606071365/BAND_21_14_set/",
    "category": 2,
    "type": 0
  },
  "licenses": {
    "name": "Apache License 1.0",
    "url": "http://www.apache.org/licenses/LICENSE-1.0"
  },
  "info": [
    {
      "id": 25553,
      "filename": "BAND_21_14.txt",
      "title": "BAND_21_14",
      "mediatype": "SNS",
      "medianame": "네이버밴드",
      "category": "일상대화",
      "date": "2021-09-15",
      "size": 516,
      "annotations": {
        "subject": "사회이슈",
        "speaker_type": "1:1",
        "size": 516,
        "word_size": 179,
        "text": "1 : 너 이번에 물 수질 검사 결과 봤어?\n2 : 아 그거 벌레 나온 건가?\n1 : 아니 물 만드는 회사 수질 검사를 했는데  적합 판정을 받은 회사가 거의 없어!\n2 : 헐 진짜? 우리가 사 먹는 물 말이야?\n1 : 응 삼다수 말고 거의 다 전멸이던데?\n2 : 아 진짜? 나 삼다수 애용하는데 역시 믿고 먹나 봐 키키\n1 : 나는 지금 2리터 짜리 24병 사다 놨어\n1 : 물론 부적합 받은 물 키키\n2 : 이제 하다가 물 가지고도 장난치네\n2 : 이것들 너무하다\n1 : 근데 장난친 거는 모르겠고 그냥 결과만 그렇게 나왔다고 알고 있어!\n2 : 그래? 원인이 뭐래?\n2 : 어떻게 사람이 먹는 물까지 이제 오염이란 거지...\n1 : 그러니까 말이야\n1 : 원인은 이따가 기사 좀 자세히 봐야겠어!\n2 : 응 그래 나도 그 기사 좀 보내줘\n1 : 알겠어 나 물 좀 마시고 알려줄게~\n2 : 그래 키키 물 마시고 와\n2 : 앗 물 조심~\n1 : 근데 마시는 물마다 맛이 다른 거 알아?\n2 : 응 나도 그거 조금씩 느껴 가\n2 : 가끔은 쇠맛도 나는 것 같아",
        "lines": [
          {
            "id": 1,
            "text": "1 : 너 이번에 물 수질 검사 결과 봤어?",
            "norm_text": "너 이번에 물 수질 검사 결과 봤어?",
            "speaker": {
              "id": "1번",
              "sex": "여성",
              "age": "20대"
            },
            "speechAct": "(지시) 질문하기",
            "morpheme": "너/NP+이번/NNG+에/JKB+물수/NNG+질/XSN+검사/NNG+결과/NNG+봤/VV+EP+어/EF"
          },
          {
            "id": 2,
            "text": "2 : 아 그거 벌레 나온 건가?",
            "norm_text": "아 그거 벌레 나온 건가?",
            "speaker": {
              "id": "2번",
              "sex": "여성",
              "age": "20대"
            },
            "speechAct": "(지시) 질문하기",
            "morpheme": "아/IC+그거/NP+벌레/NNG+나온/VV+ETM+건가/NNB+VCP+EF"
          },
          {
            "id": 3,
            "text": "1 : 아니 물 만드는 회사 수질 검사를 했는데  적합 판정을 받은 회사가 거의 없어!",
            "norm_text": "아니 물 만드는 회사 수질 검사를 했는데  적합 판정을 받은 회사가 거의 없어!",
            "speaker": {
              "id": "1번",
              "sex": "여성",
              "age": "20대"
            },
            "speechAct": "(단언) 진술하기",
            "morpheme": "아니/IC+물/NNG+만드/VV+는/ETM+회사/NNG+수질/NNG+검사/NNG+를/JKO+했/VV+EP+는데/EC+적합/NNG+판정/NNG+을/JKO+받/VV+은/ETM+회사/NNG+가/JKS+거의/MAG+없/VA+어/EF"
          },
          {
            "id": 4,
            "text": "2 : 헐 진짜? 우리가 사 먹는 물 말이야?",
            "norm_text": "헐 진짜? 우리가 사 먹는 물 말이야?",
            "speaker": {
              "id": "2번",
              "sex": "여성",
              "age": "20대"
            },
            "speechAct": "(지시) 질문하기",
            "morpheme": "헐/IC+진짜/MAG+우리/NP+가/JKS+사먹/VV+는/ETM+물말이/NNG+야/VCP+EF"
          },
          {
            "id": 5,
            "text": "1 : 응 삼다수 말고 거의 다 전멸이던데?",
            "norm_text": "응 삼다수 말고 거의 다 전멸이던데?",
            "speaker": {
              "id": "1번",
              "sex": "여성",
              "age": "20대"
            },
            "speechAct": "(단언) 진술하기",
            "morpheme": "응/IC+삼다수/NNP+말/VV+고/EC+거의/MAG+다/MAG+전멸/NNG+이/VCP+던데/EF"
          },
          {
            "id": 6,
            "text": "2 : 아 진짜? 나 삼다수 애용하는데 역시 믿고 먹나 봐 키키",
            "norm_text": "아 진짜? 나 삼다수 애용하는데 역시 믿고 먹나 봐 키키",
            "speaker": {
              "id": "2번",
              "sex": "여성",
              "age": "20대"
            },
            "speechAct": "(단언) 주장하기",
            "morpheme": "아/IC+진짜/MAG+나/NP+삼/NR+다수/NNG+애용/NNG+하/XSV+는데/EC+역시/MAJ+믿/VV+고/EC+먹/VV+나/EC+봐/VX+EF+키/NNG+키/XSV+ETN"
          },
          {
            "id": 7,
            "text": "1 : 나는 지금 2리터 짜리 24병 사다 놨어",
            "norm_text": "나는 지금 2리터 짜리 24병 사다 놨어",
            "speaker": {
              "id": "1번",
              "sex": "여성",
              "age": "20대"
            },
            "speechAct": "(단언) 진술하기",
            "morpheme": "나/NP+는/JX+지금/MAG+2/SN+리터/NNBC+짜리/XSN+24/SN+병사/NNG+다/MAG+놨/VV+EP+어/EC"
          },
          {
            "id": 8,
            "text": "1 : 물론 부적합 받은 물 키키",
            "norm_text": "물론 부적합 받은 물 키키",
            "speaker": {
              "id": "1번",
              "sex": "여성",
              "age": "20대"
            },
            "speechAct": "(단언) 진술하기",
            "morpheme": "물론/MAG+부적합/NNG+받/VV+은/ETM+물/NNG+키/NNG+키/XSV+ETN"
          },
          {
            "id": 9,
            "text": "2 : 이제 하다가 물 가지고도 장난치네",
            "norm_text": "이제 하다가 물 가지고도 장난치네",
            "speaker": {
              "id": "2번",
              "sex": "여성",
              "age": "20대"
            },
            "speechAct": "(단언) 주장하기",
            "morpheme": "이제/MAG+하/VV+다가/EC+물/NNG+가지/VV+고/EC+도/JX+장난치/VV+네/EC"
          },
          {
            "id": 10,
            "text": "2 : 이것들 너무하다",
            "norm_text": "이것들 너무하다",
            "speaker": {
              "id": "2번",
              "sex": "여성",
              "age": "20대"
            },
            "speechAct": "(단언) 주장하기",
            "morpheme": "이것/NP+들/XSN+너무/MAG+하/VV+다/EC"
          },
          {
            "id": 11,
            "text": "1 : 근데 장난친 거는 모르겠고 그냥 결과만 그렇게 나왔다고 알고 있어!",
            "norm_text": "근데 장난친 거는 모르겠고 그냥 결과만 그렇게 나왔다고 알고 있어!",
            "speaker": {
              "id": "1번",
              "sex": "여성",
              "age": "20대"
            },
            "speechAct": "(단언) 진술하기",
            "morpheme": "근데/MAJ+장난친/VV+ETM+거/NNB+는/JX+모르/VV+겠/EP+고/EC+그냥/MAG+결과/NNG+만/JX+그렇게/MAG+나왔/VV+EP+다고/EC+알/VV+고/EC+있/VX+어/EF"
          },
          {
            "id": 12,
            "text": "2 : 그래? 원인이 뭐래?",
            "norm_text": "그래? 원인이 뭐래?",
            "speaker": {
              "id": "2번",
              "sex": "여성",
              "age": "20대"
            },
            "speechAct": "(지시) 질문하기",
            "morpheme": "그래/IC+원인/NNG+이/JKS+뭐/NP+래/VCP+EF"
          },
          {
            "id": 13,
            "text": "2 : 어떻게 사람이 먹는 물까지 이제 오염이란 거지...",
            "norm_text": "어떻게 사람이 먹는 물까지 이제 오염이란 거지...",
            "speaker": {
              "id": "2번",
              "sex": "여성",
              "age": "20대"
            },
            "speechAct": "(단언) 주장하기",
            "morpheme": "어떻게/MAG+사람/NNG+이/JKS+먹/VV+는/ETM+물/NNG+까지/JX+이제/MAG+오염/NNG+이/VCP+란/ETM+거/NNB+지/VCP+EF+./SY"
          },
          {
            "id": 14,
            "text": "1 : 그러니까 말이야",
            "norm_text": "그러니까 말이야",
            "speaker": {
              "id": "1번",
              "sex": "여성",
              "age": "20대"
            },
            "speechAct": "(단언) 주장하기",
            "morpheme": "그러니까/MAJ+말/NNG+이/VCP+야/EC"
          },
          {
            "id": 15,
            "text": "1 : 원인은 이따가 기사 좀 자세히 봐야겠어!",
            "norm_text": "원인은 이따가 기사 좀 자세히 봐야겠어!",
            "speaker": {
              "id": "1번",
              "sex": "여성",
              "age": "20대"
            },
            "speechAct": "(언약) 약속하기(제3자와)/(개인적 수준)",
            "morpheme": "원인/NNG+은/JX+이따가/MAG+기사/NNG+좀/MAG+자세히/MAG+봐야겠어/VV+EC+VX+EP+EF"
          },
          {
            "id": 16,
            "text": "2 : 응 그래 나도 그 기사 좀 보내줘",
            "norm_text": "응 그래 나도 그 기사 좀 보내줘",
            "speaker": {
              "id": "2번",
              "sex": "여성",
              "age": "20대"
            },
            "speechAct": "(지시) 부탁하기",
            "morpheme": "응/IC+그래/IC+나/NP+도/JX+그/MM+기사/NNG+좀/MAG+보내/VV+줘/EC+VV+EC"
          },
          {
            "id": 17,
            "text": "1 : 알겠어 나 물 좀 마시고 알려줄게~",
            "norm_text": "알겠어 나 물 좀 마시고 알려줄게~",
            "speaker": {
              "id": "1번",
              "sex": "여성",
              "age": "20대"
            },
            "speechAct": "(언약) 약속하기(제3자와)/(개인적 수준)",
            "morpheme": "알/VV+겠/EP+어/EC+나물/NNG+좀/MAG+마시/VV+고/EC+알려/VV+EC+줄/VX+ETM+게/NNB+JKS+~/SY"
          },
          {
            "id": 18,
            "text": "2 : 그래 키키 물 마시고 와",
            "norm_text": "그래 키키 물 마시고 와",
            "speaker": {
              "id": "2번",
              "sex": "여성",
              "age": "20대"
            },
            "speechAct": "턴토크 사인(관습적 반응)",
            "morpheme": "그래/IC+키/NNG+키/NNG+물/NNG+마시/VV+고/EC+와/VV+EC"
          },
          {
            "id": 19,
            "text": "2 : 앗 물 조심~",
            "norm_text": "앗 물 조심~",
            "speaker": {
              "id": "2번",
              "sex": "여성",
              "age": "20대"
            },
            "speechAct": "(지시) 충고/제안하기",
            "morpheme": "앗/IC+물/NNG+조심/NNG+~/SY"
          },
          {
            "id": 20,
            "text": "1 : 근데 마시는 물마다 맛이 다른 거 알아?",
            "norm_text": "근데 마시는 물마다 맛이 다른 거 알아?",
            "speaker": {
              "id": "1번",
              "sex": "여성",
              "age": "20대"
            },
            "speechAct": "(지시) 질문하기",
            "morpheme": "근데/MAJ+마시/VV+는/ETM+물/NNG+마다/JX+맛/NNG+이/JKS+다른/VA+ETM+거/NNB+알/VV+아/EF"
          },
          {
            "id": 21,
            "text": "2 : 응 나도 그거 조금씩 느껴 가",
            "norm_text": "응 나도 그거 조금씩 느껴 가",
            "speaker": {
              "id": "2번",
              "sex": "여성",
              "age": "20대"
            },
            "speechAct": "(단언) 주장하기",
            "morpheme": "응/IC+나/NP+도/JX+그거/NP+조금/MAG+씩/XSN+느껴/VV+EC+가/VX"
          },
          {
            "id": 22,
            "text": "2 : 가끔은 쇠맛도 나는 것 같아",
            "norm_text": "가끔은 쇠맛도 나는 것 같아",
            "speaker": {
              "id": "2번",
              "sex": "여성",
              "age": "20대"
            },
            "speechAct": "(단언) 주장하기",
            "morpheme": "가끔/MAG+은/JX+쇠/NNG+맛/NNG+도/JX+나/VV+는/ETM+것/NNB+같/VA+아/EC"
          }
        ]
      }
    }
  ]
}