{
  "dataset": {
    "identifier": 22309,
    "name": "BAND_29_15_set",
    "src_path": "/data/file/cubeManager/PROJECT001/49/txt20210917164450000344/BAND_29_15_set/",
    "label_path": "/data/file/cubeManager/PROJECT001/49/txt20210917164450000344/BAND_29_15_set/",
    "category": 2,
    "type": 0
  },
  "licenses": {
    "name": "Apache License 1.0",
    "url": "http://www.apache.org/licenses/LICENSE-1.0"
  },
  "info": [
    {
      "id": 30286,
      "filename": "BAND_29_15.txt",
      "title": "BAND_29_15",
      "mediatype": "SNS",
      "medianame": "네이버밴드",
      "category": "일상대화",
      "date": "2021-09-17",
      "size": 409,
      "annotations": {
        "subject": "타 국가 이슈",
        "speaker_type": "1:1",
        "size": 409,
        "word_size": 139,
        "text": "1 : 너 부스터 샷이라고 알아?\n2 : 살짝 들어봤어 키키 자세히는 모르고\n1 : 그게 미국에만 시행하는 건가?\n2 : 그런 거 같아 키키 화이자만 해당된다더라\n1 : 아 화이자로만 부스터 삿으로 맞을 수 있대?\n2 : 응 일단 계획은 그렇다고 봤어 키키\n1 : 그렇구나 우리는 언제 부스터 샷 맞을 수 있을까?\n2 : 음 아직 백신 안 맞은 사람이 많아서 한참 멀지 않을까 싶어\n1 : 응 그중에 나 추가요 ㅜㅜ\n2 : 키키 응 그중에 나도 추가할께\n2 : 넌 언제 맞아?\n1 : 나 아직 신청도 안 했어 키키\n2 : 신청 언제쯤 할 생각이야?\n1 : 나 요즘에 나오는 뉴스 보고 무서워서 못 맞아 ㅜㅜ\n2 : 맞아 나도 무섭긴 한데 회사에서 요청하네 ㅠ\n1 : 아 회사에서 맞으라고 하면 어쩔 수 없지\n2 : 맞아 서로 불안할 테니 내가 맞아야지 뭐 키키",
        "lines": [
          {
            "id": 1,
            "text": "1 : 너 부스터 샷이라고 알아?",
            "norm_text": "너 부스터 샷이라고 알아?",
            "speaker": {
              "id": "1번",
              "sex": "여성",
              "age": "20대"
            },
            "speechAct": "(지시) 질문하기",
            "morpheme": "너/NP+부스터/NNG+샷/NNG+이/VCP+라고/EC+알/VV+아/EF"
          },
          {
            "id": 2,
            "text": "2 : 살짝 들어봤어 키키 자세히는 모르고",
            "norm_text": "살짝 들어봤어 키키 자세히는 모르고",
            "speaker": {
              "id": "2번",
              "sex": "여성",
              "age": "20대"
            },
            "speechAct": "(단언) 진술하기",
            "morpheme": "살짝/MAG+들/VV+어/EC+봤/VX+EP+어/EC+키/NNG+키/NNG+자세히/MAG+는/JX+모르/VV+고/EC"
          },
          {
            "id": 3,
            "text": "1 : 그게 미국에만 시행하는 건가?",
            "norm_text": "그게 미국에만 시행하는 건가?",
            "speaker": {
              "id": "1번",
              "sex": "여성",
              "age": "20대"
            },
            "speechAct": "(지시) 질문하기",
            "morpheme": "그게/NP+JKS+미국/NNP+에/JKB+만/JX+시행/NNG+하/XSV+는/ETM+건가/NNB+VCP+EF"
          },
          {
            "id": 4,
            "text": "2 : 그런 거 같아 키키 화이자만 해당된다더라",
            "norm_text": "그런 거 같아 키키 화이자만 해당된다더라",
            "speaker": {
              "id": "2번",
              "sex": "여성",
              "age": "20대"
            },
            "speechAct": "(단언) 진술하기",
            "morpheme": "그런/MM+거/NNB+같/VA+아/EC+키/NNG+키/NNG+화/XSN+이자/NNG+만/JX+해당/NNG+된다더라/VV+EC"
          },
          {
            "id": 5,
            "text": "1 : 아 화이자로만 부스터 삿으로 맞을 수 있대?",
            "norm_text": "아 화이자로만 부스터 삿으로 맞을 수 있대?",
            "speaker": {
              "id": "1번",
              "sex": "여성",
              "age": "20대"
            },
            "speechAct": "(지시) 질문하기",
            "morpheme": "아/IC+화이자/NNP+로/JKB+만/JX+부스터/NNG+삿/NNG+으로/JKB+맞/VV+을/ETM+수/NNB+있/VV+대/EF"
          },
          {
            "id": 6,
            "text": "2 : 응 일단 계획은 그렇다고 봤어 키키",
            "norm_text": "응 일단 계획은 그렇다고 봤어 키키",
            "speaker": {
              "id": "2번",
              "sex": "여성",
              "age": "20대"
            },
            "speechAct": "(단언) 진술하기",
            "morpheme": "응/IC+일단/MAG+계획/NNG+은/JX+그렇/VA+다고/EC+봤/VX+EP+어/EC+키/NNG+키/XSV+ETN"
          },
          {
            "id": 7,
            "text": "1 : 그렇구나 우리는 언제 부스터 샷 맞을 수 있을까?",
            "norm_text": "그렇구나 우리는 언제 부스터 샷 맞을 수 있을까?",
            "speaker": {
              "id": "1번",
              "sex": "여성",
              "age": "20대"
            },
            "speechAct": "(지시) 질문하기",
            "morpheme": "그렇/VA+구나/EF+우리/NP+는/JX+언제/MAG+부스터/NNG+샷/NNG+맞/VV+을/ETM+수/NNB+있/VV+을까/EF"
          },
          {
            "id": 8,
            "text": "2 : 음 아직 백신 안 맞은 사람이 많아서 한참 멀지 않을까 싶어",
            "norm_text": "음 아직 백신 안 맞은 사람이 많아서 한참 멀지 않을까 싶어",
            "speaker": {
              "id": "2번",
              "sex": "여성",
              "age": "20대"
            },
            "speechAct": "(단언) 주장하기",
            "morpheme": "음/IC+아직/MAG+백신/NNG+안/MAG+맞/VV+은/ETM+사람/NNG+이/JKS+많/VA+아서/EC+한참/MAG+멀/VA+지/EC+않/VX+을까/EC+싶/VX+어/EC"
          },
          {
            "id": 9,
            "text": "1 : 응 그중에 나 추가요 ㅜㅜ",
            "norm_text": "응 그중에 나 추가요 ㅜㅜ",
            "speaker": {
              "id": "1번",
              "sex": "여성",
              "age": "20대"
            },
            "speechAct": "(단언) 주장하기",
            "morpheme": "응/IC+그/MM+중/NNB+에/JKB+나추/NNG+가/JKS+요/JX+ㅜㅜ/UNKNOWN"
          },
          {
            "id": 10,
            "text": "2 : 키키 응 그중에 나도 추가할께",
            "norm_text": "키키 응 그중에 나도 추가할께",
            "speaker": {
              "id": "2번",
              "sex": "여성",
              "age": "20대"
            },
            "speechAct": "(단언) 주장하기",
            "morpheme": "키/NNG+키/XSV+ETN+응/IC+그/MM+중/NNB+에/JKB+나/NP+도/JX+추가/NNG+할께/XSV+EC"
          },
          {
            "id": 11,
            "text": "2 : 넌 언제 맞아?",
            "norm_text": "넌 언제 맞아?",
            "speaker": {
              "id": "2번",
              "sex": "여성",
              "age": "20대"
            },
            "speechAct": "(지시) 질문하기",
            "morpheme": "넌/NP+JX+언제/NP+맞/VV+아/EF"
          },
          {
            "id": 12,
            "text": "1 : 나 아직 신청도 안 했어 키키",
            "norm_text": "나 아직 신청도 안 했어 키키",
            "speaker": {
              "id": "1번",
              "sex": "여성",
              "age": "20대"
            },
            "speechAct": "(단언) 주장하기",
            "morpheme": "나/NP+아직/MAG+신청/NNG+도/JX+안/MAG+했/VV+EP+어/EC+키/NNG+키/XSV+ETN"
          },
          {
            "id": 13,
            "text": "2 : 신청 언제쯤 할 생각이야?",
            "norm_text": "신청 언제쯤 할 생각이야?",
            "speaker": {
              "id": "2번",
              "sex": "여성",
              "age": "20대"
            },
            "speechAct": "(지시) 질문하기",
            "morpheme": "신청/NNG+언제/NP+쯤/XSN+할/VV+ETM+생각/NNG+이/VCP+야/EF"
          },
          {
            "id": 14,
            "text": "1 : 나 요즘에 나오는 뉴스 보고 무서워서 못 맞아 ㅜㅜ",
            "norm_text": "나 요즘에 나오는 뉴스 보고 무서워서 못 맞아 ㅜㅜ",
            "speaker": {
              "id": "1번",
              "sex": "여성",
              "age": "20대"
            },
            "speechAct": "(단언) 주장하기",
            "morpheme": "나/NP+요즘/NNG+에/JKB+나오/VV+는/ETM+뉴스/NNG+보/VV+고/EC+무서워서/VA+EC+못/MAG+맞/VV+아/EC+ㅜㅜ/UNKNOWN"
          },
          {
            "id": 15,
            "text": "2 : 맞아 나도 무섭긴 한데 회사에서 요청하네 ㅠ",
            "norm_text": "맞아 나도 무섭긴 한데 회사에서 요청하네 ㅠ",
            "speaker": {
              "id": "2번",
              "sex": "여성",
              "age": "20대"
            },
            "speechAct": "(단언) 주장하기",
            "morpheme": "맞/VV+아/EC+나/NP+도/JX+무섭/VA+긴/ETN+JX+한데/VX+EC+회사/NNG+에서/JKB+요청/NNG+하/XSV+네ㅠ/UNKNOWN"
          },
          {
            "id": 16,
            "text": "1 : 아 회사에서 맞으라고 하면 어쩔 수 없지",
            "norm_text": "아 회사에서 맞으라고 하면 어쩔 수 없지",
            "speaker": {
              "id": "1번",
              "sex": "여성",
              "age": "20대"
            },
            "speechAct": "(단언) 주장하기",
            "morpheme": "아/IC+회사/NNG+에서/JKB+맞/VV+으라고/EC+하/VV+면/EC+어쩔/VV+ETM+수/NNB+없/VA+지/EC"
          },
          {
            "id": 17,
            "text": "2 : 맞아 서로 불안할 테니 내가 맞아야지 뭐 키키",
            "norm_text": "맞아 서로 불안할 테니 내가 맞아야지 뭐 키키",
            "speaker": {
              "id": "2번",
              "sex": "여성",
              "age": "20대"
            },
            "speechAct": "(단언) 주장하기",
            "morpheme": "맞/VV+아/EC+서로/MAG+불안/NNG+할/XSV+ETM+테/NNB+VCP+니/EC+내/NP+가/JKS+맞/VV+아야지/EF+뭐/IC+키/NNG+키/XSV+ETN"
          }
        ]
      }
    }
  ]
}