{
  "dataset": {
    "identifier": 20000,
    "name": "BAND_23_01_set",
    "src_path": "/data/file/cubeManager/PROJECT001/49/txt202109151110410095107/BAND_23_01_set/",
    "label_path": "/data/file/cubeManager/PROJECT001/49/txt202109151110410095107/BAND_23_01_set/",
    "category": 2,
    "type": 0
  },
  "licenses": {
    "name": "Apache License 1.0",
    "url": "http://www.apache.org/licenses/LICENSE-1.0"
  },
  "info": [
    {
      "id": 25680,
      "filename": "BAND_23_01.txt",
      "title": "BAND_23_01",
      "mediatype": "SNS",
      "medianame": "네이버밴드",
      "category": "일상대화",
      "date": "2021-09-15",
      "size": 1356,
      "annotations": {
        "subject": "식음료",
        "speaker_type": "1:1",
        "size": 1356,
        "word_size": 430,
        "text": "1 : 회나 초밥 좋아해?\n1 : 회 못 먹는 사람들도 꽤 있더라\n2 : 완전 완전 좋아함~ 초밥은 특히 더~ 회 잘 먹어?\n3 : 난 회는 좋아하는데 솔직히 약간 초장 맛으로 먹고 초밥도 연어 위에 양파랑 소스 얹어진 그런 거 좋아해\n1 : 아항... 나도 다 잘 먹는데 회보다 초밥이 더 좋아!\n1 : 멍게 같은 해산물도 좋아함... 흐흐\n2 : 아 진짜? 되게 잘 먹는구나~\n2 : 난 새우 제외한 갑각류나 흐물흐물한 해산물은 잘 못 먹어 키키\n2 : 회도 좀 씹는 맛 있는 거 좋아~~\n3 : 오 난 멍게랑 해삼... 이런 친구들은 못 먹는데 ㅠㅠ 약간 바다내음 확실한 애들은 좀 힘들어...\n3 : 나도 새우랑 꽃게 최애임 하앍\n1 : 나도 그런 것도 좋아하는데 먹기가 귀찮긴 해... 까서 먹는 게 키키\n2 : 나 게 잘 못 먹어 먹으면 조금 간지럽더라~ 심한 건 아닌데~\n3 : 헉 그렇구나... 약간 알러지 같은 거 있나 보다 내 주변 사람들도 까기 귀찮다고 안 먹어서 내가 먹겠다고 함 키키\n3 : 너무 좋아 다들 귀찮아해 줬으면 좋겠어 키키\n3 : 근데 나는 조개를 못 먹어...\n1 : 내 친구도 갑각류 알레르기 있어서 게는 잘 못 먹고 새우도 까서 들어있는 거 한 두 개 정도만 먹더라...\n1 : 아 진짜? 알러지 있는 거야 아니면 맛이 없어서?\n2 : 조개만 알레르기 있는 사람도 있더라 껍질에만 있는 사람도 있고~ 조개 알레르기 있어?\n3 : 아 알러지 때문은 아니고 옛날에 꼬막 엄청 먹었다가 자다가 엄청 체해 가지고 좀 심하게 토하고 그래서 약간 트라우마...? 남아서 먹고 싶지 않아짐 ㅠㅠ\n1 : 으 ㅠㅠ 글쿠나 맞아 먹고 심하게 체하면 다시 먹기 힘들어져...\n1 : 흐물거리는 거 안 좋아하면 생새우는 안 먹겠네?\n2 : 새우를 생으로 먹나? 간장 새우는 먹는데~\n3 : 막 딱새우회 이런 거는 생으로도 먹던데!\n3 : 근데 먹어본 사람들 말로는 엄청 탱탱하고 달다고 맛있대\n3 : 간장 새우 먹을 정도면 회도 즐겨 할 듯 싶기도 하고?\n1 : 웅웅 딱새우도 있고 독도 새우나 오도로? 라고 약간 까만 생새우도 있고 많아 하하 엄청 달아\n1 : 오도로는 아마 이제 제철일 꺼야 선선해지면 ~!\n2 : 오~ 산낙지 이런 것도 잘 먹어?\n3 : 음... 타코 와사비 먹을 때 처음 먹어봤는데 뭐 괜찮기는 했어!\n3 : 근데 좀 취했을 때 먹어서 기억이 안나 키키\n3 :  탕탕이나 이런 거는 본 적이 없네 ㅠㅠ\n1 : 키키 기억이 안 난다니 키키 웃기당 언니는?\n1 : 난 산낙지도 잘 먹음 !\n2 : 딱 한 번 먹어 봤는데 못 먹겠더라구 꿈틀꿈틀거려서 ㅠㅠ\n3 : 그럼 와사비 이런 거 좋아해?\n1 : 웅웅 나는 좋아해! 생와사비 이런 거~\n2 : 나도 좋아하지~겨자도 좋아하고~\n2 : 겨자 소스 집에서 만들어봤어?\n3 : 오 만들 수 있는지조차 몰랐네!",
        "lines": [
          {
            "id": 1,
            "text": "1 : 회나 초밥 좋아해?",
            "norm_text": "회나 초밥 좋아해?",
            "speaker": {
              "id": "1번",
              "sex": "여성",
              "age": "20대"
            },
            "speechAct": "(지시) 질문하기",
            "morpheme": "회/NNG+나/JC+초밥/NNG+좋/VA+아/EC+해/VX+EF"
          },
          {
            "id": 2,
            "text": "1 : 회 못 먹는 사람들도 꽤 있더라",
            "norm_text": "회 못 먹는 사람들도 꽤 있더라",
            "speaker": {
              "id": "1번",
              "sex": "여성",
              "age": "20대"
            },
            "speechAct": "(단언) 진술하기",
            "morpheme": "회/MAG+못/MAG+먹/VV+는/ETM+사람/NNG+들/XSN+도/JX+꽤/MAG+있/VA+더라/EC"
          },
          {
            "id": 3,
            "text": "2 : 완전 완전 좋아함~ 초밥은 특히 더~ 회 잘 먹어?",
            "norm_text": "완전 완전 좋아함~ 초밥은 특히 더~ 회 잘 먹어?",
            "speaker": {
              "id": "2번",
              "sex": "여성",
              "age": "30대"
            },
            "speechAct": "(지시) 질문하기",
            "morpheme": "완전/MAG+완전/MAG+좋아함/VV+ETN+~/SY+초밥/NNG+은/JX+특히/MAG+더/MAG+~/SY+회/NNG+잘/MAG+먹/VV+어/EF"
          },
          {
            "id": 4,
            "text": "3 : 난 회는 좋아하는데 솔직히 약간 초장 맛으로 먹고 초밥도 연어 위에 양파랑 소스 얹어진 그런 거 좋아해",
            "norm_text": "난 회는 좋아하는데 솔직히 약간 초장 맛으로 먹고 초밥도 연어 위에 양파랑 소스 얹어진 그런 거 좋아해",
            "speaker": {
              "id": "3번",
              "sex": "여성",
              "age": "20대"
            },
            "speechAct": "(단언) 주장하기",
            "morpheme": "난/NP+JX+회/NNG+는/JX+좋/VA+아/EC+하/VV+는데/EC+솔직히/MAG+약간/MAG+초장/NNG+맛/NNG+으로/JKB+먹/VV+고/EC+초밥/NNG+도/JX+연어/NNG+위/NNG+에/JKB+양파/NNG+랑/JKB+소스/NNG+얹/VV+어/EC+진/VX+ETM+그런/MM+거/NNB+좋/VA+아/EC+해/VV+EC"
          },
          {
            "id": 5,
            "text": "1 : 아항... 나도 다 잘 먹는데 회보다 초밥이 더 좋아!",
            "norm_text": "아항... 나도 다 잘 먹는데 회보다 초밥이 더 좋아!",
            "speaker": {
              "id": "1번",
              "sex": "여성",
              "age": "20대"
            },
            "speechAct": "(단언) 주장하기",
            "morpheme": "아항/IC+./SY+나/NP+도/JX+다/MAG+잘/MAG+먹/VV+는데/EC+회/NNG+보다/JKB+초밥/NNG+이/JKS+더/MAG+좋/VA+아/EF"
          },
          {
            "id": 6,
            "text": "1 : 멍게 같은 해산물도 좋아함... 흐흐",
            "norm_text": "멍게 같은 해산물도 좋아함... 흐흐",
            "speaker": {
              "id": "1번",
              "sex": "여성",
              "age": "20대"
            },
            "speechAct": "(단언) 주장하기",
            "morpheme": "멍게/NNG+같/VA+은/ETM+해산물/NNG+도/JX+좋/VA+아함/IC+ETN+./SY+흐흐/MAG"
          },
          {
            "id": 7,
            "text": "2 : 아 진짜? 되게 잘 먹는구나~",
            "norm_text": "아 진짜? 되게 잘 먹는구나~",
            "speaker": {
              "id": "2번",
              "sex": "여성",
              "age": "30대"
            },
            "speechAct": "(단언) 주장하기",
            "morpheme": "아/IC+진짜/MAG+되게/MAG+잘/MAG+먹/VV+는구나/EC+~/SY"
          },
          {
            "id": 8,
            "text": "2 : 난 새우 제외한 갑각류나 흐물흐물한 해산물은 잘 못 먹어 키키",
            "norm_text": "난 새우 제외한 갑각류나 흐물흐물한 해산물은 잘 못 먹어 키키",
            "speaker": {
              "id": "2번",
              "sex": "여성",
              "age": "30대"
            },
            "speechAct": "(단언) 진술하기",
            "morpheme": "난/NP+JX+새우/NNG+제외/NNG+한/XSA+ETM+갑각류/NNG+나/JC+흐물흐물/MAG+한/MM+해산물/NNG+은/JX+잘못/MAG+먹/VV+어/EC+키/NNG+키/XSV+ETN"
          },
          {
            "id": 9,
            "text": "2 : 회도 좀 씹는 맛 있는 거 좋아~~",
            "norm_text": "회도 좀 씹는 맛 있는 거 좋아~~",
            "speaker": {
              "id": "2번",
              "sex": "여성",
              "age": "30대"
            },
            "speechAct": "(단언) 주장하기",
            "morpheme": "회도/NNG+좀/MAG+씹/VV+는/ETM+맛있/VA+는/ETM+거/NNB+좋/VA+아/EC+~/SY+~/SY"
          },
          {
            "id": 10,
            "text": "3 : 오 난 멍게랑 해삼... 이런 친구들은 못 먹는데 ㅠㅠ 약간 바다내음 확실한 애들은 좀 힘들어...",
            "norm_text": "오 난 멍게랑 해삼... 이런 친구들은 못 먹는데 ㅠㅠ 약간 바다내음 확실한 애들은 좀 힘들어...",
            "speaker": {
              "id": "3번",
              "sex": "여성",
              "age": "20대"
            },
            "speechAct": "(단언) 진술하기",
            "morpheme": "오난/NNG+멍게/NNG+랑/JKB+해삼/NNG+./SY+./SY+이런/MM+친구/NNG+들/XSN+은/JX+못/MAG+먹/VV+는데/EC+ㅠㅠ/UNKNOWN+약간/MAG+바다/NNG+내음/NNG+확실/XR+한/XSA+ETM+애/NNG+들/XSN+은/JX+좀/MAG+힘들/VA+어/EF+./SY"
          },
          {
            "id": 11,
            "text": "3 : 나도 새우랑 꽃게 최애임 하앍",
            "norm_text": "나도 새우랑 꽃게 최애임 하앍",
            "speaker": {
              "id": "3번",
              "sex": "여성",
              "age": "20대"
            },
            "speechAct": "(단언) 주장하기",
            "morpheme": "나/NP+도/JX+새우/NNG+랑/JKB+꽃/VV+게/EC+최애/NNG+임하/NNG+앍/VV"
          },
          {
            "id": 12,
            "text": "1 : 나도 그런 것도 좋아하는데 먹기가 귀찮긴 해... 까서 먹는 게 키키",
            "norm_text": "나도 그런 것도 좋아하는데 먹기가 귀찮긴 해... 까서 먹는 게 키키",
            "speaker": {
              "id": "1번",
              "sex": "여성",
              "age": "20대"
            },
            "speechAct": "(단언) 주장하기",
            "morpheme": "나/NP+도/JX+그런/MM+것/NNB+도/JX+좋/VA+아/EC+하/VV+는/ETM+데/NNB+먹/VV+기/ETN+가/JKS+귀찮/VA+긴/ETN+JX+해/VX+EF+./SY+까/VV+서/EC+먹/VV+는/ETM+게/NNB+JKS+키/NNG+키/XSV+ETN"
          },
          {
            "id": 13,
            "text": "2 : 나 게 잘 못 먹어 먹으면 조금 간지럽더라~ 심한 건 아닌데~",
            "norm_text": "나 게 잘 못 먹어 먹으면 조금 간지럽더라~ 심한 건 아닌데~",
            "speaker": {
              "id": "2번",
              "sex": "여성",
              "age": "30대"
            },
            "speechAct": "(단언) 진술하기",
            "morpheme": "나/NP+게/JKB+잘못/MAG+먹/VV+어/EC+먹/VV+으면/EC+조금/MAG+간지럽/VA+더라/EC+~/SY+심한/VA+ETM+건/NNB+JX+아닌데/VCN+EC+~/SY"
          },
          {
            "id": 14,
            "text": "3 : 헉 그렇구나... 약간 알러지 같은 거 있나 보다 내 주변 사람들도 까기 귀찮다고 안 먹어서 내가 먹겠다고 함 키키",
            "norm_text": "헉 그렇구나... 약간 알러지 같은 거 있나 보다 내 주변 사람들도 까기 귀찮다고 안 먹어서 내가 먹겠다고 함 키키",
            "speaker": {
              "id": "3번",
              "sex": "여성",
              "age": "20대"
            },
            "speechAct": "(단언) 진술하기",
            "morpheme": "헉/IC+그렇/VA+구나/EF+./SY+약간/MAG+알/VV+러지/EF+같/VA+은/ETM+거/NNB+있/VA+나/NP+보다/JKB+내/NP+JKG+주변/NNG+사람/NNG+들/XSN+도/JX+까/VV+기/ETN+귀찮/VA+다고/EC+안/MAG+먹/VV+어서/EC+내/NP+가/JKS+먹/VV+겠/EP+다고/EC+함/VX+ETN+키/NNG+키/XSV+ETN"
          },
          {
            "id": 15,
            "text": "3 : 너무 좋아 다들 귀찮아해 줬으면 좋겠어 키키",
            "norm_text": "너무 좋아 다들 귀찮아해 줬으면 좋겠어 키키",
            "speaker": {
              "id": "3번",
              "sex": "여성",
              "age": "20대"
            },
            "speechAct": "(표현) 긍정감정 표현하기",
            "morpheme": "너무/MAG+좋/VA+아다/EC+들/XSN+귀찮/VA+아/EC+해/VV+EC+줬/VX+EP+으면/EC+좋/VA+겠/EP+어/EC+키/NNG+키/XSV+ETN"
          },
          {
            "id": 16,
            "text": "3 : 근데 나는 조개를 못 먹어...",
            "norm_text": "근데 나는 조개를 못 먹어...",
            "speaker": {
              "id": "3번",
              "sex": "여성",
              "age": "20대"
            },
            "speechAct": "(단언) 진술하기",
            "morpheme": "근데/MAJ+나/NP+는/JX+조개/NNG+를/JKO+못/MAG+먹/VV+어/EF+./SY"
          },
          {
            "id": 17,
            "text": "1 : 내 친구도 갑각류 알레르기 있어서 게는 잘 못 먹고 새우도 까서 들어있는 거 한 두 개 정도만 먹더라...",
            "norm_text": "내 친구도 갑각류 알레르기 있어서 게는 잘 못 먹고 새우도 까서 들어있는 거 한 두 개 정도만 먹더라...",
            "speaker": {
              "id": "1번",
              "sex": "여성",
              "age": "20대"
            },
            "speechAct": "(단언) 진술하기",
            "morpheme": "내/NP+JKG+친구/NNG+도/JX+갑각류/NNG+알레르기/NNG+있/VV+어서/EC+게/NNG+는/JX+잘못/MAG+먹/VV+고/EC+새우/NNG+도/JX+까/VV+서/EC+들/VV+어/EC+있/VX+는/ETM+거/NNB+한두/MM+개/NNBC+정도/NNG+만/JX+먹/VV+더라/EF+./SY"
          },
          {
            "id": 18,
            "text": "1 : 아 진짜? 알러지 있는 거야 아니면 맛이 없어서?",
            "norm_text": "아 진짜? 알러지 있는 거야 아니면 맛이 없어서?",
            "speaker": {
              "id": "1번",
              "sex": "여성",
              "age": "20대"
            },
            "speechAct": "(지시) 질문하기",
            "morpheme": "아/IC+진짜/MAG+알/VV+러지/EF+있/VA+는/ETM+거/NNB+야/VCP+EF+아니/VCN+면/EC+맛/NNG+이/JKS+없/VA+어서/EC"
          },
          {
            "id": 19,
            "text": "2 : 조개만 알레르기 있는 사람도 있더라 껍질에만 있는 사람도 있고~ 조개 알레르기 있어?",
            "norm_text": "조개만 알레르기 있는 사람도 있더라 껍질에만 있는 사람도 있고~ 조개 알레르기 있어?",
            "speaker": {
              "id": "2번",
              "sex": "여성",
              "age": "30대"
            },
            "speechAct": "(지시) 질문하기",
            "morpheme": "조개/NNG+만/JX+알레르기/NNG+있/VA+는/ETM+사람/NNG+도/JX+있/VA+더라/EC+껍질/NNG+에/JKB+만/JX+있/VX+는/ETM+사람/NNG+도/JX+있/VA+고/EC+~/SY+조개/NNG+알레르기/NNG+있/VA+어/EF"
          },
          {
            "id": 20,
            "text": "3 : 아 알러지 때문은 아니고 옛날에 꼬막 엄청 먹었다가 자다가 엄청 체해 가지고 좀 심하게 토하고 그래서 약간 트라우마...? 남아서 먹고 싶지 않아짐 ㅠㅠ",
            "norm_text": "아 알러지 때문은 아니고 옛날에 꼬막 엄청 먹었다가 자다가 엄청 체해 가지고 좀 심하게 토하고 그래서 약간 트라우마...? 남아서 먹고 싶지 않아짐 ㅠㅠ",
            "speaker": {
              "id": "3번",
              "sex": "여성",
              "age": "20대"
            },
            "speechAct": "(단언) 진술하기",
            "morpheme": "아/IC+알/VV+러지/EF+때문/NNB+은/JX+아니/VCN+고/EC+옛날/NNG+에/JKB+꼬막/NNG+엄청/MAG+먹/VV+었/EP+다가/EC+자/VV+다가/EC+엄청/MAG+체해/VV+EC+가지/VX+고/EC+좀/MAG+심하/VA+게/EC+토하/VV+고/EC+그래서/MAJ+약간/MAG+트라우마/NNP+./SY+./SY+남/VV+아서/EC+먹/VV+고/EC+싶/VX+지/EC+않/VX+아/EC+짐/VX+ETN+ㅠㅠ/UNKNOWN"
          },
          {
            "id": 21,
            "text": "1 : 으 ㅠㅠ 글쿠나 맞아 먹고 심하게 체하면 다시 먹기 힘들어져...",
            "norm_text": "으 ㅠㅠ 글쿠나 맞아 먹고 심하게 체하면 다시 먹기 힘들어져...",
            "speaker": {
              "id": "1번",
              "sex": "여성",
              "age": "20대"
            },
            "speechAct": "(단언) 주장하기",
            "morpheme": "으/IC+ㅠㅠ/UNKNOWN+글/NNG+쿠나/XSA+EC+맞/VV+아/EC+먹/VV+고/EC+심하/VA+게/EC+체하/VX+면/EC+다시/MAG+먹/VV+기/ETN+힘들/VA+어/EC+져/VX+EF+./SY"
          },
          {
            "id": 22,
            "text": "1 : 흐물거리는 거 안 좋아하면 생새우는 안 먹겠네?",
            "norm_text": "흐물거리는 거 안 좋아하면 생새우는 안 먹겠네?",
            "speaker": {
              "id": "1번",
              "sex": "여성",
              "age": "20대"
            },
            "speechAct": "(지시) 질문하기",
            "morpheme": "흐물거리/VV+는/ETM+거/NNB+안/MAG+좋아하/VV+면/EC+생새우/NNG+는/JX+안/MAG+먹/VV+겠/EP+네/EF"
          },
          {
            "id": 23,
            "text": "2 : 새우를 생으로 먹나? 간장 새우는 먹는데~",
            "norm_text": "새우를 생으로 먹나? 간장 새우는 먹는데~",
            "speaker": {
              "id": "2번",
              "sex": "여성",
              "age": "30대"
            },
            "speechAct": "(단언) 주장하기",
            "morpheme": "새우/NNG+를/JKO+생/NNG+으로/JKB+먹/VV+나/EF+간장/NNG+새우/NNG+는/JX+먹/VV+는데/EC+~/SY"
          },
          {
            "id": 24,
            "text": "3 : 막 딱새우회 이런 거는 생으로도 먹던데!",
            "norm_text": "막 딱새우회 이런 거는 생으로도 먹던데!",
            "speaker": {
              "id": "3번",
              "sex": "여성",
              "age": "20대"
            },
            "speechAct": "(단언) 진술하기",
            "morpheme": "막/MAJ+딱/MAG+새/MM+우회/NNG+이런/MM+거/NNB+는/JX+생/NNG+으로/JKB+도/JX+먹/VV+던데/EF"
          },
          {
            "id": 25,
            "text": "3 : 근데 먹어본 사람들 말로는 엄청 탱탱하고 달다고 맛있대",
            "norm_text": "근데 먹어본 사람들 말로는 엄청 탱탱하고 달다고 맛있대",
            "speaker": {
              "id": "3번",
              "sex": "여성",
              "age": "20대"
            },
            "speechAct": "(단언) 진술하기",
            "morpheme": "근데/MAJ+먹/VV+어/EC+본/VX+ETM+사람/NNG+들/XSN+말/NNG+로/JKB+는/JX+엄청/MAG+탱탱/XR+하/XSA+고/EC+달/VX+다고/EC+맛있/VA+대/EC"
          },
          {
            "id": 26,
            "text": "3 : 간장 새우 먹을 정도면 회도 즐겨 할 듯 싶기도 하고?",
            "norm_text": "간장 새우 먹을 정도면 회도 즐겨 할 듯 싶기도 하고?",
            "speaker": {
              "id": "3번",
              "sex": "여성",
              "age": "20대"
            },
            "speechAct": "(단언) 주장하기",
            "morpheme": "간장/NNG+새우/NNG+먹/VV+을/ETM+정도/NNG+면회/NNG+도/JX+즐겨/VV+EC+할/VX+듯/EC+싶/VX+기/ETN+도/JX+하/VV+고/EC"
          },
          {
            "id": 27,
            "text": "1 : 웅웅 딱새우도 있고 독도 새우나 오도로? 라고 약간 까만 생새우도 있고 많아 하하 엄청 달아",
            "norm_text": "웅웅 딱새우도 있고 독도 새우나 오도로? 라고 약간 까만 생새우도 있고 많아 하하 엄청 달아",
            "speaker": {
              "id": "1번",
              "sex": "여성",
              "age": "20대"
            },
            "speechAct": "(단언) 진술하기",
            "morpheme": "웅웅/MAG+딱/MAG+새우/NNG+도/JX+있/VA+고/EC+독도/NNP+새우/NNG+나/JC+오도/NNG+로/JKB+?/SY+라고/JKQ+약간/MAG+까만/VA+ETM+생새우/NNG+도/JX+있/VA+고/EC+많/VA+아/EC+하하/MAG+엄청/MAG+달/VV+아/EC"
          },
          {
            "id": 28,
            "text": "1 : 오도로는 아마 이제 제철일 꺼야 선선해지면 ~!",
            "norm_text": "오도로는 아마 이제 제철일 꺼야 선선해지면 ~!",
            "speaker": {
              "id": "1번",
              "sex": "여성",
              "age": "20대"
            },
            "speechAct": "(단언) 진술하기",
            "morpheme": "오도/NNG+로/JKB+는/JX+아마/MAG+이제/MAG+제철/NNG+일/NR+꺼야/VV+EC+선선/NNG+해/XSV+EC+지/VX+면/EC+~/SY"
          },
          {
            "id": 29,
            "text": "2 : 오~ 산낙지 이런 것도 잘 먹어?",
            "norm_text": "오~ 산낙지 이런 것도 잘 먹어?",
            "speaker": {
              "id": "2번",
              "sex": "여성",
              "age": "30대"
            },
            "speechAct": "(지시) 질문하기",
            "morpheme": "오/NR+~/SY+산/NNG+낙지/NNG+이런/MM+것/NNB+도/JX+잘/MAG+먹/VV+어/EF"
          },
          {
            "id": 30,
            "text": "3 : 음... 타코 와사비 먹을 때 처음 먹어봤는데 뭐 괜찮기는 했어!",
            "norm_text": "음... 타코 와사비 먹을 때 처음 먹어봤는데 뭐 괜찮기는 했어!",
            "speaker": {
              "id": "3번",
              "sex": "여성",
              "age": "20대"
            },
            "speechAct": "(단언) 진술하기",
            "morpheme": "음/IC+./SY+./SY+타코/NNP+와사비/NNG+먹/VV+을/ETM+때/NNG+처음/NNG+먹/VV+어/EC+봤/VX+EP+는데/EC+뭐/IC+괜찮/VA+기/ETN+는/JX+했/VV+EP+어/EF"
          },
          {
            "id": 31,
            "text": "3 : 근데 좀 취했을 때 먹어서 기억이 안나 키키",
            "norm_text": "근데 좀 취했을 때 먹어서 기억이 안나 키키",
            "speaker": {
              "id": "3번",
              "sex": "여성",
              "age": "20대"
            },
            "speechAct": "(단언) 진술하기",
            "morpheme": "근데/MAJ+좀/MAG+취했/VV+EP+을/ETM+때/NNG+먹/VV+어서/EC+기억/NNG+이안나/NNP+키키/NNP"
          },
          {
            "id": 32,
            "text": "3 :  탕탕이나 이런 거는 본 적이 없네 ㅠㅠ",
            "norm_text": "탕탕이나 이런 거는 본 적이 없네 ㅠㅠ",
            "speaker": {
              "id": "3번",
              "sex": "여성",
              "age": "20대"
            },
            "speechAct": "(단언) 진술하기",
            "morpheme": "탕탕/MAG+이나/JX+이런/MM+거/NNB+는/JX+본/VX+ETM+적/NNB+이/JKS+없/VA+네/EF+ㅠㅠ/UNKNOWN"
          },
          {
            "id": 33,
            "text": "1 : 키키 기억이 안 난다니 키키 웃기당 언니는?",
            "norm_text": "키키 기억이 안 난다니 키키 웃기당 언니는?",
            "speaker": {
              "id": "1번",
              "sex": "여성",
              "age": "20대"
            },
            "speechAct": "(지시) 질문하기",
            "morpheme": "키/NNG+키/NNG+기억/NNG+이/JKS+안/MAG+난다/VV+EF+니/MM+키/NNG+키/XSV+ETN+웃/VV+기/ETN+당/XSN+언니/NNG+는/JX"
          },
          {
            "id": 34,
            "text": "1 : 난 산낙지도 잘 먹음 !",
            "norm_text": "난 산낙지도 잘 먹음 !",
            "speaker": {
              "id": "1번",
              "sex": "여성",
              "age": "20대"
            },
            "speechAct": "(단언) 주장하기",
            "morpheme": "난산/NNG+낙지/NNG+도/JX+잘/MAG+먹/VV+음/ETN"
          },
          {
            "id": 35,
            "text": "2 : 딱 한 번 먹어 봤는데 못 먹겠더라구 꿈틀꿈틀거려서 ㅠㅠ",
            "norm_text": "딱 한 번 먹어 봤는데 못 먹겠더라구 꿈틀꿈틀거려서 ㅠㅠ",
            "speaker": {
              "id": "2번",
              "sex": "여성",
              "age": "30대"
            },
            "speechAct": "(단언) 진술하기",
            "morpheme": "딱/MAG+한번/MAG+먹/VV+어/EC+봤/VX+EP+는데/EC+못/MAG+먹/VV+겠/EP+더라구/EF+꿈틀꿈틀/MAG+거려서/XSV+EC+ㅠㅠ/UNKNOWN"
          },
          {
            "id": 36,
            "text": "3 : 그럼 와사비 이런 거 좋아해?",
            "norm_text": "그럼 와사비 이런 거 좋아해?",
            "speaker": {
              "id": "3번",
              "sex": "여성",
              "age": "20대"
            },
            "speechAct": "(지시) 질문하기",
            "morpheme": "그럼/MAJ+와사비/NNP+이런/MM+거/NNB+좋/VA+아/EC+해/VX+EF"
          },
          {
            "id": 37,
            "text": "1 : 웅웅 나는 좋아해! 생와사비 이런 거~",
            "norm_text": "웅웅 나는 좋아해! 생와사비 이런 거~",
            "speaker": {
              "id": "1번",
              "sex": "여성",
              "age": "20대"
            },
            "speechAct": "(단언) 주장하기",
            "morpheme": "웅웅/MAG+나/NP+는/JX+좋/VA+아/EC+해/VX+EF+생/XPN+와사비/NNG+이런/MM+거/NNB+~/SY"
          },
          {
            "id": 38,
            "text": "2 : 나도 좋아하지~겨자도 좋아하고~",
            "norm_text": "나도 좋아하지~겨자도 좋아하고~",
            "speaker": {
              "id": "2번",
              "sex": "여성",
              "age": "30대"
            },
            "speechAct": "(단언) 주장하기",
            "morpheme": "나/NP+도/JX+좋/VA+아/EC+하/VV+지/EC+~/SY+겨자/NNG+도/JX+좋/VA+아/EC+하/VV+고/EC+~/SY"
          },
          {
            "id": 39,
            "text": "2 : 겨자 소스 집에서 만들어봤어?",
            "norm_text": "겨자 소스 집에서 만들어봤어?",
            "speaker": {
              "id": "2번",
              "sex": "여성",
              "age": "30대"
            },
            "speechAct": "(지시) 질문하기",
            "morpheme": "겨자/NNG+소스/NNG+집/NNG+에서/JKB+만들/VV+어/EC+봤/VX+EP+어/EF"
          },
          {
            "id": 40,
            "text": "3 : 오 만들 수 있는지조차 몰랐네!",
            "norm_text": "오 만들 수 있는지조차 몰랐네!",
            "speaker": {
              "id": "3번",
              "sex": "여성",
              "age": "20대"
            },
            "speechAct": "(단언) 주장하기",
            "morpheme": "오/NR+만들/VV+ETM+수/NNB+있/VV+는지/EC+조차/JX+몰랐/VV+EP+네/EF"
          }
        ]
      }
    }
  ]
}