{
  "dataset": {
    "identifier": 58313,
    "name": "BAND_33_04_set",
    "src_path": "/data/file/cubeManager/PROJECT001/53/txt20210928112329052585/BAND_33_04_set/",
    "label_path": "/data/file/cubeManager/PROJECT001/53/txt20210928112329052585/BAND_33_04_set/",
    "category": 2,
    "type": 0
  },
  "licenses": {
    "name": "Apache License 1.0",
    "url": "http://www.apache.org/licenses/LICENSE-1.0"
  },
  "info": [
    {
      "id": 35023,
      "filename": "BAND_33_04.txt",
      "title": "BAND_33_04",
      "mediatype": "SNS",
      "medianame": "네이버밴드",
      "category": "일상대화",
      "date": "2021-09-28",
      "size": 347,
      "annotations": {
        "subject": "회사/아르바이트",
        "speaker_type": "1:1",
        "size": 347,
        "word_size": 117,
        "text": "1 : 휴 너도 오늘 열일했지?\n2 : 맞아 오늘 혼나기도 많이 혼났어\n1 : 헐 무슨 일이야 말해줘!\n2 : 오늘 회사 지각을 해버렸거든\n1 : 헐 어쩌다가 지각을 했어!\n2 : 아침에 너무 촉박하게 나가서 ㅠ 지각했어\n1 : 오늘 늦잠을 잔 거야?\n2 : 늦잠은 아니구 늦장을 부렸어 키키\n1 : 그런데 윗 상사한테 걸린 거야?\n2 : 아마 내 생각엔 다른 팀에서 이른 거 같아 키키\n1 : 헐 어떤 사람인지 알아?\n2 : 대충 심증은 있는데 물증이 없네\n1 : 다음에 그 사람 지각하면 너도 똑같이 해!\n2 : 다른 팀 부장님이라서 그렇게는 못할 거 같아 키키\n1 : 아 쳐다도 볼 수 없는 사람이네 하하.\n2 : 키키 그치 꿇으라면 꿇어야지",
        "lines": [
          {
            "id": 1,
            "text": "1 : 휴 너도 오늘 열일했지?",
            "norm_text": "휴 너도 오늘 열일했지?",
            "speaker": {
              "id": "1번",
              "sex": "여성",
              "age": "20대"
            },
            "speechAct": "(지시) 질문하기",
            "morpheme": "휴/IC+너/NP+도/JX+오늘/MAG+열일/NNG+했/XSV+EP+지/EF"
          },
          {
            "id": 2,
            "text": "2 : 맞아 오늘 혼나기도 많이 혼났어",
            "norm_text": "맞아 오늘 혼나기도 많이 혼났어",
            "speaker": {
              "id": "2번",
              "sex": "남성",
              "age": "30대"
            },
            "speechAct": "(단언) 주장하기",
            "morpheme": "맞아/IC+오늘/MAG+혼나/VV+기/ETN+도/JX+많이/MAG+혼났/VV+EP+어/EC"
          },
          {
            "id": 3,
            "text": "1 : 헐 무슨 일이야 말해줘!",
            "norm_text": "헐 무슨 일이야 말해줘!",
            "speaker": {
              "id": "1번",
              "sex": "여성",
              "age": "20대"
            },
            "speechAct": "(지시) 부탁하기",
            "morpheme": "헐/IC+무슨/MM+일/NNG+이/VCP+야/EC+말/NNG+해/XSV+EC+줘/VX+EF"
          },
          {
            "id": 4,
            "text": "2 : 오늘 회사 지각을 해버렸거든",
            "norm_text": "오늘 회사 지각을 해버렸거든",
            "speaker": {
              "id": "2번",
              "sex": "남성",
              "age": "30대"
            },
            "speechAct": "(단언) 진술하기",
            "morpheme": "오늘/MAG+회사/NNG+지각/NNG+을/JKO+해/VV+EC+버렸/VX+EP+거든/EC"
          },
          {
            "id": 5,
            "text": "1 : 헐 어쩌다가 지각을 했어!",
            "norm_text": "헐 어쩌다가 지각을 했어!",
            "speaker": {
              "id": "1번",
              "sex": "여성",
              "age": "20대"
            },
            "speechAct": "(지시) 질문하기",
            "morpheme": "헐/IC+어쩌다가/MAG+지각/NNG+을/JKO+했/VV+EP+어/EF"
          },
          {
            "id": 6,
            "text": "2 : 아침에 너무 촉박하게 나가서 ㅠ 지각했어",
            "norm_text": "아침에 너무 촉박하게 나가서 ㅠ 지각했어",
            "speaker": {
              "id": "2번",
              "sex": "남성",
              "age": "30대"
            },
            "speechAct": "(단언) 주장하기",
            "morpheme": "아침/NNG+에/JKB+너무/MAG+촉박/NNG+하/XSV+게/EC+나가/VX+서/EC+ㅠ/UNKNOWN+지각/NNG+했/XSV+EP+어/EC"
          },
          {
            "id": 7,
            "text": "1 : 오늘 늦잠을 잔 거야?",
            "norm_text": "오늘 늦잠을 잔 거야?",
            "speaker": {
              "id": "1번",
              "sex": "여성",
              "age": "20대"
            },
            "speechAct": "(지시) 질문하기",
            "morpheme": "오늘/MAG+늦잠/NNG+을/JKO+잔/VV+ETM+거/NNB+야/VCP+EF"
          },
          {
            "id": 8,
            "text": "2 : 늦잠은 아니구 늦장을 부렸어 키키",
            "norm_text": "늦잠은 아니구 늦장을 부렸어 키키",
            "speaker": {
              "id": "2번",
              "sex": "남성",
              "age": "30대"
            },
            "speechAct": "(단언) 주장하기",
            "morpheme": "늦잠/NNG+은/JX+아니/VCN+구/EC+늦장/NNG+을/JKO+부렸/VV+EP+어/EC+키/NNG+키/XSV+ETN"
          },
          {
            "id": 9,
            "text": "1 : 그런데 윗 상사한테 걸린 거야?",
            "norm_text": "그런데 윗 상사한테 걸린 거야?",
            "speaker": {
              "id": "1번",
              "sex": "여성",
              "age": "20대"
            },
            "speechAct": "(지시) 질문하기",
            "morpheme": "그런데/MAJ+윗/MM+상사/NNG+한테/JKB+걸린/VV+ETM+거/NNB+야/VCP+EF"
          },
          {
            "id": 10,
            "text": "2 : 아마 내 생각엔 다른 팀에서 이른 거 같아 키키",
            "norm_text": "아마 내 생각엔 다른 팀에서 이른 거 같아 키키",
            "speaker": {
              "id": "2번",
              "sex": "남성",
              "age": "30대"
            },
            "speechAct": "(단언) 주장하기",
            "morpheme": "아마/MAG+내/NP+JKG+생각/NNG+엔/JKB+JX+다른/MM+팀/NNG+에서/JKB+이른/VA+ETM+거/NNB+같/VA+아/EC+키/NNG+키/XSV+ETN"
          },
          {
            "id": 11,
            "text": "1 : 헐 어떤 사람인지 알아?",
            "norm_text": "헐 어떤 사람인지 알아?",
            "speaker": {
              "id": "1번",
              "sex": "여성",
              "age": "20대"
            },
            "speechAct": "(지시) 질문하기",
            "morpheme": "헐/IC+어떤/MM+사람/NNG+인지/VCP+EC+알/VV+아/EF"
          },
          {
            "id": 12,
            "text": "2 : 대충 심증은 있는데 물증이 없네",
            "norm_text": "대충 심증은 있는데 물증이 없네",
            "speaker": {
              "id": "2번",
              "sex": "남성",
              "age": "30대"
            },
            "speechAct": "(단언) 주장하기",
            "morpheme": "대충/MAG+심증/NNG+은/JX+있/VA+는데/EC+물증/NNG+이/JKS+없/VA+네/EC"
          },
          {
            "id": 13,
            "text": "1 : 다음에 그 사람 지각하면 너도 똑같이 해!",
            "norm_text": "다음에 그 사람 지각하면 너도 똑같이 해!",
            "speaker": {
              "id": "1번",
              "sex": "여성",
              "age": "20대"
            },
            "speechAct": "(지시) 충고/제안하기",
            "morpheme": "다음/NNG+에/JKB+그/MM+사람/NNG+지각/NNG+하/XSV+면/EC+너/NP+도/JX+똑같이/MAG+해/VV+EF"
          },
          {
            "id": 14,
            "text": "2 : 다른 팀 부장님이라서 그렇게는 못할 거 같아 키키",
            "norm_text": "다른 팀 부장님이라서 그렇게는 못할 거 같아 키키",
            "speaker": {
              "id": "2번",
              "sex": "남성",
              "age": "30대"
            },
            "speechAct": "(단언) 주장하기",
            "morpheme": "다른/MM+팀/NNG+부장/NNG+님/XSN+이/VCP+라서/EC+그렇게/MAG+는/JX+못/MAG+할/VV+ETM+거/NNB+같/VA+아/EC+키/NNG+키/XSV+ETN"
          },
          {
            "id": 15,
            "text": "1 : 아 쳐다도 볼 수 없는 사람이네 하하.",
            "norm_text": "아 쳐다도 볼 수 없는 사람이네 하하.",
            "speaker": {
              "id": "1번",
              "sex": "여성",
              "age": "20대"
            },
            "speechAct": "(단언) 주장하기",
            "morpheme": "아/IC+쳐다/VV+EC+도/JX+볼/VV+ETM+수/NNB+없/VA+는/ETM+사람/NNG+이/VCP+네/EF+하하/IC"
          },
          {
            "id": 16,
            "text": "2 : 키키 그치 꿇으라면 꿇어야지",
            "norm_text": "키키 그치 꿇으라면 꿇어야지",
            "speaker": {
              "id": "2번",
              "sex": "남성",
              "age": "30대"
            },
            "speechAct": "(단언) 주장하기",
            "morpheme": "키/NNG+키/XSV+ETN+그치/IC+꿇/VV+으라면/EC+꿇/VV+어야지/EC"
          }
        ]
      }
    }
  ]
}