{
  "dataset": {
    "identifier": 51368,
    "name": "BAND_34_16_set",
    "src_path": "/data/file/cubeManager/PROJECT001/53/txt20210928113648003993/BAND_34_16_set/",
    "label_path": "/data/file/cubeManager/PROJECT001/53/txt20210928113648003993/BAND_34_16_set/",
    "category": 2,
    "type": 0
  },
  "licenses": {
    "name": "Apache License 1.0",
    "url": "http://www.apache.org/licenses/LICENSE-1.0"
  },
  "info": [
    {
      "id": 35475,
      "filename": "BAND_34_16.txt",
      "title": "BAND_34_16",
      "mediatype": "SNS",
      "medianame": "네이버밴드",
      "category": "일상대화",
      "date": "2021-09-28",
      "size": 385,
      "annotations": {
        "subject": "미용",
        "speaker_type": "1:1",
        "size": 385,
        "word_size": 137,
        "text": "1 : 오빠는 머리 깎는 주기가 어떻게 돼?\n2 : 나는 한 달에 한번 정도 되는 거 같아\n1 : 오빠 완전 곱슬 머리지?\n2 : 응 맞아 악성 곱슬이야 키키\n1 : 그러면 다운 펌 같은 거 무조건 하겠네?\n2 : 응 자주는 못하고 키키 해야 돼\n1 : 머리는 짧게 못 깎잖아 맞지?\n2 : 응 키키 곱슬이 심해서 조금 긴 게 더 나아\n1 : 파마는 안 해도 되겠다 돈 굳었네?\n2 : 키키 그러게 다운 펌 값이 더 나오긴 하지만 키키\n1 : 다운 펌 뭐 만 원밖에 안 하더만~\n2 : 남자 머리에 만원이면 충분히 비싸지\n1 : 키키 그건 그래 나 학생 때도 남자 머리는 오천 원이었어!\n2 : 동네 이발소 가면 사천 원도 가능해 키키\n1 : 진짜 찐 이발소겠다 거기는!\n2 : 그치 키키 하얀 가운 아저씨 있는 곳",
        "lines": [
          {
            "id": 1,
            "text": "1 : 오빠는 머리 깎는 주기가 어떻게 돼?",
            "norm_text": "오빠는 머리 깎는 주기가 어떻게 돼?",
            "speaker": {
              "id": "1번",
              "sex": "여성",
              "age": "20대"
            },
            "speechAct": "(지시) 질문하기",
            "morpheme": "오빠/NNG+는/JX+머리/NNG+깎/VV+는/ETM+주기/NNG+가/JKS+어떻게/MAG+돼/VV+EF"
          },
          {
            "id": 2,
            "text": "2 : 나는 한 달에 한번 정도 되는 거 같아",
            "norm_text": "나는 한 달에 한번 정도 되는 거 같아",
            "speaker": {
              "id": "2번",
              "sex": "남성",
              "age": "30대"
            },
            "speechAct": "(단언) 진술하기",
            "morpheme": "나/NP+는/JX+한/MM+달/NNG+에/JKB+한/MM+번/NNBC+정도/NNG+되/XSV+는/ETM+거/NNB+같/VA+아/EC"
          },
          {
            "id": 3,
            "text": "1 : 오빠 완전 곱슬 머리지?",
            "norm_text": "오빠 완전 곱슬 머리지?",
            "speaker": {
              "id": "1번",
              "sex": "여성",
              "age": "20대"
            },
            "speechAct": "(지시) 질문하기",
            "morpheme": "오빠/NNG+완전/NNG+곱슬머리/NNG+지/VCP+EF"
          },
          {
            "id": 4,
            "text": "2 : 응 맞아 악성 곱슬이야 키키",
            "norm_text": "응 맞아 악성 곱슬이야 키키",
            "speaker": {
              "id": "2번",
              "sex": "남성",
              "age": "30대"
            },
            "speechAct": "(단언) 진술하기",
            "morpheme": "응/IC+맞/VV+아/EC+악성/NNG+곱슬/MAG+이야/IC+키/NNG+키/XSV+ETN"
          },
          {
            "id": 5,
            "text": "1 : 그러면 다운 펌 같은 거 무조건 하겠네?",
            "norm_text": "그러면 다운 펌 같은 거 무조건 하겠네?",
            "speaker": {
              "id": "1번",
              "sex": "여성",
              "age": "20대"
            },
            "speechAct": "(지시) 질문하기",
            "morpheme": "그러면/MAJ+다운/XSA+ETM+펌/NNG+같/VA+은/ETM+거/NNB+무조건/MAG+하/VV+겠/EP+네/EF"
          },
          {
            "id": 6,
            "text": "2 : 응 자주는 못하고 키키 해야 돼",
            "norm_text": "응 자주는 못하고 키키 해야 돼",
            "speaker": {
              "id": "2번",
              "sex": "남성",
              "age": "30대"
            },
            "speechAct": "(단언) 진술하기",
            "morpheme": "응/IC+자주/MAG+는/JX+못하/VX+고/EC+키/NNG+키/NNG+해야/XSV+EC+돼/VV+EC"
          },
          {
            "id": 7,
            "text": "1 : 머리는 짧게 못 깎잖아 맞지?",
            "norm_text": "머리는 짧게 못 깎잖아 맞지?",
            "speaker": {
              "id": "1번",
              "sex": "여성",
              "age": "20대"
            },
            "speechAct": "(지시) 질문하기",
            "morpheme": "머리/NNG+는/JX+짧/VA+게/EC+못/MAG+깎/VV+잖아/EC+맞/VV+지/EF"
          },
          {
            "id": 8,
            "text": "2 : 응 키키 곱슬이 심해서 조금 긴 게 더 나아",
            "norm_text": "응 키키 곱슬이 심해서 조금 긴 게 더 나아",
            "speaker": {
              "id": "2번",
              "sex": "남성",
              "age": "30대"
            },
            "speechAct": "(단언) 주장하기",
            "morpheme": "응/IC+키/NNG+키/XSV+ETN+곱슬/MAG+이심/NNG+해서/XSV+EC+조금/MAG+긴/VA+ETM+게/NNB+JKS+더/MAG+나/VV+아/EC"
          },
          {
            "id": 9,
            "text": "1 : 파마는 안 해도 되겠다 돈 굳었네?",
            "norm_text": "파마는 안 해도 되겠다 돈 굳었네?",
            "speaker": {
              "id": "1번",
              "sex": "여성",
              "age": "20대"
            },
            "speechAct": "(단언) 주장하기",
            "morpheme": "파마/NNG+는/JX+안/MAG+해도/VV+EC+되/VV+겠/EP+다/EC+돈/NNG+굳/VA+었/EP+네/EF"
          },
          {
            "id": 10,
            "text": "2 : 키키 그러게 다운 펌 값이 더 나오긴 하지만 키키",
            "norm_text": "키키 그러게 다운 펌 값이 더 나오긴 하지만 키키",
            "speaker": {
              "id": "2번",
              "sex": "남성",
              "age": "30대"
            },
            "speechAct": "(단언) 진술하기",
            "morpheme": "키/NNG+키/XSV+ETN+그러/VV+게/EC+다운/NNG+펌/NNG+값/NNG+이/JKS+더/MAG+나오/VV+긴/ETN+JX+하/VX+지만/EC+키/NNG+키/XSV+ETN"
          },
          {
            "id": 11,
            "text": "1 : 다운 펌 뭐 만 원밖에 안 하더만~",
            "norm_text": "다운 펌 뭐 만 원밖에 안 하더만~",
            "speaker": {
              "id": "1번",
              "sex": "여성",
              "age": "20대"
            },
            "speechAct": "(단언) 진술하기",
            "morpheme": "다운/NNG+펌/NNG+뭐/IC+만/NR+원/NNBC+밖에/JX+안/MAG+하/VV+더만/EC+~/SY"
          },
          {
            "id": 12,
            "text": "2 : 남자 머리에 만원이면 충분히 비싸지",
            "norm_text": "남자 머리에 만원이면 충분히 비싸지",
            "speaker": {
              "id": "2번",
              "sex": "남성",
              "age": "30대"
            },
            "speechAct": "(단언) 주장하기",
            "morpheme": "남자/NNG+머리/NNG+에/JKB+만/NR+원/NNBC+이/VCP+면/EC+충분히/MAG+비싸/VA+지/EC"
          },
          {
            "id": 13,
            "text": "1 : 키키 그건 그래 나 학생 때도 남자 머리는 오천 원이었어!",
            "norm_text": "키키 그건 그래 나 학생 때도 남자 머리는 오천 원이었어!",
            "speaker": {
              "id": "1번",
              "sex": "여성",
              "age": "20대"
            },
            "speechAct": "(단언) 진술하기",
            "morpheme": "키/NNG+키/XSV+ETN+그건/NP+JX+그래/VA+EC+나/NP+학생/NNG+때/NNG+도/JX+남자/NNG+머리/NNG+는/JX+오/NR+천/NR+원/NNBC+이/VCP+었/EP+어/EF"
          },
          {
            "id": 14,
            "text": "2 : 동네 이발소 가면 사천 원도 가능해 키키",
            "norm_text": "동네 이발소 가면 사천 원도 가능해 키키",
            "speaker": {
              "id": "2번",
              "sex": "남성",
              "age": "30대"
            },
            "speechAct": "(단언) 주장하기",
            "morpheme": "동네/NNG+이발소/NNG+가/JKS+면사/NNG+천/NR+원/NNBC+도/JX+가능/NNG+해/XSV+EC+키/NNG+키/XSV+ETN"
          },
          {
            "id": 15,
            "text": "1 : 진짜 찐 이발소겠다 거기는!",
            "norm_text": "진짜 찐 이발소겠다 거기는!",
            "speaker": {
              "id": "1번",
              "sex": "여성",
              "age": "20대"
            },
            "speechAct": "(단언) 주장하기",
            "morpheme": "진짜/MAG+찐/VV+ETM+이발소/NNG+겠/VCP+EP+다/EF+거기/NP+는/JX"
          },
          {
            "id": 16,
            "text": "2 : 그치 키키 하얀 가운 아저씨 있는 곳",
            "norm_text": "그치 키키 하얀 가운 아저씨 있는 곳",
            "speaker": {
              "id": "2번",
              "sex": "남성",
              "age": "30대"
            },
            "speechAct": "(단언) 진술하기",
            "morpheme": "그치/IC+키/NNG+키/XSV+ETN+하얀/VA+ETM+가운/NNG+아저씨/NNG+있/VA+는/ETM+곳/NNG"
          }
        ]
      }
    }
  ]
}