{
  "dataset": {
    "identifier": 19920,
    "name": "BAND_23_13_set",
    "src_path": "/data/file/cubeManager/PROJECT001/49/txt20210915111041028375/BAND_23_13_set/",
    "label_path": "/data/file/cubeManager/PROJECT001/49/txt20210915111041028375/BAND_23_13_set/",
    "category": 2,
    "type": 0
  },
  "licenses": {
    "name": "Apache License 1.0",
    "url": "http://www.apache.org/licenses/LICENSE-1.0"
  },
  "info": [
    {
      "id": 25692,
      "filename": "BAND_23_13.txt",
      "title": "BAND_23_13",
      "mediatype": "SNS",
      "medianame": "네이버밴드",
      "category": "일상대화",
      "date": "2021-09-15",
      "size": 1531,
      "annotations": {
        "subject": "계절/날씨",
        "speaker_type": "1:1",
        "size": 1531,
        "word_size": 493,
        "text": "1 : 지난 겨울에 눈 진짜 많이 왔었던 거 알지?\n2 : 그랬나? 해마다 점점 더 눈도 많이 오고 엄청 덥고 비도 갑자기 많이 오고 해서~ 그냥 날씨가 진짜 이상해진다고만 생각하고 있는 거 같아\n2 : 눈이 되게 많이 왔었어?\n3 : 아 그... 막 갑자기 눈 엄청 와서 퇴근 길에 차 엄청 막히고 막 스키 타고 가고 그랬던 그게 작년 겨울이었나?\n1 : 웅웅 맞아! 갑자기 많이 쏟아져 가지고 ㅠㅠ\n1 : 이 근방 도로 다 난리 나고 사람들 막 도로에 차 두고 가고 다음 날 찾아가고 그랬음 키키\n2 : 아 그랬어? 스키 타고 집에 갔다고?\n3 : 웅웅 그래서 사람들이 막 도대체 저 분은 뭐하시는 분이길래 스키가 있는 거지 막 이러고 키키\n3 : 배달하시는 분들도 그낭 빨간 버스 타 계시는 사진도 올라오고 그랬다\n1 : 키키 그때는 난리였는데 지나고 보니까 웃김\n1 : 언니네 동네는 많이 안 왔었나 보네?\n2 : 그냥 장독대 위에 있는 눈 보면 많이 왔었나 보다 생각했었던 거 같아~\n2 : 다니는 길은 다 치워져 있으니까~\n2 : 근데 왜 난 기억이 안 나지? 키키\n3 : 근데 나도 그때는 그냥 집에서 밖혀 있었을 때라 잘 실감은 안 나는데 그때 하도 웃긴 사진들이 많았어서 생각이 난다 키키\n1 : 나는 그냥 눈 맞으려고 롱패딩 입고 집 앞에 나갔다 왔는데 막 썰매 갖고 나와서 아빠가 애기 끌어주고 그런 것도 봤어 키키\n2 : 생각만 해도 되게 평화로워 보이는데~실상은 아주 힘들었겠다.\n2 : 출퇴근 길 어쩔 거야~ 얘기만 들었지만 태풍 와서 고속도로에 막 갇혀있고 제주도 비행기 결항되고 그런 사람들 있던데 경험해 본 적 있어?\n3 : 덜덜 아니... 다행히 그런 적은 없다 ㅠㅠ\n3 : 그나마 외국에서 비행기 결함 문제로 결항된 것은 있는데 한국에서는 날씨 때문에 그런 적은 없어!\n1 : 나두 그런 적 없어~\n1 : 원래 비 오는 건 괜찮은데 바람이 많이 불면 비행기가 못 뜨는 거지?\n2 : 바람이랑 번개도 안 되지 않나?\n3 : 그 시야 확보도 좀 관련 있지 않을까?\n1 : 아 번개도 안 되긴 하겠다... 그치 시야 확보가 중요할 듯 !\n1 : 배 타고 가야 되는 섬도 날씨 영향 많이 받잖아\n2 : 날씨 안 좋을 때 배 타 본 적  있어?\n2 : 난 관광으로 호수나 강에서만 타 본 거 같아 음... 기억에 없는 거 같은데\n3 : 난 배 자체를 막 엄청 탄 적은 없었던 것 같아!\n3  :무서울 것 같은데...?\n1 : 맞아 나는 배 무서워...\n1 : 그래도 잠깐씩 바다에서 탔던 적은 있어!\n1 : 배 타고 어디 가는 거는 못할 듯 ㅠㅠ\n2 : 우린 크루즈 여행 다 못 하겠네 키키\n2 : 울릉도에서 독도만 넘어가려고 해도 날씨 영향 엄청  받아서 못 들어가는 때 되게 많대~\n3 : 근데 크루즈는 진짜 크니까 날씨 영향 거의 안 받을 듯!\n1 : 그건 그래! 그래도 나는 크루즈 여행에 대한 로망은 없어 ㅠㅠ\n1 : 타이타닉도 생각나고 무섭...\n2 : 어른들은 많이들 가시더라~ 좋긴 좋더만 진짜 배가 크니까 거의 안 흔들리고 좋대 그래도 예민한 사람은 느끼겠지? 날씨 따라서 배 흔들릴 때~ㅠㅠ\n3 : 무셔 무셔 진짜 날씨는 아무도 모르는 거니까 더 무서운 것 같아",
        "lines": [
          {
            "id": 1,
            "text": "1 : 지난 겨울에 눈 진짜 많이 왔었던 거 알지?",
            "norm_text": "지난 겨울에 눈 진짜 많이 왔었던 거 알지?",
            "speaker": {
              "id": "1번",
              "sex": "여성",
              "age": "20대"
            },
            "speechAct": "(지시) 질문하기",
            "morpheme": "지난/VV+ETM+겨울/NNG+에/JKB+눈/NNG+진짜/MAG+많이/MAG+왔었/VV+EP+던/ETM+거/NNB+알/VV+지/EF"
          },
          {
            "id": 2,
            "text": "2 : 그랬나? 해마다 점점 더 눈도 많이 오고 엄청 덥고 비도 갑자기 많이 오고 해서~ 그냥 날씨가 진짜 이상해진다고만 생각하고 있는 거 같아",
            "norm_text": "그랬나? 해마다 점점 더 눈도 많이 오고 엄청 덥고 비도 갑자기 많이 오고 해서~ 그냥 날씨가 진짜 이상해진다고만 생각하고 있는 거 같아",
            "speaker": {
              "id": "2번",
              "sex": "여성",
              "age": "30대"
            },
            "speechAct": "(단언) 주장하기",
            "morpheme": "그랬/VV+EP+나/EF+해/NNG+마다/JX+점점/MAG+더/MAG+눈/NNG+도/JX+많이/MAG+오/VV+고/EC+엄청/MAG+덥/VA+고/EC+비/NNG+도/JX+갑자기/MAG+많이/MAG+오/VV+고/EC+해서/VV+EC+~/SY+그냥/MAG+날씨/NNG+가/JKS+진짜/MAG+이상/NNG+해진다고/XSV+EC+VX+EC+만/JX+생각/NNG+하/XSV+고/EC+있/VX+는/ETM+거/NNB+같/VA+아/EC"
          },
          {
            "id": 3,
            "text": "2 : 눈이 되게 많이 왔었어?",
            "norm_text": "눈이 되게 많이 왔었어?",
            "speaker": {
              "id": "2번",
              "sex": "여성",
              "age": "30대"
            },
            "speechAct": "(지시) 질문하기",
            "morpheme": "눈/NNG+이/JKS+되게/MAG+많이/MAG+왔었/VV+EP+어/EF"
          },
          {
            "id": 4,
            "text": "3 : 아 그... 막 갑자기 눈 엄청 와서 퇴근 길에 차 엄청 막히고 막 스키 타고 가고 그랬던 그게 작년 겨울이었나?",
            "norm_text": "아 그... 막 갑자기 눈 엄청 와서 퇴근 길에 차 엄청 막히고 막 스키 타고 가고 그랬던 그게 작년 겨울이었나?",
            "speaker": {
              "id": "3번",
              "sex": "여성",
              "age": "20대"
            },
            "speechAct": "(지시) 질문하기",
            "morpheme": "아/IC+그/IC+./SY+막/IC+갑자기/MAG+눈/NNG+엄청/MAG+와서/VV+EC+퇴근길/NNG+에/JKB+차/NNG+엄청/MAG+막히/VV+고/EC+막스/NNG+키/XSV+ETN+타/VV+고/EC+가/VX+고/EC+그랬/VV+EP+던/ETM+그게/NP+JKS+작년/NNG+겨울/NNG+이/VCP+었/EP+나/EF"
          },
          {
            "id": 5,
            "text": "1 : 웅웅 맞아! 갑자기 많이 쏟아져 가지고 ㅠㅠ",
            "norm_text": "웅웅 맞아! 갑자기 많이 쏟아져 가지고 ㅠㅠ",
            "speaker": {
              "id": "1번",
              "sex": "여성",
              "age": "20대"
            },
            "speechAct": "(단언) 진술하기",
            "morpheme": "웅웅/MAG+맞/VV+아/EF+갑자기/MAG+많이/MAG+쏟아져/VV+EC+가지/VX+고/EC+ㅠㅠ/UNKNOWN"
          },
          {
            "id": 6,
            "text": "1 : 이 근방 도로 다 난리 나고 사람들 막 도로에 차 두고 가고 다음 날 찾아가고 그랬음 키키",
            "norm_text": "이 근방 도로 다 난리 나고 사람들 막 도로에 차 두고 가고 다음 날 찾아가고 그랬음 키키",
            "speaker": {
              "id": "1번",
              "sex": "여성",
              "age": "20대"
            },
            "speechAct": "(단언) 진술하기",
            "morpheme": "이/MM+근방/NNG+도로/NNG+다/MAG+난리나/VV+고/EC+사람/NNG+들/XSN+막/NNG+도로/NNG+에/JKB+차/VV+EC+두/VX+고/EC+가/VX+고/EC+다음/NNG+날/NNG+찾아가/VV+고/EC+그랬음/VA+EP+EC+키/NNG+키/XSV+ETN"
          },
          {
            "id": 7,
            "text": "2 : 아 그랬어? 스키 타고 집에 갔다고?",
            "norm_text": "아 그랬어? 스키 타고 집에 갔다고?",
            "speaker": {
              "id": "2번",
              "sex": "여성",
              "age": "30대"
            },
            "speechAct": "(지시) 질문하기",
            "morpheme": "아/IC+그랬/VV+EP+어/EF+스키타/NNP+고집/NNG+에/JKB+갔/VV+EP+다고/EF"
          },
          {
            "id": 8,
            "text": "3 : 웅웅 그래서 사람들이 막 도대체 저 분은 뭐하시는 분이길래 스키가 있는 거지 막 이러고 키키",
            "norm_text": "웅웅 그래서 사람들이 막 도대체 저 분은 뭐하시는 분이길래 스키가 있는 거지 막 이러고 키키",
            "speaker": {
              "id": "3번",
              "sex": "여성",
              "age": "20대"
            },
            "speechAct": "(단언) 진술하기",
            "morpheme": "웅웅/MAG+그래서/MAJ+사람/NNG+들/XSN+이/JKS+막/MAJ+도대체/MAG+저/MM+분/NNB+은/JX+뭐/IC+하/VV+시/EP+는/ETM+분/NNB+이/VCP+길래/EC+스키/NNG+가/JKS+있/VA+는/ETM+거/NNB+지/VCP+EF+막/MAJ+이러/VV+고/EC+키/NNG+키/XSV+ETN"
          },
          {
            "id": 9,
            "text": "3 : 배달하시는 분들도 그낭 빨간 버스 타 계시는 사진도 올라오고 그랬다",
            "norm_text": "배달하시는 분들도 그낭 빨간 버스 타 계시는 사진도 올라오고 그랬다",
            "speaker": {
              "id": "3번",
              "sex": "여성",
              "age": "20대"
            },
            "speechAct": "(단언) 진술하기",
            "morpheme": "배달/NNG+하/XSV+시/EP+는/ETM+분/NNB+들/XSN+도/JX+그/MM+낭/NNG+빨간/VA+ETM+버스/NNG+타/XSV+EC+계시/VX+는/ETM+사진/NNG+도/JX+올라오/VV+고/EC+그랬/VV+EP+다/EC"
          },
          {
            "id": 10,
            "text": "1 : 키키 그때는 난리였는데 지나고 보니까 웃김",
            "norm_text": "키키 그때는 난리였는데 지나고 보니까 웃김",
            "speaker": {
              "id": "1번",
              "sex": "여성",
              "age": "20대"
            },
            "speechAct": "(단언) 주장하기",
            "morpheme": "키/NNG+키/NNG+그때/NNG+는/JX+난리/NNG+였/VCP+EP+는데/EC+지나/VV+고/EC+보/VX+니까/EC+웃김/UNKNOWN"
          },
          {
            "id": 11,
            "text": "1 : 언니네 동네는 많이 안 왔었나 보네?",
            "norm_text": "언니네 동네는 많이 안 왔었나 보네?",
            "speaker": {
              "id": "1번",
              "sex": "여성",
              "age": "20대"
            },
            "speechAct": "(지시) 질문하기",
            "morpheme": "언니네/NNP+동네/NNG+는/JX+많이/MAG+안/MAG+왔었/VV+EP+나/EC+보/VX+네/EF"
          },
          {
            "id": 12,
            "text": "2 : 그냥 장독대 위에 있는 눈 보면 많이 왔었나 보다 생각했었던 거 같아~",
            "norm_text": "그냥 장독대 위에 있는 눈 보면 많이 왔었나 보다 생각했었던 거 같아~",
            "speaker": {
              "id": "2번",
              "sex": "여성",
              "age": "30대"
            },
            "speechAct": "(단언) 주장하기",
            "morpheme": "그냥/MAG+장독대/NNG+위/NNG+에/JKB+있/VV+는/ETM+눈/NNG+보/VV+면/EC+많이/MAG+왔었/VV+EP+나/NP+보다/JKB+생각/NNG+했었/XSV+EP+던/ETM+거/NNB+같/VA+아/EC+~/SY"
          },
          {
            "id": 13,
            "text": "2 : 다니는 길은 다 치워져 있으니까~",
            "norm_text": "다니는 길은 다 치워져 있으니까~",
            "speaker": {
              "id": "2번",
              "sex": "여성",
              "age": "30대"
            },
            "speechAct": "(단언) 주장하기",
            "morpheme": "다니/VV+는/ETM+길/NNG+은/JX+다/MAG+치워져/VV+EC+VX+EC+있/VX+으니까/EC+~/SY"
          },
          {
            "id": 14,
            "text": "2 : 근데 왜 난 기억이 안 나지? 키키",
            "norm_text": "근데 왜 난 기억이 안 나지? 키키",
            "speaker": {
              "id": "2번",
              "sex": "여성",
              "age": "30대"
            },
            "speechAct": "(단언) 주장하기",
            "morpheme": "근데/MAJ+왜/MAG+난/NP+JX+기억/NNG+이/JKS+안/MAG+나/VV+지/EF+키/NNG+키/XSV+ETN"
          },
          {
            "id": 15,
            "text": "3 : 근데 나도 그때는 그냥 집에서 밖혀 있었을 때라 잘 실감은 안 나는데 그때 하도 웃긴 사진들이 많았어서 생각이 난다 키키",
            "norm_text": "근데 나도 그때는 그냥 집에서 밖혀 있었을 때라 잘 실감은 안 나는데 그때 하도 웃긴 사진들이 많았어서 생각이 난다 키키",
            "speaker": {
              "id": "3번",
              "sex": "여성",
              "age": "20대"
            },
            "speechAct": "(단언) 주장하기",
            "morpheme": "근데/MAJ+나/NP+도/JX+그때/NNG+는/JX+그냥/MAG+집/NNG+에서/JKB+밖/NNG+혀/XSV+EC+있/VX+었/EP+을/ETM+때/NNG+라/VCP+EC+잘/MAG+실감/NNG+은/JX+안/MAG+나/VV+는데/EC+그때/NNG+하도/MAG+웃긴/VV+ETM+사진/NNG+들/XSN+이/JKS+많/VA+았/EP+어서/EC+생각/NNG+이/JKS+난/NP+JX+다키키/NNP"
          },
          {
            "id": 16,
            "text": "1 : 나는 그냥 눈 맞으려고 롱패딩 입고 집 앞에 나갔다 왔는데 막 썰매 갖고 나와서 아빠가 애기 끌어주고 그런 것도 봤어 키키",
            "norm_text": "나는 그냥 눈 맞으려고 롱패딩 입고 집 앞에 나갔다 왔는데 막 썰매 갖고 나와서 아빠가 애기 끌어주고 그런 것도 봤어 키키",
            "speaker": {
              "id": "1번",
              "sex": "여성",
              "age": "20대"
            },
            "speechAct": "(단언) 진술하기",
            "morpheme": "나/NP+는/JX+그냥/MAG+눈/NNG+맞/VV+으려고/EC+롱/NNG+패딩/NNG+입/VV+고/EC+집/NNG+앞/NNG+에/JKB+나갔/VV+EP+다/EC+왔/VX+EP+는데/EC+막/NNG+썰매/NNG+갖/VV+고/EC+나와서/VV+EC+아빠/NNG+가/JKS+애기/NNG+끌/VV+어/EC+주/VX+고/EC+그런/MM+것/NNB+도/JX+봤/VV+EP+어/EC+키/NNG+키/XSV+ETN"
          },
          {
            "id": 17,
            "text": "2 : 생각만 해도 되게 평화로워 보이는데~실상은 아주 힘들었겠다.",
            "norm_text": "생각만 해도 되게 평화로워 보이는데~실상은 아주 힘들었겠다.",
            "speaker": {
              "id": "2번",
              "sex": "여성",
              "age": "30대"
            },
            "speechAct": "(단언) 주장하기",
            "morpheme": "생각/NNG+만/JX+해도/VV+EC+되게/MAG+평화/NNG+로워/XSA+EC+보이/VV+는데/EC+~/SY+실상/NNG+은/JX+아주/MAG+힘들/VA+었/EP+겠/EP+다/EF"
          },
          {
            "id": 18,
            "text": "2 : 출퇴근 길 어쩔 거야~ 얘기만 들었지만 태풍 와서 고속도로에 막 갇혀있고 제주도 비행기 결항되고 그런 사람들 있던데 경험해 본 적 있어?",
            "norm_text": "출퇴근 길 어쩔 거야~ 얘기만 들었지만 태풍 와서 고속도로에 막 갇혀있고 제주도 비행기 결항되고 그런 사람들 있던데 경험해 본 적 있어?",
            "speaker": {
              "id": "2번",
              "sex": "여성",
              "age": "30대"
            },
            "speechAct": "(지시) 질문하기",
            "morpheme": "출퇴근길/NNG+어쩔/VV+ETM+거/NNB+야/VCP+EF+~/SY+얘기/NNG+만들/VV+었/EP+지만/EC+태풍/NNG+와서/VV+EC+고속/NNG+도로/NNG+에/JKB+막/NNG+갇혀/VV+EC+있/VX+고/EC+제주도/NNP+비행기/NNG+결항/NNG+되/XSV+고/EC+그런/MM+사람/NNG+들/XSN+있/VA+던데/EC+경험/NNG+해/XSV+EC+본/VX+ETM+적/NNB+있/VA+어/EF"
          },
          {
            "id": 19,
            "text": "3 : 덜덜 아니... 다행히 그런 적은 없다 ㅠㅠ",
            "norm_text": "덜덜 아니... 다행히 그런 적은 없다 ㅠㅠ",
            "speaker": {
              "id": "3번",
              "sex": "여성",
              "age": "20대"
            },
            "speechAct": "(단언) 진술하기",
            "morpheme": "덜/MAG+덜/MAG+아니/IC+./SY+다행히/MAG+그런/MM+적/VA+은/ETM+없/VA+다/EF+ㅠㅠ/UNKNOWN"
          },
          {
            "id": 20,
            "text": "3 : 그나마 외국에서 비행기 결함 문제로 결항된 것은 있는데 한국에서는 날씨 때문에 그런 적은 없어!",
            "norm_text": "그나마 외국에서 비행기 결함 문제로 결항된 것은 있는데 한국에서는 날씨 때문에 그런 적은 없어!",
            "speaker": {
              "id": "3번",
              "sex": "여성",
              "age": "20대"
            },
            "speechAct": "(단언) 진술하기",
            "morpheme": "그나마/MAG+외국/NNG+에서/JKB+비행기/NNG+결함/NNG+문제/NNG+로/JKB+결항/NNG+된/XSV+ETM+것/NNB+은/JX+있/VA+는데/EC+한국/NNP+에서/JKB+는/JX+날씨/NNG+때문/NNB+에/JKB+그런/MM+적/VA+은/ETM+없/VA+어/EF"
          },
          {
            "id": 21,
            "text": "1 : 나두 그런 적 없어~",
            "norm_text": "나두 그런 적 없어~",
            "speaker": {
              "id": "1번",
              "sex": "여성",
              "age": "20대"
            },
            "speechAct": "(단언) 진술하기",
            "morpheme": "나/NP+두/JX+그런/VA+ETM+적/NNB+없/VA+어/EC+~/SY"
          },
          {
            "id": 22,
            "text": "1 : 원래 비 오는 건 괜찮은데 바람이 많이 불면 비행기가 못 뜨는 거지?",
            "norm_text": "원래 비 오는 건 괜찮은데 바람이 많이 불면 비행기가 못 뜨는 거지?",
            "speaker": {
              "id": "1번",
              "sex": "여성",
              "age": "20대"
            },
            "speechAct": "(지시) 질문하기",
            "morpheme": "원래/MAG+비오/VV+는/ETM+건/NNB+JX+괜찮/VA+은데/EC+바람/NNG+이/JKS+많이/MAG+불면/NNG+비행기/NNG+가/JKS+못/MAG+뜨/VV+는/ETM+거/NNB+지/VCP+EF"
          },
          {
            "id": 23,
            "text": "2 : 바람이랑 번개도 안 되지 않나?",
            "norm_text": "바람이랑 번개도 안 되지 않나?",
            "speaker": {
              "id": "2번",
              "sex": "여성",
              "age": "30대"
            },
            "speechAct": "(단언) 주장하기",
            "morpheme": "바람/NNG+이랑/JKB+번개/NNG+도/JX+안/MAG+되/VV+지/EC+않/VX+나/EF"
          },
          {
            "id": 24,
            "text": "3 : 그 시야 확보도 좀 관련 있지 않을까?",
            "norm_text": "그 시야 확보도 좀 관련 있지 않을까?",
            "speaker": {
              "id": "3번",
              "sex": "여성",
              "age": "20대"
            },
            "speechAct": "(단언) 주장하기",
            "morpheme": "그/MM+시야/NNG+확보/NNG+도/JX+좀/MAG+관련/NNG+있/VV+지/EC+않/VX+을까/EF"
          },
          {
            "id": 25,
            "text": "1 : 아 번개도 안 되긴 하겠다... 그치 시야 확보가 중요할 듯 !",
            "norm_text": "아 번개도 안 되긴 하겠다... 그치 시야 확보가 중요할 듯 !",
            "speaker": {
              "id": "1번",
              "sex": "여성",
              "age": "20대"
            },
            "speechAct": "(단언) 주장하기",
            "morpheme": "아/IC+번개/NNG+도/JX+안/MAG+되/VV+긴/ETN+JX+하/VX+겠/EP+다/EF+./SY+그치/IC+시야/NNG+확보/NNG+가/JKS+중요/NNG+할/XSV+ETM+듯/NNB"
          },
          {
            "id": 26,
            "text": "1 : 배 타고 가야 되는 섬도 날씨 영향 많이 받잖아",
            "norm_text": "배 타고 가야 되는 섬도 날씨 영향 많이 받잖아",
            "speaker": {
              "id": "1번",
              "sex": "여성",
              "age": "20대"
            },
            "speechAct": "(단언) 주장하기",
            "morpheme": "배/NNG+타/VV+고/EC+가/VX+야/EC+되/VV+는/ETM+섬/NNG+도/JX+날씨/NNG+영향/NNG+많이/MAG+받/VV+잖아/EC"
          },
          {
            "id": 27,
            "text": "2 : 날씨 안 좋을 때 배 타 본 적  있어?",
            "norm_text": "날씨 안 좋을 때 배 타 본 적  있어?",
            "speaker": {
              "id": "2번",
              "sex": "여성",
              "age": "30대"
            },
            "speechAct": "(지시) 질문하기",
            "morpheme": "날씨/NNG+안/MAG+좋/VA+을/ETM+때/NNG+배/NNG+타/XSV+EC+본/VX+ETM+적/NNB+있/VA+어/EF"
          },
          {
            "id": 28,
            "text": "2 : 난 관광으로 호수나 강에서만 타 본 거 같아 음... 기억에 없는 거 같은데",
            "norm_text": "난 관광으로 호수나 강에서만 타 본 거 같아 음... 기억에 없는 거 같은데",
            "speaker": {
              "id": "2번",
              "sex": "여성",
              "age": "30대"
            },
            "speechAct": "(단언) 주장하기",
            "morpheme": "난/NP+JX+관광/NNG+으로/JKB+호수/NNG+나강/NNP+에서/JKB+만/JX+타/VV+본/EC+VX+ETM+거/NNB+같/VA+아/EC+음/IC+./SY+기억/NNG+에/JKB+없/VA+는/ETM+거/NNB+같/VA+은데/EC"
          },
          {
            "id": 29,
            "text": "3 : 난 배 자체를 막 엄청 탄 적은 없었던 것 같아!",
            "norm_text": "난 배 자체를 막 엄청 탄 적은 없었던 것 같아!",
            "speaker": {
              "id": "3번",
              "sex": "여성",
              "age": "20대"
            },
            "speechAct": "(단언) 주장하기",
            "morpheme": "난/NP+JX+배/NNG+자체/NNG+를/JKO+막/MAJ+엄청/MAG+탄/VV+ETM+적/NNB+은/JX+없/VA+었/EP+던/ETM+것/NNB+같/VA+아/EF"
          },
          {
            "id": 30,
            "text": "3  :무서울 것 같은데...?",
            "norm_text": ":무서울 것 같은데...?",
            "speaker": {
              "id": "3번",
              "sex": "여성",
              "age": "20대"
            },
            "speechAct": "(단언) 주장하기",
            "morpheme": ":/SC+무서울/VA+ETM+것/NNB+같/VA+은데/EF+./SY+./SY"
          },
          {
            "id": 31,
            "text": "1 : 맞아 나는 배 무서워...",
            "norm_text": "맞아 나는 배 무서워...",
            "speaker": {
              "id": "1번",
              "sex": "여성",
              "age": "20대"
            },
            "speechAct": "(단언) 주장하기",
            "morpheme": "맞/VV+아/EC+나/NP+는/JX+배/NNG+무서워/VA+EF+./SY"
          },
          {
            "id": 32,
            "text": "1 : 그래도 잠깐씩 바다에서 탔던 적은 있어!",
            "norm_text": "그래도 잠깐씩 바다에서 탔던 적은 있어!",
            "speaker": {
              "id": "1번",
              "sex": "여성",
              "age": "20대"
            },
            "speechAct": "(단언) 진술하기",
            "morpheme": "그래도/MAJ+잠깐/MAG+씩/XSN+바다/NNG+에서/JKB+탔/VV+EP+던/ETM+적/NNB+은/JX+있/VA+어/EF"
          },
          {
            "id": 33,
            "text": "1 : 배 타고 어디 가는 거는 못할 듯 ㅠㅠ",
            "norm_text": "배 타고 어디 가는 거는 못할 듯 ㅠㅠ",
            "speaker": {
              "id": "1번",
              "sex": "여성",
              "age": "20대"
            },
            "speechAct": "(단언) 주장하기",
            "morpheme": "배/NNG+타/VV+고/EC+어디/NP+가/VV+는/ETM+거/NNB+는/JX+못/MAG+할/VV+ETM+듯/NNB+ㅠㅠ/UNKNOWN"
          },
          {
            "id": 34,
            "text": "2 : 우린 크루즈 여행 다 못 하겠네 키키",
            "norm_text": "우린 크루즈 여행 다 못 하겠네 키키",
            "speaker": {
              "id": "2번",
              "sex": "여성",
              "age": "30대"
            },
            "speechAct": "(단언) 주장하기",
            "morpheme": "우린/NP+JX+크루즈/NNP+여행/NNG+다/MAG+못/MAG+하/VV+겠/EP+네/EF+키/NNG+키/XSV+ETN"
          },
          {
            "id": 35,
            "text": "2 : 울릉도에서 독도만 넘어가려고 해도 날씨 영향 엄청  받아서 못 들어가는 때 되게 많대~",
            "norm_text": "울릉도에서 독도만 넘어가려고 해도 날씨 영향 엄청  받아서 못 들어가는 때 되게 많대~",
            "speaker": {
              "id": "2번",
              "sex": "여성",
              "age": "30대"
            },
            "speechAct": "(단언) 진술하기",
            "morpheme": "울릉도/NNP+에서/JKB+독도/NNP+만/JX+넘어가/VV+려고/EC+해도/VV+EC+날씨/NNG+영향/NNG+엄청/MAG+받/VV+아서/EC+못/MAG+들어가/VV+는/ETM+때/NNG+되게/MAG+많/VA+대/EF+~/SY"
          },
          {
            "id": 36,
            "text": "3 : 근데 크루즈는 진짜 크니까 날씨 영향 거의 안 받을 듯!",
            "norm_text": "근데 크루즈는 진짜 크니까 날씨 영향 거의 안 받을 듯!",
            "speaker": {
              "id": "3번",
              "sex": "여성",
              "age": "20대"
            },
            "speechAct": "(단언) 주장하기",
            "morpheme": "근데/MAJ+크루즈/NNP+는/JX+진짜/MAG+크/VA+니까/EC+날씨/NNG+영향/NNG+거의/MAG+안/MAG+받/VV+을/ETM+듯/NNB"
          },
          {
            "id": 37,
            "text": "1 : 그건 그래! 그래도 나는 크루즈 여행에 대한 로망은 없어 ㅠㅠ",
            "norm_text": "그건 그래! 그래도 나는 크루즈 여행에 대한 로망은 없어 ㅠㅠ",
            "speaker": {
              "id": "1번",
              "sex": "여성",
              "age": "20대"
            },
            "speechAct": "(단언) 주장하기",
            "morpheme": "그건/NP+JX+그래/VA+EF+그래도/MAJ+나/NP+는/JX+크루즈/NNP+여행/NNG+에/JKB+대한/VV+ETM+로망/NNG+은/JX+없/VA+어/EC+ㅠㅠ/UNKNOWN"
          },
          {
            "id": 38,
            "text": "1 : 타이타닉도 생각나고 무섭...",
            "norm_text": "타이타닉도 생각나고 무섭...",
            "speaker": {
              "id": "1번",
              "sex": "여성",
              "age": "20대"
            },
            "speechAct": "(단언) 주장하기",
            "morpheme": "타이타닉/NNP+도/JX+생각나/VV+고/EC+무섭/VA+./SY"
          },
          {
            "id": 39,
            "text": "2 : 어른들은 많이들 가시더라~ 좋긴 좋더만 진짜 배가 크니까 거의 안 흔들리고 좋대 그래도 예민한 사람은 느끼겠지? 날씨 따라서 배 흔들릴 때~ㅠㅠ",
            "norm_text": "어른들은 많이들 가시더라~ 좋긴 좋더만 진짜 배가 크니까 거의 안 흔들리고 좋대 그래도 예민한 사람은 느끼겠지? 날씨 따라서 배 흔들릴 때~ㅠㅠ",
            "speaker": {
              "id": "2번",
              "sex": "여성",
              "age": "30대"
            },
            "speechAct": "(단언) 주장하기",
            "morpheme": "어른/NNG+들/XSN+은/JX+많이/MAG+들/XSN+가/VV+시/EP+더라/EC+~/SY+좋/VA+긴/ETN+JX+좋/VA+더만/EF+진짜/MAG+배/NNG+가/JKS+크/VA+니까/EC+거의/MAG+안/MAG+흔들리/VV+고/EC+좋/VA+대/EF+그래도/MAJ+예민/XR+한/XSA+ETM+사람/NNG+은/JX+느끼/VV+겠/EP+지/EF+날씨/NNG+따라서/MAJ+배/NNG+흔들릴/VV+ETM+때/NNG+~/SY+ㅠㅠ/UNKNOWN"
          },
          {
            "id": 40,
            "text": "3 : 무셔 무셔 진짜 날씨는 아무도 모르는 거니까 더 무서운 것 같아",
            "norm_text": "무셔 무셔 진짜 날씨는 아무도 모르는 거니까 더 무서운 것 같아",
            "speaker": {
              "id": "3번",
              "sex": "여성",
              "age": "20대"
            },
            "speechAct": "(단언) 주장하기",
            "morpheme": "무/XPN+셔/NNG+무/XSN+셔/VCP+EP+EF+진짜/MAG+날씨/NNG+는/JX+아무/NP+도/JX+모르/VV+는/ETM+거/NNB+니까/VCP+EC+더/MAG+무서운/VA+ETM+것/NNB+같/VA+아/EC"
          }
        ]
      }
    }
  ]
}