{
  "dataset": {
    "identifier": 68204,
    "name": "BAND_36_16_set",
    "src_path": "/data/file/cubeManager/PROJECT001/53/txt20211006142823075481/BAND_36_16_set/",
    "label_path": "/data/file/cubeManager/PROJECT001/53/txt20211006142823075481/BAND_36_16_set/",
    "category": 2,
    "type": 0
  },
  "licenses": {
    "name": "Apache License 1.0",
    "url": "http://www.apache.org/licenses/LICENSE-1.0"
  },
  "info": [
    {
      "id": 45668,
      "filename": "BAND_36_16.txt",
      "title": "BAND_36_16",
      "mediatype": "SNS",
      "medianame": "네이버밴드",
      "category": "일상대화",
      "date": "2021-10-06",
      "size": 1405,
      "annotations": {
        "subject": "미용",
        "speaker_type": "다자간 대화",
        "size": 1405,
        "word_size": 439,
        "text": "1 : 주변에 막 성형 엄청 많이 하고 시술도 자주 받고 그러는 친구 있어?\n2 : 내 주변에는 없는 거 같은데~ 있어?\n3 : 음 한 친구만 그냥 주기적으로 이마에 필러 맞는? 그 정도?\n1 : 아 이마... 어때? 자연스러워? 나는 엄청 많이 까지는 아니고 코랑 가슴 뭐 이런 식으로 한 애는 있오!\n2 : 자연스러워? 티 안 나나? 신기 신기\n3 : 음... 막 엄청 티 나게 하지는 않았기도 하고 보형물도 아니어서 티는 거의 안 나더라고?\n3 : 근데 약간 오래 되면 좀 가라앉는? 그래서 좀 주기적으로 해주기는 해야 한다고 하더라고\n1 : 어 맞아 필러는 영구적인 게 아니라서...\n1 : 내 친구는 완전 분필 같이 코에 일자로 딱 넣은 게 아니라서 그래도 꽤 자연스럽던데? 가슴 수술은 만족도가 엄청나대 키키\n2 : 다들 피부 타입은 어떻게 돼? 혹시 건성인 사람~\n3 : 오오... 가슴 수술 신기 하다 키키\n3 : 나는... 그냥 복합성인 것 같아 ㅠㅠ 볼 쪽은 건성인데 이마나 코 쪽은 좀 지성...\n1 : 나도 복합성! 제일 맞추기 어려움 키키 언니는?\n2 : 나 지성 키키 난 건성 피부 한 번 보고 싶었는데~\n2 : 관리 잘한 건성 피부 피부가 도자기 같다며?\n3 : 오 처음 들어봐 키키 근데 왠지 그럴 것 같긴 하다 여드름도 잘 안 나고 하니까 거의 트러블 없었을 듯\n1 : 아 그래? 트러블은 확실히 덜 나기는 하겠다! 근데 겨울에 너무 관리 힘들 거 같아 건성 ㅠㅠ\n2 : 관리는 힘들지~~그래도 부럽 복합성은 어때?\n2 : 특별히 힘든 계절이 있어?\n3 : 음... 여름에는 지성 부분이 아무래도 관리하기 좀 힘들고 겨울에는 건성 부분이 관리하기 힘로서 것 같아 키키 별로네?\n1 : 키키 다 힘들어? 나는 뭐 특별히 힘들다 이렇게 생각한 적은 없긴 한데 내가 워낙 별로 신경을 안 써서 그런가 바...\n2 : 난 가끔 여드름 날 때 너무 싫어 ㅠㅠ\n3 : 근데 나는 좀 스트레스에 취약해서... 요즘에 여드름 정말 많이 나 키키\n3 : 시험 끝나고 좀 쉬면 괜찮아질 듯 근데 입 주변이나 턱에 여드름 나면 소화에 문제 있는 거라고 하는데 나는 그거 딱 맞아!\n1 : 아 그래? 소화에 문제였어? 나는 그날에 턱 쪽에 뭐가 자주 난다고 알고 있었는뎅\n2 : 그럼 여드름 나면 어떻게 해?\n3 : 나는 잘 익힌 다음에 집에서 짜!\n3 : 그 의료용 바늘? 침? 이랑 알콜 스왑도 있고 해서 그냥 면봉으로 짠 다음에 패치 붙여\n1 : 오... 혼자 바늘로 찌를 수 있어...? ㅠㅠ\n1 : 나는 여드름까지는 잘 안 나고 가끔 뾰루지라서 그냥 놔두고 시간 지나면 알아서 터지거나 없어지게 해!\n2 : 난 면봉으로 짜는데~ 바늘로 찌르기는 너무 무서워 ㅜㅜ\n3 : 근데 오히려 바늘로 찌르는 거는 이미 엄청 얇아진 피부를 살짝 톡 건드리는 거라 안 아파!\n3 : 짜는 게... 이제... 아프지 ㅠㅠ 근데 그 진주 캐는 쾌감이 쩔지 않아? 키키",
        "lines": [
          {
            "id": 1,
            "text": "1 : 주변에 막 성형 엄청 많이 하고 시술도 자주 받고 그러는 친구 있어?",
            "norm_text": "주변에 막 성형 엄청 많이 하고 시술도 자주 받고 그러는 친구 있어?",
            "speaker": {
              "id": "1번",
              "sex": "여성",
              "age": "20대"
            },
            "speechAct": "(지시) 질문하기",
            "morpheme": "주변/NNG+에/JKB+막성/NNG+형/XSN+엄청/MAG+많이/MAG+하/VV+고/EC+시술/NNG+도/JX+자주/MAG+받/VV+고/EC+그러/VV+는/ETM+친구/NNG+있/VA+어/EF"
          },
          {
            "id": 2,
            "text": "2 : 내 주변에는 없는 거 같은데~ 있어?",
            "norm_text": "내 주변에는 없는 거 같은데~ 있어?",
            "speaker": {
              "id": "2번",
              "sex": "여성",
              "age": "30대"
            },
            "speechAct": "(지시) 질문하기",
            "morpheme": "내/NP+JKG+주변/NNG+에/JKB+는/JX+없/VA+는/ETM+거/NNB+같/VA+은데/EC+~/SY+있/VA+어/EF"
          },
          {
            "id": 3,
            "text": "3 : 음 한 친구만 그냥 주기적으로 이마에 필러 맞는? 그 정도?",
            "norm_text": "음 한 친구만 그냥 주기적으로 이마에 필러 맞는? 그 정도?",
            "speaker": {
              "id": "3번",
              "sex": "여성",
              "age": "20대"
            },
            "speechAct": "(단언) 진술하기",
            "morpheme": "음/IC+한/MM+친구/NNG+만/JX+그냥/MAG+주기/NNG+적/XSN+으로/JKB+이마/NNG+에/JKB+필러/NNG+맞/VV+는/ETM+그/MM+정도/NNG"
          },
          {
            "id": 4,
            "text": "1 : 아 이마... 어때? 자연스러워? 나는 엄청 많이 까지는 아니고 코랑 가슴 뭐 이런 식으로 한 애는 있오!",
            "norm_text": "아 이마... 어때? 자연스러워? 나는 엄청 많이 까지는 아니고 코랑 가슴 뭐 이런 식으로 한 애는 있오!",
            "speaker": {
              "id": "1번",
              "sex": "여성",
              "age": "20대"
            },
            "speechAct": "(단언) 진술하기",
            "morpheme": "아이/IC+마/IC+./SY+어때/VA+EF+자연/NNG+스러워/XSA+EF+나/NP+는/JX+엄청/MAG+많이/MAG+까지/JX+는/JX+아니/VCN+고/EC+코/NNG+랑/JKB+가슴/NNG+뭐/IC+이런/MM+식/NNB+으로/JKB+한/MM+애/NNG+는/JX+있/VX+오/EF"
          },
          {
            "id": 5,
            "text": "2 : 자연스러워? 티 안 나나? 신기 신기",
            "norm_text": "자연스러워? 티 안 나나? 신기 신기",
            "speaker": {
              "id": "2번",
              "sex": "여성",
              "age": "30대"
            },
            "speechAct": "(지시) 질문하기",
            "morpheme": "자연/NNG+스러워/XSA+EF+티/MAG+안/MAG+나/VV+나/EF+신기/NNG+신기/NNG"
          },
          {
            "id": 6,
            "text": "3 : 음... 막 엄청 티 나게 하지는 않았기도 하고 보형물도 아니어서 티는 거의 안 나더라고?",
            "norm_text": "음... 막 엄청 티 나게 하지는 않았기도 하고 보형물도 아니어서 티는 거의 안 나더라고?",
            "speaker": {
              "id": "3번",
              "sex": "여성",
              "age": "20대"
            },
            "speechAct": "(지시) 질문하기",
            "morpheme": "음/IC+./SY+막/MAJ+엄청/MAG+티나/VV+게/EC+하/VV+지/EC+는/JX+않/VX+았/EP+기/ETN+도/JX+하/VV+고/EC+보형물/NNG+도/JX+아니/VCN+어서/EC+티/NNG+는/JX+거의/MAG+안/MAG+나/VV+더라고/EF"
          },
          {
            "id": 7,
            "text": "3 : 근데 약간 오래 되면 좀 가라앉는? 그래서 좀 주기적으로 해주기는 해야 한다고 하더라고",
            "norm_text": "근데 약간 오래 되면 좀 가라앉는? 그래서 좀 주기적으로 해주기는 해야 한다고 하더라고",
            "speaker": {
              "id": "3번",
              "sex": "여성",
              "age": "20대"
            },
            "speechAct": "(단언) 진술하기",
            "morpheme": "근데/MAJ+약간/MAG+오래/MAG+되/VV+면/EC+좀/MAG+가라앉/VV+는/ETM+그래서/MAJ+좀/MAG+주기/NNG+적/XSN+으로/JKB+해/VV+EC+주/VX+기/ETN+는/JX+해야/VV+EC+한다고/VX+EC+하/VV+더라고/EC"
          },
          {
            "id": 8,
            "text": "1 : 어 맞아 필러는 영구적인 게 아니라서...",
            "norm_text": "어 맞아 필러는 영구적인 게 아니라서...",
            "speaker": {
              "id": "1번",
              "sex": "여성",
              "age": "20대"
            },
            "speechAct": "(단언) 진술하기",
            "morpheme": "어/IC+맞/VV+아/EC+필러/NNG+는/JX+영구/NNG+적/XSN+인/VCP+ETM+게/NNB+JKC+아니/VCN+라서/EC+./SY+./SY"
          },
          {
            "id": 9,
            "text": "1 : 내 친구는 완전 분필 같이 코에 일자로 딱 넣은 게 아니라서 그래도 꽤 자연스럽던데? 가슴 수술은 만족도가 엄청나대 키키",
            "norm_text": "내 친구는 완전 분필 같이 코에 일자로 딱 넣은 게 아니라서 그래도 꽤 자연스럽던데? 가슴 수술은 만족도가 엄청나대 키키",
            "speaker": {
              "id": "1번",
              "sex": "여성",
              "age": "20대"
            },
            "speechAct": "(단언) 진술하기",
            "morpheme": "내/NP+JKG+친구/NNG+는/JX+완전/NNG+분필/NNG+같이/JKB+코/NNG+에/JKB+일자/NNG+로/JKB+딱/MAG+넣/VV+은/ETM+게/NNB+JKC+아니/VCN+라서/EC+그래도/VV+EC+꽤/MAG+자연/NNG+스럽/XSA+던데/EF+가슴/NNG+수술/NNG+은/JX+만족도/NNG+가/JKS+엄청나/VA+대/EF+키/NNG+키/XSV+ETN"
          },
          {
            "id": 10,
            "text": "2 : 다들 피부 타입은 어떻게 돼? 혹시 건성인 사람~",
            "norm_text": "다들 피부 타입은 어떻게 돼? 혹시 건성인 사람~",
            "speaker": {
              "id": "2번",
              "sex": "여성",
              "age": "30대"
            },
            "speechAct": "(지시) 질문하기",
            "morpheme": "다/MAG+들/XSN+피부/NNG+타입/NNG+은/JX+어떻게/MAG+돼/VV+EF+혹시/MAG+건성/NNG+인/VCP+ETM+사람/NNG+~/SY"
          },
          {
            "id": 11,
            "text": "3 : 오오... 가슴 수술 신기 하다 키키",
            "norm_text": "오오... 가슴 수술 신기 하다 키키",
            "speaker": {
              "id": "3번",
              "sex": "여성",
              "age": "20대"
            },
            "speechAct": "(단언) 주장하기",
            "morpheme": "오오/IC+./SY+가슴/NNG+수술/NNG+신기/XR+하/XSA+다키키/NNP"
          },
          {
            "id": 12,
            "text": "3 : 나는... 그냥 복합성인 것 같아 ㅠㅠ 볼 쪽은 건성인데 이마나 코 쪽은 좀 지성...",
            "norm_text": "나는... 그냥 복합성인 것 같아 ㅠㅠ 볼 쪽은 건성인데 이마나 코 쪽은 좀 지성...",
            "speaker": {
              "id": "3번",
              "sex": "여성",
              "age": "20대"
            },
            "speechAct": "(단언) 진술하기",
            "morpheme": "나/NP+는/JX+./SY+그냥복합성인것같아ㅠㅠ볼쪽은건성인데이마나코쪽은좀지성/UNKNOWN+./SY"
          },
          {
            "id": 13,
            "text": "1 : 나도 복합성! 제일 맞추기 어려움 키키 언니는?",
            "norm_text": "나도 복합성! 제일 맞추기 어려움 키키 언니는?",
            "speaker": {
              "id": "1번",
              "sex": "여성",
              "age": "20대"
            },
            "speechAct": "(지시) 질문하기",
            "morpheme": "나/NP+도/JX+복합/NNG+성/XSN+!/SY+제일맞추기어려움키키언니는/UNKNOWN"
          },
          {
            "id": 14,
            "text": "2 : 나 지성 키키 난 건성 피부 한 번 보고 싶었는데~",
            "norm_text": "나 지성 키키 난 건성 피부 한 번 보고 싶었는데~",
            "speaker": {
              "id": "2번",
              "sex": "여성",
              "age": "30대"
            },
            "speechAct": "(단언) 주장하기",
            "morpheme": "나지성키키난건성피부한번보고싶었는데/UNKNOWN+~/SY"
          },
          {
            "id": 15,
            "text": "2 : 관리 잘한 건성 피부 피부가 도자기 같다며?",
            "norm_text": "관리 잘한 건성 피부 피부가 도자기 같다며?",
            "speaker": {
              "id": "2번",
              "sex": "여성",
              "age": "30대"
            },
            "speechAct": "(지시) 질문하기",
            "morpheme": "관리/NNG+잘/MAG+한/MM+건성/NNG+피부/NNG+피부/NNG+가/JKS+도자기/NNG+같/VA+다며/EF"
          },
          {
            "id": 16,
            "text": "3 : 오 처음 들어봐 키키 근데 왠지 그럴 것 같긴 하다 여드름도 잘 안 나고 하니까 거의 트러블 없었을 듯",
            "norm_text": "오 처음 들어봐 키키 근데 왠지 그럴 것 같긴 하다 여드름도 잘 안 나고 하니까 거의 트러블 없었을 듯",
            "speaker": {
              "id": "3번",
              "sex": "여성",
              "age": "20대"
            },
            "speechAct": "(단언) 진술하기",
            "morpheme": "오/IC+처음/MAG+들/VV+어/EC+봐/VX+EF+키/NNG+키/XSV+ETN+근데/MAJ+왠지/MAG+그럴/VA+ETM+것/NNB+같/VA+긴/ETN+JX+하/VX+다/EC+여드름/NNG+도/JX+잘/MAG+안/MAG+나/VV+고/EC+하/VV+니까/EC+거의/MAG+트러블/NNG+없/VA+었/EP+을/ETM+듯/NNB"
          },
          {
            "id": 17,
            "text": "1 : 아 그래? 트러블은 확실히 덜 나기는 하겠다! 근데 겨울에 너무 관리 힘들 거 같아 건성 ㅠㅠ",
            "norm_text": "아 그래? 트러블은 확실히 덜 나기는 하겠다! 근데 겨울에 너무 관리 힘들 거 같아 건성 ㅠㅠ",
            "speaker": {
              "id": "1번",
              "sex": "여성",
              "age": "20대"
            },
            "speechAct": "(단언) 주장하기",
            "morpheme": "아/IC+그래/IC+트러블/NNG+은/JX+확실히/MAG+덜/MAG+나/VV+기/ETN+는/JX+하/VV+겠/EP+다/EF+근데겨울에너무관리힘들거같아건성ㅠㅠ/UNKNOWN"
          },
          {
            "id": 18,
            "text": "2 : 관리는 힘들지~~그래도 부럽 복합성은 어때?",
            "norm_text": "관리는 힘들지~~그래도 부럽 복합성은 어때?",
            "speaker": {
              "id": "2번",
              "sex": "여성",
              "age": "30대"
            },
            "speechAct": "(지시) 질문하기",
            "morpheme": "관리/NNG+는/JX+힘들/VA+지/EC+~/SY+~/SY+그래도/MAJ+부럽/VA+복합/NNG+성/XSN+은/JX+어때/VA+EF"
          },
          {
            "id": 19,
            "text": "2 : 특별히 힘든 계절이 있어?",
            "norm_text": "특별히 힘든 계절이 있어?",
            "speaker": {
              "id": "2번",
              "sex": "여성",
              "age": "30대"
            },
            "speechAct": "(지시) 질문하기",
            "morpheme": "특별히/MAG+힘든/VA+ETM+계절/NNG+이/JKS+있/VA+어/EF"
          },
          {
            "id": 20,
            "text": "3 : 음... 여름에는 지성 부분이 아무래도 관리하기 좀 힘들고 겨울에는 건성 부분이 관리하기 힘로서 것 같아 키키 별로네?",
            "norm_text": "음... 여름에는 지성 부분이 아무래도 관리하기 좀 힘들고 겨울에는 건성 부분이 관리하기 힘로서 것 같아 키키 별로네?",
            "speaker": {
              "id": "3번",
              "sex": "여성",
              "age": "20대"
            },
            "speechAct": "(단언) 주장하기",
            "morpheme": "음/IC+./SY+여름에는지성부분이아무래도관리하기좀힘들고겨울에는건성부분이관리하기힘로서것같아키키별로네/UNKNOWN"
          },
          {
            "id": 21,
            "text": "1 : 키키 다 힘들어? 나는 뭐 특별히 힘들다 이렇게 생각한 적은 없긴 한데 내가 워낙 별로 신경을 안 써서 그런가 바...",
            "norm_text": "키키 다 힘들어? 나는 뭐 특별히 힘들다 이렇게 생각한 적은 없긴 한데 내가 워낙 별로 신경을 안 써서 그런가 바...",
            "speaker": {
              "id": "1번",
              "sex": "여성",
              "age": "20대"
            },
            "speechAct": "(단언) 주장하기",
            "morpheme": "키/NNG+키/NNG+다/MAG+힘들/VA+어/EF+나/NP+는/JX+뭐/IC+특별히/MAG+힘들/VA+다/EF+이렇게/MAG+생각/NNG+한/XSA+ETM+적/NNB+은/JX+없/VA+긴/ETN+JX+한데/VX+EC+내/NP+가/JKS+워낙/MAG+별로/MAG+신경/NNG+을/JKO+안/MAG+써서/VV+EC+그런/MM+가바/NNP+./SY+./SY"
          },
          {
            "id": 22,
            "text": "2 : 난 가끔 여드름 날 때 너무 싫어 ㅠㅠ",
            "norm_text": "난 가끔 여드름 날 때 너무 싫어 ㅠㅠ",
            "speaker": {
              "id": "2번",
              "sex": "여성",
              "age": "30대"
            },
            "speechAct": "(단언) 주장하기",
            "morpheme": "난/NP+JX+가끔/MAG+여드름/NNG+날/NNG+때/NNG+너무/MAG+싫/VA+어/EC+ㅠㅠ/UNKNOWN"
          },
          {
            "id": 23,
            "text": "3 : 근데 나는 좀 스트레스에 취약해서... 요즘에 여드름 정말 많이 나 키키",
            "norm_text": "근데 나는 좀 스트레스에 취약해서... 요즘에 여드름 정말 많이 나 키키",
            "speaker": {
              "id": "3번",
              "sex": "여성",
              "age": "20대"
            },
            "speechAct": "(단언) 진술하기",
            "morpheme": "근데/MAJ+나/NP+는/JX+좀/MAG+스트레스/NNG+에/JKB+취약/NNG+해서/XSV+EC+./SY+./SY+요즘/NNG+에/JKB+여드름/NNG+정말/MAG+많이/MAG+나/JX+키/NNG+키/XSV+ETN"
          },
          {
            "id": 24,
            "text": "3 : 시험 끝나고 좀 쉬면 괜찮아질 듯 근데 입 주변이나 턱에 여드름 나면 소화에 문제 있는 거라고 하는데 나는 그거 딱 맞아!",
            "norm_text": "시험 끝나고 좀 쉬면 괜찮아질 듯 근데 입 주변이나 턱에 여드름 나면 소화에 문제 있는 거라고 하는데 나는 그거 딱 맞아!",
            "speaker": {
              "id": "3번",
              "sex": "여성",
              "age": "20대"
            },
            "speechAct": "(단언) 진술하기",
            "morpheme": "시험/NNG+끝/NNG+나/VV+고/EC+좀/MAG+쉬/VV+면/EC+괜찮/VA+아/EC+질/VX+ETM+듯/NNB+근데/MAJ+입/NNG+주변/NNG+이나/JC+턱/NNG+에/JKB+여드름/NNG+나/VV+면/EC+소화/NNG+에/JKB+문제/NNG+있/VA+는/ETM+거/NNB+라고/VCP+EC+하/VV+는데/EC+나/NP+는/JX+그거/NP+딱/MAG+맞/VV+아/EF"
          },
          {
            "id": 25,
            "text": "1 : 아 그래? 소화에 문제였어? 나는 그날에 턱 쪽에 뭐가 자주 난다고 알고 있었는뎅",
            "norm_text": "아 그래? 소화에 문제였어? 나는 그날에 턱 쪽에 뭐가 자주 난다고 알고 있었는뎅",
            "speaker": {
              "id": "1번",
              "sex": "여성",
              "age": "20대"
            },
            "speechAct": "(단언) 진술하기",
            "morpheme": "아/IC+그래/IC+소화/NNG+에/JKB+문제/NNG+였/VCP+EP+어/EF+나/NP+는/JX+그날/NNG+에/JKB+턱/NNG+쪽/NNB+에/JKB+뭐/NP+가/JKS+자주/MAG+난다고/VV+EC+알/VV+고/EC+있/VX+었/EP+는/ETM+뎅/NNP"
          },
          {
            "id": 26,
            "text": "2 : 그럼 여드름 나면 어떻게 해?",
            "norm_text": "그럼 여드름 나면 어떻게 해?",
            "speaker": {
              "id": "2번",
              "sex": "여성",
              "age": "30대"
            },
            "speechAct": "(지시) 질문하기",
            "morpheme": "그럼/MAJ+여드름/NNG+나/VV+면/EC+어떻게/MAG+해/VV+EF"
          },
          {
            "id": 27,
            "text": "3 : 나는 잘 익힌 다음에 집에서 짜!",
            "norm_text": "나는 잘 익힌 다음에 집에서 짜!",
            "speaker": {
              "id": "3번",
              "sex": "여성",
              "age": "20대"
            },
            "speechAct": "(단언) 진술하기",
            "morpheme": "나/NP+는/JX+잘/MAG+익힌/VV+ETM+다음/NNG+에/JKB+집/NNG+에서/JKB+짜/VV+EF"
          },
          {
            "id": 28,
            "text": "3 : 그 의료용 바늘? 침? 이랑 알콜 스왑도 있고 해서 그냥 면봉으로 짠 다음에 패치 붙여",
            "norm_text": "그 의료용 바늘? 침? 이랑 알콜 스왑도 있고 해서 그냥 면봉으로 짠 다음에 패치 붙여",
            "speaker": {
              "id": "3번",
              "sex": "여성",
              "age": "20대"
            },
            "speechAct": "(단언) 진술하기",
            "morpheme": "그/MM+의료/NNG+용/XSN+바늘/NNG+?/SY+침/NNG+?/SY+이랑/JKB+알콜/NNG+스왑/NNP+도/JX+있/VA+고/EC+해서/VV+EC+그냥/MAG+면봉/NNG+으로/JKB+짠/VV+ETM+다음/NNG+에/JKB+패치/NNG+붙여/VV+EC"
          },
          {
            "id": 29,
            "text": "1 : 오... 혼자 바늘로 찌를 수 있어...? ㅠㅠ",
            "norm_text": "오... 혼자 바늘로 찌를 수 있어...? ㅠㅠ",
            "speaker": {
              "id": "1번",
              "sex": "여성",
              "age": "20대"
            },
            "speechAct": "(지시) 질문하기",
            "morpheme": "오/IC+./SY+혼자/NNG+바늘/NNG+로/JKB+찌를/VV+ETM+수/NNB+있/VV+어/EF+./SY+./SY+ㅠㅠ/UNKNOWN"
          },
          {
            "id": 30,
            "text": "1 : 나는 여드름까지는 잘 안 나고 가끔 뾰루지라서 그냥 놔두고 시간 지나면 알아서 터지거나 없어지게 해!",
            "norm_text": "나는 여드름까지는 잘 안 나고 가끔 뾰루지라서 그냥 놔두고 시간 지나면 알아서 터지거나 없어지게 해!",
            "speaker": {
              "id": "1번",
              "sex": "여성",
              "age": "20대"
            },
            "speechAct": "(단언) 진술하기",
            "morpheme": "나/NP+는/JX+여드름/NNG+까지/JX+는/JX+잘/MAG+안/MAG+나/VV+고/EC+가끔/MAG+뾰루지/NNG+라서/VCP+EC+그냥/MAG+놔두/VV+고/EC+시간/NNG+지나/VV+면/EC+알/VV+아서/EC+터지/VX+거나/EC+없/VA+어/EC+지/VX+게/EC+해/VX+EF"
          },
          {
            "id": 31,
            "text": "2 : 난 면봉으로 짜는데~ 바늘로 찌르기는 너무 무서워 ㅜㅜ",
            "norm_text": "난 면봉으로 짜는데~ 바늘로 찌르기는 너무 무서워 ㅜㅜ",
            "speaker": {
              "id": "2번",
              "sex": "여성",
              "age": "30대"
            },
            "speechAct": "(단언) 주장하기",
            "morpheme": "난/NP+JX+면봉/NNG+으로/JKB+짜/VV+는데/EC+~/SY+바늘로찌르기는너무무서워ㅜㅜ/UNKNOWN"
          },
          {
            "id": 32,
            "text": "3 : 근데 오히려 바늘로 찌르는 거는 이미 엄청 얇아진 피부를 살짝 톡 건드리는 거라 안 아파!",
            "norm_text": "근데 오히려 바늘로 찌르는 거는 이미 엄청 얇아진 피부를 살짝 톡 건드리는 거라 안 아파!",
            "speaker": {
              "id": "3번",
              "sex": "여성",
              "age": "20대"
            },
            "speechAct": "(단언) 주장하기",
            "morpheme": "근데/MAJ+오히려/MAJ+바늘/NNG+로/JKB+찌르/VV+는/ETM+거/NNB+는/JX+이미/MAG+엄청/MAG+얇/VA+아/EC+진/VX+ETM+피부/NNG+를/JKO+살짝/MAG+톡/MAG+건드리/VV+는/ETM+거/NNB+라/VCP+EC+안/MAG+아파/VA+EF"
          },
          {
            "id": 33,
            "text": "3 : 짜는 게... 이제... 아프지 ㅠㅠ 근데 그 진주 캐는 쾌감이 쩔지 않아? 키키",
            "norm_text": "짜는 게... 이제... 아프지 ㅠㅠ 근데 그 진주 캐는 쾌감이 쩔지 않아? 키키",
            "speaker": {
              "id": "3번",
              "sex": "여성",
              "age": "20대"
            },
            "speechAct": "(단언) 주장하기",
            "morpheme": "짜/VV+는/ETM+게/NNB+JKS+./SY+이제/IC+./SY+아프지ㅠㅠ근데그진주캐는쾌감이쩔지않아/UNKNOWN+키/NNG+키/XSV+ETN"
          }
        ]
      }
    }
  ]
}