{
  "dataset": {
    "identifier": 51460,
    "name": "BAND_35_09_set",
    "src_path": "/data/file/cubeManager/PROJECT001/53/txt20210930140924061796/BAND_35_09_set/",
    "label_path": "/data/file/cubeManager/PROJECT001/53/txt20210930140924061796/BAND_35_09_set/",
    "category": 2,
    "type": 0
  },
  "licenses": {
    "name": "Apache License 1.0",
    "url": "http://www.apache.org/licenses/LICENSE-1.0"
  },
  "info": [
    {
      "id": 37659,
      "filename": "BAND_35_09.txt",
      "title": "BAND_35_09",
      "mediatype": "SNS",
      "medianame": "네이버밴드",
      "category": "일상대화",
      "date": "2021-09-30",
      "size": 1144,
      "annotations": {
        "subject": "반려동물",
        "speaker_type": "다자간 대화",
        "size": 1144,
        "word_size": 365,
        "text": "1 : 진짜 별의 별 동물 다 키우더라~\n1 : 신기하게 생각했던 애완동물 있어?\n2 : 난 물고기! 많이 키우는 거긴 한데 엄청 신기한 종류가 많아서 놀랬어\n3 : 키키 나는 유튜브에 수달 키우는 사람 보고 신기했어 근데 수달 넘 귀엽더라\n1 : 키키 맞아 물고기 키워서 판매도 하더라\n1 : 수달은 물에 사는 동물인데 물 밖에서 키워?\n2 : 키키 와 진짜 귀엽겠다 키키\n2 : 아니 근데 너네 옛날에 스펀지에서 실험한 거 봤어? 너구리한테 솜사탕 주면 어떻게 되는지\n3 : 어떻게 되는데? 궁금해 키키\n1 : 헐 **언니 그거 몰라?\n1 : 근데 너구리 맞나 암튼 걔네는 무조건 물에 씻어 먹어서 다 녹아서 없어짐 키키 짱 웃겨 꼭 봐봐\n2 : 너구리 맞아 키키 진짜 귀여워 아니 너무 악랄한 실험을 했어\n3 : 진짜? 너구리가 뭐든지 다 물에 씻어 먹어?\n1 : 키키 그런가 봐 자꾸 없어져서 어리둥절 하는데 불쌍한데 귀여워 키키\n2 : 맞아 솜사탕 받자마자 바로 물로 직행 하는데 진짜 귀여워 키키\n2 : 그러고 녹아서 없어지니까 어리둥절해서 물 속을 계속 헤집어 키키\n3 : 헐 진짜 말로 들어도 넘 귀엽네 나중에 봐야겠다 키키 미쳤네\n1 : 키키 진짜 어디 갔나 찾았던 거 같아 귀여워 키키\n2 : 맞아 키키 진짜 귀여워 나중에  꼭 찾아봐\n3 : 키키 웅 진짜 봐야지 나는 수달 키우는 거 봤는데 수달한테  탄산수 먹이는 거 봤는데 엄청 따끔해 하면서 계속 궁금해서 왔다 갔다 해 키키 귀여워\n1 : 키키 먹여도 돼? 근데 또 궁금하긴 한가 보네 키키\n2 : 탄산수가 그냥 물에다가 탄산 주입만 한 거니까 괜찮지 않아? 키키\n2 : 그것도 볼래\n3 : 웅웅 이제 손 넣어보고 찌릿 하니까 빼고 도망가고 다시 와서 찌릿 하고 도망가고 무한 반복이야 귀여워!\n1 : 키키 아 귀엽다 근데 나도 탄산에 손은 안 넣어봐서 궁금하다\n2 : 아니 약간 애기들 탄산음료 처음 먹었을 때 반응일 것 같아\n3 : 키키 웅웅 찌릿찌릿거려 수달을 집에서 키운다고 생각한 게 좀 신기했어\n1 : 아니 근데 **언니 아까 물어봤는데 대답 안 해줬어\n1 : 수달 물에서 사는 동물인데 그냥 집에 물 밖에서 키우는 거야?\n2 : 키키 집에서 키우는 거면 그렇지 않을까?\n2 : 수영장 같은 거 만들어서 좀 놀게 해주고\n3 : 웅웅 잘 기억 안 나는데 수영장 느낌이 있었던 것 같아!\n3 : 집 같지 않은 느낌이었어",
        "lines": [
          {
            "id": 1,
            "text": "1 : 진짜 별의 별 동물 다 키우더라~",
            "norm_text": "진짜 별의 별 동물 다 키우더라~",
            "speaker": {
              "id": "1번",
              "sex": "여성",
              "age": "20대"
            },
            "speechAct": "(단언) 진술하기",
            "morpheme": "진짜/MAG+별의별/MM+동물/NNG+다/MAG+키우/VV+더라/EC+~/SY"
          },
          {
            "id": 2,
            "text": "1 : 신기하게 생각했던 애완동물 있어?",
            "norm_text": "신기하게 생각했던 애완동물 있어?",
            "speaker": {
              "id": "1번",
              "sex": "여성",
              "age": "20대"
            },
            "speechAct": "(지시) 질문하기",
            "morpheme": "신기/XR+하/XSA+게/EC+생각/NNG+했/XSV+EP+던/ETM+애완/NNG+동물/NNG+있/VA+어/EF"
          },
          {
            "id": 3,
            "text": "2 : 난 물고기! 많이 키우는 거긴 한데 엄청 신기한 종류가 많아서 놀랬어",
            "norm_text": "난 물고기! 많이 키우는 거긴 한데 엄청 신기한 종류가 많아서 놀랬어",
            "speaker": {
              "id": "2번",
              "sex": "여성",
              "age": "20대"
            },
            "speechAct": "(단언) 주장하기",
            "morpheme": "난/NP+JX+물고기/NNG+많이/MAG+키우/VV+는/ETM+거/NNB+긴/VCP+ETN+JX+한데/VX+EC+엄청/MAG+신기/XR+한/XSA+ETM+종류/NNG+가/JKS+많/VA+아서/EC+놀랬/VV+EP+어/EC"
          },
          {
            "id": 4,
            "text": "3 : 키키 나는 유튜브에 수달 키우는 사람 보고 신기했어 근데 수달 넘 귀엽더라",
            "norm_text": "키키 나는 유튜브에 수달 키우는 사람 보고 신기했어 근데 수달 넘 귀엽더라",
            "speaker": {
              "id": "3번",
              "sex": "여성",
              "age": "20대"
            },
            "speechAct": "(단언) 주장하기",
            "morpheme": "키/NNG+키나/XSA+ETN+JX+는/JX+유튜브/NNP+에/JKB+수달/NNG+키우/VV+는/ETM+사람/NNG+보/VV+고/EC+신기/XR+했/XSA+EP+어/EF+근데/MAJ+수달/NNG+넘/MAG+귀엽/VA+더라/EC"
          },
          {
            "id": 5,
            "text": "1 : 키키 맞아 물고기 키워서 판매도 하더라",
            "norm_text": "키키 맞아 물고기 키워서 판매도 하더라",
            "speaker": {
              "id": "1번",
              "sex": "여성",
              "age": "20대"
            },
            "speechAct": "(단언) 진술하기",
            "morpheme": "키/NNG+키/XSV+ETN+맞/VV+아/EC+물고기/NNG+키워서/VV+EC+판매/NNG+도/JX+하/VV+더라/EC"
          },
          {
            "id": 6,
            "text": "1 : 수달은 물에 사는 동물인데 물 밖에서 키워?",
            "norm_text": "수달은 물에 사는 동물인데 물 밖에서 키워?",
            "speaker": {
              "id": "1번",
              "sex": "여성",
              "age": "20대"
            },
            "speechAct": "(지시) 질문하기",
            "morpheme": "수달/NNG+은/JX+물/NNG+에/JKB+사/VV+는/ETM+동물/NNG+인데/VCP+EC+물/NNG+밖/NNG+에서/JKB+키워/VV+EF"
          },
          {
            "id": 7,
            "text": "2 : 키키 와 진짜 귀엽겠다 키키",
            "norm_text": "키키 와 진짜 귀엽겠다 키키",
            "speaker": {
              "id": "2번",
              "sex": "여성",
              "age": "20대"
            },
            "speechAct": "(단언) 주장하기",
            "morpheme": "키/NNG+키/XSV+ETN+와/JKB+진짜/MAG+귀엽/VA+겠/EP+다키키/NNP"
          },
          {
            "id": 8,
            "text": "2 : 아니 근데 너네 옛날에 스펀지에서 실험한 거 봤어? 너구리한테 솜사탕 주면 어떻게 되는지",
            "norm_text": "아니 근데 너네 옛날에 스펀지에서 실험한 거 봤어? 너구리한테 솜사탕 주면 어떻게 되는지",
            "speaker": {
              "id": "2번",
              "sex": "여성",
              "age": "20대"
            },
            "speechAct": "(지시) 질문하기",
            "morpheme": "아니/IC+근데/MAJ+너/NP+네/XSN+옛날/NNG+에/JKB+스펀지/NNG+에서/JKB+실험/NNG+한/XSA+ETM+거/NNB+봤/VV+EP+어/EF+너구리/NNG+한테/JKB+솜사탕/NNG+주/VV+면/EC+어떻게/MAG+되/VV+는지/EC"
          },
          {
            "id": 9,
            "text": "3 : 어떻게 되는데? 궁금해 키키",
            "norm_text": "어떻게 되는데? 궁금해 키키",
            "speaker": {
              "id": "3번",
              "sex": "여성",
              "age": "20대"
            },
            "speechAct": "(지시) 질문하기",
            "morpheme": "어떻게/MAG+되/VV+는데/EC+궁금/XR+해/XSA+EC+키/NNG+키/XSV+ETN"
          },
          {
            "id": 10,
            "text": "1 : 헐 **언니 그거 몰라?",
            "norm_text": "헐 **언니 그거 몰라?",
            "speaker": {
              "id": "1번",
              "sex": "여성",
              "age": "20대"
            },
            "speechAct": "(지시) 질문하기",
            "morpheme": "헐/NNP+*/SY+*/SY+언니/NNG+그거/NP+몰라/VV+EF"
          },
          {
            "id": 11,
            "text": "1 : 근데 너구리 맞나 암튼 걔네는 무조건 물에 씻어 먹어서 다 녹아서 없어짐 키키 짱 웃겨 꼭 봐봐",
            "norm_text": "근데 너구리 맞나 암튼 걔네는 무조건 물에 씻어 먹어서 다 녹아서 없어짐 키키 짱 웃겨 꼭 봐봐",
            "speaker": {
              "id": "1번",
              "sex": "여성",
              "age": "20대"
            },
            "speechAct": "(지시) 충고/제안하기",
            "morpheme": "근데/MAJ+너구리/NNG+맞/VV+나/EF+암튼/MAJ+걔/NP+네/XSN+는/JX+무조건/MAG+물/NNG+에/JKB+씻/VV+어/EC+먹/VV+어서/EC+다/MAG+녹/VV+아서/EC+없/VA+어/EC+짐/NNG+키/NNG+키/NNG+짱/NNG+웃겨/VV+EF+꼭/MAG+봐/VV+EC+봐/VX+EC"
          },
          {
            "id": 12,
            "text": "2 : 너구리 맞아 키키 진짜 귀여워 아니 너무 악랄한 실험을 했어",
            "norm_text": "너구리 맞아 키키 진짜 귀여워 아니 너무 악랄한 실험을 했어",
            "speaker": {
              "id": "2번",
              "sex": "여성",
              "age": "20대"
            },
            "speechAct": "(단언) 주장하기",
            "morpheme": "너구리/NNG+맞/VV+아/EC+키/NNG+키/XSV+ETN+진짜/MAG+귀여워/VA+EF+아니/IC+너무/MAG+악랄/XR+한/XSA+ETM+실험/NNG+을/JKO+했/VV+EP+어/EC"
          },
          {
            "id": 13,
            "text": "3 : 진짜? 너구리가 뭐든지 다 물에 씻어 먹어?",
            "norm_text": "진짜? 너구리가 뭐든지 다 물에 씻어 먹어?",
            "speaker": {
              "id": "3번",
              "sex": "여성",
              "age": "20대"
            },
            "speechAct": "(지시) 질문하기",
            "morpheme": "진짜/MAG+너구리/NNG+가/JKS+뭐/NP+든지/JX+다물/NNP+에/JKB+씻/VV+어/EC+먹/VV+어/EF"
          },
          {
            "id": 14,
            "text": "1 : 키키 그런가 봐 자꾸 없어져서 어리둥절 하는데 불쌍한데 귀여워 키키",
            "norm_text": "키키 그런가 봐 자꾸 없어져서 어리둥절 하는데 불쌍한데 귀여워 키키",
            "speaker": {
              "id": "1번",
              "sex": "여성",
              "age": "20대"
            },
            "speechAct": "(단언) 주장하기",
            "morpheme": "키/NNG+키/XSV+ETN+그런가/VA+EC+봐/VX+EF+자꾸/MAG+없/VA+어/EC+져서/VX+EC+어리둥절/XR+하/XSA+는데/EC+불쌍/XR+한/XSA+ETM+데/NNB+귀여워/VA+EC+키/NNG+키/XSV+ETN"
          },
          {
            "id": 15,
            "text": "2 : 맞아 솜사탕 받자마자 바로 물로 직행 하는데 진짜 귀여워 키키",
            "norm_text": "맞아 솜사탕 받자마자 바로 물로 직행 하는데 진짜 귀여워 키키",
            "speaker": {
              "id": "2번",
              "sex": "여성",
              "age": "20대"
            },
            "speechAct": "(단언) 주장하기",
            "morpheme": "맞/VV+아/EC+솜사탕/NNG+받/VV+자마자/EC+바로/MAG+물/NNG+로/JKB+직행/NNG+하/XSV+는데/EC+진짜/MAG+귀여워/VA+EC+키/NNG+키/XSV+ETN"
          },
          {
            "id": 16,
            "text": "2 : 그러고 녹아서 없어지니까 어리둥절해서 물 속을 계속 헤집어 키키",
            "norm_text": "그러고 녹아서 없어지니까 어리둥절해서 물 속을 계속 헤집어 키키",
            "speaker": {
              "id": "2번",
              "sex": "여성",
              "age": "20대"
            },
            "speechAct": "(단언) 진술하기",
            "morpheme": "그러/VV+고/EC+녹/VV+아서/EC+없/VA+어/EC+지/VX+니까/EC+어리둥절/XR+해서/XSA+EC+물/NNG+속/NNG+을/JKO+계속/MAG+헤집/VV+어/EC+키/NNG+키/XSV+ETN"
          },
          {
            "id": 17,
            "text": "3 : 헐 진짜 말로 들어도 넘 귀엽네 나중에 봐야겠다 키키 미쳤네",
            "norm_text": "헐 진짜 말로 들어도 넘 귀엽네 나중에 봐야겠다 키키 미쳤네",
            "speaker": {
              "id": "3번",
              "sex": "여성",
              "age": "20대"
            },
            "speechAct": "(단언) 주장하기",
            "morpheme": "헐/IC+진짜/MAG+말/NNG+로/JKB+들어도/VV+EC+넘/MAG+귀엽/VA+네/EF+나중/NNG+에/JKB+봐야/VV+EC+VX+겠/EP+다키키/NNP+미쳤/VV+EP+네/EF"
          },
          {
            "id": 18,
            "text": "1 : 키키 진짜 어디 갔나 찾았던 거 같아 귀여워 키키",
            "norm_text": "키키 진짜 어디 갔나 찾았던 거 같아 귀여워 키키",
            "speaker": {
              "id": "1번",
              "sex": "여성",
              "age": "20대"
            },
            "speechAct": "(단언) 주장하기",
            "morpheme": "키/NNG+키/XSV+ETN+진짜/MAG+어디/NP+갔/VV+EP+나/EC+찾/VV+았/EP+던/ETM+거/NNB+같/VA+아/EC+귀여워/VA+EC+키/NNG+키/XSV+ETN"
          },
          {
            "id": 19,
            "text": "2 : 맞아 키키 진짜 귀여워 나중에  꼭 찾아봐",
            "norm_text": "맞아 키키 진짜 귀여워 나중에  꼭 찾아봐",
            "speaker": {
              "id": "2번",
              "sex": "여성",
              "age": "20대"
            },
            "speechAct": "(지시) 충고/제안하기",
            "morpheme": "맞/VV+아/EC+키/NNG+키/XSV+ETN+진짜/MAG+귀여워/VA+EC+나중/NNG+에/JKB+꼭/MAG+찾아봐/VV+EC"
          },
          {
            "id": 20,
            "text": "3 : 키키 웅 진짜 봐야지 나는 수달 키우는 거 봤는데 수달한테  탄산수 먹이는 거 봤는데 엄청 따끔해 하면서 계속 궁금해서 왔다 갔다 해 키키 귀여워",
            "norm_text": "키키 웅 진짜 봐야지 나는 수달 키우는 거 봤는데 수달한테  탄산수 먹이는 거 봤는데 엄청 따끔해 하면서 계속 궁금해서 왔다 갔다 해 키키 귀여워",
            "speaker": {
              "id": "3번",
              "sex": "여성",
              "age": "20대"
            },
            "speechAct": "(단언) 주장하기",
            "morpheme": "키/NNG+키/NNG+웅진/NNG+짜/VV+EC+봐야/VX+EC+지나/VV+는/ETM+수달/NNG+키우/VV+는/ETM+거/NNB+봤/VV+EP+는데/EC+수달/NNG+한테/JKB+탄산수/NNG+먹이/VV+는/ETM+거/NNB+봤/VV+EP+는데/EC+엄청/MAG+따끔/MAG+해/VV+EC+하/VV+면서/EC+계속/MAG+궁금/XR+해서/XSA+EC+왔/VX+EP+다/EC+갔/VV+EP+다/EC+해/VV+EC+키/NNG+키/XSV+ETN+귀여워/VA+EC"
          },
          {
            "id": 21,
            "text": "1 : 키키 먹여도 돼? 근데 또 궁금하긴 한가 보네 키키",
            "norm_text": "키키 먹여도 돼? 근데 또 궁금하긴 한가 보네 키키",
            "speaker": {
              "id": "1번",
              "sex": "여성",
              "age": "20대"
            },
            "speechAct": "(지시) 질문하기",
            "morpheme": "키/NNG+키/XSV+ETN+먹/VV+여도/EC+돼/VV+EF+근데/MAJ+또/MAG+궁금/XR+하/XSA+긴/ETN+JX+한가/VX+EC+보/VX+네/EF+키/NNG+키/XSV+ETN"
          },
          {
            "id": 22,
            "text": "2 : 탄산수가 그냥 물에다가 탄산 주입만 한 거니까 괜찮지 않아? 키키",
            "norm_text": "탄산수가 그냥 물에다가 탄산 주입만 한 거니까 괜찮지 않아? 키키",
            "speaker": {
              "id": "2번",
              "sex": "여성",
              "age": "20대"
            },
            "speechAct": "(지시) 질문하기",
            "morpheme": "탄산수/NNG+가/JKS+그냥/MAG+물/NNG+에다가/JKB+탄산/NNG+주입/NNG+만/JX+한/VV+ETM+거/NNB+니까/VCP+EC+괜찮/VA+지/EC+않/VX+아/EF+키/NNG+키/XSV+ETN"
          },
          {
            "id": 23,
            "text": "2 : 그것도 볼래",
            "norm_text": "그것도 볼래",
            "speaker": {
              "id": "2번",
              "sex": "여성",
              "age": "20대"
            },
            "speechAct": "(단언) 주장하기",
            "morpheme": "그것/NP+도/JX+볼래/VV+EC"
          },
          {
            "id": 24,
            "text": "3 : 웅웅 이제 손 넣어보고 찌릿 하니까 빼고 도망가고 다시 와서 찌릿 하고 도망가고 무한 반복이야 귀여워!",
            "norm_text": "웅웅 이제 손 넣어보고 찌릿 하니까 빼고 도망가고 다시 와서 찌릿 하고 도망가고 무한 반복이야 귀여워!",
            "speaker": {
              "id": "3번",
              "sex": "여성",
              "age": "20대"
            },
            "speechAct": "(단언) 주장하기",
            "morpheme": "웅웅/MAG+이제/MAG+손/NNG+넣/VV+어/EC+보/VX+고/EC+찌릿/XR+하/XSA+니까/EC+빼/VV+고/EC+도망가/VV+고/EC+다시/MAG+와서/VV+EC+찌릿/XR+하/XSA+고/EC+도망가/VV+고/EC+무한/NNG+반복/NNG+이/VCP+야/EC+귀여워/VA+EF"
          },
          {
            "id": 25,
            "text": "1 : 키키 아 귀엽다 근데 나도 탄산에 손은 안 넣어봐서 궁금하다",
            "norm_text": "키키 아 귀엽다 근데 나도 탄산에 손은 안 넣어봐서 궁금하다",
            "speaker": {
              "id": "1번",
              "sex": "여성",
              "age": "20대"
            },
            "speechAct": "(단언) 주장하기",
            "morpheme": "키/NNG+키/VV+아/EC+귀엽/VA+다/EF+근데/MAJ+나/NP+도/JX+탄산/NNG+에/JKB+손/NNG+은/JX+안/MAG+넣/VV+어/EC+봐서/VV+EC+궁금/XR+하/XSA+다/EC"
          },
          {
            "id": 26,
            "text": "2 : 아니 약간 애기들 탄산음료 처음 먹었을 때 반응일 것 같아",
            "norm_text": "아니 약간 애기들 탄산음료 처음 먹었을 때 반응일 것 같아",
            "speaker": {
              "id": "2번",
              "sex": "여성",
              "age": "20대"
            },
            "speechAct": "(단언) 주장하기",
            "morpheme": "아니/IC+약간/MAG+애기/NNG+들/XSN+탄산/NNG+음료/NNG+처음/NNG+먹/VV+었/EP+을/ETM+때/NNG+반응/NNG+일/VCP+ETM+것/NNB+같/VA+아/EC"
          },
          {
            "id": 27,
            "text": "3 : 키키 웅웅 찌릿찌릿거려 수달을 집에서 키운다고 생각한 게 좀 신기했어",
            "norm_text": "키키 웅웅 찌릿찌릿거려 수달을 집에서 키운다고 생각한 게 좀 신기했어",
            "speaker": {
              "id": "3번",
              "sex": "여성",
              "age": "20대"
            },
            "speechAct": "(단언) 주장하기",
            "morpheme": "키/NNG+키/NNG+웅웅/MAG+찌릿찌릿/MAG+거려/NNG+수달/NNG+을/JKO+집/NNG+에서/JKB+키운다고/VV+EC+생각/NNG+한/XSA+ETM+게/NNB+JKS+좀/MAG+신기/XR+했/XSA+EP+어/EC"
          },
          {
            "id": 28,
            "text": "1 : 아니 근데 **언니 아까 물어봤는데 대답 안 해줬어",
            "norm_text": "아니 근데 **언니 아까 물어봤는데 대답 안 해줬어",
            "speaker": {
              "id": "1번",
              "sex": "여성",
              "age": "20대"
            },
            "speechAct": "(단언) 진술하기",
            "morpheme": "아니/IC+근데/MAJ+*/SY+*/SY+언니/NNG+아까/MAG+물/VV+어/EC+봤/VX+EP+는데/EC+대답/NNG+안/MAG+해/VV+EC+줬/VX+EP+어/EC"
          },
          {
            "id": 29,
            "text": "1 : 수달 물에서 사는 동물인데 그냥 집에 물 밖에서 키우는 거야?",
            "norm_text": "수달 물에서 사는 동물인데 그냥 집에 물 밖에서 키우는 거야?",
            "speaker": {
              "id": "1번",
              "sex": "여성",
              "age": "20대"
            },
            "speechAct": "(지시) 질문하기",
            "morpheme": "수달/NNG+물/NNG+에서/JKB+사/VV+는/ETM+동물/NNG+인데/VCP+EC+그냥/MAG+집/NNG+에/JKB+물/NNG+밖/NNG+에서/JKB+키우/VV+는/ETM+거/NNB+야/VCP+EF"
          },
          {
            "id": 30,
            "text": "2 : 키키 집에서 키우는 거면 그렇지 않을까?",
            "norm_text": "키키 집에서 키우는 거면 그렇지 않을까?",
            "speaker": {
              "id": "2번",
              "sex": "여성",
              "age": "20대"
            },
            "speechAct": "(지시) 질문하기",
            "morpheme": "키/NNG+키/NNG+집/NNG+에서/JKB+키우/VV+는/ETM+거/NNB+면/VCP+EC+그렇/VA+지/EC+않/VX+을까/EF"
          },
          {
            "id": 31,
            "text": "2 : 수영장 같은 거 만들어서 좀 놀게 해주고",
            "norm_text": "수영장 같은 거 만들어서 좀 놀게 해주고",
            "speaker": {
              "id": "2번",
              "sex": "여성",
              "age": "20대"
            },
            "speechAct": "(단언) 진술하기",
            "morpheme": "수영장/NNG+같/VA+은/ETM+거/NNB+만들/VV+어서/EC+좀/MAG+놀/VV+게/EC+해/VV+EC+주/VX+고/EC"
          },
          {
            "id": 32,
            "text": "3 : 웅웅 잘 기억 안 나는데 수영장 느낌이 있었던 것 같아!",
            "norm_text": "웅웅 잘 기억 안 나는데 수영장 느낌이 있었던 것 같아!",
            "speaker": {
              "id": "3번",
              "sex": "여성",
              "age": "20대"
            },
            "speechAct": "(단언) 주장하기",
            "morpheme": "웅웅/MAG+잘/MAG+기억/NNG+안/MAG+나/VV+는데/EC+수영장/NNG+느낌/NNG+이/JKS+있/VA+었/EP+던/ETM+것/NNB+같/VA+아/EF"
          },
          {
            "id": 33,
            "text": "3 : 집 같지 않은 느낌이었어",
            "norm_text": "집 같지 않은 느낌이었어",
            "speaker": {
              "id": "3번",
              "sex": "여성",
              "age": "20대"
            },
            "speechAct": "(단언) 주장하기",
            "morpheme": "집/NNG+같/VA+지/EC+않/VX+은/ETM+느낌/NNG+이/VCP+었/EP+어/EC"
          }
        ]
      }
    }
  ]
}