{
  "dataset": {
    "identifier": 51223,
    "name": "BAND_34_07_set",
    "src_path": "/data/file/cubeManager/PROJECT001/53/txt20210928113647095466/BAND_34_07_set/",
    "label_path": "/data/file/cubeManager/PROJECT001/53/txt20210928113647095466/BAND_34_07_set/",
    "category": 2,
    "type": 0
  },
  "licenses": {
    "name": "Apache License 1.0",
    "url": "http://www.apache.org/licenses/LICENSE-1.0"
  },
  "info": [
    {
      "id": 35466,
      "filename": "BAND_34_07.txt",
      "title": "BAND_34_07",
      "mediatype": "SNS",
      "medianame": "네이버밴드",
      "category": "일상대화",
      "date": "2021-09-28",
      "size": 381,
      "annotations": {
        "subject": "가족",
        "speaker_type": "1:1",
        "size": 381,
        "word_size": 131,
        "text": "1 : 오빠네 부모님 아픈 데는 없으시지?\n2 : 그럼 키키 완전 정정하시지 키키 아무렴\n1 : 저번에 아빠 차 사고 나셨다며!\n2 : 응 맞아 엔진 오일 교체를 안 하셔서 ㅠ\n1 : 헉 그래서 차가 터진 거야?\n2 : 터진 건 아니고 연기 나면서 도로에 퍼져버렸대\n1 : 아 나는 아버님이 다치신 줄 알았는데 차만 다친 거네!\n2 : 맞아 키키 그나마 차만 다친 게 다행이야\n1 : 그러니까 이번 기회로 차 바꾸시겠네~\n2 : 키키 그치 내가 좋은 차로 바꿔드려야지\n1 : 진짜? 바꿔줄 수 있는 능력 돼?\n2 : 내 차 팔아서라도 아빠 차는 꼭 바꿀 꺼야\n1 : 오빠 차 꾸졌잖아 키키\n2 : 키키 차 팔고 대출 받으면 되지 키키\n1 : 그 차 팔 수 있어?\n2 : 키키 아마도 사는 사람은 있지 않을까?",
        "lines": [
          {
            "id": 1,
            "text": "1 : 오빠네 부모님 아픈 데는 없으시지?",
            "norm_text": "오빠네 부모님 아픈 데는 없으시지?",
            "speaker": {
              "id": "1번",
              "sex": "여성",
              "age": "20대"
            },
            "speechAct": "(지시) 질문하기",
            "morpheme": "오빠/NNG+네/XSN+부모/NNG+님/XSN+아픈/VA+ETM+데/NNB+는/JX+없/VA+으시/EP+지/EF"
          },
          {
            "id": 2,
            "text": "2 : 그럼 키키 완전 정정하시지 키키 아무렴",
            "norm_text": "그럼 키키 완전 정정하시지 키키 아무렴",
            "speaker": {
              "id": "2번",
              "sex": "남성",
              "age": "30대"
            },
            "speechAct": "(단언) 진술하기",
            "morpheme": "그럼/MAJ+키/NNG+키/NNG+완전/NNG+정정/NNG+하/XSV+시/EP+지/EC+키/NNG+키/XSV+ETN+아무/VV+렴/EC"
          },
          {
            "id": 3,
            "text": "1 : 저번에 아빠 차 사고 나셨다며!",
            "norm_text": "저번에 아빠 차 사고 나셨다며!",
            "speaker": {
              "id": "1번",
              "sex": "여성",
              "age": "20대"
            },
            "speechAct": "(지시) 질문하기",
            "morpheme": "저번/NNG+에/JKB+아빠/NNG+차/VV+사고/EC+나/VX+셨/EP+EP+다며/EF"
          },
          {
            "id": 4,
            "text": "2 : 응 맞아 엔진 오일 교체를 안 하셔서 ㅠ",
            "norm_text": "응 맞아 엔진 오일 교체를 안 하셔서 ㅠ",
            "speaker": {
              "id": "2번",
              "sex": "남성",
              "age": "30대"
            },
            "speechAct": "(단언) 진술하기",
            "morpheme": "응/IC+맞아/IC+엔진오일/NNP+교체/NNG+를/JKO+안/MAG+하/VV+셔서/EP+EC+ㅠ/UNKNOWN"
          },
          {
            "id": 5,
            "text": "1 : 헉 그래서 차가 터진 거야?",
            "norm_text": "헉 그래서 차가 터진 거야?",
            "speaker": {
              "id": "1번",
              "sex": "여성",
              "age": "20대"
            },
            "speechAct": "(지시) 질문하기",
            "morpheme": "헉/IC+그래서/MAJ+차/NNG+가/JKS+터진/VV+ETM+거/NNB+야/VCP+EF"
          },
          {
            "id": 6,
            "text": "2 : 터진 건 아니고 연기 나면서 도로에 퍼져버렸대",
            "norm_text": "터진 건 아니고 연기 나면서 도로에 퍼져버렸대",
            "speaker": {
              "id": "2번",
              "sex": "남성",
              "age": "30대"
            },
            "speechAct": "(단언) 진술하기",
            "morpheme": "터진/VV+ETM+건/NNB+JX+아니/VCN+고/EC+연기/NNG+나/VV+면서/EC+도로/NNG+에/JKB+퍼져/VV+EC+버렸/VX+EP+대/EC"
          },
          {
            "id": 7,
            "text": "1 : 아 나는 아버님이 다치신 줄 알았는데 차만 다친 거네!",
            "norm_text": "아 나는 아버님이 다치신 줄 알았는데 차만 다친 거네!",
            "speaker": {
              "id": "1번",
              "sex": "여성",
              "age": "20대"
            },
            "speechAct": "(단언) 진술하기",
            "morpheme": "아/IC+나/NP+는/JX+아버님/NNG+이/JKS+다치/VV+신/EP+ETM+줄/NNB+알/VV+았/EP+는데/EC+차/NNG+만/JX+다친/VV+ETM+거/NNB+네/VCP+EF"
          },
          {
            "id": 8,
            "text": "2 : 맞아 키키 그나마 차만 다친 게 다행이야",
            "norm_text": "맞아 키키 그나마 차만 다친 게 다행이야",
            "speaker": {
              "id": "2번",
              "sex": "남성",
              "age": "30대"
            },
            "speechAct": "(단언) 주장하기",
            "morpheme": "맞/VV+아/EC+키/NNG+키/XSV+ETN+그나마/MAG+차/NNG+만/JX+다친/VV+ETM+게/NNB+JKS+다행/NNG+이/VCP+야/EC"
          },
          {
            "id": 9,
            "text": "1 : 그러니까 이번 기회로 차 바꾸시겠네~",
            "norm_text": "그러니까 이번 기회로 차 바꾸시겠네~",
            "speaker": {
              "id": "1번",
              "sex": "여성",
              "age": "20대"
            },
            "speechAct": "(단언) 주장하기",
            "morpheme": "그러니까/MAJ+이번/NNG+기회/NNG+로/JKB+차/NNG+바꾸/VV+시/EP+겠/EP+네/EF+~/SY"
          },
          {
            "id": 10,
            "text": "2 : 키키 그치 내가 좋은 차로 바꿔드려야지",
            "norm_text": "키키 그치 내가 좋은 차로 바꿔드려야지",
            "speaker": {
              "id": "2번",
              "sex": "남성",
              "age": "30대"
            },
            "speechAct": "(단언) 주장하기",
            "morpheme": "키/NNG+키/XSV+ETN+그치/IC+내/NP+가/JKS+좋/VA+은/ETM+차/NNG+로/JKB+바꿔/VV+EC+드려야/VX+EC+VX+지/EC"
          },
          {
            "id": 11,
            "text": "1 : 진짜? 바꿔줄 수 있는 능력 돼?",
            "norm_text": "진짜? 바꿔줄 수 있는 능력 돼?",
            "speaker": {
              "id": "1번",
              "sex": "여성",
              "age": "20대"
            },
            "speechAct": "(지시) 질문하기",
            "morpheme": "진짜/MAG+바꿔/VV+EC+줄/VX+ETM+수/NNB+있/VV+는/ETM+능력/NNG+돼/XSV+EF"
          },
          {
            "id": 12,
            "text": "2 : 내 차 팔아서라도 아빠 차는 꼭 바꿀 꺼야",
            "norm_text": "내 차 팔아서라도 아빠 차는 꼭 바꿀 꺼야",
            "speaker": {
              "id": "2번",
              "sex": "남성",
              "age": "30대"
            },
            "speechAct": "(단언) 주장하기",
            "morpheme": "내/NP+JKG+차/NNG+팔/VV+아서라도/EC+아빠/NNG+차/NNG+는/JX+꼭/MAG+바꿀/VV+ETM+꺼/NNB+VCP+야/EC"
          },
          {
            "id": 13,
            "text": "1 : 오빠 차 꾸졌잖아 키키",
            "norm_text": "오빠 차 꾸졌잖아 키키",
            "speaker": {
              "id": "1번",
              "sex": "여성",
              "age": "20대"
            },
            "speechAct": "(단언) 주장하기",
            "morpheme": "오빠/NNG+차/NNG+꾸졌/VA+EP+잖아/EF+키/NNG+키/XSV+ETN"
          },
          {
            "id": 14,
            "text": "2 : 키키 차 팔고 대출 받으면 되지 키키",
            "norm_text": "키키 차 팔고 대출 받으면 되지 키키",
            "speaker": {
              "id": "2번",
              "sex": "남성",
              "age": "30대"
            },
            "speechAct": "(단언) 주장하기",
            "morpheme": "키/NNG+키/NNG+차/NNG+팔/VV+고/EC+대출/NNG+받/VV+으면/EC+되/VV+지/EC+키/NNG+키/XSV+ETN"
          },
          {
            "id": 15,
            "text": "1 : 그 차 팔 수 있어?",
            "norm_text": "그 차 팔 수 있어?",
            "speaker": {
              "id": "1번",
              "sex": "여성",
              "age": "20대"
            },
            "speechAct": "(지시) 질문하기",
            "morpheme": "그/MM+차/NNG+팔/VV+ETM+수/NNB+있/VV+어/EF"
          },
          {
            "id": 16,
            "text": "2 : 키키 아마도 사는 사람은 있지 않을까?",
            "norm_text": "키키 아마도 사는 사람은 있지 않을까?",
            "speaker": {
              "id": "2번",
              "sex": "남성",
              "age": "30대"
            },
            "speechAct": "(지시) 질문하기",
            "morpheme": "키/NNG+키/XSV+ETN+아마도/MAG+사/VV+는/ETM+사람/NNG+은/JX+있/VA+지/EC+않/VX+을까/EF"
          }
        ]
      }
    }
  ]
}