{
  "dataset": {
    "identifier": 122315,
    "name": "BAND_45_02_set",
    "src_path": "/data/file/cubeManager/PROJECT001/80/txt20211103154613068414/BAND_45_02_set/",
    "label_path": "/data/file/cubeManager/PROJECT001/80/txt20211103154613068414/BAND_45_02_set/",
    "category": 2,
    "type": 0
  },
  "licenses": {
    "name": "Apache License 1.0",
    "url": "http://www.apache.org/licenses/LICENSE-1.0"
  },
  "info": [
    {
      "id": 135497,
      "filename": "BAND_45_02.txt",
      "title": "BAND_45_02",
      "mediatype": "SNS",
      "medianame": "네이버밴드",
      "category": "일상대화",
      "date": "2021-11-03",
      "size": 494,
      "annotations": {
        "subject": "주거와 생활",
        "speaker_type": "다자간 대화",
        "size": 494,
        "word_size": 167,
        "text": "1 : 다들 집 꾸미는 거 좋아해?\n2 : 음 꾸미는 거 좋아하는 거 같애\n3 : 자취하고 생긴 유일한 낙\n1 : 그럼 가구 보는 거 좋아하겠다\n2 : 꾸미는 걸 좋아하는 건가 그냥 깔끔해 보이는 걸 좋아해서 키키\n3 : 가구는 자고로 가성비지 키키\n3 : 가구 구경하면 시간 순삭\n1 : 키키 나는 자취하면 엄청 꾸밀 예정!\n2 : 나는 하얀색 벽지 너무 싫더라 ㅠㅠ\n3 : 로또 당첨되면 집사고 꾸밀 생각만 50번 했어\n1 : 키키 나도 꿈이야 키키\n1 : 그럼 무슨색 좋아해?\n2 : 나는 남색류\n2 : 조금 어두운톤 좋아하지 마음이 안정되는 거 같애서 키키\n3 : 자고로 남자는 다크그뤠이 알지?\n1 : 혹시 커텐도 암막 커텐 사용중?\n2 : 난 커텐은 안 써 굳이 필요한 거 같지 않아서\n3 : 당연하지\n3 : 암막커튼 최고 키키\n3 : 난 필수야\n1 : 키키 자취할 때 해가 너무 들어와서 치고 살았어\n2 : 아 우리집은 햇빛잘 안 들어와서 ㅠㅠ 커텐 필요가 없더라 ㅠㅠ\n3 : 아침에 눈 안부시게 일어나는 행복",
        "lines": [
          {
            "id": 1,
            "text": "1 : 다들 집 꾸미는 거 좋아해?",
            "norm_text": "다들 집 꾸미는 거 좋아해?",
            "speaker": {
              "id": "1번",
              "sex": "여성",
              "age": "20대"
            },
            "speechAct": "(지시) 질문하기",
            "morpheme": "다/MAG+들/XSN+집/NNG+꾸미/VV+는/ETM+거/NNB+좋/VA+아/EC+해/VX+EF"
          },
          {
            "id": 2,
            "text": "2 : 음 꾸미는 거 좋아하는 거 같애",
            "norm_text": "음 꾸미는 거 좋아하는 거 같애",
            "speaker": {
              "id": "2번",
              "sex": "남성",
              "age": "20대"
            },
            "speechAct": "(단언) 진술하기",
            "morpheme": "음/IC+꾸미/VV+는/ETM+거/NNB+좋/VA+아/EC+하/VV+는/ETM+거/NNB+같/VA+애/EC"
          },
          {
            "id": 3,
            "text": "3 : 자취하고 생긴 유일한 낙",
            "norm_text": "자취하고 생긴 유일한 낙",
            "speaker": {
              "id": "3번",
              "sex": "남성",
              "age": "20대"
            },
            "speechAct": "(단언) 진술하기",
            "morpheme": "자취/NNG+하/XSV+고/EC+생긴/VV+ETM+유일/NNG+한/XSA+ETM+낙/NNG"
          },
          {
            "id": 4,
            "text": "1 : 그럼 가구 보는 거 좋아하겠다",
            "norm_text": "그럼 가구 보는 거 좋아하겠다",
            "speaker": {
              "id": "1번",
              "sex": "여성",
              "age": "20대"
            },
            "speechAct": "(단언) 주장하기",
            "morpheme": "그럼/MAJ+가/VV+구/EC+보/VX+는/ETM+거/NNB+좋/VA+아/EC+하/VX+겠/EP+다/EC"
          },
          {
            "id": 5,
            "text": "2 : 꾸미는 걸 좋아하는 건가 그냥 깔끔해 보이는 걸 좋아해서 키키",
            "norm_text": "꾸미는 걸 좋아하는 건가 그냥 깔끔해 보이는 걸 좋아해서 키키",
            "speaker": {
              "id": "2번",
              "sex": "남성",
              "age": "20대"
            },
            "speechAct": "(단언) 주장하기",
            "morpheme": "꾸미/VV+는/ETM+걸/NNB+JKO+좋/VA+아/EC+하/VV+는/ETM+건가/NNB+VCP+EC+그냥/MAG+깔끔/XR+해/XSA+EC+보이/VV+는/ETM+걸/NNB+JKO+좋/VA+아/EC+해서/VV+EC+키/NNG+키/XSV+ETN"
          },
          {
            "id": 6,
            "text": "3 : 가구는 자고로 가성비지 키키",
            "norm_text": "가구는 자고로 가성비지 키키",
            "speaker": {
              "id": "3번",
              "sex": "남성",
              "age": "20대"
            },
            "speechAct": "(단언) 주장하기",
            "morpheme": "가구/NNG+는/JX+자고로/MAG+가성/NNG+비지/NNG+키/NNG+키/XSV+ETN"
          },
          {
            "id": 7,
            "text": "3 : 가구 구경하면 시간 순삭",
            "norm_text": "가구 구경하면 시간 순삭",
            "speaker": {
              "id": "3번",
              "sex": "남성",
              "age": "20대"
            },
            "speechAct": "(단언) 진술하기",
            "morpheme": "가구/NNG+구경/NNG+하/XSV+면/EC+시간/NNG+순삭/NNG"
          },
          {
            "id": 8,
            "text": "1 : 키키 나는 자취하면 엄청 꾸밀 예정!",
            "norm_text": "키키 나는 자취하면 엄청 꾸밀 예정!",
            "speaker": {
              "id": "1번",
              "sex": "여성",
              "age": "20대"
            },
            "speechAct": "(단언) 주장하기",
            "morpheme": "키/NNG+키나/XSA+ETN+JX+는/JX+자취/NNG+하/XSV+면/EC+엄청/MAG+꾸밀/VV+ETM+예정/NNG"
          },
          {
            "id": 9,
            "text": "2 : 나는 하얀색 벽지 너무 싫더라 ㅠㅠ",
            "norm_text": "나는 하얀색 벽지 너무 싫더라 ㅠㅠ",
            "speaker": {
              "id": "2번",
              "sex": "남성",
              "age": "20대"
            },
            "speechAct": "(단언) 진술하기",
            "morpheme": "나/NP+는/JX+하얀색/NNG+벽지/NNG+너무/MAG+싫/VA+더라/EF+ㅠㅠ/UNKNOWN"
          },
          {
            "id": 10,
            "text": "3 : 로또 당첨되면 집사고 꾸밀 생각만 50번 했어",
            "norm_text": "로또 당첨되면 집사고 꾸밀 생각만 50번 했어",
            "speaker": {
              "id": "3번",
              "sex": "남성",
              "age": "20대"
            },
            "speechAct": "(단언) 진술하기",
            "morpheme": "로또/NNP+당첨/NNG+되/XSV+면/EC+집사/NNG+고/VCP+EC+꾸밀/VV+ETM+생각/NNG+만/JX+50/SN+번/NNBC+했/VV+EP+어/EC"
          },
          {
            "id": 11,
            "text": "1 : 키키 나도 꿈이야 키키",
            "norm_text": "키키 나도 꿈이야 키키",
            "speaker": {
              "id": "1번",
              "sex": "여성",
              "age": "20대"
            },
            "speechAct": "(단언) 주장하기",
            "morpheme": "키/NNG+키나/XSA+ETN+JX+도/JX+꿈/NNG+이/VCP+야/EC+키/NNG+키/XSV+ETN"
          },
          {
            "id": 12,
            "text": "1 : 그럼 무슨색 좋아해?",
            "norm_text": "그럼 무슨색 좋아해?",
            "speaker": {
              "id": "1번",
              "sex": "여성",
              "age": "20대"
            },
            "speechAct": "(지시) 질문하기",
            "morpheme": "그럼/MAJ+무슨/MM+색/NNG+좋/VA+아/EC+해/VX+EF"
          },
          {
            "id": 13,
            "text": "2 : 나는 남색류",
            "norm_text": "나는 남색류",
            "speaker": {
              "id": "2번",
              "sex": "남성",
              "age": "20대"
            },
            "speechAct": "(단언) 진술하기",
            "morpheme": "나/NP+는/JX+남색/NNG+류/XSN"
          },
          {
            "id": 14,
            "text": "2 : 조금 어두운톤 좋아하지 마음이 안정되는 거 같애서 키키",
            "norm_text": "조금 어두운톤 좋아하지 마음이 안정되는 거 같애서 키키",
            "speaker": {
              "id": "2번",
              "sex": "남성",
              "age": "20대"
            },
            "speechAct": "(단언) 진술하기",
            "morpheme": "조금/MAG+어두운/VA+ETM+톤/NNG+좋/VA+아/EC+하/VV+지/EC+마음/NNG+이/JKS+안정/NNG+되/XSV+는/ETM+거/NNB+같/VA+애서/EC+키/NNG+키/XSV+ETN"
          },
          {
            "id": 15,
            "text": "3 : 자고로 남자는 다크그뤠이 알지?",
            "norm_text": "자고로 남자는 다크그뤠이 알지?",
            "speaker": {
              "id": "3번",
              "sex": "남성",
              "age": "20대"
            },
            "speechAct": "(지시) 질문하기",
            "morpheme": "자고로/MAG+남자/NNG+는/JX+다크/NNG+그뤠/UNKNOWN+이/JKS+알/VV+지/EF"
          },
          {
            "id": 16,
            "text": "1 : 혹시 커텐도 암막 커텐 사용중?",
            "norm_text": "혹시 커텐도 암막 커텐 사용중?",
            "speaker": {
              "id": "1번",
              "sex": "여성",
              "age": "20대"
            },
            "speechAct": "(지시) 질문하기",
            "morpheme": "혹시/MAG+커텐/NNG+도/JX+암막/NNG+커텐/NNG+사용/NNG+중/NNB"
          },
          {
            "id": 17,
            "text": "2 : 난 커텐은 안 써 굳이 필요한 거 같지 않아서",
            "norm_text": "난 커텐은 안 써 굳이 필요한 거 같지 않아서",
            "speaker": {
              "id": "2번",
              "sex": "남성",
              "age": "20대"
            },
            "speechAct": "(단언) 주장하기",
            "morpheme": "난/NP+JX+커텐/NNG+은/JX+안/MAG+써/VV+EC+굳이/MAG+필요/NNG+한/XSA+ETM+거/NNB+같/VA+지/EC+않/VX+아서/EC"
          },
          {
            "id": 18,
            "text": "3 : 당연하지",
            "norm_text": "당연하지",
            "speaker": {
              "id": "3번",
              "sex": "남성",
              "age": "20대"
            },
            "speechAct": "(단언) 진술하기",
            "morpheme": "당연/XR+하/XSA+지/EC"
          },
          {
            "id": 19,
            "text": "3 : 암막커튼 최고 키키",
            "norm_text": "암막커튼 최고 키키",
            "speaker": {
              "id": "3번",
              "sex": "남성",
              "age": "20대"
            },
            "speechAct": "(단언) 진술하기",
            "morpheme": "암막/NNG+커튼/NNG+최고/NNG+키/NNG+키/XSV+ETN"
          },
          {
            "id": 20,
            "text": "3 : 난 필수야",
            "norm_text": "난 필수야",
            "speaker": {
              "id": "3번",
              "sex": "남성",
              "age": "20대"
            },
            "speechAct": "(단언) 주장하기",
            "morpheme": "난/NP+JX+필수/NNG+야/VCP+EF"
          },
          {
            "id": 21,
            "text": "1 : 키키 자취할 때 해가 너무 들어와서 치고 살았어",
            "norm_text": "키키 자취할 때 해가 너무 들어와서 치고 살았어",
            "speaker": {
              "id": "1번",
              "sex": "여성",
              "age": "20대"
            },
            "speechAct": "(단언) 주장하기",
            "morpheme": "키/NNG+키/NNG+자취/NNG+할/XSV+ETM+때/NNG+해/NNG+가/JKS+너무/MAG+들어와서/VV+EC+치/VV+고/EC+살/VV+았/EP+어/EC"
          },
          {
            "id": 22,
            "text": "2 : 아 우리집은 햇빛잘 안 들어와서 ㅠㅠ 커텐 필요가 없더라 ㅠㅠ",
            "norm_text": "아 우리집은 햇빛잘 안 들어와서 ㅠㅠ 커텐 필요가 없더라 ㅠㅠ",
            "speaker": {
              "id": "2번",
              "sex": "남성",
              "age": "20대"
            },
            "speechAct": "(단언) 주장하기",
            "morpheme": "아/IC+우리/NP+집/NNG+은/JX+햇빛/NNG+잘/MAG+안/MAG+들어와서/VV+EC+ㅠㅠ/UNKNOWN+커텐/NNG+필요/NNG+가/JKS+없/VA+더라/EF+ㅠㅠ/UNKNOWN"
          },
          {
            "id": 23,
            "text": "3 : 아침에 눈 안부시게 일어나는 행복",
            "norm_text": "아침에 눈 안부시게 일어나는 행복",
            "speaker": {
              "id": "3번",
              "sex": "남성",
              "age": "20대"
            },
            "speechAct": "(단언) 진술하기",
            "morpheme": "아침/NNG+에/JKB+눈/NNG+안/MAG+부시/VV+게/EC+일어나/VV+는/ETM+행복/NNG"
          }
        ]
      }
    }
  ]
}