{
  "dataset": {
    "identifier": 58301,
    "name": "BAND_31_18_set",
    "src_path": "/data/file/cubeManager/PROJECT001/53/txt20210927144542063475/BAND_31_18_set/",
    "label_path": "/data/file/cubeManager/PROJECT001/53/txt20210927144542063475/BAND_31_18_set/",
    "category": 2,
    "type": 0
  },
  "licenses": {
    "name": "Apache License 1.0",
    "url": "http://www.apache.org/licenses/LICENSE-1.0"
  },
  "info": [
    {
      "id": 34376,
      "filename": "BAND_31_18.txt",
      "title": "BAND_31_18",
      "mediatype": "SNS",
      "medianame": "네이버밴드",
      "category": "일상대화",
      "date": "2021-09-27",
      "size": 417,
      "annotations": {
        "subject": "상거래 전반",
        "speaker_type": "1:1",
        "size": 417,
        "word_size": 138,
        "text": "1 : 요즘에 너네 회사에 좋은 주식 소스 없니?\n2 : 회사는 아니고 남자친구가 주식 하고 있어 키키\n1 : 어떤 종목으로 투자하고 계셔?\n2 : 식품 회사 분야로 공부하더라고 키키\n1 : 거기 한 주당 얼마래?\n2 : 한 주당 만 오천 원 정도 해 키키 살만해 키키\n1 : 미래성이 보이는 회사에 투자하신 거야?\n2 : 테마주로 산 거야 단타 치려고 키키\n1 : 테마주는 어떤 말이야?\n1 : 단타는 무슨 말이고?\n2 : 테마주는 그때의 핫한 주제? 같은 거야 키키\n1 : 그렇구나 그거 카톡 방도 따로 만들던데!\n2 : 맞아 들어가 본 적은 없는데 도움이 되나 봐 키키\n1 : 맞아 나도 들어가고 싶은데 간이 작아서 못하겠어 ㅜㅜ\n2 : 맞아 주식은 없어도 되는 돈으로 해야 해 키키\n1 : 나는 없어도 되는 돈이 없어 ㅜ\n2 : 나도 마찬가지야 우리 적금 열심히 하자",
        "lines": [
          {
            "id": 1,
            "text": "1 : 요즘에 너네 회사에 좋은 주식 소스 없니?",
            "norm_text": "요즘에 너네 회사에 좋은 주식 소스 없니?",
            "speaker": {
              "id": "1번",
              "sex": "여성",
              "age": "20대"
            },
            "speechAct": "(지시) 질문하기",
            "morpheme": "요즘/NNG+에/JKB+너/NP+네/XSN+회사/NNG+에/JKB+좋/VA+은/ETM+주식/NNG+소스/NNG+없/VA+니/EF"
          },
          {
            "id": 2,
            "text": "2 : 회사는 아니고 남자친구가 주식 하고 있어 키키",
            "norm_text": "회사는 아니고 남자친구가 주식 하고 있어 키키",
            "speaker": {
              "id": "2번",
              "sex": "여성",
              "age": "20대"
            },
            "speechAct": "(단언) 진술하기",
            "morpheme": "회사/NNG+는/JX+아니/VCN+고/EC+남자/NNG+친구/NNG+가/JKS+주식/NNG+하/XSV+고/EC+있/VX+어/EC+키/NNG+키/XSV+ETN"
          },
          {
            "id": 3,
            "text": "1 : 어떤 종목으로 투자하고 계셔?",
            "norm_text": "어떤 종목으로 투자하고 계셔?",
            "speaker": {
              "id": "1번",
              "sex": "여성",
              "age": "20대"
            },
            "speechAct": "(지시) 질문하기",
            "morpheme": "어떤/MM+종목/NNG+으로/JKB+투자/NNG+하/XSV+고/EC+계셔/VX+EF"
          },
          {
            "id": 4,
            "text": "2 : 식품 회사 분야로 공부하더라고 키키",
            "norm_text": "식품 회사 분야로 공부하더라고 키키",
            "speaker": {
              "id": "2번",
              "sex": "여성",
              "age": "20대"
            },
            "speechAct": "(단언) 진술하기",
            "morpheme": "식품/NNG+회사/NNG+분야/NNG+로/JKB+공부/NNG+하/XSV+더라고/EC+키/NNG+키/XSV+ETN"
          },
          {
            "id": 5,
            "text": "1 : 거기 한 주당 얼마래?",
            "norm_text": "거기 한 주당 얼마래?",
            "speaker": {
              "id": "1번",
              "sex": "여성",
              "age": "20대"
            },
            "speechAct": "(지시) 질문하기",
            "morpheme": "거기/NP+한/MM+주당/NNG+얼마/NNG+래/VCP+EF"
          },
          {
            "id": 6,
            "text": "2 : 한 주당 만 오천 원 정도 해 키키 살만해 키키",
            "norm_text": "한 주당 만 오천 원 정도 해 키키 살만해 키키",
            "speaker": {
              "id": "2번",
              "sex": "여성",
              "age": "20대"
            },
            "speechAct": "(단언) 진술하기",
            "morpheme": "한/MM+주당/NNG+만/JX+오/NR+천/NR+원/NNBC+정도/NNG+해/XSV+EC+키키/NNP+살/NNBC+만/JX+해/VV+EC+키/NNG+키/XSV+ETN"
          },
          {
            "id": 7,
            "text": "1 : 미래성이 보이는 회사에 투자하신 거야?",
            "norm_text": "미래성이 보이는 회사에 투자하신 거야?",
            "speaker": {
              "id": "1번",
              "sex": "여성",
              "age": "20대"
            },
            "speechAct": "(지시) 질문하기",
            "morpheme": "미래/NNG+성/XSN+이/JKS+보이/VV+는/ETM+회사/NNG+에/JKB+투자/NNG+하/XSV+신/EP+ETM+거/NNB+야/VCP+EF"
          },
          {
            "id": 8,
            "text": "2 : 테마주로 산 거야 단타 치려고 키키",
            "norm_text": "테마주로 산 거야 단타 치려고 키키",
            "speaker": {
              "id": "2번",
              "sex": "여성",
              "age": "20대"
            },
            "speechAct": "(단언) 진술하기",
            "morpheme": "테마주/NNP+로/JKB+산거야/VV+ETM+NNB+VCP+EF+단타/NNG+치/VV+려고/EC+키/NNG+키/XSV+ETN"
          },
          {
            "id": 9,
            "text": "1 : 테마주는 어떤 말이야?",
            "norm_text": "테마주는 어떤 말이야?",
            "speaker": {
              "id": "1번",
              "sex": "여성",
              "age": "20대"
            },
            "speechAct": "(지시) 질문하기",
            "morpheme": "테마주/NNP+는/JX+어떤/MM+말/NNG+이/VCP+야/EF"
          },
          {
            "id": 10,
            "text": "1 : 단타는 무슨 말이고?",
            "norm_text": "단타는 무슨 말이고?",
            "speaker": {
              "id": "1번",
              "sex": "여성",
              "age": "20대"
            },
            "speechAct": "(지시) 질문하기",
            "morpheme": "단타/NNG+는/JX+무슨/MM+말/NNG+이/VCP+고/EC"
          },
          {
            "id": 11,
            "text": "2 : 테마주는 그때의 핫한 주제? 같은 거야 키키",
            "norm_text": "테마주는 그때의 핫한 주제? 같은 거야 키키",
            "speaker": {
              "id": "2번",
              "sex": "여성",
              "age": "20대"
            },
            "speechAct": "(단언) 진술하기",
            "morpheme": "테마주/NNP+는/JX+그때/NNG+의/JKG+핫/NNG+한/XSA+ETM+주제/NNG+같/VA+은/ETM+거/NNB+야/VCP+EF+키/NNG+키/XSV+ETN"
          },
          {
            "id": 12,
            "text": "1 : 그렇구나 그거 카톡 방도 따로 만들던데!",
            "norm_text": "그렇구나 그거 카톡 방도 따로 만들던데!",
            "speaker": {
              "id": "1번",
              "sex": "여성",
              "age": "20대"
            },
            "speechAct": "(단언) 진술하기",
            "morpheme": "그렇/VA+구나/EF+그거/NP+카톡/NNP+방/NNG+도/JX+따로/MAG+만들/VV+던데/EF"
          },
          {
            "id": 13,
            "text": "2 : 맞아 들어가 본 적은 없는데 도움이 되나 봐 키키",
            "norm_text": "맞아 들어가 본 적은 없는데 도움이 되나 봐 키키",
            "speaker": {
              "id": "2번",
              "sex": "여성",
              "age": "20대"
            },
            "speechAct": "(단언) 진술하기",
            "morpheme": "맞/VV+아/EC+들어가/VV+EC+본/VX+ETM+적/NNB+은/JX+없/VA+는데/EC+도움/NNG+이/JKS+되/VV+나/EC+봐/VX+EF+키/NNG+키/XSV+ETN"
          },
          {
            "id": 14,
            "text": "1 : 맞아 나도 들어가고 싶은데 간이 작아서 못하겠어 ㅜㅜ",
            "norm_text": "맞아 나도 들어가고 싶은데 간이 작아서 못하겠어 ㅜㅜ",
            "speaker": {
              "id": "1번",
              "sex": "여성",
              "age": "20대"
            },
            "speechAct": "(단언) 주장하기",
            "morpheme": "맞/VV+아/EC+나/NP+도/JX+들어가/VV+고/EC+싶/VX+은데/EC+간/NNG+이/JKS+작/VA+아서/EC+못하/VX+겠/EP+어/EF+ㅜㅜ/UNKNOWN"
          },
          {
            "id": 15,
            "text": "2 : 맞아 주식은 없어도 되는 돈으로 해야 해 키키",
            "norm_text": "맞아 주식은 없어도 되는 돈으로 해야 해 키키",
            "speaker": {
              "id": "2번",
              "sex": "여성",
              "age": "20대"
            },
            "speechAct": "(단언) 주장하기",
            "morpheme": "맞/VV+아/EC+주식/NNG+은/JX+없/VA+어도/EC+되/VV+는/ETM+돈/NNG+으로/JKB+해야/VV+EC+해/VV+EC+키/NNG+키/XSV+ETN"
          },
          {
            "id": 16,
            "text": "1 : 나는 없어도 되는 돈이 없어 ㅜ",
            "norm_text": "나는 없어도 되는 돈이 없어 ㅜ",
            "speaker": {
              "id": "1번",
              "sex": "여성",
              "age": "20대"
            },
            "speechAct": "(단언) 진술하기",
            "morpheme": "나/NP+는/JX+없/VA+어도/EC+되/VV+는/ETM+돈/NNG+이/JKS+없/VA+어/EC+ㅜ/UNKNOWN"
          },
          {
            "id": 17,
            "text": "2 : 나도 마찬가지야 우리 적금 열심히 하자",
            "norm_text": "나도 마찬가지야 우리 적금 열심히 하자",
            "speaker": {
              "id": "2번",
              "sex": "여성",
              "age": "20대"
            },
            "speechAct": "(지시) 충고/제안하기",
            "morpheme": "나/NP+도/JX+마찬가지/NNG+야/VCP+EF+우리/NP+적금/NNG+열심히/MAG+하/VV+자/EC"
          }
        ]
      }
    }
  ]
}