{
  "dataset": {
    "identifier": 23840,
    "name": "BAND_30_18_set",
    "src_path": "/data/file/cubeManager/PROJECT001/49/txt20210923160937034983/BAND_30_18_set/",
    "label_path": "/data/file/cubeManager/PROJECT001/49/txt20210923160937034983/BAND_30_18_set/",
    "category": 2,
    "type": 0
  },
  "licenses": {
    "name": "Apache License 1.0",
    "url": "http://www.apache.org/licenses/LICENSE-1.0"
  },
  "info": [
    {
      "id": 31769,
      "filename": "BAND_30_18.txt",
      "title": "BAND_30_18",
      "mediatype": "SNS",
      "medianame": "네이버밴드",
      "category": "일상대화",
      "date": "2021-09-23",
      "size": 445,
      "annotations": {
        "subject": "상거래 전반",
        "speaker_type": "1:1",
        "size": 445,
        "word_size": 140,
        "text": "1 : 너 왜 주식 그만뒀어?\n2 : 주식은 없어도 되는 돈으로 해야 하는 거 같아\n1 : 키키 아니야 월급의 10%는 주식에 투자하라고 했어!\n2 : 사람의 욕심은 끝이 없고 같은 실수를 반복하지\n1 : 그거는 인정 너 많이 잃었구나?\n2 : 키키 결론으로 보자면 벌긴 했지만 막판에 털고 나왔지\n1 : 아 진짜? 얼마나 벌었어?\n2 : 결론으로는 아마 50프로 정도 벌었어 !\n1 : 50%면 계속 가지고 있었어야지!\n2 : 다른 거 샀다가 더 벌 수 있었는데 많이 까였지 그래서 포기했어\n1 : 원래 주식은 그런 거라고 했어\n1 : 주식은 나의 친구와 같다고.\n2 : 키키 맞아 자꾸 욕심나더라구 더 넣고 싶어서\n1 : 그러면 더 넣었어야지 우량주 쪽으로!\n2 : 키키 나는 단타쟁이여서 장기 투자는 못하겠더라 키키\n1 : 주식은 단타로 하는 거 아니라고 했는데 잘 했네.\n2 : 키키 주변에서 도움 많이 받았었지 그땐",
        "lines": [
          {
            "id": 1,
            "text": "1 : 너 왜 주식 그만뒀어?",
            "norm_text": "너 왜 주식 그만뒀어?",
            "speaker": {
              "id": "1번",
              "sex": "여성",
              "age": "20대"
            },
            "speechAct": "(지시) 질문하기",
            "morpheme": "너/NP+왜/MAG+주식/NNG+그만뒀/VV+EP+어/EF"
          },
          {
            "id": 2,
            "text": "2 : 주식은 없어도 되는 돈으로 해야 하는 거 같아",
            "norm_text": "주식은 없어도 되는 돈으로 해야 하는 거 같아",
            "speaker": {
              "id": "2번",
              "sex": "여성",
              "age": "20대"
            },
            "speechAct": "(단언) 주장하기",
            "morpheme": "주식/NNG+은/JX+없/VA+어도/EC+되/VV+는/ETM+돈/NNG+으로/JKB+해야/VV+EC+하/VV+는/ETM+거/NNB+같/VA+아/EC"
          },
          {
            "id": 3,
            "text": "1 : 키키 아니야 월급의 10%는 주식에 투자하라고 했어!",
            "norm_text": "키키 아니야 월급의 10%는 주식에 투자하라고 했어!",
            "speaker": {
              "id": "1번",
              "sex": "여성",
              "age": "20대"
            },
            "speechAct": "(단언) 주장하기",
            "morpheme": "키/NNG+키/XSV+ETN+아니/VCN+야/EC+월급/NNG+의/JKG+10/SN+%/SY+는/JX+주식/NNG+에/JKB+투자/NNG+하/XSV+라고/EC+했/VX+EP+어/EF"
          },
          {
            "id": 4,
            "text": "2 : 사람의 욕심은 끝이 없고 같은 실수를 반복하지",
            "norm_text": "사람의 욕심은 끝이 없고 같은 실수를 반복하지",
            "speaker": {
              "id": "2번",
              "sex": "여성",
              "age": "20대"
            },
            "speechAct": "(단언) 주장하기",
            "morpheme": "사람/NNG+의/JKG+욕심/NNG+은/JX+끝/NNG+이/JKS+없/VA+고/EC+같/VA+은/ETM+실수/NNG+를/JKO+반복/NNG+하/XSV+지/EC"
          },
          {
            "id": 5,
            "text": "1 : 그거는 인정 너 많이 잃었구나?",
            "norm_text": "그거는 인정 너 많이 잃었구나?",
            "speaker": {
              "id": "1번",
              "sex": "여성",
              "age": "20대"
            },
            "speechAct": "(지시) 질문하기",
            "morpheme": "그거/NP+는/JX+인정/NNG+너/NP+많이/MAG+잃/VV+었/EP+구나/EF"
          },
          {
            "id": 6,
            "text": "2 : 키키 결론으로 보자면 벌긴 했지만 막판에 털고 나왔지",
            "norm_text": "키키 결론으로 보자면 벌긴 했지만 막판에 털고 나왔지",
            "speaker": {
              "id": "2번",
              "sex": "여성",
              "age": "20대"
            },
            "speechAct": "(단언) 주장하기",
            "morpheme": "키/NNG+키/NNG+결론/NNG+으로/JKB+보/VV+자면/EC+벌/VV+긴/ETN+JX+했/VX+EP+지만/EC+막판/NNG+에/JKB+털/VV+고/EC+나왔/VV+EP+지/EC"
          },
          {
            "id": 7,
            "text": "1 : 아 진짜? 얼마나 벌었어?",
            "norm_text": "아 진짜? 얼마나 벌었어?",
            "speaker": {
              "id": "1번",
              "sex": "여성",
              "age": "20대"
            },
            "speechAct": "(지시) 질문하기",
            "morpheme": "아/IC+진짜/MAG+얼마나/MAG+벌/VV+었/EP+어/EF"
          },
          {
            "id": 8,
            "text": "2 : 결론으로는 아마 50프로 정도 벌었어 !",
            "norm_text": "결론으로는 아마 50프로 정도 벌었어 !",
            "speaker": {
              "id": "2번",
              "sex": "여성",
              "age": "20대"
            },
            "speechAct": "(단언) 주장하기",
            "morpheme": "결론/NNG+으로/JKB+는/JX+아마/MAG+50/SN+프로/NNG+정도/NNG+벌/VV+었/EP+어/EF"
          },
          {
            "id": 9,
            "text": "1 : 50%면 계속 가지고 있었어야지!",
            "norm_text": "50%면 계속 가지고 있었어야지!",
            "speaker": {
              "id": "1번",
              "sex": "여성",
              "age": "20대"
            },
            "speechAct": "(단언) 주장하기",
            "morpheme": "50/SN+%/SY+면/EC+계속/MAG+가지/VV+고/EC+있/VX+었/EP+어야지/EF"
          },
          {
            "id": 10,
            "text": "2 : 다른 거 샀다가 더 벌 수 있었는데 많이 까였지 그래서 포기했어",
            "norm_text": "다른 거 샀다가 더 벌 수 있었는데 많이 까였지 그래서 포기했어",
            "speaker": {
              "id": "2번",
              "sex": "여성",
              "age": "20대"
            },
            "speechAct": "(단언) 주장하기",
            "morpheme": "다른/MM+거/NNB+샀/VV+EP+다가/EC+더/MAG+벌/VV+ETM+수/NNB+있/VV+었/EP+는데/EC+많이/MAG+까/VV+였/EP+지/EF+그래서/MAJ+포기/NNG+했/XSV+EP+어/EC"
          },
          {
            "id": 11,
            "text": "1 : 원래 주식은 그런 거라고 했어",
            "norm_text": "원래 주식은 그런 거라고 했어",
            "speaker": {
              "id": "1번",
              "sex": "여성",
              "age": "20대"
            },
            "speechAct": "(단언) 진술하기",
            "morpheme": "원래/MAG+주식/NNG+은/JX+그런/MM+거/NNB+라고/VCP+EC+했/VX+EP+어/EC"
          },
          {
            "id": 12,
            "text": "1 : 주식은 나의 친구와 같다고.",
            "norm_text": "주식은 나의 친구와 같다고.",
            "speaker": {
              "id": "1번",
              "sex": "여성",
              "age": "20대"
            },
            "speechAct": "(단언) 주장하기",
            "morpheme": "주식/NNG+은/JX+나/NP+의/JKG+친구/NNG+와/JKB+같/VA+다고/EF"
          },
          {
            "id": 13,
            "text": "2 : 키키 맞아 자꾸 욕심나더라구 더 넣고 싶어서",
            "norm_text": "키키 맞아 자꾸 욕심나더라구 더 넣고 싶어서",
            "speaker": {
              "id": "2번",
              "sex": "여성",
              "age": "20대"
            },
            "speechAct": "(단언) 주장하기",
            "morpheme": "키/NNG+키/XSV+ETN+맞/VV+아/EC+자꾸/MAG+욕심나/VV+더라구/EC+더/MAG+넣/VV+고/EC+싶/VX+어서/EC"
          },
          {
            "id": 14,
            "text": "1 : 그러면 더 넣었어야지 우량주 쪽으로!",
            "norm_text": "그러면 더 넣었어야지 우량주 쪽으로!",
            "speaker": {
              "id": "1번",
              "sex": "여성",
              "age": "20대"
            },
            "speechAct": "(지시) 충고/제안하기",
            "morpheme": "그러면/MAJ+더/MAG+넣/VV+었/EP+어야지/EC+우량주/NNG+쪽/NNB+으로/JKB"
          },
          {
            "id": 15,
            "text": "2 : 키키 나는 단타쟁이여서 장기 투자는 못하겠더라 키키",
            "norm_text": "키키 나는 단타쟁이여서 장기 투자는 못하겠더라 키키",
            "speaker": {
              "id": "2번",
              "sex": "여성",
              "age": "20대"
            },
            "speechAct": "(단언) 주장하기",
            "morpheme": "키/NNG+키나/XSA+ETN+JX+는/JX+단타/NNG+쟁이/XSN+여서/VCP+EC+장기/NNG+투자/NNG+는/JX+못하/VX+겠/EP+더라/EF+키/NNG+키/XSV+ETN"
          },
          {
            "id": 16,
            "text": "1 : 주식은 단타로 하는 거 아니라고 했는데 잘 했네.",
            "norm_text": "주식은 단타로 하는 거 아니라고 했는데 잘 했네.",
            "speaker": {
              "id": "1번",
              "sex": "여성",
              "age": "20대"
            },
            "speechAct": "(단언) 주장하기",
            "morpheme": "주식/NNG+은/JX+단타/NNG+로/JKB+하/VV+는/ETM+거/NNB+아니/VCN+라고/EC+했/VX+EP+는데/EC+잘/MAG+했/VV+EP+네/EF"
          },
          {
            "id": 17,
            "text": "2 : 키키 주변에서 도움 많이 받았었지 그땐",
            "norm_text": "키키 주변에서 도움 많이 받았었지 그땐",
            "speaker": {
              "id": "2번",
              "sex": "여성",
              "age": "20대"
            },
            "speechAct": "(단언) 주장하기",
            "morpheme": "키/NNG+키/NNG+주변/NNG+에서/JKB+도움/NNG+많이/MAG+받/VV+았었/EP+지/EC+그땐/NNG+JX"
          }
        ]
      }
    }
  ]
}