{
  "dataset": {
    "identifier": 22443,
    "name": "BAND_29_01_set",
    "src_path": "/data/file/cubeManager/PROJECT001/49/txt20210917164449091078/BAND_29_01_set/",
    "label_path": "/data/file/cubeManager/PROJECT001/49/txt20210917164449091078/BAND_29_01_set/",
    "category": 2,
    "type": 0
  },
  "licenses": {
    "name": "Apache License 1.0",
    "url": "http://www.apache.org/licenses/LICENSE-1.0"
  },
  "info": [
    {
      "id": 30272,
      "filename": "BAND_29_01.txt",
      "title": "BAND_29_01",
      "mediatype": "SNS",
      "medianame": "네이버밴드",
      "category": "일상대화",
      "date": "2021-09-17",
      "size": 380,
      "annotations": {
        "subject": "식음료",
        "speaker_type": "1:1",
        "size": 380,
        "word_size": 128,
        "text": "1 : 너는 무슨 라면을 제일 좋아해?\n2 : 나 불닭볶음면 같이 매운 거 좋아해\n1 : 너 볶음 라면이 최애야?\n2 : 나는 국물 있는 것도 좋아해\n1 : 국물 라면은 어떤 거 제일 좋아해?\n2 : 요즘 신라면 볶음면 먹어봤어?\n1 : 아니 국물 라면 얘기하는데 왜 또 볶음면?\n2 : 키키 아 내가 요즘 볶음면에 빠져있어서\n1 : 키키 근데 그거 사람들이 맛있다더라 진짜 맛있음?\n2 : 응 너무 맵지 않아서 많은 사람이 먹을 수 있어\n1 : 국물 라면이랑 맛은 똑같아?\n2 : 국물 라면보다 더 짜고 매운 느낌이야\n1 : 아 너 짜고 매운 거 좋아하잖아 키키\n2 : 맞아 키키 술안주로는 그만한 게 없지\n1 : 그놈의 술안주 ㅜㅜ 역시 주당 ㅜㅜ\n2 : 키키 늦게 배운 도둑질이 더 무섭다 하잖아 키키",
        "lines": [
          {
            "id": 1,
            "text": "1 : 너는 무슨 라면을 제일 좋아해?",
            "norm_text": "너는 무슨 라면을 제일 좋아해?",
            "speaker": {
              "id": "1번",
              "sex": "여성",
              "age": "20대"
            },
            "speechAct": "(지시) 질문하기",
            "morpheme": "너/NP+는/JX+무슨/MM+라면/NNG+을/JKO+제일/MAG+좋/VA+아/EC+해/VX+EF"
          },
          {
            "id": 2,
            "text": "2 : 나 불닭볶음면 같이 매운 거 좋아해",
            "norm_text": "나 불닭볶음면 같이 매운 거 좋아해",
            "speaker": {
              "id": "2번",
              "sex": "여성",
              "age": "20대"
            },
            "speechAct": "(단언) 주장하기",
            "morpheme": "나/NP+불닭/NNP+볶음/NNG+면/NNG+같이/JKB+매운/VA+ETM+거/NNB+좋/VA+아/EC+해/VV+EC"
          },
          {
            "id": 3,
            "text": "1 : 너 볶음 라면이 최애야?",
            "norm_text": "너 볶음 라면이 최애야?",
            "speaker": {
              "id": "1번",
              "sex": "여성",
              "age": "20대"
            },
            "speechAct": "(지시) 질문하기",
            "morpheme": "너/NP+볶음/NNG+라면/NNG+이/JKS+최애/NNG+야/VCP+EF"
          },
          {
            "id": 4,
            "text": "2 : 나는 국물 있는 것도 좋아해",
            "norm_text": "나는 국물 있는 것도 좋아해",
            "speaker": {
              "id": "2번",
              "sex": "여성",
              "age": "20대"
            },
            "speechAct": "(단언) 주장하기",
            "morpheme": "나/NP+는/JX+국물/NNG+있/VA+는/ETM+것/NNB+도/JX+좋/VA+아/EC+해/VV+EC"
          },
          {
            "id": 5,
            "text": "1 : 국물 라면은 어떤 거 제일 좋아해?",
            "norm_text": "국물 라면은 어떤 거 제일 좋아해?",
            "speaker": {
              "id": "1번",
              "sex": "여성",
              "age": "20대"
            },
            "speechAct": "(지시) 질문하기",
            "morpheme": "국물/NNG+라면은/VCP+EC+어떤/MM+거/NNB+제일/MAG+좋/VA+아/EC+해/VX+EF"
          },
          {
            "id": 6,
            "text": "2 : 요즘 신라면 볶음면 먹어봤어?",
            "norm_text": "요즘 신라면 볶음면 먹어봤어?",
            "speaker": {
              "id": "2번",
              "sex": "여성",
              "age": "20대"
            },
            "speechAct": "(지시) 질문하기",
            "morpheme": "요즘/MAG+신라면/NNP+볶음/NNG+면/VCP+EC+먹/VV+어/EC+봤/VX+EP+어/EF"
          },
          {
            "id": 7,
            "text": "1 : 아니 국물 라면 얘기하는데 왜 또 볶음면?",
            "norm_text": "아니 국물 라면 얘기하는데 왜 또 볶음면?",
            "speaker": {
              "id": "1번",
              "sex": "여성",
              "age": "20대"
            },
            "speechAct": "(지시) 질문하기",
            "morpheme": "아니/IC+국물/NNG+라면/VCP+EC+얘기/NNG+하/XSV+는데/EC+왜/MAG+또/MAG+볶음/NNG+면/VCP+EF"
          },
          {
            "id": 8,
            "text": "2 : 키키 아 내가 요즘 볶음면에 빠져있어서",
            "norm_text": "키키 아 내가 요즘 볶음면에 빠져있어서",
            "speaker": {
              "id": "2번",
              "sex": "여성",
              "age": "20대"
            },
            "speechAct": "(단언) 주장하기",
            "morpheme": "키/NNG+키/NNG+아내/NNG+가/JKS+요즘/MAG+볶음/NNG+면/NNG+에/JKB+빠져/VV+EC+있/VX+어서/EC"
          },
          {
            "id": 9,
            "text": "1 : 키키 근데 그거 사람들이 맛있다더라 진짜 맛있음?",
            "norm_text": "키키 근데 그거 사람들이 맛있다더라 진짜 맛있음?",
            "speaker": {
              "id": "1번",
              "sex": "여성",
              "age": "20대"
            },
            "speechAct": "(지시) 질문하기",
            "morpheme": "키/NNG+키/XSV+ETN+근데/MAJ+그거/NP+사람/NNG+들/XSN+이/JKS+맛있/VA+다더라/EC+진짜/MAG+맛있/VA+음/ETN"
          },
          {
            "id": 10,
            "text": "2 : 응 너무 맵지 않아서 많은 사람이 먹을 수 있어",
            "norm_text": "응 너무 맵지 않아서 많은 사람이 먹을 수 있어",
            "speaker": {
              "id": "2번",
              "sex": "여성",
              "age": "20대"
            },
            "speechAct": "(단언) 주장하기",
            "morpheme": "응/IC+너무/MAG+맵/VA+지/EC+않/VX+아서/EC+많/VA+은/ETM+사람/NNG+이/JKS+먹/VV+을/ETM+수/NNB+있/VV+어/EC"
          },
          {
            "id": 11,
            "text": "1 : 국물 라면이랑 맛은 똑같아?",
            "norm_text": "국물 라면이랑 맛은 똑같아?",
            "speaker": {
              "id": "1번",
              "sex": "여성",
              "age": "20대"
            },
            "speechAct": "(지시) 질문하기",
            "morpheme": "국물/NNG+라면/NNG+이랑/JKB+맛/NNG+은/JX+똑같/VA+아/EF"
          },
          {
            "id": 12,
            "text": "2 : 국물 라면보다 더 짜고 매운 느낌이야",
            "norm_text": "국물 라면보다 더 짜고 매운 느낌이야",
            "speaker": {
              "id": "2번",
              "sex": "여성",
              "age": "20대"
            },
            "speechAct": "(단언) 진술하기",
            "morpheme": "국물/NNG+라면/NNG+보다/JKB+더/MAG+짜/VV+고/EC+매운/VA+ETM+느낌/NNG+이/VCP+야/EC"
          },
          {
            "id": 13,
            "text": "1 : 아 너 짜고 매운 거 좋아하잖아 키키",
            "norm_text": "아 너 짜고 매운 거 좋아하잖아 키키",
            "speaker": {
              "id": "1번",
              "sex": "여성",
              "age": "20대"
            },
            "speechAct": "(지시) 질문하기",
            "morpheme": "아/IC+너/NP+짜/VV+고/EC+매운/VA+ETM+거/NNB+좋/VA+아/EC+하/VV+잖아/EC+키/NNG+키/XSV+ETN"
          },
          {
            "id": 14,
            "text": "2 : 맞아 키키 술안주로는 그만한 게 없지",
            "norm_text": "맞아 키키 술안주로는 그만한 게 없지",
            "speaker": {
              "id": "2번",
              "sex": "여성",
              "age": "20대"
            },
            "speechAct": "(단언) 주장하기",
            "morpheme": "맞/VV+아/EC+키/NNG+키/NNG+술안주/NNG+로/JKB+는/JX+그만한/VA+ETM+게/NNB+JKS+없/VA+지/EC"
          },
          {
            "id": 15,
            "text": "1 : 그놈의 술안주 ㅜㅜ 역시 주당 ㅜㅜ",
            "norm_text": "그놈의 술안주 ㅜㅜ 역시 주당 ㅜㅜ",
            "speaker": {
              "id": "1번",
              "sex": "여성",
              "age": "20대"
            },
            "speechAct": "(단언) 주장하기",
            "morpheme": "그놈/NP+의/JKG+술안주/NNG+ㅜㅜ/UNKNOWN+역시/MAJ+주당/NNG+ㅜㅜ/UNKNOWN"
          },
          {
            "id": 16,
            "text": "2 : 키키 늦게 배운 도둑질이 더 무섭다 하잖아 키키",
            "norm_text": "키키 늦게 배운 도둑질이 더 무섭다 하잖아 키키",
            "speaker": {
              "id": "2번",
              "sex": "여성",
              "age": "20대"
            },
            "speechAct": "(단언) 주장하기",
            "morpheme": "키/NNG+키/XSV+ETN+늦/VA+게/EC+배운/VV+ETM+도둑질/NNG+이/JKS+더/MAG+무섭/VA+다/EC+하/VV+잖아/EC+키/NNG+키/XSV+ETN"
          }
        ]
      }
    }
  ]
}