{
  "dataset": {
    "identifier": 22006,
    "name": "BAND_28_08_set",
    "src_path": "/data/file/cubeManager/PROJECT001/49/txt202109171505130241108/BAND_28_08_set/",
    "label_path": "/data/file/cubeManager/PROJECT001/49/txt202109171505130241108/BAND_28_08_set/",
    "category": 2,
    "type": 0
  },
  "licenses": {
    "name": "Apache License 1.0",
    "url": "http://www.apache.org/licenses/LICENSE-1.0"
  },
  "info": [
    {
      "id": 29439,
      "filename": "BAND_28_08.txt",
      "title": "BAND_28_08",
      "mediatype": "SNS",
      "medianame": "네이버밴드",
      "category": "일상대화",
      "date": "2021-09-17",
      "size": 374,
      "annotations": {
        "subject": "연애/결혼",
        "speaker_type": "1:1",
        "size": 374,
        "word_size": 129,
        "text": "1 : 너 지금 남친이랑 몇 일 됐어?\n2 : 아마 600일 정도 됐을 꺼야\n1 : 헐 생각보다 오래 됐네?\n2 : 그러게 몇 달 안된 거 같은데 벌써 그러네\n1 : 그 남친이랑 있으면 시간 순삭이야?\n2 : 맞아 주말도 더 빠르게 지나가 키키\n1 : 그러면 너네는 천생연분이다 야 키키\n2 : 음 같이 있으면 재밌어서 그런가 봐 키키\n1 : 둘이 개그코드가 잘 맞나 봐?\n2 : 응 대부분 잘 맞는 편인 거 같아\n1 : 너도 좀 웃긴 편이잖아\n1 : 남친도 그래?\n2 : 내 말에 잘 웃어주는 타입인 거 같아\n1 : 완전 천생연분이네 둘이 행복해라!\n2 : 키키 고맙다 너네도 오래오래 만나길 바래\n1 : 그래 우리 좋은 덕담 나눠 가지니까 좋다 ^^\n2 : 우리 서로 청접장은 주도록 하자 키키",
        "lines": [
          {
            "id": 1,
            "text": "1 : 너 지금 남친이랑 몇 일 됐어?",
            "norm_text": "너 지금 남친이랑 몇 일 됐어?",
            "speaker": {
              "id": "1번",
              "sex": "여성",
              "age": "20대"
            },
            "speechAct": "(지시) 질문하기",
            "morpheme": "너/NP+지금/MAG+남친/NNG+이랑/JC+몇/MM+일/NNG+됐/XSV+EP+어/EF"
          },
          {
            "id": 2,
            "text": "2 : 아마 600일 정도 됐을 꺼야",
            "norm_text": "아마 600일 정도 됐을 꺼야",
            "speaker": {
              "id": "2번",
              "sex": "여성",
              "age": "20대"
            },
            "speechAct": "(단언) 진술하기",
            "morpheme": "아마/MAG+600/SN+일/NNBC+정도/NNG+됐/XSV+EP+을/ETM+꺼/NNB+VCP+야/EC"
          },
          {
            "id": 3,
            "text": "1 : 헐 생각보다 오래 됐네?",
            "norm_text": "헐 생각보다 오래 됐네?",
            "speaker": {
              "id": "1번",
              "sex": "여성",
              "age": "20대"
            },
            "speechAct": "(지시) 질문하기",
            "morpheme": "헐/IC+생각/NNG+보다/JKB+오래/MAG+됐/VV+EP+네/EF"
          },
          {
            "id": 4,
            "text": "2 : 그러게 몇 달 안된 거 같은데 벌써 그러네",
            "norm_text": "그러게 몇 달 안된 거 같은데 벌써 그러네",
            "speaker": {
              "id": "2번",
              "sex": "여성",
              "age": "20대"
            },
            "speechAct": "(단언) 주장하기",
            "morpheme": "그러게/IC+몇/MM+달/NNG+안/MAG+된/VV+ETM+거/NNB+같/VA+은데/EC+벌써/MAG+그러/VV+네/EC"
          },
          {
            "id": 5,
            "text": "1 : 그 남친이랑 있으면 시간 순삭이야?",
            "norm_text": "그 남친이랑 있으면 시간 순삭이야?",
            "speaker": {
              "id": "1번",
              "sex": "여성",
              "age": "20대"
            },
            "speechAct": "(지시) 질문하기",
            "morpheme": "그/MM+남친/NNG+이랑/JKB+있/VA+으면/EC+시간/NNG+순삭/NNG+이/VCP+야/EF"
          },
          {
            "id": 6,
            "text": "2 : 맞아 주말도 더 빠르게 지나가 키키",
            "norm_text": "맞아 주말도 더 빠르게 지나가 키키",
            "speaker": {
              "id": "2번",
              "sex": "여성",
              "age": "20대"
            },
            "speechAct": "(단언) 주장하기",
            "morpheme": "맞/VV+아/EC+주말/NNG+도/JX+더/MAG+빠르/VA+게/EC+지나가/VV+EC+키/NNG+키/XSV+ETN"
          },
          {
            "id": 7,
            "text": "1 : 그러면 너네는 천생연분이다 야 키키",
            "norm_text": "그러면 너네는 천생연분이다 야 키키",
            "speaker": {
              "id": "1번",
              "sex": "여성",
              "age": "20대"
            },
            "speechAct": "(단언) 주장하기",
            "morpheme": "그러면/MAJ+너/NP+네/XSN+는/JX+천생연분/NNG+이/JKS+다/MAG+야키/NNP+키/NNG"
          },
          {
            "id": 8,
            "text": "2 : 음 같이 있으면 재밌어서 그런가 봐 키키",
            "norm_text": "음 같이 있으면 재밌어서 그런가 봐 키키",
            "speaker": {
              "id": "2번",
              "sex": "여성",
              "age": "20대"
            },
            "speechAct": "(단언) 주장하기",
            "morpheme": "음/IC+같이/MAG+있/VV+으면/EC+재밌/VA+어서/EC+그런가/VA+EC+봐/VX+EF+키/NNG+키/XSV+ETN"
          },
          {
            "id": 9,
            "text": "1 : 둘이 개그코드가 잘 맞나 봐?",
            "norm_text": "둘이 개그코드가 잘 맞나 봐?",
            "speaker": {
              "id": "1번",
              "sex": "여성",
              "age": "20대"
            },
            "speechAct": "(단언) 주장하기",
            "morpheme": "둘/NR+이/NR+개/NNBC+그/MM+코드/NNG+가/JKS+잘/MAG+맞/VV+나/EC+봐/VX+EF"
          },
          {
            "id": 10,
            "text": "2 : 응 대부분 잘 맞는 편인 거 같아",
            "norm_text": "응 대부분 잘 맞는 편인 거 같아",
            "speaker": {
              "id": "2번",
              "sex": "여성",
              "age": "20대"
            },
            "speechAct": "(단언) 주장하기",
            "morpheme": "응/IC+대부분/NNG+잘/MAG+맞/VV+는/ETM+편/NNB+인/VCP+ETM+거/NNB+같/VA+아/EC"
          },
          {
            "id": 11,
            "text": "1 : 너도 좀 웃긴 편이잖아",
            "norm_text": "너도 좀 웃긴 편이잖아",
            "speaker": {
              "id": "1번",
              "sex": "여성",
              "age": "20대"
            },
            "speechAct": "(단언) 주장하기",
            "morpheme": "너/NP+도/JX+좀/MAG+웃긴/VV+ETM+편/NNB+이/VCP+잖아/EC"
          },
          {
            "id": 12,
            "text": "1 : 남친도 그래?",
            "norm_text": "남친도 그래?",
            "speaker": {
              "id": "1번",
              "sex": "여성",
              "age": "20대"
            },
            "speechAct": "(지시) 질문하기",
            "morpheme": "남친/NNG+도/JX+그래/VA+EF"
          },
          {
            "id": 13,
            "text": "2 : 내 말에 잘 웃어주는 타입인 거 같아",
            "norm_text": "내 말에 잘 웃어주는 타입인 거 같아",
            "speaker": {
              "id": "2번",
              "sex": "여성",
              "age": "20대"
            },
            "speechAct": "(단언) 주장하기",
            "morpheme": "내/NP+JKG+말/NNG+에/JKB+잘/MAG+웃/VV+어/EC+주/VX+는/ETM+타입/NNG+인/VCP+ETM+거/NNB+같/VA+아/EC"
          },
          {
            "id": 14,
            "text": "1 : 완전 천생연분이네 둘이 행복해라!",
            "norm_text": "완전 천생연분이네 둘이 행복해라!",
            "speaker": {
              "id": "1번",
              "sex": "여성",
              "age": "20대"
            },
            "speechAct": "(단언) 주장하기",
            "morpheme": "완전/NNG+천생연분/NNG+이/JKS+네/MM+둘/NR+이/NR+행복/NNG+해라/XSV+EF"
          },
          {
            "id": 15,
            "text": "2 : 키키 고맙다 너네도 오래오래 만나길 바래",
            "norm_text": "키키 고맙다 너네도 오래오래 만나길 바래",
            "speaker": {
              "id": "2번",
              "sex": "여성",
              "age": "20대"
            },
            "speechAct": "(단언) 주장하기",
            "morpheme": "키/NNG+키/XSV+ETN+고맙/VA+다/EF+너/NP+네/XSN+도/JX+오래오래/MAG+만나/VV+길/ETN+JKO+바래/VV+EC"
          },
          {
            "id": 16,
            "text": "1 : 그래 우리 좋은 덕담 나눠 가지니까 좋다 ^^",
            "norm_text": "그래 우리 좋은 덕담 나눠 가지니까 좋다 ^^",
            "speaker": {
              "id": "1번",
              "sex": "여성",
              "age": "20대"
            },
            "speechAct": "(단언) 주장하기",
            "morpheme": "그래/IC+우리/NP+좋/VA+은/ETM+덕담/NNG+나눠/VV+EC+가지/VX+니까/EC+좋/VA+다/EC+^/SY+^/SY"
          },
          {
            "id": 17,
            "text": "2 : 우리 서로 청접장은 주도록 하자 키키",
            "norm_text": "우리 서로 청접장은 주도록 하자 키키",
            "speaker": {
              "id": "2번",
              "sex": "여성",
              "age": "20대"
            },
            "speechAct": "(단언) 주장하기",
            "morpheme": "우리/NP+서로/MAG+청/NNG+접장/NNG+은/JX+주/VV+도록/EC+하/VV+자/EC+키/NNG+키/XSV+ETN"
          }
        ]
      }
    }
  ]
}