{
  "dataset": {
    "identifier": 20942,
    "name": "BAND_26_04_set",
    "src_path": "/data/file/cubeManager/PROJECT001/49/txt20210916140644037983/BAND_26_04_set/",
    "label_path": "/data/file/cubeManager/PROJECT001/49/txt20210916140644037983/BAND_26_04_set/",
    "category": 2,
    "type": 0
  },
  "licenses": {
    "name": "Apache License 1.0",
    "url": "http://www.apache.org/licenses/LICENSE-1.0"
  },
  "info": [
    {
      "id": 27914,
      "filename": "BAND_26_04.txt",
      "title": "BAND_26_04",
      "mediatype": "SNS",
      "medianame": "네이버밴드",
      "category": "일상대화",
      "date": "2021-09-16",
      "size": 431,
      "annotations": {
        "subject": "회사/아르바이트",
        "speaker_type": "1:1",
        "size": 431,
        "word_size": 143,
        "text": "1 : 너 이번에 재택근무 소개받은 거 어떻게 됐어?\n2 : 아 재택근무 고정으로 하게 됐어\n1 : 오 다행이다 하루에 몇 시간 근무야?\n2 : 어 다행이야 평일 8시간?\n1 : 출근했다는 거 확인하는 방법은 어떻게 돼?\n2 : 무슨 말이야? 그 시간은 상관 없어 8시간만 채우면 돼\n1 : 그렇구나 다른 곳은 출근했다고 체크하는 게 있대!\n2 : 아 그런 데도 있구나 몰랐네!\n1 : 그치 나도 재택근무 궁금하긴 한데 뭐가 더 나아?\n2 : 재택근무가 좋아 밥 비용이 안 나와서 좋은 듯\n1 : 아 맞아 점심 값 무시 못 해 ㅜㅜ\n2 : 점심 값이 진짜 걱정해야 되고 먹을 데도 마땅치 않아\n1 : 나는 심지어 하루에 한 끼만 먹어서 점심을 든든하게 먹어야 해!\n2 : 그래 너는 정말 든든하게 먹어야 해 ㅜㅜ\n1 : 근데 회사 주변은 한정된 공간이잖아 ㅜ\n2 : 그치 너무 한정이 돼 있어 ㅜㅜ",
        "lines": [
          {
            "id": 1,
            "text": "1 : 너 이번에 재택근무 소개받은 거 어떻게 됐어?",
            "norm_text": "너 이번에 재택근무 소개받은 거 어떻게 됐어?",
            "speaker": {
              "id": "1번",
              "sex": "여성",
              "age": "20대"
            },
            "speechAct": "(지시) 질문하기",
            "morpheme": "너/NP+이번/NNG+에/JKB+재택근무/NNG+소개/NNG+받/VV+은/ETM+거/NNB+어떻게/MAG+됐/VV+EP+어/EF"
          },
          {
            "id": 2,
            "text": "2 : 아 재택근무 고정으로 하게 됐어",
            "norm_text": "아 재택근무 고정으로 하게 됐어",
            "speaker": {
              "id": "2번",
              "sex": "여성",
              "age": "20대"
            },
            "speechAct": "(단언) 진술하기",
            "morpheme": "아/IC+재택근무/NNG+고정/NNG+으로/JKB+하/VV+게/EC+됐/VV+EP+어/EC"
          },
          {
            "id": 3,
            "text": "1 : 오 다행이다 하루에 몇 시간 근무야?",
            "norm_text": "오 다행이다 하루에 몇 시간 근무야?",
            "speaker": {
              "id": "1번",
              "sex": "여성",
              "age": "20대"
            },
            "speechAct": "(지시) 질문하기",
            "morpheme": "오/NR+다행/NNG+이/JKS+다/MAG+하루/NNG+에/JKB+몇/MM+시간/NNG+근무/NNG+야/VCP+EF"
          },
          {
            "id": 4,
            "text": "2 : 어 다행이야 평일 8시간?",
            "norm_text": "어 다행이야 평일 8시간?",
            "speaker": {
              "id": "2번",
              "sex": "여성",
              "age": "20대"
            },
            "speechAct": "(단언) 진술하기",
            "morpheme": "어/IC+다행/NNG+이/VCP+야/EC+평일/NNG+8/SN+시간/NNBC"
          },
          {
            "id": 5,
            "text": "1 : 출근했다는 거 확인하는 방법은 어떻게 돼?",
            "norm_text": "출근했다는 거 확인하는 방법은 어떻게 돼?",
            "speaker": {
              "id": "1번",
              "sex": "여성",
              "age": "20대"
            },
            "speechAct": "(지시) 질문하기",
            "morpheme": "출근/NNG+했/XSV+EP+다는/ETM+거/NNB+확인/NNG+하/XSV+는/ETM+방법/NNG+은/JX+어떻게/MAG+돼/VV+EF"
          },
          {
            "id": 6,
            "text": "2 : 무슨 말이야? 그 시간은 상관 없어 8시간만 채우면 돼",
            "norm_text": "무슨 말이야? 그 시간은 상관 없어 8시간만 채우면 돼",
            "speaker": {
              "id": "2번",
              "sex": "여성",
              "age": "20대"
            },
            "speechAct": "(단언) 진술하기",
            "morpheme": "무슨/MM+말/NNG+이/VCP+야/EF+그/MM+시간/NNG+은/JX+상관없/VA+어/EC+8/SN+시간/NNG+만/JX+채우/VV+면/EC+돼/VV+EC"
          },
          {
            "id": 7,
            "text": "1 : 그렇구나 다른 곳은 출근했다고 체크하는 게 있대!",
            "norm_text": "그렇구나 다른 곳은 출근했다고 체크하는 게 있대!",
            "speaker": {
              "id": "1번",
              "sex": "여성",
              "age": "20대"
            },
            "speechAct": "(단언) 진술하기",
            "morpheme": "그렇/VA+구나/EF+다른/MM+곳/NNG+은/JX+출근/NNG+했/XSV+EP+다고/EC+체크/NNG+하/XSV+는/ETM+게/NNB+JKS+있/VA+대/EF"
          },
          {
            "id": 8,
            "text": "2 : 아 그런 데도 있구나 몰랐네!",
            "norm_text": "아 그런 데도 있구나 몰랐네!",
            "speaker": {
              "id": "2번",
              "sex": "여성",
              "age": "20대"
            },
            "speechAct": "(단언) 주장하기",
            "morpheme": "아/IC+그런데/MAJ+도/JX+있/VA+구나/EC+몰랐/VV+EP+네/EF"
          },
          {
            "id": 9,
            "text": "1 : 그치 나도 재택근무 궁금하긴 한데 뭐가 더 나아?",
            "norm_text": "그치 나도 재택근무 궁금하긴 한데 뭐가 더 나아?",
            "speaker": {
              "id": "1번",
              "sex": "여성",
              "age": "20대"
            },
            "speechAct": "(지시) 질문하기",
            "morpheme": "그치/IC+나/NP+도/JX+재택근무/NNG+궁금/XR+하/XSA+긴/ETN+JX+한데/VX+EC+뭐/NP+가/JKS+더/MAG+나아/VA+EF"
          },
          {
            "id": 10,
            "text": "2 : 재택근무가 좋아 밥 비용이 안 나와서 좋은 듯",
            "norm_text": "재택근무가 좋아 밥 비용이 안 나와서 좋은 듯",
            "speaker": {
              "id": "2번",
              "sex": "여성",
              "age": "20대"
            },
            "speechAct": "(단언) 주장하기",
            "morpheme": "재택근무/NNG+가/JKS+좋/VA+아/EC+밥/NNG+비용/NNG+이/JKS+안/MAG+나와서/VV+EC+좋/VA+은/ETM+듯/NNB"
          },
          {
            "id": 11,
            "text": "1 : 아 맞아 점심 값 무시 못 해 ㅜㅜ",
            "norm_text": "아 맞아 점심 값 무시 못 해 ㅜㅜ",
            "speaker": {
              "id": "1번",
              "sex": "여성",
              "age": "20대"
            },
            "speechAct": "(단언) 주장하기",
            "morpheme": "아/IC+맞/VV+아/EC+점심/NNG+값/NNG+무시/NNG+못/MAG+해/VV+EC+ㅜㅜ/UNKNOWN"
          },
          {
            "id": 12,
            "text": "2 : 점심 값이 진짜 걱정해야 되고 먹을 데도 마땅치 않아",
            "norm_text": "점심 값이 진짜 걱정해야 되고 먹을 데도 마땅치 않아",
            "speaker": {
              "id": "2번",
              "sex": "여성",
              "age": "20대"
            },
            "speechAct": "(단언) 주장하기",
            "morpheme": "점심/NNG+값/NNG+이/JKS+진짜/MAG+걱정/NNG+해야/XSV+EC+되/VV+고/EC+먹/VV+을/ETM+데/NNB+도/JX+마땅/XR+치/XSA+EC+않/VX+아/EC"
          },
          {
            "id": 13,
            "text": "1 : 나는 심지어 하루에 한 끼만 먹어서 점심을 든든하게 먹어야 해!",
            "norm_text": "나는 심지어 하루에 한 끼만 먹어서 점심을 든든하게 먹어야 해!",
            "speaker": {
              "id": "1번",
              "sex": "여성",
              "age": "20대"
            },
            "speechAct": "(단언) 주장하기",
            "morpheme": "나/NP+는/JX+심지어/MAG+하루/NNG+에/JKB+한/MM+끼/NNBC+만/JX+먹/VV+어서/EC+점심/NNG+을/JKO+든든/XR+하/XSA+게/EC+먹/VV+어야/EC+해/VX+EF"
          },
          {
            "id": 14,
            "text": "2 : 그래 너는 정말 든든하게 먹어야 해 ㅜㅜ",
            "norm_text": "그래 너는 정말 든든하게 먹어야 해 ㅜㅜ",
            "speaker": {
              "id": "2번",
              "sex": "여성",
              "age": "20대"
            },
            "speechAct": "(지시) 충고/제안하기",
            "morpheme": "그래/IC+너/NP+는/JX+정말/MAG+든든/XR+하/XSA+게/EC+먹/VV+어야/EC+해/VV+EC+ㅜㅜ/UNKNOWN"
          },
          {
            "id": 15,
            "text": "1 : 근데 회사 주변은 한정된 공간이잖아 ㅜ",
            "norm_text": "근데 회사 주변은 한정된 공간이잖아 ㅜ",
            "speaker": {
              "id": "1번",
              "sex": "여성",
              "age": "20대"
            },
            "speechAct": "(단언) 주장하기",
            "morpheme": "근데/MAJ+회사/NNG+주변/NNG+은/JX+한정/NNG+된/XSV+ETM+공간/NNG+이/VCP+잖아/EF+ㅜ/UNKNOWN"
          },
          {
            "id": 16,
            "text": "2 : 그치 너무 한정이 돼 있어 ㅜㅜ",
            "norm_text": "그치 너무 한정이 돼 있어 ㅜㅜ",
            "speaker": {
              "id": "2번",
              "sex": "여성",
              "age": "20대"
            },
            "speechAct": "(단언) 주장하기",
            "morpheme": "그치/IC+너무/MAG+한정/NNG+이/JKS+돼/VV+EC+있/VX+어/EC+ㅜㅜ/UNKNOWN"
          }
        ]
      }
    }
  ]
}