{
  "dataset": {
    "identifier": 24995,
    "name": "BAND_30_06_set",
    "src_path": "/data/file/cubeManager/PROJECT001/49/txt202109231609370266103/BAND_30_06_set/",
    "label_path": "/data/file/cubeManager/PROJECT001/49/txt202109231609370266103/BAND_30_06_set/",
    "category": 2,
    "type": 0
  },
  "licenses": {
    "name": "Apache License 1.0",
    "url": "http://www.apache.org/licenses/LICENSE-1.0"
  },
  "info": [
    {
      "id": 31757,
      "filename": "BAND_30_06.txt",
      "title": "BAND_30_06",
      "mediatype": "SNS",
      "medianame": "네이버밴드",
      "category": "일상대화",
      "date": "2021-09-23",
      "size": 418,
      "annotations": {
        "subject": "교육",
        "speaker_type": "1:1",
        "size": 418,
        "word_size": 137,
        "text": "1 : 너는 학원 다녀본 적 있어?\n2 : 나 어렸을 때 웅변 학원 다녔어 !\n1 : 와 요즘에도 웅변 학원이 있을까?\n2 : 요즘엔 다 없어지지 않았을까?\n1 : 웅변 학원 다녀서 좋은 점은 뭐가 있죠?\n2 : 살면서 그렇게 큰 소리 내는 일은 그때 뿐이었지\n1 : 그때 학원 같이 다녔던 애들 기억나?\n2 : 학원 끝난 뒤로는 다 흩어져서 잘 기억이 안나\n1 : 그 학원에서 뭘 가르치는 거였어?\n2 : 학원에서 국영수에다가 웅변 가르쳤어 !\n1 : 웅변만 하면 애들이 안 오니까 그거까지 한 건가?\n2 : 내 생각엔 그래 웅변만 하면 아무래도 안 보내주겠지?\n1 : 그건 그렇지 학원비는 얼마였어?\n2 : 그 당시는 돈 개념이 없어서 잘 모르겠네 너무 어릴 때라 키키\n1 : 맞아 그렇지 웅변 학원 진짜 추억 돋는다 ㅜㅜ\n2 : 맞아 키키 그래도 좋은 추억으로 남아있어",
        "lines": [
          {
            "id": 1,
            "text": "1 : 너는 학원 다녀본 적 있어?",
            "norm_text": "너는 학원 다녀본 적 있어?",
            "speaker": {
              "id": "1번",
              "sex": "여성",
              "age": "20대"
            },
            "speechAct": "(지시) 질문하기",
            "morpheme": "너/NP+는/JX+학원/NNG+다녀본/VV+EC+VX+ETM+적/NNB+있/VA+어/EF"
          },
          {
            "id": 2,
            "text": "2 : 나 어렸을 때 웅변 학원 다녔어 !",
            "norm_text": "나 어렸을 때 웅변 학원 다녔어 !",
            "speaker": {
              "id": "2번",
              "sex": "여성",
              "age": "20대"
            },
            "speechAct": "(단언) 진술하기",
            "morpheme": "나/NP+어렸/VA+EP+을/ETM+때/NNG+웅변/NNG+학원/NNG+다녔/VV+EP+어/EF"
          },
          {
            "id": 3,
            "text": "1 : 와 요즘에도 웅변 학원이 있을까?",
            "norm_text": "와 요즘에도 웅변 학원이 있을까?",
            "speaker": {
              "id": "1번",
              "sex": "여성",
              "age": "20대"
            },
            "speechAct": "(지시) 질문하기",
            "morpheme": "와/IC+요즘/NNG+에/JKB+도/JX+웅변/NNG+학원/NNG+이/JKS+있/VA+을까/EF"
          },
          {
            "id": 4,
            "text": "2 : 요즘엔 다 없어지지 않았을까?",
            "norm_text": "요즘엔 다 없어지지 않았을까?",
            "speaker": {
              "id": "2번",
              "sex": "여성",
              "age": "20대"
            },
            "speechAct": "(단언) 주장하기",
            "morpheme": "요즘/NNG+엔/JKB+JX+다/MAG+없/VA+어/EC+지/VX+지/EC+않/VX+았/EP+을까/EF"
          },
          {
            "id": 5,
            "text": "1 : 웅변 학원 다녀서 좋은 점은 뭐가 있죠?",
            "norm_text": "웅변 학원 다녀서 좋은 점은 뭐가 있죠?",
            "speaker": {
              "id": "1번",
              "sex": "여성",
              "age": "20대"
            },
            "speechAct": "(지시) 질문하기",
            "morpheme": "웅변/NNG+학원/NNG+다녀서/VV+EC+좋/VA+은/ETM+점/NNG+은/JX+뭐/NP+가/JKS+있/VA+죠/EF"
          },
          {
            "id": 6,
            "text": "2 : 살면서 그렇게 큰 소리 내는 일은 그때 뿐이었지",
            "norm_text": "살면서 그렇게 큰 소리 내는 일은 그때 뿐이었지",
            "speaker": {
              "id": "2번",
              "sex": "여성",
              "age": "20대"
            },
            "speechAct": "(단언) 주장하기",
            "morpheme": "살/VV+면서/EC+그렇게/MAG+큰소리/NNG+내/NP+는/JX+일/NNG+은/JX+그때/NNG+뿐/JX+이/VCP+었/EP+지/EC"
          },
          {
            "id": 7,
            "text": "1 : 그때 학원 같이 다녔던 애들 기억나?",
            "norm_text": "그때 학원 같이 다녔던 애들 기억나?",
            "speaker": {
              "id": "1번",
              "sex": "여성",
              "age": "20대"
            },
            "speechAct": "(지시) 질문하기",
            "morpheme": "그때/NNG+학원/NNG+같이/JKB+다녔/VV+EP+던/ETM+애/NNG+들/XSN+기억나/VV+EF"
          },
          {
            "id": 8,
            "text": "2 : 학원 끝난 뒤로는 다 흩어져서 잘 기억이 안나",
            "norm_text": "학원 끝난 뒤로는 다 흩어져서 잘 기억이 안나",
            "speaker": {
              "id": "2번",
              "sex": "여성",
              "age": "20대"
            },
            "speechAct": "(단언) 주장하기",
            "morpheme": "학원/NNG+끝난/VV+ETM+뒤/NNG+로/JKB+는/JX+다/MAG+흩어져서/VV+EC+잘/MAG+기억/NNG+이/JKS+안/MAG+나/VV+EC"
          },
          {
            "id": 9,
            "text": "1 : 그 학원에서 뭘 가르치는 거였어?",
            "norm_text": "그 학원에서 뭘 가르치는 거였어?",
            "speaker": {
              "id": "1번",
              "sex": "여성",
              "age": "20대"
            },
            "speechAct": "(지시) 질문하기",
            "morpheme": "그/MM+학원/NNG+에서/JKB+뭘/NP+JKO+가르치/VV+는/ETM+거/NNB+였/VCP+EP+어/EF"
          },
          {
            "id": 10,
            "text": "2 : 학원에서 국영수에다가 웅변 가르쳤어 !",
            "norm_text": "학원에서 국영수에다가 웅변 가르쳤어 !",
            "speaker": {
              "id": "2번",
              "sex": "여성",
              "age": "20대"
            },
            "speechAct": "(단언) 진술하기",
            "morpheme": "학원/NNG+에서/JKB+국영/NNG+수/NNG+에다가/JKB+웅변/NNG+가르쳤/VV+EP+어/EF"
          },
          {
            "id": 11,
            "text": "1 : 웅변만 하면 애들이 안 오니까 그거까지 한 건가?",
            "norm_text": "웅변만 하면 애들이 안 오니까 그거까지 한 건가?",
            "speaker": {
              "id": "1번",
              "sex": "여성",
              "age": "20대"
            },
            "speechAct": "(지시) 질문하기",
            "morpheme": "웅변/NNG+만/JX+하/VV+면/EC+애/NNG+들/XSN+이/JKS+안/MAG+오/VV+니까/EC+그거/NP+까지/JX+한/VV+ETM+건가/NNB+VCP+EF"
          },
          {
            "id": 12,
            "text": "2 : 내 생각엔 그래 웅변만 하면 아무래도 안 보내주겠지?",
            "norm_text": "내 생각엔 그래 웅변만 하면 아무래도 안 보내주겠지?",
            "speaker": {
              "id": "2번",
              "sex": "여성",
              "age": "20대"
            },
            "speechAct": "(단언) 주장하기",
            "morpheme": "내/NP+JKG+생각/NNG+엔/JKB+JX+그래/VA+EC+웅변/NNG+만/JX+하/VV+면/EC+아무래도/MAG+안/MAG+보내/VV+EC+주/VX+겠/EP+지/EF"
          },
          {
            "id": 13,
            "text": "1 : 그건 그렇지 학원비는 얼마였어?",
            "norm_text": "그건 그렇지 학원비는 얼마였어?",
            "speaker": {
              "id": "1번",
              "sex": "여성",
              "age": "20대"
            },
            "speechAct": "(지시) 질문하기",
            "morpheme": "그건/NP+JX+그렇/VA+지/EC+학원/NNG+비/VV+는/ETM+얼마/NNG+였/VCP+EP+어/EF"
          },
          {
            "id": 14,
            "text": "2 : 그 당시는 돈 개념이 없어서 잘 모르겠네 너무 어릴 때라 키키",
            "norm_text": "그 당시는 돈 개념이 없어서 잘 모르겠네 너무 어릴 때라 키키",
            "speaker": {
              "id": "2번",
              "sex": "여성",
              "age": "20대"
            },
            "speechAct": "(단언) 진술하기",
            "morpheme": "그/MM+당시/NNG+는/JX+돈/NNG+개념/NNG+이/JKS+없/VA+어서/EC+잘/MAG+모르/VV+겠/EP+네/EF+너무/MAG+어릴/VA+ETM+때/NNG+라/VCP+EC+키/NNG+키/XSV+ETN"
          },
          {
            "id": 15,
            "text": "1 : 맞아 그렇지 웅변 학원 진짜 추억 돋는다 ㅜㅜ",
            "norm_text": "맞아 그렇지 웅변 학원 진짜 추억 돋는다 ㅜㅜ",
            "speaker": {
              "id": "1번",
              "sex": "여성",
              "age": "20대"
            },
            "speechAct": "(단언) 주장하기",
            "morpheme": "맞/VV+아/EC+그렇/VA+지/EC+웅변/NNG+학원/NNG+진짜/MAG+추억/NNG+돋/VV+EP+는다/EF+ㅜㅜ/UNKNOWN"
          },
          {
            "id": 16,
            "text": "2 : 맞아 키키 그래도 좋은 추억으로 남아있어",
            "norm_text": "맞아 키키 그래도 좋은 추억으로 남아있어",
            "speaker": {
              "id": "2번",
              "sex": "여성",
              "age": "20대"
            },
            "speechAct": "(단언) 주장하기",
            "morpheme": "맞/VV+아/EC+키/NNG+키/XSV+ETN+그래도/MAJ+좋/VA+은/ETM+추억/NNG+으로/JKB+남/VV+아/EC+있/VX+어/EC"
          }
        ]
      }
    }
  ]
}