{
  "dataset": {
    "identifier": 51335,
    "name": "BAND_34_10_set",
    "src_path": "/data/file/cubeManager/PROJECT001/53/txt20210928113647098350/BAND_34_10_set/",
    "label_path": "/data/file/cubeManager/PROJECT001/53/txt20210928113647098350/BAND_34_10_set/",
    "category": 2,
    "type": 0
  },
  "licenses": {
    "name": "Apache License 1.0",
    "url": "http://www.apache.org/licenses/LICENSE-1.0"
  },
  "info": [
    {
      "id": 35469,
      "filename": "BAND_34_10.txt",
      "title": "BAND_34_10",
      "mediatype": "SNS",
      "medianame": "네이버밴드",
      "category": "일상대화",
      "date": "2021-09-28",
      "size": 371,
      "annotations": {
        "subject": "스포츠/레저",
        "speaker_type": "1:1",
        "size": 371,
        "word_size": 121,
        "text": "1 : 요즘 족구 동아리 한다며?\n2 : 맞아 키키 한지가 언제인데 벌써 3년이야\n1 : 벌써 그렇게 됐어?\n1 : 요즘에도 해?\n2 : 요즘엔 코로나 때문에 모일 수가 없어\n1 : 맞아 논산 지금 4단계이지?\n2 : 응 그래서 2인까지 집합 제한이야\n1 : 그렇구나 몸 근질 거려서 어떡해?\n2 : 그니깐 매일 운동 나가줘야 하는데 답답해\n1 : 오빠 족구나 축구 되게 좋아하잖아!\n2 : 응 난 달리는 거 되게 좋아하지 구기종목\n1 : 맞아 그러고 내기도 하고!\n2 : 족구 내기만큼 재밌는 게 또 없는데 아쉬워\n1 : 그러면 여자친구한테 족구 알려줘서 같이 해!\n2 : 여자친구는 운동을 별로 안 좋아 해서\n1 : 아예 운동을 안 하는 거야?\n2 : 응 이제 슬슬 데리고 운동 다녀봐야지",
        "lines": [
          {
            "id": 1,
            "text": "1 : 요즘 족구 동아리 한다며?",
            "norm_text": "요즘 족구 동아리 한다며?",
            "speaker": {
              "id": "1번",
              "sex": "여성",
              "age": "20대"
            },
            "speechAct": "(지시) 질문하기",
            "morpheme": "요즘/NNG+족구/NNG+동아리/NNG+한다며/XSV+EF"
          },
          {
            "id": 2,
            "text": "2 : 맞아 키키 한지가 언제인데 벌써 3년이야",
            "norm_text": "맞아 키키 한지가 언제인데 벌써 3년이야",
            "speaker": {
              "id": "2번",
              "sex": "남성",
              "age": "30대"
            },
            "speechAct": "(단언) 진술하기",
            "morpheme": "맞/VV+아/EC+키/NNG+키/NNG+한/XSA+ETM+지/NNB+가/JKS+언제/NP+인데/VCP+EC+벌써/MAG+3/SN+년/NNBC+이/VCP+야/EC"
          },
          {
            "id": 3,
            "text": "1 : 벌써 그렇게 됐어?",
            "norm_text": "벌써 그렇게 됐어?",
            "speaker": {
              "id": "1번",
              "sex": "여성",
              "age": "20대"
            },
            "speechAct": "(지시) 질문하기",
            "morpheme": "벌써/MAG+그렇게/MAG+됐/VV+EP+어/EF"
          },
          {
            "id": 4,
            "text": "1 : 요즘에도 해?",
            "norm_text": "요즘에도 해?",
            "speaker": {
              "id": "1번",
              "sex": "여성",
              "age": "20대"
            },
            "speechAct": "(지시) 질문하기",
            "morpheme": "요즘/NNG+에/JKB+도/JX+해/VV+EF"
          },
          {
            "id": 5,
            "text": "2 : 요즘엔 코로나 때문에 모일 수가 없어",
            "norm_text": "요즘엔 코로나 때문에 모일 수가 없어",
            "speaker": {
              "id": "2번",
              "sex": "남성",
              "age": "30대"
            },
            "speechAct": "(단언) 진술하기",
            "morpheme": "요즘/NNG+엔/JKB+JX+코로나/NNG+때문/NNB+에/JKB+모일/VV+ETM+수/NNB+가/JKS+없/VA+어/EC"
          },
          {
            "id": 6,
            "text": "1 : 맞아 논산 지금 4단계이지?",
            "norm_text": "맞아 논산 지금 4단계이지?",
            "speaker": {
              "id": "1번",
              "sex": "여성",
              "age": "20대"
            },
            "speechAct": "(지시) 질문하기",
            "morpheme": "맞/VV+아/EC+논/VX+ETM+산/NNG+지금/MAG+4/SN+단계/NNG+이/VCP+지/EF"
          },
          {
            "id": 7,
            "text": "2 : 응 그래서 2인까지 집합 제한이야",
            "norm_text": "응 그래서 2인까지 집합 제한이야",
            "speaker": {
              "id": "2번",
              "sex": "남성",
              "age": "30대"
            },
            "speechAct": "(단언) 진술하기",
            "morpheme": "응/IC+그래서/MAJ+2/SN+인/NNG+까지/JX+집합/NNG+제한/NNG+이/VCP+야/EC"
          },
          {
            "id": 8,
            "text": "1 : 그렇구나 몸 근질 거려서 어떡해?",
            "norm_text": "그렇구나 몸 근질 거려서 어떡해?",
            "speaker": {
              "id": "1번",
              "sex": "여성",
              "age": "20대"
            },
            "speechAct": "(지시) 질문하기",
            "morpheme": "그렇/VA+구나/EF+몸/NNG+근질거려서/VV+EC+어떡/XR+해/XSA+EF"
          },
          {
            "id": 9,
            "text": "2 : 그니깐 매일 운동 나가줘야 하는데 답답해",
            "norm_text": "그니깐 매일 운동 나가줘야 하는데 답답해",
            "speaker": {
              "id": "2번",
              "sex": "남성",
              "age": "30대"
            },
            "speechAct": "(단언) 주장하기",
            "morpheme": "그니깐/MAJ+매일/MAG+운동/NNG+나가/VV+EC+줘야/VX+EC+하/VV+는데/EC+답답/XR+해/XSA+EC"
          },
          {
            "id": 10,
            "text": "1 : 오빠 족구나 축구 되게 좋아하잖아!",
            "norm_text": "오빠 족구나 축구 되게 좋아하잖아!",
            "speaker": {
              "id": "1번",
              "sex": "여성",
              "age": "20대"
            },
            "speechAct": "(단언) 진술하기",
            "morpheme": "오빠/NNG+족구/NNG+나/JC+축구/NNG+되게/MAG+좋/VA+아/EC+하/VX+잖아/EF"
          },
          {
            "id": 11,
            "text": "2 : 응 난 달리는 거 되게 좋아하지 구기종목",
            "norm_text": "응 난 달리는 거 되게 좋아하지 구기종목",
            "speaker": {
              "id": "2번",
              "sex": "남성",
              "age": "30대"
            },
            "speechAct": "(단언) 진술하기",
            "morpheme": "응/IC+난/NP+JX+달리/VV+는/ETM+거/NNB+되게/MAG+좋/VA+아/EC+하/VV+지/EC+구기/NNG+종목/NNG"
          },
          {
            "id": 12,
            "text": "1 : 맞아 그러고 내기도 하고!",
            "norm_text": "맞아 그러고 내기도 하고!",
            "speaker": {
              "id": "1번",
              "sex": "여성",
              "age": "20대"
            },
            "speechAct": "(단언) 진술하기",
            "morpheme": "맞/VV+아/EC+그러/VV+고/EC+내/VX+기/ETN+도/JX+하/VV+고/EC"
          },
          {
            "id": 13,
            "text": "2 : 족구 내기만큼 재밌는 게 또 없는데 아쉬워",
            "norm_text": "족구 내기만큼 재밌는 게 또 없는데 아쉬워",
            "speaker": {
              "id": "2번",
              "sex": "남성",
              "age": "30대"
            },
            "speechAct": "(단언) 주장하기",
            "morpheme": "족구/NNG+내기/NNP+만큼/JKB+재밌/VA+는/ETM+게/NNB+JKS+또/MAG+없/VA+는데/EC+아쉬워/VA+EC"
          },
          {
            "id": 14,
            "text": "1 : 그러면 여자친구한테 족구 알려줘서 같이 해!",
            "norm_text": "그러면 여자친구한테 족구 알려줘서 같이 해!",
            "speaker": {
              "id": "1번",
              "sex": "여성",
              "age": "20대"
            },
            "speechAct": "(지시) 충고/제안하기",
            "morpheme": "그러면/MAJ+여자/NNG+친구/NNG+한테/JKB+족구/NNG+알려/VV+EC+줘서/VX+EC+같이/MAG+해/VV+EF"
          },
          {
            "id": 15,
            "text": "2 : 여자친구는 운동을 별로 안 좋아 해서",
            "norm_text": "여자친구는 운동을 별로 안 좋아 해서",
            "speaker": {
              "id": "2번",
              "sex": "남성",
              "age": "30대"
            },
            "speechAct": "(단언) 진술하기",
            "morpheme": "여자/NNG+친구/NNG+는/JX+운동/NNG+을/JKO+별로/MAG+안/MAG+좋/VA+아/EC+해서/VV+EC"
          },
          {
            "id": 16,
            "text": "1 : 아예 운동을 안 하는 거야?",
            "norm_text": "아예 운동을 안 하는 거야?",
            "speaker": {
              "id": "1번",
              "sex": "여성",
              "age": "20대"
            },
            "speechAct": "(지시) 질문하기",
            "morpheme": "아예/MAG+운동/NNG+을/JKO+안/MAG+하/VV+는/ETM+거/NNB+야/VCP+EF"
          },
          {
            "id": 17,
            "text": "2 : 응 이제 슬슬 데리고 운동 다녀봐야지",
            "norm_text": "응 이제 슬슬 데리고 운동 다녀봐야지",
            "speaker": {
              "id": "2번",
              "sex": "남성",
              "age": "30대"
            },
            "speechAct": "(단언) 주장하기",
            "morpheme": "응/IC+이제/MAG+슬슬/MAG+데리/VV+고/EC+운동/NNG+다녀/VV+EC+봐야/VX+EC+VV+지/EC"
          }
        ]
      }
    }
  ]
}