{
  "dataset": {
    "identifier": 21039,
    "name": "BAND_27_16_set",
    "src_path": "/data/file/cubeManager/PROJECT001/49/txt20210916151141061853/BAND_27_16_set/",
    "label_path": "/data/file/cubeManager/PROJECT001/49/txt20210916151141061853/BAND_27_16_set/",
    "category": 2,
    "type": 0
  },
  "licenses": {
    "name": "Apache License 1.0",
    "url": "http://www.apache.org/licenses/LICENSE-1.0"
  },
  "info": [
    {
      "id": 28586,
      "filename": "BAND_27_16.txt",
      "title": "BAND_27_16",
      "mediatype": "SNS",
      "medianame": "네이버밴드",
      "category": "일상대화",
      "date": "2021-09-16",
      "size": 499,
      "annotations": {
        "subject": "미용",
        "speaker_type": "1:1",
        "size": 499,
        "word_size": 173,
        "text": "1 : 너는 그 네일 아트 사장이랑 어떻게 알게 된 거야?\n2 : 아 친척이야 완전 가까운\n1 : 헐 진짜 그런 사람이 어떻게 조카 돈을 빼 먹어!\n2 : 아 근데 별로 안 친해\n2 : 그래서 그런가 봐 쳇!\n1 : 아 손절해 버려\n1 : 네일 아트 사진 보여줄 수 있어?\n2 : 그거 그 양반 손에 있어 아직 있을란지도 모르겠지만 키키\n1 : 키키 그렇구나 너는 그래서 다시는 안 할 거야?\n2 : 아니 뭐 좋은 데 있으면 소개 시켜줄래?\n1 : 소개 시켜주고 싶은데 나는 논산에 있어 키키\n2 : 아 그렇구나 가 가 볼게 키키\n1 : 근데 인스타로 문경 네일 아트 쳐 보면 많이 나올 걸?\n2 : 그래? 있겠지 근데 요즘 다 문 닫지 않았을까 일대일로 하는 사업이라\n1 : 그러니까 오히려 더 잘 되지 않을까\n1 : 사람들이 그걸로 스트레스 풀잖아 키키\n2 : 마주 보고 하니까 아무래도  쫌 그렇지 않나 싶어서  ㅜㅜ\n1 : 아니야 오히려 그게 더 잘 되는 걸로 알고 있어!\n2 : 아 몰랐네 한 번 찾아보고 가야겠다!",
        "lines": [
          {
            "id": 1,
            "text": "1 : 너는 그 네일 아트 사장이랑 어떻게 알게 된 거야?",
            "norm_text": "너는 그 네일 아트 사장이랑 어떻게 알게 된 거야?",
            "speaker": {
              "id": "1번",
              "sex": "여성",
              "age": "20대"
            },
            "speechAct": "(지시) 질문하기",
            "morpheme": "너/NP+는/JX+그/MM+네/MM+일/NR+아트/NNG+사장/NNG+이랑/JKB+어떻게/MAG+알/VV+게/EC+된/VV+ETM+거/NNB+야/VCP+EF"
          },
          {
            "id": 2,
            "text": "2 : 아 친척이야 완전 가까운",
            "norm_text": "아 친척이야 완전 가까운",
            "speaker": {
              "id": "2번",
              "sex": "여성",
              "age": "20대"
            },
            "speechAct": "(단언) 진술하기",
            "morpheme": "아/IC+친척/NNG+이/VCP+야/EF+완전/MAG+가까운/VA+ETM"
          },
          {
            "id": 3,
            "text": "1 : 헐 진짜 그런 사람이 어떻게 조카 돈을 빼 먹어!",
            "norm_text": "헐 진짜 그런 사람이 어떻게 조카 돈을 빼 먹어!",
            "speaker": {
              "id": "1번",
              "sex": "여성",
              "age": "20대"
            },
            "speechAct": "(단언) 주장하기",
            "morpheme": "헐/IC+진짜/MAG+그런/MM+사람/NNG+이/JKS+어떻게/MAG+조카/NNG+돈/NNG+을/JKO+빼먹/VV+어/EF"
          },
          {
            "id": 4,
            "text": "2 : 아 근데 별로 안 친해",
            "norm_text": "아 근데 별로 안 친해",
            "speaker": {
              "id": "2번",
              "sex": "여성",
              "age": "20대"
            },
            "speechAct": "(단언) 주장하기",
            "morpheme": "아/IC+근데/MAJ+별로/MAG+안/MAG+친해/VA+EC"
          },
          {
            "id": 5,
            "text": "2 : 그래서 그런가 봐 쳇!",
            "norm_text": "그래서 그런가 봐 쳇!",
            "speaker": {
              "id": "2번",
              "sex": "여성",
              "age": "20대"
            },
            "speechAct": "(단언) 주장하기",
            "morpheme": "그래서/MAJ+그런가/VA+EC+봐/VX+EF+쳇/IC"
          },
          {
            "id": 6,
            "text": "1 : 아 손절해 버려",
            "norm_text": "아 손절해 버려",
            "speaker": {
              "id": "1번",
              "sex": "여성",
              "age": "20대"
            },
            "speechAct": "(지시) 충고/제안하기",
            "morpheme": "아/IC+손절/NNG+해버려/XSV+EC+VX+EC"
          },
          {
            "id": 7,
            "text": "1 : 네일 아트 사진 보여줄 수 있어?",
            "norm_text": "네일 아트 사진 보여줄 수 있어?",
            "speaker": {
              "id": "1번",
              "sex": "여성",
              "age": "20대"
            },
            "speechAct": "(지시) 질문하기",
            "morpheme": "네/MM+일/NR+아트/NNG+사진/NNG+보여/VV+EC+줄/VX+ETM+수/NNB+있/VV+어/EF"
          },
          {
            "id": 8,
            "text": "2 : 그거 그 양반 손에 있어 아직 있을란지도 모르겠지만 키키",
            "norm_text": "그거 그 양반 손에 있어 아직 있을란지도 모르겠지만 키키",
            "speaker": {
              "id": "2번",
              "sex": "여성",
              "age": "20대"
            },
            "speechAct": "(단언) 진술하기",
            "morpheme": "그거/NP+그/MM+양반/NNG+손/NNG+에/JKB+있/VV+어/EC+아직/MAG+있/VV+을란지/EC+도/JX+모르/VV+겠/EP+지만/EC+키/NNG+키/XSV+ETN"
          },
          {
            "id": 9,
            "text": "1 : 키키 그렇구나 너는 그래서 다시는 안 할 거야?",
            "norm_text": "키키 그렇구나 너는 그래서 다시는 안 할 거야?",
            "speaker": {
              "id": "1번",
              "sex": "여성",
              "age": "20대"
            },
            "speechAct": "(지시) 질문하기",
            "morpheme": "키/NNG+키/XSV+ETN+그렇/VA+구나/EF+너/NP+는/JX+그래서/MAJ+다시/MAG+는/JX+안/MAG+할/VV+ETM+거/NNB+야/VCP+EF"
          },
          {
            "id": 10,
            "text": "2 : 아니 뭐 좋은 데 있으면 소개 시켜줄래?",
            "norm_text": "아니 뭐 좋은 데 있으면 소개 시켜줄래?",
            "speaker": {
              "id": "2번",
              "sex": "여성",
              "age": "20대"
            },
            "speechAct": "(지시) 질문하기",
            "morpheme": "아니/IC+뭐/IC+좋/VA+은데/EC+있/VX+으면/EC+소개/NNG+시켜/XSV+EC+줄래/VX+EF"
          },
          {
            "id": 11,
            "text": "1 : 소개 시켜주고 싶은데 나는 논산에 있어 키키",
            "norm_text": "소개 시켜주고 싶은데 나는 논산에 있어 키키",
            "speaker": {
              "id": "1번",
              "sex": "여성",
              "age": "20대"
            },
            "speechAct": "(단언) 진술하기",
            "morpheme": "소개/NNG+시켜/XSV+EC+주/VX+고/EC+싶/VX+은데/EC+나/NP+는/JX+논산/NNP+에/JKB+있/VV+어/EC+키/NNG+키/XSV+ETN"
          },
          {
            "id": 12,
            "text": "2 : 아 그렇구나 가 가 볼게 키키",
            "norm_text": "아 그렇구나 가 가 볼게 키키",
            "speaker": {
              "id": "2번",
              "sex": "여성",
              "age": "20대"
            },
            "speechAct": "(단언) 주장하기",
            "morpheme": "아/IC+그렇/VA+구/EC+나가/VV+EC+가/JKS+볼/VV+ETM+게/NNB+JKS+키/NNG+키/XSV+ETN"
          },
          {
            "id": 13,
            "text": "1 : 근데 인스타로 문경 네일 아트 쳐 보면 많이 나올 걸?",
            "norm_text": "근데 인스타로 문경 네일 아트 쳐 보면 많이 나올 걸?",
            "speaker": {
              "id": "1번",
              "sex": "여성",
              "age": "20대"
            },
            "speechAct": "(지시) 질문하기",
            "morpheme": "근데/MAJ+인/VCP+ETM+스타/NNG+로/JKB+문경/NNP+네/XSN+일/NR+아트/NNG+쳐/VV+EC+보/VX+면/EC+많이/MAG+나올걸/VV+EF"
          },
          {
            "id": 14,
            "text": "2 : 그래? 있겠지 근데 요즘 다 문 닫지 않았을까 일대일로 하는 사업이라",
            "norm_text": "그래? 있겠지 근데 요즘 다 문 닫지 않았을까 일대일로 하는 사업이라",
            "speaker": {
              "id": "2번",
              "sex": "여성",
              "age": "20대"
            },
            "speechAct": "(단언) 진술하기",
            "morpheme": "그래/IC+있/VA+겠/EP+지/EF+근데/MAJ+요즘/MAG+다문/NNG+닫/VV+지/EC+않/VX+았/EP+을까/EF+일/NR+대/NNBC+일/NR+로/JKB+하/VV+는/ETM+사업/NNG+이/VCP+라/EC"
          },
          {
            "id": 15,
            "text": "1 : 그러니까 오히려 더 잘 되지 않을까",
            "norm_text": "그러니까 오히려 더 잘 되지 않을까",
            "speaker": {
              "id": "1번",
              "sex": "여성",
              "age": "20대"
            },
            "speechAct": "(지시) 질문하기",
            "morpheme": "그러니까/MAJ+오히려/MAJ+더/MAG+잘/MAG+되/VV+지/EC+않/VX+을까/EC"
          },
          {
            "id": 16,
            "text": "1 : 사람들이 그걸로 스트레스 풀잖아 키키",
            "norm_text": "사람들이 그걸로 스트레스 풀잖아 키키",
            "speaker": {
              "id": "1번",
              "sex": "여성",
              "age": "20대"
            },
            "speechAct": "(단언) 진술하기",
            "morpheme": "사람/NNG+들/XSN+이/JKS+그걸로/NP+JKB+스트레스/NNG+풀/VV+잖아/EC+키/NNG+키/XSV+ETN"
          },
          {
            "id": 17,
            "text": "2 : 마주 보고 하니까 아무래도  쫌 그렇지 않나 싶어서  ㅜㅜ",
            "norm_text": "마주 보고 하니까 아무래도  쫌 그렇지 않나 싶어서  ㅜㅜ",
            "speaker": {
              "id": "2번",
              "sex": "여성",
              "age": "20대"
            },
            "speechAct": "(단언) 주장하기",
            "morpheme": "마주/MAG+보/VV+고/EC+하/VV+니까/EC+아무래도/MAG+쫌/MAG+그렇/VA+지/EC+않/VX+나/EC+싶/VX+어서/EC+ㅜㅜ/UNKNOWN"
          },
          {
            "id": 18,
            "text": "1 : 아니야 오히려 그게 더 잘 되는 걸로 알고 있어!",
            "norm_text": "아니야 오히려 그게 더 잘 되는 걸로 알고 있어!",
            "speaker": {
              "id": "1번",
              "sex": "여성",
              "age": "20대"
            },
            "speechAct": "(단언) 주장하기",
            "morpheme": "아니야/IC+오히려/MAJ+그게/NP+JKS+더/MAG+잘/MAG+되/VV+는/ETM+걸로/NNB+JKB+알/VV+고/EC+있/VX+어/EF"
          },
          {
            "id": 19,
            "text": "2 : 아 몰랐네 한 번 찾아보고 가야겠다!",
            "norm_text": "아 몰랐네 한 번 찾아보고 가야겠다!",
            "speaker": {
              "id": "2번",
              "sex": "여성",
              "age": "20대"
            },
            "speechAct": "(단언) 주장하기",
            "morpheme": "아/IC+몰랐/VV+EP+네/EF+한번/MAG+찾아보/VV+고/EC+가/VX+야겠다/EC+VX+EP+EF"
          }
        ]
      }
    }
  ]
}