{
  "dataset": {
    "identifier": 22426,
    "name": "BAND_29_04_set",
    "src_path": "/data/file/cubeManager/PROJECT001/49/txt20210917164449093091/BAND_29_04_set/",
    "label_path": "/data/file/cubeManager/PROJECT001/49/txt20210917164449093091/BAND_29_04_set/",
    "category": 2,
    "type": 0
  },
  "licenses": {
    "name": "Apache License 1.0",
    "url": "http://www.apache.org/licenses/LICENSE-1.0"
  },
  "info": [
    {
      "id": 30275,
      "filename": "BAND_29_04.txt",
      "title": "BAND_29_04",
      "mediatype": "SNS",
      "medianame": "네이버밴드",
      "category": "일상대화",
      "date": "2021-09-17",
      "size": 363,
      "annotations": {
        "subject": "회사/아르바이트",
        "speaker_type": "1:1",
        "size": 363,
        "word_size": 134,
        "text": "1 : 너는 알바 한 번도 안 하고 취업 먼저 했어?\n2 : 나 고등학교 때 1년 정도 편의점 알바했어\n1 : 헐 너 어디서 알바했는데?\n2 : 시내에 있는 씨유 편의점 알아?\n1 : 어? 거기 내 친구도 있던 곳 아닌가?\n2 : 오 맞아 아마도 그럴 꺼야 !\n1 : 니가 그 친구 소개 시켜 준 거니? 키키\n2 : 아마 아닐 거 같긴 한데 잘 모르겠다 키키\n1 : 너 고 삼 때 알바 한 거야?\n2 : 고 2에서 고 3까지 했던 거 같아 키키\n1 : 그러면 총 몇 개월 한 거야?\n2 : 1년 좀 넘었었지 않을까 싶어?\n1 : 와 거기서 퇴직금 줬어?\n2 : 아쉽게도 그 당시엔 그런 게 없었어 ㅠ\n1 : 그때 시급이 5천 원 맞나?\n2 : 그때 아마 시급이 그 정도일 꺼야",
        "lines": [
          {
            "id": 1,
            "text": "1 : 너는 알바 한 번도 안 하고 취업 먼저 했어?",
            "norm_text": "너는 알바 한 번도 안 하고 취업 먼저 했어?",
            "speaker": {
              "id": "1번",
              "sex": "여성",
              "age": "20대"
            },
            "speechAct": "(지시) 질문하기",
            "morpheme": "너/NP+는/JX+알/VV+ETM+바/NNB+한/MM+번/NNBC+도/JX+안/MAG+하/VV+고/EC+취업/NNG+먼저/MAG+했/VV+EP+어/EF"
          },
          {
            "id": 2,
            "text": "2 : 나 고등학교 때 1년 정도 편의점 알바했어",
            "norm_text": "나 고등학교 때 1년 정도 편의점 알바했어",
            "speaker": {
              "id": "2번",
              "sex": "여성",
              "age": "20대"
            },
            "speechAct": "(단언) 진술하기",
            "morpheme": "나/NP+고등/NNG+학교/NNG+때/NNG+1/SN+년/NNBC+정도/NNG+편의점/NNG+알/VV+ETM+바/NNB+했/VV+EP+어/EC"
          },
          {
            "id": 3,
            "text": "1 : 헐 너 어디서 알바했는데?",
            "norm_text": "헐 너 어디서 알바했는데?",
            "speaker": {
              "id": "1번",
              "sex": "여성",
              "age": "20대"
            },
            "speechAct": "(지시) 질문하기",
            "morpheme": "헐/IC+너/NP+어디/NP+서/JKB+알/VV+ETM+바/NNB+했/VV+EP+는데/EF"
          },
          {
            "id": 4,
            "text": "2 : 시내에 있는 씨유 편의점 알아?",
            "norm_text": "시내에 있는 씨유 편의점 알아?",
            "speaker": {
              "id": "2번",
              "sex": "여성",
              "age": "20대"
            },
            "speechAct": "(지시) 질문하기",
            "morpheme": "시내/NNG+에/JKB+있/VV+는/ETM+씨/NNB+유편/NNG+의/JKG+점/NNG+알/VV+아/EF"
          },
          {
            "id": 5,
            "text": "1 : 어? 거기 내 친구도 있던 곳 아닌가?",
            "norm_text": "어? 거기 내 친구도 있던 곳 아닌가?",
            "speaker": {
              "id": "1번",
              "sex": "여성",
              "age": "20대"
            },
            "speechAct": "(지시) 질문하기",
            "morpheme": "어/IC+거기/NP+내/NP+JKG+친구/NNG+도/JX+있/VX+던/ETM+곳/NNB+아닌가/VCN+EF"
          },
          {
            "id": 6,
            "text": "2 : 오 맞아 아마도 그럴 꺼야 !",
            "norm_text": "오 맞아 아마도 그럴 꺼야 !",
            "speaker": {
              "id": "2번",
              "sex": "여성",
              "age": "20대"
            },
            "speechAct": "(단언) 주장하기",
            "morpheme": "오/NR+맞/VV+아/EC+아마도/MAG+그럴/VA+ETM+꺼/NNB+VCP+야/EF"
          },
          {
            "id": 7,
            "text": "1 : 니가 그 친구 소개 시켜 준 거니? 키키",
            "norm_text": "니가 그 친구 소개 시켜 준 거니? 키키",
            "speaker": {
              "id": "1번",
              "sex": "여성",
              "age": "20대"
            },
            "speechAct": "(지시) 질문하기",
            "morpheme": "니/NP+가/JKS+그/MM+친구/NNG+소개/NNG+시켜/XSV+EC+준거/VX+ETM+NNB+VCP+니/EF+키/NNG+키/XSV+ETN"
          },
          {
            "id": 8,
            "text": "2 : 아마 아닐 거 같긴 한데 잘 모르겠다 키키",
            "norm_text": "아마 아닐 거 같긴 한데 잘 모르겠다 키키",
            "speaker": {
              "id": "2번",
              "sex": "여성",
              "age": "20대"
            },
            "speechAct": "(단언) 주장하기",
            "morpheme": "아마/MAG+아닐/VCN+ETM+거/NNB+같/VA+긴/ETN+JX+한데/VX+EC+잘/MAG+모르/VV+겠/EP+다키키/NNP"
          },
          {
            "id": 9,
            "text": "1 : 너 고 삼 때 알바 한 거야?",
            "norm_text": "너 고 삼 때 알바 한 거야?",
            "speaker": {
              "id": "1번",
              "sex": "여성",
              "age": "20대"
            },
            "speechAct": "(지시) 질문하기",
            "morpheme": "너/NP+고/VCP+EC+삼/NR+때/NNG+알/VV+ETM+바/NNB+한/XSA+ETM+거/NNB+야/VCP+EF"
          },
          {
            "id": 10,
            "text": "2 : 고 2에서 고 3까지 했던 거 같아 키키",
            "norm_text": "고 2에서 고 3까지 했던 거 같아 키키",
            "speaker": {
              "id": "2번",
              "sex": "여성",
              "age": "20대"
            },
            "speechAct": "(단언) 진술하기",
            "morpheme": "고/MM+2/SN+에서/JKB+고/XPN+3/SN+까지/JX+했/VV+EP+던/ETM+거/NNB+같/VA+아/EC+키/NNG+키/XSV+ETN"
          },
          {
            "id": 11,
            "text": "1 : 그러면 총 몇 개월 한 거야?",
            "norm_text": "그러면 총 몇 개월 한 거야?",
            "speaker": {
              "id": "1번",
              "sex": "여성",
              "age": "20대"
            },
            "speechAct": "(지시) 질문하기",
            "morpheme": "그러면/MAJ+총/MM+몇/MM+개월/NNBC+한/XSA+ETM+거/NNB+야/VCP+EF"
          },
          {
            "id": 12,
            "text": "2 : 1년 좀 넘었었지 않을까 싶어?",
            "norm_text": "1년 좀 넘었었지 않을까 싶어?",
            "speaker": {
              "id": "2번",
              "sex": "여성",
              "age": "20대"
            },
            "speechAct": "(단언) 진술하기",
            "morpheme": "1/SN+년/NNBC+좀/MAG+넘/VV+었었/EP+지/EC+않/VX+을까/EC+싶/VX+어/EF"
          },
          {
            "id": 13,
            "text": "1 : 와 거기서 퇴직금 줬어?",
            "norm_text": "와 거기서 퇴직금 줬어?",
            "speaker": {
              "id": "1번",
              "sex": "여성",
              "age": "20대"
            },
            "speechAct": "(지시) 질문하기",
            "morpheme": "와/IC+거기/NP+서/JKB+퇴직금/NNG+줬/VV+EP+어/EF"
          },
          {
            "id": 14,
            "text": "2 : 아쉽게도 그 당시엔 그런 게 없었어 ㅠ",
            "norm_text": "아쉽게도 그 당시엔 그런 게 없었어 ㅠ",
            "speaker": {
              "id": "2번",
              "sex": "여성",
              "age": "20대"
            },
            "speechAct": "(단언) 진술하기",
            "morpheme": "아쉽/VA+게/EC+도/JX+그/MM+당시/NNG+엔/JKB+JX+그런/MM+게/NNB+JKS+없/VA+었/EP+어ㅠ/UNKNOWN"
          },
          {
            "id": 15,
            "text": "1 : 그때 시급이 5천 원 맞나?",
            "norm_text": "그때 시급이 5천 원 맞나?",
            "speaker": {
              "id": "1번",
              "sex": "여성",
              "age": "20대"
            },
            "speechAct": "(지시) 질문하기",
            "morpheme": "그때/NNG+시급/NNG+이/JKS+5/SN+천/NR+원/NNBC+맞/VV+나/EF"
          },
          {
            "id": 16,
            "text": "2 : 그때 아마 시급이 그 정도일 꺼야",
            "norm_text": "그때 아마 시급이 그 정도일 꺼야",
            "speaker": {
              "id": "2번",
              "sex": "여성",
              "age": "20대"
            },
            "speechAct": "(단언) 주장하기",
            "morpheme": "그때/NNG+아마/MAG+시급/NNG+이/JKS+그/MM+정도/NNG+일/NR+꺼야/VV+EC"
          }
        ]
      }
    }
  ]
}