{
  "dataset": {
    "identifier": 113252,
    "name": "BAND_44_13_set",
    "src_path": "/data/file/cubeManager/PROJECT001/80/txt20211102172148020621/BAND_44_13_set/",
    "label_path": "/data/file/cubeManager/PROJECT001/80/txt20211102172148020621/BAND_44_13_set/",
    "category": 2,
    "type": 0
  },
  "licenses": {
    "name": "Apache License 1.0",
    "url": "http://www.apache.org/licenses/LICENSE-1.0"
  },
  "info": [
    {
      "id": 131625,
      "filename": "BAND_44_13.txt",
      "title": "BAND_44_13",
      "mediatype": "SNS",
      "medianame": "네이버밴드",
      "category": "일상대화",
      "date": "2021-11-02",
      "size": 612,
      "annotations": {
        "subject": "계절/날씨",
        "speaker_type": "다자간 대화",
        "size": 612,
        "word_size": 204,
        "text": "1 : 너네 천둥 번개 좋아해?\n2 : 어어 아니...! 키키\n2 : 시끄러워서 싫오잉\u003e\u003c\n3 : 키키 그거 좋아하면 피카츄 아니야...?\n1 : 키키 은근 저 소리 좋아하는 사람 있더라고 키키\n2 : 키키 키키 ㅋ ㅋ ㅋ 키키 아 그래? 키키\n2 : 나는 좀 무서운 거 같기도?\n3 : 키키 그래?\n3 : 나도 시끄러워서 싫으...\n3 : 잘 때 빗소리 듣는 게 좋지 하하\n1 : 나도 전자기기 다 내려놓고 이불 속으로 들어가 키키\n2 : 키키 아 잘 때 빗소리는 좋지 좋지 킹정^^\n3 : 키키 천둥소리 들으면 놀래는 편이라... 껄껄\n1 : 키키 나 예전에 겜 하다가 번개 맞았잖아 키키\n2 : 키키 키키 에에.!... 집 괜찮대스까...?\n2 : 정전 됐겠다\n3 : 허얼 번개 맞기 힘든데 그 확률을 뚫었네...\n3 : 괜찮구...?\n1 : 컴터 고장 났어 키키\n1 : 심장 튀어 나오는 줄 ㄷㄷ\n2 : 키키 ㅋ ㅋ 대박 웃겨 키키\n2 : 진심 키키 넘 무서웠겠다 트라우마 생길 덧 키키\n3 : 와우 이건 조심할 수도 없는 문제네\n3 : 다음엔 안 맞길 빕니다!\n1 : 그때 이후로 천둥 번개 치면 가만히 있어 키키\n2 : 키키 글게 ㅜㅜ\n2 : 액땜했다구 생각해야지~ 어휴 조심쓰\n3 : 진짜 트라우마 생겼나 보네 다음엔 안 그럴겨!",
        "lines": [
          {
            "id": 1,
            "text": "1 : 너네 천둥 번개 좋아해?",
            "norm_text": "너네 천둥 번개 좋아해?",
            "speaker": {
              "id": "1번",
              "sex": "여성",
              "age": "20대"
            },
            "speechAct": "(지시) 질문하기",
            "morpheme": "너/NP+네/XSN+천둥/NNG+번개/NNG+좋/VA+아/EC+해/VX+EF"
          },
          {
            "id": 2,
            "text": "2 : 어어 아니...! 키키",
            "norm_text": "어어 아니...! 키키",
            "speaker": {
              "id": "2번",
              "sex": "여성",
              "age": "20대"
            },
            "speechAct": "(단언) 주장하기",
            "morpheme": "어/IC+어/IC+아니/IC+./SY+./SY+키/NNG+키/XSV+ETN"
          },
          {
            "id": 3,
            "text": "2 : 시끄러워서 싫오잉\u003e\u003c",
            "norm_text": "시끄러워서 싫오잉\u003e\u003c",
            "speaker": {
              "id": "2번",
              "sex": "여성",
              "age": "20대"
            },
            "speechAct": "(단언) 주장하기",
            "morpheme": "시끄러워서/VA+EC+싫/VA+오/EC+잉/NNG+\u003e/SY+\u003c/SY"
          },
          {
            "id": 4,
            "text": "3 : 키키 그거 좋아하면 피카츄 아니야...?",
            "norm_text": "키키 그거 좋아하면 피카츄 아니야...?",
            "speaker": {
              "id": "3번",
              "sex": "남성",
              "age": "20대"
            },
            "speechAct": "(단언) 주장하기",
            "morpheme": "키/NNG+키/XSV+ETN+그거/NP+좋/VA+아/EC+하/VV+면/EC+피카츄/NNP+아니/VCN+야/EF+./SY+./SY"
          },
          {
            "id": 5,
            "text": "1 : 키키 은근 저 소리 좋아하는 사람 있더라고 키키",
            "norm_text": "키키 은근 저 소리 좋아하는 사람 있더라고 키키",
            "speaker": {
              "id": "1번",
              "sex": "여성",
              "age": "20대"
            },
            "speechAct": "(단언) 주장하기",
            "morpheme": "키/NNG+키/XSV+ETN+은/JX+근저/NNG+소리/NNG+좋/VA+아/EC+하/VV+는/ETM+사람/NNG+있/VV+더라고/EC+키/NNG+키/XSV+ETN"
          },
          {
            "id": 6,
            "text": "2 : 키키 키키 ㅋ ㅋ ㅋ 키키 아 그래? 키키",
            "norm_text": "키키 키키 ㅋ ㅋ ㅋ 키키 아 그래? 키키",
            "speaker": {
              "id": "2번",
              "sex": "여성",
              "age": "20대"
            },
            "speechAct": "(단언) 주장하기",
            "morpheme": "키키키키ㅋㅋㅋ키키아그래/UNKNOWN+키/NNG+키/XSV+ETN"
          },
          {
            "id": 7,
            "text": "2 : 나는 좀 무서운 거 같기도?",
            "norm_text": "나는 좀 무서운 거 같기도?",
            "speaker": {
              "id": "2번",
              "sex": "여성",
              "age": "20대"
            },
            "speechAct": "(단언) 주장하기",
            "morpheme": "나/NP+는/JX+좀/MAG+무서운/VA+ETM+거/NNB+같/VA+기/ETN+도/JX"
          },
          {
            "id": 8,
            "text": "3 : 키키 그래?",
            "norm_text": "키키 그래?",
            "speaker": {
              "id": "3번",
              "sex": "남성",
              "age": "20대"
            },
            "speechAct": "턴토크 사인(관습적 반응)",
            "morpheme": "키/NNG+키/XSV+ETN+그래/VV+EF"
          },
          {
            "id": 9,
            "text": "3 : 나도 시끄러워서 싫으...",
            "norm_text": "나도 시끄러워서 싫으...",
            "speaker": {
              "id": "3번",
              "sex": "남성",
              "age": "20대"
            },
            "speechAct": "(단언) 주장하기",
            "morpheme": "나/NP+도/JX+시끄러워서/VA+EC+싫/VA+으/EF+./SY"
          },
          {
            "id": 10,
            "text": "3 : 잘 때 빗소리 듣는 게 좋지 하하",
            "norm_text": "잘 때 빗소리 듣는 게 좋지 하하",
            "speaker": {
              "id": "3번",
              "sex": "남성",
              "age": "20대"
            },
            "speechAct": "(단언) 주장하기",
            "morpheme": "잘/MAG+때/NNG+빗소리/NNG+듣/VV+는/ETM+게/NNB+JKS+좋/VA+지/EC+하하/MAG"
          },
          {
            "id": 11,
            "text": "1 : 나도 전자기기 다 내려놓고 이불 속으로 들어가 키키",
            "norm_text": "나도 전자기기 다 내려놓고 이불 속으로 들어가 키키",
            "speaker": {
              "id": "1번",
              "sex": "여성",
              "age": "20대"
            },
            "speechAct": "(단언) 주장하기",
            "morpheme": "나/NP+도/JX+전자/NNG+기기/NNG+다/MAG+내려놓/VV+고/EC+이불속/NNG+으로/JKB+들어가/VV+EC+키/NNG+키/XSV+ETN"
          },
          {
            "id": 12,
            "text": "2 : 키키 아 잘 때 빗소리는 좋지 좋지 킹정^^",
            "norm_text": "키키 아 잘 때 빗소리는 좋지 좋지 킹정^^",
            "speaker": {
              "id": "2번",
              "sex": "여성",
              "age": "20대"
            },
            "speechAct": "(단언) 주장하기",
            "morpheme": "키키아잘때빗소리는좋지좋지킹정/UNKNOWN+^/SY+^/SY"
          },
          {
            "id": 13,
            "text": "3 : 키키 천둥소리 들으면 놀래는 편이라... 껄껄",
            "norm_text": "키키 천둥소리 들으면 놀래는 편이라... 껄껄",
            "speaker": {
              "id": "3번",
              "sex": "남성",
              "age": "20대"
            },
            "speechAct": "(단언) 주장하기",
            "morpheme": "키/NNG+키/NNG+천둥소리/NNG+들으면/VV+EC+놀래/VV+는/ETM+편/NNB+이/VCP+라/EF+./SY+껄껄/MAG"
          },
          {
            "id": 14,
            "text": "1 : 키키 나 예전에 겜 하다가 번개 맞았잖아 키키",
            "norm_text": "키키 나 예전에 겜 하다가 번개 맞았잖아 키키",
            "speaker": {
              "id": "1번",
              "sex": "여성",
              "age": "20대"
            },
            "speechAct": "(단언) 주장하기",
            "morpheme": "키/NNG+키나/XSA+ETN+JX+예전/NNG+에/JKB+겜/NNP+하/VV+다가/EC+번개/NNG+맞/VV+았/EP+잖아/EF+키/NNG+키/XSV+ETN"
          },
          {
            "id": 15,
            "text": "2 : 키키 키키 에에.!... 집 괜찮대스까...?",
            "norm_text": "키키 키키 에에.!... 집 괜찮대스까...?",
            "speaker": {
              "id": "2번",
              "sex": "여성",
              "age": "20대"
            },
            "speechAct": "(지시) 질문하기",
            "morpheme": "키/NNG+키/NNG+키/NNG+키/NNG+에/JKB+에/IC+!/SY+./SY+집괜찮대스까/UNKNOWN+./SY+./SY"
          },
          {
            "id": 16,
            "text": "2 : 정전 됐겠다",
            "norm_text": "정전 됐겠다",
            "speaker": {
              "id": "2번",
              "sex": "여성",
              "age": "20대"
            },
            "speechAct": "(단언) 주장하기",
            "morpheme": "정전/NNG+됐/XSV+EP+겠/EP+다/EC"
          },
          {
            "id": 17,
            "text": "3 : 허얼 번개 맞기 힘든데 그 확률을 뚫었네...",
            "norm_text": "허얼 번개 맞기 힘든데 그 확률을 뚫었네...",
            "speaker": {
              "id": "3번",
              "sex": "남성",
              "age": "20대"
            },
            "speechAct": "(단언) 주장하기",
            "morpheme": "허얼번개맞기힘든데그확률을뚫었네/UNKNOWN+./SY"
          },
          {
            "id": 18,
            "text": "3 : 괜찮구...?",
            "norm_text": "괜찮구...?",
            "speaker": {
              "id": "3번",
              "sex": "남성",
              "age": "20대"
            },
            "speechAct": "(단언) 주장하기",
            "morpheme": "괜찮/VA+구/EC+./SY+./SY"
          },
          {
            "id": 19,
            "text": "1 : 컴터 고장 났어 키키",
            "norm_text": "컴터 고장 났어 키키",
            "speaker": {
              "id": "1번",
              "sex": "여성",
              "age": "20대"
            },
            "speechAct": "(단언) 진술하기",
            "morpheme": "컴터고장났어키키/UNKNOWN"
          },
          {
            "id": 20,
            "text": "1 : 심장 튀어 나오는 줄 ㄷㄷ",
            "norm_text": "심장 튀어 나오는 줄 ㄷㄷ",
            "speaker": {
              "id": "1번",
              "sex": "여성",
              "age": "20대"
            },
            "speechAct": "(단언) 주장하기",
            "morpheme": "심장/NNG+튀어나오/VV+는/ETM+줄/NNB+ㄷ/NNG+ㄷ/NNG"
          },
          {
            "id": 21,
            "text": "2 : 키키 ㅋ ㅋ 대박 웃겨 키키",
            "norm_text": "키키 ㅋ ㅋ 대박 웃겨 키키",
            "speaker": {
              "id": "2번",
              "sex": "여성",
              "age": "20대"
            },
            "speechAct": "(단언) 주장하기",
            "morpheme": "키/NNG+키/XSV+ETN+ㅋㅋ/UNKNOWN+대박/NNG+웃겨/VV+EC+키/NNG+키/XSV+ETN"
          },
          {
            "id": 22,
            "text": "2 : 진심 키키 넘 무서웠겠다 트라우마 생길 덧 키키",
            "norm_text": "진심 키키 넘 무서웠겠다 트라우마 생길 덧 키키",
            "speaker": {
              "id": "2번",
              "sex": "여성",
              "age": "20대"
            },
            "speechAct": "(단언) 주장하기",
            "morpheme": "진심/NNG+키/NNG+키/XSV+ETN+넘/MAG+무서웠/VA+EP+겠/EP+다/EF+트라우마/NNP+생길/VV+ETM+덧/XPN+키/NNG+키/XSV+ETN"
          },
          {
            "id": 23,
            "text": "3 : 와우 이건 조심할 수도 없는 문제네",
            "norm_text": "와우 이건 조심할 수도 없는 문제네",
            "speaker": {
              "id": "3번",
              "sex": "남성",
              "age": "20대"
            },
            "speechAct": "(단언) 주장하기",
            "morpheme": "와우/IC+이건/NP+JX+조심/NNG+할/XSV+ETM+수/NNB+도/JX+없/VA+는/ETM+문제/NNG+네/XSN"
          },
          {
            "id": 24,
            "text": "3 : 다음엔 안 맞길 빕니다!",
            "norm_text": "다음엔 안 맞길 빕니다!",
            "speaker": {
              "id": "3번",
              "sex": "남성",
              "age": "20대"
            },
            "speechAct": "(단언) 주장하기",
            "morpheme": "다음/NNG+엔/JKB+JX+안/MAG+맞/VV+길/ETN+JKO+빕/NNP+니다/VCP+EF"
          },
          {
            "id": 25,
            "text": "1 : 그때 이후로 천둥 번개 치면 가만히 있어 키키",
            "norm_text": "그때 이후로 천둥 번개 치면 가만히 있어 키키",
            "speaker": {
              "id": "1번",
              "sex": "여성",
              "age": "20대"
            },
            "speechAct": "(단언) 주장하기",
            "morpheme": "그때/NNG+이후/NNG+로/JKB+천둥/NNG+번개치/VV+면/EC+가만히/MAG+있/VV+어/EC+키/NNG+키/XSV+ETN"
          },
          {
            "id": 26,
            "text": "2 : 키키 글게 ㅜㅜ",
            "norm_text": "키키 글게 ㅜㅜ",
            "speaker": {
              "id": "2번",
              "sex": "여성",
              "age": "20대"
            },
            "speechAct": "(단언) 주장하기",
            "morpheme": "키키글게ㅜㅜ/UNKNOWN"
          },
          {
            "id": 27,
            "text": "2 : 액땜했다구 생각해야지~ 어휴 조심쓰",
            "norm_text": "액땜했다구 생각해야지~ 어휴 조심쓰",
            "speaker": {
              "id": "2번",
              "sex": "여성",
              "age": "20대"
            },
            "speechAct": "(단언) 주장하기",
            "morpheme": "액땜/NNG+했/XSV+EP+다구/EC+생각/NNG+해야지/XSV+EC+~/SY+어휴/IC+조심/NNG+쓰/NNG"
          },
          {
            "id": 28,
            "text": "3 : 진짜 트라우마 생겼나 보네 다음엔 안 그럴겨!",
            "norm_text": "진짜 트라우마 생겼나 보네 다음엔 안 그럴겨!",
            "speaker": {
              "id": "3번",
              "sex": "남성",
              "age": "20대"
            },
            "speechAct": "(단언) 주장하기",
            "morpheme": "진짜/MAG+트라우마/NNP+생겼/VV+EP+나/EC+보/VX+네/EF+다음/NNG+엔/JKB+JX+안/MAG+그럴/VV+ETM+겨/NNB+VCP+EF"
          }
        ]
      }
    }
  ]
}