{
  "dataset": {
    "identifier": 112186,
    "name": "BAND_44_16_set",
    "src_path": "/data/file/cubeManager/PROJECT001/80/txt20211102172148023046/BAND_44_16_set/",
    "label_path": "/data/file/cubeManager/PROJECT001/80/txt20211102172148023046/BAND_44_16_set/",
    "category": 2,
    "type": 0
  },
  "licenses": {
    "name": "Apache License 1.0",
    "url": "http://www.apache.org/licenses/LICENSE-1.0"
  },
  "info": [
    {
      "id": 131628,
      "filename": "BAND_44_16.txt",
      "title": "BAND_44_16",
      "mediatype": "SNS",
      "medianame": "네이버밴드",
      "category": "일상대화",
      "date": "2021-11-02",
      "size": 516,
      "annotations": {
        "subject": "미용",
        "speaker_type": "다자간 대화",
        "size": 516,
        "word_size": 177,
        "text": "1 : 오랜만에 마스크팩 했오 키키 촉촉\n2 : 키키 올~ 팩 뭐했어~?\n2 : 보습~?\n3 : 오오 키키 팩 좋지 시간날 때 팩하면 기분 좋더랑\n1 : 진정 보습 키키\n1 : 티트리 팩 했어 키키\n2 : 올올 진정도 중요하지 ㅠㅠ\n2 : 나도 이번에 과보습 하다 뒤집어져서 혼났자너~!\n3 : 키키 잘 때 하고 잠들어서 아침에 바싹 마를 때 깜놀 함\n1 : 키키 그래서 팩 오래 하는 거 안 좋다더라\n1 : 15분 정도가 좋대\n2 : 키키 마정마정 시간 지키는 게 좋댜~!\n3 : 잠들어버려서 못 지키는... 현실 팩 해버렸지\n1 : 키키 가끔 멍 때리면 시간 훅 가있어\n2 : 키키 마자 ㅜㅜ 팩 할 때 못 웃는 거 불편 키키\n3 : 키키 웃긴 거 보는데 못 웃는 거 고통...\n1 : 다들 팩하고 남은 에센스는 어케 해?\n2 : 키키 목에 발라야지 국롤 아임니꺼\n3 : 키키 얼굴이랑 목에 같이 바르는 거 꿀이지!\n1 : 전 팔꿈치까지 바르지예~키키\n1 : 알뜰살뜰\n2 : 키키 키키 올~ 사실 나도 팔에도 바름 키키\n3 : 키키 다들 시도와 방법이 좋구만",
        "lines": [
          {
            "id": 1,
            "text": "1 : 오랜만에 마스크팩 했오 키키 촉촉",
            "norm_text": "오랜만에 마스크팩 했오 키키 촉촉",
            "speaker": {
              "id": "1번",
              "sex": "여성",
              "age": "20대"
            },
            "speechAct": "(단언) 진술하기",
            "morpheme": "오랜만/NNG+에/JKB+마스크/NNG+팩/NNG+했/XSV+EP+오/EC+키/NNG+키/XSV+ETN+촉촉/XR"
          },
          {
            "id": 2,
            "text": "2 : 키키 올~ 팩 뭐했어~?",
            "norm_text": "키키 올~ 팩 뭐했어~?",
            "speaker": {
              "id": "2번",
              "sex": "여성",
              "age": "20대"
            },
            "speechAct": "(지시) 질문하기",
            "morpheme": "키/NNG+키/XSV+ETN+올/VV+ETM+~/SY+팩/MAG+뭐/IC+했/VV+EP+어/EC+~/SY"
          },
          {
            "id": 3,
            "text": "2 : 보습~?",
            "norm_text": "보습~?",
            "speaker": {
              "id": "2번",
              "sex": "여성",
              "age": "20대"
            },
            "speechAct": "(지시) 질문하기",
            "morpheme": "보습/NNG+~/SY"
          },
          {
            "id": 4,
            "text": "3 : 오오 키키 팩 좋지 시간날 때 팩하면 기분 좋더랑",
            "norm_text": "오오 키키 팩 좋지 시간날 때 팩하면 기분 좋더랑",
            "speaker": {
              "id": "3번",
              "sex": "남성",
              "age": "20대"
            },
            "speechAct": "(단언) 진술하기",
            "morpheme": "오/NR+오/NR+키/NNG+키/NNG+팩/MAG+좋/VA+지/EC+시간/NNG+날/NNG+때/NNG+팩/NNG+하/XSV+면/EC+기분/NNG+좋/VA+더/EP+랑/EC"
          },
          {
            "id": 5,
            "text": "1 : 진정 보습 키키",
            "norm_text": "진정 보습 키키",
            "speaker": {
              "id": "1번",
              "sex": "여성",
              "age": "20대"
            },
            "speechAct": "(단언) 진술하기",
            "morpheme": "진정/NNG+보습/NNG+키/NNG+키/XSV+ETN"
          },
          {
            "id": 6,
            "text": "1 : 티트리 팩 했어 키키",
            "norm_text": "티트리 팩 했어 키키",
            "speaker": {
              "id": "1번",
              "sex": "여성",
              "age": "20대"
            },
            "speechAct": "(단언) 진술하기",
            "morpheme": "티/NNG+트리/NNG+팩/NNG+했/XSV+EP+어/EC+키/NNG+키/XSV+ETN"
          },
          {
            "id": 7,
            "text": "2 : 올올 진정도 중요하지 ㅠㅠ",
            "norm_text": "올올 진정도 중요하지 ㅠㅠ",
            "speaker": {
              "id": "2번",
              "sex": "여성",
              "age": "20대"
            },
            "speechAct": "(단언) 진술하기",
            "morpheme": "올올/MAG+진정/NNG+도/JX+중요/NNG+하/XSV+지/EC+ㅠㅠ/UNKNOWN"
          },
          {
            "id": 8,
            "text": "2 : 나도 이번에 과보습 하다 뒤집어져서 혼났자너~!",
            "norm_text": "나도 이번에 과보습 하다 뒤집어져서 혼났자너~!",
            "speaker": {
              "id": "2번",
              "sex": "여성",
              "age": "20대"
            },
            "speechAct": "(단언) 진술하기",
            "morpheme": "나도이번에과보습하다뒤집어져서혼났자너/UNKNOWN+~/SY"
          },
          {
            "id": 9,
            "text": "3 : 키키 잘 때 하고 잠들어서 아침에 바싹 마를 때 깜놀 함",
            "norm_text": "키키 잘 때 하고 잠들어서 아침에 바싹 마를 때 깜놀 함",
            "speaker": {
              "id": "3번",
              "sex": "남성",
              "age": "20대"
            },
            "speechAct": "(단언) 진술하기",
            "morpheme": "키/NNG+키/XSV+ETN+잘/MAG+때/NNG+하/XSV+고/EC+잠들/VV+어서/EC+아침/NNG+에/JKB+바싹/MAG+마를/VV+ETM+때/NNG+깜놀/NNG+함/XSV+ETN"
          },
          {
            "id": 10,
            "text": "1 : 키키 그래서 팩 오래 하는 거 안 좋다더라",
            "norm_text": "키키 그래서 팩 오래 하는 거 안 좋다더라",
            "speaker": {
              "id": "1번",
              "sex": "여성",
              "age": "20대"
            },
            "speechAct": "(단언) 진술하기",
            "morpheme": "키/NNG+키/XSV+ETN+그래서/MAJ+팩/MAG+오래/MAG+하/VV+는/ETM+거/NNB+안/MAG+좋/VA+다더라/EC"
          },
          {
            "id": 11,
            "text": "1 : 15분 정도가 좋대",
            "norm_text": "15분 정도가 좋대",
            "speaker": {
              "id": "1번",
              "sex": "여성",
              "age": "20대"
            },
            "speechAct": "(단언) 진술하기",
            "morpheme": "15/SN+분/NNBC+정도/NNG+가/JKS+좋/VA+대/EC"
          },
          {
            "id": 12,
            "text": "2 : 키키 마정마정 시간 지키는 게 좋댜~!",
            "norm_text": "키키 마정마정 시간 지키는 게 좋댜~!",
            "speaker": {
              "id": "2번",
              "sex": "여성",
              "age": "20대"
            },
            "speechAct": "(단언) 주장하기",
            "morpheme": "키키마정마정시간지키는게좋댜/UNKNOWN+~/SY"
          },
          {
            "id": 13,
            "text": "3 : 잠들어버려서 못 지키는... 현실 팩 해버렸지",
            "norm_text": "잠들어버려서 못 지키는... 현실 팩 해버렸지",
            "speaker": {
              "id": "3번",
              "sex": "남성",
              "age": "20대"
            },
            "speechAct": "(단언) 진술하기",
            "morpheme": "잠들/VV+어/EC+버려서/VX+EC+못/MAG+지키/VV+는/ETM+./SY+./SY+현실/NNG+팩/NNG+해/XSV+EC+버렸/VX+EP+지/EC"
          },
          {
            "id": 14,
            "text": "1 : 키키 가끔 멍 때리면 시간 훅 가있어",
            "norm_text": "키키 가끔 멍 때리면 시간 훅 가있어",
            "speaker": {
              "id": "1번",
              "sex": "여성",
              "age": "20대"
            },
            "speechAct": "(단언) 진술하기",
            "morpheme": "키/NNG+키/NNG+가끔/MAG+멍/MAG+때리/VV+면/EC+시간/NNG+훅/MAG+가/VV+EC+있/VX+어/EC"
          },
          {
            "id": 15,
            "text": "2 : 키키 마자 ㅜㅜ 팩 할 때 못 웃는 거 불편 키키",
            "norm_text": "키키 마자 ㅜㅜ 팩 할 때 못 웃는 거 불편 키키",
            "speaker": {
              "id": "2번",
              "sex": "여성",
              "age": "20대"
            },
            "speechAct": "(단언) 진술하기",
            "morpheme": "키/NNG+키/XSV+ETN+마자/JX+ㅜㅜ/UNKNOWN+팩/NNG+할/XSV+ETM+때/NNG+못/MAG+웃/VV+는/ETM+거/NNB+불편/NNG+키/NNG+키/XSV+ETN"
          },
          {
            "id": 16,
            "text": "3 : 키키 웃긴 거 보는데 못 웃는 거 고통...",
            "norm_text": "키키 웃긴 거 보는데 못 웃는 거 고통...",
            "speaker": {
              "id": "3번",
              "sex": "남성",
              "age": "20대"
            },
            "speechAct": "(단언) 진술하기",
            "morpheme": "키키웃긴거보는데못웃는거고통/UNKNOWN+./SY"
          },
          {
            "id": 17,
            "text": "1 : 다들 팩하고 남은 에센스는 어케 해?",
            "norm_text": "다들 팩하고 남은 에센스는 어케 해?",
            "speaker": {
              "id": "1번",
              "sex": "여성",
              "age": "20대"
            },
            "speechAct": "(지시) 질문하기",
            "morpheme": "다/MAG+들/XSN+팩/NNG+하/XSV+고/EC+남/VV+은/ETM+에센스/NNG+는/JX+어/IC+케/IC+해/VV+EF"
          },
          {
            "id": 18,
            "text": "2 : 키키 목에 발라야지 국롤 아임니꺼",
            "norm_text": "키키 목에 발라야지 국롤 아임니꺼",
            "speaker": {
              "id": "2번",
              "sex": "여성",
              "age": "20대"
            },
            "speechAct": "(단언) 주장하기",
            "morpheme": "키/NNG+키/NNG+목/NNG+에/JKB+발라야/VV+EC+지국/NNG+롤/JKB+아임/NNP+니/VCP+EC+꺼/VV+EC"
          },
          {
            "id": 19,
            "text": "3 : 키키 얼굴이랑 목에 같이 바르는 거 꿀이지!",
            "norm_text": "키키 얼굴이랑 목에 같이 바르는 거 꿀이지!",
            "speaker": {
              "id": "3번",
              "sex": "남성",
              "age": "20대"
            },
            "speechAct": "(단언) 주장하기",
            "morpheme": "키/NNG+키/NNG+얼굴/NNG+이랑/JKB+목/NNG+에/JKB+같이/MAG+바르/VV+는/ETM+거/NNB+꿀/NNG+이/VCP+지/EF"
          },
          {
            "id": 20,
            "text": "1 : 전 팔꿈치까지 바르지예~키키",
            "norm_text": "전 팔꿈치까지 바르지예~키키",
            "speaker": {
              "id": "1번",
              "sex": "여성",
              "age": "20대"
            },
            "speechAct": "(단언) 주장하기",
            "morpheme": "전/MM+팔꿈치/NNG+까지/JX+바르/NNG+지예/NNG+~/SY+키/NNG+키/XSV+ETN"
          },
          {
            "id": 21,
            "text": "1 : 알뜰살뜰",
            "norm_text": "알뜰살뜰",
            "speaker": {
              "id": "1번",
              "sex": "여성",
              "age": "20대"
            },
            "speechAct": "턴토크 사인(관습적 반응)",
            "morpheme": "알뜰살뜰/MAG"
          },
          {
            "id": 22,
            "text": "2 : 키키 키키 올~ 사실 나도 팔에도 바름 키키",
            "norm_text": "키키 키키 올~ 사실 나도 팔에도 바름 키키",
            "speaker": {
              "id": "2번",
              "sex": "여성",
              "age": "20대"
            },
            "speechAct": "(단언) 진술하기",
            "morpheme": "키키키키올/UNKNOWN+~/SY+사실/MAG+나/NP+도/JX+팔/NNG+에/JKB+도/JX+바름/VA+ETN+키/NNG+키/XSV+ETN"
          },
          {
            "id": 23,
            "text": "3 : 키키 다들 시도와 방법이 좋구만",
            "norm_text": "키키 다들 시도와 방법이 좋구만",
            "speaker": {
              "id": "3번",
              "sex": "남성",
              "age": "20대"
            },
            "speechAct": "(단언) 주장하기",
            "morpheme": "키/NNG+키/VV+다/EC+들/XSN+시도/NNG+와/JC+방법/NNG+이/JKS+좋/VA+구만/EC"
          }
        ]
      }
    }
  ]
}