{
  "dataset": {
    "identifier": 50593,
    "name": "BAND_32_16_set",
    "src_path": "/data/file/cubeManager/PROJECT001/53/txt20210927151849058183/BAND_32_16_set/",
    "label_path": "/data/file/cubeManager/PROJECT001/53/txt20210927151849058183/BAND_32_16_set/",
    "category": 2,
    "type": 0
  },
  "licenses": {
    "name": "Apache License 1.0",
    "url": "http://www.apache.org/licenses/LICENSE-1.0"
  },
  "info": [
    {
      "id": 34774,
      "filename": "BAND_32_16.txt",
      "title": "BAND_32_16",
      "mediatype": "SNS",
      "medianame": "네이버밴드",
      "category": "일상대화",
      "date": "2021-09-27",
      "size": 415,
      "annotations": {
        "subject": "미용",
        "speaker_type": "1:1",
        "size": 415,
        "word_size": 137,
        "text": "1 : 너는 무슨 드레스 입고 싶어?\n2 : 나는 화려한 드레스를 입고 싶어 키키\n1 : 웨딩드레스는 화려한 건 기본 옵션이지!\n2 : 맞아 레이스가 풍성한 드레스였으면 해\n1 : 헐 진짜 예쁘겠다 색은 올 화이트 아니면 아이보리?\n2 : 웨딩드레스는 화이트가 최고지 키키 무조건\n1 : 아니야 아이보리도 색상도 예쁘던데?\n2 : 아 진짜 ? 아이보리는 실물로 본 적이 없어 ㅠ\n1 : 너 인스타 찾아 봐 진짜 예뻐!\n2 : 너는 아이보리 입고 싶어?\n1 : 딱히 그런 건 아니고 나랑 제일 잘 어울리는 거 입고 싶어!\n2 : 맞아 나도 살 빼서 이쁜 거 입고 싶다 키키\n1 : 응 그러면 그 전에 예쁘게 해야 하니까 피부과 가야겠네?\n2 : 맞아 얼굴 한번 싹 밀어내야지 키키\n1 : 그런 건 원래 남친이 해 주는 거 알지?\n2 : 아 진짜? 당당히 요구해야겠다 하하",
        "lines": [
          {
            "id": 1,
            "text": "1 : 너는 무슨 드레스 입고 싶어?",
            "norm_text": "너는 무슨 드레스 입고 싶어?",
            "speaker": {
              "id": "1번",
              "sex": "여성",
              "age": "20대"
            },
            "speechAct": "(지시) 질문하기",
            "morpheme": "너/NP+는/JX+무슨/MM+드레스/NNG+입/VV+고/EC+싶/VX+어/EF"
          },
          {
            "id": 2,
            "text": "2 : 나는 화려한 드레스를 입고 싶어 키키",
            "norm_text": "나는 화려한 드레스를 입고 싶어 키키",
            "speaker": {
              "id": "2번",
              "sex": "여성",
              "age": "20대"
            },
            "speechAct": "(단언) 진술하기",
            "morpheme": "나/NP+는/JX+화려/XR+한/XSA+ETM+드레스/NNG+를/JKO+입/VV+고/EC+싶/VX+어/EC+키/NNG+키/XSV+ETN"
          },
          {
            "id": 3,
            "text": "1 : 웨딩드레스는 화려한 건 기본 옵션이지!",
            "norm_text": "웨딩드레스는 화려한 건 기본 옵션이지!",
            "speaker": {
              "id": "1번",
              "sex": "여성",
              "age": "20대"
            },
            "speechAct": "(단언) 주장하기",
            "morpheme": "웨딩드레스/NNG+는/JX+화려/XR+한/XSA+ETM+건/NNB+JX+기본/NNG+옵션/NNG+이/VCP+지/EF"
          },
          {
            "id": 4,
            "text": "2 : 맞아 레이스가 풍성한 드레스였으면 해",
            "norm_text": "맞아 레이스가 풍성한 드레스였으면 해",
            "speaker": {
              "id": "2번",
              "sex": "여성",
              "age": "20대"
            },
            "speechAct": "(단언) 주장하기",
            "morpheme": "맞/VV+아/EC+레이스/NNG+가/JKS+풍성/XR+한/XSA+ETM+드레스/NNG+였/VCP+EP+으면/EC+해/VV+EC"
          },
          {
            "id": 5,
            "text": "1 : 헐 진짜 예쁘겠다 색은 올 화이트 아니면 아이보리?",
            "norm_text": "헐 진짜 예쁘겠다 색은 올 화이트 아니면 아이보리?",
            "speaker": {
              "id": "1번",
              "sex": "여성",
              "age": "20대"
            },
            "speechAct": "(단언) 진술하기",
            "morpheme": "헐/IC+진짜/MAG+예쁘/VA+겠/EP+다색/NNG+은/JX+올/VV+ETM+화이트/NNP+아니/VCN+면/EC+아이보리/NNG"
          },
          {
            "id": 6,
            "text": "2 : 웨딩드레스는 화이트가 최고지 키키 무조건",
            "norm_text": "웨딩드레스는 화이트가 최고지 키키 무조건",
            "speaker": {
              "id": "2번",
              "sex": "여성",
              "age": "20대"
            },
            "speechAct": "(단언) 주장하기",
            "morpheme": "웨딩드레스/NNG+는/JX+화이트/NNP+가/JKS+최고/NNG+지키/NNP+키/NNG+무조건/NNG"
          },
          {
            "id": 7,
            "text": "1 : 아니야 아이보리도 색상도 예쁘던데?",
            "norm_text": "아니야 아이보리도 색상도 예쁘던데?",
            "speaker": {
              "id": "1번",
              "sex": "여성",
              "age": "20대"
            },
            "speechAct": "(단언) 반박하기",
            "morpheme": "아니야/IC+아이보리/NNG+도/JX+색상/NNG+도/JX+예쁘/VA+던데/EF"
          },
          {
            "id": 8,
            "text": "2 : 아 진짜 ? 아이보리는 실물로 본 적이 없어 ㅠ",
            "norm_text": "아 진짜 ? 아이보리는 실물로 본 적이 없어 ㅠ",
            "speaker": {
              "id": "2번",
              "sex": "여성",
              "age": "20대"
            },
            "speechAct": "(단언) 진술하기",
            "morpheme": "아/IC+진짜/MAG+아이보리/NNG+는/JX+실물/NNG+로/JKB+본/VV+ETM+적/NNB+이/JKS+없/VA+어/EC+ㅠ/UNKNOWN"
          },
          {
            "id": 9,
            "text": "1 : 너 인스타 찾아 봐 진짜 예뻐!",
            "norm_text": "너 인스타 찾아 봐 진짜 예뻐!",
            "speaker": {
              "id": "1번",
              "sex": "여성",
              "age": "20대"
            },
            "speechAct": "(지시) 충고/제안하기",
            "morpheme": "너/NP+인/VCP+ETM+스타/NNG+찾/VV+아/EC+봐/VX+EF+진짜/MAG+예뻐/VA+EF"
          },
          {
            "id": 10,
            "text": "2 : 너는 아이보리 입고 싶어?",
            "norm_text": "너는 아이보리 입고 싶어?",
            "speaker": {
              "id": "2번",
              "sex": "여성",
              "age": "20대"
            },
            "speechAct": "(지시) 질문하기",
            "morpheme": "너/NP+는/JX+아이보리/NNG+입/VV+고/EC+싶/VX+어/EF"
          },
          {
            "id": 11,
            "text": "1 : 딱히 그런 건 아니고 나랑 제일 잘 어울리는 거 입고 싶어!",
            "norm_text": "딱히 그런 건 아니고 나랑 제일 잘 어울리는 거 입고 싶어!",
            "speaker": {
              "id": "1번",
              "sex": "여성",
              "age": "20대"
            },
            "speechAct": "(단언) 주장하기",
            "morpheme": "딱히/MAG+그런/VA+ETM+건/NNB+JX+아니/VCN+고/EC+나/NP+랑/JKB+제일/MAG+잘/MAG+어울리/VV+는/ETM+거/NNB+입/VV+고/EC+싶/VX+어/EF"
          },
          {
            "id": 12,
            "text": "2 : 맞아 나도 살 빼서 이쁜 거 입고 싶다 키키",
            "norm_text": "맞아 나도 살 빼서 이쁜 거 입고 싶다 키키",
            "speaker": {
              "id": "2번",
              "sex": "여성",
              "age": "20대"
            },
            "speechAct": "(단언) 진술하기",
            "morpheme": "맞/VV+아/EC+나/NP+도/JX+살빼/VV+서/EC+이쁜/VA+ETM+거/NNB+입/VV+고/EC+싶/VX+다키키/NNP"
          },
          {
            "id": 13,
            "text": "1 : 응 그러면 그 전에 예쁘게 해야 하니까 피부과 가야겠네?",
            "norm_text": "응 그러면 그 전에 예쁘게 해야 하니까 피부과 가야겠네?",
            "speaker": {
              "id": "1번",
              "sex": "여성",
              "age": "20대"
            },
            "speechAct": "(지시) 질문하기",
            "morpheme": "응/IC+그러면/MAJ+그/MM+전/NNG+에/JKB+예쁘/VA+게/EC+해야/VV+EC+하/VV+니까/EC+피부과/NNG+가/VV+야/EC+VX+겠/EP+네/EF"
          },
          {
            "id": 14,
            "text": "2 : 맞아 얼굴 한번 싹 밀어내야지 키키",
            "norm_text": "맞아 얼굴 한번 싹 밀어내야지 키키",
            "speaker": {
              "id": "2번",
              "sex": "여성",
              "age": "20대"
            },
            "speechAct": "(단언) 진술하기",
            "morpheme": "맞/VV+아/EC+얼굴/NNG+한/MM+번/NNBC+싹/MAG+밀어내/VV+야지/EC+키/NNG+키/XSV+ETN"
          },
          {
            "id": 15,
            "text": "1 : 그런 건 원래 남친이 해 주는 거 알지?",
            "norm_text": "그런 건 원래 남친이 해 주는 거 알지?",
            "speaker": {
              "id": "1번",
              "sex": "여성",
              "age": "20대"
            },
            "speechAct": "(지시) 질문하기",
            "morpheme": "그런/MM+건/NNB+JX+원래/MAG+남친/NNG+이/JKS+해/VV+EC+주/VX+는/ETM+거/NNB+알/VV+지/EF"
          },
          {
            "id": 16,
            "text": "2 : 아 진짜? 당당히 요구해야겠다 하하",
            "norm_text": "아 진짜? 당당히 요구해야겠다 하하",
            "speaker": {
              "id": "2번",
              "sex": "여성",
              "age": "20대"
            },
            "speechAct": "(단언) 진술하기",
            "morpheme": "아/IC+진짜/MAG+당당히/MAG+요구/NNG+해야/XSV+EC+VX+겠/EP+다/EF+하하/MAG"
          }
        ]
      }
    }
  ]
}