{
  "dataset": {
    "identifier": 51471,
    "name": "BAND_35_10_set",
    "src_path": "/data/file/cubeManager/PROJECT001/53/txt20210930140924062720/BAND_35_10_set/",
    "label_path": "/data/file/cubeManager/PROJECT001/53/txt20210930140924062720/BAND_35_10_set/",
    "category": 2,
    "type": 0
  },
  "licenses": {
    "name": "Apache License 1.0",
    "url": "http://www.apache.org/licenses/LICENSE-1.0"
  },
  "info": [
    {
      "id": 37660,
      "filename": "BAND_35_10.txt",
      "title": "BAND_35_10",
      "mediatype": "SNS",
      "medianame": "네이버밴드",
      "category": "일상대화",
      "date": "2021-09-30",
      "size": 1321,
      "annotations": {
        "subject": "스포츠/레저",
        "speaker_type": "다자간 대화",
        "size": 1321,
        "word_size": 434,
        "text": "1 : 겨울에 스키나 보드 타본 적 있어?\n2 : 스키는 예전에 한번 타 봤당! 하하\n3 : 나는 스키는 몇 번 타보고 보드는 한 번 타봤어!  너는?\n1 : 나는 보드만 1번 타봤는데 너무 힘들더라...\n1 : 다음에 스키로 타봐야겠어!\n2 : 진짜 보드는 양발 다 묶여 있는 거잖아 난 그래서 도전도 못했어 키키\n3 : 근데 스키는 너무 무거워 ㅠㅠ\n3 : 다 타고 리프트까지 걸어가는 거 너무 힘들어서 보드 탔는데 재밌더라 키키\n3 : 요새 코로나 때문에 못 갔는데 가고 싶당\n1 : 맞아 두 발 다 묶여서 내 다리 같지가 않고 힘들었어...\n1 : 스키는 무겁구나 그래도 타볼래~\n2 : 보드도 무겁지 않아?!\n2 : 스키 진짜 못 타면서 또 오기는 있어서 완전 높은 곳 올라가고 그랬어\n3 : 스키 진짜 우리 키만 해 무거워 보드가 훨씬 나아 키키\n3 : 나 스키 다 내려와서 낑낑대고 리프트 갈 때 친구들이 끌어줬어\n1 : 근데 보드도 무겁긴 해... 키키\n1 : **언니 역시 할머니네 나는 무섭던데 높은데 어케 올라가 ㅜㅜ\n2 : 근데 올라가면 못 내려오지...\n2 : 거의 충돌 사고 계속 내고 기어서 내려왔어 하하\n2 : 아마 지금 가면 그냥 뒤뚱 거리다가 힘 빠져서 숙소로 갈듯\n3 : 키키 나는 밤 스키로만 탔는데 완전 눈에서 타는 느낌이 아니라 얼음 얼어있는 데서 타는 느낌이라 진짜 빠르고 무서워 ㅠㅠ\n3 : 다음날 온몸이 쑤셔\n1 : 맞아 난 느리게 가고 싶은데 속도 조절을 못 하니까 너무 빨리 내려가 ㅜㅜ\n1 : 앞 사람한테 부딪힐 거 같고\n2 : 웅웅 그리고 스키복 입고 몸도 둔한데 발도 맘대로 컨트롤을 못하니까 더 불편했어 키키\n3 : 키키 나는 그래서 무조건 에스짜로 왔다 갔다 내려와 키키\n3 : 또 타고 싶당! 보드는 진짜 어려워 잘 타는 사람 신기해\n1 : 난 진짜 아예 탈줄 몰라 키키\n1 : 다시 가서 도전해 보고 싶다!\n2 : 키키 맞아 성인 되고는 한번도 안 가봐서 또 가고 싶네!\n3 : 맞아 너무 무서워 넘어져서 옆에 구석 도랑에 빠진 사람도 구출해 준 적도 짱 많아\n1 : 키키 성인 돼서 안 가봤다고?\n1 : 그럼 언니 안 간 지 엄청 오래 된 거네 키키\n1 : 스키장에 옆에 도랑이 있어?\n2 : 웅웅 진짜 오래 됐어 키키\n2 : 구석 도랑은 뭐야 아니 너가 구출 당한 게 아니고 구출을 한 거야? 못 미덥네\n3 : 타기도 전에 누가  위에서 내려오다가 그 펜스라고 해야 되나? 그물망 옆으로 박으면서 떨어졌어 진짜 아파 보이더라 물론 친구가 구해줌 하하\n1 : 키키 짱 웃기네 언니는 왜 안 구해줘\n2 : 아니 **이가 구해주다가는 같이 빠져 있을 것 같은데? 키키\n3 : 키키 아니 겨울 옷 입고 너무 밑에  빠져서 내 팔이 안 닿았어\n3 : 나는 내 친구 잡아줌 하하",
        "lines": [
          {
            "id": 1,
            "text": "1 : 겨울에 스키나 보드 타본 적 있어?",
            "norm_text": "겨울에 스키나 보드 타본 적 있어?",
            "speaker": {
              "id": "1번",
              "sex": "여성",
              "age": "20대"
            },
            "speechAct": "(지시) 질문하기",
            "morpheme": "겨울/NNG+에스/NNG+키나/XSA+ETN+JX+보/VV+드/EC+타/VV+본/EC+VX+ETM+적/NNB+있/VA+어/EF"
          },
          {
            "id": 2,
            "text": "2 : 스키는 예전에 한번 타 봤당! 하하",
            "norm_text": "스키는 예전에 한번 타 봤당! 하하",
            "speaker": {
              "id": "2번",
              "sex": "여성",
              "age": "20대"
            },
            "speechAct": "(단언) 진술하기",
            "morpheme": "스키/NNG+는/JX+예전/NNG+에/JKB+한/MM+번/NNBC+타/VV+EC+봤/VX+EP+당/EF+하하/MAG"
          },
          {
            "id": 3,
            "text": "3 : 나는 스키는 몇 번 타보고 보드는 한 번 타봤어!  너는?",
            "norm_text": "나는 스키는 몇 번 타보고 보드는 한 번 타봤어!  너는?",
            "speaker": {
              "id": "3번",
              "sex": "여성",
              "age": "20대"
            },
            "speechAct": "(지시) 질문하기",
            "morpheme": "나/NP+는/JX+스키/NNG+는/JX+몇/MM+번/NNBC+타/VV+EC+보/VX+고/EC+보/VX+드/EC+VV+는/ETM+한/MM+번/NNBC+타/VV+EC+봤/VX+EP+어/EF+너/NP+는/JX"
          },
          {
            "id": 4,
            "text": "1 : 나는 보드만 1번 타봤는데 너무 힘들더라...",
            "norm_text": "나는 보드만 1번 타봤는데 너무 힘들더라...",
            "speaker": {
              "id": "1번",
              "sex": "여성",
              "age": "20대"
            },
            "speechAct": "(단언) 진술하기",
            "morpheme": "나/NP+는/JX+보드만/NNP+1/SN+번/NNBC+타/VV+EC+봤/VX+EP+는데/EC+너무/MAG+힘들/VA+더라/EF+./SY"
          },
          {
            "id": 5,
            "text": "1 : 다음에 스키로 타봐야겠어!",
            "norm_text": "다음에 스키로 타봐야겠어!",
            "speaker": {
              "id": "1번",
              "sex": "여성",
              "age": "20대"
            },
            "speechAct": "(단언) 주장하기",
            "morpheme": "다음/NNG+에스/NNG+키로/XSV+ETN+JKB+타/VV+봐야/EC+VX+EC+VX+겠/EP+어/EF"
          },
          {
            "id": 6,
            "text": "2 : 진짜 보드는 양발 다 묶여 있는 거잖아 난 그래서 도전도 못했어 키키",
            "norm_text": "진짜 보드는 양발 다 묶여 있는 거잖아 난 그래서 도전도 못했어 키키",
            "speaker": {
              "id": "2번",
              "sex": "여성",
              "age": "20대"
            },
            "speechAct": "(단언) 주장하기",
            "morpheme": "진짜/MAG+보/VV+드/EC+VV+는/ETM+양발/NNG+다/MAG+묶여/VV+EC+있/VX+는/ETM+거/NNB+잖아/VCP+EC+VX+EC+난/NP+JX+그래서/MAJ+도전/NNG+도/JX+못/MAG+했/VV+EP+어/EC+키/NNG+키/XSV+ETN"
          },
          {
            "id": 7,
            "text": "3 : 근데 스키는 너무 무거워 ㅠㅠ",
            "norm_text": "근데 스키는 너무 무거워 ㅠㅠ",
            "speaker": {
              "id": "3번",
              "sex": "여성",
              "age": "20대"
            },
            "speechAct": "(단언) 진술하기",
            "morpheme": "근데/MAJ+스키/NNG+는/JX+너무/MAG+무거워/VA+EC+ㅠㅠ/UNKNOWN"
          },
          {
            "id": 8,
            "text": "3 : 다 타고 리프트까지 걸어가는 거 너무 힘들어서 보드 탔는데 재밌더라 키키",
            "norm_text": "다 타고 리프트까지 걸어가는 거 너무 힘들어서 보드 탔는데 재밌더라 키키",
            "speaker": {
              "id": "3번",
              "sex": "여성",
              "age": "20대"
            },
            "speechAct": "(단언) 주장하기",
            "morpheme": "다/MAG+타/VV+고/EC+리프트/NNG+까지/JX+걸어가/VV+는/ETM+거/NNB+너무/MAG+힘들/VA+어서/EC+보/VX+드/EC+탔/VV+EP+는데/EC+재밌/VA+더라/EC+키/NNG+키/XSV+ETN"
          },
          {
            "id": 9,
            "text": "3 : 요새 코로나 때문에 못 갔는데 가고 싶당",
            "norm_text": "요새 코로나 때문에 못 갔는데 가고 싶당",
            "speaker": {
              "id": "3번",
              "sex": "여성",
              "age": "20대"
            },
            "speechAct": "(단언) 주장하기",
            "morpheme": "요새/NNG+코로나/NNG+때문/NNB+에/JKB+못/MAG+갔/VV+EP+는데/EC+가/VX+고/EC+싶/VX+당/EF"
          },
          {
            "id": 10,
            "text": "1 : 맞아 두 발 다 묶여서 내 다리 같지가 않고 힘들었어...",
            "norm_text": "맞아 두 발 다 묶여서 내 다리 같지가 않고 힘들었어...",
            "speaker": {
              "id": "1번",
              "sex": "여성",
              "age": "20대"
            },
            "speechAct": "(단언) 주장하기",
            "morpheme": "맞/VV+아두/EC+발/NNG+다/MAG+묶여서/VV+EC+내/VX+다리/EC+같/VA+지/EC+가/JX+않/VX+고/EC+힘들/VA+었/EP+어/EF+./SY"
          },
          {
            "id": 11,
            "text": "1 : 스키는 무겁구나 그래도 타볼래~",
            "norm_text": "스키는 무겁구나 그래도 타볼래~",
            "speaker": {
              "id": "1번",
              "sex": "여성",
              "age": "20대"
            },
            "speechAct": "(단언) 주장하기",
            "morpheme": "스키/NNG+는/JX+무겁/VA+구나/EF+그래도/MAJ+타/VV+볼래/EC+VX+EF+~/SY"
          },
          {
            "id": 12,
            "text": "2 : 보드도 무겁지 않아?!",
            "norm_text": "보드도 무겁지 않아?!",
            "speaker": {
              "id": "2번",
              "sex": "여성",
              "age": "20대"
            },
            "speechAct": "(지시) 질문하기",
            "morpheme": "보드/NNP+도/JX+무겁/VA+지/EC+않/VX+아/EC+?/SY"
          },
          {
            "id": 13,
            "text": "2 : 스키 진짜 못 타면서 또 오기는 있어서 완전 높은 곳 올라가고 그랬어",
            "norm_text": "스키 진짜 못 타면서 또 오기는 있어서 완전 높은 곳 올라가고 그랬어",
            "speaker": {
              "id": "2번",
              "sex": "여성",
              "age": "20대"
            },
            "speechAct": "(단언) 진술하기",
            "morpheme": "스키/NNG+진짜/MAG+못/MAG+타/VV+면서/EC+또/MAG+오/VV+기/ETN+는/JX+있/VX+어서/EC+완전/MAG+높/VA+은/ETM+곳/NNB+올라가/VV+고/EC+그랬/VV+EP+어/EC"
          },
          {
            "id": 14,
            "text": "3 : 스키 진짜 우리 키만 해 무거워 보드가 훨씬 나아 키키",
            "norm_text": "스키 진짜 우리 키만 해 무거워 보드가 훨씬 나아 키키",
            "speaker": {
              "id": "3번",
              "sex": "여성",
              "age": "20대"
            },
            "speechAct": "(단언) 주장하기",
            "morpheme": "스키/NNG+진짜/MAG+우리/NP+키/NNG+만/JX+해/VV+EC+무거워/VA+EC+보드/NNP+가/JKS+훨씬/MAG+나/VV+아/EC+키/NNG+키/XSV+ETN"
          },
          {
            "id": 15,
            "text": "3 : 나 스키 다 내려와서 낑낑대고 리프트 갈 때 친구들이 끌어줬어",
            "norm_text": "나 스키 다 내려와서 낑낑대고 리프트 갈 때 친구들이 끌어줬어",
            "speaker": {
              "id": "3번",
              "sex": "여성",
              "age": "20대"
            },
            "speechAct": "(단언) 진술하기",
            "morpheme": "나스/NNP+키/VV+다/EC+내려와서/VV+EC+낑낑대/VV+고/EC+리프트/NNG+갈/VV+ETM+때/NNG+친구/NNG+들/XSN+이/JKS+끌/VV+어/EC+줬/VX+EP+어/EC"
          },
          {
            "id": 16,
            "text": "1 : 근데 보드도 무겁긴 해... 키키",
            "norm_text": "근데 보드도 무겁긴 해... 키키",
            "speaker": {
              "id": "1번",
              "sex": "여성",
              "age": "20대"
            },
            "speechAct": "(단언) 주장하기",
            "morpheme": "근데/MAJ+보드/NNP+도/JX+무겁/VA+긴/ETN+JX+해/VX+EF+./SY+키/NNG+키/XSV+ETN"
          },
          {
            "id": 17,
            "text": "1 : **언니 역시 할머니네 나는 무섭던데 높은데 어케 올라가 ㅜㅜ",
            "norm_text": "**언니 역시 할머니네 나는 무섭던데 높은데 어케 올라가 ㅜㅜ",
            "speaker": {
              "id": "1번",
              "sex": "여성",
              "age": "20대"
            },
            "speechAct": "(단언) 주장하기",
            "morpheme": "*/SY+*/SY+언니/NNG+역시/MAJ+할머니/NNG+네/XSN+나/NP+는/JX+무섭/VA+던데/EC+높/VA+은데/EC+어/IC+케올라/NNP+가/JKS+ㅜㅜ/UNKNOWN"
          },
          {
            "id": 18,
            "text": "2 : 근데 올라가면 못 내려오지...",
            "norm_text": "근데 올라가면 못 내려오지...",
            "speaker": {
              "id": "2번",
              "sex": "여성",
              "age": "20대"
            },
            "speechAct": "(단언) 진술하기",
            "morpheme": "근데/MAJ+올라가/VV+면/EC+못/MAG+내려오/VV+지/EF+./SY"
          },
          {
            "id": 19,
            "text": "2 : 거의 충돌 사고 계속 내고 기어서 내려왔어 하하",
            "norm_text": "거의 충돌 사고 계속 내고 기어서 내려왔어 하하",
            "speaker": {
              "id": "2번",
              "sex": "여성",
              "age": "20대"
            },
            "speechAct": "(단언) 진술하기",
            "morpheme": "거의/MAG+충돌/NNG+사고/NNG+계속/MAG+내/VV+고/EC+기/VV+어서/EC+내려왔/VV+EP+어/EC+하하/MAG"
          },
          {
            "id": 20,
            "text": "2 : 아마 지금 가면 그냥 뒤뚱 거리다가 힘 빠져서 숙소로 갈듯",
            "norm_text": "아마 지금 가면 그냥 뒤뚱 거리다가 힘 빠져서 숙소로 갈듯",
            "speaker": {
              "id": "2번",
              "sex": "여성",
              "age": "20대"
            },
            "speechAct": "(단언) 주장하기",
            "morpheme": "아마/MAG+지금/MAG+가/VV+면/EC+그냥/MAG+뒤뚱거리/VV+다가/EC+힘/NNG+빠져서/VV+EC+숙소/NNG+로/JKB+갈/VV+ETM+듯/NNB"
          },
          {
            "id": 21,
            "text": "3 : 키키 나는 밤 스키로만 탔는데 완전 눈에서 타는 느낌이 아니라 얼음 얼어있는 데서 타는 느낌이라 진짜 빠르고 무서워 ㅠㅠ",
            "norm_text": "키키 나는 밤 스키로만 탔는데 완전 눈에서 타는 느낌이 아니라 얼음 얼어있는 데서 타는 느낌이라 진짜 빠르고 무서워 ㅠㅠ",
            "speaker": {
              "id": "3번",
              "sex": "여성",
              "age": "20대"
            },
            "speechAct": "(단언) 주장하기",
            "morpheme": "키/NNG+키나/XSA+ETN+JX+는/JX+밤/NNG+스키/NNG+로/JKB+만/JX+탔/VV+EP+는데/EC+완전/NNG+눈/NNG+에서/JKB+타/VV+는/ETM+느낌/NNG+이/JKC+아니/VCN+라/EC+얼음/NNG+얼/VV+어/EC+있/VX+는/ETM+데/NNB+서/JKB+타/VV+는/ETM+느낌/NNG+이/VCP+라/EC+진짜/MAG+빠르/VA+고/EC+무서워/VA+EC+ㅠㅠ/UNKNOWN"
          },
          {
            "id": 22,
            "text": "3 : 다음날 온몸이 쑤셔",
            "norm_text": "다음날 온몸이 쑤셔",
            "speaker": {
              "id": "3번",
              "sex": "여성",
              "age": "20대"
            },
            "speechAct": "(단언) 주장하기",
            "morpheme": "다음/NNG+날/NNG+온몸/NNG+이/JKS+쑤셔/VV+EC"
          },
          {
            "id": 23,
            "text": "1 : 맞아 난 느리게 가고 싶은데 속도 조절을 못 하니까 너무 빨리 내려가 ㅜㅜ",
            "norm_text": "맞아 난 느리게 가고 싶은데 속도 조절을 못 하니까 너무 빨리 내려가 ㅜㅜ",
            "speaker": {
              "id": "1번",
              "sex": "여성",
              "age": "20대"
            },
            "speechAct": "(단언) 주장하기",
            "morpheme": "맞/VV+아/EC+난/NP+JX+느리/VA+게/EC+가/VX+고/EC+싶/VX+은데/EC+속/NNG+도/JX+조절/NNG+을/JKO+못/MAG+하/VV+니까/EC+너무/MAG+빨리/MAG+내려가/VV+EC+ㅜㅜ/UNKNOWN"
          },
          {
            "id": 24,
            "text": "1 : 앞 사람한테 부딪힐 거 같고",
            "norm_text": "앞 사람한테 부딪힐 거 같고",
            "speaker": {
              "id": "1번",
              "sex": "여성",
              "age": "20대"
            },
            "speechAct": "(단언) 주장하기",
            "morpheme": "앞사람/NNG+한테/JKB+부딪힐/VV+ETM+거/NNB+같/VA+고/EC"
          },
          {
            "id": 25,
            "text": "2 : 웅웅 그리고 스키복 입고 몸도 둔한데 발도 맘대로 컨트롤을 못하니까 더 불편했어 키키",
            "norm_text": "웅웅 그리고 스키복 입고 몸도 둔한데 발도 맘대로 컨트롤을 못하니까 더 불편했어 키키",
            "speaker": {
              "id": "2번",
              "sex": "여성",
              "age": "20대"
            },
            "speechAct": "(단언) 진술하기",
            "morpheme": "웅웅/MAG+그리고/MAJ+스키/NNG+복/NNG+입/VV+고/EC+몸/NNG+도/JX+둔한데/VA+EC+발/NNG+도/JX+맘대로/MAG+컨트롤/NNG+을/JKO+못/MAG+하/VV+니까/EC+더/MAG+불편/NNG+했/XSV+EP+어/EC+키/NNG+키/XSV+ETN"
          },
          {
            "id": 26,
            "text": "3 : 키키 나는 그래서 무조건 에스짜로 왔다 갔다 내려와 키키",
            "norm_text": "키키 나는 그래서 무조건 에스짜로 왔다 갔다 내려와 키키",
            "speaker": {
              "id": "3번",
              "sex": "여성",
              "age": "20대"
            },
            "speechAct": "(단언) 진술하기",
            "morpheme": "키/NNG+키나/XSA+ETN+JX+는/JX+그래서/MAJ+무조건/MAG+에스/NNG+짜로/MAG+왔다갔다/MAG+내려와/VV+EC+키/NNG+키/XSV+ETN"
          },
          {
            "id": 27,
            "text": "3 : 또 타고 싶당! 보드는 진짜 어려워 잘 타는 사람 신기해",
            "norm_text": "또 타고 싶당! 보드는 진짜 어려워 잘 타는 사람 신기해",
            "speaker": {
              "id": "3번",
              "sex": "여성",
              "age": "20대"
            },
            "speechAct": "(단언) 주장하기",
            "morpheme": "또/MAG+타/VV+고/EC+싶/VX+당/EF+보드/NNP+는/JX+진짜/MAG+어려워/VA+EC+잘/MAG+타/VV+는/ETM+사람/NNG+신기/NNG+해/XSV+EC"
          },
          {
            "id": 28,
            "text": "1 : 난 진짜 아예 탈줄 몰라 키키",
            "norm_text": "난 진짜 아예 탈줄 몰라 키키",
            "speaker": {
              "id": "1번",
              "sex": "여성",
              "age": "20대"
            },
            "speechAct": "(단언) 주장하기",
            "morpheme": "난/NP+JX+진짜/MAG+아예/MAG+탈/VV+ETM+줄/NNB+몰라/VV+EC+키/NNG+키/XSV+ETN"
          },
          {
            "id": 29,
            "text": "1 : 다시 가서 도전해 보고 싶다!",
            "norm_text": "다시 가서 도전해 보고 싶다!",
            "speaker": {
              "id": "1번",
              "sex": "여성",
              "age": "20대"
            },
            "speechAct": "(단언) 주장하기",
            "morpheme": "다시/MAG+가/VV+서/EC+도/JX+전해/VV+EC+보/VX+고/EC+싶/VX+다/EF"
          },
          {
            "id": 30,
            "text": "2 : 키키 맞아 성인 되고는 한번도 안 가봐서 또 가고 싶네!",
            "norm_text": "키키 맞아 성인 되고는 한번도 안 가봐서 또 가고 싶네!",
            "speaker": {
              "id": "2번",
              "sex": "여성",
              "age": "20대"
            },
            "speechAct": "(단언) 주장하기",
            "morpheme": "키/NNG+키/XSV+ETN+맞/VV+아/EC+성인/NNG+되/XSV+고/EC+는/JX+한/MM+번/NNBC+도/JX+안/MAG+가/VV+봐서/EC+VX+EC+또/MAG+가/VV+고/EC+싶/VX+네/EF"
          },
          {
            "id": 31,
            "text": "3 : 맞아 너무 무서워 넘어져서 옆에 구석 도랑에 빠진 사람도 구출해 준 적도 짱 많아",
            "norm_text": "맞아 너무 무서워 넘어져서 옆에 구석 도랑에 빠진 사람도 구출해 준 적도 짱 많아",
            "speaker": {
              "id": "3번",
              "sex": "여성",
              "age": "20대"
            },
            "speechAct": "(단언) 진술하기",
            "morpheme": "맞/VV+아/EC+너무/MAG+무서워/VA+EC+넘어져서/VV+EC+옆/NNG+에/JKB+구석/NNP+도랑/NNG+에/JKB+빠진/VV+ETM+사람/NNG+도/JX+구출/NNG+해/XSV+EC+준/VX+ETM+적/NNB+도/JX+짱/MAG+많/VA+아/EC"
          },
          {
            "id": 32,
            "text": "1 : 키키 성인 돼서 안 가봤다고?",
            "norm_text": "키키 성인 돼서 안 가봤다고?",
            "speaker": {
              "id": "1번",
              "sex": "여성",
              "age": "20대"
            },
            "speechAct": "(지시) 질문하기",
            "morpheme": "키/NNG+키/NNG+성인/NNG+돼서/XSV+EC+안/MAG+가/VV+EC+봤/VX+EP+다고/EF"
          },
          {
            "id": 33,
            "text": "1 : 그럼 언니 안 간 지 엄청 오래 된 거네 키키",
            "norm_text": "그럼 언니 안 간 지 엄청 오래 된 거네 키키",
            "speaker": {
              "id": "1번",
              "sex": "여성",
              "age": "20대"
            },
            "speechAct": "(단언) 진술하기",
            "morpheme": "그럼/MAJ+언니/NNG+안/MAG+간지/VV+EC+엄청/MAG+오래/MAG+된/VV+ETM+거/NNB+네/MM+키/NNG+키/XSV+ETN"
          },
          {
            "id": 34,
            "text": "1 : 스키장에 옆에 도랑이 있어?",
            "norm_text": "스키장에 옆에 도랑이 있어?",
            "speaker": {
              "id": "1번",
              "sex": "여성",
              "age": "20대"
            },
            "speechAct": "(지시) 질문하기",
            "morpheme": "스키장/NNG+에/JKB+옆/NNG+에/JKB+도랑/NNG+이/JKS+있/VA+어/EF"
          },
          {
            "id": 35,
            "text": "2 : 웅웅 진짜 오래 됐어 키키",
            "norm_text": "웅웅 진짜 오래 됐어 키키",
            "speaker": {
              "id": "2번",
              "sex": "여성",
              "age": "20대"
            },
            "speechAct": "(단언) 주장하기",
            "morpheme": "웅웅/MAG+진짜/MAG+오래/MAG+됐/VV+EP+어/EC+키/NNG+키/XSV+ETN"
          },
          {
            "id": 36,
            "text": "2 : 구석 도랑은 뭐야 아니 너가 구출 당한 게 아니고 구출을 한 거야? 못 미덥네",
            "norm_text": "구석 도랑은 뭐야 아니 너가 구출 당한 게 아니고 구출을 한 거야? 못 미덥네",
            "speaker": {
              "id": "2번",
              "sex": "여성",
              "age": "20대"
            },
            "speechAct": "(지시) 질문하기",
            "morpheme": "구석/NNP+도랑/NNG+은/JX+뭐/NP+야/VCP+EF+아니/IC+너/NP+가/JKS+구출/NNG+당한/XSV+ETM+게/NNB+JKC+아니/VCN+고/EC+구출/NNG+을/JKO+한/VV+ETM+거/NNB+야/VCP+EF+못미덥/VA+네/EC"
          },
          {
            "id": 37,
            "text": "3 : 타기도 전에 누가  위에서 내려오다가 그 펜스라고 해야 되나? 그물망 옆으로 박으면서 떨어졌어 진짜 아파 보이더라 물론 친구가 구해줌 하하",
            "norm_text": "타기도 전에 누가  위에서 내려오다가 그 펜스라고 해야 되나? 그물망 옆으로 박으면서 떨어졌어 진짜 아파 보이더라 물론 친구가 구해줌 하하",
            "speaker": {
              "id": "3번",
              "sex": "여성",
              "age": "20대"
            },
            "speechAct": "(단언) 진술하기",
            "morpheme": "타/VV+기/ETN+도/JX+전/NNG+에/JKB+누가/NP+JKS+위/NNG+에서/JKB+내려오/VV+다가/EC+그/MM+펜스/NNG+라고/VCP+EC+해야/VV+EC+되/VV+나/EF+그/MM+물망/NNG+옆/NNG+으로/JKB+박/VV+으면서/EC+떨어졌/VV+EP+어/EF+진짜/MAG+아파/VA+EC+보이/VV+더라/EF+물론/MAG+친구/NNG+가구/NNG+해줌/XSV+EC+VX+ETN+하하/MAG"
          },
          {
            "id": 38,
            "text": "1 : 키키 짱 웃기네 언니는 왜 안 구해줘",
            "norm_text": "키키 짱 웃기네 언니는 왜 안 구해줘",
            "speaker": {
              "id": "1번",
              "sex": "여성",
              "age": "20대"
            },
            "speechAct": "(지시) 질문하기",
            "morpheme": "키/NNG+키/NNG+짱/NNG+웃기/VV+네/EF+언니/NNG+는/JX+왜/MAG+안/MAG+구해/VV+EC+줘/VX+EC"
          },
          {
            "id": 39,
            "text": "2 : 아니 **이가 구해주다가는 같이 빠져 있을 것 같은데? 키키",
            "norm_text": "아니 **이가 구해주다가는 같이 빠져 있을 것 같은데? 키키",
            "speaker": {
              "id": "2번",
              "sex": "여성",
              "age": "20대"
            },
            "speechAct": "(단언) 주장하기",
            "morpheme": "아니/IC+*/SY+*/SY+이/JKS+가구/NNG+해/XSV+EC+주/VX+다가/EC+는/JX+같이/MAG+빠져/VV+EC+있/VX+을/ETM+것/NNB+같/VA+은데/EF+키/NNG+키/XSV+ETN"
          },
          {
            "id": 40,
            "text": "3 : 키키 아니 겨울 옷 입고 너무 밑에  빠져서 내 팔이 안 닿았어",
            "norm_text": "키키 아니 겨울 옷 입고 너무 밑에  빠져서 내 팔이 안 닿았어",
            "speaker": {
              "id": "3번",
              "sex": "여성",
              "age": "20대"
            },
            "speechAct": "(단언) 진술하기",
            "morpheme": "키/NNG+키/XSV+ETN+아니/VCN+겨울옷/NNG+입/VV+고/EC+너무/MAG+밑/NNG+에/JKB+빠져서/VV+EC+내/NP+JKG+팔/NNG+이/JKS+안/MAG+닿/VV+았/EP+어/EC"
          },
          {
            "id": 41,
            "text": "3 : 나는 내 친구 잡아줌 하하",
            "norm_text": "나는 내 친구 잡아줌 하하",
            "speaker": {
              "id": "3번",
              "sex": "여성",
              "age": "20대"
            },
            "speechAct": "(단언) 진술하기",
            "morpheme": "나/NP+는/JX+내/NP+JKG+친구/NNG+잡/VV+아/EC+줌/VX+ETN+하하/MAG"
          }
        ]
      }
    }
  ]
}