{
  "dataset": {
    "identifier": 21722,
    "name": "BAND_21_20_set",
    "src_path": "/data/file/cubeManager/PROJECT001/49/txt20210915110606075852/BAND_21_20_set/",
    "label_path": "/data/file/cubeManager/PROJECT001/49/txt20210915110606075852/BAND_21_20_set/",
    "category": 2,
    "type": 0
  },
  "licenses": {
    "name": "Apache License 1.0",
    "url": "http://www.apache.org/licenses/LICENSE-1.0"
  },
  "info": [
    {
      "id": 25559,
      "filename": "BAND_21_20.txt",
      "title": "BAND_21_20",
      "mediatype": "SNS",
      "medianame": "네이버밴드",
      "category": "일상대화",
      "date": "2021-09-15",
      "size": 449,
      "annotations": {
        "subject": "영화/만화",
        "speaker_type": "1:1",
        "size": 449,
        "word_size": 143,
        "text": "1 : 나 오늘 영화 볼 예정인데 추천할만한 영화 있어?\n2 : 음 최근에 모가디슈 봤는데 이거 재밌더라\n1 : 모가디슈는 무슨 내용이야?\n2 : 남북 영사관이 힘을 합쳐서 테러국을 빠져 나오는 영화야\n1 : 실제 있었던 일을 바탕으로 만든 영화인가?\n2 : 실화로 만든 거라 하더라\n2 : 그리고 지금 아프간이랑 비슷해\n1 : 옛날에 그런 일이 있었구나!\n2 : 실화로 만든 건데 재밌어\n2 : 김윤석 배우가 나와!\n1 : 헐 믿고 보는 김윤석 배우지~!\n2 : 응 시간 가는 줄 모르고 봤었어\n1 : 그러면 너의 추천으로 오늘 저녁 영화는 모가디슈로 봐야겠다!\n2 : 그래 좋아~\n2 : 팝콘도 같이 먹어야 딱인데 ㅠㅠ\n1 : 맞아 근데 코로나 때문에 콜라밖에 못 먹지?\n2 : 그건 좀 아쉽다 키키\n2 : 나는 자동차 극장에서 봤어\n1 : 그렇구나 자동차 극장이면 차 안에서 뭐든 먹어도 되니까!\n2 : 영화는 치킨이랑 함께~ 헤헤",
        "lines": [
          {
            "id": 1,
            "text": "1 : 나 오늘 영화 볼 예정인데 추천할만한 영화 있어?",
            "norm_text": "나 오늘 영화 볼 예정인데 추천할만한 영화 있어?",
            "speaker": {
              "id": "1번",
              "sex": "여성",
              "age": "20대"
            },
            "speechAct": "(지시) 부탁하기",
            "morpheme": "나/NP+오늘/MAG+영화/NNG+볼/VV+ETM+예정/NNG+인데/VCP+EC+추천/NNG+할/XSV+ETM+만/NNB+한/XSA+ETM+영화/NNG+있/VA+어/EF"
          },
          {
            "id": 2,
            "text": "2 : 음 최근에 모가디슈 봤는데 이거 재밌더라",
            "norm_text": "음 최근에 모가디슈 봤는데 이거 재밌더라",
            "speaker": {
              "id": "2번",
              "sex": "여성",
              "age": "20대"
            },
            "speechAct": "(지시) 충고/제안하기",
            "morpheme": "음/IC+최근/NNG+에/JKB+모가디슈/NNP+봤/VV+EP+는데/EC+이거/NP+재밌/VA+더라/EC"
          },
          {
            "id": 3,
            "text": "1 : 모가디슈는 무슨 내용이야?",
            "norm_text": "모가디슈는 무슨 내용이야?",
            "speaker": {
              "id": "1번",
              "sex": "여성",
              "age": "20대"
            },
            "speechAct": "(지시) 질문하기",
            "morpheme": "모가디슈/NNP+는/JX+무슨/MM+내용/NNG+이/VCP+야/EF"
          },
          {
            "id": 4,
            "text": "2 : 남북 영사관이 힘을 합쳐서 테러국을 빠져 나오는 영화야",
            "norm_text": "남북 영사관이 힘을 합쳐서 테러국을 빠져 나오는 영화야",
            "speaker": {
              "id": "2번",
              "sex": "여성",
              "age": "20대"
            },
            "speechAct": "(단언) 진술하기",
            "morpheme": "남북/NNP+영사관/NNG+이/JKS+힘/NNG+을/JKO+합쳐서/VV+EC+테러/NNG+국/NNG+을/JKO+빠져/VV+EC+나오/VV+는/ETM+영화/NNG+야/VCP+EF"
          },
          {
            "id": 5,
            "text": "1 : 실제 있었던 일을 바탕으로 만든 영화인가?",
            "norm_text": "실제 있었던 일을 바탕으로 만든 영화인가?",
            "speaker": {
              "id": "1번",
              "sex": "여성",
              "age": "20대"
            },
            "speechAct": "(지시) 질문하기",
            "morpheme": "실제/NNG+있/VV+었/EP+던/ETM+일/NNG+을/JKO+바탕/NNG+으로/JKB+만든/VV+ETM+영화/NNG+인가/VCP+EF"
          },
          {
            "id": 6,
            "text": "2 : 실화로 만든 거라 하더라",
            "norm_text": "실화로 만든 거라 하더라",
            "speaker": {
              "id": "2번",
              "sex": "여성",
              "age": "20대"
            },
            "speechAct": "(단언) 진술하기",
            "morpheme": "실화/NNG+로/JKB+만든/VV+ETM+거/NNB+라/VCP+EC+하/VV+더라/EC"
          },
          {
            "id": 7,
            "text": "2 : 그리고 지금 아프간이랑 비슷해",
            "norm_text": "그리고 지금 아프간이랑 비슷해",
            "speaker": {
              "id": "2번",
              "sex": "여성",
              "age": "20대"
            },
            "speechAct": "(단언) 진술하기",
            "morpheme": "그리고/MAJ+지금/MAG+아프간/NNG+이랑/JC+비슷/XR+해/XSA+EC"
          },
          {
            "id": 8,
            "text": "1 : 옛날에 그런 일이 있었구나!",
            "norm_text": "옛날에 그런 일이 있었구나!",
            "speaker": {
              "id": "1번",
              "sex": "여성",
              "age": "20대"
            },
            "speechAct": "턴토크 사인(관습적 반응)",
            "morpheme": "옛날/NNG+에/JKB+그런/MM+일/NNG+이/JKS+있/VA+었/EP+구나/EF"
          },
          {
            "id": 9,
            "text": "2 : 실화로 만든 건데 재밌어",
            "norm_text": "실화로 만든 건데 재밌어",
            "speaker": {
              "id": "2번",
              "sex": "여성",
              "age": "20대"
            },
            "speechAct": "(단언) 주장하기",
            "morpheme": "실화/NNG+로/JKB+만든/VV+ETM+건데/NNB+VCP+EC+재밌/VA+어/EC"
          },
          {
            "id": 10,
            "text": "2 : 김윤석 배우가 나와!",
            "norm_text": "김윤석 배우가 나와!",
            "speaker": {
              "id": "2번",
              "sex": "여성",
              "age": "20대"
            },
            "speechAct": "(단언) 진술하기",
            "morpheme": "김윤석/NNP+배우/NNG+가/JKS+나와/VV+EF"
          },
          {
            "id": 11,
            "text": "1 : 헐 믿고 보는 김윤석 배우지~!",
            "norm_text": "헐 믿고 보는 김윤석 배우지~!",
            "speaker": {
              "id": "1번",
              "sex": "여성",
              "age": "20대"
            },
            "speechAct": "(단언) 주장하기",
            "morpheme": "헐/VV+JKO+믿/VV+고/EC+보/VX+는/ETM+김윤석/NNP+배우/VV+지/EC+~/SY"
          },
          {
            "id": 12,
            "text": "2 : 응 시간 가는 줄 모르고 봤었어",
            "norm_text": "응 시간 가는 줄 모르고 봤었어",
            "speaker": {
              "id": "2번",
              "sex": "여성",
              "age": "20대"
            },
            "speechAct": "(단언) 진술하기",
            "morpheme": "응/IC+시간/NNG+가/VV+는/ETM+줄/NNB+모르/VV+고/EC+봤었/VX+EP+어/EC"
          },
          {
            "id": 13,
            "text": "1 : 그러면 너의 추천으로 오늘 저녁 영화는 모가디슈로 봐야겠다!",
            "norm_text": "그러면 너의 추천으로 오늘 저녁 영화는 모가디슈로 봐야겠다!",
            "speaker": {
              "id": "1번",
              "sex": "여성",
              "age": "20대"
            },
            "speechAct": "(언약) 약속하기(제3자와)/(개인적 수준)",
            "morpheme": "그러면/MAJ+너/NP+의/JKG+추천/NNG+으로/JKB+오늘/MAG+저녁/NNG+영화/NNG+는/JX+모가디슈/NNP+로/JKB+봐야겠다/VV+EC+VX+EP+EF"
          },
          {
            "id": 14,
            "text": "2 : 그래 좋아~",
            "norm_text": "그래 좋아~",
            "speaker": {
              "id": "2번",
              "sex": "여성",
              "age": "20대"
            },
            "speechAct": "(단언) 주장하기",
            "morpheme": "그래/IC+좋/VA+아/EC+~/SY"
          },
          {
            "id": 15,
            "text": "2 : 팝콘도 같이 먹어야 딱인데 ㅠㅠ",
            "norm_text": "팝콘도 같이 먹어야 딱인데 ㅠㅠ",
            "speaker": {
              "id": "2번",
              "sex": "여성",
              "age": "20대"
            },
            "speechAct": "(단언) 주장하기",
            "morpheme": "팝콘/NNG+도/JX+같이/MAG+먹/VV+어야/EC+딱/MAG+인데/VCP+EC+ㅠㅠ/UNKNOWN"
          },
          {
            "id": 16,
            "text": "1 : 맞아 근데 코로나 때문에 콜라밖에 못 먹지?",
            "norm_text": "맞아 근데 코로나 때문에 콜라밖에 못 먹지?",
            "speaker": {
              "id": "1번",
              "sex": "여성",
              "age": "20대"
            },
            "speechAct": "(지시) 질문하기",
            "morpheme": "맞아/IC+근데/MAJ+코로나/NNG+때문/NNB+에/JKB+콜라/NNG+밖에/JX+못/MAG+먹/VV+지/EF"
          },
          {
            "id": 17,
            "text": "2 : 그건 좀 아쉽다 키키",
            "norm_text": "그건 좀 아쉽다 키키",
            "speaker": {
              "id": "2번",
              "sex": "여성",
              "age": "20대"
            },
            "speechAct": "(단언) 주장하기",
            "morpheme": "그건/NP+JX+좀/MAG+아쉽/VA+다키키/NNP"
          },
          {
            "id": 18,
            "text": "2 : 나는 자동차 극장에서 봤어",
            "norm_text": "나는 자동차 극장에서 봤어",
            "speaker": {
              "id": "2번",
              "sex": "여성",
              "age": "20대"
            },
            "speechAct": "(단언) 진술하기",
            "morpheme": "나/NP+는/JX+자동차/NNG+극장/NNG+에서/JKB+봤/VV+EP+어/EC"
          },
          {
            "id": 19,
            "text": "1 : 그렇구나 자동차 극장이면 차 안에서 뭐든 먹어도 되니까!",
            "norm_text": "그렇구나 자동차 극장이면 차 안에서 뭐든 먹어도 되니까!",
            "speaker": {
              "id": "1번",
              "sex": "여성",
              "age": "20대"
            },
            "speechAct": "(단언) 진술하기",
            "morpheme": "그렇/VA+구나/EF+자동차/NNG+극장/NNG+이/VCP+면/EC+차안/NNG+에서/JKB+뭐/NP+든/VCP+EC+먹/VV+어도/EC+되/VV+니까/EC"
          },
          {
            "id": 20,
            "text": "2 : 영화는 치킨이랑 함께~ 헤헤",
            "norm_text": "영화는 치킨이랑 함께~ 헤헤",
            "speaker": {
              "id": "2번",
              "sex": "여성",
              "age": "20대"
            },
            "speechAct": "(단언) 주장하기",
            "morpheme": "영화/NNG+는/JX+치킨/NNG+이랑/JKB+함께/MAG+~/SY+헤헤/MAG"
          }
        ]
      }
    }
  ]
}