{
  "dataset": {
    "identifier": 58291,
    "name": "BAND_31_10_set",
    "src_path": "/data/file/cubeManager/PROJECT001/53/txt20210927144542056924/BAND_31_10_set/",
    "label_path": "/data/file/cubeManager/PROJECT001/53/txt20210927144542056924/BAND_31_10_set/",
    "category": 2,
    "type": 0
  },
  "licenses": {
    "name": "Apache License 1.0",
    "url": "http://www.apache.org/licenses/LICENSE-1.0"
  },
  "info": [
    {
      "id": 34368,
      "filename": "BAND_31_10.txt",
      "title": "BAND_31_10",
      "mediatype": "SNS",
      "medianame": "네이버밴드",
      "category": "일상대화",
      "date": "2021-09-27",
      "size": 394,
      "annotations": {
        "subject": "스포츠/레저",
        "speaker_type": "1:1",
        "size": 394,
        "word_size": 133,
        "text": "1 : 너는 수영 할 수 있어?\n2 : 나 살면서 수영해본 적이 없어 키키\n1 : 그래도 생존 수영은 배워야지!\n2 : 맞아 물에 가면 시도는 하는데 못하겠더라\n1 : 보건소 수영장 가서 한 번 배워봐!\n2 : 거기 수영복 입어야 하지 않아?\n1 : 그러면 목욕탕 가서 냉탕에서 첨벙첨벙 해!\n2 : 목욕탕은 벗어야 하지 않아?\n1 : 노출에 많이 예민한 친구구나!\n2 : 맞아 난 계곡에서 수영 연습하려고 넌 할 줄 알아?\n1 : 계곡은 물살이 세서 괜찮아?\n1 : 나는 당연히 할 줄 알지!\n2 : 오 신기하다 처음 알았어 키키\n2 : 무슨 수영할 수 있어?\n1 : 나 개구리 수영이랑 개헤엄 잘 쳐!\n2 : 우와 그것도 능력이야 신기하다 키키\n1 : 나 심지어 물에서 뜰 수도 있는걸?\n2 : 난 물에 떠본 적 없는데 부럽다 키키",
        "lines": [
          {
            "id": 1,
            "text": "1 : 너는 수영 할 수 있어?",
            "norm_text": "너는 수영 할 수 있어?",
            "speaker": {
              "id": "1번",
              "sex": "여성",
              "age": "20대"
            },
            "speechAct": "(지시) 질문하기",
            "morpheme": "너/NP+는/JX+수영/NNG+할/XSV+ETM+수/NNB+있/VV+어/EF"
          },
          {
            "id": 2,
            "text": "2 : 나 살면서 수영해본 적이 없어 키키",
            "norm_text": "나 살면서 수영해본 적이 없어 키키",
            "speaker": {
              "id": "2번",
              "sex": "여성",
              "age": "20대"
            },
            "speechAct": "(단언) 진술하기",
            "morpheme": "나/NP+살/VV+면서/EC+수영/NNG+해/XSV+EC+본/VX+ETM+적/NNB+이/JKS+없/VA+어/EC+키/NNG+키/XSV+ETN"
          },
          {
            "id": 3,
            "text": "1 : 그래도 생존 수영은 배워야지!",
            "norm_text": "그래도 생존 수영은 배워야지!",
            "speaker": {
              "id": "1번",
              "sex": "여성",
              "age": "20대"
            },
            "speechAct": "(단언) 주장하기",
            "morpheme": "그래도/MAJ+생존/NNG+수영/NNG+은/JX+배워야지/VV+EF"
          },
          {
            "id": 4,
            "text": "2 : 맞아 물에 가면 시도는 하는데 못하겠더라",
            "norm_text": "맞아 물에 가면 시도는 하는데 못하겠더라",
            "speaker": {
              "id": "2번",
              "sex": "여성",
              "age": "20대"
            },
            "speechAct": "(단언) 주장하기",
            "morpheme": "맞/VV+아/EC+물/NNG+에/JKB+가/VV+면/EC+시도/NNG+는/JX+하/VV+는데/EC+못하/VX+겠/EP+더라/EC"
          },
          {
            "id": 5,
            "text": "1 : 보건소 수영장 가서 한 번 배워봐!",
            "norm_text": "보건소 수영장 가서 한 번 배워봐!",
            "speaker": {
              "id": "1번",
              "sex": "여성",
              "age": "20대"
            },
            "speechAct": "(지시) 명령/요구하기",
            "morpheme": "보건/NNG+소수영/NNP+장가서/NNP+한/MM+번/NNBC+배워/VV+EC+봐/VX+EF"
          },
          {
            "id": 6,
            "text": "2 : 거기 수영복 입어야 하지 않아?",
            "norm_text": "거기 수영복 입어야 하지 않아?",
            "speaker": {
              "id": "2번",
              "sex": "여성",
              "age": "20대"
            },
            "speechAct": "(지시) 질문하기",
            "morpheme": "거기/NP+수영복/NNG+입/VV+어야/EC+하/VV+지/EC+않/VX+아/EF"
          },
          {
            "id": 7,
            "text": "1 : 그러면 목욕탕 가서 냉탕에서 첨벙첨벙 해!",
            "norm_text": "그러면 목욕탕 가서 냉탕에서 첨벙첨벙 해!",
            "speaker": {
              "id": "1번",
              "sex": "여성",
              "age": "20대"
            },
            "speechAct": "(지시) 명령/요구하기",
            "morpheme": "그러면/MAJ+목욕탕/NNG+가/VV+서/EC+냉탕/NNG+에서/JKB+첨벙첨벙/MAG+해/VV+EF"
          },
          {
            "id": 8,
            "text": "2 : 목욕탕은 벗어야 하지 않아?",
            "norm_text": "목욕탕은 벗어야 하지 않아?",
            "speaker": {
              "id": "2번",
              "sex": "여성",
              "age": "20대"
            },
            "speechAct": "(지시) 질문하기",
            "morpheme": "목욕탕/NNG+은/JX+벗/VV+어야/EC+하/VV+지/EC+않/VX+아/EF"
          },
          {
            "id": 9,
            "text": "1 : 노출에 많이 예민한 친구구나!",
            "norm_text": "노출에 많이 예민한 친구구나!",
            "speaker": {
              "id": "1번",
              "sex": "여성",
              "age": "20대"
            },
            "speechAct": "(단언) 진술하기",
            "morpheme": "노출/NNG+에/JKB+많이/MAG+예민/XR+한/XSA+ETM+친구/NNG+구나/VCP+EF"
          },
          {
            "id": 10,
            "text": "2 : 맞아 난 계곡에서 수영 연습하려고 넌 할 줄 알아?",
            "norm_text": "맞아 난 계곡에서 수영 연습하려고 넌 할 줄 알아?",
            "speaker": {
              "id": "2번",
              "sex": "여성",
              "age": "20대"
            },
            "speechAct": "(지시) 질문하기",
            "morpheme": "맞/VV+아/EC+난/VX+ETM+계곡/NNG+에서/JKB+수영/NNG+연습/NNG+하/XSV+려고/EC+넌/NP+JX+할/VV+ETM+줄/NNB+알/VV+아/EF"
          },
          {
            "id": 11,
            "text": "1 : 계곡은 물살이 세서 괜찮아?",
            "norm_text": "계곡은 물살이 세서 괜찮아?",
            "speaker": {
              "id": "1번",
              "sex": "여성",
              "age": "20대"
            },
            "speechAct": "(지시) 질문하기",
            "morpheme": "계곡/NNG+은/JX+물살/NNG+이/JKS+세/VA+서/EC+괜찮/VA+아/EF"
          },
          {
            "id": 12,
            "text": "1 : 나는 당연히 할 줄 알지!",
            "norm_text": "나는 당연히 할 줄 알지!",
            "speaker": {
              "id": "1번",
              "sex": "여성",
              "age": "20대"
            },
            "speechAct": "(단언) 주장하기",
            "morpheme": "나/NP+는/JX+당연히/MAG+할/VV+ETM+줄/NNB+알/VV+지/EF"
          },
          {
            "id": 13,
            "text": "2 : 오 신기하다 처음 알았어 키키",
            "norm_text": "오 신기하다 처음 알았어 키키",
            "speaker": {
              "id": "2번",
              "sex": "여성",
              "age": "20대"
            },
            "speechAct": "(단언) 주장하기",
            "morpheme": "오/IC+신기/XR+하/XSA+다/EF+처음/MAG+알/VV+았/EP+어/EC+키/NNG+키/XSV+ETN"
          },
          {
            "id": 14,
            "text": "2 : 무슨 수영할 수 있어?",
            "norm_text": "무슨 수영할 수 있어?",
            "speaker": {
              "id": "2번",
              "sex": "여성",
              "age": "20대"
            },
            "speechAct": "(지시) 질문하기",
            "morpheme": "무슨/MM+수영/NNG+할/XSV+ETM+수/NNB+있/VV+어/EF"
          },
          {
            "id": 15,
            "text": "1 : 나 개구리 수영이랑 개헤엄 잘 쳐!",
            "norm_text": "나 개구리 수영이랑 개헤엄 잘 쳐!",
            "speaker": {
              "id": "1번",
              "sex": "여성",
              "age": "20대"
            },
            "speechAct": "(단언) 진술하기",
            "morpheme": "나/NP+개구리/NNG+수영/NNG+이랑/JKB+개헤엄/NNG+잘/MAG+쳐/VV+EF"
          },
          {
            "id": 16,
            "text": "2 : 우와 그것도 능력이야 신기하다 키키",
            "norm_text": "우와 그것도 능력이야 신기하다 키키",
            "speaker": {
              "id": "2번",
              "sex": "여성",
              "age": "20대"
            },
            "speechAct": "(단언) 주장하기",
            "morpheme": "우와/IC+그것/NP+도/JX+능력/NNG+이/VCP+야/EC+신기/XR+하/XSA+다키키/NNP"
          },
          {
            "id": 17,
            "text": "1 : 나 심지어 물에서 뜰 수도 있는걸?",
            "norm_text": "나 심지어 물에서 뜰 수도 있는걸?",
            "speaker": {
              "id": "1번",
              "sex": "여성",
              "age": "20대"
            },
            "speechAct": "(지시) 질문하기",
            "morpheme": "나/NP+심지어/MAG+물/NNG+에서/JKB+뜰/VV+ETM+수/NNB+도/JX+있/VA+는걸/EF"
          },
          {
            "id": 18,
            "text": "2 : 난 물에 떠본 적 없는데 부럽다 키키",
            "norm_text": "난 물에 떠본 적 없는데 부럽다 키키",
            "speaker": {
              "id": "2번",
              "sex": "여성",
              "age": "20대"
            },
            "speechAct": "(단언) 주장하기",
            "morpheme": "난물/NNG+에/JKB+떠본/VV+ETM+적/NNB+없/VA+는데/EC+부럽/VA+다키키/NNP"
          }
        ]
      }
    }
  ]
}