{
  "dataset": {
    "identifier": 122162,
    "name": "BAND_45_15_set",
    "src_path": "/data/file/cubeManager/PROJECT001/80/txt20211103154613079118/BAND_45_15_set/",
    "label_path": "/data/file/cubeManager/PROJECT001/80/txt20211103154613079118/BAND_45_15_set/",
    "category": 2,
    "type": 0
  },
  "licenses": {
    "name": "Apache License 1.0",
    "url": "http://www.apache.org/licenses/LICENSE-1.0"
  },
  "info": [
    {
      "id": 135510,
      "filename": "BAND_45_15.txt",
      "title": "BAND_45_15",
      "mediatype": "SNS",
      "medianame": "네이버밴드",
      "category": "일상대화",
      "date": "2021-11-03",
      "size": 562,
      "annotations": {
        "subject": "타 국가 이슈",
        "speaker_type": "다자간 대화",
        "size": 562,
        "word_size": 195,
        "text": "1 : 다들 유투버 쯔양이라고 알아?\n2 : 응응 안 그래도 이번에 울릉도 간 것도 봤지 키키\n3 : 쯔양 위 진짜 크더라\n1 : 그 울릉도 간 영상에서 독도새우 가지고 독도는 우리땅이라고 했다가 난리 났었잖아\n2 : 왜?! 독도새우 가지고 독도는 우리땅?\n2 : 맞는 거 아니야?\n3 : 아 그런 문제가 있었어?\n1 : 일본인들이 난리 친 거지 키키\n1 : 구독 취소 한다 어쩐다\n2 : 아 그런 놈들 구독 취소하라 그래\n2 : 필요도 없는 것들 퉤!\n3 : 헐 대박\n3 : 왜 그런다냐\n1 : 키키 그니깐\n1 : 잘 된 거 같아\n2 : 완전 잘됐지\n2 : 아주 그냥 그런 못된 놈들 다 취소하라 그래!\n3 : 다 취소해라 퉤퉤\n3 : 오히려 땡큐지\n1 : 싸움 부추기는 거 같다고 뭐라 하더라 키키\n1 : 참나\n2 : 독도는 당연히 우리나라땅이구만\n2 : 일본도 참 어지간히 한다\n2 : 중국은 한복이 지들 거라고 떠들디만\n2 : 에혀\n2 : 이놈의 인기는 참\n3 : 진짜 귀찮게 하는 애들 많아\n1 : 키키 정말 우리나라 다 좋아하나벼~\n2 : 그니깐\n2 : 우리나라가 적당히 잘나가야지 참\n2 : 일본 중국 망해라!\n3 : 진짜 별것도 아닌 걸로 시비야",
        "lines": [
          {
            "id": 1,
            "text": "1 : 다들 유투버 쯔양이라고 알아?",
            "norm_text": "다들 유투버 쯔양이라고 알아?",
            "speaker": {
              "id": "1번",
              "sex": "여성",
              "age": "20대"
            },
            "speechAct": "(지시) 질문하기",
            "morpheme": "다/MAG+들/VV+ETM+유투/NNP+버/NNP+쯔양/NNP+이/VCP+라고/EC+알/VV+아/EF"
          },
          {
            "id": 2,
            "text": "2 : 응응 안 그래도 이번에 울릉도 간 것도 봤지 키키",
            "norm_text": "응응 안 그래도 이번에 울릉도 간 것도 봤지 키키",
            "speaker": {
              "id": "2번",
              "sex": "남성",
              "age": "20대"
            },
            "speechAct": "(단언) 주장하기",
            "morpheme": "응응/MAG+안/MAG+그래도/VV+EC+이번/NNG+에/JKB+울릉/NNP+도/JX+간/VV+ETM+것/NNB+도/JX+봤/VV+EP+지/EC+키/NNG+키/XSV+ETN"
          },
          {
            "id": 3,
            "text": "3 : 쯔양 위 진짜 크더라",
            "norm_text": "쯔양 위 진짜 크더라",
            "speaker": {
              "id": "3번",
              "sex": "남성",
              "age": "20대"
            },
            "speechAct": "(단언) 주장하기",
            "morpheme": "쯔양/NNP+위/NNG+진짜/MAG+크/VA+더라/EC"
          },
          {
            "id": 4,
            "text": "1 : 그 울릉도 간 영상에서 독도새우 가지고 독도는 우리땅이라고 했다가 난리 났었잖아",
            "norm_text": "그 울릉도 간 영상에서 독도새우 가지고 독도는 우리땅이라고 했다가 난리 났었잖아",
            "speaker": {
              "id": "1번",
              "sex": "여성",
              "age": "20대"
            },
            "speechAct": "(단언) 주장하기",
            "morpheme": "그/MM+울릉도/NNP+간/NNB+영상/NNG+에서/JKB+독도/NNP+새우/NNG+가지/VV+고/EC+독도/NNP+는/JX+우리/NP+땅/NNG+이/VCP+라고/EC+했/VX+EP+다가/EC+난리/NNG+났었/VV+EP+잖아/EC"
          },
          {
            "id": 5,
            "text": "2 : 왜?! 독도새우 가지고 독도는 우리땅?",
            "norm_text": "왜?! 독도새우 가지고 독도는 우리땅?",
            "speaker": {
              "id": "2번",
              "sex": "남성",
              "age": "20대"
            },
            "speechAct": "(지시) 질문하기",
            "morpheme": "왜/MAG+!/SY+독도/NNP+새우/NNG+가지/VV+고/EC+독도/NNP+는/JX+우리/NP+땅/NNG"
          },
          {
            "id": 6,
            "text": "2 : 맞는 거 아니야?",
            "norm_text": "맞는 거 아니야?",
            "speaker": {
              "id": "2번",
              "sex": "남성",
              "age": "20대"
            },
            "speechAct": "(지시) 질문하기",
            "morpheme": "맞/VV+는/ETM+거/NNB+아니/VCN+야/EF"
          },
          {
            "id": 7,
            "text": "3 : 아 그런 문제가 있었어?",
            "norm_text": "아 그런 문제가 있었어?",
            "speaker": {
              "id": "3번",
              "sex": "남성",
              "age": "20대"
            },
            "speechAct": "(지시) 질문하기",
            "morpheme": "아/IC+그런/MM+문제/NNG+가/JKS+있/VA+었/EP+어/EF"
          },
          {
            "id": 8,
            "text": "1 : 일본인들이 난리 친 거지 키키",
            "norm_text": "일본인들이 난리 친 거지 키키",
            "speaker": {
              "id": "1번",
              "sex": "여성",
              "age": "20대"
            },
            "speechAct": "(단언) 진술하기",
            "morpheme": "일본/NNP+인/XSN+들/XSN+이/JKS+난리/NNG+친/VV+ETM+거/NNB+지/VCP+EC+키/NNG+키/XSV+ETN"
          },
          {
            "id": 9,
            "text": "1 : 구독 취소 한다 어쩐다",
            "norm_text": "구독 취소 한다 어쩐다",
            "speaker": {
              "id": "1번",
              "sex": "여성",
              "age": "20대"
            },
            "speechAct": "(단언) 진술하기",
            "morpheme": "구독/NNG+취소/NNG+한다/XSV+EC+어쩐다/VV+EC"
          },
          {
            "id": 10,
            "text": "2 : 아 그런 놈들 구독 취소하라 그래",
            "norm_text": "아 그런 놈들 구독 취소하라 그래",
            "speaker": {
              "id": "2번",
              "sex": "남성",
              "age": "20대"
            },
            "speechAct": "(단언) 주장하기",
            "morpheme": "아/IC+그런/MM+놈/NNB+들/XSN+구독/NNG+취소/NNG+하/XSV+라/EC+그래/VV+EC"
          },
          {
            "id": 11,
            "text": "2 : 필요도 없는 것들 퉤!",
            "norm_text": "필요도 없는 것들 퉤!",
            "speaker": {
              "id": "2번",
              "sex": "남성",
              "age": "20대"
            },
            "speechAct": "(단언) 주장하기",
            "morpheme": "필요/NNG+도/JX+없/VA+는/ETM+것/NNB+들/XSN+퉤/MAG"
          },
          {
            "id": 12,
            "text": "3 : 헐 대박",
            "norm_text": "헐 대박",
            "speaker": {
              "id": "3번",
              "sex": "남성",
              "age": "20대"
            },
            "speechAct": "턴토크 사인(관습적 반응)",
            "morpheme": "헐/IC+대박/NNG"
          },
          {
            "id": 13,
            "text": "3 : 왜 그런다냐",
            "norm_text": "왜 그런다냐",
            "speaker": {
              "id": "3번",
              "sex": "남성",
              "age": "20대"
            },
            "speechAct": "(지시) 질문하기",
            "morpheme": "왜/MAG+그런/MM+다냐/NNP"
          },
          {
            "id": 14,
            "text": "1 : 키키 그니깐",
            "norm_text": "키키 그니깐",
            "speaker": {
              "id": "1번",
              "sex": "여성",
              "age": "20대"
            },
            "speechAct": "(단언) 주장하기",
            "morpheme": "키/NNG+키/XSV+ETN+그니깐/MAJ"
          },
          {
            "id": 15,
            "text": "1 : 잘 된 거 같아",
            "norm_text": "잘 된 거 같아",
            "speaker": {
              "id": "1번",
              "sex": "여성",
              "age": "20대"
            },
            "speechAct": "(단언) 주장하기",
            "morpheme": "잘/MAG+된/VV+ETM+거/NNB+같/VA+아/EC"
          },
          {
            "id": 16,
            "text": "2 : 완전 잘됐지",
            "norm_text": "완전 잘됐지",
            "speaker": {
              "id": "2번",
              "sex": "남성",
              "age": "20대"
            },
            "speechAct": "(단언) 주장하기",
            "morpheme": "완전/MAG+잘/MAG+됐/VV+EP+지/EC"
          },
          {
            "id": 17,
            "text": "2 : 아주 그냥 그런 못된 놈들 다 취소하라 그래!",
            "norm_text": "아주 그냥 그런 못된 놈들 다 취소하라 그래!",
            "speaker": {
              "id": "2번",
              "sex": "남성",
              "age": "20대"
            },
            "speechAct": "(단언) 주장하기",
            "morpheme": "아주/MAG+그냥/MAG+그런/MM+못된/VA+ETM+놈/NNB+들/XSN+다/MAG+취소/NNG+하/XSV+라/EC+그래/VV+EF"
          },
          {
            "id": 18,
            "text": "3 : 다 취소해라 퉤퉤",
            "norm_text": "다 취소해라 퉤퉤",
            "speaker": {
              "id": "3번",
              "sex": "남성",
              "age": "20대"
            },
            "speechAct": "(단언) 주장하기",
            "morpheme": "다/MAG+취소/NNG+해라/XSV+EC+퉤퉤/MAG"
          },
          {
            "id": 19,
            "text": "3 : 오히려 땡큐지",
            "norm_text": "오히려 땡큐지",
            "speaker": {
              "id": "3번",
              "sex": "남성",
              "age": "20대"
            },
            "speechAct": "(단언) 주장하기",
            "morpheme": "오히려/MAJ+땡큐/IC+지/NNP"
          },
          {
            "id": 20,
            "text": "1 : 싸움 부추기는 거 같다고 뭐라 하더라 키키",
            "norm_text": "싸움 부추기는 거 같다고 뭐라 하더라 키키",
            "speaker": {
              "id": "1번",
              "sex": "여성",
              "age": "20대"
            },
            "speechAct": "(단언) 진술하기",
            "morpheme": "싸움/NNG+부추기/VV+는/ETM+거/NNB+같/VA+다고/EC+뭐/NP+라/VCP+EC+하/VV+더라/EC+키/NNG+키/XSV+ETN"
          },
          {
            "id": 21,
            "text": "1 : 참나",
            "norm_text": "참나",
            "speaker": {
              "id": "1번",
              "sex": "여성",
              "age": "20대"
            },
            "speechAct": "턴토크 사인(관습적 반응)",
            "morpheme": "참나/IC"
          },
          {
            "id": 22,
            "text": "2 : 독도는 당연히 우리나라땅이구만",
            "norm_text": "독도는 당연히 우리나라땅이구만",
            "speaker": {
              "id": "2번",
              "sex": "남성",
              "age": "20대"
            },
            "speechAct": "(단언) 주장하기",
            "morpheme": "독도/NNP+는/JX+당연히/MAG+우리/NP+나라/NNG+땅/NNG+이/VCP+구만/EC"
          },
          {
            "id": 23,
            "text": "2 : 일본도 참 어지간히 한다",
            "norm_text": "일본도 참 어지간히 한다",
            "speaker": {
              "id": "2번",
              "sex": "남성",
              "age": "20대"
            },
            "speechAct": "(단언) 주장하기",
            "morpheme": "일본/NNP+도/JX+참/MAG+어지간히/MAG+한다/VV+EC"
          },
          {
            "id": 24,
            "text": "2 : 중국은 한복이 지들 거라고 떠들디만",
            "norm_text": "중국은 한복이 지들 거라고 떠들디만",
            "speaker": {
              "id": "2번",
              "sex": "남성",
              "age": "20대"
            },
            "speechAct": "(단언) 진술하기",
            "morpheme": "중국/NNP+은/JX+한복/NNG+이/VCP+지/EC+들/VX+ETM+거/NNB+라고/VCP+EC+떠들/VV+디만/EC"
          },
          {
            "id": 25,
            "text": "2 : 에혀",
            "norm_text": "에혀",
            "speaker": {
              "id": "2번",
              "sex": "남성",
              "age": "20대"
            },
            "speechAct": "턴토크 사인(관습적 반응)",
            "morpheme": "에/IC+혀/NNG"
          },
          {
            "id": 26,
            "text": "2 : 이놈의 인기는 참",
            "norm_text": "이놈의 인기는 참",
            "speaker": {
              "id": "2번",
              "sex": "남성",
              "age": "20대"
            },
            "speechAct": "(단언) 주장하기",
            "morpheme": "이놈/NP+의/JKG+인기/NNG+는/JX+참/NNG"
          },
          {
            "id": 27,
            "text": "3 : 진짜 귀찮게 하는 애들 많아",
            "norm_text": "진짜 귀찮게 하는 애들 많아",
            "speaker": {
              "id": "3번",
              "sex": "남성",
              "age": "20대"
            },
            "speechAct": "(단언) 주장하기",
            "morpheme": "진짜/MAG+귀찮/VA+게/EC+하/VV+는/ETM+애/NNG+들/XSN+많/VA+아/EC"
          },
          {
            "id": 28,
            "text": "1 : 키키 정말 우리나라 다 좋아하나벼~",
            "norm_text": "키키 정말 우리나라 다 좋아하나벼~",
            "speaker": {
              "id": "1번",
              "sex": "여성",
              "age": "20대"
            },
            "speechAct": "(단언) 주장하기",
            "morpheme": "키/NNG+키/XSV+ETN+정말/MAG+우리/NP+나라/NNG+다/MAG+좋/VA+아/EC+하나/NR+벼/NNG+~/SY"
          },
          {
            "id": 29,
            "text": "2 : 그니깐",
            "norm_text": "그니깐",
            "speaker": {
              "id": "2번",
              "sex": "남성",
              "age": "20대"
            },
            "speechAct": "(단언) 주장하기",
            "morpheme": "그니깐/MAJ"
          },
          {
            "id": 30,
            "text": "2 : 우리나라가 적당히 잘나가야지 참",
            "norm_text": "우리나라가 적당히 잘나가야지 참",
            "speaker": {
              "id": "2번",
              "sex": "남성",
              "age": "20대"
            },
            "speechAct": "(단언) 주장하기",
            "morpheme": "우리/NP+나라/NNG+가/JKS+적당히/MAG+잘/MAG+나가/VV+야/EC+지참/NNG"
          },
          {
            "id": 31,
            "text": "2 : 일본 중국 망해라!",
            "norm_text": "일본 중국 망해라!",
            "speaker": {
              "id": "2번",
              "sex": "남성",
              "age": "20대"
            },
            "speechAct": "(단언) 주장하기",
            "morpheme": "일본/NNP+중국망/NNP+해라/VV+EF"
          },
          {
            "id": 32,
            "text": "3 : 진짜 별것도 아닌 걸로 시비야",
            "norm_text": "진짜 별것도 아닌 걸로 시비야",
            "speaker": {
              "id": "3번",
              "sex": "남성",
              "age": "20대"
            },
            "speechAct": "(단언) 주장하기",
            "morpheme": "진짜/MAG+별/MM+것/NNB+도/JX+아닌/VCN+ETM+걸로/NNB+JKB+시비/NNG+야/VCP+EF"
          }
        ]
      }
    }
  ]
}