{
  "dataset": {
    "identifier": 51488,
    "name": "BAND_35_12_set",
    "src_path": "/data/file/cubeManager/PROJECT001/53/txt20210930140924064547/BAND_35_12_set/",
    "label_path": "/data/file/cubeManager/PROJECT001/53/txt20210930140924064547/BAND_35_12_set/",
    "category": 2,
    "type": 0
  },
  "licenses": {
    "name": "Apache License 1.0",
    "url": "http://www.apache.org/licenses/LICENSE-1.0"
  },
  "info": [
    {
      "id": 37662,
      "filename": "BAND_35_12.txt",
      "title": "BAND_35_12",
      "mediatype": "SNS",
      "medianame": "네이버밴드",
      "category": "일상대화",
      "date": "2021-09-30",
      "size": 1194,
      "annotations": {
        "subject": "여행",
        "speaker_type": "다자간 대화",
        "size": 1194,
        "word_size": 393,
        "text": "1 : 뚜벅이 여행 어떻게 생각해?\n2 : 장소가 어디냐에 따라서 다르지 않을까?\n2 : 난 주차 생각 안 해도 되고 대중 교통만 잘 되어 있으면 뚜벅이 괜찮을 것 같아 하하\n3 : 나는 근데 여태 뚜벅이 여행 많이 했어서 키키\n3 : 확실히 차가 편하긴 하지?\n1 : 나도 뚜벅이로만 많이 다녔었는데 확실히 차가 편하긴 해 키키\n1 :특히 나같이 게으른 사람은 바로 앞에서 내렸다가 타고 하는 게 좋더라\n2 : 키키 나는 뚜벅이 여행 많이는 안 해봐서 모르겠당\n2 : 암튼 짐 많은 애들은 무조건 차 있어야 해 근데 키키\n2 : 너네 여행 갈 때 짐 많이 챙겨 다녀?\n3 : 솔직히 차 있을 때는 많이 많이 그리고 뚜벅이로 여행할 때는 1박 2일 내내 옷 똑같아 ^^\n1 : 키키 나도 차 있거나 아니면 캐리어 가져가면 예비 옷까지 챙기는데 뚜벅이로 1박 2일은 옷은 입고 간 옷만 입고 편한 옷 하나 챙겨서 담 날 거의 생얼로 편한 옷 입고 집 감  키키\n2 : 키키 다들 똑같네 나도 보통 그러는 편이얌...\n2 : 지금 어디 머리 환기 시키러 가고 싶다\n3 : 지금 제일 떠나고 싶은 곳이 어디야\n3 : 머릿속에 바로 떠오르는 그곳\n1 : 나는 바다 가고 싶다 바다에서 튜브 타고 걍 여유롭게 파도 타고 싶어...\n2 : 나는 그냥 공원에 앉아서 멍 때리고 싶어  키키\n3 : 키키 둘 다 목적은 똑같네 키키\n3 : 나도 그냥 돗자리에 누워서 하늘 보고 싶다 ㅠㅠ\n1 : 키키 다들 휴식이 필요한 거네... 똑같아...\n2 : 너무 웃겨 키키 지금 머리가 아파서 여행지 생각할 힘도 없어 ^^\n3 : 키키 근데 오늘은 날씨도 비 온대 ㅠㅠ\n1 : 맞아~ 근데 나도 한강 가서 누워있고 싶다 선선한 바람 느끼면서!\n2 : 시험 끝나면 엄청 추워지기 전에 한강 가기로 했어 친구랑 하하\n2 : 가서 완전 가만히 있기 할래\n3 : 키키 맞아 이제 한강 가면 밤에 춥겠다 날씨가 진짜 금방 금방이긴 하다~\n1 : 맞아 한강 선선한 여름 밤에 반팔 입고 갔다가 추워 죽을 뻔 했어\n1 : 친구들이랑 덜덜 떨다가 엽떡만 먹고 바로 일어남...\n2 : 엽떡 키키 순한 맛 먹었어?\n2  :재밌겠다 그래도~ 사진이나 찍고 와야지 나도 치킨 먹고!\n3 : 키키 언니 따뜻하게 입고 가야 돼\n3 : 해 지면 걍 바로 춥다고 한당\n1 : 당연 순한 맛 하하 맞아 언니 따뜻하게 입고 가 강이라 추워~\n2 : 오케이! 따뜻하게 입고 가서 인스타에 자랑할게 ~ 하하\n3 : 키키 한강 가기 딱 좋은 날씨긴 하다!",
        "lines": [
          {
            "id": 1,
            "text": "1 : 뚜벅이 여행 어떻게 생각해?",
            "norm_text": "뚜벅이 여행 어떻게 생각해?",
            "speaker": {
              "id": "1번",
              "sex": "여성",
              "age": "20대"
            },
            "speechAct": "(지시) 질문하기",
            "morpheme": "뚜벅/MAG+이/MM+여행/NNG+어떻게/MAG+생각/NNG+해/XSV+EF"
          },
          {
            "id": 2,
            "text": "2 : 장소가 어디냐에 따라서 다르지 않을까?",
            "norm_text": "장소가 어디냐에 따라서 다르지 않을까?",
            "speaker": {
              "id": "2번",
              "sex": "여성",
              "age": "20대"
            },
            "speechAct": "(단언) 주장하기",
            "morpheme": "장소/NNG+가/JKS+어디/NP+냐/VCP+EF+에/JKB+따라서/VV+EC+다르/VA+지/EC+않/VX+을까/EF"
          },
          {
            "id": 3,
            "text": "2 : 난 주차 생각 안 해도 되고 대중 교통만 잘 되어 있으면 뚜벅이 괜찮을 것 같아 하하",
            "norm_text": "난 주차 생각 안 해도 되고 대중 교통만 잘 되어 있으면 뚜벅이 괜찮을 것 같아 하하",
            "speaker": {
              "id": "2번",
              "sex": "여성",
              "age": "20대"
            },
            "speechAct": "(단언) 주장하기",
            "morpheme": "난/NP+JX+주차/NNG+생각/NNG+안/MAG+해도/VV+EC+되/VV+고/EC+대중교통/NNG+만/JX+잘/MAG+되/VV+어/EC+있/VX+으면/EC+뚜벅/MAG+이/MM+괜찮/VA+을/ETM+것/NNB+같/VA+아/EC+하하/MAG"
          },
          {
            "id": 4,
            "text": "3 : 나는 근데 여태 뚜벅이 여행 많이 했어서 키키",
            "norm_text": "나는 근데 여태 뚜벅이 여행 많이 했어서 키키",
            "speaker": {
              "id": "3번",
              "sex": "여성",
              "age": "20대"
            },
            "speechAct": "(단언) 진술하기",
            "morpheme": "나/NP+는/JX+근데/MAJ+여태/MAG+뚜벅/MAG+이/MM+여행/NNG+많이/MAG+했/VV+EP+어서/EC+키/NNG+키/XSV+ETN"
          },
          {
            "id": 5,
            "text": "3 : 확실히 차가 편하긴 하지?",
            "norm_text": "확실히 차가 편하긴 하지?",
            "speaker": {
              "id": "3번",
              "sex": "여성",
              "age": "20대"
            },
            "speechAct": "(지시) 질문하기",
            "morpheme": "확실히/MAG+차/NNG+가/JKS+편하/VA+긴/ETN+JX+하/VX+지/EF"
          },
          {
            "id": 6,
            "text": "1 : 나도 뚜벅이로만 많이 다녔었는데 확실히 차가 편하긴 해 키키",
            "norm_text": "나도 뚜벅이로만 많이 다녔었는데 확실히 차가 편하긴 해 키키",
            "speaker": {
              "id": "1번",
              "sex": "여성",
              "age": "20대"
            },
            "speechAct": "(단언) 주장하기",
            "morpheme": "나/NP+도/JX+뚜벅/MAG+이/XSN+로/JKB+만/JX+많이/MAG+다녔었/VV+EP+는데/EC+확실히/MAG+차/NNG+가/JKS+편하/VA+긴/ETN+JX+해/VX+EC+키/NNG+키/XSV+ETN"
          },
          {
            "id": 7,
            "text": "1 :특히 나같이 게으른 사람은 바로 앞에서 내렸다가 타고 하는 게 좋더라",
            "norm_text": "특히 나같이 게으른 사람은 바로 앞에서 내렸다가 타고 하는 게 좋더라",
            "speaker": {
              "id": "1번",
              "sex": "여성",
              "age": "20대"
            },
            "speechAct": "(단언) 주장하기",
            "morpheme": "특히/MAG+나/JX+같이/MAG+게으른/VA+ETM+사람/NNG+은/JX+바로/MAG+앞/NNG+에서/JKB+내렸/VV+EP+다가/EC+타/VV+고/EC+하/VV+는/ETM+게/NNB+JKS+좋/VA+더라/EC"
          },
          {
            "id": 8,
            "text": "2 : 키키 나는 뚜벅이 여행 많이는 안 해봐서 모르겠당",
            "norm_text": "키키 나는 뚜벅이 여행 많이는 안 해봐서 모르겠당",
            "speaker": {
              "id": "2번",
              "sex": "여성",
              "age": "20대"
            },
            "speechAct": "(단언) 주장하기",
            "morpheme": "키/NNG+키나/XSA+ETN+JX+는/JX+뚜벅/MAG+이/MM+여행/NNG+많이/MAG+는/JX+안/MAG+해/VV+EC+봐서/VV+EC+모르/VV+겠/EP+당/XSN"
          },
          {
            "id": 9,
            "text": "2 : 암튼 짐 많은 애들은 무조건 차 있어야 해 근데 키키",
            "norm_text": "암튼 짐 많은 애들은 무조건 차 있어야 해 근데 키키",
            "speaker": {
              "id": "2번",
              "sex": "여성",
              "age": "20대"
            },
            "speechAct": "(단언) 주장하기",
            "morpheme": "암튼/MAJ+짐/NNG+많/VA+은/ETM+애/NNG+들/XSN+은/JX+무조건/MAG+차/VV+EC+있/VX+어야/EC+해/VX+EF+근데/MAJ+키/NNG+키/XSV+ETN"
          },
          {
            "id": 10,
            "text": "2 : 너네 여행 갈 때 짐 많이 챙겨 다녀?",
            "norm_text": "너네 여행 갈 때 짐 많이 챙겨 다녀?",
            "speaker": {
              "id": "2번",
              "sex": "여성",
              "age": "20대"
            },
            "speechAct": "(지시) 질문하기",
            "morpheme": "너/NP+네/XSN+여행/NNG+갈/VV+ETM+때/NNG+짐/NNG+많이/MAG+챙겨/VV+EC+다녀/VV+EF"
          },
          {
            "id": 11,
            "text": "3 : 솔직히 차 있을 때는 많이 많이 그리고 뚜벅이로 여행할 때는 1박 2일 내내 옷 똑같아 ^^",
            "norm_text": "솔직히 차 있을 때는 많이 많이 그리고 뚜벅이로 여행할 때는 1박 2일 내내 옷 똑같아 ^^",
            "speaker": {
              "id": "3번",
              "sex": "여성",
              "age": "20대"
            },
            "speechAct": "(단언) 진술하기",
            "morpheme": "솔직히/MAG+차/VV+EC+있/VX+을/ETM+때/NNG+는/JX+많이/MAG+많이/MAG+그리고/MAJ+뚜벅/MAG+이/XSN+로/JKB+여행/NNG+할/XSV+ETM+때/NNG+는/JX+1/SN+박/NNBC+2/SN+일/NNBC+내내/MAG+옷/NNG+똑같/VA+아/EC+^/SY+^/SY"
          },
          {
            "id": 12,
            "text": "1 : 키키 나도 차 있거나 아니면 캐리어 가져가면 예비 옷까지 챙기는데 뚜벅이로 1박 2일은 옷은 입고 간 옷만 입고 편한 옷 하나 챙겨서 담 날 거의 생얼로 편한 옷 입고 집 감  키키",
            "norm_text": "키키 나도 차 있거나 아니면 캐리어 가져가면 예비 옷까지 챙기는데 뚜벅이로 1박 2일은 옷은 입고 간 옷만 입고 편한 옷 하나 챙겨서 담 날 거의 생얼로 편한 옷 입고 집 감  키키",
            "speaker": {
              "id": "1번",
              "sex": "여성",
              "age": "20대"
            },
            "speechAct": "(단언) 진술하기",
            "morpheme": "키/NNG+키나/XSA+ETN+JX+도/JX+차/VV+EC+있/VX+거나/EC+아니/VCN+면/EC+캐리어/NNG+가져가/VV+면/EC+예비/NNG+옷/NNG+까지/JX+챙기/VV+는데/EC+뚜벅/MAG+이/XSN+로/JKB+1/SN+박/NNBC+2/SN+일/NNBC+은/JX+옷/NNG+은/JX+입/VV+고/EC+간/VV+ETM+옷/NNG+만/JX+입/VV+고/EC+편한/VA+ETM+옷/NNG+하나/NR+챙겨서/VV+EC+담날/NNG+거의/MAG+생/XPN+얼/NNG+로/JKB+편한/VA+ETM+옷/NNG+입/VV+고/EC+집/NNG+감/XSN+키/NNG+키/XSV+ETN"
          },
          {
            "id": 13,
            "text": "2 : 키키 다들 똑같네 나도 보통 그러는 편이얌...",
            "norm_text": "키키 다들 똑같네 나도 보통 그러는 편이얌...",
            "speaker": {
              "id": "2번",
              "sex": "여성",
              "age": "20대"
            },
            "speechAct": "(단언) 주장하기",
            "morpheme": "키/NNG+키/VV+다/EC+들/XSN+똑같/VA+네/EF+나/NP+도/JX+보통/NNG+그러/VV+는/ETM+편/NNB+이얌/NNG+./SY+./SY"
          },
          {
            "id": 14,
            "text": "2 : 지금 어디 머리 환기 시키러 가고 싶다",
            "norm_text": "지금 어디 머리 환기 시키러 가고 싶다",
            "speaker": {
              "id": "2번",
              "sex": "여성",
              "age": "20대"
            },
            "speechAct": "(단언) 주장하기",
            "morpheme": "지금/MAG+어디/NP+머리/NNG+환기/NNG+시키/XSV+러/EC+가/VX+고/EC+싶/VX+다/EC"
          },
          {
            "id": 15,
            "text": "3 : 지금 제일 떠나고 싶은 곳이 어디야",
            "norm_text": "지금 제일 떠나고 싶은 곳이 어디야",
            "speaker": {
              "id": "3번",
              "sex": "여성",
              "age": "20대"
            },
            "speechAct": "(지시) 질문하기",
            "morpheme": "지금/MAG+제일/MAG+떠나/VV+고/EC+싶/VX+은/ETM+곳/NNG+이/JKS+어디/NP+야/VCP+EF"
          },
          {
            "id": 16,
            "text": "3 : 머릿속에 바로 떠오르는 그곳",
            "norm_text": "머릿속에 바로 떠오르는 그곳",
            "speaker": {
              "id": "3번",
              "sex": "여성",
              "age": "20대"
            },
            "speechAct": "(단언) 주장하기",
            "morpheme": "머릿속/NNG+에/JKB+바로/MAG+떠오르/VV+는/ETM+그곳/NP"
          },
          {
            "id": 17,
            "text": "1 : 나는 바다 가고 싶다 바다에서 튜브 타고 걍 여유롭게 파도 타고 싶어...",
            "norm_text": "나는 바다 가고 싶다 바다에서 튜브 타고 걍 여유롭게 파도 타고 싶어...",
            "speaker": {
              "id": "1번",
              "sex": "여성",
              "age": "20대"
            },
            "speechAct": "(단언) 주장하기",
            "morpheme": "나/NP+는/JX+바다/NNG+가/VV+고/EC+싶/VX+다/EC+바다/NNG+에서/JKB+튜브/NNG+타/VV+고/EC+걍/UNKNOWN+여유/NNG+롭/XSA+게/EC+파도/NNG+타/VV+고/EC+싶/VX+어/EF+./SY"
          },
          {
            "id": 18,
            "text": "2 : 나는 그냥 공원에 앉아서 멍 때리고 싶어  키키",
            "norm_text": "나는 그냥 공원에 앉아서 멍 때리고 싶어  키키",
            "speaker": {
              "id": "2번",
              "sex": "여성",
              "age": "20대"
            },
            "speechAct": "(단언) 주장하기",
            "morpheme": "나/NP+는/JX+그냥/MAG+공원/NNG+에/JKB+앉/VV+아서/EC+멍/MAG+때리/VV+고/EC+싶/VX+어/EC+키/NNG+키/XSV+ETN"
          },
          {
            "id": 19,
            "text": "3 : 키키 둘 다 목적은 똑같네 키키",
            "norm_text": "키키 둘 다 목적은 똑같네 키키",
            "speaker": {
              "id": "3번",
              "sex": "여성",
              "age": "20대"
            },
            "speechAct": "(단언) 진술하기",
            "morpheme": "키/NNG+키/XSV+ETN+둘/NR+다목적/NNG+은/JX+똑같/VA+네/EF+키/NNG+키/XSV+ETN"
          },
          {
            "id": 20,
            "text": "3 : 나도 그냥 돗자리에 누워서 하늘 보고 싶다 ㅠㅠ",
            "norm_text": "나도 그냥 돗자리에 누워서 하늘 보고 싶다 ㅠㅠ",
            "speaker": {
              "id": "3번",
              "sex": "여성",
              "age": "20대"
            },
            "speechAct": "(단언) 주장하기",
            "morpheme": "나/NP+도/JX+그냥/MAG+돗자리/NNG+에/JKB+누워서/VV+EC+하늘/NNG+보/VV+고/EC+싶/VX+다/EF+ㅠㅠ/UNKNOWN"
          },
          {
            "id": 21,
            "text": "1 : 키키 다들 휴식이 필요한 거네... 똑같아...",
            "norm_text": "키키 다들 휴식이 필요한 거네... 똑같아...",
            "speaker": {
              "id": "1번",
              "sex": "여성",
              "age": "20대"
            },
            "speechAct": "(단언) 주장하기",
            "morpheme": "키/NNG+키/VV+다/EC+들/XSN+휴식/NNG+이/JKS+필요/NNG+한/XSA+ETM+거/NNB+네/VCP+EF+./SY+똑같/VA+아/EF+./SY"
          },
          {
            "id": 22,
            "text": "2 : 너무 웃겨 키키 지금 머리가 아파서 여행지 생각할 힘도 없어 ^^",
            "norm_text": "너무 웃겨 키키 지금 머리가 아파서 여행지 생각할 힘도 없어 ^^",
            "speaker": {
              "id": "2번",
              "sex": "여성",
              "age": "20대"
            },
            "speechAct": "(단언) 주장하기",
            "morpheme": "너무/MAG+웃겨/VV+EC+키/NNG+키/NNG+지금/MAG+머리/NNG+가/JKS+아파서/VA+EC+여행지/NNG+생각/NNG+할/XSV+ETM+힘/NNG+도/JX+없/VA+어/EC+^/SY+^/SY"
          },
          {
            "id": 23,
            "text": "3 : 키키 근데 오늘은 날씨도 비 온대 ㅠㅠ",
            "norm_text": "키키 근데 오늘은 날씨도 비 온대 ㅠㅠ",
            "speaker": {
              "id": "3번",
              "sex": "여성",
              "age": "20대"
            },
            "speechAct": "(단언) 진술하기",
            "morpheme": "키/NNG+키/XSV+ETN+근데/MAJ+오늘/NNG+은/JX+날씨/NNG+도/JX+비/XPN+온대/NNG+ㅠㅠ/UNKNOWN"
          },
          {
            "id": 24,
            "text": "1 : 맞아~ 근데 나도 한강 가서 누워있고 싶다 선선한 바람 느끼면서!",
            "norm_text": "맞아~ 근데 나도 한강 가서 누워있고 싶다 선선한 바람 느끼면서!",
            "speaker": {
              "id": "1번",
              "sex": "여성",
              "age": "20대"
            },
            "speechAct": "(단언) 주장하기",
            "morpheme": "맞/VV+아/EC+~/SY+근데/MAJ+나/NP+도/JX+한/MM+강가/NNG+서/JKB+누워/VV+EC+있/VX+고/EC+싶/VX+다/EC+선선/XR+한/XSA+ETM+바람/NNG+느끼/VV+면서/EC"
          },
          {
            "id": 25,
            "text": "2 : 시험 끝나면 엄청 추워지기 전에 한강 가기로 했어 친구랑 하하",
            "norm_text": "시험 끝나면 엄청 추워지기 전에 한강 가기로 했어 친구랑 하하",
            "speaker": {
              "id": "2번",
              "sex": "여성",
              "age": "20대"
            },
            "speechAct": "(단언) 주장하기",
            "morpheme": "시험/NNG+끝/NNG+나/VV+면/EC+엄청/MAG+추워/VA+EC+지/VX+기/ETN+전/NNG+에/JKB+한강/NNP+가/VV+기/ETN+로/JKB+했/VV+EP+어/EC+친구/NNG+랑/JKB+하하/MAG"
          },
          {
            "id": 26,
            "text": "2 : 가서 완전 가만히 있기 할래",
            "norm_text": "가서 완전 가만히 있기 할래",
            "speaker": {
              "id": "2번",
              "sex": "여성",
              "age": "20대"
            },
            "speechAct": "(단언) 주장하기",
            "morpheme": "가/VV+서/EC+완전/MAG+가만히/MAG+있/VV+기/ETN+할래/VV+EC"
          },
          {
            "id": 27,
            "text": "3 : 키키 맞아 이제 한강 가면 밤에 춥겠다 날씨가 진짜 금방 금방이긴 하다~",
            "norm_text": "키키 맞아 이제 한강 가면 밤에 춥겠다 날씨가 진짜 금방 금방이긴 하다~",
            "speaker": {
              "id": "3번",
              "sex": "여성",
              "age": "20대"
            },
            "speechAct": "(단언) 주장하기",
            "morpheme": "키/NNG+키/XSV+ETN+맞/VV+아/EC+이제/MAG+한강/NNP+가/VV+면/EC+밤/NNG+에/JKB+춥/VA+겠/EP+다날/NNP+씨/NNB+가/JKS+진짜/MAG+금방/MAG+금방/MAG+이/VCP+긴/ETN+JX+하/VX+다/EC+~/SY"
          },
          {
            "id": 28,
            "text": "1 : 맞아 한강 선선한 여름 밤에 반팔 입고 갔다가 추워 죽을 뻔 했어",
            "norm_text": "맞아 한강 선선한 여름 밤에 반팔 입고 갔다가 추워 죽을 뻔 했어",
            "speaker": {
              "id": "1번",
              "sex": "여성",
              "age": "20대"
            },
            "speechAct": "(단언) 주장하기",
            "morpheme": "맞/VV+아/EC+한강/NNP+선선/NNG+한/XSA+ETM+여름밤/NNG+에/JKB+반팔/NNG+입/VV+고/EC+갔/VV+EP+다가/EC+추워/VA+EC+죽/VV+을/ETM+뻔/NNB+했/XSA+EP+어/EC"
          },
          {
            "id": 29,
            "text": "1 : 친구들이랑 덜덜 떨다가 엽떡만 먹고 바로 일어남...",
            "norm_text": "친구들이랑 덜덜 떨다가 엽떡만 먹고 바로 일어남...",
            "speaker": {
              "id": "1번",
              "sex": "여성",
              "age": "20대"
            },
            "speechAct": "(단언) 주장하기",
            "morpheme": "친구/NNG+들/XSN+이랑/JKB+덜덜/MAG+떨/VV+다가/EC+엽/NNG+떡/NNG+만/JX+먹/VV+고/EC+바로/MAG+일어남/VV+ETN+./SY"
          },
          {
            "id": 30,
            "text": "2 : 엽떡 키키 순한 맛 먹었어?",
            "norm_text": "엽떡 키키 순한 맛 먹었어?",
            "speaker": {
              "id": "2번",
              "sex": "여성",
              "age": "20대"
            },
            "speechAct": "(지시) 질문하기",
            "morpheme": "엽/NNG+떡/NNG+키/NNG+키순/NNG+한/XSA+ETM+맛/NNG+먹/VV+었/EP+어/EF"
          },
          {
            "id": 31,
            "text": "2  :재밌겠다 그래도~ 사진이나 찍고 와야지 나도 치킨 먹고!",
            "norm_text": ":재밌겠다 그래도~ 사진이나 찍고 와야지 나도 치킨 먹고!",
            "speaker": {
              "id": "2번",
              "sex": "여성",
              "age": "20대"
            },
            "speechAct": "(단언) 주장하기",
            "morpheme": ":/SC+재밌/VA+겠/EP+다/EC+그래도/VV+EC+~/SY+사진/NNG+이나/JX+찍/VV+고/EC+와야/VX+EC+VX+지/EF+나/NP+도/JX+치킨/NNG+먹/VV+고/EC"
          },
          {
            "id": 32,
            "text": "3 : 키키 언니 따뜻하게 입고 가야 돼",
            "norm_text": "키키 언니 따뜻하게 입고 가야 돼",
            "speaker": {
              "id": "3번",
              "sex": "여성",
              "age": "20대"
            },
            "speechAct": "(지시) 충고/제안하기",
            "morpheme": "키/NNG+키/NNG+언니/NNG+따뜻/XR+하/XSA+게/EC+입/VV+고/EC+가/VX+야/EC+돼/VV+EC"
          },
          {
            "id": 33,
            "text": "3 : 해 지면 걍 바로 춥다고 한당",
            "norm_text": "해 지면 걍 바로 춥다고 한당",
            "speaker": {
              "id": "3번",
              "sex": "여성",
              "age": "20대"
            },
            "speechAct": "(단언) 진술하기",
            "morpheme": "해/VV+EC+지/VX+면/EC+걍/UNKNOWN+바로/MAG+춥/VA+다고/EC+한당/NNG"
          },
          {
            "id": 34,
            "text": "1 : 당연 순한 맛 하하 맞아 언니 따뜻하게 입고 가 강이라 추워~",
            "norm_text": "당연 순한 맛 하하 맞아 언니 따뜻하게 입고 가 강이라 추워~",
            "speaker": {
              "id": "1번",
              "sex": "여성",
              "age": "20대"
            },
            "speechAct": "(지시) 충고/제안하기",
            "morpheme": "당연/MAG+순한/VA+ETM+맛/NNG+하하/MAG+맞/VV+아/EC+언니/NNG+따뜻/XR+하/XSA+게/EC+입/VV+고/EC+가강/XR+이/VCP+라/EC+추워/VA+EC+~/SY"
          },
          {
            "id": 35,
            "text": "2 : 오케이! 따뜻하게 입고 가서 인스타에 자랑할게 ~ 하하",
            "norm_text": "오케이! 따뜻하게 입고 가서 인스타에 자랑할게 ~ 하하",
            "speaker": {
              "id": "2번",
              "sex": "여성",
              "age": "20대"
            },
            "speechAct": "(언약) 약속하기(제3자와)/(개인적 수준)",
            "morpheme": "오케이/IC+따뜻/XR+하/XSA+게/EC+입/VV+고/EC+가/VX+서/EC+인/VCP+ETM+스타/NNG+에/JKB+자랑/NNG+할/XSV+ETM+게/NNB+JKS+~/SY+하하/NNP"
          },
          {
            "id": 36,
            "text": "3 : 키키 한강 가기 딱 좋은 날씨긴 하다!",
            "norm_text": "키키 한강 가기 딱 좋은 날씨긴 하다!",
            "speaker": {
              "id": "3번",
              "sex": "여성",
              "age": "20대"
            },
            "speechAct": "(단언) 주장하기",
            "morpheme": "키키/NNP+한강/NNP+가/VV+기/ETN+딱/MAG+좋/VA+은/ETM+날씨/NNG+긴/VCP+ETN+JX+하/VX+다/EF"
          }
        ]
      }
    }
  ]
}