{
  "dataset": {
    "identifier": 22004,
    "name": "BAND_28_09_set",
    "src_path": "/data/file/cubeManager/PROJECT001/49/txt20210917150513024850/BAND_28_09_set/",
    "label_path": "/data/file/cubeManager/PROJECT001/49/txt20210917150513024850/BAND_28_09_set/",
    "category": 2,
    "type": 0
  },
  "licenses": {
    "name": "Apache License 1.0",
    "url": "http://www.apache.org/licenses/LICENSE-1.0"
  },
  "info": [
    {
      "id": 29440,
      "filename": "BAND_28_09.txt",
      "title": "BAND_28_09",
      "mediatype": "SNS",
      "medianame": "네이버밴드",
      "category": "일상대화",
      "date": "2021-09-17",
      "size": 392,
      "annotations": {
        "subject": "반려동물",
        "speaker_type": "1:1",
        "size": 392,
        "word_size": 136,
        "text": "1 : 너 그때 키우던 강아지들 아직도 있어?\n2 : 댕댕이 나라로 돌아갔어 ㅠ 사고 나서\n1 : 헐 두 마리 다? 어째서?\n2 : 오는 차에 부딪혀서 그렇게 됐네 ㅠ\n1 : 헐 언제 그렇게 된 거야?\n2 : 아마 1년 정도 지난 거 같아 ㅠ\n1 : 갑자기 마음이 아프다\n1 : 그러고 나서 키우는 강아지는 없고?\n2 : 응 내 실수도 있어서 이제 함부로는 못 키우겠네 ㅠ\n1 : 우리 집도 그래 우리 집 강아지도 댕댕이 나라로 갔거든.\n2 : 그 예전에 봤던 진순이였나?\n1 : 아 그 애는 가출했어 ㅜㅜ\n2 : 다른 강아지는 본 적이 없네 ㅠ\n1 : 맞아 나 성인 되고 데리고 왔거든.\n2 : 너도 맘 아프겠다 ㅠ 성인 돼서 처음인데\n1 : 맞아 우리 엄마가 제일 맘고생 했어 ㅜㅜ\n2 : 다들 댕댕이 나라에서 행복할 꺼야 ㅎ",
        "lines": [
          {
            "id": 1,
            "text": "1 : 너 그때 키우던 강아지들 아직도 있어?",
            "norm_text": "너 그때 키우던 강아지들 아직도 있어?",
            "speaker": {
              "id": "1번",
              "sex": "여성",
              "age": "20대"
            },
            "speechAct": "(지시) 질문하기",
            "morpheme": "너/NP+그때/NNG+키우/VV+던/ETM+강아지/NNG+들/XSN+아직/MAG+도/JX+있/VA+어/EF"
          },
          {
            "id": 2,
            "text": "2 : 댕댕이 나라로 돌아갔어 ㅠ 사고 나서",
            "norm_text": "댕댕이 나라로 돌아갔어 ㅠ 사고 나서",
            "speaker": {
              "id": "2번",
              "sex": "여성",
              "age": "20대"
            },
            "speechAct": "(단언) 진술하기",
            "morpheme": "댕댕이/NNG+나라/NNG+로/JKB+돌아갔/VV+EP+어/EF+ㅠ사/UNKNOWN+고/EC+나/VX+서/EC"
          },
          {
            "id": 3,
            "text": "1 : 헐 두 마리 다? 어째서?",
            "norm_text": "헐 두 마리 다? 어째서?",
            "speaker": {
              "id": "1번",
              "sex": "여성",
              "age": "20대"
            },
            "speechAct": "(지시) 질문하기",
            "morpheme": "헐/IC+두/MM+마리/NNBC+다/VCP+EF+어째서/MAG"
          },
          {
            "id": 4,
            "text": "2 : 오는 차에 부딪혀서 그렇게 됐네 ㅠ",
            "norm_text": "오는 차에 부딪혀서 그렇게 됐네 ㅠ",
            "speaker": {
              "id": "2번",
              "sex": "여성",
              "age": "20대"
            },
            "speechAct": "(단언) 진술하기",
            "morpheme": "오/VV+는/ETM+차/NNG+에/JKB+부딪혀서/VV+EC+그렇게/MAG+됐/VV+EP+네ㅠ/UNKNOWN"
          },
          {
            "id": 5,
            "text": "1 : 헐 언제 그렇게 된 거야?",
            "norm_text": "헐 언제 그렇게 된 거야?",
            "speaker": {
              "id": "1번",
              "sex": "여성",
              "age": "20대"
            },
            "speechAct": "(지시) 질문하기",
            "morpheme": "헐/IC+언제/MAG+그렇게/MAG+된/VV+ETM+거/NNB+야/VCP+EF"
          },
          {
            "id": 6,
            "text": "2 : 아마 1년 정도 지난 거 같아 ㅠ",
            "norm_text": "아마 1년 정도 지난 거 같아 ㅠ",
            "speaker": {
              "id": "2번",
              "sex": "여성",
              "age": "20대"
            },
            "speechAct": "(단언) 진술하기",
            "morpheme": "아마/MAG+1/SN+년/NNBC+정도/NNG+지난/VV+ETM+거/NNB+같/VA+아/EC+ㅠ/UNKNOWN"
          },
          {
            "id": 7,
            "text": "1 : 갑자기 마음이 아프다",
            "norm_text": "갑자기 마음이 아프다",
            "speaker": {
              "id": "1번",
              "sex": "여성",
              "age": "20대"
            },
            "speechAct": "(단언) 주장하기",
            "morpheme": "갑자기/MAG+마음/NNG+이/JKS+아프/VA+다/EC"
          },
          {
            "id": 8,
            "text": "1 : 그러고 나서 키우는 강아지는 없고?",
            "norm_text": "그러고 나서 키우는 강아지는 없고?",
            "speaker": {
              "id": "1번",
              "sex": "여성",
              "age": "20대"
            },
            "speechAct": "(지시) 질문하기",
            "morpheme": "그러/VV+고/EC+나/VX+서/EC+키우/VV+는/ETM+강아지/NNG+는/JX+없/VA+고/EC"
          },
          {
            "id": 9,
            "text": "2 : 응 내 실수도 있어서 이제 함부로는 못 키우겠네 ㅠ",
            "norm_text": "응 내 실수도 있어서 이제 함부로는 못 키우겠네 ㅠ",
            "speaker": {
              "id": "2번",
              "sex": "여성",
              "age": "20대"
            },
            "speechAct": "(단언) 주장하기",
            "morpheme": "응/IC+내/NP+JKG+실수/NNG+도/JX+있/VA+어서/EC+이제/MAG+함부로/MAG+는/JX+못/MAG+키우/VV+겠/EP+네ㅠ/UNKNOWN"
          },
          {
            "id": 10,
            "text": "1 : 우리 집도 그래 우리 집 강아지도 댕댕이 나라로 갔거든.",
            "norm_text": "우리 집도 그래 우리 집 강아지도 댕댕이 나라로 갔거든.",
            "speaker": {
              "id": "1번",
              "sex": "여성",
              "age": "20대"
            },
            "speechAct": "(단언) 진술하기",
            "morpheme": "우리/NP+집/NNG+도/JX+그래/VA+EC+우리/NP+집/NNG+강아지/NNG+도/JX+댕댕/MAG+이/MM+나라/NNG+로/JKB+갔/VV+EP+거든/EF"
          },
          {
            "id": 11,
            "text": "2 : 그 예전에 봤던 진순이였나?",
            "norm_text": "그 예전에 봤던 진순이였나?",
            "speaker": {
              "id": "2번",
              "sex": "여성",
              "age": "20대"
            },
            "speechAct": "(지시) 질문하기",
            "morpheme": "그/MM+예전/NNG+에/JKB+봤/VV+EP+던/ETM+진순/NNP+이/VCP+였/EP+나/EF"
          },
          {
            "id": 12,
            "text": "1 : 아 그 애는 가출했어 ㅜㅜ",
            "norm_text": "아 그 애는 가출했어 ㅜㅜ",
            "speaker": {
              "id": "1번",
              "sex": "여성",
              "age": "20대"
            },
            "speechAct": "(단언) 진술하기",
            "morpheme": "아/IC+그/MM+애/NNG+는/JX+가출/NNG+했/XSV+EP+어/EF+ㅜㅜ/UNKNOWN"
          },
          {
            "id": 13,
            "text": "2 : 다른 강아지는 본 적이 없네 ㅠ",
            "norm_text": "다른 강아지는 본 적이 없네 ㅠ",
            "speaker": {
              "id": "2번",
              "sex": "여성",
              "age": "20대"
            },
            "speechAct": "(단언) 진술하기",
            "morpheme": "다른/MM+강아지/NNG+는/JX+본/VX+ETM+적/NNB+이/JKS+없/VA+네/EF+ㅠ/UNKNOWN"
          },
          {
            "id": 14,
            "text": "1 : 맞아 나 성인 되고 데리고 왔거든.",
            "norm_text": "맞아 나 성인 되고 데리고 왔거든.",
            "speaker": {
              "id": "1번",
              "sex": "여성",
              "age": "20대"
            },
            "speechAct": "(단언) 진술하기",
            "morpheme": "맞/VV+아나/EC+성인/NNG+되/XSV+고/EC+데리/VV+고/EC+왔/VX+EP+거든/EF"
          },
          {
            "id": 15,
            "text": "2 : 너도 맘 아프겠다 ㅠ 성인 돼서 처음인데",
            "norm_text": "너도 맘 아프겠다 ㅠ 성인 돼서 처음인데",
            "speaker": {
              "id": "2번",
              "sex": "여성",
              "age": "20대"
            },
            "speechAct": "(단언) 주장하기",
            "morpheme": "너/NP+도/JX+맘/NNG+아프/VA+겠/EP+다ㅠ/UNKNOWN+성인/NNG+돼서/XSV+EC+처음/NNG+인데/VCP+EC"
          },
          {
            "id": 16,
            "text": "1 : 맞아 우리 엄마가 제일 맘고생 했어 ㅜㅜ",
            "norm_text": "맞아 우리 엄마가 제일 맘고생 했어 ㅜㅜ",
            "speaker": {
              "id": "1번",
              "sex": "여성",
              "age": "20대"
            },
            "speechAct": "(단언) 주장하기",
            "morpheme": "맞/VV+아/EC+우리/NP+엄마/NNG+가/JKS+제일/MAG+맘고생/NNG+했/XSV+EP+어/EF+ㅜㅜ/UNKNOWN"
          },
          {
            "id": 17,
            "text": "2 : 다들 댕댕이 나라에서 행복할 꺼야 ㅎ",
            "norm_text": "다들 댕댕이 나라에서 행복할 꺼야 ㅎ",
            "speaker": {
              "id": "2번",
              "sex": "여성",
              "age": "20대"
            },
            "speechAct": "(단언) 주장하기",
            "morpheme": "다/MAG+들/XSN+댕댕/MAG+이/MM+나라/NNG+에서/JKB+행복/NNG+할/XSV+ETM+꺼/NNB+VCP+야/EF+ㅎ/XSA"
          }
        ]
      }
    }
  ]
}