{
  "dataset": {
    "identifier": 122277,
    "name": "BAND_46_09_set",
    "src_path": "/data/file/cubeManager/PROJECT001/80/txt20211103154613091926/BAND_46_09_set/",
    "label_path": "/data/file/cubeManager/PROJECT001/80/txt20211103154613091926/BAND_46_09_set/",
    "category": 2,
    "type": 0
  },
  "licenses": {
    "name": "Apache License 1.0",
    "url": "http://www.apache.org/licenses/LICENSE-1.0"
  },
  "info": [
    {
      "id": 135524,
      "filename": "BAND_46_09.txt",
      "title": "BAND_46_09",
      "mediatype": "SNS",
      "medianame": "네이버밴드",
      "category": "일상대화",
      "date": "2021-11-03",
      "size": 549,
      "annotations": {
        "subject": "반려동물",
        "speaker_type": "다자간 대화",
        "size": 549,
        "word_size": 186,
        "text": "1 : 강아지 목욕 시키는 거 힘들지?\n2 : 웅~ 나는 그래서 손도 안댐 키키\n3 : 아 키키 그래도 손은 대야지\n1 : 아 그럼 어머니가 해주시는겨?\n2 : 웅웅... 내가 하면 울어 키키 ,\n2 : 엄마 담당임 미용목욕\n3 : 아 익숙해져서 그런 건가 보당!\n1 : 막 영상 보니깐 애들 도망 가던데 키키\n2 : 키키 도망은 안 가는데 ㅜㅜ 이잉 거려 ㅜㅜ 내가 시키면 ㅜㅜ\n2 : 천사라 가만히는 있음 하하\n3 : 키키  벌써 귀엽네\n3 : 멍멍이 깜찍하다\n1 : 가만히 있어서 다행이다 키키\n1 : 어후\n1 : 진빠질 거 같아\n2 : 키키 마저,\n2 : 미용도 막 4시간 잡고 하시더라 키키\n3 : 키키  지금 옆에 웰시코기 지나가는데 핵귀엽... ㄷㄷ\n1 : 웰시코기 빵댕이 졸귀인데 ㅜㅜ\n1 : 어디야\n2 : 키키 ㅇㅈ 웰시 빵댕 짱기욤\n2 : 식빵 같자너 키키\n3 : 식당 밑에 지나갔는데\n3 : 뭐야... 천사여?\n1 : 키키 천사여...!\n1 : 나두 공원 가서 애기들 구경해야지\n2 : 키키 ㅇㅈ ㅜㅜ 공원 나오는 애들 넘 착해~\n2 : 잉글리쉬 쉽독 알어~?\n3 : 잉 난 잘모르겠넹...\n3 : 알아볼게...!",
        "lines": [
          {
            "id": 1,
            "text": "1 : 강아지 목욕 시키는 거 힘들지?",
            "norm_text": "강아지 목욕 시키는 거 힘들지?",
            "speaker": {
              "id": "1번",
              "sex": "여성",
              "age": "20대"
            },
            "speechAct": "(지시) 질문하기",
            "morpheme": "강아지/NNG+목욕/NNG+시키/XSV+는/ETM+거/NNB+힘들/VA+지/EF"
          },
          {
            "id": 2,
            "text": "2 : 웅~ 나는 그래서 손도 안댐 키키",
            "norm_text": "웅~ 나는 그래서 손도 안댐 키키",
            "speaker": {
              "id": "2번",
              "sex": "여성",
              "age": "20대"
            },
            "speechAct": "(단언) 진술하기",
            "morpheme": "웅/NNG+~/SY+나/NP+는/JX+그래서/MAJ+손/NNG+도/JX+안/MAG+댐/NNG+키/NNG+키/XSV+ETN"
          },
          {
            "id": 3,
            "text": "3 : 아 키키 그래도 손은 대야지",
            "norm_text": "아 키키 그래도 손은 대야지",
            "speaker": {
              "id": "3번",
              "sex": "남성",
              "age": "20대"
            },
            "speechAct": "(단언) 주장하기",
            "morpheme": "아키/NNP+키/NNG+그래도/VV+EC+손/NNG+은/JX+대/VV+야지/EC"
          },
          {
            "id": 4,
            "text": "1 : 아 그럼 어머니가 해주시는겨?",
            "norm_text": "아 그럼 어머니가 해주시는겨?",
            "speaker": {
              "id": "1번",
              "sex": "여성",
              "age": "20대"
            },
            "speechAct": "(지시) 질문하기",
            "morpheme": "아/IC+그럼/MAJ+어머니/NNG+가/JKS+해/VV+EC+주/VX+시/EP+는겨/EF"
          },
          {
            "id": 5,
            "text": "2 : 웅웅... 내가 하면 울어 키키 ,",
            "norm_text": "웅웅... 내가 하면 울어 키키 ,",
            "speaker": {
              "id": "2번",
              "sex": "여성",
              "age": "20대"
            },
            "speechAct": "(단언) 진술하기",
            "morpheme": "웅웅/MAG+./SY+내/NP+가/JKS+하/VV+면/EC+울/VV+어/EC+키/NNG+키/XSV+ETN+,/SC"
          },
          {
            "id": 6,
            "text": "2 : 엄마 담당임 미용목욕",
            "norm_text": "엄마 담당임 미용목욕",
            "speaker": {
              "id": "2번",
              "sex": "여성",
              "age": "20대"
            },
            "speechAct": "(단언) 진술하기",
            "morpheme": "엄마/NNG+담당/NNG+임/VCP+ETN+미용/NNG+목욕/NNG"
          },
          {
            "id": 7,
            "text": "3 : 아 익숙해져서 그런 건가 보당!",
            "norm_text": "아 익숙해져서 그런 건가 보당!",
            "speaker": {
              "id": "3번",
              "sex": "남성",
              "age": "20대"
            },
            "speechAct": "(단언) 주장하기",
            "morpheme": "아/IC+익숙/XR+해져서/XSA+EC+VX+EC+그런/MM+건가/NNB+VCP+EC+보/VX+당/EF"
          },
          {
            "id": 8,
            "text": "1 : 막 영상 보니깐 애들 도망 가던데 키키",
            "norm_text": "막 영상 보니깐 애들 도망 가던데 키키",
            "speaker": {
              "id": "1번",
              "sex": "여성",
              "age": "20대"
            },
            "speechAct": "(단언) 진술하기",
            "morpheme": "막영/NNG+상/XSN+보/VV+니깐/EC+애/NNG+들/XSN+도망가/VV+던데/EC+키/NNG+키/XSV+ETN"
          },
          {
            "id": 9,
            "text": "2 : 키키 도망은 안 가는데 ㅜㅜ 이잉 거려 ㅜㅜ 내가 시키면 ㅜㅜ",
            "norm_text": "키키 도망은 안 가는데 ㅜㅜ 이잉 거려 ㅜㅜ 내가 시키면 ㅜㅜ",
            "speaker": {
              "id": "2번",
              "sex": "여성",
              "age": "20대"
            },
            "speechAct": "(단언) 주장하기",
            "morpheme": "키/NNG+키/NNG+도망/NNG+은/JX+안/MAG+가/VV+는데/EC+ㅜㅜ/UNKNOWN+이/MM+잉/NNG+거려/XSV+EC+ㅜㅜ/UNKNOWN+내/NP+가/JKS+시키/VV+면/EC+ㅜㅜ/UNKNOWN"
          },
          {
            "id": 10,
            "text": "2 : 천사라 가만히는 있음 하하",
            "norm_text": "천사라 가만히는 있음 하하",
            "speaker": {
              "id": "2번",
              "sex": "여성",
              "age": "20대"
            },
            "speechAct": "(단언) 진술하기",
            "morpheme": "천사/NNG+라/VCP+EC+가만히/MAG+는/JX+있/VX+음/ETN+하하/MAG"
          },
          {
            "id": 11,
            "text": "3 : 키키  벌써 귀엽네",
            "norm_text": "키키  벌써 귀엽네",
            "speaker": {
              "id": "3번",
              "sex": "남성",
              "age": "20대"
            },
            "speechAct": "(단언) 주장하기",
            "morpheme": "키/NNG+키/XSV+ETN+벌써/MAG+귀엽/VA+네/EC"
          },
          {
            "id": 12,
            "text": "3 : 멍멍이 깜찍하다",
            "norm_text": "멍멍이 깜찍하다",
            "speaker": {
              "id": "3번",
              "sex": "남성",
              "age": "20대"
            },
            "speechAct": "(단언) 진술하기",
            "morpheme": "멍멍이/NNG+깜찍/XR+하/XSA+다/EC"
          },
          {
            "id": 13,
            "text": "1 : 가만히 있어서 다행이다 키키",
            "norm_text": "가만히 있어서 다행이다 키키",
            "speaker": {
              "id": "1번",
              "sex": "여성",
              "age": "20대"
            },
            "speechAct": "(단언) 진술하기",
            "morpheme": "가만히/MAG+있/VV+어서/EC+다행/NNG+이/JKS+다키키/NNP"
          },
          {
            "id": 14,
            "text": "1 : 어후",
            "norm_text": "어후",
            "speaker": {
              "id": "1번",
              "sex": "여성",
              "age": "20대"
            },
            "speechAct": "턴토크 사인(관습적 반응)",
            "morpheme": "어/IC+후/NNG"
          },
          {
            "id": 15,
            "text": "1 : 진빠질 거 같아",
            "norm_text": "진빠질 거 같아",
            "speaker": {
              "id": "1번",
              "sex": "여성",
              "age": "20대"
            },
            "speechAct": "(단언) 주장하기",
            "morpheme": "진/NNG+빠질/VV+ETM+거/NNB+같/VA+아/EC"
          },
          {
            "id": 16,
            "text": "2 : 키키 마저,",
            "norm_text": "키키 마저,",
            "speaker": {
              "id": "2번",
              "sex": "여성",
              "age": "20대"
            },
            "speechAct": "(단언) 주장하기",
            "morpheme": "키/NNG+키/XSV+ETN+마저/JX+,/SC"
          },
          {
            "id": 17,
            "text": "2 : 미용도 막 4시간 잡고 하시더라 키키",
            "norm_text": "미용도 막 4시간 잡고 하시더라 키키",
            "speaker": {
              "id": "2번",
              "sex": "여성",
              "age": "20대"
            },
            "speechAct": "(단언) 진술하기",
            "morpheme": "미용/NNG+도막/NNG+4/SN+시간/NNBC+잡/VV+고/EC+하/VX+시/EP+더라/EF+키/NNG+키/XSV+ETN"
          },
          {
            "id": 18,
            "text": "3 : 키키  지금 옆에 웰시코기 지나가는데 핵귀엽... ㄷㄷ",
            "norm_text": "키키  지금 옆에 웰시코기 지나가는데 핵귀엽... ㄷㄷ",
            "speaker": {
              "id": "3번",
              "sex": "남성",
              "age": "20대"
            },
            "speechAct": "(단언) 진술하기",
            "morpheme": "키키지금옆에웰시코기지나가는데핵귀엽/UNKNOWN+./SY+ㄷ/NNG+ㄷ/NNG"
          },
          {
            "id": 19,
            "text": "1 : 웰시코기 빵댕이 졸귀인데 ㅜㅜ",
            "norm_text": "웰시코기 빵댕이 졸귀인데 ㅜㅜ",
            "speaker": {
              "id": "1번",
              "sex": "여성",
              "age": "20대"
            },
            "speechAct": "(단언) 진술하기",
            "morpheme": "웰시/NNP+코기/NNP+빵/NNG+댕이/NNG+졸/VA+ETM+귀/NNG+인데/VCP+EC+ㅜㅜ/UNKNOWN"
          },
          {
            "id": 20,
            "text": "1 : 어디야",
            "norm_text": "어디야",
            "speaker": {
              "id": "1번",
              "sex": "여성",
              "age": "20대"
            },
            "speechAct": "(지시) 질문하기",
            "morpheme": "어디/NP+야/VCP+EF"
          },
          {
            "id": 21,
            "text": "2 : 키키 ㅇㅈ 웰시 빵댕 짱기욤",
            "norm_text": "키키 ㅇㅈ 웰시 빵댕 짱기욤",
            "speaker": {
              "id": "2번",
              "sex": "여성",
              "age": "20대"
            },
            "speechAct": "(단언) 주장하기",
            "morpheme": "키/NNG+키/XSV+ETN+ㅇㅈ/UNKNOWN+웰시/NNP+빵/NNG+댕/MAG+짱/MAG+기/VV+욤/EC"
          },
          {
            "id": 22,
            "text": "2 : 식빵 같자너 키키",
            "norm_text": "식빵 같자너 키키",
            "speaker": {
              "id": "2번",
              "sex": "여성",
              "age": "20대"
            },
            "speechAct": "(단언) 진술하기",
            "morpheme": "식빵같자너키키/UNKNOWN"
          },
          {
            "id": 23,
            "text": "3 : 식당 밑에 지나갔는데",
            "norm_text": "식당 밑에 지나갔는데",
            "speaker": {
              "id": "3번",
              "sex": "남성",
              "age": "20대"
            },
            "speechAct": "(단언) 진술하기",
            "morpheme": "식당/NNG+밑/NNG+에/JKB+지나갔/VV+EP+는데/EC"
          },
          {
            "id": 24,
            "text": "3 : 뭐야... 천사여?",
            "norm_text": "뭐야... 천사여?",
            "speaker": {
              "id": "3번",
              "sex": "남성",
              "age": "20대"
            },
            "speechAct": "(지시) 질문하기",
            "morpheme": "뭐/NP+야/VCP+EF+./SY+천사/NNG+여/VCP+EF"
          },
          {
            "id": 25,
            "text": "1 : 키키 천사여...!",
            "norm_text": "키키 천사여...!",
            "speaker": {
              "id": "1번",
              "sex": "여성",
              "age": "20대"
            },
            "speechAct": "(단언) 주장하기",
            "morpheme": "키/NNG+키/XSV+ETN+천/NR+사/NR+여/XSN+./SY+./SY"
          },
          {
            "id": 26,
            "text": "1 : 나두 공원 가서 애기들 구경해야지",
            "norm_text": "나두 공원 가서 애기들 구경해야지",
            "speaker": {
              "id": "1번",
              "sex": "여성",
              "age": "20대"
            },
            "speechAct": "(단언) 주장하기",
            "morpheme": "나/NP+두/JX+공원/NNG+가/VV+서/EC+애기/NNG+들/XSN+구경/NNG+해야지/XSV+EC"
          },
          {
            "id": 27,
            "text": "2 : 키키 ㅇㅈ ㅜㅜ 공원 나오는 애들 넘 착해~",
            "norm_text": "키키 ㅇㅈ ㅜㅜ 공원 나오는 애들 넘 착해~",
            "speaker": {
              "id": "2번",
              "sex": "여성",
              "age": "20대"
            },
            "speechAct": "(단언) 진술하기",
            "morpheme": "키키ㅇㅈㅜㅜ공원나오는애들넘착해/UNKNOWN+~/SY"
          },
          {
            "id": 28,
            "text": "2 : 잉글리쉬 쉽독 알어~?",
            "norm_text": "잉글리쉬 쉽독 알어~?",
            "speaker": {
              "id": "2번",
              "sex": "여성",
              "age": "20대"
            },
            "speechAct": "(지시) 질문하기",
            "morpheme": "잉글리쉬쉽독알어/UNKNOWN+~/SY"
          },
          {
            "id": 29,
            "text": "3 : 잉 난 잘모르겠넹...",
            "norm_text": "잉 난 잘모르겠넹...",
            "speaker": {
              "id": "3번",
              "sex": "남성",
              "age": "20대"
            },
            "speechAct": "(단언) 진술하기",
            "morpheme": "잉/IC+난/NP+JX+잘/MAG+모르/VV+겠/EP+넹/NNP+./SY+./SY"
          },
          {
            "id": 30,
            "text": "3 : 알아볼게...!",
            "norm_text": "알아볼게...!",
            "speaker": {
              "id": "3번",
              "sex": "남성",
              "age": "20대"
            },
            "speechAct": "(단언) 주장하기",
            "morpheme": "알아볼/VV+ETM+게/NNB+JKS+./SY+./SY"
          }
        ]
      }
    }
  ]
}