{
  "dataset": {
    "identifier": 21718,
    "name": "BAND_21_19_set",
    "src_path": "/data/file/cubeManager/PROJECT001/49/txt20210915110606075045/BAND_21_19_set/",
    "label_path": "/data/file/cubeManager/PROJECT001/49/txt20210915110606075045/BAND_21_19_set/",
    "category": 2,
    "type": 0
  },
  "licenses": {
    "name": "Apache License 1.0",
    "url": "http://www.apache.org/licenses/LICENSE-1.0"
  },
  "info": [
    {
      "id": 25558,
      "filename": "BAND_21_19.txt",
      "title": "BAND_21_19",
      "mediatype": "SNS",
      "medianame": "네이버밴드",
      "category": "일상대화",
      "date": "2021-09-15",
      "size": 447,
      "annotations": {
        "subject": "방송/연예",
        "speaker_type": "1:1",
        "size": 447,
        "word_size": 154,
        "text": "1 : 너 호텔 델루나 본 적 있어?\n2 : 아니 잠깐 클립으로만 봤어\n1 : 나도 안 봤는데 이번에 넷플릭스에 떴더라고~\n2 : 아 그래? 그거 누구 나오는 드라마야?\n1 : 그거 아이유랑 여진구 나오는 드라마잖아!\n2 : 와 아이유 여진구면 믿고 보는 거 아니야?\n1 : 그러니까 그래서 한 번 보려고\n1 : 실은 나 델루나 오에스티밖에 안 들어봤어\n2 : 어 나도 그런 것 같아 키키\n2 : 태연이 부른 노래 너무 좋아\n1 : 맞아 그대라는 시 맞지?\n1 : 나 잘 때 마다 그 노래 듣고 자~\n2 : 응 맞아 그거 말고도 폴킴도 부르고 좋더라\n1 : 실은 폴킴은 모르고 태연 노래만 들어봤어~\n2 : 아 그래? 다른 곡도 좋은 거 많아\n2 : 꼭 들어봐\n1 : 다른 곡 추천할만한 거 있어?\n2 : 러브 델루나 들어봐 키키\n1 : 오케이 접수하겠어\n1 : 오늘 잘 때 들어봐야지~\n2 : 응 그래 다음에 드라마도 같이 보고 키키",
        "lines": [
          {
            "id": 1,
            "text": "1 : 너 호텔 델루나 본 적 있어?",
            "norm_text": "너 호텔 델루나 본 적 있어?",
            "speaker": {
              "id": "1번",
              "sex": "여성",
              "age": "20대"
            },
            "speechAct": "(지시) 질문하기",
            "morpheme": "너/NP+호텔/NNG+델/NNB+JKO+루나/NNG+본/VV+ETM+적/NNB+있/VA+어/EF"
          },
          {
            "id": 2,
            "text": "2 : 아니 잠깐 클립으로만 봤어",
            "norm_text": "아니 잠깐 클립으로만 봤어",
            "speaker": {
              "id": "2번",
              "sex": "여성",
              "age": "20대"
            },
            "speechAct": "(단언) 진술하기",
            "morpheme": "아니/IC+잠깐/MAG+클립/NNG+으로/JKB+만/JX+봤/VV+EP+어/EC"
          },
          {
            "id": 3,
            "text": "1 : 나도 안 봤는데 이번에 넷플릭스에 떴더라고~",
            "norm_text": "나도 안 봤는데 이번에 넷플릭스에 떴더라고~",
            "speaker": {
              "id": "1번",
              "sex": "여성",
              "age": "20대"
            },
            "speechAct": "(단언) 진술하기",
            "morpheme": "나/NP+도/JX+안/MAG+봤/VV+EP+는데/EC+이번/NNG+에/JKB+넷플릭스/NNP+에/JKB+떴/VV+EP+더라고/EC+~/SY"
          },
          {
            "id": 4,
            "text": "2 : 아 그래? 그거 누구 나오는 드라마야?",
            "norm_text": "아 그래? 그거 누구 나오는 드라마야?",
            "speaker": {
              "id": "2번",
              "sex": "여성",
              "age": "20대"
            },
            "speechAct": "(지시) 질문하기",
            "morpheme": "아/IC+그래/IC+그거/NP+누구/NP+나오/VV+는/ETM+드라마/NNG+야/VCP+EF"
          },
          {
            "id": 5,
            "text": "1 : 그거 아이유랑 여진구 나오는 드라마잖아!",
            "norm_text": "그거 아이유랑 여진구 나오는 드라마잖아!",
            "speaker": {
              "id": "1번",
              "sex": "여성",
              "age": "20대"
            },
            "speechAct": "(단언) 진술하기",
            "morpheme": "그거/NP+아이유/NNG+랑/JC+여진구/NNP+나오/VV+는/ETM+드라마/NNG+잖아/VCP+EC+VX+EF"
          },
          {
            "id": 6,
            "text": "2 : 와 아이유 여진구면 믿고 보는 거 아니야?",
            "norm_text": "와 아이유 여진구면 믿고 보는 거 아니야?",
            "speaker": {
              "id": "2번",
              "sex": "여성",
              "age": "20대"
            },
            "speechAct": "(단언) 주장하기",
            "morpheme": "와아이/NNP+유여/NNG+진구/NNG+면/VCP+EC+믿/VV+고/EC+보/VX+는/ETM+거/NNB+아니/VCN+야/EF"
          },
          {
            "id": 7,
            "text": "1 : 그러니까 그래서 한 번 보려고",
            "norm_text": "그러니까 그래서 한 번 보려고",
            "speaker": {
              "id": "1번",
              "sex": "여성",
              "age": "20대"
            },
            "speechAct": "(언약) 약속하기(제3자와)/(개인적 수준)",
            "morpheme": "그러니까/MAJ+그래서/MAJ+한/MM+번/NNBC+보/VV+려고/EC"
          },
          {
            "id": 8,
            "text": "1 : 실은 나 델루나 오에스티밖에 안 들어봤어",
            "norm_text": "실은 나 델루나 오에스티밖에 안 들어봤어",
            "speaker": {
              "id": "1번",
              "sex": "여성",
              "age": "20대"
            },
            "speechAct": "(단언) 진술하기",
            "morpheme": "실은/MAG+나/NP+델/NNB+JKO+루나/NNG+오/NR+에스티/NNG+밖에/JX+안/MAG+들/VV+어/EC+봤/VX+EP+어/EC"
          },
          {
            "id": 9,
            "text": "2 : 어 나도 그런 것 같아 키키",
            "norm_text": "어 나도 그런 것 같아 키키",
            "speaker": {
              "id": "2번",
              "sex": "여성",
              "age": "20대"
            },
            "speechAct": "(단언) 주장하기",
            "morpheme": "어/IC+나/NP+도/JX+그런/MM+것/NNB+같/VA+아/EC+키/NNG+키/XSV+ETN"
          },
          {
            "id": 10,
            "text": "2 : 태연이 부른 노래 너무 좋아",
            "norm_text": "태연이 부른 노래 너무 좋아",
            "speaker": {
              "id": "2번",
              "sex": "여성",
              "age": "20대"
            },
            "speechAct": "(단언) 주장하기",
            "morpheme": "태연/NNG+이/JKS+부른/VV+ETM+노래/NNG+너무/MAG+좋/VA+아/EC"
          },
          {
            "id": 11,
            "text": "1 : 맞아 그대라는 시 맞지?",
            "norm_text": "맞아 그대라는 시 맞지?",
            "speaker": {
              "id": "1번",
              "sex": "여성",
              "age": "20대"
            },
            "speechAct": "(지시) 질문하기",
            "morpheme": "맞/VV+아/EC+그대/NP+라는/VCP+ETM+시/NNG+맞/VV+지/EF"
          },
          {
            "id": 12,
            "text": "1 : 나 잘 때 마다 그 노래 듣고 자~",
            "norm_text": "나 잘 때 마다 그 노래 듣고 자~",
            "speaker": {
              "id": "1번",
              "sex": "여성",
              "age": "20대"
            },
            "speechAct": "(단언) 진술하기",
            "morpheme": "나/NP+잘/MAG+때/NNG+마다/JX+그/MM+노래/NNG+듣/VV+고자/EC+~/SY"
          },
          {
            "id": 13,
            "text": "2 : 응 맞아 그거 말고도 폴킴도 부르고 좋더라",
            "norm_text": "응 맞아 그거 말고도 폴킴도 부르고 좋더라",
            "speaker": {
              "id": "2번",
              "sex": "여성",
              "age": "20대"
            },
            "speechAct": "(단언) 주장하기",
            "morpheme": "응/IC+맞아/IC+그거/NP+말/VV+고/EC+도/JX+폴/NNG+킴/NNP+도/JX+부르/VV+고/EC+좋/VA+더라/EC"
          },
          {
            "id": 14,
            "text": "1 : 실은 폴킴은 모르고 태연 노래만 들어봤어~",
            "norm_text": "실은 폴킴은 모르고 태연 노래만 들어봤어~",
            "speaker": {
              "id": "1번",
              "sex": "여성",
              "age": "20대"
            },
            "speechAct": "(단언) 진술하기",
            "morpheme": "실은/MAG+폴/NNG+킴/NNP+은/JX+모르/VV+고/EC+태연/NNG+노래/NNG+만들/VV+어/EC+봤/VX+EP+어/EC+~/SY"
          },
          {
            "id": 15,
            "text": "2 : 아 그래? 다른 곡도 좋은 거 많아",
            "norm_text": "아 그래? 다른 곡도 좋은 거 많아",
            "speaker": {
              "id": "2번",
              "sex": "여성",
              "age": "20대"
            },
            "speechAct": "(단언) 주장하기",
            "morpheme": "아/IC+그래/IC+다른/MM+곡/NNG+도/JX+좋/VA+은/ETM+거/NNB+많/VA+아/EC"
          },
          {
            "id": 16,
            "text": "2 : 꼭 들어봐",
            "norm_text": "꼭 들어봐",
            "speaker": {
              "id": "2번",
              "sex": "여성",
              "age": "20대"
            },
            "speechAct": "(지시) 충고/제안하기",
            "morpheme": "꼭/MAG+들/VV+어/EC+봐/VX+EC"
          },
          {
            "id": 17,
            "text": "1 : 다른 곡 추천할만한 거 있어?",
            "norm_text": "다른 곡 추천할만한 거 있어?",
            "speaker": {
              "id": "1번",
              "sex": "여성",
              "age": "20대"
            },
            "speechAct": "(지시) 부탁하기",
            "morpheme": "다른/MM+곡/NNG+추천/NNG+할/XSV+ETM+만/NNB+한/XSA+ETM+거/NNB+있/VA+어/EF"
          },
          {
            "id": 18,
            "text": "2 : 러브 델루나 들어봐 키키",
            "norm_text": "러브 델루나 들어봐 키키",
            "speaker": {
              "id": "2번",
              "sex": "여성",
              "age": "20대"
            },
            "speechAct": "(지시) 충고/제안하기",
            "morpheme": "러브/NNG+델/NNB+JKO+루나/NNG+들/VV+어/EC+봐/VX+EF+키/NNG+키/XSV+ETN"
          },
          {
            "id": 19,
            "text": "1 : 오케이 접수하겠어",
            "norm_text": "오케이 접수하겠어",
            "speaker": {
              "id": "1번",
              "sex": "여성",
              "age": "20대"
            },
            "speechAct": "(언약) 약속하기(제3자와)/(개인적 수준)",
            "morpheme": "오케이/IC+접수/NNG+하/XSV+겠/EP+어/EC"
          },
          {
            "id": 20,
            "text": "1 : 오늘 잘 때 들어봐야지~",
            "norm_text": "오늘 잘 때 들어봐야지~",
            "speaker": {
              "id": "1번",
              "sex": "여성",
              "age": "20대"
            },
            "speechAct": "(언약) 약속하기(제3자와)/(개인적 수준)",
            "morpheme": "오늘/MAG+잘/MAG+때/NNG+들/VV+어/EC+봐야/VX+EC+VV+지/EC+~/SY"
          },
          {
            "id": 21,
            "text": "2 : 응 그래 다음에 드라마도 같이 보고 키키",
            "norm_text": "응 그래 다음에 드라마도 같이 보고 키키",
            "speaker": {
              "id": "2번",
              "sex": "여성",
              "age": "20대"
            },
            "speechAct": "(지시) 충고/제안하기",
            "morpheme": "응/IC+그래/IC+다음/NNG+에/JKB+드라마/NNG+도/JX+같이/MAG+보/VV+고/EC+키/NNG+키/XSV+ETN"
          }
        ]
      }
    }
  ]
}