{
  "dataset": {
    "identifier": 19936,
    "name": "BAND_23_09_set",
    "src_path": "/data/file/cubeManager/PROJECT001/49/txt20210915111041025412/BAND_23_09_set/",
    "label_path": "/data/file/cubeManager/PROJECT001/49/txt20210915111041025412/BAND_23_09_set/",
    "category": 2,
    "type": 0
  },
  "licenses": {
    "name": "Apache License 1.0",
    "url": "http://www.apache.org/licenses/LICENSE-1.0"
  },
  "info": [
    {
      "id": 25688,
      "filename": "BAND_23_09.txt",
      "title": "BAND_23_09",
      "mediatype": "SNS",
      "medianame": "네이버밴드",
      "category": "일상대화",
      "date": "2021-09-15",
      "size": 1489,
      "annotations": {
        "subject": "반려동물",
        "speaker_type": "1:1",
        "size": 1489,
        "word_size": 446,
        "text": "1 : 강아지들 아프거나 다쳐서 병원 가면 진짜 돈 많이 나오더라... 내\n1 : 친구 강아지는 다리가 자꾸 부러지는데 한번 수술할 때마다 200만 원이래 ㅠㅠ\n2 : 아이고~ 그래서 내가 아는 사람은 강아지 통장 만들어서 매달 저금하더라~ 거기서 사료도 사고 병원도 가고 한대\n3 : 헐... 다리가 왜 자꾸 뿌러진다니 ㅠㅠ\n3 : 진짜 반려동물 키우는데 돈 엄청 많이 들어가...\n3 : 미용이며 병원이며 이것저것 용품들이며...\n3 : 나도 나중에 뭐라도 키우고 싶기는 한데 금전적인 것도 무시 못해서 가능할지 모르겠오...\n1 : 그치 가슴으로 낳아서 지갑으로 키운다는 말이 있잖아 ^^\n1 : 그 강아지 종류가 이탈리안그레이하운드라고 다리 엄청 긴 종이거든?\n1 : 근데 또 엄청 활동적이어서 자꾸 부러진대\n2 : 반려동물 키우는 사람들 보면 진짜 부지런해~ 아기 키우는 거랑 같은 거 같던데 대단해\n3 : 맞아 진짜 아기 키우는 거랑 똑같대\n3 : 그래서 엄마가 자기는 절대로 강아지 더 안 키울 거라고 키키\n1 : 키키 그건 그래... 참 귀엽고 이쁘긴 한데 ㅠㅠ\n1 : 야외 배변하는 애들은 비가 오나 눈이 오나 나가줘야 하잖아 그것도 곤욕 ㅠ\n2 : 아 훈련시켜도 그런 애들은 말을 안 들어?\n2 : 꼭 야외만 고집하는 거야?\n3 : 그르게 뭔가 훈련으로 안되는 건가...\n3 : 근데 개들 똥고집 장난 아니긴 한데...\n1 : 모르겠어 애기 때 습관이 잘못 들게 돼서 그런 건지는 모르겠는데 한번 그렇게 되면 안 고쳐지던데?\n2 : 말도 안 돼~ 강형욱 선생님한테 보내자!\n3 : 근데 약간 산책 중요시 하시니까 당연히 나가야죠! 막 이러시는 거 아닌가 몰라 키키\n3 : 근데 왠지 방법이 있기는 할 텐데 쉽지는 않겠다...\n1 : 웅웅 괜히 전문가한테 맡기는 게 아니겠지...\n1 : 강형욱 선생님은 진짜 개가 환생한 거 같애\n2 : 어케 그렇게 강아지 마음을 잘 알지\n2 : 강아지 말 알아듣는다는 소문이... 진짜일까? 키키\n3 : 내 사촌 언니가 나한테 강형욱 성이 강아지 강 씨라고 속여서 몇 일 동안은 진짜인 줄 알았지 뭐야\n1 : 키키 강아지 강 씨 진짜 어케 성도 강 씨냐고... 너무 웃기네 키키\n2 : 근데 문제 있는 강아지들 너무 많더라~ 문제 있는 주인들도 많고~\n3 : 난 강아지 처음 키웠을 때가 내가 초등학교 다닐 때여서 정말 뭐 교육 시키고 이런 게 없었는데 요즘에는 유튜브에도 쉽게 어떻게 훈육해야 하는지 다 나오니까 그래도 옛날보다는 좋은 거 같애 ㅠㅠ\n1 : 그치 나도 초등학교 다닐 때 키웠었는데 지금 보면 강아지가 싫어하는 행동 되게 많이 했던 거 같음 키키\n1 : 유튜브가 그때도 있었으면 좋았을걸\n2 : 나 얼은 빵 먹는 거 불쌍해서 안 얼은 빵으로 바꿔 주다가 개한테 물렸었다~ㅠㅠ\n3 : 주변에 고양이 키우는 사람 있어?\n1 : 웅 내 친구 키워!\n1 : 근데 개냥이가 아니야... 우리한테 안 오더라구 ㅠㅠ\n2 : 우리 친척 오빠~ 혼자 살 때는 베란다 전체가 고양이 집이었어 완벽하게 꾸며진~\n3 : 오 생각보다 많이 키우기는 하네!\n3 : 캣타워 한번 보고 싶당",
        "lines": [
          {
            "id": 1,
            "text": "1 : 강아지들 아프거나 다쳐서 병원 가면 진짜 돈 많이 나오더라... 내",
            "norm_text": "강아지들 아프거나 다쳐서 병원 가면 진짜 돈 많이 나오더라... 내",
            "speaker": {
              "id": "1번",
              "sex": "여성",
              "age": "20대"
            },
            "speechAct": "(단언) 주장하기",
            "morpheme": "강아지/NNG+들/XSN+아프/VA+거나/EC+다쳐서/VV+EC+병원/NNG+가/VV+면/EC+진짜/MAG+돈/NNG+많이/MAG+나오/VV+더라/EF+./SY+내/MM"
          },
          {
            "id": 2,
            "text": "1 : 친구 강아지는 다리가 자꾸 부러지는데 한번 수술할 때마다 200만 원이래 ㅠㅠ",
            "norm_text": "친구 강아지는 다리가 자꾸 부러지는데 한번 수술할 때마다 200만 원이래 ㅠㅠ",
            "speaker": {
              "id": "1번",
              "sex": "여성",
              "age": "20대"
            },
            "speechAct": "(단언) 진술하기",
            "morpheme": "친구/NNG+강아지/NNG+는/JX+다리/NNG+가/JKS+자꾸/MAG+부러지/VV+는데/EC+한/MM+번/NNBC+수술/NNG+할/XSV+ETM+때/NNG+마다/JX+200/SN+만원이래ㅠㅠ/UNKNOWN"
          },
          {
            "id": 3,
            "text": "2 : 아이고~ 그래서 내가 아는 사람은 강아지 통장 만들어서 매달 저금하더라~ 거기서 사료도 사고 병원도 가고 한대",
            "norm_text": "아이고~ 그래서 내가 아는 사람은 강아지 통장 만들어서 매달 저금하더라~ 거기서 사료도 사고 병원도 가고 한대",
            "speaker": {
              "id": "2번",
              "sex": "여성",
              "age": "30대"
            },
            "speechAct": "(단언) 진술하기",
            "morpheme": "아이/NNG+고/VCP+EC+~/SY+그래서/MAJ+내/NP+가/JKS+아/VV+는/ETM+사람/NNG+은/JX+강아지/NNG+통장/NNG+만들/VV+어서/EC+매달/MAG+저금/NNG+하/XSV+더라/EC+~/SY+거기/NP+서/JKB+사료/NNG+도/JX+사고/NNG+병원/NNG+도/JX+가/VV+고/EC+한대/VV+EC"
          },
          {
            "id": 4,
            "text": "3 : 헐... 다리가 왜 자꾸 뿌러진다니 ㅠㅠ",
            "norm_text": "헐... 다리가 왜 자꾸 뿌러진다니 ㅠㅠ",
            "speaker": {
              "id": "3번",
              "sex": "여성",
              "age": "20대"
            },
            "speechAct": "턴토크 사인(관습적 반응)",
            "morpheme": "헐/IC+./SY+다리/NNG+가/JKS+왜/MAG+자꾸/MAG+뿌러진/VV+ETM+다니/VCP+EC+ㅠㅠ/UNKNOWN"
          },
          {
            "id": 5,
            "text": "3 : 진짜 반려동물 키우는데 돈 엄청 많이 들어가...",
            "norm_text": "진짜 반려동물 키우는데 돈 엄청 많이 들어가...",
            "speaker": {
              "id": "3번",
              "sex": "여성",
              "age": "20대"
            },
            "speechAct": "(단언) 주장하기",
            "morpheme": "진짜/MAG+반려/NNG+동물/NNG+키우/VV+는데/EC+돈/NNG+엄청/MAG+많이/MAG+들어가/VV+EF+./SY"
          },
          {
            "id": 6,
            "text": "3 : 미용이며 병원이며 이것저것 용품들이며...",
            "norm_text": "미용이며 병원이며 이것저것 용품들이며...",
            "speaker": {
              "id": "3번",
              "sex": "여성",
              "age": "20대"
            },
            "speechAct": "(단언) 주장하기",
            "morpheme": "미용/NNG+이/VCP+며/EC+병원/NNG+이/VCP+며/EC+이것저것/NNG+용품/NNG+들/XSN+이/VCP+며/EC+./SY+./SY"
          },
          {
            "id": 7,
            "text": "3 : 나도 나중에 뭐라도 키우고 싶기는 한데 금전적인 것도 무시 못해서 가능할지 모르겠오...",
            "norm_text": "나도 나중에 뭐라도 키우고 싶기는 한데 금전적인 것도 무시 못해서 가능할지 모르겠오...",
            "speaker": {
              "id": "3번",
              "sex": "여성",
              "age": "20대"
            },
            "speechAct": "(단언) 주장하기",
            "morpheme": "나/NP+도/JX+나중/NNG+에/JKB+뭐/NP+라도/VCP+EC+키우/VV+고/EC+싶/VX+기/ETN+는/JX+한데/VX+EC+금전/NNG+적/XSN+인/VCP+ETM+것/NNB+도/JX+무시/NNG+못/MAG+해서/VV+EC+가능/NNG+할지/XSV+EC+모르/VV+겠/EP+오/EF+./SY"
          },
          {
            "id": 8,
            "text": "1 : 그치 가슴으로 낳아서 지갑으로 키운다는 말이 있잖아 ^^",
            "norm_text": "그치 가슴으로 낳아서 지갑으로 키운다는 말이 있잖아 ^^",
            "speaker": {
              "id": "1번",
              "sex": "여성",
              "age": "20대"
            },
            "speechAct": "(단언) 주장하기",
            "morpheme": "그치/IC+가슴/NNG+으로/JKB+낳/VV+아서/EC+지갑/NNG+으로/JKB+키운다는/VV+ETM+말/NNG+이/JKS+있/VV+잖아/EC+^/SY+^/SY"
          },
          {
            "id": 9,
            "text": "1 : 그 강아지 종류가 이탈리안그레이하운드라고 다리 엄청 긴 종이거든?",
            "norm_text": "그 강아지 종류가 이탈리안그레이하운드라고 다리 엄청 긴 종이거든?",
            "speaker": {
              "id": "1번",
              "sex": "여성",
              "age": "20대"
            },
            "speechAct": "(단언) 진술하기",
            "morpheme": "그/MM+강아지/NNG+종류/NNG+가/JKS+이탈리안/NNP+그레이하운드/NNG+라고/VCP+EC+다리/NNG+엄청/MAG+긴/VA+ETM+종이/NNG+거든/VCP+EF"
          },
          {
            "id": 10,
            "text": "1 : 근데 또 엄청 활동적이어서 자꾸 부러진대",
            "norm_text": "근데 또 엄청 활동적이어서 자꾸 부러진대",
            "speaker": {
              "id": "1번",
              "sex": "여성",
              "age": "20대"
            },
            "speechAct": "(단언) 진술하기",
            "morpheme": "근데/MAJ+또/MAG+엄청/MAG+활동/NNG+적/XSN+이/VCP+어서/EC+자꾸/MAG+부러/MAG+진대/VV+EC"
          },
          {
            "id": 11,
            "text": "2 : 반려동물 키우는 사람들 보면 진짜 부지런해~ 아기 키우는 거랑 같은 거 같던데 대단해",
            "norm_text": "반려동물 키우는 사람들 보면 진짜 부지런해~ 아기 키우는 거랑 같은 거 같던데 대단해",
            "speaker": {
              "id": "2번",
              "sex": "여성",
              "age": "30대"
            },
            "speechAct": "(단언) 주장하기",
            "morpheme": "반려/NNG+동물/NNG+키우/VV+는/ETM+사람/NNG+들/XSN+보/VV+면/EC+진짜/MAG+부지런/NNG+해/XSV+EC+~/SY+아기/NNG+키우/VV+는/ETM+거/NNB+랑/JKB+같/VA+은/ETM+거/NNB+같/VA+던데/EC+대단/XR+해/XSA+EC"
          },
          {
            "id": 12,
            "text": "3 : 맞아 진짜 아기 키우는 거랑 똑같대",
            "norm_text": "맞아 진짜 아기 키우는 거랑 똑같대",
            "speaker": {
              "id": "3번",
              "sex": "여성",
              "age": "20대"
            },
            "speechAct": "(단언) 주장하기",
            "morpheme": "맞/VV+아/EC+진짜/MAG+아기/NNG+키우/VV+는/ETM+거/NNB+랑/JKB+똑같/VA+대/EC"
          },
          {
            "id": 13,
            "text": "3 : 그래서 엄마가 자기는 절대로 강아지 더 안 키울 거라고 키키",
            "norm_text": "그래서 엄마가 자기는 절대로 강아지 더 안 키울 거라고 키키",
            "speaker": {
              "id": "3번",
              "sex": "여성",
              "age": "20대"
            },
            "speechAct": "(단언) 진술하기",
            "morpheme": "그래서/MAJ+엄마/NNG+가/JKS+자기/NP+는/JX+절대로/MAG+강아지/NNG+더/MAG+안/MAG+키울/VV+ETM+거/NNB+라고/VCP+EC+키/NNG+키/XSV+ETN"
          },
          {
            "id": 14,
            "text": "1 : 키키 그건 그래... 참 귀엽고 이쁘긴 한데 ㅠㅠ",
            "norm_text": "키키 그건 그래... 참 귀엽고 이쁘긴 한데 ㅠㅠ",
            "speaker": {
              "id": "1번",
              "sex": "여성",
              "age": "20대"
            },
            "speechAct": "(단언) 주장하기",
            "morpheme": "키/NNG+키/XSV+ETN+그건/NP+JX+그래/VA+EF+./SY+참/MAG+귀엽/VA+고/EC+이쁘/VA+긴/ETN+JX+한데/VX+EC+ㅠㅠ/UNKNOWN"
          },
          {
            "id": 15,
            "text": "1 : 야외 배변하는 애들은 비가 오나 눈이 오나 나가줘야 하잖아 그것도 곤욕 ㅠ",
            "norm_text": "야외 배변하는 애들은 비가 오나 눈이 오나 나가줘야 하잖아 그것도 곤욕 ㅠ",
            "speaker": {
              "id": "1번",
              "sex": "여성",
              "age": "20대"
            },
            "speechAct": "(단언) 주장하기",
            "morpheme": "야외/NNG+배변/NNG+하/XSV+는/ETM+애/NNG+들/XSN+은/JX+비/NNG+가/JKS+오/VV+나/EC+눈/NNG+이/JKS+오/VV+나/EC+나가/VV+EC+줘야/VX+EC+하/VX+잖아/EF+그것/NP+도/JX+곤/VV+ETM+욕ㅠ/UNKNOWN"
          },
          {
            "id": 16,
            "text": "2 : 아 훈련시켜도 그런 애들은 말을 안 들어?",
            "norm_text": "아 훈련시켜도 그런 애들은 말을 안 들어?",
            "speaker": {
              "id": "2번",
              "sex": "여성",
              "age": "30대"
            },
            "speechAct": "(지시) 질문하기",
            "morpheme": "아/IC+훈련/NNG+시켜도/XSV+EC+그런/MM+애/NNG+들/XSN+은/JX+말/NNG+을/JKO+안/MAG+들/VV+어/EF"
          },
          {
            "id": 17,
            "text": "2 : 꼭 야외만 고집하는 거야?",
            "norm_text": "꼭 야외만 고집하는 거야?",
            "speaker": {
              "id": "2번",
              "sex": "여성",
              "age": "30대"
            },
            "speechAct": "(지시) 질문하기",
            "morpheme": "꼭/MAG+야외/NNG+만/JX+고집/NNG+하/XSV+는/ETM+거/NNB+야/VCP+EF"
          },
          {
            "id": 18,
            "text": "3 : 그르게 뭔가 훈련으로 안되는 건가...",
            "norm_text": "그르게 뭔가 훈련으로 안되는 건가...",
            "speaker": {
              "id": "3번",
              "sex": "여성",
              "age": "20대"
            },
            "speechAct": "(단언) 주장하기",
            "morpheme": "그르/VV+게/EC+뭔가/NP+VCP+EC+훈련/NNG+으로/JKB+안/MAG+되/VV+는/ETM+건가/NNB+VCP+EF+./SY"
          },
          {
            "id": 19,
            "text": "3 : 근데 개들 똥고집 장난 아니긴 한데...",
            "norm_text": "근데 개들 똥고집 장난 아니긴 한데...",
            "speaker": {
              "id": "3번",
              "sex": "여성",
              "age": "20대"
            },
            "speechAct": "(단언) 주장하기",
            "morpheme": "근데/MAJ+개/NNG+들/XSN+똥고집/NNG+장난/NNG+아니/VCN+긴/ETN+JX+한데/VX+EC+./SY+./SY"
          },
          {
            "id": 20,
            "text": "1 : 모르겠어 애기 때 습관이 잘못 들게 돼서 그런 건지는 모르겠는데 한번 그렇게 되면 안 고쳐지던데?",
            "norm_text": "모르겠어 애기 때 습관이 잘못 들게 돼서 그런 건지는 모르겠는데 한번 그렇게 되면 안 고쳐지던데?",
            "speaker": {
              "id": "1번",
              "sex": "여성",
              "age": "20대"
            },
            "speechAct": "(단언) 주장하기",
            "morpheme": "모르/VV+겠/EP+어/EC+애기/NNG+때/NNG+습관/NNG+이/JKS+잘못/MAG+들/VV+게/EC+돼서/VV+EC+그런/MM+건지/NNB+VCP+EC+는/JX+모르/VV+겠/EP+는데/EC+한/MM+번/NNBC+그렇게/MAG+되/VV+면/EC+안/MAG+고쳐/VV+EC+지/VX+던데/EF"
          },
          {
            "id": 21,
            "text": "2 : 말도 안 돼~ 강형욱 선생님한테 보내자!",
            "norm_text": "말도 안 돼~ 강형욱 선생님한테 보내자!",
            "speaker": {
              "id": "2번",
              "sex": "여성",
              "age": "30대"
            },
            "speechAct": "(단언) 주장하기",
            "morpheme": "말/NNG+도/JX+안/MAG+돼/VV+EC+~/SY+강형욱/NNP+선생/NNG+님/XSN+한테/JKB+보내/VV+자/EF"
          },
          {
            "id": 22,
            "text": "3 : 근데 약간 산책 중요시 하시니까 당연히 나가야죠! 막 이러시는 거 아닌가 몰라 키키",
            "norm_text": "근데 약간 산책 중요시 하시니까 당연히 나가야죠! 막 이러시는 거 아닌가 몰라 키키",
            "speaker": {
              "id": "3번",
              "sex": "여성",
              "age": "20대"
            },
            "speechAct": "(단언) 주장하기",
            "morpheme": "근데/MAJ+약간/MAG+산책/NNG+중요/NNG+시/XSN+하/XSV+시/EP+니까/EC+당연히/MAG+나가/VV+야죠/EF+막/MAJ+이러/VV+시/EP+는/ETM+거/NNB+아닌가/VCN+EC+몰라/VV+EC+키/NNG+키/XSV+ETN"
          },
          {
            "id": 23,
            "text": "3 : 근데 왠지 방법이 있기는 할 텐데 쉽지는 않겠다...",
            "norm_text": "근데 왠지 방법이 있기는 할 텐데 쉽지는 않겠다...",
            "speaker": {
              "id": "3번",
              "sex": "여성",
              "age": "20대"
            },
            "speechAct": "(단언) 주장하기",
            "morpheme": "근데/MAJ+왠지/MAG+방법/NNG+이/JKS+있/VV+기/ETN+는/JX+할/VV+ETM+텐데/NNB+VCP+EC+쉽/VA+지/EC+는/JX+않/VX+겠/EP+다/EF+./SY"
          },
          {
            "id": 24,
            "text": "1 : 웅웅 괜히 전문가한테 맡기는 게 아니겠지...",
            "norm_text": "웅웅 괜히 전문가한테 맡기는 게 아니겠지...",
            "speaker": {
              "id": "1번",
              "sex": "여성",
              "age": "20대"
            },
            "speechAct": "(단언) 진술하기",
            "morpheme": "웅웅/MAG+괜히/MAG+전문가/NNG+한테/JKB+맡기/VV+는/ETM+게/NNB+JKC+아니/VCN+겠/EP+지/EF+./SY"
          },
          {
            "id": 25,
            "text": "1 : 강형욱 선생님은 진짜 개가 환생한 거 같애",
            "norm_text": "강형욱 선생님은 진짜 개가 환생한 거 같애",
            "speaker": {
              "id": "1번",
              "sex": "여성",
              "age": "20대"
            },
            "speechAct": "(단언) 주장하기",
            "morpheme": "강형욱/NNP+선생/NNG+님/XSN+은/JX+진짜/MAG+개/NNG+가/JKS+환생/NNG+한/XSA+ETM+거/NNB+같/VA+애/EC"
          },
          {
            "id": 26,
            "text": "2 : 어케 그렇게 강아지 마음을 잘 알지",
            "norm_text": "어케 그렇게 강아지 마음을 잘 알지",
            "speaker": {
              "id": "2번",
              "sex": "여성",
              "age": "30대"
            },
            "speechAct": "(단언) 주장하기",
            "morpheme": "어/IC+케/IC+그렇게/MAG+강아지/NNG+마음/NNG+을/JKO+잘/MAG+알/VV+지/EC"
          },
          {
            "id": 27,
            "text": "2 : 강아지 말 알아듣는다는 소문이... 진짜일까? 키키",
            "norm_text": "강아지 말 알아듣는다는 소문이... 진짜일까? 키키",
            "speaker": {
              "id": "2번",
              "sex": "여성",
              "age": "30대"
            },
            "speechAct": "(지시) 질문하기",
            "morpheme": "강아지/NNG+말/NNG+알아듣/VV+는다는/ETM+소문/NNG+이/JKS+./SY+./SY+진짜/MAG+일까/VCP+EF+키/NNG+키/XSV+ETN"
          },
          {
            "id": 28,
            "text": "3 : 내 사촌 언니가 나한테 강형욱 성이 강아지 강 씨라고 속여서 몇 일 동안은 진짜인 줄 알았지 뭐야",
            "norm_text": "내 사촌 언니가 나한테 강형욱 성이 강아지 강 씨라고 속여서 몇 일 동안은 진짜인 줄 알았지 뭐야",
            "speaker": {
              "id": "3번",
              "sex": "여성",
              "age": "20대"
            },
            "speechAct": "(단언) 주장하기",
            "morpheme": "내/NP+JKG+사촌/NNG+언니/NNG+가/JKS+나/NP+한테/JKB+강/NNG+형/XSN+욱성/NNG+이/JKS+강아지/NNG+강/NNP+씨/NNB+라고/VCP+EC+속여서/VV+EC+몇/MM+일/NR+동안/NNG+은/JX+진짜/NNG+인/VCP+ETM+줄/NNB+알/VV+았/EP+지/EF+뭐/NP+야/VCP+EF"
          },
          {
            "id": 29,
            "text": "1 : 키키 강아지 강 씨 진짜 어케 성도 강 씨냐고... 너무 웃기네 키키",
            "norm_text": "키키 강아지 강 씨 진짜 어케 성도 강 씨냐고... 너무 웃기네 키키",
            "speaker": {
              "id": "1번",
              "sex": "여성",
              "age": "20대"
            },
            "speechAct": "(단언) 주장하기",
            "morpheme": "키/NNG+키/NNG+강아지/NNG+강/NNP+씨/NNB+진짜/MAG+어/IC+케/IC+성도/NNP+강/NNP+씨/NNB+냐고/VCP+EF+./SY+너무/MAG+웃기/VV+네/EF+키/NNG+키/XSV+ETN"
          },
          {
            "id": 30,
            "text": "2 : 근데 문제 있는 강아지들 너무 많더라~ 문제 있는 주인들도 많고~",
            "norm_text": "근데 문제 있는 강아지들 너무 많더라~ 문제 있는 주인들도 많고~",
            "speaker": {
              "id": "2번",
              "sex": "여성",
              "age": "30대"
            },
            "speechAct": "(단언) 주장하기",
            "morpheme": "근데/MAJ+문제/NNG+있/VA+는/ETM+강아지/NNG+들/XSN+너무/MAG+많/VA+더라/EC+~/SY+문제/NNG+있/VA+는/ETM+주인/NNG+들/XSN+도/JX+많/VA+고/EC+~/SY"
          },
          {
            "id": 31,
            "text": "3 : 난 강아지 처음 키웠을 때가 내가 초등학교 다닐 때여서 정말 뭐 교육 시키고 이런 게 없었는데 요즘에는 유튜브에도 쉽게 어떻게 훈육해야 하는지 다 나오니까 그래도 옛날보다는 좋은 거 같애 ㅠㅠ",
            "norm_text": "난 강아지 처음 키웠을 때가 내가 초등학교 다닐 때여서 정말 뭐 교육 시키고 이런 게 없었는데 요즘에는 유튜브에도 쉽게 어떻게 훈육해야 하는지 다 나오니까 그래도 옛날보다는 좋은 거 같애 ㅠㅠ",
            "speaker": {
              "id": "3번",
              "sex": "여성",
              "age": "20대"
            },
            "speechAct": "(단언) 주장하기",
            "morpheme": "난/NP+JX+강아지/NNG+처음/NNG+키웠/VV+EP+을/ETM+때/NNG+가/JKS+내/NP+가/JKS+초등/NNG+학교/NNG+다닐/VV+ETM+때/NNG+여서/VCP+EC+정말/MAG+뭐/IC+교육/NNG+시키/XSV+고/EC+이런/MM+게/NNB+JKS+없/VA+었/EP+는데/EC+요즘/NNG+에/JKB+는/JX+유튜브/NNP+에/JKB+도/JX+쉽/VA+게/EC+어떻게/MAG+훈육/NNG+해야/XSV+EC+하/VV+는지/EC+다/MAG+나오/VV+니까/EC+그래도/VV+EC+옛날/NNG+보다/JKB+는/JX+좋/VA+은/ETM+거/NNB+같/VA+애/EF+ㅠㅠ/UNKNOWN"
          },
          {
            "id": 32,
            "text": "1 : 그치 나도 초등학교 다닐 때 키웠었는데 지금 보면 강아지가 싫어하는 행동 되게 많이 했던 거 같음 키키",
            "norm_text": "그치 나도 초등학교 다닐 때 키웠었는데 지금 보면 강아지가 싫어하는 행동 되게 많이 했던 거 같음 키키",
            "speaker": {
              "id": "1번",
              "sex": "여성",
              "age": "20대"
            },
            "speechAct": "(단언) 진술하기",
            "morpheme": "그치/IC+나/NP+도/JX+초등/NNG+학교/NNG+다닐/VV+ETM+때/NNG+키웠었/VV+EP+는데/EC+지금/MAG+보/VV+면/EC+강아지/NNG+가/JKS+싫/VA+어/EC+하/VV+는/ETM+행동/NNG+되게/MAG+많이/MAG+했/VV+EP+던/ETM+거/NNB+같/VA+음/ETN+키/NNG+키/XSV+ETN"
          },
          {
            "id": 33,
            "text": "1 : 유튜브가 그때도 있었으면 좋았을걸",
            "norm_text": "유튜브가 그때도 있었으면 좋았을걸",
            "speaker": {
              "id": "1번",
              "sex": "여성",
              "age": "20대"
            },
            "speechAct": "(단언) 주장하기",
            "morpheme": "유튜브/NNP+가/JKS+그때/NNG+도/JX+있/VA+었/EP+으면/EC+좋/VA+았/EP+을/ETM+걸/NNB+JKO"
          },
          {
            "id": 34,
            "text": "2 : 나 얼은 빵 먹는 거 불쌍해서 안 얼은 빵으로 바꿔 주다가 개한테 물렸었다~ㅠㅠ",
            "norm_text": "나 얼은 빵 먹는 거 불쌍해서 안 얼은 빵으로 바꿔 주다가 개한테 물렸었다~ㅠㅠ",
            "speaker": {
              "id": "2번",
              "sex": "여성",
              "age": "30대"
            },
            "speechAct": "(단언) 진술하기",
            "morpheme": "나얼/NNP+은/JX+빵/NNG+먹/VV+는/ETM+거/NNB+불쌍/XR+해서/XSA+EC+안/MAG+얼/VV+은/ETM+빵/NNG+으로/JKB+바꿔/VV+EC+주/VX+다가/EC+개/NNG+한테/JKB+물렸/VV+EP+었/EP+다/EC+~/SY+ㅠㅠ/UNKNOWN"
          },
          {
            "id": 35,
            "text": "3 : 주변에 고양이 키우는 사람 있어?",
            "norm_text": "주변에 고양이 키우는 사람 있어?",
            "speaker": {
              "id": "3번",
              "sex": "여성",
              "age": "20대"
            },
            "speechAct": "(지시) 질문하기",
            "morpheme": "주변/NNG+에/JKB+고양이/NNG+키우/VV+는/ETM+사람/NNG+있/VA+어/EF"
          },
          {
            "id": 36,
            "text": "1 : 웅 내 친구 키워!",
            "norm_text": "웅 내 친구 키워!",
            "speaker": {
              "id": "1번",
              "sex": "여성",
              "age": "20대"
            },
            "speechAct": "(단언) 진술하기",
            "morpheme": "웅/IC+내/NP+JKG+친구/NNG+키워/VV+EF"
          },
          {
            "id": 37,
            "text": "1 : 근데 개냥이가 아니야... 우리한테 안 오더라구 ㅠㅠ",
            "norm_text": "근데 개냥이가 아니야... 우리한테 안 오더라구 ㅠㅠ",
            "speaker": {
              "id": "1번",
              "sex": "여성",
              "age": "20대"
            },
            "speechAct": "(단언) 주장하기",
            "morpheme": "근데/MAJ+개/NNBC+냥/NNBC+이/VCP+가/JKC+아니/VCN+야/EF+./SY+우리/NP+한테/JKB+안/MAG+오/VV+더라구/EF+ㅠㅠ/UNKNOWN"
          },
          {
            "id": 38,
            "text": "2 : 우리 친척 오빠~ 혼자 살 때는 베란다 전체가 고양이 집이었어 완벽하게 꾸며진~",
            "norm_text": "우리 친척 오빠~ 혼자 살 때는 베란다 전체가 고양이 집이었어 완벽하게 꾸며진~",
            "speaker": {
              "id": "2번",
              "sex": "여성",
              "age": "30대"
            },
            "speechAct": "(단언) 진술하기",
            "morpheme": "우리/NP+친척/NNG+오빠/NNG+~/SY+혼자/NNG+살/VV+ETM+때/NNG+는/JX+베란다/NNG+전체/NNG+가/JKS+고양이/NNG+집/NNG+이/VCP+었/EP+어/EC+완벽/NNG+하/XSV+게/EC+꾸며진/VV+EC+VX+ETM+~/SY"
          },
          {
            "id": 39,
            "text": "3 : 오 생각보다 많이 키우기는 하네!",
            "norm_text": "오 생각보다 많이 키우기는 하네!",
            "speaker": {
              "id": "3번",
              "sex": "여성",
              "age": "20대"
            },
            "speechAct": "(단언) 주장하기",
            "morpheme": "오/NR+생각/NNG+보다/JKB+많이/MAG+키우/VV+기/ETN+는/JX+하/VV+네/EF"
          },
          {
            "id": 40,
            "text": "3 : 캣타워 한번 보고 싶당",
            "norm_text": "캣타워 한번 보고 싶당",
            "speaker": {
              "id": "3번",
              "sex": "여성",
              "age": "20대"
            },
            "speechAct": "(단언) 주장하기",
            "morpheme": "캣/NNP+타워/NNG+한/MM+번/NNBC+보/VV+고/EC+싶/VX+당/EF"
          }
        ]
      }
    }
  ]
}