{
  "dataset": {
    "identifier": 97864,
    "name": "BAND_38_17_set",
    "src_path": "/data/file/cubeManager/PROJECT001/77/txt20211027150101075992/BAND_38_17_set/",
    "label_path": "/data/file/cubeManager/PROJECT001/77/txt20211027150101075992/BAND_38_17_set/",
    "category": 2,
    "type": 0
  },
  "licenses": {
    "name": "Apache License 1.0",
    "url": "http://www.apache.org/licenses/LICENSE-1.0"
  },
  "info": [
    {
      "id": 96677,
      "filename": "BAND_38_17.txt",
      "title": "BAND_38_17",
      "mediatype": "SNS",
      "medianame": "네이버밴드",
      "category": "일상대화",
      "date": "2021-10-27",
      "size": 537,
      "annotations": {
        "subject": "건강",
        "speaker_type": "다자간 대화",
        "size": 537,
        "word_size": 161,
        "text": "1 : 요즘 체력이 할머니 체력이야\n2 : ㅇㅈ 키키 나이들수록 하루하루 죽어가용\n3 : 키키 아 그래도 젊은데 건강해야지\n1 : 키키 몸이 말을 안들어 다 아파\n2 : ㅇㅈ 24살부터 혈압 올라가고 키키 후,\n2 : 나이는 이렇게 먹는구나,^^디스크에,\n3 : 에이 그래두 관리하면 좋아져! 키키\n1 : 어떻게 해야해? 키키\n1 : 영양제만 엄청 먹는중\n2 : ㅇㅈ 가족력이 너무 쎄서 일단 오메가쓰리는 섭취중;\n3 : 운동도 하구! 피부에 좋은 것도 챙기구 그러는거지 하하\n1 : 오메가 나도 꼭 챙겨먹는다규 키키\n2 : 키키 ㅋ ㅋ 키키 오메가 루테인 비타민씨 샌시아 콜라겐 유산균 다 먹음.\n2 : 근데 운동은 못 하겠오\u003e\u003c\n3 : 우와 난 유산균만 좀 챙기는데!\n1 : 일 끝나고 오면 체력 방전 키키\n2 : 키키 진심 ㅜㅜ운동해야 채력이 는다는데 운동하면 죽을 거 같던데요...?\n3 : 그것이 운동의 매...력이라고 할뻔...\n1 : 운동에 매력 아직 발견의 발도 못했어 키키\n2 : 운동의 매력이지,매,력, 날 때리는 맴매 같은 힘\n3 : 키키 건강하려면 그것 또한 해야한다니...",
        "lines": [
          {
            "id": 1,
            "text": "1 : 요즘 체력이 할머니 체력이야",
            "norm_text": "요즘 체력이 할머니 체력이야",
            "speaker": {
              "id": "1번",
              "sex": "여성",
              "age": "20대"
            },
            "speechAct": "(단언) 주장하기",
            "morpheme": "요즘/NNG+체력/NNG+이/JKS+할머니/NNG+체력/NNG+이/VCP+야/EC"
          },
          {
            "id": 2,
            "text": "2 : ㅇㅈ 키키 나이들수록 하루하루 죽어가용",
            "norm_text": "ㅇㅈ 키키 나이들수록 하루하루 죽어가용",
            "speaker": {
              "id": "2번",
              "sex": "여성",
              "age": "20대"
            },
            "speechAct": "(단언) 주장하기",
            "morpheme": "ㅇㅈ/UNKNOWN+키/NNG+키나/XSA+ETN+JX+이/NP+들/XSN+수록/NNG+하루하루/MAG+죽/VV+어/EC+가용/NNG"
          },
          {
            "id": 3,
            "text": "3 : 키키 아 그래도 젊은데 건강해야지",
            "norm_text": "키키 아 그래도 젊은데 건강해야지",
            "speaker": {
              "id": "3번",
              "sex": "남성",
              "age": "20대"
            },
            "speechAct": "(단언) 주장하기",
            "morpheme": "키/NNG+키/VV+아/EC+그래도/VV+EC+젊/VA+은데/EC+건강/NNG+해야지/XSV+EC"
          },
          {
            "id": 4,
            "text": "1 : 키키 몸이 말을 안들어 다 아파",
            "norm_text": "키키 몸이 말을 안들어 다 아파",
            "speaker": {
              "id": "1번",
              "sex": "여성",
              "age": "20대"
            },
            "speechAct": "(단언) 주장하기",
            "morpheme": "키/NNG+키/NNG+몸/NNG+이/JKS+말/NNG+을/JKO+안/MAG+들/VV+어/EC+다/MAG+아파/VA+EC"
          },
          {
            "id": 5,
            "text": "2 : ㅇㅈ 24살부터 혈압 올라가고 키키 후,",
            "norm_text": "ㅇㅈ 24살부터 혈압 올라가고 키키 후,",
            "speaker": {
              "id": "2번",
              "sex": "여성",
              "age": "20대"
            },
            "speechAct": "(단언) 진술하기",
            "morpheme": "ㅇㅈ/UNKNOWN+24/SN+살/NNBC+부터/JX+혈압/NNG+올라가/VV+고/EC+키/NNG+키/NNG+후/NNG+,/SC"
          },
          {
            "id": 6,
            "text": "2 : 나이는 이렇게 먹는구나,^^디스크에,",
            "norm_text": "나이는 이렇게 먹는구나,^^디스크에,",
            "speaker": {
              "id": "2번",
              "sex": "여성",
              "age": "20대"
            },
            "speechAct": "(단언) 주장하기",
            "morpheme": "나이/NNG+는/JX+이렇게/MAG+먹/VV+는구나/EF+,/SC+^/SY+^/SY+디스크/NNG+에/JKB+,/SC"
          },
          {
            "id": 7,
            "text": "3 : 에이 그래두 관리하면 좋아져! 키키",
            "norm_text": "에이 그래두 관리하면 좋아져! 키키",
            "speaker": {
              "id": "3번",
              "sex": "남성",
              "age": "20대"
            },
            "speechAct": "(단언) 주장하기",
            "morpheme": "에이/IC+그래두/MAJ+관리/NNG+하/XSV+면/EC+좋/VA+아/EC+져/VX+EF+키/NNG+키/XSV+ETN"
          },
          {
            "id": 8,
            "text": "1 : 어떻게 해야해? 키키",
            "norm_text": "어떻게 해야해? 키키",
            "speaker": {
              "id": "1번",
              "sex": "여성",
              "age": "20대"
            },
            "speechAct": "(지시) 질문하기",
            "morpheme": "어떻게/MAG+해야/VV+EC+해/VX+EF+키/NNG+키/XSV+ETN"
          },
          {
            "id": 9,
            "text": "1 : 영양제만 엄청 먹는중",
            "norm_text": "영양제만 엄청 먹는중",
            "speaker": {
              "id": "1번",
              "sex": "여성",
              "age": "20대"
            },
            "speechAct": "(단언) 진술하기",
            "morpheme": "영양제/NNG+만/JX+엄청/MAG+먹/VV+는/ETM+중/NNB"
          },
          {
            "id": 10,
            "text": "2 : ㅇㅈ 가족력이 너무 쎄서 일단 오메가쓰리는 섭취중;",
            "norm_text": "ㅇㅈ 가족력이 너무 쎄서 일단 오메가쓰리는 섭취중;",
            "speaker": {
              "id": "2번",
              "sex": "여성",
              "age": "20대"
            },
            "speechAct": "(단언) 진술하기",
            "morpheme": "ㅇㅈ가족력이너무쎄서일단오메가쓰리는섭취중/UNKNOWN+;/SY"
          },
          {
            "id": 11,
            "text": "3 : 운동도 하구! 피부에 좋은 것도 챙기구 그러는거지 하하",
            "norm_text": "운동도 하구! 피부에 좋은 것도 챙기구 그러는거지 하하",
            "speaker": {
              "id": "3번",
              "sex": "남성",
              "age": "20대"
            },
            "speechAct": "(단언) 주장하기",
            "morpheme": "운동/NNG+도/JX+하/VV+구/EC+!/SY+피부/NNG+에/JKB+좋/VA+은/ETM+것/NNB+도/JX+챙기/VV+구/EC+그러/VV+는/ETM+거/NNB+지하/NNG+하/XSV"
          },
          {
            "id": 12,
            "text": "1 : 오메가 나도 꼭 챙겨먹는다규 키키",
            "norm_text": "오메가 나도 꼭 챙겨먹는다규 키키",
            "speaker": {
              "id": "1번",
              "sex": "여성",
              "age": "20대"
            },
            "speechAct": "(단언) 진술하기",
            "morpheme": "오메가/NNG+나/NP+도/JX+꼭/MAG+챙겨/VV+EC+먹/VV+는다/EC+규/NNG+키/NNG+키/XSV+ETN"
          },
          {
            "id": 13,
            "text": "2 : 키키 ㅋ ㅋ 키키 오메가 루테인 비타민씨 샌시아 콜라겐 유산균 다 먹음.",
            "norm_text": "키키 ㅋ ㅋ 키키 오메가 루테인 비타민씨 샌시아 콜라겐 유산균 다 먹음.",
            "speaker": {
              "id": "2번",
              "sex": "여성",
              "age": "20대"
            },
            "speechAct": "(단언) 진술하기",
            "morpheme": "키/NNG+키/XSV+ETN+ㅋㅋ/UNKNOWN+키/NNG+키/NNG+오메가/NNG+루테인/NNG+비타민/NNP+씨/NNB+샌/VV+ETM+시아/NNG+콜라겐/NNG+유산균/NNG+다/MAG+먹/VV+음/ETN"
          },
          {
            "id": 14,
            "text": "2 : 근데 운동은 못 하겠오\u003e\u003c",
            "norm_text": "근데 운동은 못 하겠오\u003e\u003c",
            "speaker": {
              "id": "2번",
              "sex": "여성",
              "age": "20대"
            },
            "speechAct": "(단언) 주장하기",
            "morpheme": "근데/MAJ+운동/NNG+은/JX+못/MAG+하/VV+겠/EP+오/EC+\u003e/SY+\u003c/SY"
          },
          {
            "id": 15,
            "text": "3 : 우와 난 유산균만 좀 챙기는데!",
            "norm_text": "우와 난 유산균만 좀 챙기는데!",
            "speaker": {
              "id": "3번",
              "sex": "남성",
              "age": "20대"
            },
            "speechAct": "(단언) 진술하기",
            "morpheme": "우와/IC+난/NP+JX+유산균/NNG+만/JX+좀/MAG+챙기/VV+는데/EC"
          },
          {
            "id": 16,
            "text": "1 : 일 끝나고 오면 체력 방전 키키",
            "norm_text": "일 끝나고 오면 체력 방전 키키",
            "speaker": {
              "id": "1번",
              "sex": "여성",
              "age": "20대"
            },
            "speechAct": "(단언) 주장하기",
            "morpheme": "일/NR+끝/NNG+나/VV+고/EC+오/VV+면/EC+체력/NNG+방전/NNG+키/NNG+키/XSV+ETN"
          },
          {
            "id": 17,
            "text": "2 : 키키 진심 ㅜㅜ운동해야 채력이 는다는데 운동하면 죽을 거 같던데요...?",
            "norm_text": "키키 진심 ㅜㅜ운동해야 채력이 는다는데 운동하면 죽을 거 같던데요...?",
            "speaker": {
              "id": "2번",
              "sex": "여성",
              "age": "20대"
            },
            "speechAct": "(단언) 주장하기",
            "morpheme": "키키진심ㅜㅜ운동해야채력이는다는데운동하면죽을거같던데요/UNKNOWN+./SY+./SY"
          },
          {
            "id": 18,
            "text": "3 : 그것이 운동의 매...력이라고 할뻔...",
            "norm_text": "그것이 운동의 매...력이라고 할뻔...",
            "speaker": {
              "id": "3번",
              "sex": "남성",
              "age": "20대"
            },
            "speechAct": "(단언) 주장하기",
            "morpheme": "그것/NP+이/JKS+운동/NNG+의/JKG+매/VV+EF+./SY+력/NNG+이/VCP+라고/EC+할/VX+ETM+뻔/NNB+./SY"
          },
          {
            "id": 19,
            "text": "1 : 운동에 매력 아직 발견의 발도 못했어 키키",
            "norm_text": "운동에 매력 아직 발견의 발도 못했어 키키",
            "speaker": {
              "id": "1번",
              "sex": "여성",
              "age": "20대"
            },
            "speechAct": "(단언) 주장하기",
            "morpheme": "운동/NNG+에/JKB+매력/NNG+아직/MAG+발견/NNG+의/JKG+발/NNG+도/JX+못/MAG+했/VV+EP+어/EC+키/NNG+키/XSV+ETN"
          },
          {
            "id": 20,
            "text": "2 : 운동의 매력이지,매,력, 날 때리는 맴매 같은 힘",
            "norm_text": "운동의 매력이지,매,력, 날 때리는 맴매 같은 힘",
            "speaker": {
              "id": "2번",
              "sex": "여성",
              "age": "20대"
            },
            "speechAct": "(단언) 주장하기",
            "morpheme": "운동/NNG+의/JKG+매력/NNG+이/VCP+지/EF+,/SC+매/MAG+,/SC+력/NNG+,/SC+날/NP+JKO+때리/VV+는/ETM+맴매/NNG+같/VA+은/ETM+힘/NNG"
          },
          {
            "id": 21,
            "text": "3 : 키키 건강하려면 그것 또한 해야한다니...",
            "norm_text": "키키 건강하려면 그것 또한 해야한다니...",
            "speaker": {
              "id": "3번",
              "sex": "남성",
              "age": "20대"
            },
            "speechAct": "(단언) 주장하기",
            "morpheme": "키/NNG+키/NNG+건강/NNG+하/XSV+려면/EC+그것/NP+또한/MAJ+해야/VV+EC+한다니/VX+EF+./SY"
          }
        ]
      }
    }
  ]
}