{
  "dataset": {
    "identifier": 122351,
    "name": "BAND_45_17_set",
    "src_path": "/data/file/cubeManager/PROJECT001/80/txt20211103154613080932/BAND_45_17_set/",
    "label_path": "/data/file/cubeManager/PROJECT001/80/txt20211103154613080932/BAND_45_17_set/",
    "category": 2,
    "type": 0
  },
  "licenses": {
    "name": "Apache License 1.0",
    "url": "http://www.apache.org/licenses/LICENSE-1.0"
  },
  "info": [
    {
      "id": 135512,
      "filename": "BAND_45_17.txt",
      "title": "BAND_45_17",
      "mediatype": "SNS",
      "medianame": "네이버밴드",
      "category": "일상대화",
      "date": "2021-11-03",
      "size": 518,
      "annotations": {
        "subject": "건강",
        "speaker_type": "다자간 대화",
        "size": 518,
        "word_size": 178,
        "text": "1 : 낼 아침은 건강하게 케일주스 먹어야지\n2 : 캬 캐일주스 맛있지 키키\n2 : 건강음료인데 맛은 진짜 좋더라 키키\n3 : 우웩\n3 : 케일주스 대박 싫어\n1 : 난 만들 때 바나나 많이 넣어 키키\n2 : 엥 케일주스 완전 맛있던데 키키\n3 : 완전 쓰잖아\n3 : 뭘 넣어도 써\n1 : 키키 사과랑 바나나 듬뿍 넣어 하하\n2 : 맞어\n2 : 사과랑 이런 거 넣어 먹으면 맛있어 달달하니 키키\n3 : 휴 나만 그거 안 좋아해?\n1 : 장이 안 좋아서 아침마다 잘 해 먹었었는데 키키\n2 : 맞어\n2 : 케일 몸에 엄청 좋다고 하던데\n2 : 나는 직접 해 먹어도 봤고 카페에서 먹어도 봤는데 키키\n3 : 케일 먹으면 장 좋아져?\n1 : 키키 웅 그렇다더라 키키\n1 : 근데 넘 귀찮어\n2 : 케일이 몸에 있는 독소도 빼주고 엄청 좋게\n3 : 나도 이번에 다이어트 하는데 준비해볼까\n1 : 아침용으로 추천 키키\n1 : 나도 다시 시작해보려고!\n2 : 다이어트에는 케일 말고 채소를 많이 먹어야 해\n2 : 닭가슴살이랑 현미밥이랑 키키\n3 : 채소 맛없는데 뭐 뭐 먹어야 해 ?",
        "lines": [
          {
            "id": 1,
            "text": "1 : 낼 아침은 건강하게 케일주스 먹어야지",
            "norm_text": "낼 아침은 건강하게 케일주스 먹어야지",
            "speaker": {
              "id": "1번",
              "sex": "여성",
              "age": "20대"
            },
            "speechAct": "(단언) 주장하기",
            "morpheme": "낼/NP+JKO+아침/NNG+은/JX+건강/NNG+하/XSV+게/EC+케일/NNG+주스/NNG+먹/VV+어야지/EC"
          },
          {
            "id": 2,
            "text": "2 : 캬 캐일주스 맛있지 키키",
            "norm_text": "캬 캐일주스 맛있지 키키",
            "speaker": {
              "id": "2번",
              "sex": "남성",
              "age": "20대"
            },
            "speechAct": "(단언) 진술하기",
            "morpheme": "캬/IC+캐/XPN+일/NR+주스/NNG+맛있/VA+지/EC+키/NNG+키/XSV+ETN"
          },
          {
            "id": 3,
            "text": "2 : 건강음료인데 맛은 진짜 좋더라 키키",
            "norm_text": "건강음료인데 맛은 진짜 좋더라 키키",
            "speaker": {
              "id": "2번",
              "sex": "남성",
              "age": "20대"
            },
            "speechAct": "(단언) 진술하기",
            "morpheme": "건강/NNG+음료/NNG+인데/VCP+EC+맛/NNG+은/JX+진짜/MAG+좋/VA+더라/EC+키/NNG+키/XSV+ETN"
          },
          {
            "id": 4,
            "text": "3 : 우웩",
            "norm_text": "우웩",
            "speaker": {
              "id": "3번",
              "sex": "남성",
              "age": "20대"
            },
            "speechAct": "(단언) 진술하기",
            "morpheme": "우/IC+웩/MAG"
          },
          {
            "id": 5,
            "text": "3 : 케일주스 대박 싫어",
            "norm_text": "케일주스 대박 싫어",
            "speaker": {
              "id": "3번",
              "sex": "남성",
              "age": "20대"
            },
            "speechAct": "(단언) 진술하기",
            "morpheme": "케일/NNG+주스/NNG+대박/NNG+싫/VA+어/EC"
          },
          {
            "id": 6,
            "text": "1 : 난 만들 때 바나나 많이 넣어 키키",
            "norm_text": "난 만들 때 바나나 많이 넣어 키키",
            "speaker": {
              "id": "1번",
              "sex": "여성",
              "age": "20대"
            },
            "speechAct": "(단언) 주장하기",
            "morpheme": "난/NP+JX+만들/VV+ETM+때/NNG+바나나/NNG+많이/MAG+넣/VV+어/EC+키/NNG+키/XSV+ETN"
          },
          {
            "id": 7,
            "text": "2 : 엥 케일주스 완전 맛있던데 키키",
            "norm_text": "엥 케일주스 완전 맛있던데 키키",
            "speaker": {
              "id": "2번",
              "sex": "남성",
              "age": "20대"
            },
            "speechAct": "(단언) 진술하기",
            "morpheme": "엥/IC+케일/NNG+주스/NNG+완전/NNG+맛있/VA+던데/EC+키/NNG+키/XSV+ETN"
          },
          {
            "id": 8,
            "text": "3 : 완전 쓰잖아",
            "norm_text": "완전 쓰잖아",
            "speaker": {
              "id": "3번",
              "sex": "남성",
              "age": "20대"
            },
            "speechAct": "(단언) 진술하기",
            "morpheme": "완전/MAG+쓰/VV+잖아/EC"
          },
          {
            "id": 9,
            "text": "3 : 뭘 넣어도 써",
            "norm_text": "뭘 넣어도 써",
            "speaker": {
              "id": "3번",
              "sex": "남성",
              "age": "20대"
            },
            "speechAct": "(단언) 진술하기",
            "morpheme": "뭘/NP+JKO+넣/VV+어도/EC+써/VV+EC"
          },
          {
            "id": 10,
            "text": "1 : 키키 사과랑 바나나 듬뿍 넣어 하하",
            "norm_text": "키키 사과랑 바나나 듬뿍 넣어 하하",
            "speaker": {
              "id": "1번",
              "sex": "여성",
              "age": "20대"
            },
            "speechAct": "(단언) 주장하기",
            "morpheme": "키/NNG+키/NNG+사과/NNG+랑/JKB+바나나/NNG+듬뿍/MAG+넣/VV+어/EC+하하/MAG"
          },
          {
            "id": 11,
            "text": "2 : 맞어",
            "norm_text": "맞어",
            "speaker": {
              "id": "2번",
              "sex": "남성",
              "age": "20대"
            },
            "speechAct": "턴토크 사인(관습적 반응)",
            "morpheme": "맞/VV+어/EC"
          },
          {
            "id": 12,
            "text": "2 : 사과랑 이런 거 넣어 먹으면 맛있어 달달하니 키키",
            "norm_text": "사과랑 이런 거 넣어 먹으면 맛있어 달달하니 키키",
            "speaker": {
              "id": "2번",
              "sex": "남성",
              "age": "20대"
            },
            "speechAct": "(단언) 주장하기",
            "morpheme": "사과/NNG+랑/JC+이런/MM+거/NNB+넣/VV+어/EC+먹/VV+으면/EC+맛있/VA+어/EC+달달/MAG+하/VV+니/EC+키/NNG+키/XSV+ETN"
          },
          {
            "id": 13,
            "text": "3 : 휴 나만 그거 안 좋아해?",
            "norm_text": "휴 나만 그거 안 좋아해?",
            "speaker": {
              "id": "3번",
              "sex": "남성",
              "age": "20대"
            },
            "speechAct": "(지시) 질문하기",
            "morpheme": "휴/IC+나/NP+만/JX+그거/NP+안/MAG+좋/VA+아/EC+해/VX+EF"
          },
          {
            "id": 14,
            "text": "1 : 장이 안 좋아서 아침마다 잘 해 먹었었는데 키키",
            "norm_text": "장이 안 좋아서 아침마다 잘 해 먹었었는데 키키",
            "speaker": {
              "id": "1번",
              "sex": "여성",
              "age": "20대"
            },
            "speechAct": "(단언) 진술하기",
            "morpheme": "장/NNG+이/JKS+안/MAG+좋/VA+아서/EC+아침/NNG+마다/JX+잘/MAG+해/VV+EC+먹/VV+었었/EP+는데/EC+키/NNG+키/XSV+ETN"
          },
          {
            "id": 15,
            "text": "2 : 맞어",
            "norm_text": "맞어",
            "speaker": {
              "id": "2번",
              "sex": "남성",
              "age": "20대"
            },
            "speechAct": "턴토크 사인(관습적 반응)",
            "morpheme": "맞/VV+어/EC"
          },
          {
            "id": 16,
            "text": "2 : 케일 몸에 엄청 좋다고 하던데",
            "norm_text": "케일 몸에 엄청 좋다고 하던데",
            "speaker": {
              "id": "2번",
              "sex": "남성",
              "age": "20대"
            },
            "speechAct": "(단언) 진술하기",
            "morpheme": "케일/NNG+몸/NNG+에/JKB+엄청/MAG+좋/VA+다고/EC+하/VV+던데/EC"
          },
          {
            "id": 17,
            "text": "2 : 나는 직접 해 먹어도 봤고 카페에서 먹어도 봤는데 키키",
            "norm_text": "나는 직접 해 먹어도 봤고 카페에서 먹어도 봤는데 키키",
            "speaker": {
              "id": "2번",
              "sex": "남성",
              "age": "20대"
            },
            "speechAct": "(단언) 주장하기",
            "morpheme": "나/NP+는/JX+직접/MAG+해/VV+EC+먹/VV+어도/EC+봤/VX+EP+고/EC+카페/NNG+에서/JKB+먹/VV+어도/EC+봤/VX+EP+는데/EC+키/NNG+키/XSV+ETN"
          },
          {
            "id": 18,
            "text": "3 : 케일 먹으면 장 좋아져?",
            "norm_text": "케일 먹으면 장 좋아져?",
            "speaker": {
              "id": "3번",
              "sex": "남성",
              "age": "20대"
            },
            "speechAct": "(지시) 질문하기",
            "morpheme": "케일/NNG+먹/VV+으면/EC+장/NNG+좋/VA+아/EC+져/VX+EF"
          },
          {
            "id": 19,
            "text": "1 : 키키 웅 그렇다더라 키키",
            "norm_text": "키키 웅 그렇다더라 키키",
            "speaker": {
              "id": "1번",
              "sex": "여성",
              "age": "20대"
            },
            "speechAct": "(단언) 진술하기",
            "morpheme": "키/NNG+키/NNG+웅/NNG+그렇/VA+다더라/EC+키/NNG+키/XSV+ETN"
          },
          {
            "id": 20,
            "text": "1 : 근데 넘 귀찮어",
            "norm_text": "근데 넘 귀찮어",
            "speaker": {
              "id": "1번",
              "sex": "여성",
              "age": "20대"
            },
            "speechAct": "(단언) 진술하기",
            "morpheme": "근데/MAJ+넘/MAG+귀찮/VA+어/EC"
          },
          {
            "id": 21,
            "text": "2 : 케일이 몸에 있는 독소도 빼주고 엄청 좋게",
            "norm_text": "케일이 몸에 있는 독소도 빼주고 엄청 좋게",
            "speaker": {
              "id": "2번",
              "sex": "남성",
              "age": "20대"
            },
            "speechAct": "(단언) 진술하기",
            "morpheme": "케일/NNG+이/JKS+몸/NNG+에/JKB+있/VV+는/ETM+독소/NNG+도/JX+빼/VV+EC+주/VX+고/EC+엄청/MAG+좋/VA+게/EC"
          },
          {
            "id": 22,
            "text": "3 : 나도 이번에 다이어트 하는데 준비해볼까",
            "norm_text": "나도 이번에 다이어트 하는데 준비해볼까",
            "speaker": {
              "id": "3번",
              "sex": "남성",
              "age": "20대"
            },
            "speechAct": "(단언) 주장하기",
            "morpheme": "나/NP+도/JX+이번/NNG+에/JKB+다이어트/NNG+하/XSV+는/ETM+데/NNB+준비/NNG+해/XSV+EC+볼까/VX+EC"
          },
          {
            "id": 23,
            "text": "1 : 아침용으로 추천 키키",
            "norm_text": "아침용으로 추천 키키",
            "speaker": {
              "id": "1번",
              "sex": "여성",
              "age": "20대"
            },
            "speechAct": "(단언) 주장하기",
            "morpheme": "아침/NNG+용/XSN+으로/JKB+추천/NNG+키/NNG+키/XSV+ETN"
          },
          {
            "id": 24,
            "text": "1 : 나도 다시 시작해보려고!",
            "norm_text": "나도 다시 시작해보려고!",
            "speaker": {
              "id": "1번",
              "sex": "여성",
              "age": "20대"
            },
            "speechAct": "(단언) 주장하기",
            "morpheme": "나/NP+도/JX+다시/MAG+시작/NNG+해/XSV+EC+보/VX+려고/EF"
          },
          {
            "id": 25,
            "text": "2 : 다이어트에는 케일 말고 채소를 많이 먹어야 해",
            "norm_text": "다이어트에는 케일 말고 채소를 많이 먹어야 해",
            "speaker": {
              "id": "2번",
              "sex": "남성",
              "age": "20대"
            },
            "speechAct": "(단언) 주장하기",
            "morpheme": "다이어트/NNG+에/JKB+는/JX+케일/NNG+말/VV+고/EC+채소/NNG+를/JKO+많이/MAG+먹/VV+어야/EC+해/VV+EC"
          },
          {
            "id": 26,
            "text": "2 : 닭가슴살이랑 현미밥이랑 키키",
            "norm_text": "닭가슴살이랑 현미밥이랑 키키",
            "speaker": {
              "id": "2번",
              "sex": "남성",
              "age": "20대"
            },
            "speechAct": "(단언) 진술하기",
            "morpheme": "닭/NNG+가슴살/NNG+이랑/JKB+현미밥/NNG+이랑/JKB+키/NNG+키/XSV+ETN"
          },
          {
            "id": 27,
            "text": "3 : 채소 맛없는데 뭐 뭐 먹어야 해 ?",
            "norm_text": "채소 맛없는데 뭐 뭐 먹어야 해 ?",
            "speaker": {
              "id": "3번",
              "sex": "남성",
              "age": "20대"
            },
            "speechAct": "(지시) 질문하기",
            "morpheme": "채소/NNG+맛없/VA+는데/EC+뭐/IC+뭐/IC+먹/VV+어야/EC+해/VX+EF"
          }
        ]
      }
    }
  ]
}