{
  "dataset": {
    "identifier": 21033,
    "name": "BAND_27_14_set",
    "src_path": "/data/file/cubeManager/PROJECT001/49/txt20210916151141059694/BAND_27_14_set/",
    "label_path": "/data/file/cubeManager/PROJECT001/49/txt20210916151141059694/BAND_27_14_set/",
    "category": 2,
    "type": 0
  },
  "licenses": {
    "name": "Apache License 1.0",
    "url": "http://www.apache.org/licenses/LICENSE-1.0"
  },
  "info": [
    {
      "id": 28584,
      "filename": "BAND_27_14.txt",
      "title": "BAND_27_14",
      "mediatype": "SNS",
      "medianame": "네이버밴드",
      "category": "일상대화",
      "date": "2021-09-16",
      "size": 463,
      "annotations": {
        "subject": "사회이슈",
        "speaker_type": "1:1",
        "size": 463,
        "word_size": 152,
        "text": "1 : 너 엊그제 뉴스 봤어?\n2 : 아니 보지 못했는데 무슨 일이 터졌구나\n1 : 너 그러면 형제 둘이 자기 할머니 죽인 기사 봤어?\n2 : 그런 얘기는 못 들었는데 심각하구나\n1 : 야 지금 기사 봐봐 진짜 세상이 말세야 ㅜㅜ\n2 : 그러네 어쩌다 그랬다니? 대충 알려줘 봐\n1 : 할머니가 자기한테 잔소리 했다고 형제 중 형이 칼로 찔렀대!\n2 : 그런  생각은 어떻게 나오는 걸까 진짜 ㅜㅜ\n1 : 그러니까 근데 동생은 그냥 보고만 있었다고 하더라.\n2 : 무서웠나 왜 그랬지?\n2 : 112에 전화라도 해 주지\n1 : 아니 동생이 지적 장애인가 있는 애래 ㅜㅜ\n2 : 헐 또 장애가 있어 ㅜㅜ 너무 슬프다\n1 : 응 그렇다고 하네 할아버지가 자기 손주들이 자기 부인을 찌른다고 경찰에 신고했대 ㅜㅜ\n2 : 아 할아버지도 계셨던 거야?\n1 : 응 근데 더 슬픈 건 두 분 다 거동이 불편하신 장애가 있으셨대 ㅜㅜ\n2 : 아 하필 또 왜 그럴까 슬프다",
        "lines": [
          {
            "id": 1,
            "text": "1 : 너 엊그제 뉴스 봤어?",
            "norm_text": "너 엊그제 뉴스 봤어?",
            "speaker": {
              "id": "1번",
              "sex": "여성",
              "age": "20대"
            },
            "speechAct": "(지시) 질문하기",
            "morpheme": "너/NP+엊그제/MAG+뉴스/NNG+봤/VV+EP+어/EF"
          },
          {
            "id": 2,
            "text": "2 : 아니 보지 못했는데 무슨 일이 터졌구나",
            "norm_text": "아니 보지 못했는데 무슨 일이 터졌구나",
            "speaker": {
              "id": "2번",
              "sex": "여성",
              "age": "20대"
            },
            "speechAct": "(단언) 주장하기",
            "morpheme": "아니/MAG+보/VV+지/EC+못했/VX+EP+는데/EC+무슨/MM+일/NNG+이/JKS+터졌/VV+EP+구나/EC"
          },
          {
            "id": 3,
            "text": "1 : 너 그러면 형제 둘이 자기 할머니 죽인 기사 봤어?",
            "norm_text": "너 그러면 형제 둘이 자기 할머니 죽인 기사 봤어?",
            "speaker": {
              "id": "1번",
              "sex": "여성",
              "age": "20대"
            },
            "speechAct": "(지시) 질문하기",
            "morpheme": "너/NP+그러/VV+면/EC+형제/NNG+둘/NR+이/JKS+자기/NP+할머니/NNG+죽인/VV+ETM+기사/NNG+봤/VV+EP+어/EF"
          },
          {
            "id": 4,
            "text": "2 : 그런 얘기는 못 들었는데 심각하구나",
            "norm_text": "그런 얘기는 못 들었는데 심각하구나",
            "speaker": {
              "id": "2번",
              "sex": "여성",
              "age": "20대"
            },
            "speechAct": "(단언) 주장하기",
            "morpheme": "그런/MM+얘기/NNG+는/JX+못/MAG+들/VV+었/EP+는데/EC+심각/XR+하/XSA+구나/EC"
          },
          {
            "id": 5,
            "text": "1 : 야 지금 기사 봐봐 진짜 세상이 말세야 ㅜㅜ",
            "norm_text": "야 지금 기사 봐봐 진짜 세상이 말세야 ㅜㅜ",
            "speaker": {
              "id": "1번",
              "sex": "여성",
              "age": "20대"
            },
            "speechAct": "(단언) 진술하기",
            "morpheme": "야/IC+지금/MAG+기사/NNG+봐/VV+EC+봐/VX+EF+진짜/MAG+세상/NNG+이/JKS+말세/NNG+야/VCP+EF+ㅜㅜ/UNKNOWN"
          },
          {
            "id": 6,
            "text": "2 : 그러네 어쩌다 그랬다니? 대충 알려줘 봐",
            "norm_text": "그러네 어쩌다 그랬다니? 대충 알려줘 봐",
            "speaker": {
              "id": "2번",
              "sex": "여성",
              "age": "20대"
            },
            "speechAct": "(지시) 명령/요구하기",
            "morpheme": "그러/VV+네/EF+어쩌다/MAJ+그랬/VV+EP+다니/EF+대충/MAG+알려줘/VV+EC+VX+EC+봐/VX+EC"
          },
          {
            "id": 7,
            "text": "1 : 할머니가 자기한테 잔소리 했다고 형제 중 형이 칼로 찔렀대!",
            "norm_text": "할머니가 자기한테 잔소리 했다고 형제 중 형이 칼로 찔렀대!",
            "speaker": {
              "id": "1번",
              "sex": "여성",
              "age": "20대"
            },
            "speechAct": "(단언) 진술하기",
            "morpheme": "할머니/NNG+가/JKS+자기/NP+한테/JKB+잔소리/NNG+했/XSV+EP+다고/EC+형제/NNG+중형/NNG+이/JKS+칼/NNG+로/JKB+찔렀/VV+EP+대/EF"
          },
          {
            "id": 8,
            "text": "2 : 그런  생각은 어떻게 나오는 걸까 진짜 ㅜㅜ",
            "norm_text": "그런  생각은 어떻게 나오는 걸까 진짜 ㅜㅜ",
            "speaker": {
              "id": "2번",
              "sex": "여성",
              "age": "20대"
            },
            "speechAct": "(단언) 주장하기",
            "morpheme": "그런/MM+생각/NNG+은/JX+어떻게/MAG+나오/VV+는/ETM+걸까/NNB+VCP+EF+진짜/MAG+ㅜㅜ/UNKNOWN"
          },
          {
            "id": 9,
            "text": "1 : 그러니까 근데 동생은 그냥 보고만 있었다고 하더라.",
            "norm_text": "그러니까 근데 동생은 그냥 보고만 있었다고 하더라.",
            "speaker": {
              "id": "1번",
              "sex": "여성",
              "age": "20대"
            },
            "speechAct": "(단언) 진술하기",
            "morpheme": "그러니까/MAJ+근데/MAJ+동생/NNG+은/JX+그냥/MAG+보/VV+고/EC+만/JX+있/VX+었/EP+다고/EC+하/VX+더라/EF"
          },
          {
            "id": 10,
            "text": "2 : 무서웠나 왜 그랬지?",
            "norm_text": "무서웠나 왜 그랬지?",
            "speaker": {
              "id": "2번",
              "sex": "여성",
              "age": "20대"
            },
            "speechAct": "(지시) 질문하기",
            "morpheme": "무서웠/VA+EP+나/EF+왜/MAG+그랬/VV+EP+지/EF"
          },
          {
            "id": 11,
            "text": "2 : 112에 전화라도 해 주지",
            "norm_text": "112에 전화라도 해 주지",
            "speaker": {
              "id": "2번",
              "sex": "여성",
              "age": "20대"
            },
            "speechAct": "(단언) 주장하기",
            "morpheme": "112/SN+에/JKB+전화/NNG+라도/VCP+EC+해/VV+EC+주/VX+지/EC"
          },
          {
            "id": 12,
            "text": "1 : 아니 동생이 지적 장애인가 있는 애래 ㅜㅜ",
            "norm_text": "아니 동생이 지적 장애인가 있는 애래 ㅜㅜ",
            "speaker": {
              "id": "1번",
              "sex": "여성",
              "age": "20대"
            },
            "speechAct": "(단언) 진술하기",
            "morpheme": "아니/IC+동생/NNG+이/JKS+지적/NNG+장애/NNG+인가/VCP+EC+있/VX+는/ETM+애/NNG+래/VCP+EF+ㅜㅜ/UNKNOWN"
          },
          {
            "id": 13,
            "text": "2 : 헐 또 장애가 있어 ㅜㅜ 너무 슬프다",
            "norm_text": "헐 또 장애가 있어 ㅜㅜ 너무 슬프다",
            "speaker": {
              "id": "2번",
              "sex": "여성",
              "age": "20대"
            },
            "speechAct": "(단언) 주장하기",
            "morpheme": "헐/IC+또/MAG+장애/NNG+가/JKS+있/VA+어/EC+ㅜㅜ/UNKNOWN+너무/MAG+슬프/VA+다/EC"
          },
          {
            "id": 14,
            "text": "1 : 응 그렇다고 하네 할아버지가 자기 손주들이 자기 부인을 찌른다고 경찰에 신고했대 ㅜㅜ",
            "norm_text": "응 그렇다고 하네 할아버지가 자기 손주들이 자기 부인을 찌른다고 경찰에 신고했대 ㅜㅜ",
            "speaker": {
              "id": "1번",
              "sex": "여성",
              "age": "20대"
            },
            "speechAct": "(단언) 진술하기",
            "morpheme": "응/IC+그렇/VA+다고/EC+하/VX+네/EF+할아버지/NNG+가/JKS+자기/NP+손주/NNG+들/XSN+이/JKS+자기/NP+부인/NNG+을/JKO+찌른다고/VV+EC+경찰/NNG+에/JKB+신고/NNG+했/XSV+EP+대/EF+ㅜㅜ/UNKNOWN"
          },
          {
            "id": 15,
            "text": "2 : 아 할아버지도 계셨던 거야?",
            "norm_text": "아 할아버지도 계셨던 거야?",
            "speaker": {
              "id": "2번",
              "sex": "여성",
              "age": "20대"
            },
            "speechAct": "(지시) 질문하기",
            "morpheme": "아/IC+할아버지/NNG+도/JX+계셨/VV+EP+던/ETM+거/NNB+야/VCP+EF"
          },
          {
            "id": 16,
            "text": "1 : 응 근데 더 슬픈 건 두 분 다 거동이 불편하신 장애가 있으셨대 ㅜㅜ",
            "norm_text": "응 근데 더 슬픈 건 두 분 다 거동이 불편하신 장애가 있으셨대 ㅜㅜ",
            "speaker": {
              "id": "1번",
              "sex": "여성",
              "age": "20대"
            },
            "speechAct": "(단언) 진술하기",
            "morpheme": "응/IC+근데/MAJ+더/MAG+슬픈/VA+ETM+건/NNB+JX+두/MM+분/NNBC+다/MAG+거동/NNG+이/JKS+불편/NNG+하/XSV+신/EP+ETM+장애/NNG+가/JKS+있/VA+으셨/EP+EP+대/EF+ㅜㅜ/UNKNOWN"
          },
          {
            "id": 17,
            "text": "2 : 아 하필 또 왜 그럴까 슬프다",
            "norm_text": "아 하필 또 왜 그럴까 슬프다",
            "speaker": {
              "id": "2번",
              "sex": "여성",
              "age": "20대"
            },
            "speechAct": "(단언) 주장하기",
            "morpheme": "아/IC+하필/MAG+또/MAG+왜/MAG+그럴까/VA+EC+슬프/VA+다/EC"
          }
        ]
      }
    }
  ]
}