{
  "dataset": {
    "identifier": 166843,
    "name": "BAND_28_01_set",
    "src_path": "/data/file/cubeManager/PROJECT001/49/txt20210917150513018612/BAND_28_01_set/",
    "label_path": "/data/file/cubeManager/PROJECT001/49/txt20210917150513018612/BAND_28_01_set/",
    "category": 2,
    "type": 0
  },
  "licenses": {
    "name": "Apache License 1.0",
    "url": "http://www.apache.org/licenses/LICENSE-1.0"
  },
  "info": [
    {
      "id": 29432,
      "filename": "BAND_28_01.txt",
      "title": "BAND_28_01",
      "mediatype": "SNS",
      "medianame": "네이버밴드",
      "category": "일상대화",
      "date": "2021-09-17",
      "size": 344,
      "annotations": {
        "subject": "식음료",
        "speaker_type": "1:1",
        "size": 344,
        "word_size": 118,
        "text": "1 : 너 오늘 아침 먹었어?\n2 : 난 오늘 아침으로 라면 먹었어!\n1 : 야 넌 무슨 아침부터 라면이냐?\n2 : 집에 쌀이 없어서 어쩔 수 없었어 ㅠ\n1 : 너 혼자서 먹은 거야?\n2 : 응 혼자서 매운 라면 먹었어!\n1 : 무슨 매운 라면 먹었어?\n2 : 너 틈새라면이라고 알고 있어?\n1 : 무슨 아침부터 틈새라면을 먹냐 키키\n2 : 야 틈새라면이 얼마나 맛있는데 하하\n1 : 틈새라면 아는데 한 번도 안 먹어봄 키키\n2 : 틈새라면에 떡이랑 계란 넣어 먹으면 존맛탱 키키\n1 : 그거 불닭 라면보다 매워?\n2 : 응 내 기준엔 더 매운 거 같아 키키\n1 : 그게 국물이 있어서 더 매운가 봐.\n2 : 응 너도 한번 먹어봐 키키 맛있어",
        "lines": [
          {
            "id": 1,
            "text": "1 : 너 오늘 아침 먹었어?",
            "norm_text": "너 오늘 아침 먹었어?",
            "speaker": {
              "id": "1번",
              "sex": "여성",
              "age": "20대"
            },
            "speechAct": "(지시) 질문하기",
            "morpheme": "너/NP+오늘/MAG+아침/NNG+먹/VV+었/EP+어/EF"
          },
          {
            "id": 2,
            "text": "2 : 난 오늘 아침으로 라면 먹었어!",
            "norm_text": "난 오늘 아침으로 라면 먹었어!",
            "speaker": {
              "id": "2번",
              "sex": "여성",
              "age": "20대"
            },
            "speechAct": "(단언) 진술하기",
            "morpheme": "난/NP+JX+오늘/MAG+아침/NNG+으로/JKB+라면/VCP+EC+먹/VV+었/EP+어/EF"
          },
          {
            "id": 3,
            "text": "1 : 야 넌 무슨 아침부터 라면이냐?",
            "norm_text": "야 넌 무슨 아침부터 라면이냐?",
            "speaker": {
              "id": "1번",
              "sex": "여성",
              "age": "20대"
            },
            "speechAct": "(단언) 주장하기",
            "morpheme": "야/IC+넌/NP+JX+무슨/MM+아침/NNG+부터/JX+라면/NNG+이/VCP+냐/EF"
          },
          {
            "id": 4,
            "text": "2 : 집에 쌀이 없어서 어쩔 수 없었어 ㅠ",
            "norm_text": "집에 쌀이 없어서 어쩔 수 없었어 ㅠ",
            "speaker": {
              "id": "2번",
              "sex": "여성",
              "age": "20대"
            },
            "speechAct": "(단언) 주장하기",
            "morpheme": "집/NNG+에/JKB+쌀/NNG+이/JKS+없/VA+어서/EC+어쩔/VV+ETM+수/NNB+없/VA+었/EP+어ㅠ/UNKNOWN"
          },
          {
            "id": 5,
            "text": "1 : 너 혼자서 먹은 거야?",
            "norm_text": "너 혼자서 먹은 거야?",
            "speaker": {
              "id": "1번",
              "sex": "여성",
              "age": "20대"
            },
            "speechAct": "(지시) 질문하기",
            "morpheme": "너/NP+혼자/NNG+서/JKB+먹/VV+은/ETM+거/NNB+야/VCP+EF"
          },
          {
            "id": 6,
            "text": "2 : 응 혼자서 매운 라면 먹었어!",
            "norm_text": "응 혼자서 매운 라면 먹었어!",
            "speaker": {
              "id": "2번",
              "sex": "여성",
              "age": "20대"
            },
            "speechAct": "(단언) 진술하기",
            "morpheme": "응/IC+혼자/NNG+서/JKB+매운/VA+ETM+라면/NNG+먹/VV+었/EP+어/EF"
          },
          {
            "id": 7,
            "text": "1 : 무슨 매운 라면 먹었어?",
            "norm_text": "무슨 매운 라면 먹었어?",
            "speaker": {
              "id": "1번",
              "sex": "여성",
              "age": "20대"
            },
            "speechAct": "(지시) 질문하기",
            "morpheme": "무슨/MM+매운/VA+ETM+라면/NNG+먹/VV+었/EP+어/EF"
          },
          {
            "id": 8,
            "text": "2 : 너 틈새라면이라고 알고 있어?",
            "norm_text": "너 틈새라면이라고 알고 있어?",
            "speaker": {
              "id": "2번",
              "sex": "여성",
              "age": "20대"
            },
            "speechAct": "(지시) 질문하기",
            "morpheme": "너/NP+틈새/NNG+라면/NNG+이/VCP+라고/EC+알/VV+고/EC+있/VX+어/EF"
          },
          {
            "id": 9,
            "text": "1 : 무슨 아침부터 틈새라면을 먹냐 키키",
            "norm_text": "무슨 아침부터 틈새라면을 먹냐 키키",
            "speaker": {
              "id": "1번",
              "sex": "여성",
              "age": "20대"
            },
            "speechAct": "(단언) 주장하기",
            "morpheme": "무슨/MM+아침/NNG+부터/JX+틈새/NNG+라면/NNG+을/JKO+먹/VV+냐/EC+키/NNG+키/XSV+ETN"
          },
          {
            "id": 10,
            "text": "2 : 야 틈새라면이 얼마나 맛있는데 하하",
            "norm_text": "야 틈새라면이 얼마나 맛있는데 하하",
            "speaker": {
              "id": "2번",
              "sex": "여성",
              "age": "20대"
            },
            "speechAct": "(단언) 주장하기",
            "morpheme": "야/IC+틈새/NNG+라면/NNG+이/JKS+얼마나/MAG+맛있/VA+는데/EC+하하/MAG"
          },
          {
            "id": 11,
            "text": "1 : 틈새라면 아는데 한 번도 안 먹어봄 키키",
            "norm_text": "틈새라면 아는데 한 번도 안 먹어봄 키키",
            "speaker": {
              "id": "1번",
              "sex": "여성",
              "age": "20대"
            },
            "speechAct": "(단언) 진술하기",
            "morpheme": "틈새/NNG+라면/VCP+EC+아/VV+는데/EC+한/MM+번/NNBC+도/JX+안/MAG+먹/VV+어/EC+봄/NNG+키/NNG+키/XSV+ETN"
          },
          {
            "id": 12,
            "text": "2 : 틈새라면에 떡이랑 계란 넣어 먹으면 존맛탱 키키",
            "norm_text": "틈새라면에 떡이랑 계란 넣어 먹으면 존맛탱 키키",
            "speaker": {
              "id": "2번",
              "sex": "여성",
              "age": "20대"
            },
            "speechAct": "(단언) 주장하기",
            "morpheme": "틈새라면에떡이랑계란넣어먹으면존맛탱키키/UNKNOWN"
          },
          {
            "id": 13,
            "text": "1 : 그거 불닭 라면보다 매워?",
            "norm_text": "그거 불닭 라면보다 매워?",
            "speaker": {
              "id": "1번",
              "sex": "여성",
              "age": "20대"
            },
            "speechAct": "(지시) 질문하기",
            "morpheme": "그거/NP+불닭/NNP+라면/NNG+보다/JKB+매워/VV+EC"
          },
          {
            "id": 14,
            "text": "2 : 응 내 기준엔 더 매운 거 같아 키키",
            "norm_text": "응 내 기준엔 더 매운 거 같아 키키",
            "speaker": {
              "id": "2번",
              "sex": "여성",
              "age": "20대"
            },
            "speechAct": "(단언) 주장하기",
            "morpheme": "응/IC+내/NP+JKG+기준/NNG+엔/JKB+JX+더/MAG+매운/VA+ETM+거/NNB+같/VA+아/EC+키/NNG+키/XSV+ETN"
          },
          {
            "id": 15,
            "text": "1 : 그게 국물이 있어서 더 매운가 봐.",
            "norm_text": "그게 국물이 있어서 더 매운가 봐.",
            "speaker": {
              "id": "1번",
              "sex": "여성",
              "age": "20대"
            },
            "speechAct": "(단언) 주장하기",
            "morpheme": "그게/NP+JKS+국물/NNG+이/JKS+있/VV+어서/EC+더/MAG+매운/VA+ETM+가/VV+EC+봐/VX+EF"
          },
          {
            "id": 16,
            "text": "2 : 응 너도 한번 먹어봐 키키 맛있어",
            "norm_text": "응 너도 한번 먹어봐 키키 맛있어",
            "speaker": {
              "id": "2번",
              "sex": "여성",
              "age": "20대"
            },
            "speechAct": "(단언) 주장하기",
            "morpheme": "응/IC+너/NP+도/JX+한/MM+번/NNBC+먹/VV+어/EC+봐/VX+EF+키/NNG+키/XSV+ETN+맛있/VA+어/EC"
          }
        ]
      }
    }
  ]
}