{
  "dataset": {
    "identifier": 23843,
    "name": "BAND_30_13_set",
    "src_path": "/data/file/cubeManager/PROJECT001/49/txt20210923160937031466/BAND_30_13_set/",
    "label_path": "/data/file/cubeManager/PROJECT001/49/txt20210923160937031466/BAND_30_13_set/",
    "category": 2,
    "type": 0
  },
  "licenses": {
    "name": "Apache License 1.0",
    "url": "http://www.apache.org/licenses/LICENSE-1.0"
  },
  "info": [
    {
      "id": 31764,
      "filename": "BAND_30_13.txt",
      "title": "BAND_30_13",
      "mediatype": "SNS",
      "medianame": "네이버밴드",
      "category": "일상대화",
      "date": "2021-09-23",
      "size": 404,
      "annotations": {
        "subject": "계절/날씨",
        "speaker_type": "1:1",
        "size": 404,
        "word_size": 130,
        "text": "1 : 나 조개 구이 먹고 싶은데 날씨가 아직 덥잖아 ㅜㅜ\n2 : 맞아 조개는 날씨 많이 타서 조심해야 해\n1 : 조개에 있는 세균이 살모넬라균인가?\n2 : 살모넬라는 계란에 있는 균 아니야?\n1 : 아 그런가 그러면 조개는 뭐지?\n2 : 나도 잘은 모르지만 여름에는 먹으면 안돼 키키\n1 : 그러니까 아직까지 더우니까 먹고 싶어도 못 먹어 ㅜㅜ\n2 : 맞아 슬슬 쌀쌀해지니깐 그때 먹자 키키\n1 : 근데 조개는 몇 월이 제철이야?\n2 : 조개는 제철은 모르지만 추울 때 먹어야 제 맛이지 키키\n1 : 오 내가 검색해 보니까 1월이 제철이래!\n2 : 아 진짜? 역시 조개는 겨울이야\n1 : 겨울에 추우니까 애들이 살찌운대!\n2 : 오 그건 사람하고 똑같다 키키\n1 : 키키 맞아 내가 잘 아는 애와 닮았어.\n2 : 그 아는 애가 내가 아니였음 좋겠어",
        "lines": [
          {
            "id": 1,
            "text": "1 : 나 조개 구이 먹고 싶은데 날씨가 아직 덥잖아 ㅜㅜ",
            "norm_text": "나 조개 구이 먹고 싶은데 날씨가 아직 덥잖아 ㅜㅜ",
            "speaker": {
              "id": "1번",
              "sex": "여성",
              "age": "20대"
            },
            "speechAct": "(단언) 진술하기",
            "morpheme": "나조/NNG+개구/NNG+이/JKC+먹/VV+고/EC+싶/VX+은데/EC+날씨/NNG+가/JKS+아직/MAG+덥/VA+잖아/EF+ㅜㅜ/UNKNOWN"
          },
          {
            "id": 2,
            "text": "2 : 맞아 조개는 날씨 많이 타서 조심해야 해",
            "norm_text": "맞아 조개는 날씨 많이 타서 조심해야 해",
            "speaker": {
              "id": "2번",
              "sex": "여성",
              "age": "20대"
            },
            "speechAct": "(단언) 주장하기",
            "morpheme": "맞/VV+아/EC+조개/NNG+는/JX+날씨/NNG+많이/MAG+타/VV+서/EC+조심/NNG+해야/XSV+EC+해/VV+EC"
          },
          {
            "id": 3,
            "text": "1 : 조개에 있는 세균이 살모넬라균인가?",
            "norm_text": "조개에 있는 세균이 살모넬라균인가?",
            "speaker": {
              "id": "1번",
              "sex": "여성",
              "age": "20대"
            },
            "speechAct": "(지시) 질문하기",
            "morpheme": "조개/NNG+에/JKB+있/VV+는/ETM+세균/NNG+이/JKS+살모넬라균/NNG+인가/VCP+EF"
          },
          {
            "id": 4,
            "text": "2 : 살모넬라는 계란에 있는 균 아니야?",
            "norm_text": "살모넬라는 계란에 있는 균 아니야?",
            "speaker": {
              "id": "2번",
              "sex": "여성",
              "age": "20대"
            },
            "speechAct": "(지시) 질문하기",
            "morpheme": "살모넬라/NNG+는/JX+계란/NNG+에/JKB+있/VV+는/ETM+균/NNG+아니/VCN+야/EF"
          },
          {
            "id": 5,
            "text": "1 : 아 그런가 그러면 조개는 뭐지?",
            "norm_text": "아 그런가 그러면 조개는 뭐지?",
            "speaker": {
              "id": "1번",
              "sex": "여성",
              "age": "20대"
            },
            "speechAct": "(지시) 질문하기",
            "morpheme": "아/IC+그런가/VA+EC+그러/VV+면/EC+조개/NNG+는/JX+뭐/NP+지/VCP+EF"
          },
          {
            "id": 6,
            "text": "2 : 나도 잘은 모르지만 여름에는 먹으면 안돼 키키",
            "norm_text": "나도 잘은 모르지만 여름에는 먹으면 안돼 키키",
            "speaker": {
              "id": "2번",
              "sex": "여성",
              "age": "20대"
            },
            "speechAct": "(단언) 주장하기",
            "morpheme": "나/NP+도/JX+잘/MAG+은/JX+모르/VV+지만/EC+여름/NNG+에/JKB+는/JX+먹/VV+으면/EC+안/MAG+돼/VV+EC+키/NNG+키/XSV+ETN"
          },
          {
            "id": 7,
            "text": "1 : 그러니까 아직까지 더우니까 먹고 싶어도 못 먹어 ㅜㅜ",
            "norm_text": "그러니까 아직까지 더우니까 먹고 싶어도 못 먹어 ㅜㅜ",
            "speaker": {
              "id": "1번",
              "sex": "여성",
              "age": "20대"
            },
            "speechAct": "(단언) 진술하기",
            "morpheme": "그러니까/MAJ+아직/MAG+까지/JX+더우/VA+니까/EC+먹/VV+고/EC+싶/VX+어도/EC+못/MAG+먹/VV+어/EC+ㅜㅜ/UNKNOWN"
          },
          {
            "id": 8,
            "text": "2 : 맞아 슬슬 쌀쌀해지니깐 그때 먹자 키키",
            "norm_text": "맞아 슬슬 쌀쌀해지니깐 그때 먹자 키키",
            "speaker": {
              "id": "2번",
              "sex": "여성",
              "age": "20대"
            },
            "speechAct": "(단언) 주장하기",
            "morpheme": "맞/VV+아/EC+슬슬/MAG+쌀쌀/XR+해/XSA+EC+지/VX+니깐/EC+그때/NNG+먹/VV+자/EC+키/NNG+키/XSV+ETN"
          },
          {
            "id": 9,
            "text": "1 : 근데 조개는 몇 월이 제철이야?",
            "norm_text": "근데 조개는 몇 월이 제철이야?",
            "speaker": {
              "id": "1번",
              "sex": "여성",
              "age": "20대"
            },
            "speechAct": "(지시) 질문하기",
            "morpheme": "근데/MAJ+조개/NNG+는/JX+몇/MM+월/NNBC+이제철/NNP+이/VCP+야/EF"
          },
          {
            "id": 10,
            "text": "2 : 조개는 제철은 모르지만 추울 때 먹어야 제 맛이지 키키",
            "norm_text": "조개는 제철은 모르지만 추울 때 먹어야 제 맛이지 키키",
            "speaker": {
              "id": "2번",
              "sex": "여성",
              "age": "20대"
            },
            "speechAct": "(단언) 주장하기",
            "morpheme": "조개/NNG+는/JX+제철/NNG+은/JX+모르/VV+지만/EC+추울/VA+ETM+때/NNG+먹/VV+어야제/EC+맛/NNG+이/VCP+지/EC+키/NNG+키/XSV+ETN"
          },
          {
            "id": 11,
            "text": "1 : 오 내가 검색해 보니까 1월이 제철이래!",
            "norm_text": "오 내가 검색해 보니까 1월이 제철이래!",
            "speaker": {
              "id": "1번",
              "sex": "여성",
              "age": "20대"
            },
            "speechAct": "(단언) 진술하기",
            "morpheme": "오내/NNG+가/JKS+검색/NNG+해/XSV+EC+보/VX+니까/EC+1/SN+월/NNBC+이제철/NNP+이/VCP+래/EF"
          },
          {
            "id": 12,
            "text": "2 : 아 진짜? 역시 조개는 겨울이야",
            "norm_text": "아 진짜? 역시 조개는 겨울이야",
            "speaker": {
              "id": "2번",
              "sex": "여성",
              "age": "20대"
            },
            "speechAct": "(단언) 주장하기",
            "morpheme": "아/IC+진짜/MAG+역시/MAJ+조개/NNG+는/JX+겨울/NNG+이/VCP+야/EC"
          },
          {
            "id": 13,
            "text": "1 : 겨울에 추우니까 애들이 살찌운대!",
            "norm_text": "겨울에 추우니까 애들이 살찌운대!",
            "speaker": {
              "id": "1번",
              "sex": "여성",
              "age": "20대"
            },
            "speechAct": "(단언) 진술하기",
            "morpheme": "겨울/NNG+에/JKB+추우/VV+니까/EC+애/NNG+들/XSN+이/JKS+살찌운/VV+ETM+대/VX+EF"
          },
          {
            "id": 14,
            "text": "2 : 오 그건 사람하고 똑같다 키키",
            "norm_text": "오 그건 사람하고 똑같다 키키",
            "speaker": {
              "id": "2번",
              "sex": "여성",
              "age": "20대"
            },
            "speechAct": "(단언) 주장하기",
            "morpheme": "오/IC+그건/NP+JX+사람/NNG+하/XSV+고/EC+똑같/VA+다키키/NNP"
          },
          {
            "id": 15,
            "text": "1 : 키키 맞아 내가 잘 아는 애와 닮았어.",
            "norm_text": "키키 맞아 내가 잘 아는 애와 닮았어.",
            "speaker": {
              "id": "1번",
              "sex": "여성",
              "age": "20대"
            },
            "speechAct": "(단언) 주장하기",
            "morpheme": "키/NNG+키/XSV+ETN+맞/VV+아/EC+내/NP+가/JKS+잘/MAG+아/VV+는/ETM+애/NNG+와/JKB+닮/VV+았/EP+어/EF"
          },
          {
            "id": 16,
            "text": "2 : 그 아는 애가 내가 아니였음 좋겠어",
            "norm_text": "그 아는 애가 내가 아니였음 좋겠어",
            "speaker": {
              "id": "2번",
              "sex": "여성",
              "age": "20대"
            },
            "speechAct": "(단언) 주장하기",
            "morpheme": "그/IC+아/VV+는/ETM+애/NNG+가/JKS+내/NP+가/JKS+아니/VCN+였/EP+음/ETN+좋/VA+겠/EP+어/EC"
          }
        ]
      }
    }
  ]
}