{
  "dataset": {
    "identifier": 21081,
    "name": "BAND_27_01_set",
    "src_path": "/data/file/cubeManager/PROJECT001/49/txt202109161511410459108/BAND_27_01_set/",
    "label_path": "/data/file/cubeManager/PROJECT001/49/txt202109161511410459108/BAND_27_01_set/",
    "category": 2,
    "type": 0
  },
  "licenses": {
    "name": "Apache License 1.0",
    "url": "http://www.apache.org/licenses/LICENSE-1.0"
  },
  "info": [
    {
      "id": 28571,
      "filename": "BAND_27_01.txt",
      "title": "BAND_27_01",
      "mediatype": "SNS",
      "medianame": "네이버밴드",
      "category": "일상대화",
      "date": "2021-09-16",
      "size": 457,
      "annotations": {
        "subject": "식음료",
        "speaker_type": "1:1",
        "size": 457,
        "word_size": 156,
        "text": "1 : 너 맥주가 어디에 좋은지 아니?\n2 : 글쎄 독일? 모르겠네? 어디인데?\n1 : 맥주가 보리를 발효 시켜서 만드는 건 알지?\n2 : 어 그치 알지 보리 맥주\n1 : 그래서 장 속에서 발효가 잘 돼서 배변 활동에 좋아 키키\n2 : 아 진짜 나는 생산지가 어디가 좋은지 물은 지 알았네 키키\n1 : 하하 다음 이야기는 이제 곧 저녁을 먹어야 하니까 말 안 할게 키키\n2 : 그래 근데 맥주를 너는 오전에 먹어서  밤에는 안 먹겠다?\n1 : 응 저녁에 배 안 고프면 안 먹을 생각이야 키키\n2 : 운동 해서  먹었구나 어제 운동했다더니 키키\n1 : 응 저녁에 또 운동할 예정이야~\n2 : 음 완전 열정적이네 꼭 똥배 탈출하길 바라\n1 : 근데 똥배는 식단도 열심히 해야 해 ㅜ\n2 : 맞아 너는 한 끼만  먹어서  식단 조절이 돼?\n1 : 안 되지 그래서 나는 유지어터야 키키\n2 : 키키 유지어터라니 그래도  두 끼는 먹어야 하지 않을 까?",
        "lines": [
          {
            "id": 1,
            "text": "1 : 너 맥주가 어디에 좋은지 아니?",
            "norm_text": "너 맥주가 어디에 좋은지 아니?",
            "speaker": {
              "id": "1번",
              "sex": "여성",
              "age": "20대"
            },
            "speechAct": "(지시) 질문하기",
            "morpheme": "너/NP+맥주/NNG+가/JKS+어디/NP+에/JKB+좋/VA+은지/EC+아니/IC"
          },
          {
            "id": 2,
            "text": "2 : 글쎄 독일? 모르겠네? 어디인데?",
            "norm_text": "글쎄 독일? 모르겠네? 어디인데?",
            "speaker": {
              "id": "2번",
              "sex": "여성",
              "age": "20대"
            },
            "speechAct": "(지시) 질문하기",
            "morpheme": "글쎄/IC+독일/NNP+모르/VV+겠/EP+네/EF+어디/NP+인데/VCP+EF"
          },
          {
            "id": 3,
            "text": "1 : 맥주가 보리를 발효 시켜서 만드는 건 알지?",
            "norm_text": "맥주가 보리를 발효 시켜서 만드는 건 알지?",
            "speaker": {
              "id": "1번",
              "sex": "여성",
              "age": "20대"
            },
            "speechAct": "(지시) 질문하기",
            "morpheme": "맥주/NNG+가/JKS+보리/NNG+를/JKO+발효/NNG+시켜서/XSV+EC+만드/VV+는/ETM+건/NNB+JX+알/VV+지/EF"
          },
          {
            "id": 4,
            "text": "2 : 어 그치 알지 보리 맥주",
            "norm_text": "어 그치 알지 보리 맥주",
            "speaker": {
              "id": "2번",
              "sex": "여성",
              "age": "20대"
            },
            "speechAct": "(단언) 주장하기",
            "morpheme": "어/IC+그치/IC+알/VV+지/EC+보리/NNG+맥주/NNG"
          },
          {
            "id": 5,
            "text": "1 : 그래서 장 속에서 발효가 잘 돼서 배변 활동에 좋아 키키",
            "norm_text": "그래서 장 속에서 발효가 잘 돼서 배변 활동에 좋아 키키",
            "speaker": {
              "id": "1번",
              "sex": "여성",
              "age": "20대"
            },
            "speechAct": "(단언) 진술하기",
            "morpheme": "그래서/MAJ+장속/NNG+에서/JKB+발효/NNG+가/JKS+잘/MAG+돼서/VV+EC+배변/NNG+활동/NNG+에/JKB+좋/VA+아/EC+키/NNG+키/XSV+ETN"
          },
          {
            "id": 6,
            "text": "2 : 아 진짜 나는 생산지가 어디가 좋은지 물은 지 알았네 키키",
            "norm_text": "아 진짜 나는 생산지가 어디가 좋은지 물은 지 알았네 키키",
            "speaker": {
              "id": "2번",
              "sex": "여성",
              "age": "20대"
            },
            "speechAct": "(단언) 주장하기",
            "morpheme": "아/IC+진짜/MAG+나/NP+는/JX+생산지/NNG+가/JKS+어디/NP+가/JKS+좋/VA+은지/EC+물/VV+은지/EC+알/VV+았/EP+네/EF+키/NNG+키/XSV+ETN"
          },
          {
            "id": 7,
            "text": "1 : 하하 다음 이야기는 이제 곧 저녁을 먹어야 하니까 말 안 할게 키키",
            "norm_text": "하하 다음 이야기는 이제 곧 저녁을 먹어야 하니까 말 안 할게 키키",
            "speaker": {
              "id": "1번",
              "sex": "여성",
              "age": "20대"
            },
            "speechAct": "(단언) 주장하기",
            "morpheme": "하하/MAG+다음/NNG+이야기/NNG+는/JX+이제/MAG+곧/MAG+저녁/NNG+을/JKO+먹/VV+어야/EC+하/VV+니까/EC+말/NNG+안/MAG+할/VV+ETM+게/NNB+JKS+키/NNG+키/XSV+ETN"
          },
          {
            "id": 8,
            "text": "2 : 그래 근데 맥주를 너는 오전에 먹어서  밤에는 안 먹겠다?",
            "norm_text": "그래 근데 맥주를 너는 오전에 먹어서  밤에는 안 먹겠다?",
            "speaker": {
              "id": "2번",
              "sex": "여성",
              "age": "20대"
            },
            "speechAct": "(지시) 질문하기",
            "morpheme": "그래/IC+근데/MAJ+맥주/NNG+를/JKO+너/NP+는/JX+오전/NNG+에/JKB+먹/VV+어서/EC+밤/NNG+에/JKB+는/JX+안/MAG+먹/VV+겠/EP+다/EF"
          },
          {
            "id": 9,
            "text": "1 : 응 저녁에 배 안 고프면 안 먹을 생각이야 키키",
            "norm_text": "응 저녁에 배 안 고프면 안 먹을 생각이야 키키",
            "speaker": {
              "id": "1번",
              "sex": "여성",
              "age": "20대"
            },
            "speechAct": "(단언) 주장하기",
            "morpheme": "응/IC+저녁/NNG+에/JKB+배/NNG+안/MAG+고프/VA+면/EC+안/MAG+먹/VV+을/ETM+생각/NNG+이/VCP+야/EC+키/NNG+키/XSV+ETN"
          },
          {
            "id": 10,
            "text": "2 : 운동 해서  먹었구나 어제 운동했다더니 키키",
            "norm_text": "운동 해서  먹었구나 어제 운동했다더니 키키",
            "speaker": {
              "id": "2번",
              "sex": "여성",
              "age": "20대"
            },
            "speechAct": "(단언) 진술하기",
            "morpheme": "운동/NNG+해서/XSV+EC+먹/VV+었/EP+구나/EF+어제/MAG+운동/NNG+했/XSV+EP+다더니/EC+키/NNG+키/XSV+ETN"
          },
          {
            "id": 11,
            "text": "1 : 응 저녁에 또 운동할 예정이야~",
            "norm_text": "응 저녁에 또 운동할 예정이야~",
            "speaker": {
              "id": "1번",
              "sex": "여성",
              "age": "20대"
            },
            "speechAct": "(단언) 주장하기",
            "morpheme": "응/IC+저녁/NNG+에/JKB+또/MAG+운동/NNG+할/XSV+ETM+예정/NNG+이/VCP+야/EC+~/SY"
          },
          {
            "id": 12,
            "text": "2 : 음 완전 열정적이네 꼭 똥배 탈출하길 바라",
            "norm_text": "음 완전 열정적이네 꼭 똥배 탈출하길 바라",
            "speaker": {
              "id": "2번",
              "sex": "여성",
              "age": "20대"
            },
            "speechAct": "(단언) 주장하기",
            "morpheme": "음/IC+완전/MAG+열정/NNG+적/XSN+이/VCP+네/EF+꼭/MAG+똥배/NNG+탈출/NNG+하/XSV+길/ETN+JKO+바라/VV+EC"
          },
          {
            "id": 13,
            "text": "1 : 근데 똥배는 식단도 열심히 해야 해 ㅜ",
            "norm_text": "근데 똥배는 식단도 열심히 해야 해 ㅜ",
            "speaker": {
              "id": "1번",
              "sex": "여성",
              "age": "20대"
            },
            "speechAct": "(단언) 진술하기",
            "morpheme": "근데/MAJ+똥배/NNG+는/JX+식단/NNG+도/JX+열심히/MAG+해야/VV+EC+해ㅜ/UNKNOWN"
          },
          {
            "id": 14,
            "text": "2 : 맞아 너는 한 끼만  먹어서  식단 조절이 돼?",
            "norm_text": "맞아 너는 한 끼만  먹어서  식단 조절이 돼?",
            "speaker": {
              "id": "2번",
              "sex": "여성",
              "age": "20대"
            },
            "speechAct": "(지시) 질문하기",
            "morpheme": "맞/VV+아/EC+너/NP+는/JX+한/MM+끼/NNBC+만/JX+먹/VV+어서/EC+식단/NNG+조절/NNG+이/JKS+돼/VV+EF"
          },
          {
            "id": 15,
            "text": "1 : 안 되지 그래서 나는 유지어터야 키키",
            "norm_text": "안 되지 그래서 나는 유지어터야 키키",
            "speaker": {
              "id": "1번",
              "sex": "여성",
              "age": "20대"
            },
            "speechAct": "(단언) 진술하기",
            "morpheme": "안/MAG+되/VV+지/EF+그래서/MAJ+나/NP+는/JX+유지/NNG+어/IC+터야/VV+EC+키/NNG+키/XSV+ETN"
          },
          {
            "id": 16,
            "text": "2 : 키키 유지어터라니 그래도  두 끼는 먹어야 하지 않을 까?",
            "norm_text": "키키 유지어터라니 그래도  두 끼는 먹어야 하지 않을 까?",
            "speaker": {
              "id": "2번",
              "sex": "여성",
              "age": "20대"
            },
            "speechAct": "(지시) 질문하기",
            "morpheme": "키/NNG+키/NNG+유지/NNG+어/IC+터/VV+라니/EC+그래도/VV+EC+두/MM+끼/NNBC+는/JX+먹/VV+어야/EC+하/VV+지/EC+않/VX+을까/EF"
          }
        ]
      }
    }
  ]
}