{
  "dataset": {
    "identifier": 19884,
    "name": "BAND_23_15_set",
    "src_path": "/data/file/cubeManager/PROJECT001/49/txt20210915111041029941/BAND_23_15_set/",
    "label_path": "/data/file/cubeManager/PROJECT001/49/txt20210915111041029941/BAND_23_15_set/",
    "category": 2,
    "type": 0
  },
  "licenses": {
    "name": "Apache License 1.0",
    "url": "http://www.apache.org/licenses/LICENSE-1.0"
  },
  "info": [
    {
      "id": 25694,
      "filename": "BAND_23_15.txt",
      "title": "BAND_23_15",
      "mediatype": "SNS",
      "medianame": "네이버밴드",
      "category": "일상대화",
      "date": "2021-09-15",
      "size": 1318,
      "annotations": {
        "subject": "타 국가 이슈",
        "speaker_type": "1:1",
        "size": 1318,
        "word_size": 392,
        "text": "1 : 파리에서 이번에 도로 통행 최고 속도를 30km로 제한하는 게 시행됐대..\n1 : 30km는 너무한 듯\n2 : 이번 시장 공약이었대 오염 줄일려고~\n2 : 우리나라는 어린이 보호 구역에서만 30km로 달리는데 키키\n3 : 와 어린이보호구역에서만 30으로 달려도 세상 답답한데 도로 전체가 30인 거는... 좀 너무했다...\n3 : 그런다고 덜 오염되는 게 맞기는 한 걸까 싶네\n3 : 결과적으로는 오래 달리는 거잖아\n1 : 그치 별로 효과도 없을 거 같애...\n1 : 우리나라 사람들은 저렇게 하면 진짜 난리칠 듯 키키 가뜩이나 성격도 급해서\n2 : 근데 파리 특성 상 도로 주변에 카페나 식당 같은 데 야외 석이 많아서 그 사람들은 좋아한대\n3 : 아하... 하긴 우리나라랑 도로 상황이나 전반적인 환경이 다르니까 그럴 수 있긴 하겠네...\n3 : 그래도 답답해!\n1 : 그니까 어디 갈 때도 한나절 걸리겠어...\n2 : 근데 원래 파리 시내 너무 막혀서 거의 20km로 달려야 된대 키키\n3 : 악간 속으로 그 생각 하긴 했는데 키키 워낙에 막히니까 30으로 해도 반발이 없는 건 아닐까 키키\n3 : 근데 그러면 뭐 규제를... 하는 거라고 할 수 있나 싶네 키키\n1 : 아 그래? 원래 20km면 바껴도 크게 불편할 건 없겠네 키키\n1 : 근데 사람들 반응이 엄청 안 좋았대 시행하고 나서\n2 : 문제는 오토바이도 같이 적용...\n3 : 오토바이랑 같이 적용하는 게 왜 문제가 돼?\n1 : 그러게 왜 문제야?\n1 : 배달 때문에?\n2 : 응 배달 업체들이 불만이 많대 요즘에 프랑스도 배달 늘었대\n2 : 그리고 사실 오토바이가 자동차 사이사이로도 많이 달리고 스피드 때문에 사는 사람 많은데 세상에 30은 너무 했다...\n3 : 와 그럼 천천히 달려서 차갑게 식은 피자와 싸늘한 감튀를 먹어야 하는 거네? 최악이다\n1 : 키키 싸늘한 감튀 왜케 웃기지 진짜 너무했다 그거는...\n1 : 저렇게 되면 점점 배달도 많이 안 시키겠다\n2 : 근데 어차피 유럽에서 이미 확산 추세라고 하고 프랑스에서도 파리 외의 지역에서도 이미 시행 중인 곳이 있다고 하니 논란이 많아도 결국은 30될 듯.\n3 : 헐 일본에서 모더나에 이물질 발견됐대...\n3 : 고무도 나왔었는데 스테인리스 조각 나왔대\n1 : 아 맞아 들은 거 같애...\n1 : 일본 꺼에서만 그게 나온 거야?\n2 : 모더나 스페인 공장에서 만든 게 그렇대~\n2 : 다른 나라는 모르겠는데 일본에서는 그거 때문에 남성 2명이 사망했다는데!\n3 : 헐헐 무서워서 이거 맞겠나... 둘은 백신 맞았어?\n1 : 웅웅 나는 저번 토요일에 화이자 1차 맞았어!\n2 : 나는 아직 신청 안 했어~ 너는?\n3 : 아항 나는 추석 연휴 시작할 때 맞아!\n3 : 신청 했었어 하하",
        "lines": [
          {
            "id": 1,
            "text": "1 : 파리에서 이번에 도로 통행 최고 속도를 30km로 제한하는 게 시행됐대..",
            "norm_text": "파리에서 이번에 도로 통행 최고 속도를 30km로 제한하는 게 시행됐대..",
            "speaker": {
              "id": "1번",
              "sex": "여성",
              "age": "20대"
            },
            "speechAct": "(단언) 진술하기",
            "morpheme": "파리/NNP+에서/JKB+이번/NNG+에/JKB+도로/NNG+통행/NNG+최고/NNG+속도/NNG+를/JKO+30/SN+km/SL+로/JKB+제한/NNG+하/XSV+는/ETM+게/NNB+JKS+시행/NNG+됐/XSV+EP+대/EF+./SY"
          },
          {
            "id": 2,
            "text": "1 : 30km는 너무한 듯",
            "norm_text": "30km는 너무한 듯",
            "speaker": {
              "id": "1번",
              "sex": "여성",
              "age": "20대"
            },
            "speechAct": "(단언) 주장하기",
            "morpheme": "30/SN+km/SL+는/JX+너무/MAG+한/XSA+ETM+듯/NNB"
          },
          {
            "id": 3,
            "text": "2 : 이번 시장 공약이었대 오염 줄일려고~",
            "norm_text": "이번 시장 공약이었대 오염 줄일려고~",
            "speaker": {
              "id": "2번",
              "sex": "여성",
              "age": "30대"
            },
            "speechAct": "(단언) 진술하기",
            "morpheme": "이번/NNG+시장/NNG+공약/NNG+이/VCP+었/EP+대/XPN+오염/NNG+줄일려고/VV+EC+~/SY"
          },
          {
            "id": 4,
            "text": "2 : 우리나라는 어린이 보호 구역에서만 30km로 달리는데 키키",
            "norm_text": "우리나라는 어린이 보호 구역에서만 30km로 달리는데 키키",
            "speaker": {
              "id": "2번",
              "sex": "여성",
              "age": "30대"
            },
            "speechAct": "(단언) 진술하기",
            "morpheme": "우리/NP+나라/NNG+는/JX+어린이/NNG+보호구역/NNP+에서/JKB+만/JX+30/SN+km/SL+로/JKB+달리/VV+는데/EC+키/NNG+키/XSV+ETN"
          },
          {
            "id": 5,
            "text": "3 : 와 어린이보호구역에서만 30으로 달려도 세상 답답한데 도로 전체가 30인 거는... 좀 너무했다...",
            "norm_text": "와 어린이보호구역에서만 30으로 달려도 세상 답답한데 도로 전체가 30인 거는... 좀 너무했다...",
            "speaker": {
              "id": "3번",
              "sex": "여성",
              "age": "20대"
            },
            "speechAct": "(단언) 주장하기",
            "morpheme": "와/IC+어린이/NNG+보호구역/NNP+에서/JKB+만/JX+30/SN+으로/JKB+달려도/VV+EC+세상/NNG+답답/XR+한데/XSA+EC+도로/NNG+전체/NNG+가/JKS+30/SN+인거/NNG+는/JX+./SY+좀/MAG+너무/MAG+했/VV+EP+다/EF+./SY"
          },
          {
            "id": 6,
            "text": "3 : 그런다고 덜 오염되는 게 맞기는 한 걸까 싶네",
            "norm_text": "그런다고 덜 오염되는 게 맞기는 한 걸까 싶네",
            "speaker": {
              "id": "3번",
              "sex": "여성",
              "age": "20대"
            },
            "speechAct": "(단언) 주장하기",
            "morpheme": "그런다고/VV+EC+덜/MAG+오염/NNG+되/XSV+는/ETM+게/NNB+JKS+맞/VV+기/ETN+는/JX+한/VV+ETM+걸까/NNB+VCP+EC+싶/VX+네/EC"
          },
          {
            "id": 7,
            "text": "3 : 결과적으로는 오래 달리는 거잖아",
            "norm_text": "결과적으로는 오래 달리는 거잖아",
            "speaker": {
              "id": "3번",
              "sex": "여성",
              "age": "20대"
            },
            "speechAct": "(단언) 주장하기",
            "morpheme": "결과/NNG+적/XSN+으로/JKB+는/JX+오래/MAG+달리/VV+는/ETM+거/NNB+잖아/VCP+EC+VX+EC"
          },
          {
            "id": 8,
            "text": "1 : 그치 별로 효과도 없을 거 같애...",
            "norm_text": "그치 별로 효과도 없을 거 같애...",
            "speaker": {
              "id": "1번",
              "sex": "여성",
              "age": "20대"
            },
            "speechAct": "(단언) 주장하기",
            "morpheme": "그치/IC+별로/MAG+효과/NNG+도/JX+없/VA+을/ETM+거/NNB+같/VA+애/EF+./SY"
          },
          {
            "id": 9,
            "text": "1 : 우리나라 사람들은 저렇게 하면 진짜 난리칠 듯 키키 가뜩이나 성격도 급해서",
            "norm_text": "우리나라 사람들은 저렇게 하면 진짜 난리칠 듯 키키 가뜩이나 성격도 급해서",
            "speaker": {
              "id": "1번",
              "sex": "여성",
              "age": "20대"
            },
            "speechAct": "(단언) 주장하기",
            "morpheme": "우리/NP+나라/NNG+사람/NNG+들/XSN+은/JX+저렇게/MAG+하/VV+면/EC+진짜/MAG+난리/NNG+칠/VV+ETM+듯/NNB+키/NNG+키/XSV+ETN+가뜩이나/MAG+성격/NNG+도/JX+급해서/VA+EC"
          },
          {
            "id": 10,
            "text": "2 : 근데 파리 특성 상 도로 주변에 카페나 식당 같은 데 야외 석이 많아서 그 사람들은 좋아한대",
            "norm_text": "근데 파리 특성 상 도로 주변에 카페나 식당 같은 데 야외 석이 많아서 그 사람들은 좋아한대",
            "speaker": {
              "id": "2번",
              "sex": "여성",
              "age": "30대"
            },
            "speechAct": "(단언) 진술하기",
            "morpheme": "근데/MAJ+파리/NNP+특성/NNG+상도/NNG+로/JKB+주변/NNG+에/JKB+카페/NNG+나/JC+식당/NNG+같/VA+은데/EC+야외/NNG+석/NNG+이/JKS+많/VA+아서/EC+그/MM+사람/NNG+들/XSN+은/JX+좋/VA+아/EC+한대/VV+EC"
          },
          {
            "id": 11,
            "text": "3 : 아하... 하긴 우리나라랑 도로 상황이나 전반적인 환경이 다르니까 그럴 수 있긴 하겠네...",
            "norm_text": "아하... 하긴 우리나라랑 도로 상황이나 전반적인 환경이 다르니까 그럴 수 있긴 하겠네...",
            "speaker": {
              "id": "3번",
              "sex": "여성",
              "age": "20대"
            },
            "speechAct": "(단언) 주장하기",
            "morpheme": "아하/IC+./SY+하긴/MAJ+우리/NP+나라/NNG+랑/JKB+도로/NNG+상황/NNG+이나/JC+전반/NNG+적/XSN+인/VCP+ETM+환경/NNG+이/JKS+다르/VA+니까/EC+그럴/VV+ETM+수/NNB+있/VV+긴/ETN+JX+하/VX+겠/EP+네/EF+./SY"
          },
          {
            "id": 12,
            "text": "3 : 그래도 답답해!",
            "norm_text": "그래도 답답해!",
            "speaker": {
              "id": "3번",
              "sex": "여성",
              "age": "20대"
            },
            "speechAct": "(단언) 주장하기",
            "morpheme": "그래도/MAJ+답답/XR+해/XSA+EF"
          },
          {
            "id": 13,
            "text": "1 : 그니까 어디 갈 때도 한나절 걸리겠어...",
            "norm_text": "그니까 어디 갈 때도 한나절 걸리겠어...",
            "speaker": {
              "id": "1번",
              "sex": "여성",
              "age": "20대"
            },
            "speechAct": "(단언) 주장하기",
            "morpheme": "그니까/MAJ+어디/NP+갈/VV+ETM+때/NNG+도/JX+한나절/NNG+걸리/VV+겠/EP+어/EF+./SY"
          },
          {
            "id": 14,
            "text": "2 : 근데 원래 파리 시내 너무 막혀서 거의 20km로 달려야 된대 키키",
            "norm_text": "근데 원래 파리 시내 너무 막혀서 거의 20km로 달려야 된대 키키",
            "speaker": {
              "id": "2번",
              "sex": "여성",
              "age": "30대"
            },
            "speechAct": "(단언) 진술하기",
            "morpheme": "근데/MAJ+원래/MAG+파리/NNP+시내/NNG+너무/MAG+막혀서/VV+EC+거의/MAG+20/SN+km/SL+로/JKB+달려야/VV+EC+된/VV+ETM+대/XPN+키/NNG+키/XSV+ETN"
          },
          {
            "id": 15,
            "text": "3 : 악간 속으로 그 생각 하긴 했는데 키키 워낙에 막히니까 30으로 해도 반발이 없는 건 아닐까 키키",
            "norm_text": "악간 속으로 그 생각 하긴 했는데 키키 워낙에 막히니까 30으로 해도 반발이 없는 건 아닐까 키키",
            "speaker": {
              "id": "3번",
              "sex": "여성",
              "age": "20대"
            },
            "speechAct": "(단언) 주장하기",
            "morpheme": "악간/NNG+속/NNG+으로/JKB+그/MM+생각/NNG+하/XSV+긴/ETN+JX+했/VX+EP+는데/EC+키/NNG+키워/VV+EC+낙/NNG+에/JKB+막히/VV+니까/EC+30/SN+으로/JKB+해도/VV+EC+반발/NNG+이/JKS+없/VA+는/ETM+건/NNB+JX+아닐까/VCN+EC+키/NNG+키/XSV+ETN"
          },
          {
            "id": 16,
            "text": "3 : 근데 그러면 뭐 규제를... 하는 거라고 할 수 있나 싶네 키키",
            "norm_text": "근데 그러면 뭐 규제를... 하는 거라고 할 수 있나 싶네 키키",
            "speaker": {
              "id": "3번",
              "sex": "여성",
              "age": "20대"
            },
            "speechAct": "(단언) 주장하기",
            "morpheme": "근데/MAJ+그러면/MAJ+뭐/IC+규제/NNG+를/JKO+./SY+하/VV+는/ETM+거/NNB+라고/VCP+EC+할/VX+ETM+수/NNB+있/VV+나/EC+싶/VX+네/EF+키/NNG+키/XSV+ETN"
          },
          {
            "id": 17,
            "text": "1 : 아 그래? 원래 20km면 바껴도 크게 불편할 건 없겠네 키키",
            "norm_text": "아 그래? 원래 20km면 바껴도 크게 불편할 건 없겠네 키키",
            "speaker": {
              "id": "1번",
              "sex": "여성",
              "age": "20대"
            },
            "speechAct": "(단언) 주장하기",
            "morpheme": "아/IC+그래/IC+원래/MAG+20/SN+km/SL+면/ETM+바/NNB+껴도/VV+EC+크/VA+게/EC+불편/NNG+할/XSV+ETM+건/NNB+JX+없/VA+겠/EP+네/EF+키/NNG+키/XSV+ETN"
          },
          {
            "id": 18,
            "text": "1 : 근데 사람들 반응이 엄청 안 좋았대 시행하고 나서",
            "norm_text": "근데 사람들 반응이 엄청 안 좋았대 시행하고 나서",
            "speaker": {
              "id": "1번",
              "sex": "여성",
              "age": "20대"
            },
            "speechAct": "(단언) 진술하기",
            "morpheme": "근데/MAJ+사람/NNG+들/XSN+반응/NNG+이/JKS+엄청/MAG+안/MAG+좋/VA+았/EP+대/XPN+시행/NNG+하/XSV+고/EC+나/VX+서/EC"
          },
          {
            "id": 19,
            "text": "2 : 문제는 오토바이도 같이 적용...",
            "norm_text": "문제는 오토바이도 같이 적용...",
            "speaker": {
              "id": "2번",
              "sex": "여성",
              "age": "30대"
            },
            "speechAct": "(단언) 진술하기",
            "morpheme": "문제/NNG+는/JX+오토바이/NNG+도/JX+같이/MAG+적용/NNG+./SY+./SY"
          },
          {
            "id": 20,
            "text": "3 : 오토바이랑 같이 적용하는 게 왜 문제가 돼?",
            "norm_text": "오토바이랑 같이 적용하는 게 왜 문제가 돼?",
            "speaker": {
              "id": "3번",
              "sex": "여성",
              "age": "20대"
            },
            "speechAct": "(지시) 질문하기",
            "morpheme": "오토바이/NNG+랑/JKB+같이/MAG+적용/NNG+하/XSV+는/ETM+게/NNB+JKS+왜/MAG+문제/NNG+가/JKS+돼/VV+EF"
          },
          {
            "id": 21,
            "text": "1 : 그러게 왜 문제야?",
            "norm_text": "그러게 왜 문제야?",
            "speaker": {
              "id": "1번",
              "sex": "여성",
              "age": "20대"
            },
            "speechAct": "(지시) 질문하기",
            "morpheme": "그러게/MAJ+왜/MAG+문제/NNG+야/VCP+EF"
          },
          {
            "id": 22,
            "text": "1 : 배달 때문에?",
            "norm_text": "배달 때문에?",
            "speaker": {
              "id": "1번",
              "sex": "여성",
              "age": "20대"
            },
            "speechAct": "(지시) 질문하기",
            "morpheme": "배달/NNG+때문/NNB+에/JKB"
          },
          {
            "id": 23,
            "text": "2 : 응 배달 업체들이 불만이 많대 요즘에 프랑스도 배달 늘었대",
            "norm_text": "응 배달 업체들이 불만이 많대 요즘에 프랑스도 배달 늘었대",
            "speaker": {
              "id": "2번",
              "sex": "여성",
              "age": "30대"
            },
            "speechAct": "(단언) 진술하기",
            "morpheme": "응/IC+배달/NNG+업체/NNG+들/XSN+이/JKS+불만/NNG+이/JKS+많/VA+대/EF+요즘/NNG+에/JKB+프랑스/NNP+도/JX+배달/NNG+늘/VV+었/EP+대/EC"
          },
          {
            "id": 24,
            "text": "2 : 그리고 사실 오토바이가 자동차 사이사이로도 많이 달리고 스피드 때문에 사는 사람 많은데 세상에 30은 너무 했다...",
            "norm_text": "그리고 사실 오토바이가 자동차 사이사이로도 많이 달리고 스피드 때문에 사는 사람 많은데 세상에 30은 너무 했다...",
            "speaker": {
              "id": "2번",
              "sex": "여성",
              "age": "30대"
            },
            "speechAct": "(단언) 주장하기",
            "morpheme": "그리고/MAJ+사실/MAG+오토바이/NNG+가/JKS+자동차/NNG+사이사이/NNG+로/JKB+도/JX+많이/MAG+달리/VV+고/EC+스피드/NNG+때문/NNB+에/JKB+사/VV+는/ETM+사람/NNG+많/VA+은데/EC+세상/NNG+에/JKB+30/SN+은/JX+너무/MAG+했/VV+EP+다/EF+./SY"
          },
          {
            "id": 25,
            "text": "3 : 와 그럼 천천히 달려서 차갑게 식은 피자와 싸늘한 감튀를 먹어야 하는 거네? 최악이다",
            "norm_text": "와 그럼 천천히 달려서 차갑게 식은 피자와 싸늘한 감튀를 먹어야 하는 거네? 최악이다",
            "speaker": {
              "id": "3번",
              "sex": "여성",
              "age": "20대"
            },
            "speechAct": "(단언) 주장하기",
            "morpheme": "와/IC+그럼/MAJ+천천히/MAG+달려서/VV+EC+차갑/VA+게/EC+식/VV+은/ETM+피자/NNG+와/JKB+싸늘/XR+한/XSA+ETM+감/NNG+튀/NNG+를/JKO+먹/VV+어야/EC+하/VV+는/ETM+거/NNB+네/VCP+EF+최악/NNG+이/VCP+다/EC"
          },
          {
            "id": 26,
            "text": "1 : 키키 싸늘한 감튀 왜케 웃기지 진짜 너무했다 그거는...",
            "norm_text": "키키 싸늘한 감튀 왜케 웃기지 진짜 너무했다 그거는...",
            "speaker": {
              "id": "1번",
              "sex": "여성",
              "age": "20대"
            },
            "speechAct": "(단언) 주장하기",
            "morpheme": "키/NNG+키/XSV+ETN+싸늘/XR+한/XSA+ETM+감/NNG+튀/NNG+왜/MAG+케/XSA+EC+웃기/VV+지/EF+진짜/MAG+너무/MAG+했/VV+EP+다/EF+그거/NP+는/JX+./SY"
          },
          {
            "id": 27,
            "text": "1 : 저렇게 되면 점점 배달도 많이 안 시키겠다",
            "norm_text": "저렇게 되면 점점 배달도 많이 안 시키겠다",
            "speaker": {
              "id": "1번",
              "sex": "여성",
              "age": "20대"
            },
            "speechAct": "(단언) 주장하기",
            "morpheme": "저렇게/MAG+되/VV+면/EC+점점/MAG+배달/NNG+도/JX+많이/MAG+안/MAG+시키/VV+겠/EP+다/EC"
          },
          {
            "id": 28,
            "text": "2 : 근데 어차피 유럽에서 이미 확산 추세라고 하고 프랑스에서도 파리 외의 지역에서도 이미 시행 중인 곳이 있다고 하니 논란이 많아도 결국은 30될 듯.",
            "norm_text": "근데 어차피 유럽에서 이미 확산 추세라고 하고 프랑스에서도 파리 외의 지역에서도 이미 시행 중인 곳이 있다고 하니 논란이 많아도 결국은 30될 듯.",
            "speaker": {
              "id": "2번",
              "sex": "여성",
              "age": "30대"
            },
            "speechAct": "(단언) 진술하기",
            "morpheme": "근데/MAJ+어차피/MAG+유럽/NNP+에서/JKB+이미/MAG+확산/NNG+추세/NNG+라고/VCP+EC+하/VV+고/EC+프랑스/NNP+에서/JKB+도/JX+파리/NNG+외/NNB+의/JKG+지역/NNG+에서/JKB+도/JX+이미/MAG+시행/NNG+중/NNB+인/VCP+ETM+곳/NNG+이/JKS+있/VV+다고/EC+하/VV+니/EC+논란/NNG+이/JKS+많/VA+아도/EC+결국/NNG+은/JX+30/SN+될/XSV+ETM+듯/NNB"
          },
          {
            "id": 29,
            "text": "3 : 헐 일본에서 모더나에 이물질 발견됐대...",
            "norm_text": "헐 일본에서 모더나에 이물질 발견됐대...",
            "speaker": {
              "id": "3번",
              "sex": "여성",
              "age": "20대"
            },
            "speechAct": "(단언) 진술하기",
            "morpheme": "헐/IC+일본/NNP+에서/JKB+모더/NNP+나/NP+에/JKB+이/MM+물질/NNG+발견/NNG+됐/XSV+EP+대/EF+./SY"
          },
          {
            "id": 30,
            "text": "3 : 고무도 나왔었는데 스테인리스 조각 나왔대",
            "norm_text": "고무도 나왔었는데 스테인리스 조각 나왔대",
            "speaker": {
              "id": "3번",
              "sex": "여성",
              "age": "20대"
            },
            "speechAct": "(단언) 진술하기",
            "morpheme": "고무/NNG+도/JX+나왔었/VV+EP+는데/EC+스테인리스/NNG+조각/NNG+나왔/VV+EP+대/EC"
          },
          {
            "id": 31,
            "text": "1 : 아 맞아 들은 거 같애...",
            "norm_text": "아 맞아 들은 거 같애...",
            "speaker": {
              "id": "1번",
              "sex": "여성",
              "age": "20대"
            },
            "speechAct": "(단언) 주장하기",
            "morpheme": "아/IC+맞/VV+아/EC+들/VV+은/ETM+거/NNB+같/VA+애/EF+./SY"
          },
          {
            "id": 32,
            "text": "1 : 일본 꺼에서만 그게 나온 거야?",
            "norm_text": "일본 꺼에서만 그게 나온 거야?",
            "speaker": {
              "id": "1번",
              "sex": "여성",
              "age": "20대"
            },
            "speechAct": "(지시) 질문하기",
            "morpheme": "일본/NNP+꺼/NNB+VCP+에서/JKB+만/JX+그게/NP+JKS+나온/VV+ETM+거/NNB+야/VCP+EF"
          },
          {
            "id": 33,
            "text": "2 : 모더나 스페인 공장에서 만든 게 그렇대~",
            "norm_text": "모더나 스페인 공장에서 만든 게 그렇대~",
            "speaker": {
              "id": "2번",
              "sex": "여성",
              "age": "30대"
            },
            "speechAct": "(단언) 진술하기",
            "morpheme": "모더/NNP+나/JC+스페인/NNP+공장/NNG+에서/JKB+만든/VV+ETM+게/NNB+JKS+그렇/VA+대/EF+~/SY"
          },
          {
            "id": 34,
            "text": "2 : 다른 나라는 모르겠는데 일본에서는 그거 때문에 남성 2명이 사망했다는데!",
            "norm_text": "다른 나라는 모르겠는데 일본에서는 그거 때문에 남성 2명이 사망했다는데!",
            "speaker": {
              "id": "2번",
              "sex": "여성",
              "age": "30대"
            },
            "speechAct": "(단언) 진술하기",
            "morpheme": "다른/MM+나라/NNG+는/JX+모르/VV+겠/EP+는데/EC+일본/NNP+에서/JKB+는/JX+그거/NP+때문/NNB+에/JKB+남성/NNG+2/SN+명/NNBC+이/JKS+사망/NNG+했/XSV+EP+다는데/EF"
          },
          {
            "id": 35,
            "text": "3 : 헐헐 무서워서 이거 맞겠나... 둘은 백신 맞았어?",
            "norm_text": "헐헐 무서워서 이거 맞겠나... 둘은 백신 맞았어?",
            "speaker": {
              "id": "3번",
              "sex": "여성",
              "age": "20대"
            },
            "speechAct": "(지시) 질문하기",
            "morpheme": "헐헐/MAG+무서워서/VA+EC+이거/NP+맞/VV+겠/EP+나/EF+./SY+둘/NR+은/JX+백신/NNG+맞/VV+았/EP+어/EF"
          },
          {
            "id": 36,
            "text": "1 : 웅웅 나는 저번 토요일에 화이자 1차 맞았어!",
            "norm_text": "웅웅 나는 저번 토요일에 화이자 1차 맞았어!",
            "speaker": {
              "id": "1번",
              "sex": "여성",
              "age": "20대"
            },
            "speechAct": "(단언) 진술하기",
            "morpheme": "웅웅/MAG+나/NP+는/JX+저번/NNG+토요일/NNG+에/JKB+화이자/NNP+1/SN+차/NNBC+맞/VV+았/EP+어/EF"
          },
          {
            "id": 37,
            "text": "2 : 나는 아직 신청 안 했어~ 너는?",
            "norm_text": "나는 아직 신청 안 했어~ 너는?",
            "speaker": {
              "id": "2번",
              "sex": "여성",
              "age": "30대"
            },
            "speechAct": "(지시) 질문하기",
            "morpheme": "나/NP+는/JX+아직/MAG+신청/NNG+안/MAG+했/VV+EP+어/EC+~/SY+너/NP+는/JX"
          },
          {
            "id": 38,
            "text": "3 : 아항 나는 추석 연휴 시작할 때 맞아!",
            "norm_text": "아항 나는 추석 연휴 시작할 때 맞아!",
            "speaker": {
              "id": "3번",
              "sex": "여성",
              "age": "20대"
            },
            "speechAct": "(단언) 진술하기",
            "morpheme": "아항/IC+나/NP+는/JX+추석/NNG+연휴/NNG+시작/NNG+할/XSV+ETM+때맞/VA+아/EF"
          },
          {
            "id": 39,
            "text": "3 : 신청 했었어 하하",
            "norm_text": "신청 했었어 하하",
            "speaker": {
              "id": "3번",
              "sex": "여성",
              "age": "20대"
            },
            "speechAct": "(단언) 진술하기",
            "morpheme": "신청/NNG+했었/XSV+EP+어/EC+하하/MAG"
          }
        ]
      }
    }
  ]
}