{
  "dataset": {
    "identifier": 122463,
    "name": "BAND_45_11_set",
    "src_path": "/data/file/cubeManager/PROJECT001/80/txt20211103154613075885/BAND_45_11_set/",
    "label_path": "/data/file/cubeManager/PROJECT001/80/txt20211103154613075885/BAND_45_11_set/",
    "category": 2,
    "type": 0
  },
  "licenses": {
    "name": "Apache License 1.0",
    "url": "http://www.apache.org/licenses/LICENSE-1.0"
  },
  "info": [
    {
      "id": 135506,
      "filename": "BAND_45_11.txt",
      "title": "BAND_45_11",
      "mediatype": "SNS",
      "medianame": "네이버밴드",
      "category": "일상대화",
      "date": "2021-11-03",
      "size": 478,
      "annotations": {
        "subject": "게임",
        "speaker_type": "다자간 대화",
        "size": 478,
        "word_size": 171,
        "text": "1 : 어릴 때 게임 엄청 했었는데 키키\n2 : 맞어\n2 : 나도 어릴 때는 엄청 했는데 나이 먹으니깐 잘 안 하게 되더라\n3 : 나는 지금도 많이 해\n1 : 지금은 손도 안 가 키키\n1 : 달라졌어\n2 : 맞어\n2 : 나도 진짜 한달에 한번 할까 말까 키키\n3 : 그게 다 나이 먹어서 그래 헙\n1 : 하 그런가 키키\n1 : 음 할 시간도 없는 거 같아 키키\n2 : 나는 시간은 있는데 딱히 관심이 잘 안 간다 해야 하나 그런 거 같애\n3 : 나는 아직 재밌어서 다행이야\n1 : 지금 신경 쓸게 많아서 그래\n2 : 지금 재밌는 것도 나이 조금씩 먹으면 크게 관심 안 가져 키키\n3 : 그것도 그래\n3 : 좀 슬퍼지네\n1 : 이렇게 조금씩 나이를 먹어 가나봐 ㅠㅠ\n2 : 영원히 20대일 거 같은데 좀 있으면 서른이네 ㅠㅠ\n3 : 나는 20대의 파릇파릇한 청춘이 있다구\n1 : 하 이번년도도 이렇게 가네 ㅜㅜ\n2 : 진찌 20대 금방 간 거 같다 에혀 ㅠㅠ\n3 : 다들 슬픈 20대를 보내는구나",
        "lines": [
          {
            "id": 1,
            "text": "1 : 어릴 때 게임 엄청 했었는데 키키",
            "norm_text": "어릴 때 게임 엄청 했었는데 키키",
            "speaker": {
              "id": "1번",
              "sex": "여성",
              "age": "20대"
            },
            "speechAct": "(단언) 진술하기",
            "morpheme": "어릴/VA+ETM+때/NNG+게임/NNG+엄청/MAG+했었/VV+EP+는데/EC+키/NNG+키/XSV+ETN"
          },
          {
            "id": 2,
            "text": "2 : 맞어",
            "norm_text": "맞어",
            "speaker": {
              "id": "2번",
              "sex": "남성",
              "age": "20대"
            },
            "speechAct": "(단언) 주장하기",
            "morpheme": "맞/VV+어/EC"
          },
          {
            "id": 3,
            "text": "2 : 나도 어릴 때는 엄청 했는데 나이 먹으니깐 잘 안 하게 되더라",
            "norm_text": "나도 어릴 때는 엄청 했는데 나이 먹으니깐 잘 안 하게 되더라",
            "speaker": {
              "id": "2번",
              "sex": "남성",
              "age": "20대"
            },
            "speechAct": "(단언) 주장하기",
            "morpheme": "나/NP+도/JX+어릴/VA+ETM+때/NNG+는/JX+엄청/MAG+했/VV+EP+는데/EC+나이/NNG+먹/VV+으니깐/EC+잘/MAG+안/MAG+하/VV+게/EC+되/VV+더라/EC"
          },
          {
            "id": 4,
            "text": "3 : 나는 지금도 많이 해",
            "norm_text": "나는 지금도 많이 해",
            "speaker": {
              "id": "3번",
              "sex": "남성",
              "age": "20대"
            },
            "speechAct": "(단언) 주장하기",
            "morpheme": "나/NP+는/JX+지금/NNG+도/JX+많이/MAG+해/VV+EC"
          },
          {
            "id": 5,
            "text": "1 : 지금은 손도 안 가 키키",
            "norm_text": "지금은 손도 안 가 키키",
            "speaker": {
              "id": "1번",
              "sex": "여성",
              "age": "20대"
            },
            "speechAct": "(단언) 주장하기",
            "morpheme": "지금/MAG+은/JX+손/NNG+도/JX+안/MAG+가/VV+EC+키/NNG+키/XSV+ETN"
          },
          {
            "id": 6,
            "text": "1 : 달라졌어",
            "norm_text": "달라졌어",
            "speaker": {
              "id": "1번",
              "sex": "여성",
              "age": "20대"
            },
            "speechAct": "(단언) 주장하기",
            "morpheme": "달라졌/VA+EC+VX+EP+어/EC"
          },
          {
            "id": 7,
            "text": "2 : 맞어",
            "norm_text": "맞어",
            "speaker": {
              "id": "2번",
              "sex": "남성",
              "age": "20대"
            },
            "speechAct": "(단언) 주장하기",
            "morpheme": "맞/VV+어/EC"
          },
          {
            "id": 8,
            "text": "2 : 나도 진짜 한달에 한번 할까 말까 키키",
            "norm_text": "나도 진짜 한달에 한번 할까 말까 키키",
            "speaker": {
              "id": "2번",
              "sex": "남성",
              "age": "20대"
            },
            "speechAct": "(단언) 주장하기",
            "morpheme": "나/NP+도/JX+진짜/MAG+한/MM+달/NNG+에/JKB+한/MM+번/NNBC+할까/VV+EC+말/VX+까/EC+키/NNG+키/XSV+ETN"
          },
          {
            "id": 9,
            "text": "3 : 그게 다 나이 먹어서 그래 헙",
            "norm_text": "그게 다 나이 먹어서 그래 헙",
            "speaker": {
              "id": "3번",
              "sex": "남성",
              "age": "20대"
            },
            "speechAct": "(단언) 주장하기",
            "morpheme": "그게/NP+JKS+다/MAG+나이/NNG+먹/VV+어서/EC+그래/VV+EC+헙/UNKNOWN"
          },
          {
            "id": 10,
            "text": "1 : 하 그런가 키키",
            "norm_text": "하 그런가 키키",
            "speaker": {
              "id": "1번",
              "sex": "여성",
              "age": "20대"
            },
            "speechAct": "(단언) 주장하기",
            "morpheme": "하/IC+그런가/VA+EC+키/NNG+키/XSV+ETN"
          },
          {
            "id": 11,
            "text": "1 : 음 할 시간도 없는 거 같아 키키",
            "norm_text": "음 할 시간도 없는 거 같아 키키",
            "speaker": {
              "id": "1번",
              "sex": "여성",
              "age": "20대"
            },
            "speechAct": "(단언) 주장하기",
            "morpheme": "음/IC+할/VV+ETM+시간/NNG+도/JX+없/VA+는/ETM+거/NNB+같/VA+아/EC+키/NNG+키/XSV+ETN"
          },
          {
            "id": 12,
            "text": "2 : 나는 시간은 있는데 딱히 관심이 잘 안 간다 해야 하나 그런 거 같애",
            "norm_text": "나는 시간은 있는데 딱히 관심이 잘 안 간다 해야 하나 그런 거 같애",
            "speaker": {
              "id": "2번",
              "sex": "남성",
              "age": "20대"
            },
            "speechAct": "(단언) 주장하기",
            "morpheme": "나/NP+는/JX+시간/NNG+은/JX+있/VA+는데/EC+딱히/MAG+관심/NNG+이/JKS+잘/MAG+안/MAG+간다/VV+EC+해야/VV+EC+하나/NR+그런/MM+거/NNB+같/VA+애/EC"
          },
          {
            "id": 13,
            "text": "3 : 나는 아직 재밌어서 다행이야",
            "norm_text": "나는 아직 재밌어서 다행이야",
            "speaker": {
              "id": "3번",
              "sex": "남성",
              "age": "20대"
            },
            "speechAct": "(단언) 주장하기",
            "morpheme": "나/NP+는/JX+아직/MAG+재밌/VA+어서/EC+다행/NNG+이/VCP+야/EC"
          },
          {
            "id": 14,
            "text": "1 : 지금 신경 쓸게 많아서 그래",
            "norm_text": "지금 신경 쓸게 많아서 그래",
            "speaker": {
              "id": "1번",
              "sex": "여성",
              "age": "20대"
            },
            "speechAct": "(단언) 주장하기",
            "morpheme": "지금/MAG+신경/NNG+쓸/VV+ETM+게/NNB+JKS+많/VA+아서/EC+그래/VV+EC"
          },
          {
            "id": 15,
            "text": "2 : 지금 재밌는 것도 나이 조금씩 먹으면 크게 관심 안 가져 키키",
            "norm_text": "지금 재밌는 것도 나이 조금씩 먹으면 크게 관심 안 가져 키키",
            "speaker": {
              "id": "2번",
              "sex": "남성",
              "age": "20대"
            },
            "speechAct": "(단언) 주장하기",
            "morpheme": "지금/MAG+재밌/VA+는/ETM+것/NNB+도/JX+나이/NNG+조금/NNG+씩/XSN+먹/VV+으면/EC+크/VA+게/EC+관심/NNG+안/MAG+가져/VV+EC+키/NNG+키/XSV+ETN"
          },
          {
            "id": 16,
            "text": "3 : 그것도 그래",
            "norm_text": "그것도 그래",
            "speaker": {
              "id": "3번",
              "sex": "남성",
              "age": "20대"
            },
            "speechAct": "(단언) 주장하기",
            "morpheme": "그것/NP+도/JX+그래/VA+EC"
          },
          {
            "id": 17,
            "text": "3 : 좀 슬퍼지네",
            "norm_text": "좀 슬퍼지네",
            "speaker": {
              "id": "3번",
              "sex": "남성",
              "age": "20대"
            },
            "speechAct": "(단언) 주장하기",
            "morpheme": "좀/MAG+슬퍼/VA+EC+지네/NNG"
          },
          {
            "id": 18,
            "text": "1 : 이렇게 조금씩 나이를 먹어 가나봐 ㅠㅠ",
            "norm_text": "이렇게 조금씩 나이를 먹어 가나봐 ㅠㅠ",
            "speaker": {
              "id": "1번",
              "sex": "여성",
              "age": "20대"
            },
            "speechAct": "(단언) 주장하기",
            "morpheme": "이렇게/MAG+조금/MAG+씩/XSN+나이/NNG+를/JKO+먹/VV+어/EC+가/VX+나/EC+봐/VX+EF+ㅠㅠ/UNKNOWN"
          },
          {
            "id": 19,
            "text": "2 : 영원히 20대일 거 같은데 좀 있으면 서른이네 ㅠㅠ",
            "norm_text": "영원히 20대일 거 같은데 좀 있으면 서른이네 ㅠㅠ",
            "speaker": {
              "id": "2번",
              "sex": "남성",
              "age": "20대"
            },
            "speechAct": "(단언) 주장하기",
            "morpheme": "영원히/MAG+20/SN+대일거같은데좀있으면서른이네ㅠㅠ/UNKNOWN"
          },
          {
            "id": 20,
            "text": "3 : 나는 20대의 파릇파릇한 청춘이 있다구",
            "norm_text": "나는 20대의 파릇파릇한 청춘이 있다구",
            "speaker": {
              "id": "3번",
              "sex": "남성",
              "age": "20대"
            },
            "speechAct": "(단언) 주장하기",
            "morpheme": "나/NP+는/JX+20/SN+대/NNBC+의/JKG+파릇파릇/MAG+한/XSA+ETM+청춘/NNG+이/JKS+있/VV+다구/EC"
          },
          {
            "id": 21,
            "text": "1 : 하 이번년도도 이렇게 가네 ㅜㅜ",
            "norm_text": "하 이번년도도 이렇게 가네 ㅜㅜ",
            "speaker": {
              "id": "1번",
              "sex": "여성",
              "age": "20대"
            },
            "speechAct": "(단언) 주장하기",
            "morpheme": "하이/IC+번/NR+년/NNBC+도/JX+도/JX+이렇/VA+게/EC+가/VX+네/EF+ㅜㅜ/UNKNOWN"
          },
          {
            "id": 22,
            "text": "2 : 진찌 20대 금방 간 거 같다 에혀 ㅠㅠ",
            "norm_text": "진찌 20대 금방 간 거 같다 에혀 ㅠㅠ",
            "speaker": {
              "id": "2번",
              "sex": "남성",
              "age": "20대"
            },
            "speechAct": "(단언) 주장하기",
            "morpheme": "진/VV+ETM+찌/NNG+20/SN+대금방간거같다에혀ㅠㅠ/UNKNOWN"
          },
          {
            "id": 23,
            "text": "3 : 다들 슬픈 20대를 보내는구나",
            "norm_text": "다들 슬픈 20대를 보내는구나",
            "speaker": {
              "id": "3번",
              "sex": "남성",
              "age": "20대"
            },
            "speechAct": "(단언) 주장하기",
            "morpheme": "다/MAG+들/XSN+슬픈/VA+ETM+20/SN+대/NNBC+를/JKO+보내/VV+는구나/EC"
          }
        ]
      }
    }
  ]
}