{
  "dataset": {
    "identifier": 102724,
    "name": "BAND_38_13_set",
    "src_path": "/data/file/cubeManager/PROJECT001/77/txt20211027150101073569/BAND_38_13_set/",
    "label_path": "/data/file/cubeManager/PROJECT001/77/txt20211027150101073569/BAND_38_13_set/",
    "category": 2,
    "type": 0
  },
  "licenses": {
    "name": "Apache License 1.0",
    "url": "http://www.apache.org/licenses/LICENSE-1.0"
  },
  "info": [
    {
      "id": 96673,
      "filename": "BAND_38_13.txt",
      "title": "BAND_38_13",
      "mediatype": "SNS",
      "medianame": "네이버밴드",
      "category": "일상대화",
      "date": "2021-10-27",
      "size": 488,
      "annotations": {
        "subject": "계절/날씨",
        "speaker_type": "다자간 대화",
        "size": 488,
        "word_size": 154,
        "text": "1 : 요즘 추워 다들 감기 조심혀~\n2 : 추워 실화냐 기모 후드티에 후리스 잠바 입구 댕김;\n3 : 요즘 너무 추워졌어 한번에 ㄷㄷ\n1 : 그니깐 이렇게 급 겨울와서 당황\n2 : ㄹㅇ 가을옷 입지도 못 함 키키 하 나 참 어이없을무\n3 : 근데 살짝 패딩 입기엔 눈치싸움 시작이라 키키\n1 : 맞아 키키 그래서 경량 패딩 입고 댕기는중\n2 : 키키 후 진심 누가 빨리 롱패딩 입어줘여 허벅지 시려\n3 : 아 키키 빨리 입어야는데 선두쳐야하나\n1 : 키키 롱패딩은 진짜 눈치싸움 키키\n1 : 학생들 입으면 입어야지\n2 : ㅇㅈㅇㅈ 학생들이 트렌드의 선두주자이지 ~~^^\n3 : 맞아 좀 따라가기에는 벅차달까... 키키\n1 : 요즘 애들 따라가기 힘들지 키키\n2 : ㅇㅈ 애덜 치마 입고 다니는 거 보고 기겁함 안 춥나\n3 : 이게 패션이면... 난 포기야 키키\n1 : 패션이고 뭐고 따수운게 최고야\n2 : 아 고롬요~ 양말도 밍크 양말 신구 다닌다구~\n3 : 그래두 예쁜옷 입기엔 추워여지! 겨울 짱이야",
        "lines": [
          {
            "id": 1,
            "text": "1 : 요즘 추워 다들 감기 조심혀~",
            "norm_text": "요즘 추워 다들 감기 조심혀~",
            "speaker": {
              "id": "1번",
              "sex": "여성",
              "age": "20대"
            },
            "speechAct": "(지시) 충고/제안하기",
            "morpheme": "요즘추워다들감기조심혀/UNKNOWN+~/SY"
          },
          {
            "id": 2,
            "text": "2 : 추워 실화냐 기모 후드티에 후리스 잠바 입구 댕김;",
            "norm_text": "추워 실화냐 기모 후드티에 후리스 잠바 입구 댕김;",
            "speaker": {
              "id": "2번",
              "sex": "여성",
              "age": "20대"
            },
            "speechAct": "(단언) 진술하기",
            "morpheme": "추워실화냐기모후드티에후리스잠바입구댕김/UNKNOWN+;/SY"
          },
          {
            "id": 3,
            "text": "3 : 요즘 너무 추워졌어 한번에 ㄷㄷ",
            "norm_text": "요즘 너무 추워졌어 한번에 ㄷㄷ",
            "speaker": {
              "id": "3번",
              "sex": "남성",
              "age": "20대"
            },
            "speechAct": "(단언) 주장하기",
            "morpheme": "요즘/MAG+너무/MAG+추워졌/VA+EC+VX+EP+어/EC+한/MM+번/NNBC+에/JKB+ㄷ/NNG+ㄷ/NNG"
          },
          {
            "id": 4,
            "text": "1 : 그니깐 이렇게 급 겨울와서 당황",
            "norm_text": "그니깐 이렇게 급 겨울와서 당황",
            "speaker": {
              "id": "1번",
              "sex": "여성",
              "age": "20대"
            },
            "speechAct": "(단언) 주장하기",
            "morpheme": "그니깐/MAJ+이렇게/MAG+급/NNG+겨울/NNG+와서/VV+EC+당황/NNG"
          },
          {
            "id": 5,
            "text": "2 : ㄹㅇ 가을옷 입지도 못 함 키키 하 나 참 어이없을무",
            "norm_text": "ㄹㅇ 가을옷 입지도 못 함 키키 하 나 참 어이없을무",
            "speaker": {
              "id": "2번",
              "sex": "여성",
              "age": "20대"
            },
            "speechAct": "(단언) 주장하기",
            "morpheme": "ㄹㅇ/UNKNOWN+가을/NNG+옷/NNG+입지/NNG+도/JX+못함/VX+ETN+키/NNG+키/XSV+ETN+하나/NR+참어/NNG+이/MM+없을무/NNG"
          },
          {
            "id": 6,
            "text": "3 : 근데 살짝 패딩 입기엔 눈치싸움 시작이라 키키",
            "norm_text": "근데 살짝 패딩 입기엔 눈치싸움 시작이라 키키",
            "speaker": {
              "id": "3번",
              "sex": "남성",
              "age": "20대"
            },
            "speechAct": "(단언) 주장하기",
            "morpheme": "근데/MAJ+살짝/MAG+패딩/NNG+입/VV+기/ETN+엔/JKB+JX+눈치/NNG+싸움/NNG+시작/NNG+이/JKS+라키/NNP+키/NNG"
          },
          {
            "id": 7,
            "text": "1 : 맞아 키키 그래서 경량 패딩 입고 댕기는중",
            "norm_text": "맞아 키키 그래서 경량 패딩 입고 댕기는중",
            "speaker": {
              "id": "1번",
              "sex": "여성",
              "age": "20대"
            },
            "speechAct": "(단언) 진술하기",
            "morpheme": "맞/VV+아/EC+키/NNG+키/XSV+ETN+그래서/MAJ+경량/NNG+패딩/NNG+입/VV+고/EC+댕기/VV+는/ETM+중/NNB"
          },
          {
            "id": 8,
            "text": "2 : 키키 후 진심 누가 빨리 롱패딩 입어줘여 허벅지 시려",
            "norm_text": "키키 후 진심 누가 빨리 롱패딩 입어줘여 허벅지 시려",
            "speaker": {
              "id": "2번",
              "sex": "여성",
              "age": "20대"
            },
            "speechAct": "(단언) 주장하기",
            "morpheme": "키/NNG+키/NNG+후/NNG+진심/NNG+누가/NP+JKS+빨리/MAG+롱/NNG+패딩/NNG+입/VV+어/EC+줘/VX+EF+여/XSN+허벅지/NNG+시려/VA+EC"
          },
          {
            "id": 9,
            "text": "3 : 아 키키 빨리 입어야는데 선두쳐야하나",
            "norm_text": "아 키키 빨리 입어야는데 선두쳐야하나",
            "speaker": {
              "id": "3번",
              "sex": "남성",
              "age": "20대"
            },
            "speechAct": "(단언) 주장하기",
            "morpheme": "아키/NNP+키/NNG+빨리/MAG+입/VV+어야/EC+는데/VV+EC+선두/NNG+쳐야/VV+EC+하나/NR"
          },
          {
            "id": 10,
            "text": "1 : 키키 롱패딩은 진짜 눈치싸움 키키",
            "norm_text": "키키 롱패딩은 진짜 눈치싸움 키키",
            "speaker": {
              "id": "1번",
              "sex": "여성",
              "age": "20대"
            },
            "speechAct": "(단언) 주장하기",
            "morpheme": "키/NNG+키/NNG+롱/NNG+패딩/NNG+은/JX+진짜/MAG+눈치/NNG+싸움/NNG+키/NNG+키/XSV+ETN"
          },
          {
            "id": 11,
            "text": "1 : 학생들 입으면 입어야지",
            "norm_text": "학생들 입으면 입어야지",
            "speaker": {
              "id": "1번",
              "sex": "여성",
              "age": "20대"
            },
            "speechAct": "(단언) 주장하기",
            "morpheme": "학생/NNG+들/XSN+입/VV+으면/EC+입/VV+어야지/EC"
          },
          {
            "id": 12,
            "text": "2 : ㅇㅈㅇㅈ 학생들이 트렌드의 선두주자이지 ~~^^",
            "norm_text": "ㅇㅈㅇㅈ 학생들이 트렌드의 선두주자이지 ~~^^",
            "speaker": {
              "id": "2번",
              "sex": "여성",
              "age": "20대"
            },
            "speechAct": "(단언) 주장하기",
            "morpheme": "ㅇㅈㅇㅈ학생들이트렌드의선두주자이지/UNKNOWN+~/SY+~/SY+^/SY+^/SY"
          },
          {
            "id": 13,
            "text": "3 : 맞아 좀 따라가기에는 벅차달까... 키키",
            "norm_text": "맞아 좀 따라가기에는 벅차달까... 키키",
            "speaker": {
              "id": "3번",
              "sex": "남성",
              "age": "20대"
            },
            "speechAct": "(단언) 주장하기",
            "morpheme": "맞/VV+아/EC+좀/MAG+따라가/VV+기/ETN+에/JKB+는/JX+벅차/VA+달까/EF+./SY+키/NNG+키/XSV+ETN"
          },
          {
            "id": 14,
            "text": "1 : 요즘 애들 따라가기 힘들지 키키",
            "norm_text": "요즘 애들 따라가기 힘들지 키키",
            "speaker": {
              "id": "1번",
              "sex": "여성",
              "age": "20대"
            },
            "speechAct": "(단언) 주장하기",
            "morpheme": "요즘/NNG+애/NNG+들/XSN+따라가/VV+기/ETN+힘들/VA+지/EC+키/NNG+키/XSV+ETN"
          },
          {
            "id": 15,
            "text": "2 : ㅇㅈ 애덜 치마 입고 다니는 거 보고 기겁함 안 춥나",
            "norm_text": "ㅇㅈ 애덜 치마 입고 다니는 거 보고 기겁함 안 춥나",
            "speaker": {
              "id": "2번",
              "sex": "여성",
              "age": "20대"
            },
            "speechAct": "(단언) 주장하기",
            "morpheme": "ㅇㅈ/UNKNOWN+애/NNG+덜/MAG+치마/NNG+입/VV+고/EC+다니/VV+는/ETM+거/NNB+보고/JKB+기겁/NNG+함/XSV+ETN+안/MAG+춥/VA+나/EC"
          },
          {
            "id": 16,
            "text": "3 : 이게 패션이면... 난 포기야 키키",
            "norm_text": "이게 패션이면... 난 포기야 키키",
            "speaker": {
              "id": "3번",
              "sex": "남성",
              "age": "20대"
            },
            "speechAct": "(단언) 주장하기",
            "morpheme": "이게/NP+JKS+패션/NNG+이/VCP+면/EC+./SY+./SY+난/NP+JX+포기/NNG+야/VCP+EF+키/NNG+키/XSV+ETN"
          },
          {
            "id": 17,
            "text": "1 : 패션이고 뭐고 따수운게 최고야",
            "norm_text": "패션이고 뭐고 따수운게 최고야",
            "speaker": {
              "id": "1번",
              "sex": "여성",
              "age": "20대"
            },
            "speechAct": "(단언) 주장하기",
            "morpheme": "패션/NNG+이/VCP+고/EC+뭐/NP+고/VCP+EC+따수운/VA+ETM+게/NNB+JKS+최고/NNG+야/VCP+EF"
          },
          {
            "id": 18,
            "text": "2 : 아 고롬요~ 양말도 밍크 양말 신구 다닌다구~",
            "norm_text": "아 고롬요~ 양말도 밍크 양말 신구 다닌다구~",
            "speaker": {
              "id": "2번",
              "sex": "여성",
              "age": "20대"
            },
            "speechAct": "(단언) 진술하기",
            "morpheme": "아/IC+고롬/NNG+요/JX+~/SY+양말도밍크양말신구다닌다구/UNKNOWN+~/SY"
          },
          {
            "id": 19,
            "text": "3 : 그래두 예쁜옷 입기엔 추워여지! 겨울 짱이야",
            "norm_text": "그래두 예쁜옷 입기엔 추워여지! 겨울 짱이야",
            "speaker": {
              "id": "3번",
              "sex": "남성",
              "age": "20대"
            },
            "speechAct": "(단언) 주장하기",
            "morpheme": "그래두예쁜옷입기엔추워여지/UNKNOWN+겨울/NNG+짱/NNG+이/VCP+야/EC"
          }
        ]
      }
    }
  ]
}