{
  "dataset": {
    "identifier": 18564,
    "name": "BAND_24_20_set",
    "src_path": "/data/file/cubeManager/PROJECT001/49/txt202109151217260819105/BAND_24_20_set/",
    "label_path": "/data/file/cubeManager/PROJECT001/49/txt202109151217260819105/BAND_24_20_set/",
    "category": 2,
    "type": 0
  },
  "licenses": {
    "name": "Apache License 1.0",
    "url": "http://www.apache.org/licenses/LICENSE-1.0"
  },
  "info": [
    {
      "id": 26060,
      "filename": "BAND_24_20.txt",
      "title": "BAND_24_20",
      "mediatype": "SNS",
      "medianame": "네이버밴드",
      "category": "일상대화",
      "date": "2021-09-15",
      "size": 365,
      "annotations": {
        "subject": "영화/만화",
        "speaker_type": "1:1",
        "size": 365,
        "word_size": 120,
        "text": "1 : 너 달빛천사 만화 알아?\n2 : 그 옛날 만화 말하는 거지?\n1 : 맞아 요즘에 그거 줄거리 나오거든.\n2 : 크 추억 돋네 기억난다\n1 : 맞아 그러면 너 신의괴도 잔느도 알아?\n2 : 어 그건 모르는데 뭐야?\n1 : 모르지? 달빛천사보다 훨씬 먼저 나오긴 했지.\n2 : 어 진짜 그러면 줄거리 좀 공유~\n1 : 그것도 애들이 변신하는 건데 여주인공이 도둑이야.\n2 : 아 재미없을 거 같은데 다른 거는 없어?\n1 : 그러면 너 피치피치핏치 알아?\n2 : 아니 들어는 본 거 같은데  확실히는 몰라\n1 : 너 어렸을 때 만화 잘 안 봤구나?\n2 : 아니 봤어 그 도레미마법사인가 알아?\n1 : 응? 그게 제목이 그거였나?\n2 : 글쎄 그거인 거 같은데 뭐 대충 그렇겠지?",
        "lines": [
          {
            "id": 1,
            "text": "1 : 너 달빛천사 만화 알아?",
            "norm_text": "너 달빛천사 만화 알아?",
            "speaker": {
              "id": "1번",
              "sex": "여성",
              "age": "20대"
            },
            "speechAct": "(지시) 질문하기",
            "morpheme": "너/NP+달빛천사/NNP+만화/NNG+알/VV+아/EF"
          },
          {
            "id": 2,
            "text": "2 : 그 옛날 만화 말하는 거지?",
            "norm_text": "그 옛날 만화 말하는 거지?",
            "speaker": {
              "id": "2번",
              "sex": "여성",
              "age": "20대"
            },
            "speechAct": "(지시) 질문하기",
            "morpheme": "그/MM+옛날/NNG+만화/NNG+말/NNG+하/XSV+는/ETM+거/NNB+지/VCP+EF"
          },
          {
            "id": 3,
            "text": "1 : 맞아 요즘에 그거 줄거리 나오거든.",
            "norm_text": "맞아 요즘에 그거 줄거리 나오거든.",
            "speaker": {
              "id": "1번",
              "sex": "여성",
              "age": "20대"
            },
            "speechAct": "(단언) 진술하기",
            "morpheme": "맞/VV+아/EC+요즘/NNG+에/JKB+그거/NP+줄거리/NNG+나오/VV+거든/EF"
          },
          {
            "id": 4,
            "text": "2 : 크 추억 돋네 기억난다",
            "norm_text": "크 추억 돋네 기억난다",
            "speaker": {
              "id": "2번",
              "sex": "여성",
              "age": "20대"
            },
            "speechAct": "(단언) 주장하기",
            "morpheme": "크/IC+추억/NNG+돋/VV+EP+네/EF+기억/NNG+난다/VV+EC"
          },
          {
            "id": 5,
            "text": "1 : 맞아 그러면 너 신의괴도 잔느도 알아?",
            "norm_text": "맞아 그러면 너 신의괴도 잔느도 알아?",
            "speaker": {
              "id": "1번",
              "sex": "여성",
              "age": "20대"
            },
            "speechAct": "(지시) 질문하기",
            "morpheme": "맞/VV+아/EC+그러/VV+면/EC+너/VV+신/EP+ETM+의괴/NNG+도/JX+잔느/NNP+도/JX+알/VV+아/EF"
          },
          {
            "id": 6,
            "text": "2 : 어 그건 모르는데 뭐야?",
            "norm_text": "어 그건 모르는데 뭐야?",
            "speaker": {
              "id": "2번",
              "sex": "여성",
              "age": "20대"
            },
            "speechAct": "(지시) 질문하기",
            "morpheme": "어/IC+그건/NP+JX+모르/VV+는데/EC+뭐/NP+야/VCP+EF"
          },
          {
            "id": 7,
            "text": "1 : 모르지? 달빛천사보다 훨씬 먼저 나오긴 했지.",
            "norm_text": "모르지? 달빛천사보다 훨씬 먼저 나오긴 했지.",
            "speaker": {
              "id": "1번",
              "sex": "여성",
              "age": "20대"
            },
            "speechAct": "(단언) 진술하기",
            "morpheme": "모르/VV+지/EF+달빛천사/NNP+보다/JKB+훨씬/MAG+먼저/MAG+나오/VV+긴/ETN+JX+했/VX+EP+지/EF"
          },
          {
            "id": 8,
            "text": "2 : 어 진짜 그러면 줄거리 좀 공유~",
            "norm_text": "어 진짜 그러면 줄거리 좀 공유~",
            "speaker": {
              "id": "2번",
              "sex": "여성",
              "age": "20대"
            },
            "speechAct": "(지시) 명령/요구하기",
            "morpheme": "어/IC+진짜/MAG+그러/VV+면/EC+줄거리/NNG+좀/MAG+공유/NNG+~/SY"
          },
          {
            "id": 9,
            "text": "1 : 그것도 애들이 변신하는 건데 여주인공이 도둑이야.",
            "norm_text": "그것도 애들이 변신하는 건데 여주인공이 도둑이야.",
            "speaker": {
              "id": "1번",
              "sex": "여성",
              "age": "20대"
            },
            "speechAct": "(단언) 진술하기",
            "morpheme": "그것/NP+도/JX+애/NNG+들/XSN+이/JKS+변신/NNG+하/XSV+는/ETM+건데/NNB+VCP+EC+여주인공/NNG+이/JKS+도둑/NNG+이/VCP+야/EF"
          },
          {
            "id": 10,
            "text": "2 : 아 재미없을 거 같은데 다른 거는 없어?",
            "norm_text": "아 재미없을 거 같은데 다른 거는 없어?",
            "speaker": {
              "id": "2번",
              "sex": "여성",
              "age": "20대"
            },
            "speechAct": "(지시) 질문하기",
            "morpheme": "아재미/NNG+없/VA+을/ETM+거/NNB+같/VA+은데/EC+다른/MM+거/NNB+는/JX+없/VA+어/EF"
          },
          {
            "id": 11,
            "text": "1 : 그러면 너 피치피치핏치 알아?",
            "norm_text": "그러면 너 피치피치핏치 알아?",
            "speaker": {
              "id": "1번",
              "sex": "여성",
              "age": "20대"
            },
            "speechAct": "(지시) 질문하기",
            "morpheme": "그러면/MAJ+너/NP+피치/VV+EC+피치/VV+EC+핏/NNG+치/XSA+EC+알/VV+아/EF"
          },
          {
            "id": 12,
            "text": "2 : 아니 들어는 본 거 같은데  확실히는 몰라",
            "norm_text": "아니 들어는 본 거 같은데  확실히는 몰라",
            "speaker": {
              "id": "2번",
              "sex": "여성",
              "age": "20대"
            },
            "speechAct": "(단언) 진술하기",
            "morpheme": "아니/MAG+들/VV+어/EC+는/JX+본/VX+ETM+거/NNB+같/VA+은데/EC+확실히/MAG+는/JX+몰라/VV+EC"
          },
          {
            "id": 13,
            "text": "1 : 너 어렸을 때 만화 잘 안 봤구나?",
            "norm_text": "너 어렸을 때 만화 잘 안 봤구나?",
            "speaker": {
              "id": "1번",
              "sex": "여성",
              "age": "20대"
            },
            "speechAct": "(지시) 질문하기",
            "morpheme": "너/NP+어렸/VA+EP+을/ETM+때/NNG+만화/NNG+잘/MAG+안/MAG+봤/VV+EP+구나/EF"
          },
          {
            "id": 14,
            "text": "2 : 아니 봤어 그 도레미마법사인가 알아?",
            "norm_text": "아니 봤어 그 도레미마법사인가 알아?",
            "speaker": {
              "id": "2번",
              "sex": "여성",
              "age": "20대"
            },
            "speechAct": "(지시) 질문하기",
            "morpheme": "아니/MAG+봤/VV+EP+어/EF+그/MM+도레미/NNG+마법사/NNG+인가/VCP+EC+알/VV+아/EF"
          },
          {
            "id": 15,
            "text": "1 : 응? 그게 제목이 그거였나?",
            "norm_text": "응? 그게 제목이 그거였나?",
            "speaker": {
              "id": "1번",
              "sex": "여성",
              "age": "20대"
            },
            "speechAct": "(지시) 질문하기",
            "morpheme": "응/IC+그게/NP+JKS+제목/NNG+이/JKS+그거/NP+였/VCP+EP+나/EF"
          },
          {
            "id": 16,
            "text": "2 : 글쎄 그거인 거 같은데 뭐 대충 그렇겠지?",
            "norm_text": "글쎄 그거인 거 같은데 뭐 대충 그렇겠지?",
            "speaker": {
              "id": "2번",
              "sex": "여성",
              "age": "20대"
            },
            "speechAct": "(단언) 주장하기",
            "morpheme": "글쎄/IC+그거/NP+인/VCP+ETM+거/NNB+같/VA+은데/EC+뭐/IC+대충/MAG+그렇/VA+겠/EP+지/EF"
          }
        ]
      }
    }
  ]
}