{
  "dataset": {
    "identifier": 21664,
    "name": "BAND_21_12_set",
    "src_path": "/data/file/cubeManager/PROJECT001/49/txt20210915110606069824/BAND_21_12_set/",
    "label_path": "/data/file/cubeManager/PROJECT001/49/txt20210915110606069824/BAND_21_12_set/",
    "category": 2,
    "type": 0
  },
  "licenses": {
    "name": "Apache License 1.0",
    "url": "http://www.apache.org/licenses/LICENSE-1.0"
  },
  "info": [
    {
      "id": 25551,
      "filename": "BAND_21_12.txt",
      "title": "BAND_21_12",
      "mediatype": "SNS",
      "medianame": "네이버밴드",
      "category": "일상대화",
      "date": "2021-09-15",
      "size": 402,
      "annotations": {
        "subject": "여행",
        "speaker_type": "1:1",
        "size": 402,
        "word_size": 130,
        "text": "1 : 우리 조가네 녀자들 모임 여행지 정해야지?\n2 : 응 우리 작년에 태안 갔을 때 너무 재밌었잖아\n1 : 맞아 그때 짱 재미있었는데 갈대밭? 거기도 좋았잖아.\n2 : 팜파스 식물원~ 핑크 뮬리도 예뻤지 키키\n1 : 맞아 그때 우리 총 경비가 얼마였지?\n2 : 인당 10만원 들었던 것 같은데?\n2 : 아닌가?\n1 : 10만 원은 더 들지 않았을까?\n2 : 아 그러게 식비를 포함 안 했네!\n1 : 이번에는 한 15만 원 정도 넉넉하게 경비 맞춰서 가보자!\n2 : 응 그래 어디가 좋을까?\n1 : 음 서해안 갔으니까 이번에는 동해안으로 가 볼까?\n2 : 좋지 근데 너무 멀지 않을까?\n1 : 음 그래도 동해안 바다가 예쁘잖아!\n2 : 바다 말고 서울 근교 캠핑 어때?\n1 : 여자 넷이서 캠핑을 할 수 있을까?\n2 : 음 그건 고민 해봐야겠네!",
        "lines": [
          {
            "id": 1,
            "text": "1 : 우리 조가네 녀자들 모임 여행지 정해야지?",
            "norm_text": "우리 조가네 녀자들 모임 여행지 정해야지?",
            "speaker": {
              "id": "1번",
              "sex": "여성",
              "age": "20대"
            },
            "speechAct": "(지시) 질문하기",
            "morpheme": "우리/NP+조/NNG+가/JKS+네/MM+녀/NNG+자/XSN+들/XSN+모임/NNG+여행/NNG+지정/NNG+해야지/XSV+EF"
          },
          {
            "id": 2,
            "text": "2 : 응 우리 작년에 태안 갔을 때 너무 재밌었잖아",
            "norm_text": "응 우리 작년에 태안 갔을 때 너무 재밌었잖아",
            "speaker": {
              "id": "2번",
              "sex": "여성",
              "age": "20대"
            },
            "speechAct": "(단언) 주장하기",
            "morpheme": "응/IC+우리/NP+작년/NNG+에/JKB+태안/NNG+갔/VV+EP+을/ETM+때/NNG+너무/MAG+재밌/VA+었잖/EC+VX+아/EC"
          },
          {
            "id": 3,
            "text": "1 : 맞아 그때 짱 재미있었는데 갈대밭? 거기도 좋았잖아.",
            "norm_text": "맞아 그때 짱 재미있었는데 갈대밭? 거기도 좋았잖아.",
            "speaker": {
              "id": "1번",
              "sex": "여성",
              "age": "20대"
            },
            "speechAct": "(단언) 주장하기",
            "morpheme": "맞/VV+아/EC+그때/NNG+짱/NNG+재미있/VA+었/EP+는데/EC+갈대밭/NNG+거기/NP+도/JX+좋/VA+았/EP+잖아/EF"
          },
          {
            "id": 4,
            "text": "2 : 팜파스 식물원~ 핑크 뮬리도 예뻤지 키키",
            "norm_text": "팜파스 식물원~ 핑크 뮬리도 예뻤지 키키",
            "speaker": {
              "id": "2번",
              "sex": "여성",
              "age": "20대"
            },
            "speechAct": "(단언) 진술하기",
            "morpheme": "팜파스/NNG+식물원/NNG+~/SY+핑크/NNG+뮬/NNG+리도/NNG+예뻤/VA+EP+지/EC+키/NNG+키/XSV+ETN"
          },
          {
            "id": 5,
            "text": "1 : 맞아 그때 우리 총 경비가 얼마였지?",
            "norm_text": "맞아 그때 우리 총 경비가 얼마였지?",
            "speaker": {
              "id": "1번",
              "sex": "여성",
              "age": "20대"
            },
            "speechAct": "(지시) 질문하기",
            "morpheme": "맞/VV+아/EC+그때/NNG+우리/NP+총/MM+경비/NNG+가/JKS+얼마/NNG+였/VCP+EP+지/EF"
          },
          {
            "id": 6,
            "text": "2 : 인당 10만원 들었던 것 같은데?",
            "norm_text": "인당 10만원 들었던 것 같은데?",
            "speaker": {
              "id": "2번",
              "sex": "여성",
              "age": "20대"
            },
            "speechAct": "(단언) 주장하기",
            "morpheme": "인/NNG+당/XSN+10/SN+만/NR+원/NNBC+들/VV+었/EP+던/ETM+것/NNB+같/VA+은데/EF"
          },
          {
            "id": 7,
            "text": "2 : 아닌가?",
            "norm_text": "아닌가?",
            "speaker": {
              "id": "2번",
              "sex": "여성",
              "age": "20대"
            },
            "speechAct": "(지시) 질문하기",
            "morpheme": "아닌가/VCN+EF"
          },
          {
            "id": 8,
            "text": "1 : 10만 원은 더 들지 않았을까?",
            "norm_text": "10만 원은 더 들지 않았을까?",
            "speaker": {
              "id": "1번",
              "sex": "여성",
              "age": "20대"
            },
            "speechAct": "(지시) 질문하기",
            "morpheme": "10/SN+만/NR+원/NNBC+은/JX+더/MAG+들/VV+지/EC+않/VX+았/EP+을까/EF"
          },
          {
            "id": 9,
            "text": "2 : 아 그러게 식비를 포함 안 했네!",
            "norm_text": "아 그러게 식비를 포함 안 했네!",
            "speaker": {
              "id": "2번",
              "sex": "여성",
              "age": "20대"
            },
            "speechAct": "(단언) 진술하기",
            "morpheme": "아/IC+그러게/IC+식비/NNG+를/JKO+포함/NNG+안/MAG+했/VV+EP+네/EF"
          },
          {
            "id": 10,
            "text": "1 : 이번에는 한 15만 원 정도 넉넉하게 경비 맞춰서 가보자!",
            "norm_text": "이번에는 한 15만 원 정도 넉넉하게 경비 맞춰서 가보자!",
            "speaker": {
              "id": "1번",
              "sex": "여성",
              "age": "20대"
            },
            "speechAct": "(지시) 충고/제안하기",
            "morpheme": "이번/NNG+에/JKB+는/JX+한/MM+15/SN+만/NR+원/NNBC+정도/NNG+넉넉/XR+하/XSA+게/EC+경비/NNG+맞춰서/VV+EC+가/JX+보/VX+자/EF"
          },
          {
            "id": 11,
            "text": "2 : 응 그래 어디가 좋을까?",
            "norm_text": "응 그래 어디가 좋을까?",
            "speaker": {
              "id": "2번",
              "sex": "여성",
              "age": "20대"
            },
            "speechAct": "(지시) 질문하기",
            "morpheme": "응/IC+그래/IC+어디/NP+가/JKS+좋/VA+을까/EF"
          },
          {
            "id": 12,
            "text": "1 : 음 서해안 갔으니까 이번에는 동해안으로 가 볼까?",
            "norm_text": "음 서해안 갔으니까 이번에는 동해안으로 가 볼까?",
            "speaker": {
              "id": "1번",
              "sex": "여성",
              "age": "20대"
            },
            "speechAct": "(지시) 질문하기",
            "morpheme": "음/IC+서해/NNP+안/MAG+갔/VV+EP+으니까/EC+이번/NNG+에/JKB+는/JX+동해/NNP+안/NNG+으로/JKB+가/VV+EC+볼까/VX+EF"
          },
          {
            "id": 13,
            "text": "2 : 좋지 근데 너무 멀지 않을까?",
            "norm_text": "좋지 근데 너무 멀지 않을까?",
            "speaker": {
              "id": "2번",
              "sex": "여성",
              "age": "20대"
            },
            "speechAct": "(지시) 질문하기",
            "morpheme": "좋/VA+지/EF+근데/MAJ+너무/MAG+멀/VA+지/EC+않/VX+을까/EF"
          },
          {
            "id": 14,
            "text": "1 : 음 그래도 동해안 바다가 예쁘잖아!",
            "norm_text": "음 그래도 동해안 바다가 예쁘잖아!",
            "speaker": {
              "id": "1번",
              "sex": "여성",
              "age": "20대"
            },
            "speechAct": "(단언) 주장하기",
            "morpheme": "음/IC+그래도/MAJ+동해/NNP+안바다/NNG+가/JKS+예쁘/VA+잖아/EF"
          },
          {
            "id": 15,
            "text": "2 : 바다 말고 서울 근교 캠핑 어때?",
            "norm_text": "바다 말고 서울 근교 캠핑 어때?",
            "speaker": {
              "id": "2번",
              "sex": "여성",
              "age": "20대"
            },
            "speechAct": "(지시) 질문하기",
            "morpheme": "바다/NNG+말/VV+고/EC+서울/NNP+근교/NNG+캠핑/NNG+어때/VA+EF"
          },
          {
            "id": 16,
            "text": "1 : 여자 넷이서 캠핑을 할 수 있을까?",
            "norm_text": "여자 넷이서 캠핑을 할 수 있을까?",
            "speaker": {
              "id": "1번",
              "sex": "여성",
              "age": "20대"
            },
            "speechAct": "(지시) 질문하기",
            "morpheme": "여자/NNG+넷/NR+이/XSN+서/JKS+캠핑/NNG+을/JKO+할/VV+ETM+수/NNB+있/VV+을까/EF"
          },
          {
            "id": 17,
            "text": "2 : 음 그건 고민 해봐야겠네!",
            "norm_text": "음 그건 고민 해봐야겠네!",
            "speaker": {
              "id": "2번",
              "sex": "여성",
              "age": "20대"
            },
            "speechAct": "(단언) 주장하기",
            "morpheme": "음/IC+그건/NP+JX+고민/NNG+해봐야/XSV+EC+VX+EC+VX+겠/EP+네/EF"
          }
        ]
      }
    }
  ]
}