{
  "dataset": {
    "identifier": 113728,
    "name": "BAND_44_10_set",
    "src_path": "/data/file/cubeManager/PROJECT001/80/txt20211102172148018377/BAND_44_10_set/",
    "label_path": "/data/file/cubeManager/PROJECT001/80/txt20211102172148018377/BAND_44_10_set/",
    "category": 2,
    "type": 0
  },
  "licenses": {
    "name": "Apache License 1.0",
    "url": "http://www.apache.org/licenses/LICENSE-1.0"
  },
  "info": [
    {
      "id": 131622,
      "filename": "BAND_44_10.txt",
      "title": "BAND_44_10",
      "mediatype": "SNS",
      "medianame": "네이버밴드",
      "category": "일상대화",
      "date": "2021-11-02",
      "size": 476,
      "annotations": {
        "subject": "스포츠/레저",
        "speaker_type": "다자간 대화",
        "size": 476,
        "word_size": 162,
        "text": "1 : 밖에서 자전거 타는 거 좋아해?\n2 : 자전거 좋지~!\n2 : 자전거 사구 싶었는데!\n3 : 자전거 안 탄 지 오래 된 거 같은데~\n1 : 안 탄 지 진짜 오래됐어 나도 키키\n2 : 키키 나두 몇 년 된 듯 키키\n2 : 근데 잘 탐 키키\n3 : 키키 난 어렸을 때 타고 안타서 기억도 가물가물,\n1 : 나도 만만치 않게 잘 탐 키키\n2 : 키키 나 자전거 캡고수 무릎 다 깨가며 배웟다궁^^\n3 : 키키 불 붙으면 나도 연습해서 따라잡는데 괜찮으려나;\n1 : 키키 같이 공원 한 바퀴 돌자\n2 : 키키 고고 우리 20키로 완주합시다^^~!\n3 : 키키 좋지 건강한 생활 환경,만들기\n1 : 키키 난 일단 바퀴 바람부터 넣고 와야겠어\n2 : 키키 키키 헬멧 챙기기 잊지 않기\u003e.~\n3 : 좋지~\n3: 장비 다들 챙겨서 만나자구\n1 : 신난다 키키\n1 : 오랜만에 다리 좀 움직이겠어\n2 : 키키 담 날 갓 태어난 송아지 마냥 쓰러지겟지 ㅜ\n3 : 건강해질 각오 단단히 하고 와...!",
        "lines": [
          {
            "id": 1,
            "text": "1 : 밖에서 자전거 타는 거 좋아해?",
            "norm_text": "밖에서 자전거 타는 거 좋아해?",
            "speaker": {
              "id": "1번",
              "sex": "여성",
              "age": "20대"
            },
            "speechAct": "(지시) 질문하기",
            "morpheme": "밖/NNG+에서/JKB+자전거/NNG+타/VV+는/ETM+거/NNB+좋/VA+아/EC+해/VX+EF"
          },
          {
            "id": 2,
            "text": "2 : 자전거 좋지~!",
            "norm_text": "자전거 좋지~!",
            "speaker": {
              "id": "2번",
              "sex": "여성",
              "age": "20대"
            },
            "speechAct": "(단언) 주장하기",
            "morpheme": "자전거/NNG+좋/VA+지/EC+~/SY"
          },
          {
            "id": 3,
            "text": "2 : 자전거 사구 싶었는데!",
            "norm_text": "자전거 사구 싶었는데!",
            "speaker": {
              "id": "2번",
              "sex": "여성",
              "age": "20대"
            },
            "speechAct": "(단언) 주장하기",
            "morpheme": "자전거/NNG+사/VV+구/EC+싶/VX+었/EP+는데/EF"
          },
          {
            "id": 4,
            "text": "3 : 자전거 안 탄 지 오래 된 거 같은데~",
            "norm_text": "자전거 안 탄 지 오래 된 거 같은데~",
            "speaker": {
              "id": "3번",
              "sex": "남성",
              "age": "20대"
            },
            "speechAct": "(단언) 주장하기",
            "morpheme": "자전거/NNG+안/MAG+탄/VV+ETM+지/NNB+오래/MAG+된/VV+ETM+거/NNB+같/VA+은데/EC+~/SY"
          },
          {
            "id": 5,
            "text": "1 : 안 탄 지 진짜 오래됐어 나도 키키",
            "norm_text": "안 탄 지 진짜 오래됐어 나도 키키",
            "speaker": {
              "id": "1번",
              "sex": "여성",
              "age": "20대"
            },
            "speechAct": "(단언) 주장하기",
            "morpheme": "안/MAG+탄/VV+ETM+지/NNB+진짜/MAG+오래/MAG+됐/VV+EP+어/EF+나/NP+도/JX+키/NNG+키/XSV+ETN"
          },
          {
            "id": 6,
            "text": "2 : 키키 나두 몇 년 된 듯 키키",
            "norm_text": "키키 나두 몇 년 된 듯 키키",
            "speaker": {
              "id": "2번",
              "sex": "여성",
              "age": "20대"
            },
            "speechAct": "(단언) 주장하기",
            "morpheme": "키/NNG+키나/XSA+ETN+JX+두/MM+몇/MM+년/NNBC+된/VV+ETM+듯/NNB+키/NNG+키/XSV+ETN"
          },
          {
            "id": 7,
            "text": "2 : 근데 잘 탐 키키",
            "norm_text": "근데 잘 탐 키키",
            "speaker": {
              "id": "2번",
              "sex": "여성",
              "age": "20대"
            },
            "speechAct": "(단언) 주장하기",
            "morpheme": "근데/MAJ+잘/MAG+탐/NNG+키/NNG+키/XSV+ETN"
          },
          {
            "id": 8,
            "text": "3 : 키키 난 어렸을 때 타고 안타서 기억도 가물가물,",
            "norm_text": "키키 난 어렸을 때 타고 안타서 기억도 가물가물,",
            "speaker": {
              "id": "3번",
              "sex": "남성",
              "age": "20대"
            },
            "speechAct": "(단언) 주장하기",
            "morpheme": "키키난어렸을때타고안타서기억도가물가물/UNKNOWN+,/SC"
          },
          {
            "id": 9,
            "text": "1 : 나도 만만치 않게 잘 탐 키키",
            "norm_text": "나도 만만치 않게 잘 탐 키키",
            "speaker": {
              "id": "1번",
              "sex": "여성",
              "age": "20대"
            },
            "speechAct": "(단언) 주장하기",
            "morpheme": "나/NP+도/JX+만만/XR+치/XSA+EC+않/VX+게/EC+잘/MAG+탐/NNG+키/NNG+키/XSV+ETN"
          },
          {
            "id": 10,
            "text": "2 : 키키 나 자전거 캡고수 무릎 다 깨가며 배웟다궁^^",
            "norm_text": "키키 나 자전거 캡고수 무릎 다 깨가며 배웟다궁^^",
            "speaker": {
              "id": "2번",
              "sex": "여성",
              "age": "20대"
            },
            "speechAct": "(단언) 주장하기",
            "morpheme": "키키나자전거캡고수무릎다깨가며배웟다궁/UNKNOWN+^/SY+^/SY"
          },
          {
            "id": 11,
            "text": "3 : 키키 불 붙으면 나도 연습해서 따라잡는데 괜찮으려나;",
            "norm_text": "키키 불 붙으면 나도 연습해서 따라잡는데 괜찮으려나;",
            "speaker": {
              "id": "3번",
              "sex": "남성",
              "age": "20대"
            },
            "speechAct": "(단언) 주장하기",
            "morpheme": "키키불붙으면나도연습해서따라잡는데괜찮으려나/UNKNOWN+;/SY"
          },
          {
            "id": 12,
            "text": "1 : 키키 같이 공원 한 바퀴 돌자",
            "norm_text": "키키 같이 공원 한 바퀴 돌자",
            "speaker": {
              "id": "1번",
              "sex": "여성",
              "age": "20대"
            },
            "speechAct": "(지시) 충고/제안하기",
            "morpheme": "키/NNG+키/NNG+같이/JKB+공원/NNG+한/MM+바퀴/NNBC+돌/VV+자/EC"
          },
          {
            "id": 13,
            "text": "2 : 키키 고고 우리 20키로 완주합시다^^~!",
            "norm_text": "키키 고고 우리 20키로 완주합시다^^~!",
            "speaker": {
              "id": "2번",
              "sex": "여성",
              "age": "20대"
            },
            "speechAct": "(지시) 충고/제안하기",
            "morpheme": "키/NNG+키/VV+고/EC+고우리/NNP+20/SN+키로/XSV+ETN+JKB+완주/NNG+합시다/XSV+EC+^/SY+^/SY+~/SY"
          },
          {
            "id": 14,
            "text": "3 : 키키 좋지 건강한 생활 환경,만들기",
            "norm_text": "키키 좋지 건강한 생활 환경,만들기",
            "speaker": {
              "id": "3번",
              "sex": "남성",
              "age": "20대"
            },
            "speechAct": "(단언) 주장하기",
            "morpheme": "키/NNG+키/XSV+ETN+좋/VA+지/EC+건강/NNG+한/XSA+ETM+생활/NNG+환경/NNG+,/SC+만들/VV+기/ETN"
          },
          {
            "id": 15,
            "text": "1 : 키키 난 일단 바퀴 바람부터 넣고 와야겠어",
            "norm_text": "키키 난 일단 바퀴 바람부터 넣고 와야겠어",
            "speaker": {
              "id": "1번",
              "sex": "여성",
              "age": "20대"
            },
            "speechAct": "(단언) 주장하기",
            "morpheme": "키/NNG+키/XSV+ETN+난/NP+JX+일단/MAG+바퀴/NNG+바람/NNG+부터/JX+넣/VV+고/EC+와야/VX+EC+VX+겠/EP+어/EC"
          },
          {
            "id": 16,
            "text": "2 : 키키 키키 헬멧 챙기기 잊지 않기\u003e.~",
            "norm_text": "키키 키키 헬멧 챙기기 잊지 않기\u003e.~",
            "speaker": {
              "id": "2번",
              "sex": "여성",
              "age": "20대"
            },
            "speechAct": "(단언) 주장하기",
            "morpheme": "키키키키헬멧챙기기잊지않기/UNKNOWN+\u003e/SY+~/SY"
          },
          {
            "id": 17,
            "text": "3 : 좋지~",
            "norm_text": "좋지~",
            "speaker": {
              "id": "3번",
              "sex": "남성",
              "age": "20대"
            },
            "speechAct": "(단언) 주장하기",
            "morpheme": "좋/VA+지/EC+~/SY"
          },
          {
            "id": 18,
            "text": "3: 장비 다들 챙겨서 만나자구",
            "norm_text": "장비 다들 챙겨서 만나자구",
            "speaker": {
              "id": "3번",
              "sex": "남성",
              "age": "20대"
            },
            "speechAct": "(단언) 주장하기",
            "morpheme": "장비/NNG+다/NNG+들/XSN+챙겨서/VV+EC+만나/VV+자구/EC"
          },
          {
            "id": 19,
            "text": "1 : 신난다 키키",
            "norm_text": "신난다 키키",
            "speaker": {
              "id": "1번",
              "sex": "여성",
              "age": "20대"
            },
            "speechAct": "(단언) 주장하기",
            "morpheme": "신난/NNP+다키키/NNP"
          },
          {
            "id": 20,
            "text": "1 : 오랜만에 다리 좀 움직이겠어",
            "norm_text": "오랜만에 다리 좀 움직이겠어",
            "speaker": {
              "id": "1번",
              "sex": "여성",
              "age": "20대"
            },
            "speechAct": "(단언) 주장하기",
            "morpheme": "오랜만/NNG+에/JKB+다리/NNG+좀/MAG+움직이/VV+겠/EP+어/EC"
          },
          {
            "id": 21,
            "text": "2 : 키키 담 날 갓 태어난 송아지 마냥 쓰러지겟지 ㅜ",
            "norm_text": "키키 담 날 갓 태어난 송아지 마냥 쓰러지겟지 ㅜ",
            "speaker": {
              "id": "2번",
              "sex": "여성",
              "age": "20대"
            },
            "speechAct": "(단언) 주장하기",
            "morpheme": "키/NNG+키/NNG+담날/NNG+갓/MAG+태어난/VV+ETM+송아지/NNG+마냥/JKB+쓰러지/VV+겟/EP+지ㅜ/UNKNOWN"
          },
          {
            "id": 22,
            "text": "3 : 건강해질 각오 단단히 하고 와...!",
            "norm_text": "건강해질 각오 단단히 하고 와...!",
            "speaker": {
              "id": "3번",
              "sex": "남성",
              "age": "20대"
            },
            "speechAct": "(단언) 주장하기",
            "morpheme": "건강/NNG+해질/XSA+EC+VX+ETM+각오/NNG+단단히/MAG+하/VV+고/EC+와/VX+EF+./SY+./SY"
          }
        ]
      }
    }
  ]
}