{
  "dataset": {
    "identifier": 18552,
    "name": "BAND_24_15_set",
    "src_path": "/data/file/cubeManager/PROJECT001/49/txt20210915121726078399/BAND_24_15_set/",
    "label_path": "/data/file/cubeManager/PROJECT001/49/txt20210915121726078399/BAND_24_15_set/",
    "category": 2,
    "type": 0
  },
  "licenses": {
    "name": "Apache License 1.0",
    "url": "http://www.apache.org/licenses/LICENSE-1.0"
  },
  "info": [
    {
      "id": 26055,
      "filename": "BAND_24_15.txt",
      "title": "BAND_24_15",
      "mediatype": "SNS",
      "medianame": "네이버밴드",
      "category": "일상대화",
      "date": "2021-09-15",
      "size": 423,
      "annotations": {
        "subject": "타 국가 이슈",
        "speaker_type": "1:1",
        "size": 423,
        "word_size": 139,
        "text": "1 : 너 중국 여자 연예인 한 명 성형수술 얘기 알아?\n2 : 아 그 드라마 하다가 중간에 나간 사람 말하는 거지?\n1 : 그건 잘 모르겠는데 그 연예인이 코 수술을 했잖아.\n2 : 어 그치 잘 안 됐나 봐?\n1 : 어 잘못 돼서 코가 괴사됐대!\n2 : 헐 어떻게 심각한데 그래서?\n1 : 너 사진 안 봤지 내가 보여줄게!\n2 : 헐 얼굴은 이쁜데 왜 그랬지?\n1 : 어떤 지인이 이 연예인한테 코만 하면 되겠다고 했대!\n2 : 어 그래 코 성형하기 전에도 이쁜데?\n1 : 그러니까 나도 그렇게 생각하는데 결국에는 했나 봐.\n2 : 연예인이니까 조금이라도 더 이뻐질려고 했나 봐\n1 : 응 근데 코가 그렇게 돼서 연예 활동 잠정 중단했대 ㅜㅜ\n2 : 아 진짜 너무 안타깝네...\n1 : 그니까 그 잘못 수술한 병원은 묵묵부답이래.\n2 : 헐 더 나쁘네 그런 데는 장소를 공개해야 해",
        "lines": [
          {
            "id": 1,
            "text": "1 : 너 중국 여자 연예인 한 명 성형수술 얘기 알아?",
            "norm_text": "1 : 너 중국 여자 연예인 한 명 성형수술 얘기 알아?",
            "speaker": {
              "id": "1번",
              "sex": "여성",
              "age": "20대"
            },
            "speechAct": "N/A",
            "morpheme": ""
          },
          {
            "id": 2,
            "text": "2 : 아 그 드라마 하다가 중간에 나간 사람 말하는 거지?",
            "norm_text": "1 : 너 중국 여자 연예인 한 명 성형수술 얘기 알아?",
            "speaker": {
              "id": "2번",
              "sex": "여성",
              "age": "20대"
            },
            "speechAct": "N/A",
            "morpheme": ""
          },
          {
            "id": 3,
            "text": "1 : 그건 잘 모르겠는데 그 연예인이 코 수술을 했잖아.",
            "norm_text": "1 : 너 중국 여자 연예인 한 명 성형수술 얘기 알아?",
            "speaker": {
              "id": "1번",
              "sex": "여성",
              "age": "20대"
            },
            "speechAct": "N/A",
            "morpheme": ""
          },
          {
            "id": 4,
            "text": "2 : 어 그치 잘 안 됐나 봐?",
            "norm_text": "1 : 너 중국 여자 연예인 한 명 성형수술 얘기 알아?",
            "speaker": {
              "id": "2번",
              "sex": "여성",
              "age": "20대"
            },
            "speechAct": "N/A",
            "morpheme": ""
          },
          {
            "id": 5,
            "text": "1 : 어 잘못 돼서 코가 괴사됐대!",
            "norm_text": "1 : 너 중국 여자 연예인 한 명 성형수술 얘기 알아?",
            "speaker": {
              "id": "1번",
              "sex": "여성",
              "age": "20대"
            },
            "speechAct": "N/A",
            "morpheme": ""
          },
          {
            "id": 6,
            "text": "2 : 헐 어떻게 심각한데 그래서?",
            "norm_text": "1 : 너 중국 여자 연예인 한 명 성형수술 얘기 알아?",
            "speaker": {
              "id": "2번",
              "sex": "여성",
              "age": "20대"
            },
            "speechAct": "N/A",
            "morpheme": ""
          },
          {
            "id": 7,
            "text": "1 : 너 사진 안 봤지 내가 보여줄게!",
            "norm_text": "1 : 너 중국 여자 연예인 한 명 성형수술 얘기 알아?",
            "speaker": {
              "id": "1번",
              "sex": "여성",
              "age": "20대"
            },
            "speechAct": "N/A",
            "morpheme": ""
          },
          {
            "id": 8,
            "text": "2 : 헐 얼굴은 이쁜데 왜 그랬지?",
            "norm_text": "1 : 너 중국 여자 연예인 한 명 성형수술 얘기 알아?",
            "speaker": {
              "id": "2번",
              "sex": "여성",
              "age": "20대"
            },
            "speechAct": "N/A",
            "morpheme": ""
          },
          {
            "id": 9,
            "text": "1 : 어떤 지인이 이 연예인한테 코만 하면 되겠다고 했대!",
            "norm_text": "1 : 너 중국 여자 연예인 한 명 성형수술 얘기 알아?",
            "speaker": {
              "id": "1번",
              "sex": "여성",
              "age": "20대"
            },
            "speechAct": "N/A",
            "morpheme": ""
          },
          {
            "id": 10,
            "text": "2 : 어 그래 코 성형하기 전에도 이쁜데?",
            "norm_text": "1 : 너 중국 여자 연예인 한 명 성형수술 얘기 알아?",
            "speaker": {
              "id": "2번",
              "sex": "여성",
              "age": "20대"
            },
            "speechAct": "N/A",
            "morpheme": ""
          },
          {
            "id": 11,
            "text": "1 : 그러니까 나도 그렇게 생각하는데 결국에는 했나 봐.",
            "norm_text": "1 : 너 중국 여자 연예인 한 명 성형수술 얘기 알아?",
            "speaker": {
              "id": "1번",
              "sex": "여성",
              "age": "20대"
            },
            "speechAct": "N/A",
            "morpheme": ""
          },
          {
            "id": 12,
            "text": "2 : 연예인이니까 조금이라도 더 이뻐질려고 했나 봐",
            "norm_text": "1 : 너 중국 여자 연예인 한 명 성형수술 얘기 알아?",
            "speaker": {
              "id": "2번",
              "sex": "여성",
              "age": "20대"
            },
            "speechAct": "N/A",
            "morpheme": ""
          },
          {
            "id": 13,
            "text": "1 : 응 근데 코가 그렇게 돼서 연예 활동 잠정 중단했대 ㅜㅜ",
            "norm_text": "1 : 너 중국 여자 연예인 한 명 성형수술 얘기 알아?",
            "speaker": {
              "id": "1번",
              "sex": "여성",
              "age": "20대"
            },
            "speechAct": "N/A",
            "morpheme": ""
          },
          {
            "id": 14,
            "text": "2 : 아 진짜 너무 안타깝네...",
            "norm_text": "1 : 너 중국 여자 연예인 한 명 성형수술 얘기 알아?",
            "speaker": {
              "id": "2번",
              "sex": "여성",
              "age": "20대"
            },
            "speechAct": "N/A",
            "morpheme": ""
          },
          {
            "id": 15,
            "text": "1 : 그니까 그 잘못 수술한 병원은 묵묵부답이래.",
            "norm_text": "1 : 너 중국 여자 연예인 한 명 성형수술 얘기 알아?",
            "speaker": {
              "id": "1번",
              "sex": "여성",
              "age": "20대"
            },
            "speechAct": "N/A",
            "morpheme": ""
          },
          {
            "id": 16,
            "text": "2 : 헐 더 나쁘네 그런 데는 장소를 공개해야 해",
            "norm_text": "헐 더 나쁘네 그런 데는 장소를 공개해야 해",
            "speaker": {
              "id": "2번",
              "sex": "여성",
              "age": "20대"
            },
            "speechAct": "(단언) 주장하기",
            "morpheme": "헐/IC+더/MAG+나쁘/VA+네/EF+그런/MM+데/NNB+는/JX+장소/NNG+를/JKO+공개/NNG+해야/XSV+EC+해/VV+EC"
          }
        ]
      }
    }
  ]
}