{
  "dataset": {
    "identifier": 20023,
    "name": "BAND_23_02_set",
    "src_path": "/data/file/cubeManager/PROJECT001/49/txt20210915111041012097/BAND_23_02_set/",
    "label_path": "/data/file/cubeManager/PROJECT001/49/txt20210915111041012097/BAND_23_02_set/",
    "category": 2,
    "type": 0
  },
  "licenses": {
    "name": "Apache License 1.0",
    "url": "http://www.apache.org/licenses/LICENSE-1.0"
  },
  "info": [
    {
      "id": 25681,
      "filename": "BAND_23_02.txt",
      "title": "BAND_23_02",
      "mediatype": "SNS",
      "medianame": "네이버밴드",
      "category": "일상대화",
      "date": "2021-09-15",
      "size": 1438,
      "annotations": {
        "subject": "주거와 생활",
        "speaker_type": "1:1",
        "size": 1438,
        "word_size": 440,
        "text": "1 : 복도식 아파트에 살아 본 적 있어?\n2 : 난 주택만 살아 봤어~\n2 : 가 보긴 했어 한 두 번 정도~\n3 : 난 완전 어렸을 때? 유치원 다닐 때 복도식 아파트에서 살아봤어!\n3 : 근데 그때 꽤 고층이었어서 막 밑에 쳐다보면서 무서워 하고 그랬던 기억도 있다 키키\n1 : 키키 아 진짜? 나는 한 번도 없는데 뭔가 무서울 거 같애...\n1 : 특히 밤에 집에 들어갈 때 그 복도 걸어가는 거 ㅠㅠ\n2 : 옛날에는 그런 아파트가 많았던 거 같아~\n3 : 아 그렇게 생각하니까 좀 무섭긴 하네...\n1 : 어릴 때라서 그런 거는 못 느꼈었나 부다!\n1 : 막 영화도 무서운 게 많고 해서 그런지... 나는 복도식이 좀 별로더라구 ㅠㅠ\n2 : 아파트에 살면 층간 소음은 어때?\n3 : 나는 딱히 없었는데 한번 심할 때는 위에 집에서 들리는 소음 때문에 밑에 집에서 우리 집으로 항의한 적 한번 있었어 키키 경비 아저씨 통해서 응응\n1 : 우리 집도 옛날 아파트여서 방음이 잘 되는 편은 아닌데.. 그래도 특별히 불편하게 느껴지는 건 없어!\n1 : 층간 소음이 저렇게 꼭 바로 윗 집에서 아랫 집으로만 전달 되는 게 아니더라\n2 : 그러면? 아! 나 아래층에서 위층에 일부러 층간 소음 보복하는 거 본 적 있는데 그런 기계도 팔더라~\n3 : 후덜덜 아니 그냥 좀 서로 조심하고 실수하면 이해해주고 사과하고 그러면서 사는 거지 ㅠㅠ\n3 : 다들 왜 그럴까...\n3 : 그런 기계 사는 사람도 어지간히 말이 안 통하는 이웃이니까 샀을 텐데...\n1 : 맞아 근데 그거 보복했다가 사이 더 틀어지면... 요즘 세상이 너무 무서워서 어케 될지 몰라\n2 : 맞아 근데 놀러 간 집에서 층간 소음 느낀 적 있었는데~위에 8살 6살 꼬마들 있으니까 진짜 심하긴 하더라 밤에도 그런다고 생각하면 으...\n3 : 맞아 맞아 요즘 정말 미친놈들이 많아서... 뭐 항의하기가 무서움\n3 : 와 근데 난 아직 그렇게 심한 소음은 안 들어봐서... 상상만 해도 싫다 ㅠㅠ\n1 : 그니까 그게 은근히 매일 그러면 엄청난 스트레스잖아...\n1 : 이웃이 안 바뀌면 이사 가는 수밖에는 없나..?\n2 : 애가 빨리 크거나 아니면 이사 가거나...\n2 : 위층에서 바닥에 카페트 두꺼운 거 깔아도 그럴까?\n2 : 얇은 거 말고 외국에서 까는 그런 두꺼운 거~\n3 : 와 근데 진짜 카페트 있는 바닥에서 살아봤는데 먼지가 상상 초월이야...\n3 : 비염 있는데 정말 맨날 훌쩍거림 ㅠㅠ 청소기로도 한계가 있어서...마루 바닥 최고...\n1 : 맞아 먼지 감당 못해...\n1 : 그런 거 해도 어느 정도만 효과 있고 아예 안 들리지는 않을 듯 ㅠㅠ\n2 : 역시 아파트는 어쩔 수 없어...\n3 : 대리석 깔아 놓은 집 가 본 적 있어?\n1 : 음 울 아빠 지금 지내고 있는 집이 대리석인지까지는 모르겠는데 그런 매끈한 돌로 돼있기는 해\n2 : 응 우리 이모 집~ 별로 안 좋던데~\n3 : 대리석 바닥 뭔가 단점 많다고는 했는데 관리하기가 힘든가? 추워서 그런가?",
        "lines": [
          {
            "id": 1,
            "text": "1 : 복도식 아파트에 살아 본 적 있어?",
            "norm_text": "복도식 아파트에 살아 본 적 있어?",
            "speaker": {
              "id": "1번",
              "sex": "여성",
              "age": "20대"
            },
            "speechAct": "(지시) 질문하기",
            "morpheme": "복도식/NNG+아파트/NNG+에/JKB+살/VV+아/EC+본/VX+ETM+적/NNB+있/VA+어/EF"
          },
          {
            "id": 2,
            "text": "2 : 난 주택만 살아 봤어~",
            "norm_text": "난 주택만 살아 봤어~",
            "speaker": {
              "id": "2번",
              "sex": "여성",
              "age": "30대"
            },
            "speechAct": "(단언) 진술하기",
            "morpheme": "난/NP+JX+주택/NNG+만/JX+살/VV+아/EC+봤/VX+EP+어/EC+~/SY"
          },
          {
            "id": 3,
            "text": "2 : 가 보긴 했어 한 두 번 정도~",
            "norm_text": "가 보긴 했어 한 두 번 정도~",
            "speaker": {
              "id": "2번",
              "sex": "여성",
              "age": "30대"
            },
            "speechAct": "(단언) 진술하기",
            "morpheme": "가/VV+EC+보/VX+긴/ETN+JX+했/VX+EP+어/EC+한두/MM+번/NNBC+정도/NNG+~/SY"
          },
          {
            "id": 4,
            "text": "3 : 난 완전 어렸을 때? 유치원 다닐 때 복도식 아파트에서 살아봤어!",
            "norm_text": "난 완전 어렸을 때? 유치원 다닐 때 복도식 아파트에서 살아봤어!",
            "speaker": {
              "id": "3번",
              "sex": "여성",
              "age": "20대"
            },
            "speechAct": "(단언) 진술하기",
            "morpheme": "난/NP+JX+완전/MAG+어렸/VA+EP+을/ETM+때/NNG+?/SY+유치원/NNG+다닐/VV+ETM+때/NNG+복도식/NNG+아파트/NNG+에서/JKB+살/VV+아/EC+봤/VX+EP+어/EF"
          },
          {
            "id": 5,
            "text": "3 : 근데 그때 꽤 고층이었어서 막 밑에 쳐다보면서 무서워 하고 그랬던 기억도 있다 키키",
            "norm_text": "근데 그때 꽤 고층이었어서 막 밑에 쳐다보면서 무서워 하고 그랬던 기억도 있다 키키",
            "speaker": {
              "id": "3번",
              "sex": "여성",
              "age": "20대"
            },
            "speechAct": "(단언) 진술하기",
            "morpheme": "근데/MAJ+그때/NNG+꽤/MAG+고층/NNG+이/VCP+었/EP+어서/EC+막/NNG+밑/NNG+에/JKB+쳐다보/VV+면서/EC+무서워하/VV+고/EC+그랬/VV+EP+던/ETM+기억/NNG+도/JX+있/VA+다키키/NNP"
          },
          {
            "id": 6,
            "text": "1 : 키키 아 진짜? 나는 한 번도 없는데 뭔가 무서울 거 같애...",
            "norm_text": "키키 아 진짜? 나는 한 번도 없는데 뭔가 무서울 거 같애...",
            "speaker": {
              "id": "1번",
              "sex": "여성",
              "age": "20대"
            },
            "speechAct": "(단언) 주장하기",
            "morpheme": "키/NNG+키/VV+아/EC+진짜/MAG+나/NP+는/JX+한/MM+번/NNBC+도/JX+없/VA+는데/EC+뭔가/NP+VCP+EC+무서울/VA+ETM+거/NNB+같/VA+애/EF+./SY"
          },
          {
            "id": 7,
            "text": "1 : 특히 밤에 집에 들어갈 때 그 복도 걸어가는 거 ㅠㅠ",
            "norm_text": "특히 밤에 집에 들어갈 때 그 복도 걸어가는 거 ㅠㅠ",
            "speaker": {
              "id": "1번",
              "sex": "여성",
              "age": "20대"
            },
            "speechAct": "(단언) 주장하기",
            "morpheme": "특히/MAG+밤/NNG+에/JKB+집/NNG+에/JKB+들어갈/VV+ETM+때/NNG+그/MM+복도/NNG+걸어가/VV+는/ETM+거/NNB+ㅠㅠ/UNKNOWN"
          },
          {
            "id": 8,
            "text": "2 : 옛날에는 그런 아파트가 많았던 거 같아~",
            "norm_text": "옛날에는 그런 아파트가 많았던 거 같아~",
            "speaker": {
              "id": "2번",
              "sex": "여성",
              "age": "30대"
            },
            "speechAct": "(단언) 진술하기",
            "morpheme": "옛날/NNG+에/JKB+는/JX+그런/MM+아파트/NNG+가/JKS+많/VA+았/EP+던/ETM+거/NNB+같/VA+아/EC+~/SY"
          },
          {
            "id": 9,
            "text": "3 : 아 그렇게 생각하니까 좀 무섭긴 하네...",
            "norm_text": "아 그렇게 생각하니까 좀 무섭긴 하네...",
            "speaker": {
              "id": "3번",
              "sex": "여성",
              "age": "20대"
            },
            "speechAct": "(단언) 주장하기",
            "morpheme": "아/IC+그렇게/MAG+생각/NNG+하/XSV+니까/EC+좀/MAG+무섭/VA+긴/ETN+JX+하/VX+네/EF+./SY"
          },
          {
            "id": 10,
            "text": "1 : 어릴 때라서 그런 거는 못 느꼈었나 부다!",
            "norm_text": "어릴 때라서 그런 거는 못 느꼈었나 부다!",
            "speaker": {
              "id": "1번",
              "sex": "여성",
              "age": "20대"
            },
            "speechAct": "(단언) 주장하기",
            "morpheme": "어릴/VA+ETM+때/NNG+라서/VCP+EC+그런/MM+거/NNB+는/JX+못/MAG+느꼈었/VV+EP+나/EC+부/VX+다/EF"
          },
          {
            "id": 11,
            "text": "1 : 막 영화도 무서운 게 많고 해서 그런지... 나는 복도식이 좀 별로더라구 ㅠㅠ",
            "norm_text": "막 영화도 무서운 게 많고 해서 그런지... 나는 복도식이 좀 별로더라구 ㅠㅠ",
            "speaker": {
              "id": "1번",
              "sex": "여성",
              "age": "20대"
            },
            "speechAct": "(단언) 주장하기",
            "morpheme": "막/MAJ+영화/NNG+도/JX+무서운/VA+ETM+게/NNB+JKS+많/VA+고/EC+해서/VV+EC+그런지/VA+EC+./SY+./SY+나/NP+는/JX+복도식/NNG+이/JKS+좀/MAG+별로/MAG+더/MAG+라구/VCP+EC+ㅠㅠ/UNKNOWN"
          },
          {
            "id": 12,
            "text": "2 : 아파트에 살면 층간 소음은 어때?",
            "norm_text": "아파트에 살면 층간 소음은 어때?",
            "speaker": {
              "id": "2번",
              "sex": "여성",
              "age": "30대"
            },
            "speechAct": "(지시) 질문하기",
            "morpheme": "아파트/NNG+에/JKB+살/VV+면/EC+층간/NNG+소음/NNG+은/JX+어때/VA+EF"
          },
          {
            "id": 13,
            "text": "3 : 나는 딱히 없었는데 한번 심할 때는 위에 집에서 들리는 소음 때문에 밑에 집에서 우리 집으로 항의한 적 한번 있었어 키키 경비 아저씨 통해서 응응",
            "norm_text": "나는 딱히 없었는데 한번 심할 때는 위에 집에서 들리는 소음 때문에 밑에 집에서 우리 집으로 항의한 적 한번 있었어 키키 경비 아저씨 통해서 응응",
            "speaker": {
              "id": "3번",
              "sex": "여성",
              "age": "20대"
            },
            "speechAct": "(단언) 진술하기",
            "morpheme": "나/NP+는/JX+딱히/MAG+없/VA+었/EP+는데/EC+한/MM+번/NNBC+심할/VA+ETM+때/NNG+는/JX+위/NNG+에/JKB+집/NNG+에서/JKB+들리/VV+는/ETM+소음/NNG+때문/NNB+에/JKB+밑/NNG+에/JKB+집/NNG+에서/JKB+우리/NP+집/NNG+으로/JKB+항의/NNG+한/XSA+ETM+적/NNB+한/MM+번/NNBC+있/VV+었/EP+어/EC+키/NNG+키/NNG+경비/NNG+아저씨/NNG+통해서/VV+EC+응응/MAG"
          },
          {
            "id": 14,
            "text": "1 : 우리 집도 옛날 아파트여서 방음이 잘 되는 편은 아닌데.. 그래도 특별히 불편하게 느껴지는 건 없어!",
            "norm_text": "우리 집도 옛날 아파트여서 방음이 잘 되는 편은 아닌데.. 그래도 특별히 불편하게 느껴지는 건 없어!",
            "speaker": {
              "id": "1번",
              "sex": "여성",
              "age": "20대"
            },
            "speechAct": "(단언) 진술하기",
            "morpheme": "우리/NP+집/NNG+도/JX+옛날/NNG+아파트/NNG+여서/VCP+EC+방음/NNG+이/JKS+잘/MAG+되/VV+는/ETM+편/NNB+은/JX+아닌데/VCN+EC+./SY+그래도/MAJ+특별히/MAG+불편/NNG+하/XSV+게/EC+느껴/VV+EC+지/VX+는/ETM+건/NNB+JX+없/VA+어/EF"
          },
          {
            "id": 15,
            "text": "1 : 층간 소음이 저렇게 꼭 바로 윗 집에서 아랫 집으로만 전달 되는 게 아니더라",
            "norm_text": "층간 소음이 저렇게 꼭 바로 윗 집에서 아랫 집으로만 전달 되는 게 아니더라",
            "speaker": {
              "id": "1번",
              "sex": "여성",
              "age": "20대"
            },
            "speechAct": "(단언) 진술하기",
            "morpheme": "층간/NNG+소음/NNG+이/JKS+저렇게/MAG+꼭/MAG+바로/MAG+윗집/NNG+에서/JKB+아랫집/NNG+으로/JKB+만/JX+전달/NNG+되/XSV+는/ETM+게/NNB+JKC+아니/VCN+더라/EC"
          },
          {
            "id": 16,
            "text": "2 : 그러면? 아! 나 아래층에서 위층에 일부러 층간 소음 보복하는 거 본 적 있는데 그런 기계도 팔더라~",
            "norm_text": "그러면? 아! 나 아래층에서 위층에 일부러 층간 소음 보복하는 거 본 적 있는데 그런 기계도 팔더라~",
            "speaker": {
              "id": "2번",
              "sex": "여성",
              "age": "30대"
            },
            "speechAct": "(단언) 진술하기",
            "morpheme": "그러면/MAJ+아/IC+나/NP+아래층/NNG+에서/JKB+위층/NNG+에/JKB+일부러/MAG+층간/NNG+소음/NNG+보복/NNG+하/XSV+는/ETM+거/NNB+본/VV+ETM+적/NNB+있/VA+는데/EC+그런/MM+기계/NNG+도/JX+팔/VV+더라/EC+~/SY"
          },
          {
            "id": 17,
            "text": "3 : 후덜덜 아니 그냥 좀 서로 조심하고 실수하면 이해해주고 사과하고 그러면서 사는 거지 ㅠㅠ",
            "norm_text": "후덜덜 아니 그냥 좀 서로 조심하고 실수하면 이해해주고 사과하고 그러면서 사는 거지 ㅠㅠ",
            "speaker": {
              "id": "3번",
              "sex": "여성",
              "age": "20대"
            },
            "speechAct": "(단언) 주장하기",
            "morpheme": "후/NNG+덜덜/MAG+아니/IC+그냥/MAG+좀/MAG+서로/MAG+조심/NNG+하/XSV+고/EC+실수/NNG+하/XSV+면/EC+이해/NNG+해/XSV+EC+주/VX+고/EC+사과/NNG+하/XSV+고/EC+그러/VV+면서/EC+사/VV+는/ETM+거/NNB+지/VCP+EF+ㅠㅠ/UNKNOWN"
          },
          {
            "id": 18,
            "text": "3 : 다들 왜 그럴까...",
            "norm_text": "다들 왜 그럴까...",
            "speaker": {
              "id": "3번",
              "sex": "여성",
              "age": "20대"
            },
            "speechAct": "(단언) 주장하기",
            "morpheme": "다/MAG+들/XSN+왜/MAG+그럴까/VV+EF+./SY"
          },
          {
            "id": 19,
            "text": "3 : 그런 기계 사는 사람도 어지간히 말이 안 통하는 이웃이니까 샀을 텐데...",
            "norm_text": "그런 기계 사는 사람도 어지간히 말이 안 통하는 이웃이니까 샀을 텐데...",
            "speaker": {
              "id": "3번",
              "sex": "여성",
              "age": "20대"
            },
            "speechAct": "(단언) 주장하기",
            "morpheme": "그런/MM+기계사/NNG+는/JX+사람/NNG+도/JX+어지간히/MAG+말/NNG+이/JKS+안/MAG+통하/VV+는/ETM+이웃/NNG+이/VCP+니까/EC+샀/VV+EP+을/ETM+텐데/NNB+VCP+EF+./SY"
          },
          {
            "id": 20,
            "text": "1 : 맞아 근데 그거 보복했다가 사이 더 틀어지면... 요즘 세상이 너무 무서워서 어케 될지 몰라",
            "norm_text": "맞아 근데 그거 보복했다가 사이 더 틀어지면... 요즘 세상이 너무 무서워서 어케 될지 몰라",
            "speaker": {
              "id": "1번",
              "sex": "여성",
              "age": "20대"
            },
            "speechAct": "(단언) 주장하기",
            "morpheme": "맞아/IC+근데/MAJ+그거/NP+보복/NNG+했/XSV+EP+다가/EC+사이/NNG+더/MAG+틀어지/VV+면/EC+./SY+./SY+요즘/MAG+세상/NNG+이/JKS+너무/MAG+무서워/VA+EC+서어/NNG+케/XSV+EC+될지/VV+EC+몰라/VV+EC"
          },
          {
            "id": 21,
            "text": "2 : 맞아 근데 놀러 간 집에서 층간 소음 느낀 적 있었는데~위에 8살 6살 꼬마들 있으니까 진짜 심하긴 하더라 밤에도 그런다고 생각하면 으...",
            "norm_text": "맞아 근데 놀러 간 집에서 층간 소음 느낀 적 있었는데~위에 8살 6살 꼬마들 있으니까 진짜 심하긴 하더라 밤에도 그런다고 생각하면 으...",
            "speaker": {
              "id": "2번",
              "sex": "여성",
              "age": "30대"
            },
            "speechAct": "(단언) 진술하기",
            "morpheme": "맞아/IC+근데/MAJ+놀러/NNP+간/NNB+집/NNG+에서/JKB+층간/NNG+소음/NNG+느낀/VV+ETM+적/NNB+있/VA+었/EP+는데/EC+~/SY+위/NNG+에/JKB+8/SN+살/NNBC+6/SN+살/NNBC+꼬마/NNG+들/XSN+있/VA+으니까/EC+진짜/MAG+심하/VA+긴/ETN+JX+하/VX+더라/EC+밤/NNG+에/JKB+도/JX+그런다고/VV+EC+생각/NNG+하/XSV+면/EC+으/IC+./SY"
          },
          {
            "id": 22,
            "text": "3 : 맞아 맞아 요즘 정말 미친놈들이 많아서... 뭐 항의하기가 무서움",
            "norm_text": "맞아 맞아 요즘 정말 미친놈들이 많아서... 뭐 항의하기가 무서움",
            "speaker": {
              "id": "3번",
              "sex": "여성",
              "age": "20대"
            },
            "speechAct": "(단언) 주장하기",
            "morpheme": "맞/VV+아/EC+맞/VV+아/EC+요즘/MAG+정말/MAG+미친/VV+ETM+놈/NNB+들/XSN+이/JKS+많/VA+아서/EC+./SY+./SY+뭐/IC+항의/NNG+하/XSV+기/ETN+가/JKS+무서움/VA+ETN"
          },
          {
            "id": 23,
            "text": "3 : 와 근데 난 아직 그렇게 심한 소음은 안 들어봐서... 상상만 해도 싫다 ㅠㅠ",
            "norm_text": "와 근데 난 아직 그렇게 심한 소음은 안 들어봐서... 상상만 해도 싫다 ㅠㅠ",
            "speaker": {
              "id": "3번",
              "sex": "여성",
              "age": "20대"
            },
            "speechAct": "(단언) 주장하기",
            "morpheme": "와/IC+근데/MAJ+난/NP+JX+아직/MAG+그렇게/MAG+심한/VA+ETM+소음/NNG+은/JX+안/MAG+들/VV+어/EC+봐서/VX+EF+./SY+상상/NNG+만/JX+해도/VV+EC+싫/VA+다/EF+ㅠㅠ/UNKNOWN"
          },
          {
            "id": 24,
            "text": "1 : 그니까 그게 은근히 매일 그러면 엄청난 스트레스잖아...",
            "norm_text": "그니까 그게 은근히 매일 그러면 엄청난 스트레스잖아...",
            "speaker": {
              "id": "1번",
              "sex": "여성",
              "age": "20대"
            },
            "speechAct": "(단언) 주장하기",
            "morpheme": "그니까/MAJ+그게/NP+JKS+은근히/MAG+매일/MAG+그러/VV+면/EC+엄청난/VA+ETM+스트레스/NNG+잖아/VCP+EC+VX+EF+./SY"
          },
          {
            "id": 25,
            "text": "1 : 이웃이 안 바뀌면 이사 가는 수밖에는 없나..?",
            "norm_text": "이웃이 안 바뀌면 이사 가는 수밖에는 없나..?",
            "speaker": {
              "id": "1번",
              "sex": "여성",
              "age": "20대"
            },
            "speechAct": "(단언) 주장하기",
            "morpheme": "이웃/NNG+이/JKS+안/MAG+바뀌/VV+면/EC+이사/NNG+가/VV+는/ETM+수/NNB+밖에/JX+는/JX+없/VA+나/EF+./SY"
          },
          {
            "id": 26,
            "text": "2 : 애가 빨리 크거나 아니면 이사 가거나...",
            "norm_text": "애가 빨리 크거나 아니면 이사 가거나...",
            "speaker": {
              "id": "2번",
              "sex": "여성",
              "age": "30대"
            },
            "speechAct": "(단언) 주장하기",
            "morpheme": "애/NNG+가/JKS+빨리/MAG+크/VA+거나/EC+아니/VCN+면/EC+이사/NNG+가/VV+거나/EC+./SY+./SY"
          },
          {
            "id": 27,
            "text": "2 : 위층에서 바닥에 카페트 두꺼운 거 깔아도 그럴까?",
            "norm_text": "위층에서 바닥에 카페트 두꺼운 거 깔아도 그럴까?",
            "speaker": {
              "id": "2번",
              "sex": "여성",
              "age": "30대"
            },
            "speechAct": "(단언) 주장하기",
            "morpheme": "위층/NNG+에서/JKB+바닥/NNG+에/JKB+카페/NNG+트/NNG+두꺼운/VA+ETM+거/NNB+깔/VV+아도/EC+그럴까/VV+EF"
          },
          {
            "id": 28,
            "text": "2 : 얇은 거 말고 외국에서 까는 그런 두꺼운 거~",
            "norm_text": "얇은 거 말고 외국에서 까는 그런 두꺼운 거~",
            "speaker": {
              "id": "2번",
              "sex": "여성",
              "age": "30대"
            },
            "speechAct": "(단언) 주장하기",
            "morpheme": "얇/VA+은/ETM+거/NNB+말/VV+고/EC+외국/NNG+에서/JKB+까/VV+는/ETM+그런/MM+두꺼운/VA+ETM+거/NNB+~/SY"
          },
          {
            "id": 29,
            "text": "3 : 와 근데 진짜 카페트 있는 바닥에서 살아봤는데 먼지가 상상 초월이야...",
            "norm_text": "와 근데 진짜 카페트 있는 바닥에서 살아봤는데 먼지가 상상 초월이야...",
            "speaker": {
              "id": "3번",
              "sex": "여성",
              "age": "20대"
            },
            "speechAct": "(단언) 진술하기",
            "morpheme": "와/IC+근데/MAJ+진짜/MAG+카페/NNG+트/NNG+있/VA+는/ETM+바닥/NNG+에서/JKB+살/VV+아/EC+봤/VX+EP+는데/EC+먼지/NNG+가/JKS+상상/NNG+초월/NNG+이/VCP+야/EF+./SY"
          },
          {
            "id": 30,
            "text": "3 : 비염 있는데 정말 맨날 훌쩍거림 ㅠㅠ 청소기로도 한계가 있어서...마루 바닥 최고...",
            "norm_text": "비염 있는데 정말 맨날 훌쩍거림 ㅠㅠ 청소기로도 한계가 있어서...마루 바닥 최고...",
            "speaker": {
              "id": "3번",
              "sex": "여성",
              "age": "20대"
            },
            "speechAct": "(단언) 진술하기",
            "morpheme": "비염/NNG+있/VV+는데/EC+정말/MAG+맨날/MAG+훌쩍거림/VV+ETN+ㅠㅠ/UNKNOWN+청소기/NNG+로/JKB+도/JX+한계/NNG+가/JKS+있/VA+어서/EC+./SY+./SY+마루/NNG+바닥/NNG+최고/NNG+./SY+./SY"
          },
          {
            "id": 31,
            "text": "1 : 맞아 먼지 감당 못해...",
            "norm_text": "맞아 먼지 감당 못해...",
            "speaker": {
              "id": "1번",
              "sex": "여성",
              "age": "20대"
            },
            "speechAct": "(단언) 주장하기",
            "morpheme": "맞/VV+아/EC+먼지/NNG+감당/NNG+못/MAG+해/VV+EF+./SY"
          },
          {
            "id": 32,
            "text": "1 : 그런 거 해도 어느 정도만 효과 있고 아예 안 들리지는 않을 듯 ㅠㅠ",
            "norm_text": "그런 거 해도 어느 정도만 효과 있고 아예 안 들리지는 않을 듯 ㅠㅠ",
            "speaker": {
              "id": "1번",
              "sex": "여성",
              "age": "20대"
            },
            "speechAct": "(단언) 주장하기",
            "morpheme": "그런/MM+거/NNB+해도/VV+EC+어느/MM+정도/NNG+만/JX+효과/NNG+있/VV+고/EC+아예/MAG+안/MAG+들리/VV+지/EC+는/JX+않/VX+을/ETM+듯/NNB+ㅠㅠ/UNKNOWN"
          },
          {
            "id": 33,
            "text": "2 : 역시 아파트는 어쩔 수 없어...",
            "norm_text": "역시 아파트는 어쩔 수 없어...",
            "speaker": {
              "id": "2번",
              "sex": "여성",
              "age": "30대"
            },
            "speechAct": "(단언) 주장하기",
            "morpheme": "역시/MAJ+아파트/NNG+는/JX+어쩔/VV+ETM+수/NNB+없/VA+어/EF+./SY"
          },
          {
            "id": 34,
            "text": "3 : 대리석 깔아 놓은 집 가 본 적 있어?",
            "norm_text": "대리석 깔아 놓은 집 가 본 적 있어?",
            "speaker": {
              "id": "3번",
              "sex": "여성",
              "age": "20대"
            },
            "speechAct": "(지시) 질문하기",
            "morpheme": "대리석/NNG+깔/VV+아/EC+놓/VX+은/ETM+집/NNG+가본/NNG+적/XSN+있/VA+어/EF"
          },
          {
            "id": 35,
            "text": "1 : 음 울 아빠 지금 지내고 있는 집이 대리석인지까지는 모르겠는데 그런 매끈한 돌로 돼있기는 해",
            "norm_text": "음 울 아빠 지금 지내고 있는 집이 대리석인지까지는 모르겠는데 그런 매끈한 돌로 돼있기는 해",
            "speaker": {
              "id": "1번",
              "sex": "여성",
              "age": "20대"
            },
            "speechAct": "(단언) 진술하기",
            "morpheme": "음울/XR+아빠/NNG+지금/MAG+지내/VV+고/EC+있/VX+는/ETM+집/NNG+이/JKS+대리석/NNG+인지/VCP+EC+까지/JX+는/JX+모르/VV+겠/EP+는데/EC+그런/MM+매끈/XR+한/XSA+ETM+돌/NNG+로/JKB+돼/VV+EC+있/VX+기/ETN+는/JX+해/VV+EC"
          },
          {
            "id": 36,
            "text": "2 : 응 우리 이모 집~ 별로 안 좋던데~",
            "norm_text": "응 우리 이모 집~ 별로 안 좋던데~",
            "speaker": {
              "id": "2번",
              "sex": "여성",
              "age": "30대"
            },
            "speechAct": "(단언) 진술하기",
            "morpheme": "응/IC+우리/NP+이모/NNG+집/NNG+~/SY+별로/MAG+안/MAG+좋/VA+던데/EC+~/SY"
          },
          {
            "id": 37,
            "text": "3 : 대리석 바닥 뭔가 단점 많다고는 했는데 관리하기가 힘든가? 추워서 그런가?",
            "norm_text": "대리석 바닥 뭔가 단점 많다고는 했는데 관리하기가 힘든가? 추워서 그런가?",
            "speaker": {
              "id": "3번",
              "sex": "여성",
              "age": "20대"
            },
            "speechAct": "(단언) 주장하기",
            "morpheme": "대리석/NNG+바닥/NNG+뭔가/NP+VCP+EC+단점/NNG+많/VA+다고/EC+는/JX+했/VV+EP+는데/EC+관리/NNG+하/XSV+기/ETN+가/JKS+힘든가/VA+EF+추워서/VA+EC+그런가/VA+EF"
          }
        ]
      }
    }
  ]
}