{
  "dataset": {
    "identifier": 27487,
    "name": "BAND_30_16_set",
    "src_path": "/data/file/cubeManager/PROJECT001/49/txt20210923160937033519/BAND_30_16_set/",
    "label_path": "/data/file/cubeManager/PROJECT001/49/txt20210923160937033519/BAND_30_16_set/",
    "category": 2,
    "type": 0
  },
  "licenses": {
    "name": "Apache License 1.0",
    "url": "http://www.apache.org/licenses/LICENSE-1.0"
  },
  "info": [
    {
      "id": 31767,
      "filename": "BAND_30_16.txt",
      "title": "BAND_30_16",
      "mediatype": "SNS",
      "medianame": "네이버밴드",
      "category": "일상대화",
      "date": "2021-09-23",
      "size": 401,
      "annotations": {
        "subject": "미용",
        "speaker_type": "1:1",
        "size": 401,
        "word_size": 131,
        "text": "1 : 너는 화장 방법이 어떻게 돼?\n2 : 나는 더울 때는 최대한 가볍게 해!\n1 : 너 수부지 피부 타입이야?\n2 : 응 기름은 많은데 얼굴이 건조해\n1 : 맞아 너 기름 종이 달고 다녔잖아 키키\n2 : 키키 그건 너랑 같이 썼던 기억인데\n1 : 나도 나비 존에 기름이 좔좔 흘렀었지 키키\n2 : 키키 맞아 얼굴에 있는 구멍에선 전부 나왔어\n1 : 그때는 한창 호르몬이 분비될 나이였잖아~\n2 : 청소년기는 그렇지만 나는 현재 진행형이야\n1 : 나도 마찬가지야 그러면 비비크림 발라?\n2 : 나는 팩트 하나로만 화장해 기름이 많아서\n1 : 근데 펙트 하나만 쓰면 커버가 잘 안 되지 않아?\n2 : 맞아 근데 요즘 마스크 써서 별로 상관없더라\n1 : 그건 그래 어떤 사람은 눈만 화장한대 키키\n2 : 맞아 키키 근데 밥 먹을 땐 내려야 하니깐",
        "lines": [
          {
            "id": 1,
            "text": "1 : 너는 화장 방법이 어떻게 돼?",
            "norm_text": "너는 화장 방법이 어떻게 돼?",
            "speaker": {
              "id": "1번",
              "sex": "여성",
              "age": "20대"
            },
            "speechAct": "(지시) 질문하기",
            "morpheme": "너/NP+는/JX+화장/NNG+방법/NNG+이/JKS+어떻게/MAG+돼/VV+EF"
          },
          {
            "id": 2,
            "text": "2 : 나는 더울 때는 최대한 가볍게 해!",
            "norm_text": "나는 더울 때는 최대한 가볍게 해!",
            "speaker": {
              "id": "2번",
              "sex": "여성",
              "age": "20대"
            },
            "speechAct": "(단언) 주장하기",
            "morpheme": "나/NP+는/JX+더울/VA+ETM+때/NNG+는/JX+최대한/NNG+가볍/VA+게/EC+해/VX+EF"
          },
          {
            "id": 3,
            "text": "1 : 너 수부지 피부 타입이야?",
            "norm_text": "너 수부지 피부 타입이야?",
            "speaker": {
              "id": "1번",
              "sex": "여성",
              "age": "20대"
            },
            "speechAct": "(지시) 질문하기",
            "morpheme": "너/NP+수/NNG+부지/NNG+피부/NNG+타입/NNG+이/VCP+야/EF"
          },
          {
            "id": 4,
            "text": "2 : 응 기름은 많은데 얼굴이 건조해",
            "norm_text": "응 기름은 많은데 얼굴이 건조해",
            "speaker": {
              "id": "2번",
              "sex": "여성",
              "age": "20대"
            },
            "speechAct": "(단언) 진술하기",
            "morpheme": "응/IC+기름/NNG+은/JX+많/VA+은데/EC+얼굴/NNG+이/JKS+건조/NNG+해/XSV+EC"
          },
          {
            "id": 5,
            "text": "1 : 맞아 너 기름 종이 달고 다녔잖아 키키",
            "norm_text": "맞아 너 기름 종이 달고 다녔잖아 키키",
            "speaker": {
              "id": "1번",
              "sex": "여성",
              "age": "20대"
            },
            "speechAct": "(단언) 진술하기",
            "morpheme": "맞/VV+아/EC+너/NP+기름종이/NNG+달/VV+고/EC+다녔/VV+EP+잖아/EF+키/NNG+키/XSV+ETN"
          },
          {
            "id": 6,
            "text": "2 : 키키 그건 너랑 같이 썼던 기억인데",
            "norm_text": "키키 그건 너랑 같이 썼던 기억인데",
            "speaker": {
              "id": "2번",
              "sex": "여성",
              "age": "20대"
            },
            "speechAct": "(단언) 주장하기",
            "morpheme": "키/NNG+키/XSV+ETN+그건/NP+JX+너/NP+랑/JKB+같이/MAG+썼/VV+EP+던/ETM+기억/NNG+인데/VCP+EC"
          },
          {
            "id": 7,
            "text": "1 : 나도 나비 존에 기름이 좔좔 흘렀었지 키키",
            "norm_text": "나도 나비 존에 기름이 좔좔 흘렀었지 키키",
            "speaker": {
              "id": "1번",
              "sex": "여성",
              "age": "20대"
            },
            "speechAct": "(단언) 진술하기",
            "morpheme": "나/NP+도/JX+나비/NNG+존/NNG+에/JKB+기름/NNG+이/JKS+좔좔/MAG+흘렀었/VV+EP+지/EC+키/NNG+키/XSV+ETN"
          },
          {
            "id": 8,
            "text": "2 : 키키 맞아 얼굴에 있는 구멍에선 전부 나왔어",
            "norm_text": "키키 맞아 얼굴에 있는 구멍에선 전부 나왔어",
            "speaker": {
              "id": "2번",
              "sex": "여성",
              "age": "20대"
            },
            "speechAct": "(단언) 진술하기",
            "morpheme": "키/NNG+키/XSV+ETN+맞/VV+아/EC+얼굴/NNG+에/JKB+있/VV+는/ETM+구멍/NNG+에선/JKB+JX+전부/MAG+나왔/VV+EP+어/EC"
          },
          {
            "id": 9,
            "text": "1 : 그때는 한창 호르몬이 분비될 나이였잖아~",
            "norm_text": "그때는 한창 호르몬이 분비될 나이였잖아~",
            "speaker": {
              "id": "1번",
              "sex": "여성",
              "age": "20대"
            },
            "speechAct": "(단언) 주장하기",
            "morpheme": "그때/NNG+는/JX+한창/MAG+호르몬/NNG+이/JKS+분비/NNG+될/XSV+ETM+나이/NNG+였잖/VCP+EP+EC+VX+아/EC+~/SY"
          },
          {
            "id": 10,
            "text": "2 : 청소년기는 그렇지만 나는 현재 진행형이야",
            "norm_text": "청소년기는 그렇지만 나는 현재 진행형이야",
            "speaker": {
              "id": "2번",
              "sex": "여성",
              "age": "20대"
            },
            "speechAct": "(단언) 주장하기",
            "morpheme": "청소년기/NNG+는/JX+그렇지만/MAJ+나/NP+는/JX+현재/MAG+진행/NNG+형/XSN+이/VCP+야/EC"
          },
          {
            "id": 11,
            "text": "1 : 나도 마찬가지야 그러면 비비크림 발라?",
            "norm_text": "나도 마찬가지야 그러면 비비크림 발라?",
            "speaker": {
              "id": "1번",
              "sex": "여성",
              "age": "20대"
            },
            "speechAct": "(지시) 질문하기",
            "morpheme": "나/NP+도/JX+마찬가지/NNG+야/VCP+EF+그러면/MAJ+비비/MAG+크림/NNG+발라/VV+EF"
          },
          {
            "id": 12,
            "text": "2 : 나는 팩트 하나로만 화장해 기름이 많아서",
            "norm_text": "나는 팩트 하나로만 화장해 기름이 많아서",
            "speaker": {
              "id": "2번",
              "sex": "여성",
              "age": "20대"
            },
            "speechAct": "(단언) 진술하기",
            "morpheme": "나/NP+는/JX+팩/MAG+트/NNG+하나/NR+로/JKB+만/JX+화장/NNG+해/XSV+EC+기름/NNG+이/JKS+많/VA+아서/EC"
          },
          {
            "id": 13,
            "text": "1 : 근데 펙트 하나만 쓰면 커버가 잘 안 되지 않아?",
            "norm_text": "근데 펙트 하나만 쓰면 커버가 잘 안 되지 않아?",
            "speaker": {
              "id": "1번",
              "sex": "여성",
              "age": "20대"
            },
            "speechAct": "(단언) 주장하기",
            "morpheme": "근데/MAJ+펙/NNG+트/NNG+하나/NR+만/JX+쓰/VV+면/EC+커버/NNG+가/JKS+잘/MAG+안/MAG+되/VV+지/EC+않/VX+아/EF"
          },
          {
            "id": 14,
            "text": "2 : 맞아 근데 요즘 마스크 써서 별로 상관없더라",
            "norm_text": "맞아 근데 요즘 마스크 써서 별로 상관없더라",
            "speaker": {
              "id": "2번",
              "sex": "여성",
              "age": "20대"
            },
            "speechAct": "(단언) 주장하기",
            "morpheme": "맞아/IC+근데/MAJ+요즘/MAG+마스크/IC+써서/VV+EC+별로/MAG+상관없/VA+더라/EC"
          },
          {
            "id": 15,
            "text": "1 : 그건 그래 어떤 사람은 눈만 화장한대 키키",
            "norm_text": "그건 그래 어떤 사람은 눈만 화장한대 키키",
            "speaker": {
              "id": "1번",
              "sex": "여성",
              "age": "20대"
            },
            "speechAct": "(단언) 진술하기",
            "morpheme": "그건/NP+JX+그래/VA+EC+어떤/MM+사람/NNG+은/JX+눈/NNG+만/JX+화장/NNG+한/XSA+ETM+대/XPN+키/NNG+키/XSV+ETN"
          },
          {
            "id": 16,
            "text": "2 : 맞아 키키 근데 밥 먹을 땐 내려야 하니깐",
            "norm_text": "맞아 키키 근데 밥 먹을 땐 내려야 하니깐",
            "speaker": {
              "id": "2번",
              "sex": "여성",
              "age": "20대"
            },
            "speechAct": "(단언) 주장하기",
            "morpheme": "맞/VV+아/EC+키/NNG+키/XSV+ETN+근데/MAJ+밥/NNG+먹/VV+을/ETM+땐/NNG+JX+내려야/VV+EC+하/VV+니깐/EC"
          }
        ]
      }
    }
  ]
}