{
  "dataset": {
    "identifier": 20041,
    "name": "BAND_23_20_set",
    "src_path": "/data/file/cubeManager/PROJECT001/49/txt20210915111041047051/BAND_23_20_set/",
    "label_path": "/data/file/cubeManager/PROJECT001/49/txt20210915111041047051/BAND_23_20_set/",
    "category": 2,
    "type": 0
  },
  "licenses": {
    "name": "Apache License 1.0",
    "url": "http://www.apache.org/licenses/LICENSE-1.0"
  },
  "info": [
    {
      "id": 25699,
      "filename": "BAND_23_20.txt",
      "title": "BAND_23_20",
      "mediatype": "SNS",
      "medianame": "네이버밴드",
      "category": "일상대화",
      "date": "2021-09-15",
      "size": 1807,
      "annotations": {
        "subject": "영화/만화",
        "speaker_type": "1:1",
        "size": 1807,
        "word_size": 540,
        "text": "1 : 좋아하는 영화 배우 있어? 한국 배우나 외국 배우!\n2 : 남자 배우? 여자 배우? 갑자기 생각 안 난다~\n2 : 좋아하는 사람 있어?\n3 : 아이유... 키키 배우니까 이지은이라고 해야 하나 음... 아니면... 유해진도 좋아하고 조진웅!\n3 : 외국 배우는 리즈 시절 디카프리오?\n1 : 아~ 리즈 시절 키키 지금은 너무 아저씨 됐어..\n1 : 나는 옛날에 잭 에프론 좋아했는데 얘도 지금 좀 아저씨됨 ㅠㅠ\n2 : 그렇다면 난 제이크 질렌할 키키 투모로우 보고 진짜 멋있다고 생각했는데~\n2 : 근데 외국에서는 평판은 별로더라~\n2 : 악역을 많이 해서 그런가\n3 : 헐 잭에프론 찾아보니까 그 위대한 쇼맨 나왔던 분이네 ㅠㅠ 내 최애 영화 중에 하나인데 ㅠㅠ\n3 : 아 제이크 질헨할은 그 스파이더맨에서도 악역으로 나오신 분이네 키키\n3 : 다 이름은 모르는데 본 적 있는 사람들\n1 : 키키 아 위대한 쇼맨 재밌다고는 들었는데 추천해 줄 정도야?\n1 : 언니는 봤어 이 영화?\n2 : 등장인물 보니까 본 거 같기도 한데... 기억은 잘 안 남~ 무슨 내용이었지?\n3 : 이거 그 서커스의 시초에 대한 내용이야!\n3 : 서커스 만들어진... 시작? 뭐라고 해야 하지 키키\n3 : 나 뮤지컬 영화 정말 안 좋아하는데 이거는 아직도 생각나면 노래 듣고 노래 정말 다 좋아 ㅠㅠ 완전 추천\n1 : 조만간 봐야겠다...\n1 : 뮤지컬 영화 안 좋아해?\n1 : 나 옛날에 하이스쿨 뮤지컬 짱 좋아했는데..\n2 : 그건 뮤지컬 넘버는 많이 들었는데~ 뮤지컬 영화 생각하니까 되게 많네~ 맘마미아도 투까지 나왔고 라라랜드 그렇고~\n3 : 아니 나 라라랜드랑 비긴어게인 보다가 잤어...\n3 : 진짜 유일한 두 영화야 영화 보다가 잔 거 키키\n1 : 키키 잘 정도였어?\n1 : 비긴어게인은 좀 잔잔한 축에 속하긴 하지\n1 : 나는 라라랜드는 뭔가 살짝 내 스타일 아니었어...\n1 : 결말이 맘에 안 들어서 그런가 노래도 쪼끔 어둡고\n2 : 난 다 안 봤어~\n2 : 뮤지컬은 좋아하는데 난 뮤지컬 영화는 별로인가... 생각해 보니까 본 게 없네\n3 : 언니는 약간 무서운 영화 좋아한다고 하지 않았나?\n3 : 본 것 중에 제일 마음 들었던 건 뭐야?\n1 : 난 대체로 뮤지컬 영화는 밝은 편이라 좋았던 거 같음 !\n1 : 그러게 뭐가 젤 재밌었어?\n2 : 무서운 이야기 2, 오싹한 연애, 알포인트 등등 요즘에 나온 건 미드나이트라고 진기주 나온 거 있는데 그거 귀신 이야기는 아니고 살인마 얘기...\n3 : 우오우... 알포인트가 그 군대 얘기였나? 뭔가 디 되게 유명하다고 들었는데...\n3 : 컨저링 이런 것도 봤어? 난 예고편만 봐도 무서워서 키키\n1 : 으... 미드나이트 영화 소개해주는 프로그램에서 봤어... ㅠㅠ\n1 : 그거 진기주가 청각 장애인인데 막 살인마가 집에도 들어오고 이러잖아... 무서워\n2 : 재밌어서 5번은 본 거 같은도 미드나이트 키키\n2 : 컨저링은 안 봤어\n2 : 외국 공포 영화는 이상하게 맛이 안 살아~\n3 : 오호 국내 공포를 좋아하는구나 키키\n3 : 그럼 귀신 이런 것보다 약간 저런 사람이 무섭게 하는...? 범죄 저지르는 이런 내용 더 선호해?\n1 : 그러게 어케 5번이나 봐...\n1 : 나는 혼자 해리포터도 못 봐 무서워 키키\n2 : 둘 다 좋아하는데 이왕이면 귀신 얘기가 더 재밌지~\n2 : 범죄물은 많이 보다 보면 사람이 무서워져서 ㅠㅠ\n2 : 부산행 봤어?\n2 : 나 그거 예고편도 안 보고 들어갔다가 보고 난 다음에 영화관에서 나오는데 순간적으로 광장 공포증 생긴 줄 알았잖아~ 옆에 있는 사람들이 다 너무 무서운 거 있지 너무 충격적이었어\n3 : 으윽 난 둘다 무서워 ㅠㅠ\n3 : 귀신물 보면 혼자 있을 때 무섭고 범죄물은 진짜 언니 말처럼 사람이 무서워지고...",
        "lines": [
          {
            "id": 1,
            "text": "1 : 좋아하는 영화 배우 있어? 한국 배우나 외국 배우!",
            "norm_text": "좋아하는 영화 배우 있어? 한국 배우나 외국 배우!",
            "speaker": {
              "id": "1번",
              "sex": "여성",
              "age": "20대"
            },
            "speechAct": "(지시) 질문하기",
            "morpheme": "좋/VA+아/EC+하/VV+는/ETM+영화배우/NNG+있/VA+어/EF+한국/NNP+배우/NNG+나/JC+외국/NNG+배우/NNG"
          },
          {
            "id": 2,
            "text": "2 : 남자 배우? 여자 배우? 갑자기 생각 안 난다~",
            "norm_text": "남자 배우? 여자 배우? 갑자기 생각 안 난다~",
            "speaker": {
              "id": "2번",
              "sex": "여성",
              "age": "30대"
            },
            "speechAct": "(단언) 주장하기",
            "morpheme": "남자/NNG+배우/NNG+?/SY+여자/NNG+배우/NNG+갑자기/MAG+생각/NNG+안/MAG+난다/VV+EC+~/SY"
          },
          {
            "id": 3,
            "text": "2 : 좋아하는 사람 있어?",
            "norm_text": "좋아하는 사람 있어?",
            "speaker": {
              "id": "2번",
              "sex": "여성",
              "age": "30대"
            },
            "speechAct": "(지시) 질문하기",
            "morpheme": "좋/VA+아/EC+하/VV+는/ETM+사람/NNG+있/VA+어/EF"
          },
          {
            "id": 4,
            "text": "3 : 아이유... 키키 배우니까 이지은이라고 해야 하나 음... 아니면... 유해진도 좋아하고 조진웅!",
            "norm_text": "아이유... 키키 배우니까 이지은이라고 해야 하나 음... 아니면... 유해진도 좋아하고 조진웅!",
            "speaker": {
              "id": "3번",
              "sex": "여성",
              "age": "20대"
            },
            "speechAct": "(단언) 주장하기",
            "morpheme": "아이유/IC+./SY+키/NNG+키/XSV+ETN+배우/VV+니까/EC+이지은/NNP+이/VCP+라고/EC+해야/VV+EC+하나/NR+음/IC+./SY+아니면/MAJ+./SY+./SY+유해진/NNP+도/JX+좋/VA+아/EC+하/VV+고/EC+조진웅/NNP"
          },
          {
            "id": 5,
            "text": "3 : 외국 배우는 리즈 시절 디카프리오?",
            "norm_text": "외국 배우는 리즈 시절 디카프리오?",
            "speaker": {
              "id": "3번",
              "sex": "여성",
              "age": "20대"
            },
            "speechAct": "(단언) 주장하기",
            "morpheme": "외국/NNG+배우/VV+는/ETM+리즈/NNP+시절/NNG+디카프리오/NNP"
          },
          {
            "id": 6,
            "text": "1 : 아~ 리즈 시절 키키 지금은 너무 아저씨 됐어..",
            "norm_text": "아~ 리즈 시절 키키 지금은 너무 아저씨 됐어..",
            "speaker": {
              "id": "1번",
              "sex": "여성",
              "age": "20대"
            },
            "speechAct": "(단언) 주장하기",
            "morpheme": "아/IC+~/SY+리즈/NNP+시절/NNG+키/NNG+키/NNG+지금/MAG+은/JX+너무/MAG+아저씨/NNG+됐/XSV+EP+어/EC+./SY"
          },
          {
            "id": 7,
            "text": "1 : 나는 옛날에 잭 에프론 좋아했는데 얘도 지금 좀 아저씨됨 ㅠㅠ",
            "norm_text": "나는 옛날에 잭 에프론 좋아했는데 얘도 지금 좀 아저씨됨 ㅠㅠ",
            "speaker": {
              "id": "1번",
              "sex": "여성",
              "age": "20대"
            },
            "speechAct": "(단언) 주장하기",
            "morpheme": "나/NP+는/JX+옛날/NNG+에/JKB+잭/NNG+에/JKB+프론/NNBC+JX+좋/VA+아/EC+했/VX+EP+는데/EC+얘/NP+도/JX+지금/MAG+좀/MAG+아저씨/NNG+됨/XSV+ETN+ㅠㅠ/UNKNOWN"
          },
          {
            "id": 8,
            "text": "2 : 그렇다면 난 제이크 질렌할 키키 투모로우 보고 진짜 멋있다고 생각했는데~",
            "norm_text": "그렇다면 난 제이크 질렌할 키키 투모로우 보고 진짜 멋있다고 생각했는데~",
            "speaker": {
              "id": "2번",
              "sex": "여성",
              "age": "30대"
            },
            "speechAct": "(단언) 주장하기",
            "morpheme": "그렇/VA+다면/EC+난/VX+ETM+제이크/+질렌할/+키키/NNP+투모로우/NNP+보/VV+고/EC+진짜/MAG+멋있/VA+다고/EC+생각/NNG+했/XSV+EP+는데/EC+~/SY"
          },
          {
            "id": 9,
            "text": "2 : 근데 외국에서는 평판은 별로더라~",
            "norm_text": "근데 외국에서는 평판은 별로더라~",
            "speaker": {
              "id": "2번",
              "sex": "여성",
              "age": "30대"
            },
            "speechAct": "(단언) 진술하기",
            "morpheme": "근데/MAJ+외국/NNG+에서/JKB+는/JX+평판/NNG+은/JX+별로/MAG+더라/VCP+EC+~/SY"
          },
          {
            "id": 10,
            "text": "2 : 악역을 많이 해서 그런가",
            "norm_text": "악역을 많이 해서 그런가",
            "speaker": {
              "id": "2번",
              "sex": "여성",
              "age": "30대"
            },
            "speechAct": "(단언) 주장하기",
            "morpheme": "악역/NNG+을/JKO+많이/MAG+해서/VV+EC+그런가/VA+EC"
          },
          {
            "id": 11,
            "text": "3 : 헐 잭에프론 찾아보니까 그 위대한 쇼맨 나왔던 분이네 ㅠㅠ 내 최애 영화 중에 하나인데 ㅠㅠ",
            "norm_text": "헐 잭에프론 찾아보니까 그 위대한 쇼맨 나왔던 분이네 ㅠㅠ 내 최애 영화 중에 하나인데 ㅠㅠ",
            "speaker": {
              "id": "3번",
              "sex": "여성",
              "age": "20대"
            },
            "speechAct": "(단언) 주장하기",
            "morpheme": "헐/IC+잭/NNG+에/JKB+프론/NNBC+JX+찾아보/VV+니까/EC+그/MM+위대/XR+한/XSA+ETM+쇼맨/NNG+나왔/VV+EP+던/ETM+분/NNB+이/VCP+네/EF+ㅠㅠ/UNKNOWN+내/NP+JKG+최애/NNG+영화/NNG+중/NNB+에/JKB+하나/NR+인데/VCP+EC+ㅠㅠ/UNKNOWN"
          },
          {
            "id": 12,
            "text": "3 : 아 제이크 질헨할은 그 스파이더맨에서도 악역으로 나오신 분이네 키키",
            "norm_text": "아 제이크 질헨할은 그 스파이더맨에서도 악역으로 나오신 분이네 키키",
            "speaker": {
              "id": "3번",
              "sex": "여성",
              "age": "20대"
            },
            "speechAct": "(단언) 진술하기",
            "morpheme": "아/IC+제이크/NNP+질/NNP+헨/NNP+할/NNP+은/JX+그/MM+스파이더맨/NNP+에서/JKB+도/JX+악역/NNG+으로/JKB+나오/VV+신/EP+ETM+분/NNB+이/JKS+네/MM+키/NNG+키/XSV+ETN"
          },
          {
            "id": 13,
            "text": "3 : 다 이름은 모르는데 본 적 있는 사람들",
            "norm_text": "다 이름은 모르는데 본 적 있는 사람들",
            "speaker": {
              "id": "3번",
              "sex": "여성",
              "age": "20대"
            },
            "speechAct": "(단언) 진술하기",
            "morpheme": "다/MAG+이름/NNG+은/JX+모르/VV+는데/EC+본/VX+ETM+적/NNB+있/VA+는/ETM+사람/NNG+들/XSN"
          },
          {
            "id": 14,
            "text": "1 : 키키 아 위대한 쇼맨 재밌다고는 들었는데 추천해 줄 정도야?",
            "norm_text": "키키 아 위대한 쇼맨 재밌다고는 들었는데 추천해 줄 정도야?",
            "speaker": {
              "id": "1번",
              "sex": "여성",
              "age": "20대"
            },
            "speechAct": "(지시) 질문하기",
            "morpheme": "키/NNG+키/VV+아/EC+위대/XR+한/XSA+ETM+쇼맨/NNG+재밌/VA+다고/EC+는/JX+들/VV+었/EP+는데/EC+추천/NNG+해/XSV+EC+줄/VX+ETM+정도/NNG+야/VCP+EF"
          },
          {
            "id": 15,
            "text": "1 : 언니는 봤어 이 영화?",
            "norm_text": "언니는 봤어 이 영화?",
            "speaker": {
              "id": "1번",
              "sex": "여성",
              "age": "20대"
            },
            "speechAct": "(지시) 질문하기",
            "morpheme": "언니/NNG+는/JX+봤/VV+EP+어/EF+이/MM+영화/NNG"
          },
          {
            "id": 16,
            "text": "2 : 등장인물 보니까 본 거 같기도 한데... 기억은 잘 안 남~ 무슨 내용이었지?",
            "norm_text": "등장인물 보니까 본 거 같기도 한데... 기억은 잘 안 남~ 무슨 내용이었지?",
            "speaker": {
              "id": "2번",
              "sex": "여성",
              "age": "30대"
            },
            "speechAct": "(지시) 질문하기",
            "morpheme": "등장인물/NNG+보/VV+니까/EC+본/VX+ETM+거/NNB+같/VA+기/ETN+도/JX+한데/VV+EF+./SY+기억/NNG+은/JX+잘/MAG+안/MAG+남/VV+EC+~/SY+무슨/MM+내용/NNG+이/VCP+었/EP+지/EF"
          },
          {
            "id": 17,
            "text": "3 : 이거 그 서커스의 시초에 대한 내용이야!",
            "norm_text": "이거 그 서커스의 시초에 대한 내용이야!",
            "speaker": {
              "id": "3번",
              "sex": "여성",
              "age": "20대"
            },
            "speechAct": "(단언) 진술하기",
            "morpheme": "이거/NP+그/MM+서커스/NNG+의/JKG+시초/NNG+에/JKB+대한/VV+ETM+내용/NNG+이/VCP+야/EF"
          },
          {
            "id": 18,
            "text": "3 : 서커스 만들어진... 시작? 뭐라고 해야 하지 키키",
            "norm_text": "서커스 만들어진... 시작? 뭐라고 해야 하지 키키",
            "speaker": {
              "id": "3번",
              "sex": "여성",
              "age": "20대"
            },
            "speechAct": "(단언) 주장하기",
            "morpheme": "서커스/NNP+만들어진/NNP+./SY+./SY+시작/NNG+뭐/NP+라고/VCP+EC+해야/VV+EC+하/VV+지/EC+키/NNG+키/XSV+ETN"
          },
          {
            "id": 19,
            "text": "3 : 나 뮤지컬 영화 정말 안 좋아하는데 이거는 아직도 생각나면 노래 듣고 노래 정말 다 좋아 ㅠㅠ 완전 추천",
            "norm_text": "나 뮤지컬 영화 정말 안 좋아하는데 이거는 아직도 생각나면 노래 듣고 노래 정말 다 좋아 ㅠㅠ 완전 추천",
            "speaker": {
              "id": "3번",
              "sex": "여성",
              "age": "20대"
            },
            "speechAct": "(단언) 주장하기",
            "morpheme": "나/NP+뮤지컬/NNG+영화/NNG+정말/MAG+안/MAG+좋아하/VV+는데/EC+이거/NP+는/JX+아직/MAG+도/JX+생각나/VV+면/EC+노래/NNG+듣/VV+고/EC+노래/NNG+정말/MAG+다/MAG+좋/VA+아/EC+ㅠㅠ/UNKNOWN+완전/NNG+추천/NNG"
          },
          {
            "id": 20,
            "text": "1 : 조만간 봐야겠다...",
            "norm_text": "조만간 봐야겠다...",
            "speaker": {
              "id": "1번",
              "sex": "여성",
              "age": "20대"
            },
            "speechAct": "(단언) 주장하기",
            "morpheme": "조만간/MAG+봐야겠다/VV+EC+VX+EP+EF+./SY"
          },
          {
            "id": 21,
            "text": "1 : 뮤지컬 영화 안 좋아해?",
            "norm_text": "뮤지컬 영화 안 좋아해?",
            "speaker": {
              "id": "1번",
              "sex": "여성",
              "age": "20대"
            },
            "speechAct": "(지시) 질문하기",
            "morpheme": "뮤지컬/NNG+영화/NNG+안/MAG+좋/VA+아/EC+해/VX+EF"
          },
          {
            "id": 22,
            "text": "1 : 나 옛날에 하이스쿨 뮤지컬 짱 좋아했는데..",
            "norm_text": "나 옛날에 하이스쿨 뮤지컬 짱 좋아했는데..",
            "speaker": {
              "id": "1번",
              "sex": "여성",
              "age": "20대"
            },
            "speechAct": "(단언) 진술하기",
            "morpheme": "나/NP+옛날/NNG+에/JKB+하이스쿨/NNG+뮤지컬/NNG+짱/NNG+좋/VA+아/EC+했/VX+EP+는데/EC+./SY"
          },
          {
            "id": 23,
            "text": "2 : 그건 뮤지컬 넘버는 많이 들었는데~ 뮤지컬 영화 생각하니까 되게 많네~ 맘마미아도 투까지 나왔고 라라랜드 그렇고~",
            "norm_text": "그건 뮤지컬 넘버는 많이 들었는데~ 뮤지컬 영화 생각하니까 되게 많네~ 맘마미아도 투까지 나왔고 라라랜드 그렇고~",
            "speaker": {
              "id": "2번",
              "sex": "여성",
              "age": "30대"
            },
            "speechAct": "(단언) 주장하기",
            "morpheme": "그건/NP+JX+뮤지컬/NNG+넘버/NNG+는/JX+많이/MAG+들/VV+었/EP+는데/EC+~/SY+뮤지컬/NNG+영화/NNG+생각/NNG+하/XSV+니까/EC+되게/MAG+많/VA+네/EF+~/SY+맘마/NNG+미아/NNG+도투/NNG+까지/JX+나왔/VV+EP+고/EC+라라/NNG+랜드/NNG+그렇/VA+고/EC+~/SY"
          },
          {
            "id": 24,
            "text": "3 : 아니 나 라라랜드랑 비긴어게인 보다가 잤어...",
            "norm_text": "아니 나 라라랜드랑 비긴어게인 보다가 잤어...",
            "speaker": {
              "id": "3번",
              "sex": "여성",
              "age": "20대"
            },
            "speechAct": "(단언) 주장하기",
            "morpheme": "아니/IC+나라/NNG+라랜드/NNP+랑/JC+비긴/NNG+어게인/NNG+보/VV+다가/EC+잤/VV+EP+어/EF+./SY"
          },
          {
            "id": 25,
            "text": "3 : 진짜 유일한 두 영화야 영화 보다가 잔 거 키키",
            "norm_text": "진짜 유일한 두 영화야 영화 보다가 잔 거 키키",
            "speaker": {
              "id": "3번",
              "sex": "여성",
              "age": "20대"
            },
            "speechAct": "(단언) 진술하기",
            "morpheme": "진짜/MAG+유일/NNG+한두/MM+영화/NNG+야/VCP+EF+영화/NNG+보다/JKB+가/VV+잔/ETM+거/NNB+키/NNG+키/XSV+ETN"
          },
          {
            "id": 26,
            "text": "1 : 키키 잘 정도였어?",
            "norm_text": "키키 잘 정도였어?",
            "speaker": {
              "id": "1번",
              "sex": "여성",
              "age": "20대"
            },
            "speechAct": "(지시) 질문하기",
            "morpheme": "키/NNG+키/XSV+ETN+잘/MAG+정도/NNG+였/VCP+EP+어/EF"
          },
          {
            "id": 27,
            "text": "1 : 비긴어게인은 좀 잔잔한 축에 속하긴 하지",
            "norm_text": "비긴어게인은 좀 잔잔한 축에 속하긴 하지",
            "speaker": {
              "id": "1번",
              "sex": "여성",
              "age": "20대"
            },
            "speechAct": "(단언) 주장하기",
            "morpheme": "비긴/VV+ETM+어게인/NNG+은/JX+좀/MAG+잔잔/XR+한/XSA+ETM+축/NNB+에/JKB+속하/VV+긴/ETN+JX+하/VX+지/EC"
          },
          {
            "id": 28,
            "text": "1 : 나는 라라랜드는 뭔가 살짝 내 스타일 아니었어...",
            "norm_text": "나는 라라랜드는 뭔가 살짝 내 스타일 아니었어...",
            "speaker": {
              "id": "1번",
              "sex": "여성",
              "age": "20대"
            },
            "speechAct": "(단언) 주장하기",
            "morpheme": "나/NP+는/JX+라라/NNG+랜드/NNG+는/JX+뭔가/NP+VCP+EC+살짝/MAG+내/NP+JKG+스타일/NNG+아니/VCN+었/EP+어/EF+./SY"
          },
          {
            "id": 29,
            "text": "1 : 결말이 맘에 안 들어서 그런가 노래도 쪼끔 어둡고",
            "norm_text": "결말이 맘에 안 들어서 그런가 노래도 쪼끔 어둡고",
            "speaker": {
              "id": "1번",
              "sex": "여성",
              "age": "20대"
            },
            "speechAct": "(단언) 주장하기",
            "morpheme": "결말/NNG+이/JKS+맘/NNG+에/JKB+안/MAG+들/VV+어서/EC+그런가/VA+EC+노래/NNG+도/JX+쪼끔/MAG+어둡/VA+고/EC"
          },
          {
            "id": 30,
            "text": "2 : 난 다 안 봤어~",
            "norm_text": "난 다 안 봤어~",
            "speaker": {
              "id": "2번",
              "sex": "여성",
              "age": "30대"
            },
            "speechAct": "(단언) 진술하기",
            "morpheme": "난/NP+JX+다/MAG+안/MAG+봤/VV+EP+어/EC+~/SY"
          },
          {
            "id": 31,
            "text": "2 : 뮤지컬은 좋아하는데 난 뮤지컬 영화는 별로인가... 생각해 보니까 본 게 없네",
            "norm_text": "뮤지컬은 좋아하는데 난 뮤지컬 영화는 별로인가... 생각해 보니까 본 게 없네",
            "speaker": {
              "id": "2번",
              "sex": "여성",
              "age": "30대"
            },
            "speechAct": "(단언) 주장하기",
            "morpheme": "뮤지컬/NNG+은/JX+좋/VA+아/EC+하/VV+는데/EC+난/VX+ETM+뮤지컬/NNG+영화/NNG+는/JX+별로/MAG+인가/VCP+EF+./SY+생각/NNG+해/XSV+EC+보/VX+니까/EC+본/VX+ETM+게/NNB+JKS+없/VA+네/EC"
          },
          {
            "id": 32,
            "text": "3 : 언니는 약간 무서운 영화 좋아한다고 하지 않았나?",
            "norm_text": "언니는 약간 무서운 영화 좋아한다고 하지 않았나?",
            "speaker": {
              "id": "3번",
              "sex": "여성",
              "age": "20대"
            },
            "speechAct": "(지시) 질문하기",
            "morpheme": "언니/NNG+는/JX+약간/MAG+무서운/VA+ETM+영화/NNG+좋/VA+아/EC+한다고/VX+EC+하/VV+지/EC+않/VX+았/EP+나/EF"
          },
          {
            "id": 33,
            "text": "3 : 본 것 중에 제일 마음 들었던 건 뭐야?",
            "norm_text": "본 것 중에 제일 마음 들었던 건 뭐야?",
            "speaker": {
              "id": "3번",
              "sex": "여성",
              "age": "20대"
            },
            "speechAct": "(지시) 질문하기",
            "morpheme": "본/VV+ETM+것/NNB+중/NNB+에/JKB+제일/MAG+마음/NNG+들/VV+었/EP+던/ETM+건/NNB+JX+뭐/NP+야/VCP+EF"
          },
          {
            "id": 34,
            "text": "1 : 난 대체로 뮤지컬 영화는 밝은 편이라 좋았던 거 같음 !",
            "norm_text": "난 대체로 뮤지컬 영화는 밝은 편이라 좋았던 거 같음 !",
            "speaker": {
              "id": "1번",
              "sex": "여성",
              "age": "20대"
            },
            "speechAct": "(단언) 주장하기",
            "morpheme": "난/NP+JX+대체로/MAG+뮤지컬/NNG+영화/NNG+는/JX+밝/VA+은/ETM+편/NNB+이/VCP+라/EC+좋/VA+았/EP+던/ETM+거/NNB+같/VA+음/ETN"
          },
          {
            "id": 35,
            "text": "1 : 그러게 뭐가 젤 재밌었어?",
            "norm_text": "그러게 뭐가 젤 재밌었어?",
            "speaker": {
              "id": "1번",
              "sex": "여성",
              "age": "20대"
            },
            "speechAct": "(지시) 질문하기",
            "morpheme": "그러게/IC+뭐/NP+가/JKS+젤/MAG+재밌/VA+었/EP+어/EF"
          },
          {
            "id": 36,
            "text": "2 : 무서운 이야기 2, 오싹한 연애, 알포인트 등등 요즘에 나온 건 미드나이트라고 진기주 나온 거 있는데 그거 귀신 이야기는 아니고 살인마 얘기...",
            "norm_text": "무서운 이야기 2, 오싹한 연애, 알포인트 등등 요즘에 나온 건 미드나이트라고 진기주 나온 거 있는데 그거 귀신 이야기는 아니고 살인마 얘기...",
            "speaker": {
              "id": "2번",
              "sex": "여성",
              "age": "30대"
            },
            "speechAct": "(단언) 주장하기",
            "morpheme": "무서운/VA+ETM+이야기/NNG+2/SN+,/SC+오싹/MAG+한/XSA+ETM+연애/NNG+,/SC+알포인트/NNP+등등/NNB+요즘/NNG+에/JKB+나온/VV+ETM+건/NNB+JX+미/NNP+드나이트/NNP+라고/VCP+EC+진/VX+ETM+기주/NNG+나온/VV+ETM+거/NNB+있/VA+는데/EC+그거/NP+귀신/NNG+이야기/NNG+는/JX+아니/VCN+고/EC+살인마/NNG+얘기/NNG+./SY+./SY"
          },
          {
            "id": 37,
            "text": "3 : 우오우... 알포인트가 그 군대 얘기였나? 뭔가 디 되게 유명하다고 들었는데...",
            "norm_text": "우오우... 알포인트가 그 군대 얘기였나? 뭔가 디 되게 유명하다고 들었는데...",
            "speaker": {
              "id": "3번",
              "sex": "여성",
              "age": "20대"
            },
            "speechAct": "(지시) 질문하기",
            "morpheme": "우/IC+오우/IC+./SY+./SY+알포인트/NNP+가/JKS+그/MM+군대/NNG+얘기/NNG+였/VCP+EP+나/EF+뭔가/NP+VCP+EC+디/NNG+되게/MAG+유명/NNG+하/XSV+다고/EC+들/VX+었/EP+는데/EC+./SY+./SY"
          },
          {
            "id": 38,
            "text": "3 : 컨저링 이런 것도 봤어? 난 예고편만 봐도 무서워서 키키",
            "norm_text": "컨저링 이런 것도 봤어? 난 예고편만 봐도 무서워서 키키",
            "speaker": {
              "id": "3번",
              "sex": "여성",
              "age": "20대"
            },
            "speechAct": "(지시) 질문하기",
            "morpheme": "컨/NNP+저/NP+링/JKO+이런/MM+것/NNB+도/JX+봤/VV+EP+어/EF+난/NP+JX+예고편/NNG+만/JX+봐도/VV+EC+무서워서/VA+EC+키/NNG+키/XSV+ETN"
          },
          {
            "id": 39,
            "text": "1 : 으... 미드나이트 영화 소개해주는 프로그램에서 봤어... ㅠㅠ",
            "norm_text": "으... 미드나이트 영화 소개해주는 프로그램에서 봤어... ㅠㅠ",
            "speaker": {
              "id": "1번",
              "sex": "여성",
              "age": "20대"
            },
            "speechAct": "(단언) 진술하기",
            "morpheme": "으/IC+./SY+./SY+미/NNP+드나이트/NNP+영화/NNG+소개/NNG+해/XSV+EC+주/VX+는/ETM+프로그램/NNG+에서/JKB+봤/VV+EP+어/EF+./SY+ㅠㅠ/UNKNOWN"
          },
          {
            "id": 40,
            "text": "1 : 그거 진기주가 청각 장애인인데 막 살인마가 집에도 들어오고 이러잖아... 무서워",
            "norm_text": "그거 진기주가 청각 장애인인데 막 살인마가 집에도 들어오고 이러잖아... 무서워",
            "speaker": {
              "id": "1번",
              "sex": "여성",
              "age": "20대"
            },
            "speechAct": "(단언) 주장하기",
            "morpheme": "그/MM+거진/NNG+기주/NNG+가/JKS+청각/NNG+장애인/NNG+인데/VCP+EC+막/NNG+살인마/NNG+가/JKS+집/NNG+에/JKB+도/JX+들어오/VV+고/EC+이러/VV+잖아/EF+./SY+무서워/VA+EC"
          },
          {
            "id": 41,
            "text": "2 : 재밌어서 5번은 본 거 같은도 미드나이트 키키",
            "norm_text": "재밌어서 5번은 본 거 같은도 미드나이트 키키",
            "speaker": {
              "id": "2번",
              "sex": "여성",
              "age": "30대"
            },
            "speechAct": "(단언) 진술하기",
            "morpheme": "재밌/VA+어서/EC+5/SN+번/NNBC+은/JX+본/VV+ETM+거/NNB+같/VA+은/ETM+도미/NNP+드나이트/NNP+키키/NNP"
          },
          {
            "id": 42,
            "text": "2 : 컨저링은 안 봤어",
            "norm_text": "컨저링은 안 봤어",
            "speaker": {
              "id": "2번",
              "sex": "여성",
              "age": "30대"
            },
            "speechAct": "(단언) 진술하기",
            "morpheme": "컨/NNP+저/MM+링/NNG+은/JX+안/MAG+봤/VV+EP+어/EC"
          },
          {
            "id": 43,
            "text": "2 : 외국 공포 영화는 이상하게 맛이 안 살아~",
            "norm_text": "외국 공포 영화는 이상하게 맛이 안 살아~",
            "speaker": {
              "id": "2번",
              "sex": "여성",
              "age": "30대"
            },
            "speechAct": "(단언) 주장하기",
            "morpheme": "외국/NNG+공포/NNG+영화/NNG+는/JX+이상/NNG+하/XSV+게/EC+맛/NNG+이/JKS+안/MAG+살/VV+아/EC+~/SY"
          },
          {
            "id": 44,
            "text": "3 : 오호 국내 공포를 좋아하는구나 키키",
            "norm_text": "오호 국내 공포를 좋아하는구나 키키",
            "speaker": {
              "id": "3번",
              "sex": "여성",
              "age": "20대"
            },
            "speechAct": "(단언) 주장하기",
            "morpheme": "오호/IC+국내/NNG+공포/NNG+를/JKO+좋아하/VV+는구나/EF+키/NNG+키/XSV+ETN"
          },
          {
            "id": 45,
            "text": "3 : 그럼 귀신 이런 것보다 약간 저런 사람이 무섭게 하는...? 범죄 저지르는 이런 내용 더 선호해?",
            "norm_text": "그럼 귀신 이런 것보다 약간 저런 사람이 무섭게 하는...? 범죄 저지르는 이런 내용 더 선호해?",
            "speaker": {
              "id": "3번",
              "sex": "여성",
              "age": "20대"
            },
            "speechAct": "(지시) 질문하기",
            "morpheme": "그럼/MAJ+귀신/NNG+이런/MM+것/NNB+보다/JKB+약간/MAG+저런/MM+사람/NNG+이/JKS+무섭/VA+게/EC+하/VV+는/ETM+./SY+./SY+범죄/NNG+저지르/VV+는/ETM+이런/MM+내용/NNG+더/MAG+선호/NNG+해/XSV+EF"
          },
          {
            "id": 46,
            "text": "1 : 그러게 어케 5번이나 봐...",
            "norm_text": "그러게 어케 5번이나 봐...",
            "speaker": {
              "id": "1번",
              "sex": "여성",
              "age": "20대"
            },
            "speechAct": "(지시) 질문하기",
            "morpheme": "그러게/IC+어/IC+케/IC+5/SN+번/NNBC+이나/JX+봐/VX+EF+./SY"
          },
          {
            "id": 47,
            "text": "1 : 나는 혼자 해리포터도 못 봐 무서워 키키",
            "norm_text": "나는 혼자 해리포터도 못 봐 무서워 키키",
            "speaker": {
              "id": "1번",
              "sex": "여성",
              "age": "20대"
            },
            "speechAct": "(단언) 주장하기",
            "morpheme": "나/NP+는/JX+혼자/NNG+해/XSV+EC+리포터/NNG+도/JX+못/MAG+봐/VV+EC+무서워/VA+EC+키/NNG+키/XSV+ETN"
          },
          {
            "id": 48,
            "text": "2 : 둘 다 좋아하는데 이왕이면 귀신 얘기가 더 재밌지~",
            "norm_text": "둘 다 좋아하는데 이왕이면 귀신 얘기가 더 재밌지~",
            "speaker": {
              "id": "2번",
              "sex": "여성",
              "age": "30대"
            },
            "speechAct": "(단언) 주장하기",
            "morpheme": "둘/NR+다/MAG+좋/VA+아/EC+하/VV+는데/EC+이왕이면/MAG+귀신/NNG+얘기/NNG+가/JKS+더/MAG+재밌/VA+지/EC+~/SY"
          },
          {
            "id": 49,
            "text": "2 : 범죄물은 많이 보다 보면 사람이 무서워져서 ㅠㅠ",
            "norm_text": "범죄물은 많이 보다 보면 사람이 무서워져서 ㅠㅠ",
            "speaker": {
              "id": "2번",
              "sex": "여성",
              "age": "30대"
            },
            "speechAct": "(단언) 주장하기",
            "morpheme": "범죄/NNG+물/NNG+은/JX+많이/MAG+보다/MAG+보/VV+면/EC+사람/NNG+이/JKS+무서워/VA+EC+져서/VX+EC+ㅠㅠ/UNKNOWN"
          },
          {
            "id": 50,
            "text": "2 : 부산행 봤어?",
            "norm_text": "부산행 봤어?",
            "speaker": {
              "id": "2번",
              "sex": "여성",
              "age": "30대"
            },
            "speechAct": "(지시) 질문하기",
            "morpheme": "부산/NNP+행/XSN+봤/VV+EP+어/EF"
          },
          {
            "id": 51,
            "text": "2 : 나 그거 예고편도 안 보고 들어갔다가 보고 난 다음에 영화관에서 나오는데 순간적으로 광장 공포증 생긴 줄 알았잖아~ 옆에 있는 사람들이 다 너무 무서운 거 있지 너무 충격적이었어",
            "norm_text": "나 그거 예고편도 안 보고 들어갔다가 보고 난 다음에 영화관에서 나오는데 순간적으로 광장 공포증 생긴 줄 알았잖아~ 옆에 있는 사람들이 다 너무 무서운 거 있지 너무 충격적이었어",
            "speaker": {
              "id": "2번",
              "sex": "여성",
              "age": "30대"
            },
            "speechAct": "(단언) 주장하기",
            "morpheme": "나/NP+그거/NP+예고편/NNG+도/JX+안/MAG+보/VV+고/EC+들어갔/VV+EP+다가/EC+보/VX+고/EC+난/VX+ETM+다음/NNG+에/JKB+영화관/NNG+에서/JKB+나오/VV+는데/EC+순간/NNG+적/XSN+으로/JKB+광장공포증/NNP+생긴/VV+ETM+줄/NNB+알/VV+았/EP+잖아/EC+~/SY+옆/NNG+에/JKB+있/VV+는/ETM+사람/NNG+들/XSN+이/JKS+다/MAG+너무/MAG+무서운/VA+ETM+거/NNB+있/VA+지/EC+너무/MAG+충격/NNG+적/XSN+이/VCP+었/EP+어/EC"
          },
          {
            "id": 52,
            "text": "3 : 으윽 난 둘다 무서워 ㅠㅠ",
            "norm_text": "으윽 난 둘다 무서워 ㅠㅠ",
            "speaker": {
              "id": "3번",
              "sex": "여성",
              "age": "20대"
            },
            "speechAct": "(단언) 주장하기",
            "morpheme": "으윽/IC+난/NP+JX+둘/NR+다/MAG+무서워/VA+EC+ㅠㅠ/UNKNOWN"
          },
          {
            "id": 53,
            "text": "3 : 귀신물 보면 혼자 있을 때 무섭고 범죄물은 진짜 언니 말처럼 사람이 무서워지고...",
            "norm_text": "귀신물 보면 혼자 있을 때 무섭고 범죄물은 진짜 언니 말처럼 사람이 무서워지고...",
            "speaker": {
              "id": "3번",
              "sex": "여성",
              "age": "20대"
            },
            "speechAct": "(단언) 주장하기",
            "morpheme": "귀신/NNG+물/NNG+보/VV+면/EC+혼자/MAG+있/VV+을/ETM+때/NNG+무섭/VA+고/EC+범죄/NNG+물/NNG+은/JX+진짜/MAG+언니/NNG+말/NNG+처럼/JKB+사람/NNG+이/JKS+무서워/VA+EC+지/VX+고/EC+./SY+./SY"
          }
        ]
      }
    }
  ]
}