{
  "dataset": {
    "identifier": 21946,
    "name": "BAND_28_18_set",
    "src_path": "/data/file/cubeManager/PROJECT001/49/txt20210917150513031147/BAND_28_18_set/",
    "label_path": "/data/file/cubeManager/PROJECT001/49/txt20210917150513031147/BAND_28_18_set/",
    "category": 2,
    "type": 0
  },
  "licenses": {
    "name": "Apache License 1.0",
    "url": "http://www.apache.org/licenses/LICENSE-1.0"
  },
  "info": [
    {
      "id": 29449,
      "filename": "BAND_28_18.txt",
      "title": "BAND_28_18",
      "mediatype": "SNS",
      "medianame": "네이버밴드",
      "category": "일상대화",
      "date": "2021-09-17",
      "size": 419,
      "annotations": {
        "subject": "상거래 전반",
        "speaker_type": "1:1",
        "size": 419,
        "word_size": 142,
        "text": "1 : 너는 물품 살 때 뭘 주로 이용해?\n2 : 나는 당근마켓이나 네이버 쇼핑 이용해!\n1 : 헐 나도 그런데\n1 : 너 네이버 통장 이용해?\n2 : 아니 그건 아직 안 해봤어!\n1 : 나도 근데 계속 그거 하면 얼마 입금 이런 거 뜨더라?\n2 : 오 어때 사용해보니깐 좋은 거 같아?\n1 : 아니 나도 안 해봐서 궁금해서 물어봤어 키키\n2 : 아 키키 얘기 들어보니깐 나도 한번 해보고 싶다\n1 : 그거로 네이버 쇼핑 결제하면 포인트 엄청 쌓인대!\n2 : 맞아 그 얘기 들은 거 같아\n2 : 자주 이용해봐야겠어\n1 : 그러니까 니가 나 대신 먼저 그거 해 봐 키키\n2 : 키키 그래 안 그래도 살 거 있었는데 써봐야지\n1 : 오 나이스 타이밍이네 개꿀!\n2 : 그거 어떻게 이용하는지 알아?\n1 : 응 몰라서 너보고 하라는 거임!\n2 : 키키 그래 내가 잘 찾아보고 알려줄께!",
        "lines": [
          {
            "id": 1,
            "text": "1 : 너는 물품 살 때 뭘 주로 이용해?",
            "norm_text": "너는 물품 살 때 뭘 주로 이용해?",
            "speaker": {
              "id": "1번",
              "sex": "여성",
              "age": "20대"
            },
            "speechAct": "(지시) 질문하기",
            "morpheme": "너/NP+는/JX+물품/NNG+살/VV+ETM+때/NNG+뭘/NP+JKO+주로/MAG+이용/NNG+해/XSV+EF"
          },
          {
            "id": 2,
            "text": "2 : 나는 당근마켓이나 네이버 쇼핑 이용해!",
            "norm_text": "나는 당근마켓이나 네이버 쇼핑 이용해!",
            "speaker": {
              "id": "2번",
              "sex": "여성",
              "age": "20대"
            },
            "speechAct": "(단언) 주장하기",
            "morpheme": "나/NP+는/JX+당근/NNG+마켓/NNP+이나/JC+네이버/NNP+쇼핑/NNG+이/JKS+용해/VA+EF"
          },
          {
            "id": 3,
            "text": "1 : 헐 나도 그런데",
            "norm_text": "헐 나도 그런데",
            "speaker": {
              "id": "1번",
              "sex": "여성",
              "age": "20대"
            },
            "speechAct": "(단언) 주장하기",
            "morpheme": "헐/IC+나/NP+도/JX+그런데/VA+EC"
          },
          {
            "id": 4,
            "text": "1 : 너 네이버 통장 이용해?",
            "norm_text": "너 네이버 통장 이용해?",
            "speaker": {
              "id": "1번",
              "sex": "여성",
              "age": "20대"
            },
            "speechAct": "(지시) 질문하기",
            "morpheme": "너/NP+네이버/NNP+통장/NNG+이/JKS+용해/VA+EF"
          },
          {
            "id": 5,
            "text": "2 : 아니 그건 아직 안 해봤어!",
            "norm_text": "아니 그건 아직 안 해봤어!",
            "speaker": {
              "id": "2번",
              "sex": "여성",
              "age": "20대"
            },
            "speechAct": "(단언) 주장하기",
            "morpheme": "아니/IC+그건/NP+JX+아직/MAG+안/MAG+해/VV+EC+봤/VX+EP+어/EF"
          },
          {
            "id": 6,
            "text": "1 : 나도 근데 계속 그거 하면 얼마 입금 이런 거 뜨더라?",
            "norm_text": "나도 근데 계속 그거 하면 얼마 입금 이런 거 뜨더라?",
            "speaker": {
              "id": "1번",
              "sex": "여성",
              "age": "20대"
            },
            "speechAct": "(단언) 진술하기",
            "morpheme": "나/NP+도/JX+근데/MAJ+계속/MAG+그거/NP+하/VV+면/EC+얼마/NNG+입금/NNG+이런/MM+거/NNB+뜨/VV+더라/EF"
          },
          {
            "id": 7,
            "text": "2 : 오 어때 사용해보니깐 좋은 거 같아?",
            "norm_text": "오 어때 사용해보니깐 좋은 거 같아?",
            "speaker": {
              "id": "2번",
              "sex": "여성",
              "age": "20대"
            },
            "speechAct": "(지시) 질문하기",
            "morpheme": "오/VV+어/EC+때/NNG+사용/NNG+해/XSV+EC+보/VX+니깐/EC+좋/VA+은/ETM+거/NNB+같/VA+아/EF"
          },
          {
            "id": 8,
            "text": "1 : 아니 나도 안 해봐서 궁금해서 물어봤어 키키",
            "norm_text": "아니 나도 안 해봐서 궁금해서 물어봤어 키키",
            "speaker": {
              "id": "1번",
              "sex": "여성",
              "age": "20대"
            },
            "speechAct": "(단언) 주장하기",
            "morpheme": "아니/IC+나/NP+도/JX+안/MAG+해/VV+EC+봐서/VV+EC+궁금/XR+해서/XSA+EC+물/VV+어/EC+봤/VX+EP+어/EC+키/NNG+키/XSV+ETN"
          },
          {
            "id": 9,
            "text": "2 : 아 키키 얘기 들어보니깐 나도 한번 해보고 싶다",
            "norm_text": "아 키키 얘기 들어보니깐 나도 한번 해보고 싶다",
            "speaker": {
              "id": "2번",
              "sex": "여성",
              "age": "20대"
            },
            "speechAct": "(단언) 주장하기",
            "morpheme": "아키/NNP+키/NNG+얘기/NNG+들/VV+어/EC+보/VX+니깐/EC+나/NP+도/JX+한/MM+번/NNBC+해/VV+EC+보/VX+고/EC+싶/VX+다/EC"
          },
          {
            "id": 10,
            "text": "1 : 그거로 네이버 쇼핑 결제하면 포인트 엄청 쌓인대!",
            "norm_text": "그거로 네이버 쇼핑 결제하면 포인트 엄청 쌓인대!",
            "speaker": {
              "id": "1번",
              "sex": "여성",
              "age": "20대"
            },
            "speechAct": "(단언) 진술하기",
            "morpheme": "그거/NP+로/JKB+네이버/NNP+쇼핑/NNG+결제/NNG+하/XSV+면/EC+포인트/NNG+엄청/MAG+쌓인대/VV+EF"
          },
          {
            "id": 11,
            "text": "2 : 맞아 그 얘기 들은 거 같아",
            "norm_text": "맞아 그 얘기 들은 거 같아",
            "speaker": {
              "id": "2번",
              "sex": "여성",
              "age": "20대"
            },
            "speechAct": "(단언) 주장하기",
            "morpheme": "맞/VV+아/EC+그/MM+얘기/NNG+들/XSN+은/JX+거/NNB+같/VA+아/EC"
          },
          {
            "id": 12,
            "text": "2 : 자주 이용해봐야겠어",
            "norm_text": "자주 이용해봐야겠어",
            "speaker": {
              "id": "2번",
              "sex": "여성",
              "age": "20대"
            },
            "speechAct": "(단언) 주장하기",
            "morpheme": "자주/MAG+이용/NNG+해봐야/XSV+EC+VX+EC+VX+겠/EP+어/EC"
          },
          {
            "id": 13,
            "text": "1 : 그러니까 니가 나 대신 먼저 그거 해 봐 키키",
            "norm_text": "그러니까 니가 나 대신 먼저 그거 해 봐 키키",
            "speaker": {
              "id": "1번",
              "sex": "여성",
              "age": "20대"
            },
            "speechAct": "(지시) 충고/제안하기",
            "morpheme": "그러니까/MAJ+니/NP+가/JKS+나/NP+대신/NNG+먼저/MAG+그거/NP+해/VV+EC+봐/VX+EF+키/NNG+키/XSV+ETN"
          },
          {
            "id": 14,
            "text": "2 : 키키 그래 안 그래도 살 거 있었는데 써봐야지",
            "norm_text": "키키 그래 안 그래도 살 거 있었는데 써봐야지",
            "speaker": {
              "id": "2번",
              "sex": "여성",
              "age": "20대"
            },
            "speechAct": "(단언) 주장하기",
            "morpheme": "키/NNG+키/XSV+ETN+그래/JX+안/MAG+그래도/VV+EC+살/VV+ETM+거/NNB+있/VA+었/EP+는데/EC+써/VV+EC+봐야/VX+EC+VV+지/EC"
          },
          {
            "id": 15,
            "text": "1 : 오 나이스 타이밍이네 개꿀!",
            "norm_text": "오 나이스 타이밍이네 개꿀!",
            "speaker": {
              "id": "1번",
              "sex": "여성",
              "age": "20대"
            },
            "speechAct": "(단언) 주장하기",
            "morpheme": "오/NR+나이스/NNG+타이밍/NNG+이/JKS+네/MM+개/NNBC+꿀/NNG"
          },
          {
            "id": 16,
            "text": "2 : 그거 어떻게 이용하는지 알아?",
            "norm_text": "그거 어떻게 이용하는지 알아?",
            "speaker": {
              "id": "2번",
              "sex": "여성",
              "age": "20대"
            },
            "speechAct": "(지시) 질문하기",
            "morpheme": "그거/NP+어떻게/MAG+이용/NNG+하/XSV+는지/EC+알/VV+아/EF"
          },
          {
            "id": 17,
            "text": "1 : 응 몰라서 너보고 하라는 거임!",
            "norm_text": "응 몰라서 너보고 하라는 거임!",
            "speaker": {
              "id": "1번",
              "sex": "여성",
              "age": "20대"
            },
            "speechAct": "(지시) 충고/제안하기",
            "morpheme": "응/IC+몰라서/VV+EC+너/NP+보고/JKB+하/VV+라는/ETM+거/NNB+임/VCP+ETN"
          },
          {
            "id": 18,
            "text": "2 : 키키 그래 내가 잘 찾아보고 알려줄께!",
            "norm_text": "키키 그래 내가 잘 찾아보고 알려줄께!",
            "speaker": {
              "id": "2번",
              "sex": "여성",
              "age": "20대"
            },
            "speechAct": "(단언) 주장하기",
            "morpheme": "키/NNG+키/XSV+ETN+그래/JX+내/NP+가/JKS+잘/MAG+찾아보/VV+고/EC+알려/VV+EC+줄께/VX+EF"
          }
        ]
      }
    }
  ]
}