{
  "dataset": {
    "identifier": 58294,
    "name": "BAND_31_12_set",
    "src_path": "/data/file/cubeManager/PROJECT001/53/txt20210927144542058676/BAND_31_12_set/",
    "label_path": "/data/file/cubeManager/PROJECT001/53/txt20210927144542058676/BAND_31_12_set/",
    "category": 2,
    "type": 0
  },
  "licenses": {
    "name": "Apache License 1.0",
    "url": "http://www.apache.org/licenses/LICENSE-1.0"
  },
  "info": [
    {
      "id": 34370,
      "filename": "BAND_31_12.txt",
      "title": "BAND_31_12",
      "mediatype": "SNS",
      "medianame": "네이버밴드",
      "category": "일상대화",
      "date": "2021-09-27",
      "size": 373,
      "annotations": {
        "subject": "여행",
        "speaker_type": "1:1",
        "size": 373,
        "word_size": 126,
        "text": "1 : 남친이랑 이번에 어디 안 놀러 가?\n2 : 이번에 강원도 갈려고 해 키키\n1 : 헐 강원도 어디? 나도 갔다 왔는데!\n2 : 강원도 횡성 ! 넌 어디 갔어?\n1 : 강원도 횡성이구나 나는 강릉!\n2 : 강릉 해돋이 명소지 키키\n2 : 어디 어디 갔어?\n1 : 나도 잘 몰라 그냥 바닷가 다녔어 키키\n2 : 강릉 물 진짜 맑지 않아?\n1 : 어 대천 보다가 여기 보니까 진짜 맑더라!\n2 : 맞아 제주도 같아 대천은 흙탕물이지 키키\n1 : 그래서 대천은 조개가 유명하잖아~\n2 : 대천 하니깐 조개 구이 먹고 싶네\n1 : 나도 진짜 조개 구이 너무 먹고 싶다!\n2 : 대천에서 조개 구이 소주 한잔이면 극락이지 키키\n1 : 헐 나는 사이다 먹을래!\n2 : 조개 구이에 사이다라니 그건 범죄야",
        "lines": [
          {
            "id": 1,
            "text": "1 : 남친이랑 이번에 어디 안 놀러 가?",
            "norm_text": "남친이랑 이번에 어디 안 놀러 가?",
            "speaker": {
              "id": "1번",
              "sex": "여성",
              "age": "20대"
            },
            "speechAct": "(지시) 질문하기",
            "morpheme": "남친/NNG+이랑/JKB+이번/NNG+에/JKB+어디/NP+안/MAG+놀/VV+러/EC+가/VX+EF"
          },
          {
            "id": 2,
            "text": "2 : 이번에 강원도 갈려고 해 키키",
            "norm_text": "이번에 강원도 갈려고 해 키키",
            "speaker": {
              "id": "2번",
              "sex": "여성",
              "age": "20대"
            },
            "speechAct": "(단언) 진술하기",
            "morpheme": "이번/NNG+에/JKB+강원/NNG+도/JX+갈려고/VV+EC+해/VV+EC+키/NNG+키/XSV+ETN"
          },
          {
            "id": 3,
            "text": "1 : 헐 강원도 어디? 나도 갔다 왔는데!",
            "norm_text": "헐 강원도 어디? 나도 갔다 왔는데!",
            "speaker": {
              "id": "1번",
              "sex": "여성",
              "age": "20대"
            },
            "speechAct": "(지시) 질문하기",
            "morpheme": "헐/IC+강원도/NNP+어디/NP+나/NP+도/JX+갔다왔/VV+EP+는데/EF"
          },
          {
            "id": 4,
            "text": "2 : 강원도 횡성 ! 넌 어디 갔어?",
            "norm_text": "강원도 횡성 ! 넌 어디 갔어?",
            "speaker": {
              "id": "2번",
              "sex": "여성",
              "age": "20대"
            },
            "speechAct": "(지시) 질문하기",
            "morpheme": "강원도/NNP+횡성/NNP+넌/NP+JX+어디/NP+갔/VV+EP+어/EF"
          },
          {
            "id": 5,
            "text": "1 : 강원도 횡성이구나 나는 강릉!",
            "norm_text": "강원도 횡성이구나 나는 강릉!",
            "speaker": {
              "id": "1번",
              "sex": "여성",
              "age": "20대"
            },
            "speechAct": "(단언) 진술하기",
            "morpheme": "강원도/NNP+횡/NNG+성/XSN+이/VCP+구나/EF+나/NP+는/JX+강릉/NNP"
          },
          {
            "id": 6,
            "text": "2 : 강릉 해돋이 명소지 키키",
            "norm_text": "강릉 해돋이 명소지 키키",
            "speaker": {
              "id": "2번",
              "sex": "여성",
              "age": "20대"
            },
            "speechAct": "(단언) 진술하기",
            "morpheme": "강릉/NNP+해돋이/NNG+명소지/NNG+키/NNG+키/XSV+ETN"
          },
          {
            "id": 7,
            "text": "2 : 어디 어디 갔어?",
            "norm_text": "어디 어디 갔어?",
            "speaker": {
              "id": "2번",
              "sex": "여성",
              "age": "20대"
            },
            "speechAct": "(지시) 질문하기",
            "morpheme": "어디/NP+어디/NP+갔/VV+EP+어/EF"
          },
          {
            "id": 8,
            "text": "1 : 나도 잘 몰라 그냥 바닷가 다녔어 키키",
            "norm_text": "나도 잘 몰라 그냥 바닷가 다녔어 키키",
            "speaker": {
              "id": "1번",
              "sex": "여성",
              "age": "20대"
            },
            "speechAct": "(단언) 진술하기",
            "morpheme": "나/NP+도/JX+잘/MAG+몰라/VV+EC+그냥/MAG+바닷가/NNG+다녔/VV+EP+어/EC+키/NNG+키/XSV+ETN"
          },
          {
            "id": 9,
            "text": "2 : 강릉 물 진짜 맑지 않아?",
            "norm_text": "강릉 물 진짜 맑지 않아?",
            "speaker": {
              "id": "2번",
              "sex": "여성",
              "age": "20대"
            },
            "speechAct": "(지시) 질문하기",
            "morpheme": "강릉/NNP+물/NNG+진짜/MAG+맑/VA+지/EC+않/VX+아/EF"
          },
          {
            "id": 10,
            "text": "1 : 어 대천 보다가 여기 보니까 진짜 맑더라!",
            "norm_text": "어 대천 보다가 여기 보니까 진짜 맑더라!",
            "speaker": {
              "id": "1번",
              "sex": "여성",
              "age": "20대"
            },
            "speechAct": "(단언) 진술하기",
            "morpheme": "어/IC+대천/NNG+보/VV+다가/EC+여기/NP+보/VV+니까/EC+진짜/MAG+맑/VA+더라/EF"
          },
          {
            "id": 11,
            "text": "2 : 맞아 제주도 같아 대천은 흙탕물이지 키키",
            "norm_text": "맞아 제주도 같아 대천은 흙탕물이지 키키",
            "speaker": {
              "id": "2번",
              "sex": "여성",
              "age": "20대"
            },
            "speechAct": "(단언) 진술하기",
            "morpheme": "맞/VV+아/EC+제주/NNP+도/JX+같/VA+아/EC+대천/NNG+은/JX+흙탕물/NNG+이/VCP+지/EC+키/NNG+키/XSV+ETN"
          },
          {
            "id": 12,
            "text": "1 : 그래서 대천은 조개가 유명하잖아~",
            "norm_text": "그래서 대천은 조개가 유명하잖아~",
            "speaker": {
              "id": "1번",
              "sex": "여성",
              "age": "20대"
            },
            "speechAct": "(단언) 진술하기",
            "morpheme": "그래서/MAJ+대천/NNG+은/JX+조개/NNG+가/JKS+유명/NNG+하/XSV+잖아/EC+~/SY"
          },
          {
            "id": 13,
            "text": "2 : 대천 하니깐 조개 구이 먹고 싶네",
            "norm_text": "대천 하니깐 조개 구이 먹고 싶네",
            "speaker": {
              "id": "2번",
              "sex": "여성",
              "age": "20대"
            },
            "speechAct": "(단언) 주장하기",
            "morpheme": "대천/NNG+하/XSV+니깐/EC+조개/NNG+구이/NNG+먹/VV+고/EC+싶/VX+네/EC"
          },
          {
            "id": 14,
            "text": "1 : 나도 진짜 조개 구이 너무 먹고 싶다!",
            "norm_text": "나도 진짜 조개 구이 너무 먹고 싶다!",
            "speaker": {
              "id": "1번",
              "sex": "여성",
              "age": "20대"
            },
            "speechAct": "(단언) 주장하기",
            "morpheme": "나/NP+도/JX+진짜/MAG+조개/NNG+구이/NNG+너무/MAG+먹/VV+고/EC+싶/VX+다/EF"
          },
          {
            "id": 15,
            "text": "2 : 대천에서 조개 구이 소주 한잔이면 극락이지 키키",
            "norm_text": "대천에서 조개 구이 소주 한잔이면 극락이지 키키",
            "speaker": {
              "id": "2번",
              "sex": "여성",
              "age": "20대"
            },
            "speechAct": "(단언) 주장하기",
            "morpheme": "대천/NNG+에서/JKB+조개/NNG+구이/NNG+소주/NNG+한잔/NNG+이/VCP+면/EC+극락/NNG+이/VCP+지/EC+키/NNG+키/XSV+ETN"
          },
          {
            "id": 16,
            "text": "1 : 헐 나는 사이다 먹을래!",
            "norm_text": "헐 나는 사이다 먹을래!",
            "speaker": {
              "id": "1번",
              "sex": "여성",
              "age": "20대"
            },
            "speechAct": "(단언) 주장하기",
            "morpheme": "헐/IC+나/NP+는/JX+사이다/NNG+먹/VV+을래/EF"
          },
          {
            "id": 17,
            "text": "2 : 조개 구이에 사이다라니 그건 범죄야",
            "norm_text": "조개 구이에 사이다라니 그건 범죄야",
            "speaker": {
              "id": "2번",
              "sex": "여성",
              "age": "20대"
            },
            "speechAct": "(단언) 주장하기",
            "morpheme": "조개/NNG+구이/NNG+에/JKB+사이다/NNG+라니/VCP+EC+그건/NP+JX+범죄/NNG+야/VCP+EF"
          }
        ]
      }
    }
  ]
}