{
  "dataset": {
    "identifier": 30996,
    "name": "BAND_25_08_set",
    "src_path": "/data/file/cubeManager/PROJECT001/49/txt20210916100054032128/BAND_25_08_set/",
    "label_path": "/data/file/cubeManager/PROJECT001/49/txt20210916100054032128/BAND_25_08_set/",
    "category": 2,
    "type": 0
  },
  "licenses": {
    "name": "Apache License 1.0",
    "url": "http://www.apache.org/licenses/LICENSE-1.0"
  },
  "info": [
    {
      "id": 26653,
      "filename": "BAND_25_08.txt",
      "title": "BAND_25_08",
      "mediatype": "SNS",
      "medianame": "네이버밴드",
      "category": "일상대화",
      "date": "2021-09-16",
      "size": 368,
      "annotations": {
        "subject": "연애/결혼",
        "speaker_type": "1:1",
        "size": 368,
        "word_size": 125,
        "text": "1 : 너의 이상형은 어떻게 되니?\n2 : 나의 이상형은 웃을 때 이쁜 남자 키키\n1 : 전 남친이 혹시 웃을 때 예뻤니? 키키\n2 : 하하하 그런 편이었지 웃을 땐 좋았지 ㅋ\n1 : 웃을 때 예쁘기만 하면 돼?\n2 : 귀엽기도 해야지 웃는 게 제일 좋더라\n1 : 결국에는 얼굴 보는 거네?\n2 : 얼굴이 포함이 돼있지 사람이 얼굴을 봐야지 키키\n1 : 그치 기본적으로 다들 얼굴을 보긴 하지!\n2 : 맞아 얼굴은 무조건으로 봐야 되는 거야 키키\n1 : 맞아 키는 안 봐?\n2 : 키는 내가 작으니까 괜찮아 하하\n1 : 니 키가 몇 인데 160 안 넘어?\n2 : 난 158이여 그래서 그 위로만 되면 돼~\n1 : 나도 그랬는데 사람 일은 모르더라~\n2 : 핳하 그치 사람은 바뀌니까 ㅋ",
        "lines": [
          {
            "id": 1,
            "text": "1 : 너의 이상형은 어떻게 되니?",
            "norm_text": "너의 이상형은 어떻게 되니?",
            "speaker": {
              "id": "1번",
              "sex": "여성",
              "age": "20대"
            },
            "speechAct": "(지시) 질문하기",
            "morpheme": "너/NP+의/JKG+이상형/NNG+은/JX+어떻게/MAG+되/VV+니/EF"
          },
          {
            "id": 2,
            "text": "2 : 나의 이상형은 웃을 때 이쁜 남자 키키",
            "norm_text": "나의 이상형은 웃을 때 이쁜 남자 키키",
            "speaker": {
              "id": "2번",
              "sex": "여성",
              "age": "20대"
            },
            "speechAct": "(단언) 주장하기",
            "morpheme": "나/NP+의/JKG+이상형/NNG+은/JX+웃/VV+을/ETM+때/NNG+이쁜/VA+ETM+남자/NNG+키/NNG+키/XSV+ETN"
          },
          {
            "id": 3,
            "text": "1 : 전 남친이 혹시 웃을 때 예뻤니? 키키",
            "norm_text": "전 남친이 혹시 웃을 때 예뻤니? 키키",
            "speaker": {
              "id": "1번",
              "sex": "여성",
              "age": "20대"
            },
            "speechAct": "(지시) 질문하기",
            "morpheme": "전/MM+남친/NNG+이/JKS+혹시/MAG+웃/VV+을/ETM+때/NNG+예뻤/VA+EP+니/EF+키/NNG+키/XSV+ETN"
          },
          {
            "id": 4,
            "text": "2 : 하하하 그런 편이었지 웃을 땐 좋았지 ㅋ",
            "norm_text": "하하하 그런 편이었지 웃을 땐 좋았지 ㅋ",
            "speaker": {
              "id": "2번",
              "sex": "여성",
              "age": "20대"
            },
            "speechAct": "(단언) 주장하기",
            "morpheme": "하하하/IC+그런/MM+편/NNB+이/VCP+었/EP+지/EC+웃/VV+을/ETM+땐/NNG+JX+좋/VA+았/EP+지ㅋ/UNKNOWN"
          },
          {
            "id": 5,
            "text": "1 : 웃을 때 예쁘기만 하면 돼?",
            "norm_text": "웃을 때 예쁘기만 하면 돼?",
            "speaker": {
              "id": "1번",
              "sex": "여성",
              "age": "20대"
            },
            "speechAct": "(지시) 질문하기",
            "morpheme": "웃/VV+을/ETM+때/NNG+예쁘/VA+기/ETN+만/JX+하/VV+면/EC+돼/VV+EF"
          },
          {
            "id": 6,
            "text": "2 : 귀엽기도 해야지 웃는 게 제일 좋더라",
            "norm_text": "귀엽기도 해야지 웃는 게 제일 좋더라",
            "speaker": {
              "id": "2번",
              "sex": "여성",
              "age": "20대"
            },
            "speechAct": "(단언) 주장하기",
            "morpheme": "귀엽/VA+기/ETN+도/JX+해야지/VV+EC+웃/VV+는/ETM+게/NNB+JKS+제일/MAG+좋/VA+더라/EC"
          },
          {
            "id": 7,
            "text": "1 : 결국에는 얼굴 보는 거네?",
            "norm_text": "결국에는 얼굴 보는 거네?",
            "speaker": {
              "id": "1번",
              "sex": "여성",
              "age": "20대"
            },
            "speechAct": "(지시) 질문하기",
            "morpheme": "결국/NNG+에/JKB+는/JX+얼굴/NNG+보/VV+는/ETM+거/NNB+네/VCP+EF"
          },
          {
            "id": 8,
            "text": "2 : 얼굴이 포함이 돼있지 사람이 얼굴을 봐야지 키키",
            "norm_text": "얼굴이 포함이 돼있지 사람이 얼굴을 봐야지 키키",
            "speaker": {
              "id": "2번",
              "sex": "여성",
              "age": "20대"
            },
            "speechAct": "(단언) 주장하기",
            "morpheme": "얼굴/NNG+이/JKS+포함/NNG+이/JKS+돼/VV+EC+있/VX+지/EC+사람/NNG+이/JKS+얼굴/NNG+을/JKO+봐야지/VV+EC+키/NNG+키/XSV+ETN"
          },
          {
            "id": 9,
            "text": "1 : 그치 기본적으로 다들 얼굴을 보긴 하지!",
            "norm_text": "그치 기본적으로 다들 얼굴을 보긴 하지!",
            "speaker": {
              "id": "1번",
              "sex": "여성",
              "age": "20대"
            },
            "speechAct": "(단언) 주장하기",
            "morpheme": "그치/IC+기본/NNG+적/XSN+으로/JKB+다/MAG+들/XSN+얼굴/NNG+을/JKO+보/VV+긴/ETN+JX+하/VX+지/EF"
          },
          {
            "id": 10,
            "text": "2 : 맞아 얼굴은 무조건으로 봐야 되는 거야 키키",
            "norm_text": "맞아 얼굴은 무조건으로 봐야 되는 거야 키키",
            "speaker": {
              "id": "2번",
              "sex": "여성",
              "age": "20대"
            },
            "speechAct": "(단언) 주장하기",
            "morpheme": "맞/VV+아/EC+얼굴/NNG+은/JX+무조건/NNG+으로/JKB+봐야/VV+EC+되/VV+는/ETM+거/NNB+야/VCP+EF+키/NNG+키/XSV+ETN"
          },
          {
            "id": 11,
            "text": "1 : 맞아 키는 안 봐?",
            "norm_text": "맞아 키는 안 봐?",
            "speaker": {
              "id": "1번",
              "sex": "여성",
              "age": "20대"
            },
            "speechAct": "(지시) 질문하기",
            "morpheme": "맞/VV+아/EC+키/NNG+는/JX+안/MAG+봐/VV+EF"
          },
          {
            "id": 12,
            "text": "2 : 키는 내가 작으니까 괜찮아 하하",
            "norm_text": "키는 내가 작으니까 괜찮아 하하",
            "speaker": {
              "id": "2번",
              "sex": "여성",
              "age": "20대"
            },
            "speechAct": "(단언) 주장하기",
            "morpheme": "키/NNG+는/JX+내/NP+가/JKS+작/VA+으니까/EC+괜찮/VA+아/EC+하하/MAG"
          },
          {
            "id": 13,
            "text": "1 : 니 키가 몇 인데 160 안 넘어?",
            "norm_text": "니 키가 몇 인데 160 안 넘어?",
            "speaker": {
              "id": "1번",
              "sex": "여성",
              "age": "20대"
            },
            "speechAct": "(지시) 질문하기",
            "morpheme": "니키/NNP+가/JKS+몇/NR+인데/VCP+EC+160/SN+안/MAG+넘/VV+어/EF"
          },
          {
            "id": 14,
            "text": "2 : 난 158이여 그래서 그 위로만 되면 돼~",
            "norm_text": "난 158이여 그래서 그 위로만 되면 돼~",
            "speaker": {
              "id": "2번",
              "sex": "여성",
              "age": "20대"
            },
            "speechAct": "(단언) 주장하기",
            "morpheme": "난/NP+JX+158/SN+이/NR+여/XSN+그래서/MAJ+그/MM+위/NNG+로/JKB+만/JX+되/VV+면/EC+돼/VV+EC+~/SY"
          },
          {
            "id": 15,
            "text": "1 : 나도 그랬는데 사람 일은 모르더라~",
            "norm_text": "나도 그랬는데 사람 일은 모르더라~",
            "speaker": {
              "id": "1번",
              "sex": "여성",
              "age": "20대"
            },
            "speechAct": "(단언) 주장하기",
            "morpheme": "나/NP+도/JX+그랬/VV+EP+는데/EC+사람/NNG+일/NNG+은/JX+모르/VV+더라/EC+~/SY"
          },
          {
            "id": 16,
            "text": "2 : 핳하 그치 사람은 바뀌니까 ㅋ",
            "norm_text": "핳하 그치 사람은 바뀌니까 ㅋ",
            "speaker": {
              "id": "2번",
              "sex": "여성",
              "age": "20대"
            },
            "speechAct": "(단언) 주장하기",
            "morpheme": "핳하/UNKNOWN+그치/IC+사람/NNG+은/JX+바뀌/VV+니까/EC+ㅋ/UNKNOWN"
          }
        ]
      }
    }
  ]
}