{
  "dataset": {
    "identifier": 113104,
    "name": "BAND_41_12_set",
    "src_path": "/data/file/cubeManager/PROJECT001/80/txt20211102154324018125/BAND_41_12_set/",
    "label_path": "/data/file/cubeManager/PROJECT001/80/txt20211102154324018125/BAND_41_12_set/",
    "category": 2,
    "type": 0
  },
  "licenses": {
    "name": "Apache License 1.0",
    "url": "http://www.apache.org/licenses/LICENSE-1.0"
  },
  "info": [
    {
      "id": 130296,
      "filename": "BAND_41_12.txt",
      "title": "BAND_41_12",
      "mediatype": "SNS",
      "medianame": "네이버밴드",
      "category": "일상대화",
      "date": "2021-11-02",
      "size": 480,
      "annotations": {
        "subject": "여행",
        "speaker_type": "다자간 대화",
        "size": 480,
        "word_size": 165,
        "text": "1 : 여행 가면 보통 누구랑 가?\n2 : 나는 여자친구랑도 가보고 친구들이랑도 가봤지 키키\n2 : 보통은 친구들\n3 : 나는 친구들이랑 가는 거 같아\n1 : 키키 친구들 중에도 잘 맞는 친구로 가야 해 키키\n2 : 맞어 키키\n2 : 친구들이랑 잘못 가면 싸워\n3 : 나는 그래서 단둘이 많이 가\n1 : 키키 나 한번 가서 제대로 싸웠잖아\n2 : 아이고 ㅠㅠ 여행 가서 싸우면 진짜 골치 아픈데\n3 : 여행 가서 싸우면 풀기도 애매해\n1 : 키키 거의 끝에 터져서 다행이었어\n2 : 여자분들은 한번 싸우면 끝까지 간다고 하던데\n3 : 끝에 싸웠으면 다행이네 그래도\n1 : 그래서 그 애랑은 여행 안 가지\n2 : 우리 친구들은 여행 가면 무조건 술…\n2 : 난 먹지도 않은데 ㅠㅠ\n3 : 나는 그래도 잘 맞는 친구랑 가서 싸운 적은 없어\n1 : 술 안 좋아하는구나 키키\n1 : 우린 항상 술 먹고 놀아\n2 : 나는 술 한 3잔 먹으면 바로 자야 해서 키키\n3 : 술 없는 여행도 재밌긴 하겠다 근데",
        "lines": [
          {
            "id": 1,
            "text": "1 : 여행 가면 보통 누구랑 가?",
            "norm_text": "여행 가면 보통 누구랑 가?",
            "speaker": {
              "id": "1번",
              "sex": "여성",
              "age": "20대"
            },
            "speechAct": "(단언) 주장하기",
            "morpheme": "여행/NNG+가/VV+면/EC+보통/NNG+누구/NP+랑/JKB+가/VV+EF"
          },
          {
            "id": 2,
            "text": "2 : 나는 여자친구랑도 가보고 친구들이랑도 가봤지 키키",
            "norm_text": "나는 여자친구랑도 가보고 친구들이랑도 가봤지 키키",
            "speaker": {
              "id": "2번",
              "sex": "남성",
              "age": "20대"
            },
            "speechAct": "(단언) 주장하기",
            "morpheme": "나/NP+는/JX+여자/NNG+친구/NNG+랑/JKB+도/JX+가/VV+EC+보/VX+고/EC+친구/NNG+들/XSN+이랑/JKB+도/JX+가/VV+EC+봤/VX+EP+지/EC+키/NNG+키/XSV+ETN"
          },
          {
            "id": 3,
            "text": "2 : 보통은 친구들",
            "norm_text": "보통은 친구들",
            "speaker": {
              "id": "2번",
              "sex": "남성",
              "age": "20대"
            },
            "speechAct": "(단언) 주장하기",
            "morpheme": "보통/NNG+은/JX+친구/NNG+들/XSN"
          },
          {
            "id": 4,
            "text": "3 : 나는 친구들이랑 가는 거 같아",
            "norm_text": "나는 친구들이랑 가는 거 같아",
            "speaker": {
              "id": "3번",
              "sex": "남성",
              "age": "20대"
            },
            "speechAct": "(단언) 주장하기",
            "morpheme": "나/NP+는/JX+친구/NNG+들/XSN+이랑/JKB+가/VV+는/ETM+거/NNB+같/VA+아/EC"
          },
          {
            "id": 5,
            "text": "1 : 키키 친구들 중에도 잘 맞는 친구로 가야 해 키키",
            "norm_text": "키키 친구들 중에도 잘 맞는 친구로 가야 해 키키",
            "speaker": {
              "id": "1번",
              "sex": "여성",
              "age": "20대"
            },
            "speechAct": "(단언) 주장하기",
            "morpheme": "키/NNG+키/NNG+친구/NNG+들/XSN+중/NNB+에/JKB+도/JX+잘/MAG+맞/VV+는/ETM+친구/NNG+로/JKB+가/VV+야/EC+해/VV+EC+키/NNG+키/XSV+ETN"
          },
          {
            "id": 6,
            "text": "2 : 맞어 키키",
            "norm_text": "맞어 키키",
            "speaker": {
              "id": "2번",
              "sex": "남성",
              "age": "20대"
            },
            "speechAct": "(단언) 주장하기",
            "morpheme": "맞/VV+어/EC+키/NNG+키/XSV+ETN"
          },
          {
            "id": 7,
            "text": "2 : 친구들이랑 잘못 가면 싸워",
            "norm_text": "친구들이랑 잘못 가면 싸워",
            "speaker": {
              "id": "2번",
              "sex": "남성",
              "age": "20대"
            },
            "speechAct": "(단언) 주장하기",
            "morpheme": "친구/NNG+들/XSN+이랑/JKB+잘못/MAG+가/VV+면/EC+싸워/VV+EC"
          },
          {
            "id": 8,
            "text": "3 : 나는 그래서 단둘이 많이 가",
            "norm_text": "나는 그래서 단둘이 많이 가",
            "speaker": {
              "id": "3번",
              "sex": "남성",
              "age": "20대"
            },
            "speechAct": "(단언) 주장하기",
            "morpheme": "나/NP+는/JX+그래서/MAJ+단/MM+둘/NR+이/JKS+많이/MAG+가/VV+EC"
          },
          {
            "id": 9,
            "text": "1 : 키키 나 한번 가서 제대로 싸웠잖아",
            "norm_text": "키키 나 한번 가서 제대로 싸웠잖아",
            "speaker": {
              "id": "1번",
              "sex": "여성",
              "age": "20대"
            },
            "speechAct": "(단언) 주장하기",
            "morpheme": "키/NNG+키나/XSA+ETN+JX+한/MM+번/NNBC+가/VV+서/EC+제대로/MAG+싸웠/VV+EP+잖아/EC"
          },
          {
            "id": 10,
            "text": "2 : 아이고 ㅠㅠ 여행 가서 싸우면 진짜 골치 아픈데",
            "norm_text": "아이고 ㅠㅠ 여행 가서 싸우면 진짜 골치 아픈데",
            "speaker": {
              "id": "2번",
              "sex": "남성",
              "age": "20대"
            },
            "speechAct": "(단언) 주장하기",
            "morpheme": "아이/NNG+고/VCP+EC+ㅠㅠ/UNKNOWN+여행/NNG+가/VV+서/EC+싸우/VV+면/EC+진짜/MAG+골치/NNG+아픈데/VA+EC"
          },
          {
            "id": 11,
            "text": "3 : 여행 가서 싸우면 풀기도 애매해",
            "norm_text": "여행 가서 싸우면 풀기도 애매해",
            "speaker": {
              "id": "3번",
              "sex": "남성",
              "age": "20대"
            },
            "speechAct": "(단언) 주장하기",
            "morpheme": "여행/NNG+가/VV+서/EC+싸우/VV+면/EC+풀/VV+기/ETN+도/JX+애매/XR+해/XSA+EC"
          },
          {
            "id": 12,
            "text": "1 : 키키 거의 끝에 터져서 다행이었어",
            "norm_text": "키키 거의 끝에 터져서 다행이었어",
            "speaker": {
              "id": "1번",
              "sex": "여성",
              "age": "20대"
            },
            "speechAct": "(단언) 주장하기",
            "morpheme": "키/NNG+키/NNG+거의/MAG+끝/NNG+에/JKB+터져서/VV+EC+다행/NNG+이/VCP+었/EP+어/EC"
          },
          {
            "id": 13,
            "text": "2 : 여자분들은 한번 싸우면 끝까지 간다고 하던데",
            "norm_text": "여자분들은 한번 싸우면 끝까지 간다고 하던데",
            "speaker": {
              "id": "2번",
              "sex": "남성",
              "age": "20대"
            },
            "speechAct": "(단언) 주장하기",
            "morpheme": "여자/NNG+분/NNB+들/XSN+은/JX+한/MM+번/NNBC+싸우/VV+면/EC+끝/NNG+까지/JX+간다고/VV+EC+하/VV+던데/EC"
          },
          {
            "id": 14,
            "text": "3 : 끝에 싸웠으면 다행이네 그래도",
            "norm_text": "끝에 싸웠으면 다행이네 그래도",
            "speaker": {
              "id": "3번",
              "sex": "남성",
              "age": "20대"
            },
            "speechAct": "(단언) 주장하기",
            "morpheme": "끝/NNG+에/JKB+싸웠으면/VV+EP+EC+다행/NNG+이/VCP+네/EF+그래도/MAG+XSV+EC"
          },
          {
            "id": 15,
            "text": "1 : 그래서 그 애랑은 여행 안 가지",
            "norm_text": "그래서 그 애랑은 여행 안 가지",
            "speaker": {
              "id": "1번",
              "sex": "여성",
              "age": "20대"
            },
            "speechAct": "(단언) 주장하기",
            "morpheme": "그래서/MAJ+그/MM+애/NNG+랑/JKB+은/JX+여행/NNG+안/MAG+가/VV+지/EC"
          },
          {
            "id": 16,
            "text": "2 : 우리 친구들은 여행 가면 무조건 술…",
            "norm_text": "우리 친구들은 여행 가면 무조건 술…",
            "speaker": {
              "id": "2번",
              "sex": "남성",
              "age": "20대"
            },
            "speechAct": "(단언) 주장하기",
            "morpheme": "우리/NP+친구/NNG+들/XSN+은/JX+여행/NNG+가/VV+면/EC+무조건/MAG+술/NNG+…/SE"
          },
          {
            "id": 17,
            "text": "2 : 난 먹지도 않은데 ㅠㅠ",
            "norm_text": "난 먹지도 않은데 ㅠㅠ",
            "speaker": {
              "id": "2번",
              "sex": "남성",
              "age": "20대"
            },
            "speechAct": "(단언) 주장하기",
            "morpheme": "난/NP+JX+먹/VV+지/EC+도/JX+않/VX+은데/EC+ㅠㅠ/UNKNOWN"
          },
          {
            "id": 18,
            "text": "3 : 나는 그래도 잘 맞는 친구랑 가서 싸운 적은 없어",
            "norm_text": "나는 그래도 잘 맞는 친구랑 가서 싸운 적은 없어",
            "speaker": {
              "id": "3번",
              "sex": "남성",
              "age": "20대"
            },
            "speechAct": "(단언) 주장하기",
            "morpheme": "나/NP+는/JX+그래도/MAJ+잘/MAG+맞/VV+는/ETM+친구/NNG+랑/JKB+가/VV+서/EC+싸운/VV+ETM+적/NNB+은/JX+없/VA+어/EC"
          },
          {
            "id": 19,
            "text": "1 : 술 안 좋아하는구나 키키",
            "norm_text": "술 안 좋아하는구나 키키",
            "speaker": {
              "id": "1번",
              "sex": "여성",
              "age": "20대"
            },
            "speechAct": "(단언) 주장하기",
            "morpheme": "술/NNG+안/MAG+좋/VA+아/EC+하/VX+는구나/EF+키/NNG+키/XSV+ETN"
          },
          {
            "id": 20,
            "text": "1 : 우린 항상 술 먹고 놀아",
            "norm_text": "우린 항상 술 먹고 놀아",
            "speaker": {
              "id": "1번",
              "sex": "여성",
              "age": "20대"
            },
            "speechAct": "(단언) 주장하기",
            "morpheme": "우린/NP+JX+항상/MAG+술/NNG+먹/VV+고/EC+놀/VV+아/EC"
          },
          {
            "id": 21,
            "text": "2 : 나는 술 한 3잔 먹으면 바로 자야 해서 키키",
            "norm_text": "나는 술 한 3잔 먹으면 바로 자야 해서 키키",
            "speaker": {
              "id": "2번",
              "sex": "남성",
              "age": "20대"
            },
            "speechAct": "(단언) 주장하기",
            "morpheme": "나/NP+는/JX+술/NNG+한/XSA+ETM+3/SN+잔먹으면바로자야해서키키/UNKNOWN"
          },
          {
            "id": 22,
            "text": "3 : 술 없는 여행도 재밌긴 하겠다 근데",
            "norm_text": "술 없는 여행도 재밌긴 하겠다 근데",
            "speaker": {
              "id": "3번",
              "sex": "남성",
              "age": "20대"
            },
            "speechAct": "(단언) 주장하기",
            "morpheme": "술/NNG+없/VA+는/ETM+여행/NNG+도/JX+재밌/VA+긴/ETN+JX+하/VX+겠/EP+다/EF+근데/MAJ"
          }
        ]
      }
    }
  ]
}