{
  "dataset": {
    "identifier": 113394,
    "name": "BAND_42_02_set",
    "src_path": "/data/file/cubeManager/PROJECT001/80/txt20211102154324025450/BAND_42_02_set/",
    "label_path": "/data/file/cubeManager/PROJECT001/80/txt20211102154324025450/BAND_42_02_set/",
    "category": 2,
    "type": 0
  },
  "licenses": {
    "name": "Apache License 1.0",
    "url": "http://www.apache.org/licenses/LICENSE-1.0"
  },
  "info": [
    {
      "id": 130306,
      "filename": "BAND_42_02.txt",
      "title": "BAND_42_02",
      "mediatype": "SNS",
      "medianame": "네이버밴드",
      "category": "일상대화",
      "date": "2021-11-02",
      "size": 506,
      "annotations": {
        "subject": "주거와 생활",
        "speaker_type": "다자간 대화",
        "size": 506,
        "word_size": 179,
        "text": "1 : 우리 집 마당에 배추가 쑥쑥 자라고 있어\n2 : 헐 키키 대박\n2 : 배추 얼마나 심었어?\n3 : 우와 키키 집에서 키우는 거 귀엽네\n1 : 우리 엄청 심었던데\n1 : 키키 장난 아니야\n2 : 키키 그거 김장 때 쓰려구 심은겨?\n3 : 나도 키워 보고 싶었는데 신기하다!\n1 : 그런 거 같아 키키\n1 : 팔기도 한다는 거 같아\n2 : 오올 우리 집도 배추 오이 고추 석류 파 이것저것 다 심음 키키\n3 : 우리 집은 왜 안 하징...! 해보고 싶은데\n1 : 키키 나름 텃밭 키우는 거 재밌어\n2 : 키키 ㅇㅈ,\n2 : 근데 손이 많이 가긴 하는 듯\n3 : 뭐 키우는 것도 완전 힘든데!\n3 : 정성 가득이네\n1 : 맞아 키키\n1 : 신경 엄청 써야 해\n1 : 피곤할 때도 있어\n2 : 키키 그칭 ㅜㅜ\n2 : 근데 풍년 나면 조음 키키\n2 : 옥수수도 맛있었으,\n3 : 키키 운빨겜이랑 비슷하네...\n3 : 신기하당\n1 : 키키 여름엔 옥수수 겨울엔 고구마\n2 : 마저 마저\n2 : 어우 하지감자도 끝내준다능\n3 : 다음에 한번 해보자고 해야겠네!",
        "lines": [
          {
            "id": 1,
            "text": "1 : 우리 집 마당에 배추가 쑥쑥 자라고 있어",
            "norm_text": "우리 집 마당에 배추가 쑥쑥 자라고 있어",
            "speaker": {
              "id": "1번",
              "sex": "여성",
              "age": "20대"
            },
            "speechAct": "(단언) 진술하기",
            "morpheme": "우리/NP+집/NNG+마당/NNG+에/JKB+배추/NNG+가/JKS+쑥쑥/MAG+자라/VV+고/EC+있/VX+어/EC"
          },
          {
            "id": 2,
            "text": "2 : 헐 키키 대박",
            "norm_text": "헐 키키 대박",
            "speaker": {
              "id": "2번",
              "sex": "여성",
              "age": "20대"
            },
            "speechAct": "(단언) 주장하기",
            "morpheme": "헐/IC+키/NNG+키/NNG+대박/NNG"
          },
          {
            "id": 3,
            "text": "2 : 배추 얼마나 심었어?",
            "norm_text": "배추 얼마나 심었어?",
            "speaker": {
              "id": "2번",
              "sex": "여성",
              "age": "20대"
            },
            "speechAct": "(지시) 질문하기",
            "morpheme": "배추/NNG+얼마나/MAG+심/VV+었/EP+어/EF"
          },
          {
            "id": 4,
            "text": "3 : 우와 키키 집에서 키우는 거 귀엽네",
            "norm_text": "우와 키키 집에서 키우는 거 귀엽네",
            "speaker": {
              "id": "3번",
              "sex": "남성",
              "age": "20대"
            },
            "speechAct": "(단언) 주장하기",
            "morpheme": "우와/IC+키/NNG+키/NNG+집/NNG+에서/JKB+키우/VV+는/ETM+거/NNB+귀엽/VA+네/EC"
          },
          {
            "id": 5,
            "text": "1 : 우리 엄청 심었던데",
            "norm_text": "우리 엄청 심었던데",
            "speaker": {
              "id": "1번",
              "sex": "여성",
              "age": "20대"
            },
            "speechAct": "(단언) 진술하기",
            "morpheme": "우리/NP+엄청/MAG+심/VV+었/EP+던데/EC"
          },
          {
            "id": 6,
            "text": "1 : 키키 장난 아니야",
            "norm_text": "키키 장난 아니야",
            "speaker": {
              "id": "1번",
              "sex": "여성",
              "age": "20대"
            },
            "speechAct": "(단언) 주장하기",
            "morpheme": "키/NNG+키/NNG+장난/NNG+아니/VCN+야/EC"
          },
          {
            "id": 7,
            "text": "2 : 키키 그거 김장 때 쓰려구 심은겨?",
            "norm_text": "키키 그거 김장 때 쓰려구 심은겨?",
            "speaker": {
              "id": "2번",
              "sex": "여성",
              "age": "20대"
            },
            "speechAct": "(지시) 질문하기",
            "morpheme": "키/NNG+키/XSV+ETN+그거/NP+김장/NNG+때/NNG+쓰/VV+려구/EC+심/VV+은겨/EF"
          },
          {
            "id": 8,
            "text": "3 : 나도 키워 보고 싶었는데 신기하다!",
            "norm_text": "나도 키워 보고 싶었는데 신기하다!",
            "speaker": {
              "id": "3번",
              "sex": "남성",
              "age": "20대"
            },
            "speechAct": "(단언) 주장하기",
            "morpheme": "나/NP+도/JX+키워/VV+EC+보/VX+고/EC+싶/VX+었/EP+는데/EC+신기/XR+하/XSA+다/EF"
          },
          {
            "id": 9,
            "text": "1 : 그런 거 같아 키키",
            "norm_text": "그런 거 같아 키키",
            "speaker": {
              "id": "1번",
              "sex": "여성",
              "age": "20대"
            },
            "speechAct": "(단언) 주장하기",
            "morpheme": "그런/MM+거/NNB+같/VA+아/EC+키/NNG+키/XSV+ETN"
          },
          {
            "id": 10,
            "text": "1 : 팔기도 한다는 거 같아",
            "norm_text": "팔기도 한다는 거 같아",
            "speaker": {
              "id": "1번",
              "sex": "여성",
              "age": "20대"
            },
            "speechAct": "(단언) 진술하기",
            "morpheme": "팔/VV+기/ETN+도/JX+한다는/VX+ETM+거/NNB+같/VA+아/EC"
          },
          {
            "id": 11,
            "text": "2 : 오올 우리 집도 배추 오이 고추 석류 파 이것저것 다 심음 키키",
            "norm_text": "오올 우리 집도 배추 오이 고추 석류 파 이것저것 다 심음 키키",
            "speaker": {
              "id": "2번",
              "sex": "여성",
              "age": "20대"
            },
            "speechAct": "(단언) 진술하기",
            "morpheme": "오/NR+올/NR+VCP+ETM+우리/NP+집/NNG+도/JX+배추/NNG+오이/NNG+고추/NNG+석류/NNG+파/NNG+이것저것/NNG+다/MAG+심음/NNG+키/NNG+키/XSV+ETN"
          },
          {
            "id": 12,
            "text": "3 : 우리 집은 왜 안 하징...! 해보고 싶은데",
            "norm_text": "우리 집은 왜 안 하징...! 해보고 싶은데",
            "speaker": {
              "id": "3번",
              "sex": "남성",
              "age": "20대"
            },
            "speechAct": "(단언) 주장하기",
            "morpheme": "우리/NP+집/NNG+은/JX+왜/MAG+안/MAG+하/VV+징/EF+./SY+./SY+해/VV+EC+보/VX+고/EC+싶/VX+은데/EC"
          },
          {
            "id": 13,
            "text": "1 : 키키 나름 텃밭 키우는 거 재밌어",
            "norm_text": "키키 나름 텃밭 키우는 거 재밌어",
            "speaker": {
              "id": "1번",
              "sex": "여성",
              "age": "20대"
            },
            "speechAct": "(단언) 주장하기",
            "morpheme": "키/NNG+키/XSV+ETN+나름/NNB+텃밭/NNG+키우/VV+는/ETM+거/NNB+재밌/VA+어/EC"
          },
          {
            "id": 14,
            "text": "2 : 키키 ㅇㅈ,",
            "norm_text": "키키 ㅇㅈ,",
            "speaker": {
              "id": "2번",
              "sex": "여성",
              "age": "20대"
            },
            "speechAct": "(단언) 주장하기",
            "morpheme": "키키ㅇㅈ/UNKNOWN+,/SC"
          },
          {
            "id": 15,
            "text": "2 : 근데 손이 많이 가긴 하는 듯",
            "norm_text": "근데 손이 많이 가긴 하는 듯",
            "speaker": {
              "id": "2번",
              "sex": "여성",
              "age": "20대"
            },
            "speechAct": "(단언) 주장하기",
            "morpheme": "근데/MAJ+손/NNG+이/JKS+많이/MAG+가/VV+긴/ETN+JX+하/VX+는/ETM+듯/NNB"
          },
          {
            "id": 16,
            "text": "3 : 뭐 키우는 것도 완전 힘든데!",
            "norm_text": "뭐 키우는 것도 완전 힘든데!",
            "speaker": {
              "id": "3번",
              "sex": "남성",
              "age": "20대"
            },
            "speechAct": "(단언) 주장하기",
            "morpheme": "뭐/IC+키우/VV+는/ETM+것/NNB+도/JX+완전/NNG+힘/NNG+든데/VCP+EF"
          },
          {
            "id": 17,
            "text": "3 : 정성 가득이네",
            "norm_text": "정성 가득이네",
            "speaker": {
              "id": "3번",
              "sex": "남성",
              "age": "20대"
            },
            "speechAct": "(단언) 주장하기",
            "morpheme": "정성/NNG+가득/MAG+이/NP+네/XSN"
          },
          {
            "id": 18,
            "text": "1 : 맞아 키키",
            "norm_text": "맞아 키키",
            "speaker": {
              "id": "1번",
              "sex": "여성",
              "age": "20대"
            },
            "speechAct": "(단언) 주장하기",
            "morpheme": "맞/VV+아/EC+키/NNG+키/XSV+ETN"
          },
          {
            "id": 19,
            "text": "1 : 신경 엄청 써야 해",
            "norm_text": "신경 엄청 써야 해",
            "speaker": {
              "id": "1번",
              "sex": "여성",
              "age": "20대"
            },
            "speechAct": "(단언) 주장하기",
            "morpheme": "신경/NNG+엄청/MAG+써야/VV+EC+해/VV+EC"
          },
          {
            "id": 20,
            "text": "1 : 피곤할 때도 있어",
            "norm_text": "피곤할 때도 있어",
            "speaker": {
              "id": "1번",
              "sex": "여성",
              "age": "20대"
            },
            "speechAct": "(단언) 주장하기",
            "morpheme": "피곤/NNG+할/XSV+ETM+때/NNG+도/JX+있/VA+어/EC"
          },
          {
            "id": 21,
            "text": "2 : 키키 그칭 ㅜㅜ",
            "norm_text": "키키 그칭 ㅜㅜ",
            "speaker": {
              "id": "2번",
              "sex": "여성",
              "age": "20대"
            },
            "speechAct": "(단언) 주장하기",
            "morpheme": "키키그칭ㅜㅜ/UNKNOWN"
          },
          {
            "id": 22,
            "text": "2 : 근데 풍년 나면 조음 키키",
            "norm_text": "근데 풍년 나면 조음 키키",
            "speaker": {
              "id": "2번",
              "sex": "여성",
              "age": "20대"
            },
            "speechAct": "(단언) 주장하기",
            "morpheme": "근데/MAJ+풍년/NNG+나/VV+면/EC+조음/NNG+키/NNG+키/XSV+ETN"
          },
          {
            "id": 23,
            "text": "2 : 옥수수도 맛있었으,",
            "norm_text": "옥수수도 맛있었으,",
            "speaker": {
              "id": "2번",
              "sex": "여성",
              "age": "20대"
            },
            "speechAct": "(단언) 진술하기",
            "morpheme": "옥수수/NNG+도/JX+맛있/VA+었/EP+으/EF+,/SC"
          },
          {
            "id": 24,
            "text": "3 : 키키 운빨겜이랑 비슷하네...",
            "norm_text": "키키 운빨겜이랑 비슷하네...",
            "speaker": {
              "id": "3번",
              "sex": "남성",
              "age": "20대"
            },
            "speechAct": "(단언) 주장하기",
            "morpheme": "키키운빨겜이랑비슷하네/UNKNOWN+./SY"
          },
          {
            "id": 25,
            "text": "3 : 신기하당",
            "norm_text": "신기하당",
            "speaker": {
              "id": "3번",
              "sex": "남성",
              "age": "20대"
            },
            "speechAct": "(단언) 주장하기",
            "morpheme": "신기/NNG+하당/NNG"
          },
          {
            "id": 26,
            "text": "1 : 키키 여름엔 옥수수 겨울엔 고구마",
            "norm_text": "키키 여름엔 옥수수 겨울엔 고구마",
            "speaker": {
              "id": "1번",
              "sex": "여성",
              "age": "20대"
            },
            "speechAct": "(단언) 주장하기",
            "morpheme": "키/NNG+키/NNG+여름/NNG+엔/JKB+JX+옥수수/NNG+겨울/NNG+엔/JKB+JX+고구마/NNG"
          },
          {
            "id": 27,
            "text": "2 : 마저 마저",
            "norm_text": "마저 마저",
            "speaker": {
              "id": "2번",
              "sex": "여성",
              "age": "20대"
            },
            "speechAct": "(단언) 주장하기",
            "morpheme": "마저/MAG+마저/JX"
          },
          {
            "id": 28,
            "text": "2 : 어우 하지감자도 끝내준다능",
            "norm_text": "어우 하지감자도 끝내준다능",
            "speaker": {
              "id": "2번",
              "sex": "여성",
              "age": "20대"
            },
            "speechAct": "(단언) 주장하기",
            "morpheme": "어우/NNG+하/XSV+지/EC+감자/NNG+도/JX+끝내/MAG+준다/VV+EC+능/NNG"
          },
          {
            "id": 29,
            "text": "3 : 다음에 한번 해보자고 해야겠네!",
            "norm_text": "다음에 한번 해보자고 해야겠네!",
            "speaker": {
              "id": "3번",
              "sex": "남성",
              "age": "20대"
            },
            "speechAct": "(단언) 주장하기",
            "morpheme": "다음/NNG+에/JKB+한/MM+번/NNBC+해/VV+EC+보/VX+자고/EC+해야겠네/VV+EC+VX+EP+EF"
          }
        ]
      }
    }
  ]
}