{
  "dataset": {
    "identifier": 112605,
    "name": "BAND_42_11_set",
    "src_path": "/data/file/cubeManager/PROJECT001/80/txt20211102154324032192/BAND_42_11_set/",
    "label_path": "/data/file/cubeManager/PROJECT001/80/txt20211102154324032192/BAND_42_11_set/",
    "category": 2,
    "type": 0
  },
  "licenses": {
    "name": "Apache License 1.0",
    "url": "http://www.apache.org/licenses/LICENSE-1.0"
  },
  "info": [
    {
      "id": 130315,
      "filename": "BAND_42_11.txt",
      "title": "BAND_42_11",
      "mediatype": "SNS",
      "medianame": "네이버밴드",
      "category": "일상대화",
      "date": "2021-11-02",
      "size": 549,
      "annotations": {
        "subject": "게임",
        "speaker_type": "다자간 대화",
        "size": 549,
        "word_size": 193,
        "text": "1 : 다들 잘하는 겜 하나씩 대봐\n2 : 키키 잘하는 건 없고 좋아하는 거 가능?\n3 : 어엇... 잘하기보단 좋아하지\n3 : 키키 롤 좋아해!\n1 : 롤 키키\n1 : 음 좋아하는 것도 가능\n2 : 키키 오보치 오보치,^^,\n2 : 카트도 가끔 하면 좋아해\n2 : 테런 같은 것두 키키 가볍게 한두 판\n3 : 키키 게임은 잘하면 게이머... 못하면 취미지... ㅎ\n1 : 좋지 키키\n1 : 너네 알투비트 아냐?\n2 : 키키 알어\n2 : 그거 이번에 재오픈한다며 ㅜ?\n3 : 되게 오랜만에 들어본다!\n3 : 키키 재밌었는데\n1 : 맞아 키키\n1 : 얼마 만인지\n1 : 기다리는 중이야\n1 : 키키 같이 고\n2 : 키키 고고~^^\n2 : 맨날 걸리고 넘어졌었는디 후훗\n3 : 좋다\n3 : 날 이기긴 힘들긴 할 텐데 기기!\n1 : 에이 아니야\n1 : 내 실력 보면 놀랄걸?\n2 : 나 키보드로 하는 게임 좀 침\n2 : 들어오삼\n3 : 키키 질 자신 없는데 한번 해야겠네\n1 : 키키 내기라도 해야 하나\n1 : 키키 밥 사기 어때?\n2 : 고고!\n2 : 잡아 잡아!\n2 : 오픈하면 헤쳐모여요~ ^^\n3 : 키키 한번 해보자구용\n3 : 다들 기다렵!",
        "lines": [
          {
            "id": 1,
            "text": "1 : 다들 잘하는 겜 하나씩 대봐",
            "norm_text": "다들 잘하는 겜 하나씩 대봐",
            "speaker": {
              "id": "1번",
              "sex": "여성",
              "age": "20대"
            },
            "speechAct": "(지시) 부탁하기",
            "morpheme": "다/MAG+들/XSN+잘/MAG+하/VV+는/ETM+겜/NNP+하나/NR+씩/XSN+대봐/VV+EC"
          },
          {
            "id": 2,
            "text": "2 : 키키 잘하는 건 없고 좋아하는 거 가능?",
            "norm_text": "키키 잘하는 건 없고 좋아하는 거 가능?",
            "speaker": {
              "id": "2번",
              "sex": "여성",
              "age": "20대"
            },
            "speechAct": "(지시) 질문하기",
            "morpheme": "키/NNG+키/XSV+ETN+잘/MAG+하/VV+는/ETM+건/NNB+JX+없/VA+고/EC+좋/VA+아/EC+하/VV+는/ETM+거/NNB+가능/NNG"
          },
          {
            "id": 3,
            "text": "3 : 어엇... 잘하기보단 좋아하지",
            "norm_text": "어엇... 잘하기보단 좋아하지",
            "speaker": {
              "id": "3번",
              "sex": "남성",
              "age": "20대"
            },
            "speechAct": "(단언) 주장하기",
            "morpheme": "어/IC+엇/IC+./SY+잘/MAG+하/VV+기/ETN+보단/JKB+JX+좋/VA+아/EC+하/VV+지/EC"
          },
          {
            "id": 4,
            "text": "3 : 키키 롤 좋아해!",
            "norm_text": "키키 롤 좋아해!",
            "speaker": {
              "id": "3번",
              "sex": "남성",
              "age": "20대"
            },
            "speechAct": "(단언) 주장하기",
            "morpheme": "키/NNG+키/XSV+ETN+롤/JKB+좋/VA+아/EC+해/VX+EF"
          },
          {
            "id": 5,
            "text": "1 : 롤 키키",
            "norm_text": "롤 키키",
            "speaker": {
              "id": "1번",
              "sex": "여성",
              "age": "20대"
            },
            "speechAct": "(단언) 주장하기",
            "morpheme": "롤/NNG+키/NNG+키/XSV+ETN"
          },
          {
            "id": 6,
            "text": "1 : 음 좋아하는 것도 가능",
            "norm_text": "음 좋아하는 것도 가능",
            "speaker": {
              "id": "1번",
              "sex": "여성",
              "age": "20대"
            },
            "speechAct": "(단언) 주장하기",
            "morpheme": "음/IC+좋/VA+아/EC+하/VV+는/ETM+것/NNB+도/JX+가능/NNG"
          },
          {
            "id": 7,
            "text": "2 : 키키 오보치 오보치,^^,",
            "norm_text": "키키 오보치 오보치,^^,",
            "speaker": {
              "id": "2번",
              "sex": "여성",
              "age": "20대"
            },
            "speechAct": "(단언) 주장하기",
            "morpheme": "키키오보치오보치/UNKNOWN+,/SC+^/SY+^/SY+,/SC"
          },
          {
            "id": 8,
            "text": "2 : 카트도 가끔 하면 좋아해",
            "norm_text": "카트도 가끔 하면 좋아해",
            "speaker": {
              "id": "2번",
              "sex": "여성",
              "age": "20대"
            },
            "speechAct": "(단언) 주장하기",
            "morpheme": "카트/NNG+도/JX+가끔/MAG+하/VV+면/EC+좋아해/VV+EC"
          },
          {
            "id": 9,
            "text": "2 : 테런 같은 것두 키키 가볍게 한두 판",
            "norm_text": "테런 같은 것두 키키 가볍게 한두 판",
            "speaker": {
              "id": "2번",
              "sex": "여성",
              "age": "20대"
            },
            "speechAct": "(단언) 주장하기",
            "morpheme": "테/NNG+런/VCP+ETM+같/VA+은/ETM+것/NNB+두/JX+키/NNG+키/XSV+ETN+가볍/VA+게/EC+한두/MM+판/NNG"
          },
          {
            "id": 10,
            "text": "3 : 키키 게임은 잘하면 게이머... 못하면 취미지... ㅎ",
            "norm_text": "키키 게임은 잘하면 게이머... 못하면 취미지... ㅎ",
            "speaker": {
              "id": "3번",
              "sex": "남성",
              "age": "20대"
            },
            "speechAct": "(단언) 주장하기",
            "morpheme": "키/NNG+키/NNG+게임/NNG+은/JX+잘/MAG+하/VV+면/EC+게이머/NNP+./SY+./SY+못/MAG+하/VV+면/EC+취미/NNG+지/VCP+EF+./SY+ㅎ/XSA"
          },
          {
            "id": 11,
            "text": "1 : 좋지 키키",
            "norm_text": "좋지 키키",
            "speaker": {
              "id": "1번",
              "sex": "여성",
              "age": "20대"
            },
            "speechAct": "(단언) 주장하기",
            "morpheme": "좋/VA+지/EC+키/NNG+키/XSV+ETN"
          },
          {
            "id": 12,
            "text": "1 : 너네 알투비트 아냐?",
            "norm_text": "너네 알투비트 아냐?",
            "speaker": {
              "id": "1번",
              "sex": "여성",
              "age": "20대"
            },
            "speechAct": "(지시) 질문하기",
            "morpheme": "너/NP+네/XSN+알투비트/NNP+아냐/VCN+EF"
          },
          {
            "id": 13,
            "text": "2 : 키키 알어",
            "norm_text": "키키 알어",
            "speaker": {
              "id": "2번",
              "sex": "여성",
              "age": "20대"
            },
            "speechAct": "(단언) 주장하기",
            "morpheme": "키/NNG+키/XSV+ETN+알/VV+어/EC"
          },
          {
            "id": 14,
            "text": "2 : 그거 이번에 재오픈한다며 ㅜ?",
            "norm_text": "그거 이번에 재오픈한다며 ㅜ?",
            "speaker": {
              "id": "2번",
              "sex": "여성",
              "age": "20대"
            },
            "speechAct": "(지시) 질문하기",
            "morpheme": "그거/NP+이번/NNG+에/JKB+재/XPN+오픈/NNG+한다/XSV+EF+며ㅜ/UNKNOWN"
          },
          {
            "id": 15,
            "text": "3 : 되게 오랜만에 들어본다!",
            "norm_text": "되게 오랜만에 들어본다!",
            "speaker": {
              "id": "3번",
              "sex": "남성",
              "age": "20대"
            },
            "speechAct": "(단언) 주장하기",
            "morpheme": "되게/MAG+오랜만/NNG+에/JKB+들/VV+어/EC+본다/VX+EF"
          },
          {
            "id": 16,
            "text": "3 : 키키 재밌었는데",
            "norm_text": "키키 재밌었는데",
            "speaker": {
              "id": "3번",
              "sex": "남성",
              "age": "20대"
            },
            "speechAct": "(단언) 주장하기",
            "morpheme": "키/NNG+키/XSV+ETN+재밌/VA+었/EP+는데/EC"
          },
          {
            "id": 17,
            "text": "1 : 맞아 키키",
            "norm_text": "맞아 키키",
            "speaker": {
              "id": "1번",
              "sex": "여성",
              "age": "20대"
            },
            "speechAct": "(단언) 주장하기",
            "morpheme": "맞/VV+아/EC+키/NNG+키/XSV+ETN"
          },
          {
            "id": 18,
            "text": "1 : 얼마 만인지",
            "norm_text": "얼마 만인지",
            "speaker": {
              "id": "1번",
              "sex": "여성",
              "age": "20대"
            },
            "speechAct": "(단언) 주장하기",
            "morpheme": "얼마/NNG+만/NNB+인지/VCP+EC"
          },
          {
            "id": 19,
            "text": "1 : 기다리는 중이야",
            "norm_text": "기다리는 중이야",
            "speaker": {
              "id": "1번",
              "sex": "여성",
              "age": "20대"
            },
            "speechAct": "(단언) 주장하기",
            "morpheme": "기다리/VV+는/ETM+중/NNB+이/VCP+야/EC"
          },
          {
            "id": 20,
            "text": "1 : 키키 같이 고",
            "norm_text": "키키 같이 고",
            "speaker": {
              "id": "1번",
              "sex": "여성",
              "age": "20대"
            },
            "speechAct": "(지시) 충고/제안하기",
            "morpheme": "키/NNG+키/NNG+같이/JKB+고/EC"
          },
          {
            "id": 21,
            "text": "2 : 키키 고고~^^",
            "norm_text": "키키 고고~^^",
            "speaker": {
              "id": "2번",
              "sex": "여성",
              "age": "20대"
            },
            "speechAct": "(단언) 주장하기",
            "morpheme": "키/NNG+키/NNG+고고/NNG+~/SY+^/SY+^/SY"
          },
          {
            "id": 22,
            "text": "2 : 맨날 걸리고 넘어졌었는디 후훗",
            "norm_text": "맨날 걸리고 넘어졌었는디 후훗",
            "speaker": {
              "id": "2번",
              "sex": "여성",
              "age": "20대"
            },
            "speechAct": "(단언) 주장하기",
            "morpheme": "맨날/MAG+걸리/VV+고/EC+넘/VV+어/EC+졌었/VX+EP+는디/EF+후훗/IC"
          },
          {
            "id": 23,
            "text": "3 : 좋다",
            "norm_text": "좋다",
            "speaker": {
              "id": "3번",
              "sex": "남성",
              "age": "20대"
            },
            "speechAct": "(단언) 주장하기",
            "morpheme": "좋/VA+다/EC"
          },
          {
            "id": 24,
            "text": "3 : 날 이기긴 힘들긴 할 텐데 기기!",
            "norm_text": "날 이기긴 힘들긴 할 텐데 기기!",
            "speaker": {
              "id": "3번",
              "sex": "남성",
              "age": "20대"
            },
            "speechAct": "(단언) 주장하기",
            "morpheme": "날/NP+JKO+이기/VV+긴/ETN+JX+힘들/VA+긴/ETN+JX+할/VX+ETM+텐데/NNB+VCP+EC+기기/NNG"
          },
          {
            "id": 25,
            "text": "1 : 에이 아니야",
            "norm_text": "에이 아니야",
            "speaker": {
              "id": "1번",
              "sex": "여성",
              "age": "20대"
            },
            "speechAct": "(단언) 반박하기",
            "morpheme": "에이/NNG+아니/VCN+야/EC"
          },
          {
            "id": 26,
            "text": "1 : 내 실력 보면 놀랄걸?",
            "norm_text": "내 실력 보면 놀랄걸?",
            "speaker": {
              "id": "1번",
              "sex": "여성",
              "age": "20대"
            },
            "speechAct": "(단언) 주장하기",
            "morpheme": "내/NP+JKG+실력/NNG+보/VV+면/EC+놀랄걸/VV+EF"
          },
          {
            "id": 27,
            "text": "2 : 나 키보드로 하는 게임 좀 침",
            "norm_text": "나 키보드로 하는 게임 좀 침",
            "speaker": {
              "id": "2번",
              "sex": "여성",
              "age": "20대"
            },
            "speechAct": "(단언) 주장하기",
            "morpheme": "나/NP+키보드/NNG+로/JKB+하/VV+는/ETM+게임/NNG+좀/MAG+침/NNG"
          },
          {
            "id": 28,
            "text": "2 : 들어오삼",
            "norm_text": "들어오삼",
            "speaker": {
              "id": "2번",
              "sex": "여성",
              "age": "20대"
            },
            "speechAct": "(단언) 주장하기",
            "morpheme": "들어오/VV+삼/EF"
          },
          {
            "id": 29,
            "text": "3 : 키키 질 자신 없는데 한번 해야겠네",
            "norm_text": "키키 질 자신 없는데 한번 해야겠네",
            "speaker": {
              "id": "3번",
              "sex": "남성",
              "age": "20대"
            },
            "speechAct": "(단언) 주장하기",
            "morpheme": "키/NNG+키질/NNG+자신/NNG+없/VA+는데/EC+한/MM+번/NNBC+해야겠네/VV+EC+VX+EP+EF"
          },
          {
            "id": 30,
            "text": "1 : 키키 내기라도 해야 하나",
            "norm_text": "키키 내기라도 해야 하나",
            "speaker": {
              "id": "1번",
              "sex": "여성",
              "age": "20대"
            },
            "speechAct": "(지시) 질문하기",
            "morpheme": "키/NNG+키/NNG+내기/NNG+라도/VCP+EC+해야/VV+EC+하나/NR"
          },
          {
            "id": 31,
            "text": "1 : 키키 밥 사기 어때?",
            "norm_text": "키키 밥 사기 어때?",
            "speaker": {
              "id": "1번",
              "sex": "여성",
              "age": "20대"
            },
            "speechAct": "(지시) 질문하기",
            "morpheme": "키/NNG+키/NNG+밥/NNG+사기/NNG+어때/VA+EF"
          },
          {
            "id": 32,
            "text": "2 : 고고!",
            "norm_text": "고고!",
            "speaker": {
              "id": "2번",
              "sex": "여성",
              "age": "20대"
            },
            "speechAct": "(단언) 주장하기",
            "morpheme": "고고/NNG"
          },
          {
            "id": 33,
            "text": "2 : 잡아 잡아!",
            "norm_text": "잡아 잡아!",
            "speaker": {
              "id": "2번",
              "sex": "여성",
              "age": "20대"
            },
            "speechAct": "(단언) 주장하기",
            "morpheme": "잡/VV+아/EC+잡/VV+아/EF"
          },
          {
            "id": 34,
            "text": "2 : 오픈하면 헤쳐모여요~ ^^",
            "norm_text": "오픈하면 헤쳐모여요~ ^^",
            "speaker": {
              "id": "2번",
              "sex": "여성",
              "age": "20대"
            },
            "speechAct": "(지시) 충고/제안하기",
            "morpheme": "오픈/NNG+하/XSV+면/EC+헤쳐모여/VV+EC+VV+EC+요/JX+~/SY+^/SY+^/SY"
          },
          {
            "id": 35,
            "text": "3 : 키키 한번 해보자구용",
            "norm_text": "키키 한번 해보자구용",
            "speaker": {
              "id": "3번",
              "sex": "남성",
              "age": "20대"
            },
            "speechAct": "(지시) 충고/제안하기",
            "morpheme": "키/NNG+키/XSV+ETN+한/MM+번/NNBC+해/VV+EC+보/VX+자/EC+구용/NNG"
          },
          {
            "id": 36,
            "text": "3 : 다들 기다렵!",
            "norm_text": "다들 기다렵!",
            "speaker": {
              "id": "3번",
              "sex": "남성",
              "age": "20대"
            },
            "speechAct": "(지시) 부탁하기",
            "morpheme": "다들기다렵/UNKNOWN"
          }
        ]
      }
    }
  ]
}