{
  "dataset": {
    "identifier": 42738,
    "name": "BAND_34_13_set",
    "src_path": "/data/file/cubeManager/PROJECT001/53/txt202109281136480011107/BAND_34_13_set/",
    "label_path": "/data/file/cubeManager/PROJECT001/53/txt202109281136480011107/BAND_34_13_set/",
    "category": 2,
    "type": 0
  },
  "licenses": {
    "name": "Apache License 1.0",
    "url": "http://www.apache.org/licenses/LICENSE-1.0"
  },
  "info": [
    {
      "id": 35472,
      "filename": "BAND_34_13.txt",
      "title": "BAND_34_13",
      "mediatype": "SNS",
      "medianame": "네이버밴드",
      "category": "일상대화",
      "date": "2021-09-28",
      "size": 384,
      "annotations": {
        "subject": "계절/날씨",
        "speaker_type": "1:1",
        "size": 384,
        "word_size": 128,
        "text": "1 : 오늘 날씨 좋았다고 했잖아!\n2 : 응 오늘 날씨 되게 좋았다며 키키\n1 : 내가 하늘 사진 찍었거든? 보여줄게!\n2 : 와 날씨 진짜 대박이었네 키키\n1 : 이런 날에 남친이랑 피크닉 가야 하는데!\n2 : 맞아 이거 보니깐 나도 여친이랑 데이트 하고 싶다\n1 : 그렇지! 이번 주말에 데이트 추천해!\n2 : 오 여자 친구한테 김밥 싸라고 해야겠다 키키\n1 : 와 양아치네 너는 뭐 할 건데!\n2 : 난 김밥 재료 값을 주는 거야 키키\n1 : 오 잔돈도 여친 거임?\n2 : 잔돈은 물론 내 카드도 여친 꺼지\n1 : 그러면 10만 원 달라고 하면 남은 잔돈은?\n2 : 그것도 줄 수 있지 키키 당연히\n1 : 오 완전 찐사랑인데? 오빠니까 가능하다!\n2 : 키키 맞아 키키 고생하는데 줄 수 있으면 줘야지 키키",
        "lines": [
          {
            "id": 1,
            "text": "1 : 오늘 날씨 좋았다고 했잖아!",
            "norm_text": "오늘 날씨 좋았다고 했잖아!",
            "speaker": {
              "id": "1번",
              "sex": "여성",
              "age": "20대"
            },
            "speechAct": "(단언) 진술하기",
            "morpheme": "오늘/MAG+날씨/NNG+좋/VA+았/EP+다고/EC+했잖아/VX+EP+EC+VX+EF"
          },
          {
            "id": 2,
            "text": "2 : 응 오늘 날씨 되게 좋았다며 키키",
            "norm_text": "응 오늘 날씨 되게 좋았다며 키키",
            "speaker": {
              "id": "2번",
              "sex": "남성",
              "age": "30대"
            },
            "speechAct": "(단언) 진술하기",
            "morpheme": "응/IC+오늘/MAG+날씨/NNG+되게/MAG+좋/VA+았/EP+다며/EC+키/NNG+키/XSV+ETN"
          },
          {
            "id": 3,
            "text": "1 : 내가 하늘 사진 찍었거든? 보여줄게!",
            "norm_text": "내가 하늘 사진 찍었거든? 보여줄게!",
            "speaker": {
              "id": "1번",
              "sex": "여성",
              "age": "20대"
            },
            "speechAct": "(단언) 주장하기",
            "morpheme": "내/NP+가/JKS+하늘/NNG+사진/NNG+찍/VV+었/EP+거든/EF+보여/VV+EC+줄게/VX+EF"
          },
          {
            "id": 4,
            "text": "2 : 와 날씨 진짜 대박이었네 키키",
            "norm_text": "와 날씨 진짜 대박이었네 키키",
            "speaker": {
              "id": "2번",
              "sex": "남성",
              "age": "30대"
            },
            "speechAct": "(단언) 주장하기",
            "morpheme": "와/IC+날씨/NNG+진짜/MAG+대박/NNG+이/VCP+었/EP+네/EF+키/NNG+키/XSV+ETN"
          },
          {
            "id": 5,
            "text": "1 : 이런 날에 남친이랑 피크닉 가야 하는데!",
            "norm_text": "이런 날에 남친이랑 피크닉 가야 하는데!",
            "speaker": {
              "id": "1번",
              "sex": "여성",
              "age": "20대"
            },
            "speechAct": "(단언) 주장하기",
            "morpheme": "이런/MM+날/NNG+에/JKB+남친/NNG+이랑/JC+피크닉/NNP+가/VV+야/EC+하/VV+는데/EC"
          },
          {
            "id": 6,
            "text": "2 : 맞아 이거 보니깐 나도 여친이랑 데이트 하고 싶다",
            "norm_text": "맞아 이거 보니깐 나도 여친이랑 데이트 하고 싶다",
            "speaker": {
              "id": "2번",
              "sex": "남성",
              "age": "30대"
            },
            "speechAct": "(단언) 주장하기",
            "morpheme": "맞/VV+아/EC+이거/NP+보/VV+니깐/EC+나/NP+도/JX+여친/NNG+이랑/JKB+데이트/NNG+하/XSV+고/EC+싶/VX+다/EC"
          },
          {
            "id": 7,
            "text": "1 : 그렇지! 이번 주말에 데이트 추천해!",
            "norm_text": "그렇지! 이번 주말에 데이트 추천해!",
            "speaker": {
              "id": "1번",
              "sex": "여성",
              "age": "20대"
            },
            "speechAct": "(지시) 충고/제안하기",
            "morpheme": "그렇/VA+지/EF+이번/NNG+주말/NNG+에/JKB+데이트/NNG+추천/NNG+해/XSV+EF"
          },
          {
            "id": 8,
            "text": "2 : 오 여자 친구한테 김밥 싸라고 해야겠다 키키",
            "norm_text": "오 여자 친구한테 김밥 싸라고 해야겠다 키키",
            "speaker": {
              "id": "2번",
              "sex": "남성",
              "age": "30대"
            },
            "speechAct": "(단언) 주장하기",
            "morpheme": "오/NR+여자/NNG+친구/NNG+한테/JKB+김밥/NNG+싸/VA+라고/EC+해야/VX+EC+VX+겠/EP+다키키/NNP"
          },
          {
            "id": 9,
            "text": "1 : 와 양아치네 너는 뭐 할 건데!",
            "norm_text": "와 양아치네 너는 뭐 할 건데!",
            "speaker": {
              "id": "1번",
              "sex": "여성",
              "age": "20대"
            },
            "speechAct": "(지시) 질문하기",
            "morpheme": "와양/NNP+아/JKV+치/VV+네/EF+너/NP+는/JX+뭐/IC+할/VV+ETM+건데/NNB+VCP+EF"
          },
          {
            "id": 10,
            "text": "2 : 난 김밥 재료 값을 주는 거야 키키",
            "norm_text": "난 김밥 재료 값을 주는 거야 키키",
            "speaker": {
              "id": "2번",
              "sex": "남성",
              "age": "30대"
            },
            "speechAct": "(단언) 진술하기",
            "morpheme": "난/NP+JX+김밥/NNG+재료/NNG+값/NNG+을/JKO+주/VV+는/ETM+거/NNB+야/VCP+EF+키/NNG+키/XSV+ETN"
          },
          {
            "id": 11,
            "text": "1 : 오 잔돈도 여친 거임?",
            "norm_text": "오 잔돈도 여친 거임?",
            "speaker": {
              "id": "1번",
              "sex": "여성",
              "age": "20대"
            },
            "speechAct": "(지시) 질문하기",
            "morpheme": "오잔/NNG+돈/NNG+도/JX+여친/NNG+거/NNB+임/VCP+ETN"
          },
          {
            "id": 12,
            "text": "2 : 잔돈은 물론 내 카드도 여친 꺼지",
            "norm_text": "잔돈은 물론 내 카드도 여친 꺼지",
            "speaker": {
              "id": "2번",
              "sex": "남성",
              "age": "30대"
            },
            "speechAct": "(단언) 주장하기",
            "morpheme": "잔돈/NNG+은/JX+물론/MAG+내/MM+카드/NNG+도/JX+여친/NNG+꺼지/JX"
          },
          {
            "id": 13,
            "text": "1 : 그러면 10만 원 달라고 하면 남은 잔돈은?",
            "norm_text": "그러면 10만 원 달라고 하면 남은 잔돈은?",
            "speaker": {
              "id": "1번",
              "sex": "여성",
              "age": "20대"
            },
            "speechAct": "(지시) 질문하기",
            "morpheme": "그러면/MAJ+10/SN+만/NR+원/NNBC+달/VV+라고/EC+하/VV+면/EC+남/VV+은/ETM+잔돈/NNG+은/JX"
          },
          {
            "id": 14,
            "text": "2 : 그것도 줄 수 있지 키키 당연히",
            "norm_text": "그것도 줄 수 있지 키키 당연히",
            "speaker": {
              "id": "2번",
              "sex": "남성",
              "age": "30대"
            },
            "speechAct": "(단언) 주장하기",
            "morpheme": "그것/NP+도/JX+줄/VX+ETM+수/NNB+있/VV+지/EC+키/NNG+키/NNG+당연히/MAG"
          },
          {
            "id": 15,
            "text": "1 : 오 완전 찐사랑인데? 오빠니까 가능하다!",
            "norm_text": "오 완전 찐사랑인데? 오빠니까 가능하다!",
            "speaker": {
              "id": "1번",
              "sex": "여성",
              "age": "20대"
            },
            "speechAct": "(단언) 주장하기",
            "morpheme": "오/IC+완전/MAG+찐/VV+ETM+사랑/NNG+인데/VCP+EC+?/SY+오빠/NNG+니까/VCP+EC+가능/NNG+하/XSA+다/EF"
          },
          {
            "id": 16,
            "text": "2 : 키키 맞아 키키 고생하는데 줄 수 있으면 줘야지 키키",
            "norm_text": "키키 맞아 키키 고생하는데 줄 수 있으면 줘야지 키키",
            "speaker": {
              "id": "2번",
              "sex": "남성",
              "age": "30대"
            },
            "speechAct": "(단언) 주장하기",
            "morpheme": "키/NNG+키/XSV+ETN+맞/VV+아/EC+키/NNG+키/NNG+고생/NNG+하/XSV+는데/EC+줄/VX+ETM+수/NNB+있/VV+으면/EC+줘야지/VX+EF+키/NNG+키/XSV+ETN"
          }
        ]
      }
    }
  ]
}