{
  "dataset": {
    "identifier": 58329,
    "name": "BAND_33_19_set",
    "src_path": "/data/file/cubeManager/PROJECT001/53/txt20210928112329066385/BAND_33_19_set/",
    "label_path": "/data/file/cubeManager/PROJECT001/53/txt20210928112329066385/BAND_33_19_set/",
    "category": 2,
    "type": 0
  },
  "licenses": {
    "name": "Apache License 1.0",
    "url": "http://www.apache.org/licenses/LICENSE-1.0"
  },
  "info": [
    {
      "id": 35038,
      "filename": "BAND_33_19.txt",
      "title": "BAND_33_19",
      "mediatype": "SNS",
      "medianame": "네이버밴드",
      "category": "일상대화",
      "date": "2021-09-28",
      "size": 402,
      "annotations": {
        "subject": "방송/연예",
        "speaker_type": "1:1",
        "size": 402,
        "word_size": 141,
        "text": "1 : 나 옛날에 정글의 법칙 엄청 좋아했었는데 알아?\n2 : 아 정글의 법칙 *** 나오는 건가?\n1 : 맞아 초반에 그거 때문에 **한테 입덕했었는데!\n2 : 아 키키 나도 **편 봤어 키키 그 에코 넣는 거\n1 : 맞아 그거 보고 나 배 찢어지는 줄!\n2 : 키키 진짜 웃겼지 **는 그 뒤로 흥한 거 같아\n1 : 근데 **는 뭘 해도 흥할 사람이야!\n2 : 맞아 **가 네고왕에서도 진짜 잘했어\n1 : 아 네고왕 나 그 치킨 먹었다!\n2 : 키키 나도 그 치킨 먹었는데 웃기다 키키\n1 : 치킨을 만 원에 먹을 수 있는 행복이라니!\n2 : 맞아 네고왕 취지 좋은 거 같아\n1 : 근데 요즘엔 약간 변질된 거 같아\n2 : 아 욕 먹는 거 보긴 봤어 ㅠ\n1 : 맞아 그래서 요즘에 잘 안 보게 돼!\n2 : 너무 대본 있는 거 같아서 그러긴 해",
        "lines": [
          {
            "id": 1,
            "text": "1 : 나 옛날에 정글의 법칙 엄청 좋아했었는데 알아?",
            "norm_text": "나 옛날에 정글의 법칙 엄청 좋아했었는데 알아?",
            "speaker": {
              "id": "1번",
              "sex": "여성",
              "age": "20대"
            },
            "speechAct": "(지시) 질문하기",
            "morpheme": "나/NP+옛날/NNG+에/JKB+정글/NNG+의/JKG+법칙/NNG+엄청/MAG+좋/VA+아/EC+했었/VX+EP+는데/EC+알/VV+아/EF"
          },
          {
            "id": 2,
            "text": "2 : 아 정글의 법칙 *** 나오는 건가?",
            "norm_text": "아 정글의 법칙 *** 나오는 건가?",
            "speaker": {
              "id": "2번",
              "sex": "남성",
              "age": "30대"
            },
            "speechAct": "(지시) 질문하기",
            "morpheme": "아/IC+정글/NNG+의/JKG+법칙/NNG+*/SY+*/SY+*/SY+나오/VV+는/ETM+건가/NNB+VCP+EF"
          },
          {
            "id": 3,
            "text": "1 : 맞아 초반에 그거 때문에 **한테 입덕했었는데!",
            "norm_text": "맞아 초반에 그거 때문에 **한테 입덕했었는데!",
            "speaker": {
              "id": "1번",
              "sex": "여성",
              "age": "20대"
            },
            "speechAct": "(단언) 주장하기",
            "morpheme": "맞/VV+아/EC+초반/NNG+에/JKB+그거/NP+때문/NNB+에/JKB+*/SY+*/SY+한테/JKB+입/NNG+덕/NNG+했었/XSV+EP+는데/EF"
          },
          {
            "id": 4,
            "text": "2 : 아 키키 나도 **편 봤어 키키 그 에코 넣는 거",
            "norm_text": "아 키키 나도 **편 봤어 키키 그 에코 넣는 거",
            "speaker": {
              "id": "2번",
              "sex": "남성",
              "age": "30대"
            },
            "speechAct": "(단언) 주장하기",
            "morpheme": "아키/NNP+키나/NNG+도/JX+*/SY+*/SY+편/NNB+봤/VV+EP+어/EC+키키/NNP+그/MM+에코/NNG+넣/VV+는/ETM+거/NNB"
          },
          {
            "id": 5,
            "text": "1 : 맞아 그거 보고 나 배 찢어지는 줄!",
            "norm_text": "맞아 그거 보고 나 배 찢어지는 줄!",
            "speaker": {
              "id": "1번",
              "sex": "여성",
              "age": "20대"
            },
            "speechAct": "(단언) 주장하기",
            "morpheme": "맞/VV+아/EC+그거/NP+보고/JKB+나배/NNG+찢어지/VV+는/ETM+줄/NNB"
          },
          {
            "id": 6,
            "text": "2 : 키키 진짜 웃겼지 **는 그 뒤로 흥한 거 같아",
            "norm_text": "키키 진짜 웃겼지 **는 그 뒤로 흥한 거 같아",
            "speaker": {
              "id": "2번",
              "sex": "남성",
              "age": "30대"
            },
            "speechAct": "(단언) 주장하기",
            "morpheme": "키/NNG+키/XSV+ETN+진짜/MAG+웃겼/VV+EP+지/EC+*/SY+*/SY+는/JX+그/MM+뒤/NNG+로/JKB+흥/XR+한/XSA+ETM+거/NNB+같/VA+아/EC"
          },
          {
            "id": 7,
            "text": "1 : 근데 **는 뭘 해도 흥할 사람이야!",
            "norm_text": "근데 **는 뭘 해도 흥할 사람이야!",
            "speaker": {
              "id": "1번",
              "sex": "여성",
              "age": "20대"
            },
            "speechAct": "(단언) 주장하기",
            "morpheme": "근데/MAJ+*/SY+*/SY+는/JX+뭘/NP+JKO+해도/VV+EC+흥/NNG+할/XSV+ETM+사람/NNG+이/VCP+야/EF"
          },
          {
            "id": 8,
            "text": "2 : 맞아 **가 네고왕에서도 진짜 잘했어",
            "norm_text": "맞아 **가 네고왕에서도 진짜 잘했어",
            "speaker": {
              "id": "2번",
              "sex": "남성",
              "age": "30대"
            },
            "speechAct": "(단언) 주장하기",
            "morpheme": "맞/VV+아/EC+*/SY+*/SY+가/JKS+네/MM+고왕/NNG+에서/JKB+도/JX+진짜/MAG+잘/MAG+했/VV+EP+어/EC"
          },
          {
            "id": 9,
            "text": "1 : 아 네고왕 나 그 치킨 먹었다!",
            "norm_text": "아 네고왕 나 그 치킨 먹었다!",
            "speaker": {
              "id": "1번",
              "sex": "여성",
              "age": "20대"
            },
            "speechAct": "(단언) 주장하기",
            "morpheme": "아네/NNG+고왕/NNG+나/JC+그/MM+치킨/NNG+먹/VV+었/EP+다/EF"
          },
          {
            "id": 10,
            "text": "2 : 키키 나도 그 치킨 먹었는데 웃기다 키키",
            "norm_text": "키키 나도 그 치킨 먹었는데 웃기다 키키",
            "speaker": {
              "id": "2번",
              "sex": "남성",
              "age": "30대"
            },
            "speechAct": "(단언) 주장하기",
            "morpheme": "키/NNG+키나/XSA+ETN+JX+도/JX+그/MM+치킨/NNG+먹/VV+었/EP+는데/EC+웃/VV+기/ETN+다키키/NNP"
          },
          {
            "id": 11,
            "text": "1 : 치킨을 만 원에 먹을 수 있는 행복이라니!",
            "norm_text": "치킨을 만 원에 먹을 수 있는 행복이라니!",
            "speaker": {
              "id": "1번",
              "sex": "여성",
              "age": "20대"
            },
            "speechAct": "(단언) 주장하기",
            "morpheme": "치킨/NNG+을/JKO+만/NR+원/NNBC+에/JKB+먹/VV+을/ETM+수/NNB+있/VV+는/ETM+행복/NNG+이/VCP+라니/EF"
          },
          {
            "id": 12,
            "text": "2 : 맞아 네고왕 취지 좋은 거 같아",
            "norm_text": "맞아 네고왕 취지 좋은 거 같아",
            "speaker": {
              "id": "2번",
              "sex": "남성",
              "age": "30대"
            },
            "speechAct": "(단언) 주장하기",
            "morpheme": "맞/VV+아/EC+네/MM+고왕/NNG+취지/NNG+좋/VA+은/ETM+거/NNB+같/VA+아/EC"
          },
          {
            "id": 13,
            "text": "1 : 근데 요즘엔 약간 변질된 거 같아",
            "norm_text": "근데 요즘엔 약간 변질된 거 같아",
            "speaker": {
              "id": "1번",
              "sex": "여성",
              "age": "20대"
            },
            "speechAct": "(단언) 주장하기",
            "morpheme": "근데/MAJ+요즘/NNG+엔/JKB+JX+약간/MAG+변질/NNG+된/XSV+ETM+거/NNB+같/VA+아/EC"
          },
          {
            "id": 14,
            "text": "2 : 아 욕 먹는 거 보긴 봤어 ㅠ",
            "norm_text": "아 욕 먹는 거 보긴 봤어 ㅠ",
            "speaker": {
              "id": "2번",
              "sex": "남성",
              "age": "30대"
            },
            "speechAct": "(단언) 주장하기",
            "morpheme": "아/IC+욕먹/VV+는/ETM+거/NNB+보/VV+긴/ETN+JX+봤/VX+EP+어ㅠ/UNKNOWN"
          },
          {
            "id": 15,
            "text": "1 : 맞아 그래서 요즘에 잘 안 보게 돼!",
            "norm_text": "맞아 그래서 요즘에 잘 안 보게 돼!",
            "speaker": {
              "id": "1번",
              "sex": "여성",
              "age": "20대"
            },
            "speechAct": "(단언) 주장하기",
            "morpheme": "맞아/IC+그래서/MAJ+요즘/NNG+에/JKB+잘/MAG+안/MAG+보/VV+게/EC+돼/VV+EF"
          },
          {
            "id": 16,
            "text": "2 : 너무 대본 있는 거 같아서 그러긴 해",
            "norm_text": "너무 대본 있는 거 같아서 그러긴 해",
            "speaker": {
              "id": "2번",
              "sex": "남성",
              "age": "30대"
            },
            "speechAct": "(단언) 주장하기",
            "morpheme": "너무/MAG+대본/VV+ETM+있/VA+는/ETM+거/NNB+같/VA+아서/EC+그러/VV+긴/ETN+JX+해/VX+EC"
          }
        ]
      }
    }
  ]
}