{
  "dataset": {
    "identifier": 102622,
    "name": "BAND_39_16_set",
    "src_path": "/data/file/cubeManager/PROJECT001/77/txt20211029151155095399/BAND_39_16_set/",
    "label_path": "/data/file/cubeManager/PROJECT001/77/txt20211029151155095399/BAND_39_16_set/",
    "category": 2,
    "type": 0
  },
  "licenses": {
    "name": "Apache License 1.0",
    "url": "http://www.apache.org/licenses/LICENSE-1.0"
  },
  "info": [
    {
      "id": 109678,
      "filename": "BAND_39_16.txt",
      "title": "BAND_39_16",
      "mediatype": "SNS",
      "medianame": "네이버밴드",
      "category": "일상대화",
      "date": "2021-10-29",
      "size": 443,
      "annotations": {
        "subject": "미용",
        "speaker_type": "다자간 대화",
        "size": 443,
        "word_size": 151,
        "text": "1 : 오늘 머리 할랬는데 실패\n2 : 키키 무슨 머리 하려고 했냐\n3 : 뭐야 뭐야 궁금한데 무슨 머리? 키키\n1 : 나 뿌염 시급 키키 검은 머리 차오르고 있다 키키\n2 : 키키 아 ㅜㅜ 역시 염색모는 그게 손이 마니 가\n3 : 이러다... 다 빠져...살려줘\n1 : 키키 하 담주 언제 기다려\n2 : 근데 왜 하필 담주여?\n3 : 내일은 바쁜겨?\n3 : 내일 시간날 때 하지 하하\n1 : 예약 다 찼어 키키 1인 미용실이라 키키\n2 : 키키 아할 인기가 좋은 가바 인싸\n3 : 아아 예약 키키 킹정이지 그럼...키키\n1 : 키키 임신하셔서 하루 할당량만 하셔\n2 : 키키 아 ㅜㅜ ㅇㅈㅇㅈ~\n2 : 나두 머리 하구싶다^^\n3 : 나두!\n3 : 이번에 나도 뿌염 할까 하는데 바빠...ㅠ\n1 : 뿌염하고 펌 뿌신다~ 기분전환\n2 : 키키 헐 펌 부러워 버린것~\n2 : 난 기장이 안 돼\n3 : 키키 좀 기르고 도전해보자규 하하",
        "lines": [
          {
            "id": 1,
            "text": "1 : 오늘 머리 할랬는데 실패",
            "norm_text": "오늘 머리 할랬는데 실패",
            "speaker": {
              "id": "1번",
              "sex": "여성",
              "age": "20대"
            },
            "speechAct": "(단언) 주장하기",
            "morpheme": "오늘/MAG+머리/NNG+할/XSV+ETM+랬는/VCP+EC+VV+EP+ETM+데/NNB+실패/NNG"
          },
          {
            "id": 2,
            "text": "2 : 키키 무슨 머리 하려고 했냐",
            "norm_text": "키키 무슨 머리 하려고 했냐",
            "speaker": {
              "id": "2번",
              "sex": "여성",
              "age": "20대"
            },
            "speechAct": "(지시) 질문하기",
            "morpheme": "키/NNG+키/XSV+ETN+무슨/MM+머리/NNG+하/XSV+려고/EC+했/VX+EP+냐/EC"
          },
          {
            "id": 3,
            "text": "3 : 뭐야 뭐야 궁금한데 무슨 머리? 키키",
            "norm_text": "뭐야 뭐야 궁금한데 무슨 머리? 키키",
            "speaker": {
              "id": "3번",
              "sex": "남성",
              "age": "20대"
            },
            "speechAct": "(지시) 질문하기",
            "morpheme": "뭐/NP+야/VCP+EF+뭐/NP+야/VCP+EF+궁금/XR+한데/XSA+EC+무슨/MM+머리/NNG+?/SY+키/NNG+키/XSV+ETN"
          },
          {
            "id": 4,
            "text": "1 : 나 뿌염 시급 키키 검은 머리 차오르고 있다 키키",
            "norm_text": "나 뿌염 시급 키키 검은 머리 차오르고 있다 키키",
            "speaker": {
              "id": "1번",
              "sex": "여성",
              "age": "20대"
            },
            "speechAct": "(단언) 주장하기",
            "morpheme": "나뿌/VA+염/EF+시급/NNG+키/NNG+키/XSV+ETN+검/VA+은/ETM+머리/NNG+차오르/VV+고/EC+있/VX+다키키/NNP"
          },
          {
            "id": 5,
            "text": "2 : 키키 아 ㅜㅜ 역시 염색모는 그게 손이 마니 가",
            "norm_text": "키키 아 ㅜㅜ 역시 염색모는 그게 손이 마니 가",
            "speaker": {
              "id": "2번",
              "sex": "여성",
              "age": "20대"
            },
            "speechAct": "(단언) 주장하기",
            "morpheme": "키/NNG+키/VV+아/EC+ㅜㅜ/UNKNOWN+역시/MAJ+염/NNG+색모/NNG+는/JX+그게/NP+JKS+손/NNG+이/JKS+마니/NNG+가/JKS"
          },
          {
            "id": 6,
            "text": "3 : 이러다... 다 빠져...살려줘",
            "norm_text": "이러다... 다 빠져...살려줘",
            "speaker": {
              "id": "3번",
              "sex": "남성",
              "age": "20대"
            },
            "speechAct": "(단언) 주장하기",
            "morpheme": "이러/VV+다/EF+./SY+다/MAG+빠져/VV+EF+./SY+살려줘/VV+EC+VX+EC"
          },
          {
            "id": 7,
            "text": "1 : 키키 하 담주 언제 기다려",
            "norm_text": "키키 하 담주 언제 기다려",
            "speaker": {
              "id": "1번",
              "sex": "여성",
              "age": "20대"
            },
            "speechAct": "(단언) 주장하기",
            "morpheme": "키/NNG+키/NNG+하/XSV+담/EC+주/VX+언/ETM+제기/NNG+다려/JKB"
          },
          {
            "id": 8,
            "text": "2 : 근데 왜 하필 담주여?",
            "norm_text": "근데 왜 하필 담주여?",
            "speaker": {
              "id": "2번",
              "sex": "여성",
              "age": "20대"
            },
            "speechAct": "(지시) 질문하기",
            "morpheme": "근데/MAJ+왜/MAG+하필/MAG+담주/NNP+여/JKV"
          },
          {
            "id": 9,
            "text": "3 : 내일은 바쁜겨?",
            "norm_text": "내일은 바쁜겨?",
            "speaker": {
              "id": "3번",
              "sex": "남성",
              "age": "20대"
            },
            "speechAct": "(지시) 질문하기",
            "morpheme": "내일/NNG+은/JX+바쁜/VA+ETM+겨/NNB+VCP+EF"
          },
          {
            "id": 10,
            "text": "3 : 내일 시간날 때 하지 하하",
            "norm_text": "내일 시간날 때 하지 하하",
            "speaker": {
              "id": "3번",
              "sex": "남성",
              "age": "20대"
            },
            "speechAct": "(단언) 주장하기",
            "morpheme": "내일/MAG+시간/NNG+날/NNG+때/NNG+하/XSV+지/EC+하하/MAG"
          },
          {
            "id": 11,
            "text": "1 : 예약 다 찼어 키키 1인 미용실이라 키키",
            "norm_text": "예약 다 찼어 키키 1인 미용실이라 키키",
            "speaker": {
              "id": "1번",
              "sex": "여성",
              "age": "20대"
            },
            "speechAct": "(단언) 진술하기",
            "morpheme": "예약/NNG+다/MAG+찼/VV+EP+어/EC+키/NNG+키/XSV+ETN+1/SN+인미용실이라키키/UNKNOWN"
          },
          {
            "id": 12,
            "text": "2 : 키키 아할 인기가 좋은 가바 인싸",
            "norm_text": "키키 아할 인기가 좋은 가바 인싸",
            "speaker": {
              "id": "2번",
              "sex": "여성",
              "age": "20대"
            },
            "speechAct": "(단언) 주장하기",
            "morpheme": "키/NNG+키/VV+아/EC+할/VX+ETM+인기/NNG+가/JKS+좋/VA+은/ETM+가바/NNP+인/XSN+싸/VV+EC"
          },
          {
            "id": 13,
            "text": "3 : 아아 예약 키키 킹정이지 그럼...키키",
            "norm_text": "아아 예약 키키 킹정이지 그럼...키키",
            "speaker": {
              "id": "3번",
              "sex": "남성",
              "age": "20대"
            },
            "speechAct": "(단언) 주장하기",
            "morpheme": "아아예약키키킹정이지그럼/UNKNOWN+./SY+키/NNG+키/XSV+ETN"
          },
          {
            "id": 14,
            "text": "1 : 키키 임신하셔서 하루 할당량만 하셔",
            "norm_text": "키키 임신하셔서 하루 할당량만 하셔",
            "speaker": {
              "id": "1번",
              "sex": "여성",
              "age": "20대"
            },
            "speechAct": "(단언) 진술하기",
            "morpheme": "키/NNG+키/NNG+임신/NNG+하/XSV+셔서/EP+EC+하루/NNG+할/XSV+ETM+당량/NNG+만/JX+하/VV+셔/EP+EC"
          },
          {
            "id": 15,
            "text": "2 : 키키 아 ㅜㅜ ㅇㅈㅇㅈ~",
            "norm_text": "키키 아 ㅜㅜ ㅇㅈㅇㅈ~",
            "speaker": {
              "id": "2번",
              "sex": "여성",
              "age": "20대"
            },
            "speechAct": "(단언) 주장하기",
            "morpheme": "키키아ㅜㅜㅇㅈㅇㅈ/UNKNOWN+~/SY"
          },
          {
            "id": 16,
            "text": "2 : 나두 머리 하구싶다^^",
            "norm_text": "나두 머리 하구싶다^^",
            "speaker": {
              "id": "2번",
              "sex": "여성",
              "age": "20대"
            },
            "speechAct": "(단언) 주장하기",
            "morpheme": "나/NP+두/JX+머리/NNG+하/XSV+구/EC+싶/VX+다/EC+^/SY+^/SY"
          },
          {
            "id": 17,
            "text": "3 : 나두!",
            "norm_text": "나두!",
            "speaker": {
              "id": "3번",
              "sex": "남성",
              "age": "20대"
            },
            "speechAct": "(단언) 주장하기",
            "morpheme": "나/NP+두/JX"
          },
          {
            "id": 18,
            "text": "3 : 이번에 나도 뿌염 할까 하는데 바빠...ㅠ",
            "norm_text": "이번에 나도 뿌염 할까 하는데 바빠...ㅠ",
            "speaker": {
              "id": "3번",
              "sex": "남성",
              "age": "20대"
            },
            "speechAct": "(단언) 주장하기",
            "morpheme": "이번/NNG+에/JKB+나/NP+도/JX+뿌/VX+염/EF+할까/VV+EC+하/VV+는/ETM+데/NNB+바빠/VA+EF+./SY+ㅠ/UNKNOWN"
          },
          {
            "id": 19,
            "text": "1 : 뿌염하고 펌 뿌신다~ 기분전환",
            "norm_text": "뿌염하고 펌 뿌신다~ 기분전환",
            "speaker": {
              "id": "1번",
              "sex": "여성",
              "age": "20대"
            },
            "speechAct": "(단언) 주장하기",
            "morpheme": "뿌염하고펌뿌신다/UNKNOWN+~/SY+기분/NNG+전환/NNG"
          },
          {
            "id": 20,
            "text": "2 : 키키 헐 펌 부러워 버린것~",
            "norm_text": "키키 헐 펌 부러워 버린것~",
            "speaker": {
              "id": "2번",
              "sex": "여성",
              "age": "20대"
            },
            "speechAct": "(단언) 주장하기",
            "morpheme": "키/NNG+키/NNG+헐/XSV+ETM+펌/NNG+부러워/VA+EC+버린/VX+ETM+것/NNB+~/SY"
          },
          {
            "id": 21,
            "text": "2 : 난 기장이 안 돼",
            "norm_text": "난 기장이 안 돼",
            "speaker": {
              "id": "2번",
              "sex": "여성",
              "age": "20대"
            },
            "speechAct": "(단언) 주장하기",
            "morpheme": "난/NP+JX+기장/NNG+이/JKS+안/MAG+돼/VV+EC"
          },
          {
            "id": 22,
            "text": "3 : 키키 좀 기르고 도전해보자규 하하",
            "norm_text": "키키 좀 기르고 도전해보자규 하하",
            "speaker": {
              "id": "3번",
              "sex": "남성",
              "age": "20대"
            },
            "speechAct": "(지시) 충고/제안하기",
            "morpheme": "키/NNG+키/NNG+좀/MAG+기르/VV+고/EC+도/JX+전해/VV+EC+보/VX+자/EC+규/NNG+하/XSV+하/XSA"
          }
        ]
      }
    }
  ]
}