{
  "dataset": {
    "identifier": 112035,
    "name": "BAND_42_14_set",
    "src_path": "/data/file/cubeManager/PROJECT001/80/txt20211102154324034379/BAND_42_14_set/",
    "label_path": "/data/file/cubeManager/PROJECT001/80/txt20211102154324034379/BAND_42_14_set/",
    "category": 2,
    "type": 0
  },
  "licenses": {
    "name": "Apache License 1.0",
    "url": "http://www.apache.org/licenses/LICENSE-1.0"
  },
  "info": [
    {
      "id": 130318,
      "filename": "BAND_42_14.txt",
      "title": "BAND_42_14",
      "mediatype": "SNS",
      "medianame": "네이버밴드",
      "category": "일상대화",
      "date": "2021-11-02",
      "size": 643,
      "annotations": {
        "subject": "사회이슈",
        "speaker_type": "다자간 대화",
        "size": 643,
        "word_size": 214,
        "text": "1 : 고2 딸 한 달 식비 11만 원 어케 생각해?\n2 : 음 나쁘지 않다고 생각해,\n2 : 요즘 워낙 다 비싸서,?\n3 : 맞아\n3 : 요즘 너무 비싸서... 괜찮은 거 같은데\n1 : 그치\n1 : 나도 같은 생각인데 학부모가 글 올렸더라 키키\n2 : 키키 아 ㅜㅜ 너무 많이 쓴다고...?\n2 :떡볶이도 막 만오천 원인데 어떡햐,\n3 : 그니까...\n3 : 물가가 비싼걸 왜!\n1 : 저녁을 항상 밥 사 먹는데 11만 원은 너무 많이 쓰는 거 같다고 키키 이게 정상이냐고\n2 : 키키 아, 아껴 쓰는데,?\n2 : 항상 사 먹는데 11만 원이면 편의점 가고 그러는 듯,?\n3 : 나는 학부모가 못 되겠는데\n3 : 마음이 너무 다르시네... 키키\n1 : 그니깐 키키\n1 : 괜히 올렸다가 욕먹는 중이야\n2 : 키키 참나 ㅜㅜ 에이구 ㅜㅜ\n2 : 너무 짜네,\n2 : 집에서 밥을 주시든가용~!\n3 : 그러게 든든하게 먹여서... 덜 쓰게 하시든지 ㅠ\n1 : 댓글들이 더 웃겨 키키\n1 : 자식 밥 먹이는 돈이 아깝냐고\n2 : 키키 내 말이 ㅜㅜ\n2 : 밥을 주든가 돈을 더 주든가!\n3 : 자식한테는 돈 안 아낄 거 같은데 난...!\n1 : 그니깐\n1 : 공부하는 딸한테 저런 돈도 아깝다니\n2 : 밥값 아까우면 어휴 다른 돈도 얼마나 생색을 내겠어\n3 : 키키 마음이 아프네\n3 : 어떻게 해야 하납...",
        "lines": [
          {
            "id": 1,
            "text": "1 : 고2 딸 한 달 식비 11만 원 어케 생각해?",
            "norm_text": "고2 딸 한 달 식비 11만 원 어케 생각해?",
            "speaker": {
              "id": "1번",
              "sex": "여성",
              "age": "20대"
            },
            "speechAct": "(단언) 진술하기",
            "morpheme": "고/MM+2/SN+딸/NNG+한/XSA+ETM+달식/NNG+비/XPN+11/SN+만/NR+원/NNBC+어/IC+케/IC+생각/NNG+해/XSV+EF"
          },
          {
            "id": 2,
            "text": "2 : 음 나쁘지 않다고 생각해,",
            "norm_text": "음 나쁘지 않다고 생각해,",
            "speaker": {
              "id": "2번",
              "sex": "여성",
              "age": "20대"
            },
            "speechAct": "(단언) 주장하기",
            "morpheme": "음/IC+나쁘/VA+지/EC+않/VX+다고/EC+생각/NNG+해/XSV+EC+,/SC"
          },
          {
            "id": 3,
            "text": "2 : 요즘 워낙 다 비싸서,?",
            "norm_text": "요즘 워낙 다 비싸서,?",
            "speaker": {
              "id": "2번",
              "sex": "여성",
              "age": "20대"
            },
            "speechAct": "(단언) 진술하기",
            "morpheme": "요즘/MAG+워낙/MAG+다/MAG+비싸/VA+서/EC+,/SY"
          },
          {
            "id": 4,
            "text": "3 : 맞아",
            "norm_text": "맞아",
            "speaker": {
              "id": "3번",
              "sex": "남성",
              "age": "20대"
            },
            "speechAct": "(단언) 주장하기",
            "morpheme": "맞/VV+아/EC"
          },
          {
            "id": 5,
            "text": "3 : 요즘 너무 비싸서... 괜찮은 거 같은데",
            "norm_text": "요즘 너무 비싸서... 괜찮은 거 같은데",
            "speaker": {
              "id": "3번",
              "sex": "남성",
              "age": "20대"
            },
            "speechAct": "(단언) 주장하기",
            "morpheme": "요즘/MAG+너무/MAG+비싸/VA+서/EC+./SY+./SY+괜찮/VA+은/ETM+거/NNB+같/VA+은데/EC"
          },
          {
            "id": 6,
            "text": "1 : 그치",
            "norm_text": "그치",
            "speaker": {
              "id": "1번",
              "sex": "여성",
              "age": "20대"
            },
            "speechAct": "턴토크 사인(관습적 반응)",
            "morpheme": "그치/IC"
          },
          {
            "id": 7,
            "text": "1 : 나도 같은 생각인데 학부모가 글 올렸더라 키키",
            "norm_text": "나도 같은 생각인데 학부모가 글 올렸더라 키키",
            "speaker": {
              "id": "1번",
              "sex": "여성",
              "age": "20대"
            },
            "speechAct": "(단언) 진술하기",
            "morpheme": "나/NP+도/JX+같/VA+은/ETM+생각/NNG+인데/VCP+EC+학부모/NNG+가/JKS+글/NNG+올렸/VV+EP+더라/EF+키/NNG+키/XSV+ETN"
          },
          {
            "id": 8,
            "text": "2 : 키키 아 ㅜㅜ 너무 많이 쓴다고...?",
            "norm_text": "키키 아 ㅜㅜ 너무 많이 쓴다고...?",
            "speaker": {
              "id": "2번",
              "sex": "여성",
              "age": "20대"
            },
            "speechAct": "(단언) 진술하기",
            "morpheme": "키키아ㅜㅜ너무많이쓴다고/UNKNOWN+./SY+./SY"
          },
          {
            "id": 9,
            "text": "2 :떡볶이도 막 만오천 원인데 어떡햐,",
            "norm_text": "떡볶이도 막 만오천 원인데 어떡햐,",
            "speaker": {
              "id": "2번",
              "sex": "여성",
              "age": "20대"
            },
            "speechAct": "(단언) 진술하기",
            "morpheme": "떡볶이도막만오천원인데어떡햐/UNKNOWN+,/SC"
          },
          {
            "id": 10,
            "text": "3 : 그니까...",
            "norm_text": "그니까...",
            "speaker": {
              "id": "3번",
              "sex": "남성",
              "age": "20대"
            },
            "speechAct": "턴토크 사인(관습적 반응)",
            "morpheme": "그니까/MAJ+./SY"
          },
          {
            "id": 11,
            "text": "3 : 물가가 비싼걸 왜!",
            "norm_text": "물가가 비싼걸 왜!",
            "speaker": {
              "id": "3번",
              "sex": "남성",
              "age": "20대"
            },
            "speechAct": "(단언) 주장하기",
            "morpheme": "물가/NNG+가/JKS+비싼/VA+ETM+걸/NNB+JKO+왜/MAG"
          },
          {
            "id": 12,
            "text": "1 : 저녁을 항상 밥 사 먹는데 11만 원은 너무 많이 쓰는 거 같다고 키키 이게 정상이냐고",
            "norm_text": "저녁을 항상 밥 사 먹는데 11만 원은 너무 많이 쓰는 거 같다고 키키 이게 정상이냐고",
            "speaker": {
              "id": "1번",
              "sex": "여성",
              "age": "20대"
            },
            "speechAct": "(단언) 진술하기",
            "morpheme": "저녁/NNG+을/JKO+항상/MAG+밥/NNG+사먹/VV+는데/EC+11/SN+만/NR+원/NNBC+은/JX+너무/MAG+많이/MAG+쓰/VV+는/ETM+거/NNB+같/VA+다고/EC+키/NNG+키/XSV+ETN+이게/NP+JKS+정상/NNG+이/VCP+냐고/EC"
          },
          {
            "id": 13,
            "text": "2 : 키키 아, 아껴 쓰는데,?",
            "norm_text": "키키 아, 아껴 쓰는데,?",
            "speaker": {
              "id": "2번",
              "sex": "여성",
              "age": "20대"
            },
            "speechAct": "(단언) 진술하기",
            "morpheme": "키키/NNP+아/JKV+,/SC+아껴/VV+EC+쓰/VV+는데/EC+,/SY"
          },
          {
            "id": 14,
            "text": "2 : 항상 사 먹는데 11만 원이면 편의점 가고 그러는 듯,?",
            "norm_text": "항상 사 먹는데 11만 원이면 편의점 가고 그러는 듯,?",
            "speaker": {
              "id": "2번",
              "sex": "여성",
              "age": "20대"
            },
            "speechAct": "(단언) 진술하기",
            "morpheme": "항상/MAG+사먹/VV+는데/EC+11/SN+만/NR+원/NNBC+이/VCP+면/EC+편의점/NNG+가/VV+고/EC+그러/VV+는/ETM+듯/NNB+,/SY"
          },
          {
            "id": 15,
            "text": "3 : 나는 학부모가 못 되겠는데",
            "norm_text": "나는 학부모가 못 되겠는데",
            "speaker": {
              "id": "3번",
              "sex": "남성",
              "age": "20대"
            },
            "speechAct": "(단언) 주장하기",
            "morpheme": "나/NP+는/JX+학부모/NNG+가/JKS+못/MAG+되/VV+겠/EP+는데/EC"
          },
          {
            "id": 16,
            "text": "3 : 마음이 너무 다르시네... 키키",
            "norm_text": "마음이 너무 다르시네... 키키",
            "speaker": {
              "id": "3번",
              "sex": "남성",
              "age": "20대"
            },
            "speechAct": "(단언) 주장하기",
            "morpheme": "마음/NNG+이/JKS+너무/MAG+다르/VA+시/EP+네/EF+./SY+키/NNG+키/XSV+ETN"
          },
          {
            "id": 17,
            "text": "1 : 그니깐 키키",
            "norm_text": "그니깐 키키",
            "speaker": {
              "id": "1번",
              "sex": "여성",
              "age": "20대"
            },
            "speechAct": "턴토크 사인(관습적 반응)",
            "morpheme": "그니깐/MAJ+키/NNG+키/XSV+ETN"
          },
          {
            "id": 18,
            "text": "1 : 괜히 올렸다가 욕먹는 중이야",
            "norm_text": "괜히 올렸다가 욕먹는 중이야",
            "speaker": {
              "id": "1번",
              "sex": "여성",
              "age": "20대"
            },
            "speechAct": "(단언) 진술하기",
            "morpheme": "괜히/MAG+올렸/VV+EP+다가/EC+욕먹/VV+는/ETM+중/NNB+이/VCP+야/EC"
          },
          {
            "id": 19,
            "text": "2 : 키키 참나 ㅜㅜ 에이구 ㅜㅜ",
            "norm_text": "키키 참나 ㅜㅜ 에이구 ㅜㅜ",
            "speaker": {
              "id": "2번",
              "sex": "여성",
              "age": "20대"
            },
            "speechAct": "(단언) 진술하기",
            "morpheme": "키/NNG+키/XSV+ETN+참/VV+나/EC+ㅜㅜ/UNKNOWN+에이/VV+구/EC+ㅜㅜ/UNKNOWN"
          },
          {
            "id": 20,
            "text": "2 : 너무 짜네,",
            "norm_text": "너무 짜네,",
            "speaker": {
              "id": "2번",
              "sex": "여성",
              "age": "20대"
            },
            "speechAct": "(단언) 주장하기",
            "morpheme": "너무/MAG+짜/VV+네/EF+,/SC"
          },
          {
            "id": 21,
            "text": "2 : 집에서 밥을 주시든가용~!",
            "norm_text": "집에서 밥을 주시든가용~!",
            "speaker": {
              "id": "2번",
              "sex": "여성",
              "age": "20대"
            },
            "speechAct": "(단언) 진술하기",
            "morpheme": "집/NNG+에서/JKB+밥/NNG+을/JKO+주/VV+시/EP+든/EC+가용/NNG+~/SY"
          },
          {
            "id": 22,
            "text": "3 : 그러게 든든하게 먹여서... 덜 쓰게 하시든지 ㅠ",
            "norm_text": "그러게 든든하게 먹여서... 덜 쓰게 하시든지 ㅠ",
            "speaker": {
              "id": "3번",
              "sex": "남성",
              "age": "20대"
            },
            "speechAct": "(단언) 주장하기",
            "morpheme": "그러/VV+게/EC+든든/XR+하/XSA+게/EC+먹여서/VV+EC+./SY+./SY+덜/MAG+쓰/VV+게/EC+하/VX+시/EP+든지/EC+ㅠ/UNKNOWN"
          },
          {
            "id": 23,
            "text": "1 : 댓글들이 더 웃겨 키키",
            "norm_text": "댓글들이 더 웃겨 키키",
            "speaker": {
              "id": "1번",
              "sex": "여성",
              "age": "20대"
            },
            "speechAct": "(단언) 주장하기",
            "morpheme": "댓글/NNG+들/XSN+이/JKS+더/MAG+웃겨/VV+EC+키/NNG+키/XSV+ETN"
          },
          {
            "id": 24,
            "text": "1 : 자식 밥 먹이는 돈이 아깝냐고",
            "norm_text": "자식 밥 먹이는 돈이 아깝냐고",
            "speaker": {
              "id": "1번",
              "sex": "여성",
              "age": "20대"
            },
            "speechAct": "(단언) 진술하기",
            "morpheme": "자식/NNG+밥/NNG+먹이/VV+는/ETM+돈/NNG+이/JKS+아깝/VA+냐고/EC"
          },
          {
            "id": 25,
            "text": "2 : 키키 내 말이 ㅜㅜ",
            "norm_text": "키키 내 말이 ㅜㅜ",
            "speaker": {
              "id": "2번",
              "sex": "여성",
              "age": "20대"
            },
            "speechAct": "턴토크 사인(관습적 반응)",
            "morpheme": "키키내말이ㅜㅜ/UNKNOWN"
          },
          {
            "id": 26,
            "text": "2 : 밥을 주든가 돈을 더 주든가!",
            "norm_text": "밥을 주든가 돈을 더 주든가!",
            "speaker": {
              "id": "2번",
              "sex": "여성",
              "age": "20대"
            },
            "speechAct": "(단언) 주장하기",
            "morpheme": "밥/NNG+을/JKO+주/VV+든가/EC+돈/NNG+을/JKO+더/MAG+주/VV+든가/EF"
          },
          {
            "id": 27,
            "text": "3 : 자식한테는 돈 안 아낄 거 같은데 난...!",
            "norm_text": "자식한테는 돈 안 아낄 거 같은데 난...!",
            "speaker": {
              "id": "3번",
              "sex": "남성",
              "age": "20대"
            },
            "speechAct": "(단언) 주장하기",
            "morpheme": "자식/NNG+한테/JKB+는/JX+돈/NNG+안/MAG+아낄/VV+ETM+거/NNB+같/VA+은데/EC+난/NP+JX+./SY+./SY"
          },
          {
            "id": 28,
            "text": "1 : 그니깐",
            "norm_text": "그니깐",
            "speaker": {
              "id": "1번",
              "sex": "여성",
              "age": "20대"
            },
            "speechAct": "턴토크 사인(관습적 반응)",
            "morpheme": "그니깐/MAJ"
          },
          {
            "id": 29,
            "text": "1 : 공부하는 딸한테 저런 돈도 아깝다니",
            "norm_text": "공부하는 딸한테 저런 돈도 아깝다니",
            "speaker": {
              "id": "1번",
              "sex": "여성",
              "age": "20대"
            },
            "speechAct": "(단언) 진술하기",
            "morpheme": "공부/NNG+하/XSV+는/ETM+딸/NNG+한테/JKB+저런/MM+돈/NNG+도/JX+아깝/VA+다니/EC"
          },
          {
            "id": 30,
            "text": "2 : 밥값 아까우면 어휴 다른 돈도 얼마나 생색을 내겠어",
            "norm_text": "밥값 아까우면 어휴 다른 돈도 얼마나 생색을 내겠어",
            "speaker": {
              "id": "2번",
              "sex": "여성",
              "age": "20대"
            },
            "speechAct": "(단언) 주장하기",
            "morpheme": "밥값/NNG+아까우/VA+면/EC+어휴/IC+다른/MM+돈/NNG+도/JX+얼마나/MAG+생색/NNG+을/JKO+내/VV+겠/EP+어/EC"
          },
          {
            "id": 31,
            "text": "3 : 키키 마음이 아프네",
            "norm_text": "키키 마음이 아프네",
            "speaker": {
              "id": "3번",
              "sex": "남성",
              "age": "20대"
            },
            "speechAct": "(단언) 주장하기",
            "morpheme": "키/NNG+키/NNG+마음/NNG+이/JKS+아프/VA+네/EC"
          },
          {
            "id": 32,
            "text": "3 : 어떻게 해야 하납...",
            "norm_text": "어떻게 해야 하납...",
            "speaker": {
              "id": "3번",
              "sex": "남성",
              "age": "20대"
            },
            "speechAct": "(단언) 주장하기",
            "morpheme": "어떻게/MAG+해야/VV+EC+하납/NNG+./SY+./SY"
          }
        ]
      }
    }
  ]
}