{
  "dataset": {
    "identifier": 114205,
    "name": "BAND_41_06_set",
    "src_path": "/data/file/cubeManager/PROJECT001/80/txt20211102154324013623/BAND_41_06_set/",
    "label_path": "/data/file/cubeManager/PROJECT001/80/txt20211102154324013623/BAND_41_06_set/",
    "category": 2,
    "type": 0
  },
  "licenses": {
    "name": "Apache License 1.0",
    "url": "http://www.apache.org/licenses/LICENSE-1.0"
  },
  "info": [
    {
      "id": 130290,
      "filename": "BAND_41_06.txt",
      "title": "BAND_41_06",
      "mediatype": "SNS",
      "medianame": "네이버밴드",
      "category": "일상대화",
      "date": "2021-11-02",
      "size": 490,
      "annotations": {
        "subject": "교육",
        "speaker_type": "다자간 대화",
        "size": 490,
        "word_size": 167,
        "text": "1 : 학창 시절 언제가 제일 좋았어?\n2 : 나는 고등학교 3학년 때가 젤 좋았지! 키키\n3 : 나는 중학교 3학년 때가 제일 좋았어!\n1 : 키키 다들 그때가 좋았던 이유는 뭐야?\n2 : 고등학교 1, 2학년 때는 선배들한테 하도 맞아서 3학년 올라가자마자 젤 좋았지 키키\n3 : 그때 반 친구들이 제일 재밌었었어\n1 : 키키 난 고딩 때 제일 재밌었어\n2 : 보통 고등학교 때 젤 재밌지 않나 키키\n3 : 나는 이상하게 중3 때가 제일 재밌었어\n1 : 고딩 때 애들이 더 잘 맞았던 거 같아\n2 : 맞어\n2 : 고등학교 친구가 평생 친구라고 하잖아\n3 : 나만 중학교 때가 더 잘 맞았구나\n1 : 키키 대학 때 애들보다 고딩 때 애들을 더 잘 만나는 거 같아\n2 : 맞어\n2 : 나는 대학교 때 아싸여서 ㅠㅠ\n3 : 맞아\n3 : 나도 대학교는 진짜 안 맞더라\n1 : 키키 대학 친구는 겉친구라잖아\n1 : 맞는 거 같아\n2 : 대학교 때 선배들이랑 싸운 뒤로 아싸 됨… ㅠㅠ\n3 : 헉 선배들이랑 싸웠어? 왜?",
        "lines": [
          {
            "id": 1,
            "text": "1 : 학창 시절 언제가 제일 좋았어?",
            "norm_text": "학창 시절 언제가 제일 좋았어?",
            "speaker": {
              "id": "1번",
              "sex": "여성",
              "age": "20대"
            },
            "speechAct": "(지시) 질문하기",
            "morpheme": "학창/NNG+시절/NNG+언제/NP+가/JKS+제일/MAG+좋/VA+았/EP+어/EF"
          },
          {
            "id": 2,
            "text": "2 : 나는 고등학교 3학년 때가 젤 좋았지! 키키",
            "norm_text": "나는 고등학교 3학년 때가 젤 좋았지! 키키",
            "speaker": {
              "id": "2번",
              "sex": "남성",
              "age": "20대"
            },
            "speechAct": "(단언) 진술하기",
            "morpheme": "나/NP+는/JX+고등/NNG+학교/NNG+3/SN+학년/NNG+때/NNG+가/JKS+젤/MAG+좋/VA+았/EP+지/EF+키/NNG+키/XSV+ETN"
          },
          {
            "id": 3,
            "text": "3 : 나는 중학교 3학년 때가 제일 좋았어!",
            "norm_text": "나는 중학교 3학년 때가 제일 좋았어!",
            "speaker": {
              "id": "3번",
              "sex": "남성",
              "age": "20대"
            },
            "speechAct": "(단언) 진술하기",
            "morpheme": "나/NP+는/JX+중학교/NNG+3/SN+학년/NNG+때/NNG+가/JKS+제일/MAG+좋/VA+았/EP+어/EF"
          },
          {
            "id": 4,
            "text": "1 : 키키 다들 그때가 좋았던 이유는 뭐야?",
            "norm_text": "키키 다들 그때가 좋았던 이유는 뭐야?",
            "speaker": {
              "id": "1번",
              "sex": "여성",
              "age": "20대"
            },
            "speechAct": "(지시) 질문하기",
            "morpheme": "키/NNG+키/VV+다/EC+들/XSN+그때/NNG+가/JKS+좋/VA+았/EP+던/ETM+이유/NNG+는/JX+뭐/NP+야/VCP+EF"
          },
          {
            "id": 5,
            "text": "2 : 고등학교 1, 2학년 때는 선배들한테 하도 맞아서 3학년 올라가자마자 젤 좋았지 키키",
            "norm_text": "고등학교 1, 2학년 때는 선배들한테 하도 맞아서 3학년 올라가자마자 젤 좋았지 키키",
            "speaker": {
              "id": "2번",
              "sex": "남성",
              "age": "20대"
            },
            "speechAct": "(단언) 진술하기",
            "morpheme": "고등/NNG+학교/NNG+1/SN+,/SC+2/SN+학년/NNG+때/NNG+는/JX+선배/NNG+들/XSN+한테/JKB+하도/MAG+맞/VV+아서/EC+3/SN+학년/NNG+올라가/VV+자마자/EC+젤/MAG+좋/VA+았/EP+지/EC+키/NNG+키/XSV+ETN"
          },
          {
            "id": 6,
            "text": "3 : 그때 반 친구들이 제일 재밌었었어",
            "norm_text": "그때 반 친구들이 제일 재밌었었어",
            "speaker": {
              "id": "3번",
              "sex": "남성",
              "age": "20대"
            },
            "speechAct": "(단언) 진술하기",
            "morpheme": "그때/NNG+반/NNG+친구/NNG+들/XSN+이/JKS+제일/MAG+재밌/VA+었었/EP+어/EC"
          },
          {
            "id": 7,
            "text": "1 : 키키 난 고딩 때 제일 재밌었어",
            "norm_text": "키키 난 고딩 때 제일 재밌었어",
            "speaker": {
              "id": "1번",
              "sex": "여성",
              "age": "20대"
            },
            "speechAct": "(단언) 진술하기",
            "morpheme": "키/NNG+키난/NNP+고딩/NNP+때/NNG+제일/MAG+재밌/VA+었/EP+어/EC"
          },
          {
            "id": 8,
            "text": "2 : 보통 고등학교 때 젤 재밌지 않나 키키",
            "norm_text": "보통 고등학교 때 젤 재밌지 않나 키키",
            "speaker": {
              "id": "2번",
              "sex": "남성",
              "age": "20대"
            },
            "speechAct": "(단언) 주장하기",
            "morpheme": "보통/NNG+고등/NNG+학교/NNG+때/NNG+젤/MAG+재밌/VA+지/EC+않/VX+나/EC+키/NNG+키/XSV+ETN"
          },
          {
            "id": 9,
            "text": "3 : 나는 이상하게 중3 때가 제일 재밌었어",
            "norm_text": "나는 이상하게 중3 때가 제일 재밌었어",
            "speaker": {
              "id": "3번",
              "sex": "남성",
              "age": "20대"
            },
            "speechAct": "(단언) 진술하기",
            "morpheme": "나/NP+는/JX+이상/NNG+하/XSV+게/EC+중/NNB+3/SN+때/NNG+가/JKS+제일/MAG+재밌/VA+었/EP+어/EC"
          },
          {
            "id": 10,
            "text": "1 : 고딩 때 애들이 더 잘 맞았던 거 같아",
            "norm_text": "고딩 때 애들이 더 잘 맞았던 거 같아",
            "speaker": {
              "id": "1번",
              "sex": "여성",
              "age": "20대"
            },
            "speechAct": "(단언) 진술하기",
            "morpheme": "고딩/NNP+때/NNG+애/NNG+들/XSN+이/JKS+더/MAG+잘/MAG+맞/VV+았/EP+던/ETM+거/NNB+같/VA+아/EC"
          },
          {
            "id": 11,
            "text": "2 : 맞어",
            "norm_text": "맞어",
            "speaker": {
              "id": "2번",
              "sex": "남성",
              "age": "20대"
            },
            "speechAct": "(단언) 주장하기",
            "morpheme": "맞/VV+어/EC"
          },
          {
            "id": 12,
            "text": "2 : 고등학교 친구가 평생 친구라고 하잖아",
            "norm_text": "고등학교 친구가 평생 친구라고 하잖아",
            "speaker": {
              "id": "2번",
              "sex": "남성",
              "age": "20대"
            },
            "speechAct": "(단언) 진술하기",
            "morpheme": "고등/NNG+학교/NNG+친구/NNG+가/JKS+평생/NNG+친구/NNG+라고/VCP+EC+하/VV+잖아/EC"
          },
          {
            "id": 13,
            "text": "3 : 나만 중학교 때가 더 잘 맞았구나",
            "norm_text": "나만 중학교 때가 더 잘 맞았구나",
            "speaker": {
              "id": "3번",
              "sex": "남성",
              "age": "20대"
            },
            "speechAct": "(단언) 진술하기",
            "morpheme": "나/NP+만/JX+중학교/NNG+때/NNG+가/JKS+더/MAG+잘/MAG+맞/VV+았/EP+구나/EC"
          },
          {
            "id": 14,
            "text": "1 : 키키 대학 때 애들보다 고딩 때 애들을 더 잘 만나는 거 같아",
            "norm_text": "키키 대학 때 애들보다 고딩 때 애들을 더 잘 만나는 거 같아",
            "speaker": {
              "id": "1번",
              "sex": "여성",
              "age": "20대"
            },
            "speechAct": "(단언) 진술하기",
            "morpheme": "키/NNG+키/NNG+대학/NNG+때/NNG+애/NNG+들/XSN+보다/JKB+고딩/NNP+때/NNG+애/NNG+들/XSN+을/JKO+더/MAG+잘/MAG+만나/VV+는/ETM+거/NNB+같/VA+아/EC"
          },
          {
            "id": 15,
            "text": "2 : 맞어",
            "norm_text": "맞어",
            "speaker": {
              "id": "2번",
              "sex": "남성",
              "age": "20대"
            },
            "speechAct": "(단언) 주장하기",
            "morpheme": "맞/VV+어/EC"
          },
          {
            "id": 16,
            "text": "2 : 나는 대학교 때 아싸여서 ㅠㅠ",
            "norm_text": "나는 대학교 때 아싸여서 ㅠㅠ",
            "speaker": {
              "id": "2번",
              "sex": "남성",
              "age": "20대"
            },
            "speechAct": "(단언) 진술하기",
            "morpheme": "나/NP+는/JX+대학교/NNG+때/VV+아/EC+싸여서/VV+EC+ㅠㅠ/UNKNOWN"
          },
          {
            "id": 17,
            "text": "3 : 맞아",
            "norm_text": "맞아",
            "speaker": {
              "id": "3번",
              "sex": "남성",
              "age": "20대"
            },
            "speechAct": "(단언) 주장하기",
            "morpheme": "맞/VV+아/EC"
          },
          {
            "id": 18,
            "text": "3 : 나도 대학교는 진짜 안 맞더라",
            "norm_text": "나도 대학교는 진짜 안 맞더라",
            "speaker": {
              "id": "3번",
              "sex": "남성",
              "age": "20대"
            },
            "speechAct": "(단언) 진술하기",
            "morpheme": "나/NP+도/JX+대학교/NNG+는/JX+진짜/MAG+안/MAG+맞/VV+더라/EC"
          },
          {
            "id": 19,
            "text": "1 : 키키 대학 친구는 겉친구라잖아",
            "norm_text": "키키 대학 친구는 겉친구라잖아",
            "speaker": {
              "id": "1번",
              "sex": "여성",
              "age": "20대"
            },
            "speechAct": "(단언) 진술하기",
            "morpheme": "키/NNG+키/NNG+대학/NNG+친구/NNG+는/JX+겉/NNG+친구/NNG+라/VCP+EC+잖아/VCP+EC+VX+EC"
          },
          {
            "id": 20,
            "text": "1 : 맞는 거 같아",
            "norm_text": "맞는 거 같아",
            "speaker": {
              "id": "1번",
              "sex": "여성",
              "age": "20대"
            },
            "speechAct": "(단언) 주장하기",
            "morpheme": "맞/VV+는/ETM+거/NNB+같/VA+아/EC"
          },
          {
            "id": 21,
            "text": "2 : 대학교 때 선배들이랑 싸운 뒤로 아싸 됨… ㅠㅠ",
            "norm_text": "대학교 때 선배들이랑 싸운 뒤로 아싸 됨… ㅠㅠ",
            "speaker": {
              "id": "2번",
              "sex": "남성",
              "age": "20대"
            },
            "speechAct": "(단언) 진술하기",
            "morpheme": "대학교때선배들이랑싸운뒤로아싸됨/UNKNOWN+…/SE+ㅠㅠ/UNKNOWN"
          },
          {
            "id": 22,
            "text": "3 : 헉 선배들이랑 싸웠어? 왜?",
            "norm_text": "헉 선배들이랑 싸웠어? 왜?",
            "speaker": {
              "id": "3번",
              "sex": "남성",
              "age": "20대"
            },
            "speechAct": "(지시) 질문하기",
            "morpheme": "헉/IC+선배/NNG+들/XSN+이랑/JKB+싸웠/VV+EP+어/EF+왜/MAG"
          }
        ]
      }
    }
  ]
}