{
  "dataset": {
    "identifier": 20938,
    "name": "BAND_26_06_set",
    "src_path": "/data/file/cubeManager/PROJECT001/49/txt202109161406440393109/BAND_26_06_set/",
    "label_path": "/data/file/cubeManager/PROJECT001/49/txt202109161406440393109/BAND_26_06_set/",
    "category": 2,
    "type": 0
  },
  "licenses": {
    "name": "Apache License 1.0",
    "url": "http://www.apache.org/licenses/LICENSE-1.0"
  },
  "info": [
    {
      "id": 27916,
      "filename": "BAND_26_06.txt",
      "title": "BAND_26_06",
      "mediatype": "SNS",
      "medianame": "네이버밴드",
      "category": "일상대화",
      "date": "2021-09-16",
      "size": 390,
      "annotations": {
        "subject": "교육",
        "speaker_type": "1:1",
        "size": 390,
        "word_size": 136,
        "text": "1 : 너 재택근무 할 때 교육 같은 거 안 들어?\n2 : 근무할 때 교육 먼저 들었었지\n1 : 아 그렇구나 교육은 안 어려웠어?\n2 : 어 예전에 하던 게 있어서 그나마 낫더라\n1 : 그 와중에 다행이다\n1 : 어때 일은 할만 해?\n2 : 응 다행이야 일이 쎄빠진다 키키\n1 : 키키 다들 어렵게 돈 버는구먼 ㅜㅜ\n2 : 그니까 쉽게 돈 벌 수는 없어 ㅜㅜ\n1 : 맞아 너 이번에 시험 접수도 했다고?\n2 : 키키 그게 말야 너의 말대로 환불 요청을 했단다\n1 : 오 지금 환불 요청 가능해?\n2 : 오십 프로야 그거라도 받아야지 ㅜㅜ\n1 : 헐 50%면 얼마 환급 받는 거야?\n2 : 만 이천 원 ㅜㅜ 아깝다 내 돈 ㅡㅡ\n1 : 12000원이면 반 마리 치킨 쌉가능이지!\n2 : 그치 완전 가능각\n2 : 하지만 그래도 아깝다",
        "lines": [
          {
            "id": 1,
            "text": "1 : 너 재택근무 할 때 교육 같은 거 안 들어?",
            "norm_text": "너 재택근무 할 때 교육 같은 거 안 들어?",
            "speaker": {
              "id": "1번",
              "sex": "여성",
              "age": "20대"
            },
            "speechAct": "(지시) 질문하기",
            "morpheme": "너/NP+재택근무/NNG+할/XSV+ETM+때/NNG+교육/NNG+같/VA+은/ETM+거/NNB+안/MAG+들/VV+어/EF"
          },
          {
            "id": 2,
            "text": "2 : 근무할 때 교육 먼저 들었었지",
            "norm_text": "근무할 때 교육 먼저 들었었지",
            "speaker": {
              "id": "2번",
              "sex": "여성",
              "age": "20대"
            },
            "speechAct": "(단언) 진술하기",
            "morpheme": "근무/NNG+할/XSV+ETM+때/NNG+교육/NNG+먼저/MAG+들/VV+었었/EP+지/EC"
          },
          {
            "id": 3,
            "text": "1 : 아 그렇구나 교육은 안 어려웠어?",
            "norm_text": "아 그렇구나 교육은 안 어려웠어?",
            "speaker": {
              "id": "1번",
              "sex": "여성",
              "age": "20대"
            },
            "speechAct": "(지시) 질문하기",
            "morpheme": "아/IC+그렇/VA+구나/EF+교육/NNG+은/JX+안/MAG+어려웠/VA+EP+어/EF"
          },
          {
            "id": 4,
            "text": "2 : 어 예전에 하던 게 있어서 그나마 낫더라",
            "norm_text": "어 예전에 하던 게 있어서 그나마 낫더라",
            "speaker": {
              "id": "2번",
              "sex": "여성",
              "age": "20대"
            },
            "speechAct": "(단언) 주장하기",
            "morpheme": "어/IC+예전/NNG+에/JKB+하/VV+던/ETM+게/NNB+JKS+있/VA+어서/EC+그나마/MAG+낫/VA+더라/EC"
          },
          {
            "id": 5,
            "text": "1 : 그 와중에 다행이다",
            "norm_text": "그 와중에 다행이다",
            "speaker": {
              "id": "1번",
              "sex": "여성",
              "age": "20대"
            },
            "speechAct": "(단언) 주장하기",
            "morpheme": "그/MM+와중/NNG+에/JKB+다행/NNG+이/VCP+다/EC"
          },
          {
            "id": 6,
            "text": "1 : 어때 일은 할만 해?",
            "norm_text": "어때 일은 할만 해?",
            "speaker": {
              "id": "1번",
              "sex": "여성",
              "age": "20대"
            },
            "speechAct": "(지시) 질문하기",
            "morpheme": "어때/VA+EC+일/NNG+은/JX+할/VV+ETM+만/NNB+해/XSA+EF"
          },
          {
            "id": 7,
            "text": "2 : 응 다행이야 일이 쎄빠진다 키키",
            "norm_text": "응 다행이야 일이 쎄빠진다 키키",
            "speaker": {
              "id": "2번",
              "sex": "여성",
              "age": "20대"
            },
            "speechAct": "(단언) 주장하기",
            "morpheme": "응/IC+다행/NNG+이/VCP+야/EC+일/NNG+이/JKS+쎄/VA+EC+빠진/VX+ETM+다키키/NNP"
          },
          {
            "id": 8,
            "text": "1 : 키키 다들 어렵게 돈 버는구먼 ㅜㅜ",
            "norm_text": "키키 다들 어렵게 돈 버는구먼 ㅜㅜ",
            "speaker": {
              "id": "1번",
              "sex": "여성",
              "age": "20대"
            },
            "speechAct": "(단언) 주장하기",
            "morpheme": "키/NNG+키/VV+다/EC+들/XSN+어렵/VA+게/EC+돈/NNG+버/VV+는구먼/EC+ㅜㅜ/UNKNOWN"
          },
          {
            "id": 9,
            "text": "2 : 그니까 쉽게 돈 벌 수는 없어 ㅜㅜ",
            "norm_text": "그니까 쉽게 돈 벌 수는 없어 ㅜㅜ",
            "speaker": {
              "id": "2번",
              "sex": "여성",
              "age": "20대"
            },
            "speechAct": "(단언) 주장하기",
            "morpheme": "그니까/MAJ+쉽/VA+게/EC+돈/NNG+벌수/NNG+는/JX+없/VA+어/EC+ㅜㅜ/UNKNOWN"
          },
          {
            "id": 10,
            "text": "1 : 맞아 너 이번에 시험 접수도 했다고?",
            "norm_text": "맞아 너 이번에 시험 접수도 했다고?",
            "speaker": {
              "id": "1번",
              "sex": "여성",
              "age": "20대"
            },
            "speechAct": "(지시) 질문하기",
            "morpheme": "맞/VV+아/EC+너/NP+이번/NNG+에/JKB+시험/NNG+접수/NNG+도/JX+했/VV+EP+다고/EF"
          },
          {
            "id": 11,
            "text": "2 : 키키 그게 말야 너의 말대로 환불 요청을 했단다",
            "norm_text": "키키 그게 말야 너의 말대로 환불 요청을 했단다",
            "speaker": {
              "id": "2번",
              "sex": "여성",
              "age": "20대"
            },
            "speechAct": "(단언) 진술하기",
            "morpheme": "키/NNG+키/XSV+ETN+그게/NP+JKS+말/NNG+야/VCP+EF+너/NP+의/JKG+말/NNG+대로/JX+환불/NNG+요청/NNG+을/JKO+했/VV+EP+단다/EC"
          },
          {
            "id": 12,
            "text": "1 : 오 지금 환불 요청 가능해?",
            "norm_text": "오 지금 환불 요청 가능해?",
            "speaker": {
              "id": "1번",
              "sex": "여성",
              "age": "20대"
            },
            "speechAct": "(지시) 질문하기",
            "morpheme": "오/IC+지금/MAG+환불/NNG+요청/NNG+가능/NNG+해/XSV+EF"
          },
          {
            "id": 13,
            "text": "2 : 오십 프로야 그거라도 받아야지 ㅜㅜ",
            "norm_text": "오십 프로야 그거라도 받아야지 ㅜㅜ",
            "speaker": {
              "id": "2번",
              "sex": "여성",
              "age": "20대"
            },
            "speechAct": "(단언) 주장하기",
            "morpheme": "오/NR+십/NR+프로/NNBC+야/VCP+EF+그거/NP+라도/VCP+EC+받/VV+아야지/EF+ㅜㅜ/UNKNOWN"
          },
          {
            "id": 14,
            "text": "1 : 헐 50%면 얼마 환급 받는 거야?",
            "norm_text": "헐 50%면 얼마 환급 받는 거야?",
            "speaker": {
              "id": "1번",
              "sex": "여성",
              "age": "20대"
            },
            "speechAct": "(지시) 질문하기",
            "morpheme": "헐/VV+ETM+50/SN+%/SY+면/EC+얼마/NNG+환급/NNG+받/VV+는/ETM+거/NNB+야/VCP+EF"
          },
          {
            "id": 15,
            "text": "2 : 만 이천 원 ㅜㅜ 아깝다 내 돈 ㅡㅡ",
            "norm_text": "만 이천 원 ㅜㅜ 아깝다 내 돈 ㅡㅡ",
            "speaker": {
              "id": "2번",
              "sex": "여성",
              "age": "20대"
            },
            "speechAct": "(단언) 주장하기",
            "morpheme": "만이천/NR+원/NNBC+ㅜㅜ/UNKNOWN+아깝/VA+다/EF+내/NP+JKG+돈/NNG+ㅡㅡ/UNKNOWN"
          },
          {
            "id": 16,
            "text": "1 : 12000원이면 반 마리 치킨 쌉가능이지!",
            "norm_text": "12000원이면 반 마리 치킨 쌉가능이지!",
            "speaker": {
              "id": "1번",
              "sex": "여성",
              "age": "20대"
            },
            "speechAct": "(단언) 주장하기",
            "morpheme": "12000/SN+원/NNBC+이/VCP+면/EC+반마/NNG+리치/NNG+킨/XSV+ETN+JX+쌉/UNKNOWN+가능/NNG+이/VCP+지/EF"
          },
          {
            "id": 17,
            "text": "2 : 그치 완전 가능각",
            "norm_text": "그치 완전 가능각",
            "speaker": {
              "id": "2번",
              "sex": "여성",
              "age": "20대"
            },
            "speechAct": "(단언) 주장하기",
            "morpheme": "그치/IC+완전/MAG+가능/NNG+각/MM"
          },
          {
            "id": 18,
            "text": "2 : 하지만 그래도 아깝다",
            "norm_text": "하지만 그래도 아깝다",
            "speaker": {
              "id": "2번",
              "sex": "여성",
              "age": "20대"
            },
            "speechAct": "(단언) 주장하기",
            "morpheme": "하지만/MAJ+그래도/MAJ+아깝/VA+다/EC"
          }
        ]
      }
    }
  ]
}