{
  "dataset": {
    "identifier": 100904,
    "name": "BAND_38_18_set",
    "src_path": "/data/file/cubeManager/PROJECT001/77/txt20211027150101076644/BAND_38_18_set/",
    "label_path": "/data/file/cubeManager/PROJECT001/77/txt20211027150101076644/BAND_38_18_set/",
    "category": 2,
    "type": 0
  },
  "licenses": {
    "name": "Apache License 1.0",
    "url": "http://www.apache.org/licenses/LICENSE-1.0"
  },
  "info": [
    {
      "id": 96678,
      "filename": "BAND_38_18.txt",
      "title": "BAND_38_18",
      "mediatype": "SNS",
      "medianame": "네이버밴드",
      "category": "일상대화",
      "date": "2021-10-27",
      "size": 514,
      "annotations": {
        "subject": "상거래 전반",
        "speaker_type": "다자간 대화",
        "size": 514,
        "word_size": 158,
        "text": "1 : 이번주에 인터넷으로 뭐 시킨 사람~?\n2 : 하이이이잇! 와타시 쿠팡에서 생활비루 달려쿠 사따능!\n3 : 키키 난 항공점퍼 하나 샀지!\n1 : 키키 배송은 빨리 왔어? 요즘 느려 ㅠㅜ\n2 : 난 쿠팡이라서 하루만에 왔지롱 쿠팡맨 감사합니다\n3 : 난 오늘 도착했는데 2일정도 걸린듯?\n1 : 다들 빠르네 키키\n1 : 나 이주 걸림\n2 : 키키 ㅋ ㅋ ㅋ 키키 홀리~^^ 원자재부터 직접 만들어오냐능,?\n3 : 진짜 키키\n3 : 내가 만들어서 갖다줘...!?\n1 : 진짜 화났다니까 키키 연락해도 소용없고 키키\n2 : 키키 진심 아 선생님 제 빼앗긴 2주를 어떻게 할곤데요 ㅡㅡ\n3 : 나는 왜이리 빨리 오징! 좋은데!? 키키\n1 : 부럽다 키키\n1 : 난 진짜 해외배송인줄 알았잖아\n2 : 키키 솔직히 해외도 10일이면 올 듯,?\n3 : 2주면 진짜 느리네... 걸어왔나봐\n1 : 키키 진짜 키키 힘든 이주였어 키키\n2 : 키키 키키 글게 걸어온거면 ㄱㄴ ㅇㅈ^^ 속만 태우네 참나\n3 : 다음에는 뭐 사지!\n3 : 요즘 자꾸 현질러 해버린달까...",
        "lines": [
          {
            "id": 1,
            "text": "1 : 이번주에 인터넷으로 뭐 시킨 사람~?",
            "norm_text": "이번주에 인터넷으로 뭐 시킨 사람~?",
            "speaker": {
              "id": "1번",
              "sex": "여성",
              "age": "20대"
            },
            "speechAct": "(지시) 질문하기",
            "morpheme": "이번/NNG+주/NNG+에/JKB+인터넷/NNG+으로/JKB+뭐/IC+시킨/VV+ETM+사람/NNG+~/SY"
          },
          {
            "id": 2,
            "text": "2 : 하이이이잇! 와타시 쿠팡에서 생활비루 달려쿠 사따능!",
            "norm_text": "하이이이잇! 와타시 쿠팡에서 생활비루 달려쿠 사따능!",
            "speaker": {
              "id": "2번",
              "sex": "여성",
              "age": "20대"
            },
            "speechAct": "(단언) 진술하기",
            "morpheme": "하이/IC+이이/NNP+잇/NNG+!/SY+와타시쿠팡에서생활비루달려쿠사따능/UNKNOWN"
          },
          {
            "id": 3,
            "text": "3 : 키키 난 항공점퍼 하나 샀지!",
            "norm_text": "키키 난 항공점퍼 하나 샀지!",
            "speaker": {
              "id": "3번",
              "sex": "남성",
              "age": "20대"
            },
            "speechAct": "(단언) 진술하기",
            "morpheme": "키/NNG+키/XSV+ETN+난/VV+ETM+항공/NNG+점퍼/NNG+하나/NR+샀/VV+EP+지/EF"
          },
          {
            "id": 4,
            "text": "1 : 키키 배송은 빨리 왔어? 요즘 느려 ㅠㅜ",
            "norm_text": "키키 배송은 빨리 왔어? 요즘 느려 ㅠㅜ",
            "speaker": {
              "id": "1번",
              "sex": "여성",
              "age": "20대"
            },
            "speechAct": "(단언) 주장하기",
            "morpheme": "키/NNG+키/NNG+배송/NNG+은/JX+빨리/MAG+왔/VV+EP+어/EF+요즘느려ㅠㅜ/UNKNOWN"
          },
          {
            "id": 5,
            "text": "2 : 난 쿠팡이라서 하루만에 왔지롱 쿠팡맨 감사합니다",
            "norm_text": "난 쿠팡이라서 하루만에 왔지롱 쿠팡맨 감사합니다",
            "speaker": {
              "id": "2번",
              "sex": "여성",
              "age": "20대"
            },
            "speechAct": "(단언) 진술하기",
            "morpheme": "난/NP+JX+쿠팡/NNP+이/VCP+라서/EC+하루/NNG+만/NNB+에/JKB+왔/VV+EP+지롱/EF+쿠/MAG+팡/MAG+맨/MM+감사/NNG+합니다/XSV+EC"
          },
          {
            "id": 6,
            "text": "3 : 난 오늘 도착했는데 2일정도 걸린듯?",
            "norm_text": "난 오늘 도착했는데 2일정도 걸린듯?",
            "speaker": {
              "id": "3번",
              "sex": "남성",
              "age": "20대"
            },
            "speechAct": "(지시) 질문하기",
            "morpheme": "난/NP+JX+오늘/MAG+도착/NNG+했/XSV+EP+는데/EC+2/SN+일/NNBC+정도/NNG+걸린/VV+ETM+듯/NNB"
          },
          {
            "id": 7,
            "text": "1 : 다들 빠르네 키키",
            "norm_text": "다들 빠르네 키키",
            "speaker": {
              "id": "1번",
              "sex": "여성",
              "age": "20대"
            },
            "speechAct": "(단언) 주장하기",
            "morpheme": "다들빠르네키키/UNKNOWN"
          },
          {
            "id": 8,
            "text": "1 : 나 이주 걸림",
            "norm_text": "나 이주 걸림",
            "speaker": {
              "id": "1번",
              "sex": "여성",
              "age": "20대"
            },
            "speechAct": "(단언) 진술하기",
            "morpheme": "나/NP+이/NR+주/NNBC+걸림/VV+ETN"
          },
          {
            "id": 9,
            "text": "2 : 키키 ㅋ ㅋ ㅋ 키키 홀리~^^ 원자재부터 직접 만들어오냐능,?",
            "norm_text": "키키 ㅋ ㅋ ㅋ 키키 홀리~^^ 원자재부터 직접 만들어오냐능,?",
            "speaker": {
              "id": "2번",
              "sex": "여성",
              "age": "20대"
            },
            "speechAct": "(지시) 질문하기",
            "morpheme": "키키ㅋㅋㅋ키키홀리/UNKNOWN+~/SY+^/SY+^/SY+원자재/NNG+부터/JX+직접/MAG+만들/VV+어/EC+오/VV+냐/EC+능/NNG+,/SY"
          },
          {
            "id": 10,
            "text": "3 : 진짜 키키",
            "norm_text": "진짜 키키",
            "speaker": {
              "id": "3번",
              "sex": "남성",
              "age": "20대"
            },
            "speechAct": "(단언) 주장하기",
            "morpheme": "진짜/MAG+키/NNG+키/XSV+ETN"
          },
          {
            "id": 11,
            "text": "3 : 내가 만들어서 갖다줘...!?",
            "norm_text": "내가 만들어서 갖다줘...!?",
            "speaker": {
              "id": "3번",
              "sex": "남성",
              "age": "20대"
            },
            "speechAct": "(지시) 질문하기",
            "morpheme": "내/NP+가/JKS+만들/VV+어서/EC+갖/VX+다/EC+줘/VX+EF+./SY+!/SY"
          },
          {
            "id": 12,
            "text": "1 : 진짜 화났다니까 키키 연락해도 소용없고 키키",
            "norm_text": "진짜 화났다니까 키키 연락해도 소용없고 키키",
            "speaker": {
              "id": "1번",
              "sex": "여성",
              "age": "20대"
            },
            "speechAct": "(단언) 진술하기",
            "morpheme": "진짜/MAG+화났/VV+EP+다니까/EC+키/NNG+키/NNG+연락/NNG+해도/XSV+EC+소용없/VA+고/EC+키/NNG+키/XSV+ETN"
          },
          {
            "id": 13,
            "text": "2 : 키키 진심 아 선생님 제 빼앗긴 2주를 어떻게 할곤데요 ㅡㅡ",
            "norm_text": "키키 진심 아 선생님 제 빼앗긴 2주를 어떻게 할곤데요 ㅡㅡ",
            "speaker": {
              "id": "2번",
              "sex": "여성",
              "age": "20대"
            },
            "speechAct": "(단언) 진술하기",
            "morpheme": "키키진심아선생님제빼앗긴/UNKNOWN+2/SN+주를어떻게할곤데요ㅡㅡ/UNKNOWN"
          },
          {
            "id": 14,
            "text": "3 : 나는 왜이리 빨리 오징! 좋은데!? 키키",
            "norm_text": "나는 왜이리 빨리 오징! 좋은데!? 키키",
            "speaker": {
              "id": "3번",
              "sex": "남성",
              "age": "20대"
            },
            "speechAct": "(지시) 질문하기",
            "morpheme": "나/NP+는/JX+왜/MAG+이리/MAG+빨리/MAG+오/VV+징/EF+좋/VA+은데/EC+!/SY+키/NNG+키/XSV+ETN"
          },
          {
            "id": 15,
            "text": "1 : 부럽다 키키",
            "norm_text": "부럽다 키키",
            "speaker": {
              "id": "1번",
              "sex": "여성",
              "age": "20대"
            },
            "speechAct": "(단언) 주장하기",
            "morpheme": "부럽/VA+다키키/NNP"
          },
          {
            "id": 16,
            "text": "1 : 난 진짜 해외배송인줄 알았잖아",
            "norm_text": "난 진짜 해외배송인줄 알았잖아",
            "speaker": {
              "id": "1번",
              "sex": "여성",
              "age": "20대"
            },
            "speechAct": "(단언) 진술하기",
            "morpheme": "난/NP+JX+진짜/MAG+해외/NNG+배송/NNG+인/VCP+ETM+줄/NNB+알/VV+았/EP+잖아/EC"
          },
          {
            "id": 17,
            "text": "2 : 키키 솔직히 해외도 10일이면 올 듯,?",
            "norm_text": "키키 솔직히 해외도 10일이면 올 듯,?",
            "speaker": {
              "id": "2번",
              "sex": "여성",
              "age": "20대"
            },
            "speechAct": "(지시) 질문하기",
            "morpheme": "키/NNG+키/XSV+ETN+솔직히/MAG+해외/NNG+도/JX+10/SN+일/NNBC+이/VCP+면/EC+올/VV+ETM+듯/NNB+,/SY"
          },
          {
            "id": 18,
            "text": "3 : 2주면 진짜 느리네... 걸어왔나봐",
            "norm_text": "2주면 진짜 느리네... 걸어왔나봐",
            "speaker": {
              "id": "3번",
              "sex": "남성",
              "age": "20대"
            },
            "speechAct": "(단언) 주장하기",
            "morpheme": "2/SN+주/VX+면/EC+진짜/MAG+느리/VA+네/EF+./SY+걸어왔/VV+EP+나/EC+봐/VX+EC"
          },
          {
            "id": 19,
            "text": "1 : 키키 진짜 키키 힘든 이주였어 키키",
            "norm_text": "키키 진짜 키키 힘든 이주였어 키키",
            "speaker": {
              "id": "1번",
              "sex": "여성",
              "age": "20대"
            },
            "speechAct": "(단언) 주장하기",
            "morpheme": "키/NNG+키/XSV+ETN+진짜/MAG+키/NNG+키/XSV+ETN+힘든/VA+ETM+이주/NNG+였/VCP+EP+어/EC+키/NNG+키/XSV+ETN"
          },
          {
            "id": 20,
            "text": "2 : 키키 키키 글게 걸어온거면 ㄱㄴ ㅇㅈ^^ 속만 태우네 참나",
            "norm_text": "키키 키키 글게 걸어온거면 ㄱㄴ ㅇㅈ^^ 속만 태우네 참나",
            "speaker": {
              "id": "2번",
              "sex": "여성",
              "age": "20대"
            },
            "speechAct": "(단언) 주장하기",
            "morpheme": "키키키키글게걸어온거면ㄱㄴㅇㅈ/UNKNOWN+^/SY+^/SY+속/NNG+만/JX+태우/VV+네/EF+참나/IC"
          },
          {
            "id": 21,
            "text": "3 : 다음에는 뭐 사지!",
            "norm_text": "다음에는 뭐 사지!",
            "speaker": {
              "id": "3번",
              "sex": "남성",
              "age": "20대"
            },
            "speechAct": "(단언) 주장하기",
            "morpheme": "다음/NNG+에/JKB+는/JX+뭐/IC+사/VV+지/EF"
          },
          {
            "id": 22,
            "text": "3 : 요즘 자꾸 현질러 해버린달까...",
            "norm_text": "요즘 자꾸 현질러 해버린달까...",
            "speaker": {
              "id": "3번",
              "sex": "남성",
              "age": "20대"
            },
            "speechAct": "(단언) 주장하기",
            "morpheme": "요즘자꾸현질러해버린달까/UNKNOWN+./SY"
          }
        ]
      }
    }
  ]
}