{
  "dataset": {
    "identifier": 20903,
    "name": "BAND_26_10_set",
    "src_path": "/data/file/cubeManager/PROJECT001/49/txt202109161406440421107/BAND_26_10_set/",
    "label_path": "/data/file/cubeManager/PROJECT001/49/txt202109161406440421107/BAND_26_10_set/",
    "category": 2,
    "type": 0
  },
  "licenses": {
    "name": "Apache License 1.0",
    "url": "http://www.apache.org/licenses/LICENSE-1.0"
  },
  "info": [
    {
      "id": 27920,
      "filename": "BAND_26_10.txt",
      "title": "BAND_26_10",
      "mediatype": "SNS",
      "medianame": "네이버밴드",
      "category": "일상대화",
      "date": "2021-09-16",
      "size": 424,
      "annotations": {
        "subject": "스포츠/레저",
        "speaker_type": "1:1",
        "size": 424,
        "word_size": 140,
        "text": "1 : 나 오랜만에 어제 운동했는데 땀이 주륵 나더라.\n2 : 아 정말 오랜만에 했나 봐? 키키\n1 : 응 나 며칠 동안 아팠거든 ㅜㅜ\n2 : 아팠어? 왜 무슨 일로 ㅜㅜ\n1 : 그거는 좀 있다가 얘기해 줄게 헤헤\n2 : 그래 좋아 꼭 얘기해 줘~\n1 : 응응 오랜만에 똥배 빼기 운동했더니 좋더라.\n2 : 그래? 너가 똥배가 어디 있다고 그러니?\n1 : 사무직은 기본 옵션으로 가지고 있는 똥배가 있어.\n2 : 키키 그치 너도 있는지 몰랐네\n2 : 나도 요번에 운동 기구를 살려고 해\n1 : 헐 무슨 운동 기구 살 예정이야?\n2 : 그 뭐라고 하더라 런닝머신? 그런 기구들?\n1 : 런닝머신은 기본 백만 원 하지 않아?\n2 : 아니 살려고는 하지만 아직 사지는 않았어... 키키 덜덜덜\n1 : 주변에 공원 있으면 뜀박질 추천!\n2 : 땡큐 너도 열심히 운동을 해\n2 : 나중에 같이 하자",
        "lines": [
          {
            "id": 1,
            "text": "1 : 나 오랜만에 어제 운동했는데 땀이 주륵 나더라.",
            "norm_text": "나 오랜만에 어제 운동했는데 땀이 주륵 나더라.",
            "speaker": {
              "id": "1번",
              "sex": "여성",
              "age": "20대"
            },
            "speechAct": "(단언) 주장하기",
            "morpheme": "나오/VV+랜/ETM+만/NNB+에/JKB+어제/MAG+운동/NNG+했/XSV+EP+는데/EC+땀/NNG+이/JKS+주/NNG+륵/NNG+나/NP+더라/VCP+EF"
          },
          {
            "id": 2,
            "text": "2 : 아 정말 오랜만에 했나 봐? 키키",
            "norm_text": "아 정말 오랜만에 했나 봐? 키키",
            "speaker": {
              "id": "2번",
              "sex": "여성",
              "age": "20대"
            },
            "speechAct": "(지시) 부탁하기",
            "morpheme": "아/IC+정말/MAG+오랜만/NNG+에/JKB+했/VV+EP+나/EC+봐/VX+EF+키/NNG+키/XSV+ETN"
          },
          {
            "id": 3,
            "text": "1 : 응 나 며칠 동안 아팠거든 ㅜㅜ",
            "norm_text": "응 나 며칠 동안 아팠거든 ㅜㅜ",
            "speaker": {
              "id": "1번",
              "sex": "여성",
              "age": "20대"
            },
            "speechAct": "(단언) 진술하기",
            "morpheme": "응/IC+나/NP+며칠/NNG+동안/NNG+아팠/VA+EP+거든/EF+ㅜㅜ/UNKNOWN"
          },
          {
            "id": 4,
            "text": "2 : 아팠어? 왜 무슨 일로 ㅜㅜ",
            "norm_text": "아팠어? 왜 무슨 일로 ㅜㅜ",
            "speaker": {
              "id": "2번",
              "sex": "여성",
              "age": "20대"
            },
            "speechAct": "(지시) 질문하기",
            "morpheme": "아팠/VA+EP+어/EF+왜/MAG+무슨/MM+일/NNG+로/JKB+ㅜㅜ/UNKNOWN"
          },
          {
            "id": 5,
            "text": "1 : 그거는 좀 있다가 얘기해 줄게 헤헤",
            "norm_text": "그거는 좀 있다가 얘기해 줄게 헤헤",
            "speaker": {
              "id": "1번",
              "sex": "여성",
              "age": "20대"
            },
            "speechAct": "(언약) 약속하기(제3자와)/(개인적 수준)",
            "morpheme": "그거/NP+는/JX+좀/MAG+있/VA+다가/EC+얘기/NNG+해/XSV+EC+줄/VX+ETM+게/NNB+JKS+헤헤/MAG"
          },
          {
            "id": 6,
            "text": "2 : 그래 좋아 꼭 얘기해 줘~",
            "norm_text": "그래 좋아 꼭 얘기해 줘~",
            "speaker": {
              "id": "2번",
              "sex": "여성",
              "age": "20대"
            },
            "speechAct": "(지시) 부탁하기",
            "morpheme": "그래/IC+좋/VA+아/EC+꼭/MAG+얘기/NNG+해/XSV+EC+줘/VX+EC+~/SY"
          },
          {
            "id": 7,
            "text": "1 : 응응 오랜만에 똥배 빼기 운동했더니 좋더라.",
            "norm_text": "응응 오랜만에 똥배 빼기 운동했더니 좋더라.",
            "speaker": {
              "id": "1번",
              "sex": "여성",
              "age": "20대"
            },
            "speechAct": "(단언) 주장하기",
            "morpheme": "응/IC+응/IC+오랜만/NNG+에/JKB+똥배/NNG+빼/VV+기/ETN+운동/NNG+했/XSV+EP+더니/EC+좋/VA+더라/EF"
          },
          {
            "id": 8,
            "text": "2 : 그래? 너가 똥배가 어디 있다고 그러니?",
            "norm_text": "그래? 너가 똥배가 어디 있다고 그러니?",
            "speaker": {
              "id": "2번",
              "sex": "여성",
              "age": "20대"
            },
            "speechAct": "(단언) 주장하기",
            "morpheme": "그래/IC+너/NP+가/JKS+똥배/NNG+가/JKS+어디/NP+있/VA+다고/EC+그러/VV+니/EF"
          },
          {
            "id": 9,
            "text": "1 : 사무직은 기본 옵션으로 가지고 있는 똥배가 있어.",
            "norm_text": "사무직은 기본 옵션으로 가지고 있는 똥배가 있어.",
            "speaker": {
              "id": "1번",
              "sex": "여성",
              "age": "20대"
            },
            "speechAct": "(단언) 주장하기",
            "morpheme": "사무직/NNG+은/JX+기본/NNG+옵션/NNG+으로/JKB+가지/VV+고/EC+있/VX+는/ETM+똥배/NNG+가/JKS+있/VA+어/EF"
          },
          {
            "id": 10,
            "text": "2 : 키키 그치 너도 있는지 몰랐네",
            "norm_text": "키키 그치 너도 있는지 몰랐네",
            "speaker": {
              "id": "2번",
              "sex": "여성",
              "age": "20대"
            },
            "speechAct": "(단언) 주장하기",
            "morpheme": "키/NNG+키/XSV+ETN+그치/IC+너/NP+도/JX+있/VA+는지/EC+몰랐/VV+EP+네/EF"
          },
          {
            "id": 11,
            "text": "2 : 나도 요번에 운동 기구를 살려고 해",
            "norm_text": "나도 요번에 운동 기구를 살려고 해",
            "speaker": {
              "id": "2번",
              "sex": "여성",
              "age": "20대"
            },
            "speechAct": "(단언) 주장하기",
            "morpheme": "나/NP+도/JX+요번/NNG+에/JKB+운동/NNG+기구/NNG+를/JKO+살/VV+려고/EC+해/VV+EC"
          },
          {
            "id": 12,
            "text": "1 : 헐 무슨 운동 기구 살 예정이야?",
            "norm_text": "헐 무슨 운동 기구 살 예정이야?",
            "speaker": {
              "id": "1번",
              "sex": "여성",
              "age": "20대"
            },
            "speechAct": "(지시) 질문하기",
            "morpheme": "헐/IC+무슨/MM+운동기/NNG+구살/NNG+예정/NNG+이/VCP+야/EF"
          },
          {
            "id": 13,
            "text": "2 : 그 뭐라고 하더라 런닝머신? 그런 기구들?",
            "norm_text": "그 뭐라고 하더라 런닝머신? 그런 기구들?",
            "speaker": {
              "id": "2번",
              "sex": "여성",
              "age": "20대"
            },
            "speechAct": "(단언) 주장하기",
            "morpheme": "그/IC+뭐/NP+라고/VCP+EC+하/VV+더라/EC+런닝/NNG+머신/NNG+그런/MM+기구/NNG+들/XSN"
          },
          {
            "id": 14,
            "text": "1 : 런닝머신은 기본 백만 원 하지 않아?",
            "norm_text": "런닝머신은 기본 백만 원 하지 않아?",
            "speaker": {
              "id": "1번",
              "sex": "여성",
              "age": "20대"
            },
            "speechAct": "(지시) 질문하기",
            "morpheme": "런닝/NNG+머신/NNG+은/JX+기본/NNG+백만/NR+원/NNBC+하/VV+지/EC+않/VX+아/EF"
          },
          {
            "id": 15,
            "text": "2 : 아니 살려고는 하지만 아직 사지는 않았어... 키키 덜덜덜",
            "norm_text": "아니 살려고는 하지만 아직 사지는 않았어... 키키 덜덜덜",
            "speaker": {
              "id": "2번",
              "sex": "여성",
              "age": "20대"
            },
            "speechAct": "(단언) 주장하기",
            "morpheme": "아니/MAG+살/VV+려고/EC+는/JX+하지만/MAJ+아직/MAG+사지/NNG+는/JX+않/VX+았/EP+어/EF+./SY+키/NNG+키/XSV+ETN+덜덜덜/MAG"
          },
          {
            "id": 16,
            "text": "1 : 주변에 공원 있으면 뜀박질 추천!",
            "norm_text": "주변에 공원 있으면 뜀박질 추천!",
            "speaker": {
              "id": "1번",
              "sex": "여성",
              "age": "20대"
            },
            "speechAct": "(지시) 충고/제안하기",
            "morpheme": "주변/NNG+에/JKB+공원/NNG+있/VV+으면/EC+뜀박질/NNG+추천/NNG"
          },
          {
            "id": 17,
            "text": "2 : 땡큐 너도 열심히 운동을 해",
            "norm_text": "땡큐 너도 열심히 운동을 해",
            "speaker": {
              "id": "2번",
              "sex": "여성",
              "age": "20대"
            },
            "speechAct": "(지시) 충고/제안하기",
            "morpheme": "땡큐/IC+너/NP+도/JX+열심히/MAG+운동/NNG+을/JKO+해/VV+EC"
          },
          {
            "id": 18,
            "text": "2 : 나중에 같이 하자",
            "norm_text": "나중에 같이 하자",
            "speaker": {
              "id": "2번",
              "sex": "여성",
              "age": "20대"
            },
            "speechAct": "(언약) 약속하기(제3자와)/(개인적 수준)",
            "morpheme": "나중/NNG+에/JKB+같이/MAG+하/VV+자/EC"
          }
        ]
      }
    }
  ]
}