{
  "dataset": {
    "identifier": 21094,
    "name": "BAND_27_02_set",
    "src_path": "/data/file/cubeManager/PROJECT001/49/txt20210916151141046991/BAND_27_02_set/",
    "label_path": "/data/file/cubeManager/PROJECT001/49/txt20210916151141046991/BAND_27_02_set/",
    "category": 2,
    "type": 0
  },
  "licenses": {
    "name": "Apache License 1.0",
    "url": "http://www.apache.org/licenses/LICENSE-1.0"
  },
  "info": [
    {
      "id": 28572,
      "filename": "BAND_27_02.txt",
      "title": "BAND_27_02",
      "mediatype": "SNS",
      "medianame": "네이버밴드",
      "category": "일상대화",
      "date": "2021-09-16",
      "size": 483,
      "annotations": {
        "subject": "주거와 생활",
        "speaker_type": "1:1",
        "size": 483,
        "word_size": 171,
        "text": "1 : 나 이제 곧 빨래하러 가야 한다 ㅜ\n2 : 빨래 아까 했어\n2 : 다 널었지 키키\n1 : 헐 완전 부럽다 내 빨래도 해 줘 ㅜㅜ\n2 : 가지고 버스 타고 와 해 줄게 키키\n1 : 니가 우리 집에 오면 안 돼?\n2 : 그러면 소용이 없잖아 키키\n1 : 키키 그때 너가 우리 집 청소해 준 거 기억 난다 키키\n2 : 아 진짜 뭐 그렇게  쎄빠지게 했는데  안 지워 지더라\n1 : 응 완전 감동이었지\n1 : 아직도 하수구 그 스티커 애용하고 있어. 그거는 괜찮아 키키\n2 : 그래 다행이네 잘 애용하고 있다니 키키\n1 : 어 완전 혁명이더라\n1 : 그리고 화장실 곰팡이는 내가 해도 안 되더라 키키\n2 : 그래 내가 빡빡 문댔는데 안 돼 ㅜㅜ\n1 : 그거 내가 락스로 30분 불려 놨거든?\n1 : 근데 아예 속까지 스며들었더라고.\n2 : 아 진짜 그거는 너 때문에가 아니라 그 전 사람이 문제야 키키\n1 : 그냥 집주인 아저씨가 제대로 청소를 안 한 거지.\n2 : 관리를 안 하고 방치 했나 보다",
        "lines": [
          {
            "id": 1,
            "text": "1 : 나 이제 곧 빨래하러 가야 한다 ㅜ",
            "norm_text": "나 이제 곧 빨래하러 가야 한다 ㅜ",
            "speaker": {
              "id": "1번",
              "sex": "여성",
              "age": "20대"
            },
            "speechAct": "(단언) 진술하기",
            "morpheme": "나/NP+이제/MAG+곧/MAG+빨래/NNG+하/XSV+러/EC+가/VX+야/EC+한다/VX+EF+ㅜ/UNKNOWN"
          },
          {
            "id": 2,
            "text": "2 : 빨래 아까 했어",
            "norm_text": "빨래 아까 했어",
            "speaker": {
              "id": "2번",
              "sex": "여성",
              "age": "20대"
            },
            "speechAct": "(단언) 진술하기",
            "morpheme": "빨래/NNG+아까/MAG+했/VV+EP+어/EC"
          },
          {
            "id": 3,
            "text": "2 : 다 널었지 키키",
            "norm_text": "다 널었지 키키",
            "speaker": {
              "id": "2번",
              "sex": "여성",
              "age": "20대"
            },
            "speechAct": "(단언) 진술하기",
            "morpheme": "다/MAG+널/VV+었/EP+지/EC+키/NNG+키/XSV+ETN"
          },
          {
            "id": 4,
            "text": "1 : 헐 완전 부럽다 내 빨래도 해 줘 ㅜㅜ",
            "norm_text": "헐 완전 부럽다 내 빨래도 해 줘 ㅜㅜ",
            "speaker": {
              "id": "1번",
              "sex": "여성",
              "age": "20대"
            },
            "speechAct": "(지시) 명령/요구하기",
            "morpheme": "헐/IC+완전/MAG+부럽/VA+다/EF+내/NP+JKG+빨래/NNG+도/JX+해/VV+EC+줘/VX+EF+ㅜㅜ/UNKNOWN"
          },
          {
            "id": 5,
            "text": "2 : 가지고 버스 타고 와 해 줄게 키키",
            "norm_text": "가지고 버스 타고 와 해 줄게 키키",
            "speaker": {
              "id": "2번",
              "sex": "여성",
              "age": "20대"
            },
            "speechAct": "(단언) 주장하기",
            "morpheme": "가지/VV+고/EC+버스타/NNP+고와/NNG+해/XSV+EC+줄/VX+ETM+게/NNB+JKS+키/NNG+키/XSV+ETN"
          },
          {
            "id": 6,
            "text": "1 : 니가 우리 집에 오면 안 돼?",
            "norm_text": "니가 우리 집에 오면 안 돼?",
            "speaker": {
              "id": "1번",
              "sex": "여성",
              "age": "20대"
            },
            "speechAct": "(지시) 질문하기",
            "morpheme": "니/NP+가/JKS+우리/NP+집/NNG+에/JKB+오/VV+면/EC+안/MAG+돼/VV+EF"
          },
          {
            "id": 7,
            "text": "2 : 그러면 소용이 없잖아 키키",
            "norm_text": "그러면 소용이 없잖아 키키",
            "speaker": {
              "id": "2번",
              "sex": "여성",
              "age": "20대"
            },
            "speechAct": "(단언) 주장하기",
            "morpheme": "그러면/MAJ+소용/NNG+이/JKS+없/VA+잖아/EC+키/NNG+키/XSV+ETN"
          },
          {
            "id": 8,
            "text": "1 : 키키 그때 너가 우리 집 청소해 준 거 기억 난다 키키",
            "norm_text": "키키 그때 너가 우리 집 청소해 준 거 기억 난다 키키",
            "speaker": {
              "id": "1번",
              "sex": "여성",
              "age": "20대"
            },
            "speechAct": "(단언) 진술하기",
            "morpheme": "키/NNG+키/NNG+그때/NNG+너/NP+가/JKS+우리/NP+집/NNG+청소/NNG+해/XSV+EC+준/VX+ETM+거/NNB+기억/NNG+난/NP+JX+다키키/NNP"
          },
          {
            "id": 9,
            "text": "2 : 아 진짜 뭐 그렇게  쎄빠지게 했는데  안 지워 지더라",
            "norm_text": "아 진짜 뭐 그렇게  쎄빠지게 했는데  안 지워 지더라",
            "speaker": {
              "id": "2번",
              "sex": "여성",
              "age": "20대"
            },
            "speechAct": "(단언) 진술하기",
            "morpheme": "아/IC+진짜/MAG+뭐/IC+그렇게/MAG+쎄/VA+EC+빠지/VV+게/EC+했/VX+EP+는데/EC+안/MAG+지워/VV+EC+지/VX+더라/EC"
          },
          {
            "id": 10,
            "text": "1 : 응 완전 감동이었지",
            "norm_text": "응 완전 감동이었지",
            "speaker": {
              "id": "1번",
              "sex": "여성",
              "age": "20대"
            },
            "speechAct": "(단언) 주장하기",
            "morpheme": "응/IC+완전/MAG+감동/NNG+이/VCP+었/EP+지/EC"
          },
          {
            "id": 11,
            "text": "1 : 아직도 하수구 그 스티커 애용하고 있어. 그거는 괜찮아 키키",
            "norm_text": "아직도 하수구 그 스티커 애용하고 있어. 그거는 괜찮아 키키",
            "speaker": {
              "id": "1번",
              "sex": "여성",
              "age": "20대"
            },
            "speechAct": "(단언) 진술하기",
            "morpheme": "아직/MAG+도/JX+하수구/NNG+그/MM+스티커/NNG+애용/NNG+하/XSV+고/EC+있/VX+어/EF+그거/NP+는/JX+괜찮/VA+아/EC+키/NNG+키/XSV+ETN"
          },
          {
            "id": 12,
            "text": "2 : 그래 다행이네 잘 애용하고 있다니 키키",
            "norm_text": "그래 다행이네 잘 애용하고 있다니 키키",
            "speaker": {
              "id": "2번",
              "sex": "여성",
              "age": "20대"
            },
            "speechAct": "(단언) 주장하기",
            "morpheme": "그래/IC+다행/NNG+이/VCP+네/EF+잘/MAG+애용/NNG+하/XSV+고/EC+있/VX+다니/EC+키/NNG+키/XSV+ETN"
          },
          {
            "id": 13,
            "text": "1 : 어 완전 혁명이더라",
            "norm_text": "어 완전 혁명이더라",
            "speaker": {
              "id": "1번",
              "sex": "여성",
              "age": "20대"
            },
            "speechAct": "(단언) 주장하기",
            "morpheme": "어/IC+완전/MAG+혁명/NNG+이/VCP+더라/EC"
          },
          {
            "id": 14,
            "text": "1 : 그리고 화장실 곰팡이는 내가 해도 안 되더라 키키",
            "norm_text": "그리고 화장실 곰팡이는 내가 해도 안 되더라 키키",
            "speaker": {
              "id": "1번",
              "sex": "여성",
              "age": "20대"
            },
            "speechAct": "(단언) 진술하기",
            "morpheme": "그리고/MAJ+화장실/NNG+곰팡이/NNG+는/JX+내/NP+가/JKS+해도/VV+EC+안/MAG+되/VV+더라/EC+키/NNG+키/XSV+ETN"
          },
          {
            "id": 15,
            "text": "2 : 그래 내가 빡빡 문댔는데 안 돼 ㅜㅜ",
            "norm_text": "그래 내가 빡빡 문댔는데 안 돼 ㅜㅜ",
            "speaker": {
              "id": "2번",
              "sex": "여성",
              "age": "20대"
            },
            "speechAct": "(단언) 진술하기",
            "morpheme": "그래/IC+내/NP+가/JKS+빡빡/MAG+문/NNG+댔/XSV+EP+는데/EC+안/MAG+돼/VV+EF+ㅜㅜ/UNKNOWN"
          },
          {
            "id": 16,
            "text": "1 : 그거 내가 락스로 30분 불려 놨거든?",
            "norm_text": "그거 내가 락스로 30분 불려 놨거든?",
            "speaker": {
              "id": "1번",
              "sex": "여성",
              "age": "20대"
            },
            "speechAct": "(단언) 주장하기",
            "morpheme": "그거/NP+내/NP+가/JKS+락스/NNP+로/JKB+30/SN+분/NNBC+불려/VV+EC+놨/VX+EP+거든/EF"
          },
          {
            "id": 17,
            "text": "1 : 근데 아예 속까지 스며들었더라고.",
            "norm_text": "근데 아예 속까지 스며들었더라고.",
            "speaker": {
              "id": "1번",
              "sex": "여성",
              "age": "20대"
            },
            "speechAct": "(단언) 진술하기",
            "morpheme": "근데/MAJ+아예/MAG+속/NNG+까지/JX+스며들/VV+었/EP+더라고/EF"
          },
          {
            "id": 18,
            "text": "2 : 아 진짜 그거는 너 때문에가 아니라 그 전 사람이 문제야 키키",
            "norm_text": "아 진짜 그거는 너 때문에가 아니라 그 전 사람이 문제야 키키",
            "speaker": {
              "id": "2번",
              "sex": "여성",
              "age": "20대"
            },
            "speechAct": "(단언) 주장하기",
            "morpheme": "아/IC+진짜/MAG+그거/NP+는/JX+너/NP+때문/NNB+에/JKB+가/JKC+아니/VCN+라/EC+그/MM+전/NNG+사람/NNG+이/JKS+문제/NNG+야/VCP+EF+키/NNG+키/XSV+ETN"
          },
          {
            "id": 19,
            "text": "1 : 그냥 집주인 아저씨가 제대로 청소를 안 한 거지.",
            "norm_text": "그냥 집주인 아저씨가 제대로 청소를 안 한 거지.",
            "speaker": {
              "id": "1번",
              "sex": "여성",
              "age": "20대"
            },
            "speechAct": "(단언) 진술하기",
            "morpheme": "그냥/MAG+집/NNG+주인/NNG+아저씨/NNG+가/JKS+제대로/MAG+청소/NNG+를/JKO+안/MAG+한/VV+ETM+거/NNB+지/VCP+EF"
          },
          {
            "id": 20,
            "text": "2 : 관리를 안 하고 방치 했나 보다",
            "norm_text": "관리를 안 하고 방치 했나 보다",
            "speaker": {
              "id": "2번",
              "sex": "여성",
              "age": "20대"
            },
            "speechAct": "(단언) 진술하기",
            "morpheme": "관리/NNG+를/JKO+안/MAG+하/VV+고/EC+방치/NNG+했/XSV+EP+나/NP+보다/JKB"
          }
        ]
      }
    }
  ]
}