{
  "dataset": {
    "identifier": 22023,
    "name": "BAND_28_04_set",
    "src_path": "/data/file/cubeManager/PROJECT001/49/txt20210917150513021318/BAND_28_04_set/",
    "label_path": "/data/file/cubeManager/PROJECT001/49/txt20210917150513021318/BAND_28_04_set/",
    "category": 2,
    "type": 0
  },
  "licenses": {
    "name": "Apache License 1.0",
    "url": "http://www.apache.org/licenses/LICENSE-1.0"
  },
  "info": [
    {
      "id": 29435,
      "filename": "BAND_28_04.txt",
      "title": "BAND_28_04",
      "mediatype": "SNS",
      "medianame": "네이버밴드",
      "category": "일상대화",
      "date": "2021-09-17",
      "size": 368,
      "annotations": {
        "subject": "회사/아르바이트",
        "speaker_type": "1:1",
        "size": 368,
        "word_size": 122,
        "text": "1 : 너 첫 취업 어디로 갔어?\n2 : 나 첫 취업이 제빵소였어\n1 : 너는 정보과인데 어떻게 제빵소를 들어감? 키키\n2 : 관심 있어서 학교에서 추천해줬었어\n1 : 몇 월에 취직했는지 기억 나?\n2 : 나 19살에 취직했었어 추천으로 ㅎ\n1 : 나도 그쯤에 갔었잖아 기억나?\n2 : 아 맞아 기억난다! 그때가 취업 시즌이라 ㅎ\n1 : 너가 나보다 먼저 취직했던 거야?\n2 : 응 먼저 갔던 거 같아 ㅎ 먼저 돌아오고\n1 : 너 거기 몇 개월 다녔었는데?\n2 : 나 일주일 갔다 왔어 키키\n1 : 야 그거면 취업했다고 얘기하지 마 키키\n2 : 나도 부끄러웠었어 키키\n2 : 그래도 첫 취업이였지 ㅎ\n1 : 그래서 내가 너 갔는지 몰랐구나 키키\n2 : 간 것도 모를 때 돌아왔으니깐 하하",
        "lines": [
          {
            "id": 1,
            "text": "1 : 너 첫 취업 어디로 갔어?",
            "norm_text": "너 첫 취업 어디로 갔어?",
            "speaker": {
              "id": "1번",
              "sex": "여성",
              "age": "20대"
            },
            "speechAct": "(지시) 질문하기",
            "morpheme": "너/NP+첫/MM+취업/NNG+어디/NP+로/JKB+갔/VV+EP+어/EF"
          },
          {
            "id": 2,
            "text": "2 : 나 첫 취업이 제빵소였어",
            "norm_text": "나 첫 취업이 제빵소였어",
            "speaker": {
              "id": "2번",
              "sex": "여성",
              "age": "20대"
            },
            "speechAct": "(단언) 진술하기",
            "morpheme": "나/NP+첫/MM+취업/NNG+이/JKS+제빵/NNG+소/NNG+였/VCP+EP+어/EC"
          },
          {
            "id": 3,
            "text": "1 : 너는 정보과인데 어떻게 제빵소를 들어감? 키키",
            "norm_text": "너는 정보과인데 어떻게 제빵소를 들어감? 키키",
            "speaker": {
              "id": "1번",
              "sex": "여성",
              "age": "20대"
            },
            "speechAct": "(지시) 질문하기",
            "morpheme": "너/NP+는/JX+정보과/NNG+인데/VCP+EC+어떻게/MAG+제빵/NNG+소/NNG+를/JKO+들어감/VV+ETN+키/NNG+키/XSV+ETN"
          },
          {
            "id": 4,
            "text": "2 : 관심 있어서 학교에서 추천해줬었어",
            "norm_text": "관심 있어서 학교에서 추천해줬었어",
            "speaker": {
              "id": "2번",
              "sex": "여성",
              "age": "20대"
            },
            "speechAct": "(단언) 진술하기",
            "morpheme": "관심/NNG+있/VV+어서/EC+학교/NNG+에서/JKB+추천/NNG+해/XSV+EC+줬었/VX+EP+어/EC"
          },
          {
            "id": 5,
            "text": "1 : 몇 월에 취직했는지 기억 나?",
            "norm_text": "몇 월에 취직했는지 기억 나?",
            "speaker": {
              "id": "1번",
              "sex": "여성",
              "age": "20대"
            },
            "speechAct": "(지시) 질문하기",
            "morpheme": "몇/MM+월/NNBC+에/JKB+취직/NNG+했/XSV+EP+는지/EC+기억나/VV+EF"
          },
          {
            "id": 6,
            "text": "2 : 나 19살에 취직했었어 추천으로 ㅎ",
            "norm_text": "나 19살에 취직했었어 추천으로 ㅎ",
            "speaker": {
              "id": "2번",
              "sex": "여성",
              "age": "20대"
            },
            "speechAct": "(단언) 진술하기",
            "morpheme": "나/NP+19/SN+살/NNBC+에/JKB+취직/NNG+했었/XSV+EP+어/EC+추천/NNG+으로/JKB+ㅎ/XSA"
          },
          {
            "id": 7,
            "text": "1 : 나도 그쯤에 갔었잖아 기억나?",
            "norm_text": "나도 그쯤에 갔었잖아 기억나?",
            "speaker": {
              "id": "1번",
              "sex": "여성",
              "age": "20대"
            },
            "speechAct": "(지시) 질문하기",
            "morpheme": "나/NP+도/JX+그/NP+쯤/XSN+에/JKB+갔었잖/VV+EP+EC+VX+아/EC+기억나/VV+EF"
          },
          {
            "id": 8,
            "text": "2 : 아 맞아 기억난다! 그때가 취업 시즌이라 ㅎ",
            "norm_text": "아 맞아 기억난다! 그때가 취업 시즌이라 ㅎ",
            "speaker": {
              "id": "2번",
              "sex": "여성",
              "age": "20대"
            },
            "speechAct": "(단언) 주장하기",
            "morpheme": "아/IC+맞/VV+아/EC+기억난다/VV+EF+그때/NNG+가/JKS+취업/NNG+시즌/NNG+이/VCP+라/EC+ㅎ/XSA"
          },
          {
            "id": 9,
            "text": "1 : 너가 나보다 먼저 취직했던 거야?",
            "norm_text": "너가 나보다 먼저 취직했던 거야?",
            "speaker": {
              "id": "1번",
              "sex": "여성",
              "age": "20대"
            },
            "speechAct": "(지시) 질문하기",
            "morpheme": "너/NP+가/JKS+나/NP+보다/JKB+먼저/MAG+취직/NNG+했/XSV+EP+던/ETM+거/NNB+야/VCP+EF"
          },
          {
            "id": 10,
            "text": "2 : 응 먼저 갔던 거 같아 ㅎ 먼저 돌아오고",
            "norm_text": "응 먼저 갔던 거 같아 ㅎ 먼저 돌아오고",
            "speaker": {
              "id": "2번",
              "sex": "여성",
              "age": "20대"
            },
            "speechAct": "(단언) 주장하기",
            "morpheme": "응/IC+먼저/MAG+갔/VV+EP+던/ETM+거/NNB+같/VA+아/EC+ㅎ/XSA+먼저/MAG+돌아오/VV+고/EC"
          },
          {
            "id": 11,
            "text": "1 : 너 거기 몇 개월 다녔었는데?",
            "norm_text": "너 거기 몇 개월 다녔었는데?",
            "speaker": {
              "id": "1번",
              "sex": "여성",
              "age": "20대"
            },
            "speechAct": "(지시) 질문하기",
            "morpheme": "너/NP+거기/NP+몇/MM+개월/NNBC+다녔었/VV+EP+는데/EF"
          },
          {
            "id": 12,
            "text": "2 : 나 일주일 갔다 왔어 키키",
            "norm_text": "나 일주일 갔다 왔어 키키",
            "speaker": {
              "id": "2번",
              "sex": "여성",
              "age": "20대"
            },
            "speechAct": "(단언) 진술하기",
            "morpheme": "나/NP+일/NR+주일/NNBC+갔다왔/VV+EP+어/EC+키/NNG+키/XSV+ETN"
          },
          {
            "id": 13,
            "text": "1 : 야 그거면 취업했다고 얘기하지 마 키키",
            "norm_text": "야 그거면 취업했다고 얘기하지 마 키키",
            "speaker": {
              "id": "1번",
              "sex": "여성",
              "age": "20대"
            },
            "speechAct": "(단언) 주장하기",
            "morpheme": "야/IC+그거/NP+VCP+면/EC+취업/NNG+했/XSV+EP+다고/EC+얘기/NNG+하/XSV+지/EC+마키/NNG+키/XSV+ETN"
          },
          {
            "id": 14,
            "text": "2 : 나도 부끄러웠었어 키키",
            "norm_text": "나도 부끄러웠었어 키키",
            "speaker": {
              "id": "2번",
              "sex": "여성",
              "age": "20대"
            },
            "speechAct": "(단언) 주장하기",
            "morpheme": "나/NP+도/JX+부끄러웠/VA+EP+었/EP+어/EC+키/NNG+키/XSV+ETN"
          },
          {
            "id": 15,
            "text": "2 : 그래도 첫 취업이였지 ㅎ",
            "norm_text": "그래도 첫 취업이였지 ㅎ",
            "speaker": {
              "id": "2번",
              "sex": "여성",
              "age": "20대"
            },
            "speechAct": "(단언) 진술하기",
            "morpheme": "그래도/MAJ+첫/MM+취업/NNG+이/VCP+였/EP+지/EF+ㅎ/XSA"
          },
          {
            "id": 16,
            "text": "1 : 그래서 내가 너 갔는지 몰랐구나 키키",
            "norm_text": "그래서 내가 너 갔는지 몰랐구나 키키",
            "speaker": {
              "id": "1번",
              "sex": "여성",
              "age": "20대"
            },
            "speechAct": "(단언) 진술하기",
            "morpheme": "그래서/MAJ+내/NP+가/JKS+너/NP+갔/VV+EP+는지/EC+몰랐/VV+EP+구나/EF+키/NNG+키/XSV+ETN"
          },
          {
            "id": 17,
            "text": "2 : 간 것도 모를 때 돌아왔으니깐 하하",
            "norm_text": "간 것도 모를 때 돌아왔으니깐 하하",
            "speaker": {
              "id": "2번",
              "sex": "여성",
              "age": "20대"
            },
            "speechAct": "(단언) 진술하기",
            "morpheme": "간/VV+ETM+것/NNB+도/JX+모를/VV+ETM+때/NNG+돌아왔/VV+EP+으니깐/EC+하하/MAG"
          }
        ]
      }
    }
  ]
}