{
  "dataset": {
    "identifier": 103194,
    "name": "BAND_40_17_set",
    "src_path": "/data/file/cubeManager/PROJECT001/77/txt202110291511560153109/BAND_40_17_set/",
    "label_path": "/data/file/cubeManager/PROJECT001/77/txt202110291511560153109/BAND_40_17_set/",
    "category": 2,
    "type": 0
  },
  "licenses": {
    "name": "Apache License 1.0",
    "url": "http://www.apache.org/licenses/LICENSE-1.0"
  },
  "info": [
    {
      "id": 109699,
      "filename": "BAND_40_17.txt",
      "title": "BAND_40_17",
      "mediatype": "SNS",
      "medianame": "네이버밴드",
      "category": "일상대화",
      "date": "2021-10-29",
      "size": 446,
      "annotations": {
        "subject": "건강",
        "speaker_type": "다자간 대화",
        "size": 446,
        "word_size": 153,
        "text": "1 : 병원에 입원한 적 있어?\n2 : 나는 초등학교 이후론 한번도 없어\n3 : 한번 있어 예전에 수술해서\n1 : 난 없어\n1 : 헐 언제 뭐 땜에?\n2 : 나는 그냥 감기 심하게 걸려서 입원했었지 키키\n3 : 나는 목 수술해서 하루 했었어\n1 : 목 수술 어쩌다가 한거야?\n2 : 헐 목수술…?\n2 : 엄청 아팠겠네 ㅠㅠ\n3 : 나 교통사고로 목이 나갈뻔해서 하하...\n1 : 헐 교통사고 났구나 ㅜㅜ\n1 : 수술은 잘됐어?\n2 : 에고 교통사고 ㅠㅠ 진짜 조심해야해 ㅠㅠ\n3 : 다행히 지금은 멀쩡해 히히\n1 : 다행이다\n1 : 난 목디스크 때문에 고생중\n2 : 나는 아픈 곳이 잘없네 몸 하나는 잘 물려 받은 거 같애 키키\n3 : 부럽다 몸성한 게 제일 부러워\n1 : 좋은 거야 진짜 건강한 게 최고야\n2 : 그치 건강한 게 최고지\n2 : 진짜 다들 몸 조심히써 목 디스크면 진짜 불편하겠다 ㅠ\n3 : 목 아프면 진짜 힘들긴 하더라",
        "lines": [
          {
            "id": 1,
            "text": "1 : 병원에 입원한 적 있어?",
            "norm_text": "병원에 입원한 적 있어?",
            "speaker": {
              "id": "1번",
              "sex": "여성",
              "age": "20대"
            },
            "speechAct": "(지시) 질문하기",
            "morpheme": "병원/NNG+에/JKB+입원/NNG+한/XSA+ETM+적/NNB+있/VA+어/EF"
          },
          {
            "id": 2,
            "text": "2 : 나는 초등학교 이후론 한번도 없어",
            "norm_text": "나는 초등학교 이후론 한번도 없어",
            "speaker": {
              "id": "2번",
              "sex": "남성",
              "age": "20대"
            },
            "speechAct": "(단언) 진술하기",
            "morpheme": "나/NP+는/JX+초등/NNG+학교/NNG+이후/NNG+론/XSN+한/MM+번/NNBC+도/JX+없/VA+어/EC"
          },
          {
            "id": 3,
            "text": "3 : 한번 있어 예전에 수술해서",
            "norm_text": "한번 있어 예전에 수술해서",
            "speaker": {
              "id": "3번",
              "sex": "남성",
              "age": "20대"
            },
            "speechAct": "(단언) 진술하기",
            "morpheme": "한/MM+번/NNBC+있/VV+어/EC+예전/NNG+에/JKB+수술/NNG+해서/XSV+EC"
          },
          {
            "id": 4,
            "text": "1 : 난 없어",
            "norm_text": "난 없어",
            "speaker": {
              "id": "1번",
              "sex": "여성",
              "age": "20대"
            },
            "speechAct": "(단언) 진술하기",
            "morpheme": "난/NP+JX+없/VA+어/EC"
          },
          {
            "id": 5,
            "text": "1 : 헐 언제 뭐 땜에?",
            "norm_text": "헐 언제 뭐 땜에?",
            "speaker": {
              "id": "1번",
              "sex": "여성",
              "age": "20대"
            },
            "speechAct": "(지시) 질문하기",
            "morpheme": "헐/IC+언제/MAG+뭐/IC+땜/NNB+에/JKB"
          },
          {
            "id": 6,
            "text": "2 : 나는 그냥 감기 심하게 걸려서 입원했었지 키키",
            "norm_text": "나는 그냥 감기 심하게 걸려서 입원했었지 키키",
            "speaker": {
              "id": "2번",
              "sex": "남성",
              "age": "20대"
            },
            "speechAct": "(단언) 진술하기",
            "morpheme": "나/NP+는/JX+그냥/MAG+감기/NNG+심하/VA+게/EC+걸려서/VV+EC+입원/NNG+했었/XSV+EP+지/EC+키/NNG+키/XSV+ETN"
          },
          {
            "id": 7,
            "text": "3 : 나는 목 수술해서 하루 했었어",
            "norm_text": "나는 목 수술해서 하루 했었어",
            "speaker": {
              "id": "3번",
              "sex": "남성",
              "age": "20대"
            },
            "speechAct": "(단언) 진술하기",
            "morpheme": "나/NP+는/JX+목/NNG+수술/NNG+해서/XSV+EC+하루/NNG+했었/XSV+EP+어/EC"
          },
          {
            "id": 8,
            "text": "1 : 목 수술 어쩌다가 한거야?",
            "norm_text": "목 수술 어쩌다가 한거야?",
            "speaker": {
              "id": "1번",
              "sex": "여성",
              "age": "20대"
            },
            "speechAct": "(지시) 질문하기",
            "morpheme": "목/NNG+수술/NNG+어쩌다가/MAG+한/XSA+ETM+거/NNB+야/VCP+EF"
          },
          {
            "id": 9,
            "text": "2 : 헐 목수술…?",
            "norm_text": "헐 목수술…?",
            "speaker": {
              "id": "2번",
              "sex": "남성",
              "age": "20대"
            },
            "speechAct": "(지시) 질문하기",
            "morpheme": "헐/IC+목/NNG+수술/NNG+…/SE"
          },
          {
            "id": 10,
            "text": "2 : 엄청 아팠겠네 ㅠㅠ",
            "norm_text": "엄청 아팠겠네 ㅠㅠ",
            "speaker": {
              "id": "2번",
              "sex": "남성",
              "age": "20대"
            },
            "speechAct": "(단언) 주장하기",
            "morpheme": "엄청아팠겠네ㅠㅠ/UNKNOWN"
          },
          {
            "id": 11,
            "text": "3 : 나 교통사고로 목이 나갈뻔해서 하하...",
            "norm_text": "나 교통사고로 목이 나갈뻔해서 하하...",
            "speaker": {
              "id": "3번",
              "sex": "남성",
              "age": "20대"
            },
            "speechAct": "(단언) 진술하기",
            "morpheme": "나교통사고로목이나갈뻔해서하하/UNKNOWN+./SY"
          },
          {
            "id": 12,
            "text": "1 : 헐 교통사고 났구나 ㅜㅜ",
            "norm_text": "헐 교통사고 났구나 ㅜㅜ",
            "speaker": {
              "id": "1번",
              "sex": "여성",
              "age": "20대"
            },
            "speechAct": "(단언) 주장하기",
            "morpheme": "헐/IC+교통사고/NNG+났/VV+EP+구나/EF+ㅜㅜ/UNKNOWN"
          },
          {
            "id": 13,
            "text": "1 : 수술은 잘됐어?",
            "norm_text": "수술은 잘됐어?",
            "speaker": {
              "id": "1번",
              "sex": "여성",
              "age": "20대"
            },
            "speechAct": "(지시) 질문하기",
            "morpheme": "수술/NNG+은/JX+잘/MAG+됐/VV+EP+어/EF"
          },
          {
            "id": 14,
            "text": "2 : 에고 교통사고 ㅠㅠ 진짜 조심해야해 ㅠㅠ",
            "norm_text": "에고 교통사고 ㅠㅠ 진짜 조심해야해 ㅠㅠ",
            "speaker": {
              "id": "2번",
              "sex": "남성",
              "age": "20대"
            },
            "speechAct": "(지시) 충고/제안하기",
            "morpheme": "에고/IC+교통사고/NNG+ㅠㅠ/UNKNOWN+진짜/MAG+조심/NNG+해야/XSV+EC+해/VV+EC+ㅠㅠ/UNKNOWN"
          },
          {
            "id": 15,
            "text": "3 : 다행히 지금은 멀쩡해 히히",
            "norm_text": "다행히 지금은 멀쩡해 히히",
            "speaker": {
              "id": "3번",
              "sex": "남성",
              "age": "20대"
            },
            "speechAct": "(단언) 주장하기",
            "morpheme": "다행히/MAG+지금/MAG+은/JX+멀쩡/XR+해/XSA+EC+히히/MAG"
          },
          {
            "id": 16,
            "text": "1 : 다행이다",
            "norm_text": "다행이다",
            "speaker": {
              "id": "1번",
              "sex": "여성",
              "age": "20대"
            },
            "speechAct": "(단언) 주장하기",
            "morpheme": "다행/NNG+이/VCP+다/EC"
          },
          {
            "id": 17,
            "text": "1 : 난 목디스크 때문에 고생중",
            "norm_text": "난 목디스크 때문에 고생중",
            "speaker": {
              "id": "1번",
              "sex": "여성",
              "age": "20대"
            },
            "speechAct": "(단언) 주장하기",
            "morpheme": "난목/NNG+디스크/NNG+때문/NNB+에/JKB+고생/NNG+중/NNB"
          },
          {
            "id": 18,
            "text": "2 : 나는 아픈 곳이 잘없네 몸 하나는 잘 물려 받은 거 같애 키키",
            "norm_text": "나는 아픈 곳이 잘없네 몸 하나는 잘 물려 받은 거 같애 키키",
            "speaker": {
              "id": "2번",
              "sex": "남성",
              "age": "20대"
            },
            "speechAct": "(단언) 주장하기",
            "morpheme": "나/NP+는/JX+아픈/VA+ETM+곳/NNG+이/JKS+잘/MAG+없/VA+네/EF+몸/NNG+하나/NR+는/JX+잘/MAG+물려받/VV+은/ETM+거/NNB+같/VA+애/EF+키/NNG+키/XSV+ETN"
          },
          {
            "id": 19,
            "text": "3 : 부럽다 몸성한 게 제일 부러워",
            "norm_text": "부럽다 몸성한 게 제일 부러워",
            "speaker": {
              "id": "3번",
              "sex": "남성",
              "age": "20대"
            },
            "speechAct": "(단언) 주장하기",
            "morpheme": "부럽/VA+다/EC+몸/NNG+성/XSN+한/XSA+ETM+게/NNB+JKS+제일/MAG+부러워/VA+EC"
          },
          {
            "id": 20,
            "text": "1 : 좋은 거야 진짜 건강한 게 최고야",
            "norm_text": "좋은 거야 진짜 건강한 게 최고야",
            "speaker": {
              "id": "1번",
              "sex": "여성",
              "age": "20대"
            },
            "speechAct": "(단언) 주장하기",
            "morpheme": "좋/VA+은/ETM+거/NNB+야/VCP+EF+진짜/MAG+건강/NNG+한/XSA+ETM+게/NNB+JKS+최고/NNG+야/VCP+EF"
          },
          {
            "id": 21,
            "text": "2 : 그치 건강한 게 최고지",
            "norm_text": "그치 건강한 게 최고지",
            "speaker": {
              "id": "2번",
              "sex": "남성",
              "age": "20대"
            },
            "speechAct": "(단언) 주장하기",
            "morpheme": "그치/IC+건강/NNG+한/XSA+ETM+게/NNB+JKS+최고/NNG+지/VCP+EC"
          },
          {
            "id": 22,
            "text": "2 : 진짜 다들 몸 조심히써 목 디스크면 진짜 불편하겠다 ㅠ",
            "norm_text": "진짜 다들 몸 조심히써 목 디스크면 진짜 불편하겠다 ㅠ",
            "speaker": {
              "id": "2번",
              "sex": "남성",
              "age": "20대"
            },
            "speechAct": "(지시) 충고/제안하기",
            "morpheme": "진짜/MAG+다/MAG+들/XSN+몸/NNG+조심히/MAG+써/VV+EC+목/NNG+디스크/NNG+면/VCP+EC+진짜/MAG+불편/NNG+하/XSV+겠/EP+다ㅠ/UNKNOWN"
          },
          {
            "id": 23,
            "text": "3 : 목 아프면 진짜 힘들긴 하더라",
            "norm_text": "목 아프면 진짜 힘들긴 하더라",
            "speaker": {
              "id": "3번",
              "sex": "남성",
              "age": "20대"
            },
            "speechAct": "(단언) 주장하기",
            "morpheme": "목/NNG+아프/VA+면/EC+진짜/MAG+힘들/VA+긴/ETN+JX+하/VX+더라/EC"
          }
        ]
      }
    }
  ]
}