{
  "dataset": {
    "identifier": 19972,
    "name": "BAND_23_04_set",
    "src_path": "/data/file/cubeManager/PROJECT001/49/txt20210915111041018199/BAND_23_04_set/",
    "label_path": "/data/file/cubeManager/PROJECT001/49/txt20210915111041018199/BAND_23_04_set/",
    "category": 2,
    "type": 0
  },
  "licenses": {
    "name": "Apache License 1.0",
    "url": "http://www.apache.org/licenses/LICENSE-1.0"
  },
  "info": [
    {
      "id": 25683,
      "filename": "BAND_23_04.txt",
      "title": "BAND_23_04",
      "mediatype": "SNS",
      "medianame": "네이버밴드",
      "category": "일상대화",
      "date": "2021-09-15",
      "size": 1210,
      "annotations": {
        "subject": "회사/아르바이트",
        "speaker_type": "1:1",
        "size": 1210,
        "word_size": 393,
        "text": "1 : 지금 하고 있는 업무는 어때?\n1 : 전사가 좋아 정제가 좋아?\n2 : 이게 약간 짬짜면 같은 느낌~ 전사하다 보면 정제하고 싶을 때 있고 정제하다 보면 전사하고 싶고 섞어서 하면 좋을 거 같아\n3 : 난... 전사가 더 좋은 것 같아 키키\n3 : 뭔가 정제라고 손목이 안 아픈 것도 아니고...\n3 : 좀 속기사인데 속기하고 싶어 ㅠㅠ\n3 : 맞아 진짜 좀 섞어서 하고 싶어\n1 : 키키 그치 그건 그래 나는 근데 전사보다 정제는 어느 정도 집중만 하면 돼서 편하긴 한 거 같다는 생각~\n2 : 키키 근데 정제만 계속 하다 보면 집중이 깨지는 순간이 오니까 그럴 때는 어떻게 하고 있어?\n3 : 이미 카톡을 하고 있던데 나는... 키키\n3 : 그냥 너무 집중 안 되면 그냥 나가서 스트레칭을 하던가 그냥 좀 쉬던가 하는 것 같아\n1 : 맞아 좀 쉬어 줘야 대~\n1 : 나도 커피 타오던가 뭐 그런 식으루 약간 환기 시키고 다시 해 하하\n2 : 나도 믹스 커피 먹던가 아니면 사탕 같은 거 엄청 먹고 키키\n3 : 근데 약간 여기 업무가 자주 바뀌는 편이잖아\n3 : 난 오히려 좀 바뀌어서 좋은 것 같다고 생각했는데 언니들은 어때?\n1 : 나두 그런 거 같애!\n1 : 첨에는 헷갈리고 그랬는데 계속 똑같은 거 하면 너무 지겨울 듯\n2 : 나도 새로운 일하면 재밌고 좋더라~\n3 : 맞아... 그래서 오히려 나중에 정말 같은 일을 몇 년 동안 쭉 해야 한다고 생각하면 좀 답답하지 않을까 라는 생각도 들더라고...\n1 : 그건 그래... 근데 여기는 새로운 일을 하면서 계속 잘 알려주시니까 좋은데 알려주지도 않으면서 계속 새로운 일 주는 그런 회사였으면 너무 싫을 거 같애 ㅠㅠ\n2 : 그렇지? 다양한 경험을 할 수 있어서 너무 좋아~\n3 : 아 언니 둘 다 그 여의도 가는 거야?\n1 : 아 아니 난 안 가 !\n1 : 나 잊고 있었어 그거 키키 언제 가는 거지?\n2 : 나는 가~ 9월 달에 간대~\n3 : 나는 시험 때문에 괜히 신청했다가 육체적으로 피곤해질까 봐 신청 안 했는데 이렇게 늦게 가는 줄 알았으면 신청할 걸 후회중 ㅠㅠ\n1 : 그래? 집에서 여의도가 더 가까워? 아님 다른 일 해보고 싶어서?\n2 : 가면 2주 정도 있는 거 같더라~\n3 : 웅웅 다른 일 해보고 싶어서!\n3 : 약간 다른 근무 환경은 어떤가도 궁금하고!\n1 : 거기는 뭐 콜센터 전사 같은 거 하는 건가?\n2 : 아직 잘 모르겠지만 그렇지 않을까?\n3 : 오오오 신기하다 언니 가면 보고 싶을 것 같아...\n3 : 빨리 와야 해 ㅠㅠ",
        "lines": [
          {
            "id": 1,
            "text": "1 : 지금 하고 있는 업무는 어때?",
            "norm_text": "지금 하고 있는 업무는 어때?",
            "speaker": {
              "id": "1번",
              "sex": "여성",
              "age": "20대"
            },
            "speechAct": "(지시) 질문하기",
            "morpheme": "지금/NNG+하/XSV+고/EC+있/VX+는/ETM+업무/NNG+는/JX+어때/VA+EF"
          },
          {
            "id": 2,
            "text": "1 : 전사가 좋아 정제가 좋아?",
            "norm_text": "전사가 좋아 정제가 좋아?",
            "speaker": {
              "id": "1번",
              "sex": "여성",
              "age": "20대"
            },
            "speechAct": "(지시) 질문하기",
            "morpheme": "전사/NNG+가/JKS+좋/VA+아/EC+정제/NNG+가/JKS+좋/VA+아/EF"
          },
          {
            "id": 3,
            "text": "2 : 이게 약간 짬짜면 같은 느낌~ 전사하다 보면 정제하고 싶을 때 있고 정제하다 보면 전사하고 싶고 섞어서 하면 좋을 거 같아",
            "norm_text": "이게 약간 짬짜면 같은 느낌~ 전사하다 보면 정제하고 싶을 때 있고 정제하다 보면 전사하고 싶고 섞어서 하면 좋을 거 같아",
            "speaker": {
              "id": "2번",
              "sex": "여성",
              "age": "30대"
            },
            "speechAct": "(단언) 주장하기",
            "morpheme": "이게/NP+JKS+약간/MAG+짬짜면/NNP+같/VA+은/ETM+느낌/NNG+~/SY+전사/NNG+하/XSV+다/EC+보/VX+면/EC+정제/NNG+하/XSV+고/EC+싶/VX+을/ETM+때/NNG+있/VV+고/EC+정제/NNG+하/XSV+다/EC+보/VX+면/EC+전사/NNG+하/XSV+고/EC+싶/VX+고/EC+섞/VV+어서/EC+하/VV+면/EC+좋/VA+을/ETM+거/NNB+같/VA+아/EC"
          },
          {
            "id": 4,
            "text": "3 : 난... 전사가 더 좋은 것 같아 키키",
            "norm_text": "난... 전사가 더 좋은 것 같아 키키",
            "speaker": {
              "id": "3번",
              "sex": "여성",
              "age": "20대"
            },
            "speechAct": "(단언) 주장하기",
            "morpheme": "난/NP+JX+./SY+전사/NNG+가/JKS+더/MAG+좋/VA+은/ETM+것/NNB+같/VA+아/EC+키/NNG+키/XSV+ETN"
          },
          {
            "id": 5,
            "text": "3 : 뭔가 정제라고 손목이 안 아픈 것도 아니고...",
            "norm_text": "뭔가 정제라고 손목이 안 아픈 것도 아니고...",
            "speaker": {
              "id": "3번",
              "sex": "여성",
              "age": "20대"
            },
            "speechAct": "(단언) 주장하기",
            "morpheme": "뭔가/NP+VCP+EC+정제/NNG+라고/VCP+EC+손목/NNG+이/JKS+안/MAG+아픈/VA+ETM+것/NNB+도/JX+아니/VCN+고/EC+./SY+./SY"
          },
          {
            "id": 6,
            "text": "3 : 좀 속기사인데 속기하고 싶어 ㅠㅠ",
            "norm_text": "좀 속기사인데 속기하고 싶어 ㅠㅠ",
            "speaker": {
              "id": "3번",
              "sex": "여성",
              "age": "20대"
            },
            "speechAct": "(단언) 주장하기",
            "morpheme": "좀/MAG+속기사/NNG+인데/VCP+EC+속기/NNG+하/XSV+고/EC+싶/VX+어/EC+ㅠㅠ/UNKNOWN"
          },
          {
            "id": 7,
            "text": "3 : 맞아 진짜 좀 섞어서 하고 싶어",
            "norm_text": "맞아 진짜 좀 섞어서 하고 싶어",
            "speaker": {
              "id": "3번",
              "sex": "여성",
              "age": "20대"
            },
            "speechAct": "(단언) 주장하기",
            "morpheme": "맞/VV+아/EC+진짜/MAG+좀/MAG+섞/VV+어서/EC+하/VV+고/EC+싶/VX+어/EC"
          },
          {
            "id": 8,
            "text": "1 : 키키 그치 그건 그래 나는 근데 전사보다 정제는 어느 정도 집중만 하면 돼서 편하긴 한 거 같다는 생각~",
            "norm_text": "키키 그치 그건 그래 나는 근데 전사보다 정제는 어느 정도 집중만 하면 돼서 편하긴 한 거 같다는 생각~",
            "speaker": {
              "id": "1번",
              "sex": "여성",
              "age": "20대"
            },
            "speechAct": "(단언) 주장하기",
            "morpheme": "키/NNG+키/XSV+ETN+그치/IC+그건/NP+JX+그래/VA+EC+나/NP+는/JX+근데/MAJ+전사/NNG+보다/JKB+정제/NNG+는/JX+어느/MM+정도/NNG+집중/NNG+만/JX+하/VV+면/EC+돼서/VV+EC+편하/VA+긴/ETN+JX+한/VX+ETM+거/NNB+같/VA+다는/ETM+생각/NNG+~/SY"
          },
          {
            "id": 9,
            "text": "2 : 키키 근데 정제만 계속 하다 보면 집중이 깨지는 순간이 오니까 그럴 때는 어떻게 하고 있어?",
            "norm_text": "키키 근데 정제만 계속 하다 보면 집중이 깨지는 순간이 오니까 그럴 때는 어떻게 하고 있어?",
            "speaker": {
              "id": "2번",
              "sex": "여성",
              "age": "30대"
            },
            "speechAct": "(지시) 질문하기",
            "morpheme": "키/NNG+키/XSV+ETN+근데/MAJ+정제/NNG+만/JX+계속/NNG+하/XSV+다/EC+보/VX+면/EC+집중/NNG+이/JKS+깨지/VV+는/ETM+순간/NNG+이/JKS+오/VV+니까/EC+그럴/VV+ETM+때/NNG+는/JX+어떻게/MAG+하/VV+고/EC+있/VX+어/EF"
          },
          {
            "id": 10,
            "text": "3 : 이미 카톡을 하고 있던데 나는... 키키",
            "norm_text": "이미 카톡을 하고 있던데 나는... 키키",
            "speaker": {
              "id": "3번",
              "sex": "여성",
              "age": "20대"
            },
            "speechAct": "(단언) 진술하기",
            "morpheme": "이미/MAG+카톡/NNP+을/JKO+하/VV+고/EC+있/VX+던데/EC+나/NP+는/JX+./SY+키/NNG+키/XSV+ETN"
          },
          {
            "id": 11,
            "text": "3 : 그냥 너무 집중 안 되면 그냥 나가서 스트레칭을 하던가 그냥 좀 쉬던가 하는 것 같아",
            "norm_text": "그냥 너무 집중 안 되면 그냥 나가서 스트레칭을 하던가 그냥 좀 쉬던가 하는 것 같아",
            "speaker": {
              "id": "3번",
              "sex": "여성",
              "age": "20대"
            },
            "speechAct": "(단언) 진술하기",
            "morpheme": "그냥/MAG+너무/MAG+집중/NNG+안/MAG+되/VV+면/EC+그냥/MAG+나가/VV+서/EC+스트레칭/NNG+을/JKO+하/VV+던가/EC+그냥/MAG+좀/MAG+쉬/VV+던가/EC+하/VV+는/ETM+것/NNB+같/VA+아/EC"
          },
          {
            "id": 12,
            "text": "1 : 맞아 좀 쉬어 줘야 대~",
            "norm_text": "맞아 좀 쉬어 줘야 대~",
            "speaker": {
              "id": "1번",
              "sex": "여성",
              "age": "20대"
            },
            "speechAct": "(단언) 주장하기",
            "morpheme": "맞/VV+아/EC+좀/MAG+쉬/VV+어/EC+줘야/VX+EC+대/VX+~/SY"
          },
          {
            "id": 13,
            "text": "1 : 나도 커피 타오던가 뭐 그런 식으루 약간 환기 시키고 다시 해 하하",
            "norm_text": "나도 커피 타오던가 뭐 그런 식으루 약간 환기 시키고 다시 해 하하",
            "speaker": {
              "id": "1번",
              "sex": "여성",
              "age": "20대"
            },
            "speechAct": "(단언) 진술하기",
            "morpheme": "나/NP+도/JX+커피/NNG+타/XSV+EC+오/VX+던가/EF+뭐/IC+그런/MM+식/NNB+으루/JKB+약간/MAG+환기/NNG+시키/XSV+고/EC+다시/MAG+해하/NNG+하/XSV"
          },
          {
            "id": 14,
            "text": "2 : 나도 믹스 커피 먹던가 아니면 사탕 같은 거 엄청 먹고 키키",
            "norm_text": "나도 믹스 커피 먹던가 아니면 사탕 같은 거 엄청 먹고 키키",
            "speaker": {
              "id": "2번",
              "sex": "여성",
              "age": "30대"
            },
            "speechAct": "(단언) 진술하기",
            "morpheme": "나/NP+도/JX+믹스/NNG+커피/NNG+먹/VV+던가/EC+아니/VCN+면/EC+사탕/NNG+같/VA+은/ETM+거/NNB+엄청/MAG+먹/VV+고/EC+키/NNG+키/XSV+ETN"
          },
          {
            "id": 15,
            "text": "3 : 근데 약간 여기 업무가 자주 바뀌는 편이잖아",
            "norm_text": "근데 약간 여기 업무가 자주 바뀌는 편이잖아",
            "speaker": {
              "id": "3번",
              "sex": "여성",
              "age": "20대"
            },
            "speechAct": "(단언) 진술하기",
            "morpheme": "근데/MAJ+약간/MAG+여기/NP+업무/NNG+가/JKS+자주/MAG+바뀌/VV+는/ETM+편/NNB+이/VCP+잖아/EC"
          },
          {
            "id": 16,
            "text": "3 : 난 오히려 좀 바뀌어서 좋은 것 같다고 생각했는데 언니들은 어때?",
            "norm_text": "난 오히려 좀 바뀌어서 좋은 것 같다고 생각했는데 언니들은 어때?",
            "speaker": {
              "id": "3번",
              "sex": "여성",
              "age": "20대"
            },
            "speechAct": "(지시) 질문하기",
            "morpheme": "난/NP+JX+오히려/MAJ+좀/MAG+바뀌/VV+어서/EC+좋/VA+은/ETM+것/NNB+같/VA+다고/EC+생각/NNG+했/XSV+EP+는데/EC+언니/NNG+들/XSN+은/JX+어때/VA+EF"
          },
          {
            "id": 17,
            "text": "1 : 나두 그런 거 같애!",
            "norm_text": "나두 그런 거 같애!",
            "speaker": {
              "id": "1번",
              "sex": "여성",
              "age": "20대"
            },
            "speechAct": "(단언) 주장하기",
            "morpheme": "나/NP+두/JX+그런/MM+거/NNB+같/VA+애/EF"
          },
          {
            "id": 18,
            "text": "1 : 첨에는 헷갈리고 그랬는데 계속 똑같은 거 하면 너무 지겨울 듯",
            "norm_text": "첨에는 헷갈리고 그랬는데 계속 똑같은 거 하면 너무 지겨울 듯",
            "speaker": {
              "id": "1번",
              "sex": "여성",
              "age": "20대"
            },
            "speechAct": "(단언) 주장하기",
            "morpheme": "첨/NNG+에/JKB+는/JX+헷갈리/VX+고/EC+그랬/VV+EP+는데/EC+계속/MAG+똑같/VA+은/ETM+거/NNB+하/VV+면/EC+너무/MAG+지겨울/VA+ETM+듯/NNB"
          },
          {
            "id": 19,
            "text": "2 : 나도 새로운 일하면 재밌고 좋더라~",
            "norm_text": "나도 새로운 일하면 재밌고 좋더라~",
            "speaker": {
              "id": "2번",
              "sex": "여성",
              "age": "30대"
            },
            "speechAct": "(단언) 주장하기",
            "morpheme": "나/NP+도/JX+새로운/VA+ETM+일/NNG+하/XSV+면/EC+재밌/VA+고/EC+좋/VA+더라/EC+~/SY"
          },
          {
            "id": 20,
            "text": "3 : 맞아... 그래서 오히려 나중에 정말 같은 일을 몇 년 동안 쭉 해야 한다고 생각하면 좀 답답하지 않을까 라는 생각도 들더라고...",
            "norm_text": "맞아... 그래서 오히려 나중에 정말 같은 일을 몇 년 동안 쭉 해야 한다고 생각하면 좀 답답하지 않을까 라는 생각도 들더라고...",
            "speaker": {
              "id": "3번",
              "sex": "여성",
              "age": "20대"
            },
            "speechAct": "(단언) 주장하기",
            "morpheme": "맞/VV+아/EF+./SY+그래서/MAJ+오히려/MAJ+나중/NNG+에/JKB+정말/MAG+같/VA+은/ETM+일/NNG+을/JKO+몇/MM+년/NNBC+동안/NNG+쭉/MAG+해야/VV+EC+한다고/VX+EC+생각/NNG+하/XSV+면/EC+좀/MAG+답답/XR+하/XSA+지/EC+않/VX+을까/EF+라는/ETM+생각/NNG+도/JX+들/VV+더라고/EF+./SY"
          },
          {
            "id": 21,
            "text": "1 : 그건 그래... 근데 여기는 새로운 일을 하면서 계속 잘 알려주시니까 좋은데 알려주지도 않으면서 계속 새로운 일 주는 그런 회사였으면 너무 싫을 거 같애 ㅠㅠ",
            "norm_text": "그건 그래... 근데 여기는 새로운 일을 하면서 계속 잘 알려주시니까 좋은데 알려주지도 않으면서 계속 새로운 일 주는 그런 회사였으면 너무 싫을 거 같애 ㅠㅠ",
            "speaker": {
              "id": "1번",
              "sex": "여성",
              "age": "20대"
            },
            "speechAct": "(단언) 주장하기",
            "morpheme": "그건/NP+JX+그래/VA+EF+./SY+근데/MAJ+여기/NP+는/JX+새로운/VA+ETM+일/NNG+을/JKO+하/VV+면서/EC+계속/MAG+잘/MAG+알려/VV+EC+주/VX+시/EP+니까/EC+좋/VA+은/ETM+데/NNB+알려/VV+EC+주/VX+지/EC+도/JX+않/VX+으면서/EC+계속/MAG+새로운/VA+ETM+일주/NNG+는/JX+그런/MM+회사/NNG+였/VCP+EP+으면/EC+너무/MAG+싫/VA+을/ETM+거/NNB+같/VA+애/EF+ㅠㅠ/UNKNOWN"
          },
          {
            "id": 22,
            "text": "2 : 그렇지? 다양한 경험을 할 수 있어서 너무 좋아~",
            "norm_text": "그렇지? 다양한 경험을 할 수 있어서 너무 좋아~",
            "speaker": {
              "id": "2번",
              "sex": "여성",
              "age": "30대"
            },
            "speechAct": "(단언) 주장하기",
            "morpheme": "그렇/VA+지/EF+다양/XR+한/XSA+ETM+경험/NNG+을/JKO+할/VV+ETM+수/NNB+있/VV+어서/EC+너무/MAG+좋/VA+아/EC+~/SY"
          },
          {
            "id": 23,
            "text": "3 : 아 언니 둘 다 그 여의도 가는 거야?",
            "norm_text": "아 언니 둘 다 그 여의도 가는 거야?",
            "speaker": {
              "id": "3번",
              "sex": "여성",
              "age": "20대"
            },
            "speechAct": "(지시) 질문하기",
            "morpheme": "아/IC+언니/NNG+둘/NR+다/MAG+그/MM+여의/NNG+도/JX+가/VV+는/ETM+거/NNB+야/VCP+EF"
          },
          {
            "id": 24,
            "text": "1 : 아 아니 난 안 가 !",
            "norm_text": "아 아니 난 안 가 !",
            "speaker": {
              "id": "1번",
              "sex": "여성",
              "age": "20대"
            },
            "speechAct": "(단언) 주장하기",
            "morpheme": "아/IC+아니/IC+난/NP+JX+안/MAG+가/VV+EF"
          },
          {
            "id": 25,
            "text": "1 : 나 잊고 있었어 그거 키키 언제 가는 거지?",
            "norm_text": "나 잊고 있었어 그거 키키 언제 가는 거지?",
            "speaker": {
              "id": "1번",
              "sex": "여성",
              "age": "20대"
            },
            "speechAct": "(지시) 질문하기",
            "morpheme": "나/NP+잊/VV+고/EC+있/VX+었/EP+어/EF+그거/NP+키/NNG+키/NNG+언제/MAG+가/VV+는/ETM+거/NNB+지/VCP+EF"
          },
          {
            "id": 26,
            "text": "2 : 나는 가~ 9월 달에 간대~",
            "norm_text": "나는 가~ 9월 달에 간대~",
            "speaker": {
              "id": "2번",
              "sex": "여성",
              "age": "30대"
            },
            "speechAct": "(단언) 진술하기",
            "morpheme": "나/NP+는/JX+가/JKS+~/SY+9/SN+월/NNBC+달/NNG+에/JKB+간대/VV+EC+~/SY"
          },
          {
            "id": 27,
            "text": "3 : 나는 시험 때문에 괜히 신청했다가 육체적으로 피곤해질까 봐 신청 안 했는데 이렇게 늦게 가는 줄 알았으면 신청할 걸 후회중 ㅠㅠ",
            "norm_text": "나는 시험 때문에 괜히 신청했다가 육체적으로 피곤해질까 봐 신청 안 했는데 이렇게 늦게 가는 줄 알았으면 신청할 걸 후회중 ㅠㅠ",
            "speaker": {
              "id": "3번",
              "sex": "여성",
              "age": "20대"
            },
            "speechAct": "(단언) 주장하기",
            "morpheme": "나/NP+는/JX+시험/NNG+때문/NNB+에/JKB+괜히/MAG+신청/NNG+했/XSV+EP+다가/EC+육체/NNG+적/XSN+으로/JKB+피곤/NNG+해질까봐/XSV+EC+VX+EC+VX+EC+신청/NNG+안/MAG+했/VV+EP+는데/EC+이렇게/MAG+늦/VA+게/EC+가/VX+는/ETM+줄/NNB+알/VV+았/EP+으면/EC+신청/NNG+할/XSV+ETM+걸/NNB+JKO+후회/NNG+중/NNB+ㅠㅠ/UNKNOWN"
          },
          {
            "id": 28,
            "text": "1 : 그래? 집에서 여의도가 더 가까워? 아님 다른 일 해보고 싶어서?",
            "norm_text": "그래? 집에서 여의도가 더 가까워? 아님 다른 일 해보고 싶어서?",
            "speaker": {
              "id": "1번",
              "sex": "여성",
              "age": "20대"
            },
            "speechAct": "(지시) 질문하기",
            "morpheme": "그래/IC+집/NNG+에서/JKB+여의도/NNP+가/JKS+더/MAG+가까워/VA+EF+아님/MAJ+다른/MM+일/NNG+해/XSV+EC+보/VX+고/EC+싶/VX+어서/EC"
          },
          {
            "id": 29,
            "text": "2 : 가면 2주 정도 있는 거 같더라~",
            "norm_text": "가면 2주 정도 있는 거 같더라~",
            "speaker": {
              "id": "2번",
              "sex": "여성",
              "age": "30대"
            },
            "speechAct": "(단언) 진술하기",
            "morpheme": "가/VV+면/EC+2/SN+주/NNBC+정도/NNG+있/VA+는/ETM+거/NNB+같/VA+더라/EC+~/SY"
          },
          {
            "id": 30,
            "text": "3 : 웅웅 다른 일 해보고 싶어서!",
            "norm_text": "웅웅 다른 일 해보고 싶어서!",
            "speaker": {
              "id": "3번",
              "sex": "여성",
              "age": "20대"
            },
            "speechAct": "(단언) 주장하기",
            "morpheme": "웅웅/MAG+다른/MM+일/NNG+해/XSV+EC+보/VX+고/EC+싶/VX+어서/EC"
          },
          {
            "id": 31,
            "text": "3 : 약간 다른 근무 환경은 어떤가도 궁금하고!",
            "norm_text": "약간 다른 근무 환경은 어떤가도 궁금하고!",
            "speaker": {
              "id": "3번",
              "sex": "여성",
              "age": "20대"
            },
            "speechAct": "(단언) 주장하기",
            "morpheme": "약간/MAG+다른/MM+근무/NNG+환경/NNG+은/JX+어떤가/MM+EC+도/JX+궁금/XR+하/XSA+고/EC"
          },
          {
            "id": 32,
            "text": "1 : 거기는 뭐 콜센터 전사 같은 거 하는 건가?",
            "norm_text": "거기는 뭐 콜센터 전사 같은 거 하는 건가?",
            "speaker": {
              "id": "1번",
              "sex": "여성",
              "age": "20대"
            },
            "speechAct": "(지시) 질문하기",
            "morpheme": "거기/NP+는/JX+뭐/IC+콜/NNG+센터/NNG+전사/NNG+같/VA+은/ETM+거/NNB+하/VV+는/ETM+건가/NNB+VCP+EF"
          },
          {
            "id": 33,
            "text": "2 : 아직 잘 모르겠지만 그렇지 않을까?",
            "norm_text": "아직 잘 모르겠지만 그렇지 않을까?",
            "speaker": {
              "id": "2번",
              "sex": "여성",
              "age": "30대"
            },
            "speechAct": "(단언) 주장하기",
            "morpheme": "아직/MAG+잘/MAG+모르/VV+겠/EP+지만/EC+그렇/VA+지/EC+않/VX+을까/EF"
          },
          {
            "id": 34,
            "text": "3 : 오오오 신기하다 언니 가면 보고 싶을 것 같아...",
            "norm_text": "오오오 신기하다 언니 가면 보고 싶을 것 같아...",
            "speaker": {
              "id": "3번",
              "sex": "여성",
              "age": "20대"
            },
            "speechAct": "(단언) 주장하기",
            "morpheme": "오/NR+오/NR+오/NR+신기/NNG+하/XSV+다/EC+언니/NNG+가/VV+면/EC+보/VX+고/EC+싶/VX+을/ETM+것/NNB+같/VA+아/EF+./SY"
          },
          {
            "id": 35,
            "text": "3 : 빨리 와야 해 ㅠㅠ",
            "norm_text": "빨리 와야 해 ㅠㅠ",
            "speaker": {
              "id": "3번",
              "sex": "여성",
              "age": "20대"
            },
            "speechAct": "(단언) 주장하기",
            "morpheme": "빨리와야해ㅠㅠ/UNKNOWN"
          }
        ]
      }
    }
  ]
}