{
  "dataset": {
    "identifier": 28842,
    "name": "BAND_22_18_set",
    "src_path": "/data/file/cubeManager/PROJECT001/49/txt20210915110036063113/BAND_22_18_set/",
    "label_path": "/data/file/cubeManager/PROJECT001/49/txt20210915110036063113/BAND_22_18_set/",
    "category": 2,
    "type": 0
  },
  "licenses": {
    "name": "Apache License 1.0",
    "url": "http://www.apache.org/licenses/LICENSE-1.0"
  },
  "info": [
    {
      "id": 25417,
      "filename": "BAND_22_18.txt",
      "title": "BAND_22_18",
      "mediatype": "SNS",
      "medianame": "네이버밴드",
      "category": "일상대화",
      "date": "2021-09-15",
      "size": 1157,
      "annotations": {
        "subject": "상거래 전반",
        "speaker_type": "1:1",
        "size": 1157,
        "word_size": 384,
        "text": "1 : 요즘 제트플립 새로 나와서 난리더라!\n1 : 우리 사람들 역시 뭐 하나 있으면 난리 치는 거 절레절레야...\n2 : 키키 아니... 그럴 수도 있지...\n2 : 찔려서 그러는 건 아니야  ^^\n3 : 키키 곧 아이폰 13 나온대\n3 : 나나야 준비됐지?\n1 : 키키 그냥 1년 더 기다려서 14 살까 고민 중~\n2 : 나나야 너 폰은 1년 더 안 되겠던데?\n2 : 카메라... 그때 한 장 찍으니까 멈추던 걸?\n3 : 이번 년도까지 쓰면 몇 년 쓴 거야?\n1 : 키키 이제 햇수로는 3년 18년도에 샀어!\n1 : 그니까 카메라 때문에 고민이야\n1 : 안 망가졌으면 무조건 안 바꿨다!\n2 : 나랑 진짜 똑같네 키키\n2 : 난 13은 다 소문이긴 하겠지만 별로 안 가고 싶어  키키\n2 : 그냥 12 싸게 지원해준다고 해서 그거 살까 고민 중\n3 : 나 12쓰는데 좋아\n3 : 가볍고 이쁨!\n3 : 그리고 이제 13도 나온다니까 처음 가격보다도 싸겠넹\n3 : 바꿔 바꿔\n1 : 근데 언니 12 샀다가 뭐 맘에 안 들어서 팔았다 한 거 아냐?\n2 : 웅웅 그 충전 단자가 씨 타입이 아니라서...\n2 : 13 일단 나오는 거 보긴 할 건데 안 끌려!\n2 : 그리고 14 나올 때까지 기다리면 내 폰이 못 버틸 것 같아\n3 : 맞아 둘 것도 바꾸긴 해야 돼\n3 : 나도 6단계 업그레이드 키키\n1 : 14로 바꾸고 싶은데 13 쓰다가 바꿀지 지금 거 계속 쓰다가 바꿀지 고민 좀 해봐야지...\n2 : 키키 14도 어떻게 나올지 상상이 안 가\n2 : 제발 인덕션만 좀 어떻게 없애주라...\n3 : 키키 맞아 글고 13 아직 나오지도 않았잖아\n3 : 생각보다 이쁘게 나올 수도!\n1 : 맞아 일단 13 나오는 거 보고 생각할래~\n2 : 아 그리고 이제 선 이어폰 없어져서 너무 싫어 ㅠㅠ\n3 : 근데 또 없으면 없는 대로 쓰게 되더라\n3 : 옛날에 나도 없어서 아쉬웠는데 막상 쓰면 생각도 안 나 키키\n1 : 그치 그치 근데 그 충전기 구멍은 있는 거지?\n2 : 충전기 구멍은 프로맥스만 없어진다고 하던데 확실치 않아 키키\n2 : 그 말 듣고 싫어졌어\n2 : 13에서 딱 사람들 반응 테스트 하려는 것 같아서\n3 : 엥 충전기 꽂는 곳도 사라진대?\n1 : 나도 싫다...\n1 : 난 지금도 전화할 때는 선 이어폰 쓰는데 오바야 ㅜㅜ\n2 : 웅웅 나도 무선 이어폰 써도 선 이어폰 생각 많이 나... 키키\n3 : 13 나오는 거 한번 보자 기대된당",
        "lines": [
          {
            "id": 1,
            "text": "1 : 요즘 제트플립 새로 나와서 난리더라!",
            "norm_text": "요즘 제트플립 새로 나와서 난리더라!",
            "speaker": {
              "id": "1번",
              "sex": "여성",
              "age": "20대"
            },
            "speechAct": "(단언) 진술하기",
            "morpheme": "요즘/NNG+제트/NNG+플립/NNP+새로/MAG+나와서/VV+EC+난리/NNG+더라/VCP+EF"
          },
          {
            "id": 2,
            "text": "1 : 우리 사람들 역시 뭐 하나 있으면 난리 치는 거 절레절레야...",
            "norm_text": "우리 사람들 역시 뭐 하나 있으면 난리 치는 거 절레절레야...",
            "speaker": {
              "id": "1번",
              "sex": "여성",
              "age": "20대"
            },
            "speechAct": "(단언) 주장하기",
            "morpheme": "우리/NP+사람/NNG+들/XSN+역시/MAJ+뭐/IC+하나/NR+있/VV+으면/EC+난리/NNG+치/VV+는/ETM+거/NNB+절레절레/MAG+야/VCP+EF+./SY"
          },
          {
            "id": 3,
            "text": "2 : 키키 아니... 그럴 수도 있지...",
            "norm_text": "키키 아니... 그럴 수도 있지...",
            "speaker": {
              "id": "2번",
              "sex": "여성",
              "age": "20대"
            },
            "speechAct": "(단언) 주장하기",
            "morpheme": "키/NNG+키/XSV+ETN+아니/VCN+./SY+./SY+그럴/VV+ETM+수/NNB+도/JX+있/VA+지/EF+./SY"
          },
          {
            "id": 4,
            "text": "2 : 찔려서 그러는 건 아니야  ^^",
            "norm_text": "찔려서 그러는 건 아니야  ^^",
            "speaker": {
              "id": "2번",
              "sex": "여성",
              "age": "20대"
            },
            "speechAct": "(단언) 주장하기",
            "morpheme": "찔려서/VV+EC+그러/VV+는/ETM+건/NNB+JX+아니/VCN+야/EC+^/SY+^/SY"
          },
          {
            "id": 5,
            "text": "3 : 키키 곧 아이폰 13 나온대",
            "norm_text": "키키 곧 아이폰 13 나온대",
            "speaker": {
              "id": "3번",
              "sex": "여성",
              "age": "20대"
            },
            "speechAct": "(단언) 진술하기",
            "morpheme": "키/NNG+키/NNG+곧/MAG+아이폰/NNP+13/SN+나/JC+온대/NNG"
          },
          {
            "id": 6,
            "text": "3 : 나나야 준비됐지?",
            "norm_text": "나나야 준비됐지?",
            "speaker": {
              "id": "3번",
              "sex": "여성",
              "age": "20대"
            },
            "speechAct": "(지시) 질문하기",
            "morpheme": "나/NP+나/NP+야/VCP+EF+준비/NNG+됐/XSV+EP+지/EF"
          },
          {
            "id": 7,
            "text": "1 : 키키 그냥 1년 더 기다려서 14 살까 고민 중~",
            "norm_text": "키키 그냥 1년 더 기다려서 14 살까 고민 중~",
            "speaker": {
              "id": "1번",
              "sex": "여성",
              "age": "20대"
            },
            "speechAct": "(단언) 주장하기",
            "morpheme": "키/NNG+키/NNG+그냥/MAG+1/SN+년/NNBC+더/MAG+기다려서/VV+EC+14/SN+살/NNBC+까/VV+고/EC+민중/NNG+~/SY"
          },
          {
            "id": 8,
            "text": "2 : 나나야 너 폰은 1년 더 안 되겠던데?",
            "norm_text": "나나야 너 폰은 1년 더 안 되겠던데?",
            "speaker": {
              "id": "2번",
              "sex": "여성",
              "age": "20대"
            },
            "speechAct": "(단언) 주장하기",
            "morpheme": "나/NP+나/NP+야/VCP+EF+너/NP+폰/NNG+은/JX+1/SN+년/NNBC+더/MAG+안/MAG+되/VV+겠/EP+던데/EF"
          },
          {
            "id": 9,
            "text": "2 : 카메라... 그때 한 장 찍으니까 멈추던 걸?",
            "norm_text": "카메라... 그때 한 장 찍으니까 멈추던 걸?",
            "speaker": {
              "id": "2번",
              "sex": "여성",
              "age": "20대"
            },
            "speechAct": "(단언) 진술하기",
            "morpheme": "카메라/NNG+./SY+./SY+그때/NNG+한/MM+장/NNBC+찍/VV+으니까/EC+멈추/VV+던걸/EF"
          },
          {
            "id": 10,
            "text": "3 : 이번 년도까지 쓰면 몇 년 쓴 거야?",
            "norm_text": "이번 년도까지 쓰면 몇 년 쓴 거야?",
            "speaker": {
              "id": "3번",
              "sex": "여성",
              "age": "20대"
            },
            "speechAct": "(지시) 질문하기",
            "morpheme": "이번/NNG+년/XSN+도/JX+까지/JX+쓰/VV+면/EC+몇/MM+년/NNBC+쓴/VV+ETM+거/NNB+야/VCP+EF"
          },
          {
            "id": 11,
            "text": "1 : 키키 이제 햇수로는 3년 18년도에 샀어!",
            "norm_text": "키키 이제 햇수로는 3년 18년도에 샀어!",
            "speaker": {
              "id": "1번",
              "sex": "여성",
              "age": "20대"
            },
            "speechAct": "(단언) 진술하기",
            "morpheme": "키/NNG+키/NNG+이제/MAG+햇수/NNG+로/JKB+는/JX+3/SN+년/NNBC+18/SN+년/NNBC+도/NNG+에/JKB+샀/VV+EP+어/EF"
          },
          {
            "id": 12,
            "text": "1 : 그니까 카메라 때문에 고민이야",
            "norm_text": "그니까 카메라 때문에 고민이야",
            "speaker": {
              "id": "1번",
              "sex": "여성",
              "age": "20대"
            },
            "speechAct": "(단언) 주장하기",
            "morpheme": "그니까/MAJ+카메라/NNG+때문/NNB+에/JKB+고민/NNG+이/VCP+야/EC"
          },
          {
            "id": 13,
            "text": "1 : 안 망가졌으면 무조건 안 바꿨다!",
            "norm_text": "안 망가졌으면 무조건 안 바꿨다!",
            "speaker": {
              "id": "1번",
              "sex": "여성",
              "age": "20대"
            },
            "speechAct": "(단언) 주장하기",
            "morpheme": "안/MAG+망가졌/VV+EP+으면/EC+무조건/MAG+안/MAG+바꿨/VV+EP+다/EF"
          },
          {
            "id": 14,
            "text": "2 : 나랑 진짜 똑같네 키키",
            "norm_text": "나랑 진짜 똑같네 키키",
            "speaker": {
              "id": "2번",
              "sex": "여성",
              "age": "20대"
            },
            "speechAct": "(단언) 주장하기",
            "morpheme": "나/NP+랑/JKB+진짜/MAG+똑같/VA+네/EF+키/NNG+키/XSV+ETN"
          },
          {
            "id": 15,
            "text": "2 : 난 13은 다 소문이긴 하겠지만 별로 안 가고 싶어  키키",
            "norm_text": "난 13은 다 소문이긴 하겠지만 별로 안 가고 싶어  키키",
            "speaker": {
              "id": "2번",
              "sex": "여성",
              "age": "20대"
            },
            "speechAct": "(단언) 주장하기",
            "morpheme": "난/NP+JX+13/SN+은/JX+다/MAG+소문/NNG+이/VCP+긴/ETN+JX+하/VX+겠/EP+지만/EC+별로/MAG+안/MAG+가/VV+고/EC+싶/VX+어/EC+키/NNG+키/XSV+ETN"
          },
          {
            "id": 16,
            "text": "2 : 그냥 12 싸게 지원해준다고 해서 그거 살까 고민 중",
            "norm_text": "그냥 12 싸게 지원해준다고 해서 그거 살까 고민 중",
            "speaker": {
              "id": "2번",
              "sex": "여성",
              "age": "20대"
            },
            "speechAct": "(단언) 진술하기",
            "morpheme": "그냥/MAG+12/SN+싸/VA+게/EC+지원/NNG+해/XSV+EC+준다고/VX+EC+해서/VV+EC+그거/NP+살까/VV+EC+고민/NNG+중/NNB"
          },
          {
            "id": 17,
            "text": "3 : 나 12쓰는데 좋아",
            "norm_text": "나 12쓰는데 좋아",
            "speaker": {
              "id": "3번",
              "sex": "여성",
              "age": "20대"
            },
            "speechAct": "(단언) 주장하기",
            "morpheme": "나/NP+12/SN+쓰/VV+는/ETM+데/NNB+좋/VA+아/EC"
          },
          {
            "id": 18,
            "text": "3 : 가볍고 이쁨!",
            "norm_text": "가볍고 이쁨!",
            "speaker": {
              "id": "3번",
              "sex": "여성",
              "age": "20대"
            },
            "speechAct": "(단언) 주장하기",
            "morpheme": "가볍/VA+고/EC+이쁨/VA+ETN"
          },
          {
            "id": 19,
            "text": "3 : 그리고 이제 13도 나온다니까 처음 가격보다도 싸겠넹",
            "norm_text": "그리고 이제 13도 나온다니까 처음 가격보다도 싸겠넹",
            "speaker": {
              "id": "3번",
              "sex": "여성",
              "age": "20대"
            },
            "speechAct": "(단언) 주장하기",
            "morpheme": "그리고/MAJ+이제/MAG+13/SN+도/NNBC+나온다니까/VV+EC+처음/NNG+가격/NNG+보다/JKB+도/JX+싸/VA+겠/EP+넹/NNP"
          },
          {
            "id": 20,
            "text": "3 : 바꿔 바꿔",
            "norm_text": "바꿔 바꿔",
            "speaker": {
              "id": "3번",
              "sex": "여성",
              "age": "20대"
            },
            "speechAct": "(지시) 충고/제안하기",
            "morpheme": "바꿔/VV+EC+바꿔/VV+EC"
          },
          {
            "id": 21,
            "text": "1 : 근데 언니 12 샀다가 뭐 맘에 안 들어서 팔았다 한 거 아냐?",
            "norm_text": "근데 언니 12 샀다가 뭐 맘에 안 들어서 팔았다 한 거 아냐?",
            "speaker": {
              "id": "1번",
              "sex": "여성",
              "age": "20대"
            },
            "speechAct": "(단언) 진술하기",
            "morpheme": "근데/MAJ+언니/NNG+12/SN+샀/VV+EP+다가/EC+뭐/IC+맘/NNG+에/JKB+안/MAG+들/VV+어서/EC+팔/VV+았/EP+다/EC+한/VX+ETM+거/NNB+아냐/VCN+EF"
          },
          {
            "id": 22,
            "text": "2 : 웅웅 그 충전 단자가 씨 타입이 아니라서...",
            "norm_text": "웅웅 그 충전 단자가 씨 타입이 아니라서...",
            "speaker": {
              "id": "2번",
              "sex": "여성",
              "age": "20대"
            },
            "speechAct": "(단언) 진술하기",
            "morpheme": "웅웅/MAG+그/MM+충전/NNG+단자/NNG+가/JKS+씨/NNG+타입/NNG+이/JKC+아니/VCN+라서/EC+./SY+./SY"
          },
          {
            "id": 23,
            "text": "2 : 13 일단 나오는 거 보긴 할 건데 안 끌려!",
            "norm_text": "13 일단 나오는 거 보긴 할 건데 안 끌려!",
            "speaker": {
              "id": "2번",
              "sex": "여성",
              "age": "20대"
            },
            "speechAct": "(단언) 주장하기",
            "morpheme": "13/SN+일단/MAG+나오/VV+는/ETM+거/NNB+보/VV+긴/ETN+JX+할/VX+ETM+건데/NNB+VCP+EC+안/MAG+끌려/VV+EF"
          },
          {
            "id": 24,
            "text": "2 : 그리고 14 나올 때까지 기다리면 내 폰이 못 버틸 것 같아",
            "norm_text": "그리고 14 나올 때까지 기다리면 내 폰이 못 버틸 것 같아",
            "speaker": {
              "id": "2번",
              "sex": "여성",
              "age": "20대"
            },
            "speechAct": "(단언) 주장하기",
            "morpheme": "그리고/MAJ+14/SN+나올/VV+ETM+때/NNG+까지/JX+기다리/VV+면/EC+내/NP+JKG+폰/NNG+이/JKS+못/MAG+버틸/VV+ETM+것/NNB+같/VA+아/EC"
          },
          {
            "id": 25,
            "text": "3 : 맞아 둘 것도 바꾸긴 해야 돼",
            "norm_text": "맞아 둘 것도 바꾸긴 해야 돼",
            "speaker": {
              "id": "3번",
              "sex": "여성",
              "age": "20대"
            },
            "speechAct": "(단언) 주장하기",
            "morpheme": "맞/VV+아/EC+둘/VX+ETM+것/NNB+도/JX+바꾸/VV+긴/ETN+JX+해야/VX+EC+돼/VV+EC"
          },
          {
            "id": 26,
            "text": "3 : 나도 6단계 업그레이드 키키",
            "norm_text": "나도 6단계 업그레이드 키키",
            "speaker": {
              "id": "3번",
              "sex": "여성",
              "age": "20대"
            },
            "speechAct": "(단언) 주장하기",
            "morpheme": "나/NP+도/JX+6/SN+단계/NNG+업그레이드/NNG+키/NNG+키/XSV+ETN"
          },
          {
            "id": 27,
            "text": "1 : 14로 바꾸고 싶은데 13 쓰다가 바꿀지 지금 거 계속 쓰다가 바꿀지 고민 좀 해봐야지...",
            "norm_text": "14로 바꾸고 싶은데 13 쓰다가 바꿀지 지금 거 계속 쓰다가 바꿀지 고민 좀 해봐야지...",
            "speaker": {
              "id": "1번",
              "sex": "여성",
              "age": "20대"
            },
            "speechAct": "(단언) 주장하기",
            "morpheme": "14/SN+로/JKB+바꾸/VV+고/EC+싶/VX+은데/EC+13/SN+쓰/VV+다가/EC+바꿀지/VV+EC+지금/MAG+거/NP+계속/MAG+쓰/VV+다가/EC+바꿀지/VV+EC+고민/NNG+좀/MAG+해/VV+EC+봐야지/VX+EF+./SY"
          },
          {
            "id": 28,
            "text": "2 : 키키 14도 어떻게 나올지 상상이 안 가",
            "norm_text": "키키 14도 어떻게 나올지 상상이 안 가",
            "speaker": {
              "id": "2번",
              "sex": "여성",
              "age": "20대"
            },
            "speechAct": "(단언) 주장하기",
            "morpheme": "키/NNG+키/XSV+ETN+14/SN+도/NNBC+어떻게/MAG+나올지/VV+EC+상상/NNG+이/JKS+안/MAG+가/VV+EC"
          },
          {
            "id": 29,
            "text": "2 : 제발 인덕션만 좀 어떻게 없애주라...",
            "norm_text": "제발 인덕션만 좀 어떻게 없애주라...",
            "speaker": {
              "id": "2번",
              "sex": "여성",
              "age": "20대"
            },
            "speechAct": "(단언) 주장하기",
            "morpheme": "제발/MAG+인덕션/NNP+만/JX+좀/MAG+어떻게/MAG+없애/VV+EC+주/VX+라/EF+./SY"
          },
          {
            "id": 30,
            "text": "3 : 키키 맞아 글고 13 아직 나오지도 않았잖아",
            "norm_text": "키키 맞아 글고 13 아직 나오지도 않았잖아",
            "speaker": {
              "id": "3번",
              "sex": "여성",
              "age": "20대"
            },
            "speechAct": "(단언) 진술하기",
            "morpheme": "키/NNG+키/XSV+ETN+맞/VV+아/EC+글/VV+고/EC+13/SN+아직/MAG+나오/VV+지/EC+도/JX+않/VX+았/EP+잖아/EC"
          },
          {
            "id": 31,
            "text": "3 : 생각보다 이쁘게 나올 수도!",
            "norm_text": "생각보다 이쁘게 나올 수도!",
            "speaker": {
              "id": "3번",
              "sex": "여성",
              "age": "20대"
            },
            "speechAct": "(단언) 주장하기",
            "morpheme": "생각/NNG+보다/JKB+이쁘/VA+게/EC+나올/VV+ETM+수/NNB+도/JX"
          },
          {
            "id": 32,
            "text": "1 : 맞아 일단 13 나오는 거 보고 생각할래~",
            "norm_text": "맞아 일단 13 나오는 거 보고 생각할래~",
            "speaker": {
              "id": "1번",
              "sex": "여성",
              "age": "20대"
            },
            "speechAct": "(단언) 주장하기",
            "morpheme": "맞아/IC+일단/MAG+13/SN+나오/VV+는/ETM+거/NNB+보고/JKB+생각/NNG+할래/XSV+EC+~/SY"
          },
          {
            "id": 33,
            "text": "2 : 아 그리고 이제 선 이어폰 없어져서 너무 싫어 ㅠㅠ",
            "norm_text": "아 그리고 이제 선 이어폰 없어져서 너무 싫어 ㅠㅠ",
            "speaker": {
              "id": "2번",
              "sex": "여성",
              "age": "20대"
            },
            "speechAct": "(단언) 진술하기",
            "morpheme": "아/IC+그리고/MAJ+이제/MAG+선/VV+ETM+이어폰/NNG+없/VA+어/EC+져서/VX+EC+너무/MAG+싫/VA+어/EC+ㅠㅠ/UNKNOWN"
          },
          {
            "id": 34,
            "text": "3 : 근데 또 없으면 없는 대로 쓰게 되더라",
            "norm_text": "근데 또 없으면 없는 대로 쓰게 되더라",
            "speaker": {
              "id": "3번",
              "sex": "여성",
              "age": "20대"
            },
            "speechAct": "(단언) 주장하기",
            "morpheme": "근데/MAJ+또/MAG+없/VA+으면/EC+없/VA+는/ETM+대로/NNB+쓰/VV+게/EC+되/VV+더라/EC"
          },
          {
            "id": 35,
            "text": "3 : 옛날에 나도 없어서 아쉬웠는데 막상 쓰면 생각도 안 나 키키",
            "norm_text": "옛날에 나도 없어서 아쉬웠는데 막상 쓰면 생각도 안 나 키키",
            "speaker": {
              "id": "3번",
              "sex": "여성",
              "age": "20대"
            },
            "speechAct": "(단언) 주장하기",
            "morpheme": "옛날/NNG+에/JKB+나/NP+도/JX+없/VA+어서/EC+아쉬웠/VV+EP+는데/EC+막상/MAG+쓰/VV+면/EC+생각/NNG+도/JX+안/MAG+나/VV+EC+키/NNG+키/XSV+ETN"
          },
          {
            "id": 36,
            "text": "1 : 그치 그치 근데 그 충전기 구멍은 있는 거지?",
            "norm_text": "그치 그치 근데 그 충전기 구멍은 있는 거지?",
            "speaker": {
              "id": "1번",
              "sex": "여성",
              "age": "20대"
            },
            "speechAct": "(지시) 질문하기",
            "morpheme": "그치/IC+그치/IC+근데/MAJ+그/MM+충전기/NNG+구멍/NNG+은/JX+있/VA+는/ETM+거/NNB+지/VCP+EF"
          },
          {
            "id": 37,
            "text": "2 : 충전기 구멍은 프로맥스만 없어진다고 하던데 확실치 않아 키키",
            "norm_text": "충전기 구멍은 프로맥스만 없어진다고 하던데 확실치 않아 키키",
            "speaker": {
              "id": "2번",
              "sex": "여성",
              "age": "20대"
            },
            "speechAct": "(단언) 진술하기",
            "morpheme": "충전기/NNG+구멍/NNG+은/JX+프로/NNG+맥스/NNP+만/JX+없/VA+어/EC+진다고/VX+EC+하/VV+던데/EC+확실/XR+치/XSA+EC+않/VX+아/EC+키/NNG+키/XSV+ETN"
          },
          {
            "id": 38,
            "text": "2 : 그 말 듣고 싫어졌어",
            "norm_text": "그 말 듣고 싫어졌어",
            "speaker": {
              "id": "2번",
              "sex": "여성",
              "age": "20대"
            },
            "speechAct": "(단언) 주장하기",
            "morpheme": "그/MM+말/NNG+듣/VV+고/EC+싫/VA+어/EC+졌/VX+EP+어/EC"
          },
          {
            "id": 39,
            "text": "2 : 13에서 딱 사람들 반응 테스트 하려는 것 같아서",
            "norm_text": "13에서 딱 사람들 반응 테스트 하려는 것 같아서",
            "speaker": {
              "id": "2번",
              "sex": "여성",
              "age": "20대"
            },
            "speechAct": "(단언) 주장하기",
            "morpheme": "13/SN+에서/JKB+딱/MAG+사람/NNG+들/XSN+반응/NNG+테스트/NNG+하/XSV+려는/ETM+것/NNB+같/VA+아서/EC"
          },
          {
            "id": 40,
            "text": "3 : 엥 충전기 꽂는 곳도 사라진대?",
            "norm_text": "엥 충전기 꽂는 곳도 사라진대?",
            "speaker": {
              "id": "3번",
              "sex": "여성",
              "age": "20대"
            },
            "speechAct": "(지시) 질문하기",
            "morpheme": "엥/IC+충전기/NNG+꽂/VV+는/ETM+곳/NNG+도/JX+사/VV+라/EC+진대/VX+EF"
          },
          {
            "id": 41,
            "text": "1 : 나도 싫다...",
            "norm_text": "나도 싫다...",
            "speaker": {
              "id": "1번",
              "sex": "여성",
              "age": "20대"
            },
            "speechAct": "(단언) 주장하기",
            "morpheme": "나/NP+도/JX+싫/VA+다/EF+./SY"
          },
          {
            "id": 42,
            "text": "1 : 난 지금도 전화할 때는 선 이어폰 쓰는데 오바야 ㅜㅜ",
            "norm_text": "난 지금도 전화할 때는 선 이어폰 쓰는데 오바야 ㅜㅜ",
            "speaker": {
              "id": "1번",
              "sex": "여성",
              "age": "20대"
            },
            "speechAct": "(단언) 주장하기",
            "morpheme": "난/NP+JX+지금/MAG+도/JX+전화/NNG+할/XSV+ETM+때/NNG+는/JX+선/NNG+이어폰/NNG+쓰/VV+는데/EC+오바/NNG+야/VCP+EF+ㅜㅜ/UNKNOWN"
          },
          {
            "id": 43,
            "text": "2 : 웅웅 나도 무선 이어폰 써도 선 이어폰 생각 많이 나... 키키",
            "norm_text": "웅웅 나도 무선 이어폰 써도 선 이어폰 생각 많이 나... 키키",
            "speaker": {
              "id": "2번",
              "sex": "여성",
              "age": "20대"
            },
            "speechAct": "(단언) 주장하기",
            "morpheme": "웅웅/MAG+나/NP+도/JX+무선/NNG+이어폰/NNG+써도/VV+EC+선/VV+ETM+이어폰/NNG+생각/NNG+많이/MAG+나/JX+./SY+키/NNG+키/XSV+ETN"
          },
          {
            "id": 44,
            "text": "3 : 13 나오는 거 한번 보자 기대된당",
            "norm_text": "13 나오는 거 한번 보자 기대된당",
            "speaker": {
              "id": "3번",
              "sex": "여성",
              "age": "20대"
            },
            "speechAct": "(지시) 충고/제안하기",
            "morpheme": "13/SN+나오/VV+는/ETM+거/NNB+한번/MAG+보/VV+자/EC+기대/NNG+된/XSV+ETM+당/NNG"
          }
        ]
      }
    }
  ]
}