{
  "dataset": {
    "identifier": 102610,
    "name": "BAND_39_11_set",
    "src_path": "/data/file/cubeManager/PROJECT001/77/txt20211029151155090981/BAND_39_11_set/",
    "label_path": "/data/file/cubeManager/PROJECT001/77/txt20211029151155090981/BAND_39_11_set/",
    "category": 2,
    "type": 0
  },
  "licenses": {
    "name": "Apache License 1.0",
    "url": "http://www.apache.org/licenses/LICENSE-1.0"
  },
  "info": [
    {
      "id": 109673,
      "filename": "BAND_39_11.txt",
      "title": "BAND_39_11",
      "mediatype": "SNS",
      "medianame": "네이버밴드",
      "category": "일상대화",
      "date": "2021-10-29",
      "size": 454,
      "annotations": {
        "subject": "게임",
        "speaker_type": "다자간 대화",
        "size": 454,
        "word_size": 149,
        "text": "1 : 폰 겜 다들 해?\n2 : 웅 나는 그랜드체이스 모바일 키키\n3 : 나는 폰게임 안 해서 흑흑\n1 : 나도 안 해서 잘 몰라 키키\n1 : 저건 뭐야\n2 : 키키 그체 모르냐구우~! 피시도 있었자나\n3 : 어렸을 때 컴으로 해본 거 같기도 하고!\n1 : 겜알못이라 전혀 모르는걸 키키\n1 : 재밌어?\n2 : 어엉 약간 세븐나이츠 같아 키키\n3 : 야무지네\n3 :  게임이 한번 해볼까낭\n1 : 세븐나이츠 상사들 엄청 했었는데 키키\n2 : 키키 아 ㄹㅇ ㅜㅜ 세나도 재밌었는데 너무 고인물 키키\n3 : 이젠 탬 없이 못 가는 게임 아닙니깡...~?\n1 : 다들 붙잡고 있더라 하루종일~\n2 : 키키 거의 테블릿 같은 거로 하루죙일  따로 돌려야함\n3 : 폰게임 잡으면 하루가 없는 게 맞긴해...키키\n1 : 키키 그니깐 맨날 쥐고 있더라고 후 ㅡㅡ\n2 : 그체도 맨날 쥐구있어, 겨우 탈출했더니 야레야레\n3 : 시간 순삭 내는맛... 잊지 못해용",
        "lines": [
          {
            "id": 1,
            "text": "1 : 폰 겜 다들 해?",
            "norm_text": "폰 겜 다들 해?",
            "speaker": {
              "id": "1번",
              "sex": "여성",
              "age": "20대"
            },
            "speechAct": "(지시) 질문하기",
            "morpheme": "폰겜다들해/UNKNOWN"
          },
          {
            "id": 2,
            "text": "2 : 웅 나는 그랜드체이스 모바일 키키",
            "norm_text": "웅 나는 그랜드체이스 모바일 키키",
            "speaker": {
              "id": "2번",
              "sex": "여성",
              "age": "20대"
            },
            "speechAct": "(단언) 진술하기",
            "morpheme": "웅/IC+나/NP+는/JX+그랜드/NNP+체이스/NNP+모바일/NNP+키/NNG+키/XSV+ETN"
          },
          {
            "id": 3,
            "text": "3 : 나는 폰게임 안 해서 흑흑",
            "norm_text": "나는 폰게임 안 해서 흑흑",
            "speaker": {
              "id": "3번",
              "sex": "남성",
              "age": "20대"
            },
            "speechAct": "(단언) 진술하기",
            "morpheme": "나/NP+는/JX+폰/NNG+게임/NNG+안/MAG+해서/VV+EC+흑흑/MAG"
          },
          {
            "id": 4,
            "text": "1 : 나도 안 해서 잘 몰라 키키",
            "norm_text": "나도 안 해서 잘 몰라 키키",
            "speaker": {
              "id": "1번",
              "sex": "여성",
              "age": "20대"
            },
            "speechAct": "(단언) 주장하기",
            "morpheme": "나/NP+도/JX+안/MAG+해서/VV+EC+잘/MAG+몰라/VV+EC+키/NNG+키/XSV+ETN"
          },
          {
            "id": 5,
            "text": "1 : 저건 뭐야",
            "norm_text": "저건 뭐야",
            "speaker": {
              "id": "1번",
              "sex": "여성",
              "age": "20대"
            },
            "speechAct": "(지시) 질문하기",
            "morpheme": "저건/NP+JX+뭐/NP+야/VCP+EF"
          },
          {
            "id": 6,
            "text": "2 : 키키 그체 모르냐구우~! 피시도 있었자나",
            "norm_text": "키키 그체 모르냐구우~! 피시도 있었자나",
            "speaker": {
              "id": "2번",
              "sex": "여성",
              "age": "20대"
            },
            "speechAct": "(단언) 주장하기",
            "morpheme": "키키그체모르냐구우/UNKNOWN+~/SY+피시/NNG+도/JX+있/VA+었/EP+자/EC+나/VX"
          },
          {
            "id": 7,
            "text": "3 : 어렸을 때 컴으로 해본 거 같기도 하고!",
            "norm_text": "어렸을 때 컴으로 해본 거 같기도 하고!",
            "speaker": {
              "id": "3번",
              "sex": "남성",
              "age": "20대"
            },
            "speechAct": "(단언) 진술하기",
            "morpheme": "어렸/VA+EP+을/ETM+때/NNG+컴/NNP+으로/JKB+해/VV+EC+본/VX+ETM+거/NNB+같/VA+기/ETN+도/JX+하/VV+고/EC"
          },
          {
            "id": 8,
            "text": "1 : 겜알못이라 전혀 모르는걸 키키",
            "norm_text": "겜알못이라 전혀 모르는걸 키키",
            "speaker": {
              "id": "1번",
              "sex": "여성",
              "age": "20대"
            },
            "speechAct": "(단언) 주장하기",
            "morpheme": "겜/NNP+알/NNG+못/NNG+이/VCP+라/EC+전혀/MAG+모르/VV+는/ETM+걸/NNB+JKO+키/NNG+키/XSV+ETN"
          },
          {
            "id": 9,
            "text": "1 : 재밌어?",
            "norm_text": "재밌어?",
            "speaker": {
              "id": "1번",
              "sex": "여성",
              "age": "20대"
            },
            "speechAct": "(지시) 질문하기",
            "morpheme": "재밌/VA+어/EF"
          },
          {
            "id": 10,
            "text": "2 : 어엉 약간 세븐나이츠 같아 키키",
            "norm_text": "어엉 약간 세븐나이츠 같아 키키",
            "speaker": {
              "id": "2번",
              "sex": "여성",
              "age": "20대"
            },
            "speechAct": "(단언) 주장하기",
            "morpheme": "어엉/IC+약간/MAG+세븐/NNG+나이츠/NNP+같/VA+아/EC+키/NNG+키/XSV+ETN"
          },
          {
            "id": 11,
            "text": "3 : 야무지네",
            "norm_text": "야무지네",
            "speaker": {
              "id": "3번",
              "sex": "남성",
              "age": "20대"
            },
            "speechAct": "(단언) 주장하기",
            "morpheme": "야무/NNG+지네/NNG"
          },
          {
            "id": 12,
            "text": "3 :  게임이 한번 해볼까낭",
            "norm_text": "게임이 한번 해볼까낭",
            "speaker": {
              "id": "3번",
              "sex": "남성",
              "age": "20대"
            },
            "speechAct": "(단언) 주장하기",
            "morpheme": "게임/NNG+이/JKS+한/MM+번/NNBC+해볼까/VV+EC+VX+EC+낭/NNG"
          },
          {
            "id": 13,
            "text": "1 : 세븐나이츠 상사들 엄청 했었는데 키키",
            "norm_text": "세븐나이츠 상사들 엄청 했었는데 키키",
            "speaker": {
              "id": "1번",
              "sex": "여성",
              "age": "20대"
            },
            "speechAct": "(단언) 진술하기",
            "morpheme": "세븐/NNP+나이츠/NNP+상사/NNG+들/XSN+엄청/MAG+했었/VV+EP+는데/EC+키/NNG+키/XSV+ETN"
          },
          {
            "id": 14,
            "text": "2 : 키키 아 ㄹㅇ ㅜㅜ 세나도 재밌었는데 너무 고인물 키키",
            "norm_text": "키키 아 ㄹㅇ ㅜㅜ 세나도 재밌었는데 너무 고인물 키키",
            "speaker": {
              "id": "2번",
              "sex": "여성",
              "age": "20대"
            },
            "speechAct": "(단언) 주장하기",
            "morpheme": "키/NNG+키아/NNP+ㄹ/JKB+ㅇㅜ/UNKNOWN+ㅜ세/UNKNOWN+나/NP+도/JX+재밌/VA+었/EP+는데/EC+너무/MAG+고인/VV+ETM+물/NNG+키/NNG+키/XSV+ETN"
          },
          {
            "id": 15,
            "text": "3 : 이젠 탬 없이 못 가는 게임 아닙니깡...~?",
            "norm_text": "이젠 탬 없이 못 가는 게임 아닙니깡...~?",
            "speaker": {
              "id": "3번",
              "sex": "남성",
              "age": "20대"
            },
            "speechAct": "(지시) 질문하기",
            "morpheme": "이젠탬없이못가는게임아닙니깡/UNKNOWN+./SY+~/SY"
          },
          {
            "id": 16,
            "text": "1 : 다들 붙잡고 있더라 하루종일~",
            "norm_text": "다들 붙잡고 있더라 하루종일~",
            "speaker": {
              "id": "1번",
              "sex": "여성",
              "age": "20대"
            },
            "speechAct": "(단언) 진술하기",
            "morpheme": "다/MAG+들/XSN+붙잡/VV+고/EC+있/VX+더라/EC+하루/NNG+종일/NNG+~/SY"
          },
          {
            "id": 17,
            "text": "2 : 키키 거의 테블릿 같은 거로 하루죙일  따로 돌려야함",
            "norm_text": "키키 거의 테블릿 같은 거로 하루죙일  따로 돌려야함",
            "speaker": {
              "id": "2번",
              "sex": "여성",
              "age": "20대"
            },
            "speechAct": "(단언) 주장하기",
            "morpheme": "키/NNG+키/NNG+거의/MAG+테/NNG+블릿/NNP+같/VA+은/ETM+거/NNB+로/JKB+하루/NNG+죙일/UNKNOWN+따로/MAG+돌려야/VV+EC+함/VX+ETN"
          },
          {
            "id": 18,
            "text": "3 : 폰게임 잡으면 하루가 없는 게 맞긴해...키키",
            "norm_text": "폰게임 잡으면 하루가 없는 게 맞긴해...키키",
            "speaker": {
              "id": "3번",
              "sex": "남성",
              "age": "20대"
            },
            "speechAct": "(단언) 주장하기",
            "morpheme": "폰/NNP+게임/NNG+잡/VV+으면/EC+하루/NNG+가/JKS+없/VA+는/ETM+게/NNB+JKS+맞/VV+긴/ETN+JX+해/VX+EF+./SY+키/NNG+키/XSV+ETN"
          },
          {
            "id": 19,
            "text": "1 : 키키 그니깐 맨날 쥐고 있더라고 후 ㅡㅡ",
            "norm_text": "키키 그니깐 맨날 쥐고 있더라고 후 ㅡㅡ",
            "speaker": {
              "id": "1번",
              "sex": "여성",
              "age": "20대"
            },
            "speechAct": "(단언) 진술하기",
            "morpheme": "키/NNG+키/XSV+ETN+그니깐/MAJ+맨날/MAG+쥐/VV+고/EC+있/VX+더라고/EC+후/NNG+ㅡㅡ/UNKNOWN"
          },
          {
            "id": 20,
            "text": "2 : 그체도 맨날 쥐구있어, 겨우 탈출했더니 야레야레",
            "norm_text": "그체도 맨날 쥐구있어, 겨우 탈출했더니 야레야레",
            "speaker": {
              "id": "2번",
              "sex": "여성",
              "age": "20대"
            },
            "speechAct": "(단언) 주장하기",
            "morpheme": "그/MM+체/NNB+도/JX+맨날/MAG+쥐/VV+구/EC+있/VX+어/EF+,/SC+겨우/MAG+탈출/NNG+했/XSV+EP+더니/EC+야레/NNG+야레/NNG"
          },
          {
            "id": 21,
            "text": "3 : 시간 순삭 내는맛... 잊지 못해용",
            "norm_text": "시간 순삭 내는맛... 잊지 못해용",
            "speaker": {
              "id": "3번",
              "sex": "남성",
              "age": "20대"
            },
            "speechAct": "(단언) 주장하기",
            "morpheme": "시간/NNG+순삭/NNG+내/NP+는/JX+맛/NNG+./SY+./SY+잊/VV+지/EC+못/MAG+해용/VV+EC"
          }
        ]
      }
    }
  ]
}