{
  "dataset": {
    "identifier": 58282,
    "name": "BAND_31_01_set",
    "src_path": "/data/file/cubeManager/PROJECT001/53/txt20210927144542048646/BAND_31_01_set/",
    "label_path": "/data/file/cubeManager/PROJECT001/53/txt20210927144542048646/BAND_31_01_set/",
    "category": 2,
    "type": 0
  },
  "licenses": {
    "name": "Apache License 1.0",
    "url": "http://www.apache.org/licenses/LICENSE-1.0"
  },
  "info": [
    {
      "id": 34359,
      "filename": "BAND_31_01.txt",
      "title": "BAND_31_01",
      "mediatype": "SNS",
      "medianame": "네이버밴드",
      "category": "일상대화",
      "date": "2021-09-27",
      "size": 354,
      "annotations": {
        "subject": "식음료",
        "speaker_type": "1:1",
        "size": 354,
        "word_size": 122,
        "text": "1 : 오늘 회사에서 점심 뭐 나왔어?\n2 : 오늘 회사에서 너비아니 나왔어\n1 : 너비아니가 떡갈비 같은 건가?\n2 : 맞아 그런 거야 너는 먹어봤어?\n1 : 아니 나는 한 번도 안 먹어봤어!\n2 : 갈비 같은 맛이 나는 거야 맛있어\n1 : 오 그래? 나 갈비 짱짱 좋아하는데!\n2 : 약간 떡갈비 같은 맛도 나 키키\n1 : 근데 너네 회사 그런 것도 나오고 좋은 회사다!\n2 : 맞아 우리 회사 밥 되게 맛있어\n1 : 다른 거 뭐 나왔어?\n2 : 오늘 소고기 육개장 나왔어\n1 : 헐 나도 너네 회사로 입사하면 안 됨?\n2 : 우리 회사 다른 건 몰라도 밥은 진짜 맛있어\n1 : 나도 너비아니 먹게 너네 회사로 갈게!\n2 : 언제든 와 항상 자리는 열려있어",
        "lines": [
          {
            "id": 1,
            "text": "1 : 오늘 회사에서 점심 뭐 나왔어?",
            "norm_text": "오늘 회사에서 점심 뭐 나왔어?",
            "speaker": {
              "id": "1번",
              "sex": "여성",
              "age": "20대"
            },
            "speechAct": "(지시) 질문하기",
            "morpheme": "오늘/MAG+회사/NNG+에서/JKB+점심/NNG+뭐/IC+나왔/VV+EP+어/EF"
          },
          {
            "id": 2,
            "text": "2 : 오늘 회사에서 너비아니 나왔어",
            "norm_text": "오늘 회사에서 너비아니 나왔어",
            "speaker": {
              "id": "2번",
              "sex": "여성",
              "age": "20대"
            },
            "speechAct": "(단언) 진술하기",
            "morpheme": "오늘/MAG+회사/NNG+에서/JKB+너비아니/NNG+나왔/VV+EP+어/EC"
          },
          {
            "id": 3,
            "text": "1 : 너비아니가 떡갈비 같은 건가?",
            "norm_text": "너비아니가 떡갈비 같은 건가?",
            "speaker": {
              "id": "1번",
              "sex": "여성",
              "age": "20대"
            },
            "speechAct": "(지시) 질문하기",
            "morpheme": "너비아니/NNG+가/JKS+떡갈비/NNG+같/VA+은/ETM+건가/NNB+VCP+EF"
          },
          {
            "id": 4,
            "text": "2 : 맞아 그런 거야 너는 먹어봤어?",
            "norm_text": "맞아 그런 거야 너는 먹어봤어?",
            "speaker": {
              "id": "2번",
              "sex": "여성",
              "age": "20대"
            },
            "speechAct": "(지시) 질문하기",
            "morpheme": "맞/VV+아/EC+그런/MM+거/NNB+야/VCP+EF+너/NP+는/JX+먹/VV+어/EC+봤/VX+EP+어/EF"
          },
          {
            "id": 5,
            "text": "1 : 아니 나는 한 번도 안 먹어봤어!",
            "norm_text": "아니 나는 한 번도 안 먹어봤어!",
            "speaker": {
              "id": "1번",
              "sex": "여성",
              "age": "20대"
            },
            "speechAct": "(단언) 진술하기",
            "morpheme": "아니/IC+나/NP+는/JX+한/MM+번/NNBC+도/JX+안/MAG+먹/VV+어/EC+봤/VX+EP+어/EF"
          },
          {
            "id": 6,
            "text": "2 : 갈비 같은 맛이 나는 거야 맛있어",
            "norm_text": "갈비 같은 맛이 나는 거야 맛있어",
            "speaker": {
              "id": "2번",
              "sex": "여성",
              "age": "20대"
            },
            "speechAct": "(단언) 주장하기",
            "morpheme": "갈비/NNG+같/VA+은/ETM+맛/NNG+이/JKS+나/VV+는/ETM+거/NNB+야/VCP+EF+맛있/VA+어/EC"
          },
          {
            "id": 7,
            "text": "1 : 오 그래? 나 갈비 짱짱 좋아하는데!",
            "norm_text": "오 그래? 나 갈비 짱짱 좋아하는데!",
            "speaker": {
              "id": "1번",
              "sex": "여성",
              "age": "20대"
            },
            "speechAct": "(단언) 주장하기",
            "morpheme": "오/IC+그래/IC+나갈/VV+ETM+비/XPN+짱짱/XR+좋/VA+아/EC+하/VV+는데/EC"
          },
          {
            "id": 8,
            "text": "2 : 약간 떡갈비 같은 맛도 나 키키",
            "norm_text": "약간 떡갈비 같은 맛도 나 키키",
            "speaker": {
              "id": "2번",
              "sex": "여성",
              "age": "20대"
            },
            "speechAct": "(단언) 진술하기",
            "morpheme": "약간/MAG+떡갈비/NNG+같/VA+은/ETM+맛/NNG+도나키/NNP+키/NNG"
          },
          {
            "id": 9,
            "text": "1 : 근데 너네 회사 그런 것도 나오고 좋은 회사다!",
            "norm_text": "근데 너네 회사 그런 것도 나오고 좋은 회사다!",
            "speaker": {
              "id": "1번",
              "sex": "여성",
              "age": "20대"
            },
            "speechAct": "(단언) 진술하기",
            "morpheme": "근데/MAJ+너/NP+네/XSN+회사/NNG+그런/MM+것/NNB+도/JX+나오/VV+고/EC+좋/VA+은/ETM+회사/NNG+다/VCP+EF"
          },
          {
            "id": 10,
            "text": "2 : 맞아 우리 회사 밥 되게 맛있어",
            "norm_text": "맞아 우리 회사 밥 되게 맛있어",
            "speaker": {
              "id": "2번",
              "sex": "여성",
              "age": "20대"
            },
            "speechAct": "(단언) 진술하기",
            "morpheme": "맞/VV+아/EC+우리/NP+회사/NNG+밥/NNG+되게/MAG+맛있/VA+어/EC"
          },
          {
            "id": 11,
            "text": "1 : 다른 거 뭐 나왔어?",
            "norm_text": "다른 거 뭐 나왔어?",
            "speaker": {
              "id": "1번",
              "sex": "여성",
              "age": "20대"
            },
            "speechAct": "(지시) 질문하기",
            "morpheme": "다른/MM+거/NNB+뭐/IC+나왔/VV+EP+어/EF"
          },
          {
            "id": 12,
            "text": "2 : 오늘 소고기 육개장 나왔어",
            "norm_text": "오늘 소고기 육개장 나왔어",
            "speaker": {
              "id": "2번",
              "sex": "여성",
              "age": "20대"
            },
            "speechAct": "(단언) 진술하기",
            "morpheme": "오늘/MAG+소고기/NNG+육개장/NNG+나왔/VV+EP+어/EC"
          },
          {
            "id": 13,
            "text": "1 : 헐 나도 너네 회사로 입사하면 안 됨?",
            "norm_text": "헐 나도 너네 회사로 입사하면 안 됨?",
            "speaker": {
              "id": "1번",
              "sex": "여성",
              "age": "20대"
            },
            "speechAct": "(지시) 질문하기",
            "morpheme": "헐/IC+나/NP+도/JX+너/NP+네/XSN+회사/NNG+로/JKB+입사/NNG+하/XSV+면/EC+안/MAG+됨/VV+ETN"
          },
          {
            "id": 14,
            "text": "2 : 우리 회사 다른 건 몰라도 밥은 진짜 맛있어",
            "norm_text": "우리 회사 다른 건 몰라도 밥은 진짜 맛있어",
            "speaker": {
              "id": "2번",
              "sex": "여성",
              "age": "20대"
            },
            "speechAct": "(단언) 진술하기",
            "morpheme": "우리/NP+회사/NNG+다른/VA+ETM+건/NNB+JX+몰라도/VV+EC+밥/NNG+은/JX+진짜/MAG+맛있/VA+어/EC"
          },
          {
            "id": 15,
            "text": "1 : 나도 너비아니 먹게 너네 회사로 갈게!",
            "norm_text": "나도 너비아니 먹게 너네 회사로 갈게!",
            "speaker": {
              "id": "1번",
              "sex": "여성",
              "age": "20대"
            },
            "speechAct": "(단언) 주장하기",
            "morpheme": "나/NP+도/JX+너비아니/NNG+먹/VV+게/EC+너/NP+네/XSN+회사/NNG+로/JKB+갈게/VV+EF"
          },
          {
            "id": 16,
            "text": "2 : 언제든 와 항상 자리는 열려있어",
            "norm_text": "언제든 와 항상 자리는 열려있어",
            "speaker": {
              "id": "2번",
              "sex": "여성",
              "age": "20대"
            },
            "speechAct": "(단언) 주장하기",
            "morpheme": "언제/NP+든/VCP+EC+와/JKB+항상/MAG+자리/NNG+는/JX+열려/VV+EC+있/VX+어/EC"
          }
        ]
      }
    }
  ]
}