{
  "dataset": {
    "identifier": 99328,
    "name": "BAND_37_12_set",
    "src_path": "/data/file/cubeManager/PROJECT001/77/txt20211027150101060188/BAND_37_12_set/",
    "label_path": "/data/file/cubeManager/PROJECT001/77/txt20211027150101060188/BAND_37_12_set/",
    "category": 2,
    "type": 0
  },
  "licenses": {
    "name": "Apache License 1.0",
    "url": "http://www.apache.org/licenses/LICENSE-1.0"
  },
  "info": [
    {
      "id": 96652,
      "filename": "BAND_37_12.txt",
      "title": "BAND_37_12",
      "mediatype": "SNS",
      "medianame": "네이버밴드",
      "category": "일상대화",
      "date": "2021-10-27",
      "size": 455,
      "annotations": {
        "subject": "여행",
        "speaker_type": "다자간 대화",
        "size": 455,
        "word_size": 150,
        "text": "1 : 가장 최근에 어디 다녀와 봤어?\n2 : 나는 여행 안간지 너무 오래돼서 기억이 안난다 ㅠㅠ\n3 : 나는 최근에 오이도 갔다왔어\n1 : 키키 나도 안간지 오래됐어 ㅠㅠ\n1 : 오이도는 어딨는 거지?\n2 : 그러게 나도 오이도 들어는 본 거 같은데 정확히 어딘지는 모르겠넹\n3 : 음 인천 옆구리에 있어!\n1 : 오이도 섬인 거야? 키키\n1 : 거기 잘 되어 있어?\n2 : 그러게 섬이면 배 타고 가야하는 건가?\n3 : 아니야 지하철 타고 갈 수 있어\n1 : 아 그래?\n1 : 왕복 얼마나 걸렸어?\n2 : 오 섬이 아닌가보네? 신기하다 키키\n3 : 나는 왕복 2시간 걸렸어!\n1 : 아앙 키키 그 안에 어떻게 되어있어?\n2 : 아아 생각보다 엄청 오래 걸리진 않았네?\n3 : 바다가 되게 뻘 같더라고\n1 : 나중에 한번 다녀와야지 키키 궁금하네\n2 : 그러게 나도 나중에 한번 갔다 와봐야겠다\n3 : 추천 하고 싶진 않지만 가보면 좋을 거 같긴해",
        "lines": [
          {
            "id": 1,
            "text": "1 : 가장 최근에 어디 다녀와 봤어?",
            "norm_text": "가장 최근에 어디 다녀와 봤어?",
            "speaker": {
              "id": "1번",
              "sex": "여성",
              "age": "20대"
            },
            "speechAct": "(지시) 질문하기",
            "morpheme": "가장/MAG+최근/NNG+에/JKB+어디/NP+다녀와/VV+EC+봤/VX+EP+어/EF"
          },
          {
            "id": 2,
            "text": "2 : 나는 여행 안간지 너무 오래돼서 기억이 안난다 ㅠㅠ",
            "norm_text": "나는 여행 안간지 너무 오래돼서 기억이 안난다 ㅠㅠ",
            "speaker": {
              "id": "2번",
              "sex": "남성",
              "age": "20대"
            },
            "speechAct": "(단언) 주장하기",
            "morpheme": "나/NP+는/JX+여행/NNG+안/MAG+간지/VV+EC+너무/MAG+오래/MAG+돼서/VV+EC+기억/NNG+이/JKS+안/MAG+난다/VV+EF+ㅠㅠ/UNKNOWN"
          },
          {
            "id": 3,
            "text": "3 : 나는 최근에 오이도 갔다왔어",
            "norm_text": "나는 최근에 오이도 갔다왔어",
            "speaker": {
              "id": "3번",
              "sex": "남성",
              "age": "20대"
            },
            "speechAct": "(단언) 주장하기",
            "morpheme": "나/NP+는/JX+최근/NNG+에/JKB+오이/NNG+도/JX+갔다왔/VV+EP+어/EC"
          },
          {
            "id": 4,
            "text": "1 : 키키 나도 안간지 오래됐어 ㅠㅠ",
            "norm_text": "키키 나도 안간지 오래됐어 ㅠㅠ",
            "speaker": {
              "id": "1번",
              "sex": "여성",
              "age": "20대"
            },
            "speechAct": "(단언) 주장하기",
            "morpheme": "키/NNG+키나/XSA+ETN+JX+도/JX+안/MAG+간지/VV+EC+오래/MAG+됐/VV+EP+어/EF+ㅠㅠ/UNKNOWN"
          },
          {
            "id": 5,
            "text": "1 : 오이도는 어딨는 거지?",
            "norm_text": "오이도는 어딨는 거지?",
            "speaker": {
              "id": "1번",
              "sex": "여성",
              "age": "20대"
            },
            "speechAct": "(지시) 질문하기",
            "morpheme": "오이도/NNP+는/JX+어딨/VA+는/ETM+거/NNB+지/VCP+EF"
          },
          {
            "id": 6,
            "text": "2 : 그러게 나도 오이도 들어는 본 거 같은데 정확히 어딘지는 모르겠넹",
            "norm_text": "그러게 나도 오이도 들어는 본 거 같은데 정확히 어딘지는 모르겠넹",
            "speaker": {
              "id": "2번",
              "sex": "남성",
              "age": "20대"
            },
            "speechAct": "(단언) 주장하기",
            "morpheme": "그러게/IC+나/NP+도/JX+오이/NNG+도/JX+들/VV+어/EC+는/JX+본/VX+ETM+거/NNB+같/VA+은데/EC+정확히/MAG+어딘지/NP+VCP+EC+는/JX+모르/VV+겠/EP+넹/NNP"
          },
          {
            "id": 7,
            "text": "3 : 음 인천 옆구리에 있어!",
            "norm_text": "음 인천 옆구리에 있어!",
            "speaker": {
              "id": "3번",
              "sex": "남성",
              "age": "20대"
            },
            "speechAct": "(단언) 주장하기",
            "morpheme": "음/IC+인천/NNP+옆구리/NNG+에/JKB+있/VV+어/EF"
          },
          {
            "id": 8,
            "text": "1 : 오이도 섬인 거야? 키키",
            "norm_text": "오이도 섬인 거야? 키키",
            "speaker": {
              "id": "1번",
              "sex": "여성",
              "age": "20대"
            },
            "speechAct": "(지시) 질문하기",
            "morpheme": "오이/NNG+도/JX+섬/NNG+인/VCP+ETM+거/NNB+야/VCP+EF+키/NNG+키/XSV+ETN"
          },
          {
            "id": 9,
            "text": "1 : 거기 잘 되어 있어?",
            "norm_text": "거기 잘 되어 있어?",
            "speaker": {
              "id": "1번",
              "sex": "여성",
              "age": "20대"
            },
            "speechAct": "(지시) 질문하기",
            "morpheme": "거기/NP+잘/MAG+되/VV+어/EC+있/VX+어/EF"
          },
          {
            "id": 10,
            "text": "2 : 그러게 섬이면 배 타고 가야하는 건가?",
            "norm_text": "그러게 섬이면 배 타고 가야하는 건가?",
            "speaker": {
              "id": "2번",
              "sex": "남성",
              "age": "20대"
            },
            "speechAct": "(지시) 질문하기",
            "morpheme": "그러/VV+게/EC+섬/NNG+이/VCP+면/EC+배/NNG+타/VV+고/EC+가/VX+야/EC+하/VV+는/ETM+건가/NNB+VCP+EF"
          },
          {
            "id": 11,
            "text": "3 : 아니야 지하철 타고 갈 수 있어",
            "norm_text": "아니야 지하철 타고 갈 수 있어",
            "speaker": {
              "id": "3번",
              "sex": "남성",
              "age": "20대"
            },
            "speechAct": "(단언) 진술하기",
            "morpheme": "아니야/IC+지하철/NNG+타/VV+고/EC+갈/VX+ETM+수/NNB+있/VV+어/EC"
          },
          {
            "id": 12,
            "text": "1 : 아 그래?",
            "norm_text": "아 그래?",
            "speaker": {
              "id": "1번",
              "sex": "여성",
              "age": "20대"
            },
            "speechAct": "(지시) 질문하기",
            "morpheme": "아/IC+그래/IC"
          },
          {
            "id": 13,
            "text": "1 : 왕복 얼마나 걸렸어?",
            "norm_text": "왕복 얼마나 걸렸어?",
            "speaker": {
              "id": "1번",
              "sex": "여성",
              "age": "20대"
            },
            "speechAct": "(지시) 질문하기",
            "morpheme": "왕복/NNG+얼마나/MAG+걸렸/VV+EP+어/EF"
          },
          {
            "id": 14,
            "text": "2 : 오 섬이 아닌가보네? 신기하다 키키",
            "norm_text": "오 섬이 아닌가보네? 신기하다 키키",
            "speaker": {
              "id": "2번",
              "sex": "남성",
              "age": "20대"
            },
            "speechAct": "(지시) 질문하기",
            "morpheme": "오/NR+섬/NNBC+이/JKC+아닌가/VCN+EC+보/VX+네/EF+신기/XR+하/XSA+다키키/NNP"
          },
          {
            "id": 15,
            "text": "3 : 나는 왕복 2시간 걸렸어!",
            "norm_text": "나는 왕복 2시간 걸렸어!",
            "speaker": {
              "id": "3번",
              "sex": "남성",
              "age": "20대"
            },
            "speechAct": "(단언) 진술하기",
            "morpheme": "나/NP+는/JX+왕복/NNG+2/SN+시간/NNBC+걸렸/VV+EP+어/EF"
          },
          {
            "id": 16,
            "text": "1 : 아앙 키키 그 안에 어떻게 되어있어?",
            "norm_text": "아앙 키키 그 안에 어떻게 되어있어?",
            "speaker": {
              "id": "1번",
              "sex": "여성",
              "age": "20대"
            },
            "speechAct": "(지시) 질문하기",
            "morpheme": "아앙/IC+키키/NNP+그/MM+안/NNG+에/JKB+어떻게/MAG+되/VV+어/EC+있/VX+어/EF"
          },
          {
            "id": 17,
            "text": "2 : 아아 생각보다 엄청 오래 걸리진 않았네?",
            "norm_text": "아아 생각보다 엄청 오래 걸리진 않았네?",
            "speaker": {
              "id": "2번",
              "sex": "남성",
              "age": "20대"
            },
            "speechAct": "(단언) 주장하기",
            "morpheme": "아아/IC+생각/NNG+보다/JKB+엄청/MAG+오래/MAG+걸리/VV+진/EC+JX+않/VX+았/EP+네/EF"
          },
          {
            "id": 18,
            "text": "3 : 바다가 되게 뻘 같더라고",
            "norm_text": "바다가 되게 뻘 같더라고",
            "speaker": {
              "id": "3번",
              "sex": "남성",
              "age": "20대"
            },
            "speechAct": "(단언) 주장하기",
            "morpheme": "바다/NNG+가/JKS+되게/MAG+뻘/NNG+같/VA+더라고/EC"
          },
          {
            "id": 19,
            "text": "1 : 나중에 한번 다녀와야지 키키 궁금하네",
            "norm_text": "나중에 한번 다녀와야지 키키 궁금하네",
            "speaker": {
              "id": "1번",
              "sex": "여성",
              "age": "20대"
            },
            "speechAct": "(언약) 약속하기(제3자와)/(개인적 수준)",
            "morpheme": "나중/NNG+에/JKB+한/MM+번/NNBC+다녀와야/VV+EC+VX+지/EC+키/NNG+키/XSV+ETN+궁금/XR+하/XSA+네/EC"
          },
          {
            "id": 20,
            "text": "2 : 그러게 나도 나중에 한번 갔다 와봐야겠다",
            "norm_text": "그러게 나도 나중에 한번 갔다 와봐야겠다",
            "speaker": {
              "id": "2번",
              "sex": "남성",
              "age": "20대"
            },
            "speechAct": "(언약) 약속하기(제3자와)/(개인적 수준)",
            "morpheme": "그러게/IC+나/NP+도/JX+나중/NNG+에/JKB+한/MM+번/NNBC+갔다와/VV+EC+봐야/VX+EC+VV+겠/EP+다/EC"
          },
          {
            "id": 21,
            "text": "3 : 추천 하고 싶진 않지만 가보면 좋을 거 같긴해",
            "norm_text": "추천 하고 싶진 않지만 가보면 좋을 거 같긴해",
            "speaker": {
              "id": "3번",
              "sex": "남성",
              "age": "20대"
            },
            "speechAct": "(단언) 주장하기",
            "morpheme": "추천/NNG+하/XSV+고/EC+싶/VX+진/EC+JX+않/VX+지만/EC+가/JKS+보/VV+면/EC+좋/VA+을/ETM+거/NNB+같/VA+긴/ETN+JX+해/VX+EC"
          }
        ]
      }
    }
  ]
}