{
  "dataset": {
    "identifier": 68247,
    "name": "BAND_36_19_set",
    "src_path": "/data/file/cubeManager/PROJECT001/53/txt20211006142823078488/BAND_36_19_set/",
    "label_path": "/data/file/cubeManager/PROJECT001/53/txt20211006142823078488/BAND_36_19_set/",
    "category": 2,
    "type": 0
  },
  "licenses": {
    "name": "Apache License 1.0",
    "url": "http://www.apache.org/licenses/LICENSE-1.0"
  },
  "info": [
    {
      "id": 45671,
      "filename": "BAND_36_19.txt",
      "title": "BAND_36_19",
      "mediatype": "SNS",
      "medianame": "네이버밴드",
      "category": "일상대화",
      "date": "2021-10-06",
      "size": 1178,
      "annotations": {
        "subject": "방송/연예",
        "speaker_type": "다자간 대화",
        "size": 1178,
        "word_size": 363,
        "text": "1 : 이제 시험도 끝났으니까 슬기로운 의사생활 다시 보고 있나? 키키\n1 : 나 완전 최근 화까지 봤는데 진짜 대박이얌...\n2 : 나 저번 주에 한 거 보고 완전 콩닥콩닥~ 다 봤어?\n3 : 나 지금 정말 최선을 다해서 10화까지 봄 후욱후욱 이제 집 가서 11화 보고 내일 최종화 보면 돼 후욱후욱\n1 : 흐흐 재밌지 근데 이거 시즌 3도 나오는 거야? 2가 끝인 건가?\n2 : 쓰리 나온다는 말도 있던데~ 그런데 지금 2가 1보다 반응이 안 좋다며?\n3 : 헐 왜지... 재미만 있는데 ㅠㅠ 근데 왠지 3까지 나오면 작품성 떨어질 것 같긴 함... 여기서 끝내는 게 뭔가 더 풋풋하게 끝날 것 같은 느낌...?\n1 : 그치 나도 딱 이 정도에서 끝내는 게 좋다고 생각하긴 해... 3까지 가면 좀 너무 끄는 느낌?\n2 : 아 근데 익준이와 송화의 러브스토리를 보고 싶다고~\n3 : 하 근데 솔직히 11화 너무 역대급이었어서 이미 스포 다 당함 키키\n1 : 키키 나도 본방으로 안 보고 며칠 지나고 봤는데 이미 네이버에서 스포 다 당함\n2 : 난 모르고 봐서 진짜 놀랐는데~\n3 : 끄아아 부럽다 ㅠㅠ 이거 끝나면 이제 뭐 보냐...\n3 : 뭐 추천할만한 드라마 있어?\n1 : 시그널도 재밌다고 했었는데! 혹시 본 사람?\n2 : 나요~ 그거 진짜 재밌어 근데 전체적으로 분위기가 어두워서 밝은 거 좋아하는 사람한테는 비추천\n3 : 아악 시그널 진짜 완전 짱 명작... 나 저거 이틀 만에 다 봤어 ㅠㅠ\n3 : 나도 좀 어두운 거 안 보는데 저거는 뭐랄까... 보게 되더라 키키 막상 시작하니까 멈출 수 없었어\n1 : 나는 밝은 거 좋아하긴 한데 궁금해... 저거 막 시간 왔다 갔다 하고 그런 거지?\n2 : 약간 영화 동감 같은 드라마? 과거와 현재가 인터폰으로 연결 돼 키키\n3 : 웅웅 현재에서 미제 사건으로 남은 것들 그 때 당시 수사하던 과거의 조진웅한테 무전기로 연락해서 막 서로 같이 수사하는?\n1 : 아아 재밌겠당 영화 동감...은 뭐지? 누구 나오는 거야?\n2 : 유지태 김하늘~ 완전 고전 영화~\n3 : 난 순간 최근 영화인 줄 알고 김하늘이랑 하지원 왜 이렇게 젊지! 했다 키키\n1 : 아~ 뭔가 제목은 들어본 거 같은데 잘 모르는 영화야 키키 하 오늘 슬의생 하는 날이네... 근데 난 늘 본방으로 못 봐 키키\n2 : 난 늘 본방으로 봐 기다릴 수 없어!\n3 : 어제 슬의생 본방 봤다 ㅠㅠ 진짜 수술씬 대박적으로 많더라...",
        "lines": [
          {
            "id": 1,
            "text": "1 : 이제 시험도 끝났으니까 슬기로운 의사생활 다시 보고 있나? 키키",
            "norm_text": "이제 시험도 끝났으니까 슬기로운 의사생활 다시 보고 있나? 키키",
            "speaker": {
              "id": "1번",
              "sex": "여성",
              "age": "20대"
            },
            "speechAct": "(지시) 질문하기",
            "morpheme": "이제/MAG+시험/NNG+도/JX+끝/NNG+났/VV+EP+으니까/EC+슬기/NNG+로운/XSA+ETM+의사/NNG+생활/NNG+다시/MAG+보/VV+고/EC+있/VX+나/EF+키/NNG+키/XSV+ETN"
          },
          {
            "id": 2,
            "text": "1 : 나 완전 최근 화까지 봤는데 진짜 대박이얌...",
            "norm_text": "나 완전 최근 화까지 봤는데 진짜 대박이얌...",
            "speaker": {
              "id": "1번",
              "sex": "여성",
              "age": "20대"
            },
            "speechAct": "(단언) 주장하기",
            "morpheme": "나/NP+완전/MAG+최근/NNG+화/XSN+까지/JX+봤/VV+EP+는데/EC+진짜/MAG+대박/NNG+이얌/NNG+./SY+./SY"
          },
          {
            "id": 3,
            "text": "2 : 나 저번 주에 한 거 보고 완전 콩닥콩닥~ 다 봤어?",
            "norm_text": "나 저번 주에 한 거 보고 완전 콩닥콩닥~ 다 봤어?",
            "speaker": {
              "id": "2번",
              "sex": "여성",
              "age": "30대"
            },
            "speechAct": "(지시) 질문하기",
            "morpheme": "나/NP+저번/NNG+주/NNG+에/JKB+한/VV+ETM+거/NNB+보고/JKB+완전/NNG+콩닥콩닥/MAG+~/SY+다/MAG+봤/VV+EP+어/EF"
          },
          {
            "id": 4,
            "text": "3 : 나 지금 정말 최선을 다해서 10화까지 봄 후욱후욱 이제 집 가서 11화 보고 내일 최종화 보면 돼 후욱후욱",
            "norm_text": "나 지금 정말 최선을 다해서 10화까지 봄 후욱후욱 이제 집 가서 11화 보고 내일 최종화 보면 돼 후욱후욱",
            "speaker": {
              "id": "3번",
              "sex": "여성",
              "age": "20대"
            },
            "speechAct": "(단언) 주장하기",
            "morpheme": "나/NP+지금/MAG+정말/MAG+최선/NNG+을/JKO+다/MAG+해서/VV+EC+10/SN+화까지봄후욱후욱이제집가서/UNKNOWN+11/SN+화보고내일최종화보면돼후욱후욱/UNKNOWN"
          },
          {
            "id": 5,
            "text": "1 : 흐흐 재밌지 근데 이거 시즌 3도 나오는 거야? 2가 끝인 건가?",
            "norm_text": "흐흐 재밌지 근데 이거 시즌 3도 나오는 거야? 2가 끝인 건가?",
            "speaker": {
              "id": "1번",
              "sex": "여성",
              "age": "20대"
            },
            "speechAct": "(지시) 질문하기",
            "morpheme": "흐흐/MAG+재밌/VA+지/EF+근데/MAJ+이거/NP+시즌/NNG+3/SN+도/NNBC+나오/VV+는/ETM+거/NNB+야/VCP+EF+2/SN+가/JKS+끝/NNG+인/VCP+ETM+건가/NNB+VCP+EF"
          },
          {
            "id": 6,
            "text": "2 : 쓰리 나온다는 말도 있던데~ 그런데 지금 2가 1보다 반응이 안 좋다며?",
            "norm_text": "쓰리 나온다는 말도 있던데~ 그런데 지금 2가 1보다 반응이 안 좋다며?",
            "speaker": {
              "id": "2번",
              "sex": "여성",
              "age": "30대"
            },
            "speechAct": "(지시) 질문하기",
            "morpheme": "쓰리/NR+나온다는/VV+ETM+말/NNG+도/JX+있/VA+던데/EC+~/SY+그런데/MAJ+지금/MAG+2/SN+가/XSN+1/SN+보다/JKB+반응/NNG+이/JKS+안/MAG+좋/VA+다며/EF"
          },
          {
            "id": 7,
            "text": "3 : 헐 왜지... 재미만 있는데 ㅠㅠ 근데 왠지 3까지 나오면 작품성 떨어질 것 같긴 함... 여기서 끝내는 게 뭔가 더 풋풋하게 끝날 것 같은 느낌...?",
            "norm_text": "헐 왜지... 재미만 있는데 ㅠㅠ 근데 왠지 3까지 나오면 작품성 떨어질 것 같긴 함... 여기서 끝내는 게 뭔가 더 풋풋하게 끝날 것 같은 느낌...?",
            "speaker": {
              "id": "3번",
              "sex": "여성",
              "age": "20대"
            },
            "speechAct": "(단언) 진술하기",
            "morpheme": "헐/IC+왜지/NNG+./SY+./SY+재미만있는데ㅠㅠ근데왠지/UNKNOWN+3/SN+까지/JX+나오/VV+면/EC+작품/NNG+성/XSN+떨어질/VV+ETM+것/NNB+같/VA+긴/ETN+JX+함/VX+ETN+./SY+여기/NP+서/JKB+끝내/VV+는/ETM+게/NNB+JKS+뭔가/NP+VCP+EC+더/MAG+풋풋/XR+하/XSA+게/EC+끝날/VV+ETM+것/NNB+같/VA+은/ETM+느낌/NNG+./SY+./SY"
          },
          {
            "id": 8,
            "text": "1 : 그치 나도 딱 이 정도에서 끝내는 게 좋다고 생각하긴 해... 3까지 가면 좀 너무 끄는 느낌?",
            "norm_text": "그치 나도 딱 이 정도에서 끝내는 게 좋다고 생각하긴 해... 3까지 가면 좀 너무 끄는 느낌?",
            "speaker": {
              "id": "1번",
              "sex": "여성",
              "age": "20대"
            },
            "speechAct": "(단언) 진술하기",
            "morpheme": "그치/IC+나/NP+도/JX+딱/MAG+이/MM+정도/NNG+에서/JKB+끝내/VV+는/ETM+게/NNB+JKS+좋/VA+다고/EC+생각/NNG+하/XSV+긴/ETN+JX+해/VX+EF+./SY+./SY+3/SN+까지/JX+가/VV+면/EC+좀/MAG+너무/MAG+끄/VV+는/ETM+느낌/NNG"
          },
          {
            "id": 9,
            "text": "2 : 아 근데 익준이와 송화의 러브스토리를 보고 싶다고~",
            "norm_text": "아 근데 익준이와 송화의 러브스토리를 보고 싶다고~",
            "speaker": {
              "id": "2번",
              "sex": "여성",
              "age": "30대"
            },
            "speechAct": "(단언) 주장하기",
            "morpheme": "아/IC+근데/MAJ+익/IC+준이/NNG+와/JC+송화/NNG+의/JKG+러브/NNG+스토리/NNG+를/JKO+보/VV+고/EC+싶/VX+다고/EC+~/SY"
          },
          {
            "id": 10,
            "text": "3 : 하 근데 솔직히 11화 너무 역대급이었어서 이미 스포 다 당함 키키",
            "norm_text": "하 근데 솔직히 11화 너무 역대급이었어서 이미 스포 다 당함 키키",
            "speaker": {
              "id": "3번",
              "sex": "여성",
              "age": "20대"
            },
            "speechAct": "(단언) 진술하기",
            "morpheme": "하/IC+근데/MAJ+솔직히/MAG+11/SN+화너무역대급이었어서이미스포다당함키키/UNKNOWN"
          },
          {
            "id": 11,
            "text": "1 : 키키 나도 본방으로 안 보고 며칠 지나고 봤는데 이미 네이버에서 스포 다 당함",
            "norm_text": "키키 나도 본방으로 안 보고 며칠 지나고 봤는데 이미 네이버에서 스포 다 당함",
            "speaker": {
              "id": "1번",
              "sex": "여성",
              "age": "20대"
            },
            "speechAct": "(단언) 진술하기",
            "morpheme": "키/NNG+키나/XSA+ETN+JX+도/JX+본방/NNG+으로/JKB+안/MAG+보/VV+고/EC+며칠/NNG+지나/VV+고/EC+봤/VX+EP+는데/EC+이미/MAG+네이버/NNP+에서/JKB+스포/UNKNOWN+다당/NNG+함/XSV+ETN"
          },
          {
            "id": 12,
            "text": "2 : 난 모르고 봐서 진짜 놀랐는데~",
            "norm_text": "난 모르고 봐서 진짜 놀랐는데~",
            "speaker": {
              "id": "2번",
              "sex": "여성",
              "age": "30대"
            },
            "speechAct": "(단언) 주장하기",
            "morpheme": "난/NP+JX+모르/VV+고/EC+봐서/VV+EC+진짜/MAG+놀랐/VV+EP+는데/EC+~/SY"
          },
          {
            "id": 13,
            "text": "3 : 끄아아 부럽다 ㅠㅠ 이거 끝나면 이제 뭐 보냐...",
            "norm_text": "끄아아 부럽다 ㅠㅠ 이거 끝나면 이제 뭐 보냐...",
            "speaker": {
              "id": "3번",
              "sex": "여성",
              "age": "20대"
            },
            "speechAct": "(단언) 주장하기",
            "morpheme": "끄아아부럽다ㅠㅠ이거끝나면이제뭐보냐/UNKNOWN+./SY"
          },
          {
            "id": 14,
            "text": "3 : 뭐 추천할만한 드라마 있어?",
            "norm_text": "뭐 추천할만한 드라마 있어?",
            "speaker": {
              "id": "3번",
              "sex": "여성",
              "age": "20대"
            },
            "speechAct": "(지시) 질문하기",
            "morpheme": "뭐/IC+추천/NNG+할/XSV+ETM+만/NNB+한/XSA+ETM+드라마/NNG+있/VA+어/EF"
          },
          {
            "id": 15,
            "text": "1 : 시그널도 재밌다고 했었는데! 혹시 본 사람?",
            "norm_text": "시그널도 재밌다고 했었는데! 혹시 본 사람?",
            "speaker": {
              "id": "1번",
              "sex": "여성",
              "age": "20대"
            },
            "speechAct": "(지시) 질문하기",
            "morpheme": "시그널/NNG+도/JX+재밌/VA+다고/EC+했었/VX+EP+는데/EF+혹시/MAG+본/VV+ETM+사람/NNG"
          },
          {
            "id": 16,
            "text": "2 : 나요~ 그거 진짜 재밌어 근데 전체적으로 분위기가 어두워서 밝은 거 좋아하는 사람한테는 비추천",
            "norm_text": "나요~ 그거 진짜 재밌어 근데 전체적으로 분위기가 어두워서 밝은 거 좋아하는 사람한테는 비추천",
            "speaker": {
              "id": "2번",
              "sex": "여성",
              "age": "30대"
            },
            "speechAct": "(단언) 주장하기",
            "morpheme": "나/NP+요/JX+~/SY+그거/NP+진짜/MAG+재밌/VA+어/EF+근데/MAJ+전체/NNG+적/XSN+으로/JKB+분위기/NNG+가/JKS+어두워서/VA+EC+밝/VA+은/ETM+거/NNB+좋/VA+아/EC+하/VV+는/ETM+사람/NNG+한테/JKB+는/JX+비/XPN+추천/NNG"
          },
          {
            "id": 17,
            "text": "3 : 아악 시그널 진짜 완전 짱 명작... 나 저거 이틀 만에 다 봤어 ㅠㅠ",
            "norm_text": "아악 시그널 진짜 완전 짱 명작... 나 저거 이틀 만에 다 봤어 ㅠㅠ",
            "speaker": {
              "id": "3번",
              "sex": "여성",
              "age": "20대"
            },
            "speechAct": "(단언) 진술하기",
            "morpheme": "아악시그널진짜완전짱명작/UNKNOWN+./SY+나저거이틀만에다봤어ㅠㅠ/UNKNOWN"
          },
          {
            "id": 18,
            "text": "3 : 나도 좀 어두운 거 안 보는데 저거는 뭐랄까... 보게 되더라 키키 막상 시작하니까 멈출 수 없었어",
            "norm_text": "나도 좀 어두운 거 안 보는데 저거는 뭐랄까... 보게 되더라 키키 막상 시작하니까 멈출 수 없었어",
            "speaker": {
              "id": "3번",
              "sex": "여성",
              "age": "20대"
            },
            "speechAct": "(단언) 진술하기",
            "morpheme": "나/NP+도/JX+좀/MAG+어두운/VA+ETM+거/NNB+안/MAG+보/VV+는데/EC+저거/NP+는/JX+뭐/NP+랄까/VCP+EF+./SY+보/VV+게/EC+되/VV+더라/EC+키/NNG+키/NNG+막상/MAG+시작/NNG+하/XSV+니까/EC+멈출/VV+ETM+수/NNB+없/VA+었/EP+어/EC"
          },
          {
            "id": 19,
            "text": "1 : 나는 밝은 거 좋아하긴 한데 궁금해... 저거 막 시간 왔다 갔다 하고 그런 거지?",
            "norm_text": "나는 밝은 거 좋아하긴 한데 궁금해... 저거 막 시간 왔다 갔다 하고 그런 거지?",
            "speaker": {
              "id": "1번",
              "sex": "여성",
              "age": "20대"
            },
            "speechAct": "(지시) 질문하기",
            "morpheme": "나/NP+는/JX+밝/VA+은/ETM+거/NNB+좋/VA+아/EC+하/VV+긴/ETN+JX+한데/VX+EC+궁금/XR+해/XSA+EF+./SY+저/MM+거막/NNG+시간/NNG+왔다갔다/MAG+하/VV+고/EC+그런/MM+거/NNB+지/VCP+EF"
          },
          {
            "id": 20,
            "text": "2 : 약간 영화 동감 같은 드라마? 과거와 현재가 인터폰으로 연결 돼 키키",
            "norm_text": "약간 영화 동감 같은 드라마? 과거와 현재가 인터폰으로 연결 돼 키키",
            "speaker": {
              "id": "2번",
              "sex": "여성",
              "age": "30대"
            },
            "speechAct": "(단언) 진술하기",
            "morpheme": "약간/MAG+영화/NNG+동감/NNG+같/VA+은/ETM+드라마/NNG+?/SY+과거/NNG+와/JC+현재/NNG+가/JKS+인터폰/NNG+으로/JKB+연결/NNG+돼/XSV+EC+키/NNG+키/XSV+ETN"
          },
          {
            "id": 21,
            "text": "3 : 웅웅 현재에서 미제 사건으로 남은 것들 그 때 당시 수사하던 과거의 조진웅한테 무전기로 연락해서 막 서로 같이 수사하는?",
            "norm_text": "웅웅 현재에서 미제 사건으로 남은 것들 그 때 당시 수사하던 과거의 조진웅한테 무전기로 연락해서 막 서로 같이 수사하는?",
            "speaker": {
              "id": "3번",
              "sex": "여성",
              "age": "20대"
            },
            "speechAct": "(단언) 진술하기",
            "morpheme": "웅웅/MAG+현재/NNG+에서/JKB+미제/NNG+사건/NNG+으로/JKB+남/VV+은/ETM+것/NNB+들/XSN+그때/NNG+당시/NNG+수사/NNG+하/XSV+던/ETM+과거/NNG+의/JKG+조진웅/NNP+한테/JKB+무전기/NNG+로/JKB+연락/NNG+해서/XSV+EC+막/VV+서/EC+로/JKB+같이/MAG+수사/NNG+하/XSV+는/ETM"
          },
          {
            "id": 22,
            "text": "1 : 아아 재밌겠당 영화 동감...은 뭐지? 누구 나오는 거야?",
            "norm_text": "아아 재밌겠당 영화 동감...은 뭐지? 누구 나오는 거야?",
            "speaker": {
              "id": "1번",
              "sex": "여성",
              "age": "20대"
            },
            "speechAct": "(지시) 질문하기",
            "morpheme": "아아/IC+재밌/VA+겠/EP+당/XSN+영화/NNG+동감/NNG+./SY+./SY+은/JX+뭐/NP+지/VCP+EF+누구/NP+나오/VV+는/ETM+거/NNB+야/VCP+EF"
          },
          {
            "id": 23,
            "text": "2 : 유지태 김하늘~ 완전 고전 영화~",
            "norm_text": "유지태 김하늘~ 완전 고전 영화~",
            "speaker": {
              "id": "2번",
              "sex": "여성",
              "age": "30대"
            },
            "speechAct": "(단언) 진술하기",
            "morpheme": "유지태/NNP+김하늘/NNP+~/SY+완전/NNG+고전/NNG+영화/NNG+~/SY"
          },
          {
            "id": 24,
            "text": "3 : 난 순간 최근 영화인 줄 알고 김하늘이랑 하지원 왜 이렇게 젊지! 했다 키키",
            "norm_text": "난 순간 최근 영화인 줄 알고 김하늘이랑 하지원 왜 이렇게 젊지! 했다 키키",
            "speaker": {
              "id": "3번",
              "sex": "여성",
              "age": "20대"
            },
            "speechAct": "(단언) 진술하기",
            "morpheme": "난순간최근영화인줄알고김하늘이랑하지원왜이렇게젊지/UNKNOWN+했/VV+EP+다키키/NNP"
          },
          {
            "id": 25,
            "text": "1 : 아~ 뭔가 제목은 들어본 거 같은데 잘 모르는 영화야 키키 하 오늘 슬의생 하는 날이네... 근데 난 늘 본방으로 못 봐 키키",
            "norm_text": "아~ 뭔가 제목은 들어본 거 같은데 잘 모르는 영화야 키키 하 오늘 슬의생 하는 날이네... 근데 난 늘 본방으로 못 봐 키키",
            "speaker": {
              "id": "1번",
              "sex": "여성",
              "age": "20대"
            },
            "speechAct": "(단언) 주장하기",
            "morpheme": "아/IC+~/SY+뭔가제목은들어본거같은데잘모르는영화야키키하오늘슬의생하는날이네/UNKNOWN+./SY+근데난늘본방으로못봐키키/UNKNOWN"
          },
          {
            "id": 26,
            "text": "2 : 난 늘 본방으로 봐 기다릴 수 없어!",
            "norm_text": "난 늘 본방으로 봐 기다릴 수 없어!",
            "speaker": {
              "id": "2번",
              "sex": "여성",
              "age": "30대"
            },
            "speechAct": "(단언) 주장하기",
            "morpheme": "난/NP+JX+늘/MAG+본방/NNG+으로/JKB+봐/VV+EC+기다릴/VV+ETM+수/NNB+없/VA+어/EF"
          },
          {
            "id": 27,
            "text": "3 : 어제 슬의생 본방 봤다 ㅠㅠ 진짜 수술씬 대박적으로 많더라...",
            "norm_text": "어제 슬의생 본방 봤다 ㅠㅠ 진짜 수술씬 대박적으로 많더라...",
            "speaker": {
              "id": "3번",
              "sex": "여성",
              "age": "20대"
            },
            "speechAct": "(단언) 진술하기",
            "morpheme": "어제슬의생본방봤다ㅠㅠ진짜수술씬대박적으로많더라/UNKNOWN+./SY"
          }
        ]
      }
    }
  ]
}