{
  "dataset": {
    "identifier": 18546,
    "name": "BAND_24_17_set",
    "src_path": "/data/file/cubeManager/PROJECT001/49/txt20210915121726079754/BAND_24_17_set/",
    "label_path": "/data/file/cubeManager/PROJECT001/49/txt20210915121726079754/BAND_24_17_set/",
    "category": 2,
    "type": 0
  },
  "licenses": {
    "name": "Apache License 1.0",
    "url": "http://www.apache.org/licenses/LICENSE-1.0"
  },
  "info": [
    {
      "id": 26057,
      "filename": "BAND_24_17.txt",
      "title": "BAND_24_17",
      "mediatype": "SNS",
      "medianame": "네이버밴드",
      "category": "일상대화",
      "date": "2021-09-15",
      "size": 344,
      "annotations": {
        "subject": "건강",
        "speaker_type": "1:1",
        "size": 344,
        "word_size": 119,
        "text": "1 : 너는 관절 말고 아픈 곳은 딱히 없어?\n2 : 요새 눈이 아프네 건조해서 그런가?\n1 : 눈? 요새 컴퓨터를 많이 보지?\n2 : 그렇지 아무래도 일이 그렇다 보니까\n1 : 그치? 눈이 떨리지는 않고?\n2 : 다행히 눈은 떨리지 않아\n1 : 눈이 어떤 식으로 아파?\n2 : 눈이 뻑뻑하고 가끔 붓는 느낌이야\n1 : 지금 안경 쓰고 있지?\n2 : 어 쓰고 있지 안 쓰면 안 보옄 키키\n1 : 그 정도야? 너 시력이 몇이야?\n2 : 나 왼쪽 0.6 오른쪽 0.7일 거야 아마\n1 : 나도 그 정도인데 그렇게 안 보여?\n2 : 아 내가 난시랑 근시가 같이 있어\n1 : 나는 근시만 있어서 그런가 봐!\n2 : 음 안경 안 쓴 사람이 부러워 ㅜㅜ",
        "lines": [
          {
            "id": 1,
            "text": "1 : 너는 관절 말고 아픈 곳은 딱히 없어?",
            "norm_text": "1 : 너는 관절 말고 아픈 곳은 딱히 없어?",
            "speaker": {
              "id": "1번",
              "sex": "여성",
              "age": "20대"
            },
            "speechAct": "N/A",
            "morpheme": ""
          },
          {
            "id": 2,
            "text": "2 : 요새 눈이 아프네 건조해서 그런가?",
            "norm_text": "1 : 너는 관절 말고 아픈 곳은 딱히 없어?",
            "speaker": {
              "id": "2번",
              "sex": "여성",
              "age": "20대"
            },
            "speechAct": "N/A",
            "morpheme": ""
          },
          {
            "id": 3,
            "text": "1 : 눈? 요새 컴퓨터를 많이 보지?",
            "norm_text": "1 : 너는 관절 말고 아픈 곳은 딱히 없어?",
            "speaker": {
              "id": "1번",
              "sex": "여성",
              "age": "20대"
            },
            "speechAct": "N/A",
            "morpheme": ""
          },
          {
            "id": 4,
            "text": "2 : 그렇지 아무래도 일이 그렇다 보니까",
            "norm_text": "1 : 너는 관절 말고 아픈 곳은 딱히 없어?",
            "speaker": {
              "id": "2번",
              "sex": "여성",
              "age": "20대"
            },
            "speechAct": "N/A",
            "morpheme": ""
          },
          {
            "id": 5,
            "text": "1 : 그치? 눈이 떨리지는 않고?",
            "norm_text": "1 : 너는 관절 말고 아픈 곳은 딱히 없어?",
            "speaker": {
              "id": "1번",
              "sex": "여성",
              "age": "20대"
            },
            "speechAct": "N/A",
            "morpheme": ""
          },
          {
            "id": 6,
            "text": "2 : 다행히 눈은 떨리지 않아",
            "norm_text": "1 : 너는 관절 말고 아픈 곳은 딱히 없어?",
            "speaker": {
              "id": "2번",
              "sex": "여성",
              "age": "20대"
            },
            "speechAct": "N/A",
            "morpheme": ""
          },
          {
            "id": 7,
            "text": "1 : 눈이 어떤 식으로 아파?",
            "norm_text": "1 : 너는 관절 말고 아픈 곳은 딱히 없어?",
            "speaker": {
              "id": "1번",
              "sex": "여성",
              "age": "20대"
            },
            "speechAct": "N/A",
            "morpheme": ""
          },
          {
            "id": 8,
            "text": "2 : 눈이 뻑뻑하고 가끔 붓는 느낌이야",
            "norm_text": "1 : 너는 관절 말고 아픈 곳은 딱히 없어?",
            "speaker": {
              "id": "2번",
              "sex": "여성",
              "age": "20대"
            },
            "speechAct": "N/A",
            "morpheme": ""
          },
          {
            "id": 9,
            "text": "1 : 지금 안경 쓰고 있지?",
            "norm_text": "1 : 너는 관절 말고 아픈 곳은 딱히 없어?",
            "speaker": {
              "id": "1번",
              "sex": "여성",
              "age": "20대"
            },
            "speechAct": "N/A",
            "morpheme": ""
          },
          {
            "id": 10,
            "text": "2 : 어 쓰고 있지 안 쓰면 안 보옄 키키",
            "norm_text": "1 : 너는 관절 말고 아픈 곳은 딱히 없어?",
            "speaker": {
              "id": "2번",
              "sex": "여성",
              "age": "20대"
            },
            "speechAct": "N/A",
            "morpheme": ""
          },
          {
            "id": 11,
            "text": "1 : 그 정도야? 너 시력이 몇이야?",
            "norm_text": "1 : 너는 관절 말고 아픈 곳은 딱히 없어?",
            "speaker": {
              "id": "1번",
              "sex": "여성",
              "age": "20대"
            },
            "speechAct": "N/A",
            "morpheme": ""
          },
          {
            "id": 12,
            "text": "2 : 나 왼쪽 0.6 오른쪽 0.7일 거야 아마",
            "norm_text": "1 : 너는 관절 말고 아픈 곳은 딱히 없어?",
            "speaker": {
              "id": "2번",
              "sex": "여성",
              "age": "20대"
            },
            "speechAct": "N/A",
            "morpheme": ""
          },
          {
            "id": 13,
            "text": "1 : 나도 그 정도인데 그렇게 안 보여?",
            "norm_text": "1 : 너는 관절 말고 아픈 곳은 딱히 없어?",
            "speaker": {
              "id": "1번",
              "sex": "여성",
              "age": "20대"
            },
            "speechAct": "N/A",
            "morpheme": ""
          },
          {
            "id": 14,
            "text": "2 : 아 내가 난시랑 근시가 같이 있어",
            "norm_text": "1 : 너는 관절 말고 아픈 곳은 딱히 없어?",
            "speaker": {
              "id": "2번",
              "sex": "여성",
              "age": "20대"
            },
            "speechAct": "N/A",
            "morpheme": ""
          },
          {
            "id": 15,
            "text": "1 : 나는 근시만 있어서 그런가 봐!",
            "norm_text": "1 : 너는 관절 말고 아픈 곳은 딱히 없어?",
            "speaker": {
              "id": "1번",
              "sex": "여성",
              "age": "20대"
            },
            "speechAct": "N/A",
            "morpheme": ""
          },
          {
            "id": 16,
            "text": "2 : 음 안경 안 쓴 사람이 부러워 ㅜㅜ",
            "norm_text": "음 안경 안 쓴 사람이 부러워 ㅜㅜ",
            "speaker": {
              "id": "2번",
              "sex": "여성",
              "age": "20대"
            },
            "speechAct": "(단언) 주장하기",
            "morpheme": "음/IC+안경/NNG+안/MAG+쓴/VV+ETM+사람/NNG+이/JKS+부러워/VA+EC+ㅜㅜ/UNKNOWN"
          }
        ]
      }
    }
  ]
}