{
  "dataset": {
    "identifier": 100246,
    "name": "BAND_40_19_set",
    "src_path": "/data/file/cubeManager/PROJECT001/77/txt20211029151156017180/BAND_40_19_set/",
    "label_path": "/data/file/cubeManager/PROJECT001/77/txt20211029151156017180/BAND_40_19_set/",
    "category": 2,
    "type": 0
  },
  "licenses": {
    "name": "Apache License 1.0",
    "url": "http://www.apache.org/licenses/LICENSE-1.0"
  },
  "info": [
    {
      "id": 109701,
      "filename": "BAND_40_19.txt",
      "title": "BAND_40_19",
      "mediatype": "SNS",
      "medianame": "네이버밴드",
      "category": "일상대화",
      "date": "2021-10-29",
      "size": 466,
      "annotations": {
        "subject": "방송/연예",
        "speaker_type": "다자간 대화",
        "size": 466,
        "word_size": 148,
        "text": "1 : 어제 지리산 첫방 했던데 다들 봤어?\n2 : 지리산…?\n2 : 나는 티비를 잘 안봐서 잘 몰라 ㅠ\n3 : 지리산 드라마인건 아는데 안봤어\n1 : 이번에 전지현 이랑 주지훈 나오는 거! 드라마!\n2 : 아아 나는 티비 자체를 잘 안봐서 몰랐네 키키\n3 : 나도 티비가 없으니까 잘 관심이 안가네\n1 : 나도 아침에  인스타보고 알았어\n2 : 요즘엔 휴대폰이 워낙 잘돼 있어서 티비를 아에 안 보게 되더라\n3 : 그래서 난 티비 안사려고\n1 : 주로 넷플이랑 왓차 티빙 많이 보더라\n2 : 맞어 왓차가 한국적인거 많다고 좋다고하던데\n3 : 나는 티빙에 볼게 많더라\n1 : 난 넷플이랑 티빙 봐 키키\n2 : 나는 넷플밖에 안보긴 하는데 그것도 잘은 안보지 키키\n3 : 넷플릭스 정기구독 좀 비싸지\n1 : 한번 붙잡고 있으면 시간 순삭이야\n2 : 맞어 재밌는거 있으면 진짜 순삭이긴한데 재밌는거 찾기가 힘들어 키키\n3 : 원래 찾는데 2시간이고 보는 건 30분이잖아",
        "lines": [
          {
            "id": 1,
            "text": "1 : 어제 지리산 첫방 했던데 다들 봤어?",
            "norm_text": "어제 지리산 첫방 했던데 다들 봤어?",
            "speaker": {
              "id": "1번",
              "sex": "여성",
              "age": "20대"
            },
            "speechAct": "(지시) 질문하기",
            "morpheme": "어제/MAG+지리산/NNP+첫/XPN+방/NNG+했/XSV+EP+던/ETM+데/NNB+다/JX+들/XSN+봤/VV+EP+어/EF"
          },
          {
            "id": 2,
            "text": "2 : 지리산…?",
            "norm_text": "지리산…?",
            "speaker": {
              "id": "2번",
              "sex": "남성",
              "age": "20대"
            },
            "speechAct": "(지시) 질문하기",
            "morpheme": "지리산/NNP+…/SY"
          },
          {
            "id": 3,
            "text": "2 : 나는 티비를 잘 안봐서 잘 몰라 ㅠ",
            "norm_text": "나는 티비를 잘 안봐서 잘 몰라 ㅠ",
            "speaker": {
              "id": "2번",
              "sex": "남성",
              "age": "20대"
            },
            "speechAct": "(단언) 주장하기",
            "morpheme": "나/NP+는/JX+티비/NNG+를/JKO+잘/MAG+안/MAG+봐서/VV+EC+잘/MAG+몰라/VV+EF+ㅠ/UNKNOWN"
          },
          {
            "id": 4,
            "text": "3 : 지리산 드라마인건 아는데 안봤어",
            "norm_text": "지리산 드라마인건 아는데 안봤어",
            "speaker": {
              "id": "3번",
              "sex": "남성",
              "age": "20대"
            },
            "speechAct": "(단언) 주장하기",
            "morpheme": "지리산/NNP+드라마/NNG+인건/VCP+ETM+NNB+JX+아/VV+는데/EC+안/MAG+봤/VV+EP+어/EC"
          },
          {
            "id": 5,
            "text": "1 : 이번에 전지현 이랑 주지훈 나오는 거! 드라마!",
            "norm_text": "이번에 전지현 이랑 주지훈 나오는 거! 드라마!",
            "speaker": {
              "id": "1번",
              "sex": "여성",
              "age": "20대"
            },
            "speechAct": "(단언) 진술하기",
            "morpheme": "이번/NNG+에/JKB+전지현/NNP+이랑/JC+주지훈/NNP+나오/VV+는/ETM+거/NNB+드라마/NNG"
          },
          {
            "id": 6,
            "text": "2 : 아아 나는 티비 자체를 잘 안봐서 몰랐네 키키",
            "norm_text": "아아 나는 티비 자체를 잘 안봐서 몰랐네 키키",
            "speaker": {
              "id": "2번",
              "sex": "남성",
              "age": "20대"
            },
            "speechAct": "(단언) 주장하기",
            "morpheme": "아아나/NNP+는/JX+티비/NNG+자체/NNG+를/JKO+잘/MAG+안/MAG+봐서/VV+EC+몰랐/VV+EP+네/EF+키/NNG+키/XSV+ETN"
          },
          {
            "id": 7,
            "text": "3 : 나도 티비가 없으니까 잘 관심이 안가네",
            "norm_text": "나도 티비가 없으니까 잘 관심이 안가네",
            "speaker": {
              "id": "3번",
              "sex": "남성",
              "age": "20대"
            },
            "speechAct": "(단언) 주장하기",
            "morpheme": "나/NP+도/JX+티비/NNG+가/JKS+없/VA+으니까/EC+잘/MAG+관심/NNG+이/JKS+안/MAG+가/VV+네/EC"
          },
          {
            "id": 8,
            "text": "1 : 나도 아침에  인스타보고 알았어",
            "norm_text": "나도 아침에  인스타보고 알았어",
            "speaker": {
              "id": "1번",
              "sex": "여성",
              "age": "20대"
            },
            "speechAct": "(단언) 주장하기",
            "morpheme": "나/NP+도/JX+아침/NNG+에/JKB+인/NNG+스타/NNG+보/VV+고/EC+알/VV+았/EP+어/EC"
          },
          {
            "id": 9,
            "text": "2 : 요즘엔 휴대폰이 워낙 잘돼 있어서 티비를 아에 안 보게 되더라",
            "norm_text": "요즘엔 휴대폰이 워낙 잘돼 있어서 티비를 아에 안 보게 되더라",
            "speaker": {
              "id": "2번",
              "sex": "남성",
              "age": "20대"
            },
            "speechAct": "(단언) 주장하기",
            "morpheme": "요즘/NNG+엔/JKB+JX+휴대폰/NNG+이/JKS+워낙/MAG+잘/MAG+돼/VV+EC+있/VX+어서/EC+티비/NNG+를/JKO+아/IC+에/IC+안/MAG+보/VV+게/EC+되/VV+더라/EC"
          },
          {
            "id": 10,
            "text": "3 : 그래서 난 티비 안사려고",
            "norm_text": "그래서 난 티비 안사려고",
            "speaker": {
              "id": "3번",
              "sex": "남성",
              "age": "20대"
            },
            "speechAct": "(단언) 주장하기",
            "morpheme": "그래서/MAJ+난/NP+JX+티비/NNG+안/MAG+사/VV+려고/EC"
          },
          {
            "id": 11,
            "text": "1 : 주로 넷플이랑 왓차 티빙 많이 보더라",
            "norm_text": "주로 넷플이랑 왓차 티빙 많이 보더라",
            "speaker": {
              "id": "1번",
              "sex": "여성",
              "age": "20대"
            },
            "speechAct": "(단언) 진술하기",
            "morpheme": "주로/MAG+넷/NR+플/NNG+이랑/JKB+왓/VV+EP+차/NNB+티빙/NNP+많이/MAG+보/VV+더라/EC"
          },
          {
            "id": 12,
            "text": "2 : 맞어 왓차가 한국적인거 많다고 좋다고하던데",
            "norm_text": "맞어 왓차가 한국적인거 많다고 좋다고하던데",
            "speaker": {
              "id": "2번",
              "sex": "남성",
              "age": "20대"
            },
            "speechAct": "(단언) 주장하기",
            "morpheme": "맞/VV+어/EC+왓/NNG+차/NNG+가/JKS+한국/NNP+적/XSN+인/VCP+ETM+거/NNB+많/VA+다고/EC+좋/VA+다고/EC+하/VV+던데/EC"
          },
          {
            "id": 13,
            "text": "3 : 나는 티빙에 볼게 많더라",
            "norm_text": "나는 티빙에 볼게 많더라",
            "speaker": {
              "id": "3번",
              "sex": "남성",
              "age": "20대"
            },
            "speechAct": "(단언) 주장하기",
            "morpheme": "나/NP+는/JX+티빙/NNP+에/JKB+볼/VV+ETM+게/NNB+JKS+많/VA+더라/EC"
          },
          {
            "id": 14,
            "text": "1 : 난 넷플이랑 티빙 봐 키키",
            "norm_text": "난 넷플이랑 티빙 봐 키키",
            "speaker": {
              "id": "1번",
              "sex": "여성",
              "age": "20대"
            },
            "speechAct": "(단언) 주장하기",
            "morpheme": "난/NP+JX+넷/NR+플/NNG+이랑/JC+티빙/NNP+봐/VV+EC+키/NNG+키/XSV+ETN"
          },
          {
            "id": 15,
            "text": "2 : 나는 넷플밖에 안보긴 하는데 그것도 잘은 안보지 키키",
            "norm_text": "나는 넷플밖에 안보긴 하는데 그것도 잘은 안보지 키키",
            "speaker": {
              "id": "2번",
              "sex": "남성",
              "age": "20대"
            },
            "speechAct": "(단언) 주장하기",
            "morpheme": "나/NP+는/JX+넷/NR+플/NNG+밖에/JX+안/MAG+보/VV+긴/ETN+JX+하/VX+는데/EC+그것/NP+도/JX+잘/MAG+은/JX+안/MAG+보/VV+지/EC+키/NNG+키/XSV+ETN"
          },
          {
            "id": 16,
            "text": "3 : 넷플릭스 정기구독 좀 비싸지",
            "norm_text": "넷플릭스 정기구독 좀 비싸지",
            "speaker": {
              "id": "3번",
              "sex": "남성",
              "age": "20대"
            },
            "speechAct": "(단언) 주장하기",
            "morpheme": "넷플릭스/NNP+정기/NNG+구독/NNG+좀/MAG+비싸/VA+지/EC"
          },
          {
            "id": 17,
            "text": "1 : 한번 붙잡고 있으면 시간 순삭이야",
            "norm_text": "한번 붙잡고 있으면 시간 순삭이야",
            "speaker": {
              "id": "1번",
              "sex": "여성",
              "age": "20대"
            },
            "speechAct": "(단언) 주장하기",
            "morpheme": "한/MM+번/NNBC+붙잡/VV+고/EC+있/VX+으면/EC+시간/NNG+순삭/NNG+이/VCP+야/EC"
          },
          {
            "id": 18,
            "text": "2 : 맞어 재밌는거 있으면 진짜 순삭이긴한데 재밌는거 찾기가 힘들어 키키",
            "norm_text": "맞어 재밌는거 있으면 진짜 순삭이긴한데 재밌는거 찾기가 힘들어 키키",
            "speaker": {
              "id": "2번",
              "sex": "남성",
              "age": "20대"
            },
            "speechAct": "(단언) 주장하기",
            "morpheme": "맞/VV+어/EC+재밌/VA+는/ETM+거/NNB+있/VA+으면/EC+진짜/MAG+순삭/NNG+이/VCP+긴/ETN+JX+한데/VX+EC+재밌/VA+는/ETM+거/NNB+찾/VV+기/ETN+가/JKS+힘들/VA+어/EC+키/NNG+키/XSV+ETN"
          },
          {
            "id": 19,
            "text": "3 : 원래 찾는데 2시간이고 보는 건 30분이잖아",
            "norm_text": "원래 찾는데 2시간이고 보는 건 30분이잖아",
            "speaker": {
              "id": "3번",
              "sex": "남성",
              "age": "20대"
            },
            "speechAct": "(단언) 주장하기",
            "morpheme": "원래/MAG+찾/VV+는데/EC+2/SN+시간/NNG+이/VCP+고/EC+보/VX+는/ETM+건/NNB+JX+30/SN+분/NNBC+이/VCP+잖아/EC"
          }
        ]
      }
    }
  ]
}