{
  "dataset": {
    "identifier": 53169,
    "name": "BAND_35_16_set",
    "src_path": "/data/file/cubeManager/PROJECT001/53/txt20210930140924068520/BAND_35_16_set/",
    "label_path": "/data/file/cubeManager/PROJECT001/53/txt20210930140924068520/BAND_35_16_set/",
    "category": 2,
    "type": 0
  },
  "licenses": {
    "name": "Apache License 1.0",
    "url": "http://www.apache.org/licenses/LICENSE-1.0"
  },
  "info": [
    {
      "id": 37666,
      "filename": "BAND_35_16.txt",
      "title": "BAND_35_16",
      "mediatype": "SNS",
      "medianame": "네이버밴드",
      "category": "일상대화",
      "date": "2021-09-30",
      "size": 944,
      "annotations": {
        "subject": "미용",
        "speaker_type": "다자간 대화",
        "size": 944,
        "word_size": 319,
        "text": "1 : 귀 뚫은 사람 있어?\n2 : 나! 우리 근데 다 뚫려 있었던 것 같은데 키키\n3 : 맞아 나는 근데 귀 한 개당 한 개야\n3 : 다들 몇 개씩 뚫었어?\n1 : 나는 왼쪽은 두 개고 오른쪽은 한 개! 언니들은?\n2 : 난 왼쪽 세 개 오른쪽 하나 인가? 더 많았는데 막힌 것 같아!  키키\n3 : 지금 뚫려있는 곳들 다 매일매일 껴?\n1 : 난 회사 다닐 때는 안 끼고 다닌다\n1 : 왼쪽에 위에 쪽 구멍은 피어싱이라 안 빼도 돼서 그냥 끼고 다니고!\n2 : 난 왼쪽만 끼고 있어 오른쪽은 귀걸이 뒤에가 없어져서 못 끼는 중... 키키 너는?\n3 : 나는 그냥 귀걸이라 뺐다 꼈다 하는데 귀 뚫고 싶어!\n3 : 그 귀 가장자리라고 하나 이름 뭐야 거기 키키\n1 : 키키 나도 연골 뚫고 싶은데 진짜 엄청 아프대서 안 했어...\n2 : 몇 번 뚫어봤는데 연골 아프긴 해... 키키\n3 : 귓바퀴? 그 머리 쓸어 넘기는데 뚫어본 사람?\n1 : 거기도 연골이라 엄청 아프대...\n1 : 머리카락 닿아도 아프다더라\n2 : 좀 시간 지나면 별로 안 아픈데 처음 몇 개월은 잘 때도 좀 아팠당...\n3 : 진짜? 언니 지금 그 부분 아직 살아 있어?\n1 : 키키 살아있냐는 거 웃기네\n1 : 맞아 그거 아파도 끼고서 참아야 되잖아 잘 지켰어?\n2 : 아니 지금은 다 죽었어 ^^ 근데 뚫은 곳 다시 뚫을 때가 진짜 아픈 거 알지... ?\n2 : 여기 한 여러 번 다시 했어서 이제 못하겠어 키키\n3 : 헐 진짜로? 나도 모를 때 그냥 왕창 뚫을걸 ㅠㅠ\n3 : 다시 뚫기 새삼 무섭네 게다가 나 완전 옆으로 자는데 키키\n1 : 키키 자다가 피 엄청 흘렸다는 사람도 많아...\n2 : 키키 나도 피 흘린 적 있어...\n2 : 없으니까 편한데 허전해\n3 : 나는 그래서 그냥 귓볼 옆에 하나 더 뚫고 싶어 무난무난하게\n1 : 나는 이제 안 뚫을래 무서워 ㅜㅜ 아프잖아\n2 : 키키 나도 이제 불편해서 못 하겠어\n3 : 키키 나는 뚫까 말까 맨날 고민 중",
        "lines": [
          {
            "id": 1,
            "text": "1 : 귀 뚫은 사람 있어?",
            "norm_text": "귀 뚫은 사람 있어?",
            "speaker": {
              "id": "1번",
              "sex": "여성",
              "age": "20대"
            },
            "speechAct": "(지시) 질문하기",
            "morpheme": "귀/NNG+뚫/VV+은/ETM+사람/NNG+있/VA+어/EF"
          },
          {
            "id": 2,
            "text": "2 : 나! 우리 근데 다 뚫려 있었던 것 같은데 키키",
            "norm_text": "나! 우리 근데 다 뚫려 있었던 것 같은데 키키",
            "speaker": {
              "id": "2번",
              "sex": "여성",
              "age": "20대"
            },
            "speechAct": "(단언) 주장하기",
            "morpheme": "나/NP+우리/NP+근데/MAJ+다/MAG+뚫려/VV+EC+있/VX+었/EP+던/ETM+것/NNB+같/VA+은데/EC+키/NNG+키/XSV+ETN"
          },
          {
            "id": 3,
            "text": "3 : 맞아 나는 근데 귀 한 개당 한 개야",
            "norm_text": "맞아 나는 근데 귀 한 개당 한 개야",
            "speaker": {
              "id": "3번",
              "sex": "여성",
              "age": "20대"
            },
            "speechAct": "(단언) 진술하기",
            "morpheme": "맞/VV+아/EC+나/NP+는/JX+근데/MAJ+귀한/VA+ETM+개당/NNG+한/XSA+ETM+개야/NNG"
          },
          {
            "id": 4,
            "text": "3 : 다들 몇 개씩 뚫었어?",
            "norm_text": "다들 몇 개씩 뚫었어?",
            "speaker": {
              "id": "3번",
              "sex": "여성",
              "age": "20대"
            },
            "speechAct": "(지시) 질문하기",
            "morpheme": "다/MAG+들/XSN+몇/MM+개/NNBC+씩/XSN+뚫/VV+었/EP+어/EF"
          },
          {
            "id": 5,
            "text": "1 : 나는 왼쪽은 두 개고 오른쪽은 한 개! 언니들은?",
            "norm_text": "나는 왼쪽은 두 개고 오른쪽은 한 개! 언니들은?",
            "speaker": {
              "id": "1번",
              "sex": "여성",
              "age": "20대"
            },
            "speechAct": "(지시) 질문하기",
            "morpheme": "나/NP+는/JX+왼쪽/NNG+은/JX+두/MM+개/NNBC+고/EC+오른쪽/NNG+은/JX+한/MM+개/NNBC+언니/NNG+들/XSN+은/JX"
          },
          {
            "id": 6,
            "text": "2 : 난 왼쪽 세 개 오른쪽 하나 인가? 더 많았는데 막힌 것 같아!  키키",
            "norm_text": "난 왼쪽 세 개 오른쪽 하나 인가? 더 많았는데 막힌 것 같아!  키키",
            "speaker": {
              "id": "2번",
              "sex": "여성",
              "age": "20대"
            },
            "speechAct": "(단언) 주장하기",
            "morpheme": "난/NP+JX+왼쪽/NNG+세/MM+개/NNBC+오른쪽/NNG+하나/NR+인가/NR+VCP+EF+더/MAG+많/VA+았/EP+는데/EC+막힌/VV+ETM+것/NNB+같/VA+아/EF+키/NNG+키/XSV+ETN"
          },
          {
            "id": 7,
            "text": "3 : 지금 뚫려있는 곳들 다 매일매일 껴?",
            "norm_text": "지금 뚫려있는 곳들 다 매일매일 껴?",
            "speaker": {
              "id": "3번",
              "sex": "여성",
              "age": "20대"
            },
            "speechAct": "(지시) 질문하기",
            "morpheme": "지금/MAG+뚫려/VV+EC+있/VX+는/ETM+곳/NNG+들/XSN+다/MAG+매일/MAG+매일/MAG+껴/VV+EF"
          },
          {
            "id": 8,
            "text": "1 : 난 회사 다닐 때는 안 끼고 다닌다",
            "norm_text": "난 회사 다닐 때는 안 끼고 다닌다",
            "speaker": {
              "id": "1번",
              "sex": "여성",
              "age": "20대"
            },
            "speechAct": "(단언) 진술하기",
            "morpheme": "난/NP+JX+회사/NNG+다닐/VV+ETM+때/NNG+는/JX+안/MAG+끼/VV+고/EC+다닌다/VV+EC"
          },
          {
            "id": 9,
            "text": "1 : 왼쪽에 위에 쪽 구멍은 피어싱이라 안 빼도 돼서 그냥 끼고 다니고!",
            "norm_text": "왼쪽에 위에 쪽 구멍은 피어싱이라 안 빼도 돼서 그냥 끼고 다니고!",
            "speaker": {
              "id": "1번",
              "sex": "여성",
              "age": "20대"
            },
            "speechAct": "(단언) 진술하기",
            "morpheme": "왼쪽/NNG+에/JKB+위/NNG+에/JKB+쪽/MAG+구멍/NNG+은/JX+피어싱/NNP+이/VCP+라/EC+안/MAG+빼/VV+도/EC+돼서/VV+EC+그냥/MAG+끼/VV+고/EC+다니/VV+고/EC"
          },
          {
            "id": 10,
            "text": "2 : 난 왼쪽만 끼고 있어 오른쪽은 귀걸이 뒤에가 없어져서 못 끼는 중... 키키 너는?",
            "norm_text": "난 왼쪽만 끼고 있어 오른쪽은 귀걸이 뒤에가 없어져서 못 끼는 중... 키키 너는?",
            "speaker": {
              "id": "2번",
              "sex": "여성",
              "age": "20대"
            },
            "speechAct": "(지시) 질문하기",
            "morpheme": "난/NP+JX+왼쪽/NNG+만/JX+끼/VV+고/EC+있/VX+어/EC+오른쪽/NNG+은/JX+귀걸이/NNG+뒤/NNG+에/JKB+가/JKS+없/VA+어/EC+져서/VX+EC+못/MAG+끼/VV+는/ETM+중/NNB+./SY+키/NNG+키/XSV+ETN+너/NP+는/JX"
          },
          {
            "id": 11,
            "text": "3 : 나는 그냥 귀걸이라 뺐다 꼈다 하는데 귀 뚫고 싶어!",
            "norm_text": "나는 그냥 귀걸이라 뺐다 꼈다 하는데 귀 뚫고 싶어!",
            "speaker": {
              "id": "3번",
              "sex": "여성",
              "age": "20대"
            },
            "speechAct": "(단언) 주장하기",
            "morpheme": "나/NP+는/JX+그냥/MAG+귀걸이/NNG+라/VCP+EC+뺐/VV+EP+다/EC+꼈/VV+EP+다/EC+하/VV+는데/EC+귀/NNG+뚫/VV+고/EC+싶/VX+어/EF"
          },
          {
            "id": 12,
            "text": "3 : 그 귀 가장자리라고 하나 이름 뭐야 거기 키키",
            "norm_text": "그 귀 가장자리라고 하나 이름 뭐야 거기 키키",
            "speaker": {
              "id": "3번",
              "sex": "여성",
              "age": "20대"
            },
            "speechAct": "(단언) 주장하기",
            "morpheme": "그/MM+귀/NNG+가장자리/NNG+라고/VCP+EC+하나/NR+이름/NNG+뭐/NP+야/VCP+EF+거기/NP+키/NNG+키/XSV+ETN"
          },
          {
            "id": 13,
            "text": "1 : 키키 나도 연골 뚫고 싶은데 진짜 엄청 아프대서 안 했어...",
            "norm_text": "키키 나도 연골 뚫고 싶은데 진짜 엄청 아프대서 안 했어...",
            "speaker": {
              "id": "1번",
              "sex": "여성",
              "age": "20대"
            },
            "speechAct": "(단언) 주장하기",
            "morpheme": "키/NNG+키나/XSA+ETN+JX+도/JX+연골/NNG+뚫/VV+고/EC+싶/VX+은데/EC+진짜/MAG+엄청/MAG+아프/VA+대서/EC+안/MAG+했/VV+EP+어/EF+./SY"
          },
          {
            "id": 14,
            "text": "2 : 몇 번 뚫어봤는데 연골 아프긴 해... 키키",
            "norm_text": "몇 번 뚫어봤는데 연골 아프긴 해... 키키",
            "speaker": {
              "id": "2번",
              "sex": "여성",
              "age": "20대"
            },
            "speechAct": "(단언) 주장하기",
            "morpheme": "몇/MM+번/NNBC+뚫/VV+어/EC+봤/VX+EP+는데/EC+연골/NNG+아프/VA+긴/ETN+JX+해/VX+EF+./SY+키/NNG+키/XSV+ETN"
          },
          {
            "id": 15,
            "text": "3 : 귓바퀴? 그 머리 쓸어 넘기는데 뚫어본 사람?",
            "norm_text": "귓바퀴? 그 머리 쓸어 넘기는데 뚫어본 사람?",
            "speaker": {
              "id": "3번",
              "sex": "여성",
              "age": "20대"
            },
            "speechAct": "(지시) 질문하기",
            "morpheme": "귓바퀴/NNG+그/MM+머리/NNG+쓸/VV+어/EC+넘기/VV+는/ETM+데/NNB+뚫/VV+어/EC+본/VX+ETM+사람/NNG"
          },
          {
            "id": 16,
            "text": "1 : 거기도 연골이라 엄청 아프대...",
            "norm_text": "거기도 연골이라 엄청 아프대...",
            "speaker": {
              "id": "1번",
              "sex": "여성",
              "age": "20대"
            },
            "speechAct": "(단언) 진술하기",
            "morpheme": "거기/NP+도/JX+연골/NNG+이/VCP+라/EC+엄청/MAG+아프/VA+대/EF+./SY"
          },
          {
            "id": 17,
            "text": "1 : 머리카락 닿아도 아프다더라",
            "norm_text": "머리카락 닿아도 아프다더라",
            "speaker": {
              "id": "1번",
              "sex": "여성",
              "age": "20대"
            },
            "speechAct": "(단언) 진술하기",
            "morpheme": "머리카락/NNG+닿/VV+아도/EC+아프/VA+다더라/EC"
          },
          {
            "id": 18,
            "text": "2 : 좀 시간 지나면 별로 안 아픈데 처음 몇 개월은 잘 때도 좀 아팠당...",
            "norm_text": "좀 시간 지나면 별로 안 아픈데 처음 몇 개월은 잘 때도 좀 아팠당...",
            "speaker": {
              "id": "2번",
              "sex": "여성",
              "age": "20대"
            },
            "speechAct": "(단언) 주장하기",
            "morpheme": "좀/MAG+시간/NNG+지나/VV+면/EC+별로/MAG+안/MAG+아픈데/VA+EC+처음/MAG+몇/MM+개월/NNBC+은/JX+잘/MAG+때/NNG+도/JX+좀/MAG+아팠/VA+EP+당/EF+./SY"
          },
          {
            "id": 19,
            "text": "3 : 진짜? 언니 지금 그 부분 아직 살아 있어?",
            "norm_text": "진짜? 언니 지금 그 부분 아직 살아 있어?",
            "speaker": {
              "id": "3번",
              "sex": "여성",
              "age": "20대"
            },
            "speechAct": "(지시) 질문하기",
            "morpheme": "진짜/MAG+언니/NNG+지금/MAG+그/MM+부분/NNG+아직/MAG+살/VV+아/EC+있/VX+어/EF"
          },
          {
            "id": 20,
            "text": "1 : 키키 살아있냐는 거 웃기네",
            "norm_text": "키키 살아있냐는 거 웃기네",
            "speaker": {
              "id": "1번",
              "sex": "여성",
              "age": "20대"
            },
            "speechAct": "(단언) 주장하기",
            "morpheme": "키/NNG+키/XSV+ETN+살/VV+아/EC+있/VX+냐는/ETM+거/NNB+웃기/VV+네/EC"
          },
          {
            "id": 21,
            "text": "1 : 맞아 그거 아파도 끼고서 참아야 되잖아 잘 지켰어?",
            "norm_text": "맞아 그거 아파도 끼고서 참아야 되잖아 잘 지켰어?",
            "speaker": {
              "id": "1번",
              "sex": "여성",
              "age": "20대"
            },
            "speechAct": "(지시) 질문하기",
            "morpheme": "맞/VV+아/EC+그거/NP+아파도/VA+EC+끼/VV+고서/EC+참/VV+아야/EC+되/VV+잖아/EF+잘/MAG+지켰/VV+EP+어/EF"
          },
          {
            "id": 22,
            "text": "2 : 아니 지금은 다 죽었어 ^^ 근데 뚫은 곳 다시 뚫을 때가 진짜 아픈 거 알지... ?",
            "norm_text": "아니 지금은 다 죽었어 ^^ 근데 뚫은 곳 다시 뚫을 때가 진짜 아픈 거 알지... ?",
            "speaker": {
              "id": "2번",
              "sex": "여성",
              "age": "20대"
            },
            "speechAct": "(지시) 질문하기",
            "morpheme": "아니/IC+지금/MAG+은/JX+다/MAG+죽/VV+었/EP+어/EC+^/SY+^/SY+근데/MAJ+뚫/VV+은/ETM+곳/NNG+다시/MAG+뚫/VV+을/ETM+때/NNG+가/JKS+진짜/MAG+아픈/VA+ETM+거/NNB+알/VV+지/EF+./SY+./SY"
          },
          {
            "id": 23,
            "text": "2 : 여기 한 여러 번 다시 했어서 이제 못하겠어 키키",
            "norm_text": "여기 한 여러 번 다시 했어서 이제 못하겠어 키키",
            "speaker": {
              "id": "2번",
              "sex": "여성",
              "age": "20대"
            },
            "speechAct": "(단언) 주장하기",
            "morpheme": "여기/NP+한/MM+여러/MM+번/NNBC+다시/MAG+했/VV+EP+어서/EC+이제/MAG+못/MAG+하/VV+겠/EP+어/EC+키/NNG+키/XSV+ETN"
          },
          {
            "id": 24,
            "text": "3 : 헐 진짜로? 나도 모를 때 그냥 왕창 뚫을걸 ㅠㅠ",
            "norm_text": "헐 진짜로? 나도 모를 때 그냥 왕창 뚫을걸 ㅠㅠ",
            "speaker": {
              "id": "3번",
              "sex": "여성",
              "age": "20대"
            },
            "speechAct": "(단언) 주장하기",
            "morpheme": "헐/IC+진짜로/MAG+나/NP+도/JX+모를/VV+ETM+때/NNG+그냥/MAG+왕창/MAG+뚫/VV+을/ETM+걸/NNB+JKO+ㅠㅠ/UNKNOWN"
          },
          {
            "id": 25,
            "text": "3 : 다시 뚫기 새삼 무섭네 게다가 나 완전 옆으로 자는데 키키",
            "norm_text": "다시 뚫기 새삼 무섭네 게다가 나 완전 옆으로 자는데 키키",
            "speaker": {
              "id": "3번",
              "sex": "여성",
              "age": "20대"
            },
            "speechAct": "(단언) 주장하기",
            "morpheme": "다시/MAG+뚫/VV+기/ETN+새삼/MAG+무섭/VA+네/EF+게다가/MAG+나/NP+완전/MAG+옆/NNG+으로/JKB+자/VV+는데/EC+키/NNG+키/XSV+ETN"
          },
          {
            "id": 26,
            "text": "1 : 키키 자다가 피 엄청 흘렸다는 사람도 많아...",
            "norm_text": "키키 자다가 피 엄청 흘렸다는 사람도 많아...",
            "speaker": {
              "id": "1번",
              "sex": "여성",
              "age": "20대"
            },
            "speechAct": "(단언) 진술하기",
            "morpheme": "키/NNG+키/XSV+ETN+자/VV+다가/EC+피/NNG+엄청/MAG+흘렸/VV+EP+다는/ETM+사람/NNG+도/JX+많/VA+아/EF+./SY"
          },
          {
            "id": 27,
            "text": "2 : 키키 나도 피 흘린 적 있어...",
            "norm_text": "키키 나도 피 흘린 적 있어...",
            "speaker": {
              "id": "2번",
              "sex": "여성",
              "age": "20대"
            },
            "speechAct": "(단언) 주장하기",
            "morpheme": "키/NNG+키나/XSA+ETN+JX+도피/NNG+흘린/VV+ETM+적/NNB+있/VA+어/EF+./SY"
          },
          {
            "id": 28,
            "text": "2 : 없으니까 편한데 허전해",
            "norm_text": "없으니까 편한데 허전해",
            "speaker": {
              "id": "2번",
              "sex": "여성",
              "age": "20대"
            },
            "speechAct": "(단언) 주장하기",
            "morpheme": "없/VA+으니까/EC+편한데/VA+EC+허전/XR+해/XSA+EC"
          },
          {
            "id": 29,
            "text": "3 : 나는 그래서 그냥 귓볼 옆에 하나 더 뚫고 싶어 무난무난하게",
            "norm_text": "나는 그래서 그냥 귓볼 옆에 하나 더 뚫고 싶어 무난무난하게",
            "speaker": {
              "id": "3번",
              "sex": "여성",
              "age": "20대"
            },
            "speechAct": "(단언) 주장하기",
            "morpheme": "나/NP+는/JX+그래서/MAJ+그냥/MAG+귓볼/UNKNOWN+옆/NNG+에/JKB+하나/NR+더/MAG+뚫/VV+고/EC+싶/VX+어/EC+무난/XR+무난/XR+하/XSA+게/EC"
          },
          {
            "id": 30,
            "text": "1 : 나는 이제 안 뚫을래 무서워 ㅜㅜ 아프잖아",
            "norm_text": "나는 이제 안 뚫을래 무서워 ㅜㅜ 아프잖아",
            "speaker": {
              "id": "1번",
              "sex": "여성",
              "age": "20대"
            },
            "speechAct": "(단언) 주장하기",
            "morpheme": "나/NP+는/JX+이제/MAG+안/MAG+뚫/VV+을래/EC+무서워/VA+EC+ㅜㅜ/UNKNOWN+아프/VA+잖아/EC"
          },
          {
            "id": 31,
            "text": "2 : 키키 나도 이제 불편해서 못 하겠어",
            "norm_text": "키키 나도 이제 불편해서 못 하겠어",
            "speaker": {
              "id": "2번",
              "sex": "여성",
              "age": "20대"
            },
            "speechAct": "(단언) 주장하기",
            "morpheme": "키/NNG+키나/XSA+ETN+JX+도/JX+이제/MAG+불편/NNG+해서/XSV+EC+못하/VX+겠/EP+어/EC"
          },
          {
            "id": 32,
            "text": "3 : 키키 나는 뚫까 말까 맨날 고민 중",
            "norm_text": "키키 나는 뚫까 말까 맨날 고민 중",
            "speaker": {
              "id": "3번",
              "sex": "여성",
              "age": "20대"
            },
            "speechAct": "(단언) 주장하기",
            "morpheme": "키/NNG+키나/XSA+ETN+JX+는/JX+뚫/VV+까말까/EC+VV+EC+맨날/MAG+고민/NNG+중/NNB"
          }
        ]
      }
    }
  ]
}