{
  "dataset": {
    "identifier": 19958,
    "name": "BAND_23_05_set",
    "src_path": "/data/file/cubeManager/PROJECT001/49/txt20210915111041021774/BAND_23_05_set/",
    "label_path": "/data/file/cubeManager/PROJECT001/49/txt20210915111041021774/BAND_23_05_set/",
    "category": 2,
    "type": 0
  },
  "licenses": {
    "name": "Apache License 1.0",
    "url": "http://www.apache.org/licenses/LICENSE-1.0"
  },
  "info": [
    {
      "id": 25684,
      "filename": "BAND_23_05.txt",
      "title": "BAND_23_05",
      "mediatype": "SNS",
      "medianame": "네이버밴드",
      "category": "일상대화",
      "date": "2021-09-15",
      "size": 1341,
      "annotations": {
        "subject": "군대",
        "speaker_type": "1:1",
        "size": 1341,
        "word_size": 410,
        "text": "1 : 전에 한 프로그램 중에 강철부대 봤었어?\n2 : 채널 돌리다가 걸리면 조금씩 보긴 했는데~\n3 : 음... 난 1편만 보고 그 뒤로는 못 봤어 ㅠㅠ\n3 : 근데 몸들은 참 좋더라 ^^\n1 : 키키 웃기다 나도 안 봤는데 되게 잘 생긴 사람도 있던데?\n2 : 아 그래? 누구? 근데 뭐랄까 자기 부대에 대한 자부심이 진짜 대단하더라\n3 : 맞아 다들 자기 부대 타이틀 대표해서 서바이벌로 하는 거라 완전 승부욕도 쩔고 진짜 최선을 다하는 게 멋있기는 하더라고\n1 : 육준서라고 아마 특전사일 걸? 그 사람 잘생겼어...\n1 : 진짜 나라도 일반 부대 아니고 그런데 나왔으면 자부심 있을 거 같기는 해\n2 : 부럽다~ 특수 부대 나온 여자 봤는데 진짜 멋있더라 완전 몸 자체가 무기더라고\n3 : 나는 진짜 태어나서 윗몸 일으키기랑 턱걸이를 단 한번도 성공해본 적이 없어서 그분들이 막 모터 달린 것처럼 할 때 좀 너무 부러웠어...\n1 : 나도 턱걸이는 한 번도... 윗몸 일으키기도 성공해본 적 없어?\n1 : 근육이 진짜 없는 몸인가 부다...\n1 : 그 분들은 신체 조건이 타고난 것도 있겠지?\n2 : 그러니까 군인이 되려고 한 것도 있겠지만...  운동하자 우리 키키\n3 : 근데 진짜 막 행군이나 유격이나 이런 거 하고 온 거 얘기 들어보면 너무 신기하고 진짜 저런 거를 왜 시키나 싶은데 또 생각해보면 필요한 거긴 하고... 참 어린 나이에 군대 가는 거 안쓰러워 ㅠㅠ\n1 : 맞아 제일 신나게 놀고 혈기 왕성할 나이에 가야 되니까 그게 참 그렇지 ㅠㅠ\n1 : 몇 달도 아니고 1년 넘게... 그래도 전보다 복무 기간이 많이 짧아져서 좀 다행이야\n2 : 맞아~예전보다는 짧아지고 복무 환경도 좋아졌다며 다행이다~\n2 : 우리 오빠는 군대 보내기 싫어서 딸 낳게 해 달라고 계속 기도했대~\n3 : 우와 그 정도구나... 뭔가 군대 보내기 싫어서 딸 낳고 싶다는 얘기는 처음 들어봐...! 뭔가 감동인 걸...?\n1 : 그니까! 낳기 전부터 군대 고민하는 건 첨 들어봐 키키\n1 : 그 정도로 보내기 싫으셨나보다\n2 : 왜 남자는 군대 두 번 가는 꿈이 최악의 악몽이라던데~\n3 : 요즘에 코로나 때문에 예비군 안 가서 우리 오빠 예비군 안 가 가지고 신나 하는 거 보면 괜히 꼴 보기 싫어 키키\n1 : 키키 온라인으로 뭐 안 하고 그냥 취소인 건가 예비군은?\n2 : 그냥 완전 취소라고? 완전 좋겠다~\n3 : 키키 엄청 좋아하더라고 그냥 아예 수료 처리됐다고 문자 오던데\n1 : 아 미뤄진 것도 아니고 수료 처리까지 됐으면 더 좋아할 만 하네 키키\n2 : 보통 예비군 가면 뭐 한대?\n2 : 나도 오빠 있지만 따로 살아서 물어볼 기회가 없었네\n3 : 엇 나도 오빠랑 같이 사는데 딱히 물어 보지를 않았네...\n3 : 다음에 한번 물어볼게 키키",
        "lines": [
          {
            "id": 1,
            "text": "1 : 전에 한 프로그램 중에 강철부대 봤었어?",
            "norm_text": "전에 한 프로그램 중에 강철부대 봤었어?",
            "speaker": {
              "id": "1번",
              "sex": "여성",
              "age": "20대"
            },
            "speechAct": "(지시) 질문하기",
            "morpheme": "전/NNG+에/JKB+한/MM+프로그램/NNG+중/NNB+에/JKB+강철/NNG+부대/NNG+봤었/VV+EP+어/EF"
          },
          {
            "id": 2,
            "text": "2 : 채널 돌리다가 걸리면 조금씩 보긴 했는데~",
            "norm_text": "채널 돌리다가 걸리면 조금씩 보긴 했는데~",
            "speaker": {
              "id": "2번",
              "sex": "여성",
              "age": "30대"
            },
            "speechAct": "(단언) 진술하기",
            "morpheme": "채널/NNG+돌리/VV+다가/EC+걸리/VV+면/EC+조금/NNG+씩/XSN+보/VV+긴/ETN+JX+했/VX+EP+는데/EC+~/SY"
          },
          {
            "id": 3,
            "text": "3 : 음... 난 1편만 보고 그 뒤로는 못 봤어 ㅠㅠ",
            "norm_text": "음... 난 1편만 보고 그 뒤로는 못 봤어 ㅠㅠ",
            "speaker": {
              "id": "3번",
              "sex": "여성",
              "age": "20대"
            },
            "speechAct": "(단언) 진술하기",
            "morpheme": "음/IC+./SY+난/NP+JX+1/SN+편/NNBC+만/JX+보/VV+고/EC+그/MM+뒤/NNG+로/JKB+는/JX+못/MAG+봤/VV+EP+어/EF+ㅠㅠ/UNKNOWN"
          },
          {
            "id": 4,
            "text": "3 : 근데 몸들은 참 좋더라 ^^",
            "norm_text": "근데 몸들은 참 좋더라 ^^",
            "speaker": {
              "id": "3번",
              "sex": "여성",
              "age": "20대"
            },
            "speechAct": "(단언) 주장하기",
            "morpheme": "근데/MAJ+몸/NNG+들/XSN+은/JX+참/MAG+좋/VA+더라/EC+^/SY+^/SY"
          },
          {
            "id": 5,
            "text": "1 : 키키 웃기다 나도 안 봤는데 되게 잘 생긴 사람도 있던데?",
            "norm_text": "키키 웃기다 나도 안 봤는데 되게 잘 생긴 사람도 있던데?",
            "speaker": {
              "id": "1번",
              "sex": "여성",
              "age": "20대"
            },
            "speechAct": "(단언) 주장하기",
            "morpheme": "키/NNG+키/XSV+ETN+웃기/VV+다/EF+나/NP+도/JX+안/MAG+봤/VV+EP+는데/EC+되게/MAG+잘생긴/VA+ETM+사람/NNG+도/JX+있/VA+던데/EF"
          },
          {
            "id": 6,
            "text": "2 : 아 그래? 누구? 근데 뭐랄까 자기 부대에 대한 자부심이 진짜 대단하더라",
            "norm_text": "아 그래? 누구? 근데 뭐랄까 자기 부대에 대한 자부심이 진짜 대단하더라",
            "speaker": {
              "id": "2번",
              "sex": "여성",
              "age": "30대"
            },
            "speechAct": "(지시) 질문하기",
            "morpheme": "아/IC+그래/IC+누구/NP+근데/MAJ+뭐/NP+랄까/VCP+EC+자기/NP+부대/NNG+에/JKB+대한/VV+ETM+자부심/NNG+이/JKS+진짜/MAG+대단/XR+하/XSA+더라/EC"
          },
          {
            "id": 7,
            "text": "3 : 맞아 다들 자기 부대 타이틀 대표해서 서바이벌로 하는 거라 완전 승부욕도 쩔고 진짜 최선을 다하는 게 멋있기는 하더라고",
            "norm_text": "맞아 다들 자기 부대 타이틀 대표해서 서바이벌로 하는 거라 완전 승부욕도 쩔고 진짜 최선을 다하는 게 멋있기는 하더라고",
            "speaker": {
              "id": "3번",
              "sex": "여성",
              "age": "20대"
            },
            "speechAct": "(단언) 진술하기",
            "morpheme": "맞/VV+아다/EC+들/XSN+자기/NP+부대/NNG+타이틀/NNG+대표/NNG+해서/XSV+EC+서바이벌/NNP+로/JKB+하/VV+는/ETM+거/NNB+라/VCP+EC+완전/NNG+승부/NNG+욕/NNG+도/JX+쩔/VA+고/EC+진짜/MAG+최선/NNG+을/JKO+다/MAG+하/VV+는/ETM+게/NNB+JKS+멋있/VA+기/ETN+는/JX+하/VV+더라고/EC"
          },
          {
            "id": 8,
            "text": "1 : 육준서라고 아마 특전사일 걸? 그 사람 잘생겼어...",
            "norm_text": "육준서라고 아마 특전사일 걸? 그 사람 잘생겼어...",
            "speaker": {
              "id": "1번",
              "sex": "여성",
              "age": "20대"
            },
            "speechAct": "(단언) 주장하기",
            "morpheme": "육/NR+준서/NNP+라고/VCP+EC+아마/MAG+특전/NNG+사/NR+일/NNBC+걸/VCP+EF+그/MM+사람/NNG+잘/MAG+생겼/VV+EP+어/EF+./SY"
          },
          {
            "id": 9,
            "text": "1 : 진짜 나라도 일반 부대 아니고 그런데 나왔으면 자부심 있을 거 같기는 해",
            "norm_text": "진짜 나라도 일반 부대 아니고 그런데 나왔으면 자부심 있을 거 같기는 해",
            "speaker": {
              "id": "1번",
              "sex": "여성",
              "age": "20대"
            },
            "speechAct": "(단언) 주장하기",
            "morpheme": "진짜/MAG+나라/NNG+도/JX+일반/NNG+부대/NNG+아니/VCN+고/EC+그런/MM+데/NNB+나왔/VV+EP+으면/EC+자부심/NNG+있/VV+을/ETM+거/NNB+같/VA+기/ETN+는/JX+해/VV+EC"
          },
          {
            "id": 10,
            "text": "2 : 부럽다~ 특수 부대 나온 여자 봤는데 진짜 멋있더라 완전 몸 자체가 무기더라고",
            "norm_text": "부럽다~ 특수 부대 나온 여자 봤는데 진짜 멋있더라 완전 몸 자체가 무기더라고",
            "speaker": {
              "id": "2번",
              "sex": "여성",
              "age": "30대"
            },
            "speechAct": "(단언) 진술하기",
            "morpheme": "부럽/VA+다/EC+~/SY+특수부대/NNP+나온/VV+ETM+여자/NNG+봤/VV+EP+는데/EC+진짜/MAG+멋있/VA+더라/EF+완전/MAG+몸/NNG+자체/NNG+가/JKS+무기/NNG+더라고/VCP+EC"
          },
          {
            "id": 11,
            "text": "3 : 나는 진짜 태어나서 윗몸 일으키기랑 턱걸이를 단 한번도 성공해본 적이 없어서 그분들이 막 모터 달린 것처럼 할 때 좀 너무 부러웠어...",
            "norm_text": "나는 진짜 태어나서 윗몸 일으키기랑 턱걸이를 단 한번도 성공해본 적이 없어서 그분들이 막 모터 달린 것처럼 할 때 좀 너무 부러웠어...",
            "speaker": {
              "id": "3번",
              "sex": "여성",
              "age": "20대"
            },
            "speechAct": "(단언) 주장하기",
            "morpheme": "나/NP+는/JX+진짜/MAG+태어나/VV+서/EC+윗몸/NNG+일으키/VV+기/ETN+랑/JC+턱걸이/NNG+를/JKO+단/MM+한/MM+번/NNBC+도/JX+성공/NNG+해/XSV+EC+본/VX+ETM+적/NNB+이/JKS+없/VA+어서/EC+그분/NP+들/XSN+이/JKS+막/MAJ+모터/NNG+달린/VV+ETM+것/NNB+처럼/JKB+할/VV+ETM+때/NNG+좀/MAG+너무/MAG+부러웠/VA+EP+어/EF+./SY"
          },
          {
            "id": 12,
            "text": "1 : 나도 턱걸이는 한 번도... 윗몸 일으키기도 성공해본 적 없어?",
            "norm_text": "나도 턱걸이는 한 번도... 윗몸 일으키기도 성공해본 적 없어?",
            "speaker": {
              "id": "1번",
              "sex": "여성",
              "age": "20대"
            },
            "speechAct": "(단언) 진술하기",
            "morpheme": "나/NP+도/JX+턱걸이/NNG+는/JX+한/MM+번/NNBC+도/JX+./SY+./SY+윗몸/NNG+일으키/VV+기/ETN+도/JX+성공/NNG+해/XSV+EC+본/VX+ETM+적/NNB+없/VA+어/EF"
          },
          {
            "id": 13,
            "text": "1 : 근육이 진짜 없는 몸인가 부다...",
            "norm_text": "근육이 진짜 없는 몸인가 부다...",
            "speaker": {
              "id": "1번",
              "sex": "여성",
              "age": "20대"
            },
            "speechAct": "(단언) 주장하기",
            "morpheme": "근육/NNG+이/JKS+진짜/MAG+없/VA+는/ETM+몸/NNG+인가/VCP+EC+부/VX+다/EF+./SY"
          },
          {
            "id": 14,
            "text": "1 : 그 분들은 신체 조건이 타고난 것도 있겠지?",
            "norm_text": "그 분들은 신체 조건이 타고난 것도 있겠지?",
            "speaker": {
              "id": "1번",
              "sex": "여성",
              "age": "20대"
            },
            "speechAct": "(지시) 질문하기",
            "morpheme": "그분/NP+들/XSN+은/JX+신체/NNG+조건/NNG+이/JKS+타고난/VV+ETM+것/NNB+도/JX+있/VA+겠/EP+지/EF"
          },
          {
            "id": 15,
            "text": "2 : 그러니까 군인이 되려고 한 것도 있겠지만...  운동하자 우리 키키",
            "norm_text": "그러니까 군인이 되려고 한 것도 있겠지만...  운동하자 우리 키키",
            "speaker": {
              "id": "2번",
              "sex": "여성",
              "age": "30대"
            },
            "speechAct": "(단언) 주장하기",
            "morpheme": "그러니까/MAJ+군인/NNG+이/JKS+되/VV+려고/EC+한/VX+ETM+것/NNB+도/JX+있/VA+겠/EP+지만/EC+./SY+./SY+운동/NNG+하/XSV+자/EC+우리/NP+키/NNG+키/XSV+ETN"
          },
          {
            "id": 16,
            "text": "3 : 근데 진짜 막 행군이나 유격이나 이런 거 하고 온 거 얘기 들어보면 너무 신기하고 진짜 저런 거를 왜 시키나 싶은데 또 생각해보면 필요한 거긴 하고... 참 어린 나이에 군대 가는 거 안쓰러워 ㅠㅠ",
            "norm_text": "근데 진짜 막 행군이나 유격이나 이런 거 하고 온 거 얘기 들어보면 너무 신기하고 진짜 저런 거를 왜 시키나 싶은데 또 생각해보면 필요한 거긴 하고... 참 어린 나이에 군대 가는 거 안쓰러워 ㅠㅠ",
            "speaker": {
              "id": "3번",
              "sex": "여성",
              "age": "20대"
            },
            "speechAct": "(단언) 주장하기",
            "morpheme": "근데/MAJ+진짜/MAG+막/NNG+행군/NNG+이나/JC+유격/NNG+이나/JC+이런/MM+거/NNB+하/VV+고/EC+온/VX+ETM+거/NNB+얘기/NNG+들/VV+어/EC+보/VX+면/EC+너무/MAG+신기/XR+하/XSA+고/EC+진짜/MAG+저런/MM+거/NNB+를/JKO+왜/MAG+시키/VV+나/EC+싶/VX+은데/EC+또/MAG+생각/NNG+해/XSV+EC+보/VX+면/EC+필요/NNG+한/XSA+ETM+거/NNB+긴/VCP+ETN+JX+하/VX+고/EC+./SY+./SY+참/MAG+어린/VA+ETM+나이/NNG+에/JKB+군대/NNG+가/VV+는/ETM+거/NNB+안쓰러워/VA+EC+ㅠㅠ/UNKNOWN"
          },
          {
            "id": 17,
            "text": "1 : 맞아 제일 신나게 놀고 혈기 왕성할 나이에 가야 되니까 그게 참 그렇지 ㅠㅠ",
            "norm_text": "맞아 제일 신나게 놀고 혈기 왕성할 나이에 가야 되니까 그게 참 그렇지 ㅠㅠ",
            "speaker": {
              "id": "1번",
              "sex": "여성",
              "age": "20대"
            },
            "speechAct": "(단언) 주장하기",
            "morpheme": "맞/VV+아/EC+제일/MAG+신나/VV+게/EC+놀/VV+고/EC+혈기/NNG+왕성/NNG+할/XSV+ETM+나이/NNG+에/JKB+가/VV+야/EC+되/VV+니까/EC+그게/NP+JKS+참/MAG+그렇/VA+지/EC+ㅠㅠ/UNKNOWN"
          },
          {
            "id": 18,
            "text": "1 : 몇 달도 아니고 1년 넘게... 그래도 전보다 복무 기간이 많이 짧아져서 좀 다행이야",
            "norm_text": "몇 달도 아니고 1년 넘게... 그래도 전보다 복무 기간이 많이 짧아져서 좀 다행이야",
            "speaker": {
              "id": "1번",
              "sex": "여성",
              "age": "20대"
            },
            "speechAct": "(단언) 주장하기",
            "morpheme": "몇/MM+달/NNG+도/JX+아니/VCN+고/EC+1/SN+년/NNBC+넘/VV+게/EC+./SY+./SY+그래도/MAJ+전/NNG+보다/JKB+복무/NNG+기간/NNG+이/JKS+많이/MAG+짧/VA+아/EC+져서/VX+EC+좀/MAG+다행/NNG+이/VCP+야/EC"
          },
          {
            "id": 19,
            "text": "2 : 맞아~예전보다는 짧아지고 복무 환경도 좋아졌다며 다행이다~",
            "norm_text": "맞아~예전보다는 짧아지고 복무 환경도 좋아졌다며 다행이다~",
            "speaker": {
              "id": "2번",
              "sex": "여성",
              "age": "30대"
            },
            "speechAct": "(단언) 진술하기",
            "morpheme": "맞/VV+아/EC+~/SY+예전/NNG+보다/JKB+는/JX+짧/VA+아/EC+지/VX+고/EC+복무/NNG+환경/NNG+도/JX+좋/VA+아/EC+졌/VX+EP+다며/EC+다행/NNG+이/VCP+다/EC+~/SY"
          },
          {
            "id": 20,
            "text": "2 : 우리 오빠는 군대 보내기 싫어서 딸 낳게 해 달라고 계속 기도했대~",
            "norm_text": "우리 오빠는 군대 보내기 싫어서 딸 낳게 해 달라고 계속 기도했대~",
            "speaker": {
              "id": "2번",
              "sex": "여성",
              "age": "30대"
            },
            "speechAct": "(단언) 진술하기",
            "morpheme": "우리/NP+오빠/NNG+는/JX+군대/NNG+보내/VV+기/ETN+싫/VA+어서/EC+딸/NNG+낳/VV+게/EC+해/VV+EC+달/VX+라고/EC+계속/MAG+기도/NNG+했/XSV+EP+대/EF+~/SY"
          },
          {
            "id": 21,
            "text": "3 : 우와 그 정도구나... 뭔가 군대 보내기 싫어서 딸 낳고 싶다는 얘기는 처음 들어봐...! 뭔가 감동인 걸...?",
            "norm_text": "우와 그 정도구나... 뭔가 군대 보내기 싫어서 딸 낳고 싶다는 얘기는 처음 들어봐...! 뭔가 감동인 걸...?",
            "speaker": {
              "id": "3번",
              "sex": "여성",
              "age": "20대"
            },
            "speechAct": "(단언) 주장하기",
            "morpheme": "우와/IC+그/MM+정도/NNG+구나/VCP+EF+./SY+뭔가/NP+VCP+EC+군대/NNG+보내/VV+기/ETN+싫/VA+어서/EC+딸/NNG+낳/VV+고/EC+싶/VX+다는/ETM+얘기/NNG+는/JX+처음/MAG+들/VV+어/EC+봐/VX+EF+./SY+./SY+뭔가/NP+VCP+EC+감동/NNG+인걸/VCP+EF+./SY+./SY"
          },
          {
            "id": 22,
            "text": "1 : 그니까! 낳기 전부터 군대 고민하는 건 첨 들어봐 키키",
            "norm_text": "그니까! 낳기 전부터 군대 고민하는 건 첨 들어봐 키키",
            "speaker": {
              "id": "1번",
              "sex": "여성",
              "age": "20대"
            },
            "speechAct": "(단언) 주장하기",
            "morpheme": "그니까/MAJ+낳/VV+기/ETN+전/NNG+부터/JX+군대/NNG+고민/NNG+하/XSV+는/ETM+건/NNB+JX+첨/MAG+들/VV+어/EC+봐/VX+EF+키/NNG+키/XSV+ETN"
          },
          {
            "id": 23,
            "text": "1 : 그 정도로 보내기 싫으셨나보다",
            "norm_text": "그 정도로 보내기 싫으셨나보다",
            "speaker": {
              "id": "1번",
              "sex": "여성",
              "age": "20대"
            },
            "speechAct": "(단언) 주장하기",
            "morpheme": "그/MM+정도/NNG+로/JKB+보내/VV+기/ETN+싫/VA+으셨/EP+EP+EC+나/NP+보다/JKB"
          },
          {
            "id": 24,
            "text": "2 : 왜 남자는 군대 두 번 가는 꿈이 최악의 악몽이라던데~",
            "norm_text": "왜 남자는 군대 두 번 가는 꿈이 최악의 악몽이라던데~",
            "speaker": {
              "id": "2번",
              "sex": "여성",
              "age": "30대"
            },
            "speechAct": "(단언) 주장하기",
            "morpheme": "왜/MAG+남자/NNG+는/JX+군대/NNG+두/MM+번/NNBC+가/VV+는/ETM+꿈/NNG+이/JKS+최악/NNG+의/JKG+악몽/NNG+이/VCP+라던데/EC+~/SY"
          },
          {
            "id": 25,
            "text": "3 : 요즘에 코로나 때문에 예비군 안 가서 우리 오빠 예비군 안 가 가지고 신나 하는 거 보면 괜히 꼴 보기 싫어 키키",
            "norm_text": "요즘에 코로나 때문에 예비군 안 가서 우리 오빠 예비군 안 가 가지고 신나 하는 거 보면 괜히 꼴 보기 싫어 키키",
            "speaker": {
              "id": "3번",
              "sex": "여성",
              "age": "20대"
            },
            "speechAct": "(단언) 주장하기",
            "morpheme": "요즘/NNG+에/JKB+코로나/NNG+때문/NNB+에/JKB+예비군/NNG+안/MAG+가/VV+서/EC+우리/NP+오빠/NNG+예비군/NNG+안/MAG+가/VV+EC+가지/VX+고/EC+신나/NNG+하/XSV+는/ETM+거/NNB+보/VV+면/EC+괜히/MAG+꼴/NNG+보/VV+기/ETN+싫/VA+어/EC+키/NNG+키/XSV+ETN"
          },
          {
            "id": 26,
            "text": "1 : 키키 온라인으로 뭐 안 하고 그냥 취소인 건가 예비군은?",
            "norm_text": "키키 온라인으로 뭐 안 하고 그냥 취소인 건가 예비군은?",
            "speaker": {
              "id": "1번",
              "sex": "여성",
              "age": "20대"
            },
            "speechAct": "(지시) 질문하기",
            "morpheme": "키/NNG+키/NNG+온라인/NNG+으로/JKB+뭐/IC+안/MAG+하/VV+고/EC+그냥/MAG+취소/NNG+인/VCP+ETM+건가/NNB+VCP+EC+예비군/NNG+은/JX"
          },
          {
            "id": 27,
            "text": "2 : 그냥 완전 취소라고? 완전 좋겠다~",
            "norm_text": "그냥 완전 취소라고? 완전 좋겠다~",
            "speaker": {
              "id": "2번",
              "sex": "여성",
              "age": "30대"
            },
            "speechAct": "(단언) 주장하기",
            "morpheme": "그냥/MAG+완전/NNG+취소/NNG+라고/VCP+EF+완전/MAG+좋/VA+겠/EP+다/EC+~/SY"
          },
          {
            "id": 28,
            "text": "3 : 키키 엄청 좋아하더라고 그냥 아예 수료 처리됐다고 문자 오던데",
            "norm_text": "키키 엄청 좋아하더라고 그냥 아예 수료 처리됐다고 문자 오던데",
            "speaker": {
              "id": "3번",
              "sex": "여성",
              "age": "20대"
            },
            "speechAct": "(단언) 진술하기",
            "morpheme": "키/NNG+키/NNG+엄청/MAG+좋/VA+아/EC+하/VV+더라고/EC+그냥/MAG+아예/MAG+수료/NNG+처리/NNG+됐/XSV+EP+다고/EC+문자/NNG+오/VV+던데/EC"
          },
          {
            "id": 29,
            "text": "1 : 아 미뤄진 것도 아니고 수료 처리까지 됐으면 더 좋아할 만 하네 키키",
            "norm_text": "아 미뤄진 것도 아니고 수료 처리까지 됐으면 더 좋아할 만 하네 키키",
            "speaker": {
              "id": "1번",
              "sex": "여성",
              "age": "20대"
            },
            "speechAct": "(단언) 주장하기",
            "morpheme": "아/IC+미뤄진/VV+EC+VX+ETM+것/NNB+도/JX+아니/VCN+고/EC+수료/NNG+처리/NNG+까지/JX+됐/VV+EP+으면/EC+더/MAG+좋/VA+아/EC+할/VX+ETM+만/NNB+하/XSA+네/EF+키/NNG+키/XSV+ETN"
          },
          {
            "id": 30,
            "text": "2 : 보통 예비군 가면 뭐 한대?",
            "norm_text": "보통 예비군 가면 뭐 한대?",
            "speaker": {
              "id": "2번",
              "sex": "여성",
              "age": "30대"
            },
            "speechAct": "(지시) 질문하기",
            "morpheme": "보통/NNG+예비군/NNG+가/VV+면/EC+뭐/IC+한대/VV+EF"
          },
          {
            "id": 31,
            "text": "2 : 나도 오빠 있지만 따로 살아서 물어볼 기회가 없었네",
            "norm_text": "나도 오빠 있지만 따로 살아서 물어볼 기회가 없었네",
            "speaker": {
              "id": "2번",
              "sex": "여성",
              "age": "30대"
            },
            "speechAct": "(단언) 주장하기",
            "morpheme": "나/NP+도/JX+오빠/NNG+있/VV+지만/EC+따로/MAG+살/VV+아서/EC+물어볼/VV+ETM+기회/NNG+가/JKS+없/VA+었/EP+네/EF"
          },
          {
            "id": 32,
            "text": "3 : 엇 나도 오빠랑 같이 사는데 딱히 물어 보지를 않았네...",
            "norm_text": "엇 나도 오빠랑 같이 사는데 딱히 물어 보지를 않았네...",
            "speaker": {
              "id": "3번",
              "sex": "여성",
              "age": "20대"
            },
            "speechAct": "(단언) 주장하기",
            "morpheme": "엇/IC+나/NP+도/JX+오빠/NNG+랑/JKB+같이/MAG+사/VV+는데/EC+딱히/MAG+물/VV+어/EC+보/VX+지/EC+를/JX+않/VX+았/EP+네/EF+./SY"
          },
          {
            "id": 33,
            "text": "3 : 다음에 한번 물어볼게 키키",
            "norm_text": "다음에 한번 물어볼게 키키",
            "speaker": {
              "id": "3번",
              "sex": "여성",
              "age": "20대"
            },
            "speechAct": "(언약) 약속하기(제3자와)/(개인적 수준)",
            "morpheme": "다음/NNG+에/JKB+한/MM+번/NNBC+물어볼/VV+ETM+게/NNB+JKS+키/NNG+키/XSV+ETN"
          }
        ]
      }
    }
  ]
}