{
  "dataset": {
    "identifier": 20939,
    "name": "BAND_26_03_set",
    "src_path": "/data/file/cubeManager/PROJECT001/49/txt20210916140644037284/BAND_26_03_set/",
    "label_path": "/data/file/cubeManager/PROJECT001/49/txt20210916140644037284/BAND_26_03_set/",
    "category": 2,
    "type": 0
  },
  "licenses": {
    "name": "Apache License 1.0",
    "url": "http://www.apache.org/licenses/LICENSE-1.0"
  },
  "info": [
    {
      "id": 27913,
      "filename": "BAND_26_03.txt",
      "title": "BAND_26_03",
      "mediatype": "SNS",
      "medianame": "네이버밴드",
      "category": "일상대화",
      "date": "2021-09-16",
      "size": 427,
      "annotations": {
        "subject": "교통",
        "speaker_type": "1:1",
        "size": 427,
        "word_size": 148,
        "text": "1 : 너는 차 살 생각 없어?\n2 : 있어 너는 어때? 차 살 생각이 있어?\n1 : 나는 차 있잖아 우리 별카 키키\n2 : 별카 키키 어 차종이 어떻게 되는데? 어떤 차야?\n1 : 너 프라이드라고 알아 기아 꺼야 키키\n2 : 아니 몰라 기아 꺼면 좋은 거 아니야?\n1 : 그냥 국산차지 나쁘지 않아\n1 : 너는 운전 잘 해?\n2 : 아니 요즘에 배우고 있는데 겁나서 못하겠어\n1 : 원래 실전에서 많이 배우는 거야 열심히 해!\n2 : 그치 고맙다 아주\n2 : 그치만 겁나 ㅜㅜ\n1 : 그건 그래 나도 그랬어\n1 : 많이 다녀야 해!\n2 : 그치 모두가 그렇게 말하지만 20분 거리 밖에 나가지 못해 키키\n1 : 20분 거리면 그냥 마실 나가는 거네?\n2 : 그치 키키 마실 정도 잠깐 숨만 쉬고 오는 거지\n1 : 근데 차가 많이 있는 시내로 연습하는 걸 추천해\n2 : 추천 고마워 그렇게 할게~",
        "lines": [
          {
            "id": 1,
            "text": "1 : 너는 차 살 생각 없어?",
            "norm_text": "너는 차 살 생각 없어?",
            "speaker": {
              "id": "1번",
              "sex": "여성",
              "age": "20대"
            },
            "speechAct": "(지시) 질문하기",
            "morpheme": "너/NP+는/JX+차/NNG+살/VV+ETM+생각/NNG+없/VA+어/EF"
          },
          {
            "id": 2,
            "text": "2 : 있어 너는 어때? 차 살 생각이 있어?",
            "norm_text": "있어 너는 어때? 차 살 생각이 있어?",
            "speaker": {
              "id": "2번",
              "sex": "여성",
              "age": "20대"
            },
            "speechAct": "(지시) 질문하기",
            "morpheme": "있/VA+어/EC+너/NP+는/JX+어때/VA+EF+차/NNG+살/VV+ETM+생각/NNG+이/JKS+있/VA+어/EF"
          },
          {
            "id": 3,
            "text": "1 : 나는 차 있잖아 우리 별카 키키",
            "norm_text": "나는 차 있잖아 우리 별카 키키",
            "speaker": {
              "id": "1번",
              "sex": "여성",
              "age": "20대"
            },
            "speechAct": "(단언) 진술하기",
            "morpheme": "나/NP+는/JX+차/VV+EC+있/VX+잖아/EF+우리/NP+별/MM+카키/NNG+키/XSV+ETN"
          },
          {
            "id": 4,
            "text": "2 : 별카 키키 어 차종이 어떻게 되는데? 어떤 차야?",
            "norm_text": "별카 키키 어 차종이 어떻게 되는데? 어떤 차야?",
            "speaker": {
              "id": "2번",
              "sex": "여성",
              "age": "20대"
            },
            "speechAct": "(지시) 질문하기",
            "morpheme": "별/MM+카키/NNG+키어/NNG+차종/NNG+이/JKS+어떻게/MAG+되/VV+는데/EC+어떤/MM+차/NNG+야/VCP+EF"
          },
          {
            "id": 5,
            "text": "1 : 너 프라이드라고 알아 기아 꺼야 키키",
            "norm_text": "너 프라이드라고 알아 기아 꺼야 키키",
            "speaker": {
              "id": "1번",
              "sex": "여성",
              "age": "20대"
            },
            "speechAct": "(단언) 진술하기",
            "morpheme": "너/NP+프라이드/NNG+라고/VCP+EC+알/VV+아/EC+기아/NNG+꺼야/VV+EC+키/NNG+키/XSV+ETN"
          },
          {
            "id": 6,
            "text": "2 : 아니 몰라 기아 꺼면 좋은 거 아니야?",
            "norm_text": "아니 몰라 기아 꺼면 좋은 거 아니야?",
            "speaker": {
              "id": "2번",
              "sex": "여성",
              "age": "20대"
            },
            "speechAct": "(지시) 질문하기",
            "morpheme": "아니/MAG+몰라/VV+EF+기아/NNP+꺼/NNB+VCP+면/EC+좋/VA+은/ETM+거/NNB+아니/VCN+야/EF"
          },
          {
            "id": 7,
            "text": "1 : 그냥 국산차지 나쁘지 않아",
            "norm_text": "그냥 국산차지 나쁘지 않아",
            "speaker": {
              "id": "1번",
              "sex": "여성",
              "age": "20대"
            },
            "speechAct": "(단언) 주장하기",
            "morpheme": "그냥/MAG+국산/NNG+차지/NNG+나쁘/VA+지/EC+않/VX+아/EC"
          },
          {
            "id": 8,
            "text": "1 : 너는 운전 잘 해?",
            "norm_text": "너는 운전 잘 해?",
            "speaker": {
              "id": "1번",
              "sex": "여성",
              "age": "20대"
            },
            "speechAct": "(지시) 질문하기",
            "morpheme": "너/NP+는/JX+운전/NNG+잘/MAG+해/VV+EF"
          },
          {
            "id": 9,
            "text": "2 : 아니 요즘에 배우고 있는데 겁나서 못하겠어",
            "norm_text": "아니 요즘에 배우고 있는데 겁나서 못하겠어",
            "speaker": {
              "id": "2번",
              "sex": "여성",
              "age": "20대"
            },
            "speechAct": "(단언) 주장하기",
            "morpheme": "아니/IC+요즘/NNG+에/JKB+배우/VV+고/EC+있/VX+는/ETM+데/NNB+겁나/VV+서/EC+못하/VX+겠/EP+어/EC"
          },
          {
            "id": 10,
            "text": "1 : 원래 실전에서 많이 배우는 거야 열심히 해!",
            "norm_text": "원래 실전에서 많이 배우는 거야 열심히 해!",
            "speaker": {
              "id": "1번",
              "sex": "여성",
              "age": "20대"
            },
            "speechAct": "(단언) 주장하기",
            "morpheme": "원래/MAG+실전/NNG+에서/JKB+많이/MAG+배우/VV+는/ETM+거/NNB+야/VCP+EF+열심히/MAG+해/VV+EF"
          },
          {
            "id": 11,
            "text": "2 : 그치 고맙다 아주",
            "norm_text": "그치 고맙다 아주",
            "speaker": {
              "id": "2번",
              "sex": "여성",
              "age": "20대"
            },
            "speechAct": "(단언) 주장하기",
            "morpheme": "그치/IC+고맙/VA+다아/EC+주/VX"
          },
          {
            "id": 12,
            "text": "2 : 그치만 겁나 ㅜㅜ",
            "norm_text": "그치만 겁나 ㅜㅜ",
            "speaker": {
              "id": "2번",
              "sex": "여성",
              "age": "20대"
            },
            "speechAct": "(단언) 주장하기",
            "morpheme": "그치만겁나ㅜㅜ/UNKNOWN"
          },
          {
            "id": 13,
            "text": "1 : 그건 그래 나도 그랬어",
            "norm_text": "그건 그래 나도 그랬어",
            "speaker": {
              "id": "1번",
              "sex": "여성",
              "age": "20대"
            },
            "speechAct": "(단언) 주장하기",
            "morpheme": "그건/NP+JX+그래/VA+EC+나/NP+도/JX+그랬/VV+EP+어/EC"
          },
          {
            "id": 14,
            "text": "1 : 많이 다녀야 해!",
            "norm_text": "많이 다녀야 해!",
            "speaker": {
              "id": "1번",
              "sex": "여성",
              "age": "20대"
            },
            "speechAct": "(단언) 주장하기",
            "morpheme": "많이/MAG+다녀야/VV+EC+해/VX+EF"
          },
          {
            "id": 15,
            "text": "2 : 그치 모두가 그렇게 말하지만 20분 거리 밖에 나가지 못해 키키",
            "norm_text": "그치 모두가 그렇게 말하지만 20분 거리 밖에 나가지 못해 키키",
            "speaker": {
              "id": "2번",
              "sex": "여성",
              "age": "20대"
            },
            "speechAct": "(단언) 주장하기",
            "morpheme": "그치/IC+모두/NNG+가/JKS+그렇게/MAG+말/NNG+하/XSV+지만/EC+20/SN+분/NNBC+거리/NNG+밖에/JX+나가/VV+지/EC+못해/VX+EC+키/NNG+키/XSV+ETN"
          },
          {
            "id": 16,
            "text": "1 : 20분 거리면 그냥 마실 나가는 거네?",
            "norm_text": "20분 거리면 그냥 마실 나가는 거네?",
            "speaker": {
              "id": "1번",
              "sex": "여성",
              "age": "20대"
            },
            "speechAct": "(지시) 질문하기",
            "morpheme": "20/SN+분/NNBC+거리/VV+면/EC+그냥/MAG+마실/VV+ETM+나가/VV+는/ETM+거/NNB+네/VCP+EF"
          },
          {
            "id": 17,
            "text": "2 : 그치 키키 마실 정도 잠깐 숨만 쉬고 오는 거지",
            "norm_text": "그치 키키 마실 정도 잠깐 숨만 쉬고 오는 거지",
            "speaker": {
              "id": "2번",
              "sex": "여성",
              "age": "20대"
            },
            "speechAct": "(단언) 주장하기",
            "morpheme": "그치/IC+키/NNG+키/XSV+ETN+마실/VV+ETM+정도/NNG+잠깐/MAG+숨/NNG+만/JX+쉬/VV+고/EC+오/VV+는/ETM+거/NNB+지/VCP+EC"
          },
          {
            "id": 18,
            "text": "1 : 근데 차가 많이 있는 시내로 연습하는 걸 추천해",
            "norm_text": "근데 차가 많이 있는 시내로 연습하는 걸 추천해",
            "speaker": {
              "id": "1번",
              "sex": "여성",
              "age": "20대"
            },
            "speechAct": "(단언) 주장하기",
            "morpheme": "근데/MAJ+차/NNG+가/JKS+많이/MAG+있/VA+는/ETM+시내/NNG+로/JKB+연습/NNG+하/XSV+는/ETM+걸/NNB+JKO+추천/NNG+해/XSV+EC"
          },
          {
            "id": 19,
            "text": "2 : 추천 고마워 그렇게 할게~",
            "norm_text": "추천 고마워 그렇게 할게~",
            "speaker": {
              "id": "2번",
              "sex": "여성",
              "age": "20대"
            },
            "speechAct": "(표현) 감사하기",
            "morpheme": "추천/NNG+고마워/VA+EC+그렇게/MAG+할/VV+ETM+게/NNB+JKS+~/SY"
          }
        ]
      }
    }
  ]
}