{
  "dataset": {
    "identifier": 122307,
    "name": "BAND_45_16_set",
    "src_path": "/data/file/cubeManager/PROJECT001/80/txt20211103154613080062/BAND_45_16_set/",
    "label_path": "/data/file/cubeManager/PROJECT001/80/txt20211103154613080062/BAND_45_16_set/",
    "category": 2,
    "type": 0
  },
  "licenses": {
    "name": "Apache License 1.0",
    "url": "http://www.apache.org/licenses/LICENSE-1.0"
  },
  "info": [
    {
      "id": 135511,
      "filename": "BAND_45_16.txt",
      "title": "BAND_45_16",
      "mediatype": "SNS",
      "medianame": "네이버밴드",
      "category": "일상대화",
      "date": "2021-11-03",
      "size": 477,
      "annotations": {
        "subject": "미용",
        "speaker_type": "다자간 대화",
        "size": 477,
        "word_size": 160,
        "text": "1 : 피부가 다시 좋아졌어\n1 : 행복해\n2 : 나는 가면 갈수록 안 좋아지는중\n2 : 에혀 ㅠㅠ\n3 : 갑자기 피부는 왜 좋아졌어\n1 : 키키 요즘 뒤집어져서 관리 해줬더니 효과 톡톡\n2 : 와 진짜 대단하다 자기 얼굴에 맞는 화장품 찾기 힘들다던데\n3 : 군대에서는 피부 진짜 좋았었는데\n1 : 하도 뒤집어져서 이제야 만났지 임자\n2 : 와 그동안 얼마나 화장품 많이 바꿨길래\n2 : 대단하다 진짜!\n3 : 아이구\n3 : 임자 어쩌다가 이제 왔는교\n1 : 마스크 쓰고 엄청 스트레스 받았었어\n2 : 맞어\n2 : 요즘에는 마스크 때문에 피부 다 망가지는중 ㅠㅠ\n3 : 마스크 이제 그만 쓰고 싶어 ㅠㅠ\n1 : 그래서 진짜 올영에서 이것저것 엄청 샀어\n2 : 아 올리브영 많이 가는구나\n2 : 나는 뭐 써야 하지 ㅠ\n3 : 근데 올리브영 가면 부담스러워\n1 : 가면 돈 엄청 쓰고 와 키키\n2 : 나는 올리브영 한번도 가본 적 없어서 키키\n3 : 가면 직원들이 필요한 거 있으면 말해 달라 해",
        "lines": [
          {
            "id": 1,
            "text": "1 : 피부가 다시 좋아졌어",
            "norm_text": "피부가 다시 좋아졌어",
            "speaker": {
              "id": "1번",
              "sex": "여성",
              "age": "20대"
            },
            "speechAct": "(단언) 진술하기",
            "morpheme": "피부/NNG+가/JKS+다시/MAG+좋/VA+아/EC+졌/VX+EP+어/EC"
          },
          {
            "id": 2,
            "text": "1 : 행복해",
            "norm_text": "행복해",
            "speaker": {
              "id": "1번",
              "sex": "여성",
              "age": "20대"
            },
            "speechAct": "(단언) 진술하기",
            "morpheme": "행복/NNG+해/XSV+EC"
          },
          {
            "id": 3,
            "text": "2 : 나는 가면 갈수록 안 좋아지는중",
            "norm_text": "나는 가면 갈수록 안 좋아지는중",
            "speaker": {
              "id": "2번",
              "sex": "남성",
              "age": "20대"
            },
            "speechAct": "(단언) 진술하기",
            "morpheme": "나/NP+는/JX+가/VV+면/EC+갈수록/MAG+안/MAG+좋/VA+아/EC+지/VX+는/ETM+중/NNB"
          },
          {
            "id": 4,
            "text": "2 : 에혀 ㅠㅠ",
            "norm_text": "에혀 ㅠㅠ",
            "speaker": {
              "id": "2번",
              "sex": "남성",
              "age": "20대"
            },
            "speechAct": "턴토크 사인(관습적 반응)",
            "morpheme": "에혀ㅠㅠ/UNKNOWN"
          },
          {
            "id": 5,
            "text": "3 : 갑자기 피부는 왜 좋아졌어",
            "norm_text": "갑자기 피부는 왜 좋아졌어",
            "speaker": {
              "id": "3번",
              "sex": "남성",
              "age": "20대"
            },
            "speechAct": "(지시) 질문하기",
            "morpheme": "갑자기/MAG+피부/NNG+는/JX+왜/MAG+좋/VA+아/EC+졌/VX+EP+어/EC"
          },
          {
            "id": 6,
            "text": "1 : 키키 요즘 뒤집어져서 관리 해줬더니 효과 톡톡",
            "norm_text": "키키 요즘 뒤집어져서 관리 해줬더니 효과 톡톡",
            "speaker": {
              "id": "1번",
              "sex": "여성",
              "age": "20대"
            },
            "speechAct": "(단언) 주장하기",
            "morpheme": "키/NNG+키/NNG+요즘/NNG+뒤집/VV+어/EC+져서/VX+EC+관리/NNG+해/XSV+EC+줬/VX+EP+더니/EC+효과/NNG+톡톡/MAG"
          },
          {
            "id": 7,
            "text": "2 : 와 진짜 대단하다 자기 얼굴에 맞는 화장품 찾기 힘들다던데",
            "norm_text": "와 진짜 대단하다 자기 얼굴에 맞는 화장품 찾기 힘들다던데",
            "speaker": {
              "id": "2번",
              "sex": "남성",
              "age": "20대"
            },
            "speechAct": "(단언) 진술하기",
            "morpheme": "와/IC+진짜/MAG+대단/XR+하/XSA+다/EF+자기/NP+얼굴/NNG+에/JKB+맞/VV+는/ETM+화장품/NNG+찾/VV+기/ETN+힘들/VA+다던데/EC"
          },
          {
            "id": 8,
            "text": "3 : 군대에서는 피부 진짜 좋았었는데",
            "norm_text": "군대에서는 피부 진짜 좋았었는데",
            "speaker": {
              "id": "3번",
              "sex": "남성",
              "age": "20대"
            },
            "speechAct": "(단언) 진술하기",
            "morpheme": "군대/NNG+에서/JKB+는/JX+피부/NNG+진짜/MAG+좋/VA+았었/EP+는데/EC"
          },
          {
            "id": 9,
            "text": "1 : 하도 뒤집어져서 이제야 만났지 임자",
            "norm_text": "하도 뒤집어져서 이제야 만났지 임자",
            "speaker": {
              "id": "1번",
              "sex": "여성",
              "age": "20대"
            },
            "speechAct": "(단언) 주장하기",
            "morpheme": "하도/MAG+뒤집/VV+어/EC+져서/VX+EC+이제야/MAG+만났/VV+EP+지/EC+임자/NNG"
          },
          {
            "id": 10,
            "text": "2 : 와 그동안 얼마나 화장품 많이 바꿨길래",
            "norm_text": "와 그동안 얼마나 화장품 많이 바꿨길래",
            "speaker": {
              "id": "2번",
              "sex": "남성",
              "age": "20대"
            },
            "speechAct": "(단언) 주장하기",
            "morpheme": "와/IC+그동안/NNG+얼마나/MAG+화장품/NNG+많이/MAG+바꿨/VV+EP+길래/EC"
          },
          {
            "id": 11,
            "text": "2 : 대단하다 진짜!",
            "norm_text": "대단하다 진짜!",
            "speaker": {
              "id": "2번",
              "sex": "남성",
              "age": "20대"
            },
            "speechAct": "(단언) 진술하기",
            "morpheme": "대단/XR+하/XSA+다/EF+진짜/MAG"
          },
          {
            "id": 12,
            "text": "3 : 아이구",
            "norm_text": "아이구",
            "speaker": {
              "id": "3번",
              "sex": "남성",
              "age": "20대"
            },
            "speechAct": "턴토크 사인(관습적 반응)",
            "morpheme": "아이구/IC"
          },
          {
            "id": 13,
            "text": "3 : 임자 어쩌다가 이제 왔는교",
            "norm_text": "임자 어쩌다가 이제 왔는교",
            "speaker": {
              "id": "3번",
              "sex": "남성",
              "age": "20대"
            },
            "speechAct": "(단언) 주장하기",
            "morpheme": "임자/NP+어쩌다가/MAG+이제/MAG+왔/VV+EP+는교/EC"
          },
          {
            "id": 14,
            "text": "1 : 마스크 쓰고 엄청 스트레스 받았었어",
            "norm_text": "마스크 쓰고 엄청 스트레스 받았었어",
            "speaker": {
              "id": "1번",
              "sex": "여성",
              "age": "20대"
            },
            "speechAct": "(단언) 진술하기",
            "morpheme": "마스크/NNG+쓰/VV+고/EC+엄청/MAG+스트레스/NNG+받/VV+았었/EP+어/EC"
          },
          {
            "id": 15,
            "text": "2 : 맞어",
            "norm_text": "맞어",
            "speaker": {
              "id": "2번",
              "sex": "남성",
              "age": "20대"
            },
            "speechAct": "턴토크 사인(관습적 반응)",
            "morpheme": "맞/VV+어/EC"
          },
          {
            "id": 16,
            "text": "2 : 요즘에는 마스크 때문에 피부 다 망가지는중 ㅠㅠ",
            "norm_text": "요즘에는 마스크 때문에 피부 다 망가지는중 ㅠㅠ",
            "speaker": {
              "id": "2번",
              "sex": "남성",
              "age": "20대"
            },
            "speechAct": "(단언) 진술하기",
            "morpheme": "요즘/NNG+에/JKB+는/JX+마스크/NNG+때문/NNB+에/JKB+피부/NNG+다망/NNG+가지/VV+는/ETM+중/NNB+ㅠㅠ/UNKNOWN"
          },
          {
            "id": 17,
            "text": "3 : 마스크 이제 그만 쓰고 싶어 ㅠㅠ",
            "norm_text": "마스크 이제 그만 쓰고 싶어 ㅠㅠ",
            "speaker": {
              "id": "3번",
              "sex": "남성",
              "age": "20대"
            },
            "speechAct": "(단언) 주장하기",
            "morpheme": "마스크/IC+이제/MAG+그만/MAG+쓰/VV+고/EC+싶/VX+어/EC+ㅠㅠ/UNKNOWN"
          },
          {
            "id": 18,
            "text": "1 : 그래서 진짜 올영에서 이것저것 엄청 샀어",
            "norm_text": "그래서 진짜 올영에서 이것저것 엄청 샀어",
            "speaker": {
              "id": "1번",
              "sex": "여성",
              "age": "20대"
            },
            "speechAct": "(단언) 주장하기",
            "morpheme": "그래서/MAJ+진짜/MAG+올/MM+영/NNG+에서/JKB+이것저것/NNG+엄청/MAG+샀/VV+EP+어/EC"
          },
          {
            "id": 19,
            "text": "2 : 아 올리브영 많이 가는구나",
            "norm_text": "아 올리브영 많이 가는구나",
            "speaker": {
              "id": "2번",
              "sex": "남성",
              "age": "20대"
            },
            "speechAct": "(단언) 주장하기",
            "morpheme": "아/IC+올리브/NNG+영/MAG+많이/MAG+가/VV+는구나/EC"
          },
          {
            "id": 20,
            "text": "2 : 나는 뭐 써야 하지 ㅠ",
            "norm_text": "나는 뭐 써야 하지 ㅠ",
            "speaker": {
              "id": "2번",
              "sex": "남성",
              "age": "20대"
            },
            "speechAct": "(단언) 진술하기",
            "morpheme": "나는뭐써야하지ㅠ/UNKNOWN"
          },
          {
            "id": 21,
            "text": "3 : 근데 올리브영 가면 부담스러워",
            "norm_text": "근데 올리브영 가면 부담스러워",
            "speaker": {
              "id": "3번",
              "sex": "남성",
              "age": "20대"
            },
            "speechAct": "(단언) 주장하기",
            "morpheme": "근데/MAJ+올리브/NNG+영가/NNG+면/VCP+EC+부담/NNG+스러워/XSA+EC"
          },
          {
            "id": 22,
            "text": "1 : 가면 돈 엄청 쓰고 와 키키",
            "norm_text": "가면 돈 엄청 쓰고 와 키키",
            "speaker": {
              "id": "1번",
              "sex": "여성",
              "age": "20대"
            },
            "speechAct": "(단언) 주장하기",
            "morpheme": "가/VV+면/EC+돈/NNG+엄청/MAG+쓰/VV+고/EC+와/JC+키/NNG+키/XSV+ETN"
          },
          {
            "id": 23,
            "text": "2 : 나는 올리브영 한번도 가본 적 없어서 키키",
            "norm_text": "나는 올리브영 한번도 가본 적 없어서 키키",
            "speaker": {
              "id": "2번",
              "sex": "남성",
              "age": "20대"
            },
            "speechAct": "(단언) 진술하기",
            "morpheme": "나/NP+는/JX+올리브/NNG+영/NR+한/MM+번/NNBC+도/JX+가본/NNG+적/XSN+없/VA+어서/EC+키/NNG+키/XSV+ETN"
          },
          {
            "id": 24,
            "text": "3 : 가면 직원들이 필요한 거 있으면 말해 달라 해",
            "norm_text": "가면 직원들이 필요한 거 있으면 말해 달라 해",
            "speaker": {
              "id": "3번",
              "sex": "남성",
              "age": "20대"
            },
            "speechAct": "(단언) 주장하기",
            "morpheme": "가/VV+면/EC+직원/NNG+들/XSN+이/JKS+필요/NNG+한/XSA+ETM+거/NNB+있/VA+으면/EC+말/NNG+해/XSV+EC+달/VX+라/EC+해/VV+EC"
          }
        ]
      }
    }
  ]
}