{
  "dataset": {
    "identifier": 21711,
    "name": "BAND_21_15_set",
    "src_path": "/data/file/cubeManager/PROJECT001/49/txt20210915110606072017/BAND_21_15_set/",
    "label_path": "/data/file/cubeManager/PROJECT001/49/txt20210915110606072017/BAND_21_15_set/",
    "category": 2,
    "type": 0
  },
  "licenses": {
    "name": "Apache License 1.0",
    "url": "http://www.apache.org/licenses/LICENSE-1.0"
  },
  "info": [
    {
      "id": 25554,
      "filename": "BAND_21_15.txt",
      "title": "BAND_21_15",
      "mediatype": "SNS",
      "medianame": "네이버밴드",
      "category": "일상대화",
      "date": "2021-09-15",
      "size": 457,
      "annotations": {
        "subject": "타 국가 이슈",
        "speaker_type": "1:1",
        "size": 457,
        "word_size": 149,
        "text": "1 : 너 아메리카 갓 텔런트 봤어?\n2 : 응 나 그거 요즘 클립으로 뜨길래 봤지\n1 : 한국 출신 태권도 선수들 너무 멋있지 않아?\n2 : 그러게 태권도로 우리나라 이름도 알리고 결승 진출까지?!\n1 : 맞아 나 유튜브로 동영상 다 찾아봤잖아 키키\n2 : 그 정도야? 키키\n2 : 진심이구나\n2 : 방탄에 이어서 태권도 까지 너무 자랑스럽다 ㅠㅠ\n1 : 진짜 국뽕이 차오르는 느낌이다!\n2 : 그러게 ~ 한류가 대세지 정말 키키\n1 : 나무 판자를 세 바퀴 돌아서 부술 때 내가 다 짜릿하더라!\n2 : 와 그거 정말 예술이네\n2 : 군무도 딱딱 맞아\n1 : 맞아 군무 얘기하니까 니가 말한 방탄도 생각 난다!\n2 : 방탄 소년단도 빌보드 차트 휩쓸었잖아 키키\n1 : 이번에 신곡 제목이 뭐였지?\n2 : 버터 인것 같던데~?\n2 : 노래가 상큼해 키키\n1 : 근데 애들 노래 다 영어로 부르더라?\n2 : 응 요즘 빌보드 가더니 한국말 잊어 먹었나 봐",
        "lines": [
          {
            "id": 1,
            "text": "1 : 너 아메리카 갓 텔런트 봤어?",
            "norm_text": "너 아메리카 갓 텔런트 봤어?",
            "speaker": {
              "id": "1번",
              "sex": "여성",
              "age": "20대"
            },
            "speechAct": "(지시) 질문하기",
            "morpheme": "너/NP+아메리카/NNG+갓/MAG+텔/NNG+런/VCP+ETM+트/NNG+봤/VV+EP+어/EF"
          },
          {
            "id": 2,
            "text": "2 : 응 나 그거 요즘 클립으로 뜨길래 봤지",
            "norm_text": "응 나 그거 요즘 클립으로 뜨길래 봤지",
            "speaker": {
              "id": "2번",
              "sex": "여성",
              "age": "20대"
            },
            "speechAct": "(단언) 진술하기",
            "morpheme": "응/IC+나/NP+그거/NP+요즘/MAG+클립/NNG+으로/JKB+뜨/VV+길래/EC+봤/VX+EP+지/EC"
          },
          {
            "id": 3,
            "text": "1 : 한국 출신 태권도 선수들 너무 멋있지 않아?",
            "norm_text": "한국 출신 태권도 선수들 너무 멋있지 않아?",
            "speaker": {
              "id": "1번",
              "sex": "여성",
              "age": "20대"
            },
            "speechAct": "(지시) 질문하기",
            "morpheme": "한국/NNP+출신/NNG+태권/NNG+도/JX+선수/NNG+들/XSN+너무/MAG+멋있/VA+지/EC+않/VX+아/EF"
          },
          {
            "id": 4,
            "text": "2 : 그러게 태권도로 우리나라 이름도 알리고 결승 진출까지?!",
            "norm_text": "그러게 태권도로 우리나라 이름도 알리고 결승 진출까지?!",
            "speaker": {
              "id": "2번",
              "sex": "여성",
              "age": "20대"
            },
            "speechAct": "(단언) 진술하기",
            "morpheme": "그러/VV+게/EC+태권도/NNG+로/JKB+우리/NP+나라/NNG+이름/NNG+도/JX+알리/VV+고/EC+결승/NNG+진출/NNG+까지/JX+?/SY"
          },
          {
            "id": 5,
            "text": "1 : 맞아 나 유튜브로 동영상 다 찾아봤잖아 키키",
            "norm_text": "맞아 나 유튜브로 동영상 다 찾아봤잖아 키키",
            "speaker": {
              "id": "1번",
              "sex": "여성",
              "age": "20대"
            },
            "speechAct": "(단언) 진술하기",
            "morpheme": "맞/VV+아나/EC+유튜브/NNP+로/JKB+동영상/NNG+다/MAG+찾/VV+아/EC+봤/VX+EP+잖아/EF+키/NNG+키/XSV+ETN"
          },
          {
            "id": 6,
            "text": "2 : 그 정도야? 키키",
            "norm_text": "그 정도야? 키키",
            "speaker": {
              "id": "2번",
              "sex": "여성",
              "age": "20대"
            },
            "speechAct": "(지시) 질문하기",
            "morpheme": "그/MM+정도/NNG+야/VCP+EF+키/NNG+키/XSV+ETN"
          },
          {
            "id": 7,
            "text": "2 : 진심이구나",
            "norm_text": "진심이구나",
            "speaker": {
              "id": "2번",
              "sex": "여성",
              "age": "20대"
            },
            "speechAct": "(단언) 주장하기",
            "morpheme": "진심/NNG+이/VCP+구나/EC"
          },
          {
            "id": 8,
            "text": "2 : 방탄에 이어서 태권도 까지 너무 자랑스럽다 ㅠㅠ",
            "norm_text": "방탄에 이어서 태권도 까지 너무 자랑스럽다 ㅠㅠ",
            "speaker": {
              "id": "2번",
              "sex": "여성",
              "age": "20대"
            },
            "speechAct": "(단언) 주장하기",
            "morpheme": "방탄/NNG+에/JKB+이어서/VV+EC+태권도/NNG+까지/JX+너무/MAG+자랑/NNG+스럽/XSA+다/EF+ㅠㅠ/UNKNOWN"
          },
          {
            "id": 9,
            "text": "1 : 진짜 국뽕이 차오르는 느낌이다!",
            "norm_text": "진짜 국뽕이 차오르는 느낌이다!",
            "speaker": {
              "id": "1번",
              "sex": "여성",
              "age": "20대"
            },
            "speechAct": "(단언) 주장하기",
            "morpheme": "진짜/MAG+국/NNG+뽕/NNG+이/JKS+차오르/VV+는/ETM+느낌/NNG+이/VCP+다/EF"
          },
          {
            "id": 10,
            "text": "2 : 그러게 ~ 한류가 대세지 정말 키키",
            "norm_text": "그러게 ~ 한류가 대세지 정말 키키",
            "speaker": {
              "id": "2번",
              "sex": "여성",
              "age": "20대"
            },
            "speechAct": "(단언) 주장하기",
            "morpheme": "그러/VV+게/EC+~/SY+한류/NNG+가/JKS+대세지/NNG+정말/MAG+키/NNG+키/XSV+ETN"
          },
          {
            "id": 11,
            "text": "1 : 나무 판자를 세 바퀴 돌아서 부술 때 내가 다 짜릿하더라!",
            "norm_text": "나무 판자를 세 바퀴 돌아서 부술 때 내가 다 짜릿하더라!",
            "speaker": {
              "id": "1번",
              "sex": "여성",
              "age": "20대"
            },
            "speechAct": "(단언) 주장하기",
            "morpheme": "나무판자/NNG+를/JKO+세/MM+바퀴/NNBC+돌/VV+아서/EC+부술/VV+ETM+때/NNG+내/NP+가/JKS+다/MAG+짜릿/XR+하/XSA+더라/EF"
          },
          {
            "id": 12,
            "text": "2 : 와 그거 정말 예술이네",
            "norm_text": "와 그거 정말 예술이네",
            "speaker": {
              "id": "2번",
              "sex": "여성",
              "age": "20대"
            },
            "speechAct": "(단언) 주장하기",
            "morpheme": "와/IC+그거/NP+정말/MAG+예술/NNG+이/VCP+네/EC"
          },
          {
            "id": 13,
            "text": "2 : 군무도 딱딱 맞아",
            "norm_text": "군무도 딱딱 맞아",
            "speaker": {
              "id": "2번",
              "sex": "여성",
              "age": "20대"
            },
            "speechAct": "(단언) 진술하기",
            "morpheme": "군무/NNG+도/JX+딱딱/MAG+맞/VV+아/EC"
          },
          {
            "id": 14,
            "text": "1 : 맞아 군무 얘기하니까 니가 말한 방탄도 생각 난다!",
            "norm_text": "맞아 군무 얘기하니까 니가 말한 방탄도 생각 난다!",
            "speaker": {
              "id": "1번",
              "sex": "여성",
              "age": "20대"
            },
            "speechAct": "(단언) 주장하기",
            "morpheme": "맞/VV+아/EC+군무/NNG+얘기/NNG+하/XSV+니까/EC+니/NP+가/JKS+말/NNG+한/XSA+ETM+방탄/NNG+도/JX+생각/NNG+난다/VV+EF"
          },
          {
            "id": 15,
            "text": "2 : 방탄 소년단도 빌보드 차트 휩쓸었잖아 키키",
            "norm_text": "방탄 소년단도 빌보드 차트 휩쓸었잖아 키키",
            "speaker": {
              "id": "2번",
              "sex": "여성",
              "age": "20대"
            },
            "speechAct": "(단언) 진술하기",
            "morpheme": "방탄소년단/NNP+도/JX+빌보드/NNP+차트/NNG+휩쓸/VV+었잖/EC+VX+아/EC+키/NNG+키/XSV+ETN"
          },
          {
            "id": 16,
            "text": "1 : 이번에 신곡 제목이 뭐였지?",
            "norm_text": "이번에 신곡 제목이 뭐였지?",
            "speaker": {
              "id": "1번",
              "sex": "여성",
              "age": "20대"
            },
            "speechAct": "(지시) 질문하기",
            "morpheme": "이번/NNG+에/JKB+신곡/NNG+제목/NNG+이/JKS+뭐/NP+였/VCP+EP+지/EF"
          },
          {
            "id": 17,
            "text": "2 : 버터 인것 같던데~?",
            "norm_text": "버터 인것 같던데~?",
            "speaker": {
              "id": "2번",
              "sex": "여성",
              "age": "20대"
            },
            "speechAct": "(단언) 진술하기",
            "morpheme": "버터/NNG+인/VCP+ETM+것/NNB+같/VA+던데/EC+~/SY"
          },
          {
            "id": 18,
            "text": "2 : 노래가 상큼해 키키",
            "norm_text": "노래가 상큼해 키키",
            "speaker": {
              "id": "2번",
              "sex": "여성",
              "age": "20대"
            },
            "speechAct": "(단언) 주장하기",
            "morpheme": "노래/NNG+가/JKS+상큼/XR+해/XSA+EC+키/NNG+키/XSV+ETN"
          },
          {
            "id": 19,
            "text": "1 : 근데 애들 노래 다 영어로 부르더라?",
            "norm_text": "근데 애들 노래 다 영어로 부르더라?",
            "speaker": {
              "id": "1번",
              "sex": "여성",
              "age": "20대"
            },
            "speechAct": "(단언) 진술하기",
            "morpheme": "근데/MAJ+애/NNG+들/XSN+노래/NNG+다/MAG+영어/NNG+로/JKB+부르/VV+더라/EF"
          },
          {
            "id": 20,
            "text": "2 : 응 요즘 빌보드 가더니 한국말 잊어 먹었나 봐",
            "norm_text": "응 요즘 빌보드 가더니 한국말 잊어 먹었나 봐",
            "speaker": {
              "id": "2번",
              "sex": "여성",
              "age": "20대"
            },
            "speechAct": "(단언) 주장하기",
            "morpheme": "응/IC+요즘/MAG+빌보드/NNP+가/JKS+더니/VV+EC+한국/NNP+말/NNG+잊어먹/VV+었/EP+나/EC+봐/VX+EC"
          }
        ]
      }
    }
  ]
}