{
  "dataset": {
    "identifier": 31386,
    "name": "BAND_22_15_set",
    "src_path": "/data/file/cubeManager/PROJECT001/49/txt20210915110036060931/BAND_22_15_set/",
    "label_path": "/data/file/cubeManager/PROJECT001/49/txt20210915110036060931/BAND_22_15_set/",
    "category": 2,
    "type": 0
  },
  "licenses": {
    "name": "Apache License 1.0",
    "url": "http://www.apache.org/licenses/LICENSE-1.0"
  },
  "info": [
    {
      "id": 25414,
      "filename": "BAND_22_15.txt",
      "title": "BAND_22_15",
      "mediatype": "SNS",
      "medianame": "네이버밴드",
      "category": "일상대화",
      "date": "2021-09-15",
      "size": 1278,
      "annotations": {
        "subject": "타 국가 이슈",
        "speaker_type": "1:1",
        "size": 1278,
        "word_size": 404,
        "text": "1 : 뮤라고 새로운 변이 바이러스 생겼다는데 들었어? ㅜㅜ\n2 : 웅 콜롬비아 발이라며...\n2 : 이미 일본에서도 발견됐던데 ㅠㅠ\n3 : 델타도 불안한데 뮤는 또 뭐냐고...\n3 : 진심 코로나 언제 끝나 답답해\n1 : 맞아 원래 바이러스가 변이 많이 해서 평생 마스크 쓰는 거 아니냐고 했었는데\n1 : 진짜 이러면 평생 마스크 쓰는 거 아니냐...\n2 : 이러면 이제 벗어라고 해도 우리가 못 벗어 키키\n2 : 와 진짜 심각하다\n2 : 델타 그 서로 마스크 쓰고 있었는데 10초 만에 감염됐다는 거 들었냐...\n3 : 진짜 심각하다\n3 : 나중에도 계속되면 아마 그냥 신종플루처럼 다 감염되고 항체 형성 하면서 사는 게 빠를 듯\n1 : 헐 진짜?\n1 : 너무 심하다\n1 : 이젠 진짜 운이라니까...\n2 : 진짜 미쳤지... 하하\n2 : 마스크 제대로 안 쓰고 돌아다니는 사람도 안 걸리는 사람은 안 걸려...\n2 : 근데 외국은 저 지경인데도 마스크 없이 살잖아\n3 : 그니까 그냥 계속 이러면 독감처럼 안고 사는 수밖에 없어\n3 : 언제까지 계속 이렇게 살 수도 없고 ㅠㅠ\n3 : 이게 뭐야\n1 : 맞아 계속 이렇게 살게 될지도\n1 : 집단면역 빨리 생겼으면 좋겠다\n2 : 그니까 백신 맞아도 안심은 안 되지만 ㅠㅠ\n2 : 암튼 저 변이도 벌써 38? 9? 뭐 이 정도 나라에 퍼졌대\n2 : 우리나라 제발 들어오지 마라\n3 : 코로나 지긋지긋하다\n3 : 이렇게 오래 갈 줄 몰랐어 벌써 1년 반 됐나?\n1 : 근데 또 들어올 듯\n1 : 우리나라 저런 거 제대로 한번도 못 막아 답답해\n2 : ㅠㅠ 국경을 못 막아서 그래...\n3 : 우리나라 막는 거에 대해서 어떻게 생각해?\n1 : 이런 상황에서는 막았으면 좋겠긴 한데 여러 국가 문제들이 있겠지...\n2 : 막으면 진짜 우리나라 망하지 않을까...? 키키\n3 : 키키 애초에 막지도 못하기도 한데 옛날에 처음 코로나 터졌을 때 막아라 막지 마라 엄청 분열이었던거 생각났어\n1 : 다시 코로나 없던 때로 돌아가고 싶다 ㅜㅜ\n1 : 그때를 더 즐길 걸...\n2 : 그러게 ㅠㅠ\n2 : 근데 막으면 진짜 좋긴 한데 막았어도 어쩔 수 없이 유입됐을 듯...?\n2 : 외국에 있다 돌아오는 우리 국민들도 있고 국민을 막을 수는 없으니까 ㅠㅠ\n3 : 맞아 그렇기도 해\n3 : 마스크로부터 자유로워지고 싶다!\n1 : 맞아 그리고 밀입국 같은 것도 있지 않아?\n1 : 어쩔 수 없이 코로나 들어오는 거 못 막았을 거 같긴 해\n2 : 그리고 외국에서 들어오는 거가 1이면 나라 안에서 퍼지는 게 99라서 진짜 소용 없었을 듯\n2 : 경제만 더 안 좋아지고\n3 : 그러게\n3 : 얼른 변이고 뭐고 코로나가 좀 진정되면 좋겠네",
        "lines": [
          {
            "id": 1,
            "text": "1 : 뮤라고 새로운 변이 바이러스 생겼다는데 들었어? ㅜㅜ",
            "norm_text": "뮤라고 새로운 변이 바이러스 생겼다는데 들었어? ㅜㅜ",
            "speaker": {
              "id": "1번",
              "sex": "여성",
              "age": "20대"
            },
            "speechAct": "(지시) 질문하기",
            "morpheme": "뮤/NNG+라고/VCP+EC+새로운/VA+ETM+변이/NNG+바이러스/NNG+생겼/VV+EP+다는/ETM+데/NNB+들/VV+었/EP+어/EF+ㅜㅜ/UNKNOWN"
          },
          {
            "id": 2,
            "text": "2 : 웅 콜롬비아 발이라며...",
            "norm_text": "웅 콜롬비아 발이라며...",
            "speaker": {
              "id": "2번",
              "sex": "여성",
              "age": "20대"
            },
            "speechAct": "(단언) 진술하기",
            "morpheme": "웅/IC+콜롬비/NNP+아발/NNP+이/VCP+라며/EF+./SY"
          },
          {
            "id": 3,
            "text": "2 : 이미 일본에서도 발견됐던데 ㅠㅠ",
            "norm_text": "이미 일본에서도 발견됐던데 ㅠㅠ",
            "speaker": {
              "id": "2번",
              "sex": "여성",
              "age": "20대"
            },
            "speechAct": "(단언) 진술하기",
            "morpheme": "이미/MAG+일본/NNP+에서/JKB+도/JX+발견/NNG+됐/XSV+EP+던데/EF+ㅠㅠ/UNKNOWN"
          },
          {
            "id": 4,
            "text": "3 : 델타도 불안한데 뮤는 또 뭐냐고...",
            "norm_text": "델타도 불안한데 뮤는 또 뭐냐고...",
            "speaker": {
              "id": "3번",
              "sex": "여성",
              "age": "20대"
            },
            "speechAct": "(단언) 주장하기",
            "morpheme": "델타/NNG+도/JX+불안/NNG+한데/XSA+EC+뮤/NNG+는/JX+또/MAG+뭐/NP+냐고/VCP+EF+./SY"
          },
          {
            "id": 5,
            "text": "3 : 진심 코로나 언제 끝나 답답해",
            "norm_text": "진심 코로나 언제 끝나 답답해",
            "speaker": {
              "id": "3번",
              "sex": "여성",
              "age": "20대"
            },
            "speechAct": "(단언) 주장하기",
            "morpheme": "진심/NNG+코로나/NNG+언제/MAG+끝/NNG+나답/NNP+답/NNG+해/XSV+EC"
          },
          {
            "id": 6,
            "text": "1 : 맞아 원래 바이러스가 변이 많이 해서 평생 마스크 쓰는 거 아니냐고 했었는데",
            "norm_text": "맞아 원래 바이러스가 변이 많이 해서 평생 마스크 쓰는 거 아니냐고 했었는데",
            "speaker": {
              "id": "1번",
              "sex": "여성",
              "age": "20대"
            },
            "speechAct": "(단언) 주장하기",
            "morpheme": "맞/VV+아/EC+원래/MAG+바이러스/NNG+가변/NNG+이/JKS+많이/MAG+해서/VV+EC+평생/NNG+마스크/NNG+쓰/VV+는/ETM+거/NNB+아니/VCN+냐고/EC+했었/VX+EP+는데/EC"
          },
          {
            "id": 7,
            "text": "1 : 진짜 이러면 평생 마스크 쓰는 거 아니냐...",
            "norm_text": "진짜 이러면 평생 마스크 쓰는 거 아니냐...",
            "speaker": {
              "id": "1번",
              "sex": "여성",
              "age": "20대"
            },
            "speechAct": "(단언) 주장하기",
            "morpheme": "진짜/MAG+이러/VV+면/EC+평생/NNG+마스크/NNG+쓰/VV+는/ETM+거/NNB+아니/VCN+냐/EF+./SY"
          },
          {
            "id": 8,
            "text": "2 : 이러면 이제 벗어라고 해도 우리가 못 벗어 키키",
            "norm_text": "이러면 이제 벗어라고 해도 우리가 못 벗어 키키",
            "speaker": {
              "id": "2번",
              "sex": "여성",
              "age": "20대"
            },
            "speechAct": "(단언) 주장하기",
            "morpheme": "이러면/MAJ+이제/MAG+벗/VV+어/EF+라고/JKQ+해도/VV+EC+우리/NP+가/JKS+못/MAG+벗/VV+어/EC+키/NNG+키/XSV+ETN"
          },
          {
            "id": 9,
            "text": "2 : 와 진짜 심각하다",
            "norm_text": "와 진짜 심각하다",
            "speaker": {
              "id": "2번",
              "sex": "여성",
              "age": "20대"
            },
            "speechAct": "(단언) 주장하기",
            "morpheme": "와/IC+진짜/MAG+심각/XR+하/XSA+다/EC"
          },
          {
            "id": 10,
            "text": "2 : 델타 그 서로 마스크 쓰고 있었는데 10초 만에 감염됐다는 거 들었냐...",
            "norm_text": "델타 그 서로 마스크 쓰고 있었는데 10초 만에 감염됐다는 거 들었냐...",
            "speaker": {
              "id": "2번",
              "sex": "여성",
              "age": "20대"
            },
            "speechAct": "(단언) 주장하기",
            "morpheme": "델타/NNG+그/IC+서로/MAG+마스크/NNG+쓰/VV+고/EC+있/VX+었/EP+는데/EC+10/SN+초/NNBC+만/NNB+에/JKB+감염/NNG+됐/XSV+EP+다는/ETM+거/NNB+들/VV+었/EP+냐/EF+./SY"
          },
          {
            "id": 11,
            "text": "3 : 진짜 심각하다",
            "norm_text": "진짜 심각하다",
            "speaker": {
              "id": "3번",
              "sex": "여성",
              "age": "20대"
            },
            "speechAct": "(단언) 주장하기",
            "morpheme": "진짜/MAG+심각/XR+하/XSA+다/EC"
          },
          {
            "id": 12,
            "text": "3 : 나중에도 계속되면 아마 그냥 신종플루처럼 다 감염되고 항체 형성 하면서 사는 게 빠를 듯",
            "norm_text": "나중에도 계속되면 아마 그냥 신종플루처럼 다 감염되고 항체 형성 하면서 사는 게 빠를 듯",
            "speaker": {
              "id": "3번",
              "sex": "여성",
              "age": "20대"
            },
            "speechAct": "(단언) 주장하기",
            "morpheme": "나중/NNG+에/JKB+도/JX+계속/NNG+되/XSV+면/EC+아마/MAG+그냥/MAG+신종/NNG+플/NNG+루/JKB+처럼/JKB+다/MAG+감염/NNG+되/XSV+고/EC+항체/NNG+형성/NNG+하/XSV+면서/EC+사/VV+는/ETM+게/NNB+JKS+빠를/VA+ETM+듯/NNB"
          },
          {
            "id": 13,
            "text": "1 : 헐 진짜?",
            "norm_text": "헐 진짜?",
            "speaker": {
              "id": "1번",
              "sex": "여성",
              "age": "20대"
            },
            "speechAct": "턴토크 사인(관습적 반응)",
            "morpheme": "헐/IC+진짜/MAG"
          },
          {
            "id": 14,
            "text": "1 : 너무 심하다",
            "norm_text": "너무 심하다",
            "speaker": {
              "id": "1번",
              "sex": "여성",
              "age": "20대"
            },
            "speechAct": "(단언) 주장하기",
            "morpheme": "너무/MAG+심하/VA+다/EC"
          },
          {
            "id": 15,
            "text": "1 : 이젠 진짜 운이라니까...",
            "norm_text": "이젠 진짜 운이라니까...",
            "speaker": {
              "id": "1번",
              "sex": "여성",
              "age": "20대"
            },
            "speechAct": "(단언) 주장하기",
            "morpheme": "이젠/NNG+JX+진짜/MAG+운/NNG+이/VCP+라니까/EF+./SY"
          },
          {
            "id": 16,
            "text": "2 : 진짜 미쳤지... 하하",
            "norm_text": "진짜 미쳤지... 하하",
            "speaker": {
              "id": "2번",
              "sex": "여성",
              "age": "20대"
            },
            "speechAct": "(단언) 주장하기",
            "morpheme": "진짜/MAG+미쳤/VV+EP+지/EF+./SY+하하/MAG"
          },
          {
            "id": 17,
            "text": "2 : 마스크 제대로 안 쓰고 돌아다니는 사람도 안 걸리는 사람은 안 걸려...",
            "norm_text": "마스크 제대로 안 쓰고 돌아다니는 사람도 안 걸리는 사람은 안 걸려...",
            "speaker": {
              "id": "2번",
              "sex": "여성",
              "age": "20대"
            },
            "speechAct": "(단언) 주장하기",
            "morpheme": "마스크/IC+제대로/MAG+안/MAG+쓰/VV+고/EC+돌아다니/VV+는/ETM+사람/NNG+도/JX+안/MAG+걸리/VV+는/ETM+사람/NNG+은/JX+안/MAG+걸려/VV+EF+./SY"
          },
          {
            "id": 18,
            "text": "2 : 근데 외국은 저 지경인데도 마스크 없이 살잖아",
            "norm_text": "근데 외국은 저 지경인데도 마스크 없이 살잖아",
            "speaker": {
              "id": "2번",
              "sex": "여성",
              "age": "20대"
            },
            "speechAct": "(단언) 주장하기",
            "morpheme": "근데/MAJ+외국/NNG+은/JX+저/MM+지경/NNB+인데/VCP+EC+도/JX+마스크/NNG+없이/MAG+살/VV+잖아/EC"
          },
          {
            "id": 19,
            "text": "3 : 그니까 그냥 계속 이러면 독감처럼 안고 사는 수밖에 없어",
            "norm_text": "그니까 그냥 계속 이러면 독감처럼 안고 사는 수밖에 없어",
            "speaker": {
              "id": "3번",
              "sex": "여성",
              "age": "20대"
            },
            "speechAct": "(단언) 주장하기",
            "morpheme": "그니까/MAJ+그냥/MAG+계속/MAG+이러/VV+면/EC+독감/NNG+처럼/JKB+안/VV+고/EC+사/VV+는/ETM+수/NNB+밖에/JX+없/VA+어/EC"
          },
          {
            "id": 20,
            "text": "3 : 언제까지 계속 이렇게 살 수도 없고 ㅠㅠ",
            "norm_text": "언제까지 계속 이렇게 살 수도 없고 ㅠㅠ",
            "speaker": {
              "id": "3번",
              "sex": "여성",
              "age": "20대"
            },
            "speechAct": "(단언) 주장하기",
            "morpheme": "언제/NP+까지/JX+계속/MAG+이렇게/MAG+살/VV+ETM+수/NNB+도/JX+없/VA+고/EC+ㅠㅠ/UNKNOWN"
          },
          {
            "id": 21,
            "text": "3 : 이게 뭐야",
            "norm_text": "이게 뭐야",
            "speaker": {
              "id": "3번",
              "sex": "여성",
              "age": "20대"
            },
            "speechAct": "턴토크 사인(관습적 반응)",
            "morpheme": "이게/NP+JKS+뭐/NP+야/VCP+EF"
          },
          {
            "id": 22,
            "text": "1 : 맞아 계속 이렇게 살게 될지도",
            "norm_text": "맞아 계속 이렇게 살게 될지도",
            "speaker": {
              "id": "1번",
              "sex": "여성",
              "age": "20대"
            },
            "speechAct": "(단언) 주장하기",
            "morpheme": "맞아/IC+계속/MAG+이렇게/MAG+살/VV+게/EC+될/VV+ETM+지도/NNG"
          },
          {
            "id": 23,
            "text": "1 : 집단면역 빨리 생겼으면 좋겠다",
            "norm_text": "집단면역 빨리 생겼으면 좋겠다",
            "speaker": {
              "id": "1번",
              "sex": "여성",
              "age": "20대"
            },
            "speechAct": "(단언) 주장하기",
            "morpheme": "집단/NNG+면역/NNG+빨리/MAG+생겼/VV+EP+으면/EC+좋/VA+겠/EP+다/EC"
          },
          {
            "id": 24,
            "text": "2 : 그니까 백신 맞아도 안심은 안 되지만 ㅠㅠ",
            "norm_text": "그니까 백신 맞아도 안심은 안 되지만 ㅠㅠ",
            "speaker": {
              "id": "2번",
              "sex": "여성",
              "age": "20대"
            },
            "speechAct": "(단언) 주장하기",
            "morpheme": "그니까/MAJ+백신/NNG+맞/VV+아도/EC+안심/NNG+은/JX+안/MAG+되/VV+지만/EC+ㅠㅠ/UNKNOWN"
          },
          {
            "id": 25,
            "text": "2 : 암튼 저 변이도 벌써 38? 9? 뭐 이 정도 나라에 퍼졌대",
            "norm_text": "암튼 저 변이도 벌써 38? 9? 뭐 이 정도 나라에 퍼졌대",
            "speaker": {
              "id": "2번",
              "sex": "여성",
              "age": "20대"
            },
            "speechAct": "(단언) 주장하기",
            "morpheme": "암튼/MAJ+저/MM+변이/NNG+도/JX+벌써/MAG+38/SN+?/SY+9/SN+뭐/IC+이/MM+정도/NNG+나라/NNG+에/JKB+퍼졌/VV+EP+대/EC"
          },
          {
            "id": 26,
            "text": "2 : 우리나라 제발 들어오지 마라",
            "norm_text": "우리나라 제발 들어오지 마라",
            "speaker": {
              "id": "2번",
              "sex": "여성",
              "age": "20대"
            },
            "speechAct": "(단언) 주장하기",
            "morpheme": "우리/NP+나라/NNG+제발/MAG+들어오/VV+지/EC+마/VX+라/EC"
          },
          {
            "id": 27,
            "text": "3 : 코로나 지긋지긋하다",
            "norm_text": "코로나 지긋지긋하다",
            "speaker": {
              "id": "3번",
              "sex": "여성",
              "age": "20대"
            },
            "speechAct": "(단언) 주장하기",
            "morpheme": "코로나/NNG+지긋지긋/XR+하/XSA+다/EC"
          },
          {
            "id": 28,
            "text": "3 : 이렇게 오래 갈 줄 몰랐어 벌써 1년 반 됐나?",
            "norm_text": "이렇게 오래 갈 줄 몰랐어 벌써 1년 반 됐나?",
            "speaker": {
              "id": "3번",
              "sex": "여성",
              "age": "20대"
            },
            "speechAct": "(단언) 주장하기",
            "morpheme": "이렇게/MAG+오래갈/VV+ETM+줄/NNB+몰랐/VV+EP+어/EF+벌써/MAG+1/SN+년/NNBC+반/NNG+됐/XSV+EP+나/EF"
          },
          {
            "id": 29,
            "text": "1 : 근데 또 들어올 듯",
            "norm_text": "근데 또 들어올 듯",
            "speaker": {
              "id": "1번",
              "sex": "여성",
              "age": "20대"
            },
            "speechAct": "(단언) 주장하기",
            "morpheme": "근데/MAJ+또/MAG+들어올/VV+ETM+듯/NNB"
          },
          {
            "id": 30,
            "text": "1 : 우리나라 저런 거 제대로 한번도 못 막아 답답해",
            "norm_text": "우리나라 저런 거 제대로 한번도 못 막아 답답해",
            "speaker": {
              "id": "1번",
              "sex": "여성",
              "age": "20대"
            },
            "speechAct": "(단언) 주장하기",
            "morpheme": "우리/NP+나라/NNG+저런/MM+거/NNB+제대로/MAG+한/MM+번/NNBC+도/JX+못/MAG+막/VV+아/EC+답답/XR+해/XSA+EC"
          },
          {
            "id": 31,
            "text": "2 : ㅠㅠ 국경을 못 막아서 그래...",
            "norm_text": "ㅠㅠ 국경을 못 막아서 그래...",
            "speaker": {
              "id": "2번",
              "sex": "여성",
              "age": "20대"
            },
            "speechAct": "(단언) 주장하기",
            "morpheme": "ㅠㅠ/UNKNOWN+국경/NNG+을/JKO+못/MAG+막/VV+아서/EC+그래/VV+EF+./SY"
          },
          {
            "id": 32,
            "text": "3 : 우리나라 막는 거에 대해서 어떻게 생각해?",
            "norm_text": "우리나라 막는 거에 대해서 어떻게 생각해?",
            "speaker": {
              "id": "3번",
              "sex": "여성",
              "age": "20대"
            },
            "speechAct": "(지시) 질문하기",
            "morpheme": "우리/NP+나라/NNG+막/VV+는/ETM+거/NNB+에/JKB+대해서/VV+EC+어떻게/MAG+생각/NNG+해/XSV+EF"
          },
          {
            "id": 33,
            "text": "1 : 이런 상황에서는 막았으면 좋겠긴 한데 여러 국가 문제들이 있겠지...",
            "norm_text": "이런 상황에서는 막았으면 좋겠긴 한데 여러 국가 문제들이 있겠지...",
            "speaker": {
              "id": "1번",
              "sex": "여성",
              "age": "20대"
            },
            "speechAct": "(단언) 주장하기",
            "morpheme": "이런/MM+상황/NNG+에서/JKB+는/JX+막/VV+았/EP+으면/EC+좋/VA+겠/EP+긴/ETN+JX+한데/VX+EC+여러/MM+국가/NNG+문제/NNG+들/XSN+이/JKS+있/VA+겠/EP+지/EF+./SY"
          },
          {
            "id": 34,
            "text": "2 : 막으면 진짜 우리나라 망하지 않을까...? 키키",
            "norm_text": "막으면 진짜 우리나라 망하지 않을까...? 키키",
            "speaker": {
              "id": "2번",
              "sex": "여성",
              "age": "20대"
            },
            "speechAct": "(단언) 주장하기",
            "morpheme": "막/VV+으면/EC+진짜/MAG+우리/NP+나라/NNG+망하/VV+지/EC+않/VX+을까/EF+./SY+./SY+키/NNG+키/XSV+ETN"
          },
          {
            "id": 35,
            "text": "3 : 키키 애초에 막지도 못하기도 한데 옛날에 처음 코로나 터졌을 때 막아라 막지 마라 엄청 분열이었던거 생각났어",
            "norm_text": "키키 애초에 막지도 못하기도 한데 옛날에 처음 코로나 터졌을 때 막아라 막지 마라 엄청 분열이었던거 생각났어",
            "speaker": {
              "id": "3번",
              "sex": "여성",
              "age": "20대"
            },
            "speechAct": "(단언) 주장하기",
            "morpheme": "키/NNG+키/NNG+애초/NNG+에/JKB+막지/NNG+도/JX+못하/VX+기/ETN+도/JX+한데/VX+EC+옛날/NNG+에/JKB+처음/NNG+코로나/NNG+터졌/VV+EP+을/ETM+때/NNG+막/VV+아라/EC+막/VV+지/EC+마/VX+라/EC+엄청/MAG+분열/NNG+이/VCP+었/EP+던/ETM+거/NNB+생각났/VV+EP+어/EC"
          },
          {
            "id": 36,
            "text": "1 : 다시 코로나 없던 때로 돌아가고 싶다 ㅜㅜ",
            "norm_text": "다시 코로나 없던 때로 돌아가고 싶다 ㅜㅜ",
            "speaker": {
              "id": "1번",
              "sex": "여성",
              "age": "20대"
            },
            "speechAct": "(단언) 주장하기",
            "morpheme": "다시/MAG+코로나/NNG+없/VA+던/ETM+때로/MAG+돌아가/VV+고/EC+싶/VX+다/EF+ㅜㅜ/UNKNOWN"
          },
          {
            "id": 37,
            "text": "1 : 그때를 더 즐길 걸...",
            "norm_text": "그때를 더 즐길 걸...",
            "speaker": {
              "id": "1번",
              "sex": "여성",
              "age": "20대"
            },
            "speechAct": "(단언) 주장하기",
            "morpheme": "그때/NNG+를/JKO+더/MAG+즐길/VV+ETM+걸/NNB+JKO+./SY+./SY"
          },
          {
            "id": 38,
            "text": "2 : 그러게 ㅠㅠ",
            "norm_text": "그러게 ㅠㅠ",
            "speaker": {
              "id": "2번",
              "sex": "여성",
              "age": "20대"
            },
            "speechAct": "턴토크 사인(관습적 반응)",
            "morpheme": "그러/VV+게/EC+ㅠㅠ/UNKNOWN"
          },
          {
            "id": 39,
            "text": "2 : 근데 막으면 진짜 좋긴 한데 막았어도 어쩔 수 없이 유입됐을 듯...?",
            "norm_text": "근데 막으면 진짜 좋긴 한데 막았어도 어쩔 수 없이 유입됐을 듯...?",
            "speaker": {
              "id": "2번",
              "sex": "여성",
              "age": "20대"
            },
            "speechAct": "(단언) 주장하기",
            "morpheme": "근데/MAJ+막/VV+으면/EC+진짜/MAG+좋/VA+긴/ETN+JX+한데/VX+EC+막/VV+았/EP+어도/EC+어쩔/VV+ETM+수/NNB+없이/MAG+유입/NNG+됐/XSV+EP+을/ETM+듯/NNB+./SY+./SY"
          },
          {
            "id": 40,
            "text": "2 : 외국에 있다 돌아오는 우리 국민들도 있고 국민을 막을 수는 없으니까 ㅠㅠ",
            "norm_text": "외국에 있다 돌아오는 우리 국민들도 있고 국민을 막을 수는 없으니까 ㅠㅠ",
            "speaker": {
              "id": "2번",
              "sex": "여성",
              "age": "20대"
            },
            "speechAct": "(단언) 주장하기",
            "morpheme": "외국/NNG+에/JKB+있/VV+다/EC+돌아오/VV+는/ETM+우리/NP+국민/NNG+들/XSN+도/JX+있/VA+고/EC+국민/NNG+을/JKO+막/VV+을/ETM+수/NNB+는/JX+없/VA+으니까/EC+ㅠㅠ/UNKNOWN"
          },
          {
            "id": 41,
            "text": "3 : 맞아 그렇기도 해",
            "norm_text": "맞아 그렇기도 해",
            "speaker": {
              "id": "3번",
              "sex": "여성",
              "age": "20대"
            },
            "speechAct": "턴토크 사인(관습적 반응)",
            "morpheme": "맞/VV+아/EC+그렇/VA+기/ETN+도/JX+해/VV+EC"
          },
          {
            "id": 42,
            "text": "3 : 마스크로부터 자유로워지고 싶다!",
            "norm_text": "마스크로부터 자유로워지고 싶다!",
            "speaker": {
              "id": "3번",
              "sex": "여성",
              "age": "20대"
            },
            "speechAct": "(단언) 주장하기",
            "morpheme": "마스크/NNG+로부터/JKB+자유/NNG+로워/XSA+EC+지/VX+고/EC+싶/VX+다/EF"
          },
          {
            "id": 43,
            "text": "1 : 맞아 그리고 밀입국 같은 것도 있지 않아?",
            "norm_text": "맞아 그리고 밀입국 같은 것도 있지 않아?",
            "speaker": {
              "id": "1번",
              "sex": "여성",
              "age": "20대"
            },
            "speechAct": "(지시) 질문하기",
            "morpheme": "맞아/IC+그리고/MAJ+밀입국/NNG+같/VA+은/ETM+것/NNB+도/JX+있/VA+지/EC+않/VX+아/EF"
          },
          {
            "id": 44,
            "text": "1 : 어쩔 수 없이 코로나 들어오는 거 못 막았을 거 같긴 해",
            "norm_text": "어쩔 수 없이 코로나 들어오는 거 못 막았을 거 같긴 해",
            "speaker": {
              "id": "1번",
              "sex": "여성",
              "age": "20대"
            },
            "speechAct": "(단언) 주장하기",
            "morpheme": "어쩔/VV+ETM+수/NNB+없이/MAG+코로나/NNG+들어오/VV+는/ETM+거/NNB+못/MAG+막/VV+았/EP+을/ETM+거/NNB+같/VA+긴/ETN+JX+해/VX+EC"
          },
          {
            "id": 45,
            "text": "2 : 그리고 외국에서 들어오는 거가 1이면 나라 안에서 퍼지는 게 99라서 진짜 소용 없었을 듯",
            "norm_text": "그리고 외국에서 들어오는 거가 1이면 나라 안에서 퍼지는 게 99라서 진짜 소용 없었을 듯",
            "speaker": {
              "id": "2번",
              "sex": "여성",
              "age": "20대"
            },
            "speechAct": "(단언) 주장하기",
            "morpheme": "그리고/MAJ+외국/NNG+에서/JKB+들어오/VV+는/ETM+거/NNB+가/JKS+1/SN+이/VCP+면/EC+나라/NNG+안/NNG+에서/JKB+퍼지/VV+는/ETM+게/NNB+JKS+99/SN+라서/VCP+EC+진짜/MAG+소용없/VA+었/EP+을/ETM+듯/NNB"
          },
          {
            "id": 46,
            "text": "2 : 경제만 더 안 좋아지고",
            "norm_text": "경제만 더 안 좋아지고",
            "speaker": {
              "id": "2번",
              "sex": "여성",
              "age": "20대"
            },
            "speechAct": "(단언) 주장하기",
            "morpheme": "경제/NNG+만/JX+더/MAG+안/MAG+좋/VA+아/EC+지/VX+고/EC"
          },
          {
            "id": 47,
            "text": "3 : 그러게",
            "norm_text": "그러게",
            "speaker": {
              "id": "3번",
              "sex": "여성",
              "age": "20대"
            },
            "speechAct": "턴토크 사인(관습적 반응)",
            "morpheme": "그러/VV+게/EC"
          },
          {
            "id": 48,
            "text": "3 : 얼른 변이고 뭐고 코로나가 좀 진정되면 좋겠네",
            "norm_text": "얼른 변이고 뭐고 코로나가 좀 진정되면 좋겠네",
            "speaker": {
              "id": "3번",
              "sex": "여성",
              "age": "20대"
            },
            "speechAct": "(단언) 주장하기",
            "morpheme": "얼른/MAG+변/NNG+이/VCP+고/EC+뭐/IC+고코로/NNP+나/NP+가/JKS+좀/MAG+진정/NNG+되/XSV+면/EC+좋/VA+겠/EP+네/EF"
          }
        ]
      }
    }
  ]
}