{
  "dataset": {
    "identifier": 112520,
    "name": "BAND_42_17_set",
    "src_path": "/data/file/cubeManager/PROJECT001/80/txt20211102154324036642/BAND_42_17_set/",
    "label_path": "/data/file/cubeManager/PROJECT001/80/txt20211102154324036642/BAND_42_17_set/",
    "category": 2,
    "type": 0
  },
  "licenses": {
    "name": "Apache License 1.0",
    "url": "http://www.apache.org/licenses/LICENSE-1.0"
  },
  "info": [
    {
      "id": 130321,
      "filename": "BAND_42_17.txt",
      "title": "BAND_42_17",
      "mediatype": "SNS",
      "medianame": "네이버밴드",
      "category": "일상대화",
      "date": "2021-11-02",
      "size": 555,
      "annotations": {
        "subject": "건강",
        "speaker_type": "다자간 대화",
        "size": 555,
        "word_size": 191,
        "text": "1 : 애들아 너네 푸룬주스 먹어봤어?\n2 : 웅 그 자두맛 주스 말이지~?\n3 : 옹 난 안 먹어봤는데!\n3 : 이름 귀엽당 키키\n1 : 그거 장난 아니야 키키\n1 : 어제 먹었다가 죽을 뻔\n2 : 마자 마자!\n2 : 그거 먹으면 배에서 천둥 치는 키키!\n3 : 키키 그런 거야?\n3 : 신기하네\n3 : 먹어보고 싶은... 느낌\n1 : 웅 절대 외출 금지\n2 : 키키 시원하게 먹으면 맛도 좋고 키키 효과도 키키\n3 : 아하... 지워주는 친구구나\n3 : 키키 효과 보소\n1 : 진짜 맛있었어\n1 : 1차 놀라고 배 아파서 2차 놀라고\n2 : 그게 원래는 임산부들이 먹기 좋은 거자나.\n2 : 나는 배가 막 아프진 않았오!\n3 : 궁금하당\n3 : 먹어보고 싶은데!\n3 : 나중에 먹어봐야지\n1 : 아 그래?\n1 : 그건 몰랐넼 키키\n2 : 꼭 시원하게~^^\n2 : 임산부들이 즐겨 먹는 거래 약 같은 거 못 먹으니까~\n3 : 아하 잘 쓰면 약이네!\n3 : 맛있기도 하니까 좋당\n1 : 너도 한번 먹어봐\n1 : 키키 신세계랴\n2 : 천연약인 셈이지~^^\n2 : 맛있으~\n2 : 칼로리 좀 높음 키키\n3 : 키키 나중에 먹어볼게\n3 : 신세계 느껴봐야겠다",
        "lines": [
          {
            "id": 1,
            "text": "1 : 애들아 너네 푸룬주스 먹어봤어?",
            "norm_text": "애들아 너네 푸룬주스 먹어봤어?",
            "speaker": {
              "id": "1번",
              "sex": "여성",
              "age": "20대"
            },
            "speechAct": "(지시) 질문하기",
            "morpheme": "애/NNG+들/XSN+아/JKV+너/NP+네/XSN+푸/NNG+룬/JKB+JX+주스/NNG+먹/VV+어/EC+봤/VX+EP+어/EF"
          },
          {
            "id": 2,
            "text": "2 : 웅 그 자두맛 주스 말이지~?",
            "norm_text": "웅 그 자두맛 주스 말이지~?",
            "speaker": {
              "id": "2번",
              "sex": "여성",
              "age": "20대"
            },
            "speechAct": "(지시) 질문하기",
            "morpheme": "웅그자두맛주스말이지/UNKNOWN+~/SY"
          },
          {
            "id": 3,
            "text": "3 : 옹 난 안 먹어봤는데!",
            "norm_text": "옹 난 안 먹어봤는데!",
            "speaker": {
              "id": "3번",
              "sex": "남성",
              "age": "20대"
            },
            "speechAct": "(단언) 주장하기",
            "morpheme": "옹/NNG+난/NP+JX+안/MAG+먹/VV+어/EC+봤/VX+EP+는데/EF"
          },
          {
            "id": 4,
            "text": "3 : 이름 귀엽당 키키",
            "norm_text": "이름 귀엽당 키키",
            "speaker": {
              "id": "3번",
              "sex": "남성",
              "age": "20대"
            },
            "speechAct": "(단언) 주장하기",
            "morpheme": "이름/NNG+귀/NNG+엽당/NNG+키/NNG+키/XSV+ETN"
          },
          {
            "id": 5,
            "text": "1 : 그거 장난 아니야 키키",
            "norm_text": "그거 장난 아니야 키키",
            "speaker": {
              "id": "1번",
              "sex": "여성",
              "age": "20대"
            },
            "speechAct": "(단언) 주장하기",
            "morpheme": "그거/NP+장난/NNG+아니/VCN+야/EC+키/NNG+키/XSV+ETN"
          },
          {
            "id": 6,
            "text": "1 : 어제 먹었다가 죽을 뻔",
            "norm_text": "어제 먹었다가 죽을 뻔",
            "speaker": {
              "id": "1번",
              "sex": "여성",
              "age": "20대"
            },
            "speechAct": "(단언) 주장하기",
            "morpheme": "어제/MAG+먹/VV+었/EP+다가/EC+죽/VV+을/ETM+뻔/NNB"
          },
          {
            "id": 7,
            "text": "2 : 마자 마자!",
            "norm_text": "마자 마자!",
            "speaker": {
              "id": "2번",
              "sex": "여성",
              "age": "20대"
            },
            "speechAct": "(단언) 주장하기",
            "morpheme": "마/VV+자마자/EF"
          },
          {
            "id": 8,
            "text": "2 : 그거 먹으면 배에서 천둥 치는 키키!",
            "norm_text": "그거 먹으면 배에서 천둥 치는 키키!",
            "speaker": {
              "id": "2번",
              "sex": "여성",
              "age": "20대"
            },
            "speechAct": "(단언) 주장하기",
            "morpheme": "그거/NP+먹/VV+으면/EC+배/NNG+에서/JKB+천둥/NNG+치/VV+는/ETM+키/NNG+키/XSV+ETN"
          },
          {
            "id": 9,
            "text": "3 : 키키 그런 거야?",
            "norm_text": "키키 그런 거야?",
            "speaker": {
              "id": "3번",
              "sex": "남성",
              "age": "20대"
            },
            "speechAct": "(지시) 질문하기",
            "morpheme": "키키/NNP+그런/MM+거/NNB+야/VCP+EF"
          },
          {
            "id": 10,
            "text": "3 : 신기하네",
            "norm_text": "신기하네",
            "speaker": {
              "id": "3번",
              "sex": "남성",
              "age": "20대"
            },
            "speechAct": "(단언) 주장하기",
            "morpheme": "신기/XR+하/XSA+네/EC"
          },
          {
            "id": 11,
            "text": "3 : 먹어보고 싶은... 느낌",
            "norm_text": "먹어보고 싶은... 느낌",
            "speaker": {
              "id": "3번",
              "sex": "남성",
              "age": "20대"
            },
            "speechAct": "(단언) 주장하기",
            "morpheme": "먹/VV+어/EC+보/VX+고/EC+싶/VX+은/ETM+./SY+./SY+느낌/NNG"
          },
          {
            "id": 12,
            "text": "1 : 웅 절대 외출 금지",
            "norm_text": "웅 절대 외출 금지",
            "speaker": {
              "id": "1번",
              "sex": "여성",
              "age": "20대"
            },
            "speechAct": "(단언) 주장하기",
            "morpheme": "웅/IC+절대/MAG+외출/NNG+금지/NNG"
          },
          {
            "id": 13,
            "text": "2 : 키키 시원하게 먹으면 맛도 좋고 키키 효과도 키키",
            "norm_text": "키키 시원하게 먹으면 맛도 좋고 키키 효과도 키키",
            "speaker": {
              "id": "2번",
              "sex": "여성",
              "age": "20대"
            },
            "speechAct": "(단언) 주장하기",
            "morpheme": "키/NNG+키/XSV+ETN+시원/XR+하/XSA+게/EC+먹/VV+으면/EC+맛/NNG+도/JX+좋/VA+고/EC+키/NNG+키/NNG+효과/NNG+도/JX+키/NNG+키/XSV+ETN"
          },
          {
            "id": 14,
            "text": "3 : 아하... 지워주는 친구구나",
            "norm_text": "아하... 지워주는 친구구나",
            "speaker": {
              "id": "3번",
              "sex": "남성",
              "age": "20대"
            },
            "speechAct": "(단언) 주장하기",
            "morpheme": "아하/IC+./SY+지워/VV+EC+주/VX+는/ETM+친구/NNG+구나/VCP+EC"
          },
          {
            "id": 15,
            "text": "3 : 키키 효과 보소",
            "norm_text": "키키 효과 보소",
            "speaker": {
              "id": "3번",
              "sex": "남성",
              "age": "20대"
            },
            "speechAct": "(단언) 주장하기",
            "morpheme": "키/NNG+키/NNG+효과/NNG+보소/NNG"
          },
          {
            "id": 16,
            "text": "1 : 진짜 맛있었어",
            "norm_text": "진짜 맛있었어",
            "speaker": {
              "id": "1번",
              "sex": "여성",
              "age": "20대"
            },
            "speechAct": "(단언) 주장하기",
            "morpheme": "진짜/MAG+맛있/VA+었/EP+어/EC"
          },
          {
            "id": 17,
            "text": "1 : 1차 놀라고 배 아파서 2차 놀라고",
            "norm_text": "1차 놀라고 배 아파서 2차 놀라고",
            "speaker": {
              "id": "1번",
              "sex": "여성",
              "age": "20대"
            },
            "speechAct": "(단언) 주장하기",
            "morpheme": "1/SN+차/NNBC+놀라/VV+고/EC+배/NNG+아파서/VA+EC+2/SN+차/NNBC+놀라/VV+고/EC"
          },
          {
            "id": 18,
            "text": "2 : 그게 원래는 임산부들이 먹기 좋은 거자나.",
            "norm_text": "그게 원래는 임산부들이 먹기 좋은 거자나.",
            "speaker": {
              "id": "2번",
              "sex": "여성",
              "age": "20대"
            },
            "speechAct": "(단언) 주장하기",
            "morpheme": "그게/NP+JKS+원래/MAG+는/JX+임산부/NNG+들/XSN+이/JKS+먹/VV+기/ETN+좋/VA+은/ETM+거/NNB+자/VV+나/EF"
          },
          {
            "id": 19,
            "text": "2 : 나는 배가 막 아프진 않았오!",
            "norm_text": "나는 배가 막 아프진 않았오!",
            "speaker": {
              "id": "2번",
              "sex": "여성",
              "age": "20대"
            },
            "speechAct": "(단언) 주장하기",
            "morpheme": "나/NP+는/JX+배/NNG+가/JKS+막/VV+아/EC+프/VX+진/EC+JX+않/VX+았/EP+오/EF"
          },
          {
            "id": 20,
            "text": "3 : 궁금하당",
            "norm_text": "궁금하당",
            "speaker": {
              "id": "3번",
              "sex": "남성",
              "age": "20대"
            },
            "speechAct": "(단언) 주장하기",
            "morpheme": "궁금/XR+하/XSA+당/EF"
          },
          {
            "id": 21,
            "text": "3 : 먹어보고 싶은데!",
            "norm_text": "먹어보고 싶은데!",
            "speaker": {
              "id": "3번",
              "sex": "남성",
              "age": "20대"
            },
            "speechAct": "(단언) 주장하기",
            "morpheme": "먹/VV+어/EC+보/VX+고/EC+싶/VX+은데/EF"
          },
          {
            "id": 22,
            "text": "3 : 나중에 먹어봐야지",
            "norm_text": "나중에 먹어봐야지",
            "speaker": {
              "id": "3번",
              "sex": "남성",
              "age": "20대"
            },
            "speechAct": "(단언) 주장하기",
            "morpheme": "나중/NNG+에/JKB+먹/VV+어/EC+봐야/VX+EC+VV+지/EC"
          },
          {
            "id": 23,
            "text": "1 : 아 그래?",
            "norm_text": "아 그래?",
            "speaker": {
              "id": "1번",
              "sex": "여성",
              "age": "20대"
            },
            "speechAct": "(지시) 질문하기",
            "morpheme": "아/IC+그래/IC"
          },
          {
            "id": 24,
            "text": "1 : 그건 몰랐넼 키키",
            "norm_text": "그건 몰랐넼 키키",
            "speaker": {
              "id": "1번",
              "sex": "여성",
              "age": "20대"
            },
            "speechAct": "(단언) 주장하기",
            "morpheme": "그건몰랐넼키키/UNKNOWN"
          },
          {
            "id": 25,
            "text": "2 : 꼭 시원하게~^^",
            "norm_text": "꼭 시원하게~^^",
            "speaker": {
              "id": "2번",
              "sex": "여성",
              "age": "20대"
            },
            "speechAct": "(지시) 충고/제안하기",
            "morpheme": "꼭/MAG+시원/XR+하/XSA+게/EC+~/SY+^/SY+^/SY"
          },
          {
            "id": 26,
            "text": "2 : 임산부들이 즐겨 먹는 거래 약 같은 거 못 먹으니까~",
            "norm_text": "임산부들이 즐겨 먹는 거래 약 같은 거 못 먹으니까~",
            "speaker": {
              "id": "2번",
              "sex": "여성",
              "age": "20대"
            },
            "speechAct": "(단언) 진술하기",
            "morpheme": "임산부/NNG+들/XSN+이/JKS+즐겨/VV+EC+먹/VV+는/ETM+거래/NNG+약/NNG+같/VA+은/ETM+거/NNB+못/MAG+먹/VV+으니까/EC+~/SY"
          },
          {
            "id": 27,
            "text": "3 : 아하 잘 쓰면 약이네!",
            "norm_text": "아하 잘 쓰면 약이네!",
            "speaker": {
              "id": "3번",
              "sex": "남성",
              "age": "20대"
            },
            "speechAct": "(단언) 주장하기",
            "morpheme": "아하/IC+잘/MAG+쓰/VV+면/EC+약/NNG+이/VCP+네/EF"
          },
          {
            "id": 28,
            "text": "3 : 맛있기도 하니까 좋당",
            "norm_text": "맛있기도 하니까 좋당",
            "speaker": {
              "id": "3번",
              "sex": "남성",
              "age": "20대"
            },
            "speechAct": "(단언) 주장하기",
            "morpheme": "맛있/VA+기/ETN+도/JX+하/VV+니까/EC+좋/VA+당/EF"
          },
          {
            "id": 29,
            "text": "1 : 너도 한번 먹어봐",
            "norm_text": "너도 한번 먹어봐",
            "speaker": {
              "id": "1번",
              "sex": "여성",
              "age": "20대"
            },
            "speechAct": "(지시) 충고/제안하기",
            "morpheme": "너/NP+도/JX+한/MM+번/NNBC+먹/VV+어/EC+봐/VX+EC"
          },
          {
            "id": 30,
            "text": "1 : 키키 신세계랴",
            "norm_text": "키키 신세계랴",
            "speaker": {
              "id": "1번",
              "sex": "여성",
              "age": "20대"
            },
            "speechAct": "(단언) 진술하기",
            "morpheme": "키/NNG+키/NNG+신세계/NNG+랴/VCP+EC"
          },
          {
            "id": 31,
            "text": "2 : 천연약인 셈이지~^^",
            "norm_text": "천연약인 셈이지~^^",
            "speaker": {
              "id": "2번",
              "sex": "여성",
              "age": "20대"
            },
            "speechAct": "(단언) 주장하기",
            "morpheme": "천/NR+연약/NNG+인/VCP+ETM+셈/NNB+이/VCP+지/EC+~/SY+^/SY+^/SY"
          },
          {
            "id": 32,
            "text": "2 : 맛있으~",
            "norm_text": "맛있으~",
            "speaker": {
              "id": "2번",
              "sex": "여성",
              "age": "20대"
            },
            "speechAct": "(단언) 주장하기",
            "morpheme": "맛있/VA+으/EC+~/SY"
          },
          {
            "id": 33,
            "text": "2 : 칼로리 좀 높음 키키",
            "norm_text": "칼로리 좀 높음 키키",
            "speaker": {
              "id": "2번",
              "sex": "여성",
              "age": "20대"
            },
            "speechAct": "(단언) 주장하기",
            "morpheme": "칼로리/NNG+좀/MAG+높/VA+음/ETN+키/NNG+키/XSV+ETN"
          },
          {
            "id": 34,
            "text": "3 : 키키 나중에 먹어볼게",
            "norm_text": "키키 나중에 먹어볼게",
            "speaker": {
              "id": "3번",
              "sex": "남성",
              "age": "20대"
            },
            "speechAct": "(단언) 주장하기",
            "morpheme": "키/NNG+키/NNG+나중/NNG+에/JKB+먹/VV+어/EC+볼/VX+게/EC"
          },
          {
            "id": 35,
            "text": "3 : 신세계 느껴봐야겠다",
            "norm_text": "신세계 느껴봐야겠다",
            "speaker": {
              "id": "3번",
              "sex": "남성",
              "age": "20대"
            },
            "speechAct": "(단언) 주장하기",
            "morpheme": "신세계/NNG+느껴봐야/VV+EC+VX+EC+VX+겠/EP+다/EC"
          }
        ]
      }
    }
  ]
}