{
  "dataset": {
    "identifier": 21127,
    "name": "BAND_27_05_set",
    "src_path": "/data/file/cubeManager/PROJECT001/49/txt20210916151141053016/BAND_27_05_set/",
    "label_path": "/data/file/cubeManager/PROJECT001/49/txt20210916151141053016/BAND_27_05_set/",
    "category": 2,
    "type": 0
  },
  "licenses": {
    "name": "Apache License 1.0",
    "url": "http://www.apache.org/licenses/LICENSE-1.0"
  },
  "info": [
    {
      "id": 28575,
      "filename": "BAND_27_05.txt",
      "title": "BAND_27_05",
      "mediatype": "SNS",
      "medianame": "네이버밴드",
      "category": "일상대화",
      "date": "2021-09-16",
      "size": 435,
      "annotations": {
        "subject": "군대",
        "speaker_type": "1:1",
        "size": 435,
        "word_size": 155,
        "text": "1 : 너 넷플릭스 군대 드라마 봤어?\n2 : 어 떠 있길래 봤어 너는 봤니?\n1 : 나 이번에 보고 울었다 ㅜㅜ\n2 : 오 난 아직 4화밖에  못 봤지만  너무 심각하더라\n1 : 아 진짜? 그거 몇 화까지 있는 지는 알아?\n2 : 6화까지 아마 있는 걸로  알고 있어\n1 : 맞아 6화가 제일 슬퍼 ㅜㅜ\n2 : 아 진짜 스포 당할래 어땠어?\n1 : 그 오타쿠 일병 있잖아 자살 시도 해 ㅜㅜ\n2 : 어 진짜 그래서 죽느냐 마느냐 시즌 2로  갈리나?\n1 : 그렇지 이거는 무조건 시즌 2 나와야 해!\n2 : 아 연출도 특이하고 너무 좋더라 다른 의미로\n1 : 근데 군대 나왔던 애들이 현실 반영 제대로 됐대 ㅜㅜ\n2 : 나 동생 생각났잖아 그거 보고 쟤도 저런 데 있는 거 아닌가 해서  ㅜㅜ\n1 : 헐 맞아 니 동생한테 물어봐 ㅜㅜ\n2 : 근데 문자 내용 보면 그런 거 같지도 않다 잘 지내는 거 같아",
        "lines": [
          {
            "id": 1,
            "text": "1 : 너 넷플릭스 군대 드라마 봤어?",
            "norm_text": "너 넷플릭스 군대 드라마 봤어?",
            "speaker": {
              "id": "1번",
              "sex": "여성",
              "age": "20대"
            },
            "speechAct": "(지시) 질문하기",
            "morpheme": "너/NP+넷플릭스/NNP+군대/NNG+드라마/NNG+봤/VV+EP+어/EF"
          },
          {
            "id": 2,
            "text": "2 : 어 떠 있길래 봤어 너는 봤니?",
            "norm_text": "어 떠 있길래 봤어 너는 봤니?",
            "speaker": {
              "id": "2번",
              "sex": "여성",
              "age": "20대"
            },
            "speechAct": "(지시) 질문하기",
            "morpheme": "어떠/XR+있/VA+길래/EC+봤/VX+EP+어/EF+너/NP+는/JX+봤/VV+EP+니/EF"
          },
          {
            "id": 3,
            "text": "1 : 나 이번에 보고 울었다 ㅜㅜ",
            "norm_text": "나 이번에 보고 울었다 ㅜㅜ",
            "speaker": {
              "id": "1번",
              "sex": "여성",
              "age": "20대"
            },
            "speechAct": "(단언) 주장하기",
            "morpheme": "나/NP+이번/NNG+에/JKB+보/VV+고/EC+울/VV+었/EP+다/EF+ㅜㅜ/UNKNOWN"
          },
          {
            "id": 4,
            "text": "2 : 오 난 아직 4화밖에  못 봤지만  너무 심각하더라",
            "norm_text": "오 난 아직 4화밖에  못 봤지만  너무 심각하더라",
            "speaker": {
              "id": "2번",
              "sex": "여성",
              "age": "20대"
            },
            "speechAct": "(단언) 주장하기",
            "morpheme": "오난/NNG+아직/MAG+4/SN+화/NNG+밖에/JX+못/MAG+봤/VV+EP+지만/EC+너무/MAG+심각/XR+하/XSA+더라/EC"
          },
          {
            "id": 5,
            "text": "1 : 아 진짜? 그거 몇 화까지 있는 지는 알아?",
            "norm_text": "아 진짜? 그거 몇 화까지 있는 지는 알아?",
            "speaker": {
              "id": "1번",
              "sex": "여성",
              "age": "20대"
            },
            "speechAct": "(지시) 질문하기",
            "morpheme": "아/IC+진짜/MAG+그거/NP+몇/MM+화/NNG+까지/JX+있/VV+는지/EC+는/JX+알/VV+아/EF"
          },
          {
            "id": 6,
            "text": "2 : 6화까지 아마 있는 걸로  알고 있어",
            "norm_text": "6화까지 아마 있는 걸로  알고 있어",
            "speaker": {
              "id": "2번",
              "sex": "여성",
              "age": "20대"
            },
            "speechAct": "(단언) 주장하기",
            "morpheme": "6/SN+화/NNG+까지/JX+아마/MAG+있/VA+는/ETM+걸로/NNB+JKB+알/VV+고/EC+있/VX+어/EC"
          },
          {
            "id": 7,
            "text": "1 : 맞아 6화가 제일 슬퍼 ㅜㅜ",
            "norm_text": "맞아 6화가 제일 슬퍼 ㅜㅜ",
            "speaker": {
              "id": "1번",
              "sex": "여성",
              "age": "20대"
            },
            "speechAct": "(단언) 주장하기",
            "morpheme": "맞/VV+아/EC+6/SN+화가제일슬퍼ㅜㅜ/UNKNOWN"
          },
          {
            "id": 8,
            "text": "2 : 아 진짜 스포 당할래 어땠어?",
            "norm_text": "아 진짜 스포 당할래 어땠어?",
            "speaker": {
              "id": "2번",
              "sex": "여성",
              "age": "20대"
            },
            "speechAct": "(지시) 질문하기",
            "morpheme": "아/IC+진짜/MAG+스/IC+포/NNG+당/NNG+할래/XSV+EC+어땠어/VA+EP+EF"
          },
          {
            "id": 9,
            "text": "1 : 그 오타쿠 일병 있잖아 자살 시도 해 ㅜㅜ",
            "norm_text": "그 오타쿠 일병 있잖아 자살 시도 해 ㅜㅜ",
            "speaker": {
              "id": "1번",
              "sex": "여성",
              "age": "20대"
            },
            "speechAct": "(단언) 진술하기",
            "morpheme": "그/MM+오타쿠/NNP+일병/MAG+있/VV+잖아/EC+자살/NNG+시도/NNG+해/XSV+EC+ㅜㅜ/UNKNOWN"
          },
          {
            "id": 10,
            "text": "2 : 어 진짜 그래서 죽느냐 마느냐 시즌 2로  갈리나?",
            "norm_text": "어 진짜 그래서 죽느냐 마느냐 시즌 2로  갈리나?",
            "speaker": {
              "id": "2번",
              "sex": "여성",
              "age": "20대"
            },
            "speechAct": "(지시) 질문하기",
            "morpheme": "어/IC+진짜/MAG+그래서/MAJ+죽/VV+느냐/EC+마/VX+느냐/EC+시즌/NNG+2/SN+로/JKB+갈리/VV+나/EF"
          },
          {
            "id": 11,
            "text": "1 : 그렇지 이거는 무조건 시즌 2 나와야 해!",
            "norm_text": "그렇지 이거는 무조건 시즌 2 나와야 해!",
            "speaker": {
              "id": "1번",
              "sex": "여성",
              "age": "20대"
            },
            "speechAct": "(단언) 주장하기",
            "morpheme": "그렇/VA+지/EF+이거/NP+는/JX+무조건/MAG+시즌/NNG+2/SN+나와야/VV+EC+해/VX+EF"
          },
          {
            "id": 12,
            "text": "2 : 아 연출도 특이하고 너무 좋더라 다른 의미로",
            "norm_text": "아 연출도 특이하고 너무 좋더라 다른 의미로",
            "speaker": {
              "id": "2번",
              "sex": "여성",
              "age": "20대"
            },
            "speechAct": "(단언) 주장하기",
            "morpheme": "아/IC+연출/NNG+도/JX+특이/NNG+하/XSV+고/EC+너무/MAG+좋/VA+더라/EF+다른/MM+의미/NNG+로/JKB"
          },
          {
            "id": 13,
            "text": "1 : 근데 군대 나왔던 애들이 현실 반영 제대로 됐대 ㅜㅜ",
            "norm_text": "근데 군대 나왔던 애들이 현실 반영 제대로 됐대 ㅜㅜ",
            "speaker": {
              "id": "1번",
              "sex": "여성",
              "age": "20대"
            },
            "speechAct": "(단언) 주장하기",
            "morpheme": "근데/MAJ+군대/NNG+나왔/VV+EP+던/ETM+애/NNG+들/XSN+이/JKS+현실/NNG+반영/NNG+제대로/MAG+됐/VV+EP+대/EF+ㅜㅜ/UNKNOWN"
          },
          {
            "id": 14,
            "text": "2 : 나 동생 생각났잖아 그거 보고 쟤도 저런 데 있는 거 아닌가 해서  ㅜㅜ",
            "norm_text": "나 동생 생각났잖아 그거 보고 쟤도 저런 데 있는 거 아닌가 해서  ㅜㅜ",
            "speaker": {
              "id": "2번",
              "sex": "여성",
              "age": "20대"
            },
            "speechAct": "(단언) 주장하기",
            "morpheme": "나/NP+동생/NNG+생각/NNG+났잖아/VV+EP+EC+VX+EF+그거/NP+보고/JKB+쟤/NP+도/JX+저런데/VA+EC+있/VX+는/ETM+거/NNB+아닌가/VCN+EC+해서/VV+EC+ㅜㅜ/UNKNOWN"
          },
          {
            "id": 15,
            "text": "1 : 헐 맞아 니 동생한테 물어봐 ㅜㅜ",
            "norm_text": "헐 맞아 니 동생한테 물어봐 ㅜㅜ",
            "speaker": {
              "id": "1번",
              "sex": "여성",
              "age": "20대"
            },
            "speechAct": "(지시) 충고/제안하기",
            "morpheme": "헐/VV+JKO+맞/VV+아니/EC+동생/NNG+한테/JKB+물/VV+어/EC+봐/VX+EF+ㅜㅜ/UNKNOWN"
          },
          {
            "id": 16,
            "text": "2 : 근데 문자 내용 보면 그런 거 같지도 않다 잘 지내는 거 같아",
            "norm_text": "근데 문자 내용 보면 그런 거 같지도 않다 잘 지내는 거 같아",
            "speaker": {
              "id": "2번",
              "sex": "여성",
              "age": "20대"
            },
            "speechAct": "(단언) 주장하기",
            "morpheme": "근데/MAJ+문자/NNG+내용/NNG+보/VV+면/EC+그런/MM+거/NNB+같/VA+지/EC+도/JX+않/VX+다/EF+잘/MAG+지내/VV+는/ETM+거/NNB+같/VA+아/EC"
          }
        ]
      }
    }
  ]
}