{
  "dataset": {
    "identifier": 68177,
    "name": "BAND_36_10_set",
    "src_path": "/data/file/cubeManager/PROJECT001/53/txt20211006142823068847/BAND_36_10_set/",
    "label_path": "/data/file/cubeManager/PROJECT001/53/txt20211006142823068847/BAND_36_10_set/",
    "category": 2,
    "type": 0
  },
  "licenses": {
    "name": "Apache License 1.0",
    "url": "http://www.apache.org/licenses/LICENSE-1.0"
  },
  "info": [
    {
      "id": 45662,
      "filename": "BAND_36_10.txt",
      "title": "BAND_36_10",
      "mediatype": "SNS",
      "medianame": "네이버밴드",
      "category": "일상대화",
      "date": "2021-10-06",
      "size": 1305,
      "annotations": {
        "subject": "스포츠/레저",
        "speaker_type": "다자간 대화",
        "size": 1305,
        "word_size": 412,
        "text": "1 : 물놀이 하는 거 좋아해?\n1 : 서핑 이런 거 해봤어?\n2 : 안 해 봤어~ 수영을 못해서 그냥 물장구 정도만 좋아해 키키\n2 : 그건 해 봤다 그 이름 뭐였지 타고 누워 있어도 되는 거\n3 : 뭐지... 궁금하다... 튜브밖에 안 떠오르는데 이게 답이 아닐 것 같아..\n3 : 서핑은 안 해봤는데 물놀이는 짱짱 좋아해\n1 : 튜브 타는 거 재밌징~ 누워 있는 게 뭐야? 키키 그게 뭐지 키키\n2 : 패들 보드였나 그랬던 거 같은데~\n2 : 나 튜브 싫어해 ㅠㅠ 거기에 매달려 있으면 답답해\n3 : 아아 그 효리가 타던 그건가 키키 맞아 그것도 타보고 싶었어 ㅠㅠ\n1 : 아 패들 보드! 나도 타보고 싶당\n1 : 나 저번에 속초 갔을 때 파도가 되게 세 가지고 키키 튜브 타고 좀 있으니까 멀미 나더라... 튜브 멀미 처음 해봄\n2 : 바다에 갔을 때 물멍하고 있으면 가끔 어지럽지 않아?\n2 : 정신 차려보면 나도 모르게 물 더 가까이 가 있고 ~\n3 : 맞아 맞아 나도 바다 계속 보고 있으면 처음에는 평화롭고 좋다 가도 약간 사람이 멍해지고 좀 시간 감각이 없어진다고 해야 하나...!\n1 : 맞아 그래도 아무 생각 없이 있을 수 있어서 좋은 거 같움\n2 : 스트레스는 풀리는 거 같아 바다도 오랜만에 가고 싶다~ 바다 간 지는 진짜 너무 오래됐네...\n3 : 실내 양궁장이나 사격장 가서 양궁이랑 사격 해본 적 있어?\n1 : 아니 한 번도 없는데 해보고 싶어 재밌을 거 같애! 해봤어?\n2 : 아니 안 해봤어~ 해 보고 싶었는데\n3 : 헉쓰 이거 은근 재미 있어요!  친구들이랑 가서 해봐요 나중에 뭐 할 거 없으면! 점수 잘 나오면 인형도 줌\n1 : 나는 다트만 해봐서 뭔가 양궁 궁금하긴 했어! 어때? 10점 맞췄어? 키키\n2 : 나도 다트는 많이 했었는데~ 어땠어? 재능이 있는 거 같아? 키키\n3 : 헉 나는 다트는 안 해봤네 키키\n3 : 양궁이 막 선수들 하는 것만큼 멀리 있는 것도 아니고 활 당기는 것도 막 어려운 건 아니어서 꽤 재미 있었어!  뭔가 쏘는 맛이 있달까\n1 : 오... 나는 그 활 당기는 게 어려울 거라고 생각했는데! 그렇구나 담에 해보러 가야겠당\n1 : 언니는 사격 해봤어?\n2 : 나 사격도 안 해봤어~ 재밌지? 재밌을 거 같아\n3 : 재미있어 키키 근데 사격은 좀 총에다가 장난쳐 놓은 곳이 많더라고 ㅠㅠ 분명 그 조준점 제대로 놓고 쐈는데 안 맞아서 어이가 없었음\n1 : 어? 총에 장난쳐서 그런 거야 아님 잘 못 쏜... 아 아니야 ^^\n2 : 키키 그거 일부러 초점 틀어 놓은 다며~ 상품 많이 가져가면 곤란하니까~ 키키 우리 믿어주자 우리 막내\n3 : 생각보다 예리하네들 키키 조... 조준점 때문이야! 그런 걸로 하자... 흠흠",
        "lines": [
          {
            "id": 1,
            "text": "1 : 물놀이 하는 거 좋아해?",
            "norm_text": "물놀이 하는 거 좋아해?",
            "speaker": {
              "id": "1번",
              "sex": "여성",
              "age": "20대"
            },
            "speechAct": "(지시) 질문하기",
            "morpheme": "물놀이/NNG+하/XSV+는/ETM+거/NNB+좋/VA+아/EC+해/VX+EF"
          },
          {
            "id": 2,
            "text": "1 : 서핑 이런 거 해봤어?",
            "norm_text": "서핑 이런 거 해봤어?",
            "speaker": {
              "id": "1번",
              "sex": "여성",
              "age": "20대"
            },
            "speechAct": "(지시) 질문하기",
            "morpheme": "서핑/NNG+이런/MM+거/NNB+해/VV+EC+봤/VX+EP+어/EF"
          },
          {
            "id": 3,
            "text": "2 : 안 해 봤어~ 수영을 못해서 그냥 물장구 정도만 좋아해 키키",
            "norm_text": "안 해 봤어~ 수영을 못해서 그냥 물장구 정도만 좋아해 키키",
            "speaker": {
              "id": "2번",
              "sex": "여성",
              "age": "30대"
            },
            "speechAct": "(단언) 주장하기",
            "morpheme": "안/MAG+해/VV+EC+봤/VX+EP+어/EC+~/SY+수영/NNG+을/JKO+못/MAG+해서/VV+EC+그냥/MAG+물장구/NNG+정도/NNG+만/JX+좋/VA+아/EC+해/VV+EC+키/NNG+키/XSV+ETN"
          },
          {
            "id": 4,
            "text": "2 : 그건 해 봤다 그 이름 뭐였지 타고 누워 있어도 되는 거",
            "norm_text": "그건 해 봤다 그 이름 뭐였지 타고 누워 있어도 되는 거",
            "speaker": {
              "id": "2번",
              "sex": "여성",
              "age": "30대"
            },
            "speechAct": "(지시) 질문하기",
            "morpheme": "그건/NP+JX+해/VV+EC+봤/VX+EP+다/EF+그/MM+이름/NNG+뭐/NP+였/VCP+EP+지/EC+타/VV+고/EC+누워/VV+EC+있/VX+어도/EC+되/VV+는/ETM+거/NNB"
          },
          {
            "id": 5,
            "text": "3 : 뭐지... 궁금하다... 튜브밖에 안 떠오르는데 이게 답이 아닐 것 같아..",
            "norm_text": "뭐지... 궁금하다... 튜브밖에 안 떠오르는데 이게 답이 아닐 것 같아..",
            "speaker": {
              "id": "3번",
              "sex": "여성",
              "age": "20대"
            },
            "speechAct": "(단언) 주장하기",
            "morpheme": "뭐/NP+지/VCP+EF+./SY+궁금/XR+하/XSA+다/EF+./SY+튜브/NNG+밖에/JX+안/MAG+떠오르/VV+는데/EC+이게/NP+JKS+답/NNG+이/JKC+아닐/VCN+ETM+것/NNB+같/VA+아/EC+./SY"
          },
          {
            "id": 6,
            "text": "3 : 서핑은 안 해봤는데 물놀이는 짱짱 좋아해",
            "norm_text": "서핑은 안 해봤는데 물놀이는 짱짱 좋아해",
            "speaker": {
              "id": "3번",
              "sex": "여성",
              "age": "20대"
            },
            "speechAct": "(단언) 주장하기",
            "morpheme": "서핑/NNG+은/JX+안/MAG+해/VV+EC+봤/VX+EP+는데/EC+물놀이/NNG+는/JX+짱짱/MAG+좋아해/VV+EC"
          },
          {
            "id": 7,
            "text": "1 : 튜브 타는 거 재밌징~ 누워 있는 게 뭐야? 키키 그게 뭐지 키키",
            "norm_text": "튜브 타는 거 재밌징~ 누워 있는 게 뭐야? 키키 그게 뭐지 키키",
            "speaker": {
              "id": "1번",
              "sex": "여성",
              "age": "20대"
            },
            "speechAct": "(지시) 질문하기",
            "morpheme": "튜브/NNG+타/VV+는/ETM+거/NNB+재밌/VA+징/EF+~/SY+누워/VV+EC+있/VX+는/ETM+게/NNB+JKS+뭐/NP+야/VCP+EF+키/NNG+키/XSV+ETN+그게/NP+JKS+뭐/IC+지키/NNP+키/NNG"
          },
          {
            "id": 8,
            "text": "2 : 패들 보드였나 그랬던 거 같은데~",
            "norm_text": "패들 보드였나 그랬던 거 같은데~",
            "speaker": {
              "id": "2번",
              "sex": "여성",
              "age": "30대"
            },
            "speechAct": "(단언) 주장하기",
            "morpheme": "패/NNG+들/XSN+보/VV+드/EC+VV+였/EP+나/EC+그랬/VV+EP+던/ETM+거/NNB+같/VA+은데/EC+~/SY"
          },
          {
            "id": 9,
            "text": "2 : 나 튜브 싫어해 ㅠㅠ 거기에 매달려 있으면 답답해",
            "norm_text": "나 튜브 싫어해 ㅠㅠ 거기에 매달려 있으면 답답해",
            "speaker": {
              "id": "2번",
              "sex": "여성",
              "age": "30대"
            },
            "speechAct": "(단언) 주장하기",
            "morpheme": "나/NP+튜브/NNG+싫/VA+어/EC+해/VV+EC+ㅠㅠ/UNKNOWN+거기/NP+에/JKB+매달려/VV+EC+있/VX+으면/EC+답답/XR+해/XSA+EC"
          },
          {
            "id": 10,
            "text": "3 : 아아 그 효리가 타던 그건가 키키 맞아 그것도 타보고 싶었어 ㅠㅠ",
            "norm_text": "아아 그 효리가 타던 그건가 키키 맞아 그것도 타보고 싶었어 ㅠㅠ",
            "speaker": {
              "id": "3번",
              "sex": "여성",
              "age": "20대"
            },
            "speechAct": "(단언) 주장하기",
            "morpheme": "아아/IC+그/IC+효리/NNP+가/JKS+타/VV+던/ETM+그건가/NP+VCP+EF+키/NNG+키/XSV+ETN+맞/VV+아/EC+그것/NP+도/JX+타/VV+EC+보/VX+고/EC+싶/VX+었/EP+어/EF+ㅠㅠ/UNKNOWN"
          },
          {
            "id": 11,
            "text": "1 : 아 패들 보드! 나도 타보고 싶당",
            "norm_text": "아 패들 보드! 나도 타보고 싶당",
            "speaker": {
              "id": "1번",
              "sex": "여성",
              "age": "20대"
            },
            "speechAct": "(단언) 주장하기",
            "morpheme": "아패/NNG+들/XSN+보/VV+드/EP+나/NP+도/JX+타/VV+EC+보/VX+고/EC+싶/VX+당/EF"
          },
          {
            "id": 12,
            "text": "1 : 나 저번에 속초 갔을 때 파도가 되게 세 가지고 키키 튜브 타고 좀 있으니까 멀미 나더라... 튜브 멀미 처음 해봄",
            "norm_text": "나 저번에 속초 갔을 때 파도가 되게 세 가지고 키키 튜브 타고 좀 있으니까 멀미 나더라... 튜브 멀미 처음 해봄",
            "speaker": {
              "id": "1번",
              "sex": "여성",
              "age": "20대"
            },
            "speechAct": "(단언) 주장하기",
            "morpheme": "나저번에속초갔을때파도가되게세가지고키키튜브타고좀있으니까멀미나더라/UNKNOWN+./SY+튜브/NNG+멀미/NNG+처음/NNG+해봄/XSV+EC+VX+ETN"
          },
          {
            "id": 13,
            "text": "2 : 바다에 갔을 때 물멍하고 있으면 가끔 어지럽지 않아?",
            "norm_text": "바다에 갔을 때 물멍하고 있으면 가끔 어지럽지 않아?",
            "speaker": {
              "id": "2번",
              "sex": "여성",
              "age": "30대"
            },
            "speechAct": "(지시) 질문하기",
            "morpheme": "바다/NNG+에/JKB+갔/VV+EP+을/ETM+때물/NNG+멍/NNG+하/XSV+고/EC+있/VX+으면/EC+가끔/MAG+어지럽/VA+지/EC+않/VX+아/EF"
          },
          {
            "id": 14,
            "text": "2 : 정신 차려보면 나도 모르게 물 더 가까이 가 있고 ~",
            "norm_text": "정신 차려보면 나도 모르게 물 더 가까이 가 있고 ~",
            "speaker": {
              "id": "2번",
              "sex": "여성",
              "age": "30대"
            },
            "speechAct": "(단언) 주장하기",
            "morpheme": "정신/NNG+차려/VV+EC+보/VX+면/EC+나/NP+도/JX+모르/VV+게/EC+물/NNG+더/MAG+가까이/NNG+가/JKS+있/VA+고/EC+~/SY"
          },
          {
            "id": 15,
            "text": "3 : 맞아 맞아 나도 바다 계속 보고 있으면 처음에는 평화롭고 좋다 가도 약간 사람이 멍해지고 좀 시간 감각이 없어진다고 해야 하나...!",
            "norm_text": "맞아 맞아 나도 바다 계속 보고 있으면 처음에는 평화롭고 좋다 가도 약간 사람이 멍해지고 좀 시간 감각이 없어진다고 해야 하나...!",
            "speaker": {
              "id": "3번",
              "sex": "여성",
              "age": "20대"
            },
            "speechAct": "(단언) 주장하기",
            "morpheme": "맞/VV+아/EC+맞/VV+아/EC+나/NP+도/JX+바다/NNG+계속/MAG+보/VV+고/EC+있/VX+으면/EC+처음/NNG+에/JKB+는/JX+평화/NNG+롭/XSA+고/EC+좋/VA+다가/EC+도/JX+약간/MAG+사람/NNG+이/JKS+멍해/VV+EC+지/VX+고/EC+좀/MAG+시간/NNG+감각/NNG+이/JKS+없/VA+어/EC+진다고/VX+EC+해야/VV+EC+하나/NR+./SY+./SY"
          },
          {
            "id": 16,
            "text": "1 : 맞아 그래도 아무 생각 없이 있을 수 있어서 좋은 거 같움",
            "norm_text": "맞아 그래도 아무 생각 없이 있을 수 있어서 좋은 거 같움",
            "speaker": {
              "id": "1번",
              "sex": "여성",
              "age": "20대"
            },
            "speechAct": "(단언) 주장하기",
            "morpheme": "맞아/IC+그래도/MAJ+아무/MM+생각/NNG+없이/MAG+있/VV+을/ETM+수/NNB+있/VV+어서/EC+좋/VA+은/ETM+거/NNB+같/VA+움/EC"
          },
          {
            "id": 17,
            "text": "2 : 스트레스는 풀리는 거 같아 바다도 오랜만에 가고 싶다~ 바다 간 지는 진짜 너무 오래됐네...",
            "norm_text": "스트레스는 풀리는 거 같아 바다도 오랜만에 가고 싶다~ 바다 간 지는 진짜 너무 오래됐네...",
            "speaker": {
              "id": "2번",
              "sex": "여성",
              "age": "30대"
            },
            "speechAct": "(단언) 주장하기",
            "morpheme": "스트레스/NNG+는/JX+풀리/VV+는/ETM+거/NNB+같/VA+아/EC+바다/NNG+도/JX+오랜만/NNG+에/JKB+가/VV+고/EC+싶/VX+다/EC+~/SY+바다/NNG+간지/NNG+는/JX+진짜/MAG+너무/MAG+오래/MAG+됐/VV+EP+네/EF+./SY"
          },
          {
            "id": 18,
            "text": "3 : 실내 양궁장이나 사격장 가서 양궁이랑 사격 해본 적 있어?",
            "norm_text": "실내 양궁장이나 사격장 가서 양궁이랑 사격 해본 적 있어?",
            "speaker": {
              "id": "3번",
              "sex": "여성",
              "age": "20대"
            },
            "speechAct": "(지시) 질문하기",
            "morpheme": "실내/NNG+양/NNG+궁장/NNG+이나/JC+사격장/NNG+가/VV+서/EC+양궁/NNG+이랑/JKB+사격/NNG+해/XSV+EC+본/VX+ETM+적/NNB+있/VA+어/EF"
          },
          {
            "id": 19,
            "text": "1 : 아니 한 번도 없는데 해보고 싶어 재밌을 거 같애! 해봤어?",
            "norm_text": "아니 한 번도 없는데 해보고 싶어 재밌을 거 같애! 해봤어?",
            "speaker": {
              "id": "1번",
              "sex": "여성",
              "age": "20대"
            },
            "speechAct": "(지시) 질문하기",
            "morpheme": "아니/IC+한/MM+번/NNBC+도/JX+없/VA+는/ETM+데/NNB+해/VV+EC+보/VX+고/EC+싶/VX+어/EC+재밌/VA+을/ETM+거/NNB+같/VA+애/EF+해/VV+EC+봤/VX+EP+어/EF"
          },
          {
            "id": 20,
            "text": "2 : 아니 안 해봤어~ 해 보고 싶었는데",
            "norm_text": "아니 안 해봤어~ 해 보고 싶었는데",
            "speaker": {
              "id": "2번",
              "sex": "여성",
              "age": "30대"
            },
            "speechAct": "(단언) 주장하기",
            "morpheme": "아니/IC+안/MAG+해/VV+EC+봤/VX+EP+어/EC+~/SY+해/VV+EC+보/VX+고/EC+싶/VX+었/EP+는데/EC"
          },
          {
            "id": 21,
            "text": "3 : 헉쓰 이거 은근 재미 있어요!  친구들이랑 가서 해봐요 나중에 뭐 할 거 없으면! 점수 잘 나오면 인형도 줌",
            "norm_text": "헉쓰 이거 은근 재미 있어요!  친구들이랑 가서 해봐요 나중에 뭐 할 거 없으면! 점수 잘 나오면 인형도 줌",
            "speaker": {
              "id": "3번",
              "sex": "여성",
              "age": "20대"
            },
            "speechAct": "(지시) 충고/제안하기",
            "morpheme": "헉/IC+쓰/IC+이거/NP+은/JX+근/NP+JX+재미있/VA+어요/EF+친구/NNG+들/XSN+이랑/JKB+가/VV+서/EC+해봐요/VV+EC+VX+EC+나중/NNG+에/JKB+뭐/IC+할/VV+ETM+거/NNB+없/VA+으면/EC+!/SY+점수/NNG+잘/MAG+나오/VV+면/EC+인형/NNG+도/JX+줌/NNG"
          },
          {
            "id": 22,
            "text": "1 : 나는 다트만 해봐서 뭔가 양궁 궁금하긴 했어! 어때? 10점 맞췄어? 키키",
            "norm_text": "나는 다트만 해봐서 뭔가 양궁 궁금하긴 했어! 어때? 10점 맞췄어? 키키",
            "speaker": {
              "id": "1번",
              "sex": "여성",
              "age": "20대"
            },
            "speechAct": "(지시) 질문하기",
            "morpheme": "나/NP+는/JX+다트/NNG+만/JX+해/VV+EC+봐서/VV+EC+뭔가/NP+VCP+EC+양궁/NNG+궁금/XR+하/XSA+긴/ETN+JX+했/VX+EP+어/EF+어/IC+때/NNG+?/SY+10/SN+점/NNBC+맞췄/VV+EP+어/EF+키/NNG+키/XSV+ETN"
          },
          {
            "id": 23,
            "text": "2 : 나도 다트는 많이 했었는데~ 어땠어? 재능이 있는 거 같아? 키키",
            "norm_text": "나도 다트는 많이 했었는데~ 어땠어? 재능이 있는 거 같아? 키키",
            "speaker": {
              "id": "2번",
              "sex": "여성",
              "age": "30대"
            },
            "speechAct": "(지시) 질문하기",
            "morpheme": "나/NP+도/JX+다트/NNG+는/JX+많이/MAG+했었/VV+EP+는데/EC+~/SY+어땠어/VA+EP+EF+재능/NNG+이/JKS+있/VA+는/ETM+거/NNB+같/VA+아/EF+키/NNG+키/XSV+ETN"
          },
          {
            "id": 24,
            "text": "3 : 헉 나는 다트는 안 해봤네 키키",
            "norm_text": "헉 나는 다트는 안 해봤네 키키",
            "speaker": {
              "id": "3번",
              "sex": "여성",
              "age": "20대"
            },
            "speechAct": "(단언) 진술하기",
            "morpheme": "헉/IC+나/NP+는/JX+다트/NNG+는/JX+안/MAG+해/VV+EC+봤/VX+EP+네/EF+키/NNG+키/XSV+ETN"
          },
          {
            "id": 25,
            "text": "3 : 양궁이 막 선수들 하는 것만큼 멀리 있는 것도 아니고 활 당기는 것도 막 어려운 건 아니어서 꽤 재미 있었어!  뭔가 쏘는 맛이 있달까",
            "norm_text": "양궁이 막 선수들 하는 것만큼 멀리 있는 것도 아니고 활 당기는 것도 막 어려운 건 아니어서 꽤 재미 있었어!  뭔가 쏘는 맛이 있달까",
            "speaker": {
              "id": "3번",
              "sex": "여성",
              "age": "20대"
            },
            "speechAct": "(단언) 주장하기",
            "morpheme": "양궁/NNG+이/JKS+막/MAJ+선수/NNG+들/XSN+하/VV+는/ETM+것/NNB+만큼/JKB+멀리/MAG+있/VV+는/ETM+것/NNB+도/JX+아니/VCN+고/EC+활/NNG+당기/VV+는/ETM+것/NNB+도/JX+막/NNG+어려운/VA+ETM+건/NNB+JX+아니/VCN+어서/EC+꽤/MAG+재미있/VA+었/EP+어/EF+뭔가/NP+VCP+EC+쏘/VV+는/ETM+맛/NNG+이/JKS+있/VV+달까/EC"
          },
          {
            "id": 26,
            "text": "1 : 오... 나는 그 활 당기는 게 어려울 거라고 생각했는데! 그렇구나 담에 해보러 가야겠당",
            "norm_text": "오... 나는 그 활 당기는 게 어려울 거라고 생각했는데! 그렇구나 담에 해보러 가야겠당",
            "speaker": {
              "id": "1번",
              "sex": "여성",
              "age": "20대"
            },
            "speechAct": "(단언) 주장하기",
            "morpheme": "오/IC+./SY+나/NP+는/JX+그/MM+활/NNG+당기/VV+는/ETM+게/NNB+JKS+어려울/VA+ETM+거/NNB+라고/VCP+EC+생각/NNG+했/XSV+EP+는데/EC+!/SY+그렇구나담에해보러가야겠당/UNKNOWN"
          },
          {
            "id": 27,
            "text": "1 : 언니는 사격 해봤어?",
            "norm_text": "언니는 사격 해봤어?",
            "speaker": {
              "id": "1번",
              "sex": "여성",
              "age": "20대"
            },
            "speechAct": "(지시) 질문하기",
            "morpheme": "언니/NNG+는/JX+사격/NNG+해/XSV+EC+봤/VX+EP+어/EF"
          },
          {
            "id": 28,
            "text": "2 : 나 사격도 안 해봤어~ 재밌지? 재밌을 거 같아",
            "norm_text": "나 사격도 안 해봤어~ 재밌지? 재밌을 거 같아",
            "speaker": {
              "id": "2번",
              "sex": "여성",
              "age": "30대"
            },
            "speechAct": "(지시) 질문하기",
            "morpheme": "나/NP+사격/NNG+도/JX+안/MAG+해/VV+EC+봤/VX+EP+어/EC+~/SY+재밌/VA+지/EF+재밌/VA+을/ETM+거/NNB+같/VA+아/EC"
          },
          {
            "id": 29,
            "text": "3 : 재미있어 키키 근데 사격은 좀 총에다가 장난쳐 놓은 곳이 많더라고 ㅠㅠ 분명 그 조준점 제대로 놓고 쐈는데 안 맞아서 어이가 없었음",
            "norm_text": "재미있어 키키 근데 사격은 좀 총에다가 장난쳐 놓은 곳이 많더라고 ㅠㅠ 분명 그 조준점 제대로 놓고 쐈는데 안 맞아서 어이가 없었음",
            "speaker": {
              "id": "3번",
              "sex": "여성",
              "age": "20대"
            },
            "speechAct": "(단언) 주장하기",
            "morpheme": "재미있/VA+어/EC+키/NNG+키/XSV+ETN+근데/MAJ+사격/NNG+은/JX+좀/MAG+총/NNG+에다가/JKB+장난/NNG+쳐/VV+EC+놓/VX+은/ETM+곳/NNG+이/JKS+많/VA+더라고/EF+ㅠㅠ/UNKNOWN+분명/MAG+그/MM+조준점/NNG+제대로/MAG+놓/VV+고/EC+쐈/VV+EP+는데/EC+안/MAG+맞/VV+아서/EC+어/IC+이/NP+가/JKS+없/VA+었/EP+음/ETN"
          },
          {
            "id": 30,
            "text": "1 : 어? 총에 장난쳐서 그런 거야 아님 잘 못 쏜... 아 아니야 ^^",
            "norm_text": "어? 총에 장난쳐서 그런 거야 아님 잘 못 쏜... 아 아니야 ^^",
            "speaker": {
              "id": "1번",
              "sex": "여성",
              "age": "20대"
            },
            "speechAct": "(단언) 주장하기",
            "morpheme": "어/IC+총에장난쳐서그런거야아님잘못쏜/UNKNOWN+./SY+아아니/VCN+야/EC+^/SY+^/SY"
          },
          {
            "id": 31,
            "text": "2 : 키키 그거 일부러 초점 틀어 놓은 다며~ 상품 많이 가져가면 곤란하니까~ 키키 우리 믿어주자 우리 막내",
            "norm_text": "키키 그거 일부러 초점 틀어 놓은 다며~ 상품 많이 가져가면 곤란하니까~ 키키 우리 믿어주자 우리 막내",
            "speaker": {
              "id": "2번",
              "sex": "여성",
              "age": "30대"
            },
            "speechAct": "(단언) 주장하기",
            "morpheme": "키키그거일부러초점틀어놓은다며/UNKNOWN+~/SY+상품/NNG+많이/MAG+가져가/VV+면/EC+곤란/NNG+하/XSV+니까/EC+~/SY+키키우리믿어주자우리막내/UNKNOWN"
          },
          {
            "id": 32,
            "text": "3 : 생각보다 예리하네들 키키 조... 조준점 때문이야! 그런 걸로 하자... 흠흠",
            "norm_text": "생각보다 예리하네들 키키 조... 조준점 때문이야! 그런 걸로 하자... 흠흠",
            "speaker": {
              "id": "3번",
              "sex": "여성",
              "age": "20대"
            },
            "speechAct": "(단언) 주장하기",
            "morpheme": "생각/NNG+보다/JKB+예리/XR+하/XSA+네/XSN+들/XSN+키/NNG+키/XSV+ETN+조/VV+EF+./SY+조준점/NNG+때문/NNB+이/VCP+야/EF+그런/MM+걸로/NNB+JKB+하/VV+자/EF+./SY+흠흠/IC"
          }
        ]
      }
    }
  ]
}