{
  "dataset": {
    "identifier": 122371,
    "name": "BAND_46_07_set",
    "src_path": "/data/file/cubeManager/PROJECT001/80/txt20211103154613090172/BAND_46_07_set/",
    "label_path": "/data/file/cubeManager/PROJECT001/80/txt20211103154613090172/BAND_46_07_set/",
    "category": 2,
    "type": 0
  },
  "licenses": {
    "name": "Apache License 1.0",
    "url": "http://www.apache.org/licenses/LICENSE-1.0"
  },
  "info": [
    {
      "id": 135522,
      "filename": "BAND_46_07.txt",
      "title": "BAND_46_07",
      "mediatype": "SNS",
      "medianame": "카카오톡",
      "category": "일상대화",
      "date": "2021-11-03",
      "size": 624,
      "annotations": {
        "subject": "연애/결혼",
        "speaker_type": "다자간 대화",
        "size": 624,
        "word_size": 211,
        "text": "1 : 요즘 엄마랑 자주 싸워 키키\n2 : 헐 왜잉 ㅜㅜ!\n2 : 엄마랑 싸우지마잉 \u003e\u003c\n3 : 나도 요새 쓸데없는 짜증을 부모님에게 부리곤 해\n1 : 나도 모르겠어 키키\n1 : 서로 예민해 있어서 그런가\n2 : ㅠㅠ 흑 예민해져 있음 힘들지만~ 소중한 사람은 있을 때 잘해야 하는 거야~\n3 : 맞아 ㅠㅠ\n3 : 화내고 나면 후회 엄청 많이 해\n1 : 맞아\n1 : 아는데 말처럼 쉽지 않아\n2 : ㅜㅜ 흑 그론가~\n2 : 근데 나도 요즘 엄마가 자꾸 뭘 주워와서 죽겠긴 하더라~\n3 : 다들 아끼려고 그러는 거니까 너무 그러진 말구 키키 말씀드려봐!\n1 : 키키 뭘 주워 오시길래 그래 키키\n2 : 새총이랑 테니스공, 삑삑이 망치,\n2 : 뭘 아끼려는지 알 수 없음,\n2 : 멈춰,\n3 : 너가 어렸을 때 많이 가지고 논 거 아닐까?\n1 : 종류도 다양하네 키키\n1 : 다 쓰시는 거 맞지...?\n2 : 키키 우리집 강아지꺼라는데…?\n2 : 몰라,\n2 : 주워오면 내가 버리고 무한반복임\n3 : 키키 그럴 수 있겠다\n3 : 멍멍이면 보일 때 갑자기 생각나긴 해!\n1 : 키키 우리집도 상황 비슷해 키키\n1 : 내가 몰래 다 버려\n2 : 키키 키키 후 버리는자 주워오는자,\n2 : 이제 허락도 안 맡고 버려\n3 : 키키 버릇 되면 가끔씩 손이 먼저 가서 그럴 수 있지!",
        "lines": [
          {
            "id": 1,
            "text": "1 : 요즘 엄마랑 자주 싸워 키키",
            "norm_text": "요즘 엄마랑 자주 싸워 키키",
            "speaker": {
              "id": "1번",
              "sex": "여성",
              "age": "20대"
            },
            "speechAct": "(단언) 진술하기",
            "morpheme": "요즘/NNG+엄마/NNG+랑/JKB+자주/MAG+싸워/VV+EC+키/NNG+키/XSV+ETN"
          },
          {
            "id": 2,
            "text": "2 : 헐 왜잉 ㅜㅜ!",
            "norm_text": "헐 왜잉 ㅜㅜ!",
            "speaker": {
              "id": "2번",
              "sex": "여성",
              "age": "20대"
            },
            "speechAct": "(지시) 질문하기",
            "morpheme": "헐왜잉ㅜㅜ/UNKNOWN"
          },
          {
            "id": 3,
            "text": "2 : 엄마랑 싸우지마잉 \u003e\u003c",
            "norm_text": "엄마랑 싸우지마잉 \u003e\u003c",
            "speaker": {
              "id": "2번",
              "sex": "여성",
              "age": "20대"
            },
            "speechAct": "(단언) 주장하기",
            "morpheme": "엄마랑싸우지마잉/UNKNOWN+\u003e/SY+\u003c/SY"
          },
          {
            "id": 4,
            "text": "3 : 나도 요새 쓸데없는 짜증을 부모님에게 부리곤 해",
            "norm_text": "나도 요새 쓸데없는 짜증을 부모님에게 부리곤 해",
            "speaker": {
              "id": "3번",
              "sex": "남성",
              "age": "20대"
            },
            "speechAct": "(단언) 진술하기",
            "morpheme": "나/NP+도/JX+요새/MAG+쓸데없/VA+는/ETM+짜증/NNG+을/JKO+부모/NNG+님/XSN+에게/JKB+부리/VV+곤/EC+해/VV+EC"
          },
          {
            "id": 5,
            "text": "1 : 나도 모르겠어 키키",
            "norm_text": "나도 모르겠어 키키",
            "speaker": {
              "id": "1번",
              "sex": "여성",
              "age": "20대"
            },
            "speechAct": "(단언) 주장하기",
            "morpheme": "나/NP+도/JX+모르/VV+겠/EP+어/EC+키/NNG+키/XSV+ETN"
          },
          {
            "id": 6,
            "text": "1 : 서로 예민해 있어서 그런가",
            "norm_text": "서로 예민해 있어서 그런가",
            "speaker": {
              "id": "1번",
              "sex": "여성",
              "age": "20대"
            },
            "speechAct": "(단언) 주장하기",
            "morpheme": "서로/MAG+예민/XR+해/XSA+EC+있/VX+어서/EC+그런가/VA+EC"
          },
          {
            "id": 7,
            "text": "2 : ㅠㅠ 흑 예민해져 있음 힘들지만~ 소중한 사람은 있을 때 잘해야 하는 거야~",
            "norm_text": "ㅠㅠ 흑 예민해져 있음 힘들지만~ 소중한 사람은 있을 때 잘해야 하는 거야~",
            "speaker": {
              "id": "2번",
              "sex": "여성",
              "age": "20대"
            },
            "speechAct": "(단언) 주장하기",
            "morpheme": "ㅠㅠ흑예민해져있음힘들지만/UNKNOWN+~/SY+소중/XR+한/XSA+ETM+사람/NNG+은/JX+있/VA+을/ETM+때/NNG+잘/MAG+해야/VV+EC+하/VV+는/ETM+거/NNB+야/VCP+EF+~/SY"
          },
          {
            "id": 8,
            "text": "3 : 맞아 ㅠㅠ",
            "norm_text": "맞아 ㅠㅠ",
            "speaker": {
              "id": "3번",
              "sex": "남성",
              "age": "20대"
            },
            "speechAct": "(단언) 주장하기",
            "morpheme": "맞아ㅠㅠ/UNKNOWN"
          },
          {
            "id": 9,
            "text": "3 : 화내고 나면 후회 엄청 많이 해",
            "norm_text": "화내고 나면 후회 엄청 많이 해",
            "speaker": {
              "id": "3번",
              "sex": "남성",
              "age": "20대"
            },
            "speechAct": "(단언) 주장하기",
            "morpheme": "화내/VV+고/EC+나/VX+면/EC+후회/NNG+엄청/MAG+많이/MAG+해/VV+EC"
          },
          {
            "id": 10,
            "text": "1 : 맞아",
            "norm_text": "맞아",
            "speaker": {
              "id": "1번",
              "sex": "여성",
              "age": "20대"
            },
            "speechAct": "(단언) 주장하기",
            "morpheme": "맞/VV+아/EC"
          },
          {
            "id": 11,
            "text": "1 : 아는데 말처럼 쉽지 않아",
            "norm_text": "아는데 말처럼 쉽지 않아",
            "speaker": {
              "id": "1번",
              "sex": "여성",
              "age": "20대"
            },
            "speechAct": "(단언) 주장하기",
            "morpheme": "아/VV+는데/EC+말/NNG+처럼/JKB+쉽/VA+지/EC+않/VX+아/EC"
          },
          {
            "id": 12,
            "text": "2 : ㅜㅜ 흑 그론가~",
            "norm_text": "ㅜㅜ 흑 그론가~",
            "speaker": {
              "id": "2번",
              "sex": "여성",
              "age": "20대"
            },
            "speechAct": "(단언) 주장하기",
            "morpheme": "ㅜㅜ흑그론가/UNKNOWN+~/SY"
          },
          {
            "id": 13,
            "text": "2 : 근데 나도 요즘 엄마가 자꾸 뭘 주워와서 죽겠긴 하더라~",
            "norm_text": "근데 나도 요즘 엄마가 자꾸 뭘 주워와서 죽겠긴 하더라~",
            "speaker": {
              "id": "2번",
              "sex": "여성",
              "age": "20대"
            },
            "speechAct": "(단언) 주장하기",
            "morpheme": "근데/MAJ+나/NP+도/JX+요즘/NNG+엄마/NNG+가/JKS+자꾸/MAG+뭘/NP+JKO+주워와서/VV+EC+VX+EC+죽/VV+겠/EP+긴/ETN+JX+하/VX+더라/EC+~/SY"
          },
          {
            "id": 14,
            "text": "3 : 다들 아끼려고 그러는 거니까 너무 그러진 말구 키키 말씀드려봐!",
            "norm_text": "다들 아끼려고 그러는 거니까 너무 그러진 말구 키키 말씀드려봐!",
            "speaker": {
              "id": "3번",
              "sex": "남성",
              "age": "20대"
            },
            "speechAct": "(단언) 주장하기",
            "morpheme": "다/MAG+들/XSN+아끼/VV+려고/EC+그러/VV+는/ETM+거/NNB+니까/VCP+EC+너무/MAG+그러/VV+진/EC+JX+말/VX+구/EC+키/NNG+키/XSV+ETN+말씀드려/VV+EC+봐/VX+EF"
          },
          {
            "id": 15,
            "text": "1 : 키키 뭘 주워 오시길래 그래 키키",
            "norm_text": "키키 뭘 주워 오시길래 그래 키키",
            "speaker": {
              "id": "1번",
              "sex": "여성",
              "age": "20대"
            },
            "speechAct": "(지시) 질문하기",
            "morpheme": "키/NNG+키/XSV+ETN+뭘/NP+JKO+주워오/VV+시/EP+길래/EC+그래/VV+EC+키/NNG+키/XSV+ETN"
          },
          {
            "id": 16,
            "text": "2 : 새총이랑 테니스공, 삑삑이 망치,",
            "norm_text": "새총이랑 테니스공, 삑삑이 망치,",
            "speaker": {
              "id": "2번",
              "sex": "여성",
              "age": "20대"
            },
            "speechAct": "(단언) 진술하기",
            "morpheme": "새총/NNG+이랑/JKB+테니스공/NNG+,/SC+삑삑이/MAG+망치/NNG+,/SC"
          },
          {
            "id": 17,
            "text": "2 : 뭘 아끼려는지 알 수 없음,",
            "norm_text": "뭘 아끼려는지 알 수 없음,",
            "speaker": {
              "id": "2번",
              "sex": "여성",
              "age": "20대"
            },
            "speechAct": "(단언) 주장하기",
            "morpheme": "뭘/NP+JKO+아끼/VV+려는지/EC+알/VV+ETM+수/NNB+없/VA+음/ETN+,/SC"
          },
          {
            "id": 18,
            "text": "2 : 멈춰,",
            "norm_text": "멈춰,",
            "speaker": {
              "id": "2번",
              "sex": "여성",
              "age": "20대"
            },
            "speechAct": "(단언) 주장하기",
            "morpheme": "멈춰/VV+EF+,/SC"
          },
          {
            "id": 19,
            "text": "3 : 너가 어렸을 때 많이 가지고 논 거 아닐까?",
            "norm_text": "너가 어렸을 때 많이 가지고 논 거 아닐까?",
            "speaker": {
              "id": "3번",
              "sex": "남성",
              "age": "20대"
            },
            "speechAct": "(지시) 질문하기",
            "morpheme": "너/NP+가/JKS+어렸/VA+EP+을/ETM+때/NNG+많이/MAG+가지/VV+고/EC+논/VX+ETM+거/NNB+아닐까/VCN+EF"
          },
          {
            "id": 20,
            "text": "1 : 종류도 다양하네 키키",
            "norm_text": "종류도 다양하네 키키",
            "speaker": {
              "id": "1번",
              "sex": "여성",
              "age": "20대"
            },
            "speechAct": "(단언) 진술하기",
            "morpheme": "종류/NNG+도/JX+다양/XR+하/XSA+네/EF+키/NNG+키/XSV+ETN"
          },
          {
            "id": 21,
            "text": "1 : 다 쓰시는 거 맞지...?",
            "norm_text": "다 쓰시는 거 맞지...?",
            "speaker": {
              "id": "1번",
              "sex": "여성",
              "age": "20대"
            },
            "speechAct": "(지시) 질문하기",
            "morpheme": "다/MAG+쓰/VV+시/EP+는/ETM+거/NNB+맞/VV+지/EF+./SY+./SY"
          },
          {
            "id": 22,
            "text": "2 : 키키 우리집 강아지꺼라는데…?",
            "norm_text": "키키 우리집 강아지꺼라는데…?",
            "speaker": {
              "id": "2번",
              "sex": "여성",
              "age": "20대"
            },
            "speechAct": "(단언) 주장하기",
            "morpheme": "키키우리집강아지꺼라는데/UNKNOWN+…/SE"
          },
          {
            "id": 23,
            "text": "2 : 몰라,",
            "norm_text": "몰라,",
            "speaker": {
              "id": "2번",
              "sex": "여성",
              "age": "20대"
            },
            "speechAct": "(단언) 주장하기",
            "morpheme": "몰라/VV+EF+,/SC"
          },
          {
            "id": 24,
            "text": "2 : 주워오면 내가 버리고 무한반복임",
            "norm_text": "주워오면 내가 버리고 무한반복임",
            "speaker": {
              "id": "2번",
              "sex": "여성",
              "age": "20대"
            },
            "speechAct": "(단언) 주장하기",
            "morpheme": "주워오/VV+면/EC+내/NP+가/JKS+버리/VV+고/EC+무한/NNG+반복/NNG+임/VCP+ETN"
          },
          {
            "id": 25,
            "text": "3 : 키키 그럴 수 있겠다",
            "norm_text": "키키 그럴 수 있겠다",
            "speaker": {
              "id": "3번",
              "sex": "남성",
              "age": "20대"
            },
            "speechAct": "(단언) 주장하기",
            "morpheme": "키/NNG+키/XSV+ETN+그럴/VV+ETM+수/NNB+있/VV+겠/EP+다/EC"
          },
          {
            "id": 26,
            "text": "3 : 멍멍이면 보일 때 갑자기 생각나긴 해!",
            "norm_text": "멍멍이면 보일 때 갑자기 생각나긴 해!",
            "speaker": {
              "id": "3번",
              "sex": "남성",
              "age": "20대"
            },
            "speechAct": "(단언) 주장하기",
            "morpheme": "멍멍/MAG+이/VCP+면/EC+보일/VV+ETM+때/NNG+갑자기/MAG+생각/NNG+나/VV+긴/ETN+JX+해/VX+EF"
          },
          {
            "id": 27,
            "text": "1 : 키키 우리집도 상황 비슷해 키키",
            "norm_text": "키키 우리집도 상황 비슷해 키키",
            "speaker": {
              "id": "1번",
              "sex": "여성",
              "age": "20대"
            },
            "speechAct": "(단언) 주장하기",
            "morpheme": "키/NNG+키/XSV+ETN+우리/NP+집/NNG+도/JX+상황/NNG+비슷/XR+해/XSA+EC+키/NNG+키/XSV+ETN"
          },
          {
            "id": 28,
            "text": "1 : 내가 몰래 다 버려",
            "norm_text": "내가 몰래 다 버려",
            "speaker": {
              "id": "1번",
              "sex": "여성",
              "age": "20대"
            },
            "speechAct": "(단언) 주장하기",
            "morpheme": "내/NP+가/JKS+몰래/MAG+다/MAG+버려/VV+EC"
          },
          {
            "id": 29,
            "text": "2 : 키키 키키 후 버리는자 주워오는자,",
            "norm_text": "키키 키키 후 버리는자 주워오는자,",
            "speaker": {
              "id": "2번",
              "sex": "여성",
              "age": "20대"
            },
            "speechAct": "(단언) 진술하기",
            "morpheme": "키키키키후버리는자주워오는자/UNKNOWN+,/SC"
          },
          {
            "id": 30,
            "text": "2 : 이제 허락도 안 맡고 버려",
            "norm_text": "이제 허락도 안 맡고 버려",
            "speaker": {
              "id": "2번",
              "sex": "여성",
              "age": "20대"
            },
            "speechAct": "(단언) 진술하기",
            "morpheme": "이제/MAG+허락/NNG+도/JX+안/MAG+맡/VV+고/EC+버려/VX+EC"
          },
          {
            "id": 31,
            "text": "3 : 키키 버릇 되면 가끔씩 손이 먼저 가서 그럴 수 있지!",
            "norm_text": "키키 버릇 되면 가끔씩 손이 먼저 가서 그럴 수 있지!",
            "speaker": {
              "id": "3번",
              "sex": "남성",
              "age": "20대"
            },
            "speechAct": "(단언) 주장하기",
            "morpheme": "키/NNG+키/NNG+버릇/NNG+되/XSV+면/EC+가끔/MAG+씩/XSN+손/NNG+이/JKS+먼저/MAG+가/VV+서/EC+그럴/VV+ETM+수/NNB+있/VV+지/EF"
          }
        ]
      }
    }
  ]
}