{
  "dataset": {
    "identifier": 20470,
    "name": "BAND_22_11_set",
    "src_path": "/data/file/cubeManager/PROJECT001/49/txt20210915110036058039/BAND_22_11_set/",
    "label_path": "/data/file/cubeManager/PROJECT001/49/txt20210915110036058039/BAND_22_11_set/",
    "category": 2,
    "type": 0
  },
  "licenses": {
    "name": "Apache License 1.0",
    "url": "http://www.apache.org/licenses/LICENSE-1.0"
  },
  "info": [
    {
      "id": 25410,
      "filename": "BAND_22_11.txt",
      "title": "BAND_22_11",
      "mediatype": "SNS",
      "medianame": "네이버밴드",
      "category": "일상대화",
      "date": "2021-09-15",
      "size": 1191,
      "annotations": {
        "subject": "게임",
        "speaker_type": "1:1",
        "size": 1191,
        "word_size": 386,
        "text": "1 : 요즘엔 게임 할 시간도 없다 키키\n1 : 언니가 말한 게임 출퇴근 길에 해보려 했는데 까먹었어 오늘 해봐야징~~\n2 : 모야 아직 안 해봤어? 하하\n2 : 송송이는 해봤어?\n3 : 키키 나도 아직도 못 했어 ㅠㅠ\n3 : 출퇴근길에 폰 그냥 가방에서 못 꺼내 사람 많아서 하...\n1 : 난 그때 바로 한판 해보고 못 해봤어 키키\n2 : 슬프네 송송아... ㅠㅠ\n2 : 오랜만에 사천성 하고 싶당 재밌는데!\n2 : 사천성 좋아해?\n3 : 키키 웅웅 사천성 울엄마가 좋아해서 옆에서 많이 했어 키키\n1 : 키키 나도 카카오 사천성 엄청 했었는데 안 하다가 친구들 다시 하길래 나도 다시 엄청 하다가 요즘엔 안 하는 중\n1 : 말 나온 김에 조만간 해야겠다!\n2 : 어 뭐야 카카오에도 사천성 있었어? 키키\n2 : 시험 끝나면 바로 한다!\n2 : 고등학교 때 학교에서 진짜 많이 했는데 친구들이랑\n3 : 그 애니팡 사천성으로 있었던 것 같은데? 맞낭\n1 : 모르겠어!\n1 : 난 카카오 친구들이랑 경쟁할 수 있게 있었는데 엄청 유행이었는데 언니들은 유행 아니었나 보네!\n2 : 오 난 그 카카오 말고 다른 버전으로 했었어 키키\n2 : 한게임 사천성이었을걸?\n3 : 몰랑 내 폰으로는 안 깔아봐서 키키\n3 : 너네 고스톱 게임 깔아봤어?\n1 : 웅 고스톱도 심심할 때 많이 했었지!\n2 : 그거 우리 아빠가 맨날 해\n2 : 진짜 하루 종일 들고 있음...\n2 : 난 고스톱 안 해봤어\n3 : 키키 나도 고스톱 치는 거 좋아해\n3 : 엄청 옛날에는 고스톱으로 이기면 땅을 먹을 수 있었는데\n3 : 요새는 그런 느낌은 없는 것 같더라\n1 : 고스톱 이기면 무슨 땅을 먹어?\n2 : 처음 들어 키키\n2 : 그냥 고스톱 치면 돈 얻는 거 아니야?\n3 : 지역 이름은 기억 안 나는데 지역마다 보스가 있었거든?\n3 : 예를 들어 신라 지역에 나나가 200만 원으로 짱이면 그 돈 다 따면 내가 그 땅 먹는 거야 키키\n1 : 키키 신기하고 이상한 거 했네 처음 들어\n2 : 아니 승부욕 장난 아니겠는데?\n2 : 키키 너네 클래시오브클랜 알아?\n3 : 땅 정복하니까 재밌어 키키\n3 : 클래시오브 그거는 이름은 많이 들어봤오!\n3 : 뭐야?\n1 : 맞아 나도 그거 이름은 많이 들었는데 게임은 안 해봤어!\n2 : 그것도 땅 정복하는 게임이었어 키키\n2 : 니가 그런 거 말하니까 생각나\n2 : 클랜 들어가서 엄청 했었는데\n3 : 키키 그거 재밌었어?\n3 : 나는 그나마 오래했던 건 모두의 마블!\n3 : 진짜 끊을 수 없었어",
        "lines": [
          {
            "id": 1,
            "text": "1 : 요즘엔 게임 할 시간도 없다 키키",
            "norm_text": "요즘엔 게임 할 시간도 없다 키키",
            "speaker": {
              "id": "1번",
              "sex": "여성",
              "age": "20대"
            },
            "speechAct": "(단언) 진술하기",
            "morpheme": "요즘/NNG+엔/JKB+JX+게임/NNG+할/XSV+ETM+시간/NNG+도/JX+없/VA+다키키/NNP"
          },
          {
            "id": 2,
            "text": "1 : 언니가 말한 게임 출퇴근 길에 해보려 했는데 까먹었어 오늘 해봐야징~~",
            "norm_text": "언니가 말한 게임 출퇴근 길에 해보려 했는데 까먹었어 오늘 해봐야징~~",
            "speaker": {
              "id": "1번",
              "sex": "여성",
              "age": "20대"
            },
            "speechAct": "(단언) 주장하기",
            "morpheme": "언니/NNG+가/JKS+말/NNG+한/XSA+ETM+게임/NNG+출퇴근길/NNG+에/JKB+해/VV+EC+보/VX+려/EC+했/VX+EP+는데/EC+까먹/VV+었/EP+어/EC+오늘/NNG+해/XSV+EC+봐야/VX+EC+징/NNG+~/SY+~/SY"
          },
          {
            "id": 3,
            "text": "2 : 모야 아직 안 해봤어? 하하",
            "norm_text": "모야 아직 안 해봤어? 하하",
            "speaker": {
              "id": "2번",
              "sex": "여성",
              "age": "20대"
            },
            "speechAct": "(지시) 질문하기",
            "morpheme": "모야/NNG+아직/MAG+안/MAG+해/VV+EC+봤/VX+EP+어/EF+하하/MAG"
          },
          {
            "id": 4,
            "text": "2 : 송송이는 해봤어?",
            "norm_text": "송송이는 해봤어?",
            "speaker": {
              "id": "2번",
              "sex": "여성",
              "age": "20대"
            },
            "speechAct": "(지시) 질문하기",
            "morpheme": "송송이/NNG+는/JX+해/VV+EC+봤/VX+EP+어/EF"
          },
          {
            "id": 5,
            "text": "3 : 키키 나도 아직도 못 했어 ㅠㅠ",
            "norm_text": "키키 나도 아직도 못 했어 ㅠㅠ",
            "speaker": {
              "id": "3번",
              "sex": "여성",
              "age": "20대"
            },
            "speechAct": "(단언) 진술하기",
            "morpheme": "키/NNG+키나/XSA+ETN+JX+도/JX+아직/MAG+도/JX+못/MAG+했/VV+EP+어/EF+ㅠㅠ/UNKNOWN"
          },
          {
            "id": 6,
            "text": "3 : 출퇴근길에 폰 그냥 가방에서 못 꺼내 사람 많아서 하...",
            "norm_text": "출퇴근길에 폰 그냥 가방에서 못 꺼내 사람 많아서 하...",
            "speaker": {
              "id": "3번",
              "sex": "여성",
              "age": "20대"
            },
            "speechAct": "(단언) 주장하기",
            "morpheme": "출퇴근길/NNG+에/JKB+폰/NNG+그냥/MAG+가방/NNG+에서/JKB+못/MAG+꺼내/VV+EC+사람/NNG+많/VA+아서/EC+하/IC+./SY"
          },
          {
            "id": 7,
            "text": "1 : 난 그때 바로 한판 해보고 못 해봤어 키키",
            "norm_text": "난 그때 바로 한판 해보고 못 해봤어 키키",
            "speaker": {
              "id": "1번",
              "sex": "여성",
              "age": "20대"
            },
            "speechAct": "(단언) 진술하기",
            "morpheme": "난/NP+JX+그때/NNG+바로/MAG+한판/NNG+해/XSV+EC+보/VX+고/EC+못해/VX+EC+봤/VX+EP+어/EC+키/NNG+키/XSV+ETN"
          },
          {
            "id": 8,
            "text": "2 : 슬프네 송송아... ㅠㅠ",
            "norm_text": "슬프네 송송아... ㅠㅠ",
            "speaker": {
              "id": "2번",
              "sex": "여성",
              "age": "20대"
            },
            "speechAct": "(단언) 주장하기",
            "morpheme": "슬프/VA+네/EF+송송/MAG+아/IC+./SY+ㅠㅠ/UNKNOWN"
          },
          {
            "id": 9,
            "text": "2 : 오랜만에 사천성 하고 싶당 재밌는데!",
            "norm_text": "오랜만에 사천성 하고 싶당 재밌는데!",
            "speaker": {
              "id": "2번",
              "sex": "여성",
              "age": "20대"
            },
            "speechAct": "(단언) 주장하기",
            "morpheme": "오랜만/NNG+에/JKB+사/VV+EC+천성/NNG+하/XSV+고/EC+싶/VX+당/EF+재밌/VA+는데/EC"
          },
          {
            "id": 10,
            "text": "2 : 사천성 좋아해?",
            "norm_text": "사천성 좋아해?",
            "speaker": {
              "id": "2번",
              "sex": "여성",
              "age": "20대"
            },
            "speechAct": "(지시) 질문하기",
            "morpheme": "사천/NNG+성/XSN+좋아해/VV+EF"
          },
          {
            "id": 11,
            "text": "3 : 키키 웅웅 사천성 울엄마가 좋아해서 옆에서 많이 했어 키키",
            "norm_text": "키키 웅웅 사천성 울엄마가 좋아해서 옆에서 많이 했어 키키",
            "speaker": {
              "id": "3번",
              "sex": "여성",
              "age": "20대"
            },
            "speechAct": "(단언) 진술하기",
            "morpheme": "키/NNG+키/NNG+웅웅/MAG+사천성/NNP+울엄마/NNP+가/JKS+좋/VA+아/EC+해서/VV+EC+옆/NNG+에서/JKB+많이/MAG+했/VV+EP+어/EC+키/NNG+키/XSV+ETN"
          },
          {
            "id": 12,
            "text": "1 : 키키 나도 카카오 사천성 엄청 했었는데 안 하다가 친구들 다시 하길래 나도 다시 엄청 하다가 요즘엔 안 하는 중",
            "norm_text": "키키 나도 카카오 사천성 엄청 했었는데 안 하다가 친구들 다시 하길래 나도 다시 엄청 하다가 요즘엔 안 하는 중",
            "speaker": {
              "id": "1번",
              "sex": "여성",
              "age": "20대"
            },
            "speechAct": "(단언) 진술하기",
            "morpheme": "키/NNG+키나/XSA+ETN+JX+도/JX+카카오/NNG+사천/NNG+성/XSN+엄청/MAG+했었/VV+EP+는데/EC+안/MAG+하/VV+다가/EC+친구/NNG+들/XSN+다시/MAG+하/VV+길래/EC+나/NP+도/JX+다시/MAG+엄청/MAG+하/VV+다가/EC+요즘/NNG+엔/JKB+JX+안/MAG+하/VV+는/ETM+중/NNB"
          },
          {
            "id": 13,
            "text": "1 : 말 나온 김에 조만간 해야겠다!",
            "norm_text": "말 나온 김에 조만간 해야겠다!",
            "speaker": {
              "id": "1번",
              "sex": "여성",
              "age": "20대"
            },
            "speechAct": "(단언) 주장하기",
            "morpheme": "말/NNG+나온/VV+ETM+김/NNB+에/JKB+조만간/MAG+해야겠다/VV+EC+VX+EP+EF"
          },
          {
            "id": 14,
            "text": "2 : 어 뭐야 카카오에도 사천성 있었어? 키키",
            "norm_text": "어 뭐야 카카오에도 사천성 있었어? 키키",
            "speaker": {
              "id": "2번",
              "sex": "여성",
              "age": "20대"
            },
            "speechAct": "(지시) 질문하기",
            "morpheme": "어/IC+뭐/IC+야/IC+카카오/NNG+에/JKB+도/JX+사천/NNG+성/XSN+있/VV+었/EP+어/EF+키/NNG+키/XSV+ETN"
          },
          {
            "id": 15,
            "text": "2 : 시험 끝나면 바로 한다!",
            "norm_text": "시험 끝나면 바로 한다!",
            "speaker": {
              "id": "2번",
              "sex": "여성",
              "age": "20대"
            },
            "speechAct": "(단언) 주장하기",
            "morpheme": "시험/NNG+끝/NNG+나/VV+면/EC+바로/MAG+한다/VV+EF"
          },
          {
            "id": 16,
            "text": "2 : 고등학교 때 학교에서 진짜 많이 했는데 친구들이랑",
            "norm_text": "고등학교 때 학교에서 진짜 많이 했는데 친구들이랑",
            "speaker": {
              "id": "2번",
              "sex": "여성",
              "age": "20대"
            },
            "speechAct": "(단언) 진술하기",
            "morpheme": "고등/NNG+학교/NNG+때/NNG+학교/NNG+에서/JKB+진짜/MAG+많이/MAG+했/VV+EP+는데/EC+친구/NNG+들/XSN+이랑/JKB"
          },
          {
            "id": 17,
            "text": "3 : 그 애니팡 사천성으로 있었던 것 같은데? 맞낭",
            "norm_text": "그 애니팡 사천성으로 있었던 것 같은데? 맞낭",
            "speaker": {
              "id": "3번",
              "sex": "여성",
              "age": "20대"
            },
            "speechAct": "(단언) 주장하기",
            "morpheme": "그/MM+애니팡/NNP+사천/NNG+성/XSN+으로/JKB+있/VV+었/EP+던/ETM+것/NNB+같/VA+은데/EC+?/SY+맞/XPN+낭/NNG"
          },
          {
            "id": 18,
            "text": "1 : 모르겠어!",
            "norm_text": "모르겠어!",
            "speaker": {
              "id": "1번",
              "sex": "여성",
              "age": "20대"
            },
            "speechAct": "(단언) 주장하기",
            "morpheme": "모르/VV+겠/EP+어/EF"
          },
          {
            "id": 19,
            "text": "1 : 난 카카오 친구들이랑 경쟁할 수 있게 있었는데 엄청 유행이었는데 언니들은 유행 아니었나 보네!",
            "norm_text": "난 카카오 친구들이랑 경쟁할 수 있게 있었는데 엄청 유행이었는데 언니들은 유행 아니었나 보네!",
            "speaker": {
              "id": "1번",
              "sex": "여성",
              "age": "20대"
            },
            "speechAct": "(단언) 진술하기",
            "morpheme": "난/NP+JX+카카오/NNP+친구/NNG+들/XSN+이랑/JKB+경쟁/NNG+할/XSV+ETM+수/NNB+있/VV+게/EC+있/VX+었/EP+는데/EC+엄청/MAG+유행/NNG+이/VCP+었/EP+는데/EC+언니/NNG+들/XSN+은/JX+유행/NNG+아니/VCN+었/EP+나/EC+보/VX+네/EF"
          },
          {
            "id": 20,
            "text": "2 : 오 난 그 카카오 말고 다른 버전으로 했었어 키키",
            "norm_text": "오 난 그 카카오 말고 다른 버전으로 했었어 키키",
            "speaker": {
              "id": "2번",
              "sex": "여성",
              "age": "20대"
            },
            "speechAct": "(단언) 진술하기",
            "morpheme": "오난/NNG+그/MM+카카오/NNG+말/VV+고/EC+다른/MM+버전/NNG+으로/JKB+했었/VV+EP+어/EC+키/NNG+키/XSV+ETN"
          },
          {
            "id": 21,
            "text": "2 : 한게임 사천성이었을걸?",
            "norm_text": "한게임 사천성이었을걸?",
            "speaker": {
              "id": "2번",
              "sex": "여성",
              "age": "20대"
            },
            "speechAct": "(단언) 주장하기",
            "morpheme": "한/MM+게임/NNG+사천/NNG+성/XSN+이/VCP+었/EP+을걸/EF"
          },
          {
            "id": 22,
            "text": "3 : 몰랑 내 폰으로는 안 깔아봐서 키키",
            "norm_text": "몰랑 내 폰으로는 안 깔아봐서 키키",
            "speaker": {
              "id": "3번",
              "sex": "여성",
              "age": "20대"
            },
            "speechAct": "(단언) 주장하기",
            "morpheme": "몰랑/NNG+내/NNB+폰/NNG+으로/JKB+는/JX+안/MAG+깔/VV+아/EC+봐서/VV+EC+키/NNG+키/XSV+ETN"
          },
          {
            "id": 23,
            "text": "3 : 너네 고스톱 게임 깔아봤어?",
            "norm_text": "너네 고스톱 게임 깔아봤어?",
            "speaker": {
              "id": "3번",
              "sex": "여성",
              "age": "20대"
            },
            "speechAct": "(지시) 질문하기",
            "morpheme": "너/NP+네/XSN+고스톱/NNG+게임/NNG+깔/VV+아/EC+봤/VX+EP+어/EF"
          },
          {
            "id": 24,
            "text": "1 : 웅 고스톱도 심심할 때 많이 했었지!",
            "norm_text": "웅 고스톱도 심심할 때 많이 했었지!",
            "speaker": {
              "id": "1번",
              "sex": "여성",
              "age": "20대"
            },
            "speechAct": "(단언) 진술하기",
            "morpheme": "웅고/NNG+스톱/NNG+도/JX+심심/XR+할/XSA+ETM+때/NNG+많이/MAG+했었/VV+EP+지/EF"
          },
          {
            "id": 25,
            "text": "2 : 그거 우리 아빠가 맨날 해",
            "norm_text": "그거 우리 아빠가 맨날 해",
            "speaker": {
              "id": "2번",
              "sex": "여성",
              "age": "20대"
            },
            "speechAct": "(단언) 진술하기",
            "morpheme": "그거/NP+우리/NP+아빠/NNG+가/JKS+맨날/MAG+해/VV+EC"
          },
          {
            "id": 26,
            "text": "2 : 진짜 하루 종일 들고 있음...",
            "norm_text": "진짜 하루 종일 들고 있음...",
            "speaker": {
              "id": "2번",
              "sex": "여성",
              "age": "20대"
            },
            "speechAct": "(단언) 진술하기",
            "morpheme": "진짜/MAG+하루/NNG+종일/NNG+들/VV+고/EC+있/VX+음/ETN+./SY"
          },
          {
            "id": 27,
            "text": "2 : 난 고스톱 안 해봤어",
            "norm_text": "난 고스톱 안 해봤어",
            "speaker": {
              "id": "2번",
              "sex": "여성",
              "age": "20대"
            },
            "speechAct": "(단언) 진술하기",
            "morpheme": "난/NP+JX+고스톱/NNG+안/MAG+해/VV+EC+봤/VX+EP+어/EC"
          },
          {
            "id": 28,
            "text": "3 : 키키 나도 고스톱 치는 거 좋아해",
            "norm_text": "키키 나도 고스톱 치는 거 좋아해",
            "speaker": {
              "id": "3번",
              "sex": "여성",
              "age": "20대"
            },
            "speechAct": "(단언) 주장하기",
            "morpheme": "키/NNG+키나/XSA+ETN+JX+도/JX+고스톱/NNG+치/VV+는/ETM+거/NNB+좋/VA+아/EC+해/VV+EC"
          },
          {
            "id": 29,
            "text": "3 : 엄청 옛날에는 고스톱으로 이기면 땅을 먹을 수 있었는데",
            "norm_text": "엄청 옛날에는 고스톱으로 이기면 땅을 먹을 수 있었는데",
            "speaker": {
              "id": "3번",
              "sex": "여성",
              "age": "20대"
            },
            "speechAct": "(단언) 진술하기",
            "morpheme": "엄청/MAG+옛날/NNG+에/JKB+는/JX+고스톱/NNG+으로/JKB+이기/VV+면/EC+땅/NNG+을/JKO+먹/VV+을/ETM+수/NNB+있/VV+었/EP+는데/EC"
          },
          {
            "id": 30,
            "text": "3 : 요새는 그런 느낌은 없는 것 같더라",
            "norm_text": "요새는 그런 느낌은 없는 것 같더라",
            "speaker": {
              "id": "3번",
              "sex": "여성",
              "age": "20대"
            },
            "speechAct": "(단언) 주장하기",
            "morpheme": "요새/NNG+는/JX+그런/MM+느낌/NNG+은/JX+없/VA+는/ETM+것/NNB+같/VA+더라/EC"
          },
          {
            "id": 31,
            "text": "1 : 고스톱 이기면 무슨 땅을 먹어?",
            "norm_text": "고스톱 이기면 무슨 땅을 먹어?",
            "speaker": {
              "id": "1번",
              "sex": "여성",
              "age": "20대"
            },
            "speechAct": "(지시) 질문하기",
            "morpheme": "고스톱/NNG+이기/VV+면/EC+무슨/MM+땅/NNG+을/JKO+먹/VV+어/EF"
          },
          {
            "id": 32,
            "text": "2 : 처음 들어 키키",
            "norm_text": "처음 들어 키키",
            "speaker": {
              "id": "2번",
              "sex": "여성",
              "age": "20대"
            },
            "speechAct": "(단언) 주장하기",
            "morpheme": "처음/MAG+들/VV+어/EC+키/NNG+키/XSV+ETN"
          },
          {
            "id": 33,
            "text": "2 : 그냥 고스톱 치면 돈 얻는 거 아니야?",
            "norm_text": "그냥 고스톱 치면 돈 얻는 거 아니야?",
            "speaker": {
              "id": "2번",
              "sex": "여성",
              "age": "20대"
            },
            "speechAct": "(지시) 질문하기",
            "morpheme": "그냥/MAG+고스톱/NNG+치/VV+면/EC+돈/NNG+얻/VV+는/ETM+거/NNB+아니/VCN+야/EF"
          },
          {
            "id": 34,
            "text": "3 : 지역 이름은 기억 안 나는데 지역마다 보스가 있었거든?",
            "norm_text": "지역 이름은 기억 안 나는데 지역마다 보스가 있었거든?",
            "speaker": {
              "id": "3번",
              "sex": "여성",
              "age": "20대"
            },
            "speechAct": "(단언) 진술하기",
            "morpheme": "지역/NNG+이름/NNG+은/JX+기억/NNG+안/MAG+나/VV+는데/EC+지역/NNG+마다/JX+보스/NNG+가/JKS+있/VA+었/EP+거든/EF"
          },
          {
            "id": 35,
            "text": "3 : 예를 들어 신라 지역에 나나가 200만 원으로 짱이면 그 돈 다 따면 내가 그 땅 먹는 거야 키키",
            "norm_text": "예를 들어 신라 지역에 나나가 200만 원으로 짱이면 그 돈 다 따면 내가 그 땅 먹는 거야 키키",
            "speaker": {
              "id": "3번",
              "sex": "여성",
              "age": "20대"
            },
            "speechAct": "(단언) 진술하기",
            "morpheme": "예/NNG+를/JKO+들/VV+어/EC+신라/NNP+지역/NNG+에/JKB+나/JX+나가/VV+EC+200/SN+만/NR+원/NNBC+으로/JKB+짱/NNG+이/VCP+면/EC+그/MM+돈/NNG+다/MAG+따/VV+면/EC+내/NP+가/JKS+그/MM+땅/NNG+먹/VV+는/ETM+거/NNB+야/VCP+EF+키/NNG+키/XSV+ETN"
          },
          {
            "id": 36,
            "text": "1 : 키키 신기하고 이상한 거 했네 처음 들어",
            "norm_text": "키키 신기하고 이상한 거 했네 처음 들어",
            "speaker": {
              "id": "1번",
              "sex": "여성",
              "age": "20대"
            },
            "speechAct": "(단언) 주장하기",
            "morpheme": "키/NNG+키/XSV+ETN+신기/XR+하/XSA+고/EC+이상/NNG+한/XSA+ETM+거/NNB+했/VV+EP+네/EF+처음/MAG+들/VV+어/EC"
          },
          {
            "id": 37,
            "text": "2 : 아니 승부욕 장난 아니겠는데?",
            "norm_text": "아니 승부욕 장난 아니겠는데?",
            "speaker": {
              "id": "2번",
              "sex": "여성",
              "age": "20대"
            },
            "speechAct": "(단언) 주장하기",
            "morpheme": "아니/IC+승부/NNG+욕장/NNG+난/NP+JX+아니/VCN+겠/EP+는데/EF"
          },
          {
            "id": 38,
            "text": "2 : 키키 너네 클래시오브클랜 알아?",
            "norm_text": "키키 너네 클래시오브클랜 알아?",
            "speaker": {
              "id": "2번",
              "sex": "여성",
              "age": "20대"
            },
            "speechAct": "(지시) 질문하기",
            "morpheme": "키/NNG+키/XSV+ETN+너/NP+네/XSN+클래시/NNP+오브/NNP+클랜/NNG+알/VV+아/EF"
          },
          {
            "id": 39,
            "text": "3 : 땅 정복하니까 재밌어 키키",
            "norm_text": "땅 정복하니까 재밌어 키키",
            "speaker": {
              "id": "3번",
              "sex": "여성",
              "age": "20대"
            },
            "speechAct": "(단언) 주장하기",
            "morpheme": "땅/NNG+정복/NNG+하/XSV+니까/EC+재밌/VA+어/EC+키/NNG+키/XSV+ETN"
          },
          {
            "id": 40,
            "text": "3 : 클래시오브 그거는 이름은 많이 들어봤오!",
            "norm_text": "클래시오브 그거는 이름은 많이 들어봤오!",
            "speaker": {
              "id": "3번",
              "sex": "여성",
              "age": "20대"
            },
            "speechAct": "(단언) 주장하기",
            "morpheme": "클래시/NNP+오브/NNP+그거/NP+는/JX+이름/NNG+은/JX+많이/MAG+들/VV+어/EC+봤/VX+EP+오/EF"
          },
          {
            "id": 41,
            "text": "3 : 뭐야?",
            "norm_text": "뭐야?",
            "speaker": {
              "id": "3번",
              "sex": "여성",
              "age": "20대"
            },
            "speechAct": "(지시) 질문하기",
            "morpheme": "뭐/NP+야/VCP+EF"
          },
          {
            "id": 42,
            "text": "1 : 맞아 나도 그거 이름은 많이 들었는데 게임은 안 해봤어!",
            "norm_text": "맞아 나도 그거 이름은 많이 들었는데 게임은 안 해봤어!",
            "speaker": {
              "id": "1번",
              "sex": "여성",
              "age": "20대"
            },
            "speechAct": "(단언) 진술하기",
            "morpheme": "맞/VV+아/EC+나/NP+도/JX+그거/NP+이름/NNG+은/JX+많이/MAG+들/VV+었/EP+는데/EC+게임/NNG+은/JX+안/MAG+해/VV+EC+봤/VX+EP+어/EF"
          },
          {
            "id": 43,
            "text": "2 : 그것도 땅 정복하는 게임이었어 키키",
            "norm_text": "그것도 땅 정복하는 게임이었어 키키",
            "speaker": {
              "id": "2번",
              "sex": "여성",
              "age": "20대"
            },
            "speechAct": "(단언) 진술하기",
            "morpheme": "그것/NP+도/JX+땅/NNG+정복/NNG+하/XSV+는/ETM+게임/NNG+이/VCP+었/EP+어/EC+키/NNG+키/XSV+ETN"
          },
          {
            "id": 44,
            "text": "2 : 니가 그런 거 말하니까 생각나",
            "norm_text": "니가 그런 거 말하니까 생각나",
            "speaker": {
              "id": "2번",
              "sex": "여성",
              "age": "20대"
            },
            "speechAct": "(단언) 주장하기",
            "morpheme": "니/NP+가/JKS+그런/MM+거말/NNG+하/XSV+니까/EC+생각나/VV+EC"
          },
          {
            "id": 45,
            "text": "2 : 클랜 들어가서 엄청 했었는데",
            "norm_text": "클랜 들어가서 엄청 했었는데",
            "speaker": {
              "id": "2번",
              "sex": "여성",
              "age": "20대"
            },
            "speechAct": "(단언) 진술하기",
            "morpheme": "클랜/NNG+들어가/VV+서/EC+엄청/MAG+했었/VV+EP+는데/EC"
          },
          {
            "id": 46,
            "text": "3 : 키키 그거 재밌었어?",
            "norm_text": "키키 그거 재밌었어?",
            "speaker": {
              "id": "3번",
              "sex": "여성",
              "age": "20대"
            },
            "speechAct": "(지시) 질문하기",
            "morpheme": "키/NNG+키/XSV+ETN+그거/NP+재밌/VA+었/EP+어/EF"
          },
          {
            "id": 47,
            "text": "3 : 나는 그나마 오래했던 건 모두의 마블!",
            "norm_text": "나는 그나마 오래했던 건 모두의 마블!",
            "speaker": {
              "id": "3번",
              "sex": "여성",
              "age": "20대"
            },
            "speechAct": "(단언) 진술하기",
            "morpheme": "나/NP+는/JX+그나마/MAG+오래/MAG+했/VV+EP+던/ETM+건/NNB+JX+모두/NNG+의/JKG+마블/NNG"
          },
          {
            "id": 48,
            "text": "3 : 진짜 끊을 수 없었어",
            "norm_text": "진짜 끊을 수 없었어",
            "speaker": {
              "id": "3번",
              "sex": "여성",
              "age": "20대"
            },
            "speechAct": "(단언) 진술하기",
            "morpheme": "진짜/MAG+끊/VV+을/ETM+수/NNB+없/VA+었/EP+어/EC"
          }
        ]
      }
    }
  ]
}