{
  "dataset": {
    "identifier": 20874,
    "name": "BAND_26_13_set",
    "src_path": "/data/file/cubeManager/PROJECT001/49/txt202109161406440442108/BAND_26_13_set/",
    "label_path": "/data/file/cubeManager/PROJECT001/49/txt202109161406440442108/BAND_26_13_set/",
    "category": 2,
    "type": 0
  },
  "licenses": {
    "name": "Apache License 1.0",
    "url": "http://www.apache.org/licenses/LICENSE-1.0"
  },
  "info": [
    {
      "id": 27923,
      "filename": "BAND_26_13.txt",
      "title": "BAND_26_13",
      "mediatype": "SNS",
      "medianame": "네이버밴드",
      "category": "일상대화",
      "date": "2021-09-16",
      "size": 434,
      "annotations": {
        "subject": "계절/날씨",
        "speaker_type": "1:1",
        "size": 434,
        "word_size": 147,
        "text": "1 : 요즘에 에어컨 틀고 있어?\n2 : 아니 요즘에는 틀지 않아\n2 : 요즘 비가 와서 습하기만 하고\n1 : 습하니까 오히려 에어컨 틀게 되지 않아?\n2 : 아 근데 그러게 안 틀었네?\n1 : 집에 곰팡이는 안 슬었어?\n2 : 어 바람이 잘 통해서 그런가 곰팡이 없는 거 같아\n1 : 너네 집 통풍이 잘 되나 보다!\n2 : 어 통풍이 잘 돼 창문이 많아서 좋아\n1 : 그렇구나 비 많이 왔는데 집 안에 비는 안 샜어?\n2 : 어 그렇게 새지는 않던데? 너는 샜어?\n1 : 아니 나도 공사하니까 아예 창문 폐쇄시켰지\n2 : 아 맞다 그렇겠다 ㅜㅜ 창문을 열어야 하는데 답답했겠다\n1 : 괜찮아 화장실 환풍구 24시간 내내 틀고 있어서 키키\n2 : 그거 너무 작잖아 ㅜㅜ\n2 : 그래도  창문이 있어야 해 ㅜㅜ\n1 : 그건 맞아 이제 비는 안 오니까 다행이야!\n2 : 어 맞아 이제 비 소식은 없었으면 좋겠어",
        "lines": [
          {
            "id": 1,
            "text": "1 : 요즘에 에어컨 틀고 있어?",
            "norm_text": "요즘에 에어컨 틀고 있어?",
            "speaker": {
              "id": "1번",
              "sex": "여성",
              "age": "20대"
            },
            "speechAct": "(지시) 질문하기",
            "morpheme": "요즘/NNG+에/JKB+에어컨/NNG+틀/VV+고/EC+있/VX+어/EF"
          },
          {
            "id": 2,
            "text": "2 : 아니 요즘에는 틀지 않아",
            "norm_text": "아니 요즘에는 틀지 않아",
            "speaker": {
              "id": "2번",
              "sex": "여성",
              "age": "20대"
            },
            "speechAct": "(단언) 진술하기",
            "morpheme": "아니/IC+요즘/NNG+에/JKB+는/JX+틀/VV+지/EC+않/VX+아/EC"
          },
          {
            "id": 3,
            "text": "2 : 요즘 비가 와서 습하기만 하고",
            "norm_text": "요즘 비가 와서 습하기만 하고",
            "speaker": {
              "id": "2번",
              "sex": "여성",
              "age": "20대"
            },
            "speechAct": "(단언) 진술하기",
            "morpheme": "요즘/NNG+비가/NNG+와/JC+서습/NNG+하/XSV+기/ETN+만/JX+하/VV+고/EC"
          },
          {
            "id": 4,
            "text": "1 : 습하니까 오히려 에어컨 틀게 되지 않아?",
            "norm_text": "습하니까 오히려 에어컨 틀게 되지 않아?",
            "speaker": {
              "id": "1번",
              "sex": "여성",
              "age": "20대"
            },
            "speechAct": "(지시) 질문하기",
            "morpheme": "습하/VA+니까/EC+오히려/MAJ+에어컨/NNG+틀/VV+게/EC+되/VV+지/EC+않/VX+아/EF"
          },
          {
            "id": 5,
            "text": "2 : 아 근데 그러게 안 틀었네?",
            "norm_text": "아 근데 그러게 안 틀었네?",
            "speaker": {
              "id": "2번",
              "sex": "여성",
              "age": "20대"
            },
            "speechAct": "(단언) 주장하기",
            "morpheme": "아/IC+근데/MAJ+그러/VV+게/EC+안/MAG+틀/VV+었/EP+네/EF"
          },
          {
            "id": 6,
            "text": "1 : 집에 곰팡이는 안 슬었어?",
            "norm_text": "집에 곰팡이는 안 슬었어?",
            "speaker": {
              "id": "1번",
              "sex": "여성",
              "age": "20대"
            },
            "speechAct": "(지시) 질문하기",
            "morpheme": "집/NNG+에/JKB+곰팡이/NNG+는/JX+안/MAG+슬/VV+었/EP+어/EF"
          },
          {
            "id": 7,
            "text": "2 : 어 바람이 잘 통해서 그런가 곰팡이 없는 거 같아",
            "norm_text": "어 바람이 잘 통해서 그런가 곰팡이 없는 거 같아",
            "speaker": {
              "id": "2번",
              "sex": "여성",
              "age": "20대"
            },
            "speechAct": "(단언) 주장하기",
            "morpheme": "어/IC+바람/NNG+이/JKS+잘/MAG+통해서/VV+EC+그런가/VA+EC+곰팡/NNG+이/JKS+없/VA+는/ETM+거/NNB+같/VA+아/EC"
          },
          {
            "id": 8,
            "text": "1 : 너네 집 통풍이 잘 되나 보다!",
            "norm_text": "너네 집 통풍이 잘 되나 보다!",
            "speaker": {
              "id": "1번",
              "sex": "여성",
              "age": "20대"
            },
            "speechAct": "(단언) 주장하기",
            "morpheme": "너/NP+네/XSN+집/NNG+통풍/NNG+이/JKS+잘/MAG+되/VV+나/EC+보/VX+다/EF"
          },
          {
            "id": 9,
            "text": "2 : 어 통풍이 잘 돼 창문이 많아서 좋아",
            "norm_text": "어 통풍이 잘 돼 창문이 많아서 좋아",
            "speaker": {
              "id": "2번",
              "sex": "여성",
              "age": "20대"
            },
            "speechAct": "(단언) 주장하기",
            "morpheme": "어/IC+통풍/NNG+이/JKS+잘/MAG+돼/VV+EC+창문/NNG+이/JKS+많/VA+아서/EC+좋/VA+아/EC"
          },
          {
            "id": 10,
            "text": "1 : 그렇구나 비 많이 왔는데 집 안에 비는 안 샜어?",
            "norm_text": "그렇구나 비 많이 왔는데 집 안에 비는 안 샜어?",
            "speaker": {
              "id": "1번",
              "sex": "여성",
              "age": "20대"
            },
            "speechAct": "(지시) 질문하기",
            "morpheme": "그렇/VA+구/EC+나비/NNG+많이/MAG+왔/VV+EP+는데/EC+집안/NNG+에/JKB+비/NNG+는/JX+안/MAG+샜/VV+EP+어/EF"
          },
          {
            "id": 11,
            "text": "2 : 어 그렇게 새지는 않던데? 너는 샜어?",
            "norm_text": "어 그렇게 새지는 않던데? 너는 샜어?",
            "speaker": {
              "id": "2번",
              "sex": "여성",
              "age": "20대"
            },
            "speechAct": "(지시) 질문하기",
            "morpheme": "어/IC+그렇게/MAG+새지/NNG+는/JX+않/VX+던데/EF+너/NP+는/JX+샜/VV+EP+어/EF"
          },
          {
            "id": 12,
            "text": "1 : 아니 나도 공사하니까 아예 창문 폐쇄시켰지",
            "norm_text": "아니 나도 공사하니까 아예 창문 폐쇄시켰지",
            "speaker": {
              "id": "1번",
              "sex": "여성",
              "age": "20대"
            },
            "speechAct": "(단언) 진술하기",
            "morpheme": "아니/IC+나/NP+도/JX+공사/NNG+하/XSV+니까/EC+아예/MAG+창문/NNG+폐쇄/NNG+시켰/XSV+EP+지/EC"
          },
          {
            "id": 13,
            "text": "2 : 아 맞다 그렇겠다 ㅜㅜ 창문을 열어야 하는데 답답했겠다",
            "norm_text": "아 맞다 그렇겠다 ㅜㅜ 창문을 열어야 하는데 답답했겠다",
            "speaker": {
              "id": "2번",
              "sex": "여성",
              "age": "20대"
            },
            "speechAct": "(단언) 주장하기",
            "morpheme": "아/IC+맞/VV+다/EC+그렇/VA+겠/EP+다/EF+ㅜㅜ/UNKNOWN+창문/NNG+을/JKO+열/VV+어야/EC+하/VV+는데/EC+답답/XR+했/XSA+EP+겠/EP+다/EC"
          },
          {
            "id": 14,
            "text": "1 : 괜찮아 화장실 환풍구 24시간 내내 틀고 있어서 키키",
            "norm_text": "괜찮아 화장실 환풍구 24시간 내내 틀고 있어서 키키",
            "speaker": {
              "id": "1번",
              "sex": "여성",
              "age": "20대"
            },
            "speechAct": "(단언) 진술하기",
            "morpheme": "괜찮/VA+아/EC+화장실/NNG+환/NNG+풍구/NNG+24/SN+시간/NNBC+내내/MAG+틀/VV+고/EC+있/VX+어서/EC+키/NNG+키/XSV+ETN"
          },
          {
            "id": 15,
            "text": "2 : 그거 너무 작잖아 ㅜㅜ",
            "norm_text": "그거 너무 작잖아 ㅜㅜ",
            "speaker": {
              "id": "2번",
              "sex": "여성",
              "age": "20대"
            },
            "speechAct": "(단언) 주장하기",
            "morpheme": "그거/NP+너무/MAG+작/VA+잖아/EF+ㅜㅜ/UNKNOWN"
          },
          {
            "id": 16,
            "text": "2 : 그래도  창문이 있어야 해 ㅜㅜ",
            "norm_text": "그래도  창문이 있어야 해 ㅜㅜ",
            "speaker": {
              "id": "2번",
              "sex": "여성",
              "age": "20대"
            },
            "speechAct": "(단언) 주장하기",
            "morpheme": "그래도/MAJ+창문/NNG+이/JKS+있/VV+어야/EC+해/VV+EC+ㅜㅜ/UNKNOWN"
          },
          {
            "id": 17,
            "text": "1 : 그건 맞아 이제 비는 안 오니까 다행이야!",
            "norm_text": "그건 맞아 이제 비는 안 오니까 다행이야!",
            "speaker": {
              "id": "1번",
              "sex": "여성",
              "age": "20대"
            },
            "speechAct": "(단언) 주장하기",
            "morpheme": "그건/NP+JX+맞/VV+아/EC+이/MM+제비/NNG+는/JX+안/MAG+오/VV+니까/EC+다행/NNG+이/VCP+야/EF"
          },
          {
            "id": 18,
            "text": "2 : 어 맞아 이제 비 소식은 없었으면 좋겠어",
            "norm_text": "어 맞아 이제 비 소식은 없었으면 좋겠어",
            "speaker": {
              "id": "2번",
              "sex": "여성",
              "age": "20대"
            },
            "speechAct": "(단언) 주장하기",
            "morpheme": "어/IC+맞아/IC+이제/MAG+비/XPN+소식/NNG+은/JX+없/VA+었/EP+으면/EC+좋/VA+겠/EP+어/EC"
          }
        ]
      }
    }
  ]
}