{
  "dataset": {
    "identifier": 21720,
    "name": "BAND_21_18_set",
    "src_path": "/data/file/cubeManager/PROJECT001/49/txt20210915110606074369/BAND_21_18_set/",
    "label_path": "/data/file/cubeManager/PROJECT001/49/txt20210915110606074369/BAND_21_18_set/",
    "category": 2,
    "type": 0
  },
  "licenses": {
    "name": "Apache License 1.0",
    "url": "http://www.apache.org/licenses/LICENSE-1.0"
  },
  "info": [
    {
      "id": 25557,
      "filename": "BAND_21_18.txt",
      "title": "BAND_21_18",
      "mediatype": "SNS",
      "medianame": "네이버밴드",
      "category": "일상대화",
      "date": "2021-09-15",
      "size": 442,
      "annotations": {
        "subject": "상거래 전반",
        "speaker_type": "1:1",
        "size": 442,
        "word_size": 142,
        "text": "1 : 너 이번에 에어팟 프로 장만했다며?\n2 : 응 맞아 쿠팡에서 샀지~\n1 : 그렇구나 얼마 주고 샀어?\n2 : 원래 정가가 28만원 정도 하잖아\n2 : 22만원 주고 샀어\n1 : 그래도 인터넷으로 사면 불량 제품이 올 수도 있잖아\n1 : 괜찮았어?\n2 : 쿠팡은 무료 반품도 되고 포장 상태도 나쁘지 않았어 키키\n1 : 내 친구는 다른 사이트에서 샀는데 새 제품이라고 하고 중고 제품 줘서 엄청 싸웠어!\n2 : 아 진짜? 하긴 매장이 아니고서야 잘 모르긴 하겠다\n1 : 그러니까 그래도 너는 잘 사서 다행이다!\n2 : 거기 애플 제품 많이 팔더라고\n1 : 아 혹시 거기 아이패드도 팔아?\n2 : 응 저번 달에 거기서 아이패드 샀는데 괜찮았어\n1 : 너 혹시 애플사 브이아이피니?\n2 : 그러게 애플 주식도 하나 살까 이참에?\n1 : 야 무조건 사 후회하지 않을 거야!\n2 : 그렇지 헤헤 나는 정말 애플 빠순인가 봐",
        "lines": [
          {
            "id": 1,
            "text": "1 : 너 이번에 에어팟 프로 장만했다며?",
            "norm_text": "너 이번에 에어팟 프로 장만했다며?",
            "speaker": {
              "id": "1번",
              "sex": "여성",
              "age": "20대"
            },
            "speechAct": "(지시) 질문하기",
            "morpheme": "너/NP+이번/NNG+에/JKB+에/IC+어/IC+팟/NNG+프로/NNG+장만/NNG+했/XSV+EP+다며/EF"
          },
          {
            "id": 2,
            "text": "2 : 응 맞아 쿠팡에서 샀지~",
            "norm_text": "응 맞아 쿠팡에서 샀지~",
            "speaker": {
              "id": "2번",
              "sex": "여성",
              "age": "20대"
            },
            "speechAct": "(단언) 진술하기",
            "morpheme": "응/IC+맞/VV+아/EC+쿠팡/NNP+에서/JKB+샀/VV+EP+지/EC+~/SY"
          },
          {
            "id": 3,
            "text": "1 : 그렇구나 얼마 주고 샀어?",
            "norm_text": "그렇구나 얼마 주고 샀어?",
            "speaker": {
              "id": "1번",
              "sex": "여성",
              "age": "20대"
            },
            "speechAct": "(지시) 질문하기",
            "morpheme": "그렇/VA+구나/EF+얼마/NNG+주/VV+고/EC+샀/VV+EP+어/EF"
          },
          {
            "id": 4,
            "text": "2 : 원래 정가가 28만원 정도 하잖아",
            "norm_text": "원래 정가가 28만원 정도 하잖아",
            "speaker": {
              "id": "2번",
              "sex": "여성",
              "age": "20대"
            },
            "speechAct": "(단언) 진술하기",
            "morpheme": "원래/MAG+정가/NNG+가/JKS+28/SN+만/NR+원/NNBC+정도/NNG+하/XSV+잖아/EC"
          },
          {
            "id": 5,
            "text": "2 : 22만원 주고 샀어",
            "norm_text": "22만원 주고 샀어",
            "speaker": {
              "id": "2번",
              "sex": "여성",
              "age": "20대"
            },
            "speechAct": "(단언) 진술하기",
            "morpheme": "22/SN+만/NR+원/NNBC+주/VV+고/EC+샀/VV+EP+어/EC"
          },
          {
            "id": 6,
            "text": "1 : 그래도 인터넷으로 사면 불량 제품이 올 수도 있잖아",
            "norm_text": "그래도 인터넷으로 사면 불량 제품이 올 수도 있잖아",
            "speaker": {
              "id": "1번",
              "sex": "여성",
              "age": "20대"
            },
            "speechAct": "(단언) 주장하기",
            "morpheme": "그래도/MAJ+인터넷/NNG+으로/JKB+사/VV+면/EC+불량/NNG+제품/NNG+이/JKS+올/VV+ETM+수/NNB+도/JX+있/VA+잖아/EC"
          },
          {
            "id": 7,
            "text": "1 : 괜찮았어?",
            "norm_text": "괜찮았어?",
            "speaker": {
              "id": "1번",
              "sex": "여성",
              "age": "20대"
            },
            "speechAct": "(지시) 질문하기",
            "morpheme": "괜찮/VA+았/EP+어/EF"
          },
          {
            "id": 8,
            "text": "2 : 쿠팡은 무료 반품도 되고 포장 상태도 나쁘지 않았어 키키",
            "norm_text": "쿠팡은 무료 반품도 되고 포장 상태도 나쁘지 않았어 키키",
            "speaker": {
              "id": "2번",
              "sex": "여성",
              "age": "20대"
            },
            "speechAct": "(단언) 진술하기",
            "morpheme": "쿠팡/NNP+은/JX+무료/NNG+반품/NNG+도/JX+되/VV+고/EC+포장/NNG+상태/NNG+도/JX+나쁘/VA+지/EC+않/VX+았/EP+어/EC+키/NNG+키/XSV+ETN"
          },
          {
            "id": 9,
            "text": "1 : 내 친구는 다른 사이트에서 샀는데 새 제품이라고 하고 중고 제품 줘서 엄청 싸웠어!",
            "norm_text": "내 친구는 다른 사이트에서 샀는데 새 제품이라고 하고 중고 제품 줘서 엄청 싸웠어!",
            "speaker": {
              "id": "1번",
              "sex": "여성",
              "age": "20대"
            },
            "speechAct": "(단언) 진술하기",
            "morpheme": "내/NP+JKG+친구/NNG+는/JX+다른/MM+사이트/NNG+에서/JKB+샀/VV+EP+는데/EC+새/MM+제품/NNG+이/VCP+라고/EC+하/VV+고/EC+중고/NNG+제품/NNG+줘서/VV+EC+엄청/MAG+싸웠/VV+EP+어/EF"
          },
          {
            "id": 10,
            "text": "2 : 아 진짜? 하긴 매장이 아니고서야 잘 모르긴 하겠다",
            "norm_text": "아 진짜? 하긴 매장이 아니고서야 잘 모르긴 하겠다",
            "speaker": {
              "id": "2번",
              "sex": "여성",
              "age": "20대"
            },
            "speechAct": "(단언) 주장하기",
            "morpheme": "아/IC+진짜/MAG+하긴/MAJ+매장/NNG+이/JKC+아니/VCN+고서/EC+야/JX+잘/MAG+모르/VV+긴/ETN+JX+하/VX+겠/EP+다/EC"
          },
          {
            "id": 11,
            "text": "1 : 그러니까 그래도 너는 잘 사서 다행이다!",
            "norm_text": "그러니까 그래도 너는 잘 사서 다행이다!",
            "speaker": {
              "id": "1번",
              "sex": "여성",
              "age": "20대"
            },
            "speechAct": "(단언) 주장하기",
            "morpheme": "그러니까/MAJ+그래도/MAJ+너/NP+는/JX+잘/MAG+사/VV+서/EC+다행/NNG+이/VCP+다/EF"
          },
          {
            "id": 12,
            "text": "2 : 거기 애플 제품 많이 팔더라고",
            "norm_text": "거기 애플 제품 많이 팔더라고",
            "speaker": {
              "id": "2번",
              "sex": "여성",
              "age": "20대"
            },
            "speechAct": "(단언) 진술하기",
            "morpheme": "거기/NP+애플/NNP+제품/NNG+많이/MAG+팔/VV+더라고/EC"
          },
          {
            "id": 13,
            "text": "1 : 아 혹시 거기 아이패드도 팔아?",
            "norm_text": "아 혹시 거기 아이패드도 팔아?",
            "speaker": {
              "id": "1번",
              "sex": "여성",
              "age": "20대"
            },
            "speechAct": "(지시) 질문하기",
            "morpheme": "아/IC+혹시/MAG+거기/NP+아이패드/NNP+도/JX+팔/VV+아/EF"
          },
          {
            "id": 14,
            "text": "2 : 응 저번 달에 거기서 아이패드 샀는데 괜찮았어",
            "norm_text": "응 저번 달에 거기서 아이패드 샀는데 괜찮았어",
            "speaker": {
              "id": "2번",
              "sex": "여성",
              "age": "20대"
            },
            "speechAct": "(단언) 주장하기",
            "morpheme": "응/IC+저/MM+번달/NNG+에/JKB+거기/NP+서/JKB+아이패드/NNP+샀/VV+EP+는데/EC+괜찮/VA+았/EP+어/EC"
          },
          {
            "id": 15,
            "text": "1 : 너 혹시 애플사 브이아이피니?",
            "norm_text": "너 혹시 애플사 브이아이피니?",
            "speaker": {
              "id": "1번",
              "sex": "여성",
              "age": "20대"
            },
            "speechAct": "(지시) 질문하기",
            "morpheme": "너/NP+혹시/MAG+애플/NNP+사브/NNP+이아이/NNP+피니/NNP"
          },
          {
            "id": 16,
            "text": "2 : 그러게 애플 주식도 하나 살까 이참에?",
            "norm_text": "그러게 애플 주식도 하나 살까 이참에?",
            "speaker": {
              "id": "2번",
              "sex": "여성",
              "age": "20대"
            },
            "speechAct": "(지시) 질문하기",
            "morpheme": "그러게/IC+애플/NNP+주식/NNG+도/JX+하나/NR+살까/VV+EC+이/MM+참/NNB+에/JKB"
          },
          {
            "id": 17,
            "text": "1 : 야 무조건 사 후회하지 않을 거야!",
            "norm_text": "야 무조건 사 후회하지 않을 거야!",
            "speaker": {
              "id": "1번",
              "sex": "여성",
              "age": "20대"
            },
            "speechAct": "(지시) 충고/제안하기",
            "morpheme": "야/IC+무조건/MAG+사/VV+EC+후회/NNG+하/XSV+지/EC+않/VX+을/ETM+거/NNB+야/VCP+EF"
          },
          {
            "id": 18,
            "text": "2 : 그렇지 헤헤 나는 정말 애플 빠순인가 봐",
            "norm_text": "그렇지 헤헤 나는 정말 애플 빠순인가 봐",
            "speaker": {
              "id": "2번",
              "sex": "여성",
              "age": "20대"
            },
            "speechAct": "(단언) 주장하기",
            "morpheme": "그렇/VA+지/EF+헤헤/IC+나/NP+는/JX+정말/MAG+애플/NNP+빠/NNP+순/NNG+인가/VCP+EC+봐/VX+EC"
          }
        ]
      }
    }
  ]
}