{
  "dataset": {
    "identifier": 51340,
    "name": "BAND_34_11_set",
    "src_path": "/data/file/cubeManager/PROJECT001/53/txt20210928113647099252/BAND_34_11_set/",
    "label_path": "/data/file/cubeManager/PROJECT001/53/txt20210928113647099252/BAND_34_11_set/",
    "category": 2,
    "type": 0
  },
  "licenses": {
    "name": "Apache License 1.0",
    "url": "http://www.apache.org/licenses/LICENSE-1.0"
  },
  "info": [
    {
      "id": 35470,
      "filename": "BAND_34_11.txt",
      "title": "BAND_34_11",
      "mediatype": "SNS",
      "medianame": "네이버밴드",
      "category": "일상대화",
      "date": "2021-09-28",
      "size": 396,
      "annotations": {
        "subject": "게임",
        "speaker_type": "1:1",
        "size": 396,
        "word_size": 128,
        "text": "1 : 오빠 말뚝박기의 제왕이잖아 기억나?\n2 : 아 맞다 키키 말뚝박기 오랜만이네\n1 : 그러니까 오랜만에 그거 하고 싶다!\n2 : 말뚝박기? 이제 여럿이 모일 수도 없네\n1 : 맞아 어렸을 때는 엄청 재미있게 했었는데!\n2 : 맞아 나이드니깐 말뚝박기 하자고 부를 수도 없어 키키\n1 : 그리고 이제 오빠 나이도 있어서 허리 작살일 걸? 키키\n2 : 응 이미 한번 터져버렸어 키키\n1 : 헐 벌써? 어쩌다가 그랬어 ㅜ\n2 : 키키 일을 너무 열심히 했나 봐\n1 : 오빠 그때 상하차 알바 열심히 하더니 그게 계기야?\n2 : 키키 맞아 그때 상하차로 몸 많이 버렸지\n1 : 그래 돈을 많이 주는 이유가 있다니까!\n2 : 그래도 그땐 돈을 쓸어 담았는데\n1 : 이제 병원비로 다 뿌렸지 뭐!\n2 : 키키 돈을 얻고 몸을 내어줬었지 키키",
        "lines": [
          {
            "id": 1,
            "text": "1 : 오빠 말뚝박기의 제왕이잖아 기억나?",
            "norm_text": "오빠 말뚝박기의 제왕이잖아 기억나?",
            "speaker": {
              "id": "1번",
              "sex": "여성",
              "age": "20대"
            },
            "speechAct": "(지시) 질문하기",
            "morpheme": "오빠/NNG+말뚝박기/NNG+의/JKG+제왕/NNG+이/VCP+잖아/EC+기억나/VV+EF"
          },
          {
            "id": 2,
            "text": "2 : 아 맞다 키키 말뚝박기 오랜만이네",
            "norm_text": "아 맞다 키키 말뚝박기 오랜만이네",
            "speaker": {
              "id": "2번",
              "sex": "남성",
              "age": "30대"
            },
            "speechAct": "(단언) 진술하기",
            "morpheme": "아/IC+맞/VV+다/EC+키/NNG+키/NNG+말뚝박기/NNG+오랜만/NNG+이/VCP+네/EC"
          },
          {
            "id": 3,
            "text": "1 : 그러니까 오랜만에 그거 하고 싶다!",
            "norm_text": "그러니까 오랜만에 그거 하고 싶다!",
            "speaker": {
              "id": "1번",
              "sex": "여성",
              "age": "20대"
            },
            "speechAct": "(단언) 주장하기",
            "morpheme": "그러니까/MAJ+오랜만/NNG+에/JKB+그거/NP+하/VV+고/EC+싶/VX+다/EF"
          },
          {
            "id": 4,
            "text": "2 : 말뚝박기? 이제 여럿이 모일 수도 없네",
            "norm_text": "말뚝박기? 이제 여럿이 모일 수도 없네",
            "speaker": {
              "id": "2번",
              "sex": "남성",
              "age": "30대"
            },
            "speechAct": "(단언) 진술하기",
            "morpheme": "말뚝박기/NNG+이제/MAG+여럿/NNG+이/JKS+모일/VV+ETM+수/NNB+도/JX+없/VA+네/EC"
          },
          {
            "id": 5,
            "text": "1 : 맞아 어렸을 때는 엄청 재미있게 했었는데!",
            "norm_text": "맞아 어렸을 때는 엄청 재미있게 했었는데!",
            "speaker": {
              "id": "1번",
              "sex": "여성",
              "age": "20대"
            },
            "speechAct": "(단언) 진술하기",
            "morpheme": "맞/VV+아/EC+어렸/VA+EP+을/ETM+때/NNG+는/JX+엄청/MAG+재미있/VA+게/EC+했었/VX+EP+는데/EF"
          },
          {
            "id": 6,
            "text": "2 : 맞아 나이드니깐 말뚝박기 하자고 부를 수도 없어 키키",
            "norm_text": "맞아 나이드니깐 말뚝박기 하자고 부를 수도 없어 키키",
            "speaker": {
              "id": "2번",
              "sex": "남성",
              "age": "30대"
            },
            "speechAct": "(단언) 진술하기",
            "morpheme": "맞/VV+아/EC+나이/NNG+드/VV+니깐/EC+말뚝박기/NNG+하/XSV+자고/EC+부를/VV+ETM+수/NNB+도/JX+없/VA+어/EC+키/NNG+키/XSV+ETN"
          },
          {
            "id": 7,
            "text": "1 : 그리고 이제 오빠 나이도 있어서 허리 작살일 걸? 키키",
            "norm_text": "그리고 이제 오빠 나이도 있어서 허리 작살일 걸? 키키",
            "speaker": {
              "id": "1번",
              "sex": "여성",
              "age": "20대"
            },
            "speechAct": "(단언) 주장하기",
            "morpheme": "그리고/MAJ+이제/MAG+오빠/NNG+나이/NNG+도/JX+있/VA+어서/EC+허리/NNG+작살/NNG+일걸/VCP+EF+키/NNG+키/XSV+ETN"
          },
          {
            "id": 8,
            "text": "2 : 응 이미 한번 터져버렸어 키키",
            "norm_text": "응 이미 한번 터져버렸어 키키",
            "speaker": {
              "id": "2번",
              "sex": "남성",
              "age": "30대"
            },
            "speechAct": "(단언) 진술하기",
            "morpheme": "응/IC+이미/MAG+한/MM+번/NNBC+터져/VV+EC+버렸/VX+EP+어/EC+키/NNG+키/XSV+ETN"
          },
          {
            "id": 9,
            "text": "1 : 헐 벌써? 어쩌다가 그랬어 ㅜ",
            "norm_text": "헐 벌써? 어쩌다가 그랬어 ㅜ",
            "speaker": {
              "id": "1번",
              "sex": "여성",
              "age": "20대"
            },
            "speechAct": "(지시) 질문하기",
            "morpheme": "헐/IC+벌써/MAG+어쩌다가/MAG+그랬/VV+EP+어ㅜ/UNKNOWN"
          },
          {
            "id": 10,
            "text": "2 : 키키 일을 너무 열심히 했나 봐",
            "norm_text": "키키 일을 너무 열심히 했나 봐",
            "speaker": {
              "id": "2번",
              "sex": "남성",
              "age": "30대"
            },
            "speechAct": "(단언) 주장하기",
            "morpheme": "키/NNG+키/NNG+일/NNG+을/JKO+너무/MAG+열심히/MAG+했/VV+EP+나/EC+봐/VX+EC"
          },
          {
            "id": 11,
            "text": "1 : 오빠 그때 상하차 알바 열심히 하더니 그게 계기야?",
            "norm_text": "오빠 그때 상하차 알바 열심히 하더니 그게 계기야?",
            "speaker": {
              "id": "1번",
              "sex": "여성",
              "age": "20대"
            },
            "speechAct": "(지시) 질문하기",
            "morpheme": "오빠/NNG+그때/NNG+상하차/NNG+알/VV+ETM+바/NNB+열심히/MAG+하/VV+더니/EC+그게/NP+JKS+계기/NNG+야/VCP+EF"
          },
          {
            "id": 12,
            "text": "2 : 키키 맞아 그때 상하차로 몸 많이 버렸지",
            "norm_text": "키키 맞아 그때 상하차로 몸 많이 버렸지",
            "speaker": {
              "id": "2번",
              "sex": "남성",
              "age": "30대"
            },
            "speechAct": "(단언) 진술하기",
            "morpheme": "키/NNG+키/XSV+ETN+맞/VV+아/EC+그때/NNG+상하차/NNG+로/JKB+몸/NNG+많이/MAG+버렸/VV+EP+지/EC"
          },
          {
            "id": 13,
            "text": "1 : 그래 돈을 많이 주는 이유가 있다니까!",
            "norm_text": "그래 돈을 많이 주는 이유가 있다니까!",
            "speaker": {
              "id": "1번",
              "sex": "여성",
              "age": "20대"
            },
            "speechAct": "(단언) 주장하기",
            "morpheme": "그래/IC+돈/NNG+을/JKO+많이/MAG+주/VV+는/ETM+이유/NNG+가/JKS+있/VA+다니까/EF"
          },
          {
            "id": 14,
            "text": "2 : 그래도 그땐 돈을 쓸어 담았는데",
            "norm_text": "그래도 그땐 돈을 쓸어 담았는데",
            "speaker": {
              "id": "2번",
              "sex": "남성",
              "age": "30대"
            },
            "speechAct": "(단언) 진술하기",
            "morpheme": "그래도/MAJ+그/MM+땐/NNG+JX+돈/NNG+을/JKO+쓸/VV+어/EC+담/VV+았/EP+는데/EC"
          },
          {
            "id": 15,
            "text": "1 : 이제 병원비로 다 뿌렸지 뭐!",
            "norm_text": "이제 병원비로 다 뿌렸지 뭐!",
            "speaker": {
              "id": "1번",
              "sex": "여성",
              "age": "20대"
            },
            "speechAct": "(단언) 진술하기",
            "morpheme": "이제병/NNP+원비/NNG+로/JKB+다/MAG+뿌렸/VV+EP+지/EF+뭐/IC"
          },
          {
            "id": 16,
            "text": "2 : 키키 돈을 얻고 몸을 내어줬었지 키키",
            "norm_text": "키키 돈을 얻고 몸을 내어줬었지 키키",
            "speaker": {
              "id": "2번",
              "sex": "남성",
              "age": "30대"
            },
            "speechAct": "(단언) 진술하기",
            "morpheme": "키/NNG+키/NNG+돈/NNG+을/JKO+얻/VV+고/EC+몸/NNG+을/JKO+내/VV+어/EC+줬었/VX+EP+지/EC+키/NNG+키/XSV+ETN"
          }
        ]
      }
    }
  ]
}