{
  "dataset": {
    "identifier": 51392,
    "name": "BAND_34_19_set",
    "src_path": "/data/file/cubeManager/PROJECT001/53/txt20210928113648006698/BAND_34_19_set/",
    "label_path": "/data/file/cubeManager/PROJECT001/53/txt20210928113648006698/BAND_34_19_set/",
    "category": 2,
    "type": 0
  },
  "licenses": {
    "name": "Apache License 1.0",
    "url": "http://www.apache.org/licenses/LICENSE-1.0"
  },
  "info": [
    {
      "id": 35478,
      "filename": "BAND_34_19.txt",
      "title": "BAND_34_19",
      "mediatype": "SNS",
      "medianame": "네이버밴드",
      "category": "일상대화",
      "date": "2021-09-28",
      "size": 466,
      "annotations": {
        "subject": "방송/연예",
        "speaker_type": "1:1",
        "size": 466,
        "word_size": 152,
        "text": "1 : 나 이번에 장도연 수상 소감 유튜브로 봤는데 왜 이렇게 웃기냐 키키\n2 : 키키 장도연이 무슨 상을 받았었는데 그래?\n1 : 아 그 어떤 아이돌 늦게 와서 시간 끌어 달라고 해서 장도연이 드립 엄청 쳤잖아\n2 : 아 진짜? 키키 그 영상은 꼭 찾아봐야겠다 키키\n1 : 그것도 봐봐 스와로브스키 광고 그것도 웃겨 키키\n2 : 오 그것도 처음 듣네 키키 볼 영상이 많네\n1 : 그거 몰라 우리 집 개스키 스와로브스키!\n2 : 키키 믿고 보는 장도연이지 진짜 제일 웃겨\n1 : 근데 장도연은 모든 사람들이 웃길만한 소재로 웃기니까 더 좋아!\n2 : 맞아 호불호 안 갈리게 끔 사람들 심리를 잘 아는 거 같아\n1 : 맞아 그리고 학력도 높던데!\n2 : 학력이 높아? 키키 어디 나왔는데?\n1 : 연대 나왔던 걸로 기억해!\n2 : 우와 그래서 그런 수준 높은 개그가 가능한가 봐\n1 : 맞아 장도연 너무 좋아 ㅜ\n2 : 그니깐 진짜 매력 있는데 누가 데려 갈려나",
        "lines": [
          {
            "id": 1,
            "text": "1 : 나 이번에 장도연 수상 소감 유튜브로 봤는데 왜 이렇게 웃기냐 키키",
            "norm_text": "나 이번에 장도연 수상 소감 유튜브로 봤는데 왜 이렇게 웃기냐 키키",
            "speaker": {
              "id": "1번",
              "sex": "여성",
              "age": "20대"
            },
            "speechAct": "(단언) 주장하기",
            "morpheme": "나/NP+이번/NNG+에/JKB+장도연/NNP+수상/NNG+소감/NNG+유튜브/NNP+로/JKB+봤/VV+EP+는데/EC+왜/MAG+이렇게/MAG+웃기/VV+냐/EC+키/NNG+키/XSV+ETN"
          },
          {
            "id": 2,
            "text": "2 : 키키 장도연이 무슨 상을 받았었는데 그래?",
            "norm_text": "키키 장도연이 무슨 상을 받았었는데 그래?",
            "speaker": {
              "id": "2번",
              "sex": "남성",
              "age": "30대"
            },
            "speechAct": "(지시) 질문하기",
            "morpheme": "키키/NNP+장도연/NNP+이/JKS+무슨/MM+상/NNG+을/JKO+받/VV+았었/EP+는데그래/EF"
          },
          {
            "id": 3,
            "text": "1 : 아 그 어떤 아이돌 늦게 와서 시간 끌어 달라고 해서 장도연이 드립 엄청 쳤잖아",
            "norm_text": "아 그 어떤 아이돌 늦게 와서 시간 끌어 달라고 해서 장도연이 드립 엄청 쳤잖아",
            "speaker": {
              "id": "1번",
              "sex": "여성",
              "age": "20대"
            },
            "speechAct": "(단언) 진술하기",
            "morpheme": "아/IC+그/IC+어떤/MM+아이돌/NNP+늦/VA+게/EC+와서/VV+EC+시간/NNG+끌/VV+어/EC+달/VX+라고/EC+해서/VV+EC+장도연/NNP+이/JKS+드립/NNG+엄청/MAG+쳤/VV+EP+잖아/EC"
          },
          {
            "id": 4,
            "text": "2 : 아 진짜? 키키 그 영상은 꼭 찾아봐야겠다 키키",
            "norm_text": "아 진짜? 키키 그 영상은 꼭 찾아봐야겠다 키키",
            "speaker": {
              "id": "2번",
              "sex": "남성",
              "age": "30대"
            },
            "speechAct": "(단언) 주장하기",
            "morpheme": "아/IC+진짜/MAG+키키/NNP+그/MM+영상/NNG+은/JX+꼭/MAG+찾/VV+아/EC+봐야/VX+EC+VV+겠/EP+다키키/NNP"
          },
          {
            "id": 5,
            "text": "1 : 그것도 봐봐 스와로브스키 광고 그것도 웃겨 키키",
            "norm_text": "그것도 봐봐 스와로브스키 광고 그것도 웃겨 키키",
            "speaker": {
              "id": "1번",
              "sex": "여성",
              "age": "20대"
            },
            "speechAct": "(지시) 충고/제안하기",
            "morpheme": "그것/NP+도/JX+봐/VV+EC+봐/VX+EF+스와/NNP+로브스키/NNP+광고/NNG+그것/NP+도/JX+웃겨/VV+EC+키/NNG+키/XSV+ETN"
          },
          {
            "id": 6,
            "text": "2 : 오 그것도 처음 듣네 키키 볼 영상이 많네",
            "norm_text": "오 그것도 처음 듣네 키키 볼 영상이 많네",
            "speaker": {
              "id": "2번",
              "sex": "남성",
              "age": "30대"
            },
            "speechAct": "(단언) 주장하기",
            "morpheme": "오/IC+그것/NP+도/JX+처음/MAG+듣/VV+네/EF+키/NNG+키/XSV+ETN+볼/VV+ETM+영상/NNG+이/JKS+많/VA+네/EC"
          },
          {
            "id": 7,
            "text": "1 : 그거 몰라 우리 집 개스키 스와로브스키!",
            "norm_text": "그거 몰라 우리 집 개스키 스와로브스키!",
            "speaker": {
              "id": "1번",
              "sex": "여성",
              "age": "20대"
            },
            "speechAct": "(단언) 진술하기",
            "morpheme": "그거/NP+몰라/VV+EF+우리/NP+집/NNG+개스/NNP+키스/NNG+와/JC+로브스키/NNP"
          },
          {
            "id": 8,
            "text": "2 : 키키 믿고 보는 장도연이지 진짜 제일 웃겨",
            "norm_text": "키키 믿고 보는 장도연이지 진짜 제일 웃겨",
            "speaker": {
              "id": "2번",
              "sex": "남성",
              "age": "30대"
            },
            "speechAct": "(단언) 주장하기",
            "morpheme": "키/NNG+키/XSV+ETN+믿/VV+고/EC+보/VX+는/ETM+장도연/NNP+이/VCP+지/EF+진짜/MAG+제일/MAG+웃겨/VV+EC"
          },
          {
            "id": 9,
            "text": "1 : 근데 장도연은 모든 사람들이 웃길만한 소재로 웃기니까 더 좋아!",
            "norm_text": "근데 장도연은 모든 사람들이 웃길만한 소재로 웃기니까 더 좋아!",
            "speaker": {
              "id": "1번",
              "sex": "여성",
              "age": "20대"
            },
            "speechAct": "(단언) 주장하기",
            "morpheme": "근데/MAJ+장도연/NNP+은/JX+모든/MM+사람/NNG+들/XSN+이/JKS+웃길/VV+ETM+만/NNB+한/XSA+ETM+소재/NNG+로/JKB+웃기/VV+니까/EC+더/MAG+좋/VA+아/EF"
          },
          {
            "id": 10,
            "text": "2 : 맞아 호불호 안 갈리게 끔 사람들 심리를 잘 아는 거 같아",
            "norm_text": "맞아 호불호 안 갈리게 끔 사람들 심리를 잘 아는 거 같아",
            "speaker": {
              "id": "2번",
              "sex": "남성",
              "age": "30대"
            },
            "speechAct": "(단언) 주장하기",
            "morpheme": "맞/VV+아/EC+호불호/NNG+안/MAG+갈리/VV+게끔/EC+사람/NNG+들/XSN+심리/NNG+를/JKO+잘/MAG+아/VV+는/ETM+거/NNB+같/VA+아/EC"
          },
          {
            "id": 11,
            "text": "1 : 맞아 그리고 학력도 높던데!",
            "norm_text": "맞아 그리고 학력도 높던데!",
            "speaker": {
              "id": "1번",
              "sex": "여성",
              "age": "20대"
            },
            "speechAct": "(단언) 진술하기",
            "morpheme": "맞아/IC+그리고/MAJ+학력/NNG+도/JX+높/VA+던데/EF"
          },
          {
            "id": 12,
            "text": "2 : 학력이 높아? 키키 어디 나왔는데?",
            "norm_text": "학력이 높아? 키키 어디 나왔는데?",
            "speaker": {
              "id": "2번",
              "sex": "남성",
              "age": "30대"
            },
            "speechAct": "(지시) 질문하기",
            "morpheme": "학력/NNG+이/JKS+높/VA+아/EF+키/NNG+키/XSV+ETN+어디/NP+나왔/VV+EP+는데/EF"
          },
          {
            "id": 13,
            "text": "1 : 연대 나왔던 걸로 기억해!",
            "norm_text": "연대 나왔던 걸로 기억해!",
            "speaker": {
              "id": "1번",
              "sex": "여성",
              "age": "20대"
            },
            "speechAct": "(단언) 주장하기",
            "morpheme": "연대/NNP+나왔/VV+EP+던/ETM+걸로/NNB+JKB+기억/NNG+해/XSV+EF"
          },
          {
            "id": 14,
            "text": "2 : 우와 그래서 그런 수준 높은 개그가 가능한가 봐",
            "norm_text": "우와 그래서 그런 수준 높은 개그가 가능한가 봐",
            "speaker": {
              "id": "2번",
              "sex": "남성",
              "age": "30대"
            },
            "speechAct": "(단언) 주장하기",
            "morpheme": "우와/IC+그래서/MAJ+그런/MM+수준/NNG+높/VA+은/ETM+개그/NNG+가/JKS+가능/NNG+한가/XSA+EC+봐/VX+EC"
          },
          {
            "id": 15,
            "text": "1 : 맞아 장도연 너무 좋아 ㅜ",
            "norm_text": "맞아 장도연 너무 좋아 ㅜ",
            "speaker": {
              "id": "1번",
              "sex": "여성",
              "age": "20대"
            },
            "speechAct": "(단언) 주장하기",
            "morpheme": "맞/VV+아/EC+장도연/NNP+너무/MAG+좋/VA+아/EC+ㅜ/UNKNOWN"
          },
          {
            "id": 16,
            "text": "2 : 그니깐 진짜 매력 있는데 누가 데려 갈려나",
            "norm_text": "그니깐 진짜 매력 있는데 누가 데려 갈려나",
            "speaker": {
              "id": "2번",
              "sex": "남성",
              "age": "30대"
            },
            "speechAct": "(지시) 질문하기",
            "morpheme": "그니깐/MAJ+진짜/MAG+매력/NNG+있/VV+는데/EC+누가/NP+JKS+데려/VV+EC+갈/VV+려나/EC"
          }
        ]
      }
    }
  ]
}