{
  "dataset": {
    "identifier": 113918,
    "name": "BAND_41_02_set",
    "src_path": "/data/file/cubeManager/PROJECT001/80/txt20211102154324009662/BAND_41_02_set/",
    "label_path": "/data/file/cubeManager/PROJECT001/80/txt20211102154324009662/BAND_41_02_set/",
    "category": 2,
    "type": 0
  },
  "licenses": {
    "name": "Apache License 1.0",
    "url": "http://www.apache.org/licenses/LICENSE-1.0"
  },
  "info": [
    {
      "id": 130286,
      "filename": "BAND_41_02.txt",
      "title": "BAND_41_02",
      "mediatype": "SNS",
      "medianame": "네이버밴드",
      "category": "일상대화",
      "date": "2021-11-02",
      "size": 511,
      "annotations": {
        "subject": "주거와 생활",
        "speaker_type": "다자간 대화",
        "size": 511,
        "word_size": 180,
        "text": "1 : 오늘의 임무 엄마 퇴근 전 청소해 놓기... ㅜㅜ\n2 : 헐 키키 청소 어머니 검사는 아무리 깨끗이 해도 욕먹지 키키\n3 : 그거 제일 어려운 임무네\n1 : 집은 왜 이렇게 큰지 키키 막막하다\n2 : 맞어\n2 : 집 크면 진짜 청소하기 힘들지 키키\n2 : 내 방만 청소하기 힘든데\n3 : 집 청소하면 힘들잖아 그치\n1 : 맞아 키키\n1 : 내 방 치우다가 진 다 빠져\n2 : 청소해서 용돈 주면 진짜 열심히 할 자신 있는데 키키\n3 : 나도 용돈 주면 청소 업체처럼 할 텐데\n1 : 키키 그럼 완전 날라다니지\n1 : 키키 시켜만 주십쇼\n2 : 앜 키키 진짜 용돈은 자식을 부지런하게 만들지 키키\n3 : 두둑한 주머니가 항상 나를 웃게 해\n1 : 키키 용돈이 나를 움직이게 해 키키\n2 : 나는 화장실 청소가 젤 하기 싫던데 다 젖고…\n3 : 그것도 돈 주면 하지\n1 : 화장실 청소 완전 일이야...\n1 : 난 안 할래\n2 : 맞어\n2 : 화장실 청소는 용돈 주셔도 살짝 고민해 봐야 해 키키\n3 : 엥 그 정도야?\n3 : 화장실 청소가 어렵긴 해두",
        "lines": [
          {
            "id": 1,
            "text": "1 : 오늘의 임무 엄마 퇴근 전 청소해 놓기... ㅜㅜ",
            "norm_text": "오늘의 임무 엄마 퇴근 전 청소해 놓기... ㅜㅜ",
            "speaker": {
              "id": "1번",
              "sex": "여성",
              "age": "20대"
            },
            "speechAct": "(단언) 진술하기",
            "morpheme": "오늘의임무엄마퇴근전청소해놓기/UNKNOWN+./SY+ㅜㅜ/UNKNOWN"
          },
          {
            "id": 2,
            "text": "2 : 헐 키키 청소 어머니 검사는 아무리 깨끗이 해도 욕먹지 키키",
            "norm_text": "헐 키키 청소 어머니 검사는 아무리 깨끗이 해도 욕먹지 키키",
            "speaker": {
              "id": "2번",
              "sex": "남성",
              "age": "20대"
            },
            "speechAct": "(단언) 주장하기",
            "morpheme": "헐/IC+키/NNG+키/NNG+청소/NNG+어머니/NNG+검사/NNG+는/JX+아무리/MAG+깨끗이/MAG+해도/VV+EC+욕먹/VV+지/EC+키/NNG+키/XSV+ETN"
          },
          {
            "id": 3,
            "text": "3 : 그거 제일 어려운 임무네",
            "norm_text": "그거 제일 어려운 임무네",
            "speaker": {
              "id": "3번",
              "sex": "남성",
              "age": "20대"
            },
            "speechAct": "(단언) 주장하기",
            "morpheme": "그거/NP+제일/MAG+어려운/VA+ETM+임무/NNG+네/XSN"
          },
          {
            "id": 4,
            "text": "1 : 집은 왜 이렇게 큰지 키키 막막하다",
            "norm_text": "집은 왜 이렇게 큰지 키키 막막하다",
            "speaker": {
              "id": "1번",
              "sex": "여성",
              "age": "20대"
            },
            "speechAct": "(단언) 주장하기",
            "morpheme": "집/NNG+은/JX+왜/MAG+이렇게/MAG+큰지/VA+EC+키/NNG+키/XSV+ETN+막막/XR+하/XSA+다/EC"
          },
          {
            "id": 5,
            "text": "2 : 맞어",
            "norm_text": "맞어",
            "speaker": {
              "id": "2번",
              "sex": "남성",
              "age": "20대"
            },
            "speechAct": "(단언) 주장하기",
            "morpheme": "맞/VV+어/EC"
          },
          {
            "id": 6,
            "text": "2 : 집 크면 진짜 청소하기 힘들지 키키",
            "norm_text": "집 크면 진짜 청소하기 힘들지 키키",
            "speaker": {
              "id": "2번",
              "sex": "남성",
              "age": "20대"
            },
            "speechAct": "(단언) 주장하기",
            "morpheme": "집/NNG+크/VA+면/EC+진짜/MAG+청소/NNG+하/XSV+기/ETN+힘들/VA+지/EC+키/NNG+키/XSV+ETN"
          },
          {
            "id": 7,
            "text": "2 : 내 방만 청소하기 힘든데",
            "norm_text": "내 방만 청소하기 힘든데",
            "speaker": {
              "id": "2번",
              "sex": "남성",
              "age": "20대"
            },
            "speechAct": "(단언) 주장하기",
            "morpheme": "내방/NNG+만/JX+청소/NNG+하/XSV+기/ETN+힘든데/VA+EC"
          },
          {
            "id": 8,
            "text": "3 : 집 청소하면 힘들잖아 그치",
            "norm_text": "집 청소하면 힘들잖아 그치",
            "speaker": {
              "id": "3번",
              "sex": "남성",
              "age": "20대"
            },
            "speechAct": "(단언) 주장하기",
            "morpheme": "집/NNG+청소/NNG+하/XSV+면/EC+힘들/VA+잖아/EF+그치/IC"
          },
          {
            "id": 9,
            "text": "1 : 맞아 키키",
            "norm_text": "맞아 키키",
            "speaker": {
              "id": "1번",
              "sex": "여성",
              "age": "20대"
            },
            "speechAct": "(단언) 주장하기",
            "morpheme": "맞/VV+아/EC+키/NNG+키/XSV+ETN"
          },
          {
            "id": 10,
            "text": "1 : 내 방 치우다가 진 다 빠져",
            "norm_text": "내 방 치우다가 진 다 빠져",
            "speaker": {
              "id": "1번",
              "sex": "여성",
              "age": "20대"
            },
            "speechAct": "(단언) 주장하기",
            "morpheme": "내방/NNP+치우/VV+다가/EC+진다/VX+EC+빠져/VV+EC"
          },
          {
            "id": 11,
            "text": "2 : 청소해서 용돈 주면 진짜 열심히 할 자신 있는데 키키",
            "norm_text": "청소해서 용돈 주면 진짜 열심히 할 자신 있는데 키키",
            "speaker": {
              "id": "2번",
              "sex": "남성",
              "age": "20대"
            },
            "speechAct": "(단언) 주장하기",
            "morpheme": "청소/NNG+해서/XSV+EC+용돈/NNG+주/VV+면/EC+진짜/MAG+열심히/MAG+할/VV+ETM+자신/NNG+있/VV+는데/EC+키/NNG+키/XSV+ETN"
          },
          {
            "id": 12,
            "text": "3 : 나도 용돈 주면 청소 업체처럼 할 텐데",
            "norm_text": "나도 용돈 주면 청소 업체처럼 할 텐데",
            "speaker": {
              "id": "3번",
              "sex": "남성",
              "age": "20대"
            },
            "speechAct": "(단언) 주장하기",
            "morpheme": "나/NP+도/JX+용돈/NNG+주/VV+면/EC+청소/NNG+업체/NNG+처럼/JKB+할/VV+ETM+텐데/NNB+VCP+EC"
          },
          {
            "id": 13,
            "text": "1 : 키키 그럼 완전 날라다니지",
            "norm_text": "키키 그럼 완전 날라다니지",
            "speaker": {
              "id": "1번",
              "sex": "여성",
              "age": "20대"
            },
            "speechAct": "(단언) 주장하기",
            "morpheme": "키/NNG+키/XSV+ETN+그럼/MAJ+완전/MAG+날라다니/VV+지/EC"
          },
          {
            "id": 14,
            "text": "1 : 키키 시켜만 주십쇼",
            "norm_text": "키키 시켜만 주십쇼",
            "speaker": {
              "id": "1번",
              "sex": "여성",
              "age": "20대"
            },
            "speechAct": "(단언) 주장하기",
            "morpheme": "키/NNG+키/NNG+시켜/XSV+EC+만/JX+주/VX+십쇼/EP+EC"
          },
          {
            "id": 15,
            "text": "2 : 앜 키키 진짜 용돈은 자식을 부지런하게 만들지 키키",
            "norm_text": "앜 키키 진짜 용돈은 자식을 부지런하게 만들지 키키",
            "speaker": {
              "id": "2번",
              "sex": "남성",
              "age": "20대"
            },
            "speechAct": "(단언) 주장하기",
            "morpheme": "앜키/UNKNOWN+키/NNG+진짜/MAG+용돈/NNG+은/JX+자식/NNG+을/JKO+부지런/NNG+하/XSV+게/EC+만들/VV+지/EC+키/NNG+키/XSV+ETN"
          },
          {
            "id": 16,
            "text": "3 : 두둑한 주머니가 항상 나를 웃게 해",
            "norm_text": "두둑한 주머니가 항상 나를 웃게 해",
            "speaker": {
              "id": "3번",
              "sex": "남성",
              "age": "20대"
            },
            "speechAct": "(단언) 주장하기",
            "morpheme": "두둑/XR+한/XSA+ETM+주머니/NNG+가/JKS+항상/MAG+나/NP+를/JKO+웃/VV+게/EC+해/VV+EC"
          },
          {
            "id": 17,
            "text": "1 : 키키 용돈이 나를 움직이게 해 키키",
            "norm_text": "키키 용돈이 나를 움직이게 해 키키",
            "speaker": {
              "id": "1번",
              "sex": "여성",
              "age": "20대"
            },
            "speechAct": "(단언) 주장하기",
            "morpheme": "키/NNG+키/NNG+용돈/NNG+이/JKS+나/NP+를/JKO+움직이/VV+게/EC+해/VV+EC+키/NNG+키/XSV+ETN"
          },
          {
            "id": 18,
            "text": "2 : 나는 화장실 청소가 젤 하기 싫던데 다 젖고…",
            "norm_text": "나는 화장실 청소가 젤 하기 싫던데 다 젖고…",
            "speaker": {
              "id": "2번",
              "sex": "남성",
              "age": "20대"
            },
            "speechAct": "(단언) 주장하기",
            "morpheme": "나/NP+는/JX+화장실/NNG+청소/NNG+가/JKS+젤/NNG+하/XSV+기/ETN+싫/VA+던/ETM+데/NNB+다/JX+젖/VV+고/EC+…/SE"
          },
          {
            "id": 19,
            "text": "3 : 그것도 돈 주면 하지",
            "norm_text": "그것도 돈 주면 하지",
            "speaker": {
              "id": "3번",
              "sex": "남성",
              "age": "20대"
            },
            "speechAct": "(단언) 주장하기",
            "morpheme": "그것/NP+도/JX+돈/NNG+주면/NNG+하/XSV+지/EC"
          },
          {
            "id": 20,
            "text": "1 : 화장실 청소 완전 일이야...",
            "norm_text": "화장실 청소 완전 일이야...",
            "speaker": {
              "id": "1번",
              "sex": "여성",
              "age": "20대"
            },
            "speechAct": "(단언) 주장하기",
            "morpheme": "화장실/NNG+청소/NNG+완전/NNG+일/NNG+이/VCP+야/EF+./SY"
          },
          {
            "id": 21,
            "text": "1 : 난 안 할래",
            "norm_text": "난 안 할래",
            "speaker": {
              "id": "1번",
              "sex": "여성",
              "age": "20대"
            },
            "speechAct": "(단언) 주장하기",
            "morpheme": "난/NP+JX+안/MAG+할래/VV+EC"
          },
          {
            "id": 22,
            "text": "2 : 맞어",
            "norm_text": "맞어",
            "speaker": {
              "id": "2번",
              "sex": "남성",
              "age": "20대"
            },
            "speechAct": "(단언) 주장하기",
            "morpheme": "맞/VV+어/EC"
          },
          {
            "id": 23,
            "text": "2 : 화장실 청소는 용돈 주셔도 살짝 고민해 봐야 해 키키",
            "norm_text": "화장실 청소는 용돈 주셔도 살짝 고민해 봐야 해 키키",
            "speaker": {
              "id": "2번",
              "sex": "남성",
              "age": "20대"
            },
            "speechAct": "(단언) 주장하기",
            "morpheme": "화장실/NNG+청소/NNG+는/JX+용돈/NNG+주/VV+셔도/EP+EC+살짝/MAG+고민/NNG+해/XSV+EC+봐야/VX+EC+해/VV+EC+키/NNG+키/XSV+ETN"
          },
          {
            "id": 24,
            "text": "3 : 엥 그 정도야?",
            "norm_text": "엥 그 정도야?",
            "speaker": {
              "id": "3번",
              "sex": "남성",
              "age": "20대"
            },
            "speechAct": "(지시) 질문하기",
            "morpheme": "엥/IC+그/MM+정도/NNG+야/VCP+EF"
          },
          {
            "id": 25,
            "text": "3 : 화장실 청소가 어렵긴 해두",
            "norm_text": "화장실 청소가 어렵긴 해두",
            "speaker": {
              "id": "3번",
              "sex": "남성",
              "age": "20대"
            },
            "speechAct": "(단언) 주장하기",
            "morpheme": "화장실/NNG+청소/NNG+가/JKS+어렵/VA+긴/ETN+JX+해두/VX+EC"
          }
        ]
      }
    }
  ]
}