{
  "dataset": {
    "identifier": 19990,
    "name": "BAND_23_16_set",
    "src_path": "/data/file/cubeManager/PROJECT001/49/txt20210915111041033983/BAND_23_16_set/",
    "label_path": "/data/file/cubeManager/PROJECT001/49/txt20210915111041033983/BAND_23_16_set/",
    "category": 2,
    "type": 0
  },
  "licenses": {
    "name": "Apache License 1.0",
    "url": "http://www.apache.org/licenses/LICENSE-1.0"
  },
  "info": [
    {
      "id": 25695,
      "filename": "BAND_23_16.txt",
      "title": "BAND_23_16",
      "mediatype": "SNS",
      "medianame": "네이버밴드",
      "category": "일상대화",
      "date": "2021-09-15",
      "size": 1394,
      "annotations": {
        "subject": "미용",
        "speaker_type": "1:1",
        "size": 1394,
        "word_size": 438,
        "text": "1 : 둘은 다이어트 따로 안 해봤지!\n1 : 원래 마른 체질 같애\n2 : 따로 한 적은 없어~ 먹는 거 워낙 좋아해서~\n3 : 나 거의 10키로 넘게 뺀 거야 키키\n1 : 오 진짜? 태생부터 마름인 줄 알았는데!\n1 : 한 번에 그렇게 뺀 거야? 아님 조금 빼고 유지하다가 조금 빼고?\n2 : 오~대단하다!\n2 : 운동이랑 병행 했어?\n3 : 웅웅 근데 이게 식이요법이 중요하긴 하더라 키키\n3 : 술이랑 군것질하고 막 이래서 살찐 거라 그거 다 끊고 운동하면서 천천히 빼다가 장염 걸려서 위 작아진 김에 먹는 양을 엄청 줄였어\n1 : 맞아 운동보다 식이가 더 중요한 거 같음\n1 : 먹어가면서 운동하면 그냥 건강한 돼지로 가는 길...\n2 : 살 10키로 빼면 살 트지 않았어?\n3 : 그치 텄지 근데 살 튼 거는 옛날부터 좀 있었어 가지고!\n3 : 중학생에서 고등학교 때 이제 키 크고 살도 적당히 찌면서 이미 텄었어!\n1 : 나도 내가 살 튼 데 없는 줄 알았는데 자세히 보니까 있기는 있더라... 키키\n1 : 나는 근데 다이어트 해야지! 하고 마음 먹으면 먹고 싶은 게 더 많아져서 오히려 살이 안 빠지더라고 ㅠ 의지박약...\n2 : 난 여름에 쪄 ㅠㅠ\n2 : 옷 얇은데 ㅠㅠ 겨울에는 오히려 빠지더라고 남들하고 거꾸로야 거꾸로\n3 : 근데 약간 여름에 더 찌기가 쉬울 것 같아!\n3 : 뭔가 기도 허하고 이러니까 잘 먹어야 할 것도 같고 디저트나 이런 것도 더우니까 빙수나 음료나 이런 거 먹다 보면... 흑\n1 : 그런가? 빙수나 아이스크림 같은 거 생각하면 그렇긴 한데 나는 이상하게 겨울에 좀 찜...\n1 : 움직임이 둔해지고 추우니까 지방이 붙나...?\n2 : 그렇지~ 원래 겨울에 잘 안 움직이니까 찐다고 하더라고~\n2 : 나는 여름에 아이스크림 같은 단 것들 잔뜩 먹어서 찌는 거 같아\n3 : 언니들은 네일 아트나 이런 거 하는 편이야?\n1 : 나는 손톱이 너무 작아서... 못해 ㅠㅠ\n1 : 그래서 그냥 가끔 데싱디바 같은 거 붙이는 거 정도만 해!\n2 : 나는 원래 손에 뭐 바르는 거 안 좋아해 ㅠㅠ\n2 : 핸드 크림도 요즘에 손이 너무 건조해져서 겨우 바르는 것임...\n3 : 아항 그럼 뭐 큐티클 정리나 이런 것도 별로 관심 없으려나?\n1 : 그르게 전에 한 두 번 관리 받으러 가긴 했는데 큐티클 정리하고 이러니까 기분이 좋기는 좋드라~\n1 : 혼자서는 그렇게까지 깔끔하게 안돼 ㅠㅠ\n2 : 아 가끔 친구들이랑 가면 난 큐티클 정리해~\n2 : 그러면 확실히 손이 더 예뻐 보이던데 키키\n3 : 오홍 나는 그 손 옆에 일어나는 거 자꾸 뜯는 버릇이 있어서 큐티클 정리 받으니까 훨씬 좋더라고 ㅠㅠ\n1 : 맞아 좋긴 하징 그러면 네일 아트는 따로 안 하고 큐티클 정리만 하는 거야?\n2 : 친구들만 하고 나는 그거라도 해야지 어떻게 키키 가끔 그런 사람들 오는 거 같던데~\n3 : 나도 네일 아트 따로 안하고 그냥 정리만 해 키키",
        "lines": [
          {
            "id": 1,
            "text": "1 : 둘은 다이어트 따로 안 해봤지!",
            "norm_text": "둘은 다이어트 따로 안 해봤지!",
            "speaker": {
              "id": "1번",
              "sex": "여성",
              "age": "20대"
            },
            "speechAct": "(지시) 질문하기",
            "morpheme": "둘/NR+은/JX+다이어트/NNG+따로/MAG+안/MAG+해/VV+EC+봤/VX+EP+지/EF"
          },
          {
            "id": 2,
            "text": "1 : 원래 마른 체질 같애",
            "norm_text": "원래 마른 체질 같애",
            "speaker": {
              "id": "1번",
              "sex": "여성",
              "age": "20대"
            },
            "speechAct": "(단언) 주장하기",
            "morpheme": "원래/MAG+마른/VV+ETM+체질/NNG+같/VA+애/EC"
          },
          {
            "id": 3,
            "text": "2 : 따로 한 적은 없어~ 먹는 거 워낙 좋아해서~",
            "norm_text": "따로 한 적은 없어~ 먹는 거 워낙 좋아해서~",
            "speaker": {
              "id": "2번",
              "sex": "여성",
              "age": "30대"
            },
            "speechAct": "(단언) 진술하기",
            "morpheme": "따로/MAG+한/XSA+ETM+적/NNB+은/JX+없/VA+어/EC+~/SY+먹/VV+는/ETM+거/NNB+워낙/MAG+좋/VA+아/EC+해서/VV+EC+~/SY"
          },
          {
            "id": 4,
            "text": "3 : 나 거의 10키로 넘게 뺀 거야 키키",
            "norm_text": "나 거의 10키로 넘게 뺀 거야 키키",
            "speaker": {
              "id": "3번",
              "sex": "여성",
              "age": "20대"
            },
            "speechAct": "(단언) 진술하기",
            "morpheme": "나/NP+거의/MAG+10/SN+키/NNG+로/JKB+넘/VV+게/EC+뺀/VV+ETM+거/NNB+야/VCP+EF+키/NNG+키/XSV+ETN"
          },
          {
            "id": 5,
            "text": "1 : 오 진짜? 태생부터 마름인 줄 알았는데!",
            "norm_text": "오 진짜? 태생부터 마름인 줄 알았는데!",
            "speaker": {
              "id": "1번",
              "sex": "여성",
              "age": "20대"
            },
            "speechAct": "(단언) 주장하기",
            "morpheme": "오/IC+진짜/MAG+태생/NNG+부터/JX+마름/NNG+인/VCP+ETM+줄/NNB+알/VV+았/EP+는데/EF"
          },
          {
            "id": 6,
            "text": "1 : 한 번에 그렇게 뺀 거야? 아님 조금 빼고 유지하다가 조금 빼고?",
            "norm_text": "한 번에 그렇게 뺀 거야? 아님 조금 빼고 유지하다가 조금 빼고?",
            "speaker": {
              "id": "1번",
              "sex": "여성",
              "age": "20대"
            },
            "speechAct": "(지시) 질문하기",
            "morpheme": "한/MM+번/NNBC+에/JKB+그렇게/MAG+뺀/VV+ETM+거/NNB+야/VCP+EF+아님/MAJ+조금/MAG+빼/VV+고/EC+유지/NNG+하/XSV+다가/EC+조금/MAG+빼/VV+고/EC"
          },
          {
            "id": 7,
            "text": "2 : 오~대단하다!",
            "norm_text": "오~대단하다!",
            "speaker": {
              "id": "2번",
              "sex": "여성",
              "age": "30대"
            },
            "speechAct": "(단언) 주장하기",
            "morpheme": "오/NR+~/SY+대단/XR+하/XSA+다/EF"
          },
          {
            "id": 8,
            "text": "2 : 운동이랑 병행 했어?",
            "norm_text": "운동이랑 병행 했어?",
            "speaker": {
              "id": "2번",
              "sex": "여성",
              "age": "30대"
            },
            "speechAct": "(지시) 질문하기",
            "morpheme": "운동/NNG+이랑/JKB+병행/NNG+했/XSV+EP+어/EF"
          },
          {
            "id": 9,
            "text": "3 : 웅웅 근데 이게 식이요법이 중요하긴 하더라 키키",
            "norm_text": "웅웅 근데 이게 식이요법이 중요하긴 하더라 키키",
            "speaker": {
              "id": "3번",
              "sex": "여성",
              "age": "20대"
            },
            "speechAct": "(단언) 진술하기",
            "morpheme": "웅웅/MAG+근데/MAJ+이게/NP+JKS+식/NNG+이/JKS+요법/NNG+이/JKS+중요/NNG+하/XSV+긴/ETN+JX+하/VX+더라/EC+키/NNG+키/XSV+ETN"
          },
          {
            "id": 10,
            "text": "3 : 술이랑 군것질하고 막 이래서 살찐 거라 그거 다 끊고 운동하면서 천천히 빼다가 장염 걸려서 위 작아진 김에 먹는 양을 엄청 줄였어",
            "norm_text": "술이랑 군것질하고 막 이래서 살찐 거라 그거 다 끊고 운동하면서 천천히 빼다가 장염 걸려서 위 작아진 김에 먹는 양을 엄청 줄였어",
            "speaker": {
              "id": "3번",
              "sex": "여성",
              "age": "20대"
            },
            "speechAct": "(단언) 진술하기",
            "morpheme": "술/NNG+이랑/JKB+군것질/NNG+하/XSV+고/EC+막/NNG+이래서/VV+EC+살찐/VV+ETM+거/NNB+라/VCP+EC+그거/NP+다/JX+끊/VV+고/EC+운동/NNG+하/XSV+면서/EC+천천히/MAG+빼/VV+다가/EC+장염/NNG+걸려서/VV+EC+위/NNG+작아진/VV+ETM+김/NNB+에/JKB+먹/VV+는/ETM+양/NNG+을/JKO+엄청/MAG+줄였/VV+EP+어/EC"
          },
          {
            "id": 11,
            "text": "1 : 맞아 운동보다 식이가 더 중요한 거 같음",
            "norm_text": "맞아 운동보다 식이가 더 중요한 거 같음",
            "speaker": {
              "id": "1번",
              "sex": "여성",
              "age": "20대"
            },
            "speechAct": "(단언) 주장하기",
            "morpheme": "맞/VV+아/EC+운동/NNG+보다/JKB+식이/NNG+가/JKS+더/MAG+중요/NNG+한/XSA+ETM+거/NNB+같/VA+음/ETN"
          },
          {
            "id": 12,
            "text": "1 : 먹어가면서 운동하면 그냥 건강한 돼지로 가는 길...",
            "norm_text": "먹어가면서 운동하면 그냥 건강한 돼지로 가는 길...",
            "speaker": {
              "id": "1번",
              "sex": "여성",
              "age": "20대"
            },
            "speechAct": "(단언) 주장하기",
            "morpheme": "먹/VV+어/EC+가/VX+면서/EC+운동/NNG+하/XSV+면/EC+그냥/MAG+건강/NNG+한/XSA+ETM+돼지/NNG+로/JKB+가/VV+는/ETM+길/NNG+./SY+./SY"
          },
          {
            "id": 13,
            "text": "2 : 살 10키로 빼면 살 트지 않았어?",
            "norm_text": "살 10키로 빼면 살 트지 않았어?",
            "speaker": {
              "id": "2번",
              "sex": "여성",
              "age": "30대"
            },
            "speechAct": "(지시) 질문하기",
            "morpheme": "살/VV+ETM+10/SN+키/NNG+로/JKB+빼/VV+면/EC+살/VV+ETM+트/VV+지/EC+않/VX+았/EP+어/EF"
          },
          {
            "id": 14,
            "text": "3 : 그치 텄지 근데 살 튼 거는 옛날부터 좀 있었어 가지고!",
            "norm_text": "그치 텄지 근데 살 튼 거는 옛날부터 좀 있었어 가지고!",
            "speaker": {
              "id": "3번",
              "sex": "여성",
              "age": "20대"
            },
            "speechAct": "(단언) 진술하기",
            "morpheme": "그치/IC+텄/VV+EP+지/EF+근데/MAJ+살/VV+튼/ETM+거/NNB+는/JX+옛날/NNG+부터/JX+좀/MAG+있/VA+었/EP+어/EC+가지/VX+고/EC"
          },
          {
            "id": 15,
            "text": "3 : 중학생에서 고등학교 때 이제 키 크고 살도 적당히 찌면서 이미 텄었어!",
            "norm_text": "중학생에서 고등학교 때 이제 키 크고 살도 적당히 찌면서 이미 텄었어!",
            "speaker": {
              "id": "3번",
              "sex": "여성",
              "age": "20대"
            },
            "speechAct": "(단언) 진술하기",
            "morpheme": "중학생/NNG+에서/JKB+고등/NNG+학교/NNG+때/NNG+이제/MAG+키/NNG+크/VA+고/EC+살/NNG+도/JX+적당히/MAG+찌/VV+면서/EC+이미/MAG+텄/VV+EP+었/EP+어/EF"
          },
          {
            "id": 16,
            "text": "1 : 나도 내가 살 튼 데 없는 줄 알았는데 자세히 보니까 있기는 있더라... 키키",
            "norm_text": "나도 내가 살 튼 데 없는 줄 알았는데 자세히 보니까 있기는 있더라... 키키",
            "speaker": {
              "id": "1번",
              "sex": "여성",
              "age": "20대"
            },
            "speechAct": "(단언) 진술하기",
            "morpheme": "나/NP+도/JX+내/NP+가/JKS+살/VV+튼/ETM+데/NNB+없/VA+는/ETM+줄/NNB+알/VV+았/EP+는데/EC+자세히/MAG+보/VV+니까/EC+있/VX+기/ETN+는/JX+있/VX+더라/EF+./SY+키/NNG+키/XSV+ETN"
          },
          {
            "id": 17,
            "text": "1 : 나는 근데 다이어트 해야지! 하고 마음 먹으면 먹고 싶은 게 더 많아져서 오히려 살이 안 빠지더라고 ㅠ 의지박약...",
            "norm_text": "나는 근데 다이어트 해야지! 하고 마음 먹으면 먹고 싶은 게 더 많아져서 오히려 살이 안 빠지더라고 ㅠ 의지박약...",
            "speaker": {
              "id": "1번",
              "sex": "여성",
              "age": "20대"
            },
            "speechAct": "(단언) 주장하기",
            "morpheme": "나/NP+는/JX+근데/MAJ+다이어트/NNG+해야지/XSV+EF+하/VV+고/EC+마음먹/VV+으면/EC+먹/VV+고/EC+싶/VX+은/ETM+게/NNB+JKS+더/MAG+많/VA+아/EC+져서/VX+EC+오히려/MAJ+살/NNG+이/JKS+안/MAG+빠지/VV+더라고/EF+ㅠ/UNKNOWN+의지박약/NNG+./SY+./SY"
          },
          {
            "id": 18,
            "text": "2 : 난 여름에 쪄 ㅠㅠ",
            "norm_text": "난 여름에 쪄 ㅠㅠ",
            "speaker": {
              "id": "2번",
              "sex": "여성",
              "age": "30대"
            },
            "speechAct": "(단언) 진술하기",
            "morpheme": "난여름에쪄ㅠㅠ/UNKNOWN"
          },
          {
            "id": 19,
            "text": "2 : 옷 얇은데 ㅠㅠ 겨울에는 오히려 빠지더라고 남들하고 거꾸로야 거꾸로",
            "norm_text": "옷 얇은데 ㅠㅠ 겨울에는 오히려 빠지더라고 남들하고 거꾸로야 거꾸로",
            "speaker": {
              "id": "2번",
              "sex": "여성",
              "age": "30대"
            },
            "speechAct": "(단언) 진술하기",
            "morpheme": "옷/NNG+얇/VA+은데/EC+ㅠㅠ/UNKNOWN+겨울/NNG+에/JKB+는/JX+오히려/MAJ+빠지/VV+더라고/EC+남/NNG+들/XSN+하고/JKB+거꾸로/MAG+야/IC+거꾸로/MAG"
          },
          {
            "id": 20,
            "text": "3 : 근데 약간 여름에 더 찌기가 쉬울 것 같아!",
            "norm_text": "근데 약간 여름에 더 찌기가 쉬울 것 같아!",
            "speaker": {
              "id": "3번",
              "sex": "여성",
              "age": "20대"
            },
            "speechAct": "(단언) 주장하기",
            "morpheme": "근데/MAJ+약간/MAG+여름/NNG+에/JKB+더/MAG+찌기/NNG+가/JKS+쉬울/VA+ETM+것/NNB+같/VA+아/EF"
          },
          {
            "id": 21,
            "text": "3 : 뭔가 기도 허하고 이러니까 잘 먹어야 할 것도 같고 디저트나 이런 것도 더우니까 빙수나 음료나 이런 거 먹다 보면... 흑",
            "norm_text": "뭔가 기도 허하고 이러니까 잘 먹어야 할 것도 같고 디저트나 이런 것도 더우니까 빙수나 음료나 이런 거 먹다 보면... 흑",
            "speaker": {
              "id": "3번",
              "sex": "여성",
              "age": "20대"
            },
            "speechAct": "(단언) 주장하기",
            "morpheme": "뭔가/NP+VCP+EF+기/ETN+도/JX+허하/VA+고/EC+이러/VV+니까/EC+잘/MAG+먹/VV+어야/EC+할/VX+ETM+것/NNB+도/JX+같/VA+고/EC+디저트/NNG+나/JC+이런/MM+것/NNB+도/JX+더우/VA+니까/EC+빙수/NNG+나/JC+음료/NNG+나/JC+이런/MM+거/NNB+먹/VV+다/EC+보/VX+면/EC+./SY+./SY+흑/IC"
          },
          {
            "id": 22,
            "text": "1 : 그런가? 빙수나 아이스크림 같은 거 생각하면 그렇긴 한데 나는 이상하게 겨울에 좀 찜...",
            "norm_text": "그런가? 빙수나 아이스크림 같은 거 생각하면 그렇긴 한데 나는 이상하게 겨울에 좀 찜...",
            "speaker": {
              "id": "1번",
              "sex": "여성",
              "age": "20대"
            },
            "speechAct": "(단언) 진술하기",
            "morpheme": "그런가/VA+EF+빙수/NNG+나/JC+아이스크림/NNG+같/VA+은/ETM+거/NNB+생각/NNG+하/XSV+면/EC+그렇/VA+긴/ETN+JX+한데/VX+EC+나/NP+는/JX+이상/NNG+하/XSV+게/EC+겨울/NNG+에/JKB+좀/MAG+찜/NNG+./SY+./SY"
          },
          {
            "id": 23,
            "text": "1 : 움직임이 둔해지고 추우니까 지방이 붙나...?",
            "norm_text": "움직임이 둔해지고 추우니까 지방이 붙나...?",
            "speaker": {
              "id": "1번",
              "sex": "여성",
              "age": "20대"
            },
            "speechAct": "(단언) 주장하기",
            "morpheme": "움직임/NNG+이/JKS+둔해/VA+EC+지/VX+고/EC+추우/VV+니까/EC+지방/NNG+이/JKS+붙/VV+나/EF+./SY+./SY"
          },
          {
            "id": 24,
            "text": "2 : 그렇지~ 원래 겨울에 잘 안 움직이니까 찐다고 하더라고~",
            "norm_text": "그렇지~ 원래 겨울에 잘 안 움직이니까 찐다고 하더라고~",
            "speaker": {
              "id": "2번",
              "sex": "여성",
              "age": "30대"
            },
            "speechAct": "(단언) 진술하기",
            "morpheme": "그렇/VA+지/EC+~/SY+원래/NNG+겨울/NNG+에/JKB+잘/MAG+안/MAG+움직이/VV+니까/EC+찐다고/VV+EC+하/VV+더라고/EC+~/SY"
          },
          {
            "id": 25,
            "text": "2 : 나는 여름에 아이스크림 같은 단 것들 잔뜩 먹어서 찌는 거 같아",
            "norm_text": "나는 여름에 아이스크림 같은 단 것들 잔뜩 먹어서 찌는 거 같아",
            "speaker": {
              "id": "2번",
              "sex": "여성",
              "age": "30대"
            },
            "speechAct": "(단언) 주장하기",
            "morpheme": "나/NP+는/JX+여름/NNG+에/JKB+아이스크림/NNG+같/VA+은/ETM+단것/NNG+들/XSN+잔뜩/MAG+먹/VV+어서/EC+찌/VV+는/ETM+거/NNB+같/VA+아/EC"
          },
          {
            "id": 26,
            "text": "3 : 언니들은 네일 아트나 이런 거 하는 편이야?",
            "norm_text": "언니들은 네일 아트나 이런 거 하는 편이야?",
            "speaker": {
              "id": "3번",
              "sex": "여성",
              "age": "20대"
            },
            "speechAct": "(지시) 질문하기",
            "morpheme": "언니/NNG+들/XSN+은/JX+네/MM+일/NR+아트/NNG+나/JC+이런/MM+거/NNB+하/VV+는/ETM+편/NNB+이/VCP+야/EF"
          },
          {
            "id": 27,
            "text": "1 : 나는 손톱이 너무 작아서... 못해 ㅠㅠ",
            "norm_text": "나는 손톱이 너무 작아서... 못해 ㅠㅠ",
            "speaker": {
              "id": "1번",
              "sex": "여성",
              "age": "20대"
            },
            "speechAct": "(단언) 진술하기",
            "morpheme": "나/NP+는/JX+손톱/NNG+이/JKS+너무/MAG+작/VA+아서/EC+./SY+./SY+못해ㅠㅠ/UNKNOWN"
          },
          {
            "id": 28,
            "text": "1 : 그래서 그냥 가끔 데싱디바 같은 거 붙이는 거 정도만 해!",
            "norm_text": "그래서 그냥 가끔 데싱디바 같은 거 붙이는 거 정도만 해!",
            "speaker": {
              "id": "1번",
              "sex": "여성",
              "age": "20대"
            },
            "speechAct": "(단언) 진술하기",
            "morpheme": "그래서/MAJ+그냥/MAG+가끔/MAG+데/NNP+싱/NNP+디바/NNP+같/VA+은/ETM+거/NNB+붙이/VV+는/ETM+거/NNB+정도/NNG+만/JX+해/VV+EF"
          },
          {
            "id": 29,
            "text": "2 : 나는 원래 손에 뭐 바르는 거 안 좋아해 ㅠㅠ",
            "norm_text": "나는 원래 손에 뭐 바르는 거 안 좋아해 ㅠㅠ",
            "speaker": {
              "id": "2번",
              "sex": "여성",
              "age": "30대"
            },
            "speechAct": "(단언) 주장하기",
            "morpheme": "나/NP+는/JX+원래/MAG+손/NNG+에/JKB+뭐/IC+바르/VV+는/ETM+거/NNB+안/MAG+좋아해/VV+EC+ㅠㅠ/UNKNOWN"
          },
          {
            "id": 30,
            "text": "2 : 핸드 크림도 요즘에 손이 너무 건조해져서 겨우 바르는 것임...",
            "norm_text": "핸드 크림도 요즘에 손이 너무 건조해져서 겨우 바르는 것임...",
            "speaker": {
              "id": "2번",
              "sex": "여성",
              "age": "30대"
            },
            "speechAct": "(단언) 진술하기",
            "morpheme": "핸드크림/NNG+도/JX+요즘/NNG+에/JKB+손/NNG+이/JKS+너무/MAG+건조/NNG+해져서/XSV+EC+VX+EC+겨우/MAG+바르/VV+는/ETM+것/NNB+임/VCP+ETN+./SY"
          },
          {
            "id": 31,
            "text": "3 : 아항 그럼 뭐 큐티클 정리나 이런 것도 별로 관심 없으려나?",
            "norm_text": "아항 그럼 뭐 큐티클 정리나 이런 것도 별로 관심 없으려나?",
            "speaker": {
              "id": "3번",
              "sex": "여성",
              "age": "20대"
            },
            "speechAct": "(지시) 질문하기",
            "morpheme": "아항/IC+그럼/MAJ+뭐/IC+큐티클/NNG+정리/NNG+나/JC+이런/MM+것/NNB+도/JX+별로/MAG+관심없/VV+으려나/EF"
          },
          {
            "id": 32,
            "text": "1 : 그르게 전에 한 두 번 관리 받으러 가긴 했는데 큐티클 정리하고 이러니까 기분이 좋기는 좋드라~",
            "norm_text": "그르게 전에 한 두 번 관리 받으러 가긴 했는데 큐티클 정리하고 이러니까 기분이 좋기는 좋드라~",
            "speaker": {
              "id": "1번",
              "sex": "여성",
              "age": "20대"
            },
            "speechAct": "(단언) 진술하기",
            "morpheme": "그르/VV+게/EC+전/NNG+에/JKB+한두/MM+번/NNBC+관리/NNG+받/VV+으러/EC+가/VX+긴/ETN+JX+했/VX+EP+는데/EC+큐티클/NNG+정리/NNG+하/XSV+고/EC+이러/VV+니까/EC+기분/NNG+이/JKS+좋/VA+기/ETN+는/JX+좋/VA+드라/EC+~/SY"
          },
          {
            "id": 33,
            "text": "1 : 혼자서는 그렇게까지 깔끔하게 안돼 ㅠㅠ",
            "norm_text": "혼자서는 그렇게까지 깔끔하게 안돼 ㅠㅠ",
            "speaker": {
              "id": "1번",
              "sex": "여성",
              "age": "20대"
            },
            "speechAct": "(단언) 진술하기",
            "morpheme": "혼자/NNG+서/JKB+는/JX+그렇/VA+게/EC+까지/JX+깔끔/XR+하/XSA+게/EC+안/MAG+돼/VV+EF+ㅠㅠ/UNKNOWN"
          },
          {
            "id": 34,
            "text": "2 : 아 가끔 친구들이랑 가면 난 큐티클 정리해~",
            "norm_text": "아 가끔 친구들이랑 가면 난 큐티클 정리해~",
            "speaker": {
              "id": "2번",
              "sex": "여성",
              "age": "30대"
            },
            "speechAct": "(단언) 진술하기",
            "morpheme": "아/IC+가끔/MAG+친구/NNG+들/XSN+이랑/JKB+가/VV+면/EC+난/VX+ETM+큐티클/NNG+정리/NNG+해/XSV+EC+~/SY"
          },
          {
            "id": 35,
            "text": "2 : 그러면 확실히 손이 더 예뻐 보이던데 키키",
            "norm_text": "그러면 확실히 손이 더 예뻐 보이던데 키키",
            "speaker": {
              "id": "2번",
              "sex": "여성",
              "age": "30대"
            },
            "speechAct": "(단언) 진술하기",
            "morpheme": "그러면/MAJ+확실히/MAG+손/NNG+이/JKS+더/MAG+예뻐/VA+EC+보이/VV+던데/EC+키/NNG+키/XSV+ETN"
          },
          {
            "id": 36,
            "text": "3 : 오홍 나는 그 손 옆에 일어나는 거 자꾸 뜯는 버릇이 있어서 큐티클 정리 받으니까 훨씬 좋더라고 ㅠㅠ",
            "norm_text": "오홍 나는 그 손 옆에 일어나는 거 자꾸 뜯는 버릇이 있어서 큐티클 정리 받으니까 훨씬 좋더라고 ㅠㅠ",
            "speaker": {
              "id": "3번",
              "sex": "여성",
              "age": "20대"
            },
            "speechAct": "(단언) 진술하기",
            "morpheme": "오/NR+홍/NNG+나/NP+는/JX+그/MM+손/NNG+옆/NNG+에/JKB+일어나/VV+는/ETM+거/NNB+자꾸/MAG+뜯/VV+는/ETM+버릇/NNG+이/JKS+있/VV+어서/EC+큐티클/NNG+정리/NNG+받/VV+으니까/EC+훨씬/MAG+좋/VA+더라고/EF+ㅠㅠ/UNKNOWN"
          },
          {
            "id": 37,
            "text": "1 : 맞아 좋긴 하징 그러면 네일 아트는 따로 안 하고 큐티클 정리만 하는 거야?",
            "norm_text": "맞아 좋긴 하징 그러면 네일 아트는 따로 안 하고 큐티클 정리만 하는 거야?",
            "speaker": {
              "id": "1번",
              "sex": "여성",
              "age": "20대"
            },
            "speechAct": "(지시) 질문하기",
            "morpheme": "맞/VV+아/EC+좋/VA+긴/ETN+JX+하/VX+징/EF+그러면/MAJ+네/MM+일/NR+아트/NNG+는/JX+따로/MAG+안/MAG+하/VV+고/EC+큐티클/NNG+정리/NNG+만/JX+하/VV+는/ETM+거/NNB+야/VCP+EF"
          },
          {
            "id": 38,
            "text": "2 : 친구들만 하고 나는 그거라도 해야지 어떻게 키키 가끔 그런 사람들 오는 거 같던데~",
            "norm_text": "친구들만 하고 나는 그거라도 해야지 어떻게 키키 가끔 그런 사람들 오는 거 같던데~",
            "speaker": {
              "id": "2번",
              "sex": "여성",
              "age": "30대"
            },
            "speechAct": "(단언) 진술하기",
            "morpheme": "친구/NNG+들/XSN+만/JX+하/VV+고/EC+나/NP+는/JX+그거/NP+라도/VCP+EC+해야지/VV+EF+어떻게/MAG+키/NNG+키/NNG+가끔/MAG+그런/MM+사람/NNG+들/XSN+오/VV+는/ETM+거/NNB+같/VA+던데/EC+~/SY"
          },
          {
            "id": 39,
            "text": "3 : 나도 네일 아트 따로 안하고 그냥 정리만 해 키키",
            "norm_text": "나도 네일 아트 따로 안하고 그냥 정리만 해 키키",
            "speaker": {
              "id": "3번",
              "sex": "여성",
              "age": "20대"
            },
            "speechAct": "(단언) 진술하기",
            "morpheme": "나/NP+도/JX+네/MM+일/NR+아트/NNG+따로/MAG+안/MAG+하/VV+고/EC+그냥/MAG+정리/NNG+만/JX+해/VV+EC+키/NNG+키/XSV+ETN"
          }
        ]
      }
    }
  ]
}