{
  "dataset": {
    "identifier": 21020,
    "name": "BAND_27_07_set",
    "src_path": "/data/file/cubeManager/PROJECT001/49/txt20210916151141054564/BAND_27_07_set/",
    "label_path": "/data/file/cubeManager/PROJECT001/49/txt20210916151141054564/BAND_27_07_set/",
    "category": 2,
    "type": 0
  },
  "licenses": {
    "name": "Apache License 1.0",
    "url": "http://www.apache.org/licenses/LICENSE-1.0"
  },
  "info": [
    {
      "id": 28577,
      "filename": "BAND_27_07.txt",
      "title": "BAND_27_07",
      "mediatype": "SNS",
      "medianame": "네이버밴드",
      "category": "일상대화",
      "date": "2021-09-16",
      "size": 472,
      "annotations": {
        "subject": "가족",
        "speaker_type": "1:1",
        "size": 472,
        "word_size": 157,
        "text": "1 : 니 동생은 여자친구 있어?\n2 : 어 있던데? 어이 없게 결혼할 상대라고 너무 웃겨\n1 : 지금 니 동생이 나이가 몇인데 키키\n2 : 나보다 4살 적으니까 21살이지 키키\n1 : 여친도 20대 초반일 거 아니야?\n1 : 둘이 같은 생각이래? 키키\n2 : 그치 동갑이래\n2 : 나중에 한다고 하는데 몰라 걔 혼자만의 착각일 수도\n1 : 키키 동생아 그런 생각은 진짜 신중하게 해야 하는 거란다 ㅜㅜ\n2 : 내 말이 충고가 거기에도  닿았기를 키키\n1 : 키키 근데 동생 군인이라 군인 아파트는 나오겠다 키키\n2 : 그러고 보니 그런 말은 안 하네?\n1 : 보니까 군인은 결혼 일찍 하더라고 키키\n2 : 일찍 가면 또 나름 잘 살겠지 키키\n1 : 그렇겠지 지금 몇 년 정도 사귀었대?\n2 : 아 몇 개월 안 됐을 거야\n2 : 그냥 사진 보내면서  자기가 나중에 결혼할 상대라고 그러던데?\n1 : 동생 흑역사 생기는 거 아니냐 키키\n2 : 몰라 걔도 참 정신이 어디에 있는지",
        "lines": [
          {
            "id": 1,
            "text": "1 : 니 동생은 여자친구 있어?",
            "norm_text": "니 동생은 여자친구 있어?",
            "speaker": {
              "id": "1번",
              "sex": "여성",
              "age": "20대"
            },
            "speechAct": "(지시) 질문하기",
            "morpheme": "니/MM+동생/NNG+은/JX+여자/NNG+친구/NNG+있/VA+어/EF"
          },
          {
            "id": 2,
            "text": "2 : 어 있던데? 어이 없게 결혼할 상대라고 너무 웃겨",
            "norm_text": "어 있던데? 어이 없게 결혼할 상대라고 너무 웃겨",
            "speaker": {
              "id": "2번",
              "sex": "여성",
              "age": "20대"
            },
            "speechAct": "(단언) 주장하기",
            "morpheme": "어/IC+있/VA+던데/EF+어이없/VA+게/EC+결혼/NNG+할/XSV+ETM+상대/NNG+라고/VCP+EC+너무/MAG+웃겨/VV+EC"
          },
          {
            "id": 3,
            "text": "1 : 지금 니 동생이 나이가 몇인데 키키",
            "norm_text": "지금 니 동생이 나이가 몇인데 키키",
            "speaker": {
              "id": "1번",
              "sex": "여성",
              "age": "20대"
            },
            "speechAct": "(단언) 주장하기",
            "morpheme": "지금/MAG+니/MM+동생/NNG+이/JKS+나이/NNG+가/JKS+몇/NR+인데/VCP+EC+키/NNG+키/XSV+ETN"
          },
          {
            "id": 4,
            "text": "2 : 나보다 4살 적으니까 21살이지 키키",
            "norm_text": "나보다 4살 적으니까 21살이지 키키",
            "speaker": {
              "id": "2번",
              "sex": "여성",
              "age": "20대"
            },
            "speechAct": "(단언) 진술하기",
            "morpheme": "나/NP+보다/JKB+4/SN+살/NNBC+적/VV+으니까/EC+21/SN+살/NNBC+이/VCP+지/EC+키/NNG+키/XSV+ETN"
          },
          {
            "id": 5,
            "text": "1 : 여친도 20대 초반일 거 아니야?",
            "norm_text": "여친도 20대 초반일 거 아니야?",
            "speaker": {
              "id": "1번",
              "sex": "여성",
              "age": "20대"
            },
            "speechAct": "(지시) 질문하기",
            "morpheme": "여친/NNG+도/JX+20/SN+대/NNBC+초반/NNG+일/VCP+ETM+거/NNB+아니/VCN+야/EF"
          },
          {
            "id": 6,
            "text": "1 : 둘이 같은 생각이래? 키키",
            "norm_text": "둘이 같은 생각이래? 키키",
            "speaker": {
              "id": "1번",
              "sex": "여성",
              "age": "20대"
            },
            "speechAct": "(지시) 질문하기",
            "morpheme": "둘/NR+이/JKS+같/VA+은/ETM+생각/NNG+이/VCP+래/EF+키/NNG+키/XSV+ETN"
          },
          {
            "id": 7,
            "text": "2 : 그치 동갑이래",
            "norm_text": "그치 동갑이래",
            "speaker": {
              "id": "2번",
              "sex": "여성",
              "age": "20대"
            },
            "speechAct": "(단언) 진술하기",
            "morpheme": "그치/IC+동갑/NNG+이래/NNB"
          },
          {
            "id": 8,
            "text": "2 : 나중에 한다고 하는데 몰라 걔 혼자만의 착각일 수도",
            "norm_text": "나중에 한다고 하는데 몰라 걔 혼자만의 착각일 수도",
            "speaker": {
              "id": "2번",
              "sex": "여성",
              "age": "20대"
            },
            "speechAct": "(단언) 주장하기",
            "morpheme": "나중/NNG+에/JKB+한다고/VV+EC+하/VV+는/ETM+데/NNB+몰라/VV+EF+걔/NP+혼자/NNG+만/JX+의/JKG+착각/NNG+일/VCP+ETM+수/NNB+도/JX"
          },
          {
            "id": 9,
            "text": "1 : 키키 동생아 그런 생각은 진짜 신중하게 해야 하는 거란다 ㅜㅜ",
            "norm_text": "키키 동생아 그런 생각은 진짜 신중하게 해야 하는 거란다 ㅜㅜ",
            "speaker": {
              "id": "1번",
              "sex": "여성",
              "age": "20대"
            },
            "speechAct": "(단언) 주장하기",
            "morpheme": "키/NNG+키/NNG+동생/NNG+아/IC+그런/MM+생각/NNG+은/JX+진짜/MAG+신중/NNG+하/XSV+게/EC+해야/VV+EC+하/VV+는/ETM+거/NNB+란다/VCP+EF+ㅜㅜ/UNKNOWN"
          },
          {
            "id": 10,
            "text": "2 : 내 말이 충고가 거기에도  닿았기를 키키",
            "norm_text": "내 말이 충고가 거기에도  닿았기를 키키",
            "speaker": {
              "id": "2번",
              "sex": "여성",
              "age": "20대"
            },
            "speechAct": "(단언) 주장하기",
            "morpheme": "내말이/NP+JKG+NNG+JKS+충고/NNG+가/JKS+거기/NP+에/JKB+도/JX+닿/VV+았/EP+기/ETN+를/JKO+키/NNG+키/XSV+ETN"
          },
          {
            "id": 11,
            "text": "1 : 키키 근데 동생 군인이라 군인 아파트는 나오겠다 키키",
            "norm_text": "키키 근데 동생 군인이라 군인 아파트는 나오겠다 키키",
            "speaker": {
              "id": "1번",
              "sex": "여성",
              "age": "20대"
            },
            "speechAct": "(단언) 주장하기",
            "morpheme": "키/NNG+키/XSV+ETN+근데/MAJ+동생/NNG+군인/NNG+이/VCP+라/EC+군인/NNG+아파트/NNG+는/JX+나오/VV+겠/EP+다키키/NNP"
          },
          {
            "id": 12,
            "text": "2 : 그러고 보니 그런 말은 안 하네?",
            "norm_text": "그러고 보니 그런 말은 안 하네?",
            "speaker": {
              "id": "2번",
              "sex": "여성",
              "age": "20대"
            },
            "speechAct": "(지시) 질문하기",
            "morpheme": "그러/VV+고/EC+보/VX+니/EC+그런/MM+말/NNG+은/JX+안/MAG+하/VV+네/EF"
          },
          {
            "id": 13,
            "text": "1 : 보니까 군인은 결혼 일찍 하더라고 키키",
            "norm_text": "보니까 군인은 결혼 일찍 하더라고 키키",
            "speaker": {
              "id": "1번",
              "sex": "여성",
              "age": "20대"
            },
            "speechAct": "(단언) 주장하기",
            "morpheme": "보/VV+니까/EC+군인/NNG+은/JX+결혼/NNG+일찍/MAG+하/VV+더라고/EC+키/NNG+키/XSV+ETN"
          },
          {
            "id": 14,
            "text": "2 : 일찍 가면 또 나름 잘 살겠지 키키",
            "norm_text": "일찍 가면 또 나름 잘 살겠지 키키",
            "speaker": {
              "id": "2번",
              "sex": "여성",
              "age": "20대"
            },
            "speechAct": "(단언) 주장하기",
            "morpheme": "일찍/MAG+가/VV+면/EC+또/MAG+나름/NNB+잘/MAG+살/VV+겠/EP+지/EC+키/NNG+키/XSV+ETN"
          },
          {
            "id": 15,
            "text": "1 : 그렇겠지 지금 몇 년 정도 사귀었대?",
            "norm_text": "그렇겠지 지금 몇 년 정도 사귀었대?",
            "speaker": {
              "id": "1번",
              "sex": "여성",
              "age": "20대"
            },
            "speechAct": "(지시) 질문하기",
            "morpheme": "그렇/VA+겠/EP+지/EF+지금/MAG+몇/MM+년/NNBC+정도/NNG+사귀/VV+었/EP+대/EF"
          },
          {
            "id": 16,
            "text": "2 : 아 몇 개월 안 됐을 거야",
            "norm_text": "아 몇 개월 안 됐을 거야",
            "speaker": {
              "id": "2번",
              "sex": "여성",
              "age": "20대"
            },
            "speechAct": "(단언) 주장하기",
            "morpheme": "아/IC+몇/MM+개월/NNBC+안/MAG+됐/VV+EP+을/ETM+거/NNB+야/VCP+EF"
          },
          {
            "id": 17,
            "text": "2 : 그냥 사진 보내면서  자기가 나중에 결혼할 상대라고 그러던데?",
            "norm_text": "그냥 사진 보내면서  자기가 나중에 결혼할 상대라고 그러던데?",
            "speaker": {
              "id": "2번",
              "sex": "여성",
              "age": "20대"
            },
            "speechAct": "(단언) 주장하기",
            "morpheme": "그냥/MAG+사진/NNG+보내/VV+면서/EC+자기/NP+가/JKS+나중/NNG+에/JKB+결혼/NNG+할/XSV+ETM+상대/NNG+라고/VCP+EC+그러/VV+던데/EF"
          },
          {
            "id": 18,
            "text": "1 : 동생 흑역사 생기는 거 아니냐 키키",
            "norm_text": "동생 흑역사 생기는 거 아니냐 키키",
            "speaker": {
              "id": "1번",
              "sex": "여성",
              "age": "20대"
            },
            "speechAct": "(단언) 주장하기",
            "morpheme": "동생/NNG+흑역사/NNP+생기/VV+는/ETM+거/NNB+아니/VCN+냐/EC+키/NNG+키/XSV+ETN"
          },
          {
            "id": 19,
            "text": "2 : 몰라 걔도 참 정신이 어디에 있는지",
            "norm_text": "몰라 걔도 참 정신이 어디에 있는지",
            "speaker": {
              "id": "2번",
              "sex": "여성",
              "age": "20대"
            },
            "speechAct": "(단언) 주장하기",
            "morpheme": "몰라/VV+EF+걔/NP+도/JX+참/MAG+정신/NNG+이/JKS+어디/NP+에/JKB+있/VV+는지/EC"
          }
        ]
      }
    }
  ]
}