{
  "dataset": {
    "identifier": 122198,
    "name": "BAND_45_04_set",
    "src_path": "/data/file/cubeManager/PROJECT001/80/txt20211103154613070169/BAND_45_04_set/",
    "label_path": "/data/file/cubeManager/PROJECT001/80/txt20211103154613070169/BAND_45_04_set/",
    "category": 2,
    "type": 0
  },
  "licenses": {
    "name": "Apache License 1.0",
    "url": "http://www.apache.org/licenses/LICENSE-1.0"
  },
  "info": [
    {
      "id": 135499,
      "filename": "BAND_45_04.txt",
      "title": "BAND_45_04",
      "mediatype": "SNS",
      "medianame": "네이버밴드",
      "category": "일상대화",
      "date": "2021-11-03",
      "size": 527,
      "annotations": {
        "subject": "회사/아르바이트",
        "speaker_type": "다자간 대화",
        "size": 527,
        "word_size": 180,
        "text": "1 : 직장생활 어때?\n1 : 할만 해?\n2 : 아니…\n2 : 전혀\n2 : 할만한 직장이 있을까 과연 ㅠㅠ\n3 : 원래 항상 월급 보고 버티는 거지\n1 : 요즘엔 뭐가 젤 힘들어?\n2 : 출근이 젤 힘드지 않을까 키키\n2 : 숨만 쉬어도 힘들어 ㅋㅋㅋㅋ\n3 : 단순 업무의 반복이 제일 힘들지\n1 : 키키 다들 동료들은 괜찮고? 키키\n1 : 그게 젤 중요해\n2 : 같이 일하시는 분들도 당연히 안 괜찮긴 한데 그냥 회사라는 자체가 힘든 거 같애 키키\n3 : 원래 일하는 사람끼리는 괜찮잖아\n1 : 키키 간혹 안 맞아서 힘들어하는 사람 있더라고\n2 : 그치\n2 : 보통 나이 많으신 분들이랑은 좀 안 맞는 부분이 많지\n3 : 나는 많으신 분들이 잘 챙겨주드라\n1 : 후 아침마다 부장님 컵 닦고 커피 갖다 드린 거 생각나네\n2 : 에공 ㅠㅠ\n2 : 나이 많은 것보다 조금 꼰대 같으면 힘들지 ㅠㅠ\n3 : 나는 커피 타다주시던데 다행이네\n1 : 키키 진짜 꼰대가 따로 없었어\n2 : 맞어\n2 : 꼰대 상사 한번 잘못 걸리면 진짜 ㅠㅠ\n3 : 꼰대는 싫어...\n3 : 젊은 꼰대는 더 싫어...",
        "lines": [
          {
            "id": 1,
            "text": "1 : 직장생활 어때?",
            "norm_text": "직장생활 어때?",
            "speaker": {
              "id": "1번",
              "sex": "여성",
              "age": "20대"
            },
            "speechAct": "(지시) 질문하기",
            "morpheme": "직장/NNG+생활/NNG+어때/VA+EF"
          },
          {
            "id": 2,
            "text": "1 : 할만 해?",
            "norm_text": "할만 해?",
            "speaker": {
              "id": "1번",
              "sex": "여성",
              "age": "20대"
            },
            "speechAct": "(지시) 질문하기",
            "morpheme": "할만/NNG+해/XSV+EF"
          },
          {
            "id": 3,
            "text": "2 : 아니…",
            "norm_text": "아니…",
            "speaker": {
              "id": "2번",
              "sex": "남성",
              "age": "20대"
            },
            "speechAct": "(단언) 주장하기",
            "morpheme": "아니/IC+…/SE"
          },
          {
            "id": 4,
            "text": "2 : 전혀",
            "norm_text": "전혀",
            "speaker": {
              "id": "2번",
              "sex": "남성",
              "age": "20대"
            },
            "speechAct": "(단언) 주장하기",
            "morpheme": "전혀/MAG"
          },
          {
            "id": 5,
            "text": "2 : 할만한 직장이 있을까 과연 ㅠㅠ",
            "norm_text": "할만한 직장이 있을까 과연 ㅠㅠ",
            "speaker": {
              "id": "2번",
              "sex": "남성",
              "age": "20대"
            },
            "speechAct": "(단언) 주장하기",
            "morpheme": "할/VV+ETM+만/NNB+한/XSA+ETM+직장/NNG+이/JKS+있/VA+을까/EF+과연/MAG+ㅠㅠ/UNKNOWN"
          },
          {
            "id": 6,
            "text": "3 : 원래 항상 월급 보고 버티는 거지",
            "norm_text": "원래 항상 월급 보고 버티는 거지",
            "speaker": {
              "id": "3번",
              "sex": "남성",
              "age": "20대"
            },
            "speechAct": "(단언) 주장하기",
            "morpheme": "원래/MAG+항상/MAG+월급/NNG+보/VV+고/EC+버티/VV+는/ETM+거/NNB+지/VCP+EC"
          },
          {
            "id": 7,
            "text": "1 : 요즘엔 뭐가 젤 힘들어?",
            "norm_text": "요즘엔 뭐가 젤 힘들어?",
            "speaker": {
              "id": "1번",
              "sex": "여성",
              "age": "20대"
            },
            "speechAct": "(지시) 질문하기",
            "morpheme": "요즘/NNG+엔/JKB+JX+뭐/NP+가/JKS+젤/MAG+힘들/VA+어/EF"
          },
          {
            "id": 8,
            "text": "2 : 출근이 젤 힘드지 않을까 키키",
            "norm_text": "출근이 젤 힘드지 않을까 키키",
            "speaker": {
              "id": "2번",
              "sex": "남성",
              "age": "20대"
            },
            "speechAct": "(단언) 주장하기",
            "morpheme": "출근/NNG+이/JKS+젤/MAG+힘드/VA+지/EC+않/VX+을까/EC+키/NNG+키/XSV+ETN"
          },
          {
            "id": 9,
            "text": "2 : 숨만 쉬어도 힘들어 ㅋㅋㅋㅋ",
            "norm_text": "숨만 쉬어도 힘들어 ㅋㅋㅋㅋ",
            "speaker": {
              "id": "2번",
              "sex": "남성",
              "age": "20대"
            },
            "speechAct": "(단언) 주장하기",
            "morpheme": "숨/NNG+만/JX+쉬/VV+어도/EC+힘들/VA+어/EC+ㅋㅋ/UNKNOWN+ㅋㅋ/UNKNOWN"
          },
          {
            "id": 10,
            "text": "3 : 단순 업무의 반복이 제일 힘들지",
            "norm_text": "단순 업무의 반복이 제일 힘들지",
            "speaker": {
              "id": "3번",
              "sex": "남성",
              "age": "20대"
            },
            "speechAct": "(단언) 주장하기",
            "morpheme": "단순/NNG+업무/NNG+의/JKG+반복/NNG+이/JKS+제일/MAG+힘들/VA+지/EC"
          },
          {
            "id": 11,
            "text": "1 : 키키 다들 동료들은 괜찮고? 키키",
            "norm_text": "키키 다들 동료들은 괜찮고? 키키",
            "speaker": {
              "id": "1번",
              "sex": "여성",
              "age": "20대"
            },
            "speechAct": "(지시) 질문하기",
            "morpheme": "키/NNG+키/VV+다/EC+들/XSN+동료/NNG+들/XSN+은/JX+괜찮/VA+고/EC+?/SY+키/NNG+키/XSV+ETN"
          },
          {
            "id": 12,
            "text": "1 : 그게 젤 중요해",
            "norm_text": "그게 젤 중요해",
            "speaker": {
              "id": "1번",
              "sex": "여성",
              "age": "20대"
            },
            "speechAct": "(단언) 주장하기",
            "morpheme": "그게/NP+JKS+젤/MAG+중요/NNG+해/XSV+EC"
          },
          {
            "id": 13,
            "text": "2 : 같이 일하시는 분들도 당연히 안 괜찮긴 한데 그냥 회사라는 자체가 힘든 거 같애 키키",
            "norm_text": "같이 일하시는 분들도 당연히 안 괜찮긴 한데 그냥 회사라는 자체가 힘든 거 같애 키키",
            "speaker": {
              "id": "2번",
              "sex": "남성",
              "age": "20대"
            },
            "speechAct": "(단언) 주장하기",
            "morpheme": "같이/MAG+일/NNG+하/XSV+시/EP+는/ETM+분/NNB+들/XSN+도/JX+당연히/MAG+안/MAG+괜찮/VA+긴/ETN+JX+한데/VX+EC+그냥/MAG+회사/NNG+라는/VCP+ETM+자체/NNG+가/JKS+힘든/VA+ETM+거/NNB+같/VA+애/EF+키/NNG+키/XSV+ETN"
          },
          {
            "id": 14,
            "text": "3 : 원래 일하는 사람끼리는 괜찮잖아",
            "norm_text": "원래 일하는 사람끼리는 괜찮잖아",
            "speaker": {
              "id": "3번",
              "sex": "남성",
              "age": "20대"
            },
            "speechAct": "(단언) 주장하기",
            "morpheme": "원래/MAG+일/NNG+하/XSV+는/ETM+사람/NNG+끼리/XSN+는/JX+괜찮/VA+잖아/EC"
          },
          {
            "id": 15,
            "text": "1 : 키키 간혹 안 맞아서 힘들어하는 사람 있더라고",
            "norm_text": "키키 간혹 안 맞아서 힘들어하는 사람 있더라고",
            "speaker": {
              "id": "1번",
              "sex": "여성",
              "age": "20대"
            },
            "speechAct": "(단언) 주장하기",
            "morpheme": "키/NNG+키/XSV+ETN+간혹/MAG+안/MAG+맞/VV+아서/EC+힘들/VA+어/EC+하/VV+는/ETM+사람/NNG+있/VV+더라고/EC"
          },
          {
            "id": 16,
            "text": "2 : 그치",
            "norm_text": "그치",
            "speaker": {
              "id": "2번",
              "sex": "남성",
              "age": "20대"
            },
            "speechAct": "(단언) 주장하기",
            "morpheme": "그치/IC"
          },
          {
            "id": 17,
            "text": "2 : 보통 나이 많으신 분들이랑은 좀 안 맞는 부분이 많지",
            "norm_text": "보통 나이 많으신 분들이랑은 좀 안 맞는 부분이 많지",
            "speaker": {
              "id": "2번",
              "sex": "남성",
              "age": "20대"
            },
            "speechAct": "(단언) 주장하기",
            "morpheme": "보통/NNG+나이/NNG+많/VA+으신/EP+ETM+분/NNB+들/XSN+이랑/JKB+은/JX+좀/MAG+안/MAG+맞/VV+는/ETM+부분/NNG+이/JKS+많/VA+지/EC"
          },
          {
            "id": 18,
            "text": "3 : 나는 많으신 분들이 잘 챙겨주드라",
            "norm_text": "나는 많으신 분들이 잘 챙겨주드라",
            "speaker": {
              "id": "3번",
              "sex": "남성",
              "age": "20대"
            },
            "speechAct": "(단언) 주장하기",
            "morpheme": "나/NP+는/JX+많/VA+으신/EP+ETM+분/NNB+들/XSN+이/JKS+잘/MAG+챙겨/VV+EC+주/VX+드라/EC"
          },
          {
            "id": 19,
            "text": "1 : 후 아침마다 부장님 컵 닦고 커피 갖다 드린 거 생각나네",
            "norm_text": "후 아침마다 부장님 컵 닦고 커피 갖다 드린 거 생각나네",
            "speaker": {
              "id": "1번",
              "sex": "여성",
              "age": "20대"
            },
            "speechAct": "(단언) 진술하기",
            "morpheme": "후/NNG+아침/NNG+마다/JX+부장/NNG+님/XSN+컵/NNG+닦/VV+고/EC+커피/NNG+갖/VV+다/EC+드린/VX+ETM+거/NNB+생각/NNG+나/NP+네/XSN"
          },
          {
            "id": 20,
            "text": "2 : 에공 ㅠㅠ",
            "norm_text": "에공 ㅠㅠ",
            "speaker": {
              "id": "2번",
              "sex": "남성",
              "age": "20대"
            },
            "speechAct": "(단언) 주장하기",
            "morpheme": "에공ㅠㅠ/UNKNOWN"
          },
          {
            "id": 21,
            "text": "2 : 나이 많은 것보다 조금 꼰대 같으면 힘들지 ㅠㅠ",
            "norm_text": "나이 많은 것보다 조금 꼰대 같으면 힘들지 ㅠㅠ",
            "speaker": {
              "id": "2번",
              "sex": "남성",
              "age": "20대"
            },
            "speechAct": "(단언) 주장하기",
            "morpheme": "나이/NNG+많/VA+은/ETM+것/NNB+보다/JKB+조금/MAG+꼰대/NNG+같/VA+으면/EC+힘들/VA+지/EC+ㅠㅠ/UNKNOWN"
          },
          {
            "id": 22,
            "text": "3 : 나는 커피 타다주시던데 다행이네",
            "norm_text": "나는 커피 타다주시던데 다행이네",
            "speaker": {
              "id": "3번",
              "sex": "남성",
              "age": "20대"
            },
            "speechAct": "(단언) 주장하기",
            "morpheme": "나/NP+는/JX+커피/NNG+타/VV+다/EC+주/VX+시/EP+던데/EC+다행/NNG+이/VCP+네/EC"
          },
          {
            "id": 23,
            "text": "1 : 키키 진짜 꼰대가 따로 없었어",
            "norm_text": "키키 진짜 꼰대가 따로 없었어",
            "speaker": {
              "id": "1번",
              "sex": "여성",
              "age": "20대"
            },
            "speechAct": "(단언) 주장하기",
            "morpheme": "키/NNG+키/XSV+ETN+진짜/MAG+꼰대/NNG+가/JKS+따로/MAG+없/VA+었/EP+어/EC"
          },
          {
            "id": 24,
            "text": "2 : 맞어",
            "norm_text": "맞어",
            "speaker": {
              "id": "2번",
              "sex": "남성",
              "age": "20대"
            },
            "speechAct": "(단언) 주장하기",
            "morpheme": "맞/VV+어/EC"
          },
          {
            "id": 25,
            "text": "2 : 꼰대 상사 한번 잘못 걸리면 진짜 ㅠㅠ",
            "norm_text": "꼰대 상사 한번 잘못 걸리면 진짜 ㅠㅠ",
            "speaker": {
              "id": "2번",
              "sex": "남성",
              "age": "20대"
            },
            "speechAct": "(단언) 주장하기",
            "morpheme": "꼰대/NNG+상사/NNG+한/MM+번/NNBC+잘못/MAG+걸리/VV+면/EC+진짜/MAG+ㅠㅠ/UNKNOWN"
          },
          {
            "id": 26,
            "text": "3 : 꼰대는 싫어...",
            "norm_text": "꼰대는 싫어...",
            "speaker": {
              "id": "3번",
              "sex": "남성",
              "age": "20대"
            },
            "speechAct": "(표현) 부정감정 표현하기",
            "morpheme": "꼰대/NNG+는/JX+싫/VA+어/EF+./SY"
          },
          {
            "id": 27,
            "text": "3 : 젊은 꼰대는 더 싫어...",
            "norm_text": "젊은 꼰대는 더 싫어...",
            "speaker": {
              "id": "3번",
              "sex": "남성",
              "age": "20대"
            },
            "speechAct": "(표현) 부정감정 표현하기",
            "morpheme": "젊/VA+은/ETM+꼰대/NNG+는/JX+더/MAG+싫/VA+어/EF+./SY"
          }
        ]
      }
    }
  ]
}