{
  "dataset": {
    "identifier": 21054,
    "name": "BAND_27_03_set",
    "src_path": "/data/file/cubeManager/PROJECT001/49/txt20210916151141048037/BAND_27_03_set/",
    "label_path": "/data/file/cubeManager/PROJECT001/49/txt20210916151141048037/BAND_27_03_set/",
    "category": 2,
    "type": 0
  },
  "licenses": {
    "name": "Apache License 1.0",
    "url": "http://www.apache.org/licenses/LICENSE-1.0"
  },
  "info": [
    {
      "id": 28573,
      "filename": "BAND_27_03.txt",
      "title": "BAND_27_03",
      "mediatype": "SNS",
      "medianame": "네이버밴드",
      "category": "일상대화",
      "date": "2021-09-16",
      "size": 430,
      "annotations": {
        "subject": "교통",
        "speaker_type": "1:1",
        "size": 430,
        "word_size": 151,
        "text": "1 : 너네 집에서 버스 정류장이 멀어?\n2 : 어 멀어 꽤 걸어야 가야 해\n1 : 몇 분 정도 걸어야 해?\n2 : 어 10분 정도 걸어야 하는 거 같아\n1 : 괜찮아 우리 논산 집도 10분은 기본이야 키키\n2 : 그치 근데 아무래도 서울이 가는 데 마다 있을 걸\n1 : 그러면 고속버스 타러 가려면 몇 분 정도 걸려?\n2 : 고속 버스는 걸어가 보지는 않았고 차로 8분 정도 걸린 거 같아\n1 : 우리 집은 차로 15분 정도 걸려 키키\n2 : 우리는 꽤 가까이라서 다행이다 키키\n1 : 그러니까 너는 복 받은 줄 알아!\n2 : 네이 복을 이런 데에 썼나 봐 ㅜㅜ\n1 : 키키 아니야 더 좋은 곳으로 이사 갈 수 있는 능력 충분히 돼!\n2 : 키키 고맙다 내 눈을 좀 낮춰야겠네\n2 : 조건 맞춰서 들어 갈려면\n1 : 그래 현실을 직시하렴 친구야 키키\n2 : 현실 직시 딱 그거네 고맙다 이 친구야",
        "lines": [
          {
            "id": 1,
            "text": "1 : 너네 집에서 버스 정류장이 멀어?",
            "norm_text": "너네 집에서 버스 정류장이 멀어?",
            "speaker": {
              "id": "1번",
              "sex": "여성",
              "age": "20대"
            },
            "speechAct": "(지시) 질문하기",
            "morpheme": "너/NP+네/XSN+집/NNG+에서/JKB+버스/NNG+정류장/NNG+이/JKS+멀/VA+어/EF"
          },
          {
            "id": 2,
            "text": "2 : 어 멀어 꽤 걸어야 가야 해",
            "norm_text": "어 멀어 꽤 걸어야 가야 해",
            "speaker": {
              "id": "2번",
              "sex": "여성",
              "age": "20대"
            },
            "speechAct": "(단언) 진술하기",
            "morpheme": "어/IC+멀/VA+어/EC+꽤/MAG+걸어야/VV+EC+가/VX+야/EC+해/VV+EC"
          },
          {
            "id": 3,
            "text": "1 : 몇 분 정도 걸어야 해?",
            "norm_text": "몇 분 정도 걸어야 해?",
            "speaker": {
              "id": "1번",
              "sex": "여성",
              "age": "20대"
            },
            "speechAct": "(지시) 질문하기",
            "morpheme": "몇/MM+분/NNBC+정도/NNG+걸어야/VV+EC+해/VX+EF"
          },
          {
            "id": 4,
            "text": "2 : 어 10분 정도 걸어야 하는 거 같아",
            "norm_text": "어 10분 정도 걸어야 하는 거 같아",
            "speaker": {
              "id": "2번",
              "sex": "여성",
              "age": "20대"
            },
            "speechAct": "(단언) 진술하기",
            "morpheme": "어/IC+10/SN+분/NNBC+정도/NNG+걸어야/VV+EC+하/VV+는/ETM+거/NNB+같/VA+아/EC"
          },
          {
            "id": 5,
            "text": "1 : 괜찮아 우리 논산 집도 10분은 기본이야 키키",
            "norm_text": "괜찮아 우리 논산 집도 10분은 기본이야 키키",
            "speaker": {
              "id": "1번",
              "sex": "여성",
              "age": "20대"
            },
            "speechAct": "(단언) 진술하기",
            "morpheme": "괜찮/VA+아/EC+우리/NP+논산/NNP+집/NNG+도/JX+10/SN+분/NNBC+은/JX+기본/NNG+이/VCP+야/EC+키/NNG+키/XSV+ETN"
          },
          {
            "id": 6,
            "text": "2 : 그치 근데 아무래도 서울이 가는 데 마다 있을 걸",
            "norm_text": "그치 근데 아무래도 서울이 가는 데 마다 있을 걸",
            "speaker": {
              "id": "2번",
              "sex": "여성",
              "age": "20대"
            },
            "speechAct": "(단언) 주장하기",
            "morpheme": "그치/IC+근데/MAJ+아무래도/MAG+서울/NNP+이/JKS+가/VV+는/ETM+데/NNB+마다/JX+있/VA+을/ETM+걸/NNB+JKO"
          },
          {
            "id": 7,
            "text": "1 : 그러면 고속버스 타러 가려면 몇 분 정도 걸려?",
            "norm_text": "그러면 고속버스 타러 가려면 몇 분 정도 걸려?",
            "speaker": {
              "id": "1번",
              "sex": "여성",
              "age": "20대"
            },
            "speechAct": "(지시) 질문하기",
            "morpheme": "그러면/MAJ+고속버스/NNG+타/VV+러/EC+가/VX+려면/EC+몇/MM+분/NNBC+정도/NNG+걸려/VV+EF"
          },
          {
            "id": 8,
            "text": "2 : 고속 버스는 걸어가 보지는 않았고 차로 8분 정도 걸린 거 같아",
            "norm_text": "고속 버스는 걸어가 보지는 않았고 차로 8분 정도 걸린 거 같아",
            "speaker": {
              "id": "2번",
              "sex": "여성",
              "age": "20대"
            },
            "speechAct": "(단언) 주장하기",
            "morpheme": "고속버스/NNG+는/JX+걸어가/VV+EC+보/VX+지/EC+는/JX+않/VX+았/EP+고/EC+차/NNG+로/JKB+8/SN+분/NNBC+정도/NNG+걸린/VV+ETM+거/NNB+같/VA+아/EC"
          },
          {
            "id": 9,
            "text": "1 : 우리 집은 차로 15분 정도 걸려 키키",
            "norm_text": "우리 집은 차로 15분 정도 걸려 키키",
            "speaker": {
              "id": "1번",
              "sex": "여성",
              "age": "20대"
            },
            "speechAct": "(단언) 진술하기",
            "morpheme": "우리/NP+집/NNG+은/JX+차/NNG+로/JKB+15/SN+분/NNBC+정도/NNG+걸려/VV+EC+키/NNG+키/XSV+ETN"
          },
          {
            "id": 10,
            "text": "2 : 우리는 꽤 가까이라서 다행이다 키키",
            "norm_text": "우리는 꽤 가까이라서 다행이다 키키",
            "speaker": {
              "id": "2번",
              "sex": "여성",
              "age": "20대"
            },
            "speechAct": "(단언) 주장하기",
            "morpheme": "우리/NP+는/JX+꽤/MAG+가까이/NNG+라서/VCP+EC+다행/NNG+이/JKS+다키키/NNP"
          },
          {
            "id": 11,
            "text": "1 : 그러니까 너는 복 받은 줄 알아!",
            "norm_text": "그러니까 너는 복 받은 줄 알아!",
            "speaker": {
              "id": "1번",
              "sex": "여성",
              "age": "20대"
            },
            "speechAct": "(단언) 주장하기",
            "morpheme": "그러니까/MAJ+너/NP+는/JX+복/NNG+받/VV+은/ETM+줄/NNB+알/VV+아/EF"
          },
          {
            "id": 12,
            "text": "2 : 네이 복을 이런 데에 썼나 봐 ㅜㅜ",
            "norm_text": "네이 복을 이런 데에 썼나 봐 ㅜㅜ",
            "speaker": {
              "id": "2번",
              "sex": "여성",
              "age": "20대"
            },
            "speechAct": "(단언) 주장하기",
            "morpheme": "네/IC+이복/NNG+을/JKO+이런/MM+데/NNB+에/JKB+썼/VV+EP+나/EC+봐/VX+EF+ㅜㅜ/UNKNOWN"
          },
          {
            "id": 13,
            "text": "1 : 키키 아니야 더 좋은 곳으로 이사 갈 수 있는 능력 충분히 돼!",
            "norm_text": "키키 아니야 더 좋은 곳으로 이사 갈 수 있는 능력 충분히 돼!",
            "speaker": {
              "id": "1번",
              "sex": "여성",
              "age": "20대"
            },
            "speechAct": "(단언) 주장하기",
            "morpheme": "키/NNG+키/XSV+ETN+아니/VCN+야/EC+더/MAG+좋/VA+은/ETM+곳/NNG+으로/JKB+이사/NNG+갈/VV+ETM+수/NNB+있/VV+는/ETM+능력/NNG+충분히/MAG+돼/VV+EF"
          },
          {
            "id": 14,
            "text": "2 : 키키 고맙다 내 눈을 좀 낮춰야겠네",
            "norm_text": "키키 고맙다 내 눈을 좀 낮춰야겠네",
            "speaker": {
              "id": "2번",
              "sex": "여성",
              "age": "20대"
            },
            "speechAct": "(단언) 주장하기",
            "morpheme": "키/NNG+키/XSV+ETN+고맙/VA+다/EF+내/NP+JKG+눈/NNG+을/JKO+좀/MAG+낮춰야/VV+EC+겠/EP+네/EF"
          },
          {
            "id": 15,
            "text": "2 : 조건 맞춰서 들어 갈려면",
            "norm_text": "조건 맞춰서 들어 갈려면",
            "speaker": {
              "id": "2번",
              "sex": "여성",
              "age": "20대"
            },
            "speechAct": "(단언) 주장하기",
            "morpheme": "조건/NNG+맞춰서/VV+EC+들/VV+어/EC+갈려면/VV+EC"
          },
          {
            "id": 16,
            "text": "1 : 그래 현실을 직시하렴 친구야 키키",
            "norm_text": "그래 현실을 직시하렴 친구야 키키",
            "speaker": {
              "id": "1번",
              "sex": "여성",
              "age": "20대"
            },
            "speechAct": "(지시) 명령/요구하기",
            "morpheme": "그래/IC+현실/NNG+을/JKO+직시/NNG+하/XSV+렴/EC+친구/NNG+야/VCP+EF+키/NNG+키/XSV+ETN"
          },
          {
            "id": 17,
            "text": "2 : 현실 직시 딱 그거네 고맙다 이 친구야",
            "norm_text": "현실 직시 딱 그거네 고맙다 이 친구야",
            "speaker": {
              "id": "2번",
              "sex": "여성",
              "age": "20대"
            },
            "speechAct": "(표현) 감사하기",
            "morpheme": "현실/NNG+직시/NNG+딱/MAG+그거/NP+네/XSN+고맙/VA+다/EF+이/MM+친구/NNG+야/VCP+EF"
          }
        ]
      }
    }
  ]
}