{
  "dataset": {
    "identifier": 30118,
    "name": "BAND_22_12_set",
    "src_path": "/data/file/cubeManager/PROJECT001/49/txt202109151100360587103/BAND_22_12_set/",
    "label_path": "/data/file/cubeManager/PROJECT001/49/txt202109151100360587103/BAND_22_12_set/",
    "category": 2,
    "type": 0
  },
  "licenses": {
    "name": "Apache License 1.0",
    "url": "http://www.apache.org/licenses/LICENSE-1.0"
  },
  "info": [
    {
      "id": 25411,
      "filename": "BAND_22_12.txt",
      "title": "BAND_22_12",
      "mediatype": "SNS",
      "medianame": "네이버밴드",
      "category": "일상대화",
      "date": "2021-09-15",
      "size": 1254,
      "annotations": {
        "subject": "여행",
        "speaker_type": "1:1",
        "size": 1254,
        "word_size": 428,
        "text": "1 : 여행 갈 때 계획 짜는 편이야?\n2 : 계획을 짜긴 해... 키키\n2 : 근데 거의 잘 안 지키는 듯?\n2 : 그리고 사실 때때로 좀 틀려!\n3 : 나는 세부적으로 못 짜는데 큰 틀은 짜\n3 : 오늘은 어디에서 어디 돌자! 이런 식?\n1 : 나도 이 날짜에 여기 여기 가자! 이런 거 정해 놓고 가 맛집도 찾아봐야 돼 미리!\n2 : 난 계획 잘 짜는 사람 좋아 키키 내가 잘 못 짜서\n3 : 근데 나나랑 여행 가면 밥 먹는 거는 걱정 없이 다닐 수 있을 듯 키키\n1 : 키키 나만 따라와!\n1 : 진짜 나 제주도 가서 점심 저녁 야식 이렇게 만날 먹음 키키\n2 : 와 키키 내 친구 중에 엠비티아이 제이형 있거든? 계획형 키키\n2 : 걔랑 만나면 짱 좋아\n2 : 맨날 경로랑 밥집 다 찾아줘\n3 : 키키 근데 계획 잡는 애는 한 명만 있으면 충분해 아니면 싸워\n3 : 계획 잡는 애, 총무, 따라오는 애 이렇게 가자\n1 : 그래?\n1 : 그러고 보니까 나 제이 아닌데 키키\n1 : 생각해보니까 친구들이랑 여행 갈 때는 친구들이 다 짜면 그냥 따라다녀\n2 : 맞아 키키 나도 잘 따라 다니는 애야\n2 : 근데 플러스 총무도 한다!\n2 : 지금 곗돈 내가 담당하는 중이야  하하\n3 : 키키 근데 만약 우리가 간다고 생각하면 나는 풍경 위주로 찾고 나나는 맛집 찾고 언니는 길을 찾으면 되겠당!\n1 : 키키 오오오 좋아 좋아 카\n1 : 근데 나는 여행 갈 때 카페는 일정에 안 넣는데 친구들이랑 가면 꼭 예쁜 카페 가더라 키키\n2 : 카페 넣어! 키키\n2 : 우리 네 명 여행 가면 나나가 계획 짜고 **이는 따라오고 나는 총무하고 **이는 바보 하면 되겠다!\n3 : 키키 딱이야!\n3 : 카페 넣어야지 잠깐 쉬어가는 타임에 필수야\n1 : 키키 **이는 바보하면 된대 짱웃겨 키키\n1 : 그래? 카페 다들 필수구나\n2 : 뿌듯하다\n2 : 포지션 딱 잘 정했지?\n2 : 카페는 왜냐면 쉬어가는 타임 키키\n2 : 그리고 플러스 사진 찍어야지~\n3 : 요새 어디 제일 가고 싶어?\n1 : 키키 그래! 요즘 바다 가서 수영하고 싶었는데 코로나 때문에 못 갔다 ㅜㅜ\n2 : 키키 난 수영 못해!\n2 : 튜브 필수야\n3 : 키키 바보!\n3 : 수영장 가고 싶다\n3 : 캐리비안베이 미끄럼틀 타고 파\n1 : 나도 튜브 필수야\n1 : 튜브 타고 파도 타야 재밌다구~\n1 : 맞아 워터파크 놀이기구 타고 싶다!\n2 : 워터파크 파도풀 맨 앞으로 가는데 내가 잘 못 가니까 친구가 나 끌고 갔었어\n2 : 키키 아주 고마운 친구야...\n3 : 키키 맨 앞으로 가긴 갔네\n3 : 나는 맨앞에 간 적 없어\n3 : 맨날 중간쯤에 둥둥 떠있어 넘 깊어",
        "lines": [
          {
            "id": 1,
            "text": "1 : 여행 갈 때 계획 짜는 편이야?",
            "norm_text": "여행 갈 때 계획 짜는 편이야?",
            "speaker": {
              "id": "1번",
              "sex": "여성",
              "age": "20대"
            },
            "speechAct": "(지시) 질문하기",
            "morpheme": "여행/NNG+갈/VV+ETM+때/NNG+계획/NNG+짜/VV+는/ETM+편/NNB+이/VCP+야/EF"
          },
          {
            "id": 2,
            "text": "2 : 계획을 짜긴 해... 키키",
            "norm_text": "계획을 짜긴 해... 키키",
            "speaker": {
              "id": "2번",
              "sex": "여성",
              "age": "20대"
            },
            "speechAct": "(단언) 진술하기",
            "morpheme": "계획/NNG+을/JKO+짜/VV+긴/ETN+JX+해/VX+EF+./SY+키/NNG+키/XSV+ETN"
          },
          {
            "id": 3,
            "text": "2 : 근데 거의 잘 안 지키는 듯?",
            "norm_text": "근데 거의 잘 안 지키는 듯?",
            "speaker": {
              "id": "2번",
              "sex": "여성",
              "age": "20대"
            },
            "speechAct": "(단언) 진술하기",
            "morpheme": "근데/MAJ+거의/MAG+잘/MAG+안/MAG+지키/VV+는/ETM+듯/NNB"
          },
          {
            "id": 4,
            "text": "2 : 그리고 사실 때때로 좀 틀려!",
            "norm_text": "그리고 사실 때때로 좀 틀려!",
            "speaker": {
              "id": "2번",
              "sex": "여성",
              "age": "20대"
            },
            "speechAct": "(단언) 진술하기",
            "morpheme": "그리고/MAJ+사실/MAG+때때로/MAG+좀/MAG+틀려/VA+EF"
          },
          {
            "id": 5,
            "text": "3 : 나는 세부적으로 못 짜는데 큰 틀은 짜",
            "norm_text": "나는 세부적으로 못 짜는데 큰 틀은 짜",
            "speaker": {
              "id": "3번",
              "sex": "여성",
              "age": "20대"
            },
            "speechAct": "(단언) 진술하기",
            "morpheme": "나/NP+는/JX+세부/NNG+적/XSN+으로/JKB+못/MAG+짜/VV+는/ETM+데/NNB+큰/VA+ETM+틀/NNG+은/JX+짜/VV+EC"
          },
          {
            "id": 6,
            "text": "3 : 오늘은 어디에서 어디 돌자! 이런 식?",
            "norm_text": "오늘은 어디에서 어디 돌자! 이런 식?",
            "speaker": {
              "id": "3번",
              "sex": "여성",
              "age": "20대"
            },
            "speechAct": "(단언) 진술하기",
            "morpheme": "오늘/NNG+은/JX+어디/NP+에서/JKB+어디/NP+돌/VV+자/EF+이런/MM+식/NNB"
          },
          {
            "id": 7,
            "text": "1 : 나도 이 날짜에 여기 여기 가자! 이런 거 정해 놓고 가 맛집도 찾아봐야 돼 미리!",
            "norm_text": "나도 이 날짜에 여기 여기 가자! 이런 거 정해 놓고 가 맛집도 찾아봐야 돼 미리!",
            "speaker": {
              "id": "1번",
              "sex": "여성",
              "age": "20대"
            },
            "speechAct": "(단언) 진술하기",
            "morpheme": "나/NP+도/JX+이/MM+날짜/NNG+에/JKB+여기/NP+여기/NP+가/JKS+자/IC+이런/MM+거정/NNG+해/XSV+EC+놓/VX+고/EC+가/JKS+맛집/NNG+도/JX+찾/VV+아/EC+봐야/VX+EC+돼/VV+EF+미리/MAG"
          },
          {
            "id": 8,
            "text": "2 : 난 계획 잘 짜는 사람 좋아 키키 내가 잘 못 짜서",
            "norm_text": "난 계획 잘 짜는 사람 좋아 키키 내가 잘 못 짜서",
            "speaker": {
              "id": "2번",
              "sex": "여성",
              "age": "20대"
            },
            "speechAct": "(단언) 주장하기",
            "morpheme": "난/NP+JX+계획/NNG+잘/MAG+짜/VV+는/ETM+사람/NNG+좋/VA+아/EC+키/NNG+키/XSV+ETN+내/NP+가/JKS+잘못/MAG+짜/VV+서/EC"
          },
          {
            "id": 9,
            "text": "3 : 근데 나나랑 여행 가면 밥 먹는 거는 걱정 없이 다닐 수 있을 듯 키키",
            "norm_text": "근데 나나랑 여행 가면 밥 먹는 거는 걱정 없이 다닐 수 있을 듯 키키",
            "speaker": {
              "id": "3번",
              "sex": "여성",
              "age": "20대"
            },
            "speechAct": "(단언) 주장하기",
            "morpheme": "근데/MAJ+나/NP+나/NP+랑/JKB+여행/NNG+가/VV+면/EC+밥/NNG+먹/VV+는/ETM+거/NNB+는/JX+걱정/NNG+없이/MAG+다닐/VV+ETM+수/NNB+있/VV+을/ETM+듯/NNB+키/NNG+키/XSV+ETN"
          },
          {
            "id": 10,
            "text": "1 : 키키 나만 따라와!",
            "norm_text": "키키 나만 따라와!",
            "speaker": {
              "id": "1번",
              "sex": "여성",
              "age": "20대"
            },
            "speechAct": "(지시) 충고/제안하기",
            "morpheme": "키/NNG+키나/XSA+ETN+JX+만/JX+따라와/VV+EF"
          },
          {
            "id": 11,
            "text": "1 : 진짜 나 제주도 가서 점심 저녁 야식 이렇게 만날 먹음 키키",
            "norm_text": "진짜 나 제주도 가서 점심 저녁 야식 이렇게 만날 먹음 키키",
            "speaker": {
              "id": "1번",
              "sex": "여성",
              "age": "20대"
            },
            "speechAct": "(단언) 진술하기",
            "morpheme": "진짜/NNG+나/JC+제주/NNP+도/JX+가/VV+서/EC+점심/NNG+저녁/NNG+야식/NNG+이렇게/MAG+만날/MAG+먹/VV+음/ETN+키/NNG+키/XSV+ETN"
          },
          {
            "id": 12,
            "text": "2 : 와 키키 내 친구 중에 엠비티아이 제이형 있거든? 계획형 키키",
            "norm_text": "와 키키 내 친구 중에 엠비티아이 제이형 있거든? 계획형 키키",
            "speaker": {
              "id": "2번",
              "sex": "여성",
              "age": "20대"
            },
            "speechAct": "(단언) 진술하기",
            "morpheme": "와키/NNP+키/NNG+내/NNB+친구/NNG+중/NNB+에/JKB+엠/NNG+비티/NNP+아/JKV+이제/MAG+이/MM+형/NNG+있/VA+거든/EF+계획/NNG+형/XSN+키/NNG+키/XSV+ETN"
          },
          {
            "id": 13,
            "text": "2 : 걔랑 만나면 짱 좋아",
            "norm_text": "걔랑 만나면 짱 좋아",
            "speaker": {
              "id": "2번",
              "sex": "여성",
              "age": "20대"
            },
            "speechAct": "(단언) 주장하기",
            "morpheme": "걔/NP+랑/JKB+만나/VV+면/EC+짱/NNG+좋/VA+아/EC"
          },
          {
            "id": 14,
            "text": "2 : 맨날 경로랑 밥집 다 찾아줘",
            "norm_text": "맨날 경로랑 밥집 다 찾아줘",
            "speaker": {
              "id": "2번",
              "sex": "여성",
              "age": "20대"
            },
            "speechAct": "(단언) 진술하기",
            "morpheme": "맨날/MAG+경로/NNG+랑/JKB+밥집/NNG+다/MAG+찾/VV+아/EC+줘/VX+EC"
          },
          {
            "id": 15,
            "text": "3 : 키키 근데 계획 잡는 애는 한 명만 있으면 충분해 아니면 싸워",
            "norm_text": "키키 근데 계획 잡는 애는 한 명만 있으면 충분해 아니면 싸워",
            "speaker": {
              "id": "3번",
              "sex": "여성",
              "age": "20대"
            },
            "speechAct": "(단언) 주장하기",
            "morpheme": "키/NNG+키/XSV+ETN+근데/MAJ+계획/NNG+잡/VV+는/ETM+애/NNG+는/JX+한/MM+명/NNBC+만/JX+있/VX+으면/EC+충분/XR+해/XSA+EC+아니/VCN+면/EC+싸워/VV+EC"
          },
          {
            "id": 16,
            "text": "3 : 계획 잡는 애, 총무, 따라오는 애 이렇게 가자",
            "norm_text": "계획 잡는 애, 총무, 따라오는 애 이렇게 가자",
            "speaker": {
              "id": "3번",
              "sex": "여성",
              "age": "20대"
            },
            "speechAct": "(단언) 주장하기",
            "morpheme": "계획/NNG+잡/VV+는/ETM+애/NNG+,/SC+총무/NNG+,/SC+따라오/VV+는/ETM+애/NNG+이렇게/MAG+가/VV+자/EC"
          },
          {
            "id": 17,
            "text": "1 : 그래?",
            "norm_text": "그래?",
            "speaker": {
              "id": "1번",
              "sex": "여성",
              "age": "20대"
            },
            "speechAct": "턴토크 사인(관습적 반응)",
            "morpheme": "그래/IC"
          },
          {
            "id": 18,
            "text": "1 : 그러고 보니까 나 제이 아닌데 키키",
            "norm_text": "그러고 보니까 나 제이 아닌데 키키",
            "speaker": {
              "id": "1번",
              "sex": "여성",
              "age": "20대"
            },
            "speechAct": "(단언) 진술하기",
            "morpheme": "그러/VV+고/EC+보/VX+니까/EC+나제/NNG+이/JKC+아닌데/VCN+EC+키/NNG+키/XSV+ETN"
          },
          {
            "id": 19,
            "text": "1 : 생각해보니까 친구들이랑 여행 갈 때는 친구들이 다 짜면 그냥 따라다녀",
            "norm_text": "생각해보니까 친구들이랑 여행 갈 때는 친구들이 다 짜면 그냥 따라다녀",
            "speaker": {
              "id": "1번",
              "sex": "여성",
              "age": "20대"
            },
            "speechAct": "(단언) 진술하기",
            "morpheme": "생각/NNG+해/XSV+EC+보/VX+니까/EC+친구/NNG+들/XSN+이랑/JKB+여행/NNG+갈/VV+ETM+때/NNG+는/JX+친구/NNG+들/XSN+이/JKS+다/MAG+짜/VV+면/EC+그냥/MAG+따라다녀/VV+EC"
          },
          {
            "id": 20,
            "text": "2 : 맞아 키키 나도 잘 따라 다니는 애야",
            "norm_text": "맞아 키키 나도 잘 따라 다니는 애야",
            "speaker": {
              "id": "2번",
              "sex": "여성",
              "age": "20대"
            },
            "speechAct": "(단언) 진술하기",
            "morpheme": "맞/VV+아/EC+키/NNG+키나/XSA+ETN+JX+도/JX+잘/MAG+따라다니/VV+는/ETM+애/NNG+야/VCP+EF"
          },
          {
            "id": 21,
            "text": "2 : 근데 플러스 총무도 한다!",
            "norm_text": "근데 플러스 총무도 한다!",
            "speaker": {
              "id": "2번",
              "sex": "여성",
              "age": "20대"
            },
            "speechAct": "(단언) 진술하기",
            "morpheme": "근데/MAJ+플러스/NNG+총무/NNG+도/JX+한다/VV+EF"
          },
          {
            "id": 22,
            "text": "2 : 지금 곗돈 내가 담당하는 중이야  하하",
            "norm_text": "지금 곗돈 내가 담당하는 중이야  하하",
            "speaker": {
              "id": "2번",
              "sex": "여성",
              "age": "20대"
            },
            "speechAct": "(단언) 진술하기",
            "morpheme": "지금/MAG+곗돈/NNG+내/NP+가/JKS+담당/NNG+하/XSV+는/ETM+중/NNB+이/VCP+야/EC+하하/MAG"
          },
          {
            "id": 23,
            "text": "3 : 키키 근데 만약 우리가 간다고 생각하면 나는 풍경 위주로 찾고 나나는 맛집 찾고 언니는 길을 찾으면 되겠당!",
            "norm_text": "키키 근데 만약 우리가 간다고 생각하면 나는 풍경 위주로 찾고 나나는 맛집 찾고 언니는 길을 찾으면 되겠당!",
            "speaker": {
              "id": "3번",
              "sex": "여성",
              "age": "20대"
            },
            "speechAct": "(지시) 충고/제안하기",
            "morpheme": "키/NNG+키/XSV+ETN+근데/MAJ+만약/MAG+우리/NP+가/JKS+간다고/VV+EC+생각/NNG+하/XSV+면/EC+나/NP+는/JX+풍경/NNG+위주/NNG+로/JKB+찾/VV+고/EC+나/NP+나/NP+는/JX+맛집/NNG+찾/VV+고/EC+언니/NNG+는/JX+길/NNG+을/JKO+찾/VV+으면/EC+되/VV+겠/EP+당/EF"
          },
          {
            "id": 24,
            "text": "1 : 키키 오오오 좋아 좋아 카",
            "norm_text": "키키 오오오 좋아 좋아 카",
            "speaker": {
              "id": "1번",
              "sex": "여성",
              "age": "20대"
            },
            "speechAct": "(단언) 주장하기",
            "morpheme": "키/NNG+키/XSV+ETN+오/NR+오/NR+오/NR+좋/VA+아/EC+좋/VA+아/EC+카/VX"
          },
          {
            "id": 25,
            "text": "1 : 근데 나는 여행 갈 때 카페는 일정에 안 넣는데 친구들이랑 가면 꼭 예쁜 카페 가더라 키키",
            "norm_text": "근데 나는 여행 갈 때 카페는 일정에 안 넣는데 친구들이랑 가면 꼭 예쁜 카페 가더라 키키",
            "speaker": {
              "id": "1번",
              "sex": "여성",
              "age": "20대"
            },
            "speechAct": "(단언) 진술하기",
            "morpheme": "근데/MAJ+나/NP+는/JX+여행/NNG+갈/VV+ETM+때/NNG+카페/NNG+는/JX+일정/NNG+에/JKB+안/MAG+넣/VV+는데/EC+친구/NNG+들/XSN+이랑/JKB+가/VV+면/EC+꼭/MAG+예쁜/VA+ETM+카페/NNG+가/JKS+더/MAG+라키/NNP+키/NNG"
          },
          {
            "id": 26,
            "text": "2 : 카페 넣어! 키키",
            "norm_text": "카페 넣어! 키키",
            "speaker": {
              "id": "2번",
              "sex": "여성",
              "age": "20대"
            },
            "speechAct": "(지시) 명령/요구하기",
            "morpheme": "카페/NNG+넣/VV+어/EF+키/NNG+키/XSV+ETN"
          },
          {
            "id": 27,
            "text": "2 : 우리 네 명 여행 가면 나나가 계획 짜고 **이는 따라오고 나는 총무하고 **이는 바보 하면 되겠다!",
            "norm_text": "우리 네 명 여행 가면 나나가 계획 짜고 **이는 따라오고 나는 총무하고 **이는 바보 하면 되겠다!",
            "speaker": {
              "id": "2번",
              "sex": "여성",
              "age": "20대"
            },
            "speechAct": "(단언) 주장하기",
            "morpheme": "우리/NP+네/XSN+명/NNBC+여행/NNG+가/VV+면/EC+나/NP+나/NP+가/JKS+계획/NNG+짜/VV+고/EC+*/SY+*/SY+이/NP+는/JX+따라오/VV+고/EC+나/NP+는/JX+총무/NNG+하/XSV+고/EC+*/SY+*/SY+이/NP+는/JX+바보/NNG+하/XSV+면/EC+되/VV+겠/EP+다/EF"
          },
          {
            "id": 28,
            "text": "3 : 키키 딱이야!",
            "norm_text": "키키 딱이야!",
            "speaker": {
              "id": "3번",
              "sex": "여성",
              "age": "20대"
            },
            "speechAct": "(단언) 주장하기",
            "morpheme": "키/NNG+키/XSV+ETN+딱/MAG+이/VCP+야/EF"
          },
          {
            "id": 29,
            "text": "3 : 카페 넣어야지 잠깐 쉬어가는 타임에 필수야",
            "norm_text": "카페 넣어야지 잠깐 쉬어가는 타임에 필수야",
            "speaker": {
              "id": "3번",
              "sex": "여성",
              "age": "20대"
            },
            "speechAct": "(단언) 주장하기",
            "morpheme": "카페/NNG+넣/VV+어야지/EC+잠깐/MAG+쉬/VV+어/EC+가/VX+는/ETM+타임/NNG+에/JKB+필수/NNG+야/VCP+EF"
          },
          {
            "id": 30,
            "text": "1 : 키키 **이는 바보하면 된대 짱웃겨 키키",
            "norm_text": "키키 **이는 바보하면 된대 짱웃겨 키키",
            "speaker": {
              "id": "1번",
              "sex": "여성",
              "age": "20대"
            },
            "speechAct": "(단언) 진술하기",
            "morpheme": "키/NNG+키/XSV+ETN+*/SY+*/SY+이/NP+는/JX+바보/NNG+하/XSV+면/EC+된대/VV+EF+짱/MAG+웃겨/VV+EC+키/NNG+키/XSV+ETN"
          },
          {
            "id": 31,
            "text": "1 : 그래? 카페 다들 필수구나",
            "norm_text": "그래? 카페 다들 필수구나",
            "speaker": {
              "id": "1번",
              "sex": "여성",
              "age": "20대"
            },
            "speechAct": "(단언) 진술하기",
            "morpheme": "그래/IC+카페다들필수구나/UNKNOWN"
          },
          {
            "id": 32,
            "text": "2 : 뿌듯하다",
            "norm_text": "뿌듯하다",
            "speaker": {
              "id": "2번",
              "sex": "여성",
              "age": "20대"
            },
            "speechAct": "(단언) 주장하기",
            "morpheme": "뿌듯/XR+하/XSA+다/EC"
          },
          {
            "id": 33,
            "text": "2 : 포지션 딱 잘 정했지?",
            "norm_text": "포지션 딱 잘 정했지?",
            "speaker": {
              "id": "2번",
              "sex": "여성",
              "age": "20대"
            },
            "speechAct": "(지시) 질문하기",
            "morpheme": "포지션/NNG+딱/MAG+잘/MAG+정했/VV+EP+지/EF"
          },
          {
            "id": 34,
            "text": "2 : 카페는 왜냐면 쉬어가는 타임 키키",
            "norm_text": "카페는 왜냐면 쉬어가는 타임 키키",
            "speaker": {
              "id": "2번",
              "sex": "여성",
              "age": "20대"
            },
            "speechAct": "(단언) 주장하기",
            "morpheme": "카페/NNG+는/JX+왜냐면/MAJ+쉬/VV+어/EC+가/VX+는/ETM+타임/NNG+키/NNG+키/XSV+ETN"
          },
          {
            "id": 35,
            "text": "2 : 그리고 플러스 사진 찍어야지~",
            "norm_text": "그리고 플러스 사진 찍어야지~",
            "speaker": {
              "id": "2번",
              "sex": "여성",
              "age": "20대"
            },
            "speechAct": "(단언) 주장하기",
            "morpheme": "그리고/MAJ+플러스/NNG+사진/NNG+찍/VV+어야지/EC+~/SY"
          },
          {
            "id": 36,
            "text": "3 : 요새 어디 제일 가고 싶어?",
            "norm_text": "요새 어디 제일 가고 싶어?",
            "speaker": {
              "id": "3번",
              "sex": "여성",
              "age": "20대"
            },
            "speechAct": "(지시) 질문하기",
            "morpheme": "요새/MAG+어디/NP+제일가/VV+고/EC+싶/VX+어/EF"
          },
          {
            "id": 37,
            "text": "1 : 키키 그래! 요즘 바다 가서 수영하고 싶었는데 코로나 때문에 못 갔다 ㅜㅜ",
            "norm_text": "키키 그래! 요즘 바다 가서 수영하고 싶었는데 코로나 때문에 못 갔다 ㅜㅜ",
            "speaker": {
              "id": "1번",
              "sex": "여성",
              "age": "20대"
            },
            "speechAct": "(단언) 진술하기",
            "morpheme": "키/NNG+키/XSV+ETN+그래/VV+EF+요즘/MAG+바다/NNG+가/VV+서/EC+수영/NNG+하/XSV+고/EC+싶/VX+었/EP+는데/EC+코로나/NNG+때문/NNB+에/JKB+못/MAG+갔/VV+EP+다/EF+ㅜㅜ/UNKNOWN"
          },
          {
            "id": 38,
            "text": "2 : 키키 난 수영 못해!",
            "norm_text": "키키 난 수영 못해!",
            "speaker": {
              "id": "2번",
              "sex": "여성",
              "age": "20대"
            },
            "speechAct": "(단언) 진술하기",
            "morpheme": "키/NNG+키/XSV+ETN+난/VV+ETM+수영/NNG+못/MAG+해/VV+EF"
          },
          {
            "id": 39,
            "text": "2 : 튜브 필수야",
            "norm_text": "튜브 필수야",
            "speaker": {
              "id": "2번",
              "sex": "여성",
              "age": "20대"
            },
            "speechAct": "(단언) 진술하기",
            "morpheme": "튜브/NNG+필수/NNG+야/VCP+EF"
          },
          {
            "id": 40,
            "text": "3 : 키키 바보!",
            "norm_text": "키키 바보!",
            "speaker": {
              "id": "3번",
              "sex": "여성",
              "age": "20대"
            },
            "speechAct": "턴토크 사인(관습적 반응)",
            "morpheme": "키/NNG+키/NNG+바보/NNG"
          },
          {
            "id": 41,
            "text": "3 : 수영장 가고 싶다",
            "norm_text": "수영장 가고 싶다",
            "speaker": {
              "id": "3번",
              "sex": "여성",
              "age": "20대"
            },
            "speechAct": "(단언) 주장하기",
            "morpheme": "수영장/NNG+가/VV+고/EC+싶/VX+다/EC"
          },
          {
            "id": 42,
            "text": "3 : 캐리비안베이 미끄럼틀 타고 파",
            "norm_text": "캐리비안베이 미끄럼틀 타고 파",
            "speaker": {
              "id": "3번",
              "sex": "여성",
              "age": "20대"
            },
            "speechAct": "(단언) 주장하기",
            "morpheme": "캐리비안/NNP+베이/NNP+미끄럼틀/NNG+타/VV+고파/EC"
          },
          {
            "id": 43,
            "text": "1 : 나도 튜브 필수야",
            "norm_text": "나도 튜브 필수야",
            "speaker": {
              "id": "1번",
              "sex": "여성",
              "age": "20대"
            },
            "speechAct": "(단언) 진술하기",
            "morpheme": "나/NP+도/JX+튜브/NNG+필수/NNG+야/VCP+EF"
          },
          {
            "id": 44,
            "text": "1 : 튜브 타고 파도 타야 재밌다구~",
            "norm_text": "튜브 타고 파도 타야 재밌다구~",
            "speaker": {
              "id": "1번",
              "sex": "여성",
              "age": "20대"
            },
            "speechAct": "(단언) 주장하기",
            "morpheme": "튜브/NNG+타/VV+고/EC+파도/NNG+타/VV+야/EC+재밌/VA+다구/EC+~/SY"
          },
          {
            "id": 45,
            "text": "1 : 맞아 워터파크 놀이기구 타고 싶다!",
            "norm_text": "맞아 워터파크 놀이기구 타고 싶다!",
            "speaker": {
              "id": "1번",
              "sex": "여성",
              "age": "20대"
            },
            "speechAct": "(단언) 주장하기",
            "morpheme": "맞/VV+아/EC+워터/NNG+파크/NNG+놀이/NNG+기구/NNG+타/VV+고/EC+싶/VX+다/EF"
          },
          {
            "id": 46,
            "text": "2 : 워터파크 파도풀 맨 앞으로 가는데 내가 잘 못 가니까 친구가 나 끌고 갔었어",
            "norm_text": "워터파크 파도풀 맨 앞으로 가는데 내가 잘 못 가니까 친구가 나 끌고 갔었어",
            "speaker": {
              "id": "2번",
              "sex": "여성",
              "age": "20대"
            },
            "speechAct": "(단언) 진술하기",
            "morpheme": "워터/NNG+파크/NNG+파도풀/NNP+맨/MM+앞/NNG+으로/JKB+가/VV+는데/EC+내/NP+가/JKS+잘못/MAG+가/VV+니까/EC+친구/NNG+가/JKS+나/NP+끌/VV+고/EC+갔었/VV+EP+어/EC"
          },
          {
            "id": 47,
            "text": "2 : 키키 아주 고마운 친구야...",
            "norm_text": "키키 아주 고마운 친구야...",
            "speaker": {
              "id": "2번",
              "sex": "여성",
              "age": "20대"
            },
            "speechAct": "(단언) 주장하기",
            "morpheme": "키/NNG+키/NNG+아주/MAG+고마운/VA+ETM+친구/NNG+야/VCP+EF+./SY"
          },
          {
            "id": 48,
            "text": "3 : 키키 맨 앞으로 가긴 갔네",
            "norm_text": "키키 맨 앞으로 가긴 갔네",
            "speaker": {
              "id": "3번",
              "sex": "여성",
              "age": "20대"
            },
            "speechAct": "(단언) 주장하기",
            "morpheme": "키/NNG+키/XSV+ETN+맨/MM+앞/NNG+으로/JKB+가/VV+긴/ETN+JX+갔/VX+EP+네/EF"
          },
          {
            "id": 49,
            "text": "3 : 나는 맨앞에 간 적 없어",
            "norm_text": "나는 맨앞에 간 적 없어",
            "speaker": {
              "id": "3번",
              "sex": "여성",
              "age": "20대"
            },
            "speechAct": "(단언) 진술하기",
            "morpheme": "나/NP+는/JX+맨/MM+앞/NNG+에/JKB+간/VV+ETM+적/NNB+없/VA+어/EC"
          },
          {
            "id": 50,
            "text": "3 : 맨날 중간쯤에 둥둥 떠있어 넘 깊어",
            "norm_text": "맨날 중간쯤에 둥둥 떠있어 넘 깊어",
            "speaker": {
              "id": "3번",
              "sex": "여성",
              "age": "20대"
            },
            "speechAct": "(단언) 진술하기",
            "morpheme": "맨날/MAG+중간/NNG+쯤/XSN+에/JKB+둥둥/MAG+떠/VV+EC+있/VX+어/EC+넘/MAG+깊/VA+어/EC"
          }
        ]
      }
    }
  ]
}