{
  "dataset": {
    "identifier": 22379,
    "name": "BAND_29_14_set",
    "src_path": "/data/file/cubeManager/PROJECT001/49/txt20210917164449099693/BAND_29_14_set/",
    "label_path": "/data/file/cubeManager/PROJECT001/49/txt20210917164449099693/BAND_29_14_set/",
    "category": 2,
    "type": 0
  },
  "licenses": {
    "name": "Apache License 1.0",
    "url": "http://www.apache.org/licenses/LICENSE-1.0"
  },
  "info": [
    {
      "id": 30285,
      "filename": "BAND_29_14.txt",
      "title": "BAND_29_14",
      "mediatype": "SNS",
      "medianame": "네이버밴드",
      "category": "일상대화",
      "date": "2021-09-17",
      "size": 450,
      "annotations": {
        "subject": "사회이슈",
        "speaker_type": "1:1",
        "size": 450,
        "word_size": 148,
        "text": "1 : 너 혹시 재난 지원금 신청 했어?\n2 : 이번 지원금은 월요일부터 신청이라고 하더라 키키\n1 : 그렇구나 신청 기간에 언제까지야?\n2 : 하마 10월 중순까지였던 거 같아 키키\n1 : 너 그러면 월요일날 전화 불나게 통화해야겠다 키키\n2 : 맞아 이번에는 개별로 나와서 각자 받을 수 있대\n1 : 맞아 나 1차 지원금은 손에 쥐어보지도 못했어 ㅜㅜ\n2 : 키키 맞아 그땐 세대주가 받아서 나도 장 보고 끝났어\n1 : 그때 너네는 얼마 나왔어?\n2 : 우리는 80만원 정도였던 거 같아\n1 : 우리는 100만 원이었던 거 같은데 사라졌어.\n2 : 키키 나도 마트에서 장 조금 보니깐 엄마가 다시 가져갔어\n1 : 키키 장 볼 때 너무 많이 사서 그런 거 아니야?\n2 : 키키 그런 것도 있어 그 뒤로 한 달은 장 안 본 거 같아\n1 : 야 그 정도면 집에 팬트리 있는 거 아니냐?\n2 : 키키 그땐 집에서 전부 해 먹었거든 키키",
        "lines": [
          {
            "id": 1,
            "text": "1 : 너 혹시 재난 지원금 신청 했어?",
            "norm_text": "너 혹시 재난 지원금 신청 했어?",
            "speaker": {
              "id": "1번",
              "sex": "여성",
              "age": "20대"
            },
            "speechAct": "(지시) 질문하기",
            "morpheme": "너/NP+혹시/MAG+재난/NNG+지원금/NNG+신청/NNG+했/XSV+EP+어/EF"
          },
          {
            "id": 2,
            "text": "2 : 이번 지원금은 월요일부터 신청이라고 하더라 키키",
            "norm_text": "이번 지원금은 월요일부터 신청이라고 하더라 키키",
            "speaker": {
              "id": "2번",
              "sex": "여성",
              "age": "20대"
            },
            "speechAct": "(단언) 진술하기",
            "morpheme": "이번/NNG+지원금/NNG+은/JX+월요일/NNG+부터/JX+신청/NNG+이/VCP+라고/EC+하/VV+더라/EC+키/NNG+키/XSV+ETN"
          },
          {
            "id": 3,
            "text": "1 : 그렇구나 신청 기간에 언제까지야?",
            "norm_text": "그렇구나 신청 기간에 언제까지야?",
            "speaker": {
              "id": "1번",
              "sex": "여성",
              "age": "20대"
            },
            "speechAct": "(지시) 질문하기",
            "morpheme": "그렇/VA+구나/EF+신청/NNG+기간/NNG+에/JKB+언제/NP+까지/JX+야/VCP+EF"
          },
          {
            "id": 4,
            "text": "2 : 하마 10월 중순까지였던 거 같아 키키",
            "norm_text": "하마 10월 중순까지였던 거 같아 키키",
            "speaker": {
              "id": "2번",
              "sex": "여성",
              "age": "20대"
            },
            "speechAct": "(단언) 진술하기",
            "morpheme": "하마/NNG+10/SN+월/NNBC+중순/NNG+까지/JX+였/VCP+EP+던/ETM+거/NNB+같/VA+아/EC+키/NNG+키/XSV+ETN"
          },
          {
            "id": 5,
            "text": "1 : 너 그러면 월요일날 전화 불나게 통화해야겠다 키키",
            "norm_text": "너 그러면 월요일날 전화 불나게 통화해야겠다 키키",
            "speaker": {
              "id": "1번",
              "sex": "여성",
              "age": "20대"
            },
            "speechAct": "(단언) 주장하기",
            "morpheme": "너/NP+그러/VV+면/EC+월요일/NNG+날/NNG+전화/NNG+불나/VV+게/EC+통화/NNG+해야/XSV+EC+VX+겠/EP+다키키/NNP"
          },
          {
            "id": 6,
            "text": "2 : 맞아 이번에는 개별로 나와서 각자 받을 수 있대",
            "norm_text": "맞아 이번에는 개별로 나와서 각자 받을 수 있대",
            "speaker": {
              "id": "2번",
              "sex": "여성",
              "age": "20대"
            },
            "speechAct": "(단언) 진술하기",
            "morpheme": "맞/VV+아/EC+이번/NNG+에/JKB+는/JX+개별/NNG+로/JKB+나와서/VV+EC+각자/MAG+받/VV+을/ETM+수/NNB+있/VV+대/EC"
          },
          {
            "id": 7,
            "text": "1 : 맞아 나 1차 지원금은 손에 쥐어보지도 못했어 ㅜㅜ",
            "norm_text": "맞아 나 1차 지원금은 손에 쥐어보지도 못했어 ㅜㅜ",
            "speaker": {
              "id": "1번",
              "sex": "여성",
              "age": "20대"
            },
            "speechAct": "(단언) 진술하기",
            "morpheme": "맞/VV+아나/EC+1/SN+차/NNBC+지원금/NNG+은/JX+손/NNG+에/JKB+쥐/VV+어/EC+보/VX+지/EC+도/JX+못/MAG+했/VV+EP+어/EF+ㅜㅜ/UNKNOWN"
          },
          {
            "id": 8,
            "text": "2 : 키키 맞아 그땐 세대주가 받아서 나도 장 보고 끝났어",
            "norm_text": "키키 맞아 그땐 세대주가 받아서 나도 장 보고 끝났어",
            "speaker": {
              "id": "2번",
              "sex": "여성",
              "age": "20대"
            },
            "speechAct": "(단언) 진술하기",
            "morpheme": "키/NNG+키/XSV+ETN+맞/VV+아/EC+그/MM+땐/NNG+JX+세대주/NNG+가/JKS+받/VV+아서/EC+나/NP+도/JX+장보/VV+고/EC+끝/NNG+났/VV+EP+어/EC"
          },
          {
            "id": 9,
            "text": "1 : 그때 너네는 얼마 나왔어?",
            "norm_text": "그때 너네는 얼마 나왔어?",
            "speaker": {
              "id": "1번",
              "sex": "여성",
              "age": "20대"
            },
            "speechAct": "(지시) 질문하기",
            "morpheme": "그때/NNG+너/NP+네/XSN+는/JX+얼마나/MAG+왔/VV+EP+어/EF"
          },
          {
            "id": 10,
            "text": "2 : 우리는 80만원 정도였던 거 같아",
            "norm_text": "우리는 80만원 정도였던 거 같아",
            "speaker": {
              "id": "2번",
              "sex": "여성",
              "age": "20대"
            },
            "speechAct": "(단언) 진술하기",
            "morpheme": "우리/NP+는/JX+80/SN+만/NR+원/NNBC+정도/NNG+였/VCP+EP+던/ETM+거/NNB+같/VA+아/EC"
          },
          {
            "id": 11,
            "text": "1 : 우리는 100만 원이었던 거 같은데 사라졌어.",
            "norm_text": "우리는 100만 원이었던 거 같은데 사라졌어.",
            "speaker": {
              "id": "1번",
              "sex": "여성",
              "age": "20대"
            },
            "speechAct": "(단언) 진술하기",
            "morpheme": "우리/NP+는/JX+100/SN+만/NR+원/NNBC+이/VCP+었/EP+던/ETM+거/NNB+같/VA+은/ETM+데/NNB+사라졌/VV+EP+어/EF"
          },
          {
            "id": 12,
            "text": "2 : 키키 나도 마트에서 장 조금 보니깐 엄마가 다시 가져갔어",
            "norm_text": "키키 나도 마트에서 장 조금 보니깐 엄마가 다시 가져갔어",
            "speaker": {
              "id": "2번",
              "sex": "여성",
              "age": "20대"
            },
            "speechAct": "(단언) 진술하기",
            "morpheme": "키/NNG+키나/XSA+ETN+JX+도/JX+마트/NNG+에서/JKB+장/NNG+조금/MAG+보/VV+니깐/EC+엄마/NNG+가/JKS+다시/MAG+가져갔/VV+EP+어/EC"
          },
          {
            "id": 13,
            "text": "1 : 키키 장 볼 때 너무 많이 사서 그런 거 아니야?",
            "norm_text": "키키 장 볼 때 너무 많이 사서 그런 거 아니야?",
            "speaker": {
              "id": "1번",
              "sex": "여성",
              "age": "20대"
            },
            "speechAct": "(지시) 질문하기",
            "morpheme": "키/NNG+키/NNG+장/NNG+볼/VV+ETM+때/NNG+너무/MAG+많이/MAG+사/VV+서/EC+그런/MM+거/NNB+아니/VCN+야/EF"
          },
          {
            "id": 14,
            "text": "2 : 키키 그런 것도 있어 그 뒤로 한 달은 장 안 본 거 같아",
            "norm_text": "키키 그런 것도 있어 그 뒤로 한 달은 장 안 본 거 같아",
            "speaker": {
              "id": "2번",
              "sex": "여성",
              "age": "20대"
            },
            "speechAct": "(단언) 주장하기",
            "morpheme": "키키/NNP+그런/MM+것/NNB+도/JX+있/VA+어/EC+그/MM+뒤/NNG+로/JKB+한/MM+달/NNBC+은장/NNG+안/MAG+본/VV+ETM+거/NNB+같/VA+아/EC"
          },
          {
            "id": 15,
            "text": "1 : 야 그 정도면 집에 팬트리 있는 거 아니냐?",
            "norm_text": "야 그 정도면 집에 팬트리 있는 거 아니냐?",
            "speaker": {
              "id": "1번",
              "sex": "여성",
              "age": "20대"
            },
            "speechAct": "(지시) 질문하기",
            "morpheme": "야/IC+그/MM+정도/NNG+면/VCP+EC+집/NNG+에/JKB+팬/VV+ETM+트리/NNG+있/VA+는/ETM+거/NNB+아니/VCN+냐/EF"
          },
          {
            "id": 16,
            "text": "2 : 키키 그땐 집에서 전부 해 먹었거든 키키",
            "norm_text": "키키 그땐 집에서 전부 해 먹었거든 키키",
            "speaker": {
              "id": "2번",
              "sex": "여성",
              "age": "20대"
            },
            "speechAct": "(단언) 진술하기",
            "morpheme": "키/NNG+키/NNG+그땐/NNG+JX+집/NNG+에서/JKB+전부/NNG+해/XSV+EC+먹/VV+었/EP+거든/EF+키/NNG+키/XSV+ETN"
          }
        ]
      }
    }
  ]
}