{
  "dataset": {
    "identifier": 103422,
    "name": "BAND_39_05_set",
    "src_path": "/data/file/cubeManager/PROJECT001/77/txt202110291511550857103/BAND_39_05_set/",
    "label_path": "/data/file/cubeManager/PROJECT001/77/txt202110291511550857103/BAND_39_05_set/",
    "category": 2,
    "type": 0
  },
  "licenses": {
    "name": "Apache License 1.0",
    "url": "http://www.apache.org/licenses/LICENSE-1.0"
  },
  "info": [
    {
      "id": 109667,
      "filename": "BAND_39_05.txt",
      "title": "BAND_39_05",
      "mediatype": "SNS",
      "medianame": "네이버밴드",
      "category": "일상대화",
      "date": "2021-10-29",
      "size": 508,
      "annotations": {
        "subject": "군대",
        "speaker_type": "다자간 대화",
        "size": 508,
        "word_size": 160,
        "text": "1 : 겨울에 군대 장난 아닐 거 같아\n2 : 홀리 인정\n2 : 영하 20도때도 훈련함?\n3 : 나는 하긴 했는데 추워 죽을뻔...ㄷ\n1 : 헐 키키 미쳤다 ㅜㅜ\n1 : 무슨 훈련해?\n2 : 홀리 오히려 혹한기 같은 거 하는 건가?\n3 : 맞아... 그냥 남자들의 총든 소꿉장난...키키\n1 : 키키 대단해들\n1 : 눈도 막 쓸기도 해?\n2 : 키키 아 그르네 하늘에서 내리는 쓰레기\n3 : 난 눈 좋아해서 웃으면서 했는데 이상하게보든디...ㅎ\n1 : 키키 당연하지 키키 추워 죽겠는데 키키\n1 : 그래도 즐기면서 해서 다행\n2 : 추위에 강인한가벼~\n2 : 난 수족냉증이라 쓰러졌을덧\n3 : 키키 웃으면서 사는 게 나의 목표지 후훗\n1 : 되게 긍정적이네 키키 군 생활 재밌게 했을듯\n2 : 키키 글게\n2 : 군생활 재밌었니...\n2 : 어떘어?\n3 : 재미는 없다는게 단점...\n3 : 밖에서 했으면 난 미소천사였으...키키\n1 : 키키 우리나라 군인들 다 존경해...\n2 : 월급 많이 주면 좀 재미 있을지도,\n3 : 음 한번은 추억으로 가능할듯!",
        "lines": [
          {
            "id": 1,
            "text": "1 : 겨울에 군대 장난 아닐 거 같아",
            "norm_text": "겨울에 군대 장난 아닐 거 같아",
            "speaker": {
              "id": "1번",
              "sex": "여성",
              "age": "20대"
            },
            "speechAct": "(단언) 주장하기",
            "morpheme": "겨울/NNG+에/JKB+군대/NNG+장난/NNG+아닐/VCN+ETM+거/NNB+같/VA+아/EC"
          },
          {
            "id": 2,
            "text": "2 : 홀리 인정",
            "norm_text": "홀리 인정",
            "speaker": {
              "id": "2번",
              "sex": "여성",
              "age": "20대"
            },
            "speechAct": "(단언) 주장하기",
            "morpheme": "홀리/NNP+인정/NNG"
          },
          {
            "id": 3,
            "text": "2 : 영하 20도때도 훈련함?",
            "norm_text": "영하 20도때도 훈련함?",
            "speaker": {
              "id": "2번",
              "sex": "여성",
              "age": "20대"
            },
            "speechAct": "(지시) 질문하기",
            "morpheme": "영하/NNG+20/SN+도/NNBC+때/NNG+도/JX+훈련/NNG+함/XSV+ETN"
          },
          {
            "id": 4,
            "text": "3 : 나는 하긴 했는데 추워 죽을뻔...ㄷ",
            "norm_text": "나는 하긴 했는데 추워 죽을뻔...ㄷ",
            "speaker": {
              "id": "3번",
              "sex": "남성",
              "age": "20대"
            },
            "speechAct": "(단언) 주장하기",
            "morpheme": "나/NP+는/JX+하/VV+긴/ETN+JX+했/VX+EP+는데/EC+추워/VA+EC+죽/VV+을/ETM+뻔/NNB+./SY+ㄷ/NNG"
          },
          {
            "id": 5,
            "text": "1 : 헐 키키 미쳤다 ㅜㅜ",
            "norm_text": "헐 키키 미쳤다 ㅜㅜ",
            "speaker": {
              "id": "1번",
              "sex": "여성",
              "age": "20대"
            },
            "speechAct": "(단언) 주장하기",
            "morpheme": "헐키키미쳤다ㅜㅜ/UNKNOWN"
          },
          {
            "id": 6,
            "text": "1 : 무슨 훈련해?",
            "norm_text": "무슨 훈련해?",
            "speaker": {
              "id": "1번",
              "sex": "여성",
              "age": "20대"
            },
            "speechAct": "(지시) 질문하기",
            "morpheme": "무슨/MM+훈련/NNG+해/XSV+EF"
          },
          {
            "id": 7,
            "text": "2 : 홀리 오히려 혹한기 같은 거 하는 건가?",
            "norm_text": "홀리 오히려 혹한기 같은 거 하는 건가?",
            "speaker": {
              "id": "2번",
              "sex": "여성",
              "age": "20대"
            },
            "speechAct": "(지시) 질문하기",
            "morpheme": "홀리/NNP+오히려/MAJ+혹한기/NNG+같/VA+은/ETM+거/NNB+하/VV+는/ETM+건가/NNB+VCP+EF"
          },
          {
            "id": 8,
            "text": "3 : 맞아... 그냥 남자들의 총든 소꿉장난...키키",
            "norm_text": "맞아... 그냥 남자들의 총든 소꿉장난...키키",
            "speaker": {
              "id": "3번",
              "sex": "남성",
              "age": "20대"
            },
            "speechAct": "(단언) 주장하기",
            "morpheme": "맞/VV+아/EF+./SY+그냥/MAG+남자/NNG+들/XSN+의/JKG+총/NNG+든/VCP+EC+소꿉장난/NNG+./SY+./SY+키/NNG+키/XSV+ETN"
          },
          {
            "id": 9,
            "text": "1 : 키키 대단해들",
            "norm_text": "키키 대단해들",
            "speaker": {
              "id": "1번",
              "sex": "여성",
              "age": "20대"
            },
            "speechAct": "(단언) 주장하기",
            "morpheme": "키/NNG+키대/NNG+단해/NNG+들/XSN"
          },
          {
            "id": 10,
            "text": "1 : 눈도 막 쓸기도 해?",
            "norm_text": "눈도 막 쓸기도 해?",
            "speaker": {
              "id": "1번",
              "sex": "여성",
              "age": "20대"
            },
            "speechAct": "(지시) 질문하기",
            "morpheme": "눈/NNG+도막/NNG+쓸/VV+기/ETN+도/JX+해/VV+EF"
          },
          {
            "id": 11,
            "text": "2 : 키키 아 그르네 하늘에서 내리는 쓰레기",
            "norm_text": "키키 아 그르네 하늘에서 내리는 쓰레기",
            "speaker": {
              "id": "2번",
              "sex": "여성",
              "age": "20대"
            },
            "speechAct": "(단언) 주장하기",
            "morpheme": "키/NNG+키/VV+아/EC+그/MM+르네/NNP+하늘/NNG+에서/JKB+내리/VV+는/ETM+쓰레기/NNG"
          },
          {
            "id": 12,
            "text": "3 : 난 눈 좋아해서 웃으면서 했는데 이상하게보든디...ㅎ",
            "norm_text": "난 눈 좋아해서 웃으면서 했는데 이상하게보든디...ㅎ",
            "speaker": {
              "id": "3번",
              "sex": "남성",
              "age": "20대"
            },
            "speechAct": "(단언) 진술하기",
            "morpheme": "난/NP+JX+눈/NNG+좋/VA+아/EC+해서/VV+EC+웃/VV+으면서/EC+했/VX+EP+는데/EC+이상/NNG+하/XSV+게/EC+보/VX+든디/EF+./SY+ㅎ/XSA"
          },
          {
            "id": 13,
            "text": "1 : 키키 당연하지 키키 추워 죽겠는데 키키",
            "norm_text": "키키 당연하지 키키 추워 죽겠는데 키키",
            "speaker": {
              "id": "1번",
              "sex": "여성",
              "age": "20대"
            },
            "speechAct": "(단언) 주장하기",
            "morpheme": "키/NNG+키/XSV+ETN+당연/XR+하/XSA+지/EC+키/NNG+키/XSV+ETN+추워/VA+EC+죽/VV+겠/EP+는데/EC+키/NNG+키/XSV+ETN"
          },
          {
            "id": 14,
            "text": "1 : 그래도 즐기면서 해서 다행",
            "norm_text": "그래도 즐기면서 해서 다행",
            "speaker": {
              "id": "1번",
              "sex": "여성",
              "age": "20대"
            },
            "speechAct": "(단언) 주장하기",
            "morpheme": "그래도/MAJ+즐기/VV+면서/EC+해서/VV+EC+다행/NNG"
          },
          {
            "id": 15,
            "text": "2 : 추위에 강인한가벼~",
            "norm_text": "추위에 강인한가벼~",
            "speaker": {
              "id": "2번",
              "sex": "여성",
              "age": "20대"
            },
            "speechAct": "(단언) 주장하기",
            "morpheme": "추위/NNG+에/JKB+강인/XR+한가/XSA+EC+벼/NNG+~/SY"
          },
          {
            "id": 16,
            "text": "2 : 난 수족냉증이라 쓰러졌을덧",
            "norm_text": "난 수족냉증이라 쓰러졌을덧",
            "speaker": {
              "id": "2번",
              "sex": "여성",
              "age": "20대"
            },
            "speechAct": "(단언) 주장하기",
            "morpheme": "난/NP+JX+수족/NNG+냉증/NNG+이/VCP+라/EC+쓰러졌/VV+EP+을/ETM+덧/NNG"
          },
          {
            "id": 17,
            "text": "3 : 키키 웃으면서 사는 게 나의 목표지 후훗",
            "norm_text": "키키 웃으면서 사는 게 나의 목표지 후훗",
            "speaker": {
              "id": "3번",
              "sex": "남성",
              "age": "20대"
            },
            "speechAct": "(단언) 주장하기",
            "morpheme": "키/NNG+키/XSV+ETN+웃/VV+으면서/EC+사/VV+는/ETM+게/NNB+JKS+나/NP+의/JKG+목표지/NNG+후훗/IC"
          },
          {
            "id": 18,
            "text": "1 : 되게 긍정적이네 키키 군 생활 재밌게 했을듯",
            "norm_text": "되게 긍정적이네 키키 군 생활 재밌게 했을듯",
            "speaker": {
              "id": "1번",
              "sex": "여성",
              "age": "20대"
            },
            "speechAct": "(단언) 주장하기",
            "morpheme": "되게/MAG+긍정/NNG+적/XSN+이/VCP+네/EF+키키/NNP+군/NNB+생활/NNG+재밌/VA+게/EC+했/VX+EP+을/ETM+듯/NNB"
          },
          {
            "id": 19,
            "text": "2 : 키키 글게",
            "norm_text": "키키 글게",
            "speaker": {
              "id": "2번",
              "sex": "여성",
              "age": "20대"
            },
            "speechAct": "(단언) 주장하기",
            "morpheme": "키/NNG+키/XSV+ETN+글/VV+게/EC"
          },
          {
            "id": 20,
            "text": "2 : 군생활 재밌었니...",
            "norm_text": "군생활 재밌었니...",
            "speaker": {
              "id": "2번",
              "sex": "여성",
              "age": "20대"
            },
            "speechAct": "(지시) 질문하기",
            "morpheme": "군/NNG+생활/NNG+재밌/VA+었/EP+니/EF+./SY"
          },
          {
            "id": 21,
            "text": "2 : 어떘어?",
            "norm_text": "어떘어?",
            "speaker": {
              "id": "2번",
              "sex": "여성",
              "age": "20대"
            },
            "speechAct": "(지시) 질문하기",
            "morpheme": "어떘/UNKNOWN+어/IC"
          },
          {
            "id": 22,
            "text": "3 : 재미는 없다는게 단점...",
            "norm_text": "재미는 없다는게 단점...",
            "speaker": {
              "id": "3번",
              "sex": "남성",
              "age": "20대"
            },
            "speechAct": "(단언) 주장하기",
            "morpheme": "재미/NNG+는/JX+없/VA+다는/ETM+게/NNB+JKS+단점/NNG+./SY+./SY"
          },
          {
            "id": 23,
            "text": "3 : 밖에서 했으면 난 미소천사였으...키키",
            "norm_text": "밖에서 했으면 난 미소천사였으...키키",
            "speaker": {
              "id": "3번",
              "sex": "남성",
              "age": "20대"
            },
            "speechAct": "(단언) 주장하기",
            "morpheme": "밖/NNG+에서/JKB+했/VV+EP+으면/EC+난/VX+ETM+미소/NNG+천사/NNG+였/VCP+EP+으/EF+./SY+키/NNG+키/XSV+ETN"
          },
          {
            "id": 24,
            "text": "1 : 키키 우리나라 군인들 다 존경해...",
            "norm_text": "키키 우리나라 군인들 다 존경해...",
            "speaker": {
              "id": "1번",
              "sex": "여성",
              "age": "20대"
            },
            "speechAct": "(단언) 주장하기",
            "morpheme": "키/NNG+키/XSV+ETN+우리/NP+나라/NNG+군인/NNG+들/XSN+다/MAG+존경/NNG+해/XSV+EF+./SY"
          },
          {
            "id": 25,
            "text": "2 : 월급 많이 주면 좀 재미 있을지도,",
            "norm_text": "월급 많이 주면 좀 재미 있을지도,",
            "speaker": {
              "id": "2번",
              "sex": "여성",
              "age": "20대"
            },
            "speechAct": "(단언) 주장하기",
            "morpheme": "월급/NNG+많이/MAG+주/VV+면/EC+좀/MAG+재미있/VA+을지/EC+도/JX+,/SC"
          },
          {
            "id": 26,
            "text": "3 : 음 한번은 추억으로 가능할듯!",
            "norm_text": "음 한번은 추억으로 가능할듯!",
            "speaker": {
              "id": "3번",
              "sex": "남성",
              "age": "20대"
            },
            "speechAct": "(단언) 주장하기",
            "morpheme": "음/IC+한/MM+번/NNBC+은/JX+추억/NNG+으로/JKB+가능/NNG+할/XSV+ETM+듯/NNB"
          }
        ]
      }
    }
  ]
}