{
  "dataset": {
    "identifier": 102933,
    "name": "BAND_40_12_set",
    "src_path": "/data/file/cubeManager/PROJECT001/77/txt20211029151156010485/BAND_40_12_set/",
    "label_path": "/data/file/cubeManager/PROJECT001/77/txt20211029151156010485/BAND_40_12_set/",
    "category": 2,
    "type": 0
  },
  "licenses": {
    "name": "Apache License 1.0",
    "url": "http://www.apache.org/licenses/LICENSE-1.0"
  },
  "info": [
    {
      "id": 109694,
      "filename": "BAND_40_12.txt",
      "title": "BAND_40_12",
      "mediatype": "SNS",
      "medianame": "네이버밴드",
      "category": "일상대화",
      "date": "2021-10-29",
      "size": 449,
      "annotations": {
        "subject": "여행",
        "speaker_type": "다자간 대화",
        "size": 449,
        "word_size": 141,
        "text": "1 : 다들 해외 여행 많이 다녀봤어?\n2 : 아니 나는 중국 한번 갔다와봤어\n3 : 나는 딱 한번 가봤어\n1 : 중국 상해 가보고 싶었는데\n2 : 중국간 것도 어릴 때 가본 거라 너무 오래되긴 했다\n3 : 상해는 뭐가 유명하지\n1 : 야경이 진짜 이쁘던데 디즈니랜드도 있고!\n2 : 나는 코로나 풀리면 일본은 꼭 가보고싶더라\n3 : 나는 일본 갔다왔는데 진짜 재밌었어\n1 : 나도 일본은 진짜 추천!\n2 : 나는 도시적인곳 말고 훗카이도 이런 조용한 시골로 여행 가보고싶다 키키\n3 : 한적한 곳만의 매력이 또 있지\n1 : 그런 곳에서 자전거 타고 돌아다니고싶어\n2 : 나는 여행이 관광 목적보단 힐링 목적이 더 커서 키키\n3 : 어느 순간부터 여행에서 힐링을 찾으면 나이든거래\n1 : 키키 아키키 나도 요즘 그런 쪽으로 바꼈는데\n2 : 겨울에 훗카이도 가서 눈 맞으면서 노천탕 즐기고싶다\n3 : 노천탕 좋지 ㅠㅠ 나도 담구고 싶다",
        "lines": [
          {
            "id": 1,
            "text": "1 : 다들 해외 여행 많이 다녀봤어?",
            "norm_text": "다들 해외 여행 많이 다녀봤어?",
            "speaker": {
              "id": "1번",
              "sex": "여성",
              "age": "20대"
            },
            "speechAct": "(지시) 질문하기",
            "morpheme": "다/MAG+들/XSN+해외여행/NNG+많이/MAG+다녀/VV+EC+봤/VX+EP+어/EF"
          },
          {
            "id": 2,
            "text": "2 : 아니 나는 중국 한번 갔다와봤어",
            "norm_text": "아니 나는 중국 한번 갔다와봤어",
            "speaker": {
              "id": "2번",
              "sex": "남성",
              "age": "20대"
            },
            "speechAct": "(단언) 진술하기",
            "morpheme": "아니/IC+나/NP+는/JX+중국/NNP+한/MM+번/NNBC+갔다와/VV+EC+봤/VX+EP+어/EC"
          },
          {
            "id": 3,
            "text": "3 : 나는 딱 한번 가봤어",
            "norm_text": "나는 딱 한번 가봤어",
            "speaker": {
              "id": "3번",
              "sex": "남성",
              "age": "20대"
            },
            "speechAct": "(단언) 진술하기",
            "morpheme": "나/NP+는/JX+딱/MAG+한/MM+번/NNBC+가/JKS+봤/VV+EP+어/EC"
          },
          {
            "id": 4,
            "text": "1 : 중국 상해 가보고 싶었는데",
            "norm_text": "중국 상해 가보고 싶었는데",
            "speaker": {
              "id": "1번",
              "sex": "여성",
              "age": "20대"
            },
            "speechAct": "(단언) 진술하기",
            "morpheme": "중국/NNP+상해/NNG+가/JKS+보/VV+고/EC+싶/VX+었/EP+는데/EC"
          },
          {
            "id": 5,
            "text": "2 : 중국간 것도 어릴 때 가본 거라 너무 오래되긴 했다",
            "norm_text": "중국간 것도 어릴 때 가본 거라 너무 오래되긴 했다",
            "speaker": {
              "id": "2번",
              "sex": "남성",
              "age": "20대"
            },
            "speechAct": "(단언) 주장하기",
            "morpheme": "중국/NNP+간/VV+ETM+것/NNB+도/JX+어릴/VA+ETM+때/NNG+가/JKS+본/VV+ETM+거/NNB+라/VCP+EC+너무/MAG+오래/MAG+되/VV+긴/ETN+JX+했/VX+EP+다/EC"
          },
          {
            "id": 6,
            "text": "3 : 상해는 뭐가 유명하지",
            "norm_text": "상해는 뭐가 유명하지",
            "speaker": {
              "id": "3번",
              "sex": "남성",
              "age": "20대"
            },
            "speechAct": "(지시) 질문하기",
            "morpheme": "상해/NNG+는/JX+뭐/NP+가/JKS+유명/NNG+하/XSV+지/EC"
          },
          {
            "id": 7,
            "text": "1 : 야경이 진짜 이쁘던데 디즈니랜드도 있고!",
            "norm_text": "야경이 진짜 이쁘던데 디즈니랜드도 있고!",
            "speaker": {
              "id": "1번",
              "sex": "여성",
              "age": "20대"
            },
            "speechAct": "(단언) 주장하기",
            "morpheme": "야경/NNG+이/JKS+진짜/MAG+이쁘/VA+던데/EC+디즈니/NNP+랜드/NNG+도/JX+있/VA+고/EC"
          },
          {
            "id": 8,
            "text": "2 : 나는 코로나 풀리면 일본은 꼭 가보고싶더라",
            "norm_text": "나는 코로나 풀리면 일본은 꼭 가보고싶더라",
            "speaker": {
              "id": "2번",
              "sex": "남성",
              "age": "20대"
            },
            "speechAct": "(단언) 주장하기",
            "morpheme": "나/NP+는/JX+코로나/NNG+풀리/VV+면/EC+일본/NNP+은/JX+꼭/MAG+가/VV+EC+보/VX+고/EC+싶/VX+더라/EC"
          },
          {
            "id": 9,
            "text": "3 : 나는 일본 갔다왔는데 진짜 재밌었어",
            "norm_text": "나는 일본 갔다왔는데 진짜 재밌었어",
            "speaker": {
              "id": "3번",
              "sex": "남성",
              "age": "20대"
            },
            "speechAct": "(단언) 진술하기",
            "morpheme": "나/NP+는/JX+일본/NNP+갔다왔/VV+EP+는데/EC+진짜/MAG+재밌/VA+었/EP+어/EC"
          },
          {
            "id": 10,
            "text": "1 : 나도 일본은 진짜 추천!",
            "norm_text": "나도 일본은 진짜 추천!",
            "speaker": {
              "id": "1번",
              "sex": "여성",
              "age": "20대"
            },
            "speechAct": "(지시) 충고/제안하기",
            "morpheme": "나/NP+도/JX+일본/NNP+은/JX+진짜/MAG+추천/NNG"
          },
          {
            "id": 11,
            "text": "2 : 나는 도시적인곳 말고 훗카이도 이런 조용한 시골로 여행 가보고싶다 키키",
            "norm_text": "나는 도시적인곳 말고 훗카이도 이런 조용한 시골로 여행 가보고싶다 키키",
            "speaker": {
              "id": "2번",
              "sex": "남성",
              "age": "20대"
            },
            "speechAct": "(단언) 주장하기",
            "morpheme": "나/NP+는/JX+도시/NNG+적/XSN+인/VCP+ETM+곳/NNB+말/VV+고/EC+훗카이도/NNP+이런/MM+조용/XR+한/XSA+ETM+시골/NNG+로/JKB+여행가/NNG+보/VV+고/EC+싶/VX+다키키/NNP"
          },
          {
            "id": 12,
            "text": "3 : 한적한 곳만의 매력이 또 있지",
            "norm_text": "한적한 곳만의 매력이 또 있지",
            "speaker": {
              "id": "3번",
              "sex": "남성",
              "age": "20대"
            },
            "speechAct": "(단언) 주장하기",
            "morpheme": "한적/XR+한/XSA+ETM+곳/NNG+만/JX+의/JKG+매력/NNG+이/JKS+또/MAG+있/VV+지/EC"
          },
          {
            "id": 13,
            "text": "1 : 그런 곳에서 자전거 타고 돌아다니고싶어",
            "norm_text": "그런 곳에서 자전거 타고 돌아다니고싶어",
            "speaker": {
              "id": "1번",
              "sex": "여성",
              "age": "20대"
            },
            "speechAct": "(단언) 주장하기",
            "morpheme": "그런/MM+곳/NNG+에서/JKB+자전거/NNG+타/VV+고/EC+돌아다니/VV+고/EC+싶/VX+어/EC"
          },
          {
            "id": 14,
            "text": "2 : 나는 여행이 관광 목적보단 힐링 목적이 더 커서 키키",
            "norm_text": "나는 여행이 관광 목적보단 힐링 목적이 더 커서 키키",
            "speaker": {
              "id": "2번",
              "sex": "남성",
              "age": "20대"
            },
            "speechAct": "(단언) 주장하기",
            "morpheme": "나/NP+는/JX+여행/NNG+이/JKS+관광/NNG+목적/NNG+보단/JKB+JX+힐링/NNG+목적/NNG+이/JKS+더/MAG+커서/VV+EC+키/NNG+키/XSV+ETN"
          },
          {
            "id": 15,
            "text": "3 : 어느 순간부터 여행에서 힐링을 찾으면 나이든거래",
            "norm_text": "어느 순간부터 여행에서 힐링을 찾으면 나이든거래",
            "speaker": {
              "id": "3번",
              "sex": "남성",
              "age": "20대"
            },
            "speechAct": "(단언) 진술하기",
            "morpheme": "어느/MM+순간/NNG+부터/JX+여행/NNG+에서/JKB+힐링/NNG+을/JKO+찾/VV+으면/EC+나/NP+이/VCP+든/EC+거래/NNG"
          },
          {
            "id": 16,
            "text": "1 : 키키 아키키 나도 요즘 그런 쪽으로 바꼈는데",
            "norm_text": "키키 아키키 나도 요즘 그런 쪽으로 바꼈는데",
            "speaker": {
              "id": "1번",
              "sex": "여성",
              "age": "20대"
            },
            "speechAct": "(단언) 진술하기",
            "morpheme": "키/NNG+키/VV+아/EC+키/NNG+키나/XSA+ETN+JX+도/JX+요즘/MAG+그런/MM+쪽/NNB+으로/JKB+바꼈/VV+EP+는데/EC"
          },
          {
            "id": 17,
            "text": "2 : 겨울에 훗카이도 가서 눈 맞으면서 노천탕 즐기고싶다",
            "norm_text": "겨울에 훗카이도 가서 눈 맞으면서 노천탕 즐기고싶다",
            "speaker": {
              "id": "2번",
              "sex": "남성",
              "age": "20대"
            },
            "speechAct": "(단언) 주장하기",
            "morpheme": "겨울/NNG+에/JKB+훗카이도/NNP+가/JKS+서/VV+EC+눈/NNG+맞/VV+으면서/EC+노천탕/NNG+즐기/VV+고/EC+싶/VX+다/EC"
          },
          {
            "id": 18,
            "text": "3 : 노천탕 좋지 ㅠㅠ 나도 담구고 싶다",
            "norm_text": "노천탕 좋지 ㅠㅠ 나도 담구고 싶다",
            "speaker": {
              "id": "3번",
              "sex": "남성",
              "age": "20대"
            },
            "speechAct": "(단언) 주장하기",
            "morpheme": "노천탕/NNG+좋/VA+지/EC+ㅠㅠ/UNKNOWN+나/NP+도/JX+담구/VV+고/EC+싶/VX+다/EC"
          }
        ]
      }
    }
  ]
}