{
  "dataset": {
    "identifier": 104221,
    "name": "BAND_38_11_set",
    "src_path": "/data/file/cubeManager/PROJECT001/77/txt202110271501010722101/BAND_38_11_set/",
    "label_path": "/data/file/cubeManager/PROJECT001/77/txt202110271501010722101/BAND_38_11_set/",
    "category": 2,
    "type": 0
  },
  "licenses": {
    "name": "Apache License 1.0",
    "url": "http://www.apache.org/licenses/LICENSE-1.0"
  },
  "info": [
    {
      "id": 96671,
      "filename": "BAND_38_11.txt",
      "title": "BAND_38_11",
      "mediatype": "SNS",
      "medianame": "네이버밴드",
      "category": "일상대화",
      "date": "2021-10-27",
      "size": 525,
      "annotations": {
        "subject": "게임",
        "speaker_type": "다자간 대화",
        "size": 525,
        "word_size": 177,
        "text": "1 : 컴터 게임 좋아해? 추천좀\n2 : 금장에 골딱이인 사람이 추천해주는 오버워치\n3 : 키키 플레의 수문장 롤하자 롤!\n1 : 키키 롤이랑 오버워치 다양하네 키키\n1 : 나 겜 잘 못해 ㅜ\n2 : 롤 서폿 하는데 나 때문에 라인 밀렸다고 내탓해서 상처 받고 안 함 옵치 짱\n3 : 키키 한번은 해봐야해 그래도 스트레스 받을 때!\n1 : 키키 둘이 나중에 같이 해봐 키키\n2 : 키키 후,^^ 스트레스 풀려고 하는 겜 하며 스트레스 받는 게 사실이지만\n3 : 키키 그 맛에 못 끊어요\n3 : 나중에 할 수 있으면 하잠\n1 : 키키 난 옆에서 구경 해야지\n2 : ㄹㅇ 할 수 있는 욕은 다 하며 채팅으론 착한말 하는 나 볼 수 잇음\n3 : 다들 보면 욕을 너무 많이해! 문제야\n1 : 키키 겜하다 보면 저절로 나오더라 키키\n2 : 그래! 지들이 잘 못해서 욕먹을 짓 해 놓고 왜 날 신고하냐!\n3 : 키키 가끔 억울한데 못 했을땐 조용히 해야지\n1 : 못 했을땐 조용히 나가기 키키 눈치\n2 : 나가긴 어딜 나가! 나가진마!\n3 : 키키 그건 안돼 하는 사람만 아는...!",
        "lines": [
          {
            "id": 1,
            "text": "1 : 컴터 게임 좋아해? 추천좀",
            "norm_text": "컴터 게임 좋아해? 추천좀",
            "speaker": {
              "id": "1번",
              "sex": "여성",
              "age": "20대"
            },
            "speechAct": "(지시) 질문하기",
            "morpheme": "컴/NNP+터/NNG+게임/NNG+좋/VA+아/EC+해/VX+EF+추천/NNG+좀/MAG"
          },
          {
            "id": 2,
            "text": "2 : 금장에 골딱이인 사람이 추천해주는 오버워치",
            "norm_text": "금장에 골딱이인 사람이 추천해주는 오버워치",
            "speaker": {
              "id": "2번",
              "sex": "여성",
              "age": "20대"
            },
            "speechAct": "(단언) 주장하기",
            "morpheme": "금장/NNG+에/JKB+골딱/MAG+이인/NNG+사람/NNG+이/JKS+추천/NNG+해/XSV+EC+주/VX+는/ETM+오버/NNG+워치/NNP"
          },
          {
            "id": 3,
            "text": "3 : 키키 플레의 수문장 롤하자 롤!",
            "norm_text": "키키 플레의 수문장 롤하자 롤!",
            "speaker": {
              "id": "3번",
              "sex": "남성",
              "age": "20대"
            },
            "speechAct": "(지시) 충고/제안하기",
            "morpheme": "키키/NNP+플레/NNP+의/JKG+수문장/NNG+롤/JKB+하자/NNG+롤/JKB"
          },
          {
            "id": 4,
            "text": "1 : 키키 롤이랑 오버워치 다양하네 키키",
            "norm_text": "키키 롤이랑 오버워치 다양하네 키키",
            "speaker": {
              "id": "1번",
              "sex": "여성",
              "age": "20대"
            },
            "speechAct": "(단언) 주장하기",
            "morpheme": "키/NNG+키/XSV+ETN+롤/JKB+이랑/JC+오버/NNP+워치/NNP+다양/NNG+하/XSV+네/EC+키/NNG+키/XSV+ETN"
          },
          {
            "id": 5,
            "text": "1 : 나 겜 잘 못해 ㅜ",
            "norm_text": "나 겜 잘 못해 ㅜ",
            "speaker": {
              "id": "1번",
              "sex": "여성",
              "age": "20대"
            },
            "speechAct": "(단언) 주장하기",
            "morpheme": "나겜잘못해ㅜ/UNKNOWN"
          },
          {
            "id": 6,
            "text": "2 : 롤 서폿 하는데 나 때문에 라인 밀렸다고 내탓해서 상처 받고 안 함 옵치 짱",
            "norm_text": "롤 서폿 하는데 나 때문에 라인 밀렸다고 내탓해서 상처 받고 안 함 옵치 짱",
            "speaker": {
              "id": "2번",
              "sex": "여성",
              "age": "20대"
            },
            "speechAct": "(단언) 주장하기",
            "morpheme": "롤/NNG+서폿/UNKNOWN+하/VV+는데/EC+나/NP+때문/NNB+에/JKB+라인/NNG+밀렸/VV+EP+다고/EC+내/NP+JKG+탓/NNG+해서/XSV+EC+상처/NNG+받/VV+고/EC+안/MAG+함/VV+ETN+옵/EP+치/XSN+짱/NNG"
          },
          {
            "id": 7,
            "text": "3 : 키키 한번은 해봐야해 그래도 스트레스 받을 때!",
            "norm_text": "키키 한번은 해봐야해 그래도 스트레스 받을 때!",
            "speaker": {
              "id": "3번",
              "sex": "남성",
              "age": "20대"
            },
            "speechAct": "(단언) 주장하기",
            "morpheme": "키/NNG+키/XSV+ETN+한/MM+번/NNBC+은/JX+해/VV+EC+봐야/VX+EC+해/VV+EC+그래도/VV+EC+스트레스/NNG+받/VV+을/ETM+때/NNG"
          },
          {
            "id": 8,
            "text": "1 : 키키 둘이 나중에 같이 해봐 키키",
            "norm_text": "키키 둘이 나중에 같이 해봐 키키",
            "speaker": {
              "id": "1번",
              "sex": "여성",
              "age": "20대"
            },
            "speechAct": "(지시) 충고/제안하기",
            "morpheme": "키/NNG+키/XSV+ETN+둘/NR+이/NR+나중/NNG+에/JKB+같이/MAG+해/VV+EC+봐/VX+EF+키/NNG+키/XSV+ETN"
          },
          {
            "id": 9,
            "text": "2 : 키키 후,^^ 스트레스 풀려고 하는 겜 하며 스트레스 받는 게 사실이지만",
            "norm_text": "키키 후,^^ 스트레스 풀려고 하는 겜 하며 스트레스 받는 게 사실이지만",
            "speaker": {
              "id": "2번",
              "sex": "여성",
              "age": "20대"
            },
            "speechAct": "(단언) 주장하기",
            "morpheme": "키/NNG+키/NNG+후/NNG+,/SC+^/SY+^/SY+스트레스풀려고하는겜하며스트레스받는게사실이지만/UNKNOWN"
          },
          {
            "id": 10,
            "text": "3 : 키키 그 맛에 못 끊어요",
            "norm_text": "키키 그 맛에 못 끊어요",
            "speaker": {
              "id": "3번",
              "sex": "남성",
              "age": "20대"
            },
            "speechAct": "(단언) 주장하기",
            "morpheme": "키키/NNP+그/MM+맛/NNG+에/JKB+못/MAG+끊/VV+어요/EF"
          },
          {
            "id": 11,
            "text": "3 : 나중에 할 수 있으면 하잠",
            "norm_text": "나중에 할 수 있으면 하잠",
            "speaker": {
              "id": "3번",
              "sex": "남성",
              "age": "20대"
            },
            "speechAct": "(지시) 충고/제안하기",
            "morpheme": "나중/NNG+에/JKB+할/VV+ETM+수/NNB+있/VV+으면/EC+하잠/NNG"
          },
          {
            "id": 12,
            "text": "1 : 키키 난 옆에서 구경 해야지",
            "norm_text": "키키 난 옆에서 구경 해야지",
            "speaker": {
              "id": "1번",
              "sex": "여성",
              "age": "20대"
            },
            "speechAct": "(단언) 주장하기",
            "morpheme": "키/NNG+키/XSV+ETN+난/VV+ETM+옆/NNG+에서/JKB+구경/NNG+해야지/XSV+EC"
          },
          {
            "id": 13,
            "text": "2 : ㄹㅇ 할 수 있는 욕은 다 하며 채팅으론 착한말 하는 나 볼 수 잇음",
            "norm_text": "ㄹㅇ 할 수 있는 욕은 다 하며 채팅으론 착한말 하는 나 볼 수 잇음",
            "speaker": {
              "id": "2번",
              "sex": "여성",
              "age": "20대"
            },
            "speechAct": "(단언) 주장하기",
            "morpheme": "ㄹㅇ/UNKNOWN+할/VV+ETM+수/NNB+있/VV+는/ETM+욕/NNG+은/JX+다/MAG+하/VV+며/EC+채팅/NNG+으론/JKB+JX+착한/VA+ETM+말/NNG+하/XSV+는/ETM+나/NP+볼/VV+ETM+수/NNB+잇/VV+음/ETN"
          },
          {
            "id": 14,
            "text": "3 : 다들 보면 욕을 너무 많이해! 문제야",
            "norm_text": "다들 보면 욕을 너무 많이해! 문제야",
            "speaker": {
              "id": "3번",
              "sex": "남성",
              "age": "20대"
            },
            "speechAct": "(단언) 주장하기",
            "morpheme": "다/MAG+들보/NNG+면욕/NNG+을/JKO+너무/MAG+많이/MAG+해/VV+EF+문제/NNG+야/VCP+EF"
          },
          {
            "id": 15,
            "text": "1 : 키키 겜하다 보면 저절로 나오더라 키키",
            "norm_text": "키키 겜하다 보면 저절로 나오더라 키키",
            "speaker": {
              "id": "1번",
              "sex": "여성",
              "age": "20대"
            },
            "speechAct": "(단언) 주장하기",
            "morpheme": "키키/NNP+겜/NNP+하/VV+다/EC+보/VX+면/EC+저절로/MAG+나오/VV+더라/EC+키/NNG+키/XSV+ETN"
          },
          {
            "id": 16,
            "text": "2 : 그래! 지들이 잘 못해서 욕먹을 짓 해 놓고 왜 날 신고하냐!",
            "norm_text": "그래! 지들이 잘 못해서 욕먹을 짓 해 놓고 왜 날 신고하냐!",
            "speaker": {
              "id": "2번",
              "sex": "여성",
              "age": "20대"
            },
            "speechAct": "(단언) 주장하기",
            "morpheme": "그래/IC+지/NP+들/XSN+이/JKS+잘못/MAG+해서/VV+EC+욕먹/VV+을/ETM+짓/NNG+해/XSV+EC+놓/VX+고/EC+왜/MAG+날/NNG+신고/NNG+하/XSA+냐/EF"
          },
          {
            "id": 17,
            "text": "3 : 키키 가끔 억울한데 못 했을땐 조용히 해야지",
            "norm_text": "키키 가끔 억울한데 못 했을땐 조용히 해야지",
            "speaker": {
              "id": "3번",
              "sex": "남성",
              "age": "20대"
            },
            "speechAct": "(단언) 주장하기",
            "morpheme": "키/NNG+키/NNG+가끔/MAG+억울/XR+한데/XSA+EC+못했/VX+EP+을/ETM+땐/NNG+JX+조용히/MAG+해야지/VV+EC"
          },
          {
            "id": 18,
            "text": "1 : 못 했을땐 조용히 나가기 키키 눈치",
            "norm_text": "못 했을땐 조용히 나가기 키키 눈치",
            "speaker": {
              "id": "1번",
              "sex": "여성",
              "age": "20대"
            },
            "speechAct": "(단언) 주장하기",
            "morpheme": "못/MAG+했/VV+EP+을/ETM+땐/NNG+JX+조용히/MAG+나가/VV+기/ETN+키/NNG+키/NNG+눈치/NNG"
          },
          {
            "id": 19,
            "text": "2 : 나가긴 어딜 나가! 나가진마!",
            "norm_text": "나가긴 어딜 나가! 나가진마!",
            "speaker": {
              "id": "2번",
              "sex": "여성",
              "age": "20대"
            },
            "speechAct": "(단언) 주장하기",
            "morpheme": "나/NP+가/JKS+긴/VA+ETM+어딜/NP+JKO+나가/VV+EF+나/NP+가/JKS+진마/NNG"
          },
          {
            "id": 20,
            "text": "3 : 키키 그건 안돼 하는 사람만 아는...!",
            "norm_text": "키키 그건 안돼 하는 사람만 아는...!",
            "speaker": {
              "id": "3번",
              "sex": "남성",
              "age": "20대"
            },
            "speechAct": "(단언) 주장하기",
            "morpheme": "키/NNG+키/XSV+ETN+그건/NP+JX+안/MAG+돼/VV+EC+하/VV+는/ETM+사람/NNG+만/JX+아/VV+는/ETM+./SY+./SY"
          }
        ]
      }
    }
  ]
}