{
  "dataset": {
    "identifier": 20786,
    "name": "BAND_26_19_set",
    "src_path": "/data/file/cubeManager/PROJECT001/49/txt20210916140644048731/BAND_26_19_set/",
    "label_path": "/data/file/cubeManager/PROJECT001/49/txt20210916140644048731/BAND_26_19_set/",
    "category": 2,
    "type": 0
  },
  "licenses": {
    "name": "Apache License 1.0",
    "url": "http://www.apache.org/licenses/LICENSE-1.0"
  },
  "info": [
    {
      "id": 27929,
      "filename": "BAND_26_19.txt",
      "title": "BAND_26_19",
      "mediatype": "SNS",
      "medianame": "네이버밴드",
      "category": "일상대화",
      "date": "2021-09-16",
      "size": 386,
      "annotations": {
        "subject": "방송/연예",
        "speaker_type": "1:1",
        "size": 386,
        "word_size": 129,
        "text": "1 : 너는 아이돌 콘서트 같은 곳 가본 적 있어?\n2 : 아니 가보지 못했어 학교에 행사할 때 오는 사람 빼고\n1 : 문경에서 축제 열 때 오는 연예인?\n2 : 문경이 아니고 강원도에 학교 다닐 때 왔던 연예인 맞아\n1 : 그렇구나 그때 누구 왔었어?\n2 : 멜로망스에 한 명 왔는데 누군지 몰라\n1 : 멜로망스는 멤버가 두 명이었나?\n2 : 어 맞아 두 명일 거야\n1 : 근데 혼자 와서도 노래 잘 부르고 갔어?\n2 : 노래 잘 부르던데? 신기하게도\n1 : 아 생각해 보니까 한 사람은 피아노 치는 사람 아니야?\n2 : 맞아 맞아 그렇더라고\n1 : 그러니까 혼자서도 노래를 잘 부르지 키키\n2 : 그러게 신기하네 근데 왜 혼자 왔지?\n1 : 뭐 스케줄이 안 맞아서 그랬겠지?\n2 : 그런가 봐 돈이 안 맞거나 키키",
        "lines": [
          {
            "id": 1,
            "text": "1 : 너는 아이돌 콘서트 같은 곳 가본 적 있어?",
            "norm_text": "너는 아이돌 콘서트 같은 곳 가본 적 있어?",
            "speaker": {
              "id": "1번",
              "sex": "여성",
              "age": "20대"
            },
            "speechAct": "(지시) 질문하기",
            "morpheme": "너/NP+는/JX+아이돌/NNP+콘서트/NNG+같/VA+은/ETM+곳/NNB+가/JKS+본/VV+ETM+적/NNB+있/VA+어/EF"
          },
          {
            "id": 2,
            "text": "2 : 아니 가보지 못했어 학교에 행사할 때 오는 사람 빼고",
            "norm_text": "아니 가보지 못했어 학교에 행사할 때 오는 사람 빼고",
            "speaker": {
              "id": "2번",
              "sex": "여성",
              "age": "20대"
            },
            "speechAct": "(단언) 진술하기",
            "morpheme": "아/IC+니/NP+가/JKS+보/VV+지/EC+못했/VX+EP+어/EC+학교/NNG+에/JKB+행사/NNG+할/XSV+ETM+때/NNG+오/VV+는/ETM+사람/NNG+빼/VV+고/EC"
          },
          {
            "id": 3,
            "text": "1 : 문경에서 축제 열 때 오는 연예인?",
            "norm_text": "문경에서 축제 열 때 오는 연예인?",
            "speaker": {
              "id": "1번",
              "sex": "여성",
              "age": "20대"
            },
            "speechAct": "(지시) 질문하기",
            "morpheme": "문경/NNP+에서/JKB+축제/NNG+열/NR+때/NNG+오/VV+는/ETM+연예인/NNG"
          },
          {
            "id": 4,
            "text": "2 : 문경이 아니고 강원도에 학교 다닐 때 왔던 연예인 맞아",
            "norm_text": "문경이 아니고 강원도에 학교 다닐 때 왔던 연예인 맞아",
            "speaker": {
              "id": "2번",
              "sex": "여성",
              "age": "20대"
            },
            "speechAct": "(단언) 진술하기",
            "morpheme": "문경/NNG+이/JKC+아니/VCN+고/EC+강원도/NNP+에/JKB+학교/NNG+다닐/VV+ETM+때/NNG+왔/VV+EP+던/ETM+연예인/NNG+맞/VV+아/EC"
          },
          {
            "id": 5,
            "text": "1 : 그렇구나 그때 누구 왔었어?",
            "norm_text": "그렇구나 그때 누구 왔었어?",
            "speaker": {
              "id": "1번",
              "sex": "여성",
              "age": "20대"
            },
            "speechAct": "(지시) 질문하기",
            "morpheme": "그렇/VA+구나/EF+그때/NNG+누구/NP+왔었/VV+EP+어/EF"
          },
          {
            "id": 6,
            "text": "2 : 멜로망스에 한 명 왔는데 누군지 몰라",
            "norm_text": "멜로망스에 한 명 왔는데 누군지 몰라",
            "speaker": {
              "id": "2번",
              "sex": "여성",
              "age": "20대"
            },
            "speechAct": "(단언) 주장하기",
            "morpheme": "멜/NNP+로망스/NNP+에/JKB+한/MM+명/NNBC+왔/VV+EP+는데/EC+누군지/NP+VCP+EC+몰라/VV+EC"
          },
          {
            "id": 7,
            "text": "1 : 멜로망스는 멤버가 두 명이었나?",
            "norm_text": "멜로망스는 멤버가 두 명이었나?",
            "speaker": {
              "id": "1번",
              "sex": "여성",
              "age": "20대"
            },
            "speechAct": "(지시) 질문하기",
            "morpheme": "멜/NNP+로망스/NNP+는/JX+멤버/NNG+가/JKS+두/MM+명/NNBC+이/VCP+었/EP+나/EF"
          },
          {
            "id": 8,
            "text": "2 : 어 맞아 두 명일 거야",
            "norm_text": "어 맞아 두 명일 거야",
            "speaker": {
              "id": "2번",
              "sex": "여성",
              "age": "20대"
            },
            "speechAct": "(단언) 주장하기",
            "morpheme": "어/IC+맞아/IC+두/MM+명/NNBC+일거/VCP+ETM+NNB+VCP+야/EC"
          },
          {
            "id": 9,
            "text": "1 : 근데 혼자 와서도 노래 잘 부르고 갔어?",
            "norm_text": "근데 혼자 와서도 노래 잘 부르고 갔어?",
            "speaker": {
              "id": "1번",
              "sex": "여성",
              "age": "20대"
            },
            "speechAct": "(지시) 질문하기",
            "morpheme": "근데/MAJ+혼자/MAG+와서/VV+EC+도/JX+노래/NNG+잘/MAG+부르/VV+고/EC+갔/VV+EP+어/EF"
          },
          {
            "id": 10,
            "text": "2 : 노래 잘 부르던데? 신기하게도",
            "norm_text": "노래 잘 부르던데? 신기하게도",
            "speaker": {
              "id": "2번",
              "sex": "여성",
              "age": "20대"
            },
            "speechAct": "(단언) 주장하기",
            "morpheme": "노래/NNG+잘/MAG+부르/VV+던데/EF+신기/XR+하/XSA+게/EC+도/JX"
          },
          {
            "id": 11,
            "text": "1 : 아 생각해 보니까 한 사람은 피아노 치는 사람 아니야?",
            "norm_text": "아 생각해 보니까 한 사람은 피아노 치는 사람 아니야?",
            "speaker": {
              "id": "1번",
              "sex": "여성",
              "age": "20대"
            },
            "speechAct": "(지시) 질문하기",
            "morpheme": "아/IC+생각/NNG+해/XSV+EC+보/VX+니까/EC+한/MM+사람/NNG+은/JX+피아노/NNG+치/VV+는/ETM+사람/NNG+아니/VCN+야/EF"
          },
          {
            "id": 12,
            "text": "2 : 맞아 맞아 그렇더라고",
            "norm_text": "맞아 맞아 그렇더라고",
            "speaker": {
              "id": "2번",
              "sex": "여성",
              "age": "20대"
            },
            "speechAct": "(단언) 주장하기",
            "morpheme": "맞/VV+아/EC+맞/VV+아/EC+그렇/VA+더라고/EC"
          },
          {
            "id": 13,
            "text": "1 : 그러니까 혼자서도 노래를 잘 부르지 키키",
            "norm_text": "그러니까 혼자서도 노래를 잘 부르지 키키",
            "speaker": {
              "id": "1번",
              "sex": "여성",
              "age": "20대"
            },
            "speechAct": "(단언) 주장하기",
            "morpheme": "그러니까/MAJ+혼자/NNG+서/JKB+도/JX+노래/NNG+를/JKO+잘/MAG+부르/VV+지/EC+키/NNG+키/XSV+ETN"
          },
          {
            "id": 14,
            "text": "2 : 그러게 신기하네 근데 왜 혼자 왔지?",
            "norm_text": "그러게 신기하네 근데 왜 혼자 왔지?",
            "speaker": {
              "id": "2번",
              "sex": "여성",
              "age": "20대"
            },
            "speechAct": "(지시) 질문하기",
            "morpheme": "그러/VV+게/EC+신기/XR+하/XSA+네/EF+근데/MAJ+왜/MAG+혼자/MAG+왔/VV+EP+지/EF"
          },
          {
            "id": 15,
            "text": "1 : 뭐 스케줄이 안 맞아서 그랬겠지?",
            "norm_text": "뭐 스케줄이 안 맞아서 그랬겠지?",
            "speaker": {
              "id": "1번",
              "sex": "여성",
              "age": "20대"
            },
            "speechAct": "(지시) 질문하기",
            "morpheme": "뭐/IC+스케줄/NNG+이/JKS+안/MAG+맞/VV+아서/EC+그랬/VV+EP+겠/EP+지/EF"
          },
          {
            "id": 16,
            "text": "2 : 그런가 봐 돈이 안 맞거나 키키",
            "norm_text": "그런가 봐 돈이 안 맞거나 키키",
            "speaker": {
              "id": "2번",
              "sex": "여성",
              "age": "20대"
            },
            "speechAct": "(단언) 주장하기",
            "morpheme": "그런가/VA+EC+봐/VX+EF+돈/NNG+이/JKS+안/MAG+맞/VV+거나/EC+키/NNG+키/XSV+ETN"
          }
        ]
      }
    }
  ]
}