{
  "dataset": {
    "identifier": 103414,
    "name": "BAND_37_07_set",
    "src_path": "/data/file/cubeManager/PROJECT001/77/txt20211027150101057062/BAND_37_07_set/",
    "label_path": "/data/file/cubeManager/PROJECT001/77/txt20211027150101057062/BAND_37_07_set/",
    "category": 2,
    "type": 0
  },
  "licenses": {
    "name": "Apache License 1.0",
    "url": "http://www.apache.org/licenses/LICENSE-1.0"
  },
  "info": [
    {
      "id": 96647,
      "filename": "BAND_37_07.txt",
      "title": "BAND_37_07",
      "mediatype": "SNS",
      "medianame": "네이버밴드",
      "category": "일상대화",
      "date": "2021-10-27",
      "size": 499,
      "annotations": {
        "subject": "가족",
        "speaker_type": "다자간 대화",
        "size": 499,
        "word_size": 160,
        "text": "1 : 지금 다들 가족들이랑 지내?\n2 : 아니 나는 타지역에서 동생이랑 생활중\n3 : 아니 나는 혼자 자취중!\n1 : 다들 자취하네 키키\n1 : 자취하는 소감이 어때?\n2 : 청소도 맨날 해야하고 빨래도 직접 해야하고 좀 부지런 해야하는 거 같애 키키\n3 : 집은 항상 더러워지더라고 이상하게\n1 : 키키 난 엄마가 항상 치워주셔\n2 : 동생이랑 자취해 보니깐 왜 부모님들이 더럽다고 잔소리하시는지 알겠더라 키키\n3 : 집치워 주는 엄마 있는 게 좋긴 하더라고\n1 : 대신 맨날 잔소리 장난 아니게 듣지\n2 : 그치 ㅠ 자취하면 자유로운 건 좋은 거 같애 키키\n3 : 사실 그거 하나로 자취 시작하긴 했어 키키\n1 : 나는 자취하다 집 들어오니깐 답답해 ㅜㅜ\n2 : 아 자취하다가 집에 들어갔구나 좀 답답하긴 하겠다 확실히 ㅠㅠ\n3 : 자취가 부모님 눈치 안봐서 편하긴 하지\n1 : 웅 ㅜㅜ 밤에 나갈 때도 눈치 보이고 키키\n2 : 제일 서러운 건 야식 못 먹을 때가 젤 서럽지 키키\n3 : 또 술도 마음대로 못먹잖아 그치",
        "lines": [
          {
            "id": 1,
            "text": "1 : 지금 다들 가족들이랑 지내?",
            "norm_text": "지금 다들 가족들이랑 지내?",
            "speaker": {
              "id": "1번",
              "sex": "여성",
              "age": "20대"
            },
            "speechAct": "(지시) 질문하기",
            "morpheme": "지금/MAG+다/MAG+들/XSN+가족/NNG+들/XSN+이랑/JKB+지내/VV+EF"
          },
          {
            "id": 2,
            "text": "2 : 아니 나는 타지역에서 동생이랑 생활중",
            "norm_text": "아니 나는 타지역에서 동생이랑 생활중",
            "speaker": {
              "id": "2번",
              "sex": "남성",
              "age": "20대"
            },
            "speechAct": "(단언) 진술하기",
            "morpheme": "아니/IC+나/NP+는/JX+타/MM+지역/NNG+에서/JKB+동생/NNG+이랑/JKB+생활/NNG+중/NNB"
          },
          {
            "id": 3,
            "text": "3 : 아니 나는 혼자 자취중!",
            "norm_text": "아니 나는 혼자 자취중!",
            "speaker": {
              "id": "3번",
              "sex": "남성",
              "age": "20대"
            },
            "speechAct": "(단언) 진술하기",
            "morpheme": "아니/IC+나/NP+는/JX+혼자/NNG+자취/NNG+중/NNB"
          },
          {
            "id": 4,
            "text": "1 : 다들 자취하네 키키",
            "norm_text": "다들 자취하네 키키",
            "speaker": {
              "id": "1번",
              "sex": "여성",
              "age": "20대"
            },
            "speechAct": "(단언) 주장하기",
            "morpheme": "다들자취하네키키/UNKNOWN"
          },
          {
            "id": 5,
            "text": "1 : 자취하는 소감이 어때?",
            "norm_text": "자취하는 소감이 어때?",
            "speaker": {
              "id": "1번",
              "sex": "여성",
              "age": "20대"
            },
            "speechAct": "(지시) 질문하기",
            "morpheme": "자취/NNG+하/XSV+는/ETM+소감/NNG+이/JKS+어때/VA+EF"
          },
          {
            "id": 6,
            "text": "2 : 청소도 맨날 해야하고 빨래도 직접 해야하고 좀 부지런 해야하는 거 같애 키키",
            "norm_text": "청소도 맨날 해야하고 빨래도 직접 해야하고 좀 부지런 해야하는 거 같애 키키",
            "speaker": {
              "id": "2번",
              "sex": "남성",
              "age": "20대"
            },
            "speechAct": "(단언) 주장하기",
            "morpheme": "청소/NNG+도/JX+맨날/MAG+해야/VV+EC+하/VV+고/EC+빨래/NNG+도/JX+직접/MAG+해야/VV+EC+하/VV+고/EC+좀/MAG+부지런/NNG+해야/XSV+EC+하/VV+는/ETM+거/NNB+같/VA+애/EF+키/NNG+키/XSV+ETN"
          },
          {
            "id": 7,
            "text": "3 : 집은 항상 더러워지더라고 이상하게",
            "norm_text": "집은 항상 더러워지더라고 이상하게",
            "speaker": {
              "id": "3번",
              "sex": "남성",
              "age": "20대"
            },
            "speechAct": "(단언) 주장하기",
            "morpheme": "집/NNG+은/JX+항상/MAG+더러워지/VV+더라고/EC+이상/NNG+하/XSV+게/EC"
          },
          {
            "id": 8,
            "text": "1 : 키키 난 엄마가 항상 치워주셔",
            "norm_text": "키키 난 엄마가 항상 치워주셔",
            "speaker": {
              "id": "1번",
              "sex": "여성",
              "age": "20대"
            },
            "speechAct": "(단언) 진술하기",
            "morpheme": "키/NNG+키/XSV+ETN+난/VV+ETM+엄마/NNG+가/JKS+항상/MAG+치워/VV+EC+주/VX+셔/EP+EC"
          },
          {
            "id": 9,
            "text": "2 : 동생이랑 자취해 보니깐 왜 부모님들이 더럽다고 잔소리하시는지 알겠더라 키키",
            "norm_text": "동생이랑 자취해 보니깐 왜 부모님들이 더럽다고 잔소리하시는지 알겠더라 키키",
            "speaker": {
              "id": "2번",
              "sex": "남성",
              "age": "20대"
            },
            "speechAct": "(단언) 주장하기",
            "morpheme": "동생/NNG+이랑/JKB+자취/NNG+해/XSV+EC+보/VX+니깐/EC+왜/MAG+부모/NNG+님/XSN+들/XSN+이/JKS+더럽/VA+다고/EC+잔소리/NNG+하/XSV+시/EP+는지/EC+알/VV+겠/EP+더라/EF+키/NNG+키/XSV+ETN"
          },
          {
            "id": 10,
            "text": "3 : 집치워 주는 엄마 있는 게 좋긴 하더라고",
            "norm_text": "집치워 주는 엄마 있는 게 좋긴 하더라고",
            "speaker": {
              "id": "3번",
              "sex": "남성",
              "age": "20대"
            },
            "speechAct": "(단언) 주장하기",
            "morpheme": "집/NNG+치워/VV+EC+주/VX+는/ETM+엄마/NNG+있/VA+는/ETM+게/NNB+JKS+좋/VA+긴/ETN+JX+하/VX+더라고/EC"
          },
          {
            "id": 11,
            "text": "1 : 대신 맨날 잔소리 장난 아니게 듣지",
            "norm_text": "대신 맨날 잔소리 장난 아니게 듣지",
            "speaker": {
              "id": "1번",
              "sex": "여성",
              "age": "20대"
            },
            "speechAct": "(단언) 주장하기",
            "morpheme": "대신/NNG+맨날/MAG+잔소리/NNG+장난/NNG+아니/VCN+게/EC+듣/VV+지/EC"
          },
          {
            "id": 12,
            "text": "2 : 그치 ㅠ 자취하면 자유로운 건 좋은 거 같애 키키",
            "norm_text": "그치 ㅠ 자취하면 자유로운 건 좋은 거 같애 키키",
            "speaker": {
              "id": "2번",
              "sex": "남성",
              "age": "20대"
            },
            "speechAct": "(단언) 주장하기",
            "morpheme": "그치/IC+ㅠ/UNKNOWN+자취/NNG+하/XSV+면/EC+자유/NNG+로운/XSA+ETM+건/NNB+JX+좋/VA+은/ETM+거/NNB+같/VA+애/EF+키/NNG+키/XSV+ETN"
          },
          {
            "id": 13,
            "text": "3 : 사실 그거 하나로 자취 시작하긴 했어 키키",
            "norm_text": "사실 그거 하나로 자취 시작하긴 했어 키키",
            "speaker": {
              "id": "3번",
              "sex": "남성",
              "age": "20대"
            },
            "speechAct": "(단언) 주장하기",
            "morpheme": "사실/MAG+그거/NP+하나/NR+로/JKB+자취/NNG+시작/NNG+하/XSV+긴/ETN+JX+했/VX+EP+어/EC+키/NNG+키/XSV+ETN"
          },
          {
            "id": 14,
            "text": "1 : 나는 자취하다 집 들어오니깐 답답해 ㅜㅜ",
            "norm_text": "나는 자취하다 집 들어오니깐 답답해 ㅜㅜ",
            "speaker": {
              "id": "1번",
              "sex": "여성",
              "age": "20대"
            },
            "speechAct": "(단언) 주장하기",
            "morpheme": "나/NP+는/JX+자취/NNG+하/XSV+다/EC+집/NNG+들어오/VV+니깐/EC+답답/XR+해/XSA+EC+ㅜㅜ/UNKNOWN"
          },
          {
            "id": 15,
            "text": "2 : 아 자취하다가 집에 들어갔구나 좀 답답하긴 하겠다 확실히 ㅠㅠ",
            "norm_text": "아 자취하다가 집에 들어갔구나 좀 답답하긴 하겠다 확실히 ㅠㅠ",
            "speaker": {
              "id": "2번",
              "sex": "남성",
              "age": "20대"
            },
            "speechAct": "(단언) 주장하기",
            "morpheme": "아/IC+자취/NNG+하/XSV+다가/EC+집/NNG+에/JKB+들어갔/VV+EP+구나/EF+좀/MAG+답답/XR+하/XSA+긴/ETN+JX+하/VX+겠/EP+다/EF+확실히/MAG+ㅠㅠ/UNKNOWN"
          },
          {
            "id": 16,
            "text": "3 : 자취가 부모님 눈치 안봐서 편하긴 하지",
            "norm_text": "자취가 부모님 눈치 안봐서 편하긴 하지",
            "speaker": {
              "id": "3번",
              "sex": "남성",
              "age": "20대"
            },
            "speechAct": "(단언) 주장하기",
            "morpheme": "자취/NNG+가/JKS+부모/NNG+님/XSN+눈치/NNG+안/MAG+봐서/VV+EC+편하/VA+긴/ETN+JX+하/VX+지/EC"
          },
          {
            "id": 17,
            "text": "1 : 웅 ㅜㅜ 밤에 나갈 때도 눈치 보이고 키키",
            "norm_text": "웅 ㅜㅜ 밤에 나갈 때도 눈치 보이고 키키",
            "speaker": {
              "id": "1번",
              "sex": "여성",
              "age": "20대"
            },
            "speechAct": "(단언) 주장하기",
            "morpheme": "웅/IC+ㅜㅜ/UNKNOWN+밤/NNG+에/JKB+나갈/VV+ETM+때/NNG+도/JX+눈치/NNG+보이/VV+고/EC+키/NNG+키/XSV+ETN"
          },
          {
            "id": 18,
            "text": "2 : 제일 서러운 건 야식 못 먹을 때가 젤 서럽지 키키",
            "norm_text": "제일 서러운 건 야식 못 먹을 때가 젤 서럽지 키키",
            "speaker": {
              "id": "2번",
              "sex": "남성",
              "age": "20대"
            },
            "speechAct": "(단언) 주장하기",
            "morpheme": "제일/MAG+서러운/VA+ETM+건/NNB+JX+야식/NNG+못/MAG+먹/VV+을/ETM+때/NNG+가/JKS+젤/MAG+서럽/VA+지/EC+키/NNG+키/XSV+ETN"
          },
          {
            "id": 19,
            "text": "3 : 또 술도 마음대로 못먹잖아 그치",
            "norm_text": "또 술도 마음대로 못먹잖아 그치",
            "speaker": {
              "id": "3번",
              "sex": "남성",
              "age": "20대"
            },
            "speechAct": "(단언) 주장하기",
            "morpheme": "또/MAG+술/NNG+도/JX+마음대로/MAG+못/MAG+먹/VV+잖아/EF+그치/IC"
          }
        ]
      }
    }
  ]
}