{
  "dataset": {
    "identifier": 122220,
    "name": "BAND_46_04_set",
    "src_path": "/data/file/cubeManager/PROJECT001/80/txt20211103154613087487/BAND_46_04_set/",
    "label_path": "/data/file/cubeManager/PROJECT001/80/txt20211103154613087487/BAND_46_04_set/",
    "category": 2,
    "type": 0
  },
  "licenses": {
    "name": "Apache License 1.0",
    "url": "http://www.apache.org/licenses/LICENSE-1.0"
  },
  "info": [
    {
      "id": 135519,
      "filename": "BAND_46_04.txt",
      "title": "BAND_46_04",
      "mediatype": "SNS",
      "medianame": "네이버밴드",
      "category": "일상대화",
      "date": "2021-11-03",
      "size": 514,
      "annotations": {
        "subject": "회사/아르바이트",
        "speaker_type": "다자간 대화",
        "size": 514,
        "word_size": 181,
        "text": "1 : 오늘 넘 한가해서 지루해 죽는 줄~\n2 : 난 너무 바빠 요즘~\n2 : 성과금 안 주면 때려쳐벌여\n3 : 인정\n3 : 근데 한번에 몰리면 어지러워...\n1 : 키키 오늘 다들 어디 갔나\n1 : 손님이 없었어\n2 : 키키 부러오라잉 ㅜㅜ\n2 : 알바들은 개꿀 아닌교\n3 : 부럽다\n3 : 나도 편하게 하고 싶어\n1 : 근데 없으면 더 힘든 거 알아...?\n2 : 키키 ㅋ ㅋ 키키 아 그것도 뭔지 알아 키키\n2 : 괜히 컴퓨터 화면 더블 클릭하고\n3 : 진짜 눈치껏 뭐라도 해야지\n1 : 난 애꿏은 포스기 두들겨\n2 : 키키 키키 바탕화면 바꿔보기!\n2 : 화장실 가기!\n3 : 청소 한번씩 슥 해주고\n1 : 냉장고 괜히 열어보기 키키\n1 : 테라스 나가보기\n2 : 키키 어슬렁어슬렁,\n2 : 이틀만 더 출근하면 주말이다 ^^\n3 : 부럽다\n3 : 나는 주말에 알바 가는데\n1 : 너무 행복해 키키\n1 : 이틀 빨리 지나가라\n1 : 주말 알바 화이팅!\n2 : 키키 키키 아하\n2 : 주말 알바~!\n2 : 누가 주말에 알바를 가나요 하하\n3 : 아오 다들 평일에 봐 키키",
        "lines": [
          {
            "id": 1,
            "text": "1 : 오늘 넘 한가해서 지루해 죽는 줄~",
            "norm_text": "오늘 넘 한가해서 지루해 죽는 줄~",
            "speaker": {
              "id": "1번",
              "sex": "여성",
              "age": "20대"
            },
            "speechAct": "(단언) 주장하기",
            "morpheme": "오늘/MAG+넘/MAG+한가/XSA+EC+해서/VV+EC+지루/XR+해/XSA+EC+죽/VV+는/ETM+줄/NNB+~/SY"
          },
          {
            "id": 2,
            "text": "2 : 난 너무 바빠 요즘~",
            "norm_text": "난 너무 바빠 요즘~",
            "speaker": {
              "id": "2번",
              "sex": "여성",
              "age": "20대"
            },
            "speechAct": "(단언) 주장하기",
            "morpheme": "난/NP+JX+너무/MAG+바빠/VA+EC+요즘/NNG+~/SY"
          },
          {
            "id": 3,
            "text": "2 : 성과금 안 주면 때려쳐벌여",
            "norm_text": "성과금 안 주면 때려쳐벌여",
            "speaker": {
              "id": "2번",
              "sex": "여성",
              "age": "20대"
            },
            "speechAct": "(단언) 주장하기",
            "morpheme": "성과/NNG+금안/NNG+주/VV+면/EC+때려쳐/VV+EC+벌여/VV+EC"
          },
          {
            "id": 4,
            "text": "3 : 인정",
            "norm_text": "인정",
            "speaker": {
              "id": "3번",
              "sex": "남성",
              "age": "20대"
            },
            "speechAct": "(단언) 진술하기",
            "morpheme": "인정/NNG"
          },
          {
            "id": 5,
            "text": "3 : 근데 한번에 몰리면 어지러워...",
            "norm_text": "근데 한번에 몰리면 어지러워...",
            "speaker": {
              "id": "3번",
              "sex": "남성",
              "age": "20대"
            },
            "speechAct": "(단언) 진술하기",
            "morpheme": "근데/MAJ+한/MM+번/NNBC+에/JKB+몰리/VV+면/EC+어지러워/VA+EF+./SY"
          },
          {
            "id": 6,
            "text": "1 : 키키 오늘 다들 어디 갔나",
            "norm_text": "키키 오늘 다들 어디 갔나",
            "speaker": {
              "id": "1번",
              "sex": "여성",
              "age": "20대"
            },
            "speechAct": "(지시) 질문하기",
            "morpheme": "키/NNG+키/NNG+오늘/MAG+다/MAG+들/XSN+어디/NP+갔/VV+EP+나/EC"
          },
          {
            "id": 7,
            "text": "1 : 손님이 없었어",
            "norm_text": "손님이 없었어",
            "speaker": {
              "id": "1번",
              "sex": "여성",
              "age": "20대"
            },
            "speechAct": "(단언) 진술하기",
            "morpheme": "손/NNG+님/XSN+이/JKS+없/VA+었/EP+어/EC"
          },
          {
            "id": 8,
            "text": "2 : 키키 부러오라잉 ㅜㅜ",
            "norm_text": "키키 부러오라잉 ㅜㅜ",
            "speaker": {
              "id": "2번",
              "sex": "여성",
              "age": "20대"
            },
            "speechAct": "(단언) 진술하기",
            "morpheme": "키/NNG+키/VV+부러/EC+VX+EF+오라/IC+잉/IC+ㅜㅜ/UNKNOWN"
          },
          {
            "id": 9,
            "text": "2 : 알바들은 개꿀 아닌교",
            "norm_text": "알바들은 개꿀 아닌교",
            "speaker": {
              "id": "2번",
              "sex": "여성",
              "age": "20대"
            },
            "speechAct": "(단언) 주장하기",
            "morpheme": "알/VV+ETM+바/NNB+들/XSN+은/JX+개꿀/NNG+아닌/VCN+ETM+교/NNG"
          },
          {
            "id": 10,
            "text": "3 : 부럽다",
            "norm_text": "부럽다",
            "speaker": {
              "id": "3번",
              "sex": "남성",
              "age": "20대"
            },
            "speechAct": "(단언) 진술하기",
            "morpheme": "부럽/VA+다/EC"
          },
          {
            "id": 11,
            "text": "3 : 나도 편하게 하고 싶어",
            "norm_text": "나도 편하게 하고 싶어",
            "speaker": {
              "id": "3번",
              "sex": "남성",
              "age": "20대"
            },
            "speechAct": "(단언) 주장하기",
            "morpheme": "나/NP+도/JX+편하/VA+게/EC+하/VV+고/EC+싶/VX+어/EC"
          },
          {
            "id": 12,
            "text": "1 : 근데 없으면 더 힘든 거 알아...?",
            "norm_text": "근데 없으면 더 힘든 거 알아...?",
            "speaker": {
              "id": "1번",
              "sex": "여성",
              "age": "20대"
            },
            "speechAct": "(지시) 질문하기",
            "morpheme": "근데/MAJ+없/VA+으면/EC+더/MAG+힘든/VA+ETM+거/NNB+알/VV+아/EF+./SY+./SY"
          },
          {
            "id": 13,
            "text": "2 : 키키 ㅋ ㅋ 키키 아 그것도 뭔지 알아 키키",
            "norm_text": "키키 ㅋ ㅋ 키키 아 그것도 뭔지 알아 키키",
            "speaker": {
              "id": "2번",
              "sex": "여성",
              "age": "20대"
            },
            "speechAct": "(단언) 진술하기",
            "morpheme": "키/NNG+키/XSV+ETN+ㅋㅋ/UNKNOWN+키/NNG+키/VV+아/EC+그것/NP+도/JX+뭔지/NP+VCP+EC+알/VV+아/EC+키/NNG+키/XSV+ETN"
          },
          {
            "id": 14,
            "text": "2 : 괜히 컴퓨터 화면 더블 클릭하고",
            "norm_text": "괜히 컴퓨터 화면 더블 클릭하고",
            "speaker": {
              "id": "2번",
              "sex": "여성",
              "age": "20대"
            },
            "speechAct": "(단언) 주장하기",
            "morpheme": "괜히/MAG+컴퓨터/NNG+화면/NNG+더블/NNG+클릭/NNG+하/XSV+고/EC"
          },
          {
            "id": 15,
            "text": "3 : 진짜 눈치껏 뭐라도 해야지",
            "norm_text": "진짜 눈치껏 뭐라도 해야지",
            "speaker": {
              "id": "3번",
              "sex": "남성",
              "age": "20대"
            },
            "speechAct": "(단언) 주장하기",
            "morpheme": "진짜/MAG+눈치껏/MAG+뭐/NP+라도/VCP+EC+해야지/VX+EC"
          },
          {
            "id": 16,
            "text": "1 : 난 애꿏은 포스기 두들겨",
            "norm_text": "난 애꿏은 포스기 두들겨",
            "speaker": {
              "id": "1번",
              "sex": "여성",
              "age": "20대"
            },
            "speechAct": "(단언) 진술하기",
            "morpheme": "난/NP+JX+애꿏/VA+은/ETM+포스/NNG+기/VCP+ETN+두들겨/VV+EC"
          },
          {
            "id": 17,
            "text": "2 : 키키 키키 바탕화면 바꿔보기!",
            "norm_text": "키키 키키 바탕화면 바꿔보기!",
            "speaker": {
              "id": "2번",
              "sex": "여성",
              "age": "20대"
            },
            "speechAct": "(단언) 주장하기",
            "morpheme": "키키/NNP+키키/NNP+바탕/NNG+화면/NNG+바꿔/VV+EC+보/VX+기/ETN"
          },
          {
            "id": 18,
            "text": "2 : 화장실 가기!",
            "norm_text": "화장실 가기!",
            "speaker": {
              "id": "2번",
              "sex": "여성",
              "age": "20대"
            },
            "speechAct": "(단언) 주장하기",
            "morpheme": "화장실/NNG+가/VV+기/ETN"
          },
          {
            "id": 19,
            "text": "3 : 청소 한번씩 슥 해주고",
            "norm_text": "청소 한번씩 슥 해주고",
            "speaker": {
              "id": "3번",
              "sex": "남성",
              "age": "20대"
            },
            "speechAct": "(단언) 주장하기",
            "morpheme": "청소/NNG+한/MM+번/NNBC+씩/XSN+슥/NNG+해/XSV+EC+주/VX+고/EC"
          },
          {
            "id": 20,
            "text": "1 : 냉장고 괜히 열어보기 키키",
            "norm_text": "냉장고 괜히 열어보기 키키",
            "speaker": {
              "id": "1번",
              "sex": "여성",
              "age": "20대"
            },
            "speechAct": "(단언) 주장하기",
            "morpheme": "냉장고/NNG+괜히/MAG+열/VV+어/EC+보/VX+기/ETN+키/NNG+키/XSV+ETN"
          },
          {
            "id": 21,
            "text": "1 : 테라스 나가보기",
            "norm_text": "테라스 나가보기",
            "speaker": {
              "id": "1번",
              "sex": "여성",
              "age": "20대"
            },
            "speechAct": "(단언) 주장하기",
            "morpheme": "테라스/NNG+나가/VV+EC+보/VX+기/ETN"
          },
          {
            "id": 22,
            "text": "2 : 키키 어슬렁어슬렁,",
            "norm_text": "키키 어슬렁어슬렁,",
            "speaker": {
              "id": "2번",
              "sex": "여성",
              "age": "20대"
            },
            "speechAct": "턴토크 사인(관습적 반응)",
            "morpheme": "키/NNG+키/XSV+ETN+어슬렁어슬렁/MAG+,/SC"
          },
          {
            "id": 23,
            "text": "2 : 이틀만 더 출근하면 주말이다 ^^",
            "norm_text": "이틀만 더 출근하면 주말이다 ^^",
            "speaker": {
              "id": "2번",
              "sex": "여성",
              "age": "20대"
            },
            "speechAct": "(단언) 진술하기",
            "morpheme": "이틀/NNG+만/JX+더/MAG+출근/NNG+하/XSV+면/EC+주말/NNG+이/VCP+다/EC+^/SY+^/SY"
          },
          {
            "id": 24,
            "text": "3 : 부럽다",
            "norm_text": "부럽다",
            "speaker": {
              "id": "3번",
              "sex": "남성",
              "age": "20대"
            },
            "speechAct": "(단언) 진술하기",
            "morpheme": "부럽/VA+다/EC"
          },
          {
            "id": 25,
            "text": "3 : 나는 주말에 알바 가는데",
            "norm_text": "나는 주말에 알바 가는데",
            "speaker": {
              "id": "3번",
              "sex": "남성",
              "age": "20대"
            },
            "speechAct": "(단언) 주장하기",
            "morpheme": "나/NP+는/JX+주말/NNG+에/JKB+알/VV+ETM+바/NNB+가/VV+는데/EC"
          },
          {
            "id": 26,
            "text": "1 : 너무 행복해 키키",
            "norm_text": "너무 행복해 키키",
            "speaker": {
              "id": "1번",
              "sex": "여성",
              "age": "20대"
            },
            "speechAct": "(단언) 진술하기",
            "morpheme": "너무/MAG+행복/NNG+해/XSV+EC+키/NNG+키/XSV+ETN"
          },
          {
            "id": 27,
            "text": "1 : 이틀 빨리 지나가라",
            "norm_text": "이틀 빨리 지나가라",
            "speaker": {
              "id": "1번",
              "sex": "여성",
              "age": "20대"
            },
            "speechAct": "(단언) 주장하기",
            "morpheme": "이틀/NNG+빨리/MAG+지나가/VV+라/EC"
          },
          {
            "id": 28,
            "text": "1 : 주말 알바 화이팅!",
            "norm_text": "주말 알바 화이팅!",
            "speaker": {
              "id": "1번",
              "sex": "여성",
              "age": "20대"
            },
            "speechAct": "(단언) 진술하기",
            "morpheme": "주말/NNG+알/VV+ETM+바/NNB+화이팅/IC"
          },
          {
            "id": 29,
            "text": "2 : 키키 키키 아하",
            "norm_text": "키키 키키 아하",
            "speaker": {
              "id": "2번",
              "sex": "여성",
              "age": "20대"
            },
            "speechAct": "턴토크 사인(관습적 반응)",
            "morpheme": "키/NNG+키/NNG+키/XSV+ETN+키/VV+아하/EC"
          },
          {
            "id": 30,
            "text": "2 : 주말 알바~!",
            "norm_text": "주말 알바~!",
            "speaker": {
              "id": "2번",
              "sex": "여성",
              "age": "20대"
            },
            "speechAct": "(단언) 진술하기",
            "morpheme": "주말/NNG+알바/NNP+~/SY"
          },
          {
            "id": 31,
            "text": "2 : 누가 주말에 알바를 가나요 하하",
            "norm_text": "누가 주말에 알바를 가나요 하하",
            "speaker": {
              "id": "2번",
              "sex": "여성",
              "age": "20대"
            },
            "speechAct": "(단언) 주장하기",
            "morpheme": "누가/NP+JKS+주말/NNG+에/JKB+알/VV+ETM+바/NNB+를/JKO+가/VV+나요/EC+하하/MAG"
          },
          {
            "id": 32,
            "text": "3 : 아오 다들 평일에 봐 키키",
            "norm_text": "아오 다들 평일에 봐 키키",
            "speaker": {
              "id": "3번",
              "sex": "남성",
              "age": "20대"
            },
            "speechAct": "(단언) 주장하기",
            "morpheme": "아/IC+오다/NNG+들/XSN+평일/NNG+에/JKB+봐/VV+EC+키/NNG+키/XSV+ETN"
          }
        ]
      }
    }
  ]
}