{
  "dataset": {
    "identifier": 58312,
    "name": "BAND_33_03_set",
    "src_path": "/data/file/cubeManager/PROJECT001/53/txt202109281123290516106/BAND_33_03_set/",
    "label_path": "/data/file/cubeManager/PROJECT001/53/txt202109281123290516106/BAND_33_03_set/",
    "category": 2,
    "type": 0
  },
  "licenses": {
    "name": "Apache License 1.0",
    "url": "http://www.apache.org/licenses/LICENSE-1.0"
  },
  "info": [
    {
      "id": 35022,
      "filename": "BAND_33_03.txt",
      "title": "BAND_33_03",
      "mediatype": "SNS",
      "medianame": "네이버밴드",
      "category": "일상대화",
      "date": "2021-09-28",
      "size": 333,
      "annotations": {
        "subject": "교통",
        "speaker_type": "1:1",
        "size": 333,
        "word_size": 115,
        "text": "1 : 친구야 큰일 났어 큰일!\n2 : 왜 무슨 일인데 그러는 거야?\n1 : 내 남친 접촉사고 났어!\n2 : 접촉사고? 어쩌다가 사고 난 거야?\n1 : 가다가 졸음 운전을 해 버렸대 ㅜ\n2 : 헐 그럼 크게 다친 거 아니야?\n1 : 아니 다행히도 앞차만 박았대 ㅜ\n2 : 상대방도 많이 다친 건 아니고?\n1 : 아니 살짝 박았다고 해!\n2 : 아 그나마 불행 중 다행이다 ㅠ\n1 : 응 근데 상대편 차가 좋아 ㅜ\n2 : 이런 불행 중 다행이 아니였네... ㅠ\n1 : 차 종류가 카니발 신형이래 ㅜ\n2 : 카니발 신형이면 범퍼 값만 100은 나오겠다\n1 : 헐 그렇게 비싸? 큰일 났다 ㅜ\n2 : 그니깐 잘 해결됐으면 좋겠다",
        "lines": [
          {
            "id": 1,
            "text": "1 : 친구야 큰일 났어 큰일!",
            "norm_text": "친구야 큰일 났어 큰일!",
            "speaker": {
              "id": "1번",
              "sex": "여성",
              "age": "20대"
            },
            "speechAct": "(단언) 주장하기",
            "morpheme": "친구/NNG+야/JX+큰일났/VA+ETM+VV+EP+어/EC+큰일/NNG"
          },
          {
            "id": 2,
            "text": "2 : 왜 무슨 일인데 그러는 거야?",
            "norm_text": "왜 무슨 일인데 그러는 거야?",
            "speaker": {
              "id": "2번",
              "sex": "남성",
              "age": "30대"
            },
            "speechAct": "(지시) 질문하기",
            "morpheme": "왜/MAG+무슨/MM+일/NNG+인데/VCP+EC+그러/VV+는/ETM+거/NNB+야/VCP+EF"
          },
          {
            "id": 3,
            "text": "1 : 내 남친 접촉사고 났어!",
            "norm_text": "내 남친 접촉사고 났어!",
            "speaker": {
              "id": "1번",
              "sex": "여성",
              "age": "20대"
            },
            "speechAct": "(단언) 진술하기",
            "morpheme": "내/NP+JKG+남친/NNG+접촉/NNG+사고/NNG+났/VV+EP+어/EF"
          },
          {
            "id": 4,
            "text": "2 : 접촉사고? 어쩌다가 사고 난 거야?",
            "norm_text": "접촉사고? 어쩌다가 사고 난 거야?",
            "speaker": {
              "id": "2번",
              "sex": "남성",
              "age": "30대"
            },
            "speechAct": "(지시) 질문하기",
            "morpheme": "접촉/NNG+사고/NNG+어쩌다가/MAG+사/VV+고/EC+난/VX+ETM+거/NNB+야/VCP+EF"
          },
          {
            "id": 5,
            "text": "1 : 가다가 졸음 운전을 해 버렸대 ㅜ",
            "norm_text": "가다가 졸음 운전을 해 버렸대 ㅜ",
            "speaker": {
              "id": "1번",
              "sex": "여성",
              "age": "20대"
            },
            "speechAct": "(단언) 진술하기",
            "morpheme": "가/VV+다가/EC+졸음운전/NNG+을/JKO+해/VV+EC+버렸/VX+EP+대ㅜ/UNKNOWN"
          },
          {
            "id": 6,
            "text": "2 : 헐 그럼 크게 다친 거 아니야?",
            "norm_text": "헐 그럼 크게 다친 거 아니야?",
            "speaker": {
              "id": "2번",
              "sex": "남성",
              "age": "30대"
            },
            "speechAct": "(지시) 질문하기",
            "morpheme": "헐/IC+그럼/MAJ+크/VA+게/EC+다친/VV+ETM+거/NNB+아니/VCN+야/EF"
          },
          {
            "id": 7,
            "text": "1 : 아니 다행히도 앞차만 박았대 ㅜ",
            "norm_text": "아니 다행히도 앞차만 박았대 ㅜ",
            "speaker": {
              "id": "1번",
              "sex": "여성",
              "age": "20대"
            },
            "speechAct": "(단언) 진술하기",
            "morpheme": "아니/IC+다행히/MAG+도/JX+앞차/NNG+만/JX+박/VV+았/EP+대ㅜ/UNKNOWN"
          },
          {
            "id": 8,
            "text": "2 : 상대방도 많이 다친 건 아니고?",
            "norm_text": "상대방도 많이 다친 건 아니고?",
            "speaker": {
              "id": "2번",
              "sex": "남성",
              "age": "30대"
            },
            "speechAct": "(지시) 질문하기",
            "morpheme": "상대방/NNG+도/JX+많이/MAG+다친/VV+ETM+건/NNB+JX+아니/VCN+고/EC"
          },
          {
            "id": 9,
            "text": "1 : 아니 살짝 박았다고 해!",
            "norm_text": "아니 살짝 박았다고 해!",
            "speaker": {
              "id": "1번",
              "sex": "여성",
              "age": "20대"
            },
            "speechAct": "(단언) 진술하기",
            "morpheme": "아니/IC+살짝/MAG+박/VV+았/EP+다고/EC+해/VX+EF"
          },
          {
            "id": 10,
            "text": "2 : 아 그나마 불행 중 다행이다 ㅠ",
            "norm_text": "아 그나마 불행 중 다행이다 ㅠ",
            "speaker": {
              "id": "2번",
              "sex": "남성",
              "age": "30대"
            },
            "speechAct": "(단언) 주장하기",
            "morpheme": "아/IC+그나마/MAG+불행/NNG+중/NNB+다행/NNG+이/JKS+다ㅠ/UNKNOWN"
          },
          {
            "id": 11,
            "text": "1 : 응 근데 상대편 차가 좋아 ㅜ",
            "norm_text": "응 근데 상대편 차가 좋아 ㅜ",
            "speaker": {
              "id": "1번",
              "sex": "여성",
              "age": "20대"
            },
            "speechAct": "(단언) 주장하기",
            "morpheme": "응/IC+근데/MAJ+상대/NNG+편차/NNG+가/JKS+좋/VA+아/EC+ㅜ/UNKNOWN"
          },
          {
            "id": 12,
            "text": "2 : 이런 불행 중 다행이 아니였네... ㅠ",
            "norm_text": "이런 불행 중 다행이 아니였네... ㅠ",
            "speaker": {
              "id": "2번",
              "sex": "남성",
              "age": "30대"
            },
            "speechAct": "(단언) 주장하기",
            "morpheme": "이런/MM+불행/NNG+중/NNB+다행/NNG+이/JKC+아니/VCN+였/EP+네/EF+./SY+ㅠ/UNKNOWN"
          },
          {
            "id": 13,
            "text": "1 : 차 종류가 카니발 신형이래 ㅜ",
            "norm_text": "차 종류가 카니발 신형이래 ㅜ",
            "speaker": {
              "id": "1번",
              "sex": "여성",
              "age": "20대"
            },
            "speechAct": "(단언) 진술하기",
            "morpheme": "차/NNG+종류/NNG+가/JKS+카니발/NNG+신형/NNG+이/JKS+래ㅜ/UNKNOWN"
          },
          {
            "id": 14,
            "text": "2 : 카니발 신형이면 범퍼 값만 100은 나오겠다",
            "norm_text": "카니발 신형이면 범퍼 값만 100은 나오겠다",
            "speaker": {
              "id": "2번",
              "sex": "남성",
              "age": "30대"
            },
            "speechAct": "(단언) 주장하기",
            "morpheme": "카니발/NNG+신형/NNG+이/VCP+면/EC+범퍼/NNG+값/NNG+만/JX+100/SN+은/JX+나오/VV+겠/EP+다/EC"
          },
          {
            "id": 15,
            "text": "1 : 헐 그렇게 비싸? 큰일 났다 ㅜ",
            "norm_text": "헐 그렇게 비싸? 큰일 났다 ㅜ",
            "speaker": {
              "id": "1번",
              "sex": "여성",
              "age": "20대"
            },
            "speechAct": "(단언) 주장하기",
            "morpheme": "헐/IC+그렇게/MAG+비싸/VA+EF+큰일났다ㅜ/UNKNOWN"
          },
          {
            "id": 16,
            "text": "2 : 그니깐 잘 해결됐으면 좋겠다",
            "norm_text": "그니깐 잘 해결됐으면 좋겠다",
            "speaker": {
              "id": "2번",
              "sex": "남성",
              "age": "30대"
            },
            "speechAct": "(단언) 주장하기",
            "morpheme": "그니깐/MAJ+잘/MAG+해결/NNG+됐/XSV+EP+으면/EC+좋/VA+겠/EP+다/EC"
          }
        ]
      }
    }
  ]
}