{
  "dataset": {
    "identifier": 21035,
    "name": "BAND_27_15_set",
    "src_path": "/data/file/cubeManager/PROJECT001/49/txt20210916151141061120/BAND_27_15_set/",
    "label_path": "/data/file/cubeManager/PROJECT001/49/txt20210916151141061120/BAND_27_15_set/",
    "category": 2,
    "type": 0
  },
  "licenses": {
    "name": "Apache License 1.0",
    "url": "http://www.apache.org/licenses/LICENSE-1.0"
  },
  "info": [
    {
      "id": 28585,
      "filename": "BAND_27_15.txt",
      "title": "BAND_27_15",
      "mediatype": "SNS",
      "medianame": "네이버밴드",
      "category": "일상대화",
      "date": "2021-09-16",
      "size": 488,
      "annotations": {
        "subject": "타 국가 이슈",
        "speaker_type": "1:1",
        "size": 488,
        "word_size": 160,
        "text": "1 : 요즘 아프간에 대한  뉴스가 많이 나오잖아\n2 : 어 그렇더라고 아프간에 폭팔이 있었나?\n1 : 맞아 미국에서  미사일을 쐈다고 하더라.\n2 : 하 진짜 그거는 또 왜 그런 거야 ㅜㅜ\n1 : 해야지 걔네가 먼저 시작했으니까.\n2 : 아 그래? 몰랐네 뉴스를 잘 봐야겠다\n2 : 세상 돌아가는 거 알려면\n1 : 맞아 이 아프간 뉴스는 꼭 봐야 해!\n2 : 오늘이라도 챙겨 봐야겠네\n2 : 핵 미사일을 쏜 거야 그럼?\n1 : 아니 그거 말고 닌자 미사일을 쐈대.\n2 : 그게 뭐야 그게 뭔지 알아?\n1 : 이거는 폭약이 든 탄두는 없고 6개의 칼날이 장착된 미사일이래!\n2 : 헐 칼?  무섭다 너무 무서운데 사람들 막 으 생각하기도 힘들다\n1 : 응 근데 그  미사일이 민간인 피해를 최소화 시키는  미사일이래!\n2 : 아 아무래도  그렇겠다 그거는 또 다행이네\n1 : 그렇지 ㅜ 근데 이 시기가 빨리 끝나야 두 나라 모두 괜찮아질 텐데 ㅜㅜ\n2 : 그니까 아이도 있을 테니 빨리 나아졌으면 좋겠다",
        "lines": [
          {
            "id": 1,
            "text": "1 : 요즘 아프간에 대한  뉴스가 많이 나오잖아",
            "norm_text": "요즘 아프간에 대한  뉴스가 많이 나오잖아",
            "speaker": {
              "id": "1번",
              "sex": "여성",
              "age": "20대"
            },
            "speechAct": "(단언) 진술하기",
            "morpheme": "요즘/NNG+아프간/NNG+에/JKB+대한/VV+ETM+뉴스/NNG+가/JKS+많이/MAG+나오/VV+잖아/EC"
          },
          {
            "id": 2,
            "text": "2 : 어 그렇더라고 아프간에 폭팔이 있었나?",
            "norm_text": "어 그렇더라고 아프간에 폭팔이 있었나?",
            "speaker": {
              "id": "2번",
              "sex": "여성",
              "age": "20대"
            },
            "speechAct": "(지시) 질문하기",
            "morpheme": "어/IC+그렇/VA+더라고/EC+아프간/NNG+에/JKB+폭/NNG+팔/NNG+이/JKS+있/VA+었/EP+나/EF"
          },
          {
            "id": 3,
            "text": "1 : 맞아 미국에서  미사일을 쐈다고 하더라.",
            "norm_text": "맞아 미국에서  미사일을 쐈다고 하더라.",
            "speaker": {
              "id": "1번",
              "sex": "여성",
              "age": "20대"
            },
            "speechAct": "(단언) 진술하기",
            "morpheme": "맞/VV+아/EC+미국/NNP+에서/JKB+미사일/NNG+을/JKO+쐈/VV+EP+다고/EC+하/VX+더라/EF"
          },
          {
            "id": 4,
            "text": "2 : 하 진짜 그거는 또 왜 그런 거야 ㅜㅜ",
            "norm_text": "하 진짜 그거는 또 왜 그런 거야 ㅜㅜ",
            "speaker": {
              "id": "2번",
              "sex": "여성",
              "age": "20대"
            },
            "speechAct": "(단언) 주장하기",
            "morpheme": "하/IC+진짜/MAG+그거/NP+는/JX+또/MAG+왜/MAG+그런/MM+거/NNB+야/VCP+EF+ㅜㅜ/UNKNOWN"
          },
          {
            "id": 5,
            "text": "1 : 해야지 걔네가 먼저 시작했으니까.",
            "norm_text": "해야지 걔네가 먼저 시작했으니까.",
            "speaker": {
              "id": "1번",
              "sex": "여성",
              "age": "20대"
            },
            "speechAct": "(단언) 주장하기",
            "morpheme": "해야지/VV+EF+걔/NP+네/XSN+가/JKS+먼저/MAG+시작/NNG+했/XSV+EP+으니까/EF"
          },
          {
            "id": 6,
            "text": "2 : 아 그래? 몰랐네 뉴스를 잘 봐야겠다",
            "norm_text": "아 그래? 몰랐네 뉴스를 잘 봐야겠다",
            "speaker": {
              "id": "2번",
              "sex": "여성",
              "age": "20대"
            },
            "speechAct": "(단언) 주장하기",
            "morpheme": "아/IC+그래/IC+몰랐/VV+EP+네/EF+뉴스/NNG+를/JKO+잘/MAG+봐야/VV+EC+VX+겠/EP+다/EC"
          },
          {
            "id": 7,
            "text": "2 : 세상 돌아가는 거 알려면",
            "norm_text": "세상 돌아가는 거 알려면",
            "speaker": {
              "id": "2번",
              "sex": "여성",
              "age": "20대"
            },
            "speechAct": "(단언) 주장하기",
            "morpheme": "세상/NNG+돌아가/VV+는/ETM+거/NNB+알/VV+려면/EC"
          },
          {
            "id": 8,
            "text": "1 : 맞아 이 아프간 뉴스는 꼭 봐야 해!",
            "norm_text": "맞아 이 아프간 뉴스는 꼭 봐야 해!",
            "speaker": {
              "id": "1번",
              "sex": "여성",
              "age": "20대"
            },
            "speechAct": "(단언) 주장하기",
            "morpheme": "맞/VV+아/EC+이/MM+아프간/NNG+뉴스/NNG+는/JX+꼭/MAG+봐야/VV+EC+해/VX+EF"
          },
          {
            "id": 9,
            "text": "2 : 오늘이라도 챙겨 봐야겠네",
            "norm_text": "오늘이라도 챙겨 봐야겠네",
            "speaker": {
              "id": "2번",
              "sex": "여성",
              "age": "20대"
            },
            "speechAct": "(단언) 주장하기",
            "morpheme": "오늘/NNG+이/VCP+라도/EC+챙겨/VV+EC+봐야/VX+EC+VV+겠/EP+네/EF"
          },
          {
            "id": 10,
            "text": "2 : 핵 미사일을 쏜 거야 그럼?",
            "norm_text": "핵 미사일을 쏜 거야 그럼?",
            "speaker": {
              "id": "2번",
              "sex": "여성",
              "age": "20대"
            },
            "speechAct": "(지시) 질문하기",
            "morpheme": "핵미사일/NNG+을/JKO+쏜/VV+ETM+거/NNB+야/VCP+EF+그럼/MAJ"
          },
          {
            "id": 11,
            "text": "1 : 아니 그거 말고 닌자 미사일을 쐈대.",
            "norm_text": "아니 그거 말고 닌자 미사일을 쐈대.",
            "speaker": {
              "id": "1번",
              "sex": "여성",
              "age": "20대"
            },
            "speechAct": "(단언) 진술하기",
            "morpheme": "아니/IC+그거/NP+말/VV+고/EC+닌자/NNP+미사일/NNG+을/JKO+쐈/VV+EP+대/EF"
          },
          {
            "id": 12,
            "text": "2 : 그게 뭐야 그게 뭔지 알아?",
            "norm_text": "그게 뭐야 그게 뭔지 알아?",
            "speaker": {
              "id": "2번",
              "sex": "여성",
              "age": "20대"
            },
            "speechAct": "(지시) 질문하기",
            "morpheme": "그게/NP+JKS+뭐/NP+야/VCP+EF+그게/NP+JKS+뭔지/NP+VCP+EC+알/VV+아/EF"
          },
          {
            "id": 13,
            "text": "1 : 이거는 폭약이 든 탄두는 없고 6개의 칼날이 장착된 미사일이래!",
            "norm_text": "이거는 폭약이 든 탄두는 없고 6개의 칼날이 장착된 미사일이래!",
            "speaker": {
              "id": "1번",
              "sex": "여성",
              "age": "20대"
            },
            "speechAct": "(단언) 진술하기",
            "morpheme": "이거/NP+는/JX+폭약/NNG+이/VCP+든/EC+탄두/NNG+는/JX+없/VA+고/EC+6/SN+개/NNBC+의/JKG+칼날/NNG+이/JKS+장착/NNG+된/XSV+ETM+미사일/NNG+이/VCP+래/EF"
          },
          {
            "id": 14,
            "text": "2 : 헐 칼?  무섭다 너무 무서운데 사람들 막 으 생각하기도 힘들다",
            "norm_text": "헐 칼?  무섭다 너무 무서운데 사람들 막 으 생각하기도 힘들다",
            "speaker": {
              "id": "2번",
              "sex": "여성",
              "age": "20대"
            },
            "speechAct": "(단언) 주장하기",
            "morpheme": "헐/IC+칼/NNG+무섭/VA+다/EC+너무/MAG+무서운/VA+ETM+데/NNB+사람/NNG+들/XSN+막/MAJ+으/IC+생각/NNG+하/XSV+기/ETN+도/JX+힘들/VA+다/EC"
          },
          {
            "id": 15,
            "text": "1 : 응 근데 그  미사일이 민간인 피해를 최소화 시키는  미사일이래!",
            "norm_text": "응 근데 그  미사일이 민간인 피해를 최소화 시키는  미사일이래!",
            "speaker": {
              "id": "1번",
              "sex": "여성",
              "age": "20대"
            },
            "speechAct": "(단언) 진술하기",
            "morpheme": "응/IC+근데/MAJ+그/MM+미사일/NNG+이/JKS+민간/NNG+인/VCP+ETM+피해/NNG+를/JKO+최소/NNG+화/XSN+시키/XSV+는/ETM+미사일/NNG+이/VCP+래/EF"
          },
          {
            "id": 16,
            "text": "2 : 아 아무래도  그렇겠다 그거는 또 다행이네",
            "norm_text": "아 아무래도  그렇겠다 그거는 또 다행이네",
            "speaker": {
              "id": "2번",
              "sex": "여성",
              "age": "20대"
            },
            "speechAct": "(단언) 주장하기",
            "morpheme": "아/IC+아무래도/MAG+그렇/VA+겠/EP+다/EF+그거/NP+는/JX+또/MAG+다행/NNG+이/VCP+네/EC"
          },
          {
            "id": 17,
            "text": "1 : 그렇지 ㅜ 근데 이 시기가 빨리 끝나야 두 나라 모두 괜찮아질 텐데 ㅜㅜ",
            "norm_text": "그렇지 ㅜ 근데 이 시기가 빨리 끝나야 두 나라 모두 괜찮아질 텐데 ㅜㅜ",
            "speaker": {
              "id": "1번",
              "sex": "여성",
              "age": "20대"
            },
            "speechAct": "(단언) 진술하기",
            "morpheme": "그렇/VA+지/EC+ㅜ/UNKNOWN+근데/MAJ+이/MM+시기/NNG+가/JKS+빨리/MAG+끝/NNG+나야/VV+EC+두/MM+나라/NNG+모두/MAG+괜찮/VA+아/EC+질텐데/VX+ETM+NNB+VCP+EC+ㅜㅜ/UNKNOWN"
          },
          {
            "id": 18,
            "text": "2 : 그니까 아이도 있을 테니 빨리 나아졌으면 좋겠다",
            "norm_text": "그니까 아이도 있을 테니 빨리 나아졌으면 좋겠다",
            "speaker": {
              "id": "2번",
              "sex": "여성",
              "age": "20대"
            },
            "speechAct": "(단언) 주장하기",
            "morpheme": "그니까/MAJ+아이/NNG+도/JX+있/VA+을/ETM+테/NNB+VCP+니/EC+빨리/MAG+나아졌으면/VV+EP+EC+좋/VA+겠/EP+다/EC"
          }
        ]
      }
    }
  ]
}