{
  "dataset": {
    "identifier": 99334,
    "name": "BAND_38_05_set",
    "src_path": "/data/file/cubeManager/PROJECT001/77/txt20211027150101068512/BAND_38_05_set/",
    "label_path": "/data/file/cubeManager/PROJECT001/77/txt20211027150101068512/BAND_38_05_set/",
    "category": 2,
    "type": 0
  },
  "licenses": {
    "name": "Apache License 1.0",
    "url": "http://www.apache.org/licenses/LICENSE-1.0"
  },
  "info": [
    {
      "id": 96665,
      "filename": "BAND_38_05.txt",
      "title": "BAND_38_05",
      "mediatype": "SNS",
      "medianame": "네이버밴드",
      "category": "일상대화",
      "date": "2021-10-27",
      "size": 441,
      "annotations": {
        "subject": "군대",
        "speaker_type": "다자간 대화",
        "size": 441,
        "word_size": 144,
        "text": "1 : 요즘 군대 복무기간이 어떻게 되지?\n2 : 글게 일 년정도 한다고 했나...?\n3 : 1년 6개월이야 너무 힘들었어...\n1 : 아아 키키 벌써 다녀온 거야?\n1 : 언제 제대했어?\n2 : 헐 글쿠나 ㄷ ㄷ 길다\n2 : 제대를 그새 햇댜~\n3 : 이번년도 6월 말에 했지! 하하\n1 : 헐 별로 안됐네 키키 어때 기분이\n2 : 키키 올~ 민간인 공기 어떠심꺼\n3 : 죽다가 살아난 기분이지 키키\n3 : 좋았어\n1 : 그치 키키\n1 : 군에서 무슨 병이었어?\n2 : 글게 육군이였나 해군이였나 뭐였냐?\n3 : 나는 육군 포병 사격지휘병이였어! 하하\n1 : 우아 키키 그건 주로 뭐하는 건게?\n2 : 헐 우리집 아들도 포병이였음 파주에서!\n3 : 포탄을 어디다 쏠지 좌표구 하는거야!\n1 : 오 키키 신기 내 동생도 파주에 있어\n2 : 키키 파주 해쳐모여!\n2 : 너도 파주에 있었던가?\n3 : 응 맞아! 나도 파주였어 하하",
        "lines": [
          {
            "id": 1,
            "text": "1 : 요즘 군대 복무기간이 어떻게 되지?",
            "norm_text": "요즘 군대 복무기간이 어떻게 되지?",
            "speaker": {
              "id": "1번",
              "sex": "여성",
              "age": "20대"
            },
            "speechAct": "(지시) 질문하기",
            "morpheme": "요즘/NNG+군대/NNG+복무/NNG+기간/NNG+이/JKS+어떻게/MAG+되/VV+지/EF"
          },
          {
            "id": 2,
            "text": "2 : 글게 일 년정도 한다고 했나...?",
            "norm_text": "글게 일 년정도 한다고 했나...?",
            "speaker": {
              "id": "2번",
              "sex": "여성",
              "age": "20대"
            },
            "speechAct": "(지시) 질문하기",
            "morpheme": "글/VA+게/EC+일/NR+년/NNBC+정도/NNG+한다고/XSV+EC+했/VX+EP+나/EF+./SY+./SY"
          },
          {
            "id": 3,
            "text": "3 : 1년 6개월이야 너무 힘들었어...",
            "norm_text": "1년 6개월이야 너무 힘들었어...",
            "speaker": {
              "id": "3번",
              "sex": "남성",
              "age": "20대"
            },
            "speechAct": "(단언) 주장하기",
            "morpheme": "1/SN+년/NNBC+6/SN+개월/NNBC+이야/JX+너무/MAG+힘들/VA+었/EP+어/EF+./SY"
          },
          {
            "id": 4,
            "text": "1 : 아아 키키 벌써 다녀온 거야?",
            "norm_text": "아아 키키 벌써 다녀온 거야?",
            "speaker": {
              "id": "1번",
              "sex": "여성",
              "age": "20대"
            },
            "speechAct": "(지시) 질문하기",
            "morpheme": "아아/IC+키/NNG+키/XSV+ETN+벌써/MAG+다녀온/VV+ETM+거/NNB+야/VCP+EF"
          },
          {
            "id": 5,
            "text": "1 : 언제 제대했어?",
            "norm_text": "언제 제대했어?",
            "speaker": {
              "id": "1번",
              "sex": "여성",
              "age": "20대"
            },
            "speechAct": "(지시) 질문하기",
            "morpheme": "언제/MAG+제대/NNG+했/XSV+EP+어/EF"
          },
          {
            "id": 6,
            "text": "2 : 헐 글쿠나 ㄷ ㄷ 길다",
            "norm_text": "헐 글쿠나 ㄷ ㄷ 길다",
            "speaker": {
              "id": "2번",
              "sex": "여성",
              "age": "20대"
            },
            "speechAct": "(단언) 주장하기",
            "morpheme": "헐글쿠나ㄷㄷ길다/UNKNOWN"
          },
          {
            "id": 7,
            "text": "2 : 제대를 그새 햇댜~",
            "norm_text": "제대를 그새 햇댜~",
            "speaker": {
              "id": "2번",
              "sex": "여성",
              "age": "20대"
            },
            "speechAct": "(단언) 주장하기",
            "morpheme": "제대/NNG+를/JKO+그새/NNG+햇/XSV+EP+댜/EF+~/SY"
          },
          {
            "id": 8,
            "text": "3 : 이번년도 6월 말에 했지! 하하",
            "norm_text": "이번년도 6월 말에 했지! 하하",
            "speaker": {
              "id": "3번",
              "sex": "남성",
              "age": "20대"
            },
            "speechAct": "(단언) 진술하기",
            "morpheme": "이번/NNG+년/XSN+도/JX+6/SN+월/NNBC+말/NNG+에/JKB+했/VV+EP+지/EF+하하/MAG"
          },
          {
            "id": 9,
            "text": "1 : 헐 별로 안됐네 키키 어때 기분이",
            "norm_text": "헐 별로 안됐네 키키 어때 기분이",
            "speaker": {
              "id": "1번",
              "sex": "여성",
              "age": "20대"
            },
            "speechAct": "(지시) 질문하기",
            "morpheme": "헐/IC+별로/MAG+안/MAG+됐/VV+EP+네/EF+키/NNG+키어/NNG+때/NNG+기분/NNG+이/JKS"
          },
          {
            "id": 10,
            "text": "2 : 키키 올~ 민간인 공기 어떠심꺼",
            "norm_text": "키키 올~ 민간인 공기 어떠심꺼",
            "speaker": {
              "id": "2번",
              "sex": "여성",
              "age": "20대"
            },
            "speechAct": "(지시) 질문하기",
            "morpheme": "키/NNG+키/XSV+ETN+올/VV+ETM+~/SY+민간인공기어떠심꺼/UNKNOWN"
          },
          {
            "id": 11,
            "text": "3 : 죽다가 살아난 기분이지 키키",
            "norm_text": "죽다가 살아난 기분이지 키키",
            "speaker": {
              "id": "3번",
              "sex": "남성",
              "age": "20대"
            },
            "speechAct": "(단언) 주장하기",
            "morpheme": "죽/VV+다가/EC+살아난/VV+ETM+기분/NNG+이/VCP+지/EC+키/NNG+키/XSV+ETN"
          },
          {
            "id": 12,
            "text": "3 : 좋았어",
            "norm_text": "좋았어",
            "speaker": {
              "id": "3번",
              "sex": "남성",
              "age": "20대"
            },
            "speechAct": "(단언) 주장하기",
            "morpheme": "좋/VA+았/EP+어/EC"
          },
          {
            "id": 13,
            "text": "1 : 그치 키키",
            "norm_text": "그치 키키",
            "speaker": {
              "id": "1번",
              "sex": "여성",
              "age": "20대"
            },
            "speechAct": "(단언) 주장하기",
            "morpheme": "그치/IC+키/NNG+키/XSV+ETN"
          },
          {
            "id": 14,
            "text": "1 : 군에서 무슨 병이었어?",
            "norm_text": "군에서 무슨 병이었어?",
            "speaker": {
              "id": "1번",
              "sex": "여성",
              "age": "20대"
            },
            "speechAct": "(지시) 질문하기",
            "morpheme": "군/NNG+에서/JKB+무슨/MM+병/NNG+이/VCP+었/EP+어/EF"
          },
          {
            "id": 15,
            "text": "2 : 글게 육군이였나 해군이였나 뭐였냐?",
            "norm_text": "글게 육군이였나 해군이였나 뭐였냐?",
            "speaker": {
              "id": "2번",
              "sex": "여성",
              "age": "20대"
            },
            "speechAct": "(지시) 질문하기",
            "morpheme": "글/VA+게/EC+육군/NNG+이/VCP+였/EP+나/EC+해군/NNG+이/VCP+였/EP+나/EF+뭐/NP+였/VCP+EP+냐/EF"
          },
          {
            "id": 16,
            "text": "3 : 나는 육군 포병 사격지휘병이였어! 하하",
            "norm_text": "나는 육군 포병 사격지휘병이였어! 하하",
            "speaker": {
              "id": "3번",
              "sex": "남성",
              "age": "20대"
            },
            "speechAct": "(단언) 진술하기",
            "morpheme": "나/NP+는/JX+육군/NNG+포병/NNG+사격/NNG+지휘/NNG+병/NNG+이/VCP+였/EP+어/EF+하하/MAG"
          },
          {
            "id": 17,
            "text": "1 : 우아 키키 그건 주로 뭐하는 건게?",
            "norm_text": "우아 키키 그건 주로 뭐하는 건게?",
            "speaker": {
              "id": "1번",
              "sex": "여성",
              "age": "20대"
            },
            "speechAct": "(지시) 질문하기",
            "morpheme": "우아/IC+키/NNG+키/XSV+ETN+그건/NP+JX+주로/MAG+뭐/IC+하/VV+는/ETM+건/NNB+VCP+ETM+게/NNB+JKS"
          },
          {
            "id": 18,
            "text": "2 : 헐 우리집 아들도 포병이였음 파주에서!",
            "norm_text": "헐 우리집 아들도 포병이였음 파주에서!",
            "speaker": {
              "id": "2번",
              "sex": "여성",
              "age": "20대"
            },
            "speechAct": "(단언) 진술하기",
            "morpheme": "헐/IC+우리/NP+집/NNG+아들/NNG+도/JX+포병/NNG+이/VCP+였/EP+음/ETN+파주/NNG+에서/JKB"
          },
          {
            "id": 19,
            "text": "3 : 포탄을 어디다 쏠지 좌표구 하는거야!",
            "norm_text": "포탄을 어디다 쏠지 좌표구 하는거야!",
            "speaker": {
              "id": "3번",
              "sex": "남성",
              "age": "20대"
            },
            "speechAct": "(단언) 진술하기",
            "morpheme": "포탄/NNG+을/JKO+어디/NP+다/JX+쏠/VV+ETM+지좌/NNP+표구/NNG+하/XSV+는/ETM+거/NNB+야/VCP+EF"
          },
          {
            "id": 20,
            "text": "1 : 오 키키 신기 내 동생도 파주에 있어",
            "norm_text": "오 키키 신기 내 동생도 파주에 있어",
            "speaker": {
              "id": "1번",
              "sex": "여성",
              "age": "20대"
            },
            "speechAct": "(단언) 진술하기",
            "morpheme": "오키/NNP+키신/NNP+기내/NNG+동생/NNG+도/JX+파주/NNG+에/JKB+있/VV+어/EC"
          },
          {
            "id": 21,
            "text": "2 : 키키 파주 해쳐모여!",
            "norm_text": "키키 파주 해쳐모여!",
            "speaker": {
              "id": "2번",
              "sex": "여성",
              "age": "20대"
            },
            "speechAct": "(단언) 주장하기",
            "morpheme": "키/NNG+키/NNG+파주/NNG+해/XSV+EC+쳐/VV+EC+모여/VV+EF"
          },
          {
            "id": 22,
            "text": "2 : 너도 파주에 있었던가?",
            "norm_text": "너도 파주에 있었던가?",
            "speaker": {
              "id": "2번",
              "sex": "여성",
              "age": "20대"
            },
            "speechAct": "(지시) 질문하기",
            "morpheme": "너/NP+도/JX+파주/NNG+에/JKB+있/VV+었/EP+던가/EF"
          },
          {
            "id": 23,
            "text": "3 : 응 맞아! 나도 파주였어 하하",
            "norm_text": "응 맞아! 나도 파주였어 하하",
            "speaker": {
              "id": "3번",
              "sex": "남성",
              "age": "20대"
            },
            "speechAct": "(단언) 진술하기",
            "morpheme": "응/IC+맞/VV+아/EF+나/NP+도/JX+파주/NNG+였/VCP+EP+어/EC+하하/MAG"
          }
        ]
      }
    }
  ]
}