{
  "dataset": {
    "identifier": 29191,
    "name": "BAND_30_02_set",
    "src_path": "/data/file/cubeManager/PROJECT001/49/txt20210923160937023924/BAND_30_02_set/",
    "label_path": "/data/file/cubeManager/PROJECT001/49/txt20210923160937023924/BAND_30_02_set/",
    "category": 2,
    "type": 0
  },
  "licenses": {
    "name": "Apache License 1.0",
    "url": "http://www.apache.org/licenses/LICENSE-1.0"
  },
  "info": [
    {
      "id": 31753,
      "filename": "BAND_30_02.txt",
      "title": "BAND_30_02",
      "mediatype": "SNS",
      "medianame": "네이버밴드",
      "category": "일상대화",
      "date": "2021-09-23",
      "size": 443,
      "annotations": {
        "subject": "주거와 생활",
        "speaker_type": "1:1",
        "size": 443,
        "word_size": 149,
        "text": "1 : 너 그 넓은 집에서 혼자 살면 안 무서워?\n2 : 한 번씩 무섭긴 해 보안이 잘 안되어있어서 ㅠ\n1 : 너네 집 도어락 설치는 했어?\n2 : 도어락이 들어올 수 없는 문이라서 키키 열쇠로 버티고 있지\n1 : 헐 열쇠는 너가 가지고 다니는 거야?\n2 : 열쇠는 우체통에 넣어 놓고 다녀 키키 손님용\n1 : 야 그거 제일 조심해야 해!\n2 : 맞아 다들 보안에 신경 쓰라고 말 하더라\n1 : 근데 거기 주변에 집이 밀접 돼 있어서 괜찮나?\n2 : 주변에 밀집되어 있긴 한데 외국인이 많아 ㅠ\n1 : 헐 거기도 외국인 노동자 천국이니?\n2 : 맞아 ㅠ 나한테 해를 준건 없지만 그래도 좀 무서워\n1 : 우리 집 주변도야 월세 집 다 외국들이 살아 키키\n2 : 맞아 요즘 외국인이 진짜 많아졌어 눈에 띄게\n1 : 맞아 우리 집 근처는 이미 아시아 마켓도 생겼어 키키\n2 : 우리 집 근처엔 외국인 전용 클럽이 있어 키키",
        "lines": [
          {
            "id": 1,
            "text": "1 : 너 그 넓은 집에서 혼자 살면 안 무서워?",
            "norm_text": "너 그 넓은 집에서 혼자 살면 안 무서워?",
            "speaker": {
              "id": "1번",
              "sex": "여성",
              "age": "20대"
            },
            "speechAct": "(지시) 질문하기",
            "morpheme": "너그/NP+넓/VA+은/ETM+집/NNG+에서/JKB+혼자/MAG+살/VV+면/EC+안/MAG+무서워/VA+EF"
          },
          {
            "id": 2,
            "text": "2 : 한 번씩 무섭긴 해 보안이 잘 안되어있어서 ㅠ",
            "norm_text": "한 번씩 무섭긴 해 보안이 잘 안되어있어서 ㅠ",
            "speaker": {
              "id": "2번",
              "sex": "여성",
              "age": "20대"
            },
            "speechAct": "(단언) 주장하기",
            "morpheme": "한/MM+번/NNBC+씩/XSN+무섭/VA+긴/ETN+JX+해/VX+EC+보안/NNG+이/JKS+잘/MAG+안/MAG+되/VV+어/EC+있/VX+어서/EC+ㅠ/UNKNOWN"
          },
          {
            "id": 3,
            "text": "1 : 너네 집 도어락 설치는 했어?",
            "norm_text": "너네 집 도어락 설치는 했어?",
            "speaker": {
              "id": "1번",
              "sex": "여성",
              "age": "20대"
            },
            "speechAct": "(지시) 질문하기",
            "morpheme": "너/NP+네/XSN+집/NNG+도/JX+어/IC+락/NNG+설치/NNG+는/JX+했/VV+EP+어/EF"
          },
          {
            "id": 4,
            "text": "2 : 도어락이 들어올 수 없는 문이라서 키키 열쇠로 버티고 있지",
            "norm_text": "도어락이 들어올 수 없는 문이라서 키키 열쇠로 버티고 있지",
            "speaker": {
              "id": "2번",
              "sex": "여성",
              "age": "20대"
            },
            "speechAct": "(단언) 진술하기",
            "morpheme": "도어/NNG+락/NNG+이/JKS+들어올/VV+ETM+수/NNB+없/VA+는/ETM+문/NNG+이/VCP+라서/EC+키/NNG+키/NNG+열쇠/NNG+로/JKB+버티/VV+고/EC+있/VX+지/EC"
          },
          {
            "id": 5,
            "text": "1 : 헐 열쇠는 너가 가지고 다니는 거야?",
            "norm_text": "헐 열쇠는 너가 가지고 다니는 거야?",
            "speaker": {
              "id": "1번",
              "sex": "여성",
              "age": "20대"
            },
            "speechAct": "(지시) 질문하기",
            "morpheme": "헐/IC+열쇠/NNG+는/JX+너/NP+가/JKS+가지/VV+고/EC+다니/VV+는/ETM+거/NNB+야/VCP+EF"
          },
          {
            "id": 6,
            "text": "2 : 열쇠는 우체통에 넣어 놓고 다녀 키키 손님용",
            "norm_text": "열쇠는 우체통에 넣어 놓고 다녀 키키 손님용",
            "speaker": {
              "id": "2번",
              "sex": "여성",
              "age": "20대"
            },
            "speechAct": "(단언) 진술하기",
            "morpheme": "열쇠/NNG+는/JX+우체통/NNG+에/JKB+넣/VV+어/EC+놓/VX+고/EC+다녀/VV+EC+키/NNG+키손/NNG+님/XSN+용/XSN"
          },
          {
            "id": 7,
            "text": "1 : 야 그거 제일 조심해야 해!",
            "norm_text": "야 그거 제일 조심해야 해!",
            "speaker": {
              "id": "1번",
              "sex": "여성",
              "age": "20대"
            },
            "speechAct": "(단언) 주장하기",
            "morpheme": "야/IC+그거/NP+제일/MAG+조심/NNG+해야/XSV+EC+해/VX+EF"
          },
          {
            "id": 8,
            "text": "2 : 맞아 다들 보안에 신경 쓰라고 말 하더라",
            "norm_text": "맞아 다들 보안에 신경 쓰라고 말 하더라",
            "speaker": {
              "id": "2번",
              "sex": "여성",
              "age": "20대"
            },
            "speechAct": "(단언) 진술하기",
            "morpheme": "맞/VV+아다/EC+들/XSN+보안/NNG+에/JKB+신경/NNG+쓰/VV+라고/EC+말/NNG+하/XSV+더라/EC"
          },
          {
            "id": 9,
            "text": "1 : 근데 거기 주변에 집이 밀접 돼 있어서 괜찮나?",
            "norm_text": "근데 거기 주변에 집이 밀접 돼 있어서 괜찮나?",
            "speaker": {
              "id": "1번",
              "sex": "여성",
              "age": "20대"
            },
            "speechAct": "(지시) 질문하기",
            "morpheme": "근데/MAJ+거기/NP+주변/NNG+에/JKB+집/NNG+이/JKS+밀접/NNG+돼/XSV+EC+있/VX+어서/EC+괜찮/VA+나/EF"
          },
          {
            "id": 10,
            "text": "2 : 주변에 밀집되어 있긴 한데 외국인이 많아 ㅠ",
            "norm_text": "주변에 밀집되어 있긴 한데 외국인이 많아 ㅠ",
            "speaker": {
              "id": "2번",
              "sex": "여성",
              "age": "20대"
            },
            "speechAct": "(단언) 진술하기",
            "morpheme": "주변/NNG+에/JKB+밀집/NNG+되/XSV+어/EC+있/VX+긴/ETN+JX+한데/VX+EC+외국인/NNG+이/JKS+많/VA+아/EC+ㅠ/UNKNOWN"
          },
          {
            "id": 11,
            "text": "1 : 헐 거기도 외국인 노동자 천국이니?",
            "norm_text": "헐 거기도 외국인 노동자 천국이니?",
            "speaker": {
              "id": "1번",
              "sex": "여성",
              "age": "20대"
            },
            "speechAct": "(지시) 질문하기",
            "morpheme": "헐/IC+거기/NP+도/JX+외국인/NNG+노동자/NNG+천국/NNG+이/VCP+니/EF"
          },
          {
            "id": 12,
            "text": "2 : 맞아 ㅠ 나한테 해를 준건 없지만 그래도 좀 무서워",
            "norm_text": "맞아 ㅠ 나한테 해를 준건 없지만 그래도 좀 무서워",
            "speaker": {
              "id": "2번",
              "sex": "여성",
              "age": "20대"
            },
            "speechAct": "(단언) 주장하기",
            "morpheme": "맞/VV+아/EC+ㅠ/UNKNOWN+나/NP+한테/JKB+해/NNG+를/JKO+준/VV+ETM+건/NNB+JX+없/VA+지만/EC+그래도/VV+EC+좀/MAG+무서워/VA+EC"
          },
          {
            "id": 13,
            "text": "1 : 우리 집 주변도야 월세 집 다 외국들이 살아 키키",
            "norm_text": "우리 집 주변도야 월세 집 다 외국들이 살아 키키",
            "speaker": {
              "id": "1번",
              "sex": "여성",
              "age": "20대"
            },
            "speechAct": "(단언) 진술하기",
            "morpheme": "우리/NP+집/NNG+주변/NNG+도/JX+야월/NNG+세집/NNG+다/MAG+외국/NNG+들/XSN+이/JKS+살/VV+아/EC+키/NNG+키/XSV+ETN"
          },
          {
            "id": 14,
            "text": "2 : 맞아 요즘 외국인이 진짜 많아졌어 눈에 띄게",
            "norm_text": "맞아 요즘 외국인이 진짜 많아졌어 눈에 띄게",
            "speaker": {
              "id": "2번",
              "sex": "여성",
              "age": "20대"
            },
            "speechAct": "(단언) 주장하기",
            "morpheme": "맞/VV+아/EC+요즘/NNG+외국인/NNG+이/JKS+진짜/MAG+많/VA+아/EC+졌/VX+EP+어/EC+눈/NNG+에/JKB+띄/VV+게/EC"
          },
          {
            "id": 15,
            "text": "1 : 맞아 우리 집 근처는 이미 아시아 마켓도 생겼어 키키",
            "norm_text": "맞아 우리 집 근처는 이미 아시아 마켓도 생겼어 키키",
            "speaker": {
              "id": "1번",
              "sex": "여성",
              "age": "20대"
            },
            "speechAct": "(단언) 진술하기",
            "morpheme": "맞/VV+아/EC+우리/NP+집/NNG+근처/NNG+는/JX+이미/MAG+아시아/NNP+마켓/NNP+도/JX+생겼/VV+EP+어/EC+키/NNG+키/XSV+ETN"
          },
          {
            "id": 16,
            "text": "2 : 우리 집 근처엔 외국인 전용 클럽이 있어 키키",
            "norm_text": "우리 집 근처엔 외국인 전용 클럽이 있어 키키",
            "speaker": {
              "id": "2번",
              "sex": "여성",
              "age": "20대"
            },
            "speechAct": "(단언) 진술하기",
            "morpheme": "우리/NP+집/NNG+근처/NNG+엔/JKB+JX+외국인/NNG+전용/NNG+클럽/NNG+이/JKS+있/VV+어/EC+키/NNG+키/XSV+ETN"
          }
        ]
      }
    }
  ]
}