{
  "dataset": {
    "identifier": 20491,
    "name": "BAND_22_08_set",
    "src_path": "/data/file/cubeManager/PROJECT001/49/txt20210915110036055738/BAND_22_08_set/",
    "label_path": "/data/file/cubeManager/PROJECT001/49/txt20210915110036055738/BAND_22_08_set/",
    "category": 2,
    "type": 0
  },
  "licenses": {
    "name": "Apache License 1.0",
    "url": "http://www.apache.org/licenses/LICENSE-1.0"
  },
  "info": [
    {
      "id": 25407,
      "filename": "BAND_22_08.txt",
      "title": "BAND_22_08",
      "mediatype": "SNS",
      "medianame": "네이버밴드",
      "category": "일상대화",
      "date": "2021-09-15",
      "size": 1021,
      "annotations": {
        "subject": "연애/결혼",
        "speaker_type": "1:1",
        "size": 1021,
        "word_size": 335,
        "text": "1 : 결혼에 대한 로망 같은 거 있어?\n2 : 로망... 딱히 없는데 애기 낳아도 내가 1순위였으면 좋겠어...!\n3 : 키키 나는 아까도 말했지만 낮에 요리 학원에서 배운 요리 저녁에 남편 해주고 반응 보기! 하하\n1 : 키키 아니 진짜 너무 로망답고 귀여워서 웃겨\n1 : 나도 애기 낳아도 누구 엄마라고 안 부르고 여자로 대해줬으면 좋겠어\n2 : 송송아 근데 상상 간다 키키\n2 : 뭔가 그 짱구스런 모습이...\n2 : 난 그래서 이름 부르는 거 좋아해!\n2 : 애칭 그런 거보다 걍 이름으로 불러 달라고 강요해\n3 : 키키 아 진짜? 나나야 너는 무슨 로망 있어?\n1 : 만약 내가 나가서 일 안 하고 집에 있으면 남편 출근 전에랑 퇴근했을 때 뽀뽀해주기 키키\n2 : 나나얌... 좀 귀엽네\n2 : 키키 너네 둘 다 진짜 로망다운 로망이야 키키\n3 : 키키 근데 내가 저 말 했더니 내 남자친구가 정색하면서 물에는 손도 대지 말라고 하는데 왜 기분이 좀 이상할까? ^^휴\n1 : 그럼 누가 물에 손대...?\n1 : 누가 집안일 해...? 키키\n2 : 지가 해야지 모 키키\n2 : 축하해 송송아!\n3 : 요리는 하지 말라는데...\n3 : 그러니까 뭔가 더 승부욕 생기는 거 알지\n1 : 키키 우리한테 해줘 봐\n1 : 우리가 평가해줄게~\n2 : 키키 나나만 먹는대!\n2 : 난 사서 먹을게 ^^\n3 : 키키 왜 같이 먹어야지\n3 : 둘 상대로 연습해야겠다 미래의 남편을 위해서\n1 : 키키 어이없다\n1 : 그럼 안 먹어!\n1 : 우리 왜 이용해!\n2 : 요리 뭐 해봤어 송송\n2 : 키키 일단 들어만 볼게\n3 : 김치볶음밥? 언니가 얼른 남자친구한테 배워서 나 알려줘 키키\n1 : 키키 김치볶음밥 먹고 싶다 갑자기\n1 : 송송 언니 그냥 요리 하지 말고 지금처럼 맛있게 먹어\n2 : 키키 백종원 선생님한테 배우자 송송아\n2 : 그게 더 빨라\n3 : 근데 나나 남편은 요리할 맛 나겠다 키키\n3 : 엄청 잘 먹어서 맨날 해줄 듯\n1 : 키키 맞아 나 맛있게 먹을 수 있어!\n1 : 요리해줘라 미래 남편아!\n2 : 키키 진짜! 만들어준 거 잘 먹으면 진짜 뿌듯\n3 : 키키 요리 잘하는 남편 만나자",
        "lines": [
          {
            "id": 1,
            "text": "1 : 결혼에 대한 로망 같은 거 있어?",
            "norm_text": "결혼에 대한 로망 같은 거 있어?",
            "speaker": {
              "id": "1번",
              "sex": "여성",
              "age": "20대"
            },
            "speechAct": "(지시) 질문하기",
            "morpheme": "결혼/NNG+에/JKB+대한/VV+ETM+로망/NNG+같/VA+은/ETM+거/NNB+있/VA+어/EF"
          },
          {
            "id": 2,
            "text": "2 : 로망... 딱히 없는데 애기 낳아도 내가 1순위였으면 좋겠어...!",
            "norm_text": "로망... 딱히 없는데 애기 낳아도 내가 1순위였으면 좋겠어...!",
            "speaker": {
              "id": "2번",
              "sex": "여성",
              "age": "20대"
            },
            "speechAct": "(단언) 주장하기",
            "morpheme": "로망/NNG+./SY+./SY+딱히/MAG+없/VA+는데/EC+애기/NNG+낳/VV+아도/EC+내/NP+가/JKS+1/SN+순위/NNG+였/VCP+EP+으면/EC+좋/VA+겠/EP+어/EF+./SY+./SY"
          },
          {
            "id": 3,
            "text": "3 : 키키 나는 아까도 말했지만 낮에 요리 학원에서 배운 요리 저녁에 남편 해주고 반응 보기! 하하",
            "norm_text": "키키 나는 아까도 말했지만 낮에 요리 학원에서 배운 요리 저녁에 남편 해주고 반응 보기! 하하",
            "speaker": {
              "id": "3번",
              "sex": "여성",
              "age": "20대"
            },
            "speechAct": "(단언) 주장하기",
            "morpheme": "키/NNG+키나/XSA+ETN+JX+는/JX+아까/MAG+도/JX+말/NNG+했/XSV+EP+지만/EC+낮/NNG+에/JKB+요리/NNG+학원/NNG+에서/JKB+배운/VV+ETM+요리/NNG+저녁/NNG+에/JKB+남편/NNG+해/XSV+EC+주/VX+고/EC+반응/NNG+보/VV+기/ETN+하하/MAG"
          },
          {
            "id": 4,
            "text": "1 : 키키 아니 진짜 너무 로망답고 귀여워서 웃겨",
            "norm_text": "키키 아니 진짜 너무 로망답고 귀여워서 웃겨",
            "speaker": {
              "id": "1번",
              "sex": "여성",
              "age": "20대"
            },
            "speechAct": "(단언) 주장하기",
            "morpheme": "키/NNG+키/XSV+ETN+아니/VCN+진짜/MAG+너무/MAG+로망/NNG+답/XSA+고/EC+귀여워서/VA+EC+웃겨/VV+EC"
          },
          {
            "id": 5,
            "text": "1 : 나도 애기 낳아도 누구 엄마라고 안 부르고 여자로 대해줬으면 좋겠어",
            "norm_text": "나도 애기 낳아도 누구 엄마라고 안 부르고 여자로 대해줬으면 좋겠어",
            "speaker": {
              "id": "1번",
              "sex": "여성",
              "age": "20대"
            },
            "speechAct": "(단언) 주장하기",
            "morpheme": "나/NP+도/JX+애기/NNG+낳/VV+아도/EC+누구/NP+엄마/NNG+라고/VCP+EC+안/MAG+부르/VV+고/EC+여자/NNG+로/JKB+대해/VV+EC+줬/VX+EP+으면/EC+좋/VA+겠/EP+어/EC"
          },
          {
            "id": 6,
            "text": "2 : 송송아 근데 상상 간다 키키",
            "norm_text": "송송아 근데 상상 간다 키키",
            "speaker": {
              "id": "2번",
              "sex": "여성",
              "age": "20대"
            },
            "speechAct": "(단언) 주장하기",
            "morpheme": "송송/MAG+아/IC+근데/MAJ+상상/NNG+간다키/NNP+키/NNG"
          },
          {
            "id": 7,
            "text": "2 : 뭔가 그 짱구스런 모습이...",
            "norm_text": "뭔가 그 짱구스런 모습이...",
            "speaker": {
              "id": "2번",
              "sex": "여성",
              "age": "20대"
            },
            "speechAct": "(단언) 주장하기",
            "morpheme": "뭔가/NP+VCP+EC+그/MM+짱구/NNG+스런/XSA+ETM+모습/NNG+이/JKS+./SY+./SY"
          },
          {
            "id": 8,
            "text": "2 : 난 그래서 이름 부르는 거 좋아해!",
            "norm_text": "난 그래서 이름 부르는 거 좋아해!",
            "speaker": {
              "id": "2번",
              "sex": "여성",
              "age": "20대"
            },
            "speechAct": "(단언) 주장하기",
            "morpheme": "난/NP+JX+그래서/MAJ+이름/NNG+부르/VV+는/ETM+거/NNB+좋/VA+아/EC+해/VX+EF"
          },
          {
            "id": 9,
            "text": "2 : 애칭 그런 거보다 걍 이름으로 불러 달라고 강요해",
            "norm_text": "애칭 그런 거보다 걍 이름으로 불러 달라고 강요해",
            "speaker": {
              "id": "2번",
              "sex": "여성",
              "age": "20대"
            },
            "speechAct": "(단언) 주장하기",
            "morpheme": "애칭/NNG+그런/MM+거/NNB+보다/JKB+걍/UNKNOWN+이름/NNG+으로/JKB+불러/VV+EC+달/VX+라고/EC+강요/NNG+해/XSV+EC"
          },
          {
            "id": 10,
            "text": "3 : 키키 아 진짜? 나나야 너는 무슨 로망 있어?",
            "norm_text": "키키 아 진짜? 나나야 너는 무슨 로망 있어?",
            "speaker": {
              "id": "3번",
              "sex": "여성",
              "age": "20대"
            },
            "speechAct": "(지시) 질문하기",
            "morpheme": "키/NNG+키/VV+아/EC+진짜/MAG+나/NP+나/NP+야/VCP+EF+너/NP+는/JX+무슨/MM+로망/NNG+있/VA+어/EF"
          },
          {
            "id": 11,
            "text": "1 : 만약 내가 나가서 일 안 하고 집에 있으면 남편 출근 전에랑 퇴근했을 때 뽀뽀해주기 키키",
            "norm_text": "만약 내가 나가서 일 안 하고 집에 있으면 남편 출근 전에랑 퇴근했을 때 뽀뽀해주기 키키",
            "speaker": {
              "id": "1번",
              "sex": "여성",
              "age": "20대"
            },
            "speechAct": "(단언) 주장하기",
            "morpheme": "만약/MAG+내/NP+가/JKS+나가/VV+서/EC+일안/NNG+하/XSV+고/EC+집/NNG+에/JKB+있/VV+으면/EC+남편/NNG+출근/NNG+전/NNG+에/JKB+랑/JC+퇴근/NNG+했/XSV+EP+을/ETM+때/NNG+뽀뽀/NNG+해/XSV+EC+주/VX+기/ETN+키/NNG+키/XSV+ETN"
          },
          {
            "id": 12,
            "text": "2 : 나나얌... 좀 귀엽네",
            "norm_text": "나나얌... 좀 귀엽네",
            "speaker": {
              "id": "2번",
              "sex": "여성",
              "age": "20대"
            },
            "speechAct": "(단언) 주장하기",
            "morpheme": "나/NP+나/JX+얌/NNP+./SY+./SY+좀/MAG+귀엽/VA+네/EC"
          },
          {
            "id": 13,
            "text": "2 : 키키 너네 둘 다 진짜 로망다운 로망이야 키키",
            "norm_text": "키키 너네 둘 다 진짜 로망다운 로망이야 키키",
            "speaker": {
              "id": "2번",
              "sex": "여성",
              "age": "20대"
            },
            "speechAct": "(단언) 주장하기",
            "morpheme": "키/NNG+키/XSV+ETN+너/NP+네/XSN+둘/NR+다/MAG+진짜/MAG+로망/NNG+다운/XSA+ETM+로망/NNG+이/VCP+야/EC+키/NNG+키/XSV+ETN"
          },
          {
            "id": 14,
            "text": "3 : 키키 근데 내가 저 말 했더니 내 남자친구가 정색하면서 물에는 손도 대지 말라고 하는데 왜 기분이 좀 이상할까? ^^휴",
            "norm_text": "키키 근데 내가 저 말 했더니 내 남자친구가 정색하면서 물에는 손도 대지 말라고 하는데 왜 기분이 좀 이상할까? ^^휴",
            "speaker": {
              "id": "3번",
              "sex": "여성",
              "age": "20대"
            },
            "speechAct": "(단언) 주장하기",
            "morpheme": "키/NNG+키/XSV+ETN+근데/MAJ+내/NP+가/JKS+저/MM+말/NNG+했/XSV+EP+더니/EC+내/NP+JKG+남자/NNG+친구/NNG+가/JKS+정색/NNG+하/XSV+면서/EC+물/NNG+에/JKB+는/JX+손/NNG+도/JX+대/VX+지/EC+말/VX+라고/EC+하/VV+는데/EC+왜/MAG+기분/NNG+이/JKS+좀/MAG+이상/NNG+할까/XSV+EF+^/SY+^/SY+휴/NNP"
          },
          {
            "id": 15,
            "text": "1 : 그럼 누가 물에 손대...?",
            "norm_text": "그럼 누가 물에 손대...?",
            "speaker": {
              "id": "1번",
              "sex": "여성",
              "age": "20대"
            },
            "speechAct": "(지시) 질문하기",
            "morpheme": "그럼/MAJ+누가/NP+JKS+물/NNG+에/JKB+손대/NNG+./SY+./SY"
          },
          {
            "id": 16,
            "text": "1 : 누가 집안일 해...? 키키",
            "norm_text": "누가 집안일 해...? 키키",
            "speaker": {
              "id": "1번",
              "sex": "여성",
              "age": "20대"
            },
            "speechAct": "(지시) 질문하기",
            "morpheme": "누가/NP+JKS+집안일/NNG+해/XSV+EF+./SY+./SY+키/NNG+키/XSV+ETN"
          },
          {
            "id": 17,
            "text": "2 : 지가 해야지 모 키키",
            "norm_text": "지가 해야지 모 키키",
            "speaker": {
              "id": "2번",
              "sex": "여성",
              "age": "20대"
            },
            "speechAct": "(단언) 주장하기",
            "morpheme": "지/NP+가/JKS+해야지/VV+EC+모키/NNP+키/NNG"
          },
          {
            "id": 18,
            "text": "2 : 축하해 송송아!",
            "norm_text": "축하해 송송아!",
            "speaker": {
              "id": "2번",
              "sex": "여성",
              "age": "20대"
            },
            "speechAct": "(단언) 주장하기",
            "morpheme": "축하/NNG+해/XSV+EC+송송/MAG+아/IC"
          },
          {
            "id": 19,
            "text": "3 : 요리는 하지 말라는데...",
            "norm_text": "요리는 하지 말라는데...",
            "speaker": {
              "id": "3번",
              "sex": "여성",
              "age": "20대"
            },
            "speechAct": "(단언) 진술하기",
            "morpheme": "요리/NNG+는/JX+하/VV+지/EC+말/VX+라는데/EF+./SY"
          },
          {
            "id": 20,
            "text": "3 : 그러니까 뭔가 더 승부욕 생기는 거 알지",
            "norm_text": "그러니까 뭔가 더 승부욕 생기는 거 알지",
            "speaker": {
              "id": "3번",
              "sex": "여성",
              "age": "20대"
            },
            "speechAct": "(단언) 주장하기",
            "morpheme": "그러니까/MAJ+뭔가/NP+VCP+EC+더/MAG+승부/NNG+욕/NNG+생기/VV+는/ETM+거/NNB+알/VV+지/EC"
          },
          {
            "id": 21,
            "text": "1 : 키키 우리한테 해줘 봐",
            "norm_text": "키키 우리한테 해줘 봐",
            "speaker": {
              "id": "1번",
              "sex": "여성",
              "age": "20대"
            },
            "speechAct": "(단언) 주장하기",
            "morpheme": "키/NNG+키/XSV+ETN+우리/NP+한테/JKB+해/VV+EC+줘/VX+EC+봐/VX+EC"
          },
          {
            "id": 22,
            "text": "1 : 우리가 평가해줄게~",
            "norm_text": "우리가 평가해줄게~",
            "speaker": {
              "id": "1번",
              "sex": "여성",
              "age": "20대"
            },
            "speechAct": "(단언) 주장하기",
            "morpheme": "우리/NP+가/JKS+평가/NNG+해/XSV+EC+줄/VX+ETM+게/NNB+JKS+~/SY"
          },
          {
            "id": 23,
            "text": "2 : 키키 나나만 먹는대!",
            "norm_text": "키키 나나만 먹는대!",
            "speaker": {
              "id": "2번",
              "sex": "여성",
              "age": "20대"
            },
            "speechAct": "(단언) 진술하기",
            "morpheme": "키/NNG+키나/XSA+ETN+JX+나/NP+만/JX+먹/VV+는대/EF"
          },
          {
            "id": 24,
            "text": "2 : 난 사서 먹을게 ^^",
            "norm_text": "난 사서 먹을게 ^^",
            "speaker": {
              "id": "2번",
              "sex": "여성",
              "age": "20대"
            },
            "speechAct": "(단언) 주장하기",
            "morpheme": "난/NP+JX+사/VV+서/EC+먹/VV+을/ETM+게/NNB+JKS+^/SY+^/SY"
          },
          {
            "id": 25,
            "text": "3 : 키키 왜 같이 먹어야지",
            "norm_text": "키키 왜 같이 먹어야지",
            "speaker": {
              "id": "3번",
              "sex": "여성",
              "age": "20대"
            },
            "speechAct": "(단언) 주장하기",
            "morpheme": "키/NNG+키/XSV+ETN+왜/MAG+같이/MAG+먹/VV+어야지/EC"
          },
          {
            "id": 26,
            "text": "3 : 둘 상대로 연습해야겠다 미래의 남편을 위해서",
            "norm_text": "둘 상대로 연습해야겠다 미래의 남편을 위해서",
            "speaker": {
              "id": "3번",
              "sex": "여성",
              "age": "20대"
            },
            "speechAct": "(단언) 주장하기",
            "morpheme": "둘/NR+상대/NNG+로/JKB+연습/NNG+해야/XSV+EC+VX+겠/EP+다/EC+미래/NNG+의/JKG+남편/NNG+을/JKO+위해서/VV+EC"
          },
          {
            "id": 27,
            "text": "1 : 키키 어이없다",
            "norm_text": "키키 어이없다",
            "speaker": {
              "id": "1번",
              "sex": "여성",
              "age": "20대"
            },
            "speechAct": "(단언) 주장하기",
            "morpheme": "키/NNG+키/XSV+ETN+어이없/VA+다/EC"
          },
          {
            "id": 28,
            "text": "1 : 그럼 안 먹어!",
            "norm_text": "그럼 안 먹어!",
            "speaker": {
              "id": "1번",
              "sex": "여성",
              "age": "20대"
            },
            "speechAct": "(단언) 주장하기",
            "morpheme": "그럼/MAJ+안/MAG+먹/VV+어/EF"
          },
          {
            "id": 29,
            "text": "1 : 우리 왜 이용해!",
            "norm_text": "우리 왜 이용해!",
            "speaker": {
              "id": "1번",
              "sex": "여성",
              "age": "20대"
            },
            "speechAct": "(단언) 주장하기",
            "morpheme": "우리/NP+왜/MAG+이용/NNG+해/XSV+EF"
          },
          {
            "id": 30,
            "text": "2 : 요리 뭐 해봤어 송송",
            "norm_text": "요리 뭐 해봤어 송송",
            "speaker": {
              "id": "2번",
              "sex": "여성",
              "age": "20대"
            },
            "speechAct": "(지시) 질문하기",
            "morpheme": "요리/NNG+뭐/IC+해/VV+EC+봤/VX+EP+어/EC+송송/MAG"
          },
          {
            "id": 31,
            "text": "2 : 키키 일단 들어만 볼게",
            "norm_text": "키키 일단 들어만 볼게",
            "speaker": {
              "id": "2번",
              "sex": "여성",
              "age": "20대"
            },
            "speechAct": "(단언) 진술하기",
            "morpheme": "키/NNG+키/XSV+ETN+일단/MAG+들/VV+어/EC+만/JX+볼/VV+ETM+게/NNB+JKS"
          },
          {
            "id": 32,
            "text": "3 : 김치볶음밥? 언니가 얼른 남자친구한테 배워서 나 알려줘 키키",
            "norm_text": "김치볶음밥? 언니가 얼른 남자친구한테 배워서 나 알려줘 키키",
            "speaker": {
              "id": "3번",
              "sex": "여성",
              "age": "20대"
            },
            "speechAct": "(지시) 부탁하기",
            "morpheme": "김치볶음밥/NNG+?/SY+언니/NNG+가/JKS+얼른/MAG+남자/NNG+친구/NNG+한테/JKB+배워서/VV+EC+나/JX+알려줘/VV+EC+VX+EC+키/NNG+키/XSV+ETN"
          },
          {
            "id": 33,
            "text": "1 : 키키 김치볶음밥 먹고 싶다 갑자기",
            "norm_text": "키키 김치볶음밥 먹고 싶다 갑자기",
            "speaker": {
              "id": "1번",
              "sex": "여성",
              "age": "20대"
            },
            "speechAct": "(단언) 주장하기",
            "morpheme": "키/NNG+키/NNG+김치볶음밥/NNG+먹/VV+고/EC+싶/VX+다/EF+갑자기/MAG"
          },
          {
            "id": 34,
            "text": "1 : 송송 언니 그냥 요리 하지 말고 지금처럼 맛있게 먹어",
            "norm_text": "송송 언니 그냥 요리 하지 말고 지금처럼 맛있게 먹어",
            "speaker": {
              "id": "1번",
              "sex": "여성",
              "age": "20대"
            },
            "speechAct": "(단언) 주장하기",
            "morpheme": "송송/MAG+언니/NNG+그냥/MAG+요리/NNG+하/XSV+지/EC+말/VX+고/EC+지금/NNG+처럼/JKB+맛있/VA+게/EC+먹/VV+어/EC"
          },
          {
            "id": 35,
            "text": "2 : 키키 백종원 선생님한테 배우자 송송아",
            "norm_text": "키키 백종원 선생님한테 배우자 송송아",
            "speaker": {
              "id": "2번",
              "sex": "여성",
              "age": "20대"
            },
            "speechAct": "(지시) 충고/제안하기",
            "morpheme": "키키/NNP+백종원/NNP+선생/NNG+님/XSN+한테/JKB+배우/NNG+자송/NNG+송아/NNG"
          },
          {
            "id": 36,
            "text": "2 : 그게 더 빨라",
            "norm_text": "그게 더 빨라",
            "speaker": {
              "id": "2번",
              "sex": "여성",
              "age": "20대"
            },
            "speechAct": "(단언) 진술하기",
            "morpheme": "그게/NP+JKS+더/MAG+빨라/VA+EC"
          },
          {
            "id": 37,
            "text": "3 : 근데 나나 남편은 요리할 맛 나겠다 키키",
            "norm_text": "근데 나나 남편은 요리할 맛 나겠다 키키",
            "speaker": {
              "id": "3번",
              "sex": "여성",
              "age": "20대"
            },
            "speechAct": "(단언) 주장하기",
            "morpheme": "근데/MAJ+나/NP+나/JX+남편/NNG+은/JX+요리/NNG+할/XSV+ETM+맛나/VA+겠/EP+다키키/NNP"
          },
          {
            "id": 38,
            "text": "3 : 엄청 잘 먹어서 맨날 해줄 듯",
            "norm_text": "엄청 잘 먹어서 맨날 해줄 듯",
            "speaker": {
              "id": "3번",
              "sex": "여성",
              "age": "20대"
            },
            "speechAct": "(단언) 주장하기",
            "morpheme": "엄청/MAG+잘/MAG+먹/VV+어서/EC+맨날/MAG+해/VV+EC+줄/VX+ETM+듯/NNB"
          },
          {
            "id": 39,
            "text": "1 : 키키 맞아 나 맛있게 먹을 수 있어!",
            "norm_text": "키키 맞아 나 맛있게 먹을 수 있어!",
            "speaker": {
              "id": "1번",
              "sex": "여성",
              "age": "20대"
            },
            "speechAct": "(단언) 주장하기",
            "morpheme": "키/NNG+키/XSV+ETN+맞/VV+아/EC+나/NP+맛있/VA+게/EC+먹/VV+을/ETM+수/NNB+있/VV+어/EF"
          },
          {
            "id": 40,
            "text": "1 : 요리해줘라 미래 남편아!",
            "norm_text": "요리해줘라 미래 남편아!",
            "speaker": {
              "id": "1번",
              "sex": "여성",
              "age": "20대"
            },
            "speechAct": "(단언) 주장하기",
            "morpheme": "요리/NNG+해/XSV+EC+줘라/VX+EC+미래/NNG+남편/NNG+아/JKV"
          },
          {
            "id": 41,
            "text": "2 : 키키 진짜! 만들어준 거 잘 먹으면 진짜 뿌듯",
            "norm_text": "키키 진짜! 만들어준 거 잘 먹으면 진짜 뿌듯",
            "speaker": {
              "id": "2번",
              "sex": "여성",
              "age": "20대"
            },
            "speechAct": "(단언) 주장하기",
            "morpheme": "키/NNG+키/XSV+ETN+진짜/MAG+만들/VV+어/EC+준/VX+ETM+거/NNB+잘/MAG+먹/VV+으면/EC+진짜/MAG+뿌듯/XR"
          },
          {
            "id": 42,
            "text": "3 : 키키 요리 잘하는 남편 만나자",
            "norm_text": "키키 요리 잘하는 남편 만나자",
            "speaker": {
              "id": "3번",
              "sex": "여성",
              "age": "20대"
            },
            "speechAct": "(단언) 주장하기",
            "morpheme": "키/NNG+키/NNG+요리/NNG+잘/MAG+하/VV+는/ETM+남편/NNG+만나/VV+자/EC"
          }
        ]
      }
    }
  ]
}