{
  "dataset": {
    "identifier": 58315,
    "name": "BAND_33_06_set",
    "src_path": "/data/file/cubeManager/PROJECT001/53/txt20210928112329054415/BAND_33_06_set/",
    "label_path": "/data/file/cubeManager/PROJECT001/53/txt20210928112329054415/BAND_33_06_set/",
    "category": 2,
    "type": 0
  },
  "licenses": {
    "name": "Apache License 1.0",
    "url": "http://www.apache.org/licenses/LICENSE-1.0"
  },
  "info": [
    {
      "id": 35025,
      "filename": "BAND_33_06.txt",
      "title": "BAND_33_06",
      "mediatype": "SNS",
      "medianame": "네이버밴드",
      "category": "일상대화",
      "date": "2021-09-28",
      "size": 401,
      "annotations": {
        "subject": "교육",
        "speaker_type": "1:1",
        "size": 401,
        "word_size": 134,
        "text": "1 : 너 중딩 때 어떤 과목 점수가 제일 높았어?\n2 : 나 중딩 때는 아마 수학이었을 꺼야\n1 : 너 나 기억나? 수학 점수 높았던 거?\n2 : 맞아 숫자에 뛰어난 편이었지 키키\n1 : 내가 너 가르쳐 줬잖아~\n2 : 맞아 기억난다 너 공부 잘했었어\n1 : 그래서 니가 수학 점수가 높지 않았을까?\n2 : 그건 잘 모르겠지만 키키 도움 많이 받았지\n1 : 근데 나 다른 과목 점수는 바닥이었는데?\n2 : 그랬었나 키키 내 주변 중에서는 너가 제일 잘했어 키키\n1 : 키키 웃기다 그래도 지금 우리 잘 살고 있잖아~\n2 : 맞아 내 밥벌이만 할 수 있으면 되지\n1 : 맞아 범죄 안 저지르고 착하게 살고 있잖아~\n2 : 맞아 학력보단 인성이 더 중요해\n1 : 그렇지! 우리 앞으로도 착하게 살자!\n2 : 키키 그래 우리 이대로만 살면 돼 키키",
        "lines": [
          {
            "id": 1,
            "text": "1 : 너 중딩 때 어떤 과목 점수가 제일 높았어?",
            "norm_text": "너 중딩 때 어떤 과목 점수가 제일 높았어?",
            "speaker": {
              "id": "1번",
              "sex": "여성",
              "age": "20대"
            },
            "speechAct": "(지시) 질문하기",
            "morpheme": "너/NP+중/NNB+딩/MAG+때/NNG+어떤/MM+과목/NNG+점수/NNG+가/JKS+제일/MAG+높/VA+았/EP+어/EF"
          },
          {
            "id": 2,
            "text": "2 : 나 중딩 때는 아마 수학이었을 꺼야",
            "norm_text": "나 중딩 때는 아마 수학이었을 꺼야",
            "speaker": {
              "id": "2번",
              "sex": "남성",
              "age": "30대"
            },
            "speechAct": "(단언) 주장하기",
            "morpheme": "나중/NNG+딩/NNG+때/NNG+는/JX+아마/MAG+수학/NNG+이/VCP+었/EP+을/ETM+꺼/NNB+VCP+야/EC"
          },
          {
            "id": 3,
            "text": "1 : 너 나 기억나? 수학 점수 높았던 거?",
            "norm_text": "너 나 기억나? 수학 점수 높았던 거?",
            "speaker": {
              "id": "1번",
              "sex": "여성",
              "age": "20대"
            },
            "speechAct": "(지시) 질문하기",
            "morpheme": "너/NP+나/JX+기억나/VV+EF+수학/NNG+점수/NNG+높/VA+았/EP+던/ETM+거/NNB"
          },
          {
            "id": 4,
            "text": "2 : 맞아 숫자에 뛰어난 편이었지 키키",
            "norm_text": "맞아 숫자에 뛰어난 편이었지 키키",
            "speaker": {
              "id": "2번",
              "sex": "남성",
              "age": "30대"
            },
            "speechAct": "(단언) 주장하기",
            "morpheme": "맞/VV+아/EC+숫자/NNG+에/JKB+뛰어난/VA+ETM+편/NNB+이/VCP+었/EP+지/EC+키/NNG+키/XSV+ETN"
          },
          {
            "id": 5,
            "text": "1 : 내가 너 가르쳐 줬잖아~",
            "norm_text": "내가 너 가르쳐 줬잖아~",
            "speaker": {
              "id": "1번",
              "sex": "여성",
              "age": "20대"
            },
            "speechAct": "(단언) 주장하기",
            "morpheme": "내/NP+가/JKS+너/NP+가르쳐/VV+EC+줬/VX+EP+잖아/EC+~/SY"
          },
          {
            "id": 6,
            "text": "2 : 맞아 기억난다 너 공부 잘했었어",
            "norm_text": "맞아 기억난다 너 공부 잘했었어",
            "speaker": {
              "id": "2번",
              "sex": "남성",
              "age": "30대"
            },
            "speechAct": "(단언) 주장하기",
            "morpheme": "맞/VV+아/EC+기억난다/VV+EF+너/NP+공부/NNG+잘/MAG+했었/VV+EP+어/EC"
          },
          {
            "id": 7,
            "text": "1 : 그래서 니가 수학 점수가 높지 않았을까?",
            "norm_text": "그래서 니가 수학 점수가 높지 않았을까?",
            "speaker": {
              "id": "1번",
              "sex": "여성",
              "age": "20대"
            },
            "speechAct": "(지시) 질문하기",
            "morpheme": "그래서/MAJ+니/NP+가/JKS+수학/NNG+점수/NNG+가/JKS+높/VA+지/EC+않/VX+았/EP+을까/EF"
          },
          {
            "id": 8,
            "text": "2 : 그건 잘 모르겠지만 키키 도움 많이 받았지",
            "norm_text": "그건 잘 모르겠지만 키키 도움 많이 받았지",
            "speaker": {
              "id": "2번",
              "sex": "남성",
              "age": "30대"
            },
            "speechAct": "(단언) 주장하기",
            "morpheme": "그건/NP+JX+잘/MAG+모르/VV+겠/EP+지만/EC+키/NNG+키/NNG+도움/NNG+많이/MAG+받/VV+았/EP+지/EC"
          },
          {
            "id": 9,
            "text": "1 : 근데 나 다른 과목 점수는 바닥이었는데?",
            "norm_text": "근데 나 다른 과목 점수는 바닥이었는데?",
            "speaker": {
              "id": "1번",
              "sex": "여성",
              "age": "20대"
            },
            "speechAct": "(단언) 주장하기",
            "morpheme": "근데/MAJ+나/NP+다른/MM+과목/NNG+점수/NNG+는/JX+바닥/NNG+이/VCP+었/EP+는데/EF"
          },
          {
            "id": 10,
            "text": "2 : 그랬었나 키키 내 주변 중에서는 너가 제일 잘했어 키키",
            "norm_text": "그랬었나 키키 내 주변 중에서는 너가 제일 잘했어 키키",
            "speaker": {
              "id": "2번",
              "sex": "남성",
              "age": "30대"
            },
            "speechAct": "(단언) 주장하기",
            "morpheme": "그랬었/VV+EP+나/EC+키/NNG+키/XSV+ETN+내/NP+JKG+주변/NNG+중/NNB+에서/JKB+는/JX+너/NP+가/JKS+제일/MAG+잘/MAG+했/VV+EP+어/EC+키/NNG+키/XSV+ETN"
          },
          {
            "id": 11,
            "text": "1 : 키키 웃기다 그래도 지금 우리 잘 살고 있잖아~",
            "norm_text": "키키 웃기다 그래도 지금 우리 잘 살고 있잖아~",
            "speaker": {
              "id": "1번",
              "sex": "여성",
              "age": "20대"
            },
            "speechAct": "(단언) 주장하기",
            "morpheme": "키/NNG+키/XSV+ETN+웃기/VV+다/EF+그래도/MAJ+지금/MAG+우리/NP+잘/MAG+살/VV+고/EC+있/VX+잖아/EC+~/SY"
          },
          {
            "id": 12,
            "text": "2 : 맞아 내 밥벌이만 할 수 있으면 되지",
            "norm_text": "맞아 내 밥벌이만 할 수 있으면 되지",
            "speaker": {
              "id": "2번",
              "sex": "남성",
              "age": "30대"
            },
            "speechAct": "(단언) 주장하기",
            "morpheme": "맞/VV+아/EC+내/NP+JKG+밥벌이/NNG+만/JX+할/VV+ETM+수/NNB+있/VV+으면/EC+되/VV+지/EC"
          },
          {
            "id": 13,
            "text": "1 : 맞아 범죄 안 저지르고 착하게 살고 있잖아~",
            "norm_text": "맞아 범죄 안 저지르고 착하게 살고 있잖아~",
            "speaker": {
              "id": "1번",
              "sex": "여성",
              "age": "20대"
            },
            "speechAct": "(단언) 주장하기",
            "morpheme": "맞/VV+아/EC+범죄/NNG+안/MAG+저지르/VV+고/EC+착하/VA+게/EC+살/VV+고/EC+있/VX+잖아/EC+~/SY"
          },
          {
            "id": 14,
            "text": "2 : 맞아 학력보단 인성이 더 중요해",
            "norm_text": "맞아 학력보단 인성이 더 중요해",
            "speaker": {
              "id": "2번",
              "sex": "남성",
              "age": "30대"
            },
            "speechAct": "(단언) 주장하기",
            "morpheme": "맞/VV+아/EC+학력/NNG+보단/JKB+JX+인성/NNG+이/JKS+더/MAG+중요/NNG+해/XSV+EC"
          },
          {
            "id": 15,
            "text": "1 : 그렇지! 우리 앞으로도 착하게 살자!",
            "norm_text": "그렇지! 우리 앞으로도 착하게 살자!",
            "speaker": {
              "id": "1번",
              "sex": "여성",
              "age": "20대"
            },
            "speechAct": "(지시) 충고/제안하기",
            "morpheme": "그렇/VA+지/EF+우리/NP+앞/NNG+으로/JKB+도착/NNG+하/XSV+게/EC+살/VV+자/EF"
          },
          {
            "id": 16,
            "text": "2 : 키키 그래 우리 이대로만 살면 돼 키키",
            "norm_text": "키키 그래 우리 이대로만 살면 돼 키키",
            "speaker": {
              "id": "2번",
              "sex": "남성",
              "age": "30대"
            },
            "speechAct": "(단언) 주장하기",
            "morpheme": "키/NNG+키/XSV+ETN+그래/JX+우리/NP+이대로/MAG+만/JX+살/VV+면/EC+돼/VV+EC+키/NNG+키/XSV+ETN"
          }
        ]
      }
    }
  ]
}