{
  "dataset": {
    "identifier": 58328,
    "name": "BAND_33_18_set",
    "src_path": "/data/file/cubeManager/PROJECT001/53/txt202109281123290654105/BAND_33_18_set/",
    "label_path": "/data/file/cubeManager/PROJECT001/53/txt202109281123290654105/BAND_33_18_set/",
    "category": 2,
    "type": 0
  },
  "licenses": {
    "name": "Apache License 1.0",
    "url": "http://www.apache.org/licenses/LICENSE-1.0"
  },
  "info": [
    {
      "id": 35037,
      "filename": "BAND_33_18.txt",
      "title": "BAND_33_18",
      "mediatype": "SNS",
      "medianame": "네이버밴드",
      "category": "일상대화",
      "date": "2021-09-28",
      "size": 425,
      "annotations": {
        "subject": "상거래 전반",
        "speaker_type": "1:1",
        "size": 425,
        "word_size": 141,
        "text": "1 : 나 아무래도 농락 당한 거 같아!\n2 : 응? 왜 그래 무슨 일 생긴 거야?\n1 : 아니 내가 화장품을 당근마켓에 올렸거든?\n2 : 응 당근마켓 좋지 근데 왜?\n1 : 근데 산다고 하더니 계속 날짜를 바꾸네?\n2 : 그거 진짜 싫은데 약속 바꾸는 거\n1 : 어 자기 갑자기 야근이라고 하고 출장이라고 하고 지금 그래!\n2 : 무슨 세상일 혼자 다 하는 사람 같네\n1 : 그러고 내가 역 근처에서만 거래한다고 했더니 완전 다른 곳에서 거래하자고 하고!\n2 : 헐 백퍼네 백퍼 이상하다 그 사람\n1 : 화장품도 완전 싼 가격으로 올렸는데!\n2 : 응? 얼마에 거래 올린 건데?\n1 : 나 2만 원짜리 5천 원에 올렸어!\n2 : 헐 한번도 안 쓴 건데 그렇게 올렸어?\n1 : 응 어차피 못 쓰니까 그렇게 올린 건데 지금 스트레스 받는 중!\n2 : 그런 거래도 사람 가려가며 해야 돼 ㅠ",
        "lines": [
          {
            "id": 1,
            "text": "1 : 나 아무래도 농락 당한 거 같아!",
            "norm_text": "나 아무래도 농락 당한 거 같아!",
            "speaker": {
              "id": "1번",
              "sex": "여성",
              "age": "20대"
            },
            "speechAct": "(단언) 주장하기",
            "morpheme": "나/NP+아무래도/MAG+농락/NNG+당한/XSV+ETM+거/NNB+같/VA+아/EF"
          },
          {
            "id": 2,
            "text": "2 : 응? 왜 그래 무슨 일 생긴 거야?",
            "norm_text": "응? 왜 그래 무슨 일 생긴 거야?",
            "speaker": {
              "id": "2번",
              "sex": "남성",
              "age": "30대"
            },
            "speechAct": "(지시) 질문하기",
            "morpheme": "응/IC+왜/MAG+그래/VA+EC+무슨/MM+일생/NNG+긴/VA+ETM+거/NNB+야/VCP+EF"
          },
          {
            "id": 3,
            "text": "1 : 아니 내가 화장품을 당근마켓에 올렸거든?",
            "norm_text": "아니 내가 화장품을 당근마켓에 올렸거든?",
            "speaker": {
              "id": "1번",
              "sex": "여성",
              "age": "20대"
            },
            "speechAct": "(단언) 주장하기",
            "morpheme": "아니/IC+내/NP+가/JKS+화장품/NNG+을/JKO+당근/MAG+마켓/NNP+에/JKB+올렸/VV+EP+거든/EF"
          },
          {
            "id": 4,
            "text": "2 : 응 당근마켓 좋지 근데 왜?",
            "norm_text": "응 당근마켓 좋지 근데 왜?",
            "speaker": {
              "id": "2번",
              "sex": "남성",
              "age": "30대"
            },
            "speechAct": "(지시) 질문하기",
            "morpheme": "응/IC+당근/MAG+마켓/NNP+좋/VA+지/EF+근데/MAJ+왜/MAG"
          },
          {
            "id": 5,
            "text": "1 : 근데 산다고 하더니 계속 날짜를 바꾸네?",
            "norm_text": "근데 산다고 하더니 계속 날짜를 바꾸네?",
            "speaker": {
              "id": "1번",
              "sex": "여성",
              "age": "20대"
            },
            "speechAct": "(단언) 진술하기",
            "morpheme": "근데/MAJ+산다고/VV+EC+하/VV+더니/EC+계속/MAG+날짜/NNG+를/JKO+바꾸/VV+네/EF"
          },
          {
            "id": 6,
            "text": "2 : 그거 진짜 싫은데 약속 바꾸는 거",
            "norm_text": "그거 진짜 싫은데 약속 바꾸는 거",
            "speaker": {
              "id": "2번",
              "sex": "남성",
              "age": "30대"
            },
            "speechAct": "(단언) 주장하기",
            "morpheme": "그거/NP+진짜/MAG+싫/VA+은데/EC+약속/NNG+바꾸/VV+는/ETM+거/NNB"
          },
          {
            "id": 7,
            "text": "1 : 어 자기 갑자기 야근이라고 하고 출장이라고 하고 지금 그래!",
            "norm_text": "어 자기 갑자기 야근이라고 하고 출장이라고 하고 지금 그래!",
            "speaker": {
              "id": "1번",
              "sex": "여성",
              "age": "20대"
            },
            "speechAct": "(단언) 진술하기",
            "morpheme": "어/IC+자기/NP+갑자기/MAG+야근/NNG+이/VCP+라고/EC+하/VV+고/EC+출장/NNG+이/VCP+라고/EC+하/VV+고/EC+지금/MAG+그래/IC"
          },
          {
            "id": 8,
            "text": "2 : 무슨 세상일 혼자 다 하는 사람 같네",
            "norm_text": "무슨 세상일 혼자 다 하는 사람 같네",
            "speaker": {
              "id": "2번",
              "sex": "남성",
              "age": "30대"
            },
            "speechAct": "(단언) 주장하기",
            "morpheme": "무슨/MM+세상일/NNG+혼자/NNG+다/MAG+하/VV+는/ETM+사람/NNG+같/VA+네/EC"
          },
          {
            "id": 9,
            "text": "1 : 그러고 내가 역 근처에서만 거래한다고 했더니 완전 다른 곳에서 거래하자고 하고!",
            "norm_text": "그러고 내가 역 근처에서만 거래한다고 했더니 완전 다른 곳에서 거래하자고 하고!",
            "speaker": {
              "id": "1번",
              "sex": "여성",
              "age": "20대"
            },
            "speechAct": "(단언) 진술하기",
            "morpheme": "그러고/MAJ+내/NP+가/JKS+역/NNG+근처/NNG+에서/JKB+만/JX+거래/NNG+한다고/XSV+EC+했/VX+EP+더니/EC+완전/MAG+다른/MM+곳/NNG+에서/JKB+거래/NNG+하/XSV+자고/EC+하/VV+고/EC"
          },
          {
            "id": 10,
            "text": "2 : 헐 백퍼네 백퍼 이상하다 그 사람",
            "norm_text": "헐 백퍼네 백퍼 이상하다 그 사람",
            "speaker": {
              "id": "2번",
              "sex": "남성",
              "age": "30대"
            },
            "speechAct": "(단언) 주장하기",
            "morpheme": "헐/IC+백/NR+퍼/VV+EC+네/MM+백/NR+퍼/NNG+이상/NNG+하/XSV+다/EC+그/MM+사람/NNG"
          },
          {
            "id": 11,
            "text": "1 : 화장품도 완전 싼 가격으로 올렸는데!",
            "norm_text": "화장품도 완전 싼 가격으로 올렸는데!",
            "speaker": {
              "id": "1번",
              "sex": "여성",
              "age": "20대"
            },
            "speechAct": "(단언) 주장하기",
            "morpheme": "화장품/NNG+도/JX+완전/MAG+싼/VA+ETM+가격/NNG+으로/JKB+올렸/VV+EP+는데/EF"
          },
          {
            "id": 12,
            "text": "2 : 응? 얼마에 거래 올린 건데?",
            "norm_text": "응? 얼마에 거래 올린 건데?",
            "speaker": {
              "id": "2번",
              "sex": "남성",
              "age": "30대"
            },
            "speechAct": "(지시) 질문하기",
            "morpheme": "응/IC+얼마/NNG+에/JKB+거래/NNG+올린/VV+ETM+건데/NNB+VCP+EF"
          },
          {
            "id": 13,
            "text": "1 : 나 2만 원짜리 5천 원에 올렸어!",
            "norm_text": "나 2만 원짜리 5천 원에 올렸어!",
            "speaker": {
              "id": "1번",
              "sex": "여성",
              "age": "20대"
            },
            "speechAct": "(단언) 진술하기",
            "morpheme": "나/NP+2/SN+만/NR+원/NNBC+짜리/XSN+5/SN+천/NR+원/NNBC+에/JKB+올렸/VV+EP+어/EF"
          },
          {
            "id": 14,
            "text": "2 : 헐 한번도 안 쓴 건데 그렇게 올렸어?",
            "norm_text": "헐 한번도 안 쓴 건데 그렇게 올렸어?",
            "speaker": {
              "id": "2번",
              "sex": "남성",
              "age": "30대"
            },
            "speechAct": "(지시) 질문하기",
            "morpheme": "헐/IC+한/MM+번/NNBC+도/JX+안/MAG+쓴/VV+ETM+건데/NNB+VCP+EC+그렇게/MAG+올렸/VV+EP+어/EF"
          },
          {
            "id": 15,
            "text": "1 : 응 어차피 못 쓰니까 그렇게 올린 건데 지금 스트레스 받는 중!",
            "norm_text": "응 어차피 못 쓰니까 그렇게 올린 건데 지금 스트레스 받는 중!",
            "speaker": {
              "id": "1번",
              "sex": "여성",
              "age": "20대"
            },
            "speechAct": "(단언) 주장하기",
            "morpheme": "응/IC+어차피/MAG+못/MAG+쓰/VV+니까/EC+그렇게/MAG+올린/VV+ETM+건데/NNB+VCP+EC+지금/MAG+스트레스/NNG+받/VV+는/ETM+중/NNB"
          },
          {
            "id": 16,
            "text": "2 : 그런 거래도 사람 가려가며 해야 돼 ㅠ",
            "norm_text": "그런 거래도 사람 가려가며 해야 돼 ㅠ",
            "speaker": {
              "id": "2번",
              "sex": "남성",
              "age": "30대"
            },
            "speechAct": "(지시) 충고/제안하기",
            "morpheme": "그런/MM+거래/NNG+도/JX+사람/NNG+가려/VV+EC+가/VX+며/EC+해야/VV+EC+돼ㅠ/UNKNOWN"
          }
        ]
      }
    }
  ]
}