{
  "dataset": {
    "identifier": 30399,
    "name": "BAND_22_03_set",
    "src_path": "/data/file/cubeManager/PROJECT001/49/txt20210915110036052280/BAND_22_03_set/",
    "label_path": "/data/file/cubeManager/PROJECT001/49/txt20210915110036052280/BAND_22_03_set/",
    "category": 2,
    "type": 0
  },
  "licenses": {
    "name": "Apache License 1.0",
    "url": "http://www.apache.org/licenses/LICENSE-1.0"
  },
  "info": [
    {
      "id": 25402,
      "filename": "BAND_22_03.txt",
      "title": "BAND_22_03",
      "mediatype": "SNS",
      "medianame": "네이버밴드",
      "category": "일상대화",
      "date": "2021-09-15",
      "size": 973,
      "annotations": {
        "subject": "교통",
        "speaker_type": "1:1",
        "size": 973,
        "word_size": 346,
        "text": "1 : 요즘에 씽씽이 되게  많이 타더라\n1 : 타봤어?\n2 : 나 한 번 타봤당! 키키\n2 : 재밌던데?\n3 : 키키 나는 여름에 타면서 공원 휘휘 돌았는데 짱 신나\n3 : 생각보다 빠르더라고?\n1 : 난 한번도 못 타봤어 ㅜㅜ\n1 : 타보고 싶다!\n2 : 으엑... 문찐이다!\n2 : 커커 근데 저거 사고 나는 거 많아서 타기 싫어\n3 : 키키 그니까 여름에 타야 돼\n3 : 짱 시원해\n3 : 근데 저거 회사마다 가격 다 달라\n1 : 난 면허가 없어서 운전을 못해~\n1 : 그래?\n1 : 그리고 비싸다고 들었어\n2 : 아 진짜?\n2 : 근데 저거 환승도 되는 거 알아? 키키\n3 : 아 헐 맞네\n3 : 면허 없어서 못 탔구나\n3 : 바보 메롱 메롱\n3 : 환승은 뭐야?\n3 : 미쳤네\n3 : 환승 된다고?\n1 : 환승 몰랐어\n1 : 환승도 돼? 키키\n1 : 못 타봤다고 놀리네!\n2 : 웅웅 키키 난 안 해봤는데 친오빠가 저번에 알려줬엉 키키\n3 : 키키 환승 어떻게 하는 거야?\n3 : 안 해봤어\n1 : 그 어플로 인식이 되나?\n1 : 진짜 궁금하다\n2 : 어플로 뭐 사용 기록 보고 되는 거 아니야?\n2 : 삼십 분 안에 타고 뭐 그런 것 같은데 나도 몰랑!\n3 : 나나야 근데 너는 면허 언제 딸 생각이야?\n1 : 나 따야 되는데 차도 없고 면허 학원도 비싸서 \n급하지가 않으니까 안 하게 돼 ㅜㅜ\n2 : 맞아 맞아 근데 뭐 차 생길 때 되면 따자! 키키\n2 : 장롱 면허야 나도 구냥\n3 : 근데 도로 주행 할 때 뭔가 재밌당\n3 : 신기했어 처음 겪는 느낌이니까 키키\n1 : 그니까\n1 : 근데 지금 딸 시간도 없어~ㅜㅜ\n2 : 면허 딸 때 재밌어 키키\n2 : 근데 지금은 기어도 다 까먹긴 했는데 1종 땄는데 그 중에서 점수 1등으로 땄졍\n2 : 잘했지?!\n3 : 키키 우와 그거 원래 점수도 나왔나?\n3 : 기억이 안나\n1 : 점수 나오지 않아?\n1 : 점수로 깎으면서 합격 불합격 나뉘잖아?!\n2 : 몰라 그냥 아저씨가 말해줬졍 키키\n3 : 키키 몰라 나도 기억이 안 나\n3 : 쨌든 난 합격이다\n3 : 메롱 메롱",
        "lines": [
          {
            "id": 1,
            "text": "1 : 요즘에 씽씽이 되게  많이 타더라",
            "norm_text": "요즘에 씽씽이 되게  많이 타더라",
            "speaker": {
              "id": "1번",
              "sex": "여성",
              "age": "20대"
            },
            "speechAct": "(단언) 주장하기",
            "morpheme": "요즘/NNG+에/JKB+씽씽이/NNG+되게/MAG+많이/MAG+타/VV+더라/EC"
          },
          {
            "id": 2,
            "text": "1 : 타봤어?",
            "norm_text": "타봤어?",
            "speaker": {
              "id": "1번",
              "sex": "여성",
              "age": "20대"
            },
            "speechAct": "(지시) 질문하기",
            "morpheme": "타/VV+EC+봤/VX+EP+어/EF"
          },
          {
            "id": 3,
            "text": "2 : 나 한 번 타봤당! 키키",
            "norm_text": "나 한 번 타봤당! 키키",
            "speaker": {
              "id": "2번",
              "sex": "여성",
              "age": "20대"
            },
            "speechAct": "(단언) 진술하기",
            "morpheme": "나/NP+한번/MAG+타/VV+EC+봤/VX+EP+당/EF+키/NNG+키/XSV+ETN"
          },
          {
            "id": 4,
            "text": "2 : 재밌던데?",
            "norm_text": "재밌던데?",
            "speaker": {
              "id": "2번",
              "sex": "여성",
              "age": "20대"
            },
            "speechAct": "(단언) 주장하기",
            "morpheme": "재밌/VA+던데/EF"
          },
          {
            "id": 5,
            "text": "3 : 키키 나는 여름에 타면서 공원 휘휘 돌았는데 짱 신나",
            "norm_text": "키키 나는 여름에 타면서 공원 휘휘 돌았는데 짱 신나",
            "speaker": {
              "id": "3번",
              "sex": "여성",
              "age": "20대"
            },
            "speechAct": "(단언) 주장하기",
            "morpheme": "키/NNG+키나/XSA+ETN+JX+는/JX+여름/NNG+에/JKB+타/VV+면서/EC+공원/NNG+휘/MAG+휘돌/VV+았/EP+는데/EC+짱/MAG+신나/VV+EC"
          },
          {
            "id": 6,
            "text": "3 : 생각보다 빠르더라고?",
            "norm_text": "생각보다 빠르더라고?",
            "speaker": {
              "id": "3번",
              "sex": "여성",
              "age": "20대"
            },
            "speechAct": "(단언) 주장하기",
            "morpheme": "생각/NNG+보다/JKB+빠르/VA+더라고/EF"
          },
          {
            "id": 7,
            "text": "1 : 난 한번도 못 타봤어 ㅜㅜ",
            "norm_text": "난 한번도 못 타봤어 ㅜㅜ",
            "speaker": {
              "id": "1번",
              "sex": "여성",
              "age": "20대"
            },
            "speechAct": "(단언) 진술하기",
            "morpheme": "난/NP+JX+한/MM+번/NNBC+도/JX+못/MAG+타/VV+EC+봤/VX+EP+어/EF+ㅜㅜ/UNKNOWN"
          },
          {
            "id": 8,
            "text": "1 : 타보고 싶다!",
            "norm_text": "타보고 싶다!",
            "speaker": {
              "id": "1번",
              "sex": "여성",
              "age": "20대"
            },
            "speechAct": "(단언) 주장하기",
            "morpheme": "타/VV+EC+보/VX+고/EC+싶/VX+다/EF"
          },
          {
            "id": 9,
            "text": "2 : 으엑... 문찐이다!",
            "norm_text": "으엑... 문찐이다!",
            "speaker": {
              "id": "2번",
              "sex": "여성",
              "age": "20대"
            },
            "speechAct": "(단언) 주장하기",
            "morpheme": "으/IC+엑/IC+./SY+문찐/UNKNOWN+이/VCP+다/EF"
          },
          {
            "id": 10,
            "text": "2 : 커커 근데 저거 사고 나는 거 많아서 타기 싫어",
            "norm_text": "커커 근데 저거 사고 나는 거 많아서 타기 싫어",
            "speaker": {
              "id": "2번",
              "sex": "여성",
              "age": "20대"
            },
            "speechAct": "(단언) 주장하기",
            "morpheme": "커/VA+EC+커/VA+EF+근데/MAJ+저거/NP+사/VV+고/EC+나/VX+는/ETM+거/NNB+많/VA+아서/EC+타/VV+기/ETN+싫/VA+어/EC"
          },
          {
            "id": 11,
            "text": "3 : 키키 그니까 여름에 타야 돼",
            "norm_text": "키키 그니까 여름에 타야 돼",
            "speaker": {
              "id": "3번",
              "sex": "여성",
              "age": "20대"
            },
            "speechAct": "(단언) 주장하기",
            "morpheme": "키/NNG+키/XSV+ETN+그니까/MAJ+여름/NNG+에/JKB+타/VV+야/EC+돼/VV+EC"
          },
          {
            "id": 12,
            "text": "3 : 짱 시원해",
            "norm_text": "짱 시원해",
            "speaker": {
              "id": "3번",
              "sex": "여성",
              "age": "20대"
            },
            "speechAct": "(단언) 주장하기",
            "morpheme": "짱/NNG+시원/XR+해/XSA+EC"
          },
          {
            "id": 13,
            "text": "3 : 근데 저거 회사마다 가격 다 달라",
            "norm_text": "근데 저거 회사마다 가격 다 달라",
            "speaker": {
              "id": "3번",
              "sex": "여성",
              "age": "20대"
            },
            "speechAct": "(단언) 진술하기",
            "morpheme": "근데/MAJ+저거/NP+회사/NNG+마다/JX+가격/NNG+다/MAG+달라/VA+EC"
          },
          {
            "id": 14,
            "text": "1 : 난 면허가 없어서 운전을 못해~",
            "norm_text": "난 면허가 없어서 운전을 못해~",
            "speaker": {
              "id": "1번",
              "sex": "여성",
              "age": "20대"
            },
            "speechAct": "(단언) 진술하기",
            "morpheme": "난/NP+JX+면허/NNG+가/JKS+없/VA+어서/EC+운전/NNG+을/JKO+못/MAG+해/VV+EC+~/SY"
          },
          {
            "id": 15,
            "text": "1 : 그래?",
            "norm_text": "그래?",
            "speaker": {
              "id": "1번",
              "sex": "여성",
              "age": "20대"
            },
            "speechAct": "턴토크 사인(관습적 반응)",
            "morpheme": "그래/IC"
          },
          {
            "id": 16,
            "text": "1 : 그리고 비싸다고 들었어",
            "norm_text": "그리고 비싸다고 들었어",
            "speaker": {
              "id": "1번",
              "sex": "여성",
              "age": "20대"
            },
            "speechAct": "(단언) 진술하기",
            "morpheme": "그리고/MAJ+비싸/VA+다고/EC+들/VX+었/EP+어/EC"
          },
          {
            "id": 17,
            "text": "2 : 아 진짜?",
            "norm_text": "아 진짜?",
            "speaker": {
              "id": "2번",
              "sex": "여성",
              "age": "20대"
            },
            "speechAct": "턴토크 사인(관습적 반응)",
            "morpheme": "아/IC+진짜/MAG"
          },
          {
            "id": 18,
            "text": "2 : 근데 저거 환승도 되는 거 알아? 키키",
            "norm_text": "근데 저거 환승도 되는 거 알아? 키키",
            "speaker": {
              "id": "2번",
              "sex": "여성",
              "age": "20대"
            },
            "speechAct": "(지시) 질문하기",
            "morpheme": "근데/MAJ+저거/NP+환승/NNG+도/JX+되/VV+는/ETM+거/NNB+알/VV+아/EF+키/NNG+키/XSV+ETN"
          },
          {
            "id": 19,
            "text": "3 : 아 헐 맞네",
            "norm_text": "아 헐 맞네",
            "speaker": {
              "id": "3번",
              "sex": "여성",
              "age": "20대"
            },
            "speechAct": "(단언) 주장하기",
            "morpheme": "아/IC+헐/VV+JKO+맞/VV+네/EC"
          },
          {
            "id": 20,
            "text": "3 : 면허 없어서 못 탔구나",
            "norm_text": "면허 없어서 못 탔구나",
            "speaker": {
              "id": "3번",
              "sex": "여성",
              "age": "20대"
            },
            "speechAct": "(단언) 주장하기",
            "morpheme": "면허/NNG+없/VA+어서/EC+못/MAG+탔/VV+EP+구나/EC"
          },
          {
            "id": 21,
            "text": "3 : 바보 메롱 메롱",
            "norm_text": "바보 메롱 메롱",
            "speaker": {
              "id": "3번",
              "sex": "여성",
              "age": "20대"
            },
            "speechAct": "(단언) 주장하기",
            "morpheme": "바보/NNG+메롱/IC+메롱/IC"
          },
          {
            "id": 22,
            "text": "3 : 환승은 뭐야?",
            "norm_text": "환승은 뭐야?",
            "speaker": {
              "id": "3번",
              "sex": "여성",
              "age": "20대"
            },
            "speechAct": "(지시) 질문하기",
            "morpheme": "환승/NNG+은/JX+뭐/NP+야/VCP+EF"
          },
          {
            "id": 23,
            "text": "3 : 미쳤네",
            "norm_text": "미쳤네",
            "speaker": {
              "id": "3번",
              "sex": "여성",
              "age": "20대"
            },
            "speechAct": "(단언) 주장하기",
            "morpheme": "미쳤/VV+EP+네/EF"
          },
          {
            "id": 24,
            "text": "3 : 환승 된다고?",
            "norm_text": "환승 된다고?",
            "speaker": {
              "id": "3번",
              "sex": "여성",
              "age": "20대"
            },
            "speechAct": "(지시) 질문하기",
            "morpheme": "환승/NNG+된다고/XSV+EF"
          },
          {
            "id": 25,
            "text": "1 : 환승 몰랐어",
            "norm_text": "환승 몰랐어",
            "speaker": {
              "id": "1번",
              "sex": "여성",
              "age": "20대"
            },
            "speechAct": "(단언) 진술하기",
            "morpheme": "환승/NNG+몰랐/VV+EP+어/EC"
          },
          {
            "id": 26,
            "text": "1 : 환승도 돼? 키키",
            "norm_text": "환승도 돼? 키키",
            "speaker": {
              "id": "1번",
              "sex": "여성",
              "age": "20대"
            },
            "speechAct": "(지시) 질문하기",
            "morpheme": "환승/NNG+도/JX+돼/VV+EF+키/NNG+키/XSV+ETN"
          },
          {
            "id": 27,
            "text": "1 : 못 타봤다고 놀리네!",
            "norm_text": "못 타봤다고 놀리네!",
            "speaker": {
              "id": "1번",
              "sex": "여성",
              "age": "20대"
            },
            "speechAct": "(단언) 주장하기",
            "morpheme": "못/MAG+타/VV+EC+봤/VX+EP+다고/EC+놀리/VV+네/EF"
          },
          {
            "id": 28,
            "text": "2 : 웅웅 키키 난 안 해봤는데 친오빠가 저번에 알려줬엉 키키",
            "norm_text": "웅웅 키키 난 안 해봤는데 친오빠가 저번에 알려줬엉 키키",
            "speaker": {
              "id": "2번",
              "sex": "여성",
              "age": "20대"
            },
            "speechAct": "(단언) 진술하기",
            "morpheme": "웅웅/MAG+키/NNG+키/XSV+ETN+난/NP+JX+안/MAG+해/VV+EC+봤/VX+EP+는데/EC+친오빠/NNG+가/JKS+저번/NNG+에/JKB+알려/VV+EC+줬/VX+EP+엉/EC+키/NNG+키/XSV+ETN"
          },
          {
            "id": 29,
            "text": "3 : 키키 환승 어떻게 하는 거야?",
            "norm_text": "키키 환승 어떻게 하는 거야?",
            "speaker": {
              "id": "3번",
              "sex": "여성",
              "age": "20대"
            },
            "speechAct": "(지시) 질문하기",
            "morpheme": "키/NNG+키/NNG+환승/NNG+어떻게/MAG+하/VV+는/ETM+거/NNB+야/VCP+EF"
          },
          {
            "id": 30,
            "text": "3 : 안 해봤어",
            "norm_text": "안 해봤어",
            "speaker": {
              "id": "3번",
              "sex": "여성",
              "age": "20대"
            },
            "speechAct": "(단언) 진술하기",
            "morpheme": "안/MAG+해/VV+EC+봤/VX+EP+어/EC"
          },
          {
            "id": 31,
            "text": "1 : 그 어플로 인식이 되나?",
            "norm_text": "그 어플로 인식이 되나?",
            "speaker": {
              "id": "1번",
              "sex": "여성",
              "age": "20대"
            },
            "speechAct": "(지시) 질문하기",
            "morpheme": "그/IC+어/IC+플로/NNG+인식/NNG+이/JKS+되/VV+나/EF"
          },
          {
            "id": 32,
            "text": "1 : 진짜 궁금하다",
            "norm_text": "진짜 궁금하다",
            "speaker": {
              "id": "1번",
              "sex": "여성",
              "age": "20대"
            },
            "speechAct": "(단언) 주장하기",
            "morpheme": "진짜/MAG+궁금/XR+하/XSA+다/EC"
          },
          {
            "id": 33,
            "text": "2 : 어플로 뭐 사용 기록 보고 되는 거 아니야?",
            "norm_text": "어플로 뭐 사용 기록 보고 되는 거 아니야?",
            "speaker": {
              "id": "2번",
              "sex": "여성",
              "age": "20대"
            },
            "speechAct": "(지시) 질문하기",
            "morpheme": "어/IC+플/NNG+로/JKB+뭐/IC+사용/NNG+기록/NNG+보고/NNG+되/XSV+는/ETM+거/NNB+아니/VCN+야/EF"
          },
          {
            "id": 34,
            "text": "2 : 삼십 분 안에 타고 뭐 그런 것 같은데 나도 몰랑!",
            "norm_text": "삼십 분 안에 타고 뭐 그런 것 같은데 나도 몰랑!",
            "speaker": {
              "id": "2번",
              "sex": "여성",
              "age": "20대"
            },
            "speechAct": "(단언) 진술하기",
            "morpheme": "삼/NR+십/NR+분/NNBC+안/NNG+에/JKB+타/VV+고/EC+뭐/IC+그런/MM+것/NNB+같/VA+은데/EC+나/NP+도/JX+몰랑/NNG"
          },
          {
            "id": 35,
            "text": "3 : 나나야 근데 너는 면허 언제 딸 생각이야?",
            "norm_text": "나나야 근데 너는 면허 언제 딸 생각이야?",
            "speaker": {
              "id": "3번",
              "sex": "여성",
              "age": "20대"
            },
            "speechAct": "(지시) 질문하기",
            "morpheme": "나/NP+나/NP+야/VCP+EF+근데/MAJ+너/NP+는/JX+면허/NNG+언제/MAG+딸/NNG+생각/NNG+이/VCP+야/EF"
          },
          {
            "id": 36,
            "text": "1 : 나 따야 되는데 차도 없고 면허 학원도 비싸서 \n급하지가 않으니까 안 하게 돼 ㅜㅜ",
            "norm_text": "나 따야 되는데 차도 없고 면허 학원도 비싸서 \n급하지가 않으니까 안 하게 돼 ㅜㅜ",
            "speaker": {
              "id": "1번",
              "sex": "여성",
              "age": "20대"
            },
            "speechAct": "(단언) 주장하기",
            "morpheme": "나/NP+따/VV+야/EC+되/VV+는데/EC+차/NNG+도/JX+없/VA+고/EC+면허/NNG+학원/NNG+도/JX+비싸/VA+서/EC+급하/VA+지/EC+가/JX+않/VX+으니까/EC+안/MAG+하/VV+게/EC+돼/VV+EF+ㅜㅜ/UNKNOWN"
          },
          {
            "id": 37,
            "text": "2 : 맞아 맞아 근데 뭐 차 생길 때 되면 따자! 키키",
            "norm_text": "맞아 맞아 근데 뭐 차 생길 때 되면 따자! 키키",
            "speaker": {
              "id": "2번",
              "sex": "여성",
              "age": "20대"
            },
            "speechAct": "(지시) 충고/제안하기",
            "morpheme": "맞/VV+아/EC+맞/VV+아/EC+근데/MAJ+뭐/IC+차/NNG+생길/VV+ETM+때/NNG+되/XSV+면/EC+따/VV+자/EF+키/NNG+키/XSV+ETN"
          },
          {
            "id": 38,
            "text": "2 : 장롱 면허야 나도 구냥",
            "norm_text": "장롱 면허야 나도 구냥",
            "speaker": {
              "id": "2번",
              "sex": "여성",
              "age": "20대"
            },
            "speechAct": "(단언) 주장하기",
            "morpheme": "장롱면허/NNG+야/VCP+EF+나/NP+도/JX+구/NR+냥/NNBC"
          },
          {
            "id": 39,
            "text": "3 : 근데 도로 주행 할 때 뭔가 재밌당",
            "norm_text": "근데 도로 주행 할 때 뭔가 재밌당",
            "speaker": {
              "id": "3번",
              "sex": "여성",
              "age": "20대"
            },
            "speechAct": "(단언) 주장하기",
            "morpheme": "근데/MAJ+도로/NNG+주행/NNG+할/XSV+ETM+때/NNG+뭔가/NP+VCP+EC+재밌/VA+당/EF"
          },
          {
            "id": 40,
            "text": "3 : 신기했어 처음 겪는 느낌이니까 키키",
            "norm_text": "신기했어 처음 겪는 느낌이니까 키키",
            "speaker": {
              "id": "3번",
              "sex": "여성",
              "age": "20대"
            },
            "speechAct": "(단언) 주장하기",
            "morpheme": "신기/NNG+했/XSV+EP+어/EF+처음/MAG+겪/VV+는/ETM+느낌/NNG+이/VCP+니까/EC+키/NNG+키/XSV+ETN"
          },
          {
            "id": 41,
            "text": "1 : 그니까",
            "norm_text": "그니까",
            "speaker": {
              "id": "1번",
              "sex": "여성",
              "age": "20대"
            },
            "speechAct": "(단언) 주장하기",
            "morpheme": "그니까/MAJ"
          },
          {
            "id": 42,
            "text": "1 : 근데 지금 딸 시간도 없어~ㅜㅜ",
            "norm_text": "근데 지금 딸 시간도 없어~ㅜㅜ",
            "speaker": {
              "id": "1번",
              "sex": "여성",
              "age": "20대"
            },
            "speechAct": "(단언) 진술하기",
            "morpheme": "근데/MAJ+지금/MAG+딸/NNG+시간/NNG+도/JX+없/VA+어/EC+~/SY+ㅜㅜ/UNKNOWN"
          },
          {
            "id": 43,
            "text": "2 : 면허 딸 때 재밌어 키키",
            "norm_text": "면허 딸 때 재밌어 키키",
            "speaker": {
              "id": "2번",
              "sex": "여성",
              "age": "20대"
            },
            "speechAct": "(단언) 주장하기",
            "morpheme": "면허/NNG+딸/NNG+때/NNG+재밌/VA+어/EC+키/NNG+키/XSV+ETN"
          },
          {
            "id": 44,
            "text": "2 : 근데 지금은 기어도 다 까먹긴 했는데 1종 땄는데 그 중에서 점수 1등으로 땄졍",
            "norm_text": "근데 지금은 기어도 다 까먹긴 했는데 1종 땄는데 그 중에서 점수 1등으로 땄졍",
            "speaker": {
              "id": "2번",
              "sex": "여성",
              "age": "20대"
            },
            "speechAct": "(단언) 진술하기",
            "morpheme": "근데/MAJ+지금/MAG+은/JX+기어/NNG+도/JX+다/MAG+까먹/VV+긴/ETN+JX+했/VX+EP+는데/EC+1/SN+종/NNG+땄/VV+EP+는데/EC+그/MM+중/NNB+에서/JKB+점수/NNG+1/SN+등/NNBC+으로/JKB+땄/VV+EP+졍/NNG"
          },
          {
            "id": 45,
            "text": "2 : 잘했지?!",
            "norm_text": "잘했지?!",
            "speaker": {
              "id": "2번",
              "sex": "여성",
              "age": "20대"
            },
            "speechAct": "(지시) 질문하기",
            "morpheme": "잘/MAG+했/VV+EP+지/EC+?/SY"
          },
          {
            "id": 46,
            "text": "3 : 키키 우와 그거 원래 점수도 나왔나?",
            "norm_text": "키키 우와 그거 원래 점수도 나왔나?",
            "speaker": {
              "id": "3번",
              "sex": "여성",
              "age": "20대"
            },
            "speechAct": "(지시) 질문하기",
            "morpheme": "키/NNG+키우/NNP+와/JC+그거/NP+원래/MAG+점수/NNG+도/JX+나왔/VV+EP+나/EF"
          },
          {
            "id": 47,
            "text": "3 : 기억이 안나",
            "norm_text": "기억이 안나",
            "speaker": {
              "id": "3번",
              "sex": "여성",
              "age": "20대"
            },
            "speechAct": "(단언) 진술하기",
            "morpheme": "기억/NNG+이/JKS+안/MAG+나/VV+EC"
          },
          {
            "id": 48,
            "text": "1 : 점수 나오지 않아?",
            "norm_text": "점수 나오지 않아?",
            "speaker": {
              "id": "1번",
              "sex": "여성",
              "age": "20대"
            },
            "speechAct": "(지시) 질문하기",
            "morpheme": "점수/NNG+나오/VV+지/EC+않/VX+아/EF"
          },
          {
            "id": 49,
            "text": "1 : 점수로 깎으면서 합격 불합격 나뉘잖아?!",
            "norm_text": "점수로 깎으면서 합격 불합격 나뉘잖아?!",
            "speaker": {
              "id": "1번",
              "sex": "여성",
              "age": "20대"
            },
            "speechAct": "(단언) 진술하기",
            "morpheme": "점수/NNG+로/JKB+깎/VV+으면서/EC+합격/NNG+불합격/NNG+나뉘/VV+잖아/EC+?/SY"
          },
          {
            "id": 50,
            "text": "2 : 몰라 그냥 아저씨가 말해줬졍 키키",
            "norm_text": "몰라 그냥 아저씨가 말해줬졍 키키",
            "speaker": {
              "id": "2번",
              "sex": "여성",
              "age": "20대"
            },
            "speechAct": "(단언) 진술하기",
            "morpheme": "몰라/VV+EC+그냥/MAG+아저씨/NNG+가/JKS+말/NNG+해/XSV+EC+줬/VX+EP+졍/NNG+키/NNG+키/XSV+ETN"
          },
          {
            "id": 51,
            "text": "3 : 키키 몰라 나도 기억이 안 나",
            "norm_text": "키키 몰라 나도 기억이 안 나",
            "speaker": {
              "id": "3번",
              "sex": "여성",
              "age": "20대"
            },
            "speechAct": "(단언) 진술하기",
            "morpheme": "키/NNG+키/XSV+ETN+몰라/VV+EF+나/NP+도/JX+기억/NNG+이/JKS+안/MAG+나/VV+EC"
          },
          {
            "id": 52,
            "text": "3 : 쨌든 난 합격이다",
            "norm_text": "쨌든 난 합격이다",
            "speaker": {
              "id": "3번",
              "sex": "여성",
              "age": "20대"
            },
            "speechAct": "(단언) 진술하기",
            "morpheme": "쨌/VV+EP+든/EC+난/VX+ETM+합격/NNG+이/VCP+다/EC"
          },
          {
            "id": 53,
            "text": "3 : 메롱 메롱",
            "norm_text": "메롱 메롱",
            "speaker": {
              "id": "3번",
              "sex": "여성",
              "age": "20대"
            },
            "speechAct": "(단언) 주장하기",
            "morpheme": "메롱/IC+메롱/IC"
          }
        ]
      }
    }
  ]
}