{
  "dataset": {
    "identifier": 68148,
    "name": "BAND_36_03_set",
    "src_path": "/data/file/cubeManager/PROJECT001/53/txt20211006142823062469/BAND_36_03_set/",
    "label_path": "/data/file/cubeManager/PROJECT001/53/txt20211006142823062469/BAND_36_03_set/",
    "category": 2,
    "type": 0
  },
  "licenses": {
    "name": "Apache License 1.0",
    "url": "http://www.apache.org/licenses/LICENSE-1.0"
  },
  "info": [
    {
      "id": 45655,
      "filename": "BAND_36_03.txt",
      "title": "BAND_36_03",
      "mediatype": "SNS",
      "medianame": "네이버밴드",
      "category": "일상대화",
      "date": "2021-10-06",
      "size": 1267,
      "annotations": {
        "subject": "교통",
        "speaker_type": "다자간 대화",
        "size": 1267,
        "word_size": 401,
        "text": "1 : 비행기 타는 거 좋아해?\n1 : 무서워 하는 사람 있어?\n2 : 나 별로 안 좋아해...  그 뜨는 느낌이 싫어서~ 그래서 다른 교통 수단이 있다면 그걸 이용하는 편 키키\n2 : 비행기 타는 거 좋아하는 사람도 있던데~ ㅠㅠ\n3 : 나는 옛날에는 비행기 무서워 했는데 하도 타서 이제는 그냥 그러려니 해 키키 요즘에는 타고 싶다 ㅠㅠ\n1 : 나는 크게 무서워하진 않아 비행기 타러 공항 갈 때 기분이 넘 좋아...\n1 : 비행기도 비행 시간 너무 길지만 않으면 좋아하는 편!\n2 : 난 공항까지만 딱 좋아 키키\n2 : 나 케이블카 요런 것도 별로 안 좋아해\n3 : 혹시 비행기 놓쳐보거나 결항된 적 있었어?\n1 : 아니 나는 지연된 적은 있어도 그런 적은 한 번도 없어! 언니는?\n2 : 내 뒤로 결항된 적은 있어 키키\n2 : 제주도에서 태풍 때문에 겨우 빠져 나왔어\n3 : 아 맞네 제주도가 날씨 때문에 결항이 잘 되지...\n3 : 난 비자 문제 생겼어서  비행기 못 탄 적 있어 키키\n1 : 으악 어케 했어 그러면? 다시 비자 문제 해결하고 비행기 끊어서 가야 하는 건가?\n2 : 진짜 어떻게 했어? 스케줄 다 있었을 텐데 진짜 당황했겠다\n3 : 응응 다행히 바로 비자 문제는 해결돼서 내가 못 탄 한 자리는 다른 분이 타시고 나는 다음날에 새벽에 공항 가서 계속 기다렸다가 또 빈자리 날 때까지 대기 하다가 자리 났다고 해서 겨우 비행기 탐 ㅠㅠ\n1 : 에고... 그래도 바로 해결되긴 했네! 기다리는 게 힘들었겠다 ㅠㅠ\n2 : 학교 문제까지 걸려 있던 거면 진짜 마음 고생했겠다\n3 : 그때 개학 하기 한 3일 전에 가려는 거였어서 더 쫄렸다 ㅠㅠ\n1 : 헉 키키 그래도 잘 해결돼서 다행이당 나는 비행기보다는 배가 더 무서운 거 같애\n2 : 그건 그래~ 배는 진짜 문제 생기면 답이 없다...\n3 : 으 맞아... 근데 나는 배 거의 타 본 기억이 없어\n3 : 제주도로 수학여행 갔을 때 배 탔던 게 마지막이네\n1 : 아 진짜? 배타고 갔었구나 나는 그렇게 오래 타본 적도 없긴 해... 걍 잠깐 잠깐 타는 것만 타봐도 무서워쓰 ㅠㅠ\n2 : 부모님이랑 친구 분들은 크루즈도 많이들 가시던데~\n2 : 막상 타 보면 배가 커서 여기가 육지인지 바다 위인지 모른대~ 잘 때 잠깐 잠깐 빼고는\n3 : 아 갈 때는 비행기 탔는데 제주도에서 배 타고 그냥 바다 구경했었어 어디였는지는 기억이 안 나네 키키\n1 : 아아~ 울릉도도 배 타고 가잖아 한 번 가보고 싶기는 한뎅\n2 : 울릉도 헬리콥터로 가는 것도 한다고 했었는데 코로나 때문에 아직 못하나?\n3 : 와 첨 들어 봤어 그것도 거리 두기 지키면 괜찮을지도?",
        "lines": [
          {
            "id": 1,
            "text": "1 : 비행기 타는 거 좋아해?",
            "norm_text": "비행기 타는 거 좋아해?",
            "speaker": {
              "id": "1번",
              "sex": "여성",
              "age": "20대"
            },
            "speechAct": "(지시) 질문하기",
            "morpheme": "비행기/NNG+타/VV+는/ETM+거/NNB+좋/VA+아/EC+해/VX+EF"
          },
          {
            "id": 2,
            "text": "1 : 무서워 하는 사람 있어?",
            "norm_text": "무서워 하는 사람 있어?",
            "speaker": {
              "id": "1번",
              "sex": "여성",
              "age": "20대"
            },
            "speechAct": "(지시) 질문하기",
            "morpheme": "무서워/VA+EC+하/VV+는/ETM+사람/NNG+있/VA+어/EF"
          },
          {
            "id": 3,
            "text": "2 : 나 별로 안 좋아해...  그 뜨는 느낌이 싫어서~ 그래서 다른 교통 수단이 있다면 그걸 이용하는 편 키키",
            "norm_text": "나 별로 안 좋아해...  그 뜨는 느낌이 싫어서~ 그래서 다른 교통 수단이 있다면 그걸 이용하는 편 키키",
            "speaker": {
              "id": "2번",
              "sex": "여성",
              "age": "30대"
            },
            "speechAct": "(단언) 주장하기",
            "morpheme": "나/NP+별로/MAG+안/MAG+좋/VA+아/EC+해/VX+EF+./SY+그/IC+뜨/VV+는/ETM+느낌/NNG+이/JKS+싫/VA+어서/EC+~/SY+그래서/MAJ+다른/MM+교통수단/NNG+이/JKS+있/VV+다면/EC+그걸/NP+JKO+이용/NNG+하/XSV+는/ETM+편/NNB+키/NNG+키/XSV+ETN"
          },
          {
            "id": 4,
            "text": "2 : 비행기 타는 거 좋아하는 사람도 있던데~ ㅠㅠ",
            "norm_text": "비행기 타는 거 좋아하는 사람도 있던데~ ㅠㅠ",
            "speaker": {
              "id": "2번",
              "sex": "여성",
              "age": "30대"
            },
            "speechAct": "(단언) 진술하기",
            "morpheme": "비행기/NNG+타/VV+는/ETM+거/NNB+좋/VA+아/EC+하/VV+는/ETM+사람/NNG+도/JX+있/VA+던데/EC+~/SY+ㅠㅠ/UNKNOWN"
          },
          {
            "id": 5,
            "text": "3 : 나는 옛날에는 비행기 무서워 했는데 하도 타서 이제는 그냥 그러려니 해 키키 요즘에는 타고 싶다 ㅠㅠ",
            "norm_text": "나는 옛날에는 비행기 무서워 했는데 하도 타서 이제는 그냥 그러려니 해 키키 요즘에는 타고 싶다 ㅠㅠ",
            "speaker": {
              "id": "3번",
              "sex": "여성",
              "age": "20대"
            },
            "speechAct": "(단언) 주장하기",
            "morpheme": "나/NP+는/JX+옛날/NNG+에/JKB+는/JX+비행기/NNG+무서워했/VV+EP+는데/EC+하도/MAG+타/VV+서/EC+이제/NNG+는/JX+그냥/MAG+그러/VV+려니/EC+해/VV+EC+키/NNG+키/NNG+요즘/NNG+에/JKB+는/JX+타/VV+고/EC+싶/VX+다/EF+ㅠㅠ/UNKNOWN"
          },
          {
            "id": 6,
            "text": "1 : 나는 크게 무서워하진 않아 비행기 타러 공항 갈 때 기분이 넘 좋아...",
            "norm_text": "나는 크게 무서워하진 않아 비행기 타러 공항 갈 때 기분이 넘 좋아...",
            "speaker": {
              "id": "1번",
              "sex": "여성",
              "age": "20대"
            },
            "speechAct": "(단언) 주장하기",
            "morpheme": "나는크게무서워하진않아비행기타러공항갈때기분이넘좋아/UNKNOWN+./SY"
          },
          {
            "id": 7,
            "text": "1 : 비행기도 비행 시간 너무 길지만 않으면 좋아하는 편!",
            "norm_text": "비행기도 비행 시간 너무 길지만 않으면 좋아하는 편!",
            "speaker": {
              "id": "1번",
              "sex": "여성",
              "age": "20대"
            },
            "speechAct": "(단언) 주장하기",
            "morpheme": "비행기/NNG+도/JX+비행/NNG+시간/NNG+너무/MAG+길/VA+지만/EC+않/VX+으면/EC+좋/VA+아/EC+하/VV+는/ETM+편/NNB"
          },
          {
            "id": 8,
            "text": "2 : 난 공항까지만 딱 좋아 키키",
            "norm_text": "난 공항까지만 딱 좋아 키키",
            "speaker": {
              "id": "2번",
              "sex": "여성",
              "age": "30대"
            },
            "speechAct": "(단언) 주장하기",
            "morpheme": "난/NP+JX+공항/NNG+까지/JX+만/JX+딱/MAG+좋/VA+아/EC+키/NNG+키/XSV+ETN"
          },
          {
            "id": 9,
            "text": "2 : 나 케이블카 요런 것도 별로 안 좋아해",
            "norm_text": "나 케이블카 요런 것도 별로 안 좋아해",
            "speaker": {
              "id": "2번",
              "sex": "여성",
              "age": "30대"
            },
            "speechAct": "(단언) 주장하기",
            "morpheme": "나/NP+케이블카/NNG+요런/MM+것/NNB+도/JX+별로/MAG+안/MAG+좋아해/VV+EC"
          },
          {
            "id": 10,
            "text": "3 : 혹시 비행기 놓쳐보거나 결항된 적 있었어?",
            "norm_text": "혹시 비행기 놓쳐보거나 결항된 적 있었어?",
            "speaker": {
              "id": "3번",
              "sex": "여성",
              "age": "20대"
            },
            "speechAct": "(지시) 질문하기",
            "morpheme": "혹시/MAG+비행기/NNG+놓쳐/VV+EC+보/VX+거나/EC+결항/NNG+된/XSV+ETM+적/NNB+있/VA+었/EP+어/EF"
          },
          {
            "id": 11,
            "text": "1 : 아니 나는 지연된 적은 있어도 그런 적은 한 번도 없어! 언니는?",
            "norm_text": "아니 나는 지연된 적은 있어도 그런 적은 한 번도 없어! 언니는?",
            "speaker": {
              "id": "1번",
              "sex": "여성",
              "age": "20대"
            },
            "speechAct": "(지시) 질문하기",
            "morpheme": "아니/IC+나/NP+는/JX+지연/NNG+된/XSV+ETM+적/NNB+은/JX+있/VA+어도/EC+그런/MM+적/VA+은/ETM+한/MM+번/NNBC+도/JX+없/VA+어/EF+언니/NNG+는/JX"
          },
          {
            "id": 12,
            "text": "2 : 내 뒤로 결항된 적은 있어 키키",
            "norm_text": "내 뒤로 결항된 적은 있어 키키",
            "speaker": {
              "id": "2번",
              "sex": "여성",
              "age": "30대"
            },
            "speechAct": "(단언) 진술하기",
            "morpheme": "내/NP+JKG+뒤/NNG+로/JKB+결항/NNG+된/XSV+ETM+적/NNB+은/JX+있/VA+어/EC+키/NNG+키/XSV+ETN"
          },
          {
            "id": 13,
            "text": "2 : 제주도에서 태풍 때문에 겨우 빠져 나왔어",
            "norm_text": "제주도에서 태풍 때문에 겨우 빠져 나왔어",
            "speaker": {
              "id": "2번",
              "sex": "여성",
              "age": "30대"
            },
            "speechAct": "(단언) 진술하기",
            "morpheme": "제주도/NNP+에서/JKB+태풍/NNG+때문/NNB+에/JKB+겨우/MAG+빠져나왔/VV+EP+어/EC"
          },
          {
            "id": 14,
            "text": "3 : 아 맞네 제주도가 날씨 때문에 결항이 잘 되지...",
            "norm_text": "아 맞네 제주도가 날씨 때문에 결항이 잘 되지...",
            "speaker": {
              "id": "3번",
              "sex": "여성",
              "age": "20대"
            },
            "speechAct": "(단언) 주장하기",
            "morpheme": "아/IC+맞/VV+네/EF+제주도/NNP+가/JKS+날씨/NNG+때문/NNB+에/JKB+결항/NNG+이/JKS+잘/MAG+되/VV+지/EF+./SY"
          },
          {
            "id": 15,
            "text": "3 : 난 비자 문제 생겼어서  비행기 못 탄 적 있어 키키",
            "norm_text": "난 비자 문제 생겼어서  비행기 못 탄 적 있어 키키",
            "speaker": {
              "id": "3번",
              "sex": "여성",
              "age": "20대"
            },
            "speechAct": "(단언) 진술하기",
            "morpheme": "난/NP+JX+비자/NNG+문제/NNG+생겼/VV+EP+어서/EC+비행기/NNG+못/MAG+탄/VV+ETM+적/NNB+있/VA+어/EC+키/NNG+키/XSV+ETN"
          },
          {
            "id": 16,
            "text": "1 : 으악 어케 했어 그러면? 다시 비자 문제 해결하고 비행기 끊어서 가야 하는 건가?",
            "norm_text": "으악 어케 했어 그러면? 다시 비자 문제 해결하고 비행기 끊어서 가야 하는 건가?",
            "speaker": {
              "id": "1번",
              "sex": "여성",
              "age": "20대"
            },
            "speechAct": "(지시) 질문하기",
            "morpheme": "으/IC+악어/NNG+케/XSV+EC+했/VX+EP+어/EF+그러면/MAJ+다시/MAG+비자/NNG+문제/NNG+해결/NNG+하/XSV+고/EC+비행기/NNG+끊/VV+어서/EC+가/VX+야/EC+하/VV+는/ETM+건가/NNB+VCP+EF"
          },
          {
            "id": 17,
            "text": "2 : 진짜 어떻게 했어? 스케줄 다 있었을 텐데 진짜 당황했겠다",
            "norm_text": "진짜 어떻게 했어? 스케줄 다 있었을 텐데 진짜 당황했겠다",
            "speaker": {
              "id": "2번",
              "sex": "여성",
              "age": "30대"
            },
            "speechAct": "(지시) 질문하기",
            "morpheme": "진짜/MAG+어떻/VA+게/EC+했/VX+EP+어/EF+스케줄/NNG+다/MAG+있/VA+었/EP+을/ETM+텐데/NNB+VCP+EC+진짜/MAG+당황/NNG+했/XSV+EP+겠/EP+다/EC"
          },
          {
            "id": 18,
            "text": "3 : 응응 다행히 바로 비자 문제는 해결돼서 내가 못 탄 한 자리는 다른 분이 타시고 나는 다음날에 새벽에 공항 가서 계속 기다렸다가 또 빈자리 날 때까지 대기 하다가 자리 났다고 해서 겨우 비행기 탐 ㅠㅠ",
            "norm_text": "응응 다행히 바로 비자 문제는 해결돼서 내가 못 탄 한 자리는 다른 분이 타시고 나는 다음날에 새벽에 공항 가서 계속 기다렸다가 또 빈자리 날 때까지 대기 하다가 자리 났다고 해서 겨우 비행기 탐 ㅠㅠ",
            "speaker": {
              "id": "3번",
              "sex": "여성",
              "age": "20대"
            },
            "speechAct": "(단언) 진술하기",
            "morpheme": "응/IC+응/IC+다행히/MAG+바로/MAG+비자/NNG+문제/NNG+는/JX+해결/NNG+돼서/XSV+EC+내/NP+가/JKS+못/MAG+탄한/VV+ETM+자리/NNG+는/JX+다른/MM+분/NNB+이/JKS+타/VV+시/EP+고/EC+나/NP+는/JX+다음/NNG+날/NNG+에/JKB+새벽/NNG+에/JKB+공항/NNG+가/VV+서/EC+계속/MAG+기다렸/VV+EP+다가/EC+또/MAG+빈자리/NNG+날/NNG+때/NNG+까지/JX+대기/NNG+하/XSV+다가/EC+자리/NNG+났/VV+EP+다고/EC+해서/VV+EC+겨우/MAG+비행기/NNG+탐/NNG+ㅠㅠ/UNKNOWN"
          },
          {
            "id": 19,
            "text": "1 : 에고... 그래도 바로 해결되긴 했네! 기다리는 게 힘들었겠다 ㅠㅠ",
            "norm_text": "에고... 그래도 바로 해결되긴 했네! 기다리는 게 힘들었겠다 ㅠㅠ",
            "speaker": {
              "id": "1번",
              "sex": "여성",
              "age": "20대"
            },
            "speechAct": "(단언) 주장하기",
            "morpheme": "에고/IC+./SY+그래도/MAJ+바로/MAG+해결/NNG+되/XSV+긴/ETN+JX+했/VX+EP+네/EF+기다리/VV+는/ETM+게/NNB+JKS+힘들/VA+었/EP+겠/EP+다/EF+ㅠㅠ/UNKNOWN"
          },
          {
            "id": 20,
            "text": "2 : 학교 문제까지 걸려 있던 거면 진짜 마음 고생했겠다",
            "norm_text": "학교 문제까지 걸려 있던 거면 진짜 마음 고생했겠다",
            "speaker": {
              "id": "2번",
              "sex": "여성",
              "age": "30대"
            },
            "speechAct": "(단언) 주장하기",
            "morpheme": "학교/NNG+문제/NNG+까지/JX+걸려/VV+EC+있/VX+던/ETM+거/NNB+면/VCP+EC+진짜/MAG+마음고생/NNG+했/XSV+EP+겠/EP+다/EC"
          },
          {
            "id": 21,
            "text": "3 : 그때 개학 하기 한 3일 전에 가려는 거였어서 더 쫄렸다 ㅠㅠ",
            "norm_text": "그때 개학 하기 한 3일 전에 가려는 거였어서 더 쫄렸다 ㅠㅠ",
            "speaker": {
              "id": "3번",
              "sex": "여성",
              "age": "20대"
            },
            "speechAct": "(단언) 주장하기",
            "morpheme": "그때/NNG+개학/NNG+하/XSV+기/ETN+한/XSA+ETM+3/SN+일전에가려는거였어서더쫄렸다ㅠㅠ/UNKNOWN"
          },
          {
            "id": 22,
            "text": "1 : 헉 키키 그래도 잘 해결돼서 다행이당 나는 비행기보다는 배가 더 무서운 거 같애",
            "norm_text": "헉 키키 그래도 잘 해결돼서 다행이당 나는 비행기보다는 배가 더 무서운 거 같애",
            "speaker": {
              "id": "1번",
              "sex": "여성",
              "age": "20대"
            },
            "speechAct": "(단언) 주장하기",
            "morpheme": "헉/IC+키/NNG+키/XSV+ETN+그래도/MAJ+잘/MAG+해결/NNG+돼서/XSV+EC+다행/NNG+이/VCP+당/EF+나/NP+는/JX+비행기/NNG+보다/JKB+는/JX+배/NNG+가/JKS+더/MAG+무서운/VA+ETM+거/NNB+같/VA+애/EC"
          },
          {
            "id": 23,
            "text": "2 : 그건 그래~ 배는 진짜 문제 생기면 답이 없다...",
            "norm_text": "그건 그래~ 배는 진짜 문제 생기면 답이 없다...",
            "speaker": {
              "id": "2번",
              "sex": "여성",
              "age": "30대"
            },
            "speechAct": "(단언) 주장하기",
            "morpheme": "그건/NP+JX+그래/VA+EC+~/SY+배/NNG+는/JX+진짜/MAG+문제/NNG+생기/VV+면/EC+답/NNG+이/JKS+없/VA+다/EF+./SY"
          },
          {
            "id": 24,
            "text": "3 : 으 맞아... 근데 나는 배 거의 타 본 기억이 없어",
            "norm_text": "으 맞아... 근데 나는 배 거의 타 본 기억이 없어",
            "speaker": {
              "id": "3번",
              "sex": "여성",
              "age": "20대"
            },
            "speechAct": "(단언) 주장하기",
            "morpheme": "으/IC+맞/VV+아/EF+./SY+근데/MAJ+나/NP+는/JX+배/NNG+거의/MAG+타/VV+본/EC+VX+ETM+기억/NNG+이/JKS+없/VA+어/EC"
          },
          {
            "id": 25,
            "text": "3 : 제주도로 수학여행 갔을 때 배 탔던 게 마지막이네",
            "norm_text": "제주도로 수학여행 갔을 때 배 탔던 게 마지막이네",
            "speaker": {
              "id": "3번",
              "sex": "여성",
              "age": "20대"
            },
            "speechAct": "(단언) 진술하기",
            "morpheme": "제주도/NNP+로/JKB+수학여행/NNG+갔/VV+EP+을/ETM+때/NNG+배/NNG+탔/VV+EP+던/ETM+게/NNB+JKS+마지막/NNG+이/VCP+네/EC"
          },
          {
            "id": 26,
            "text": "1 : 아 진짜? 배타고 갔었구나 나는 그렇게 오래 타본 적도 없긴 해... 걍 잠깐 잠깐 타는 것만 타봐도 무서워쓰 ㅠㅠ",
            "norm_text": "아 진짜? 배타고 갔었구나 나는 그렇게 오래 타본 적도 없긴 해... 걍 잠깐 잠깐 타는 것만 타봐도 무서워쓰 ㅠㅠ",
            "speaker": {
              "id": "1번",
              "sex": "여성",
              "age": "20대"
            },
            "speechAct": "(단언) 주장하기",
            "morpheme": "아/IC+진짜/MAG+배/NNG+타/VV+고/EC+갔었/VV+EP+구나/EF+나/NP+는/JX+그렇게/MAG+오래/MAG+타/VV+본/EC+VX+ETM+적/NNB+도/JX+없/VA+긴/ETN+JX+해/VX+EF+./SY+걍잠깐잠깐타는것만타봐도무서워쓰ㅠㅠ/UNKNOWN"
          },
          {
            "id": 27,
            "text": "2 : 부모님이랑 친구 분들은 크루즈도 많이들 가시던데~",
            "norm_text": "부모님이랑 친구 분들은 크루즈도 많이들 가시던데~",
            "speaker": {
              "id": "2번",
              "sex": "여성",
              "age": "30대"
            },
            "speechAct": "(단언) 진술하기",
            "morpheme": "부모/NNG+님/XSN+이랑/JKB+친구/NNG+분/NNB+들/XSN+은/JX+크루즈/NNP+도/JX+많이/MAG+들/XSN+가/VV+시/EP+던데/EC+~/SY"
          },
          {
            "id": 28,
            "text": "2 : 막상 타 보면 배가 커서 여기가 육지인지 바다 위인지 모른대~ 잘 때 잠깐 잠깐 빼고는",
            "norm_text": "막상 타 보면 배가 커서 여기가 육지인지 바다 위인지 모른대~ 잘 때 잠깐 잠깐 빼고는",
            "speaker": {
              "id": "2번",
              "sex": "여성",
              "age": "30대"
            },
            "speechAct": "(단언) 진술하기",
            "morpheme": "막상/MAG+타보/NNG+면배/NNG+가/JKS+커서/VV+EC+여기/NP+가/JKS+육지/NNG+인지/VCP+EC+바다/NNG+위/NNG+인지/VCP+EC+모른대/VV+EC+~/SY+잘/MAG+때/NNG+잠깐/MAG+잠깐/MAG+빼/VV+고는/EC"
          },
          {
            "id": 29,
            "text": "3 : 아 갈 때는 비행기 탔는데 제주도에서 배 타고 그냥 바다 구경했었어 어디였는지는 기억이 안 나네 키키",
            "norm_text": "아 갈 때는 비행기 탔는데 제주도에서 배 타고 그냥 바다 구경했었어 어디였는지는 기억이 안 나네 키키",
            "speaker": {
              "id": "3번",
              "sex": "여성",
              "age": "20대"
            },
            "speechAct": "(단언) 진술하기",
            "morpheme": "아/IC+갈/VV+ETM+때/NNG+는/JX+비행기/NNG+탔/VV+EP+는데/EC+제주도/NNP+에서/JKB+배/NNG+타/VV+고/EC+그냥/MAG+바다/NNG+구경/NNG+했었/XSV+EP+어/EF+어디/NP+였/VCP+EP+는지/EC+는/JX+기억/NNG+이/JKS+안/MAG+나/NP+네/XSN+키/NNG+키/XSV+ETN"
          },
          {
            "id": 30,
            "text": "1 : 아아~ 울릉도도 배 타고 가잖아 한 번 가보고 싶기는 한뎅",
            "norm_text": "아아~ 울릉도도 배 타고 가잖아 한 번 가보고 싶기는 한뎅",
            "speaker": {
              "id": "1번",
              "sex": "여성",
              "age": "20대"
            },
            "speechAct": "(단언) 주장하기",
            "morpheme": "아아/NNG+~/SY+울릉도도배타고가잖아한번가보고싶기는한뎅/UNKNOWN"
          },
          {
            "id": 31,
            "text": "2 : 울릉도 헬리콥터로 가는 것도 한다고 했었는데 코로나 때문에 아직 못하나?",
            "norm_text": "울릉도 헬리콥터로 가는 것도 한다고 했었는데 코로나 때문에 아직 못하나?",
            "speaker": {
              "id": "2번",
              "sex": "여성",
              "age": "30대"
            },
            "speechAct": "(지시) 질문하기",
            "morpheme": "울릉도/NNP+헬리콥터/NNG+로/JKB+가/VV+는/ETM+것/NNB+도/JX+한다고/VV+EC+했었/VX+EP+는데/EC+코로나/NNG+때문/NNB+에/JKB+아직/MAG+못/MAG+하/VV+나/EF"
          },
          {
            "id": 32,
            "text": "3 : 와 첨 들어 봤어 그것도 거리 두기 지키면 괜찮을지도?",
            "norm_text": "와 첨 들어 봤어 그것도 거리 두기 지키면 괜찮을지도?",
            "speaker": {
              "id": "3번",
              "sex": "여성",
              "age": "20대"
            },
            "speechAct": "(단언) 주장하기",
            "morpheme": "와/IC+첨/MAG+들/VV+어/EC+봤/VX+EP+어/EF+그것/NP+도/JX+거리/NNG+두/JX+기/ETN+지키/VV+면/EC+괜찮/VA+을지/EC+도/JX"
          }
        ]
      }
    }
  ]
}