{
  "dataset": {
    "identifier": 122365,
    "name": "BAND_45_13_set",
    "src_path": "/data/file/cubeManager/PROJECT001/80/txt20211103154613077440/BAND_45_13_set/",
    "label_path": "/data/file/cubeManager/PROJECT001/80/txt20211103154613077440/BAND_45_13_set/",
    "category": 2,
    "type": 0
  },
  "licenses": {
    "name": "Apache License 1.0",
    "url": "http://www.apache.org/licenses/LICENSE-1.0"
  },
  "info": [
    {
      "id": 135508,
      "filename": "BAND_45_13.txt",
      "title": "BAND_45_13",
      "mediatype": "SNS",
      "medianame": "네이버밴드",
      "category": "일상대화",
      "date": "2021-11-03",
      "size": 518,
      "annotations": {
        "subject": "계절/날씨",
        "speaker_type": "다자간 대화",
        "size": 518,
        "word_size": 180,
        "text": "1 : 이번 여름에 물놀이 다녀왔어?\n2 : 아니\n2 : 나는 몸 젖는 거 별로 안 좋아해서 안 갔어 키키\n3 : 아니\n3 : 군대에 있어서 못 갔어  ㅠㅜ\n1 : 아 이런 ㅠㅠ\n1 : 난 다 다녀온 줄\n2 : 그래도 물놀이 구경하는 건 재밌지 키키\n2 : 나도 뭐 하고 싶으면 그냥 튜브에 타서 둥둥 떠다니고만 있고 키키\n3 : 내년에는 꼭 갈 거야... 물놀이...\n1 : 난 이번에 풀빌라로 다녀왔어\n2 : 오오 풀빌라 괜찮지!\n2 : 재밌었겠다\n3 : 근데 풀빌라 비싸잖아\n3 : 아니야?\n1 : 웅 코로나 때문에 신경 쓰여서 그냥 더 주고 다녀왔어\n2 : 맞어\n2 : 목숨 걸고 놀빠에 돈 더 주고 안전하게 갔다 오는 게 낫지 키키\n3 : 호캉스도 유행이라는데 호캉스는 어때\n1 : 확실히 우리끼리 있으니깐 더 재밌었어 키키\n2 : 그치\n2 : 놀러 갔는데 사람 미어터지면 놀기 싫어지지\n3 : 사람 많으면 놀기 싫지\n1 : 또 놀러 가고 싶다 키키 꿀잼이었는데\n2 : 나는 겨울에 스키장! 키키\n2 : 여름은 싫어\n3 : 맞아\n3 : 사실 여름보다 겨울이 더 조아",
        "lines": [
          {
            "id": 1,
            "text": "1 : 이번 여름에 물놀이 다녀왔어?",
            "norm_text": "이번 여름에 물놀이 다녀왔어?",
            "speaker": {
              "id": "1번",
              "sex": "여성",
              "age": "20대"
            },
            "speechAct": "(지시) 질문하기",
            "morpheme": "이번/NNG+여름/NNG+에/JKB+물놀/NNG+이/JKS+다녀왔/VV+EP+어/EF"
          },
          {
            "id": 2,
            "text": "2 : 아니",
            "norm_text": "아니",
            "speaker": {
              "id": "2번",
              "sex": "남성",
              "age": "20대"
            },
            "speechAct": "(단언) 주장하기",
            "morpheme": "아니/IC"
          },
          {
            "id": 3,
            "text": "2 : 나는 몸 젖는 거 별로 안 좋아해서 안 갔어 키키",
            "norm_text": "나는 몸 젖는 거 별로 안 좋아해서 안 갔어 키키",
            "speaker": {
              "id": "2번",
              "sex": "남성",
              "age": "20대"
            },
            "speechAct": "(단언) 주장하기",
            "morpheme": "나/NP+는/JX+몸/NNG+젖/VV+는/ETM+거/NNB+별로/MAG+안/MAG+좋/VA+아/EC+해서/VV+EC+안/MAG+갔/VV+EP+어/EC+키/NNG+키/XSV+ETN"
          },
          {
            "id": 4,
            "text": "3 : 아니",
            "norm_text": "아니",
            "speaker": {
              "id": "3번",
              "sex": "남성",
              "age": "20대"
            },
            "speechAct": "(단언) 주장하기",
            "morpheme": "아니/IC"
          },
          {
            "id": 5,
            "text": "3 : 군대에 있어서 못 갔어  ㅠㅜ",
            "norm_text": "군대에 있어서 못 갔어  ㅠㅜ",
            "speaker": {
              "id": "3번",
              "sex": "남성",
              "age": "20대"
            },
            "speechAct": "(단언) 주장하기",
            "morpheme": "군대/NNG+에/JKB+있/VV+어서/EC+못/MAG+갔/VV+EP+어/EF+ㅠㅜ/UNKNOWN"
          },
          {
            "id": 6,
            "text": "1 : 아 이런 ㅠㅠ",
            "norm_text": "아 이런 ㅠㅠ",
            "speaker": {
              "id": "1번",
              "sex": "여성",
              "age": "20대"
            },
            "speechAct": "(단언) 주장하기",
            "morpheme": "아이런ㅠㅠ/UNKNOWN"
          },
          {
            "id": 7,
            "text": "1 : 난 다 다녀온 줄",
            "norm_text": "난 다 다녀온 줄",
            "speaker": {
              "id": "1번",
              "sex": "여성",
              "age": "20대"
            },
            "speechAct": "(단언) 주장하기",
            "morpheme": "난/NP+JX+다/MAG+다녀온/VV+ETM+줄/NNB"
          },
          {
            "id": 8,
            "text": "2 : 그래도 물놀이 구경하는 건 재밌지 키키",
            "norm_text": "그래도 물놀이 구경하는 건 재밌지 키키",
            "speaker": {
              "id": "2번",
              "sex": "남성",
              "age": "20대"
            },
            "speechAct": "(단언) 주장하기",
            "morpheme": "그래도/MAJ+물놀/NNG+이/JKS+구경/NNG+하/XSV+는/ETM+건/NNB+JX+재밌/VA+지/EC+키/NNG+키/XSV+ETN"
          },
          {
            "id": 9,
            "text": "2 : 나도 뭐 하고 싶으면 그냥 튜브에 타서 둥둥 떠다니고만 있고 키키",
            "norm_text": "나도 뭐 하고 싶으면 그냥 튜브에 타서 둥둥 떠다니고만 있고 키키",
            "speaker": {
              "id": "2번",
              "sex": "남성",
              "age": "20대"
            },
            "speechAct": "(단언) 주장하기",
            "morpheme": "나/NP+도/JX+뭐/IC+하/VV+고/EC+싶/VX+으면/EC+그냥/MAG+튜브/NNG+에/JKB+타/VV+서/EC+둥둥/MAG+떠다니/VV+고/EC+만/JX+있/VX+고/EC+키/NNG+키/XSV+ETN"
          },
          {
            "id": 10,
            "text": "3 : 내년에는 꼭 갈 거야... 물놀이...",
            "norm_text": "내년에는 꼭 갈 거야... 물놀이...",
            "speaker": {
              "id": "3번",
              "sex": "남성",
              "age": "20대"
            },
            "speechAct": "(단언) 주장하기",
            "morpheme": "내년/NNG+에/JKB+는/JX+꼭/MAG+갈/VV+ETM+거/NNB+야/VCP+EF+./SY+물놀/NNG+이/JKS+./SY+./SY"
          },
          {
            "id": 11,
            "text": "1 : 난 이번에 풀빌라로 다녀왔어",
            "norm_text": "난 이번에 풀빌라로 다녀왔어",
            "speaker": {
              "id": "1번",
              "sex": "여성",
              "age": "20대"
            },
            "speechAct": "(단언) 진술하기",
            "morpheme": "난/NP+JX+이번/NNG+에/JKB+풀/VV+ETM+빌라/NNG+로/JKB+다녀왔/VV+EP+어/EC"
          },
          {
            "id": 12,
            "text": "2 : 오오 풀빌라 괜찮지!",
            "norm_text": "오오 풀빌라 괜찮지!",
            "speaker": {
              "id": "2번",
              "sex": "남성",
              "age": "20대"
            },
            "speechAct": "(단언) 주장하기",
            "morpheme": "오/NR+오/NR+풀/NNG+빌라/NNG+괜찮/VA+지/EF"
          },
          {
            "id": 13,
            "text": "2 : 재밌었겠다",
            "norm_text": "재밌었겠다",
            "speaker": {
              "id": "2번",
              "sex": "남성",
              "age": "20대"
            },
            "speechAct": "(단언) 주장하기",
            "morpheme": "재밌/VA+었/EP+겠/EP+다/EC"
          },
          {
            "id": 14,
            "text": "3 : 근데 풀빌라 비싸잖아",
            "norm_text": "근데 풀빌라 비싸잖아",
            "speaker": {
              "id": "3번",
              "sex": "남성",
              "age": "20대"
            },
            "speechAct": "(단언) 주장하기",
            "morpheme": "근데/MAJ+풀/NNG+빌라/NNG+비싸/VA+잖아/EC"
          },
          {
            "id": 15,
            "text": "3 : 아니야?",
            "norm_text": "아니야?",
            "speaker": {
              "id": "3번",
              "sex": "남성",
              "age": "20대"
            },
            "speechAct": "(지시) 질문하기",
            "morpheme": "아니야/IC"
          },
          {
            "id": 16,
            "text": "1 : 웅 코로나 때문에 신경 쓰여서 그냥 더 주고 다녀왔어",
            "norm_text": "웅 코로나 때문에 신경 쓰여서 그냥 더 주고 다녀왔어",
            "speaker": {
              "id": "1번",
              "sex": "여성",
              "age": "20대"
            },
            "speechAct": "(단언) 주장하기",
            "morpheme": "웅/IC+코로나/NNG+때문/NNB+에/JKB+신경/NNG+쓰여서/VV+EC+그냥/MAG+더/MAG+주/VV+고/EC+다녀왔/VV+EP+어/EC"
          },
          {
            "id": 17,
            "text": "2 : 맞어",
            "norm_text": "맞어",
            "speaker": {
              "id": "2번",
              "sex": "남성",
              "age": "20대"
            },
            "speechAct": "(단언) 주장하기",
            "morpheme": "맞/VV+어/EC"
          },
          {
            "id": 18,
            "text": "2 : 목숨 걸고 놀빠에 돈 더 주고 안전하게 갔다 오는 게 낫지 키키",
            "norm_text": "목숨 걸고 놀빠에 돈 더 주고 안전하게 갔다 오는 게 낫지 키키",
            "speaker": {
              "id": "2번",
              "sex": "남성",
              "age": "20대"
            },
            "speechAct": "(단언) 주장하기",
            "morpheme": "목숨걸/VV+고/EC+놀/VX+ETM+빠/NNP+에/JKB+돈/NNG+더/MAG+주/VV+고/EC+안전/NNG+하/XSV+게/EC+갔다오/VV+는/ETM+게/NNB+JKS+낫/VA+지/EC+키/NNG+키/XSV+ETN"
          },
          {
            "id": 19,
            "text": "3 : 호캉스도 유행이라는데 호캉스는 어때",
            "norm_text": "호캉스도 유행이라는데 호캉스는 어때",
            "speaker": {
              "id": "3번",
              "sex": "남성",
              "age": "20대"
            },
            "speechAct": "(지시) 충고/제안하기",
            "morpheme": "호/NNG+캉/JKB+스도/NNP+유행/NNG+이/VCP+라는/ETM+데/NNB+호/NNG+캉/JKB+스/VV+는/ETM+어때/VA+EC"
          },
          {
            "id": 20,
            "text": "1 : 확실히 우리끼리 있으니깐 더 재밌었어 키키",
            "norm_text": "확실히 우리끼리 있으니깐 더 재밌었어 키키",
            "speaker": {
              "id": "1번",
              "sex": "여성",
              "age": "20대"
            },
            "speechAct": "(단언) 주장하기",
            "morpheme": "확실히/MAG+우리/NP+끼리/XSN+있/VV+으니깐/EC+더/MAG+재밌/VA+었/EP+어/EC+키/NNG+키/XSV+ETN"
          },
          {
            "id": 21,
            "text": "2 : 그치",
            "norm_text": "그치",
            "speaker": {
              "id": "2번",
              "sex": "남성",
              "age": "20대"
            },
            "speechAct": "(단언) 주장하기",
            "morpheme": "그치/IC"
          },
          {
            "id": 22,
            "text": "2 : 놀러 갔는데 사람 미어터지면 놀기 싫어지지",
            "norm_text": "놀러 갔는데 사람 미어터지면 놀기 싫어지지",
            "speaker": {
              "id": "2번",
              "sex": "남성",
              "age": "20대"
            },
            "speechAct": "(단언) 주장하기",
            "morpheme": "놀러갔/VV+EP+는데/EC+사람/NNG+미어터지/VV+면/EC+놀/VV+기/ETN+싫/VA+어/EC+지/VX+지/EC"
          },
          {
            "id": 23,
            "text": "3 : 사람 많으면 놀기 싫지",
            "norm_text": "사람 많으면 놀기 싫지",
            "speaker": {
              "id": "3번",
              "sex": "남성",
              "age": "20대"
            },
            "speechAct": "(단언) 주장하기",
            "morpheme": "사람/NNG+많/VA+으면/EC+놀/VV+기/ETN+싫/VA+지/EC"
          },
          {
            "id": 24,
            "text": "1 : 또 놀러 가고 싶다 키키 꿀잼이었는데",
            "norm_text": "또 놀러 가고 싶다 키키 꿀잼이었는데",
            "speaker": {
              "id": "1번",
              "sex": "여성",
              "age": "20대"
            },
            "speechAct": "(단언) 주장하기",
            "morpheme": "또/MAG+놀/VV+러/EC+가/VX+고/EC+싶/VX+다키키/NNP+꿀/VV+ETM+잼/NNG+이/VCP+었/EP+는데/EC"
          },
          {
            "id": 25,
            "text": "2 : 나는 겨울에 스키장! 키키",
            "norm_text": "나는 겨울에 스키장! 키키",
            "speaker": {
              "id": "2번",
              "sex": "남성",
              "age": "20대"
            },
            "speechAct": "(단언) 주장하기",
            "morpheme": "나/NP+는/JX+겨울/NNG+에/JKB+스키장/NNG+!/SY+키/NNG+키/XSV+ETN"
          },
          {
            "id": 26,
            "text": "2 : 여름은 싫어",
            "norm_text": "여름은 싫어",
            "speaker": {
              "id": "2번",
              "sex": "남성",
              "age": "20대"
            },
            "speechAct": "(단언) 주장하기",
            "morpheme": "여름/NNG+은/JX+싫/VA+어/EC"
          },
          {
            "id": 27,
            "text": "3 : 맞아",
            "norm_text": "맞아",
            "speaker": {
              "id": "3번",
              "sex": "남성",
              "age": "20대"
            },
            "speechAct": "(단언) 주장하기",
            "morpheme": "맞/VV+아/EC"
          },
          {
            "id": 28,
            "text": "3 : 사실 여름보다 겨울이 더 조아",
            "norm_text": "사실 여름보다 겨울이 더 조아",
            "speaker": {
              "id": "3번",
              "sex": "남성",
              "age": "20대"
            },
            "speechAct": "(단언) 주장하기",
            "morpheme": "사실/MAG+여름/NNG+보다/JKB+겨울/NNG+이/JKS+더/MAG+조아/NNG"
          }
        ]
      }
    }
  ]
}