{
  "dataset": {
    "identifier": 58293,
    "name": "BAND_31_11_set",
    "src_path": "/data/file/cubeManager/PROJECT001/53/txt20210927144542057759/BAND_31_11_set/",
    "label_path": "/data/file/cubeManager/PROJECT001/53/txt20210927144542057759/BAND_31_11_set/",
    "category": 2,
    "type": 0
  },
  "licenses": {
    "name": "Apache License 1.0",
    "url": "http://www.apache.org/licenses/LICENSE-1.0"
  },
  "info": [
    {
      "id": 34369,
      "filename": "BAND_31_11.txt",
      "title": "BAND_31_11",
      "mediatype": "SNS",
      "medianame": "네이버밴드",
      "category": "일상대화",
      "date": "2021-09-27",
      "size": 357,
      "annotations": {
        "subject": "게임",
        "speaker_type": "1:1",
        "size": 357,
        "word_size": 124,
        "text": "1 : 오랜만에 테런이나 같이 할래?\n2 : 와 테런 진짜 오랜만이다 키키\n1 : 그치 테런 요즘 연금이 장난 아니더라 키키\n2 : 너 아직 연금 남아있어?\n1 : 나 무당 벌레 복장 아직 있을걸?\n2 : 우와 무당 벌레 키키 너 고인물이네 키키\n1 : 나 완전 고인물이지 너는?\n2 : 나 여우 입 남아 있을껄?\n1 : 헐 그거 3차 연금 아니야?\n2 : 맞아 오리 입에서 키웠던 거 같아\n1 : 그거 능력이 어떻게 돼?\n2 : 잘 기억이 안 나네 키키 너무 오래됐다\n1 : 근데 요즘에 무당 벌레 그냥 주더라 키키\n2 : 아 진짜? 키키 나 할 때는 열심히 모았는데 억울해\n1 : 우리는 카드 엄청 모아야 했잖아.\n2 : 맞아 학교 끝나고 맨날 게임 했는데 키키",
        "lines": [
          {
            "id": 1,
            "text": "1 : 오랜만에 테런이나 같이 할래?",
            "norm_text": "오랜만에 테런이나 같이 할래?",
            "speaker": {
              "id": "1번",
              "sex": "여성",
              "age": "20대"
            },
            "speechAct": "(지시) 질문하기",
            "morpheme": "오랜만/NNG+에/JKB+테/NNG+런/NNG+이나/JC+같이/MAG+할래/VV+EF"
          },
          {
            "id": 2,
            "text": "2 : 와 테런 진짜 오랜만이다 키키",
            "norm_text": "와 테런 진짜 오랜만이다 키키",
            "speaker": {
              "id": "2번",
              "sex": "여성",
              "age": "20대"
            },
            "speechAct": "(단언) 주장하기",
            "morpheme": "와/IC+테/NNB+VCP+런/ETM+진짜/MAG+오랜만/NNG+이/JKS+다키키/NNP"
          },
          {
            "id": 3,
            "text": "1 : 그치 테런 요즘 연금이 장난 아니더라 키키",
            "norm_text": "그치 테런 요즘 연금이 장난 아니더라 키키",
            "speaker": {
              "id": "1번",
              "sex": "여성",
              "age": "20대"
            },
            "speechAct": "(단언) 진술하기",
            "morpheme": "그치/IC+테/NNB+VCP+런/ETM+요즘/NNG+연금/NNG+이/JKS+장난/NNG+아니/VCN+더라/EC+키/NNG+키/XSV+ETN"
          },
          {
            "id": 4,
            "text": "2 : 너 아직 연금 남아있어?",
            "norm_text": "너 아직 연금 남아있어?",
            "speaker": {
              "id": "2번",
              "sex": "여성",
              "age": "20대"
            },
            "speechAct": "(지시) 질문하기",
            "morpheme": "너/NP+아직/MAG+연금/NNG+남/VV+아/EC+있/VX+어/EF"
          },
          {
            "id": 5,
            "text": "1 : 나 무당 벌레 복장 아직 있을걸?",
            "norm_text": "나 무당 벌레 복장 아직 있을걸?",
            "speaker": {
              "id": "1번",
              "sex": "여성",
              "age": "20대"
            },
            "speechAct": "(지시) 질문하기",
            "morpheme": "나/NP+무당벌레/NNG+복장/NNG+아직/MAG+있/VV+을걸/EF"
          },
          {
            "id": 6,
            "text": "2 : 우와 무당 벌레 키키 너 고인물이네 키키",
            "norm_text": "우와 무당 벌레 키키 너 고인물이네 키키",
            "speaker": {
              "id": "2번",
              "sex": "여성",
              "age": "20대"
            },
            "speechAct": "(단언) 진술하기",
            "morpheme": "우와/IC+무당벌레/NNG+키/NNG+키/XSV+ETN+너/VV+고/EC+인물/NNG+이/JKS+네/MM+키/NNG+키/XSV+ETN"
          },
          {
            "id": 7,
            "text": "1 : 나 완전 고인물이지 너는?",
            "norm_text": "나 완전 고인물이지 너는?",
            "speaker": {
              "id": "1번",
              "sex": "여성",
              "age": "20대"
            },
            "speechAct": "(지시) 질문하기",
            "morpheme": "나/NP+완전/MAG+고인/VV+ETM+물/NNG+이/VCP+지/EF+너/NP+는/JX"
          },
          {
            "id": 8,
            "text": "2 : 나 여우 입 남아 있을껄?",
            "norm_text": "나 여우 입 남아 있을껄?",
            "speaker": {
              "id": "2번",
              "sex": "여성",
              "age": "20대"
            },
            "speechAct": "(지시) 질문하기",
            "morpheme": "나/NP+여우/NNG+입/NNG+남/VV+아/EC+있/VX+을껄/EF"
          },
          {
            "id": 9,
            "text": "1 : 헐 그거 3차 연금 아니야?",
            "norm_text": "헐 그거 3차 연금 아니야?",
            "speaker": {
              "id": "1번",
              "sex": "여성",
              "age": "20대"
            },
            "speechAct": "(지시) 질문하기",
            "morpheme": "헐/IC+그거/NP+3/SN+차/NNBC+연금/NNG+아니/VCN+야/EF"
          },
          {
            "id": 10,
            "text": "2 : 맞아 오리 입에서 키웠던 거 같아",
            "norm_text": "맞아 오리 입에서 키웠던 거 같아",
            "speaker": {
              "id": "2번",
              "sex": "여성",
              "age": "20대"
            },
            "speechAct": "(단언) 진술하기",
            "morpheme": "맞/VV+아/EC+오리/NNG+입/NNG+에서/JKB+키웠/VV+EP+던/ETM+거/NNB+같/VA+아/EC"
          },
          {
            "id": 11,
            "text": "1 : 그거 능력이 어떻게 돼?",
            "norm_text": "그거 능력이 어떻게 돼?",
            "speaker": {
              "id": "1번",
              "sex": "여성",
              "age": "20대"
            },
            "speechAct": "(지시) 질문하기",
            "morpheme": "그거/NP+능력/NNG+이/JKS+어떻게/MAG+돼/VV+EF"
          },
          {
            "id": 12,
            "text": "2 : 잘 기억이 안 나네 키키 너무 오래됐다",
            "norm_text": "잘 기억이 안 나네 키키 너무 오래됐다",
            "speaker": {
              "id": "2번",
              "sex": "여성",
              "age": "20대"
            },
            "speechAct": "(단언) 진술하기",
            "morpheme": "잘/MAG+기억/NNG+이/JKS+안/MAG+나/NP+네/XSN+키/NNG+키/NNG+너무/MAG+오래/MAG+됐/VV+EP+다/EC"
          },
          {
            "id": 13,
            "text": "1 : 근데 요즘에 무당 벌레 그냥 주더라 키키",
            "norm_text": "근데 요즘에 무당 벌레 그냥 주더라 키키",
            "speaker": {
              "id": "1번",
              "sex": "여성",
              "age": "20대"
            },
            "speechAct": "(단언) 진술하기",
            "morpheme": "근데/MAJ+요즘/NNG+에/JKB+무당벌레/NNG+그냥/MAG+주/VV+더라/EC+키/NNG+키/XSV+ETN"
          },
          {
            "id": 14,
            "text": "2 : 아 진짜? 키키 나 할 때는 열심히 모았는데 억울해",
            "norm_text": "아 진짜? 키키 나 할 때는 열심히 모았는데 억울해",
            "speaker": {
              "id": "2번",
              "sex": "여성",
              "age": "20대"
            },
            "speechAct": "(단언) 주장하기",
            "morpheme": "아/IC+진짜/MAG+키/NNG+키나/XSA+ETN+JX+할/VV+ETM+때/NNG+는/JX+열심히/MAG+모았/VV+EP+는데/EC+억울/XR+해/XSA+EC"
          },
          {
            "id": 15,
            "text": "1 : 우리는 카드 엄청 모아야 했잖아.",
            "norm_text": "우리는 카드 엄청 모아야 했잖아.",
            "speaker": {
              "id": "1번",
              "sex": "여성",
              "age": "20대"
            },
            "speechAct": "(단언) 진술하기",
            "morpheme": "우리/NP+는/JX+카드/NNG+엄청/MAG+모아야/VV+EC+했잖아/VX+EP+EC+VX+EF"
          },
          {
            "id": 16,
            "text": "2 : 맞아 학교 끝나고 맨날 게임 했는데 키키",
            "norm_text": "맞아 학교 끝나고 맨날 게임 했는데 키키",
            "speaker": {
              "id": "2번",
              "sex": "여성",
              "age": "20대"
            },
            "speechAct": "(단언) 진술하기",
            "morpheme": "맞/VV+아/EC+학교/NNG+끝/NNG+나/VV+고/EC+맨날/MAG+게임/NNG+했/XSV+EP+는데/EC+키/NNG+키/XSV+ETN"
          }
        ]
      }
    }
  ]
}