{
  "dataset": {
    "identifier": 27506,
    "name": "BAND_30_14_set",
    "src_path": "/data/file/cubeManager/PROJECT001/49/txt20210923160937032159/BAND_30_14_set/",
    "label_path": "/data/file/cubeManager/PROJECT001/49/txt20210923160937032159/BAND_30_14_set/",
    "category": 2,
    "type": 0
  },
  "licenses": {
    "name": "Apache License 1.0",
    "url": "http://www.apache.org/licenses/LICENSE-1.0"
  },
  "info": [
    {
      "id": 31765,
      "filename": "BAND_30_14.txt",
      "title": "BAND_30_14",
      "mediatype": "SNS",
      "medianame": "네이버밴드",
      "category": "일상대화",
      "date": "2021-09-23",
      "size": 444,
      "annotations": {
        "subject": "사회이슈",
        "speaker_type": "1:1",
        "size": 444,
        "word_size": 145,
        "text": "1 : 너 이번에 뉴스 봤어? 완전 경악\n2 : 어떤 뉴스 있는데 그래?\n1 : 중딩 애들이 할머니 때리는 동영상 있잖아.\n2 : 중딩이 할머니를 때려? 아 본 거 같아\n1 : 그거를 웃기다고 동영상 찍고 올렸잖아 키키\n2 : 진짜 세상이 말세다 요즘 애들 무서워\n1 : 그러니까 애들이 원래 문제가 있는 애들이래.\n2 : 요즘 진짜 교육 신경 써야 해 문제야\n1 : 맞아 요즘 학교도 잘 못 나가서 더 그러는 걸 수도 있어.\n2 : 맞아 학교에서 배우는 도덕이 중요한데\n1 : 완전 인정 심지어 꽃다발로 때렸다는데 그게 뭔 줄 알아?\n2 : 꽃다발로? 꽃다발이 어디서 나서 그걸로 그랬대\n1 : 그게 위안부 소녀상에 놓은 백합 꽃다발이래 키키\n2 : 진짜? 걔네는 이번일 계기로 벌 제대로 받아야 해\n1 : 진짜 너무 어이없지 않냐\n1 : 안 그래도 애들 신상 털렸대 키키\n2 : 오히려 그게 걔네 인생에 도움이 될 거야",
        "lines": [
          {
            "id": 1,
            "text": "1 : 너 이번에 뉴스 봤어? 완전 경악",
            "norm_text": "너 이번에 뉴스 봤어? 완전 경악",
            "speaker": {
              "id": "1번",
              "sex": "여성",
              "age": "20대"
            },
            "speechAct": "(지시) 질문하기",
            "morpheme": "너/NP+이번/NNG+에/JKB+뉴스/NNG+봤/VV+EP+어/EF+완전/MAG+경악/NNG"
          },
          {
            "id": 2,
            "text": "2 : 어떤 뉴스 있는데 그래?",
            "norm_text": "어떤 뉴스 있는데 그래?",
            "speaker": {
              "id": "2번",
              "sex": "여성",
              "age": "20대"
            },
            "speechAct": "(지시) 질문하기",
            "morpheme": "어떤/MM+뉴스/NNG+있/VA+는데그래/EF"
          },
          {
            "id": 3,
            "text": "1 : 중딩 애들이 할머니 때리는 동영상 있잖아.",
            "norm_text": "중딩 애들이 할머니 때리는 동영상 있잖아.",
            "speaker": {
              "id": "1번",
              "sex": "여성",
              "age": "20대"
            },
            "speechAct": "(단언) 진술하기",
            "morpheme": "중/NNG+딩/NNG+애/NNG+들/XSN+이/JKS+할머니/NNG+때리/VV+는/ETM+동영상/NNG+있/VA+잖아/EF"
          },
          {
            "id": 4,
            "text": "2 : 중딩이 할머니를 때려? 아 본 거 같아",
            "norm_text": "중딩이 할머니를 때려? 아 본 거 같아",
            "speaker": {
              "id": "2번",
              "sex": "여성",
              "age": "20대"
            },
            "speechAct": "(단언) 주장하기",
            "morpheme": "중/NNG+딩/NNG+이/JKS+할머니/NNG+를/JKO+때려/VV+EF+아/EC+본/VX+ETM+거/NNB+같/VA+아/EC"
          },
          {
            "id": 5,
            "text": "1 : 그거를 웃기다고 동영상 찍고 올렸잖아 키키",
            "norm_text": "그거를 웃기다고 동영상 찍고 올렸잖아 키키",
            "speaker": {
              "id": "1번",
              "sex": "여성",
              "age": "20대"
            },
            "speechAct": "(단언) 진술하기",
            "morpheme": "그거/NP+를/JKO+웃기/VV+다고/EC+동영상/NNG+찍/VV+고/EC+올렸/VV+EP+잖아/EF+키/NNG+키/XSV+ETN"
          },
          {
            "id": 6,
            "text": "2 : 진짜 세상이 말세다 요즘 애들 무서워",
            "norm_text": "진짜 세상이 말세다 요즘 애들 무서워",
            "speaker": {
              "id": "2번",
              "sex": "여성",
              "age": "20대"
            },
            "speechAct": "(표현) 부정감정 표현하기",
            "morpheme": "진짜/MAG+세상/NNG+이/JKS+말세/NNG+다/MAG+요즘/NNG+애/NNG+들/XSN+무서워/VA+EC"
          },
          {
            "id": 7,
            "text": "1 : 그러니까 애들이 원래 문제가 있는 애들이래.",
            "norm_text": "그러니까 애들이 원래 문제가 있는 애들이래.",
            "speaker": {
              "id": "1번",
              "sex": "여성",
              "age": "20대"
            },
            "speechAct": "(단언) 진술하기",
            "morpheme": "그러니까/MAJ+애/NNG+들/XSN+이/JKS+원래/MAG+문제/NNG+가/JKS+있/VA+는/ETM+애/NNG+들/XSN+이/VCP+래/EF"
          },
          {
            "id": 8,
            "text": "2 : 요즘 진짜 교육 신경 써야 해 문제야",
            "norm_text": "요즘 진짜 교육 신경 써야 해 문제야",
            "speaker": {
              "id": "2번",
              "sex": "여성",
              "age": "20대"
            },
            "speechAct": "(단언) 주장하기",
            "morpheme": "요즘/MAG+진짜/MAG+교육/NNG+신경/NNG+써야/VV+EC+해/VV+EC+문제/NNG+야/VCP+EF"
          },
          {
            "id": 9,
            "text": "1 : 맞아 요즘 학교도 잘 못 나가서 더 그러는 걸 수도 있어.",
            "norm_text": "맞아 요즘 학교도 잘 못 나가서 더 그러는 걸 수도 있어.",
            "speaker": {
              "id": "1번",
              "sex": "여성",
              "age": "20대"
            },
            "speechAct": "(단언) 주장하기",
            "morpheme": "맞/VV+아/EC+요즘/NNG+학교/NNG+도/JX+잘못/MAG+나가/VV+서/EC+더/MAG+그러/VV+는/ETM+걸/NNB+JKO+수/NNB+도/JX+있/VA+어/EF"
          },
          {
            "id": 10,
            "text": "2 : 맞아 학교에서 배우는 도덕이 중요한데",
            "norm_text": "맞아 학교에서 배우는 도덕이 중요한데",
            "speaker": {
              "id": "2번",
              "sex": "여성",
              "age": "20대"
            },
            "speechAct": "(단언) 주장하기",
            "morpheme": "맞/VV+아/EC+학교/NNG+에서/JKB+배우/VV+는/ETM+도덕/NNG+이/JKS+중요/XR+한데/XSA+EC"
          },
          {
            "id": 11,
            "text": "1 : 완전 인정 심지어 꽃다발로 때렸다는데 그게 뭔 줄 알아?",
            "norm_text": "완전 인정 심지어 꽃다발로 때렸다는데 그게 뭔 줄 알아?",
            "speaker": {
              "id": "1번",
              "sex": "여성",
              "age": "20대"
            },
            "speechAct": "(지시) 질문하기",
            "morpheme": "완전/NNG+인정/NNG+심지어/MAG+꽃다발/NNG+로/JKB+때렸/VV+EP+다는데/EC+그게/NP+JKS+뭔줄/NP+JX+NNB+알/VV+아/EF"
          },
          {
            "id": 12,
            "text": "2 : 꽃다발로? 꽃다발이 어디서 나서 그걸로 그랬대",
            "norm_text": "꽃다발로? 꽃다발이 어디서 나서 그걸로 그랬대",
            "speaker": {
              "id": "2번",
              "sex": "여성",
              "age": "20대"
            },
            "speechAct": "(단언) 주장하기",
            "morpheme": "꽃다발/NNG+로/JKB+?/SY+꽃다발/NNG+이/JKS+어디/NP+서/JKB+나/NP+서/JKB+그걸로/NP+JKB+그랬/VV+EP+대/EC"
          },
          {
            "id": 13,
            "text": "1 : 그게 위안부 소녀상에 놓은 백합 꽃다발이래 키키",
            "norm_text": "그게 위안부 소녀상에 놓은 백합 꽃다발이래 키키",
            "speaker": {
              "id": "1번",
              "sex": "여성",
              "age": "20대"
            },
            "speechAct": "(단언) 진술하기",
            "morpheme": "그게/NP+JKS+위안부/NNG+소녀/NNG+상/XSN+에/JKB+놓/VV+은/ETM+백합꽃/NNG+다발/NNG+이/JKS+래키/NNP+키/NNG"
          },
          {
            "id": 14,
            "text": "2 : 진짜? 걔네는 이번일 계기로 벌 제대로 받아야 해",
            "norm_text": "진짜? 걔네는 이번일 계기로 벌 제대로 받아야 해",
            "speaker": {
              "id": "2번",
              "sex": "여성",
              "age": "20대"
            },
            "speechAct": "(단언) 주장하기",
            "morpheme": "진짜/MAG+걔/NP+네/XSN+는/JX+이번/NNG+일/VCP+ETM+계기/NNG+로/JKB+벌/NNG+제대로/MAG+받/VV+아야/EC+해/VV+EC"
          },
          {
            "id": 15,
            "text": "1 : 진짜 너무 어이없지 않냐",
            "norm_text": "진짜 너무 어이없지 않냐",
            "speaker": {
              "id": "1번",
              "sex": "여성",
              "age": "20대"
            },
            "speechAct": "(표현) 부정감정 표현하기",
            "morpheme": "진짜/MAG+너무/MAG+어이없/VA+지/EC+않/VX+냐/EC"
          },
          {
            "id": 16,
            "text": "1 : 안 그래도 애들 신상 털렸대 키키",
            "norm_text": "안 그래도 애들 신상 털렸대 키키",
            "speaker": {
              "id": "1번",
              "sex": "여성",
              "age": "20대"
            },
            "speechAct": "(단언) 진술하기",
            "morpheme": "안/MAG+그래도/VV+EC+애/NNG+들/XSN+신상/NNG+털렸/VV+EP+대/XPN+키/NNG+키/XSV+ETN"
          },
          {
            "id": 17,
            "text": "2 : 오히려 그게 걔네 인생에 도움이 될 거야",
            "norm_text": "오히려 그게 걔네 인생에 도움이 될 거야",
            "speaker": {
              "id": "2번",
              "sex": "여성",
              "age": "20대"
            },
            "speechAct": "(단언) 주장하기",
            "morpheme": "오히려/MAJ+그게/NP+JKS+걔/NP+네/XSN+인생/NNG+에/JKB+도움/NNG+이/JKS+될/VV+ETM+거/NNB+야/VCP+EF"
          }
        ]
      }
    }
  ]
}