{
  "dataset": {
    "identifier": 20049,
    "name": "BAND_23_18_set",
    "src_path": "/data/file/cubeManager/PROJECT001/49/txt20210915111041040194/BAND_23_18_set/",
    "label_path": "/data/file/cubeManager/PROJECT001/49/txt20210915111041040194/BAND_23_18_set/",
    "category": 2,
    "type": 0
  },
  "licenses": {
    "name": "Apache License 1.0",
    "url": "http://www.apache.org/licenses/LICENSE-1.0"
  },
  "info": [
    {
      "id": 25697,
      "filename": "BAND_23_18.txt",
      "title": "BAND_23_18",
      "mediatype": "SNS",
      "medianame": "네이버밴드",
      "category": "일상대화",
      "date": "2021-09-15",
      "size": 1305,
      "annotations": {
        "subject": "상거래 전반",
        "speaker_type": "1:1",
        "size": 1305,
        "word_size": 406,
        "text": "1 : 지그재그나 브랜디 같은 어플 이용해봤어?\n2 : 못해 봤어~ 넌 써 봤어?\n3 : 음 한 번씩 심심할 때 어플 깔아서 보기는 했는데 뭐랄까 그냥 요즘 옷 트렌드? 이런 것만 구경하지 뭘 산 적은 없어!\n1 : 글쿠나 막 쿠팡처럼 하루 만에 배송 되는 것도 있고 해서 급할 때는 좋더라고 ~\n2 : 어플도 안 깔았는데 한번 봐야겠다.\n3 : 내가 온라인 쇼핑을 진짜 못해서 그런 것 같아 ㅠㅠ\n3 : 근데 하루 만에 배송 되는 거는 좀 신기하다\n3 : 퀵은 아니겠지? 키키\n1 : 웅 퀵은 아닌거 같은데 쿠팡이나 마켓컬리처럼 그냥 새벽에 배송을 해주는 거 같음!\n1 : 요새는 옷 말고 다른 것들도 팔던데?\n2 : 옷 쇼핑몰 아니었어?\n2 : 뭐를 더 팔아?\n3 : 뭐 신발이나 전체적인 악세서리류 아닐까?\n1 : 첨에는 그랬는데 브랜디는 요즘에 팬시용품도 팔고 홈 데코 용품도 있고 그렇더라고\n2 : 괜찮다~ 그런 거는 인터넷에서 봐도 하나 사도 배송비 붙는 게 많아서 사기 좀 그랬는데 옷 살 때 같이 사면 되겠네\n3 : 오오 그런 거 디게 좋다\n3 : 혹시 당근 마켓 써 본 사람 있어?\n1 : 아니 해보고 싶긴 한데 귀찮아서 키키 해봤어?\n2 : 나도 광고만 봤어 요즘은 버스 정류장에도 있던데~\n2 : 그보다 나는 그거 궁금했어 편의점 택배~ 혹시 이용해 본 사람 있어?\n3 : 음... 아니 ㅠㅠ 편의점 택배로 친구한테 뭐 보내준 적은 있는데 내가 수령해본 적은 없네\n1 : 오... 나는 아예 안 써봤어!\n1 : 가격은 그냥 일반 택배랑 똑같은가? 좀 더 비싸려나...\n2 : 나도 그런 게 궁금했어\n2 : 어느 편의점이나 다 택배 되는지 그리고 이용 방법이랑 해외 배송 되는지 혹시 알아?\n3 : 음...나는 그냥 택배 서비스 되는 편의점인지 확인하고서 거기 주소 쓰고 부쳤어!\n3 : 가격은 똑같은 걸로 알고 있는데... 해외 배송도 아마 주소를 거기로 입력하면 받을 수 있는 걸로 알고 있어!\n3 : 확실하지는 않다 ㅠㅠ\n1 : 해외도 되는구나 몰랐넹...\n1 : 가격도 똑같으면 멀리까지 택배 부치러 안 가도 되니까 좋긴 하다!\n2 : 진짜 그렇네 그리고 우체국은 일찍 문을 닫아서 ㅠㅠ 편의점에서 다 되면 진짜 좋겠다\n3 : 그 여성 전용 택배함 그런 것도 주변에 있으면 쓰기 좋아! 시간 제약이 없어서!\n1 : 택배함 있는 거 보긴 했는데 그것도 여성 전용이 있어?\n1 : 여자인지 어케 알고 이용하지...?\n2 : 그러니까~ 처음에 휴대 전화로 인증 받고 쓰나?\n3 : 아 이거 말만 여성 전용이고 남자들도 이용 가능해!\n3 : 그 여자들 혼자 사는 집에서 택배 받기 좀 무서울 수 있으니까 CCTV있고 좀 보호 받을 수 있는 점이 있어서 여성 전용이라고 한 거야!",
        "lines": [
          {
            "id": 1,
            "text": "1 : 지그재그나 브랜디 같은 어플 이용해봤어?",
            "norm_text": "지그재그나 브랜디 같은 어플 이용해봤어?",
            "speaker": {
              "id": "1번",
              "sex": "여성",
              "age": "20대"
            },
            "speechAct": "(지시) 질문하기",
            "morpheme": "지그재그/NNG+나/JC+브랜디/NNG+같/VA+은/ETM+어/IC+플/NNG+이용/NNG+해/XSV+EC+봤/VX+EP+어/EF"
          },
          {
            "id": 2,
            "text": "2 : 못해 봤어~ 넌 써 봤어?",
            "norm_text": "못해 봤어~ 넌 써 봤어?",
            "speaker": {
              "id": "2번",
              "sex": "여성",
              "age": "30대"
            },
            "speechAct": "(지시) 질문하기",
            "morpheme": "못/MAG+해/VV+EC+봤/VX+EP+어/EC+~/SY+넌/NP+JX+써/VV+EC+봤/VX+EP+어/EF"
          },
          {
            "id": 3,
            "text": "3 : 음 한 번씩 심심할 때 어플 깔아서 보기는 했는데 뭐랄까 그냥 요즘 옷 트렌드? 이런 것만 구경하지 뭘 산 적은 없어!",
            "norm_text": "음 한 번씩 심심할 때 어플 깔아서 보기는 했는데 뭐랄까 그냥 요즘 옷 트렌드? 이런 것만 구경하지 뭘 산 적은 없어!",
            "speaker": {
              "id": "3번",
              "sex": "여성",
              "age": "20대"
            },
            "speechAct": "(단언) 진술하기",
            "morpheme": "음/IC+한/MM+번/NNBC+씩/XSN+심심/NNG+할/XSV+ETM+때/NNG+어/IC+플/NNG+깔/VV+아서/EC+보/VX+기/ETN+는/JX+했/VV+EP+는데/EC+뭐/NP+랄까/VCP+EC+그냥/MAG+요즘/MAG+옷/NNG+트렌드/NNG+이런/MM+것/NNB+만/JX+구경/NNG+하/XSV+지/EC+뭘/NP+JKO+산적/NNG+은/JX+없/VA+어/EF"
          },
          {
            "id": 4,
            "text": "1 : 글쿠나 막 쿠팡처럼 하루 만에 배송 되는 것도 있고 해서 급할 때는 좋더라고 ~",
            "norm_text": "글쿠나 막 쿠팡처럼 하루 만에 배송 되는 것도 있고 해서 급할 때는 좋더라고 ~",
            "speaker": {
              "id": "1번",
              "sex": "여성",
              "age": "20대"
            },
            "speechAct": "(단언) 주장하기",
            "morpheme": "글쿠나/IC+막/MAJ+쿠팡/NNP+처럼/JKB+하루/NNG+만/NNB+에/JKB+배송/NNG+되/XSV+는/ETM+것/NNB+도/JX+있/VA+고/EC+해서/VV+EC+급할/VA+ETM+때/NNG+는/JX+좋/VA+더라고/EC+~/SY"
          },
          {
            "id": 5,
            "text": "2 : 어플도 안 깔았는데 한번 봐야겠다.",
            "norm_text": "어플도 안 깔았는데 한번 봐야겠다.",
            "speaker": {
              "id": "2번",
              "sex": "여성",
              "age": "30대"
            },
            "speechAct": "(단언) 주장하기",
            "morpheme": "어/IC+플/NNG+도/JX+안/MAG+깔/VV+았/EP+는데/EC+한/MM+번/NNBC+봐야겠다/VV+EC+VX+EP+EF"
          },
          {
            "id": 6,
            "text": "3 : 내가 온라인 쇼핑을 진짜 못해서 그런 것 같아 ㅠㅠ",
            "norm_text": "내가 온라인 쇼핑을 진짜 못해서 그런 것 같아 ㅠㅠ",
            "speaker": {
              "id": "3번",
              "sex": "여성",
              "age": "20대"
            },
            "speechAct": "(단언) 주장하기",
            "morpheme": "내/NP+가/JKS+온라인/NNG+쇼핑/NNG+을/JKO+진짜/MAG+못/MAG+해서/VV+EC+그런/MM+것/NNB+같/VA+아/EC+ㅠㅠ/UNKNOWN"
          },
          {
            "id": 7,
            "text": "3 : 근데 하루 만에 배송 되는 거는 좀 신기하다",
            "norm_text": "근데 하루 만에 배송 되는 거는 좀 신기하다",
            "speaker": {
              "id": "3번",
              "sex": "여성",
              "age": "20대"
            },
            "speechAct": "(단언) 주장하기",
            "morpheme": "근데/MAJ+하루/NNG+만/NNB+에/JKB+배송/NNG+되/XSV+는/ETM+거/NNB+는/JX+좀/MAG+신기/XR+하/XSA+다/EC"
          },
          {
            "id": 8,
            "text": "3 : 퀵은 아니겠지? 키키",
            "norm_text": "퀵은 아니겠지? 키키",
            "speaker": {
              "id": "3번",
              "sex": "여성",
              "age": "20대"
            },
            "speechAct": "(지시) 질문하기",
            "morpheme": "퀵/NNG+은/JX+아니/VCN+겠/EP+지/EF+키/NNG+키/XSV+ETN"
          },
          {
            "id": 9,
            "text": "1 : 웅 퀵은 아닌거 같은데 쿠팡이나 마켓컬리처럼 그냥 새벽에 배송을 해주는 거 같음!",
            "norm_text": "웅 퀵은 아닌거 같은데 쿠팡이나 마켓컬리처럼 그냥 새벽에 배송을 해주는 거 같음!",
            "speaker": {
              "id": "1번",
              "sex": "여성",
              "age": "20대"
            },
            "speechAct": "(단언) 주장하기",
            "morpheme": "웅/IC+퀵/NNG+은/JX+아닌/VCN+ETM+거/NNB+같/VA+은데/EC+쿠팡/NNP+이나/JC+마켓/NNP+컬리/NNP+처럼/JKB+그냥/MAG+새벽/NNG+에/JKB+배송/NNG+을/JKO+해/VV+EC+주/VX+는/ETM+거/NNB+같/VA+음/ETN"
          },
          {
            "id": 10,
            "text": "1 : 요새는 옷 말고 다른 것들도 팔던데?",
            "norm_text": "요새는 옷 말고 다른 것들도 팔던데?",
            "speaker": {
              "id": "1번",
              "sex": "여성",
              "age": "20대"
            },
            "speechAct": "(단언) 진술하기",
            "morpheme": "요새/NNG+는/JX+옷/NNG+말/VV+고/EC+다른/MM+것/NNB+들/XSN+도/JX+팔/VV+던데/EF"
          },
          {
            "id": 11,
            "text": "2 : 옷 쇼핑몰 아니었어?",
            "norm_text": "옷 쇼핑몰 아니었어?",
            "speaker": {
              "id": "2번",
              "sex": "여성",
              "age": "30대"
            },
            "speechAct": "(지시) 질문하기",
            "morpheme": "옷/NNG+쇼핑몰/NNG+아니/VCN+었/EP+어/EF"
          },
          {
            "id": 12,
            "text": "2 : 뭐를 더 팔아?",
            "norm_text": "뭐를 더 팔아?",
            "speaker": {
              "id": "2번",
              "sex": "여성",
              "age": "30대"
            },
            "speechAct": "(지시) 질문하기",
            "morpheme": "뭐/NP+를/JKO+더/MAG+팔/VV+아/EF"
          },
          {
            "id": 13,
            "text": "3 : 뭐 신발이나 전체적인 악세서리류 아닐까?",
            "norm_text": "뭐 신발이나 전체적인 악세서리류 아닐까?",
            "speaker": {
              "id": "3번",
              "sex": "여성",
              "age": "20대"
            },
            "speechAct": "(지시) 질문하기",
            "morpheme": "뭐/IC+신발/NNG+이나/JC+전체/NNG+적/XSN+인/VCP+ETM+악세서리/NNG+류/XSN+아닐까/VCN+EF"
          },
          {
            "id": 14,
            "text": "1 : 첨에는 그랬는데 브랜디는 요즘에 팬시용품도 팔고 홈 데코 용품도 있고 그렇더라고",
            "norm_text": "첨에는 그랬는데 브랜디는 요즘에 팬시용품도 팔고 홈 데코 용품도 있고 그렇더라고",
            "speaker": {
              "id": "1번",
              "sex": "여성",
              "age": "20대"
            },
            "speechAct": "(단언) 진술하기",
            "morpheme": "첨/NNG+에/JKB+는/JX+그랬/VV+EP+는데/EC+브랜디/NNG+는/JX+요즘/NNG+에/JKB+팬시/NNG+용품/NNG+도/JX+팔/VV+고/EC+홈/NNG+데코/NNP+용품/NNG+도/JX+있/VA+고/EC+그렇/VA+더라고/EC"
          },
          {
            "id": 15,
            "text": "2 : 괜찮다~ 그런 거는 인터넷에서 봐도 하나 사도 배송비 붙는 게 많아서 사기 좀 그랬는데 옷 살 때 같이 사면 되겠네",
            "norm_text": "괜찮다~ 그런 거는 인터넷에서 봐도 하나 사도 배송비 붙는 게 많아서 사기 좀 그랬는데 옷 살 때 같이 사면 되겠네",
            "speaker": {
              "id": "2번",
              "sex": "여성",
              "age": "30대"
            },
            "speechAct": "(단언) 주장하기",
            "morpheme": "괜찮/VA+다/EC+~/SY+그런/MM+거/NNB+는/JX+인터넷/NNG+에서/JKB+봐도/VV+EC+하나/NR+사/NR+도/JX+배송/NNG+비/NNG+붙/VV+는/ETM+게/NNB+JKS+많/VA+아서/EC+사기/NNG+좀/MAG+그랬/VV+EP+는데/EC+옷/NNG+살/VV+ETM+때/NNG+같이/JKB+사면/NNG+되/XSV+겠/EP+네/EF"
          },
          {
            "id": 16,
            "text": "3 : 오오 그런 거 디게 좋다",
            "norm_text": "오오 그런 거 디게 좋다",
            "speaker": {
              "id": "3번",
              "sex": "여성",
              "age": "20대"
            },
            "speechAct": "(단언) 주장하기",
            "morpheme": "오오/IC+그런/MM+거디/NNP+게/NNB+JKS+좋/VA+다/EC"
          },
          {
            "id": 17,
            "text": "3 : 혹시 당근 마켓 써 본 사람 있어?",
            "norm_text": "혹시 당근 마켓 써 본 사람 있어?",
            "speaker": {
              "id": "3번",
              "sex": "여성",
              "age": "20대"
            },
            "speechAct": "(지시) 질문하기",
            "morpheme": "혹시/MAG+당근/MAG+마켓/NNP+써본/VV+EC+VX+ETM+사람/NNG+있/VA+어/EF"
          },
          {
            "id": 18,
            "text": "1 : 아니 해보고 싶긴 한데 귀찮아서 키키 해봤어?",
            "norm_text": "아니 해보고 싶긴 한데 귀찮아서 키키 해봤어?",
            "speaker": {
              "id": "1번",
              "sex": "여성",
              "age": "20대"
            },
            "speechAct": "(지시) 질문하기",
            "morpheme": "아니/MAG+해/VV+EC+보/VX+고/EC+싶/VX+긴/ETN+JX+한데/VX+EC+귀찮/VA+아서/EC+키/NNG+키/NNG+해/XSV+EC+봤/VX+EP+어/EF"
          },
          {
            "id": 19,
            "text": "2 : 나도 광고만 봤어 요즘은 버스 정류장에도 있던데~",
            "norm_text": "나도 광고만 봤어 요즘은 버스 정류장에도 있던데~",
            "speaker": {
              "id": "2번",
              "sex": "여성",
              "age": "30대"
            },
            "speechAct": "(단언) 진술하기",
            "morpheme": "나/NP+도/JX+광고/NNG+만/JX+봤/VV+EP+어/EC+요즘/NNG+은/JX+버스/NNG+정류장/NNG+에/JKB+도/JX+있/VA+던데/EC+~/SY"
          },
          {
            "id": 20,
            "text": "2 : 그보다 나는 그거 궁금했어 편의점 택배~ 혹시 이용해 본 사람 있어?",
            "norm_text": "그보다 나는 그거 궁금했어 편의점 택배~ 혹시 이용해 본 사람 있어?",
            "speaker": {
              "id": "2번",
              "sex": "여성",
              "age": "30대"
            },
            "speechAct": "(지시) 질문하기",
            "morpheme": "그/NP+보다/JKB+나/NP+는/JX+그거/NP+궁금/XR+했/XSA+EP+어/EC+편의점/NNG+택배/NNG+~/SY+혹시/MAG+이용/NNG+해/XSV+EC+본/VX+ETM+사람/NNG+있/VA+어/EF"
          },
          {
            "id": 21,
            "text": "3 : 음... 아니 ㅠㅠ 편의점 택배로 친구한테 뭐 보내준 적은 있는데 내가 수령해본 적은 없네",
            "norm_text": "음... 아니 ㅠㅠ 편의점 택배로 친구한테 뭐 보내준 적은 있는데 내가 수령해본 적은 없네",
            "speaker": {
              "id": "3번",
              "sex": "여성",
              "age": "20대"
            },
            "speechAct": "(단언) 진술하기",
            "morpheme": "음/IC+./SY+아니/IC+ㅠㅠ/UNKNOWN+편의점/NNG+택배/NNG+로/JKB+친구/NNG+한테/JKB+뭐/IC+보내/VV+EC+준/VX+ETM+적/NNB+은/JX+있/VA+는데/EC+내/NP+가/JKS+수령/NNG+해/XSV+EC+본/VX+ETM+적/NNB+은/JX+없/VA+네/EC"
          },
          {
            "id": 22,
            "text": "1 : 오... 나는 아예 안 써봤어!",
            "norm_text": "오... 나는 아예 안 써봤어!",
            "speaker": {
              "id": "1번",
              "sex": "여성",
              "age": "20대"
            },
            "speechAct": "(단언) 진술하기",
            "morpheme": "오/IC+./SY+나/NP+는/JX+아예/MAG+안/MAG+써/VV+EC+봤/VX+EP+어/EF"
          },
          {
            "id": 23,
            "text": "1 : 가격은 그냥 일반 택배랑 똑같은가? 좀 더 비싸려나...",
            "norm_text": "가격은 그냥 일반 택배랑 똑같은가? 좀 더 비싸려나...",
            "speaker": {
              "id": "1번",
              "sex": "여성",
              "age": "20대"
            },
            "speechAct": "(지시) 질문하기",
            "morpheme": "가격/NNG+은/JX+그냥/MAG+일반/NNG+택배/NNG+랑/JKB+똑같/VA+은가/EF+좀/MAG+더/MAG+비싸/VA+려나/EF+./SY"
          },
          {
            "id": 24,
            "text": "2 : 나도 그런 게 궁금했어",
            "norm_text": "나도 그런 게 궁금했어",
            "speaker": {
              "id": "2번",
              "sex": "여성",
              "age": "30대"
            },
            "speechAct": "(단언) 주장하기",
            "morpheme": "나/NP+도/JX+그런/MM+게/NNB+JKS+궁금/XR+했/XSA+EP+어/EC"
          },
          {
            "id": 25,
            "text": "2 : 어느 편의점이나 다 택배 되는지 그리고 이용 방법이랑 해외 배송 되는지 혹시 알아?",
            "norm_text": "어느 편의점이나 다 택배 되는지 그리고 이용 방법이랑 해외 배송 되는지 혹시 알아?",
            "speaker": {
              "id": "2번",
              "sex": "여성",
              "age": "30대"
            },
            "speechAct": "(지시) 질문하기",
            "morpheme": "어느/MM+편의점/NNG+이나/JC+다/MAG+택배/NNG+되/XSV+는지/EC+그리고/MAJ+이용/NNG+방법/NNG+이랑/JKB+해외/NNG+배송/NNG+되/XSV+는지/EC+혹시/MAG+알/VV+아/EF"
          },
          {
            "id": 26,
            "text": "3 : 음...나는 그냥 택배 서비스 되는 편의점인지 확인하고서 거기 주소 쓰고 부쳤어!",
            "norm_text": "음...나는 그냥 택배 서비스 되는 편의점인지 확인하고서 거기 주소 쓰고 부쳤어!",
            "speaker": {
              "id": "3번",
              "sex": "여성",
              "age": "20대"
            },
            "speechAct": "(단언) 진술하기",
            "morpheme": "음/IC+./SY+나/NP+는/JX+그냥/MAG+택배/NNG+서비스/NNG+되/XSV+는/ETM+편의점/NNG+인지/VCP+EC+확인/NNG+하/XSV+고서/EC+거기/NP+주소/NNG+쓰/VV+고/EC+부쳤/VX+EP+어/EF"
          },
          {
            "id": 27,
            "text": "3 : 가격은 똑같은 걸로 알고 있는데... 해외 배송도 아마 주소를 거기로 입력하면 받을 수 있는 걸로 알고 있어!",
            "norm_text": "가격은 똑같은 걸로 알고 있는데... 해외 배송도 아마 주소를 거기로 입력하면 받을 수 있는 걸로 알고 있어!",
            "speaker": {
              "id": "3번",
              "sex": "여성",
              "age": "20대"
            },
            "speechAct": "(단언) 진술하기",
            "morpheme": "가격/NNG+은/JX+똑같/VA+은/ETM+걸로/NNB+JKB+알/VV+고/EC+있/VX+는데/EC+./SY+./SY+해외/NNG+배송/NNG+도/JX+아마/MAG+주소/NNG+를/JKO+거기/NP+로/JKB+입력/NNG+하/XSV+면/EC+받/VV+을/ETM+수/NNB+있/VV+는/ETM+걸로/NNB+JKB+알/VV+고/EC+있/VX+어/EF"
          },
          {
            "id": 28,
            "text": "3 : 확실하지는 않다 ㅠㅠ",
            "norm_text": "확실하지는 않다 ㅠㅠ",
            "speaker": {
              "id": "3번",
              "sex": "여성",
              "age": "20대"
            },
            "speechAct": "(단언) 주장하기",
            "morpheme": "확실/XR+하/XSA+지/EC+는/JX+않/VX+다/EF+ㅠㅠ/UNKNOWN"
          },
          {
            "id": 29,
            "text": "1 : 해외도 되는구나 몰랐넹...",
            "norm_text": "해외도 되는구나 몰랐넹...",
            "speaker": {
              "id": "1번",
              "sex": "여성",
              "age": "20대"
            },
            "speechAct": "(단언) 진술하기",
            "morpheme": "해외/NNG+도/JX+되/VV+는구나/EC+몰랐/VV+EP+넹/NNP+./SY+./SY"
          },
          {
            "id": 30,
            "text": "1 : 가격도 똑같으면 멀리까지 택배 부치러 안 가도 되니까 좋긴 하다!",
            "norm_text": "가격도 똑같으면 멀리까지 택배 부치러 안 가도 되니까 좋긴 하다!",
            "speaker": {
              "id": "1번",
              "sex": "여성",
              "age": "20대"
            },
            "speechAct": "(단언) 주장하기",
            "morpheme": "가격/NNG+도/JX+똑같/VA+으면/EC+멀리/MAG+까지/JX+택배/NNG+부치/VV+러/EC+안/MAG+가/VV+도/EC+되/VV+니까/EC+좋/VA+긴/ETN+JX+하/VX+다/EF"
          },
          {
            "id": 31,
            "text": "2 : 진짜 그렇네 그리고 우체국은 일찍 문을 닫아서 ㅠㅠ 편의점에서 다 되면 진짜 좋겠다",
            "norm_text": "진짜 그렇네 그리고 우체국은 일찍 문을 닫아서 ㅠㅠ 편의점에서 다 되면 진짜 좋겠다",
            "speaker": {
              "id": "2번",
              "sex": "여성",
              "age": "30대"
            },
            "speechAct": "(단언) 주장하기",
            "morpheme": "진짜/MAG+그렇/VA+네/EF+그리고/MAJ+우체국/NNG+은/JX+일찍/MAG+문/NNG+을/JKO+닫/VV+아서/EC+ㅠㅠ/UNKNOWN+편의점/NNG+에서/JKB+다/MAG+되/VV+면/EC+진짜/MAG+좋/VA+겠/EP+다/EC"
          },
          {
            "id": 32,
            "text": "3 : 그 여성 전용 택배함 그런 것도 주변에 있으면 쓰기 좋아! 시간 제약이 없어서!",
            "norm_text": "그 여성 전용 택배함 그런 것도 주변에 있으면 쓰기 좋아! 시간 제약이 없어서!",
            "speaker": {
              "id": "3번",
              "sex": "여성",
              "age": "20대"
            },
            "speechAct": "(단언) 주장하기",
            "morpheme": "그/MM+여성/NNG+전용/NNG+택배/NNG+함/XSV+ETN+그런/MM+것/NNB+도/JX+주변/NNG+에/JKB+있/VV+으면/EC+쓰/VV+기/ETN+좋/VA+아/EF+시간/NNG+제약/NNG+이/JKS+없/VA+어서/EC"
          },
          {
            "id": 33,
            "text": "1 : 택배함 있는 거 보긴 했는데 그것도 여성 전용이 있어?",
            "norm_text": "택배함 있는 거 보긴 했는데 그것도 여성 전용이 있어?",
            "speaker": {
              "id": "1번",
              "sex": "여성",
              "age": "20대"
            },
            "speechAct": "(지시) 질문하기",
            "morpheme": "택배/NNG+함/XSV+EC+있/VX+는/ETM+거/NNB+보/VV+긴/ETN+JX+했/VX+EP+는데/EC+그것/NP+도/JX+여성/NNG+전용/NNG+이/JKS+있/VA+어/EF"
          },
          {
            "id": 34,
            "text": "1 : 여자인지 어케 알고 이용하지...?",
            "norm_text": "여자인지 어케 알고 이용하지...?",
            "speaker": {
              "id": "1번",
              "sex": "여성",
              "age": "20대"
            },
            "speechAct": "(지시) 질문하기",
            "morpheme": "여자/NNG+인지/VCP+EC+어/IC+케/IC+알/VV+고/EC+이용/NNG+하/XSA+지/EF+./SY+./SY"
          },
          {
            "id": 35,
            "text": "2 : 그러니까~ 처음에 휴대 전화로 인증 받고 쓰나?",
            "norm_text": "그러니까~ 처음에 휴대 전화로 인증 받고 쓰나?",
            "speaker": {
              "id": "2번",
              "sex": "여성",
              "age": "30대"
            },
            "speechAct": "(지시) 질문하기",
            "morpheme": "그러니까/MAJ+~/SY+처음/NNG+에/JKB+휴대/NNG+전화/NNG+로/JKB+인증/NNG+받/VV+고/EC+쓰/VV+나/EF"
          },
          {
            "id": 36,
            "text": "3 : 아 이거 말만 여성 전용이고 남자들도 이용 가능해!",
            "norm_text": "아 이거 말만 여성 전용이고 남자들도 이용 가능해!",
            "speaker": {
              "id": "3번",
              "sex": "여성",
              "age": "20대"
            },
            "speechAct": "(단언) 진술하기",
            "morpheme": "아/IC+이거/NP+말/NNG+만/JX+여성/NNG+전용/NNG+이/VCP+고/EC+남자/NNG+들/XSN+도/JX+이용/NNG+가능/NNG+해/XSV+EF"
          },
          {
            "id": 37,
            "text": "3 : 그 여자들 혼자 사는 집에서 택배 받기 좀 무서울 수 있으니까 CCTV있고 좀 보호 받을 수 있는 점이 있어서 여성 전용이라고 한 거야!",
            "norm_text": "그 여자들 혼자 사는 집에서 택배 받기 좀 무서울 수 있으니까 CCTV있고 좀 보호 받을 수 있는 점이 있어서 여성 전용이라고 한 거야!",
            "speaker": {
              "id": "3번",
              "sex": "여성",
              "age": "20대"
            },
            "speechAct": "(단언) 진술하기",
            "morpheme": "그/MM+여자/NNG+들/XSN+혼자/MAG+사/VV+는/ETM+집/NNG+에서/JKB+택배/NNG+받/VV+기/ETN+좀/MAG+무서울/VA+ETM+수/NNB+있/VV+으니까/EC+CCTV/SL+있/VV+고/EC+좀/MAG+보호/NNG+받/VV+을/ETM+수/NNB+있/VV+는/ETM+점/NNG+이/JKS+있/VV+어서/EC+여성/NNG+전용/NNG+이/VCP+라고/EC+한/VX+ETM+거/NNB+야/VCP+EF"
          }
        ]
      }
    }
  ]
}