{
  "dataset": {
    "identifier": 29244,
    "name": "BAND_22_02_set",
    "src_path": "/data/file/cubeManager/PROJECT001/49/txt202109151100360515103/BAND_22_02_set/",
    "label_path": "/data/file/cubeManager/PROJECT001/49/txt202109151100360515103/BAND_22_02_set/",
    "category": 2,
    "type": 0
  },
  "licenses": {
    "name": "Apache License 1.0",
    "url": "http://www.apache.org/licenses/LICENSE-1.0"
  },
  "info": [
    {
      "id": 25401,
      "filename": "BAND_22_02.txt",
      "title": "BAND_22_02",
      "mediatype": "SNS",
      "medianame": "네이버밴드",
      "category": "일상대화",
      "date": "2021-09-15",
      "size": 1536,
      "annotations": {
        "subject": "주거와 생활",
        "speaker_type": "1:1",
        "size": 1536,
        "word_size": 512,
        "text": "1 : 집에 옷이 너무 많아서 나중에 독립하면 무조건 드레스룸 만들 거야 ㅜㅜ\n1 : 더 이상 넣을 공간이 없음\n2 : 나나야... 독립하면 더 없어\n2 : 드레스룸...? 그거 만들려면 집값이 얼마게 ^^\n3 : 키키 그럴 때는 이사 간다고 생각하고 나도 싹 버렸다고 생각하는데 지금도 많아\n3 : 과감해져야 돼\n3 : 알지?\n1 : 아니 당연히 돈 그만큼 모았을 때 독립해야지 하하\n1 : 최대한 나이 들어서도 엄마 아빠한테 붙어있을 거야 키키\n1 : 아마 난 결혼할 때 독립할 듯...\n1 : 맞아 과감하게 버려야지 ㅜㅜ\n2 : 키키 그렇군 근데 옷 버리면 너무 아까워\n2 : 전에 엄청 버렸었는데 유행 돌아와서 입고 싶은 옷 있던 적이 한두 번이 아니야  키키\n3 : 키키 내가 원래 진짜 못 버리는 성격이고 울 엄마가 죄다 버리는 스타일인데 그래도 나는 한번 버리니까 생각 안 나던데\n3 : 새로 채우자!\n1 : 나도 한번 대정리 했었는데 안 입는데도 못 버리겠어 ㅜㅜ\n1 : 언젠가 입을 거 같애...\n1 : 근데 안 입어 키키\n2 : 키키 난 잘 버리는데 이제 잘 안 버려...\n2 : 그리고 나 일 년 집 비우고 갔을 때 엄빠가 집 정리한다고 내 신발들 다 마당에 방치해둬서 진심 10켤레 넘게 다 버려짐 ㅠㅠ\n2 : 생각하면 너무 아깝다\n3 : 키키 나도 근데 진짜 잘 못 버려\n3 : 입지도 않을 거면서 모아두는 스타일\n3 : 그래도 확 버리면 속 완전 시원해 버리자!\n1 : 비싼 신발들이었어?\n1 : 그니까 다음에 또 버려볼게...\n2 : 완전 비싼 건 아니었어 키키\n2 : 그래도 내가 좋아하는 신발만 남기고 진주 가져갔던 거... ㅠㅠ\n2 : 아숩...\n2 : 어릴 때 자취할 때 친구들이랑 벼룩 많이 했는데 금방 금방 질려서\n2 : 너네도 그렇게 정리행!\n3 : 키키 맞아 당근에 팔자\n3 : 은근 소확행이야\n3 : 완전 싸게 올려 그냥\n1 : 나 당근 한번도 못해봤어\n1 : 그리고 뭔가 정 들어서 못 팔겠어 ㅜㅜ\n1 : 마음을 단단히 먹어야겠어...\n2 : 그런 데는 브랜드 아니면 잘 안 사지 않아?\n2 : 키키 마음을 단단히 먹어?\n2 : 귀엽넹!\n3 : 아니 근데 나는 거의 5000원으로 팔아서 그런가 많이 팔아 봤어 키키\n3 : 옷은 안 팔아봤당\n1 : 오 나도 팔아봐야겠다\n1 : 근데 난 옷 다 싸구려 입어서 키키\n2 : 키키 아니야 나나야\n2 : 우리가 명품이야!\n2 : 명품인 척 팔자\n3 : 키키 근데 진짜 신기한 게 옷은 버려도 버려도 많고 많아도 많아도 입을 거 없어 인정?\n1 : 키키 맞아 많은데 입을 게 없어\n1 : 그리고 내가 너무 회사에 못 입을 옷들도 많아서 회사 올 때 더 입을 거 없어 사야 돼...\n2 : 키키 인정 키키\n2 : 진짜 근데 회사밖에 갈 곳이 없어서 걍 맨날 같은 옷이야 ㅠㅠ\n3 : 맞아 나도 원래 원피스 진짜 안 입었는데 회사 다니고 엄청 사고 싶어 편해\n1 : 맞아 나는 원피스 있는데 안 입게 돼 키키\n1 : 완전 펑퍼짐한 거 아니면 오히려 불편하더라 ㅜㅜ\n2 : 그래? 치마 안 입은 지 오래돼서 어색할 것 같아  키키\n2 : 사고 싶은 거 많았는데 장바구니만 담아 놓고 엄청 고민만 했어...\n3 : 얼른 다들 옷 다 버리고 새 옷 사러 가자\n3 : 고고",
        "lines": [
          {
            "id": 1,
            "text": "1 : 집에 옷이 너무 많아서 나중에 독립하면 무조건 드레스룸 만들 거야 ㅜㅜ",
            "norm_text": "집에 옷이 너무 많아서 나중에 독립하면 무조건 드레스룸 만들 거야 ㅜㅜ",
            "speaker": {
              "id": "1번",
              "sex": "여성",
              "age": "20대"
            },
            "speechAct": "(단언) 주장하기",
            "morpheme": "집/NNG+에/JKB+옷/NNG+이/JKS+너무/MAG+많/VA+아서/EC+나중/NNG+에/JKB+독립/NNG+하/XSV+면/EC+무조건/MAG+드레스/NNG+룸/NNG+만들/VV+ETM+거/NNB+야/VCP+EF+ㅜㅜ/UNKNOWN"
          },
          {
            "id": 2,
            "text": "1 : 더 이상 넣을 공간이 없음",
            "norm_text": "더 이상 넣을 공간이 없음",
            "speaker": {
              "id": "1번",
              "sex": "여성",
              "age": "20대"
            },
            "speechAct": "(단언) 주장하기",
            "morpheme": "더/MAG+이상/NNG+넣/VV+을/ETM+공간/NNG+이/JKS+없/VA+음/ETN"
          },
          {
            "id": 3,
            "text": "2 : 나나야... 독립하면 더 없어",
            "norm_text": "나나야... 독립하면 더 없어",
            "speaker": {
              "id": "2번",
              "sex": "여성",
              "age": "20대"
            },
            "speechAct": "(단언) 주장하기",
            "morpheme": "나/NP+나/NP+야/VCP+EF+./SY+독립/NNG+하/XSV+면/EC+더/MAG+없/VA+어/EC"
          },
          {
            "id": 4,
            "text": "2 : 드레스룸...? 그거 만들려면 집값이 얼마게 ^^",
            "norm_text": "드레스룸...? 그거 만들려면 집값이 얼마게 ^^",
            "speaker": {
              "id": "2번",
              "sex": "여성",
              "age": "20대"
            },
            "speechAct": "턴토크 사인(관습적 반응)",
            "morpheme": "드레스/NNG+룸/NNG+./SY+./SY+그거/NP+만들/VV+려면/EC+집값/NNG+이/JKS+얼마/NNG+게/NNG+^/SY+^/SY"
          },
          {
            "id": 5,
            "text": "3 : 키키 그럴 때는 이사 간다고 생각하고 나도 싹 버렸다고 생각하는데 지금도 많아",
            "norm_text": "키키 그럴 때는 이사 간다고 생각하고 나도 싹 버렸다고 생각하는데 지금도 많아",
            "speaker": {
              "id": "3번",
              "sex": "여성",
              "age": "20대"
            },
            "speechAct": "(단언) 주장하기",
            "morpheme": "키/NNG+키/XSV+ETN+그럴/VV+ETM+때/NNG+는/JX+이사/NNG+간다고/VV+EC+생각/NNG+하/XSV+고/EC+나/NP+도/JX+싹/MAG+버렸/VV+EP+다고/EC+생각/NNG+하/XSV+는/ETM+데/NNB+지금/NNG+도/JX+많/VA+아/EC"
          },
          {
            "id": 6,
            "text": "3 : 과감해져야 돼",
            "norm_text": "과감해져야 돼",
            "speaker": {
              "id": "3번",
              "sex": "여성",
              "age": "20대"
            },
            "speechAct": "(단언) 주장하기",
            "morpheme": "과감/XR+해져야/XSA+EC+VX+EC+돼/VV+EC"
          },
          {
            "id": 7,
            "text": "3 : 알지?",
            "norm_text": "알지?",
            "speaker": {
              "id": "3번",
              "sex": "여성",
              "age": "20대"
            },
            "speechAct": "(지시) 질문하기",
            "morpheme": "알/VV+지/EF"
          },
          {
            "id": 8,
            "text": "1 : 아니 당연히 돈 그만큼 모았을 때 독립해야지 하하",
            "norm_text": "아니 당연히 돈 그만큼 모았을 때 독립해야지 하하",
            "speaker": {
              "id": "1번",
              "sex": "여성",
              "age": "20대"
            },
            "speechAct": "(단언) 주장하기",
            "morpheme": "아니/IC+당연히/MAG+돈/NNG+그만큼/MAG+모았/VV+EP+을/ETM+때/NNG+독립/NNG+해야/XSV+EC+지하/NNG+하/XSV"
          },
          {
            "id": 9,
            "text": "1 : 최대한 나이 들어서도 엄마 아빠한테 붙어있을 거야 키키",
            "norm_text": "최대한 나이 들어서도 엄마 아빠한테 붙어있을 거야 키키",
            "speaker": {
              "id": "1번",
              "sex": "여성",
              "age": "20대"
            },
            "speechAct": "(단언) 주장하기",
            "morpheme": "최대한/NNG+나이/NNG+들/VV+어서/EC+도/JX+엄마/NNG+아빠/NNG+한테/JKB+붙/VV+어/EC+있/VX+을/ETM+거/NNB+야/VCP+EF+키/NNG+키/XSV+ETN"
          },
          {
            "id": 10,
            "text": "1 : 아마 난 결혼할 때 독립할 듯...",
            "norm_text": "아마 난 결혼할 때 독립할 듯...",
            "speaker": {
              "id": "1번",
              "sex": "여성",
              "age": "20대"
            },
            "speechAct": "(단언) 주장하기",
            "morpheme": "아마/MAG+난/NP+JX+결혼/NNG+할/XSV+ETM+때/NNG+독립/NNG+할/XSV+ETM+듯/NNB+./SY"
          },
          {
            "id": 11,
            "text": "1 : 맞아 과감하게 버려야지 ㅜㅜ",
            "norm_text": "맞아 과감하게 버려야지 ㅜㅜ",
            "speaker": {
              "id": "1번",
              "sex": "여성",
              "age": "20대"
            },
            "speechAct": "(단언) 주장하기",
            "morpheme": "맞/VV+아/EC+과감/XR+하/XSA+게/EC+버려야/VX+EC+VX+지/EF+ㅜㅜ/UNKNOWN"
          },
          {
            "id": 12,
            "text": "2 : 키키 그렇군 근데 옷 버리면 너무 아까워",
            "norm_text": "키키 그렇군 근데 옷 버리면 너무 아까워",
            "speaker": {
              "id": "2번",
              "sex": "여성",
              "age": "20대"
            },
            "speechAct": "(단언) 주장하기",
            "morpheme": "키/NNG+키/XSV+ETN+그렇/VA+군/EF+근데/MAJ+옷/NNG+버리/VV+면/EC+너무/MAG+아까워/VA+EC"
          },
          {
            "id": 13,
            "text": "2 : 전에 엄청 버렸었는데 유행 돌아와서 입고 싶은 옷 있던 적이 한두 번이 아니야  키키",
            "norm_text": "전에 엄청 버렸었는데 유행 돌아와서 입고 싶은 옷 있던 적이 한두 번이 아니야  키키",
            "speaker": {
              "id": "2번",
              "sex": "여성",
              "age": "20대"
            },
            "speechAct": "(단언) 주장하기",
            "morpheme": "전/NNG+에/JKB+엄청/MAG+버렸었/VV+EP+는데/EC+유행/NNG+돌아와서/VV+EC+입/VV+고/EC+싶/VX+은/ETM+옷/NNG+있/VV+던/ETM+적/NNB+이/JKS+한두/MM+번/NNBC+이/JKC+아니/VCN+야/EC+키/NNG+키/XSV+ETN"
          },
          {
            "id": 14,
            "text": "3 : 키키 내가 원래 진짜 못 버리는 성격이고 울 엄마가 죄다 버리는 스타일인데 그래도 나는 한번 버리니까 생각 안 나던데",
            "norm_text": "키키 내가 원래 진짜 못 버리는 성격이고 울 엄마가 죄다 버리는 스타일인데 그래도 나는 한번 버리니까 생각 안 나던데",
            "speaker": {
              "id": "3번",
              "sex": "여성",
              "age": "20대"
            },
            "speechAct": "(단언) 주장하기",
            "morpheme": "키/NNG+키/XSV+ETN+내/NP+가/JKS+원래/MAG+진짜/MAG+못/MAG+버리/VV+는/ETM+성격/NNG+이/VCP+고/EC+울엄마/NNP+가/JKS+죄다/MAG+버리/VV+는/ETM+스타일/NNG+인데/VCP+EC+그래도/VV+EC+나/NP+는/JX+한/MM+번/NNBC+버리/VV+니까/EC+생각/NNG+안/MAG+나/VV+던데/EC"
          },
          {
            "id": 15,
            "text": "3 : 새로 채우자!",
            "norm_text": "새로 채우자!",
            "speaker": {
              "id": "3번",
              "sex": "여성",
              "age": "20대"
            },
            "speechAct": "(지시) 충고/제안하기",
            "morpheme": "새로/MAG+채우/VV+자/EF"
          },
          {
            "id": 16,
            "text": "1 : 나도 한번 대정리 했었는데 안 입는데도 못 버리겠어 ㅜㅜ",
            "norm_text": "나도 한번 대정리 했었는데 안 입는데도 못 버리겠어 ㅜㅜ",
            "speaker": {
              "id": "1번",
              "sex": "여성",
              "age": "20대"
            },
            "speechAct": "(단언) 주장하기",
            "morpheme": "나/NP+도/JX+한번/MAG+대/XPN+정리/NNG+했었/XSV+EP+는데/EC+안/MAG+입/VV+는데/EC+도/JX+못/MAG+버리/VV+겠/EP+어/EF+ㅜㅜ/UNKNOWN"
          },
          {
            "id": 17,
            "text": "1 : 언젠가 입을 거 같애...",
            "norm_text": "언젠가 입을 거 같애...",
            "speaker": {
              "id": "1번",
              "sex": "여성",
              "age": "20대"
            },
            "speechAct": "(단언) 주장하기",
            "morpheme": "언젠가/MAG+입/VV+을/ETM+거/NNB+같/VA+애/EF+./SY"
          },
          {
            "id": 18,
            "text": "1 : 근데 안 입어 키키",
            "norm_text": "근데 안 입어 키키",
            "speaker": {
              "id": "1번",
              "sex": "여성",
              "age": "20대"
            },
            "speechAct": "(단언) 주장하기",
            "morpheme": "근데/MAJ+안/MAG+입/VV+어/EC+키/NNG+키/XSV+ETN"
          },
          {
            "id": 19,
            "text": "2 : 키키 난 잘 버리는데 이제 잘 안 버려...",
            "norm_text": "키키 난 잘 버리는데 이제 잘 안 버려...",
            "speaker": {
              "id": "2번",
              "sex": "여성",
              "age": "20대"
            },
            "speechAct": "(단언) 주장하기",
            "morpheme": "키/NNG+키/XSV+ETN+난/NP+JX+잘/MAG+버리/VV+는데/EC+이제/MAG+잘/MAG+안/MAG+버려/VV+EF+./SY"
          },
          {
            "id": 20,
            "text": "2 : 그리고 나 일 년 집 비우고 갔을 때 엄빠가 집 정리한다고 내 신발들 다 마당에 방치해둬서 진심 10켤레 넘게 다 버려짐 ㅠㅠ",
            "norm_text": "그리고 나 일 년 집 비우고 갔을 때 엄빠가 집 정리한다고 내 신발들 다 마당에 방치해둬서 진심 10켤레 넘게 다 버려짐 ㅠㅠ",
            "speaker": {
              "id": "2번",
              "sex": "여성",
              "age": "20대"
            },
            "speechAct": "(단언) 진술하기",
            "morpheme": "그리고/MAJ+나/NP+일/NR+년/NNBC+집/NNG+비우/VV+고/EC+갔/VV+EP+을/ETM+때/NNG+엄/NNP+빠/NNP+가/JKS+집/NNG+정리/NNG+한다고/XSV+EC+내/NP+JKG+신발/NNG+들/XSN+다/MAG+마당/NNG+에/JKB+방치/NNG+해/XSV+EC+둬서/VX+EC+진심/NNG+10/SN+켤레/NNBC+넘/VV+게/EC+다/MAG+버려/VV+EC+짐/VX+ETN+ㅠㅠ/UNKNOWN"
          },
          {
            "id": 21,
            "text": "2 : 생각하면 너무 아깝다",
            "norm_text": "생각하면 너무 아깝다",
            "speaker": {
              "id": "2번",
              "sex": "여성",
              "age": "20대"
            },
            "speechAct": "(단언) 주장하기",
            "morpheme": "생각/NNG+하/XSV+면/EC+너무/MAG+아깝/VA+다/EC"
          },
          {
            "id": 22,
            "text": "3 : 키키 나도 근데 진짜 잘 못 버려",
            "norm_text": "키키 나도 근데 진짜 잘 못 버려",
            "speaker": {
              "id": "3번",
              "sex": "여성",
              "age": "20대"
            },
            "speechAct": "(단언) 주장하기",
            "morpheme": "키/NNG+키나/XSA+ETN+JX+도/JX+근데/MAJ+진짜/MAG+잘못/MAG+버려/VV+EC"
          },
          {
            "id": 23,
            "text": "3 : 입지도 않을 거면서 모아두는 스타일",
            "norm_text": "입지도 않을 거면서 모아두는 스타일",
            "speaker": {
              "id": "3번",
              "sex": "여성",
              "age": "20대"
            },
            "speechAct": "(단언) 주장하기",
            "morpheme": "입지/NNG+도/JX+않/VX+을/ETM+거/NNB+면서/VCP+EC+모아/VV+EC+두/VX+는/ETM+스타일/NNG"
          },
          {
            "id": 24,
            "text": "3 : 그래도 확 버리면 속 완전 시원해 버리자!",
            "norm_text": "그래도 확 버리면 속 완전 시원해 버리자!",
            "speaker": {
              "id": "3번",
              "sex": "여성",
              "age": "20대"
            },
            "speechAct": "(지시) 충고/제안하기",
            "morpheme": "그래도/MAJ+확/MAG+버리/VV+면/EC+속/NNG+완전/NNG+시원/XR+해/XSA+EC+버리/VX+자/EF"
          },
          {
            "id": 25,
            "text": "1 : 비싼 신발들이었어?",
            "norm_text": "비싼 신발들이었어?",
            "speaker": {
              "id": "1번",
              "sex": "여성",
              "age": "20대"
            },
            "speechAct": "(지시) 질문하기",
            "morpheme": "비싼/VA+ETM+신발/NNG+들/XSN+이/VCP+었/EP+어/EF"
          },
          {
            "id": 26,
            "text": "1 : 그니까 다음에 또 버려볼게...",
            "norm_text": "그니까 다음에 또 버려볼게...",
            "speaker": {
              "id": "1번",
              "sex": "여성",
              "age": "20대"
            },
            "speechAct": "(단언) 주장하기",
            "morpheme": "그니까/MAJ+다음/NNG+에/JKB+또/MAG+버려/VV+EC+볼게/VX+EF+./SY"
          },
          {
            "id": 27,
            "text": "2 : 완전 비싼 건 아니었어 키키",
            "norm_text": "완전 비싼 건 아니었어 키키",
            "speaker": {
              "id": "2번",
              "sex": "여성",
              "age": "20대"
            },
            "speechAct": "(단언) 주장하기",
            "morpheme": "완전/MAG+비싼/VA+ETM+건/NNB+JX+아니/VCN+었/EP+어/EC+키/NNG+키/XSV+ETN"
          },
          {
            "id": 28,
            "text": "2 : 그래도 내가 좋아하는 신발만 남기고 진주 가져갔던 거... ㅠㅠ",
            "norm_text": "그래도 내가 좋아하는 신발만 남기고 진주 가져갔던 거... ㅠㅠ",
            "speaker": {
              "id": "2번",
              "sex": "여성",
              "age": "20대"
            },
            "speechAct": "(단언) 주장하기",
            "morpheme": "그래도/MAJ+내/NP+가/JKS+좋/VA+아/EC+하/VV+는/ETM+신발/NNG+만/JX+남기/VV+고/EC+진주/NNG+가져갔/VV+EP+던/ETM+거/NNB+./SY+ㅠㅠ/UNKNOWN"
          },
          {
            "id": 29,
            "text": "2 : 아숩...",
            "norm_text": "아숩...",
            "speaker": {
              "id": "2번",
              "sex": "여성",
              "age": "20대"
            },
            "speechAct": "턴토크 사인(관습적 반응)",
            "morpheme": "아/IC+숩/NNG+./SY+./SY"
          },
          {
            "id": 30,
            "text": "2 : 어릴 때 자취할 때 친구들이랑 벼룩 많이 했는데 금방 금방 질려서",
            "norm_text": "어릴 때 자취할 때 친구들이랑 벼룩 많이 했는데 금방 금방 질려서",
            "speaker": {
              "id": "2번",
              "sex": "여성",
              "age": "20대"
            },
            "speechAct": "(단언) 주장하기",
            "morpheme": "어릴/VA+ETM+때/NNG+자취/NNG+할/XSV+ETM+때/NNG+친구/NNG+들/XSN+이랑/JKB+벼룩/NNG+많이/MAG+했/VV+EP+는데/EC+금방/MAG+금방/MAG+질려서/VV+EC"
          },
          {
            "id": 31,
            "text": "2 : 너네도 그렇게 정리행!",
            "norm_text": "너네도 그렇게 정리행!",
            "speaker": {
              "id": "2번",
              "sex": "여성",
              "age": "20대"
            },
            "speechAct": "(지시) 충고/제안하기",
            "morpheme": "너/NP+네/XSN+도/JX+그렇/VA+게/EC+정리/NNG+행/XSN"
          },
          {
            "id": 32,
            "text": "3 : 키키 맞아 당근에 팔자",
            "norm_text": "키키 맞아 당근에 팔자",
            "speaker": {
              "id": "3번",
              "sex": "여성",
              "age": "20대"
            },
            "speechAct": "(지시) 충고/제안하기",
            "morpheme": "키/NNG+키/XSV+ETN+맞/VV+아/EC+당근/NNG+에/JKB+팔/VV+자/EC"
          },
          {
            "id": 33,
            "text": "3 : 은근 소확행이야",
            "norm_text": "은근 소확행이야",
            "speaker": {
              "id": "3번",
              "sex": "여성",
              "age": "20대"
            },
            "speechAct": "(단언) 주장하기",
            "morpheme": "은근소확행이야/UNKNOWN"
          },
          {
            "id": 34,
            "text": "3 : 완전 싸게 올려 그냥",
            "norm_text": "완전 싸게 올려 그냥",
            "speaker": {
              "id": "3번",
              "sex": "여성",
              "age": "20대"
            },
            "speechAct": "(지시) 충고/제안하기",
            "morpheme": "완전/MAG+싸/VV+게/EC+올려/VV+EC+그냥/MAG"
          },
          {
            "id": 35,
            "text": "1 : 나 당근 한번도 못해봤어",
            "norm_text": "나 당근 한번도 못해봤어",
            "speaker": {
              "id": "1번",
              "sex": "여성",
              "age": "20대"
            },
            "speechAct": "(단언) 진술하기",
            "morpheme": "나/NP+당근/MAG+한/MM+번/NNBC+도/JX+못/MAG+해/VV+EC+봤/VX+EP+어/EC"
          },
          {
            "id": 36,
            "text": "1 : 그리고 뭔가 정 들어서 못 팔겠어 ㅜㅜ",
            "norm_text": "그리고 뭔가 정 들어서 못 팔겠어 ㅜㅜ",
            "speaker": {
              "id": "1번",
              "sex": "여성",
              "age": "20대"
            },
            "speechAct": "(단언) 주장하기",
            "morpheme": "그리고/MAJ+뭔가/NP+VCP+EC+정들/VV+어서/EC+못/MAG+팔/VV+겠/EP+어/EF+ㅜㅜ/UNKNOWN"
          },
          {
            "id": 37,
            "text": "1 : 마음을 단단히 먹어야겠어...",
            "norm_text": "마음을 단단히 먹어야겠어...",
            "speaker": {
              "id": "1번",
              "sex": "여성",
              "age": "20대"
            },
            "speechAct": "(단언) 주장하기",
            "morpheme": "마음/NNG+을/JKO+단단히/MAG+먹/VV+어야/EC+겠어/VX+EP+EF+./SY"
          },
          {
            "id": 38,
            "text": "2 : 그런 데는 브랜드 아니면 잘 안 사지 않아?",
            "norm_text": "그런 데는 브랜드 아니면 잘 안 사지 않아?",
            "speaker": {
              "id": "2번",
              "sex": "여성",
              "age": "20대"
            },
            "speechAct": "(지시) 질문하기",
            "morpheme": "그런/MM+데/NNB+는/JX+브랜드/NNG+아니/VCN+면/EC+잘/MAG+안/MAG+사/VV+지/EC+않/VX+아/EF"
          },
          {
            "id": 39,
            "text": "2 : 키키 마음을 단단히 먹어?",
            "norm_text": "키키 마음을 단단히 먹어?",
            "speaker": {
              "id": "2번",
              "sex": "여성",
              "age": "20대"
            },
            "speechAct": "턴토크 사인(관습적 반응)",
            "morpheme": "키/NNG+키/NNG+마음/NNG+을/JKO+단단히/MAG+먹/VV+어/EF"
          },
          {
            "id": 40,
            "text": "2 : 귀엽넹!",
            "norm_text": "귀엽넹!",
            "speaker": {
              "id": "2번",
              "sex": "여성",
              "age": "20대"
            },
            "speechAct": "턴토크 사인(관습적 반응)",
            "morpheme": "귀엽/VA+넹/NNP"
          },
          {
            "id": 41,
            "text": "3 : 아니 근데 나는 거의 5000원으로 팔아서 그런가 많이 팔아 봤어 키키",
            "norm_text": "아니 근데 나는 거의 5000원으로 팔아서 그런가 많이 팔아 봤어 키키",
            "speaker": {
              "id": "3번",
              "sex": "여성",
              "age": "20대"
            },
            "speechAct": "(단언) 진술하기",
            "morpheme": "아니/IC+근데/MAJ+나/NP+는/JX+거의/MAG+5000/SN+원/NNBC+으로/JKB+팔/VV+아서/EC+그런가/VA+EC+많이/MAG+팔/VV+아/EC+봤/VX+EP+어/EC+키/NNG+키/XSV+ETN"
          },
          {
            "id": 42,
            "text": "3 : 옷은 안 팔아봤당",
            "norm_text": "옷은 안 팔아봤당",
            "speaker": {
              "id": "3번",
              "sex": "여성",
              "age": "20대"
            },
            "speechAct": "(단언) 진술하기",
            "morpheme": "옷/NNG+은/JX+안/MAG+팔/VV+아/EC+봤/VX+EP+당/XSN"
          },
          {
            "id": 43,
            "text": "1 : 오 나도 팔아봐야겠다",
            "norm_text": "오 나도 팔아봐야겠다",
            "speaker": {
              "id": "1번",
              "sex": "여성",
              "age": "20대"
            },
            "speechAct": "(단언) 주장하기",
            "morpheme": "오/IC+나/NP+도/JX+팔/VV+아/EC+봐야/VX+EC+VV+겠/EP+다/EC"
          },
          {
            "id": 44,
            "text": "1 : 근데 난 옷 다 싸구려 입어서 키키",
            "norm_text": "근데 난 옷 다 싸구려 입어서 키키",
            "speaker": {
              "id": "1번",
              "sex": "여성",
              "age": "20대"
            },
            "speechAct": "(단언) 주장하기",
            "morpheme": "근데/MAJ+난/NP+JX+옷/NNG+다/MAG+싸/VA+구려/EC+입/VV+어서/EC+키/NNG+키/XSV+ETN"
          },
          {
            "id": 45,
            "text": "2 : 키키 아니야 나나야",
            "norm_text": "키키 아니야 나나야",
            "speaker": {
              "id": "2번",
              "sex": "여성",
              "age": "20대"
            },
            "speechAct": "(단언) 반박하기",
            "morpheme": "키/NNG+키/XSV+ETN+아니/VCN+야/EC+나/JX+나야/VV+EC"
          },
          {
            "id": 46,
            "text": "2 : 우리가 명품이야!",
            "norm_text": "우리가 명품이야!",
            "speaker": {
              "id": "2번",
              "sex": "여성",
              "age": "20대"
            },
            "speechAct": "(단언) 주장하기",
            "morpheme": "우리/NP+가/JKS+명품/NNG+이/VCP+야/EF"
          },
          {
            "id": 47,
            "text": "2 : 명품인 척 팔자",
            "norm_text": "명품인 척 팔자",
            "speaker": {
              "id": "2번",
              "sex": "여성",
              "age": "20대"
            },
            "speechAct": "(지시) 충고/제안하기",
            "morpheme": "명품/NNG+인척/NNG+팔자/NNG"
          },
          {
            "id": 48,
            "text": "3 : 키키 근데 진짜 신기한 게 옷은 버려도 버려도 많고 많아도 많아도 입을 거 없어 인정?",
            "norm_text": "키키 근데 진짜 신기한 게 옷은 버려도 버려도 많고 많아도 많아도 입을 거 없어 인정?",
            "speaker": {
              "id": "3번",
              "sex": "여성",
              "age": "20대"
            },
            "speechAct": "(단언) 주장하기",
            "morpheme": "키/NNG+키/XSV+ETN+근데/MAJ+진짜/MAG+신기/XR+한/XSA+ETM+게/NNB+JKS+옷/NNG+은/JX+버려도/VV+EC+버려/VX+EC+도/JX+많고많/VA+아도/EC+많/VA+아도/EC+입/VV+을/ETM+거/NNB+없/VA+어/EC+인정/NNG"
          },
          {
            "id": 49,
            "text": "1 : 키키 맞아 많은데 입을 게 없어",
            "norm_text": "키키 맞아 많은데 입을 게 없어",
            "speaker": {
              "id": "1번",
              "sex": "여성",
              "age": "20대"
            },
            "speechAct": "(단언) 주장하기",
            "morpheme": "키/NNG+키/XSV+ETN+맞/VV+아/EC+많/VA+은/ETM+데/NNB+입/VV+을/ETM+게/NNB+JKS+없/VA+어/EC"
          },
          {
            "id": 50,
            "text": "1 : 그리고 내가 너무 회사에 못 입을 옷들도 많아서 회사 올 때 더 입을 거 없어 사야 돼...",
            "norm_text": "그리고 내가 너무 회사에 못 입을 옷들도 많아서 회사 올 때 더 입을 거 없어 사야 돼...",
            "speaker": {
              "id": "1번",
              "sex": "여성",
              "age": "20대"
            },
            "speechAct": "(단언) 주장하기",
            "morpheme": "그리고/MAJ+내/NP+가/JKS+너무/MAG+회사/NNG+에/JKB+못/MAG+입/VV+을/ETM+옷/NNG+들/XSN+도/JX+많/VA+아서/EC+회사/NNG+올/MM+때/NNG+더/MAG+입/VV+을/ETM+거/NNB+없/VA+어/EC+사/VV+야/EC+돼/VV+EF+./SY"
          },
          {
            "id": 51,
            "text": "2 : 키키 인정 키키",
            "norm_text": "키키 인정 키키",
            "speaker": {
              "id": "2번",
              "sex": "여성",
              "age": "20대"
            },
            "speechAct": "턴토크 사인(관습적 반응)",
            "morpheme": "키/NNG+키/NNG+인정/NNG+키/NNG+키/XSV+ETN"
          },
          {
            "id": 52,
            "text": "2 : 진짜 근데 회사밖에 갈 곳이 없어서 걍 맨날 같은 옷이야 ㅠㅠ",
            "norm_text": "진짜 근데 회사밖에 갈 곳이 없어서 걍 맨날 같은 옷이야 ㅠㅠ",
            "speaker": {
              "id": "2번",
              "sex": "여성",
              "age": "20대"
            },
            "speechAct": "(단언) 주장하기",
            "morpheme": "진짜/MAG+근데/MAJ+회사/NNG+밖에/JX+갈/VV+ETM+곳/NNG+이/JKS+없/VA+어서/EC+걍/UNKNOWN+맨날/MAG+같/VA+은/ETM+옷/NNG+이/VCP+야/EF+ㅠㅠ/UNKNOWN"
          },
          {
            "id": 53,
            "text": "3 : 맞아 나도 원래 원피스 진짜 안 입었는데 회사 다니고 엄청 사고 싶어 편해",
            "norm_text": "맞아 나도 원래 원피스 진짜 안 입었는데 회사 다니고 엄청 사고 싶어 편해",
            "speaker": {
              "id": "3번",
              "sex": "여성",
              "age": "20대"
            },
            "speechAct": "(단언) 주장하기",
            "morpheme": "맞/VV+아/EC+나/NP+도/JX+원래/MAG+원피스/NNG+진짜/MAG+안/MAG+입/VV+었/EP+는데/EC+회사/NNG+다니/VV+고/EC+엄청/MAG+사/VV+고/EC+싶/VX+어/EC+편해/VA+EC"
          },
          {
            "id": 54,
            "text": "1 : 맞아 나는 원피스 있는데 안 입게 돼 키키",
            "norm_text": "맞아 나는 원피스 있는데 안 입게 돼 키키",
            "speaker": {
              "id": "1번",
              "sex": "여성",
              "age": "20대"
            },
            "speechAct": "(단언) 진술하기",
            "morpheme": "맞/VV+아/EC+나/NP+는/JX+원피스/NNG+있/VV+는데/EC+안/MAG+입/VV+게/EC+돼/VV+EC+키/NNG+키/XSV+ETN"
          },
          {
            "id": 55,
            "text": "1 : 완전 펑퍼짐한 거 아니면 오히려 불편하더라 ㅜㅜ",
            "norm_text": "완전 펑퍼짐한 거 아니면 오히려 불편하더라 ㅜㅜ",
            "speaker": {
              "id": "1번",
              "sex": "여성",
              "age": "20대"
            },
            "speechAct": "(단언) 주장하기",
            "morpheme": "완전/MAG+펑퍼짐/XR+한/XSA+ETM+거/NNB+아니/VCN+면/EC+오히려/MAJ+불편/NNG+하/XSV+더라/EC+ㅜㅜ/UNKNOWN"
          },
          {
            "id": 56,
            "text": "2 : 그래? 치마 안 입은 지 오래돼서 어색할 것 같아  키키",
            "norm_text": "그래? 치마 안 입은 지 오래돼서 어색할 것 같아  키키",
            "speaker": {
              "id": "2번",
              "sex": "여성",
              "age": "20대"
            },
            "speechAct": "(단언) 주장하기",
            "morpheme": "그래/IC+치마/NNG+안/MAG+입/VV+은지/EC+오래/MAG+돼서/VV+EC+어색/XR+할/XSA+ETM+것/NNB+같/VA+아/EC+키/NNG+키/XSV+ETN"
          },
          {
            "id": 57,
            "text": "2 : 사고 싶은 거 많았는데 장바구니만 담아 놓고 엄청 고민만 했어...",
            "norm_text": "사고 싶은 거 많았는데 장바구니만 담아 놓고 엄청 고민만 했어...",
            "speaker": {
              "id": "2번",
              "sex": "여성",
              "age": "20대"
            },
            "speechAct": "(단언) 진술하기",
            "morpheme": "사/VV+고/EC+싶/VX+은/ETM+거/NNB+많/VA+았/EP+는데/EC+장바구니/NNG+만/JX+담/VV+아/EC+놓/VX+고/EC+엄청/MAG+고민/NNG+만/JX+했/VV+EP+어/EF+./SY"
          },
          {
            "id": 58,
            "text": "3 : 얼른 다들 옷 다 버리고 새 옷 사러 가자",
            "norm_text": "얼른 다들 옷 다 버리고 새 옷 사러 가자",
            "speaker": {
              "id": "3번",
              "sex": "여성",
              "age": "20대"
            },
            "speechAct": "(지시) 충고/제안하기",
            "morpheme": "얼른/MAG+다/MAG+들옷/NNG+다/MAG+버리/VV+고/EC+새/VV+옷/EC+사/VV+러/EC+가/VX+자/EC"
          },
          {
            "id": 59,
            "text": "3 : 고고",
            "norm_text": "고고",
            "speaker": {
              "id": "3번",
              "sex": "여성",
              "age": "20대"
            },
            "speechAct": "턴토크 사인(관습적 반응)",
            "morpheme": "고고/NNG"
          }
        ]
      }
    }
  ]
}