{
  "dataset": {
    "identifier": 122217,
    "name": "BAND_45_12_set",
    "src_path": "/data/file/cubeManager/PROJECT001/80/txt20211103154613076633/BAND_45_12_set/",
    "label_path": "/data/file/cubeManager/PROJECT001/80/txt20211103154613076633/BAND_45_12_set/",
    "category": 2,
    "type": 0
  },
  "licenses": {
    "name": "Apache License 1.0",
    "url": "http://www.apache.org/licenses/LICENSE-1.0"
  },
  "info": [
    {
      "id": 135507,
      "filename": "BAND_45_12.txt",
      "title": "BAND_45_12",
      "mediatype": "SNS",
      "medianame": "네이버밴드",
      "category": "일상대화",
      "date": "2021-11-03",
      "size": 477,
      "annotations": {
        "subject": "여행",
        "speaker_type": "다자간 대화",
        "size": 477,
        "word_size": 169,
        "text": "1 : 강원도 여행 다녀온 적 있어?\n2 : 응 갔다 와본 적 있지\n2 : 나는 글램핑을 강원도에서 했어 키키\n3 : 오 강원도 재밌지 경치 좋고\n1 : 글램핑을 강원도에서\n1 : 오 색달랐겠다\n2 : 응 완전 좋더라\n2 : 나중에 또 가고 싶더라\n3 : 글램핑도 한번 가보고 싶어 ㅜㅠㅜ\n1 : 글램핑 존잼 ㅠㅠ\n1 : 근데 가격이 넘 사악해\n2 : 음 그런가?\n2 : 난 나름 잘 갔다 온 거 같은데 키키\n3 : 원래 돈 쓰는 맛으로 가는 거지\n1 : 내가 빨간 날에 가긴 했어 키키\n2 : 아 그러면 비싸긴 하겠다\n2 : 근데 글램핑 저녁에 시간 제한 있잖아 키키\n3 : 아 빨간 날이랑 가격이 달라?\n1 : 웅 더 비싸 ㅜㅜ\n1 : 그 10시 이후 조용히 하라는 그거?\n2 : 내가 갔던 곳은 10시 이후에 소등 해야 한다던데…\n3 : 돈이 있어도 그건 안돼...?\n1 : 난 소등은 아니고 조용히만 키키\n2 : 아 글램핑마다 룰은 좀 다르긴 한가보네\n3 : 나도 글램핑 한번 가보고 싶네",
        "lines": [
          {
            "id": 1,
            "text": "1 : 강원도 여행 다녀온 적 있어?",
            "norm_text": "강원도 여행 다녀온 적 있어?",
            "speaker": {
              "id": "1번",
              "sex": "여성",
              "age": "20대"
            },
            "speechAct": "(지시) 질문하기",
            "morpheme": "강원도/NNP+여행/NNG+다녀온/VV+ETM+적/NNB+있/VA+어/EF"
          },
          {
            "id": 2,
            "text": "2 : 응 갔다 와본 적 있지",
            "norm_text": "응 갔다 와본 적 있지",
            "speaker": {
              "id": "2번",
              "sex": "남성",
              "age": "20대"
            },
            "speechAct": "(단언) 진술하기",
            "morpheme": "응/IC+갔다와/VV+EC+본/VX+ETM+적/NNB+있/VA+지/EC"
          },
          {
            "id": 3,
            "text": "2 : 나는 글램핑을 강원도에서 했어 키키",
            "norm_text": "나는 글램핑을 강원도에서 했어 키키",
            "speaker": {
              "id": "2번",
              "sex": "남성",
              "age": "20대"
            },
            "speechAct": "(단언) 진술하기",
            "morpheme": "나/NP+는/JX+글/NNG+램/NNG+핑/NNG+을/JKO+강원도/NNP+에서/JKB+했/VV+EP+어/EC+키/NNG+키/XSV+ETN"
          },
          {
            "id": 4,
            "text": "3 : 오 강원도 재밌지 경치 좋고",
            "norm_text": "오 강원도 재밌지 경치 좋고",
            "speaker": {
              "id": "3번",
              "sex": "남성",
              "age": "20대"
            },
            "speechAct": "(단언) 주장하기",
            "morpheme": "오강원/NNP+도/JX+재밌/VA+지/EC+경치/NNG+좋/VA+고/EC"
          },
          {
            "id": 5,
            "text": "1 : 글램핑을 강원도에서",
            "norm_text": "글램핑을 강원도에서",
            "speaker": {
              "id": "1번",
              "sex": "여성",
              "age": "20대"
            },
            "speechAct": "(단언) 주장하기",
            "morpheme": "글램/NNP+핑/NNG+을/JKO+강원도/NNP+에서/JKB"
          },
          {
            "id": 6,
            "text": "1 : 오 색달랐겠다",
            "norm_text": "오 색달랐겠다",
            "speaker": {
              "id": "1번",
              "sex": "여성",
              "age": "20대"
            },
            "speechAct": "(단언) 주장하기",
            "morpheme": "오색/NNG+달랐/VA+EP+겠/EP+다/EC"
          },
          {
            "id": 7,
            "text": "2 : 응 완전 좋더라",
            "norm_text": "응 완전 좋더라",
            "speaker": {
              "id": "2번",
              "sex": "남성",
              "age": "20대"
            },
            "speechAct": "(단언) 주장하기",
            "morpheme": "응/IC+완전/MAG+좋/VA+더라/EC"
          },
          {
            "id": 8,
            "text": "2 : 나중에 또 가고 싶더라",
            "norm_text": "나중에 또 가고 싶더라",
            "speaker": {
              "id": "2번",
              "sex": "남성",
              "age": "20대"
            },
            "speechAct": "(단언) 주장하기",
            "morpheme": "나중/NNG+에/JKB+또/MAG+가/VV+고/EC+싶/VX+더라/EC"
          },
          {
            "id": 9,
            "text": "3 : 글램핑도 한번 가보고 싶어 ㅜㅠㅜ",
            "norm_text": "글램핑도 한번 가보고 싶어 ㅜㅠㅜ",
            "speaker": {
              "id": "3번",
              "sex": "남성",
              "age": "20대"
            },
            "speechAct": "(단언) 주장하기",
            "morpheme": "글램/NNP+핑/NNG+도/JX+한/MM+번/NNBC+가/JKS+보/VV+고/EC+싶/VX+어/EC+ㅜ/UNKNOWN+ㅠㅜ/UNKNOWN"
          },
          {
            "id": 10,
            "text": "1 : 글램핑 존잼 ㅠㅠ",
            "norm_text": "글램핑 존잼 ㅠㅠ",
            "speaker": {
              "id": "1번",
              "sex": "여성",
              "age": "20대"
            },
            "speechAct": "(단언) 주장하기",
            "morpheme": "글램핑존잼ㅠㅠ/UNKNOWN"
          },
          {
            "id": 11,
            "text": "1 : 근데 가격이 넘 사악해",
            "norm_text": "근데 가격이 넘 사악해",
            "speaker": {
              "id": "1번",
              "sex": "여성",
              "age": "20대"
            },
            "speechAct": "(단언) 진술하기",
            "morpheme": "근데/MAJ+가격/NNG+이/JKS+넘/MAG+사악/NNG+해/XSV+EC"
          },
          {
            "id": 12,
            "text": "2 : 음 그런가?",
            "norm_text": "음 그런가?",
            "speaker": {
              "id": "2번",
              "sex": "남성",
              "age": "20대"
            },
            "speechAct": "(지시) 질문하기",
            "morpheme": "음/IC+그런가/VA+EF"
          },
          {
            "id": 13,
            "text": "2 : 난 나름 잘 갔다 온 거 같은데 키키",
            "norm_text": "난 나름 잘 갔다 온 거 같은데 키키",
            "speaker": {
              "id": "2번",
              "sex": "남성",
              "age": "20대"
            },
            "speechAct": "(단언) 주장하기",
            "morpheme": "난/NP+JX+나름/NNB+잘/MAG+갔다온/VV+ETM+거/NNB+같/VA+은데/EC+키/NNG+키/XSV+ETN"
          },
          {
            "id": 14,
            "text": "3 : 원래 돈 쓰는 맛으로 가는 거지",
            "norm_text": "원래 돈 쓰는 맛으로 가는 거지",
            "speaker": {
              "id": "3번",
              "sex": "남성",
              "age": "20대"
            },
            "speechAct": "(단언) 주장하기",
            "morpheme": "원래/MAG+돈/NNG+쓰/VV+는/ETM+맛/NNG+으로/JKB+가/VV+는/ETM+거/NNB+지/VCP+EC"
          },
          {
            "id": 15,
            "text": "1 : 내가 빨간 날에 가긴 했어 키키",
            "norm_text": "내가 빨간 날에 가긴 했어 키키",
            "speaker": {
              "id": "1번",
              "sex": "여성",
              "age": "20대"
            },
            "speechAct": "(단언) 주장하기",
            "morpheme": "내/NP+가/JKS+빨간/VA+ETM+날/NNG+에/JKB+가/VV+긴/ETN+JX+했/VX+EP+어/EC+키/NNG+키/XSV+ETN"
          },
          {
            "id": 16,
            "text": "2 : 아 그러면 비싸긴 하겠다",
            "norm_text": "아 그러면 비싸긴 하겠다",
            "speaker": {
              "id": "2번",
              "sex": "남성",
              "age": "20대"
            },
            "speechAct": "(단언) 진술하기",
            "morpheme": "아/IC+그러면/MAJ+비싸/VA+긴/ETN+JX+하/VX+겠/EP+다/EC"
          },
          {
            "id": 17,
            "text": "2 : 근데 글램핑 저녁에 시간 제한 있잖아 키키",
            "norm_text": "근데 글램핑 저녁에 시간 제한 있잖아 키키",
            "speaker": {
              "id": "2번",
              "sex": "남성",
              "age": "20대"
            },
            "speechAct": "(단언) 진술하기",
            "morpheme": "근데/MAJ+글/NNG+램/NNG+핑/NNG+저녁/NNG+에/JKB+시간/NNG+제한/NNG+있/VV+잖아/EC+키/NNG+키/XSV+ETN"
          },
          {
            "id": 18,
            "text": "3 : 아 빨간 날이랑 가격이 달라?",
            "norm_text": "아 빨간 날이랑 가격이 달라?",
            "speaker": {
              "id": "3번",
              "sex": "남성",
              "age": "20대"
            },
            "speechAct": "(지시) 질문하기",
            "morpheme": "아/IC+빨간/VA+ETM+날/NNG+이랑/JKB+가격/NNG+이/VCP+달라/EC+VCP+EF"
          },
          {
            "id": 19,
            "text": "1 : 웅 더 비싸 ㅜㅜ",
            "norm_text": "웅 더 비싸 ㅜㅜ",
            "speaker": {
              "id": "1번",
              "sex": "여성",
              "age": "20대"
            },
            "speechAct": "(단언) 주장하기",
            "morpheme": "웅더비싸ㅜㅜ/UNKNOWN"
          },
          {
            "id": 20,
            "text": "1 : 그 10시 이후 조용히 하라는 그거?",
            "norm_text": "그 10시 이후 조용히 하라는 그거?",
            "speaker": {
              "id": "1번",
              "sex": "여성",
              "age": "20대"
            },
            "speechAct": "(지시) 질문하기",
            "morpheme": "그/MM+10/SN+시/NNBC+이후/NNG+조용히/MAG+하/VV+라는/ETM+그거/NP"
          },
          {
            "id": 21,
            "text": "2 : 내가 갔던 곳은 10시 이후에 소등 해야 한다던데…",
            "norm_text": "내가 갔던 곳은 10시 이후에 소등 해야 한다던데…",
            "speaker": {
              "id": "2번",
              "sex": "남성",
              "age": "20대"
            },
            "speechAct": "(단언) 진술하기",
            "morpheme": "내/NP+가/JKS+갔/VV+EP+던/ETM+곳/NNG+은/JX+10/SN+시/NNBC+이후/NNG+에/JKB+소등/NNG+해야/XSV+EC+한다던데/VX+EC+…/SE"
          },
          {
            "id": 22,
            "text": "3 : 돈이 있어도 그건 안돼...?",
            "norm_text": "돈이 있어도 그건 안돼...?",
            "speaker": {
              "id": "3번",
              "sex": "남성",
              "age": "20대"
            },
            "speechAct": "(지시) 질문하기",
            "morpheme": "돈/NNG+이/JKS+있/VV+어도/EC+그건/NP+JX+안/MAG+돼/VV+EF+./SY+./SY"
          },
          {
            "id": 23,
            "text": "1 : 난 소등은 아니고 조용히만 키키",
            "norm_text": "난 소등은 아니고 조용히만 키키",
            "speaker": {
              "id": "1번",
              "sex": "여성",
              "age": "20대"
            },
            "speechAct": "(단언) 진술하기",
            "morpheme": "난소/NNG+등/NNB+은/JX+아니/VCN+고/EC+조용히/MAG+만/JX+키/NNG+키/XSV+ETN"
          },
          {
            "id": 24,
            "text": "2 : 아 글램핑마다 룰은 좀 다르긴 한가보네",
            "norm_text": "아 글램핑마다 룰은 좀 다르긴 한가보네",
            "speaker": {
              "id": "2번",
              "sex": "남성",
              "age": "20대"
            },
            "speechAct": "(단언) 주장하기",
            "morpheme": "아/IC+글램/NNP+핑/NNG+마다/JX+룰/NNG+은/JX+좀/MAG+다르/VA+긴/ETN+JX+한가/VX+EC+보/VX+네/EC"
          },
          {
            "id": 25,
            "text": "3 : 나도 글램핑 한번 가보고 싶네",
            "norm_text": "나도 글램핑 한번 가보고 싶네",
            "speaker": {
              "id": "3번",
              "sex": "남성",
              "age": "20대"
            },
            "speechAct": "(단언) 주장하기",
            "morpheme": "나/NP+도/JX+글/NNG+램/NNG+핑/MAG+한/MM+번/NNBC+가/JKS+보/VV+고/EC+싶/VX+네/EC"
          }
        ]
      }
    }
  ]
}