{
  "dataset": {
    "identifier": 122327,
    "name": "BAND_45_06_set",
    "src_path": "/data/file/cubeManager/PROJECT001/80/txt20211103154613071753/BAND_45_06_set/",
    "label_path": "/data/file/cubeManager/PROJECT001/80/txt20211103154613071753/BAND_45_06_set/",
    "category": 2,
    "type": 0
  },
  "licenses": {
    "name": "Apache License 1.0",
    "url": "http://www.apache.org/licenses/LICENSE-1.0"
  },
  "info": [
    {
      "id": 135501,
      "filename": "BAND_45_06.txt",
      "title": "BAND_45_06",
      "mediatype": "SNS",
      "medianame": "네이버밴드",
      "category": "일상대화",
      "date": "2021-11-03",
      "size": 490,
      "annotations": {
        "subject": "교육",
        "speaker_type": "다자간 대화",
        "size": 490,
        "word_size": 165,
        "text": "1 : 다들 수능 봤어?\n1 : 난 안 봤어 키키\n2 : 나도 전문계라서 수능은 따로 안 봤어\n3 : 나는 수능 두번 봤어\n1 : 엥 진짜?\n1 : 점수 안 나와서 다시 본 거야?\n2 : 두번이면 재수 한 건가?\n2 : 왜 두번이야?\n3 : 나 반수하려고 두번 봤었어 하하...\n1 : ㅇㅎ 키키 난 선취업해서 안 봤는데\n2 : 나는 수시로 대학교 가긴 갔었는데 재미없더라\n3 : 나는 대학 너무 안 맞아서 자퇴했어\n1 : 아이고\n1 : 아깝다 ㅜㅜ\n1 : 난 취업 나갔다가 수시로 대학 갔어\n2 : 나도 대학 가긴 갔는데 그냥 자퇴했어 키키\n3 : 대학 친구들은 진촤 별로야\n1 : 난 과를 잘못 선택해서 후회돼\n2 : 나도 과를 잘못 선택해서 ㅠㅠ 엄청 후회중\n3 : 과가 문제였는지 동기가 문제였는지\n1 : 키키 난 혼자 결정해야 했어서 너무 급하게 지원한듯... ㅜㅠ\n2 : 나도 혼자 결정할걸\n2 : 친구가 같이 가자 해서 그래! 했는데 친구 떨어지고 나만 붙어버려서 ㅠㅠ\n3 : 친구랑 같이 갔으면 좋았을걸",
        "lines": [
          {
            "id": 1,
            "text": "1 : 다들 수능 봤어?",
            "norm_text": "다들 수능 봤어?",
            "speaker": {
              "id": "1번",
              "sex": "여성",
              "age": "20대"
            },
            "speechAct": "(지시) 질문하기",
            "morpheme": "다/MAG+들/XSN+수능/NNG+봤/VV+EP+어/EF"
          },
          {
            "id": 2,
            "text": "1 : 난 안 봤어 키키",
            "norm_text": "난 안 봤어 키키",
            "speaker": {
              "id": "1번",
              "sex": "여성",
              "age": "20대"
            },
            "speechAct": "(단언) 진술하기",
            "morpheme": "난/NP+JX+안/MAG+봤/VV+EP+어/EC+키/NNG+키/XSV+ETN"
          },
          {
            "id": 3,
            "text": "2 : 나도 전문계라서 수능은 따로 안 봤어",
            "norm_text": "나도 전문계라서 수능은 따로 안 봤어",
            "speaker": {
              "id": "2번",
              "sex": "남성",
              "age": "20대"
            },
            "speechAct": "(단언) 진술하기",
            "morpheme": "나/NP+도/JX+전문/NNG+계/XSN+라서/VCP+EC+수능/NNG+은/JX+따로/MAG+안/MAG+봤/VV+EP+어/EC"
          },
          {
            "id": 4,
            "text": "3 : 나는 수능 두번 봤어",
            "norm_text": "나는 수능 두번 봤어",
            "speaker": {
              "id": "3번",
              "sex": "남성",
              "age": "20대"
            },
            "speechAct": "(단언) 진술하기",
            "morpheme": "나/NP+는/JX+수능/NNG+두/MM+번/NNBC+봤/VV+EP+어/EC"
          },
          {
            "id": 5,
            "text": "1 : 엥 진짜?",
            "norm_text": "엥 진짜?",
            "speaker": {
              "id": "1번",
              "sex": "여성",
              "age": "20대"
            },
            "speechAct": "(지시) 질문하기",
            "morpheme": "엥/IC+진짜/MAG"
          },
          {
            "id": 6,
            "text": "1 : 점수 안 나와서 다시 본 거야?",
            "norm_text": "점수 안 나와서 다시 본 거야?",
            "speaker": {
              "id": "1번",
              "sex": "여성",
              "age": "20대"
            },
            "speechAct": "(지시) 질문하기",
            "morpheme": "점수/NNG+안/MAG+나와서/VV+EC+다시/MAG+본/VV+ETM+거/NNB+야/VCP+EF"
          },
          {
            "id": 7,
            "text": "2 : 두번이면 재수 한 건가?",
            "norm_text": "두번이면 재수 한 건가?",
            "speaker": {
              "id": "2번",
              "sex": "남성",
              "age": "20대"
            },
            "speechAct": "(지시) 질문하기",
            "morpheme": "두/MM+번/NNBC+이/VCP+면/EC+재수/NNG+한/XSA+ETM+건가/NNB+VCP+EF"
          },
          {
            "id": 8,
            "text": "2 : 왜 두번이야?",
            "norm_text": "왜 두번이야?",
            "speaker": {
              "id": "2번",
              "sex": "남성",
              "age": "20대"
            },
            "speechAct": "(지시) 질문하기",
            "morpheme": "왜/MAG+두/MM+번/NNBC+이/VCP+야/EF"
          },
          {
            "id": 9,
            "text": "3 : 나 반수하려고 두번 봤었어 하하...",
            "norm_text": "나 반수하려고 두번 봤었어 하하...",
            "speaker": {
              "id": "3번",
              "sex": "남성",
              "age": "20대"
            },
            "speechAct": "(단언) 진술하기",
            "morpheme": "나/NP+반수/NNG+하/XSV+려고/EC+두/MM+번/NNBC+봤었/VV+EP+어/EF+하하/IC+./SY"
          },
          {
            "id": 10,
            "text": "1 : ㅇㅎ 키키 난 선취업해서 안 봤는데",
            "norm_text": "ㅇㅎ 키키 난 선취업해서 안 봤는데",
            "speaker": {
              "id": "1번",
              "sex": "여성",
              "age": "20대"
            },
            "speechAct": "(단언) 진술하기",
            "morpheme": "ㅇㅎ/UNKNOWN+키/NNG+키/NNG+난선/NNG+취업/NNG+해서/XSV+EC+안/MAG+봤/VV+EP+는데/EC"
          },
          {
            "id": 11,
            "text": "2 : 나는 수시로 대학교 가긴 갔었는데 재미없더라",
            "norm_text": "나는 수시로 대학교 가긴 갔었는데 재미없더라",
            "speaker": {
              "id": "2번",
              "sex": "남성",
              "age": "20대"
            },
            "speechAct": "(단언) 진술하기",
            "morpheme": "나/NP+는/JX+수시로/MAG+대학교/NNG+가/JKS+긴/VA+ETM+갔었/VV+EP+는데/EC+재미없/VA+더라/EC"
          },
          {
            "id": 12,
            "text": "3 : 나는 대학 너무 안 맞아서 자퇴했어",
            "norm_text": "나는 대학 너무 안 맞아서 자퇴했어",
            "speaker": {
              "id": "3번",
              "sex": "남성",
              "age": "20대"
            },
            "speechAct": "(단언) 진술하기",
            "morpheme": "나/NP+는/JX+대학/NNG+너무/MAG+안/MAG+맞/VV+아서/EC+자퇴/NNG+했/XSV+EP+어/EC"
          },
          {
            "id": 13,
            "text": "1 : 아이고",
            "norm_text": "아이고",
            "speaker": {
              "id": "1번",
              "sex": "여성",
              "age": "20대"
            },
            "speechAct": "턴토크 사인(관습적 반응)",
            "morpheme": "아이/NNG+고/VCP+EC"
          },
          {
            "id": 14,
            "text": "1 : 아깝다 ㅜㅜ",
            "norm_text": "아깝다 ㅜㅜ",
            "speaker": {
              "id": "1번",
              "sex": "여성",
              "age": "20대"
            },
            "speechAct": "(단언) 진술하기",
            "morpheme": "아깝다ㅜㅜ/UNKNOWN"
          },
          {
            "id": 15,
            "text": "1 : 난 취업 나갔다가 수시로 대학 갔어",
            "norm_text": "난 취업 나갔다가 수시로 대학 갔어",
            "speaker": {
              "id": "1번",
              "sex": "여성",
              "age": "20대"
            },
            "speechAct": "(단언) 진술하기",
            "morpheme": "난/NP+JX+취업/NNG+나갔/VV+EP+다가/EC+수시로/MAG+대학/NNG+갔/VV+EP+어/EC"
          },
          {
            "id": 16,
            "text": "2 : 나도 대학 가긴 갔는데 그냥 자퇴했어 키키",
            "norm_text": "나도 대학 가긴 갔는데 그냥 자퇴했어 키키",
            "speaker": {
              "id": "2번",
              "sex": "남성",
              "age": "20대"
            },
            "speechAct": "(단언) 진술하기",
            "morpheme": "나/NP+도/JX+대학/NNG+가/VV+긴/ETN+JX+갔/VX+EP+는데/EC+그냥/MAG+자퇴/NNG+했/XSV+EP+어/EC+키/NNG+키/XSV+ETN"
          },
          {
            "id": 17,
            "text": "3 : 대학 친구들은 진촤 별로야",
            "norm_text": "대학 친구들은 진촤 별로야",
            "speaker": {
              "id": "3번",
              "sex": "남성",
              "age": "20대"
            },
            "speechAct": "(단언) 주장하기",
            "morpheme": "대학/NNG+친구/NNG+들/XSN+은/JX+진촤/UNKNOWN+별/XSN+로/JKB+야/JX"
          },
          {
            "id": 18,
            "text": "1 : 난 과를 잘못 선택해서 후회돼",
            "norm_text": "난 과를 잘못 선택해서 후회돼",
            "speaker": {
              "id": "1번",
              "sex": "여성",
              "age": "20대"
            },
            "speechAct": "(단언) 주장하기",
            "morpheme": "난/NP+JX+과/NNG+를/JKO+잘못/MAG+선택/NNG+해서/XSV+EC+후회/NNG+돼/XSV+EC"
          },
          {
            "id": 19,
            "text": "2 : 나도 과를 잘못 선택해서 ㅠㅠ 엄청 후회중",
            "norm_text": "나도 과를 잘못 선택해서 ㅠㅠ 엄청 후회중",
            "speaker": {
              "id": "2번",
              "sex": "남성",
              "age": "20대"
            },
            "speechAct": "(단언) 주장하기",
            "morpheme": "나/NP+도/JX+과/NNG+를/JKO+잘못/MAG+선택/NNG+해서/XSV+EC+ㅠㅠ/UNKNOWN+엄청/MAG+후/NNG+회중/NNG"
          },
          {
            "id": 20,
            "text": "3 : 과가 문제였는지 동기가 문제였는지",
            "norm_text": "과가 문제였는지 동기가 문제였는지",
            "speaker": {
              "id": "3번",
              "sex": "남성",
              "age": "20대"
            },
            "speechAct": "(단언) 진술하기",
            "morpheme": "과/NNG+가/JKS+문제/NNG+였/VCP+EP+는지/EC+동기/NNG+가/JKS+문제/NNG+였/VCP+EP+는지/EC"
          },
          {
            "id": 21,
            "text": "1 : 키키 난 혼자 결정해야 했어서 너무 급하게 지원한듯... ㅜㅠ",
            "norm_text": "키키 난 혼자 결정해야 했어서 너무 급하게 지원한듯... ㅜㅠ",
            "speaker": {
              "id": "1번",
              "sex": "여성",
              "age": "20대"
            },
            "speechAct": "(단언) 진술하기",
            "morpheme": "키/NNG+키/XSV+ETN+난/VV+ETM+혼자/NNG+결정/NNG+해야/XSV+EC+했/VX+EP+어서/EC+너무/MAG+급하/VA+게/EC+지원/NNG+한/XSA+ETM+듯/NNB+./SY+ㅜㅠ/UNKNOWN"
          },
          {
            "id": 22,
            "text": "2 : 나도 혼자 결정할걸",
            "norm_text": "나도 혼자 결정할걸",
            "speaker": {
              "id": "2번",
              "sex": "남성",
              "age": "20대"
            },
            "speechAct": "(단언) 주장하기",
            "morpheme": "나/NP+도/JX+혼자/NNG+결정/NNG+할걸/XSV+EC"
          },
          {
            "id": 23,
            "text": "2 : 친구가 같이 가자 해서 그래! 했는데 친구 떨어지고 나만 붙어버려서 ㅠㅠ",
            "norm_text": "친구가 같이 가자 해서 그래! 했는데 친구 떨어지고 나만 붙어버려서 ㅠㅠ",
            "speaker": {
              "id": "2번",
              "sex": "남성",
              "age": "20대"
            },
            "speechAct": "(단언) 진술하기",
            "morpheme": "친구/NNG+가/JKS+같이/MAG+가/VV+자/EC+해서/VV+EC+그래/VV+EF+했는데친구떨어지고나만붙어버려서ㅠㅠ/UNKNOWN"
          },
          {
            "id": 24,
            "text": "3 : 친구랑 같이 갔으면 좋았을걸",
            "norm_text": "친구랑 같이 갔으면 좋았을걸",
            "speaker": {
              "id": "3번",
              "sex": "남성",
              "age": "20대"
            },
            "speechAct": "(단언) 주장하기",
            "morpheme": "친구/NNG+랑/JKB+같이/MAG+갔/VV+EP+으면/EC+좋/VA+았/EP+을/ETM+걸/NNB+JKO"
          }
        ]
      }
    }
  ]
}