{
  "dataset": {
    "identifier": 98163,
    "name": "BAND_37_09_set",
    "src_path": "/data/file/cubeManager/PROJECT001/77/txt20211027150101058398/BAND_37_09_set/",
    "label_path": "/data/file/cubeManager/PROJECT001/77/txt20211027150101058398/BAND_37_09_set/",
    "category": 2,
    "type": 0
  },
  "licenses": {
    "name": "Apache License 1.0",
    "url": "http://www.apache.org/licenses/LICENSE-1.0"
  },
  "info": [
    {
      "id": 96649,
      "filename": "BAND_37_09.txt",
      "title": "BAND_37_09",
      "mediatype": "SNS",
      "medianame": "네이버밴드",
      "category": "일상대화",
      "date": "2021-10-27",
      "size": 474,
      "annotations": {
        "subject": "반려동물",
        "speaker_type": "다자간 대화",
        "size": 474,
        "word_size": 148,
        "text": "1 : 다들 동물 좋아하는 편이야!\n2 : 응 나는 어릴 때부터 동물 좋아하는데 부모님들이 싫어하셨지 ㅠㅠ\n3 : 나는 고양이를 제일 좋아해!\n1 : 그럼 집에서 키운 적은 있어?\n2 : 나는 완전 어릴 때 집에서 강아지 한번 키워본적있지 키키\n3 : 어릴 때 길고양이 한번 키웠었어\n1 : 우와 키키 다 집안에서 키운 거야?\n2 : 아니 나는 허스키 키워서 마당에서 키웠어\n3 : 나도 마당에다가 고양이 키웠었어\n1 : 나도 다 마당에서 키웠어\n2 : 젤 열심히 키운건 마당에서 토끼 2마리 정도 키워봤는데 키키\n3 : 토끼 귀엽겠다 순하고 쬐그맣고\n1 : 키키 우리집에 지금 토끼 키우는데? 키키\n2 : 앜키키 나는 토끼 키울 때 맨날 세잎클로버 따서 먹여주고 그랬는데\n3 : 부럽다 토끼도 한번 키워보고 싶은데\n1 : 키키 토끼 엄청 귀여워 키키\n1 : 근데 번식도 빠르더라고\n2 : 나는 번식도 하기전에 고양이가 물어가서 ㅠㅠ 엄청 슬펐는데\n3 : 엥 뭐야 고양이가 나빴다",
        "lines": [
          {
            "id": 1,
            "text": "1 : 다들 동물 좋아하는 편이야!",
            "norm_text": "다들 동물 좋아하는 편이야!",
            "speaker": {
              "id": "1번",
              "sex": "여성",
              "age": "20대"
            },
            "speechAct": "(단언) 주장하기",
            "morpheme": "다/MAG+들/XSN+동물/NNG+좋/VA+아/EC+하/VV+는/ETM+편/NNB+이/VCP+야/EF"
          },
          {
            "id": 2,
            "text": "2 : 응 나는 어릴 때부터 동물 좋아하는데 부모님들이 싫어하셨지 ㅠㅠ",
            "norm_text": "응 나는 어릴 때부터 동물 좋아하는데 부모님들이 싫어하셨지 ㅠㅠ",
            "speaker": {
              "id": "2번",
              "sex": "남성",
              "age": "20대"
            },
            "speechAct": "(단언) 진술하기",
            "morpheme": "응/IC+나/NP+는/JX+어릴/VA+ETM+때/NNG+부터/JX+동물/NNG+좋/VA+아/EC+하/VV+는데/EC+부모/NNG+님/XSN+들/XSN+이/JKS+싫/VA+어/EC+하/VX+셨/EP+EP+지/EF+ㅠㅠ/UNKNOWN"
          },
          {
            "id": 3,
            "text": "3 : 나는 고양이를 제일 좋아해!",
            "norm_text": "나는 고양이를 제일 좋아해!",
            "speaker": {
              "id": "3번",
              "sex": "남성",
              "age": "20대"
            },
            "speechAct": "(단언) 주장하기",
            "morpheme": "나/NP+는/JX+고양이/NNG+를/JKO+제일/MAG+좋/VA+아/EC+해/VX+EF"
          },
          {
            "id": 4,
            "text": "1 : 그럼 집에서 키운 적은 있어?",
            "norm_text": "그럼 집에서 키운 적은 있어?",
            "speaker": {
              "id": "1번",
              "sex": "여성",
              "age": "20대"
            },
            "speechAct": "(지시) 질문하기",
            "morpheme": "그럼/MAJ+집/NNG+에서/JKB+키운/VV+ETM+적/NNB+은/JX+있/VA+어/EF"
          },
          {
            "id": 5,
            "text": "2 : 나는 완전 어릴 때 집에서 강아지 한번 키워본적있지 키키",
            "norm_text": "나는 완전 어릴 때 집에서 강아지 한번 키워본적있지 키키",
            "speaker": {
              "id": "2번",
              "sex": "남성",
              "age": "20대"
            },
            "speechAct": "(단언) 진술하기",
            "morpheme": "나/NP+는/JX+완전/MAG+어릴/VA+ETM+때/NNG+집/NNG+에서/JKB+강아지/NNG+한/MM+번/NNBC+키워본/VV+EC+VX+ETM+적/NNB+있/VA+지/EC+키/NNG+키/XSV+ETN"
          },
          {
            "id": 6,
            "text": "3 : 어릴 때 길고양이 한번 키웠었어",
            "norm_text": "어릴 때 길고양이 한번 키웠었어",
            "speaker": {
              "id": "3번",
              "sex": "남성",
              "age": "20대"
            },
            "speechAct": "(단언) 진술하기",
            "morpheme": "어릴/VA+ETM+때/NNG+길/NNG+고양이/NNG+한/MM+번/NNBC+키웠었/VV+EP+어/EC"
          },
          {
            "id": 7,
            "text": "1 : 우와 키키 다 집안에서 키운 거야?",
            "norm_text": "우와 키키 다 집안에서 키운 거야?",
            "speaker": {
              "id": "1번",
              "sex": "여성",
              "age": "20대"
            },
            "speechAct": "(지시) 질문하기",
            "morpheme": "우와/IC+키/NNG+키/NNG+다/MAG+집안/NNG+에서/JKB+키운/VV+ETM+거/NNB+야/VCP+EF"
          },
          {
            "id": 8,
            "text": "2 : 아니 나는 허스키 키워서 마당에서 키웠어",
            "norm_text": "아니 나는 허스키 키워서 마당에서 키웠어",
            "speaker": {
              "id": "2번",
              "sex": "남성",
              "age": "20대"
            },
            "speechAct": "(단언) 진술하기",
            "morpheme": "아니/IC+나/NP+는/JX+허스키/NNG+키워서/VV+EC+마당/NNG+에서/JKB+키웠/VV+EP+어/EC"
          },
          {
            "id": 9,
            "text": "3 : 나도 마당에다가 고양이 키웠었어",
            "norm_text": "나도 마당에다가 고양이 키웠었어",
            "speaker": {
              "id": "3번",
              "sex": "남성",
              "age": "20대"
            },
            "speechAct": "(단언) 진술하기",
            "morpheme": "나/NP+도/JX+마당/NNG+에다가/JKB+고양이/NNG+키웠었/VV+EP+어/EC"
          },
          {
            "id": 10,
            "text": "1 : 나도 다 마당에서 키웠어",
            "norm_text": "나도 다 마당에서 키웠어",
            "speaker": {
              "id": "1번",
              "sex": "여성",
              "age": "20대"
            },
            "speechAct": "(단언) 진술하기",
            "morpheme": "나/NP+도/JX+다/MAG+마당/NNG+에서/JKB+키웠/VV+EP+어/EC"
          },
          {
            "id": 11,
            "text": "2 : 젤 열심히 키운건 마당에서 토끼 2마리 정도 키워봤는데 키키",
            "norm_text": "젤 열심히 키운건 마당에서 토끼 2마리 정도 키워봤는데 키키",
            "speaker": {
              "id": "2번",
              "sex": "남성",
              "age": "20대"
            },
            "speechAct": "(단언) 진술하기",
            "morpheme": "젤/MAG+열심히/MAG+키운/VV+ETM+건/NNB+JX+마당/NNG+에서/JKB+토끼/NNG+2/SN+마리/NNBC+정도/NNG+키워/VV+EC+봤/VX+EP+는데/EC+키/NNG+키/XSV+ETN"
          },
          {
            "id": 12,
            "text": "3 : 토끼 귀엽겠다 순하고 쬐그맣고",
            "norm_text": "토끼 귀엽겠다 순하고 쬐그맣고",
            "speaker": {
              "id": "3번",
              "sex": "남성",
              "age": "20대"
            },
            "speechAct": "(단언) 주장하기",
            "morpheme": "토끼/NNG+귀엽/VA+겠/EP+다/EF+순하/VA+고/EC+쬐그맣/VA+고/EC"
          },
          {
            "id": 13,
            "text": "1 : 키키 우리집에 지금 토끼 키우는데? 키키",
            "norm_text": "키키 우리집에 지금 토끼 키우는데? 키키",
            "speaker": {
              "id": "1번",
              "sex": "여성",
              "age": "20대"
            },
            "speechAct": "(단언) 진술하기",
            "morpheme": "키키우리집에지금토끼키우는데/UNKNOWN+키/NNG+키/XSV+ETN"
          },
          {
            "id": 14,
            "text": "2 : 앜키키 나는 토끼 키울 때 맨날 세잎클로버 따서 먹여주고 그랬는데",
            "norm_text": "앜키키 나는 토끼 키울 때 맨날 세잎클로버 따서 먹여주고 그랬는데",
            "speaker": {
              "id": "2번",
              "sex": "남성",
              "age": "20대"
            },
            "speechAct": "(단언) 진술하기",
            "morpheme": "앜키/UNKNOWN+키나/NNG+는/JX+토끼/NNG+키울/VV+ETM+때/NNG+맨날/MAG+세/MM+잎/NNG+클로버/NNG+따/VV+서/EC+먹여/VV+EC+주/VX+고/EC+그랬/VV+EP+는데/EC"
          },
          {
            "id": 15,
            "text": "3 : 부럽다 토끼도 한번 키워보고 싶은데",
            "norm_text": "부럽다 토끼도 한번 키워보고 싶은데",
            "speaker": {
              "id": "3번",
              "sex": "남성",
              "age": "20대"
            },
            "speechAct": "(단언) 주장하기",
            "morpheme": "부럽/VA+다/EC+토끼/NNG+도/JX+한/MM+번/NNBC+키워/VV+EC+보/VX+고/EC+싶/VX+은데/EC"
          },
          {
            "id": 16,
            "text": "1 : 키키 토끼 엄청 귀여워 키키",
            "norm_text": "키키 토끼 엄청 귀여워 키키",
            "speaker": {
              "id": "1번",
              "sex": "여성",
              "age": "20대"
            },
            "speechAct": "(단언) 주장하기",
            "morpheme": "키/NNG+키/NNG+토끼/NNG+엄청/MAG+귀여워/VA+EC+키/NNG+키/XSV+ETN"
          },
          {
            "id": 17,
            "text": "1 : 근데 번식도 빠르더라고",
            "norm_text": "근데 번식도 빠르더라고",
            "speaker": {
              "id": "1번",
              "sex": "여성",
              "age": "20대"
            },
            "speechAct": "(단언) 진술하기",
            "morpheme": "근데/MAJ+번식/NNG+도/JX+빠르/VA+더라고/EC"
          },
          {
            "id": 18,
            "text": "2 : 나는 번식도 하기전에 고양이가 물어가서 ㅠㅠ 엄청 슬펐는데",
            "norm_text": "나는 번식도 하기전에 고양이가 물어가서 ㅠㅠ 엄청 슬펐는데",
            "speaker": {
              "id": "2번",
              "sex": "남성",
              "age": "20대"
            },
            "speechAct": "(단언) 진술하기",
            "morpheme": "나/NP+는/JX+번식/NNG+도/JX+하/VV+기/ETN+전/NNG+에/JKB+고양이/NNG+가/JKS+물/VV+어/EC+가/VX+서/EC+ㅠㅠ/UNKNOWN+엄청/MAG+슬펐/VA+EP+는데/EC"
          },
          {
            "id": 19,
            "text": "3 : 엥 뭐야 고양이가 나빴다",
            "norm_text": "엥 뭐야 고양이가 나빴다",
            "speaker": {
              "id": "3번",
              "sex": "남성",
              "age": "20대"
            },
            "speechAct": "(단언) 주장하기",
            "morpheme": "엥/IC+뭐/IC+야/IC+고양이/NNG+가/JKS+나빴/VA+EP+다/EC"
          }
        ]
      }
    }
  ]
}