{
  "dataset": {
    "identifier": 112652,
    "name": "BAND_42_09_set",
    "src_path": "/data/file/cubeManager/PROJECT001/80/txt20211102154324030675/BAND_42_09_set/",
    "label_path": "/data/file/cubeManager/PROJECT001/80/txt20211102154324030675/BAND_42_09_set/",
    "category": 2,
    "type": 0
  },
  "licenses": {
    "name": "Apache License 1.0",
    "url": "http://www.apache.org/licenses/LICENSE-1.0"
  },
  "info": [
    {
      "id": 130313,
      "filename": "BAND_42_09.txt",
      "title": "BAND_42_09",
      "mediatype": "SNS",
      "medianame": "네이버밴드",
      "category": "일상대화",
      "date": "2021-11-02",
      "size": 532,
      "annotations": {
        "subject": "반려동물",
        "speaker_type": "다자간 대화",
        "size": 532,
        "word_size": 170,
        "text": "1 : 애견 카페 가본 사람~?~?~?\n2 : 애견 동반 가능 음식점은 가봄~ ^^\n3 : 나는 아직 안 가봤어!\n3 : 천국이겠지?\n1 : 어떨지 궁금해\n1 : 다양한 강아지들이 있겠지?\n2 : 키키 마저 마저 ㅜㅜ\n2 : 막 줄 없이 뛰어놀구 그럴 거 아녀\n3 : 자유로운 귀요미들... 가득 좋겠다\n1 : 키키 근데 나 강아지 무서워해서 적응하고 가야 해\n2 : 키키 헐 ㅜㅜ 글쿠나,\n2 : 강쥐들 무서워하는 사람들은 진짜 무서워하더라\n3 : 작은 건 귀여운데 큰 거는 좀 무섭긴 해 ㅠㅠ\n1 : 웅 ㅜㅜ 그래서 주로 보는 걸 좋아해...\n2 : 이런, 큰 강쥐들이 오히려 점잖고 착한 애들이 많다구~^^\n3 : 영상으로라도 만족하며... 보긴 해야는데\n1 : 가까워지는 데 약간의 시간이 필요해\n2 : 키키 꼭 동물 친구들이랑 친해지길 바라\n3 : 애들이 마음은 여려...\n3 : 다가가면 빠르게 가까워질 거야!\n1 : 갈 수나 있으라나 모르겠네\n1 : 키키 도전!\n2 : 아님 울 개 보러 와~\n2 : 강아지와 친해지길 바라 프로젝트\n3 : 나도 다음에 한번 가봐야겠다!\n3 : 좋앙~",
        "lines": [
          {
            "id": 1,
            "text": "1 : 애견 카페 가본 사람~?~?~?",
            "norm_text": "애견 카페 가본 사람~?~?~?",
            "speaker": {
              "id": "1번",
              "sex": "여성",
              "age": "20대"
            },
            "speechAct": "(지시) 질문하기",
            "morpheme": "애견/NNG+카페/NNG+가/JKS+본/VV+ETM+사람/NNG+~/SY+~/SY+~/SY"
          },
          {
            "id": 2,
            "text": "2 : 애견 동반 가능 음식점은 가봄~ ^^",
            "norm_text": "애견 동반 가능 음식점은 가봄~ ^^",
            "speaker": {
              "id": "2번",
              "sex": "여성",
              "age": "20대"
            },
            "speechAct": "(단언) 주장하기",
            "morpheme": "애견/NNG+동반/NNG+가능/NNG+음식점/NNG+은/JX+가/JKS+봄/NNG+~/SY+^/SY+^/SY"
          },
          {
            "id": 3,
            "text": "3 : 나는 아직 안 가봤어!",
            "norm_text": "나는 아직 안 가봤어!",
            "speaker": {
              "id": "3번",
              "sex": "남성",
              "age": "20대"
            },
            "speechAct": "(단언) 주장하기",
            "morpheme": "나/NP+는/JX+아직/MAG+안/MAG+가/VV+EC+봤/VX+EP+어/EF"
          },
          {
            "id": 4,
            "text": "3 : 천국이겠지?",
            "norm_text": "천국이겠지?",
            "speaker": {
              "id": "3번",
              "sex": "남성",
              "age": "20대"
            },
            "speechAct": "(지시) 질문하기",
            "morpheme": "천국/NNG+이/VCP+겠/EP+지/EF"
          },
          {
            "id": 5,
            "text": "1 : 어떨지 궁금해",
            "norm_text": "어떨지 궁금해",
            "speaker": {
              "id": "1번",
              "sex": "여성",
              "age": "20대"
            },
            "speechAct": "(단언) 주장하기",
            "morpheme": "어떨지/VA+EC+궁금/XR+해/XSA+EC"
          },
          {
            "id": 6,
            "text": "1 : 다양한 강아지들이 있겠지?",
            "norm_text": "다양한 강아지들이 있겠지?",
            "speaker": {
              "id": "1번",
              "sex": "여성",
              "age": "20대"
            },
            "speechAct": "(지시) 질문하기",
            "morpheme": "다양/XR+한/XSA+ETM+강아지/NNG+들/XSN+이/JKS+있/VA+겠/EP+지/EF"
          },
          {
            "id": 7,
            "text": "2 : 키키 마저 마저 ㅜㅜ",
            "norm_text": "키키 마저 마저 ㅜㅜ",
            "speaker": {
              "id": "2번",
              "sex": "여성",
              "age": "20대"
            },
            "speechAct": "(단언) 주장하기",
            "morpheme": "키키마저마저ㅜㅜ/UNKNOWN"
          },
          {
            "id": 8,
            "text": "2 : 막 줄 없이 뛰어놀구 그럴 거 아녀",
            "norm_text": "막 줄 없이 뛰어놀구 그럴 거 아녀",
            "speaker": {
              "id": "2번",
              "sex": "여성",
              "age": "20대"
            },
            "speechAct": "(단언) 주장하기",
            "morpheme": "막/MAJ+줄/NNG+없이/MAG+뛰어놀/VV+구/EC+그럴/VV+ETM+거/NNB+아녀/VCN+EC"
          },
          {
            "id": 9,
            "text": "3 : 자유로운 귀요미들... 가득 좋겠다",
            "norm_text": "자유로운 귀요미들... 가득 좋겠다",
            "speaker": {
              "id": "3번",
              "sex": "남성",
              "age": "20대"
            },
            "speechAct": "(단언) 주장하기",
            "morpheme": "자유/NNG+로운/XSA+ETM+귀요미/NNG+들/XSN+./SY+가득/MAG+좋/VA+겠/EP+다/EC"
          },
          {
            "id": 10,
            "text": "1 : 키키 근데 나 강아지 무서워해서 적응하고 가야 해",
            "norm_text": "키키 근데 나 강아지 무서워해서 적응하고 가야 해",
            "speaker": {
              "id": "1번",
              "sex": "여성",
              "age": "20대"
            },
            "speechAct": "(단언) 주장하기",
            "morpheme": "키/NNG+키/XSV+ETN+근데/MAJ+나/NP+강아지/NNG+무서워해서/VV+EC+적응/NNG+하/XSV+고/EC+가/VX+야/EC+해/VV+EC"
          },
          {
            "id": 11,
            "text": "2 : 키키 헐 ㅜㅜ 글쿠나,",
            "norm_text": "키키 헐 ㅜㅜ 글쿠나,",
            "speaker": {
              "id": "2번",
              "sex": "여성",
              "age": "20대"
            },
            "speechAct": "(단언) 주장하기",
            "morpheme": "키키헐ㅜㅜ글쿠나/UNKNOWN+,/SC"
          },
          {
            "id": 12,
            "text": "2 : 강쥐들 무서워하는 사람들은 진짜 무서워하더라",
            "norm_text": "강쥐들 무서워하는 사람들은 진짜 무서워하더라",
            "speaker": {
              "id": "2번",
              "sex": "여성",
              "age": "20대"
            },
            "speechAct": "(단언) 진술하기",
            "morpheme": "강/NNG+쥐/NNG+들/XSN+무서워하/VV+는/ETM+사람/NNG+들/XSN+은/JX+진짜/MAG+무서워/VA+EC+하/VV+더라/EC"
          },
          {
            "id": 13,
            "text": "3 : 작은 건 귀여운데 큰 거는 좀 무섭긴 해 ㅠㅠ",
            "norm_text": "작은 건 귀여운데 큰 거는 좀 무섭긴 해 ㅠㅠ",
            "speaker": {
              "id": "3번",
              "sex": "남성",
              "age": "20대"
            },
            "speechAct": "(단언) 주장하기",
            "morpheme": "작/VA+은/ETM+건/NNB+JX+귀여운/VA+ETM+데/NNB+큰/VA+ETM+거/NNB+는/JX+좀/MAG+무섭/VA+긴/ETN+JX+해/VX+EF+ㅠㅠ/UNKNOWN"
          },
          {
            "id": 14,
            "text": "1 : 웅 ㅜㅜ 그래서 주로 보는 걸 좋아해...",
            "norm_text": "웅 ㅜㅜ 그래서 주로 보는 걸 좋아해...",
            "speaker": {
              "id": "1번",
              "sex": "여성",
              "age": "20대"
            },
            "speechAct": "(단언) 주장하기",
            "morpheme": "웅ㅜㅜ그래서주로보는걸좋아해/UNKNOWN+./SY"
          },
          {
            "id": 15,
            "text": "2 : 이런, 큰 강쥐들이 오히려 점잖고 착한 애들이 많다구~^^",
            "norm_text": "이런, 큰 강쥐들이 오히려 점잖고 착한 애들이 많다구~^^",
            "speaker": {
              "id": "2번",
              "sex": "여성",
              "age": "20대"
            },
            "speechAct": "(단언) 주장하기",
            "morpheme": "이런/MM+,/SC+큰강쥐들이오히려점잖고착한애들이많다구/UNKNOWN+~/SY+^/SY+^/SY"
          },
          {
            "id": 16,
            "text": "3 : 영상으로라도 만족하며... 보긴 해야는데",
            "norm_text": "영상으로라도 만족하며... 보긴 해야는데",
            "speaker": {
              "id": "3번",
              "sex": "남성",
              "age": "20대"
            },
            "speechAct": "(단언) 주장하기",
            "morpheme": "영상/NNG+으로/JKB+라도/VCP+EC+만족/NNG+하/XSV+며/EC+./SY+./SY+보/VV+긴/ETN+JX+해야/VX+EC+VX+는데/EC"
          },
          {
            "id": 17,
            "text": "1 : 가까워지는 데 약간의 시간이 필요해",
            "norm_text": "가까워지는 데 약간의 시간이 필요해",
            "speaker": {
              "id": "1번",
              "sex": "여성",
              "age": "20대"
            },
            "speechAct": "(단언) 주장하기",
            "morpheme": "가까워/VA+EC+지/VX+는데/EC+약간/NNG+의/JKG+시간/NNG+이/JKS+필요/NNG+해/XSV+EC"
          },
          {
            "id": 18,
            "text": "2 : 키키 꼭 동물 친구들이랑 친해지길 바라",
            "norm_text": "키키 꼭 동물 친구들이랑 친해지길 바라",
            "speaker": {
              "id": "2번",
              "sex": "여성",
              "age": "20대"
            },
            "speechAct": "(단언) 주장하기",
            "morpheme": "키/NNG+키/XSV+ETN+꼭/MAG+동물/NNG+친구/NNG+들/XSN+이랑/JKB+친해/VA+EC+지/VX+길/ETN+JKO+바라/VV+EC"
          },
          {
            "id": 19,
            "text": "3 : 애들이 마음은 여려...",
            "norm_text": "애들이 마음은 여려...",
            "speaker": {
              "id": "3번",
              "sex": "남성",
              "age": "20대"
            },
            "speechAct": "(단언) 주장하기",
            "morpheme": "애/NNG+들/XSN+이/JKS+마음/NNG+은/JX+여려/VA+EC+./SY+./SY"
          },
          {
            "id": 20,
            "text": "3 : 다가가면 빠르게 가까워질 거야!",
            "norm_text": "다가가면 빠르게 가까워질 거야!",
            "speaker": {
              "id": "3번",
              "sex": "남성",
              "age": "20대"
            },
            "speechAct": "(단언) 주장하기",
            "morpheme": "다가가/VV+면/EC+빠르/VA+게/EC+가까워질/VA+EC+VX+ETM+거/NNB+야/VCP+EF"
          },
          {
            "id": 21,
            "text": "1 : 갈 수나 있으라나 모르겠네",
            "norm_text": "갈 수나 있으라나 모르겠네",
            "speaker": {
              "id": "1번",
              "sex": "여성",
              "age": "20대"
            },
            "speechAct": "(단언) 주장하기",
            "morpheme": "갈/VV+ETM+수/NNB+나/VV+EC+있/VX+으라나/EF+모르/VV+겠/EP+네/EF"
          },
          {
            "id": 22,
            "text": "1 : 키키 도전!",
            "norm_text": "키키 도전!",
            "speaker": {
              "id": "1번",
              "sex": "여성",
              "age": "20대"
            },
            "speechAct": "(단언) 주장하기",
            "morpheme": "키/NNG+키/XSV+ETN+도/JX+전/NNG"
          },
          {
            "id": 23,
            "text": "2 : 아님 울 개 보러 와~",
            "norm_text": "아님 울 개 보러 와~",
            "speaker": {
              "id": "2번",
              "sex": "여성",
              "age": "20대"
            },
            "speechAct": "(지시) 충고/제안하기",
            "morpheme": "아님울개보러와/UNKNOWN+~/SY"
          },
          {
            "id": 24,
            "text": "2 : 강아지와 친해지길 바라 프로젝트",
            "norm_text": "강아지와 친해지길 바라 프로젝트",
            "speaker": {
              "id": "2번",
              "sex": "여성",
              "age": "20대"
            },
            "speechAct": "(단언) 주장하기",
            "morpheme": "강아지/NNG+와/JKB+친해/VA+EC+지/VX+길/ETN+JKO+바라/VV+EC+프로젝트/NNG"
          },
          {
            "id": 25,
            "text": "3 : 나도 다음에 한번 가봐야겠다!",
            "norm_text": "나도 다음에 한번 가봐야겠다!",
            "speaker": {
              "id": "3번",
              "sex": "남성",
              "age": "20대"
            },
            "speechAct": "(단언) 주장하기",
            "morpheme": "나/NP+도/JX+다음/NNG+에/JKB+한/MM+번/NNBC+가/VV+봐야/EC+VX+EC+VX+겠/EP+다/EF"
          },
          {
            "id": 26,
            "text": "3 : 좋앙~",
            "norm_text": "좋앙~",
            "speaker": {
              "id": "3번",
              "sex": "남성",
              "age": "20대"
            },
            "speechAct": "(단언) 주장하기",
            "morpheme": "좋/VA+앙/EC+~/SY"
          }
        ]
      }
    }
  ]
}