{
  "dataset": {
    "identifier": 122418,
    "name": "BAND_45_05_set",
    "src_path": "/data/file/cubeManager/PROJECT001/80/txt20211103154613070947/BAND_45_05_set/",
    "label_path": "/data/file/cubeManager/PROJECT001/80/txt20211103154613070947/BAND_45_05_set/",
    "category": 2,
    "type": 0
  },
  "licenses": {
    "name": "Apache License 1.0",
    "url": "http://www.apache.org/licenses/LICENSE-1.0"
  },
  "info": [
    {
      "id": 135500,
      "filename": "BAND_45_05.txt",
      "title": "BAND_45_05",
      "mediatype": "SNS",
      "medianame": "네이버밴드",
      "category": "일상대화",
      "date": "2021-11-03",
      "size": 505,
      "annotations": {
        "subject": "군대",
        "speaker_type": "다자간 대화",
        "size": 505,
        "word_size": 167,
        "text": "1 : 군대 선임 기준이 뭐야?\n2 : 그건 부대마다 틀려서 몇개월이라는 기준이 있어\n3 : 우린 개월 수로 잘랐는데 6개월\n1 : 아아 다 다르구나 키키\n1 : 다들 몇개월이었어?\n2 : 나는 3개월이였지\n2 : 딱 중간이라서 난 나름 괜찮았지 키키\n3 : 3개월이 제일 적당한 거 같긴 해\n1 : 다들 바로 위 선임들은 괜찮았어?\n2 : 전혀...\n2 : 원래 선임이라면 무조건 기피대상 1순위지\n3 : 맞아\n3 : 나는 맞선임 진짜 최악이었어\n1 : 키키 아니구나\n1 : 미안 키키\n1 : 어땠는지 물어봐도 돼?\n2 : 그냥 아무 이유 없이 시비 걸고 뭐 혼내고 괴롭히고 그렇지 뭐 키키\n3 : 자기가 잘못하고 우릴 혼내\n1 : 어후 최악인데 그거 키키 뭐라 할 수도 없고\n2 : 관물대에 넣어 놓고 얻어맞은 것도 기억나네\n3 : 마음 같아선 반으로 열다섯 번도 접었지\n1 : 헐 너무하네 ...\n1 : 때리기도 한 거야?\n2 : 응 우리는 없어질 부대라서 부조리가 좀 심했어\n2 : 싸대기는 당연한 거고 키키\n3 : 우린 욕이 진짜 심했는데",
        "lines": [
          {
            "id": 1,
            "text": "1 : 군대 선임 기준이 뭐야?",
            "norm_text": "군대 선임 기준이 뭐야?",
            "speaker": {
              "id": "1번",
              "sex": "여성",
              "age": "20대"
            },
            "speechAct": "(지시) 질문하기",
            "morpheme": "군대/NNG+선임/NNG+기준/NNG+이/JKS+뭐/NP+야/VCP+EF"
          },
          {
            "id": 2,
            "text": "2 : 그건 부대마다 틀려서 몇개월이라는 기준이 있어",
            "norm_text": "그건 부대마다 틀려서 몇개월이라는 기준이 있어",
            "speaker": {
              "id": "2번",
              "sex": "남성",
              "age": "20대"
            },
            "speechAct": "(단언) 진술하기",
            "morpheme": "그건/NP+JX+부대/NNG+마다/JX+틀려서/VA+EC+몇/MM+개월/NNBC+이/VCP+라는/ETM+기준/NNG+이/JKS+있/VV+어/EC"
          },
          {
            "id": 3,
            "text": "3 : 우린 개월 수로 잘랐는데 6개월",
            "norm_text": "우린 개월 수로 잘랐는데 6개월",
            "speaker": {
              "id": "3번",
              "sex": "남성",
              "age": "20대"
            },
            "speechAct": "(단언) 주장하기",
            "morpheme": "우린/NP+JX+개월/NNBC+수/NNG+로/JKB+잘랐/VV+EP+는데/EC+6/SN+개월/NNBC"
          },
          {
            "id": 4,
            "text": "1 : 아아 다 다르구나 키키",
            "norm_text": "아아 다 다르구나 키키",
            "speaker": {
              "id": "1번",
              "sex": "여성",
              "age": "20대"
            },
            "speechAct": "(단언) 주장하기",
            "morpheme": "아아/IC+다/MAG+다르/VA+구나/EF+키/NNG+키/XSV+ETN"
          },
          {
            "id": 5,
            "text": "1 : 다들 몇개월이었어?",
            "norm_text": "다들 몇개월이었어?",
            "speaker": {
              "id": "1번",
              "sex": "여성",
              "age": "20대"
            },
            "speechAct": "(지시) 질문하기",
            "morpheme": "다/MAG+들/XSN+몇/MM+개월/NNBC+이/VCP+었/EP+어/EF"
          },
          {
            "id": 6,
            "text": "2 : 나는 3개월이였지",
            "norm_text": "나는 3개월이였지",
            "speaker": {
              "id": "2번",
              "sex": "남성",
              "age": "20대"
            },
            "speechAct": "(단언) 진술하기",
            "morpheme": "나/NP+는/JX+3/SN+개월/NNBC+이/VCP+였/EP+지/EC"
          },
          {
            "id": 7,
            "text": "2 : 딱 중간이라서 난 나름 괜찮았지 키키",
            "norm_text": "딱 중간이라서 난 나름 괜찮았지 키키",
            "speaker": {
              "id": "2번",
              "sex": "남성",
              "age": "20대"
            },
            "speechAct": "(단언) 주장하기",
            "morpheme": "딱/MAG+중간/NNG+이/VCP+라서/EC+난/VX+ETM+나름/NNB+괜찮/VA+았/EP+지/EC+키/NNG+키/XSV+ETN"
          },
          {
            "id": 8,
            "text": "3 : 3개월이 제일 적당한 거 같긴 해",
            "norm_text": "3개월이 제일 적당한 거 같긴 해",
            "speaker": {
              "id": "3번",
              "sex": "남성",
              "age": "20대"
            },
            "speechAct": "(단언) 주장하기",
            "morpheme": "3/SN+개월/NNBC+이/JKS+제일/MAG+적당/XR+한/XSA+ETM+거/NNB+같/VA+긴/ETN+JX+해/VX+EC"
          },
          {
            "id": 9,
            "text": "1 : 다들 바로 위 선임들은 괜찮았어?",
            "norm_text": "다들 바로 위 선임들은 괜찮았어?",
            "speaker": {
              "id": "1번",
              "sex": "여성",
              "age": "20대"
            },
            "speechAct": "(지시) 질문하기",
            "morpheme": "다/MAG+들/XSN+바로/MAG+위/NNG+선임/NNG+들/XSN+은/JX+괜찮/VA+았/EP+어/EF"
          },
          {
            "id": 10,
            "text": "2 : 전혀...",
            "norm_text": "전혀...",
            "speaker": {
              "id": "2번",
              "sex": "남성",
              "age": "20대"
            },
            "speechAct": "(단언) 주장하기",
            "morpheme": "전혀/MAG+./SY"
          },
          {
            "id": 11,
            "text": "2 : 원래 선임이라면 무조건 기피대상 1순위지",
            "norm_text": "원래 선임이라면 무조건 기피대상 1순위지",
            "speaker": {
              "id": "2번",
              "sex": "남성",
              "age": "20대"
            },
            "speechAct": "(단언) 주장하기",
            "morpheme": "원래/MAG+선임/NNG+이/VCP+라면/EC+무조건/MAG+기피/NNG+대상/NNG+1/SN+순위/NNG+지/VCP+EC"
          },
          {
            "id": 12,
            "text": "3 : 맞아",
            "norm_text": "맞아",
            "speaker": {
              "id": "3번",
              "sex": "남성",
              "age": "20대"
            },
            "speechAct": "(단언) 주장하기",
            "morpheme": "맞/VV+아/EC"
          },
          {
            "id": 13,
            "text": "3 : 나는 맞선임 진짜 최악이었어",
            "norm_text": "나는 맞선임 진짜 최악이었어",
            "speaker": {
              "id": "3번",
              "sex": "남성",
              "age": "20대"
            },
            "speechAct": "(단언) 주장하기",
            "morpheme": "나/NP+는/JX+맞선/NNG+임/VCP+ETN+진짜/MAG+최악/NNG+이/VCP+었/EP+어/EC"
          },
          {
            "id": 14,
            "text": "1 : 키키 아니구나",
            "norm_text": "키키 아니구나",
            "speaker": {
              "id": "1번",
              "sex": "여성",
              "age": "20대"
            },
            "speechAct": "(단언) 주장하기",
            "morpheme": "키/NNG+키/XSV+ETN+아니/VCN+구나/EC"
          },
          {
            "id": 15,
            "text": "1 : 미안 키키",
            "norm_text": "미안 키키",
            "speaker": {
              "id": "1번",
              "sex": "여성",
              "age": "20대"
            },
            "speechAct": "(표현) 사과하기",
            "morpheme": "미안/NNG+키/NNG+키/XSV+ETN"
          },
          {
            "id": 16,
            "text": "1 : 어땠는지 물어봐도 돼?",
            "norm_text": "어땠는지 물어봐도 돼?",
            "speaker": {
              "id": "1번",
              "sex": "여성",
              "age": "20대"
            },
            "speechAct": "(지시) 질문하기",
            "morpheme": "어땠/VA+EP+는지/EC+물어봐도/VV+EC+돼/VV+EF"
          },
          {
            "id": 17,
            "text": "2 : 그냥 아무 이유 없이 시비 걸고 뭐 혼내고 괴롭히고 그렇지 뭐 키키",
            "norm_text": "그냥 아무 이유 없이 시비 걸고 뭐 혼내고 괴롭히고 그렇지 뭐 키키",
            "speaker": {
              "id": "2번",
              "sex": "남성",
              "age": "20대"
            },
            "speechAct": "(단언) 주장하기",
            "morpheme": "그냥/MAG+아무/MM+이유/NNG+없이/MAG+시비/NNG+걸고/NNB+VCP+EF+뭐/IC+혼내/VV+고/EC+괴롭히/VV+고/EC+그렇/VA+지/EF+뭐/IC+키/NNG+키/XSV+ETN"
          },
          {
            "id": 18,
            "text": "3 : 자기가 잘못하고 우릴 혼내",
            "norm_text": "자기가 잘못하고 우릴 혼내",
            "speaker": {
              "id": "3번",
              "sex": "남성",
              "age": "20대"
            },
            "speechAct": "(단언) 주장하기",
            "morpheme": "자기/NP+가/JKS+잘못/MAG+하/VV+고/EC+우릴/NP+JKO+혼내/VV+EC"
          },
          {
            "id": 19,
            "text": "1 : 어후 최악인데 그거 키키 뭐라 할 수도 없고",
            "norm_text": "어후 최악인데 그거 키키 뭐라 할 수도 없고",
            "speaker": {
              "id": "1번",
              "sex": "여성",
              "age": "20대"
            },
            "speechAct": "(단언) 주장하기",
            "morpheme": "어후/IC+최악/NNG+인데/VCP+EC+그거/NP+키/NNG+키/XSV+ETN+뭐/NP+라/VCP+EC+할/VX+ETM+수/NNB+도/JX+없/VA+고/EC"
          },
          {
            "id": 20,
            "text": "2 : 관물대에 넣어 놓고 얻어맞은 것도 기억나네",
            "norm_text": "관물대에 넣어 놓고 얻어맞은 것도 기억나네",
            "speaker": {
              "id": "2번",
              "sex": "남성",
              "age": "20대"
            },
            "speechAct": "(단언) 주장하기",
            "morpheme": "관물/NNG+대/XSN+에/JKB+넣/VV+어/EC+놓/VX+고/EC+얻어맞/VV+은/ETM+것/NNB+도/JX+기억/NNG+나/NP+네/XSN"
          },
          {
            "id": 21,
            "text": "3 : 마음 같아선 반으로 열다섯 번도 접었지",
            "norm_text": "마음 같아선 반으로 열다섯 번도 접었지",
            "speaker": {
              "id": "3번",
              "sex": "남성",
              "age": "20대"
            },
            "speechAct": "(단언) 주장하기",
            "morpheme": "마음/NNG+같/VA+아/EC+선반/NNG+으로/JKB+열/NR+다섯/NR+번/NNBC+도/JX+접/VV+었/EP+지/EC"
          },
          {
            "id": 22,
            "text": "1 : 헐 너무하네 ...",
            "norm_text": "헐 너무하네 ...",
            "speaker": {
              "id": "1번",
              "sex": "여성",
              "age": "20대"
            },
            "speechAct": "(단언) 주장하기",
            "morpheme": "헐/IC+너무/MAG+하/VV+네/EF+./SY"
          },
          {
            "id": 23,
            "text": "1 : 때리기도 한 거야?",
            "norm_text": "때리기도 한 거야?",
            "speaker": {
              "id": "1번",
              "sex": "여성",
              "age": "20대"
            },
            "speechAct": "(지시) 질문하기",
            "morpheme": "때리/VV+기/ETN+도/JX+한/VV+ETM+거/NNB+야/VCP+EF"
          },
          {
            "id": 24,
            "text": "2 : 응 우리는 없어질 부대라서 부조리가 좀 심했어",
            "norm_text": "응 우리는 없어질 부대라서 부조리가 좀 심했어",
            "speaker": {
              "id": "2번",
              "sex": "남성",
              "age": "20대"
            },
            "speechAct": "(단언) 주장하기",
            "morpheme": "응/IC+우리/NP+는/JX+없/VA+어/EC+질/VX+ETM+부대/NNG+라서/VCP+EC+부조리/NNG+가/JKS+좀/MAG+심했/VA+EP+어/EC"
          },
          {
            "id": 25,
            "text": "2 : 싸대기는 당연한 거고 키키",
            "norm_text": "싸대기는 당연한 거고 키키",
            "speaker": {
              "id": "2번",
              "sex": "남성",
              "age": "20대"
            },
            "speechAct": "(단언) 주장하기",
            "morpheme": "싸대/VV+기/ETN+는/JX+당연/XR+한/XSA+ETM+거/NNB+고/VCP+EC+키/NNG+키/XSV+ETN"
          },
          {
            "id": 26,
            "text": "3 : 우린 욕이 진짜 심했는데",
            "norm_text": "우린 욕이 진짜 심했는데",
            "speaker": {
              "id": "3번",
              "sex": "남성",
              "age": "20대"
            },
            "speechAct": "(단언) 주장하기",
            "morpheme": "우린/NP+JX+욕/NNG+이/JKS+진짜/MAG+심했/VA+EP+는데/EC"
          }
        ]
      }
    }
  ]
}