{
  "dataset": {
    "identifier": 99813,
    "name": "BAND_40_03_set",
    "src_path": "/data/file/cubeManager/PROJECT001/77/txt20211029151156001951/BAND_40_03_set/",
    "label_path": "/data/file/cubeManager/PROJECT001/77/txt20211029151156001951/BAND_40_03_set/",
    "category": 2,
    "type": 0
  },
  "licenses": {
    "name": "Apache License 1.0",
    "url": "http://www.apache.org/licenses/LICENSE-1.0"
  },
  "info": [
    {
      "id": 109685,
      "filename": "BAND_40_03.txt",
      "title": "BAND_40_03",
      "mediatype": "SNS",
      "medianame": "네이버밴드",
      "category": "일상대화",
      "date": "2021-10-29",
      "size": 564,
      "annotations": {
        "subject": "교통",
        "speaker_type": "다자간 대화",
        "size": 564,
        "word_size": 171,
        "text": "1 : 기차 여행 해 본 적 있어?\n2 : 아니 나는 기차여행 한번도 해본 적은 없는데 버스여행은 한번 한적있어 키키\n3 : 난 기차여행 가봤는데 재밌더라!\n1 : 오 버스여행이랑 기차여행 궁금한데?\n2 : 버스여행이라기보단 그냥 친구들끼리 아무 목적지 정해서 1박하고 다음에 또 다른 목적지 정해서 1박하고 그런 거지 키키\n3 : 기차여행 뭐가 궁금해! 알려줄게\n1 : 키키 기차여행은 내일로로 다녀온 거야?\n1 : 아님 개인적으로 다녀온 거야?\n2 : 기차여행이면 재밌기는 하겠다 키키 안에서 맛난 것도 먹으면서 키키\n3 : 개인적으로 갔다왔지 나는 키키 재밌었어\n1 : 키키 그니깐 매점에서 사먹고 키키\n1 : 어디 어디 다녀왔어?\n2 : 김밥 같은 거 싸서 막 먹고 키키 수다떨고 키키\n3 : 나는 경주로 여행 갔다왔어 재밌더라\n1 : 그게 소소한 재미지 키키\n1 : 오 경주 재밌지?\n2 : 오 경주! 경주 가면 보문단지 가보고 해야지 키키\n3 : 사실 그냥 먹기만 먹었어 하하...\n1 : 키키 나 보문단지에서 일했었어 키키 일년 반동안\n2 : 헐! 보문단지 사람들 엄청 놀러 많이 가지않나?\n3 : 오 보문단지는 재밌는 거 많나봐?",
        "lines": [
          {
            "id": 1,
            "text": "1 : 기차 여행 해 본 적 있어?",
            "norm_text": "기차 여행 해 본 적 있어?",
            "speaker": {
              "id": "1번",
              "sex": "여성",
              "age": "20대"
            },
            "speechAct": "(지시) 질문하기",
            "morpheme": "기차/NNG+여행/NNG+해/XSV+EC+본/VX+ETM+적/NNB+있/VA+어/EF"
          },
          {
            "id": 2,
            "text": "2 : 아니 나는 기차여행 한번도 해본 적은 없는데 버스여행은 한번 한적있어 키키",
            "norm_text": "아니 나는 기차여행 한번도 해본 적은 없는데 버스여행은 한번 한적있어 키키",
            "speaker": {
              "id": "2번",
              "sex": "남성",
              "age": "20대"
            },
            "speechAct": "(단언) 진술하기",
            "morpheme": "아니/IC+나/NP+는/JX+기차/NNG+여행/NNG+한/MM+번/NNBC+도/JX+해/VV+EC+본/VX+ETM+적/NNB+은/JX+없/VA+는데/EC+버스/NNG+여행/NNG+은/JX+한번/MAG+한/XSA+ETM+적/NNB+있/VA+어/EC+키/NNG+키/XSV+ETN"
          },
          {
            "id": 3,
            "text": "3 : 난 기차여행 가봤는데 재밌더라!",
            "norm_text": "난 기차여행 가봤는데 재밌더라!",
            "speaker": {
              "id": "3번",
              "sex": "남성",
              "age": "20대"
            },
            "speechAct": "(단언) 주장하기",
            "morpheme": "난/NP+JX+기차/NNG+여행가/NNG+봤/VV+EP+는데/EC+재밌/VA+더라/EF"
          },
          {
            "id": 4,
            "text": "1 : 오 버스여행이랑 기차여행 궁금한데?",
            "norm_text": "오 버스여행이랑 기차여행 궁금한데?",
            "speaker": {
              "id": "1번",
              "sex": "여성",
              "age": "20대"
            },
            "speechAct": "(지시) 질문하기",
            "morpheme": "오/NR+버스/NNG+여행/NNG+이랑/JKB+기차/NNG+여행/NNG+궁금/XR+한데/XSA+EF"
          },
          {
            "id": 5,
            "text": "2 : 버스여행이라기보단 그냥 친구들끼리 아무 목적지 정해서 1박하고 다음에 또 다른 목적지 정해서 1박하고 그런 거지 키키",
            "norm_text": "버스여행이라기보단 그냥 친구들끼리 아무 목적지 정해서 1박하고 다음에 또 다른 목적지 정해서 1박하고 그런 거지 키키",
            "speaker": {
              "id": "2번",
              "sex": "남성",
              "age": "20대"
            },
            "speechAct": "(단언) 주장하기",
            "morpheme": "버스/NNG+여행/NNG+이/VCP+라/EC+기보단/VV+ETN+JKB+JX+그냥/MAG+친구/NNG+들/XSN+끼리/XSN+아무/MM+목적/NNG+지정/NNG+해서/XSV+EC+1/SN+박/NNBC+하/VV+고/EC+다음/NNG+에/JKB+또/MAG+다른/MM+목적/NNG+지정/NNG+해서/XSV+EC+1/SN+박/NNBC+하/VV+고/EC+그런/MM+거지/NNG+키/NNG+키/XSV+ETN"
          },
          {
            "id": 6,
            "text": "3 : 기차여행 뭐가 궁금해! 알려줄게",
            "norm_text": "기차여행 뭐가 궁금해! 알려줄게",
            "speaker": {
              "id": "3번",
              "sex": "남성",
              "age": "20대"
            },
            "speechAct": "(단언) 주장하기",
            "morpheme": "기차/NNG+여행/NNG+뭐/NP+가/JKS+궁금/XR+해/XSA+EF+알려/VV+EC+줄/VX+ETM+게/NNB+JKS"
          },
          {
            "id": 7,
            "text": "1 : 키키 기차여행은 내일로로 다녀온 거야?",
            "norm_text": "키키 기차여행은 내일로로 다녀온 거야?",
            "speaker": {
              "id": "1번",
              "sex": "여성",
              "age": "20대"
            },
            "speechAct": "(지시) 질문하기",
            "morpheme": "키/NNG+키/NNG+기차/NNG+여행/NNG+은/JX+내일/NNG+로/JKB+로/JKB+다녀온/VV+ETM+거/NNB+야/VCP+EF"
          },
          {
            "id": 8,
            "text": "1 : 아님 개인적으로 다녀온 거야?",
            "norm_text": "아님 개인적으로 다녀온 거야?",
            "speaker": {
              "id": "1번",
              "sex": "여성",
              "age": "20대"
            },
            "speechAct": "(지시) 질문하기",
            "morpheme": "아님/MAJ+개인/NNG+적/XSN+으로/JKB+다녀온/VV+ETM+거/NNB+야/VCP+EF"
          },
          {
            "id": 9,
            "text": "2 : 기차여행이면 재밌기는 하겠다 키키 안에서 맛난 것도 먹으면서 키키",
            "norm_text": "기차여행이면 재밌기는 하겠다 키키 안에서 맛난 것도 먹으면서 키키",
            "speaker": {
              "id": "2번",
              "sex": "남성",
              "age": "20대"
            },
            "speechAct": "(단언) 주장하기",
            "morpheme": "기차/NNG+여행/NNG+이/VCP+면/EC+재밌/VA+기/ETN+는/JX+하/VV+겠/EP+다키키/NNP+안/NNG+에서/JKB+맛난/VA+ETM+것/NNB+도/JX+먹/VV+으면서/EC+키/NNG+키/XSV+ETN"
          },
          {
            "id": 10,
            "text": "3 : 개인적으로 갔다왔지 나는 키키 재밌었어",
            "norm_text": "개인적으로 갔다왔지 나는 키키 재밌었어",
            "speaker": {
              "id": "3번",
              "sex": "남성",
              "age": "20대"
            },
            "speechAct": "(단언) 주장하기",
            "morpheme": "개인/NNG+적/XSN+으로/JKB+갔다왔/VV+EP+지/EF+나/NP+는/JX+키/NNG+키/XSV+ETN+재밌/VA+었/EP+어/EC"
          },
          {
            "id": 11,
            "text": "1 : 키키 그니깐 매점에서 사먹고 키키",
            "norm_text": "키키 그니깐 매점에서 사먹고 키키",
            "speaker": {
              "id": "1번",
              "sex": "여성",
              "age": "20대"
            },
            "speechAct": "(단언) 주장하기",
            "morpheme": "키/NNG+키/XSV+ETN+그니깐/MAJ+매점/NNG+에서/JKB+사먹/VV+고/EC+키/NNG+키/XSV+ETN"
          },
          {
            "id": 12,
            "text": "1 : 어디 어디 다녀왔어?",
            "norm_text": "어디 어디 다녀왔어?",
            "speaker": {
              "id": "1번",
              "sex": "여성",
              "age": "20대"
            },
            "speechAct": "(지시) 질문하기",
            "morpheme": "어디/NP+어디/NP+다녀왔/VV+EP+어/EF"
          },
          {
            "id": 13,
            "text": "2 : 김밥 같은 거 싸서 막 먹고 키키 수다떨고 키키",
            "norm_text": "김밥 같은 거 싸서 막 먹고 키키 수다떨고 키키",
            "speaker": {
              "id": "2번",
              "sex": "남성",
              "age": "20대"
            },
            "speechAct": "(단언) 주장하기",
            "morpheme": "김밥/NNG+같/VA+은/ETM+거/NNB+싸/VA+서/EC+막/NNG+먹/VV+고/EC+키/NNG+키/XSV+ETN+수다떨/VV+고/EC+키/NNG+키/XSV+ETN"
          },
          {
            "id": 14,
            "text": "3 : 나는 경주로 여행 갔다왔어 재밌더라",
            "norm_text": "나는 경주로 여행 갔다왔어 재밌더라",
            "speaker": {
              "id": "3번",
              "sex": "남성",
              "age": "20대"
            },
            "speechAct": "(단언) 주장하기",
            "morpheme": "나/NP+는/JX+경주/NNP+로/JKB+여행/NNG+갔다왔/VV+EP+어/EC+재밌/VA+더라/EC"
          },
          {
            "id": 15,
            "text": "1 : 그게 소소한 재미지 키키",
            "norm_text": "그게 소소한 재미지 키키",
            "speaker": {
              "id": "1번",
              "sex": "여성",
              "age": "20대"
            },
            "speechAct": "(단언) 주장하기",
            "morpheme": "그게/NP+JKS+소소/XR+한/XSA+ETM+재미/NNG+지키/NNP+키/NNG"
          },
          {
            "id": 16,
            "text": "1 : 오 경주 재밌지?",
            "norm_text": "오 경주 재밌지?",
            "speaker": {
              "id": "1번",
              "sex": "여성",
              "age": "20대"
            },
            "speechAct": "(지시) 질문하기",
            "morpheme": "오경주/NNP+재밌/VA+지/EF"
          },
          {
            "id": 17,
            "text": "2 : 오 경주! 경주 가면 보문단지 가보고 해야지 키키",
            "norm_text": "오 경주! 경주 가면 보문단지 가보고 해야지 키키",
            "speaker": {
              "id": "2번",
              "sex": "남성",
              "age": "20대"
            },
            "speechAct": "(단언) 주장하기",
            "morpheme": "오경주/NNP+!/SY+경주가면보문단지가보고해야지키키/UNKNOWN"
          },
          {
            "id": 18,
            "text": "3 : 사실 그냥 먹기만 먹었어 하하...",
            "norm_text": "사실 그냥 먹기만 먹었어 하하...",
            "speaker": {
              "id": "3번",
              "sex": "남성",
              "age": "20대"
            },
            "speechAct": "(단언) 주장하기",
            "morpheme": "사실/MAG+그냥/MAG+먹/VV+기/ETN+만/JX+먹/VV+었/EP+어/EF+하하/IC+./SY"
          },
          {
            "id": 19,
            "text": "1 : 키키 나 보문단지에서 일했었어 키키 일년 반동안",
            "norm_text": "키키 나 보문단지에서 일했었어 키키 일년 반동안",
            "speaker": {
              "id": "1번",
              "sex": "여성",
              "age": "20대"
            },
            "speechAct": "(단언) 진술하기",
            "morpheme": "키/NNG+키나/XSA+ETN+JX+보문/NNG+단지/NNG+에서/JKB+일/NNG+했었/XSV+EP+어/EC+키/NNG+키/XSV+ETN+일/NR+년/NNBC+반/NNG+동안/NNG"
          },
          {
            "id": 20,
            "text": "2 : 헐! 보문단지 사람들 엄청 놀러 많이 가지않나?",
            "norm_text": "헐! 보문단지 사람들 엄청 놀러 많이 가지않나?",
            "speaker": {
              "id": "2번",
              "sex": "남성",
              "age": "20대"
            },
            "speechAct": "(지시) 질문하기",
            "morpheme": "헐/IC+보문/NNG+단지/MAG+사람/NNG+들/XSN+엄청/MAG+놀/VV+러/EC+많이/MAG+가/VV+지/EC+않/VX+나/EF"
          },
          {
            "id": 21,
            "text": "3 : 오 보문단지는 재밌는 거 많나봐?",
            "norm_text": "오 보문단지는 재밌는 거 많나봐?",
            "speaker": {
              "id": "3번",
              "sex": "남성",
              "age": "20대"
            },
            "speechAct": "(지시) 질문하기",
            "morpheme": "오/NR+보문/NNG+단지/NNG+는/JX+재밌/VA+는/ETM+거/NNB+많/VA+나/EC+봐/VX+EF"
          }
        ]
      }
    }
  ]
}