{
  "dataset": {
    "identifier": 111552,
    "name": "BAND_43_12_set",
    "src_path": "/data/file/cubeManager/PROJECT001/80/txt20211102173311088387/BAND_43_12_set/",
    "label_path": "/data/file/cubeManager/PROJECT001/80/txt20211102173311088387/BAND_43_12_set/",
    "category": 2,
    "type": 0
  },
  "licenses": {
    "name": "Apache License 1.0",
    "url": "http://www.apache.org/licenses/LICENSE-1.0"
  },
  "info": [
    {
      "id": 131724,
      "filename": "BAND_43_12.txt",
      "title": "BAND_43_12",
      "mediatype": "SNS",
      "medianame": "네이버밴드",
      "category": "일상대화",
      "date": "2021-11-02",
      "size": 485,
      "annotations": {
        "subject": "여행",
        "speaker_type": "다자간 대화",
        "size": 485,
        "word_size": 154,
        "text": "1 : 여행갈때 계획 세워서 가는 편이야?\n2 : 아니 나는 무조건 즉흥여행 키키\n3 : 나는 계획 없으면 안가\n1 : 나 완전 계획충이었는데 요즘엔 바꼈어\n2 : 맞어!\n2 : 즉흥여행이 짱이야 키키\n2 : 계획은 별로 계획대로 잘 되지도않고 키키\n3 : 왜 계획충이 최곤데\n3 : 가서 편하고ㅠㅠ\n1 : 잘 안지켜지면 좀 지치더라고 키키\n2 : 그치 맞어\n2 : 그래서 여행은 즉흥이여야해 키키\n2 : 그때그때 상황보면서 키키\n3 : 나는 그 빡빡한 계획 맞춰서 움직이는게 최곤데 ㅠㅠ\n1 : 한번 즉흥으로 움직여봐\n1 : 색다를거야\n2 : 근데 나는 무조건 힐링이라 잘 안돌아댕겨 키키\n3 : 난 즉흥으로 움직이기가 힘들어...\n1 : 뭐 다 여행 스타일이 다르니깐 이해해\n2 : 맞어 자기가 편한대로 여행하면되는거지\n3 : 그것도 맞아\n3 : 맞는 사람끼리 가면 최고야\n1 : 키키 그나저나 여행이나 가고 싶다\n2 : 그니깐\n2 : 그냥 막 어디든 무작정 떠나고싶다ㅠㅠ\n3 : 누가 나 데리고 가주라...",
        "lines": [
          {
            "id": 1,
            "text": "1 : 여행갈때 계획 세워서 가는 편이야?",
            "norm_text": "여행갈때 계획 세워서 가는 편이야?",
            "speaker": {
              "id": "1번",
              "sex": "여성",
              "age": "20대"
            },
            "speechAct": "(지시) 질문하기",
            "morpheme": "여행/NNG+갈/VV+ETM+때/NNG+계획/NNG+세워서/VV+EC+가/VX+는/ETM+편/NNB+이/VCP+야/EF"
          },
          {
            "id": 2,
            "text": "2 : 아니 나는 무조건 즉흥여행 키키",
            "norm_text": "아니 나는 무조건 즉흥여행 키키",
            "speaker": {
              "id": "2번",
              "sex": "남성",
              "age": "20대"
            },
            "speechAct": "(단언) 진술하기",
            "morpheme": "아니/IC+나/NP+는/JX+무조건/MAG+즉흥/NNG+여행/NNG+키/NNG+키/XSV+ETN"
          },
          {
            "id": 3,
            "text": "3 : 나는 계획 없으면 안가",
            "norm_text": "나는 계획 없으면 안가",
            "speaker": {
              "id": "3번",
              "sex": "남성",
              "age": "20대"
            },
            "speechAct": "(단언) 주장하기",
            "morpheme": "나/NP+는/JX+계획/NNG+없/VA+으면/EC+안/MAG+가/VV+EC"
          },
          {
            "id": 4,
            "text": "1 : 나 완전 계획충이었는데 요즘엔 바꼈어",
            "norm_text": "나 완전 계획충이었는데 요즘엔 바꼈어",
            "speaker": {
              "id": "1번",
              "sex": "여성",
              "age": "20대"
            },
            "speechAct": "(단언) 진술하기",
            "morpheme": "나/NP+완전/MAG+계획/NNG+충/NNG+이/VCP+었/EP+는데/EC+요즘/NNG+엔/JKB+JX+바꼈/VV+EP+어/EC"
          },
          {
            "id": 5,
            "text": "2 : 맞어!",
            "norm_text": "맞어!",
            "speaker": {
              "id": "2번",
              "sex": "남성",
              "age": "20대"
            },
            "speechAct": "(단언) 주장하기",
            "morpheme": "맞/VV+어/EF"
          },
          {
            "id": 6,
            "text": "2 : 즉흥여행이 짱이야 키키",
            "norm_text": "즉흥여행이 짱이야 키키",
            "speaker": {
              "id": "2번",
              "sex": "남성",
              "age": "20대"
            },
            "speechAct": "(단언) 주장하기",
            "morpheme": "즉흥/NNG+여행/NNG+이/JKS+짱/NNG+이/VCP+야/EC+키/NNG+키/XSV+ETN"
          },
          {
            "id": 7,
            "text": "2 : 계획은 별로 계획대로 잘 되지도않고 키키",
            "norm_text": "계획은 별로 계획대로 잘 되지도않고 키키",
            "speaker": {
              "id": "2번",
              "sex": "남성",
              "age": "20대"
            },
            "speechAct": "(단언) 진술하기",
            "morpheme": "계획/NNG+은/JX+별로/MAG+계획/NNG+대로/JKB+잘/MAG+되/VV+지/EC+도/JX+않/VX+고/EC+키/NNG+키/XSV+ETN"
          },
          {
            "id": 8,
            "text": "3 : 왜 계획충이 최곤데",
            "norm_text": "왜 계획충이 최곤데",
            "speaker": {
              "id": "3번",
              "sex": "남성",
              "age": "20대"
            },
            "speechAct": "(단언) 진술하기",
            "morpheme": "왜/MAG+계획/NNG+충이/NNG+최곤데/NNG+VCP+EC"
          },
          {
            "id": 9,
            "text": "3 : 가서 편하고ㅠㅠ",
            "norm_text": "가서 편하고ㅠㅠ",
            "speaker": {
              "id": "3번",
              "sex": "남성",
              "age": "20대"
            },
            "speechAct": "(단언) 진술하기",
            "morpheme": "가서편하고ㅠㅠ/UNKNOWN"
          },
          {
            "id": 10,
            "text": "1 : 잘 안지켜지면 좀 지치더라고 키키",
            "norm_text": "잘 안지켜지면 좀 지치더라고 키키",
            "speaker": {
              "id": "1번",
              "sex": "여성",
              "age": "20대"
            },
            "speechAct": "(단언) 진술하기",
            "morpheme": "잘/MAG+안/MAG+지켜/VV+EC+지/VX+면/EC+좀/MAG+지치/VV+더라고/EC+키/NNG+키/XSV+ETN"
          },
          {
            "id": 11,
            "text": "2 : 그치 맞어",
            "norm_text": "그치 맞어",
            "speaker": {
              "id": "2번",
              "sex": "남성",
              "age": "20대"
            },
            "speechAct": "(단언) 주장하기",
            "morpheme": "그치/IC+맞/VV+어/EC"
          },
          {
            "id": 12,
            "text": "2 : 그래서 여행은 즉흥이여야해 키키",
            "norm_text": "그래서 여행은 즉흥이여야해 키키",
            "speaker": {
              "id": "2번",
              "sex": "남성",
              "age": "20대"
            },
            "speechAct": "(단언) 주장하기",
            "morpheme": "그래서/MAJ+여행/NNG+은/JX+즉흥/NNG+이/VCP+여야/EC+해/VV+EC+키/NNG+키/XSV+ETN"
          },
          {
            "id": 13,
            "text": "2 : 그때그때 상황보면서 키키",
            "norm_text": "그때그때 상황보면서 키키",
            "speaker": {
              "id": "2번",
              "sex": "남성",
              "age": "20대"
            },
            "speechAct": "(단언) 진술하기",
            "morpheme": "그때/NNG+그때/NNG+상황/NNG+보/VV+면서/EC+키/NNG+키/XSV+ETN"
          },
          {
            "id": 14,
            "text": "3 : 나는 그 빡빡한 계획 맞춰서 움직이는게 최곤데 ㅠㅠ",
            "norm_text": "나는 그 빡빡한 계획 맞춰서 움직이는게 최곤데 ㅠㅠ",
            "speaker": {
              "id": "3번",
              "sex": "남성",
              "age": "20대"
            },
            "speechAct": "(단언) 진술하기",
            "morpheme": "나/NP+는/JX+그/MM+빡빡/XR+한/XSA+ETM+계획/NNG+맞춰서/VV+EC+움직이/VV+는/ETM+게/NNB+JKS+최곤데/NNG+VCP+EC+ㅠㅠ/UNKNOWN"
          },
          {
            "id": 15,
            "text": "1 : 한번 즉흥으로 움직여봐",
            "norm_text": "한번 즉흥으로 움직여봐",
            "speaker": {
              "id": "1번",
              "sex": "여성",
              "age": "20대"
            },
            "speechAct": "(단언) 주장하기",
            "morpheme": "한/MM+번/NNBC+즉흥/NNG+으로/JKB+움직여/VV+EC+봐/VX+EC"
          },
          {
            "id": 16,
            "text": "1 : 색다를거야",
            "norm_text": "색다를거야",
            "speaker": {
              "id": "1번",
              "sex": "여성",
              "age": "20대"
            },
            "speechAct": "(단언) 주장하기",
            "morpheme": "색다를/VA+ETM+거/NNB+야/VCP+EF"
          },
          {
            "id": 17,
            "text": "2 : 근데 나는 무조건 힐링이라 잘 안돌아댕겨 키키",
            "norm_text": "근데 나는 무조건 힐링이라 잘 안돌아댕겨 키키",
            "speaker": {
              "id": "2번",
              "sex": "남성",
              "age": "20대"
            },
            "speechAct": "(단언) 진술하기",
            "morpheme": "근데/MAJ+나/NP+는/JX+무조건/MAG+힐링/NNG+이/VCP+라/EC+잘/MAG+안/MAG+돌/VV+아/EC+댕겨/VV+EC+키/NNG+키/XSV+ETN"
          },
          {
            "id": 18,
            "text": "3 : 난 즉흥으로 움직이기가 힘들어...",
            "norm_text": "난 즉흥으로 움직이기가 힘들어...",
            "speaker": {
              "id": "3번",
              "sex": "남성",
              "age": "20대"
            },
            "speechAct": "(단언) 주장하기",
            "morpheme": "난/NP+JX+즉흥/NNG+으로/JKB+움직이/VV+기/ETN+가/JKS+힘들/VA+어/EF+./SY"
          },
          {
            "id": 19,
            "text": "1 : 뭐 다 여행 스타일이 다르니깐 이해해",
            "norm_text": "뭐 다 여행 스타일이 다르니깐 이해해",
            "speaker": {
              "id": "1번",
              "sex": "여성",
              "age": "20대"
            },
            "speechAct": "(단언) 주장하기",
            "morpheme": "뭐/IC+다/MAG+여행/NNG+스타일/NNG+이/JKS+다르/VA+니깐/EC+이해/NNG+해/XSV+EC"
          },
          {
            "id": 20,
            "text": "2 : 맞어 자기가 편한대로 여행하면되는거지",
            "norm_text": "맞어 자기가 편한대로 여행하면되는거지",
            "speaker": {
              "id": "2번",
              "sex": "남성",
              "age": "20대"
            },
            "speechAct": "(단언) 진술하기",
            "morpheme": "맞/VV+어/EC+자기/NP+가/JKS+편한/VA+ETM+대로/NNB+여행/NNG+하/XSV+면/EC+되/VV+는/ETM+거/NNB+지/VCP+EC"
          },
          {
            "id": 21,
            "text": "3 : 그것도 맞아",
            "norm_text": "그것도 맞아",
            "speaker": {
              "id": "3번",
              "sex": "남성",
              "age": "20대"
            },
            "speechAct": "(단언) 주장하기",
            "morpheme": "그것/NP+도/JX+맞/VV+아/EC"
          },
          {
            "id": 22,
            "text": "3 : 맞는 사람끼리 가면 최고야",
            "norm_text": "맞는 사람끼리 가면 최고야",
            "speaker": {
              "id": "3번",
              "sex": "남성",
              "age": "20대"
            },
            "speechAct": "(단언) 주장하기",
            "morpheme": "맞/VV+는/ETM+사람/NNG+끼리/XSN+가/VV+면/EC+최고/NNG+야/VCP+EF"
          },
          {
            "id": 23,
            "text": "1 : 키키 그나저나 여행이나 가고 싶다",
            "norm_text": "키키 그나저나 여행이나 가고 싶다",
            "speaker": {
              "id": "1번",
              "sex": "여성",
              "age": "20대"
            },
            "speechAct": "(단언) 주장하기",
            "morpheme": "키/NNG+키/XSV+ETN+그나저나/MAG+여행/NNG+이/JKS+나가/VV+고/EC+싶/VX+다/EC"
          },
          {
            "id": 24,
            "text": "2 : 그니깐",
            "norm_text": "그니깐",
            "speaker": {
              "id": "2번",
              "sex": "남성",
              "age": "20대"
            },
            "speechAct": "(단언) 주장하기",
            "morpheme": "그니깐/MAJ"
          },
          {
            "id": 25,
            "text": "2 : 그냥 막 어디든 무작정 떠나고싶다ㅠㅠ",
            "norm_text": "그냥 막 어디든 무작정 떠나고싶다ㅠㅠ",
            "speaker": {
              "id": "2번",
              "sex": "남성",
              "age": "20대"
            },
            "speechAct": "(단언) 주장하기",
            "morpheme": "그냥/MAG+막/VV+어/EC+디/VX+든/EC+무작정/MAG+떠나/VV+고/EC+싶/VX+다/EF+ㅠㅠ/UNKNOWN"
          },
          {
            "id": 26,
            "text": "3 : 누가 나 데리고 가주라...",
            "norm_text": "누가 나 데리고 가주라...",
            "speaker": {
              "id": "3번",
              "sex": "남성",
              "age": "20대"
            },
            "speechAct": "(단언) 주장하기",
            "morpheme": "누가/NP+JKS+나/NP+데리/VV+고/EC+가주/VX+라/EF+./SY"
          }
        ]
      }
    }
  ]
}