{
  "dataset": {
    "identifier": 23814,
    "name": "BAND_30_01_set",
    "src_path": "/data/file/cubeManager/PROJECT001/49/txt20210923160937023169/BAND_30_01_set/",
    "label_path": "/data/file/cubeManager/PROJECT001/49/txt20210923160937023169/BAND_30_01_set/",
    "category": 2,
    "type": 0
  },
  "licenses": {
    "name": "Apache License 1.0",
    "url": "http://www.apache.org/licenses/LICENSE-1.0"
  },
  "info": [
    {
      "id": 31752,
      "filename": "BAND_30_01.txt",
      "title": "BAND_30_01",
      "mediatype": "SNS",
      "medianame": "네이버밴드",
      "category": "일상대화",
      "date": "2021-09-23",
      "size": 373,
      "annotations": {
        "subject": "식음료",
        "speaker_type": "1:1",
        "size": 373,
        "word_size": 124,
        "text": "1 : 너 쫌 있다 어디 나가냐?\n2 : 나 이따가 밥 먹으러 나가기로 했어\n1 : 헐 점심 뭐 먹을 거냐?\n2 : 점심에 유명한 카페를 가려고 해\n1 : 뭐 카페에서 브런치 먹으려고?\n2 : 응 거기 케익이 유명하더라 !\n1 : 케익은 밥이 아니잖아 점심은?\n2 : 케익도 있고 필라프도 있어서 같이 먹으려고 해\n1 : 아 완전 브런치 카페네?\n2 : 맞아 거기 구경거리가 많더라구 먹을 것도 많고\n1 : 논산에도 그런 곳이 생겼다니 도시 다 됐어~\n2 : 맞아 키키 논산에 식당이 엄청 많아지고 있어\n1 : 나도 필라프 좋아하는데 그거 볶음밥이잖아 ㅜㅜ\n2 : 응 키키 볶음밥이랑 별 다를 고 없지만 가격이 달라\n1 : 또 다른 거 뭐 먹을 거냐?\n2 : 필라프에 스테이크 먹으려고 해 키키",
        "lines": [
          {
            "id": 1,
            "text": "1 : 너 쫌 있다 어디 나가냐?",
            "norm_text": "너 쫌 있다 어디 나가냐?",
            "speaker": {
              "id": "1번",
              "sex": "여성",
              "age": "20대"
            },
            "speechAct": "(지시) 질문하기",
            "morpheme": "너/NP+쫌/XSN+있/VA+다/EF+어디/NP+나가/VV+냐/EF"
          },
          {
            "id": 2,
            "text": "2 : 나 이따가 밥 먹으러 나가기로 했어",
            "norm_text": "나 이따가 밥 먹으러 나가기로 했어",
            "speaker": {
              "id": "2번",
              "sex": "여성",
              "age": "20대"
            },
            "speechAct": "(단언) 진술하기",
            "morpheme": "나/NP+이따가/MAG+밥/NNG+먹/VV+으러/EC+나가/VX+기/ETN+로/JKB+했/VV+EP+어/EC"
          },
          {
            "id": 3,
            "text": "1 : 헐 점심 뭐 먹을 거냐?",
            "norm_text": "헐 점심 뭐 먹을 거냐?",
            "speaker": {
              "id": "1번",
              "sex": "여성",
              "age": "20대"
            },
            "speechAct": "(지시) 질문하기",
            "morpheme": "헐/IC+점심/NNG+뭐/IC+먹/VV+을/ETM+거/NNB+냐/VCP+EF"
          },
          {
            "id": 4,
            "text": "2 : 점심에 유명한 카페를 가려고 해",
            "norm_text": "점심에 유명한 카페를 가려고 해",
            "speaker": {
              "id": "2번",
              "sex": "여성",
              "age": "20대"
            },
            "speechAct": "(단언) 진술하기",
            "morpheme": "점심/NNG+에/JKB+유명/NNG+한/XSA+ETM+카페/NNG+를/JKO+가/VV+려고/EC+해/VV+EC"
          },
          {
            "id": 5,
            "text": "1 : 뭐 카페에서 브런치 먹으려고?",
            "norm_text": "뭐 카페에서 브런치 먹으려고?",
            "speaker": {
              "id": "1번",
              "sex": "여성",
              "age": "20대"
            },
            "speechAct": "(지시) 질문하기",
            "morpheme": "뭐/IC+카페/NNG+에서/JKB+브런치/NNP+먹/VV+으려고/EF"
          },
          {
            "id": 6,
            "text": "2 : 응 거기 케익이 유명하더라 !",
            "norm_text": "응 거기 케익이 유명하더라 !",
            "speaker": {
              "id": "2번",
              "sex": "여성",
              "age": "20대"
            },
            "speechAct": "(단언) 진술하기",
            "morpheme": "응/IC+거기/NP+케익/NNG+이/JKS+유명/XR+하/XSA+더라/EF"
          },
          {
            "id": 7,
            "text": "1 : 케익은 밥이 아니잖아 점심은?",
            "norm_text": "케익은 밥이 아니잖아 점심은?",
            "speaker": {
              "id": "1번",
              "sex": "여성",
              "age": "20대"
            },
            "speechAct": "(지시) 질문하기",
            "morpheme": "케익/NNG+은/JX+밥/NNG+이/JKC+아니/VCN+잖아/EC+점심/NNG+은/JX"
          },
          {
            "id": 8,
            "text": "2 : 케익도 있고 필라프도 있어서 같이 먹으려고 해",
            "norm_text": "케익도 있고 필라프도 있어서 같이 먹으려고 해",
            "speaker": {
              "id": "2번",
              "sex": "여성",
              "age": "20대"
            },
            "speechAct": "(단언) 진술하기",
            "morpheme": "케익/NNG+도/JX+있/VA+고/EC+필라프/NNP+도/JX+있/VA+어서/EC+같이/MAG+먹/VV+으려고/EC+해/VV+EC"
          },
          {
            "id": 9,
            "text": "1 : 아 완전 브런치 카페네?",
            "norm_text": "아 완전 브런치 카페네?",
            "speaker": {
              "id": "1번",
              "sex": "여성",
              "age": "20대"
            },
            "speechAct": "(지시) 질문하기",
            "morpheme": "아/IC+완전/MAG+브런치/NNP+카페/NNG+네/VCP+EF"
          },
          {
            "id": 10,
            "text": "2 : 맞아 거기 구경거리가 많더라구 먹을 것도 많고",
            "norm_text": "맞아 거기 구경거리가 많더라구 먹을 것도 많고",
            "speaker": {
              "id": "2번",
              "sex": "여성",
              "age": "20대"
            },
            "speechAct": "(단언) 진술하기",
            "morpheme": "맞/VV+아/EC+거기/NP+구경거리/NNG+가/JKS+많/VA+더라구/EC+먹/VV+을/ETM+것/NNB+도/JX+많/VA+고/EC"
          },
          {
            "id": 11,
            "text": "1 : 논산에도 그런 곳이 생겼다니 도시 다 됐어~",
            "norm_text": "논산에도 그런 곳이 생겼다니 도시 다 됐어~",
            "speaker": {
              "id": "1번",
              "sex": "여성",
              "age": "20대"
            },
            "speechAct": "(단언) 주장하기",
            "morpheme": "논산/NNP+에/JKB+도/JX+그런/MM+곳/NNB+이/JKS+생겼/VV+EP+다니/EC+도시/NNG+다/MAG+됐/VV+EP+어/EC+~/SY"
          },
          {
            "id": 12,
            "text": "2 : 맞아 키키 논산에 식당이 엄청 많아지고 있어",
            "norm_text": "맞아 키키 논산에 식당이 엄청 많아지고 있어",
            "speaker": {
              "id": "2번",
              "sex": "여성",
              "age": "20대"
            },
            "speechAct": "(단언) 진술하기",
            "morpheme": "맞/VV+아/EC+키키/NNP+논산/NNP+에/JKB+식당/NNG+이/JKS+엄청/MAG+많/VA+아/EC+지/VX+고/EC+있/VX+어/EC"
          },
          {
            "id": 13,
            "text": "1 : 나도 필라프 좋아하는데 그거 볶음밥이잖아 ㅜㅜ",
            "norm_text": "나도 필라프 좋아하는데 그거 볶음밥이잖아 ㅜㅜ",
            "speaker": {
              "id": "1번",
              "sex": "여성",
              "age": "20대"
            },
            "speechAct": "(단언) 주장하기",
            "morpheme": "나/NP+도/JX+필라프/NNP+좋/VA+아/EC+하/VV+는데/EC+그거/NP+볶음밥/NNG+이/VCP+잖아/EF+ㅜㅜ/UNKNOWN"
          },
          {
            "id": 14,
            "text": "2 : 응 키키 볶음밥이랑 별 다를 고 없지만 가격이 달라",
            "norm_text": "응 키키 볶음밥이랑 별 다를 고 없지만 가격이 달라",
            "speaker": {
              "id": "2번",
              "sex": "여성",
              "age": "20대"
            },
            "speechAct": "(단언) 진술하기",
            "morpheme": "응/IC+키/NNG+키/NNG+볶음밥/NNG+이랑/JKB+별다를/VA+ETM+고/EC+없/VA+지만/EC+가격/NNG+이/JKS+달라/VA+EC"
          },
          {
            "id": 15,
            "text": "1 : 또 다른 거 뭐 먹을 거냐?",
            "norm_text": "또 다른 거 뭐 먹을 거냐?",
            "speaker": {
              "id": "1번",
              "sex": "여성",
              "age": "20대"
            },
            "speechAct": "(지시) 질문하기",
            "morpheme": "또/MAG+다른/MM+거/NNB+뭐/IC+먹/VV+을/ETM+거/NNB+냐/VCP+EF"
          },
          {
            "id": 16,
            "text": "2 : 필라프에 스테이크 먹으려고 해 키키",
            "norm_text": "필라프에 스테이크 먹으려고 해 키키",
            "speaker": {
              "id": "2번",
              "sex": "여성",
              "age": "20대"
            },
            "speechAct": "(단언) 진술하기",
            "morpheme": "필라프/NNP+에/JKB+스테이크/NNG+먹/VV+으려고/EC+해/VV+EC+키/NNG+키/XSV+ETN"
          }
        ]
      }
    }
  ]
}