{
  "dataset": {
    "identifier": 114331,
    "name": "BAND_43_14_set",
    "src_path": "/data/file/cubeManager/PROJECT001/80/txt202111021733110899105/BAND_43_14_set/",
    "label_path": "/data/file/cubeManager/PROJECT001/80/txt202111021733110899105/BAND_43_14_set/",
    "category": 2,
    "type": 0
  },
  "licenses": {
    "name": "Apache License 1.0",
    "url": "http://www.apache.org/licenses/LICENSE-1.0"
  },
  "info": [
    {
      "id": 131726,
      "filename": "BAND_43_14.txt",
      "title": "BAND_43_14",
      "mediatype": "SNS",
      "medianame": "네이버밴드",
      "category": "일상대화",
      "date": "2021-11-02",
      "size": 486,
      "annotations": {
        "subject": "사회이슈",
        "speaker_type": "다자간 대화",
        "size": 486,
        "word_size": 157,
        "text": "1 : 다들 쌀과자 좋아하는 편이야?\n2 : 응 나는 쌀과자 좋아하지\n2 : 맛있잖아! 키키\n3 : 쌀과자 내 뻬이보릿 스낵\n1 : 홈플러스 쌀과자에서 깔따구 벌레 나왔대\n2 : 그정도는 뭐 놀랍지도않다 키키\n2 : 세상에 믿을만한 음식 먹을려면 없어 키키\n3 : 왜 깔따구가 거기서 나와\n1 : 그니깐 난 이런거 보면 급 밥맛없어\n2 : 아 진짜?\n2 : 나는 별상관안하고 그냥 먹는데 키키\n3 : 나도 별생각 없이 먹어\n1 : 괜히 찝찝해 키키\n1 : 계속 팔고 있다니깐\n2 : 나는 음식점에 머리카락 나와도 그냥 치우고 먹는데 키키\n3 : 그건 대단하다\n3 : 컴플레인 안걸어?\n1 : 그니깐 그런건 바로 거는데 ㅜㅜ\n2 : 아 진짜?\n2 : 나는 별로 상관없어서 그냥 대충먹는데 키키\n3 : 그런건 걸어 줘야해\n3 : 정신차려! \u0027\n1 : 나도 그랬었는데 친구가 이런건 알려줘야 한다고 말한뒤론 거는 편이야\n2 : 너희들 같은 사람들이 있으니 나라도 그냥 먹는거지 키키\n3 : 흠 일하는 입장에서는 좋겠다",
        "lines": [
          {
            "id": 1,
            "text": "1 : 다들 쌀과자 좋아하는 편이야?",
            "norm_text": "다들 쌀과자 좋아하는 편이야?",
            "speaker": {
              "id": "1번",
              "sex": "여성",
              "age": "20대"
            },
            "speechAct": "(지시) 질문하기",
            "morpheme": "다/MAG+들/XSN+쌀/NNG+과자/NNG+좋/VA+아/EC+하/VV+는/ETM+편/NNB+이/VCP+야/EF"
          },
          {
            "id": 2,
            "text": "2 : 응 나는 쌀과자 좋아하지",
            "norm_text": "응 나는 쌀과자 좋아하지",
            "speaker": {
              "id": "2번",
              "sex": "남성",
              "age": "20대"
            },
            "speechAct": "(단언) 진술하기",
            "morpheme": "응/IC+나/NP+는/JX+쌀/NNG+과자/NNG+좋/VA+아/EC+하/VV+지/EC"
          },
          {
            "id": 3,
            "text": "2 : 맛있잖아! 키키",
            "norm_text": "맛있잖아! 키키",
            "speaker": {
              "id": "2번",
              "sex": "남성",
              "age": "20대"
            },
            "speechAct": "(단언) 진술하기",
            "morpheme": "맛있/VA+잖아/EF+키/NNG+키/XSV+ETN"
          },
          {
            "id": 4,
            "text": "3 : 쌀과자 내 뻬이보릿 스낵",
            "norm_text": "쌀과자 내 뻬이보릿 스낵",
            "speaker": {
              "id": "3번",
              "sex": "남성",
              "age": "20대"
            },
            "speechAct": "(단언) 진술하기",
            "morpheme": "쌀/NNG+과/JC+자내/NNG+뻬이/UNKNOWN+보/VV+릿/EF+스낵/NNG"
          },
          {
            "id": 5,
            "text": "1 : 홈플러스 쌀과자에서 깔따구 벌레 나왔대",
            "norm_text": "홈플러스 쌀과자에서 깔따구 벌레 나왔대",
            "speaker": {
              "id": "1번",
              "sex": "여성",
              "age": "20대"
            },
            "speechAct": "(단언) 진술하기",
            "morpheme": "홈플러스/NNP+쌀/NNG+과자/NNG+에서/JKB+깔따구/NNG+벌레/NNG+나왔/VV+EP+대/EC"
          },
          {
            "id": 6,
            "text": "2 : 그정도는 뭐 놀랍지도않다 키키",
            "norm_text": "그정도는 뭐 놀랍지도않다 키키",
            "speaker": {
              "id": "2번",
              "sex": "남성",
              "age": "20대"
            },
            "speechAct": "(단언) 진술하기",
            "morpheme": "그/MM+정도/NNG+는/JX+뭐/IC+놀랍/VA+지/EC+도/JX+않/VX+다키키/NNP"
          },
          {
            "id": 7,
            "text": "2 : 세상에 믿을만한 음식 먹을려면 없어 키키",
            "norm_text": "세상에 믿을만한 음식 먹을려면 없어 키키",
            "speaker": {
              "id": "2번",
              "sex": "남성",
              "age": "20대"
            },
            "speechAct": "(단언) 진술하기",
            "morpheme": "세상/NNG+에/JKB+믿/VV+을/ETM+만/NNB+한/XSA+ETM+음식/NNG+먹/VV+을려면/EC+없/VA+어/EC+키/NNG+키/XSV+ETN"
          },
          {
            "id": 8,
            "text": "3 : 왜 깔따구가 거기서 나와",
            "norm_text": "왜 깔따구가 거기서 나와",
            "speaker": {
              "id": "3번",
              "sex": "남성",
              "age": "20대"
            },
            "speechAct": "(단언) 반박하기",
            "morpheme": "왜/MAG+깔따구/NNG+가/JKS+거기/NP+서/JKB+나와/VV+EC"
          },
          {
            "id": 9,
            "text": "1 : 그니깐 난 이런거 보면 급 밥맛없어",
            "norm_text": "그니깐 난 이런거 보면 급 밥맛없어",
            "speaker": {
              "id": "1번",
              "sex": "여성",
              "age": "20대"
            },
            "speechAct": "(단언) 진술하기",
            "morpheme": "그니깐/MAJ+난/NP+JX+이런/MM+거/NNB+보/VV+면/EC+급/NNG+밥맛/NNG+없/VA+어/EC"
          },
          {
            "id": 10,
            "text": "2 : 아 진짜?",
            "norm_text": "아 진짜?",
            "speaker": {
              "id": "2번",
              "sex": "남성",
              "age": "20대"
            },
            "speechAct": "턴토크 사인(관습적 반응)",
            "morpheme": "아/IC+진짜/MAG"
          },
          {
            "id": 11,
            "text": "2 : 나는 별상관안하고 그냥 먹는데 키키",
            "norm_text": "나는 별상관안하고 그냥 먹는데 키키",
            "speaker": {
              "id": "2번",
              "sex": "남성",
              "age": "20대"
            },
            "speechAct": "(단언) 진술하기",
            "morpheme": "나/NP+는/JX+별/MM+상관/NNG+안/MAG+하/VV+고/EC+그냥/MAG+먹/VV+는데/EC+키/NNG+키/XSV+ETN"
          },
          {
            "id": 12,
            "text": "3 : 나도 별생각 없이 먹어",
            "norm_text": "나도 별생각 없이 먹어",
            "speaker": {
              "id": "3번",
              "sex": "남성",
              "age": "20대"
            },
            "speechAct": "(단언) 진술하기",
            "morpheme": "나/NP+도/JX+별/MM+생각/NNG+없이/MAG+먹/VV+어/EC"
          },
          {
            "id": 13,
            "text": "1 : 괜히 찝찝해 키키",
            "norm_text": "괜히 찝찝해 키키",
            "speaker": {
              "id": "1번",
              "sex": "여성",
              "age": "20대"
            },
            "speechAct": "(단언) 주장하기",
            "morpheme": "괜히/MAG+찝찝/XR+해/XSA+EC+키/NNG+키/XSV+ETN"
          },
          {
            "id": 14,
            "text": "1 : 계속 팔고 있다니깐",
            "norm_text": "계속 팔고 있다니깐",
            "speaker": {
              "id": "1번",
              "sex": "여성",
              "age": "20대"
            },
            "speechAct": "(단언) 진술하기",
            "morpheme": "계속/MAG+팔/VV+고/EC+있/VX+다니깐/EC"
          },
          {
            "id": 15,
            "text": "2 : 나는 음식점에 머리카락 나와도 그냥 치우고 먹는데 키키",
            "norm_text": "나는 음식점에 머리카락 나와도 그냥 치우고 먹는데 키키",
            "speaker": {
              "id": "2번",
              "sex": "남성",
              "age": "20대"
            },
            "speechAct": "(단언) 진술하기",
            "morpheme": "나/NP+는/JX+음식점/NNG+에/JKB+머리카락/NNG+나와도/VV+EC+그냥/MAG+치우/VV+고/EC+먹/VV+는데/EC+키/NNG+키/XSV+ETN"
          },
          {
            "id": 16,
            "text": "3 : 그건 대단하다",
            "norm_text": "그건 대단하다",
            "speaker": {
              "id": "3번",
              "sex": "남성",
              "age": "20대"
            },
            "speechAct": "(단언) 주장하기",
            "morpheme": "그건/NP+JX+대단/XR+하/XSA+다/EC"
          },
          {
            "id": 17,
            "text": "3 : 컴플레인 안걸어?",
            "norm_text": "컴플레인 안걸어?",
            "speaker": {
              "id": "3번",
              "sex": "남성",
              "age": "20대"
            },
            "speechAct": "(지시) 질문하기",
            "morpheme": "컴/NNP+플레인/NNG+안/MAG+걸/VV+어/EF"
          },
          {
            "id": 18,
            "text": "1 : 그니깐 그런건 바로 거는데 ㅜㅜ",
            "norm_text": "그니깐 그런건 바로 거는데 ㅜㅜ",
            "speaker": {
              "id": "1번",
              "sex": "여성",
              "age": "20대"
            },
            "speechAct": "(단언) 진술하기",
            "morpheme": "그니깐/MAJ+그런/MM+건/NNB+JX+바로/MAG+거/VV+는데/EC+ㅜㅜ/UNKNOWN"
          },
          {
            "id": 19,
            "text": "2 : 아 진짜?",
            "norm_text": "아 진짜?",
            "speaker": {
              "id": "2번",
              "sex": "남성",
              "age": "20대"
            },
            "speechAct": "턴토크 사인(관습적 반응)",
            "morpheme": "아/IC+진짜/MAG"
          },
          {
            "id": 20,
            "text": "2 : 나는 별로 상관없어서 그냥 대충먹는데 키키",
            "norm_text": "나는 별로 상관없어서 그냥 대충먹는데 키키",
            "speaker": {
              "id": "2번",
              "sex": "남성",
              "age": "20대"
            },
            "speechAct": "(단언) 진술하기",
            "morpheme": "나/NP+는/JX+별로/MAG+상관없/VA+어서/EC+그냥/MAG+대충/MAG+먹/VV+는데/EC+키/NNG+키/XSV+ETN"
          },
          {
            "id": 21,
            "text": "3 : 그런건 걸어 줘야해",
            "norm_text": "그런건 걸어 줘야해",
            "speaker": {
              "id": "3번",
              "sex": "남성",
              "age": "20대"
            },
            "speechAct": "(지시) 충고/제안하기",
            "morpheme": "그런/MM+건/NNB+JX+걸/VV+어/EC+줘야해/VX+EC+VX+EC"
          },
          {
            "id": 22,
            "text": "3 : 정신차려! \u0027",
            "norm_text": "정신차려! \u0027",
            "speaker": {
              "id": "3번",
              "sex": "남성",
              "age": "20대"
            },
            "speechAct": "(지시) 명령/요구하기",
            "morpheme": "정신/NNG+차려/VV+EF+\u0027/SY"
          },
          {
            "id": 23,
            "text": "1 : 나도 그랬었는데 친구가 이런건 알려줘야 한다고 말한뒤론 거는 편이야",
            "norm_text": "나도 그랬었는데 친구가 이런건 알려줘야 한다고 말한뒤론 거는 편이야",
            "speaker": {
              "id": "1번",
              "sex": "여성",
              "age": "20대"
            },
            "speechAct": "(단언) 진술하기",
            "morpheme": "나/NP+도/JX+그랬었/VV+EP+는데/EC+친구/NNG+가/JKS+이런/MM+건/NNB+JX+알려/VV+EC+줘야/VX+EC+한다고/VX+EC+말/NNG+한/XSA+ETM+뒤/NNG+론/XSN+거/NNB+는/JX+편/NNB+이/VCP+야/EC"
          },
          {
            "id": 24,
            "text": "2 : 너희들 같은 사람들이 있으니 나라도 그냥 먹는거지 키키",
            "norm_text": "너희들 같은 사람들이 있으니 나라도 그냥 먹는거지 키키",
            "speaker": {
              "id": "2번",
              "sex": "남성",
              "age": "20대"
            },
            "speechAct": "(단언) 진술하기",
            "morpheme": "너희/NP+들/XSN+같/VA+은/ETM+사람/NNG+들/XSN+이/JKS+있/VV+으니/EC+나라/NNG+도/JX+그냥/MAG+먹/VV+는/ETM+거/NNB+지/VCP+EC+키/NNG+키/XSV+ETN"
          },
          {
            "id": 25,
            "text": "3 : 흠 일하는 입장에서는 좋겠다",
            "norm_text": "흠 일하는 입장에서는 좋겠다",
            "speaker": {
              "id": "3번",
              "sex": "남성",
              "age": "20대"
            },
            "speechAct": "(단언) 진술하기",
            "morpheme": "흠/IC+일/NNG+하/XSV+는/ETM+입장/NNG+에서/JKB+는/JX+좋/VA+겠/EP+다/EC"
          }
        ]
      }
    }
  ]
}