{
  "dataset": {
    "identifier": 58330,
    "name": "BAND_33_20_set",
    "src_path": "/data/file/cubeManager/PROJECT001/53/txt20210928112329067257/BAND_33_20_set/",
    "label_path": "/data/file/cubeManager/PROJECT001/53/txt20210928112329067257/BAND_33_20_set/",
    "category": 2,
    "type": 0
  },
  "licenses": {
    "name": "Apache License 1.0",
    "url": "http://www.apache.org/licenses/LICENSE-1.0"
  },
  "info": [
    {
      "id": 35039,
      "filename": "BAND_33_20.txt",
      "title": "BAND_33_20",
      "mediatype": "SNS",
      "medianame": "네이버밴드",
      "category": "일상대화",
      "date": "2021-09-28",
      "size": 353,
      "annotations": {
        "subject": "영화/만화",
        "speaker_type": "1:1",
        "size": 353,
        "word_size": 123,
        "text": "1 : 넷플에 신과 함께 나왔더라?\n2 : 아 진짜 신과 함께는 영화관에서 봤는데\n1 : 나도 그랬는데 이번에 봤거든 존잼!\n2 : 신과 함께 시즌 1을 본 거야?\n1 : 응 *** 나오는 거 봤어!\n2 : 아 그거 진짜 감동이였는데 ㅠ\n1 : 맞아 나 밥 먹으면서 봤는데 밥이 안 넘어가더라 ㅜ\n2 : 밥 먹으면서 눈물 흘리며 본 거야? 키키\n1 : 응 눈물이 멈추지 않더라고 ㅜ\n2 : 그럼 시즌 2도 한번 봐 바 그것도 진짜 감동\n1 : 아 그것도 봤지 또 나오면 봐야지~\n2 : 키키 맞아 그거 시즌 얼른 나왔으면 좋겠다\n1 : 그거 시즌 3도 나와?\n2 : 아직 나온다는 소리는 못 들었어\n1 : 근데 나올 거 같지?\n2 : 응 너무 흥했던 영화니깐",
        "lines": [
          {
            "id": 1,
            "text": "1 : 넷플에 신과 함께 나왔더라?",
            "norm_text": "넷플에 신과 함께 나왔더라?",
            "speaker": {
              "id": "1번",
              "sex": "여성",
              "age": "20대"
            },
            "speechAct": "(단언) 진술하기",
            "morpheme": "넷/NR+플/NNG+에/JKB+신/NNG+과/JKB+함께/MAG+나왔/VV+EP+더라/EF"
          },
          {
            "id": 2,
            "text": "2 : 아 진짜 신과 함께는 영화관에서 봤는데",
            "norm_text": "아 진짜 신과 함께는 영화관에서 봤는데",
            "speaker": {
              "id": "2번",
              "sex": "남성",
              "age": "30대"
            },
            "speechAct": "(단언) 주장하기",
            "morpheme": "아/IC+진짜/MAG+신/NNG+과/JKB+함께/MAG+는/JX+영화관/NNG+에서/JKB+봤/VV+EP+는데/EC"
          },
          {
            "id": 3,
            "text": "1 : 나도 그랬는데 이번에 봤거든 존잼!",
            "norm_text": "나도 그랬는데 이번에 봤거든 존잼!",
            "speaker": {
              "id": "1번",
              "sex": "여성",
              "age": "20대"
            },
            "speechAct": "(단언) 주장하기",
            "morpheme": "나/NP+도/JX+그랬/VV+EP+는데/EC+이번/NNG+에/JKB+봤/VV+EP+거든/EF+존/NNP+잼/NNG"
          },
          {
            "id": 4,
            "text": "2 : 신과 함께 시즌 1을 본 거야?",
            "norm_text": "신과 함께 시즌 1을 본 거야?",
            "speaker": {
              "id": "2번",
              "sex": "남성",
              "age": "30대"
            },
            "speechAct": "(지시) 질문하기",
            "morpheme": "신/NNG+과/JKB+함께/MAG+시즌/NNG+1/SN+을/JKO+본/VV+ETM+거/NNB+야/VCP+EF"
          },
          {
            "id": 5,
            "text": "1 : 응 *** 나오는 거 봤어!",
            "norm_text": "응 *** 나오는 거 봤어!",
            "speaker": {
              "id": "1번",
              "sex": "여성",
              "age": "20대"
            },
            "speechAct": "(단언) 주장하기",
            "morpheme": "응/IC+*/SY+*/SY+*/SY+나오/VV+는/ETM+거/NNB+봤/VV+EP+어/EF"
          },
          {
            "id": 6,
            "text": "2 : 아 그거 진짜 감동이였는데 ㅠ",
            "norm_text": "아 그거 진짜 감동이였는데 ㅠ",
            "speaker": {
              "id": "2번",
              "sex": "남성",
              "age": "30대"
            },
            "speechAct": "(단언) 주장하기",
            "morpheme": "아/IC+그거/NP+진짜/MAG+감동/NNG+이/VCP+였/EP+는데/EC+ㅠ/UNKNOWN"
          },
          {
            "id": 7,
            "text": "1 : 맞아 나 밥 먹으면서 봤는데 밥이 안 넘어가더라 ㅜ",
            "norm_text": "맞아 나 밥 먹으면서 봤는데 밥이 안 넘어가더라 ㅜ",
            "speaker": {
              "id": "1번",
              "sex": "여성",
              "age": "20대"
            },
            "speechAct": "(단언) 주장하기",
            "morpheme": "맞/VV+아나/EC+밥/NNG+먹/VV+으면서/EC+봤/VX+EP+는데/EC+밥/NNG+이/JKS+안/MAG+넘어가/VV+더라/EF+ㅜ/UNKNOWN"
          },
          {
            "id": 8,
            "text": "2 : 밥 먹으면서 눈물 흘리며 본 거야? 키키",
            "norm_text": "밥 먹으면서 눈물 흘리며 본 거야? 키키",
            "speaker": {
              "id": "2번",
              "sex": "남성",
              "age": "30대"
            },
            "speechAct": "(지시) 질문하기",
            "morpheme": "밥/NNG+먹/VV+으면서/EC+눈물/NNG+흘리/VV+며/EC+본/VX+ETM+거/NNB+야/VCP+EF+키/NNG+키/XSV+ETN"
          },
          {
            "id": 9,
            "text": "1 : 응 눈물이 멈추지 않더라고 ㅜ",
            "norm_text": "응 눈물이 멈추지 않더라고 ㅜ",
            "speaker": {
              "id": "1번",
              "sex": "여성",
              "age": "20대"
            },
            "speechAct": "(단언) 주장하기",
            "morpheme": "응/IC+눈물/NNG+이/JKS+멈추/VV+지/EC+않/VX+더라고/EF+ㅜ/UNKNOWN"
          },
          {
            "id": 10,
            "text": "2 : 그럼 시즌 2도 한번 봐 바 그것도 진짜 감동",
            "norm_text": "그럼 시즌 2도 한번 봐 바 그것도 진짜 감동",
            "speaker": {
              "id": "2번",
              "sex": "남성",
              "age": "30대"
            },
            "speechAct": "(지시) 충고/제안하기",
            "morpheme": "그럼/MAJ+시즌/NNG+2/SN+도/NNBC+한/MM+번/NNBC+봐/VV+바/EC+그것/NP+도/JX+진짜/MAG+감동/NNG"
          },
          {
            "id": 11,
            "text": "1 : 아 그것도 봤지 또 나오면 봐야지~",
            "norm_text": "아 그것도 봤지 또 나오면 봐야지~",
            "speaker": {
              "id": "1번",
              "sex": "여성",
              "age": "20대"
            },
            "speechAct": "(언약) 약속하기(제3자와)/(개인적 수준)",
            "morpheme": "아/IC+그것/NP+도/JX+봤/VV+EP+지/EF+또/MAG+나오/VV+면/EC+봐야/VX+EC+VV+지/EC+~/SY"
          },
          {
            "id": 12,
            "text": "2 : 키키 맞아 그거 시즌 얼른 나왔으면 좋겠다",
            "norm_text": "키키 맞아 그거 시즌 얼른 나왔으면 좋겠다",
            "speaker": {
              "id": "2번",
              "sex": "남성",
              "age": "30대"
            },
            "speechAct": "(단언) 주장하기",
            "morpheme": "키/NNG+키/XSV+ETN+맞/VV+아/EC+그거/NP+시즌/NNG+얼른/MAG+나왔/VV+EP+으면/EC+좋/VA+겠/EP+다/EC"
          },
          {
            "id": 13,
            "text": "1 : 그거 시즌 3도 나와?",
            "norm_text": "그거 시즌 3도 나와?",
            "speaker": {
              "id": "1번",
              "sex": "여성",
              "age": "20대"
            },
            "speechAct": "(지시) 질문하기",
            "morpheme": "그거/NP+시즌/NNG+3/SN+도/NNBC+나와/VV+EF"
          },
          {
            "id": 14,
            "text": "2 : 아직 나온다는 소리는 못 들었어",
            "norm_text": "아직 나온다는 소리는 못 들었어",
            "speaker": {
              "id": "2번",
              "sex": "남성",
              "age": "30대"
            },
            "speechAct": "(단언) 주장하기",
            "morpheme": "아직/MAG+나온다는/VV+ETM+소리/NNG+는/JX+못/MAG+들/VV+었/EP+어/EC"
          },
          {
            "id": 15,
            "text": "1 : 근데 나올 거 같지?",
            "norm_text": "근데 나올 거 같지?",
            "speaker": {
              "id": "1번",
              "sex": "여성",
              "age": "20대"
            },
            "speechAct": "(지시) 질문하기",
            "morpheme": "근데/MAJ+나올/VV+ETM+거/NNB+같/VA+지/EF"
          },
          {
            "id": 16,
            "text": "2 : 응 너무 흥했던 영화니깐",
            "norm_text": "응 너무 흥했던 영화니깐",
            "speaker": {
              "id": "2번",
              "sex": "남성",
              "age": "30대"
            },
            "speechAct": "(단언) 주장하기",
            "morpheme": "응/IC+너무/MAG+흥했/VV+EP+던/ETM+영화/NNG+니깐/VCP+EC"
          }
        ]
      }
    }
  ]
}