{
  "dataset": {
    "identifier": 101447,
    "name": "BAND_40_10_set",
    "src_path": "/data/file/cubeManager/PROJECT001/77/txt20211029151156008375/BAND_40_10_set/",
    "label_path": "/data/file/cubeManager/PROJECT001/77/txt20211029151156008375/BAND_40_10_set/",
    "category": 2,
    "type": 0
  },
  "licenses": {
    "name": "Apache License 1.0",
    "url": "http://www.apache.org/licenses/LICENSE-1.0"
  },
  "info": [
    {
      "id": 109692,
      "filename": "BAND_40_10.txt",
      "title": "BAND_40_10",
      "mediatype": "SNS",
      "medianame": "네이버밴드",
      "category": "일상대화",
      "date": "2021-10-29",
      "size": 459,
      "annotations": {
        "subject": "스포츠/레저",
        "speaker_type": "다자간 대화",
        "size": 459,
        "word_size": 151,
        "text": "1 : 테니스 칠 줄 아는 사람?\n2 : 중학교 때 테니스 잠깐 쳐봤는데 잘 못쳐 키키\n3 : 베드민턴은 칠 줄 아는데\n1 : 키키 테니스 배우고 싶은데 마땅한 곳이 없어\n2 : 그치 요즘에 테니스 치는 곳 거의 없더라\n3 : 테니스 치는 곳 없긴 하지\n1 : 유산소 장난 아닌거 같던데 키키\n2 : 맞어 테니스 계속 뛰어다녀야 하잖아 운동 완전 잘될듯 키키\n3 : 근데 나는 테니스 안쳐봐서 잘 모르겠어\n1 : 영상 보니깐 장난 아니더라고 키키\n2 : 구기스포츠는 축구 테니스 빼고는 거의 다 해본 거 같애 키키\n3 : 테니스는 볼 엄두도 안나... 뭔지를 몰라서\n1 : 키키 난 배드민턴이랑 피구만 기억난다\n2 : 배드민턴은 진짜 열심히 오래 쳤는데 키키\n3 : 나도 배드민턴은 잘 쳐\n1 : 배드민턴 재밌어 키키 요즘 치기 좋은 거 같아\n2 : 맞어 키키 배드민턴도 살 엄청 잘빠지던데\n3 : 날씨 좋아서 나가서 배드민턴 치는 것도 좋을 거 같아",
        "lines": [
          {
            "id": 1,
            "text": "1 : 테니스 칠 줄 아는 사람?",
            "norm_text": "테니스 칠 줄 아는 사람?",
            "speaker": {
              "id": "1번",
              "sex": "여성",
              "age": "20대"
            },
            "speechAct": "(지시) 질문하기",
            "morpheme": "테니스/NNG+칠/VV+ETM+줄/NNB+아/VV+는/ETM+사람/NNG"
          },
          {
            "id": 2,
            "text": "2 : 중학교 때 테니스 잠깐 쳐봤는데 잘 못쳐 키키",
            "norm_text": "중학교 때 테니스 잠깐 쳐봤는데 잘 못쳐 키키",
            "speaker": {
              "id": "2번",
              "sex": "남성",
              "age": "20대"
            },
            "speechAct": "(단언) 주장하기",
            "morpheme": "중학교/NNG+때/NNG+테니스/NNG+잠깐/MAG+쳐/VV+EC+봤/VX+EP+는데/EC+잘못/MAG+쳐/VV+EC+키/NNG+키/XSV+ETN"
          },
          {
            "id": 3,
            "text": "3 : 베드민턴은 칠 줄 아는데",
            "norm_text": "베드민턴은 칠 줄 아는데",
            "speaker": {
              "id": "3번",
              "sex": "남성",
              "age": "20대"
            },
            "speechAct": "(단언) 주장하기",
            "morpheme": "베드/NNP+민/NNP+턴/NNG+은/JX+칠/VV+ETM+줄/NNB+아/VV+는데/EC"
          },
          {
            "id": 4,
            "text": "1 : 키키 테니스 배우고 싶은데 마땅한 곳이 없어",
            "norm_text": "키키 테니스 배우고 싶은데 마땅한 곳이 없어",
            "speaker": {
              "id": "1번",
              "sex": "여성",
              "age": "20대"
            },
            "speechAct": "(단언) 주장하기",
            "morpheme": "키/NNG+키/NNG+테니스/NNG+배우/VV+고/EC+싶/VX+은데/EC+마땅/XR+한/XSA+ETM+곳/NNG+이/JKS+없/VA+어/EC"
          },
          {
            "id": 5,
            "text": "2 : 그치 요즘에 테니스 치는 곳 거의 없더라",
            "norm_text": "그치 요즘에 테니스 치는 곳 거의 없더라",
            "speaker": {
              "id": "2번",
              "sex": "남성",
              "age": "20대"
            },
            "speechAct": "(단언) 진술하기",
            "morpheme": "그치/IC+요즘/NNG+에/JKB+테니스/NNG+치/VV+는/ETM+곳/NNB+거의/MAG+없/VA+더라/EC"
          },
          {
            "id": 6,
            "text": "3 : 테니스 치는 곳 없긴 하지",
            "norm_text": "테니스 치는 곳 없긴 하지",
            "speaker": {
              "id": "3번",
              "sex": "남성",
              "age": "20대"
            },
            "speechAct": "(단언) 주장하기",
            "morpheme": "테니스/NNG+치/VV+는/ETM+곳/NNB+없/VA+긴/ETN+JX+하/VX+지/EC"
          },
          {
            "id": 7,
            "text": "1 : 유산소 장난 아닌거 같던데 키키",
            "norm_text": "유산소 장난 아닌거 같던데 키키",
            "speaker": {
              "id": "1번",
              "sex": "여성",
              "age": "20대"
            },
            "speechAct": "(단언) 진술하기",
            "morpheme": "유산소/NNP+장난/NNG+아닌/VCN+ETM+거/NNB+같/VA+던데/EC+키/NNG+키/XSV+ETN"
          },
          {
            "id": 8,
            "text": "2 : 맞어 테니스 계속 뛰어다녀야 하잖아 운동 완전 잘될듯 키키",
            "norm_text": "맞어 테니스 계속 뛰어다녀야 하잖아 운동 완전 잘될듯 키키",
            "speaker": {
              "id": "2번",
              "sex": "남성",
              "age": "20대"
            },
            "speechAct": "(단언) 진술하기",
            "morpheme": "맞/VV+어/EC+테니스/NNG+계속/MAG+뛰어다녀야/VV+EC+하/VV+잖아/EC+운동/NNG+완전/MAG+잘/MAG+될/VV+ETM+듯/NNB+키/NNG+키/XSV+ETN"
          },
          {
            "id": 9,
            "text": "3 : 근데 나는 테니스 안쳐봐서 잘 모르겠어",
            "norm_text": "근데 나는 테니스 안쳐봐서 잘 모르겠어",
            "speaker": {
              "id": "3번",
              "sex": "남성",
              "age": "20대"
            },
            "speechAct": "(단언) 주장하기",
            "morpheme": "근데/MAJ+나/NP+는/JX+테니스/NNG+안/MAG+쳐/VV+EC+봐서/VV+EC+잘/MAG+모르/VV+겠/EP+어/EC"
          },
          {
            "id": 10,
            "text": "1 : 영상 보니깐 장난 아니더라고 키키",
            "norm_text": "영상 보니깐 장난 아니더라고 키키",
            "speaker": {
              "id": "1번",
              "sex": "여성",
              "age": "20대"
            },
            "speechAct": "(단언) 주장하기",
            "morpheme": "영상/NNG+보/VV+니깐/EC+장난/NNG+아니/VCN+더라고/EC+키/NNG+키/XSV+ETN"
          },
          {
            "id": 11,
            "text": "2 : 구기스포츠는 축구 테니스 빼고는 거의 다 해본 거 같애 키키",
            "norm_text": "구기스포츠는 축구 테니스 빼고는 거의 다 해본 거 같애 키키",
            "speaker": {
              "id": "2번",
              "sex": "남성",
              "age": "20대"
            },
            "speechAct": "(단언) 주장하기",
            "morpheme": "구기/NNG+스포츠/NNG+는/JX+축구/NNG+테니스/NNG+빼/VV+고/EC+는/JX+거의/MAG+다/MAG+해/VV+EC+본/VX+ETM+거/NNB+같/VA+애/EF+키/NNG+키/XSV+ETN"
          },
          {
            "id": 12,
            "text": "3 : 테니스는 볼 엄두도 안나... 뭔지를 몰라서",
            "norm_text": "테니스는 볼 엄두도 안나... 뭔지를 몰라서",
            "speaker": {
              "id": "3번",
              "sex": "남성",
              "age": "20대"
            },
            "speechAct": "(단언) 주장하기",
            "morpheme": "테니스/NNG+는/JX+볼/VV+ETM+엄두/NNG+도/JX+안/MAG+나/VV+EF+./SY+뭔지/NP+VCP+EC+를/JKO+몰라서/VV+EC"
          },
          {
            "id": 13,
            "text": "1 : 키키 난 배드민턴이랑 피구만 기억난다",
            "norm_text": "키키 난 배드민턴이랑 피구만 기억난다",
            "speaker": {
              "id": "1번",
              "sex": "여성",
              "age": "20대"
            },
            "speechAct": "(단언) 주장하기",
            "morpheme": "키/NNG+키/XSV+ETN+난/VV+ETM+배드민턴/NNG+이랑/JKB+피구/NNG+만/JX+기억난다/VV+EF"
          },
          {
            "id": 14,
            "text": "2 : 배드민턴은 진짜 열심히 오래 쳤는데 키키",
            "norm_text": "배드민턴은 진짜 열심히 오래 쳤는데 키키",
            "speaker": {
              "id": "2번",
              "sex": "남성",
              "age": "20대"
            },
            "speechAct": "(단언) 주장하기",
            "morpheme": "배드민턴/NNG+은/JX+진짜/MAG+열심히/MAG+오래/MAG+쳤/VV+EP+는데/EC+키/NNG+키/XSV+ETN"
          },
          {
            "id": 15,
            "text": "3 : 나도 배드민턴은 잘 쳐",
            "norm_text": "나도 배드민턴은 잘 쳐",
            "speaker": {
              "id": "3번",
              "sex": "남성",
              "age": "20대"
            },
            "speechAct": "(단언) 주장하기",
            "morpheme": "나/NP+도/JX+배드민턴/NNG+은/JX+잘/MAG+쳐/VV+EC"
          },
          {
            "id": 16,
            "text": "1 : 배드민턴 재밌어 키키 요즘 치기 좋은 거 같아",
            "norm_text": "배드민턴 재밌어 키키 요즘 치기 좋은 거 같아",
            "speaker": {
              "id": "1번",
              "sex": "여성",
              "age": "20대"
            },
            "speechAct": "(단언) 주장하기",
            "morpheme": "배드민턴/NNG+재밌/VA+어/EC+키/NNG+키/NNG+요즘/NNG+치/VV+기/ETN+좋/VA+은/ETM+거/NNB+같/VA+아/EC"
          },
          {
            "id": 17,
            "text": "2 : 맞어 키키 배드민턴도 살 엄청 잘빠지던데",
            "norm_text": "맞어 키키 배드민턴도 살 엄청 잘빠지던데",
            "speaker": {
              "id": "2번",
              "sex": "남성",
              "age": "20대"
            },
            "speechAct": "(단언) 주장하기",
            "morpheme": "맞/VV+어/EC+키/NNG+키/NNG+배드민턴/NNG+도/JX+살/VV+ETM+엄청/MAG+잘/MAG+빠지/VV+던데/EC"
          },
          {
            "id": 18,
            "text": "3 : 날씨 좋아서 나가서 배드민턴 치는 것도 좋을 거 같아",
            "norm_text": "날씨 좋아서 나가서 배드민턴 치는 것도 좋을 거 같아",
            "speaker": {
              "id": "3번",
              "sex": "남성",
              "age": "20대"
            },
            "speechAct": "(단언) 주장하기",
            "morpheme": "날씨/NNG+좋/VA+아서/EC+나가/VX+서/EC+배드민턴/NNG+치/VV+는/ETM+것/NNB+도/JX+좋/VA+을/ETM+거/NNB+같/VA+아/EC"
          }
        ]
      }
    }
  ]
}