{
  "dataset": {
    "identifier": 98099,
    "name": "BAND_39_04_set",
    "src_path": "/data/file/cubeManager/PROJECT001/77/txt20211029151155084837/BAND_39_04_set/",
    "label_path": "/data/file/cubeManager/PROJECT001/77/txt20211029151155084837/BAND_39_04_set/",
    "category": 2,
    "type": 0
  },
  "licenses": {
    "name": "Apache License 1.0",
    "url": "http://www.apache.org/licenses/LICENSE-1.0"
  },
  "info": [
    {
      "id": 109666,
      "filename": "BAND_39_04.txt",
      "title": "BAND_39_04",
      "mediatype": "SNS",
      "medianame": "네이버밴드",
      "category": "일상대화",
      "date": "2021-10-29",
      "size": 454,
      "annotations": {
        "subject": "회사/아르바이트",
        "speaker_type": "다자간 대화",
        "size": 454,
        "word_size": 145,
        "text": "1 : 해보고 싶은 일 있어?\n2 : 나는 놀이공원 알바 하고싶어\n3 : 흐음~ 난 카페 알바! 해보고싶어\n1 : 키키 카페 알바 하는중 키키\n1 : 놀이공원 나도 나도!\n2 : 키키 그치 손 살랑살랑 흔들면서 인사해주기\n3 : 사람 너무 많아서 힘들 거 같어...키키\n1 : 가끔 춤도 추던데 감당 가능?\n2 : 키키 ^^ 보는 사람들이 괜찮으면 가능\n3 : 뭘 키키 그 맛에 하는 거지 키키\n1 : 키키 인정 키키 젊을 때 안 하면 언제 해보겠어\n2 : 마저마저 나이 먹은 사람들은 그러고 보니 없네~\n3 : 맞아 그리고 그때의 춤선이 다르다규 키키\n1 : 키키 거의 20대더라 브이로그 보니깐\n2 : ㅜㅜ 하긴 가장 생기발랄 할 때이지\n3 : 하라면 하는데 감당 가능하신지 물어봐야지...키키\n1 : 지금도 늦지 않았어 키키 다들 도전 해봐...!\n2 : 키키 회사를 때려 치고 해봐야하나!?!?!\n3 : 혹시 몰라 잘 맞을지 키키 도전!",
        "lines": [
          {
            "id": 1,
            "text": "1 : 해보고 싶은 일 있어?",
            "norm_text": "해보고 싶은 일 있어?",
            "speaker": {
              "id": "1번",
              "sex": "여성",
              "age": "20대"
            },
            "speechAct": "(지시) 질문하기",
            "morpheme": "해/VV+EC+보/VX+고/EC+싶/VX+은/ETM+일/NNG+있/VA+어/EF"
          },
          {
            "id": 2,
            "text": "2 : 나는 놀이공원 알바 하고싶어",
            "norm_text": "나는 놀이공원 알바 하고싶어",
            "speaker": {
              "id": "2번",
              "sex": "여성",
              "age": "20대"
            },
            "speechAct": "(단언) 주장하기",
            "morpheme": "나/NP+는/JX+놀이/NNG+공원/NNG+알/VV+ETM+바/NNB+하/VV+고/EC+싶/VX+어/EC"
          },
          {
            "id": 3,
            "text": "3 : 흐음~ 난 카페 알바! 해보고싶어",
            "norm_text": "흐음~ 난 카페 알바! 해보고싶어",
            "speaker": {
              "id": "3번",
              "sex": "남성",
              "age": "20대"
            },
            "speechAct": "(단언) 주장하기",
            "morpheme": "흐음/IC+~/SY+난카페알바/UNKNOWN+해/VV+EC+보/VX+고/EC+싶/VX+어/EC"
          },
          {
            "id": 4,
            "text": "1 : 키키 카페 알바 하는중 키키",
            "norm_text": "키키 카페 알바 하는중 키키",
            "speaker": {
              "id": "1번",
              "sex": "여성",
              "age": "20대"
            },
            "speechAct": "(단언) 진술하기",
            "morpheme": "키/NNG+키/NNG+카페/NNG+알/VV+ETM+바/NNB+하/VV+는/ETM+중키/NNG+키/XSV+ETN"
          },
          {
            "id": 5,
            "text": "1 : 놀이공원 나도 나도!",
            "norm_text": "놀이공원 나도 나도!",
            "speaker": {
              "id": "1번",
              "sex": "여성",
              "age": "20대"
            },
            "speechAct": "(단언) 주장하기",
            "morpheme": "놀이/NNG+공원/NNG+나/NP+도/JX+나/NP+도/JX"
          },
          {
            "id": 6,
            "text": "2 : 키키 그치 손 살랑살랑 흔들면서 인사해주기",
            "norm_text": "키키 그치 손 살랑살랑 흔들면서 인사해주기",
            "speaker": {
              "id": "2번",
              "sex": "여성",
              "age": "20대"
            },
            "speechAct": "(단언) 진술하기",
            "morpheme": "키/NNG+키/XSV+ETN+그치/VV+손/EC+살랑살랑/MAG+흔들/VV+면서/EC+인사/NNG+해/XSV+EC+주/VX+기/ETN"
          },
          {
            "id": 7,
            "text": "3 : 사람 너무 많아서 힘들 거 같어...키키",
            "norm_text": "사람 너무 많아서 힘들 거 같어...키키",
            "speaker": {
              "id": "3번",
              "sex": "남성",
              "age": "20대"
            },
            "speechAct": "(단언) 주장하기",
            "morpheme": "사람/NNG+너무/MAG+많/VA+아서/EC+힘들/VA+ETM+거/NNB+같/VA+어/EF+./SY+키/NNG+키/XSV+ETN"
          },
          {
            "id": 8,
            "text": "1 : 가끔 춤도 추던데 감당 가능?",
            "norm_text": "가끔 춤도 추던데 감당 가능?",
            "speaker": {
              "id": "1번",
              "sex": "여성",
              "age": "20대"
            },
            "speechAct": "(지시) 질문하기",
            "morpheme": "가끔/MAG+춤/NNG+도/JX+추/VV+던데/EC+감당/NNG+가능/NNG"
          },
          {
            "id": 9,
            "text": "2 : 키키 ^^ 보는 사람들이 괜찮으면 가능",
            "norm_text": "키키 ^^ 보는 사람들이 괜찮으면 가능",
            "speaker": {
              "id": "2번",
              "sex": "여성",
              "age": "20대"
            },
            "speechAct": "(단언) 주장하기",
            "morpheme": "키/NNG+키/XSV+ETN+^/SY+^/SY+보/VV+는/ETM+사람/NNG+들/XSN+이/JKS+괜찮/VA+으면/EC+가능/NNG"
          },
          {
            "id": 10,
            "text": "3 : 뭘 키키 그 맛에 하는 거지 키키",
            "norm_text": "뭘 키키 그 맛에 하는 거지 키키",
            "speaker": {
              "id": "3번",
              "sex": "남성",
              "age": "20대"
            },
            "speechAct": "(단언) 진술하기",
            "morpheme": "뭘/NP+JKO+키/NNG+키/XSV+ETN+그/MM+맛/NNG+에/JKB+하/VV+는/ETM+거/NNB+지/VCP+EC+키/NNG+키/XSV+ETN"
          },
          {
            "id": 11,
            "text": "1 : 키키 인정 키키 젊을 때 안 하면 언제 해보겠어",
            "norm_text": "키키 인정 키키 젊을 때 안 하면 언제 해보겠어",
            "speaker": {
              "id": "1번",
              "sex": "여성",
              "age": "20대"
            },
            "speechAct": "(단언) 진술하기",
            "morpheme": "키/NNG+키/NNG+인정/NNG+키/NNG+키/XSV+ETN+젊/VA+을/ETM+때/NNG+안/MAG+하/VV+면/EC+언제/MAG+해/VV+EC+보/VX+겠/EP+어/EC"
          },
          {
            "id": 12,
            "text": "2 : 마저마저 나이 먹은 사람들은 그러고 보니 없네~",
            "norm_text": "마저마저 나이 먹은 사람들은 그러고 보니 없네~",
            "speaker": {
              "id": "2번",
              "sex": "여성",
              "age": "20대"
            },
            "speechAct": "(단언) 진술하기",
            "morpheme": "마저/MAG+마저/MAG+나이/NNG+먹/VV+은/ETM+사람/NNG+들/XSN+은/JX+그러/VV+고/EC+보/VX+니/EC+없/VA+네/EF+~/SY"
          },
          {
            "id": 13,
            "text": "3 : 맞아 그리고 그때의 춤선이 다르다규 키키",
            "norm_text": "맞아 그리고 그때의 춤선이 다르다규 키키",
            "speaker": {
              "id": "3번",
              "sex": "남성",
              "age": "20대"
            },
            "speechAct": "(단언) 진술하기",
            "morpheme": "맞아/IC+그리고/MAJ+그때/NNG+의/JKG+춤/NNG+선/NNG+이/JKS+다르/VA+다/EC+규/NNG+키/NNG+키/XSV+ETN"
          },
          {
            "id": 14,
            "text": "1 : 키키 거의 20대더라 브이로그 보니깐",
            "norm_text": "키키 거의 20대더라 브이로그 보니깐",
            "speaker": {
              "id": "1번",
              "sex": "여성",
              "age": "20대"
            },
            "speechAct": "(단언) 진술하기",
            "morpheme": "키/NNG+키/NNG+거의/MAG+20/SN+대/NNBC+더라/VCP+EC+브이/NNG+로/JKB+그/IC+보/VV+니깐/EC"
          },
          {
            "id": 15,
            "text": "2 : ㅜㅜ 하긴 가장 생기발랄 할 때이지",
            "norm_text": "ㅜㅜ 하긴 가장 생기발랄 할 때이지",
            "speaker": {
              "id": "2번",
              "sex": "여성",
              "age": "20대"
            },
            "speechAct": "(단언) 진술하기",
            "morpheme": "ㅜㅜ/UNKNOWN+하/VV+긴/ETN+JX+가장/MAG+생기발랄/XR+할/XSA+ETM+때/NNG+이/VCP+지/EC"
          },
          {
            "id": 16,
            "text": "3 : 하라면 하는데 감당 가능하신지 물어봐야지...키키",
            "norm_text": "하라면 하는데 감당 가능하신지 물어봐야지...키키",
            "speaker": {
              "id": "3번",
              "sex": "남성",
              "age": "20대"
            },
            "speechAct": "(단언) 진술하기",
            "morpheme": "하/VV+라면/EC+하/VV+는데/EC+감당/NNG+가능/NNG+하/XSV+신지/EP+EC+물/VV+어/EC+봐야지/VX+EF+./SY+키/NNG+키/XSV+ETN"
          },
          {
            "id": 17,
            "text": "1 : 지금도 늦지 않았어 키키 다들 도전 해봐...!",
            "norm_text": "지금도 늦지 않았어 키키 다들 도전 해봐...!",
            "speaker": {
              "id": "1번",
              "sex": "여성",
              "age": "20대"
            },
            "speechAct": "(지시) 충고/제안하기",
            "morpheme": "지금/NNG+도/JX+늦/VA+지/EC+않/VX+았/EP+어/EC+키/NNG+키/VV+다/EC+들/XSN+도/JX+전해/VV+EC+봐/VX+EF+./SY+./SY"
          },
          {
            "id": 18,
            "text": "2 : 키키 회사를 때려 치고 해봐야하나!?!?!",
            "norm_text": "키키 회사를 때려 치고 해봐야하나!?!?!",
            "speaker": {
              "id": "2번",
              "sex": "여성",
              "age": "20대"
            },
            "speechAct": "(단언) 주장하기",
            "morpheme": "키/NNG+키/NNG+회사/NNG+를/JKO+때려치/VV+고/EC+해/VV+EC+봐야/VX+EC+하나/NR+?/SY+?/SY"
          },
          {
            "id": 19,
            "text": "3 : 혹시 몰라 잘 맞을지 키키 도전!",
            "norm_text": "혹시 몰라 잘 맞을지 키키 도전!",
            "speaker": {
              "id": "3번",
              "sex": "남성",
              "age": "20대"
            },
            "speechAct": "(단언) 진술하기",
            "morpheme": "혹시/MAG+몰라/VV+EF+잘/MAG+맞/VV+을지/EC+키/NNG+키/XSV+ETN+도/JX+전/NNG"
          }
        ]
      }
    }
  ]
}