{
  "dataset": {
    "identifier": 58283,
    "name": "BAND_31_02_set",
    "src_path": "/data/file/cubeManager/PROJECT001/53/txt20210927144542050455/BAND_31_02_set/",
    "label_path": "/data/file/cubeManager/PROJECT001/53/txt20210927144542050455/BAND_31_02_set/",
    "category": 2,
    "type": 0
  },
  "licenses": {
    "name": "Apache License 1.0",
    "url": "http://www.apache.org/licenses/LICENSE-1.0"
  },
  "info": [
    {
      "id": 34360,
      "filename": "BAND_31_02.txt",
      "title": "BAND_31_02",
      "mediatype": "SNS",
      "medianame": "네이버밴드",
      "category": "일상대화",
      "date": "2021-09-27",
      "size": 360,
      "annotations": {
        "subject": "주거와 생활",
        "speaker_type": "1:1",
        "size": 360,
        "word_size": 126,
        "text": "1 : 너는 아파트로 이사 갈 생각 없어?\n2 : 나 갈 수만 있으면 아파트 가고 싶어\n1 : 근데 요즘 아파트 가격이 너무 비싸 ㅜㅜ\n2 : 맞아 요즘 집값이 너무 올랐어\n1 : 맞아 논산도 억대라고 하던데?\n2 : 맞아 논산도 두 배는 오른 거 같아\n1 : 그러니까 우리가 살 곳은 어디일까?\n2 : 우리 시골에서 농사 지어야 하지 않을까\n1 : 키키 맞아 텃밭 가꾸는 거 너무 좋겠다!\n2 : 맞아 나는 청양 고추 키우고 싶어\n1 : 맞아 너 매운 거 좋아하지?\n2 : 맞아 지금도 키우고 싶긴 해\n1 : 그거 집에서 집에서 키우는 키드 있을걸?\n2 : 응 한번 알아보려고 해 키키\n1 : 그거 다 키우면 나도 한 개만 주라!\n2 : 다 키워서 한 봉지에 싸게 팔게",
        "lines": [
          {
            "id": 1,
            "text": "1 : 너는 아파트로 이사 갈 생각 없어?",
            "norm_text": "너는 아파트로 이사 갈 생각 없어?",
            "speaker": {
              "id": "1번",
              "sex": "여성",
              "age": "20대"
            },
            "speechAct": "(지시) 질문하기",
            "morpheme": "너/NP+는/JX+아파트/NNG+로/JKB+이사/NNG+갈/VV+ETM+생각/NNG+없/VA+어/EF"
          },
          {
            "id": 2,
            "text": "2 : 나 갈 수만 있으면 아파트 가고 싶어",
            "norm_text": "나 갈 수만 있으면 아파트 가고 싶어",
            "speaker": {
              "id": "2번",
              "sex": "여성",
              "age": "20대"
            },
            "speechAct": "(단언) 주장하기",
            "morpheme": "나갈/VV+ETM+수/NNB+만/JX+있/VX+으면/EC+아파트/NNG+가/VV+고/EC+싶/VX+어/EC"
          },
          {
            "id": 3,
            "text": "1 : 근데 요즘 아파트 가격이 너무 비싸 ㅜㅜ",
            "norm_text": "근데 요즘 아파트 가격이 너무 비싸 ㅜㅜ",
            "speaker": {
              "id": "1번",
              "sex": "여성",
              "age": "20대"
            },
            "speechAct": "(단언) 진술하기",
            "morpheme": "근데/MAJ+요즘/MAG+아파트/NNG+가격/NNG+이/JKS+너무/MAG+비싸/VA+EF+ㅜㅜ/UNKNOWN"
          },
          {
            "id": 4,
            "text": "2 : 맞아 요즘 집값이 너무 올랐어",
            "norm_text": "맞아 요즘 집값이 너무 올랐어",
            "speaker": {
              "id": "2번",
              "sex": "여성",
              "age": "20대"
            },
            "speechAct": "(단언) 진술하기",
            "morpheme": "맞/VV+아/EC+요즘/NNG+집값/NNG+이/JKS+너무/MAG+올랐/VV+EP+어/EC"
          },
          {
            "id": 5,
            "text": "1 : 맞아 논산도 억대라고 하던데?",
            "norm_text": "맞아 논산도 억대라고 하던데?",
            "speaker": {
              "id": "1번",
              "sex": "여성",
              "age": "20대"
            },
            "speechAct": "(지시) 질문하기",
            "morpheme": "맞/VV+아/EC+논/VX+ETM+산/NNG+도/JX+억대/NNG+라고/VCP+EC+하/VX+던데/EF"
          },
          {
            "id": 6,
            "text": "2 : 맞아 논산도 두 배는 오른 거 같아",
            "norm_text": "맞아 논산도 두 배는 오른 거 같아",
            "speaker": {
              "id": "2번",
              "sex": "여성",
              "age": "20대"
            },
            "speechAct": "(단언) 진술하기",
            "morpheme": "맞/VV+아/EC+논/VX+ETM+산/NNG+도/JX+두/MM+배/NNBC+는/JX+오른/VV+ETM+거/NNB+같/VA+아/EC"
          },
          {
            "id": 7,
            "text": "1 : 그러니까 우리가 살 곳은 어디일까?",
            "norm_text": "그러니까 우리가 살 곳은 어디일까?",
            "speaker": {
              "id": "1번",
              "sex": "여성",
              "age": "20대"
            },
            "speechAct": "(지시) 질문하기",
            "morpheme": "그러니까/MAJ+우리/NP+가/JKS+살/VV+ETM+곳/NNG+은/JX+어디/NP+일까/VCP+EF"
          },
          {
            "id": 8,
            "text": "2 : 우리 시골에서 농사 지어야 하지 않을까",
            "norm_text": "우리 시골에서 농사 지어야 하지 않을까",
            "speaker": {
              "id": "2번",
              "sex": "여성",
              "age": "20대"
            },
            "speechAct": "(지시) 질문하기",
            "morpheme": "우리/NP+시골/NNG+에서/JKB+농사지/VV+어야/EC+하/VV+지/EC+않/VX+을까/EC"
          },
          {
            "id": 9,
            "text": "1 : 키키 맞아 텃밭 가꾸는 거 너무 좋겠다!",
            "norm_text": "키키 맞아 텃밭 가꾸는 거 너무 좋겠다!",
            "speaker": {
              "id": "1번",
              "sex": "여성",
              "age": "20대"
            },
            "speechAct": "(단언) 진술하기",
            "morpheme": "키/NNG+키/XSV+ETN+맞/VV+아/EC+텃밭/NNG+가꾸/VV+는/ETM+거/NNB+너무/MAG+좋/VA+겠/EP+다/EF"
          },
          {
            "id": 10,
            "text": "2 : 맞아 나는 청양 고추 키우고 싶어",
            "norm_text": "맞아 나는 청양 고추 키우고 싶어",
            "speaker": {
              "id": "2번",
              "sex": "여성",
              "age": "20대"
            },
            "speechAct": "(단언) 주장하기",
            "morpheme": "맞/VV+아/EC+나/NP+는/JX+청양/NNG+고추/NNG+키우/VV+고/EC+싶/VX+어/EC"
          },
          {
            "id": 11,
            "text": "1 : 맞아 너 매운 거 좋아하지?",
            "norm_text": "맞아 너 매운 거 좋아하지?",
            "speaker": {
              "id": "1번",
              "sex": "여성",
              "age": "20대"
            },
            "speechAct": "(지시) 질문하기",
            "morpheme": "맞/VV+아/EC+너/NP+매운/VA+ETM+거/NNB+좋/VA+아/EC+하/VX+지/EF"
          },
          {
            "id": 12,
            "text": "2 : 맞아 지금도 키우고 싶긴 해",
            "norm_text": "맞아 지금도 키우고 싶긴 해",
            "speaker": {
              "id": "2번",
              "sex": "여성",
              "age": "20대"
            },
            "speechAct": "(단언) 주장하기",
            "morpheme": "맞아/IC+지금/MAG+도/JX+키우/VV+고/EC+싶/VX+긴/ETN+JX+해/VX+EC"
          },
          {
            "id": 13,
            "text": "1 : 그거 집에서 집에서 키우는 키드 있을걸?",
            "norm_text": "그거 집에서 집에서 키우는 키드 있을걸?",
            "speaker": {
              "id": "1번",
              "sex": "여성",
              "age": "20대"
            },
            "speechAct": "(지시) 질문하기",
            "morpheme": "그거/NP+집/NNG+에서/JKB+집/NNG+에서/JKB+키우/VV+는/ETM+키/VV+드/EC+있/VX+을걸/EF"
          },
          {
            "id": 14,
            "text": "2 : 응 한번 알아보려고 해 키키",
            "norm_text": "응 한번 알아보려고 해 키키",
            "speaker": {
              "id": "2번",
              "sex": "여성",
              "age": "20대"
            },
            "speechAct": "(단언) 주장하기",
            "morpheme": "응/IC+한/MM+번/NNBC+알아보/VV+려고/EC+해/VV+EC+키/NNG+키/XSV+ETN"
          },
          {
            "id": 15,
            "text": "1 : 그거 다 키우면 나도 한 개만 주라!",
            "norm_text": "그거 다 키우면 나도 한 개만 주라!",
            "speaker": {
              "id": "1번",
              "sex": "여성",
              "age": "20대"
            },
            "speechAct": "(지시) 명령/요구하기",
            "morpheme": "그거/NP+다/JX+키우/VV+면/EC+나/NP+도/JX+한/MM+개/NNBC+만/JX+주/VX+라/EF"
          },
          {
            "id": 16,
            "text": "2 : 다 키워서 한 봉지에 싸게 팔게",
            "norm_text": "다 키워서 한 봉지에 싸게 팔게",
            "speaker": {
              "id": "2번",
              "sex": "여성",
              "age": "20대"
            },
            "speechAct": "(단언) 주장하기",
            "morpheme": "다/MAG+키워서/VV+EC+한/MM+봉지/NNBC+에/JKB+싸/VV+게/EC+팔/VV+게/EC"
          }
        ]
      }
    }
  ]
}