{
  "dataset": {
    "identifier": 122309,
    "name": "BAND_45_14_set",
    "src_path": "/data/file/cubeManager/PROJECT001/80/txt20211103154613078241/BAND_45_14_set/",
    "label_path": "/data/file/cubeManager/PROJECT001/80/txt20211103154613078241/BAND_45_14_set/",
    "category": 2,
    "type": 0
  },
  "licenses": {
    "name": "Apache License 1.0",
    "url": "http://www.apache.org/licenses/LICENSE-1.0"
  },
  "info": [
    {
      "id": 135509,
      "filename": "BAND_45_14.txt",
      "title": "BAND_45_14",
      "mediatype": "SNS",
      "medianame": "네이버밴드",
      "category": "일상대화",
      "date": "2021-11-03",
      "size": 477,
      "annotations": {
        "subject": "사회이슈",
        "speaker_type": "다자간 대화",
        "size": 477,
        "word_size": 157,
        "text": "1 : 부산 최근 일주일간 돌파감염 111명이래\n2 : 와 확실히 부산은 관광지다 보니 감염도 엄청나네\n3 : 아이고 부산은 머선 129\n1 : 그니깐\n1 : 확진자의 반이 돌파라네\n2 : 이래서 관광지는 안 좋아…\n2 : 부산은 근처에도 안 가야겠다 키키\n3 : 돌파감염이면 백신 맞고 걸리는 건가?\n1 : 웅웅 그래서 좀 문제야\n2 : 화이자는 백신 맞아도 2개월 뒤에는 효과 없어진다던데\n3 : 엥 진짜 나 화이잔디\n1 : 맞아\n1 : 그래서 부스터샷 맞아야 한다구...\n2 : 응 맞어\n2 : 그러더라\n2 : 안 그래도 기사 읽어봤거든\n3 : 부스터샷까지 맞으면 팔이 아플텐데 ...\n1 : 나도 화이잔데 키키\n1 : 좀 무섭다\n2 : 난 다행이 모더나이긴 한데 모더나도 뭐 거기서 거기다 보니 무섭긴 하네\n3 : 사실 백신도 안 맞을까 했는데\n1 : 이거 뭐 백신 맞아도 걸리니 ...\n1 : 어케 해\n2 : 그니깐\n2 : 효과도 없는 백신 아프기만 하고!\n3 : 백신 진짜 2차 아프더라",
        "lines": [
          {
            "id": 1,
            "text": "1 : 부산 최근 일주일간 돌파감염 111명이래",
            "norm_text": "부산 최근 일주일간 돌파감염 111명이래",
            "speaker": {
              "id": "1번",
              "sex": "여성",
              "age": "20대"
            },
            "speechAct": "(단언) 진술하기",
            "morpheme": "부산최근일주일간돌파감염/UNKNOWN+111/SN+명/NNBC+이래/NNB"
          },
          {
            "id": 2,
            "text": "2 : 와 확실히 부산은 관광지다 보니 감염도 엄청나네",
            "norm_text": "와 확실히 부산은 관광지다 보니 감염도 엄청나네",
            "speaker": {
              "id": "2번",
              "sex": "남성",
              "age": "20대"
            },
            "speechAct": "(단언) 진술하기",
            "morpheme": "와/IC+확실히/MAG+부산/NNP+은/JX+관광지/NNG+다/VCP+EC+보/VX+니/EC+감염/NNG+도/JX+엄청나/VA+네/EC"
          },
          {
            "id": 3,
            "text": "3 : 아이고 부산은 머선 129",
            "norm_text": "아이고 부산은 머선 129",
            "speaker": {
              "id": "3번",
              "sex": "남성",
              "age": "20대"
            },
            "speechAct": "(단언) 진술하기",
            "morpheme": "아이고/IC+부산/NNP+은/JX+머/NP+선/JKB+JX+129/SN"
          },
          {
            "id": 4,
            "text": "1 : 그니깐",
            "norm_text": "그니깐",
            "speaker": {
              "id": "1번",
              "sex": "여성",
              "age": "20대"
            },
            "speechAct": "(단언) 주장하기",
            "morpheme": "그니깐/MAJ"
          },
          {
            "id": 5,
            "text": "1 : 확진자의 반이 돌파라네",
            "norm_text": "확진자의 반이 돌파라네",
            "speaker": {
              "id": "1번",
              "sex": "여성",
              "age": "20대"
            },
            "speechAct": "(단언) 주장하기",
            "morpheme": "확진/NNG+자/XSN+의/JKG+반/NNG+이/JKS+돌파/NNG+라네/VCP+EC"
          },
          {
            "id": 6,
            "text": "2 : 이래서 관광지는 안 좋아…",
            "norm_text": "이래서 관광지는 안 좋아…",
            "speaker": {
              "id": "2번",
              "sex": "남성",
              "age": "20대"
            },
            "speechAct": "(단언) 진술하기",
            "morpheme": "이래서/VV+EC+관광지/NNG+는/JX+안/MAG+좋/VA+아/EC+…/SE"
          },
          {
            "id": 7,
            "text": "2 : 부산은 근처에도 안 가야겠다 키키",
            "norm_text": "부산은 근처에도 안 가야겠다 키키",
            "speaker": {
              "id": "2번",
              "sex": "남성",
              "age": "20대"
            },
            "speechAct": "(단언) 주장하기",
            "morpheme": "부산/NNP+은/JX+근처/NNG+에/JKB+도/JX+안/MAG+가/VV+야/EC+VX+겠/EP+다키키/NNP"
          },
          {
            "id": 8,
            "text": "3 : 돌파감염이면 백신 맞고 걸리는 건가?",
            "norm_text": "돌파감염이면 백신 맞고 걸리는 건가?",
            "speaker": {
              "id": "3번",
              "sex": "남성",
              "age": "20대"
            },
            "speechAct": "(지시) 질문하기",
            "morpheme": "돌파/NNG+감염/NNG+이/VCP+면/EC+백신/NNG+맞/VV+고/EC+걸리/VV+는/ETM+건가/NNB+VCP+EF"
          },
          {
            "id": 9,
            "text": "1 : 웅웅 그래서 좀 문제야",
            "norm_text": "웅웅 그래서 좀 문제야",
            "speaker": {
              "id": "1번",
              "sex": "여성",
              "age": "20대"
            },
            "speechAct": "(단언) 주장하기",
            "morpheme": "웅웅/MAG+그래서/MAJ+좀/MAG+문제/NNG+야/VCP+EF"
          },
          {
            "id": 10,
            "text": "2 : 화이자는 백신 맞아도 2개월 뒤에는 효과 없어진다던데",
            "norm_text": "화이자는 백신 맞아도 2개월 뒤에는 효과 없어진다던데",
            "speaker": {
              "id": "2번",
              "sex": "남성",
              "age": "20대"
            },
            "speechAct": "(단언) 주장하기",
            "morpheme": "화이자/NNP+는/JX+백신/NNG+맞/VV+아도/EC+2/SN+개월/NNBC+뒤/NNG+에/JKB+는/JX+효과/NNG+없/VA+어/EC+진다던/VX+ETM+데/NNB"
          },
          {
            "id": 11,
            "text": "3 : 엥 진짜 나 화이잔디",
            "norm_text": "엥 진짜 나 화이잔디",
            "speaker": {
              "id": "3번",
              "sex": "남성",
              "age": "20대"
            },
            "speechAct": "(단언) 주장하기",
            "morpheme": "엥/IC+진짜/MAG+나화/NNG+이잔디/NNP"
          },
          {
            "id": 12,
            "text": "1 : 맞아",
            "norm_text": "맞아",
            "speaker": {
              "id": "1번",
              "sex": "여성",
              "age": "20대"
            },
            "speechAct": "(단언) 주장하기",
            "morpheme": "맞/VV+아/EC"
          },
          {
            "id": 13,
            "text": "1 : 그래서 부스터샷 맞아야 한다구...",
            "norm_text": "그래서 부스터샷 맞아야 한다구...",
            "speaker": {
              "id": "1번",
              "sex": "여성",
              "age": "20대"
            },
            "speechAct": "(단언) 진술하기",
            "morpheme": "그래서/MAJ+부스터/NNG+샷/NNG+맞/VV+아야/EC+한다구/VX+EF+./SY"
          },
          {
            "id": 14,
            "text": "2 : 응 맞어",
            "norm_text": "응 맞어",
            "speaker": {
              "id": "2번",
              "sex": "남성",
              "age": "20대"
            },
            "speechAct": "(단언) 주장하기",
            "morpheme": "응/IC+맞/VV+어/EC"
          },
          {
            "id": 15,
            "text": "2 : 그러더라",
            "norm_text": "그러더라",
            "speaker": {
              "id": "2번",
              "sex": "남성",
              "age": "20대"
            },
            "speechAct": "(단언) 주장하기",
            "morpheme": "그러/VV+더라/EC"
          },
          {
            "id": 16,
            "text": "2 : 안 그래도 기사 읽어봤거든",
            "norm_text": "안 그래도 기사 읽어봤거든",
            "speaker": {
              "id": "2번",
              "sex": "남성",
              "age": "20대"
            },
            "speechAct": "(단언) 주장하기",
            "morpheme": "안/MAG+그래도/VV+EC+기사/NNG+읽/VV+어/EC+봤/VX+EP+거든/EC"
          },
          {
            "id": 17,
            "text": "3 : 부스터샷까지 맞으면 팔이 아플텐데 ...",
            "norm_text": "부스터샷까지 맞으면 팔이 아플텐데 ...",
            "speaker": {
              "id": "3번",
              "sex": "남성",
              "age": "20대"
            },
            "speechAct": "(단언) 주장하기",
            "morpheme": "부스터/NNG+샷/NNG+까지/JX+맞/VV+으면/EC+팔/NNG+이/JKS+아플/VA+ETM+텐데/NNB+VCP+EF+./SY"
          },
          {
            "id": 18,
            "text": "1 : 나도 화이잔데 키키",
            "norm_text": "나도 화이잔데 키키",
            "speaker": {
              "id": "1번",
              "sex": "여성",
              "age": "20대"
            },
            "speechAct": "(단언) 진술하기",
            "morpheme": "나/NP+도/JX+화이/NNG+잔데/XSN+VCP+EC+키/NNG+키/XSV+ETN"
          },
          {
            "id": 19,
            "text": "1 : 좀 무섭다",
            "norm_text": "좀 무섭다",
            "speaker": {
              "id": "1번",
              "sex": "여성",
              "age": "20대"
            },
            "speechAct": "(표현) 부정감정 표현하기",
            "morpheme": "좀/MAG+무섭/VA+다/EC"
          },
          {
            "id": 20,
            "text": "2 : 난 다행이 모더나이긴 한데 모더나도 뭐 거기서 거기다 보니 무섭긴 하네",
            "norm_text": "난 다행이 모더나이긴 한데 모더나도 뭐 거기서 거기다 보니 무섭긴 하네",
            "speaker": {
              "id": "2번",
              "sex": "남성",
              "age": "20대"
            },
            "speechAct": "(단언) 진술하기",
            "morpheme": "난/NP+JX+다행/NNG+이모/NNG+더/MAG+나이/NNG+긴한/VA+ETM+데모/NNG+더/MAG+나/NP+도/JX+뭐/IC+거기/NP+서/JKB+거기/NP+다/JX+보/VV+니/EC+무섭/VA+긴/ETN+JX+하/VX+네/EC"
          },
          {
            "id": 21,
            "text": "3 : 사실 백신도 안 맞을까 했는데",
            "norm_text": "사실 백신도 안 맞을까 했는데",
            "speaker": {
              "id": "3번",
              "sex": "남성",
              "age": "20대"
            },
            "speechAct": "(단언) 진술하기",
            "morpheme": "사실/MAG+백신/NNG+도/JX+안/MAG+맞/VV+을까/EC+했/VX+EP+는데/EC"
          },
          {
            "id": 22,
            "text": "1 : 이거 뭐 백신 맞아도 걸리니 ...",
            "norm_text": "이거 뭐 백신 맞아도 걸리니 ...",
            "speaker": {
              "id": "1번",
              "sex": "여성",
              "age": "20대"
            },
            "speechAct": "(단언) 진술하기",
            "morpheme": "이거/NP+뭐/IC+백신/NNG+맞/VV+아도/EC+걸리/VV+니/EF+./SY"
          },
          {
            "id": 23,
            "text": "1 : 어케 해",
            "norm_text": "어케 해",
            "speaker": {
              "id": "1번",
              "sex": "여성",
              "age": "20대"
            },
            "speechAct": "(지시) 질문하기",
            "morpheme": "어/IC+케/IC+해/VV+EC"
          },
          {
            "id": 24,
            "text": "2 : 그니깐",
            "norm_text": "그니깐",
            "speaker": {
              "id": "2번",
              "sex": "남성",
              "age": "20대"
            },
            "speechAct": "(단언) 주장하기",
            "morpheme": "그니깐/MAJ"
          },
          {
            "id": 25,
            "text": "2 : 효과도 없는 백신 아프기만 하고!",
            "norm_text": "효과도 없는 백신 아프기만 하고!",
            "speaker": {
              "id": "2번",
              "sex": "남성",
              "age": "20대"
            },
            "speechAct": "(단언) 주장하기",
            "morpheme": "효과/NNG+도/JX+없/VA+는/ETM+백신/NNG+아프/VA+기/ETN+만/JX+하/VV+고/EC"
          },
          {
            "id": 26,
            "text": "3 : 백신 진짜 2차 아프더라",
            "norm_text": "백신 진짜 2차 아프더라",
            "speaker": {
              "id": "3번",
              "sex": "남성",
              "age": "20대"
            },
            "speechAct": "(단언) 진술하기",
            "morpheme": "백신/NNG+진짜/MAG+2/SN+차/NNBC+아프/VA+더라/EC"
          }
        ]
      }
    }
  ]
}