{
  "dataset": {
    "identifier": 40721,
    "name": "BAND_35_13_set",
    "src_path": "/data/file/cubeManager/PROJECT001/53/txt20211001150429090149/BAND_35_13_set/",
    "label_path": "/data/file/cubeManager/PROJECT001/53/txt20211001150429090149/BAND_35_13_set/",
    "category": 2,
    "type": 0
  },
  "licenses": {
    "name": "Apache License 1.0",
    "url": "http://www.apache.org/licenses/LICENSE-1.0"
  },
  "info": [
    {
      "id": 39518,
      "filename": "BAND_35_13.txt",
      "title": "BAND_35_13",
      "mediatype": "SNS",
      "medianame": "네이버밴드",
      "category": "일상대화",
      "date": "2021-10-01",
      "size": 1027,
      "annotations": {
        "subject": "계절/날씨",
        "speaker_type": "다자간 대화",
        "size": 1027,
        "word_size": 338,
        "text": "1 : 오늘 오후에 비 온다는데 우산 가져왔어?\n2 : 웅웅 가져왔어 ㅠㅠ\n2 : 요즘 맨날 우산 들고 다녀야 해...\n3 : 나는 어제 봤는데 저녁부터 계속 온다고 하더라고?\n3 : 우산 챙겼어?\n1 : 맞아 웅 저녁에 계속 온다 해서 챙겼지~\n2 : **이 안 챙겨왔으면 안 씌워줘야지 ~ 하하\n3 : 저번에는 비 왔는데 이번에는 일단 안 온다고 봤어!\n1 : 키키 우리 다 가져왔는데 누구 바보야 대체 키키\n2 : 키키 우리 시험치는 날 비 오려나?\n3 : 오지 마라 ㅠㅠ 짐도 많은데\n1 : 맞아 저번에 봤을 때는 안 온다고 떴었는데 안 왔으면 좋겠다...\n2 : 진짜 시험 보는 날 비 오면 최악이야  ㅠㅠ\n2 : 그날 갑자기 더 추워지지는 않겠지\n3 : 마자 내 눈물만큼 비 왔던 날을 잊을 수 없다\n1 : 저번 시험 때 비 엄청 온 적 있는데 언제지 진짜 폭우였어...\n1 : 난 근데 시험 때 무조건 반팔 입어 옷 걸리적거려서 불편할까 봐 추우면 뭐 걸쳐 그냥\n2 : 맞아 키키 나도 시험 칠 때 반팔이었당 아마 저번 시험이 비 진짜 많이 왔었을걸?\n2 : 그 전에는 안 쳐봐서 사실 모름...\n3 : 나는 그때 긴팔 입고 갔는데 더웠던 것 같긴 하당\n1 : 키키 아니 시적 표현이야 완전 이번에는 비 안 올 거 같더라~\n2 : 우리 눈물이 더 많았을 수도 있어 키키\n2 : 근데 오늘은 하루 종일 비 온다고 하던데 그래서 그런지 몸이 너무 무거워~\n3 : 키키 나는 오늘 가볍게 나왔는데 지하철에서 찌부 당하고 왔더니 힘드네 ^^\n3 : 글고 지하철은 짱 더운데 바깥에는 짱 추어\n1 : 맞아 이런 날씨 젤 싫어 지하철은 땀 완전 나고 밖은 춥고...\n2 : 오늘 사당에서 타는 사람들 봤는데 사람들 다 못 타고 있더라...\n2 : **이 너가 생각났어 ㅠㅠ\n3 : 키키 맞아 거기서 맨날 보내고 타는 게 나야 ㅠㅠ 흑흑\n1 : 키키 비 오면 사람 너무 많아 힘들어...\n2 : 키키 안쓰럽다 정말...\n2 : 오늘 바깥 풍경 처음 구경했는데 지하철 보내고 타는 사람들 진짜 짱 많았어 ㅠㅠ\n3 : 맞아 바깥에서 타지도 못 하고 보는 거 나야 심지어 보내고 타도 낑겨 감...",
        "lines": [
          {
            "id": 1,
            "text": "1 : 오늘 오후에 비 온다는데 우산 가져왔어?",
            "norm_text": "오늘 오후에 비 온다는데 우산 가져왔어?",
            "speaker": {
              "id": "1번",
              "sex": "여성",
              "age": "20대"
            },
            "speechAct": "(지시) 질문하기",
            "morpheme": "오늘/MAG+오후/NNG+에/JKB+비/VV+EC+온다는데/VV+EC+우산/NNG+가져왔/VV+EP+어/EF"
          },
          {
            "id": 2,
            "text": "2 : 웅웅 가져왔어 ㅠㅠ",
            "norm_text": "웅웅 가져왔어 ㅠㅠ",
            "speaker": {
              "id": "2번",
              "sex": "여성",
              "age": "20대"
            },
            "speechAct": "(단언) 진술하기",
            "morpheme": "웅웅/MAG+가져왔/VV+EP+어/EF+ㅠㅠ/UNKNOWN"
          },
          {
            "id": 3,
            "text": "2 : 요즘 맨날 우산 들고 다녀야 해...",
            "norm_text": "요즘 맨날 우산 들고 다녀야 해...",
            "speaker": {
              "id": "2번",
              "sex": "여성",
              "age": "20대"
            },
            "speechAct": "(단언) 주장하기",
            "morpheme": "요즘/MAG+맨날/MAG+우산/NNG+들/VV+고/EC+다녀야/VV+EC+해/VX+EF+./SY"
          },
          {
            "id": 4,
            "text": "3 : 나는 어제 봤는데 저녁부터 계속 온다고 하더라고?",
            "norm_text": "나는 어제 봤는데 저녁부터 계속 온다고 하더라고?",
            "speaker": {
              "id": "3번",
              "sex": "여성",
              "age": "20대"
            },
            "speechAct": "(지시) 질문하기",
            "morpheme": "나/NP+는/JX+어제/MAG+봤/VV+EP+는데/EC+저녁/NNG+부터/JX+계속/MAG+온다고/VV+EC+하/VX+더라고/EF"
          },
          {
            "id": 5,
            "text": "3 : 우산 챙겼어?",
            "norm_text": "우산 챙겼어?",
            "speaker": {
              "id": "3번",
              "sex": "여성",
              "age": "20대"
            },
            "speechAct": "(지시) 질문하기",
            "morpheme": "우산/NNG+챙겼/VV+EP+어/EF"
          },
          {
            "id": 6,
            "text": "1 : 맞아 웅 저녁에 계속 온다 해서 챙겼지~",
            "norm_text": "맞아 웅 저녁에 계속 온다 해서 챙겼지~",
            "speaker": {
              "id": "1번",
              "sex": "여성",
              "age": "20대"
            },
            "speechAct": "(단언) 진술하기",
            "morpheme": "맞/XPN+아웅/NNG+저녁/NNG+에/JKB+계속/MAG+온다/VV+EC+해서/VV+EC+챙겼/VV+EP+지/EC+~/SY"
          },
          {
            "id": 7,
            "text": "2 : **이 안 챙겨왔으면 안 씌워줘야지 ~ 하하",
            "norm_text": "**이 안 챙겨왔으면 안 씌워줘야지 ~ 하하",
            "speaker": {
              "id": "2번",
              "sex": "여성",
              "age": "20대"
            },
            "speechAct": "(단언) 주장하기",
            "morpheme": "*/SY+*/SY+이/JKS+안/MAG+챙겨왔/VV+EC+VX+EP+으면/EC+안/MAG+씌워/VV+EC+줘야지/VX+EF+~/SY+하하/NNP"
          },
          {
            "id": 8,
            "text": "3 : 저번에는 비 왔는데 이번에는 일단 안 온다고 봤어!",
            "norm_text": "저번에는 비 왔는데 이번에는 일단 안 온다고 봤어!",
            "speaker": {
              "id": "3번",
              "sex": "여성",
              "age": "20대"
            },
            "speechAct": "(단언) 진술하기",
            "morpheme": "저번/NNG+에/JKB+는/JX+비/NNG+왔/VV+EP+는데/EC+이번/NNG+에/JKB+는/JX+일단/MAG+안/MAG+온다고/VV+EC+봤/VX+EP+어/EF"
          },
          {
            "id": 9,
            "text": "1 : 키키 우리 다 가져왔는데 누구 바보야 대체 키키",
            "norm_text": "키키 우리 다 가져왔는데 누구 바보야 대체 키키",
            "speaker": {
              "id": "1번",
              "sex": "여성",
              "age": "20대"
            },
            "speechAct": "(단언) 진술하기",
            "morpheme": "키/NNG+키/XSV+ETN+우리/NP+다가/JX+져왔/VV+EC+VX+EP+는데/EC+누구/NP+바보/NNG+야/VCP+EF+대체키/NNP+키/NNG"
          },
          {
            "id": 10,
            "text": "2 : 키키 우리 시험치는 날 비 오려나?",
            "norm_text": "키키 우리 시험치는 날 비 오려나?",
            "speaker": {
              "id": "2번",
              "sex": "여성",
              "age": "20대"
            },
            "speechAct": "(지시) 질문하기",
            "morpheme": "키/NNG+키/XSV+ETN+우리/NP+시험/NNG+치/VV+는/ETM+날비/NNG+오/VV+려나/EF"
          },
          {
            "id": 11,
            "text": "3 : 오지 마라 ㅠㅠ 짐도 많은데",
            "norm_text": "오지 마라 ㅠㅠ 짐도 많은데",
            "speaker": {
              "id": "3번",
              "sex": "여성",
              "age": "20대"
            },
            "speechAct": "(단언) 주장하기",
            "morpheme": "오지마/NNP+라/VCP+EC+ㅠㅠ/UNKNOWN+짐/NNG+도/JX+많/VA+은데/EC"
          },
          {
            "id": 12,
            "text": "1 : 맞아 저번에 봤을 때는 안 온다고 떴었는데 안 왔으면 좋겠다...",
            "norm_text": "맞아 저번에 봤을 때는 안 온다고 떴었는데 안 왔으면 좋겠다...",
            "speaker": {
              "id": "1번",
              "sex": "여성",
              "age": "20대"
            },
            "speechAct": "(단언) 주장하기",
            "morpheme": "맞/VV+아/EC+저번/NNG+에/JKB+봤/VV+EP+을/ETM+때/NNG+는/JX+안/MAG+온다고/VV+EC+떴었/VV+EP+는데/EC+안/MAG+왔/VV+EP+으면/EC+좋/VA+겠/EP+다/EF+./SY"
          },
          {
            "id": 13,
            "text": "2 : 진짜 시험 보는 날 비 오면 최악이야  ㅠㅠ",
            "norm_text": "진짜 시험 보는 날 비 오면 최악이야  ㅠㅠ",
            "speaker": {
              "id": "2번",
              "sex": "여성",
              "age": "20대"
            },
            "speechAct": "(단언) 주장하기",
            "morpheme": "진짜/MAG+시험/NNG+보/VV+는/ETM+날비/NNG+오/VV+면/EC+최악/NNG+이/VCP+야/EF+ㅠㅠ/UNKNOWN"
          },
          {
            "id": 14,
            "text": "2 : 그날 갑자기 더 추워지지는 않겠지",
            "norm_text": "그날 갑자기 더 추워지지는 않겠지",
            "speaker": {
              "id": "2번",
              "sex": "여성",
              "age": "20대"
            },
            "speechAct": "(단언) 주장하기",
            "morpheme": "그날/NNG+갑자기/MAG+더/MAG+추워/VA+EC+지지/NNG+는/JX+않/VX+겠/EP+지/EC"
          },
          {
            "id": 15,
            "text": "3 : 마자 내 눈물만큼 비 왔던 날을 잊을 수 없다",
            "norm_text": "마자 내 눈물만큼 비 왔던 날을 잊을 수 없다",
            "speaker": {
              "id": "3번",
              "sex": "여성",
              "age": "20대"
            },
            "speechAct": "(단언) 진술하기",
            "morpheme": "마자/NNG+내/NNB+눈물/NNG+만큼/JKB+비/VV+EC+왔/VX+EP+던/ETM+날/NNG+을/JKO+잊/VV+을/ETM+수/NNB+없/VA+다/EC"
          },
          {
            "id": 16,
            "text": "1 : 저번 시험 때 비 엄청 온 적 있는데 언제지 진짜 폭우였어...",
            "norm_text": "저번 시험 때 비 엄청 온 적 있는데 언제지 진짜 폭우였어...",
            "speaker": {
              "id": "1번",
              "sex": "여성",
              "age": "20대"
            },
            "speechAct": "(단언) 진술하기",
            "morpheme": "저번/NNG+시험/NNG+때/NNG+비/NNG+엄청/MAG+온/VV+ETM+적/NNB+있/VA+는데/EC+언제/NP+지/VCP+EF+진짜/MAG+폭우/NNG+였/VCP+EP+어/EF+./SY"
          },
          {
            "id": 17,
            "text": "1 : 난 근데 시험 때 무조건 반팔 입어 옷 걸리적거려서 불편할까 봐 추우면 뭐 걸쳐 그냥",
            "norm_text": "난 근데 시험 때 무조건 반팔 입어 옷 걸리적거려서 불편할까 봐 추우면 뭐 걸쳐 그냥",
            "speaker": {
              "id": "1번",
              "sex": "여성",
              "age": "20대"
            },
            "speechAct": "(단언) 진술하기",
            "morpheme": "난/NP+JX+근데/MAJ+시험/NNG+때/NNG+무조건/MAG+반팔/NNG+입/VV+어/EC+옷/NNG+걸리/NNG+적/XSN+거려서/XSV+EC+불편/NNG+할까봐/XSV+EC+VX+EC+추우/VV+면/EC+뭐/IC+걸쳐/VV+EC+그냥/MAG"
          },
          {
            "id": 18,
            "text": "2 : 맞아 키키 나도 시험 칠 때 반팔이었당 아마 저번 시험이 비 진짜 많이 왔었을걸?",
            "norm_text": "맞아 키키 나도 시험 칠 때 반팔이었당 아마 저번 시험이 비 진짜 많이 왔었을걸?",
            "speaker": {
              "id": "2번",
              "sex": "여성",
              "age": "20대"
            },
            "speechAct": "(지시) 질문하기",
            "morpheme": "맞/VV+아/EC+키/NNG+키나/XSA+ETN+JX+도/JX+시험/NNG+칠/NR+때/NNG+반팔/NNG+이/VCP+었/EP+당/EF+아마/MAG+저번/NNG+시험/NNG+이/JKS+비/XPN+진짜/MAG+많이/MAG+왔었/VV+EP+을걸/EF"
          },
          {
            "id": 19,
            "text": "2 : 그 전에는 안 쳐봐서 사실 모름...",
            "norm_text": "그 전에는 안 쳐봐서 사실 모름...",
            "speaker": {
              "id": "2번",
              "sex": "여성",
              "age": "20대"
            },
            "speechAct": "(단언) 진술하기",
            "morpheme": "그/MM+전/NNG+에/JKB+는/JX+안/MAG+쳐/VV+EC+봐서/VV+EC+사실/MAG+모름/VV+ETN+./SY"
          },
          {
            "id": 20,
            "text": "3 : 나는 그때 긴팔 입고 갔는데 더웠던 것 같긴 하당",
            "norm_text": "나는 그때 긴팔 입고 갔는데 더웠던 것 같긴 하당",
            "speaker": {
              "id": "3번",
              "sex": "여성",
              "age": "20대"
            },
            "speechAct": "(단언) 진술하기",
            "morpheme": "나/NP+는/JX+그때/NNG+긴팔/NNG+입/VV+고/EC+갔/VV+EP+는데/EC+더웠/VA+EP+던/ETM+것/NNB+같/VA+긴/ETN+JX+하당/NNG"
          },
          {
            "id": 21,
            "text": "1 : 키키 아니 시적 표현이야 완전 이번에는 비 안 올 거 같더라~",
            "norm_text": "키키 아니 시적 표현이야 완전 이번에는 비 안 올 거 같더라~",
            "speaker": {
              "id": "1번",
              "sex": "여성",
              "age": "20대"
            },
            "speechAct": "(단언) 주장하기",
            "morpheme": "키/NNG+키/XSV+ETN+아니/VCN+시/EP+적/XSN+표현/NNG+이/VCP+야/EF+완전/MAG+이번/NNG+에/JKB+는/JX+비/NNG+안/MAG+올/VV+ETM+거/NNB+같/VA+더라/EC+~/SY"
          },
          {
            "id": 22,
            "text": "2 : 우리 눈물이 더 많았을 수도 있어 키키",
            "norm_text": "우리 눈물이 더 많았을 수도 있어 키키",
            "speaker": {
              "id": "2번",
              "sex": "여성",
              "age": "20대"
            },
            "speechAct": "(단언) 주장하기",
            "morpheme": "우리/NP+눈물/NNG+이/JKS+더/MAG+많/VA+았/EP+을/ETM+수/NNB+도/JX+있/VA+어/EC+키/NNG+키/XSV+ETN"
          },
          {
            "id": 23,
            "text": "2 : 근데 오늘은 하루 종일 비 온다고 하던데 그래서 그런지 몸이 너무 무거워~",
            "norm_text": "근데 오늘은 하루 종일 비 온다고 하던데 그래서 그런지 몸이 너무 무거워~",
            "speaker": {
              "id": "2번",
              "sex": "여성",
              "age": "20대"
            },
            "speechAct": "(단언) 주장하기",
            "morpheme": "근데/MAJ+오늘/NNG+은/JX+하루/NNG+종일/NNG+비/NNG+온다고/VV+EC+하/VX+던데/EF+그래서/MAJ+그런지/VA+EC+몸/NNG+이/JKS+너무/MAG+무거워/VA+EC+~/SY"
          },
          {
            "id": 24,
            "text": "3 : 키키 나는 오늘 가볍게 나왔는데 지하철에서 찌부 당하고 왔더니 힘드네 ^^",
            "norm_text": "키키 나는 오늘 가볍게 나왔는데 지하철에서 찌부 당하고 왔더니 힘드네 ^^",
            "speaker": {
              "id": "3번",
              "sex": "여성",
              "age": "20대"
            },
            "speechAct": "(단언) 주장하기",
            "morpheme": "키/NNG+키나/XSA+ETN+JX+는/JX+오늘/MAG+가볍/VA+게/EC+나왔/VV+EP+는데/EC+지하철/NNG+에서/JKB+찌/NNG+부당/NNG+하/XSV+고/EC+왔/VX+EP+더니/EC+힘드/VA+네/EF+^/SY+^/SY"
          },
          {
            "id": 25,
            "text": "3 : 글고 지하철은 짱 더운데 바깥에는 짱 추어",
            "norm_text": "글고 지하철은 짱 더운데 바깥에는 짱 추어",
            "speaker": {
              "id": "3번",
              "sex": "여성",
              "age": "20대"
            },
            "speechAct": "(단언) 주장하기",
            "morpheme": "글고/MAJ+지하철/NNG+은/JX+짱/NNG+더운데/VA+EC+바깥/NNG+에/JKB+는/JX+짱/NNG+추어/NNG"
          },
          {
            "id": 26,
            "text": "1 : 맞아 이런 날씨 젤 싫어 지하철은 땀 완전 나고 밖은 춥고...",
            "norm_text": "맞아 이런 날씨 젤 싫어 지하철은 땀 완전 나고 밖은 춥고...",
            "speaker": {
              "id": "1번",
              "sex": "여성",
              "age": "20대"
            },
            "speechAct": "(단언) 주장하기",
            "morpheme": "맞/VV+아/EC+이런/MM+날씨/NNG+젤/MAG+싫/VA+어/EC+지하철/NNG+은/JX+땀/NNG+완전/MAG+나/VV+고/EC+밖/NNG+은/JX+춥/VA+고/EC+./SY+./SY"
          },
          {
            "id": 27,
            "text": "2 : 오늘 사당에서 타는 사람들 봤는데 사람들 다 못 타고 있더라...",
            "norm_text": "오늘 사당에서 타는 사람들 봤는데 사람들 다 못 타고 있더라...",
            "speaker": {
              "id": "2번",
              "sex": "여성",
              "age": "20대"
            },
            "speechAct": "(단언) 진술하기",
            "morpheme": "오늘/MAG+사당/NNG+에서/JKB+타/VV+는/ETM+사람/NNG+들/XSN+봤/VV+EP+는데/EC+사람/NNG+들/XSN+다/MAG+못/MAG+타/VV+고/EC+있/VX+더라/EF+./SY"
          },
          {
            "id": 28,
            "text": "2 : **이 너가 생각났어 ㅠㅠ",
            "norm_text": "**이 너가 생각났어 ㅠㅠ",
            "speaker": {
              "id": "2번",
              "sex": "여성",
              "age": "20대"
            },
            "speechAct": "(단언) 주장하기",
            "morpheme": "*/SY+*/SY+이/JKS+너/NP+가/JKS+생각났/VV+EP+어/EF+ㅠㅠ/UNKNOWN"
          },
          {
            "id": 29,
            "text": "3 : 키키 맞아 거기서 맨날 보내고 타는 게 나야 ㅠㅠ 흑흑",
            "norm_text": "키키 맞아 거기서 맨날 보내고 타는 게 나야 ㅠㅠ 흑흑",
            "speaker": {
              "id": "3번",
              "sex": "여성",
              "age": "20대"
            },
            "speechAct": "(단언) 진술하기",
            "morpheme": "키/NNG+키/XSV+ETN+맞/VV+아/EC+거기/NP+서/JKB+맨날/MAG+보내/VV+고/EC+타/VV+는/ETM+게/NNB+JKS+나/NP+야/VCP+EF+ㅠㅠ/UNKNOWN+흑흑/MAG"
          },
          {
            "id": 30,
            "text": "1 : 키키 비 오면 사람 너무 많아 힘들어...",
            "norm_text": "키키 비 오면 사람 너무 많아 힘들어...",
            "speaker": {
              "id": "1번",
              "sex": "여성",
              "age": "20대"
            },
            "speechAct": "(단언) 주장하기",
            "morpheme": "키/NNG+키/XSV+ETN+비오/VV+면/EC+사람/NNG+너무/MAG+많/VA+아/EC+힘들/VA+어/EF+./SY"
          },
          {
            "id": 31,
            "text": "2 : 키키 안쓰럽다 정말...",
            "norm_text": "키키 안쓰럽다 정말...",
            "speaker": {
              "id": "2번",
              "sex": "여성",
              "age": "20대"
            },
            "speechAct": "턴토크 사인(관습적 반응)",
            "morpheme": "키/NNG+키/XSV+ETN+안쓰럽/VA+다/EF+정말/MAG+./SY"
          },
          {
            "id": 32,
            "text": "2 : 오늘 바깥 풍경 처음 구경했는데 지하철 보내고 타는 사람들 진짜 짱 많았어 ㅠㅠ",
            "norm_text": "오늘 바깥 풍경 처음 구경했는데 지하철 보내고 타는 사람들 진짜 짱 많았어 ㅠㅠ",
            "speaker": {
              "id": "2번",
              "sex": "여성",
              "age": "20대"
            },
            "speechAct": "(단언) 진술하기",
            "morpheme": "오늘/MAG+바깥/NNG+풍경/NNG+처음/NNG+구경/NNG+했/XSV+EP+는데/EC+지하철/NNG+보내/VV+고/EC+타/VV+는/ETM+사람/NNG+들/XSN+진짜/MAG+짱/MAG+많/VA+았/EP+어/EF+ㅠㅠ/UNKNOWN"
          },
          {
            "id": 33,
            "text": "3 : 맞아 바깥에서 타지도 못 하고 보는 거 나야 심지어 보내고 타도 낑겨 감...",
            "norm_text": "맞아 바깥에서 타지도 못 하고 보는 거 나야 심지어 보내고 타도 낑겨 감...",
            "speaker": {
              "id": "3번",
              "sex": "여성",
              "age": "20대"
            },
            "speechAct": "(단언) 진술하기",
            "morpheme": "맞/VV+아/EC+바깥/NNG+에서/JKB+타지/NNG+도/JX+못하/VX+고/EC+보/VX+는/ETM+거/NNB+나/NP+야/JX+심지어/MAG+보내/VV+고/EC+타도/NNG+낑/MAG+겨/NNG+감/XSN+./SY"
          }
        ]
      }
    }
  ]
}