{
  "dataset": {
    "identifier": 51450,
    "name": "BAND_35_08_set",
    "src_path": "/data/file/cubeManager/PROJECT001/53/txt20210930140924060770/BAND_35_08_set/",
    "label_path": "/data/file/cubeManager/PROJECT001/53/txt20210930140924060770/BAND_35_08_set/",
    "category": 2,
    "type": 0
  },
  "licenses": {
    "name": "Apache License 1.0",
    "url": "http://www.apache.org/licenses/LICENSE-1.0"
  },
  "info": [
    {
      "id": 37658,
      "filename": "BAND_35_08.txt",
      "title": "BAND_35_08",
      "mediatype": "SNS",
      "medianame": "네이버밴드",
      "category": "일상대화",
      "date": "2021-09-30",
      "size": 956,
      "annotations": {
        "subject": "연애/결혼",
        "speaker_type": "다자간 대화",
        "size": 956,
        "word_size": 327,
        "text": "1 : 나중에 아기 낳을 생각 있어?\n2 : 지금 생각으로는 무!\n2 : 근데 나중에 또 바뀔 수도 있어 키키\n3 : 나는 언니랑 같은 생각!\n3 : 지금 나로 봤을 때는 상상이 전혀 안 가 네버\n1 : 키키 안돼 다들 언니들 닮은 아가들 낳아줘 귀여울 거야\n2 : 와... 키키 **야 니가 제일 가능성이 높아 보여.\n2 : 조카 좀 보자!\n3 : 언니가 가능성이 젤 높지! 먼저 가보자!\n1 : 키키 맞아 나는 아직 결혼하려면 멀었다구~\n2 : 나이 순이 아니야 얘들아 가능성을 좀 봐봐! 키키\n2 : 내가 지금 있어 보여?\n3 : 언니 근데 뭔가 결심하게 되면 바로 할 것 같기도 해 키키\n1 : 맞아 근데 언니 성격에 자유를 좋아할 거 같아서 난 안 할 거 같기도 해\n2 : 근데 난 좀 잘 질리는 성격이라 딱 결혼을 하면 바로 이혼 결심 할까 봐 좀 무서워 키키\n3 : 키키 악 안 돼. 결사 반대야!\n3 : 둘이 제일 오래 사귄 게 몇 년이야?\n1 : 나는 2년~ **언니도 알려주라~\n2 : 난 3년인 것 같은데!\n3 : 나도 2년 반?\n3 : 우리 진짜 비슷하네 키키\n1 : 그러네 키키 근데 2년 그때는 길다고 생각했는데 지금 생각하면 또 그렇게 길지도 않은 거 같아\n2 : 키키 짧은 시간도 아니긴 하지!\n2 : 젤 짧은 건?\n3 : 키키 나는 세 달 정도였던 것 같아 둘은?\n1 : 아니 짧게 사귄 건 워낙 기억에서 잊혀져서 기억이 잘 안 나 한 달인가...\n2 : 오 난 그렇게는 한번도 없어 키키\n2 : 젤 짧은 게 1년? 1년 반 정도인 것 같아...\n3 : 대박 언니는 한 번 사귀면 진짜 오래 사귀긴 하넹 키키\n1 : 키키 생각해보니까 매일 집까지 데려다 주고 엄청 따라다녀서 사겼는데 한 달 사귀고 차였어 하하\n1 : 진짜 어이없지 키키 안 좋은 기억이라 잊고 있었네 ^^\n2 : 아니 뭐 하는 놈이야? 키키\n2 : 진짜 데리고 와 봐 좀 키키\n3 : 왜 찼대? 진짜 어이가 없는 놈이네\n3 : 너가 사귀고 나서도 반응이 별로여서 그랬나?",
        "lines": [
          {
            "id": 1,
            "text": "1 : 나중에 아기 낳을 생각 있어?",
            "norm_text": "나중에 아기 낳을 생각 있어?",
            "speaker": {
              "id": "1번",
              "sex": "여성",
              "age": "20대"
            },
            "speechAct": "(지시) 질문하기",
            "morpheme": "나중/NNG+에/JKB+아기/NNG+낳/NNG+을/JKO+생각/NNG+있/VA+어/EF"
          },
          {
            "id": 2,
            "text": "2 : 지금 생각으로는 무!",
            "norm_text": "지금 생각으로는 무!",
            "speaker": {
              "id": "2번",
              "sex": "여성",
              "age": "20대"
            },
            "speechAct": "(단언) 진술하기",
            "morpheme": "지금/MAG+생각/NNG+으로/JKB+는/JX+무/IC"
          },
          {
            "id": 3,
            "text": "2 : 근데 나중에 또 바뀔 수도 있어 키키",
            "norm_text": "근데 나중에 또 바뀔 수도 있어 키키",
            "speaker": {
              "id": "2번",
              "sex": "여성",
              "age": "20대"
            },
            "speechAct": "(단언) 주장하기",
            "morpheme": "근데/MAJ+나중/NNG+에/JKB+또/MAG+바뀔/VV+ETM+수/NNB+도/JX+있/VA+어/EC+키/NNG+키/XSV+ETN"
          },
          {
            "id": 4,
            "text": "3 : 나는 언니랑 같은 생각!",
            "norm_text": "나는 언니랑 같은 생각!",
            "speaker": {
              "id": "3번",
              "sex": "여성",
              "age": "20대"
            },
            "speechAct": "(단언) 주장하기",
            "morpheme": "나/NP+는/JX+언니/NNG+랑/JKB+같/VA+은/ETM+생각/NNG"
          },
          {
            "id": 5,
            "text": "3 : 지금 나로 봤을 때는 상상이 전혀 안 가 네버",
            "norm_text": "지금 나로 봤을 때는 상상이 전혀 안 가 네버",
            "speaker": {
              "id": "3번",
              "sex": "여성",
              "age": "20대"
            },
            "speechAct": "(단언) 주장하기",
            "morpheme": "지금/MAG+나/NP+로/JKB+봤/VV+EP+을/ETM+때/NNG+는/JX+상상/NNG+이/JKS+전혀/MAG+안/MAG+가/VV+EC+네버/NNG"
          },
          {
            "id": 6,
            "text": "1 : 키키 안돼 다들 언니들 닮은 아가들 낳아줘 귀여울 거야",
            "norm_text": "키키 안돼 다들 언니들 닮은 아가들 낳아줘 귀여울 거야",
            "speaker": {
              "id": "1번",
              "sex": "여성",
              "age": "20대"
            },
            "speechAct": "(지시) 부탁하기",
            "morpheme": "키/NNG+키/NNG+안/MAG+돼/VV+EC+다/MAG+들/XSN+언니/NNG+들/XSN+닮/VV+은/ETM+아가/NNG+들/XSN+낳/VV+아/EC+줘/VX+EC+귀여울/VA+ETM+거/NNB+야/VCP+EF"
          },
          {
            "id": 7,
            "text": "2 : 와... 키키 **야 니가 제일 가능성이 높아 보여.",
            "norm_text": "와... 키키 **야 니가 제일 가능성이 높아 보여.",
            "speaker": {
              "id": "2번",
              "sex": "여성",
              "age": "20대"
            },
            "speechAct": "(단언) 주장하기",
            "morpheme": "와/IC+./SY+키/NNG+키/XSV+ETN+*/SY+*/SY+야/IC+니/NP+가/JKS+제일/MAG+가능/NNG+성/XSN+이/JKS+높/VA+아/EC+보여/VV+EF"
          },
          {
            "id": 8,
            "text": "2 : 조카 좀 보자!",
            "norm_text": "조카 좀 보자!",
            "speaker": {
              "id": "2번",
              "sex": "여성",
              "age": "20대"
            },
            "speechAct": "(지시) 부탁하기",
            "morpheme": "조카/NNG+좀/MAG+보/VV+자/EF"
          },
          {
            "id": 9,
            "text": "3 : 언니가 가능성이 젤 높지! 먼저 가보자!",
            "norm_text": "언니가 가능성이 젤 높지! 먼저 가보자!",
            "speaker": {
              "id": "3번",
              "sex": "여성",
              "age": "20대"
            },
            "speechAct": "(지시) 충고/제안하기",
            "morpheme": "언니/NNG+가/JKS+가능/NNG+성/XSN+이/JKS+젤/MAG+높/VA+지/EF+먼저/MAG+가/VV+EC+보/VX+자/EF"
          },
          {
            "id": 10,
            "text": "1 : 키키 맞아 나는 아직 결혼하려면 멀었다구~",
            "norm_text": "키키 맞아 나는 아직 결혼하려면 멀었다구~",
            "speaker": {
              "id": "1번",
              "sex": "여성",
              "age": "20대"
            },
            "speechAct": "(단언) 주장하기",
            "morpheme": "키/NNG+키/XSV+ETN+맞/VV+아/EC+나/NP+는/JX+아직/MAG+결혼/NNG+하/XSV+려면/EC+멀/VA+었/EP+다구/EC+~/SY"
          },
          {
            "id": 11,
            "text": "2 : 나이 순이 아니야 얘들아 가능성을 좀 봐봐! 키키",
            "norm_text": "나이 순이 아니야 얘들아 가능성을 좀 봐봐! 키키",
            "speaker": {
              "id": "2번",
              "sex": "여성",
              "age": "20대"
            },
            "speechAct": "(단언) 반박하기",
            "morpheme": "나/NP+이순/NNG+이/JKC+아니/VCN+야/EC+얘/NP+들/XSN+아/JKV+가능/NNG+성/XSN+을/JKO+좀/MAG+봐/VV+EC+봐/VX+EF+키/NNG+키/XSV+ETN"
          },
          {
            "id": 12,
            "text": "2 : 내가 지금 있어 보여?",
            "norm_text": "내가 지금 있어 보여?",
            "speaker": {
              "id": "2번",
              "sex": "여성",
              "age": "20대"
            },
            "speechAct": "(지시) 질문하기",
            "morpheme": "내/NP+가/JKS+지금/MAG+있/VV+어/EC+보여/VV+EF"
          },
          {
            "id": 13,
            "text": "3 : 언니 근데 뭔가 결심하게 되면 바로 할 것 같기도 해 키키",
            "norm_text": "언니 근데 뭔가 결심하게 되면 바로 할 것 같기도 해 키키",
            "speaker": {
              "id": "3번",
              "sex": "여성",
              "age": "20대"
            },
            "speechAct": "(단언) 주장하기",
            "morpheme": "언니/NNG+근데/MAJ+뭔가/NP+VCP+EC+결심/NNG+하/XSV+게/EC+되/VV+면/EC+바로/MAG+할/VV+ETM+것/NNB+같/VA+기/ETN+도/JX+해/VV+EC+키/NNG+키/XSV+ETN"
          },
          {
            "id": 14,
            "text": "1 : 맞아 근데 언니 성격에 자유를 좋아할 거 같아서 난 안 할 거 같기도 해",
            "norm_text": "맞아 근데 언니 성격에 자유를 좋아할 거 같아서 난 안 할 거 같기도 해",
            "speaker": {
              "id": "1번",
              "sex": "여성",
              "age": "20대"
            },
            "speechAct": "(단언) 주장하기",
            "morpheme": "맞아/IC+근데/MAJ+언니/NNG+성격/NNG+에/JKB+자유/NNG+를/JKO+좋아할/VV+ETM+거/NNB+같/VA+아서/EC+난/NP+JX+안/MAG+할/VV+ETM+거/NNB+같/VA+기/ETN+도/JX+해/VV+EC"
          },
          {
            "id": 15,
            "text": "2 : 근데 난 좀 잘 질리는 성격이라 딱 결혼을 하면 바로 이혼 결심 할까 봐 좀 무서워 키키",
            "norm_text": "근데 난 좀 잘 질리는 성격이라 딱 결혼을 하면 바로 이혼 결심 할까 봐 좀 무서워 키키",
            "speaker": {
              "id": "2번",
              "sex": "여성",
              "age": "20대"
            },
            "speechAct": "(단언) 주장하기",
            "morpheme": "근데/MAJ+난/NP+JX+좀/MAG+잘/MAG+질리/VV+는/ETM+성격/NNG+이/VCP+라/EC+딱/MAG+결혼/NNG+을/JKO+하/VV+면/EC+바로/MAG+이혼/NNG+결심/NNG+할까봐/XSV+EC+VX+EC+좀/MAG+무서워/VA+EC+키/NNG+키/XSV+ETN"
          },
          {
            "id": 16,
            "text": "3 : 키키 악 안 돼. 결사 반대야!",
            "norm_text": "키키 악 안 돼. 결사 반대야!",
            "speaker": {
              "id": "3번",
              "sex": "여성",
              "age": "20대"
            },
            "speechAct": "(단언) 주장하기",
            "morpheme": "키/NNG+키/VV+악/EC+안/MAG+돼/VV+EF+결사반대/NNG+야/VCP+EF"
          },
          {
            "id": 17,
            "text": "3 : 둘이 제일 오래 사귄 게 몇 년이야?",
            "norm_text": "둘이 제일 오래 사귄 게 몇 년이야?",
            "speaker": {
              "id": "3번",
              "sex": "여성",
              "age": "20대"
            },
            "speechAct": "(지시) 질문하기",
            "morpheme": "둘/NR+이/JKS+제일/MAG+오래/MAG+사귄/VV+ETM+게/NNB+JKS+몇/MM+년/NNBC+이/VCP+야/EF"
          },
          {
            "id": 18,
            "text": "1 : 나는 2년~ **언니도 알려주라~",
            "norm_text": "나는 2년~ **언니도 알려주라~",
            "speaker": {
              "id": "1번",
              "sex": "여성",
              "age": "20대"
            },
            "speechAct": "(지시) 부탁하기",
            "morpheme": "나/NP+는/JX+2/SN+년/NNBC+~/SY+*/SY+*/SY+언니/NNG+도/JX+알려/VV+EC+주/VX+라/EC+~/SY"
          },
          {
            "id": 19,
            "text": "2 : 난 3년인 것 같은데!",
            "norm_text": "난 3년인 것 같은데!",
            "speaker": {
              "id": "2번",
              "sex": "여성",
              "age": "20대"
            },
            "speechAct": "(단언) 주장하기",
            "morpheme": "난/NP+JX+3/SN+년/NNBC+인/VCP+ETM+것/NNB+같/VA+은데/EF"
          },
          {
            "id": 20,
            "text": "3 : 나도 2년 반?",
            "norm_text": "나도 2년 반?",
            "speaker": {
              "id": "3번",
              "sex": "여성",
              "age": "20대"
            },
            "speechAct": "(단언) 진술하기",
            "morpheme": "나/NP+도/JX+2/SN+년/NNBC+반/NNG"
          },
          {
            "id": 21,
            "text": "3 : 우리 진짜 비슷하네 키키",
            "norm_text": "우리 진짜 비슷하네 키키",
            "speaker": {
              "id": "3번",
              "sex": "여성",
              "age": "20대"
            },
            "speechAct": "(단언) 주장하기",
            "morpheme": "우리/NP+진짜/MAG+비슷/XR+하/XSA+네/EF+키/NNG+키/XSV+ETN"
          },
          {
            "id": 22,
            "text": "1 : 그러네 키키 근데 2년 그때는 길다고 생각했는데 지금 생각하면 또 그렇게 길지도 않은 거 같아",
            "norm_text": "그러네 키키 근데 2년 그때는 길다고 생각했는데 지금 생각하면 또 그렇게 길지도 않은 거 같아",
            "speaker": {
              "id": "1번",
              "sex": "여성",
              "age": "20대"
            },
            "speechAct": "(단언) 주장하기",
            "morpheme": "그/MM+러네/NNP+키/NNG+키/XSV+ETN+근데/MAJ+2/SN+년/NNBC+그때/NNG+는/JX+길/VA+다고/EC+생각/NNG+했/XSV+EP+는데/EC+지금/MAG+생각/NNG+하/XSV+면/EC+또/MAG+그렇게/MAG+길지/NNG+도/JX+않/VX+은/ETM+거/NNB+같/VA+아/EC"
          },
          {
            "id": 23,
            "text": "2 : 키키 짧은 시간도 아니긴 하지!",
            "norm_text": "키키 짧은 시간도 아니긴 하지!",
            "speaker": {
              "id": "2번",
              "sex": "여성",
              "age": "20대"
            },
            "speechAct": "(단언) 주장하기",
            "morpheme": "키/NNG+키/XSV+ETN+짧/VA+은/ETM+시간/NNG+도/JX+아니/VCN+긴/ETN+JX+하/VX+지/EF"
          },
          {
            "id": 24,
            "text": "2 : 젤 짧은 건?",
            "norm_text": "젤 짧은 건?",
            "speaker": {
              "id": "2번",
              "sex": "여성",
              "age": "20대"
            },
            "speechAct": "(지시) 질문하기",
            "morpheme": "젤/MAG+짧/VA+은/ETM+건/NNB+JX"
          },
          {
            "id": 25,
            "text": "3 : 키키 나는 세 달 정도였던 것 같아 둘은?",
            "norm_text": "키키 나는 세 달 정도였던 것 같아 둘은?",
            "speaker": {
              "id": "3번",
              "sex": "여성",
              "age": "20대"
            },
            "speechAct": "(지시) 질문하기",
            "morpheme": "키/NNG+키나/XSA+ETN+JX+는/JX+세/MM+달/NNBC+정도/NNG+였/VCP+EP+던/ETM+것/NNB+같/VA+아/EC+둘/NR+은/JX"
          },
          {
            "id": 26,
            "text": "1 : 아니 짧게 사귄 건 워낙 기억에서 잊혀져서 기억이 잘 안 나 한 달인가...",
            "norm_text": "아니 짧게 사귄 건 워낙 기억에서 잊혀져서 기억이 잘 안 나 한 달인가...",
            "speaker": {
              "id": "1번",
              "sex": "여성",
              "age": "20대"
            },
            "speechAct": "(단언) 주장하기",
            "morpheme": "아니/IC+짧/VA+게/EC+사귄/VV+ETM+건/NNB+JX+워낙/MAG+기억/NNG+에서/JKB+잊혀져서/VV+EC+VX+EC+기억/NNG+이/JKS+잘/MAG+안/MAG+나/VV+EC+한/MM+달/NNBC+인가/VCP+EF+./SY"
          },
          {
            "id": 27,
            "text": "2 : 오 난 그렇게는 한번도 없어 키키",
            "norm_text": "오 난 그렇게는 한번도 없어 키키",
            "speaker": {
              "id": "2번",
              "sex": "여성",
              "age": "20대"
            },
            "speechAct": "(단언) 진술하기",
            "morpheme": "오난/NNG+그렇게/MAG+는/JX+한/MM+번/NNBC+도/JX+없/VA+어/EC+키/NNG+키/XSV+ETN"
          },
          {
            "id": 28,
            "text": "2 : 젤 짧은 게 1년? 1년 반 정도인 것 같아...",
            "norm_text": "젤 짧은 게 1년? 1년 반 정도인 것 같아...",
            "speaker": {
              "id": "2번",
              "sex": "여성",
              "age": "20대"
            },
            "speechAct": "(단언) 진술하기",
            "morpheme": "젤/MAG+짧/VA+은/ETM+게/NNB+JKS+1/SN+년/NNBC+?/SY+1/SN+년/NNBC+반/NNG+정도/NNG+인/VCP+ETM+것/NNB+같/VA+아/EF+./SY"
          },
          {
            "id": 29,
            "text": "3 : 대박 언니는 한 번 사귀면 진짜 오래 사귀긴 하넹 키키",
            "norm_text": "대박 언니는 한 번 사귀면 진짜 오래 사귀긴 하넹 키키",
            "speaker": {
              "id": "3번",
              "sex": "여성",
              "age": "20대"
            },
            "speechAct": "(단언) 주장하기",
            "morpheme": "대박/NNG+언니/NNG+는/JX+한/MM+번/NNBC+사귀/VV+면/EC+진짜/MAG+오래/MAG+사귀/VV+긴/ETN+JX+하/VX+넹/NNP+키키/NNP"
          },
          {
            "id": 30,
            "text": "1 : 키키 생각해보니까 매일 집까지 데려다 주고 엄청 따라다녀서 사겼는데 한 달 사귀고 차였어 하하",
            "norm_text": "키키 생각해보니까 매일 집까지 데려다 주고 엄청 따라다녀서 사겼는데 한 달 사귀고 차였어 하하",
            "speaker": {
              "id": "1번",
              "sex": "여성",
              "age": "20대"
            },
            "speechAct": "(단언) 진술하기",
            "morpheme": "키/NNG+키/NNG+생각/NNG+해/XSV+EC+보/VX+니까/EC+매일/MAG+집/NNG+까지/JX+데려다/VV+EC+주/VX+고/EC+엄청/MAG+따라다녀서/VV+EC+사겼/VV+EP+는데/EC+한/MM+달/NNBC+사귀/VV+고/EC+차였/VV+EP+어/EC+하하/MAG"
          },
          {
            "id": 31,
            "text": "1 : 진짜 어이없지 키키 안 좋은 기억이라 잊고 있었네 ^^",
            "norm_text": "진짜 어이없지 키키 안 좋은 기억이라 잊고 있었네 ^^",
            "speaker": {
              "id": "1번",
              "sex": "여성",
              "age": "20대"
            },
            "speechAct": "(단언) 주장하기",
            "morpheme": "진짜/MAG+어이없/VA+지/EC+키/NNG+키/NNG+안/MAG+좋/VA+은/ETM+기억/NNG+이/VCP+라/EC+잊/VV+고/EC+있/VX+었/EP+네/EF+^/SY+^/SY"
          },
          {
            "id": 32,
            "text": "2 : 아니 뭐 하는 놈이야? 키키",
            "norm_text": "아니 뭐 하는 놈이야? 키키",
            "speaker": {
              "id": "2번",
              "sex": "여성",
              "age": "20대"
            },
            "speechAct": "(지시) 질문하기",
            "morpheme": "아니/IC+뭐/IC+하/VV+는/ETM+놈/NNB+이/VCP+야/EF+키/NNG+키/XSV+ETN"
          },
          {
            "id": 33,
            "text": "2 : 진짜 데리고 와 봐 좀 키키",
            "norm_text": "진짜 데리고 와 봐 좀 키키",
            "speaker": {
              "id": "2번",
              "sex": "여성",
              "age": "20대"
            },
            "speechAct": "(단언) 주장하기",
            "morpheme": "진짜/MAG+데리/VV+고/EC+와봐/VV+EC+VX+EC+좀/MAG+키/NNG+키/XSV+ETN"
          },
          {
            "id": 34,
            "text": "3 : 왜 찼대? 진짜 어이가 없는 놈이네",
            "norm_text": "왜 찼대? 진짜 어이가 없는 놈이네",
            "speaker": {
              "id": "3번",
              "sex": "여성",
              "age": "20대"
            },
            "speechAct": "(지시) 질문하기",
            "morpheme": "왜/MAG+찼/VA+EP+대/EF+진짜/MAG+어/IC+이/NP+가/JKS+없/VA+는/ETM+놈/NNB+이/VCP+네/EC"
          },
          {
            "id": 35,
            "text": "3 : 너가 사귀고 나서도 반응이 별로여서 그랬나?",
            "norm_text": "너가 사귀고 나서도 반응이 별로여서 그랬나?",
            "speaker": {
              "id": "3번",
              "sex": "여성",
              "age": "20대"
            },
            "speechAct": "(지시) 질문하기",
            "morpheme": "너/NP+가/JKS+사귀/VV+고/EC+나/NP+서/JKB+도/JX+반응/NNG+이/JKS+별로/MAG+여서/VCP+EC+그랬/VV+EP+나/EF"
          }
        ]
      }
    }
  ]
}