{
  "dataset": {
    "identifier": 100275,
    "name": "BAND_38_10_set",
    "src_path": "/data/file/cubeManager/PROJECT001/77/txt20211027150101071618/BAND_38_10_set/",
    "label_path": "/data/file/cubeManager/PROJECT001/77/txt20211027150101071618/BAND_38_10_set/",
    "category": 2,
    "type": 0
  },
  "licenses": {
    "name": "Apache License 1.0",
    "url": "http://www.apache.org/licenses/LICENSE-1.0"
  },
  "info": [
    {
      "id": 96670,
      "filename": "BAND_38_10.txt",
      "title": "BAND_38_10",
      "mediatype": "SNS",
      "medianame": "네이버밴드",
      "category": "일상대화",
      "date": "2021-10-27",
      "size": 505,
      "annotations": {
        "subject": "스포츠/레저",
        "speaker_type": "다자간 대화",
        "size": 505,
        "word_size": 160,
        "text": "1 : 무슨 운동 주로 즐겨 해?\n2 : 숨 쉬는 것도 벅차지만.! 나 담주부터 집에서 바이크 탈 거\n3 : 나는 뛰는 거 좋아해서 가끔 러닝 즐기지!\n1 : 키키 난 운동 질색이야...극혐\n2 : ㅇㅈㅇㅈ 키키 극혐 언니들이 제발 나보고 운동 좀 하래\n3 : 키키 운동해도 티 안나서 그런가... 힘들엌 키키\n1 : 맞아 키키\n1 : 꾸준히 하고 있는 거야?\n2 : 올올 멋있어 아드래날린 하늘에 날린,\n3 : 살 수 있는 만큼만... 하는중이지 키키\n1 : 나도 이제 운동 해야하는데 키키 운동 부족이래\n2 : 키키 글게 담주 건강검진 하는데 운동체크 항목 죽음임 키키\n3 : 우와 나도 건강검진 한번 받고 싶었는데!\n1 : 키키 검진 뭔가 무서워 키키 결과 두렵\n2 : 키키 후~^^ 혈압 걸~ 운동 하라고 혼나겠구먼~\n3 : 키키 건강해야제~ 젊은데 아프면 서러워\n1 : 키키 점점 몸이 안 좋아지는 느낌이야\n2 : ㅇㅈ 운동 필수! 유산소 주 3회는 꼭 해야할덧! 키키 꿈에서\n3 : 뭐라도 해야해 축 늘어지면 정신도 힘들어!",
        "lines": [
          {
            "id": 1,
            "text": "1 : 무슨 운동 주로 즐겨 해?",
            "norm_text": "무슨 운동 주로 즐겨 해?",
            "speaker": {
              "id": "1번",
              "sex": "여성",
              "age": "20대"
            },
            "speechAct": "(지시) 질문하기",
            "morpheme": "무슨/MM+운동/NNG+주로/MAG+즐겨/VV+EC+해/VX+EF"
          },
          {
            "id": 2,
            "text": "2 : 숨 쉬는 것도 벅차지만.! 나 담주부터 집에서 바이크 탈 거",
            "norm_text": "숨 쉬는 것도 벅차지만.! 나 담주부터 집에서 바이크 탈 거",
            "speaker": {
              "id": "2번",
              "sex": "여성",
              "age": "20대"
            },
            "speechAct": "(단언) 주장하기",
            "morpheme": "숨/NNG+쉬/VV+는/ETM+것/NNB+도/JX+벅차/VA+지만/EC+./SY+!/SY+나담주/NNP+부터/JX+집/NNG+에서/JKB+바이크/NNP+탈거/NNG"
          },
          {
            "id": 3,
            "text": "3 : 나는 뛰는 거 좋아해서 가끔 러닝 즐기지!",
            "norm_text": "나는 뛰는 거 좋아해서 가끔 러닝 즐기지!",
            "speaker": {
              "id": "3번",
              "sex": "남성",
              "age": "20대"
            },
            "speechAct": "(단언) 주장하기",
            "morpheme": "나/NP+는/JX+뛰/VV+는/ETM+거/NNB+좋/VA+아/EC+해서/VV+EC+가끔/MAG+러닝/NNG+즐기/VV+지/EF"
          },
          {
            "id": 4,
            "text": "1 : 키키 난 운동 질색이야...극혐",
            "norm_text": "키키 난 운동 질색이야...극혐",
            "speaker": {
              "id": "1번",
              "sex": "여성",
              "age": "20대"
            },
            "speechAct": "(단언) 주장하기",
            "morpheme": "키/NNG+키/XSV+ETN+난/VV+ETM+운동/NNG+질색/NNG+이/VCP+야/EF+./SY+극혐/UNKNOWN"
          },
          {
            "id": 5,
            "text": "2 : ㅇㅈㅇㅈ 키키 극혐 언니들이 제발 나보고 운동 좀 하래",
            "norm_text": "ㅇㅈㅇㅈ 키키 극혐 언니들이 제발 나보고 운동 좀 하래",
            "speaker": {
              "id": "2번",
              "sex": "여성",
              "age": "20대"
            },
            "speechAct": "(단언) 주장하기",
            "morpheme": "ㅇㅈ/UNKNOWN+ㅇㅈ/UNKNOWN+키/NNG+키/XSV+ETN+극혐/UNKNOWN+언니/NNG+들/XSN+이/JKS+제발/MAG+나/NP+보고/JKB+운동/NNG+좀/MAG+하래/NNG"
          },
          {
            "id": 6,
            "text": "3 : 키키 운동해도 티 안나서 그런가... 힘들엌 키키",
            "norm_text": "키키 운동해도 티 안나서 그런가... 힘들엌 키키",
            "speaker": {
              "id": "3번",
              "sex": "남성",
              "age": "20대"
            },
            "speechAct": "(단언) 주장하기",
            "morpheme": "키키운동해도티안나서그런가/UNKNOWN+./SY+힘들엌키키/UNKNOWN"
          },
          {
            "id": 7,
            "text": "1 : 맞아 키키",
            "norm_text": "맞아 키키",
            "speaker": {
              "id": "1번",
              "sex": "여성",
              "age": "20대"
            },
            "speechAct": "(단언) 주장하기",
            "morpheme": "맞/VV+아/EC+키/NNG+키/XSV+ETN"
          },
          {
            "id": 8,
            "text": "1 : 꾸준히 하고 있는 거야?",
            "norm_text": "꾸준히 하고 있는 거야?",
            "speaker": {
              "id": "1번",
              "sex": "여성",
              "age": "20대"
            },
            "speechAct": "(지시) 질문하기",
            "morpheme": "꾸준히/MAG+하/VV+고/EC+있/VX+는/ETM+거/NNB+야/VCP+EF"
          },
          {
            "id": 9,
            "text": "2 : 올올 멋있어 아드래날린 하늘에 날린,",
            "norm_text": "올올 멋있어 아드래날린 하늘에 날린,",
            "speaker": {
              "id": "2번",
              "sex": "여성",
              "age": "20대"
            },
            "speechAct": "(단언) 주장하기",
            "morpheme": "올올멋있어아드래날린하늘에날린/UNKNOWN+,/SC"
          },
          {
            "id": 10,
            "text": "3 : 살 수 있는 만큼만... 하는중이지 키키",
            "norm_text": "살 수 있는 만큼만... 하는중이지 키키",
            "speaker": {
              "id": "3번",
              "sex": "남성",
              "age": "20대"
            },
            "speechAct": "(단언) 주장하기",
            "morpheme": "살/VV+ETM+수/NNB+있/VV+는/ETM+만큼/NNB+만/JX+./SY+하/VV+는/ETM+중/NNB+이/VCP+지/EC+키/NNG+키/XSV+ETN"
          },
          {
            "id": 11,
            "text": "1 : 나도 이제 운동 해야하는데 키키 운동 부족이래",
            "norm_text": "나도 이제 운동 해야하는데 키키 운동 부족이래",
            "speaker": {
              "id": "1번",
              "sex": "여성",
              "age": "20대"
            },
            "speechAct": "(단언) 주장하기",
            "morpheme": "나/NP+도/JX+이제/MAG+운동/NNG+해야/XSV+EC+하/VV+는데/EC+키/NNG+키/NNG+운동/NNG+부족/NNG+이래/NNB"
          },
          {
            "id": 12,
            "text": "2 : 키키 글게 담주 건강검진 하는데 운동체크 항목 죽음임 키키",
            "norm_text": "키키 글게 담주 건강검진 하는데 운동체크 항목 죽음임 키키",
            "speaker": {
              "id": "2번",
              "sex": "여성",
              "age": "20대"
            },
            "speechAct": "(단언) 주장하기",
            "morpheme": "키/NNG+키/XSV+ETN+글/VV+게/EC+담주/NNP+건강/NNG+검진/NNG+하/XSV+는/ETM+데/NNB+운동/NNG+체크/NNG+항목/NNG+죽음/NNG+임/VCP+ETN+키/NNG+키/XSV+ETN"
          },
          {
            "id": 13,
            "text": "3 : 우와 나도 건강검진 한번 받고 싶었는데!",
            "norm_text": "우와 나도 건강검진 한번 받고 싶었는데!",
            "speaker": {
              "id": "3번",
              "sex": "남성",
              "age": "20대"
            },
            "speechAct": "(단언) 주장하기",
            "morpheme": "우와/IC+나/NP+도/JX+건강/NNG+검진/NNG+한/MM+번/NNBC+받/VV+고/EC+싶/VX+었/EP+는데/EF"
          },
          {
            "id": 14,
            "text": "1 : 키키 검진 뭔가 무서워 키키 결과 두렵",
            "norm_text": "키키 검진 뭔가 무서워 키키 결과 두렵",
            "speaker": {
              "id": "1번",
              "sex": "여성",
              "age": "20대"
            },
            "speechAct": "(단언) 주장하기",
            "morpheme": "키/NNG+키/NNG+검진/NNG+뭔가/NP+VCP+EC+무서워/VA+EC+키/NNG+키/NNG+결과/NNG+두렵/VA"
          },
          {
            "id": 15,
            "text": "2 : 키키 후~^^ 혈압 걸~ 운동 하라고 혼나겠구먼~",
            "norm_text": "키키 후~^^ 혈압 걸~ 운동 하라고 혼나겠구먼~",
            "speaker": {
              "id": "2번",
              "sex": "여성",
              "age": "20대"
            },
            "speechAct": "(단언) 주장하기",
            "morpheme": "키/NNG+키/NNG+후/NNG+~/SY+^/SY+^/SY+혈압/NNG+걸/NNB+JKO+~/SY+운동/NNG+하/XSV+라고/EC+혼나/VV+겠/EP+구먼/EC+~/SY"
          },
          {
            "id": 16,
            "text": "3 : 키키 건강해야제~ 젊은데 아프면 서러워",
            "norm_text": "키키 건강해야제~ 젊은데 아프면 서러워",
            "speaker": {
              "id": "3번",
              "sex": "남성",
              "age": "20대"
            },
            "speechAct": "(단언) 주장하기",
            "morpheme": "키/NNG+키/NNG+건강/NNG+해야/XSV+EC+제/NP+JKG+~/SY+젊/VA+은/ETM+데/NNB+아프/VA+면/EC+서러워/VA+EC"
          },
          {
            "id": 17,
            "text": "1 : 키키 점점 몸이 안 좋아지는 느낌이야",
            "norm_text": "키키 점점 몸이 안 좋아지는 느낌이야",
            "speaker": {
              "id": "1번",
              "sex": "여성",
              "age": "20대"
            },
            "speechAct": "(단언) 주장하기",
            "morpheme": "키/NNG+키/NNG+점점/MAG+몸/NNG+이/JKS+안/MAG+좋/VA+아/EC+지/VX+는/ETM+느낌/NNG+이/VCP+야/EC"
          },
          {
            "id": 18,
            "text": "2 : ㅇㅈ 운동 필수! 유산소 주 3회는 꼭 해야할덧! 키키 꿈에서",
            "norm_text": "ㅇㅈ 운동 필수! 유산소 주 3회는 꼭 해야할덧! 키키 꿈에서",
            "speaker": {
              "id": "2번",
              "sex": "여성",
              "age": "20대"
            },
            "speechAct": "(단언) 주장하기",
            "morpheme": "ㅇㅈ운동필수/UNKNOWN+유산/NNG+소주/NNG+3/SN+회/NNBC+는/JX+꼭/MAG+해야/VV+EC+할/VX+ETM+덧/NNG+!/SY+키/NNG+키/NNG+꿈/NNG+에서/JKB"
          },
          {
            "id": 19,
            "text": "3 : 뭐라도 해야해 축 늘어지면 정신도 힘들어!",
            "norm_text": "뭐라도 해야해 축 늘어지면 정신도 힘들어!",
            "speaker": {
              "id": "3번",
              "sex": "남성",
              "age": "20대"
            },
            "speechAct": "(단언) 주장하기",
            "morpheme": "뭐/NP+라도/VCP+EC+해야/VV+EC+해/VV+EC+축/MAG+늘어지/VV+면/EC+정신/NNG+도/JX+힘들/VA+어/EF"
          }
        ]
      }
    }
  ]
}