{
  "dataset": {
    "identifier": 58316,
    "name": "BAND_33_07_set",
    "src_path": "/data/file/cubeManager/PROJECT001/53/txt20210928112329055387/BAND_33_07_set/",
    "label_path": "/data/file/cubeManager/PROJECT001/53/txt20210928112329055387/BAND_33_07_set/",
    "category": 2,
    "type": 0
  },
  "licenses": {
    "name": "Apache License 1.0",
    "url": "http://www.apache.org/licenses/LICENSE-1.0"
  },
  "info": [
    {
      "id": 35026,
      "filename": "BAND_33_07.txt",
      "title": "BAND_33_07",
      "mediatype": "SNS",
      "medianame": "네이버밴드",
      "category": "일상대화",
      "date": "2021-09-28",
      "size": 378,
      "annotations": {
        "subject": "가족",
        "speaker_type": "1:1",
        "size": 378,
        "word_size": 125,
        "text": "1 : 아버지는 요즘에도 일 잘 다니셔?\n2 : 우리 아빠 지금은 일 그만뒀어\n1 : 아 그래? 그때 몸이 안 좋으시다고 하더니 ㅜ\n2 : 맞아 ㅠ 당뇨 때문에 눈이 많이 안 좋아져서\n1 : 당뇨는 유전이 큰데 너 괜찮아?\n2 : 키키 아직은 별 문제 없는데 조심해야지\n1 : 그렇구나 아버님 계속 약 드시겠네?\n2 : 맞아 병원에 자주 가야 돼 그래서\n1 : 그러면 지금 아버님이랑 같이 있는 거야?\n2 : 아니 아빠는 지금 인천에서 할머니랑 있어 키키\n1 : 그렇구나 요양하러 가신 거야?\n2 : 요양은 아니구 일하러 갔다가 정착이지\n1 : 그러면 아버님이랑 자주는 만나?\n2 : 아빠 안 본 지 1년은 넘은 거 같아 키키\n1 : 그거 코로나 때문에 그런 거야?\n2 : 응 아빠가 오지 말라고 그러네",
        "lines": [
          {
            "id": 1,
            "text": "1 : 아버지는 요즘에도 일 잘 다니셔?",
            "norm_text": "아버지는 요즘에도 일 잘 다니셔?",
            "speaker": {
              "id": "1번",
              "sex": "여성",
              "age": "20대"
            },
            "speechAct": "(지시) 질문하기",
            "morpheme": "아버지/NNG+는/JX+요즘/NNG+에/JKB+도/JX+일/NNG+잘/MAG+다니/VV+셔/EP+EF"
          },
          {
            "id": 2,
            "text": "2 : 우리 아빠 지금은 일 그만뒀어",
            "norm_text": "우리 아빠 지금은 일 그만뒀어",
            "speaker": {
              "id": "2번",
              "sex": "남성",
              "age": "30대"
            },
            "speechAct": "(단언) 진술하기",
            "morpheme": "우리/NP+아빠/NNG+지금/MAG+은/JX+일/NNG+그만뒀/VV+EP+어/EC"
          },
          {
            "id": 3,
            "text": "1 : 아 그래? 그때 몸이 안 좋으시다고 하더니 ㅜ",
            "norm_text": "아 그래? 그때 몸이 안 좋으시다고 하더니 ㅜ",
            "speaker": {
              "id": "1번",
              "sex": "여성",
              "age": "20대"
            },
            "speechAct": "(단언) 주장하기",
            "morpheme": "아/IC+그래/IC+그때/NNG+몸/NNG+이/JKS+안/MAG+좋/VA+으시/EP+다고/EC+하/VV+더니/EC+ㅜ/UNKNOWN"
          },
          {
            "id": 4,
            "text": "2 : 맞아 ㅠ 당뇨 때문에 눈이 많이 안 좋아져서",
            "norm_text": "맞아 ㅠ 당뇨 때문에 눈이 많이 안 좋아져서",
            "speaker": {
              "id": "2번",
              "sex": "남성",
              "age": "30대"
            },
            "speechAct": "(단언) 진술하기",
            "morpheme": "맞/VV+아/EC+ㅠ/UNKNOWN+당뇨/NNG+때문/NNB+에/JKB+눈/NNG+이/JKS+많이/MAG+안/MAG+좋/VA+아/EC+져서/VX+EC"
          },
          {
            "id": 5,
            "text": "1 : 당뇨는 유전이 큰데 너 괜찮아?",
            "norm_text": "당뇨는 유전이 큰데 너 괜찮아?",
            "speaker": {
              "id": "1번",
              "sex": "여성",
              "age": "20대"
            },
            "speechAct": "(지시) 질문하기",
            "morpheme": "당뇨/NNG+는/JX+유전/NNG+이/JKS+큰데/VA+EC+너/NP+괜찮/VA+아/EF"
          },
          {
            "id": 6,
            "text": "2 : 키키 아직은 별 문제 없는데 조심해야지",
            "norm_text": "키키 아직은 별 문제 없는데 조심해야지",
            "speaker": {
              "id": "2번",
              "sex": "남성",
              "age": "30대"
            },
            "speechAct": "(단언) 주장하기",
            "morpheme": "키/NNG+키/NNG+아직/MAG+은/JX+별/MM+문제/NNG+없/VA+는데/EC+조심/NNG+해야지/XSV+EC"
          },
          {
            "id": 7,
            "text": "1 : 그렇구나 아버님 계속 약 드시겠네?",
            "norm_text": "그렇구나 아버님 계속 약 드시겠네?",
            "speaker": {
              "id": "1번",
              "sex": "여성",
              "age": "20대"
            },
            "speechAct": "(지시) 질문하기",
            "morpheme": "그렇/VA+구나/EF+아버님/NNG+계속/MAG+약/NNG+드시/VV+겠/EP+네/EF"
          },
          {
            "id": 8,
            "text": "2 : 맞아 병원에 자주 가야 돼 그래서",
            "norm_text": "맞아 병원에 자주 가야 돼 그래서",
            "speaker": {
              "id": "2번",
              "sex": "남성",
              "age": "30대"
            },
            "speechAct": "(단언) 주장하기",
            "morpheme": "맞/VV+아/EC+병원/NNG+에/JKB+자주/MAG+가/VV+야/EC+돼/VV+EF+그래서/MAJ"
          },
          {
            "id": 9,
            "text": "1 : 그러면 지금 아버님이랑 같이 있는 거야?",
            "norm_text": "그러면 지금 아버님이랑 같이 있는 거야?",
            "speaker": {
              "id": "1번",
              "sex": "여성",
              "age": "20대"
            },
            "speechAct": "(지시) 질문하기",
            "morpheme": "그러면/MAJ+지금/MAG+아버님/NNG+이랑/JKB+같이/MAG+있/VV+는/ETM+거/NNB+야/VCP+EF"
          },
          {
            "id": 10,
            "text": "2 : 아니 아빠는 지금 인천에서 할머니랑 있어 키키",
            "norm_text": "아니 아빠는 지금 인천에서 할머니랑 있어 키키",
            "speaker": {
              "id": "2번",
              "sex": "남성",
              "age": "30대"
            },
            "speechAct": "(단언) 진술하기",
            "morpheme": "아니/IC+아빠/NNG+는/JX+지금/MAG+인천/NNP+에서/JKB+할머니/NNG+랑/JKB+있/VA+어/EC+키/NNG+키/XSV+ETN"
          },
          {
            "id": 11,
            "text": "1 : 그렇구나 요양하러 가신 거야?",
            "norm_text": "그렇구나 요양하러 가신 거야?",
            "speaker": {
              "id": "1번",
              "sex": "여성",
              "age": "20대"
            },
            "speechAct": "(지시) 질문하기",
            "morpheme": "그렇/VA+구나/EF+요양/NNG+하/XSV+러/EC+가신/VV+ETM+거/NNB+야/VCP+EF"
          },
          {
            "id": 12,
            "text": "2 : 요양은 아니구 일하러 갔다가 정착이지",
            "norm_text": "요양은 아니구 일하러 갔다가 정착이지",
            "speaker": {
              "id": "2번",
              "sex": "남성",
              "age": "30대"
            },
            "speechAct": "(단언) 주장하기",
            "morpheme": "요양/NNG+은/JX+아니/VCN+구/EC+일/NNG+하/XSV+러/EC+갔/VV+EP+다가/EC+정착/NNG+이/VCP+지/EC"
          },
          {
            "id": 13,
            "text": "1 : 그러면 아버님이랑 자주는 만나?",
            "norm_text": "그러면 아버님이랑 자주는 만나?",
            "speaker": {
              "id": "1번",
              "sex": "여성",
              "age": "20대"
            },
            "speechAct": "(지시) 질문하기",
            "morpheme": "그러면/MAJ+아버님/NNG+이랑/JKB+자주/NNG+는/JX+만나/VV+EF"
          },
          {
            "id": 14,
            "text": "2 : 아빠 안 본 지 1년은 넘은 거 같아 키키",
            "norm_text": "아빠 안 본 지 1년은 넘은 거 같아 키키",
            "speaker": {
              "id": "2번",
              "sex": "남성",
              "age": "30대"
            },
            "speechAct": "(단언) 주장하기",
            "morpheme": "아빠/NNG+안/MAG+본/VV+ETM+지/NNB+1/SN+년/NNBC+은/JX+넘/VV+은/ETM+거/NNB+같/VA+아/EC+키/NNG+키/XSV+ETN"
          },
          {
            "id": 15,
            "text": "1 : 그거 코로나 때문에 그런 거야?",
            "norm_text": "그거 코로나 때문에 그런 거야?",
            "speaker": {
              "id": "1번",
              "sex": "여성",
              "age": "20대"
            },
            "speechAct": "(지시) 질문하기",
            "morpheme": "그거/NP+코로나/NNG+때문/NNB+에/JKB+그런/MM+거/NNB+야/VCP+EF"
          },
          {
            "id": 16,
            "text": "2 : 응 아빠가 오지 말라고 그러네",
            "norm_text": "응 아빠가 오지 말라고 그러네",
            "speaker": {
              "id": "2번",
              "sex": "남성",
              "age": "30대"
            },
            "speechAct": "(단언) 진술하기",
            "morpheme": "응/IC+아빠/NNG+가/JKS+오/VV+지/EC+말/VX+라고/EC+그러/VV+네/EC"
          }
        ]
      }
    }
  ]
}