{
  "dataset": {
    "identifier": 20807,
    "name": "BAND_26_15_set",
    "src_path": "/data/file/cubeManager/PROJECT001/49/txt202109161406440456108/BAND_26_15_set/",
    "label_path": "/data/file/cubeManager/PROJECT001/49/txt202109161406440456108/BAND_26_15_set/",
    "category": 2,
    "type": 0
  },
  "licenses": {
    "name": "Apache License 1.0",
    "url": "http://www.apache.org/licenses/LICENSE-1.0"
  },
  "info": [
    {
      "id": 27925,
      "filename": "BAND_26_15.txt",
      "title": "BAND_26_15",
      "mediatype": "SNS",
      "medianame": "네이버밴드",
      "category": "일상대화",
      "date": "2021-09-16",
      "size": 497,
      "annotations": {
        "subject": "타 국가 이슈",
        "speaker_type": "1:1",
        "size": 497,
        "word_size": 155,
        "text": "1 : 너는 웨딩 사진 어디서 찍고 싶어?\n2 : 나는 전문가 아니면 친구들 중에 잘 찍는 사람이 있으면 그 사람한테 부탁할려고\n1 : 그렇구나 뉴스 보니까 볼라비아에 사는 한 커플은 산 위에서 찍었대!\n2 : 와 진짜? 나는 그렇게는 못 하겠어\n1 : 그러니까 근데 기사 사진 거 봤거든? 예쁘긴 하더라 ㅜㅜ\n2 : 진짜 난 보기만 해도 무서울 듯\n1 : 맞아 처음에 봤을 때는 예쁘다고만 생각했거든?\n1 : 근데 나중에 다른 생각이 들더라 키키\n2 : 어 무슨 생각을 했을까? 키키\n1 : 그 산이 라파스에 있는 산인데 해발 6천미터가 넘는대 키키\n2 : 어 진짜? 백두산보다 높은 거 아니니?\n1 : 응 그러니까 저기를 어떻게 올라갔을까라는 생각이 들더라고 키키\n2 : 대단하다 진짜 기구를 타고 올라갔겠지?\n1 : 그러니까 키키 올라가는 데 한 며칠 걸렸겠지?\n2 : 시간도 오래 걸리고 가다가 멀미가 나겠구만\n1 : 맞아 와 이 커플 체력이 대단하다고 느꼈잖아 키키\n2 : 와 진짜 강심장이다 나는 절대 못해",
        "lines": [
          {
            "id": 1,
            "text": "1 : 너는 웨딩 사진 어디서 찍고 싶어?",
            "norm_text": "너는 웨딩 사진 어디서 찍고 싶어?",
            "speaker": {
              "id": "1번",
              "sex": "여성",
              "age": "20대"
            },
            "speechAct": "(지시) 질문하기",
            "morpheme": "너/NP+는/JX+웨딩/NNP+사진/NNG+어디/NP+서/JKB+찍/VV+고/EC+싶/VX+어/EF"
          },
          {
            "id": 2,
            "text": "2 : 나는 전문가 아니면 친구들 중에 잘 찍는 사람이 있으면 그 사람한테 부탁할려고",
            "norm_text": "나는 전문가 아니면 친구들 중에 잘 찍는 사람이 있으면 그 사람한테 부탁할려고",
            "speaker": {
              "id": "2번",
              "sex": "여성",
              "age": "20대"
            },
            "speechAct": "(단언) 주장하기",
            "morpheme": "나/NP+는/JX+전문/NNG+가/JKC+아니/VCN+면/EC+친구/NNG+들/XSN+중/NNB+에/JKB+잘/MAG+찍/VV+는/ETM+사람/NNG+이/JKS+있/VV+으면/EC+그/MM+사람/NNG+한테/JKB+부탁/NNG+할려고/XSV+EC"
          },
          {
            "id": 3,
            "text": "1 : 그렇구나 뉴스 보니까 볼라비아에 사는 한 커플은 산 위에서 찍었대!",
            "norm_text": "그렇구나 뉴스 보니까 볼라비아에 사는 한 커플은 산 위에서 찍었대!",
            "speaker": {
              "id": "1번",
              "sex": "여성",
              "age": "20대"
            },
            "speechAct": "(단언) 진술하기",
            "morpheme": "그렇/VA+구나/EF+뉴스/NNG+보/VV+니까/EC+볼라/VX+EC+비아/NNG+에/JKB+사/VV+는/ETM+한/MM+커플/NNG+은/JX+산위/NNG+에서/JKB+찍/VV+었/EP+대/EF"
          },
          {
            "id": 4,
            "text": "2 : 와 진짜? 나는 그렇게는 못 하겠어",
            "norm_text": "와 진짜? 나는 그렇게는 못 하겠어",
            "speaker": {
              "id": "2번",
              "sex": "여성",
              "age": "20대"
            },
            "speechAct": "(단언) 주장하기",
            "morpheme": "와/IC+진짜/MAG+나/NP+는/JX+그렇게/MAG+는/JX+못하/VX+겠/EP+어/EC"
          },
          {
            "id": 5,
            "text": "1 : 그러니까 근데 기사 사진 거 봤거든? 예쁘긴 하더라 ㅜㅜ",
            "norm_text": "그러니까 근데 기사 사진 거 봤거든? 예쁘긴 하더라 ㅜㅜ",
            "speaker": {
              "id": "1번",
              "sex": "여성",
              "age": "20대"
            },
            "speechAct": "(단언) 주장하기",
            "morpheme": "그러니까/MAJ+근데/MAJ+기사/NNG+사진/NNG+거/NNB+봤/VV+EP+거든/EF+예쁘긴하더라ㅜㅜ/UNKNOWN"
          },
          {
            "id": 6,
            "text": "2 : 진짜 난 보기만 해도 무서울 듯",
            "norm_text": "진짜 난 보기만 해도 무서울 듯",
            "speaker": {
              "id": "2번",
              "sex": "여성",
              "age": "20대"
            },
            "speechAct": "(단언) 주장하기",
            "morpheme": "진짜/MAG+난/NP+JX+보/VV+기/ETN+만/JX+해도/VV+EC+무서울/VA+ETM+듯/NNB"
          },
          {
            "id": 7,
            "text": "1 : 맞아 처음에 봤을 때는 예쁘다고만 생각했거든?",
            "norm_text": "맞아 처음에 봤을 때는 예쁘다고만 생각했거든?",
            "speaker": {
              "id": "1번",
              "sex": "여성",
              "age": "20대"
            },
            "speechAct": "(단언) 주장하기",
            "morpheme": "맞/VV+아/EC+처음/NNG+에/JKB+봤/VV+EP+을/ETM+때/NNG+는/JX+예쁘/VA+다고/EC+만/JX+생각/NNG+했/XSV+EP+거든/EF"
          },
          {
            "id": 8,
            "text": "1 : 근데 나중에 다른 생각이 들더라 키키",
            "norm_text": "근데 나중에 다른 생각이 들더라 키키",
            "speaker": {
              "id": "1번",
              "sex": "여성",
              "age": "20대"
            },
            "speechAct": "(단언) 진술하기",
            "morpheme": "근데/MAJ+나중/NNG+에/JKB+다른/MM+생각/NNG+이/JKS+들/VV+더라/EC+키/NNG+키/XSV+ETN"
          },
          {
            "id": 9,
            "text": "2 : 어 무슨 생각을 했을까? 키키",
            "norm_text": "어 무슨 생각을 했을까? 키키",
            "speaker": {
              "id": "2번",
              "sex": "여성",
              "age": "20대"
            },
            "speechAct": "(지시) 질문하기",
            "morpheme": "어/IC+무슨/MM+생각/NNG+을/JKO+했/VV+EP+을까/EF+키/NNG+키/XSV+ETN"
          },
          {
            "id": 10,
            "text": "1 : 그 산이 라파스에 있는 산인데 해발 6천미터가 넘는대 키키",
            "norm_text": "그 산이 라파스에 있는 산인데 해발 6천미터가 넘는대 키키",
            "speaker": {
              "id": "1번",
              "sex": "여성",
              "age": "20대"
            },
            "speechAct": "(단언) 진술하기",
            "morpheme": "그/MM+산/NNG+이/JKS+라파스/NNP+에/JKB+있/VV+는/ETM+산/NNG+인데/VCP+EC+해발/NNG+6/SN+천/NR+미터/NNBC+가/JKS+넘/VV+는/ETM+대/XPN+키/NNG+키/XSV+ETN"
          },
          {
            "id": 11,
            "text": "2 : 어 진짜? 백두산보다 높은 거 아니니?",
            "norm_text": "어 진짜? 백두산보다 높은 거 아니니?",
            "speaker": {
              "id": "2번",
              "sex": "여성",
              "age": "20대"
            },
            "speechAct": "(단언) 주장하기",
            "morpheme": "어/IC+진짜/MAG+백두산/NNP+보다/JKB+높/VA+은/ETM+거/NNB+아니/VCN+니/EF"
          },
          {
            "id": 12,
            "text": "1 : 응 그러니까 저기를 어떻게 올라갔을까라는 생각이 들더라고 키키",
            "norm_text": "응 그러니까 저기를 어떻게 올라갔을까라는 생각이 들더라고 키키",
            "speaker": {
              "id": "1번",
              "sex": "여성",
              "age": "20대"
            },
            "speechAct": "(단언) 주장하기",
            "morpheme": "응/IC+그러니까/MAJ+저기/NP+를/JKO+어떻게/MAG+올라갔/VV+EP+을까/EF+라는/ETM+생각/NNG+이/JKS+들/VV+더라고/EC+키/NNG+키/XSV+ETN"
          },
          {
            "id": 13,
            "text": "2 : 대단하다 진짜 기구를 타고 올라갔겠지?",
            "norm_text": "대단하다 진짜 기구를 타고 올라갔겠지?",
            "speaker": {
              "id": "2번",
              "sex": "여성",
              "age": "20대"
            },
            "speechAct": "(지시) 질문하기",
            "morpheme": "대단/XR+하/XSA+다/EF+진짜/MAG+기구/NNG+를/JKO+타/VV+고/EC+올라갔/VV+EP+겠/EP+지/EF"
          },
          {
            "id": 14,
            "text": "1 : 그러니까 키키 올라가는 데 한 며칠 걸렸겠지?",
            "norm_text": "그러니까 키키 올라가는 데 한 며칠 걸렸겠지?",
            "speaker": {
              "id": "1번",
              "sex": "여성",
              "age": "20대"
            },
            "speechAct": "(지시) 질문하기",
            "morpheme": "그러니까/MAJ+키/NNG+키/XSV+ETN+올라가/VV+는데/EC+한/MM+며칠/NNG+걸렸/VV+EP+겠/EP+지/EF"
          },
          {
            "id": 15,
            "text": "2 : 시간도 오래 걸리고 가다가 멀미가 나겠구만",
            "norm_text": "시간도 오래 걸리고 가다가 멀미가 나겠구만",
            "speaker": {
              "id": "2번",
              "sex": "여성",
              "age": "20대"
            },
            "speechAct": "(단언) 주장하기",
            "morpheme": "시간/NNG+도/JX+오래/MAG+걸리/VV+고/EC+가/VX+다가/EC+멀미/NNG+가/JKS+나/VV+겠/EP+구만/EC"
          },
          {
            "id": 16,
            "text": "1 : 맞아 와 이 커플 체력이 대단하다고 느꼈잖아 키키",
            "norm_text": "맞아 와 이 커플 체력이 대단하다고 느꼈잖아 키키",
            "speaker": {
              "id": "1번",
              "sex": "여성",
              "age": "20대"
            },
            "speechAct": "(단언) 주장하기",
            "morpheme": "맞/VV+아/EC+와이/MM+커플/NNG+체력/NNG+이/JKS+대단/XR+하/XSA+다고/EC+느꼈/VV+EP+잖아/EF+키/NNG+키/XSV+ETN"
          },
          {
            "id": 17,
            "text": "2 : 와 진짜 강심장이다 나는 절대 못해",
            "norm_text": "와 진짜 강심장이다 나는 절대 못해",
            "speaker": {
              "id": "2번",
              "sex": "여성",
              "age": "20대"
            },
            "speechAct": "(단언) 주장하기",
            "morpheme": "와/IC+진짜/MAG+강심장/NNG+이/VCP+다/EF+나/NP+는/JX+절대/MAG+못/MAG+해/VV+EC"
          }
        ]
      }
    }
  ]
}