{
  "dataset": {
    "identifier": 113636,
    "name": "BAND_41_18_set",
    "src_path": "/data/file/cubeManager/PROJECT001/80/txt20211102154324022441/BAND_41_18_set/",
    "label_path": "/data/file/cubeManager/PROJECT001/80/txt20211102154324022441/BAND_41_18_set/",
    "category": 2,
    "type": 0
  },
  "licenses": {
    "name": "Apache License 1.0",
    "url": "http://www.apache.org/licenses/LICENSE-1.0"
  },
  "info": [
    {
      "id": 130302,
      "filename": "BAND_41_18.txt",
      "title": "BAND_41_18",
      "mediatype": "SNS",
      "medianame": "네이버밴드",
      "category": "일상대화",
      "date": "2021-11-02",
      "size": 511,
      "annotations": {
        "subject": "상거래 전반",
        "speaker_type": "다자간 대화",
        "size": 511,
        "word_size": 179,
        "text": "1 : 매번 뭐 사는지 월급이 순삭이야\n2 : 맞어\n2 : 그래서 가계부 작성하면 좋아 키키\n3 : 난 가계부 쓰다 보면 현타 오던데\n1 : 가계부 하려다가 포기했어... 해야 하는데\n2 : 근데 가계부 써도 고쳐야지! 이런 생각 안 하면 안 쓰는 게 좋아 키키\n3 : 그래서 나는 안 쓰게 되더라고\n1 : 키키 근데 써야 좀 줄어들 거 같아 소비 요정이라 키키\n2 : 불필요한 건 웬만하면 안 사는 게 젤 좋은 거 같애\n3 : 근데 항상 불필요한 게 사고 싶어져\n1 : 맞아 키키\n1 : 알면서도 항상 못 실천해...\n2 : 불필요한 거 안 사도 돈은 쭉쭉 빠져나가는 거 같은데 ㅠㅠ\n3 : 난 식비가 많이 나오더라\n1 : 이번 달도 소비 장난 아니야 키키\n1 : 담 달부터 좀 줄여야지\n2 : 후회는 늘 하지만 같은 실수를 반복하지 ㅠㅠ\n3 : 돈을 더 벌어보자 소비를 줄이지 말고\n1 : 이러다 언제 차 사고 언제 집 사 키키\n2 : 앜 키키 그렇지\n2 : 진짜 집을 언제 사냐 키키\n3 : 난 집은 포기했어...\n3 : 로또 당첨돼야 살 수 있어",
        "lines": [
          {
            "id": 1,
            "text": "1 : 매번 뭐 사는지 월급이 순삭이야",
            "norm_text": "매번 뭐 사는지 월급이 순삭이야",
            "speaker": {
              "id": "1번",
              "sex": "여성",
              "age": "20대"
            },
            "speechAct": "N/A",
            "morpheme": "매번/MAG+뭐/IC+사/VV+는지/EC+월급/NNG+이/JKS+순삭/NNG+이/VCP+야/EC"
          },
          {
            "id": 2,
            "text": "2 : 맞어",
            "norm_text": "맞어",
            "speaker": {
              "id": "2번",
              "sex": "남성",
              "age": "20대"
            },
            "speechAct": "(단언) 주장하기",
            "morpheme": "맞/VV+어/EC"
          },
          {
            "id": 3,
            "text": "2 : 그래서 가계부 작성하면 좋아 키키",
            "norm_text": "그래서 가계부 작성하면 좋아 키키",
            "speaker": {
              "id": "2번",
              "sex": "남성",
              "age": "20대"
            },
            "speechAct": "(단언) 주장하기",
            "morpheme": "그래서/MAJ+가계부/NNG+작성/NNG+하/XSV+면/EC+좋/VA+아/EC+키/NNG+키/XSV+ETN"
          },
          {
            "id": 4,
            "text": "3 : 난 가계부 쓰다 보면 현타 오던데",
            "norm_text": "난 가계부 쓰다 보면 현타 오던데",
            "speaker": {
              "id": "3번",
              "sex": "남성",
              "age": "20대"
            },
            "speechAct": "(단언) 주장하기",
            "morpheme": "난/NP+JX+가계부/NNG+쓰/VV+다/EC+보/VX+면/EC+현/MM+타/VV+오/EC+던데/VV+EC"
          },
          {
            "id": 5,
            "text": "1 : 가계부 하려다가 포기했어... 해야 하는데",
            "norm_text": "가계부 하려다가 포기했어... 해야 하는데",
            "speaker": {
              "id": "1번",
              "sex": "여성",
              "age": "20대"
            },
            "speechAct": "(단언) 주장하기",
            "morpheme": "가계부/NNG+하/XSV+려다가/EC+포기/NNG+했/XSV+EP+어/EF+./SY+해야/VV+EC+하/VV+는데/EC"
          },
          {
            "id": 6,
            "text": "2 : 근데 가계부 써도 고쳐야지! 이런 생각 안 하면 안 쓰는 게 좋아 키키",
            "norm_text": "근데 가계부 써도 고쳐야지! 이런 생각 안 하면 안 쓰는 게 좋아 키키",
            "speaker": {
              "id": "2번",
              "sex": "남성",
              "age": "20대"
            },
            "speechAct": "(단언) 주장하기",
            "morpheme": "근데/MAJ+가계부/NNG+써도/VV+EC+고쳐야지/VV+EF+이런/MM+생각/NNG+안/MAG+하/VV+면/EC+안/MAG+쓰/VV+는/ETM+게/NNB+JKS+좋/VA+아/EC+키/NNG+키/XSV+ETN"
          },
          {
            "id": 7,
            "text": "3 : 그래서 나는 안 쓰게 되더라고",
            "norm_text": "그래서 나는 안 쓰게 되더라고",
            "speaker": {
              "id": "3번",
              "sex": "남성",
              "age": "20대"
            },
            "speechAct": "(단언) 주장하기",
            "morpheme": "그래서/MAJ+나/NP+는/JX+안/MAG+쓰/VV+게/EC+되/VV+더라고/EC"
          },
          {
            "id": 8,
            "text": "1 : 키키 근데 써야 좀 줄어들 거 같아 소비 요정이라 키키",
            "norm_text": "키키 근데 써야 좀 줄어들 거 같아 소비 요정이라 키키",
            "speaker": {
              "id": "1번",
              "sex": "여성",
              "age": "20대"
            },
            "speechAct": "(단언) 주장하기",
            "morpheme": "키/NNG+키/XSV+ETN+근데/MAJ+써야/VV+EC+좀/MAG+줄어들/VV+ETM+거/NNB+같/VA+아/EC+소비/NNG+요정/NNG+이/JKS+라키/NNP+키/NNG"
          },
          {
            "id": 9,
            "text": "2 : 불필요한 건 웬만하면 안 사는 게 젤 좋은 거 같애",
            "norm_text": "불필요한 건 웬만하면 안 사는 게 젤 좋은 거 같애",
            "speaker": {
              "id": "2번",
              "sex": "남성",
              "age": "20대"
            },
            "speechAct": "(단언) 주장하기",
            "morpheme": "불/XPN+필요/NNG+한/XSA+ETM+건/NNB+JX+웬만/XR+하/XSA+면/EC+안/MAG+사/VV+는/ETM+게/NNB+JKS+젤/MAG+좋/VA+은/ETM+거/NNB+같/VA+애/EC"
          },
          {
            "id": 10,
            "text": "3 : 근데 항상 불필요한 게 사고 싶어져",
            "norm_text": "근데 항상 불필요한 게 사고 싶어져",
            "speaker": {
              "id": "3번",
              "sex": "남성",
              "age": "20대"
            },
            "speechAct": "(단언) 주장하기",
            "morpheme": "근데/MAJ+항상/MAG+불/XPN+필요/NNG+한/XSA+ETM+게/NNB+JKS+사/VV+고/EC+싶/VX+어/EC+져/VX+EC"
          },
          {
            "id": 11,
            "text": "1 : 맞아 키키",
            "norm_text": "맞아 키키",
            "speaker": {
              "id": "1번",
              "sex": "여성",
              "age": "20대"
            },
            "speechAct": "(단언) 주장하기",
            "morpheme": "맞/VV+아/EC+키/NNG+키/XSV+ETN"
          },
          {
            "id": 12,
            "text": "1 : 알면서도 항상 못 실천해...",
            "norm_text": "알면서도 항상 못 실천해...",
            "speaker": {
              "id": "1번",
              "sex": "여성",
              "age": "20대"
            },
            "speechAct": "(단언) 주장하기",
            "morpheme": "알/VV+면서/EC+도/JX+항상/MAG+못/MAG+실천/NNG+해/XSV+EF+./SY"
          },
          {
            "id": 13,
            "text": "2 : 불필요한 거 안 사도 돈은 쭉쭉 빠져나가는 거 같은데 ㅠㅠ",
            "norm_text": "불필요한 거 안 사도 돈은 쭉쭉 빠져나가는 거 같은데 ㅠㅠ",
            "speaker": {
              "id": "2번",
              "sex": "남성",
              "age": "20대"
            },
            "speechAct": "(단언) 주장하기",
            "morpheme": "불/XPN+필요/NNG+한/XSA+ETM+거/NNB+안/MAG+사/VV+EC+도/JX+돈/NNG+은/JX+쭉쭉/MAG+빠져나가/VV+는/ETM+거/NNB+같/VA+은데/EC+ㅠㅠ/UNKNOWN"
          },
          {
            "id": 14,
            "text": "3 : 난 식비가 많이 나오더라",
            "norm_text": "난 식비가 많이 나오더라",
            "speaker": {
              "id": "3번",
              "sex": "남성",
              "age": "20대"
            },
            "speechAct": "(단언) 주장하기",
            "morpheme": "난/NP+JX+식비/NNG+가/JKS+많이/MAG+나오/VV+더라/EC"
          },
          {
            "id": 15,
            "text": "1 : 이번 달도 소비 장난 아니야 키키",
            "norm_text": "이번 달도 소비 장난 아니야 키키",
            "speaker": {
              "id": "1번",
              "sex": "여성",
              "age": "20대"
            },
            "speechAct": "(단언) 주장하기",
            "morpheme": "이번/NNG+달/NNG+도/JX+소비/NNG+장난/NNG+아니/VCN+야/EC+키/NNG+키/XSV+ETN"
          },
          {
            "id": 16,
            "text": "1 : 담 달부터 좀 줄여야지",
            "norm_text": "담 달부터 좀 줄여야지",
            "speaker": {
              "id": "1번",
              "sex": "여성",
              "age": "20대"
            },
            "speechAct": "(단언) 주장하기",
            "morpheme": "담/NNG+달/NNG+부터/JX+좀/MAG+줄여야/VV+EC+VX+지/EC"
          },
          {
            "id": 17,
            "text": "2 : 후회는 늘 하지만 같은 실수를 반복하지 ㅠㅠ",
            "norm_text": "후회는 늘 하지만 같은 실수를 반복하지 ㅠㅠ",
            "speaker": {
              "id": "2번",
              "sex": "남성",
              "age": "20대"
            },
            "speechAct": "(단언) 주장하기",
            "morpheme": "후회/NNG+는/JX+늘/MAG+하/VV+지만/EC+같/VA+은/ETM+실수/NNG+를/JKO+반복/NNG+하/XSV+지/EC+ㅠㅠ/UNKNOWN"
          },
          {
            "id": 18,
            "text": "3 : 돈을 더 벌어보자 소비를 줄이지 말고",
            "norm_text": "돈을 더 벌어보자 소비를 줄이지 말고",
            "speaker": {
              "id": "3번",
              "sex": "남성",
              "age": "20대"
            },
            "speechAct": "(단언) 주장하기",
            "morpheme": "돈/NNG+을/JKO+더/MAG+벌/VV+어/EC+보/VX+자/EC+소비/NNG+를/JKO+줄이/VV+지/EC+말/VX+고/EC"
          },
          {
            "id": 19,
            "text": "1 : 이러다 언제 차 사고 언제 집 사 키키",
            "norm_text": "이러다 언제 차 사고 언제 집 사 키키",
            "speaker": {
              "id": "1번",
              "sex": "여성",
              "age": "20대"
            },
            "speechAct": "(단언) 주장하기",
            "morpheme": "이러다/MAJ+언제/MAG+차/NNG+사고/NNG+언제/MAG+집사/NNG+키/NNG+키/XSV+ETN"
          },
          {
            "id": 20,
            "text": "2 : 앜 키키 그렇지",
            "norm_text": "앜 키키 그렇지",
            "speaker": {
              "id": "2번",
              "sex": "남성",
              "age": "20대"
            },
            "speechAct": "턴토크 사인(관습적 반응)",
            "morpheme": "앜키키그렇지/UNKNOWN"
          },
          {
            "id": 21,
            "text": "2 : 진짜 집을 언제 사냐 키키",
            "norm_text": "진짜 집을 언제 사냐 키키",
            "speaker": {
              "id": "2번",
              "sex": "남성",
              "age": "20대"
            },
            "speechAct": "(단언) 주장하기",
            "morpheme": "진짜/MAG+집/NNG+을/JKO+언제/MAG+사/VV+냐/EC+키/NNG+키/XSV+ETN"
          },
          {
            "id": 22,
            "text": "3 : 난 집은 포기했어...",
            "norm_text": "난 집은 포기했어...",
            "speaker": {
              "id": "3번",
              "sex": "남성",
              "age": "20대"
            },
            "speechAct": "(단언) 주장하기",
            "morpheme": "난/NP+JX+집/NNG+은/JX+포기/NNG+했/XSV+EP+어/EF+./SY"
          },
          {
            "id": 23,
            "text": "3 : 로또 당첨돼야 살 수 있어",
            "norm_text": "로또 당첨돼야 살 수 있어",
            "speaker": {
              "id": "3번",
              "sex": "남성",
              "age": "20대"
            },
            "speechAct": "(단언) 주장하기",
            "morpheme": "로또/NNP+당첨/NNG+돼야/XSV+EC+살/VV+ETM+수/NNB+있/VV+어/EC"
          }
        ]
      }
    }
  ]
}