{
  "dataset": {
    "identifier": 51538,
    "name": "BAND_35_19_set",
    "src_path": "/data/file/cubeManager/PROJECT001/53/txt20210930140924071425/BAND_35_19_set/",
    "label_path": "/data/file/cubeManager/PROJECT001/53/txt20210930140924071425/BAND_35_19_set/",
    "category": 2,
    "type": 0
  },
  "licenses": {
    "name": "Apache License 1.0",
    "url": "http://www.apache.org/licenses/LICENSE-1.0"
  },
  "info": [
    {
      "id": 37669,
      "filename": "BAND_35_19.txt",
      "title": "BAND_35_19",
      "mediatype": "SNS",
      "medianame": "네이버밴드",
      "category": "일상대화",
      "date": "2021-09-30",
      "size": 886,
      "annotations": {
        "subject": "방송/연예",
        "speaker_type": "다자간 대화",
        "size": 886,
        "word_size": 298,
        "text": "1 : 문세윤 부끄뚱으로 데뷔한 거 봤어?\n2 : 엥 부끄뚱이 뭐냐 키키\n2 : 걔도 가수 데뷔했어?\n3 : 아예 처음 들어봐 나 요새 티비를 안 봐서 키키\n1 : 와 이 사람들 이걸 몰라?\n1 : 웅 데뷔 했는데 한번 봐봐 노래 좋아서 어이없어 키키\n2 : 뭐냐 그건 진짜 이름 이상해 키키\n3 : 트로트야? 요새 트로트 많이 부르잖아 키키\n1 : 아니 트로트 아니야 문세윤이 예전부터 노래 한번 내보는 게 버킷리스트라고 죽기 전에 내보고 싶다고 라비한테 노래 달라고 많이 말했었는데 이번에 진짜 노래 라비가 만들어줘서 소원 성취 함\n2 : 근데 문세윤 노래 잘 부르잖아 키키\n2 : 개그맨들 진짜 끼 많다...\n3 : 아 진짜? 문세윤 먹는 거 말고 본 적 없는 듯 키키\n1 : 근데 진짜 집 가서 한번 봐봐 노래 좋아\n2 : 오케이 키키 집 가면서 한번 볼래 궁금하긴 하다\n3 : ** 근데 그때 낙하 노래 별로라고 하지 않았나\n3 : 취향 다른 거 아냐? 의심 의심\n1 : 아내 분이 노래 가사 보고 슬프다 했대\n1 : 가사도 한번 봐봐 봐 나 낙하 안 들어봤다고 했고 듣고는 좋다 했거든? 참나\n2 : 낙하 좋다고 했었다 바보야! 키키 기억력 무엇\n3 : 키키 아 그래? 그냥 듣기도 전에 별로 별로! 이거를 그렇게 기억 했나방 뀨\n1 : 첨에 낙하 언니가 들어보라 했는데 평생 안 들을 거라고 장난 친거 임\n2 : 난 근데 그 문세윤이랑 뚱뚱한 애들 처음에 얼굴 제대로 못 알아봤었어 너무 닮아서\n3 : 평생 안 듣는다고 했어? 키키 짱 웃기네\n1 : 키키 맞아 첨에 비슷해 보이긴 해\n2 : 진짜 ** 인성 대박이지\n3 : 아니 근데 그 네 명 먹는 방송 보면 다 닮긴 했어 키키\n1 : 맞아 먹는 거 보면 좀 대단해\n2 : 진짜 키키 나도 근데 그렇게 먹어 보고 싶당!\n3 : 우리도 먹방 동영상 찍어보자 웃길 듯 키키",
        "lines": [
          {
            "id": 1,
            "text": "1 : 문세윤 부끄뚱으로 데뷔한 거 봤어?",
            "norm_text": "문세윤 부끄뚱으로 데뷔한 거 봤어?",
            "speaker": {
              "id": "1번",
              "sex": "여성",
              "age": "20대"
            },
            "speechAct": "(지시) 질문하기",
            "morpheme": "문세윤/NNP+부끄/NNP+뚱/NNG+으로/JKB+데뷔/NNG+한/XSA+ETM+거/NNB+봤/VV+EP+어/EF"
          },
          {
            "id": 2,
            "text": "2 : 엥 부끄뚱이 뭐냐 키키",
            "norm_text": "엥 부끄뚱이 뭐냐 키키",
            "speaker": {
              "id": "2번",
              "sex": "여성",
              "age": "20대"
            },
            "speechAct": "(지시) 질문하기",
            "morpheme": "엥/IC+부끄/NNP+뚱/NNG+이/JKS+뭐/NP+냐/VCP+EC+키/NNG+키/XSV+ETN"
          },
          {
            "id": 3,
            "text": "2 : 걔도 가수 데뷔했어?",
            "norm_text": "걔도 가수 데뷔했어?",
            "speaker": {
              "id": "2번",
              "sex": "여성",
              "age": "20대"
            },
            "speechAct": "(지시) 질문하기",
            "morpheme": "걔/NP+도/JX+가수/NNG+데뷔/NNG+했/XSV+EP+어/EF"
          },
          {
            "id": 4,
            "text": "3 : 아예 처음 들어봐 나 요새 티비를 안 봐서 키키",
            "norm_text": "아예 처음 들어봐 나 요새 티비를 안 봐서 키키",
            "speaker": {
              "id": "3번",
              "sex": "여성",
              "age": "20대"
            },
            "speechAct": "(단언) 주장하기",
            "morpheme": "아예/MAG+처음/MAG+들/VV+어/EC+봐/VX+EF+나/NP+요새/MAG+티비/NNG+를/JKO+안/MAG+봐서/VV+EC+키/NNG+키/XSV+ETN"
          },
          {
            "id": 5,
            "text": "1 : 와 이 사람들 이걸 몰라?",
            "norm_text": "와 이 사람들 이걸 몰라?",
            "speaker": {
              "id": "1번",
              "sex": "여성",
              "age": "20대"
            },
            "speechAct": "(지시) 질문하기",
            "morpheme": "와이/MM+사람/NNG+들/XSN+이걸/NP+JKO+몰라/VV+EF"
          },
          {
            "id": 6,
            "text": "1 : 웅 데뷔 했는데 한번 봐봐 노래 좋아서 어이없어 키키",
            "norm_text": "웅 데뷔 했는데 한번 봐봐 노래 좋아서 어이없어 키키",
            "speaker": {
              "id": "1번",
              "sex": "여성",
              "age": "20대"
            },
            "speechAct": "(단언) 주장하기",
            "morpheme": "웅/IC+데뷔/NNG+했/XSV+EP+는데/EC+한/MM+번/NNBC+봐/VV+EC+봐/VX+EF+노래/NNG+좋/VA+아서/EC+어이없/VA+어/EC+키/NNG+키/XSV+ETN"
          },
          {
            "id": 7,
            "text": "2 : 뭐냐 그건 진짜 이름 이상해 키키",
            "norm_text": "뭐냐 그건 진짜 이름 이상해 키키",
            "speaker": {
              "id": "2번",
              "sex": "여성",
              "age": "20대"
            },
            "speechAct": "(단언) 주장하기",
            "morpheme": "뭐/NP+냐/VCP+EF+그건/NP+JX+진짜/MAG+이름/NNG+이상/NNG+해/XSV+EC+키/NNG+키/XSV+ETN"
          },
          {
            "id": 8,
            "text": "3 : 트로트야? 요새 트로트 많이 부르잖아 키키",
            "norm_text": "트로트야? 요새 트로트 많이 부르잖아 키키",
            "speaker": {
              "id": "3번",
              "sex": "여성",
              "age": "20대"
            },
            "speechAct": "(지시) 질문하기",
            "morpheme": "트로트/NNG+야/VCP+EF+요새/MAG+트로트/NNG+많이/MAG+부르/VV+잖아/EC+키/NNG+키/XSV+ETN"
          },
          {
            "id": 9,
            "text": "1 : 아니 트로트 아니야 문세윤이 예전부터 노래 한번 내보는 게 버킷리스트라고 죽기 전에 내보고 싶다고 라비한테 노래 달라고 많이 말했었는데 이번에 진짜 노래 라비가 만들어줘서 소원 성취 함",
            "norm_text": "아니 트로트 아니야 문세윤이 예전부터 노래 한번 내보는 게 버킷리스트라고 죽기 전에 내보고 싶다고 라비한테 노래 달라고 많이 말했었는데 이번에 진짜 노래 라비가 만들어줘서 소원 성취 함",
            "speaker": {
              "id": "1번",
              "sex": "여성",
              "age": "20대"
            },
            "speechAct": "(단언) 진술하기",
            "morpheme": "아니/IC+트로트/NNG+아니/VCN+야/EC+문세윤/NNP+이/JKS+예전/NNG+부터/JX+노래/NNG+한/MM+번/NNBC+내보/VV+는/ETM+게/NNB+JKS+버킷/NNG+리스트/NNG+라고/VCP+EC+죽/VV+기/ETN+전/NNG+에/JKB+내보/VV+고/EC+싶/VX+다고/EC+라비/NNP+한테/JKB+노래/VA+EC+달/VX+라고/EC+많이/MAG+말/NNG+했었/XSV+EP+는데/EC+이번/NNG+에/JKB+진짜/MAG+노래/NNG+라비/NNP+가/JKS+만들/VV+어/EC+줘서/VX+EC+소원/NNG+성취/NNG+함/XSV+ETN"
          },
          {
            "id": 10,
            "text": "2 : 근데 문세윤 노래 잘 부르잖아 키키",
            "norm_text": "근데 문세윤 노래 잘 부르잖아 키키",
            "speaker": {
              "id": "2번",
              "sex": "여성",
              "age": "20대"
            },
            "speechAct": "(단언) 주장하기",
            "morpheme": "근데/MAJ+문세윤/NNP+노래/NNG+잘/MAG+부르/VV+잖아/EC+키/NNG+키/XSV+ETN"
          },
          {
            "id": 11,
            "text": "2 : 개그맨들 진짜 끼 많다...",
            "norm_text": "개그맨들 진짜 끼 많다...",
            "speaker": {
              "id": "2번",
              "sex": "여성",
              "age": "20대"
            },
            "speechAct": "(단언) 주장하기",
            "morpheme": "개그맨/NNG+들/XSN+진짜/MAG+끼/MAG+많/VA+다/EF+./SY"
          },
          {
            "id": 12,
            "text": "3 : 아 진짜? 문세윤 먹는 거 말고 본 적 없는 듯 키키",
            "norm_text": "아 진짜? 문세윤 먹는 거 말고 본 적 없는 듯 키키",
            "speaker": {
              "id": "3번",
              "sex": "여성",
              "age": "20대"
            },
            "speechAct": "(단언) 주장하기",
            "morpheme": "아/IC+진짜/MAG+문세윤/NNP+먹/VV+는/ETM+거/NNB+말/VV+고/EC+본/VX+ETM+적/NNB+없/VA+는/ETM+듯/NNB+키/NNG+키/XSV+ETN"
          },
          {
            "id": 13,
            "text": "1 : 근데 진짜 집 가서 한번 봐봐 노래 좋아",
            "norm_text": "근데 진짜 집 가서 한번 봐봐 노래 좋아",
            "speaker": {
              "id": "1번",
              "sex": "여성",
              "age": "20대"
            },
            "speechAct": "(지시) 충고/제안하기",
            "morpheme": "근데/MAJ+진짜/MAG+집/NNG+가/VV+서/EC+한/MM+번/NNBC+봐/VV+EC+봐/VX+EF+노래/NNG+좋/VA+아/EC"
          },
          {
            "id": 14,
            "text": "2 : 오케이 키키 집 가면서 한번 볼래 궁금하긴 하다",
            "norm_text": "오케이 키키 집 가면서 한번 볼래 궁금하긴 하다",
            "speaker": {
              "id": "2번",
              "sex": "여성",
              "age": "20대"
            },
            "speechAct": "(단언) 주장하기",
            "morpheme": "오케이/NNP+키키/NNP+집/NNG+가/VV+면서/EC+한/MM+번/NNBC+볼래/VV+EC+궁금/XR+하/XSA+긴/ETN+JX+하/VX+다/EC"
          },
          {
            "id": 15,
            "text": "3 : ** 근데 그때 낙하 노래 별로라고 하지 않았나",
            "norm_text": "** 근데 그때 낙하 노래 별로라고 하지 않았나",
            "speaker": {
              "id": "3번",
              "sex": "여성",
              "age": "20대"
            },
            "speechAct": "(지시) 질문하기",
            "morpheme": "*/SY+*/SY+근데/MAJ+그때/NNG+낙하/NNG+노래/NNG+별/XSN+로/JKB+라고/VCP+EC+하/VV+지/EC+않/VX+았/EP+나/EC"
          },
          {
            "id": 16,
            "text": "3 : 취향 다른 거 아냐? 의심 의심",
            "norm_text": "취향 다른 거 아냐? 의심 의심",
            "speaker": {
              "id": "3번",
              "sex": "여성",
              "age": "20대"
            },
            "speechAct": "(지시) 질문하기",
            "morpheme": "취향/NNG+다른/VA+ETM+거/NNB+아냐/VCN+EF+의심/NNG+의심/NNG"
          },
          {
            "id": 17,
            "text": "1 : 아내 분이 노래 가사 보고 슬프다 했대",
            "norm_text": "아내 분이 노래 가사 보고 슬프다 했대",
            "speaker": {
              "id": "1번",
              "sex": "여성",
              "age": "20대"
            },
            "speechAct": "(단언) 진술하기",
            "morpheme": "아내/NNG+분/NNB+이/JKS+노래/NNG+가/JKS+사/VV+EC+보/VX+고/EC+슬프/VA+다/EC+했/VX+EP+대/EC"
          },
          {
            "id": 18,
            "text": "1 : 가사도 한번 봐봐 봐 나 낙하 안 들어봤다고 했고 듣고는 좋다 했거든? 참나",
            "norm_text": "가사도 한번 봐봐 봐 나 낙하 안 들어봤다고 했고 듣고는 좋다 했거든? 참나",
            "speaker": {
              "id": "1번",
              "sex": "여성",
              "age": "20대"
            },
            "speechAct": "(단언) 주장하기",
            "morpheme": "가사/NNG+도/JX+한/MM+번/NNBC+봐/VV+EC+봐/VX+EC+봐/VX+EF+나/NP+낙하/NNG+안/MAG+들/VV+어/EC+봤/VX+EP+다고/EC+했/VX+EP+고/EC+듣/VV+고/EC+는/JX+좋/VA+다/EC+했/VX+EP+거든/EF+참나/IC"
          },
          {
            "id": 19,
            "text": "2 : 낙하 좋다고 했었다 바보야! 키키 기억력 무엇",
            "norm_text": "낙하 좋다고 했었다 바보야! 키키 기억력 무엇",
            "speaker": {
              "id": "2번",
              "sex": "여성",
              "age": "20대"
            },
            "speechAct": "(단언) 주장하기",
            "morpheme": "낙하/NNG+좋/VA+다고/EC+했었/VX+EP+다/EC+바보/NNG+야/VCP+EF+키키기억력무엇/UNKNOWN"
          },
          {
            "id": 20,
            "text": "3 : 키키 아 그래? 그냥 듣기도 전에 별로 별로! 이거를 그렇게 기억 했나방 뀨",
            "norm_text": "키키 아 그래? 그냥 듣기도 전에 별로 별로! 이거를 그렇게 기억 했나방 뀨",
            "speaker": {
              "id": "3번",
              "sex": "여성",
              "age": "20대"
            },
            "speechAct": "(단언) 주장하기",
            "morpheme": "키/NNG+키/VV+아/EC+그래/VV+EF+그냥/MAG+듣/VV+기/ETN+도/JX+전/NNG+에/JKB+별로/MAG+별로/MAG+이거/NP+를/JKO+그렇게/MAG+기억/NNG+했/XSV+EP+나/EF+방뀨/UNKNOWN"
          },
          {
            "id": 21,
            "text": "1 : 첨에 낙하 언니가 들어보라 했는데 평생 안 들을 거라고 장난 친거 임",
            "norm_text": "첨에 낙하 언니가 들어보라 했는데 평생 안 들을 거라고 장난 친거 임",
            "speaker": {
              "id": "1번",
              "sex": "여성",
              "age": "20대"
            },
            "speechAct": "(단언) 주장하기",
            "morpheme": "첨/NNG+에/JKB+낙하/NNG+언니/NNG+가/JKS+들/VV+어/EC+보/VX+라/EC+했/VX+EP+는데/EC+평생/MAG+안/MAG+들/VV+을/ETM+거/NNB+라고/VCP+EC+장난친/VV+ETM+거/NNB+임/VCP+ETN"
          },
          {
            "id": 22,
            "text": "2 : 난 근데 그 문세윤이랑 뚱뚱한 애들 처음에 얼굴 제대로 못 알아봤었어 너무 닮아서",
            "norm_text": "난 근데 그 문세윤이랑 뚱뚱한 애들 처음에 얼굴 제대로 못 알아봤었어 너무 닮아서",
            "speaker": {
              "id": "2번",
              "sex": "여성",
              "age": "20대"
            },
            "speechAct": "(단언) 진술하기",
            "morpheme": "난/NP+JX+근데/MAJ+그/MM+문세윤/NNP+이랑/JC+뚱뚱/XR+한/XSA+ETM+애/NNG+들/XSN+처음/NNG+에/JKB+얼굴/NNG+제대로/MAG+못/MAG+알아봤었/VV+EP+어/EC+너무/MAG+닮/VV+아서/EC"
          },
          {
            "id": 23,
            "text": "3 : 평생 안 듣는다고 했어? 키키 짱 웃기네",
            "norm_text": "평생 안 듣는다고 했어? 키키 짱 웃기네",
            "speaker": {
              "id": "3번",
              "sex": "여성",
              "age": "20대"
            },
            "speechAct": "(단언) 주장하기",
            "morpheme": "평생/MAG+안/MAG+듣/VV+는다고/EC+했/VX+EP+어/EF+키키짱웃기네/UNKNOWN"
          },
          {
            "id": 24,
            "text": "1 : 키키 맞아 첨에 비슷해 보이긴 해",
            "norm_text": "키키 맞아 첨에 비슷해 보이긴 해",
            "speaker": {
              "id": "1번",
              "sex": "여성",
              "age": "20대"
            },
            "speechAct": "(단언) 주장하기",
            "morpheme": "키/NNG+키/XSV+ETN+맞/VV+아/EC+첨/NNG+에/JKB+비슷/XR+해/XSA+EC+보이/VV+긴/ETN+JX+해/VX+EC"
          },
          {
            "id": 25,
            "text": "2 : 진짜 ** 인성 대박이지",
            "norm_text": "진짜 ** 인성 대박이지",
            "speaker": {
              "id": "2번",
              "sex": "여성",
              "age": "20대"
            },
            "speechAct": "(단언) 주장하기",
            "morpheme": "진짜/MAG+*/SY+*/SY+인성/NNP+대박/NNG+이/VCP+지/EC"
          },
          {
            "id": 26,
            "text": "3 : 아니 근데 그 네 명 먹는 방송 보면 다 닮긴 했어 키키",
            "norm_text": "아니 근데 그 네 명 먹는 방송 보면 다 닮긴 했어 키키",
            "speaker": {
              "id": "3번",
              "sex": "여성",
              "age": "20대"
            },
            "speechAct": "(단언) 주장하기",
            "morpheme": "아니/IC+근데/MAJ+그/MM+네/MM+명/NNBC+먹/VV+는/ETM+방송/NNG+보/VV+면/EC+다/MAG+닮/VV+긴/ETN+JX+했/VX+EP+어/EC+키/NNG+키/XSV+ETN"
          },
          {
            "id": 27,
            "text": "1 : 맞아 먹는 거 보면 좀 대단해",
            "norm_text": "맞아 먹는 거 보면 좀 대단해",
            "speaker": {
              "id": "1번",
              "sex": "여성",
              "age": "20대"
            },
            "speechAct": "(단언) 주장하기",
            "morpheme": "맞/VV+아/EC+먹/VV+는/ETM+거/NNB+보/VV+면/EC+좀/MAG+대단/XR+해/XSA+EC"
          },
          {
            "id": 28,
            "text": "2 : 진짜 키키 나도 근데 그렇게 먹어 보고 싶당!",
            "norm_text": "진짜 키키 나도 근데 그렇게 먹어 보고 싶당!",
            "speaker": {
              "id": "2번",
              "sex": "여성",
              "age": "20대"
            },
            "speechAct": "(단언) 주장하기",
            "morpheme": "진짜/MAG+키/NNG+키나/XSA+ETN+JX+도/JX+근데/MAJ+그렇게/MAG+먹/VV+어/EC+보/VX+고/EC+싶/VX+당/EF"
          },
          {
            "id": 29,
            "text": "3 : 우리도 먹방 동영상 찍어보자 웃길 듯 키키",
            "norm_text": "우리도 먹방 동영상 찍어보자 웃길 듯 키키",
            "speaker": {
              "id": "3번",
              "sex": "여성",
              "age": "20대"
            },
            "speechAct": "(단언) 주장하기",
            "morpheme": "우리/NP+도/JX+먹방/NNG+동영상/NNG+찍/VV+어/EC+보/VX+자/EC+웃길/VV+ETM+듯/NNB+키/NNG+키/XSV+ETN"
          }
        ]
      }
    }
  ]
}