{
  "dataset": {
    "identifier": 114397,
    "name": "BAND_43_17_set",
    "src_path": "/data/file/cubeManager/PROJECT001/80/txt20211102173311092356/BAND_43_17_set/",
    "label_path": "/data/file/cubeManager/PROJECT001/80/txt20211102173311092356/BAND_43_17_set/",
    "category": 2,
    "type": 0
  },
  "licenses": {
    "name": "Apache License 1.0",
    "url": "http://www.apache.org/licenses/LICENSE-1.0"
  },
  "info": [
    {
      "id": 131729,
      "filename": "BAND_43_17.txt",
      "title": "BAND_43_17",
      "mediatype": "SNS",
      "medianame": "네이버밴드",
      "category": "일상대화",
      "date": "2021-11-02",
      "size": 504,
      "annotations": {
        "subject": "건강",
        "speaker_type": "다자간 대화",
        "size": 504,
        "word_size": 162,
        "text": "1 : 오늘 왜캐 피곤하냐 키키\n1 : 눈감겨\n2 : 나도 오늘 푹잔거같은데 자꾸 눈이 감기네\n3 : 그거 백신 부작용이 아닐까\n1 : 다크가 눈 아래까지 내려왔어\n2 : 나도 완전 피곤하다 ㅠㅠ\n2 : 이게 운동부족이라던데 나는 운동하는데도 이러네 ㅠㅠ\n3 : 다크서클 지워주는 지우개 만들어주라\n1 : 자도 요즘은 피곤하더라 키키\n1 : 뭘 해야하나\n2 : 그러게 평균 7-8시간은 자는데도 다크서클은 안멈추네\n3 : 온찜질 한번 해봐\n3 : 잠솔솔와\n1 : 좋다는거 뭐라도 해야겠어 키키\n1 : 피로도 장난 아니야\n2 : 잠은 너무 잘와서 문제지\n2 : 좀 덜피곤하고싶은건데 눈감으면 바로 잘 수 있을 듯 키키\n3 : 전기장판 사고 내인생이 달라졌다\n1 : 요즘 가을이라 그런가 키키\n1 : 낮에 장난 아니야\n2 : 나도 더위를 많이타서 아직 전기장판은 더워 키키\n3 : 근데 저녁에는 너무 춥던데\n1 : 날씨 왔다갔다해 다들 감기 조심!\n2 : 맞어\n2 : 감기 완전 조심해야해\n2 : 일교차가 커서\n3 : 감기 조심해야지\n3 : 다들 조심!",
        "lines": [
          {
            "id": 1,
            "text": "1 : 오늘 왜캐 피곤하냐 키키",
            "norm_text": "오늘 왜캐 피곤하냐 키키",
            "speaker": {
              "id": "1번",
              "sex": "여성",
              "age": "20대"
            },
            "speechAct": "(지시) 질문하기",
            "morpheme": "오늘/MAG+왜/MAG+캐/VV+ETM+피곤/NNG+하/XSV+냐/EC+키/NNG+키/XSV+ETN"
          },
          {
            "id": 2,
            "text": "1 : 눈감겨",
            "norm_text": "눈감겨",
            "speaker": {
              "id": "1번",
              "sex": "여성",
              "age": "20대"
            },
            "speechAct": "(단언) 주장하기",
            "morpheme": "눈/NNG+감겨/VV+EC"
          },
          {
            "id": 3,
            "text": "2 : 나도 오늘 푹잔거같은데 자꾸 눈이 감기네",
            "norm_text": "나도 오늘 푹잔거같은데 자꾸 눈이 감기네",
            "speaker": {
              "id": "2번",
              "sex": "남성",
              "age": "20대"
            },
            "speechAct": "(단언) 진술하기",
            "morpheme": "나/NP+도/JX+오늘/MAG+푹/MAG+잔/VA+ETM+거/NNB+같/VA+은데/EC+자꾸/MAG+눈/NNG+이/JKS+감기/NNG+네/XSN"
          },
          {
            "id": 4,
            "text": "3 : 그거 백신 부작용이 아닐까",
            "norm_text": "그거 백신 부작용이 아닐까",
            "speaker": {
              "id": "3번",
              "sex": "남성",
              "age": "20대"
            },
            "speechAct": "(지시) 질문하기",
            "morpheme": "그거/NP+백/NR+신부/NNG+작용/NNG+이/JKC+아닐까/VCN+EC"
          },
          {
            "id": 5,
            "text": "1 : 다크가 눈 아래까지 내려왔어",
            "norm_text": "다크가 눈 아래까지 내려왔어",
            "speaker": {
              "id": "1번",
              "sex": "여성",
              "age": "20대"
            },
            "speechAct": "(단언) 진술하기",
            "morpheme": "다크/NNG+가/JKS+눈/NNG+아래/NNG+까지/JX+내려왔/VV+EP+어/EC"
          },
          {
            "id": 6,
            "text": "2 : 나도 완전 피곤하다 ㅠㅠ",
            "norm_text": "나도 완전 피곤하다 ㅠㅠ",
            "speaker": {
              "id": "2번",
              "sex": "남성",
              "age": "20대"
            },
            "speechAct": "(단언) 주장하기",
            "morpheme": "나/NP+도/JX+완전/NNG+피곤/NNG+하/XSV+다/EC+ㅠㅠ/UNKNOWN"
          },
          {
            "id": 7,
            "text": "2 : 이게 운동부족이라던데 나는 운동하는데도 이러네 ㅠㅠ",
            "norm_text": "이게 운동부족이라던데 나는 운동하는데도 이러네 ㅠㅠ",
            "speaker": {
              "id": "2번",
              "sex": "남성",
              "age": "20대"
            },
            "speechAct": "(단언) 진술하기",
            "morpheme": "이게/NP+JKS+운동/NNG+부족/NNG+이/VCP+라던데/EC+나/NP+는/JX+운동/NNG+하/XSV+는/ETM+데/NNB+도/JX+이러/VV+네/EF+ㅠㅠ/UNKNOWN"
          },
          {
            "id": 8,
            "text": "3 : 다크서클 지워주는 지우개 만들어주라",
            "norm_text": "다크서클 지워주는 지우개 만들어주라",
            "speaker": {
              "id": "3번",
              "sex": "남성",
              "age": "20대"
            },
            "speechAct": "(지시) 충고/제안하기",
            "morpheme": "다크서클/NNG+지워/VV+EC+주/VX+는/ETM+지우개/NNG+만들/VV+어/EC+주/VX+라/EC"
          },
          {
            "id": 9,
            "text": "1 : 자도 요즘은 피곤하더라 키키",
            "norm_text": "자도 요즘은 피곤하더라 키키",
            "speaker": {
              "id": "1번",
              "sex": "여성",
              "age": "20대"
            },
            "speechAct": "(단언) 진술하기",
            "morpheme": "자도/NNG+요즘/NNG+은/JX+피곤/NNG+하/XSV+더라/EC+키/NNG+키/XSV+ETN"
          },
          {
            "id": 10,
            "text": "1 : 뭘 해야하나",
            "norm_text": "뭘 해야하나",
            "speaker": {
              "id": "1번",
              "sex": "여성",
              "age": "20대"
            },
            "speechAct": "(단언) 주장하기",
            "morpheme": "뭘/NP+JKO+해야/VV+EC+하나/NR"
          },
          {
            "id": 11,
            "text": "2 : 그러게 평균 7-8시간은 자는데도 다크서클은 안멈추네",
            "norm_text": "그러게 평균 7-8시간은 자는데도 다크서클은 안멈추네",
            "speaker": {
              "id": "2번",
              "sex": "남성",
              "age": "20대"
            },
            "speechAct": "(단언) 진술하기",
            "morpheme": "그러/VV+게/EC+평균/NNG+7/SN+-/SY+8/SN+시간/NNG+은/JX+자/VV+는/ETM+데/NNB+도/JX+다크서클/NNG+은/JX+안/MAG+멈추/VV+네/EC"
          },
          {
            "id": 12,
            "text": "3 : 온찜질 한번 해봐",
            "norm_text": "온찜질 한번 해봐",
            "speaker": {
              "id": "3번",
              "sex": "남성",
              "age": "20대"
            },
            "speechAct": "(지시) 충고/제안하기",
            "morpheme": "온찜질/NNG+한/MM+번/NNBC+해/VV+EC+봐/VX+EC"
          },
          {
            "id": 13,
            "text": "3 : 잠솔솔와",
            "norm_text": "잠솔솔와",
            "speaker": {
              "id": "3번",
              "sex": "남성",
              "age": "20대"
            },
            "speechAct": "(단언) 주장하기",
            "morpheme": "잠/NNG+솔솔/MAG+와/VV+EC"
          },
          {
            "id": 14,
            "text": "1 : 좋다는거 뭐라도 해야겠어 키키",
            "norm_text": "좋다는거 뭐라도 해야겠어 키키",
            "speaker": {
              "id": "1번",
              "sex": "여성",
              "age": "20대"
            },
            "speechAct": "(단언) 진술하기",
            "morpheme": "좋/VA+다는/ETM+거/NNB+뭐/NP+라도/VCP+EC+해야/VX+EC+VX+겠/EP+어/EC+키/NNG+키/XSV+ETN"
          },
          {
            "id": 15,
            "text": "1 : 피로도 장난 아니야",
            "norm_text": "피로도 장난 아니야",
            "speaker": {
              "id": "1번",
              "sex": "여성",
              "age": "20대"
            },
            "speechAct": "(단언) 주장하기",
            "morpheme": "피로/NNG+도/JX+장난/NNG+아니/VCN+야/EC"
          },
          {
            "id": 16,
            "text": "2 : 잠은 너무 잘와서 문제지",
            "norm_text": "잠은 너무 잘와서 문제지",
            "speaker": {
              "id": "2번",
              "sex": "남성",
              "age": "20대"
            },
            "speechAct": "(단언) 진술하기",
            "morpheme": "잠/NNG+은/JX+너무/MAG+잘/MAG+와서/VV+EC+문제지/NNG"
          },
          {
            "id": 17,
            "text": "2 : 좀 덜피곤하고싶은건데 눈감으면 바로 잘 수 있을 듯 키키",
            "norm_text": "좀 덜피곤하고싶은건데 눈감으면 바로 잘 수 있을 듯 키키",
            "speaker": {
              "id": "2번",
              "sex": "남성",
              "age": "20대"
            },
            "speechAct": "(단언) 진술하기",
            "morpheme": "좀/MAG+덜/MAG+피곤/NNG+하/XSV+고/EC+싶/VX+은/ETM+건데/NNB+VCP+EC+눈감/VV+으면/EC+바로/MAG+잘/VV+ETM+수/NNB+있/VV+을/ETM+듯/NNB+키/NNG+키/XSV+ETN"
          },
          {
            "id": 18,
            "text": "3 : 전기장판 사고 내인생이 달라졌다",
            "norm_text": "전기장판 사고 내인생이 달라졌다",
            "speaker": {
              "id": "3번",
              "sex": "남성",
              "age": "20대"
            },
            "speechAct": "(단언) 진술하기",
            "morpheme": "전기장판/NNG+사고/NNG+내/NNB+인생/NNG+이/JKS+달라졌/VV+EP+다/EC"
          },
          {
            "id": 19,
            "text": "1 : 요즘 가을이라 그런가 키키",
            "norm_text": "요즘 가을이라 그런가 키키",
            "speaker": {
              "id": "1번",
              "sex": "여성",
              "age": "20대"
            },
            "speechAct": "(단언) 주장하기",
            "morpheme": "요즘/NNG+가을/NNG+이/VCP+라/EC+그런가/VA+EC+키/NNG+키/XSV+ETN"
          },
          {
            "id": 20,
            "text": "1 : 낮에 장난 아니야",
            "norm_text": "낮에 장난 아니야",
            "speaker": {
              "id": "1번",
              "sex": "여성",
              "age": "20대"
            },
            "speechAct": "(단언) 주장하기",
            "morpheme": "낮/NNG+에/JKB+장난/NNG+아니/VCN+야/EC"
          },
          {
            "id": 21,
            "text": "2 : 나도 더위를 많이타서 아직 전기장판은 더워 키키",
            "norm_text": "나도 더위를 많이타서 아직 전기장판은 더워 키키",
            "speaker": {
              "id": "2번",
              "sex": "남성",
              "age": "20대"
            },
            "speechAct": "(단언) 주장하기",
            "morpheme": "나/NP+도/JX+더위/NNG+를/JKO+많이/MAG+타/VV+서/EC+아직/MAG+전기장판/NNG+은/JX+더워/VA+EC+키/NNG+키/XSV+ETN"
          },
          {
            "id": 22,
            "text": "3 : 근데 저녁에는 너무 춥던데",
            "norm_text": "근데 저녁에는 너무 춥던데",
            "speaker": {
              "id": "3번",
              "sex": "남성",
              "age": "20대"
            },
            "speechAct": "(단언) 진술하기",
            "morpheme": "근데/MAJ+저녁/NNG+에/JKB+는/JX+너무/MAG+춥/VA+던데/EC"
          },
          {
            "id": 23,
            "text": "1 : 날씨 왔다갔다해 다들 감기 조심!",
            "norm_text": "날씨 왔다갔다해 다들 감기 조심!",
            "speaker": {
              "id": "1번",
              "sex": "여성",
              "age": "20대"
            },
            "speechAct": "(지시) 충고/제안하기",
            "morpheme": "날씨/NNG+왔다갔다/MAG+해다/NNG+들/XSN+감기/NNG+조심/NNG"
          },
          {
            "id": 24,
            "text": "2 : 맞어",
            "norm_text": "맞어",
            "speaker": {
              "id": "2번",
              "sex": "남성",
              "age": "20대"
            },
            "speechAct": "(단언) 주장하기",
            "morpheme": "맞/VV+어/EC"
          },
          {
            "id": 25,
            "text": "2 : 감기 완전 조심해야해",
            "norm_text": "감기 완전 조심해야해",
            "speaker": {
              "id": "2번",
              "sex": "남성",
              "age": "20대"
            },
            "speechAct": "(단언) 주장하기",
            "morpheme": "감기/NNG+완전/NNG+조심/NNG+해야/XSV+EC+해/VV+EC"
          },
          {
            "id": 26,
            "text": "2 : 일교차가 커서",
            "norm_text": "일교차가 커서",
            "speaker": {
              "id": "2번",
              "sex": "남성",
              "age": "20대"
            },
            "speechAct": "(단언) 진술하기",
            "morpheme": "일교차/NNG+가/JKS+커서/VV+EC"
          },
          {
            "id": 27,
            "text": "3 : 감기 조심해야지",
            "norm_text": "감기 조심해야지",
            "speaker": {
              "id": "3번",
              "sex": "남성",
              "age": "20대"
            },
            "speechAct": "(단언) 진술하기",
            "morpheme": "감기/NNG+조심/NNG+해야지/XSV+EC"
          },
          {
            "id": 28,
            "text": "3 : 다들 조심!",
            "norm_text": "다들 조심!",
            "speaker": {
              "id": "3번",
              "sex": "남성",
              "age": "20대"
            },
            "speechAct": "(단언) 진술하기",
            "morpheme": "다/MAG+들/XSN+조심/NNG"
          }
        ]
      }
    }
  ]
}