{
  "dataset": {
    "identifier": 100626,
    "name": "BAND_40_06_set",
    "src_path": "/data/file/cubeManager/PROJECT001/77/txt20211029151156004689/BAND_40_06_set/",
    "label_path": "/data/file/cubeManager/PROJECT001/77/txt20211029151156004689/BAND_40_06_set/",
    "category": 2,
    "type": 0
  },
  "licenses": {
    "name": "Apache License 1.0",
    "url": "http://www.apache.org/licenses/LICENSE-1.0"
  },
  "info": [
    {
      "id": 109688,
      "filename": "BAND_40_06.txt",
      "title": "BAND_40_06",
      "mediatype": "SNS",
      "medianame": "네이버밴드",
      "category": "일상대화",
      "date": "2021-10-29",
      "size": 466,
      "annotations": {
        "subject": "교육",
        "speaker_type": "다자간 대화",
        "size": 466,
        "word_size": 154,
        "text": "1 : 다들 나중에 배우고 싶은 거 있어?\n2 : 음 나는 아직 배워보고 싶은 거는 딱히 없는 거 같애\n3 : 나는 용접 배워 보고싶어\n1 : 난 피아노 배우고 싶더라 요즘\n2 : 아 나는 통기타 한번 배워보고 싶긴했다 키키\n3 : 피아노는 배워 볼만해 쉬워서\n1 : 키키 오 피아노 칠줄 아나보네\n2 : 보통 초등학생 때 태권도 피아노는 필수 코스 아니야? 키키\n3 : 어릴 때 쵸금 쳤었어 쵸큼\n1 : 키키 난 거의 속셈이랑 영어 다녔어\n2 : 오 공부잘했나보네?\n2 : 나는 보통 예체능 키키\n3 : 어릴 때 예체능 하다가 영수학원으로 바뀌는게 국룰이지\n1 : 그래서 지금 예체능을 배우고 싶어 ㅜㅜ\n2 : 피아노는 쉬워서 금방 배울 거야 시간 나면 한번 배워봐 키키\n3 : 근데 피아노 처음 배우면 재미없어\n1 : 피아노 성인반 따로 있겠지?\n2 : 그치 따로 있지 않을까?\n2 ; 초등학생들이랑 같이 칠순 없잖아 키키\n3 : 내가 다녔던 곳은 없었던 것 같아",
        "lines": [
          {
            "id": 1,
            "text": "1 : 다들 나중에 배우고 싶은 거 있어?",
            "norm_text": "다들 나중에 배우고 싶은 거 있어?",
            "speaker": {
              "id": "1번",
              "sex": "여성",
              "age": "20대"
            },
            "speechAct": "(지시) 질문하기",
            "morpheme": "다/MAG+들/XSN+나중/NNG+에/JKB+배우/VV+고/EC+싶/VX+은/ETM+거/NNB+있/VA+어/EF"
          },
          {
            "id": 2,
            "text": "2 : 음 나는 아직 배워보고 싶은 거는 딱히 없는 거 같애",
            "norm_text": "음 나는 아직 배워보고 싶은 거는 딱히 없는 거 같애",
            "speaker": {
              "id": "2번",
              "sex": "남성",
              "age": "20대"
            },
            "speechAct": "(단언) 주장하기",
            "morpheme": "음/IC+나/NP+는/JX+아직/MAG+배워/VV+EC+보/VX+고/EC+싶/VX+은/ETM+거/NNB+는/JX+딱히/MAG+없/VA+는/ETM+거/NNB+같/VA+애/EC"
          },
          {
            "id": 3,
            "text": "3 : 나는 용접 배워 보고싶어",
            "norm_text": "나는 용접 배워 보고싶어",
            "speaker": {
              "id": "3번",
              "sex": "남성",
              "age": "20대"
            },
            "speechAct": "(단언) 주장하기",
            "morpheme": "나/NP+는/JX+용접/NNG+배워/VV+EC+보/VX+고/EC+싶/VX+어/EC"
          },
          {
            "id": 4,
            "text": "1 : 난 피아노 배우고 싶더라 요즘",
            "norm_text": "난 피아노 배우고 싶더라 요즘",
            "speaker": {
              "id": "1번",
              "sex": "여성",
              "age": "20대"
            },
            "speechAct": "(단언) 주장하기",
            "morpheme": "난/NP+JX+피아노/NNG+배우/VV+고/EC+싶/VX+더라/EC+요즘/NNG"
          },
          {
            "id": 5,
            "text": "2 : 아 나는 통기타 한번 배워보고 싶긴했다 키키",
            "norm_text": "아 나는 통기타 한번 배워보고 싶긴했다 키키",
            "speaker": {
              "id": "2번",
              "sex": "남성",
              "age": "20대"
            },
            "speechAct": "(단언) 주장하기",
            "morpheme": "아/IC+나/NP+는/JX+통기타/NNG+한/MM+번/NNBC+배워/VV+EC+보/VX+고/EC+싶/VX+긴/ETN+JX+했/VX+EP+다키키/NNP"
          },
          {
            "id": 6,
            "text": "3 : 피아노는 배워 볼만해 쉬워서",
            "norm_text": "피아노는 배워 볼만해 쉬워서",
            "speaker": {
              "id": "3번",
              "sex": "남성",
              "age": "20대"
            },
            "speechAct": "(단언) 주장하기",
            "morpheme": "피아노/NNG+는/JX+배워/VV+EC+볼/NNG+만/JX+해/VV+EC+쉬워서/VA+EC"
          },
          {
            "id": 7,
            "text": "1 : 키키 오 피아노 칠줄 아나보네",
            "norm_text": "키키 오 피아노 칠줄 아나보네",
            "speaker": {
              "id": "1번",
              "sex": "여성",
              "age": "20대"
            },
            "speechAct": "(단언) 주장하기",
            "morpheme": "키/NNG+키/XSV+ETN+오/NR+피아노/NNG+칠/XSV+EC+JKO+줄/VV+아나/EC+보/VX+네/EC"
          },
          {
            "id": 8,
            "text": "2 : 보통 초등학생 때 태권도 피아노는 필수 코스 아니야? 키키",
            "norm_text": "보통 초등학생 때 태권도 피아노는 필수 코스 아니야? 키키",
            "speaker": {
              "id": "2번",
              "sex": "남성",
              "age": "20대"
            },
            "speechAct": "(지시) 질문하기",
            "morpheme": "보통초등학생때태권도피아노는필수코스아니야/UNKNOWN+키/NNG+키/XSV+ETN"
          },
          {
            "id": 9,
            "text": "3 : 어릴 때 쵸금 쳤었어 쵸큼",
            "norm_text": "어릴 때 쵸금 쳤었어 쵸큼",
            "speaker": {
              "id": "3번",
              "sex": "남성",
              "age": "20대"
            },
            "speechAct": "(단언) 진술하기",
            "morpheme": "어릴/VA+ETM+때/NNG+쵸/NNG+금/NNG+쳤었/VV+EP+어/EF+쵸/MAG+큼/VA+ETN"
          },
          {
            "id": 10,
            "text": "1 : 키키 난 거의 속셈이랑 영어 다녔어",
            "norm_text": "키키 난 거의 속셈이랑 영어 다녔어",
            "speaker": {
              "id": "1번",
              "sex": "여성",
              "age": "20대"
            },
            "speechAct": "(단언) 진술하기",
            "morpheme": "키/NNG+키/XSV+ETN+난/NP+JX+거의/MAG+속셈/NNG+이랑/JKB+영어/NNG+다녔/VV+EP+어/EC"
          },
          {
            "id": 11,
            "text": "2 : 오 공부잘했나보네?",
            "norm_text": "오 공부잘했나보네?",
            "speaker": {
              "id": "2번",
              "sex": "남성",
              "age": "20대"
            },
            "speechAct": "(지시) 질문하기",
            "morpheme": "오/NR+공부/NNG+잘/MAG+했/VV+EP+나/EC+보/VX+네/EF"
          },
          {
            "id": 12,
            "text": "2 : 나는 보통 예체능 키키",
            "norm_text": "나는 보통 예체능 키키",
            "speaker": {
              "id": "2번",
              "sex": "남성",
              "age": "20대"
            },
            "speechAct": "(단언) 주장하기",
            "morpheme": "나/NP+는/JX+보통/NNG+예체능/NNG+키/NNG+키/XSV+ETN"
          },
          {
            "id": 13,
            "text": "3 : 어릴 때 예체능 하다가 영수학원으로 바뀌는게 국룰이지",
            "norm_text": "어릴 때 예체능 하다가 영수학원으로 바뀌는게 국룰이지",
            "speaker": {
              "id": "3번",
              "sex": "남성",
              "age": "20대"
            },
            "speechAct": "(단언) 주장하기",
            "morpheme": "어릴/VA+ETM+때/NNG+예체능/NNG+하/XSV+다가/EC+영수/NNG+학원/NNG+으로/JKB+바뀌/VV+는/ETM+게/NNB+JKS+국/NNG+룰/NNG+이/VCP+지/EC"
          },
          {
            "id": 14,
            "text": "1 : 그래서 지금 예체능을 배우고 싶어 ㅜㅜ",
            "norm_text": "그래서 지금 예체능을 배우고 싶어 ㅜㅜ",
            "speaker": {
              "id": "1번",
              "sex": "여성",
              "age": "20대"
            },
            "speechAct": "(단언) 주장하기",
            "morpheme": "그래서/MAJ+지금/MAG+예체능/NNG+을/JKO+배우/VV+고/EC+싶/VX+어/EC+ㅜㅜ/UNKNOWN"
          },
          {
            "id": 15,
            "text": "2 : 피아노는 쉬워서 금방 배울 거야 시간 나면 한번 배워봐 키키",
            "norm_text": "피아노는 쉬워서 금방 배울 거야 시간 나면 한번 배워봐 키키",
            "speaker": {
              "id": "2번",
              "sex": "남성",
              "age": "20대"
            },
            "speechAct": "(단언) 주장하기",
            "morpheme": "피아노/NNG+는/JX+쉬워서/VA+EC+금방/MAG+배울/VV+ETM+거/NNB+야/VCP+EF+시간/NNG+나/VV+면/EC+한/MM+번/NNBC+배워/VV+EC+봐/VX+EF+키/NNG+키/XSV+ETN"
          },
          {
            "id": 16,
            "text": "3 : 근데 피아노 처음 배우면 재미없어",
            "norm_text": "근데 피아노 처음 배우면 재미없어",
            "speaker": {
              "id": "3번",
              "sex": "남성",
              "age": "20대"
            },
            "speechAct": "(단언) 주장하기",
            "morpheme": "근데/MAJ+피아노/NNG+처음/NNG+배우/VV+면/EC+재미없/VA+어/EC"
          },
          {
            "id": 17,
            "text": "1 : 피아노 성인반 따로 있겠지?",
            "norm_text": "피아노 성인반 따로 있겠지?",
            "speaker": {
              "id": "1번",
              "sex": "여성",
              "age": "20대"
            },
            "speechAct": "(지시) 질문하기",
            "morpheme": "피아노/NNG+성/XSN+인/VCP+ETM+반/NNG+따로/MAG+있/VV+겠/EP+지/EF"
          },
          {
            "id": 18,
            "text": "2 : 그치 따로 있지 않을까?",
            "norm_text": "그치 따로 있지 않을까?",
            "speaker": {
              "id": "2번",
              "sex": "남성",
              "age": "20대"
            },
            "speechAct": "(단언) 주장하기",
            "morpheme": "그치/IC+따로/MAG+있/VV+지/EC+않/VX+을까/EF"
          },
          {
            "id": 19,
            "text": "2 ; 초등학생들이랑 같이 칠순 없잖아 키키",
            "norm_text": "초등학생들이랑 같이 칠순 없잖아 키키",
            "speaker": {
              "id": "2번",
              "sex": "남성",
              "age": "20대"
            },
            "speechAct": "(단언) 주장하기",
            "morpheme": "초등학생/NNG+들/XSN+이랑/JKB+같이/MAG+칠/VV+ETM+순/NNB+JX+없/VA+잖아/EC+키/NNG+키/XSV+ETN"
          },
          {
            "id": 20,
            "text": "3 : 내가 다녔던 곳은 없었던 것 같아",
            "norm_text": "내가 다녔던 곳은 없었던 것 같아",
            "speaker": {
              "id": "3번",
              "sex": "남성",
              "age": "20대"
            },
            "speechAct": "(단언) 진술하기",
            "morpheme": "내/NP+가/JKS+다녔/VV+EP+던/ETM+곳/NNG+은/JX+없/VA+었/EP+던/ETM+것/NNB+같/VA+아/EC"
          }
        ]
      }
    }
  ]
}