{
  "dataset": {
    "identifier": 58299,
    "name": "BAND_31_16_set",
    "src_path": "/data/file/cubeManager/PROJECT001/53/txt20210927144542061849/BAND_31_16_set/",
    "label_path": "/data/file/cubeManager/PROJECT001/53/txt20210927144542061849/BAND_31_16_set/",
    "category": 2,
    "type": 0
  },
  "licenses": {
    "name": "Apache License 1.0",
    "url": "http://www.apache.org/licenses/LICENSE-1.0"
  },
  "info": [
    {
      "id": 34374,
      "filename": "BAND_31_16.txt",
      "title": "BAND_31_16",
      "mediatype": "SNS",
      "medianame": "네이버밴드",
      "category": "일상대화",
      "date": "2021-09-27",
      "size": 393,
      "annotations": {
        "subject": "미용",
        "speaker_type": "1:1",
        "size": 393,
        "word_size": 129,
        "text": "1 : 너는 스드메 어디서 할 거야?\n2 : 음 나는 유명한 데서 하고 싶어\n1 : 근데 그거 알아? 남자들은 스드메 뭔지 모른다?\n2 : 아 진짜 내 남자친구한테 물어봐야겠다 키키\n1 : 물어봐 진짜 모른다고 할걸?\n2 : 와 진짜 모른대 키키 왜 모르지 키키\n1 : 이제부터 니가 가르치는 거야 가랏!\n2 : 진짜 모를 줄은 몰랐네 키키\n1 : 진짜 대박이지!\n1 : 그나저나 언제 알아볼 거야?\n2 : 나는 에스엔에스로 찾아보려고 해 !\n1 : 요즘에 결혼식 박람회 같은 거 많이 하지 않아?\n2 : 코로나 때문에 다 안 하고 있잖아 ㅠ\n1 : 아 그렇구나 이놈의 코로나 ㅜㅜ\n2 : 맞아 이러다 결혼식은 할 수 있나 모르겠다\n1 : 그러게 말이야 모든 사람의 축하를 받을 자리인데!\n2 : 맞아 그때는 코로나 끝났으면 좋겠다",
        "lines": [
          {
            "id": 1,
            "text": "1 : 너는 스드메 어디서 할 거야?",
            "norm_text": "너는 스드메 어디서 할 거야?",
            "speaker": {
              "id": "1번",
              "sex": "여성",
              "age": "20대"
            },
            "speechAct": "(지시) 질문하기",
            "morpheme": "너/NP+는/JX+스/IC+드메/NNP+어디/NP+서/JKB+할/VV+ETM+거/NNB+야/VCP+EF"
          },
          {
            "id": 2,
            "text": "2 : 음 나는 유명한 데서 하고 싶어",
            "norm_text": "음 나는 유명한 데서 하고 싶어",
            "speaker": {
              "id": "2번",
              "sex": "여성",
              "age": "20대"
            },
            "speechAct": "(단언) 주장하기",
            "morpheme": "음/IC+나/NP+는/JX+유명/NNG+한/XSA+ETM+데/NNB+서/JKB+하/VV+고/EC+싶/VX+어/EC"
          },
          {
            "id": 3,
            "text": "1 : 근데 그거 알아? 남자들은 스드메 뭔지 모른다?",
            "norm_text": "근데 그거 알아? 남자들은 스드메 뭔지 모른다?",
            "speaker": {
              "id": "1번",
              "sex": "여성",
              "age": "20대"
            },
            "speechAct": "(지시) 질문하기",
            "morpheme": "근데/MAJ+그거/NP+알/VV+아/EF+남자/NNG+들/XSN+은/JX+스/NNP+드메/NNP+뭔지/NP+VCP+EC+모른다/VV+EF"
          },
          {
            "id": 4,
            "text": "2 : 아 진짜 내 남자친구한테 물어봐야겠다 키키",
            "norm_text": "아 진짜 내 남자친구한테 물어봐야겠다 키키",
            "speaker": {
              "id": "2번",
              "sex": "여성",
              "age": "20대"
            },
            "speechAct": "(단언) 주장하기",
            "morpheme": "아/IC+진짜/MAG+내/NP+JKG+남자/NNG+친구/NNG+한테/JKB+물어봐야/VV+EC+VX+겠/EP+다키키/NNP"
          },
          {
            "id": 5,
            "text": "1 : 물어봐 진짜 모른다고 할걸?",
            "norm_text": "물어봐 진짜 모른다고 할걸?",
            "speaker": {
              "id": "1번",
              "sex": "여성",
              "age": "20대"
            },
            "speechAct": "(지시) 질문하기",
            "morpheme": "물/VV+어/EC+봐/VX+EF+진짜/MAG+모른다고/VV+EC+할걸/VX+EF"
          },
          {
            "id": 6,
            "text": "2 : 와 진짜 모른대 키키 왜 모르지 키키",
            "norm_text": "와 진짜 모른대 키키 왜 모르지 키키",
            "speaker": {
              "id": "2번",
              "sex": "여성",
              "age": "20대"
            },
            "speechAct": "(단언) 주장하기",
            "morpheme": "와/IC+진짜/MAG+모른대/VV+EC+키/NNG+키/XSV+ETN+왜/MAG+모르/VV+지/EC+키/NNG+키/XSV+ETN"
          },
          {
            "id": 7,
            "text": "1 : 이제부터 니가 가르치는 거야 가랏!",
            "norm_text": "이제부터 니가 가르치는 거야 가랏!",
            "speaker": {
              "id": "1번",
              "sex": "여성",
              "age": "20대"
            },
            "speechAct": "(단언) 주장하기",
            "morpheme": "이제/NNG+부터/JX+니/NP+가/JKS+가르치/VV+는/ETM+거/NNB+야/VCP+EF+가/VV+랏/EF"
          },
          {
            "id": 8,
            "text": "2 : 진짜 모를 줄은 몰랐네 키키",
            "norm_text": "진짜 모를 줄은 몰랐네 키키",
            "speaker": {
              "id": "2번",
              "sex": "여성",
              "age": "20대"
            },
            "speechAct": "(단언) 진술하기",
            "morpheme": "진짜/MAG+모를/VV+ETM+줄/NNB+은/JX+몰랐/VV+EP+네/EF+키/NNG+키/XSV+ETN"
          },
          {
            "id": 9,
            "text": "1 : 진짜 대박이지!",
            "norm_text": "진짜 대박이지!",
            "speaker": {
              "id": "1번",
              "sex": "여성",
              "age": "20대"
            },
            "speechAct": "(단언) 주장하기",
            "morpheme": "진짜/MAG+대박/NNG+이/VCP+지/EF"
          },
          {
            "id": 10,
            "text": "1 : 그나저나 언제 알아볼 거야?",
            "norm_text": "그나저나 언제 알아볼 거야?",
            "speaker": {
              "id": "1번",
              "sex": "여성",
              "age": "20대"
            },
            "speechAct": "(지시) 질문하기",
            "morpheme": "그나저나/MAG+언제/MAG+알아볼/VV+ETM+거/NNB+야/VCP+EF"
          },
          {
            "id": 11,
            "text": "2 : 나는 에스엔에스로 찾아보려고 해 !",
            "norm_text": "나는 에스엔에스로 찾아보려고 해 !",
            "speaker": {
              "id": "2번",
              "sex": "여성",
              "age": "20대"
            },
            "speechAct": "(단언) 주장하기",
            "morpheme": "나/NP+는/JX+에스/NNG+엔/JKB+JX+에스/NNG+로/JKB+찾아보/VV+려고/EC+해/VX+EF"
          },
          {
            "id": 12,
            "text": "1 : 요즘에 결혼식 박람회 같은 거 많이 하지 않아?",
            "norm_text": "요즘에 결혼식 박람회 같은 거 많이 하지 않아?",
            "speaker": {
              "id": "1번",
              "sex": "여성",
              "age": "20대"
            },
            "speechAct": "(지시) 질문하기",
            "morpheme": "요즘/NNG+에/JKB+결혼식/NNG+박람회/NNG+같/VA+은/ETM+거/NNB+많이/MAG+하/VV+지/EC+않/VX+아/EF"
          },
          {
            "id": 13,
            "text": "2 : 코로나 때문에 다 안 하고 있잖아 ㅠ",
            "norm_text": "코로나 때문에 다 안 하고 있잖아 ㅠ",
            "speaker": {
              "id": "2번",
              "sex": "여성",
              "age": "20대"
            },
            "speechAct": "(단언) 진술하기",
            "morpheme": "코로나/NNG+때문/NNB+에/JKB+다/MAG+안/MAG+하/VV+고/EC+있/VX+잖아/EF+ㅠ/UNKNOWN"
          },
          {
            "id": 14,
            "text": "1 : 아 그렇구나 이놈의 코로나 ㅜㅜ",
            "norm_text": "아 그렇구나 이놈의 코로나 ㅜㅜ",
            "speaker": {
              "id": "1번",
              "sex": "여성",
              "age": "20대"
            },
            "speechAct": "(단언) 진술하기",
            "morpheme": "아/IC+그렇/VA+구나/EF+이놈/NP+의/JKG+코로나/NNG+ㅜㅜ/UNKNOWN"
          },
          {
            "id": 15,
            "text": "2 : 맞아 이러다 결혼식은 할 수 있나 모르겠다",
            "norm_text": "맞아 이러다 결혼식은 할 수 있나 모르겠다",
            "speaker": {
              "id": "2번",
              "sex": "여성",
              "age": "20대"
            },
            "speechAct": "(단언) 주장하기",
            "morpheme": "맞/VV+아/EC+이러/VV+다/EC+결혼식/NNG+은/JX+할/VV+ETM+수/NNB+있/VV+나/EC+모르/VV+겠/EP+다/EC"
          },
          {
            "id": 16,
            "text": "1 : 그러게 말이야 모든 사람의 축하를 받을 자리인데!",
            "norm_text": "그러게 말이야 모든 사람의 축하를 받을 자리인데!",
            "speaker": {
              "id": "1번",
              "sex": "여성",
              "age": "20대"
            },
            "speechAct": "(단언) 진술하기",
            "morpheme": "그러/VV+게/EC+말/NNG+이/VCP+야/EF+모든/MM+사람/NNG+의/JKG+축하/NNG+를/JKO+받/VV+을/ETM+자리/NNG+인데/VCP+EF"
          },
          {
            "id": 17,
            "text": "2 : 맞아 그때는 코로나 끝났으면 좋겠다",
            "norm_text": "맞아 그때는 코로나 끝났으면 좋겠다",
            "speaker": {
              "id": "2번",
              "sex": "여성",
              "age": "20대"
            },
            "speechAct": "(단언) 주장하기",
            "morpheme": "맞/VV+아/EC+그때/NNG+는/JX+코로나/NNG+끝났으면/VV+EP+EC+좋/VA+겠/EP+다/EC"
          }
        ]
      }
    }
  ]
}