{
  "dataset": {
    "identifier": 21938,
    "name": "BAND_28_20_set",
    "src_path": "/data/file/cubeManager/PROJECT001/49/txt20210917150513032614/BAND_28_20_set/",
    "label_path": "/data/file/cubeManager/PROJECT001/49/txt20210917150513032614/BAND_28_20_set/",
    "category": 2,
    "type": 0
  },
  "licenses": {
    "name": "Apache License 1.0",
    "url": "http://www.apache.org/licenses/LICENSE-1.0"
  },
  "info": [
    {
      "id": 29451,
      "filename": "BAND_28_20.txt",
      "title": "BAND_28_20",
      "mediatype": "SNS",
      "medianame": "네이버밴드",
      "category": "일상대화",
      "date": "2021-09-17",
      "size": 391,
      "annotations": {
        "subject": "영화/만화",
        "speaker_type": "1:1",
        "size": 391,
        "word_size": 124,
        "text": "1 : 너 최근에 본 영화가 뭐야?\n2 : 나 최근에 싱크홀이라는 영화를 봤어\n1 : 그거 언제 개봉한 영화지?\n2 : 그거 한 달?정도 된 거 같아!\n1 : 그러면 곧 영화관에서 들어가겠네?\n2 : 맞아 영화관에서는 사라지겠지?\n1 : 헐 나도 그거 보고 싶었는데 그거 재미있어?\n2 : 응 가볍게 보기에는 웃음 포인트가 많아서 좋았어\n1 : 그거 엑시트 같다고 그러던데 맞아?\n2 : 맞아 같은 재난영화에 한국 영화라 비슷했어!\n1 : 거기에 이광수 말고 다른 배우 누구 나와?\n2 : 차승원 배우랑 얼굴 보면 알만한 배우들이야!\n1 : 헐 차승원 배우가 코믹 영화 찍은 거 한 번도 못 봤는데!\n2 : 맞아 웃기면서 카리스마 있게 나오더라 키키\n1 : 헐 나 그거 꼭 봐야겠다!\n2 : 추천할께! 돈 아깝지 않은 영화였어",
        "lines": [
          {
            "id": 1,
            "text": "1 : 너 최근에 본 영화가 뭐야?",
            "norm_text": "너 최근에 본 영화가 뭐야?",
            "speaker": {
              "id": "1번",
              "sex": "여성",
              "age": "20대"
            },
            "speechAct": "(지시) 질문하기",
            "morpheme": "너/NP+최근/NNG+에/JKB+본/VV+ETM+영화/NNG+가/JKS+뭐/NP+야/VCP+EF"
          },
          {
            "id": 2,
            "text": "2 : 나 최근에 싱크홀이라는 영화를 봤어",
            "norm_text": "나 최근에 싱크홀이라는 영화를 봤어",
            "speaker": {
              "id": "2번",
              "sex": "여성",
              "age": "20대"
            },
            "speechAct": "(단언) 주장하기",
            "morpheme": "나/NP+최근/NNG+에/JKB+싱크홀/NNP+이/VCP+라는/ETM+영화/NNG+를/JKO+봤/VV+EP+어/EC"
          },
          {
            "id": 3,
            "text": "1 : 그거 언제 개봉한 영화지?",
            "norm_text": "그거 언제 개봉한 영화지?",
            "speaker": {
              "id": "1번",
              "sex": "여성",
              "age": "20대"
            },
            "speechAct": "(지시) 질문하기",
            "morpheme": "그거/NP+언제/MAG+개봉/NNG+한/XSA+ETM+영화/NNG+지/VCP+EF"
          },
          {
            "id": 4,
            "text": "2 : 그거 한 달?정도 된 거 같아!",
            "norm_text": "그거 한 달?정도 된 거 같아!",
            "speaker": {
              "id": "2번",
              "sex": "여성",
              "age": "20대"
            },
            "speechAct": "(단언) 주장하기",
            "morpheme": "그거/NP+한/MM+달/NNG+?/SY+정도/NNG+된/XSV+ETM+거/NNB+같/VA+아/EF"
          },
          {
            "id": 5,
            "text": "1 : 그러면 곧 영화관에서 들어가겠네?",
            "norm_text": "그러면 곧 영화관에서 들어가겠네?",
            "speaker": {
              "id": "1번",
              "sex": "여성",
              "age": "20대"
            },
            "speechAct": "(지시) 질문하기",
            "morpheme": "그러면/MAJ+곧/MAG+영화관/NNG+에서/JKB+들어가/VV+겠/EP+네/EF"
          },
          {
            "id": 6,
            "text": "2 : 맞아 영화관에서는 사라지겠지?",
            "norm_text": "맞아 영화관에서는 사라지겠지?",
            "speaker": {
              "id": "2번",
              "sex": "여성",
              "age": "20대"
            },
            "speechAct": "(지시) 질문하기",
            "morpheme": "맞/VV+아/EC+영화관/NNG+에서/JKB+는/JX+사라지/VV+겠/EP+지/EF"
          },
          {
            "id": 7,
            "text": "1 : 헐 나도 그거 보고 싶었는데 그거 재미있어?",
            "norm_text": "헐 나도 그거 보고 싶었는데 그거 재미있어?",
            "speaker": {
              "id": "1번",
              "sex": "여성",
              "age": "20대"
            },
            "speechAct": "(지시) 질문하기",
            "morpheme": "헐/IC+나/NP+도/JX+그거/NP+보/VV+고/EC+싶/VX+었/EP+는데/EC+그거/NP+재미있/VA+어/EF"
          },
          {
            "id": 8,
            "text": "2 : 응 가볍게 보기에는 웃음 포인트가 많아서 좋았어",
            "norm_text": "응 가볍게 보기에는 웃음 포인트가 많아서 좋았어",
            "speaker": {
              "id": "2번",
              "sex": "여성",
              "age": "20대"
            },
            "speechAct": "(단언) 주장하기",
            "morpheme": "응/IC+가볍/VA+게/EC+보/VX+기/ETN+에/JKB+는/JX+웃음/NNG+포인트/NNG+가/JKS+많/VA+아서/EC+좋/VA+았/EP+어/EC"
          },
          {
            "id": 9,
            "text": "1 : 그거 엑시트 같다고 그러던데 맞아?",
            "norm_text": "그거 엑시트 같다고 그러던데 맞아?",
            "speaker": {
              "id": "1번",
              "sex": "여성",
              "age": "20대"
            },
            "speechAct": "(지시) 질문하기",
            "morpheme": "그거/NP+엑시트/NNG+같/VA+다고/EC+그러/VV+던데/EC+맞/VV+아/EF"
          },
          {
            "id": 10,
            "text": "2 : 맞아 같은 재난영화에 한국 영화라 비슷했어!",
            "norm_text": "맞아 같은 재난영화에 한국 영화라 비슷했어!",
            "speaker": {
              "id": "2번",
              "sex": "여성",
              "age": "20대"
            },
            "speechAct": "(단언) 주장하기",
            "morpheme": "맞/VV+아/EC+같/VA+은/ETM+재난/NNG+영화/NNG+에/JKB+한국/NNP+영화/NNG+라/VCP+EC+비슷/XR+했/XSA+EP+어/EF"
          },
          {
            "id": 11,
            "text": "1 : 거기에 이광수 말고 다른 배우 누구 나와?",
            "norm_text": "거기에 이광수 말고 다른 배우 누구 나와?",
            "speaker": {
              "id": "1번",
              "sex": "여성",
              "age": "20대"
            },
            "speechAct": "(지시) 질문하기",
            "morpheme": "거기/NP+에/JKB+이광수/NNP+말/VV+고/EC+다른/MM+배우/NNG+누구/NP+나와/VV+EF"
          },
          {
            "id": 12,
            "text": "2 : 차승원 배우랑 얼굴 보면 알만한 배우들이야!",
            "norm_text": "차승원 배우랑 얼굴 보면 알만한 배우들이야!",
            "speaker": {
              "id": "2번",
              "sex": "여성",
              "age": "20대"
            },
            "speechAct": "(단언) 주장하기",
            "morpheme": "차승원/NNP+배우/NNG+랑/JKB+얼굴/NNG+보/VV+면/EC+알/VV+ETM+만/NNB+한/XSA+ETM+배우/NNG+들/XSN+이/VCP+야/EF"
          },
          {
            "id": 13,
            "text": "1 : 헐 차승원 배우가 코믹 영화 찍은 거 한 번도 못 봤는데!",
            "norm_text": "헐 차승원 배우가 코믹 영화 찍은 거 한 번도 못 봤는데!",
            "speaker": {
              "id": "1번",
              "sex": "여성",
              "age": "20대"
            },
            "speechAct": "(단언) 주장하기",
            "morpheme": "헐/IC+차승원/NNP+배우/NNG+가/JKS+코믹/NNG+영화/NNG+찍/VV+은/ETM+거/NNB+한/MM+번/NNBC+도/JX+못/MAG+봤/VV+EP+는데/EF"
          },
          {
            "id": 14,
            "text": "2 : 맞아 웃기면서 카리스마 있게 나오더라 키키",
            "norm_text": "맞아 웃기면서 카리스마 있게 나오더라 키키",
            "speaker": {
              "id": "2번",
              "sex": "여성",
              "age": "20대"
            },
            "speechAct": "(단언) 진술하기",
            "morpheme": "맞/VV+아/EC+웃기/VV+면서/EC+카리스마/NNG+있/VV+게/EC+나오/VV+더라/EC+키/NNG+키/XSV+ETN"
          },
          {
            "id": 15,
            "text": "1 : 헐 나 그거 꼭 봐야겠다!",
            "norm_text": "헐 나 그거 꼭 봐야겠다!",
            "speaker": {
              "id": "1번",
              "sex": "여성",
              "age": "20대"
            },
            "speechAct": "(단언) 주장하기",
            "morpheme": "헐/IC+나/NP+그거/NP+꼭/MAG+봐야겠다/VV+EC+VX+EP+EF"
          },
          {
            "id": 16,
            "text": "2 : 추천할께! 돈 아깝지 않은 영화였어",
            "norm_text": "추천할께! 돈 아깝지 않은 영화였어",
            "speaker": {
              "id": "2번",
              "sex": "여성",
              "age": "20대"
            },
            "speechAct": "(지시) 충고/제안하기",
            "morpheme": "추천/NNG+할께/XSV+EF+돈/NNG+아깝/VA+지/EC+않/VX+은/ETM+영화/NNG+였/VCP+EP+어/EC"
          }
        ]
      }
    }
  ]
}