{
  "dataset": {
    "identifier": 29150,
    "name": "BAND_21_13_set",
    "src_path": "/data/file/cubeManager/PROJECT001/49/txt20210915110606070586/BAND_21_13_set/",
    "label_path": "/data/file/cubeManager/PROJECT001/49/txt20210915110606070586/BAND_21_13_set/",
    "category": 2,
    "type": 0
  },
  "licenses": {
    "name": "Apache License 1.0",
    "url": "http://www.apache.org/licenses/LICENSE-1.0"
  },
  "info": [
    {
      "id": 25552,
      "filename": "BAND_21_13.txt",
      "title": "BAND_21_13",
      "mediatype": "SNS",
      "medianame": "네이버밴드",
      "category": "일상대화",
      "date": "2021-09-15",
      "size": 520,
      "annotations": {
        "subject": "계절/날씨",
        "speaker_type": "1:1",
        "size": 520,
        "word_size": 169,
        "text": "1 : 나 방금 창문 열었는데 꽤 시원하네?\n2 : 그러게 말복 지나고 나서 완전 가을이야\n1 : 작년에는 9월 중순까지 더웠던 걸로 기억하는데!\n2 : 올해는 바짝 덥고 훅 시원한 것 같네 키키\n1 : 그치? 내가 회사만 다녀서 그런가?\n1 : 별로 안 더웠어!\n2 : 회사 안에만 있으면 더운지 모르지 키키\n2 : 난 너무 더웠어\n1 : 우리 회사 에어컨 빵빵하게 틀어줘서 담요 필수야 키키\n2 : 아 진짜? 우리 집은 전기세 아끼려고 에어컨 아껴 썼어\n1 : 일반 집은 전기세 폭탄 나오니까 어쩔 수 없지\n1 : 알바 하는 곳은 시원하지 않아?\n2 : 응 거기가 정말 파라다이스더라\n2 : 하지만 돈 벌기는 싫지!\n1 : 그건 당연한 얘기지\n1 : 그래도 더운 곳에서 일 안 하는 게 어디야~\n2 : 응 밖에서 일하면 열사병 걸릴 것 같더라\n1 : 근데 요즘 뉴스에 열사병으로 노인 분들 돌아가셨단 얘기는 없더라!\n2 : 아 그래? 다들 이제 더위에 대비 하시나 봐~\n1 : 그러니까 작년에는 그런 뉴스 되게 많이 봤거든!\n2 : 올해는 많이 줄어서 다행이네!",
        "lines": [
          {
            "id": 1,
            "text": "1 : 나 방금 창문 열었는데 꽤 시원하네?",
            "norm_text": "나 방금 창문 열었는데 꽤 시원하네?",
            "speaker": {
              "id": "1번",
              "sex": "여성",
              "age": "20대"
            },
            "speechAct": "(단언) 주장하기",
            "morpheme": "나/NP+방금/MAG+창문/NNG+열/VV+었/EP+는데/EC+꽤/MAG+시원/XR+하/XSA+네/EF"
          },
          {
            "id": 2,
            "text": "2 : 그러게 말복 지나고 나서 완전 가을이야",
            "norm_text": "그러게 말복 지나고 나서 완전 가을이야",
            "speaker": {
              "id": "2번",
              "sex": "여성",
              "age": "20대"
            },
            "speechAct": "(단언) 주장하기",
            "morpheme": "그러/VV+게/EC+말복/NNG+지나/VV+고/EC+나/VX+서/EC+완전/NNG+가을/NNG+이/VCP+야/EC"
          },
          {
            "id": 3,
            "text": "1 : 작년에는 9월 중순까지 더웠던 걸로 기억하는데!",
            "norm_text": "작년에는 9월 중순까지 더웠던 걸로 기억하는데!",
            "speaker": {
              "id": "1번",
              "sex": "여성",
              "age": "20대"
            },
            "speechAct": "(단언) 주장하기",
            "morpheme": "작년/NNG+에/JKB+는/JX+9/SN+월/NNBC+중순/NNG+까지/JX+더웠/VA+EP+던/ETM+걸로/NNB+JKB+기억/NNG+하/XSV+는데/EC"
          },
          {
            "id": 4,
            "text": "2 : 올해는 바짝 덥고 훅 시원한 것 같네 키키",
            "norm_text": "올해는 바짝 덥고 훅 시원한 것 같네 키키",
            "speaker": {
              "id": "2번",
              "sex": "여성",
              "age": "20대"
            },
            "speechAct": "(단언) 주장하기",
            "morpheme": "올해/NNG+는/JX+바짝/MAG+덥/VA+고/EC+훅/MAG+시원/XR+한/XSA+ETM+것/NNB+같/VA+네/EF+키/NNG+키/XSV+ETN"
          },
          {
            "id": 5,
            "text": "1 : 그치? 내가 회사만 다녀서 그런가?",
            "norm_text": "그치? 내가 회사만 다녀서 그런가?",
            "speaker": {
              "id": "1번",
              "sex": "여성",
              "age": "20대"
            },
            "speechAct": "(지시) 질문하기",
            "morpheme": "그치/IC+내/NP+가/JKS+회사/NNG+만/JX+다녀서/VV+EC+그런가/VA+EF"
          },
          {
            "id": 6,
            "text": "1 : 별로 안 더웠어!",
            "norm_text": "별로 안 더웠어!",
            "speaker": {
              "id": "1번",
              "sex": "여성",
              "age": "20대"
            },
            "speechAct": "(단언) 주장하기",
            "morpheme": "별로/MAG+안/MAG+더웠/VA+EP+어/EF"
          },
          {
            "id": 7,
            "text": "2 : 회사 안에만 있으면 더운지 모르지 키키",
            "norm_text": "회사 안에만 있으면 더운지 모르지 키키",
            "speaker": {
              "id": "2번",
              "sex": "여성",
              "age": "20대"
            },
            "speechAct": "(단언) 주장하기",
            "morpheme": "회사/NNG+안/NNG+에/JKB+만/JX+있/VX+으면/EC+더운지/VA+EC+모르/VV+지/EC+키/NNG+키/XSV+ETN"
          },
          {
            "id": 8,
            "text": "2 : 난 너무 더웠어",
            "norm_text": "난 너무 더웠어",
            "speaker": {
              "id": "2번",
              "sex": "여성",
              "age": "20대"
            },
            "speechAct": "(단언) 주장하기",
            "morpheme": "난/NP+JX+너무/MAG+더웠/VA+EP+어/EC"
          },
          {
            "id": 9,
            "text": "1 : 우리 회사 에어컨 빵빵하게 틀어줘서 담요 필수야 키키",
            "norm_text": "우리 회사 에어컨 빵빵하게 틀어줘서 담요 필수야 키키",
            "speaker": {
              "id": "1번",
              "sex": "여성",
              "age": "20대"
            },
            "speechAct": "(단언) 주장하기",
            "morpheme": "우리/NP+회사/NNG+에어컨/NNG+빵빵/MAG+하/VV+게/EC+틀/VV+어/EC+줘서/VX+EC+담요/NNG+필수/NNG+야/VCP+EF+키/NNG+키/XSV+ETN"
          },
          {
            "id": 10,
            "text": "2 : 아 진짜? 우리 집은 전기세 아끼려고 에어컨 아껴 썼어",
            "norm_text": "아 진짜? 우리 집은 전기세 아끼려고 에어컨 아껴 썼어",
            "speaker": {
              "id": "2번",
              "sex": "여성",
              "age": "20대"
            },
            "speechAct": "(단언) 주장하기",
            "morpheme": "아/IC+진짜/MAG+우리/NP+집/NNG+은/JX+전기세/NNG+아끼/VV+려고/EC+에어컨/NNG+아껴/VV+EC+썼/VV+EP+어/EC"
          },
          {
            "id": 11,
            "text": "1 : 일반 집은 전기세 폭탄 나오니까 어쩔 수 없지",
            "norm_text": "일반 집은 전기세 폭탄 나오니까 어쩔 수 없지",
            "speaker": {
              "id": "1번",
              "sex": "여성",
              "age": "20대"
            },
            "speechAct": "(단언) 주장하기",
            "morpheme": "일반/NNG+집/NNG+은/JX+전기세/NNG+폭탄/NNG+나오/VV+니까/EC+어쩔/VV+ETM+수/NNB+없/VA+지/EC"
          },
          {
            "id": 12,
            "text": "1 : 알바 하는 곳은 시원하지 않아?",
            "norm_text": "알바 하는 곳은 시원하지 않아?",
            "speaker": {
              "id": "1번",
              "sex": "여성",
              "age": "20대"
            },
            "speechAct": "(지시) 질문하기",
            "morpheme": "알/VV+ETM+바/NNB+하/VV+는/ETM+곳/NNG+은/JX+시원/XR+하/XSA+지/EC+않/VX+아/EF"
          },
          {
            "id": 13,
            "text": "2 : 응 거기가 정말 파라다이스더라",
            "norm_text": "응 거기가 정말 파라다이스더라",
            "speaker": {
              "id": "2번",
              "sex": "여성",
              "age": "20대"
            },
            "speechAct": "(단언) 주장하기",
            "morpheme": "응/IC+거기/NP+가/JKS+정말/MAG+파라다이스/NNG+더라/VCP+EC"
          },
          {
            "id": 14,
            "text": "2 : 하지만 돈 벌기는 싫지!",
            "norm_text": "하지만 돈 벌기는 싫지!",
            "speaker": {
              "id": "2번",
              "sex": "여성",
              "age": "20대"
            },
            "speechAct": "(단언) 주장하기",
            "morpheme": "하지만/MAJ+돈/NNG+벌기/NNG+는/JX+싫/VA+지/EF"
          },
          {
            "id": 15,
            "text": "1 : 그건 당연한 얘기지",
            "norm_text": "그건 당연한 얘기지",
            "speaker": {
              "id": "1번",
              "sex": "여성",
              "age": "20대"
            },
            "speechAct": "(단언) 주장하기",
            "morpheme": "그건/NP+JX+당연/XR+한/XSA+ETM+얘기/NNG+지/VCP+EC"
          },
          {
            "id": 16,
            "text": "1 : 그래도 더운 곳에서 일 안 하는 게 어디야~",
            "norm_text": "그래도 더운 곳에서 일 안 하는 게 어디야~",
            "speaker": {
              "id": "1번",
              "sex": "여성",
              "age": "20대"
            },
            "speechAct": "(단언) 주장하기",
            "morpheme": "그래도/MAJ+더운/VA+ETM+곳/NNG+에서/JKB+일안/NNG+하/XSV+는/ETM+게/NNB+JKS+어디/NP+야/VCP+EF+~/SY"
          },
          {
            "id": 17,
            "text": "2 : 응 밖에서 일하면 열사병 걸릴 것 같더라",
            "norm_text": "응 밖에서 일하면 열사병 걸릴 것 같더라",
            "speaker": {
              "id": "2번",
              "sex": "여성",
              "age": "20대"
            },
            "speechAct": "(단언) 주장하기",
            "morpheme": "응/IC+밖/NNG+에서/JKB+일/NNG+하/XSV+면/EC+열사병/NNG+걸릴/VV+ETM+것/NNB+같/VA+더라/EC"
          },
          {
            "id": 18,
            "text": "1 : 근데 요즘 뉴스에 열사병으로 노인 분들 돌아가셨단 얘기는 없더라!",
            "norm_text": "근데 요즘 뉴스에 열사병으로 노인 분들 돌아가셨단 얘기는 없더라!",
            "speaker": {
              "id": "1번",
              "sex": "여성",
              "age": "20대"
            },
            "speechAct": "(단언) 주장하기",
            "morpheme": "근데/MAJ+요즘/MAG+뉴스/NNG+에/JKB+열사병/NNG+으로/JKB+노인/NNG+분/XSN+들/XSN+돌아가/VV+셨/EP+EP+단/ETM+얘기/NNG+는/JX+없/VA+더라/EF"
          },
          {
            "id": 19,
            "text": "2 : 아 그래? 다들 이제 더위에 대비 하시나 봐~",
            "norm_text": "아 그래? 다들 이제 더위에 대비 하시나 봐~",
            "speaker": {
              "id": "2번",
              "sex": "여성",
              "age": "20대"
            },
            "speechAct": "(단언) 주장하기",
            "morpheme": "아/IC+그래/IC+다/MAG+들/XSN+이제/MAG+더위/NNG+에/JKB+대비/NNG+하/XSV+시/EP+나/EC+봐/VX+EC+~/SY"
          },
          {
            "id": 20,
            "text": "1 : 그러니까 작년에는 그런 뉴스 되게 많이 봤거든!",
            "norm_text": "그러니까 작년에는 그런 뉴스 되게 많이 봤거든!",
            "speaker": {
              "id": "1번",
              "sex": "여성",
              "age": "20대"
            },
            "speechAct": "(단언) 주장하기",
            "morpheme": "그러니까/MAJ+작년/NNG+에/JKB+는/JX+그런/MM+뉴스/NNG+되게/MAG+많이/MAG+봤/VV+EP+거든/EF"
          },
          {
            "id": 21,
            "text": "2 : 올해는 많이 줄어서 다행이네!",
            "norm_text": "올해는 많이 줄어서 다행이네!",
            "speaker": {
              "id": "2번",
              "sex": "여성",
              "age": "20대"
            },
            "speechAct": "(단언) 주장하기",
            "morpheme": "올해/NNG+는/JX+많이/MAG+줄/VV+어서/EC+다행/NNG+이/VCP+네/EF"
          }
        ]
      }
    }
  ]
}