{
  "dataset": {
    "identifier": 51427,
    "name": "BAND_35_06_set",
    "src_path": "/data/file/cubeManager/PROJECT001/53/txt20210930140924058755/BAND_35_06_set/",
    "label_path": "/data/file/cubeManager/PROJECT001/53/txt20210930140924058755/BAND_35_06_set/",
    "category": 2,
    "type": 0
  },
  "licenses": {
    "name": "Apache License 1.0",
    "url": "http://www.apache.org/licenses/LICENSE-1.0"
  },
  "info": [
    {
      "id": 37656,
      "filename": "BAND_35_06.txt",
      "title": "BAND_35_06",
      "mediatype": "SNS",
      "medianame": "네이버밴드",
      "category": "일상대화",
      "date": "2021-09-30",
      "size": 1008,
      "annotations": {
        "subject": "교육",
        "speaker_type": "다자간 대화",
        "size": 1008,
        "word_size": 327,
        "text": "1 : 과외 해 본 사람 있어?\n2 : 난 피아노만 개인 과외 해 봤어!\n3 : 나는 고딩 때 여러 개로 했는데 지금 생각해 보면 완전 무 쓸모야 ㅠ\n1 : 나도 고딩 때 영어랑 수학 했었는데 지금 생각하면 너무 돈 아까워...\n2 : 왜왜? 도움이 안 됐어?\n3 : 하려는 의지가 없으면 별로 도움 안 되는 듯\n3 : 글고 나는 과외 쌤 입냄새 진짜 짱 심했어...\n1 : 맞아 하려고 의지가 있어야 돼\n1 : 입냄새 진짜 싫다...\n2 :  키키 입냄새 나도 포토샵 자격증 학원 다닐 때 쌤 진짜 입냄새 심했었어\n3 : 그니까... 나 가뜩이나 비위도 약한데 버티기 힘들어서 결국 선생님 바꿨잖아 키키\n1 : 키키 다들 엄청 힘든 고생 했네\n1 : 진짜 냄새 참는 게 젤 힘들어 토 나와 비위 상해\n2 : 어어 마지막 선물로 진짜 자이리톨이랑 가그린 주고 싶었어...\n3 : 줬다는 줄 키키\n3 : 언니 피아노 과외는 어땠어?\n1 : 키키 맞아 피아노 과외 어땠어\n1 : 누군 가를 가르친다는 건 정말 힘든 거잖아...\n2 : 아 나 과외 받았던 거 말 하는 거 맞지? 키키\n2 : 재밌었어 쌤이랑 잘 맞았거든!\n2 : 엄청 꼼꼼하게 가르쳐 주시고 또 고등학교 선배이기도 했어서 더 좋았던 듯?!\n3 : 오 대박이다 키키 언니 피아노 과외도 직접 했잖아 그거는?\n1 : 나는 직접 한 거 말하는 줄 알고 그거 가르는 거 힘들지 않냐고 말한 건데 키키 착각했다!\n2 : 아 키키 맞아 그거는 뭐... 근데 생각해보니까 아직도 그 학생들 가끔 연락 와 그때 초딩이었는데\n3 : 헐 진짜로? 너무 귀엽다 키키\n1 : 오 대박 진짜 귀엽다 지금은 몇 살쯤인데?\n2 : 걘 지금도 초딩이야\n2 : 7살부터 한 2학년인가 까지 가르쳤으니까 지금 한 4-5학년...? 감이 안 잡힌다.\n3 : 키키 아니 근데 뭐라고 연락 와?\n3 : 내용도 귀여울 것 같아 키키\n1 : 키키 헐 진짜 애기네 여자 학생이야?\n2 : 아니 남자앤데 남아 있으려나 뭐 놀러 갔다고 연락 오고 만든 거 자랑한다고 사진 보내줘... 키키 진짜 귀엽지\n3 : 언니 또 영혼 없이 대답했겠당 키키",
        "lines": [
          {
            "id": 1,
            "text": "1 : 과외 해 본 사람 있어?",
            "norm_text": "과외 해 본 사람 있어?",
            "speaker": {
              "id": "1번",
              "sex": "여성",
              "age": "20대"
            },
            "speechAct": "(지시) 질문하기",
            "morpheme": "과외/NNG+해/XSV+EC+본/VX+ETM+사람/NNG+있/VA+어/EF"
          },
          {
            "id": 2,
            "text": "2 : 난 피아노만 개인 과외 해 봤어!",
            "norm_text": "난 피아노만 개인 과외 해 봤어!",
            "speaker": {
              "id": "2번",
              "sex": "여성",
              "age": "20대"
            },
            "speechAct": "(단언) 진술하기",
            "morpheme": "난/NP+JX+피아노/NNG+만/JX+개인/NNG+과외/NNG+해/XSV+EC+봤/VX+EP+어/EF"
          },
          {
            "id": 3,
            "text": "3 : 나는 고딩 때 여러 개로 했는데 지금 생각해 보면 완전 무 쓸모야 ㅠ",
            "norm_text": "나는 고딩 때 여러 개로 했는데 지금 생각해 보면 완전 무 쓸모야 ㅠ",
            "speaker": {
              "id": "3번",
              "sex": "여성",
              "age": "20대"
            },
            "speechAct": "(단언) 주장하기",
            "morpheme": "나/NP+는/JX+고딩/NNP+때/NNG+여러/MM+개/NNBC+로/JKB+했/VV+EP+는데/EC+지금/MAG+생각/NNG+해/XSV+EC+보/VX+면/EC+완전/MAG+무/XPN+쓸모/NNG+야/VCP+EF+ㅠ/UNKNOWN"
          },
          {
            "id": 4,
            "text": "1 : 나도 고딩 때 영어랑 수학 했었는데 지금 생각하면 너무 돈 아까워...",
            "norm_text": "나도 고딩 때 영어랑 수학 했었는데 지금 생각하면 너무 돈 아까워...",
            "speaker": {
              "id": "1번",
              "sex": "여성",
              "age": "20대"
            },
            "speechAct": "(단언) 주장하기",
            "morpheme": "나/NP+도/JX+고딩/NNP+때/NNG+영어/NNG+랑/JKB+수학/NNG+했었/XSV+EP+는데/EC+지금/MAG+생각/NNG+하/XSV+면/EC+너무/MAG+돈/NNG+아까워/VV+EF+./SY"
          },
          {
            "id": 5,
            "text": "2 : 왜왜? 도움이 안 됐어?",
            "norm_text": "왜왜? 도움이 안 됐어?",
            "speaker": {
              "id": "2번",
              "sex": "여성",
              "age": "20대"
            },
            "speechAct": "(지시) 질문하기",
            "morpheme": "왜/MAG+왜/MAG+도움/NNG+이/JKS+안/MAG+됐/VV+EP+어/EF"
          },
          {
            "id": 6,
            "text": "3 : 하려는 의지가 없으면 별로 도움 안 되는 듯",
            "norm_text": "하려는 의지가 없으면 별로 도움 안 되는 듯",
            "speaker": {
              "id": "3번",
              "sex": "여성",
              "age": "20대"
            },
            "speechAct": "(단언) 주장하기",
            "morpheme": "하/VV+려는/ETM+의지/NNG+가/JKS+없/VA+으면/EC+별로/MAG+도움/NNG+안/MAG+되/VV+는/ETM+듯/NNB"
          },
          {
            "id": 7,
            "text": "3 : 글고 나는 과외 쌤 입냄새 진짜 짱 심했어...",
            "norm_text": "글고 나는 과외 쌤 입냄새 진짜 짱 심했어...",
            "speaker": {
              "id": "3번",
              "sex": "여성",
              "age": "20대"
            },
            "speechAct": "(단언) 진술하기",
            "morpheme": "글고/MAJ+나/NP+는/JX+과외/NNG+쌤/NNG+입/NNG+냄새/NNG+진짜/MAG+짱/MAG+심했/VA+EP+어/EF+./SY"
          },
          {
            "id": 8,
            "text": "1 : 맞아 하려고 의지가 있어야 돼",
            "norm_text": "맞아 하려고 의지가 있어야 돼",
            "speaker": {
              "id": "1번",
              "sex": "여성",
              "age": "20대"
            },
            "speechAct": "(단언) 주장하기",
            "morpheme": "맞/VV+아/EC+하/VV+려고/EC+의지/NNG+가/JKS+있/VA+어야/EC+돼/VV+EC"
          },
          {
            "id": 9,
            "text": "1 : 입냄새 진짜 싫다...",
            "norm_text": "입냄새 진짜 싫다...",
            "speaker": {
              "id": "1번",
              "sex": "여성",
              "age": "20대"
            },
            "speechAct": "(단언) 주장하기",
            "morpheme": "입/NNG+냄새/NNG+진짜/MAG+싫/VA+다/EF+./SY"
          },
          {
            "id": 10,
            "text": "2 :  키키 입냄새 나도 포토샵 자격증 학원 다닐 때 쌤 진짜 입냄새 심했었어",
            "norm_text": "키키 입냄새 나도 포토샵 자격증 학원 다닐 때 쌤 진짜 입냄새 심했었어",
            "speaker": {
              "id": "2번",
              "sex": "여성",
              "age": "20대"
            },
            "speechAct": "(단언) 진술하기",
            "morpheme": "키/NNG+키/NNG+입/NNG+냄새/NNG+나/NP+도/JX+포토샵/NNP+자격증/NNG+학원/NNG+다닐/VV+ETM+때/NNG+쌤/NNG+진짜/MAG+입/NNG+냄새/NNG+심했었/VA+EP+어/EC"
          },
          {
            "id": 11,
            "text": "3 : 그니까... 나 가뜩이나 비위도 약한데 버티기 힘들어서 결국 선생님 바꿨잖아 키키",
            "norm_text": "그니까... 나 가뜩이나 비위도 약한데 버티기 힘들어서 결국 선생님 바꿨잖아 키키",
            "speaker": {
              "id": "3번",
              "sex": "여성",
              "age": "20대"
            },
            "speechAct": "(단언) 진술하기",
            "morpheme": "그니까/MAJ+./SY+나/NP+가뜩이나/MAG+비위/NNG+도/JX+약한/VA+ETM+데/NNB+버티/VV+기/ETN+힘들/VA+어서/EC+결국/NNG+선생/NNG+님/XSN+바꿨/VV+EP+잖아/EF+키/NNG+키/XSV+ETN"
          },
          {
            "id": 12,
            "text": "1 : 키키 다들 엄청 힘든 고생 했네",
            "norm_text": "키키 다들 엄청 힘든 고생 했네",
            "speaker": {
              "id": "1번",
              "sex": "여성",
              "age": "20대"
            },
            "speechAct": "(단언) 진술하기",
            "morpheme": "키/NNG+키/VV+다/EC+들/XSN+엄청/MAG+힘든/VA+ETM+고생/NNG+했/XSV+EP+네/EF"
          },
          {
            "id": 13,
            "text": "1 : 진짜 냄새 참는 게 젤 힘들어 토 나와 비위 상해",
            "norm_text": "진짜 냄새 참는 게 젤 힘들어 토 나와 비위 상해",
            "speaker": {
              "id": "1번",
              "sex": "여성",
              "age": "20대"
            },
            "speechAct": "(단언) 진술하기",
            "morpheme": "진짜/MAG+냄새/MAG+참/VV+는/ETM+게/NNB+JKS+젤/MAG+힘들/VA+어/EC+토나/NNP+와/JC+비/XPN+위상/NNG+해/XSV+EC"
          },
          {
            "id": 14,
            "text": "2 : 어어 마지막 선물로 진짜 자이리톨이랑 가그린 주고 싶었어...",
            "norm_text": "어어 마지막 선물로 진짜 자이리톨이랑 가그린 주고 싶었어...",
            "speaker": {
              "id": "2번",
              "sex": "여성",
              "age": "20대"
            },
            "speechAct": "(단언) 주장하기",
            "morpheme": "어/IC+어/IC+마지막/NNG+선물/NNG+로/JKB+진짜/MAG+자/IC+이리/MAG+톨/NNG+이/VCP+랑가/EC+그린/VV+ETM+주/VX+고/EC+싶/VX+었/EP+어/EF+./SY"
          },
          {
            "id": 15,
            "text": "3 : 줬다는 줄 키키",
            "norm_text": "줬다는 줄 키키",
            "speaker": {
              "id": "3번",
              "sex": "여성",
              "age": "20대"
            },
            "speechAct": "(단언) 주장하기",
            "morpheme": "줬/VV+EP+다는/ETM+줄/NNB+키/NNG+키/XSV+ETN"
          },
          {
            "id": 16,
            "text": "3 : 언니 피아노 과외는 어땠어?",
            "norm_text": "언니 피아노 과외는 어땠어?",
            "speaker": {
              "id": "3번",
              "sex": "여성",
              "age": "20대"
            },
            "speechAct": "(지시) 질문하기",
            "morpheme": "언니/NNG+피아노/NNG+과외/NNG+는/JX+어땠어/VA+EP+EF"
          },
          {
            "id": 17,
            "text": "1 : 키키 맞아 피아노 과외 어땠어",
            "norm_text": "키키 맞아 피아노 과외 어땠어",
            "speaker": {
              "id": "1번",
              "sex": "여성",
              "age": "20대"
            },
            "speechAct": "(지시) 질문하기",
            "morpheme": "키/NNG+키/XSV+ETN+맞/VV+아/EC+피아노/NNG+과외/NNG+어땠/VA+EP+어/EC"
          },
          {
            "id": 18,
            "text": "1 : 누군 가를 가르친다는 건 정말 힘든 거잖아...",
            "norm_text": "누군 가를 가르친다는 건 정말 힘든 거잖아...",
            "speaker": {
              "id": "1번",
              "sex": "여성",
              "age": "20대"
            },
            "speechAct": "(단언) 주장하기",
            "morpheme": "누군가/NP+VCP+EC+를/JKO+가르친다는/VV+ETM+건/NNB+JX+정말/MAG+힘든/VA+ETM+거/NNB+잖아/VCP+EC+VX+EF+./SY"
          },
          {
            "id": 19,
            "text": "2 : 아 나 과외 받았던 거 말 하는 거 맞지? 키키",
            "norm_text": "아 나 과외 받았던 거 말 하는 거 맞지? 키키",
            "speaker": {
              "id": "2번",
              "sex": "여성",
              "age": "20대"
            },
            "speechAct": "(지시) 질문하기",
            "morpheme": "아/IC+나/NP+과외/NNG+받/VV+았/EP+던/ETM+거/NNB+말/NNG+하/XSV+는/ETM+거/NNB+맞/VV+지/EF+키/NNG+키/XSV+ETN"
          },
          {
            "id": 20,
            "text": "2 : 재밌었어 쌤이랑 잘 맞았거든!",
            "norm_text": "재밌었어 쌤이랑 잘 맞았거든!",
            "speaker": {
              "id": "2번",
              "sex": "여성",
              "age": "20대"
            },
            "speechAct": "(단언) 주장하기",
            "morpheme": "재밌/VA+었/EP+어/EC+쌤/NNG+이랑/JKB+잘/MAG+맞/VV+았/EP+거든/EF"
          },
          {
            "id": 21,
            "text": "2 : 엄청 꼼꼼하게 가르쳐 주시고 또 고등학교 선배이기도 했어서 더 좋았던 듯?!",
            "norm_text": "엄청 꼼꼼하게 가르쳐 주시고 또 고등학교 선배이기도 했어서 더 좋았던 듯?!",
            "speaker": {
              "id": "2번",
              "sex": "여성",
              "age": "20대"
            },
            "speechAct": "(단언) 주장하기",
            "morpheme": "엄청/MAG+꼼꼼/XR+하/XSA+게/EC+가르쳐/VV+EC+주/VX+시/EP+고/EC+또/MAG+고등/NNG+학교/NNG+선배/NNG+이/VCP+기/ETN+도/JX+했/VV+EP+어서/EC+더/MAG+좋/VA+았/EP+던/ETM+듯/NNB+?/SY"
          },
          {
            "id": 22,
            "text": "3 : 오 대박이다 키키 언니 피아노 과외도 직접 했잖아 그거는?",
            "norm_text": "오 대박이다 키키 언니 피아노 과외도 직접 했잖아 그거는?",
            "speaker": {
              "id": "3번",
              "sex": "여성",
              "age": "20대"
            },
            "speechAct": "(지시) 질문하기",
            "morpheme": "오/NR+대박/NNG+이/JKS+다키키/NNP+언니/NNG+피아노/NNG+과외/NNG+도/JX+직접/NNG+했잖아/XSV+EP+EC+VX+EF+그거/NP+는/JX"
          },
          {
            "id": 23,
            "text": "1 : 나는 직접 한 거 말하는 줄 알고 그거 가르는 거 힘들지 않냐고 말한 건데 키키 착각했다!",
            "norm_text": "나는 직접 한 거 말하는 줄 알고 그거 가르는 거 힘들지 않냐고 말한 건데 키키 착각했다!",
            "speaker": {
              "id": "1번",
              "sex": "여성",
              "age": "20대"
            },
            "speechAct": "(단언) 주장하기",
            "morpheme": "나/NP+는/JX+직접/MAG+한/XSA+ETM+거/NNB+말/NNG+하/XSV+는/ETM+줄/NNB+알/VV+고/EC+그거/NP+가르/VV+는/ETM+거/NNB+힘들/VA+지/EC+않/VX+냐고/EC+말/NNG+한/XSA+ETM+건데/NNB+VCP+EC+키/NNG+키/NNG+착각/NNG+했/XSV+EP+다/EF"
          },
          {
            "id": 24,
            "text": "2 : 아 키키 맞아 그거는 뭐... 근데 생각해보니까 아직도 그 학생들 가끔 연락 와 그때 초딩이었는데",
            "norm_text": "아 키키 맞아 그거는 뭐... 근데 생각해보니까 아직도 그 학생들 가끔 연락 와 그때 초딩이었는데",
            "speaker": {
              "id": "2번",
              "sex": "여성",
              "age": "20대"
            },
            "speechAct": "(단언) 진술하기",
            "morpheme": "아키/NNP+키/NNG+맞/VV+아/EC+그거/NP+는/JX+뭐/IC+./SY+근데/MAJ+생각/NNG+해/XSV+EC+보/VX+니까/EC+아직/MAG+도/JX+그/MM+학생/NNG+들/XSN+가끔/MAG+연락/NNG+와/JC+그때/NNG+초딩/NNG+이/VCP+었/EP+는데/EC"
          },
          {
            "id": 25,
            "text": "3 : 헐 진짜로? 너무 귀엽다 키키",
            "norm_text": "헐 진짜로? 너무 귀엽다 키키",
            "speaker": {
              "id": "3번",
              "sex": "여성",
              "age": "20대"
            },
            "speechAct": "(단언) 주장하기",
            "morpheme": "헐/IC+진짜로/MAG+너무/MAG+귀엽/VA+다키키/NNP"
          },
          {
            "id": 26,
            "text": "1 : 오 대박 진짜 귀엽다 지금은 몇 살쯤인데?",
            "norm_text": "오 대박 진짜 귀엽다 지금은 몇 살쯤인데?",
            "speaker": {
              "id": "1번",
              "sex": "여성",
              "age": "20대"
            },
            "speechAct": "(지시) 질문하기",
            "morpheme": "오/NR+대박/NNG+진짜/MAG+귀엽/VA+다/EF+지금/MAG+은/JX+몇/MM+살/NNBC+쯤/XSN+인데/VCP+EF"
          },
          {
            "id": 27,
            "text": "2 : 걘 지금도 초딩이야",
            "norm_text": "걘 지금도 초딩이야",
            "speaker": {
              "id": "2번",
              "sex": "여성",
              "age": "20대"
            },
            "speechAct": "(단언) 진술하기",
            "morpheme": "걘/NP+JX+지금/MAG+도/JX+초딩/NNG+이/VCP+야/EC"
          },
          {
            "id": 28,
            "text": "2 : 7살부터 한 2학년인가 까지 가르쳤으니까 지금 한 4-5학년...? 감이 안 잡힌다.",
            "norm_text": "7살부터 한 2학년인가 까지 가르쳤으니까 지금 한 4-5학년...? 감이 안 잡힌다.",
            "speaker": {
              "id": "2번",
              "sex": "여성",
              "age": "20대"
            },
            "speechAct": "(단언) 주장하기",
            "morpheme": "7/SN+살/NNBC+부터/JX+한/MM+2/SN+학년/NNG+인가/VCP+EC+까지/JX+가르쳤/VV+EP+으니까/EC+지금/MAG+한/MM+4/SN+-/SY+5/SN+학년/NNG+./SY+./SY+감/NNG+이/JKS+안/MAG+잡힌다/VV+EF"
          },
          {
            "id": 29,
            "text": "3 : 키키 아니 근데 뭐라고 연락 와?",
            "norm_text": "키키 아니 근데 뭐라고 연락 와?",
            "speaker": {
              "id": "3번",
              "sex": "여성",
              "age": "20대"
            },
            "speechAct": "(지시) 질문하기",
            "morpheme": "키/NNG+키/XSV+ETN+아니/VCN+근데/MAJ+뭐/NP+라고/VCP+EC+연락/NNG+와/JC"
          },
          {
            "id": 30,
            "text": "3 : 내용도 귀여울 것 같아 키키",
            "norm_text": "내용도 귀여울 것 같아 키키",
            "speaker": {
              "id": "3번",
              "sex": "여성",
              "age": "20대"
            },
            "speechAct": "(단언) 주장하기",
            "morpheme": "내용/NNG+도/JX+귀여울/VA+ETM+것/NNB+같/VA+아/EC+키/NNG+키/XSV+ETN"
          },
          {
            "id": 31,
            "text": "1 : 키키 헐 진짜 애기네 여자 학생이야?",
            "norm_text": "키키 헐 진짜 애기네 여자 학생이야?",
            "speaker": {
              "id": "1번",
              "sex": "여성",
              "age": "20대"
            },
            "speechAct": "(지시) 질문하기",
            "morpheme": "키/NNG+키/NNG+헐/XSV+JKO+진짜/MAG+애기네/NNG+여자/NNG+학생/NNG+이/VCP+야/EF"
          },
          {
            "id": 32,
            "text": "2 : 아니 남자앤데 남아 있으려나 뭐 놀러 갔다고 연락 오고 만든 거 자랑한다고 사진 보내줘... 키키 진짜 귀엽지",
            "norm_text": "아니 남자앤데 남아 있으려나 뭐 놀러 갔다고 연락 오고 만든 거 자랑한다고 사진 보내줘... 키키 진짜 귀엽지",
            "speaker": {
              "id": "2번",
              "sex": "여성",
              "age": "20대"
            },
            "speechAct": "(단언) 주장하기",
            "morpheme": "아니/IC+남자/NNG+앤데/NNG+VCP+EC+남/VV+아/EC+있/VX+으려나/EF+뭐/IC+놀러갔/VV+EP+다고/EC+연락/NNG+오/VV+고/EC+만든/VV+ETM+거/NNB+자랑/NNG+한다고/XSV+EC+사진/NNG+보내/VV+EC+줘/VX+EF+./SY+키/NNG+키/XSV+ETN+진짜/MAG+귀엽/VA+지/EC"
          },
          {
            "id": 33,
            "text": "3 : 언니 또 영혼 없이 대답했겠당 키키",
            "norm_text": "언니 또 영혼 없이 대답했겠당 키키",
            "speaker": {
              "id": "3번",
              "sex": "여성",
              "age": "20대"
            },
            "speechAct": "(단언) 주장하기",
            "morpheme": "언니/NNG+또/MAG+영혼/NNG+없이/MAG+대답/NNG+했/XSV+EP+겠/EP+당/XSN+키/NNG+키/XSV+ETN"
          }
        ]
      }
    }
  ]
}