{
  "dataset": {
    "identifier": 112578,
    "name": "BAND_41_05_set",
    "src_path": "/data/file/cubeManager/PROJECT001/80/txt20211102154324012826/BAND_41_05_set/",
    "label_path": "/data/file/cubeManager/PROJECT001/80/txt20211102154324012826/BAND_41_05_set/",
    "category": 2,
    "type": 0
  },
  "licenses": {
    "name": "Apache License 1.0",
    "url": "http://www.apache.org/licenses/LICENSE-1.0"
  },
  "info": [
    {
      "id": 130289,
      "filename": "BAND_41_05.txt",
      "title": "BAND_41_05",
      "mediatype": "SNS",
      "medianame": "네이버밴드",
      "category": "일상대화",
      "date": "2021-11-02",
      "size": 544,
      "annotations": {
        "subject": "군대",
        "speaker_type": "다자간 대화",
        "size": 544,
        "word_size": 187,
        "text": "1 : 다들 첫 휴가 나와서 뭐 했어?\n2 : 나는 먹고 싶은 거 다 먹고 10시 넘어서 막 자고 늦잠도 자보고 그랬지 키키\n3 : 나는 하루 종일 잤던 거 같아\n1 : 그럼 다들 처음 만난 건 가족이야?\n2 : 응 가족 보자마자 바로 친구들 보러 갔지 키키\n2 : 근데 밖에서 치킨 피자 먹으면 휴가 내내 화장실 키키\n3 : 웅 집으로 바로 갔으니깐\n1 : 키키 뭔가 찡하다 키키\n1 : 휴가 나갔다 들어가면 다음 휴가 엄청 기다려진다던데\n2 : 나는 일병 때는 휴가 한 번도 못썼는데 한 7개월은 군대에 있었지 키키\n3 : 나는 코로나 때문에 휴가를 못 나갔었어\n1 : 헐 이놈의 코로나...\n1 : 그럼 너도 조기 전역했어?\n2 : 와 조기 전역하면 기분 진짜 좋겠다\n3 : 나는 조기 전역했지 휴가가 많아서\n1 : 그럼 한 달 정도 빨리 나온 건가?\n2 : 와 대박이다\n2 : 나는 군대 있을 때 메르스인가? 그거 있었는데\n3 : 엉 그쯔음 빨리 나온 거 같아\n1 : 오옹 키키 그래도 조기 전역해서 좋았겠다\n2 : 와 진짜 대박이다\n2 : 부럽다 ㅠㅠ\n3 : 진짜 군대 빨리 나가는 것만큼 좋은 게 없지",
        "lines": [
          {
            "id": 1,
            "text": "1 : 다들 첫 휴가 나와서 뭐 했어?",
            "norm_text": "다들 첫 휴가 나와서 뭐 했어?",
            "speaker": {
              "id": "1번",
              "sex": "여성",
              "age": "20대"
            },
            "speechAct": "(지시) 질문하기",
            "morpheme": "다/MAG+들/XSN+첫/MM+휴가/NNG+나와서/VV+EC+뭐/IC+했/VV+EP+어/EF"
          },
          {
            "id": 2,
            "text": "2 : 나는 먹고 싶은 거 다 먹고 10시 넘어서 막 자고 늦잠도 자보고 그랬지 키키",
            "norm_text": "나는 먹고 싶은 거 다 먹고 10시 넘어서 막 자고 늦잠도 자보고 그랬지 키키",
            "speaker": {
              "id": "2번",
              "sex": "남성",
              "age": "20대"
            },
            "speechAct": "(단언) 주장하기",
            "morpheme": "나/NP+는/JX+먹/VV+고/EC+싶/VX+은/ETM+거/NNB+다/MAG+먹/VV+고/EC+10/SN+시넘어서막자고늦잠도자보고그랬지키키/UNKNOWN"
          },
          {
            "id": 3,
            "text": "3 : 나는 하루 종일 잤던 거 같아",
            "norm_text": "나는 하루 종일 잤던 거 같아",
            "speaker": {
              "id": "3번",
              "sex": "남성",
              "age": "20대"
            },
            "speechAct": "(단언) 주장하기",
            "morpheme": "나/NP+는/JX+하루/NNG+종일/NNG+잤/VV+EP+던/ETM+거/NNB+같/VA+아/EC"
          },
          {
            "id": 4,
            "text": "1 : 그럼 다들 처음 만난 건 가족이야?",
            "norm_text": "그럼 다들 처음 만난 건 가족이야?",
            "speaker": {
              "id": "1번",
              "sex": "여성",
              "age": "20대"
            },
            "speechAct": "(지시) 질문하기",
            "morpheme": "그럼/MAJ+다/MAG+들/XSN+처음/MAG+만난/VV+ETM+건/NNB+JX+가족/NNG+이/VCP+야/EF"
          },
          {
            "id": 5,
            "text": "2 : 응 가족 보자마자 바로 친구들 보러 갔지 키키",
            "norm_text": "응 가족 보자마자 바로 친구들 보러 갔지 키키",
            "speaker": {
              "id": "2번",
              "sex": "남성",
              "age": "20대"
            },
            "speechAct": "(단언) 주장하기",
            "morpheme": "응/IC+가족/NNG+보/VV+자마자/EC+바로/MAG+친구/NNG+들/XSN+보/VV+러/EC+갔/VV+EP+지/EC+키/NNG+키/XSV+ETN"
          },
          {
            "id": 6,
            "text": "2 : 근데 밖에서 치킨 피자 먹으면 휴가 내내 화장실 키키",
            "norm_text": "근데 밖에서 치킨 피자 먹으면 휴가 내내 화장실 키키",
            "speaker": {
              "id": "2번",
              "sex": "남성",
              "age": "20대"
            },
            "speechAct": "(단언) 주장하기",
            "morpheme": "근데/MAJ+밖/NNG+에서/JKB+치킨/VV+ETM+피자/NNG+먹/VV+으면/EC+휴가/NNG+내내/MAG+화장실/NNG+키/NNG+키/XSV+ETN"
          },
          {
            "id": 7,
            "text": "3 : 웅 집으로 바로 갔으니깐",
            "norm_text": "웅 집으로 바로 갔으니깐",
            "speaker": {
              "id": "3번",
              "sex": "남성",
              "age": "20대"
            },
            "speechAct": "(단언) 주장하기",
            "morpheme": "웅/IC+집/NNG+으로/JKB+바로/MAG+갔/VV+EP+으니깐/EC"
          },
          {
            "id": 8,
            "text": "1 : 키키 뭔가 찡하다 키키",
            "norm_text": "키키 뭔가 찡하다 키키",
            "speaker": {
              "id": "1번",
              "sex": "여성",
              "age": "20대"
            },
            "speechAct": "(단언) 주장하기",
            "morpheme": "키/NNG+키/XSV+ETN+뭔가/NP+VCP+EC+찡/MAG+하/IC+다키키/NNP"
          },
          {
            "id": 9,
            "text": "1 : 휴가 나갔다 들어가면 다음 휴가 엄청 기다려진다던데",
            "norm_text": "휴가 나갔다 들어가면 다음 휴가 엄청 기다려진다던데",
            "speaker": {
              "id": "1번",
              "sex": "여성",
              "age": "20대"
            },
            "speechAct": "(단언) 진술하기",
            "morpheme": "휴가/NNG+나갔/VV+EP+다/EC+들어가/VV+면/EC+다음/NNG+휴가/NNG+엄청/MAG+기다려/VV+EC+진다던/VX+ETM+데/NNB"
          },
          {
            "id": 10,
            "text": "2 : 나는 일병 때는 휴가 한 번도 못썼는데 한 7개월은 군대에 있었지 키키",
            "norm_text": "나는 일병 때는 휴가 한 번도 못썼는데 한 7개월은 군대에 있었지 키키",
            "speaker": {
              "id": "2번",
              "sex": "남성",
              "age": "20대"
            },
            "speechAct": "(단언) 주장하기",
            "morpheme": "나/NP+는/JX+일병/NNG+때/NNG+는/JX+휴가/NNG+한/MM+번/NNBC+도/JX+못/MAG+썼/VV+EP+는데/EC+한/VX+ETM+7/SN+개월/NNBC+은/JX+군대/NNG+에/JKB+있/VV+었/EP+지/EC+키/NNG+키/XSV+ETN"
          },
          {
            "id": 11,
            "text": "3 : 나는 코로나 때문에 휴가를 못 나갔었어",
            "norm_text": "나는 코로나 때문에 휴가를 못 나갔었어",
            "speaker": {
              "id": "3번",
              "sex": "남성",
              "age": "20대"
            },
            "speechAct": "(단언) 주장하기",
            "morpheme": "나/NP+는/JX+코로나/NNG+때문/NNB+에/JKB+휴가/NNG+를/JKO+못/MAG+나갔었/VV+EP+어/EC"
          },
          {
            "id": 12,
            "text": "1 : 헐 이놈의 코로나...",
            "norm_text": "헐 이놈의 코로나...",
            "speaker": {
              "id": "1번",
              "sex": "여성",
              "age": "20대"
            },
            "speechAct": "(단언) 주장하기",
            "morpheme": "헐/IC+이놈/NP+의/JKG+코로나/NNG+./SY+./SY"
          },
          {
            "id": 13,
            "text": "1 : 그럼 너도 조기 전역했어?",
            "norm_text": "그럼 너도 조기 전역했어?",
            "speaker": {
              "id": "1번",
              "sex": "여성",
              "age": "20대"
            },
            "speechAct": "(지시) 질문하기",
            "morpheme": "그럼/MAJ+너/NP+도/JX+조기/NNG+전역/NNG+했/XSV+EP+어/EF"
          },
          {
            "id": 14,
            "text": "2 : 와 조기 전역하면 기분 진짜 좋겠다",
            "norm_text": "와 조기 전역하면 기분 진짜 좋겠다",
            "speaker": {
              "id": "2번",
              "sex": "남성",
              "age": "20대"
            },
            "speechAct": "(단언) 주장하기",
            "morpheme": "와/IC+조기/NNG+전역/NNG+하/XSV+면/EC+기분/NNG+진짜/MAG+좋/VA+겠/EP+다/EC"
          },
          {
            "id": 15,
            "text": "3 : 나는 조기 전역했지 휴가가 많아서",
            "norm_text": "나는 조기 전역했지 휴가가 많아서",
            "speaker": {
              "id": "3번",
              "sex": "남성",
              "age": "20대"
            },
            "speechAct": "(단언) 주장하기",
            "morpheme": "나/NP+는/JX+조기/NNG+전역/NNG+했/XSV+EP+지/EC+휴가/NNG+가/JKS+많/VA+아서/EC"
          },
          {
            "id": 16,
            "text": "1 : 그럼 한 달 정도 빨리 나온 건가?",
            "norm_text": "그럼 한 달 정도 빨리 나온 건가?",
            "speaker": {
              "id": "1번",
              "sex": "여성",
              "age": "20대"
            },
            "speechAct": "(지시) 질문하기",
            "morpheme": "그럼/MAJ+한/MM+달/NNBC+정도/NNG+빨리/MAG+나온/VV+ETM+건가/NNB+VCP+EF"
          },
          {
            "id": 17,
            "text": "2 : 와 대박이다",
            "norm_text": "와 대박이다",
            "speaker": {
              "id": "2번",
              "sex": "남성",
              "age": "20대"
            },
            "speechAct": "(단언) 주장하기",
            "morpheme": "와/IC+대박/NNG+이/VCP+다/EC"
          },
          {
            "id": 18,
            "text": "2 : 나는 군대 있을 때 메르스인가? 그거 있었는데",
            "norm_text": "나는 군대 있을 때 메르스인가? 그거 있었는데",
            "speaker": {
              "id": "2번",
              "sex": "남성",
              "age": "20대"
            },
            "speechAct": "(단언) 주장하기",
            "morpheme": "나/NP+는/JX+군대/NNG+있/VV+을/ETM+때/NNG+메르스/NNP+인가/VCP+EF+그거/NP+있/VA+었/EP+는데/EC"
          },
          {
            "id": 19,
            "text": "3 : 엉 그쯔음 빨리 나온 거 같아",
            "norm_text": "엉 그쯔음 빨리 나온 거 같아",
            "speaker": {
              "id": "3번",
              "sex": "남성",
              "age": "20대"
            },
            "speechAct": "(단언) 주장하기",
            "morpheme": "엉/IC+그/IC+쯔/MAG+음/IC+빨리/MAG+나온/VV+ETM+거/NNB+같/VA+아/EC"
          },
          {
            "id": 20,
            "text": "1 : 오옹 키키 그래도 조기 전역해서 좋았겠다",
            "norm_text": "오옹 키키 그래도 조기 전역해서 좋았겠다",
            "speaker": {
              "id": "1번",
              "sex": "여성",
              "age": "20대"
            },
            "speechAct": "(단언) 주장하기",
            "morpheme": "오/NR+옹/NNG+키/NNG+키/XSV+ETN+그래도/MAJ+조기/NNG+전역/NNG+해서/XSV+EC+좋/VA+았/EP+겠/EP+다/EC"
          },
          {
            "id": 21,
            "text": "2 : 와 진짜 대박이다",
            "norm_text": "와 진짜 대박이다",
            "speaker": {
              "id": "2번",
              "sex": "남성",
              "age": "20대"
            },
            "speechAct": "(단언) 주장하기",
            "morpheme": "와/IC+진짜/MAG+대박/NNG+이/VCP+다/EC"
          },
          {
            "id": 22,
            "text": "2 : 부럽다 ㅠㅠ",
            "norm_text": "부럽다 ㅠㅠ",
            "speaker": {
              "id": "2번",
              "sex": "남성",
              "age": "20대"
            },
            "speechAct": "(단언) 주장하기",
            "morpheme": "부럽다ㅠㅠ/UNKNOWN"
          },
          {
            "id": 23,
            "text": "3 : 진짜 군대 빨리 나가는 것만큼 좋은 게 없지",
            "norm_text": "진짜 군대 빨리 나가는 것만큼 좋은 게 없지",
            "speaker": {
              "id": "3번",
              "sex": "남성",
              "age": "20대"
            },
            "speechAct": "(단언) 주장하기",
            "morpheme": "진짜/MAG+군대/NNG+빨리/MAG+나가/VV+는/ETM+것/NNB+만큼/JKB+좋/VA+은/ETM+게/NNB+JKS+없/VA+지/EC"
          }
        ]
      }
    }
  ]
}