{
  "dataset": {
    "identifier": 98815,
    "name": "BAND_37_20_set",
    "src_path": "/data/file/cubeManager/PROJECT001/77/txt20211027150101065398/BAND_37_20_set/",
    "label_path": "/data/file/cubeManager/PROJECT001/77/txt20211027150101065398/BAND_37_20_set/",
    "category": 2,
    "type": 0
  },
  "licenses": {
    "name": "Apache License 1.0",
    "url": "http://www.apache.org/licenses/LICENSE-1.0"
  },
  "info": [
    {
      "id": 96660,
      "filename": "BAND_37_20.txt",
      "title": "BAND_37_20",
      "mediatype": "SNS",
      "medianame": "네이버밴드",
      "category": "일상대화",
      "date": "2021-10-27",
      "size": 478,
      "annotations": {
        "subject": "영화/만화",
        "speaker_type": "다자간 대화",
        "size": 478,
        "word_size": 157,
        "text": "1 : 추천해 줄만한 영화 있어?\n2 : 음 이번에 베놈2 엄청 재밌다던데 봤어?\n3 : 맞아 요즘 베놈 재밌다더라\n1 : 아직 ㅜㅜ 나 1도 아직이야 키키\n2 : 헐 아직 1편도 안 봤어?\n2 : 얼른 한번 봐바 엄청 재밌어 키키\n3 : 맞아 베놈 목소리 매력넘친다구\n1 : 아 그래?\n1 : 베놈 무슨 내용인데?\n2 : 음 외계생명채랑 인간이랑 융합해서 나쁜들 막 무찌르는 내용이야 키키\n3 : 살짝 뭐라해야할까 그림자랑 합체하는 느낌?\n1 : 오 키키 흥미로워 키키\n1 : 1부터 찾아봐야겠다\n2 : 응응 꼭봐바 엄청 재밌더라고\n2 : 너는 따로 추천 해줄만한 영화 있어?\n3 : 나는 그거 재밌게봤는데 비긴어게인\n1 : 키키 맞아 키키\n1 : 난 최근에 어바웃타임 봤어\n2 : 아 둘 다 안본거네 키키\n2 : 둘 다 재밌어?\n3 : 어바웃타임도 명작이지 꼭봐봐\n1 : 키키 나 두번째야 키키 추천 인생 영화야\n2 : 그럼 너희들은 무슨 장르 영화 좋아해?\n3 : 나는 로맨스가 제일 좋더라",
        "lines": [
          {
            "id": 1,
            "text": "1 : 추천해 줄만한 영화 있어?",
            "norm_text": "추천해 줄만한 영화 있어?",
            "speaker": {
              "id": "1번",
              "sex": "여성",
              "age": "20대"
            },
            "speechAct": "(지시) 질문하기",
            "morpheme": "추천/NNG+해/XSV+EC+줄/VX+ETM+만/NNB+한/XSA+ETM+영화/NNG+있/VA+어/EF"
          },
          {
            "id": 2,
            "text": "2 : 음 이번에 베놈2 엄청 재밌다던데 봤어?",
            "norm_text": "음 이번에 베놈2 엄청 재밌다던데 봤어?",
            "speaker": {
              "id": "2번",
              "sex": "남성",
              "age": "20대"
            },
            "speechAct": "(지시) 질문하기",
            "morpheme": "음/IC+이번/NNG+에/JKB+베/NNG+놈/NNB+2/SN+엄청/MAG+재밌/VA+다던데/EC+봤/VX+EP+어/EF"
          },
          {
            "id": 3,
            "text": "3 : 맞아 요즘 베놈 재밌다더라",
            "norm_text": "맞아 요즘 베놈 재밌다더라",
            "speaker": {
              "id": "3번",
              "sex": "남성",
              "age": "20대"
            },
            "speechAct": "(단언) 진술하기",
            "morpheme": "맞/VV+아/EC+요즘/NNG+베/NNG+놈/NNB+재밌/VA+다더라/EC"
          },
          {
            "id": 4,
            "text": "1 : 아직 ㅜㅜ 나 1도 아직이야 키키",
            "norm_text": "아직 ㅜㅜ 나 1도 아직이야 키키",
            "speaker": {
              "id": "1번",
              "sex": "여성",
              "age": "20대"
            },
            "speechAct": "(단언) 주장하기",
            "morpheme": "아직ㅜㅜ나/UNKNOWN+1/SN+도/NNBC+아직/MAG+이야/IC+키/NNG+키/XSV+ETN"
          },
          {
            "id": 5,
            "text": "2 : 헐 아직 1편도 안 봤어?",
            "norm_text": "헐 아직 1편도 안 봤어?",
            "speaker": {
              "id": "2번",
              "sex": "남성",
              "age": "20대"
            },
            "speechAct": "(지시) 질문하기",
            "morpheme": "헐/IC+아직/MAG+1/SN+편/NNBC+도/JX+안/MAG+봤/VV+EP+어/EF"
          },
          {
            "id": 6,
            "text": "2 : 얼른 한번 봐바 엄청 재밌어 키키",
            "norm_text": "얼른 한번 봐바 엄청 재밌어 키키",
            "speaker": {
              "id": "2번",
              "sex": "남성",
              "age": "20대"
            },
            "speechAct": "(단언) 주장하기",
            "morpheme": "얼른/MAG+한번/MAG+봐/VV+바/EC+엄청/MAG+재밌/VA+어/EC+키/NNG+키/XSV+ETN"
          },
          {
            "id": 7,
            "text": "3 : 맞아 베놈 목소리 매력넘친다구",
            "norm_text": "맞아 베놈 목소리 매력넘친다구",
            "speaker": {
              "id": "3번",
              "sex": "남성",
              "age": "20대"
            },
            "speechAct": "(단언) 주장하기",
            "morpheme": "맞/VV+아/EC+베/VX+EC+놈/NNB+목소리/NNG+매력/NNG+넘친다구/VV+EF"
          },
          {
            "id": 8,
            "text": "1 : 아 그래?",
            "norm_text": "아 그래?",
            "speaker": {
              "id": "1번",
              "sex": "여성",
              "age": "20대"
            },
            "speechAct": "(지시) 질문하기",
            "morpheme": "아/IC+그래/IC"
          },
          {
            "id": 9,
            "text": "1 : 베놈 무슨 내용인데?",
            "norm_text": "베놈 무슨 내용인데?",
            "speaker": {
              "id": "1번",
              "sex": "여성",
              "age": "20대"
            },
            "speechAct": "(지시) 질문하기",
            "morpheme": "베/NNG+놈/NNB+무슨/MM+내용/NNG+인데/VCP+EF"
          },
          {
            "id": 10,
            "text": "2 : 음 외계생명채랑 인간이랑 융합해서 나쁜들 막 무찌르는 내용이야 키키",
            "norm_text": "음 외계생명채랑 인간이랑 융합해서 나쁜들 막 무찌르는 내용이야 키키",
            "speaker": {
              "id": "2번",
              "sex": "남성",
              "age": "20대"
            },
            "speechAct": "(단언) 진술하기",
            "morpheme": "음/IC+외계/NNG+생명/NNG+채/XSN+랑/JC+인간/NNG+이랑/JKB+융합/NNG+해서/XSV+EC+나쁜/VA+ETM+들막/UNKNOWN+무찌르/VV+는/ETM+내용/NNG+이/VCP+야/EC+키/NNG+키/XSV+ETN"
          },
          {
            "id": 11,
            "text": "3 : 살짝 뭐라해야할까 그림자랑 합체하는 느낌?",
            "norm_text": "살짝 뭐라해야할까 그림자랑 합체하는 느낌?",
            "speaker": {
              "id": "3번",
              "sex": "남성",
              "age": "20대"
            },
            "speechAct": "(지시) 질문하기",
            "morpheme": "살짝/MAG+뭐/NP+라/VCP+EC+해야할까/VV+EC+VX+EC+그림자/NNG+랑/JKB+합체/NNG+하/XSV+는/ETM+느낌/NNG"
          },
          {
            "id": 12,
            "text": "1 : 오 키키 흥미로워 키키",
            "norm_text": "오 키키 흥미로워 키키",
            "speaker": {
              "id": "1번",
              "sex": "여성",
              "age": "20대"
            },
            "speechAct": "(단언) 주장하기",
            "morpheme": "오키/NNP+키/NNG+흥미/NNG+로워/XSA+EC+키/NNG+키/XSV+ETN"
          },
          {
            "id": 13,
            "text": "1 : 1부터 찾아봐야겠다",
            "norm_text": "1부터 찾아봐야겠다",
            "speaker": {
              "id": "1번",
              "sex": "여성",
              "age": "20대"
            },
            "speechAct": "(단언) 주장하기",
            "morpheme": "1/SN+부터/JX+찾/VV+아/EC+봐야/VX+EC+VV+겠/EP+다/EC"
          },
          {
            "id": 14,
            "text": "2 : 응응 꼭봐바 엄청 재밌더라고",
            "norm_text": "응응 꼭봐바 엄청 재밌더라고",
            "speaker": {
              "id": "2번",
              "sex": "남성",
              "age": "20대"
            },
            "speechAct": "(단언) 주장하기",
            "morpheme": "응/IC+응/IC+꼭/MAG+봐/VV+바/EC+엄청/MAG+재밌/VA+더라고/EC"
          },
          {
            "id": 15,
            "text": "2 : 너는 따로 추천 해줄만한 영화 있어?",
            "norm_text": "너는 따로 추천 해줄만한 영화 있어?",
            "speaker": {
              "id": "2번",
              "sex": "남성",
              "age": "20대"
            },
            "speechAct": "(지시) 질문하기",
            "morpheme": "너/NP+는/JX+따로/MAG+추천/NNG+해/XSV+EC+줄/VX+ETM+만/NNB+한/XSA+ETM+영화/NNG+있/VA+어/EF"
          },
          {
            "id": 16,
            "text": "3 : 나는 그거 재밌게봤는데 비긴어게인",
            "norm_text": "나는 그거 재밌게봤는데 비긴어게인",
            "speaker": {
              "id": "3번",
              "sex": "남성",
              "age": "20대"
            },
            "speechAct": "(단언) 주장하기",
            "morpheme": "나/NP+는/JX+그거/NP+재밌/VA+게/EC+봤/VX+EP+는데/EC+비긴/VV+ETM+어게인/NNG"
          },
          {
            "id": 17,
            "text": "1 : 키키 맞아 키키",
            "norm_text": "키키 맞아 키키",
            "speaker": {
              "id": "1번",
              "sex": "여성",
              "age": "20대"
            },
            "speechAct": "(단언) 주장하기",
            "morpheme": "키/NNG+키/XSV+ETN+맞/VV+아/EC+키/NNG+키/XSV+ETN"
          },
          {
            "id": 18,
            "text": "1 : 난 최근에 어바웃타임 봤어",
            "norm_text": "난 최근에 어바웃타임 봤어",
            "speaker": {
              "id": "1번",
              "sex": "여성",
              "age": "20대"
            },
            "speechAct": "(단언) 진술하기",
            "morpheme": "난/NP+JX+최근/NNG+에/JKB+어/IC+바웃/UNKNOWN+타임/NNG+봤/VV+EP+어/EC"
          },
          {
            "id": 19,
            "text": "2 : 아 둘 다 안본거네 키키",
            "norm_text": "아 둘 다 안본거네 키키",
            "speaker": {
              "id": "2번",
              "sex": "남성",
              "age": "20대"
            },
            "speechAct": "(단언) 주장하기",
            "morpheme": "아/IC+둘/NR+다/MAG+안/MAG+본/VV+ETM+거/NNB+네/MM+키/NNG+키/XSV+ETN"
          },
          {
            "id": 20,
            "text": "2 : 둘 다 재밌어?",
            "norm_text": "둘 다 재밌어?",
            "speaker": {
              "id": "2번",
              "sex": "남성",
              "age": "20대"
            },
            "speechAct": "(지시) 질문하기",
            "morpheme": "둘/NR+다/MAG+재밌/VA+어/EF"
          },
          {
            "id": 21,
            "text": "3 : 어바웃타임도 명작이지 꼭봐봐",
            "norm_text": "어바웃타임도 명작이지 꼭봐봐",
            "speaker": {
              "id": "3번",
              "sex": "남성",
              "age": "20대"
            },
            "speechAct": "(단언) 주장하기",
            "morpheme": "어/IC+바웃/UNKNOWN+타임/NNG+도/JX+명작/NNG+이/VCP+지/EF+꼭/MAG+봐/VV+EC+봐/VX+EC"
          },
          {
            "id": 22,
            "text": "1 : 키키 나 두번째야 키키 추천 인생 영화야",
            "norm_text": "키키 나 두번째야 키키 추천 인생 영화야",
            "speaker": {
              "id": "1번",
              "sex": "여성",
              "age": "20대"
            },
            "speechAct": "(단언) 주장하기",
            "morpheme": "키/NNG+키나/XSA+ETN+JX+두/MM+번/NNBC+째/XSN+야키/NNP+키/NNG+추천/NNG+인생/NNG+영화/NNG+야/VCP+EF"
          },
          {
            "id": 23,
            "text": "2 : 그럼 너희들은 무슨 장르 영화 좋아해?",
            "norm_text": "그럼 너희들은 무슨 장르 영화 좋아해?",
            "speaker": {
              "id": "2번",
              "sex": "남성",
              "age": "20대"
            },
            "speechAct": "(지시) 질문하기",
            "morpheme": "그럼/MAJ+너희/NP+들/XSN+은/JX+무슨/MM+장르/NNG+영화/NNG+좋/VA+아/EC+해/VX+EF"
          },
          {
            "id": 24,
            "text": "3 : 나는 로맨스가 제일 좋더라",
            "norm_text": "나는 로맨스가 제일 좋더라",
            "speaker": {
              "id": "3번",
              "sex": "남성",
              "age": "20대"
            },
            "speechAct": "(단언) 주장하기",
            "morpheme": "나/NP+는/JX+로맨스/NNG+가/JKS+제일/MAG+좋/VA+더라/EC"
          }
        ]
      }
    }
  ]
}