{
  "dataset": {
    "identifier": 58317,
    "name": "BAND_33_08_set",
    "src_path": "/data/file/cubeManager/PROJECT001/53/txt20210928112329056229/BAND_33_08_set/",
    "label_path": "/data/file/cubeManager/PROJECT001/53/txt20210928112329056229/BAND_33_08_set/",
    "category": 2,
    "type": 0
  },
  "licenses": {
    "name": "Apache License 1.0",
    "url": "http://www.apache.org/licenses/LICENSE-1.0"
  },
  "info": [
    {
      "id": 35027,
      "filename": "BAND_33_08.txt",
      "title": "BAND_33_08",
      "mediatype": "SNS",
      "medianame": "네이버밴드",
      "category": "일상대화",
      "date": "2021-09-28",
      "size": 393,
      "annotations": {
        "subject": "연애/결혼",
        "speaker_type": "1:1",
        "size": 393,
        "word_size": 128,
        "text": "1 : 너 이번에 3주년이었다며 뭐했어?\n2 : 키키 맞아 이번에는 바닷가 놀러 가서 놀았어\n1 : 헐 어디 바닷가 가서 놀았어?\n2 : 안면도 꽃지 해수욕장 가서 놀았어 키키\n1 : 그렇구나 거기 사람 많아?\n2 : 안면도 가는데 원래 한 시간인데 두 시간 걸렸어 ㅠ\n1 : 와오 거기서 2시간이나 걸렸다고?\n2 : 응 휴게소도 들리구 하느라 좀 늦었네 키키\n1 : 그래서 기념일에 재미있게 보냈어?\n2 : 기념일 재밌었어 바베큐도 했어\n1 : 그렇구나 케이크는 준비 안 했어?\n2 : 케이크는 둘 다 잘 안 먹어서 대신 고기로 채웠지\n1 : 3년차 되면 역시 실속이 챙기는 게 최고구나!\n2 : 키키 맞아 케이크는 돈 많이 아깝지\n1 : 그건 그래 나도 나중에는 작은 걸로 샀어 키키\n2 : 그게 맞아 둘 다 안 먹는다면 키키",
        "lines": [
          {
            "id": 1,
            "text": "1 : 너 이번에 3주년이었다며 뭐했어?",
            "norm_text": "너 이번에 3주년이었다며 뭐했어?",
            "speaker": {
              "id": "1번",
              "sex": "여성",
              "age": "20대"
            },
            "speechAct": "(지시) 질문하기",
            "morpheme": "너/NP+이번/NNG+에/JKB+3/SN+주년/NNBC+이/VCP+었/EP+다며/EF+뭐/IC+했/VV+EP+어/EF"
          },
          {
            "id": 2,
            "text": "2 : 키키 맞아 이번에는 바닷가 놀러 가서 놀았어",
            "norm_text": "키키 맞아 이번에는 바닷가 놀러 가서 놀았어",
            "speaker": {
              "id": "2번",
              "sex": "남성",
              "age": "30대"
            },
            "speechAct": "(단언) 주장하기",
            "morpheme": "키/NNG+키/XSV+ETN+맞/VV+아/EC+이번/NNG+에/JKB+는/JX+바닷가/NNG+놀/VV+러/EC+가/VX+서/EC+놀/VV+았/EP+어/EC"
          },
          {
            "id": 3,
            "text": "1 : 헐 어디 바닷가 가서 놀았어?",
            "norm_text": "헐 어디 바닷가 가서 놀았어?",
            "speaker": {
              "id": "1번",
              "sex": "여성",
              "age": "20대"
            },
            "speechAct": "(지시) 질문하기",
            "morpheme": "헐/IC+어디/NP+바닷가/NNG+가/VV+서/EC+놀/VV+았/EP+어/EF"
          },
          {
            "id": 4,
            "text": "2 : 안면도 꽃지 해수욕장 가서 놀았어 키키",
            "norm_text": "안면도 꽃지 해수욕장 가서 놀았어 키키",
            "speaker": {
              "id": "2번",
              "sex": "남성",
              "age": "30대"
            },
            "speechAct": "(단언) 진술하기",
            "morpheme": "안면/NNG+도/JX+꽃/VV+지/EC+해수욕장/NNG+가/VV+서/EC+놀/VV+았/EP+어/EC+키/NNG+키/XSV+ETN"
          },
          {
            "id": 5,
            "text": "1 : 그렇구나 거기 사람 많아?",
            "norm_text": "그렇구나 거기 사람 많아?",
            "speaker": {
              "id": "1번",
              "sex": "여성",
              "age": "20대"
            },
            "speechAct": "(지시) 질문하기",
            "morpheme": "그렇/VA+구나/EF+거기/NP+사람/NNG+많/VA+아/EF"
          },
          {
            "id": 6,
            "text": "2 : 안면도 가는데 원래 한 시간인데 두 시간 걸렸어 ㅠ",
            "norm_text": "안면도 가는데 원래 한 시간인데 두 시간 걸렸어 ㅠ",
            "speaker": {
              "id": "2번",
              "sex": "남성",
              "age": "30대"
            },
            "speechAct": "(단언) 주장하기",
            "morpheme": "안면/NNG+도/JX+가/VV+는데/EC+원래/NNG+한/XSA+ETM+시간/NNG+인데두/VCP+EC+시간/NNG+걸렸/VV+EP+어ㅠ/UNKNOWN"
          },
          {
            "id": 7,
            "text": "1 : 와오 거기서 2시간이나 걸렸다고?",
            "norm_text": "와오 거기서 2시간이나 걸렸다고?",
            "speaker": {
              "id": "1번",
              "sex": "여성",
              "age": "20대"
            },
            "speechAct": "(지시) 질문하기",
            "morpheme": "와오/NNG+거기/NP+서/JKB+2/SN+시간/NNBC+이나/JX+걸렸/VV+EP+다고/EF"
          },
          {
            "id": 8,
            "text": "2 : 응 휴게소도 들리구 하느라 좀 늦었네 키키",
            "norm_text": "응 휴게소도 들리구 하느라 좀 늦었네 키키",
            "speaker": {
              "id": "2번",
              "sex": "남성",
              "age": "30대"
            },
            "speechAct": "(단언) 주장하기",
            "morpheme": "응/IC+휴게소/NNG+도/JX+들리/VV+구/EC+하/VV+느라/EC+좀/MAG+늦/VA+었/EP+네/EF+키/NNG+키/XSV+ETN"
          },
          {
            "id": 9,
            "text": "1 : 그래서 기념일에 재미있게 보냈어?",
            "norm_text": "그래서 기념일에 재미있게 보냈어?",
            "speaker": {
              "id": "1번",
              "sex": "여성",
              "age": "20대"
            },
            "speechAct": "(지시) 질문하기",
            "morpheme": "그래서/MAJ+기념일/NNG+에/JKB+재미있/VA+게/EC+보냈/VV+EP+어/EF"
          },
          {
            "id": 10,
            "text": "2 : 기념일 재밌었어 바베큐도 했어",
            "norm_text": "기념일 재밌었어 바베큐도 했어",
            "speaker": {
              "id": "2번",
              "sex": "남성",
              "age": "30대"
            },
            "speechAct": "(단언) 주장하기",
            "morpheme": "기념일/NNG+재밌/VA+었/EP+어/EC+바베큐/NNG+도/JX+했/VV+EP+어/EC"
          },
          {
            "id": 11,
            "text": "1 : 그렇구나 케이크는 준비 안 했어?",
            "norm_text": "그렇구나 케이크는 준비 안 했어?",
            "speaker": {
              "id": "1번",
              "sex": "여성",
              "age": "20대"
            },
            "speechAct": "(지시) 질문하기",
            "morpheme": "그렇/VA+구나/EF+케이크/NNG+는/JX+준비/NNG+안/MAG+했/VV+EP+어/EF"
          },
          {
            "id": 12,
            "text": "2 : 케이크는 둘 다 잘 안 먹어서 대신 고기로 채웠지",
            "norm_text": "케이크는 둘 다 잘 안 먹어서 대신 고기로 채웠지",
            "speaker": {
              "id": "2번",
              "sex": "남성",
              "age": "30대"
            },
            "speechAct": "(단언) 주장하기",
            "morpheme": "케이크/NNG+는/JX+둘/NR+다/MAG+잘/MAG+안/MAG+먹/VV+어서/EC+대신/NNG+고기/NNG+로/JKB+채웠/VV+EP+지/EC"
          },
          {
            "id": 13,
            "text": "1 : 3년차 되면 역시 실속이 챙기는 게 최고구나!",
            "norm_text": "3년차 되면 역시 실속이 챙기는 게 최고구나!",
            "speaker": {
              "id": "1번",
              "sex": "여성",
              "age": "20대"
            },
            "speechAct": "(단언) 주장하기",
            "morpheme": "3/SN+년/NNBC+차/NNG+되/XSV+면/EC+역시/MAJ+실속/NNG+이/JKS+챙기/VV+는/ETM+게/NNB+JKS+최고/NNG+구나/VCP+EF"
          },
          {
            "id": 14,
            "text": "2 : 키키 맞아 케이크는 돈 많이 아깝지",
            "norm_text": "키키 맞아 케이크는 돈 많이 아깝지",
            "speaker": {
              "id": "2번",
              "sex": "남성",
              "age": "30대"
            },
            "speechAct": "(단언) 주장하기",
            "morpheme": "키/NNG+키/XSV+ETN+맞/VV+아/EC+케이크/NNG+는/JX+돈/NNG+많이/MAG+아깝/VA+지/EC"
          },
          {
            "id": 15,
            "text": "1 : 그건 그래 나도 나중에는 작은 걸로 샀어 키키",
            "norm_text": "그건 그래 나도 나중에는 작은 걸로 샀어 키키",
            "speaker": {
              "id": "1번",
              "sex": "여성",
              "age": "20대"
            },
            "speechAct": "(단언) 주장하기",
            "morpheme": "그건/NP+JX+그래/VA+EC+나/NP+도/JX+나중/NNG+에/JKB+는/JX+작/VA+은/ETM+걸로/NNB+JKB+샀/VV+EP+어/EC+키/NNG+키/XSV+ETN"
          },
          {
            "id": 16,
            "text": "2 : 그게 맞아 둘 다 안 먹는다면 키키",
            "norm_text": "그게 맞아 둘 다 안 먹는다면 키키",
            "speaker": {
              "id": "2번",
              "sex": "남성",
              "age": "30대"
            },
            "speechAct": "(단언) 주장하기",
            "morpheme": "그게/NP+JKS+맞/VV+아/EC+둘/VX+ETM+다/MAG+안/MAG+먹/VV+는다면/EC+키/NNG+키/XSV+ETN"
          }
        ]
      }
    }
  ]
}