{
  "dataset": {
    "identifier": 104045,
    "name": "BAND_39_12_set",
    "src_path": "/data/file/cubeManager/PROJECT001/77/txt20211029151155091733/BAND_39_12_set/",
    "label_path": "/data/file/cubeManager/PROJECT001/77/txt20211029151155091733/BAND_39_12_set/",
    "category": 2,
    "type": 0
  },
  "licenses": {
    "name": "Apache License 1.0",
    "url": "http://www.apache.org/licenses/LICENSE-1.0"
  },
  "info": [
    {
      "id": 109674,
      "filename": "BAND_39_12.txt",
      "title": "BAND_39_12",
      "mediatype": "SNS",
      "medianame": "네이버밴드",
      "category": "일상대화",
      "date": "2021-10-29",
      "size": 852,
      "annotations": {
        "subject": "여행",
        "speaker_type": "다자간 대화",
        "size": 852,
        "word_size": 264,
        "text": "1 : 혼자 여행 한번 해보고 싶어\n1 : 혼자 여행 한번 해보고 싶어\n2 : 나두 혼자 바다 보러 가고팡\n2 : 나두 혼자 바다 보러 가고팡\n3 : 배낭 여행! 나홀로...게스트하우스 그런 맛\n3 : 배낭 여행! 나홀로...게스트하우스 그런 맛\n1 : 하고는 싶은데 아직 자신이 없으\n1 : 하고는 싶은데 아직 자신이 없으\n2 : 하 나는 남친이 못 하게함 키키\n2 : 하 나는 남친이 못 하게함 키키\n3 : 길치인 나는 꿈일뿐... 하지만 늘 꾸는!\n3 : 길치인 나는 꿈일뿐... 하지만 늘 꾸는!\n1 : 키키 나도 길치라 좀 무섭 키키\n1 : 키키 나도 길치라 좀 무섭 키키\n2 : 키키 원래 부닥치며 하는 거지 혼여행은!\n2 : 키키 원래 부닥치며 하는 거지 혼여행은!\n3 : 가보고 싶네 키키\n3 : 가보고 싶네 키키\n3 : 그냥 돌진 박아버려!?\n3 : 그냥 돌진 박아버려!?\n1 : 항상 처음이 어렵지 키키 도...저언\n1 : 항상 처음이 어렵지 키키 도...저언\n2 : 고고 혼자 제주도 때려박기~\n2 : 고고 혼자 제주도 때려박기~\n3 : 부추기면 무서워서 못 가는 건 비밀...ㅎ\n3 : 부추기면 무서워서 못 가는 건 비밀...ㅎ\n1 : 첨부터 제주도는 넘 쎈걸...\n1 : 첨부터 제주도는 넘 쎈걸...\n2 : 키키 그 그럼 인근지역부터 뿌술까^^?\n2 : 키키 그 그럼 인근지역부터 뿌술까^^?\n3 : 가까운 곳부터 도전해봐야지 키키\n3 : 가까운 곳부터 도전해봐야지 키키\n1 : 애들아 사실 나 혼밥도 안 해봤어\n1 : 애들아 사실 나 혼밥도 안 해봤어\n2 : 키키키키 홀리~혼자 영화 보기부터 도전해야할덧\n2 : 키키키키 홀리~혼자 영화 보기부터 도전해야할덧\n3 : ㅋㅋㅋ 혼자하는거 은근 힘든데 도전..해봐!\n3 : ㅋㅋㅋ 혼자하는거 은근 힘든데 도전..해봐!",
        "lines": [
          {
            "id": 1,
            "text": "1 : 혼자 여행 한번 해보고 싶어",
            "norm_text": "혼자 여행 한번 해보고 싶어",
            "speaker": {
              "id": "1번",
              "sex": "여성",
              "age": "20대"
            },
            "speechAct": "(단언) 주장하기",
            "morpheme": "혼자/NNG+여행/NNG+한/MM+번/NNBC+해/VV+EC+보/VX+고/EC+싶/VX+어/EC"
          },
          {
            "id": 1,
            "text": "1 : 혼자 여행 한번 해보고 싶어",
            "norm_text": "혼자 여행 한번 해보고 싶어",
            "speaker": {
              "id": "1번",
              "sex": "여성",
              "age": "20대"
            },
            "speechAct": "(단언) 주장하기",
            "morpheme": "혼자/NNG+여행/NNG+한/MM+번/NNBC+해/VV+EC+보/VX+고/EC+싶/VX+어/EC"
          },
          {
            "id": 2,
            "text": "2 : 나두 혼자 바다 보러 가고팡",
            "norm_text": "나두 혼자 바다 보러 가고팡",
            "speaker": {
              "id": "2번",
              "sex": "여성",
              "age": "20대"
            },
            "speechAct": "(단언) 주장하기",
            "morpheme": "나/NP+두/JX+혼자/MAG+바다/NNG+보/VV+러/EC+가/VX+고/EC+팡/NNP"
          },
          {
            "id": 2,
            "text": "2 : 나두 혼자 바다 보러 가고팡",
            "norm_text": "나두 혼자 바다 보러 가고팡",
            "speaker": {
              "id": "2번",
              "sex": "여성",
              "age": "20대"
            },
            "speechAct": "(단언) 주장하기",
            "morpheme": "나/NP+두/JX+혼자/MAG+바다/NNG+보/VV+러/EC+가/VX+고/EC+팡/NNP"
          },
          {
            "id": 3,
            "text": "3 : 배낭 여행! 나홀로...게스트하우스 그런 맛",
            "norm_text": "배낭 여행! 나홀로...게스트하우스 그런 맛",
            "speaker": {
              "id": "3번",
              "sex": "남성",
              "age": "20대"
            },
            "speechAct": "(단언) 주장하기",
            "morpheme": "배낭/NNG+여행/NNG+!/SY+나/JX+홀로/MAG+./SY+./SY+게스트/NNP+하우스/NNP+그런/MM+맛/NNG"
          },
          {
            "id": 3,
            "text": "3 : 배낭 여행! 나홀로...게스트하우스 그런 맛",
            "norm_text": "배낭 여행! 나홀로...게스트하우스 그런 맛",
            "speaker": {
              "id": "3번",
              "sex": "남성",
              "age": "20대"
            },
            "speechAct": "(단언) 주장하기",
            "morpheme": "배낭/NNG+여행/NNG+!/SY+나/JX+홀로/MAG+./SY+./SY+게스트/NNP+하우스/NNP+그런/MM+맛/NNG"
          },
          {
            "id": 4,
            "text": "1 : 하고는 싶은데 아직 자신이 없으",
            "norm_text": "하고는 싶은데 아직 자신이 없으",
            "speaker": {
              "id": "1번",
              "sex": "여성",
              "age": "20대"
            },
            "speechAct": "(단언) 주장하기",
            "morpheme": "하/VV+고는/EC+싶/VX+은데/EC+아직/MAG+자신/NNG+이/JKS+없/VA+으/EC"
          },
          {
            "id": 4,
            "text": "1 : 하고는 싶은데 아직 자신이 없으",
            "norm_text": "하고는 싶은데 아직 자신이 없으",
            "speaker": {
              "id": "1번",
              "sex": "여성",
              "age": "20대"
            },
            "speechAct": "(단언) 주장하기",
            "morpheme": "하/VV+고는/EC+싶/VX+은데/EC+아직/MAG+자신/NNG+이/JKS+없/VA+으/EC"
          },
          {
            "id": 5,
            "text": "2 : 하 나는 남친이 못 하게함 키키",
            "norm_text": "하 나는 남친이 못 하게함 키키",
            "speaker": {
              "id": "2번",
              "sex": "여성",
              "age": "20대"
            },
            "speechAct": "(단언) 진술하기",
            "morpheme": "하나/NR+는/JX+남친/NNG+이/JKS+못/MAG+하/VV+게/EC+함/VX+ETN+키/NNG+키/XSV+ETN"
          },
          {
            "id": 5,
            "text": "2 : 하 나는 남친이 못 하게함 키키",
            "norm_text": "하 나는 남친이 못 하게함 키키",
            "speaker": {
              "id": "2번",
              "sex": "여성",
              "age": "20대"
            },
            "speechAct": "(단언) 진술하기",
            "morpheme": "하나/NR+는/JX+남친/NNG+이/JKS+못/MAG+하/VV+게/EC+함/VX+ETN+키/NNG+키/XSV+ETN"
          },
          {
            "id": 6,
            "text": "3 : 길치인 나는 꿈일뿐... 하지만 늘 꾸는!",
            "norm_text": "길치인 나는 꿈일뿐... 하지만 늘 꾸는!",
            "speaker": {
              "id": "3번",
              "sex": "남성",
              "age": "20대"
            },
            "speechAct": "(단언) 주장하기",
            "morpheme": "길치/NNG+인나/VV+는/ETM+꿈/NNG+일/VCP+ETM+뿐/NNB+./SY+하지만/MAJ+늘/MAG+꾸/VV+는/ETM"
          },
          {
            "id": 6,
            "text": "3 : 길치인 나는 꿈일뿐... 하지만 늘 꾸는!",
            "norm_text": "길치인 나는 꿈일뿐... 하지만 늘 꾸는!",
            "speaker": {
              "id": "3번",
              "sex": "남성",
              "age": "20대"
            },
            "speechAct": "(단언) 주장하기",
            "morpheme": "길치/NNG+인나/VV+는/ETM+꿈/NNG+일/VCP+ETM+뿐/NNB+./SY+하지만/MAJ+늘/MAG+꾸/VV+는/ETM"
          },
          {
            "id": 7,
            "text": "1 : 키키 나도 길치라 좀 무섭 키키",
            "norm_text": "키키 나도 길치라 좀 무섭 키키",
            "speaker": {
              "id": "1번",
              "sex": "여성",
              "age": "20대"
            },
            "speechAct": "(단언) 주장하기",
            "morpheme": "키/NNG+키나/XSA+ETN+JX+도/JX+길치/NNG+라/VCP+EC+좀/MAG+무섭/VA+키/NNG+키/XSV+ETN"
          },
          {
            "id": 7,
            "text": "1 : 키키 나도 길치라 좀 무섭 키키",
            "norm_text": "키키 나도 길치라 좀 무섭 키키",
            "speaker": {
              "id": "1번",
              "sex": "여성",
              "age": "20대"
            },
            "speechAct": "(단언) 주장하기",
            "morpheme": "키/NNG+키나/XSA+ETN+JX+도/JX+길치/NNG+라/VCP+EC+좀/MAG+무섭/VA+키/NNG+키/XSV+ETN"
          },
          {
            "id": 8,
            "text": "2 : 키키 원래 부닥치며 하는 거지 혼여행은!",
            "norm_text": "키키 원래 부닥치며 하는 거지 혼여행은!",
            "speaker": {
              "id": "2번",
              "sex": "여성",
              "age": "20대"
            },
            "speechAct": "(단언) 주장하기",
            "morpheme": "키/NNG+키/XSV+ETN+원래/MAG+부닥치/VV+며/EC+하/VV+는/ETM+거/NNB+지/VCP+EC+혼/NNG+여행/NNG+은/JX"
          },
          {
            "id": 8,
            "text": "2 : 키키 원래 부닥치며 하는 거지 혼여행은!",
            "norm_text": "키키 원래 부닥치며 하는 거지 혼여행은!",
            "speaker": {
              "id": "2번",
              "sex": "여성",
              "age": "20대"
            },
            "speechAct": "(단언) 주장하기",
            "morpheme": "키/NNG+키/XSV+ETN+원래/MAG+부닥치/VV+며/EC+하/VV+는/ETM+거/NNB+지/VCP+EC+혼/NNG+여행/NNG+은/JX"
          },
          {
            "id": 9,
            "text": "3 : 가보고 싶네 키키",
            "norm_text": "가보고 싶네 키키",
            "speaker": {
              "id": "3번",
              "sex": "남성",
              "age": "20대"
            },
            "speechAct": "(단언) 주장하기",
            "morpheme": "가/VV+EC+보/VX+고/EC+싶/VX+네/EF+키/NNG+키/XSV+ETN"
          },
          {
            "id": 9,
            "text": "3 : 가보고 싶네 키키",
            "norm_text": "가보고 싶네 키키",
            "speaker": {
              "id": "3번",
              "sex": "남성",
              "age": "20대"
            },
            "speechAct": "(단언) 주장하기",
            "morpheme": "가/VV+EC+보/VX+고/EC+싶/VX+네/EF+키/NNG+키/XSV+ETN"
          },
          {
            "id": 10,
            "text": "3 : 그냥 돌진 박아버려!?",
            "norm_text": "그냥 돌진 박아버려!?",
            "speaker": {
              "id": "3번",
              "sex": "남성",
              "age": "20대"
            },
            "speechAct": "(지시) 질문하기",
            "morpheme": "그냥/MAG+돌진/NNG+박/VV+아/EC+버려/VX+EC+!/SY"
          },
          {
            "id": 10,
            "text": "3 : 그냥 돌진 박아버려!?",
            "norm_text": "그냥 돌진 박아버려!?",
            "speaker": {
              "id": "3번",
              "sex": "남성",
              "age": "20대"
            },
            "speechAct": "(지시) 질문하기",
            "morpheme": "그냥/MAG+돌진/NNG+박/VV+아/EC+버려/VX+EC+!/SY"
          },
          {
            "id": 11,
            "text": "1 : 항상 처음이 어렵지 키키 도...저언",
            "norm_text": "항상 처음이 어렵지 키키 도...저언",
            "speaker": {
              "id": "1번",
              "sex": "여성",
              "age": "20대"
            },
            "speechAct": "(단언) 주장하기",
            "morpheme": "항상/MAG+처음/NNG+이/JKS+어렵/VA+지/EC+키/NNG+키도/XSV+ETN+JX+./SY+저/MM+언/NNG"
          },
          {
            "id": 11,
            "text": "1 : 항상 처음이 어렵지 키키 도...저언",
            "norm_text": "항상 처음이 어렵지 키키 도...저언",
            "speaker": {
              "id": "1번",
              "sex": "여성",
              "age": "20대"
            },
            "speechAct": "(단언) 주장하기",
            "morpheme": "항상/MAG+처음/NNG+이/JKS+어렵/VA+지/EC+키/NNG+키도/XSV+ETN+JX+./SY+저/MM+언/NNG"
          },
          {
            "id": 12,
            "text": "2 : 고고 혼자 제주도 때려박기~",
            "norm_text": "고고 혼자 제주도 때려박기~",
            "speaker": {
              "id": "2번",
              "sex": "여성",
              "age": "20대"
            },
            "speechAct": "(단언) 주장하기",
            "morpheme": "고고/NNG+혼자/NNG+제주/NNP+도/JX+때려/VV+EC+박/VV+기/ETN+~/SY"
          },
          {
            "id": 12,
            "text": "2 : 고고 혼자 제주도 때려박기~",
            "norm_text": "고고 혼자 제주도 때려박기~",
            "speaker": {
              "id": "2번",
              "sex": "여성",
              "age": "20대"
            },
            "speechAct": "(단언) 주장하기",
            "morpheme": "고고/NNG+혼자/NNG+제주/NNP+도/JX+때려/VV+EC+박/VV+기/ETN+~/SY"
          },
          {
            "id": 13,
            "text": "3 : 부추기면 무서워서 못 가는 건 비밀...ㅎ",
            "norm_text": "부추기면 무서워서 못 가는 건 비밀...ㅎ",
            "speaker": {
              "id": "3번",
              "sex": "남성",
              "age": "20대"
            },
            "speechAct": "(단언) 주장하기",
            "morpheme": "부추기/VV+면/EC+무서워서/VA+EC+못/MAG+가/VV+는/ETM+건/NNB+JX+비밀/NNG+./SY+./SY+ㅎ/XSA"
          },
          {
            "id": 13,
            "text": "3 : 부추기면 무서워서 못 가는 건 비밀...ㅎ",
            "norm_text": "부추기면 무서워서 못 가는 건 비밀...ㅎ",
            "speaker": {
              "id": "3번",
              "sex": "남성",
              "age": "20대"
            },
            "speechAct": "(단언) 주장하기",
            "morpheme": "부추기/VV+면/EC+무서워서/VA+EC+못/MAG+가/VV+는/ETM+건/NNB+JX+비밀/NNG+./SY+./SY+ㅎ/XSA"
          },
          {
            "id": 14,
            "text": "1 : 첨부터 제주도는 넘 쎈걸...",
            "norm_text": "첨부터 제주도는 넘 쎈걸...",
            "speaker": {
              "id": "1번",
              "sex": "여성",
              "age": "20대"
            },
            "speechAct": "(단언) 주장하기",
            "morpheme": "첨/NNG+부터/JX+제주도/NNP+는/JX+넘/MAG+쎈/VA+ETM+걸/NNB+JKO+./SY+./SY"
          },
          {
            "id": 14,
            "text": "1 : 첨부터 제주도는 넘 쎈걸...",
            "norm_text": "첨부터 제주도는 넘 쎈걸...",
            "speaker": {
              "id": "1번",
              "sex": "여성",
              "age": "20대"
            },
            "speechAct": "(단언) 주장하기",
            "morpheme": "첨/NNG+부터/JX+제주도/NNP+는/JX+넘/MAG+쎈/VA+ETM+걸/NNB+JKO+./SY+./SY"
          },
          {
            "id": 15,
            "text": "2 : 키키 그 그럼 인근지역부터 뿌술까^^?",
            "norm_text": "키키 그 그럼 인근지역부터 뿌술까^^?",
            "speaker": {
              "id": "2번",
              "sex": "여성",
              "age": "20대"
            },
            "speechAct": "(지시) 질문하기",
            "morpheme": "키키그그럼인근지역부터뿌술까/UNKNOWN+^/SY+^/SY"
          },
          {
            "id": 15,
            "text": "2 : 키키 그 그럼 인근지역부터 뿌술까^^?",
            "norm_text": "키키 그 그럼 인근지역부터 뿌술까^^?",
            "speaker": {
              "id": "2번",
              "sex": "여성",
              "age": "20대"
            },
            "speechAct": "(지시) 질문하기",
            "morpheme": "키키그그럼인근지역부터뿌술까/UNKNOWN+^/SY+^/SY"
          },
          {
            "id": 16,
            "text": "3 : 가까운 곳부터 도전해봐야지 키키",
            "norm_text": "가까운 곳부터 도전해봐야지 키키",
            "speaker": {
              "id": "3번",
              "sex": "남성",
              "age": "20대"
            },
            "speechAct": "(단언) 주장하기",
            "morpheme": "가까운/VA+ETM+곳/NNB+부터/JX+도전/NNG+해봐야/XSV+EC+VX+EC+VX+지/EC+키/NNG+키/XSV+ETN"
          },
          {
            "id": 16,
            "text": "3 : 가까운 곳부터 도전해봐야지 키키",
            "norm_text": "가까운 곳부터 도전해봐야지 키키",
            "speaker": {
              "id": "3번",
              "sex": "남성",
              "age": "20대"
            },
            "speechAct": "(단언) 주장하기",
            "morpheme": "가까운/VA+ETM+곳/NNB+부터/JX+도전/NNG+해봐야/XSV+EC+VX+EC+VX+지/EC+키/NNG+키/XSV+ETN"
          },
          {
            "id": 17,
            "text": "1 : 애들아 사실 나 혼밥도 안 해봤어",
            "norm_text": "애들아 사실 나 혼밥도 안 해봤어",
            "speaker": {
              "id": "1번",
              "sex": "여성",
              "age": "20대"
            },
            "speechAct": "(단언) 주장하기",
            "morpheme": "애/NNG+들/XSN+아/JKV+사실/MAG+나혼/NNP+밥/NNG+도/JX+안/MAG+해/VV+EC+봤/VX+EP+어/EC"
          },
          {
            "id": 17,
            "text": "1 : 애들아 사실 나 혼밥도 안 해봤어",
            "norm_text": "애들아 사실 나 혼밥도 안 해봤어",
            "speaker": {
              "id": "1번",
              "sex": "여성",
              "age": "20대"
            },
            "speechAct": "(단언) 주장하기",
            "morpheme": "애/NNG+들/XSN+아/JKV+사실/MAG+나혼/NNP+밥/NNG+도/JX+안/MAG+해/VV+EC+봤/VX+EP+어/EC"
          },
          {
            "id": 18,
            "text": "2 : 키키키키 홀리~혼자 영화 보기부터 도전해야할덧",
            "norm_text": "키키키키 홀리~혼자 영화 보기부터 도전해야할덧",
            "speaker": {
              "id": "2번",
              "sex": "여성",
              "age": "20대"
            },
            "speechAct": "(지시) 충고/제안하기",
            "morpheme": "키키키키홀리/UNKNOWN+~/SY+혼자/NNG+영화/NNG+보/VV+기/ETN+부터/JX+도전/NNG+해야/XSV+EC+할/VX+ETM+덧/NNG"
          },
          {
            "id": 18,
            "text": "2 : 키키키키 홀리~혼자 영화 보기부터 도전해야할덧",
            "norm_text": "키키키키 홀리~혼자 영화 보기부터 도전해야할덧",
            "speaker": {
              "id": "2번",
              "sex": "여성",
              "age": "20대"
            },
            "speechAct": "(지시) 충고/제안하기",
            "morpheme": "키키키키홀리/UNKNOWN+~/SY+혼자/NNG+영화/NNG+보/VV+기/ETN+부터/JX+도전/NNG+해야/XSV+EC+할/VX+ETM+덧/NNG"
          },
          {
            "id": 19,
            "text": "3 : ㅋㅋㅋ 혼자하는거 은근 힘든데 도전..해봐!",
            "norm_text": "ㅋㅋㅋ 혼자하는거 은근 힘든데 도전..해봐!",
            "speaker": {
              "id": "3번",
              "sex": "남성",
              "age": "20대"
            },
            "speechAct": "(지시) 충고/제안하기",
            "morpheme": "ㅋㅋㅋ혼자하는거은근힘든데도전/UNKNOWN+./SY+해/VV+EC+봐/VX+EF"
          },
          {
            "id": 19,
            "text": "3 : ㅋㅋㅋ 혼자하는거 은근 힘든데 도전..해봐!",
            "norm_text": "ㅋㅋㅋ 혼자하는거 은근 힘든데 도전..해봐!",
            "speaker": {
              "id": "3번",
              "sex": "남성",
              "age": "20대"
            },
            "speechAct": "(지시) 충고/제안하기",
            "morpheme": "ㅋㅋㅋ혼자하는거은근힘든데도전/UNKNOWN+./SY+해/VV+EC+봐/VX+EF"
          }
        ]
      }
    }
  ]
}