{
  "dataset": {
    "identifier": 98638,
    "name": "BAND_37_19_set",
    "src_path": "/data/file/cubeManager/PROJECT001/77/txt20211027150101064660/BAND_37_19_set/",
    "label_path": "/data/file/cubeManager/PROJECT001/77/txt20211027150101064660/BAND_37_19_set/",
    "category": 2,
    "type": 0
  },
  "licenses": {
    "name": "Apache License 1.0",
    "url": "http://www.apache.org/licenses/LICENSE-1.0"
  },
  "info": [
    {
      "id": 96659,
      "filename": "BAND_37_19.txt",
      "title": "BAND_37_19",
      "mediatype": "SNS",
      "medianame": "네이버밴드",
      "category": "일상대화",
      "date": "2021-10-27",
      "size": 433,
      "annotations": {
        "subject": "방송/연예",
        "speaker_type": "다자간 대화",
        "size": 433,
        "word_size": 135,
        "text": "1 : 오랜만에 유퀴즈 보니깐 재밌더라\n2 : 아 유재석 나오는 건 무조건 재밌지 키키\n3 : 옆에서 조세호도 잘 거들더라\n1 : 오징어 게임 나온 새벽이 나왔어\n2 : 아아 안그래도 그거 유튜브에서 봤지 키키\n3 : 아 새벽이가 그 누구더라\n1 : 키키 오겜 안 본거야? 혹시? 키키 그 정호연 배우\n2 : 응응 마지막 3명 남았을때 여자분 키키\n3 : 아 그분! 연기 짱 잘하더라\n1 : 매력 쩔던데 ㅠㅜㅜ 마인드도 좋고!\n2 : 그러니깐 겸손하고 엄청 이뻐보이더라 키키\n3 : 최고야 진차로... 연기도 잘하고\n1 : 원래 유명한 모델이더라 몰랐어\n2 : 그 오징어게임 나오기 전에 무슨 모델 프로그램에도 나오셨던데\n3 : 나는 인스타에서 봤는데 진짜 느낌있더라\n1 : 그니깐 해외 무대도 많이 서고 멋있던데 키키\n2 : 오징어게임 이후로 완전 월클되셨지! 키키\n3 : 너무 멋진 거 같아 진짜 ㅠㅠ",
        "lines": [
          {
            "id": 1,
            "text": "1 : 오랜만에 유퀴즈 보니깐 재밌더라",
            "norm_text": "오랜만에 유퀴즈 보니깐 재밌더라",
            "speaker": {
              "id": "1번",
              "sex": "여성",
              "age": "20대"
            },
            "speechAct": "(단언) 주장하기",
            "morpheme": "오랜만/NNG+에/JKB+유/NNG+퀴즈/NNG+보/VV+니깐/EC+재밌/VA+더라/EC"
          },
          {
            "id": 2,
            "text": "2 : 아 유재석 나오는 건 무조건 재밌지 키키",
            "norm_text": "아 유재석 나오는 건 무조건 재밌지 키키",
            "speaker": {
              "id": "2번",
              "sex": "남성",
              "age": "20대"
            },
            "speechAct": "(단언) 주장하기",
            "morpheme": "아유/IC+재석/NNG+나오/VV+는/ETM+건/NNB+JX+무조건/MAG+재밌/VA+지/EC+키/NNG+키/XSV+ETN"
          },
          {
            "id": 3,
            "text": "3 : 옆에서 조세호도 잘 거들더라",
            "norm_text": "옆에서 조세호도 잘 거들더라",
            "speaker": {
              "id": "3번",
              "sex": "남성",
              "age": "20대"
            },
            "speechAct": "(단언) 주장하기",
            "morpheme": "옆/NNG+에서/JKB+조세호/NNP+도/JX+잘/MAG+거들/VV+더라/EC"
          },
          {
            "id": 4,
            "text": "1 : 오징어 게임 나온 새벽이 나왔어",
            "norm_text": "오징어 게임 나온 새벽이 나왔어",
            "speaker": {
              "id": "1번",
              "sex": "여성",
              "age": "20대"
            },
            "speechAct": "(단언) 진술하기",
            "morpheme": "오징어/NNG+게임/NNG+나온/VV+ETM+새벽/NNG+이/JKS+나왔/VV+EP+어/EC"
          },
          {
            "id": 5,
            "text": "2 : 아아 안그래도 그거 유튜브에서 봤지 키키",
            "norm_text": "아아 안그래도 그거 유튜브에서 봤지 키키",
            "speaker": {
              "id": "2번",
              "sex": "남성",
              "age": "20대"
            },
            "speechAct": "(단언) 진술하기",
            "morpheme": "아아/IC+안/MAG+그래도/VV+EC+그거/NP+유튜브/NNP+에서/JKB+봤/VV+EP+지/EC+키/NNG+키/XSV+ETN"
          },
          {
            "id": 6,
            "text": "3 : 아 새벽이가 그 누구더라",
            "norm_text": "아 새벽이가 그 누구더라",
            "speaker": {
              "id": "3번",
              "sex": "남성",
              "age": "20대"
            },
            "speechAct": "(지시) 질문하기",
            "morpheme": "아/IC+새벽/NNG+이/NP+가/JKS+그/IC+누구/NP+더라/VCP+EC"
          },
          {
            "id": 7,
            "text": "1 : 키키 오겜 안 본거야? 혹시? 키키 그 정호연 배우",
            "norm_text": "키키 오겜 안 본거야? 혹시? 키키 그 정호연 배우",
            "speaker": {
              "id": "1번",
              "sex": "여성",
              "age": "20대"
            },
            "speechAct": "(단언) 진술하기",
            "morpheme": "키/NNG+키오/NNP+겜/NNP+안/MAG+본/VV+ETM+거/NNB+야/VCP+EF+혹시/MAG+키키그정호연배우/UNKNOWN"
          },
          {
            "id": 8,
            "text": "2 : 응응 마지막 3명 남았을때 여자분 키키",
            "norm_text": "응응 마지막 3명 남았을때 여자분 키키",
            "speaker": {
              "id": "2번",
              "sex": "남성",
              "age": "20대"
            },
            "speechAct": "(단언) 진술하기",
            "morpheme": "응/IC+응/IC+마지막/NNG+3/SN+명/NNBC+남/VV+았/EP+을/ETM+때/NNG+여자/NNG+분키/NNP+키/NNG"
          },
          {
            "id": 9,
            "text": "3 : 아 그분! 연기 짱 잘하더라",
            "norm_text": "아 그분! 연기 짱 잘하더라",
            "speaker": {
              "id": "3번",
              "sex": "남성",
              "age": "20대"
            },
            "speechAct": "(단언) 주장하기",
            "morpheme": "아/IC+그분/NP+연기/NNG+짱/NNG+잘/MAG+하/VV+더라/EC"
          },
          {
            "id": 10,
            "text": "1 : 매력 쩔던데 ㅠㅜㅜ 마인드도 좋고!",
            "norm_text": "매력 쩔던데 ㅠㅜㅜ 마인드도 좋고!",
            "speaker": {
              "id": "1번",
              "sex": "여성",
              "age": "20대"
            },
            "speechAct": "(단언) 주장하기",
            "morpheme": "매력/NNG+쩔/VV+던/ETM+데ㅠ/UNKNOWN+ㅜㅜ/UNKNOWN+마인드/NNG+도/JX+좋/VA+고/EC"
          },
          {
            "id": 11,
            "text": "2 : 그러니깐 겸손하고 엄청 이뻐보이더라 키키",
            "norm_text": "그러니깐 겸손하고 엄청 이뻐보이더라 키키",
            "speaker": {
              "id": "2번",
              "sex": "남성",
              "age": "20대"
            },
            "speechAct": "(단언) 주장하기",
            "morpheme": "그러니깐/MAJ+겸손/NNG+하/XSV+고/EC+엄청/MAG+이뻐/VA+EC+보이/VV+더라/EC+키/NNG+키/XSV+ETN"
          },
          {
            "id": 12,
            "text": "3 : 최고야 진차로... 연기도 잘하고",
            "norm_text": "최고야 진차로... 연기도 잘하고",
            "speaker": {
              "id": "3번",
              "sex": "남성",
              "age": "20대"
            },
            "speechAct": "(단언) 주장하기",
            "morpheme": "최고/NNG+야/VCP+EC+진/VX+ETM+차/NNG+로/JKB+./SY+./SY+연기/NNG+도/JX+잘/MAG+하/VV+고/EC"
          },
          {
            "id": 13,
            "text": "1 : 원래 유명한 모델이더라 몰랐어",
            "norm_text": "원래 유명한 모델이더라 몰랐어",
            "speaker": {
              "id": "1번",
              "sex": "여성",
              "age": "20대"
            },
            "speechAct": "(단언) 주장하기",
            "morpheme": "원래/MAG+유명/NNG+한/XSA+ETM+모델/NNG+이/VCP+더라/EC+몰랐/VV+EP+어/EC"
          },
          {
            "id": 14,
            "text": "2 : 그 오징어게임 나오기 전에 무슨 모델 프로그램에도 나오셨던데",
            "norm_text": "그 오징어게임 나오기 전에 무슨 모델 프로그램에도 나오셨던데",
            "speaker": {
              "id": "2번",
              "sex": "남성",
              "age": "20대"
            },
            "speechAct": "(단언) 진술하기",
            "morpheme": "그/MM+오징어/NNG+게임/NNG+나오/VV+기/ETN+전/NNG+에/JKB+무슨/MM+모델/NNG+프로그램/NNG+에/JKB+도/JX+나오/VV+셨/EP+EP+던데/EC"
          },
          {
            "id": 15,
            "text": "3 : 나는 인스타에서 봤는데 진짜 느낌있더라",
            "norm_text": "나는 인스타에서 봤는데 진짜 느낌있더라",
            "speaker": {
              "id": "3번",
              "sex": "남성",
              "age": "20대"
            },
            "speechAct": "(단언) 주장하기",
            "morpheme": "나/NP+는/JX+인/VCP+ETM+스타/NNG+에서/JKB+봤/VV+EP+는데/EC+진짜/MAG+느낌/MAG+있/VV+더라/EC"
          },
          {
            "id": 16,
            "text": "1 : 그니깐 해외 무대도 많이 서고 멋있던데 키키",
            "norm_text": "그니깐 해외 무대도 많이 서고 멋있던데 키키",
            "speaker": {
              "id": "1번",
              "sex": "여성",
              "age": "20대"
            },
            "speechAct": "(단언) 주장하기",
            "morpheme": "그니깐/MAJ+해외/NNG+무대/NNG+도/JX+많이/MAG+서/VV+고/EC+멋있/VA+던데/EC+키/NNG+키/XSV+ETN"
          },
          {
            "id": 17,
            "text": "2 : 오징어게임 이후로 완전 월클되셨지! 키키",
            "norm_text": "오징어게임 이후로 완전 월클되셨지! 키키",
            "speaker": {
              "id": "2번",
              "sex": "남성",
              "age": "20대"
            },
            "speechAct": "(단언) 진술하기",
            "morpheme": "오징어/NNG+게임/NNG+이후/NNG+로/JKB+완전/MAG+월/NNG+클/NNG+되/XSV+셨/EP+EP+지/EF+키/NNG+키/XSV+ETN"
          },
          {
            "id": 18,
            "text": "3 : 너무 멋진 거 같아 진짜 ㅠㅠ",
            "norm_text": "너무 멋진 거 같아 진짜 ㅠㅠ",
            "speaker": {
              "id": "3번",
              "sex": "남성",
              "age": "20대"
            },
            "speechAct": "(단언) 주장하기",
            "morpheme": "너무/MAG+멋진/VA+ETM+거/NNB+같/VA+아/EC+진짜/MAG+ㅠㅠ/UNKNOWN"
          }
        ]
      }
    }
  ]
}