{
  "dataset": {
    "identifier": 103754,
    "name": "BAND_39_10_set",
    "src_path": "/data/file/cubeManager/PROJECT001/77/txt20211029151155090074/BAND_39_10_set/",
    "label_path": "/data/file/cubeManager/PROJECT001/77/txt20211029151155090074/BAND_39_10_set/",
    "category": 2,
    "type": 0
  },
  "licenses": {
    "name": "Apache License 1.0",
    "url": "http://www.apache.org/licenses/LICENSE-1.0"
  },
  "info": [
    {
      "id": 109672,
      "filename": "BAND_39_10.txt",
      "title": "BAND_39_10",
      "mediatype": "SNS",
      "medianame": "네이버밴드",
      "category": "일상대화",
      "date": "2021-10-29",
      "size": 447,
      "annotations": {
        "subject": "스포츠/레저",
        "speaker_type": "다자간 대화",
        "size": 447,
        "word_size": 139,
        "text": "1 : 축구 직관 해보고 싶다\n2 : 헐헐 잼겠네 마이손~! 손 흥 뮌~!\n3 : 축구 잘 모르는데 요즘 보니까 재밌어보여!\n1 : 키키 예전에 한번 경기장 가서 봤는데 존잼 ㅜㅜ\n2 : 헐 진짜?\n2 : 축구선수 누구 봤엉?\n3 : 보면 짱 신기할듯!\n3 : 보고싶다 나도\n1 : 기성용 손흥민 국가대표 거의 본듯!\n2 : 와우 마이손~그때 마이손의 사인을 받았더라면~\n3 : 난 키키 한 평생 자랑할테야...!\n1 : 키키 진짜 가서 보니깐 확실히 달라 신나\n2 : 키키 막 응원봉도 들고 그랬오?\n3 : 경기장의 짜릿함이 다르다던데 어때!?\n1 : 티 입고 머리띠하고 키키 손에는 치킨이었는데?\n2 : 키키 올~ 제대로 보구왔구나~\n2 : 축알못은 웁니다\n3 : 키키 역시 응원 보단 치킨맛이지\n1 : 나중에 다같이 보러 가즈아~!\n2 : 가자가자~!\n2 : 코로나 끝나면 입장 가능인가요~?\n3 : 좋아 바로 렛츠기릿! 시간비워!",
        "lines": [
          {
            "id": 1,
            "text": "1 : 축구 직관 해보고 싶다",
            "norm_text": "축구 직관 해보고 싶다",
            "speaker": {
              "id": "1번",
              "sex": "여성",
              "age": "20대"
            },
            "speechAct": "(단언) 주장하기",
            "morpheme": "축구/NNG+직관/NNG+해/XSV+EC+보/VX+고/EC+싶/VX+다/EC"
          },
          {
            "id": 2,
            "text": "2 : 헐헐 잼겠네 마이손~! 손 흥 뮌~!",
            "norm_text": "헐헐 잼겠네 마이손~! 손 흥 뮌~!",
            "speaker": {
              "id": "2번",
              "sex": "여성",
              "age": "20대"
            },
            "speechAct": "(단언) 주장하기",
            "morpheme": "헐헐/MAG+잼/VV+ETN+겠/EP+네/EF+마이/MAG+손/NNG+~/SY+손흥뮌/UNKNOWN+~/SY"
          },
          {
            "id": 3,
            "text": "3 : 축구 잘 모르는데 요즘 보니까 재밌어보여!",
            "norm_text": "축구 잘 모르는데 요즘 보니까 재밌어보여!",
            "speaker": {
              "id": "3번",
              "sex": "남성",
              "age": "20대"
            },
            "speechAct": "(단언) 주장하기",
            "morpheme": "축구/NNG+잘/MAG+모르/VV+는데/EC+요즘/MAG+보/VV+니까/EC+재밌/VA+어/EC+보여/VV+EF"
          },
          {
            "id": 4,
            "text": "1 : 키키 예전에 한번 경기장 가서 봤는데 존잼 ㅜㅜ",
            "norm_text": "키키 예전에 한번 경기장 가서 봤는데 존잼 ㅜㅜ",
            "speaker": {
              "id": "1번",
              "sex": "여성",
              "age": "20대"
            },
            "speechAct": "(단언) 주장하기",
            "morpheme": "키/NNG+키/NNG+예전/NNG+에/JKB+한/MM+번/NNBC+경기장/NNG+가/VV+서/EC+봤/VX+EP+는데/EC+존/NNP+잼/NNG+ㅜㅜ/UNKNOWN"
          },
          {
            "id": 5,
            "text": "2 : 헐 진짜?",
            "norm_text": "헐 진짜?",
            "speaker": {
              "id": "2번",
              "sex": "여성",
              "age": "20대"
            },
            "speechAct": "(지시) 질문하기",
            "morpheme": "헐/IC+진짜/MAG"
          },
          {
            "id": 6,
            "text": "2 : 축구선수 누구 봤엉?",
            "norm_text": "축구선수 누구 봤엉?",
            "speaker": {
              "id": "2번",
              "sex": "여성",
              "age": "20대"
            },
            "speechAct": "(지시) 질문하기",
            "morpheme": "축구/NNG+선수/NNG+누구/NP+봤/VV+EP+엉/EF"
          },
          {
            "id": 7,
            "text": "3 : 보면 짱 신기할듯!",
            "norm_text": "보면 짱 신기할듯!",
            "speaker": {
              "id": "3번",
              "sex": "남성",
              "age": "20대"
            },
            "speechAct": "(단언) 주장하기",
            "morpheme": "보/VV+면/EC+짱/NNG+신기/NNG+할/XSV+ETM+듯/NNB"
          },
          {
            "id": 8,
            "text": "3 : 보고싶다 나도",
            "norm_text": "보고싶다 나도",
            "speaker": {
              "id": "3번",
              "sex": "남성",
              "age": "20대"
            },
            "speechAct": "(단언) 주장하기",
            "morpheme": "보/VV+고/EC+싶/VX+다/EF+나/NP+도/JX"
          },
          {
            "id": 9,
            "text": "1 : 기성용 손흥민 국가대표 거의 본듯!",
            "norm_text": "기성용 손흥민 국가대표 거의 본듯!",
            "speaker": {
              "id": "1번",
              "sex": "여성",
              "age": "20대"
            },
            "speechAct": "(단언) 진술하기",
            "morpheme": "기성용/NNP+손흥민/NNP+국가/NNG+대표/NNG+거의/MAG+본/VV+ETM+듯/NNB"
          },
          {
            "id": 10,
            "text": "2 : 와우 마이손~그때 마이손의 사인을 받았더라면~",
            "norm_text": "와우 마이손~그때 마이손의 사인을 받았더라면~",
            "speaker": {
              "id": "2번",
              "sex": "여성",
              "age": "20대"
            },
            "speechAct": "(단언) 주장하기",
            "morpheme": "와우/IC+마이/MAG+손/NNG+~/SY+그때/NNG+마이/MAG+손/NNG+의/JKG+사인/NNG+을/JKO+받/VV+았/EP+더라면/EC+~/SY"
          },
          {
            "id": 11,
            "text": "3 : 난 키키 한 평생 자랑할테야...!",
            "norm_text": "난 키키 한 평생 자랑할테야...!",
            "speaker": {
              "id": "3번",
              "sex": "남성",
              "age": "20대"
            },
            "speechAct": "(단언) 주장하기",
            "morpheme": "난키/NNP+키/NNG+한/XSA+ETM+평생/NNG+자랑/NNG+할/XSV+ETM+테/NNB+VCP+야/EF+./SY+./SY"
          },
          {
            "id": 12,
            "text": "1 : 키키 진짜 가서 보니깐 확실히 달라 신나",
            "norm_text": "키키 진짜 가서 보니깐 확실히 달라 신나",
            "speaker": {
              "id": "1번",
              "sex": "여성",
              "age": "20대"
            },
            "speechAct": "(단언) 주장하기",
            "morpheme": "키/NNG+키/XSV+ETN+진짜/MAG+가/VV+서/EC+보/VX+니깐/EC+확실히/MAG+달라/VA+EC+신나/VV+EC"
          },
          {
            "id": 13,
            "text": "2 : 키키 막 응원봉도 들고 그랬오?",
            "norm_text": "키키 막 응원봉도 들고 그랬오?",
            "speaker": {
              "id": "2번",
              "sex": "여성",
              "age": "20대"
            },
            "speechAct": "(지시) 질문하기",
            "morpheme": "키/NNG+키/XSV+ETN+막/MAJ+응/IC+원봉/NNG+도/JX+들/VV+고/EC+그랬/VV+EP+오/EF"
          },
          {
            "id": 14,
            "text": "3 : 경기장의 짜릿함이 다르다던데 어때!?",
            "norm_text": "경기장의 짜릿함이 다르다던데 어때!?",
            "speaker": {
              "id": "3번",
              "sex": "남성",
              "age": "20대"
            },
            "speechAct": "(지시) 질문하기",
            "morpheme": "경기장/NNG+의/JKG+짜릿/XR+함/XSA+ETN+이/JKS+다르/VA+다던데/EC+어때/VA+EC+!/SY"
          },
          {
            "id": 15,
            "text": "1 : 티 입고 머리띠하고 키키 손에는 치킨이었는데?",
            "norm_text": "티 입고 머리띠하고 키키 손에는 치킨이었는데?",
            "speaker": {
              "id": "1번",
              "sex": "여성",
              "age": "20대"
            },
            "speechAct": "(단언) 진술하기",
            "morpheme": "티/NNG+입/VV+고/EC+머리띠/NNG+하/XSV+고/EC+키/NNG+키손/NNG+에/JKB+는/JX+치킨/NNG+이/VCP+었/EP+는데/EF"
          },
          {
            "id": 16,
            "text": "2 : 키키 올~ 제대로 보구왔구나~",
            "norm_text": "키키 올~ 제대로 보구왔구나~",
            "speaker": {
              "id": "2번",
              "sex": "여성",
              "age": "20대"
            },
            "speechAct": "(단언) 주장하기",
            "morpheme": "키/NNG+키/XSV+ETN+올/VV+ETM+~/SY+제대로/MAG+보/VV+구/EC+왔/VX+EP+구나/EF+~/SY"
          },
          {
            "id": 17,
            "text": "2 : 축알못은 웁니다",
            "norm_text": "축알못은 웁니다",
            "speaker": {
              "id": "2번",
              "sex": "여성",
              "age": "20대"
            },
            "speechAct": "(단언) 주장하기",
            "morpheme": "축알/NNG+못/NNG+은/JX+웁/VA+니다/EC"
          },
          {
            "id": 18,
            "text": "3 : 키키 역시 응원 보단 치킨맛이지",
            "norm_text": "키키 역시 응원 보단 치킨맛이지",
            "speaker": {
              "id": "3번",
              "sex": "남성",
              "age": "20대"
            },
            "speechAct": "(단언) 주장하기",
            "morpheme": "키/NNG+키/XSV+ETN+역시/MAJ+응원/NNG+보단/JKB+JX+치킨/VV+ETM+맛/NNG+이/VCP+지/EC"
          },
          {
            "id": 19,
            "text": "1 : 나중에 다같이 보러 가즈아~!",
            "norm_text": "나중에 다같이 보러 가즈아~!",
            "speaker": {
              "id": "1번",
              "sex": "여성",
              "age": "20대"
            },
            "speechAct": "(지시) 충고/제안하기",
            "morpheme": "나중/NNG+에다/JKB+같이/MAG+보/VV+러/EC+가즈/NNP+아/JKV+~/SY"
          },
          {
            "id": 20,
            "text": "2 : 가자가자~!",
            "norm_text": "가자가자~!",
            "speaker": {
              "id": "2번",
              "sex": "여성",
              "age": "20대"
            },
            "speechAct": "(단언) 주장하기",
            "morpheme": "가/VV+자/EC+가/VX+자/EC+~/SY"
          },
          {
            "id": 21,
            "text": "2 : 코로나 끝나면 입장 가능인가요~?",
            "norm_text": "코로나 끝나면 입장 가능인가요~?",
            "speaker": {
              "id": "2번",
              "sex": "여성",
              "age": "20대"
            },
            "speechAct": "(지시) 질문하기",
            "morpheme": "코로나/NNG+끝/NNG+나/VV+면/EC+입장/NNG+가능/NNG+인가요/VCP+EC+~/SY"
          },
          {
            "id": 22,
            "text": "3 : 좋아 바로 렛츠기릿! 시간비워!",
            "norm_text": "좋아 바로 렛츠기릿! 시간비워!",
            "speaker": {
              "id": "3번",
              "sex": "남성",
              "age": "20대"
            },
            "speechAct": "(언약) 약속하기(제3자와)/(개인적 수준)",
            "morpheme": "좋/VA+아/EC+바로/MAG+렛츠/NNP+기/NNB+VCP+릿/EF+시간/NNG+비워/VV+EF"
          }
        ]
      }
    }
  ]
}