{
  "dataset": {
    "identifier": 51312,
    "name": "BAND_34_08_set",
    "src_path": "/data/file/cubeManager/PROJECT001/53/txt202109281136470964106/BAND_34_08_set/",
    "label_path": "/data/file/cubeManager/PROJECT001/53/txt202109281136470964106/BAND_34_08_set/",
    "category": 2,
    "type": 0
  },
  "licenses": {
    "name": "Apache License 1.0",
    "url": "http://www.apache.org/licenses/LICENSE-1.0"
  },
  "info": [
    {
      "id": 35467,
      "filename": "BAND_34_08.txt",
      "title": "BAND_34_08",
      "mediatype": "SNS",
      "medianame": "네이버밴드",
      "category": "일상대화",
      "date": "2021-09-28",
      "size": 412,
      "annotations": {
        "subject": "연애/결혼",
        "speaker_type": "1:1",
        "size": 412,
        "word_size": 137,
        "text": "1 : 오빠는 여자친구 어떻게 만났어?\n2 : 난 여자친구랑 전 직장 동료였어\n1 : 여자친구 어디가 그렇게 좋아서~?\n2 : 키키 귀엽고 이쁘고 착하고 혼자 다하지\n1 : 그런 사람을 오빠가 만날 수가 없는데?\n2 : 키키 나도 충분히 만날 수 있지\n2 : 왜 키키 소개 시켜 줄께\n1 : 그 여자 분이 눈이 많이 낮나 봐~\n2 : 아니야 눈이 높으니깐 나를 만났지 키키\n1 : 그렇구나 사람 다 됐네 이 오빠~\n2 : 키키 나 정도면 뭐 어딜 가도 꿀리지 않아 키키\n1 : 역시 남자들의 허세란 봐 줄 수가 없다~\n2 : 키키 이건 허세가 아니라 찐인 거야 인정하지?\n1 : 그래 그렇다고 해줄게 여자친구한테 잘해줘~\n2 : 키키 그럼 내 전재산을 다 줄 꺼야\n1 : 어 내가 여친이랑 친해져서 얘기해 줘도 돼?\n2 : 그럼 당연하지 얘기해봐 키키 친해지면 좋지",
        "lines": [
          {
            "id": 1,
            "text": "1 : 오빠는 여자친구 어떻게 만났어?",
            "norm_text": "오빠는 여자친구 어떻게 만났어?",
            "speaker": {
              "id": "1번",
              "sex": "여성",
              "age": "20대"
            },
            "speechAct": "(지시) 질문하기",
            "morpheme": "오빠/NNG+는/JX+여자/NNG+친구/NNG+어떻게/MAG+만났/VV+EP+어/EF"
          },
          {
            "id": 2,
            "text": "2 : 난 여자친구랑 전 직장 동료였어",
            "norm_text": "난 여자친구랑 전 직장 동료였어",
            "speaker": {
              "id": "2번",
              "sex": "남성",
              "age": "30대"
            },
            "speechAct": "(단언) 진술하기",
            "morpheme": "난/NP+JX+여자/NNG+친구/NNG+랑/JC+전/MM+직장/NNG+동료/NNG+였/VCP+EP+어/EC"
          },
          {
            "id": 3,
            "text": "1 : 여자친구 어디가 그렇게 좋아서~?",
            "norm_text": "여자친구 어디가 그렇게 좋아서~?",
            "speaker": {
              "id": "1번",
              "sex": "여성",
              "age": "20대"
            },
            "speechAct": "(지시) 질문하기",
            "morpheme": "여자/NNG+친구/NNG+어디/NP+가/JKS+그렇게/MAG+좋/VA+아서/EC+~/SY"
          },
          {
            "id": 4,
            "text": "2 : 키키 귀엽고 이쁘고 착하고 혼자 다하지",
            "norm_text": "키키 귀엽고 이쁘고 착하고 혼자 다하지",
            "speaker": {
              "id": "2번",
              "sex": "남성",
              "age": "30대"
            },
            "speechAct": "(단언) 진술하기",
            "morpheme": "키/NNG+키/XSV+ETN+귀엽/VA+고/EC+이쁘/VA+고/EC+착하/VA+고/EC+혼자/NNG+다/MAG+하/VV+지/EC"
          },
          {
            "id": 5,
            "text": "1 : 그런 사람을 오빠가 만날 수가 없는데?",
            "norm_text": "그런 사람을 오빠가 만날 수가 없는데?",
            "speaker": {
              "id": "1번",
              "sex": "여성",
              "age": "20대"
            },
            "speechAct": "(지시) 질문하기",
            "morpheme": "그런/MM+사람/NNG+을/JKO+오빠/NNG+가/JKS+만날/VV+ETM+수/NNB+가/JKS+없/VA+는데/EC"
          },
          {
            "id": 6,
            "text": "2 : 키키 나도 충분히 만날 수 있지",
            "norm_text": "키키 나도 충분히 만날 수 있지",
            "speaker": {
              "id": "2번",
              "sex": "남성",
              "age": "30대"
            },
            "speechAct": "(단언) 주장하기",
            "morpheme": "키/NNG+키나/XSA+ETN+JX+도/JX+충분히/MAG+만날/VV+ETM+수/NNB+있/VV+지/EC"
          },
          {
            "id": 7,
            "text": "2 : 왜 키키 소개 시켜 줄께",
            "norm_text": "왜 키키 소개 시켜 줄께",
            "speaker": {
              "id": "2번",
              "sex": "남성",
              "age": "30대"
            },
            "speechAct": "(단언) 주장하기",
            "morpheme": "왜/MAG+키/NNG+키/NNG+소개/NNG+시켜/XSV+EC+줄께/VX+EC"
          },
          {
            "id": 8,
            "text": "1 : 그 여자 분이 눈이 많이 낮나 봐~",
            "norm_text": "그 여자 분이 눈이 많이 낮나 봐~",
            "speaker": {
              "id": "1번",
              "sex": "여성",
              "age": "20대"
            },
            "speechAct": "(단언) 주장하기",
            "morpheme": "그/MM+여자/NNG+분/NNB+이/JKS+눈/NNG+이/JKS+많이/MAG+낮/VA+나/EC+봐/VX+EC+~/SY"
          },
          {
            "id": 9,
            "text": "2 : 아니야 눈이 높으니깐 나를 만났지 키키",
            "norm_text": "아니야 눈이 높으니깐 나를 만났지 키키",
            "speaker": {
              "id": "2번",
              "sex": "남성",
              "age": "30대"
            },
            "speechAct": "(단언) 주장하기",
            "morpheme": "아니야/IC+눈/NNG+이/JKS+높/VA+으니깐/EC+나/NP+를/JKO+만났/VV+EP+지/EC+키/NNG+키/XSV+ETN"
          },
          {
            "id": 10,
            "text": "1 : 그렇구나 사람 다 됐네 이 오빠~",
            "norm_text": "그렇구나 사람 다 됐네 이 오빠~",
            "speaker": {
              "id": "1번",
              "sex": "여성",
              "age": "20대"
            },
            "speechAct": "(단언) 주장하기",
            "morpheme": "그렇/VA+구나/EF+사람/NNG+다/MAG+됐/VV+EP+네/EF+이/MM+오빠/NNG+~/SY"
          },
          {
            "id": 11,
            "text": "2 : 키키 나 정도면 뭐 어딜 가도 꿀리지 않아 키키",
            "norm_text": "키키 나 정도면 뭐 어딜 가도 꿀리지 않아 키키",
            "speaker": {
              "id": "2번",
              "sex": "남성",
              "age": "30대"
            },
            "speechAct": "(단언) 주장하기",
            "morpheme": "키/NNG+키나/XSA+ETN+JX+정도/NNG+면/VCP+EC+뭐/IC+어딜/NP+JKO+가/VV+도/EC+꿀리/VV+지/EC+않/VX+아/EC+키/NNG+키/XSV+ETN"
          },
          {
            "id": 12,
            "text": "1 : 역시 남자들의 허세란 봐 줄 수가 없다~",
            "norm_text": "역시 남자들의 허세란 봐 줄 수가 없다~",
            "speaker": {
              "id": "1번",
              "sex": "여성",
              "age": "20대"
            },
            "speechAct": "(단언) 주장하기",
            "morpheme": "역시/MAJ+남자/NNG+들/XSN+의/JKG+허세/NNG+란/JX+봐줄/VV+EC+VX+ETM+수/NNB+가/JKS+없/VA+다/EC+~/SY"
          },
          {
            "id": 13,
            "text": "2 : 키키 이건 허세가 아니라 찐인 거야 인정하지?",
            "norm_text": "키키 이건 허세가 아니라 찐인 거야 인정하지?",
            "speaker": {
              "id": "2번",
              "sex": "남성",
              "age": "30대"
            },
            "speechAct": "(지시) 질문하기",
            "morpheme": "키/NNG+키/XSV+ETN+이/VCP+건/EC+허세/NNG+가/JKC+아니/VCN+라/EC+찐/VV+ETM+인/VCP+ETM+거/NNB+야/VCP+EF+인정/NNG+하/XSA+지/EF"
          },
          {
            "id": 14,
            "text": "1 : 그래 그렇다고 해줄게 여자친구한테 잘해줘~",
            "norm_text": "그래 그렇다고 해줄게 여자친구한테 잘해줘~",
            "speaker": {
              "id": "1번",
              "sex": "여성",
              "age": "20대"
            },
            "speechAct": "(지시) 충고/제안하기",
            "morpheme": "그래/IC+그렇/VA+다고/EC+해/VV+EC+줄/VX+ETM+게/NNB+JKS+여자/NNG+친구/NNG+한테/JKB+잘/MAG+해/VV+EC+줘/VX+EC+~/SY"
          },
          {
            "id": 15,
            "text": "2 : 키키 그럼 내 전재산을 다 줄 꺼야",
            "norm_text": "키키 그럼 내 전재산을 다 줄 꺼야",
            "speaker": {
              "id": "2번",
              "sex": "남성",
              "age": "30대"
            },
            "speechAct": "(단언) 주장하기",
            "morpheme": "키/NNG+키/XSV+ETN+그럼/MAJ+내전/NNG+재산/NNG+을/JKO+다/MAG+줄/NNG+꺼야/VV+EC"
          },
          {
            "id": 16,
            "text": "1 : 어 내가 여친이랑 친해져서 얘기해 줘도 돼?",
            "norm_text": "어 내가 여친이랑 친해져서 얘기해 줘도 돼?",
            "speaker": {
              "id": "1번",
              "sex": "여성",
              "age": "20대"
            },
            "speechAct": "(지시) 질문하기",
            "morpheme": "어/IC+내/NP+가/JKS+여친/NNG+이랑/JKB+친해져서/VA+EC+VX+EC+얘기/NNG+해줘도/XSV+EC+VX+EC+돼/VV+EF"
          },
          {
            "id": 17,
            "text": "2 : 그럼 당연하지 얘기해봐 키키 친해지면 좋지",
            "norm_text": "그럼 당연하지 얘기해봐 키키 친해지면 좋지",
            "speaker": {
              "id": "2번",
              "sex": "남성",
              "age": "30대"
            },
            "speechAct": "(단언) 주장하기",
            "morpheme": "그럼/MAJ+당연/XR+하/XSA+지/EC+얘기/NNG+해/XSV+EC+봐/VX+EF+키/NNG+키친/NNG+해/XSV+EC+지/VX+면/EC+좋/VA+지/EC"
          }
        ]
      }
    }
  ]
}