{
  "dataset": {
    "identifier": 29013,
    "name": "BAND_25_12_set",
    "src_path": "/data/file/cubeManager/PROJECT001/49/txt20210916100054034885/BAND_25_12_set/",
    "label_path": "/data/file/cubeManager/PROJECT001/49/txt20210916100054034885/BAND_25_12_set/",
    "category": 2,
    "type": 0
  },
  "licenses": {
    "name": "Apache License 1.0",
    "url": "http://www.apache.org/licenses/LICENSE-1.0"
  },
  "info": [
    {
      "id": 26657,
      "filename": "BAND_25_12.txt",
      "title": "BAND_25_12",
      "mediatype": "SNS",
      "medianame": "네이버밴드",
      "category": "일상대화",
      "date": "2021-09-16",
      "size": 372,
      "annotations": {
        "subject": "여행",
        "speaker_type": "1:1",
        "size": 372,
        "word_size": 127,
        "text": "1 : 너는 국내로는 여행하고 싶은 곳 없어?\n2 : 나는 전주 한옥 마을 가고 싶어!\n1 : 전주하면 나지 논산 바로 밑이잖아!\n2 : 어 그래 몇 분 걸려? 시간이?\n1 : 딱 한 시간이면 전주 찍지!\n2 : 그렇게 가까워?\n2 : 한 번 가 봐야겠네~\n1 : 문경에서는 전주까지 몇 시간 걸리는데?\n2 : 시간을 따져보지는 않았어 한 200KM는 넘지 않을까?\n1 : 지도 보니까 대충 그렇겠다!\n2 : 그래 맞아 시간 날 때 날 잡아서 가야지.\n1 : 한옥 마을 가서 한복 입고 다니는 거 추천!\n2 : 그래 그거 하려고 가는 거지!\n1 : 한 시간에 대여료 2만 원 정도야!\n2 : 오 정보 감사 하하 넌 해봤구나!\n1 : 나는 두 번 정도 해 봤어!\n2 : 아 진짜 그랬구나 이뻤겠네",
        "lines": [
          {
            "id": 1,
            "text": "1 : 너는 국내로는 여행하고 싶은 곳 없어?",
            "norm_text": "너는 국내로는 여행하고 싶은 곳 없어?",
            "speaker": {
              "id": "1번",
              "sex": "여성",
              "age": "20대"
            },
            "speechAct": "(지시) 질문하기",
            "morpheme": "너/NP+는/JX+국내/NNG+로/JKB+는/JX+여행/NNG+하/XSV+고/EC+싶/VX+은/ETM+곳/NNB+없/VA+어/EF"
          },
          {
            "id": 2,
            "text": "2 : 나는 전주 한옥 마을 가고 싶어!",
            "norm_text": "나는 전주 한옥 마을 가고 싶어!",
            "speaker": {
              "id": "2번",
              "sex": "여성",
              "age": "20대"
            },
            "speechAct": "(단언) 주장하기",
            "morpheme": "나/NP+는/JX+전/MM+주한/NNG+옥마/NNP+을/JKO+가/VV+고/EC+싶/VX+어/EF"
          },
          {
            "id": 3,
            "text": "1 : 전주하면 나지 논산 바로 밑이잖아!",
            "norm_text": "전주하면 나지 논산 바로 밑이잖아!",
            "speaker": {
              "id": "1번",
              "sex": "여성",
              "age": "20대"
            },
            "speechAct": "(단언) 주장하기",
            "morpheme": "전주/NNG+하/XSV+면/EC+나/VX+지/EC+논/VX+ETM+산/NNG+바로/MAG+밑/NNG+이/VCP+잖아/EF"
          },
          {
            "id": 4,
            "text": "2 : 어 그래 몇 분 걸려? 시간이?",
            "norm_text": "어 그래 몇 분 걸려? 시간이?",
            "speaker": {
              "id": "2번",
              "sex": "여성",
              "age": "20대"
            },
            "speechAct": "(지시) 질문하기",
            "morpheme": "어/IC+그래/IC+몇/MM+분/NNBC+걸려/VV+EF+시간/NNG+이/JKS"
          },
          {
            "id": 5,
            "text": "1 : 딱 한 시간이면 전주 찍지!",
            "norm_text": "딱 한 시간이면 전주 찍지!",
            "speaker": {
              "id": "1번",
              "sex": "여성",
              "age": "20대"
            },
            "speechAct": "(단언) 주장하기",
            "morpheme": "딱/MAG+한/MM+시간/NNG+이/VCP+면/EC+전주/NNG+찍/VV+지/EF"
          },
          {
            "id": 6,
            "text": "2 : 그렇게 가까워?",
            "norm_text": "그렇게 가까워?",
            "speaker": {
              "id": "2번",
              "sex": "여성",
              "age": "20대"
            },
            "speechAct": "(단언) 주장하기",
            "morpheme": "그렇게/MAG+가까워/VA+EF"
          },
          {
            "id": 7,
            "text": "2 : 한 번 가 봐야겠네~",
            "norm_text": "한 번 가 봐야겠네~",
            "speaker": {
              "id": "2번",
              "sex": "여성",
              "age": "20대"
            },
            "speechAct": "(단언) 주장하기",
            "morpheme": "한/MM+번/NNBC+가/VV+봐야/EC+VX+EC+VX+겠/EP+네/EF+~/SY"
          },
          {
            "id": 8,
            "text": "1 : 문경에서는 전주까지 몇 시간 걸리는데?",
            "norm_text": "문경에서는 전주까지 몇 시간 걸리는데?",
            "speaker": {
              "id": "1번",
              "sex": "여성",
              "age": "20대"
            },
            "speechAct": "(단언) 주장하기",
            "morpheme": "문경/NNP+에서/JKB+는/JX+전주/NNG+까지/JX+몇/MM+시간/NNG+걸리/VV+는데/EC"
          },
          {
            "id": 9,
            "text": "2 : 시간을 따져보지는 않았어 한 200KM는 넘지 않을까?",
            "norm_text": "시간을 따져보지는 않았어 한 200KM는 넘지 않을까?",
            "speaker": {
              "id": "2번",
              "sex": "여성",
              "age": "20대"
            },
            "speechAct": "(단언) 주장하기",
            "morpheme": "시간/NNG+을/JKO+따져/VV+EC+보/VX+지/EC+는/JX+않/VX+았/EP+어/EC+한/VX+ETM+200/SN+KM/SL+는/JX+넘/VV+지/EC+않/VX+을까/EF"
          },
          {
            "id": 10,
            "text": "1 : 지도 보니까 대충 그렇겠다!",
            "norm_text": "지도 보니까 대충 그렇겠다!",
            "speaker": {
              "id": "1번",
              "sex": "여성",
              "age": "20대"
            },
            "speechAct": "(단언) 주장하기",
            "morpheme": "지도/NNG+보/VV+니까/EC+대충/MAG+그렇/VA+겠/EP+다/EF"
          },
          {
            "id": 11,
            "text": "2 : 그래 맞아 시간 날 때 날 잡아서 가야지.",
            "norm_text": "그래 맞아 시간 날 때 날 잡아서 가야지.",
            "speaker": {
              "id": "2번",
              "sex": "여성",
              "age": "20대"
            },
            "speechAct": "(단언) 주장하기",
            "morpheme": "그래/VA+EC+맞/VV+아/EC+시간/NNG+날/NNG+때/NNG+날/NNG+잡/VV+아서/EC+가/VX+야지/EF"
          },
          {
            "id": 12,
            "text": "1 : 한옥 마을 가서 한복 입고 다니는 거 추천!",
            "norm_text": "한옥 마을 가서 한복 입고 다니는 거 추천!",
            "speaker": {
              "id": "1번",
              "sex": "여성",
              "age": "20대"
            },
            "speechAct": "(단언) 주장하기",
            "morpheme": "한옥마을/NNP+가/VV+서/EC+한복/NNG+입/VV+고/EC+다니/VV+는/ETM+거/NNB+추천/NNG"
          },
          {
            "id": 13,
            "text": "2 : 그래 그거 하려고 가는 거지!",
            "norm_text": "그래 그거 하려고 가는 거지!",
            "speaker": {
              "id": "2번",
              "sex": "여성",
              "age": "20대"
            },
            "speechAct": "(단언) 주장하기",
            "morpheme": "그래/IC+그거/NP+하/VV+려고/EC+가/VX+는/ETM+거/NNB+지/VCP+EF"
          },
          {
            "id": 14,
            "text": "1 : 한 시간에 대여료 2만 원 정도야!",
            "norm_text": "한 시간에 대여료 2만 원 정도야!",
            "speaker": {
              "id": "1번",
              "sex": "여성",
              "age": "20대"
            },
            "speechAct": "(단언) 주장하기",
            "morpheme": "한/MM+시간/NNG+에/JKB+대여료/NNG+2/SN+만/NR+원/NNBC+정도/NNG+야/VCP+EF"
          },
          {
            "id": 15,
            "text": "2 : 오 정보 감사 하하 넌 해봤구나!",
            "norm_text": "오 정보 감사 하하 넌 해봤구나!",
            "speaker": {
              "id": "2번",
              "sex": "여성",
              "age": "20대"
            },
            "speechAct": "(단언) 주장하기",
            "morpheme": "오/NR+정보/NNG+감사/NNG+하하/MAG+넌/NP+JX+해/VV+EC+봤/VX+EP+구나/EF"
          },
          {
            "id": 16,
            "text": "1 : 나는 두 번 정도 해 봤어!",
            "norm_text": "나는 두 번 정도 해 봤어!",
            "speaker": {
              "id": "1번",
              "sex": "여성",
              "age": "20대"
            },
            "speechAct": "(단언) 주장하기",
            "morpheme": "나/NP+는/JX+두/MM+번/NNBC+정도/NNG+해/XSV+EC+봤/VX+EP+어/EF"
          },
          {
            "id": 17,
            "text": "2 : 아 진짜 그랬구나 이뻤겠네",
            "norm_text": "아 진짜 그랬구나 이뻤겠네",
            "speaker": {
              "id": "2번",
              "sex": "여성",
              "age": "20대"
            },
            "speechAct": "(단언) 주장하기",
            "morpheme": "아/IC+진짜/MAG+그랬/VV+EP+구나/EF+이뻤/VA+EP+겠/EP+네/EF"
          }
        ]
      }
    }
  ]
}