{
  "dataset": {
    "identifier": 19941,
    "name": "BAND_23_08_set",
    "src_path": "/data/file/cubeManager/PROJECT001/49/txt20210915111041024724/BAND_23_08_set/",
    "label_path": "/data/file/cubeManager/PROJECT001/49/txt20210915111041024724/BAND_23_08_set/",
    "category": 2,
    "type": 0
  },
  "licenses": {
    "name": "Apache License 1.0",
    "url": "http://www.apache.org/licenses/LICENSE-1.0"
  },
  "info": [
    {
      "id": 25687,
      "filename": "BAND_23_08.txt",
      "title": "BAND_23_08",
      "mediatype": "SNS",
      "medianame": "네이버밴드",
      "category": "일상대화",
      "date": "2021-09-15",
      "size": 1509,
      "annotations": {
        "subject": "연애/결혼",
        "speaker_type": "1:1",
        "size": 1509,
        "word_size": 477,
        "text": "1 : 기념일에 꽃 선물 받는 거 어때?\n1 : 좋아해 아님 실용적인 게 더 좋아?\n2 : 난 좋아~ 나는 실용적인 것도 좋지만 선물은 선물다워야 한다고 생각해~\n3 : 꽃은 꽃대로 기분 좋긴 한데 선물로 꽃 주는 건 싫어 키키\n3 : 선물은 따로 또 줬으면 좋겠어 키키 너무 욕심쟁이인가 키키\n3 : 근데 사실 선물은 안 받아서 괜찮은데 꽃은 없으면 진짜 섭섭할 것 같아\n1 : 키키 오 둘 다 주는 게 제일 좋긴 하지 키키\n1 : 난 그래도 하나만 고르라면 꽃만 줘도 좋은 거 같애!\n2 : 맞아~ 개인적으로도 사고 싶으면 사긴 하는데 꽃은 왠지 받아야 더 좋은 거 같음~\n3 : 맞아 맞아 ㅠㅠ 그게 진짜 딱 맞는 말이다...\n3 : 지금까지 받아본 선물 중에 제일 기분 좋았던 거는 뭐 있었어? 아님 뭐 기억나는 거라거나!\n1 : 음... 나는 기억에 남는 것도 꽃이긴 한데 키키\n1 : 작년에 결혼기념일에 내 키보다 살짝 작은? 되게 큰 꽃다발 받아서 그게 젤 기억에 남는 거 같아\n2 : 수첩? 거기에 처음 만날 날부터 하루하루 빼곡하게 일정 적은 거랑 간단한 일기 같은 거 쓴 거~\n3 : 우왕... 그렇게 다 쓴 거를 선물로 준거야? 대박 감동쓰...\n3 : 언니는 결혼한 지 얼마나 됐어?\n3 : 물어봐도 괜찮으려나...\n1 : 오... 되게 정성스런 선물이다! 멋져~\n1 : 나는 이제 다음 달에 결혼 2주년이얌\n2 : 아 진짜? 난 잘못 알고 있었네~ 3년은 지난 줄 알았어~\n3 : 그럼 지금까지 연애 하면서 커플링 대체로 맞췄었어?\n1 : 나는 2번 맞춰봤어 하하\n1 : 헤어지니까 아무 짝에도 쓸모 없더라 ^^ 팔아도 돈도 안 되고...\n2 : 맞아 커플링은 세공비가 비싸서 살 땐 비싸고 소장 가치는 없어~ 키키\n2 : 난 원래 악세서리 별로 안 좋아해서 안 맞춰요~\n3 : 흠 아니 이거 약간 내 진짜 고민인데 남친이랑 나랑 둘 다 반지나 팔찌나 이런 악세서리 못해서 뭔가 맞추고는 싶은데 좀 적당한 게 없을까?\n3 : 아무거나 생각나는 거 추천해주라 뭐 신발 이런거...?\n1 : 어 신발 좋은데! 운동화 같은 거~ 부담도 안 되고 실용적이기도 하고 좋은 거 같애\n2 : 핸드폰 기종이 같은 거면 케이스나 키링 같은 거?  아니면 카드 지갑 같은 간단한 거 어때?\n3 : 오 핸드폰 케이스 생각 못해봤다...\n3 : 운동화도 좋구먼 오키 오키\n3 : 한번 얘기해 봐야겠당 흐헤\n3 : 그럼 언니들은 뭐 생일 선물로 뭐 받아봤어?\n1 : 뭐 받았드라... 애플 워치랑 신발이랑 가방? 뭐 이런 거 받았어!\n1 : 남자친구한테 받고 싶은 선물이나 주고 싶은 선물 있어?\n2 : 그걸 어떻게 다 열거해 키키\n2 : 나 편지 받고 싶어\n2 : 얼마 전에 드라마를 봤는데 남자가 편지 써서 주니까 되게 감동적이더라~\n3 : 아악 모르겠어 뭔가 난 친구들이랑 생일 선물도 그냥 \n퉁 치는 거 좋아해서... 어렵네...\n1 : 편지도 좋긴 하지~\n1 : 선물 고르는 게 진짜 어려운 거 같애\n1 : 혹시나 사줬는데 맘에 안 들면 어떡해\n2 : 맞아 원하는 걸 말하기도 그렇고 그낭 정성 담긴 선물이 딱 좋은 듯\n3 : 그래야겠당 하 쉽지가 않네 증말 하하",
        "lines": [
          {
            "id": 1,
            "text": "1 : 기념일에 꽃 선물 받는 거 어때?",
            "norm_text": "기념일에 꽃 선물 받는 거 어때?",
            "speaker": {
              "id": "1번",
              "sex": "여성",
              "age": "20대"
            },
            "speechAct": "(지시) 질문하기",
            "morpheme": "기념일/NNG+에/JKB+꽃/NNG+선물/NNG+받/VV+는/ETM+거/NNB+어때/VA+EF"
          },
          {
            "id": 2,
            "text": "1 : 좋아해 아님 실용적인 게 더 좋아?",
            "norm_text": "좋아해 아님 실용적인 게 더 좋아?",
            "speaker": {
              "id": "1번",
              "sex": "여성",
              "age": "20대"
            },
            "speechAct": "(지시) 질문하기",
            "morpheme": "좋/VA+아/EC+해/VV+EC+아님/VCN+ETN+실용/NNG+적/XSN+인/VCP+ETM+게/NNB+JKS+더/MAG+좋/VA+아/EF"
          },
          {
            "id": 3,
            "text": "2 : 난 좋아~ 나는 실용적인 것도 좋지만 선물은 선물다워야 한다고 생각해~",
            "norm_text": "난 좋아~ 나는 실용적인 것도 좋지만 선물은 선물다워야 한다고 생각해~",
            "speaker": {
              "id": "2번",
              "sex": "여성",
              "age": "30대"
            },
            "speechAct": "(단언) 주장하기",
            "morpheme": "난/NP+JX+좋/VA+아/EC+~/SY+나/NP+는/JX+실용/NNG+적/XSN+인/VCP+ETM+것/NNB+도/JX+좋/VA+지만/EC+선물/NNG+은/JX+선물/NNG+다워야/XSA+EC+한다고/VX+EC+생각/NNG+해/XSV+EC+~/SY"
          },
          {
            "id": 4,
            "text": "3 : 꽃은 꽃대로 기분 좋긴 한데 선물로 꽃 주는 건 싫어 키키",
            "norm_text": "꽃은 꽃대로 기분 좋긴 한데 선물로 꽃 주는 건 싫어 키키",
            "speaker": {
              "id": "3번",
              "sex": "여성",
              "age": "20대"
            },
            "speechAct": "(단언) 주장하기",
            "morpheme": "꽃/NNG+은/JX+꽃대/NNG+로/JKB+기분/NNG+좋/VA+긴/ETN+JX+한데/VX+EC+선물/NNG+로/JKB+꽃/NNG+주/VV+는/ETM+건/NNB+JX+싫/VA+어/EC+키/NNG+키/XSV+ETN"
          },
          {
            "id": 5,
            "text": "3 : 선물은 따로 또 줬으면 좋겠어 키키 너무 욕심쟁이인가 키키",
            "norm_text": "선물은 따로 또 줬으면 좋겠어 키키 너무 욕심쟁이인가 키키",
            "speaker": {
              "id": "3번",
              "sex": "여성",
              "age": "20대"
            },
            "speechAct": "(단언) 주장하기",
            "morpheme": "선물/NNG+은/JX+따로/MAG+또/MAG+줬/VV+EP+으면/EC+좋/VA+겠/EP+어/EC+키/NNG+키/NNG+너무/MAG+욕심쟁이/NNG+인가/VCP+EC+키/NNG+키/XSV+ETN"
          },
          {
            "id": 6,
            "text": "3 : 근데 사실 선물은 안 받아서 괜찮은데 꽃은 없으면 진짜 섭섭할 것 같아",
            "norm_text": "근데 사실 선물은 안 받아서 괜찮은데 꽃은 없으면 진짜 섭섭할 것 같아",
            "speaker": {
              "id": "3번",
              "sex": "여성",
              "age": "20대"
            },
            "speechAct": "(단언) 주장하기",
            "morpheme": "근데/MAJ+사실/MAG+선물/NNG+은/JX+안/MAG+받/VV+아서/EC+괜찮/VA+은데/EC+꽃/NNG+은/JX+없/VA+으면/EC+진짜/MAG+섭섭/XR+할/XSA+ETM+것/NNB+같/VA+아/EC"
          },
          {
            "id": 7,
            "text": "1 : 키키 오 둘 다 주는 게 제일 좋긴 하지 키키",
            "norm_text": "키키 오 둘 다 주는 게 제일 좋긴 하지 키키",
            "speaker": {
              "id": "1번",
              "sex": "여성",
              "age": "20대"
            },
            "speechAct": "(단언) 주장하기",
            "morpheme": "키/NNG+키/XSV+ETN+오/NR+둘/NR+다/EC+주/VX+는/ETM+게/NNB+JKS+제일/MAG+좋/VA+긴/ETN+JX+하/VX+지/EC+키/NNG+키/XSV+ETN"
          },
          {
            "id": 8,
            "text": "1 : 난 그래도 하나만 고르라면 꽃만 줘도 좋은 거 같애!",
            "norm_text": "난 그래도 하나만 고르라면 꽃만 줘도 좋은 거 같애!",
            "speaker": {
              "id": "1번",
              "sex": "여성",
              "age": "20대"
            },
            "speechAct": "(단언) 주장하기",
            "morpheme": "난/NP+JX+그래도/MAJ+하나/NR+만/JX+고르/VA+라면/EC+꽃/NNG+만/JX+줘도/VV+EC+좋/VA+은/ETM+거/NNB+같/VA+애/EF"
          },
          {
            "id": 9,
            "text": "2 : 맞아~ 개인적으로도 사고 싶으면 사긴 하는데 꽃은 왠지 받아야 더 좋은 거 같음~",
            "norm_text": "맞아~ 개인적으로도 사고 싶으면 사긴 하는데 꽃은 왠지 받아야 더 좋은 거 같음~",
            "speaker": {
              "id": "2번",
              "sex": "여성",
              "age": "30대"
            },
            "speechAct": "(단언) 주장하기",
            "morpheme": "맞/VV+아/EC+~/SY+개인/NNG+적/XSN+으로/JKB+도/JX+사/VV+고/EC+싶/VX+으면/EC+사/VV+긴/ETN+JX+하/VX+는데/EC+꽃/NNG+은/JX+왠지/MAG+받/VV+아야/EC+더/MAG+좋/VA+은/ETM+거/NNB+같/VA+음/ETN+~/SY"
          },
          {
            "id": 10,
            "text": "3 : 맞아 맞아 ㅠㅠ 그게 진짜 딱 맞는 말이다...",
            "norm_text": "맞아 맞아 ㅠㅠ 그게 진짜 딱 맞는 말이다...",
            "speaker": {
              "id": "3번",
              "sex": "여성",
              "age": "20대"
            },
            "speechAct": "(단언) 주장하기",
            "morpheme": "맞/VV+아/EC+맞/VV+아/EC+ㅠㅠ/UNKNOWN+그게/NP+JKS+진짜/MAG+딱/MAG+맞/VV+는/ETM+말/NNG+이/VCP+다/EF+./SY"
          },
          {
            "id": 11,
            "text": "3 : 지금까지 받아본 선물 중에 제일 기분 좋았던 거는 뭐 있었어? 아님 뭐 기억나는 거라거나!",
            "norm_text": "지금까지 받아본 선물 중에 제일 기분 좋았던 거는 뭐 있었어? 아님 뭐 기억나는 거라거나!",
            "speaker": {
              "id": "3번",
              "sex": "여성",
              "age": "20대"
            },
            "speechAct": "(지시) 질문하기",
            "morpheme": "지금/NNG+까지/JX+받/VV+아/EC+본/VX+ETM+선물/NNG+중/NNB+에/JKB+제일/MAG+기분/NNG+좋/VA+았/EP+던/ETM+거/NNB+는/JX+뭐/IC+있/VA+었/EP+어/EF+아님/MAJ+뭐/IC+기억나/VV+는/ETM+거/NNB+라거나/VCP+EC"
          },
          {
            "id": 12,
            "text": "1 : 음... 나는 기억에 남는 것도 꽃이긴 한데 키키",
            "norm_text": "음... 나는 기억에 남는 것도 꽃이긴 한데 키키",
            "speaker": {
              "id": "1번",
              "sex": "여성",
              "age": "20대"
            },
            "speechAct": "(단언) 진술하기",
            "morpheme": "음/IC+./SY+나/NP+는/JX+기억/NNG+에/JKB+남/VV+는/ETM+것/NNB+도/JX+꽃/NNG+이/VCP+긴/ETN+JX+한데/VX+EC+키/NNG+키/XSV+ETN"
          },
          {
            "id": 13,
            "text": "1 : 작년에 결혼기념일에 내 키보다 살짝 작은? 되게 큰 꽃다발 받아서 그게 젤 기억에 남는 거 같아",
            "norm_text": "작년에 결혼기념일에 내 키보다 살짝 작은? 되게 큰 꽃다발 받아서 그게 젤 기억에 남는 거 같아",
            "speaker": {
              "id": "1번",
              "sex": "여성",
              "age": "20대"
            },
            "speechAct": "(단언) 진술하기",
            "morpheme": "작년/NNG+에/JKB+결혼기념일/NNG+에/JKB+내/NP+JKG+키/NNG+보다/JKB+살짝/MAG+작/VA+은/ETM+되게/MAG+큰/VA+ETM+꽃다발/NNG+받/VV+아서/EC+그게/NP+JKS+젤/MAG+기억/NNG+에/JKB+남/VV+는/ETM+거/NNB+같/VA+아/EC"
          },
          {
            "id": 14,
            "text": "2 : 수첩? 거기에 처음 만날 날부터 하루하루 빼곡하게 일정 적은 거랑 간단한 일기 같은 거 쓴 거~",
            "norm_text": "수첩? 거기에 처음 만날 날부터 하루하루 빼곡하게 일정 적은 거랑 간단한 일기 같은 거 쓴 거~",
            "speaker": {
              "id": "2번",
              "sex": "여성",
              "age": "30대"
            },
            "speechAct": "(단언) 진술하기",
            "morpheme": "수첩/NNG+거기/NP+에/JKB+처음/MAG+만날/VV+ETM+날/NNG+부터/JX+하루하루/MAG+빼곡/XR+하/XSA+게/EC+일정/NNG+적/VA+은/ETM+거/NNB+랑/JC+간단/XR+한/XSA+ETM+일기/NNG+같/VA+은/ETM+거/NNB+쓴/VV+ETM+거/NNB+~/SY"
          },
          {
            "id": 15,
            "text": "3 : 우왕... 그렇게 다 쓴 거를 선물로 준거야? 대박 감동쓰...",
            "norm_text": "우왕... 그렇게 다 쓴 거를 선물로 준거야? 대박 감동쓰...",
            "speaker": {
              "id": "3번",
              "sex": "여성",
              "age": "20대"
            },
            "speechAct": "(단언) 주장하기",
            "morpheme": "우왕/NNP+./SY+./SY+그렇게/MAG+다/MAG+쓴/VV+ETM+거/NNB+를/JKO+선물/NNG+로/JKB+준/VX+ETM+거/NNB+야/VCP+EF+대박/NNG+감동/NNG+쓰/IC+./SY"
          },
          {
            "id": 16,
            "text": "3 : 언니는 결혼한 지 얼마나 됐어?",
            "norm_text": "언니는 결혼한 지 얼마나 됐어?",
            "speaker": {
              "id": "3번",
              "sex": "여성",
              "age": "20대"
            },
            "speechAct": "(지시) 질문하기",
            "morpheme": "언니/NNG+는/JX+결혼/NNG+한지/XSA+EC+얼마나/MAG+됐/VV+EP+어/EF"
          },
          {
            "id": 17,
            "text": "3 : 물어봐도 괜찮으려나...",
            "norm_text": "물어봐도 괜찮으려나...",
            "speaker": {
              "id": "3번",
              "sex": "여성",
              "age": "20대"
            },
            "speechAct": "(단언) 주장하기",
            "morpheme": "물어봐도/VV+EC+괜찮/VA+으려나/EF+./SY"
          },
          {
            "id": 18,
            "text": "1 : 오... 되게 정성스런 선물이다! 멋져~",
            "norm_text": "오... 되게 정성스런 선물이다! 멋져~",
            "speaker": {
              "id": "1번",
              "sex": "여성",
              "age": "20대"
            },
            "speechAct": "(단언) 주장하기",
            "morpheme": "오/IC+./SY+되게/MAG+정성/NNG+스런/XSA+ETM+선물/NNG+이/VCP+다/EF+멋져/VV+EC+~/SY"
          },
          {
            "id": 19,
            "text": "1 : 나는 이제 다음 달에 결혼 2주년이얌",
            "norm_text": "나는 이제 다음 달에 결혼 2주년이얌",
            "speaker": {
              "id": "1번",
              "sex": "여성",
              "age": "20대"
            },
            "speechAct": "(단언) 진술하기",
            "morpheme": "나/NP+는/JX+이제/MAG+다음/NNG+달/NNG+에/JKB+결혼/NNG+2/SN+주년/NNBC+이얌/NNG"
          },
          {
            "id": 20,
            "text": "2 : 아 진짜? 난 잘못 알고 있었네~ 3년은 지난 줄 알았어~",
            "norm_text": "아 진짜? 난 잘못 알고 있었네~ 3년은 지난 줄 알았어~",
            "speaker": {
              "id": "2번",
              "sex": "여성",
              "age": "30대"
            },
            "speechAct": "(단언) 주장하기",
            "morpheme": "아/IC+진짜/MAG+난/NP+JX+잘못/MAG+알/VV+고/EC+있/VX+었/EP+네/EF+~/SY+3/SN+년/NNBC+은/JX+지난/VV+ETM+줄/NNB+알/VV+았/EP+어/EC+~/SY"
          },
          {
            "id": 21,
            "text": "3 : 그럼 지금까지 연애 하면서 커플링 대체로 맞췄었어?",
            "norm_text": "그럼 지금까지 연애 하면서 커플링 대체로 맞췄었어?",
            "speaker": {
              "id": "3번",
              "sex": "여성",
              "age": "20대"
            },
            "speechAct": "(지시) 질문하기",
            "morpheme": "그럼/MAJ+지금/NNG+까지/JX+연애/NNG+하/XSV+면서/EC+커플링/NNG+대체로/MAG+맞췄었/VV+EP+어/EF"
          },
          {
            "id": 22,
            "text": "1 : 나는 2번 맞춰봤어 하하",
            "norm_text": "나는 2번 맞춰봤어 하하",
            "speaker": {
              "id": "1번",
              "sex": "여성",
              "age": "20대"
            },
            "speechAct": "(단언) 진술하기",
            "morpheme": "나/NP+는/JX+2/SN+번/NNBC+맞춰/VV+EC+봤/VX+EP+어/EC+하하/MAG"
          },
          {
            "id": 23,
            "text": "1 : 헤어지니까 아무 짝에도 쓸모 없더라 ^^ 팔아도 돈도 안 되고...",
            "norm_text": "헤어지니까 아무 짝에도 쓸모 없더라 ^^ 팔아도 돈도 안 되고...",
            "speaker": {
              "id": "1번",
              "sex": "여성",
              "age": "20대"
            },
            "speechAct": "(단언) 진술하기",
            "morpheme": "헤어지/VV+니까/EC+아무짝/NNG+에/JKB+도/JX+쓸모없/VA+더라/EC+^/SY+^/SY+팔/VV+아도/EC+돈/NNG+도/JX+안/MAG+되/VV+고/EC+./SY+./SY"
          },
          {
            "id": 24,
            "text": "2 : 맞아 커플링은 세공비가 비싸서 살 땐 비싸고 소장 가치는 없어~ 키키",
            "norm_text": "맞아 커플링은 세공비가 비싸서 살 땐 비싸고 소장 가치는 없어~ 키키",
            "speaker": {
              "id": "2번",
              "sex": "여성",
              "age": "30대"
            },
            "speechAct": "(단언) 주장하기",
            "morpheme": "맞/VV+아/EC+커플링/NNG+은/JX+세/MM+공비/NNG+가/JKS+비싸/VA+서/EC+살/VV+ETM+땐/NNG+JX+비싸/VA+고/EC+소장/NNG+가치/NNG+는/JX+없/VA+어/EC+~/SY+키/NNG+키/XSV+ETN"
          },
          {
            "id": 25,
            "text": "2 : 난 원래 악세서리 별로 안 좋아해서 안 맞춰요~",
            "norm_text": "난 원래 악세서리 별로 안 좋아해서 안 맞춰요~",
            "speaker": {
              "id": "2번",
              "sex": "여성",
              "age": "30대"
            },
            "speechAct": "(단언) 주장하기",
            "morpheme": "난/NP+JX+원래/MAG+악세서리/NNG+별로/MAG+안/MAG+좋/VA+아/EC+해서/VV+EC+안/MAG+맞춰요/VV+EF+~/SY"
          },
          {
            "id": 26,
            "text": "3 : 흠 아니 이거 약간 내 진짜 고민인데 남친이랑 나랑 둘 다 반지나 팔찌나 이런 악세서리 못해서 뭔가 맞추고는 싶은데 좀 적당한 게 없을까?",
            "norm_text": "흠 아니 이거 약간 내 진짜 고민인데 남친이랑 나랑 둘 다 반지나 팔찌나 이런 악세서리 못해서 뭔가 맞추고는 싶은데 좀 적당한 게 없을까?",
            "speaker": {
              "id": "3번",
              "sex": "여성",
              "age": "20대"
            },
            "speechAct": "(지시) 질문하기",
            "morpheme": "흠/IC+아니/IC+이거/NP+약간/MAG+내/NP+진짜/MAG+고민/NNG+인데/VCP+EC+남친/NNG+이랑/JC+나/NP+랑/JC+둘/NR+다반/NNG+지나/VV+EC+팔찌/NNG+나/JC+이런/MM+악세서리/NNG+못/MAG+해서/VV+EC+뭔가/NP+VCP+EC+맞추/VV+고는/EC+싶/VX+은데/EC+좀/MAG+적당/XR+한/XSA+ETM+게/NNB+JKS+없/VA+을까/EF"
          },
          {
            "id": 27,
            "text": "3 : 아무거나 생각나는 거 추천해주라 뭐 신발 이런거...?",
            "norm_text": "아무거나 생각나는 거 추천해주라 뭐 신발 이런거...?",
            "speaker": {
              "id": "3번",
              "sex": "여성",
              "age": "20대"
            },
            "speechAct": "(지시) 명령/요구하기",
            "morpheme": "아무거/NP+나/JX+생각나/VV+는/ETM+거/NNB+추천/NNG+해/XSV+EC+주/VX+라/EC+뭐/IC+신발/NNG+이런/MM+거/NNB+./SY+./SY"
          },
          {
            "id": 28,
            "text": "1 : 어 신발 좋은데! 운동화 같은 거~ 부담도 안 되고 실용적이기도 하고 좋은 거 같애",
            "norm_text": "어 신발 좋은데! 운동화 같은 거~ 부담도 안 되고 실용적이기도 하고 좋은 거 같애",
            "speaker": {
              "id": "1번",
              "sex": "여성",
              "age": "20대"
            },
            "speechAct": "(단언) 주장하기",
            "morpheme": "어/IC+신발/NNG+좋/VA+은데/EF+운동/NNG+화/XSN+같/VA+은/ETM+거/NNB+~/SY+부담/NNG+도/JX+안/MAG+되/VV+고/EC+실용/NNG+적/XSN+이/VCP+기/ETN+도/JX+하/VV+고/EC+좋/VA+은/ETM+거/NNB+같/VA+애/EC"
          },
          {
            "id": 29,
            "text": "2 : 핸드폰 기종이 같은 거면 케이스나 키링 같은 거?  아니면 카드 지갑 같은 간단한 거 어때?",
            "norm_text": "핸드폰 기종이 같은 거면 케이스나 키링 같은 거?  아니면 카드 지갑 같은 간단한 거 어때?",
            "speaker": {
              "id": "2번",
              "sex": "여성",
              "age": "30대"
            },
            "speechAct": "(지시) 질문하기",
            "morpheme": "핸드폰/NNG+기종/NNG+이/JKS+같/VA+은/ETM+거/NNB+면/VCP+EC+케이스/NNG+나/JC+키/NNG+링/JKO+같/VA+은/ETM+거/NNB+아니면/MAJ+카드/NNG+지갑/NNG+같/VA+은/ETM+간단/XR+한/XSA+ETM+거/NNB+어때/VA+EF"
          },
          {
            "id": 30,
            "text": "3 : 오 핸드폰 케이스 생각 못해봤다...",
            "norm_text": "오 핸드폰 케이스 생각 못해봤다...",
            "speaker": {
              "id": "3번",
              "sex": "여성",
              "age": "20대"
            },
            "speechAct": "(단언) 주장하기",
            "morpheme": "오/NR+핸드폰/NNG+케이스/NNG+생각/NNG+못/MAG+해/VV+EC+봤/VX+EP+다/EF+./SY"
          },
          {
            "id": 31,
            "text": "3 : 운동화도 좋구먼 오키 오키",
            "norm_text": "운동화도 좋구먼 오키 오키",
            "speaker": {
              "id": "3번",
              "sex": "여성",
              "age": "20대"
            },
            "speechAct": "(단언) 주장하기",
            "morpheme": "운동/NNG+화/XSN+도/JX+좋/VA+구/EC+먼/VA+ETM+오키/NNP+오키/NNP"
          },
          {
            "id": 32,
            "text": "3 : 한번 얘기해 봐야겠당 흐헤",
            "norm_text": "한번 얘기해 봐야겠당 흐헤",
            "speaker": {
              "id": "3번",
              "sex": "여성",
              "age": "20대"
            },
            "speechAct": "(언약) 약속하기(제3자와)/(개인적 수준)",
            "morpheme": "한/MM+번/NNBC+얘기/NNG+해봐야/XSV+EC+VX+EC+VX+겠/EP+당/EF+흐/MAG+헤/VV+EC"
          },
          {
            "id": 33,
            "text": "3 : 그럼 언니들은 뭐 생일 선물로 뭐 받아봤어?",
            "norm_text": "그럼 언니들은 뭐 생일 선물로 뭐 받아봤어?",
            "speaker": {
              "id": "3번",
              "sex": "여성",
              "age": "20대"
            },
            "speechAct": "(지시) 질문하기",
            "morpheme": "그럼/MAJ+언니/NNG+들/XSN+은/JX+뭐/IC+생일/NNG+선물/NNG+로/JKB+뭐/IC+받/VV+아/EC+봤/VX+EP+어/EF"
          },
          {
            "id": 34,
            "text": "1 : 뭐 받았드라... 애플 워치랑 신발이랑 가방? 뭐 이런 거 받았어!",
            "norm_text": "뭐 받았드라... 애플 워치랑 신발이랑 가방? 뭐 이런 거 받았어!",
            "speaker": {
              "id": "1번",
              "sex": "여성",
              "age": "20대"
            },
            "speechAct": "(단언) 진술하기",
            "morpheme": "뭐/IC+받/VV+았/EP+드라/EF+./SY+./SY+애플/NNP+워치/NNP+랑/JC+신발/NNG+이랑/JKB+가방/NNG+뭐/IC+이런/MM+거/NNB+받/VV+았/EP+어/EF"
          },
          {
            "id": 35,
            "text": "1 : 남자친구한테 받고 싶은 선물이나 주고 싶은 선물 있어?",
            "norm_text": "남자친구한테 받고 싶은 선물이나 주고 싶은 선물 있어?",
            "speaker": {
              "id": "1번",
              "sex": "여성",
              "age": "20대"
            },
            "speechAct": "(지시) 질문하기",
            "morpheme": "남자/NNG+친구/NNG+한테/JKB+받/VV+고/EC+싶/VX+은/ETM+선물/NNG+이/VCP+나/EC+주/VX+고/EC+싶/VX+은/ETM+선물/NNG+있/VA+어/EF"
          },
          {
            "id": 36,
            "text": "2 : 그걸 어떻게 다 열거해 키키",
            "norm_text": "그걸 어떻게 다 열거해 키키",
            "speaker": {
              "id": "2번",
              "sex": "여성",
              "age": "30대"
            },
            "speechAct": "(단언) 주장하기",
            "morpheme": "그걸/NP+JKO+어떻게/MAG+다/MAG+열거/NNG+해/XSV+EC+키/NNG+키/XSV+ETN"
          },
          {
            "id": 37,
            "text": "2 : 나 편지 받고 싶어",
            "norm_text": "나 편지 받고 싶어",
            "speaker": {
              "id": "2번",
              "sex": "여성",
              "age": "30대"
            },
            "speechAct": "(단언) 주장하기",
            "morpheme": "나/NP+편지/NNG+받/VV+고/EC+싶/VX+어/EC"
          },
          {
            "id": 38,
            "text": "2 : 얼마 전에 드라마를 봤는데 남자가 편지 써서 주니까 되게 감동적이더라~",
            "norm_text": "얼마 전에 드라마를 봤는데 남자가 편지 써서 주니까 되게 감동적이더라~",
            "speaker": {
              "id": "2번",
              "sex": "여성",
              "age": "30대"
            },
            "speechAct": "(단언) 진술하기",
            "morpheme": "얼마/NNG+전/NNG+에/JKB+드라마/NNG+를/JKO+봤/VV+EP+는데/EC+남자/NNG+가/JKS+편지/NNG+써서/VV+EC+주/VX+니까/EC+되게/MAG+감동/NNG+적/XSN+이/VCP+더라/EC+~/SY"
          },
          {
            "id": 39,
            "text": "3 : 아악 모르겠어 뭔가 난 친구들이랑 생일 선물도 그냥 \n퉁 치는 거 좋아해서... 어렵네...",
            "norm_text": "아악 모르겠어 뭔가 난 친구들이랑 생일 선물도 그냥 \n퉁 치는 거 좋아해서... 어렵네...",
            "speaker": {
              "id": "3번",
              "sex": "여성",
              "age": "20대"
            },
            "speechAct": "(단언) 주장하기",
            "morpheme": "아악/IC+모르/VV+겠/EP+어/EF+뭔가/NP+VCP+EC+난/VX+ETM+친구/NNG+들/XSN+이랑/JKB+생일/NNG+선물/NNG+도/JX+그냥/MAG+퉁/MAG+치/VV+는/ETM+거/NNB+좋/VA+아/EC+해서/VV+EC+./SY+./SY+어렵/VA+네/EF+./SY"
          },
          {
            "id": 40,
            "text": "1 : 편지도 좋긴 하지~",
            "norm_text": "편지도 좋긴 하지~",
            "speaker": {
              "id": "1번",
              "sex": "여성",
              "age": "20대"
            },
            "speechAct": "(단언) 주장하기",
            "morpheme": "편지/NNG+도/JX+좋/VA+긴/ETN+JX+하/VX+지/EC+~/SY"
          },
          {
            "id": 41,
            "text": "1 : 선물 고르는 게 진짜 어려운 거 같애",
            "norm_text": "선물 고르는 게 진짜 어려운 거 같애",
            "speaker": {
              "id": "1번",
              "sex": "여성",
              "age": "20대"
            },
            "speechAct": "(단언) 주장하기",
            "morpheme": "선물/NNG+고르/VV+는/ETM+게/NNB+JKS+진짜/MAG+어려운/VA+ETM+거/NNB+같/VA+애/EC"
          },
          {
            "id": 42,
            "text": "1 : 혹시나 사줬는데 맘에 안 들면 어떡해",
            "norm_text": "혹시나 사줬는데 맘에 안 들면 어떡해",
            "speaker": {
              "id": "1번",
              "sex": "여성",
              "age": "20대"
            },
            "speechAct": "(단언) 주장하기",
            "morpheme": "혹시나/MAG+사/VV+EC+줬/VX+EP+는데/EC+맘/NNG+에/JKB+안/MAG+들/VV+면/EC+어떡/XR+해/XSA+EC"
          },
          {
            "id": 43,
            "text": "2 : 맞아 원하는 걸 말하기도 그렇고 그낭 정성 담긴 선물이 딱 좋은 듯",
            "norm_text": "맞아 원하는 걸 말하기도 그렇고 그낭 정성 담긴 선물이 딱 좋은 듯",
            "speaker": {
              "id": "2번",
              "sex": "여성",
              "age": "30대"
            },
            "speechAct": "(단언) 주장하기",
            "morpheme": "맞/XPN+아원/NNG+하/XSV+는/ETM+걸/NNB+JKO+말/NNG+하/XSV+기/ETN+도/JX+그렇/VA+고/EC+그/MM+낭/NNG+정성/NNG+담긴/VV+ETM+선물/NNG+이/JKS+딱/MAG+좋/VA+은/ETM+듯/NNB"
          },
          {
            "id": 44,
            "text": "3 : 그래야겠당 하 쉽지가 않네 증말 하하",
            "norm_text": "그래야겠당 하 쉽지가 않네 증말 하하",
            "speaker": {
              "id": "3번",
              "sex": "여성",
              "age": "20대"
            },
            "speechAct": "(단언) 주장하기",
            "morpheme": "그래야/VA+EC+VX+겠/EP+당/XR+하/XSA+쉽/VA+지/EC+가/JX+않/VX+네/EF+증말/MAG+하하/MAG"
          }
        ]
      }
    }
  ]
}