{
  "dataset": {
    "identifier": 98056,
    "name": "BAND_37_01_set",
    "src_path": "/data/file/cubeManager/PROJECT001/77/txt20211027150101053182/BAND_37_01_set/",
    "label_path": "/data/file/cubeManager/PROJECT001/77/txt20211027150101053182/BAND_37_01_set/",
    "category": 2,
    "type": 0
  },
  "licenses": {
    "name": "Apache License 1.0",
    "url": "http://www.apache.org/licenses/LICENSE-1.0"
  },
  "info": [
    {
      "id": 96641,
      "filename": "BAND_37_01.txt",
      "title": "BAND_37_01",
      "mediatype": "SNS",
      "medianame": "네이버밴드",
      "category": "일상대화",
      "date": "2021-10-27",
      "size": 479,
      "annotations": {
        "subject": "식음료",
        "speaker_type": "다자간 대화",
        "size": 479,
        "word_size": 162,
        "text": "1 : 오늘 점심 뭐 먹었어?\n2 : 아 나는 오늘 닭가슴살 먹었지 키키\n3 : 나는 오늘 소고기 먹었어 너는?\n1 : 난 어제 남은 치킨 키키\n1 : 닭가슴살이면 요즘 살 빼는 중이야?\n2 : 나는 운동을 좀 오래해서 그냥 습관이지\n3 : 운동은 어디 부위 하고 있어?\n1 : 키키 운동이라니 ㅜㅜ\n1 : 너무 싫어 키키 대단하다\n2 : 음 나는 그냥 다하지 키키 어디든 빼 먹을 때가 없어\n3 : 나도 운동 시작 해야하는데 뭐부터 해야해?\n1 : 운동 취미 생활로 하는거야?\n2 : 응 그치 취미로 하는 거지 키키\n2 : 재미있어 생각보다\n3 : 나랑 같이 운동해볼 생각 있어?\n1 : 헬스장 가기까지가 너무 힘들어 키키\n2 : 오 같이 하면 더 효율 좋지 키키 재미도 더 있고\n3 : 좋다 셋이서 같이하는 운동은 뭐 없을까?\n1 : 음 키키 난 빼줘 난 냉동실 닭가슴살부터 해치워야겠어\n2 : 음 키키 운동도 안 하는데 닭가슴살이 왜 있엌키키\n3 : 그러네\n3 : 닭가슴살 맛 없잖아 키키",
        "lines": [
          {
            "id": 1,
            "text": "1 : 오늘 점심 뭐 먹었어?",
            "norm_text": "오늘 점심 뭐 먹었어?",
            "speaker": {
              "id": "1번",
              "sex": "여성",
              "age": "20대"
            },
            "speechAct": "(지시) 질문하기",
            "morpheme": "오늘/MAG+점심/NNG+뭐/IC+먹/VV+었/EP+어/EF"
          },
          {
            "id": 2,
            "text": "2 : 아 나는 오늘 닭가슴살 먹었지 키키",
            "norm_text": "아 나는 오늘 닭가슴살 먹었지 키키",
            "speaker": {
              "id": "2번",
              "sex": "남성",
              "age": "20대"
            },
            "speechAct": "(단언) 진술하기",
            "morpheme": "아/IC+나/NP+는/JX+오늘/MAG+닭/NNG+가슴살/NNG+먹/VV+었/EP+지/EC+키/NNG+키/XSV+ETN"
          },
          {
            "id": 3,
            "text": "3 : 나는 오늘 소고기 먹었어 너는?",
            "norm_text": "나는 오늘 소고기 먹었어 너는?",
            "speaker": {
              "id": "3번",
              "sex": "남성",
              "age": "20대"
            },
            "speechAct": "(지시) 질문하기",
            "morpheme": "나/NP+는/JX+오늘/MAG+소고기/NNG+먹/VV+었/EP+어/EF+너/NP+는/JX"
          },
          {
            "id": 4,
            "text": "1 : 난 어제 남은 치킨 키키",
            "norm_text": "난 어제 남은 치킨 키키",
            "speaker": {
              "id": "1번",
              "sex": "여성",
              "age": "20대"
            },
            "speechAct": "(단언) 진술하기",
            "morpheme": "난/NP+JX+어제/MAG+남/VV+은/ETM+치킨/NNG+키/NNG+키/XSV+ETN"
          },
          {
            "id": 5,
            "text": "1 : 닭가슴살이면 요즘 살 빼는 중이야?",
            "norm_text": "닭가슴살이면 요즘 살 빼는 중이야?",
            "speaker": {
              "id": "1번",
              "sex": "여성",
              "age": "20대"
            },
            "speechAct": "(지시) 질문하기",
            "morpheme": "닭/NNG+가슴살/NNG+이/VCP+면/EC+요즘/MAG+살빼/VV+는/ETM+중/NNB+이/VCP+야/EF"
          },
          {
            "id": 6,
            "text": "2 : 나는 운동을 좀 오래해서 그냥 습관이지",
            "norm_text": "나는 운동을 좀 오래해서 그냥 습관이지",
            "speaker": {
              "id": "2번",
              "sex": "남성",
              "age": "20대"
            },
            "speechAct": "(단언) 주장하기",
            "morpheme": "나/NP+는/JX+운동/NNG+을/JKO+좀/MAG+오래/MAG+해서/VV+EC+그냥/MAG+습관/NNG+이/VCP+지/EC"
          },
          {
            "id": 7,
            "text": "3 : 운동은 어디 부위 하고 있어?",
            "norm_text": "운동은 어디 부위 하고 있어?",
            "speaker": {
              "id": "3번",
              "sex": "남성",
              "age": "20대"
            },
            "speechAct": "(지시) 질문하기",
            "morpheme": "운동/NNG+은/JX+어디/NP+부위/NNG+하/XSV+고/EC+있/VX+어/EF"
          },
          {
            "id": 8,
            "text": "1 : 키키 운동이라니 ㅜㅜ",
            "norm_text": "키키 운동이라니 ㅜㅜ",
            "speaker": {
              "id": "1번",
              "sex": "여성",
              "age": "20대"
            },
            "speechAct": "(단언) 주장하기",
            "morpheme": "키/NNG+키/NNG+운동/NNG+이/VCP+라니/EC+ㅜㅜ/UNKNOWN"
          },
          {
            "id": 9,
            "text": "1 : 너무 싫어 키키 대단하다",
            "norm_text": "너무 싫어 키키 대단하다",
            "speaker": {
              "id": "1번",
              "sex": "여성",
              "age": "20대"
            },
            "speechAct": "(단언) 주장하기",
            "morpheme": "너무/MAG+싫/VA+어/EC+키/NNG+키/XSV+ETN+대단/XR+하/XSA+다/EC"
          },
          {
            "id": 10,
            "text": "2 : 음 나는 그냥 다하지 키키 어디든 빼 먹을 때가 없어",
            "norm_text": "음 나는 그냥 다하지 키키 어디든 빼 먹을 때가 없어",
            "speaker": {
              "id": "2번",
              "sex": "남성",
              "age": "20대"
            },
            "speechAct": "(단언) 주장하기",
            "morpheme": "음/IC+나/NP+는/JX+그냥/MAG+다/MAG+하/VV+지/EC+키/NNG+키/XSV+ETN+어디/NP+든/VCP+EC+빼먹/VV+을/ETM+때/NNG+가/JKS+없/VA+어/EC"
          },
          {
            "id": 11,
            "text": "3 : 나도 운동 시작 해야하는데 뭐부터 해야해?",
            "norm_text": "나도 운동 시작 해야하는데 뭐부터 해야해?",
            "speaker": {
              "id": "3번",
              "sex": "남성",
              "age": "20대"
            },
            "speechAct": "(지시) 질문하기",
            "morpheme": "나/NP+도/JX+운동/NNG+시작/NNG+해야/XSV+EC+하/VV+는데/EC+뭐/NP+부터/JX+해야/VV+EC+해/VX+EF"
          },
          {
            "id": 12,
            "text": "1 : 운동 취미 생활로 하는거야?",
            "norm_text": "운동 취미 생활로 하는거야?",
            "speaker": {
              "id": "1번",
              "sex": "여성",
              "age": "20대"
            },
            "speechAct": "(지시) 질문하기",
            "morpheme": "운동/NNG+취미/NNG+생활/NNG+로/JKB+하/VV+는/ETM+거/NNB+야/VCP+EF"
          },
          {
            "id": 13,
            "text": "2 : 응 그치 취미로 하는 거지 키키",
            "norm_text": "응 그치 취미로 하는 거지 키키",
            "speaker": {
              "id": "2번",
              "sex": "남성",
              "age": "20대"
            },
            "speechAct": "(단언) 주장하기",
            "morpheme": "응/IC+그치/IC+취미/NNG+로/JKB+하/VV+는/ETM+거/NNB+지/VCP+EC+키/NNG+키/XSV+ETN"
          },
          {
            "id": 14,
            "text": "2 : 재미있어 생각보다",
            "norm_text": "재미있어 생각보다",
            "speaker": {
              "id": "2번",
              "sex": "남성",
              "age": "20대"
            },
            "speechAct": "(단언) 주장하기",
            "morpheme": "재미있/VA+어/EC+생각/NNG+보다/JKB"
          },
          {
            "id": 15,
            "text": "3 : 나랑 같이 운동해볼 생각 있어?",
            "norm_text": "나랑 같이 운동해볼 생각 있어?",
            "speaker": {
              "id": "3번",
              "sex": "남성",
              "age": "20대"
            },
            "speechAct": "(지시) 질문하기",
            "morpheme": "나/NP+랑/JKB+같이/MAG+운동/NNG+해볼/XSV+EC+VX+ETM+생각/NNG+있/VA+어/EF"
          },
          {
            "id": 16,
            "text": "1 : 헬스장 가기까지가 너무 힘들어 키키",
            "norm_text": "헬스장 가기까지가 너무 힘들어 키키",
            "speaker": {
              "id": "1번",
              "sex": "여성",
              "age": "20대"
            },
            "speechAct": "(단언) 주장하기",
            "morpheme": "헬스/NNG+장/NNG+가/VV+기/ETN+까지/JX+가/JKS+너무/MAG+힘들/VA+어/EC+키/NNG+키/XSV+ETN"
          },
          {
            "id": 17,
            "text": "2 : 오 같이 하면 더 효율 좋지 키키 재미도 더 있고",
            "norm_text": "오 같이 하면 더 효율 좋지 키키 재미도 더 있고",
            "speaker": {
              "id": "2번",
              "sex": "남성",
              "age": "20대"
            },
            "speechAct": "(단언) 주장하기",
            "morpheme": "오/IC+같이/MAG+하/VV+면/EC+더/MAG+효율/NNG+좋/VA+지/EC+키/NNG+키/NNG+재미/NNG+도/JX+더/MAG+있/VA+고/EC"
          },
          {
            "id": 18,
            "text": "3 : 좋다 셋이서 같이하는 운동은 뭐 없을까?",
            "norm_text": "좋다 셋이서 같이하는 운동은 뭐 없을까?",
            "speaker": {
              "id": "3번",
              "sex": "남성",
              "age": "20대"
            },
            "speechAct": "(지시) 질문하기",
            "morpheme": "좋/VA+다/EF+셋/NR+이/XSN+서/JKS+같이/MAG+하/VV+는/ETM+운동/NNG+은/JX+뭐/IC+없/VA+을까/EF"
          },
          {
            "id": 19,
            "text": "1 : 음 키키 난 빼줘 난 냉동실 닭가슴살부터 해치워야겠어",
            "norm_text": "음 키키 난 빼줘 난 냉동실 닭가슴살부터 해치워야겠어",
            "speaker": {
              "id": "1번",
              "sex": "여성",
              "age": "20대"
            },
            "speechAct": "(단언) 주장하기",
            "morpheme": "음/IC+키/NNG+키/XSV+ETN+난/NP+JX+빼/VV+줘/EC+VV+EC+난/VX+ETM+냉동실/NNG+닭/NNG+가슴살/NNG+부터/JX+해/VV+EC+치워야/VV+EC+VX+겠/EP+어/EC"
          },
          {
            "id": 20,
            "text": "2 : 음 키키 운동도 안 하는데 닭가슴살이 왜 있엌키키",
            "norm_text": "음 키키 운동도 안 하는데 닭가슴살이 왜 있엌키키",
            "speaker": {
              "id": "2번",
              "sex": "남성",
              "age": "20대"
            },
            "speechAct": "(단언) 주장하기",
            "morpheme": "음/IC+키/NNG+키/NNG+운동/NNG+도/JX+안/MAG+하/VV+는데/EC+닭/NNG+가슴살/NNG+이/JKS+왜/MAG+있/VA+엌키/UNKNOWN+키/NNG"
          },
          {
            "id": 21,
            "text": "3 : 그러네",
            "norm_text": "그러네",
            "speaker": {
              "id": "3번",
              "sex": "남성",
              "age": "20대"
            },
            "speechAct": "(단언) 주장하기",
            "morpheme": "그/MM+러네/NNP"
          },
          {
            "id": 22,
            "text": "3 : 닭가슴살 맛 없잖아 키키",
            "norm_text": "닭가슴살 맛 없잖아 키키",
            "speaker": {
              "id": "3번",
              "sex": "남성",
              "age": "20대"
            },
            "speechAct": "(단언) 주장하기",
            "morpheme": "닭/NNG+가슴/NNG+살맛/NNG+없/VA+잖아/EC+키/NNG+키/XSV+ETN"
          }
        ]
      }
    }
  ]
}