{
  "dataset": {
    "identifier": 98035,
    "name": "BAND_40_07_set",
    "src_path": "/data/file/cubeManager/PROJECT001/77/txt20211029151156005651/BAND_40_07_set/",
    "label_path": "/data/file/cubeManager/PROJECT001/77/txt20211029151156005651/BAND_40_07_set/",
    "category": 2,
    "type": 0
  },
  "licenses": {
    "name": "Apache License 1.0",
    "url": "http://www.apache.org/licenses/LICENSE-1.0"
  },
  "info": [
    {
      "id": 109689,
      "filename": "BAND_40_07.txt",
      "title": "BAND_40_07",
      "mediatype": "SNS",
      "medianame": "네이버밴드",
      "category": "일상대화",
      "date": "2021-10-29",
      "size": 473,
      "annotations": {
        "subject": "가족",
        "speaker_type": "다자간 대화",
        "size": 473,
        "word_size": 158,
        "text": "1 : 가족들 중 누구랑 제일 잘맞아?\n2 : 음 나는 우리형이랑 젤 잘맞는 거 같애\n3 : 나는 가족이랑 잘 안 맞는 거 같아\n1 : 키키 난 동생키키\n1 : 왜 안맞아 자주 싸워?\n2 : 나도 동생이랑은 쫌... 잘 안맞지\n3 : 자주 싸우기도 하고 의견이 잘 안맞아...\n1 : 키키 난 척하면 척이라 잘 맞아 키키\n2 : 부모님들이 조금 영하시면 자식들이랑 잘맞데 키키\n3 : 진짜 부럽다 나도 그런 가족이 있으면 좋겠어 ㅠㅠ\n1 : 키키 아 그래?\n1 : 나 그래도 오빠랑은 안맞아 ㅜㅜ\n2 : 원래 형제들은 다 잘 안맞지 키키\n3 : 휴 난 동생인데 왜 매일 져줘야 하는지\n1 : 오빠랑은 대화도 잘 안통해 키키\n2 : 나는 동생이랑 성향이 아예 반대라서 자주 싸우지 키키\n3 : 나는 아예 말하는걸 포기했거둔\n1 : 아 키키 그거 까진 안돼 키키\n2 : 나는 자기관리 하고 하는 스타일 동생은 완전 게으르고 자기관리 안 하는 스타일\n3 : 완전 정반대네 진짜 안맞겠다",
        "lines": [
          {
            "id": 1,
            "text": "1 : 가족들 중 누구랑 제일 잘맞아?",
            "norm_text": "가족들 중 누구랑 제일 잘맞아?",
            "speaker": {
              "id": "1번",
              "sex": "여성",
              "age": "20대"
            },
            "speechAct": "(지시) 질문하기",
            "morpheme": "가족/NNG+들/XSN+중/NNB+누구/NP+랑/JKB+제일/MAG+잘/MAG+맞/VV+아/EF"
          },
          {
            "id": 2,
            "text": "2 : 음 나는 우리형이랑 젤 잘맞는 거 같애",
            "norm_text": "음 나는 우리형이랑 젤 잘맞는 거 같애",
            "speaker": {
              "id": "2번",
              "sex": "남성",
              "age": "20대"
            },
            "speechAct": "(단언) 주장하기",
            "morpheme": "음/IC+나/NP+는/JX+우리/NP+형/XSN+이랑/JKB+젤/MAG+잘/MAG+맞/VV+는/ETM+거/NNB+같/VA+애/EC"
          },
          {
            "id": 3,
            "text": "3 : 나는 가족이랑 잘 안 맞는 거 같아",
            "norm_text": "나는 가족이랑 잘 안 맞는 거 같아",
            "speaker": {
              "id": "3번",
              "sex": "남성",
              "age": "20대"
            },
            "speechAct": "(단언) 주장하기",
            "morpheme": "나/NP+는/JX+가족/NNG+이랑/JKB+잘/MAG+안/MAG+맞/VV+는/ETM+거/NNB+같/VA+아/EC"
          },
          {
            "id": 4,
            "text": "1 : 키키 난 동생키키",
            "norm_text": "키키 난 동생키키",
            "speaker": {
              "id": "1번",
              "sex": "여성",
              "age": "20대"
            },
            "speechAct": "(단언) 주장하기",
            "morpheme": "키키난동생키키/UNKNOWN"
          },
          {
            "id": 5,
            "text": "1 : 왜 안맞아 자주 싸워?",
            "norm_text": "왜 안맞아 자주 싸워?",
            "speaker": {
              "id": "1번",
              "sex": "여성",
              "age": "20대"
            },
            "speechAct": "(지시) 질문하기",
            "morpheme": "왜/MAG+안/MAG+맞/VV+아/EC+자주/MAG+싸워/VV+EF"
          },
          {
            "id": 6,
            "text": "2 : 나도 동생이랑은 쫌... 잘 안맞지",
            "norm_text": "나도 동생이랑은 쫌... 잘 안맞지",
            "speaker": {
              "id": "2번",
              "sex": "남성",
              "age": "20대"
            },
            "speechAct": "(단언) 주장하기",
            "morpheme": "나/NP+도/JX+동생/NNG+이랑/JKB+은/JX+쫌/VV+ETN+./SY+잘/MAG+안/MAG+맞/VV+지/EC"
          },
          {
            "id": 7,
            "text": "3 : 자주 싸우기도 하고 의견이 잘 안맞아...",
            "norm_text": "자주 싸우기도 하고 의견이 잘 안맞아...",
            "speaker": {
              "id": "3번",
              "sex": "남성",
              "age": "20대"
            },
            "speechAct": "(단언) 주장하기",
            "morpheme": "자주/MAG+싸우/VV+기/ETN+도/JX+하/VV+고/EC+의견/NNG+이/JKS+잘/MAG+안/MAG+맞/VV+아/EF+./SY"
          },
          {
            "id": 8,
            "text": "1 : 키키 난 척하면 척이라 잘 맞아 키키",
            "norm_text": "키키 난 척하면 척이라 잘 맞아 키키",
            "speaker": {
              "id": "1번",
              "sex": "여성",
              "age": "20대"
            },
            "speechAct": "(단언) 주장하기",
            "morpheme": "키/NNG+키/XSV+ETN+난/NP+JX+척하면/MAG+척이/NNG+라/VCP+EC+잘/MAG+맞/VV+아/EC+키/NNG+키/XSV+ETN"
          },
          {
            "id": 9,
            "text": "2 : 부모님들이 조금 영하시면 자식들이랑 잘맞데 키키",
            "norm_text": "부모님들이 조금 영하시면 자식들이랑 잘맞데 키키",
            "speaker": {
              "id": "2번",
              "sex": "남성",
              "age": "20대"
            },
            "speechAct": "(단언) 주장하기",
            "morpheme": "부모/NNG+님/XSN+들/XSN+이/JKS+조금/MAG+영하/VA+시/EP+면/EC+자식/NNG+들/XSN+이랑/JKB+잘/MAG+맞/VV+데/EC+키/NNG+키/XSV+ETN"
          },
          {
            "id": 10,
            "text": "3 : 진짜 부럽다 나도 그런 가족이 있으면 좋겠어 ㅠㅠ",
            "norm_text": "진짜 부럽다 나도 그런 가족이 있으면 좋겠어 ㅠㅠ",
            "speaker": {
              "id": "3번",
              "sex": "남성",
              "age": "20대"
            },
            "speechAct": "(단언) 주장하기",
            "morpheme": "진짜/MAG+부럽/VA+다/EF+나/NP+도/JX+그런/MM+가족/NNG+이/JKS+있/VV+으면/EC+좋/VA+겠/EP+어/EF+ㅠㅠ/UNKNOWN"
          },
          {
            "id": 11,
            "text": "1 : 키키 아 그래?",
            "norm_text": "키키 아 그래?",
            "speaker": {
              "id": "1번",
              "sex": "여성",
              "age": "20대"
            },
            "speechAct": "(지시) 질문하기",
            "morpheme": "키/NNG+키/VV+아/EC+그래/VV+EF"
          },
          {
            "id": 12,
            "text": "1 : 나 그래도 오빠랑은 안맞아 ㅜㅜ",
            "norm_text": "나 그래도 오빠랑은 안맞아 ㅜㅜ",
            "speaker": {
              "id": "1번",
              "sex": "여성",
              "age": "20대"
            },
            "speechAct": "(단언) 주장하기",
            "morpheme": "나/NP+그래도/VV+EC+오빠/NNG+랑/JKB+은/JX+안/MAG+맞/VV+아/EC+ㅜㅜ/UNKNOWN"
          },
          {
            "id": 13,
            "text": "2 : 원래 형제들은 다 잘 안맞지 키키",
            "norm_text": "원래 형제들은 다 잘 안맞지 키키",
            "speaker": {
              "id": "2번",
              "sex": "남성",
              "age": "20대"
            },
            "speechAct": "(단언) 주장하기",
            "morpheme": "원래/MAG+형제/NNG+들/XSN+은/JX+다/MAG+잘/MAG+안/MAG+맞/VV+지/EC+키/NNG+키/XSV+ETN"
          },
          {
            "id": 14,
            "text": "3 : 휴 난 동생인데 왜 매일 져줘야 하는지",
            "norm_text": "휴 난 동생인데 왜 매일 져줘야 하는지",
            "speaker": {
              "id": "3번",
              "sex": "남성",
              "age": "20대"
            },
            "speechAct": "(단언) 주장하기",
            "morpheme": "휴/IC+난/NP+JX+동생/NNG+인데/VCP+EC+왜/MAG+매일/MAG+져/VV+EC+줘야/VX+EC+하/VV+는지/EC"
          },
          {
            "id": 15,
            "text": "1 : 오빠랑은 대화도 잘 안통해 키키",
            "norm_text": "오빠랑은 대화도 잘 안통해 키키",
            "speaker": {
              "id": "1번",
              "sex": "여성",
              "age": "20대"
            },
            "speechAct": "(단언) 주장하기",
            "morpheme": "오빠/NNG+랑/JKB+은/JX+대화/NNG+도/JX+잘/MAG+안/MAG+통해/VV+EC+키/NNG+키/XSV+ETN"
          },
          {
            "id": 16,
            "text": "2 : 나는 동생이랑 성향이 아예 반대라서 자주 싸우지 키키",
            "norm_text": "나는 동생이랑 성향이 아예 반대라서 자주 싸우지 키키",
            "speaker": {
              "id": "2번",
              "sex": "남성",
              "age": "20대"
            },
            "speechAct": "(단언) 주장하기",
            "morpheme": "나/NP+는/JX+동생/NNG+이랑/JKB+성향/NNG+이/JKS+아예/MAG+반대/NNG+라서/VCP+EC+자주/MAG+싸우/VV+지/EC+키/NNG+키/XSV+ETN"
          },
          {
            "id": 17,
            "text": "3 : 나는 아예 말하는걸 포기했거둔",
            "norm_text": "나는 아예 말하는걸 포기했거둔",
            "speaker": {
              "id": "3번",
              "sex": "남성",
              "age": "20대"
            },
            "speechAct": "(단언) 주장하기",
            "morpheme": "나/NP+는/JX+아예/MAG+말/NNG+하/XSV+는/ETM+걸/NNB+JKO+포기/NNG+했/XSV+EP+거둔/VV+ETM"
          },
          {
            "id": 18,
            "text": "1 : 아 키키 그거 까진 안돼 키키",
            "norm_text": "아 키키 그거 까진 안돼 키키",
            "speaker": {
              "id": "1번",
              "sex": "여성",
              "age": "20대"
            },
            "speechAct": "(단언) 주장하기",
            "morpheme": "아키/NNP+키/NNG+그거/NP+까진/JX+JX+안/MAG+돼/VV+EC+키/NNG+키/XSV+ETN"
          },
          {
            "id": 19,
            "text": "2 : 나는 자기관리 하고 하는 스타일 동생은 완전 게으르고 자기관리 안 하는 스타일",
            "norm_text": "나는 자기관리 하고 하는 스타일 동생은 완전 게으르고 자기관리 안 하는 스타일",
            "speaker": {
              "id": "2번",
              "sex": "남성",
              "age": "20대"
            },
            "speechAct": "(단언) 주장하기",
            "morpheme": "나/NP+는/JX+자기/NP+관리/NNG+하/XSV+고/EC+하/VV+는/ETM+스타일/NNG+동생/NNG+은/JX+완전/MAG+게으르/VA+고/EC+자기/NP+관리/NNG+안/MAG+하/VV+는/ETM+스타일/NNG"
          },
          {
            "id": 20,
            "text": "3 : 완전 정반대네 진짜 안맞겠다",
            "norm_text": "완전 정반대네 진짜 안맞겠다",
            "speaker": {
              "id": "3번",
              "sex": "남성",
              "age": "20대"
            },
            "speechAct": "(단언) 주장하기",
            "morpheme": "완전/NNG+정반대/NNG+VCP+EP+네/EF+진짜/MAG+안/MAG+맞/VV+겠/EP+다/EC"
          }
        ]
      }
    }
  ]
}