{
  "dataset": {
    "identifier": 103236,
    "name": "BAND_39_02_set",
    "src_path": "/data/file/cubeManager/PROJECT001/77/txt20211029151155083064/BAND_39_02_set/",
    "label_path": "/data/file/cubeManager/PROJECT001/77/txt20211029151155083064/BAND_39_02_set/",
    "category": 2,
    "type": 0
  },
  "licenses": {
    "name": "Apache License 1.0",
    "url": "http://www.apache.org/licenses/LICENSE-1.0"
  },
  "info": [
    {
      "id": 109664,
      "filename": "BAND_39_02.txt",
      "title": "BAND_39_02",
      "mediatype": "SNS",
      "medianame": "네이버밴드",
      "category": "일상대화",
      "date": "2021-10-29",
      "size": 440,
      "annotations": {
        "subject": "주거와 생활",
        "speaker_type": "다자간 대화",
        "size": 440,
        "word_size": 138,
        "text": "1 : 빨래 해야 하는데 귀찮다\n2 : 나는 엄마가 해주지롱\n3 : 지금 완전 쌓였어...도와줘ㅠ 키키\n1 : 키키 부럽다 키키 우린 각자 알아서\n2 : 키키 헐 어떻게 그럴 수 있오\n3 : 와우 키키 난 설거지까지 해줄 가사도우미 구해야할판...ㅋ\n1 : 각자 급하면 알아서 해야해 키키\n2 : 키키 그건 ㅇㅈ 하하 급한 사람이 하게 돼 있음\n3 : 한방에 몰아서 하는게 국룰인데 ㅇㅈ? 키키\n1 : ㅇㅈ 키키 근데 유니폼 때매 강제 하는중\n2 : 유니폼 ㅇㅈ 쉬익쉬익 회사에서 빨아주세요\n3 : 많이 사게 돈 주세요...회사님..!\n1 : 키키 전혀 인정이 없으셔 우리 회사...\n2 : 울 회사두, 유니폼 빨기 귀찮다 아직 빨래통에도 안 넣음\n3 : 아 키키 집도 치워야하고 바빠죽겠넴\n1 : 키키 그니깐 내일은 대청소나 할까봐\n2 : 마저 겨울맞이 옷정리 해야지\n3 : 맞아 정리할 때 됐는데!\n3 : 내일해야징",
        "lines": [
          {
            "id": 1,
            "text": "1 : 빨래 해야 하는데 귀찮다",
            "norm_text": "빨래 해야 하는데 귀찮다",
            "speaker": {
              "id": "1번",
              "sex": "여성",
              "age": "20대"
            },
            "speechAct": "(단언) 주장하기",
            "morpheme": "빨래/NNG+해야/XSV+EC+하/VV+는/ETM+데/NNB+귀찮/VA+다/EC"
          },
          {
            "id": 2,
            "text": "2 : 나는 엄마가 해주지롱",
            "norm_text": "나는 엄마가 해주지롱",
            "speaker": {
              "id": "2번",
              "sex": "여성",
              "age": "20대"
            },
            "speechAct": "(단언) 진술하기",
            "morpheme": "나/NP+는/JX+엄마/NNG+가/JKS+해/VV+EC+주/VX+지롱/EC"
          },
          {
            "id": 3,
            "text": "3 : 지금 완전 쌓였어...도와줘ㅠ 키키",
            "norm_text": "지금 완전 쌓였어...도와줘ㅠ 키키",
            "speaker": {
              "id": "3번",
              "sex": "남성",
              "age": "20대"
            },
            "speechAct": "(지시) 부탁하기",
            "morpheme": "지금/MAG+완전/MAG+쌓였/VV+EP+어/EF+./SY+도와줘ㅠ키키/UNKNOWN"
          },
          {
            "id": 4,
            "text": "1 : 키키 부럽다 키키 우린 각자 알아서",
            "norm_text": "키키 부럽다 키키 우린 각자 알아서",
            "speaker": {
              "id": "1번",
              "sex": "여성",
              "age": "20대"
            },
            "speechAct": "(단언) 주장하기",
            "morpheme": "키/NNG+키/XSV+ETN+부럽/VA+다키키/NNP+우린/NP+JX+각자/MAG+알/VV+아서/EC"
          },
          {
            "id": 5,
            "text": "2 : 키키 헐 어떻게 그럴 수 있오",
            "norm_text": "키키 헐 어떻게 그럴 수 있오",
            "speaker": {
              "id": "2번",
              "sex": "여성",
              "age": "20대"
            },
            "speechAct": "(단언) 주장하기",
            "morpheme": "키/NNG+키/NNG+헐/XSV+JKO+어떻/VA+게/EC+그럴/VV+ETM+수/NNB+있/VV+오/EC"
          },
          {
            "id": 6,
            "text": "3 : 와우 키키 난 설거지까지 해줄 가사도우미 구해야할판...ㅋ",
            "norm_text": "와우 키키 난 설거지까지 해줄 가사도우미 구해야할판...ㅋ",
            "speaker": {
              "id": "3번",
              "sex": "남성",
              "age": "20대"
            },
            "speechAct": "(단언) 주장하기",
            "morpheme": "와우키키난설거지까지해줄가사도우미구해야할판/UNKNOWN+./SY+ㅋ/UNKNOWN"
          },
          {
            "id": 7,
            "text": "1 : 각자 급하면 알아서 해야해 키키",
            "norm_text": "각자 급하면 알아서 해야해 키키",
            "speaker": {
              "id": "1번",
              "sex": "여성",
              "age": "20대"
            },
            "speechAct": "(단언) 주장하기",
            "morpheme": "각/MM+자급/NNG+하/XSV+면/EC+알/VV+아서/EC+해야/VV+EC+해/VV+EC+키/NNG+키/XSV+ETN"
          },
          {
            "id": 8,
            "text": "2 : 키키 그건 ㅇㅈ 하하 급한 사람이 하게 돼 있음",
            "norm_text": "키키 그건 ㅇㅈ 하하 급한 사람이 하게 돼 있음",
            "speaker": {
              "id": "2번",
              "sex": "여성",
              "age": "20대"
            },
            "speechAct": "(단언) 주장하기",
            "morpheme": "키/NNG+키/XSV+ETN+그건/NP+JX+ㅇㅈ/UNKNOWN+하하/MAG+급한/VA+ETM+사람/NNG+이/JKS+하/VV+게/EC+돼/VV+EC+있/VX+음/ETN"
          },
          {
            "id": 9,
            "text": "3 : 한방에 몰아서 하는게 국룰인데 ㅇㅈ? 키키",
            "norm_text": "한방에 몰아서 하는게 국룰인데 ㅇㅈ? 키키",
            "speaker": {
              "id": "3번",
              "sex": "남성",
              "age": "20대"
            },
            "speechAct": "(지시) 질문하기",
            "morpheme": "한방에몰아서하는게국룰인데ㅇㅈ/UNKNOWN+키/NNG+키/XSV+ETN"
          },
          {
            "id": 10,
            "text": "1 : ㅇㅈ 키키 근데 유니폼 때매 강제 하는중",
            "norm_text": "ㅇㅈ 키키 근데 유니폼 때매 강제 하는중",
            "speaker": {
              "id": "1번",
              "sex": "여성",
              "age": "20대"
            },
            "speechAct": "(단언) 주장하기",
            "morpheme": "ㅇㅈ/UNKNOWN+키/NNG+키/XSV+ETN+근데/MAJ+유니폼/NNG+때/NNG+매/MM+강제/NNG+하/XSV+는/ETM+중/NNB"
          },
          {
            "id": 11,
            "text": "2 : 유니폼 ㅇㅈ 쉬익쉬익 회사에서 빨아주세요",
            "norm_text": "유니폼 ㅇㅈ 쉬익쉬익 회사에서 빨아주세요",
            "speaker": {
              "id": "2번",
              "sex": "여성",
              "age": "20대"
            },
            "speechAct": "(단언) 주장하기",
            "morpheme": "유니폼/NNG+ㅇㅈ/UNKNOWN+쉬익/MAG+쉬익/MAG+회사/NNG+에서/JKB+빨/VV+아/EC+주/VX+세요/EP+EF"
          },
          {
            "id": 12,
            "text": "3 : 많이 사게 돈 주세요...회사님..!",
            "norm_text": "많이 사게 돈 주세요...회사님..!",
            "speaker": {
              "id": "3번",
              "sex": "남성",
              "age": "20대"
            },
            "speechAct": "(단언) 주장하기",
            "morpheme": "많이/MAG+사/VV+게/EC+돈/NNG+주/VV+세요/EP+EF+./SY+회사/NNG+님/XSN+./SY"
          },
          {
            "id": 13,
            "text": "1 : 키키 전혀 인정이 없으셔 우리 회사...",
            "norm_text": "키키 전혀 인정이 없으셔 우리 회사...",
            "speaker": {
              "id": "1번",
              "sex": "여성",
              "age": "20대"
            },
            "speechAct": "(단언) 주장하기",
            "morpheme": "키/NNG+키/NNG+전혀/MAG+인정/NNG+이/JKS+없/VA+으셔/EP+EP+EF+우리/NP+회사/NNG+./SY+./SY"
          },
          {
            "id": 14,
            "text": "2 : 울 회사두, 유니폼 빨기 귀찮다 아직 빨래통에도 안 넣음",
            "norm_text": "울 회사두, 유니폼 빨기 귀찮다 아직 빨래통에도 안 넣음",
            "speaker": {
              "id": "2번",
              "sex": "여성",
              "age": "20대"
            },
            "speechAct": "(단언) 주장하기",
            "morpheme": "울/MM+회사/NNG+두/JX+,/SC+유니폼빨기귀찮다아직빨래통에도안넣음/UNKNOWN"
          },
          {
            "id": 15,
            "text": "3 : 아 키키 집도 치워야하고 바빠죽겠넴",
            "norm_text": "아 키키 집도 치워야하고 바빠죽겠넴",
            "speaker": {
              "id": "3번",
              "sex": "남성",
              "age": "20대"
            },
            "speechAct": "(단언) 주장하기",
            "morpheme": "아키/NNP+키/NNG+집/NNG+도/JX+치워야/VV+EC+하/VV+고/EC+바빠/VA+EC+죽/VV+겠/EP+넴/NNP"
          },
          {
            "id": 16,
            "text": "1 : 키키 그니깐 내일은 대청소나 할까봐",
            "norm_text": "키키 그니깐 내일은 대청소나 할까봐",
            "speaker": {
              "id": "1번",
              "sex": "여성",
              "age": "20대"
            },
            "speechAct": "(단언) 주장하기",
            "morpheme": "키/NNG+키/XSV+ETN+그니깐/MAJ+내일/NNG+은/JX+대청/NNG+소나/NNG+할까봐/XSV+EC+VX+EC"
          },
          {
            "id": 17,
            "text": "2 : 마저 겨울맞이 옷정리 해야지",
            "norm_text": "마저 겨울맞이 옷정리 해야지",
            "speaker": {
              "id": "2번",
              "sex": "여성",
              "age": "20대"
            },
            "speechAct": "(언약) 약속하기(제3자와)/(개인적 수준)",
            "morpheme": "마저/MAG+겨울맞이/NNG+옷/NNG+정리/NNG+해야지/XSV+EC"
          },
          {
            "id": 18,
            "text": "3 : 맞아 정리할 때 됐는데!",
            "norm_text": "맞아 정리할 때 됐는데!",
            "speaker": {
              "id": "3번",
              "sex": "남성",
              "age": "20대"
            },
            "speechAct": "(단언) 주장하기",
            "morpheme": "맞/VV+아/EC+정리/NNG+할/XSV+ETM+때/NNG+됐/XSV+EP+는데/EF"
          },
          {
            "id": 19,
            "text": "3 : 내일해야징",
            "norm_text": "내일해야징",
            "speaker": {
              "id": "3번",
              "sex": "남성",
              "age": "20대"
            },
            "speechAct": "(언약) 약속하기(제3자와)/(개인적 수준)",
            "morpheme": "내일/NNG+해야/XSV+EC+징/NNG"
          }
        ]
      }
    }
  ]
}