{
  "dataset": {
    "identifier": 104276,
    "name": "BAND_40_14_set",
    "src_path": "/data/file/cubeManager/PROJECT001/77/txt20211029151156012545/BAND_40_14_set/",
    "label_path": "/data/file/cubeManager/PROJECT001/77/txt20211029151156012545/BAND_40_14_set/",
    "category": 2,
    "type": 0
  },
  "licenses": {
    "name": "Apache License 1.0",
    "url": "http://www.apache.org/licenses/LICENSE-1.0"
  },
  "info": [
    {
      "id": 109696,
      "filename": "BAND_40_14.txt",
      "title": "BAND_40_14",
      "mediatype": "SNS",
      "medianame": "네이버밴드",
      "category": "일상대화",
      "date": "2021-10-29",
      "size": 497,
      "annotations": {
        "subject": "사회이슈",
        "speaker_type": "다자간 대화",
        "size": 497,
        "word_size": 160,
        "text": "1 : 오겜 덕분에 반스 흰색 운동화 매출 엄청 올랐대\n2 : 오겜? 오겜이 뭐야?\n2 : 처음 들어보는데\n3 : 오징어게임 아니야?\n3 : 재밌잖아 그거\n1 : 키키 거기서 다들 흰색 운동화 신었잖아\n2 : 앜 키키 오징어게임 키키 그것도 줄임말 쓰는거야?\n2 : 나도 나이 먹었나보네 ㅠㅠ\n3 : 그게 반스거였구나 이쁘긴 하던데\n1 : 키키 반스 슬립온 키키 해외에서 난리인가봐\n2 : 아 진짜?\n2 ; 신발에 집중을 안 해서 그런가 뭔지도 모르겠네 키키\n3 : 나도 이참에 하나 사볼까?\n1 : 키키 지금 재고 있을라나 인기 많던데\n2 : 와 진짜 대박이다\n2 : 역시 인기 드라마이긴 한가보다\n3 : 기다렸다가 사면 되지않을까?\n1 : 해외에서 70프로나 판매량 급증 했다더라\n2 : 헐 키키  근데 그것도 좀 있으면 재고 넘처날 거 같은데 키키\n3 : 곧 인기 식어서 괜찮을 거 같아\n1 : 키키 맞아 좀 있다가 한번 봐봐\n2 : 요즘엔 넷플에 마이네임? 그게 인기 엄청 많다고 하던데\n3 : 마이네임은 무슨 드라마야?",
        "lines": [
          {
            "id": 1,
            "text": "1 : 오겜 덕분에 반스 흰색 운동화 매출 엄청 올랐대",
            "norm_text": "오겜 덕분에 반스 흰색 운동화 매출 엄청 올랐대",
            "speaker": {
              "id": "1번",
              "sex": "여성",
              "age": "20대"
            },
            "speechAct": "(단언) 진술하기",
            "morpheme": "오/IC+겜/NNP+덕분/NNG+에/JKB+반스/NNP+흰색/NNG+운동/NNG+화/XSN+매출/NNG+엄청/MAG+올랐/VV+EP+대/EC"
          },
          {
            "id": 2,
            "text": "2 : 오겜? 오겜이 뭐야?",
            "norm_text": "오겜? 오겜이 뭐야?",
            "speaker": {
              "id": "2번",
              "sex": "남성",
              "age": "20대"
            },
            "speechAct": "(지시) 질문하기",
            "morpheme": "오/IC+겜/NNP+오/IC+겜/NNP+이/JKS+뭐/NP+야/VCP+EF"
          },
          {
            "id": 3,
            "text": "2 : 처음 들어보는데",
            "norm_text": "처음 들어보는데",
            "speaker": {
              "id": "2번",
              "sex": "남성",
              "age": "20대"
            },
            "speechAct": "(단언) 주장하기",
            "morpheme": "처음/MAG+들/VV+어/EC+보/VX+는데/EC"
          },
          {
            "id": 4,
            "text": "3 : 오징어게임 아니야?",
            "norm_text": "오징어게임 아니야?",
            "speaker": {
              "id": "3번",
              "sex": "남성",
              "age": "20대"
            },
            "speechAct": "(지시) 질문하기",
            "morpheme": "오징어/NNG+게임/NNG+아니/VCN+야/EF"
          },
          {
            "id": 5,
            "text": "3 : 재밌잖아 그거",
            "norm_text": "재밌잖아 그거",
            "speaker": {
              "id": "3번",
              "sex": "남성",
              "age": "20대"
            },
            "speechAct": "(단언) 주장하기",
            "morpheme": "재밌/VA+잖아/EF+그거/NP"
          },
          {
            "id": 6,
            "text": "1 : 키키 거기서 다들 흰색 운동화 신었잖아",
            "norm_text": "키키 거기서 다들 흰색 운동화 신었잖아",
            "speaker": {
              "id": "1번",
              "sex": "여성",
              "age": "20대"
            },
            "speechAct": "(단언) 진술하기",
            "morpheme": "키/NNG+키/XSV+ETN+거기/NP+서다/NNG+들/XSN+흰색/NNG+운동/NNG+화/XSN+신/VV+었잖/EC+VX+아/EC"
          },
          {
            "id": 7,
            "text": "2 : 앜 키키 오징어게임 키키 그것도 줄임말 쓰는거야?",
            "norm_text": "앜 키키 오징어게임 키키 그것도 줄임말 쓰는거야?",
            "speaker": {
              "id": "2번",
              "sex": "남성",
              "age": "20대"
            },
            "speechAct": "(지시) 질문하기",
            "morpheme": "앜키/UNKNOWN+키/NNG+오징어/NNG+게임/NNG+키/NNG+키/XSV+ETN+그것/NP+도/JX+줄임/VV+ETN+말/NNG+쓰/VV+는/ETM+거/NNB+야/VCP+EF"
          },
          {
            "id": 8,
            "text": "2 : 나도 나이 먹었나보네 ㅠㅠ",
            "norm_text": "나도 나이 먹었나보네 ㅠㅠ",
            "speaker": {
              "id": "2번",
              "sex": "남성",
              "age": "20대"
            },
            "speechAct": "(단언) 주장하기",
            "morpheme": "나/NP+도/JX+나이/NNG+먹/VV+었/EP+나/EC+보/VX+네/EF+ㅠㅠ/UNKNOWN"
          },
          {
            "id": 9,
            "text": "3 : 그게 반스거였구나 이쁘긴 하던데",
            "norm_text": "그게 반스거였구나 이쁘긴 하던데",
            "speaker": {
              "id": "3번",
              "sex": "남성",
              "age": "20대"
            },
            "speechAct": "(단언) 주장하기",
            "morpheme": "그게/NP+JKS+반스/NNP+거/NNB+였/VCP+EP+구나/EF+이쁘/VA+긴/ETN+JX+하/VX+던데/EC"
          },
          {
            "id": 10,
            "text": "1 : 키키 반스 슬립온 키키 해외에서 난리인가봐",
            "norm_text": "키키 반스 슬립온 키키 해외에서 난리인가봐",
            "speaker": {
              "id": "1번",
              "sex": "여성",
              "age": "20대"
            },
            "speechAct": "(단언) 진술하기",
            "morpheme": "키키/NNP+반스/NNP+슬립/NNG+온/VV+ETM+키/NNG+키/NNG+해외/NNG+에서/JKB+난리/NNG+인가/VCP+EC+봐/VX+EC"
          },
          {
            "id": 11,
            "text": "2 : 아 진짜?",
            "norm_text": "아 진짜?",
            "speaker": {
              "id": "2번",
              "sex": "남성",
              "age": "20대"
            },
            "speechAct": "(지시) 질문하기",
            "morpheme": "아/IC+진짜/MAG"
          },
          {
            "id": 12,
            "text": "2 ; 신발에 집중을 안 해서 그런가 뭔지도 모르겠네 키키",
            "norm_text": "신발에 집중을 안 해서 그런가 뭔지도 모르겠네 키키",
            "speaker": {
              "id": "2번",
              "sex": "남성",
              "age": "20대"
            },
            "speechAct": "(단언) 주장하기",
            "morpheme": "신발/NNG+에/JKB+집중/NNG+을/JKO+안/MAG+해서/VV+EC+그런가/VA+EC+뭔지/NP+VCP+EC+도/JX+모르/VV+겠/EP+네/EF+키/NNG+키/XSV+ETN"
          },
          {
            "id": 13,
            "text": "3 : 나도 이참에 하나 사볼까?",
            "norm_text": "나도 이참에 하나 사볼까?",
            "speaker": {
              "id": "3번",
              "sex": "남성",
              "age": "20대"
            },
            "speechAct": "(지시) 질문하기",
            "morpheme": "나/NP+도/JX+이/MM+참/NNB+에/JKB+하나/NR+사/NR+EC+볼까/VX+EF"
          },
          {
            "id": 14,
            "text": "1 : 키키 지금 재고 있을라나 인기 많던데",
            "norm_text": "키키 지금 재고 있을라나 인기 많던데",
            "speaker": {
              "id": "1번",
              "sex": "여성",
              "age": "20대"
            },
            "speechAct": "(단언) 진술하기",
            "morpheme": "키/NNG+키/NNG+지금/MAG+재/VV+고/EC+있/VX+을라나/EF+인기/NNG+많/VA+던데/EC"
          },
          {
            "id": 15,
            "text": "2 : 와 진짜 대박이다",
            "norm_text": "와 진짜 대박이다",
            "speaker": {
              "id": "2번",
              "sex": "남성",
              "age": "20대"
            },
            "speechAct": "(단언) 주장하기",
            "morpheme": "와/IC+진짜/MAG+대박/NNG+이/VCP+다/EC"
          },
          {
            "id": 16,
            "text": "2 : 역시 인기 드라마이긴 한가보다",
            "norm_text": "역시 인기 드라마이긴 한가보다",
            "speaker": {
              "id": "2번",
              "sex": "남성",
              "age": "20대"
            },
            "speechAct": "(단언) 진술하기",
            "morpheme": "역시/MAJ+인기/NNG+드라마/NNG+이/VCP+긴/ETN+JX+한가/VX+EC+보/VX+다/EC"
          },
          {
            "id": 17,
            "text": "3 : 기다렸다가 사면 되지않을까?",
            "norm_text": "기다렸다가 사면 되지않을까?",
            "speaker": {
              "id": "3번",
              "sex": "남성",
              "age": "20대"
            },
            "speechAct": "(지시) 질문하기",
            "morpheme": "기다렸/VV+EP+다가/EC+사면/NNG+되/XSV+지/EC+않/VX+을까/EF"
          },
          {
            "id": 18,
            "text": "1 : 해외에서 70프로나 판매량 급증 했다더라",
            "norm_text": "해외에서 70프로나 판매량 급증 했다더라",
            "speaker": {
              "id": "1번",
              "sex": "여성",
              "age": "20대"
            },
            "speechAct": "(단언) 진술하기",
            "morpheme": "해외/NNG+에서/JKB+70/SN+프로/NNG+나/JC+판매량/NNG+급증/NNG+했/XSV+EP+다더라/EC"
          },
          {
            "id": 19,
            "text": "2 : 헐 키키  근데 그것도 좀 있으면 재고 넘처날 거 같은데 키키",
            "norm_text": "헐 키키  근데 그것도 좀 있으면 재고 넘처날 거 같은데 키키",
            "speaker": {
              "id": "2번",
              "sex": "남성",
              "age": "20대"
            },
            "speechAct": "(단언) 진술하기",
            "morpheme": "헐/IC+키/NNG+키/XSV+ETN+근데/MAJ+그것/NP+도/JX+좀/MAG+있/VA+으면/EC+재/VV+고/EC+넘처/UNKNOWN+날/VV+ETM+거/NNB+같/VA+은데/EC+키/NNG+키/XSV+ETN"
          },
          {
            "id": 20,
            "text": "3 : 곧 인기 식어서 괜찮을 거 같아",
            "norm_text": "곧 인기 식어서 괜찮을 거 같아",
            "speaker": {
              "id": "3번",
              "sex": "남성",
              "age": "20대"
            },
            "speechAct": "(단언) 주장하기",
            "morpheme": "곧/MAG+인기/NNG+식/VV+어서/EC+괜찮/VA+을/ETM+거/NNB+같/VA+아/EC"
          },
          {
            "id": 21,
            "text": "1 : 키키 맞아 좀 있다가 한번 봐봐",
            "norm_text": "키키 맞아 좀 있다가 한번 봐봐",
            "speaker": {
              "id": "1번",
              "sex": "여성",
              "age": "20대"
            },
            "speechAct": "(단언) 주장하기",
            "morpheme": "키/NNG+키/XSV+ETN+맞/VV+아/EC+좀/MAG+있/VA+다가/EC+한/MM+번/NNBC+봐/VV+EC+봐/VX+EC"
          },
          {
            "id": 22,
            "text": "2 : 요즘엔 넷플에 마이네임? 그게 인기 엄청 많다고 하던데",
            "norm_text": "요즘엔 넷플에 마이네임? 그게 인기 엄청 많다고 하던데",
            "speaker": {
              "id": "2번",
              "sex": "남성",
              "age": "20대"
            },
            "speechAct": "(단언) 진술하기",
            "morpheme": "요즘/NNG+엔/JKB+JX+넷/NR+플/NNG+에/JKB+마이네임/NNP+그게/NP+JKS+인기/NNG+엄청/MAG+많/VA+다고/EC+하/VV+던데/EC"
          },
          {
            "id": 23,
            "text": "3 : 마이네임은 무슨 드라마야?",
            "norm_text": "마이네임은 무슨 드라마야?",
            "speaker": {
              "id": "3번",
              "sex": "남성",
              "age": "20대"
            },
            "speechAct": "(지시) 질문하기",
            "morpheme": "마이네임/NNP+은/JX+무슨/MM+드라마/NNG+야/VCP+EF"
          }
        ]
      }
    }
  ]
}