{
  "dataset": {
    "identifier": 20791,
    "name": "BAND_26_16_set",
    "src_path": "/data/file/cubeManager/PROJECT001/49/txt20210916140644046333/BAND_26_16_set/",
    "label_path": "/data/file/cubeManager/PROJECT001/49/txt20210916140644046333/BAND_26_16_set/",
    "category": 2,
    "type": 0
  },
  "licenses": {
    "name": "Apache License 1.0",
    "url": "http://www.apache.org/licenses/LICENSE-1.0"
  },
  "info": [
    {
      "id": 27926,
      "filename": "BAND_26_16.txt",
      "title": "BAND_26_16",
      "mediatype": "SNS",
      "medianame": "네이버밴드",
      "category": "일상대화",
      "date": "2021-09-16",
      "size": 391,
      "annotations": {
        "subject": "미용",
        "speaker_type": "1:1",
        "size": 391,
        "word_size": 132,
        "text": "1 : 너는 해보고 싶은 네일아트 있어?\n2 : 아 네일아트는 안 하고 싶어\n1 : 왜? 너도 답답한 느낌이 들어서?\n2 : 저번에 해 봤는데 별로 안 이쁜 거 같아\n1 : 어 그때는 어떤 아트로 했었는데?\n2 : 그때 아마 별의 별 거 그냥 잡동사니로 끼어 넣던데?\n1 : 그래? 거기 아트를 잘 못하는 곳 아니야?\n2 : 그러니까 이상한 데 갔었나 봐 ㅜㅜ\n1 : 그런가 봐 가격은 얼마였는데?\n2 : 그때 10만 원 정도\n2 : 아는 사람이라서 가봤었어\n1 : 헐 그 가격이었는데 별로였다고\n2 : 어 거의 개업 느낌이라 돈 준 거지\n1 : 헐 오히려 개업이면 세일 많이 하지 않아?\n2 : 아 근데 그냥 아는 사람이라 돈 줬어\n1 : 야 그러는 거 아니지 그 지인이랑 손절해 ㅋㅌㅋㅌ 키키\n2 : 그래 손절각이다 끝내야지",
        "lines": [
          {
            "id": 1,
            "text": "1 : 너는 해보고 싶은 네일아트 있어?",
            "norm_text": "너는 해보고 싶은 네일아트 있어?",
            "speaker": {
              "id": "1번",
              "sex": "여성",
              "age": "20대"
            },
            "speechAct": "(지시) 질문하기",
            "morpheme": "너/NP+는/JX+해/VV+EC+보/VX+고/EC+싶/VX+은/ETM+네일/NNG+아트/NNG+있/VA+어/EF"
          },
          {
            "id": 2,
            "text": "2 : 아 네일아트는 안 하고 싶어",
            "norm_text": "아 네일아트는 안 하고 싶어",
            "speaker": {
              "id": "2번",
              "sex": "여성",
              "age": "20대"
            },
            "speechAct": "(단언) 주장하기",
            "morpheme": "아/IC+네/MM+일/NR+아트/NNG+는/JX+안/MAG+하/VV+고/EC+싶/VX+어/EC"
          },
          {
            "id": 3,
            "text": "1 : 왜? 너도 답답한 느낌이 들어서?",
            "norm_text": "왜? 너도 답답한 느낌이 들어서?",
            "speaker": {
              "id": "1번",
              "sex": "여성",
              "age": "20대"
            },
            "speechAct": "(지시) 질문하기",
            "morpheme": "왜/MAG+너/NP+도/JX+답답/XR+한/XSA+ETM+느낌/NNG+이/JKS+들/VV+어서/EC"
          },
          {
            "id": 4,
            "text": "2 : 저번에 해 봤는데 별로 안 이쁜 거 같아",
            "norm_text": "저번에 해 봤는데 별로 안 이쁜 거 같아",
            "speaker": {
              "id": "2번",
              "sex": "여성",
              "age": "20대"
            },
            "speechAct": "(단언) 주장하기",
            "morpheme": "저번/NNG+에/JKB+해/VV+EC+봤/VX+EP+는데/EC+별로/MAG+안/MAG+이쁜/VA+ETM+거/NNB+같/VA+아/EC"
          },
          {
            "id": 5,
            "text": "1 : 어 그때는 어떤 아트로 했었는데?",
            "norm_text": "어 그때는 어떤 아트로 했었는데?",
            "speaker": {
              "id": "1번",
              "sex": "여성",
              "age": "20대"
            },
            "speechAct": "(지시) 질문하기",
            "morpheme": "어/IC+그때/NNG+는/JX+어떤/MM+아트/NNG+로/JKB+했었/VV+EP+는데/EF"
          },
          {
            "id": 6,
            "text": "2 : 그때 아마 별의 별 거 그냥 잡동사니로 끼어 넣던데?",
            "norm_text": "그때 아마 별의 별 거 그냥 잡동사니로 끼어 넣던데?",
            "speaker": {
              "id": "2번",
              "sex": "여성",
              "age": "20대"
            },
            "speechAct": "(단언) 주장하기",
            "morpheme": "그때/NNG+아마/MAG+별의별/MM+거/NNB+그냥/MAG+잡동사니/NNG+로/JKB+끼/VV+어/EC+넣/VV+던데/EF"
          },
          {
            "id": 7,
            "text": "1 : 그래? 거기 아트를 잘 못하는 곳 아니야?",
            "norm_text": "그래? 거기 아트를 잘 못하는 곳 아니야?",
            "speaker": {
              "id": "1번",
              "sex": "여성",
              "age": "20대"
            },
            "speechAct": "(지시) 질문하기",
            "morpheme": "그래/IC+거기/NP+아트/NNG+를/JKO+잘못/MAG+하/VV+는/ETM+곳/NNB+아니/VCN+야/EF"
          },
          {
            "id": 8,
            "text": "2 : 그러니까 이상한 데 갔었나 봐 ㅜㅜ",
            "norm_text": "그러니까 이상한 데 갔었나 봐 ㅜㅜ",
            "speaker": {
              "id": "2번",
              "sex": "여성",
              "age": "20대"
            },
            "speechAct": "(단언) 주장하기",
            "morpheme": "그러니까/MAJ+이상/NNG+한/XSA+ETM+데/NNB+갔었/VV+EP+나/EC+봐/VX+EF+ㅜㅜ/UNKNOWN"
          },
          {
            "id": 9,
            "text": "1 : 그런가 봐 가격은 얼마였는데?",
            "norm_text": "그런가 봐 가격은 얼마였는데?",
            "speaker": {
              "id": "1번",
              "sex": "여성",
              "age": "20대"
            },
            "speechAct": "(지시) 질문하기",
            "morpheme": "그런가/VA+EC+봐/VX+EF+가격/NNG+은/JX+얼마/NNG+였/VCP+EP+는데/EF"
          },
          {
            "id": 10,
            "text": "2 : 그때 10만 원 정도",
            "norm_text": "그때 10만 원 정도",
            "speaker": {
              "id": "2번",
              "sex": "여성",
              "age": "20대"
            },
            "speechAct": "(단언) 진술하기",
            "morpheme": "그때/NNG+10/SN+만/NR+원/NNBC+정도/NNG"
          },
          {
            "id": 11,
            "text": "2 : 아는 사람이라서 가봤었어",
            "norm_text": "아는 사람이라서 가봤었어",
            "speaker": {
              "id": "2번",
              "sex": "여성",
              "age": "20대"
            },
            "speechAct": "(단언) 주장하기",
            "morpheme": "아/VV+는/ETM+사람/NNG+이/VCP+라서/EC+가/JKS+봤었/VV+EP+어/EC"
          },
          {
            "id": 12,
            "text": "1 : 헐 그 가격이었는데 별로였다고",
            "norm_text": "헐 그 가격이었는데 별로였다고",
            "speaker": {
              "id": "1번",
              "sex": "여성",
              "age": "20대"
            },
            "speechAct": "(단언) 주장하기",
            "morpheme": "헐/IC+그/MM+가격/NNG+이/VCP+었/EP+는데/EC+별로/MAG+였/VCP+EP+다고/EC"
          },
          {
            "id": 13,
            "text": "2 : 어 거의 개업 느낌이라 돈 준 거지",
            "norm_text": "어 거의 개업 느낌이라 돈 준 거지",
            "speaker": {
              "id": "2번",
              "sex": "여성",
              "age": "20대"
            },
            "speechAct": "(단언) 주장하기",
            "morpheme": "어/IC+거의/MAG+개업/NNG+느낌/NNG+이/JKS+라돈/NNG+준/VV+ETM+거/NNB+지/VCP+EC"
          },
          {
            "id": 14,
            "text": "1 : 헐 오히려 개업이면 세일 많이 하지 않아?",
            "norm_text": "헐 오히려 개업이면 세일 많이 하지 않아?",
            "speaker": {
              "id": "1번",
              "sex": "여성",
              "age": "20대"
            },
            "speechAct": "(지시) 질문하기",
            "morpheme": "헐/IC+오히려/MAJ+개업/NNG+이/VCP+면/EC+세일/NNG+많이/MAG+하/VV+지/EC+않/VX+아/EF"
          },
          {
            "id": 15,
            "text": "2 : 아 근데 그냥 아는 사람이라 돈 줬어",
            "norm_text": "아 근데 그냥 아는 사람이라 돈 줬어",
            "speaker": {
              "id": "2번",
              "sex": "여성",
              "age": "20대"
            },
            "speechAct": "(단언) 주장하기",
            "morpheme": "아/IC+근데/MAJ+그냥/MAG+아/VV+는/ETM+사람/NNG+이/JKS+라돈/NNG+줬/VV+EP+어/EC"
          },
          {
            "id": 16,
            "text": "1 : 야 그러는 거 아니지 그 지인이랑 손절해 ㅋㅌㅋㅌ 키키",
            "norm_text": "야 그러는 거 아니지 그 지인이랑 손절해 ㅋㅌㅋㅌ 키키",
            "speaker": {
              "id": "1번",
              "sex": "여성",
              "age": "20대"
            },
            "speechAct": "(단언) 주장하기",
            "morpheme": "야/IC+그러/VV+는/ETM+거/NNB+아니/VCN+지/EC+그/MM+지인/NNG+이랑/JKB+손절/NNG+해/XSV+EC+ㅋㅌ/UNKNOWN+ㅋㅌ/UNKNOWN+키/NNG+키/XSV+ETN"
          },
          {
            "id": 17,
            "text": "2 : 그래 손절각이다 끝내야지",
            "norm_text": "그래 손절각이다 끝내야지",
            "speaker": {
              "id": "2번",
              "sex": "여성",
              "age": "20대"
            },
            "speechAct": "(단언) 주장하기",
            "morpheme": "그래/IC+손/NNG+절각/NNG+이/JKS+다/MAG+끝내/MAG+야지/NNG"
          }
        ]
      }
    }
  ]
}