{
  "dataset": {
    "identifier": 58311,
    "name": "BAND_33_02_set",
    "src_path": "/data/file/cubeManager/PROJECT001/53/txt20210928112329050723/BAND_33_02_set/",
    "label_path": "/data/file/cubeManager/PROJECT001/53/txt20210928112329050723/BAND_33_02_set/",
    "category": 2,
    "type": 0
  },
  "licenses": {
    "name": "Apache License 1.0",
    "url": "http://www.apache.org/licenses/LICENSE-1.0"
  },
  "info": [
    {
      "id": 35021,
      "filename": "BAND_33_02.txt",
      "title": "BAND_33_02",
      "mediatype": "SNS",
      "medianame": "네이버밴드",
      "category": "일상대화",
      "date": "2021-09-28",
      "size": 343,
      "annotations": {
        "subject": "주거와 생활",
        "speaker_type": "1:1",
        "size": 343,
        "word_size": 121,
        "text": "1 : 너네 집 주변에 편의점 있어?\n2 : 우리 집 주변에 작은 마트 있어\n1 : 아 진짜? 다 파는 곳?\n2 : 응 있을 만한 건 다 있어 키키\n1 : 그때는 그런 거 없었잖아!\n2 : 되게 오래된 마트인데 못 봤구나\n1 : 그렇구나 우리 집 바로 앞에 편의점 있다 부럽지~?\n2 : 헐 걸어서 몇 분 걸리는데?\n1 : 그냥 나오자마자 바로 앞에 있다~\n2 : 우와 난 편의점 갈려면 차 타야 되는데\n1 : 근데 나 편의점 잘 안 가 키키\n2 : 편의점 음식 요즘 되게 맛있잖아\n1 : 그렇긴 한데 내가 먹고 싶은 게 없어.\n2 : 서울에서 살려면 편의점 애용해야 해\n1 : 맞아 요즘에는 과일도 팔더라?\n2 : 편의점 과일은 너무 비싸",
        "lines": [
          {
            "id": 1,
            "text": "1 : 너네 집 주변에 편의점 있어?",
            "norm_text": "너네 집 주변에 편의점 있어?",
            "speaker": {
              "id": "1번",
              "sex": "여성",
              "age": "20대"
            },
            "speechAct": "(지시) 질문하기",
            "morpheme": "너/NP+네/XSN+집/NNG+주변/NNG+에/JKB+편의점/NNG+있/VA+어/EF"
          },
          {
            "id": 2,
            "text": "2 : 우리 집 주변에 작은 마트 있어",
            "norm_text": "우리 집 주변에 작은 마트 있어",
            "speaker": {
              "id": "2번",
              "sex": "남성",
              "age": "30대"
            },
            "speechAct": "(단언) 주장하기",
            "morpheme": "우리/NP+집/NNG+주변/NNG+에/JKB+작/VA+은/ETM+마트/NNG+있/VV+어/EC"
          },
          {
            "id": 3,
            "text": "1 : 아 진짜? 다 파는 곳?",
            "norm_text": "아 진짜? 다 파는 곳?",
            "speaker": {
              "id": "1번",
              "sex": "여성",
              "age": "20대"
            },
            "speechAct": "(지시) 질문하기",
            "morpheme": "아/IC+진짜/MAG+다파/EC+VV+는/ETM+곳/NNB"
          },
          {
            "id": 4,
            "text": "2 : 응 있을 만한 건 다 있어 키키",
            "norm_text": "응 있을 만한 건 다 있어 키키",
            "speaker": {
              "id": "2번",
              "sex": "남성",
              "age": "30대"
            },
            "speechAct": "(단언) 주장하기",
            "morpheme": "응/IC+있/VA+을/ETM+만/NNB+한/XSA+ETM+건/NNB+JX+다/MAG+있/VA+어/EC+키/NNG+키/XSV+ETN"
          },
          {
            "id": 5,
            "text": "1 : 그때는 그런 거 없었잖아!",
            "norm_text": "그때는 그런 거 없었잖아!",
            "speaker": {
              "id": "1번",
              "sex": "여성",
              "age": "20대"
            },
            "speechAct": "(단언) 주장하기",
            "morpheme": "그때/NNG+는/JX+그런/MM+거/NNB+없/VA+었/EP+잖아/EF"
          },
          {
            "id": 6,
            "text": "2 : 되게 오래된 마트인데 못 봤구나",
            "norm_text": "되게 오래된 마트인데 못 봤구나",
            "speaker": {
              "id": "2번",
              "sex": "남성",
              "age": "30대"
            },
            "speechAct": "(단언) 주장하기",
            "morpheme": "되게/MAG+오래/MAG+된/VV+ETM+마트/NNG+인데/VCP+EC+못/MAG+봤/VV+EP+구나/EC"
          },
          {
            "id": 7,
            "text": "1 : 그렇구나 우리 집 바로 앞에 편의점 있다 부럽지~?",
            "norm_text": "그렇구나 우리 집 바로 앞에 편의점 있다 부럽지~?",
            "speaker": {
              "id": "1번",
              "sex": "여성",
              "age": "20대"
            },
            "speechAct": "(지시) 질문하기",
            "morpheme": "그렇/VA+구나/EF+우리/NP+집/NNG+바로/MAG+앞/NNG+에/JKB+편의점/NNG+있/VV+다/EC+부럽/VA+지/EC+~/SY"
          },
          {
            "id": 8,
            "text": "2 : 헐 걸어서 몇 분 걸리는데?",
            "norm_text": "헐 걸어서 몇 분 걸리는데?",
            "speaker": {
              "id": "2번",
              "sex": "남성",
              "age": "30대"
            },
            "speechAct": "(지시) 질문하기",
            "morpheme": "헐/VV+JKO+걸어서/VV+EC+몇/MM+분/NNBC+걸리/VV+는데/EC"
          },
          {
            "id": 9,
            "text": "1 : 그냥 나오자마자 바로 앞에 있다~",
            "norm_text": "그냥 나오자마자 바로 앞에 있다~",
            "speaker": {
              "id": "1번",
              "sex": "여성",
              "age": "20대"
            },
            "speechAct": "(단언) 주장하기",
            "morpheme": "그냥/MAG+나오/VV+자마자/EC+바로/MAG+앞/NNG+에/JKB+있/VV+다/EC+~/SY"
          },
          {
            "id": 10,
            "text": "2 : 우와 난 편의점 갈려면 차 타야 되는데",
            "norm_text": "우와 난 편의점 갈려면 차 타야 되는데",
            "speaker": {
              "id": "2번",
              "sex": "남성",
              "age": "30대"
            },
            "speechAct": "(단언) 주장하기",
            "morpheme": "우와/IC+난/NP+JX+편의점/NNG+갈려면/VV+EC+차/NNG+타/VV+야/EC+되/VV+는데/EC"
          },
          {
            "id": 11,
            "text": "1 : 근데 나 편의점 잘 안 가 키키",
            "norm_text": "근데 나 편의점 잘 안 가 키키",
            "speaker": {
              "id": "1번",
              "sex": "여성",
              "age": "20대"
            },
            "speechAct": "(단언) 주장하기",
            "morpheme": "근데/MAJ+나/NP+편의점/NNG+잘/MAG+안/MAG+가/VV+EC+키/NNG+키/XSV+ETN"
          },
          {
            "id": 12,
            "text": "2 : 편의점 음식 요즘 되게 맛있잖아",
            "norm_text": "편의점 음식 요즘 되게 맛있잖아",
            "speaker": {
              "id": "2번",
              "sex": "남성",
              "age": "30대"
            },
            "speechAct": "(단언) 주장하기",
            "morpheme": "편의점/NNG+음식/NNG+요즘/MAG+되게/MAG+맛있/VA+잖아/EC"
          },
          {
            "id": 13,
            "text": "1 : 그렇긴 한데 내가 먹고 싶은 게 없어.",
            "norm_text": "그렇긴 한데 내가 먹고 싶은 게 없어.",
            "speaker": {
              "id": "1번",
              "sex": "여성",
              "age": "20대"
            },
            "speechAct": "(단언) 주장하기",
            "morpheme": "그렇/VA+긴/ETN+JX+한데/VX+EC+내/NP+가/JKS+먹/VV+고/EC+싶/VX+은/ETM+게/NNB+JKS+없/VA+어/EF"
          },
          {
            "id": 14,
            "text": "2 : 서울에서 살려면 편의점 애용해야 해",
            "norm_text": "서울에서 살려면 편의점 애용해야 해",
            "speaker": {
              "id": "2번",
              "sex": "남성",
              "age": "30대"
            },
            "speechAct": "(단언) 주장하기",
            "morpheme": "서울/NNP+에서/JKB+살/VV+려면/EC+편의점/NNG+애용/NNG+해야/XSV+EC+해/VV+EC"
          },
          {
            "id": 15,
            "text": "1 : 맞아 요즘에는 과일도 팔더라?",
            "norm_text": "맞아 요즘에는 과일도 팔더라?",
            "speaker": {
              "id": "1번",
              "sex": "여성",
              "age": "20대"
            },
            "speechAct": "(단언) 진술하기",
            "morpheme": "맞/VV+아/EC+요즘/NNG+에/JKB+는/JX+과일/NNG+도/JX+팔/VV+더라/EF"
          },
          {
            "id": 16,
            "text": "2 : 편의점 과일은 너무 비싸",
            "norm_text": "편의점 과일은 너무 비싸",
            "speaker": {
              "id": "2번",
              "sex": "남성",
              "age": "30대"
            },
            "speechAct": "(단언) 주장하기",
            "morpheme": "편의점/NNG+과일/NNG+은/JX+너무/MAG+비싸/VA+EC"
          }
        ]
      }
    }
  ]
}