{
  "dataset": {
    "identifier": 112508,
    "name": "BAND_42_01_set",
    "src_path": "/data/file/cubeManager/PROJECT001/80/txt20211102154324024698/BAND_42_01_set/",
    "label_path": "/data/file/cubeManager/PROJECT001/80/txt20211102154324024698/BAND_42_01_set/",
    "category": 2,
    "type": 0
  },
  "licenses": {
    "name": "Apache License 1.0",
    "url": "http://www.apache.org/licenses/LICENSE-1.0"
  },
  "info": [
    {
      "id": 130305,
      "filename": "BAND_42_01.txt",
      "title": "BAND_42_01",
      "mediatype": "SNS",
      "medianame": "네이버밴드",
      "category": "일상대화",
      "date": "2021-11-02",
      "size": 448,
      "annotations": {
        "subject": "식음료",
        "speaker_type": "다자간 대화",
        "size": 448,
        "word_size": 155,
        "text": "1 : 오늘 저녁은 호박고구마랑 우유다 하하\n2 : 올 나는 스테비아 방토랑 고구마 군계란 \u003e\u003c\n3 : 나는 아직 못 먹었어!\n1 : 엥 왜 아직 안 먹었어?\n2 : 글게!\n2 : 저녁 늦게 먹으면 소화 안 되는데\n3 : 다 이 어 트 하는 중이지\n3 : 살쪄버렸어...\n1 : 헐 그럼 저녁 건너뛰는 거야?\n2 : 헐헐 저녁은 먹어야지\n2 : 요요 온다능\n3 : 그래두 많이 먹는 거보단... 낫지 않을까낭 ㅎ\n1 : 배고프잖아 ㅜㅜ\n1 : 대신 점심 든든히 먹는 거야?\n2 : 긍게 원래 자주 소식 하는 게 조은고\n3 : 점심에는 나는 사람이 아니었던 거 같기도 하고 키키\n1 : 왜 키키 뭔 일 있었어?\n2 : 키키 ㅜㅜ 점심도 안 먹은 거야!?\n3 : 너무... 많이 먹어서 힣 키키\n1 : 아 뭐야 키키\n1 : 점심 때 뭐 먹었는데\n2 : 키키 아하~^^ 삼겹살이라고 먹었나~?\n2 : 굿굿\n3 : 야무지게 고기 정복하고 왔지! 하하",
        "lines": [
          {
            "id": 1,
            "text": "1 : 오늘 저녁은 호박고구마랑 우유다 하하",
            "norm_text": "오늘 저녁은 호박고구마랑 우유다 하하",
            "speaker": {
              "id": "1번",
              "sex": "여성",
              "age": "20대"
            },
            "speechAct": "(단언) 주장하기",
            "morpheme": "오늘/MAG+저녁/NNG+은/JX+호박/NNG+고구마/NNG+랑/JKB+우유/NNG+다/MAG+하하/MAG"
          },
          {
            "id": 2,
            "text": "2 : 올 나는 스테비아 방토랑 고구마 군계란 \u003e\u003c",
            "norm_text": "올 나는 스테비아 방토랑 고구마 군계란 \u003e\u003c",
            "speaker": {
              "id": "2번",
              "sex": "여성",
              "age": "20대"
            },
            "speechAct": "(단언) 주장하기",
            "morpheme": "올나는스테비아방토랑고구마군계란/UNKNOWN+\u003e/SY+\u003c/SY"
          },
          {
            "id": 3,
            "text": "3 : 나는 아직 못 먹었어!",
            "norm_text": "나는 아직 못 먹었어!",
            "speaker": {
              "id": "3번",
              "sex": "남성",
              "age": "20대"
            },
            "speechAct": "(단언) 주장하기",
            "morpheme": "나/NP+는/JX+아직/MAG+못/MAG+먹/VV+었/EP+어/EF"
          },
          {
            "id": 4,
            "text": "1 : 엥 왜 아직 안 먹었어?",
            "norm_text": "엥 왜 아직 안 먹었어?",
            "speaker": {
              "id": "1번",
              "sex": "여성",
              "age": "20대"
            },
            "speechAct": "(지시) 질문하기",
            "morpheme": "엥/IC+왜/MAG+아직/MAG+안/MAG+먹/VV+었/EP+어/EF"
          },
          {
            "id": 5,
            "text": "2 : 글게!",
            "norm_text": "글게!",
            "speaker": {
              "id": "2번",
              "sex": "여성",
              "age": "20대"
            },
            "speechAct": "(단언) 주장하기",
            "morpheme": "글게/NNG"
          },
          {
            "id": 6,
            "text": "2 : 저녁 늦게 먹으면 소화 안 되는데",
            "norm_text": "저녁 늦게 먹으면 소화 안 되는데",
            "speaker": {
              "id": "2번",
              "sex": "여성",
              "age": "20대"
            },
            "speechAct": "(단언) 주장하기",
            "morpheme": "저녁/NNG+늦/VA+게/EC+먹/VV+으면/EC+소화/NNG+안/MAG+되/VV+는데/EC"
          },
          {
            "id": 7,
            "text": "3 : 다 이 어 트 하는 중이지",
            "norm_text": "다 이 어 트 하는 중이지",
            "speaker": {
              "id": "3번",
              "sex": "남성",
              "age": "20대"
            },
            "speechAct": "(단언) 주장하기",
            "morpheme": "다이어트/NNG+하/XSV+는/ETM+중/NNB+이/VCP+지/EC"
          },
          {
            "id": 8,
            "text": "3 : 살쪄버렸어...",
            "norm_text": "살쪄버렸어...",
            "speaker": {
              "id": "3번",
              "sex": "남성",
              "age": "20대"
            },
            "speechAct": "(단언) 주장하기",
            "morpheme": "살쪄/VV+EC+버렸/VX+EP+어/EF+./SY"
          },
          {
            "id": 9,
            "text": "1 : 헐 그럼 저녁 건너뛰는 거야?",
            "norm_text": "헐 그럼 저녁 건너뛰는 거야?",
            "speaker": {
              "id": "1번",
              "sex": "여성",
              "age": "20대"
            },
            "speechAct": "(지시) 질문하기",
            "morpheme": "헐/IC+그럼/MAJ+저녁/NNG+건너뛰/VV+는/ETM+거/NNB+야/VCP+EF"
          },
          {
            "id": 10,
            "text": "2 : 헐헐 저녁은 먹어야지",
            "norm_text": "헐헐 저녁은 먹어야지",
            "speaker": {
              "id": "2번",
              "sex": "여성",
              "age": "20대"
            },
            "speechAct": "(단언) 주장하기",
            "morpheme": "헐헐/MAG+저녁/NNG+은/JX+먹/VV+어야지/EC"
          },
          {
            "id": 11,
            "text": "2 : 요요 온다능",
            "norm_text": "요요 온다능",
            "speaker": {
              "id": "2번",
              "sex": "여성",
              "age": "20대"
            },
            "speechAct": "(단언) 주장하기",
            "morpheme": "요요/NNG+온다/VV+EC+능/NNG"
          },
          {
            "id": 12,
            "text": "3 : 그래두 많이 먹는 거보단... 낫지 않을까낭 ㅎ",
            "norm_text": "그래두 많이 먹는 거보단... 낫지 않을까낭 ㅎ",
            "speaker": {
              "id": "3번",
              "sex": "남성",
              "age": "20대"
            },
            "speechAct": "(단언) 주장하기",
            "morpheme": "그래두/MAJ+많이/MAG+먹/VV+는/ETM+거/NNB+보단/JKB+JX+./SY+낫/VV+지/EC+않/VX+을까/EC+낭/NNG+ㅎ/XSA"
          },
          {
            "id": 13,
            "text": "1 : 배고프잖아 ㅜㅜ",
            "norm_text": "배고프잖아 ㅜㅜ",
            "speaker": {
              "id": "1번",
              "sex": "여성",
              "age": "20대"
            },
            "speechAct": "(단언) 주장하기",
            "morpheme": "배고프잖아ㅜㅜ/UNKNOWN"
          },
          {
            "id": 14,
            "text": "1 : 대신 점심 든든히 먹는 거야?",
            "norm_text": "대신 점심 든든히 먹는 거야?",
            "speaker": {
              "id": "1번",
              "sex": "여성",
              "age": "20대"
            },
            "speechAct": "(지시) 질문하기",
            "morpheme": "대신/NNG+점심/NNG+든든히/MAG+먹/VV+는/ETM+거/NNB+야/VCP+EF"
          },
          {
            "id": 15,
            "text": "2 : 긍게 원래 자주 소식 하는 게 조은고",
            "norm_text": "긍게 원래 자주 소식 하는 게 조은고",
            "speaker": {
              "id": "2번",
              "sex": "여성",
              "age": "20대"
            },
            "speechAct": "(단언) 주장하기",
            "morpheme": "긍게/MAJ+원래/MAG+자주/MAG+소식/NNG+하/XSV+는/ETM+게/NNB+JKS+조/VA+은/ETM+고/EC"
          },
          {
            "id": 16,
            "text": "3 : 점심에는 나는 사람이 아니었던 거 같기도 하고 키키",
            "norm_text": "점심에는 나는 사람이 아니었던 거 같기도 하고 키키",
            "speaker": {
              "id": "3번",
              "sex": "남성",
              "age": "20대"
            },
            "speechAct": "(단언) 주장하기",
            "morpheme": "점심/NNG+에/JKB+는/JX+나/NP+는/JX+사람/NNG+이/JKC+아니/VCN+었/EP+던/ETM+거/NNB+같/VA+기/ETN+도/JX+하/VV+고/EC+키/NNG+키/XSV+ETN"
          },
          {
            "id": 17,
            "text": "1 : 왜 키키 뭔 일 있었어?",
            "norm_text": "왜 키키 뭔 일 있었어?",
            "speaker": {
              "id": "1번",
              "sex": "여성",
              "age": "20대"
            },
            "speechAct": "(지시) 질문하기",
            "morpheme": "왜/MAG+키/NNG+키/XSV+ETN+뭔일/NP+있/VA+었/EP+어/EF"
          },
          {
            "id": 18,
            "text": "2 : 키키 ㅜㅜ 점심도 안 먹은 거야!?",
            "norm_text": "키키 ㅜㅜ 점심도 안 먹은 거야!?",
            "speaker": {
              "id": "2번",
              "sex": "여성",
              "age": "20대"
            },
            "speechAct": "(지시) 질문하기",
            "morpheme": "키/NNG+키/XSV+ETN+ㅜㅜ/UNKNOWN+점심/NNG+도/JX+안/MAG+먹/VV+은/ETM+거/NNB+야/VCP+EF+!/SY"
          },
          {
            "id": 19,
            "text": "3 : 너무... 많이 먹어서 힣 키키",
            "norm_text": "너무... 많이 먹어서 힣 키키",
            "speaker": {
              "id": "3번",
              "sex": "남성",
              "age": "20대"
            },
            "speechAct": "(단언) 주장하기",
            "morpheme": "너무/MAG+./SY+많이/MAG+먹/VV+어서/EC+힣/NNP+키/NNG+키/XSV+ETN"
          },
          {
            "id": 20,
            "text": "1 : 아 뭐야 키키",
            "norm_text": "아 뭐야 키키",
            "speaker": {
              "id": "1번",
              "sex": "여성",
              "age": "20대"
            },
            "speechAct": "(단언) 주장하기",
            "morpheme": "아/IC+뭐/IC+야키/NNP+키/NNG"
          },
          {
            "id": 21,
            "text": "1 : 점심 때 뭐 먹었는데",
            "norm_text": "점심 때 뭐 먹었는데",
            "speaker": {
              "id": "1번",
              "sex": "여성",
              "age": "20대"
            },
            "speechAct": "(지시) 질문하기",
            "morpheme": "점심때/NNG+뭐/IC+먹/VV+었/EP+는데/EC"
          },
          {
            "id": 22,
            "text": "2 : 키키 아하~^^ 삼겹살이라고 먹었나~?",
            "norm_text": "키키 아하~^^ 삼겹살이라고 먹었나~?",
            "speaker": {
              "id": "2번",
              "sex": "여성",
              "age": "20대"
            },
            "speechAct": "(지시) 질문하기",
            "morpheme": "키/NNG+키/VV+아하/EC+~/SY+^/SY+^/SY+삼겹살/NNG+이/VCP+라고/EC+먹/VV+었/EP+나/EC+~/SY"
          },
          {
            "id": 23,
            "text": "2 : 굿굿",
            "norm_text": "굿굿",
            "speaker": {
              "id": "2번",
              "sex": "여성",
              "age": "20대"
            },
            "speechAct": "(단언) 주장하기",
            "morpheme": "굿/NNG+굿/NNG"
          },
          {
            "id": 24,
            "text": "3 : 야무지게 고기 정복하고 왔지! 하하",
            "norm_text": "야무지게 고기 정복하고 왔지! 하하",
            "speaker": {
              "id": "3번",
              "sex": "남성",
              "age": "20대"
            },
            "speechAct": "(단언) 주장하기",
            "morpheme": "야무지/VA+게/EC+고기/NNG+정복/NNG+하/XSV+고/EC+왔/VX+EP+지/EF+하하/MAG"
          }
        ]
      }
    }
  ]
}