{
  "dataset": {
    "identifier": 22374,
    "name": "BAND_29_08_set",
    "src_path": "/data/file/cubeManager/PROJECT001/49/txt20210917164449095757/BAND_29_08_set/",
    "label_path": "/data/file/cubeManager/PROJECT001/49/txt20210917164449095757/BAND_29_08_set/",
    "category": 2,
    "type": 0
  },
  "licenses": {
    "name": "Apache License 1.0",
    "url": "http://www.apache.org/licenses/LICENSE-1.0"
  },
  "info": [
    {
      "id": 30279,
      "filename": "BAND_29_08.txt",
      "title": "BAND_29_08",
      "mediatype": "SNS",
      "medianame": "네이버밴드",
      "category": "일상대화",
      "date": "2021-09-17",
      "size": 425,
      "annotations": {
        "subject": "연애/결혼",
        "speaker_type": "1:1",
        "size": 425,
        "word_size": 138,
        "text": "1 : 너는 지금 남친 어떻게 만났어?\n2 : 두 번째 직장에서 처음 알게 됐어 !\n1 : 그래? 두 번째 직장이 어디였어?\n2 : 두 번째 직장은 도축장에 다니고 있었어 !\n1 : 도축장 실화냐 키키 그러면 남친분은 정육점 하시는 거야?\n2 : 아니 도축장 수질 관리 해주러 파견 왔었어\n1 : 대박이네 키키 도축이면 소야 돼지야?\n2 : 소도 잡고 돼지도 말도 다 잡았어 키키\n1 : 논산에서 말 키우는 농장이 있어?\n2 : 승마용 말이 승마가 힘들어지면 잡으러들 와\n1 : 맞아 논산에 승마장 있던 거 기억나 근데 불쌍하다 ㅜㅜ\n2 : 맞아 ㅠ 그래도 오래 살아 왔을 텐데 불쌍해\n1 : 그러니까 어쨌든 거기서 눈 맞은 거야?\n2 : 응 거기서 알고 지내다가 술 마시다 만났지 키키\n1 : 너는 술이랑 사귀고 있는 거 아니지?\n2 : 키키 술 때문에 잘못된 선택이었을지도 몰라 키키",
        "lines": [
          {
            "id": 1,
            "text": "1 : 너는 지금 남친 어떻게 만났어?",
            "norm_text": "너는 지금 남친 어떻게 만났어?",
            "speaker": {
              "id": "1번",
              "sex": "여성",
              "age": "20대"
            },
            "speechAct": "(지시) 질문하기",
            "morpheme": "너/NP+는/JX+지금/MAG+남친/NNG+어떻게/MAG+만났/VV+EP+어/EF"
          },
          {
            "id": 2,
            "text": "2 : 두 번째 직장에서 처음 알게 됐어 !",
            "norm_text": "두 번째 직장에서 처음 알게 됐어 !",
            "speaker": {
              "id": "2번",
              "sex": "여성",
              "age": "20대"
            },
            "speechAct": "(단언) 진술하기",
            "morpheme": "두/MM+번/NNBC+째/XSN+직장/NNG+에서/JKB+처음/MAG+알/VV+게/EC+됐/VV+EP+어/EF"
          },
          {
            "id": 3,
            "text": "1 : 그래? 두 번째 직장이 어디였어?",
            "norm_text": "그래? 두 번째 직장이 어디였어?",
            "speaker": {
              "id": "1번",
              "sex": "여성",
              "age": "20대"
            },
            "speechAct": "(지시) 질문하기",
            "morpheme": "그래/IC+두/MM+번/NNBC+째/XSN+직장/NNG+이/JKS+어디/NP+였/VCP+EP+어/EF"
          },
          {
            "id": 4,
            "text": "2 : 두 번째 직장은 도축장에 다니고 있었어 !",
            "norm_text": "두 번째 직장은 도축장에 다니고 있었어 !",
            "speaker": {
              "id": "2번",
              "sex": "여성",
              "age": "20대"
            },
            "speechAct": "(단언) 진술하기",
            "morpheme": "두/MM+번/NNBC+째/XSN+직장/NNG+은/JX+도축장/NNG+에/JKB+다니/VV+고/EC+있/VX+었/EP+어/EF"
          },
          {
            "id": 5,
            "text": "1 : 도축장 실화냐 키키 그러면 남친분은 정육점 하시는 거야?",
            "norm_text": "도축장 실화냐 키키 그러면 남친분은 정육점 하시는 거야?",
            "speaker": {
              "id": "1번",
              "sex": "여성",
              "age": "20대"
            },
            "speechAct": "(지시) 질문하기",
            "morpheme": "도축장/NNG+실화/NNG+냐/VCP+EC+키/NNG+키/XSV+ETN+그러/VV+면/EC+남친/NNG+분/NNB+은/JX+정육점/NNG+하/XSV+시/EP+는/ETM+거/NNB+야/VCP+EF"
          },
          {
            "id": 6,
            "text": "2 : 아니 도축장 수질 관리 해주러 파견 왔었어",
            "norm_text": "아니 도축장 수질 관리 해주러 파견 왔었어",
            "speaker": {
              "id": "2번",
              "sex": "여성",
              "age": "20대"
            },
            "speechAct": "(단언) 진술하기",
            "morpheme": "아니/IC+도축장/NNG+수질/NNG+관리/NNG+해/XSV+EC+주/VX+러/EC+파견/NNG+왔었/VV+EP+어/EC"
          },
          {
            "id": 7,
            "text": "1 : 대박이네 키키 도축이면 소야 돼지야?",
            "norm_text": "대박이네 키키 도축이면 소야 돼지야?",
            "speaker": {
              "id": "1번",
              "sex": "여성",
              "age": "20대"
            },
            "speechAct": "(지시) 질문하기",
            "morpheme": "대박/NNG+이/JKS+네/MM+키/NNG+키/XSV+ETN+도/JX+축이/VV+면/EC+소야/NNG+돼/XSV+EC+지/VX+야/EF"
          },
          {
            "id": 8,
            "text": "2 : 소도 잡고 돼지도 말도 다 잡았어 키키",
            "norm_text": "소도 잡고 돼지도 말도 다 잡았어 키키",
            "speaker": {
              "id": "2번",
              "sex": "여성",
              "age": "20대"
            },
            "speechAct": "(단언) 진술하기",
            "morpheme": "소도/NNG+잡/VV+고/EC+돼지/NNG+도/JX+말/NNG+도/JX+다/MAG+잡/VV+았/EP+어/EC+키/NNG+키/XSV+ETN"
          },
          {
            "id": 9,
            "text": "1 : 논산에서 말 키우는 농장이 있어?",
            "norm_text": "논산에서 말 키우는 농장이 있어?",
            "speaker": {
              "id": "1번",
              "sex": "여성",
              "age": "20대"
            },
            "speechAct": "(지시) 질문하기",
            "morpheme": "논산/NNP+에서/JKB+말/NNG+키우/VV+는/ETM+농장/NNG+이/JKS+있/VA+어/EF"
          },
          {
            "id": 10,
            "text": "2 : 승마용 말이 승마가 힘들어지면 잡으러들 와",
            "norm_text": "승마용 말이 승마가 힘들어지면 잡으러들 와",
            "speaker": {
              "id": "2번",
              "sex": "여성",
              "age": "20대"
            },
            "speechAct": "(단언) 진술하기",
            "morpheme": "승마/NNG+용/XSN+말/NNG+이/JKS+승마/NNG+가/JKS+힘들/VA+어/EC+지/VX+면/EC+잡/VV+으러/EC+들/XSN+와/JC"
          },
          {
            "id": 11,
            "text": "1 : 맞아 논산에 승마장 있던 거 기억나 근데 불쌍하다 ㅜㅜ",
            "norm_text": "맞아 논산에 승마장 있던 거 기억나 근데 불쌍하다 ㅜㅜ",
            "speaker": {
              "id": "1번",
              "sex": "여성",
              "age": "20대"
            },
            "speechAct": "(단언) 주장하기",
            "morpheme": "맞/VV+아/EC+논산/NNP+에/JKB+승마/NNG+장/NNG+JX+있/VX+던/ETM+거/NNB+기억나/VV+EF+근데/MAJ+불쌍/XR+하/XSA+다/EF+ㅜㅜ/UNKNOWN"
          },
          {
            "id": 12,
            "text": "2 : 맞아 ㅠ 그래도 오래 살아 왔을 텐데 불쌍해",
            "norm_text": "맞아 ㅠ 그래도 오래 살아 왔을 텐데 불쌍해",
            "speaker": {
              "id": "2번",
              "sex": "여성",
              "age": "20대"
            },
            "speechAct": "(단언) 주장하기",
            "morpheme": "맞/VV+아/EC+ㅠ/UNKNOWN+그래도/MAJ+오래/MAG+살아왔/VV+EP+을/ETM+텐데/NNB+VCP+EC+불쌍/XR+해/XSA+EC"
          },
          {
            "id": 13,
            "text": "1 : 그러니까 어쨌든 거기서 눈 맞은 거야?",
            "norm_text": "그러니까 어쨌든 거기서 눈 맞은 거야?",
            "speaker": {
              "id": "1번",
              "sex": "여성",
              "age": "20대"
            },
            "speechAct": "(지시) 질문하기",
            "morpheme": "그러니까/MAJ+어쨌든/MAJ+거기/NP+서/JKB+눈/NNG+맞/VV+은/ETM+거/NNB+야/VCP+EF"
          },
          {
            "id": 14,
            "text": "2 : 응 거기서 알고 지내다가 술 마시다 만났지 키키",
            "norm_text": "응 거기서 알고 지내다가 술 마시다 만났지 키키",
            "speaker": {
              "id": "2번",
              "sex": "여성",
              "age": "20대"
            },
            "speechAct": "(단언) 주장하기",
            "morpheme": "응/IC+거기/NP+서/JKB+알/VV+고/EC+지내/VV+다가/EC+술/NNG+마시/VV+다/EC+만났/VV+EP+지/EC+키/NNG+키/XSV+ETN"
          },
          {
            "id": 15,
            "text": "1 : 너는 술이랑 사귀고 있는 거 아니지?",
            "norm_text": "너는 술이랑 사귀고 있는 거 아니지?",
            "speaker": {
              "id": "1번",
              "sex": "여성",
              "age": "20대"
            },
            "speechAct": "(지시) 질문하기",
            "morpheme": "너/NP+는/JX+술/NNG+이랑/JKB+사귀/VV+고/EC+있/VX+는/ETM+거/NNB+아니/VCN+지/EF"
          },
          {
            "id": 16,
            "text": "2 : 키키 술 때문에 잘못된 선택이었을지도 몰라 키키",
            "norm_text": "키키 술 때문에 잘못된 선택이었을지도 몰라 키키",
            "speaker": {
              "id": "2번",
              "sex": "여성",
              "age": "20대"
            },
            "speechAct": "(단언) 주장하기",
            "morpheme": "키/NNG+키/NNG+술/NNG+때문/NNB+에/JKB+잘못/MAG+된/VV+ETM+선택/NNG+이/VCP+었/EP+을지/EC+도/JX+몰라/VV+EC+키/NNG+키/XSV+ETN"
          }
        ]
      }
    }
  ]
}