{
  "dataset": {
    "identifier": 20781,
    "name": "BAND_26_17_set",
    "src_path": "/data/file/cubeManager/PROJECT001/49/txt20210916140644047181/BAND_26_17_set/",
    "label_path": "/data/file/cubeManager/PROJECT001/49/txt20210916140644047181/BAND_26_17_set/",
    "category": 2,
    "type": 0
  },
  "licenses": {
    "name": "Apache License 1.0",
    "url": "http://www.apache.org/licenses/LICENSE-1.0"
  },
  "info": [
    {
      "id": 27927,
      "filename": "BAND_26_17.txt",
      "title": "BAND_26_17",
      "mediatype": "SNS",
      "medianame": "네이버밴드",
      "category": "일상대화",
      "date": "2021-09-16",
      "size": 403,
      "annotations": {
        "subject": "건강",
        "speaker_type": "1:1",
        "size": 403,
        "word_size": 134,
        "text": "1 : 나 요번에 아팠다고 했잖아 ㅜㅜ\n2 : 응 맞아 그랬었지 ㅜㅜ\n1 : 아침에 일어났는데 허리가 너무 아픈 거야 ㅜㅜ\n2 : 어 허리가 자주 아프네 ㅜㅜ\n1 : 아니야 나는 목이 자주 아팠지 ㅜㅜ\n2 : 아 너는 종합병원인 거 같아 너무 아픈 데가 많아 ㅜㅜ\n1 : 그런가 봐 나이가 드니까 고장이 많이 나네 ㅜㅜ\n2 : 허 벌써 그렇게 느끼면 어떻게 ㅜㅜ\n1 : 슬프다 친구야 ㅜㅜ 그래서 병원 갔다 왔어 ㅜㅜ\n2 : 아이고 병원비가 얼마나 나왔는가\n1 : 다행히도 원래 다녔던 곳이라서 그대로 받더라 키키\n2 : 오 진짜 완전 좋은 데였구나\n1 : 어 근데 내가 잠을 잘못 자서 허리가 아픈 거래 키키\n2 : 도대체 어떤 식으로 잤길래\n1 : 아침에 일어나니까 베개가 내 허리춤에 있더라 키키\n2 : 너도 잠을 험하게 자는구나 나는 그런데",
        "lines": [
          {
            "id": 1,
            "text": "1 : 나 요번에 아팠다고 했잖아 ㅜㅜ",
            "norm_text": "나 요번에 아팠다고 했잖아 ㅜㅜ",
            "speaker": {
              "id": "1번",
              "sex": "여성",
              "age": "20대"
            },
            "speechAct": "(단언) 주장하기",
            "morpheme": "나/NP+요번/NNG+에/JKB+아팠/VA+EP+다고/EC+했잖아/VX+EP+EC+VX+EF+ㅜㅜ/UNKNOWN"
          },
          {
            "id": 2,
            "text": "2 : 응 맞아 그랬었지 ㅜㅜ",
            "norm_text": "응 맞아 그랬었지 ㅜㅜ",
            "speaker": {
              "id": "2번",
              "sex": "여성",
              "age": "20대"
            },
            "speechAct": "(단언) 진술하기",
            "morpheme": "응/IC+맞/VV+아/EC+그랬었/VV+EP+지/EF+ㅜㅜ/UNKNOWN"
          },
          {
            "id": 3,
            "text": "1 : 아침에 일어났는데 허리가 너무 아픈 거야 ㅜㅜ",
            "norm_text": "아침에 일어났는데 허리가 너무 아픈 거야 ㅜㅜ",
            "speaker": {
              "id": "1번",
              "sex": "여성",
              "age": "20대"
            },
            "speechAct": "(단언) 진술하기",
            "morpheme": "아침/NNG+에/JKB+일어났/VV+EP+는데/EC+허리/NNG+가/JKS+너무/MAG+아픈/VA+ETM+거/NNB+야/VCP+EF+ㅜㅜ/UNKNOWN"
          },
          {
            "id": 4,
            "text": "2 : 어 허리가 자주 아프네 ㅜㅜ",
            "norm_text": "어 허리가 자주 아프네 ㅜㅜ",
            "speaker": {
              "id": "2번",
              "sex": "여성",
              "age": "20대"
            },
            "speechAct": "(단언) 주장하기",
            "morpheme": "어/IC+허리/NNG+가/JKS+자주/MAG+아프/VA+네/EF+ㅜㅜ/UNKNOWN"
          },
          {
            "id": 5,
            "text": "1 : 아니야 나는 목이 자주 아팠지 ㅜㅜ",
            "norm_text": "아니야 나는 목이 자주 아팠지 ㅜㅜ",
            "speaker": {
              "id": "1번",
              "sex": "여성",
              "age": "20대"
            },
            "speechAct": "(단언) 진술하기",
            "morpheme": "아니야/IC+나/NP+는/JX+목/NNG+이/JKS+자주/MAG+아팠/VA+EP+지/EF+ㅜㅜ/UNKNOWN"
          },
          {
            "id": 6,
            "text": "2 : 아 너는 종합병원인 거 같아 너무 아픈 데가 많아 ㅜㅜ",
            "norm_text": "아 너는 종합병원인 거 같아 너무 아픈 데가 많아 ㅜㅜ",
            "speaker": {
              "id": "2번",
              "sex": "여성",
              "age": "20대"
            },
            "speechAct": "(단언) 주장하기",
            "morpheme": "아/IC+너/NP+는/JX+종합/NNG+병원/NNG+인/VCP+ETM+거/NNB+같/VA+아/EC+너무/MAG+아픈/VA+ETM+데/NNB+가/JKS+많/VA+아/EC+ㅜㅜ/UNKNOWN"
          },
          {
            "id": 7,
            "text": "1 : 그런가 봐 나이가 드니까 고장이 많이 나네 ㅜㅜ",
            "norm_text": "그런가 봐 나이가 드니까 고장이 많이 나네 ㅜㅜ",
            "speaker": {
              "id": "1번",
              "sex": "여성",
              "age": "20대"
            },
            "speechAct": "(단언) 주장하기",
            "morpheme": "그런가/VA+EC+봐/VX+EF+나이/NNG+가/JKS+드/VV+니까/EC+고장/NNG+이/JKS+많이/MAG+나/NP+네/XSN+ㅜㅜ/UNKNOWN"
          },
          {
            "id": 8,
            "text": "2 : 허 벌써 그렇게 느끼면 어떻게 ㅜㅜ",
            "norm_text": "허 벌써 그렇게 느끼면 어떻게 ㅜㅜ",
            "speaker": {
              "id": "2번",
              "sex": "여성",
              "age": "20대"
            },
            "speechAct": "(단언) 주장하기",
            "morpheme": "허/IC+벌써/MAG+그렇게/MAG+느끼/VV+면/EC+어떻/VA+게/EC+ㅜㅜ/UNKNOWN"
          },
          {
            "id": 9,
            "text": "1 : 슬프다 친구야 ㅜㅜ 그래서 병원 갔다 왔어 ㅜㅜ",
            "norm_text": "슬프다 친구야 ㅜㅜ 그래서 병원 갔다 왔어 ㅜㅜ",
            "speaker": {
              "id": "1번",
              "sex": "여성",
              "age": "20대"
            },
            "speechAct": "(단언) 주장하기",
            "morpheme": "슬프/VA+다/EC+친구/NNG+야/VCP+EF+ㅜㅜ/UNKNOWN+그래서/MAJ+병원/NNG+갔다왔/VV+EP+어/EF+ㅜㅜ/UNKNOWN"
          },
          {
            "id": 10,
            "text": "2 : 아이고 병원비가 얼마나 나왔는가",
            "norm_text": "아이고 병원비가 얼마나 나왔는가",
            "speaker": {
              "id": "2번",
              "sex": "여성",
              "age": "20대"
            },
            "speechAct": "(지시) 질문하기",
            "morpheme": "아이고/IC+병원/NNG+비/NNG+가/JKS+얼마나/MAG+나왔/VV+EP+는가/EC"
          },
          {
            "id": 11,
            "text": "1 : 다행히도 원래 다녔던 곳이라서 그대로 받더라 키키",
            "norm_text": "다행히도 원래 다녔던 곳이라서 그대로 받더라 키키",
            "speaker": {
              "id": "1번",
              "sex": "여성",
              "age": "20대"
            },
            "speechAct": "(단언) 진술하기",
            "morpheme": "다행히/MAG+도/JX+원래/MAG+다녔/VV+EP+던/ETM+곳/NNG+이/VCP+라서/EC+그대로/MAG+받/VV+더라/EC+키/NNG+키/XSV+ETN"
          },
          {
            "id": 12,
            "text": "2 : 오 진짜 완전 좋은 데였구나",
            "norm_text": "오 진짜 완전 좋은 데였구나",
            "speaker": {
              "id": "2번",
              "sex": "여성",
              "age": "20대"
            },
            "speechAct": "(단언) 주장하기",
            "morpheme": "오/IC+진짜/MAG+완전/MAG+좋/VA+은/ETM+데/NNB+였/VCP+EP+구나/EC"
          },
          {
            "id": 13,
            "text": "1 : 어 근데 내가 잠을 잘못 자서 허리가 아픈 거래 키키",
            "norm_text": "어 근데 내가 잠을 잘못 자서 허리가 아픈 거래 키키",
            "speaker": {
              "id": "1번",
              "sex": "여성",
              "age": "20대"
            },
            "speechAct": "(단언) 주장하기",
            "morpheme": "어/IC+근데/MAJ+내/NP+가/JKS+잠/NNG+을/JKO+잘못/MAG+자서/NNG+허리/NNG+가/JKS+아픈/VA+ETM+거래/NNG+키/NNG+키/XSV+ETN"
          },
          {
            "id": 14,
            "text": "2 : 도대체 어떤 식으로 잤길래",
            "norm_text": "도대체 어떤 식으로 잤길래",
            "speaker": {
              "id": "2번",
              "sex": "여성",
              "age": "20대"
            },
            "speechAct": "(단언) 주장하기",
            "morpheme": "도대체/MAG+어떤/MM+식/NNB+으로/JKB+잤/VV+EP+길래/EC"
          },
          {
            "id": 15,
            "text": "1 : 아침에 일어나니까 베개가 내 허리춤에 있더라 키키",
            "norm_text": "아침에 일어나니까 베개가 내 허리춤에 있더라 키키",
            "speaker": {
              "id": "1번",
              "sex": "여성",
              "age": "20대"
            },
            "speechAct": "(단언) 주장하기",
            "morpheme": "아침/NNG+에/JKB+일어나/VV+니까/EC+베개/NNG+가/JKS+내/NP+JKG+허리춤/NNG+에/JKB+있/VV+더라/EC+키/NNG+키/XSV+ETN"
          },
          {
            "id": 16,
            "text": "2 : 너도 잠을 험하게 자는구나 나는 그런데",
            "norm_text": "너도 잠을 험하게 자는구나 나는 그런데",
            "speaker": {
              "id": "2번",
              "sex": "여성",
              "age": "20대"
            },
            "speechAct": "(단언) 주장하기",
            "morpheme": "너/NP+도/JX+잠/NNG+을/JKO+험하/VA+게/EC+자/VV+는구나/EF+나/NP+는/JX+그런데/MAJ"
          }
        ]
      }
    }
  ]
}