{
  "dataset": {
    "identifier": 18600,
    "name": "BAND_24_12_set",
    "src_path": "/data/file/cubeManager/PROJECT001/49/txt20210915121726076228/BAND_24_12_set/",
    "label_path": "/data/file/cubeManager/PROJECT001/49/txt20210915121726076228/BAND_24_12_set/",
    "category": 2,
    "type": 0
  },
  "licenses": {
    "name": "Apache License 1.0",
    "url": "http://www.apache.org/licenses/LICENSE-1.0"
  },
  "info": [
    {
      "id": 26052,
      "filename": "BAND_24_12.txt",
      "title": "BAND_24_12",
      "mediatype": "SNS",
      "medianame": "네이버밴드",
      "category": "일상대화",
      "date": "2021-09-15",
      "size": 395,
      "annotations": {
        "subject": "여행",
        "speaker_type": "1:1",
        "size": 395,
        "word_size": 139,
        "text": "1 : 나는 문경 여행해 보고 싶은데 갈 만해?\n2 : 어 문경 괜찮아 너 사극 좋아하면  사극 드라마 세트장도 많고\n1 : 헐 무슨 드라마 촬영했어?\n2 : 옛날 드라마 뭐 많이 있을걸? 키키\n1 : 너도 드라마 세트장 가 봤어?\n2 : 어 완전 어렸을 때 놀러 와서 한 번 가봤지.\n1 : 드라마 세트장 말고 다른 곳 알려줄 수 있어?\n2 : 뭐 다른 곳도 있는데 여기 전체가 거의 산책로야\n1 : 나도 어렴풋이 봤는데 진짜 걷기 좋겠더라!\n2 : 응 괜찮은 거 같애 생각하며 걷기 좋은 곳이야\n1 : 거기 사진도 찍으면 잘 나와?\n2 : 응 잘 나오는 거 같더라 남들이 찍는 거 보면 키키\n1 : 인생샷 나올 수 있어?\n2 : 어 인생샷 가능 각!\n1 : 너 사진 잘 찍어?\n2 : 어 물론이지 그까짓 꺼 나를 따라올 수 없어~",
        "lines": [
          {
            "id": 1,
            "text": "1 : 나는 문경 여행해 보고 싶은데 갈 만해?",
            "norm_text": "나는 문경 여행해 보고 싶은데 갈 만해?",
            "speaker": {
              "id": "1번",
              "sex": "여성",
              "age": "20대"
            },
            "speechAct": "(지시) 질문하기",
            "morpheme": "나/NP+는/JX+문경/NNP+여행/NNG+해/XSV+EC+보/VX+고/EC+싶/VX+은데/EC+갈만/NNG+해/XSV+EF"
          },
          {
            "id": 2,
            "text": "2 : 어 문경 괜찮아 너 사극 좋아하면  사극 드라마 세트장도 많고",
            "norm_text": "어 문경 괜찮아 너 사극 좋아하면  사극 드라마 세트장도 많고",
            "speaker": {
              "id": "2번",
              "sex": "여성",
              "age": "20대"
            },
            "speechAct": "(단언) 진술하기",
            "morpheme": "어/IC+문경/NNG+괜찮/VA+아/EC+너/NP+사극/NNG+좋/VA+아/EC+하/VV+면/EC+사극/NNG+드라마/NNG+세트/NNG+장/NNG+도/JX+많/VA+고/EC"
          },
          {
            "id": 3,
            "text": "1 : 헐 무슨 드라마 촬영했어?",
            "norm_text": "헐 무슨 드라마 촬영했어?",
            "speaker": {
              "id": "1번",
              "sex": "여성",
              "age": "20대"
            },
            "speechAct": "(지시) 질문하기",
            "morpheme": "헐/IC+무슨/MM+드라마/NNG+촬영/NNG+했/XSV+EP+어/EF"
          },
          {
            "id": 4,
            "text": "2 : 옛날 드라마 뭐 많이 있을걸? 키키",
            "norm_text": "옛날 드라마 뭐 많이 있을걸? 키키",
            "speaker": {
              "id": "2번",
              "sex": "여성",
              "age": "20대"
            },
            "speechAct": "(단언) 주장하기",
            "morpheme": "옛날/NNG+드라마/NNG+뭐/IC+많이/MAG+있/VA+을걸/EF+키/NNG+키/XSV+ETN"
          },
          {
            "id": 5,
            "text": "1 : 너도 드라마 세트장 가 봤어?",
            "norm_text": "너도 드라마 세트장 가 봤어?",
            "speaker": {
              "id": "1번",
              "sex": "여성",
              "age": "20대"
            },
            "speechAct": "(지시) 질문하기",
            "morpheme": "너/NP+도/JX+드라마/NNG+세트/NNG+장가/NNG+봤/VV+EP+어/EF"
          },
          {
            "id": 6,
            "text": "2 : 어 완전 어렸을 때 놀러 와서 한 번 가봤지.",
            "norm_text": "어 완전 어렸을 때 놀러 와서 한 번 가봤지.",
            "speaker": {
              "id": "2번",
              "sex": "여성",
              "age": "20대"
            },
            "speechAct": "(단언) 진술하기",
            "morpheme": "어/IC+완전/MAG+어렸/VA+EP+을/ETM+때/NNG+놀/VV+러/EC+와서/VV+EC+한/MM+번/NNBC+가/JKS+봤/VV+EP+지/EF"
          },
          {
            "id": 7,
            "text": "1 : 드라마 세트장 말고 다른 곳 알려줄 수 있어?",
            "norm_text": "드라마 세트장 말고 다른 곳 알려줄 수 있어?",
            "speaker": {
              "id": "1번",
              "sex": "여성",
              "age": "20대"
            },
            "speechAct": "(지시) 질문하기",
            "morpheme": "드라마/NNG+세트/NNG+장/NNG+말/VV+고/EC+다른/MM+곳/NNB+알려/VV+EC+줄/VX+ETM+수/NNB+있/VV+어/EF"
          },
          {
            "id": 8,
            "text": "2 : 뭐 다른 곳도 있는데 여기 전체가 거의 산책로야",
            "norm_text": "뭐 다른 곳도 있는데 여기 전체가 거의 산책로야",
            "speaker": {
              "id": "2번",
              "sex": "여성",
              "age": "20대"
            },
            "speechAct": "(단언) 진술하기",
            "morpheme": "뭐/IC+다른/MM+곳/NNG+도/JX+있/VA+는데/EC+여기/NP+전체/NNG+가/JKS+거의/MAG+산책/NNG+로/JKB+야/JX"
          },
          {
            "id": 9,
            "text": "1 : 나도 어렴풋이 봤는데 진짜 걷기 좋겠더라!",
            "norm_text": "나도 어렴풋이 봤는데 진짜 걷기 좋겠더라!",
            "speaker": {
              "id": "1번",
              "sex": "여성",
              "age": "20대"
            },
            "speechAct": "(단언) 주장하기",
            "morpheme": "나/NP+도/JX+어렴풋이/MAG+봤/VV+EP+는데/EC+진짜/MAG+걷/VV+기/ETN+좋/VA+겠/EP+더라/EF"
          },
          {
            "id": 10,
            "text": "2 : 응 괜찮은 거 같애 생각하며 걷기 좋은 곳이야",
            "norm_text": "응 괜찮은 거 같애 생각하며 걷기 좋은 곳이야",
            "speaker": {
              "id": "2번",
              "sex": "여성",
              "age": "20대"
            },
            "speechAct": "(단언) 주장하기",
            "morpheme": "응/IC+괜찮/VA+은/ETM+거/NNB+같/VA+애/EF+생각/NNG+하/XSV+며/EC+걷/VV+기/ETN+좋/VA+은/ETM+곳/NNG+이/VCP+야/EC"
          },
          {
            "id": 11,
            "text": "1 : 거기 사진도 찍으면 잘 나와?",
            "norm_text": "거기 사진도 찍으면 잘 나와?",
            "speaker": {
              "id": "1번",
              "sex": "여성",
              "age": "20대"
            },
            "speechAct": "(지시) 질문하기",
            "morpheme": "거기/NP+사진/NNG+도/JX+찍/VV+으면/EC+잘/MAG+나와/VV+EF"
          },
          {
            "id": 12,
            "text": "2 : 응 잘 나오는 거 같더라 남들이 찍는 거 보면 키키",
            "norm_text": "응 잘 나오는 거 같더라 남들이 찍는 거 보면 키키",
            "speaker": {
              "id": "2번",
              "sex": "여성",
              "age": "20대"
            },
            "speechAct": "(단언) 주장하기",
            "morpheme": "응/IC+잘/MAG+나오/VV+는/ETM+거/NNB+같/VA+더라/EC+남/NNG+들/XSN+이/JKS+찍/VV+는/ETM+거/NNB+보/VV+면/EC+키/NNG+키/XSV+ETN"
          },
          {
            "id": 13,
            "text": "1 : 인생샷 나올 수 있어?",
            "norm_text": "인생샷 나올 수 있어?",
            "speaker": {
              "id": "1번",
              "sex": "여성",
              "age": "20대"
            },
            "speechAct": "(지시) 질문하기",
            "morpheme": "인생/NNG+샷/NNG+나올/VV+ETM+수/NNB+있/VV+어/EF"
          },
          {
            "id": 14,
            "text": "2 : 어 인생샷 가능 각!",
            "norm_text": "어 인생샷 가능 각!",
            "speaker": {
              "id": "2번",
              "sex": "여성",
              "age": "20대"
            },
            "speechAct": "(단언) 주장하기",
            "morpheme": "어/IC+인생/NNG+샷/NNG+가능/NNG+각/MM"
          },
          {
            "id": 15,
            "text": "1 : 너 사진 잘 찍어?",
            "norm_text": "너 사진 잘 찍어?",
            "speaker": {
              "id": "1번",
              "sex": "여성",
              "age": "20대"
            },
            "speechAct": "(지시) 질문하기",
            "morpheme": "너/NP+사진/NNG+잘/MAG+찍/VV+어/EF"
          },
          {
            "id": 16,
            "text": "2 : 어 물론이지 그까짓 꺼 나를 따라올 수 없어~",
            "norm_text": "어 물론이지 그까짓 꺼 나를 따라올 수 없어~",
            "speaker": {
              "id": "2번",
              "sex": "여성",
              "age": "20대"
            },
            "speechAct": "(단언) 주장하기",
            "morpheme": "어/IC+물론/NNG+이/VCP+지/EC+그까짓/MM+꺼/MAG+나/NP+를/JKO+따라올/VV+ETM+수/NNB+없/VA+어/EC+~/SY"
          }
        ]
      }
    }
  ]
}