{
  "dataset": {
    "identifier": 21999,
    "name": "BAND_28_10_set",
    "src_path": "/data/file/cubeManager/PROJECT001/49/txt20210917150513025474/BAND_28_10_set/",
    "label_path": "/data/file/cubeManager/PROJECT001/49/txt20210917150513025474/BAND_28_10_set/",
    "category": 2,
    "type": 0
  },
  "licenses": {
    "name": "Apache License 1.0",
    "url": "http://www.apache.org/licenses/LICENSE-1.0"
  },
  "info": [
    {
      "id": 29441,
      "filename": "BAND_28_10.txt",
      "title": "BAND_28_10",
      "mediatype": "SNS",
      "medianame": "네이버밴드",
      "category": "일상대화",
      "date": "2021-09-17",
      "size": 398,
      "annotations": {
        "subject": "스포츠/레저",
        "speaker_type": "1:1",
        "size": 398,
        "word_size": 136,
        "text": "1 : 너 요즘에 운동 안 하니?\n2 : 요즘에 운동으로 걷기를 하고 있어 ㅎ\n1 : 그때 운동해서 살 많이 빠졌다고 했잖아.\n2 : 그때 빠진 뒤로 좀 더디긴 하네\n1 : 술을 그만 먹으면 되는 거 아닐까?\n2 : 회사에 다시 가다 보니 매일 먹게 되네 ㅎ\n1 : 아 그건 인정이야\n1 : 나도 혼맥 하잖아 ㅜㅜ\n2 : 맞아 일 끝나고 마시는 술이 진짜지 키키\n1 : 그래서 오늘 걷기 운동하러 가는 거야?\n2 : 오늘은 주말이니깐 쇼핑을 하러 갈 꺼야 ㅎ\n1 : 아 쇼핑하면서 걸으니까 그것도 버닝이지 키키\n2 : 그렇지 운동 대신하는 걷기 운동이야 키키\n1 : 중간중간 수분 보충으로 제로 콜라 잊지 말고!\n2 : 응! 항상 콜라는 몸에 지니고 다니지\n1 : 와 콜라와 이미 한 몸이 된 거야?\n2 : 그럼 난 콜라 없이는 소화도 안돼",
        "lines": [
          {
            "id": 1,
            "text": "1 : 너 요즘에 운동 안 하니?",
            "norm_text": "너 요즘에 운동 안 하니?",
            "speaker": {
              "id": "1번",
              "sex": "여성",
              "age": "20대"
            },
            "speechAct": "(지시) 질문하기",
            "morpheme": "너/NP+요즘/NNG+에/JKB+운동/NNG+안/MAG+하/VV+니/EF"
          },
          {
            "id": 2,
            "text": "2 : 요즘에 운동으로 걷기를 하고 있어 ㅎ",
            "norm_text": "요즘에 운동으로 걷기를 하고 있어 ㅎ",
            "speaker": {
              "id": "2번",
              "sex": "여성",
              "age": "20대"
            },
            "speechAct": "(단언) 진술하기",
            "morpheme": "요즘/NNG+에/JKB+운동/NNG+으로/JKB+걷/VV+기/ETN+를/JKO+하/VV+고/EC+있/VX+어/EF+ㅎ/XSA"
          },
          {
            "id": 3,
            "text": "1 : 그때 운동해서 살 많이 빠졌다고 했잖아.",
            "norm_text": "그때 운동해서 살 많이 빠졌다고 했잖아.",
            "speaker": {
              "id": "1번",
              "sex": "여성",
              "age": "20대"
            },
            "speechAct": "(단언) 진술하기",
            "morpheme": "그때/NNG+운동/NNG+해서/XSV+EC+살/VV+ETM+많이/MAG+빠졌/VV+EP+다고/EC+했잖아/VX+EP+EC+VX+EF"
          },
          {
            "id": 4,
            "text": "2 : 그때 빠진 뒤로 좀 더디긴 하네",
            "norm_text": "그때 빠진 뒤로 좀 더디긴 하네",
            "speaker": {
              "id": "2번",
              "sex": "여성",
              "age": "20대"
            },
            "speechAct": "(단언) 주장하기",
            "morpheme": "그때/NNG+빠진/VV+ETM+뒤/NNG+로/JKB+좀/MAG+더디/VA+긴/ETN+JX+하/VX+네/EC"
          },
          {
            "id": 5,
            "text": "1 : 술을 그만 먹으면 되는 거 아닐까?",
            "norm_text": "술을 그만 먹으면 되는 거 아닐까?",
            "speaker": {
              "id": "1번",
              "sex": "여성",
              "age": "20대"
            },
            "speechAct": "(지시) 질문하기",
            "morpheme": "술/NNG+을/JKO+그만/MAG+먹/VV+으면/EC+되/VV+는/ETM+거/NNB+아닐까/VCN+EF"
          },
          {
            "id": 6,
            "text": "2 : 회사에 다시 가다 보니 매일 먹게 되네 ㅎ",
            "norm_text": "회사에 다시 가다 보니 매일 먹게 되네 ㅎ",
            "speaker": {
              "id": "2번",
              "sex": "여성",
              "age": "20대"
            },
            "speechAct": "(단언) 주장하기",
            "morpheme": "회사/NNG+에/JKB+다시/MAG+가/VV+다/EC+보/VX+니/EC+매일/MAG+먹/VV+게/EC+되/VV+네/EF+ㅎ/XSA"
          },
          {
            "id": 7,
            "text": "1 : 아 그건 인정이야",
            "norm_text": "아 그건 인정이야",
            "speaker": {
              "id": "1번",
              "sex": "여성",
              "age": "20대"
            },
            "speechAct": "(단언) 주장하기",
            "morpheme": "아/IC+그건/NP+JX+인정/NNG+이/VCP+야/EC"
          },
          {
            "id": 8,
            "text": "1 : 나도 혼맥 하잖아 ㅜㅜ",
            "norm_text": "나도 혼맥 하잖아 ㅜㅜ",
            "speaker": {
              "id": "1번",
              "sex": "여성",
              "age": "20대"
            },
            "speechAct": "(단언) 주장하기",
            "morpheme": "나/NP+도/JX+혼맥/NNG+하/XSV+잖아/EC+VX+EF+ㅜㅜ/UNKNOWN"
          },
          {
            "id": 9,
            "text": "2 : 맞아 일 끝나고 마시는 술이 진짜지 키키",
            "norm_text": "맞아 일 끝나고 마시는 술이 진짜지 키키",
            "speaker": {
              "id": "2번",
              "sex": "여성",
              "age": "20대"
            },
            "speechAct": "(단언) 주장하기",
            "morpheme": "맞/VV+아/EC+일/NR+끝/NNG+나/VV+고/EC+마시/VV+는/ETM+술/NNG+이/JKS+진짜/MAG+지키/NNP+키/NNG"
          },
          {
            "id": 10,
            "text": "1 : 그래서 오늘 걷기 운동하러 가는 거야?",
            "norm_text": "그래서 오늘 걷기 운동하러 가는 거야?",
            "speaker": {
              "id": "1번",
              "sex": "여성",
              "age": "20대"
            },
            "speechAct": "(지시) 질문하기",
            "morpheme": "그래서/MAJ+오늘/MAG+걷/VV+기/ETN+운동/NNG+하/XSV+러/EC+가/VX+는/ETM+거/NNB+야/VCP+EF"
          },
          {
            "id": 11,
            "text": "2 : 오늘은 주말이니깐 쇼핑을 하러 갈 꺼야 ㅎ",
            "norm_text": "오늘은 주말이니깐 쇼핑을 하러 갈 꺼야 ㅎ",
            "speaker": {
              "id": "2번",
              "sex": "여성",
              "age": "20대"
            },
            "speechAct": "(단언) 주장하기",
            "morpheme": "오늘/NNG+은/JX+주말/NNG+이/VCP+니깐/EC+쇼핑/NNG+을/JKO+하/VV+러/EC+갈/VX+ETM+꺼/NNB+VCP+야/EF+ㅎ/XSA"
          },
          {
            "id": 12,
            "text": "1 : 아 쇼핑하면서 걸으니까 그것도 버닝이지 키키",
            "norm_text": "아 쇼핑하면서 걸으니까 그것도 버닝이지 키키",
            "speaker": {
              "id": "1번",
              "sex": "여성",
              "age": "20대"
            },
            "speechAct": "(단언) 주장하기",
            "morpheme": "아/IC+쇼핑/NNG+하/XSV+면서/EC+걸으니까/VV+EC+그것/NP+도/JX+버/NNP+닝/NNP+이/VCP+지/EC+키/NNG+키/XSV+ETN"
          },
          {
            "id": 13,
            "text": "2 : 그렇지 운동 대신하는 걷기 운동이야 키키",
            "norm_text": "그렇지 운동 대신하는 걷기 운동이야 키키",
            "speaker": {
              "id": "2번",
              "sex": "여성",
              "age": "20대"
            },
            "speechAct": "(단언) 주장하기",
            "morpheme": "그렇/VA+지/EC+운동/NNG+대신/NNG+하/XSV+는/ETM+걷기/NNG+운동/NNG+이/VCP+야/EC+키/NNG+키/XSV+ETN"
          },
          {
            "id": 14,
            "text": "1 : 중간중간 수분 보충으로 제로 콜라 잊지 말고!",
            "norm_text": "중간중간 수분 보충으로 제로 콜라 잊지 말고!",
            "speaker": {
              "id": "1번",
              "sex": "여성",
              "age": "20대"
            },
            "speechAct": "(단언) 주장하기",
            "morpheme": "중간/NNG+중간/NNG+수분/NNG+보충/NNG+으로/JKB+제로/NNG+콜라/NNG+잊/VV+지/EC+말/VX+고/EC"
          },
          {
            "id": 15,
            "text": "2 : 응! 항상 콜라는 몸에 지니고 다니지",
            "norm_text": "응! 항상 콜라는 몸에 지니고 다니지",
            "speaker": {
              "id": "2번",
              "sex": "여성",
              "age": "20대"
            },
            "speechAct": "(단언) 주장하기",
            "morpheme": "응/IC+항상/MAG+콜라/NNG+는/JX+몸/NNG+에/JKB+지니/VV+고/EC+다니/VV+지/EC"
          },
          {
            "id": 16,
            "text": "1 : 와 콜라와 이미 한 몸이 된 거야?",
            "norm_text": "와 콜라와 이미 한 몸이 된 거야?",
            "speaker": {
              "id": "1번",
              "sex": "여성",
              "age": "20대"
            },
            "speechAct": "(지시) 질문하기",
            "morpheme": "와/IC+콜라/NNG+와/JC+이미한/NNP+몸/NNG+이/JKS+된/VV+ETM+거/NNB+야/VCP+EF"
          },
          {
            "id": 17,
            "text": "2 : 그럼 난 콜라 없이는 소화도 안돼",
            "norm_text": "그럼 난 콜라 없이는 소화도 안돼",
            "speaker": {
              "id": "2번",
              "sex": "여성",
              "age": "20대"
            },
            "speechAct": "(단언) 주장하기",
            "morpheme": "그럼/MAJ+난/NP+JX+콜라/NNG+없이/MAG+는/JX+소화/NNG+도/JX+안/MAG+돼/VV+EC"
          }
        ]
      }
    }
  ]
}