{
  "dataset": {
    "identifier": 29178,
    "name": "BAND_22_16_set",
    "src_path": "/data/file/cubeManager/PROJECT001/49/txt20210915110036061683/BAND_22_16_set/",
    "label_path": "/data/file/cubeManager/PROJECT001/49/txt20210915110036061683/BAND_22_16_set/",
    "category": 2,
    "type": 0
  },
  "licenses": {
    "name": "Apache License 1.0",
    "url": "http://www.apache.org/licenses/LICENSE-1.0"
  },
  "info": [
    {
      "id": 25415,
      "filename": "BAND_22_16.txt",
      "title": "BAND_22_16",
      "mediatype": "SNS",
      "medianame": "네이버밴드",
      "category": "일상대화",
      "date": "2021-09-15",
      "size": 1145,
      "annotations": {
        "subject": "미용",
        "speaker_type": "1:1",
        "size": 1145,
        "word_size": 387,
        "text": "1 : 눈썹 맨날 그리기 귀찮은데 눈썹 문신 해볼까...\n2 : 눈썹 문신 짱 편해...\n2 : 근데 난 너무 빨리 지워졌오\n3 : 눈썹 문신 안 해봐서 나도 해보고 싶은데 그거 처음에 짱구로 다녀야 되잖아 ㅠㅠ\n1 : 진짜? 난 오래가는 거면 하고 싶은데 ㅜㅜ\n2 : 요즘엔 그렇게까지 짱구는 아니야! 키키\n2 : 나 근데 눈썬 문신 리터치 할 때 너무 빨리 지워진다고 진하게 해달라고 했다가 프리다칼로라고 엄청 놀림받음 ㅠㅠ\n3 : 키키 언니 얼마 주고 했어?\n1 : 프리다칼로가 뭐야\n1 : 외국 연예인 이름이야?\n2 : 16만 원인가? 기억 안 나 키키\n2 : 오래 지났어!\n2 : 근데 나나야 이거 다른 사람들은 오래 가던데 내가 염색이나 그런 게 다 빨리 빠져 키키\n2 : 프리다칼로는 프랑스? 여자 화가임\n2 : 유명해\n2 : 나중에 쳐봐!\n2 : 눈썹만 보여 키키\n3 : 프랑스 아니고 멕시코래 언니!\n3 : 메롱\n1 : 그래? 한번 알아봐야겠다!\n1 : 프리다칼로 쳐봤는데 눈썹 진짜 대박이네 키키\n2 : 웅웅 키키 놀림 많이 받았다...\n2 : 모자를 뚫고 나오는 눈썹이었어\n2 : 요즘엔 근데 처음이라도 다 자연스럽더랑!\n3 : 키키 아 그래?\n3 : 아 근데 진짜 한번 하면 너무 편할 것 같긴 해\n3 : 눈썹 그리는 것만 줄여도 아침에 시간 훨 줄 듯\n1 : 맞아 아침에 너무 귀찮아\n1 : 화장 시간 완전 줄을 듯~\n2 : 키키 그렇긴 해\n2 : 근데 진짜 아팠어\n3 : 아프다고?\n3 : 그거 받을 때 아파?\n1 : 아 진짜?\n1 : 아프다는 얘기는 처음 들어봐\n2 : 아파 아파\n2 : 문신이잖아\n2 : 상처 내서 염색약을 집어넣는 거야\n2 : 근데 요즘엔 또 몇 년 사이에 기술이 좋아져서 덜 아플 수도 키키\n3 : 키키 문신 하니까 생각났어\n3 : 너네 문신 하고 싶은 생각 있어?\n1 : 아니 지금은 할 생각 없어\n1 : 언니들은?\n2 : 나도 지금은 그냥 아무 생각 없어!\n2 : 키키 왜 **이 하고 싶냐!\n3 : 아니 그냥 갑자기 궁금했어!\n3 : 나는 만약에 한다면 등에 흉터 있는데 거기에 하고 싶우\n1 : 헐 등에 흉터 왜 있어?\n1 : 어릴 때 또 장난치다가 다쳤지!\n2 : 키키 **이 그럴 수도 ^^\n2 : 나도 흉터 많은데 발목에도 있고\n2 : 뭘로 하고 싶어 하면!\n3 : 키키 아니 큰 건 아니고 옛날에 책상 밑에서 떨어진 거 줍다가 키보드 받침대에 긁혔어 ㅠㅠ\n3 : 상처 있어 흑흑",
        "lines": [
          {
            "id": 1,
            "text": "1 : 눈썹 맨날 그리기 귀찮은데 눈썹 문신 해볼까...",
            "norm_text": "눈썹 맨날 그리기 귀찮은데 눈썹 문신 해볼까...",
            "speaker": {
              "id": "1번",
              "sex": "여성",
              "age": "20대"
            },
            "speechAct": "(지시) 질문하기",
            "morpheme": "눈썹/NNG+맨날/MAG+그리/VV+기/ETN+귀찮/VA+은데/EC+눈썹/NNG+문신/NNG+해/XSV+EC+볼까/VX+EF+./SY"
          },
          {
            "id": 2,
            "text": "2 : 눈썹 문신 짱 편해...",
            "norm_text": "눈썹 문신 짱 편해...",
            "speaker": {
              "id": "2번",
              "sex": "여성",
              "age": "20대"
            },
            "speechAct": "(단언) 주장하기",
            "morpheme": "눈썹/NNG+문신/NNG+짱/NNG+편해/VA+EF+./SY"
          },
          {
            "id": 3,
            "text": "2 : 근데 난 너무 빨리 지워졌오",
            "norm_text": "근데 난 너무 빨리 지워졌오",
            "speaker": {
              "id": "2번",
              "sex": "여성",
              "age": "20대"
            },
            "speechAct": "(단언) 주장하기",
            "morpheme": "근데/MAJ+난/NP+JX+너무/MAG+빨리/MAG+지워졌/VV+EC+VX+EP+오/EC"
          },
          {
            "id": 4,
            "text": "3 : 눈썹 문신 안 해봐서 나도 해보고 싶은데 그거 처음에 짱구로 다녀야 되잖아 ㅠㅠ",
            "norm_text": "눈썹 문신 안 해봐서 나도 해보고 싶은데 그거 처음에 짱구로 다녀야 되잖아 ㅠㅠ",
            "speaker": {
              "id": "3번",
              "sex": "여성",
              "age": "20대"
            },
            "speechAct": "(단언) 주장하기",
            "morpheme": "눈썹/NNG+문신/NNG+안/MAG+해/VV+EC+봐서/VV+EC+나/NP+도/JX+해/VV+EC+보/VX+고/EC+싶/VX+은데/EC+그거/NP+처음/NNG+에/JKB+짱구/NNG+로/JKB+다녀야/VV+EC+되/VV+잖아/EF+ㅠㅠ/UNKNOWN"
          },
          {
            "id": 5,
            "text": "1 : 진짜? 난 오래가는 거면 하고 싶은데 ㅜㅜ",
            "norm_text": "진짜? 난 오래가는 거면 하고 싶은데 ㅜㅜ",
            "speaker": {
              "id": "1번",
              "sex": "여성",
              "age": "20대"
            },
            "speechAct": "(단언) 주장하기",
            "morpheme": "진짜/MAG+난/NP+JX+오래/MAG+가/VV+는/ETM+거/NNB+면/VCP+EC+하/VV+고/EC+싶/VX+은데/EC+ㅜㅜ/UNKNOWN"
          },
          {
            "id": 6,
            "text": "2 : 요즘엔 그렇게까지 짱구는 아니야! 키키",
            "norm_text": "요즘엔 그렇게까지 짱구는 아니야! 키키",
            "speaker": {
              "id": "2번",
              "sex": "여성",
              "age": "20대"
            },
            "speechAct": "(단언) 주장하기",
            "morpheme": "요즘/NNG+엔/JKB+JX+그렇/VA+게/EC+까지/JX+짱구/NNG+는/JX+아니/VCN+야/EF+키/NNG+키/XSV+ETN"
          },
          {
            "id": 7,
            "text": "2 : 나 근데 눈썬 문신 리터치 할 때 너무 빨리 지워진다고 진하게 해달라고 했다가 프리다칼로라고 엄청 놀림받음 ㅠㅠ",
            "norm_text": "나 근데 눈썬 문신 리터치 할 때 너무 빨리 지워진다고 진하게 해달라고 했다가 프리다칼로라고 엄청 놀림받음 ㅠㅠ",
            "speaker": {
              "id": "2번",
              "sex": "여성",
              "age": "20대"
            },
            "speechAct": "(단언) 진술하기",
            "morpheme": "나/NP+근데/MAJ+눈/NNG+썬/VV+ETM+문신/NNG+리터치/NNG+할/XSV+ETM+때/NNG+너무/MAG+빨리/MAG+지워/VV+EC+진다고/VX+EC+진하/VX+게/EC+해/VV+EC+달/VX+라고/EC+했/VX+EP+다가/EC+프리다/+칼로/+라고/VCP+EC+엄청/MAG+놀림/NNG+받/VV+음/ETN+ㅠㅠ/UNKNOWN"
          },
          {
            "id": 8,
            "text": "3 : 키키 언니 얼마 주고 했어?",
            "norm_text": "키키 언니 얼마 주고 했어?",
            "speaker": {
              "id": "3번",
              "sex": "여성",
              "age": "20대"
            },
            "speechAct": "(지시) 질문하기",
            "morpheme": "키/NNG+키/NNG+언니/NNG+얼마/NNG+주/VV+고/EC+했/VX+EP+어/EF"
          },
          {
            "id": 9,
            "text": "1 : 프리다칼로가 뭐야",
            "norm_text": "프리다칼로가 뭐야",
            "speaker": {
              "id": "1번",
              "sex": "여성",
              "age": "20대"
            },
            "speechAct": "(단언) 주장하기",
            "morpheme": "프리다/+칼로/+가/JKS+뭐/NP+야/VCP+EF"
          },
          {
            "id": 10,
            "text": "1 : 외국 연예인 이름이야?",
            "norm_text": "외국 연예인 이름이야?",
            "speaker": {
              "id": "1번",
              "sex": "여성",
              "age": "20대"
            },
            "speechAct": "(지시) 질문하기",
            "morpheme": "외국/NNG+연예인/NNG+이름/NNG+이/VCP+야/EF"
          },
          {
            "id": 11,
            "text": "2 : 16만 원인가? 기억 안 나 키키",
            "norm_text": "16만 원인가? 기억 안 나 키키",
            "speaker": {
              "id": "2번",
              "sex": "여성",
              "age": "20대"
            },
            "speechAct": "(단언) 주장하기",
            "morpheme": "16/SN+만/NR+원/NNBC+인가/VCP+EF+기억/NNG+안/MAG+나/VV+EC+키/NNG+키/XSV+ETN"
          },
          {
            "id": 12,
            "text": "2 : 오래 지났어!",
            "norm_text": "오래 지났어!",
            "speaker": {
              "id": "2번",
              "sex": "여성",
              "age": "20대"
            },
            "speechAct": "(단언) 주장하기",
            "morpheme": "오래/MAG+지났/VV+EP+어/EF"
          },
          {
            "id": 13,
            "text": "2 : 근데 나나야 이거 다른 사람들은 오래 가던데 내가 염색이나 그런 게 다 빨리 빠져 키키",
            "norm_text": "근데 나나야 이거 다른 사람들은 오래 가던데 내가 염색이나 그런 게 다 빨리 빠져 키키",
            "speaker": {
              "id": "2번",
              "sex": "여성",
              "age": "20대"
            },
            "speechAct": "(단언) 주장하기",
            "morpheme": "근데/MAJ+나/NP+나/NP+야/VCP+EF+이거/NP+다른/MM+사람/NNG+들/XSN+은/JX+오래가/VV+던데/EC+내/NP+가/JKS+염색/NNG+이나/JC+그런/MM+게/NNB+JKS+다/MAG+빨리/MAG+빠져/VV+EC+키/NNG+키/XSV+ETN"
          },
          {
            "id": 14,
            "text": "2 : 프리다칼로는 프랑스? 여자 화가임",
            "norm_text": "프리다칼로는 프랑스? 여자 화가임",
            "speaker": {
              "id": "2번",
              "sex": "여성",
              "age": "20대"
            },
            "speechAct": "(단언) 진술하기",
            "morpheme": "프리다/+칼로/+는/JX+프랑스/NNP+?/SY+여자/NNG+화/XSN+가임/NNG"
          },
          {
            "id": 15,
            "text": "2 : 유명해",
            "norm_text": "유명해",
            "speaker": {
              "id": "2번",
              "sex": "여성",
              "age": "20대"
            },
            "speechAct": "(단언) 주장하기",
            "morpheme": "유명/NNG+해/XSV+EC"
          },
          {
            "id": 16,
            "text": "2 : 나중에 쳐봐!",
            "norm_text": "나중에 쳐봐!",
            "speaker": {
              "id": "2번",
              "sex": "여성",
              "age": "20대"
            },
            "speechAct": "(지시) 충고/제안하기",
            "morpheme": "나중/NNG+에/JKB+쳐/VV+EC+봐/VX+EF"
          },
          {
            "id": 17,
            "text": "2 : 눈썹만 보여 키키",
            "norm_text": "눈썹만 보여 키키",
            "speaker": {
              "id": "2번",
              "sex": "여성",
              "age": "20대"
            },
            "speechAct": "(단언) 주장하기",
            "morpheme": "눈썹/NNG+만/JX+보여/VV+EC+키/NNG+키/XSV+ETN"
          },
          {
            "id": 18,
            "text": "3 : 프랑스 아니고 멕시코래 언니!",
            "norm_text": "프랑스 아니고 멕시코래 언니!",
            "speaker": {
              "id": "3번",
              "sex": "여성",
              "age": "20대"
            },
            "speechAct": "(단언) 반박하기",
            "morpheme": "프랑스/NNP+아니/VCN+고/EC+멕시코/NNP+래/NNP+언니/NNG"
          },
          {
            "id": 19,
            "text": "3 : 메롱",
            "norm_text": "메롱",
            "speaker": {
              "id": "3번",
              "sex": "여성",
              "age": "20대"
            },
            "speechAct": "(단언) 주장하기",
            "morpheme": "메롱/IC"
          },
          {
            "id": 20,
            "text": "1 : 그래? 한번 알아봐야겠다!",
            "norm_text": "그래? 한번 알아봐야겠다!",
            "speaker": {
              "id": "1번",
              "sex": "여성",
              "age": "20대"
            },
            "speechAct": "(언약) 약속하기(제3자와)/(개인적 수준)",
            "morpheme": "그래/IC+한번/MAG+알아봐야겠다/VV+EC+VX+EP+EF"
          },
          {
            "id": 21,
            "text": "1 : 프리다칼로 쳐봤는데 눈썹 진짜 대박이네 키키",
            "norm_text": "프리다칼로 쳐봤는데 눈썹 진짜 대박이네 키키",
            "speaker": {
              "id": "1번",
              "sex": "여성",
              "age": "20대"
            },
            "speechAct": "(단언) 주장하기",
            "morpheme": "프리다/+칼로/+쳐/VV+EC+봤/VX+EP+는데/EC+눈썹/NNG+진짜/MAG+대박/NNG+이/JKS+네/MM+키/NNG+키/XSV+ETN"
          },
          {
            "id": 22,
            "text": "2 : 웅웅 키키 놀림 많이 받았다...",
            "norm_text": "웅웅 키키 놀림 많이 받았다...",
            "speaker": {
              "id": "2번",
              "sex": "여성",
              "age": "20대"
            },
            "speechAct": "(단언) 주장하기",
            "morpheme": "웅웅/MAG+키/NNG+키/NNG+놀림/NNG+많이/MAG+받/VV+았/EP+다/EF+./SY"
          },
          {
            "id": 23,
            "text": "2 : 모자를 뚫고 나오는 눈썹이었어",
            "norm_text": "모자를 뚫고 나오는 눈썹이었어",
            "speaker": {
              "id": "2번",
              "sex": "여성",
              "age": "20대"
            },
            "speechAct": "(단언) 주장하기",
            "morpheme": "모자/NNG+를/JKO+뚫/VV+고/EC+나오/VV+는/ETM+눈썹/NNG+이/VCP+었/EP+어/EC"
          },
          {
            "id": 24,
            "text": "2 : 요즘엔 근데 처음이라도 다 자연스럽더랑!",
            "norm_text": "요즘엔 근데 처음이라도 다 자연스럽더랑!",
            "speaker": {
              "id": "2번",
              "sex": "여성",
              "age": "20대"
            },
            "speechAct": "(단언) 주장하기",
            "morpheme": "요즘/NNG+엔/JKB+JX+근데/MAJ+처음/NNG+이/VCP+라도/EC+다/MAG+자연/NNG+스럽/XSA+더/EF+랑/JKB"
          },
          {
            "id": 25,
            "text": "3 : 키키 아 그래?",
            "norm_text": "키키 아 그래?",
            "speaker": {
              "id": "3번",
              "sex": "여성",
              "age": "20대"
            },
            "speechAct": "(지시) 질문하기",
            "morpheme": "키/NNG+키/VV+아/EC+그래/VV+EF"
          },
          {
            "id": 26,
            "text": "3 : 아 근데 진짜 한번 하면 너무 편할 것 같긴 해",
            "norm_text": "아 근데 진짜 한번 하면 너무 편할 것 같긴 해",
            "speaker": {
              "id": "3번",
              "sex": "여성",
              "age": "20대"
            },
            "speechAct": "(단언) 주장하기",
            "morpheme": "아/IC+근데/MAJ+진짜/MAG+한/MM+번/NNBC+하/VV+면/EC+너무/MAG+편할/VA+ETM+것/NNB+같/VA+긴/ETN+JX+해/VX+EC"
          },
          {
            "id": 27,
            "text": "3 : 눈썹 그리는 것만 줄여도 아침에 시간 훨 줄 듯",
            "norm_text": "눈썹 그리는 것만 줄여도 아침에 시간 훨 줄 듯",
            "speaker": {
              "id": "3번",
              "sex": "여성",
              "age": "20대"
            },
            "speechAct": "(단언) 주장하기",
            "morpheme": "눈썹/NNG+그리/VV+는/ETM+것/NNB+만/JX+줄여도/VV+EC+아침/NNG+에/JKB+시간/NNG+훨/MAG+줄/VV+ETM+듯/NNB"
          },
          {
            "id": 28,
            "text": "1 : 맞아 아침에 너무 귀찮아",
            "norm_text": "맞아 아침에 너무 귀찮아",
            "speaker": {
              "id": "1번",
              "sex": "여성",
              "age": "20대"
            },
            "speechAct": "(단언) 주장하기",
            "morpheme": "맞/VV+아/EC+아침/NNG+에/JKB+너무/MAG+귀찮/VA+아/EC"
          },
          {
            "id": 29,
            "text": "1 : 화장 시간 완전 줄을 듯~",
            "norm_text": "화장 시간 완전 줄을 듯~",
            "speaker": {
              "id": "1번",
              "sex": "여성",
              "age": "20대"
            },
            "speechAct": "(단언) 주장하기",
            "morpheme": "화장/NNG+시간/NNG+완전/MAG+줄/VV+을/ETM+듯/NNB+~/SY"
          },
          {
            "id": 30,
            "text": "2 : 키키 그렇긴 해",
            "norm_text": "키키 그렇긴 해",
            "speaker": {
              "id": "2번",
              "sex": "여성",
              "age": "20대"
            },
            "speechAct": "(단언) 주장하기",
            "morpheme": "키/NNG+키/XSV+ETN+그렇/VA+긴/ETN+JX+해/VX+EC"
          },
          {
            "id": 31,
            "text": "2 : 근데 진짜 아팠어",
            "norm_text": "근데 진짜 아팠어",
            "speaker": {
              "id": "2번",
              "sex": "여성",
              "age": "20대"
            },
            "speechAct": "(단언) 진술하기",
            "morpheme": "근데/MAJ+진짜/MAG+아팠/VA+EP+어/EC"
          },
          {
            "id": 32,
            "text": "3 : 아프다고?",
            "norm_text": "아프다고?",
            "speaker": {
              "id": "3번",
              "sex": "여성",
              "age": "20대"
            },
            "speechAct": "(지시) 질문하기",
            "morpheme": "아프/VA+다고/EF"
          },
          {
            "id": 33,
            "text": "3 : 그거 받을 때 아파?",
            "norm_text": "그거 받을 때 아파?",
            "speaker": {
              "id": "3번",
              "sex": "여성",
              "age": "20대"
            },
            "speechAct": "(지시) 질문하기",
            "morpheme": "그거/NP+받/VV+을/ETM+때/NNG+아파/VA+EF"
          },
          {
            "id": 34,
            "text": "1 : 아 진짜?",
            "norm_text": "아 진짜?",
            "speaker": {
              "id": "1번",
              "sex": "여성",
              "age": "20대"
            },
            "speechAct": "(지시) 질문하기",
            "morpheme": "아/IC+진짜/MAG"
          },
          {
            "id": 35,
            "text": "1 : 아프다는 얘기는 처음 들어봐",
            "norm_text": "아프다는 얘기는 처음 들어봐",
            "speaker": {
              "id": "1번",
              "sex": "여성",
              "age": "20대"
            },
            "speechAct": "(단언) 진술하기",
            "morpheme": "아프/VA+다는/ETM+얘기/NNG+는/JX+처음/MAG+들/VV+어/EC+봐/VX+EC"
          },
          {
            "id": 36,
            "text": "2 : 아파 아파",
            "norm_text": "아파 아파",
            "speaker": {
              "id": "2번",
              "sex": "여성",
              "age": "20대"
            },
            "speechAct": "(단언) 주장하기",
            "morpheme": "아파/VA+EC+아파/VA+EC"
          },
          {
            "id": 37,
            "text": "2 : 문신이잖아",
            "norm_text": "문신이잖아",
            "speaker": {
              "id": "2번",
              "sex": "여성",
              "age": "20대"
            },
            "speechAct": "(단언) 주장하기",
            "morpheme": "문신/NNG+이/VCP+잖아/EC"
          },
          {
            "id": 38,
            "text": "2 : 상처 내서 염색약을 집어넣는 거야",
            "norm_text": "상처 내서 염색약을 집어넣는 거야",
            "speaker": {
              "id": "2번",
              "sex": "여성",
              "age": "20대"
            },
            "speechAct": "(단언) 진술하기",
            "morpheme": "상처/NNG+내서/NNP+염색약/NNG+을/JKO+집어넣/VV+는/ETM+거/NNB+야/VCP+EF"
          },
          {
            "id": 39,
            "text": "2 : 근데 요즘엔 또 몇 년 사이에 기술이 좋아져서 덜 아플 수도 키키",
            "norm_text": "근데 요즘엔 또 몇 년 사이에 기술이 좋아져서 덜 아플 수도 키키",
            "speaker": {
              "id": "2번",
              "sex": "여성",
              "age": "20대"
            },
            "speechAct": "(단언) 주장하기",
            "morpheme": "근데/MAJ+요즘/NNG+엔/JKB+JX+또/MAG+몇/MM+년/NNBC+사이/NNG+에/JKB+기술/NNG+이/JKS+좋/VA+아/EC+져서/VX+EC+덜/MAG+아플/VA+ETM+수/NNB+도/JX+키/NNG+키/XSV+ETN"
          },
          {
            "id": 40,
            "text": "3 : 키키 문신 하니까 생각났어",
            "norm_text": "키키 문신 하니까 생각났어",
            "speaker": {
              "id": "3번",
              "sex": "여성",
              "age": "20대"
            },
            "speechAct": "(단언) 진술하기",
            "morpheme": "키/NNG+키/NNG+문신/NNG+하/XSV+니까/EC+생각났/VV+EP+어/EC"
          },
          {
            "id": 41,
            "text": "3 : 너네 문신 하고 싶은 생각 있어?",
            "norm_text": "너네 문신 하고 싶은 생각 있어?",
            "speaker": {
              "id": "3번",
              "sex": "여성",
              "age": "20대"
            },
            "speechAct": "(지시) 질문하기",
            "morpheme": "너/NP+네/XSN+문신/NNG+하/XSV+고/EC+싶/VX+은/ETM+생각/NNG+있/VA+어/EF"
          },
          {
            "id": 42,
            "text": "1 : 아니 지금은 할 생각 없어",
            "norm_text": "아니 지금은 할 생각 없어",
            "speaker": {
              "id": "1번",
              "sex": "여성",
              "age": "20대"
            },
            "speechAct": "(단언) 주장하기",
            "morpheme": "아니/IC+지금/MAG+은/JX+할/VV+ETM+생각/NNG+없/VA+어/EC"
          },
          {
            "id": 43,
            "text": "1 : 언니들은?",
            "norm_text": "언니들은?",
            "speaker": {
              "id": "1번",
              "sex": "여성",
              "age": "20대"
            },
            "speechAct": "(지시) 질문하기",
            "morpheme": "언니/NNG+들/XSN+은/JX"
          },
          {
            "id": 44,
            "text": "2 : 나도 지금은 그냥 아무 생각 없어!",
            "norm_text": "나도 지금은 그냥 아무 생각 없어!",
            "speaker": {
              "id": "2번",
              "sex": "여성",
              "age": "20대"
            },
            "speechAct": "(단언) 주장하기",
            "morpheme": "나/NP+도/JX+지금/MAG+은/JX+그냥/MAG+아무/MM+생각/NNG+없/VA+어/EF"
          },
          {
            "id": 45,
            "text": "2 : 키키 왜 **이 하고 싶냐!",
            "norm_text": "키키 왜 **이 하고 싶냐!",
            "speaker": {
              "id": "2번",
              "sex": "여성",
              "age": "20대"
            },
            "speechAct": "(지시) 질문하기",
            "morpheme": "키/NNG+키/XSV+ETN+왜/MAG+*/SY+*/SY+이/JKS+하/VV+고/EC+싶/VX+냐/EF"
          },
          {
            "id": 46,
            "text": "3 : 아니 그냥 갑자기 궁금했어!",
            "norm_text": "아니 그냥 갑자기 궁금했어!",
            "speaker": {
              "id": "3번",
              "sex": "여성",
              "age": "20대"
            },
            "speechAct": "(단언) 주장하기",
            "morpheme": "아니/IC+그냥/MAG+갑자기/MAG+궁금/XR+했/XSA+EP+어/EF"
          },
          {
            "id": 47,
            "text": "3 : 나는 만약에 한다면 등에 흉터 있는데 거기에 하고 싶우",
            "norm_text": "나는 만약에 한다면 등에 흉터 있는데 거기에 하고 싶우",
            "speaker": {
              "id": "3번",
              "sex": "여성",
              "age": "20대"
            },
            "speechAct": "(단언) 주장하기",
            "morpheme": "나/NP+는/JX+만약/NNG+에/JKB+한다면/VV+EC+등/NNG+에/JKB+흉터/NNG+있/VV+는데/EC+거기/NP+에/JKB+하/VV+고/EC+싶/VX+우/EC"
          },
          {
            "id": 48,
            "text": "1 : 헐 등에 흉터 왜 있어?",
            "norm_text": "헐 등에 흉터 왜 있어?",
            "speaker": {
              "id": "1번",
              "sex": "여성",
              "age": "20대"
            },
            "speechAct": "(지시) 질문하기",
            "morpheme": "헐/NNP+등/NNB+에/JKB+흉터/NNG+왜/MAG+있/VA+어/EF"
          },
          {
            "id": 49,
            "text": "1 : 어릴 때 또 장난치다가 다쳤지!",
            "norm_text": "어릴 때 또 장난치다가 다쳤지!",
            "speaker": {
              "id": "1번",
              "sex": "여성",
              "age": "20대"
            },
            "speechAct": "(단언) 진술하기",
            "morpheme": "어릴/VA+ETM+때/NNG+또/MAG+장난치/VV+다가/EC+다쳤/VV+EP+지/EF"
          },
          {
            "id": 50,
            "text": "2 : 키키 **이 그럴 수도 ^^",
            "norm_text": "키키 **이 그럴 수도 ^^",
            "speaker": {
              "id": "2번",
              "sex": "여성",
              "age": "20대"
            },
            "speechAct": "(단언) 주장하기",
            "morpheme": "키/NNG+키/XSV+ETN+*/SY+*/SY+이/JKS+그럴/VV+ETM+수/NNB+도/JX+^/SY+^/SY"
          },
          {
            "id": 51,
            "text": "2 : 나도 흉터 많은데 발목에도 있고",
            "norm_text": "나도 흉터 많은데 발목에도 있고",
            "speaker": {
              "id": "2번",
              "sex": "여성",
              "age": "20대"
            },
            "speechAct": "(단언) 진술하기",
            "morpheme": "나/NP+도/JX+흉터/NNG+많/VA+은데/EC+발목/NNG+에/JKB+도/JX+있/VA+고/EC"
          },
          {
            "id": 52,
            "text": "2 : 뭘로 하고 싶어 하면!",
            "norm_text": "뭘로 하고 싶어 하면!",
            "speaker": {
              "id": "2번",
              "sex": "여성",
              "age": "20대"
            },
            "speechAct": "(지시) 질문하기",
            "morpheme": "뭘로/NP+JKB+하/VV+고/EC+싶/VX+어/EC+하/VV+면/EC"
          },
          {
            "id": 53,
            "text": "3 : 키키 아니 큰 건 아니고 옛날에 책상 밑에서 떨어진 거 줍다가 키보드 받침대에 긁혔어 ㅠㅠ",
            "norm_text": "키키 아니 큰 건 아니고 옛날에 책상 밑에서 떨어진 거 줍다가 키보드 받침대에 긁혔어 ㅠㅠ",
            "speaker": {
              "id": "3번",
              "sex": "여성",
              "age": "20대"
            },
            "speechAct": "(지시) 질문하기",
            "morpheme": "키/NNG+키/XSV+ETN+아니/VCN+큰/VA+ETM+건/NNB+JX+아니/VCN+고/EC+옛날/NNG+에/JKB+책상/NNG+밑/NNG+에서/JKB+떨어진/VV+ETM+거/NNB+줍/VV+다가/EC+키보드/NNG+받침대/NNG+에/JKB+긁혔/VV+EP+어/EF+ㅠㅠ/UNKNOWN"
          },
          {
            "id": 54,
            "text": "3 : 상처 있어 흑흑",
            "norm_text": "상처 있어 흑흑",
            "speaker": {
              "id": "3번",
              "sex": "여성",
              "age": "20대"
            },
            "speechAct": "(단언) 진술하기",
            "morpheme": "상처/NNG+있/VV+어/EC+흑흑/MAG"
          }
        ]
      }
    }
  ]
}