{
  "dataset": {
    "identifier": 58286,
    "name": "BAND_31_05_set",
    "src_path": "/data/file/cubeManager/PROJECT001/53/txt20210927144542052919/BAND_31_05_set/",
    "label_path": "/data/file/cubeManager/PROJECT001/53/txt20210927144542052919/BAND_31_05_set/",
    "category": 2,
    "type": 0
  },
  "licenses": {
    "name": "Apache License 1.0",
    "url": "http://www.apache.org/licenses/LICENSE-1.0"
  },
  "info": [
    {
      "id": 34363,
      "filename": "BAND_31_05.txt",
      "title": "BAND_31_05",
      "mediatype": "SNS",
      "medianame": "네이버밴드",
      "category": "일상대화",
      "date": "2021-09-27",
      "size": 368,
      "annotations": {
        "subject": "군대",
        "speaker_type": "1:1",
        "size": 368,
        "word_size": 118,
        "text": "1 : 니 남친은 술 먹고 어떤 얘기 해?\n2 : 술 먹고 군대에서 축구한 얘기해 키키\n1 : 역시 남자들은 다 똑같구나!\n2 : 너 남자친구도 군대 축구 얘기해? 키키\n1 : 그럼 당연하지 국룰 아니겠니?\n2 : 맞아 키키 다른 얘기는 안 해?\n1 : 맞아 군대에서도 삼겹살 파티한다더라?\n2 : 아 진짜 그 얘기는 처음 들어본다 키키 신기해\n1 : 그러니까 솥에다가 구워 먹는대!\n2 : 솥에다가 삼겹살 파티? 술도 먹는대?\n1 : 술을 거기서 먹을 수 있을까?\n2 : 오 술까지 있으면 진짜 맛있겠다 키키\n1 : 그때는 다 애였으니까 콜라면 충분했겠지!\n2 : 20살에 콜라는 용납할 수 없어 키키\n1 : 갑자기? 콜라가 얼마나 좋은 약인데!\n2 : 맞아 내 소화제도 콜라야 키키",
        "lines": [
          {
            "id": 1,
            "text": "1 : 니 남친은 술 먹고 어떤 얘기 해?",
            "norm_text": "니 남친은 술 먹고 어떤 얘기 해?",
            "speaker": {
              "id": "1번",
              "sex": "여성",
              "age": "20대"
            },
            "speechAct": "(지시) 질문하기",
            "morpheme": "니/MM+남친/NNG+은/JX+술/NNG+먹/VV+고/EC+어떤/MM+얘기/NNG+해/XSV+EF"
          },
          {
            "id": 2,
            "text": "2 : 술 먹고 군대에서 축구한 얘기해 키키",
            "norm_text": "술 먹고 군대에서 축구한 얘기해 키키",
            "speaker": {
              "id": "2번",
              "sex": "여성",
              "age": "20대"
            },
            "speechAct": "(단언) 진술하기",
            "morpheme": "술/NNG+먹/VV+고/EC+군대/NNG+에서/JKB+축구/NNG+한/XSA+ETM+얘기/NNG+해/XSV+EC+키/NNG+키/XSV+ETN"
          },
          {
            "id": 3,
            "text": "1 : 역시 남자들은 다 똑같구나!",
            "norm_text": "역시 남자들은 다 똑같구나!",
            "speaker": {
              "id": "1번",
              "sex": "여성",
              "age": "20대"
            },
            "speechAct": "(단언) 진술하기",
            "morpheme": "역시/MAJ+남자/NNG+들/XSN+은/JX+다/MAG+똑같/VA+구나/EF"
          },
          {
            "id": 4,
            "text": "2 : 너 남자친구도 군대 축구 얘기해? 키키",
            "norm_text": "너 남자친구도 군대 축구 얘기해? 키키",
            "speaker": {
              "id": "2번",
              "sex": "여성",
              "age": "20대"
            },
            "speechAct": "(지시) 질문하기",
            "morpheme": "너/NP+남자/NNG+친구/NNG+도/JX+군대/NNG+축구/NNG+얘기/NNG+해/XSV+EF+키/NNG+키/XSV+ETN"
          },
          {
            "id": 5,
            "text": "1 : 그럼 당연하지 국룰 아니겠니?",
            "norm_text": "그럼 당연하지 국룰 아니겠니?",
            "speaker": {
              "id": "1번",
              "sex": "여성",
              "age": "20대"
            },
            "speechAct": "(지시) 질문하기",
            "morpheme": "그럼/MAJ+당연/XR+하/XSA+지국/NNG+룰/NNG+아니/VCN+겠/EP+니/EF"
          },
          {
            "id": 6,
            "text": "2 : 맞아 키키 다른 얘기는 안 해?",
            "norm_text": "맞아 키키 다른 얘기는 안 해?",
            "speaker": {
              "id": "2번",
              "sex": "여성",
              "age": "20대"
            },
            "speechAct": "(지시) 질문하기",
            "morpheme": "맞/VV+아/EC+키키/NNP+다른/MM+얘기/NNG+는/JX+안/MAG+해/VV+EF"
          },
          {
            "id": 7,
            "text": "1 : 맞아 군대에서도 삼겹살 파티한다더라?",
            "norm_text": "맞아 군대에서도 삼겹살 파티한다더라?",
            "speaker": {
              "id": "1번",
              "sex": "여성",
              "age": "20대"
            },
            "speechAct": "(지시) 질문하기",
            "morpheme": "맞/VV+아/EC+군대/NNG+에서/JKB+도/JX+삼겹살/NNG+파티/NNG+한다더라/XSV+EF"
          },
          {
            "id": 8,
            "text": "2 : 아 진짜 그 얘기는 처음 들어본다 키키 신기해",
            "norm_text": "아 진짜 그 얘기는 처음 들어본다 키키 신기해",
            "speaker": {
              "id": "2번",
              "sex": "여성",
              "age": "20대"
            },
            "speechAct": "(단언) 주장하기",
            "morpheme": "아/IC+진짜/MAG+그/MM+얘기/NNG+는/JX+처음/MAG+들/VV+어/EC+본/VX+ETM+다키키/NNP+신기/NNG+해/XSV+EC"
          },
          {
            "id": 9,
            "text": "1 : 그러니까 솥에다가 구워 먹는대!",
            "norm_text": "그러니까 솥에다가 구워 먹는대!",
            "speaker": {
              "id": "1번",
              "sex": "여성",
              "age": "20대"
            },
            "speechAct": "(단언) 진술하기",
            "morpheme": "그러니까/MAJ+솥/NNG+에다가/JKB+구워/VV+EC+먹/VV+는대/EF"
          },
          {
            "id": 10,
            "text": "2 : 솥에다가 삼겹살 파티? 술도 먹는대?",
            "norm_text": "솥에다가 삼겹살 파티? 술도 먹는대?",
            "speaker": {
              "id": "2번",
              "sex": "여성",
              "age": "20대"
            },
            "speechAct": "(지시) 질문하기",
            "morpheme": "솥/NNG+에다가/JKB+삼겹살/NNG+파티/NNG+?/SY+술/NNG+도/JX+먹/VV+는대/EF"
          },
          {
            "id": 11,
            "text": "1 : 술을 거기서 먹을 수 있을까?",
            "norm_text": "술을 거기서 먹을 수 있을까?",
            "speaker": {
              "id": "1번",
              "sex": "여성",
              "age": "20대"
            },
            "speechAct": "(지시) 질문하기",
            "morpheme": "술/NNG+을/JKO+거기/NP+서/JKB+먹/VV+을/ETM+수/NNB+있/VV+을까/EF"
          },
          {
            "id": 12,
            "text": "2 : 오 술까지 있으면 진짜 맛있겠다 키키",
            "norm_text": "오 술까지 있으면 진짜 맛있겠다 키키",
            "speaker": {
              "id": "2번",
              "sex": "여성",
              "age": "20대"
            },
            "speechAct": "(단언) 진술하기",
            "morpheme": "오/NR+술/NNG+까지/JX+있/VV+으면/EC+진짜/MAG+맛있/VA+겠/EP+다키키/NNP"
          },
          {
            "id": 13,
            "text": "1 : 그때는 다 애였으니까 콜라면 충분했겠지!",
            "norm_text": "그때는 다 애였으니까 콜라면 충분했겠지!",
            "speaker": {
              "id": "1번",
              "sex": "여성",
              "age": "20대"
            },
            "speechAct": "(단언) 진술하기",
            "morpheme": "그때/NNG+는/JX+다/MAG+애/NNG+였/VCP+EP+으니까/EC+콜라/NNG+면/VCP+EC+충분/XR+했/XSA+EP+겠/EP+지/EF"
          },
          {
            "id": 14,
            "text": "2 : 20살에 콜라는 용납할 수 없어 키키",
            "norm_text": "20살에 콜라는 용납할 수 없어 키키",
            "speaker": {
              "id": "2번",
              "sex": "여성",
              "age": "20대"
            },
            "speechAct": "(단언) 주장하기",
            "morpheme": "20/SN+살/NNBC+에/JKB+콜라/NNG+는/JX+용납/NNG+할/XSV+ETM+수/NNB+없/VA+어/EC+키/NNG+키/XSV+ETN"
          },
          {
            "id": 15,
            "text": "1 : 갑자기? 콜라가 얼마나 좋은 약인데!",
            "norm_text": "갑자기? 콜라가 얼마나 좋은 약인데!",
            "speaker": {
              "id": "1번",
              "sex": "여성",
              "age": "20대"
            },
            "speechAct": "(단언) 주장하기",
            "morpheme": "갑자기/MAG+콜라/NNG+가/JKS+얼마나/MAG+좋/VA+은/ETM+약/NNG+인데/VCP+EF"
          },
          {
            "id": 16,
            "text": "2 : 맞아 내 소화제도 콜라야 키키",
            "norm_text": "맞아 내 소화제도 콜라야 키키",
            "speaker": {
              "id": "2번",
              "sex": "여성",
              "age": "20대"
            },
            "speechAct": "(단언) 진술하기",
            "morpheme": "맞/VV+아/EC+내소/NNG+화/XSN+제도/NNG+콜라/NNG+야/VCP+EF+키/NNG+키/XSV+ETN"
          }
        ]
      }
    }
  ]
}