{
  "dataset": {
    "identifier": 104075,
    "name": "BAND_37_17_set",
    "src_path": "/data/file/cubeManager/PROJECT001/77/txt20211027150101063345/BAND_37_17_set/",
    "label_path": "/data/file/cubeManager/PROJECT001/77/txt20211027150101063345/BAND_37_17_set/",
    "category": 2,
    "type": 0
  },
  "licenses": {
    "name": "Apache License 1.0",
    "url": "http://www.apache.org/licenses/LICENSE-1.0"
  },
  "info": [
    {
      "id": 96657,
      "filename": "BAND_37_17.txt",
      "title": "BAND_37_17",
      "mediatype": "SNS",
      "medianame": "네이버밴드",
      "category": "일상대화",
      "date": "2021-10-27",
      "size": 476,
      "annotations": {
        "subject": "건강",
        "speaker_type": "다자간 대화",
        "size": 476,
        "word_size": 153,
        "text": "1 : 다들 백신이랑 독감 맞았어?\n2 : 나는 백신은 아직 1차밖에 안 맞았고 독감은 아직\n3 : 나는 백신은 2차 독감은 아직\n1 : 키키 백신 부작용은 다들 없었어?\n2 : 응 나는 1차라 그런지 팔만 얼얼한 정도였지\n3 : 나는 초반에 열 나더라고 조금\n1 : 2차 장난 아니야... 확실히 달라\n2 : 아 다음주에 맞으러 가야하는데 겁주네 ㅠㅠ\n3 : 나는 오히려 2차가 안 아프던데\n1 : 아진짜? ㅠㅠ\n1 : 얼음팩이랑 타이레놀 미리 준비 해놔!\n2 : 그래야겠다\n2 : 케바케이긴 하던데 나는 왠지 아플 거 같애 ㅠㅠ\n3 : 화이자야 모더나야?\n3 : 난 화이자\n1 : 나 화이자 ㅠㅠ\n1 : 넘 힘들었어 삼일동안 ㅜㅜ\n2 : 나는 모더나 맞았는데 모더나도 아픈사람은 아프다더라 ㅠ\n3 : 나도 화이잔데 1차는 아팠었어\n1 : 난 1차는 잘 넘어갔는데 2차가  ㅠㅠ\n2 : 나도 1차는 팔이 좀 뻐근하네 정도였는데 2차 기대되긴 하네 키키\n3 : 다들 조심해야해 진짜 무서워",
        "lines": [
          {
            "id": 1,
            "text": "1 : 다들 백신이랑 독감 맞았어?",
            "norm_text": "다들 백신이랑 독감 맞았어?",
            "speaker": {
              "id": "1번",
              "sex": "여성",
              "age": "20대"
            },
            "speechAct": "(지시) 질문하기",
            "morpheme": "다/MAG+들/XSN+백신/NNG+이랑/JKB+독감/NNG+맞/VV+았/EP+어/EF"
          },
          {
            "id": 2,
            "text": "2 : 나는 백신은 아직 1차밖에 안 맞았고 독감은 아직",
            "norm_text": "나는 백신은 아직 1차밖에 안 맞았고 독감은 아직",
            "speaker": {
              "id": "2번",
              "sex": "남성",
              "age": "20대"
            },
            "speechAct": "(단언) 진술하기",
            "morpheme": "나/NP+는/JX+백신/NNG+은/JX+아직/MAG+1/SN+차/NNBC+밖에/JX+안/MAG+맞/VV+았/EP+고/EC+독감/NNG+은/JX+아직/MAG"
          },
          {
            "id": 3,
            "text": "3 : 나는 백신은 2차 독감은 아직",
            "norm_text": "나는 백신은 2차 독감은 아직",
            "speaker": {
              "id": "3번",
              "sex": "남성",
              "age": "20대"
            },
            "speechAct": "(단언) 진술하기",
            "morpheme": "나/NP+는/JX+백신/NNG+은/JX+2/SN+차/NNBC+독감/NNG+은/JX+아직/MAG"
          },
          {
            "id": 4,
            "text": "1 : 키키 백신 부작용은 다들 없었어?",
            "norm_text": "키키 백신 부작용은 다들 없었어?",
            "speaker": {
              "id": "1번",
              "sex": "여성",
              "age": "20대"
            },
            "speechAct": "(지시) 질문하기",
            "morpheme": "키/NNG+키/XSV+ETN+백/NR+신부/NNG+작용/NNG+은/JX+다/MAG+들/XSN+없/VA+었/EP+어/EF"
          },
          {
            "id": 5,
            "text": "2 : 응 나는 1차라 그런지 팔만 얼얼한 정도였지",
            "norm_text": "응 나는 1차라 그런지 팔만 얼얼한 정도였지",
            "speaker": {
              "id": "2번",
              "sex": "남성",
              "age": "20대"
            },
            "speechAct": "(단언) 주장하기",
            "morpheme": "응/IC+나/NP+는/JX+1/SN+차/NNBC+라/VCP+EC+그런/MM+지팔/NNP+만/JX+얼얼/XR+한/XSA+ETM+정도/NNG+였/VCP+EP+지/EC"
          },
          {
            "id": 6,
            "text": "3 : 나는 초반에 열 나더라고 조금",
            "norm_text": "나는 초반에 열 나더라고 조금",
            "speaker": {
              "id": "3번",
              "sex": "남성",
              "age": "20대"
            },
            "speechAct": "(단언) 주장하기",
            "morpheme": "나/NP+는/JX+초반/NNG+에/JKB+열나/VV+더라고/EF+조금/MAG"
          },
          {
            "id": 7,
            "text": "1 : 2차 장난 아니야... 확실히 달라",
            "norm_text": "2차 장난 아니야... 확실히 달라",
            "speaker": {
              "id": "1번",
              "sex": "여성",
              "age": "20대"
            },
            "speechAct": "(단언) 주장하기",
            "morpheme": "2/SN+차/NNBC+장난/NNG+아니/VCN+야/EF+./SY+확실히/MAG+달라/VA+EC"
          },
          {
            "id": 8,
            "text": "2 : 아 다음주에 맞으러 가야하는데 겁주네 ㅠㅠ",
            "norm_text": "아 다음주에 맞으러 가야하는데 겁주네 ㅠㅠ",
            "speaker": {
              "id": "2번",
              "sex": "남성",
              "age": "20대"
            },
            "speechAct": "(단언) 주장하기",
            "morpheme": "아/IC+다음/NNG+주/NNG+에/JKB+맞/VV+으러/EC+가/VX+야/EC+하/VV+는/ETM+데/NNB+겁주/VV+네/EF+ㅠㅠ/UNKNOWN"
          },
          {
            "id": 9,
            "text": "3 : 나는 오히려 2차가 안 아프던데",
            "norm_text": "나는 오히려 2차가 안 아프던데",
            "speaker": {
              "id": "3번",
              "sex": "남성",
              "age": "20대"
            },
            "speechAct": "(단언) 주장하기",
            "morpheme": "나/NP+는/JX+오히려/MAJ+2/SN+차/NNBC+가/JKS+안/MAG+아프/VA+던데/EC"
          },
          {
            "id": 10,
            "text": "1 : 아진짜? ㅠㅠ",
            "norm_text": "아진짜? ㅠㅠ",
            "speaker": {
              "id": "1번",
              "sex": "여성",
              "age": "20대"
            },
            "speechAct": "(지시) 질문하기",
            "morpheme": "아/IC+진짜/MAG+ㅠㅠ/UNKNOWN"
          },
          {
            "id": 11,
            "text": "1 : 얼음팩이랑 타이레놀 미리 준비 해놔!",
            "norm_text": "얼음팩이랑 타이레놀 미리 준비 해놔!",
            "speaker": {
              "id": "1번",
              "sex": "여성",
              "age": "20대"
            },
            "speechAct": "(지시) 충고/제안하기",
            "morpheme": "얼음/NNG+팩/NNG+이랑/JC+타/MM+이레/NNG+놀/VV+ETM+미리/MAG+준비/NNG+해/XSV+EC+놔/VX+EF"
          },
          {
            "id": 12,
            "text": "2 : 그래야겠다",
            "norm_text": "그래야겠다",
            "speaker": {
              "id": "2번",
              "sex": "남성",
              "age": "20대"
            },
            "speechAct": "(단언) 주장하기",
            "morpheme": "그래야/VA+EC+VX+겠/EP+다/EC"
          },
          {
            "id": 13,
            "text": "2 : 케바케이긴 하던데 나는 왠지 아플 거 같애 ㅠㅠ",
            "norm_text": "케바케이긴 하던데 나는 왠지 아플 거 같애 ㅠㅠ",
            "speaker": {
              "id": "2번",
              "sex": "남성",
              "age": "20대"
            },
            "speechAct": "(단언) 주장하기",
            "morpheme": "케/IC+바케/NNP+이/VCP+긴/ETN+JX+하/VX+던데/EC+나/NP+는/JX+왠지/MAG+아플/VA+ETM+거/NNB+같/VA+애/EF+ㅠㅠ/UNKNOWN"
          },
          {
            "id": 14,
            "text": "3 : 화이자야 모더나야?",
            "norm_text": "화이자야 모더나야?",
            "speaker": {
              "id": "3번",
              "sex": "남성",
              "age": "20대"
            },
            "speechAct": "(지시) 질문하기",
            "morpheme": "화이자/NNP+야/JKV+모/NP+더/MAG+나/NP+야/VCP+EF"
          },
          {
            "id": 15,
            "text": "3 : 난 화이자",
            "norm_text": "난 화이자",
            "speaker": {
              "id": "3번",
              "sex": "남성",
              "age": "20대"
            },
            "speechAct": "(단언) 진술하기",
            "morpheme": "난/NP+JX+화이자/NNP"
          },
          {
            "id": 16,
            "text": "1 : 나 화이자 ㅠㅠ",
            "norm_text": "나 화이자 ㅠㅠ",
            "speaker": {
              "id": "1번",
              "sex": "여성",
              "age": "20대"
            },
            "speechAct": "(단언) 진술하기",
            "morpheme": "나화이자ㅠㅠ/UNKNOWN"
          },
          {
            "id": 17,
            "text": "1 : 넘 힘들었어 삼일동안 ㅜㅜ",
            "norm_text": "넘 힘들었어 삼일동안 ㅜㅜ",
            "speaker": {
              "id": "1번",
              "sex": "여성",
              "age": "20대"
            },
            "speechAct": "(단언) 주장하기",
            "morpheme": "넘/MAG+힘들/VA+었/EP+어/EF+삼/NR+일/NNBC+동안/NNG+ㅜㅜ/UNKNOWN"
          },
          {
            "id": 18,
            "text": "2 : 나는 모더나 맞았는데 모더나도 아픈사람은 아프다더라 ㅠ",
            "norm_text": "나는 모더나 맞았는데 모더나도 아픈사람은 아프다더라 ㅠ",
            "speaker": {
              "id": "2번",
              "sex": "남성",
              "age": "20대"
            },
            "speechAct": "(단언) 진술하기",
            "morpheme": "나/NP+는/JX+모/NNG+더/MAG+나/JX+맞/VV+았/EP+는데/EC+모더/NNP+나/NP+도/JX+아픈/VA+ETM+사람/NNG+은/JX+아프/VA+다더라/EC+ㅠ/UNKNOWN"
          },
          {
            "id": 19,
            "text": "3 : 나도 화이잔데 1차는 아팠었어",
            "norm_text": "나도 화이잔데 1차는 아팠었어",
            "speaker": {
              "id": "3번",
              "sex": "남성",
              "age": "20대"
            },
            "speechAct": "(단언) 주장하기",
            "morpheme": "나/NP+도/JX+화이/NNG+잔데/XSN+VCP+EC+1/SN+차/NNBC+는/JX+아팠었/VA+EP+어/EC"
          },
          {
            "id": 20,
            "text": "1 : 난 1차는 잘 넘어갔는데 2차가  ㅠㅠ",
            "norm_text": "난 1차는 잘 넘어갔는데 2차가  ㅠㅠ",
            "speaker": {
              "id": "1번",
              "sex": "여성",
              "age": "20대"
            },
            "speechAct": "(단언) 주장하기",
            "morpheme": "난/NP+JX+1/SN+차/NNBC+는/JX+잘/MAG+넘어갔/VV+EP+는데/EC+2/SN+차/NNBC+가/JKS+ㅠㅠ/UNKNOWN"
          },
          {
            "id": 21,
            "text": "2 : 나도 1차는 팔이 좀 뻐근하네 정도였는데 2차 기대되긴 하네 키키",
            "norm_text": "나도 1차는 팔이 좀 뻐근하네 정도였는데 2차 기대되긴 하네 키키",
            "speaker": {
              "id": "2번",
              "sex": "남성",
              "age": "20대"
            },
            "speechAct": "(단언) 주장하기",
            "morpheme": "나/NP+도/JX+1/SN+차/NNBC+는/JX+팔/NNG+이/JKS+좀/MAG+뻐근/XR+하/XSA+네/EF+정도/NNG+였/VCP+EP+는데/EC+2/SN+차/NNBC+기대/NNG+되/XSV+긴/ETN+JX+하/VX+네/EF+키/NNG+키/XSV+ETN"
          },
          {
            "id": 22,
            "text": "3 : 다들 조심해야해 진짜 무서워",
            "norm_text": "다들 조심해야해 진짜 무서워",
            "speaker": {
              "id": "3번",
              "sex": "남성",
              "age": "20대"
            },
            "speechAct": "(지시) 충고/제안하기",
            "morpheme": "다/MAG+들/XSN+조심/NNG+해야/XSV+EC+해/VX+EF+진짜/MAG+무서워/VA+EC"
          }
        ]
      }
    }
  ]
}