{
  "dataset": {
    "identifier": 112684,
    "name": "BAND_42_20_set",
    "src_path": "/data/file/cubeManager/PROJECT001/80/txt20211102154324038994/BAND_42_20_set/",
    "label_path": "/data/file/cubeManager/PROJECT001/80/txt20211102154324038994/BAND_42_20_set/",
    "category": 2,
    "type": 0
  },
  "licenses": {
    "name": "Apache License 1.0",
    "url": "http://www.apache.org/licenses/LICENSE-1.0"
  },
  "info": [
    {
      "id": 130324,
      "filename": "BAND_42_20.txt",
      "title": "BAND_42_20",
      "mediatype": "SNS",
      "medianame": "네이버밴드",
      "category": "일상대화",
      "date": "2021-11-02",
      "size": 650,
      "annotations": {
        "subject": "영화/만화",
        "speaker_type": "다자간 대화",
        "size": 650,
        "word_size": 221,
        "text": "1 : 넷플 영화 많이 봤어?\n2 : 아니~!\n2 : 드라마가 영화야 키키?\n2 : 미안 키키\n3 : 키키 요즘엔 영화인지 드라마인지 헷갈리기 시작해...\n1 : 키키 맞아\n1 : 키키 영환 줄 알고 보면 드라마더라\n2 : 키키 아아 나는 넷플 영화는 안 봐본 듯~?\n3 : 이번에 마이네임 봤는데 재밌더라!\n3 : 역시 위에 있는 건 이유가 있으\n1 : 지금 해외에서도 난리더라 그거!\n2 : 마이네임 재밌지~\n2 : 소희 언니 너무 예뻐요~\n3 : 요즘 넷플 올라가는 건 다 인기 많은 거 같당\n3 : 신기해\n1 : 키키 맞아\n1 : 따라가기 힘들어\n1 : 시간도 없구\n2 : 키키 ㅇㅈㅇㅈ ㅜㅜ\n2 : 드라마는 넘 많아서 보기 힘들고 재밌는 영화나 한 편 나왔음 조오켓다~!\n3 : 인정\n3 : 내가 이렇게... 아...싸였나...\n3 : 키키 따라가기 힘드네\n1 : 키키 맞아\n1 : 요즘은 다 시즌제 드라마가 많더라\n2 : 키키 그치 ㅜㅜ\n2 : 영화 한 편 빡 나와서 빡 보면 조은데!\n2 : 드라마는 시간 소요가 많아서 못 따라가!\n3 : 짧게 많이 벌어들이는 거 같어 요즘!\n3 : 똑똑해 다들\n1 : 맞아 키키\n1 : 근데 요즘 자기 전에 한 편씩 보는데 나름 좋더라\n2 : 글쿠만 ㅜㅜ\n2 : 자기 전에 보는구나\n2 : 부지런하다잉~\n3 : 마케팅적으로 좋은 거 같어\n3 : 부지런하게 한 편씩 봐야지 나두!",
        "lines": [
          {
            "id": 1,
            "text": "1 : 넷플 영화 많이 봤어?",
            "norm_text": "넷플 영화 많이 봤어?",
            "speaker": {
              "id": "1번",
              "sex": "여성",
              "age": "20대"
            },
            "speechAct": "(지시) 질문하기",
            "morpheme": "넷/NR+플/NNG+영화/NNG+많이/MAG+봤/VV+EP+어/EF"
          },
          {
            "id": 2,
            "text": "2 : 아니~!",
            "norm_text": "아니~!",
            "speaker": {
              "id": "2번",
              "sex": "여성",
              "age": "20대"
            },
            "speechAct": "(단언) 주장하기",
            "morpheme": "아니/IC+~/SY"
          },
          {
            "id": 3,
            "text": "2 : 드라마가 영화야 키키?",
            "norm_text": "드라마가 영화야 키키?",
            "speaker": {
              "id": "2번",
              "sex": "여성",
              "age": "20대"
            },
            "speechAct": "(지시) 질문하기",
            "morpheme": "드라마/NNG+가/JKS+영화/NNG+야/VCP+EF+키/NNG+키/XSV+ETN"
          },
          {
            "id": 4,
            "text": "2 : 미안 키키",
            "norm_text": "미안 키키",
            "speaker": {
              "id": "2번",
              "sex": "여성",
              "age": "20대"
            },
            "speechAct": "(표현) 사과하기",
            "morpheme": "미안/NNG+키/NNG+키/XSV+ETN"
          },
          {
            "id": 5,
            "text": "3 : 키키 요즘엔 영화인지 드라마인지 헷갈리기 시작해...",
            "norm_text": "키키 요즘엔 영화인지 드라마인지 헷갈리기 시작해...",
            "speaker": {
              "id": "3번",
              "sex": "남성",
              "age": "20대"
            },
            "speechAct": "(단언) 주장하기",
            "morpheme": "키/NNG+키/NNG+요즘/NNG+엔/JKB+JX+영화/NNG+인지/VCP+EC+드라마/NNG+인지/VCP+EC+헷갈리/VX+기/ETN+시작/NNG+해/XSV+EF+./SY"
          },
          {
            "id": 6,
            "text": "1 : 키키 맞아",
            "norm_text": "키키 맞아",
            "speaker": {
              "id": "1번",
              "sex": "여성",
              "age": "20대"
            },
            "speechAct": "(단언) 주장하기",
            "morpheme": "키/NNG+키/XSV+ETN+맞/VV+아/EC"
          },
          {
            "id": 7,
            "text": "1 : 키키 영환 줄 알고 보면 드라마더라",
            "norm_text": "키키 영환 줄 알고 보면 드라마더라",
            "speaker": {
              "id": "1번",
              "sex": "여성",
              "age": "20대"
            },
            "speechAct": "(단언) 주장하기",
            "morpheme": "키/NNG+키/NNG+영환/NNG+VCP+ETM+줄/NNB+알/VV+고/EC+보/VX+면/EC+드라마/NNG+더라/VCP+EC"
          },
          {
            "id": 8,
            "text": "2 : 키키 아아 나는 넷플 영화는 안 봐본 듯~?",
            "norm_text": "키키 아아 나는 넷플 영화는 안 봐본 듯~?",
            "speaker": {
              "id": "2번",
              "sex": "여성",
              "age": "20대"
            },
            "speechAct": "(단언) 주장하기",
            "morpheme": "키키아아나는넷플영화는안봐본듯/UNKNOWN+~/SY"
          },
          {
            "id": 9,
            "text": "3 : 이번에 마이네임 봤는데 재밌더라!",
            "norm_text": "이번에 마이네임 봤는데 재밌더라!",
            "speaker": {
              "id": "3번",
              "sex": "남성",
              "age": "20대"
            },
            "speechAct": "(단언) 주장하기",
            "morpheme": "이번/NNG+에/JKB+마이네임/NNP+봤/VV+EP+는데/EC+재밌/VA+더라/EF"
          },
          {
            "id": 10,
            "text": "3 : 역시 위에 있는 건 이유가 있으",
            "norm_text": "역시 위에 있는 건 이유가 있으",
            "speaker": {
              "id": "3번",
              "sex": "남성",
              "age": "20대"
            },
            "speechAct": "(단언) 주장하기",
            "morpheme": "역시/MAJ+위/NNG+에/JKB+있/VV+는/ETM+건/NNB+JX+이유/NNG+가/JKS+있/VA+으/EC"
          },
          {
            "id": 11,
            "text": "1 : 지금 해외에서도 난리더라 그거!",
            "norm_text": "지금 해외에서도 난리더라 그거!",
            "speaker": {
              "id": "1번",
              "sex": "여성",
              "age": "20대"
            },
            "speechAct": "(단언) 진술하기",
            "morpheme": "지금/MAG+해외/NNG+에서/JKB+도/JX+난리/NNG+더라/VCP+EF+그거/NP"
          },
          {
            "id": 12,
            "text": "2 : 마이네임 재밌지~",
            "norm_text": "마이네임 재밌지~",
            "speaker": {
              "id": "2번",
              "sex": "여성",
              "age": "20대"
            },
            "speechAct": "(단언) 주장하기",
            "morpheme": "마이네임/NNP+재밌/VA+지/EC+~/SY"
          },
          {
            "id": 13,
            "text": "2 : 소희 언니 너무 예뻐요~",
            "norm_text": "소희 언니 너무 예뻐요~",
            "speaker": {
              "id": "2번",
              "sex": "여성",
              "age": "20대"
            },
            "speechAct": "(단언) 주장하기",
            "morpheme": "소희/NNG+언니/NNG+너무/MAG+예뻐요/VA+EC+~/SY"
          },
          {
            "id": 14,
            "text": "3 : 요즘 넷플 올라가는 건 다 인기 많은 거 같당",
            "norm_text": "요즘 넷플 올라가는 건 다 인기 많은 거 같당",
            "speaker": {
              "id": "3번",
              "sex": "남성",
              "age": "20대"
            },
            "speechAct": "(단언) 주장하기",
            "morpheme": "요즘/NNG+넷/NR+플/NNG+올라가/VV+는/ETM+건/NNB+JX+다/MAG+인기/NNG+많/VA+은/ETM+거/NNB+같/VA+당/EF"
          },
          {
            "id": 15,
            "text": "3 : 신기해",
            "norm_text": "신기해",
            "speaker": {
              "id": "3번",
              "sex": "남성",
              "age": "20대"
            },
            "speechAct": "(단언) 주장하기",
            "morpheme": "신기/NNG+해/XSV+EC"
          },
          {
            "id": 16,
            "text": "1 : 키키 맞아",
            "norm_text": "키키 맞아",
            "speaker": {
              "id": "1번",
              "sex": "여성",
              "age": "20대"
            },
            "speechAct": "(단언) 주장하기",
            "morpheme": "키/NNG+키/XSV+ETN+맞/VV+아/EC"
          },
          {
            "id": 17,
            "text": "1 : 따라가기 힘들어",
            "norm_text": "따라가기 힘들어",
            "speaker": {
              "id": "1번",
              "sex": "여성",
              "age": "20대"
            },
            "speechAct": "(단언) 주장하기",
            "morpheme": "따라가/VV+기/ETN+힘들/VA+어/EC"
          },
          {
            "id": 18,
            "text": "1 : 시간도 없구",
            "norm_text": "시간도 없구",
            "speaker": {
              "id": "1번",
              "sex": "여성",
              "age": "20대"
            },
            "speechAct": "(단언) 주장하기",
            "morpheme": "시간/NNG+도/JX+없/VA+구/EC"
          },
          {
            "id": 19,
            "text": "2 : 키키 ㅇㅈㅇㅈ ㅜㅜ",
            "norm_text": "키키 ㅇㅈㅇㅈ ㅜㅜ",
            "speaker": {
              "id": "2번",
              "sex": "여성",
              "age": "20대"
            },
            "speechAct": "(단언) 주장하기",
            "morpheme": "키키ㅇㅈㅇㅈㅜㅜ/UNKNOWN"
          },
          {
            "id": 20,
            "text": "2 : 드라마는 넘 많아서 보기 힘들고 재밌는 영화나 한 편 나왔음 조오켓다~!",
            "norm_text": "드라마는 넘 많아서 보기 힘들고 재밌는 영화나 한 편 나왔음 조오켓다~!",
            "speaker": {
              "id": "2번",
              "sex": "여성",
              "age": "20대"
            },
            "speechAct": "(단언) 주장하기",
            "morpheme": "드라마는넘많아서보기힘들고재밌는영화나한편나왔음조오켓다/UNKNOWN+~/SY"
          },
          {
            "id": 21,
            "text": "3 : 인정",
            "norm_text": "인정",
            "speaker": {
              "id": "3번",
              "sex": "남성",
              "age": "20대"
            },
            "speechAct": "(단언) 주장하기",
            "morpheme": "인정/NNG"
          },
          {
            "id": 22,
            "text": "3 : 내가 이렇게... 아...싸였나...",
            "norm_text": "내가 이렇게... 아...싸였나...",
            "speaker": {
              "id": "3번",
              "sex": "남성",
              "age": "20대"
            },
            "speechAct": "(지시) 질문하기",
            "morpheme": "내/NP+가/JKS+이렇게/MAG+./SY+아/IC+./SY+싸였/VV+EP+나/EF+./SY"
          },
          {
            "id": 23,
            "text": "3 : 키키 따라가기 힘드네",
            "norm_text": "키키 따라가기 힘드네",
            "speaker": {
              "id": "3번",
              "sex": "남성",
              "age": "20대"
            },
            "speechAct": "(단언) 주장하기",
            "morpheme": "키/NNG+키/XSV+ETN+따라가/VV+기/ETN+힘드/VA+네/EC"
          },
          {
            "id": 24,
            "text": "1 : 키키 맞아",
            "norm_text": "키키 맞아",
            "speaker": {
              "id": "1번",
              "sex": "여성",
              "age": "20대"
            },
            "speechAct": "(단언) 주장하기",
            "morpheme": "키/NNG+키/XSV+ETN+맞/VV+아/EC"
          },
          {
            "id": 25,
            "text": "1 : 요즘은 다 시즌제 드라마가 많더라",
            "norm_text": "요즘은 다 시즌제 드라마가 많더라",
            "speaker": {
              "id": "1번",
              "sex": "여성",
              "age": "20대"
            },
            "speechAct": "(단언) 주장하기",
            "morpheme": "요즘/NNG+은/JX+다/MAG+시즌/NNG+제/XSN+드라마/NNG+가/JKS+많/VA+더라/EC"
          },
          {
            "id": 26,
            "text": "2 : 키키 그치 ㅜㅜ",
            "norm_text": "키키 그치 ㅜㅜ",
            "speaker": {
              "id": "2번",
              "sex": "여성",
              "age": "20대"
            },
            "speechAct": "(단언) 주장하기",
            "morpheme": "키키그치ㅜㅜ/UNKNOWN"
          },
          {
            "id": 27,
            "text": "2 : 영화 한 편 빡 나와서 빡 보면 조은데!",
            "norm_text": "영화 한 편 빡 나와서 빡 보면 조은데!",
            "speaker": {
              "id": "2번",
              "sex": "여성",
              "age": "20대"
            },
            "speechAct": "(단언) 주장하기",
            "morpheme": "영화/NNG+한편/NNG+빡/MAG+나와서/VV+EC+빡/MAG+보/VV+면/EC+조/VV+은데/EF"
          },
          {
            "id": 28,
            "text": "2 : 드라마는 시간 소요가 많아서 못 따라가!",
            "norm_text": "드라마는 시간 소요가 많아서 못 따라가!",
            "speaker": {
              "id": "2번",
              "sex": "여성",
              "age": "20대"
            },
            "speechAct": "(단언) 주장하기",
            "morpheme": "드라마/NNG+는/JX+시간/NNG+소요/NNG+가/JKS+많/VA+아서/EC+못/MAG+따라가/VV+EF"
          },
          {
            "id": 29,
            "text": "3 : 짧게 많이 벌어들이는 거 같어 요즘!",
            "norm_text": "짧게 많이 벌어들이는 거 같어 요즘!",
            "speaker": {
              "id": "3번",
              "sex": "남성",
              "age": "20대"
            },
            "speechAct": "(단언) 주장하기",
            "morpheme": "짧/VA+게/EC+많이/MAG+벌어들이/VV+는/ETM+거/NNB+같/VA+어/EC+요즘/MAG"
          },
          {
            "id": 30,
            "text": "3 : 똑똑해 다들",
            "norm_text": "똑똑해 다들",
            "speaker": {
              "id": "3번",
              "sex": "남성",
              "age": "20대"
            },
            "speechAct": "(단언) 주장하기",
            "morpheme": "똑똑/MAG+해다/NNG+들/XSN"
          },
          {
            "id": 31,
            "text": "1 : 맞아 키키",
            "norm_text": "맞아 키키",
            "speaker": {
              "id": "1번",
              "sex": "여성",
              "age": "20대"
            },
            "speechAct": "(단언) 주장하기",
            "morpheme": "맞/VV+아/EC+키/NNG+키/XSV+ETN"
          },
          {
            "id": 32,
            "text": "1 : 근데 요즘 자기 전에 한 편씩 보는데 나름 좋더라",
            "norm_text": "근데 요즘 자기 전에 한 편씩 보는데 나름 좋더라",
            "speaker": {
              "id": "1번",
              "sex": "여성",
              "age": "20대"
            },
            "speechAct": "(단언) 주장하기",
            "morpheme": "근데/MAJ+요즘/MAG+자기/NP+전/NNG+에/JKB+한편/NNG+씩/XSN+보/VV+는/ETM+데/NNB+나름/NNB+좋/VA+더라/EC"
          },
          {
            "id": 33,
            "text": "2 : 글쿠만 ㅜㅜ",
            "norm_text": "글쿠만 ㅜㅜ",
            "speaker": {
              "id": "2번",
              "sex": "여성",
              "age": "20대"
            },
            "speechAct": "(단언) 주장하기",
            "morpheme": "글쿠만ㅜㅜ/UNKNOWN"
          },
          {
            "id": 34,
            "text": "2 : 자기 전에 보는구나",
            "norm_text": "자기 전에 보는구나",
            "speaker": {
              "id": "2번",
              "sex": "여성",
              "age": "20대"
            },
            "speechAct": "(단언) 진술하기",
            "morpheme": "자기/NP+전/NNG+에/JKB+보/VV+는구나/EC"
          },
          {
            "id": 35,
            "text": "2 : 부지런하다잉~",
            "norm_text": "부지런하다잉~",
            "speaker": {
              "id": "2번",
              "sex": "여성",
              "age": "20대"
            },
            "speechAct": "(단언) 주장하기",
            "morpheme": "부지런/NNG+하/XSA+다잉/EF+~/SY"
          },
          {
            "id": 36,
            "text": "3 : 마케팅적으로 좋은 거 같어",
            "norm_text": "마케팅적으로 좋은 거 같어",
            "speaker": {
              "id": "3번",
              "sex": "남성",
              "age": "20대"
            },
            "speechAct": "(단언) 주장하기",
            "morpheme": "마케팅/NNG+적/XSN+으로/JKB+좋/VA+은/ETM+거/NNB+같/VA+어/EC"
          },
          {
            "id": 37,
            "text": "3 : 부지런하게 한 편씩 봐야지 나두!",
            "norm_text": "부지런하게 한 편씩 봐야지 나두!",
            "speaker": {
              "id": "3번",
              "sex": "남성",
              "age": "20대"
            },
            "speechAct": "(단언) 주장하기",
            "morpheme": "부지런/NNG+하/XSV+게/EC+한편/NNG+씩/XSN+봐야지/VV+EC+나/NP+두/JX"
          }
        ]
      }
    }
  ]
}