{
  "dataset": {
    "identifier": 97728,
    "name": "BAND_38_04_set",
    "src_path": "/data/file/cubeManager/PROJECT001/77/txt20211027150101067971/BAND_38_04_set/",
    "label_path": "/data/file/cubeManager/PROJECT001/77/txt20211027150101067971/BAND_38_04_set/",
    "category": 2,
    "type": 0
  },
  "licenses": {
    "name": "Apache License 1.0",
    "url": "http://www.apache.org/licenses/LICENSE-1.0"
  },
  "info": [
    {
      "id": 96664,
      "filename": "BAND_38_04.txt",
      "title": "BAND_38_04",
      "mediatype": "SNS",
      "medianame": "네이버밴드",
      "category": "일상대화",
      "date": "2021-10-27",
      "size": 475,
      "annotations": {
        "subject": "회사/아르바이트",
        "speaker_type": "다자간 대화",
        "size": 475,
        "word_size": 157,
        "text": "1 : 너네 알바 많이 해봤어?\n2 : 웅 거의 근디 편의점만 키키\n3 : 나는 지금 부대찌개 파는 중이야 ㅠㅠ\n1 : 키키 난 카페에서 일해 키키\n1 : 다 다양하네\n2 : 키키 글게~^^\n2 : 알바는 편의점이 최고 꿀 아니냐~?\n3 : 근데 편의점은 너무 피곤해 ㅠㅠ\n1 : 난 편의점 안해서 몰것당 키키\n2 : 그냥 앉아서 인사하고 바코드만 찍고 인사만 하면 끝이여,\n3 : 담배 외우는 게 진짜 헬이야...키키\n1 : 그렇다고 하더라 키키\n1 : 근데 요즘 편의점에서 음식도 팔던데 키키 이것저 것?\n2 : 키키 아~맞아 튀김 같은 거 키키\n2 : 다행히 그건 안함 하하\n3 : 그니까 가끔씩 먹는데 맛있엉!\n1 : 맛있는데 키키 알바생들은 죽어 나겠지 키키\n2 : ㅇㅈㅇㅈ 기름 갈고 그런 거 진짜 싫어\n3 : 냄새 나면 어지러워 기름...!\n1 : 키키 그때 다들 안해서 다행이네 키키\n2 : 키키 근디 나 빵집 할 때 기름 튀겼었자너 ㅡㅡ\n3 : 헐 조심 잘못하면 다치겠다",
        "lines": [
          {
            "id": 1,
            "text": "1 : 너네 알바 많이 해봤어?",
            "norm_text": "너네 알바 많이 해봤어?",
            "speaker": {
              "id": "1번",
              "sex": "여성",
              "age": "20대"
            },
            "speechAct": "(지시) 질문하기",
            "morpheme": "너/NP+네/XSN+알/VV+ETM+바/NNB+많이/MAG+해/VV+EC+봤/VX+EP+어/EF"
          },
          {
            "id": 2,
            "text": "2 : 웅 거의 근디 편의점만 키키",
            "norm_text": "웅 거의 근디 편의점만 키키",
            "speaker": {
              "id": "2번",
              "sex": "여성",
              "age": "20대"
            },
            "speechAct": "(단언) 진술하기",
            "morpheme": "웅거/NNG+의/JKG+근디/NNG+편의점/NNG+만/JX+키/NNG+키/XSV+ETN"
          },
          {
            "id": 3,
            "text": "3 : 나는 지금 부대찌개 파는 중이야 ㅠㅠ",
            "norm_text": "나는 지금 부대찌개 파는 중이야 ㅠㅠ",
            "speaker": {
              "id": "3번",
              "sex": "남성",
              "age": "20대"
            },
            "speechAct": "(단언) 진술하기",
            "morpheme": "나/NP+는/JX+지금/MAG+부대찌개/NNG+파/VV+는/ETM+중/NNB+이/VCP+야/EF+ㅠㅠ/UNKNOWN"
          },
          {
            "id": 4,
            "text": "1 : 키키 난 카페에서 일해 키키",
            "norm_text": "키키 난 카페에서 일해 키키",
            "speaker": {
              "id": "1번",
              "sex": "여성",
              "age": "20대"
            },
            "speechAct": "(단언) 진술하기",
            "morpheme": "키/NNG+키/XSV+ETN+난/VV+ETM+카페/NNG+에서/JKB+일/NNG+해/XSV+EC+키/NNG+키/XSV+ETN"
          },
          {
            "id": 5,
            "text": "1 : 다 다양하네",
            "norm_text": "다 다양하네",
            "speaker": {
              "id": "1번",
              "sex": "여성",
              "age": "20대"
            },
            "speechAct": "(단언) 진술하기",
            "morpheme": "다/MAG+다양/NNG+하/XSV+네/EC"
          },
          {
            "id": 6,
            "text": "2 : 키키 글게~^^",
            "norm_text": "키키 글게~^^",
            "speaker": {
              "id": "2번",
              "sex": "여성",
              "age": "20대"
            },
            "speechAct": "(단언) 주장하기",
            "morpheme": "키/NNG+키/XSV+ETN+글/VV+게/EC+~/SY+^/SY+^/SY"
          },
          {
            "id": 7,
            "text": "2 : 알바는 편의점이 최고 꿀 아니냐~?",
            "norm_text": "알바는 편의점이 최고 꿀 아니냐~?",
            "speaker": {
              "id": "2번",
              "sex": "여성",
              "age": "20대"
            },
            "speechAct": "(단언) 주장하기",
            "morpheme": "알바/NNP+는/JX+편의점/NNG+이/JKS+최고/NNG+꿀/NNG+아니/VCN+냐/EC+~/SY"
          },
          {
            "id": 8,
            "text": "3 : 근데 편의점은 너무 피곤해 ㅠㅠ",
            "norm_text": "근데 편의점은 너무 피곤해 ㅠㅠ",
            "speaker": {
              "id": "3번",
              "sex": "남성",
              "age": "20대"
            },
            "speechAct": "(단언) 주장하기",
            "morpheme": "근데/MAJ+편의점/NNG+은/JX+너무/MAG+피곤/NNG+해/XSV+EC+ㅠㅠ/UNKNOWN"
          },
          {
            "id": 9,
            "text": "1 : 난 편의점 안해서 몰것당 키키",
            "norm_text": "난 편의점 안해서 몰것당 키키",
            "speaker": {
              "id": "1번",
              "sex": "여성",
              "age": "20대"
            },
            "speechAct": "(단언) 진술하기",
            "morpheme": "난/NP+JX+편의점/NNG+안/MAG+해서/VV+EC+몰/VV+ETM+것/NNB+당/XSN+키/NNG+키/XSV+ETN"
          },
          {
            "id": 10,
            "text": "2 : 그냥 앉아서 인사하고 바코드만 찍고 인사만 하면 끝이여,",
            "norm_text": "그냥 앉아서 인사하고 바코드만 찍고 인사만 하면 끝이여,",
            "speaker": {
              "id": "2번",
              "sex": "여성",
              "age": "20대"
            },
            "speechAct": "(단언) 주장하기",
            "morpheme": "그냥/MAG+앉/VV+아서/EC+인사/NNG+하/XSV+고/EC+바코드/NNG+만/JX+찍/VV+고/EC+인사/NNG+만/JX+하/VV+면/EC+끝/NNG+이/VCP+여/EC+,/SC"
          },
          {
            "id": 11,
            "text": "3 : 담배 외우는 게 진짜 헬이야...키키",
            "norm_text": "담배 외우는 게 진짜 헬이야...키키",
            "speaker": {
              "id": "3번",
              "sex": "남성",
              "age": "20대"
            },
            "speechAct": "(단언) 주장하기",
            "morpheme": "담배/NNG+외우/VV+는/ETM+게/NNB+JKS+진짜/MAG+헬/NNP+이/VCP+야/EF+./SY+키/NNG+키/XSV+ETN"
          },
          {
            "id": 12,
            "text": "1 : 그렇다고 하더라 키키",
            "norm_text": "그렇다고 하더라 키키",
            "speaker": {
              "id": "1번",
              "sex": "여성",
              "age": "20대"
            },
            "speechAct": "(단언) 주장하기",
            "morpheme": "그렇/VA+다고/EC+하/VV+더라/EC+키/NNG+키/XSV+ETN"
          },
          {
            "id": 13,
            "text": "1 : 근데 요즘 편의점에서 음식도 팔던데 키키 이것저 것?",
            "norm_text": "근데 요즘 편의점에서 음식도 팔던데 키키 이것저 것?",
            "speaker": {
              "id": "1번",
              "sex": "여성",
              "age": "20대"
            },
            "speechAct": "(단언) 진술하기",
            "morpheme": "근데/MAJ+요즘/MAG+편의점/NNG+에서/JKB+음식/NNG+도/JX+팔/VV+던데/EC+키/NNG+키/NNG+이것저것/NNG"
          },
          {
            "id": 14,
            "text": "2 : 키키 아~맞아 튀김 같은 거 키키",
            "norm_text": "키키 아~맞아 튀김 같은 거 키키",
            "speaker": {
              "id": "2번",
              "sex": "여성",
              "age": "20대"
            },
            "speechAct": "(단언) 주장하기",
            "morpheme": "키/NNG+키/VV+아/EC+~/SY+맞/VV+아/EC+튀김/NNG+같/VA+은/ETM+거/NNB+키/NNG+키/XSV+ETN"
          },
          {
            "id": 15,
            "text": "2 : 다행히 그건 안함 하하",
            "norm_text": "다행히 그건 안함 하하",
            "speaker": {
              "id": "2번",
              "sex": "여성",
              "age": "20대"
            },
            "speechAct": "(단언) 진술하기",
            "morpheme": "다행히/MAG+그건/NP+JX+안/MAG+함하/NNG+하/XSV"
          },
          {
            "id": 16,
            "text": "3 : 그니까 가끔씩 먹는데 맛있엉!",
            "norm_text": "그니까 가끔씩 먹는데 맛있엉!",
            "speaker": {
              "id": "3번",
              "sex": "남성",
              "age": "20대"
            },
            "speechAct": "(단언) 주장하기",
            "morpheme": "그니까/MAJ+가끔/MAG+씩/XSN+먹/VV+는데/EC+맛있/VA+엉/EF"
          },
          {
            "id": 17,
            "text": "1 : 맛있는데 키키 알바생들은 죽어 나겠지 키키",
            "norm_text": "맛있는데 키키 알바생들은 죽어 나겠지 키키",
            "speaker": {
              "id": "1번",
              "sex": "여성",
              "age": "20대"
            },
            "speechAct": "(단언) 진술하기",
            "morpheme": "맛있/VA+는데/EC+키키/NNP+알바/NNP+생/XSN+들/XSN+은/JX+죽/VV+어/EC+나/VX+겠/EP+지/EC+키/NNG+키/XSV+ETN"
          },
          {
            "id": 18,
            "text": "2 : ㅇㅈㅇㅈ 기름 갈고 그런 거 진짜 싫어",
            "norm_text": "ㅇㅈㅇㅈ 기름 갈고 그런 거 진짜 싫어",
            "speaker": {
              "id": "2번",
              "sex": "여성",
              "age": "20대"
            },
            "speechAct": "(단언) 주장하기",
            "morpheme": "ㅇㅈ/UNKNOWN+ㅇㅈ/UNKNOWN+기름/NNG+갈/VV+고/EC+그런/MM+거/NNB+진짜/MAG+싫/VA+어/EC"
          },
          {
            "id": 19,
            "text": "3 : 냄새 나면 어지러워 기름...!",
            "norm_text": "냄새 나면 어지러워 기름...!",
            "speaker": {
              "id": "3번",
              "sex": "남성",
              "age": "20대"
            },
            "speechAct": "(단언) 주장하기",
            "morpheme": "냄새나/VV+면/EC+어지러워/VA+EC+기름/NNG+./SY+./SY"
          },
          {
            "id": 20,
            "text": "1 : 키키 그때 다들 안해서 다행이네 키키",
            "norm_text": "키키 그때 다들 안해서 다행이네 키키",
            "speaker": {
              "id": "1번",
              "sex": "여성",
              "age": "20대"
            },
            "speechAct": "(단언) 주장하기",
            "morpheme": "키/NNG+키/NNG+그때/NNG+다/MAG+들안/NNG+해서/XSV+EC+다행/NNG+이/JKS+네/MM+키/NNG+키/XSV+ETN"
          },
          {
            "id": 21,
            "text": "2 : 키키 근디 나 빵집 할 때 기름 튀겼었자너 ㅡㅡ",
            "norm_text": "키키 근디 나 빵집 할 때 기름 튀겼었자너 ㅡㅡ",
            "speaker": {
              "id": "2번",
              "sex": "여성",
              "age": "20대"
            },
            "speechAct": "(단언) 진술하기",
            "morpheme": "키/NNG+키/NNG+근디/NNG+나/JC+빵집/NNG+할/XSV+ETM+때/NNG+기름/NNG+튀겼/VV+EP+었/EP+자/EF+너/NP+ㅡㅡ/UNKNOWN"
          },
          {
            "id": 22,
            "text": "3 : 헐 조심 잘못하면 다치겠다",
            "norm_text": "헐 조심 잘못하면 다치겠다",
            "speaker": {
              "id": "3번",
              "sex": "남성",
              "age": "20대"
            },
            "speechAct": "(단언) 주장하기",
            "morpheme": "헐/IC+조심/NNG+잘못/MAG+하/VV+면/EC+다치/VV+겠/EP+다/EC"
          }
        ]
      }
    }
  ]
}