{
  "dataset": {
    "identifier": 20893,
    "name": "BAND_26_14_set",
    "src_path": "/data/file/cubeManager/PROJECT001/49/txt20210916140644044949/BAND_26_14_set/",
    "label_path": "/data/file/cubeManager/PROJECT001/49/txt20210916140644044949/BAND_26_14_set/",
    "category": 2,
    "type": 0
  },
  "licenses": {
    "name": "Apache License 1.0",
    "url": "http://www.apache.org/licenses/LICENSE-1.0"
  },
  "info": [
    {
      "id": 27924,
      "filename": "BAND_26_14.txt",
      "title": "BAND_26_14",
      "mediatype": "SNS",
      "medianame": "네이버밴드",
      "category": "일상대화",
      "date": "2021-09-16",
      "size": 450,
      "annotations": {
        "subject": "사회이슈",
        "speaker_type": "1:1",
        "size": 450,
        "word_size": 141,
        "text": "1 : 나 요즘에 소화가 안 돼서 인터넷 찾아 봤거든?\n2 : 소화? 응 그런데 뭐라고 나와?\n1 : 근데 내가 다이어트로 인한 섭식 장애일 수도 있다는 기사를 본 거야.\n2 : 하 진짜? 그럼 어떻게 해결해야 해?\n1 : 일단 규칙적인 식사 시간을 가지라고 해서 아침을 꼭 먹는 편이야!\n2 : 아침에 너는 주로 뭘 먹어?\n1 : 나 이번에 오트밀 구매했어!\n2 : 오트밀? 그거 너무 침샘을 자극해 키키\n1 : 너 그거 먹어봤어?\n1 : 다른 사람은 신문지 맛 난다고 하더라 키키\n2 : 아니 먹으면 목젖에서 일렁일렁거려 불편해\n1 : 기사 찾아보니까 아침에 오트밀이 좋다고 해서 나는 먹어보려고!\n2 : 그래 그거라도 먹어야지\n2 : 우유는 먹니?\n1 : 그거 아몬드 브리즈랑 같이 먹어!\n2 : 오 완전 건강식으로 차려서 먹는구나\n1 : 나 심지어 아몬드 브리즈 언스위트로 먹는 거 알지?\n2 : 와 너무 대단한데? 언스위트라니",
        "lines": [
          {
            "id": 1,
            "text": "1 : 나 요즘에 소화가 안 돼서 인터넷 찾아 봤거든?",
            "norm_text": "나 요즘에 소화가 안 돼서 인터넷 찾아 봤거든?",
            "speaker": {
              "id": "1번",
              "sex": "여성",
              "age": "20대"
            },
            "speechAct": "(단언) 진술하기",
            "morpheme": "나/NP+요즘/NNG+에/JKB+소화/NNG+가/JKS+안/MAG+돼서/VV+EC+인터넷/NNG+찾/VV+아/EC+봤/VX+EP+거든/EF"
          },
          {
            "id": 2,
            "text": "2 : 소화? 응 그런데 뭐라고 나와?",
            "norm_text": "소화? 응 그런데 뭐라고 나와?",
            "speaker": {
              "id": "2번",
              "sex": "여성",
              "age": "20대"
            },
            "speechAct": "(지시) 질문하기",
            "morpheme": "소화/NNG+응/IC+그런데/MAJ+뭐/NP+라고/VCP+EC+나와/VV+EF"
          },
          {
            "id": 3,
            "text": "1 : 근데 내가 다이어트로 인한 섭식 장애일 수도 있다는 기사를 본 거야.",
            "norm_text": "근데 내가 다이어트로 인한 섭식 장애일 수도 있다는 기사를 본 거야.",
            "speaker": {
              "id": "1번",
              "sex": "여성",
              "age": "20대"
            },
            "speechAct": "(단언) 진술하기",
            "morpheme": "근데/MAJ+내/NP+가/JKS+다이어트/NNG+로/JKB+인한/VV+ETM+섭식/NNG+장애/NNG+일/VCP+ETM+수/NNB+도/JX+있/VA+다는/ETM+기사/NNG+를/JKO+본/VV+ETM+거/NNB+야/VCP+EF"
          },
          {
            "id": 4,
            "text": "2 : 하 진짜? 그럼 어떻게 해결해야 해?",
            "norm_text": "하 진짜? 그럼 어떻게 해결해야 해?",
            "speaker": {
              "id": "2번",
              "sex": "여성",
              "age": "20대"
            },
            "speechAct": "(지시) 질문하기",
            "morpheme": "하/IC+진짜/MAG+그럼/MAJ+어떻게/MAG+해결/NNG+해야/XSV+EC+해/VX+EF"
          },
          {
            "id": 5,
            "text": "1 : 일단 규칙적인 식사 시간을 가지라고 해서 아침을 꼭 먹는 편이야!",
            "norm_text": "일단 규칙적인 식사 시간을 가지라고 해서 아침을 꼭 먹는 편이야!",
            "speaker": {
              "id": "1번",
              "sex": "여성",
              "age": "20대"
            },
            "speechAct": "(단언) 주장하기",
            "morpheme": "일단/MAG+규칙/NNG+적/XSN+인/VCP+ETM+식사/NNG+시간/NNG+을/JKO+가지/VV+라고/EC+해서/VV+EC+아침/NNG+을/JKO+꼭/MAG+먹/VV+는/ETM+편/NNB+이/VCP+야/EF"
          },
          {
            "id": 6,
            "text": "2 : 아침에 너는 주로 뭘 먹어?",
            "norm_text": "아침에 너는 주로 뭘 먹어?",
            "speaker": {
              "id": "2번",
              "sex": "여성",
              "age": "20대"
            },
            "speechAct": "(지시) 질문하기",
            "morpheme": "아침/NNG+에/JKB+너/NP+는/JX+주로/MAG+뭘/NP+JKO+먹/VV+어/EF"
          },
          {
            "id": 7,
            "text": "1 : 나 이번에 오트밀 구매했어!",
            "norm_text": "나 이번에 오트밀 구매했어!",
            "speaker": {
              "id": "1번",
              "sex": "여성",
              "age": "20대"
            },
            "speechAct": "(단언) 진술하기",
            "morpheme": "나/NP+이번/NNG+에/JKB+오트밀/NNG+구매/NNG+했/XSV+EP+어/EF"
          },
          {
            "id": 8,
            "text": "2 : 오트밀? 그거 너무 침샘을 자극해 키키",
            "norm_text": "오트밀? 그거 너무 침샘을 자극해 키키",
            "speaker": {
              "id": "2번",
              "sex": "여성",
              "age": "20대"
            },
            "speechAct": "(단언) 주장하기",
            "morpheme": "오트밀/NNG+그거/NP+너무/MAG+침샘/NNG+을/JKO+자극/NNG+해/XSV+EC+키/NNG+키/XSV+ETN"
          },
          {
            "id": 9,
            "text": "1 : 너 그거 먹어봤어?",
            "norm_text": "너 그거 먹어봤어?",
            "speaker": {
              "id": "1번",
              "sex": "여성",
              "age": "20대"
            },
            "speechAct": "(지시) 질문하기",
            "morpheme": "너/NP+그거/NP+먹/VV+어/EC+봤/VX+EP+어/EF"
          },
          {
            "id": 10,
            "text": "1 : 다른 사람은 신문지 맛 난다고 하더라 키키",
            "norm_text": "다른 사람은 신문지 맛 난다고 하더라 키키",
            "speaker": {
              "id": "1번",
              "sex": "여성",
              "age": "20대"
            },
            "speechAct": "(단언) 진술하기",
            "morpheme": "다른/MM+사람/NNG+은/JX+신문지/NNG+맛/NNG+난다고/VV+EC+하/VV+더라/EC+키/NNG+키/XSV+ETN"
          },
          {
            "id": 11,
            "text": "2 : 아니 먹으면 목젖에서 일렁일렁거려 불편해",
            "norm_text": "아니 먹으면 목젖에서 일렁일렁거려 불편해",
            "speaker": {
              "id": "2번",
              "sex": "여성",
              "age": "20대"
            },
            "speechAct": "(단언) 주장하기",
            "morpheme": "아니/MAG+먹/VV+으면/EC+목젖/NNG+에서/JKB+일렁일렁/MAG+거려/XSV+EC+불편/NNG+해/XSV+EC"
          },
          {
            "id": 12,
            "text": "1 : 기사 찾아보니까 아침에 오트밀이 좋다고 해서 나는 먹어보려고!",
            "norm_text": "기사 찾아보니까 아침에 오트밀이 좋다고 해서 나는 먹어보려고!",
            "speaker": {
              "id": "1번",
              "sex": "여성",
              "age": "20대"
            },
            "speechAct": "(단언) 주장하기",
            "morpheme": "기사/NNG+찾아보/VV+니까/EC+아침/NNG+에/JKB+오트밀/NNG+이/JKS+좋/VA+다고/EC+해서/VV+EC+나/NP+는/JX+먹/VV+어/EC+보/VX+려고/EF"
          },
          {
            "id": 13,
            "text": "2 : 그래 그거라도 먹어야지",
            "norm_text": "그래 그거라도 먹어야지",
            "speaker": {
              "id": "2번",
              "sex": "여성",
              "age": "20대"
            },
            "speechAct": "(단언) 주장하기",
            "morpheme": "그래/IC+그거/NP+라도/VCP+EC+먹/VV+어야지/EC"
          },
          {
            "id": 14,
            "text": "2 : 우유는 먹니?",
            "norm_text": "우유는 먹니?",
            "speaker": {
              "id": "2번",
              "sex": "여성",
              "age": "20대"
            },
            "speechAct": "(지시) 질문하기",
            "morpheme": "우유/NNG+는/JX+먹/VV+니/EF"
          },
          {
            "id": 15,
            "text": "1 : 그거 아몬드 브리즈랑 같이 먹어!",
            "norm_text": "그거 아몬드 브리즈랑 같이 먹어!",
            "speaker": {
              "id": "1번",
              "sex": "여성",
              "age": "20대"
            },
            "speechAct": "(단언) 진술하기",
            "morpheme": "그거/NP+아몬드/NNP+브리즈/NNP+랑/JC+같이/MAG+먹/VV+어/EF"
          },
          {
            "id": 16,
            "text": "2 : 오 완전 건강식으로 차려서 먹는구나",
            "norm_text": "오 완전 건강식으로 차려서 먹는구나",
            "speaker": {
              "id": "2번",
              "sex": "여성",
              "age": "20대"
            },
            "speechAct": "(단언) 주장하기",
            "morpheme": "오/NR+완전/NNG+건강식/NNG+으로/JKB+차려서/VV+EC+먹/VV+는구나/EC"
          },
          {
            "id": 17,
            "text": "1 : 나 심지어 아몬드 브리즈 언스위트로 먹는 거 알지?",
            "norm_text": "나 심지어 아몬드 브리즈 언스위트로 먹는 거 알지?",
            "speaker": {
              "id": "1번",
              "sex": "여성",
              "age": "20대"
            },
            "speechAct": "(단언) 진술하기",
            "morpheme": "나/NP+심지어/MAG+아몬드/NNP+브리즈/NNP+언스/NNP+위트/NNG+로/JKB+먹/VV+는/ETM+거/NNB+알/VV+지/EF"
          },
          {
            "id": 18,
            "text": "2 : 와 너무 대단한데? 언스위트라니",
            "norm_text": "와 너무 대단한데? 언스위트라니",
            "speaker": {
              "id": "2번",
              "sex": "여성",
              "age": "20대"
            },
            "speechAct": "(단언) 주장하기",
            "morpheme": "와/IC+너무/MAG+대단/XR+한데/XSA+EF+언스/NNP+위트/NNG+라니/VCP+EC"
          }
        ]
      }
    }
  ]
}