{
  "dataset": {
    "identifier": 113081,
    "name": "BAND_43_04_set",
    "src_path": "/data/file/cubeManager/PROJECT001/80/txt20211102173311082019/BAND_43_04_set/",
    "label_path": "/data/file/cubeManager/PROJECT001/80/txt20211102173311082019/BAND_43_04_set/",
    "category": 2,
    "type": 0
  },
  "licenses": {
    "name": "Apache License 1.0",
    "url": "http://www.apache.org/licenses/LICENSE-1.0"
  },
  "info": [
    {
      "id": 131716,
      "filename": "BAND_43_04.txt",
      "title": "BAND_43_04",
      "mediatype": "SNS",
      "medianame": "네이버밴드",
      "category": "일상대화",
      "date": "2021-11-02",
      "size": 416,
      "annotations": {
        "subject": "회사/아르바이트",
        "speaker_type": "다자간 대화",
        "size": 416,
        "word_size": 132,
        "text": "1 : 다들 오늘 출근은 잘했고?\n2 : 나는 뭐 차도 있고 해서 여유롭지 키키\n3 : 난 오늘 출근 안했오\n1 : 키키 아 안한게 제일 부러운데?\n2 : 안한거는 인정이지\n2 : 저건 부러울수밖에 없지 키키\n3 : 부럽쥥\n3 : 난 출근 안했는데\n1 : 키키 에이 약오르네 ㅜㅜ\n1 : 왜 안한거야?\n2 : 맞어 마땅히 무슨날인것도 아닌데 휴가냈어?\n3 : 몸이 안좋아서 출근 안했어\n1 : 아이고 아프구나\n1 : 많이 안좋은거야?\n2 : 출근 안한건 부러운데 아픈건 안부럽다...\n3 : 백신의 부작용이 드디어 왔나봐\n1 : 헐 그럴수도...\n1 : 백신 언제 맞았는데?\n2 : 나도 이번주에 2차 맞으러가야하는데...\n3 : 저번주에 맞았었나 아직도 아프네\n1 : 진짜 푹 쉬어야해\n1 : 휴식이 답이야\n2 : 와 부작용 생각보다 오래가는구나...\n3 : 휴 나만 오래가나봐 그치",
        "lines": [
          {
            "id": 1,
            "text": "1 : 다들 오늘 출근은 잘했고?",
            "norm_text": "다들 오늘 출근은 잘했고?",
            "speaker": {
              "id": "1번",
              "sex": "여성",
              "age": "20대"
            },
            "speechAct": "(단언) 주장하기",
            "morpheme": "다/MAG+들/XSN+오늘/MAG+출근/NNG+은/JX+잘/MAG+했/VV+EP+고/EC"
          },
          {
            "id": 2,
            "text": "2 : 나는 뭐 차도 있고 해서 여유롭지 키키",
            "norm_text": "나는 뭐 차도 있고 해서 여유롭지 키키",
            "speaker": {
              "id": "2번",
              "sex": "남성",
              "age": "20대"
            },
            "speechAct": "(단언) 주장하기",
            "morpheme": "나/NP+는/JX+뭐/IC+차/NNG+도/JX+있/VA+고/EC+해서/VV+EC+여유/NNG+롭/XSA+지/EC+키/NNG+키/XSV+ETN"
          },
          {
            "id": 3,
            "text": "3 : 난 오늘 출근 안했오",
            "norm_text": "난 오늘 출근 안했오",
            "speaker": {
              "id": "3번",
              "sex": "남성",
              "age": "20대"
            },
            "speechAct": "(단언) 주장하기",
            "morpheme": "난/NP+JX+오늘/MAG+출근/NNG+안/MAG+했/VV+EP+오/EC"
          },
          {
            "id": 4,
            "text": "1 : 키키 아 안한게 제일 부러운데?",
            "norm_text": "키키 아 안한게 제일 부러운데?",
            "speaker": {
              "id": "1번",
              "sex": "여성",
              "age": "20대"
            },
            "speechAct": "(단언) 주장하기",
            "morpheme": "키/NNG+키/NNG+아안/NNG+한/XSA+ETM+게/NNB+JKS+제일/MAG+부러운/VA+ETM+데/NNB"
          },
          {
            "id": 5,
            "text": "2 : 안한거는 인정이지",
            "norm_text": "안한거는 인정이지",
            "speaker": {
              "id": "2번",
              "sex": "남성",
              "age": "20대"
            },
            "speechAct": "(단언) 주장하기",
            "morpheme": "안/MAG+한/VV+ETM+거/NNB+는/JX+인정/NNG+이/VCP+지/EC"
          },
          {
            "id": 6,
            "text": "2 : 저건 부러울수밖에 없지 키키",
            "norm_text": "저건 부러울수밖에 없지 키키",
            "speaker": {
              "id": "2번",
              "sex": "남성",
              "age": "20대"
            },
            "speechAct": "(단언) 주장하기",
            "morpheme": "저건/NP+JX+부러울/VA+ETM+수/NNB+밖에/JX+없/VA+지/EC+키/NNG+키/XSV+ETN"
          },
          {
            "id": 7,
            "text": "3 : 부럽쥥",
            "norm_text": "부럽쥥",
            "speaker": {
              "id": "3번",
              "sex": "남성",
              "age": "20대"
            },
            "speechAct": "(단언) 주장하기",
            "morpheme": "부럽쥥/UNKNOWN"
          },
          {
            "id": 8,
            "text": "3 : 난 출근 안했는데",
            "norm_text": "난 출근 안했는데",
            "speaker": {
              "id": "3번",
              "sex": "남성",
              "age": "20대"
            },
            "speechAct": "(단언) 주장하기",
            "morpheme": "난/NP+JX+출근/NNG+안/MAG+했/VV+EP+는데/EC"
          },
          {
            "id": 9,
            "text": "1 : 키키 에이 약오르네 ㅜㅜ",
            "norm_text": "키키 에이 약오르네 ㅜㅜ",
            "speaker": {
              "id": "1번",
              "sex": "여성",
              "age": "20대"
            },
            "speechAct": "(단언) 주장하기",
            "morpheme": "키/NNG+키/NNG+에/JKB+이약/NNG+오르/VV+네/EF+ㅜㅜ/UNKNOWN"
          },
          {
            "id": 10,
            "text": "1 : 왜 안한거야?",
            "norm_text": "왜 안한거야?",
            "speaker": {
              "id": "1번",
              "sex": "여성",
              "age": "20대"
            },
            "speechAct": "(단언) 주장하기",
            "morpheme": "왜/MAG+안/MAG+한/VV+ETM+거/NNB+야/VCP+EF"
          },
          {
            "id": 11,
            "text": "2 : 맞어 마땅히 무슨날인것도 아닌데 휴가냈어?",
            "norm_text": "맞어 마땅히 무슨날인것도 아닌데 휴가냈어?",
            "speaker": {
              "id": "2번",
              "sex": "남성",
              "age": "20대"
            },
            "speechAct": "(단언) 주장하기",
            "morpheme": "맞/VV+어/EC+마땅히/MAG+무슨/MM+날/NNG+인/VCP+ETM+것/NNB+도/JX+아닌데/VCN+EC+휴가/NNG+냈/VV+EP+어/EF"
          },
          {
            "id": 12,
            "text": "3 : 몸이 안좋아서 출근 안했어",
            "norm_text": "몸이 안좋아서 출근 안했어",
            "speaker": {
              "id": "3번",
              "sex": "남성",
              "age": "20대"
            },
            "speechAct": "(단언) 주장하기",
            "morpheme": "몸/NNG+이/JKS+안/MAG+좋/VA+아서/EC+출근/NNG+안/MAG+했/VV+EP+어/EC"
          },
          {
            "id": 13,
            "text": "1 : 아이고 아프구나",
            "norm_text": "아이고 아프구나",
            "speaker": {
              "id": "1번",
              "sex": "여성",
              "age": "20대"
            },
            "speechAct": "(단언) 주장하기",
            "morpheme": "아이고/IC+아프/VA+구나/EC"
          },
          {
            "id": 14,
            "text": "1 : 많이 안좋은거야?",
            "norm_text": "많이 안좋은거야?",
            "speaker": {
              "id": "1번",
              "sex": "여성",
              "age": "20대"
            },
            "speechAct": "(단언) 주장하기",
            "morpheme": "많이/MAG+안/MAG+좋/VA+은/ETM+거/NNB+야/VCP+EF"
          },
          {
            "id": 15,
            "text": "2 : 출근 안한건 부러운데 아픈건 안부럽다...",
            "norm_text": "출근 안한건 부러운데 아픈건 안부럽다...",
            "speaker": {
              "id": "2번",
              "sex": "남성",
              "age": "20대"
            },
            "speechAct": "(단언) 주장하기",
            "morpheme": "출근/NNG+안/MAG+한/VV+ETM+건/NNB+JX+부러운/VA+ETM+데/NNB+아픈/VA+ETM+건/NNB+JX+안/MAG+부럽/VA+다/EF+./SY"
          },
          {
            "id": 16,
            "text": "3 : 백신의 부작용이 드디어 왔나봐",
            "norm_text": "백신의 부작용이 드디어 왔나봐",
            "speaker": {
              "id": "3번",
              "sex": "남성",
              "age": "20대"
            },
            "speechAct": "(단언) 주장하기",
            "morpheme": "백신/NNG+의/JKG+부작용/NNG+이/JKS+드디어/MAG+왔/VV+EP+나/EC+봐/VX+EC"
          },
          {
            "id": 17,
            "text": "1 : 헐 그럴수도...",
            "norm_text": "헐 그럴수도...",
            "speaker": {
              "id": "1번",
              "sex": "여성",
              "age": "20대"
            },
            "speechAct": "(단언) 주장하기",
            "morpheme": "헐/VV+JKO+그럴/VV+ETM+수/NNB+도/JX+./SY+./SY"
          },
          {
            "id": 18,
            "text": "1 : 백신 언제 맞았는데?",
            "norm_text": "백신 언제 맞았는데?",
            "speaker": {
              "id": "1번",
              "sex": "여성",
              "age": "20대"
            },
            "speechAct": "(단언) 주장하기",
            "morpheme": "백신/NNG+언제/MAG+맞/VV+았/EP+는데/EF"
          },
          {
            "id": 19,
            "text": "2 : 나도 이번주에 2차 맞으러가야하는데...",
            "norm_text": "나도 이번주에 2차 맞으러가야하는데...",
            "speaker": {
              "id": "2번",
              "sex": "남성",
              "age": "20대"
            },
            "speechAct": "(단언) 주장하기",
            "morpheme": "나/NP+도/JX+이번/NNG+주/NNG+에/JKB+2/SN+차/NNBC+맞/VV+으러/EC+가/VX+야/EC+하/VV+는데/EC+./SY+./SY"
          },
          {
            "id": 20,
            "text": "3 : 저번주에 맞았었나 아직도 아프네",
            "norm_text": "저번주에 맞았었나 아직도 아프네",
            "speaker": {
              "id": "3번",
              "sex": "남성",
              "age": "20대"
            },
            "speechAct": "(단언) 주장하기",
            "morpheme": "저번/NNG+주/NNG+에/JKB+맞/VV+았었/EP+나/EF+아직/MAG+도/JX+아프/VA+네/EC"
          },
          {
            "id": 21,
            "text": "1 : 진짜 푹 쉬어야해",
            "norm_text": "진짜 푹 쉬어야해",
            "speaker": {
              "id": "1번",
              "sex": "여성",
              "age": "20대"
            },
            "speechAct": "(단언) 주장하기",
            "morpheme": "진짜/MAG+푹/MAG+쉬/VV+어야/EC+해/VV+EC"
          },
          {
            "id": 22,
            "text": "1 : 휴식이 답이야",
            "norm_text": "휴식이 답이야",
            "speaker": {
              "id": "1번",
              "sex": "여성",
              "age": "20대"
            },
            "speechAct": "(단언) 주장하기",
            "morpheme": "휴식/NNG+이/JKS+답/NNG+이/VCP+야/EC"
          },
          {
            "id": 23,
            "text": "2 : 와 부작용 생각보다 오래가는구나...",
            "norm_text": "와 부작용 생각보다 오래가는구나...",
            "speaker": {
              "id": "2번",
              "sex": "남성",
              "age": "20대"
            },
            "speechAct": "(단언) 주장하기",
            "morpheme": "와부/NNG+작용/NNG+생각/NNG+보다/JKB+오래/MAG+가/VV+는구나/EF+./SY"
          },
          {
            "id": 24,
            "text": "3 : 휴 나만 오래가나봐 그치",
            "norm_text": "휴 나만 오래가나봐 그치",
            "speaker": {
              "id": "3번",
              "sex": "남성",
              "age": "20대"
            },
            "speechAct": "(단언) 주장하기",
            "morpheme": "휴/IC+나/NP+만/JX+오래가/VV+나/EC+봐/VX+EF+그치/IC"
          }
        ]
      }
    }
  ]
}