{
  "dataset": {
    "identifier": 51183,
    "name": "BAND_32_20_set",
    "src_path": "/data/file/cubeManager/PROJECT001/53/txt20210927151849061820/BAND_32_20_set/",
    "label_path": "/data/file/cubeManager/PROJECT001/53/txt20210927151849061820/BAND_32_20_set/",
    "category": 2,
    "type": 0
  },
  "licenses": {
    "name": "Apache License 1.0",
    "url": "http://www.apache.org/licenses/LICENSE-1.0"
  },
  "info": [
    {
      "id": 34778,
      "filename": "BAND_32_20.txt",
      "title": "BAND_32_20",
      "mediatype": "SNS",
      "medianame": "네이버밴드",
      "category": "일상대화",
      "date": "2021-09-27",
      "size": 433,
      "annotations": {
        "subject": "영화/만화",
        "speaker_type": "1:1",
        "size": 433,
        "word_size": 140,
        "text": "1 : 나 이번 주말에 영화 볼 예정인데 추천 좀!\n2 : 이번 주말에? 주말엔 눈물 흘려야지 멜로 좋아해?\n1 : 하늘에서도 눈물을 흘리는데 나까지 눈물을 흘려야 해?\n2 : 키키 주말에 눈물 좀 흘려서 칼로리 빼야지 키키\n1 : 그냥 웃어서 코어 운동하면 안 돼?\n2 : 코어 운동에 좋은 영화 하나 추천해 줄께 키키\n1 : 어 뭔데? 코믹 영화 맞아?\n2 : 맞아 코믹영화 중에 싱크홀이라는 영화 있어 키키\n1 : 아 그거 봐야 하는데 그거 들어가지 않았어?\n2 : 아직 여기는 상영하더라구 키키 논산이라 그런가\n1 : 너 혹시 시내에 있는 영화관 말하는 거니?\n2 : 요즘 논산 발전했어 3대 상영관 있어 키키\n1 : 롯데시네마는 없잖아 아 설마 그 삼대에 뭐가 들어가?\n2 : 음 니가 아는 바로 그곳 이야\n1 : 근데 거기 쇼파 편해서 좋아 키키\n2 : 맞아 거기가 프리미엄 상영관이지 키키",
        "lines": [
          {
            "id": 1,
            "text": "1 : 나 이번 주말에 영화 볼 예정인데 추천 좀!",
            "norm_text": "나 이번 주말에 영화 볼 예정인데 추천 좀!",
            "speaker": {
              "id": "1번",
              "sex": "여성",
              "age": "20대"
            },
            "speechAct": "(지시) 부탁하기",
            "morpheme": "나/NP+이번/NNG+주말/NNG+에/JKB+영화/NNG+볼/VV+ETM+예정/NNG+인데/VCP+EC+추천/NNG+좀/MAG"
          },
          {
            "id": 2,
            "text": "2 : 이번 주말에? 주말엔 눈물 흘려야지 멜로 좋아해?",
            "norm_text": "이번 주말에? 주말엔 눈물 흘려야지 멜로 좋아해?",
            "speaker": {
              "id": "2번",
              "sex": "여성",
              "age": "20대"
            },
            "speechAct": "(지시) 질문하기",
            "morpheme": "이번/NNG+주말/NNG+에/JKB+주말/NNG+엔/JKB+JX+눈물/NNG+흘려야/VV+EC+지멜/NNP+로/JKB+좋/VA+아/EC+해/VX+EF"
          },
          {
            "id": 3,
            "text": "1 : 하늘에서도 눈물을 흘리는데 나까지 눈물을 흘려야 해?",
            "norm_text": "하늘에서도 눈물을 흘리는데 나까지 눈물을 흘려야 해?",
            "speaker": {
              "id": "1번",
              "sex": "여성",
              "age": "20대"
            },
            "speechAct": "(지시) 질문하기",
            "morpheme": "하늘/NNG+에서/JKB+도/JX+눈물/NNG+을/JKO+흘리/VV+는데/EC+나/NP+까지/JX+눈물/NNG+을/JKO+흘려야/VV+EC+해/VX+EF"
          },
          {
            "id": 4,
            "text": "2 : 키키 주말에 눈물 좀 흘려서 칼로리 빼야지 키키",
            "norm_text": "키키 주말에 눈물 좀 흘려서 칼로리 빼야지 키키",
            "speaker": {
              "id": "2번",
              "sex": "여성",
              "age": "20대"
            },
            "speechAct": "(단언) 주장하기",
            "morpheme": "키/NNG+키/NNG+주말/NNG+에/JKB+눈물/NNG+좀/MAG+흘려서/VV+EC+칼로리/NNG+빼/VV+야지/EC+키/NNG+키/XSV+ETN"
          },
          {
            "id": 5,
            "text": "1 : 그냥 웃어서 코어 운동하면 안 돼?",
            "norm_text": "그냥 웃어서 코어 운동하면 안 돼?",
            "speaker": {
              "id": "1번",
              "sex": "여성",
              "age": "20대"
            },
            "speechAct": "(지시) 질문하기",
            "morpheme": "그냥/MAG+웃/VV+어서/EC+코어/NNG+운동/NNG+하/XSV+면/EC+안/MAG+돼/VV+EF"
          },
          {
            "id": 6,
            "text": "2 : 코어 운동에 좋은 영화 하나 추천해 줄께 키키",
            "norm_text": "코어 운동에 좋은 영화 하나 추천해 줄께 키키",
            "speaker": {
              "id": "2번",
              "sex": "여성",
              "age": "20대"
            },
            "speechAct": "(단언) 진술하기",
            "morpheme": "코어/NNG+운동/NNG+에/JKB+좋/VA+은/ETM+영화/NNG+하나/NR+추천/NNG+해/XSV+EC+줄께/VX+EC+키/NNG+키/XSV+ETN"
          },
          {
            "id": 7,
            "text": "1 : 어 뭔데? 코믹 영화 맞아?",
            "norm_text": "어 뭔데? 코믹 영화 맞아?",
            "speaker": {
              "id": "1번",
              "sex": "여성",
              "age": "20대"
            },
            "speechAct": "(지시) 질문하기",
            "morpheme": "어/IC+뭔데/NP+VCP+EF+코믹/NNG+영화/NNG+맞/VV+아/EF"
          },
          {
            "id": 8,
            "text": "2 : 맞아 코믹영화 중에 싱크홀이라는 영화 있어 키키",
            "norm_text": "맞아 코믹영화 중에 싱크홀이라는 영화 있어 키키",
            "speaker": {
              "id": "2번",
              "sex": "여성",
              "age": "20대"
            },
            "speechAct": "(단언) 진술하기",
            "morpheme": "맞/VV+아/EC+코믹/NNG+영화/NNG+중/NNB+에/JKB+싱크홀/NNP+이/VCP+라는/ETM+영화/NNG+있/VV+어/EC+키/NNG+키/XSV+ETN"
          },
          {
            "id": 9,
            "text": "1 : 아 그거 봐야 하는데 그거 들어가지 않았어?",
            "norm_text": "아 그거 봐야 하는데 그거 들어가지 않았어?",
            "speaker": {
              "id": "1번",
              "sex": "여성",
              "age": "20대"
            },
            "speechAct": "(지시) 질문하기",
            "morpheme": "아/IC+그거/NP+봐야/VV+EC+하/VV+는데/EC+그거/NP+들어가/VV+지/EC+않/VX+았/EP+어/EF"
          },
          {
            "id": 10,
            "text": "2 : 아직 여기는 상영하더라구 키키 논산이라 그런가",
            "norm_text": "아직 여기는 상영하더라구 키키 논산이라 그런가",
            "speaker": {
              "id": "2번",
              "sex": "여성",
              "age": "20대"
            },
            "speechAct": "(단언) 진술하기",
            "morpheme": "아직/MAG+여기/NP+는/JX+상영/NNG+하/XSV+더라구/EC+키키/NNP+논산/NNP+이/VCP+라/EC+그런가/VA+EC"
          },
          {
            "id": 11,
            "text": "1 : 너 혹시 시내에 있는 영화관 말하는 거니?",
            "norm_text": "너 혹시 시내에 있는 영화관 말하는 거니?",
            "speaker": {
              "id": "1번",
              "sex": "여성",
              "age": "20대"
            },
            "speechAct": "(지시) 질문하기",
            "morpheme": "너/NP+혹시/MAG+시내/NNG+에/JKB+있/VV+는/ETM+영화/NNG+관말/NNG+하/XSV+는/ETM+거/NNB+니/VCP+EF"
          },
          {
            "id": 12,
            "text": "2 : 요즘 논산 발전했어 3대 상영관 있어 키키",
            "norm_text": "요즘 논산 발전했어 3대 상영관 있어 키키",
            "speaker": {
              "id": "2번",
              "sex": "여성",
              "age": "20대"
            },
            "speechAct": "(단언) 진술하기",
            "morpheme": "요즘/MAG+논산/NNP+발전/NNG+했/XSV+EP+어/EC+3/SN+대/NNBC+상영관/NNP+있/VV+어/EC+키/NNG+키/XSV+ETN"
          },
          {
            "id": 13,
            "text": "1 : 롯데시네마는 없잖아 아 설마 그 삼대에 뭐가 들어가?",
            "norm_text": "롯데시네마는 없잖아 아 설마 그 삼대에 뭐가 들어가?",
            "speaker": {
              "id": "1번",
              "sex": "여성",
              "age": "20대"
            },
            "speechAct": "(지시) 질문하기",
            "morpheme": "롯데시네마/NNP+는/JX+없/VA+잖아/EF+아/IC+설마/MAG+그/MM+삼대/NNG+에/JKB+뭐/NP+가/JKS+들어가/VV+EF"
          },
          {
            "id": 14,
            "text": "2 : 음 니가 아는 바로 그곳 이야",
            "norm_text": "음 니가 아는 바로 그곳 이야",
            "speaker": {
              "id": "2번",
              "sex": "여성",
              "age": "20대"
            },
            "speechAct": "(단언) 진술하기",
            "morpheme": "음/IC+니/NP+가/JKS+아/VV+는/ETM+바로/MAG+그곳/NP+이야/JX"
          },
          {
            "id": 15,
            "text": "1 : 근데 거기 쇼파 편해서 좋아 키키",
            "norm_text": "근데 거기 쇼파 편해서 좋아 키키",
            "speaker": {
              "id": "1번",
              "sex": "여성",
              "age": "20대"
            },
            "speechAct": "(단언) 주장하기",
            "morpheme": "근데/MAJ+거기/NP+쇼/JX+파편/NNG+해서/XSV+EC+좋/VA+아/EC+키/NNG+키/XSV+ETN"
          },
          {
            "id": 16,
            "text": "2 : 맞아 거기가 프리미엄 상영관이지 키키",
            "norm_text": "맞아 거기가 프리미엄 상영관이지 키키",
            "speaker": {
              "id": "2번",
              "sex": "여성",
              "age": "20대"
            },
            "speechAct": "(단언) 진술하기",
            "morpheme": "맞/VV+아/EC+거기/NP+가/JKS+프리미엄/NNG+상영관/NNP+이/VCP+지/EC+키/NNG+키/XSV+ETN"
          }
        ]
      }
    }
  ]
}