{
  "dataset": {
    "identifier": 58326,
    "name": "BAND_33_16_set",
    "src_path": "/data/file/cubeManager/PROJECT001/53/txt20210928112329063674/BAND_33_16_set/",
    "label_path": "/data/file/cubeManager/PROJECT001/53/txt20210928112329063674/BAND_33_16_set/",
    "category": 2,
    "type": 0
  },
  "licenses": {
    "name": "Apache License 1.0",
    "url": "http://www.apache.org/licenses/LICENSE-1.0"
  },
  "info": [
    {
      "id": 35035,
      "filename": "BAND_33_16.txt",
      "title": "BAND_33_16",
      "mediatype": "SNS",
      "medianame": "네이버밴드",
      "category": "일상대화",
      "date": "2021-09-28",
      "size": 370,
      "annotations": {
        "subject": "미용",
        "speaker_type": "1:1",
        "size": 370,
        "word_size": 125,
        "text": "1 : 혹시 피부과 갈 생각 없어?\n2 : 피부과? 아니 아직 생각 없는데 왜?\n1 : 이제 곧 결혼하잖아 얼굴 가꿔야지~\n2 : 아 얼굴 가꿔야 하는데 피부과 가기 부담스러워\n1 : 그러면 팩이라도 좀 해 봐!\n2 : 팩 키키 팩 뭐 좋은 거 알고 있어?\n1 : 요즘에 올영에서 파는 팩이 좋더라!\n2 : 한 팩에 얼마인데? 그 팩은\n1 : 그거 요즘 세일해서 2천 원이야!\n2 : 오 가격 괜찮다 어떤 성분이야?\n1 : 그거 티트리 성분 들어가서 모공 진정해 줘!\n2 : 오 모공 진정 나 진짜 필요해\n1 : 맞아 그래서 내가 피부과 추천한 거야.\n2 : 피부과 가면 돈 많이 들겠지?\n1 : 응 기본 100만 원은 깨진다고 생각해.\n2 : 우와 그래도 관리 받은 사람은 달라 보이더라",
        "lines": [
          {
            "id": 1,
            "text": "1 : 혹시 피부과 갈 생각 없어?",
            "norm_text": "혹시 피부과 갈 생각 없어?",
            "speaker": {
              "id": "1번",
              "sex": "여성",
              "age": "20대"
            },
            "speechAct": "(지시) 질문하기",
            "morpheme": "혹시/MAG+피부/NNG+과갈/NNG+생각/NNG+없/VA+어/EF"
          },
          {
            "id": 2,
            "text": "2 : 피부과? 아니 아직 생각 없는데 왜?",
            "norm_text": "피부과? 아니 아직 생각 없는데 왜?",
            "speaker": {
              "id": "2번",
              "sex": "남성",
              "age": "30대"
            },
            "speechAct": "(지시) 질문하기",
            "morpheme": "피부과/NNG+아니/IC+아직/MAG+생각/NNG+없/VA+는데/EC+왜/MAG"
          },
          {
            "id": 3,
            "text": "1 : 이제 곧 결혼하잖아 얼굴 가꿔야지~",
            "norm_text": "이제 곧 결혼하잖아 얼굴 가꿔야지~",
            "speaker": {
              "id": "1번",
              "sex": "여성",
              "age": "20대"
            },
            "speechAct": "(지시) 충고/제안하기",
            "morpheme": "이제/MAG+곧/MAG+결혼/NNG+하/XSV+잖아/EC+얼굴/NNG+가꿔야/VV+EC+지/VX+~/SY"
          },
          {
            "id": 4,
            "text": "2 : 아 얼굴 가꿔야 하는데 피부과 가기 부담스러워",
            "norm_text": "아 얼굴 가꿔야 하는데 피부과 가기 부담스러워",
            "speaker": {
              "id": "2번",
              "sex": "남성",
              "age": "30대"
            },
            "speechAct": "(단언) 주장하기",
            "morpheme": "아/IC+얼굴/NNG+가꿔야/VV+EC+하/VV+는데/EC+피부과/NNG+가/VV+기/ETN+부담/NNG+스러워/XSA+EC"
          },
          {
            "id": 5,
            "text": "1 : 그러면 팩이라도 좀 해 봐!",
            "norm_text": "그러면 팩이라도 좀 해 봐!",
            "speaker": {
              "id": "1번",
              "sex": "여성",
              "age": "20대"
            },
            "speechAct": "(지시) 충고/제안하기",
            "morpheme": "그러면/MAJ+팩/NNG+이/VCP+라도/EC+좀/MAG+해/VV+EC+봐/VX+EF"
          },
          {
            "id": 6,
            "text": "2 : 팩 키키 팩 뭐 좋은 거 알고 있어?",
            "norm_text": "팩 키키 팩 뭐 좋은 거 알고 있어?",
            "speaker": {
              "id": "2번",
              "sex": "남성",
              "age": "30대"
            },
            "speechAct": "(지시) 질문하기",
            "morpheme": "팩/MAG+키/NNG+키/NNG+팩/MAG+뭐/IC+좋/VA+은/ETM+거/NNB+알/VV+고/EC+있/VX+어/EF"
          },
          {
            "id": 7,
            "text": "1 : 요즘에 올영에서 파는 팩이 좋더라!",
            "norm_text": "요즘에 올영에서 파는 팩이 좋더라!",
            "speaker": {
              "id": "1번",
              "sex": "여성",
              "age": "20대"
            },
            "speechAct": "(단언) 주장하기",
            "morpheme": "요즘/NNG+에/JKB+올/VV+ETM+영/NNG+에서/JKB+파/VV+는/ETM+팩/NNG+이/JKS+좋/VA+더라/EF"
          },
          {
            "id": 8,
            "text": "2 : 한 팩에 얼마인데? 그 팩은",
            "norm_text": "한 팩에 얼마인데? 그 팩은",
            "speaker": {
              "id": "2번",
              "sex": "남성",
              "age": "30대"
            },
            "speechAct": "(지시) 질문하기",
            "morpheme": "한/MM+팩/NNG+에/JKB+얼마/NNG+인데/VCP+EF+그/MM+팩/NNG+은/JX"
          },
          {
            "id": 9,
            "text": "1 : 그거 요즘 세일해서 2천 원이야!",
            "norm_text": "그거 요즘 세일해서 2천 원이야!",
            "speaker": {
              "id": "1번",
              "sex": "여성",
              "age": "20대"
            },
            "speechAct": "(단언) 진술하기",
            "morpheme": "그거/NP+요즘/MAG+세일/NNG+해서/XSV+EC+2/SN+천/NR+원/NNBC+이/VCP+야/EF"
          },
          {
            "id": 10,
            "text": "2 : 오 가격 괜찮다 어떤 성분이야?",
            "norm_text": "오 가격 괜찮다 어떤 성분이야?",
            "speaker": {
              "id": "2번",
              "sex": "남성",
              "age": "30대"
            },
            "speechAct": "(지시) 질문하기",
            "morpheme": "오/NR+가격/NNG+괜찮/VA+다/EF+어떤/MM+성분/NNG+이/VCP+야/EF"
          },
          {
            "id": 11,
            "text": "1 : 그거 티트리 성분 들어가서 모공 진정해 줘!",
            "norm_text": "그거 티트리 성분 들어가서 모공 진정해 줘!",
            "speaker": {
              "id": "1번",
              "sex": "여성",
              "age": "20대"
            },
            "speechAct": "(단언) 진술하기",
            "morpheme": "그거/NP+티/NNG+트리/NNG+성분/NNG+들어가/VV+서/EC+모공/NNG+진정/NNG+해/XSV+EC+줘/VX+EF"
          },
          {
            "id": 12,
            "text": "2 : 오 모공 진정 나 진짜 필요해",
            "norm_text": "오 모공 진정 나 진짜 필요해",
            "speaker": {
              "id": "2번",
              "sex": "남성",
              "age": "30대"
            },
            "speechAct": "(단언) 주장하기",
            "morpheme": "오모/NNG+공진/NNG+정나/NNG+진짜/MAG+필요/NNG+해/XSV+EC"
          },
          {
            "id": 13,
            "text": "1 : 맞아 그래서 내가 피부과 추천한 거야.",
            "norm_text": "맞아 그래서 내가 피부과 추천한 거야.",
            "speaker": {
              "id": "1번",
              "sex": "여성",
              "age": "20대"
            },
            "speechAct": "(단언) 주장하기",
            "morpheme": "맞아/IC+그래서/MAJ+내/NP+가/JKS+피부과/NNG+추천/NNG+한/XSA+ETM+거/NNB+야/VCP+EF"
          },
          {
            "id": 14,
            "text": "2 : 피부과 가면 돈 많이 들겠지?",
            "norm_text": "피부과 가면 돈 많이 들겠지?",
            "speaker": {
              "id": "2번",
              "sex": "남성",
              "age": "30대"
            },
            "speechAct": "(지시) 질문하기",
            "morpheme": "피부과/NNG+가/VV+면/EC+돈/NNG+많이/MAG+들/VV+겠/EP+지/EF"
          },
          {
            "id": 15,
            "text": "1 : 응 기본 100만 원은 깨진다고 생각해.",
            "norm_text": "응 기본 100만 원은 깨진다고 생각해.",
            "speaker": {
              "id": "1번",
              "sex": "여성",
              "age": "20대"
            },
            "speechAct": "(지시) 충고/제안하기",
            "morpheme": "응/IC+기본/NNG+100/SN+만/NR+원/NNBC+은/JX+깨/VV+진다고/EC+VX+EC+생각/NNG+해/XSV+EF"
          },
          {
            "id": 16,
            "text": "2 : 우와 그래도 관리 받은 사람은 달라 보이더라",
            "norm_text": "우와 그래도 관리 받은 사람은 달라 보이더라",
            "speaker": {
              "id": "2번",
              "sex": "남성",
              "age": "30대"
            },
            "speechAct": "(단언) 주장하기",
            "morpheme": "우와/IC+그래도/MAJ+관리/NNG+받/VV+은/ETM+사람/NNG+은/JX+달라/VA+EC+보이/VV+더라/EC"
          }
        ]
      }
    }
  ]
}