{
  "dataset": {
    "identifier": 99832,
    "name": "BAND_38_02_set",
    "src_path": "/data/file/cubeManager/PROJECT001/77/txt20211027150101066572/BAND_38_02_set/",
    "label_path": "/data/file/cubeManager/PROJECT001/77/txt20211027150101066572/BAND_38_02_set/",
    "category": 2,
    "type": 0
  },
  "licenses": {
    "name": "Apache License 1.0",
    "url": "http://www.apache.org/licenses/LICENSE-1.0"
  },
  "info": [
    {
      "id": 96662,
      "filename": "BAND_38_02.txt",
      "title": "BAND_38_02",
      "mediatype": "SNS",
      "medianame": "네이버밴드",
      "category": "일상대화",
      "date": "2021-10-27",
      "size": 526,
      "annotations": {
        "subject": "주거와 생활",
        "speaker_type": "다자간 대화",
        "size": 526,
        "word_size": 168,
        "text": "1 : 주택에 살아? 아파트에 살아?\n2 : 나는 아파트\u003e\u003c\n2 : 주택이 짱인듯\n3 : 난 주택!\n3 : 근데 그냥 평범한데~키키\n1 : 키키 나도 주택인데 키키 아파트에 살고 싶어\n2 : 키키 ㅇ ㅇ 나도 주택 살 때 아파트 살고 싶엇는데 지금은 또 반대여\n3 : 음 아파트가 짱인 거 같은데!?\n1 : 키키 아파트 한번도 안 살아봐서 궁금\n2 : 일단 집 앞에 쓰레기 버리기 편리한 건 좋음,\n3 : 그니까! 우리집은 쓰레기 버리기가 힘들어\n1 : 키키 주택은 그게 안 좋아 키키\n1 : 근데 소음 문제는 없어\n2 : 키키 ㅇㅈ ㅜㅜ 약간 개인 프라이버시 면에서도 주택이 더 자유로움\n3 : 그래두 주 변에서 술먹고 돌아다니는 게 시끄러워 키키\n1 : 아저씨들 특징이지 키키\n1 : 이제 익숙해져서 괜찮아 키키\n2 : 키키 아파트는 부가적으로 윗집 아랫집 도청 가능,.^^...\n3 : 다음에 이사 갈 때는 아파트로 가보고싶어!\n1 : 키키 나중에 가면 되지 키키 기회는 많아\n2 : 마자마자 살다보면 주택이 더 좋단걸 느낄 고야,\n3 : 다 다른 차이가 있는 거니까!하하",
        "lines": [
          {
            "id": 1,
            "text": "1 : 주택에 살아? 아파트에 살아?",
            "norm_text": "주택에 살아? 아파트에 살아?",
            "speaker": {
              "id": "1번",
              "sex": "여성",
              "age": "20대"
            },
            "speechAct": "(지시) 질문하기",
            "morpheme": "주택/NNG+에/JKB+살/VV+아/EF+아파트/NNG+에/JKB+살/VV+아/EF"
          },
          {
            "id": 2,
            "text": "2 : 나는 아파트\u003e\u003c",
            "norm_text": "나는 아파트\u003e\u003c",
            "speaker": {
              "id": "2번",
              "sex": "여성",
              "age": "20대"
            },
            "speechAct": "(단언) 진술하기",
            "morpheme": "나/NP+는/JX+아파트/NNG+\u003e/SY+\u003c/SY"
          },
          {
            "id": 3,
            "text": "2 : 주택이 짱인듯",
            "norm_text": "주택이 짱인듯",
            "speaker": {
              "id": "2번",
              "sex": "여성",
              "age": "20대"
            },
            "speechAct": "(단언) 주장하기",
            "morpheme": "주택/NNG+이/JKS+짱/NNG+인/VCP+ETM+듯/NNB"
          },
          {
            "id": 4,
            "text": "3 : 난 주택!",
            "norm_text": "난 주택!",
            "speaker": {
              "id": "3번",
              "sex": "남성",
              "age": "20대"
            },
            "speechAct": "(단언) 진술하기",
            "morpheme": "난/NP+JX+주택/NNG"
          },
          {
            "id": 5,
            "text": "3 : 근데 그냥 평범한데~키키",
            "norm_text": "근데 그냥 평범한데~키키",
            "speaker": {
              "id": "3번",
              "sex": "남성",
              "age": "20대"
            },
            "speechAct": "(단언) 주장하기",
            "morpheme": "근데/MAJ+그냥/MAG+평범/XR+한데/XSA+EC+~/SY+키/NNG+키/XSV+ETN"
          },
          {
            "id": 6,
            "text": "1 : 키키 나도 주택인데 키키 아파트에 살고 싶어",
            "norm_text": "키키 나도 주택인데 키키 아파트에 살고 싶어",
            "speaker": {
              "id": "1번",
              "sex": "여성",
              "age": "20대"
            },
            "speechAct": "(단언) 주장하기",
            "morpheme": "키/NNG+키나/XSA+ETN+JX+도/JX+주택/NNG+인데/VCP+EC+키/NNG+키/NNG+아파트/NNG+에/JKB+살/VV+고/EC+싶/VX+어/EC"
          },
          {
            "id": 7,
            "text": "2 : 키키 ㅇ ㅇ 나도 주택 살 때 아파트 살고 싶엇는데 지금은 또 반대여",
            "norm_text": "키키 ㅇ ㅇ 나도 주택 살 때 아파트 살고 싶엇는데 지금은 또 반대여",
            "speaker": {
              "id": "2번",
              "sex": "여성",
              "age": "20대"
            },
            "speechAct": "(단언) 주장하기",
            "morpheme": "키/NNG+키/XSV+ETN+ㅇㅇ/UNKNOWN+나/NP+도/JX+주택/NNG+살/VV+ETM+때/NNG+아파트/NNG+살/VV+고/EC+싶/VX+엇/EP+는데/EC+지금/MAG+은/JX+또/MAG+반/NNG+대여/NNG"
          },
          {
            "id": 8,
            "text": "3 : 음 아파트가 짱인 거 같은데!?",
            "norm_text": "음 아파트가 짱인 거 같은데!?",
            "speaker": {
              "id": "3번",
              "sex": "남성",
              "age": "20대"
            },
            "speechAct": "(지시) 질문하기",
            "morpheme": "음/IC+아파트/NNG+가/JKS+짱/NNG+인/VCP+ETM+거/NNB+같/VA+은데/EC+!/SY"
          },
          {
            "id": 9,
            "text": "1 : 키키 아파트 한번도 안 살아봐서 궁금",
            "norm_text": "키키 아파트 한번도 안 살아봐서 궁금",
            "speaker": {
              "id": "1번",
              "sex": "여성",
              "age": "20대"
            },
            "speechAct": "(단언) 주장하기",
            "morpheme": "키/NNG+키/NNG+아파트/NNG+한/MM+번/NNBC+도/JX+안/MAG+살/VV+아/EC+봐서/VV+EC+궁금/XR"
          },
          {
            "id": 10,
            "text": "2 : 일단 집 앞에 쓰레기 버리기 편리한 건 좋음,",
            "norm_text": "일단 집 앞에 쓰레기 버리기 편리한 건 좋음,",
            "speaker": {
              "id": "2번",
              "sex": "여성",
              "age": "20대"
            },
            "speechAct": "(단언) 주장하기",
            "morpheme": "일단/MAG+집/NNG+앞/NNG+에/JKB+쓰레기/NNG+버리/VV+기/ETN+편리/NNG+한/XSA+ETM+건/NNB+JX+좋/VA+음/ETN+,/SC"
          },
          {
            "id": 11,
            "text": "3 : 그니까! 우리집은 쓰레기 버리기가 힘들어",
            "norm_text": "그니까! 우리집은 쓰레기 버리기가 힘들어",
            "speaker": {
              "id": "3번",
              "sex": "남성",
              "age": "20대"
            },
            "speechAct": "(단언) 주장하기",
            "morpheme": "그니까/MAJ+우리/NP+집/NNG+은/JX+쓰레기/NNG+버리/VV+기/ETN+가/JKS+힘들/VA+어/EC"
          },
          {
            "id": 12,
            "text": "1 : 키키 주택은 그게 안 좋아 키키",
            "norm_text": "키키 주택은 그게 안 좋아 키키",
            "speaker": {
              "id": "1번",
              "sex": "여성",
              "age": "20대"
            },
            "speechAct": "(단언) 주장하기",
            "morpheme": "키/NNG+키/NNG+주택/NNG+은/JX+그게/NP+JKS+안/MAG+좋/VA+아/EC+키/NNG+키/XSV+ETN"
          },
          {
            "id": 13,
            "text": "1 : 근데 소음 문제는 없어",
            "norm_text": "근데 소음 문제는 없어",
            "speaker": {
              "id": "1번",
              "sex": "여성",
              "age": "20대"
            },
            "speechAct": "(단언) 주장하기",
            "morpheme": "근데/MAJ+소음/NNG+문제/NNG+는/JX+없/VA+어/EC"
          },
          {
            "id": 14,
            "text": "2 : 키키 ㅇㅈ ㅜㅜ 약간 개인 프라이버시 면에서도 주택이 더 자유로움",
            "norm_text": "키키 ㅇㅈ ㅜㅜ 약간 개인 프라이버시 면에서도 주택이 더 자유로움",
            "speaker": {
              "id": "2번",
              "sex": "여성",
              "age": "20대"
            },
            "speechAct": "(단언) 주장하기",
            "morpheme": "키/NNG+키/XSV+ETN+ㅇㅈ/UNKNOWN+ㅜㅜ/UNKNOWN+약간/MAG+개인/NNG+프라이버시/NNG+면/NNG+에서/JKB+도/JX+주택/NNG+이/JKS+더/MAG+자유로움/VA+ETN"
          },
          {
            "id": 15,
            "text": "3 : 그래두 주 변에서 술먹고 돌아다니는 게 시끄러워 키키",
            "norm_text": "그래두 주 변에서 술먹고 돌아다니는 게 시끄러워 키키",
            "speaker": {
              "id": "3번",
              "sex": "남성",
              "age": "20대"
            },
            "speechAct": "(단언) 주장하기",
            "morpheme": "그래두/MAJ+주변/NNG+에서/JKB+술/NNG+먹/VV+고/EC+돌아다니/VV+는/ETM+게/NNB+JKS+시끄러워/VA+EC+키/NNG+키/XSV+ETN"
          },
          {
            "id": 16,
            "text": "1 : 아저씨들 특징이지 키키",
            "norm_text": "아저씨들 특징이지 키키",
            "speaker": {
              "id": "1번",
              "sex": "여성",
              "age": "20대"
            },
            "speechAct": "(단언) 주장하기",
            "morpheme": "아저씨/NNG+들/XSN+특징/NNG+이/VCP+지/EC+키/NNG+키/XSV+ETN"
          },
          {
            "id": 17,
            "text": "1 : 이제 익숙해져서 괜찮아 키키",
            "norm_text": "이제 익숙해져서 괜찮아 키키",
            "speaker": {
              "id": "1번",
              "sex": "여성",
              "age": "20대"
            },
            "speechAct": "(단언) 주장하기",
            "morpheme": "이제/MAG+익숙/XR+해져서/XSA+EC+VX+EC+괜찮/VA+아/EC+키/NNG+키/XSV+ETN"
          },
          {
            "id": 18,
            "text": "2 : 키키 아파트는 부가적으로 윗집 아랫집 도청 가능,.^^...",
            "norm_text": "키키 아파트는 부가적으로 윗집 아랫집 도청 가능,.^^...",
            "speaker": {
              "id": "2번",
              "sex": "여성",
              "age": "20대"
            },
            "speechAct": "(단언) 주장하기",
            "morpheme": "키키아파트는부가적으로윗집아랫집도청가능/UNKNOWN+,/SC+./SY+^/SY+^/SY+./SY"
          },
          {
            "id": 19,
            "text": "3 : 다음에 이사 갈 때는 아파트로 가보고싶어!",
            "norm_text": "다음에 이사 갈 때는 아파트로 가보고싶어!",
            "speaker": {
              "id": "3번",
              "sex": "남성",
              "age": "20대"
            },
            "speechAct": "(단언) 주장하기",
            "morpheme": "다음/NNG+에/JKB+이/MM+사갈/NNG+때/NNG+는/JX+아파트/NNG+로/JKB+가/VV+EC+보/VX+고/EC+싶/VX+어/EF"
          },
          {
            "id": 20,
            "text": "1 : 키키 나중에 가면 되지 키키 기회는 많아",
            "norm_text": "키키 나중에 가면 되지 키키 기회는 많아",
            "speaker": {
              "id": "1번",
              "sex": "여성",
              "age": "20대"
            },
            "speechAct": "(단언) 주장하기",
            "morpheme": "키/NNG+키/NNG+나중/NNG+에/JKB+가/VV+면/EC+되/VV+지/EC+키/NNG+키/NNG+기회/NNG+는/JX+많/VA+아/EC"
          },
          {
            "id": 21,
            "text": "2 : 마자마자 살다보면 주택이 더 좋단걸 느낄 고야,",
            "norm_text": "마자마자 살다보면 주택이 더 좋단걸 느낄 고야,",
            "speaker": {
              "id": "2번",
              "sex": "여성",
              "age": "20대"
            },
            "speechAct": "(단언) 주장하기",
            "morpheme": "마자마자살다보면주택이더좋단걸느낄고야/UNKNOWN+,/SC"
          },
          {
            "id": 22,
            "text": "3 : 다 다른 차이가 있는 거니까!하하",
            "norm_text": "다 다른 차이가 있는 거니까!하하",
            "speaker": {
              "id": "3번",
              "sex": "남성",
              "age": "20대"
            },
            "speechAct": "(단언) 주장하기",
            "morpheme": "다/MAG+다른/MM+차이/NNG+가/JKS+있/VA+는/ETM+거/NNB+니까/VCP+EF+하하/MAG"
          }
        ]
      }
    }
  ]
}