{
  "dataset": {
    "identifier": 31451,
    "name": "BAND_30_15_set",
    "src_path": "/data/file/cubeManager/PROJECT001/49/txt20210923160937032851/BAND_30_15_set/",
    "label_path": "/data/file/cubeManager/PROJECT001/49/txt20210923160937032851/BAND_30_15_set/",
    "category": 2,
    "type": 0
  },
  "licenses": {
    "name": "Apache License 1.0",
    "url": "http://www.apache.org/licenses/LICENSE-1.0"
  },
  "info": [
    {
      "id": 31766,
      "filename": "BAND_30_15.txt",
      "title": "BAND_30_15",
      "mediatype": "SNS",
      "medianame": "네이버밴드",
      "category": "일상대화",
      "date": "2021-09-23",
      "size": 455,
      "annotations": {
        "subject": "타 국가 이슈",
        "speaker_type": "1:1",
        "size": 455,
        "word_size": 146,
        "text": "1 : 너는 해외 뉴스 같은 거 잘 봐?\n2 : 해외 뉴스? 가끔 지나가는 거 보기는 해\n1 : 나는 오늘 기사 봤는데 테슬라 차에 사람이 죽었다는 기사를 봤어.\n2 : 테슬라 차에? 어쩌다 그런 일이 생겼는데?\n1 : 한 남성이 길가에서 타이어가 터져서 타이어를 교체하고 있었대.\n2 : 그러다가 테슬라 차량에 치인 거야?\n1 : 어 그렇다고 하네 근데 그런 일은 솔직히 흔한 일이잖아.\n2 : 하긴 교통사고가 흔하긴 한데 논란 될 일인가?\n1 : 그러니까 근데 그거 알아?\n1 : 테슬라가 자율 주행 차로 유명한 브랜드래!\n2 : 자율 주행으로 유명한데 그 상태로 사람을 치어?\n1 : 그러니까 그래서 기사가 실린 거지!\n2 : 테슬라 주가 엄청 떨어지겠다\n1 : 너 혹시 테슬라 주식 샀니?\n2 : 아니 난 이제 주식 접었어 키키\n1 : 헐 주식을 했다니 키키\n1 : 그나저나 죽은 남성 불쌍하다 ㅜㅜ\n2 : 맞아 ㅠ 진짜 불운인 상황이네",
        "lines": [
          {
            "id": 1,
            "text": "1 : 너는 해외 뉴스 같은 거 잘 봐?",
            "norm_text": "너는 해외 뉴스 같은 거 잘 봐?",
            "speaker": {
              "id": "1번",
              "sex": "여성",
              "age": "20대"
            },
            "speechAct": "(지시) 질문하기",
            "morpheme": "너/NP+는/JX+해외/NNG+뉴스/NNG+같/VA+은/ETM+거/NNB+잘/MAG+봐/VV+EF"
          },
          {
            "id": 2,
            "text": "2 : 해외 뉴스? 가끔 지나가는 거 보기는 해",
            "norm_text": "해외 뉴스? 가끔 지나가는 거 보기는 해",
            "speaker": {
              "id": "2번",
              "sex": "여성",
              "age": "20대"
            },
            "speechAct": "(단언) 진술하기",
            "morpheme": "해외/NNG+뉴스/NNG+가끔/MAG+지나가/VV+는/ETM+거/NNB+보/VV+기/ETN+는/JX+해/VV+EC"
          },
          {
            "id": 3,
            "text": "1 : 나는 오늘 기사 봤는데 테슬라 차에 사람이 죽었다는 기사를 봤어.",
            "norm_text": "나는 오늘 기사 봤는데 테슬라 차에 사람이 죽었다는 기사를 봤어.",
            "speaker": {
              "id": "1번",
              "sex": "여성",
              "age": "20대"
            },
            "speechAct": "(단언) 진술하기",
            "morpheme": "나/NP+는/JX+오늘/MAG+기사/NNG+봤/VV+EP+는데/EC+테슬라/NNP+차/NNG+에/JKB+사람/NNG+이/JKS+죽/VV+었/EP+다는/ETM+기사/NNG+를/JKO+봤/VV+EP+어/EF"
          },
          {
            "id": 4,
            "text": "2 : 테슬라 차에? 어쩌다 그런 일이 생겼는데?",
            "norm_text": "테슬라 차에? 어쩌다 그런 일이 생겼는데?",
            "speaker": {
              "id": "2번",
              "sex": "여성",
              "age": "20대"
            },
            "speechAct": "(지시) 질문하기",
            "morpheme": "테슬라/NNP+차/NNG+에/JKB+어쩌다/MAJ+그런/MM+일/NNG+이/JKS+생겼/VV+EP+는데/EF"
          },
          {
            "id": 5,
            "text": "1 : 한 남성이 길가에서 타이어가 터져서 타이어를 교체하고 있었대.",
            "norm_text": "한 남성이 길가에서 타이어가 터져서 타이어를 교체하고 있었대.",
            "speaker": {
              "id": "1번",
              "sex": "여성",
              "age": "20대"
            },
            "speechAct": "(단언) 진술하기",
            "morpheme": "한/MM+남성/NNG+이/JKS+길가/NNG+에서/JKB+타이어/NNG+가/JKS+터져서/VV+EC+타이어/NNG+를/JKO+교체/NNG+하/XSV+고/EC+있/VX+었/EP+대/EF"
          },
          {
            "id": 6,
            "text": "2 : 그러다가 테슬라 차량에 치인 거야?",
            "norm_text": "그러다가 테슬라 차량에 치인 거야?",
            "speaker": {
              "id": "2번",
              "sex": "여성",
              "age": "20대"
            },
            "speechAct": "(지시) 질문하기",
            "morpheme": "그러다가/MAJ+테슬라/NNP+차량/NNG+에/JKB+치인/VV+ETM+거/NNB+야/VCP+EF"
          },
          {
            "id": 7,
            "text": "1 : 어 그렇다고 하네 근데 그런 일은 솔직히 흔한 일이잖아.",
            "norm_text": "어 그렇다고 하네 근데 그런 일은 솔직히 흔한 일이잖아.",
            "speaker": {
              "id": "1번",
              "sex": "여성",
              "age": "20대"
            },
            "speechAct": "(단언) 진술하기",
            "morpheme": "어/IC+그렇/VA+다고/EC+하/VX+네/EF+근데/MAJ+그런/MM+일/NNG+은/JX+솔직히/MAG+흔한/VA+ETM+일/NNG+이/VCP+잖아/EF"
          },
          {
            "id": 8,
            "text": "2 : 하긴 교통사고가 흔하긴 한데 논란 될 일인가?",
            "norm_text": "하긴 교통사고가 흔하긴 한데 논란 될 일인가?",
            "speaker": {
              "id": "2번",
              "sex": "여성",
              "age": "20대"
            },
            "speechAct": "(지시) 질문하기",
            "morpheme": "하긴/MAJ+교통사고/NNG+가/JKS+흔하/VA+긴/ETN+JX+한데/VX+EC+논란/NNG+될/XSV+ETM+일/NNG+인가/VCP+EF"
          },
          {
            "id": 9,
            "text": "1 : 그러니까 근데 그거 알아?",
            "norm_text": "그러니까 근데 그거 알아?",
            "speaker": {
              "id": "1번",
              "sex": "여성",
              "age": "20대"
            },
            "speechAct": "(지시) 질문하기",
            "morpheme": "그러니까/MAJ+근데/MAJ+그거/NP+알/VV+아/EF"
          },
          {
            "id": 10,
            "text": "1 : 테슬라가 자율 주행 차로 유명한 브랜드래!",
            "norm_text": "테슬라가 자율 주행 차로 유명한 브랜드래!",
            "speaker": {
              "id": "1번",
              "sex": "여성",
              "age": "20대"
            },
            "speechAct": "(단언) 진술하기",
            "morpheme": "테슬라/NNP+가/JKS+자율/NNG+주행/NNG+차/NNG+로/JKB+유명/NNG+한/XSA+ETM+브랜드/NNG+래/VCP+EF"
          },
          {
            "id": 11,
            "text": "2 : 자율 주행으로 유명한데 그 상태로 사람을 치어?",
            "norm_text": "자율 주행으로 유명한데 그 상태로 사람을 치어?",
            "speaker": {
              "id": "2번",
              "sex": "여성",
              "age": "20대"
            },
            "speechAct": "(지시) 질문하기",
            "morpheme": "자율/NNG+주행/NNG+으로/JKB+유명/NNG+한데/XSA+EC+그/MM+상태/NNG+로/JKB+사람/NNG+을/JKO+치/VV+어/EF"
          },
          {
            "id": 12,
            "text": "1 : 그러니까 그래서 기사가 실린 거지!",
            "norm_text": "그러니까 그래서 기사가 실린 거지!",
            "speaker": {
              "id": "1번",
              "sex": "여성",
              "age": "20대"
            },
            "speechAct": "(단언) 진술하기",
            "morpheme": "그러니까/MAJ+그래서/MAJ+기사/NNG+가/JKS+실린/VV+ETM+거/NNB+지/VCP+EF"
          },
          {
            "id": 13,
            "text": "2 : 테슬라 주가 엄청 떨어지겠다",
            "norm_text": "테슬라 주가 엄청 떨어지겠다",
            "speaker": {
              "id": "2번",
              "sex": "여성",
              "age": "20대"
            },
            "speechAct": "(단언) 주장하기",
            "morpheme": "테슬라/NNP+주/NNP+가/JKS+엄청/MAG+떨어지/VV+겠/EP+다/EC"
          },
          {
            "id": 14,
            "text": "1 : 너 혹시 테슬라 주식 샀니?",
            "norm_text": "너 혹시 테슬라 주식 샀니?",
            "speaker": {
              "id": "1번",
              "sex": "여성",
              "age": "20대"
            },
            "speechAct": "(지시) 질문하기",
            "morpheme": "너/NP+혹시/MAG+테슬라/NNP+주식/NNG+샀/VV+EP+니/EF"
          },
          {
            "id": 15,
            "text": "2 : 아니 난 이제 주식 접었어 키키",
            "norm_text": "아니 난 이제 주식 접었어 키키",
            "speaker": {
              "id": "2번",
              "sex": "여성",
              "age": "20대"
            },
            "speechAct": "(단언) 진술하기",
            "morpheme": "아니/IC+난/NP+JX+이제/MAG+주식/NNG+접/VV+었/EP+어/EC+키/NNG+키/XSV+ETN"
          },
          {
            "id": 16,
            "text": "1 : 헐 주식을 했다니 키키",
            "norm_text": "헐 주식을 했다니 키키",
            "speaker": {
              "id": "1번",
              "sex": "여성",
              "age": "20대"
            },
            "speechAct": "(단언) 진술하기",
            "morpheme": "헐/IC+주식/NNG+을/JKO+했/VV+EP+다니/EC+키/NNG+키/XSV+ETN"
          },
          {
            "id": 17,
            "text": "1 : 그나저나 죽은 남성 불쌍하다 ㅜㅜ",
            "norm_text": "그나저나 죽은 남성 불쌍하다 ㅜㅜ",
            "speaker": {
              "id": "1번",
              "sex": "여성",
              "age": "20대"
            },
            "speechAct": "(단언) 주장하기",
            "morpheme": "그나저나/MAG+죽/VV+은/ETM+남성/NNG+불쌍/XR+하/XSA+다/EF+ㅜㅜ/UNKNOWN"
          },
          {
            "id": 18,
            "text": "2 : 맞아 ㅠ 진짜 불운인 상황이네",
            "norm_text": "맞아 ㅠ 진짜 불운인 상황이네",
            "speaker": {
              "id": "2번",
              "sex": "여성",
              "age": "20대"
            },
            "speechAct": "(단언) 주장하기",
            "morpheme": "맞/VV+아/EC+ㅠ/UNKNOWN+진짜/MAG+불운/NNG+인/VCP+ETM+상황/NNG+이/VCP+네/EC"
          }
        ]
      }
    }
  ]
}