{
  "dataset": {
    "identifier": 29050,
    "name": "BAND_22_05_set",
    "src_path": "/data/file/cubeManager/PROJECT001/49/txt20210915110036053683/BAND_22_05_set/",
    "label_path": "/data/file/cubeManager/PROJECT001/49/txt20210915110036053683/BAND_22_05_set/",
    "category": 2,
    "type": 0
  },
  "licenses": {
    "name": "Apache License 1.0",
    "url": "http://www.apache.org/licenses/LICENSE-1.0"
  },
  "info": [
    {
      "id": 25404,
      "filename": "BAND_22_05.txt",
      "title": "BAND_22_05",
      "mediatype": "SNS",
      "medianame": "네이버밴드",
      "category": "일상대화",
      "date": "2021-09-15",
      "size": 1024,
      "annotations": {
        "subject": "군대",
        "speaker_type": "1:1",
        "size": 1024,
        "word_size": 340,
        "text": "1 : 군대에서 이제 핸드폰 사용할 수 있어서 좋은 거 같아~\n2 : 맞아 맞아 근데 그거 개인 핸드폰 소지하는 거는 아니지?\n2 : 공용으로 쓰는 폰인가?\n3 : 옛날에는 공용폰이었고 지금은 아예 개인 폰이더라고?\n3 : 그래서 싸지방도 없어졌을 수도 있어 키키\n1 : 이제는 개인 폰이야\n1 : 바보 바보\n1 : 엄청 예전에 비해 좋아졌다구~\n2 : 아 진짜? 키키\n2 : 대박이다 진짜.... 충격\n2 : 야 진짜 군대 가는 사람이 주변에 있어야 말이지 모...\n3 : 구니까\n3 : 그래서 뭔가 거기 군대에 있는 애랑 연락 자주 할 수 있으니까 군대 안 간 것 같았어 키키\n1 : 맞아 휴식 할 때 연락 엄청 빠르더라고 키키 칼답이야\n2 : 오 신기하넹!\n2 : 페메로 대화하고 그랬었는데 진짜 세상 좋아졌구만\n3 : 키키 우리 군대 생활 같이 했으면 어땠을 것 같아?\n1 : 언니 세대 차이 나네 ^^\n1 : 우리 군대 생활 했으면 나 잔소리 엄청 들었을 듯\n2 : 야 같이 했으면 너네 내가 군기 빠짝 잡았지~^^\n3 : 언니 우리 때문에 기합 안 받으려고 엄청 도와줬을 것 같아\n3 : 느낌이 그래\n1 : 키키 맞아 엄마 역할 제대로 했을 듯\n2 : 무슨 소리야 얘들아!\n2 : 내가 병장이고 그랬으면 너네 군기 팍팍 잡았을 거야! 키키\n3 : 키키 우리 셋이 동기 생활이지\n3 : 언니 무슨 소리야 ^^\n1 : 맞아 자꾸 왜 언니 계급이 높을 거라고 착각하지?^^\n2 : 당연히 내가 계급이 더 높지!\n3 : 우리는 하나라고 했지\n3 : 언니 절대 계급이 높아질 수 없어 빨리 인정해\n1 : 맞아 언니 우리는 항상 동등해\n1 : 하나야\n2 : 아 몰랑~ 키키!\n2 : 근데 진짜 나 기합 안 받으려고 도와주는 거 인정 키키\n2 : 송송이 내 짱친 인정해줄게\n3 : 키키 근데 우리끼리 동기 생활 하면 거기서 웃으면 혼나니까 맨날 웃음 참다가 혼날 것 같지 않아?\n1 : 언니 나도 짱친으로 인정해줘\n1 : 나도 나도 나도!\n2 : 웃참 인정 키키 진짜 혼나도 웃고 있을 듯...\n2 : 나나야 너 진짜 그 이모티콘 똑같아\n2 : 좋아! 너도 인정해줄게!\n3 : 상상하니까 웃기고 재밌다 키키",
        "lines": [
          {
            "id": 1,
            "text": "1 : 군대에서 이제 핸드폰 사용할 수 있어서 좋은 거 같아~",
            "norm_text": "군대에서 이제 핸드폰 사용할 수 있어서 좋은 거 같아~",
            "speaker": {
              "id": "1번",
              "sex": "여성",
              "age": "20대"
            },
            "speechAct": "(단언) 주장하기",
            "morpheme": "군대/NNG+에서/JKB+이제/MAG+핸드폰/NNG+사용/NNG+할/XSV+ETM+수/NNB+있/VV+어서/EC+좋/VA+은/ETM+거/NNB+같/VA+아/EC+~/SY"
          },
          {
            "id": 2,
            "text": "2 : 맞아 맞아 근데 그거 개인 핸드폰 소지하는 거는 아니지?",
            "norm_text": "맞아 맞아 근데 그거 개인 핸드폰 소지하는 거는 아니지?",
            "speaker": {
              "id": "2번",
              "sex": "여성",
              "age": "20대"
            },
            "speechAct": "(지시) 질문하기",
            "morpheme": "맞/VV+아/EC+맞/VV+아/EC+근데/MAJ+그거/NP+개인/NNG+핸드폰/NNG+소지/NNG+하/XSV+는/ETM+거/NNB+는/JX+아니/VCN+지/EF"
          },
          {
            "id": 3,
            "text": "2 : 공용으로 쓰는 폰인가?",
            "norm_text": "공용으로 쓰는 폰인가?",
            "speaker": {
              "id": "2번",
              "sex": "여성",
              "age": "20대"
            },
            "speechAct": "(지시) 질문하기",
            "morpheme": "공용/NNG+으로/JKB+쓰/VV+는/ETM+폰/NNG+인가/VCP+EF"
          },
          {
            "id": 4,
            "text": "3 : 옛날에는 공용폰이었고 지금은 아예 개인 폰이더라고?",
            "norm_text": "옛날에는 공용폰이었고 지금은 아예 개인 폰이더라고?",
            "speaker": {
              "id": "3번",
              "sex": "여성",
              "age": "20대"
            },
            "speechAct": "(단언) 진술하기",
            "morpheme": "옛날/NNG+에/JKB+는/JX+공용/NNG+폰/NNG+이/VCP+었/EP+고/EC+지금/MAG+은/JX+아예/MAG+개인/NNG+폰/NNG+이/VCP+더라고/EF"
          },
          {
            "id": 5,
            "text": "3 : 그래서 싸지방도 없어졌을 수도 있어 키키",
            "norm_text": "그래서 싸지방도 없어졌을 수도 있어 키키",
            "speaker": {
              "id": "3번",
              "sex": "여성",
              "age": "20대"
            },
            "speechAct": "(단언) 주장하기",
            "morpheme": "그래서/MAJ+싸/VV+EC+지방/NNG+도/JX+없/VA+어/EC+졌/VX+EP+을/ETM+수/NNB+도/JX+있/VA+어/EC+키/NNG+키/XSV+ETN"
          },
          {
            "id": 6,
            "text": "1 : 이제는 개인 폰이야",
            "norm_text": "이제는 개인 폰이야",
            "speaker": {
              "id": "1번",
              "sex": "여성",
              "age": "20대"
            },
            "speechAct": "(단언) 진술하기",
            "morpheme": "이제/NNG+는/JX+개인/NNG+폰/NNG+이/VCP+야/EC"
          },
          {
            "id": 7,
            "text": "1 : 바보 바보",
            "norm_text": "바보 바보",
            "speaker": {
              "id": "1번",
              "sex": "여성",
              "age": "20대"
            },
            "speechAct": "턴토크 사인(관습적 반응)",
            "morpheme": "바보바보/NNP"
          },
          {
            "id": 8,
            "text": "1 : 엄청 예전에 비해 좋아졌다구~",
            "norm_text": "엄청 예전에 비해 좋아졌다구~",
            "speaker": {
              "id": "1번",
              "sex": "여성",
              "age": "20대"
            },
            "speechAct": "(단언) 주장하기",
            "morpheme": "엄청/MAG+예전/NNG+에/JKB+비해/VV+EC+좋/VA+아/EC+졌/VX+EP+다구/EC+~/SY"
          },
          {
            "id": 9,
            "text": "2 : 아 진짜? 키키",
            "norm_text": "아 진짜? 키키",
            "speaker": {
              "id": "2번",
              "sex": "여성",
              "age": "20대"
            },
            "speechAct": "턴토크 사인(관습적 반응)",
            "morpheme": "아/IC+진짜/MAG+키/NNG+키/XSV+ETN"
          },
          {
            "id": 10,
            "text": "2 : 대박이다 진짜.... 충격",
            "norm_text": "대박이다 진짜.... 충격",
            "speaker": {
              "id": "2번",
              "sex": "여성",
              "age": "20대"
            },
            "speechAct": "턴토크 사인(관습적 반응)",
            "morpheme": "대박/NNG+이/JKS+다/MAG+진짜/MAG+./SY+./SY+충격/NNG"
          },
          {
            "id": 11,
            "text": "2 : 야 진짜 군대 가는 사람이 주변에 있어야 말이지 모...",
            "norm_text": "야 진짜 군대 가는 사람이 주변에 있어야 말이지 모...",
            "speaker": {
              "id": "2번",
              "sex": "여성",
              "age": "20대"
            },
            "speechAct": "(단언) 주장하기",
            "morpheme": "야/IC+진짜/MAG+군대/NNG+가/VV+는/ETM+사람/NNG+이/JKS+주변/NNG+에/JKB+있/VV+어야/EC+말/NNG+이지모/NNP+./SY+./SY"
          },
          {
            "id": 12,
            "text": "3 : 구니까",
            "norm_text": "구니까",
            "speaker": {
              "id": "3번",
              "sex": "여성",
              "age": "20대"
            },
            "speechAct": "(단언) 주장하기",
            "morpheme": "구/VA+니까/EC"
          },
          {
            "id": 13,
            "text": "3 : 그래서 뭔가 거기 군대에 있는 애랑 연락 자주 할 수 있으니까 군대 안 간 것 같았어 키키",
            "norm_text": "그래서 뭔가 거기 군대에 있는 애랑 연락 자주 할 수 있으니까 군대 안 간 것 같았어 키키",
            "speaker": {
              "id": "3번",
              "sex": "여성",
              "age": "20대"
            },
            "speechAct": "(단언) 주장하기",
            "morpheme": "그래서/MAJ+뭔가/NP+VCP+EC+거기/NP+군대/NNG+에/JKB+있/VV+는/ETM+애/NNG+랑/JKB+연락/NNG+자주/MAG+할/VV+ETM+수/NNB+있/VV+으니까/EC+군대/NNG+안/MAG+간/VV+ETM+것/NNB+같/VA+았/EP+어/EC+키/NNG+키/XSV+ETN"
          },
          {
            "id": 14,
            "text": "1 : 맞아 휴식 할 때 연락 엄청 빠르더라고 키키 칼답이야",
            "norm_text": "맞아 휴식 할 때 연락 엄청 빠르더라고 키키 칼답이야",
            "speaker": {
              "id": "1번",
              "sex": "여성",
              "age": "20대"
            },
            "speechAct": "(단언) 주장하기",
            "morpheme": "맞/VV+아/EC+휴식/NNG+할/XSV+ETM+때/NNG+연락/NNG+엄청/MAG+빠르/VA+더라고/EC+키/NNG+키/NNG+칼/NNG+답/NNG+이/VCP+야/EC"
          },
          {
            "id": 15,
            "text": "2 : 오 신기하넹!",
            "norm_text": "오 신기하넹!",
            "speaker": {
              "id": "2번",
              "sex": "여성",
              "age": "20대"
            },
            "speechAct": "(표현) 긍정감정 표현하기",
            "morpheme": "오/IC+신기하/NNP+넹/NNP"
          },
          {
            "id": 16,
            "text": "2 : 페메로 대화하고 그랬었는데 진짜 세상 좋아졌구만",
            "norm_text": "페메로 대화하고 그랬었는데 진짜 세상 좋아졌구만",
            "speaker": {
              "id": "2번",
              "sex": "여성",
              "age": "20대"
            },
            "speechAct": "(단언) 주장하기",
            "morpheme": "페메/UNKNOWN+로/JKB+대화/NNG+하/XSV+고/EC+그랬었/VV+EP+는데/EC+진짜/MAG+세상/NNG+좋/VA+아/EC+졌/VX+EP+구만/EC"
          },
          {
            "id": 17,
            "text": "3 : 키키 우리 군대 생활 같이 했으면 어땠을 것 같아?",
            "norm_text": "키키 우리 군대 생활 같이 했으면 어땠을 것 같아?",
            "speaker": {
              "id": "3번",
              "sex": "여성",
              "age": "20대"
            },
            "speechAct": "(지시) 질문하기",
            "morpheme": "키/NNG+키/XSV+ETN+우리/NP+군대/NNG+생활/NNG+같이/JKB+했/VV+EP+으면/EC+어땠/VA+EP+을/ETM+것/NNB+같/VA+아/EF"
          },
          {
            "id": 18,
            "text": "1 : 언니 세대 차이 나네 ^^",
            "norm_text": "언니 세대 차이 나네 ^^",
            "speaker": {
              "id": "1번",
              "sex": "여성",
              "age": "20대"
            },
            "speechAct": "(단언) 주장하기",
            "morpheme": "언니/NNG+세대/NNG+차이/NNG+나/NP+네/XSN+^/SY+^/SY"
          },
          {
            "id": 19,
            "text": "1 : 우리 군대 생활 했으면 나 잔소리 엄청 들었을 듯",
            "norm_text": "우리 군대 생활 했으면 나 잔소리 엄청 들었을 듯",
            "speaker": {
              "id": "1번",
              "sex": "여성",
              "age": "20대"
            },
            "speechAct": "(단언) 주장하기",
            "morpheme": "우리/NP+군대/NNG+생활/NNG+했/XSV+EP+으면/EC+나/VX+잔/ETM+소리/NNG+엄청/MAG+들/VV+었/EP+을/ETM+듯/NNB"
          },
          {
            "id": 20,
            "text": "2 : 야 같이 했으면 너네 내가 군기 빠짝 잡았지~^^",
            "norm_text": "야 같이 했으면 너네 내가 군기 빠짝 잡았지~^^",
            "speaker": {
              "id": "2번",
              "sex": "여성",
              "age": "20대"
            },
            "speechAct": "(단언) 주장하기",
            "morpheme": "야/IC+같이/MAG+했으면/XSA+EP+EC+너/NP+네/XSN+내/NP+가/JKS+군기/NNG+빠짝/MAG+잡/VV+았/EP+지/EC+~/SY+^/SY+^/SY"
          },
          {
            "id": 21,
            "text": "3 : 언니 우리 때문에 기합 안 받으려고 엄청 도와줬을 것 같아",
            "norm_text": "언니 우리 때문에 기합 안 받으려고 엄청 도와줬을 것 같아",
            "speaker": {
              "id": "3번",
              "sex": "여성",
              "age": "20대"
            },
            "speechAct": "(단언) 주장하기",
            "morpheme": "언니/NNG+우리/NP+때문/NNB+에/JKB+기합/NNG+안/MAG+받/VV+으려고/EC+엄청/MAG+도와/VV+EC+줬/VX+EP+을/ETM+것/NNB+같/VA+아/EC"
          },
          {
            "id": 22,
            "text": "3 : 느낌이 그래",
            "norm_text": "느낌이 그래",
            "speaker": {
              "id": "3번",
              "sex": "여성",
              "age": "20대"
            },
            "speechAct": "(단언) 주장하기",
            "morpheme": "느낌/NNG+이/JKS+그래/VA+EC"
          },
          {
            "id": 23,
            "text": "1 : 키키 맞아 엄마 역할 제대로 했을 듯",
            "norm_text": "키키 맞아 엄마 역할 제대로 했을 듯",
            "speaker": {
              "id": "1번",
              "sex": "여성",
              "age": "20대"
            },
            "speechAct": "(단언) 주장하기",
            "morpheme": "키/NNG+키/XSV+ETN+맞/VV+아/EC+엄마/NNG+역할/NNG+제대로/MAG+했/VV+EP+을/ETM+듯/NNB"
          },
          {
            "id": 24,
            "text": "2 : 무슨 소리야 얘들아!",
            "norm_text": "무슨 소리야 얘들아!",
            "speaker": {
              "id": "2번",
              "sex": "여성",
              "age": "20대"
            },
            "speechAct": "(단언) 반박하기",
            "morpheme": "무슨/MM+소리/NNG+야/VCP+EF+얘/NP+들/XSN+아/JKV"
          },
          {
            "id": 25,
            "text": "2 : 내가 병장이고 그랬으면 너네 군기 팍팍 잡았을 거야! 키키",
            "norm_text": "내가 병장이고 그랬으면 너네 군기 팍팍 잡았을 거야! 키키",
            "speaker": {
              "id": "2번",
              "sex": "여성",
              "age": "20대"
            },
            "speechAct": "(단언) 주장하기",
            "morpheme": "내/NP+가/JKS+병장/NNG+이/VCP+고/EC+그랬/VV+EP+으면/EC+너/NP+네/XSN+군기/NNG+팍팍/MAG+잡/VV+았/EP+을/ETM+거/NNB+야/VCP+EF+키/NNG+키/XSV+ETN"
          },
          {
            "id": 26,
            "text": "3 : 키키 우리 셋이 동기 생활이지",
            "norm_text": "키키 우리 셋이 동기 생활이지",
            "speaker": {
              "id": "3번",
              "sex": "여성",
              "age": "20대"
            },
            "speechAct": "(단언) 주장하기",
            "morpheme": "키/NNG+키/XSV+ETN+우리/NP+셋/NR+이/NR+동기/NNG+생활/NNG+이/VCP+지/EC"
          },
          {
            "id": 27,
            "text": "3 : 언니 무슨 소리야 ^^",
            "norm_text": "언니 무슨 소리야 ^^",
            "speaker": {
              "id": "3번",
              "sex": "여성",
              "age": "20대"
            },
            "speechAct": "(단언) 주장하기",
            "morpheme": "언니/NNG+무슨/MM+소리야/NNG+^/SY+^/SY"
          },
          {
            "id": 28,
            "text": "1 : 맞아 자꾸 왜 언니 계급이 높을 거라고 착각하지?^^",
            "norm_text": "맞아 자꾸 왜 언니 계급이 높을 거라고 착각하지?^^",
            "speaker": {
              "id": "1번",
              "sex": "여성",
              "age": "20대"
            },
            "speechAct": "(단언) 주장하기",
            "morpheme": "맞/VV+아/EC+자꾸/MAG+왜/MAG+언니/NNG+계급/NNG+이/JKS+높/VA+을/ETM+거/NNB+라고/VCP+EC+착각/NNG+하/XSA+지/EF+^/SY+^/SY"
          },
          {
            "id": 29,
            "text": "2 : 당연히 내가 계급이 더 높지!",
            "norm_text": "당연히 내가 계급이 더 높지!",
            "speaker": {
              "id": "2번",
              "sex": "여성",
              "age": "20대"
            },
            "speechAct": "(단언) 주장하기",
            "morpheme": "당연히/MAG+내/NP+가/JKS+계급/NNG+이/JKS+더/MAG+높/VA+지/EF"
          },
          {
            "id": 30,
            "text": "3 : 우리는 하나라고 했지",
            "norm_text": "우리는 하나라고 했지",
            "speaker": {
              "id": "3번",
              "sex": "여성",
              "age": "20대"
            },
            "speechAct": "(단언) 주장하기",
            "morpheme": "우리/NP+는/JX+하나/NR+라고/VCP+EC+했/VX+EP+지/EC"
          },
          {
            "id": 31,
            "text": "3 : 언니 절대 계급이 높아질 수 없어 빨리 인정해",
            "norm_text": "언니 절대 계급이 높아질 수 없어 빨리 인정해",
            "speaker": {
              "id": "3번",
              "sex": "여성",
              "age": "20대"
            },
            "speechAct": "(지시) 명령/요구하기",
            "morpheme": "언니/NNG+절대/MAG+계급/NNG+이/JKS+높/VA+아/EC+질/VX+ETM+수/NNB+없/VA+어/EC+빨리/MAG+인정/NNG+해/XSV+EC"
          },
          {
            "id": 32,
            "text": "1 : 맞아 언니 우리는 항상 동등해",
            "norm_text": "맞아 언니 우리는 항상 동등해",
            "speaker": {
              "id": "1번",
              "sex": "여성",
              "age": "20대"
            },
            "speechAct": "(단언) 주장하기",
            "morpheme": "맞/VV+아/EC+언니/NNG+우리/NP+는/JX+항상/MAG+동등/NNG+해/XSV+EC"
          },
          {
            "id": 33,
            "text": "1 : 하나야",
            "norm_text": "하나야",
            "speaker": {
              "id": "1번",
              "sex": "여성",
              "age": "20대"
            },
            "speechAct": "(단언) 주장하기",
            "morpheme": "하나야/NNP"
          },
          {
            "id": 34,
            "text": "2 : 아 몰랑~ 키키!",
            "norm_text": "아 몰랑~ 키키!",
            "speaker": {
              "id": "2번",
              "sex": "여성",
              "age": "20대"
            },
            "speechAct": "턴토크 사인(관습적 반응)",
            "morpheme": "아/IC+몰랑/NNG+~/SY+키/NNG+키/XSV+ETN"
          },
          {
            "id": 35,
            "text": "2 : 근데 진짜 나 기합 안 받으려고 도와주는 거 인정 키키",
            "norm_text": "근데 진짜 나 기합 안 받으려고 도와주는 거 인정 키키",
            "speaker": {
              "id": "2번",
              "sex": "여성",
              "age": "20대"
            },
            "speechAct": "(단언) 주장하기",
            "morpheme": "근데/MAJ+진짜/MAG+나/NP+기합/NNG+안/MAG+받/VV+으려고/EC+도와/VV+EC+주/VX+는/ETM+거/NNB+인/VCP+ETM+정키/NNP+키/NNG"
          },
          {
            "id": 36,
            "text": "2 : 송송이 내 짱친 인정해줄게",
            "norm_text": "송송이 내 짱친 인정해줄게",
            "speaker": {
              "id": "2번",
              "sex": "여성",
              "age": "20대"
            },
            "speechAct": "(단언) 주장하기",
            "morpheme": "송송/MAG+이내/MAG+짱/MAG+친/VV+ETM+인정/NNG+해/XSV+EC+줄/VX+ETM+게/NNB+JKS"
          },
          {
            "id": 37,
            "text": "3 : 키키 근데 우리끼리 동기 생활 하면 거기서 웃으면 혼나니까 맨날 웃음 참다가 혼날 것 같지 않아?",
            "norm_text": "키키 근데 우리끼리 동기 생활 하면 거기서 웃으면 혼나니까 맨날 웃음 참다가 혼날 것 같지 않아?",
            "speaker": {
              "id": "3번",
              "sex": "여성",
              "age": "20대"
            },
            "speechAct": "(단언) 주장하기",
            "morpheme": "키/NNG+키/XSV+ETN+근데/MAJ+우리/NP+끼리/XSN+동기/NNG+생활/NNG+하/XSV+면/EC+거기/NP+서/JKB+웃/VV+으면/EC+혼나/VV+니까/EC+맨날/MAG+웃음/NNG+참/VV+다가/EC+혼날/VV+ETM+것/NNB+같/VA+지/EC+않/VX+아/EF"
          },
          {
            "id": 38,
            "text": "1 : 언니 나도 짱친으로 인정해줘",
            "norm_text": "언니 나도 짱친으로 인정해줘",
            "speaker": {
              "id": "1번",
              "sex": "여성",
              "age": "20대"
            },
            "speechAct": "(지시) 명령/요구하기",
            "morpheme": "언니/NNG+나/NP+도/JX+짱/NNG+친/NNG+으로/JKB+인정/NNG+해/XSV+EC+줘/VX+EC"
          },
          {
            "id": 39,
            "text": "1 : 나도 나도 나도!",
            "norm_text": "나도 나도 나도!",
            "speaker": {
              "id": "1번",
              "sex": "여성",
              "age": "20대"
            },
            "speechAct": "(단언) 주장하기",
            "morpheme": "나/NP+도/JX+나/NP+도/JX+나/NP+도/JX"
          },
          {
            "id": 40,
            "text": "2 : 웃참 인정 키키 진짜 혼나도 웃고 있을 듯...",
            "norm_text": "웃참 인정 키키 진짜 혼나도 웃고 있을 듯...",
            "speaker": {
              "id": "2번",
              "sex": "여성",
              "age": "20대"
            },
            "speechAct": "(단언) 주장하기",
            "morpheme": "웃/VV+EP+참인/NNP+정키/NNP+키/NNG+진짜/MAG+혼/NNG+나/NP+도/JX+웃/VV+고/EC+있/VX+을/ETM+듯/NNB+./SY"
          },
          {
            "id": 41,
            "text": "2 : 나나야 너 진짜 그 이모티콘 똑같아",
            "norm_text": "나나야 너 진짜 그 이모티콘 똑같아",
            "speaker": {
              "id": "2번",
              "sex": "여성",
              "age": "20대"
            },
            "speechAct": "(단언) 주장하기",
            "morpheme": "나/NP+나/NP+야/VCP+EF+너/NP+진짜/MAG+그/MM+이모티콘/NNG+똑같/VA+아/EC"
          },
          {
            "id": 42,
            "text": "2 : 좋아! 너도 인정해줄게!",
            "norm_text": "좋아! 너도 인정해줄게!",
            "speaker": {
              "id": "2번",
              "sex": "여성",
              "age": "20대"
            },
            "speechAct": "(단언) 주장하기",
            "morpheme": "좋/VA+아/EF+너/NP+도/JX+인정/NNG+해/XSV+EC+줄게/VX+EF"
          },
          {
            "id": 43,
            "text": "3 : 상상하니까 웃기고 재밌다 키키",
            "norm_text": "상상하니까 웃기고 재밌다 키키",
            "speaker": {
              "id": "3번",
              "sex": "여성",
              "age": "20대"
            },
            "speechAct": "(표현) 긍정감정 표현하기",
            "morpheme": "상상/NNG+하/XSV+니까/EC+웃기/VV+고/EC+재밌/VA+다키키/NNP"
          }
        ]
      }
    }
  ]
}