{
  "dataset": {
    "identifier": 68171,
    "name": "BAND_36_08_set",
    "src_path": "/data/file/cubeManager/PROJECT001/53/txt20211006142823066986/BAND_36_08_set/",
    "label_path": "/data/file/cubeManager/PROJECT001/53/txt20211006142823066986/BAND_36_08_set/",
    "category": 2,
    "type": 0
  },
  "licenses": {
    "name": "Apache License 1.0",
    "url": "http://www.apache.org/licenses/LICENSE-1.0"
  },
  "info": [
    {
      "id": 45660,
      "filename": "BAND_36_08.txt",
      "title": "BAND_36_08",
      "mediatype": "SNS",
      "medianame": "네이버밴드",
      "category": "일상대화",
      "date": "2021-10-06",
      "size": 1723,
      "annotations": {
        "subject": "연애/결혼",
        "speaker_type": "다자간 대화",
        "size": 1723,
        "word_size": 526,
        "text": "1 : 결혼은 몇 살에 하고 싶어~?\n1 : 그냥 막연하게 이때쯤 하면 좋겠다 싶었던 나이?\n2 : 난 40살에 하고 싶었어 너무 늦나? 너는?\n3 : 음 나는 빨리 하고 싶어! 근데 현실적으로는 쉽지 않을 것 같아 ㅠㅠ\n1 : 근데 요즘에는 다들 늦게 하는 추세라 40살도 괜찮은 듯!\n1 : 빨리 하면 몇 살 정도를 말하는 걸까 키키\n2 : 25살? 27살? 30살? 요즘은 30살도 빠르다고 하더라~\n3 : 아 진짜 할 수 있다면 27살 정도에는 하고 싶었어! 근데 왠지 30살이나 30대 초반에 할 듯 해 키키 그냥 내 예상?\n3 : 요즘에는 30대 초반이 그냥 적령기던데\n1 : 맞아 예전에는 30대 초반이 늦은 거였는데 요즘은 적당하거나 오히려 빠른 축에 속하는 거 같애\n2 : 여자는 30살 초반이면 괜찮다고 보는데 이제 남자는 나이 그런 거에 대해서 별로 신경 쓰지 않는 거 같아\n2 : 남자는 50대 미혼도 되게 많더라\n3 : 언니는 결혼할 때 손님들 식사 제공한 거 뷔페식이었어?\n1 : 아니 나는 동시 예식! 자리에 앉아서 2부 보면서 먹는 거였엉 하하\n1 : 근데 자리가 부족해서 1부 때 뒤에 서서 보던 사람들은 그 호텔에 있는 다른 중식당이나 뷔페로 이동해서 먹고 그랬오\n2 : 하객석이 몇 석이었는데? 예상보다 너무 많이 왔었어?\n2 : 코로나 이전이라 좋았겠다~\n3 : 오홍 좋네 좋네 진짜 코로나 이전에 해서 다행이긴 하다 ㅠㅠ\n3 : 요즘에는 다 뒤로 미루고 해서 예식장 예약 다 찼다고 하던데\n1 : 그치 요새는 100명밖에 못 들어가잖아...\n1 : 나는 330석이었는데 넘칠 거 예상했었어 ㅠㅠ\n1 : 그거 보다 큰 홀이 있었는데 난 저기가 예뻐서 그냥 감수하고 최대한 안 부르고 넘치면 다른 식당으로 이동하는 걸로 해서 한 거얌\n2 : 결혼식장 예약할 때 어떤 거 어떤 거 결정해야 돼? 결정할 거 되게 많지?\n2 : 꽃 장식도 취향에 따라 선택할 수 있게 돼 있어?\n3 : 내가 알고 있는 거는... 뭐 인원수랑 식 절차 어떻게 할지, 음악 따로 깔고 싶은 거 있는지, 음식, 꽃도 그렇고... 이것밖에 모른다 키키\n1 : 응 그게 거의 대부분이지 뭐~\n1 : 꽃 장식은 스몰 웨딩이면 진짜 취향 세세하게 반영할 수 있을 텐데 그렇지 않고는 뭐 에이 타입 비 타입 이런 식으로 정해져 있는 거 중에 마음에 드는 거 선택하는 정도!?\n1 : 일반 예식장은 선택 안 하는데도 많을 껄 그냥 조화로 되어있어서\n2 : 으 나는 조화 싫어하는데 ㅠㅠ 원하면 생화로도 할 수 있었어?\n3 : 내가 알바 했던 예식장이 3군데였는데 제일 꼬진...? 거기만 조화였고 다른 한 곳은 그냥 중간 정도였는데\n3 : 거기도 생화 썼고 다른 한 곳은 좀 비싼 곳이었는데 진짜 꽃 어마 무시 했다... 근데 많으면 많을 수록 이쁜 건 어쩔 수 없더라고 ㅠㅠ\n1 : 맞아 꽃은 많아야 돼! 나는 생화로 했어서 바꿀 수 있나는 모르겠당 ㅠㅠ\n1 : 생화로 하고 식 끝나면 하객들 다 꽃 가져갈 수 있게 했는데 그렇게 하니까 안 아깝고 좋더라~\n2 : 답례품은 뭘로 했어? 이렇게 물으니까 꼭 결혼 앞두고 있는 사람 같다~\n2 : 미리 말해 두지만 계획 없습니다~\n3 : 엇 답례품은 뭐야? 처음 들어보네\n1 : 요새는 코로나라 식사를 못하고 가는 사람들이 많으니까 와인이나 홍삼 이런 거 주던데 나는 식사 했어서 그날은 답례품 따로 없었고! 식 끝나고 나중에 회사 사람들이나 뭐 이렇게는 쿠키 돌렸음!\n2 : 얼른 코로나 끝나서 결혼식 다들 예쁘게 했으면 좋겠다~\n3 : 그니까... 좀 눈치 안보고 이런 저런 행사 다니고 싶어 ㅠㅠ",
        "lines": [
          {
            "id": 1,
            "text": "1 : 결혼은 몇 살에 하고 싶어~?",
            "norm_text": "결혼은 몇 살에 하고 싶어~?",
            "speaker": {
              "id": "1번",
              "sex": "여성",
              "age": "20대"
            },
            "speechAct": "(지시) 질문하기",
            "morpheme": "결혼/NNG+은/JX+몇/MM+살/NNBC+에/JKB+하/VV+고/EC+싶/VX+어/EC+~/SY"
          },
          {
            "id": 2,
            "text": "1 : 그냥 막연하게 이때쯤 하면 좋겠다 싶었던 나이?",
            "norm_text": "그냥 막연하게 이때쯤 하면 좋겠다 싶었던 나이?",
            "speaker": {
              "id": "1번",
              "sex": "여성",
              "age": "20대"
            },
            "speechAct": "(지시) 질문하기",
            "morpheme": "그냥/MAG+막연/XR+하/XSA+게/EC+이때/NP+쯤/XSN+하/VV+면/EC+좋/VA+겠/EP+다/EC+싶/VX+었/EP+던/ETM+나이/NNG"
          },
          {
            "id": 3,
            "text": "2 : 난 40살에 하고 싶었어 너무 늦나? 너는?",
            "norm_text": "난 40살에 하고 싶었어 너무 늦나? 너는?",
            "speaker": {
              "id": "2번",
              "sex": "여성",
              "age": "30대"
            },
            "speechAct": "(지시) 질문하기",
            "morpheme": "난/NP+JX+40/SN+살/NNBC+에/JKB+하/VV+고/EC+싶/VX+었/EP+어/EC+너무/MAG+늦/VA+나/EF+너/NP+는/JX"
          },
          {
            "id": 4,
            "text": "3 : 음 나는 빨리 하고 싶어! 근데 현실적으로는 쉽지 않을 것 같아 ㅠㅠ",
            "norm_text": "음 나는 빨리 하고 싶어! 근데 현실적으로는 쉽지 않을 것 같아 ㅠㅠ",
            "speaker": {
              "id": "3번",
              "sex": "여성",
              "age": "20대"
            },
            "speechAct": "(단언) 주장하기",
            "morpheme": "음/IC+나/NP+는/JX+빨리/MAG+하/VV+고/EC+싶/VX+어/EF+근데/MAJ+현실/NNG+적/XSN+으로/JKB+는/JX+쉽/VA+지/EC+않/VX+을/ETM+것/NNB+같/VA+아/EC+ㅠㅠ/UNKNOWN"
          },
          {
            "id": 5,
            "text": "1 : 근데 요즘에는 다들 늦게 하는 추세라 40살도 괜찮은 듯!",
            "norm_text": "근데 요즘에는 다들 늦게 하는 추세라 40살도 괜찮은 듯!",
            "speaker": {
              "id": "1번",
              "sex": "여성",
              "age": "20대"
            },
            "speechAct": "(단언) 주장하기",
            "morpheme": "근데/MAJ+요즘/NNG+에/JKB+는/JX+다/MAG+들/XSN+늦/VA+게/EC+하/VV+는/ETM+추세/NNG+라/VCP+EC+40/SN+살/NNBC+도/JX+괜찮/VA+은/ETM+듯/NNB"
          },
          {
            "id": 6,
            "text": "1 : 빨리 하면 몇 살 정도를 말하는 걸까 키키",
            "norm_text": "빨리 하면 몇 살 정도를 말하는 걸까 키키",
            "speaker": {
              "id": "1번",
              "sex": "여성",
              "age": "20대"
            },
            "speechAct": "(지시) 질문하기",
            "morpheme": "빨리/MAG+하/VV+면/EC+몇/MM+살/NNBC+정도/NNG+를/JKO+말/NNG+하/XSV+는/ETM+걸까/NNB+VCP+EC+키/NNG+키/XSV+ETN"
          },
          {
            "id": 7,
            "text": "2 : 25살? 27살? 30살? 요즘은 30살도 빠르다고 하더라~",
            "norm_text": "25살? 27살? 30살? 요즘은 30살도 빠르다고 하더라~",
            "speaker": {
              "id": "2번",
              "sex": "여성",
              "age": "30대"
            },
            "speechAct": "(단언) 진술하기",
            "morpheme": "25/SN+살/NNBC+?/SY+27/SN+살/NNBC+?/SY+30/SN+살/NNBC+요즘/NNG+은/JX+30/SN+살/NNBC+도/JX+빠르/VA+다고/EC+하/VV+더라/EC+~/SY"
          },
          {
            "id": 8,
            "text": "3 : 아 진짜 할 수 있다면 27살 정도에는 하고 싶었어! 근데 왠지 30살이나 30대 초반에 할 듯 해 키키 그냥 내 예상?",
            "norm_text": "아 진짜 할 수 있다면 27살 정도에는 하고 싶었어! 근데 왠지 30살이나 30대 초반에 할 듯 해 키키 그냥 내 예상?",
            "speaker": {
              "id": "3번",
              "sex": "여성",
              "age": "20대"
            },
            "speechAct": "(단언) 주장하기",
            "morpheme": "아/IC+진짜/MAG+할/VV+ETM+수/NNB+있/VV+다면/EC+27/SN+살/NNBC+정도/NNG+에/JKB+는/JX+하/VV+고/EC+싶/VX+었/EP+어/EF+근데/MAJ+왠지/MAG+30/SN+살/NNBC+이나/JX+30/SN+대초반에할듯해키키그냥내예상/UNKNOWN"
          },
          {
            "id": 9,
            "text": "3 : 요즘에는 30대 초반이 그냥 적령기던데",
            "norm_text": "요즘에는 30대 초반이 그냥 적령기던데",
            "speaker": {
              "id": "3번",
              "sex": "여성",
              "age": "20대"
            },
            "speechAct": "(단언) 주장하기",
            "morpheme": "요즘/NNG+에/JKB+는/JX+30/SN+대/NNBC+초반/NNG+이/JKS+그냥/MAG+적령기/NNG+던데/VCP+EC"
          },
          {
            "id": 10,
            "text": "1 : 맞아 예전에는 30대 초반이 늦은 거였는데 요즘은 적당하거나 오히려 빠른 축에 속하는 거 같애",
            "norm_text": "맞아 예전에는 30대 초반이 늦은 거였는데 요즘은 적당하거나 오히려 빠른 축에 속하는 거 같애",
            "speaker": {
              "id": "1번",
              "sex": "여성",
              "age": "20대"
            },
            "speechAct": "(단언) 주장하기",
            "morpheme": "맞/VV+아/EC+예전/NNG+에/JKB+는/JX+30/SN+대/NNBC+초반/NNG+이/JKS+늦/VA+은/ETM+거/NNB+였/VCP+EP+는데/EC+요즘/NNG+은/JX+적당/XR+하/XSA+거나/EC+오히려/MAJ+빠른/VA+ETM+축/NNB+에/JKB+속하/VV+는/ETM+거/NNB+같/VA+애/EC"
          },
          {
            "id": 11,
            "text": "2 : 여자는 30살 초반이면 괜찮다고 보는데 이제 남자는 나이 그런 거에 대해서 별로 신경 쓰지 않는 거 같아",
            "norm_text": "여자는 30살 초반이면 괜찮다고 보는데 이제 남자는 나이 그런 거에 대해서 별로 신경 쓰지 않는 거 같아",
            "speaker": {
              "id": "2번",
              "sex": "여성",
              "age": "30대"
            },
            "speechAct": "(단언) 주장하기",
            "morpheme": "여자/NNG+는/JX+30/SN+살/NNBC+초반/NNG+이/VCP+면/EC+괜찮/VA+다고/EC+보/VX+는데/EC+이제/MAG+남자/NNG+는/JX+나이/NNG+그런/MM+거/NNB+에/JKB+대해서/VV+EC+별로/MAG+신경/NNG+쓰/VV+지/EC+않/VX+는/ETM+거/NNB+같/VA+아/EC"
          },
          {
            "id": 12,
            "text": "2 : 남자는 50대 미혼도 되게 많더라",
            "norm_text": "남자는 50대 미혼도 되게 많더라",
            "speaker": {
              "id": "2번",
              "sex": "여성",
              "age": "30대"
            },
            "speechAct": "(단언) 진술하기",
            "morpheme": "남자/NNG+는/JX+50/SN+대/NNBC+미혼/NNG+도/JX+되게/MAG+많/VA+더라/EC"
          },
          {
            "id": 13,
            "text": "3 : 언니는 결혼할 때 손님들 식사 제공한 거 뷔페식이었어?",
            "norm_text": "언니는 결혼할 때 손님들 식사 제공한 거 뷔페식이었어?",
            "speaker": {
              "id": "3번",
              "sex": "여성",
              "age": "20대"
            },
            "speechAct": "(지시) 질문하기",
            "morpheme": "언니/NNG+는/JX+결혼/NNG+할/XSV+ETM+때/NNG+손님/NNG+들/XSN+식사/NNG+제공/NNG+한/XSA+ETM+거/NNB+뷔페/NNG+식/NNB+이/VCP+었/EP+어/EF"
          },
          {
            "id": 14,
            "text": "1 : 아니 나는 동시 예식! 자리에 앉아서 2부 보면서 먹는 거였엉 하하",
            "norm_text": "아니 나는 동시 예식! 자리에 앉아서 2부 보면서 먹는 거였엉 하하",
            "speaker": {
              "id": "1번",
              "sex": "여성",
              "age": "20대"
            },
            "speechAct": "(단언) 진술하기",
            "morpheme": "아니/IC+나/NP+는/JX+동시/NNG+예식/NNG+!/SY+자리/NNG+에/JKB+앉/VV+아서/EC+2/SN+부/NNBC+보/VV+면서/EC+먹/VV+는/ETM+거/NNB+였/VCP+EP+엉/EC+하하/MAG"
          },
          {
            "id": 15,
            "text": "1 : 근데 자리가 부족해서 1부 때 뒤에 서서 보던 사람들은 그 호텔에 있는 다른 중식당이나 뷔페로 이동해서 먹고 그랬오",
            "norm_text": "근데 자리가 부족해서 1부 때 뒤에 서서 보던 사람들은 그 호텔에 있는 다른 중식당이나 뷔페로 이동해서 먹고 그랬오",
            "speaker": {
              "id": "1번",
              "sex": "여성",
              "age": "20대"
            },
            "speechAct": "(단언) 진술하기",
            "morpheme": "근데/MAJ+자리/NNG+가/JKS+부족/NNG+해서/XSV+EC+1/SN+부/NNBC+때/NNG+뒤/NNG+에서/JKB+서/VV+EC+보/VX+던/ETM+사람/NNG+들/XSN+은/JX+그/MM+호텔/NNG+에/JKB+있/VV+는/ETM+다른/MM+중/NNB+식당/NNG+이나/JC+뷔페/NNG+로/JKB+이동/NNG+해서/XSV+EC+먹/VV+고/EC+그랬/VV+EP+오/EC"
          },
          {
            "id": 16,
            "text": "2 : 하객석이 몇 석이었는데? 예상보다 너무 많이 왔었어?",
            "norm_text": "하객석이 몇 석이었는데? 예상보다 너무 많이 왔었어?",
            "speaker": {
              "id": "2번",
              "sex": "여성",
              "age": "30대"
            },
            "speechAct": "(지시) 질문하기",
            "morpheme": "하/IC+객석/NNG+이/JKS+몇/MM+석/NNBC+이/VCP+었/EP+는데/EC+?/SY+예상/NNG+보다/JKB+너무/MAG+많이/MAG+왔었/VV+EP+어/EF"
          },
          {
            "id": 17,
            "text": "2 : 코로나 이전이라 좋았겠다~",
            "norm_text": "코로나 이전이라 좋았겠다~",
            "speaker": {
              "id": "2번",
              "sex": "여성",
              "age": "30대"
            },
            "speechAct": "(단언) 주장하기",
            "morpheme": "코로나/NNG+이전/NNG+이/VCP+라/EC+좋/VA+았/EP+겠/EP+다/EC+~/SY"
          },
          {
            "id": 18,
            "text": "3 : 오홍 좋네 좋네 진짜 코로나 이전에 해서 다행이긴 하다 ㅠㅠ",
            "norm_text": "오홍 좋네 좋네 진짜 코로나 이전에 해서 다행이긴 하다 ㅠㅠ",
            "speaker": {
              "id": "3번",
              "sex": "여성",
              "age": "20대"
            },
            "speechAct": "(단언) 주장하기",
            "morpheme": "오/NR+홍/NNG+좋/VA+네/EF+좋/VA+네/EF+진짜/MAG+코로나/NNG+이전/NNG+에/JKB+해서/VV+EC+다행/NNG+이/VCP+긴/ETN+JX+하/VX+다/EF+ㅠㅠ/UNKNOWN"
          },
          {
            "id": 19,
            "text": "3 : 요즘에는 다 뒤로 미루고 해서 예식장 예약 다 찼다고 하던데",
            "norm_text": "요즘에는 다 뒤로 미루고 해서 예식장 예약 다 찼다고 하던데",
            "speaker": {
              "id": "3번",
              "sex": "여성",
              "age": "20대"
            },
            "speechAct": "(단언) 진술하기",
            "morpheme": "요즘/NNG+에/JKB+는/JX+다/MAG+뒤/NNG+로/JKB+미루/VV+고/EC+해서/VV+EC+예식장/NNG+예약/NNG+다/MAG+찼/VV+EP+다고/EC+하/VV+던데/EC"
          },
          {
            "id": 20,
            "text": "1 : 그치 요새는 100명밖에 못 들어가잖아...",
            "norm_text": "그치 요새는 100명밖에 못 들어가잖아...",
            "speaker": {
              "id": "1번",
              "sex": "여성",
              "age": "20대"
            },
            "speechAct": "(단언) 주장하기",
            "morpheme": "그치/IC+요새/NNG+는/JX+100/SN+명/NNBC+밖에/JX+못/MAG+들어가/VV+잖아/EF+./SY"
          },
          {
            "id": 21,
            "text": "1 : 나는 330석이었는데 넘칠 거 예상했었어 ㅠㅠ",
            "norm_text": "나는 330석이었는데 넘칠 거 예상했었어 ㅠㅠ",
            "speaker": {
              "id": "1번",
              "sex": "여성",
              "age": "20대"
            },
            "speechAct": "(단언) 진술하기",
            "morpheme": "나/NP+는/JX+330/SN+석이었는데넘칠거예상했었어ㅠㅠ/UNKNOWN"
          },
          {
            "id": 22,
            "text": "1 : 그거 보다 큰 홀이 있었는데 난 저기가 예뻐서 그냥 감수하고 최대한 안 부르고 넘치면 다른 식당으로 이동하는 걸로 해서 한 거얌",
            "norm_text": "그거 보다 큰 홀이 있었는데 난 저기가 예뻐서 그냥 감수하고 최대한 안 부르고 넘치면 다른 식당으로 이동하는 걸로 해서 한 거얌",
            "speaker": {
              "id": "1번",
              "sex": "여성",
              "age": "20대"
            },
            "speechAct": "(단언) 진술하기",
            "morpheme": "그거/NP+보다/JKB+큰/VA+ETM+홀/NNP+이/JKS+있/VA+었/EP+는데/EC+난/NP+JX+저기/NP+가/JKS+예뻐서/VA+EC+그냥/MAG+감수/NNG+하/XSV+고/EC+최대한/MAG+안/MAG+부르/VV+고/EC+넘치/VV+면/EC+다른/MM+식당/NNG+으로/JKB+이동/NNG+하/XSV+는/ETM+걸로/NNB+JKB+해서/VV+EC+한/VX+ETM+거/NNB+얌/NNP"
          },
          {
            "id": 23,
            "text": "2 : 결혼식장 예약할 때 어떤 거 어떤 거 결정해야 돼? 결정할 거 되게 많지?",
            "norm_text": "결혼식장 예약할 때 어떤 거 어떤 거 결정해야 돼? 결정할 거 되게 많지?",
            "speaker": {
              "id": "2번",
              "sex": "여성",
              "age": "30대"
            },
            "speechAct": "(지시) 질문하기",
            "morpheme": "결혼식장/NNG+예약/NNG+할/XSV+ETM+때/NNG+어떤/MM+거/NNB+어떤/MM+거/NNB+결정/NNG+해야/XSV+EC+돼/VV+EF+결정/NNG+할/XSV+ETM+거/NNB+되게/MAG+많/VA+지/EF"
          },
          {
            "id": 24,
            "text": "2 : 꽃 장식도 취향에 따라 선택할 수 있게 돼 있어?",
            "norm_text": "꽃 장식도 취향에 따라 선택할 수 있게 돼 있어?",
            "speaker": {
              "id": "2번",
              "sex": "여성",
              "age": "30대"
            },
            "speechAct": "(지시) 질문하기",
            "morpheme": "꽃장식/NNP+도/JX+취향/NNG+에/JKB+따라/VV+EC+선택/NNG+할/XSV+ETM+수/NNB+있/VV+게/EC+돼/VV+EC+있/VX+어/EF"
          },
          {
            "id": 25,
            "text": "3 : 내가 알고 있는 거는... 뭐 인원수랑 식 절차 어떻게 할지, 음악 따로 깔고 싶은 거 있는지, 음식, 꽃도 그렇고... 이것밖에 모른다 키키",
            "norm_text": "내가 알고 있는 거는... 뭐 인원수랑 식 절차 어떻게 할지, 음악 따로 깔고 싶은 거 있는지, 음식, 꽃도 그렇고... 이것밖에 모른다 키키",
            "speaker": {
              "id": "3번",
              "sex": "여성",
              "age": "20대"
            },
            "speechAct": "(단언) 주장하기",
            "morpheme": "내/NP+가/JKS+알/VV+고/EC+있/VX+는/ETM+거/NNB+는/JX+./SY+뭐/IC+인원수/NNG+랑/JKB+식/NNG+절차/NNG+어떻/VA+게/EC+할지/VX+EC+,/SC+음악/NNG+따로/MAG+깔/VV+고/EC+싶/VX+은/ETM+거/NNB+있/VA+는지/EC+,/SC+음식/NNG+,/SC+꽃/NNG+도/JX+그렇/VA+고/EC+./SY+./SY+이것/NP+밖에/JX+모른/VV+ETM+다키키/NNP"
          },
          {
            "id": 26,
            "text": "1 : 응 그게 거의 대부분이지 뭐~",
            "norm_text": "응 그게 거의 대부분이지 뭐~",
            "speaker": {
              "id": "1번",
              "sex": "여성",
              "age": "20대"
            },
            "speechAct": "(단언) 주장하기",
            "morpheme": "응/IC+그게/NP+JKS+거의/MAG+대부분/NNG+이/VCP+지/EF+뭐/IC+~/SY"
          },
          {
            "id": 27,
            "text": "1 : 꽃 장식은 스몰 웨딩이면 진짜 취향 세세하게 반영할 수 있을 텐데 그렇지 않고는 뭐 에이 타입 비 타입 이런 식으로 정해져 있는 거 중에 마음에 드는 거 선택하는 정도!?",
            "norm_text": "꽃 장식은 스몰 웨딩이면 진짜 취향 세세하게 반영할 수 있을 텐데 그렇지 않고는 뭐 에이 타입 비 타입 이런 식으로 정해져 있는 거 중에 마음에 드는 거 선택하는 정도!?",
            "speaker": {
              "id": "1번",
              "sex": "여성",
              "age": "20대"
            },
            "speechAct": "(단언) 주장하기",
            "morpheme": "꽃장식/NNP+은/JX+스몰/NNP+웨딩/NNP+이/VCP+면/EC+진짜/MAG+취향/NNG+세세/NNG+하/XSV+게/EC+반영/NNG+할/XSV+ETM+수/NNB+있/VV+을/ETM+텐데/NNB+VCP+EC+그렇/VA+지/EC+않/VX+고/EC+는/JX+뭐/NP+에/JKB+이타/NNG+입비/NNG+타입/NNG+이런/MM+식/NNB+으로/JKB+정해져/VV+EC+VX+EC+있/VX+는/ETM+거/NNB+중/NNB+에/JKB+마음/NNG+에/JKB+드/VV+는/ETM+거/NNB+선택/NNG+하/XSV+는/ETM+정도/NNG+!/SY"
          },
          {
            "id": 28,
            "text": "1 : 일반 예식장은 선택 안 하는데도 많을 껄 그냥 조화로 되어있어서",
            "norm_text": "일반 예식장은 선택 안 하는데도 많을 껄 그냥 조화로 되어있어서",
            "speaker": {
              "id": "1번",
              "sex": "여성",
              "age": "20대"
            },
            "speechAct": "(단언) 주장하기",
            "morpheme": "일반/NNG+예식장/NNG+은/JX+선택/NNG+안/MAG+하/VV+는/ETM+데/NNB+도/JX+많/VA+을껄/EF+그냥/MAG+조화/NNG+로/JKB+되/VV+어/EC+있/VX+어서/EC"
          },
          {
            "id": 29,
            "text": "2 : 으 나는 조화 싫어하는데 ㅠㅠ 원하면 생화로도 할 수 있었어?",
            "norm_text": "으 나는 조화 싫어하는데 ㅠㅠ 원하면 생화로도 할 수 있었어?",
            "speaker": {
              "id": "2번",
              "sex": "여성",
              "age": "30대"
            },
            "speechAct": "(지시) 질문하기",
            "morpheme": "으/IC+나/NP+는/JX+조화/NNG+싫/VA+어/EC+하/VV+는데/EC+ㅠㅠ/UNKNOWN+원/NNG+하/XSV+면/EC+생화/NNG+로/JKB+도/JX+할/VV+ETM+수/NNB+있/VV+었/EP+어/EF"
          },
          {
            "id": 30,
            "text": "3 : 내가 알바 했던 예식장이 3군데였는데 제일 꼬진...? 거기만 조화였고 다른 한 곳은 그냥 중간 정도였는데",
            "norm_text": "내가 알바 했던 예식장이 3군데였는데 제일 꼬진...? 거기만 조화였고 다른 한 곳은 그냥 중간 정도였는데",
            "speaker": {
              "id": "3번",
              "sex": "여성",
              "age": "20대"
            },
            "speechAct": "(단언) 진술하기",
            "morpheme": "내/NP+가/JKS+알/VV+ETM+바/NNB+했/VV+EP+던/ETM+예식장/NNG+이/JKS+3/SN+군데/NNBC+였/VCP+EP+는데/EC+제일/MAG+꼬진/VA+ETM+./SY+./SY+거기/NP+만/JX+조화/NNG+였/VCP+EP+고/EC+다른/MM+한/MM+곳/NNG+은/JX+그냥/MAG+중간/NNG+정도/NNG+였/VCP+EP+는데/EC"
          },
          {
            "id": 31,
            "text": "3 : 거기도 생화 썼고 다른 한 곳은 좀 비싼 곳이었는데 진짜 꽃 어마 무시 했다... 근데 많으면 많을 수록 이쁜 건 어쩔 수 없더라고 ㅠㅠ",
            "norm_text": "거기도 생화 썼고 다른 한 곳은 좀 비싼 곳이었는데 진짜 꽃 어마 무시 했다... 근데 많으면 많을 수록 이쁜 건 어쩔 수 없더라고 ㅠㅠ",
            "speaker": {
              "id": "3번",
              "sex": "여성",
              "age": "20대"
            },
            "speechAct": "(단언) 주장하기",
            "morpheme": "거기도생화썼고다른한곳은좀비싼곳이었는데진짜꽃어마무시했다/UNKNOWN+./SY+근데많으면많을수록이쁜건어쩔수없더라고ㅠㅠ/UNKNOWN"
          },
          {
            "id": 32,
            "text": "1 : 맞아 꽃은 많아야 돼! 나는 생화로 했어서 바꿀 수 있나는 모르겠당 ㅠㅠ",
            "norm_text": "맞아 꽃은 많아야 돼! 나는 생화로 했어서 바꿀 수 있나는 모르겠당 ㅠㅠ",
            "speaker": {
              "id": "1번",
              "sex": "여성",
              "age": "20대"
            },
            "speechAct": "(단언) 주장하기",
            "morpheme": "맞/VV+아/EC+꽃/NNG+은/JX+많/VA+아야/EC+돼/VV+EF+나는생화로했어서바꿀수있나는모르겠당ㅠㅠ/UNKNOWN"
          },
          {
            "id": 33,
            "text": "1 : 생화로 하고 식 끝나면 하객들 다 꽃 가져갈 수 있게 했는데 그렇게 하니까 안 아깝고 좋더라~",
            "norm_text": "생화로 하고 식 끝나면 하객들 다 꽃 가져갈 수 있게 했는데 그렇게 하니까 안 아깝고 좋더라~",
            "speaker": {
              "id": "1번",
              "sex": "여성",
              "age": "20대"
            },
            "speechAct": "(단언) 주장하기",
            "morpheme": "생화로하고식끝나면하객들다꽃가져갈수있게했는데그렇게하니까안아깝고좋더라/UNKNOWN+~/SY"
          },
          {
            "id": 34,
            "text": "2 : 답례품은 뭘로 했어? 이렇게 물으니까 꼭 결혼 앞두고 있는 사람 같다~",
            "norm_text": "답례품은 뭘로 했어? 이렇게 물으니까 꼭 결혼 앞두고 있는 사람 같다~",
            "speaker": {
              "id": "2번",
              "sex": "여성",
              "age": "30대"
            },
            "speechAct": "(지시) 질문하기",
            "morpheme": "답례품/NNG+은/JX+뭘로/NP+JKB+했/VV+EP+어/EF+이렇게/MAG+물으니까/VV+EC+꼭/MAG+결혼/NNG+앞두/VV+고/EC+있/VX+는/ETM+사람/NNG+같/VA+다/EC+~/SY"
          },
          {
            "id": 35,
            "text": "2 : 미리 말해 두지만 계획 없습니다~",
            "norm_text": "미리 말해 두지만 계획 없습니다~",
            "speaker": {
              "id": "2번",
              "sex": "여성",
              "age": "30대"
            },
            "speechAct": "(단언) 주장하기",
            "morpheme": "미리/MAG+말/NNG+해/XSV+EC+두/VX+지만/EC+계획/NNG+없/VA+습니다/EF+~/SY"
          },
          {
            "id": 36,
            "text": "3 : 엇 답례품은 뭐야? 처음 들어보네",
            "norm_text": "엇 답례품은 뭐야? 처음 들어보네",
            "speaker": {
              "id": "3번",
              "sex": "여성",
              "age": "20대"
            },
            "speechAct": "(지시) 질문하기",
            "morpheme": "엇/IC+답례품/NNG+은/JX+뭐/NP+야/VCP+EF+처음/MAG+들/VV+어/EC+보/VX+네/EC"
          },
          {
            "id": 37,
            "text": "1 : 요새는 코로나라 식사를 못하고 가는 사람들이 많으니까 와인이나 홍삼 이런 거 주던데 나는 식사 했어서 그날은 답례품 따로 없었고! 식 끝나고 나중에 회사 사람들이나 뭐 이렇게는 쿠키 돌렸음!",
            "norm_text": "요새는 코로나라 식사를 못하고 가는 사람들이 많으니까 와인이나 홍삼 이런 거 주던데 나는 식사 했어서 그날은 답례품 따로 없었고! 식 끝나고 나중에 회사 사람들이나 뭐 이렇게는 쿠키 돌렸음!",
            "speaker": {
              "id": "1번",
              "sex": "여성",
              "age": "20대"
            },
            "speechAct": "(단언) 진술하기",
            "morpheme": "요새는코로나라식사를못하고가는사람들이많으니까와인이나홍삼이런거주던데나는식사했어서그날은답례품따로없었고/UNKNOWN+식끝나고나중에회사사람들이나뭐이렇게는쿠키돌렸음/UNKNOWN"
          },
          {
            "id": 38,
            "text": "2 : 얼른 코로나 끝나서 결혼식 다들 예쁘게 했으면 좋겠다~",
            "norm_text": "얼른 코로나 끝나서 결혼식 다들 예쁘게 했으면 좋겠다~",
            "speaker": {
              "id": "2번",
              "sex": "여성",
              "age": "30대"
            },
            "speechAct": "(단언) 주장하기",
            "morpheme": "얼른코로나끝나서결혼식다들예쁘게했으면좋겠다/UNKNOWN+~/SY"
          },
          {
            "id": 39,
            "text": "3 : 그니까... 좀 눈치 안보고 이런 저런 행사 다니고 싶어 ㅠㅠ",
            "norm_text": "그니까... 좀 눈치 안보고 이런 저런 행사 다니고 싶어 ㅠㅠ",
            "speaker": {
              "id": "3번",
              "sex": "여성",
              "age": "20대"
            },
            "speechAct": "(단언) 주장하기",
            "morpheme": "그니까/MAJ+./SY+좀눈치안보고이런저런행사다니고싶어ㅠㅠ/UNKNOWN"
          }
        ]
      }
    }
  ]
}