{
  "dataset": {
    "identifier": 40717,
    "name": "BAND_35_03_set",
    "src_path": "/data/file/cubeManager/PROJECT001/53/txt20210930140924055822/BAND_35_03_set/",
    "label_path": "/data/file/cubeManager/PROJECT001/53/txt20210930140924055822/BAND_35_03_set/",
    "category": 2,
    "type": 0
  },
  "licenses": {
    "name": "Apache License 1.0",
    "url": "http://www.apache.org/licenses/LICENSE-1.0"
  },
  "info": [
    {
      "id": 37653,
      "filename": "BAND_35_03.txt",
      "title": "BAND_35_03",
      "mediatype": "SNS",
      "medianame": "네이버밴드",
      "category": "일상대화",
      "date": "2021-09-30",
      "size": 1242,
      "annotations": {
        "subject": "주거와 생활",
        "speaker_type": "다자간 대화",
        "size": 1242,
        "word_size": 399,
        "text": "1 : 비 오는 날에 버스랑 지하철에 사람 진짜 많더라...\n2 : 맞아 사람 진짜 많아 ㅠㅠ\n2 : 내가 타는 역에 원래 환승 센터긴 한데 줄 서서 탄 거는 처음이었어... 키키\n3 : 키키 내 쪽은 이제 포기고\n3 : **쪽도 아침에 사람 많은 편이야?\n1 : 버스랑 7호선이 2호선 보다 많은 편인데 요즘은 2호선도 점점 많아지는 거 같아 ㅜㅜ\n2 : 그니까 다시 재택 끝난 것 같아...\n3 : 맞아 이제 백신 맞은 사람들 늘어나서 재택 점점 안 하지 않을까 ㅠㅠ\n1 : 진짜 재택 안 하고 비 오는 날은 생각만 해도 최악이다...\n2 : 와 진짜 상상 이상이겠다\n2 : 지금 코로나라 다행인 건가 오히려... 키키\n3 : 지금도 많은데 더 많을 생각하면 답도 없다\n3 : 지하철 몇 개씩 보내고 타야 되냐 도대체 ㅠㅠ 에휴\n1 : 그니까! 출근 시간 왜 다 비슷한 거야 그게 젤 문제야!\n2 : 진짜 ㅠㅠ 일찍 출근하고 일찍 퇴근할래 난! 키키\n3 : 키키 근데 지하철에서 진짜 이상한 일 겪어본 적 있어?\n1 : 많지 많지 할많하않이야... 너무 싫어 진짜\n2 : 키키 진짜 할많하않인데...\n2 : 저번에 사람 꽉 차서 서서 가는데 어떤  남자가 옆에서 다리 쩍벌 하고 서 있어 가지고  내 발 11자로 하고 왔었다...\n2 : 나 진짜 중심 겨우 잡으면서 출근했어 ㅠㅠ\n3 : 키키 아 그거 뭔지 알아 나도 당해봤는데... 진짜 몸을 맡겨야 함 그냥...\n1 : 키키 서서 쩍벌? 웃기다 앉아서 쩍벌도 짱 짜증나\n2 : 아니 옆에서 쳐다보면서 발을 톡톡 계속 쳤는데 좀 치워 달라고...\n2 : 절대 몰라 모른 척 하는 건지 ㅠㅠ\n3 : 키키 언니가 그냥 흔들리면서 친 줄 알았을 듯 백 퍼야\n1 : 키키 맞아 근데 나도 서서 다리 좀 벌리는 편이야\n1 : 다리 좁게 있으면 중심이 잘 안 잡혀 ㅜ 물론 저 사람처럼 쩍벌은 아니구 ^^\n2 : 그래 어느 정도 벌려야 중심이 잡히는데 저 사람 때문에 진짜 완전 좁게 거의  끝까지 왔어 ㅠㅠ\n2 : 주변 사람들도 하필 이동이 많이 없어서\n3 : 나는 얼마 전에 언니랑 집 갈 때 마스크도 안 쓰고 무슨 가발 같은 거 쓴 아저씨가 마스크도 없이 물건 판다고 사람 많은데 얘기한 거 봤어\n1 : 헐 원래도 써야 되는데 그렇게 물건 팔고 다니면서 마스크고 안 썼다고? 오바네 진짜\n2 : 아 맞아 근데 좀 정상인 느낌은 아니었어 엄청 가발도 떡지고...\n2 : 그 사람 주변으로 동그랗게 자리 비어있었당 키키\n3 : 마스크가 아예 없었고 무슨 연극에 꽐라 아저씨 역할 같은 느낌이었어 얼굴도 빨갛고 캐릭터 같아서 신기했어",
        "lines": [
          {
            "id": 1,
            "text": "1 : 비 오는 날에 버스랑 지하철에 사람 진짜 많더라...",
            "norm_text": "비 오는 날에 버스랑 지하철에 사람 진짜 많더라...",
            "speaker": {
              "id": "1번",
              "sex": "여성",
              "age": "20대"
            },
            "speechAct": "(단언) 진술하기",
            "morpheme": "비오/NNG+는/JX+날/NNG+에/JKB+버스/NNG+랑/JKB+지하철/NNG+에/JKB+사람/NNG+진짜/MAG+많/VA+더라/EF+./SY"
          },
          {
            "id": 2,
            "text": "2 : 맞아 사람 진짜 많아 ㅠㅠ",
            "norm_text": "맞아 사람 진짜 많아 ㅠㅠ",
            "speaker": {
              "id": "2번",
              "sex": "여성",
              "age": "20대"
            },
            "speechAct": "(단언) 진술하기",
            "morpheme": "맞/VV+아/EC+사람/NNG+진짜/MAG+많/VA+아/EC+ㅠㅠ/UNKNOWN"
          },
          {
            "id": 3,
            "text": "2 : 내가 타는 역에 원래 환승 센터긴 한데 줄 서서 탄 거는 처음이었어... 키키",
            "norm_text": "내가 타는 역에 원래 환승 센터긴 한데 줄 서서 탄 거는 처음이었어... 키키",
            "speaker": {
              "id": "2번",
              "sex": "여성",
              "age": "20대"
            },
            "speechAct": "(단언) 진술하기",
            "morpheme": "내/NP+가/JKS+타/VV+는/ETM+역/NNG+에/JKB+원래/MAG+환승/NNG+센터/NNG+VCP+긴/ETN+JX+한데/VX+EC+줄서/VV+서/EC+탄/VV+ETM+거/NNB+는/JX+처음/NNG+이/VCP+었/EP+어/EF+./SY+키/NNG+키/XSV+ETN"
          },
          {
            "id": 4,
            "text": "3 : 키키 내 쪽은 이제 포기고",
            "norm_text": "키키 내 쪽은 이제 포기고",
            "speaker": {
              "id": "3번",
              "sex": "여성",
              "age": "20대"
            },
            "speechAct": "(단언) 주장하기",
            "morpheme": "키/NNG+키/XSV+ETN+내/NP+JKG+쪽/NNB+은/JX+이제/MAG+포기/NNG+고/VCP+EC"
          },
          {
            "id": 5,
            "text": "3 : **쪽도 아침에 사람 많은 편이야?",
            "norm_text": "**쪽도 아침에 사람 많은 편이야?",
            "speaker": {
              "id": "3번",
              "sex": "여성",
              "age": "20대"
            },
            "speechAct": "(지시) 질문하기",
            "morpheme": "*/SY+*/SY+쪽/NNB+도/JX+아침/NNG+에/JKB+사람/NNG+많/VA+은/ETM+편/NNB+이/VCP+야/EF"
          },
          {
            "id": 6,
            "text": "1 : 버스랑 7호선이 2호선 보다 많은 편인데 요즘은 2호선도 점점 많아지는 거 같아 ㅜㅜ",
            "norm_text": "버스랑 7호선이 2호선 보다 많은 편인데 요즘은 2호선도 점점 많아지는 거 같아 ㅜㅜ",
            "speaker": {
              "id": "1번",
              "sex": "여성",
              "age": "20대"
            },
            "speechAct": "(단언) 진술하기",
            "morpheme": "버스/NNG+랑/JKB+7/SN+호/NNBC+선/NNG+이/JKS+2/SN+호/NNBC+선/NNG+보다/JKB+많/VA+은/ETM+편/NNB+인데/VCP+EC+요즘/NNG+은/JX+2/SN+호/NNBC+선/NNG+도/JX+점점/MAG+많/VA+아/EC+지/VX+는/ETM+거/NNB+같/VA+아/EC+ㅜㅜ/UNKNOWN"
          },
          {
            "id": 7,
            "text": "2 : 그니까 다시 재택 끝난 것 같아...",
            "norm_text": "그니까 다시 재택 끝난 것 같아...",
            "speaker": {
              "id": "2번",
              "sex": "여성",
              "age": "20대"
            },
            "speechAct": "(단언) 주장하기",
            "morpheme": "그니까/MAJ+다시/MAG+재택/NNG+끝난/VV+ETM+것/NNB+같/VA+아/EF+./SY"
          },
          {
            "id": 8,
            "text": "3 : 맞아 이제 백신 맞은 사람들 늘어나서 재택 점점 안 하지 않을까 ㅠㅠ",
            "norm_text": "맞아 이제 백신 맞은 사람들 늘어나서 재택 점점 안 하지 않을까 ㅠㅠ",
            "speaker": {
              "id": "3번",
              "sex": "여성",
              "age": "20대"
            },
            "speechAct": "(단언) 주장하기",
            "morpheme": "맞아/IC+이제/MAG+백신/NNG+맞/VV+은/ETM+사람/NNG+들/XSN+늘어나/VV+서/EC+재택/NNG+점점/MAG+안/MAG+하/VV+지/EC+않/VX+을까/EF+ㅠㅠ/UNKNOWN"
          },
          {
            "id": 9,
            "text": "1 : 진짜 재택 안 하고 비 오는 날은 생각만 해도 최악이다...",
            "norm_text": "진짜 재택 안 하고 비 오는 날은 생각만 해도 최악이다...",
            "speaker": {
              "id": "1번",
              "sex": "여성",
              "age": "20대"
            },
            "speechAct": "(단언) 주장하기",
            "morpheme": "진짜/MAG+재택/NNG+안/MAG+하/VV+고/EC+비오/VV+는/ETM+날/NNG+은/JX+생각/NNG+만/JX+해도/VV+EC+최악/NNG+이/VCP+다/EF+./SY"
          },
          {
            "id": 10,
            "text": "2 : 와 진짜 상상 이상이겠다",
            "norm_text": "와 진짜 상상 이상이겠다",
            "speaker": {
              "id": "2번",
              "sex": "여성",
              "age": "20대"
            },
            "speechAct": "(단언) 주장하기",
            "morpheme": "와/IC+진짜/MAG+상상/NNG+이상/NNG+이/VCP+겠/EP+다/EC"
          },
          {
            "id": 11,
            "text": "2 : 지금 코로나라 다행인 건가 오히려... 키키",
            "norm_text": "지금 코로나라 다행인 건가 오히려... 키키",
            "speaker": {
              "id": "2번",
              "sex": "여성",
              "age": "20대"
            },
            "speechAct": "(단언) 주장하기",
            "morpheme": "지금/MAG+코/NNG+로/JKB+나라/NNG+다행/NNG+인/VCP+ETM+건가/NNB+VCP+EF+오히려/MAJ+./SY+키/NNG+키/XSV+ETN"
          },
          {
            "id": 12,
            "text": "3 : 지금도 많은데 더 많을 생각하면 답도 없다",
            "norm_text": "지금도 많은데 더 많을 생각하면 답도 없다",
            "speaker": {
              "id": "3번",
              "sex": "여성",
              "age": "20대"
            },
            "speechAct": "(단언) 주장하기",
            "morpheme": "지금/NNG+도/JX+많/VA+은데/EC+더/MAG+많/VA+을/ETM+생각/NNG+하/XSV+면/EC+답/NNG+도/JX+없/VA+다/EC"
          },
          {
            "id": 13,
            "text": "3 : 지하철 몇 개씩 보내고 타야 되냐 도대체 ㅠㅠ 에휴",
            "norm_text": "지하철 몇 개씩 보내고 타야 되냐 도대체 ㅠㅠ 에휴",
            "speaker": {
              "id": "3번",
              "sex": "여성",
              "age": "20대"
            },
            "speechAct": "(단언) 주장하기",
            "morpheme": "지하철/NNG+몇/MM+개/NNBC+씩/XSN+보내/VV+고/EC+타/VV+야/EC+되/VV+냐/EF+도대체/MAG+ㅠㅠ/UNKNOWN+에휴/IC"
          },
          {
            "id": 14,
            "text": "1 : 그니까! 출근 시간 왜 다 비슷한 거야 그게 젤 문제야!",
            "norm_text": "그니까! 출근 시간 왜 다 비슷한 거야 그게 젤 문제야!",
            "speaker": {
              "id": "1번",
              "sex": "여성",
              "age": "20대"
            },
            "speechAct": "(단언) 주장하기",
            "morpheme": "그니까/MAJ+출근/NNG+시간/NNG+왜/MAG+다/MAG+비슷/XR+한/XSA+ETM+거/NNB+야/VCP+EF+그게/NP+JKS+젤/MAG+문제/NNG+야/VCP+EF"
          },
          {
            "id": 15,
            "text": "2 : 진짜 ㅠㅠ 일찍 출근하고 일찍 퇴근할래 난! 키키",
            "norm_text": "진짜 ㅠㅠ 일찍 출근하고 일찍 퇴근할래 난! 키키",
            "speaker": {
              "id": "2번",
              "sex": "여성",
              "age": "20대"
            },
            "speechAct": "(단언) 주장하기",
            "morpheme": "진짜/MAG+ㅠㅠ/UNKNOWN+일찍/MAG+출근/NNG+하/XSV+고/EC+일찍/MAG+퇴근/NNG+할래/XSV+EF+난/NP+JX+키/NNG+키/XSV+ETN"
          },
          {
            "id": 16,
            "text": "3 : 키키 근데 지하철에서 진짜 이상한 일 겪어본 적 있어?",
            "norm_text": "키키 근데 지하철에서 진짜 이상한 일 겪어본 적 있어?",
            "speaker": {
              "id": "3번",
              "sex": "여성",
              "age": "20대"
            },
            "speechAct": "(지시) 질문하기",
            "morpheme": "키/NNG+키/XSV+ETN+근데/MAJ+지하철/NNG+에서/JKB+진짜/MAG+이상/NNG+한/XSA+ETM+일/NNG+겪/VV+어/EC+본/VX+ETM+적/NNB+있/VA+어/EF"
          },
          {
            "id": 17,
            "text": "1 : 많지 많지 할많하않이야... 너무 싫어 진짜",
            "norm_text": "많지 많지 할많하않이야... 너무 싫어 진짜",
            "speaker": {
              "id": "1번",
              "sex": "여성",
              "age": "20대"
            },
            "speechAct": "(단언) 주장하기",
            "morpheme": "많/VA+지/EC+많/VA+지/EC+할/VX+ETM+많하/UNKNOWN+않/NNG+이/VCP+야/EF+./SY+너무/MAG+싫/VA+어/EF+진짜/MAG"
          },
          {
            "id": 18,
            "text": "2 : 키키 진짜 할많하않인데...",
            "norm_text": "키키 진짜 할많하않인데...",
            "speaker": {
              "id": "2번",
              "sex": "여성",
              "age": "20대"
            },
            "speechAct": "(단언) 주장하기",
            "morpheme": "키/NNG+키/NNG+진짜/NNG+할/XSV+ETM+많하/UNKNOWN+않/NNG+인데/VCP+EC+./SY+./SY"
          },
          {
            "id": 19,
            "text": "2 : 저번에 사람 꽉 차서 서서 가는데 어떤  남자가 옆에서 다리 쩍벌 하고 서 있어 가지고  내 발 11자로 하고 왔었다...",
            "norm_text": "저번에 사람 꽉 차서 서서 가는데 어떤  남자가 옆에서 다리 쩍벌 하고 서 있어 가지고  내 발 11자로 하고 왔었다...",
            "speaker": {
              "id": "2번",
              "sex": "여성",
              "age": "20대"
            },
            "speechAct": "(단언) 진술하기",
            "morpheme": "저번/NNG+에/JKB+사람/NNG+꽉/MAG+차/VV+서/EC+서/VV+서/EC+가/VX+는데/EC+어떤/MM+남자/NNG+가/JKS+옆/NNG+에서/JKB+다리/NNG+쩍/NNG+벌/NNG+하/XSV+고서/EC+있/VX+어/EC+가지/VX+고/EC+내발/NNG+11/SN+자로/NNG+하/XSV+고/EC+왔었/VX+EP+다/EF+./SY"
          },
          {
            "id": 20,
            "text": "2 : 나 진짜 중심 겨우 잡으면서 출근했어 ㅠㅠ",
            "norm_text": "나 진짜 중심 겨우 잡으면서 출근했어 ㅠㅠ",
            "speaker": {
              "id": "2번",
              "sex": "여성",
              "age": "20대"
            },
            "speechAct": "(단언) 진술하기",
            "morpheme": "나/NP+진짜/MAG+중심/NNG+겨우/MAG+잡/VV+으면서/EC+출근/NNG+했/XSV+EP+어/EF+ㅠㅠ/UNKNOWN"
          },
          {
            "id": 21,
            "text": "3 : 키키 아 그거 뭔지 알아 나도 당해봤는데... 진짜 몸을 맡겨야 함 그냥...",
            "norm_text": "키키 아 그거 뭔지 알아 나도 당해봤는데... 진짜 몸을 맡겨야 함 그냥...",
            "speaker": {
              "id": "3번",
              "sex": "여성",
              "age": "20대"
            },
            "speechAct": "(단언) 주장하기",
            "morpheme": "키키/NNP+아/JKV+그거/NP+뭔지/NP+VCP+EC+알/VV+아/EC+나/NP+도/JX+당해/VV+EC+봤/VX+EP+는데/EC+./SY+./SY+진짜/MAG+몸/NNG+을/JKO+맡겨야/VV+EC+함/VV+EC+그냥/MAG+./SY"
          },
          {
            "id": 22,
            "text": "1 : 키키 서서 쩍벌? 웃기다 앉아서 쩍벌도 짱 짜증나",
            "norm_text": "키키 서서 쩍벌? 웃기다 앉아서 쩍벌도 짱 짜증나",
            "speaker": {
              "id": "1번",
              "sex": "여성",
              "age": "20대"
            },
            "speechAct": "(단언) 주장하기",
            "morpheme": "키키서서쩍벌/UNKNOWN+웃기/VV+다/EC+앉/VV+아서/EC+쩍/NNG+벌/NNG+도/JX+짱/NNG+짜증/NNG+나/NP"
          },
          {
            "id": 23,
            "text": "2 : 아니 옆에서 쳐다보면서 발을 톡톡 계속 쳤는데 좀 치워 달라고...",
            "norm_text": "아니 옆에서 쳐다보면서 발을 톡톡 계속 쳤는데 좀 치워 달라고...",
            "speaker": {
              "id": "2번",
              "sex": "여성",
              "age": "20대"
            },
            "speechAct": "(단언) 진술하기",
            "morpheme": "아니/IC+옆/NNG+에서/JKB+쳐다보/VV+면서/EC+발/NNG+을/JKO+톡톡/MAG+계속/MAG+쳤/VV+EP+는데/EC+좀/MAG+치워/VV+EC+달/VX+라고/EC+./SY+./SY"
          },
          {
            "id": 24,
            "text": "2 : 절대 몰라 모른 척 하는 건지 ㅠㅠ",
            "norm_text": "절대 몰라 모른 척 하는 건지 ㅠㅠ",
            "speaker": {
              "id": "2번",
              "sex": "여성",
              "age": "20대"
            },
            "speechAct": "(단언) 주장하기",
            "morpheme": "절대/MAG+몰라/VV+EC+모른/VV+ETM+척/NNB+하/XSV+는/ETM+건지/NNB+VCP+EC+ㅠㅠ/UNKNOWN"
          },
          {
            "id": 25,
            "text": "3 : 키키 언니가 그냥 흔들리면서 친 줄 알았을 듯 백 퍼야",
            "norm_text": "키키 언니가 그냥 흔들리면서 친 줄 알았을 듯 백 퍼야",
            "speaker": {
              "id": "3번",
              "sex": "여성",
              "age": "20대"
            },
            "speechAct": "(단언) 주장하기",
            "morpheme": "키/NNG+키/NNG+언니/NNG+가/JKS+그냥/MAG+흔들리/VV+면서/EC+친/VV+ETM+줄/NNB+알/VV+았/EP+을/ETM+듯/NNB+백/NR+퍼야/VV+EC"
          },
          {
            "id": 26,
            "text": "1 : 키키 맞아 근데 나도 서서 다리 좀 벌리는 편이야",
            "norm_text": "키키 맞아 근데 나도 서서 다리 좀 벌리는 편이야",
            "speaker": {
              "id": "1번",
              "sex": "여성",
              "age": "20대"
            },
            "speechAct": "(단언) 진술하기",
            "morpheme": "키/NNG+키/XSV+ETN+맞/VV+아/EC+근데/MAJ+나/NP+도/JX+서/VV+서/EC+다리/NNG+좀/MAG+벌리/VV+는/ETM+편/NNB+이/VCP+야/EC"
          },
          {
            "id": 27,
            "text": "1 : 다리 좁게 있으면 중심이 잘 안 잡혀 ㅜ 물론 저 사람처럼 쩍벌은 아니구 ^^",
            "norm_text": "다리 좁게 있으면 중심이 잘 안 잡혀 ㅜ 물론 저 사람처럼 쩍벌은 아니구 ^^",
            "speaker": {
              "id": "1번",
              "sex": "여성",
              "age": "20대"
            },
            "speechAct": "(단언) 주장하기",
            "morpheme": "다리/NNG+좁/VA+게/EC+있/VX+으면/EC+중심/NNG+이/JKS+잘/MAG+안/MAG+잡혀/VV+EC+ㅜ/UNKNOWN+물론/MAG+저/MM+사람/NNG+처럼/JKB+쩍/MAG+벌/NNG+은/JX+아니/VCN+구/EC+^/SY+^/SY"
          },
          {
            "id": 28,
            "text": "2 : 그래 어느 정도 벌려야 중심이 잡히는데 저 사람 때문에 진짜 완전 좁게 거의  끝까지 왔어 ㅠㅠ",
            "norm_text": "그래 어느 정도 벌려야 중심이 잡히는데 저 사람 때문에 진짜 완전 좁게 거의  끝까지 왔어 ㅠㅠ",
            "speaker": {
              "id": "2번",
              "sex": "여성",
              "age": "20대"
            },
            "speechAct": "(단언) 진술하기",
            "morpheme": "그래/IC+어느/MM+정도/NNG+벌려야/VV+EC+중심/NNG+이/JKS+잡히/VV+는데/EC+저/MM+사람/NNG+때문/NNB+에/JKB+진짜/MAG+완전/MAG+좁/VA+게/EC+거의/MAG+끝/NNG+까지/JX+왔/VV+EP+어/EF+ㅠㅠ/UNKNOWN"
          },
          {
            "id": 29,
            "text": "2 : 주변 사람들도 하필 이동이 많이 없어서",
            "norm_text": "주변 사람들도 하필 이동이 많이 없어서",
            "speaker": {
              "id": "2번",
              "sex": "여성",
              "age": "20대"
            },
            "speechAct": "(단언) 진술하기",
            "morpheme": "주변/NNG+사람/NNG+들/XSN+도/JX+하필/MAG+이동/NNG+이/JKS+많이/MAG+없/VA+어서/EC"
          },
          {
            "id": 30,
            "text": "3 : 나는 얼마 전에 언니랑 집 갈 때 마스크도 안 쓰고 무슨 가발 같은 거 쓴 아저씨가 마스크도 없이 물건 판다고 사람 많은데 얘기한 거 봤어",
            "norm_text": "나는 얼마 전에 언니랑 집 갈 때 마스크도 안 쓰고 무슨 가발 같은 거 쓴 아저씨가 마스크도 없이 물건 판다고 사람 많은데 얘기한 거 봤어",
            "speaker": {
              "id": "3번",
              "sex": "여성",
              "age": "20대"
            },
            "speechAct": "(단언) 진술하기",
            "morpheme": "나/NP+는/JX+얼마/NNG+전/NNG+에/JKB+언니/NNG+랑/JKB+집/NNG+갈/VV+ETM+때/NNG+마스크/NNG+도/JX+안/MAG+쓰/VV+고/EC+무슨/MM+가발/NNG+같/VA+은/ETM+거/NNB+쓴/VV+ETM+아저씨/NNG+가/JKS+마스크/NNG+도/JX+없이/MAG+물건/NNG+판다고/VV+EC+사람/NNG+많/VA+은데/EC+얘기/NNG+한/XSA+ETM+거/NNB+봤/VV+EP+어/EC"
          },
          {
            "id": 31,
            "text": "1 : 헐 원래도 써야 되는데 그렇게 물건 팔고 다니면서 마스크고 안 썼다고? 오바네 진짜",
            "norm_text": "헐 원래도 써야 되는데 그렇게 물건 팔고 다니면서 마스크고 안 썼다고? 오바네 진짜",
            "speaker": {
              "id": "1번",
              "sex": "여성",
              "age": "20대"
            },
            "speechAct": "(단언) 주장하기",
            "morpheme": "헐/IC+원래/NNG+도/JX+써야/VV+EC+되/VV+는데/EC+그렇게/MAG+물건/NNG+팔/VV+고/EC+다니/VV+면서/EC+마스크/NNG+고/VCP+EC+안/MAG+썼/VV+EP+다고/EF+오바/IC+네/IC+진짜/MAG"
          },
          {
            "id": 32,
            "text": "2 : 아 맞아 근데 좀 정상인 느낌은 아니었어 엄청 가발도 떡지고...",
            "norm_text": "아 맞아 근데 좀 정상인 느낌은 아니었어 엄청 가발도 떡지고...",
            "speaker": {
              "id": "2번",
              "sex": "여성",
              "age": "20대"
            },
            "speechAct": "(단언) 주장하기",
            "morpheme": "아/IC+맞아/IC+근데/MAJ+좀/MAG+정상/NNG+인/VCP+ETM+느낌/NNG+은/JX+아니/VCN+었/EP+어/EC+엄청/MAG+가발/NNG+도/JX+떡/MAG+지/VV+고/EC+./SY+./SY"
          },
          {
            "id": 33,
            "text": "2 : 그 사람 주변으로 동그랗게 자리 비어있었당 키키",
            "norm_text": "그 사람 주변으로 동그랗게 자리 비어있었당 키키",
            "speaker": {
              "id": "2번",
              "sex": "여성",
              "age": "20대"
            },
            "speechAct": "(단언) 진술하기",
            "morpheme": "그/MM+사람/NNG+주변/NNG+으로/JKB+동그랗/VA+게/EC+자리/NNG+비/VV+어/EC+있/VX+었/EP+당/XSN+키/NNG+키/XSV+ETN"
          },
          {
            "id": 34,
            "text": "3 : 마스크가 아예 없었고 무슨 연극에 꽐라 아저씨 역할 같은 느낌이었어 얼굴도 빨갛고 캐릭터 같아서 신기했어",
            "norm_text": "마스크가 아예 없었고 무슨 연극에 꽐라 아저씨 역할 같은 느낌이었어 얼굴도 빨갛고 캐릭터 같아서 신기했어",
            "speaker": {
              "id": "3번",
              "sex": "여성",
              "age": "20대"
            },
            "speechAct": "(단언) 주장하기",
            "morpheme": "마스크/NNG+가/JKS+아예/MAG+없/VA+었/EP+고/EC+무슨/MM+연극/NNG+에/JKB+꽐/NNG+라/VCP+EC+아저씨/NNG+역할/NNG+같/VA+은/ETM+느낌/NNG+이/VCP+었/EP+어/EC+얼굴/NNG+도/JX+빨갛/VA+고/EC+캐릭터/NNG+같/VA+아서/EC+신기/XR+했/XSA+EP+어/EC"
          }
        ]
      }
    }
  ]
}