{
  "dataset": {
    "identifier": 27508,
    "name": "BAND_30_11_set",
    "src_path": "/data/file/cubeManager/PROJECT001/49/txt20210923160937030023/BAND_30_11_set/",
    "label_path": "/data/file/cubeManager/PROJECT001/49/txt20210923160937030023/BAND_30_11_set/",
    "category": 2,
    "type": 0
  },
  "licenses": {
    "name": "Apache License 1.0",
    "url": "http://www.apache.org/licenses/LICENSE-1.0"
  },
  "info": [
    {
      "id": 31762,
      "filename": "BAND_30_11.txt",
      "title": "BAND_30_11",
      "mediatype": "SNS",
      "medianame": "네이버밴드",
      "category": "일상대화",
      "date": "2021-09-23",
      "size": 441,
      "annotations": {
        "subject": "게임",
        "speaker_type": "1:1",
        "size": 441,
        "word_size": 140,
        "text": "1 : 우리 기억나? 테런 일진들 키키\n2 : 맞아 내 친구는 아직도 하더라 키키\n1 : 야 그거 캐릭터 요즘에 엄청 이쁘더라 키키\n2 : 퀄리티가 다르던데 다른 캐릭터 억울하겠어\n1 : 초원이랑 비교하는 거 보니까 초원이 울던데? 키키\n2 : 키키 내가 초원이면 캐릭터 자가 삭제 했어\n1 : 키키 맞아 요즘에 인공지능도 발전해서 초원이도 생각이 있을 거야 키키\n2 : 키키 얼마나 우울하겠어 퀄리티를 좀 올려줘야 해\n1 : 운영자 멱살 잡아도 이거는 이해해야 한다 키키\n2 : 키키 맞아 나도 그렇게 생각해 삐에로 멱살 잡아야대\n1 : 요즘에 최고 레벨이 몇 이야?\n2 : 우리 했을 때보다 다른 등급 나온 걸로 알고 있어 !\n1 : 내가 얼핏 봤을 때 메달로 따지던데?\n2 : 맞아 만렙인 사람이 많아서 그렇게 한 거 같아\n1 : 우리의 넘사벽은 애니싸랑 인정?\n2 : 아 키키 기억난다 진짜 추억이다 애니싸랄",
        "lines": [
          {
            "id": 1,
            "text": "1 : 우리 기억나? 테런 일진들 키키",
            "norm_text": "우리 기억나? 테런 일진들 키키",
            "speaker": {
              "id": "1번",
              "sex": "여성",
              "age": "20대"
            },
            "speechAct": "(지시) 질문하기",
            "morpheme": "우리/NP+기억나/VV+EF+테런일진들키키/UNKNOWN"
          },
          {
            "id": 2,
            "text": "2 : 맞아 내 친구는 아직도 하더라 키키",
            "norm_text": "맞아 내 친구는 아직도 하더라 키키",
            "speaker": {
              "id": "2번",
              "sex": "여성",
              "age": "20대"
            },
            "speechAct": "(단언) 진술하기",
            "morpheme": "맞/VV+아/EC+내/NP+JKG+친구/NNG+는/JX+아직/MAG+도/JX+하/VV+더라/EC+키/NNG+키/XSV+ETN"
          },
          {
            "id": 3,
            "text": "1 : 야 그거 캐릭터 요즘에 엄청 이쁘더라 키키",
            "norm_text": "야 그거 캐릭터 요즘에 엄청 이쁘더라 키키",
            "speaker": {
              "id": "1번",
              "sex": "여성",
              "age": "20대"
            },
            "speechAct": "(단언) 주장하기",
            "morpheme": "야/IC+그거/NP+캐릭터/NNG+요즘/NNG+에/JKB+엄청/MAG+이쁘/VA+더라/EC+키/NNG+키/XSV+ETN"
          },
          {
            "id": 4,
            "text": "2 : 퀄리티가 다르던데 다른 캐릭터 억울하겠어",
            "norm_text": "퀄리티가 다르던데 다른 캐릭터 억울하겠어",
            "speaker": {
              "id": "2번",
              "sex": "여성",
              "age": "20대"
            },
            "speechAct": "(단언) 주장하기",
            "morpheme": "퀄리티/NNP+가/JKS+다르/VA+던데/EC+다른/MM+캐릭터/NNG+억울/XR+하/XSA+겠/EP+어/EC"
          },
          {
            "id": 5,
            "text": "1 : 초원이랑 비교하는 거 보니까 초원이 울던데? 키키",
            "norm_text": "초원이랑 비교하는 거 보니까 초원이 울던데? 키키",
            "speaker": {
              "id": "1번",
              "sex": "여성",
              "age": "20대"
            },
            "speechAct": "(단언) 주장하기",
            "morpheme": "초원/NNG+이랑/JKB+비교/NNG+하/XSV+는/ETM+거/NNB+보/VV+니까/EC+초원/NNG+이/JKS+울/VV+던데/EF+키/NNG+키/XSV+ETN"
          },
          {
            "id": 6,
            "text": "2 : 키키 내가 초원이면 캐릭터 자가 삭제 했어",
            "norm_text": "키키 내가 초원이면 캐릭터 자가 삭제 했어",
            "speaker": {
              "id": "2번",
              "sex": "여성",
              "age": "20대"
            },
            "speechAct": "(단언) 주장하기",
            "morpheme": "키/NNG+키/XSV+ETN+내/NP+가/JKS+초원/NNG+이/VCP+면/EC+캐릭터/NNG+자/XSN+가/JKS+삭제/NNG+했/XSV+EP+어/EC"
          },
          {
            "id": 7,
            "text": "1 : 키키 맞아 요즘에 인공지능도 발전해서 초원이도 생각이 있을 거야 키키",
            "norm_text": "키키 맞아 요즘에 인공지능도 발전해서 초원이도 생각이 있을 거야 키키",
            "speaker": {
              "id": "1번",
              "sex": "여성",
              "age": "20대"
            },
            "speechAct": "(단언) 주장하기",
            "morpheme": "키/NNG+키/XSV+ETN+맞/VV+아/EC+요즘/NNG+에/JKB+인공지능/NNP+도/JX+발전/NNG+해서/XSV+EC+초원/NNG+이/VCP+도/EC+생각/NNG+이/JKS+있/VV+을/ETM+거/NNB+야/VCP+EF+키/NNG+키/XSV+ETN"
          },
          {
            "id": 8,
            "text": "2 : 키키 얼마나 우울하겠어 퀄리티를 좀 올려줘야 해",
            "norm_text": "키키 얼마나 우울하겠어 퀄리티를 좀 올려줘야 해",
            "speaker": {
              "id": "2번",
              "sex": "여성",
              "age": "20대"
            },
            "speechAct": "(단언) 주장하기",
            "morpheme": "키/NNG+키/NNG+얼마나/MAG+우울/NNG+하/XSV+겠/EP+어/EC+퀄리티/NNP+를/JKO+좀/MAG+올려/VV+EC+줘야해/VX+EC+VX+EC"
          },
          {
            "id": 9,
            "text": "1 : 운영자 멱살 잡아도 이거는 이해해야 한다 키키",
            "norm_text": "운영자 멱살 잡아도 이거는 이해해야 한다 키키",
            "speaker": {
              "id": "1번",
              "sex": "여성",
              "age": "20대"
            },
            "speechAct": "(단언) 주장하기",
            "morpheme": "운영/NNG+자/XSN+멱살/NNG+잡/VV+아도/EC+이거/NP+는/JX+이해/NNG+해야/XSV+EC+한/VX+ETM+다키키/NNP"
          },
          {
            "id": 10,
            "text": "2 : 키키 맞아 나도 그렇게 생각해 삐에로 멱살 잡아야대",
            "norm_text": "키키 맞아 나도 그렇게 생각해 삐에로 멱살 잡아야대",
            "speaker": {
              "id": "2번",
              "sex": "여성",
              "age": "20대"
            },
            "speechAct": "(단언) 주장하기",
            "morpheme": "키/NNG+키/XSV+ETN+맞/VV+아/EC+나/NP+도/JX+그렇/VA+게/EC+생각/NNG+해/XSV+EC+삐/MAG+에로/NNG+멱살/NNG+잡/VV+아야/EC+대/VX+EC"
          },
          {
            "id": 11,
            "text": "1 : 요즘에 최고 레벨이 몇 이야?",
            "norm_text": "요즘에 최고 레벨이 몇 이야?",
            "speaker": {
              "id": "1번",
              "sex": "여성",
              "age": "20대"
            },
            "speechAct": "(지시) 질문하기",
            "morpheme": "요즘/NNG+에/JKB+최고/NNG+레벨/NNG+이/JKS+몇/MM+이/NP+야/VCP+EF"
          },
          {
            "id": 12,
            "text": "2 : 우리 했을 때보다 다른 등급 나온 걸로 알고 있어 !",
            "norm_text": "우리 했을 때보다 다른 등급 나온 걸로 알고 있어 !",
            "speaker": {
              "id": "2번",
              "sex": "여성",
              "age": "20대"
            },
            "speechAct": "(단언) 주장하기",
            "morpheme": "우리/NP+했/VV+EP+을/ETM+때/NNG+보다/JKB+다른/MM+등급/NNG+나온/VV+ETM+걸로/NNB+JKB+알/VV+고/EC+있/VX+어/EF"
          },
          {
            "id": 13,
            "text": "1 : 내가 얼핏 봤을 때 메달로 따지던데?",
            "norm_text": "내가 얼핏 봤을 때 메달로 따지던데?",
            "speaker": {
              "id": "1번",
              "sex": "여성",
              "age": "20대"
            },
            "speechAct": "(단언) 주장하기",
            "morpheme": "내/NP+가/JKS+얼핏/MAG+봤/VV+EP+을/ETM+때/NNG+메달/NNG+로/JKB+따지/VV+던데/EF"
          },
          {
            "id": 14,
            "text": "2 : 맞아 만렙인 사람이 많아서 그렇게 한 거 같아",
            "norm_text": "맞아 만렙인 사람이 많아서 그렇게 한 거 같아",
            "speaker": {
              "id": "2번",
              "sex": "여성",
              "age": "20대"
            },
            "speechAct": "(단언) 주장하기",
            "morpheme": "맞/VV+아/EC+만렙/NNG+인/VCP+ETM+사람/NNG+이/JKS+많/VA+아서/EC+그렇게/MAG+한/XSA+ETM+거/NNB+같/VA+아/EC"
          },
          {
            "id": 15,
            "text": "1 : 우리의 넘사벽은 애니싸랑 인정?",
            "norm_text": "우리의 넘사벽은 애니싸랑 인정?",
            "speaker": {
              "id": "1번",
              "sex": "여성",
              "age": "20대"
            },
            "speechAct": "(단언) 주장하기",
            "morpheme": "우리/NP+의/JKG+넘사벽/NNG+은/JX+애/NNG+니/VCP+EC+싸/VX+EF+랑/JKB+인정/NNG"
          },
          {
            "id": 16,
            "text": "2 : 아 키키 기억난다 진짜 추억이다 애니싸랄",
            "norm_text": "아 키키 기억난다 진짜 추억이다 애니싸랄",
            "speaker": {
              "id": "2번",
              "sex": "여성",
              "age": "20대"
            },
            "speechAct": "(단언) 주장하기",
            "morpheme": "아키/NNP+키/NNG+기억난다/VV+EF+진짜/MAG+추억/NNG+이/JKS+다/MAG+애/NNG+니/VCP+EC+싸/VX+랄/EC"
          }
        ]
      }
    }
  ]
}