{
  "dataset": {
    "identifier": 21003,
    "name": "BAND_27_13_set",
    "src_path": "/data/file/cubeManager/PROJECT001/49/txt202109161511410589100/BAND_27_13_set/",
    "label_path": "/data/file/cubeManager/PROJECT001/49/txt202109161511410589100/BAND_27_13_set/",
    "category": 2,
    "type": 0
  },
  "licenses": {
    "name": "Apache License 1.0",
    "url": "http://www.apache.org/licenses/LICENSE-1.0"
  },
  "info": [
    {
      "id": 28583,
      "filename": "BAND_27_13.txt",
      "title": "BAND_27_13",
      "mediatype": "SNS",
      "medianame": "네이버밴드",
      "category": "일상대화",
      "date": "2021-09-16",
      "size": 434,
      "annotations": {
        "subject": "계절/날씨",
        "speaker_type": "1:1",
        "size": 434,
        "word_size": 144,
        "text": "1 : 이번 주에 비 많이 왔잖아\n1 : 빨래 어디다 널었어?\n2 : 우리는 베란다에 널게끔 되어 있어\n1 : 근데 안 꿉꿉하게 잘 말랐어?\n2 : 좀 꿉꿉한 거 같더라\n1 : 수건에서 냄새는 안 났어?\n2 : 음 나 근데 그게 촘촘하게 붙어 있어서 그런 가 봐\n2 : 떨어져서 말려야 하는데\n1 : 우리 집은 습한 거 극혐해서 제습기 돌리면서 빨래 말렸거든.\n2 : 집에서 말렸어?\n2 : 빨래방 안 가고?\n1 : 응 집 안에서 말렸어\n1 : 제습기 짱이야!\n2 : 음 나도 제습기 사고 싶어 살 예정이고\n1 : 진짜 제습기는 삶의 질을 높여주는 거 같애.\n2 : 그렇다고 하더라고 너의 얘기를 들으니 당장 사고 싶구나 !\n1 : 빨리 구매하라구~ 지금 당장~\n2 : 당장 구매를 하겠어 찾아 봐야지\n1 : 예전에는 제습기 비쌌는데 요즘에는 가격도 많이 내려갔어!\n2 : 아 진짜 사야겠다 얼마인지 보고 키키",
        "lines": [
          {
            "id": 1,
            "text": "1 : 이번 주에 비 많이 왔잖아",
            "norm_text": "이번 주에 비 많이 왔잖아",
            "speaker": {
              "id": "1번",
              "sex": "여성",
              "age": "20대"
            },
            "speechAct": "(단언) 진술하기",
            "morpheme": "이번/NNG+주/NNG+에/JKB+비/NNG+많이/MAG+왔/VV+EP+잖아/EC"
          },
          {
            "id": 2,
            "text": "1 : 빨래 어디다 널었어?",
            "norm_text": "빨래 어디다 널었어?",
            "speaker": {
              "id": "1번",
              "sex": "여성",
              "age": "20대"
            },
            "speechAct": "(지시) 질문하기",
            "morpheme": "빨래/NNG+어디/NP+다/JX+널/NP+JKO+었/EP+어/EF"
          },
          {
            "id": 3,
            "text": "2 : 우리는 베란다에 널게끔 되어 있어",
            "norm_text": "우리는 베란다에 널게끔 되어 있어",
            "speaker": {
              "id": "2번",
              "sex": "여성",
              "age": "20대"
            },
            "speechAct": "(단언) 진술하기",
            "morpheme": "우리/NP+는/JX+베란다/NNG+에/JKB+널/VV+게끔/EC+되/VV+어/EC+있/VX+어/EC"
          },
          {
            "id": 4,
            "text": "1 : 근데 안 꿉꿉하게 잘 말랐어?",
            "norm_text": "근데 안 꿉꿉하게 잘 말랐어?",
            "speaker": {
              "id": "1번",
              "sex": "여성",
              "age": "20대"
            },
            "speechAct": "(지시) 질문하기",
            "morpheme": "근데/MAJ+안/MAG+꿉꿉/XR+하/XSA+게/EC+잘/MAG+말랐/VV+EP+어/EF"
          },
          {
            "id": 5,
            "text": "2 : 좀 꿉꿉한 거 같더라",
            "norm_text": "좀 꿉꿉한 거 같더라",
            "speaker": {
              "id": "2번",
              "sex": "여성",
              "age": "20대"
            },
            "speechAct": "(단언) 주장하기",
            "morpheme": "좀/MAG+꿉꿉/XR+한/XSA+ETM+거/NNB+같/VA+더라/EC"
          },
          {
            "id": 6,
            "text": "1 : 수건에서 냄새는 안 났어?",
            "norm_text": "수건에서 냄새는 안 났어?",
            "speaker": {
              "id": "1번",
              "sex": "여성",
              "age": "20대"
            },
            "speechAct": "(지시) 질문하기",
            "morpheme": "수건/NNG+에서/JKB+냄새/NNG+는/JX+안/MAG+났/VV+EP+어/EF"
          },
          {
            "id": 7,
            "text": "2 : 음 나 근데 그게 촘촘하게 붙어 있어서 그런 가 봐",
            "norm_text": "음 나 근데 그게 촘촘하게 붙어 있어서 그런 가 봐",
            "speaker": {
              "id": "2번",
              "sex": "여성",
              "age": "20대"
            },
            "speechAct": "(단언) 주장하기",
            "morpheme": "음/IC+나/NP+근데/MAJ+그게/NP+JKS+촘촘/XR+하/XSA+게/EC+붙/VV+어/EC+있/VX+어서/EC+그런가/VA+EC+봐/VX+EC"
          },
          {
            "id": 8,
            "text": "2 : 떨어져서 말려야 하는데",
            "norm_text": "떨어져서 말려야 하는데",
            "speaker": {
              "id": "2번",
              "sex": "여성",
              "age": "20대"
            },
            "speechAct": "(단언) 주장하기",
            "morpheme": "떨어져서/VV+EC+말려야/VV+EC+하/VV+는데/EC"
          },
          {
            "id": 9,
            "text": "1 : 우리 집은 습한 거 극혐해서 제습기 돌리면서 빨래 말렸거든.",
            "norm_text": "우리 집은 습한 거 극혐해서 제습기 돌리면서 빨래 말렸거든.",
            "speaker": {
              "id": "1번",
              "sex": "여성",
              "age": "20대"
            },
            "speechAct": "(단언) 진술하기",
            "morpheme": "우리/NP+집/NNG+은/JX+습한/VA+ETM+거/NNB+극혐/UNKNOWN+해서/VV+EC+제습기/NNP+돌리/VV+면서/EC+빨래/NNG+말렸/VV+EP+거든/EF"
          },
          {
            "id": 10,
            "text": "2 : 집에서 말렸어?",
            "norm_text": "집에서 말렸어?",
            "speaker": {
              "id": "2번",
              "sex": "여성",
              "age": "20대"
            },
            "speechAct": "(지시) 질문하기",
            "morpheme": "집/NNG+에서/JKB+말렸/VV+EP+어/EF"
          },
          {
            "id": 11,
            "text": "2 : 빨래방 안 가고?",
            "norm_text": "빨래방 안 가고?",
            "speaker": {
              "id": "2번",
              "sex": "여성",
              "age": "20대"
            },
            "speechAct": "(지시) 질문하기",
            "morpheme": "빨래방/NNG+안/MAG+가/VV+고/EC"
          },
          {
            "id": 12,
            "text": "1 : 응 집 안에서 말렸어",
            "norm_text": "응 집 안에서 말렸어",
            "speaker": {
              "id": "1번",
              "sex": "여성",
              "age": "20대"
            },
            "speechAct": "(단언) 진술하기",
            "morpheme": "응/IC+집안/NNG+에서/JKB+말렸/VV+EP+어/EC"
          },
          {
            "id": 13,
            "text": "1 : 제습기 짱이야!",
            "norm_text": "제습기 짱이야!",
            "speaker": {
              "id": "1번",
              "sex": "여성",
              "age": "20대"
            },
            "speechAct": "(단언) 주장하기",
            "morpheme": "제습기/NNP+짱/NNG+이/VCP+야/EF"
          },
          {
            "id": 14,
            "text": "2 : 음 나도 제습기 사고 싶어 살 예정이고",
            "norm_text": "음 나도 제습기 사고 싶어 살 예정이고",
            "speaker": {
              "id": "2번",
              "sex": "여성",
              "age": "20대"
            },
            "speechAct": "(단언) 주장하기",
            "morpheme": "음/IC+나/NP+도/JX+제습기/NNP+사/VV+고/EC+싶/VX+어/EC+살/VV+ETM+예정/NNG+이/VCP+고/EC"
          },
          {
            "id": 15,
            "text": "1 : 진짜 제습기는 삶의 질을 높여주는 거 같애.",
            "norm_text": "진짜 제습기는 삶의 질을 높여주는 거 같애.",
            "speaker": {
              "id": "1번",
              "sex": "여성",
              "age": "20대"
            },
            "speechAct": "(단언) 주장하기",
            "morpheme": "진짜/MAG+제습기/NNP+는/JX+삶/NNG+의/JKG+질/NNG+을/JKO+높여/VV+EC+주/VX+는/ETM+거/NNB+같/VA+애/EF"
          },
          {
            "id": 16,
            "text": "2 : 그렇다고 하더라고 너의 얘기를 들으니 당장 사고 싶구나 !",
            "norm_text": "그렇다고 하더라고 너의 얘기를 들으니 당장 사고 싶구나 !",
            "speaker": {
              "id": "2번",
              "sex": "여성",
              "age": "20대"
            },
            "speechAct": "(단언) 주장하기",
            "morpheme": "그렇/VA+다고/EC+하/VX+더라고/EF+너/NP+의/JKG+얘기/NNG+를/JKO+들으니/VV+EC+당장/NNG+사/VV+고/EC+싶/VX+구나/EF"
          },
          {
            "id": 17,
            "text": "1 : 빨리 구매하라구~ 지금 당장~",
            "norm_text": "빨리 구매하라구~ 지금 당장~",
            "speaker": {
              "id": "1번",
              "sex": "여성",
              "age": "20대"
            },
            "speechAct": "(지시) 충고/제안하기",
            "morpheme": "빨리/MAG+구매/NNG+하/XSV+라구/EC+~/SY+지금/MAG+당장/NNG+~/SY"
          },
          {
            "id": 18,
            "text": "2 : 당장 구매를 하겠어 찾아 봐야지",
            "norm_text": "당장 구매를 하겠어 찾아 봐야지",
            "speaker": {
              "id": "2번",
              "sex": "여성",
              "age": "20대"
            },
            "speechAct": "(단언) 주장하기",
            "morpheme": "당장/NNG+구매/NNG+를/JKO+하/VV+겠/EP+어/EC+찾/VV+아/EC+봐야/VX+EC+VV+지/EC"
          },
          {
            "id": 19,
            "text": "1 : 예전에는 제습기 비쌌는데 요즘에는 가격도 많이 내려갔어!",
            "norm_text": "예전에는 제습기 비쌌는데 요즘에는 가격도 많이 내려갔어!",
            "speaker": {
              "id": "1번",
              "sex": "여성",
              "age": "20대"
            },
            "speechAct": "(단언) 주장하기",
            "morpheme": "예전/NNG+에/JKB+는/JX+제습기/NNP+비쌌/VA+EP+는데/EC+요즘/NNG+에/JKB+는/JX+가격/NNG+도/JX+많이/MAG+내려갔/VV+EP+어/EF"
          },
          {
            "id": 20,
            "text": "2 : 아 진짜 사야겠다 얼마인지 보고 키키",
            "norm_text": "아 진짜 사야겠다 얼마인지 보고 키키",
            "speaker": {
              "id": "2번",
              "sex": "여성",
              "age": "20대"
            },
            "speechAct": "(단언) 주장하기",
            "morpheme": "아/IC+진짜/MAG+사/VV+야겠다/EC+VX+EP+EC+얼마/NNG+인지/VCP+EC+보/VX+고/EC+키/NNG+키/XSV+ETN"
          }
        ]
      }
    }
  ]
}