{
  "dataset": {
    "identifier": 18673,
    "name": "BAND_24_04_set",
    "src_path": "/data/file/cubeManager/PROJECT001/49/txt20210915121726070436/BAND_24_04_set/",
    "label_path": "/data/file/cubeManager/PROJECT001/49/txt20210915121726070436/BAND_24_04_set/",
    "category": 2,
    "type": 0
  },
  "licenses": {
    "name": "Apache License 1.0",
    "url": "http://www.apache.org/licenses/LICENSE-1.0"
  },
  "info": [
    {
      "id": 26044,
      "filename": "BAND_24_04.txt",
      "title": "BAND_24_04",
      "mediatype": "SNS",
      "medianame": "네이버밴드",
      "category": "일상대화",
      "date": "2021-09-15",
      "size": 379,
      "annotations": {
        "subject": "회사/아르바이트",
        "speaker_type": "1:1",
        "size": 379,
        "word_size": 123,
        "text": "1 : 너 재택근무 하기 전에 어디서 일했어?\n2 : 어 서울에서 뭐~ 근무했었어\n1 : 맞아 그랬지 그 전에는 뭐했어?\n2 : 그전에는 편의점에서 알바했었어\n1 : 너희 집 근처 편의점에서 일한 거야?\n2 : 어 편의점 평일 주말 했었지 가까운 데\n1 : 그러면 쉬는 날이 있긴 해?\n2 : 없는데 평일은 4시간 했고 주말은 8시간 했어 시간이 쫌 있지.\n1 : 되게 오래했네\n1 : 거기 시급은 얼마였어?\n2 : 시급은 그때 8350원이었을 거야 아마\n1 : 그렇게 하면 월급으로 한 번에 받는 거야?\n2 : 어 월급으로 계산했어 가지고 받았지\n1 : 그러면 한 달 월급은 얼마였어?\n2 : 그때 두 개다 합쳐서 백 넘었을걸\n1 : 와 편의점 알바로 그렇게 벌다니!\n2 : 키키 빡세게 해야지 돈 벌려면",
        "lines": [
          {
            "id": 1,
            "text": "1 : 너 재택근무 하기 전에 어디서 일했어?",
            "norm_text": "너 재택근무 하기 전에 어디서 일했어?",
            "speaker": {
              "id": "1번",
              "sex": "여성",
              "age": "20대"
            },
            "speechAct": "(지시) 질문하기",
            "morpheme": "너/NP+재택근무/NNG+하/XSV+기/ETN+전/NNG+에/JKB+어디/NP+서/JKB+일/NNG+했/XSV+EP+어/EF"
          },
          {
            "id": 2,
            "text": "2 : 어 서울에서 뭐~ 근무했었어",
            "norm_text": "어 서울에서 뭐~ 근무했었어",
            "speaker": {
              "id": "2번",
              "sex": "여성",
              "age": "20대"
            },
            "speechAct": "(단언) 진술하기",
            "morpheme": "어/IC+서울/NNP+에서/JKB+뭐/IC+~/SY+근무/NNG+했었/XSV+EP+어/EC"
          },
          {
            "id": 3,
            "text": "1 : 맞아 그랬지 그 전에는 뭐했어?",
            "norm_text": "맞아 그랬지 그 전에는 뭐했어?",
            "speaker": {
              "id": "1번",
              "sex": "여성",
              "age": "20대"
            },
            "speechAct": "(지시) 질문하기",
            "morpheme": "맞/VV+아/EC+그랬/VV+EP+지/EF+그/MM+전/NNG+에/JKB+는/JX+뭐/IC+했/VV+EP+어/EF"
          },
          {
            "id": 4,
            "text": "2 : 그전에는 편의점에서 알바했었어",
            "norm_text": "그전에는 편의점에서 알바했었어",
            "speaker": {
              "id": "2번",
              "sex": "여성",
              "age": "20대"
            },
            "speechAct": "(단언) 진술하기",
            "morpheme": "그/MM+전/NNG+에/JKB+는/JX+편의점/NNG+에서/JKB+알/VV+ETM+바/NNB+했었/VV+EP+어/EC"
          },
          {
            "id": 5,
            "text": "1 : 너희 집 근처 편의점에서 일한 거야?",
            "norm_text": "너희 집 근처 편의점에서 일한 거야?",
            "speaker": {
              "id": "1번",
              "sex": "여성",
              "age": "20대"
            },
            "speechAct": "(지시) 질문하기",
            "morpheme": "너희/NP+집/NNG+근처/NNG+편의점/NNG+에서/JKB+일/NNG+한/XSA+ETM+거/NNB+야/VCP+EF"
          },
          {
            "id": 6,
            "text": "2 : 어 편의점 평일 주말 했었지 가까운 데",
            "norm_text": "어 편의점 평일 주말 했었지 가까운 데",
            "speaker": {
              "id": "2번",
              "sex": "여성",
              "age": "20대"
            },
            "speechAct": "(단언) 진술하기",
            "morpheme": "어/IC+편의점/NNG+평일/NNG+주말/NNG+했었/XSV+EP+지/EC+가까운데/VA+EC"
          },
          {
            "id": 7,
            "text": "1 : 그러면 쉬는 날이 있긴 해?",
            "norm_text": "그러면 쉬는 날이 있긴 해?",
            "speaker": {
              "id": "1번",
              "sex": "여성",
              "age": "20대"
            },
            "speechAct": "(지시) 질문하기",
            "morpheme": "그러면/MAJ+쉬/VV+는/ETM+날/NNG+이/JKS+있/VV+긴/ETN+JX+해/VX+EF"
          },
          {
            "id": 8,
            "text": "2 : 없는데 평일은 4시간 했고 주말은 8시간 했어 시간이 쫌 있지.",
            "norm_text": "없는데 평일은 4시간 했고 주말은 8시간 했어 시간이 쫌 있지.",
            "speaker": {
              "id": "2번",
              "sex": "여성",
              "age": "20대"
            },
            "speechAct": "(단언) 진술하기",
            "morpheme": "없/VA+는데/EC+평일/NNG+은/JX+4/SN+시간/NNG+했/XSV+EP+고/EC+주말/NNG+은/JX+8/SN+시간/NNG+했/XSV+EP+어/EC+시간/NNG+이/JKS+쫌/MAG+있/VV+지/EF"
          },
          {
            "id": 9,
            "text": "1 : 되게 오래했네",
            "norm_text": "되게 오래했네",
            "speaker": {
              "id": "1번",
              "sex": "여성",
              "age": "20대"
            },
            "speechAct": "(단언) 주장하기",
            "morpheme": "되게/MAG+오래/MAG+했/VV+EP+네/EF"
          },
          {
            "id": 10,
            "text": "1 : 거기 시급은 얼마였어?",
            "norm_text": "거기 시급은 얼마였어?",
            "speaker": {
              "id": "1번",
              "sex": "여성",
              "age": "20대"
            },
            "speechAct": "(지시) 질문하기",
            "morpheme": "거기/NP+시급/NNG+은/JX+얼마/NNG+였/VCP+EP+어/EF"
          },
          {
            "id": 11,
            "text": "2 : 시급은 그때 8350원이었을 거야 아마",
            "norm_text": "시급은 그때 8350원이었을 거야 아마",
            "speaker": {
              "id": "2번",
              "sex": "여성",
              "age": "20대"
            },
            "speechAct": "(단언) 진술하기",
            "morpheme": "시급/NNG+은/JX+그때/NNG+8350/SN+원/NNBC+이/VCP+었/EP+을/ETM+거/NNB+야/VCP+EF+아마/MAG"
          },
          {
            "id": 12,
            "text": "1 : 그렇게 하면 월급으로 한 번에 받는 거야?",
            "norm_text": "그렇게 하면 월급으로 한 번에 받는 거야?",
            "speaker": {
              "id": "1번",
              "sex": "여성",
              "age": "20대"
            },
            "speechAct": "(지시) 질문하기",
            "morpheme": "그렇게/MAG+하/VV+면/EC+월급/NNG+으로/JKB+한/MM+번/NNBC+에/JKB+받/VV+는/ETM+거/NNB+야/VCP+EF"
          },
          {
            "id": 13,
            "text": "2 : 어 월급으로 계산했어 가지고 받았지",
            "norm_text": "어 월급으로 계산했어 가지고 받았지",
            "speaker": {
              "id": "2번",
              "sex": "여성",
              "age": "20대"
            },
            "speechAct": "(단언) 진술하기",
            "morpheme": "어/IC+월급/NNG+으로/JKB+계산/NNG+했/XSV+EP+어/EC+가지/VX+고/EC+받/VV+았/EP+지/EC"
          },
          {
            "id": 14,
            "text": "1 : 그러면 한 달 월급은 얼마였어?",
            "norm_text": "그러면 한 달 월급은 얼마였어?",
            "speaker": {
              "id": "1번",
              "sex": "여성",
              "age": "20대"
            },
            "speechAct": "(지시) 질문하기",
            "morpheme": "그러면/MAJ+한/MM+달/NNBC+월급/NNG+은/JX+얼마/NNG+였/VCP+EP+어/EF"
          },
          {
            "id": 15,
            "text": "2 : 그때 두 개다 합쳐서 백 넘었을걸",
            "norm_text": "그때 두 개다 합쳐서 백 넘었을걸",
            "speaker": {
              "id": "2번",
              "sex": "여성",
              "age": "20대"
            },
            "speechAct": "(단언) 진술하기",
            "morpheme": "그때/NNG+두/MM+개/NNBC+다/MAG+합쳐서/VV+EC+백/NR+넘/VV+었/EP+을/ETM+걸/NNB+JKO"
          },
          {
            "id": 16,
            "text": "1 : 와 편의점 알바로 그렇게 벌다니!",
            "norm_text": "와 편의점 알바로 그렇게 벌다니!",
            "speaker": {
              "id": "1번",
              "sex": "여성",
              "age": "20대"
            },
            "speechAct": "(단언) 주장하기",
            "morpheme": "와편/NNG+의/JKG+점/NNG+알/NNG+바로/MAG+그렇게/MAG+벌/VV+다니/EF"
          },
          {
            "id": 17,
            "text": "2 : 키키 빡세게 해야지 돈 벌려면",
            "norm_text": "키키 빡세게 해야지 돈 벌려면",
            "speaker": {
              "id": "2번",
              "sex": "여성",
              "age": "20대"
            },
            "speechAct": "(단언) 주장하기",
            "morpheme": "키/NNG+키/XSV+ETN+빡세/VA+게/EC+해야지/VX+EC+돈/NNG+벌/VV+려면/EC"
          }
        ]
      }
    }
  ]
}