{
  "dataset": {
    "identifier": 100710,
    "name": "BAND_40_13_set",
    "src_path": "/data/file/cubeManager/PROJECT001/77/txt20211029151156011589/BAND_40_13_set/",
    "label_path": "/data/file/cubeManager/PROJECT001/77/txt20211029151156011589/BAND_40_13_set/",
    "category": 2,
    "type": 0
  },
  "licenses": {
    "name": "Apache License 1.0",
    "url": "http://www.apache.org/licenses/LICENSE-1.0"
  },
  "info": [
    {
      "id": 109695,
      "filename": "BAND_40_13.txt",
      "title": "BAND_40_13",
      "mediatype": "SNS",
      "medianame": "네이버밴드",
      "category": "일상대화",
      "date": "2021-10-29",
      "size": 457,
      "annotations": {
        "subject": "계절/날씨",
        "speaker_type": "다자간 대화",
        "size": 457,
        "word_size": 144,
        "text": "1 : 요즘 억새밭 진짜 이쁘더라\n2 : 억새밭?\n2 : 그게 뭐야?\n2 : 첨들어보는거같은데\n3 : 그게 약간 갈대밭 같은 건가? 아마\n1 : 갈대밭이라고 해야하나 키키 어엉 비슷한건데\n2 : 나는 경주 첨성대에 있는 꽃밭밖에 안 가봤는데\n3 : 갈대밭 같은 거면 좀 이쁘겠다\n1 : 제주도 산굼부리 억새밭 진짜 이뻐\n2 : 캬 제주도 진짜 오랜만에 가보고 싶긴하다\n3 : 제주도 억새밭이면 진짜 이쁘겠다\n1 : 지금 여행 다니기 딱 좋은 날씨인데 ㅜㅜ\n2 : 맞어 이럴 때 여행 가야 하는데 ㅠㅠ\n3 : 이 코로나만 아니면 하루종일 돌아다닐텐데 ㅠㅠ\n1 : 키키 진짜로 바로 비행기 탔지\n2 : 맞어 이 시국만 아니였으면 일본 벌써 갔다왔을텐데\n3 : 휴 빨리 코로나 끝났으면 좋겠다\n1 : 해외 가본지가 언젠지... 기억도 가물가물해\n2 : 나도 ㅠㅠ\n2 : 얼른 코로나 끝났으면 좋겠다 놀러좀 다니게 ㅠㅠ\n3 : 곧 위드코로나 하지 않을까 그래도",
        "lines": [
          {
            "id": 1,
            "text": "1 : 요즘 억새밭 진짜 이쁘더라",
            "norm_text": "요즘 억새밭 진짜 이쁘더라",
            "speaker": {
              "id": "1번",
              "sex": "여성",
              "age": "20대"
            },
            "speechAct": "(단언) 주장하기",
            "morpheme": "요즘/NNG+억새밭/NNG+진짜/MAG+이쁘/VA+더라/EC"
          },
          {
            "id": 2,
            "text": "2 : 억새밭?",
            "norm_text": "억새밭?",
            "speaker": {
              "id": "2번",
              "sex": "남성",
              "age": "20대"
            },
            "speechAct": "(지시) 질문하기",
            "morpheme": "억새밭/NNG"
          },
          {
            "id": 3,
            "text": "2 : 그게 뭐야?",
            "norm_text": "그게 뭐야?",
            "speaker": {
              "id": "2번",
              "sex": "남성",
              "age": "20대"
            },
            "speechAct": "(지시) 질문하기",
            "morpheme": "그게/NP+JKS+뭐/NP+야/VCP+EF"
          },
          {
            "id": 4,
            "text": "2 : 첨들어보는거같은데",
            "norm_text": "첨들어보는거같은데",
            "speaker": {
              "id": "2번",
              "sex": "남성",
              "age": "20대"
            },
            "speechAct": "(단언) 주장하기",
            "morpheme": "첨/MAG+들/VV+어/EC+보/VX+는/ETM+거/NNB+같/VA+은데/EC"
          },
          {
            "id": 5,
            "text": "3 : 그게 약간 갈대밭 같은 건가? 아마",
            "norm_text": "그게 약간 갈대밭 같은 건가? 아마",
            "speaker": {
              "id": "3번",
              "sex": "남성",
              "age": "20대"
            },
            "speechAct": "(단언) 주장하기",
            "morpheme": "그게/NP+JKS+약간/MAG+갈대밭/NNG+같/VA+은/ETM+건가/NNB+VCP+EF+아마/MAG"
          },
          {
            "id": 6,
            "text": "1 : 갈대밭이라고 해야하나 키키 어엉 비슷한건데",
            "norm_text": "갈대밭이라고 해야하나 키키 어엉 비슷한건데",
            "speaker": {
              "id": "1번",
              "sex": "여성",
              "age": "20대"
            },
            "speechAct": "(단언) 주장하기",
            "morpheme": "갈대밭/NNG+이/VCP+라고/EC+해야/VV+EC+하나/NR+키/NNG+키/XSV+ETN+어엉/IC+비슷/XR+한/XSA+ETM+건데/NNB+VCP+EC"
          },
          {
            "id": 7,
            "text": "2 : 나는 경주 첨성대에 있는 꽃밭밖에 안 가봤는데",
            "norm_text": "나는 경주 첨성대에 있는 꽃밭밖에 안 가봤는데",
            "speaker": {
              "id": "2번",
              "sex": "남성",
              "age": "20대"
            },
            "speechAct": "(단언) 진술하기",
            "morpheme": "나/NP+는/JX+경주/NNP+첨성대/NNG+에/JKB+있/VV+는/ETM+꽃밭/NNG+밖에/JX+안/MAG+가/VV+EC+봤/VX+EP+는데/EC"
          },
          {
            "id": 8,
            "text": "3 : 갈대밭 같은 거면 좀 이쁘겠다",
            "norm_text": "갈대밭 같은 거면 좀 이쁘겠다",
            "speaker": {
              "id": "3번",
              "sex": "남성",
              "age": "20대"
            },
            "speechAct": "(단언) 주장하기",
            "morpheme": "갈대밭/NNG+같/VA+은/ETM+거/NNB+면/VCP+EC+좀/MAG+이쁘/VA+겠/EP+다/EC"
          },
          {
            "id": 9,
            "text": "1 : 제주도 산굼부리 억새밭 진짜 이뻐",
            "norm_text": "제주도 산굼부리 억새밭 진짜 이뻐",
            "speaker": {
              "id": "1번",
              "sex": "여성",
              "age": "20대"
            },
            "speechAct": "(단언) 주장하기",
            "morpheme": "제주도/NNP+산굼부리/NNG+억새밭/NNG+진짜/MAG+이뻐/VA+EC"
          },
          {
            "id": 10,
            "text": "2 : 캬 제주도 진짜 오랜만에 가보고 싶긴하다",
            "norm_text": "캬 제주도 진짜 오랜만에 가보고 싶긴하다",
            "speaker": {
              "id": "2번",
              "sex": "남성",
              "age": "20대"
            },
            "speechAct": "(단언) 주장하기",
            "morpheme": "캬/IC+제주/NNP+도/JX+진짜/MAG+오랜만/NNG+에/JKB+가/VV+EC+보/VX+고/EC+싶/VX+긴/ETN+JX+하/VX+다/EC"
          },
          {
            "id": 11,
            "text": "3 : 제주도 억새밭이면 진짜 이쁘겠다",
            "norm_text": "제주도 억새밭이면 진짜 이쁘겠다",
            "speaker": {
              "id": "3번",
              "sex": "남성",
              "age": "20대"
            },
            "speechAct": "(단언) 주장하기",
            "morpheme": "제주도/NNP+억새밭/NNG+이/VCP+면/EC+진짜/MAG+이쁘/VA+겠/EP+다/EC"
          },
          {
            "id": 12,
            "text": "1 : 지금 여행 다니기 딱 좋은 날씨인데 ㅜㅜ",
            "norm_text": "지금 여행 다니기 딱 좋은 날씨인데 ㅜㅜ",
            "speaker": {
              "id": "1번",
              "sex": "여성",
              "age": "20대"
            },
            "speechAct": "(단언) 주장하기",
            "morpheme": "지금/MAG+여행/NNG+다니/VV+기/ETN+딱/MAG+좋/VA+은/ETM+날씨/NNG+인데/VCP+EC+ㅜㅜ/UNKNOWN"
          },
          {
            "id": 13,
            "text": "2 : 맞어 이럴 때 여행 가야 하는데 ㅠㅠ",
            "norm_text": "맞어 이럴 때 여행 가야 하는데 ㅠㅠ",
            "speaker": {
              "id": "2번",
              "sex": "남성",
              "age": "20대"
            },
            "speechAct": "(단언) 주장하기",
            "morpheme": "맞/VV+어/EC+이럴/VV+ETM+때/NNG+여행/NNG+가/VV+야/EC+하/VV+는데/EC+ㅠㅠ/UNKNOWN"
          },
          {
            "id": 14,
            "text": "3 : 이 코로나만 아니면 하루종일 돌아다닐텐데 ㅠㅠ",
            "norm_text": "이 코로나만 아니면 하루종일 돌아다닐텐데 ㅠㅠ",
            "speaker": {
              "id": "3번",
              "sex": "남성",
              "age": "20대"
            },
            "speechAct": "(단언) 주장하기",
            "morpheme": "이/MM+코로나/NNG+만/JX+아니/VCN+면/EC+하루/NNG+종일/NNG+돌아다닐/VV+ETM+텐데/NNB+VCP+EC+ㅠㅠ/UNKNOWN"
          },
          {
            "id": 15,
            "text": "1 : 키키 진짜로 바로 비행기 탔지",
            "norm_text": "키키 진짜로 바로 비행기 탔지",
            "speaker": {
              "id": "1번",
              "sex": "여성",
              "age": "20대"
            },
            "speechAct": "(단언) 주장하기",
            "morpheme": "키/NNG+키/NNG+진짜/NNG+로/JKB+바로/MAG+비행기/NNG+탔/VV+EP+지/EC"
          },
          {
            "id": 16,
            "text": "2 : 맞어 이 시국만 아니였으면 일본 벌써 갔다왔을텐데",
            "norm_text": "맞어 이 시국만 아니였으면 일본 벌써 갔다왔을텐데",
            "speaker": {
              "id": "2번",
              "sex": "남성",
              "age": "20대"
            },
            "speechAct": "(단언) 주장하기",
            "morpheme": "맞/VV+어/EC+이/MM+시국/NNG+만/JX+아니/VCN+였/EP+으면/EC+일본/NNP+벌써/MAG+갔다왔/VV+EP+을/ETM+텐데/NNB+VCP+EC"
          },
          {
            "id": 17,
            "text": "3 : 휴 빨리 코로나 끝났으면 좋겠다",
            "norm_text": "휴 빨리 코로나 끝났으면 좋겠다",
            "speaker": {
              "id": "3번",
              "sex": "남성",
              "age": "20대"
            },
            "speechAct": "(단언) 주장하기",
            "morpheme": "휴/IC+빨리/MAG+코로나/NNG+끝났으면/VV+EP+EC+좋/VA+겠/EP+다/EC"
          },
          {
            "id": 18,
            "text": "1 : 해외 가본지가 언젠지... 기억도 가물가물해",
            "norm_text": "해외 가본지가 언젠지... 기억도 가물가물해",
            "speaker": {
              "id": "1번",
              "sex": "여성",
              "age": "20대"
            },
            "speechAct": "(단언) 주장하기",
            "morpheme": "해외/NNG+가/JKS+본지/NNG+가/JKS+언젠지/NP+VCP+EF+./SY+기억/NNG+도/JX+가물가물/MAG+해/VV+EC"
          },
          {
            "id": 19,
            "text": "2 : 나도 ㅠㅠ",
            "norm_text": "나도 ㅠㅠ",
            "speaker": {
              "id": "2번",
              "sex": "남성",
              "age": "20대"
            },
            "speechAct": "(단언) 주장하기",
            "morpheme": "나/NP+도/JX+ㅠㅠ/UNKNOWN"
          },
          {
            "id": 20,
            "text": "2 : 얼른 코로나 끝났으면 좋겠다 놀러좀 다니게 ㅠㅠ",
            "norm_text": "얼른 코로나 끝났으면 좋겠다 놀러좀 다니게 ㅠㅠ",
            "speaker": {
              "id": "2번",
              "sex": "남성",
              "age": "20대"
            },
            "speechAct": "(단언) 주장하기",
            "morpheme": "얼른/MAG+코로나/NNG+끝났으면/VV+EP+EC+좋/VA+겠/EP+다/EC+놀/VV+러/EC+좀/MAG+다니/VV+게/EC+ㅠㅠ/UNKNOWN"
          },
          {
            "id": 21,
            "text": "3 : 곧 위드코로나 하지 않을까 그래도",
            "norm_text": "곧 위드코로나 하지 않을까 그래도",
            "speaker": {
              "id": "3번",
              "sex": "남성",
              "age": "20대"
            },
            "speechAct": "(단언) 주장하기",
            "morpheme": "곧/MAG+위드/NNP+코로나/NNG+하/XSV+지/EC+않/VX+을까/EC+그래도/VV+EC"
          }
        ]
      }
    }
  ]
}