{
  "dataset": {
    "identifier": 19985,
    "name": "BAND_23_03_set",
    "src_path": "/data/file/cubeManager/PROJECT001/49/txt202109151110410149104/BAND_23_03_set/",
    "label_path": "/data/file/cubeManager/PROJECT001/49/txt202109151110410149104/BAND_23_03_set/",
    "category": 2,
    "type": 0
  },
  "licenses": {
    "name": "Apache License 1.0",
    "url": "http://www.apache.org/licenses/LICENSE-1.0"
  },
  "info": [
    {
      "id": 25682,
      "filename": "BAND_23_03.txt",
      "title": "BAND_23_03",
      "mediatype": "SNS",
      "medianame": "네이버밴드",
      "category": "일상대화",
      "date": "2021-09-15",
      "size": 1423,
      "annotations": {
        "subject": "교통",
        "speaker_type": "1:1",
        "size": 1423,
        "word_size": 445,
        "text": "1 : 어디 갈 때 버스 타고 가는 걸 좋아해 아님 지하철 타고 가는 거 좋아해?\n2 : 버스~~지하철 장점은 딱 하나 시간이 정확한 거\n3 : 헉 나는 지하철 선호해!\n3 : 약간 멀미하기도 하고 시간 정확한 게 맘 편하고 버정 위치 확인하거나 환승 하거나 할 때 계속 신경 써야 하는 게 귀찮아 ㅠㅠ\n1 : 장단점이 있긴 해~\n1 : 나는 시간 여유 있으면 버스가 좋구! 그 외에는 지하철이 안 막히고 그래서 좋긴 해 하하 계단 오르락 내리락은 별로긴 하지만\n2 : 바깥 풍경을 볼 수 있어서 난 버스가 더 좋더라고~\n2 : 그래도 우리나라 지하철은 탈만 해\n2 : 요즘 새로 생기는 거는 확실히 더 쾌적하더라~\n3 : 하 맞아 특히 더울 때는 버스 기사님들마다 틀어주시는 분이 있고 아닌 분이 있고 해서 그냥 무조건 시원한 지하철 선호했었어 키키\n1 : 그치 버스는 또 밖에서 기다리기 너무 덥잖아 여름에는... 겨울에는 춥고\n2 : 요즘에 버스 정류장에 에어컨 설치된 부스 있는 곳도 있더라~코로나 때문에 좀 불안해서 사용은 못하겠지만...\n3 : 아 맞아... 근데 정말 지하철도 사람 많을 때 코로나 때문에 무서워 ㅠㅠ\n3 : 버스도 사람 많으면 정말 낑겨서 가는데...\n1 : 맞아 출퇴근 시간에 완전 꽉 껴서 가면 아무리 마스크를 썼어도 좀 위험할 거 같은데 ㅠㅠ\n2 : 나 그래서 출퇴근 할 때 마스크 다른 거 써~ 많이 불안해서~\n2 : 출근할 때는 다른 사람 얼굴이 내 귀에 있을 때도 있다니까 키키\n3 : 하 나도 그래야 하나 싶네...\n3 : 그럼 언니는 대중 교통 이용할 때는 80껴?\n1 : 나는 밖에 다닐 때는 거의 94 껴! 가끔 80...\n1 : 사무실에서는 그냥 얇은 거 끼구...\n2 : 나는 요즘은 80껴 너무 답답해서~ 사무실에서는 비말 끼고~\n3 : 아하 다들 그렇게 하는 구나... 나도 내일부터 출퇴근 할 때만은 80껴야겠다 ㅠㅠ\n3 : 옛날에는 티머니 썼는데 요즘에는 다들 그냥 신용카드로 요금 결제해?\n1 : 응응 신용카드로 하고 나중에 후불 결제!\n2 : 응 나도~ 여러 개 가지고 다니기 불편해서 교통 카드 겸 신용 카드 겸해서 한 개만 갖고 다녀~\n3 : 오홈 오홍 요즘에는 핸드폰으로도 결제 많이 하던데 해봤어?\n3 : 그 NFC기능 써서!\n1 : 맞아 많이 하더라~\n1 : 그거는 삼성폰만 되는 거 아닌가?\n2 : 그런가? 삼성 폰 쓰는 사람은 삼성 페이 많이 이용하더라~\n2 : 나는 삼성 폰이지만 안 해 봤어 키키\n3 : 아 그런겨? 아이폰은 안 되는 거야? 키키\n3 : 나는 삼성 폰인데 삼성 페이도 안 씀. 키키\n3 : 삼성 페이는 교통비 결제 안되는 거겠지?\n1 : 키키 나는 아이폰이라 잘 몰라...\n1 : 근데 삼성만 저 기능이 있는 걸루 알고 있음!\n1 : 다들 삼성 페이 한번 써봐~ 편하대\n2 : 삼성 폰 쓰면서 삼성 페이 안 쓰는 사람은 바보라고 놀림 받았는데~ 동지 생겼다 아싸~\n3 : 키키 나도 나 말고 처음 봤어 반가워어어 키키",
        "lines": [
          {
            "id": 1,
            "text": "1 : 어디 갈 때 버스 타고 가는 걸 좋아해 아님 지하철 타고 가는 거 좋아해?",
            "norm_text": "어디 갈 때 버스 타고 가는 걸 좋아해 아님 지하철 타고 가는 거 좋아해?",
            "speaker": {
              "id": "1번",
              "sex": "여성",
              "age": "20대"
            },
            "speechAct": "(지시) 질문하기",
            "morpheme": "어디/NP+갈/VV+ETM+때/NNG+버스/NNG+타/VV+고/EC+가/VX+는/ETM+걸/NNB+JKO+좋/VA+아/EC+해/VV+EC+아님/VCN+ETN+지하철/NNG+타/VV+고/EC+가/VX+는/ETM+거/NNB+좋/VA+아/EC+해/VX+EF"
          },
          {
            "id": 2,
            "text": "2 : 버스~~지하철 장점은 딱 하나 시간이 정확한 거",
            "norm_text": "버스~~지하철 장점은 딱 하나 시간이 정확한 거",
            "speaker": {
              "id": "2번",
              "sex": "여성",
              "age": "30대"
            },
            "speechAct": "(단언) 주장하기",
            "morpheme": "버스/NNG+~/SY+~/SY+지하철/NNG+장점/NNG+은/JX+딱/MAG+하나/NR+시간/NNG+이/JKS+정확/XR+한/XSA+ETM+거/NNB"
          },
          {
            "id": 3,
            "text": "3 : 헉 나는 지하철 선호해!",
            "norm_text": "헉 나는 지하철 선호해!",
            "speaker": {
              "id": "3번",
              "sex": "여성",
              "age": "20대"
            },
            "speechAct": "(단언) 주장하기",
            "morpheme": "헉/IC+나/NP+는/JX+지하철/NNG+선호/NNG+해/XSV+EF"
          },
          {
            "id": 4,
            "text": "3 : 약간 멀미하기도 하고 시간 정확한 게 맘 편하고 버정 위치 확인하거나 환승 하거나 할 때 계속 신경 써야 하는 게 귀찮아 ㅠㅠ",
            "norm_text": "약간 멀미하기도 하고 시간 정확한 게 맘 편하고 버정 위치 확인하거나 환승 하거나 할 때 계속 신경 써야 하는 게 귀찮아 ㅠㅠ",
            "speaker": {
              "id": "3번",
              "sex": "여성",
              "age": "20대"
            },
            "speechAct": "(단언) 주장하기",
            "morpheme": "약간/MAG+멀미/NNG+하/XSV+기/ETN+도/JX+하/VV+고/EC+시간/NNG+정확/NNG+한/XSA+ETM+게/NNB+JKS+맘/NNG+편하/VA+고/EC+버정/XR+위치/NNG+확인/NNG+하/XSV+거나/EC+환승/NNG+하/XSV+거나/EC+할/VX+ETM+때/NNG+계속/MAG+신경/NNG+써야/VV+EC+하/VV+는/ETM+게/NNB+JKS+귀찮/VA+아/EC+ㅠㅠ/UNKNOWN"
          },
          {
            "id": 5,
            "text": "1 : 장단점이 있긴 해~",
            "norm_text": "장단점이 있긴 해~",
            "speaker": {
              "id": "1번",
              "sex": "여성",
              "age": "20대"
            },
            "speechAct": "(단언) 주장하기",
            "morpheme": "장단점/NNG+이/JKS+있/VV+긴/ETN+JX+해/VX+EC+~/SY"
          },
          {
            "id": 6,
            "text": "1 : 나는 시간 여유 있으면 버스가 좋구! 그 외에는 지하철이 안 막히고 그래서 좋긴 해 하하 계단 오르락 내리락은 별로긴 하지만",
            "norm_text": "나는 시간 여유 있으면 버스가 좋구! 그 외에는 지하철이 안 막히고 그래서 좋긴 해 하하 계단 오르락 내리락은 별로긴 하지만",
            "speaker": {
              "id": "1번",
              "sex": "여성",
              "age": "20대"
            },
            "speechAct": "(단언) 주장하기",
            "morpheme": "나/NP+는/JX+시간/NNG+여유/NNG+있/VV+으면/EC+버스/NNG+가/JKS+좋/VA+구/EF+그/MM+외/NNB+에/JKB+는/JX+지하철/NNG+이/JKS+안/MAG+막히/VV+고/EC+그래서/MAJ+좋/VA+긴/ETN+JX+해/VX+EC+하하/MAG+계단/NNG+오르락내리락/MAG+은/JX+별로/MAG+긴하/VA+지만/EC"
          },
          {
            "id": 7,
            "text": "2 : 바깥 풍경을 볼 수 있어서 난 버스가 더 좋더라고~",
            "norm_text": "바깥 풍경을 볼 수 있어서 난 버스가 더 좋더라고~",
            "speaker": {
              "id": "2번",
              "sex": "여성",
              "age": "30대"
            },
            "speechAct": "(단언) 주장하기",
            "morpheme": "바깥/NNG+풍경/NNG+을/JKO+볼/VV+ETM+수/NNB+있/VV+어서/EC+난/VX+ETM+버스/NNG+가/JKS+더/MAG+좋/VA+더라고/EC+~/SY"
          },
          {
            "id": 8,
            "text": "2 : 그래도 우리나라 지하철은 탈만 해",
            "norm_text": "그래도 우리나라 지하철은 탈만 해",
            "speaker": {
              "id": "2번",
              "sex": "여성",
              "age": "30대"
            },
            "speechAct": "(단언) 주장하기",
            "morpheme": "그래도/MAJ+우리/NP+나라/NNG+지하철/NNG+은/JX+탈/NNG+만/JX+해/VV+EC"
          },
          {
            "id": 9,
            "text": "2 : 요즘 새로 생기는 거는 확실히 더 쾌적하더라~",
            "norm_text": "요즘 새로 생기는 거는 확실히 더 쾌적하더라~",
            "speaker": {
              "id": "2번",
              "sex": "여성",
              "age": "30대"
            },
            "speechAct": "(단언) 진술하기",
            "morpheme": "요즘/MAG+새로/MAG+생기/VV+는/ETM+거/NNB+는/JX+확실히/MAG+더/MAG+쾌적/XR+하/XSA+더라/EC+~/SY"
          },
          {
            "id": 10,
            "text": "3 : 하 맞아 특히 더울 때는 버스 기사님들마다 틀어주시는 분이 있고 아닌 분이 있고 해서 그냥 무조건 시원한 지하철 선호했었어 키키",
            "norm_text": "하 맞아 특히 더울 때는 버스 기사님들마다 틀어주시는 분이 있고 아닌 분이 있고 해서 그냥 무조건 시원한 지하철 선호했었어 키키",
            "speaker": {
              "id": "3번",
              "sex": "여성",
              "age": "20대"
            },
            "speechAct": "(단언) 진술하기",
            "morpheme": "하/IC+맞아/IC+특히/MAG+더울/VA+ETM+때/NNG+는/JX+버스/NNG+기사/NNG+님/XSN+들/XSN+마다/JX+틀/VV+어/EC+주/VX+시/EP+는/ETM+분/NNB+이/JKS+있/VV+고/EC+아닌/VCN+ETM+분/NNB+이/JKS+있/VV+고/EC+해서/VV+EC+그냥/MAG+무조건/MAG+시원/XR+한/XSA+ETM+지하철/NNG+선호/NNG+했었/XSV+EP+어/EC+키/NNG+키/XSV+ETN"
          },
          {
            "id": 11,
            "text": "1 : 그치 버스는 또 밖에서 기다리기 너무 덥잖아 여름에는... 겨울에는 춥고",
            "norm_text": "그치 버스는 또 밖에서 기다리기 너무 덥잖아 여름에는... 겨울에는 춥고",
            "speaker": {
              "id": "1번",
              "sex": "여성",
              "age": "20대"
            },
            "speechAct": "(단언) 진술하기",
            "morpheme": "그치/IC+버스/NNG+는/JX+또/MAG+밖/NNG+에서/JKB+기다리/VV+기/ETN+너무/MAG+덥/VA+잖아/EC+여름/NNG+에/JKB+는/JX+./SY+겨울/NNG+에/JKB+는/JX+춥/VA+고/EC"
          },
          {
            "id": 12,
            "text": "2 : 요즘에 버스 정류장에 에어컨 설치된 부스 있는 곳도 있더라~코로나 때문에 좀 불안해서 사용은 못하겠지만...",
            "norm_text": "요즘에 버스 정류장에 에어컨 설치된 부스 있는 곳도 있더라~코로나 때문에 좀 불안해서 사용은 못하겠지만...",
            "speaker": {
              "id": "2번",
              "sex": "여성",
              "age": "30대"
            },
            "speechAct": "(단언) 진술하기",
            "morpheme": "요즘/NNG+에/JKB+버스/NNG+정류장/NNG+에/JKB+에어컨/NNG+설치/NNG+된/XSV+ETM+부스/NNG+있/VA+는/ETM+곳/NNG+도/JX+있/VA+더라/EC+~/SY+코로나/NNG+때문/NNB+에/JKB+좀/MAG+불안/NNG+해서/XSV+EC+사용/NNG+은/JX+못/MAG+하/VV+겠/EP+지만/EC+./SY+./SY"
          },
          {
            "id": 13,
            "text": "3 : 아 맞아... 근데 정말 지하철도 사람 많을 때 코로나 때문에 무서워 ㅠㅠ",
            "norm_text": "아 맞아... 근데 정말 지하철도 사람 많을 때 코로나 때문에 무서워 ㅠㅠ",
            "speaker": {
              "id": "3번",
              "sex": "여성",
              "age": "20대"
            },
            "speechAct": "(단언) 주장하기",
            "morpheme": "아/IC+맞/VV+아/EF+./SY+근데/MAJ+정말/MAG+지하철/NNG+도/JX+사람/NNG+많/VA+을/ETM+때/NNG+코로나/NNG+때문/NNB+에/JKB+무서워/VA+EC+ㅠㅠ/UNKNOWN"
          },
          {
            "id": 14,
            "text": "3 : 버스도 사람 많으면 정말 낑겨서 가는데...",
            "norm_text": "버스도 사람 많으면 정말 낑겨서 가는데...",
            "speaker": {
              "id": "3번",
              "sex": "여성",
              "age": "20대"
            },
            "speechAct": "(단언) 진술하기",
            "morpheme": "버스/NNG+도/JX+사람/NNG+많/VA+으면/EC+정말/MAG+낑/MAG+겨/NNG+서/JKB+가/VV+는데/EC+./SY+./SY"
          },
          {
            "id": 15,
            "text": "1 : 맞아 출퇴근 시간에 완전 꽉 껴서 가면 아무리 마스크를 썼어도 좀 위험할 거 같은데 ㅠㅠ",
            "norm_text": "맞아 출퇴근 시간에 완전 꽉 껴서 가면 아무리 마스크를 썼어도 좀 위험할 거 같은데 ㅠㅠ",
            "speaker": {
              "id": "1번",
              "sex": "여성",
              "age": "20대"
            },
            "speechAct": "(단언) 주장하기",
            "morpheme": "맞/VV+아/EC+출퇴근/NNG+시간/NNG+에/JKB+완전/MAG+꽉/MAG+껴서/VV+EC+가/VX+면/EC+아무리/MAG+마스크/NNG+를/JKO+썼/VV+EP+어도/EC+좀/MAG+위험/NNG+할/XSV+ETM+거/NNB+같/VA+은데/EC+ㅠㅠ/UNKNOWN"
          },
          {
            "id": 16,
            "text": "2 : 나 그래서 출퇴근 할 때 마스크 다른 거 써~ 많이 불안해서~",
            "norm_text": "나 그래서 출퇴근 할 때 마스크 다른 거 써~ 많이 불안해서~",
            "speaker": {
              "id": "2번",
              "sex": "여성",
              "age": "30대"
            },
            "speechAct": "(단언) 진술하기",
            "morpheme": "나/NP+그래서/MAJ+출퇴근/NNG+할/XSV+ETM+때/NNG+마스크/NNG+다른/VA+ETM+거/NNB+써/VV+EC+~/SY+많이/MAG+불안/NNG+해서/XSV+EC+~/SY"
          },
          {
            "id": 17,
            "text": "2 : 출근할 때는 다른 사람 얼굴이 내 귀에 있을 때도 있다니까 키키",
            "norm_text": "출근할 때는 다른 사람 얼굴이 내 귀에 있을 때도 있다니까 키키",
            "speaker": {
              "id": "2번",
              "sex": "여성",
              "age": "30대"
            },
            "speechAct": "(단언) 진술하기",
            "morpheme": "출근/NNG+할/XSV+ETM+때/NNG+는/JX+다른/MM+사람/NNG+얼굴/NNG+이/JKS+내/NP+JKG+귀/NNG+에/JKB+있/VV+을/ETM+때/NNG+도/JX+있/VA+다니까/EC+키/NNG+키/XSV+ETN"
          },
          {
            "id": 18,
            "text": "3 : 하 나도 그래야 하나 싶네...",
            "norm_text": "하 나도 그래야 하나 싶네...",
            "speaker": {
              "id": "3번",
              "sex": "여성",
              "age": "20대"
            },
            "speechAct": "(단언) 주장하기",
            "morpheme": "하나/NR+도/JX+그래야/VV+EC+하/VV+나/EC+싶/VX+네/EF+./SY"
          },
          {
            "id": 19,
            "text": "3 : 그럼 언니는 대중 교통 이용할 때는 80껴?",
            "norm_text": "그럼 언니는 대중 교통 이용할 때는 80껴?",
            "speaker": {
              "id": "3번",
              "sex": "여성",
              "age": "20대"
            },
            "speechAct": "(지시) 질문하기",
            "morpheme": "그럼/MAJ+언니/NNG+는/JX+대중교통/NNG+이용/NNG+할/XSV+ETM+때/NNG+는/JX+80/SN+껴/VV+EF"
          },
          {
            "id": 20,
            "text": "1 : 나는 밖에 다닐 때는 거의 94 껴! 가끔 80...",
            "norm_text": "나는 밖에 다닐 때는 거의 94 껴! 가끔 80...",
            "speaker": {
              "id": "1번",
              "sex": "여성",
              "age": "20대"
            },
            "speechAct": "(단언) 진술하기",
            "morpheme": "나/NP+는/JX+밖/NNG+에/JKB+다닐/VV+ETM+때/NNG+는/JX+거의/MAG+94/SN+껴/VV+EF+가끔/MAG+80/SN+./SY"
          },
          {
            "id": 21,
            "text": "1 : 사무실에서는 그냥 얇은 거 끼구...",
            "norm_text": "사무실에서는 그냥 얇은 거 끼구...",
            "speaker": {
              "id": "1번",
              "sex": "여성",
              "age": "20대"
            },
            "speechAct": "(단언) 진술하기",
            "morpheme": "사무실/NNG+에서/JKB+는/JX+그냥/MAG+얇/VA+은/ETM+거/NNB+끼/VV+구/EC+./SY+./SY"
          },
          {
            "id": 22,
            "text": "2 : 나는 요즘은 80껴 너무 답답해서~ 사무실에서는 비말 끼고~",
            "norm_text": "나는 요즘은 80껴 너무 답답해서~ 사무실에서는 비말 끼고~",
            "speaker": {
              "id": "2번",
              "sex": "여성",
              "age": "30대"
            },
            "speechAct": "(단언) 진술하기",
            "morpheme": "나/NP+는/JX+요즘/NNG+은/JX+80/SN+껴/VV+EC+너무/MAG+답답/XR+해서/XSA+EC+~/SY+사무실/NNG+에서/JKB+는/JX+비/XPN+말/NNG+끼/VV+고/EC+~/SY"
          },
          {
            "id": 23,
            "text": "3 : 아하 다들 그렇게 하는 구나... 나도 내일부터 출퇴근 할 때만은 80껴야겠다 ㅠㅠ",
            "norm_text": "아하 다들 그렇게 하는 구나... 나도 내일부터 출퇴근 할 때만은 80껴야겠다 ㅠㅠ",
            "speaker": {
              "id": "3번",
              "sex": "여성",
              "age": "20대"
            },
            "speechAct": "(언약) 약속하기(제3자와)/(개인적 수준)",
            "morpheme": "아/IC+하다/NNG+들/XSN+그렇게/MAG+하/VV+는구나/EF+./SY+나/NP+도/JX+내일/NNG+부터/JX+출퇴근/NNG+할/XSV+ETM+때/NNG+만/JX+은/JX+80/SN+껴야겠다ㅠㅠ/UNKNOWN"
          },
          {
            "id": 24,
            "text": "3 : 옛날에는 티머니 썼는데 요즘에는 다들 그냥 신용카드로 요금 결제해?",
            "norm_text": "옛날에는 티머니 썼는데 요즘에는 다들 그냥 신용카드로 요금 결제해?",
            "speaker": {
              "id": "3번",
              "sex": "여성",
              "age": "20대"
            },
            "speechAct": "(지시) 질문하기",
            "morpheme": "옛날/NNG+에/JKB+는/JX+티머니/NNP+썼/VV+EP+는데/EC+요즘/NNG+에/JKB+는/JX+다/MAG+들/XSN+그냥/MAG+신용/NNG+카드/NNG+로/JKB+요금/NNG+결제/NNG+해/XSV+EF"
          },
          {
            "id": 25,
            "text": "1 : 응응 신용카드로 하고 나중에 후불 결제!",
            "norm_text": "응응 신용카드로 하고 나중에 후불 결제!",
            "speaker": {
              "id": "1번",
              "sex": "여성",
              "age": "20대"
            },
            "speechAct": "(단언) 진술하기",
            "morpheme": "응/IC+응/IC+신용카드/NNP+로/JKB+하/VV+고/EC+나중/NNG+에/JKB+후불/NNG+결제/NNG"
          },
          {
            "id": 26,
            "text": "2 : 응 나도~ 여러 개 가지고 다니기 불편해서 교통 카드 겸 신용 카드 겸해서 한 개만 갖고 다녀~",
            "norm_text": "응 나도~ 여러 개 가지고 다니기 불편해서 교통 카드 겸 신용 카드 겸해서 한 개만 갖고 다녀~",
            "speaker": {
              "id": "2번",
              "sex": "여성",
              "age": "30대"
            },
            "speechAct": "(단언) 진술하기",
            "morpheme": "응/IC+나/NP+도/JX+~/SY+여러/MM+개/NNBC+가지/VV+고/EC+다니/VV+기/ETN+불편/NNG+해서/XSV+EC+교통카드/NNP+겸신/NNG+용/XSN+카드/NNG+겸/NNB+해서/VV+EC+한/MM+개/NNBC+만/JX+갖/VX+고/EC+다녀/VV+EC+~/SY"
          },
          {
            "id": 27,
            "text": "3 : 오홈 오홍 요즘에는 핸드폰으로도 결제 많이 하던데 해봤어?",
            "norm_text": "오홈 오홍 요즘에는 핸드폰으로도 결제 많이 하던데 해봤어?",
            "speaker": {
              "id": "3번",
              "sex": "여성",
              "age": "20대"
            },
            "speechAct": "(지시) 질문하기",
            "morpheme": "오/NR+홈/NNG+오/NR+홍/NNG+요즘/NNG+에/JKB+는/JX+핸드폰/NNG+으로/JKB+도/JX+결제/NNG+많이/MAG+하/VV+던데/EC+해/VV+EC+봤/VX+EP+어/EF"
          },
          {
            "id": 28,
            "text": "3 : 그 NFC기능 써서!",
            "norm_text": "그 NFC기능 써서!",
            "speaker": {
              "id": "3번",
              "sex": "여성",
              "age": "20대"
            },
            "speechAct": "(단언) 진술하기",
            "morpheme": "그/MM+NFC/SL+기능/NNG+써서/VV+EF"
          },
          {
            "id": 29,
            "text": "1 : 맞아 많이 하더라~",
            "norm_text": "맞아 많이 하더라~",
            "speaker": {
              "id": "1번",
              "sex": "여성",
              "age": "20대"
            },
            "speechAct": "(단언) 진술하기",
            "morpheme": "맞/VV+아/EC+많이/MAG+하/VV+더라/EC+~/SY"
          },
          {
            "id": 30,
            "text": "1 : 그거는 삼성폰만 되는 거 아닌가?",
            "norm_text": "그거는 삼성폰만 되는 거 아닌가?",
            "speaker": {
              "id": "1번",
              "sex": "여성",
              "age": "20대"
            },
            "speechAct": "(지시) 질문하기",
            "morpheme": "그거/NP+는/JX+삼성/NNP+폰/NNG+만/JX+되/VV+는/ETM+거/NNB+아닌가/VCN+EF"
          },
          {
            "id": 31,
            "text": "2 : 그런가? 삼성 폰 쓰는 사람은 삼성 페이 많이 이용하더라~",
            "norm_text": "그런가? 삼성 폰 쓰는 사람은 삼성 페이 많이 이용하더라~",
            "speaker": {
              "id": "2번",
              "sex": "여성",
              "age": "30대"
            },
            "speechAct": "(단언) 진술하기",
            "morpheme": "그런가/VA+EF+삼성/NNP+폰/NNG+쓰/VV+는/ETM+사람/NNG+은/JX+삼성/NNP+페이/NNP+많이/MAG+이용/NNG+하/XSV+더라/EC+~/SY"
          },
          {
            "id": 32,
            "text": "2 : 나는 삼성 폰이지만 안 해 봤어 키키",
            "norm_text": "나는 삼성 폰이지만 안 해 봤어 키키",
            "speaker": {
              "id": "2번",
              "sex": "여성",
              "age": "30대"
            },
            "speechAct": "(단언) 진술하기",
            "morpheme": "나/NP+는/JX+삼성/NNP+폰/NNG+이/VCP+지만/EC+안/MAG+해/VV+EC+봤/VX+EP+어/EC+키/NNG+키/XSV+ETN"
          },
          {
            "id": 33,
            "text": "3 : 아 그런겨? 아이폰은 안 되는 거야? 키키",
            "norm_text": "아 그런겨? 아이폰은 안 되는 거야? 키키",
            "speaker": {
              "id": "3번",
              "sex": "여성",
              "age": "20대"
            },
            "speechAct": "(지시) 질문하기",
            "morpheme": "아/IC+그런겨/VV+EF+아이폰/NNP+은/JX+안/MAG+되/VV+는/ETM+거/NNB+야/VCP+EF+키/NNG+키/XSV+ETN"
          },
          {
            "id": 34,
            "text": "3 : 나는 삼성 폰인데 삼성 페이도 안 씀. 키키",
            "norm_text": "나는 삼성 폰인데 삼성 페이도 안 씀. 키키",
            "speaker": {
              "id": "3번",
              "sex": "여성",
              "age": "20대"
            },
            "speechAct": "(단언) 진술하기",
            "morpheme": "나/NP+는/JX+삼성/NNP+폰/NNG+인데/VCP+EC+삼성/NNP+페이/NNP+도/JX+안/MAG+씀/VV+ETN+키/NNG+키/XSV+ETN"
          },
          {
            "id": 35,
            "text": "3 : 삼성 페이는 교통비 결제 안되는 거겠지?",
            "norm_text": "삼성 페이는 교통비 결제 안되는 거겠지?",
            "speaker": {
              "id": "3번",
              "sex": "여성",
              "age": "20대"
            },
            "speechAct": "(지시) 질문하기",
            "morpheme": "삼성/NNP+페이/NNP+는/JX+교통/NNG+비결/NNG+제안/NNG+되/XSV+는/ETM+거/NNB+겠/VCP+EP+지/EF"
          },
          {
            "id": 36,
            "text": "1 : 키키 나는 아이폰이라 잘 몰라...",
            "norm_text": "키키 나는 아이폰이라 잘 몰라...",
            "speaker": {
              "id": "1번",
              "sex": "여성",
              "age": "20대"
            },
            "speechAct": "(단언) 주장하기",
            "morpheme": "키/NNG+키나/XSA+ETN+JX+는/JX+아이폰/NNP+이/VCP+라/EC+잘/MAG+몰라/VV+EF+./SY"
          },
          {
            "id": 37,
            "text": "1 : 근데 삼성만 저 기능이 있는 걸루 알고 있음!",
            "norm_text": "근데 삼성만 저 기능이 있는 걸루 알고 있음!",
            "speaker": {
              "id": "1번",
              "sex": "여성",
              "age": "20대"
            },
            "speechAct": "(단언) 주장하기",
            "morpheme": "근데/MAJ+삼성/NNP+만/JX+저/MM+기능/NNG+이/JKS+있/VA+는/ETM+걸루/NNB+JKB+알/VV+고/EC+있/VX+음/ETN"
          },
          {
            "id": 38,
            "text": "1 : 다들 삼성 페이 한번 써봐~ 편하대",
            "norm_text": "다들 삼성 페이 한번 써봐~ 편하대",
            "speaker": {
              "id": "1번",
              "sex": "여성",
              "age": "20대"
            },
            "speechAct": "(지시) 충고/제안하기",
            "morpheme": "다/MAG+들/XSN+삼성/NNP+페이/NNP+한/MM+번/NNBC+써/VV+EC+봐/VX+EC+~/SY+편하/VA+대/EC"
          },
          {
            "id": 39,
            "text": "2 : 삼성 폰 쓰면서 삼성 페이 안 쓰는 사람은 바보라고 놀림 받았는데~ 동지 생겼다 아싸~",
            "norm_text": "삼성 폰 쓰면서 삼성 페이 안 쓰는 사람은 바보라고 놀림 받았는데~ 동지 생겼다 아싸~",
            "speaker": {
              "id": "2번",
              "sex": "여성",
              "age": "30대"
            },
            "speechAct": "(단언) 진술하기",
            "morpheme": "삼성/NNP+폰/NNG+쓰/VV+면서/EC+삼성/NNP+페이/NNP+안/MAG+쓰/VV+는/ETM+사람/NNG+은/JX+바보/NNG+라고/VCP+EC+놀림/VV+ETN+받/VV+았/EP+는데/EC+~/SY+동지/NNG+생겼/VV+EP+다/EF+아싸/IC+~/SY"
          },
          {
            "id": 40,
            "text": "3 : 키키 나도 나 말고 처음 봤어 반가워어어 키키",
            "norm_text": "키키 나도 나 말고 처음 봤어 반가워어어 키키",
            "speaker": {
              "id": "3번",
              "sex": "여성",
              "age": "20대"
            },
            "speechAct": "(단언) 진술하기",
            "morpheme": "키/NNG+키나/XSA+ETN+JX+도/JX+나/NP+말/VV+고/EC+처음/MAG+봤/VV+EP+어/EC+반가워/VA+EC+어/IC+어/IC+키/NNG+키/XSV+ETN"
          }
        ]
      }
    }
  ]
}