{
  "dataset": {
    "identifier": 40131,
    "name": "BAND_34_05_set",
    "src_path": "/data/file/cubeManager/PROJECT001/53/txt20210928113647093598/BAND_34_05_set/",
    "label_path": "/data/file/cubeManager/PROJECT001/53/txt20210928113647093598/BAND_34_05_set/",
    "category": 2,
    "type": 0
  },
  "licenses": {
    "name": "Apache License 1.0",
    "url": "http://www.apache.org/licenses/LICENSE-1.0"
  },
  "info": [
    {
      "id": 35464,
      "filename": "BAND_34_05.txt",
      "title": "BAND_34_05",
      "mediatype": "SNS",
      "medianame": "네이버밴드",
      "category": "일상대화",
      "date": "2021-09-28",
      "size": 374,
      "annotations": {
        "subject": "군대",
        "speaker_type": "1:1",
        "size": 374,
        "word_size": 122,
        "text": "1 : 오빠는 훈련소 어디로 들어갔어?\n2 : 논산 훈련소로 들어갔지 키키 국룰이지\n1 : 역시 논산 훈련소가 만인의 훈련소인가 봐.\n2 : 맞아 키키 논산 하면 훈련소라 오고 싶지 않았는데\n1 : 그래도 집이랑 가까워서 좋았지?\n2 : 맞아 키키 논산으로 와서 가족들은 잘 봤지 키키\n1 : 그리고 자대 배치는 어디로 받았어?\n2 : 강원도로 받았었어 최전방이었어\n1 : 헐 완전 멀리도 갔다 ㅜ\n2 : 맞아 키키 그래도 군 생활은 나름 편했어\n1 : 그래? 거기 왕 나방도 있다던데 맞아?\n2 : 맞아 일명 팅커벨이라고 하지\n1 : 나 그거 사진 봤는데 진짜 그거 맞아?\n2 : 아 맞아 키키 더 큰 것도 많아 키키\n1 : 무슨 일반 비둘기 크기던데?\n2 : 응 멀리서 보면 새인가 싶어 키키",
        "lines": [
          {
            "id": 1,
            "text": "1 : 오빠는 훈련소 어디로 들어갔어?",
            "norm_text": "오빠는 훈련소 어디로 들어갔어?",
            "speaker": {
              "id": "1번",
              "sex": "여성",
              "age": "20대"
            },
            "speechAct": "(지시) 질문하기",
            "morpheme": "오빠/NNG+는/JX+훈련소/NNG+어디/NP+로/JKB+들어갔/VV+EP+어/EF"
          },
          {
            "id": 2,
            "text": "2 : 논산 훈련소로 들어갔지 키키 국룰이지",
            "norm_text": "논산 훈련소로 들어갔지 키키 국룰이지",
            "speaker": {
              "id": "2번",
              "sex": "남성",
              "age": "30대"
            },
            "speechAct": "(단언) 진술하기",
            "morpheme": "논산/NNP+훈련소/NNG+로/JKB+들어갔/VV+EP+지/EC+키/NNG+키/NNG+국/NNG+룰/NNG+이/VCP+지/EC"
          },
          {
            "id": 3,
            "text": "1 : 역시 논산 훈련소가 만인의 훈련소인가 봐.",
            "norm_text": "역시 논산 훈련소가 만인의 훈련소인가 봐.",
            "speaker": {
              "id": "1번",
              "sex": "여성",
              "age": "20대"
            },
            "speechAct": "(단언) 진술하기",
            "morpheme": "역시/MAJ+논산/NNP+훈련소/NNG+가/JKS+만인/NNG+의/JKG+훈련소/NNG+인가/VCP+EC+봐/VX+EF"
          },
          {
            "id": 4,
            "text": "2 : 맞아 키키 논산 하면 훈련소라 오고 싶지 않았는데",
            "norm_text": "맞아 키키 논산 하면 훈련소라 오고 싶지 않았는데",
            "speaker": {
              "id": "2번",
              "sex": "남성",
              "age": "30대"
            },
            "speechAct": "(단언) 진술하기",
            "morpheme": "맞/VV+아/EC+키/NNG+키/XSV+ETN+논/VV+ETM+산/NNG+하/XSV+면/EC+훈련소/NNG+라/VCP+EC+오/VV+고/EC+싶/VX+지/EC+않/VX+았/EP+는데/EC"
          },
          {
            "id": 5,
            "text": "1 : 그래도 집이랑 가까워서 좋았지?",
            "norm_text": "그래도 집이랑 가까워서 좋았지?",
            "speaker": {
              "id": "1번",
              "sex": "여성",
              "age": "20대"
            },
            "speechAct": "(지시) 질문하기",
            "morpheme": "그래도/MAJ+집/NNG+이랑/JKB+가까워서/VA+EC+좋/VA+았/EP+지/EF"
          },
          {
            "id": 6,
            "text": "2 : 맞아 키키 논산으로 와서 가족들은 잘 봤지 키키",
            "norm_text": "맞아 키키 논산으로 와서 가족들은 잘 봤지 키키",
            "speaker": {
              "id": "2번",
              "sex": "남성",
              "age": "30대"
            },
            "speechAct": "(단언) 진술하기",
            "morpheme": "맞/VV+아/EC+키키/NNP+논산/NNP+으로/JKB+와서/VV+EC+가족/NNG+들/XSN+은/JX+잘/MAG+봤/VV+EP+지/EC+키/NNG+키/XSV+ETN"
          },
          {
            "id": 7,
            "text": "1 : 그리고 자대 배치는 어디로 받았어?",
            "norm_text": "그리고 자대 배치는 어디로 받았어?",
            "speaker": {
              "id": "1번",
              "sex": "여성",
              "age": "20대"
            },
            "speechAct": "(지시) 질문하기",
            "morpheme": "그리고/MAJ+자대/NNG+배치/NNG+는/JX+어디/NP+로/JKB+받/VV+았/EP+어/EF"
          },
          {
            "id": 8,
            "text": "2 : 강원도로 받았었어 최전방이었어",
            "norm_text": "강원도로 받았었어 최전방이었어",
            "speaker": {
              "id": "2번",
              "sex": "남성",
              "age": "30대"
            },
            "speechAct": "(단언) 진술하기",
            "morpheme": "강원도/NNP+로/JKB+받/VV+았었/EP+어/EC+최전방/NNG+이/VCP+었/EP+어/EC"
          },
          {
            "id": 9,
            "text": "1 : 헐 완전 멀리도 갔다 ㅜ",
            "norm_text": "헐 완전 멀리도 갔다 ㅜ",
            "speaker": {
              "id": "1번",
              "sex": "여성",
              "age": "20대"
            },
            "speechAct": "(단언) 진술하기",
            "morpheme": "헐/IC+완전/MAG+멀리/MAG+도/JX+갔/VV+EP+다ㅜ/UNKNOWN"
          },
          {
            "id": 10,
            "text": "2 : 맞아 키키 그래도 군 생활은 나름 편했어",
            "norm_text": "맞아 키키 그래도 군 생활은 나름 편했어",
            "speaker": {
              "id": "2번",
              "sex": "남성",
              "age": "30대"
            },
            "speechAct": "(단언) 주장하기",
            "morpheme": "맞/VV+아/EC+키/NNG+키/XSV+ETN+그래도/VV+EC+군/VX+ETM+생활/NNG+은/JX+나름/NNB+편했/VA+EP+어/EC"
          },
          {
            "id": 11,
            "text": "1 : 그래? 거기 왕 나방도 있다던데 맞아?",
            "norm_text": "그래? 거기 왕 나방도 있다던데 맞아?",
            "speaker": {
              "id": "1번",
              "sex": "여성",
              "age": "20대"
            },
            "speechAct": "(지시) 질문하기",
            "morpheme": "그래/IC+거기/NP+왕/NNG+나방/NNG+도/JX+있/VA+다던데/EC+맞/VV+아/EF"
          },
          {
            "id": 12,
            "text": "2 : 맞아 일명 팅커벨이라고 하지",
            "norm_text": "맞아 일명 팅커벨이라고 하지",
            "speaker": {
              "id": "2번",
              "sex": "남성",
              "age": "30대"
            },
            "speechAct": "(단언) 진술하기",
            "morpheme": "맞/VV+아/EC+일/NR+명/NNBC+팅커벨/NNP+이/VCP+라고/EC+하/VV+지/EC"
          },
          {
            "id": 13,
            "text": "1 : 나 그거 사진 봤는데 진짜 그거 맞아?",
            "norm_text": "나 그거 사진 봤는데 진짜 그거 맞아?",
            "speaker": {
              "id": "1번",
              "sex": "여성",
              "age": "20대"
            },
            "speechAct": "(지시) 질문하기",
            "morpheme": "나/NP+그거/NP+사진/NNG+봤/VV+EP+는데/EC+진짜/MAG+그거/NP+맞/VV+아/EF"
          },
          {
            "id": 14,
            "text": "2 : 아 맞아 키키 더 큰 것도 많아 키키",
            "norm_text": "아 맞아 키키 더 큰 것도 많아 키키",
            "speaker": {
              "id": "2번",
              "sex": "남성",
              "age": "30대"
            },
            "speechAct": "(단언) 주장하기",
            "morpheme": "아/IC+맞/VV+아/EC+키/NNG+키/NNG+더/MAG+큰/VA+ETM+것/NNB+도/JX+많/VA+아/EC+키/NNG+키/XSV+ETN"
          },
          {
            "id": 15,
            "text": "1 : 무슨 일반 비둘기 크기던데?",
            "norm_text": "무슨 일반 비둘기 크기던데?",
            "speaker": {
              "id": "1번",
              "sex": "여성",
              "age": "20대"
            },
            "speechAct": "(지시) 질문하기",
            "morpheme": "무슨/MM+일반/NNG+비둘기/NNG+크기/NNG+던데/VCP+EF"
          },
          {
            "id": 16,
            "text": "2 : 응 멀리서 보면 새인가 싶어 키키",
            "norm_text": "응 멀리서 보면 새인가 싶어 키키",
            "speaker": {
              "id": "2번",
              "sex": "남성",
              "age": "30대"
            },
            "speechAct": "(단언) 진술하기",
            "morpheme": "응/IC+멀리/MAG+서보/NNG+면새/NNG+인가/VCP+EC+싶/VX+어/EC+키/NNG+키/XSV+ETN"
          }
        ]
      }
    }
  ]
}