{
  "dataset": {
    "identifier": 22419,
    "name": "BAND_29_05_set",
    "src_path": "/data/file/cubeManager/PROJECT001/49/txt20210917164449093757/BAND_29_05_set/",
    "label_path": "/data/file/cubeManager/PROJECT001/49/txt20210917164449093757/BAND_29_05_set/",
    "category": 2,
    "type": 0
  },
  "licenses": {
    "name": "Apache License 1.0",
    "url": "http://www.apache.org/licenses/LICENSE-1.0"
  },
  "info": [
    {
      "id": 30276,
      "filename": "BAND_29_05.txt",
      "title": "BAND_29_05",
      "mediatype": "SNS",
      "medianame": "네이버밴드",
      "category": "일상대화",
      "date": "2021-09-17",
      "size": 421,
      "annotations": {
        "subject": "군대",
        "speaker_type": "1:1",
        "size": 421,
        "word_size": 139,
        "text": "1 : 너 나 훈련소에서 알바했던 거 알아?\n2 : 아 진짜? 훈련소에서 무슨 알바 했어?\n1 : 나 빵집이랑 카페 알바 했었어 키키\n2 : 훈련소 안에 있는 데였던 거야?\n1 : 응 너 훈련소 안에 편의 시설 뭐 있는지 모르지?\n2 : 훈련소 들어가 보지도 못했어 키키\n1 : 맞아 요즘에는 코로나 때문에 더 못 들어가지 키키\n2 : 훈련소 안에 있으면 군인 많이 봤겠다\n1 : 근데 그거 알아? 다 나보다 동생이다? 키키\n2 : 아 키키 그러네 대부분 20살에 가니깐 키키\n1 : 맞아 너무 애들 안쓰럽더라 ㅜㅜ\n2 : 그러겠다 ㅠ 어릴 때 군인 나이 많아 보였는데 키키\n1 : 맞아 군인 아저씨였잖아 근데 이제 군인 동생이야 ㅜㅜ\n2 : 맞아 키키 그냥 지나가는 군인도 이제 우리보다 어리네\n1 : 왜 갑자기 나 슬퍼지는 거냐?\n2 : 키키 세월이 흐르는 건 어쩔 수 없구나",
        "lines": [
          {
            "id": 1,
            "text": "1 : 너 나 훈련소에서 알바했던 거 알아?",
            "norm_text": "너 나 훈련소에서 알바했던 거 알아?",
            "speaker": {
              "id": "1번",
              "sex": "여성",
              "age": "20대"
            },
            "speechAct": "(지시) 질문하기",
            "morpheme": "너/NP+나/JX+훈련소/NNG+에서/JKB+알/VV+ETM+바/NNB+했/VV+EP+던/ETM+거/NNB+알/VV+아/EF"
          },
          {
            "id": 2,
            "text": "2 : 아 진짜? 훈련소에서 무슨 알바 했어?",
            "norm_text": "아 진짜? 훈련소에서 무슨 알바 했어?",
            "speaker": {
              "id": "2번",
              "sex": "여성",
              "age": "20대"
            },
            "speechAct": "(지시) 질문하기",
            "morpheme": "아/IC+진짜/MAG+훈련소/NNG+에서/JKB+무슨/MM+알/VV+ETM+바/NNB+했/VV+EP+어/EF"
          },
          {
            "id": 3,
            "text": "1 : 나 빵집이랑 카페 알바 했었어 키키",
            "norm_text": "나 빵집이랑 카페 알바 했었어 키키",
            "speaker": {
              "id": "1번",
              "sex": "여성",
              "age": "20대"
            },
            "speechAct": "(단언) 진술하기",
            "morpheme": "나/NP+빵집/NNG+이랑/JKB+카페/NNG+알/VV+ETM+바/NNB+했었/VV+EP+어/EC+키/NNG+키/XSV+ETN"
          },
          {
            "id": 4,
            "text": "2 : 훈련소 안에 있는 데였던 거야?",
            "norm_text": "훈련소 안에 있는 데였던 거야?",
            "speaker": {
              "id": "2번",
              "sex": "여성",
              "age": "20대"
            },
            "speechAct": "(지시) 질문하기",
            "morpheme": "훈련소/NNG+안/NNG+에/JKB+있/VV+는/ETM+데/NNB+였/VCP+EP+던/ETM+거/NNB+야/VCP+EF"
          },
          {
            "id": 5,
            "text": "1 : 응 너 훈련소 안에 편의 시설 뭐 있는지 모르지?",
            "norm_text": "응 너 훈련소 안에 편의 시설 뭐 있는지 모르지?",
            "speaker": {
              "id": "1번",
              "sex": "여성",
              "age": "20대"
            },
            "speechAct": "(지시) 질문하기",
            "morpheme": "응/IC+너/NP+훈련소/NNG+안/NNG+에/JKB+편의/NNG+시설/NNG+뭐/IC+있/VA+는지/EC+모르/VV+지/EF"
          },
          {
            "id": 6,
            "text": "2 : 훈련소 들어가 보지도 못했어 키키",
            "norm_text": "훈련소 들어가 보지도 못했어 키키",
            "speaker": {
              "id": "2번",
              "sex": "여성",
              "age": "20대"
            },
            "speechAct": "(단언) 주장하기",
            "morpheme": "훈련소/NNG+들어가/VV+EC+보/VX+지/EC+도/JX+못/MAG+했/VV+EP+어/EC+키/NNG+키/XSV+ETN"
          },
          {
            "id": 7,
            "text": "1 : 맞아 요즘에는 코로나 때문에 더 못 들어가지 키키",
            "norm_text": "맞아 요즘에는 코로나 때문에 더 못 들어가지 키키",
            "speaker": {
              "id": "1번",
              "sex": "여성",
              "age": "20대"
            },
            "speechAct": "(단언) 진술하기",
            "morpheme": "맞/VV+아/EC+요즘/NNG+에/JKB+는/JX+코로나/NNG+때문/NNB+에/JKB+더/MAG+못/MAG+들어가/VV+지/EC+키/NNG+키/XSV+ETN"
          },
          {
            "id": 8,
            "text": "2 : 훈련소 안에 있으면 군인 많이 봤겠다",
            "norm_text": "훈련소 안에 있으면 군인 많이 봤겠다",
            "speaker": {
              "id": "2번",
              "sex": "여성",
              "age": "20대"
            },
            "speechAct": "(단언) 주장하기",
            "morpheme": "훈련소/NNG+안/NNG+에/JKB+있/VV+으면/EC+군인/NNG+많이/MAG+봤/VV+EP+겠/EP+다/EC"
          },
          {
            "id": 9,
            "text": "1 : 근데 그거 알아? 다 나보다 동생이다? 키키",
            "norm_text": "근데 그거 알아? 다 나보다 동생이다? 키키",
            "speaker": {
              "id": "1번",
              "sex": "여성",
              "age": "20대"
            },
            "speechAct": "(지시) 질문하기",
            "morpheme": "근데/MAJ+그거/NP+알/VV+아/EF+다/MAG+나/NP+보다/JKB+동생/NNG+이/VCP+다/EF+키/NNG+키/XSV+ETN"
          },
          {
            "id": 10,
            "text": "2 : 아 키키 그러네 대부분 20살에 가니깐 키키",
            "norm_text": "아 키키 그러네 대부분 20살에 가니깐 키키",
            "speaker": {
              "id": "2번",
              "sex": "여성",
              "age": "20대"
            },
            "speechAct": "(단언) 주장하기",
            "morpheme": "아키/NNP+키/NNG+그러/VV+네/EF+대부분/NNG+20/SN+살/NNBC+에/JKB+가/VV+니깐/EC+키/NNG+키/XSV+ETN"
          },
          {
            "id": 11,
            "text": "1 : 맞아 너무 애들 안쓰럽더라 ㅜㅜ",
            "norm_text": "맞아 너무 애들 안쓰럽더라 ㅜㅜ",
            "speaker": {
              "id": "1번",
              "sex": "여성",
              "age": "20대"
            },
            "speechAct": "(단언) 주장하기",
            "morpheme": "맞/VV+아/EC+너무/MAG+애/NNG+들/XSN+안쓰럽/VA+더라/EF+ㅜㅜ/UNKNOWN"
          },
          {
            "id": 12,
            "text": "2 : 그러겠다 ㅠ 어릴 때 군인 나이 많아 보였는데 키키",
            "norm_text": "그러겠다 ㅠ 어릴 때 군인 나이 많아 보였는데 키키",
            "speaker": {
              "id": "2번",
              "sex": "여성",
              "age": "20대"
            },
            "speechAct": "(단언) 주장하기",
            "morpheme": "그러/VV+겠/EP+다ㅠ/UNKNOWN+어릴/VA+ETM+때/NNG+군인/NNG+나이/NNG+많/VA+아/EC+보였/VV+EP+는데/EC+키/NNG+키/XSV+ETN"
          },
          {
            "id": 13,
            "text": "1 : 맞아 군인 아저씨였잖아 근데 이제 군인 동생이야 ㅜㅜ",
            "norm_text": "맞아 군인 아저씨였잖아 근데 이제 군인 동생이야 ㅜㅜ",
            "speaker": {
              "id": "1번",
              "sex": "여성",
              "age": "20대"
            },
            "speechAct": "(단언) 주장하기",
            "morpheme": "맞/VV+아/EC+군인/NNG+아저씨/NNG+였/VCP+EP+잖아/EF+근데/MAJ+이제/MAG+군인/NNG+동생/NNG+이/VCP+야/EF+ㅜㅜ/UNKNOWN"
          },
          {
            "id": 14,
            "text": "2 : 맞아 키키 그냥 지나가는 군인도 이제 우리보다 어리네",
            "norm_text": "맞아 키키 그냥 지나가는 군인도 이제 우리보다 어리네",
            "speaker": {
              "id": "2번",
              "sex": "여성",
              "age": "20대"
            },
            "speechAct": "(단언) 주장하기",
            "morpheme": "맞/VV+아/EC+키/NNG+키/NNG+그냥/MAG+지나가/VV+는/ETM+군인/NNG+도/JX+이제/MAG+우리/NP+보다/JKB+어리/VA+네/EC"
          },
          {
            "id": 15,
            "text": "1 : 왜 갑자기 나 슬퍼지는 거냐?",
            "norm_text": "왜 갑자기 나 슬퍼지는 거냐?",
            "speaker": {
              "id": "1번",
              "sex": "여성",
              "age": "20대"
            },
            "speechAct": "(지시) 질문하기",
            "morpheme": "왜/MAG+갑자기/MAG+나/NP+슬퍼지/VV+는/ETM+거/NNB+냐/VCP+EF"
          },
          {
            "id": 16,
            "text": "2 : 키키 세월이 흐르는 건 어쩔 수 없구나",
            "norm_text": "키키 세월이 흐르는 건 어쩔 수 없구나",
            "speaker": {
              "id": "2번",
              "sex": "여성",
              "age": "20대"
            },
            "speechAct": "(단언) 주장하기",
            "morpheme": "키/NNG+키/NNG+세월/NNG+이/JKS+흐르/VV+는/ETM+건/NNB+JX+어쩔/VV+ETM+수/NNB+없/VA+구나/EC"
          }
        ]
      }
    }
  ]
}