{
  "dataset": {
    "identifier": 103631,
    "name": "BAND_37_02_set",
    "src_path": "/data/file/cubeManager/PROJECT001/77/txt20211027150101053913/BAND_37_02_set/",
    "label_path": "/data/file/cubeManager/PROJECT001/77/txt20211027150101053913/BAND_37_02_set/",
    "category": 2,
    "type": 0
  },
  "licenses": {
    "name": "Apache License 1.0",
    "url": "http://www.apache.org/licenses/LICENSE-1.0"
  },
  "info": [
    {
      "id": 96642,
      "filename": "BAND_37_02.txt",
      "title": "BAND_37_02",
      "mediatype": "SNS",
      "medianame": "네이버밴드",
      "category": "일상대화",
      "date": "2021-10-27",
      "size": 532,
      "annotations": {
        "subject": "주거와 생활",
        "speaker_type": "다자간 대화",
        "size": 532,
        "word_size": 171,
        "text": "1 : 다들 배달음식 자주 시켜먹어?\n2 : 아니 나는 웬만하면 식단위주라 그런 거 잘 안먹어\n3 : 진짜 배달음식 너무 사랑해\n3 : 난 자주 시켜먹어\n1 : 키키 나돈데 키키 배달의 민족 애용하지\n2 : 아 배달의민족 어플을 먼저 삭제해야지!\n3 : 어플이 있으면 한번씩 들어가다가 시킨다니까\n1 : 삭제해도 다시 까는 날 볼 수 있어 키키\n2 : 앜 키키 다들 배달음식 너무 자주 시켜먹지마 그러다가 돼지된다?!\n3 : 뭐 난 이미 돼지야\n1 : 맴찢 ㅜㅜ 나도 이미 돼지화 되는중이라고 키키\n2 : 흠 한번씩 거울 앞에서 서서 니들 몸 보면 안 시켜먹게 될거야 키키\n3 : 그치만 배달음식 없는 삶은 생각하기 싫은걸\n1 : 키키 맞아 키키 맛있는 게 너무 많아 ㅠ\n2 : 그치 사실 나도 한번씩 흔들리는데 5분만 참으면 안 시켜먹게 되더라고 키키\n3 : 대단하네\n3 : 나는 이겨본 적이 없는데\n1 : 대단하다 키키\n1 : 나도 항상 진다고 키키\n2 : 나는 맨날 똑같은 생각하는데 뭘 먹어도 배만 부르면 되는 거 아니겠냐고 키키\n3 : 진짜 대단한 친구야...\n3 : 부처아니야?",
        "lines": [
          {
            "id": 1,
            "text": "1 : 다들 배달음식 자주 시켜먹어?",
            "norm_text": "다들 배달음식 자주 시켜먹어?",
            "speaker": {
              "id": "1번",
              "sex": "여성",
              "age": "20대"
            },
            "speechAct": "(지시) 질문하기",
            "morpheme": "다/MAG+들배/NNG+달/NNG+음식/NNG+자주/MAG+시켜/VV+EC+먹/VV+어/EF"
          },
          {
            "id": 2,
            "text": "2 : 아니 나는 웬만하면 식단위주라 그런 거 잘 안먹어",
            "norm_text": "아니 나는 웬만하면 식단위주라 그런 거 잘 안먹어",
            "speaker": {
              "id": "2번",
              "sex": "남성",
              "age": "20대"
            },
            "speechAct": "(단언) 주장하기",
            "morpheme": "아니/IC+나/NP+는/JX+웬만/XR+하/XSA+면/EC+식단/NNG+위주/NNG+라/VCP+EC+그런/MM+거/NNB+잘/MAG+안/MAG+먹/VV+어/EC"
          },
          {
            "id": 3,
            "text": "3 : 진짜 배달음식 너무 사랑해",
            "norm_text": "진짜 배달음식 너무 사랑해",
            "speaker": {
              "id": "3번",
              "sex": "남성",
              "age": "20대"
            },
            "speechAct": "(단언) 주장하기",
            "morpheme": "진짜/MAG+배달/NNG+음식/NNG+너무/MAG+사랑/NNG+해/XSV+EC"
          },
          {
            "id": 4,
            "text": "3 : 난 자주 시켜먹어",
            "norm_text": "난 자주 시켜먹어",
            "speaker": {
              "id": "3번",
              "sex": "남성",
              "age": "20대"
            },
            "speechAct": "(단언) 주장하기",
            "morpheme": "난/NP+JX+자주/MAG+시켜/VV+EC+먹/VV+어/EC"
          },
          {
            "id": 5,
            "text": "1 : 키키 나돈데 키키 배달의 민족 애용하지",
            "norm_text": "키키 나돈데 키키 배달의 민족 애용하지",
            "speaker": {
              "id": "1번",
              "sex": "여성",
              "age": "20대"
            },
            "speechAct": "(단언) 주장하기",
            "morpheme": "키/NNG+키나/XSA+ETN+JX+돈데/NNP+키키/NNP+배달/NNG+의/JKG+민족/NNG+애용/NNG+하/XSV+지/EC"
          },
          {
            "id": 6,
            "text": "2 : 아 배달의민족 어플을 먼저 삭제해야지!",
            "norm_text": "아 배달의민족 어플을 먼저 삭제해야지!",
            "speaker": {
              "id": "2번",
              "sex": "남성",
              "age": "20대"
            },
            "speechAct": "(단언) 주장하기",
            "morpheme": "아/IC+배달/NNG+의/JKG+민족어/NNG+플/NNG+을/JKO+먼저/MAG+삭제/NNG+해야지/XSV+EF"
          },
          {
            "id": 7,
            "text": "3 : 어플이 있으면 한번씩 들어가다가 시킨다니까",
            "norm_text": "어플이 있으면 한번씩 들어가다가 시킨다니까",
            "speaker": {
              "id": "3번",
              "sex": "남성",
              "age": "20대"
            },
            "speechAct": "(단언) 주장하기",
            "morpheme": "어/IC+플/NNG+이/JKS+있/VV+으면/EC+한/MM+번/NNBC+씩/XSN+들어가/VV+다가/EC+시킨다니까/VV+EF"
          },
          {
            "id": 8,
            "text": "1 : 삭제해도 다시 까는 날 볼 수 있어 키키",
            "norm_text": "삭제해도 다시 까는 날 볼 수 있어 키키",
            "speaker": {
              "id": "1번",
              "sex": "여성",
              "age": "20대"
            },
            "speechAct": "(단언) 주장하기",
            "morpheme": "삭제/NNG+해도/XSV+EC+다시/MAG+까/VV+는/ETM+날/NNG+볼/VV+ETM+수/NNB+있/VV+어/EC+키/NNG+키/XSV+ETN"
          },
          {
            "id": 9,
            "text": "2 : 앜 키키 다들 배달음식 너무 자주 시켜먹지마 그러다가 돼지된다?!",
            "norm_text": "앜 키키 다들 배달음식 너무 자주 시켜먹지마 그러다가 돼지된다?!",
            "speaker": {
              "id": "2번",
              "sex": "남성",
              "age": "20대"
            },
            "speechAct": "(지시) 충고/제안하기",
            "morpheme": "앜키키다들배달음식너무자주시켜먹지마그러다가돼지된다/UNKNOWN+?/SY"
          },
          {
            "id": 10,
            "text": "3 : 뭐 난 이미 돼지야",
            "norm_text": "뭐 난 이미 돼지야",
            "speaker": {
              "id": "3번",
              "sex": "남성",
              "age": "20대"
            },
            "speechAct": "(단언) 주장하기",
            "morpheme": "뭐/IC+난/NP+JX+이미/MAG+돼/VV+EC+지/VX+야/EC"
          },
          {
            "id": 11,
            "text": "1 : 맴찢 ㅜㅜ 나도 이미 돼지화 되는중이라고 키키",
            "norm_text": "맴찢 ㅜㅜ 나도 이미 돼지화 되는중이라고 키키",
            "speaker": {
              "id": "1번",
              "sex": "여성",
              "age": "20대"
            },
            "speechAct": "(단언) 주장하기",
            "morpheme": "맴/MAG+찢/MAG+ㅜㅜ/UNKNOWN+나/NP+도/JX+이미/MAG+돼지/NNG+화/XSN+되/XSV+는/ETM+중/NNB+이/VCP+라고/EC+키/NNG+키/XSV+ETN"
          },
          {
            "id": 12,
            "text": "2 : 흠 한번씩 거울 앞에서 서서 니들 몸 보면 안 시켜먹게 될거야 키키",
            "norm_text": "흠 한번씩 거울 앞에서 서서 니들 몸 보면 안 시켜먹게 될거야 키키",
            "speaker": {
              "id": "2번",
              "sex": "남성",
              "age": "20대"
            },
            "speechAct": "(단언) 주장하기",
            "morpheme": "흠/IC+한/MM+번/NNBC+씩/XSN+거울/NNG+앞/NNG+에서/JKB+서/VV+서/EC+니/NP+들/XSN+몸/NNG+보/VV+면/EC+안/MAG+시켜/VV+EC+먹/VV+게/EC+될/VV+ETM+거/NNB+야/VCP+EF+키/NNG+키/XSV+ETN"
          },
          {
            "id": 13,
            "text": "3 : 그치만 배달음식 없는 삶은 생각하기 싫은걸",
            "norm_text": "그치만 배달음식 없는 삶은 생각하기 싫은걸",
            "speaker": {
              "id": "3번",
              "sex": "남성",
              "age": "20대"
            },
            "speechAct": "(단언) 주장하기",
            "morpheme": "그치만/MAJ+배달/NNG+음식/NNG+없/VA+는/ETM+삶/NNG+은/JX+생각/NNG+하/XSV+기/ETN+싫/VA+은/ETM+걸/NNB+JKO"
          },
          {
            "id": 14,
            "text": "1 : 키키 맞아 키키 맛있는 게 너무 많아 ㅠ",
            "norm_text": "키키 맞아 키키 맛있는 게 너무 많아 ㅠ",
            "speaker": {
              "id": "1번",
              "sex": "여성",
              "age": "20대"
            },
            "speechAct": "(단언) 주장하기",
            "morpheme": "키/NNG+키/XSV+ETN+맞/VV+아/EC+키/NNG+키/XSV+ETN+맛있/VA+는/ETM+게/NNB+JKS+너무/MAG+많/VA+아/EC+ㅠ/UNKNOWN"
          },
          {
            "id": 15,
            "text": "2 : 그치 사실 나도 한번씩 흔들리는데 5분만 참으면 안 시켜먹게 되더라고 키키",
            "norm_text": "그치 사실 나도 한번씩 흔들리는데 5분만 참으면 안 시켜먹게 되더라고 키키",
            "speaker": {
              "id": "2번",
              "sex": "남성",
              "age": "20대"
            },
            "speechAct": "(단언) 주장하기",
            "morpheme": "그치/IC+사실/MAG+나/NP+도/JX+한/MM+번/NNBC+씩/XSN+흔들리/VV+는/ETM+데/NNB+5/SN+분/NNBC+만/JX+참으/VV+면/EC+안/MAG+시켜/VV+EC+먹/VV+게/EC+되/VV+더라고/EC+키/NNG+키/XSV+ETN"
          },
          {
            "id": 16,
            "text": "3 : 대단하네",
            "norm_text": "대단하네",
            "speaker": {
              "id": "3번",
              "sex": "남성",
              "age": "20대"
            },
            "speechAct": "(단언) 주장하기",
            "morpheme": "대단/XR+하/XSA+네/EC"
          },
          {
            "id": 17,
            "text": "3 : 나는 이겨본 적이 없는데",
            "norm_text": "나는 이겨본 적이 없는데",
            "speaker": {
              "id": "3번",
              "sex": "남성",
              "age": "20대"
            },
            "speechAct": "(단언) 주장하기",
            "morpheme": "나/NP+는/JX+이겨/VV+EC+본/VX+ETM+적/NNB+이/JKS+없/VA+는데/EC"
          },
          {
            "id": 18,
            "text": "1 : 대단하다 키키",
            "norm_text": "대단하다 키키",
            "speaker": {
              "id": "1번",
              "sex": "여성",
              "age": "20대"
            },
            "speechAct": "(단언) 주장하기",
            "morpheme": "대단/XR+하/XSA+다키키/NNP"
          },
          {
            "id": 19,
            "text": "1 : 나도 항상 진다고 키키",
            "norm_text": "나도 항상 진다고 키키",
            "speaker": {
              "id": "1번",
              "sex": "여성",
              "age": "20대"
            },
            "speechAct": "(단언) 주장하기",
            "morpheme": "나/NP+도/JX+항상/MAG+진다고/VV+EC+키/NNG+키/XSV+ETN"
          },
          {
            "id": 20,
            "text": "2 : 나는 맨날 똑같은 생각하는데 뭘 먹어도 배만 부르면 되는 거 아니겠냐고 키키",
            "norm_text": "나는 맨날 똑같은 생각하는데 뭘 먹어도 배만 부르면 되는 거 아니겠냐고 키키",
            "speaker": {
              "id": "2번",
              "sex": "남성",
              "age": "20대"
            },
            "speechAct": "(단언) 주장하기",
            "morpheme": "나/NP+는/JX+맨날/MAG+똑같/VA+은/ETM+생각/NNG+하/XSV+는데/EC+뭘/NP+JKO+먹/VV+어도/EC+배/NNG+만/JX+부르/VV+면/EC+되/VV+는/ETM+거/NNB+아니/VCN+겠/EP+냐고/EC+키/NNG+키/XSV+ETN"
          },
          {
            "id": 21,
            "text": "3 : 진짜 대단한 친구야...",
            "norm_text": "진짜 대단한 친구야...",
            "speaker": {
              "id": "3번",
              "sex": "남성",
              "age": "20대"
            },
            "speechAct": "(단언) 주장하기",
            "morpheme": "진짜/MAG+대단/XR+한/XSA+ETM+친구/NNG+야/VCP+EF+./SY"
          },
          {
            "id": 22,
            "text": "3 : 부처아니야?",
            "norm_text": "부처아니야?",
            "speaker": {
              "id": "3번",
              "sex": "남성",
              "age": "20대"
            },
            "speechAct": "(지시) 질문하기",
            "morpheme": "부처/NNG+아니/VCN+야/EF"
          }
        ]
      }
    }
  ]
}