{
  "dataset": {
    "identifier": 21970,
    "name": "BAND_28_14_set",
    "src_path": "/data/file/cubeManager/PROJECT001/49/txt20210917150513028191/BAND_28_14_set/",
    "label_path": "/data/file/cubeManager/PROJECT001/49/txt20210917150513028191/BAND_28_14_set/",
    "category": 2,
    "type": 0
  },
  "licenses": {
    "name": "Apache License 1.0",
    "url": "http://www.apache.org/licenses/LICENSE-1.0"
  },
  "info": [
    {
      "id": 29445,
      "filename": "BAND_28_14.txt",
      "title": "BAND_28_14",
      "mediatype": "SNS",
      "medianame": "네이버밴드",
      "category": "일상대화",
      "date": "2021-09-17",
      "size": 400,
      "annotations": {
        "subject": "사회이슈",
        "speaker_type": "1:1",
        "size": 400,
        "word_size": 129,
        "text": "1 : 지금 논산이 사 단계라고?\n2 : 응 논산도 집단감염이 나서 4단계야\n1 : 헐 그때 델타가 아직도 남아 있어?\n2 : 매일매일 집단감염이 나와서 언제 나아질진 모르겠다 ㅠ\n1 : 집단 감염은 어디서 발병됐어?\n2 : 음 논산 산업단지 내에서 발생됐대 ㅠ\n1 : 헐 거기 내가 알바 다녔던 그 공장 아니야?\n2 : 아니 거기 말구 그 옆에 있는 공장이야 ㅠ\n1 : 내가 다녔던 곳이 걸렸어야 했는데 키키\n2 : 키키 너 거기에 많은 악감정이 있나 보구나 키키\n1 : 그거는 내가 좀 있다가 알려줄게 키키\n2 : 그래그래 이따가 꼭 알려줘 키키\n1 : 그나저나 부산도 4단계라서 이동하는데 힘들겠어 ㅜㅜ\n2 : 맞아 집에만 있어야 해서 많이 답답하대 ㅠ\n1 : 어머님도 집에 혼자 계시지?\n2 : 응 부산에 혼자 내려간 거라서 그렇지 ㅠ",
        "lines": [
          {
            "id": 1,
            "text": "1 : 지금 논산이 사 단계라고?",
            "norm_text": "지금 논산이 사 단계라고?",
            "speaker": {
              "id": "1번",
              "sex": "여성",
              "age": "20대"
            },
            "speechAct": "(지시) 질문하기",
            "morpheme": "지금/MAG+논산/NNP+이사/NNG+단계/NNG+라고/VCP+EF"
          },
          {
            "id": 2,
            "text": "2 : 응 논산도 집단감염이 나서 4단계야",
            "norm_text": "응 논산도 집단감염이 나서 4단계야",
            "speaker": {
              "id": "2번",
              "sex": "여성",
              "age": "20대"
            },
            "speechAct": "(단언) 진술하기",
            "morpheme": "응/IC+논산/NNP+도/JX+집단/NNG+감염/NNG+이/JKS+나/NP+서/JKB+4/SN+단계/NNG+야/VCP+EF"
          },
          {
            "id": 3,
            "text": "1 : 헐 그때 델타가 아직도 남아 있어?",
            "norm_text": "헐 그때 델타가 아직도 남아 있어?",
            "speaker": {
              "id": "1번",
              "sex": "여성",
              "age": "20대"
            },
            "speechAct": "(지시) 질문하기",
            "morpheme": "헐/IC+그때/NNG+델타/NNG+가/JKS+아직/MAG+도/JX+남/VV+아/EC+있/VX+어/EF"
          },
          {
            "id": 4,
            "text": "2 : 매일매일 집단감염이 나와서 언제 나아질진 모르겠다 ㅠ",
            "norm_text": "매일매일 집단감염이 나와서 언제 나아질진 모르겠다 ㅠ",
            "speaker": {
              "id": "2번",
              "sex": "여성",
              "age": "20대"
            },
            "speechAct": "(단언) 주장하기",
            "morpheme": "매일/MAG+매일/MAG+집단/NNG+감염/NNG+이/JKS+나와서/VV+EC+언제나/MAG+아질/NNG+진/XSV+EC+JX+모르/VV+겠/EP+다ㅠ/UNKNOWN"
          },
          {
            "id": 5,
            "text": "1 : 집단 감염은 어디서 발병됐어?",
            "norm_text": "집단 감염은 어디서 발병됐어?",
            "speaker": {
              "id": "1번",
              "sex": "여성",
              "age": "20대"
            },
            "speechAct": "(지시) 질문하기",
            "morpheme": "집단/NNG+감염/NNG+은/JX+어디/NP+서/JKB+발병/NNG+됐/XSV+EP+어/EF"
          },
          {
            "id": 6,
            "text": "2 : 음 논산 산업단지 내에서 발생됐대 ㅠ",
            "norm_text": "음 논산 산업단지 내에서 발생됐대 ㅠ",
            "speaker": {
              "id": "2번",
              "sex": "여성",
              "age": "20대"
            },
            "speechAct": "(단언) 진술하기",
            "morpheme": "음/IC+논산/NNP+산업단지/NNP+내/NNB+에서/JKB+발생/NNG+됐/XSV+EP+대ㅠ/UNKNOWN"
          },
          {
            "id": 7,
            "text": "1 : 헐 거기 내가 알바 다녔던 그 공장 아니야?",
            "norm_text": "헐 거기 내가 알바 다녔던 그 공장 아니야?",
            "speaker": {
              "id": "1번",
              "sex": "여성",
              "age": "20대"
            },
            "speechAct": "(지시) 질문하기",
            "morpheme": "헐/IC+거기/NP+내/NP+가/JKS+알/VV+ETM+바/NNB+다녔/VV+EP+던/ETM+그/MM+공장/NNG+아니/VCN+야/EF"
          },
          {
            "id": 8,
            "text": "2 : 아니 거기 말구 그 옆에 있는 공장이야 ㅠ",
            "norm_text": "아니 거기 말구 그 옆에 있는 공장이야 ㅠ",
            "speaker": {
              "id": "2번",
              "sex": "여성",
              "age": "20대"
            },
            "speechAct": "(단언) 진술하기",
            "morpheme": "아니/IC+거기/NP+말/VV+구/EC+그/MM+옆/NNG+에/JKB+있/VV+는/ETM+공장/NNG+이/VCP+야/EF+ㅠ/UNKNOWN"
          },
          {
            "id": 9,
            "text": "1 : 내가 다녔던 곳이 걸렸어야 했는데 키키",
            "norm_text": "내가 다녔던 곳이 걸렸어야 했는데 키키",
            "speaker": {
              "id": "1번",
              "sex": "여성",
              "age": "20대"
            },
            "speechAct": "(단언) 주장하기",
            "morpheme": "내/NP+가/JKS+다녔/VV+EP+던/ETM+곳/NNG+이/JKS+걸렸/VV+EP+어야/EC+했/VX+EP+는데/EC+키/NNG+키/XSV+ETN"
          },
          {
            "id": 10,
            "text": "2 : 키키 너 거기에 많은 악감정이 있나 보구나 키키",
            "norm_text": "키키 너 거기에 많은 악감정이 있나 보구나 키키",
            "speaker": {
              "id": "2번",
              "sex": "여성",
              "age": "20대"
            },
            "speechAct": "(단언) 진술하기",
            "morpheme": "키/NNG+키/XSV+ETN+너/NP+거기/NP+에/JKB+많/VA+은/ETM+악감정/NNG+이/JKS+있/VV+나/EC+보/VX+구나/EF+키/NNG+키/XSV+ETN"
          },
          {
            "id": 11,
            "text": "1 : 그거는 내가 좀 있다가 알려줄게 키키",
            "norm_text": "그거는 내가 좀 있다가 알려줄게 키키",
            "speaker": {
              "id": "1번",
              "sex": "여성",
              "age": "20대"
            },
            "speechAct": "(단언) 진술하기",
            "morpheme": "그거/NP+는/JX+내/NP+가/JKS+좀/MAG+있/VA+다가/EC+알려/VV+EC+줄/VX+ETM+게/NNB+JKS+키/NNG+키/XSV+ETN"
          },
          {
            "id": 12,
            "text": "2 : 그래그래 이따가 꼭 알려줘 키키",
            "norm_text": "그래그래 이따가 꼭 알려줘 키키",
            "speaker": {
              "id": "2번",
              "sex": "여성",
              "age": "20대"
            },
            "speechAct": "(단언) 진술하기",
            "morpheme": "그래그래/IC+이따가/MAG+꼭/MAG+알려줘/VV+EC+VX+EC+키/NNG+키/XSV+ETN"
          },
          {
            "id": 13,
            "text": "1 : 그나저나 부산도 4단계라서 이동하는데 힘들겠어 ㅜㅜ",
            "norm_text": "그나저나 부산도 4단계라서 이동하는데 힘들겠어 ㅜㅜ",
            "speaker": {
              "id": "1번",
              "sex": "여성",
              "age": "20대"
            },
            "speechAct": "(단언) 주장하기",
            "morpheme": "그나저나/MAG+부산/NNP+도/JX+4/SN+단계/NNG+라서/VCP+EC+이동/NNG+하/XSV+는/ETM+데/NNB+힘들/VA+겠/EP+어/EF+ㅜㅜ/UNKNOWN"
          },
          {
            "id": 14,
            "text": "2 : 맞아 집에만 있어야 해서 많이 답답하대 ㅠ",
            "norm_text": "맞아 집에만 있어야 해서 많이 답답하대 ㅠ",
            "speaker": {
              "id": "2번",
              "sex": "여성",
              "age": "20대"
            },
            "speechAct": "(단언) 진술하기",
            "morpheme": "맞/VV+아/EC+집/NNG+에/JKB+만/JX+있/VX+어야/EC+해서/VV+EC+많이/MAG+답답/XR+하/XSA+대ㅠ/UNKNOWN"
          },
          {
            "id": 15,
            "text": "1 : 어머님도 집에 혼자 계시지?",
            "norm_text": "어머님도 집에 혼자 계시지?",
            "speaker": {
              "id": "1번",
              "sex": "여성",
              "age": "20대"
            },
            "speechAct": "(지시) 질문하기",
            "morpheme": "어머님/NNG+도/JX+집/NNG+에/JKB+혼자/MAG+계시/VV+지/EF"
          },
          {
            "id": 16,
            "text": "2 : 응 부산에 혼자 내려간 거라서 그렇지 ㅠ",
            "norm_text": "응 부산에 혼자 내려간 거라서 그렇지 ㅠ",
            "speaker": {
              "id": "2번",
              "sex": "여성",
              "age": "20대"
            },
            "speechAct": "(단언) 진술하기",
            "morpheme": "응/IC+부산/NNP+에/JKB+혼자/MAG+내려간/VV+ETM+거/NNB+라서/VCP+EC+그렇/VA+지/EC+ㅠ/UNKNOWN"
          }
        ]
      }
    }
  ]
}