{
  "dataset": {
    "identifier": 114223,
    "name": "BAND_41_17_set",
    "src_path": "/data/file/cubeManager/PROJECT001/80/txt20211102154324021742/BAND_41_17_set/",
    "label_path": "/data/file/cubeManager/PROJECT001/80/txt20211102154324021742/BAND_41_17_set/",
    "category": 2,
    "type": 0
  },
  "licenses": {
    "name": "Apache License 1.0",
    "url": "http://www.apache.org/licenses/LICENSE-1.0"
  },
  "info": [
    {
      "id": 130301,
      "filename": "BAND_41_17.txt",
      "title": "BAND_41_17",
      "mediatype": "SNS",
      "medianame": "네이버밴드",
      "category": "일상대화",
      "date": "2021-11-02",
      "size": 535,
      "annotations": {
        "subject": "건강",
        "speaker_type": "다자간 대화",
        "size": 535,
        "word_size": 185,
        "text": "1 : 챙겨 먹는 약이나 영양제 있어?\n2 : 나는 그냥 유산균 정도?\n2 : 다른 건 안 먹어\n3 : 나는 종합 비타민 챙겨 먹어\n1 : 키키 난 유산균 콜라겐 오메가3 챙겨 먹어\n2 : 다들 생각보다 비타민 이런 거 많이 먹네?\n3 : 저거 먹으면 죽기 직전에 한 번 살 수 있다고 해서\n1 : 키키 비타민 먹으면 좋다더라\n1 : 키키 열심히 챙겨 먹는 중\n2 : 아 그래?\n2 : 나도 나중에 오메가3 정도는 챙겨 먹어볼까\n3 : 그 정도 투자는 나쁘지 않지\n3 : 먹어봐\n1 : 맞아\n1 : 한번 먹기 시작하니깐 계속 먹게 되더라\n2 : 먹기 전이랑 먹은 후랑 몸 상태 좀 달라진 게 있어?\n3 : 나는 먹다가 까먹어서 2달치를 4달 동안 먹고 있는데\n1 : 괜히 안 먹은 날은 몸이 더 찌뿌둥한 느낌? 키키\n1 : 괜히 그래\n2 : 아 키키 따로 막 좋아지고 이런 기분은 안 들고?\n3 : 솔직히 별 차이가 안 느껴지긴 해...\n1 : 키키 처음에만 살짝 그러다가 키키 요즘은 잘 모르겠어\n2 : 흠 이렇게 얘기하니깐 먹어야 하나 고민되긴 하네 키키\n3 : 오줌이 더 진한 색으로 나오더라",
        "lines": [
          {
            "id": 1,
            "text": "1 : 챙겨 먹는 약이나 영양제 있어?",
            "norm_text": "챙겨 먹는 약이나 영양제 있어?",
            "speaker": {
              "id": "1번",
              "sex": "여성",
              "age": "20대"
            },
            "speechAct": "(지시) 질문하기",
            "morpheme": "챙겨/VV+EC+먹/VV+는/ETM+약/NNG+이나/JC+영양제/NNG+있/VA+어/EF"
          },
          {
            "id": 2,
            "text": "2 : 나는 그냥 유산균 정도?",
            "norm_text": "나는 그냥 유산균 정도?",
            "speaker": {
              "id": "2번",
              "sex": "남성",
              "age": "20대"
            },
            "speechAct": "(단언) 진술하기",
            "morpheme": "나/NP+는/JX+그냥/MAG+유산균/NNG+정도/NNG"
          },
          {
            "id": 3,
            "text": "2 : 다른 건 안 먹어",
            "norm_text": "다른 건 안 먹어",
            "speaker": {
              "id": "2번",
              "sex": "남성",
              "age": "20대"
            },
            "speechAct": "(단언) 진술하기",
            "morpheme": "다른/MM+건/NNB+JX+안/MAG+먹/VV+어/EC"
          },
          {
            "id": 4,
            "text": "3 : 나는 종합 비타민 챙겨 먹어",
            "norm_text": "나는 종합 비타민 챙겨 먹어",
            "speaker": {
              "id": "3번",
              "sex": "남성",
              "age": "20대"
            },
            "speechAct": "(단언) 진술하기",
            "morpheme": "나/NP+는/JX+종합/NNG+비타민/NNG+챙겨/VV+EC+먹/VV+어/EC"
          },
          {
            "id": 5,
            "text": "1 : 키키 난 유산균 콜라겐 오메가3 챙겨 먹어",
            "norm_text": "키키 난 유산균 콜라겐 오메가3 챙겨 먹어",
            "speaker": {
              "id": "1번",
              "sex": "여성",
              "age": "20대"
            },
            "speechAct": "(단언) 진술하기",
            "morpheme": "키키난유산균콜라겐오메가/UNKNOWN+3/SN+챙겨/VV+EC+먹/VV+어/EC"
          },
          {
            "id": 6,
            "text": "2 : 다들 생각보다 비타민 이런 거 많이 먹네?",
            "norm_text": "다들 생각보다 비타민 이런 거 많이 먹네?",
            "speaker": {
              "id": "2번",
              "sex": "남성",
              "age": "20대"
            },
            "speechAct": "(지시) 질문하기",
            "morpheme": "다/MAG+들/XSN+생각/NNG+보다/JKB+비타민/NNG+이런/MM+거/NNB+많이/MAG+먹/VV+네/EF"
          },
          {
            "id": 7,
            "text": "3 : 저거 먹으면 죽기 직전에 한 번 살 수 있다고 해서",
            "norm_text": "저거 먹으면 죽기 직전에 한 번 살 수 있다고 해서",
            "speaker": {
              "id": "3번",
              "sex": "남성",
              "age": "20대"
            },
            "speechAct": "(단언) 진술하기",
            "morpheme": "저거/NP+먹/VV+으면/EC+죽/VV+기/ETN+직전/NNG+에/JKB+한/MM+번/NNBC+살/VV+ETM+수/NNB+있/VV+다고/EC+해서/VV+EC"
          },
          {
            "id": 8,
            "text": "1 : 키키 비타민 먹으면 좋다더라",
            "norm_text": "키키 비타민 먹으면 좋다더라",
            "speaker": {
              "id": "1번",
              "sex": "여성",
              "age": "20대"
            },
            "speechAct": "(단언) 진술하기",
            "morpheme": "키/NNG+키/NNG+비타민/NNG+먹/VV+으면/EC+좋/VA+다더라/EC"
          },
          {
            "id": 9,
            "text": "1 : 키키 열심히 챙겨 먹는 중",
            "norm_text": "키키 열심히 챙겨 먹는 중",
            "speaker": {
              "id": "1번",
              "sex": "여성",
              "age": "20대"
            },
            "speechAct": "(단언) 진술하기",
            "morpheme": "키/NNG+키/NNG+열심히/MAG+챙겨/VV+EC+먹/VV+는/ETM+중/NNB"
          },
          {
            "id": 10,
            "text": "2 : 아 그래?",
            "norm_text": "아 그래?",
            "speaker": {
              "id": "2번",
              "sex": "남성",
              "age": "20대"
            },
            "speechAct": "(지시) 질문하기",
            "morpheme": "아/IC+그래/IC"
          },
          {
            "id": 11,
            "text": "2 : 나도 나중에 오메가3 정도는 챙겨 먹어볼까",
            "norm_text": "나도 나중에 오메가3 정도는 챙겨 먹어볼까",
            "speaker": {
              "id": "2번",
              "sex": "남성",
              "age": "20대"
            },
            "speechAct": "(지시) 질문하기",
            "morpheme": "나/NP+도/JX+나중/NNG+에/JKB+오메가/NNG+3/SN+정도/NNG+는/JX+챙겨/VV+EC+먹/VV+어/EC+볼까/VX+EC"
          },
          {
            "id": 12,
            "text": "3 : 그 정도 투자는 나쁘지 않지",
            "norm_text": "그 정도 투자는 나쁘지 않지",
            "speaker": {
              "id": "3번",
              "sex": "남성",
              "age": "20대"
            },
            "speechAct": "(단언) 진술하기",
            "morpheme": "그/MM+정도/NNG+투자/NNG+는/JX+나쁘/VA+지/EC+않/VX+지/EC"
          },
          {
            "id": 13,
            "text": "3 : 먹어봐",
            "norm_text": "먹어봐",
            "speaker": {
              "id": "3번",
              "sex": "남성",
              "age": "20대"
            },
            "speechAct": "(지시) 충고/제안하기",
            "morpheme": "먹/VV+어/EC+봐/VX+EC"
          },
          {
            "id": 14,
            "text": "1 : 맞아",
            "norm_text": "맞아",
            "speaker": {
              "id": "1번",
              "sex": "여성",
              "age": "20대"
            },
            "speechAct": "(단언) 주장하기",
            "morpheme": "맞/VV+아/EC"
          },
          {
            "id": 15,
            "text": "1 : 한번 먹기 시작하니깐 계속 먹게 되더라",
            "norm_text": "한번 먹기 시작하니깐 계속 먹게 되더라",
            "speaker": {
              "id": "1번",
              "sex": "여성",
              "age": "20대"
            },
            "speechAct": "(단언) 진술하기",
            "morpheme": "한/MM+번/NNBC+먹/VV+기/ETN+시작/NNG+하/XSV+니깐/EC+계속/MAG+먹/VV+게/EC+되/VV+더라/EC"
          },
          {
            "id": 16,
            "text": "2 : 먹기 전이랑 먹은 후랑 몸 상태 좀 달라진 게 있어?",
            "norm_text": "먹기 전이랑 먹은 후랑 몸 상태 좀 달라진 게 있어?",
            "speaker": {
              "id": "2번",
              "sex": "남성",
              "age": "20대"
            },
            "speechAct": "(지시) 질문하기",
            "morpheme": "먹/VV+기/ETN+전이/NNG+랑/JKB+먹/VV+은/ETM+후/NNG+랑/JKB+몸/NNG+상태/NNG+좀/MAG+달라진/VA+EC+VX+ETM+게/NNB+JKS+있/VA+어/EF"
          },
          {
            "id": 17,
            "text": "3 : 나는 먹다가 까먹어서 2달치를 4달 동안 먹고 있는데",
            "norm_text": "나는 먹다가 까먹어서 2달치를 4달 동안 먹고 있는데",
            "speaker": {
              "id": "3번",
              "sex": "남성",
              "age": "20대"
            },
            "speechAct": "(단언) 진술하기",
            "morpheme": "나/NP+는/JX+먹/VV+다가/EC+까먹/VV+어서/EC+2/SN+달/NNG+치를/XSV+EC+JKO+4/SN+달/NNBC+동안/NNG+먹/VV+고/EC+있/VX+는데/EC"
          },
          {
            "id": 18,
            "text": "1 : 괜히 안 먹은 날은 몸이 더 찌뿌둥한 느낌? 키키",
            "norm_text": "괜히 안 먹은 날은 몸이 더 찌뿌둥한 느낌? 키키",
            "speaker": {
              "id": "1번",
              "sex": "여성",
              "age": "20대"
            },
            "speechAct": "(지시) 질문하기",
            "morpheme": "괜히/MAG+안/MAG+먹/VV+은/ETM+날/NNG+은/JX+몸/NNG+이/JKS+더/MAG+찌뿌둥한/VA+ETM+느낌/NNG+?/SY+키/NNG+키/XSV+ETN"
          },
          {
            "id": 19,
            "text": "1 : 괜히 그래",
            "norm_text": "괜히 그래",
            "speaker": {
              "id": "1번",
              "sex": "여성",
              "age": "20대"
            },
            "speechAct": "(단언) 주장하기",
            "morpheme": "괜히/MAG+그래/VV+EC"
          },
          {
            "id": 20,
            "text": "2 : 아 키키 따로 막 좋아지고 이런 기분은 안 들고?",
            "norm_text": "아 키키 따로 막 좋아지고 이런 기분은 안 들고?",
            "speaker": {
              "id": "2번",
              "sex": "남성",
              "age": "20대"
            },
            "speechAct": "(지시) 질문하기",
            "morpheme": "아키/NNP+키/NNG+따로/MAG+막/VV+좋아/EC+지/VX+고/EC+이런/MM+기분/NNG+은/JX+안/MAG+들/VV+고/EC"
          },
          {
            "id": 21,
            "text": "3 : 솔직히 별 차이가 안 느껴지긴 해...",
            "norm_text": "솔직히 별 차이가 안 느껴지긴 해...",
            "speaker": {
              "id": "3번",
              "sex": "남성",
              "age": "20대"
            },
            "speechAct": "(단언) 진술하기",
            "morpheme": "솔직히/MAG+별/MM+차이/NNG+가/JKS+안/MAG+느껴/VV+EC+지/VX+긴/ETN+JX+해/VX+EF+./SY"
          },
          {
            "id": 22,
            "text": "1 : 키키 처음에만 살짝 그러다가 키키 요즘은 잘 모르겠어",
            "norm_text": "키키 처음에만 살짝 그러다가 키키 요즘은 잘 모르겠어",
            "speaker": {
              "id": "1번",
              "sex": "여성",
              "age": "20대"
            },
            "speechAct": "(단언) 진술하기",
            "morpheme": "키/NNG+키/NNG+처음/NNG+에/JKB+만/JX+살짝/MAG+그러/VV+다가/EC+키/NNG+키/NNG+요즘/NNG+은/JX+잘/MAG+모르/VV+겠/EP+어/EC"
          },
          {
            "id": 23,
            "text": "2 : 흠 이렇게 얘기하니깐 먹어야 하나 고민되긴 하네 키키",
            "norm_text": "흠 이렇게 얘기하니깐 먹어야 하나 고민되긴 하네 키키",
            "speaker": {
              "id": "2번",
              "sex": "남성",
              "age": "20대"
            },
            "speechAct": "(단언) 진술하기",
            "morpheme": "흠/IC+이렇게/MAG+얘기/NNG+하/XSV+니깐/EC+먹/VV+어야/EC+하나/NR+고민/NNG+되/XSV+긴/ETN+JX+하/VX+네/EF+키/NNG+키/XSV+ETN"
          },
          {
            "id": 24,
            "text": "3 : 오줌이 더 진한 색으로 나오더라",
            "norm_text": "오줌이 더 진한 색으로 나오더라",
            "speaker": {
              "id": "3번",
              "sex": "남성",
              "age": "20대"
            },
            "speechAct": "(단언) 진술하기",
            "morpheme": "오줌/NNG+이/JKS+더/MAG+진한/VA+ETM+색/NNG+으로/JKB+나오/VV+더라/EC"
          }
        ]
      }
    }
  ]
}