{
  "dataset": {
    "identifier": 113734,
    "name": "BAND_44_12_set",
    "src_path": "/data/file/cubeManager/PROJECT001/80/txt20211102172148019986/BAND_44_12_set/",
    "label_path": "/data/file/cubeManager/PROJECT001/80/txt20211102172148019986/BAND_44_12_set/",
    "category": 2,
    "type": 0
  },
  "licenses": {
    "name": "Apache License 1.0",
    "url": "http://www.apache.org/licenses/LICENSE-1.0"
  },
  "info": [
    {
      "id": 131624,
      "filename": "BAND_44_12.txt",
      "title": "BAND_44_12",
      "mediatype": "SNS",
      "medianame": "네이버밴드",
      "category": "일상대화",
      "date": "2021-11-02",
      "size": 540,
      "annotations": {
        "subject": "여행",
        "speaker_type": "다자간 대화",
        "size": 540,
        "word_size": 179,
        "text": "1 : 국내 여행 추천좀 해주라\n2 : 음 여수 경주 무릉 계곡!\n3 : 제주도! 해외 같은 느낌이니까 좋은 듯?\n1 : 떠나요 둘이서~\n1 : 아 놀러 가고 싶다 ㅠㅠ\n2 : 키키 ㅜㅜ ㅇㅈ 가까운 데라도 놀러 가구 싶어잉\n3 : 이번에 여수 한번 갈 예정인데 벌써 힘드네...\n1 : 키키 왜 기대 되지 않아?\n1 : 난 스파 가고 싶어\n2 : 헐 여수 너무 재밌어^^\n2 : 등산 필수!\n2: 스파도 뜨끈하니 좋겠다\n3 : 집순이의 고통이랄까... 딸려가는 느낌 키키\n1 : 키키 누구랑 가는데 그래!\n1 : 부모님?\n2 : 키키 키키 글게 ㅜㅜ 부모님!?!?!\n2 : 다섯 시간 뒤에 만나자구 해!\n3 : 키키 친구들이랑 가는데 벌써 시끄럽네 으으앗\n1 : 친구들이랑 그 맛에 가지 키키\n1 : 재밌겠다\n2 : 키키 아 친구들이랑 가면 재밌지~^^\n2 : 몇 박으루 간댜~?\n3 : 그래도 가면 재밌게 노는 게 집순이의 국를이지 하하~\n1 : 키키 맞아 키키 막상 가면 젤 재밌게 논다구!\n2 : 키키 마저 마저 맛있는 것두 많이 먹구 하겠네~^^\n3 : 맛있는 거 많이 먹고 살찌는 게 제일 재밌지 힣",
        "lines": [
          {
            "id": 1,
            "text": "1 : 국내 여행 추천좀 해주라",
            "norm_text": "국내 여행 추천좀 해주라",
            "speaker": {
              "id": "1번",
              "sex": "여성",
              "age": "20대"
            },
            "speechAct": "(단언) 주장하기",
            "morpheme": "국내/NNG+여행/NNG+추천/NNG+좀/MAG+해/VV+EC+주/VX+라/EC"
          },
          {
            "id": 2,
            "text": "2 : 음 여수 경주 무릉 계곡!",
            "norm_text": "음 여수 경주 무릉 계곡!",
            "speaker": {
              "id": "2번",
              "sex": "여성",
              "age": "20대"
            },
            "speechAct": "(단언) 주장하기",
            "morpheme": "음/IC+여수/NNP+경주/NNP+무릉/NNP+계곡/NNG"
          },
          {
            "id": 3,
            "text": "3 : 제주도! 해외 같은 느낌이니까 좋은 듯?",
            "norm_text": "제주도! 해외 같은 느낌이니까 좋은 듯?",
            "speaker": {
              "id": "3번",
              "sex": "남성",
              "age": "20대"
            },
            "speechAct": "(단언) 주장하기",
            "morpheme": "제주도/NNP+!/SY+해외/NNG+같/VA+은/ETM+느낌/NNG+이/VCP+니까/EC+좋/VA+은/ETM+듯/NNB"
          },
          {
            "id": 4,
            "text": "1 : 떠나요 둘이서~",
            "norm_text": "떠나요 둘이서~",
            "speaker": {
              "id": "1번",
              "sex": "여성",
              "age": "20대"
            },
            "speechAct": "(단언) 주장하기",
            "morpheme": "떠나/VV+요/EC+둘/NR+이/XSN+서/JKS+~/SY"
          },
          {
            "id": 5,
            "text": "1 : 아 놀러 가고 싶다 ㅠㅠ",
            "norm_text": "아 놀러 가고 싶다 ㅠㅠ",
            "speaker": {
              "id": "1번",
              "sex": "여성",
              "age": "20대"
            },
            "speechAct": "(단언) 주장하기",
            "morpheme": "아/IC+놀/VV+러/EC+가/VX+고/EC+싶/VX+다/EF+ㅠㅠ/UNKNOWN"
          },
          {
            "id": 6,
            "text": "2 : 키키 ㅜㅜ ㅇㅈ 가까운 데라도 놀러 가구 싶어잉",
            "norm_text": "키키 ㅜㅜ ㅇㅈ 가까운 데라도 놀러 가구 싶어잉",
            "speaker": {
              "id": "2번",
              "sex": "여성",
              "age": "20대"
            },
            "speechAct": "(단언) 주장하기",
            "morpheme": "키/NNG+키/XSV+ETN+ㅜㅜ/UNKNOWN+ㅇㅈ/UNKNOWN+가까운/VA+ETM+데/NNB+라도/JX+놀/VV+러/EC+가/VX+구/EC+싶/VX+어/EC+잉/NNG"
          },
          {
            "id": 7,
            "text": "3 : 이번에 여수 한번 갈 예정인데 벌써 힘드네...",
            "norm_text": "이번에 여수 한번 갈 예정인데 벌써 힘드네...",
            "speaker": {
              "id": "3번",
              "sex": "남성",
              "age": "20대"
            },
            "speechAct": "(단언) 주장하기",
            "morpheme": "이번/NNG+에/JKB+여수/NNG+한/XSA+ETM+번갈/NNG+예정/NNG+인데/VCP+EC+벌써/MAG+힘드/VA+네/EF+./SY"
          },
          {
            "id": 8,
            "text": "1 : 키키 왜 기대 되지 않아?",
            "norm_text": "키키 왜 기대 되지 않아?",
            "speaker": {
              "id": "1번",
              "sex": "여성",
              "age": "20대"
            },
            "speechAct": "(지시) 질문하기",
            "morpheme": "키/NNG+키/XSV+ETN+왜/MAG+기대/NNG+되/XSV+지/EC+않/VX+아/EF"
          },
          {
            "id": 9,
            "text": "1 : 난 스파 가고 싶어",
            "norm_text": "난 스파 가고 싶어",
            "speaker": {
              "id": "1번",
              "sex": "여성",
              "age": "20대"
            },
            "speechAct": "(단언) 주장하기",
            "morpheme": "난스/NNP+파/VV+EC+가/VX+고/EC+싶/VX+어/EC"
          },
          {
            "id": 10,
            "text": "2 : 헐 여수 너무 재밌어^^",
            "norm_text": "헐 여수 너무 재밌어^^",
            "speaker": {
              "id": "2번",
              "sex": "여성",
              "age": "20대"
            },
            "speechAct": "(단언) 주장하기",
            "morpheme": "헐/IC+여수/NNG+너무/MAG+재밌/VA+어/EC+^/SY+^/SY"
          },
          {
            "id": 11,
            "text": "2 : 등산 필수!",
            "norm_text": "등산 필수!",
            "speaker": {
              "id": "2번",
              "sex": "여성",
              "age": "20대"
            },
            "speechAct": "(단언) 주장하기",
            "morpheme": "등산/NNG+필수/NNG"
          },
          {
            "id": 12,
            "text": "2: 스파도 뜨끈하니 좋겠다",
            "norm_text": "스파도 뜨끈하니 좋겠다",
            "speaker": {
              "id": "2번",
              "sex": "여성",
              "age": "20대"
            },
            "speechAct": "(단언) 주장하기",
            "morpheme": "스파/NNP+도/JX+뜨끈/XR+하/XSA+니/EC+좋/VA+겠/EP+다/EC"
          },
          {
            "id": 13,
            "text": "3 : 집순이의 고통이랄까... 딸려가는 느낌 키키",
            "norm_text": "집순이의 고통이랄까... 딸려가는 느낌 키키",
            "speaker": {
              "id": "3번",
              "sex": "남성",
              "age": "20대"
            },
            "speechAct": "(단언) 주장하기",
            "morpheme": "집/NNG+순이/NNP+의/JKG+고통/NNG+이/VCP+랄까/EF+./SY+딸려/VV+EC+가/VX+는/ETM+느낌/NNG+키/NNG+키/XSV+ETN"
          },
          {
            "id": 14,
            "text": "1 : 키키 누구랑 가는데 그래!",
            "norm_text": "키키 누구랑 가는데 그래!",
            "speaker": {
              "id": "1번",
              "sex": "여성",
              "age": "20대"
            },
            "speechAct": "(단언) 주장하기",
            "morpheme": "키/NNG+키/XSV+ETN+누구/NP+랑/JKB+가/VV+는/ETM+데/NNB+그래/VV+EF"
          },
          {
            "id": 15,
            "text": "1 : 부모님?",
            "norm_text": "부모님?",
            "speaker": {
              "id": "1번",
              "sex": "여성",
              "age": "20대"
            },
            "speechAct": "(단언) 주장하기",
            "morpheme": "부모/NNG+님/XSN"
          },
          {
            "id": 16,
            "text": "2 : 키키 키키 글게 ㅜㅜ 부모님!?!?!",
            "norm_text": "키키 키키 글게 ㅜㅜ 부모님!?!?!",
            "speaker": {
              "id": "2번",
              "sex": "여성",
              "age": "20대"
            },
            "speechAct": "(단언) 주장하기",
            "morpheme": "키키키키글게ㅜㅜ부모님/UNKNOWN+?/SY+?/SY"
          },
          {
            "id": 17,
            "text": "2 : 다섯 시간 뒤에 만나자구 해!",
            "norm_text": "다섯 시간 뒤에 만나자구 해!",
            "speaker": {
              "id": "2번",
              "sex": "여성",
              "age": "20대"
            },
            "speechAct": "(단언) 주장하기",
            "morpheme": "다섯/NR+시간/NNG+뒤/NNG+에/JKB+만나/VV+자구/EC+해/VX+EF"
          },
          {
            "id": 18,
            "text": "3 : 키키 친구들이랑 가는데 벌써 시끄럽네 으으앗",
            "norm_text": "키키 친구들이랑 가는데 벌써 시끄럽네 으으앗",
            "speaker": {
              "id": "3번",
              "sex": "남성",
              "age": "20대"
            },
            "speechAct": "(단언) 주장하기",
            "morpheme": "키/NNG+키/NNG+친구/NNG+들/XSN+이랑/JKB+가/VV+는데/EC+벌써/MAG+시끄럽/VA+네/EF+으/IC+으앗/IC"
          },
          {
            "id": 19,
            "text": "1 : 친구들이랑 그 맛에 가지 키키",
            "norm_text": "친구들이랑 그 맛에 가지 키키",
            "speaker": {
              "id": "1번",
              "sex": "여성",
              "age": "20대"
            },
            "speechAct": "(단언) 주장하기",
            "morpheme": "친구/NNG+들/XSN+이랑/JC+그/MM+맛/NNG+에/JKB+가지키/NNP+키/NNG"
          },
          {
            "id": 20,
            "text": "1 : 재밌겠다",
            "norm_text": "재밌겠다",
            "speaker": {
              "id": "1번",
              "sex": "여성",
              "age": "20대"
            },
            "speechAct": "(단언) 주장하기",
            "morpheme": "재밌/VA+겠/EP+다/EC"
          },
          {
            "id": 21,
            "text": "2 : 키키 아 친구들이랑 가면 재밌지~^^",
            "norm_text": "키키 아 친구들이랑 가면 재밌지~^^",
            "speaker": {
              "id": "2번",
              "sex": "여성",
              "age": "20대"
            },
            "speechAct": "(단언) 주장하기",
            "morpheme": "키/NNG+키/VV+아/EC+친구/NNG+들/XSN+이랑/JKB+가/VV+면/EC+재밌/VA+지/EC+~/SY+^/SY+^/SY"
          },
          {
            "id": 22,
            "text": "2 : 몇 박으루 간댜~?",
            "norm_text": "몇 박으루 간댜~?",
            "speaker": {
              "id": "2번",
              "sex": "여성",
              "age": "20대"
            },
            "speechAct": "(지시) 질문하기",
            "morpheme": "몇박으루간댜/UNKNOWN+~/SY"
          },
          {
            "id": 23,
            "text": "3 : 그래도 가면 재밌게 노는 게 집순이의 국를이지 하하~",
            "norm_text": "그래도 가면 재밌게 노는 게 집순이의 국를이지 하하~",
            "speaker": {
              "id": "3번",
              "sex": "남성",
              "age": "20대"
            },
            "speechAct": "(단언) 주장하기",
            "morpheme": "그래도/VV+EC+가/VX+면/EC+재밌/VA+게/EC+노/VX+는/ETM+게/NNB+JKS+집/NNG+순/NNG+이/JKS+의국/NNG+를/JKO+이/MM+지하/NNG+하/XSV+~/SY"
          },
          {
            "id": 24,
            "text": "1 : 키키 맞아 키키 막상 가면 젤 재밌게 논다구!",
            "norm_text": "키키 맞아 키키 막상 가면 젤 재밌게 논다구!",
            "speaker": {
              "id": "1번",
              "sex": "여성",
              "age": "20대"
            },
            "speechAct": "(단언) 주장하기",
            "morpheme": "키/NNG+키/XSV+ETN+맞/VV+아/EC+키/NNG+키/NNG+막상/MAG+가/VV+면/EC+젤/MAG+재밌/VA+게/EC+논/VX+ETM+다구/EF"
          },
          {
            "id": 25,
            "text": "2 : 키키 마저 마저 맛있는 것두 많이 먹구 하겠네~^^",
            "norm_text": "키키 마저 마저 맛있는 것두 많이 먹구 하겠네~^^",
            "speaker": {
              "id": "2번",
              "sex": "여성",
              "age": "20대"
            },
            "speechAct": "(단언) 주장하기",
            "morpheme": "키/NNG+키/XSV+ETN+마저/JX+마저/MAG+맛있/VA+는/ETM+것/NNB+두/JX+많이/MAG+먹/VV+구/EC+하/VX+겠/EP+네/EF+~/SY+^/SY+^/SY"
          },
          {
            "id": 26,
            "text": "3 : 맛있는 거 많이 먹고 살찌는 게 제일 재밌지 힣",
            "norm_text": "맛있는 거 많이 먹고 살찌는 게 제일 재밌지 힣",
            "speaker": {
              "id": "3번",
              "sex": "남성",
              "age": "20대"
            },
            "speechAct": "(단언) 주장하기",
            "morpheme": "맛있/VA+는/ETM+거/NNB+많이/MAG+먹/VV+고/EC+살찌/VV+는/ETM+게/NNB+JKS+제일/MAG+재밌/VA+지/EC+힣/NNP"
          }
        ]
      }
    }
  ]
}