{
  "dataset": {
    "identifier": 102776,
    "name": "BAND_38_09_set",
    "src_path": "/data/file/cubeManager/PROJECT001/77/txt20211027150101071025/BAND_38_09_set/",
    "label_path": "/data/file/cubeManager/PROJECT001/77/txt20211027150101071025/BAND_38_09_set/",
    "category": 2,
    "type": 0
  },
  "licenses": {
    "name": "Apache License 1.0",
    "url": "http://www.apache.org/licenses/LICENSE-1.0"
  },
  "info": [
    {
      "id": 96669,
      "filename": "BAND_38_09.txt",
      "title": "BAND_38_09",
      "mediatype": "SNS",
      "medianame": "네이버밴드",
      "category": "일상대화",
      "date": "2021-10-27",
      "size": 490,
      "annotations": {
        "subject": "반려동물",
        "speaker_type": "다자간 대화",
        "size": 490,
        "word_size": 157,
        "text": "1 : 집에 키우는 반려동물 있어?\n2 : 우리집 말티즈 최고 귀여움\n3 : 나는 어렸을 때 말구 안 키워봤으...\n1 : 나도 안 키운지 한참 됐어 키키\n1 : 뚱이 귀여워 ㅠ\n2 : 강아지를 키우면 행복이 찾아와요\n3 : 나도 키워보고싶다!\n3 : 집이 별로 안 좋아해 ㅠㅠ\n1 : 우리도 부모님 반대로 못 키우는중?\n2 : 아 울집더 엄마가 개는 딱 싫댓는데 지금은 우리엄마 아니고 말티즈 엄마임 키키\n3 : 키키 나도 한번 도전 해봐야하나!?\n1 : 키키 일단 지르고 봐 키키\n1 : 강아지 데리고 와\n2 : 세나개 한 번 다 보고 키우는 거 추천,\n3 : 고양이는 아무도 추천 안 해주는 거 슬프네 키키\n1 : 요즘 주위에 고양이도 많이 키우더라\n2 : 울 외할머니랑 삼촌네 고양이 키우더라 키키\n3 : 맞아 영상보니까 완전 천사던데...!\n1 : 키키 귀엽더라 애교부리는 영상 봤어?\n2 : ㅇㅈㅇㅈ 개냥이들 존귀임\n2 : 아는오빠 랙돌키우는데 환장혀 미모 미쳐\n3 : 고양이 애교 영상 너무 좋아...",
        "lines": [
          {
            "id": 1,
            "text": "1 : 집에 키우는 반려동물 있어?",
            "norm_text": "집에 키우는 반려동물 있어?",
            "speaker": {
              "id": "1번",
              "sex": "여성",
              "age": "20대"
            },
            "speechAct": "(지시) 질문하기",
            "morpheme": "집/NNG+에/JKB+키우/VV+는/ETM+반려/NNG+동물/NNG+있/VA+어/EF"
          },
          {
            "id": 2,
            "text": "2 : 우리집 말티즈 최고 귀여움",
            "norm_text": "우리집 말티즈 최고 귀여움",
            "speaker": {
              "id": "2번",
              "sex": "여성",
              "age": "20대"
            },
            "speechAct": "(단언) 주장하기",
            "morpheme": "우리/NP+집/NNG+말/NNG+티즈/NNP+최고/NNG+귀여움/VA+ETN"
          },
          {
            "id": 3,
            "text": "3 : 나는 어렸을 때 말구 안 키워봤으...",
            "norm_text": "나는 어렸을 때 말구 안 키워봤으...",
            "speaker": {
              "id": "3번",
              "sex": "남성",
              "age": "20대"
            },
            "speechAct": "(단언) 진술하기",
            "morpheme": "나/NP+는/JX+어렸/VA+EP+을/ETM+때/NNG+말/VV+구/EC+안/MAG+키워/VV+EC+봤/VX+EP+으/EF+./SY"
          },
          {
            "id": 4,
            "text": "1 : 나도 안 키운지 한참 됐어 키키",
            "norm_text": "나도 안 키운지 한참 됐어 키키",
            "speaker": {
              "id": "1번",
              "sex": "여성",
              "age": "20대"
            },
            "speechAct": "(단언) 진술하기",
            "morpheme": "나/NP+도/JX+안/MAG+키운/VV+ETM+지/NNB+한참/NNG+됐/XSV+EP+어/EC+키/NNG+키/XSV+ETN"
          },
          {
            "id": 5,
            "text": "1 : 뚱이 귀여워 ㅠ",
            "norm_text": "뚱이 귀여워 ㅠ",
            "speaker": {
              "id": "1번",
              "sex": "여성",
              "age": "20대"
            },
            "speechAct": "(단언) 주장하기",
            "morpheme": "뚱이귀여워ㅠ/UNKNOWN"
          },
          {
            "id": 6,
            "text": "2 : 강아지를 키우면 행복이 찾아와요",
            "norm_text": "강아지를 키우면 행복이 찾아와요",
            "speaker": {
              "id": "2번",
              "sex": "여성",
              "age": "20대"
            },
            "speechAct": "(단언) 주장하기",
            "morpheme": "강아지/NNG+를/JKO+키우/VV+면/EC+행복/NNG+이/JKS+찾/VV+아/EC+와요/VX+EC"
          },
          {
            "id": 7,
            "text": "3 : 나도 키워보고싶다!",
            "norm_text": "나도 키워보고싶다!",
            "speaker": {
              "id": "3번",
              "sex": "남성",
              "age": "20대"
            },
            "speechAct": "(단언) 주장하기",
            "morpheme": "나/NP+도/JX+키워/VV+EC+보/VX+고/EC+싶/VX+다/EF"
          },
          {
            "id": 8,
            "text": "3 : 집이 별로 안 좋아해 ㅠㅠ",
            "norm_text": "집이 별로 안 좋아해 ㅠㅠ",
            "speaker": {
              "id": "3번",
              "sex": "남성",
              "age": "20대"
            },
            "speechAct": "(단언) 진술하기",
            "morpheme": "집/NNG+이/JKS+별로/MAG+안/MAG+좋아해/VV+EC+ㅠㅠ/UNKNOWN"
          },
          {
            "id": 9,
            "text": "1 : 우리도 부모님 반대로 못 키우는중?",
            "norm_text": "우리도 부모님 반대로 못 키우는중?",
            "speaker": {
              "id": "1번",
              "sex": "여성",
              "age": "20대"
            },
            "speechAct": "(단언) 진술하기",
            "morpheme": "우리/NP+도/JX+부모/NNG+님/XSN+반대/NNG+로/JKB+못/MAG+키우/VV+는/ETM+중/NNB"
          },
          {
            "id": 10,
            "text": "2 : 아 울집더 엄마가 개는 딱 싫댓는데 지금은 우리엄마 아니고 말티즈 엄마임 키키",
            "norm_text": "아 울집더 엄마가 개는 딱 싫댓는데 지금은 우리엄마 아니고 말티즈 엄마임 키키",
            "speaker": {
              "id": "2번",
              "sex": "여성",
              "age": "20대"
            },
            "speechAct": "(단언) 진술하기",
            "morpheme": "아울/NNP+집/NNG+더/MAG+엄마/NNG+가/JKS+개/NNG+는/JX+딱/MAG+싫/VA+댓/NR+는데/EC+지금/MAG+은/JX+우리/NP+엄마/NNG+아니/VCN+고/EC+말/NNG+티즈/NNP+엄마/NNG+임/VCP+ETN+키/NNG+키/XSV+ETN"
          },
          {
            "id": 11,
            "text": "3 : 키키 나도 한번 도전 해봐야하나!?",
            "norm_text": "키키 나도 한번 도전 해봐야하나!?",
            "speaker": {
              "id": "3번",
              "sex": "남성",
              "age": "20대"
            },
            "speechAct": "(지시) 질문하기",
            "morpheme": "키/NNG+키나/XSA+ETN+JX+도/JX+한/MM+번/NNBC+도/JX+전해/VV+EC+봐야/VX+EC+하나/NR+!/SY"
          },
          {
            "id": 12,
            "text": "1 : 키키 일단 지르고 봐 키키",
            "norm_text": "키키 일단 지르고 봐 키키",
            "speaker": {
              "id": "1번",
              "sex": "여성",
              "age": "20대"
            },
            "speechAct": "(단언) 주장하기",
            "morpheme": "키/NNG+키/XSV+ETN+일단/MAG+지르/VV+고/EC+봐/VX+EF+키/NNG+키/XSV+ETN"
          },
          {
            "id": 13,
            "text": "1 : 강아지 데리고 와",
            "norm_text": "강아지 데리고 와",
            "speaker": {
              "id": "1번",
              "sex": "여성",
              "age": "20대"
            },
            "speechAct": "(단언) 주장하기",
            "morpheme": "강아지/NNG+데리/VV+고/EC+와/VV+EC"
          },
          {
            "id": 14,
            "text": "2 : 세나개 한 번 다 보고 키우는 거 추천,",
            "norm_text": "세나개 한 번 다 보고 키우는 거 추천,",
            "speaker": {
              "id": "2번",
              "sex": "여성",
              "age": "20대"
            },
            "speechAct": "(지시) 충고/제안하기",
            "morpheme": "세나개한번다보고키우는거추천/UNKNOWN+,/SC"
          },
          {
            "id": 15,
            "text": "3 : 고양이는 아무도 추천 안 해주는 거 슬프네 키키",
            "norm_text": "고양이는 아무도 추천 안 해주는 거 슬프네 키키",
            "speaker": {
              "id": "3번",
              "sex": "남성",
              "age": "20대"
            },
            "speechAct": "(단언) 주장하기",
            "morpheme": "고양이/NNG+는/JX+아무/NP+도/JX+추천/NNG+안/MAG+해/VV+EC+주/VX+는/ETM+거/NNB+슬프/VA+네/EF+키/NNG+키/XSV+ETN"
          },
          {
            "id": 16,
            "text": "1 : 요즘 주위에 고양이도 많이 키우더라",
            "norm_text": "요즘 주위에 고양이도 많이 키우더라",
            "speaker": {
              "id": "1번",
              "sex": "여성",
              "age": "20대"
            },
            "speechAct": "(단언) 주장하기",
            "morpheme": "요즘/NNG+주위/NNG+에/JKB+고양이/NNG+도/JX+많이/MAG+키우/VV+더라/EC"
          },
          {
            "id": 17,
            "text": "2 : 울 외할머니랑 삼촌네 고양이 키우더라 키키",
            "norm_text": "울 외할머니랑 삼촌네 고양이 키우더라 키키",
            "speaker": {
              "id": "2번",
              "sex": "여성",
              "age": "20대"
            },
            "speechAct": "(단언) 진술하기",
            "morpheme": "울/MM+외할머니/NNG+랑/JKB+삼촌/NNG+네/XSN+고양이/NNG+키우/VV+더라/EC+키/NNG+키/XSV+ETN"
          },
          {
            "id": 18,
            "text": "3 : 맞아 영상보니까 완전 천사던데...!",
            "norm_text": "맞아 영상보니까 완전 천사던데...!",
            "speaker": {
              "id": "3번",
              "sex": "남성",
              "age": "20대"
            },
            "speechAct": "(단언) 주장하기",
            "morpheme": "맞아영상보니까완전천사던데/UNKNOWN+./SY+./SY"
          },
          {
            "id": 19,
            "text": "1 : 키키 귀엽더라 애교부리는 영상 봤어?",
            "norm_text": "키키 귀엽더라 애교부리는 영상 봤어?",
            "speaker": {
              "id": "1번",
              "sex": "여성",
              "age": "20대"
            },
            "speechAct": "(지시) 질문하기",
            "morpheme": "키/NNG+키/XSV+ETN+귀엽/VA+더라/EC+애교/NNG+부리/VV+는/ETM+영상/NNG+봤/VV+EP+어/EF"
          },
          {
            "id": 20,
            "text": "2 : ㅇㅈㅇㅈ 개냥이들 존귀임",
            "norm_text": "ㅇㅈㅇㅈ 개냥이들 존귀임",
            "speaker": {
              "id": "2번",
              "sex": "여성",
              "age": "20대"
            },
            "speechAct": "(단언) 주장하기",
            "morpheme": "ㅇㅈ/UNKNOWN+ㅇㅈ/UNKNOWN+개/NNBC+냥/NNBC+이/NP+들/XSN+존귀/NNG+임/VCP+ETN"
          },
          {
            "id": 21,
            "text": "2 : 아는오빠 랙돌키우는데 환장혀 미모 미쳐",
            "norm_text": "아는오빠 랙돌키우는데 환장혀 미모 미쳐",
            "speaker": {
              "id": "2번",
              "sex": "여성",
              "age": "20대"
            },
            "speechAct": "(단언) 주장하기",
            "morpheme": "아/VV+는/ETM+오빠/NNG+랙/NNG+돌/NNG+키우/VV+는데/EC+환장/NNG+혀/XSV+EC+미모/NNG+미쳐/VV+EC"
          },
          {
            "id": 22,
            "text": "3 : 고양이 애교 영상 너무 좋아...",
            "norm_text": "고양이 애교 영상 너무 좋아...",
            "speaker": {
              "id": "3번",
              "sex": "남성",
              "age": "20대"
            },
            "speechAct": "(단언) 주장하기",
            "morpheme": "고양이/NNG+애교/NNG+영상/NNG+너무/MAG+좋/VA+아/EF+./SY"
          }
        ]
      }
    }
  ]
}