{
  "dataset": {
    "identifier": 21047,
    "name": "BAND_27_04_set",
    "src_path": "/data/file/cubeManager/PROJECT001/49/txt20210916151141050876/BAND_27_04_set/",
    "label_path": "/data/file/cubeManager/PROJECT001/49/txt20210916151141050876/BAND_27_04_set/",
    "category": 2,
    "type": 0
  },
  "licenses": {
    "name": "Apache License 1.0",
    "url": "http://www.apache.org/licenses/LICENSE-1.0"
  },
  "info": [
    {
      "id": 28574,
      "filename": "BAND_27_04.txt",
      "title": "BAND_27_04",
      "mediatype": "SNS",
      "medianame": "네이버밴드",
      "category": "일상대화",
      "date": "2021-09-16",
      "size": 456,
      "annotations": {
        "subject": "회사/아르바이트",
        "speaker_type": "1:1",
        "size": 456,
        "word_size": 151,
        "text": "1 : 너 재택 근무 계약서는 썼어?\n2 : 계약서 썼지\n2 : 당연히 요즘에 모바일로 간단하게 하더라구\n1 : 나도 이번에 모바일로 하는 건 처음인데 신기하더라.\n2 : 그니까 세상 참 좋아졌다잉 키키\n1 : 너 근데 계약서 내용 다 봤어?\n2 : 그거를 다 보지는 못 했고 캡처를 해 놨어 나중에 한 번 다시 볼려고\n1 : 야 계약서 쓰고 나중에 보면 무슨 소용이야 ㅜㅜ\n2 : 그치 근데 당장 쓰라고 하니까 자세히 못 봤어\n1 : 그렇구나 시간이 없었으니까 어쩔 수 없었겠구나 ㅜㅜ\n2 : 어 그니까 잘 계약 했겠지 뭐 하하\n1 : 그래 원래 다녔던 곳이니까 우리 같이 잘 다녀보자!\n2 : 그래 정말 고생스럽게 다녀 보자!\n1 : 키키 고생스럽게 다녀보자는 무슨 얘기야 그거 말이 씨가 된다고 ㅜㅜ\n2 : 아니야 그러면 안 돼 아주 열심히  잘 다녀보자\n1 : 그래 돈 많이 벌어보자 친구야!\n2 : 돈 벌어서 집 사줄 게 같이 벌자이잉",
        "lines": [
          {
            "id": 1,
            "text": "1 : 너 재택 근무 계약서는 썼어?",
            "norm_text": "너 재택 근무 계약서는 썼어?",
            "speaker": {
              "id": "1번",
              "sex": "여성",
              "age": "20대"
            },
            "speechAct": "(지시) 질문하기",
            "morpheme": "너/NP+재택근무/NNG+계약서/NNG+는/JX+썼/VV+EP+어/EF"
          },
          {
            "id": 2,
            "text": "2 : 계약서 썼지",
            "norm_text": "계약서 썼지",
            "speaker": {
              "id": "2번",
              "sex": "여성",
              "age": "20대"
            },
            "speechAct": "(단언) 진술하기",
            "morpheme": "계약서/NNG+썼/VV+EP+지/EC"
          },
          {
            "id": 3,
            "text": "2 : 당연히 요즘에 모바일로 간단하게 하더라구",
            "norm_text": "당연히 요즘에 모바일로 간단하게 하더라구",
            "speaker": {
              "id": "2번",
              "sex": "여성",
              "age": "20대"
            },
            "speechAct": "(단언) 진술하기",
            "morpheme": "당연히/MAG+요즘/NNG+에/JKB+모바일/NNP+로/JKB+간단/XR+하/XSA+게/EC+하/VV+더라구/EC"
          },
          {
            "id": 4,
            "text": "1 : 나도 이번에 모바일로 하는 건 처음인데 신기하더라.",
            "norm_text": "나도 이번에 모바일로 하는 건 처음인데 신기하더라.",
            "speaker": {
              "id": "1번",
              "sex": "여성",
              "age": "20대"
            },
            "speechAct": "(단언) 주장하기",
            "morpheme": "나/NP+도/JX+이번/NNG+에/JKB+모바일/NNP+로/JKB+하/VV+는/ETM+건/NNB+JX+처음/NNG+인데/VCP+EC+신기/XR+하/XSA+더라/EF"
          },
          {
            "id": 5,
            "text": "2 : 그니까 세상 참 좋아졌다잉 키키",
            "norm_text": "그니까 세상 참 좋아졌다잉 키키",
            "speaker": {
              "id": "2번",
              "sex": "여성",
              "age": "20대"
            },
            "speechAct": "(단언) 진술하기",
            "morpheme": "그니까/MAJ+세상/NNG+참/MAG+좋/VA+아/EC+졌/VX+EP+다잉/EF+키/NNG+키/XSV+ETN"
          },
          {
            "id": 6,
            "text": "1 : 너 근데 계약서 내용 다 봤어?",
            "norm_text": "너 근데 계약서 내용 다 봤어?",
            "speaker": {
              "id": "1번",
              "sex": "여성",
              "age": "20대"
            },
            "speechAct": "(지시) 질문하기",
            "morpheme": "너/NP+근데/MAJ+계약서/NNG+내용/NNG+다/MAG+봤/VV+EP+어/EF"
          },
          {
            "id": 7,
            "text": "2 : 그거를 다 보지는 못 했고 캡처를 해 놨어 나중에 한 번 다시 볼려고",
            "norm_text": "그거를 다 보지는 못 했고 캡처를 해 놨어 나중에 한 번 다시 볼려고",
            "speaker": {
              "id": "2번",
              "sex": "여성",
              "age": "20대"
            },
            "speechAct": "(단언) 진술하기",
            "morpheme": "그거/NP+를/JKO+다/MAG+보/VV+지/EC+는/JX+못/MAG+했/VV+EP+고/EC+캡/XPN+처/NNG+를/JKO+해놨/VV+EC+VX+EP+어/EC+나중/NNG+에/JKB+한/MM+번/NNBC+다시/MAG+볼려고/VV+EC"
          },
          {
            "id": 8,
            "text": "1 : 야 계약서 쓰고 나중에 보면 무슨 소용이야 ㅜㅜ",
            "norm_text": "야 계약서 쓰고 나중에 보면 무슨 소용이야 ㅜㅜ",
            "speaker": {
              "id": "1번",
              "sex": "여성",
              "age": "20대"
            },
            "speechAct": "(단언) 주장하기",
            "morpheme": "야/IC+계약서/NNG+쓰/VV+고/EC+나중/NNG+에/JKB+보/VV+면/EC+무슨/MM+소용/NNG+이/VCP+야/EF+ㅜㅜ/UNKNOWN"
          },
          {
            "id": 9,
            "text": "2 : 그치 근데 당장 쓰라고 하니까 자세히 못 봤어",
            "norm_text": "그치 근데 당장 쓰라고 하니까 자세히 못 봤어",
            "speaker": {
              "id": "2번",
              "sex": "여성",
              "age": "20대"
            },
            "speechAct": "(단언) 진술하기",
            "morpheme": "그치/IC+근데/MAJ+당장/NNG+쓰/VV+라고/EC+하/VV+니까/EC+자세히/MAG+못/MAG+봤/VV+EP+어/EC"
          },
          {
            "id": 10,
            "text": "1 : 그렇구나 시간이 없었으니까 어쩔 수 없었겠구나 ㅜㅜ",
            "norm_text": "그렇구나 시간이 없었으니까 어쩔 수 없었겠구나 ㅜㅜ",
            "speaker": {
              "id": "1번",
              "sex": "여성",
              "age": "20대"
            },
            "speechAct": "(단언) 주장하기",
            "morpheme": "그렇/VA+구나/EF+시간/NNG+이/JKS+없/VA+었/EP+으니까/EC+어쩔/VV+ETM+수/NNB+없/VA+었/EP+겠/EP+구나/EF+ㅜㅜ/UNKNOWN"
          },
          {
            "id": 11,
            "text": "2 : 어 그니까 잘 계약 했겠지 뭐 하하",
            "norm_text": "어 그니까 잘 계약 했겠지 뭐 하하",
            "speaker": {
              "id": "2번",
              "sex": "여성",
              "age": "20대"
            },
            "speechAct": "(단언) 주장하기",
            "morpheme": "어/IC+그니까/MAJ+잘/MAG+계약/NNG+했/XSV+EP+겠/EP+지/EF+뭐/IC+하하/MAG"
          },
          {
            "id": 12,
            "text": "1 : 그래 원래 다녔던 곳이니까 우리 같이 잘 다녀보자!",
            "norm_text": "그래 원래 다녔던 곳이니까 우리 같이 잘 다녀보자!",
            "speaker": {
              "id": "1번",
              "sex": "여성",
              "age": "20대"
            },
            "speechAct": "(지시) 충고/제안하기",
            "morpheme": "그래/IC+원래/MAG+다녔/VV+EP+던/ETM+곳/NNG+이/VCP+니까/EC+우리/NP+같이/MAG+잘/MAG+다녀/VV+EC+보/VX+자/EF"
          },
          {
            "id": 13,
            "text": "2 : 그래 정말 고생스럽게 다녀 보자!",
            "norm_text": "그래 정말 고생스럽게 다녀 보자!",
            "speaker": {
              "id": "2번",
              "sex": "여성",
              "age": "20대"
            },
            "speechAct": "(지시) 충고/제안하기",
            "morpheme": "그래/IC+정말/MAG+고생/NNG+스럽/XSA+게/EC+다녀/VV+EC+보/VX+자/EF"
          },
          {
            "id": 14,
            "text": "1 : 키키 고생스럽게 다녀보자는 무슨 얘기야 그거 말이 씨가 된다고 ㅜㅜ",
            "norm_text": "키키 고생스럽게 다녀보자는 무슨 얘기야 그거 말이 씨가 된다고 ㅜㅜ",
            "speaker": {
              "id": "1번",
              "sex": "여성",
              "age": "20대"
            },
            "speechAct": "(단언) 주장하기",
            "morpheme": "키/NNG+키/NNG+고생/NNG+스럽/XSA+게/EC+다녀/VV+EC+보/VX+자는/ETM+무슨/MM+얘기/NNG+야/VCP+EF+그거/NP+말/NNG+이/JKS+씨/NNG+가/JKS+된다고/VV+EC+ㅜㅜ/UNKNOWN"
          },
          {
            "id": 15,
            "text": "2 : 아니야 그러면 안 돼 아주 열심히  잘 다녀보자",
            "norm_text": "아니야 그러면 안 돼 아주 열심히  잘 다녀보자",
            "speaker": {
              "id": "2번",
              "sex": "여성",
              "age": "20대"
            },
            "speechAct": "(지시) 충고/제안하기",
            "morpheme": "아니야/IC+그러면/MAJ+안/MAG+돼/VV+EC+아주/MAG+열심히/MAG+잘/MAG+다녀/VV+EC+보/VX+자/EC"
          },
          {
            "id": 16,
            "text": "1 : 그래 돈 많이 벌어보자 친구야!",
            "norm_text": "그래 돈 많이 벌어보자 친구야!",
            "speaker": {
              "id": "1번",
              "sex": "여성",
              "age": "20대"
            },
            "speechAct": "(지시) 충고/제안하기",
            "morpheme": "그래/IC+돈/NNG+많이/MAG+벌/VV+어/EC+보/VX+자/EC+친구/NNG+야/VCP+EF"
          },
          {
            "id": 17,
            "text": "2 : 돈 벌어서 집 사줄 게 같이 벌자이잉",
            "norm_text": "돈 벌어서 집 사줄 게 같이 벌자이잉",
            "speaker": {
              "id": "2번",
              "sex": "여성",
              "age": "20대"
            },
            "speechAct": "(지시) 충고/제안하기",
            "morpheme": "돈/NNG+벌/VV+어서/EC+집사/NNG+줄/VV+ETM+게/NNB+JKS+같이/MAG+벌/VV+자/EC+이/MM+잉/NNG"
          }
        ]
      }
    }
  ]
}