{
  "dataset": {
    "identifier": 103060,
    "name": "BAND_40_20_set",
    "src_path": "/data/file/cubeManager/PROJECT001/77/txt20211029151156018148/BAND_40_20_set/",
    "label_path": "/data/file/cubeManager/PROJECT001/77/txt20211029151156018148/BAND_40_20_set/",
    "category": 2,
    "type": 0
  },
  "licenses": {
    "name": "Apache License 1.0",
    "url": "http://www.apache.org/licenses/LICENSE-1.0"
  },
  "info": [
    {
      "id": 109702,
      "filename": "BAND_40_20.txt",
      "title": "BAND_40_20",
      "mediatype": "SNS",
      "medianame": "네이버밴드",
      "category": "일상대화",
      "date": "2021-10-29",
      "size": 461,
      "annotations": {
        "subject": "영화/만화",
        "speaker_type": "다자간 대화",
        "size": 461,
        "word_size": 153,
        "text": "1 : 다들 영화 보는 거 좋아해?\n2 : 응 좋아는 하는데 자주는 안가 키키\n3 : 웅 영화 보는 거 좋지\n1 : 어떤 장르 주로 봐?\n2 : 나는 가리지 않고 보는데 사극이나 전쟁영화 이런 건 잘 안봐\n3 : 나는 액션이랑 로맨스 봐\n1 : 나도 액션이랑 코미디 키키\n1 : 요즘엔 잘 안 보는 거 같아\n2 : 코미디 로맨스가 은근히 재밌는 거 같더라 키키\n3 : 액션이 시간이 금방 가서 좋아\n1 : 마블 시리즈 진짜 재밌어\n2 : 아 나는 마블영화 잘 안봐서 마블은 잘 모르겠더라\n3 : 마블 시리즈 진짜 꿀잼이지\n1 : 지금은 이터널스 개봉 기다리는중 키키\n2 : 이터널스가 마동석 나오는건가? 맞나?\n3 : 마동석이 얼마나 때릴지 궁금해 그치\n1 : 키키 맞아 키키 기대중이야 키키\n1 :  마동석이 마블 영화라니\n2 : 그니깐 마동석이 마블이라니 키키\n2 : 뭔가 어울리면서 안 어울리는 거 같애 키키\n3 : 이제 외계인까지 때려버리네 키키 대단해",
        "lines": [
          {
            "id": 1,
            "text": "1 : 다들 영화 보는 거 좋아해?",
            "norm_text": "다들 영화 보는 거 좋아해?",
            "speaker": {
              "id": "1번",
              "sex": "여성",
              "age": "20대"
            },
            "speechAct": "(지시) 질문하기",
            "morpheme": "다/MAG+들/XSN+영화/NNG+보/VV+는/ETM+거/NNB+좋/VA+아/EC+해/VX+EF"
          },
          {
            "id": 2,
            "text": "2 : 응 좋아는 하는데 자주는 안가 키키",
            "norm_text": "응 좋아는 하는데 자주는 안가 키키",
            "speaker": {
              "id": "2번",
              "sex": "남성",
              "age": "20대"
            },
            "speechAct": "(단언) 주장하기",
            "morpheme": "응/IC+좋/VA+아/EC+는/JX+하/VV+는데/EC+자주/NNG+는/JX+안/MAG+가/VV+EC+키/NNG+키/XSV+ETN"
          },
          {
            "id": 3,
            "text": "3 : 웅 영화 보는 거 좋지",
            "norm_text": "웅 영화 보는 거 좋지",
            "speaker": {
              "id": "3번",
              "sex": "남성",
              "age": "20대"
            },
            "speechAct": "(단언) 주장하기",
            "morpheme": "웅/IC+영화/NNG+보/VV+는/ETM+거/NNB+좋/VA+지/EC"
          },
          {
            "id": 4,
            "text": "1 : 어떤 장르 주로 봐?",
            "norm_text": "어떤 장르 주로 봐?",
            "speaker": {
              "id": "1번",
              "sex": "여성",
              "age": "20대"
            },
            "speechAct": "(지시) 질문하기",
            "morpheme": "어떤/MM+장르/NNG+주로/MAG+봐/VV+EF"
          },
          {
            "id": 5,
            "text": "2 : 나는 가리지 않고 보는데 사극이나 전쟁영화 이런 건 잘 안봐",
            "norm_text": "나는 가리지 않고 보는데 사극이나 전쟁영화 이런 건 잘 안봐",
            "speaker": {
              "id": "2번",
              "sex": "남성",
              "age": "20대"
            },
            "speechAct": "(단언) 진술하기",
            "morpheme": "나/NP+는/JX+가리/VV+지/EC+않/VX+고/EC+보/VX+는데/EC+사극/NNG+이나/JC+전쟁/NNG+영화/NNG+이런/MM+건/NNB+JX+잘/MAG+안/MAG+봐/VV+EC"
          },
          {
            "id": 6,
            "text": "3 : 나는 액션이랑 로맨스 봐",
            "norm_text": "나는 액션이랑 로맨스 봐",
            "speaker": {
              "id": "3번",
              "sex": "남성",
              "age": "20대"
            },
            "speechAct": "(단언) 진술하기",
            "morpheme": "나/NP+는/JX+액션/NNG+이랑/JKB+로맨스/NNG+봐/VV+EC"
          },
          {
            "id": 7,
            "text": "1 : 나도 액션이랑 코미디 키키",
            "norm_text": "나도 액션이랑 코미디 키키",
            "speaker": {
              "id": "1번",
              "sex": "여성",
              "age": "20대"
            },
            "speechAct": "(단언) 주장하기",
            "morpheme": "나/NP+도/JX+액션/NNG+이랑/JKB+코미디/NNG+키/NNG+키/XSV+ETN"
          },
          {
            "id": 8,
            "text": "1 : 요즘엔 잘 안 보는 거 같아",
            "norm_text": "요즘엔 잘 안 보는 거 같아",
            "speaker": {
              "id": "1번",
              "sex": "여성",
              "age": "20대"
            },
            "speechAct": "(단언) 주장하기",
            "morpheme": "요즘/NNG+엔/JKB+JX+잘/MAG+안/MAG+보/VV+는/ETM+거/NNB+같/VA+아/EC"
          },
          {
            "id": 9,
            "text": "2 : 코미디 로맨스가 은근히 재밌는 거 같더라 키키",
            "norm_text": "코미디 로맨스가 은근히 재밌는 거 같더라 키키",
            "speaker": {
              "id": "2번",
              "sex": "남성",
              "age": "20대"
            },
            "speechAct": "(단언) 주장하기",
            "morpheme": "코미디/NNG+로맨스/NNG+가/JKS+은근히/MAG+재밌/VA+는/ETM+거/NNB+같/VA+더라/EC+키/NNG+키/XSV+ETN"
          },
          {
            "id": 10,
            "text": "3 : 액션이 시간이 금방 가서 좋아",
            "norm_text": "액션이 시간이 금방 가서 좋아",
            "speaker": {
              "id": "3번",
              "sex": "남성",
              "age": "20대"
            },
            "speechAct": "(단언) 주장하기",
            "morpheme": "액션/NNG+이/JKS+시간/NNG+이/JKS+금방/MAG+가/VV+서/EC+좋/VA+아/EC"
          },
          {
            "id": 11,
            "text": "1 : 마블 시리즈 진짜 재밌어",
            "norm_text": "마블 시리즈 진짜 재밌어",
            "speaker": {
              "id": "1번",
              "sex": "여성",
              "age": "20대"
            },
            "speechAct": "(단언) 주장하기",
            "morpheme": "마블/NNG+시리즈/NNG+진짜/MAG+재밌/VA+어/EC"
          },
          {
            "id": 12,
            "text": "2 : 아 나는 마블영화 잘 안봐서 마블은 잘 모르겠더라",
            "norm_text": "아 나는 마블영화 잘 안봐서 마블은 잘 모르겠더라",
            "speaker": {
              "id": "2번",
              "sex": "남성",
              "age": "20대"
            },
            "speechAct": "(단언) 주장하기",
            "morpheme": "아/IC+나/NP+는/JX+마블/NNG+영화/NNG+잘/MAG+안/MAG+봐서/VV+EC+마블/NNG+은/JX+잘/MAG+모르/VV+겠/EP+더라/EC"
          },
          {
            "id": 13,
            "text": "3 : 마블 시리즈 진짜 꿀잼이지",
            "norm_text": "마블 시리즈 진짜 꿀잼이지",
            "speaker": {
              "id": "3번",
              "sex": "남성",
              "age": "20대"
            },
            "speechAct": "(단언) 주장하기",
            "morpheme": "마블/NNG+시리즈/NNG+진짜/MAG+꿀/VV+ETM+잼/NNG+이/VCP+지/EC"
          },
          {
            "id": 14,
            "text": "1 : 지금은 이터널스 개봉 기다리는중 키키",
            "norm_text": "지금은 이터널스 개봉 기다리는중 키키",
            "speaker": {
              "id": "1번",
              "sex": "여성",
              "age": "20대"
            },
            "speechAct": "(단언) 진술하기",
            "morpheme": "지금/MAG+은/JX+이터널/NNP+스/XSN+개봉/NNG+기다리/VV+는/ETM+중키/NNG+키/XSV+ETN"
          },
          {
            "id": 15,
            "text": "2 : 이터널스가 마동석 나오는건가? 맞나?",
            "norm_text": "이터널스가 마동석 나오는건가? 맞나?",
            "speaker": {
              "id": "2번",
              "sex": "남성",
              "age": "20대"
            },
            "speechAct": "(지시) 질문하기",
            "morpheme": "이터널/NNP+스가/NNP+마동석/NNP+나오/VV+는/ETM+건가/NNB+VCP+EF+맞/VV+나/EF"
          },
          {
            "id": 16,
            "text": "3 : 마동석이 얼마나 때릴지 궁금해 그치",
            "norm_text": "마동석이 얼마나 때릴지 궁금해 그치",
            "speaker": {
              "id": "3번",
              "sex": "남성",
              "age": "20대"
            },
            "speechAct": "(단언) 주장하기",
            "morpheme": "마동석/NNP+이/JKS+얼마나/MAG+때릴/VV+ETM+지/NNB+궁금/XR+해/XSA+EF+그치/IC"
          },
          {
            "id": 17,
            "text": "1 : 키키 맞아 키키 기대중이야 키키",
            "norm_text": "키키 맞아 키키 기대중이야 키키",
            "speaker": {
              "id": "1번",
              "sex": "여성",
              "age": "20대"
            },
            "speechAct": "(단언) 주장하기",
            "morpheme": "키/NNG+키/XSV+ETN+맞/VV+아/EC+키/NNG+키/NNG+기대/NNG+중/NNB+이/VCP+야/EC+키/NNG+키/XSV+ETN"
          },
          {
            "id": 18,
            "text": "1 :  마동석이 마블 영화라니",
            "norm_text": "마동석이 마블 영화라니",
            "speaker": {
              "id": "1번",
              "sex": "여성",
              "age": "20대"
            },
            "speechAct": "(단언) 주장하기",
            "morpheme": "마동석/NNP+이/JKS+마블/NNG+영화/NNG+라니/VCP+EC"
          },
          {
            "id": 19,
            "text": "2 : 그니깐 마동석이 마블이라니 키키",
            "norm_text": "그니깐 마동석이 마블이라니 키키",
            "speaker": {
              "id": "2번",
              "sex": "남성",
              "age": "20대"
            },
            "speechAct": "(단언) 주장하기",
            "morpheme": "그니깐/MAJ+마동석/NNP+이/JKS+마블/NNG+이/VCP+라니/EC+키/NNG+키/XSV+ETN"
          },
          {
            "id": 20,
            "text": "2 : 뭔가 어울리면서 안 어울리는 거 같애 키키",
            "norm_text": "뭔가 어울리면서 안 어울리는 거 같애 키키",
            "speaker": {
              "id": "2번",
              "sex": "남성",
              "age": "20대"
            },
            "speechAct": "(단언) 주장하기",
            "morpheme": "뭔가/NP+VCP+EC+어울리/VV+면서/EC+안/MAG+어울리/VV+는/ETM+거/NNB+같/VA+애/EF+키/NNG+키/XSV+ETN"
          },
          {
            "id": 21,
            "text": "3 : 이제 외계인까지 때려버리네 키키 대단해",
            "norm_text": "이제 외계인까지 때려버리네 키키 대단해",
            "speaker": {
              "id": "3번",
              "sex": "남성",
              "age": "20대"
            },
            "speechAct": "(단언) 주장하기",
            "morpheme": "이제/MAG+외계인/NNG+까지/JX+때려/VV+EC+버리/VX+네/EF+키/NNG+키/XSV+ETN+대단/XR+해/XSA+EC"
          }
        ]
      }
    }
  ]
}