{
  "dataset": {
    "identifier": 21941,
    "name": "BAND_28_19_set",
    "src_path": "/data/file/cubeManager/PROJECT001/49/txt20210917150513031926/BAND_28_19_set/",
    "label_path": "/data/file/cubeManager/PROJECT001/49/txt20210917150513031926/BAND_28_19_set/",
    "category": 2,
    "type": 0
  },
  "licenses": {
    "name": "Apache License 1.0",
    "url": "http://www.apache.org/licenses/LICENSE-1.0"
  },
  "info": [
    {
      "id": 29450,
      "filename": "BAND_28_19.txt",
      "title": "BAND_28_19",
      "mediatype": "SNS",
      "medianame": "네이버밴드",
      "category": "일상대화",
      "date": "2021-09-17",
      "size": 378,
      "annotations": {
        "subject": "방송/연예",
        "speaker_type": "1:1",
        "size": 378,
        "word_size": 116,
        "text": "1 : 중학생 때 너는 아이돌 안 좋아하지 않았나?\n2 : 맞아 나는 지금도 아이돌보단 영화배우야\n1 : 너 어떤 배우 좋아하는데?\n2 : 난 소지섭이 그렇게 좋더라 키키\n1 : 아 지섭님 떠나셨잖아 기혼 나라로 키키\n2 : 난 아직도 믿지 않고 있어 키키\n1 : 나도 아이돌보다 배우를 더 좋아했던 거 기억나?\n2 : 너는 누구 좋아했었지?\n1 : 나 송중기 좋아했었잖아 기억 안 나?\n2 : 오 송중기 만인의 연인이었었지 키키\n1 : 무슨 소리야 갔다가 온 싱글이라고~\n2 : 키키 그 정도는 용서 가능한 외모가 아닐까\n1 : 당연하지 출생지도 대전이잖아 이건 운명이야!\n2 : 송중기 일반인 시절에도 엄청 잘생겼드라\n1 : 심지어 대학교도 성균관대였잖아 거지!\n2 : 우와 외모랑 지성까지 반칙이야",
        "lines": [
          {
            "id": 1,
            "text": "1 : 중학생 때 너는 아이돌 안 좋아하지 않았나?",
            "norm_text": "중학생 때 너는 아이돌 안 좋아하지 않았나?",
            "speaker": {
              "id": "1번",
              "sex": "여성",
              "age": "20대"
            },
            "speechAct": "(지시) 질문하기",
            "morpheme": "중학생/NNG+때/NNG+너/NP+는/JX+아이돌/NNP+안/MAG+좋아하/VV+지/EC+않/VX+았/EP+나/EF"
          },
          {
            "id": 2,
            "text": "2 : 맞아 나는 지금도 아이돌보단 영화배우야",
            "norm_text": "맞아 나는 지금도 아이돌보단 영화배우야",
            "speaker": {
              "id": "2번",
              "sex": "여성",
              "age": "20대"
            },
            "speechAct": "(단언) 주장하기",
            "morpheme": "맞/VV+아/EC+나/NP+는/JX+지금/NNG+도/JX+아이돌/NNP+보단/JKB+JX+영화/NNG+배우/VV+야/EC"
          },
          {
            "id": 3,
            "text": "1 : 너 어떤 배우 좋아하는데?",
            "norm_text": "너 어떤 배우 좋아하는데?",
            "speaker": {
              "id": "1번",
              "sex": "여성",
              "age": "20대"
            },
            "speechAct": "(지시) 질문하기",
            "morpheme": "너/NP+어떤/MM+배우/NNG+좋/VA+아/EC+하/VV+는데/EC"
          },
          {
            "id": 4,
            "text": "2 : 난 소지섭이 그렇게 좋더라 키키",
            "norm_text": "난 소지섭이 그렇게 좋더라 키키",
            "speaker": {
              "id": "2번",
              "sex": "여성",
              "age": "20대"
            },
            "speechAct": "(단언) 주장하기",
            "morpheme": "난/NP+JX+소지섭/NNP+이/JKS+그렇게/MAG+좋/VA+더라/EC+키/NNG+키/XSV+ETN"
          },
          {
            "id": 5,
            "text": "1 : 아 지섭님 떠나셨잖아 기혼 나라로 키키",
            "norm_text": "아 지섭님 떠나셨잖아 기혼 나라로 키키",
            "speaker": {
              "id": "1번",
              "sex": "여성",
              "age": "20대"
            },
            "speechAct": "(단언) 진술하기",
            "morpheme": "아/IC+지섭/NNP+님/XSN+떠나/VV+셨/EP+EP+잖아/EF+기혼/NNG+나라/NNG+로/JKB+키/NNG+키/XSV+ETN"
          },
          {
            "id": 6,
            "text": "2 : 난 아직도 믿지 않고 있어 키키",
            "norm_text": "난 아직도 믿지 않고 있어 키키",
            "speaker": {
              "id": "2번",
              "sex": "여성",
              "age": "20대"
            },
            "speechAct": "(단언) 주장하기",
            "morpheme": "난/NP+JX+아직/MAG+도/JX+믿/VV+지/EC+않/VX+고/EC+있/VX+어/EC+키/NNG+키/XSV+ETN"
          },
          {
            "id": 7,
            "text": "1 : 나도 아이돌보다 배우를 더 좋아했던 거 기억나?",
            "norm_text": "나도 아이돌보다 배우를 더 좋아했던 거 기억나?",
            "speaker": {
              "id": "1번",
              "sex": "여성",
              "age": "20대"
            },
            "speechAct": "(지시) 질문하기",
            "morpheme": "나/NP+도/JX+아이돌/NNP+보다/JKB+배우/NNG+를/JKO+더/MAG+좋/VA+아/EC+했/VX+EP+던/ETM+거/NNB+기억나/VV+EF"
          },
          {
            "id": 8,
            "text": "2 : 너는 누구 좋아했었지?",
            "norm_text": "너는 누구 좋아했었지?",
            "speaker": {
              "id": "2번",
              "sex": "여성",
              "age": "20대"
            },
            "speechAct": "(지시) 질문하기",
            "morpheme": "너/NP+는/JX+누구/NP+좋/VA+아/EC+했었/VX+EP+지/EF"
          },
          {
            "id": 9,
            "text": "1 : 나 송중기 좋아했었잖아 기억 안 나?",
            "norm_text": "나 송중기 좋아했었잖아 기억 안 나?",
            "speaker": {
              "id": "1번",
              "sex": "여성",
              "age": "20대"
            },
            "speechAct": "(지시) 질문하기",
            "morpheme": "나송/NNG+중기/NNG+좋/VA+아/EC+했었잖/VX+EP+EC+VX+아/EC+기억/NNG+안/MAG+나/VV+EF"
          },
          {
            "id": 10,
            "text": "2 : 오 송중기 만인의 연인이었었지 키키",
            "norm_text": "오 송중기 만인의 연인이었었지 키키",
            "speaker": {
              "id": "2번",
              "sex": "여성",
              "age": "20대"
            },
            "speechAct": "(단언) 주장하기",
            "morpheme": "오송/NNG+중기/NNG+만인/NNG+의/JKG+연인/NNG+이/VCP+었었/EP+지/EC+키/NNG+키/XSV+ETN"
          },
          {
            "id": 11,
            "text": "1 : 무슨 소리야 갔다가 온 싱글이라고~",
            "norm_text": "무슨 소리야 갔다가 온 싱글이라고~",
            "speaker": {
              "id": "1번",
              "sex": "여성",
              "age": "20대"
            },
            "speechAct": "(단언) 진술하기",
            "morpheme": "무슨/MM+소리/NNG+야/VCP+EF+갔/VV+EP+다가/EC+온/VX+ETM+싱글/NNG+이/VCP+라고/EC+~/SY"
          },
          {
            "id": 12,
            "text": "2 : 키키 그 정도는 용서 가능한 외모가 아닐까",
            "norm_text": "키키 그 정도는 용서 가능한 외모가 아닐까",
            "speaker": {
              "id": "2번",
              "sex": "여성",
              "age": "20대"
            },
            "speechAct": "(지시) 질문하기",
            "morpheme": "키키/NNP+그/MM+정도/NNG+는/JX+용서/NNG+가능/NNG+한/XSA+ETM+외모/NNG+가/JKC+아닐까/VCN+EC"
          },
          {
            "id": 13,
            "text": "1 : 당연하지 출생지도 대전이잖아 이건 운명이야!",
            "norm_text": "당연하지 출생지도 대전이잖아 이건 운명이야!",
            "speaker": {
              "id": "1번",
              "sex": "여성",
              "age": "20대"
            },
            "speechAct": "(단언) 주장하기",
            "morpheme": "당연/XR+하/XSA+지/EC+출생지/NNG+도/JX+대전/NNG+이/VCP+잖아/EF+이건/NP+JX+운명/NNG+이/VCP+야/EF"
          },
          {
            "id": 14,
            "text": "2 : 송중기 일반인 시절에도 엄청 잘생겼드라",
            "norm_text": "송중기 일반인 시절에도 엄청 잘생겼드라",
            "speaker": {
              "id": "2번",
              "sex": "여성",
              "age": "20대"
            },
            "speechAct": "(단언) 진술하기",
            "morpheme": "송중기/NNP+일반인/NNG+시절/NNG+에/JKB+도/JX+엄청/MAG+잘/MAG+생겼/VV+EP+드라/EC"
          },
          {
            "id": 15,
            "text": "1 : 심지어 대학교도 성균관대였잖아 거지!",
            "norm_text": "심지어 대학교도 성균관대였잖아 거지!",
            "speaker": {
              "id": "1번",
              "sex": "여성",
              "age": "20대"
            },
            "speechAct": "(단언) 진술하기",
            "morpheme": "심지어/MAG+대학교/NNG+도/JX+성균관/NNP+대/NNBC+였잖/VCP+EP+EC+VX+아/EC+거/NNB+지/VCP+EF"
          },
          {
            "id": 16,
            "text": "2 : 우와 외모랑 지성까지 반칙이야",
            "norm_text": "우와 외모랑 지성까지 반칙이야",
            "speaker": {
              "id": "2번",
              "sex": "여성",
              "age": "20대"
            },
            "speechAct": "(단언) 주장하기",
            "morpheme": "우와/IC+외모/NNG+랑/JKB+지성/NNG+까지/JX+반칙/NNG+이/VCP+야/EC"
          }
        ]
      }
    }
  ]
}