{
  "dataset": {
    "identifier": 98450,
    "name": "BAND_39_18_set",
    "src_path": "/data/file/cubeManager/PROJECT001/77/txt20211029151155097129/BAND_39_18_set/",
    "label_path": "/data/file/cubeManager/PROJECT001/77/txt20211029151155097129/BAND_39_18_set/",
    "category": 2,
    "type": 0
  },
  "licenses": {
    "name": "Apache License 1.0",
    "url": "http://www.apache.org/licenses/LICENSE-1.0"
  },
  "info": [
    {
      "id": 109680,
      "filename": "BAND_39_18.txt",
      "title": "BAND_39_18",
      "mediatype": "SNS",
      "medianame": "네이버밴드",
      "category": "일상대화",
      "date": "2021-10-29",
      "size": 497,
      "annotations": {
        "subject": "상거래 전반",
        "speaker_type": "다자간 대화",
        "size": 497,
        "word_size": 162,
        "text": "1 : 오늘도 즐겁게 쇼핑을 했어\n2 : 부자네잉\n2 : 영앤리치\n2 : 이번엔 모 샀냐\n3 : 좋은 거 소개 좀 해주고 사자규\n1 : 나 폴라로이드 필름이랑 핫도그 키키\n2 : 키키 헐 ㅡㅡ 핫도그 어디꺼 샀어\n3 : 키키 먹을게 제일 중요해 다 불어\n1 : 닭가슴살 핫도그인데 진짜 부드럽고 쫄깃하고 맛있어\n2 : 키키 애...?\n2 : 다이어트 식품…?\n2 : 어째서\n3 : 너... 설마... 날씬해지려고 그래?\n1 : 키키 근데 과잉 섭취해서 다이어트 효과 노노\n2 : 키키 키키 이런~^^\n2 : 다이어트 식품이 그게 문제지 키키\n2 : 사실 뭘 먹어도 이만큼 먹으면 안 찜\n3 : 아 키키 심신 다이어트라도 만족...ㅎ!\n1 : 키키 얼른 왔으면 좋겠다 키키 두번째 구매란 말야 하하\n2 : 키키 올 재구매~ 충성 고객인디~\n3 : 거기 두 번째 흑우는 안 필요하데...?\n1 : 키키 가눙 키키\n1 : 내가 링크 보내줄게\n2 : 오케이 어디서 사는겨~\n2 : 어째 알았댜~\n3 : 예아 키키 들어갑니다잉! 구매자님 입장",
        "lines": [
          {
            "id": 1,
            "text": "1 : 오늘도 즐겁게 쇼핑을 했어",
            "norm_text": "오늘도 즐겁게 쇼핑을 했어",
            "speaker": {
              "id": "1번",
              "sex": "여성",
              "age": "20대"
            },
            "speechAct": "(단언) 주장하기",
            "morpheme": "오늘/NNG+도/JX+즐겁/VA+게/EC+쇼핑/NNG+을/JKO+했/VV+EP+어/EC"
          },
          {
            "id": 2,
            "text": "2 : 부자네잉",
            "norm_text": "부자네잉",
            "speaker": {
              "id": "2번",
              "sex": "여성",
              "age": "20대"
            },
            "speechAct": "(단언) 주장하기",
            "morpheme": "부자/NNP+네/XSN+잉/NNG"
          },
          {
            "id": 3,
            "text": "2 : 영앤리치",
            "norm_text": "영앤리치",
            "speaker": {
              "id": "2번",
              "sex": "여성",
              "age": "20대"
            },
            "speechAct": "(단언) 진술하기",
            "morpheme": "영/NNG+앤/NNG+JX+리치/NNG"
          },
          {
            "id": 4,
            "text": "2 : 이번엔 모 샀냐",
            "norm_text": "이번엔 모 샀냐",
            "speaker": {
              "id": "2번",
              "sex": "여성",
              "age": "20대"
            },
            "speechAct": "(지시) 질문하기",
            "morpheme": "이번/NNG+엔/JKB+JX+모/NP+샀/VV+EP+냐/EC"
          },
          {
            "id": 5,
            "text": "3 : 좋은 거 소개 좀 해주고 사자규",
            "norm_text": "좋은 거 소개 좀 해주고 사자규",
            "speaker": {
              "id": "3번",
              "sex": "남성",
              "age": "20대"
            },
            "speechAct": "(단언) 주장하기",
            "morpheme": "좋/VA+은/ETM+거/NNB+소개/NNG+좀/MAG+해/VV+EC+주/VX+고/EC+사/VV+EC+자규/NNG"
          },
          {
            "id": 6,
            "text": "1 : 나 폴라로이드 필름이랑 핫도그 키키",
            "norm_text": "나 폴라로이드 필름이랑 핫도그 키키",
            "speaker": {
              "id": "1번",
              "sex": "여성",
              "age": "20대"
            },
            "speechAct": "(단언) 진술하기",
            "morpheme": "나/NP+폴라로이드/NNG+필름/NNG+이랑/JKB+핫도그/NNG+키/NNG+키/XSV+ETN"
          },
          {
            "id": 7,
            "text": "2 : 키키 헐 ㅡㅡ 핫도그 어디꺼 샀어",
            "norm_text": "키키 헐 ㅡㅡ 핫도그 어디꺼 샀어",
            "speaker": {
              "id": "2번",
              "sex": "여성",
              "age": "20대"
            },
            "speechAct": "(지시) 질문하기",
            "morpheme": "키/NNG+키/NNG+헐/XSV+ETM+ㅡㅡ/UNKNOWN+핫도그/NNG+어디/NP+꺼/VV+EC+샀/VV+EP+어/EC"
          },
          {
            "id": 8,
            "text": "3 : 키키 먹을게 제일 중요해 다 불어",
            "norm_text": "키키 먹을게 제일 중요해 다 불어",
            "speaker": {
              "id": "3번",
              "sex": "남성",
              "age": "20대"
            },
            "speechAct": "(단언) 주장하기",
            "morpheme": "키/NNG+키/XSV+ETN+먹/VV+을/ETM+게/NNB+JKS+제일/MAG+중요/NNG+해다/XSV+EC+불/VV+어/EC"
          },
          {
            "id": 9,
            "text": "1 : 닭가슴살 핫도그인데 진짜 부드럽고 쫄깃하고 맛있어",
            "norm_text": "닭가슴살 핫도그인데 진짜 부드럽고 쫄깃하고 맛있어",
            "speaker": {
              "id": "1번",
              "sex": "여성",
              "age": "20대"
            },
            "speechAct": "(단언) 주장하기",
            "morpheme": "닭/NNG+가슴살/NNG+핫도그/NNG+인데/VCP+EC+진짜/MAG+부드럽/VA+고/EC+쫄깃/XR+하/XSA+고/EC+맛있/VA+어/EC"
          },
          {
            "id": 10,
            "text": "2 : 키키 애...?",
            "norm_text": "키키 애...?",
            "speaker": {
              "id": "2번",
              "sex": "여성",
              "age": "20대"
            },
            "speechAct": "턴토크 사인(관습적 반응)",
            "morpheme": "키/NNG+키/VV+애/EF+./SY+./SY"
          },
          {
            "id": 11,
            "text": "2 : 다이어트 식품…?",
            "norm_text": "다이어트 식품…?",
            "speaker": {
              "id": "2번",
              "sex": "여성",
              "age": "20대"
            },
            "speechAct": "(지시) 질문하기",
            "morpheme": "다이어트/NNG+식품/NNG+…/SE"
          },
          {
            "id": 12,
            "text": "2 : 어째서",
            "norm_text": "어째서",
            "speaker": {
              "id": "2번",
              "sex": "여성",
              "age": "20대"
            },
            "speechAct": "(단언) 주장하기",
            "morpheme": "어째서/MAG+XSV+EC"
          },
          {
            "id": 13,
            "text": "3 : 너... 설마... 날씬해지려고 그래?",
            "norm_text": "너... 설마... 날씬해지려고 그래?",
            "speaker": {
              "id": "3번",
              "sex": "남성",
              "age": "20대"
            },
            "speechAct": "(지시) 질문하기",
            "morpheme": "너/NP+./SY+설마/MAG+./SY+날씬/XR+해/XSA+EC+지/VX+려고/EC+그래/VV+EF"
          },
          {
            "id": 14,
            "text": "1 : 키키 근데 과잉 섭취해서 다이어트 효과 노노",
            "norm_text": "키키 근데 과잉 섭취해서 다이어트 효과 노노",
            "speaker": {
              "id": "1번",
              "sex": "여성",
              "age": "20대"
            },
            "speechAct": "(단언) 주장하기",
            "morpheme": "키/NNG+키/XSV+ETN+근데/MAJ+과잉/NNG+섭취/NNG+해서/XSV+EC+다이어트/NNG+효과/NNG+노노/NNP"
          },
          {
            "id": 15,
            "text": "2 : 키키 키키 이런~^^",
            "norm_text": "키키 키키 이런~^^",
            "speaker": {
              "id": "2번",
              "sex": "여성",
              "age": "20대"
            },
            "speechAct": "(단언) 주장하기",
            "morpheme": "키키/NNP+키키/NNP+이런/MM+~/SY+^/SY+^/SY"
          },
          {
            "id": 16,
            "text": "2 : 다이어트 식품이 그게 문제지 키키",
            "norm_text": "다이어트 식품이 그게 문제지 키키",
            "speaker": {
              "id": "2번",
              "sex": "여성",
              "age": "20대"
            },
            "speechAct": "(단언) 주장하기",
            "morpheme": "다이어트/NNG+식품/NNG+이/JKS+그게/NP+JKS+문제지/NNG+키/NNG+키/XSV+ETN"
          },
          {
            "id": 17,
            "text": "2 : 사실 뭘 먹어도 이만큼 먹으면 안 찜",
            "norm_text": "사실 뭘 먹어도 이만큼 먹으면 안 찜",
            "speaker": {
              "id": "2번",
              "sex": "여성",
              "age": "20대"
            },
            "speechAct": "(단언) 주장하기",
            "morpheme": "사실/MAG+뭘/NP+JKO+먹/VV+어도/EC+이만큼/MAG+먹/VV+으면/EC+안/MAG+찜/NNG"
          },
          {
            "id": 18,
            "text": "3 : 아 키키 심신 다이어트라도 만족...ㅎ!",
            "norm_text": "아 키키 심신 다이어트라도 만족...ㅎ!",
            "speaker": {
              "id": "3번",
              "sex": "남성",
              "age": "20대"
            },
            "speechAct": "(단언) 주장하기",
            "morpheme": "아키키심신다이어트라도만족/UNKNOWN+./SY+ㅎ/XSA"
          },
          {
            "id": 19,
            "text": "1 : 키키 얼른 왔으면 좋겠다 키키 두번째 구매란 말야 하하",
            "norm_text": "키키 얼른 왔으면 좋겠다 키키 두번째 구매란 말야 하하",
            "speaker": {
              "id": "1번",
              "sex": "여성",
              "age": "20대"
            },
            "speechAct": "(단언) 주장하기",
            "morpheme": "키/NNG+키/NNG+얼른/MAG+왔/VV+EP+으면/EC+좋/VA+겠/EP+다키키/NNP+두/MM+번/NNBC+째/XSN+구매/NNG+란/JX+말/NNG+야/JX+하하/MAG"
          },
          {
            "id": 20,
            "text": "2 : 키키 올 재구매~ 충성 고객인디~",
            "norm_text": "키키 올 재구매~ 충성 고객인디~",
            "speaker": {
              "id": "2번",
              "sex": "여성",
              "age": "20대"
            },
            "speechAct": "(단언) 주장하기",
            "morpheme": "키/NNG+키/XSV+ETN+올/VV+ETM+재/XPN+구매/NNG+~/SY+충성/NNG+고객/NNG+인디/NP+VCP+EC+~/SY"
          },
          {
            "id": 21,
            "text": "3 : 거기 두 번째 흑우는 안 필요하데...?",
            "norm_text": "거기 두 번째 흑우는 안 필요하데...?",
            "speaker": {
              "id": "3번",
              "sex": "남성",
              "age": "20대"
            },
            "speechAct": "(지시) 질문하기",
            "morpheme": "거기/NP+두/MM+번/NNBC+째/XSN+흑우/NNG+는/JX+안/MAG+필요/NNG+하/XSA+데/EF+./SY+./SY"
          },
          {
            "id": 22,
            "text": "1 : 키키 가눙 키키",
            "norm_text": "키키 가눙 키키",
            "speaker": {
              "id": "1번",
              "sex": "여성",
              "age": "20대"
            },
            "speechAct": "(단언) 주장하기",
            "morpheme": "키키가눙키키/UNKNOWN"
          },
          {
            "id": 23,
            "text": "1 : 내가 링크 보내줄게",
            "norm_text": "내가 링크 보내줄게",
            "speaker": {
              "id": "1번",
              "sex": "여성",
              "age": "20대"
            },
            "speechAct": "(단언) 주장하기",
            "morpheme": "내/NP+가/JKS+링크/NNG+보내/VV+EC+줄/VX+ETM+게/NNB+JKS"
          },
          {
            "id": 24,
            "text": "2 : 오케이 어디서 사는겨~",
            "norm_text": "오케이 어디서 사는겨~",
            "speaker": {
              "id": "2번",
              "sex": "여성",
              "age": "20대"
            },
            "speechAct": "(지시) 질문하기",
            "morpheme": "오케이/IC+어디/NP+서/JKB+사/VV+는겨/EC+~/SY"
          },
          {
            "id": 25,
            "text": "2 : 어째 알았댜~",
            "norm_text": "어째 알았댜~",
            "speaker": {
              "id": "2번",
              "sex": "여성",
              "age": "20대"
            },
            "speechAct": "(단언) 주장하기",
            "morpheme": "어째/MAG+XSV+EC+알/VV+았/EP+댜/EF+~/SY"
          },
          {
            "id": 26,
            "text": "3 : 예아 키키 들어갑니다잉! 구매자님 입장",
            "norm_text": "예아 키키 들어갑니다잉! 구매자님 입장",
            "speaker": {
              "id": "3번",
              "sex": "남성",
              "age": "20대"
            },
            "speechAct": "(단언) 주장하기",
            "morpheme": "예아키키들어갑니다잉/UNKNOWN+구매자/NNG+님/XSN+입장/NNG"
          }
        ]
      }
    }
  ]
}