{
  "dataset": {
    "identifier": 18670,
    "name": "BAND_24_05_set",
    "src_path": "/data/file/cubeManager/PROJECT001/49/txt20210915121726071286/BAND_24_05_set/",
    "label_path": "/data/file/cubeManager/PROJECT001/49/txt20210915121726071286/BAND_24_05_set/",
    "category": 2,
    "type": 0
  },
  "licenses": {
    "name": "Apache License 1.0",
    "url": "http://www.apache.org/licenses/LICENSE-1.0"
  },
  "info": [
    {
      "id": 26045,
      "filename": "BAND_24_05.txt",
      "title": "BAND_24_05",
      "mediatype": "SNS",
      "medianame": "네이버밴드",
      "category": "일상대화",
      "date": "2021-09-15",
      "size": 392,
      "annotations": {
        "subject": "군대",
        "speaker_type": "1:1",
        "size": 392,
        "word_size": 127,
        "text": "1 : 너는 그럼 동생이 어디 있는지 모르는 거야?\n2 : 키키 사실 기억이 나지 않아\n1 : 군대에서 편지 보내지 않아?\n2 : 그거는 이미 예전에 봤었어\n1 : 요즘에는 짬이 차서 안 보내도 된대?\n2 : 아니 이제 부사관으로 바껴서 처음부터 다시 하긴 하는데  바쁜가 봐\n1 : 아 아예 직업군인이 된 거구나!\n2 : 어 맞아 이제 기억이 났네 키키\n1 : 동생한테 너무 관심 없는 거 아니야? 키키\n2 : 어렸을 때 많은 관심을 줘서 괜찮아\n1 : 그러면 육군으로 근무하고 있겠네?\n2 : 어 그렇지 자주포 정비를 할걸\n1 : 자주포가 뭐야? 기계 이름이야?\n2 : 나도 자세히 모르는데 그 탱크에 달려 있는 거 그런 거 아닌가?\n1 : 그거 하는 사람을 포병이라고 하나?\n2 : 글쎄 부사관 하사인데 포병인지는 모르겠네",
        "lines": [
          {
            "id": 1,
            "text": "1 : 너는 그럼 동생이 어디 있는지 모르는 거야?",
            "norm_text": "너는 그럼 동생이 어디 있는지 모르는 거야?",
            "speaker": {
              "id": "1번",
              "sex": "여성",
              "age": "20대"
            },
            "speechAct": "(지시) 질문하기",
            "morpheme": "너/NP+는/JX+그럼/MAJ+동생/NNG+이/JKS+어디/NP+있/VA+는지/EC+모르/VV+는/ETM+거/NNB+야/VCP+EF"
          },
          {
            "id": 2,
            "text": "2 : 키키 사실 기억이 나지 않아",
            "norm_text": "키키 사실 기억이 나지 않아",
            "speaker": {
              "id": "2번",
              "sex": "여성",
              "age": "20대"
            },
            "speechAct": "(단언) 진술하기",
            "morpheme": "키/NNG+키/XSV+ETN+사실/MAG+기억/NNG+이/JKS+나/VV+지/EC+않/VX+아/EC"
          },
          {
            "id": 3,
            "text": "1 : 군대에서 편지 보내지 않아?",
            "norm_text": "군대에서 편지 보내지 않아?",
            "speaker": {
              "id": "1번",
              "sex": "여성",
              "age": "20대"
            },
            "speechAct": "(지시) 질문하기",
            "morpheme": "군대/NNG+에서/JKB+편지/NNG+보내/VV+지/EC+않/VX+아/EF"
          },
          {
            "id": 4,
            "text": "2 : 그거는 이미 예전에 봤었어",
            "norm_text": "그거는 이미 예전에 봤었어",
            "speaker": {
              "id": "2번",
              "sex": "여성",
              "age": "20대"
            },
            "speechAct": "(단언) 진술하기",
            "morpheme": "그거/NP+는/JX+이미/MAG+예전/NNG+에/JKB+봤었/VV+EP+어/EC"
          },
          {
            "id": 5,
            "text": "1 : 요즘에는 짬이 차서 안 보내도 된대?",
            "norm_text": "요즘에는 짬이 차서 안 보내도 된대?",
            "speaker": {
              "id": "1번",
              "sex": "여성",
              "age": "20대"
            },
            "speechAct": "(지시) 질문하기",
            "morpheme": "요즘/NNG+에/JKB+는/JX+짬/NNG+이/JKS+차/VV+서/EC+안/MAG+보내/VV+EC+도/JX+된대/VV+EF"
          },
          {
            "id": 6,
            "text": "2 : 아니 이제 부사관으로 바껴서 처음부터 다시 하긴 하는데  바쁜가 봐",
            "norm_text": "아니 이제 부사관으로 바껴서 처음부터 다시 하긴 하는데  바쁜가 봐",
            "speaker": {
              "id": "2번",
              "sex": "여성",
              "age": "20대"
            },
            "speechAct": "(단언) 진술하기",
            "morpheme": "아니/IC+이제/MAG+부사관/NNG+으로/JKB+바/NNB+껴서/VV+EC+처음/NNG+부터/JX+다시/MAG+하/VV+긴/ETN+JX+하/VX+는/ETM+데/NNB+바쁜가/VA+EC+봐/VX+EC"
          },
          {
            "id": 7,
            "text": "1 : 아 아예 직업군인이 된 거구나!",
            "norm_text": "아 아예 직업군인이 된 거구나!",
            "speaker": {
              "id": "1번",
              "sex": "여성",
              "age": "20대"
            },
            "speechAct": "(단언) 진술하기",
            "morpheme": "아/IC+아예/MAG+직업/NNG+군인/NNG+이/JKS+된/VV+ETM+거/NNB+구나/VCP+EF"
          },
          {
            "id": 8,
            "text": "2 : 어 맞아 이제 기억이 났네 키키",
            "norm_text": "어 맞아 이제 기억이 났네 키키",
            "speaker": {
              "id": "2번",
              "sex": "여성",
              "age": "20대"
            },
            "speechAct": "(단언) 진술하기",
            "morpheme": "어/IC+맞아/IC+이제/MAG+기억/NNG+이/JKS+났/VV+EP+네/EF+키/NNG+키/XSV+ETN"
          },
          {
            "id": 9,
            "text": "1 : 동생한테 너무 관심 없는 거 아니야? 키키",
            "norm_text": "동생한테 너무 관심 없는 거 아니야? 키키",
            "speaker": {
              "id": "1번",
              "sex": "여성",
              "age": "20대"
            },
            "speechAct": "(단언) 주장하기",
            "morpheme": "동생/NNG+한테/JKB+너무/MAG+관심없/VV+는/ETM+거/NNB+아니/VCN+야/EF+키/NNG+키/XSV+ETN"
          },
          {
            "id": 10,
            "text": "2 : 어렸을 때 많은 관심을 줘서 괜찮아",
            "norm_text": "어렸을 때 많은 관심을 줘서 괜찮아",
            "speaker": {
              "id": "2번",
              "sex": "여성",
              "age": "20대"
            },
            "speechAct": "(단언) 주장하기",
            "morpheme": "어렸/VA+EP+을/ETM+때/NNG+많/VA+은/ETM+관심/NNG+을/JKO+줘서/VV+EC+괜찮/VA+아/EC"
          },
          {
            "id": 11,
            "text": "1 : 그러면 육군으로 근무하고 있겠네?",
            "norm_text": "그러면 육군으로 근무하고 있겠네?",
            "speaker": {
              "id": "1번",
              "sex": "여성",
              "age": "20대"
            },
            "speechAct": "(지시) 질문하기",
            "morpheme": "그러면/MAJ+육군/NNG+으로/JKB+근무/NNG+하/XSV+고/EC+있/VX+겠/EP+네/EF"
          },
          {
            "id": 12,
            "text": "2 : 어 그렇지 자주포 정비를 할걸",
            "norm_text": "어 그렇지 자주포 정비를 할걸",
            "speaker": {
              "id": "2번",
              "sex": "여성",
              "age": "20대"
            },
            "speechAct": "(단언) 진술하기",
            "morpheme": "어/IC+그렇/VA+지/EC+자주포/NNG+정비/NNG+를/JKO+할걸/VV+EC"
          },
          {
            "id": 13,
            "text": "1 : 자주포가 뭐야? 기계 이름이야?",
            "norm_text": "자주포가 뭐야? 기계 이름이야?",
            "speaker": {
              "id": "1번",
              "sex": "여성",
              "age": "20대"
            },
            "speechAct": "(지시) 질문하기",
            "morpheme": "자주포/NNG+가/JKS+뭐/NP+야/VCP+EF+기계/NNG+이름/NNG+이/VCP+야/EF"
          },
          {
            "id": 14,
            "text": "2 : 나도 자세히 모르는데 그 탱크에 달려 있는 거 그런 거 아닌가?",
            "norm_text": "나도 자세히 모르는데 그 탱크에 달려 있는 거 그런 거 아닌가?",
            "speaker": {
              "id": "2번",
              "sex": "여성",
              "age": "20대"
            },
            "speechAct": "(단언) 주장하기",
            "morpheme": "나/NP+도/JX+자세히/MAG+모르/VV+는데/EC+그/MM+탱크/NNG+에/JKB+달려/VV+EC+있/VX+는/ETM+거/NNB+그런/MM+거/NNB+아닌가/VCN+EF"
          },
          {
            "id": 15,
            "text": "1 : 그거 하는 사람을 포병이라고 하나?",
            "norm_text": "그거 하는 사람을 포병이라고 하나?",
            "speaker": {
              "id": "1번",
              "sex": "여성",
              "age": "20대"
            },
            "speechAct": "(지시) 질문하기",
            "morpheme": "그거/NP+하/VV+는/ETM+사람/NNG+을/JKO+포병/NNG+이/VCP+라고/EC+하나/NR"
          },
          {
            "id": 16,
            "text": "2 : 글쎄 부사관 하사인데 포병인지는 모르겠네",
            "norm_text": "글쎄 부사관 하사인데 포병인지는 모르겠네",
            "speaker": {
              "id": "2번",
              "sex": "여성",
              "age": "20대"
            },
            "speechAct": "(단언) 진술하기",
            "morpheme": "글쎄/IC+부사관/NNG+하사/NNG+인데/VCP+EC+포병/NNG+인지/VCP+EC+는/JX+모르/VV+겠/EP+네/EF"
          }
        ]
      }
    }
  ]
}