{
  "dataset": {
    "identifier": 99498,
    "name": "BAND_39_15_set",
    "src_path": "/data/file/cubeManager/PROJECT001/77/txt20211029151155094441/BAND_39_15_set/",
    "label_path": "/data/file/cubeManager/PROJECT001/77/txt20211029151155094441/BAND_39_15_set/",
    "category": 2,
    "type": 0
  },
  "licenses": {
    "name": "Apache License 1.0",
    "url": "http://www.apache.org/licenses/LICENSE-1.0"
  },
  "info": [
    {
      "id": 109677,
      "filename": "BAND_39_15.txt",
      "title": "BAND_39_15",
      "mediatype": "SNS",
      "medianame": "네이버밴드",
      "category": "일상대화",
      "date": "2021-10-29",
      "size": 920,
      "annotations": {
        "subject": "타 국가 이슈",
        "speaker_type": "다자간 대화",
        "size": 920,
        "word_size": 294,
        "text": "1 : 일본도 위드 코로나 선언했네\n1 : 일본도 위드 코로나 선언했네\n2 : 뭐어...?\n2 : 뭐어...?\n2 : 믿을 수 없다 ㅡㅡ\n2 : 믿을 수 없다 ㅡㅡ\n2 : 좋겠네;\n2 : 좋겠네;\n3 : 키키 쉽지 않네 거기도...\n3 : 키키 쉽지 않네 거기도...\n3 : 역시 그...나라...;\n3 : 역시 그...나라...;\n1 : 영업제한 풀리고 점점 일상화 되가는중\n1 : 영업제한 풀리고 점점 일상화 되가는중\n2 : ㅜㅜ 흑 좋겠다\n2 : ㅜㅜ 흑 좋겠다\n2 : 접종률이 글케 높다냐\n2 : 접종률이 글케 높다냐\n3 : 우리만 힘든 거 같기도 하고...ㅠㅠ\n3 : 우리만 힘든 거 같기도 하고...ㅠㅠ\n1 : 우리도 슬슬 영업제한 푼다던데\n1 : 우리도 슬슬 영업제한 푼다던데\n2 : 달리자 접종 마구 달려\n2 : 달리자 접종 마구 달려\n3 : 그냥 처음부터 없었다면! 안 맞는건데 ㅠㅠ\n3 : 그냥 처음부터 없었다면! 안 맞는건데 ㅠㅠ\n1 : 다들 접종 완료 했지?\n1 : 다들 접종 완료 했지?\n2 : 웅 나는 2차까지 완료~^.\u003c\n2 : 웅 나는 2차까지 완료~^.\u003c\n3 : 나도 완료했지!\n3 : 나도 완료했지!\n3 : 살려구 하는듯...ㅎ\n3 : 살려구 하는듯...ㅎ\n1 : 키키 근데 또 부스터샷 어쩌구... 그건 맞기 싫은디\n1 : 키키 근데 또 부스터샷 어쩌구... 그건 맞기 싫은디\n2 : 키키 ㅇㅈ 부작용 너무 힘들어잉\n2 : 키키 ㅇㅈ 부작용 너무 힘들어잉\n3 : 이러다 내가 살아있는 백신이 되겠어...\n3 : 이러다 내가 살아있는 백신이 되겠어...\n1 : 그니깐 키키 주사 그만 맞고 싶어!\n1 : 그니깐 키키 주사 그만 맞고 싶어!\n2 : 주사 멈춰~!\n2 : 주사 멈춰~!\n2 : 일본에서 화이자 맞고 탈모 온 사람 있지 않았나 키키\n2 : 일본에서 화이자 맞고 탈모 온 사람 있지 않았나 키키\n3 : 탈모는... 마음 아프네  키키 살려줘\n3 : 탈모는... 마음 아프네  키키 살려줘",
        "lines": [
          {
            "id": 1,
            "text": "1 : 일본도 위드 코로나 선언했네",
            "norm_text": "일본도 위드 코로나 선언했네",
            "speaker": {
              "id": "1번",
              "sex": "여성",
              "age": "20대"
            },
            "speechAct": "(단언) 진술하기",
            "morpheme": "일본/NNP+도/JX+위드/NNP+코로나/NNP+선언/NNG+했/XSV+EP+네/EF"
          },
          {
            "id": 1,
            "text": "1 : 일본도 위드 코로나 선언했네",
            "norm_text": "일본도 위드 코로나 선언했네",
            "speaker": {
              "id": "1번",
              "sex": "여성",
              "age": "20대"
            },
            "speechAct": "(단언) 진술하기",
            "morpheme": "일본/NNP+도/JX+위드/NNP+코로나/NNP+선언/NNG+했/XSV+EP+네/EF"
          },
          {
            "id": 2,
            "text": "2 : 뭐어...?",
            "norm_text": "뭐어...?",
            "speaker": {
              "id": "2번",
              "sex": "여성",
              "age": "20대"
            },
            "speechAct": "(지시) 질문하기",
            "morpheme": "뭐/IC+어/IC+./SY+./SY"
          },
          {
            "id": 2,
            "text": "2 : 뭐어...?",
            "norm_text": "뭐어...?",
            "speaker": {
              "id": "2번",
              "sex": "여성",
              "age": "20대"
            },
            "speechAct": "(지시) 질문하기",
            "morpheme": "뭐/IC+어/IC+./SY+./SY"
          },
          {
            "id": 3,
            "text": "2 : 믿을 수 없다 ㅡㅡ",
            "norm_text": "믿을 수 없다 ㅡㅡ",
            "speaker": {
              "id": "2번",
              "sex": "여성",
              "age": "20대"
            },
            "speechAct": "(단언) 주장하기",
            "morpheme": "믿을수없다ㅡㅡ/UNKNOWN"
          },
          {
            "id": 3,
            "text": "2 : 믿을 수 없다 ㅡㅡ",
            "norm_text": "믿을 수 없다 ㅡㅡ",
            "speaker": {
              "id": "2번",
              "sex": "여성",
              "age": "20대"
            },
            "speechAct": "(단언) 주장하기",
            "morpheme": "믿을수없다ㅡㅡ/UNKNOWN"
          },
          {
            "id": 4,
            "text": "2 : 좋겠네;",
            "norm_text": "좋겠네;",
            "speaker": {
              "id": "2번",
              "sex": "여성",
              "age": "20대"
            },
            "speechAct": "(단언) 주장하기",
            "morpheme": "좋/VA+겠/EP+네/EF+;/SY"
          },
          {
            "id": 4,
            "text": "2 : 좋겠네;",
            "norm_text": "좋겠네;",
            "speaker": {
              "id": "2번",
              "sex": "여성",
              "age": "20대"
            },
            "speechAct": "(단언) 주장하기",
            "morpheme": "좋/VA+겠/EP+네/EF+;/SY"
          },
          {
            "id": 5,
            "text": "3 : 키키 쉽지 않네 거기도...",
            "norm_text": "키키 쉽지 않네 거기도...",
            "speaker": {
              "id": "3번",
              "sex": "남성",
              "age": "20대"
            },
            "speechAct": "(단언) 주장하기",
            "morpheme": "키/NNG+키/XSV+ETN+쉽/VA+지/EC+않/VX+네/EF+거기/NP+도/JX+./SY+./SY"
          },
          {
            "id": 5,
            "text": "3 : 키키 쉽지 않네 거기도...",
            "norm_text": "키키 쉽지 않네 거기도...",
            "speaker": {
              "id": "3번",
              "sex": "남성",
              "age": "20대"
            },
            "speechAct": "(단언) 주장하기",
            "morpheme": "키/NNG+키/XSV+ETN+쉽/VA+지/EC+않/VX+네/EF+거기/NP+도/JX+./SY+./SY"
          },
          {
            "id": 6,
            "text": "3 : 역시 그...나라...;",
            "norm_text": "역시 그...나라...;",
            "speaker": {
              "id": "3번",
              "sex": "남성",
              "age": "20대"
            },
            "speechAct": "(단언) 주장하기",
            "morpheme": "역시/MAJ+그/IC+./SY+나라/NNG+./SY+./SY+;/SY"
          },
          {
            "id": 6,
            "text": "3 : 역시 그...나라...;",
            "norm_text": "역시 그...나라...;",
            "speaker": {
              "id": "3번",
              "sex": "남성",
              "age": "20대"
            },
            "speechAct": "(단언) 주장하기",
            "morpheme": "역시/MAJ+그/IC+./SY+나라/NNG+./SY+./SY+;/SY"
          },
          {
            "id": 7,
            "text": "1 : 영업제한 풀리고 점점 일상화 되가는중",
            "norm_text": "영업제한 풀리고 점점 일상화 되가는중",
            "speaker": {
              "id": "1번",
              "sex": "여성",
              "age": "20대"
            },
            "speechAct": "(단언) 주장하기",
            "morpheme": "영업/NNG+제한/NNG+풀리/VV+고/EC+점점/MAG+일상/NNG+화/XSN+되/XSV+EC+가/VX+는/ETM+중/NNB"
          },
          {
            "id": 7,
            "text": "1 : 영업제한 풀리고 점점 일상화 되가는중",
            "norm_text": "영업제한 풀리고 점점 일상화 되가는중",
            "speaker": {
              "id": "1번",
              "sex": "여성",
              "age": "20대"
            },
            "speechAct": "(단언) 주장하기",
            "morpheme": "영업/NNG+제한/NNG+풀리/VV+고/EC+점점/MAG+일상/NNG+화/XSN+되/XSV+EC+가/VX+는/ETM+중/NNB"
          },
          {
            "id": 8,
            "text": "2 : ㅜㅜ 흑 좋겠다",
            "norm_text": "ㅜㅜ 흑 좋겠다",
            "speaker": {
              "id": "2번",
              "sex": "여성",
              "age": "20대"
            },
            "speechAct": "(단언) 주장하기",
            "morpheme": "ㅜㅜ흑좋겠다/UNKNOWN"
          },
          {
            "id": 8,
            "text": "2 : ㅜㅜ 흑 좋겠다",
            "norm_text": "ㅜㅜ 흑 좋겠다",
            "speaker": {
              "id": "2번",
              "sex": "여성",
              "age": "20대"
            },
            "speechAct": "(단언) 주장하기",
            "morpheme": "ㅜㅜ흑좋겠다/UNKNOWN"
          },
          {
            "id": 9,
            "text": "2 : 접종률이 글케 높다냐",
            "norm_text": "접종률이 글케 높다냐",
            "speaker": {
              "id": "2번",
              "sex": "여성",
              "age": "20대"
            },
            "speechAct": "(단언) 주장하기",
            "morpheme": "접종/NNG+률/XSN+이/JKS+글케/MAG+높/VA+다냐/EC"
          },
          {
            "id": 9,
            "text": "2 : 접종률이 글케 높다냐",
            "norm_text": "접종률이 글케 높다냐",
            "speaker": {
              "id": "2번",
              "sex": "여성",
              "age": "20대"
            },
            "speechAct": "(단언) 주장하기",
            "morpheme": "접종/NNG+률/XSN+이/JKS+글케/MAG+높/VA+다냐/EC"
          },
          {
            "id": 10,
            "text": "3 : 우리만 힘든 거 같기도 하고...ㅠㅠ",
            "norm_text": "우리만 힘든 거 같기도 하고...ㅠㅠ",
            "speaker": {
              "id": "3번",
              "sex": "남성",
              "age": "20대"
            },
            "speechAct": "(단언) 주장하기",
            "morpheme": "우리/NP+만/JX+힘든/VA+ETM+거/NNB+같/VA+기/ETN+도/JX+하/VV+고/EC+./SY+./SY+ㅠㅠ/UNKNOWN"
          },
          {
            "id": 10,
            "text": "3 : 우리만 힘든 거 같기도 하고...ㅠㅠ",
            "norm_text": "우리만 힘든 거 같기도 하고...ㅠㅠ",
            "speaker": {
              "id": "3번",
              "sex": "남성",
              "age": "20대"
            },
            "speechAct": "(단언) 주장하기",
            "morpheme": "우리/NP+만/JX+힘든/VA+ETM+거/NNB+같/VA+기/ETN+도/JX+하/VV+고/EC+./SY+./SY+ㅠㅠ/UNKNOWN"
          },
          {
            "id": 11,
            "text": "1 : 우리도 슬슬 영업제한 푼다던데",
            "norm_text": "우리도 슬슬 영업제한 푼다던데",
            "speaker": {
              "id": "1번",
              "sex": "여성",
              "age": "20대"
            },
            "speechAct": "(단언) 주장하기",
            "morpheme": "우리/NP+도/JX+슬슬/MAG+영업/NNG+제한/NNG+푼다/VV+EC+던데/VV+EC"
          },
          {
            "id": 11,
            "text": "1 : 우리도 슬슬 영업제한 푼다던데",
            "norm_text": "우리도 슬슬 영업제한 푼다던데",
            "speaker": {
              "id": "1번",
              "sex": "여성",
              "age": "20대"
            },
            "speechAct": "(단언) 주장하기",
            "morpheme": "우리/NP+도/JX+슬슬/MAG+영업/NNG+제한/NNG+푼다/VV+EC+던데/VV+EC"
          },
          {
            "id": 12,
            "text": "2 : 달리자 접종 마구 달려",
            "norm_text": "달리자 접종 마구 달려",
            "speaker": {
              "id": "2번",
              "sex": "여성",
              "age": "20대"
            },
            "speechAct": "(단언) 주장하기",
            "morpheme": "달리/MAG+자/IC+접종/NNG+마구/MAG+달려/VV+EC"
          },
          {
            "id": 12,
            "text": "2 : 달리자 접종 마구 달려",
            "norm_text": "달리자 접종 마구 달려",
            "speaker": {
              "id": "2번",
              "sex": "여성",
              "age": "20대"
            },
            "speechAct": "(단언) 주장하기",
            "morpheme": "달리/MAG+자/IC+접종/NNG+마구/MAG+달려/VV+EC"
          },
          {
            "id": 13,
            "text": "3 : 그냥 처음부터 없었다면! 안 맞는건데 ㅠㅠ",
            "norm_text": "그냥 처음부터 없었다면! 안 맞는건데 ㅠㅠ",
            "speaker": {
              "id": "3번",
              "sex": "남성",
              "age": "20대"
            },
            "speechAct": "(단언) 주장하기",
            "morpheme": "그냥/MAG+처음/NNG+부터/JX+없/VA+었/EP+다면/EF+안/MAG+맞/VV+는/ETM+건데/NNB+VCP+EC+ㅠㅠ/UNKNOWN"
          },
          {
            "id": 13,
            "text": "3 : 그냥 처음부터 없었다면! 안 맞는건데 ㅠㅠ",
            "norm_text": "그냥 처음부터 없었다면! 안 맞는건데 ㅠㅠ",
            "speaker": {
              "id": "3번",
              "sex": "남성",
              "age": "20대"
            },
            "speechAct": "(단언) 주장하기",
            "morpheme": "그냥/MAG+처음/NNG+부터/JX+없/VA+었/EP+다면/EF+안/MAG+맞/VV+는/ETM+건데/NNB+VCP+EC+ㅠㅠ/UNKNOWN"
          },
          {
            "id": 14,
            "text": "1 : 다들 접종 완료 했지?",
            "norm_text": "다들 접종 완료 했지?",
            "speaker": {
              "id": "1번",
              "sex": "여성",
              "age": "20대"
            },
            "speechAct": "(지시) 질문하기",
            "morpheme": "다/MAG+들/XSN+접종/NNG+완료/NNG+했/XSV+EP+지/EF"
          },
          {
            "id": 14,
            "text": "1 : 다들 접종 완료 했지?",
            "norm_text": "다들 접종 완료 했지?",
            "speaker": {
              "id": "1번",
              "sex": "여성",
              "age": "20대"
            },
            "speechAct": "(지시) 질문하기",
            "morpheme": "다/MAG+들/XSN+접종/NNG+완료/NNG+했/XSV+EP+지/EF"
          },
          {
            "id": 15,
            "text": "2 : 웅 나는 2차까지 완료~^.\u003c",
            "norm_text": "웅 나는 2차까지 완료~^.\u003c",
            "speaker": {
              "id": "2번",
              "sex": "여성",
              "age": "20대"
            },
            "speechAct": "(단언) 진술하기",
            "morpheme": "웅/IC+나/NP+는/JX+2/SN+차/NNBC+까지/JX+완료/NNG+~/SY+^/SY+\u003c/SY"
          },
          {
            "id": 15,
            "text": "2 : 웅 나는 2차까지 완료~^.\u003c",
            "norm_text": "웅 나는 2차까지 완료~^.\u003c",
            "speaker": {
              "id": "2번",
              "sex": "여성",
              "age": "20대"
            },
            "speechAct": "(단언) 진술하기",
            "morpheme": "웅/IC+나/NP+는/JX+2/SN+차/NNBC+까지/JX+완료/NNG+~/SY+^/SY+\u003c/SY"
          },
          {
            "id": 16,
            "text": "3 : 나도 완료했지!",
            "norm_text": "나도 완료했지!",
            "speaker": {
              "id": "3번",
              "sex": "남성",
              "age": "20대"
            },
            "speechAct": "(단언) 진술하기",
            "morpheme": "나/NP+도/JX+완료/NNG+했/XSV+EP+지/EF"
          },
          {
            "id": 16,
            "text": "3 : 나도 완료했지!",
            "norm_text": "나도 완료했지!",
            "speaker": {
              "id": "3번",
              "sex": "남성",
              "age": "20대"
            },
            "speechAct": "(단언) 진술하기",
            "morpheme": "나/NP+도/JX+완료/NNG+했/XSV+EP+지/EF"
          },
          {
            "id": 17,
            "text": "3 : 살려구 하는듯...ㅎ",
            "norm_text": "살려구 하는듯...ㅎ",
            "speaker": {
              "id": "3번",
              "sex": "남성",
              "age": "20대"
            },
            "speechAct": "(단언) 주장하기",
            "morpheme": "살려구/VV+EC+하/VV+는/ETM+듯/NNB+./SY+ㅎ/XSA"
          },
          {
            "id": 17,
            "text": "3 : 살려구 하는듯...ㅎ",
            "norm_text": "살려구 하는듯...ㅎ",
            "speaker": {
              "id": "3번",
              "sex": "남성",
              "age": "20대"
            },
            "speechAct": "(단언) 주장하기",
            "morpheme": "살려구/VV+EC+하/VV+는/ETM+듯/NNB+./SY+ㅎ/XSA"
          },
          {
            "id": 18,
            "text": "1 : 키키 근데 또 부스터샷 어쩌구... 그건 맞기 싫은디",
            "norm_text": "키키 근데 또 부스터샷 어쩌구... 그건 맞기 싫은디",
            "speaker": {
              "id": "1번",
              "sex": "여성",
              "age": "20대"
            },
            "speechAct": "(단언) 주장하기",
            "morpheme": "키키근데또부스터샷어쩌구/UNKNOWN+./SY+그건/NP+JX+맞/VV+기/ETN+싫/VA+은디/EC"
          },
          {
            "id": 18,
            "text": "1 : 키키 근데 또 부스터샷 어쩌구... 그건 맞기 싫은디",
            "norm_text": "키키 근데 또 부스터샷 어쩌구... 그건 맞기 싫은디",
            "speaker": {
              "id": "1번",
              "sex": "여성",
              "age": "20대"
            },
            "speechAct": "(단언) 주장하기",
            "morpheme": "키키근데또부스터샷어쩌구/UNKNOWN+./SY+그건/NP+JX+맞/VV+기/ETN+싫/VA+은디/EC"
          },
          {
            "id": 19,
            "text": "2 : 키키 ㅇㅈ 부작용 너무 힘들어잉",
            "norm_text": "키키 ㅇㅈ 부작용 너무 힘들어잉",
            "speaker": {
              "id": "2번",
              "sex": "여성",
              "age": "20대"
            },
            "speechAct": "(단언) 주장하기",
            "morpheme": "키/NNG+키/XSV+ETN+ㅇㅈ/UNKNOWN+부작용/NNG+너무/MAG+힘들/VA+어/EC+잉/NNG"
          },
          {
            "id": 19,
            "text": "2 : 키키 ㅇㅈ 부작용 너무 힘들어잉",
            "norm_text": "키키 ㅇㅈ 부작용 너무 힘들어잉",
            "speaker": {
              "id": "2번",
              "sex": "여성",
              "age": "20대"
            },
            "speechAct": "(단언) 주장하기",
            "morpheme": "키/NNG+키/XSV+ETN+ㅇㅈ/UNKNOWN+부작용/NNG+너무/MAG+힘들/VA+어/EC+잉/NNG"
          },
          {
            "id": 20,
            "text": "3 : 이러다 내가 살아있는 백신이 되겠어...",
            "norm_text": "이러다 내가 살아있는 백신이 되겠어...",
            "speaker": {
              "id": "3번",
              "sex": "남성",
              "age": "20대"
            },
            "speechAct": "(단언) 주장하기",
            "morpheme": "이러다/MAJ+내/NP+가/JKS+살/VV+아/EC+있/VX+는/ETM+백신/NNG+이/JKS+되/VV+겠/EP+어/EF+./SY"
          },
          {
            "id": 20,
            "text": "3 : 이러다 내가 살아있는 백신이 되겠어...",
            "norm_text": "이러다 내가 살아있는 백신이 되겠어...",
            "speaker": {
              "id": "3번",
              "sex": "남성",
              "age": "20대"
            },
            "speechAct": "(단언) 주장하기",
            "morpheme": "이러다/MAJ+내/NP+가/JKS+살/VV+아/EC+있/VX+는/ETM+백신/NNG+이/JKS+되/VV+겠/EP+어/EF+./SY"
          },
          {
            "id": 21,
            "text": "1 : 그니깐 키키 주사 그만 맞고 싶어!",
            "norm_text": "그니깐 키키 주사 그만 맞고 싶어!",
            "speaker": {
              "id": "1번",
              "sex": "여성",
              "age": "20대"
            },
            "speechAct": "(단언) 주장하기",
            "morpheme": "그니깐/MAJ+키/NNG+키/NNG+주사/NNG+그만/MAG+맞/VV+고/EC+싶/VX+어/EF"
          },
          {
            "id": 21,
            "text": "1 : 그니깐 키키 주사 그만 맞고 싶어!",
            "norm_text": "그니깐 키키 주사 그만 맞고 싶어!",
            "speaker": {
              "id": "1번",
              "sex": "여성",
              "age": "20대"
            },
            "speechAct": "(단언) 주장하기",
            "morpheme": "그니깐/MAJ+키/NNG+키/NNG+주사/NNG+그만/MAG+맞/VV+고/EC+싶/VX+어/EF"
          },
          {
            "id": 22,
            "text": "2 : 주사 멈춰~!",
            "norm_text": "주사 멈춰~!",
            "speaker": {
              "id": "2번",
              "sex": "여성",
              "age": "20대"
            },
            "speechAct": "(단언) 주장하기",
            "morpheme": "주사/NNG+멈춰/VV+EP+~/SY"
          },
          {
            "id": 22,
            "text": "2 : 주사 멈춰~!",
            "norm_text": "주사 멈춰~!",
            "speaker": {
              "id": "2번",
              "sex": "여성",
              "age": "20대"
            },
            "speechAct": "(단언) 주장하기",
            "morpheme": "주사/NNG+멈춰/VV+EP+~/SY"
          },
          {
            "id": 23,
            "text": "2 : 일본에서 화이자 맞고 탈모 온 사람 있지 않았나 키키",
            "norm_text": "일본에서 화이자 맞고 탈모 온 사람 있지 않았나 키키",
            "speaker": {
              "id": "2번",
              "sex": "여성",
              "age": "20대"
            },
            "speechAct": "(지시) 질문하기",
            "morpheme": "일본/NNP+에서/JKB+화이자/NNP+맞/VV+고/EC+탈모/NNG+온/VV+ETM+사람/NNG+있/VV+지/EC+않/VX+았/EP+나/EC+키/NNG+키/XSV+ETN"
          },
          {
            "id": 23,
            "text": "2 : 일본에서 화이자 맞고 탈모 온 사람 있지 않았나 키키",
            "norm_text": "일본에서 화이자 맞고 탈모 온 사람 있지 않았나 키키",
            "speaker": {
              "id": "2번",
              "sex": "여성",
              "age": "20대"
            },
            "speechAct": "(지시) 질문하기",
            "morpheme": "일본/NNP+에서/JKB+화이자/NNP+맞/VV+고/EC+탈모/NNG+온/VV+ETM+사람/NNG+있/VV+지/EC+않/VX+았/EP+나/EC+키/NNG+키/XSV+ETN"
          },
          {
            "id": 24,
            "text": "3 : 탈모는... 마음 아프네  키키 살려줘",
            "norm_text": "탈모는... 마음 아프네  키키 살려줘",
            "speaker": {
              "id": "3번",
              "sex": "남성",
              "age": "20대"
            },
            "speechAct": "(단언) 주장하기",
            "morpheme": "탈모/NNG+는/JX+./SY+마음아프네키키살려줘/UNKNOWN"
          },
          {
            "id": 24,
            "text": "3 : 탈모는... 마음 아프네  키키 살려줘",
            "norm_text": "탈모는... 마음 아프네  키키 살려줘",
            "speaker": {
              "id": "3번",
              "sex": "남성",
              "age": "20대"
            },
            "speechAct": "(단언) 주장하기",
            "morpheme": "탈모/NNG+는/JX+./SY+마음아프네키키살려줘/UNKNOWN"
          }
        ]
      }
    }
  ]
}