{
  "dataset": {
    "identifier": 111736,
    "name": "BAND_44_02_set",
    "src_path": "/data/file/cubeManager/PROJECT001/80/txt20211102172148012055/BAND_44_02_set/",
    "label_path": "/data/file/cubeManager/PROJECT001/80/txt20211102172148012055/BAND_44_02_set/",
    "category": 2,
    "type": 0
  },
  "licenses": {
    "name": "Apache License 1.0",
    "url": "http://www.apache.org/licenses/LICENSE-1.0"
  },
  "info": [
    {
      "id": 131614,
      "filename": "BAND_44_02.txt",
      "title": "BAND_44_02",
      "mediatype": "SNS",
      "medianame": "네이버밴드",
      "category": "일상대화",
      "date": "2021-11-02",
      "size": 530,
      "annotations": {
        "subject": "주거와 생활",
        "speaker_type": "다자간 대화",
        "size": 530,
        "word_size": 173,
        "text": "1 : 집이 아주 후끈후끈 나도 구워지는 중\n2 : 키키 ㅇㅈ~ 기모 맨투맨 입었는데 너무 더워요\n3 : 키키 우리집도 요즘 따땃해지는 중~\n3 : 겨울이 가까워지나벼!\n1 : 수면 바지 꺼냈는데 다시 집어 넣어야겠어 키키\n2 : 키키 ㅇㅈㅇㅈ 집도 같이 따뜻해서 가을 잠옷 ㄱㄴ~\n3 : 따뜻하게 입으려다 땀 폭포처럼 나옴...ㄷ\n1 : 그니깐 다시 반팔 반바지로 체인지~\n2 : 키키 마저 걍 가벼운 담요 덮어벌이기\n3 : 새벽엔 추워서 긴팔 입어야 해!\n3 : 갑자기 감기 걸림 키키\n1 : 키키 난 시원한 거 좋아해서 괜춘\n2 : 오매 오매 그러다 검기 걸려유\n2 : 긴팔 추진\n3 : 키키 시원한 거 좋아하면 긴팔... 못 입긴 해\n1 : 윗 공기는 차게 아래는 따땃하게\n2 : 마저 마저 여름에 에어컨 틀고 매트 켜는 거 마냥\n3 : 키키 잘 때 국룰이지 더워서 이불 차는 거 본능이여...\n1 : 키키 그게 행복이지 키키\n1 : 오늘도 그럴 예정\n2 : 마저 마저~\n2 : 발 이불에 넣었다 더우면 빼고 추우면 넣고 반복\n3 : 키키 가끔씩 자버려서 다시 깨면 개추움,...",
        "lines": [
          {
            "id": 1,
            "text": "1 : 집이 아주 후끈후끈 나도 구워지는 중",
            "norm_text": "집이 아주 후끈후끈 나도 구워지는 중",
            "speaker": {
              "id": "1번",
              "sex": "여성",
              "age": "20대"
            },
            "speechAct": "(단언) 진술하기",
            "morpheme": "집/NNG+이/JKS+아주/MAG+후끈후끈/MAG+나/NP+도/JX+구워/VV+EC+지/VX+는/ETM+중/NNB"
          },
          {
            "id": 2,
            "text": "2 : 키키 ㅇㅈ~ 기모 맨투맨 입었는데 너무 더워요",
            "norm_text": "키키 ㅇㅈ~ 기모 맨투맨 입었는데 너무 더워요",
            "speaker": {
              "id": "2번",
              "sex": "여성",
              "age": "20대"
            },
            "speechAct": "(단언) 진술하기",
            "morpheme": "키키ㅇㅈ/UNKNOWN+~/SY+기모맨투맨입었는데너무더워요/UNKNOWN"
          },
          {
            "id": 3,
            "text": "3 : 키키 우리집도 요즘 따땃해지는 중~",
            "norm_text": "키키 우리집도 요즘 따땃해지는 중~",
            "speaker": {
              "id": "3번",
              "sex": "남성",
              "age": "20대"
            },
            "speechAct": "(단언) 주장하기",
            "morpheme": "키키우리집도요즘따땃해지는중/UNKNOWN+~/SY"
          },
          {
            "id": 4,
            "text": "3 : 겨울이 가까워지나벼!",
            "norm_text": "겨울이 가까워지나벼!",
            "speaker": {
              "id": "3번",
              "sex": "남성",
              "age": "20대"
            },
            "speechAct": "(단언) 진술하기",
            "morpheme": "겨울/NNG+이/JKS+가까워/VV+지나/EC+벼/VX+EF"
          },
          {
            "id": 5,
            "text": "1 : 수면 바지 꺼냈는데 다시 집어 넣어야겠어 키키",
            "norm_text": "수면 바지 꺼냈는데 다시 집어 넣어야겠어 키키",
            "speaker": {
              "id": "1번",
              "sex": "여성",
              "age": "20대"
            },
            "speechAct": "(단언) 진술하기",
            "morpheme": "수면/NNG+바지/NNG+꺼냈/VV+EP+는데/EC+다시/MAG+집어넣/VV+어야/EC+겠어/VX+EP+EC+키/NNG+키/XSV+ETN"
          },
          {
            "id": 6,
            "text": "2 : 키키 ㅇㅈㅇㅈ 집도 같이 따뜻해서 가을 잠옷 ㄱㄴ~",
            "norm_text": "키키 ㅇㅈㅇㅈ 집도 같이 따뜻해서 가을 잠옷 ㄱㄴ~",
            "speaker": {
              "id": "2번",
              "sex": "여성",
              "age": "20대"
            },
            "speechAct": "(단언) 진술하기",
            "morpheme": "키키ㅇㅈㅇㅈ집도같이따뜻해서가을잠옷ㄱㄴ/UNKNOWN+~/SY"
          },
          {
            "id": 7,
            "text": "3 : 따뜻하게 입으려다 땀 폭포처럼 나옴...ㄷ",
            "norm_text": "따뜻하게 입으려다 땀 폭포처럼 나옴...ㄷ",
            "speaker": {
              "id": "3번",
              "sex": "남성",
              "age": "20대"
            },
            "speechAct": "(단언) 진술하기",
            "morpheme": "따뜻/XR+하/XSA+게/EC+입/VV+으려다/EC+땀/NNG+폭포/NNG+처럼/JKB+나옴/VV+EC+./SY+./SY+ㄷ/NNG"
          },
          {
            "id": 8,
            "text": "1 : 그니깐 다시 반팔 반바지로 체인지~",
            "norm_text": "그니깐 다시 반팔 반바지로 체인지~",
            "speaker": {
              "id": "1번",
              "sex": "여성",
              "age": "20대"
            },
            "speechAct": "(단언) 진술하기",
            "morpheme": "그니깐/MAJ+다시/MAG+반팔/NNG+반바지/NNG+로/JKB+체인지/NNG+~/SY"
          },
          {
            "id": 9,
            "text": "2 : 키키 마저 걍 가벼운 담요 덮어벌이기",
            "norm_text": "키키 마저 걍 가벼운 담요 덮어벌이기",
            "speaker": {
              "id": "2번",
              "sex": "여성",
              "age": "20대"
            },
            "speechAct": "(단언) 진술하기",
            "morpheme": "키/NNG+키/XSV+ETN+마저/JX+걍/UNKNOWN+가벼운/VA+ETM+담요/NNG+덮/VV+어/EC+벌이/VV+기/ETN"
          },
          {
            "id": 10,
            "text": "3 : 새벽엔 추워서 긴팔 입어야 해!",
            "norm_text": "새벽엔 추워서 긴팔 입어야 해!",
            "speaker": {
              "id": "3번",
              "sex": "남성",
              "age": "20대"
            },
            "speechAct": "(단언) 진술하기",
            "morpheme": "새벽/NNG+엔/JKB+JX+추워서/VA+EC+긴팔/NNG+입/VV+어야/EC+해/VX+EF"
          },
          {
            "id": 11,
            "text": "3 : 갑자기 감기 걸림 키키",
            "norm_text": "갑자기 감기 걸림 키키",
            "speaker": {
              "id": "3번",
              "sex": "남성",
              "age": "20대"
            },
            "speechAct": "(단언) 주장하기",
            "morpheme": "갑자기/MAG+감기/NNG+걸림/VV+ETN+키/NNG+키/XSV+ETN"
          },
          {
            "id": 12,
            "text": "1 : 키키 난 시원한 거 좋아해서 괜춘",
            "norm_text": "키키 난 시원한 거 좋아해서 괜춘",
            "speaker": {
              "id": "1번",
              "sex": "여성",
              "age": "20대"
            },
            "speechAct": "(단언) 주장하기",
            "morpheme": "키/NNG+키/XSV+ETN+난/NP+JX+시원/XR+한/XSA+ETM+거/NNB+좋/VA+아/EC+해서/VV+EC+괜춘/UNKNOWN"
          },
          {
            "id": 13,
            "text": "2 : 오매 오매 그러다 검기 걸려유",
            "norm_text": "오매 오매 그러다 검기 걸려유",
            "speaker": {
              "id": "2번",
              "sex": "여성",
              "age": "20대"
            },
            "speechAct": "(단언) 주장하기",
            "morpheme": "오매오매/IC+그러/VV+다/EC+검/VA+기/ETN+걸려/VV+EC+유/NNG"
          },
          {
            "id": 14,
            "text": "2 : 긴팔 추진",
            "norm_text": "긴팔 추진",
            "speaker": {
              "id": "2번",
              "sex": "여성",
              "age": "20대"
            },
            "speechAct": "(단언) 주장하기",
            "morpheme": "긴팔/NNG+추진/NNG"
          },
          {
            "id": 15,
            "text": "3 : 키키 시원한 거 좋아하면 긴팔... 못 입긴 해",
            "norm_text": "키키 시원한 거 좋아하면 긴팔... 못 입긴 해",
            "speaker": {
              "id": "3번",
              "sex": "남성",
              "age": "20대"
            },
            "speechAct": "(단언) 진술하기",
            "morpheme": "키/NNG+키/XSV+ETN+시원/XR+한/XSA+ETM+거/NNB+좋/VA+아/EC+하/VV+면/EC+긴팔/NNG+./SY+./SY+못/MAG+입/VV+긴/ETN+JX+해/VX+EC"
          },
          {
            "id": 16,
            "text": "1 : 윗 공기는 차게 아래는 따땃하게",
            "norm_text": "윗 공기는 차게 아래는 따땃하게",
            "speaker": {
              "id": "1번",
              "sex": "여성",
              "age": "20대"
            },
            "speechAct": "(단언) 주장하기",
            "morpheme": "윗/MM+공기/NNG+는/JX+차/VV+게/EC+아래/NNG+는/JX+따땃/XR+하/XSA+게/EC"
          },
          {
            "id": 17,
            "text": "2 : 마저 마저 여름에 에어컨 틀고 매트 켜는 거 마냥",
            "norm_text": "마저 마저 여름에 에어컨 틀고 매트 켜는 거 마냥",
            "speaker": {
              "id": "2번",
              "sex": "여성",
              "age": "20대"
            },
            "speechAct": "(단언) 진술하기",
            "morpheme": "마저/MAG+마저/MAG+여름/NNG+에/JKB+에어컨/NNG+틀/VV+고/EC+매트/NNG+켜/VV+는/ETM+거/NNB+마냥/JKB"
          },
          {
            "id": 18,
            "text": "3 : 키키 잘 때 국룰이지 더워서 이불 차는 거 본능이여...",
            "norm_text": "키키 잘 때 국룰이지 더워서 이불 차는 거 본능이여...",
            "speaker": {
              "id": "3번",
              "sex": "남성",
              "age": "20대"
            },
            "speechAct": "(단언) 진술하기",
            "morpheme": "키키잘때국룰이지더워서이불차는거본능이여/UNKNOWN+./SY"
          },
          {
            "id": 19,
            "text": "1 : 키키 그게 행복이지 키키",
            "norm_text": "키키 그게 행복이지 키키",
            "speaker": {
              "id": "1번",
              "sex": "여성",
              "age": "20대"
            },
            "speechAct": "(단언) 주장하기",
            "morpheme": "키/NNG+키/XSV+ETN+그게/NP+JKS+행복/NNG+이/VCP+지/EC+키/NNG+키/XSV+ETN"
          },
          {
            "id": 20,
            "text": "1 : 오늘도 그럴 예정",
            "norm_text": "오늘도 그럴 예정",
            "speaker": {
              "id": "1번",
              "sex": "여성",
              "age": "20대"
            },
            "speechAct": "(단언) 주장하기",
            "morpheme": "오늘/NNG+도/JX+그럴/VA+ETM+예정/NNG"
          },
          {
            "id": 21,
            "text": "2 : 마저 마저~",
            "norm_text": "마저 마저~",
            "speaker": {
              "id": "2번",
              "sex": "여성",
              "age": "20대"
            },
            "speechAct": "턴토크 사인(관습적 반응)",
            "morpheme": "마저/MAG+마저/JX+~/SY"
          },
          {
            "id": 22,
            "text": "2 : 발 이불에 넣었다 더우면 빼고 추우면 넣고 반복",
            "norm_text": "발 이불에 넣었다 더우면 빼고 추우면 넣고 반복",
            "speaker": {
              "id": "2번",
              "sex": "여성",
              "age": "20대"
            },
            "speechAct": "(단언) 진술하기",
            "morpheme": "발/NNG+이불/NNG+에/JKB+넣/VV+었/EP+다/EF+더우/VA+면/EC+빼/VV+고/EC+추우/VV+면/EC+넣/VV+고/EC+반복/NNG"
          },
          {
            "id": 23,
            "text": "3 : 키키 가끔씩 자버려서 다시 깨면 개추움,...",
            "norm_text": "키키 가끔씩 자버려서 다시 깨면 개추움,...",
            "speaker": {
              "id": "3번",
              "sex": "남성",
              "age": "20대"
            },
            "speechAct": "(단언) 주장하기",
            "morpheme": "키키가끔씩자버려서다시깨면개추움/UNKNOWN+,/SC+./SY+./SY"
          }
        ]
      }
    }
  ]
}