{
  "dataset": {
    "identifier": 99367,
    "name": "BAND_37_06_set",
    "src_path": "/data/file/cubeManager/PROJECT001/77/txt20211027150101056482/BAND_37_06_set/",
    "label_path": "/data/file/cubeManager/PROJECT001/77/txt20211027150101056482/BAND_37_06_set/",
    "category": 2,
    "type": 0
  },
  "licenses": {
    "name": "Apache License 1.0",
    "url": "http://www.apache.org/licenses/LICENSE-1.0"
  },
  "info": [
    {
      "id": 96646,
      "filename": "BAND_37_06.txt",
      "title": "BAND_37_06",
      "mediatype": "SNS",
      "medianame": "네이버밴드",
      "category": "일상대화",
      "date": "2021-10-27",
      "size": 488,
      "annotations": {
        "subject": "교육",
        "speaker_type": "다자간 대화",
        "size": 488,
        "word_size": 160,
        "text": "1 : 학교 다닐 때 전공이 뭐였어?\n2 : 나는 고등학교 때 정보처리학과였지 컴퓨터 뚜닥뚜닥\n3 : 나는 조리과 칼질 했었어\n1 : 키키 다양하다 키키\n1 : 난 병원행정인데 키키\n2 : 와 조리과면 요리 잘하겠다\n2 : 요섹남이 인기도 많다잖아 키키\n3 : 그거 다 거짓말이야 요리 잘하는데 인기는 없숴\n1 : 키키 젤 자신 있는 요리가 뭐야?\n2 : 아 ㅠㅠ 그래도 요리 잘하는 게 어디야 나는 라면 하나 정도… ㅠㅠ\n3 : 나는 파스타 잘해! 생면 뽑아서\n1 : 대박 키키 면까지 뽑아?\n1 : 파스타 좋아하는데 키키\n2 : 와 파스타 엄청 맛있겠다 생각만해도 군침도네 키키\n3 : 다들 언제 한번 먹여줘야겠네\n1 : 키키 난 로제 파스타로 부탁해\n2 : 나는 크림파스타!\n2 : 자극적인 게 짱이지 키키\n3 : 다들 이만원씩 들고오세요 공짜는 없따\n1 : 키키 대신 디저트는 내가 살게~\n2 : 한 명은 요리사 한 명은 바리스타 짱이네 키키\n2 : 나는 돈만 들고갈게 키키\n3 : 그건 괜찮네 다들 모여",
        "lines": [
          {
            "id": 1,
            "text": "1 : 학교 다닐 때 전공이 뭐였어?",
            "norm_text": "학교 다닐 때 전공이 뭐였어?",
            "speaker": {
              "id": "1번",
              "sex": "여성",
              "age": "20대"
            },
            "speechAct": "(지시) 질문하기",
            "morpheme": "학교/NNG+다닐/VV+ETM+때/NNG+전공/NNG+이/JKS+뭐/NP+였/VCP+EP+어/EF"
          },
          {
            "id": 2,
            "text": "2 : 나는 고등학교 때 정보처리학과였지 컴퓨터 뚜닥뚜닥",
            "norm_text": "나는 고등학교 때 정보처리학과였지 컴퓨터 뚜닥뚜닥",
            "speaker": {
              "id": "2번",
              "sex": "남성",
              "age": "20대"
            },
            "speechAct": "(단언) 진술하기",
            "morpheme": "나/NP+는/JX+고등/NNG+학교/NNG+때/NNG+정보/NNG+처리/NNG+학과/NNG+였/VCP+EP+지/EC+컴퓨터/NNG+뚜닥뚜닥/MAG"
          },
          {
            "id": 3,
            "text": "3 : 나는 조리과 칼질 했었어",
            "norm_text": "나는 조리과 칼질 했었어",
            "speaker": {
              "id": "3번",
              "sex": "남성",
              "age": "20대"
            },
            "speechAct": "(단언) 진술하기",
            "morpheme": "나/NP+는/JX+조리/NNG+과/JC+칼질/NNG+했었/XSV+EP+어/EC"
          },
          {
            "id": 4,
            "text": "1 : 키키 다양하다 키키",
            "norm_text": "키키 다양하다 키키",
            "speaker": {
              "id": "1번",
              "sex": "여성",
              "age": "20대"
            },
            "speechAct": "(단언) 주장하기",
            "morpheme": "키/NNG+키/NNG+다양/NNG+하/XSV+다키키/NNP"
          },
          {
            "id": 5,
            "text": "1 : 난 병원행정인데 키키",
            "norm_text": "난 병원행정인데 키키",
            "speaker": {
              "id": "1번",
              "sex": "여성",
              "age": "20대"
            },
            "speechAct": "(단언) 진술하기",
            "morpheme": "난/NP+JX+병원/NNG+행정/NNG+인데/VCP+EC+키/NNG+키/XSV+ETN"
          },
          {
            "id": 6,
            "text": "2 : 와 조리과면 요리 잘하겠다",
            "norm_text": "와 조리과면 요리 잘하겠다",
            "speaker": {
              "id": "2번",
              "sex": "남성",
              "age": "20대"
            },
            "speechAct": "(단언) 주장하기",
            "morpheme": "와/IC+조리/NNG+과면/NNG+요리/NNG+잘/MAG+하/VV+겠/EP+다/EC"
          },
          {
            "id": 7,
            "text": "2 : 요섹남이 인기도 많다잖아 키키",
            "norm_text": "요섹남이 인기도 많다잖아 키키",
            "speaker": {
              "id": "2번",
              "sex": "남성",
              "age": "20대"
            },
            "speechAct": "(단언) 주장하기",
            "morpheme": "요/MM+섹/NNG+남/NNG+이/JKS+인기/NNG+도/JX+많/VA+다잖아/EC+VX+EF+키/NNG+키/XSV+ETN"
          },
          {
            "id": 8,
            "text": "3 : 그거 다 거짓말이야 요리 잘하는데 인기는 없숴",
            "norm_text": "그거 다 거짓말이야 요리 잘하는데 인기는 없숴",
            "speaker": {
              "id": "3번",
              "sex": "남성",
              "age": "20대"
            },
            "speechAct": "(단언) 주장하기",
            "morpheme": "그거/NP+다/JX+거짓말/NNG+이/VCP+야/EC+요리/NNG+잘/MAG+하/VV+는데/EC+인기/NNG+는/JX+없/VA+숴/MAG"
          },
          {
            "id": 9,
            "text": "1 : 키키 젤 자신 있는 요리가 뭐야?",
            "norm_text": "키키 젤 자신 있는 요리가 뭐야?",
            "speaker": {
              "id": "1번",
              "sex": "여성",
              "age": "20대"
            },
            "speechAct": "(지시) 질문하기",
            "morpheme": "키/NNG+키/XSV+ETN+젤/MAG+자신/NNG+있/VA+는/ETM+요리/NNG+가/JKS+뭐/NP+야/VCP+EF"
          },
          {
            "id": 10,
            "text": "2 : 아 ㅠㅠ 그래도 요리 잘하는 게 어디야 나는 라면 하나 정도… ㅠㅠ",
            "norm_text": "아 ㅠㅠ 그래도 요리 잘하는 게 어디야 나는 라면 하나 정도… ㅠㅠ",
            "speaker": {
              "id": "2번",
              "sex": "남성",
              "age": "20대"
            },
            "speechAct": "(단언) 주장하기",
            "morpheme": "아ㅠㅠ그래도요리잘하는게어디야나는라면하나정도/UNKNOWN+…/SE+ㅠㅠ/UNKNOWN"
          },
          {
            "id": 11,
            "text": "3 : 나는 파스타 잘해! 생면 뽑아서",
            "norm_text": "나는 파스타 잘해! 생면 뽑아서",
            "speaker": {
              "id": "3번",
              "sex": "남성",
              "age": "20대"
            },
            "speechAct": "(단언) 주장하기",
            "morpheme": "나/NP+는/JX+파스타/NNG+잘/MAG+해/VV+EF+생면/NNG+뽑/VV+아서/EC"
          },
          {
            "id": 12,
            "text": "1 : 대박 키키 면까지 뽑아?",
            "norm_text": "대박 키키 면까지 뽑아?",
            "speaker": {
              "id": "1번",
              "sex": "여성",
              "age": "20대"
            },
            "speechAct": "(지시) 질문하기",
            "morpheme": "대박/NNG+키/XSV+ETN+키/VV+면/EC+까지/JX+뽑/VV+아/EF"
          },
          {
            "id": 13,
            "text": "1 : 파스타 좋아하는데 키키",
            "norm_text": "파스타 좋아하는데 키키",
            "speaker": {
              "id": "1번",
              "sex": "여성",
              "age": "20대"
            },
            "speechAct": "(단언) 주장하기",
            "morpheme": "파스타/NNG+좋/VA+아/EC+하/VV+는데/EC+키/NNG+키/XSV+ETN"
          },
          {
            "id": 14,
            "text": "2 : 와 파스타 엄청 맛있겠다 생각만해도 군침도네 키키",
            "norm_text": "와 파스타 엄청 맛있겠다 생각만해도 군침도네 키키",
            "speaker": {
              "id": "2번",
              "sex": "남성",
              "age": "20대"
            },
            "speechAct": "(단언) 주장하기",
            "morpheme": "와/IC+파스타/NNG+엄청/MAG+맛있/VA+겠/EP+다/EC+생각/NNG+만/JX+해도/VV+EC+군침/NNG+도/JX+네/MM+키/NNG+키/XSV+ETN"
          },
          {
            "id": 15,
            "text": "3 : 다들 언제 한번 먹여줘야겠네",
            "norm_text": "다들 언제 한번 먹여줘야겠네",
            "speaker": {
              "id": "3번",
              "sex": "남성",
              "age": "20대"
            },
            "speechAct": "(단언) 주장하기",
            "morpheme": "다/MAG+들/XSN+언제/MAG+한/MM+번/NNBC+먹여/VV+EC+줘야/VX+EC+VX+겠/EP+네/EF"
          },
          {
            "id": 16,
            "text": "1 : 키키 난 로제 파스타로 부탁해",
            "norm_text": "키키 난 로제 파스타로 부탁해",
            "speaker": {
              "id": "1번",
              "sex": "여성",
              "age": "20대"
            },
            "speechAct": "(지시) 부탁하기",
            "morpheme": "키/NNG+키/NNG+난로/NNG+제/XSN+파스타/NNG+로/JKB+부탁/NNG+해/XSV+EC"
          },
          {
            "id": 17,
            "text": "2 : 나는 크림파스타!",
            "norm_text": "나는 크림파스타!",
            "speaker": {
              "id": "2번",
              "sex": "남성",
              "age": "20대"
            },
            "speechAct": "(단언) 주장하기",
            "morpheme": "나/NP+는/JX+크림/NNG+파스타/NNG"
          },
          {
            "id": 18,
            "text": "2 : 자극적인 게 짱이지 키키",
            "norm_text": "자극적인 게 짱이지 키키",
            "speaker": {
              "id": "2번",
              "sex": "남성",
              "age": "20대"
            },
            "speechAct": "(단언) 주장하기",
            "morpheme": "자극/NNG+적/XSN+인/VCP+ETM+게/NNB+JKS+짱/NNG+이/VCP+지/EC+키/NNG+키/XSV+ETN"
          },
          {
            "id": 19,
            "text": "3 : 다들 이만원씩 들고오세요 공짜는 없따",
            "norm_text": "다들 이만원씩 들고오세요 공짜는 없따",
            "speaker": {
              "id": "3번",
              "sex": "남성",
              "age": "20대"
            },
            "speechAct": "(단언) 주장하기",
            "morpheme": "다/MAG+들/XSN+이/JKS+만/NR+원/NNBC+씩/XSN+들/VV+고/EC+오/VX+세요/EP+EF+공짜/NNG+는/JX+없/VA+따/EF"
          },
          {
            "id": 20,
            "text": "1 : 키키 대신 디저트는 내가 살게~",
            "norm_text": "키키 대신 디저트는 내가 살게~",
            "speaker": {
              "id": "1번",
              "sex": "여성",
              "age": "20대"
            },
            "speechAct": "(단언) 주장하기",
            "morpheme": "키/NNG+키/NNG+대신/NNG+디저트/NNG+는/JX+내/NP+가/JKS+살/VV+게/EC+~/SY"
          },
          {
            "id": 21,
            "text": "2 : 한 명은 요리사 한 명은 바리스타 짱이네 키키",
            "norm_text": "한 명은 요리사 한 명은 바리스타 짱이네 키키",
            "speaker": {
              "id": "2번",
              "sex": "남성",
              "age": "20대"
            },
            "speechAct": "(단언) 주장하기",
            "morpheme": "한/MM+명/NNBC+은/JX+요리사/NNG+한/MM+명/NNBC+은/JX+바리스타/NNP+짱/NNG+이/JKS+네/MM+키/NNG+키/XSV+ETN"
          },
          {
            "id": 22,
            "text": "2 : 나는 돈만 들고갈게 키키",
            "norm_text": "나는 돈만 들고갈게 키키",
            "speaker": {
              "id": "2번",
              "sex": "남성",
              "age": "20대"
            },
            "speechAct": "(단언) 주장하기",
            "morpheme": "나/NP+는/JX+돈/NNG+만들/VV+고/EC+갈/VX+ETM+게/NNB+JKS+키/NNG+키/XSV+ETN"
          },
          {
            "id": 23,
            "text": "3 : 그건 괜찮네 다들 모여",
            "norm_text": "그건 괜찮네 다들 모여",
            "speaker": {
              "id": "3번",
              "sex": "남성",
              "age": "20대"
            },
            "speechAct": "(단언) 주장하기",
            "morpheme": "그건/NP+JX+괜찮/VA+네/EF+다/MAG+들/XSN+모여/VV+EC"
          }
        ]
      }
    }
  ]
}