{
  "dataset": {
    "identifier": 102656,
    "name": "BAND_40_04_set",
    "src_path": "/data/file/cubeManager/PROJECT001/77/txt20211029151156002878/BAND_40_04_set/",
    "label_path": "/data/file/cubeManager/PROJECT001/77/txt20211029151156002878/BAND_40_04_set/",
    "category": 2,
    "type": 0
  },
  "licenses": {
    "name": "Apache License 1.0",
    "url": "http://www.apache.org/licenses/LICENSE-1.0"
  },
  "info": [
    {
      "id": 109686,
      "filename": "BAND_40_04.txt",
      "title": "BAND_40_04",
      "mediatype": "SNS",
      "medianame": "네이버밴드",
      "category": "일상대화",
      "date": "2021-10-29",
      "size": 575,
      "annotations": {
        "subject": "회사/아르바이트",
        "speaker_type": "다자간 대화",
        "size": 575,
        "word_size": 175,
        "text": "1 : 다들 기억에 남는 알바나 회사 썰 있어?\n2 : 나는 스무살에 피시방 알바 했었는데 그땐 담배 피던 시절이여서 재떨이 치우는 거 극혐 ㅠ\n3 : 빵집 알바할 때 봉투값 받았다고 접시 엎고 간거...?\n1 : 키키 아 다들 스펙타클하네 키키\n1 : 역시 진상이 제일 기억에 남지\n2 : 맞어 ㅠㅠ\n2 : 특히 피시방은 한 명이 라면 시키면 냄새 때문에 다른 사람들도 시켜서 귀찮아\n3 : 원래 좋은 것보다 나쁜게 기억에 남잖아...\n1 : 키키 맞아 키키 라면의 유혹은 떨칠 수 업지\n2 : 그리고 나는 알반데 무슨 컴퓨터 수리 기사마냥 부려먹고… 너무 싫더라 ㅠ\n3 : 피시방 알바는 좋은 줄 알았는데 아닌가 보네\n1 : 맞아 알바인데 정직원처럼 엄청 부려먹어\n2 : 요즘보다는 좀 덜 힘들었는데 재떨이 치우는게…극혐이야\n3 : 확실히 금연구역으로 바뀐게 좋긴하다\n1 : 재떨이 오랜만에 들어본다 키키\n1 : 맞아 금연구역이라 다행이야\n2 : 그래도 흡연실에 있는 재떨이는 치워야하잖아 키키\n3 : 나는 비흡연자라 못하겠다 그치\n1 : 우리 손님은 컵에 꼭 놓고 가더라 짜증나게...\n2 : 아오 비흡연자한테는 좀 짜증나 진짜\n3 : 담배 냄새 못참아 진짜",
        "lines": [
          {
            "id": 1,
            "text": "1 : 다들 기억에 남는 알바나 회사 썰 있어?",
            "norm_text": "다들 기억에 남는 알바나 회사 썰 있어?",
            "speaker": {
              "id": "1번",
              "sex": "여성",
              "age": "20대"
            },
            "speechAct": "(지시) 질문하기",
            "morpheme": "다/MAG+들/XSN+기억/NNG+에/JKB+남/VV+는/ETM+알바/NNP+나/JC+회사/NNG+썰/VV+ETM+있/VA+어/EF"
          },
          {
            "id": 2,
            "text": "2 : 나는 스무살에 피시방 알바 했었는데 그땐 담배 피던 시절이여서 재떨이 치우는 거 극혐 ㅠ",
            "norm_text": "나는 스무살에 피시방 알바 했었는데 그땐 담배 피던 시절이여서 재떨이 치우는 거 극혐 ㅠ",
            "speaker": {
              "id": "2번",
              "sex": "남성",
              "age": "20대"
            },
            "speechAct": "(단언) 진술하기",
            "morpheme": "나/NP+는/JX+스무/MM+살/NNBC+에/JKB+피시방/NNG+알/VV+ETM+바/NNB+했었/VV+EP+는데/EC+그/MM+땐/NNG+JX+담배/NNG+피/VV+던/ETM+시절/NNG+이/VCP+여서/EC+재떨이/NNG+치우/VV+는/ETM+거/NNB+극/NNG+혐ㅠ/UNKNOWN"
          },
          {
            "id": 3,
            "text": "3 : 빵집 알바할 때 봉투값 받았다고 접시 엎고 간거...?",
            "norm_text": "빵집 알바할 때 봉투값 받았다고 접시 엎고 간거...?",
            "speaker": {
              "id": "3번",
              "sex": "남성",
              "age": "20대"
            },
            "speechAct": "(단언) 진술하기",
            "morpheme": "빵집알바할때봉투값받았다고접시엎고간거/UNKNOWN+./SY+./SY"
          },
          {
            "id": 4,
            "text": "1 : 키키 아 다들 스펙타클하네 키키",
            "norm_text": "키키 아 다들 스펙타클하네 키키",
            "speaker": {
              "id": "1번",
              "sex": "여성",
              "age": "20대"
            },
            "speechAct": "(단언) 주장하기",
            "morpheme": "키/NNG+키/VV+아다/EC+들/XSN+스펙타클/XR+하/XSA+네/EF+키/NNG+키/XSV+ETN"
          },
          {
            "id": 5,
            "text": "1 : 역시 진상이 제일 기억에 남지",
            "norm_text": "역시 진상이 제일 기억에 남지",
            "speaker": {
              "id": "1번",
              "sex": "여성",
              "age": "20대"
            },
            "speechAct": "(단언) 주장하기",
            "morpheme": "역시/MAJ+진상/NNG+이/JKS+제일/MAG+기억/NNG+에/JKB+남/VV+지/EC"
          },
          {
            "id": 6,
            "text": "2 : 맞어 ㅠㅠ",
            "norm_text": "맞어 ㅠㅠ",
            "speaker": {
              "id": "2번",
              "sex": "남성",
              "age": "20대"
            },
            "speechAct": "(단언) 주장하기",
            "morpheme": "맞어ㅠㅠ/UNKNOWN"
          },
          {
            "id": 7,
            "text": "2 : 특히 피시방은 한 명이 라면 시키면 냄새 때문에 다른 사람들도 시켜서 귀찮아",
            "norm_text": "특히 피시방은 한 명이 라면 시키면 냄새 때문에 다른 사람들도 시켜서 귀찮아",
            "speaker": {
              "id": "2번",
              "sex": "남성",
              "age": "20대"
            },
            "speechAct": "(단언) 주장하기",
            "morpheme": "특히/MAG+피시방/NNG+은/JX+한/MM+명/NNBC+이/JKS+라면/NNG+시키/XSV+면/EC+냄새/NNG+때문/NNB+에/JKB+다른/MM+사람/NNG+들/XSN+도/JX+시켜서/VV+EC+귀찮/VA+아/EC"
          },
          {
            "id": 8,
            "text": "3 : 원래 좋은 것보다 나쁜게 기억에 남잖아...",
            "norm_text": "원래 좋은 것보다 나쁜게 기억에 남잖아...",
            "speaker": {
              "id": "3번",
              "sex": "남성",
              "age": "20대"
            },
            "speechAct": "(단언) 주장하기",
            "morpheme": "원래/MAG+좋/VA+은/ETM+것/NNB+보다/JKB+나쁜/VA+ETM+게/NNB+JKS+기억/NNG+에/JKB+남/VV+잖아/EF+./SY"
          },
          {
            "id": 9,
            "text": "1 : 키키 맞아 키키 라면의 유혹은 떨칠 수 업지",
            "norm_text": "키키 맞아 키키 라면의 유혹은 떨칠 수 업지",
            "speaker": {
              "id": "1번",
              "sex": "여성",
              "age": "20대"
            },
            "speechAct": "(단언) 주장하기",
            "morpheme": "키/NNG+키/XSV+ETN+맞/VV+아/EC+키/NNG+키/NNG+라면/NNG+의/JKG+유혹/NNG+은/JX+떨칠/VV+ETM+수/NNB+업/VV+지/EC"
          },
          {
            "id": 10,
            "text": "2 : 그리고 나는 알반데 무슨 컴퓨터 수리 기사마냥 부려먹고… 너무 싫더라 ㅠ",
            "norm_text": "그리고 나는 알반데 무슨 컴퓨터 수리 기사마냥 부려먹고… 너무 싫더라 ㅠ",
            "speaker": {
              "id": "2번",
              "sex": "남성",
              "age": "20대"
            },
            "speechAct": "(단언) 진술하기",
            "morpheme": "그리고/MAJ+나/NP+는/JX+알/VV+ETM+반데/NNG+VCP+EC+무슨/MM+컴퓨터/NNG+수리/NNG+기사/NNG+마냥/JKB+부려/VV+EC+먹/VV+고/EC+…/SE+너무싫더라ㅠ/UNKNOWN"
          },
          {
            "id": 11,
            "text": "3 : 피시방 알바는 좋은 줄 알았는데 아닌가 보네",
            "norm_text": "피시방 알바는 좋은 줄 알았는데 아닌가 보네",
            "speaker": {
              "id": "3번",
              "sex": "남성",
              "age": "20대"
            },
            "speechAct": "(단언) 주장하기",
            "morpheme": "피시방/NNG+알/VV+ETM+바/NNB+는/JX+좋/VA+은/ETM+줄/NNB+알/VV+았/EP+는데/EC+아닌가/VCN+EC+보/VX+네/EC"
          },
          {
            "id": 12,
            "text": "1 : 맞아 알바인데 정직원처럼 엄청 부려먹어",
            "norm_text": "맞아 알바인데 정직원처럼 엄청 부려먹어",
            "speaker": {
              "id": "1번",
              "sex": "여성",
              "age": "20대"
            },
            "speechAct": "(단언) 주장하기",
            "morpheme": "맞/VV+아/EC+알/VV+ETM+바/NNB+인데/VCP+EC+정직/NNG+원/NNG+처럼/JKB+엄청/MAG+부려/VV+EC+먹/VV+어/EC"
          },
          {
            "id": 13,
            "text": "2 : 요즘보다는 좀 덜 힘들었는데 재떨이 치우는게…극혐이야",
            "norm_text": "요즘보다는 좀 덜 힘들었는데 재떨이 치우는게…극혐이야",
            "speaker": {
              "id": "2번",
              "sex": "남성",
              "age": "20대"
            },
            "speechAct": "(단언) 주장하기",
            "morpheme": "요즘/NNG+보다/JKB+는/JX+좀/MAG+덜/MAG+힘들/VA+었/EP+는데/EC+재떨이/NNG+치우/VV+는/ETM+게/NNB+JKS+…/SE+극혐이야/UNKNOWN"
          },
          {
            "id": 14,
            "text": "3 : 확실히 금연구역으로 바뀐게 좋긴하다",
            "norm_text": "확실히 금연구역으로 바뀐게 좋긴하다",
            "speaker": {
              "id": "3번",
              "sex": "남성",
              "age": "20대"
            },
            "speechAct": "(단언) 주장하기",
            "morpheme": "확실히/MAG+금연/NNG+구역/NNG+으로/JKB+바뀐/VV+ETM+게/NNB+JKS+좋/VA+긴/ETN+JX+하/VX+다/EC"
          },
          {
            "id": 15,
            "text": "1 : 재떨이 오랜만에 들어본다 키키",
            "norm_text": "재떨이 오랜만에 들어본다 키키",
            "speaker": {
              "id": "1번",
              "sex": "여성",
              "age": "20대"
            },
            "speechAct": "(단언) 진술하기",
            "morpheme": "재떨이/NNG+오랜만/NNG+에/JKB+들/VV+어/EC+본/VX+ETM+다키키/NNP"
          },
          {
            "id": 16,
            "text": "1 : 맞아 금연구역이라 다행이야",
            "norm_text": "맞아 금연구역이라 다행이야",
            "speaker": {
              "id": "1번",
              "sex": "여성",
              "age": "20대"
            },
            "speechAct": "(단언) 주장하기",
            "morpheme": "맞/VV+아/EC+금연/NNG+구역/NNG+이/VCP+라/EC+다행/NNG+이/VCP+야/EC"
          },
          {
            "id": 17,
            "text": "2 : 그래도 흡연실에 있는 재떨이는 치워야하잖아 키키",
            "norm_text": "그래도 흡연실에 있는 재떨이는 치워야하잖아 키키",
            "speaker": {
              "id": "2번",
              "sex": "남성",
              "age": "20대"
            },
            "speechAct": "(단언) 주장하기",
            "morpheme": "그래도/MAJ+흡연실/NNG+에/JKB+있/VV+는/ETM+재떨이/NNG+는/JX+치워야/VV+EC+하/VV+잖아/EC+키/NNG+키/XSV+ETN"
          },
          {
            "id": 18,
            "text": "3 : 나는 비흡연자라 못하겠다 그치",
            "norm_text": "나는 비흡연자라 못하겠다 그치",
            "speaker": {
              "id": "3번",
              "sex": "남성",
              "age": "20대"
            },
            "speechAct": "(단언) 주장하기",
            "morpheme": "나/NP+는/JX+비흡연자/NNG+라/VCP+EC+못하/VX+겠/EP+다/EF+그치/IC"
          },
          {
            "id": 19,
            "text": "1 : 우리 손님은 컵에 꼭 놓고 가더라 짜증나게...",
            "norm_text": "우리 손님은 컵에 꼭 놓고 가더라 짜증나게...",
            "speaker": {
              "id": "1번",
              "sex": "여성",
              "age": "20대"
            },
            "speechAct": "(단언) 진술하기",
            "morpheme": "우리손님은컵에꼭놓고가더라짜증나게/UNKNOWN+./SY"
          },
          {
            "id": 20,
            "text": "2 : 아오 비흡연자한테는 좀 짜증나 진짜",
            "norm_text": "아오 비흡연자한테는 좀 짜증나 진짜",
            "speaker": {
              "id": "2번",
              "sex": "남성",
              "age": "20대"
            },
            "speechAct": "(단언) 주장하기",
            "morpheme": "아오/IC+비흡연자/NNG+한테/JKB+는/JX+좀/MAG+짜증/NNG+나/JC+진짜/NNG"
          },
          {
            "id": 21,
            "text": "3 : 담배 냄새 못참아 진짜",
            "norm_text": "담배 냄새 못참아 진짜",
            "speaker": {
              "id": "3번",
              "sex": "남성",
              "age": "20대"
            },
            "speechAct": "(단언) 주장하기",
            "morpheme": "담배/NNG+냄새/NNG+못/MAG+참/VV+아/EC+진짜/MAG"
          }
        ]
      }
    }
  ]
}