{
  "dataset": {
    "identifier": 114282,
    "name": "BAND_42_05_set",
    "src_path": "/data/file/cubeManager/PROJECT001/80/txt20211102154324027650/BAND_42_05_set/",
    "label_path": "/data/file/cubeManager/PROJECT001/80/txt20211102154324027650/BAND_42_05_set/",
    "category": 2,
    "type": 0
  },
  "licenses": {
    "name": "Apache License 1.0",
    "url": "http://www.apache.org/licenses/LICENSE-1.0"
  },
  "info": [
    {
      "id": 130309,
      "filename": "BAND_42_05.txt",
      "title": "BAND_42_05",
      "mediatype": "SNS",
      "medianame": "네이버밴드",
      "category": "일상대화",
      "date": "2021-11-02",
      "size": 479,
      "annotations": {
        "subject": "군대",
        "speaker_type": "다자간 대화",
        "size": 479,
        "word_size": 160,
        "text": "1 : 군대 밥 어때?\n1 : 궁금해!\n2 : 듣기론 군대 밥이 쑤레기라던디\n3 : 우리 부대는 맛있게 해주셨어!\n1 : 아 진짜? 키키\n1 : 맨날 맨날 식단 달라?\n2 : 올~ 뭐가 제일 맛있었어,?\n3 : 흐음 나는 빵식이 제일 맛있었던 거 같아!\n1 : 키키 너도 그 군대리아 그거 해먹어 봤어?\n2 : 빵식이가 군대리아야?\n2 : 사람 이름 같네잉 ^^\n3 : 일주일에 2번은 나오는 거 같은데! 키키\n1 : 와 키키 그거 너무 많이 들어서 맛 궁금해\n2 : 우리 회사에도 나왔었는데 ^^! 군대가 더 맛있다곤 하더라\n3 : 나는 귀찮아서 제일 편하게 먹는 거라 좋더라구 키키\n1 : 키키 신기하네\n1 : 나도 먹고 싶다\n1 : 어케 생겼어?\n2 : 우유에 막 스까묵고 그러지 않나\n3 : 말아먹는 게 또 야무져서 맛있어 키키\n1 : 아 상상이 안 되네 키키 우유에 말아 먹다니...\n2 : 키키 근데 맛있을 듯 촉촉하니 하하\n3 : 그냥 꾹꾹 담아서 먹는...\n3 : 키키 비주얼은 별로",
        "lines": [
          {
            "id": 1,
            "text": "1 : 군대 밥 어때?",
            "norm_text": "군대 밥 어때?",
            "speaker": {
              "id": "1번",
              "sex": "여성",
              "age": "20대"
            },
            "speechAct": "(지시) 질문하기",
            "morpheme": "군대/NNG+밥/NNG+어때/VA+EF"
          },
          {
            "id": 2,
            "text": "1 : 궁금해!",
            "norm_text": "궁금해!",
            "speaker": {
              "id": "1번",
              "sex": "여성",
              "age": "20대"
            },
            "speechAct": "(단언) 주장하기",
            "morpheme": "궁금/XR+해/XSA+EF"
          },
          {
            "id": 3,
            "text": "2 : 듣기론 군대 밥이 쑤레기라던디",
            "norm_text": "듣기론 군대 밥이 쑤레기라던디",
            "speaker": {
              "id": "2번",
              "sex": "여성",
              "age": "20대"
            },
            "speechAct": "(단언) 진술하기",
            "morpheme": "듣기/NNG+론/XSN+군대/NNG+밥/NNG+이/JKS+쑤/VV+레/EC+기라/NNG+던디/NNP"
          },
          {
            "id": 4,
            "text": "3 : 우리 부대는 맛있게 해주셨어!",
            "norm_text": "우리 부대는 맛있게 해주셨어!",
            "speaker": {
              "id": "3번",
              "sex": "남성",
              "age": "20대"
            },
            "speechAct": "(단언) 진술하기",
            "morpheme": "우리/NP+부대/NNG+는/JX+맛있/VA+게/EC+해/VV+EC+주/VX+셨/EP+EP+어/EF"
          },
          {
            "id": 5,
            "text": "1 : 아 진짜? 키키",
            "norm_text": "아 진짜? 키키",
            "speaker": {
              "id": "1번",
              "sex": "여성",
              "age": "20대"
            },
            "speechAct": "턴토크 사인(관습적 반응)",
            "morpheme": "아/IC+진짜/MAG+키/NNG+키/XSV+ETN"
          },
          {
            "id": 6,
            "text": "1 : 맨날 맨날 식단 달라?",
            "norm_text": "맨날 맨날 식단 달라?",
            "speaker": {
              "id": "1번",
              "sex": "여성",
              "age": "20대"
            },
            "speechAct": "(지시) 질문하기",
            "morpheme": "맨날/MAG+맨날/MAG+식단/NNG+달라/VA+EF"
          },
          {
            "id": 7,
            "text": "2 : 올~ 뭐가 제일 맛있었어,?",
            "norm_text": "올~ 뭐가 제일 맛있었어,?",
            "speaker": {
              "id": "2번",
              "sex": "여성",
              "age": "20대"
            },
            "speechAct": "(지시) 질문하기",
            "morpheme": "올/MM+~/SY+뭐/NP+가/JKS+제일/MAG+맛있/VA+었/EP+어/EC+,/SY"
          },
          {
            "id": 8,
            "text": "3 : 흐음 나는 빵식이 제일 맛있었던 거 같아!",
            "norm_text": "흐음 나는 빵식이 제일 맛있었던 거 같아!",
            "speaker": {
              "id": "3번",
              "sex": "남성",
              "age": "20대"
            },
            "speechAct": "(단언) 진술하기",
            "morpheme": "흐음/IC+나/NP+는/JX+빵/NNG+식/XSN+이/JKS+제일/MAG+맛있/VA+었/EP+던/ETM+거/NNB+같/VA+아/EF"
          },
          {
            "id": 9,
            "text": "1 : 키키 너도 그 군대리아 그거 해먹어 봤어?",
            "norm_text": "키키 너도 그 군대리아 그거 해먹어 봤어?",
            "speaker": {
              "id": "1번",
              "sex": "여성",
              "age": "20대"
            },
            "speechAct": "(지시) 질문하기",
            "morpheme": "키/NNG+키/XSV+ETN+너/NP+도/JX+그/MM+군/NNG+대리/VV+아/EC+그거/NP+해/VV+EC+먹/VV+어/EC+봤/VX+EP+어/EF"
          },
          {
            "id": 10,
            "text": "2 : 빵식이가 군대리아야?",
            "norm_text": "빵식이가 군대리아야?",
            "speaker": {
              "id": "2번",
              "sex": "여성",
              "age": "20대"
            },
            "speechAct": "(지시) 질문하기",
            "morpheme": "빵/NNG+식이/NNG+가/JKS+군/NNG+대리/VV+아야/EF"
          },
          {
            "id": 11,
            "text": "2 : 사람 이름 같네잉 ^^",
            "norm_text": "사람 이름 같네잉 ^^",
            "speaker": {
              "id": "2번",
              "sex": "여성",
              "age": "20대"
            },
            "speechAct": "(단언) 진술하기",
            "morpheme": "사람/NNG+이름/NNG+같/VA+네잉/EC+^/SY+^/SY"
          },
          {
            "id": 12,
            "text": "3 : 일주일에 2번은 나오는 거 같은데! 키키",
            "norm_text": "일주일에 2번은 나오는 거 같은데! 키키",
            "speaker": {
              "id": "3번",
              "sex": "남성",
              "age": "20대"
            },
            "speechAct": "(단언) 진술하기",
            "morpheme": "일/NR+주일/NNBC+에/JKB+2/SN+번/NNBC+은/JX+나오/VV+는/ETM+거/NNB+같/VA+은데/EF+키/NNG+키/XSV+ETN"
          },
          {
            "id": 13,
            "text": "1 : 와 키키 그거 너무 많이 들어서 맛 궁금해",
            "norm_text": "와 키키 그거 너무 많이 들어서 맛 궁금해",
            "speaker": {
              "id": "1번",
              "sex": "여성",
              "age": "20대"
            },
            "speechAct": "(단언) 주장하기",
            "morpheme": "와키/NNP+키/NNG+그거/NP+너무/MAG+많이/MAG+들/VV+어서/EC+맛/NNG+궁금/XR+해/XSA+EC"
          },
          {
            "id": 14,
            "text": "2 : 우리 회사에도 나왔었는데 ^^! 군대가 더 맛있다곤 하더라",
            "norm_text": "우리 회사에도 나왔었는데 ^^! 군대가 더 맛있다곤 하더라",
            "speaker": {
              "id": "2번",
              "sex": "여성",
              "age": "20대"
            },
            "speechAct": "(단언) 진술하기",
            "morpheme": "우리/NP+회사/NNG+에/JKB+도/JX+나왔었/VV+EP+는데/EC+^/SY+^/SY+군대/NNG+가/JKS+더/MAG+맛있/VA+다곤/EC+하/VV+더라/EC"
          },
          {
            "id": 15,
            "text": "3 : 나는 귀찮아서 제일 편하게 먹는 거라 좋더라구 키키",
            "norm_text": "나는 귀찮아서 제일 편하게 먹는 거라 좋더라구 키키",
            "speaker": {
              "id": "3번",
              "sex": "남성",
              "age": "20대"
            },
            "speechAct": "(단언) 진술하기",
            "morpheme": "나/NP+는/JX+귀찮/VA+아서/EC+제일/MAG+편하/VA+게/EC+먹/VV+는/ETM+거/NNB+라/VCP+EC+좋/VA+더라구/EC+키/NNG+키/XSV+ETN"
          },
          {
            "id": 16,
            "text": "1 : 키키 신기하네",
            "norm_text": "키키 신기하네",
            "speaker": {
              "id": "1번",
              "sex": "여성",
              "age": "20대"
            },
            "speechAct": "(단언) 주장하기",
            "morpheme": "키/NNG+키/XSV+ETN+신기/XR+하/XSA+네/EC"
          },
          {
            "id": 17,
            "text": "1 : 나도 먹고 싶다",
            "norm_text": "나도 먹고 싶다",
            "speaker": {
              "id": "1번",
              "sex": "여성",
              "age": "20대"
            },
            "speechAct": "(단언) 주장하기",
            "morpheme": "나/NP+도/JX+먹/VV+고/EC+싶/VX+다/EC"
          },
          {
            "id": 18,
            "text": "1 : 어케 생겼어?",
            "norm_text": "어케 생겼어?",
            "speaker": {
              "id": "1번",
              "sex": "여성",
              "age": "20대"
            },
            "speechAct": "(지시) 질문하기",
            "morpheme": "어/IC+케/IC+생겼/VV+EP+어/EF"
          },
          {
            "id": 19,
            "text": "2 : 우유에 막 스까묵고 그러지 않나",
            "norm_text": "우유에 막 스까묵고 그러지 않나",
            "speaker": {
              "id": "2번",
              "sex": "여성",
              "age": "20대"
            },
            "speechAct": "(지시) 질문하기",
            "morpheme": "우유/NNG+에/JKB+막스/NNG+까묵/VV+고/EC+그러/VV+지/EC+않/VX+나/EC"
          },
          {
            "id": 20,
            "text": "3 : 말아먹는 게 또 야무져서 맛있어 키키",
            "norm_text": "말아먹는 게 또 야무져서 맛있어 키키",
            "speaker": {
              "id": "3번",
              "sex": "남성",
              "age": "20대"
            },
            "speechAct": "(단언) 진술하기",
            "morpheme": "말아먹/VV+는/ETM+게/NNB+JKS+또/MAG+야무/NNG+져서/VV+EC+맛있/VA+어/EC+키/NNG+키/XSV+ETN"
          },
          {
            "id": 21,
            "text": "1 : 아 상상이 안 되네 키키 우유에 말아 먹다니...",
            "norm_text": "아 상상이 안 되네 키키 우유에 말아 먹다니...",
            "speaker": {
              "id": "1번",
              "sex": "여성",
              "age": "20대"
            },
            "speechAct": "(단언) 진술하기",
            "morpheme": "아/IC+상상/NNG+이/JKS+안/MAG+되/VV+네/EF+키키/NNP+우유/NNG+에/JKB+말아먹/VV+다니/EF+./SY"
          },
          {
            "id": 22,
            "text": "2 : 키키 근데 맛있을 듯 촉촉하니 하하",
            "norm_text": "키키 근데 맛있을 듯 촉촉하니 하하",
            "speaker": {
              "id": "2번",
              "sex": "여성",
              "age": "20대"
            },
            "speechAct": "(단언) 주장하기",
            "morpheme": "키/NNG+키/XSV+ETN+근데/MAJ+맛있/VA+을/ETM+듯/NNB+촉촉/XR+하/XSA+니/EC+하하/MAG"
          },
          {
            "id": 23,
            "text": "3 : 그냥 꾹꾹 담아서 먹는...",
            "norm_text": "그냥 꾹꾹 담아서 먹는...",
            "speaker": {
              "id": "3번",
              "sex": "남성",
              "age": "20대"
            },
            "speechAct": "(단언) 진술하기",
            "morpheme": "그냥/MAG+꾹꾹/MAG+담/VV+아서/EC+먹/VV+는/ETM+./SY+./SY"
          },
          {
            "id": 24,
            "text": "3 : 키키 비주얼은 별로",
            "norm_text": "키키 비주얼은 별로",
            "speaker": {
              "id": "3번",
              "sex": "남성",
              "age": "20대"
            },
            "speechAct": "(단언) 주장하기",
            "morpheme": "키키/NNP+비주얼/NNP+은/JX+별로/MAG"
          }
        ]
      }
    }
  ]
}