{
  "dataset": {
    "identifier": 113522,
    "name": "BAND_42_15_set",
    "src_path": "/data/file/cubeManager/PROJECT001/80/txt20211102154324035124/BAND_42_15_set/",
    "label_path": "/data/file/cubeManager/PROJECT001/80/txt20211102154324035124/BAND_42_15_set/",
    "category": 2,
    "type": 0
  },
  "licenses": {
    "name": "Apache License 1.0",
    "url": "http://www.apache.org/licenses/LICENSE-1.0"
  },
  "info": [
    {
      "id": 130319,
      "filename": "BAND_42_15.txt",
      "title": "BAND_42_15",
      "mediatype": "SNS",
      "medianame": "네이버밴드",
      "category": "일상대화",
      "date": "2021-11-02",
      "size": 571,
      "annotations": {
        "subject": "타 국가 이슈",
        "speaker_type": "다자간 대화",
        "size": 571,
        "word_size": 190,
        "text": "1 : 할로윈 앞두고 미국 학교에서 오겜 분장 금지령 내렸어\n2 : 키키 앜 키키 헐 왜?\n2 : 오겜만 금지양?\n3 : 할로윈 금지령도 있구나...\n3 : 키키 신기하네\n1 : 일부 학생들이 드라마 속 놀이를 따라했다는 접수가 들어왔대\n2 : ㄷ ㄷ 막 총 쏘고,? ㅡㅡ\n2 : 하긴 미국은 총기 소지가 되니까\n3 : 그러니까...\n3 : 그건 문제가 되겠다\n1 : 오겜 모방할 수도 있어서 다 금지 조치 시켰대\n2 : 아이구 ㅜㅜ\n2 : 일부 학생 때문에 다른 학생들도 못한다니 짱나겠네잉\n3 : 오징어게임을 따라하면 무섭긴 하겠다 키키\n1 : 애기들 위험하긴 하지\n1 : 키키 근데 애들은 어케 봤댜\n2 : 키키 앜 키키 그러게\n2 : 애초에 어떻게 본 겨 키키\n3 : 키키 아 그러게\n3 : 몰래 본 건가 19세일 텐데...\n1 : 요즘 애들 진짜 대단해 키키\n2 : 키키 19금 어기는 건 만국 공통이구만 ^^\n3 : 다들 역시 요런 건 장인급이야! ㅌㅌㅋ\n1 : 키키 그니깐 웃기네 키키\n1 : 기사 보다가 엥?\n2 : 보안이 조금 더 짱짱해야 좋을 텐데\n2 : 폭력성 있는 거 넘 위험 하하~^^,\n3 : 할로윈까지 이렇게 막힐 줄이야...\n3 : 조심해야징",
        "lines": [
          {
            "id": 1,
            "text": "1 : 할로윈 앞두고 미국 학교에서 오겜 분장 금지령 내렸어",
            "norm_text": "할로윈 앞두고 미국 학교에서 오겜 분장 금지령 내렸어",
            "speaker": {
              "id": "1번",
              "sex": "여성",
              "age": "20대"
            },
            "speechAct": "(단언) 진술하기",
            "morpheme": "할로윈/NNP+앞두/VV+고/EC+미국/NNP+학교/NNG+에서/JKB+오/IC+겜/NNP+분장/NNG+금지령/NNG+내렸/VV+EP+어/EC"
          },
          {
            "id": 2,
            "text": "2 : 키키 앜 키키 헐 왜?",
            "norm_text": "키키 앜 키키 헐 왜?",
            "speaker": {
              "id": "2번",
              "sex": "여성",
              "age": "20대"
            },
            "speechAct": "(지시) 질문하기",
            "morpheme": "키키앜키키헐왜/UNKNOWN"
          },
          {
            "id": 3,
            "text": "2 : 오겜만 금지양?",
            "norm_text": "오겜만 금지양?",
            "speaker": {
              "id": "2번",
              "sex": "여성",
              "age": "20대"
            },
            "speechAct": "(지시) 질문하기",
            "morpheme": "오겜만금지양/UNKNOWN"
          },
          {
            "id": 4,
            "text": "3 : 할로윈 금지령도 있구나...",
            "norm_text": "할로윈 금지령도 있구나...",
            "speaker": {
              "id": "3번",
              "sex": "남성",
              "age": "20대"
            },
            "speechAct": "(단언) 진술하기",
            "morpheme": "할로윈/NNP+금지령/NNG+도/JX+있/VA+구나/EF+./SY"
          },
          {
            "id": 5,
            "text": "3 : 키키 신기하네",
            "norm_text": "키키 신기하네",
            "speaker": {
              "id": "3번",
              "sex": "남성",
              "age": "20대"
            },
            "speechAct": "(단언) 주장하기",
            "morpheme": "키/NNG+키/XSV+ETN+신기/XR+하/XSA+네/EC"
          },
          {
            "id": 6,
            "text": "1 : 일부 학생들이 드라마 속 놀이를 따라했다는 접수가 들어왔대",
            "norm_text": "일부 학생들이 드라마 속 놀이를 따라했다는 접수가 들어왔대",
            "speaker": {
              "id": "1번",
              "sex": "여성",
              "age": "20대"
            },
            "speechAct": "(단언) 주장하기",
            "morpheme": "일부/NNG+학생/NNG+들/XSN+이/JKS+드라마/NNG+속/NNG+놀이/NNG+를/JKO+따라했/VV+EP+다는/ETM+접수/NNG+가/JKS+들어왔/VV+EP+대/EC"
          },
          {
            "id": 7,
            "text": "2 : ㄷ ㄷ 막 총 쏘고,? ㅡㅡ",
            "norm_text": "ㄷ ㄷ 막 총 쏘고,? ㅡㅡ",
            "speaker": {
              "id": "2번",
              "sex": "여성",
              "age": "20대"
            },
            "speechAct": "(지시) 질문하기",
            "morpheme": "ㄷㄷ막총쏘고/UNKNOWN+,/SC+?/SY+ㅡㅡ/UNKNOWN"
          },
          {
            "id": 8,
            "text": "2 : 하긴 미국은 총기 소지가 되니까",
            "norm_text": "하긴 미국은 총기 소지가 되니까",
            "speaker": {
              "id": "2번",
              "sex": "여성",
              "age": "20대"
            },
            "speechAct": "(단언) 진술하기",
            "morpheme": "하긴/MAJ+미국/NNP+은/JX+총기/NNG+소지/NNG+가/JKS+되/VV+니까/EC"
          },
          {
            "id": 9,
            "text": "3 : 그러니까...",
            "norm_text": "그러니까...",
            "speaker": {
              "id": "3번",
              "sex": "남성",
              "age": "20대"
            },
            "speechAct": "턴토크 사인(관습적 반응)",
            "morpheme": "그러니까/MAJ+./SY"
          },
          {
            "id": 10,
            "text": "3 : 그건 문제가 되겠다",
            "norm_text": "그건 문제가 되겠다",
            "speaker": {
              "id": "3번",
              "sex": "남성",
              "age": "20대"
            },
            "speechAct": "(단언) 진술하기",
            "morpheme": "그건/NP+JX+문제/NNG+가/JKS+되/VV+겠/EP+다/EC"
          },
          {
            "id": 11,
            "text": "1 : 오겜 모방할 수도 있어서 다 금지 조치 시켰대",
            "norm_text": "오겜 모방할 수도 있어서 다 금지 조치 시켰대",
            "speaker": {
              "id": "1번",
              "sex": "여성",
              "age": "20대"
            },
            "speechAct": "(단언) 진술하기",
            "morpheme": "오/IC+겜/NNP+모방/NNG+할/XSV+ETM+수/NNB+도/JX+있/VA+어서/EC+다/MAG+금지/NNG+조치/NNG+시켰/XSV+EP+대/EC"
          },
          {
            "id": 12,
            "text": "2 : 아이구 ㅜㅜ",
            "norm_text": "아이구 ㅜㅜ",
            "speaker": {
              "id": "2번",
              "sex": "여성",
              "age": "20대"
            },
            "speechAct": "턴토크 사인(관습적 반응)",
            "morpheme": "아이구ㅜㅜ/UNKNOWN"
          },
          {
            "id": 13,
            "text": "2 : 일부 학생 때문에 다른 학생들도 못한다니 짱나겠네잉",
            "norm_text": "일부 학생 때문에 다른 학생들도 못한다니 짱나겠네잉",
            "speaker": {
              "id": "2번",
              "sex": "여성",
              "age": "20대"
            },
            "speechAct": "(단언) 주장하기",
            "morpheme": "일부/NNG+학생/NNG+때문/NNB+에/JKB+다른/MM+학생/NNG+들/XSN+도/JX+못/MAG+한다니/VV+EC+짱나/VV+겠/EP+네잉/EC"
          },
          {
            "id": 14,
            "text": "3 : 오징어게임을 따라하면 무섭긴 하겠다 키키",
            "norm_text": "오징어게임을 따라하면 무섭긴 하겠다 키키",
            "speaker": {
              "id": "3번",
              "sex": "남성",
              "age": "20대"
            },
            "speechAct": "(단언) 주장하기",
            "morpheme": "오징어/NNG+게임/NNG+을/JKO+따라/VV+EC+하/VV+면/EC+무섭/VA+긴/ETN+JX+하/VX+겠/EP+다키키/NNP"
          },
          {
            "id": 15,
            "text": "1 : 애기들 위험하긴 하지",
            "norm_text": "애기들 위험하긴 하지",
            "speaker": {
              "id": "1번",
              "sex": "여성",
              "age": "20대"
            },
            "speechAct": "(단언) 주장하기",
            "morpheme": "애기/NNG+들/XSN+위험/NNG+하/XSV+긴/ETN+JX+하/VX+지/EC"
          },
          {
            "id": 16,
            "text": "1 : 키키 근데 애들은 어케 봤댜",
            "norm_text": "키키 근데 애들은 어케 봤댜",
            "speaker": {
              "id": "1번",
              "sex": "여성",
              "age": "20대"
            },
            "speechAct": "(단언) 주장하기",
            "morpheme": "키/NNG+키/XSV+ETN+근데/MAJ+애/NNG+들/XSN+은/JX+어/XR+케/XSA+EC+봤/VX+EP+댜/EF"
          },
          {
            "id": 17,
            "text": "2 : 키키 앜 키키 그러게",
            "norm_text": "키키 앜 키키 그러게",
            "speaker": {
              "id": "2번",
              "sex": "여성",
              "age": "20대"
            },
            "speechAct": "(단언) 주장하기",
            "morpheme": "키키앜키키그러게/UNKNOWN"
          },
          {
            "id": 18,
            "text": "2 : 애초에 어떻게 본 겨 키키",
            "norm_text": "애초에 어떻게 본 겨 키키",
            "speaker": {
              "id": "2번",
              "sex": "여성",
              "age": "20대"
            },
            "speechAct": "(단언) 주장하기",
            "morpheme": "애초/NNG+에/JKB+어떻/VA+게/EC+본/VX+ETM+겨/NNG+키/NNG+키/XSV+ETN"
          },
          {
            "id": 19,
            "text": "3 : 키키 아 그러게",
            "norm_text": "키키 아 그러게",
            "speaker": {
              "id": "3번",
              "sex": "남성",
              "age": "20대"
            },
            "speechAct": "턴토크 사인(관습적 반응)",
            "morpheme": "키/NNG+키/VV+아/EC+그러/VV+게/EC"
          },
          {
            "id": 20,
            "text": "3 : 몰래 본 건가 19세일 텐데...",
            "norm_text": "몰래 본 건가 19세일 텐데...",
            "speaker": {
              "id": "3번",
              "sex": "남성",
              "age": "20대"
            },
            "speechAct": "(단언) 주장하기",
            "morpheme": "몰래/MAG+본/VV+ETM+건가/NNB+VCP+EC+19/SN+세/NNBC+일텐데/VCP+ETM+NNB+VCP+EF+./SY"
          },
          {
            "id": 21,
            "text": "1 : 요즘 애들 진짜 대단해 키키",
            "norm_text": "요즘 애들 진짜 대단해 키키",
            "speaker": {
              "id": "1번",
              "sex": "여성",
              "age": "20대"
            },
            "speechAct": "(단언) 주장하기",
            "morpheme": "요즘/NNG+애/NNG+들/XSN+진짜/MAG+대단/XR+해/XSA+EC+키/NNG+키/XSV+ETN"
          },
          {
            "id": 22,
            "text": "2 : 키키 19금 어기는 건 만국 공통이구만 ^^",
            "norm_text": "키키 19금 어기는 건 만국 공통이구만 ^^",
            "speaker": {
              "id": "2번",
              "sex": "여성",
              "age": "20대"
            },
            "speechAct": "(단언) 주장하기",
            "morpheme": "키/NNG+키/XSV+ETN+19/SN+금어기는건만국공통이구만/UNKNOWN+^/SY+^/SY"
          },
          {
            "id": 23,
            "text": "3 : 다들 역시 요런 건 장인급이야! ㅌㅌㅋ",
            "norm_text": "다들 역시 요런 건 장인급이야! ㅌㅌㅋ",
            "speaker": {
              "id": "3번",
              "sex": "남성",
              "age": "20대"
            },
            "speechAct": "(단언) 주장하기",
            "morpheme": "다들역시요런건장인급이야/UNKNOWN+ㅌㅌㅋ/UNKNOWN"
          },
          {
            "id": 24,
            "text": "1 : 키키 그니깐 웃기네 키키",
            "norm_text": "키키 그니깐 웃기네 키키",
            "speaker": {
              "id": "1번",
              "sex": "여성",
              "age": "20대"
            },
            "speechAct": "(단언) 주장하기",
            "morpheme": "키/NNG+키/XSV+ETN+그니깐/MAJ+웃기/VV+네/EF+키/NNG+키/XSV+ETN"
          },
          {
            "id": 25,
            "text": "1 : 기사 보다가 엥?",
            "norm_text": "기사 보다가 엥?",
            "speaker": {
              "id": "1번",
              "sex": "여성",
              "age": "20대"
            },
            "speechAct": "(지시) 질문하기",
            "morpheme": "기사/NNG+보/VV+다가/EC+엥/IC"
          },
          {
            "id": 26,
            "text": "2 : 보안이 조금 더 짱짱해야 좋을 텐데",
            "norm_text": "보안이 조금 더 짱짱해야 좋을 텐데",
            "speaker": {
              "id": "2번",
              "sex": "여성",
              "age": "20대"
            },
            "speechAct": "(단언) 주장하기",
            "morpheme": "보안/NNG+이/JKS+조금/MAG+더/MAG+짱짱/MAG+해야/VV+EC+좋/VA+을/ETM+텐데/NNB+VCP+EC"
          },
          {
            "id": 27,
            "text": "2 : 폭력성 있는 거 넘 위험 하하~^^,",
            "norm_text": "폭력성 있는 거 넘 위험 하하~^^,",
            "speaker": {
              "id": "2번",
              "sex": "여성",
              "age": "20대"
            },
            "speechAct": "(단언) 주장하기",
            "morpheme": "폭력/NNG+성/XSN+있/VV+는/ETM+거/NNB+넘/MAG+위험/NNG+하하/MAG+~/SY+^/SY+^/SY+,/SC"
          },
          {
            "id": 28,
            "text": "3 : 할로윈까지 이렇게 막힐 줄이야...",
            "norm_text": "할로윈까지 이렇게 막힐 줄이야...",
            "speaker": {
              "id": "3번",
              "sex": "남성",
              "age": "20대"
            },
            "speechAct": "(단언) 주장하기",
            "morpheme": "할로윈/NNG+까지/JX+이렇게/MAG+막힐/VV+ETM+줄/NNB+이/VCP+야/EF+./SY"
          },
          {
            "id": 29,
            "text": "3 : 조심해야징",
            "norm_text": "조심해야징",
            "speaker": {
              "id": "3번",
              "sex": "남성",
              "age": "20대"
            },
            "speechAct": "(단언) 주장하기",
            "morpheme": "조심/NNG+해야/XSV+EC+징/NNG"
          }
        ]
      }
    }
  ]
}