{
  "dataset": {
    "identifier": 30914,
    "name": "BAND_25_04_set",
    "src_path": "/data/file/cubeManager/PROJECT001/49/txt20210916100054029297/BAND_25_04_set/",
    "label_path": "/data/file/cubeManager/PROJECT001/49/txt20210916100054029297/BAND_25_04_set/",
    "category": 2,
    "type": 0
  },
  "licenses": {
    "name": "Apache License 1.0",
    "url": "http://www.apache.org/licenses/LICENSE-1.0"
  },
  "info": [
    {
      "id": 26649,
      "filename": "BAND_25_04.txt",
      "title": "BAND_25_04",
      "mediatype": "SNS",
      "medianame": "네이버밴드",
      "category": "일상대화",
      "date": "2021-09-16",
      "size": 460,
      "annotations": {
        "subject": "회사/아르바이트",
        "speaker_type": "1:1",
        "size": 460,
        "word_size": 148,
        "text": "1 : 너는 편의점 아르바이트 말고 다른 알바는 뭐 했어?\n2 : 나는 초반에 전단지 배포했었어\n1 : 보통 카페 알바 많이 하던데 카페 알바는 안 해 봤어?\n2 : 아 맞네 첫 알바가 카페였어!\n1 : 그렇구나 브랜드 카페 알바였었어?\n2 : 개인 사업장으로 압구정에서 했었어\n1 : 압구정이면 완전 부자 동네 아니야?\n2 : 완전 그래서 개 진상이 많았지.\n1 : 그런 곳이 오히려 진상이 더 많은 법이야?\n2 : 아무래도 이것저것 따지는 사람이 많더라\n1 : 헐 어이없다 그러면 어떤 진상이 있었어?\n2 : 빵 썰어주는데 빨리 못 써냐고 따졌어\n1 : 아니 그거 가지고 왜 따져?\n2 : 그니까 그래서 손 비어서 병원 잠깐 갔었어.\n1 : 헐 진짜 마음 아프다 ㅜㅜ\n2 : 근데 사장님이 좋아서 병원비는 주시더라\n2 : 어 그런 셈이지 대전에 있더라 잘 지낸대 키키\n2 : 나도 몰랐는데 택배를 거기로 보내 달라네?\n2 : 뭐 스포츠 의류 그런 거?",
        "lines": [
          {
            "id": 1,
            "text": "1 : 너는 편의점 아르바이트 말고 다른 알바는 뭐 했어?",
            "norm_text": "너는 편의점 아르바이트 말고 다른 알바는 뭐 했어?",
            "speaker": {
              "id": "1번",
              "sex": "여성",
              "age": "20대"
            },
            "speechAct": "(지시) 질문하기",
            "morpheme": "너/NP+는/JX+편의점/NNG+아르바이트/NNG+말/VV+고/EC+다른/MM+알바/NNP+는/JX+뭐/IC+했/VV+EP+어/EF"
          },
          {
            "id": 2,
            "text": "2 : 나는 초반에 전단지 배포했었어",
            "norm_text": "나는 초반에 전단지 배포했었어",
            "speaker": {
              "id": "2번",
              "sex": "여성",
              "age": "20대"
            },
            "speechAct": "(단언) 진술하기",
            "morpheme": "나/NP+는/JX+초반/NNG+에/JKB+전단지/NNP+배포/NNG+했었/XSV+EP+어/EC"
          },
          {
            "id": 3,
            "text": "1 : 보통 카페 알바 많이 하던데 카페 알바는 안 해 봤어?",
            "norm_text": "보통 카페 알바 많이 하던데 카페 알바는 안 해 봤어?",
            "speaker": {
              "id": "1번",
              "sex": "여성",
              "age": "20대"
            },
            "speechAct": "(지시) 질문하기",
            "morpheme": "보통/NNG+카페/NNG+알/VV+ETM+바/NNB+많이/MAG+하/VV+던데/EC+카페/NNG+알/VV+ETM+바/NNB+는/JX+안/MAG+해/VV+EC+봤/VX+EP+어/EF"
          },
          {
            "id": 4,
            "text": "2 : 아 맞네 첫 알바가 카페였어!",
            "norm_text": "아 맞네 첫 알바가 카페였어!",
            "speaker": {
              "id": "2번",
              "sex": "여성",
              "age": "20대"
            },
            "speechAct": "(단언) 진술하기",
            "morpheme": "아/IC+맞/VV+네/EF+첫/MM+알바/NNP+가/JKS+카페/NNG+였/VCP+EP+어/EF"
          },
          {
            "id": 5,
            "text": "1 : 그렇구나 브랜드 카페 알바였었어?",
            "norm_text": "그렇구나 브랜드 카페 알바였었어?",
            "speaker": {
              "id": "1번",
              "sex": "여성",
              "age": "20대"
            },
            "speechAct": "(지시) 질문하기",
            "morpheme": "그렇/VA+구나/EF+브랜드/NNP+카페/NNP+알바/NNP+였었/VCP+EP+어/EF"
          },
          {
            "id": 6,
            "text": "2 : 개인 사업장으로 압구정에서 했었어",
            "norm_text": "개인 사업장으로 압구정에서 했었어",
            "speaker": {
              "id": "2번",
              "sex": "여성",
              "age": "20대"
            },
            "speechAct": "(단언) 진술하기",
            "morpheme": "개인/NNG+사업장/NNG+으로/JKB+압구정/NNP+에서/JKB+했었/VV+EP+어/EC"
          },
          {
            "id": 7,
            "text": "1 : 압구정이면 완전 부자 동네 아니야?",
            "norm_text": "압구정이면 완전 부자 동네 아니야?",
            "speaker": {
              "id": "1번",
              "sex": "여성",
              "age": "20대"
            },
            "speechAct": "(지시) 질문하기",
            "morpheme": "압구정/NNP+이/VCP+면/EC+완전/NNG+부자/NNG+동네/NNG+아니/VCN+야/EF"
          },
          {
            "id": 8,
            "text": "2 : 완전 그래서 개 진상이 많았지.",
            "norm_text": "완전 그래서 개 진상이 많았지.",
            "speaker": {
              "id": "2번",
              "sex": "여성",
              "age": "20대"
            },
            "speechAct": "(단언) 진술하기",
            "morpheme": "완전/MAG+그래서/MAJ+개진/NNG+상/XSN+이/JKS+많/VA+았/EP+지/EF"
          },
          {
            "id": 9,
            "text": "1 : 그런 곳이 오히려 진상이 더 많은 법이야?",
            "norm_text": "그런 곳이 오히려 진상이 더 많은 법이야?",
            "speaker": {
              "id": "1번",
              "sex": "여성",
              "age": "20대"
            },
            "speechAct": "(지시) 질문하기",
            "morpheme": "그런/MM+곳/NNB+이/JKS+오히려/MAJ+진상/NNG+이/JKS+더/MAG+많/VA+은/ETM+법/NNB+이/VCP+야/EF"
          },
          {
            "id": 10,
            "text": "2 : 아무래도 이것저것 따지는 사람이 많더라",
            "norm_text": "아무래도 이것저것 따지는 사람이 많더라",
            "speaker": {
              "id": "2번",
              "sex": "여성",
              "age": "20대"
            },
            "speechAct": "(단언) 주장하기",
            "morpheme": "아무래도/MAG+이것저것/NNG+따지/VV+는/ETM+사람/NNG+이/JKS+많/VA+더라/EC"
          },
          {
            "id": 11,
            "text": "1 : 헐 어이없다 그러면 어떤 진상이 있었어?",
            "norm_text": "헐 어이없다 그러면 어떤 진상이 있었어?",
            "speaker": {
              "id": "1번",
              "sex": "여성",
              "age": "20대"
            },
            "speechAct": "(지시) 질문하기",
            "morpheme": "헐/VV+JKO+어이없/VA+다/EF+그러면/MAJ+어떤/MM+진상/NNG+이/JKS+있/VA+었/EP+어/EF"
          },
          {
            "id": 12,
            "text": "2 : 빵 썰어주는데 빨리 못 써냐고 따졌어",
            "norm_text": "빵 썰어주는데 빨리 못 써냐고 따졌어",
            "speaker": {
              "id": "2번",
              "sex": "여성",
              "age": "20대"
            },
            "speechAct": "(단언) 진술하기",
            "morpheme": "빵/NNG+썰/VV+어/EC+주/VX+는데/EC+빨리/MAG+못/MAG+써/VV+냐고/EC+따졌/VV+EP+어/EC"
          },
          {
            "id": 13,
            "text": "1 : 아니 그거 가지고 왜 따져?",
            "norm_text": "아니 그거 가지고 왜 따져?",
            "speaker": {
              "id": "1번",
              "sex": "여성",
              "age": "20대"
            },
            "speechAct": "(지시) 질문하기",
            "morpheme": "아니/IC+그거/NP+가지/VV+고/EC+왜/MAG+따져/VV+EF"
          },
          {
            "id": 14,
            "text": "2 : 그니까 그래서 손 비어서 병원 잠깐 갔었어.",
            "norm_text": "그니까 그래서 손 비어서 병원 잠깐 갔었어.",
            "speaker": {
              "id": "2번",
              "sex": "여성",
              "age": "20대"
            },
            "speechAct": "(단언) 진술하기",
            "morpheme": "그니까/MAJ+그래서/MAJ+손/NNG+비/VV+어서/EC+병원/NNG+잠깐/MAG+갔었/VV+EP+어/EF"
          },
          {
            "id": 15,
            "text": "1 : 헐 진짜 마음 아프다 ㅜㅜ",
            "norm_text": "헐 진짜 마음 아프다 ㅜㅜ",
            "speaker": {
              "id": "1번",
              "sex": "여성",
              "age": "20대"
            },
            "speechAct": "(표현) 부정감정 표현하기",
            "morpheme": "헐/IC+진짜/MAG+마음/NNG+아프/VA+다/EF+ㅜㅜ/UNKNOWN"
          },
          {
            "id": 16,
            "text": "2 : 근데 사장님이 좋아서 병원비는 주시더라",
            "norm_text": "근데 사장님이 좋아서 병원비는 주시더라",
            "speaker": {
              "id": "2번",
              "sex": "여성",
              "age": "20대"
            },
            "speechAct": "(단언) 진술하기",
            "morpheme": "근데/MAJ+사장/NNG+님/XSN+이/JKS+좋/VA+아서/EC+병원/NNG+비/NNG+는/JX+주/VX+시/EP+더라/EC"
          },
          {
            "id": 17,
            "text": "2 : 어 그런 셈이지 대전에 있더라 잘 지낸대 키키",
            "norm_text": "어 그런 셈이지 대전에 있더라 잘 지낸대 키키",
            "speaker": {
              "id": "2번",
              "sex": "여성",
              "age": "20대"
            },
            "speechAct": "(단언) 주장하기",
            "morpheme": "어/IC+그런/MM+셈/NNG+이/JKS+지대/NNG+전/NNG+에/JKB+있/VV+더라/EF+잘/MAG+지낸/VV+ETM+대/XPN+키/NNG+키/XSV+ETN"
          },
          {
            "id": 18,
            "text": "2 : 나도 몰랐는데 택배를 거기로 보내 달라네?",
            "norm_text": "나도 몰랐는데 택배를 거기로 보내 달라네?",
            "speaker": {
              "id": "2번",
              "sex": "여성",
              "age": "20대"
            },
            "speechAct": "(지시) 질문하기",
            "morpheme": "나/NP+도/JX+몰랐/VV+EP+는데/EC+택배/NNG+를/JKO+거기/NP+로/JKB+보내/VV+EC+달/VX+라네/EF"
          },
          {
            "id": 19,
            "text": "2 : 뭐 스포츠 의류 그런 거?",
            "norm_text": "뭐 스포츠 의류 그런 거?",
            "speaker": {
              "id": "2번",
              "sex": "여성",
              "age": "20대"
            },
            "speechAct": "(지시) 질문하기",
            "morpheme": "뭐/IC+스포츠/NNG+의류/NNG+그런/MM+거/NNB"
          }
        ]
      }
    }
  ]
}