{
  "dataset": {
    "identifier": 27582,
    "name": "BAND_30_12_set",
    "src_path": "/data/file/cubeManager/PROJECT001/49/txt20210923160937030886/BAND_30_12_set/",
    "label_path": "/data/file/cubeManager/PROJECT001/49/txt20210923160937030886/BAND_30_12_set/",
    "category": 2,
    "type": 0
  },
  "licenses": {
    "name": "Apache License 1.0",
    "url": "http://www.apache.org/licenses/LICENSE-1.0"
  },
  "info": [
    {
      "id": 31763,
      "filename": "BAND_30_12.txt",
      "title": "BAND_30_12",
      "mediatype": "SNS",
      "medianame": "네이버밴드",
      "category": "일상대화",
      "date": "2021-09-23",
      "size": 410,
      "annotations": {
        "subject": "여행",
        "speaker_type": "1:1",
        "size": 410,
        "word_size": 141,
        "text": "1 : 너 최근에 간 여행지가 어디야?\n2 : 나 최근에 갔던 여행지는 대천 해수욕장을 갔어\n1 : 거기는 누구랑 갔어? 남자친구?\n2 : 응 남자친구랑 친구네 커플 !\n1 : 가서 조개 구이 먹었어?\n1 : 그건 국룰 알지?\n2 : 맞아 대천은 조개 구이지 못 참아 키키\n1 : 아 나도 조개 구이 먹은 지 백만 년 된 듯 ㅜㅜ\n2 : 근처에 갈만한 곳은 없어?\n1 : 응 심지어 혼자서 먹을 집이 없잖아 ㅜㅜ\n2 : 아 하긴 ㅠ 그렇겠다 너는 어디 안 가?\n1 : 응 코로나잖아 갈 곳이 어디 있어 ㅜㅜ\n2 : 맞아 그래서 바다 간 거야 사람은 많이 없더라\n1 : 나는 주변에 공원이 있는데 아직까지는 더워서 집콕 중!\n2 : 맞아 여름 휴양지는 집콕이 최고야\n1 : 맞아 에어컨 틀고 이불 덥고 있으면 극락 키키\n2 : 키키 그게 바로 집캉스지 그게 최고야",
        "lines": [
          {
            "id": 1,
            "text": "1 : 너 최근에 간 여행지가 어디야?",
            "norm_text": "너 최근에 간 여행지가 어디야?",
            "speaker": {
              "id": "1번",
              "sex": "여성",
              "age": "20대"
            },
            "speechAct": "(지시) 질문하기",
            "morpheme": "너/NP+최근/NNG+에/JKB+간/VV+ETM+여행지/NNG+가/JKS+어디/NP+야/VCP+EF"
          },
          {
            "id": 2,
            "text": "2 : 나 최근에 갔던 여행지는 대천 해수욕장을 갔어",
            "norm_text": "나 최근에 갔던 여행지는 대천 해수욕장을 갔어",
            "speaker": {
              "id": "2번",
              "sex": "여성",
              "age": "20대"
            },
            "speechAct": "(단언) 진술하기",
            "morpheme": "나/NP+최근/NNG+에/JKB+갔/VV+EP+던/ETM+여행지/NNG+는/JX+대천/NNG+해수욕장/NNG+을/JKO+갔/VV+EP+어/EC"
          },
          {
            "id": 3,
            "text": "1 : 거기는 누구랑 갔어? 남자친구?",
            "norm_text": "거기는 누구랑 갔어? 남자친구?",
            "speaker": {
              "id": "1번",
              "sex": "여성",
              "age": "20대"
            },
            "speechAct": "(지시) 질문하기",
            "morpheme": "거기/NP+는/JX+누구/NP+랑/JKB+갔/VV+EP+어/EF+남자/NNG+친구/NNG"
          },
          {
            "id": 4,
            "text": "2 : 응 남자친구랑 친구네 커플 !",
            "norm_text": "응 남자친구랑 친구네 커플 !",
            "speaker": {
              "id": "2번",
              "sex": "여성",
              "age": "20대"
            },
            "speechAct": "(단언) 진술하기",
            "morpheme": "응/IC+남자/NNG+친구/NNG+랑/JKB+친구/NNG+네/XSN+커플/NNG"
          },
          {
            "id": 5,
            "text": "1 : 가서 조개 구이 먹었어?",
            "norm_text": "가서 조개 구이 먹었어?",
            "speaker": {
              "id": "1번",
              "sex": "여성",
              "age": "20대"
            },
            "speechAct": "(지시) 질문하기",
            "morpheme": "가/VV+서/EC+조개/NNG+구이/NNG+먹/VV+었/EP+어/EF"
          },
          {
            "id": 6,
            "text": "1 : 그건 국룰 알지?",
            "norm_text": "그건 국룰 알지?",
            "speaker": {
              "id": "1번",
              "sex": "여성",
              "age": "20대"
            },
            "speechAct": "(지시) 질문하기",
            "morpheme": "그/MM+건국/NNG+룰/NNG+알/VV+지/EF"
          },
          {
            "id": 7,
            "text": "2 : 맞아 대천은 조개 구이지 못 참아 키키",
            "norm_text": "맞아 대천은 조개 구이지 못 참아 키키",
            "speaker": {
              "id": "2번",
              "sex": "여성",
              "age": "20대"
            },
            "speechAct": "(단언) 주장하기",
            "morpheme": "맞/VV+아/EC+대천/NNG+은/JX+조개/NNG+구/NR+이/VCP+지/EC+못/MAG+참/VV+아/EC+키/NNG+키/XSV+ETN"
          },
          {
            "id": 8,
            "text": "1 : 아 나도 조개 구이 먹은 지 백만 년 된 듯 ㅜㅜ",
            "norm_text": "아 나도 조개 구이 먹은 지 백만 년 된 듯 ㅜㅜ",
            "speaker": {
              "id": "1번",
              "sex": "여성",
              "age": "20대"
            },
            "speechAct": "(단언) 주장하기",
            "morpheme": "아/IC+나/NP+도/JX+조개/NNG+구이/NNG+먹/VV+은지/EC+백만/NR+년/NNBC+된/VV+ETM+듯/NNB+ㅜㅜ/UNKNOWN"
          },
          {
            "id": 9,
            "text": "2 : 근처에 갈만한 곳은 없어?",
            "norm_text": "근처에 갈만한 곳은 없어?",
            "speaker": {
              "id": "2번",
              "sex": "여성",
              "age": "20대"
            },
            "speechAct": "(지시) 질문하기",
            "morpheme": "근처/NNG+에/JKB+갈/VV+ETM+만/NNB+한/XSA+ETM+곳/NNG+은/JX+없/VA+어/EF"
          },
          {
            "id": 10,
            "text": "1 : 응 심지어 혼자서 먹을 집이 없잖아 ㅜㅜ",
            "norm_text": "응 심지어 혼자서 먹을 집이 없잖아 ㅜㅜ",
            "speaker": {
              "id": "1번",
              "sex": "여성",
              "age": "20대"
            },
            "speechAct": "(단언) 주장하기",
            "morpheme": "응/IC+심지어/MAG+혼자/NNG+서/JKB+먹/VV+을/ETM+집/NNG+이/JKS+없/VA+잖아/EF+ㅜㅜ/UNKNOWN"
          },
          {
            "id": 11,
            "text": "2 : 아 하긴 ㅠ 그렇겠다 너는 어디 안 가?",
            "norm_text": "아 하긴 ㅠ 그렇겠다 너는 어디 안 가?",
            "speaker": {
              "id": "2번",
              "sex": "여성",
              "age": "20대"
            },
            "speechAct": "(지시) 질문하기",
            "morpheme": "아/IC+하/VV+긴/ETN+JX+ㅠ/UNKNOWN+그렇/VA+겠/EP+다/EF+너/NP+는/JX+어디/NP+안/MAG+가/VV+EF"
          },
          {
            "id": 12,
            "text": "1 : 응 코로나잖아 갈 곳이 어디 있어 ㅜㅜ",
            "norm_text": "응 코로나잖아 갈 곳이 어디 있어 ㅜㅜ",
            "speaker": {
              "id": "1번",
              "sex": "여성",
              "age": "20대"
            },
            "speechAct": "(단언) 주장하기",
            "morpheme": "응코/NNP+로/JKB+나/NP+잖아/VCP+EC+VX+EC+갈/VX+ETM+곳/NNG+이/JKS+어디/NP+있/VA+어/EC+ㅜㅜ/UNKNOWN"
          },
          {
            "id": 13,
            "text": "2 : 맞아 그래서 바다 간 거야 사람은 많이 없더라",
            "norm_text": "맞아 그래서 바다 간 거야 사람은 많이 없더라",
            "speaker": {
              "id": "2번",
              "sex": "여성",
              "age": "20대"
            },
            "speechAct": "(단언) 주장하기",
            "morpheme": "맞아/IC+그래서/MAJ+바다/NNG+간/VV+ETM+거/NNB+야/VCP+EF+사람/NNG+은/JX+많이/MAG+없/VA+더라/EC"
          },
          {
            "id": 14,
            "text": "1 : 나는 주변에 공원이 있는데 아직까지는 더워서 집콕 중!",
            "norm_text": "나는 주변에 공원이 있는데 아직까지는 더워서 집콕 중!",
            "speaker": {
              "id": "1번",
              "sex": "여성",
              "age": "20대"
            },
            "speechAct": "(단언) 주장하기",
            "morpheme": "나/NP+는/JX+주변/NNG+에/JKB+공원/NNG+이/JKS+있/VV+는데/EC+아직/MAG+까지/JX+는/JX+더워서/VA+EC+집/NNG+콕/NNG+중/NNB"
          },
          {
            "id": 15,
            "text": "2 : 맞아 여름 휴양지는 집콕이 최고야",
            "norm_text": "맞아 여름 휴양지는 집콕이 최고야",
            "speaker": {
              "id": "2번",
              "sex": "여성",
              "age": "20대"
            },
            "speechAct": "(단언) 주장하기",
            "morpheme": "맞/VV+아/EC+여름/NNG+휴양지/NNG+는/JX+집/NNG+콕/NNG+이/JKS+최고/NNG+야/VCP+EF"
          },
          {
            "id": 16,
            "text": "1 : 맞아 에어컨 틀고 이불 덥고 있으면 극락 키키",
            "norm_text": "맞아 에어컨 틀고 이불 덥고 있으면 극락 키키",
            "speaker": {
              "id": "1번",
              "sex": "여성",
              "age": "20대"
            },
            "speechAct": "(단언) 주장하기",
            "morpheme": "맞/VV+아/EC+에어컨/NNG+틀/VV+고/EC+이불/NNG+덥/VA+고/EC+있/VX+으면/EC+극락/NNG+키/NNG+키/XSV+ETN"
          },
          {
            "id": 17,
            "text": "2 : 키키 그게 바로 집캉스지 그게 최고야",
            "norm_text": "키키 그게 바로 집캉스지 그게 최고야",
            "speaker": {
              "id": "2번",
              "sex": "여성",
              "age": "20대"
            },
            "speechAct": "(단언) 주장하기",
            "morpheme": "키/NNG+키/XSV+ETN+그게/NP+JKS+바로/MAG+집/NNG+캉/JKB+스/VV+지/EC+그게/NP+JKS+최고/NNG+야/VCP+EF"
          }
        ]
      }
    }
  ]
}