{
  "dataset": {
    "identifier": 22022,
    "name": "BAND_28_13_set",
    "src_path": "/data/file/cubeManager/PROJECT001/49/txt20210917150513027592/BAND_28_13_set/",
    "label_path": "/data/file/cubeManager/PROJECT001/49/txt20210917150513027592/BAND_28_13_set/",
    "category": 2,
    "type": 0
  },
  "licenses": {
    "name": "Apache License 1.0",
    "url": "http://www.apache.org/licenses/LICENSE-1.0"
  },
  "info": [
    {
      "id": 29444,
      "filename": "BAND_28_13.txt",
      "title": "BAND_28_13",
      "mediatype": "SNS",
      "medianame": "네이버밴드",
      "category": "일상대화",
      "date": "2021-09-17",
      "size": 406,
      "annotations": {
        "subject": "계절/날씨",
        "speaker_type": "1:1",
        "size": 406,
        "word_size": 135,
        "text": "1 : 요즘에 날씨 선선해지지 않았어?\n2 : 맞아 새벽에는 추워서 눈이 떠지더라\n1 : 맞아 근데 점심시간 돼서 나가면 아직 더워.\n2 : 맞아 해가 머리 위에 떠있는 느낌이야\n1 : 맞아 키키 그래도 가을 바람 냄새는 나더라 키키\n2 : 맞아 계절 냄새 너무 좋아 키키 특히 가을\n1 : 서울에서 논산에서 맡던 가을 냄새를 맡으니까 논산 가고 싶더라 ㅜㅜ\n2 : 서울 생활 많이 힘들지 ㅠ\n1 : 맞아 무엇보다 밥이 제일 문제야 ㅜ\n2 : 논산이랑은 물가가 비교가 안되겠다 ㅠ\n1 : 맞아 그래서 강제 다이어트 중이야 ㅜㅜ\n2 : 그래도 먹는 건 잘 챙겨 먹어야 해 ㅠ\n1 : 맞아 그래서 쫌 있다가 피자 먹을 거야.\n2 : 우와 맛있겠다 ㅠ 나도 배고파지네 키키\n1 : 이제 곧 추석이니까 논산으로 가야지!\n2 : 오 논산 오면 꼭 연락해 ! 키키",
        "lines": [
          {
            "id": 1,
            "text": "1 : 요즘에 날씨 선선해지지 않았어?",
            "norm_text": "요즘에 날씨 선선해지지 않았어?",
            "speaker": {
              "id": "1번",
              "sex": "여성",
              "age": "20대"
            },
            "speechAct": "(지시) 질문하기",
            "morpheme": "요즘/NNG+에/JKB+날씨/NNG+선선/NNG+해/XSV+EC+지/VX+지/EC+않/VX+았/EP+어/EF"
          },
          {
            "id": 2,
            "text": "2 : 맞아 새벽에는 추워서 눈이 떠지더라",
            "norm_text": "맞아 새벽에는 추워서 눈이 떠지더라",
            "speaker": {
              "id": "2번",
              "sex": "여성",
              "age": "20대"
            },
            "speechAct": "(단언) 주장하기",
            "morpheme": "맞/VV+아/EC+새벽/NNG+에/JKB+는/JX+추워서/VA+EC+눈/NNG+이/JKS+떠지/VV+더라/EC"
          },
          {
            "id": 3,
            "text": "1 : 맞아 근데 점심시간 돼서 나가면 아직 더워.",
            "norm_text": "맞아 근데 점심시간 돼서 나가면 아직 더워.",
            "speaker": {
              "id": "1번",
              "sex": "여성",
              "age": "20대"
            },
            "speechAct": "(단언) 주장하기",
            "morpheme": "맞아/IC+근데/MAJ+점심/NNG+시간/NNG+돼서/XSV+EC+나가/VX+면/EC+아직/MAG+더워/VA+EF"
          },
          {
            "id": 4,
            "text": "2 : 맞아 해가 머리 위에 떠있는 느낌이야",
            "norm_text": "맞아 해가 머리 위에 떠있는 느낌이야",
            "speaker": {
              "id": "2번",
              "sex": "여성",
              "age": "20대"
            },
            "speechAct": "(단언) 주장하기",
            "morpheme": "맞/VV+아/EC+해/NNG+가/JKS+머리/NNG+위/NNG+에/JKB+떠/VV+EC+있/VX+는/ETM+느낌/NNG+이/VCP+야/EC"
          },
          {
            "id": 5,
            "text": "1 : 맞아 키키 그래도 가을 바람 냄새는 나더라 키키",
            "norm_text": "맞아 키키 그래도 가을 바람 냄새는 나더라 키키",
            "speaker": {
              "id": "1번",
              "sex": "여성",
              "age": "20대"
            },
            "speechAct": "(단언) 주장하기",
            "morpheme": "맞/VV+아/EC+키/NNG+키/XSV+ETN+그래도/MAJ+가을/NNG+바람/NNG+냄새/NNG+는/JX+나/NP+더라/VCP+EC+키/NNG+키/XSV+ETN"
          },
          {
            "id": 6,
            "text": "2 : 맞아 계절 냄새 너무 좋아 키키 특히 가을",
            "norm_text": "맞아 계절 냄새 너무 좋아 키키 특히 가을",
            "speaker": {
              "id": "2번",
              "sex": "여성",
              "age": "20대"
            },
            "speechAct": "(단언) 주장하기",
            "morpheme": "맞/VV+아/EC+계절/NNG+냄새/NNG+너무/MAG+좋/VA+아/EC+키/NNG+키/NNG+특히/MAG+가을/NNG"
          },
          {
            "id": 7,
            "text": "1 : 서울에서 논산에서 맡던 가을 냄새를 맡으니까 논산 가고 싶더라 ㅜㅜ",
            "norm_text": "서울에서 논산에서 맡던 가을 냄새를 맡으니까 논산 가고 싶더라 ㅜㅜ",
            "speaker": {
              "id": "1번",
              "sex": "여성",
              "age": "20대"
            },
            "speechAct": "(단언) 주장하기",
            "morpheme": "서울/NNP+에서/JKB+논산/NNP+에서/JKB+맡/VV+던/ETM+가을/NNG+냄새/NNG+를/JKO+맡/VV+으니까/EC+논/VX+ETM+산/NNG+가/VV+고/EC+싶/VX+더라/EF+ㅜㅜ/UNKNOWN"
          },
          {
            "id": 8,
            "text": "2 : 서울 생활 많이 힘들지 ㅠ",
            "norm_text": "서울 생활 많이 힘들지 ㅠ",
            "speaker": {
              "id": "2번",
              "sex": "여성",
              "age": "20대"
            },
            "speechAct": "(지시) 질문하기",
            "morpheme": "서울/NNP+생활/NNG+많이/MAG+힘들/VA+지/EC+ㅠ/UNKNOWN"
          },
          {
            "id": 9,
            "text": "1 : 맞아 무엇보다 밥이 제일 문제야 ㅜ",
            "norm_text": "맞아 무엇보다 밥이 제일 문제야 ㅜ",
            "speaker": {
              "id": "1번",
              "sex": "여성",
              "age": "20대"
            },
            "speechAct": "(단언) 주장하기",
            "morpheme": "맞/VV+아/EC+무엇/NP+보다/JKB+밥/NNG+이/JKS+제일/MAG+문제/NNG+야/VCP+EF+ㅜ/UNKNOWN"
          },
          {
            "id": 10,
            "text": "2 : 논산이랑은 물가가 비교가 안되겠다 ㅠ",
            "norm_text": "논산이랑은 물가가 비교가 안되겠다 ㅠ",
            "speaker": {
              "id": "2번",
              "sex": "여성",
              "age": "20대"
            },
            "speechAct": "(단언) 주장하기",
            "morpheme": "논산/NNP+이랑/JKB+은/JX+물가/NNG+가/JKS+비교/NNG+가/JKS+안/MAG+되/VV+겠/EP+다ㅠ/UNKNOWN"
          },
          {
            "id": 11,
            "text": "1 : 맞아 그래서 강제 다이어트 중이야 ㅜㅜ",
            "norm_text": "맞아 그래서 강제 다이어트 중이야 ㅜㅜ",
            "speaker": {
              "id": "1번",
              "sex": "여성",
              "age": "20대"
            },
            "speechAct": "(단언) 진술하기",
            "morpheme": "맞아/IC+그래서/MAJ+강제/NNG+다이어트/NNG+중/NNB+이/VCP+야/EF+ㅜㅜ/UNKNOWN"
          },
          {
            "id": 12,
            "text": "2 : 그래도 먹는 건 잘 챙겨 먹어야 해 ㅠ",
            "norm_text": "그래도 먹는 건 잘 챙겨 먹어야 해 ㅠ",
            "speaker": {
              "id": "2번",
              "sex": "여성",
              "age": "20대"
            },
            "speechAct": "(단언) 주장하기",
            "morpheme": "그래도/MAJ+먹/VV+는/ETM+건/NNB+JX+잘/MAG+챙겨/VV+EC+먹/VV+어야/EC+해ㅠ/UNKNOWN"
          },
          {
            "id": 13,
            "text": "1 : 맞아 그래서 쫌 있다가 피자 먹을 거야.",
            "norm_text": "맞아 그래서 쫌 있다가 피자 먹을 거야.",
            "speaker": {
              "id": "1번",
              "sex": "여성",
              "age": "20대"
            },
            "speechAct": "(단언) 주장하기",
            "morpheme": "맞아/IC+그래서/MAJ+쫌/MAG+있/VV+다가/EC+피자/NNG+먹/VV+을/ETM+거/NNB+야/VCP+EF"
          },
          {
            "id": 14,
            "text": "2 : 우와 맛있겠다 ㅠ 나도 배고파지네 키키",
            "norm_text": "우와 맛있겠다 ㅠ 나도 배고파지네 키키",
            "speaker": {
              "id": "2번",
              "sex": "여성",
              "age": "20대"
            },
            "speechAct": "(단언) 주장하기",
            "morpheme": "우와/IC+맛있/VA+겠/EP+다ㅠ/UNKNOWN+나/NP+도/JX+배고파/VA+EC+지네/NNG+키/NNG+키/XSV+ETN"
          },
          {
            "id": 15,
            "text": "1 : 이제 곧 추석이니까 논산으로 가야지!",
            "norm_text": "이제 곧 추석이니까 논산으로 가야지!",
            "speaker": {
              "id": "1번",
              "sex": "여성",
              "age": "20대"
            },
            "speechAct": "(단언) 주장하기",
            "morpheme": "이제/MAG+곧추/MAG+석이/VV+니까/EC+논/VX+ETM+산/NNG+으로/JKB+가/VV+야지/EF"
          },
          {
            "id": 16,
            "text": "2 : 오 논산 오면 꼭 연락해 ! 키키",
            "norm_text": "오 논산 오면 꼭 연락해 ! 키키",
            "speaker": {
              "id": "2번",
              "sex": "여성",
              "age": "20대"
            },
            "speechAct": "(단언) 주장하기",
            "morpheme": "오논/NNP+산/XSN+오/VV+면/EC+꼭/MAG+연락/NNG+해/XSV+EF+키/NNG+키/XSV+ETN"
          }
        ]
      }
    }
  ]
}