{
  "dataset": {
    "identifier": 114263,
    "name": "BAND_43_06_set",
    "src_path": "/data/file/cubeManager/PROJECT001/80/txt20211102173311083516/BAND_43_06_set/",
    "label_path": "/data/file/cubeManager/PROJECT001/80/txt20211102173311083516/BAND_43_06_set/",
    "category": 2,
    "type": 0
  },
  "licenses": {
    "name": "Apache License 1.0",
    "url": "http://www.apache.org/licenses/LICENSE-1.0"
  },
  "info": [
    {
      "id": 131718,
      "filename": "BAND_43_06.txt",
      "title": "BAND_43_06",
      "mediatype": "SNS",
      "medianame": "네이버밴드",
      "category": "일상대화",
      "date": "2021-11-02",
      "size": 423,
      "annotations": {
        "subject": "교육",
        "speaker_type": "다자간 대화",
        "size": 423,
        "word_size": 135,
        "text": "1 : 빵 만드는거 배우고 싶어\n2 : 빵 만들어서 직접 먹을려고? 키키\n3 : 빵 만드는거 재밌지!\n1 : 키키 홈 베이킹 요즘 땡기더라\n2 : 와 키키 빵 만드는거 재밌긴 하겠다\n3 : 막상 만들면 기진맥진 되긴 하는데\n1 : 만들어서 나도 먹고 선물도 하고 싶어 키키\n2 : 오 선물 하는것도 좋긴하겠다 키키\n3 : 이쁘게 안나오면 큰일나겠는데 ? !\n1 : 키키 그러면 멘붕일듯 ㅠㅠ\n1 : 계속 연습해야지\n2 : 그래도 주방 엄청 더러워지겠다 키키\n3 : 밀가루 날려서 더러워지긴 하지...\n1 : 기구도 많이 필요 하던데 키키\n1 : 나 장비충이라 걱정되네\n2 : 그니깐\n2 : 돈 들어가는것도 장난 아이겠다\n3 : 장인은 도구탓을 하지않아!\n1 : 키키 난 아직 초보라...\n1 : 나도 알려주라\n2 : 그래도 배워 보는거는 좋은거 같긴하다!\n3 : 월 55만원에 모시겠습니다 손님",
        "lines": [
          {
            "id": 1,
            "text": "1 : 빵 만드는거 배우고 싶어",
            "norm_text": "빵 만드는거 배우고 싶어",
            "speaker": {
              "id": "1번",
              "sex": "여성",
              "age": "20대"
            },
            "speechAct": "(단언) 진술하기",
            "morpheme": "빵/NNG+만드/VV+는/ETM+거/NNB+배우/VV+고/EC+싶/VX+어/EC"
          },
          {
            "id": 2,
            "text": "2 : 빵 만들어서 직접 먹을려고? 키키",
            "norm_text": "빵 만들어서 직접 먹을려고? 키키",
            "speaker": {
              "id": "2번",
              "sex": "남성",
              "age": "20대"
            },
            "speechAct": "(지시) 질문하기",
            "morpheme": "빵/NNG+만들/VV+어서/EC+직접/MAG+먹/VV+을려고/EF+키/NNG+키/XSV+ETN"
          },
          {
            "id": 3,
            "text": "3 : 빵 만드는거 재밌지!",
            "norm_text": "빵 만드는거 재밌지!",
            "speaker": {
              "id": "3번",
              "sex": "남성",
              "age": "20대"
            },
            "speechAct": "(단언) 진술하기",
            "morpheme": "빵/NNG+만드/VV+는/ETM+거/NNB+재밌/VA+지/EF"
          },
          {
            "id": 4,
            "text": "1 : 키키 홈 베이킹 요즘 땡기더라",
            "norm_text": "키키 홈 베이킹 요즘 땡기더라",
            "speaker": {
              "id": "1번",
              "sex": "여성",
              "age": "20대"
            },
            "speechAct": "(단언) 진술하기",
            "morpheme": "키키/NNP+홈/NNP+베이/NNP+킹/NNP+요즘/NNG+땡기/VV+더라/EC"
          },
          {
            "id": 5,
            "text": "2 : 와 키키 빵 만드는거 재밌긴 하겠다",
            "norm_text": "와 키키 빵 만드는거 재밌긴 하겠다",
            "speaker": {
              "id": "2번",
              "sex": "남성",
              "age": "20대"
            },
            "speechAct": "(단언) 진술하기",
            "morpheme": "와키/NNP+키/NNG+빵/NNG+만드/VV+는/ETM+거/NNB+재밌/VA+긴/ETN+JX+하/VX+겠/EP+다/EC"
          },
          {
            "id": 6,
            "text": "3 : 막상 만들면 기진맥진 되긴 하는데",
            "norm_text": "막상 만들면 기진맥진 되긴 하는데",
            "speaker": {
              "id": "3번",
              "sex": "남성",
              "age": "20대"
            },
            "speechAct": "(단언) 진술하기",
            "morpheme": "막상/MAG+만들/VV+면/EC+기진맥진/NNG+되/XSV+긴/ETN+JX+하/VX+는데/EC"
          },
          {
            "id": 7,
            "text": "1 : 만들어서 나도 먹고 선물도 하고 싶어 키키",
            "norm_text": "만들어서 나도 먹고 선물도 하고 싶어 키키",
            "speaker": {
              "id": "1번",
              "sex": "여성",
              "age": "20대"
            },
            "speechAct": "(단언) 주장하기",
            "morpheme": "만들/VV+어서/EC+나/NP+도/JX+먹/VV+고/EC+선물/NNG+도/JX+하/VV+고/EC+싶/VX+어/EC+키/NNG+키/XSV+ETN"
          },
          {
            "id": 8,
            "text": "2 : 오 선물 하는것도 좋긴하겠다 키키",
            "norm_text": "오 선물 하는것도 좋긴하겠다 키키",
            "speaker": {
              "id": "2번",
              "sex": "남성",
              "age": "20대"
            },
            "speechAct": "(단언) 진술하기",
            "morpheme": "오/NR+선물/NNG+하/XSV+는/ETM+것/NNB+도/JX+좋/VA+긴/ETN+JX+하/VX+겠/EP+다키키/NNP"
          },
          {
            "id": 9,
            "text": "3 : 이쁘게 안나오면 큰일나겠는데 ? !",
            "norm_text": "이쁘게 안나오면 큰일나겠는데 ? !",
            "speaker": {
              "id": "3번",
              "sex": "남성",
              "age": "20대"
            },
            "speechAct": "(단언) 주장하기",
            "morpheme": "이쁘/VA+게/EC+안/MAG+나오/VV+면/EC+큰일나/VV+겠/EP+는데/EC+?/SY"
          },
          {
            "id": 10,
            "text": "1 : 키키 그러면 멘붕일듯 ㅠㅠ",
            "norm_text": "키키 그러면 멘붕일듯 ㅠㅠ",
            "speaker": {
              "id": "1번",
              "sex": "여성",
              "age": "20대"
            },
            "speechAct": "(단언) 진술하기",
            "morpheme": "키/NNG+키/XSV+ETN+그러/VV+면/EC+멘붕/NNP+일/VCP+ETM+듯/NNB+ㅠㅠ/UNKNOWN"
          },
          {
            "id": 11,
            "text": "1 : 계속 연습해야지",
            "norm_text": "계속 연습해야지",
            "speaker": {
              "id": "1번",
              "sex": "여성",
              "age": "20대"
            },
            "speechAct": "(단언) 진술하기",
            "morpheme": "계속/MAG+연습/NNG+해야지/XSV+EC"
          },
          {
            "id": 12,
            "text": "2 : 그래도 주방 엄청 더러워지겠다 키키",
            "norm_text": "그래도 주방 엄청 더러워지겠다 키키",
            "speaker": {
              "id": "2번",
              "sex": "남성",
              "age": "20대"
            },
            "speechAct": "(단언) 진술하기",
            "morpheme": "그래도/MAJ+주방/NNG+엄청/MAG+더러워지/VV+겠/EP+다키키/NNP"
          },
          {
            "id": 13,
            "text": "3 : 밀가루 날려서 더러워지긴 하지...",
            "norm_text": "밀가루 날려서 더러워지긴 하지...",
            "speaker": {
              "id": "3번",
              "sex": "남성",
              "age": "20대"
            },
            "speechAct": "(단언) 진술하기",
            "morpheme": "밀가루/NNG+날려서/VV+EC+더러워지/VV+긴/ETN+JX+하/VX+지/EF+./SY"
          },
          {
            "id": 14,
            "text": "1 : 기구도 많이 필요 하던데 키키",
            "norm_text": "기구도 많이 필요 하던데 키키",
            "speaker": {
              "id": "1번",
              "sex": "여성",
              "age": "20대"
            },
            "speechAct": "(단언) 진술하기",
            "morpheme": "기구/NNG+도/JX+많이/MAG+필요/NNG+하/XSV+던데/EC+키/NNG+키/XSV+ETN"
          },
          {
            "id": 15,
            "text": "1 : 나 장비충이라 걱정되네",
            "norm_text": "나 장비충이라 걱정되네",
            "speaker": {
              "id": "1번",
              "sex": "여성",
              "age": "20대"
            },
            "speechAct": "(단언) 진술하기",
            "morpheme": "나장/NNG+비충/NNG+이/VCP+라/EC+걱정/NNG+되/XSV+네/EC"
          },
          {
            "id": 16,
            "text": "2 : 그니깐",
            "norm_text": "그니깐",
            "speaker": {
              "id": "2번",
              "sex": "남성",
              "age": "20대"
            },
            "speechAct": "(단언) 주장하기",
            "morpheme": "그니깐/MAJ"
          },
          {
            "id": 17,
            "text": "2 : 돈 들어가는것도 장난 아이겠다",
            "norm_text": "돈 들어가는것도 장난 아이겠다",
            "speaker": {
              "id": "2번",
              "sex": "남성",
              "age": "20대"
            },
            "speechAct": "(단언) 진술하기",
            "morpheme": "돈/NNG+들어가/VV+는/ETM+것/NNB+도/JX+장난아/NNP+이/VCP+겠/EP+다/EC"
          },
          {
            "id": 18,
            "text": "3 : 장인은 도구탓을 하지않아!",
            "norm_text": "장인은 도구탓을 하지않아!",
            "speaker": {
              "id": "3번",
              "sex": "남성",
              "age": "20대"
            },
            "speechAct": "(단언) 진술하기",
            "morpheme": "장인/NNG+은/JX+도구/NNG+탓/NNG+을/JKO+하/VV+지/EC+않/VX+아/EF"
          },
          {
            "id": 19,
            "text": "1 : 키키 난 아직 초보라...",
            "norm_text": "키키 난 아직 초보라...",
            "speaker": {
              "id": "1번",
              "sex": "여성",
              "age": "20대"
            },
            "speechAct": "(단언) 진술하기",
            "morpheme": "키/NNG+키/XSV+ETN+난/NP+JX+아직/MAG+초보/NNG+라/VCP+EF+./SY"
          },
          {
            "id": 20,
            "text": "1 : 나도 알려주라",
            "norm_text": "나도 알려주라",
            "speaker": {
              "id": "1번",
              "sex": "여성",
              "age": "20대"
            },
            "speechAct": "(지시) 부탁하기",
            "morpheme": "나/NP+도/JX+알려/VV+EC+주/VX+라/EC"
          },
          {
            "id": 21,
            "text": "2 : 그래도 배워 보는거는 좋은거 같긴하다!",
            "norm_text": "그래도 배워 보는거는 좋은거 같긴하다!",
            "speaker": {
              "id": "2번",
              "sex": "남성",
              "age": "20대"
            },
            "speechAct": "(단언) 진술하기",
            "morpheme": "그래도/MAJ+배워/VV+EC+보/VX+는/ETM+거/NNB+는/JX+좋/VA+은/ETM+거/NNB+같/VA+긴/ETN+JX+하/VX+다/EF"
          },
          {
            "id": 22,
            "text": "3 : 월 55만원에 모시겠습니다 손님",
            "norm_text": "월 55만원에 모시겠습니다 손님",
            "speaker": {
              "id": "3번",
              "sex": "남성",
              "age": "20대"
            },
            "speechAct": "(단언) 진술하기",
            "morpheme": "월/NNG+55/SN+만/NR+원/NNBC+에/JKB+모시/VV+겠/EP+습니다/EF+손님/NNG"
          }
        ]
      }
    }
  ]
}