{
  "dataset": {
    "identifier": 51543,
    "name": "BAND_35_20_set",
    "src_path": "/data/file/cubeManager/PROJECT001/53/txt20210930140924072388/BAND_35_20_set/",
    "label_path": "/data/file/cubeManager/PROJECT001/53/txt20210930140924072388/BAND_35_20_set/",
    "category": 2,
    "type": 0
  },
  "licenses": {
    "name": "Apache License 1.0",
    "url": "http://www.apache.org/licenses/LICENSE-1.0"
  },
  "info": [
    {
      "id": 37670,
      "filename": "BAND_35_20.txt",
      "title": "BAND_35_20",
      "mediatype": "SNS",
      "medianame": "네이버밴드",
      "category": "일상대화",
      "date": "2021-09-30",
      "size": 706,
      "annotations": {
        "subject": "영화/만화",
        "speaker_type": "다자간 대화",
        "size": 706,
        "word_size": 244,
        "text": "1 : 영화관 안 간 지 오래돼서 가고 싶어\n1 : 나 영화 되게 좋아하는데\n2 : 헐 진짜 ㅠㅠ 난 빔프로젝터 사고 싶어!\n3 : 어제 티비에 영화가 좋다 이런 거 봤는데 재밌더라 빨리 자야 되는데 못 끊겠어 마약이야\n1 : 아니 영화가 좋다 이런 거 아직도 있어?\n2 : 티비 안 본다면서 키키\n2 : 어제 티비 봤어 **아?\n3 : 거기서 신과 함께 요약해 주는데 기억 하나도 안 나다가 보니까 잼써\n1 : 신과 함께 다들 봤어?\n2 : 신과 함께 재밌는데!\n2 : 그거 웹툰도 다 봄!\n3 : 아니 밥 먹을 때 잠깐 봤는데 꿀잼 키키\n1 : 난 요즘엔 유튜브를 많이 봐\n2 : 나도 키키 요즘에 유튜브 많이 봐\n3 : 유튜브로 뭐 보는데 다들?\n1 : 나도 신과 함께 웹툰도 다 봤어 영화로는 좀 많이  다르더라\n2 : 얼마 전에 짱구 다시 보기 했는데 재밌던데?\n3 : 키키 짱구가 짱구 본다 메롱 메롱\n1 : 짱구 내 친구도 아직도 봐 밥 먹을 때 마다\n2 : 아니 어이없어 키키 진짜 짱구는 너잖아\n3 : 나는야 멋쟁이 강짱구 말 안 듣는 강짱구!\n1 : 근데 짱구는 완전 **언니잖아\n2 : 키키 **아 너 진짜 좀 그렇다?\n3 : 키키 나는 유튜브로 주로 연참 봤던 것 같아 키키\n1 : 진짜 웃기다 키키 요즘엔 유튜브에서 티비 나오는 거 다 있어서 유튜브만 보게 돼\n2 : 암튼 다시 보니까 재밌더라 키키\n2 : 너네도 봐! 나랑 함께해\n3 : 유튜브가 광고 없이 바로 볼 수 있어서 좋긴 해",
        "lines": [
          {
            "id": 1,
            "text": "1 : 영화관 안 간 지 오래돼서 가고 싶어",
            "norm_text": "영화관 안 간 지 오래돼서 가고 싶어",
            "speaker": {
              "id": "1번",
              "sex": "여성",
              "age": "20대"
            },
            "speechAct": "(단언) 주장하기",
            "morpheme": "영화관/NNG+안/MAG+간지/VV+EC+오래/MAG+돼서/VV+EC+가/VX+고/EC+싶/VX+어/EC"
          },
          {
            "id": 2,
            "text": "1 : 나 영화 되게 좋아하는데",
            "norm_text": "나 영화 되게 좋아하는데",
            "speaker": {
              "id": "1번",
              "sex": "여성",
              "age": "20대"
            },
            "speechAct": "(단언) 주장하기",
            "morpheme": "나/NP+영화/NNG+되게/MAG+좋/VA+아/EC+하/VV+는데/EC"
          },
          {
            "id": 3,
            "text": "2 : 헐 진짜 ㅠㅠ 난 빔프로젝터 사고 싶어!",
            "norm_text": "헐 진짜 ㅠㅠ 난 빔프로젝터 사고 싶어!",
            "speaker": {
              "id": "2번",
              "sex": "여성",
              "age": "20대"
            },
            "speechAct": "(단언) 주장하기",
            "morpheme": "헐/IC+진짜/MAG+ㅠㅠ/UNKNOWN+난/NP+JX+빔/NNG+프로젝터/NNG+사/VV+고/EC+싶/VX+어/EF"
          },
          {
            "id": 4,
            "text": "3 : 어제 티비에 영화가 좋다 이런 거 봤는데 재밌더라 빨리 자야 되는데 못 끊겠어 마약이야",
            "norm_text": "어제 티비에 영화가 좋다 이런 거 봤는데 재밌더라 빨리 자야 되는데 못 끊겠어 마약이야",
            "speaker": {
              "id": "3번",
              "sex": "여성",
              "age": "20대"
            },
            "speechAct": "(단언) 주장하기",
            "morpheme": "어제/MAG+티비/NNG+에/JKB+영화/NNG+가/JKS+좋/VA+다/EF+이런/MM+거/NNB+봤/VV+EP+는데/EC+재밌/VA+더라/EF+빨리/MAG+자야/NNG+되/XSV+는데/EC+못/MAG+끊/VV+겠/EP+어/EC+마약/NNG+이/VCP+야/EC"
          },
          {
            "id": 5,
            "text": "1 : 아니 영화가 좋다 이런 거 아직도 있어?",
            "norm_text": "아니 영화가 좋다 이런 거 아직도 있어?",
            "speaker": {
              "id": "1번",
              "sex": "여성",
              "age": "20대"
            },
            "speechAct": "(지시) 질문하기",
            "morpheme": "아니/IC+영화/NNG+가/JKS+좋/VA+다/EF+이런/MM+거/NNB+아직/MAG+도/JX+있/VA+어/EF"
          },
          {
            "id": 6,
            "text": "2 : 티비 안 본다면서 키키",
            "norm_text": "티비 안 본다면서 키키",
            "speaker": {
              "id": "2번",
              "sex": "여성",
              "age": "20대"
            },
            "speechAct": "(단언) 반박하기",
            "morpheme": "티비/NNG+안/MAG+본다면/VV+EC+서키/NNP+키/NNG"
          },
          {
            "id": 7,
            "text": "2 : 어제 티비 봤어 **아?",
            "norm_text": "어제 티비 봤어 **아?",
            "speaker": {
              "id": "2번",
              "sex": "여성",
              "age": "20대"
            },
            "speechAct": "(지시) 질문하기",
            "morpheme": "어제/MAG+티비/NNG+봤/VV+EP+어/EC+*/SY+*/SY+아/IC"
          },
          {
            "id": 8,
            "text": "3 : 거기서 신과 함께 요약해 주는데 기억 하나도 안 나다가 보니까 잼써",
            "norm_text": "거기서 신과 함께 요약해 주는데 기억 하나도 안 나다가 보니까 잼써",
            "speaker": {
              "id": "3번",
              "sex": "여성",
              "age": "20대"
            },
            "speechAct": "(단언) 주장하기",
            "morpheme": "거기/NP+서/JKB+신/NNG+과/JKB+함께/MAG+요약/NNG+해/XSV+EC+주/VX+는데/EC+기억/NR+하나/NR+도/JX+안/MAG+나/VV+다가/EC+보/VX+니까/EC+잼/VV+ETN+써/VV+EC"
          },
          {
            "id": 9,
            "text": "1 : 신과 함께 다들 봤어?",
            "norm_text": "신과 함께 다들 봤어?",
            "speaker": {
              "id": "1번",
              "sex": "여성",
              "age": "20대"
            },
            "speechAct": "(지시) 질문하기",
            "morpheme": "신/NNG+과/JKB+함께/MAG+다/MAG+들/XSN+봤/VV+EP+어/EF"
          },
          {
            "id": 10,
            "text": "2 : 신과 함께 재밌는데!",
            "norm_text": "신과 함께 재밌는데!",
            "speaker": {
              "id": "2번",
              "sex": "여성",
              "age": "20대"
            },
            "speechAct": "(단언) 주장하기",
            "morpheme": "신/NNG+과/JKB+함께/MAG+재밌/VA+는데/EC"
          },
          {
            "id": 11,
            "text": "2 : 그거 웹툰도 다 봄!",
            "norm_text": "그거 웹툰도 다 봄!",
            "speaker": {
              "id": "2번",
              "sex": "여성",
              "age": "20대"
            },
            "speechAct": "(단언) 진술하기",
            "morpheme": "그거/NP+웹툰/NNP+도/JX+다/MAG+봄/NNG"
          },
          {
            "id": 12,
            "text": "3 : 아니 밥 먹을 때 잠깐 봤는데 꿀잼 키키",
            "norm_text": "아니 밥 먹을 때 잠깐 봤는데 꿀잼 키키",
            "speaker": {
              "id": "3번",
              "sex": "여성",
              "age": "20대"
            },
            "speechAct": "(단언) 주장하기",
            "morpheme": "아니/IC+밥/NNG+먹/VV+을/ETM+때/NNG+잠깐/MAG+봤/VV+EP+는데/EC+꿀/VV+ETM+잼/NNG+키/NNG+키/XSV+ETN"
          },
          {
            "id": 13,
            "text": "1 : 난 요즘엔 유튜브를 많이 봐",
            "norm_text": "난 요즘엔 유튜브를 많이 봐",
            "speaker": {
              "id": "1번",
              "sex": "여성",
              "age": "20대"
            },
            "speechAct": "(단언) 주장하기",
            "morpheme": "난/NP+JX+요즘/NNG+엔/JKB+JX+유튜브/NNP+를/JKO+많이/MAG+봐/VV+EC"
          },
          {
            "id": 14,
            "text": "2 : 나도 키키 요즘에 유튜브 많이 봐",
            "norm_text": "나도 키키 요즘에 유튜브 많이 봐",
            "speaker": {
              "id": "2번",
              "sex": "여성",
              "age": "20대"
            },
            "speechAct": "(단언) 주장하기",
            "morpheme": "나/NP+도/JX+키/NNG+키/NNG+요즘/NNG+에/JKB+유튜브/NNP+많이/MAG+봐/VV+EC"
          },
          {
            "id": 15,
            "text": "3 : 유튜브로 뭐 보는데 다들?",
            "norm_text": "유튜브로 뭐 보는데 다들?",
            "speaker": {
              "id": "3번",
              "sex": "여성",
              "age": "20대"
            },
            "speechAct": "(지시) 질문하기",
            "morpheme": "유튜브/NNP+로/JKB+뭐/IC+보/VV+는/ETM+데/NNB+다/JX+들/XSN"
          },
          {
            "id": 16,
            "text": "1 : 나도 신과 함께 웹툰도 다 봤어 영화로는 좀 많이  다르더라",
            "norm_text": "나도 신과 함께 웹툰도 다 봤어 영화로는 좀 많이  다르더라",
            "speaker": {
              "id": "1번",
              "sex": "여성",
              "age": "20대"
            },
            "speechAct": "(단언) 진술하기",
            "morpheme": "나/NP+도/JX+신/NNG+과/JKB+함께/MAG+웹툰/NNP+도/JX+다/MAG+봤/VV+EP+어/EC+영화/NNG+로/JKB+는/JX+좀/MAG+많이/MAG+다르/VA+더라/EC"
          },
          {
            "id": 17,
            "text": "2 : 얼마 전에 짱구 다시 보기 했는데 재밌던데?",
            "norm_text": "얼마 전에 짱구 다시 보기 했는데 재밌던데?",
            "speaker": {
              "id": "2번",
              "sex": "여성",
              "age": "20대"
            },
            "speechAct": "(단언) 주장하기",
            "morpheme": "얼마/NNG+전/NNG+에/JKB+짱구/NNG+다시/MAG+보/VV+기/ETN+했/VV+EP+는데/EC+재밌/VA+던데/EF"
          },
          {
            "id": 18,
            "text": "3 : 키키 짱구가 짱구 본다 메롱 메롱",
            "norm_text": "키키 짱구가 짱구 본다 메롱 메롱",
            "speaker": {
              "id": "3번",
              "sex": "여성",
              "age": "20대"
            },
            "speechAct": "(단언) 주장하기",
            "morpheme": "키/NNG+키/NNG+짱구/NNG+가/JKS+짱구/NNG+본다/VV+EF+메롱/IC+메롱/IC"
          },
          {
            "id": 19,
            "text": "1 : 짱구 내 친구도 아직도 봐 밥 먹을 때 마다",
            "norm_text": "짱구 내 친구도 아직도 봐 밥 먹을 때 마다",
            "speaker": {
              "id": "1번",
              "sex": "여성",
              "age": "20대"
            },
            "speechAct": "(단언) 진술하기",
            "morpheme": "짱구/NNG+내/NNB+친구/NNG+도/JX+아직/MAG+도/JX+봐/VV+EC+밥/NNG+먹/VV+을/ETM+때/NNG+마다/JX"
          },
          {
            "id": 20,
            "text": "2 : 아니 어이없어 키키 진짜 짱구는 너잖아",
            "norm_text": "아니 어이없어 키키 진짜 짱구는 너잖아",
            "speaker": {
              "id": "2번",
              "sex": "여성",
              "age": "20대"
            },
            "speechAct": "(단언) 주장하기",
            "morpheme": "아니/IC+어이없/VA+어/EC+키/NNG+키/XSV+ETN+진짜/MAG+짱구/NNG+는/JX+너/NP+잖아/VCP+EC+VX+EC"
          },
          {
            "id": 21,
            "text": "3 : 나는야 멋쟁이 강짱구 말 안 듣는 강짱구!",
            "norm_text": "나는야 멋쟁이 강짱구 말 안 듣는 강짱구!",
            "speaker": {
              "id": "3번",
              "sex": "여성",
              "age": "20대"
            },
            "speechAct": "(단언) 주장하기",
            "morpheme": "나/NP+는/JX+야/IC+멋쟁이/NNG+강/NNG+짱구/NNG+말/NNG+안/MAG+듣/VV+는강/EC+짱구/NNG"
          },
          {
            "id": 22,
            "text": "1 : 근데 짱구는 완전 **언니잖아",
            "norm_text": "근데 짱구는 완전 **언니잖아",
            "speaker": {
              "id": "1번",
              "sex": "여성",
              "age": "20대"
            },
            "speechAct": "(단언) 주장하기",
            "morpheme": "근데/MAJ+짱구/NNG+는/JX+완전/NNG+*/SY+*/SY+언니/NNG+잖아/VCP+EC+VX+EC"
          },
          {
            "id": 23,
            "text": "2 : 키키 **아 너 진짜 좀 그렇다?",
            "norm_text": "키키 **아 너 진짜 좀 그렇다?",
            "speaker": {
              "id": "2번",
              "sex": "여성",
              "age": "20대"
            },
            "speechAct": "(단언) 주장하기",
            "morpheme": "키/NNG+키/XSV+ETN+*/SY+*/SY+아/IC+너/NP+진짜/MAG+좀/MAG+그렇/VA+다/EF"
          },
          {
            "id": 24,
            "text": "3 : 키키 나는 유튜브로 주로 연참 봤던 것 같아 키키",
            "norm_text": "키키 나는 유튜브로 주로 연참 봤던 것 같아 키키",
            "speaker": {
              "id": "3번",
              "sex": "여성",
              "age": "20대"
            },
            "speechAct": "(단언) 주장하기",
            "morpheme": "키/NNG+키나/XSA+ETN+JX+는/JX+유튜브/NNP+로/JKB+주로/MAG+연참/NNG+봤/VV+EP+던/ETM+것/NNB+같/VA+아/EC+키/NNG+키/XSV+ETN"
          },
          {
            "id": 25,
            "text": "1 : 진짜 웃기다 키키 요즘엔 유튜브에서 티비 나오는 거 다 있어서 유튜브만 보게 돼",
            "norm_text": "진짜 웃기다 키키 요즘엔 유튜브에서 티비 나오는 거 다 있어서 유튜브만 보게 돼",
            "speaker": {
              "id": "1번",
              "sex": "여성",
              "age": "20대"
            },
            "speechAct": "(단언) 주장하기",
            "morpheme": "진짜/MAG+웃/VV+기/ETN+다키키/NNP+요즘/NNG+엔/JKB+JX+유튜브/NNP+에서/JKB+티비/NNG+나오/VV+는/ETM+거/NNB+다/VCP+EC+있/VX+어서/EC+유튜브/NNP+만/JX+보/VV+게/EC+돼/VV+EC"
          },
          {
            "id": 26,
            "text": "2 : 암튼 다시 보니까 재밌더라 키키",
            "norm_text": "암튼 다시 보니까 재밌더라 키키",
            "speaker": {
              "id": "2번",
              "sex": "여성",
              "age": "20대"
            },
            "speechAct": "(단언) 주장하기",
            "morpheme": "암튼/MAJ+다시/MAG+보/VV+니까/EC+재밌/VA+더라/EC+키/NNG+키/XSV+ETN"
          },
          {
            "id": 27,
            "text": "2 : 너네도 봐! 나랑 함께해",
            "norm_text": "너네도 봐! 나랑 함께해",
            "speaker": {
              "id": "2번",
              "sex": "여성",
              "age": "20대"
            },
            "speechAct": "(지시) 충고/제안하기",
            "morpheme": "너/NP+네/XSN+도/JX+봐/VX+EF+나/NP+랑/JKB+함께/MAG+해/VV+EC"
          },
          {
            "id": 28,
            "text": "3 : 유튜브가 광고 없이 바로 볼 수 있어서 좋긴 해",
            "norm_text": "유튜브가 광고 없이 바로 볼 수 있어서 좋긴 해",
            "speaker": {
              "id": "3번",
              "sex": "여성",
              "age": "20대"
            },
            "speechAct": "(단언) 주장하기",
            "morpheme": "유튜브/NNP+가/JKS+광고/NNG+없이/MAG+바로/MAG+볼/VV+ETM+수/NNB+있/VV+어서/EC+좋/VA+긴/ETN+JX+해/VX+EC"
          }
        ]
      }
    }
  ]
}