{
  "dataset": {
    "identifier": 113400,
    "name": "BAND_43_19_set",
    "src_path": "/data/file/cubeManager/PROJECT001/80/txt20211102173311093844/BAND_43_19_set/",
    "label_path": "/data/file/cubeManager/PROJECT001/80/txt20211102173311093844/BAND_43_19_set/",
    "category": 2,
    "type": 0
  },
  "licenses": {
    "name": "Apache License 1.0",
    "url": "http://www.apache.org/licenses/LICENSE-1.0"
  },
  "info": [
    {
      "id": 131731,
      "filename": "BAND_43_19.txt",
      "title": "BAND_43_19",
      "mediatype": "SNS",
      "medianame": "네이버밴드",
      "category": "일상대화",
      "date": "2021-11-02",
      "size": 418,
      "annotations": {
        "subject": "방송/연예",
        "speaker_type": "다자간 대화",
        "size": 418,
        "word_size": 134,
        "text": "1 : 요즘 예능 뭐 볼거 있어?\n2 : 음 요즘엔 크게 막 볼건없더라\n3 : 빨리 신서유기 다시 해주라\n1 : 아 맞아\n1 : 신서유기 언제 나와\n2 : 나는 무한도전이 젤 재밌었는데\n3 : 무한도전은 오래전에 끝났지 않아?\n1 : ㅇㅈ 무도는 예능에서 빠질수 없지\n2 : 그래서 나는 유튜브로 무한도전 옛날꺼 맨날 보는데 키키\n3 : 난 그때 1박 2일 봤었어 키키\n1 : 와 키키 둘다 진짜 오랜만이다 키키\n2 : 1박2일은 진짜 시즌1 이후에는 별로였는데\n3 : 시즌2가 레전드 아니야?\n3 : 시즌1은 노홍철시절인데\n1 : 그 엠씨몽이랑 김씨 나온게 언제야\n2 : 아 그게 시즌2야?\n2 : 맞어 그때가 젤 재밌긴했지 키키\n3 : 그게 시즌2야 엠씨몽나오는게\n1 : 그때가 레전드 제일 재밌었어\n2 : 맞어 그때 이승기가 예능으로 확떴지 키키\n3 : 이승기 진짜 허당 이미지",
        "lines": [
          {
            "id": 1,
            "text": "1 : 요즘 예능 뭐 볼거 있어?",
            "norm_text": "요즘 예능 뭐 볼거 있어?",
            "speaker": {
              "id": "1번",
              "sex": "여성",
              "age": "20대"
            },
            "speechAct": "(지시) 질문하기",
            "morpheme": "요즘/NNG+예능/NNG+뭐/IC+볼/VV+ETM+거/NNB+있/VA+어/EF"
          },
          {
            "id": 2,
            "text": "2 : 음 요즘엔 크게 막 볼건없더라",
            "norm_text": "음 요즘엔 크게 막 볼건없더라",
            "speaker": {
              "id": "2번",
              "sex": "남성",
              "age": "20대"
            },
            "speechAct": "(단언) 주장하기",
            "morpheme": "음/IC+요즘/NNG+엔/JKB+JX+크/VA+게/EC+막/VV+볼/EC+VX+ETM+건/NNB+JX+없/VA+더라/EC"
          },
          {
            "id": 3,
            "text": "3 : 빨리 신서유기 다시 해주라",
            "norm_text": "빨리 신서유기 다시 해주라",
            "speaker": {
              "id": "3번",
              "sex": "남성",
              "age": "20대"
            },
            "speechAct": "(단언) 주장하기",
            "morpheme": "빨리/MAG+신/XPN+서유기/NNG+다시/MAG+해/VV+EC+주/VX+라/EC"
          },
          {
            "id": 4,
            "text": "1 : 아 맞아",
            "norm_text": "아 맞아",
            "speaker": {
              "id": "1번",
              "sex": "여성",
              "age": "20대"
            },
            "speechAct": "(단언) 주장하기",
            "morpheme": "아/IC+맞/VV+아/EC"
          },
          {
            "id": 5,
            "text": "1 : 신서유기 언제 나와",
            "norm_text": "신서유기 언제 나와",
            "speaker": {
              "id": "1번",
              "sex": "여성",
              "age": "20대"
            },
            "speechAct": "(단언) 주장하기",
            "morpheme": "신서/NNP+유기/NNG+언제/MAG+나와/VV+EC"
          },
          {
            "id": 6,
            "text": "2 : 나는 무한도전이 젤 재밌었는데",
            "norm_text": "나는 무한도전이 젤 재밌었는데",
            "speaker": {
              "id": "2번",
              "sex": "남성",
              "age": "20대"
            },
            "speechAct": "(단언) 주장하기",
            "morpheme": "나/NP+는/JX+무한도전/NNP+이/JKS+젤/MAG+재밌/VA+었/EP+는데/EC"
          },
          {
            "id": 7,
            "text": "3 : 무한도전은 오래전에 끝났지 않아?",
            "norm_text": "무한도전은 오래전에 끝났지 않아?",
            "speaker": {
              "id": "3번",
              "sex": "남성",
              "age": "20대"
            },
            "speechAct": "(지시) 질문하기",
            "morpheme": "무한도전/NNP+은/JX+오래/MAG+전/NNG+에/JKB+끝났/VV+EP+지/EC+않/VX+아/EF"
          },
          {
            "id": 8,
            "text": "1 : ㅇㅈ 무도는 예능에서 빠질수 없지",
            "norm_text": "ㅇㅈ 무도는 예능에서 빠질수 없지",
            "speaker": {
              "id": "1번",
              "sex": "여성",
              "age": "20대"
            },
            "speechAct": "(단언) 주장하기",
            "morpheme": "ㅇㅈ/UNKNOWN+무도/NNG+는/JX+예능/NNG+에서/JKB+빠질/VV+ETM+수/NNB+없/VA+지/EC"
          },
          {
            "id": 9,
            "text": "2 : 그래서 나는 유튜브로 무한도전 옛날꺼 맨날 보는데 키키",
            "norm_text": "그래서 나는 유튜브로 무한도전 옛날꺼 맨날 보는데 키키",
            "speaker": {
              "id": "2번",
              "sex": "남성",
              "age": "20대"
            },
            "speechAct": "(단언) 주장하기",
            "morpheme": "그래서/MAJ+나/NP+는/JX+유튜브/NNP+로/JKB+무한도전/NNP+옛날/NNG+꺼/VV+EC+맨날/MAG+보/VV+는데/EC+키/NNG+키/XSV+ETN"
          },
          {
            "id": 10,
            "text": "3 : 난 그때 1박 2일 봤었어 키키",
            "norm_text": "난 그때 1박 2일 봤었어 키키",
            "speaker": {
              "id": "3번",
              "sex": "남성",
              "age": "20대"
            },
            "speechAct": "(단언) 주장하기",
            "morpheme": "난/NP+JX+그때/NNG+1/SN+박/NNBC+2/SN+일/NNBC+봤었/VV+EP+어/EC+키/NNG+키/XSV+ETN"
          },
          {
            "id": 11,
            "text": "1 : 와 키키 둘다 진짜 오랜만이다 키키",
            "norm_text": "와 키키 둘다 진짜 오랜만이다 키키",
            "speaker": {
              "id": "1번",
              "sex": "여성",
              "age": "20대"
            },
            "speechAct": "(단언) 주장하기",
            "morpheme": "와키/NNP+키/NNG+둘/NR+다/MAG+진짜/MAG+오랜만/NNG+이/JKS+다키키/NNP"
          },
          {
            "id": 12,
            "text": "2 : 1박2일은 진짜 시즌1 이후에는 별로였는데",
            "norm_text": "1박2일은 진짜 시즌1 이후에는 별로였는데",
            "speaker": {
              "id": "2번",
              "sex": "남성",
              "age": "20대"
            },
            "speechAct": "(단언) 주장하기",
            "morpheme": "1/SN+박/NNBC+2/SN+일/NNBC+은/JX+진짜/MAG+시즌/NNG+1/SN+이후/NNG+에/JKB+는/JX+별로/MAG+였/VCP+EP+는데/EC"
          },
          {
            "id": 13,
            "text": "3 : 시즌2가 레전드 아니야?",
            "norm_text": "시즌2가 레전드 아니야?",
            "speaker": {
              "id": "3번",
              "sex": "남성",
              "age": "20대"
            },
            "speechAct": "(지시) 질문하기",
            "morpheme": "시즌/NNG+2/SN+가/JKS+레전드/NNP+아니/VCN+야/EF"
          },
          {
            "id": 14,
            "text": "3 : 시즌1은 노홍철시절인데",
            "norm_text": "시즌1은 노홍철시절인데",
            "speaker": {
              "id": "3번",
              "sex": "남성",
              "age": "20대"
            },
            "speechAct": "(단언) 주장하기",
            "morpheme": "시즌/NNG+1/SN+은/JX+노홍철/NNP+시절/NNG+인데/VCP+EC"
          },
          {
            "id": 15,
            "text": "1 : 그 엠씨몽이랑 김씨 나온게 언제야",
            "norm_text": "그 엠씨몽이랑 김씨 나온게 언제야",
            "speaker": {
              "id": "1번",
              "sex": "여성",
              "age": "20대"
            },
            "speechAct": "(단언) 주장하기",
            "morpheme": "그/MM+엠씨/NNP+몽/NNP+이랑/JC+김/NNP+씨/NNB+나온/VV+ETM+게/NNB+JKS+언제/NP+야/VCP+EF"
          },
          {
            "id": 16,
            "text": "2 : 아 그게 시즌2야?",
            "norm_text": "아 그게 시즌2야?",
            "speaker": {
              "id": "2번",
              "sex": "남성",
              "age": "20대"
            },
            "speechAct": "(지시) 질문하기",
            "morpheme": "아/IC+그게/NP+JKS+시즌/NNG+2/SN+야/VCP+EF"
          },
          {
            "id": 17,
            "text": "2 : 맞어 그때가 젤 재밌긴했지 키키",
            "norm_text": "맞어 그때가 젤 재밌긴했지 키키",
            "speaker": {
              "id": "2번",
              "sex": "남성",
              "age": "20대"
            },
            "speechAct": "(단언) 주장하기",
            "morpheme": "맞/VV+어/EC+그때/NNG+가/JKS+젤/MAG+재밌/VA+긴/ETN+JX+했/VX+EP+지/EC+키/NNG+키/XSV+ETN"
          },
          {
            "id": 18,
            "text": "3 : 그게 시즌2야 엠씨몽나오는게",
            "norm_text": "그게 시즌2야 엠씨몽나오는게",
            "speaker": {
              "id": "3번",
              "sex": "남성",
              "age": "20대"
            },
            "speechAct": "(단언) 진술하기",
            "morpheme": "그게/NP+JKS+시즌/NNG+2/SN+야/IC+엠/NNP+씨/NNB+몽/NNG+나오/VV+는/ETM+게/NNB+JKS"
          },
          {
            "id": 19,
            "text": "1 : 그때가 레전드 제일 재밌었어",
            "norm_text": "그때가 레전드 제일 재밌었어",
            "speaker": {
              "id": "1번",
              "sex": "여성",
              "age": "20대"
            },
            "speechAct": "(단언) 주장하기",
            "morpheme": "그때/NNG+가/JKS+레전드/NNP+제일/MAG+재밌/VA+었/EP+어/EC"
          },
          {
            "id": 20,
            "text": "2 : 맞어 그때 이승기가 예능으로 확떴지 키키",
            "norm_text": "맞어 그때 이승기가 예능으로 확떴지 키키",
            "speaker": {
              "id": "2번",
              "sex": "남성",
              "age": "20대"
            },
            "speechAct": "(단언) 주장하기",
            "morpheme": "맞/VV+어/EC+그때/NNG+이승기/NNP+가/JKS+예능/NNG+으로/JKB+확/MAG+떴/VV+EP+지/EC+키/NNG+키/XSV+ETN"
          },
          {
            "id": 21,
            "text": "3 : 이승기 진짜 허당 이미지",
            "norm_text": "이승기 진짜 허당 이미지",
            "speaker": {
              "id": "3번",
              "sex": "남성",
              "age": "20대"
            },
            "speechAct": "(단언) 주장하기",
            "morpheme": "이승기/NNP+진짜/MAG+허당/NNP+이미지/NNP"
          }
        ]
      }
    }
  ]
}