{
  "dataset": {
    "identifier": 97675,
    "name": "BAND_39_19_set",
    "src_path": "/data/file/cubeManager/PROJECT001/77/txt20211029151155098076/BAND_39_19_set/",
    "label_path": "/data/file/cubeManager/PROJECT001/77/txt20211029151155098076/BAND_39_19_set/",
    "category": 2,
    "type": 0
  },
  "licenses": {
    "name": "Apache License 1.0",
    "url": "http://www.apache.org/licenses/LICENSE-1.0"
  },
  "info": [
    {
      "id": 109681,
      "filename": "BAND_39_19.txt",
      "title": "BAND_39_19",
      "mediatype": "SNS",
      "medianame": "네이버밴드",
      "category": "일상대화",
      "date": "2021-10-29",
      "size": 509,
      "annotations": {
        "subject": "방송/연예",
        "speaker_type": "다자간 대화",
        "size": 509,
        "word_size": 157,
        "text": "1 : 다들 마지막으로 들은 노래가 뭐야?\n2 : ,크리스마스 캐롤!\n2 : 크리스마스 짱 조아 꺄래래래래래래래랠\n3 : 키키 너무 땅겨 듣네\n3 : 난 너,너 듣는중!\n1 : 벌써...?\n1 : 클쓰마쓰 맞은 준비중이여? 키키\n1 : 그 노래는 뭐야?\n2 : 추워지면 캐롤 시작이여,\n2 : 발라드 아니냐~?\n3 : 맞아 발라드충의 눈물이랄까...ㅎ\n1 : 키키 난 정준하 아새우 들었는데 키키\n2 : 키키 에에? 정준하 신앨범 냈어...?\n3 : 뭐야 나 시대에 뒤쳐진거야...? 키키\n1 : 아 새우 더 크게 아 새우 더 높게~ 이거 몰라?\n2 : 웅성웅성 역시 차도녀, 트렌드를 따라가는구만,\n3 : 나만 모르는 거 아니라 안심하고 갑니다~\n1 : 키키 중독성 장난 아니야 키키\n1 : 나중에 들어봐\n2 : 키키 오케이~^^\n2 : 요즘 노래는 또 들어줘야징 ㅋ\n3 : 들어봐야겠네 추천하면 듣는 편이거든~\n1 : 문세윤 노래도 들어봐 키키 나름 좋아\n2 : 키키 ㅜㅜ 그 핑크가발 쓰고 부른 거?\n3 : 부... 부끄뚱... 벌써 부끄럽네 키키",
        "lines": [
          {
            "id": 1,
            "text": "1 : 다들 마지막으로 들은 노래가 뭐야?",
            "norm_text": "다들 마지막으로 들은 노래가 뭐야?",
            "speaker": {
              "id": "1번",
              "sex": "여성",
              "age": "20대"
            },
            "speechAct": "(지시) 질문하기",
            "morpheme": "다/MAG+들/XSN+마지막/NNG+으로/JKB+들/VV+은/ETM+노래/NNG+가/JKS+뭐/NP+야/VCP+EF"
          },
          {
            "id": 2,
            "text": "2 : ,크리스마스 캐롤!",
            "norm_text": ",크리스마스 캐롤!",
            "speaker": {
              "id": "2번",
              "sex": "여성",
              "age": "20대"
            },
            "speechAct": "(단언) 진술하기",
            "morpheme": ",/SC+크리스마스/NNP+캐롤/NNP"
          },
          {
            "id": 3,
            "text": "2 : 크리스마스 짱 조아 꺄래래래래래래래랠",
            "norm_text": "크리스마스 짱 조아 꺄래래래래래래래랠",
            "speaker": {
              "id": "2번",
              "sex": "여성",
              "age": "20대"
            },
            "speechAct": "(단언) 진술하기",
            "morpheme": "크리스마스/NNP+짱/NNG+조아/NNG+꺄래/UNKNOWN+래/VCP+EF+래래/UNKNOWN+래/VCP+EF+래래/UNKNOWN+랠/ETM"
          },
          {
            "id": 4,
            "text": "3 : 키키 너무 땅겨 듣네",
            "norm_text": "키키 너무 땅겨 듣네",
            "speaker": {
              "id": "3번",
              "sex": "남성",
              "age": "20대"
            },
            "speechAct": "(단언) 진술하기",
            "morpheme": "키키너무땅겨듣네/UNKNOWN"
          },
          {
            "id": 5,
            "text": "3 : 난 너,너 듣는중!",
            "norm_text": "난 너,너 듣는중!",
            "speaker": {
              "id": "3번",
              "sex": "남성",
              "age": "20대"
            },
            "speechAct": "(단언) 진술하기",
            "morpheme": "난/NP+JX+너/NP+,/SC+너/NP+듣/VV+는/ETM+중/NNB"
          },
          {
            "id": 6,
            "text": "1 : 벌써...?",
            "norm_text": "벌써...?",
            "speaker": {
              "id": "1번",
              "sex": "여성",
              "age": "20대"
            },
            "speechAct": "(지시) 질문하기",
            "morpheme": "벌써/MAG+./SY+./SY"
          },
          {
            "id": 7,
            "text": "1 : 클쓰마쓰 맞은 준비중이여? 키키",
            "norm_text": "클쓰마쓰 맞은 준비중이여? 키키",
            "speaker": {
              "id": "1번",
              "sex": "여성",
              "age": "20대"
            },
            "speechAct": "(지시) 질문하기",
            "morpheme": "클쓰마쓰맞은준비중이여/UNKNOWN+키/NNG+키/XSV+ETN"
          },
          {
            "id": 8,
            "text": "1 : 그 노래는 뭐야?",
            "norm_text": "그 노래는 뭐야?",
            "speaker": {
              "id": "1번",
              "sex": "여성",
              "age": "20대"
            },
            "speechAct": "(지시) 질문하기",
            "morpheme": "그/MM+노래/NNG+는/JX+뭐/NP+야/VCP+EF"
          },
          {
            "id": 9,
            "text": "2 : 추워지면 캐롤 시작이여,",
            "norm_text": "추워지면 캐롤 시작이여,",
            "speaker": {
              "id": "2번",
              "sex": "여성",
              "age": "20대"
            },
            "speechAct": "(단언) 진술하기",
            "morpheme": "추워/VA+EC+지/VX+면/EC+캐/NNG+롤/JKB+시작/NNG+이/VCP+여/EC+,/SC"
          },
          {
            "id": 10,
            "text": "2 : 발라드 아니냐~?",
            "norm_text": "발라드 아니냐~?",
            "speaker": {
              "id": "2번",
              "sex": "여성",
              "age": "20대"
            },
            "speechAct": "(지시) 질문하기",
            "morpheme": "발라드/NNG+아니/VCN+냐/EC+~/SY"
          },
          {
            "id": 11,
            "text": "3 : 맞아 발라드충의 눈물이랄까...ㅎ",
            "norm_text": "맞아 발라드충의 눈물이랄까...ㅎ",
            "speaker": {
              "id": "3번",
              "sex": "남성",
              "age": "20대"
            },
            "speechAct": "(단언) 진술하기",
            "morpheme": "맞/VV+아/EC+발라드/NNG+충/NNG+의/JKG+눈물/NNG+이/VCP+랄까/EF+./SY+ㅎ/XSA"
          },
          {
            "id": 12,
            "text": "1 : 키키 난 정준하 아새우 들었는데 키키",
            "norm_text": "키키 난 정준하 아새우 들었는데 키키",
            "speaker": {
              "id": "1번",
              "sex": "여성",
              "age": "20대"
            },
            "speechAct": "(단언) 진술하기",
            "morpheme": "키/NNG+키/XSV+ETN+난/VV+ETM+정준/NNG+하/XSV+아/EC+새우/NNG+들/VV+었/EP+는데/EC+키/NNG+키/XSV+ETN"
          },
          {
            "id": 13,
            "text": "2 : 키키 에에? 정준하 신앨범 냈어...?",
            "norm_text": "키키 에에? 정준하 신앨범 냈어...?",
            "speaker": {
              "id": "2번",
              "sex": "여성",
              "age": "20대"
            },
            "speechAct": "(지시) 질문하기",
            "morpheme": "키/NNG+키/NNG+에/JKB+에/IC+정준/NNG+하/XSV+신/EP+ETM+앨범/NNG+냈/VV+EP+어/EF+./SY+./SY"
          },
          {
            "id": 14,
            "text": "3 : 뭐야 나 시대에 뒤쳐진거야...? 키키",
            "norm_text": "뭐야 나 시대에 뒤쳐진거야...? 키키",
            "speaker": {
              "id": "3번",
              "sex": "남성",
              "age": "20대"
            },
            "speechAct": "(지시) 질문하기",
            "morpheme": "뭐/NP+야/VCP+EF+나/NP+시대/NNG+에/JKB+뒤쳐진/VV+ETM+거/NNB+야/VCP+EF+./SY+./SY+키/NNG+키/XSV+ETN"
          },
          {
            "id": 15,
            "text": "1 : 아 새우 더 크게 아 새우 더 높게~ 이거 몰라?",
            "norm_text": "아 새우 더 크게 아 새우 더 높게~ 이거 몰라?",
            "speaker": {
              "id": "1번",
              "sex": "여성",
              "age": "20대"
            },
            "speechAct": "(지시) 질문하기",
            "morpheme": "아새우더크게아새우더높게/UNKNOWN+~/SY+이거/NP+몰라/VV+EF"
          },
          {
            "id": 16,
            "text": "2 : 웅성웅성 역시 차도녀, 트렌드를 따라가는구만,",
            "norm_text": "웅성웅성 역시 차도녀, 트렌드를 따라가는구만,",
            "speaker": {
              "id": "2번",
              "sex": "여성",
              "age": "20대"
            },
            "speechAct": "(단언) 진술하기",
            "morpheme": "웅성웅성/MAG+역시/MAJ+차/NNG+도/JX+녀/NNG+,/SC+트렌드/NNG+를/JKO+따라가/VV+는/ETM+구만/NNG+,/SC"
          },
          {
            "id": 17,
            "text": "3 : 나만 모르는 거 아니라 안심하고 갑니다~",
            "norm_text": "나만 모르는 거 아니라 안심하고 갑니다~",
            "speaker": {
              "id": "3번",
              "sex": "남성",
              "age": "20대"
            },
            "speechAct": "(단언) 진술하기",
            "morpheme": "나/NP+만/JX+모르/VV+는/ETM+거/NNB+아니/VCN+라/EC+안심/NNG+하/XSV+고/EC+갑니다/VX+EC+~/SY"
          },
          {
            "id": 18,
            "text": "1 : 키키 중독성 장난 아니야 키키",
            "norm_text": "키키 중독성 장난 아니야 키키",
            "speaker": {
              "id": "1번",
              "sex": "여성",
              "age": "20대"
            },
            "speechAct": "(단언) 진술하기",
            "morpheme": "키/NNG+키/NNG+중독/NNG+성/XSN+장난/NNG+아니/VCN+야/EC+키/NNG+키/XSV+ETN"
          },
          {
            "id": 19,
            "text": "1 : 나중에 들어봐",
            "norm_text": "나중에 들어봐",
            "speaker": {
              "id": "1번",
              "sex": "여성",
              "age": "20대"
            },
            "speechAct": "(단언) 진술하기",
            "morpheme": "나중/NNG+에/JKB+들/VV+어/EC+봐/VX+EC"
          },
          {
            "id": 20,
            "text": "2 : 키키 오케이~^^",
            "norm_text": "키키 오케이~^^",
            "speaker": {
              "id": "2번",
              "sex": "여성",
              "age": "20대"
            },
            "speechAct": "(표현) 긍정감정 표현하기",
            "morpheme": "키키/NNP+오케이/NNP+~/SY+^/SY+^/SY"
          },
          {
            "id": 21,
            "text": "2 : 요즘 노래는 또 들어줘야징 ㅋ",
            "norm_text": "요즘 노래는 또 들어줘야징 ㅋ",
            "speaker": {
              "id": "2번",
              "sex": "여성",
              "age": "20대"
            },
            "speechAct": "(단언) 진술하기",
            "morpheme": "요즘/NNG+노래/NNG+는/JX+또/MAG+들/VV+어/EC+줘야/VX+EC+징ㅋ/UNKNOWN"
          },
          {
            "id": 22,
            "text": "3 : 들어봐야겠네 추천하면 듣는 편이거든~",
            "norm_text": "들어봐야겠네 추천하면 듣는 편이거든~",
            "speaker": {
              "id": "3번",
              "sex": "남성",
              "age": "20대"
            },
            "speechAct": "(단언) 진술하기",
            "morpheme": "들/VV+어/EC+봐야/VX+EC+VV+겠/EP+네/EF+추천/NNG+하/XSV+면/EC+듣/VV+는/ETM+편/NNB+이/VCP+거든/EF+~/SY"
          },
          {
            "id": 23,
            "text": "1 : 문세윤 노래도 들어봐 키키 나름 좋아",
            "norm_text": "문세윤 노래도 들어봐 키키 나름 좋아",
            "speaker": {
              "id": "1번",
              "sex": "여성",
              "age": "20대"
            },
            "speechAct": "(단언) 진술하기",
            "morpheme": "문세윤/NNP+노래/NNG+도/JX+들/VV+어/EC+봐/VX+EF+키/NNG+키/XSV+ETN+나름/NNB+좋/VA+아/EC"
          },
          {
            "id": 24,
            "text": "2 : 키키 ㅜㅜ 그 핑크가발 쓰고 부른 거?",
            "norm_text": "키키 ㅜㅜ 그 핑크가발 쓰고 부른 거?",
            "speaker": {
              "id": "2번",
              "sex": "여성",
              "age": "20대"
            },
            "speechAct": "(지시) 질문하기",
            "morpheme": "키/NNG+키/XSV+ETN+ㅜㅜ/UNKNOWN+그/MM+핑크/NNG+가/JKS+발/NNG+쓰/VV+고/EC+부른/VV+ETM+거/NNB"
          },
          {
            "id": 25,
            "text": "3 : 부... 부끄뚱... 벌써 부끄럽네 키키",
            "norm_text": "부... 부끄뚱... 벌써 부끄럽네 키키",
            "speaker": {
              "id": "3번",
              "sex": "남성",
              "age": "20대"
            },
            "speechAct": "(단언) 진술하기",
            "morpheme": "부/NNG+./SY+./SY+부끄/NNP+뚱/NNG+./SY+./SY+벌써/MAG+부끄럽/VA+네/EF+키/NNG+키/XSV+ETN"
          }
        ]
      }
    }
  ]
}