{
  "dataset": {
    "identifier": 104222,
    "name": "BAND_40_08_set",
    "src_path": "/data/file/cubeManager/PROJECT001/77/txt20211029151156006670/BAND_40_08_set/",
    "label_path": "/data/file/cubeManager/PROJECT001/77/txt20211029151156006670/BAND_40_08_set/",
    "category": 2,
    "type": 0
  },
  "licenses": {
    "name": "Apache License 1.0",
    "url": "http://www.apache.org/licenses/LICENSE-1.0"
  },
  "info": [
    {
      "id": 109690,
      "filename": "BAND_40_08.txt",
      "title": "BAND_40_08",
      "mediatype": "SNS",
      "medianame": "네이버밴드",
      "category": "일상대화",
      "date": "2021-10-29",
      "size": 479,
      "annotations": {
        "subject": "연애/결혼",
        "speaker_type": "다자간 대화",
        "size": 479,
        "word_size": 159,
        "text": "1 : 연하가 좋아 연상이 좋아?\n2 : 나는 연상을 안 만나봤는데 연상 만나보고싶어\n3 : 나는 듬직한 누나가 좋아\n1 : 둘 다 연상이네 키키\n1 : 나도 무조건 연상\n2 : 어린 친구들 좀 만나봤는데 다 어린게 티가 나거라고 ㅠㅠ\n3 : 사실 누굴 가릴 처지가 아니긴해\n1 : 키키 그건 인정 지금 처지엔 다 받아야지\n2 : 그치 키키\n2 : 너무 어리지만 않으면 될 거 같애\n3 : 너무 어리면 징징 거리는 게 싫긴해\n1 : 최대 몇 살 차 까지 가능?\n2 : 위로는 3-4살 밑으로는 1살정도?\n3 : 나는 위아래 5살까지도 괜찮아\n1 : 오옹 키키 내 친구는 띠동갑까지 가능하대 키키\n2 : 헐 키키 대박이네 키키 띠동갑...\n2 : 나는 6살 밑으로 만나봤는데 어우 심하던데ㅠ\n3 : 띠동갑까지...?\n3 : 대단한 친구네\n1 : 키키 상상불가야 키키\n1 : 나도 세네살 차이가 젤 좋은듯\n2 : 맞어 보통은 그 정도지 키키 띠동갑…\n3 : 근데 뭐 이쁘면 나이차 안 느껴질 거 같아",
        "lines": [
          {
            "id": 1,
            "text": "1 : 연하가 좋아 연상이 좋아?",
            "norm_text": "연하가 좋아 연상이 좋아?",
            "speaker": {
              "id": "1번",
              "sex": "여성",
              "age": "20대"
            },
            "speechAct": "(지시) 질문하기",
            "morpheme": "연하/NNG+가/JKS+좋/VA+아/EC+연상/NNG+이/JKS+좋/VA+아/EF"
          },
          {
            "id": 2,
            "text": "2 : 나는 연상을 안 만나봤는데 연상 만나보고싶어",
            "norm_text": "나는 연상을 안 만나봤는데 연상 만나보고싶어",
            "speaker": {
              "id": "2번",
              "sex": "남성",
              "age": "20대"
            },
            "speechAct": "(단언) 주장하기",
            "morpheme": "나/NP+는/JX+연상/NNG+을/JKO+안/MAG+만나/VV+EC+봤/VX+EP+는데/EC+연상/NNG+만나/VV+EC+보/VX+고/EC+싶/VX+어/EC"
          },
          {
            "id": 3,
            "text": "3 : 나는 듬직한 누나가 좋아",
            "norm_text": "나는 듬직한 누나가 좋아",
            "speaker": {
              "id": "3번",
              "sex": "남성",
              "age": "20대"
            },
            "speechAct": "(단언) 주장하기",
            "morpheme": "나/NP+는/JX+듬직/XR+한/XSA+ETM+누나/NNG+가/JKS+좋/VA+아/EC"
          },
          {
            "id": 4,
            "text": "1 : 둘 다 연상이네 키키",
            "norm_text": "둘 다 연상이네 키키",
            "speaker": {
              "id": "1번",
              "sex": "여성",
              "age": "20대"
            },
            "speechAct": "(단언) 주장하기",
            "morpheme": "둘/NR+다/MAG+연상/NNG+이/JKS+네/MM+키/NNG+키/XSV+ETN"
          },
          {
            "id": 5,
            "text": "1 : 나도 무조건 연상",
            "norm_text": "나도 무조건 연상",
            "speaker": {
              "id": "1번",
              "sex": "여성",
              "age": "20대"
            },
            "speechAct": "(단언) 주장하기",
            "morpheme": "나/NP+도/JX+무조건/MAG+연상/NNG"
          },
          {
            "id": 6,
            "text": "2 : 어린 친구들 좀 만나봤는데 다 어린게 티가 나거라고 ㅠㅠ",
            "norm_text": "어린 친구들 좀 만나봤는데 다 어린게 티가 나거라고 ㅠㅠ",
            "speaker": {
              "id": "2번",
              "sex": "남성",
              "age": "20대"
            },
            "speechAct": "(단언) 진술하기",
            "morpheme": "어린/VA+ETM+친구/NNG+들/XSN+좀/MAG+만나/VV+EC+봤/VX+EP+는데/EC+다/MAG+어린/VA+ETM+게/NNB+JKS+티가나/NNP+거/NNB+라고/VCP+EC+ㅠㅠ/UNKNOWN"
          },
          {
            "id": 7,
            "text": "3 : 사실 누굴 가릴 처지가 아니긴해",
            "norm_text": "사실 누굴 가릴 처지가 아니긴해",
            "speaker": {
              "id": "3번",
              "sex": "남성",
              "age": "20대"
            },
            "speechAct": "(단언) 주장하기",
            "morpheme": "사실/MAG+누굴/NP+JKO+가릴/VV+ETM+처지/NNG+가/JKC+아니/VCN+긴/ETN+JX+해/VX+EC"
          },
          {
            "id": 8,
            "text": "1 : 키키 그건 인정 지금 처지엔 다 받아야지",
            "norm_text": "키키 그건 인정 지금 처지엔 다 받아야지",
            "speaker": {
              "id": "1번",
              "sex": "여성",
              "age": "20대"
            },
            "speechAct": "(단언) 주장하기",
            "morpheme": "키/NNG+키/XSV+ETN+그건/NP+JX+인정/NNG+지금/MAG+처지/NNG+엔/JKB+JX+다/MAG+받/VV+아야지/EC"
          },
          {
            "id": 9,
            "text": "2 : 그치 키키",
            "norm_text": "그치 키키",
            "speaker": {
              "id": "2번",
              "sex": "남성",
              "age": "20대"
            },
            "speechAct": "(단언) 주장하기",
            "morpheme": "그치/IC+키/NNG+키/XSV+ETN"
          },
          {
            "id": 10,
            "text": "2 : 너무 어리지만 않으면 될 거 같애",
            "norm_text": "너무 어리지만 않으면 될 거 같애",
            "speaker": {
              "id": "2번",
              "sex": "남성",
              "age": "20대"
            },
            "speechAct": "(단언) 주장하기",
            "morpheme": "너무/MAG+어리/VA+지만/EC+않/VX+으면/EC+될/VV+ETM+거/NNB+같/VA+애/EC"
          },
          {
            "id": 11,
            "text": "3 : 너무 어리면 징징 거리는 게 싫긴해",
            "norm_text": "너무 어리면 징징 거리는 게 싫긴해",
            "speaker": {
              "id": "3번",
              "sex": "남성",
              "age": "20대"
            },
            "speechAct": "(단언) 주장하기",
            "morpheme": "너무/MAG+어리/VA+면/EC+징징거리/VV+는/ETM+게/NNB+JKS+싫/VA+긴/ETN+JX+해/VX+EC"
          },
          {
            "id": 12,
            "text": "1 : 최대 몇 살 차 까지 가능?",
            "norm_text": "최대 몇 살 차 까지 가능?",
            "speaker": {
              "id": "1번",
              "sex": "여성",
              "age": "20대"
            },
            "speechAct": "(지시) 질문하기",
            "morpheme": "최대/NNG+몇/MM+살/NNBC+차/NNG+까지/JX+가능/NNG"
          },
          {
            "id": 13,
            "text": "2 : 위로는 3-4살 밑으로는 1살정도?",
            "norm_text": "위로는 3-4살 밑으로는 1살정도?",
            "speaker": {
              "id": "2번",
              "sex": "남성",
              "age": "20대"
            },
            "speechAct": "(단언) 주장하기",
            "morpheme": "위/NNG+로/JKB+는/JX+3/SN+-/SY+4/SN+살/NNBC+밑/NNG+으로/JKB+는/JX+1/SN+살/NNBC+정도/NNG"
          },
          {
            "id": 14,
            "text": "3 : 나는 위아래 5살까지도 괜찮아",
            "norm_text": "나는 위아래 5살까지도 괜찮아",
            "speaker": {
              "id": "3번",
              "sex": "남성",
              "age": "20대"
            },
            "speechAct": "(단언) 주장하기",
            "morpheme": "나/NP+는/JX+위아래/NNG+5/SN+살/NNBC+까지/JX+도/JX+괜찮/VA+아/EC"
          },
          {
            "id": 15,
            "text": "1 : 오옹 키키 내 친구는 띠동갑까지 가능하대 키키",
            "norm_text": "오옹 키키 내 친구는 띠동갑까지 가능하대 키키",
            "speaker": {
              "id": "1번",
              "sex": "여성",
              "age": "20대"
            },
            "speechAct": "(단언) 진술하기",
            "morpheme": "오/NR+옹/NNG+키/NNG+키/XSV+ETN+내/NP+JKG+친구/NNG+는/JX+띠동갑/NNG+까지/JX+가능/NNG+하대/NNG+키/NNG+키/XSV+ETN"
          },
          {
            "id": 16,
            "text": "2 : 헐 키키 대박이네 키키 띠동갑...",
            "norm_text": "헐 키키 대박이네 키키 띠동갑...",
            "speaker": {
              "id": "2번",
              "sex": "남성",
              "age": "20대"
            },
            "speechAct": "(단언) 주장하기",
            "morpheme": "헐키키대박이네키키띠동갑/UNKNOWN+./SY"
          },
          {
            "id": 17,
            "text": "2 : 나는 6살 밑으로 만나봤는데 어우 심하던데ㅠ",
            "norm_text": "나는 6살 밑으로 만나봤는데 어우 심하던데ㅠ",
            "speaker": {
              "id": "2번",
              "sex": "남성",
              "age": "20대"
            },
            "speechAct": "(단언) 주장하기",
            "morpheme": "나/NP+는/JX+6/SN+살/NNBC+밑/NNG+으로/JKB+만나/VV+EC+봤/VX+EP+는데/EC+어/IC+우심/NNG+하/XSV+던/ETM+데ㅠ/UNKNOWN"
          },
          {
            "id": 18,
            "text": "3 : 띠동갑까지...?",
            "norm_text": "띠동갑까지...?",
            "speaker": {
              "id": "3번",
              "sex": "남성",
              "age": "20대"
            },
            "speechAct": "(단언) 진술하기",
            "morpheme": "띠동갑/NNG+까지/JX+./SY+./SY"
          },
          {
            "id": 19,
            "text": "3 : 대단한 친구네",
            "norm_text": "대단한 친구네",
            "speaker": {
              "id": "3번",
              "sex": "남성",
              "age": "20대"
            },
            "speechAct": "(단언) 주장하기",
            "morpheme": "대단/XR+한/XSA+ETM+친구/NNG+네/XSN"
          },
          {
            "id": 20,
            "text": "1 : 키키 상상불가야 키키",
            "norm_text": "키키 상상불가야 키키",
            "speaker": {
              "id": "1번",
              "sex": "여성",
              "age": "20대"
            },
            "speechAct": "(단언) 주장하기",
            "morpheme": "키/NNG+키/NNG+상상/NNG+불가/NNG+야/VCP+EF+키/NNG+키/XSV+ETN"
          },
          {
            "id": 21,
            "text": "1 : 나도 세네살 차이가 젤 좋은듯",
            "norm_text": "나도 세네살 차이가 젤 좋은듯",
            "speaker": {
              "id": "1번",
              "sex": "여성",
              "age": "20대"
            },
            "speechAct": "(단언) 주장하기",
            "morpheme": "나/NP+도/JX+세/MM+네/MM+살/NNBC+차이/NNG+가/JKS+젤/MAG+좋/VA+은/ETM+듯/NNB"
          },
          {
            "id": 22,
            "text": "2 : 맞어 보통은 그 정도지 키키 띠동갑…",
            "norm_text": "맞어 보통은 그 정도지 키키 띠동갑…",
            "speaker": {
              "id": "2번",
              "sex": "남성",
              "age": "20대"
            },
            "speechAct": "(단언) 주장하기",
            "morpheme": "맞어보통은그정도지키키띠동갑/UNKNOWN+…/SE"
          },
          {
            "id": 23,
            "text": "3 : 근데 뭐 이쁘면 나이차 안 느껴질 거 같아",
            "norm_text": "근데 뭐 이쁘면 나이차 안 느껴질 거 같아",
            "speaker": {
              "id": "3번",
              "sex": "남성",
              "age": "20대"
            },
            "speechAct": "(단언) 주장하기",
            "morpheme": "근데/MAJ+뭐/IC+이쁘/VA+면/EC+나이/NNG+차/NNG+안/MAG+느껴질/VV+EC+VX+ETM+거/NNB+같/VA+아/EC"
          }
        ]
      }
    }
  ]
}