{
  "dataset": {
    "identifier": 29548,
    "name": "BAND_25_05_set",
    "src_path": "/data/file/cubeManager/PROJECT001/49/txt20210916100054029922/BAND_25_05_set/",
    "label_path": "/data/file/cubeManager/PROJECT001/49/txt20210916100054029922/BAND_25_05_set/",
    "category": 2,
    "type": 0
  },
  "licenses": {
    "name": "Apache License 1.0",
    "url": "http://www.apache.org/licenses/LICENSE-1.0"
  },
  "info": [
    {
      "id": 26650,
      "filename": "BAND_25_05.txt",
      "title": "BAND_25_05",
      "mediatype": "SNS",
      "medianame": "네이버밴드",
      "category": "일상대화",
      "date": "2021-09-16",
      "size": 406,
      "annotations": {
        "subject": "군대",
        "speaker_type": "1:1",
        "size": 406,
        "word_size": 138,
        "text": "1 : 니 동생은 아예 말뚝 박을 거래?\n2 : 어 그런 셈이지 대전에 있더라 잘 지낸대 키키\n1 : 대전에도 그 곳이 있어?\n1 : 나는 몰랐네!\n2 : 나도 몰랐는데 택배를 거기로 보내 달라네?\n1 : 무슨 택배 보내 달라고 하는데?\n2 : 뭐 스포츠 의류 그런 거?\n1 : 아 이제 숙소 생활 해야 해서 옷 보내 달라는 거구나!\n2 : 그런가 봐 근데 무지막지하게 돈 쓰더라\n1 : 숙소는 군에서 지원해 주는 건가?\n2 : 아마 그렇지 않을까? 그거까지 돈 내는 건 아니지 않나?\n1 : 근데 돈 쓸 곳이 어디 있대?\n2 : 의류 요즘에 또 버즈2인가 그것도 사고 보내 달래\n1 : 군복만 입는데 무슨 옷을 그렇게 산대? 키키\n2 : 아 자기가 필요한 게 있나 봐\n1 : 아직 하사 초봉일텐데 아껴 쓰라고 해!\n2 : 내가 뭐 말한다고 들을까? 키키",
        "lines": [
          {
            "id": 1,
            "text": "1 : 니 동생은 아예 말뚝 박을 거래?",
            "norm_text": "니 동생은 아예 말뚝 박을 거래?",
            "speaker": {
              "id": "1번",
              "sex": "여성",
              "age": "20대"
            },
            "speechAct": "(지시) 질문하기",
            "morpheme": "니/MM+동생/NNG+은/JX+아예/MAG+말뚝/NNG+박/VV+을/ETM+거/NNB+래/VCP+EF"
          },
          {
            "id": 2,
            "text": "2 : 어 그런 셈이지 대전에 있더라 잘 지낸대 키키",
            "norm_text": "어 그런 셈이지 대전에 있더라 잘 지낸대 키키",
            "speaker": {
              "id": "2번",
              "sex": "여성",
              "age": "20대"
            },
            "speechAct": "(단언) 진술하기",
            "morpheme": "어/IC+그런/MM+셈/NNG+이/JKS+지대/NNG+전/NNG+에/JKB+있/VV+더라/EF+잘/MAG+지낸/VV+ETM+대/XPN+키/NNG+키/XSV+ETN"
          },
          {
            "id": 3,
            "text": "1 : 대전에도 그 곳이 있어?",
            "norm_text": "대전에도 그 곳이 있어?",
            "speaker": {
              "id": "1번",
              "sex": "여성",
              "age": "20대"
            },
            "speechAct": "(지시) 질문하기",
            "morpheme": "대전/NNP+에/JKB+도/JX+그곳/NP+이/JKS+있/VA+어/EF"
          },
          {
            "id": 4,
            "text": "1 : 나는 몰랐네!",
            "norm_text": "나는 몰랐네!",
            "speaker": {
              "id": "1번",
              "sex": "여성",
              "age": "20대"
            },
            "speechAct": "(단언) 주장하기",
            "morpheme": "나/NP+는/JX+몰랐/VV+EP+네/EF"
          },
          {
            "id": 5,
            "text": "2 : 나도 몰랐는데 택배를 거기로 보내 달라네?",
            "norm_text": "나도 몰랐는데 택배를 거기로 보내 달라네?",
            "speaker": {
              "id": "2번",
              "sex": "여성",
              "age": "20대"
            },
            "speechAct": "(단언) 진술하기",
            "morpheme": "나/NP+도/JX+몰랐/VV+EP+는데/EC+택배/NNG+를/JKO+거기/NP+로/JKB+보내/VV+EC+달/VX+라네/EF"
          },
          {
            "id": 6,
            "text": "1 : 무슨 택배 보내 달라고 하는데?",
            "norm_text": "무슨 택배 보내 달라고 하는데?",
            "speaker": {
              "id": "1번",
              "sex": "여성",
              "age": "20대"
            },
            "speechAct": "(지시) 질문하기",
            "morpheme": "무슨/MM+택배/NNG+보내/VV+EC+달/VX+라고/EC+하/VV+는데/EC"
          },
          {
            "id": 7,
            "text": "2 : 뭐 스포츠 의류 그런 거?",
            "norm_text": "뭐 스포츠 의류 그런 거?",
            "speaker": {
              "id": "2번",
              "sex": "여성",
              "age": "20대"
            },
            "speechAct": "(단언) 진술하기",
            "morpheme": "뭐/IC+스포츠/NNG+의류/NNG+그런/MM+거/NNB"
          },
          {
            "id": 8,
            "text": "1 : 아 이제 숙소 생활 해야 해서 옷 보내 달라는 거구나!",
            "norm_text": "아 이제 숙소 생활 해야 해서 옷 보내 달라는 거구나!",
            "speaker": {
              "id": "1번",
              "sex": "여성",
              "age": "20대"
            },
            "speechAct": "(단언) 주장하기",
            "morpheme": "아/IC+이제/MAG+숙소/NNG+생활/NNG+해야/XSV+EC+해서/VV+EC+옷/NNG+보내/VV+EC+달/VX+라는/ETM+거/NNB+구나/VCP+EF"
          },
          {
            "id": 9,
            "text": "2 : 그런가 봐 근데 무지막지하게 돈 쓰더라",
            "norm_text": "그런가 봐 근데 무지막지하게 돈 쓰더라",
            "speaker": {
              "id": "2번",
              "sex": "여성",
              "age": "20대"
            },
            "speechAct": "(단언) 진술하기",
            "morpheme": "그런가/VA+EC+봐/VX+EF+근데/MAJ+무지막지/XR+하/XSA+게/EC+돈/NNG+쓰/VV+더라/EC"
          },
          {
            "id": 10,
            "text": "1 : 숙소는 군에서 지원해 주는 건가?",
            "norm_text": "숙소는 군에서 지원해 주는 건가?",
            "speaker": {
              "id": "1번",
              "sex": "여성",
              "age": "20대"
            },
            "speechAct": "(지시) 질문하기",
            "morpheme": "숙소/NNG+는/JX+군/NNG+에서/JKB+지원/NNG+해/XSV+EC+주/VX+는/ETM+건가/NNB+VCP+EF"
          },
          {
            "id": 11,
            "text": "2 : 아마 그렇지 않을까? 그거까지 돈 내는 건 아니지 않나?",
            "norm_text": "아마 그렇지 않을까? 그거까지 돈 내는 건 아니지 않나?",
            "speaker": {
              "id": "2번",
              "sex": "여성",
              "age": "20대"
            },
            "speechAct": "(단언) 주장하기",
            "morpheme": "아마/MAG+그렇/VA+지/EC+않/VX+을까/EF+그거/NP+까지/JX+돈/NNG+내/VV+는/ETM+건/NNB+JX+아니/VCN+지/EC+않/VX+나/EF"
          },
          {
            "id": 12,
            "text": "1 : 근데 돈 쓸 곳이 어디 있대?",
            "norm_text": "근데 돈 쓸 곳이 어디 있대?",
            "speaker": {
              "id": "1번",
              "sex": "여성",
              "age": "20대"
            },
            "speechAct": "(지시) 질문하기",
            "morpheme": "근데/MAJ+돈/NNG+쓸/VV+ETM+곳/NNG+이/JKS+어디/NP+있/VA+대/EF"
          },
          {
            "id": 13,
            "text": "2 : 의류 요즘에 또 버즈2인가 그것도 사고 보내 달래",
            "norm_text": "의류 요즘에 또 버즈2인가 그것도 사고 보내 달래",
            "speaker": {
              "id": "2번",
              "sex": "여성",
              "age": "20대"
            },
            "speechAct": "(단언) 진술하기",
            "morpheme": "의류/NNG+요즘/NNG+에/JKB+또/MAG+버즈/NNG+2/SN+인가/VCP+EC+그것/NP+도/JX+사/VV+고/EC+보내/VV+EC+달래/VV+EC"
          },
          {
            "id": 14,
            "text": "1 : 군복만 입는데 무슨 옷을 그렇게 산대? 키키",
            "norm_text": "군복만 입는데 무슨 옷을 그렇게 산대? 키키",
            "speaker": {
              "id": "1번",
              "sex": "여성",
              "age": "20대"
            },
            "speechAct": "(지시) 질문하기",
            "morpheme": "군복/NNG+만/JX+입/VV+는데/EC+무슨/MM+옷/NNG+을/JKO+그렇게/MAG+산대/NNG+?/SY+키/NNG+키/XSV+ETN"
          },
          {
            "id": 15,
            "text": "2 : 아 자기가 필요한 게 있나 봐",
            "norm_text": "아 자기가 필요한 게 있나 봐",
            "speaker": {
              "id": "2번",
              "sex": "여성",
              "age": "20대"
            },
            "speechAct": "(단언) 진술하기",
            "morpheme": "아/IC+자기/NP+가/JKS+필요/NNG+한/XSA+ETM+게/NNB+JKS+있/VA+나/EC+봐/VX+EC"
          },
          {
            "id": 16,
            "text": "1 : 아직 하사 초봉일텐데 아껴 쓰라고 해!",
            "norm_text": "아직 하사 초봉일텐데 아껴 쓰라고 해!",
            "speaker": {
              "id": "1번",
              "sex": "여성",
              "age": "20대"
            },
            "speechAct": "(지시) 충고/제안하기",
            "morpheme": "아직/MAG+하사/NNG+초봉/NNG+일/VCP+ETM+텐데/NNB+VCP+EC+아껴/VV+EC+쓰/VV+라고/EC+해/VX+EF"
          },
          {
            "id": 17,
            "text": "2 : 내가 뭐 말한다고 들을까? 키키",
            "norm_text": "내가 뭐 말한다고 들을까? 키키",
            "speaker": {
              "id": "2번",
              "sex": "여성",
              "age": "20대"
            },
            "speechAct": "(단언) 주장하기",
            "morpheme": "내/NP+가/JKS+뭐/IC+말/NNG+한다고/XSV+EC+들/VX+을까/EF+키/NNG+키/XSV+ETN"
          }
        ]
      }
    }
  ]
}