{
  "dataset": {
    "identifier": 114274,
    "name": "BAND_42_18_set",
    "src_path": "/data/file/cubeManager/PROJECT001/80/txt20211102154324037344/BAND_42_18_set/",
    "label_path": "/data/file/cubeManager/PROJECT001/80/txt20211102154324037344/BAND_42_18_set/",
    "category": 2,
    "type": 0
  },
  "licenses": {
    "name": "Apache License 1.0",
    "url": "http://www.apache.org/licenses/LICENSE-1.0"
  },
  "info": [
    {
      "id": 130322,
      "filename": "BAND_42_18.txt",
      "title": "BAND_42_18",
      "mediatype": "SNS",
      "medianame": "네이버밴드",
      "category": "일상대화",
      "date": "2021-11-02",
      "size": 551,
      "annotations": {
        "subject": "상거래 전반",
        "speaker_type": "다자간 대화",
        "size": 551,
        "word_size": 193,
        "text": "1 : 다들 겨울 준비는 잘했어?\n2 : 아직,\n2 : 작년에 산 옷들도 뻐겨야쥬~\n3 : 난 이번에 패딩 좀 사야겠어...\n3 : 날이 추워\n1 : 겨울 옷 사고 싶은데 키키 노머니 ㅜㅜ\n2 : 키키 ㅜㅜ 마저 패딩 필수,\n2 : 나는 목도리 사구픈디 ㅜㅜ\n3 : 머니가 문제긴 하지...\n3 : 키키 열심히 벌어야징\n1 : 목도리는 골라놨슈? 키키\n1 : 난 골랐는데 머니 충당 중\n2 : 키키 응! 근데 별로래서 또 고민 키키\n3 : 키키 완전 신중하게 골라야지\n3 : 아직 시간 많아서!\n1 : 키키 난 이미 두 개 골라놨지롱\n2 : 키키 헐 부럽다 두 개나~\n2 : 캐시미어 많은 거 사구픈데 비싸겠쥐~?\n3 : 돈 열심히 벌어서 사고 싶은 거 사는 맛... 좋은뎅\n1 : 키키 비싸지 ㅜㅠ\n1 : 슬프네\n1 : 좋은 건 다 비싸\n2 : 그치 그치 ㅜㅜ~\n2 : 괜히 비싼 게 아녀~\n3 : 비싼 게 이쁜 거 국룰이야 ㅠㅠ\n1 : 키키 뭐 그래도 오래 쓰니깐 투자해도 나쁘지 않아\n2 : 마저 마저\n2 : 근데 안경도 사야 해서 후 담 달도 힘들 듯~^^\n3 : 맞아\n3 : 이쁘게 오래 입으니까 예쁨만 유지하면 되겠답 ㅎ...",
        "lines": [
          {
            "id": 1,
            "text": "1 : 다들 겨울 준비는 잘했어?",
            "norm_text": "다들 겨울 준비는 잘했어?",
            "speaker": {
              "id": "1번",
              "sex": "여성",
              "age": "20대"
            },
            "speechAct": "(지시) 질문하기",
            "morpheme": "다/MAG+들/XSN+겨울/NNG+준비/NNG+는/JX+잘/MAG+했/VV+EP+어/EF"
          },
          {
            "id": 2,
            "text": "2 : 아직,",
            "norm_text": "아직,",
            "speaker": {
              "id": "2번",
              "sex": "여성",
              "age": "20대"
            },
            "speechAct": "(단언) 진술하기",
            "morpheme": "아직/MAG+,/SC"
          },
          {
            "id": 3,
            "text": "2 : 작년에 산 옷들도 뻐겨야쥬~",
            "norm_text": "작년에 산 옷들도 뻐겨야쥬~",
            "speaker": {
              "id": "2번",
              "sex": "여성",
              "age": "20대"
            },
            "speechAct": "(단언) 진술하기",
            "morpheme": "작년에산옷들도뻐겨야쥬/UNKNOWN+~/SY"
          },
          {
            "id": 4,
            "text": "3 : 난 이번에 패딩 좀 사야겠어...",
            "norm_text": "난 이번에 패딩 좀 사야겠어...",
            "speaker": {
              "id": "3번",
              "sex": "남성",
              "age": "20대"
            },
            "speechAct": "(단언) 진술하기",
            "morpheme": "난/NP+JX+이번/NNG+에/JKB+패딩/NNG+좀/MAG+사/VV+야/EC+VX+겠/EP+어/EF+./SY"
          },
          {
            "id": 5,
            "text": "3 : 날이 추워",
            "norm_text": "날이 추워",
            "speaker": {
              "id": "3번",
              "sex": "남성",
              "age": "20대"
            },
            "speechAct": "(단언) 주장하기",
            "morpheme": "날/NNG+이/JKS+추워/VA+EC"
          },
          {
            "id": 6,
            "text": "1 : 겨울 옷 사고 싶은데 키키 노머니 ㅜㅜ",
            "norm_text": "겨울 옷 사고 싶은데 키키 노머니 ㅜㅜ",
            "speaker": {
              "id": "1번",
              "sex": "여성",
              "age": "20대"
            },
            "speechAct": "(단언) 진술하기",
            "morpheme": "겨울옷/NNG+사/VV+고/EC+싶/VX+은데/EC+키키/NNP+노머/NNP+니/VCP+EC+ㅜㅜ/UNKNOWN"
          },
          {
            "id": 7,
            "text": "2 : 키키 ㅜㅜ 마저 패딩 필수,",
            "norm_text": "키키 ㅜㅜ 마저 패딩 필수,",
            "speaker": {
              "id": "2번",
              "sex": "여성",
              "age": "20대"
            },
            "speechAct": "(단언) 주장하기",
            "morpheme": "키키ㅜㅜ마저패딩필수/UNKNOWN+,/SC"
          },
          {
            "id": 8,
            "text": "2 : 나는 목도리 사구픈디 ㅜㅜ",
            "norm_text": "나는 목도리 사구픈디 ㅜㅜ",
            "speaker": {
              "id": "2번",
              "sex": "여성",
              "age": "20대"
            },
            "speechAct": "(단언) 진술하기",
            "morpheme": "나/NP+는/JX+목도리/NNG+사/VV+구/EC+픈/VX+ETM+디/NNG+ㅜㅜ/UNKNOWN"
          },
          {
            "id": 9,
            "text": "3 : 머니가 문제긴 하지...",
            "norm_text": "머니가 문제긴 하지...",
            "speaker": {
              "id": "3번",
              "sex": "남성",
              "age": "20대"
            },
            "speechAct": "(단언) 진술하기",
            "morpheme": "머니/NNG+가/JKS+문제/NNG+긴/VCP+ETN+JX+하/VX+지/EF+./SY"
          },
          {
            "id": 10,
            "text": "3 : 키키 열심히 벌어야징",
            "norm_text": "키키 열심히 벌어야징",
            "speaker": {
              "id": "3번",
              "sex": "남성",
              "age": "20대"
            },
            "speechAct": "(단언) 진술하기",
            "morpheme": "키/NNG+키/NNG+열심히/MAG+벌어/VV+야징/EC"
          },
          {
            "id": 11,
            "text": "1 : 목도리는 골라놨슈? 키키",
            "norm_text": "목도리는 골라놨슈? 키키",
            "speaker": {
              "id": "1번",
              "sex": "여성",
              "age": "20대"
            },
            "speechAct": "(지시) 질문하기",
            "morpheme": "목도리/NNG+는/JX+골라/VV+EC+놨/VX+EP+슈/EF+키/NNG+키/XSV+ETN"
          },
          {
            "id": 12,
            "text": "1 : 난 골랐는데 머니 충당 중",
            "norm_text": "난 골랐는데 머니 충당 중",
            "speaker": {
              "id": "1번",
              "sex": "여성",
              "age": "20대"
            },
            "speechAct": "(단언) 진술하기",
            "morpheme": "난/NP+JX+골랐/VA+EP+는데/EC+머니/NNG+충당/NNG+중/NNB"
          },
          {
            "id": 13,
            "text": "2 : 키키 응! 근데 별로래서 또 고민 키키",
            "norm_text": "키키 응! 근데 별로래서 또 고민 키키",
            "speaker": {
              "id": "2번",
              "sex": "여성",
              "age": "20대"
            },
            "speechAct": "(단언) 진술하기",
            "morpheme": "키/NNG+키/XSV+ETN+응/IC+근데별로래서또고민키키/UNKNOWN"
          },
          {
            "id": 14,
            "text": "3 : 키키 완전 신중하게 골라야지",
            "norm_text": "키키 완전 신중하게 골라야지",
            "speaker": {
              "id": "3번",
              "sex": "남성",
              "age": "20대"
            },
            "speechAct": "(단언) 진술하기",
            "morpheme": "키/NNG+키/NNG+완전/NNG+신중/NNG+하/XSV+게/EC+골라야/VV+EC+VX+지/EC"
          },
          {
            "id": 15,
            "text": "3 : 아직 시간 많아서!",
            "norm_text": "아직 시간 많아서!",
            "speaker": {
              "id": "3번",
              "sex": "남성",
              "age": "20대"
            },
            "speechAct": "(단언) 진술하기",
            "morpheme": "아직/MAG+시간/NNG+많/VA+아서/EC"
          },
          {
            "id": 16,
            "text": "1 : 키키 난 이미 두 개 골라놨지롱",
            "norm_text": "키키 난 이미 두 개 골라놨지롱",
            "speaker": {
              "id": "1번",
              "sex": "여성",
              "age": "20대"
            },
            "speechAct": "(단언) 진술하기",
            "morpheme": "키/NNG+키/XSV+ETN+난/NP+JX+이미/MAG+두/MM+개/NNBC+골라/VV+EC+놨/VX+EP+지롱/EC"
          },
          {
            "id": 17,
            "text": "2 : 키키 헐 부럽다 두 개나~",
            "norm_text": "키키 헐 부럽다 두 개나~",
            "speaker": {
              "id": "2번",
              "sex": "여성",
              "age": "20대"
            },
            "speechAct": "(단언) 진술하기",
            "morpheme": "키/NNG+키/NNG+헐/XSV+JKO+부럽/VA+다/EC+두/MM+개/NNBC+나/JX+~/SY"
          },
          {
            "id": 18,
            "text": "2 : 캐시미어 많은 거 사구픈데 비싸겠쥐~?",
            "norm_text": "캐시미어 많은 거 사구픈데 비싸겠쥐~?",
            "speaker": {
              "id": "2번",
              "sex": "여성",
              "age": "20대"
            },
            "speechAct": "(지시) 질문하기",
            "morpheme": "캐시미어많은거사구픈데비싸겠쥐/UNKNOWN+~/SY"
          },
          {
            "id": 19,
            "text": "3 : 돈 열심히 벌어서 사고 싶은 거 사는 맛... 좋은뎅",
            "norm_text": "돈 열심히 벌어서 사고 싶은 거 사는 맛... 좋은뎅",
            "speaker": {
              "id": "3번",
              "sex": "남성",
              "age": "20대"
            },
            "speechAct": "(단언) 진술하기",
            "morpheme": "돈/NNG+열심히/MAG+벌/VV+어서/EC+사/VV+고/EC+싶/VX+은/ETM+거/NNB+사/VV+는/ETM+맛/NNG+./SY+./SY+좋/VA+은/ETM+뎅/NNP"
          },
          {
            "id": 20,
            "text": "1 : 키키 비싸지 ㅜㅠ",
            "norm_text": "키키 비싸지 ㅜㅠ",
            "speaker": {
              "id": "1번",
              "sex": "여성",
              "age": "20대"
            },
            "speechAct": "(단언) 진술하기",
            "morpheme": "키키비싸지ㅜㅠ/UNKNOWN"
          },
          {
            "id": 21,
            "text": "1 : 슬프네",
            "norm_text": "슬프네",
            "speaker": {
              "id": "1번",
              "sex": "여성",
              "age": "20대"
            },
            "speechAct": "(단언) 진술하기",
            "morpheme": "슬프/VA+네/EC"
          },
          {
            "id": 22,
            "text": "1 : 좋은 건 다 비싸",
            "norm_text": "좋은 건 다 비싸",
            "speaker": {
              "id": "1번",
              "sex": "여성",
              "age": "20대"
            },
            "speechAct": "(단언) 진술하기",
            "morpheme": "좋/VA+은/ETM+건/NNB+JX+다/MAG+비싸/VA+EC"
          },
          {
            "id": 23,
            "text": "2 : 그치 그치 ㅜㅜ~",
            "norm_text": "그치 그치 ㅜㅜ~",
            "speaker": {
              "id": "2번",
              "sex": "여성",
              "age": "20대"
            },
            "speechAct": "(단언) 주장하기",
            "morpheme": "그치그치ㅜㅜ/UNKNOWN+~/SY"
          },
          {
            "id": 24,
            "text": "2 : 괜히 비싼 게 아녀~",
            "norm_text": "괜히 비싼 게 아녀~",
            "speaker": {
              "id": "2번",
              "sex": "여성",
              "age": "20대"
            },
            "speechAct": "(단언) 주장하기",
            "morpheme": "괜히/MAG+비싼/VA+ETM+게/NNB+JKC+아녀/VCN+EC+~/SY"
          },
          {
            "id": 25,
            "text": "3 : 비싼 게 이쁜 거 국룰이야 ㅠㅠ",
            "norm_text": "비싼 게 이쁜 거 국룰이야 ㅠㅠ",
            "speaker": {
              "id": "3번",
              "sex": "남성",
              "age": "20대"
            },
            "speechAct": "(단언) 주장하기",
            "morpheme": "비싼/VA+ETM+게/NNB+JKS+이쁜/VA+ETM+거국/NNG+룰/NNG+이/VCP+야/EF+ㅠㅠ/UNKNOWN"
          },
          {
            "id": 26,
            "text": "1 : 키키 뭐 그래도 오래 쓰니깐 투자해도 나쁘지 않아",
            "norm_text": "키키 뭐 그래도 오래 쓰니깐 투자해도 나쁘지 않아",
            "speaker": {
              "id": "1번",
              "sex": "여성",
              "age": "20대"
            },
            "speechAct": "(단언) 진술하기",
            "morpheme": "키/NNG+키/XSV+ETN+뭐/IC+그래도/MAJ+오래/MAG+쓰/VV+니깐/EC+투자/NNG+해도/XSV+EC+나쁘/VA+지/EC+않/VX+아/EC"
          },
          {
            "id": 27,
            "text": "2 : 마저 마저",
            "norm_text": "마저 마저",
            "speaker": {
              "id": "2번",
              "sex": "여성",
              "age": "20대"
            },
            "speechAct": "(단언) 주장하기",
            "morpheme": "마저/MAG+마저/JX"
          },
          {
            "id": 28,
            "text": "2 : 근데 안경도 사야 해서 후 담 달도 힘들 듯~^^",
            "norm_text": "근데 안경도 사야 해서 후 담 달도 힘들 듯~^^",
            "speaker": {
              "id": "2번",
              "sex": "여성",
              "age": "20대"
            },
            "speechAct": "(단언) 주장하기",
            "morpheme": "근데/MAJ+안경/NNG+도/JX+사/VV+야/EC+해서/VV+EC+후담/NNG+달/NNG+도/JX+힘들/VA+듯/EC+~/SY+^/SY+^/SY"
          },
          {
            "id": 29,
            "text": "3 : 맞아",
            "norm_text": "맞아",
            "speaker": {
              "id": "3번",
              "sex": "남성",
              "age": "20대"
            },
            "speechAct": "(단언) 주장하기",
            "morpheme": "맞/VV+아/EC"
          },
          {
            "id": 30,
            "text": "3 : 이쁘게 오래 입으니까 예쁨만 유지하면 되겠답 ㅎ...",
            "norm_text": "이쁘게 오래 입으니까 예쁨만 유지하면 되겠답 ㅎ...",
            "speaker": {
              "id": "3번",
              "sex": "남성",
              "age": "20대"
            },
            "speechAct": "(단언) 진술하기",
            "morpheme": "이쁘게오래입으니까예쁨만유지하면되겠답ㅎ/UNKNOWN+./SY"
          }
        ]
      }
    }
  ]
}