{
  "dataset": {
    "identifier": 30040,
    "name": "BAND_22_14_set",
    "src_path": "/data/file/cubeManager/PROJECT001/49/txt20210915110036060299/BAND_22_14_set/",
    "label_path": "/data/file/cubeManager/PROJECT001/49/txt20210915110036060299/BAND_22_14_set/",
    "category": 2,
    "type": 0
  },
  "licenses": {
    "name": "Apache License 1.0",
    "url": "http://www.apache.org/licenses/LICENSE-1.0"
  },
  "info": [
    {
      "id": 25413,
      "filename": "BAND_22_14.txt",
      "title": "BAND_22_14",
      "mediatype": "SNS",
      "medianame": "네이버밴드",
      "category": "일상대화",
      "date": "2021-09-15",
      "size": 1753,
      "annotations": {
        "subject": "사회이슈",
        "speaker_type": "1:1",
        "size": 1753,
        "word_size": 545,
        "text": "1 : 박원순 묘소 20대 어떤 사람이 훼손했대!\n2 : 어어 봤어\n2 : 그 사람 술 마신 상태도 아니었다는데...\n2 : 바로 묘소 근처에서 잡혔다더라\n3 : 아 진짜?\n3 : 얼마나 심하게 했으면 바로 잡혀\n1 : 자기가 직접 그렇게 했다고 신고했다는데 키키\n2 : 아 뭐야 키키 다시 읽어보니까 자신이 훼손했다고 스스로 신고했네 진짜 키키\n2 : 이유가 성추행범인데 편안하게 누워 있는 게 마음에 들지 않아서래\n3 : 헐... 그렇구나 피해자랑 관련 있는 인물인가 봐 대놓고 그러는 거 보면\n1 : 그럴 수도 있겠다\n1 : 자기 셀카 막 보낸 거 그때 떴었는데 봤어?\n1 : 그 사진 보고 너무 더러웠어 키키\n2 : 윽 아니 그건 못 봤는데...\n2 : 자살한 거 진짜 너무 무책임하다고 생각했어\n2 : 진짜 어떻게 그런 식으로 죗값을 치를 생각을 하지?\n3 : 그때 한창 미투 운동 엄청 할 때지?\n3 : 또 자살한 사람 있지 않아?\n1 : 그니까 자기가 그런 짓을 할 때는 걸렸을 때 이렇게 될 걸 몰랐을까...\n1 : 못 견디겠다고 그냥 죽어버린 거 너무 무책임해\n1 : 진짜 죗값을 다 받아야지...\n1 : 맞아 또 자살한 사람 많잖아!\n2 : 웅웅 맞아... 연예인도 있잖아... 이렇게 공인들이 그런 짓을 하고 다닌다는 게 진짜 이해가 안 가\n2 : 그리고 저 사건 피해자 2차 피해 엄청 당했잖아\n3 : 그래도 저 때 한번 크게 있고 나서는 요새 조용하긴 하다 그치\n3 : 확실히 저 때 계기로 변하긴 했을 거야\n1 : 변한 건 모르겠어 그럴 사람들은 계속 그러기 때문에\n1 : 그냥 성추행 성폭행 이런 거는 피해자들이 알리기 부끄러워 하고 2차 피해도 많이 받고 욕도 많이 먹어서 더 숨기는 경우가 많을 거 같아\n2 : 변하긴 그 뒤로 또 군대에서 사건 있었잖아 피해자 자살하고\n2 : 엄청 숨기는 거야...\n2 : 이런 사건 계속 있으면 변할 거라고 생각할 수도 있는데 나는 가해자 놈들 더 영악하게 어떻게 하면 안 들키게 범죄 저지르지 생각하는 계기 만들어 주는 것 같다고 생각 들더라\n3 : ㅠㅠ 진짜 이쪽 관련해서는 법이 더 세긴 해야 돼\n3 : 어제 말한 것도 너무 충격적이야\n3 : 걔 진짜 사형시켰으면 좋겠어 제발\n1 : 맞아 성범죄는 한 번 그랬던 사람은 대부분 또 그러기 때문에 무조건 법 세게 때려야 돼\n1 : 그리고 피해자들 정신적인 고통이 너무 심해서 형량 세게 해야 돼...\n2 : 사형 집행을 못 하겠다면 성범죄자들 살인자들은 그냥 평생 감옥에서 살게 해야 돼...\n2 : 그런 사람들을 출소하게 두는 게 이해가 안 가 진짜!\n3 : 맞아 조두순도 출소했잖아\n3 : 솔직히 그 근처 사는 애기 키우는 사람 불안해서 어떻게 살아 진짜\n1 : 그니까 사형이 억울한 사람 생길까 봐 안 한다는데 증거가 확실하게 CCTV에 찍혔거나 피해자 몸 안에서 가해자 디엔에이가 확실하게 나오거나 이런 식으로 확실한 사건은 사형 그냥 했으면 좋겠어\n2 : 맞아... 근데 난 사형 집행이 왜 안 하는 거야 했는데 그 집행자들 엄청 정신적으로 피해가 크다고 하더라\n2 : 이건 생각도 못했었다가 그 말 듣고 다시 생각하게 됨...\n3 : 그니까 아무 관련 없는 우리도 찝찝하고 불안한데 나영이 걔는 진짜 어떻게 살아\n3 : 솔직히... 죽이고 싶을 것 같아\n1 : 그니까 맞아 집행자 때문이기도 하더라\n1 : 그것도 요즘에 로봇이 되게 많이 발전했잖아\n1 : 로봇 이용해서 하면 좋을 거 같아ㅜㅜ\n1 : 어떻게든 걔네들을 죽이고 싶다는 의지^^\n2 : 맞아 여러 가지 생각 안 하고 그냥 범죄자 놈들만 보면 진짜 다 사형이야 무조건...\n3 : 맞아 특히 아동 성 관련한 놈들은 싹 다 처단하자",
        "lines": [
          {
            "id": 1,
            "text": "1 : 박원순 묘소 20대 어떤 사람이 훼손했대!",
            "norm_text": "박원순 묘소 20대 어떤 사람이 훼손했대!",
            "speaker": {
              "id": "1번",
              "sex": "여성",
              "age": "20대"
            },
            "speechAct": "(단언) 진술하기",
            "morpheme": "박원순/NNP+묘소/NNG+20/SN+대/NNBC+어떤/MM+사람/NNG+이/JKS+훼손/NNG+했/XSV+EP+대/EF"
          },
          {
            "id": 2,
            "text": "2 : 어어 봤어",
            "norm_text": "어어 봤어",
            "speaker": {
              "id": "2번",
              "sex": "여성",
              "age": "20대"
            },
            "speechAct": "(단언) 진술하기",
            "morpheme": "어/IC+어/IC+봤/VV+EP+어/EC"
          },
          {
            "id": 3,
            "text": "2 : 그 사람 술 마신 상태도 아니었다는데...",
            "norm_text": "그 사람 술 마신 상태도 아니었다는데...",
            "speaker": {
              "id": "2번",
              "sex": "여성",
              "age": "20대"
            },
            "speechAct": "(단언) 진술하기",
            "morpheme": "그/MM+사람/NNG+술/NNG+마신/VV+ETM+상태/NNG+도/JX+아니/VCN+었/EP+다는데/EF+./SY"
          },
          {
            "id": 4,
            "text": "2 : 바로 묘소 근처에서 잡혔다더라",
            "norm_text": "바로 묘소 근처에서 잡혔다더라",
            "speaker": {
              "id": "2번",
              "sex": "여성",
              "age": "20대"
            },
            "speechAct": "(단언) 진술하기",
            "morpheme": "바로/MAG+묘소/NNG+근처/NNG+에서/JKB+잡혔/VV+EP+다더라/EC"
          },
          {
            "id": 5,
            "text": "3 : 아 진짜?",
            "norm_text": "아 진짜?",
            "speaker": {
              "id": "3번",
              "sex": "여성",
              "age": "20대"
            },
            "speechAct": "턴토크 사인(관습적 반응)",
            "morpheme": "아/IC+진짜/MAG"
          },
          {
            "id": 6,
            "text": "3 : 얼마나 심하게 했으면 바로 잡혀",
            "norm_text": "얼마나 심하게 했으면 바로 잡혀",
            "speaker": {
              "id": "3번",
              "sex": "여성",
              "age": "20대"
            },
            "speechAct": "(단언) 주장하기",
            "morpheme": "얼마나/MAG+심하/VA+게/EC+했/VX+EP+으면/EC+바로잡혀/VV+EC"
          },
          {
            "id": 7,
            "text": "1 : 자기가 직접 그렇게 했다고 신고했다는데 키키",
            "norm_text": "자기가 직접 그렇게 했다고 신고했다는데 키키",
            "speaker": {
              "id": "1번",
              "sex": "여성",
              "age": "20대"
            },
            "speechAct": "(단언) 진술하기",
            "morpheme": "자기/NP+가/JKS+직접/MAG+그렇/VA+게/EC+했/VX+EP+다고/EC+신고/NNG+했/XSV+EP+다는/ETM+데/NNB+키/NNG+키/XSV+ETN"
          },
          {
            "id": 8,
            "text": "2 : 아 뭐야 키키 다시 읽어보니까 자신이 훼손했다고 스스로 신고했네 진짜 키키",
            "norm_text": "아 뭐야 키키 다시 읽어보니까 자신이 훼손했다고 스스로 신고했네 진짜 키키",
            "speaker": {
              "id": "2번",
              "sex": "여성",
              "age": "20대"
            },
            "speechAct": "(단언) 진술하기",
            "morpheme": "아/IC+뭐/IC+야키/NNP+키/NNG+다시/MAG+읽/VV+어/EC+보/VX+니까/EC+자신/NNG+이/JKS+훼손/NNG+했/XSV+EP+다고/EC+스스로/MAG+신고/NNG+했/XSV+EP+네/EF+진짜/MAG+키/NNG+키/XSV+ETN"
          },
          {
            "id": 9,
            "text": "2 : 이유가 성추행범인데 편안하게 누워 있는 게 마음에 들지 않아서래",
            "norm_text": "이유가 성추행범인데 편안하게 누워 있는 게 마음에 들지 않아서래",
            "speaker": {
              "id": "2번",
              "sex": "여성",
              "age": "20대"
            },
            "speechAct": "(단언) 진술하기",
            "morpheme": "이유/NNG+가/JKS+성추행/NNG+범/NNG+인데/VCP+EC+편안/NNG+하/XSV+게/EC+누워/VV+EC+있/VX+는/ETM+게/NNB+JKS+마음/NNG+에/JKB+들/VV+지/EC+않/VX+아/EC+서래/NNG"
          },
          {
            "id": 10,
            "text": "3 : 헐... 그렇구나 피해자랑 관련 있는 인물인가 봐 대놓고 그러는 거 보면",
            "norm_text": "헐... 그렇구나 피해자랑 관련 있는 인물인가 봐 대놓고 그러는 거 보면",
            "speaker": {
              "id": "3번",
              "sex": "여성",
              "age": "20대"
            },
            "speechAct": "(단언) 주장하기",
            "morpheme": "헐/IC+./SY+그렇/VA+구나/EF+피해자/NNG+랑/JKB+관련/NNG+있/VA+는/ETM+인물/NNG+인가/VCP+EC+봐/VX+EF+대놓고/MAG+그러/VV+는/ETM+거/NNB+보/VV+면/EC"
          },
          {
            "id": 11,
            "text": "1 : 그럴 수도 있겠다",
            "norm_text": "그럴 수도 있겠다",
            "speaker": {
              "id": "1번",
              "sex": "여성",
              "age": "20대"
            },
            "speechAct": "(단언) 주장하기",
            "morpheme": "그럴/VA+ETM+수/NNB+도/JX+있/VA+겠/EP+다/EC"
          },
          {
            "id": 12,
            "text": "1 : 자기 셀카 막 보낸 거 그때 떴었는데 봤어?",
            "norm_text": "자기 셀카 막 보낸 거 그때 떴었는데 봤어?",
            "speaker": {
              "id": "1번",
              "sex": "여성",
              "age": "20대"
            },
            "speechAct": "(지시) 질문하기",
            "morpheme": "자기/NP+셀카/NNG+막보/VV+낸/EC+VX+ETM+거/NNB+그때/NNG+떴었/VV+EP+는데/EC+봤/VX+EP+어/EF"
          },
          {
            "id": 13,
            "text": "1 : 그 사진 보고 너무 더러웠어 키키",
            "norm_text": "그 사진 보고 너무 더러웠어 키키",
            "speaker": {
              "id": "1번",
              "sex": "여성",
              "age": "20대"
            },
            "speechAct": "(단언) 진술하기",
            "morpheme": "그/MM+사진/NNG+보/VV+고/EC+너무/MAG+더러웠/VA+EP+어/EC+키/NNG+키/XSV+ETN"
          },
          {
            "id": 14,
            "text": "2 : 윽 아니 그건 못 봤는데...",
            "norm_text": "윽 아니 그건 못 봤는데...",
            "speaker": {
              "id": "2번",
              "sex": "여성",
              "age": "20대"
            },
            "speechAct": "(단언) 진술하기",
            "morpheme": "윽/IC+아니/IC+그건/NP+JX+못/MAG+봤/VV+EP+는데/EC+./SY+./SY"
          },
          {
            "id": 15,
            "text": "2 : 자살한 거 진짜 너무 무책임하다고 생각했어",
            "norm_text": "자살한 거 진짜 너무 무책임하다고 생각했어",
            "speaker": {
              "id": "2번",
              "sex": "여성",
              "age": "20대"
            },
            "speechAct": "(단언) 주장하기",
            "morpheme": "자살/NNG+한/XSA+ETM+거/NNB+진짜/MAG+너무/MAG+무/XPN+책임/NNG+하/XSV+다고/EC+생각/NNG+했/XSV+EP+어/EC"
          },
          {
            "id": 16,
            "text": "2 : 진짜 어떻게 그런 식으로 죗값을 치를 생각을 하지?",
            "norm_text": "진짜 어떻게 그런 식으로 죗값을 치를 생각을 하지?",
            "speaker": {
              "id": "2번",
              "sex": "여성",
              "age": "20대"
            },
            "speechAct": "(단언) 주장하기",
            "morpheme": "진짜/MAG+어떻게/MAG+그런/MM+식/NNB+으로/JKB+죗값/NNG+을/JKO+치를/VV+ETM+생각/NNG+을/JKO+하/VV+지/EF"
          },
          {
            "id": 17,
            "text": "3 : 그때 한창 미투 운동 엄청 할 때지?",
            "norm_text": "그때 한창 미투 운동 엄청 할 때지?",
            "speaker": {
              "id": "3번",
              "sex": "여성",
              "age": "20대"
            },
            "speechAct": "(지시) 질문하기",
            "morpheme": "그때/NNG+한창/MAG+미투/NNP+운동/NNG+엄청/MAG+할/VV+ETM+때/NNG+지/VCP+EF"
          },
          {
            "id": 18,
            "text": "3 : 또 자살한 사람 있지 않아?",
            "norm_text": "또 자살한 사람 있지 않아?",
            "speaker": {
              "id": "3번",
              "sex": "여성",
              "age": "20대"
            },
            "speechAct": "(지시) 질문하기",
            "morpheme": "또/MAG+자살/NNG+한/XSA+ETM+사람/NNG+있/VV+지/EC+않/VX+아/EF"
          },
          {
            "id": 19,
            "text": "1 : 그니까 자기가 그런 짓을 할 때는 걸렸을 때 이렇게 될 걸 몰랐을까...",
            "norm_text": "그니까 자기가 그런 짓을 할 때는 걸렸을 때 이렇게 될 걸 몰랐을까...",
            "speaker": {
              "id": "1번",
              "sex": "여성",
              "age": "20대"
            },
            "speechAct": "(단언) 주장하기",
            "morpheme": "그니까/MAJ+자기/NP+가/JKS+그런/MM+짓/NNB+을/JKO+할/VV+ETM+때/NNG+는/JX+걸렸/VV+EP+을/ETM+때/NNG+이렇게/MAG+될/VV+ETM+걸/NNB+JKO+몰랐/VV+EP+을까/EF+./SY"
          },
          {
            "id": 20,
            "text": "1 : 못 견디겠다고 그냥 죽어버린 거 너무 무책임해",
            "norm_text": "못 견디겠다고 그냥 죽어버린 거 너무 무책임해",
            "speaker": {
              "id": "1번",
              "sex": "여성",
              "age": "20대"
            },
            "speechAct": "(단언) 주장하기",
            "morpheme": "못/MAG+견디/VV+겠/EP+다고/EC+그냥/MAG+죽/VV+어/EC+버린/VX+ETM+거/NNB+너무/MAG+무/XPN+책임/NNG+해/XSV+EC"
          },
          {
            "id": 21,
            "text": "1 : 진짜 죗값을 다 받아야지...",
            "norm_text": "진짜 죗값을 다 받아야지...",
            "speaker": {
              "id": "1번",
              "sex": "여성",
              "age": "20대"
            },
            "speechAct": "(단언) 주장하기",
            "morpheme": "진짜/MAG+죗값/NNG+을/JKO+다/MAG+받/VV+아야지/EF+./SY"
          },
          {
            "id": 22,
            "text": "1 : 맞아 또 자살한 사람 많잖아!",
            "norm_text": "맞아 또 자살한 사람 많잖아!",
            "speaker": {
              "id": "1번",
              "sex": "여성",
              "age": "20대"
            },
            "speechAct": "(단언) 진술하기",
            "morpheme": "맞아/IC+또/MAG+자살/NNG+한/XSA+ETM+사람/NNG+많/VA+잖아/EF"
          },
          {
            "id": 23,
            "text": "2 : 웅웅 맞아... 연예인도 있잖아... 이렇게 공인들이 그런 짓을 하고 다닌다는 게 진짜 이해가 안 가",
            "norm_text": "웅웅 맞아... 연예인도 있잖아... 이렇게 공인들이 그런 짓을 하고 다닌다는 게 진짜 이해가 안 가",
            "speaker": {
              "id": "2번",
              "sex": "여성",
              "age": "20대"
            },
            "speechAct": "(단언) 주장하기",
            "morpheme": "웅웅/MAG+맞/VV+아/EF+./SY+연예인/NNG+도/JX+있/VA+잖아/EF+./SY+이렇게/MAG+공인/NNG+들/XSN+이/JKS+그런/MM+짓/NNB+을/JKO+하/VV+고/EC+다닌다는/VV+ETM+게/NNB+JKS+진짜/MAG+이해/NNG+가/JKS+안/MAG+가/VV+EC"
          },
          {
            "id": 24,
            "text": "2 : 그리고 저 사건 피해자 2차 피해 엄청 당했잖아",
            "norm_text": "그리고 저 사건 피해자 2차 피해 엄청 당했잖아",
            "speaker": {
              "id": "2번",
              "sex": "여성",
              "age": "20대"
            },
            "speechAct": "(단언) 진술하기",
            "morpheme": "그리고/MAJ+저/MM+사건/NNG+피해자/NNG+2/SN+차/NNBC+피해/NNG+엄청/MAG+당했/VV+EP+잖아/EC"
          },
          {
            "id": 25,
            "text": "3 : 그래도 저 때 한번 크게 있고 나서는 요새 조용하긴 하다 그치",
            "norm_text": "그래도 저 때 한번 크게 있고 나서는 요새 조용하긴 하다 그치",
            "speaker": {
              "id": "3번",
              "sex": "여성",
              "age": "20대"
            },
            "speechAct": "(단언) 주장하기",
            "morpheme": "그래도/MAJ+저/MM+때/NNG+한/MM+번/NNBC+크/VA+게/EC+있/VX+고/EC+나서/VV+는/ETM+요새/NNG+조용/XR+하/XSA+긴/ETN+JX+하/VX+다/EF+그치/IC"
          },
          {
            "id": 26,
            "text": "3 : 확실히 저 때 계기로 변하긴 했을 거야",
            "norm_text": "확실히 저 때 계기로 변하긴 했을 거야",
            "speaker": {
              "id": "3번",
              "sex": "여성",
              "age": "20대"
            },
            "speechAct": "(단언) 주장하기",
            "morpheme": "확실히/MAG+저/MM+때/NNG+계기/NNG+로/JKB+변하/VV+긴/ETN+JX+했/VX+EP+을/ETM+거/NNB+야/VCP+EF"
          },
          {
            "id": 27,
            "text": "1 : 변한 건 모르겠어 그럴 사람들은 계속 그러기 때문에",
            "norm_text": "변한 건 모르겠어 그럴 사람들은 계속 그러기 때문에",
            "speaker": {
              "id": "1번",
              "sex": "여성",
              "age": "20대"
            },
            "speechAct": "(단언) 주장하기",
            "morpheme": "변한/VV+ETM+건/NNB+JX+모르/VV+겠/EP+어/EC+그럴/VV+ETM+사람/NNG+들/XSN+은/JX+계속/MAG+그러/VV+기/ETN+때문/NNB+에/JKB"
          },
          {
            "id": 28,
            "text": "1 : 그냥 성추행 성폭행 이런 거는 피해자들이 알리기 부끄러워 하고 2차 피해도 많이 받고 욕도 많이 먹어서 더 숨기는 경우가 많을 거 같아",
            "norm_text": "그냥 성추행 성폭행 이런 거는 피해자들이 알리기 부끄러워 하고 2차 피해도 많이 받고 욕도 많이 먹어서 더 숨기는 경우가 많을 거 같아",
            "speaker": {
              "id": "1번",
              "sex": "여성",
              "age": "20대"
            },
            "speechAct": "(단언) 주장하기",
            "morpheme": "그냥/MAG+성추행/NNG+성/XSN+폭행/NNG+이런/MM+거/NNB+는/JX+피해자/NNG+들/XSN+이/JKS+알리/VV+기/ETN+부끄러워/VA+EC+하/VV+고/EC+2/SN+차/NNBC+피해/NNG+도/JX+많이/MAG+받/VV+고/EC+욕/NNG+도/JX+많이/MAG+먹/VV+어서/EC+더/MAG+숨기/VV+는/ETM+경우/NNG+가/JKS+많/VA+을/ETM+거/NNB+같/VA+아/EC"
          },
          {
            "id": 29,
            "text": "2 : 변하긴 그 뒤로 또 군대에서 사건 있었잖아 피해자 자살하고",
            "norm_text": "변하긴 그 뒤로 또 군대에서 사건 있었잖아 피해자 자살하고",
            "speaker": {
              "id": "2번",
              "sex": "여성",
              "age": "20대"
            },
            "speechAct": "(단언) 진술하기",
            "morpheme": "변하/VV+긴/ETN+JX+그/MM+뒤/NNG+로/JKB+또/MAG+군대/NNG+에서/JKB+사건/NNG+있/VV+었잖/EC+VX+아/EC+피해자/NNG+자살/NNG+하/XSV+고/EC"
          },
          {
            "id": 30,
            "text": "2 : 엄청 숨기는 거야...",
            "norm_text": "엄청 숨기는 거야...",
            "speaker": {
              "id": "2번",
              "sex": "여성",
              "age": "20대"
            },
            "speechAct": "(단언) 주장하기",
            "morpheme": "엄청/MAG+숨기/VV+는/ETM+거/NNB+야/VCP+EF+./SY"
          },
          {
            "id": 31,
            "text": "2 : 이런 사건 계속 있으면 변할 거라고 생각할 수도 있는데 나는 가해자 놈들 더 영악하게 어떻게 하면 안 들키게 범죄 저지르지 생각하는 계기 만들어 주는 것 같다고 생각 들더라",
            "norm_text": "이런 사건 계속 있으면 변할 거라고 생각할 수도 있는데 나는 가해자 놈들 더 영악하게 어떻게 하면 안 들키게 범죄 저지르지 생각하는 계기 만들어 주는 것 같다고 생각 들더라",
            "speaker": {
              "id": "2번",
              "sex": "여성",
              "age": "20대"
            },
            "speechAct": "(단언) 주장하기",
            "morpheme": "이런/MM+사건/NNG+계속/MAG+있/VV+으면/EC+변할/VV+ETM+거/NNB+라고/VCP+EC+생각/NNG+할/XSV+ETM+수/NNB+도/JX+있/VA+는데/EC+나/NP+는/JX+가해자/NNG+놈/NNB+들/XSN+더/MAG+영악/NNG+하/XSV+게/EC+어떻게/MAG+하/VV+면/EC+안/MAG+들키/VV+게/EC+범죄/NNG+저지르/VV+지/EC+생각/NNG+하/XSV+는/ETM+계기/NNG+만들/VV+어/EC+주/VX+는/ETM+것/NNB+같/VA+다고/EC+생각/NNG+들/XSN+더라/VCP+EC"
          },
          {
            "id": 32,
            "text": "3 : ㅠㅠ 진짜 이쪽 관련해서는 법이 더 세긴 해야 돼",
            "norm_text": "ㅠㅠ 진짜 이쪽 관련해서는 법이 더 세긴 해야 돼",
            "speaker": {
              "id": "3번",
              "sex": "여성",
              "age": "20대"
            },
            "speechAct": "(단언) 주장하기",
            "morpheme": "ㅠㅠ/UNKNOWN+진짜/MAG+이쪽/NP+관련/NNG+해서/XSV+EC+는/JX+법/NNG+이/JKS+더/MAG+세/VA+긴/ETN+JX+해야/VX+EC+돼/VV+EC"
          },
          {
            "id": 33,
            "text": "3 : 어제 말한 것도 너무 충격적이야",
            "norm_text": "어제 말한 것도 너무 충격적이야",
            "speaker": {
              "id": "3번",
              "sex": "여성",
              "age": "20대"
            },
            "speechAct": "(단언) 진술하기",
            "morpheme": "어제/MAG+말/NNG+한/XSA+ETM+것/NNB+도/JX+너무/MAG+충격/NNG+적/XSN+이/VCP+야/EC"
          },
          {
            "id": 34,
            "text": "3 : 걔 진짜 사형시켰으면 좋겠어 제발",
            "norm_text": "걔 진짜 사형시켰으면 좋겠어 제발",
            "speaker": {
              "id": "3번",
              "sex": "여성",
              "age": "20대"
            },
            "speechAct": "(단언) 주장하기",
            "morpheme": "걔/NP+진짜/MAG+사형/NNG+시켰으면/XSV+EP+EC+좋/VA+겠/EP+어/EC+제발/NNG"
          },
          {
            "id": 35,
            "text": "1 : 맞아 성범죄는 한 번 그랬던 사람은 대부분 또 그러기 때문에 무조건 법 세게 때려야 돼",
            "norm_text": "맞아 성범죄는 한 번 그랬던 사람은 대부분 또 그러기 때문에 무조건 법 세게 때려야 돼",
            "speaker": {
              "id": "1번",
              "sex": "여성",
              "age": "20대"
            },
            "speechAct": "(단언) 주장하기",
            "morpheme": "맞/VV+아/EC+성범죄/NNG+는/JX+한/MM+번/NNBC+그랬/VV+EP+던/ETM+사람/NNG+은/JX+대부분/NNG+또/MAG+그러/VV+기/ETN+때문/NNB+에/JKB+무조건/MAG+법세/NNG+게/XSV+EC+때려야/VV+EC+돼/VV+EC"
          },
          {
            "id": 36,
            "text": "1 : 그리고 피해자들 정신적인 고통이 너무 심해서 형량 세게 해야 돼...",
            "norm_text": "그리고 피해자들 정신적인 고통이 너무 심해서 형량 세게 해야 돼...",
            "speaker": {
              "id": "1번",
              "sex": "여성",
              "age": "20대"
            },
            "speechAct": "(단언) 주장하기",
            "morpheme": "그리고/MAJ+피해자/NNG+들/XSN+정신/NNG+적/XSN+인/VCP+ETM+고통/NNG+이/JKS+너무/MAG+심해서/VA+EC+형량/NNG+세/VA+게/EC+해야/VV+EC+돼/VV+EF+./SY"
          },
          {
            "id": 37,
            "text": "2 : 사형 집행을 못 하겠다면 성범죄자들 살인자들은 그냥 평생 감옥에서 살게 해야 돼...",
            "norm_text": "사형 집행을 못 하겠다면 성범죄자들 살인자들은 그냥 평생 감옥에서 살게 해야 돼...",
            "speaker": {
              "id": "2번",
              "sex": "여성",
              "age": "20대"
            },
            "speechAct": "(단언) 주장하기",
            "morpheme": "사형/NNG+집행/NNG+을/JKO+못/MAG+하/VV+겠/EP+다면/EC+성범죄/NNG+자/XSN+들/XSN+살인자/NNG+들/XSN+은/JX+그냥/MAG+평생/NNG+감옥/NNG+에서/JKB+살/VV+게/EC+해야/VV+EC+돼/VV+EF+./SY"
          },
          {
            "id": 38,
            "text": "2 : 그런 사람들을 출소하게 두는 게 이해가 안 가 진짜!",
            "norm_text": "그런 사람들을 출소하게 두는 게 이해가 안 가 진짜!",
            "speaker": {
              "id": "2번",
              "sex": "여성",
              "age": "20대"
            },
            "speechAct": "(단언) 주장하기",
            "morpheme": "그런/MM+사람/NNG+들/XSN+을/JKO+출소/NNG+하/XSV+게/EC+두/VX+는/ETM+게/NNB+JKS+이해/NNG+가/JKS+안/MAG+가진/VV+ETM+짜/VA+EF"
          },
          {
            "id": 39,
            "text": "3 : 맞아 조두순도 출소했잖아",
            "norm_text": "맞아 조두순도 출소했잖아",
            "speaker": {
              "id": "3번",
              "sex": "여성",
              "age": "20대"
            },
            "speechAct": "(단언) 진술하기",
            "morpheme": "맞/VV+아/EC+조두순/NNP+도/JX+출소/NNG+했/XSV+EP+잖아/EC"
          },
          {
            "id": 40,
            "text": "3 : 솔직히 그 근처 사는 애기 키우는 사람 불안해서 어떻게 살아 진짜",
            "norm_text": "솔직히 그 근처 사는 애기 키우는 사람 불안해서 어떻게 살아 진짜",
            "speaker": {
              "id": "3번",
              "sex": "여성",
              "age": "20대"
            },
            "speechAct": "(단언) 주장하기",
            "morpheme": "솔직히/MAG+그/MM+근처/NNG+사/VV+는/ETM+애기/NNG+키우/VV+는/ETM+사람/NNG+불안/NNG+해서/XSV+EC+어떻게/MAG+살/VV+아/EC+진짜/MAG"
          },
          {
            "id": 41,
            "text": "1 : 그니까 사형이 억울한 사람 생길까 봐 안 한다는데 증거가 확실하게 CCTV에 찍혔거나 피해자 몸 안에서 가해자 디엔에이가 확실하게 나오거나 이런 식으로 확실한 사건은 사형 그냥 했으면 좋겠어",
            "norm_text": "그니까 사형이 억울한 사람 생길까 봐 안 한다는데 증거가 확실하게 CCTV에 찍혔거나 피해자 몸 안에서 가해자 디엔에이가 확실하게 나오거나 이런 식으로 확실한 사건은 사형 그냥 했으면 좋겠어",
            "speaker": {
              "id": "1번",
              "sex": "여성",
              "age": "20대"
            },
            "speechAct": "(단언) 주장하기",
            "morpheme": "그니까/MAJ+사형/NNG+이/JKS+억울/XR+한/XSA+ETM+사람/NNG+생길까봐/VV+EC+VX+EC+안/MAG+한다는/VV+ETM+데/NNB+증거/NNG+가/JKS+확실/XR+하/XSA+게/EC+CCTV/SL+에/JKB+찍혔/VV+EP+거나/EC+피해자/NNG+몸/NNG+안/NNG+에서/JKB+가해자/NNG+디엔에이/NNG+가/JKS+확실/XR+하/XSA+게/EC+나오/VV+거나/EC+이런/MM+식/NNB+으로/JKB+확실/XR+한/XSA+ETM+사건/NNG+은/JX+사형/NNG+그냥/MAG+했으면/XSA+EP+EC+좋/VA+겠/EP+어/EC"
          },
          {
            "id": 42,
            "text": "2 : 맞아... 근데 난 사형 집행이 왜 안 하는 거야 했는데 그 집행자들 엄청 정신적으로 피해가 크다고 하더라",
            "norm_text": "맞아... 근데 난 사형 집행이 왜 안 하는 거야 했는데 그 집행자들 엄청 정신적으로 피해가 크다고 하더라",
            "speaker": {
              "id": "2번",
              "sex": "여성",
              "age": "20대"
            },
            "speechAct": "(단언) 진술하기",
            "morpheme": "맞/VV+아/EF+./SY+근데/MAJ+난사/NNG+형/XSN+집행/NNG+이/JKS+왜/MAG+안/MAG+하/VV+는/ETM+거/NNB+야/VCP+EF+했/VV+EP+는데/EC+그/MM+집행자/NNG+들/XSN+엄청/MAG+정신/NNG+적/XSN+으로/JKB+피해/NNG+가/JKS+크/VA+다고/EC+하/VV+더라/EC"
          },
          {
            "id": 43,
            "text": "2 : 이건 생각도 못했었다가 그 말 듣고 다시 생각하게 됨...",
            "norm_text": "이건 생각도 못했었다가 그 말 듣고 다시 생각하게 됨...",
            "speaker": {
              "id": "2번",
              "sex": "여성",
              "age": "20대"
            },
            "speechAct": "(단언) 진술하기",
            "morpheme": "이건/NP+JX+생각/NNG+도/JX+못/MAG+했었/VV+EP+다가/EC+그/MM+말/NNG+듣/VV+고/EC+다시/MAG+생각/NNG+하/XSV+게/EC+됨/VV+ETN+./SY"
          },
          {
            "id": 44,
            "text": "3 : 그니까 아무 관련 없는 우리도 찝찝하고 불안한데 나영이 걔는 진짜 어떻게 살아",
            "norm_text": "그니까 아무 관련 없는 우리도 찝찝하고 불안한데 나영이 걔는 진짜 어떻게 살아",
            "speaker": {
              "id": "3번",
              "sex": "여성",
              "age": "20대"
            },
            "speechAct": "(단언) 주장하기",
            "morpheme": "그니까/MAJ+아무/MM+관련/NNG+없/VA+는/ETM+우리/NP+도/JX+찝찝/XR+하/XSA+고/EC+불안/NNG+한데/XSA+EC+나영/NNP+이/JKS+걔/NP+는/JX+진짜/MAG+어떻게/MAG+살/VV+아/EC"
          },
          {
            "id": 45,
            "text": "3 : 솔직히... 죽이고 싶을 것 같아",
            "norm_text": "솔직히... 죽이고 싶을 것 같아",
            "speaker": {
              "id": "3번",
              "sex": "여성",
              "age": "20대"
            },
            "speechAct": "(단언) 주장하기",
            "morpheme": "솔직히/MAG+./SY+죽이/VV+고/EC+싶/VX+을/ETM+것/NNB+같/VA+아/EC"
          },
          {
            "id": 46,
            "text": "1 : 그니까 맞아 집행자 때문이기도 하더라",
            "norm_text": "그니까 맞아 집행자 때문이기도 하더라",
            "speaker": {
              "id": "1번",
              "sex": "여성",
              "age": "20대"
            },
            "speechAct": "(단언) 진술하기",
            "morpheme": "그니까/MAJ+맞/VV+아/EC+집행자/NNG+때문/NNB+이/VCP+기/ETN+도/JX+하/VV+더라/EC"
          },
          {
            "id": 47,
            "text": "1 : 그것도 요즘에 로봇이 되게 많이 발전했잖아",
            "norm_text": "그것도 요즘에 로봇이 되게 많이 발전했잖아",
            "speaker": {
              "id": "1번",
              "sex": "여성",
              "age": "20대"
            },
            "speechAct": "(단언) 진술하기",
            "morpheme": "그것/NP+도/JX+요즘/NNG+에/JKB+로봇/NNG+이/JKS+되게/MAG+많이/MAG+발전/NNG+했/XSV+EP+잖아/EC"
          },
          {
            "id": 48,
            "text": "1 : 로봇 이용해서 하면 좋을 거 같아ㅜㅜ",
            "norm_text": "로봇 이용해서 하면 좋을 거 같아ㅜㅜ",
            "speaker": {
              "id": "1번",
              "sex": "여성",
              "age": "20대"
            },
            "speechAct": "(단언) 주장하기",
            "morpheme": "로봇/NNG+이용/NNG+해서/XSV+EC+하/VV+면/EC+좋/VA+을/ETM+거/NNB+같/VA+아/EC+ㅜㅜ/UNKNOWN"
          },
          {
            "id": 49,
            "text": "1 : 어떻게든 걔네들을 죽이고 싶다는 의지^^",
            "norm_text": "어떻게든 걔네들을 죽이고 싶다는 의지^^",
            "speaker": {
              "id": "1번",
              "sex": "여성",
              "age": "20대"
            },
            "speechAct": "(단언) 진술하기",
            "morpheme": "어떻게/MAG+든/JX+걔/NP+네/XSN+들/XSN+을/JKO+죽이/VV+고/EC+싶/VX+다는/ETM+의지/NNG+^/SY+^/SY"
          },
          {
            "id": 50,
            "text": "2 : 맞아 여러 가지 생각 안 하고 그냥 범죄자 놈들만 보면 진짜 다 사형이야 무조건...",
            "norm_text": "맞아 여러 가지 생각 안 하고 그냥 범죄자 놈들만 보면 진짜 다 사형이야 무조건...",
            "speaker": {
              "id": "2번",
              "sex": "여성",
              "age": "20대"
            },
            "speechAct": "(단언) 주장하기",
            "morpheme": "맞/VV+아/EC+여러/MM+가지/NNBC+생각/NNG+안/MAG+하/VV+고/EC+그냥/MAG+범죄자/NNG+놈/NNB+들/XSN+만/JX+보/VV+면/EC+진짜/MAG+다/MAG+사형/NNG+이야/JX+무조건/MAG+./SY"
          },
          {
            "id": 51,
            "text": "3 : 맞아 특히 아동 성 관련한 놈들은 싹 다 처단하자",
            "norm_text": "맞아 특히 아동 성 관련한 놈들은 싹 다 처단하자",
            "speaker": {
              "id": "3번",
              "sex": "여성",
              "age": "20대"
            },
            "speechAct": "(단언) 주장하기",
            "morpheme": "맞/VV+아/EC+특히/MAG+아동/NNG+성/XSN+관련/NNG+한/XSA+ETM+놈/NNB+들/XSN+은/JX+싹/MAG+다/MAG+처단/NNG+하/XSV+자/EC"
          }
        ]
      }
    }
  ]
}