{
  "dataset": {
    "identifier": 18689,
    "name": "BAND_24_02_set",
    "src_path": "/data/file/cubeManager/PROJECT001/49/txt20210915121726068994/BAND_24_02_set/",
    "label_path": "/data/file/cubeManager/PROJECT001/49/txt20210915121726068994/BAND_24_02_set/",
    "category": 2,
    "type": 0
  },
  "licenses": {
    "name": "Apache License 1.0",
    "url": "http://www.apache.org/licenses/LICENSE-1.0"
  },
  "info": [
    {
      "id": 26042,
      "filename": "BAND_24_02.txt",
      "title": "BAND_24_02",
      "mediatype": "SNS",
      "medianame": "네이버밴드",
      "category": "일상대화",
      "date": "2021-09-15",
      "size": 364,
      "annotations": {
        "subject": "주거와 생활",
        "speaker_type": "1:1",
        "size": 364,
        "word_size": 124,
        "text": "1 : 너는 니 방을 가지고 있어?\n2 : 어 물론 가지고 있지 내 방이 중요하잖아~\n1 : 너네 집 방 구조가 어떻게 돼?\n2 : 어 쓰리룸이야 그래서 괜찮은 듯\n1 : 거기 산 지는 얼마나 됐어?\n2 : 어 여기 온 지 3~4달 된 듯해\n2 : 부모님은 물론 계속 사셨고\n1 : 아 진짜? 얼마 안 됐네 아파트야?\n2 : 아니 아파트는 아니고 빌라야\n1 : 근데 나는 일반 주택이 좋더라!\n2 : 아 맞아 마당도 있음 꿈이지~\n1 : 근데 벌레가 너무 많아.\n2 : 그치 관리도 해야 되고 힘들어\n1 : 맞아 너네는 당연히 도시가스겠지?\n2 : 어 그렇지 대부분 도시가스 쓰니까\n1 : 우리 논산집은 드럼통으로 사거든.\n2 : 앗 정말 몰랐네 그거 예전 집이 그랬던 거 같은데",
        "lines": [
          {
            "id": 1,
            "text": "1 : 너는 니 방을 가지고 있어?",
            "norm_text": "너는 니 방을 가지고 있어?",
            "speaker": {
              "id": "1번",
              "sex": "여성",
              "age": "20대"
            },
            "speechAct": "(지시) 질문하기",
            "morpheme": "너/NP+는/JX+니/MM+방/NNG+을/JKO+가지/VV+고/EC+있/VX+어/EF"
          },
          {
            "id": 2,
            "text": "2 : 어 물론 가지고 있지 내 방이 중요하잖아~",
            "norm_text": "어 물론 가지고 있지 내 방이 중요하잖아~",
            "speaker": {
              "id": "2번",
              "sex": "여성",
              "age": "20대"
            },
            "speechAct": "(단언) 주장하기",
            "morpheme": "어/IC+물론/MAG+가지/VV+고/EC+있/VX+지/EC+내방/NNG+이/JKS+중요/NNG+하/XSV+잖아/EC+~/SY"
          },
          {
            "id": 3,
            "text": "1 : 너네 집 방 구조가 어떻게 돼?",
            "norm_text": "너네 집 방 구조가 어떻게 돼?",
            "speaker": {
              "id": "1번",
              "sex": "여성",
              "age": "20대"
            },
            "speechAct": "(지시) 질문하기",
            "morpheme": "너/NP+네/XSN+집/NNG+방/NNG+구조/NNG+가/JKS+어떻게/MAG+돼/VV+EF"
          },
          {
            "id": 4,
            "text": "2 : 어 쓰리룸이야 그래서 괜찮은 듯",
            "norm_text": "어 쓰리룸이야 그래서 괜찮은 듯",
            "speaker": {
              "id": "2번",
              "sex": "여성",
              "age": "20대"
            },
            "speechAct": "(단언) 주장하기",
            "morpheme": "어/IC+쓰리/NR+룸/NNG+이/VCP+야/EF+그래서/MAJ+괜찮/VA+은/ETM+듯/NNB"
          },
          {
            "id": 5,
            "text": "1 : 거기 산 지는 얼마나 됐어?",
            "norm_text": "거기 산 지는 얼마나 됐어?",
            "speaker": {
              "id": "1번",
              "sex": "여성",
              "age": "20대"
            },
            "speechAct": "(지시) 질문하기",
            "morpheme": "거기/NP+산지/VV+ETM+NNB+는/JX+얼마나/MAG+됐/VV+EP+어/EF"
          },
          {
            "id": 6,
            "text": "2 : 어 여기 온 지 3~4달 된 듯해",
            "norm_text": "어 여기 온 지 3~4달 된 듯해",
            "speaker": {
              "id": "2번",
              "sex": "여성",
              "age": "20대"
            },
            "speechAct": "(단언) 진술하기",
            "morpheme": "어/IC+여기/NP+온지/VV+EC+3/SN+~/SY+4/SN+달/NNG+된/XSV+ETM+듯/NNB+해/XSA+EC"
          },
          {
            "id": 7,
            "text": "2 : 부모님은 물론 계속 사셨고",
            "norm_text": "부모님은 물론 계속 사셨고",
            "speaker": {
              "id": "2번",
              "sex": "여성",
              "age": "20대"
            },
            "speechAct": "(단언) 진술하기",
            "morpheme": "부모/NNG+님/XSN+은/JX+물론/MAG+계속/MAG+사셨/VV+EP+EP+고/EC"
          },
          {
            "id": 8,
            "text": "1 : 아 진짜? 얼마 안 됐네 아파트야?",
            "norm_text": "아 진짜? 얼마 안 됐네 아파트야?",
            "speaker": {
              "id": "1번",
              "sex": "여성",
              "age": "20대"
            },
            "speechAct": "(지시) 질문하기",
            "morpheme": "아/IC+진짜/MAG+얼마/NNG+안/MAG+됐/VV+EP+네/EF+아파트/NNG+야/VCP+EF"
          },
          {
            "id": 9,
            "text": "2 : 아니 아파트는 아니고 빌라야",
            "norm_text": "아니 아파트는 아니고 빌라야",
            "speaker": {
              "id": "2번",
              "sex": "여성",
              "age": "20대"
            },
            "speechAct": "(단언) 진술하기",
            "morpheme": "아니/IC+아파트/NNG+는/JX+아니/VCN+고/EC+빌/VV+라야/EC"
          },
          {
            "id": 10,
            "text": "1 : 근데 나는 일반 주택이 좋더라!",
            "norm_text": "근데 나는 일반 주택이 좋더라!",
            "speaker": {
              "id": "1번",
              "sex": "여성",
              "age": "20대"
            },
            "speechAct": "(단언) 주장하기",
            "morpheme": "근데/MAJ+나/NP+는/JX+일반/NNG+주택/NNG+이/JKS+좋/VA+더라/EF"
          },
          {
            "id": 11,
            "text": "2 : 아 맞아 마당도 있음 꿈이지~",
            "norm_text": "아 맞아 마당도 있음 꿈이지~",
            "speaker": {
              "id": "2번",
              "sex": "여성",
              "age": "20대"
            },
            "speechAct": "(단언) 주장하기",
            "morpheme": "아/IC+맞/VV+아/EC+마당/NNG+도/JX+있/VX+음/ETN+꿈/NNG+이/VCP+지/EC+~/SY"
          },
          {
            "id": 12,
            "text": "1 : 근데 벌레가 너무 많아.",
            "norm_text": "근데 벌레가 너무 많아.",
            "speaker": {
              "id": "1번",
              "sex": "여성",
              "age": "20대"
            },
            "speechAct": "(단언) 주장하기",
            "morpheme": "근데/MAJ+벌레/NNG+가/JKS+너무/MAG+많/VA+아/EF"
          },
          {
            "id": 13,
            "text": "2 : 그치 관리도 해야 되고 힘들어",
            "norm_text": "그치 관리도 해야 되고 힘들어",
            "speaker": {
              "id": "2번",
              "sex": "여성",
              "age": "20대"
            },
            "speechAct": "(단언) 주장하기",
            "morpheme": "그치/IC+관리도/NNG+해야/XSV+EC+되/VV+고/EC+힘들/VA+어/EC"
          },
          {
            "id": 14,
            "text": "1 : 맞아 너네는 당연히 도시가스겠지?",
            "norm_text": "맞아 너네는 당연히 도시가스겠지?",
            "speaker": {
              "id": "1번",
              "sex": "여성",
              "age": "20대"
            },
            "speechAct": "(지시) 질문하기",
            "morpheme": "맞/VV+아/EC+너/NP+네/XSN+는/JX+당연히/MAG+도시/NNG+가/JKS+스/VV+겠/EP+지/EF"
          },
          {
            "id": 15,
            "text": "2 : 어 그렇지 대부분 도시가스 쓰니까",
            "norm_text": "어 그렇지 대부분 도시가스 쓰니까",
            "speaker": {
              "id": "2번",
              "sex": "여성",
              "age": "20대"
            },
            "speechAct": "(단언) 주장하기",
            "morpheme": "어/IC+그렇/VA+지/EC+대부분/NNG+도시/NNG+가스/NNG+쓰/VV+니까/EC"
          },
          {
            "id": 16,
            "text": "1 : 우리 논산집은 드럼통으로 사거든.",
            "norm_text": "우리 논산집은 드럼통으로 사거든.",
            "speaker": {
              "id": "1번",
              "sex": "여성",
              "age": "20대"
            },
            "speechAct": "(단언) 진술하기",
            "morpheme": "우리/NP+논산/NNP+집/NNG+은/JX+드럼통/NNG+으로/JKB+사/VV+거든/EF"
          },
          {
            "id": 17,
            "text": "2 : 앗 정말 몰랐네 그거 예전 집이 그랬던 거 같은데",
            "norm_text": "앗 정말 몰랐네 그거 예전 집이 그랬던 거 같은데",
            "speaker": {
              "id": "2번",
              "sex": "여성",
              "age": "20대"
            },
            "speechAct": "(단언) 주장하기",
            "morpheme": "앗/IC+정말/MAG+몰랐/VV+EP+네/EF+그거/NP+예전/NNG+집/NNG+이/JKS+그랬/VV+EP+던/ETM+거/NNB+같/VA+은데/EC"
          }
        ]
      }
    }
  ]
}