{
  "dataset": {
    "identifier": 22014,
    "name": "BAND_28_06_set",
    "src_path": "/data/file/cubeManager/PROJECT001/49/txt20210917150513022728/BAND_28_06_set/",
    "label_path": "/data/file/cubeManager/PROJECT001/49/txt20210917150513022728/BAND_28_06_set/",
    "category": 2,
    "type": 0
  },
  "licenses": {
    "name": "Apache License 1.0",
    "url": "http://www.apache.org/licenses/LICENSE-1.0"
  },
  "info": [
    {
      "id": 29437,
      "filename": "BAND_28_06.txt",
      "title": "BAND_28_06",
      "mediatype": "SNS",
      "medianame": "네이버밴드",
      "category": "일상대화",
      "date": "2021-09-17",
      "size": 411,
      "annotations": {
        "subject": "교육",
        "speaker_type": "1:1",
        "size": 411,
        "word_size": 137,
        "text": "1 : 너 중학교 선생님 기억나?\n2 : 나 잘은 기억 안 나는데 한 분은 기억나\n1 : 헐 진짜? 누구 기억나?\n2 : 나 ** 선생님이라고 담임이셨어\n1 : 나도 그 반에 같이 있었어.\n2 : 아 진짜? 오래돼서 기억이 안 났다!\n1 : 1반이었잖아 이 바보야 그걸 기억 못 해?\n2 : 나이가 들다 보니 기억력이 없어진다 키키\n1 : 우리가 그때부터 친해졌는데 어떻게 그걸 까먹어 ㅜㅜ\n2 : 미안ㅠ  중학교 같이 나온 건 기억이 난다 ㅠ\n1 : 진짜 어이가 없다 근데 3학년 때도 같은 반이었나?\n2 : 그랬었나...? 진짜로 기억이 안 나네 키키\n1 : 야 우리 기억력 어떡하냐 ㅜㅜ\n2 : 세월이 흐르긴 했나 보다 키키\n2 : 지금만 잘 기억하면 되지 ㅎ\n1 : 그래 우리 지금 이 순간을 소중히 하자!\n2 : 그래 과거보단 미래가 더 중요한 거야 키키",
        "lines": [
          {
            "id": 1,
            "text": "1 : 너 중학교 선생님 기억나?",
            "norm_text": "너 중학교 선생님 기억나?",
            "speaker": {
              "id": "1번",
              "sex": "여성",
              "age": "20대"
            },
            "speechAct": "(지시) 질문하기",
            "morpheme": "너/NP+중학교/NNG+선생/NNG+님/XSN+기억나/VV+EF"
          },
          {
            "id": 2,
            "text": "2 : 나 잘은 기억 안 나는데 한 분은 기억나",
            "norm_text": "나 잘은 기억 안 나는데 한 분은 기억나",
            "speaker": {
              "id": "2번",
              "sex": "여성",
              "age": "20대"
            },
            "speechAct": "(단언) 주장하기",
            "morpheme": "나잘/NNG+은/JX+기억/NNG+안/MAG+나/VV+는데/EC+한/MM+분/NNBC+은/JX+기억나/VV+EC"
          },
          {
            "id": 3,
            "text": "1 : 헐 진짜? 누구 기억나?",
            "norm_text": "헐 진짜? 누구 기억나?",
            "speaker": {
              "id": "1번",
              "sex": "여성",
              "age": "20대"
            },
            "speechAct": "(지시) 질문하기",
            "morpheme": "헐/IC+진짜/MAG+누구/NP+기억나/VV+EF"
          },
          {
            "id": 4,
            "text": "2 : 나 ** 선생님이라고 담임이셨어",
            "norm_text": "나 ** 선생님이라고 담임이셨어",
            "speaker": {
              "id": "2번",
              "sex": "여성",
              "age": "20대"
            },
            "speechAct": "(단언) 진술하기",
            "morpheme": "나/NP+*/SY+*/SY+선생/NNG+님/XSN+이/VCP+라고/EC+담임/NNG+이/VCP+셨/EP+EP+어/EC"
          },
          {
            "id": 5,
            "text": "1 : 나도 그 반에 같이 있었어.",
            "norm_text": "나도 그 반에 같이 있었어.",
            "speaker": {
              "id": "1번",
              "sex": "여성",
              "age": "20대"
            },
            "speechAct": "(단언) 진술하기",
            "morpheme": "나/NP+도/JX+그/MM+반/NNG+에/JKB+같이/MAG+있/VV+었/EP+어/EF"
          },
          {
            "id": 6,
            "text": "2 : 아 진짜? 오래돼서 기억이 안 났다!",
            "norm_text": "아 진짜? 오래돼서 기억이 안 났다!",
            "speaker": {
              "id": "2번",
              "sex": "여성",
              "age": "20대"
            },
            "speechAct": "(단언) 주장하기",
            "morpheme": "아/IC+진짜/MAG+오래/MAG+돼서/VV+EC+기억/NNG+이/JKS+안/MAG+났/VV+EP+다/EF"
          },
          {
            "id": 7,
            "text": "1 : 1반이었잖아 이 바보야 그걸 기억 못 해?",
            "norm_text": "1반이었잖아 이 바보야 그걸 기억 못 해?",
            "speaker": {
              "id": "1번",
              "sex": "여성",
              "age": "20대"
            },
            "speechAct": "(단언) 주장하기",
            "morpheme": "1/SN+반/NNG+이/VCP+었/EP+잖아/EF+이/MM+바보/NNG+야/VCP+EF+그걸/NP+JKO+기억/NNG+못/MAG+해/VV+EF"
          },
          {
            "id": 8,
            "text": "2 : 나이가 들다 보니 기억력이 없어진다 키키",
            "norm_text": "나이가 들다 보니 기억력이 없어진다 키키",
            "speaker": {
              "id": "2번",
              "sex": "여성",
              "age": "20대"
            },
            "speechAct": "(단언) 주장하기",
            "morpheme": "나이/NNG+가/JKS+들/VV+다/EC+보/VX+니/EC+기억력/NNG+이/JKS+없/VA+어/EC+진/VX+ETM+다키키/NNP"
          },
          {
            "id": 9,
            "text": "1 : 우리가 그때부터 친해졌는데 어떻게 그걸 까먹어 ㅜㅜ",
            "norm_text": "우리가 그때부터 친해졌는데 어떻게 그걸 까먹어 ㅜㅜ",
            "speaker": {
              "id": "1번",
              "sex": "여성",
              "age": "20대"
            },
            "speechAct": "(단언) 주장하기",
            "morpheme": "우리/NP+가/JKS+그때/NNG+부터/JX+친해졌/VA+EC+VX+EP+는데/EC+어떻게/MAG+그걸/NP+JKO+까먹/VV+어/EC+ㅜㅜ/UNKNOWN"
          },
          {
            "id": 10,
            "text": "2 : 미안ㅠ  중학교 같이 나온 건 기억이 난다 ㅠ",
            "norm_text": "미안ㅠ  중학교 같이 나온 건 기억이 난다 ㅠ",
            "speaker": {
              "id": "2번",
              "sex": "여성",
              "age": "20대"
            },
            "speechAct": "(단언) 주장하기",
            "morpheme": "미안/NNG+ㅠ/UNKNOWN+중학교/NNG+같이/JKB+나온/VV+ETM+건/NNB+JX+기억/NNG+이/JKS+난다/VV+EF+ㅠ/UNKNOWN"
          },
          {
            "id": 11,
            "text": "1 : 진짜 어이가 없다 근데 3학년 때도 같은 반이었나?",
            "norm_text": "진짜 어이가 없다 근데 3학년 때도 같은 반이었나?",
            "speaker": {
              "id": "1번",
              "sex": "여성",
              "age": "20대"
            },
            "speechAct": "(지시) 질문하기",
            "morpheme": "진짜/MAG+어/IC+이/NP+가/JKS+없/VA+다/EF+근데/MAJ+3/SN+학년/NNG+때/NNG+도/JX+같/VA+은/ETM+반/NNG+이/VCP+었/EP+나/EF"
          },
          {
            "id": 12,
            "text": "2 : 그랬었나...? 진짜로 기억이 안 나네 키키",
            "norm_text": "그랬었나...? 진짜로 기억이 안 나네 키키",
            "speaker": {
              "id": "2번",
              "sex": "여성",
              "age": "20대"
            },
            "speechAct": "(단언) 주장하기",
            "morpheme": "그랬었/VV+EP+나/EF+./SY+./SY+진짜로/MAG+기억/NNG+이/JKS+안/MAG+나/NP+네/XSN+키/NNG+키/XSV+ETN"
          },
          {
            "id": 13,
            "text": "1 : 야 우리 기억력 어떡하냐 ㅜㅜ",
            "norm_text": "야 우리 기억력 어떡하냐 ㅜㅜ",
            "speaker": {
              "id": "1번",
              "sex": "여성",
              "age": "20대"
            },
            "speechAct": "(단언) 주장하기",
            "morpheme": "야/IC+우리/NP+기억력/NNG+어떡/XR+하/XSA+냐/EF+ㅜㅜ/UNKNOWN"
          },
          {
            "id": 14,
            "text": "2 : 세월이 흐르긴 했나 보다 키키",
            "norm_text": "세월이 흐르긴 했나 보다 키키",
            "speaker": {
              "id": "2번",
              "sex": "여성",
              "age": "20대"
            },
            "speechAct": "(단언) 주장하기",
            "morpheme": "세월/NNG+이/JKS+흐르/VV+긴/ETN+JX+했/VX+EP+나/NP+보다/JKB+키/NNG+키/XSV+ETN"
          },
          {
            "id": 15,
            "text": "2 : 지금만 잘 기억하면 되지 ㅎ",
            "norm_text": "지금만 잘 기억하면 되지 ㅎ",
            "speaker": {
              "id": "2번",
              "sex": "여성",
              "age": "20대"
            },
            "speechAct": "(단언) 주장하기",
            "morpheme": "지금/MAG+만/JX+잘/MAG+기억/NNG+하/XSV+면/EC+되/VV+지/EF+ㅎ/XSA"
          },
          {
            "id": 16,
            "text": "1 : 그래 우리 지금 이 순간을 소중히 하자!",
            "norm_text": "그래 우리 지금 이 순간을 소중히 하자!",
            "speaker": {
              "id": "1번",
              "sex": "여성",
              "age": "20대"
            },
            "speechAct": "(단언) 주장하기",
            "morpheme": "그래/IC+우리/NP+지금/MAG+이/MM+순간/NNG+을/JKO+소중히/MAG+하/VV+자/EF"
          },
          {
            "id": 17,
            "text": "2 : 그래 과거보단 미래가 더 중요한 거야 키키",
            "norm_text": "그래 과거보단 미래가 더 중요한 거야 키키",
            "speaker": {
              "id": "2번",
              "sex": "여성",
              "age": "20대"
            },
            "speechAct": "(단언) 주장하기",
            "morpheme": "그래/IC+과거/NNG+보단/JKB+JX+미래/NNG+가/JKS+더/MAG+중요/NNG+한/XSA+ETM+거/NNB+야/VCP+EF+키/NNG+키/XSV+ETN"
          }
        ]
      }
    }
  ]
}