{
  "dataset": {
    "identifier": 22405,
    "name": "BAND_29_06_set",
    "src_path": "/data/file/cubeManager/PROJECT001/49/txt20210917164449094420/BAND_29_06_set/",
    "label_path": "/data/file/cubeManager/PROJECT001/49/txt20210917164449094420/BAND_29_06_set/",
    "category": 2,
    "type": 0
  },
  "licenses": {
    "name": "Apache License 1.0",
    "url": "http://www.apache.org/licenses/LICENSE-1.0"
  },
  "info": [
    {
      "id": 30277,
      "filename": "BAND_29_06.txt",
      "title": "BAND_29_06",
      "mediatype": "SNS",
      "medianame": "네이버밴드",
      "category": "일상대화",
      "date": "2021-09-17",
      "size": 418,
      "annotations": {
        "subject": "교육",
        "speaker_type": "1:1",
        "size": 418,
        "word_size": 136,
        "text": "1 : 너 고딩 때 정보과였잖아.\n2 : 맞아 호텔 정보과였지 재밌었어\n1 : 너 그러면 컴퓨터 자격증 많이 땄어?\n2 : 학교 다닐 때 세 개 정도 땄는데 기본적인 거야\n1 : 너 근데 그거 공부하면서 컴퓨터에 대해서 이해했어?\n2 : 음 도움이 많이 되긴 했었지 키키\n1 : 나는 요즘에 책으로 보는데 이해가 하나도 안 돼.\n2 : 키키 맞아 나도 실무에 쓰려니 많이 힘드네\n1 : 너 무슨 자격증 땄는데?\n2 : 내가 딴 건 오에이 마스터랑 회계 자격증이야 !\n1 : 오에이 마스터는 어떤 자격증이야?\n2 : 아이티큐 세 과목 이상 에이 등급을 맞으면 딸 수 있어!\n1 : 근데 요즘 아이티큐 3년 지나면 다시 따야 하잖아.\n2 : 몇 년도 이후에 딴 건 안 사라진다고 하더라구\n1 : 그래서 니 꺼는 사라지지 않는 자격증이야?\n2 : 응 최근 조회해보니 그렇더라구 !",
        "lines": [
          {
            "id": 1,
            "text": "1 : 너 고딩 때 정보과였잖아.",
            "norm_text": "너 고딩 때 정보과였잖아.",
            "speaker": {
              "id": "1번",
              "sex": "여성",
              "age": "20대"
            },
            "speechAct": "(지시) 질문하기",
            "morpheme": "너/NP+고/VCP+EC+딩/NNG+때/NNG+정보과/NNG+였/VCP+EP+잖아/EF"
          },
          {
            "id": 2,
            "text": "2 : 맞아 호텔 정보과였지 재밌었어",
            "norm_text": "맞아 호텔 정보과였지 재밌었어",
            "speaker": {
              "id": "2번",
              "sex": "여성",
              "age": "20대"
            },
            "speechAct": "(단언) 주장하기",
            "morpheme": "맞/VV+아/EC+호텔/NNG+정보과/NNG+였/VCP+EP+지/EC+재밌/VA+었/EP+어/EC"
          },
          {
            "id": 3,
            "text": "1 : 너 그러면 컴퓨터 자격증 많이 땄어?",
            "norm_text": "너 그러면 컴퓨터 자격증 많이 땄어?",
            "speaker": {
              "id": "1번",
              "sex": "여성",
              "age": "20대"
            },
            "speechAct": "(지시) 질문하기",
            "morpheme": "너/NP+그러/VV+면/EC+컴퓨터/NNG+자격증/NNG+많이/MAG+땄/VV+EP+어/EF"
          },
          {
            "id": 4,
            "text": "2 : 학교 다닐 때 세 개 정도 땄는데 기본적인 거야",
            "norm_text": "학교 다닐 때 세 개 정도 땄는데 기본적인 거야",
            "speaker": {
              "id": "2번",
              "sex": "여성",
              "age": "20대"
            },
            "speechAct": "(단언) 진술하기",
            "morpheme": "학교/NNG+다닐/VV+ETM+때/NNG+세/MM+개/NNBC+정도/NNG+땄/VV+EP+는데/EC+기본/NNG+적/XSN+인/VCP+ETM+거/NNB+야/VCP+EF"
          },
          {
            "id": 5,
            "text": "1 : 너 근데 그거 공부하면서 컴퓨터에 대해서 이해했어?",
            "norm_text": "너 근데 그거 공부하면서 컴퓨터에 대해서 이해했어?",
            "speaker": {
              "id": "1번",
              "sex": "여성",
              "age": "20대"
            },
            "speechAct": "(지시) 질문하기",
            "morpheme": "너/NP+근데/MAJ+그거/NP+공부/NNG+하/XSV+면서/EC+컴퓨터/NNG+에/JKB+대해서/VV+EC+이해/NNG+했/XSV+EP+어/EF"
          },
          {
            "id": 6,
            "text": "2 : 음 도움이 많이 되긴 했었지 키키",
            "norm_text": "음 도움이 많이 되긴 했었지 키키",
            "speaker": {
              "id": "2번",
              "sex": "여성",
              "age": "20대"
            },
            "speechAct": "(단언) 주장하기",
            "morpheme": "음/IC+도움/NNG+이/JKS+많이/MAG+되/VV+긴/ETN+JX+했었/VX+EP+지/EC+키/NNG+키/XSV+ETN"
          },
          {
            "id": 7,
            "text": "1 : 나는 요즘에 책으로 보는데 이해가 하나도 안 돼.",
            "norm_text": "나는 요즘에 책으로 보는데 이해가 하나도 안 돼.",
            "speaker": {
              "id": "1번",
              "sex": "여성",
              "age": "20대"
            },
            "speechAct": "(단언) 주장하기",
            "morpheme": "나/NP+는/JX+요즘/NNG+에/JKB+책/NNG+으로/JKB+보/VV+는데/EC+이해/NNG+가/JKS+하나/NR+도/JX+안/MAG+돼/VV+EF"
          },
          {
            "id": 8,
            "text": "2 : 키키 맞아 나도 실무에 쓰려니 많이 힘드네",
            "norm_text": "키키 맞아 나도 실무에 쓰려니 많이 힘드네",
            "speaker": {
              "id": "2번",
              "sex": "여성",
              "age": "20대"
            },
            "speechAct": "(단언) 주장하기",
            "morpheme": "키/NNG+키/XSV+ETN+맞/VV+아/EC+나/NP+도/JX+실무/NNG+에/JKB+쓰/VV+려니/EC+많이/MAG+힘드/VA+네/EC"
          },
          {
            "id": 9,
            "text": "1 : 너 무슨 자격증 땄는데?",
            "norm_text": "너 무슨 자격증 땄는데?",
            "speaker": {
              "id": "1번",
              "sex": "여성",
              "age": "20대"
            },
            "speechAct": "(지시) 질문하기",
            "morpheme": "너/NP+무슨/MM+자격증/NNG+땄/VV+EP+는데/EF"
          },
          {
            "id": 10,
            "text": "2 : 내가 딴 건 오에이 마스터랑 회계 자격증이야 !",
            "norm_text": "내가 딴 건 오에이 마스터랑 회계 자격증이야 !",
            "speaker": {
              "id": "2번",
              "sex": "여성",
              "age": "20대"
            },
            "speechAct": "(단언) 진술하기",
            "morpheme": "내/NP+가/JKS+딴/MM+건/NNB+JX+오에이/NNG+마스터/NNG+랑/JKB+회계/NNG+자격증/NNG+이/VCP+야/EF"
          },
          {
            "id": 11,
            "text": "1 : 오에이 마스터는 어떤 자격증이야?",
            "norm_text": "오에이 마스터는 어떤 자격증이야?",
            "speaker": {
              "id": "1번",
              "sex": "여성",
              "age": "20대"
            },
            "speechAct": "(지시) 질문하기",
            "morpheme": "오에이/NNG+마스터/NNG+는/JX+어떤/MM+자격증/NNG+이/VCP+야/EF"
          },
          {
            "id": 12,
            "text": "2 : 아이티큐 세 과목 이상 에이 등급을 맞으면 딸 수 있어!",
            "norm_text": "아이티큐 세 과목 이상 에이 등급을 맞으면 딸 수 있어!",
            "speaker": {
              "id": "2번",
              "sex": "여성",
              "age": "20대"
            },
            "speechAct": "(단언) 진술하기",
            "morpheme": "아이티/NNP+큐/NNG+세과목/NNG+이상/NNG+에/JKB+이/MM+등급/NNG+을/JKO+맞/VV+으면/EC+딸/VV+ETM+수/NNB+있/VV+어/EF"
          },
          {
            "id": 13,
            "text": "1 : 근데 요즘 아이티큐 3년 지나면 다시 따야 하잖아.",
            "norm_text": "근데 요즘 아이티큐 3년 지나면 다시 따야 하잖아.",
            "speaker": {
              "id": "1번",
              "sex": "여성",
              "age": "20대"
            },
            "speechAct": "(단언) 주장하기",
            "morpheme": "근데/MAJ+요즘/MAG+아이티/NNP+큐/NNG+3/SN+년/NNBC+지나/VV+면/EC+다시/MAG+따/VV+야/EC+하/VX+잖아/EF"
          },
          {
            "id": 14,
            "text": "2 : 몇 년도 이후에 딴 건 안 사라진다고 하더라구",
            "norm_text": "몇 년도 이후에 딴 건 안 사라진다고 하더라구",
            "speaker": {
              "id": "2번",
              "sex": "여성",
              "age": "20대"
            },
            "speechAct": "(단언) 진술하기",
            "morpheme": "몇/MM+년/NNBC+도/JX+이후/NNG+에/JKB+딴/VV+ETM+건/NNB+JX+안/MAG+사라진다고/VV+EC+하/VV+더라구/EC"
          },
          {
            "id": 15,
            "text": "1 : 그래서 니 꺼는 사라지지 않는 자격증이야?",
            "norm_text": "그래서 니 꺼는 사라지지 않는 자격증이야?",
            "speaker": {
              "id": "1번",
              "sex": "여성",
              "age": "20대"
            },
            "speechAct": "(지시) 질문하기",
            "morpheme": "그래서/MAJ+니/NP+꺼/VV+는/ETM+사라지/VV+지/EC+않/VX+는/ETM+자격증/NNG+이/VCP+야/EF"
          },
          {
            "id": 16,
            "text": "2 : 응 최근 조회해보니 그렇더라구 !",
            "norm_text": "응 최근 조회해보니 그렇더라구 !",
            "speaker": {
              "id": "2번",
              "sex": "여성",
              "age": "20대"
            },
            "speechAct": "(단언) 진술하기",
            "morpheme": "응/IC+최근/NNG+조회/NNG+해/XSV+EC+보/VX+니/EC+그렇/VA+더라구/EF"
          }
        ]
      }
    }
  ]
}