{
  "dataset": {
    "identifier": 103333,
    "name": "BAND_37_05_set",
    "src_path": "/data/file/cubeManager/PROJECT001/77/txt202110271501010557100/BAND_37_05_set/",
    "label_path": "/data/file/cubeManager/PROJECT001/77/txt202110271501010557100/BAND_37_05_set/",
    "category": 2,
    "type": 0
  },
  "licenses": {
    "name": "Apache License 1.0",
    "url": "http://www.apache.org/licenses/LICENSE-1.0"
  },
  "info": [
    {
      "id": 96645,
      "filename": "BAND_37_05.txt",
      "title": "BAND_37_05",
      "mediatype": "SNS",
      "medianame": "네이버밴드",
      "category": "일상대화",
      "date": "2021-10-27",
      "size": 464,
      "annotations": {
        "subject": "군대",
        "speaker_type": "다자간 대화",
        "size": 464,
        "word_size": 150,
        "text": "1 : 다들 군대 다녀 왔어?\n2 : 응 나는 저기 강원도에 갔다왔지\n3 : 응 나도 홍천으로 갔다왔어\n1 : 다들 군필이구나\n1 : 언제 전역했어?\n2 : 음 나는 16년도에 전역했어 키키\n3 : 나는 올해 전역했어 키키 시간빠르다\n1 : 키키 올해면 별로 안됐네 키키\n1 : 나오니깐 어때?\n2 : 와 올해 전역이면 18개월인가? 부럽다 ㅠ\n3 : 밖에는 생각보다 먹을게 많더라고 나오자마자 살쪘어\n1 : 키키 먹을거 천지 키키\n1 : 예전에 몇 개월이었는데?\n2 : 내가 있을 때는 21개월 꽉꽉 채워서 전역했지!ㅠㅠ\n3 : 나는 18개월 해서 다행이야... 어떻게 버텨\n1 : 그니깐 점점 줄고 있구나\n2 : 요즘은 군대에서 개인 휴대폰도 쓴다던데 맞아?\n3 : 맞아 휴대폰 쓸 수있어\n1 : 키키 통화도 잘되던데 키키\n1 : 너 때는 안 썼어?\n2 : 나는 휴가 갈 때만 만질 수 있는 게 휴대폰이지 키키\n3 : 나는 정말 군대에서 잘 보냈던 거 같아 그래도",
        "lines": [
          {
            "id": 1,
            "text": "1 : 다들 군대 다녀 왔어?",
            "norm_text": "다들 군대 다녀 왔어?",
            "speaker": {
              "id": "1번",
              "sex": "여성",
              "age": "20대"
            },
            "speechAct": "(지시) 질문하기",
            "morpheme": "다/MAG+들/XSN+군대/NNG+다녀왔/VV+EP+어/EF"
          },
          {
            "id": 2,
            "text": "2 : 응 나는 저기 강원도에 갔다왔지",
            "norm_text": "응 나는 저기 강원도에 갔다왔지",
            "speaker": {
              "id": "2번",
              "sex": "남성",
              "age": "20대"
            },
            "speechAct": "(단언) 진술하기",
            "morpheme": "응/IC+나/NP+는/JX+저기/NP+강원도/NNP+에/JKB+갔다왔/VV+EP+지/EC"
          },
          {
            "id": 3,
            "text": "3 : 응 나도 홍천으로 갔다왔어",
            "norm_text": "응 나도 홍천으로 갔다왔어",
            "speaker": {
              "id": "3번",
              "sex": "남성",
              "age": "20대"
            },
            "speechAct": "(단언) 진술하기",
            "morpheme": "응/IC+나/NP+도/JX+홍천/NNG+으로/JKB+갔다왔/VV+EP+어/EC"
          },
          {
            "id": 4,
            "text": "1 : 다들 군필이구나",
            "norm_text": "다들 군필이구나",
            "speaker": {
              "id": "1번",
              "sex": "여성",
              "age": "20대"
            },
            "speechAct": "(단언) 진술하기",
            "morpheme": "다/MAG+들/XSN+군필/NNG+이/VCP+구나/EC"
          },
          {
            "id": 5,
            "text": "1 : 언제 전역했어?",
            "norm_text": "언제 전역했어?",
            "speaker": {
              "id": "1번",
              "sex": "여성",
              "age": "20대"
            },
            "speechAct": "(지시) 질문하기",
            "morpheme": "언제/MAG+전역/NNG+했/XSV+EP+어/EF"
          },
          {
            "id": 6,
            "text": "2 : 음 나는 16년도에 전역했어 키키",
            "norm_text": "음 나는 16년도에 전역했어 키키",
            "speaker": {
              "id": "2번",
              "sex": "남성",
              "age": "20대"
            },
            "speechAct": "(단언) 진술하기",
            "morpheme": "음/IC+나/NP+는/JX+16/SN+년/NNBC+도/NNG+에/JKB+전역/NNG+했/XSV+EP+어/EC+키/NNG+키/XSV+ETN"
          },
          {
            "id": 7,
            "text": "3 : 나는 올해 전역했어 키키 시간빠르다",
            "norm_text": "나는 올해 전역했어 키키 시간빠르다",
            "speaker": {
              "id": "3번",
              "sex": "남성",
              "age": "20대"
            },
            "speechAct": "(단언) 진술하기",
            "morpheme": "나/NP+는/JX+올해/NNG+전역/NNG+했/XSV+EP+어/EC+키/NNG+키/NNG+시간/NNG+빠르/VA+다/EC"
          },
          {
            "id": 8,
            "text": "1 : 키키 올해면 별로 안됐네 키키",
            "norm_text": "키키 올해면 별로 안됐네 키키",
            "speaker": {
              "id": "1번",
              "sex": "여성",
              "age": "20대"
            },
            "speechAct": "(단언) 주장하기",
            "morpheme": "키/NNG+키/NNG+올해/NNG+면/VCP+EC+별로/MAG+안/MAG+됐/VV+EP+네/EF+키/NNG+키/XSV+ETN"
          },
          {
            "id": 9,
            "text": "1 : 나오니깐 어때?",
            "norm_text": "나오니깐 어때?",
            "speaker": {
              "id": "1번",
              "sex": "여성",
              "age": "20대"
            },
            "speechAct": "(지시) 질문하기",
            "morpheme": "나오/VV+니깐/EC+어때/VA+EF"
          },
          {
            "id": 10,
            "text": "2 : 와 올해 전역이면 18개월인가? 부럽다 ㅠ",
            "norm_text": "와 올해 전역이면 18개월인가? 부럽다 ㅠ",
            "speaker": {
              "id": "2번",
              "sex": "남성",
              "age": "20대"
            },
            "speechAct": "(단언) 주장하기",
            "morpheme": "와/IC+올해/NNG+전역/NNG+이/VCP+면/EC+18/SN+개월/NNBC+인가/VCP+EF+부럽다ㅠ/UNKNOWN"
          },
          {
            "id": 11,
            "text": "3 : 밖에는 생각보다 먹을게 많더라고 나오자마자 살쪘어",
            "norm_text": "밖에는 생각보다 먹을게 많더라고 나오자마자 살쪘어",
            "speaker": {
              "id": "3번",
              "sex": "남성",
              "age": "20대"
            },
            "speechAct": "(단언) 주장하기",
            "morpheme": "밖/NNG+에/JKB+는/JX+생각/NNG+보다/JKB+먹/VV+을/ETM+게/NNB+JKS+많/VA+더라고/EC+나오/VV+자마자/EC+살쪘/VV+EP+어/EC"
          },
          {
            "id": 12,
            "text": "1 : 키키 먹을거 천지 키키",
            "norm_text": "키키 먹을거 천지 키키",
            "speaker": {
              "id": "1번",
              "sex": "여성",
              "age": "20대"
            },
            "speechAct": "(단언) 주장하기",
            "morpheme": "키/NNG+키/XSV+ETN+먹/VV+을/ETM+거/NNB+천지/NNG+키/NNG+키/XSV+ETN"
          },
          {
            "id": 13,
            "text": "1 : 예전에 몇 개월이었는데?",
            "norm_text": "예전에 몇 개월이었는데?",
            "speaker": {
              "id": "1번",
              "sex": "여성",
              "age": "20대"
            },
            "speechAct": "(지시) 질문하기",
            "morpheme": "예전/NNG+에/JKB+몇/MM+개월/NNBC+이/VCP+었/EP+는데/EF"
          },
          {
            "id": 14,
            "text": "2 : 내가 있을 때는 21개월 꽉꽉 채워서 전역했지!ㅠㅠ",
            "norm_text": "내가 있을 때는 21개월 꽉꽉 채워서 전역했지!ㅠㅠ",
            "speaker": {
              "id": "2번",
              "sex": "남성",
              "age": "20대"
            },
            "speechAct": "(단언) 진술하기",
            "morpheme": "내/NP+가/JKS+있/VV+을/ETM+때/NNG+는/JX+21/SN+개월/NNBC+꽉/MAG+꽉/MAG+채워서/VV+EC+전역/NNG+했/XSV+EP+지/EF+ㅠㅠ/UNKNOWN"
          },
          {
            "id": 15,
            "text": "3 : 나는 18개월 해서 다행이야... 어떻게 버텨",
            "norm_text": "나는 18개월 해서 다행이야... 어떻게 버텨",
            "speaker": {
              "id": "3번",
              "sex": "남성",
              "age": "20대"
            },
            "speechAct": "(단언) 주장하기",
            "morpheme": "나/NP+는/JX+18/SN+개월/NNBC+해서/VV+EC+다행/NNG+이/VCP+야/EF+./SY+어떻게/MAG+버텨/VV+EC"
          },
          {
            "id": 16,
            "text": "1 : 그니깐 점점 줄고 있구나",
            "norm_text": "그니깐 점점 줄고 있구나",
            "speaker": {
              "id": "1번",
              "sex": "여성",
              "age": "20대"
            },
            "speechAct": "(단언) 주장하기",
            "morpheme": "그니깐/MAJ+점점/MAG+줄/VV+고/EC+있/VX+구나/EC"
          },
          {
            "id": 17,
            "text": "2 : 요즘은 군대에서 개인 휴대폰도 쓴다던데 맞아?",
            "norm_text": "요즘은 군대에서 개인 휴대폰도 쓴다던데 맞아?",
            "speaker": {
              "id": "2번",
              "sex": "남성",
              "age": "20대"
            },
            "speechAct": "(지시) 질문하기",
            "morpheme": "요즘/NNG+은/JX+군대/NNG+에서/JKB+개인/NNG+휴대폰/NNG+도/JX+쓴다/VV+EC+던데/VV+EC+맞/VV+아/EF"
          },
          {
            "id": 18,
            "text": "3 : 맞아 휴대폰 쓸 수있어",
            "norm_text": "맞아 휴대폰 쓸 수있어",
            "speaker": {
              "id": "3번",
              "sex": "남성",
              "age": "20대"
            },
            "speechAct": "(단언) 진술하기",
            "morpheme": "맞/VV+아/EC+휴대폰/NNG+쓸/VV+ETM+수/NNB+있/VV+어/EC"
          },
          {
            "id": 19,
            "text": "1 : 키키 통화도 잘되던데 키키",
            "norm_text": "키키 통화도 잘되던데 키키",
            "speaker": {
              "id": "1번",
              "sex": "여성",
              "age": "20대"
            },
            "speechAct": "(단언) 주장하기",
            "morpheme": "키/NNG+키/NNG+통화/NNG+도/JX+잘/MAG+되/VV+던데/EC+키/NNG+키/XSV+ETN"
          },
          {
            "id": 20,
            "text": "1 : 너 때는 안 썼어?",
            "norm_text": "너 때는 안 썼어?",
            "speaker": {
              "id": "1번",
              "sex": "여성",
              "age": "20대"
            },
            "speechAct": "(지시) 질문하기",
            "morpheme": "너/NP+때/NNG+는/JX+안/MAG+썼/VV+EP+어/EF"
          },
          {
            "id": 21,
            "text": "2 : 나는 휴가 갈 때만 만질 수 있는 게 휴대폰이지 키키",
            "norm_text": "나는 휴가 갈 때만 만질 수 있는 게 휴대폰이지 키키",
            "speaker": {
              "id": "2번",
              "sex": "남성",
              "age": "20대"
            },
            "speechAct": "(단언) 진술하기",
            "morpheme": "나/NP+는/JX+휴가/NNG+갈/VV+ETM+때/NNG+만/JX+만질/VV+ETM+수/NNB+있/VV+는/ETM+게/NNB+JKS+휴대폰/NNG+이/VCP+지/EC+키/NNG+키/XSV+ETN"
          },
          {
            "id": 22,
            "text": "3 : 나는 정말 군대에서 잘 보냈던 거 같아 그래도",
            "norm_text": "나는 정말 군대에서 잘 보냈던 거 같아 그래도",
            "speaker": {
              "id": "3번",
              "sex": "남성",
              "age": "20대"
            },
            "speechAct": "(단언) 주장하기",
            "morpheme": "나/NP+는/JX+정말/MAG+군대/NNG+에서/JKB+잘/MAG+보냈/VV+EP+던/ETM+거/NNB+같/VA+아/EC+그래도/VV+EC"
          }
        ]
      }
    }
  ]
}