{
  "dataset": {
    "identifier": 68248,
    "name": "BAND_36_20_set",
    "src_path": "/data/file/cubeManager/PROJECT001/53/txt20211006142823079344/BAND_36_20_set/",
    "label_path": "/data/file/cubeManager/PROJECT001/53/txt20211006142823079344/BAND_36_20_set/",
    "category": 2,
    "type": 0
  },
  "licenses": {
    "name": "Apache License 1.0",
    "url": "http://www.apache.org/licenses/LICENSE-1.0"
  },
  "info": [
    {
      "id": 45672,
      "filename": "BAND_36_20.txt",
      "title": "BAND_36_20",
      "mediatype": "SNS",
      "medianame": "네이버밴드",
      "category": "일상대화",
      "date": "2021-10-06",
      "size": 1058,
      "annotations": {
        "subject": "영화/만화",
        "speaker_type": "다자간 대화",
        "size": 1058,
        "word_size": 324,
        "text": "1 : 영화제에서 상 받고 이런 영화 좋아해? 본 거 있어?\n2 : 잘 안 봐~ 그냥 나중에 결과 정도만 보는 거 같아 너는 좋아해?\n3 : 난 사실 별로 관심 없었고 약간 상 받는 영화들은 좀 대중적이지 않다는 생각이었는데 기생충 덕분에 인식이 좀 깨진 것 같아\n1 : 그치 나도 거의 안 보긴 했는데 다 별로 분위기도 무겁고 안 보고 싶었거든... 그래도 기생충은 재밌게 봤음!\n1 : 막 *** 감독 영화 이런 거는 재밌는지 모르겠어\n2 : 그렇지? 매니아층이 따로 있는 거 같아\n3 : 맞아 맞아 미나리 봤어? 그것도 한창 난리였는데 난 못 봤네 ㅠㅠ\n1 : 아니 안 봤엉... 이번에 추석특선 영화로 해주더라!\n2 : 나도 안 봤어 좀 슬플 거 같아서 보기 싫었어... 난 슬픈 영화는 별로 안 봐\n3 : 헐 봐야겠다 대박이네 약간 믿고 보는 영화 배우 있다면 누구야?\n1 : 음... 나는 요즘에는 조정석이나 황정민! 웬만하면 다 재밌었던 거 같애 키키\n2 : 나도 조정석 엄청 좋아해~ 난 정경호도 좋아~ 연기 잘해\n3 : 추석 때 이것저것 영화 많이 주던데 아는 거 또 있어?\n1 : 엑시트 보헤미안 랩소디 도어락 이런 거 해준대!\n1 : 엑시트도 재밌었는데 키키 봤어?\n2 : 엑스트 5번 넘게 봤어 키키 너무 웃겨 좀 감동적이고\n3 : 엑시트 재미 있어 맞아 키키 근데 막 일부러 조정석한테 막 어른들이 자식에게 부담 주는...? 그런 게 너무 보여서... 좀 짜증 났어 키키\n1 : 그치 난 그런 내용인지 모르고 그냥 보러 갔는데 예상치 못했어서 그런지 더 재밌더라공 키키 건축학개론은 봤어?\n2 : 건축학개론은 중간 중간만 봤어 건축학개론 어땠어?\n3 : 건축학개론 학교에서도 보여줬었음 키키 재미 있던데? 그때 유연석 악역이었는데\n1 : 어 맞아 그랬네 키키 나는 생각보다는 별로였엉 너무 기대하고 봐서 그런가\n2 : 수지가 예뻤다 정도 기억함 키키\n3 : 하 맞아... 진짜 이쁘고 귀엽고 혼자 다했지 ㅜㅜ\n1 : 그치 나도 그 정도 키키 베놈도 봤어? 베놈 2도 곧 개봉 한다던데 봐야겠엉\n2 : 나 그거 못 봤어 어떤 내용이야?\n3 : 음... 그냥 학창 시절의 풋풋한 사랑 이야기였던 것 같은데 맞나 키키",
        "lines": [
          {
            "id": 1,
            "text": "1 : 영화제에서 상 받고 이런 영화 좋아해? 본 거 있어?",
            "norm_text": "영화제에서 상 받고 이런 영화 좋아해? 본 거 있어?",
            "speaker": {
              "id": "1번",
              "sex": "여성",
              "age": "20대"
            },
            "speechAct": "(지시) 질문하기",
            "morpheme": "영화제/NNG+에서/JKB+상/NNG+받/VV+고/EC+이런/MM+영화/NNG+좋/VA+아/EC+해/VX+EF+본/VV+ETM+거/NNB+있/VA+어/EF"
          },
          {
            "id": 2,
            "text": "2 : 잘 안 봐~ 그냥 나중에 결과 정도만 보는 거 같아 너는 좋아해?",
            "norm_text": "잘 안 봐~ 그냥 나중에 결과 정도만 보는 거 같아 너는 좋아해?",
            "speaker": {
              "id": "2번",
              "sex": "여성",
              "age": "30대"
            },
            "speechAct": "(지시) 질문하기",
            "morpheme": "잘/MAG+안/MAG+봐/VV+EC+~/SY+그냥/MAG+나중/NNG+에/JKB+결과/NNG+정도/NNG+만/JX+보/VV+는/ETM+거/NNB+같/VA+아/EC+너/NP+는/JX+좋/VA+아/EC+해/VX+EF"
          },
          {
            "id": 3,
            "text": "3 : 난 사실 별로 관심 없었고 약간 상 받는 영화들은 좀 대중적이지 않다는 생각이었는데 기생충 덕분에 인식이 좀 깨진 것 같아",
            "norm_text": "난 사실 별로 관심 없었고 약간 상 받는 영화들은 좀 대중적이지 않다는 생각이었는데 기생충 덕분에 인식이 좀 깨진 것 같아",
            "speaker": {
              "id": "3번",
              "sex": "여성",
              "age": "20대"
            },
            "speechAct": "(단언) 진술하기",
            "morpheme": "난/NP+JX+사실/MAG+별로/MAG+관심없/VV+었/EP+고/EC+약간/MAG+상/NNG+받/VV+는/ETM+영화/NNG+들/XSN+은/JX+좀/MAG+대중/NNG+적/XSN+이/VCP+지/EC+않/VX+다는/ETM+생각/NNG+이/VCP+었/EP+는데/EC+기생충/NNG+덕분/NNG+에/JKB+인식/NNG+이/JKS+좀/MAG+깨진/VV+ETM+것/NNB+같/VA+아/EC"
          },
          {
            "id": 4,
            "text": "1 : 그치 나도 거의 안 보긴 했는데 다 별로 분위기도 무겁고 안 보고 싶었거든... 그래도 기생충은 재밌게 봤음!",
            "norm_text": "그치 나도 거의 안 보긴 했는데 다 별로 분위기도 무겁고 안 보고 싶었거든... 그래도 기생충은 재밌게 봤음!",
            "speaker": {
              "id": "1번",
              "sex": "여성",
              "age": "20대"
            },
            "speechAct": "(단언) 진술하기",
            "morpheme": "그치/IC+나/NP+도/JX+거의/MAG+안/MAG+보/VV+긴/ETN+JX+했/VX+EP+는데/EC+다/MAG+별로/MAG+분위기/NNG+도/JX+무겁/VA+고/EC+안/MAG+보/VV+고/EC+싶/VX+었/EP+거든/EF+./SY+그래도/MAJ+기생충/NNG+은/JX+재밌/VA+게/EC+봤/VX+EP+음/ETN"
          },
          {
            "id": 5,
            "text": "1 : 막 *** 감독 영화 이런 거는 재밌는지 모르겠어",
            "norm_text": "막 *** 감독 영화 이런 거는 재밌는지 모르겠어",
            "speaker": {
              "id": "1번",
              "sex": "여성",
              "age": "20대"
            },
            "speechAct": "(단언) 주장하기",
            "morpheme": "막/NNG+*/SY+*/SY+*/SY+감독/NNG+영화/NNG+이런/MM+거/NNB+는/JX+재밌/VA+는지/EC+모르/VV+겠/EP+어/EC"
          },
          {
            "id": 6,
            "text": "2 : 그렇지? 매니아층이 따로 있는 거 같아",
            "norm_text": "그렇지? 매니아층이 따로 있는 거 같아",
            "speaker": {
              "id": "2번",
              "sex": "여성",
              "age": "30대"
            },
            "speechAct": "(단언) 진술하기",
            "morpheme": "그렇/VA+지/EF+매니아/NNP+층/NNG+이/JKS+따로/MAG+있/VV+는/ETM+거/NNB+같/VA+아/EC"
          },
          {
            "id": 7,
            "text": "3 : 맞아 맞아 미나리 봤어? 그것도 한창 난리였는데 난 못 봤네 ㅠㅠ",
            "norm_text": "맞아 맞아 미나리 봤어? 그것도 한창 난리였는데 난 못 봤네 ㅠㅠ",
            "speaker": {
              "id": "3번",
              "sex": "여성",
              "age": "20대"
            },
            "speechAct": "(단언) 진술하기",
            "morpheme": "맞/VV+아/EC+맞/VV+아/EC+미나리/NNG+봤/VV+EP+어/EF+그것도한창난리였는데난못봤네ㅠㅠ/UNKNOWN"
          },
          {
            "id": 8,
            "text": "1 : 아니 안 봤엉... 이번에 추석특선 영화로 해주더라!",
            "norm_text": "아니 안 봤엉... 이번에 추석특선 영화로 해주더라!",
            "speaker": {
              "id": "1번",
              "sex": "여성",
              "age": "20대"
            },
            "speechAct": "(단언) 진술하기",
            "morpheme": "아니/IC+안/MAG+봤/VV+EP+엉/EF+./SY+이번/NNG+에/JKB+추석/NNG+특선/NNG+영화/NNG+로/JKB+해/VV+EC+주/VX+더라/EF"
          },
          {
            "id": 9,
            "text": "2 : 나도 안 봤어 좀 슬플 거 같아서 보기 싫었어... 난 슬픈 영화는 별로 안 봐",
            "norm_text": "나도 안 봤어 좀 슬플 거 같아서 보기 싫었어... 난 슬픈 영화는 별로 안 봐",
            "speaker": {
              "id": "2번",
              "sex": "여성",
              "age": "30대"
            },
            "speechAct": "(단언) 주장하기",
            "morpheme": "나/NP+도/JX+안/MAG+봤/VV+EP+어/EC+좀/MAG+슬플/VA+ETM+거/NNB+같/VA+아서/EC+보/VX+기/ETN+싫/VA+었/EP+어/EF+./SY+난/NP+JX+슬픈/VA+ETM+영화/NNG+는/JX+별로/MAG+안/MAG+봐/VV+EC"
          },
          {
            "id": 10,
            "text": "3 : 헐 봐야겠다 대박이네 약간 믿고 보는 영화 배우 있다면 누구야?",
            "norm_text": "헐 봐야겠다 대박이네 약간 믿고 보는 영화 배우 있다면 누구야?",
            "speaker": {
              "id": "3번",
              "sex": "여성",
              "age": "20대"
            },
            "speechAct": "(지시) 질문하기",
            "morpheme": "헐/VV+봐야/EC+VX+EC+VX+겠/EP+다/EC+대박/NNG+이/JKS+네/IC+약간/MAG+믿/VV+고/EC+보/VX+는/ETM+영화배우/NNG+있/VV+다면/EC+누구/NP+야/VCP+EF"
          },
          {
            "id": 11,
            "text": "1 : 음... 나는 요즘에는 조정석이나 황정민! 웬만하면 다 재밌었던 거 같애 키키",
            "norm_text": "음... 나는 요즘에는 조정석이나 황정민! 웬만하면 다 재밌었던 거 같애 키키",
            "speaker": {
              "id": "1번",
              "sex": "여성",
              "age": "20대"
            },
            "speechAct": "(단언) 진술하기",
            "morpheme": "음/IC+./SY+나/NP+는/JX+요즘/NNG+에/JKB+는/JX+조정석/NNP+이나/JC+황정민/NNP+웬만/XR+하/XSA+면/EC+다/MAG+재밌/VA+었/EP+던/ETM+거/NNB+같/VA+애/EF+키/NNG+키/XSV+ETN"
          },
          {
            "id": 12,
            "text": "2 : 나도 조정석 엄청 좋아해~ 난 정경호도 좋아~ 연기 잘해",
            "norm_text": "나도 조정석 엄청 좋아해~ 난 정경호도 좋아~ 연기 잘해",
            "speaker": {
              "id": "2번",
              "sex": "여성",
              "age": "30대"
            },
            "speechAct": "(단언) 진술하기",
            "morpheme": "나/NP+도/JX+조정석/NNP+엄청/MAG+좋/VA+아/EC+해/VV+EC+~/SY+난/NP+JX+정경호/NNP+도/JX+좋/VA+아/EC+~/SY+연기/NNG+잘/MAG+해/VV+EC"
          },
          {
            "id": 13,
            "text": "3 : 추석 때 이것저것 영화 많이 주던데 아는 거 또 있어?",
            "norm_text": "추석 때 이것저것 영화 많이 주던데 아는 거 또 있어?",
            "speaker": {
              "id": "3번",
              "sex": "여성",
              "age": "20대"
            },
            "speechAct": "(지시) 질문하기",
            "morpheme": "추석/NNG+때/NNG+이것저것/NNG+영화/NNG+많이/MAG+주/VV+던데/EC+아/VV+는/ETM+거/NNB+또/MAG+있/VV+어/EF"
          },
          {
            "id": 14,
            "text": "1 : 엑시트 보헤미안 랩소디 도어락 이런 거 해준대!",
            "norm_text": "엑시트 보헤미안 랩소디 도어락 이런 거 해준대!",
            "speaker": {
              "id": "1번",
              "sex": "여성",
              "age": "20대"
            },
            "speechAct": "(단언) 진술하기",
            "morpheme": "엑시트/NNG+보헤미안/NNG+랩소디/NNG+도어/NNG+락/VCP+EC+이런/MM+거/NNB+해/VV+EC+준대/VX+EF"
          },
          {
            "id": 15,
            "text": "1 : 엑시트도 재밌었는데 키키 봤어?",
            "norm_text": "엑시트도 재밌었는데 키키 봤어?",
            "speaker": {
              "id": "1번",
              "sex": "여성",
              "age": "20대"
            },
            "speechAct": "(지시) 질문하기",
            "morpheme": "엑시트/NNG+도/JX+재밌/VA+었/EP+는데/EC+키/NNG+키/XSV+ETN+봤/VV+EP+어/EF"
          },
          {
            "id": 16,
            "text": "2 : 엑스트 5번 넘게 봤어 키키 너무 웃겨 좀 감동적이고",
            "norm_text": "엑스트 5번 넘게 봤어 키키 너무 웃겨 좀 감동적이고",
            "speaker": {
              "id": "2번",
              "sex": "여성",
              "age": "30대"
            },
            "speechAct": "(단언) 주장하기",
            "morpheme": "엑스/NNG+트/NNG+5/SN+번/NNBC+넘/VV+게/EC+봤/VX+EP+어/EC+키/NNG+키/NNG+너무/MAG+웃겨/VV+EC+좀/MAG+감동/NNG+적/XSN+이/VCP+고/EC"
          },
          {
            "id": 17,
            "text": "3 : 엑시트 재미 있어 맞아 키키 근데 막 일부러 조정석한테 막 어른들이 자식에게 부담 주는...? 그런 게 너무 보여서... 좀 짜증 났어 키키",
            "norm_text": "엑시트 재미 있어 맞아 키키 근데 막 일부러 조정석한테 막 어른들이 자식에게 부담 주는...? 그런 게 너무 보여서... 좀 짜증 났어 키키",
            "speaker": {
              "id": "3번",
              "sex": "여성",
              "age": "20대"
            },
            "speechAct": "(단언) 주장하기",
            "morpheme": "엑시트재미있어맞아키키근데막일부러조정석한테막어른들이자식에게부담주는/UNKNOWN+./SY+./SY+그런/MM+게/NNB+JKS+너무/MAG+보여서/VV+EF+./SY+좀/MAG+짜증/NNG+났/VV+EP+어/EC+키/NNG+키/XSV+ETN"
          },
          {
            "id": 18,
            "text": "1 : 그치 난 그런 내용인지 모르고 그냥 보러 갔는데 예상치 못했어서 그런지 더 재밌더라공 키키 건축학개론은 봤어?",
            "norm_text": "그치 난 그런 내용인지 모르고 그냥 보러 갔는데 예상치 못했어서 그런지 더 재밌더라공 키키 건축학개론은 봤어?",
            "speaker": {
              "id": "1번",
              "sex": "여성",
              "age": "20대"
            },
            "speechAct": "(지시) 질문하기",
            "morpheme": "그치/IC+난/NP+JX+그런/MM+내용/NNG+인지/VCP+EC+모르/VV+고/EC+그냥/MAG+보/VV+러/EC+갔/VV+EP+는데/EC+예상/NNG+치/XSA+EC+못했/VX+EP+어서/EC+그런지/VA+EC+더/MAG+재밌/VA+더라/EF+공/NR+키/NNG+키/XSV+ETN+건축학개론/NNP+은/JX+봤/VV+EP+어/EF"
          },
          {
            "id": 19,
            "text": "2 : 건축학개론은 중간 중간만 봤어 건축학개론 어땠어?",
            "norm_text": "건축학개론은 중간 중간만 봤어 건축학개론 어땠어?",
            "speaker": {
              "id": "2번",
              "sex": "여성",
              "age": "30대"
            },
            "speechAct": "(지시) 질문하기",
            "morpheme": "건축학개론/NNP+은/JX+중간/NNG+중간/NNG+만/JX+봤/VV+EP+어/EC+건축학개론/NNP+어땠어/VA+EP+EF"
          },
          {
            "id": 20,
            "text": "3 : 건축학개론 학교에서도 보여줬었음 키키 재미 있던데? 그때 유연석 악역이었는데",
            "norm_text": "건축학개론 학교에서도 보여줬었음 키키 재미 있던데? 그때 유연석 악역이었는데",
            "speaker": {
              "id": "3번",
              "sex": "여성",
              "age": "20대"
            },
            "speechAct": "(단언) 진술하기",
            "morpheme": "건축학개론/NNP+학교/NNG+에서/JKB+도/JX+보여/VV+EC+줬었/VX+EP+음/ETN+키/NNG+키/XSV+ETN+재미있/VA+던데/EF+그때/NNG+유연석/NNP+악역/NNG+이/VCP+었/EP+는데/EC"
          },
          {
            "id": 21,
            "text": "1 : 어 맞아 그랬네 키키 나는 생각보다는 별로였엉 너무 기대하고 봐서 그런가",
            "norm_text": "어 맞아 그랬네 키키 나는 생각보다는 별로였엉 너무 기대하고 봐서 그런가",
            "speaker": {
              "id": "1번",
              "sex": "여성",
              "age": "20대"
            },
            "speechAct": "(단언) 주장하기",
            "morpheme": "어/IC+맞/VV+아/EC+그랬/VV+EP+네/EF+키/NNG+키나/XSA+ETN+JX+는/JX+생각/NNG+보다/JKB+는/JX+별로/MAG+였/VCP+EP+엉/EC+너무/MAG+기대/NNG+하/XSV+고/EC+봐서/VV+EC+그런가/VA+EC"
          },
          {
            "id": 22,
            "text": "2 : 수지가 예뻤다 정도 기억함 키키",
            "norm_text": "수지가 예뻤다 정도 기억함 키키",
            "speaker": {
              "id": "2번",
              "sex": "여성",
              "age": "30대"
            },
            "speechAct": "(단언) 진술하기",
            "morpheme": "수지/NNG+가/JKS+예뻤/VA+EP+다/EC+정도/NNG+기억/NNG+함/XSV+ETN+키/NNG+키/XSV+ETN"
          },
          {
            "id": 23,
            "text": "3 : 하 맞아... 진짜 이쁘고 귀엽고 혼자 다했지 ㅜㅜ",
            "norm_text": "하 맞아... 진짜 이쁘고 귀엽고 혼자 다했지 ㅜㅜ",
            "speaker": {
              "id": "3번",
              "sex": "여성",
              "age": "20대"
            },
            "speechAct": "(단언) 진술하기",
            "morpheme": "하/IC+맞/VV+아/EF+./SY+진짜이쁘고귀엽고혼자다했지ㅜㅜ/UNKNOWN"
          },
          {
            "id": 24,
            "text": "1 : 그치 나도 그 정도 키키 베놈도 봤어? 베놈 2도 곧 개봉 한다던데 봐야겠엉",
            "norm_text": "그치 나도 그 정도 키키 베놈도 봤어? 베놈 2도 곧 개봉 한다던데 봐야겠엉",
            "speaker": {
              "id": "1번",
              "sex": "여성",
              "age": "20대"
            },
            "speechAct": "(단언) 주장하기",
            "morpheme": "그치/IC+나/NP+도/JX+그/MM+정도/NNG+키/NNG+키베/NNP+놈/NNB+도/JX+봤/VV+EP+어/EF+베/NNG+놈/NNB+2/SN+도/NNBC+곧/MAG+개봉/NNG+한다던데/XSV+EC+봐야/VX+EC+VV+겠/EP+엉/EC"
          },
          {
            "id": 25,
            "text": "2 : 나 그거 못 봤어 어떤 내용이야?",
            "norm_text": "나 그거 못 봤어 어떤 내용이야?",
            "speaker": {
              "id": "2번",
              "sex": "여성",
              "age": "30대"
            },
            "speechAct": "(지시) 질문하기",
            "morpheme": "나/NP+그거/NP+못/MAG+봤/VV+EP+어/EF+어떤/MM+내용/NNG+이/VCP+야/EF"
          },
          {
            "id": 26,
            "text": "3 : 음... 그냥 학창 시절의 풋풋한 사랑 이야기였던 것 같은데 맞나 키키",
            "norm_text": "음... 그냥 학창 시절의 풋풋한 사랑 이야기였던 것 같은데 맞나 키키",
            "speaker": {
              "id": "3번",
              "sex": "여성",
              "age": "20대"
            },
            "speechAct": "(단언) 주장하기",
            "morpheme": "음/IC+./SY+그냥/MAG+학창/NNG+시절/NNG+의/JKG+풋풋/XR+한/XSA+ETM+사랑/NNG+이야기/NNG+였/VCP+EP+던/ETM+것/NNB+같/VA+은/ETM+데/NNB+맞/VV+나/EC+키/NNG+키/XSV+ETN"
          }
        ]
      }
    }
  ]
}