{
  "dataset": {
    "identifier": 24993,
    "name": "BAND_30_07_set",
    "src_path": "/data/file/cubeManager/PROJECT001/49/txt20210923160937027373/BAND_30_07_set/",
    "label_path": "/data/file/cubeManager/PROJECT001/49/txt20210923160937027373/BAND_30_07_set/",
    "category": 2,
    "type": 0
  },
  "licenses": {
    "name": "Apache License 1.0",
    "url": "http://www.apache.org/licenses/LICENSE-1.0"
  },
  "info": [
    {
      "id": 31758,
      "filename": "BAND_30_07.txt",
      "title": "BAND_30_07",
      "mediatype": "SNS",
      "medianame": "네이버밴드",
      "category": "일상대화",
      "date": "2021-09-23",
      "size": 406,
      "annotations": {
        "subject": "가족",
        "speaker_type": "1:1",
        "size": 406,
        "word_size": 136,
        "text": "1 : 첫째 언니는 그러면 언제 애기 낳는대?\n2 : 언니는 아이를 안 낳고 살고 싶어해 !\n1 : 아 요즘에는 그런 부부들이 많이 생겼지 ㅜㅜ\n2 : 맞아 형부랑은 아직 타협은 안된 상태야 키키\n1 : 첫째 형부는 아이 낳고 싶다고 한대?\n2 : 응 늦더라도 낳고 싶어 하고 있어\n1 : 아이 낳으면 자기가 키울 자신 있대? 키키\n2 : 키키 아마 언니가 키워야 할 거야\n1 : 그러니까 언니가 안 낳는다고 하지!\n2 : 맞아 경력 단절을 무서워 하고 있거든\n1 : 여자는 그게 제일 무서운 일이지 ㅜㅜ\n2 : 다 포기하고 살아야 하는 거니깐 나도 무섭다 ㅠ\n1 : 너도 나중에 아이 낳을 생각 없어?\n2 : 나는 낳더라도 서른 살은 넘어서 낳고 싶어\n1 : 혹시 모르니까 언니한테 난자 얼리라고 해 키키\n2 : 맞아 나도 그런 생각 가지고 있어 키키",
        "lines": [
          {
            "id": 1,
            "text": "1 : 첫째 언니는 그러면 언제 애기 낳는대?",
            "norm_text": "첫째 언니는 그러면 언제 애기 낳는대?",
            "speaker": {
              "id": "1번",
              "sex": "여성",
              "age": "20대"
            },
            "speechAct": "(지시) 질문하기",
            "morpheme": "첫째/NR+언니/NNG+는/JX+그러면/MAJ+언제/MAG+애기/NNG+낳/VV+는대/EF"
          },
          {
            "id": 2,
            "text": "2 : 언니는 아이를 안 낳고 살고 싶어해 !",
            "norm_text": "언니는 아이를 안 낳고 살고 싶어해 !",
            "speaker": {
              "id": "2번",
              "sex": "여성",
              "age": "20대"
            },
            "speechAct": "(단언) 진술하기",
            "morpheme": "언니/NNG+는/JX+아이/NNG+를/JKO+안/MAG+낳/VV+고/EC+살/VV+고/EC+싶/VX+어/EC+해/VX+EF"
          },
          {
            "id": 3,
            "text": "1 : 아 요즘에는 그런 부부들이 많이 생겼지 ㅜㅜ",
            "norm_text": "아 요즘에는 그런 부부들이 많이 생겼지 ㅜㅜ",
            "speaker": {
              "id": "1번",
              "sex": "여성",
              "age": "20대"
            },
            "speechAct": "(단언) 진술하기",
            "morpheme": "아/IC+요즘/NNG+에/JKB+는/JX+그런/MM+부부/NNG+들/XSN+이/JKS+많이/MAG+생겼/VV+EP+지/EF+ㅜㅜ/UNKNOWN"
          },
          {
            "id": 4,
            "text": "2 : 맞아 형부랑은 아직 타협은 안된 상태야 키키",
            "norm_text": "맞아 형부랑은 아직 타협은 안된 상태야 키키",
            "speaker": {
              "id": "2번",
              "sex": "여성",
              "age": "20대"
            },
            "speechAct": "(단언) 진술하기",
            "morpheme": "맞/VV+아/EC+형부/NNG+랑/JKB+은/JX+아직/MAG+타협/NNG+은/JX+안/MAG+된/VV+ETM+상태/NNG+야/VCP+EF+키/NNG+키/XSV+ETN"
          },
          {
            "id": 5,
            "text": "1 : 첫째 형부는 아이 낳고 싶다고 한대?",
            "norm_text": "첫째 형부는 아이 낳고 싶다고 한대?",
            "speaker": {
              "id": "1번",
              "sex": "여성",
              "age": "20대"
            },
            "speechAct": "(지시) 질문하기",
            "morpheme": "첫째/NR+형부/NNG+는/JX+아이/NNG+낳/VV+고/EC+싶/VX+다고/EC+한대/VX+EF"
          },
          {
            "id": 6,
            "text": "2 : 응 늦더라도 낳고 싶어 하고 있어",
            "norm_text": "응 늦더라도 낳고 싶어 하고 있어",
            "speaker": {
              "id": "2번",
              "sex": "여성",
              "age": "20대"
            },
            "speechAct": "(단언) 진술하기",
            "morpheme": "응/IC+늦/VA+더라도/EC+낳/VV+고/EC+싶/VX+어/EC+하/VV+고/EC+있/VX+어/EC"
          },
          {
            "id": 7,
            "text": "1 : 아이 낳으면 자기가 키울 자신 있대? 키키",
            "norm_text": "아이 낳으면 자기가 키울 자신 있대? 키키",
            "speaker": {
              "id": "1번",
              "sex": "여성",
              "age": "20대"
            },
            "speechAct": "(지시) 질문하기",
            "morpheme": "아이/NNG+낳/VV+으면/EC+자기/NP+가/JKS+키울/VV+ETM+자신/NNG+있/VA+대/EF+키/NNG+키/XSV+ETN"
          },
          {
            "id": 8,
            "text": "2 : 키키 아마 언니가 키워야 할 거야",
            "norm_text": "키키 아마 언니가 키워야 할 거야",
            "speaker": {
              "id": "2번",
              "sex": "여성",
              "age": "20대"
            },
            "speechAct": "(단언) 주장하기",
            "morpheme": "키/NNG+키/XSV+ETN+아마/MAG+언니/NNG+가/JKS+키워야/VV+EC+할/VX+ETM+거/NNB+야/VCP+EF"
          },
          {
            "id": 9,
            "text": "1 : 그러니까 언니가 안 낳는다고 하지!",
            "norm_text": "그러니까 언니가 안 낳는다고 하지!",
            "speaker": {
              "id": "1번",
              "sex": "여성",
              "age": "20대"
            },
            "speechAct": "(단언) 주장하기",
            "morpheme": "그러니까/MAJ+언니/NNG+가/JKS+안/MAG+낳/VV+는다고/EC+하/VX+지/EF"
          },
          {
            "id": 10,
            "text": "2 : 맞아 경력 단절을 무서워 하고 있거든",
            "norm_text": "맞아 경력 단절을 무서워 하고 있거든",
            "speaker": {
              "id": "2번",
              "sex": "여성",
              "age": "20대"
            },
            "speechAct": "(단언) 진술하기",
            "morpheme": "맞/VV+아/EC+경력/NNG+단절/NNG+을/JKO+무서워하/VV+고/EC+있/VX+거든/EC"
          },
          {
            "id": 11,
            "text": "1 : 여자는 그게 제일 무서운 일이지 ㅜㅜ",
            "norm_text": "여자는 그게 제일 무서운 일이지 ㅜㅜ",
            "speaker": {
              "id": "1번",
              "sex": "여성",
              "age": "20대"
            },
            "speechAct": "(단언) 주장하기",
            "morpheme": "여자/NNG+는/JX+그게/NP+JKS+제일/MAG+무서운/VA+ETM+일/NNG+이/VCP+지/EF+ㅜㅜ/UNKNOWN"
          },
          {
            "id": 12,
            "text": "2 : 다 포기하고 살아야 하는 거니깐 나도 무섭다 ㅠ",
            "norm_text": "다 포기하고 살아야 하는 거니깐 나도 무섭다 ㅠ",
            "speaker": {
              "id": "2번",
              "sex": "여성",
              "age": "20대"
            },
            "speechAct": "(단언) 주장하기",
            "morpheme": "다/MAG+포기/NNG+하/XSV+고/EC+살/VV+아야/EC+하/VV+는/ETM+거/NNB+니깐/VCP+EC+나/NP+도/JX+무섭/VA+다/EF+ㅠ/UNKNOWN"
          },
          {
            "id": 13,
            "text": "1 : 너도 나중에 아이 낳을 생각 없어?",
            "norm_text": "너도 나중에 아이 낳을 생각 없어?",
            "speaker": {
              "id": "1번",
              "sex": "여성",
              "age": "20대"
            },
            "speechAct": "(지시) 질문하기",
            "morpheme": "너/NP+도/JX+나중/NNG+에/JKB+아이/NNG+낳/NNG+을/JKO+생각/NNG+없/VA+어/EF"
          },
          {
            "id": 14,
            "text": "2 : 나는 낳더라도 서른 살은 넘어서 낳고 싶어",
            "norm_text": "나는 낳더라도 서른 살은 넘어서 낳고 싶어",
            "speaker": {
              "id": "2번",
              "sex": "여성",
              "age": "20대"
            },
            "speechAct": "(단언) 주장하기",
            "morpheme": "나/NP+는/JX+낳/VV+더라도/EC+서른/NR+살/NNBC+은/JX+넘/VV+어서/EC+낳/VV+고/EC+싶/VX+어/EC"
          },
          {
            "id": 15,
            "text": "1 : 혹시 모르니까 언니한테 난자 얼리라고 해 키키",
            "norm_text": "혹시 모르니까 언니한테 난자 얼리라고 해 키키",
            "speaker": {
              "id": "1번",
              "sex": "여성",
              "age": "20대"
            },
            "speechAct": "(지시) 충고/제안하기",
            "morpheme": "혹시/MAG+모르/VV+니까/EC+언니/NNG+한테/JKB+난자/NNG+얼리/VV+라고/EC+해/VV+EC+키/NNG+키/XSV+ETN"
          },
          {
            "id": 16,
            "text": "2 : 맞아 나도 그런 생각 가지고 있어 키키",
            "norm_text": "맞아 나도 그런 생각 가지고 있어 키키",
            "speaker": {
              "id": "2번",
              "sex": "여성",
              "age": "20대"
            },
            "speechAct": "(단언) 주장하기",
            "morpheme": "맞/VV+아/EC+나/NP+도/JX+그런/MM+생각/NNG+가지/VV+고/EC+있/VX+어/EC+키/NNG+키/XSV+ETN"
          }
        ]
      }
    }
  ]
}