{
  "dataset": {
    "identifier": 22372,
    "name": "BAND_29_09_set",
    "src_path": "/data/file/cubeManager/PROJECT001/49/txt20210917164449096496/BAND_29_09_set/",
    "label_path": "/data/file/cubeManager/PROJECT001/49/txt20210917164449096496/BAND_29_09_set/",
    "category": 2,
    "type": 0
  },
  "licenses": {
    "name": "Apache License 1.0",
    "url": "http://www.apache.org/licenses/LICENSE-1.0"
  },
  "info": [
    {
      "id": 30280,
      "filename": "BAND_29_09.txt",
      "title": "BAND_29_09",
      "mediatype": "SNS",
      "medianame": "네이버밴드",
      "category": "일상대화",
      "date": "2021-09-17",
      "size": 392,
      "annotations": {
        "subject": "반려동물",
        "speaker_type": "1:1",
        "size": 392,
        "word_size": 131,
        "text": "1 : 너는 강아지 말고 다른 동물 키운 적 있어?\n2 : 나는 햄스터랑 물고기 키웠어 !\n1 : 대부분 다 걔네들 키우더라고 키키\n2 : 맞아 처음은 난이도가 낮은 쪽을 택하니까\n1 : 근데 햄스터 냄새 장난 아니지? 키키\n2 : 맞아 찌린내가 코를 마구 찔러\n1 : 그거 톱밥 자주 갈아줘야 해.\n2 : 맞아 ㅠ 어릴 땐 그런 것도 모르고 데려왔지\n1 : 너 청소도 자주 안 해 줬지?\n2 : 키키 어떻게 알았어 청소는 엄마 몫이었어\n1 : 키키 이러니까 엄마가 동물 들이는 걸 반대하시지!\n2 : 그때는 뽑기로 햄스터를 뽑았었거든 키키 책임감 없었지\n1 : 헐 야 너두? 야 나두!\n2 : 키키 맞아 그럼 너도 키워 본 거야?\n1 : 그럼 나도 뽑기로 뽑았지~\n2 : 그 당시 모든 초딩생들이 햄스터는 키워 봤을 꺼야 키키",
        "lines": [
          {
            "id": 1,
            "text": "1 : 너는 강아지 말고 다른 동물 키운 적 있어?",
            "norm_text": "너는 강아지 말고 다른 동물 키운 적 있어?",
            "speaker": {
              "id": "1번",
              "sex": "여성",
              "age": "20대"
            },
            "speechAct": "(지시) 질문하기",
            "morpheme": "너/NP+는/JX+강아지/NNG+말/VV+고/EC+다른/MM+동물/NNG+키운/VV+ETM+적/NNB+있/VA+어/EF"
          },
          {
            "id": 2,
            "text": "2 : 나는 햄스터랑 물고기 키웠어 !",
            "norm_text": "나는 햄스터랑 물고기 키웠어 !",
            "speaker": {
              "id": "2번",
              "sex": "여성",
              "age": "20대"
            },
            "speechAct": "(단언) 진술하기",
            "morpheme": "나/NP+는/JX+햄스터/NNG+랑/JKB+물고기/NNG+키웠/VV+EP+어/EF"
          },
          {
            "id": 3,
            "text": "1 : 대부분 다 걔네들 키우더라고 키키",
            "norm_text": "대부분 다 걔네들 키우더라고 키키",
            "speaker": {
              "id": "1번",
              "sex": "여성",
              "age": "20대"
            },
            "speechAct": "(단언) 진술하기",
            "morpheme": "대부분/NNG+다/MAG+걔/NP+네/XSN+들/XSN+키우/VV+더라고/EC+키/NNG+키/XSV+ETN"
          },
          {
            "id": 4,
            "text": "2 : 맞아 처음은 난이도가 낮은 쪽을 택하니까",
            "norm_text": "맞아 처음은 난이도가 낮은 쪽을 택하니까",
            "speaker": {
              "id": "2번",
              "sex": "여성",
              "age": "20대"
            },
            "speechAct": "(단언) 주장하기",
            "morpheme": "맞/VV+아/EC+처음/NNG+은/JX+난이도/NNG+가/JKS+낮/VA+은/ETM+쪽/NNB+을/JKO+택하/VV+니까/EC"
          },
          {
            "id": 5,
            "text": "1 : 근데 햄스터 냄새 장난 아니지? 키키",
            "norm_text": "근데 햄스터 냄새 장난 아니지? 키키",
            "speaker": {
              "id": "1번",
              "sex": "여성",
              "age": "20대"
            },
            "speechAct": "(지시) 질문하기",
            "morpheme": "근데/MAJ+햄스터/NNG+냄새/NNG+장난/NNG+아니/VCN+지/EF+키/NNG+키/XSV+ETN"
          },
          {
            "id": 6,
            "text": "2 : 맞아 찌린내가 코를 마구 찔러",
            "norm_text": "맞아 찌린내가 코를 마구 찔러",
            "speaker": {
              "id": "2번",
              "sex": "여성",
              "age": "20대"
            },
            "speechAct": "(단언) 진술하기",
            "morpheme": "맞/VV+아/EC+찌/VV+린/EC+내/NP+가/JKS+코/NNG+를/JKO+마구/MAG+찔러/VV+EC"
          },
          {
            "id": 7,
            "text": "1 : 그거 톱밥 자주 갈아줘야 해.",
            "norm_text": "그거 톱밥 자주 갈아줘야 해.",
            "speaker": {
              "id": "1번",
              "sex": "여성",
              "age": "20대"
            },
            "speechAct": "(지시) 충고/제안하기",
            "morpheme": "그거/NP+톱밥/NNG+자주/MAG+갈아줘야/VV+EC+해/VX+EF"
          },
          {
            "id": 8,
            "text": "2 : 맞아 ㅠ 어릴 땐 그런 것도 모르고 데려왔지",
            "norm_text": "맞아 ㅠ 어릴 땐 그런 것도 모르고 데려왔지",
            "speaker": {
              "id": "2번",
              "sex": "여성",
              "age": "20대"
            },
            "speechAct": "(단언) 진술하기",
            "morpheme": "맞/VV+아/EC+ㅠ/UNKNOWN+어릴/VA+ETM+땐/NNG+JX+그런/MM+것/NNB+도/JX+모르/VV+고/EC+데려왔/VV+EP+지/EC"
          },
          {
            "id": 9,
            "text": "1 : 너 청소도 자주 안 해 줬지?",
            "norm_text": "너 청소도 자주 안 해 줬지?",
            "speaker": {
              "id": "1번",
              "sex": "여성",
              "age": "20대"
            },
            "speechAct": "(지시) 질문하기",
            "morpheme": "너/NP+청소/NNG+도/JX+자주/MAG+안/MAG+해/VV+EC+줬/VX+EP+지/EF"
          },
          {
            "id": 10,
            "text": "2 : 키키 어떻게 알았어 청소는 엄마 몫이었어",
            "norm_text": "키키 어떻게 알았어 청소는 엄마 몫이었어",
            "speaker": {
              "id": "2번",
              "sex": "여성",
              "age": "20대"
            },
            "speechAct": "(단언) 진술하기",
            "morpheme": "키/NNG+키/XSV+ETN+어떻/VA+게/EC+알/VV+았/EP+어/EC+청소/NNG+는/JX+엄마/NNG+몫/NNG+이/VCP+었/EP+어/EC"
          },
          {
            "id": 11,
            "text": "1 : 키키 이러니까 엄마가 동물 들이는 걸 반대하시지!",
            "norm_text": "키키 이러니까 엄마가 동물 들이는 걸 반대하시지!",
            "speaker": {
              "id": "1번",
              "sex": "여성",
              "age": "20대"
            },
            "speechAct": "(단언) 주장하기",
            "morpheme": "키/NNG+키/XSV+ETN+이러/VV+니까/EC+엄마/NNG+가/JKS+동물/NNG+들/XSN+이/VCP+는걸/EC+반대/NNG+하/XSV+시/EP+지/EF"
          },
          {
            "id": 12,
            "text": "2 : 그때는 뽑기로 햄스터를 뽑았었거든 키키 책임감 없었지",
            "norm_text": "그때는 뽑기로 햄스터를 뽑았었거든 키키 책임감 없었지",
            "speaker": {
              "id": "2번",
              "sex": "여성",
              "age": "20대"
            },
            "speechAct": "(단언) 진술하기",
            "morpheme": "그때/NNG+는/JX+뽑/VV+기/ETN+로/JKB+햄스터/NNG+를/JKO+뽑/VV+았었/EP+거든/EF+키키/NNP+책임/NNG+감/XSN+없/VA+었/EP+지/EC"
          },
          {
            "id": 13,
            "text": "1 : 헐 야 너두? 야 나두!",
            "norm_text": "헐 야 너두? 야 나두!",
            "speaker": {
              "id": "1번",
              "sex": "여성",
              "age": "20대"
            },
            "speechAct": "(단언) 주장하기",
            "morpheme": "헐/VV+야/EF+너/NP+두/JX+야/IC+나/NP+두/JX"
          },
          {
            "id": 14,
            "text": "2 : 키키 맞아 그럼 너도 키워 본 거야?",
            "norm_text": "키키 맞아 그럼 너도 키워 본 거야?",
            "speaker": {
              "id": "2번",
              "sex": "여성",
              "age": "20대"
            },
            "speechAct": "(지시) 질문하기",
            "morpheme": "키/NNG+키/XSV+ETN+맞/VV+아/EC+그럼/MAJ+너/NP+도/JX+키워본/VV+EC+VX+ETM+거/NNB+야/VCP+EF"
          },
          {
            "id": 15,
            "text": "1 : 그럼 나도 뽑기로 뽑았지~",
            "norm_text": "그럼 나도 뽑기로 뽑았지~",
            "speaker": {
              "id": "1번",
              "sex": "여성",
              "age": "20대"
            },
            "speechAct": "(단언) 진술하기",
            "morpheme": "그럼/MAJ+나/NP+도/JX+뽑/VV+기/ETN+로/JKB+뽑/VV+았/EP+지/EC+~/SY"
          },
          {
            "id": 16,
            "text": "2 : 그 당시 모든 초딩생들이 햄스터는 키워 봤을 꺼야 키키",
            "norm_text": "그 당시 모든 초딩생들이 햄스터는 키워 봤을 꺼야 키키",
            "speaker": {
              "id": "2번",
              "sex": "여성",
              "age": "20대"
            },
            "speechAct": "(단언) 주장하기",
            "morpheme": "그/MM+당시/NNG+모든/MM+초딩/NNG+생/XSN+들/XSN+이/JKS+햄스터/NNG+는/JX+키워/VV+EC+봤/VX+EP+을/ETM+꺼/NNB+VCP+야/EC+키/NNG+키/XSV+ETN"
          }
        ]
      }
    }
  ]
}