{
  "dataset": {
    "identifier": 31580,
    "name": "BAND_25_18_set",
    "src_path": "/data/file/cubeManager/PROJECT001/49/txt202109161000540390103/BAND_25_18_set/",
    "label_path": "/data/file/cubeManager/PROJECT001/49/txt202109161000540390103/BAND_25_18_set/",
    "category": 2,
    "type": 0
  },
  "licenses": {
    "name": "Apache License 1.0",
    "url": "http://www.apache.org/licenses/LICENSE-1.0"
  },
  "info": [
    {
      "id": 26663,
      "filename": "BAND_25_18.txt",
      "title": "BAND_25_18",
      "mediatype": "SNS",
      "medianame": "네이버밴드",
      "category": "일상대화",
      "date": "2021-09-16",
      "size": 435,
      "annotations": {
        "subject": "상거래 전반",
        "speaker_type": "1:1",
        "size": 435,
        "word_size": 147,
        "text": "1 : 나 당근 마켓에서 이번에 옷 팔 예정이거든?\n2 : 아 진짜? 무슨 옷 팔 예정이야?\n1 : 아니 셔츠를 팔려고 했는데 지금 좀 짜증나.\n2 : 아 셔츠~ 왜 무슨 일이여?\n1 : 내가 역 근처에서 거래 가능하다고 했는데 자기 집 근처로 오면 안 되냐고 하잖아!\n2 : 완전 막무가내네?\n2 : 그런 사람들 진짜 별로야\n1 : 근데 부탁을 하는 거라 짜증은 나지만 가야 하나 고민이야!\n2 : 하 파는 사람이 걱정이네 그쪽은 안 와도 그만일 텐데 ㅜㅜ\n1 : 셔츠도 가격 싸게 올렸거든!\n2 : 오 금액은 얼마인데?\n1 : 셔츠를 2만 원에 샀는데 5천 원에 글 올렸어!\n2 : 완전 거저네 그 사람 말고 딴 사람은 연락 안 와?\n1 : 응 연락 오는 사람이 없더라고 ㅜㅜ\n2 : 허 아쉽네 쫌만 더 기다려봐\n1 : 근데 내가 8월 초에 올린 거라 지금 팔아야 해!\n2 : 하 진짜 꽤 오래됐구나 ㅋ",
        "lines": [
          {
            "id": 1,
            "text": "1 : 나 당근 마켓에서 이번에 옷 팔 예정이거든?",
            "norm_text": "나 당근 마켓에서 이번에 옷 팔 예정이거든?",
            "speaker": {
              "id": "1번",
              "sex": "여성",
              "age": "20대"
            },
            "speechAct": "(단언) 진술하기",
            "morpheme": "나/NP+당근/MAG+마켓/NNP+에서/JKB+이번/NNG+에/JKB+옷/NNG+팔/NR+예정/NNG+이/VCP+거든/EF"
          },
          {
            "id": 2,
            "text": "2 : 아 진짜? 무슨 옷 팔 예정이야?",
            "norm_text": "아 진짜? 무슨 옷 팔 예정이야?",
            "speaker": {
              "id": "2번",
              "sex": "여성",
              "age": "20대"
            },
            "speechAct": "(지시) 질문하기",
            "morpheme": "아/IC+진짜/MAG+무슨/MM+옷/NNG+팔/NR+예정/NNG+이/VCP+야/EF"
          },
          {
            "id": 3,
            "text": "1 : 아니 셔츠를 팔려고 했는데 지금 좀 짜증나.",
            "norm_text": "아니 셔츠를 팔려고 했는데 지금 좀 짜증나.",
            "speaker": {
              "id": "1번",
              "sex": "여성",
              "age": "20대"
            },
            "speechAct": "(단언) 주장하기",
            "morpheme": "아니/IC+셔츠/NNG+를/JKO+팔/VV+려고/EC+했/VX+EP+는데/EC+지금/MAG+좀/MAG+짜증/NNG+나/NP"
          },
          {
            "id": 4,
            "text": "2 : 아 셔츠~ 왜 무슨 일이여?",
            "norm_text": "아 셔츠~ 왜 무슨 일이여?",
            "speaker": {
              "id": "2번",
              "sex": "여성",
              "age": "20대"
            },
            "speechAct": "(지시) 질문하기",
            "morpheme": "아/IC+셔츠/NNG+~/SY+왜/MAG+무슨/MM+일/NNG+이/VCP+여/EF"
          },
          {
            "id": 5,
            "text": "1 : 내가 역 근처에서 거래 가능하다고 했는데 자기 집 근처로 오면 안 되냐고 하잖아!",
            "norm_text": "내가 역 근처에서 거래 가능하다고 했는데 자기 집 근처로 오면 안 되냐고 하잖아!",
            "speaker": {
              "id": "1번",
              "sex": "여성",
              "age": "20대"
            },
            "speechAct": "(단언) 진술하기",
            "morpheme": "내/NP+가/JKS+역/NNG+근처/NNG+에서/JKB+거래/NNG+가능/NNG+하/XSV+다고/EC+했/VX+EP+는데/EC+자기/NP+집/NNG+근처/NNG+로/JKB+오/VV+면/EC+안/MAG+되/VV+냐고/EC+하/VX+잖아/EF"
          },
          {
            "id": 6,
            "text": "2 : 완전 막무가내네?",
            "norm_text": "완전 막무가내네?",
            "speaker": {
              "id": "2번",
              "sex": "여성",
              "age": "20대"
            },
            "speechAct": "(단언) 주장하기",
            "morpheme": "완전/NNG+막무가내/NNG+네/VCP+EF"
          },
          {
            "id": 7,
            "text": "2 : 그런 사람들 진짜 별로야",
            "norm_text": "그런 사람들 진짜 별로야",
            "speaker": {
              "id": "2번",
              "sex": "여성",
              "age": "20대"
            },
            "speechAct": "(단언) 주장하기",
            "morpheme": "그런/MM+사람/NNG+들/XSN+진짜/MAG+별로/MAG+야/IC"
          },
          {
            "id": 8,
            "text": "1 : 근데 부탁을 하는 거라 짜증은 나지만 가야 하나 고민이야!",
            "norm_text": "근데 부탁을 하는 거라 짜증은 나지만 가야 하나 고민이야!",
            "speaker": {
              "id": "1번",
              "sex": "여성",
              "age": "20대"
            },
            "speechAct": "(단언) 주장하기",
            "morpheme": "근데/MAJ+부탁/NNG+을/JKO+하/VV+는/ETM+거/NNB+라/VCP+EC+짜증/NNG+은/JX+나/VV+지만/EC+가/VX+야/EF+하나/NR+고민/NNG+이/VCP+야/EF"
          },
          {
            "id": 9,
            "text": "2 : 하 파는 사람이 걱정이네 그쪽은 안 와도 그만일 텐데 ㅜㅜ",
            "norm_text": "하 파는 사람이 걱정이네 그쪽은 안 와도 그만일 텐데 ㅜㅜ",
            "speaker": {
              "id": "2번",
              "sex": "여성",
              "age": "20대"
            },
            "speechAct": "(단언) 주장하기",
            "morpheme": "하파/NNG+는/JX+사람/NNG+이/JKS+걱정/NNG+이/VCP+네/EF+그쪽/NP+은/JX+안/MAG+와도/VV+EC+그만/MAG+일/VCP+ETM+텐데/NNB+VCP+EC+ㅜㅜ/UNKNOWN"
          },
          {
            "id": 10,
            "text": "1 : 셔츠도 가격 싸게 올렸거든!",
            "norm_text": "셔츠도 가격 싸게 올렸거든!",
            "speaker": {
              "id": "1번",
              "sex": "여성",
              "age": "20대"
            },
            "speechAct": "(단언) 주장하기",
            "morpheme": "셔츠/NNG+도/JX+가격/NNG+싸/VA+게/EC+올렸/VV+EP+거든/EF"
          },
          {
            "id": 11,
            "text": "2 : 오 금액은 얼마인데?",
            "norm_text": "오 금액은 얼마인데?",
            "speaker": {
              "id": "2번",
              "sex": "여성",
              "age": "20대"
            },
            "speechAct": "(지시) 질문하기",
            "morpheme": "오/NR+금액/NNG+은/JX+얼마/NNG+인데/VCP+EF"
          },
          {
            "id": 12,
            "text": "1 : 셔츠를 2만 원에 샀는데 5천 원에 글 올렸어!",
            "norm_text": "셔츠를 2만 원에 샀는데 5천 원에 글 올렸어!",
            "speaker": {
              "id": "1번",
              "sex": "여성",
              "age": "20대"
            },
            "speechAct": "(단언) 진술하기",
            "morpheme": "셔츠/NNG+를/JKO+2/SN+만/NR+원/NNBC+에/JKB+샀/VV+EP+는데/EC+5/SN+천/NR+원/NNBC+에/JKB+글/NNG+올렸/VV+EP+어/EF"
          },
          {
            "id": 13,
            "text": "2 : 완전 거저네 그 사람 말고 딴 사람은 연락 안 와?",
            "norm_text": "완전 거저네 그 사람 말고 딴 사람은 연락 안 와?",
            "speaker": {
              "id": "2번",
              "sex": "여성",
              "age": "20대"
            },
            "speechAct": "(지시) 질문하기",
            "morpheme": "완전/MAG+거저/MAG+네/IC+그/MM+사람/NNG+말/VV+고/EC+딴/MM+사람/NNG+은/JX+연락/NNG+안/MAG+와/VV+EF"
          },
          {
            "id": 14,
            "text": "1 : 응 연락 오는 사람이 없더라고 ㅜㅜ",
            "norm_text": "응 연락 오는 사람이 없더라고 ㅜㅜ",
            "speaker": {
              "id": "1번",
              "sex": "여성",
              "age": "20대"
            },
            "speechAct": "(단언) 진술하기",
            "morpheme": "응/IC+연락/NNG+오/VV+는/ETM+사람/NNG+이/JKS+없/VA+더라고/EF+ㅜㅜ/UNKNOWN"
          },
          {
            "id": 15,
            "text": "2 : 허 아쉽네 쫌만 더 기다려봐",
            "norm_text": "허 아쉽네 쫌만 더 기다려봐",
            "speaker": {
              "id": "2번",
              "sex": "여성",
              "age": "20대"
            },
            "speechAct": "(지시) 충고/제안하기",
            "morpheme": "허/IC+아쉽/VA+네/EF+쫌/MAG+만/JX+더/MAG+기다려/VV+EC+봐/VX+EC"
          },
          {
            "id": 16,
            "text": "1 : 근데 내가 8월 초에 올린 거라 지금 팔아야 해!",
            "norm_text": "근데 내가 8월 초에 올린 거라 지금 팔아야 해!",
            "speaker": {
              "id": "1번",
              "sex": "여성",
              "age": "20대"
            },
            "speechAct": "(단언) 주장하기",
            "morpheme": "근데/MAJ+내/NP+가/JKS+8/SN+월/NNBC+초/NNB+에/JKB+올린/VV+ETM+거/NNB+라/VCP+EC+지금/MAG+팔/VV+아야/EC+해/VX+EF"
          },
          {
            "id": 17,
            "text": "2 : 하 진짜 꽤 오래됐구나 ㅋ",
            "norm_text": "하 진짜 꽤 오래됐구나 ㅋ",
            "speaker": {
              "id": "2번",
              "sex": "여성",
              "age": "20대"
            },
            "speechAct": "(단언) 주장하기",
            "morpheme": "하/IC+진짜/MAG+꽤/MAG+오래/MAG+됐/VV+EP+구나/EF+ㅋ/UNKNOWN"
          }
        ]
      }
    }
  ]
}