{
  "dataset": {
    "identifier": 20947,
    "name": "BAND_26_05_set",
    "src_path": "/data/file/cubeManager/PROJECT001/49/txt20210916140644038631/BAND_26_05_set/",
    "label_path": "/data/file/cubeManager/PROJECT001/49/txt20210916140644038631/BAND_26_05_set/",
    "category": 2,
    "type": 0
  },
  "licenses": {
    "name": "Apache License 1.0",
    "url": "http://www.apache.org/licenses/LICENSE-1.0"
  },
  "info": [
    {
      "id": 27915,
      "filename": "BAND_26_05.txt",
      "title": "BAND_26_05",
      "mediatype": "SNS",
      "medianame": "네이버밴드",
      "category": "일상대화",
      "date": "2021-09-16",
      "size": 389,
      "annotations": {
        "subject": "군대",
        "speaker_type": "1:1",
        "size": 389,
        "word_size": 123,
        "text": "1 : 니 동생 네는 코로나 안 터졌대?\n2 : 어 아직 그런 말은 없는데 조심해야겠지?\n1 : 논산 훈련소는 이번에도 터졌다고 하더라고.\n2 : 아 그렇구나 진짜? 몰랐네 ㅜㅜ\n1 : 지금 계속 나오는 중이야.\n2 : 오 지금까지 몇인지 알아?\n1 : 아니 그건 모르겠는데 집단으로 터졌다고 하더라\n2 : 아 훈련병 다들 그럼 어떻게 하냐? ㅜㅜ\n1 : 이제 그 방 폐쇄하고 격리시킨다고 하더라고.\n2 : 그럼 다 실내로 훈련시키겠다...\n1 : 요즘에 훈련도 잘 안 하는 거 같아.\n2 : 진짜 그분들 입장에서는 너무 좋겠다\n1 : 근데 훈련할 때 마스크 끼고 한다더라.\n2 : 마스크 끼면 너무 힘들잖아 숨쉬기 ㅜㅜ 뜨억\n1 : 맞아 심지어 지금 여름이잖아 완전 극혐 ㅜㅜ\n2 : 하 빨리 겨울이 오길 바래야겠다 ㅜㅜ",
        "lines": [
          {
            "id": 1,
            "text": "1 : 니 동생 네는 코로나 안 터졌대?",
            "norm_text": "니 동생 네는 코로나 안 터졌대?",
            "speaker": {
              "id": "1번",
              "sex": "여성",
              "age": "20대"
            },
            "speechAct": "(지시) 질문하기",
            "morpheme": "니/MM+동생/NNG+네/XSN+는/JX+코로나/NNG+안/MAG+터졌/VV+EP+대/EF"
          },
          {
            "id": 2,
            "text": "2 : 어 아직 그런 말은 없는데 조심해야겠지?",
            "norm_text": "어 아직 그런 말은 없는데 조심해야겠지?",
            "speaker": {
              "id": "2번",
              "sex": "여성",
              "age": "20대"
            },
            "speechAct": "(지시) 질문하기",
            "morpheme": "어/IC+아직/MAG+그런/MM+말/NNG+은/JX+없/VA+는데/EC+조심/NNG+해야/XSV+EC+겠지/VX+EP+EF"
          },
          {
            "id": 3,
            "text": "1 : 논산 훈련소는 이번에도 터졌다고 하더라고.",
            "norm_text": "논산 훈련소는 이번에도 터졌다고 하더라고.",
            "speaker": {
              "id": "1번",
              "sex": "여성",
              "age": "20대"
            },
            "speechAct": "(단언) 진술하기",
            "morpheme": "논산/NNP+훈련소/NNG+는/JX+이번/NNG+에/JKB+도/JX+터졌/VV+EP+다고/EC+하/VX+더라고/EF"
          },
          {
            "id": 4,
            "text": "2 : 아 그렇구나 진짜? 몰랐네 ㅜㅜ",
            "norm_text": "아 그렇구나 진짜? 몰랐네 ㅜㅜ",
            "speaker": {
              "id": "2번",
              "sex": "여성",
              "age": "20대"
            },
            "speechAct": "(단언) 주장하기",
            "morpheme": "아/IC+그렇/VA+구나/EF+진짜/MAG+몰랐네ㅜㅜ/UNKNOWN"
          },
          {
            "id": 5,
            "text": "1 : 지금 계속 나오는 중이야.",
            "norm_text": "지금 계속 나오는 중이야.",
            "speaker": {
              "id": "1번",
              "sex": "여성",
              "age": "20대"
            },
            "speechAct": "(단언) 진술하기",
            "morpheme": "지금/MAG+계속/MAG+나오/VV+는/ETM+중/NNB+이/VCP+야/EF"
          },
          {
            "id": 6,
            "text": "2 : 오 지금까지 몇인지 알아?",
            "norm_text": "오 지금까지 몇인지 알아?",
            "speaker": {
              "id": "2번",
              "sex": "여성",
              "age": "20대"
            },
            "speechAct": "(지시) 질문하기",
            "morpheme": "오/NR+지금/NNG+까지/JX+몇/MM+인지/NNG+VCP+EC+알/VV+아/EF"
          },
          {
            "id": 7,
            "text": "1 : 아니 그건 모르겠는데 집단으로 터졌다고 하더라",
            "norm_text": "아니 그건 모르겠는데 집단으로 터졌다고 하더라",
            "speaker": {
              "id": "1번",
              "sex": "여성",
              "age": "20대"
            },
            "speechAct": "(단언) 진술하기",
            "morpheme": "아니/IC+그건/NP+JX+모르/VV+겠/EP+는데/EC+집단/NNG+으로/JKB+터졌/VV+EP+다고/EC+하/VV+더라/EC"
          },
          {
            "id": 8,
            "text": "2 : 아 훈련병 다들 그럼 어떻게 하냐? ㅜㅜ",
            "norm_text": "아 훈련병 다들 그럼 어떻게 하냐? ㅜㅜ",
            "speaker": {
              "id": "2번",
              "sex": "여성",
              "age": "20대"
            },
            "speechAct": "(단언) 주장하기",
            "morpheme": "아/IC+훈련병/NNG+다/NNG+들/XSN+그럼/MAJ+어떻게/MAG+하/VV+냐/EF+ㅜㅜ/UNKNOWN"
          },
          {
            "id": 9,
            "text": "1 : 이제 그 방 폐쇄하고 격리시킨다고 하더라고.",
            "norm_text": "이제 그 방 폐쇄하고 격리시킨다고 하더라고.",
            "speaker": {
              "id": "1번",
              "sex": "여성",
              "age": "20대"
            },
            "speechAct": "(단언) 진술하기",
            "morpheme": "이제/MAG+그/MM+방/NNG+폐쇄/NNG+하/XSV+고/EC+격리/NNG+시킨/XSV+다고/EC+하/VX+더라고/EF"
          },
          {
            "id": 10,
            "text": "2 : 그럼 다 실내로 훈련시키겠다...",
            "norm_text": "그럼 다 실내로 훈련시키겠다...",
            "speaker": {
              "id": "2번",
              "sex": "여성",
              "age": "20대"
            },
            "speechAct": "(단언) 주장하기",
            "morpheme": "그럼/MAJ+다/MAG+실내/NNG+로/JKB+훈련/NNG+시키/XSV+겠/EP+다/EF+./SY"
          },
          {
            "id": 11,
            "text": "1 : 요즘에 훈련도 잘 안 하는 거 같아.",
            "norm_text": "요즘에 훈련도 잘 안 하는 거 같아.",
            "speaker": {
              "id": "1번",
              "sex": "여성",
              "age": "20대"
            },
            "speechAct": "(단언) 주장하기",
            "morpheme": "요즘/NNG+에/JKB+훈련/NNG+도/JX+잘/MAG+안/MAG+하/VV+는/ETM+거/NNB+같/VA+아/EF"
          },
          {
            "id": 12,
            "text": "2 : 진짜 그분들 입장에서는 너무 좋겠다",
            "norm_text": "진짜 그분들 입장에서는 너무 좋겠다",
            "speaker": {
              "id": "2번",
              "sex": "여성",
              "age": "20대"
            },
            "speechAct": "(단언) 주장하기",
            "morpheme": "진짜/MAG+그분/NP+들/XSN+입장/NNG+에서/JKB+는/JX+너무/MAG+좋/VA+겠/EP+다/EC"
          },
          {
            "id": 13,
            "text": "1 : 근데 훈련할 때 마스크 끼고 한다더라.",
            "norm_text": "근데 훈련할 때 마스크 끼고 한다더라.",
            "speaker": {
              "id": "1번",
              "sex": "여성",
              "age": "20대"
            },
            "speechAct": "(단언) 진술하기",
            "morpheme": "근데/MAJ+훈련/NNG+할/XSV+ETM+때/NNG+마스크/NNG+끼/VV+고/EC+한다더라/VX+EF"
          },
          {
            "id": 14,
            "text": "2 : 마스크 끼면 너무 힘들잖아 숨쉬기 ㅜㅜ 뜨억",
            "norm_text": "마스크 끼면 너무 힘들잖아 숨쉬기 ㅜㅜ 뜨억",
            "speaker": {
              "id": "2번",
              "sex": "여성",
              "age": "20대"
            },
            "speechAct": "(단언) 주장하기",
            "morpheme": "마스크/NNG+끼/VV+면/EC+너무/MAG+힘들/VA+잖아/EC+숨쉬/VV+기/ETN+ㅜㅜ/UNKNOWN+뜨/VV+억/EC"
          },
          {
            "id": 15,
            "text": "1 : 맞아 심지어 지금 여름이잖아 완전 극혐 ㅜㅜ",
            "norm_text": "맞아 심지어 지금 여름이잖아 완전 극혐 ㅜㅜ",
            "speaker": {
              "id": "1번",
              "sex": "여성",
              "age": "20대"
            },
            "speechAct": "(단언) 주장하기",
            "morpheme": "맞/VV+아/EC+심지어/MAG+지금/MAG+여름/NNG+이/VCP+잖아/EF+완전/MAG+극혐/UNKNOWN+ㅜㅜ/UNKNOWN"
          },
          {
            "id": 16,
            "text": "2 : 하 빨리 겨울이 오길 바래야겠다 ㅜㅜ",
            "norm_text": "하 빨리 겨울이 오길 바래야겠다 ㅜㅜ",
            "speaker": {
              "id": "2번",
              "sex": "여성",
              "age": "20대"
            },
            "speechAct": "(단언) 주장하기",
            "morpheme": "하/IC+빨리/MAG+겨울/NNG+이/JKS+오/VV+길/ETN+JKO+바래/VV+야겠다/EC+VX+EP+EF+ㅜㅜ/UNKNOWN"
          }
        ]
      }
    }
  ]
}