{
  "dataset": {
    "identifier": 112511,
    "name": "BAND_43_05_set",
    "src_path": "/data/file/cubeManager/PROJECT001/80/txt20211102173311082866/BAND_43_05_set/",
    "label_path": "/data/file/cubeManager/PROJECT001/80/txt20211102173311082866/BAND_43_05_set/",
    "category": 2,
    "type": 0
  },
  "licenses": {
    "name": "Apache License 1.0",
    "url": "http://www.apache.org/licenses/LICENSE-1.0"
  },
  "info": [
    {
      "id": 131717,
      "filename": "BAND_43_05.txt",
      "title": "BAND_43_05",
      "mediatype": "SNS",
      "medianame": "네이버밴드",
      "category": "일상대화",
      "date": "2021-11-02",
      "size": 501,
      "annotations": {
        "subject": "군대",
        "speaker_type": "다자간 대화",
        "size": 501,
        "word_size": 151,
        "text": "1 : 군대에서 한것중 뭐가 제일 기억남아?\n2 : 나는 목함지뢰 사건 때문에 15일동안 못씻은거?\n3 : 나는 눈 하루종일 치운거\n1 : 헐 지뢰?\n1 : 무슨 일이야 ...\n2 : 옛날에 하사 한명이 목함지뢰 밟아서 발목날아갔는데 그게 북한 소행이라해서 전쟁날뻔\n3 : 북한 때문에 문제는 안생겼어서 다행이다\n1 : 와 미쳤다ㅠㅠ\n1 : 듣기만 해도 무섭네\n2 : 그래서 15일동안 씻지도 못하고 야외에서 자고 밥먹고 ㅠㅠ\n2 : 괴로웠지\n3 : 아 듣기만 해도 피곤하겠다\n1 : 완전 고생했네ㅠㅠ\n1 : 잘 해결됐어?\n2 : 응 뭐 잘해결됬지\n2 : 그때 전역해야하는 사람들 전역 미뤄서 SKT 대기업에 전부 취업했잖아 키키\n3 : 그래도 그렇게 보상받으면 다행이다\n1 : 와 얘기 들으니깐 생각난다\n2 : 진짜 군대에선 별의별일 다있지 키키\n3 : 진짜 군생활동안 북한이 문제 안일으켜서 다행이다\n1 : 다들 전방에 있어서 사건 많았겠다\n2 : 맞어 인제라서 엄청 전방이였지 ㅠㅠ\n3 : 나는 귀순자 한명 내려온거 말고는 없었어",
        "lines": [
          {
            "id": 1,
            "text": "1 : 군대에서 한것중 뭐가 제일 기억남아?",
            "norm_text": "군대에서 한것중 뭐가 제일 기억남아?",
            "speaker": {
              "id": "1번",
              "sex": "여성",
              "age": "20대"
            },
            "speechAct": "(지시) 질문하기",
            "morpheme": "군대/NNG+에서/JKB+한/VV+ETM+것/NNB+중/NNB+뭐/NP+가/JKS+제일/MAG+기억/NNG+남/VV+아/EF"
          },
          {
            "id": 2,
            "text": "2 : 나는 목함지뢰 사건 때문에 15일동안 못씻은거?",
            "norm_text": "나는 목함지뢰 사건 때문에 15일동안 못씻은거?",
            "speaker": {
              "id": "2번",
              "sex": "남성",
              "age": "20대"
            },
            "speechAct": "(단언) 주장하기",
            "morpheme": "나/NP+는/JX+목함지뢰/NNP+사건/NNG+때문/NNB+에/JKB+15/SN+일/NNBC+동안/NNG+못/MAG+씻/VV+은/ETM+거/NNB"
          },
          {
            "id": 3,
            "text": "3 : 나는 눈 하루종일 치운거",
            "norm_text": "나는 눈 하루종일 치운거",
            "speaker": {
              "id": "3번",
              "sex": "남성",
              "age": "20대"
            },
            "speechAct": "(단언) 주장하기",
            "morpheme": "나/NP+는/JX+눈/NNG+하루/NNG+종일/NNG+치운/VV+ETM+거/NNB"
          },
          {
            "id": 4,
            "text": "1 : 헐 지뢰?",
            "norm_text": "헐 지뢰?",
            "speaker": {
              "id": "1번",
              "sex": "여성",
              "age": "20대"
            },
            "speechAct": "(지시) 질문하기",
            "morpheme": "헐/IC+지뢰/NNG"
          },
          {
            "id": 5,
            "text": "1 : 무슨 일이야 ...",
            "norm_text": "무슨 일이야 ...",
            "speaker": {
              "id": "1번",
              "sex": "여성",
              "age": "20대"
            },
            "speechAct": "(지시) 질문하기",
            "morpheme": "무슨/MM+일/NNG+이/VCP+야/EF+./SY"
          },
          {
            "id": 6,
            "text": "2 : 옛날에 하사 한명이 목함지뢰 밟아서 발목날아갔는데 그게 북한 소행이라해서 전쟁날뻔",
            "norm_text": "옛날에 하사 한명이 목함지뢰 밟아서 발목날아갔는데 그게 북한 소행이라해서 전쟁날뻔",
            "speaker": {
              "id": "2번",
              "sex": "남성",
              "age": "20대"
            },
            "speechAct": "(단언) 진술하기",
            "morpheme": "옛날/NNG+에/JKB+하사/NNG+한/MM+명/NNBC+이/JKS+목함지뢰/NNP+밟/VV+아서/EC+발목/NNG+날아갔/VV+EP+는데/EC+그게/NP+JKS+북한/NNP+소행/NNG+이/VCP+라/EC+해서/VV+EC+전쟁/NNG+날/VV+ETM+뻔/NNB"
          },
          {
            "id": 7,
            "text": "3 : 북한 때문에 문제는 안생겼어서 다행이다",
            "norm_text": "북한 때문에 문제는 안생겼어서 다행이다",
            "speaker": {
              "id": "3번",
              "sex": "남성",
              "age": "20대"
            },
            "speechAct": "(단언) 주장하기",
            "morpheme": "북한/NNP+때문/NNB+에/JKB+문제/NNG+는/JX+안/MAG+생겼/VV+EP+어서/EC+다행/NNG+이/VCP+다/EC"
          },
          {
            "id": 8,
            "text": "1 : 와 미쳤다ㅠㅠ",
            "norm_text": "와 미쳤다ㅠㅠ",
            "speaker": {
              "id": "1번",
              "sex": "여성",
              "age": "20대"
            },
            "speechAct": "(단언) 주장하기",
            "morpheme": "와미쳤다ㅠㅠ/UNKNOWN"
          },
          {
            "id": 9,
            "text": "1 : 듣기만 해도 무섭네",
            "norm_text": "듣기만 해도 무섭네",
            "speaker": {
              "id": "1번",
              "sex": "여성",
              "age": "20대"
            },
            "speechAct": "(단언) 주장하기",
            "morpheme": "듣/VV+기/ETN+만/JX+해도/VV+EC+무섭/VA+네/EC"
          },
          {
            "id": 10,
            "text": "2 : 그래서 15일동안 씻지도 못하고 야외에서 자고 밥먹고 ㅠㅠ",
            "norm_text": "그래서 15일동안 씻지도 못하고 야외에서 자고 밥먹고 ㅠㅠ",
            "speaker": {
              "id": "2번",
              "sex": "남성",
              "age": "20대"
            },
            "speechAct": "(단언) 주장하기",
            "morpheme": "그래서/MAJ+15/SN+일동안씻지도못하고야외에서자고밥먹고ㅠㅠ/UNKNOWN"
          },
          {
            "id": 11,
            "text": "2 : 괴로웠지",
            "norm_text": "괴로웠지",
            "speaker": {
              "id": "2번",
              "sex": "남성",
              "age": "20대"
            },
            "speechAct": "(단언) 주장하기",
            "morpheme": "괴로웠/VA+EP+지/EC"
          },
          {
            "id": 12,
            "text": "3 : 아 듣기만 해도 피곤하겠다",
            "norm_text": "아 듣기만 해도 피곤하겠다",
            "speaker": {
              "id": "3번",
              "sex": "남성",
              "age": "20대"
            },
            "speechAct": "(단언) 주장하기",
            "morpheme": "아/IC+듣/VV+기/ETN+만/JX+해도/VV+EC+피곤/NNG+하/XSV+겠/EP+다/EC"
          },
          {
            "id": 13,
            "text": "1 : 완전 고생했네ㅠㅠ",
            "norm_text": "완전 고생했네ㅠㅠ",
            "speaker": {
              "id": "1번",
              "sex": "여성",
              "age": "20대"
            },
            "speechAct": "(단언) 주장하기",
            "morpheme": "완전고생했네ㅠㅠ/UNKNOWN"
          },
          {
            "id": 14,
            "text": "1 : 잘 해결됐어?",
            "norm_text": "잘 해결됐어?",
            "speaker": {
              "id": "1번",
              "sex": "여성",
              "age": "20대"
            },
            "speechAct": "(지시) 질문하기",
            "morpheme": "잘/MAG+해결/NNG+됐/XSV+EP+어/EF"
          },
          {
            "id": 15,
            "text": "2 : 응 뭐 잘해결됬지",
            "norm_text": "응 뭐 잘해결됬지",
            "speaker": {
              "id": "2번",
              "sex": "남성",
              "age": "20대"
            },
            "speechAct": "(단언) 주장하기",
            "morpheme": "응/IC+뭐/IC+잘/MAG+해결/NNG+됬/VV+EP+지/EC"
          },
          {
            "id": 16,
            "text": "2 : 그때 전역해야하는 사람들 전역 미뤄서 SKT 대기업에 전부 취업했잖아 키키",
            "norm_text": "그때 전역해야하는 사람들 전역 미뤄서 SKT 대기업에 전부 취업했잖아 키키",
            "speaker": {
              "id": "2번",
              "sex": "남성",
              "age": "20대"
            },
            "speechAct": "(단언) 진술하기",
            "morpheme": "그때/NNG+전역/NNG+해야/XSV+EC+하/VV+는/ETM+사람/NNG+들/XSN+전역/NNG+미뤄서/VV+EC+SKT/SL+대/XPN+기업/NNG+에/JKB+전부/MAG+취업/NNG+했잖아/XSV+EP+EC+VX+EF+키/NNG+키/XSV+ETN"
          },
          {
            "id": 17,
            "text": "3 : 그래도 그렇게 보상받으면 다행이다",
            "norm_text": "그래도 그렇게 보상받으면 다행이다",
            "speaker": {
              "id": "3번",
              "sex": "남성",
              "age": "20대"
            },
            "speechAct": "(단언) 주장하기",
            "morpheme": "그래도/MAJ+그렇게/MAG+보상/NNG+받/VV+으면/EC+다행/NNG+이/VCP+다/EC"
          },
          {
            "id": 18,
            "text": "1 : 와 얘기 들으니깐 생각난다",
            "norm_text": "와 얘기 들으니깐 생각난다",
            "speaker": {
              "id": "1번",
              "sex": "여성",
              "age": "20대"
            },
            "speechAct": "(단언) 주장하기",
            "morpheme": "와/IC+얘기/NNG+들/VV+으니깐/EC+생각난다/VV+EC"
          },
          {
            "id": 19,
            "text": "2 : 진짜 군대에선 별의별일 다있지 키키",
            "norm_text": "진짜 군대에선 별의별일 다있지 키키",
            "speaker": {
              "id": "2번",
              "sex": "남성",
              "age": "20대"
            },
            "speechAct": "(단언) 주장하기",
            "morpheme": "진짜/MAG+군대/NNG+에/JKB+선별/NNG+의/JKG+별일/NNG+다/MAG+있/VA+지/EC+키/NNG+키/XSV+ETN"
          },
          {
            "id": 20,
            "text": "3 : 진짜 군생활동안 북한이 문제 안일으켜서 다행이다",
            "norm_text": "진짜 군생활동안 북한이 문제 안일으켜서 다행이다",
            "speaker": {
              "id": "3번",
              "sex": "남성",
              "age": "20대"
            },
            "speechAct": "(단언) 주장하기",
            "morpheme": "진짜/MAG+군/NNG+생활/NNG+동안/NNG+북한/NNP+이/JKS+문제/NNG+안/MAG+일으켜서/VV+EC+다행/NNG+이/VCP+다/EC"
          },
          {
            "id": 21,
            "text": "1 : 다들 전방에 있어서 사건 많았겠다",
            "norm_text": "다들 전방에 있어서 사건 많았겠다",
            "speaker": {
              "id": "1번",
              "sex": "여성",
              "age": "20대"
            },
            "speechAct": "(단언) 주장하기",
            "morpheme": "다/MAG+들/XSN+전방/NNG+에/JKB+있/VV+어서/EC+사건/NNG+많/VA+았/EP+겠/EP+다/EC"
          },
          {
            "id": 22,
            "text": "2 : 맞어 인제라서 엄청 전방이였지 ㅠㅠ",
            "norm_text": "맞어 인제라서 엄청 전방이였지 ㅠㅠ",
            "speaker": {
              "id": "2번",
              "sex": "남성",
              "age": "20대"
            },
            "speechAct": "(단언) 주장하기",
            "morpheme": "맞/VV+어/EC+인제/MAG+라서/JX+엄청/MAG+전방/NNG+이/VCP+였/EP+지/EF+ㅠㅠ/UNKNOWN"
          },
          {
            "id": 23,
            "text": "3 : 나는 귀순자 한명 내려온거 말고는 없었어",
            "norm_text": "나는 귀순자 한명 내려온거 말고는 없었어",
            "speaker": {
              "id": "3번",
              "sex": "남성",
              "age": "20대"
            },
            "speechAct": "(단언) 주장하기",
            "morpheme": "나/NP+는/JX+귀순자/NNG+한/MM+명/NNBC+내려온/VV+ETM+거/NNB+말/VV+고/EC+는/JX+없/VA+었/EP+어/EC"
          }
        ]
      }
    }
  ]
}