{
  "dataset": {
    "identifier": 58297,
    "name": "BAND_31_14_set",
    "src_path": "/data/file/cubeManager/PROJECT001/53/txt20210927144542060269/BAND_31_14_set/",
    "label_path": "/data/file/cubeManager/PROJECT001/53/txt20210927144542060269/BAND_31_14_set/",
    "category": 2,
    "type": 0
  },
  "licenses": {
    "name": "Apache License 1.0",
    "url": "http://www.apache.org/licenses/LICENSE-1.0"
  },
  "info": [
    {
      "id": 34372,
      "filename": "BAND_31_14.txt",
      "title": "BAND_31_14",
      "mediatype": "SNS",
      "medianame": "네이버밴드",
      "category": "일상대화",
      "date": "2021-09-27",
      "size": 427,
      "annotations": {
        "subject": "사회이슈",
        "speaker_type": "1:1",
        "size": 427,
        "word_size": 143,
        "text": "1 : 야 요즘에 비가 많이 왔잖아.\n2 : 응 맞아 지금도 오고 있어 ㅠ\n1 : 그래서 배추 농사가 망했다고 뉴스에 떴더라. ㅜㅜ\n2 : 식물은 물을 많이 먹어야 잘 자라는 거 아냐?\n1 : 아니 과유불급이라고 너무 많이 와서 망했대 ㅜ\n2 : 그동안 농사지은 거 엄청 손해 봤겠다 ㅠ\n1 : 기본 3천만 원 이상 손해 봤다더라 ㅜ\n2 : 이런 농가 하나당 그렇게 본 거야?\n1 : 아니 그거까지는 잘 모르겠는데 비료값랑 이것저것 해서  ㅜㅜ\n2 : 하긴 그동안 키우느라 들어간 돈 되게 많을 텐데 ㅠ\n1 : 근데 배추 값도 똥값이래 ㅜ\n2 : 그런 거 피해는 어디서 지원 안 해주는 거야?\n1 : 내가 알기로 나라에서 지원해 주는 걸로 알고 있어.\n2 : 그렇겠네 그래도 직접 파는 것보단 덜 받겠다 ㅠ\n1 : 맞아 그리고 수요가 없대 ㅜ\n2 : 하긴 지금 김장철도 아니여서 그렇겠네 ㅠ",
        "lines": [
          {
            "id": 1,
            "text": "1 : 야 요즘에 비가 많이 왔잖아.",
            "norm_text": "야 요즘에 비가 많이 왔잖아.",
            "speaker": {
              "id": "1번",
              "sex": "여성",
              "age": "20대"
            },
            "speechAct": "(단언) 진술하기",
            "morpheme": "야/IC+요즘/NNG+에/JKB+비/NNG+가/JKS+많이/MAG+왔/VV+EP+잖아/EF"
          },
          {
            "id": 2,
            "text": "2 : 응 맞아 지금도 오고 있어 ㅠ",
            "norm_text": "응 맞아 지금도 오고 있어 ㅠ",
            "speaker": {
              "id": "2번",
              "sex": "여성",
              "age": "20대"
            },
            "speechAct": "(단언) 진술하기",
            "morpheme": "응/IC+맞아/IC+지금/MAG+도/JX+오/VV+고/EC+있/VX+어/EC+ㅠ/UNKNOWN"
          },
          {
            "id": 3,
            "text": "1 : 그래서 배추 농사가 망했다고 뉴스에 떴더라. ㅜㅜ",
            "norm_text": "그래서 배추 농사가 망했다고 뉴스에 떴더라. ㅜㅜ",
            "speaker": {
              "id": "1번",
              "sex": "여성",
              "age": "20대"
            },
            "speechAct": "(단언) 진술하기",
            "morpheme": "그래서/MAJ+배추/NNG+농사/NNG+가/JKS+망했/VV+EP+다고/EC+뉴스/NNG+에/JKB+떴/VV+EP+더라/EF+ㅜㅜ/UNKNOWN"
          },
          {
            "id": 4,
            "text": "2 : 식물은 물을 많이 먹어야 잘 자라는 거 아냐?",
            "norm_text": "식물은 물을 많이 먹어야 잘 자라는 거 아냐?",
            "speaker": {
              "id": "2번",
              "sex": "여성",
              "age": "20대"
            },
            "speechAct": "(지시) 질문하기",
            "morpheme": "식물/NNG+은/JX+물/NNG+을/JKO+많이/MAG+먹/VV+어야/EC+잘/MAG+자라/VV+는/ETM+거/NNB+아냐/VCN+EF"
          },
          {
            "id": 5,
            "text": "1 : 아니 과유불급이라고 너무 많이 와서 망했대 ㅜ",
            "norm_text": "아니 과유불급이라고 너무 많이 와서 망했대 ㅜ",
            "speaker": {
              "id": "1번",
              "sex": "여성",
              "age": "20대"
            },
            "speechAct": "(단언) 진술하기",
            "morpheme": "아니/IC+과유불급/NNG+이/VCP+라고/EC+너무/MAG+많이/MAG+와서/VV+EC+망했/VV+EP+대ㅜ/UNKNOWN"
          },
          {
            "id": 6,
            "text": "2 : 그동안 농사지은 거 엄청 손해 봤겠다 ㅠ",
            "norm_text": "그동안 농사지은 거 엄청 손해 봤겠다 ㅠ",
            "speaker": {
              "id": "2번",
              "sex": "여성",
              "age": "20대"
            },
            "speechAct": "(단언) 진술하기",
            "morpheme": "그동안/NNG+농사지/VV+은/ETM+거/NNB+엄청/MAG+손/NNG+해/XSV+EC+봤/VX+EP+겠/EP+다ㅠ/UNKNOWN"
          },
          {
            "id": 7,
            "text": "1 : 기본 3천만 원 이상 손해 봤다더라 ㅜ",
            "norm_text": "기본 3천만 원 이상 손해 봤다더라 ㅜ",
            "speaker": {
              "id": "1번",
              "sex": "여성",
              "age": "20대"
            },
            "speechAct": "(단언) 진술하기",
            "morpheme": "기본/NNG+3/SN+천만/NR+원/NNBC+이상/NNG+손/NNG+해/XSV+EC+봤/VX+EP+다더라/EC+ㅜ/UNKNOWN"
          },
          {
            "id": 8,
            "text": "2 : 이런 농가 하나당 그렇게 본 거야?",
            "norm_text": "이런 농가 하나당 그렇게 본 거야?",
            "speaker": {
              "id": "2번",
              "sex": "여성",
              "age": "20대"
            },
            "speechAct": "(지시) 질문하기",
            "morpheme": "이런/MM+농가/NNG+하나/NR+당/XSN+그렇/VA+게/EC+본/VX+ETM+거/NNB+야/VCP+EF"
          },
          {
            "id": 9,
            "text": "1 : 아니 그거까지는 잘 모르겠는데 비료값랑 이것저것 해서  ㅜㅜ",
            "norm_text": "아니 그거까지는 잘 모르겠는데 비료값랑 이것저것 해서  ㅜㅜ",
            "speaker": {
              "id": "1번",
              "sex": "여성",
              "age": "20대"
            },
            "speechAct": "(단언) 진술하기",
            "morpheme": "아니/IC+그거/NP+까지/JX+는/JX+잘/MAG+모르/VV+겠/EP+는데/EC+비료/NNG+값/NNG+랑/JC+이것저것/NNG+해서/XSV+EC+ㅜㅜ/UNKNOWN"
          },
          {
            "id": 10,
            "text": "2 : 하긴 그동안 키우느라 들어간 돈 되게 많을 텐데 ㅠ",
            "norm_text": "하긴 그동안 키우느라 들어간 돈 되게 많을 텐데 ㅠ",
            "speaker": {
              "id": "2번",
              "sex": "여성",
              "age": "20대"
            },
            "speechAct": "(단언) 진술하기",
            "morpheme": "하긴/MAJ+그/MM+동안/NNG+키우/VV+느라/EC+들어간/VV+ETM+돈/NNG+되게/MAG+많/VA+을/ETM+텐데/NNB+VCP+EC+ㅠ/UNKNOWN"
          },
          {
            "id": 11,
            "text": "1 : 근데 배추 값도 똥값이래 ㅜ",
            "norm_text": "근데 배추 값도 똥값이래 ㅜ",
            "speaker": {
              "id": "1번",
              "sex": "여성",
              "age": "20대"
            },
            "speechAct": "(단언) 진술하기",
            "morpheme": "근데/MAJ+배추/NNG+값/NNG+도/JX+똥값/NNG+이/JKS+래ㅜ/UNKNOWN"
          },
          {
            "id": 12,
            "text": "2 : 그런 거 피해는 어디서 지원 안 해주는 거야?",
            "norm_text": "그런 거 피해는 어디서 지원 안 해주는 거야?",
            "speaker": {
              "id": "2번",
              "sex": "여성",
              "age": "20대"
            },
            "speechAct": "(지시) 질문하기",
            "morpheme": "그런/MM+거/NNB+피해/NNG+는/JX+어디/NP+서/JKB+지원/NNG+안/MAG+해/VV+EC+주/VX+는/ETM+거/NNB+야/VCP+EF"
          },
          {
            "id": 13,
            "text": "1 : 내가 알기로 나라에서 지원해 주는 걸로 알고 있어.",
            "norm_text": "내가 알기로 나라에서 지원해 주는 걸로 알고 있어.",
            "speaker": {
              "id": "1번",
              "sex": "여성",
              "age": "20대"
            },
            "speechAct": "(단언) 진술하기",
            "morpheme": "내/NP+가/JKS+알/VV+기/ETN+로/JKB+나라/NNG+에서/JKB+지원/NNG+해/XSV+EC+주/VX+는/ETM+걸로/NNB+JKB+알/VV+고/EC+있/VX+어/EF"
          },
          {
            "id": 14,
            "text": "2 : 그렇겠네 그래도 직접 파는 것보단 덜 받겠다 ㅠ",
            "norm_text": "그렇겠네 그래도 직접 파는 것보단 덜 받겠다 ㅠ",
            "speaker": {
              "id": "2번",
              "sex": "여성",
              "age": "20대"
            },
            "speechAct": "(단언) 진술하기",
            "morpheme": "그렇/VA+겠/EP+네/EF+그래도/MAJ+직접/MAG+파/VV+는/ETM+것/NNB+보단/JKB+JX+덜/MAG+받/VV+겠/EP+다ㅠ/UNKNOWN"
          },
          {
            "id": 15,
            "text": "1 : 맞아 그리고 수요가 없대 ㅜ",
            "norm_text": "맞아 그리고 수요가 없대 ㅜ",
            "speaker": {
              "id": "1번",
              "sex": "여성",
              "age": "20대"
            },
            "speechAct": "(단언) 진술하기",
            "morpheme": "맞아/IC+그리고/MAJ+수요/NNG+가/JKS+없/VA+대ㅜ/UNKNOWN"
          },
          {
            "id": 16,
            "text": "2 : 하긴 지금 김장철도 아니여서 그렇겠네 ㅠ",
            "norm_text": "하긴 지금 김장철도 아니여서 그렇겠네 ㅠ",
            "speaker": {
              "id": "2번",
              "sex": "여성",
              "age": "20대"
            },
            "speechAct": "(단언) 진술하기",
            "morpheme": "하긴/MAJ+지금/MAG+김장철/NNG+도/JX+아니/VCN+여서/EC+그렇/VA+겠/EP+네ㅠ/UNKNOWN"
          }
        ]
      }
    }
  ]
}