{
  "dataset": {
    "identifier": 114669,
    "name": "BAND_44_09_set",
    "src_path": "/data/file/cubeManager/PROJECT001/80/txt20211102172148017589/BAND_44_09_set/",
    "label_path": "/data/file/cubeManager/PROJECT001/80/txt20211102172148017589/BAND_44_09_set/",
    "category": 2,
    "type": 0
  },
  "licenses": {
    "name": "Apache License 1.0",
    "url": "http://www.apache.org/licenses/LICENSE-1.0"
  },
  "info": [
    {
      "id": 131621,
      "filename": "BAND_44_09.txt",
      "title": "BAND_44_09",
      "mediatype": "SNS",
      "medianame": "네이버밴드",
      "category": "일상대화",
      "date": "2021-11-02",
      "size": 559,
      "annotations": {
        "subject": "반려동물",
        "speaker_type": "다자간 대화",
        "size": 559,
        "word_size": 180,
        "text": "1 : 강아지 입양 절차가 어떻게 돼?\n2 : 요즘은 좀 까다롭지 않낭?\n3 : 나도 안 해봐서 잘 모르지만 어렵다고는 하더라!\n1 : 복잡하구나 키키\n1 : 다들 어떻게 하나 궁금했어\n2 : 키키 난 할머니 친구 분의 아들이 버리려고 하던 거 델꼬 온 거라 ㅜㅜ\n3 : 나도 한 마리 하고 싶은데 어렵기두 하고 집이 반대넴...껄껄\n1 : 헐 이렇게 귀여운 아이를 버리려고 했다구? ㅠㅠ\n2 : 웅웅 ㅡㅡ 저 에인절을,\n2 : 사실 근데 나도 강아지 안 좋아했음 키키\n3 : 키키 고양이랑 강아지 둘 다 좋은뎅...!\n3 : 이럴 수가\n1 : 키키 다들 안 좋아하다가 키우면서 빠지더라 키키 신기\n2 : 키키 ㅜㅜ ㅇㅈ임,\n2 : 좋아하는데 키우면 진짜 얼마나 빠질지~\n3 : 그 귀여움 보면 빠져나오지 못 하긴 하지...\n1 : 키키 진짜 아가들 너무 귀여워 ㅠㅠ\n2 : 키키 ㅇㅈㅇㅈ ㅜㅜ 냠냠쫍쫍쓰,\n2 : 항상 넘치는 사랑을 주지\n3 : 키키 진짜 말하니까 너무 키우고 싶네 ㅠㅠ\n1 : 나중에 독립하면 꼭 키우고 말테야\n2 : 키키 웅웅 고양이든 강아지든 꼭 돈과 시간을 쏟아서,\n3 : 도전기 한번 봐야겠는걸 키키\n3 : 화이팅",
        "lines": [
          {
            "id": 1,
            "text": "1 : 강아지 입양 절차가 어떻게 돼?",
            "norm_text": "강아지 입양 절차가 어떻게 돼?",
            "speaker": {
              "id": "1번",
              "sex": "여성",
              "age": "20대"
            },
            "speechAct": "(지시) 질문하기",
            "morpheme": "강아지/NNG+입양/NNG+절차/NNG+가/JKS+어떻게/MAG+돼/VV+EF"
          },
          {
            "id": 2,
            "text": "2 : 요즘은 좀 까다롭지 않낭?",
            "norm_text": "요즘은 좀 까다롭지 않낭?",
            "speaker": {
              "id": "2번",
              "sex": "여성",
              "age": "20대"
            },
            "speechAct": "(지시) 질문하기",
            "morpheme": "요즘/NNG+은/JX+좀/MAG+까다롭/VA+지/EC+않/VX+낭/NNG"
          },
          {
            "id": 3,
            "text": "3 : 나도 안 해봐서 잘 모르지만 어렵다고는 하더라!",
            "norm_text": "나도 안 해봐서 잘 모르지만 어렵다고는 하더라!",
            "speaker": {
              "id": "3번",
              "sex": "남성",
              "age": "20대"
            },
            "speechAct": "(단언) 진술하기",
            "morpheme": "나/NP+도/JX+안/MAG+해/VV+EC+봐서/VV+EC+잘/MAG+모르/VV+지만/EC+어렵/VA+다고/EC+는/JX+하/VV+더라/EF"
          },
          {
            "id": 4,
            "text": "1 : 복잡하구나 키키",
            "norm_text": "복잡하구나 키키",
            "speaker": {
              "id": "1번",
              "sex": "여성",
              "age": "20대"
            },
            "speechAct": "(단언) 진술하기",
            "morpheme": "복잡/XR+하/XSA+구나/EF+키/NNG+키/XSV+ETN"
          },
          {
            "id": 5,
            "text": "1 : 다들 어떻게 하나 궁금했어",
            "norm_text": "다들 어떻게 하나 궁금했어",
            "speaker": {
              "id": "1번",
              "sex": "여성",
              "age": "20대"
            },
            "speechAct": "(단언) 진술하기",
            "morpheme": "다/MAG+들/XSN+어떻게/MAG+하나/NR+궁금/XR+했/XSA+EP+어/EC"
          },
          {
            "id": 6,
            "text": "2 : 키키 난 할머니 친구 분의 아들이 버리려고 하던 거 델꼬 온 거라 ㅜㅜ",
            "norm_text": "키키 난 할머니 친구 분의 아들이 버리려고 하던 거 델꼬 온 거라 ㅜㅜ",
            "speaker": {
              "id": "2번",
              "sex": "여성",
              "age": "20대"
            },
            "speechAct": "(단언) 진술하기",
            "morpheme": "키/NNG+키/XSV+ETN+난/VV+ETM+할머니/NNG+친구/NNG+분/XSN+의/JKG+아들/NNG+이/JKS+버리/VV+려고/EC+하/VX+던/ETM+거/NNB+델/VV+꼬/EC+온/VX+ETM+거/NNB+라/VCP+EC+ㅜㅜ/UNKNOWN"
          },
          {
            "id": 7,
            "text": "3 : 나도 한 마리 하고 싶은데 어렵기두 하고 집이 반대넴...껄껄",
            "norm_text": "나도 한 마리 하고 싶은데 어렵기두 하고 집이 반대넴...껄껄",
            "speaker": {
              "id": "3번",
              "sex": "남성",
              "age": "20대"
            },
            "speechAct": "(단언) 진술하기",
            "morpheme": "나/NP+도/JX+한/MM+마리/NNBC+하/VV+고/EC+싶/VX+은데/EC+어렵/VA+기/ETN+두/JX+하/VV+고/EC+집/NNG+이/JKS+반대/NNG+넴/NNP+./SY+./SY+껄껄/MAG"
          },
          {
            "id": 8,
            "text": "1 : 헐 이렇게 귀여운 아이를 버리려고 했다구? ㅠㅠ",
            "norm_text": "헐 이렇게 귀여운 아이를 버리려고 했다구? ㅠㅠ",
            "speaker": {
              "id": "1번",
              "sex": "여성",
              "age": "20대"
            },
            "speechAct": "(지시) 질문하기",
            "morpheme": "헐/IC+이렇게/MAG+귀여운/VA+ETM+아이/NNG+를/JKO+버리/VV+려고/EC+했/VX+EP+다구/EF+ㅠㅠ/UNKNOWN"
          },
          {
            "id": 9,
            "text": "2 : 웅웅 ㅡㅡ 저 에인절을,",
            "norm_text": "웅웅 ㅡㅡ 저 에인절을,",
            "speaker": {
              "id": "2번",
              "sex": "여성",
              "age": "20대"
            },
            "speechAct": "(단언) 진술하기",
            "morpheme": "웅웅ㅡㅡ저에인절을/UNKNOWN+,/SC"
          },
          {
            "id": 10,
            "text": "2 : 사실 근데 나도 강아지 안 좋아했음 키키",
            "norm_text": "사실 근데 나도 강아지 안 좋아했음 키키",
            "speaker": {
              "id": "2번",
              "sex": "여성",
              "age": "20대"
            },
            "speechAct": "(단언) 진술하기",
            "morpheme": "사실/MAG+근데/MAJ+나/NP+도/JX+강아지/NNG+안/MAG+좋/VA+아/EC+했/VX+EP+음/ETN+키/NNG+키/XSV+ETN"
          },
          {
            "id": 11,
            "text": "3 : 키키 고양이랑 강아지 둘 다 좋은뎅...!",
            "norm_text": "키키 고양이랑 강아지 둘 다 좋은뎅...!",
            "speaker": {
              "id": "3번",
              "sex": "남성",
              "age": "20대"
            },
            "speechAct": "(단언) 주장하기",
            "morpheme": "키키고양이랑강아지둘다좋은뎅/UNKNOWN+./SY+./SY"
          },
          {
            "id": 12,
            "text": "3 : 이럴 수가",
            "norm_text": "이럴 수가",
            "speaker": {
              "id": "3번",
              "sex": "남성",
              "age": "20대"
            },
            "speechAct": "턴토크 사인(관습적 반응)",
            "morpheme": "이럴/VA+ETM+수/NNB+가/JKS"
          },
          {
            "id": 13,
            "text": "1 : 키키 다들 안 좋아하다가 키우면서 빠지더라 키키 신기",
            "norm_text": "키키 다들 안 좋아하다가 키우면서 빠지더라 키키 신기",
            "speaker": {
              "id": "1번",
              "sex": "여성",
              "age": "20대"
            },
            "speechAct": "(단언) 진술하기",
            "morpheme": "키/NNG+키/VV+다/EC+들/XSN+안/MAG+좋아하/VV+다가/EC+키우/VV+면서/EC+빠지/VV+더라/EC+키/NNG+키/NNG+신기/NNG"
          },
          {
            "id": 14,
            "text": "2 : 키키 ㅜㅜ ㅇㅈ임,",
            "norm_text": "키키 ㅜㅜ ㅇㅈ임,",
            "speaker": {
              "id": "2번",
              "sex": "여성",
              "age": "20대"
            },
            "speechAct": "(단언) 진술하기",
            "morpheme": "키키ㅜㅜㅇㅈ임/UNKNOWN+,/SC"
          },
          {
            "id": 15,
            "text": "2 : 좋아하는데 키우면 진짜 얼마나 빠질지~",
            "norm_text": "좋아하는데 키우면 진짜 얼마나 빠질지~",
            "speaker": {
              "id": "2번",
              "sex": "여성",
              "age": "20대"
            },
            "speechAct": "(단언) 진술하기",
            "morpheme": "좋/VA+아/EC+하/VV+는/ETM+데/NNB+키우/VV+면/EC+진짜/MAG+얼마나/MAG+빠질지/VV+EC+~/SY"
          },
          {
            "id": 16,
            "text": "3 : 그 귀여움 보면 빠져나오지 못 하긴 하지...",
            "norm_text": "그 귀여움 보면 빠져나오지 못 하긴 하지...",
            "speaker": {
              "id": "3번",
              "sex": "남성",
              "age": "20대"
            },
            "speechAct": "(단언) 진술하기",
            "morpheme": "그/MM+귀여움/VA+ETN+보/VV+면/EC+빠져/VV+EC+나오/VV+지/EC+못하/VX+긴/ETN+JX+하/VX+지/EF+./SY"
          },
          {
            "id": 17,
            "text": "1 : 키키 진짜 아가들 너무 귀여워 ㅠㅠ",
            "norm_text": "키키 진짜 아가들 너무 귀여워 ㅠㅠ",
            "speaker": {
              "id": "1번",
              "sex": "여성",
              "age": "20대"
            },
            "speechAct": "(단언) 진술하기",
            "morpheme": "키/NNG+키/XSV+ETN+진짜/MAG+아가/NNG+들/XSN+너무/MAG+귀여워/VA+EC+ㅠㅠ/UNKNOWN"
          },
          {
            "id": 18,
            "text": "2 : 키키 ㅇㅈㅇㅈ ㅜㅜ 냠냠쫍쫍쓰,",
            "norm_text": "키키 ㅇㅈㅇㅈ ㅜㅜ 냠냠쫍쫍쓰,",
            "speaker": {
              "id": "2번",
              "sex": "여성",
              "age": "20대"
            },
            "speechAct": "(단언) 주장하기",
            "morpheme": "키키ㅇㅈㅇㅈㅜㅜ냠냠쫍쫍쓰/UNKNOWN+,/SC"
          },
          {
            "id": 19,
            "text": "2 : 항상 넘치는 사랑을 주지",
            "norm_text": "항상 넘치는 사랑을 주지",
            "speaker": {
              "id": "2번",
              "sex": "여성",
              "age": "20대"
            },
            "speechAct": "(단언) 진술하기",
            "morpheme": "항상/MAG+넘치/VV+는/ETM+사랑/NNG+을/JKO+주/VV+지/EC"
          },
          {
            "id": 20,
            "text": "3 : 키키 진짜 말하니까 너무 키우고 싶네 ㅠㅠ",
            "norm_text": "키키 진짜 말하니까 너무 키우고 싶네 ㅠㅠ",
            "speaker": {
              "id": "3번",
              "sex": "남성",
              "age": "20대"
            },
            "speechAct": "(단언) 진술하기",
            "morpheme": "키/NNG+키/XSV+ETN+진짜/MAG+말/NNG+하/XSV+니까/EC+너무/MAG+키우/VV+고/EC+싶/VX+네/EF+ㅠㅠ/UNKNOWN"
          },
          {
            "id": 21,
            "text": "1 : 나중에 독립하면 꼭 키우고 말테야",
            "norm_text": "나중에 독립하면 꼭 키우고 말테야",
            "speaker": {
              "id": "1번",
              "sex": "여성",
              "age": "20대"
            },
            "speechAct": "(단언) 주장하기",
            "morpheme": "나중/NNG+에/JKB+독립/NNG+하/XSV+면/EC+꼭/MAG+키우/VV+고/EC+말/VX+ETM+테/NNB+VCP+야/EC"
          },
          {
            "id": 22,
            "text": "2 : 키키 웅웅 고양이든 강아지든 꼭 돈과 시간을 쏟아서,",
            "norm_text": "키키 웅웅 고양이든 강아지든 꼭 돈과 시간을 쏟아서,",
            "speaker": {
              "id": "2번",
              "sex": "여성",
              "age": "20대"
            },
            "speechAct": "(단언) 주장하기",
            "morpheme": "키키웅웅고양이든강아지든꼭돈과시간을쏟아서/UNKNOWN+,/SC"
          },
          {
            "id": 23,
            "text": "3 : 도전기 한번 봐야겠는걸 키키",
            "norm_text": "도전기 한번 봐야겠는걸 키키",
            "speaker": {
              "id": "3번",
              "sex": "남성",
              "age": "20대"
            },
            "speechAct": "(단언) 주장하기",
            "morpheme": "도전기/NNG+한/MM+번/NNBC+봐야/VV+EC+VX+겠/EP+는/ETM+걸/NNB+JKO+키/NNG+키/XSV+ETN"
          },
          {
            "id": 24,
            "text": "3 : 화이팅",
            "norm_text": "화이팅",
            "speaker": {
              "id": "3번",
              "sex": "남성",
              "age": "20대"
            },
            "speechAct": "(표현) 인사하기",
            "morpheme": "화이팅/NNP"
          }
        ]
      }
    }
  ]
}