{
  "dataset": {
    "identifier": 101844,
    "name": "BAND_37_08_set",
    "src_path": "/data/file/cubeManager/PROJECT001/77/txt20211027150101057655/BAND_37_08_set/",
    "label_path": "/data/file/cubeManager/PROJECT001/77/txt20211027150101057655/BAND_37_08_set/",
    "category": 2,
    "type": 0
  },
  "licenses": {
    "name": "Apache License 1.0",
    "url": "http://www.apache.org/licenses/LICENSE-1.0"
  },
  "info": [
    {
      "id": 96648,
      "filename": "BAND_37_08.txt",
      "title": "BAND_37_08",
      "mediatype": "SNS",
      "medianame": "네이버밴드",
      "category": "일상대화",
      "date": "2021-10-27",
      "size": 544,
      "annotations": {
        "subject": "연애/결혼",
        "speaker_type": "다자간 대화",
        "size": 544,
        "word_size": 184,
        "text": "1 : 다들 이상형이 어떻게 돼?\n2 : 음 나는 무슨 일이 있어도 거짓말 안 하는 여자?\n3 : 나는 나 좋아해주는 사람!\n1 : 음 키키 그치 연락은 어땠으면 좋겠어?\n2 : 연락은 뭐 개인 일도 있으니깐 편할 때 하는 게 젤 좋은 거 같더라\n3 : 서로 집중할 거 하면서 너무 끊기지만 않으면 최고지\n1 : 키키 그치 키키\n1 : 나도 연락에 너무 목메진 않는 거 같아\n2 : 연락에 너무 집착 받으면 어우 상상도 하기싫다 키키\n3 : 너무 없는 거 vs 너무 많이하는 거 너희는 뭐야?\n1 : 딱 중간은 없나 키키 어렵네\n2 : 그러게 중간이 젤 좋긴한데 나는 차라리 선택하라고 하면 너무 없는 거\n3 : 나는 차라리 많이 하는 게 나은 거 같아\n1 : 역시 다 달라 키키\n1 : 난 주로 전화로 해\n2 : 나는 전화는 잘못하겠더라 말도 많이 없기도하고 키키\n3 : 나도 전화가 좋아 목소리도 듣고\n1 : 키키 응 맞아 키키\n1 : 톡보다 전화가 편하더라고\n2 : 나는 내가 말수가 없어서 여자쪽에서 말 많이 해주면 잘 들어주고 리액션 좋은 편이라 키키\n3 : 뭐든 연락만 된다면야 좋은 거 아니겠어?",
        "lines": [
          {
            "id": 1,
            "text": "1 : 다들 이상형이 어떻게 돼?",
            "norm_text": "다들 이상형이 어떻게 돼?",
            "speaker": {
              "id": "1번",
              "sex": "여성",
              "age": "20대"
            },
            "speechAct": "(지시) 질문하기",
            "morpheme": "다/MAG+들/XSN+이/JKS+상형/NNG+이/JKS+어떻게/MAG+돼/VV+EF"
          },
          {
            "id": 2,
            "text": "2 : 음 나는 무슨 일이 있어도 거짓말 안 하는 여자?",
            "norm_text": "음 나는 무슨 일이 있어도 거짓말 안 하는 여자?",
            "speaker": {
              "id": "2번",
              "sex": "남성",
              "age": "20대"
            },
            "speechAct": "(단언) 주장하기",
            "morpheme": "음/IC+나/NP+는/JX+무슨/MM+일/NNG+이/JKS+있/VV+어도/EC+거짓말/NNG+안/MAG+하/VV+는/ETM+여자/NNG"
          },
          {
            "id": 3,
            "text": "3 : 나는 나 좋아해주는 사람!",
            "norm_text": "나는 나 좋아해주는 사람!",
            "speaker": {
              "id": "3번",
              "sex": "남성",
              "age": "20대"
            },
            "speechAct": "(단언) 주장하기",
            "morpheme": "나/NP+는/JX+나/NP+좋/VA+아/EC+해/VV+EC+주/VX+는/ETM+사람/NNG"
          },
          {
            "id": 4,
            "text": "1 : 음 키키 그치 연락은 어땠으면 좋겠어?",
            "norm_text": "음 키키 그치 연락은 어땠으면 좋겠어?",
            "speaker": {
              "id": "1번",
              "sex": "여성",
              "age": "20대"
            },
            "speechAct": "(지시) 질문하기",
            "morpheme": "음/IC+키/NNG+키/XSV+ETN+그치/IC+연락/NNG+은/JX+어땠/VA+EP+으면/EC+좋/VA+겠/EP+어/EF"
          },
          {
            "id": 5,
            "text": "2 : 연락은 뭐 개인 일도 있으니깐 편할 때 하는 게 젤 좋은 거 같더라",
            "norm_text": "연락은 뭐 개인 일도 있으니깐 편할 때 하는 게 젤 좋은 거 같더라",
            "speaker": {
              "id": "2번",
              "sex": "남성",
              "age": "20대"
            },
            "speechAct": "(단언) 주장하기",
            "morpheme": "연락/NNG+은/JX+뭐/IC+개인/NNG+일/NNG+도/JX+있/VA+으니깐/EC+편할/VA+ETM+때/NNG+하/XSV+는/ETM+게/NNB+JKS+젤/MAG+좋/VA+은/ETM+거/NNB+같/VA+더라/EC"
          },
          {
            "id": 6,
            "text": "3 : 서로 집중할 거 하면서 너무 끊기지만 않으면 최고지",
            "norm_text": "서로 집중할 거 하면서 너무 끊기지만 않으면 최고지",
            "speaker": {
              "id": "3번",
              "sex": "남성",
              "age": "20대"
            },
            "speechAct": "(단언) 주장하기",
            "morpheme": "서로/MAG+집중/NNG+할/XSV+ETM+거/NNB+하/VV+면서/EC+너무/MAG+끊기/VV+지만/EC+않/VX+으면/EC+최고/NNG+지/VCP+EC"
          },
          {
            "id": 7,
            "text": "1 : 키키 그치 키키",
            "norm_text": "키키 그치 키키",
            "speaker": {
              "id": "1번",
              "sex": "여성",
              "age": "20대"
            },
            "speechAct": "(단언) 주장하기",
            "morpheme": "키/NNG+키/XSV+ETN+그치/IC+키/NNG+키/XSV+ETN"
          },
          {
            "id": 8,
            "text": "1 : 나도 연락에 너무 목메진 않는 거 같아",
            "norm_text": "나도 연락에 너무 목메진 않는 거 같아",
            "speaker": {
              "id": "1번",
              "sex": "여성",
              "age": "20대"
            },
            "speechAct": "(단언) 주장하기",
            "morpheme": "나/NP+도/JX+연락/NNG+에/JKB+너무/MAG+목메/VV+진/EC+JX+않/VX+는/ETM+거/NNB+같/VA+아/EC"
          },
          {
            "id": 9,
            "text": "2 : 연락에 너무 집착 받으면 어우 상상도 하기싫다 키키",
            "norm_text": "연락에 너무 집착 받으면 어우 상상도 하기싫다 키키",
            "speaker": {
              "id": "2번",
              "sex": "남성",
              "age": "20대"
            },
            "speechAct": "(단언) 주장하기",
            "morpheme": "연락/NNG+에/JKB+너무/MAG+집착/NNG+받/VV+으면/EC+어우/IC+상상도/NNG+하/XSV+기/ETN+싫/VA+다키키/NNP"
          },
          {
            "id": 10,
            "text": "3 : 너무 없는 거 vs 너무 많이하는 거 너희는 뭐야?",
            "norm_text": "너무 없는 거 vs 너무 많이하는 거 너희는 뭐야?",
            "speaker": {
              "id": "3번",
              "sex": "남성",
              "age": "20대"
            },
            "speechAct": "(지시) 질문하기",
            "morpheme": "너무/MAG+없/VA+는/ETM+거/NNB+vs/SL+너무/MAG+많이/MAG+하/VV+는/ETM+거/NNB+너희/NP+는/JX+뭐/NP+야/VCP+EF"
          },
          {
            "id": 11,
            "text": "1 : 딱 중간은 없나 키키 어렵네",
            "norm_text": "딱 중간은 없나 키키 어렵네",
            "speaker": {
              "id": "1번",
              "sex": "여성",
              "age": "20대"
            },
            "speechAct": "(단언) 주장하기",
            "morpheme": "딱/MAG+중간/NNG+은/JX+없/VA+나/EC+키/NNG+키/XSV+ETN+어렵/VA+네/EC"
          },
          {
            "id": 12,
            "text": "2 : 그러게 중간이 젤 좋긴한데 나는 차라리 선택하라고 하면 너무 없는 거",
            "norm_text": "그러게 중간이 젤 좋긴한데 나는 차라리 선택하라고 하면 너무 없는 거",
            "speaker": {
              "id": "2번",
              "sex": "남성",
              "age": "20대"
            },
            "speechAct": "(단언) 주장하기",
            "morpheme": "그러/VV+게/EC+중간/NNG+이/JKS+젤/MAG+좋/VA+긴/ETN+JX+한데/VX+EC+나/NP+는/JX+차라리/MAG+선택/NNG+하/XSV+라고/EC+하/VV+면/EC+너무/MAG+없/VA+는/ETM+거/NNB"
          },
          {
            "id": 13,
            "text": "3 : 나는 차라리 많이 하는 게 나은 거 같아",
            "norm_text": "나는 차라리 많이 하는 게 나은 거 같아",
            "speaker": {
              "id": "3번",
              "sex": "남성",
              "age": "20대"
            },
            "speechAct": "(단언) 주장하기",
            "morpheme": "나/NP+는/JX+차라리/MAG+많이/MAG+하/VV+는/ETM+게/NNB+JKS+나/VA+은/ETM+거/NNB+같/VA+아/EC"
          },
          {
            "id": 14,
            "text": "1 : 역시 다 달라 키키",
            "norm_text": "역시 다 달라 키키",
            "speaker": {
              "id": "1번",
              "sex": "여성",
              "age": "20대"
            },
            "speechAct": "(단언) 주장하기",
            "morpheme": "역시/MAJ+다/MAG+달라/VA+EC+키/NNG+키/XSV+ETN"
          },
          {
            "id": 15,
            "text": "1 : 난 주로 전화로 해",
            "norm_text": "난 주로 전화로 해",
            "speaker": {
              "id": "1번",
              "sex": "여성",
              "age": "20대"
            },
            "speechAct": "(단언) 진술하기",
            "morpheme": "난/NP+JX+주로/MAG+전화/NNG+로/JKB+해/VV+EC"
          },
          {
            "id": 16,
            "text": "2 : 나는 전화는 잘못하겠더라 말도 많이 없기도하고 키키",
            "norm_text": "나는 전화는 잘못하겠더라 말도 많이 없기도하고 키키",
            "speaker": {
              "id": "2번",
              "sex": "남성",
              "age": "20대"
            },
            "speechAct": "(단언) 진술하기",
            "morpheme": "나/NP+는/JX+전화/NNG+는/JX+잘못/MAG+하/VV+겠/EP+더라/EF+말/NNG+도/JX+많이/MAG+없/VA+기/ETN+도/JX+하/VV+고/EC+키/NNG+키/XSV+ETN"
          },
          {
            "id": 17,
            "text": "3 : 나도 전화가 좋아 목소리도 듣고",
            "norm_text": "나도 전화가 좋아 목소리도 듣고",
            "speaker": {
              "id": "3번",
              "sex": "남성",
              "age": "20대"
            },
            "speechAct": "(단언) 주장하기",
            "morpheme": "나/NP+도/JX+전화/NNG+가/JKS+좋/VA+아/EC+목소리/NNG+도/JX+듣/VV+고/EC"
          },
          {
            "id": 18,
            "text": "1 : 키키 응 맞아 키키",
            "norm_text": "키키 응 맞아 키키",
            "speaker": {
              "id": "1번",
              "sex": "여성",
              "age": "20대"
            },
            "speechAct": "(단언) 주장하기",
            "morpheme": "키키응맞아키키/UNKNOWN"
          },
          {
            "id": 19,
            "text": "1 : 톡보다 전화가 편하더라고",
            "norm_text": "톡보다 전화가 편하더라고",
            "speaker": {
              "id": "1번",
              "sex": "여성",
              "age": "20대"
            },
            "speechAct": "(단언) 주장하기",
            "morpheme": "톡/NNG+보다/JKB+전화/NNG+가/JKS+편하/VA+더라고/EC"
          },
          {
            "id": 20,
            "text": "2 : 나는 내가 말수가 없어서 여자쪽에서 말 많이 해주면 잘 들어주고 리액션 좋은 편이라 키키",
            "norm_text": "나는 내가 말수가 없어서 여자쪽에서 말 많이 해주면 잘 들어주고 리액션 좋은 편이라 키키",
            "speaker": {
              "id": "2번",
              "sex": "남성",
              "age": "20대"
            },
            "speechAct": "(단언) 주장하기",
            "morpheme": "나/NP+는/JX+내/NP+가/JKS+말수/NNG+가/JKS+없/VA+어서/EC+여자/NNG+쪽/NNB+에서/JKB+말/NNG+많이/MAG+해/VV+EC+주/VX+면/EC+잘/MAG+들/VV+어/EC+주/VX+고/EC+리액션/NNP+좋/VA+은/ETM+편/NNB+이/VCP+라/EC+키/NNG+키/XSV+ETN"
          },
          {
            "id": 21,
            "text": "3 : 뭐든 연락만 된다면야 좋은 거 아니겠어?",
            "norm_text": "뭐든 연락만 된다면야 좋은 거 아니겠어?",
            "speaker": {
              "id": "3번",
              "sex": "남성",
              "age": "20대"
            },
            "speechAct": "(단언) 주장하기",
            "morpheme": "뭐/NP+든/VCP+EC+연락/NNG+만/JX+된다면/VV+EC+야/JX+좋/VA+은/ETM+거/NNB+아니/VCN+겠/EP+어/EF"
          }
        ]
      }
    }
  ]
}