{
  "dataset": {
    "identifier": 22007,
    "name": "BAND_28_07_set",
    "src_path": "/data/file/cubeManager/PROJECT001/49/txt20210917150513023411/BAND_28_07_set/",
    "label_path": "/data/file/cubeManager/PROJECT001/49/txt20210917150513023411/BAND_28_07_set/",
    "category": 2,
    "type": 0
  },
  "licenses": {
    "name": "Apache License 1.0",
    "url": "http://www.apache.org/licenses/LICENSE-1.0"
  },
  "info": [
    {
      "id": 29438,
      "filename": "BAND_28_07.txt",
      "title": "BAND_28_07",
      "mediatype": "SNS",
      "medianame": "네이버밴드",
      "category": "일상대화",
      "date": "2021-09-17",
      "size": 360,
      "annotations": {
        "subject": "가족",
        "speaker_type": "1:1",
        "size": 360,
        "word_size": 119,
        "text": "1 : 너희 어머님 부산에 계시다고?\n2 : 응 일하러 부산에 내려가셨어\n1 : 코로나 때문에 걱정이 많겠어 너.\n2 : 맞아 부산에 확진자가 많이 나와 ㅠ\n1 : 부산은 지금 몇 단계야?\n2 : 음 부산은 지금 4단계야 ㅠ\n1 : 거기도 수도권 사 단계구나 ㅜㅜ\n2 : 맞아 ㅠ 여기도 4단계야 지방인데\n1 : 맞아 논산도 4단계라고 뉴스에서 봤어 ㅜㅜ\n2 : 맞아 요즘 조심해서 다녀야 해 ㅠ\n1 : 어머님은 백신 다 맞으셨어?\n2 : 우리 엄마는 1차 맞고 조만간 2차 맞을 거래 ㅎ\n1 : 그렇구나 너는 주사 맞았어?\n2 : 나는 다음 주에 1차 접종 맞기로 했어\n1 : 그렇구나 어머님은 주사 맞고 아픈 건 없으셨대?\n2 : 엄마는 이틀 정도 아팠대 걱정이지 ㅠ",
        "lines": [
          {
            "id": 1,
            "text": "1 : 너희 어머님 부산에 계시다고?",
            "norm_text": "너희 어머님 부산에 계시다고?",
            "speaker": {
              "id": "1번",
              "sex": "여성",
              "age": "20대"
            },
            "speechAct": "(지시) 질문하기",
            "morpheme": "너희/NP+어머님/NNG+부산/NNP+에/JKB+계시/VV+다고/EF"
          },
          {
            "id": 2,
            "text": "2 : 응 일하러 부산에 내려가셨어",
            "norm_text": "응 일하러 부산에 내려가셨어",
            "speaker": {
              "id": "2번",
              "sex": "여성",
              "age": "20대"
            },
            "speechAct": "(단언) 진술하기",
            "morpheme": "응/IC+일/NNG+하/XSV+러/EC+부산/NNP+에/JKB+내려가/VV+셨/EP+EP+어/EC"
          },
          {
            "id": 3,
            "text": "1 : 코로나 때문에 걱정이 많겠어 너.",
            "norm_text": "코로나 때문에 걱정이 많겠어 너.",
            "speaker": {
              "id": "1번",
              "sex": "여성",
              "age": "20대"
            },
            "speechAct": "(단언) 주장하기",
            "morpheme": "코로나/NNG+때문/NNB+에/JKB+걱정/NNG+이/JKS+많/VA+겠/EP+어/EF+너/NP"
          },
          {
            "id": 4,
            "text": "2 : 맞아 부산에 확진자가 많이 나와 ㅠ",
            "norm_text": "맞아 부산에 확진자가 많이 나와 ㅠ",
            "speaker": {
              "id": "2번",
              "sex": "여성",
              "age": "20대"
            },
            "speechAct": "(단언) 진술하기",
            "morpheme": "맞/VV+아/EC+부산/NNP+에/JKB+확진/NNG+자/XSN+가/JKS+많이/MAG+나와/VV+EC+ㅠ/UNKNOWN"
          },
          {
            "id": 5,
            "text": "1 : 부산은 지금 몇 단계야?",
            "norm_text": "부산은 지금 몇 단계야?",
            "speaker": {
              "id": "1번",
              "sex": "여성",
              "age": "20대"
            },
            "speechAct": "(지시) 질문하기",
            "morpheme": "부산/NNP+은/JX+지금/MAG+몇/MM+단계/NNG+야/VCP+EF"
          },
          {
            "id": 6,
            "text": "2 : 음 부산은 지금 4단계야 ㅠ",
            "norm_text": "음 부산은 지금 4단계야 ㅠ",
            "speaker": {
              "id": "2번",
              "sex": "여성",
              "age": "20대"
            },
            "speechAct": "(단언) 진술하기",
            "morpheme": "음/IC+부산/NNP+은/JX+지금/MAG+4/SN+단계/NNG+야/VCP+EF+ㅠ/UNKNOWN"
          },
          {
            "id": 7,
            "text": "1 : 거기도 수도권 사 단계구나 ㅜㅜ",
            "norm_text": "거기도 수도권 사 단계구나 ㅜㅜ",
            "speaker": {
              "id": "1번",
              "sex": "여성",
              "age": "20대"
            },
            "speechAct": "(단언) 진술하기",
            "morpheme": "거기/NP+도/JX+수도/NNG+권/XSN+사/NR+단계/NNG+구나/VCP+EF+ㅜㅜ/UNKNOWN"
          },
          {
            "id": 8,
            "text": "2 : 맞아 ㅠ 여기도 4단계야 지방인데",
            "norm_text": "맞아 ㅠ 여기도 4단계야 지방인데",
            "speaker": {
              "id": "2번",
              "sex": "여성",
              "age": "20대"
            },
            "speechAct": "(단언) 진술하기",
            "morpheme": "맞/VV+아/EC+ㅠ/UNKNOWN+여기/NP+도/JX+4/SN+단계/NNG+야/VCP+EF+지방/NNG+인데/VCP+EC"
          },
          {
            "id": 9,
            "text": "1 : 맞아 논산도 4단계라고 뉴스에서 봤어 ㅜㅜ",
            "norm_text": "맞아 논산도 4단계라고 뉴스에서 봤어 ㅜㅜ",
            "speaker": {
              "id": "1번",
              "sex": "여성",
              "age": "20대"
            },
            "speechAct": "(단언) 진술하기",
            "morpheme": "맞/VV+아/EC+논/VX+ETM+산/NNG+도/JX+4/SN+단계/NNG+라고/VCP+EC+뉴스/NNG+에서/JKB+봤/VV+EP+어/EF+ㅜㅜ/UNKNOWN"
          },
          {
            "id": 10,
            "text": "2 : 맞아 요즘 조심해서 다녀야 해 ㅠ",
            "norm_text": "맞아 요즘 조심해서 다녀야 해 ㅠ",
            "speaker": {
              "id": "2번",
              "sex": "여성",
              "age": "20대"
            },
            "speechAct": "(단언) 주장하기",
            "morpheme": "맞/VV+아/EC+요즘/NNG+조심/NNG+해서/XSV+EC+다녀야/VV+EC+해ㅠ/UNKNOWN"
          },
          {
            "id": 11,
            "text": "1 : 어머님은 백신 다 맞으셨어?",
            "norm_text": "어머님은 백신 다 맞으셨어?",
            "speaker": {
              "id": "1번",
              "sex": "여성",
              "age": "20대"
            },
            "speechAct": "(지시) 질문하기",
            "morpheme": "어머님/NNG+은/JX+백신/NNG+다/MAG+맞/VV+으셨/EP+EP+어/EF"
          },
          {
            "id": 12,
            "text": "2 : 우리 엄마는 1차 맞고 조만간 2차 맞을 거래 ㅎ",
            "norm_text": "우리 엄마는 1차 맞고 조만간 2차 맞을 거래 ㅎ",
            "speaker": {
              "id": "2번",
              "sex": "여성",
              "age": "20대"
            },
            "speechAct": "(단언) 진술하기",
            "morpheme": "우리/NP+엄마/NNG+는/JX+1/SN+차/NNBC+맞/VV+고/EC+조만간/MAG+2/SN+차/NNBC+맞/VV+을/ETM+거래/NNG+ㅎ/XSA"
          },
          {
            "id": 13,
            "text": "1 : 그렇구나 너는 주사 맞았어?",
            "norm_text": "그렇구나 너는 주사 맞았어?",
            "speaker": {
              "id": "1번",
              "sex": "여성",
              "age": "20대"
            },
            "speechAct": "(지시) 질문하기",
            "morpheme": "그렇/VA+구나/EF+너/NP+는/JX+주사/NNG+맞/VV+았/EP+어/EF"
          },
          {
            "id": 14,
            "text": "2 : 나는 다음 주에 1차 접종 맞기로 했어",
            "norm_text": "나는 다음 주에 1차 접종 맞기로 했어",
            "speaker": {
              "id": "2번",
              "sex": "여성",
              "age": "20대"
            },
            "speechAct": "(단언) 진술하기",
            "morpheme": "나/NP+는/JX+다음/NNG+주/NNG+에/JKB+1/SN+차/NNBC+접종/NNG+맞/VV+기/ETN+로/JKB+했/VV+EP+어/EC"
          },
          {
            "id": 15,
            "text": "1 : 그렇구나 어머님은 주사 맞고 아픈 건 없으셨대?",
            "norm_text": "그렇구나 어머님은 주사 맞고 아픈 건 없으셨대?",
            "speaker": {
              "id": "1번",
              "sex": "여성",
              "age": "20대"
            },
            "speechAct": "(지시) 질문하기",
            "morpheme": "그렇/VA+구나/EF+어머님/NNG+은/JX+주사/NNG+맞/VV+고/EC+아픈/VA+ETM+건/NNB+JX+없/VA+으셨/EP+EP+대/EF"
          },
          {
            "id": 16,
            "text": "2 : 엄마는 이틀 정도 아팠대 걱정이지 ㅠ",
            "norm_text": "엄마는 이틀 정도 아팠대 걱정이지 ㅠ",
            "speaker": {
              "id": "2번",
              "sex": "여성",
              "age": "20대"
            },
            "speechAct": "(단언) 주장하기",
            "morpheme": "엄마/NNG+는/JX+이틀/NNG+정도/NNG+아팠/VA+EP+대/XPN+걱정/NNG+이/JKS+지ㅠ/UNKNOWN"
          }
        ]
      }
    }
  ]
}