{
  "dataset": {
    "identifier": 50578,
    "name": "BAND_32_14_set",
    "src_path": "/data/file/cubeManager/PROJECT001/53/txt20210927151849056183/BAND_32_14_set/",
    "label_path": "/data/file/cubeManager/PROJECT001/53/txt20210927151849056183/BAND_32_14_set/",
    "category": 2,
    "type": 0
  },
  "licenses": {
    "name": "Apache License 1.0",
    "url": "http://www.apache.org/licenses/LICENSE-1.0"
  },
  "info": [
    {
      "id": 34772,
      "filename": "BAND_32_14.txt",
      "title": "BAND_32_14",
      "mediatype": "SNS",
      "medianame": "네이버밴드",
      "category": "일상대화",
      "date": "2021-09-27",
      "size": 387,
      "annotations": {
        "subject": "사회이슈",
        "speaker_type": "1:1",
        "size": 387,
        "word_size": 127,
        "text": "1 : 이제 신용 대출 이자 2%대의 장벽이 무너졌대 ㅜ\n2 : 대출이자 너무 비싸서 받기도 힘들어\n1 : 맞아 지금 거의 3프로대라더라고 ㅜㅜ\n2 : 맞아 그것도 신용 1등급인 사람들 얘기야 ㅠ\n1 : 헐 너 신용 몇 등급이야?\n2 : 나 많이 낮아 ㅠ 5등급이야\n1 : 그거 차 사서 대출 껴서 그렇지?\n2 : 맞아 대출 많이 받았어서 ㅠ\n1 : 나는 보니까 2등급이던데 1등급은 뭐냐!\n2 : 우와 너도 높다 1등급은 소득도 많아야 해\n1 : 헐 그러면 평생 1등급은 못 하겠다!\n2 : 키키 열심히 살아야지 버킷리스트야 키키\n1 : 나도 1등급이어도 그러면 이자가 3 프로인 거야?\n2 : 최소 3 프로 이지 않을까?\n1 : 헐 사람들 보통 2억은 빌리지 않아?\n2 : 맞아 전세 값만 해도 2억은 넘을 텐데 ㅠ",
        "lines": [
          {
            "id": 1,
            "text": "1 : 이제 신용 대출 이자 2%대의 장벽이 무너졌대 ㅜ",
            "norm_text": "이제 신용 대출 이자 2%대의 장벽이 무너졌대 ㅜ",
            "speaker": {
              "id": "1번",
              "sex": "여성",
              "age": "20대"
            },
            "speechAct": "(단언) 진술하기",
            "morpheme": "이제/MAG+신용/NNG+대출/NNG+이/VCP+자/EC+2/SN+%/SY+대/XSN+의/JKG+장벽/NNG+이/JKS+무너졌/VV+EP+대ㅜ/UNKNOWN"
          },
          {
            "id": 2,
            "text": "2 : 대출이자 너무 비싸서 받기도 힘들어",
            "norm_text": "대출이자 너무 비싸서 받기도 힘들어",
            "speaker": {
              "id": "2번",
              "sex": "여성",
              "age": "20대"
            },
            "speechAct": "(단언) 진술하기",
            "morpheme": "대출/NNG+이/VCP+자/EC+너무/MAG+비싸/VA+서/EC+받/VV+기/ETN+도/JX+힘들/VA+어/EC"
          },
          {
            "id": 3,
            "text": "1 : 맞아 지금 거의 3프로대라더라고 ㅜㅜ",
            "norm_text": "맞아 지금 거의 3프로대라더라고 ㅜㅜ",
            "speaker": {
              "id": "1번",
              "sex": "여성",
              "age": "20대"
            },
            "speechAct": "(단언) 진술하기",
            "morpheme": "맞아/IC+지금/MAG+거의/MAG+3/SN+프로/NNBC+대라/NNP+더라고/VCP+EC+ㅜㅜ/UNKNOWN"
          },
          {
            "id": 4,
            "text": "2 : 맞아 그것도 신용 1등급인 사람들 얘기야 ㅠ",
            "norm_text": "맞아 그것도 신용 1등급인 사람들 얘기야 ㅠ",
            "speaker": {
              "id": "2번",
              "sex": "여성",
              "age": "20대"
            },
            "speechAct": "(단언) 진술하기",
            "morpheme": "맞/VV+아/EC+그것/NP+도/JX+신용/NNG+1/SN+등급/NNG+인/VCP+ETM+사람/NNG+들/XSN+얘기/NNG+야/VCP+EF+ㅠ/UNKNOWN"
          },
          {
            "id": 5,
            "text": "1 : 헐 너 신용 몇 등급이야?",
            "norm_text": "헐 너 신용 몇 등급이야?",
            "speaker": {
              "id": "1번",
              "sex": "여성",
              "age": "20대"
            },
            "speechAct": "(지시) 질문하기",
            "morpheme": "헐/IC+너/NP+신용/NNG+몇/MM+등급/NNG+이/VCP+야/EF"
          },
          {
            "id": 6,
            "text": "2 : 나 많이 낮아 ㅠ 5등급이야",
            "norm_text": "나 많이 낮아 ㅠ 5등급이야",
            "speaker": {
              "id": "2번",
              "sex": "여성",
              "age": "20대"
            },
            "speechAct": "(단언) 진술하기",
            "morpheme": "나많이낮아ㅠ/UNKNOWN+5/SN+등급/NNBC+이/VCP+야/EC"
          },
          {
            "id": 7,
            "text": "1 : 그거 차 사서 대출 껴서 그렇지?",
            "norm_text": "그거 차 사서 대출 껴서 그렇지?",
            "speaker": {
              "id": "1번",
              "sex": "여성",
              "age": "20대"
            },
            "speechAct": "(지시) 질문하기",
            "morpheme": "그거/NP+차사/NNG+서/JKB+대출/NNG+껴서/VV+EC+그렇/VA+지/EF"
          },
          {
            "id": 8,
            "text": "2 : 맞아 대출 많이 받았어서 ㅠ",
            "norm_text": "맞아 대출 많이 받았어서 ㅠ",
            "speaker": {
              "id": "2번",
              "sex": "여성",
              "age": "20대"
            },
            "speechAct": "(단언) 진술하기",
            "morpheme": "맞/VV+아/EC+대출/NNG+많이/MAG+받/VV+았/EP+어서/EC+ㅠ/UNKNOWN"
          },
          {
            "id": 9,
            "text": "1 : 나는 보니까 2등급이던데 1등급은 뭐냐!",
            "norm_text": "나는 보니까 2등급이던데 1등급은 뭐냐!",
            "speaker": {
              "id": "1번",
              "sex": "여성",
              "age": "20대"
            },
            "speechAct": "(단언) 진술하기",
            "morpheme": "나/NP+는/JX+보/VV+니까/EC+2/SN+등급/NNG+이/JKS+던데/VV+EC+1/SN+등급/NNG+은/JX+뭐/NP+냐/VCP+EF"
          },
          {
            "id": 10,
            "text": "2 : 우와 너도 높다 1등급은 소득도 많아야 해",
            "norm_text": "우와 너도 높다 1등급은 소득도 많아야 해",
            "speaker": {
              "id": "2번",
              "sex": "여성",
              "age": "20대"
            },
            "speechAct": "(단언) 진술하기",
            "morpheme": "우와/IC+너/NP+도/JX+높/VA+다/EC+1/SN+등급/NNG+은/JX+소득/NNG+도/JX+많/VA+아야/EC+해/VV+EC"
          },
          {
            "id": 11,
            "text": "1 : 헐 그러면 평생 1등급은 못 하겠다!",
            "norm_text": "헐 그러면 평생 1등급은 못 하겠다!",
            "speaker": {
              "id": "1번",
              "sex": "여성",
              "age": "20대"
            },
            "speechAct": "(단언) 진술하기",
            "morpheme": "헐/IC+그러면/MAJ+평생/NNG+1/SN+등급/NNG+은/JX+못/MAG+하/VV+겠/EP+다/EF"
          },
          {
            "id": 12,
            "text": "2 : 키키 열심히 살아야지 버킷리스트야 키키",
            "norm_text": "키키 열심히 살아야지 버킷리스트야 키키",
            "speaker": {
              "id": "2번",
              "sex": "여성",
              "age": "20대"
            },
            "speechAct": "(단언) 진술하기",
            "morpheme": "키/NNG+키/NNG+열심히/MAG+살/VV+아야지/EC+버킷/NNG+리스트/NNG+야/VCP+EF+키/NNG+키/XSV+ETN"
          },
          {
            "id": 13,
            "text": "1 : 나도 1등급이어도 그러면 이자가 3 프로인 거야?",
            "norm_text": "나도 1등급이어도 그러면 이자가 3 프로인 거야?",
            "speaker": {
              "id": "1번",
              "sex": "여성",
              "age": "20대"
            },
            "speechAct": "(지시) 질문하기",
            "morpheme": "나/NP+도/JX+1/SN+등급/NNBC+이/VCP+어도/EC+그러/VV+면/EC+이자/NNG+가/JKS+3/SN+프로/NNG+인/VCP+ETM+거/NNB+야/VCP+EF"
          },
          {
            "id": 14,
            "text": "2 : 최소 3 프로 이지 않을까?",
            "norm_text": "최소 3 프로 이지 않을까?",
            "speaker": {
              "id": "2번",
              "sex": "여성",
              "age": "20대"
            },
            "speechAct": "(지시) 질문하기",
            "morpheme": "최소/NNG+3/SN+프로/NNBC+이/VCP+지/EC+않/VX+을까/EF"
          },
          {
            "id": 15,
            "text": "1 : 헐 사람들 보통 2억은 빌리지 않아?",
            "norm_text": "헐 사람들 보통 2억은 빌리지 않아?",
            "speaker": {
              "id": "1번",
              "sex": "여성",
              "age": "20대"
            },
            "speechAct": "(지시) 질문하기",
            "morpheme": "헐/IC+사람/NNG+들/XSN+보통/NNG+2/SN+억/NR+은/JX+빌리/VV+지/EC+않/VX+아/EF"
          },
          {
            "id": 16,
            "text": "2 : 맞아 전세 값만 해도 2억은 넘을 텐데 ㅠ",
            "norm_text": "맞아 전세 값만 해도 2억은 넘을 텐데 ㅠ",
            "speaker": {
              "id": "2번",
              "sex": "여성",
              "age": "20대"
            },
            "speechAct": "(단언) 진술하기",
            "morpheme": "맞/VV+아/EC+전세/NNG+값/NNG+만/JX+해도/VV+EC+2/SN+억은넘을텐데ㅠ/UNKNOWN"
          }
        ]
      }
    }
  ]
}