{
  "dataset": {
    "identifier": 114506,
    "name": "BAND_42_04_set",
    "src_path": "/data/file/cubeManager/PROJECT001/80/txt20211102154324026838/BAND_42_04_set/",
    "label_path": "/data/file/cubeManager/PROJECT001/80/txt20211102154324026838/BAND_42_04_set/",
    "category": 2,
    "type": 0
  },
  "licenses": {
    "name": "Apache License 1.0",
    "url": "http://www.apache.org/licenses/LICENSE-1.0"
  },
  "info": [
    {
      "id": 130308,
      "filename": "BAND_42_04.txt",
      "title": "BAND_42_04",
      "mediatype": "SNS",
      "medianame": "네이버밴드",
      "category": "일상대화",
      "date": "2021-11-02",
      "size": 503,
      "annotations": {
        "subject": "회사/아르바이트",
        "speaker_type": "다자간 대화",
        "size": 503,
        "word_size": 172,
        "text": "1 : 아 오늘 진짜 힘들었어\n2 : 왜! ㅜㅜ 오늘 손님 많았어!?\n3 : 많이 바빴나 보네 ㅠㅠ\n3 : 아휴 힘들었겠다\n1 : 그 케이티 통신 마비 때문에 후 ㅜㅜ\n2 : 키키 아할 ㅡㅡ 그르네\n2 : 포스기가 케티 거였으~?\n3 : 맞아\n3 : 그거 땜에 욕 많이 하던데 키키\n1 : 아 장난 아니었어 키키\n1 : 수동형 인간이 되었지\n2 : 키키 막 현금 계산 계좌이체 받고 그랬겠다잉\n3 : 와우 벌써 힘드네...\n3 : 키키 갑자기 왜 그랬지\n1 : 웅 키키 진짜 일일이 확인하고 ㅡㅡ\n2 : 키키 슬퍼 ㅜㅜ\n2 : 근디 현금영수증도 못했겠네잉\n3 : 그거 한 번 때문에 완전 마비네 증말\n1 : 맞아\n1 : 포인트 적립도 안 되고 온니 현금만 왔다 갔다\n2 : 아이고:; 손님들도 짜증 나고 알바도 짜증 나는~,\n3 : 도와주세요 외치기엔 너무나 바쁜... 알바\n1 : 혼자 왔다 갔다 멘붕 와서 난리였어\n2 : 키키 ㅜㅜ 고생 많았네~\n2 : 담부턴 절대 이런 일 없기를,\n3 : 그니까\n3 : 다음에는 덜 팔리고 많이 쉬자규...",
        "lines": [
          {
            "id": 1,
            "text": "1 : 아 오늘 진짜 힘들었어",
            "norm_text": "아 오늘 진짜 힘들었어",
            "speaker": {
              "id": "1번",
              "sex": "여성",
              "age": "20대"
            },
            "speechAct": "(단언) 진술하기",
            "morpheme": "아/IC+오늘/MAG+진짜/MAG+힘들/VA+었/EP+어/EC"
          },
          {
            "id": 2,
            "text": "2 : 왜! ㅜㅜ 오늘 손님 많았어!?",
            "norm_text": "왜! ㅜㅜ 오늘 손님 많았어!?",
            "speaker": {
              "id": "2번",
              "sex": "여성",
              "age": "20대"
            },
            "speechAct": "(지시) 질문하기",
            "morpheme": "왜/MAG+ㅜㅜ오늘손님많았어/UNKNOWN+!/SY"
          },
          {
            "id": 3,
            "text": "3 : 많이 바빴나 보네 ㅠㅠ",
            "norm_text": "많이 바빴나 보네 ㅠㅠ",
            "speaker": {
              "id": "3번",
              "sex": "남성",
              "age": "20대"
            },
            "speechAct": "(단언) 진술하기",
            "morpheme": "많이/MAG+바빴/VA+EP+나/EC+보/VX+네/EF+ㅠㅠ/UNKNOWN"
          },
          {
            "id": 4,
            "text": "3 : 아휴 힘들었겠다",
            "norm_text": "아휴 힘들었겠다",
            "speaker": {
              "id": "3번",
              "sex": "남성",
              "age": "20대"
            },
            "speechAct": "(단언) 진술하기",
            "morpheme": "아휴/IC+힘들/VA+었/EP+겠/EP+다/EC"
          },
          {
            "id": 5,
            "text": "1 : 그 케이티 통신 마비 때문에 후 ㅜㅜ",
            "norm_text": "그 케이티 통신 마비 때문에 후 ㅜㅜ",
            "speaker": {
              "id": "1번",
              "sex": "여성",
              "age": "20대"
            },
            "speechAct": "(단언) 진술하기",
            "morpheme": "그/MM+케이티/NNP+통신/NNG+마비/NNG+때문/NNB+에/JKB+후/NNG+ㅜㅜ/UNKNOWN"
          },
          {
            "id": 6,
            "text": "2 : 키키 아할 ㅡㅡ 그르네",
            "norm_text": "키키 아할 ㅡㅡ 그르네",
            "speaker": {
              "id": "2번",
              "sex": "여성",
              "age": "20대"
            },
            "speechAct": "(단언) 진술하기",
            "morpheme": "키/NNG+키/VV+아/EC+할/VX+ETM+ㅡㅡ/UNKNOWN+그/MM+르네/NNP"
          },
          {
            "id": 7,
            "text": "2 : 포스기가 케티 거였으~?",
            "norm_text": "포스기가 케티 거였으~?",
            "speaker": {
              "id": "2번",
              "sex": "여성",
              "age": "20대"
            },
            "speechAct": "(지시) 질문하기",
            "morpheme": "포스기가케티거였으/UNKNOWN+~/SY"
          },
          {
            "id": 8,
            "text": "3 : 맞아",
            "norm_text": "맞아",
            "speaker": {
              "id": "3번",
              "sex": "남성",
              "age": "20대"
            },
            "speechAct": "(단언) 주장하기",
            "morpheme": "맞/VV+아/EC"
          },
          {
            "id": 9,
            "text": "3 : 그거 땜에 욕 많이 하던데 키키",
            "norm_text": "그거 땜에 욕 많이 하던데 키키",
            "speaker": {
              "id": "3번",
              "sex": "남성",
              "age": "20대"
            },
            "speechAct": "(단언) 진술하기",
            "morpheme": "그거/NP+땜/NNB+에/JKB+욕/NNG+많이/MAG+하/VV+던데/EC+키/NNG+키/XSV+ETN"
          },
          {
            "id": 10,
            "text": "1 : 아 장난 아니었어 키키",
            "norm_text": "아 장난 아니었어 키키",
            "speaker": {
              "id": "1번",
              "sex": "여성",
              "age": "20대"
            },
            "speechAct": "(단언) 진술하기",
            "morpheme": "아장/MAG+난/NP+JX+아니/VCN+었/EP+어/EC+키/NNG+키/XSV+ETN"
          },
          {
            "id": 11,
            "text": "1 : 수동형 인간이 되었지",
            "norm_text": "수동형 인간이 되었지",
            "speaker": {
              "id": "1번",
              "sex": "여성",
              "age": "20대"
            },
            "speechAct": "(단언) 진술하기",
            "morpheme": "수동형/NNG+인간/NNG+이/JKS+되/VV+었/EP+지/EC"
          },
          {
            "id": 12,
            "text": "2 : 키키 막 현금 계산 계좌이체 받고 그랬겠다잉",
            "norm_text": "키키 막 현금 계산 계좌이체 받고 그랬겠다잉",
            "speaker": {
              "id": "2번",
              "sex": "여성",
              "age": "20대"
            },
            "speechAct": "(단언) 진술하기",
            "morpheme": "키키/NNP+막현/NNP+금계산/NNP+계좌/NNG+이/JKC+체받/VV+고/EC+그랬/VV+EP+겠/EP+다잉/EF"
          },
          {
            "id": 13,
            "text": "3 : 와우 벌써 힘드네...",
            "norm_text": "와우 벌써 힘드네...",
            "speaker": {
              "id": "3번",
              "sex": "남성",
              "age": "20대"
            },
            "speechAct": "(단언) 진술하기",
            "morpheme": "와우/IC+벌써/MAG+힘드/VA+네/EF+./SY"
          },
          {
            "id": 14,
            "text": "3 : 키키 갑자기 왜 그랬지",
            "norm_text": "키키 갑자기 왜 그랬지",
            "speaker": {
              "id": "3번",
              "sex": "남성",
              "age": "20대"
            },
            "speechAct": "(단언) 진술하기",
            "morpheme": "키/NNG+키/NNG+갑자기/MAG+왜/MAG+그랬/VV+EP+지/EC"
          },
          {
            "id": 15,
            "text": "1 : 웅 키키 진짜 일일이 확인하고 ㅡㅡ",
            "norm_text": "웅 키키 진짜 일일이 확인하고 ㅡㅡ",
            "speaker": {
              "id": "1번",
              "sex": "여성",
              "age": "20대"
            },
            "speechAct": "(단언) 진술하기",
            "morpheme": "웅/IC+키/NNG+키/XSV+ETN+진짜/MAG+일일이/MAG+확인/NNG+하/XSV+고/EC+ㅡㅡ/UNKNOWN"
          },
          {
            "id": 16,
            "text": "2 : 키키 슬퍼 ㅜㅜ",
            "norm_text": "키키 슬퍼 ㅜㅜ",
            "speaker": {
              "id": "2번",
              "sex": "여성",
              "age": "20대"
            },
            "speechAct": "(단언) 주장하기",
            "morpheme": "키키슬퍼ㅜㅜ/UNKNOWN"
          },
          {
            "id": 17,
            "text": "2 : 근디 현금영수증도 못했겠네잉",
            "norm_text": "근디 현금영수증도 못했겠네잉",
            "speaker": {
              "id": "2번",
              "sex": "여성",
              "age": "20대"
            },
            "speechAct": "(단언) 진술하기",
            "morpheme": "근디/MAJ+현금영수증/NNP+도/JX+못/MAG+했/VV+EP+겠/EP+네잉/EC"
          },
          {
            "id": 18,
            "text": "3 : 그거 한 번 때문에 완전 마비네 증말",
            "norm_text": "그거 한 번 때문에 완전 마비네 증말",
            "speaker": {
              "id": "3번",
              "sex": "남성",
              "age": "20대"
            },
            "speechAct": "(단언) 진술하기",
            "morpheme": "그거/NP+한/MM+번/NNBC+때문/NNB+에/JKB+완전/NNG+마비/NNG+네/XSN+증말/MAG"
          },
          {
            "id": 19,
            "text": "1 : 맞아",
            "norm_text": "맞아",
            "speaker": {
              "id": "1번",
              "sex": "여성",
              "age": "20대"
            },
            "speechAct": "(단언) 주장하기",
            "morpheme": "맞/VV+아/EC"
          },
          {
            "id": 20,
            "text": "1 : 포인트 적립도 안 되고 온니 현금만 왔다 갔다",
            "norm_text": "포인트 적립도 안 되고 온니 현금만 왔다 갔다",
            "speaker": {
              "id": "1번",
              "sex": "여성",
              "age": "20대"
            },
            "speechAct": "(단언) 진술하기",
            "morpheme": "포인트/NNG+적립/NNG+도/JX+안/MAG+되/VV+고/EC+온/VX+ETM+니/MM+현금/NNG+만/JX+왔/VV+EP+다/EC+갔/VV+EP+다/EC"
          },
          {
            "id": 21,
            "text": "2 : 아이고:; 손님들도 짜증 나고 알바도 짜증 나는~,",
            "norm_text": "아이고:; 손님들도 짜증 나고 알바도 짜증 나는~,",
            "speaker": {
              "id": "2번",
              "sex": "여성",
              "age": "20대"
            },
            "speechAct": "(단언) 진술하기",
            "morpheme": "아이고/IC+:/SC+;/SY+손님들도짜증나고알바도짜증나는/UNKNOWN+~/SY+,/SC"
          },
          {
            "id": 22,
            "text": "3 : 도와주세요 외치기엔 너무나 바쁜... 알바",
            "norm_text": "도와주세요 외치기엔 너무나 바쁜... 알바",
            "speaker": {
              "id": "3번",
              "sex": "남성",
              "age": "20대"
            },
            "speechAct": "(단언) 진술하기",
            "morpheme": "도와/VV+EC+주/VX+세요/EP+EF+외치/VV+기/ETN+엔/JKB+JX+너무나/MAG+바쁜/VA+ETM+./SY+./SY+알/VV+ETM+바/NNB"
          },
          {
            "id": 23,
            "text": "1 : 혼자 왔다 갔다 멘붕 와서 난리였어",
            "norm_text": "혼자 왔다 갔다 멘붕 와서 난리였어",
            "speaker": {
              "id": "1번",
              "sex": "여성",
              "age": "20대"
            },
            "speechAct": "(단언) 진술하기",
            "morpheme": "혼자/MAG+왔/VV+EP+다/EC+갔/VV+EP+다/EF+멘붕/NNP+와서/VV+EC+난리/NNG+였/VCP+EP+어/EC"
          },
          {
            "id": 24,
            "text": "2 : 키키 ㅜㅜ 고생 많았네~",
            "norm_text": "키키 ㅜㅜ 고생 많았네~",
            "speaker": {
              "id": "2번",
              "sex": "여성",
              "age": "20대"
            },
            "speechAct": "(단언) 진술하기",
            "morpheme": "키키ㅜㅜ고생많았네/UNKNOWN+~/SY"
          },
          {
            "id": 25,
            "text": "2 : 담부턴 절대 이런 일 없기를,",
            "norm_text": "담부턴 절대 이런 일 없기를,",
            "speaker": {
              "id": "2번",
              "sex": "여성",
              "age": "20대"
            },
            "speechAct": "(단언) 진술하기",
            "morpheme": "담/NNG+부턴/JX+JX+절대/MAG+이런/MM+일/NNG+없/VA+기/ETN+를/JKO+,/SC"
          },
          {
            "id": 26,
            "text": "3 : 그니까",
            "norm_text": "그니까",
            "speaker": {
              "id": "3번",
              "sex": "남성",
              "age": "20대"
            },
            "speechAct": "(단언) 주장하기",
            "morpheme": "그니까/MAJ"
          },
          {
            "id": 27,
            "text": "3 : 다음에는 덜 팔리고 많이 쉬자규...",
            "norm_text": "다음에는 덜 팔리고 많이 쉬자규...",
            "speaker": {
              "id": "3번",
              "sex": "남성",
              "age": "20대"
            },
            "speechAct": "(지시) 충고/제안하기",
            "morpheme": "다음/NNG+에/JKB+는/JX+덜/MAG+팔리/VV+고/EC+많이/MAG+쉬/MAG+자규/NNG+./SY+./SY"
          }
        ]
      }
    }
  ]
}