{
  "dataset": {
    "identifier": 129748,
    "name": "NATEON_42_17_set",
    "src_path": "/data/file/cubeManager/PROJECT001/84/txt20211104173553019514/NATEON_42_17_set/",
    "label_path": "/data/file/cubeManager/PROJECT001/84/txt20211104173553019514/NATEON_42_17_set/",
    "category": 2,
    "type": 0
  },
  "licenses": {
    "name": "Apache License 1.0",
    "url": "http://www.apache.org/licenses/LICENSE-1.0"
  },
  "info": [
    {
      "id": 137244,
      "filename": "NATEON_42_17.txt",
      "title": "NATEON_42_17",
      "mediatype": "메신저",
      "medianame": "네이트온",
      "category": "일상대화",
      "date": "2021-11-04",
      "size": 457,
      "annotations": {
        "subject": "건강",
        "speaker_type": "다자간 대화",
        "size": 457,
        "word_size": 169,
        "text": "1 : 나 단 거 너무 많이 먹었더니 당뇨 직전이래\n2 : 헐 단 거 많이 먹으면 당뇨 와?\n3 : 헐 어디서 들은 거야\n3 : 그건?\n1 : 꼭 그런 건 아닌데\n1 : 내 생각엔 그래 ㅠ\n1 : 병원에서\n2 : 검진 받을 때 당뇨 초기 증상 이런 거 뜰걸 ㅠㅠ\n3 : 이번에 검진 받으면서 들었어?\n1 : 어 그래서 나 지금 너무 충격이야 ㅠ\n2 : 맞아\n2 : 나이도 어린데 걸리면 서러워\n3 : 그래도 잘 관리하면 돌아올 거야\n1 : 응 그래서 이제 식습관 조절해야지\n2 : 너 이제 배민 금지\n2 : 건강 생각해서 금지야\n3 : 맞아\n3 : 뭐든 음식부터 조심해야 돼\n1 : 응 안 그래도 배달 앱 지웠어 ㅠ\n2 : 이제 뭐 배달 시킨다 그런 말하지 말고 밥 해 먹어 ㅠㅠ\n3 : 배달 음식이 몸에 제일 안 좋은 거야\n1 : 이제 채식 위주로 밥상을 바꿔야지\n2 : 귀찮으면 햇반에 반찬 사서 먹어 ㅠㅠ\n3 : 그래\n3 :몸에 좋은 거만 찾아서 먹어 ㅠ",
        "lines": [
          {
            "id": 1,
            "text": "1 : 나 단 거 너무 많이 먹었더니 당뇨 직전이래",
            "norm_text": "나 단 거 너무 많이 먹었더니 당뇨 직전이래",
            "speaker": {
              "id": "1번",
              "sex": "여성",
              "age": "20대"
            },
            "speechAct": "(단언) 진술하기",
            "morpheme": "나단/NNP+거/NNB+너무/MAG+많이/MAG+먹/VV+었/EP+더니/EC+당뇨/NNG+직전/NNG+이래/NNB"
          },
          {
            "id": 2,
            "text": "2 : 헐 단 거 많이 먹으면 당뇨 와?",
            "norm_text": "헐 단 거 많이 먹으면 당뇨 와?",
            "speaker": {
              "id": "2번",
              "sex": "여성",
              "age": "20대"
            },
            "speechAct": "(지시) 질문하기",
            "morpheme": "헐/VV+단/ETM+거/NNB+많이/MAG+먹/VV+으면/EC+당뇨/NNG+와/JC"
          },
          {
            "id": 3,
            "text": "3 : 헐 어디서 들은 거야",
            "norm_text": "헐 어디서 들은 거야",
            "speaker": {
              "id": "3번",
              "sex": "남성",
              "age": "20대"
            },
            "speechAct": "(지시) 질문하기",
            "morpheme": "헐/IC+어디/NP+서/JKB+들/VV+은/ETM+거/NNB+야/VCP+EF"
          },
          {
            "id": 4,
            "text": "3 : 그건?",
            "norm_text": "그건?",
            "speaker": {
              "id": "3번",
              "sex": "남성",
              "age": "20대"
            },
            "speechAct": "(지시) 질문하기",
            "morpheme": "그건/NP+JX"
          },
          {
            "id": 5,
            "text": "1 : 꼭 그런 건 아닌데",
            "norm_text": "꼭 그런 건 아닌데",
            "speaker": {
              "id": "1번",
              "sex": "여성",
              "age": "20대"
            },
            "speechAct": "(단언) 진술하기",
            "morpheme": "꼭/MAG+그런/MM+건/NNB+JX+아닌데/VCN+EC"
          },
          {
            "id": 6,
            "text": "1 : 내 생각엔 그래 ㅠ",
            "norm_text": "내 생각엔 그래 ㅠ",
            "speaker": {
              "id": "1번",
              "sex": "여성",
              "age": "20대"
            },
            "speechAct": "(단언) 주장하기",
            "morpheme": "내/NP+JKG+생각/NNG+엔/JKB+JX+그래/VA+EC+ㅠ/UNKNOWN"
          },
          {
            "id": 7,
            "text": "1 : 병원에서",
            "norm_text": "병원에서",
            "speaker": {
              "id": "1번",
              "sex": "여성",
              "age": "20대"
            },
            "speechAct": "(단언) 주장하기",
            "morpheme": "병원/NNG+에서/JKB"
          },
          {
            "id": 8,
            "text": "2 : 검진 받을 때 당뇨 초기 증상 이런 거 뜰걸 ㅠㅠ",
            "norm_text": "검진 받을 때 당뇨 초기 증상 이런 거 뜰걸 ㅠㅠ",
            "speaker": {
              "id": "2번",
              "sex": "여성",
              "age": "20대"
            },
            "speechAct": "(단언) 주장하기",
            "morpheme": "검진/NNG+받/VV+을/ETM+때/NNG+당뇨/NNG+초기/NNG+증상/NNG+이런/MM+거/NNB+뜰/VV+ETM+걸/NNB+JKO+ㅠㅠ/UNKNOWN"
          },
          {
            "id": 9,
            "text": "3 : 이번에 검진 받으면서 들었어?",
            "norm_text": "이번에 검진 받으면서 들었어?",
            "speaker": {
              "id": "3번",
              "sex": "남성",
              "age": "20대"
            },
            "speechAct": "(지시) 질문하기",
            "morpheme": "이번/NNG+에/JKB+검진/NNG+받/VV+으면서/EC+들/VX+었/EP+어/EF"
          },
          {
            "id": 10,
            "text": "1 : 어 그래서 나 지금 너무 충격이야 ㅠ",
            "norm_text": "어 그래서 나 지금 너무 충격이야 ㅠ",
            "speaker": {
              "id": "1번",
              "sex": "여성",
              "age": "20대"
            },
            "speechAct": "(단언) 진술하기",
            "morpheme": "어/IC+그래서/MAJ+나/NP+지금/MAG+너무/MAG+충격/NNG+이/VCP+야/EF+ㅠ/UNKNOWN"
          },
          {
            "id": 11,
            "text": "2 : 맞아",
            "norm_text": "맞아",
            "speaker": {
              "id": "2번",
              "sex": "여성",
              "age": "20대"
            },
            "speechAct": "(단언) 주장하기",
            "morpheme": "맞/VV+아/EC"
          },
          {
            "id": 12,
            "text": "2 : 나이도 어린데 걸리면 서러워",
            "norm_text": "나이도 어린데 걸리면 서러워",
            "speaker": {
              "id": "2번",
              "sex": "여성",
              "age": "20대"
            },
            "speechAct": "(단언) 주장하기",
            "morpheme": "나이/NNG+도/JX+어린/VA+ETM+데/NNB+걸리/VV+면/EC+서러워/VA+EC"
          },
          {
            "id": 13,
            "text": "3 : 그래도 잘 관리하면 돌아올 거야",
            "norm_text": "그래도 잘 관리하면 돌아올 거야",
            "speaker": {
              "id": "3번",
              "sex": "남성",
              "age": "20대"
            },
            "speechAct": "(단언) 주장하기",
            "morpheme": "그래도/MAJ+잘/MAG+관리/NNG+하/XSV+면/EC+돌아올/VV+ETM+거/NNB+야/VCP+EF"
          },
          {
            "id": 14,
            "text": "1 : 응 그래서 이제 식습관 조절해야지",
            "norm_text": "응 그래서 이제 식습관 조절해야지",
            "speaker": {
              "id": "1번",
              "sex": "여성",
              "age": "20대"
            },
            "speechAct": "(단언) 진술하기",
            "morpheme": "응/IC+그래서/MAJ+이제/MAG+식습관/NNG+조절/NNG+해야지/XSV+EC"
          },
          {
            "id": 15,
            "text": "2 : 너 이제 배민 금지",
            "norm_text": "너 이제 배민 금지",
            "speaker": {
              "id": "2번",
              "sex": "여성",
              "age": "20대"
            },
            "speechAct": "(지시) 충고/제안하기",
            "morpheme": "너/NP+이제/MAG+배민/NNG+금지/NNG"
          },
          {
            "id": 16,
            "text": "2 : 건강 생각해서 금지야",
            "norm_text": "건강 생각해서 금지야",
            "speaker": {
              "id": "2번",
              "sex": "여성",
              "age": "20대"
            },
            "speechAct": "(단언) 주장하기",
            "morpheme": "건강/NNG+생각/NNG+해서/XSV+EC+금지/NNG+야/VCP+EF"
          },
          {
            "id": 17,
            "text": "3 : 맞아",
            "norm_text": "맞아",
            "speaker": {
              "id": "3번",
              "sex": "남성",
              "age": "20대"
            },
            "speechAct": "(단언) 주장하기",
            "morpheme": "맞/VV+아/EC"
          },
          {
            "id": 18,
            "text": "3 : 뭐든 음식부터 조심해야 돼",
            "norm_text": "뭐든 음식부터 조심해야 돼",
            "speaker": {
              "id": "3번",
              "sex": "남성",
              "age": "20대"
            },
            "speechAct": "(지시) 충고/제안하기",
            "morpheme": "뭐/NP+든/VCP+EC+음식/NNG+부터/JX+조심/NNG+해야/XSV+EC+돼/VV+EC"
          },
          {
            "id": 19,
            "text": "1 : 응 안 그래도 배달 앱 지웠어 ㅠ",
            "norm_text": "응 안 그래도 배달 앱 지웠어 ㅠ",
            "speaker": {
              "id": "1번",
              "sex": "여성",
              "age": "20대"
            },
            "speechAct": "(단언) 진술하기",
            "morpheme": "응/IC+안/MAG+그래도/VV+EC+배달/NNG+앱/NNG+지웠/VV+EP+어ㅠ/UNKNOWN"
          },
          {
            "id": 20,
            "text": "2 : 이제 뭐 배달 시킨다 그런 말하지 말고 밥 해 먹어 ㅠㅠ",
            "norm_text": "이제 뭐 배달 시킨다 그런 말하지 말고 밥 해 먹어 ㅠㅠ",
            "speaker": {
              "id": "2번",
              "sex": "여성",
              "age": "20대"
            },
            "speechAct": "(지시) 충고/제안하기",
            "morpheme": "이제/MAG+뭐/IC+배달/NNG+시킨다/XSV+EF+그런/MM+말/NNG+하/XSV+지/EC+말/VX+고/EC+밥/NNG+해/XSV+EC+먹/VV+어/EC+ㅠㅠ/UNKNOWN"
          },
          {
            "id": 21,
            "text": "3 : 배달 음식이 몸에 제일 안 좋은 거야",
            "norm_text": "배달 음식이 몸에 제일 안 좋은 거야",
            "speaker": {
              "id": "3번",
              "sex": "남성",
              "age": "20대"
            },
            "speechAct": "(단언) 주장하기",
            "morpheme": "배달/NNG+음식/NNG+이/JKS+몸/NNG+에/JKB+제일/MAG+안/MAG+좋/VA+은/ETM+거/NNB+야/VCP+EF"
          },
          {
            "id": 22,
            "text": "1 : 이제 채식 위주로 밥상을 바꿔야지",
            "norm_text": "이제 채식 위주로 밥상을 바꿔야지",
            "speaker": {
              "id": "1번",
              "sex": "여성",
              "age": "20대"
            },
            "speechAct": "(언약) 약속하기(제3자와)/(개인적 수준)",
            "morpheme": "이제/MAG+채식/NNG+위주/NNG+로/JKB+밥상/NNG+을/JKO+바꿔야지/VV+EC"
          },
          {
            "id": 23,
            "text": "2 : 귀찮으면 햇반에 반찬 사서 먹어 ㅠㅠ",
            "norm_text": "귀찮으면 햇반에 반찬 사서 먹어 ㅠㅠ",
            "speaker": {
              "id": "2번",
              "sex": "여성",
              "age": "20대"
            },
            "speechAct": "(지시) 충고/제안하기",
            "morpheme": "귀찮/VA+으면/EC+햇/VV+EP+반/NNG+에/JKB+반찬/NNG+사/VV+서/EC+먹/VV+어/EC+ㅠㅠ/UNKNOWN"
          },
          {
            "id": 24,
            "text": "3 : 그래",
            "norm_text": "그래",
            "speaker": {
              "id": "3번",
              "sex": "남성",
              "age": "20대"
            },
            "speechAct": "(단언) 주장하기",
            "morpheme": "그래/VA+EC"
          },
          {
            "id": 25,
            "text": "3 :몸에 좋은 거만 찾아서 먹어 ㅠ",
            "norm_text": "몸에 좋은 거만 찾아서 먹어 ㅠ",
            "speaker": {
              "id": "3번",
              "sex": "남성",
              "age": "20대"
            },
            "speechAct": "(단언) 주장하기",
            "morpheme": "몸/NNG+에/JKB+좋/VA+은/ETM+거/NNB+만/JX+찾/VV+아서/EC+먹/VV+어/EC+ㅠ/UNKNOWN"
          }
        ]
      }
    }
  ]
}