{
  "dataset": {
    "identifier": 123500,
    "name": "NATEON_44_09_set",
    "src_path": "/data/file/cubeManager/PROJECT001/84/txt20211105113423073142/NATEON_44_09_set/",
    "label_path": "/data/file/cubeManager/PROJECT001/84/txt20211105113423073142/NATEON_44_09_set/",
    "category": 2,
    "type": 0
  },
  "licenses": {
    "name": "Apache License 1.0",
    "url": "http://www.apache.org/licenses/LICENSE-1.0"
  },
  "info": [
    {
      "id": 138884,
      "filename": "NATEON_44_09.txt",
      "title": "NATEON_44_09",
      "mediatype": "메신저",
      "medianame": "네이트온",
      "category": "일상대화",
      "date": "2021-11-05",
      "size": 404,
      "annotations": {
        "subject": "반려동물",
        "speaker_type": "다자간 대화",
        "size": 404,
        "word_size": 152,
        "text": "1 : 오늘 나 산책 못 나가 ㅠ\n2 : 왜 오늘 왜 못나와 ㅠㅠ\n3 : 오늘 산책 왜 못해 키키\n1 : 오늘 우리 강아지 좀 아파 ㅠ\n2 : 헐 강아지 어디가 아파?\n3 : 아 그럼 쉬어야지\n3 : 병원 갔어?\n1 : 아침부터 밥을 잘 못 먹어 ㅠ\n2 : 왜 그러냐 ㅠㅠ\n2 : 지금 애기 나이 어떻게 되더라?\n3 : 병원 빨리 가봐야 하는 거 아니야?\n1 : 올해 5살이야 우리 강아지\n2 : 아직 젊은데 ㅠㅠ 빨리 병원 가봐!\n3 : 24시 병원 많아 찾아서 가 봐\n1 : 내일 아침에 병원 데리고 가려고 ㅠ\n2 : 아니야 지금 가봐 ㅠㅠ 늦기 전에 가야지\n3 : 맞아\n3 : 잘못 될 수도 있어 지금 나가\n1 : 너무 안 좋으면 입원 시켜야지\n2 : 응 입원 시켜서 제대로 치료 하는 게 좋아\n3 : 맞아\n3 : 강아지도 거기서 치료 받는 게 좋을 거야",
        "lines": [
          {
            "id": 1,
            "text": "1 : 오늘 나 산책 못 나가 ㅠ",
            "norm_text": "오늘 나 산책 못 나가 ㅠ",
            "speaker": {
              "id": "1번",
              "sex": "여성",
              "age": "20대"
            },
            "speechAct": "(단언) 주장하기",
            "morpheme": "오늘나/NNP+산책/NNG+못/MAG+나가/VV+EC+ㅠ/UNKNOWN"
          },
          {
            "id": 2,
            "text": "2 : 왜 오늘 왜 못나와 ㅠㅠ",
            "norm_text": "왜 오늘 왜 못나와 ㅠㅠ",
            "speaker": {
              "id": "2번",
              "sex": "여성",
              "age": "20대"
            },
            "speechAct": "(지시) 질문하기",
            "morpheme": "왜/MAG+오늘/MAG+왜/MAG+못/MAG+나와/VV+EC+ㅠㅠ/UNKNOWN"
          },
          {
            "id": 3,
            "text": "3 : 오늘 산책 왜 못해 키키",
            "norm_text": "오늘 산책 왜 못해 키키",
            "speaker": {
              "id": "3번",
              "sex": "남성",
              "age": "20대"
            },
            "speechAct": "(지시) 질문하기",
            "morpheme": "오늘/MAG+산책/NNG+왜/MAG+못/MAG+해/VV+EC+키/NNG+키/XSV+ETN"
          },
          {
            "id": 4,
            "text": "1 : 오늘 우리 강아지 좀 아파 ㅠ",
            "norm_text": "오늘 우리 강아지 좀 아파 ㅠ",
            "speaker": {
              "id": "1번",
              "sex": "여성",
              "age": "20대"
            },
            "speechAct": "(단언) 주장하기",
            "morpheme": "오늘/MAG+우리/NP+강아지/NNG+좀/MAG+아파/VA+EC+ㅠ/UNKNOWN"
          },
          {
            "id": 5,
            "text": "2 : 헐 강아지 어디가 아파?",
            "norm_text": "헐 강아지 어디가 아파?",
            "speaker": {
              "id": "2번",
              "sex": "여성",
              "age": "20대"
            },
            "speechAct": "(지시) 질문하기",
            "morpheme": "헐/IC+강아지/NNG+어디/NP+가/JKS+아파/VA+EF"
          },
          {
            "id": 6,
            "text": "3 : 아 그럼 쉬어야지",
            "norm_text": "아 그럼 쉬어야지",
            "speaker": {
              "id": "3번",
              "sex": "남성",
              "age": "20대"
            },
            "speechAct": "(단언) 주장하기",
            "morpheme": "아/IC+그럼/MAJ+쉬/VV+어야지/EC"
          },
          {
            "id": 7,
            "text": "3 : 병원 갔어?",
            "norm_text": "병원 갔어?",
            "speaker": {
              "id": "3번",
              "sex": "남성",
              "age": "20대"
            },
            "speechAct": "(지시) 질문하기",
            "morpheme": "병원/NNG+갔/VV+EP+어/EF"
          },
          {
            "id": 8,
            "text": "1 : 아침부터 밥을 잘 못 먹어 ㅠ",
            "norm_text": "아침부터 밥을 잘 못 먹어 ㅠ",
            "speaker": {
              "id": "1번",
              "sex": "여성",
              "age": "20대"
            },
            "speechAct": "(단언) 주장하기",
            "morpheme": "아침/NNG+부터/JX+밥/NNG+을/JKO+잘못/MAG+먹/VV+어/EC+ㅠ/UNKNOWN"
          },
          {
            "id": 9,
            "text": "2 : 왜 그러냐 ㅠㅠ",
            "norm_text": "왜 그러냐 ㅠㅠ",
            "speaker": {
              "id": "2번",
              "sex": "여성",
              "age": "20대"
            },
            "speechAct": "(단언) 주장하기",
            "morpheme": "왜그러냐ㅠㅠ/UNKNOWN"
          },
          {
            "id": 10,
            "text": "2 : 지금 애기 나이 어떻게 되더라?",
            "norm_text": "지금 애기 나이 어떻게 되더라?",
            "speaker": {
              "id": "2번",
              "sex": "여성",
              "age": "20대"
            },
            "speechAct": "(지시) 질문하기",
            "morpheme": "지금/MAG+애기/NNG+나이/NNG+어떻게/MAG+되/VV+더라/EF"
          },
          {
            "id": 11,
            "text": "3 : 병원 빨리 가봐야 하는 거 아니야?",
            "norm_text": "병원 빨리 가봐야 하는 거 아니야?",
            "speaker": {
              "id": "3번",
              "sex": "남성",
              "age": "20대"
            },
            "speechAct": "(단언) 주장하기",
            "morpheme": "병원/NNG+빨리/MAG+가/VV+EC+봐야/VX+EC+하/VV+는/ETM+거/NNB+아니/VCN+야/EF"
          },
          {
            "id": 12,
            "text": "1 : 올해 5살이야 우리 강아지",
            "norm_text": "올해 5살이야 우리 강아지",
            "speaker": {
              "id": "1번",
              "sex": "여성",
              "age": "20대"
            },
            "speechAct": "(단언) 진술하기",
            "morpheme": "올해/NNG+5/SN+살/NNBC+이/VCP+야/EF+우리/NP+강아지/NNG"
          },
          {
            "id": 13,
            "text": "2 : 아직 젊은데 ㅠㅠ 빨리 병원 가봐!",
            "norm_text": "아직 젊은데 ㅠㅠ 빨리 병원 가봐!",
            "speaker": {
              "id": "2번",
              "sex": "여성",
              "age": "20대"
            },
            "speechAct": "(지시) 충고/제안하기",
            "morpheme": "아직/MAG+젊/VA+은데/EC+ㅠㅠ/UNKNOWN+빨리/MAG+병원/NNG+가/VV+EC+봐/VX+EF"
          },
          {
            "id": 14,
            "text": "3 : 24시 병원 많아 찾아서 가 봐",
            "norm_text": "24시 병원 많아 찾아서 가 봐",
            "speaker": {
              "id": "3번",
              "sex": "남성",
              "age": "20대"
            },
            "speechAct": "(지시) 충고/제안하기",
            "morpheme": "24/SN+시/NNBC+병원/NNG+많/VA+아/EC+찾/VV+아서/EC+가/VX+봐/EC+VX+EC"
          },
          {
            "id": 15,
            "text": "1 : 내일 아침에 병원 데리고 가려고 ㅠ",
            "norm_text": "내일 아침에 병원 데리고 가려고 ㅠ",
            "speaker": {
              "id": "1번",
              "sex": "여성",
              "age": "20대"
            },
            "speechAct": "(단언) 주장하기",
            "morpheme": "내일/MAG+아침/NNG+에/JKB+병원/NNG+데리/VV+고/EC+가/VX+려고/EC+ㅠ/UNKNOWN"
          },
          {
            "id": 16,
            "text": "2 : 아니야 지금 가봐 ㅠㅠ 늦기 전에 가야지",
            "norm_text": "아니야 지금 가봐 ㅠㅠ 늦기 전에 가야지",
            "speaker": {
              "id": "2번",
              "sex": "여성",
              "age": "20대"
            },
            "speechAct": "(지시) 충고/제안하기",
            "morpheme": "아니야/IC+지금/MAG+가/VV+EC+봐/VX+EF+ㅠㅠ/UNKNOWN+늦/VA+기/ETN+전/NNG+에/JKB+가/VV+야지/EC"
          },
          {
            "id": 17,
            "text": "3 : 맞아",
            "norm_text": "맞아",
            "speaker": {
              "id": "3번",
              "sex": "남성",
              "age": "20대"
            },
            "speechAct": "(단언) 주장하기",
            "morpheme": "맞/VV+아/EC"
          },
          {
            "id": 18,
            "text": "3 : 잘못 될 수도 있어 지금 나가",
            "norm_text": "잘못 될 수도 있어 지금 나가",
            "speaker": {
              "id": "3번",
              "sex": "남성",
              "age": "20대"
            },
            "speechAct": "(지시) 충고/제안하기",
            "morpheme": "잘못/MAG+될/VV+ETM+수/NNB+도/JX+있/VA+어/EC+지금/MAG+나가/VV+EC"
          },
          {
            "id": 19,
            "text": "1 : 너무 안 좋으면 입원 시켜야지",
            "norm_text": "너무 안 좋으면 입원 시켜야지",
            "speaker": {
              "id": "1번",
              "sex": "여성",
              "age": "20대"
            },
            "speechAct": "(단언) 주장하기",
            "morpheme": "너무/MAG+안/MAG+좋/VA+으면/EC+입원/NNG+시켜야/XSV+EC+VX+지/EC"
          },
          {
            "id": 20,
            "text": "2 : 응 입원 시켜서 제대로 치료 하는 게 좋아",
            "norm_text": "응 입원 시켜서 제대로 치료 하는 게 좋아",
            "speaker": {
              "id": "2번",
              "sex": "여성",
              "age": "20대"
            },
            "speechAct": "(단언) 주장하기",
            "morpheme": "응/IC+입원/NNG+시켜서/XSV+EC+제대로/MAG+치료/NNG+하/XSV+는/ETM+게/NNB+JKS+좋/VA+아/EC"
          },
          {
            "id": 21,
            "text": "3 : 맞아",
            "norm_text": "맞아",
            "speaker": {
              "id": "3번",
              "sex": "남성",
              "age": "20대"
            },
            "speechAct": "(단언) 주장하기",
            "morpheme": "맞/VV+아/EC"
          },
          {
            "id": 22,
            "text": "3 : 강아지도 거기서 치료 받는 게 좋을 거야",
            "norm_text": "강아지도 거기서 치료 받는 게 좋을 거야",
            "speaker": {
              "id": "3번",
              "sex": "남성",
              "age": "20대"
            },
            "speechAct": "(단언) 주장하기",
            "morpheme": "강아지/NNG+도/JX+거기/NP+서/JKB+치료/NNG+받/VV+는/ETM+게/NNB+JKS+좋/VA+을/ETM+거/NNB+야/VCP+EF"
          }
        ]
      }
    }
  ]
}