{
  "dataset": {
    "identifier": 112558,
    "name": "NATEON_35_10_set",
    "src_path": "/data/file/cubeManager/PROJECT001/80/txt20211103154238029453/NATEON_35_10_set/",
    "label_path": "/data/file/cubeManager/PROJECT001/80/txt20211103154238029453/NATEON_35_10_set/",
    "category": 2,
    "type": 0
  },
  "licenses": {
    "name": "Apache License 1.0",
    "url": "http://www.apache.org/licenses/LICENSE-1.0"
  },
  "info": [
    {
      "id": 135485,
      "filename": "NATEON_35_10.txt",
      "title": "NATEON_35_10",
      "mediatype": "메신저",
      "medianame": "네이트온",
      "category": "일상대화",
      "date": "2021-11-03",
      "size": 428,
      "annotations": {
        "subject": "스포츠/레저",
        "speaker_type": "다자간 대화",
        "size": 428,
        "word_size": 138,
        "text": "1 : 요즘은 요가가 핫 하다며?\n2 : 웅 맞아 요가 많이들 하더라 키키\n3 : 요가 하는 사람 많아\n1 : 핫요가도 있고 그냥 요가도 있고!\n2 : 나는 플라잉요가가 나랑 잘 맞더라고!\n3 : 두 개 차이가 도대체 뭐야?\n1 : 요가 종류가 많아서 모르겠어...\n2 : 요가는 그냥 하는 거고 핫 요가는 따뜻한데서 하는 거 아니야?...\n3 : 키키 나는 요가를 안해봐서 모르겠네\n1 : 띠뜻한 곳에서 해서 핫 요가야?\n2 : 그래서 핫 요가 아니야? 땀 많이 빼서... 키키\n3 : 요즘은  필라테스도 많이 하던데?\n1 : 응 그거 대기구 이용해서 하는거!\n2 : 기구 필라테스 나도 여유 되면 해보고 싶어 키키\n3 : 아 필라테스 하면 진짜 유연해지겠다\n1 : 응 나도 조만간 배워볼거야\n2 : 그거 진짜 좋다고 하던데 ㅠㅠ 체험 해주는데 어디 없나 하하\n3 : 하고 후기 좀 알려주세요~",
        "lines": [
          {
            "id": 1,
            "text": "1 : 요즘은 요가가 핫 하다며?",
            "norm_text": "요즘은 요가가 핫 하다며?",
            "speaker": {
              "id": "1번",
              "sex": "여성",
              "age": "20대"
            },
            "speechAct": "(지시) 질문하기",
            "morpheme": "요즘/NNG+은/JX+요가/NNG+가/JKS+핫/NNG+하/XSA+다며/EF"
          },
          {
            "id": 2,
            "text": "2 : 웅 맞아 요가 많이들 하더라 키키",
            "norm_text": "웅 맞아 요가 많이들 하더라 키키",
            "speaker": {
              "id": "2번",
              "sex": "여성",
              "age": "20대"
            },
            "speechAct": "(단언) 주장하기",
            "morpheme": "웅/MAG+맞/VV+아요/EF+가/JKS+많이/MAG+들/XSN+하/VV+더라/EC+키/NNG+키/XSV+ETN"
          },
          {
            "id": 3,
            "text": "3 : 요가 하는 사람 많아",
            "norm_text": "요가 하는 사람 많아",
            "speaker": {
              "id": "3번",
              "sex": "남성",
              "age": "20대"
            },
            "speechAct": "(단언) 주장하기",
            "morpheme": "요가/NNG+하/XSV+는/ETM+사람/NNG+많/VA+아/EC"
          },
          {
            "id": 4,
            "text": "1 : 핫요가도 있고 그냥 요가도 있고!",
            "norm_text": "핫요가도 있고 그냥 요가도 있고!",
            "speaker": {
              "id": "1번",
              "sex": "여성",
              "age": "20대"
            },
            "speechAct": "(단언) 주장하기",
            "morpheme": "핫요가/NNP+도/JX+있/VA+고/EC+그냥/MAG+요가/NNG+도/JX+있/VA+고/EC"
          },
          {
            "id": 5,
            "text": "2 : 나는 플라잉요가가 나랑 잘 맞더라고!",
            "norm_text": "나는 플라잉요가가 나랑 잘 맞더라고!",
            "speaker": {
              "id": "2번",
              "sex": "여성",
              "age": "20대"
            },
            "speechAct": "(단언) 주장하기",
            "morpheme": "나/NP+는/JX+플라잉/NNG+요가/NNG+가/JKS+나/NP+랑/JKB+잘/MAG+맞/VV+더라고/EF"
          },
          {
            "id": 6,
            "text": "3 : 두 개 차이가 도대체 뭐야?",
            "norm_text": "두 개 차이가 도대체 뭐야?",
            "speaker": {
              "id": "3번",
              "sex": "남성",
              "age": "20대"
            },
            "speechAct": "(지시) 질문하기",
            "morpheme": "두/MM+개/NNBC+차이/NNG+가/JKS+도대체/MAG+뭐/NP+야/VCP+EF"
          },
          {
            "id": 7,
            "text": "1 : 요가 종류가 많아서 모르겠어...",
            "norm_text": "요가 종류가 많아서 모르겠어...",
            "speaker": {
              "id": "1번",
              "sex": "여성",
              "age": "20대"
            },
            "speechAct": "(단언) 주장하기",
            "morpheme": "요가/NNG+종류/NNG+가/JKS+많/VA+아서/EC+모르/VV+겠/EP+어/EF+./SY"
          },
          {
            "id": 8,
            "text": "2 : 요가는 그냥 하는 거고 핫 요가는 따뜻한데서 하는 거 아니야?...",
            "norm_text": "요가는 그냥 하는 거고 핫 요가는 따뜻한데서 하는 거 아니야?...",
            "speaker": {
              "id": "2번",
              "sex": "여성",
              "age": "20대"
            },
            "speechAct": "(지시) 질문하기",
            "morpheme": "요가/NNG+는/JX+그냥/MAG+하/VV+는/ETM+거/NNB+고/VCP+EC+핫요가/NNP+는/JX+따뜻/XR+한/XSA+ETM+데/NNB+서/JKB+하/VV+는/ETM+거/NNB+아니/VCN+야/EF+./SY+./SY"
          },
          {
            "id": 9,
            "text": "3 : 키키 나는 요가를 안해봐서 모르겠네",
            "norm_text": "키키 나는 요가를 안해봐서 모르겠네",
            "speaker": {
              "id": "3번",
              "sex": "남성",
              "age": "20대"
            },
            "speechAct": "(단언) 주장하기",
            "morpheme": "키/NNG+키나/XSA+ETN+JX+는/JX+요가/NNG+를/JKO+안/MAG+해/VV+EC+봐서/VV+EC+모르/VV+겠/EP+네/EF"
          },
          {
            "id": 10,
            "text": "1 : 띠뜻한 곳에서 해서 핫 요가야?",
            "norm_text": "띠뜻한 곳에서 해서 핫 요가야?",
            "speaker": {
              "id": "1번",
              "sex": "여성",
              "age": "20대"
            },
            "speechAct": "(지시) 질문하기",
            "morpheme": "띠/NNG+뜻/NNG+한/XSA+ETM+곳/NNG+에서/JKB+해서/VV+EC+핫요가/NNP+야/JKV"
          },
          {
            "id": 11,
            "text": "2 : 그래서 핫 요가 아니야? 땀 많이 빼서... 키키",
            "norm_text": "그래서 핫 요가 아니야? 땀 많이 빼서... 키키",
            "speaker": {
              "id": "2번",
              "sex": "여성",
              "age": "20대"
            },
            "speechAct": "(지시) 질문하기",
            "morpheme": "그래서/MAJ+핫요가/NNP+아니/VCN+야/EF+땀/NNG+많이/MAG+빼/VV+서/EC+./SY+./SY+키/NNG+키/XSV+ETN"
          },
          {
            "id": 12,
            "text": "3 : 요즘은  필라테스도 많이 하던데?",
            "norm_text": "요즘은  필라테스도 많이 하던데?",
            "speaker": {
              "id": "3번",
              "sex": "남성",
              "age": "20대"
            },
            "speechAct": "(단언) 진술하기",
            "morpheme": "요즘/NNG+은/JX+필라테스/NNP+도/JX+많이/MAG+하/VV+던데/EF"
          },
          {
            "id": 13,
            "text": "1 : 응 그거 대기구 이용해서 하는거!",
            "norm_text": "응 그거 대기구 이용해서 하는거!",
            "speaker": {
              "id": "1번",
              "sex": "여성",
              "age": "20대"
            },
            "speechAct": "(단언) 주장하기",
            "morpheme": "응/IC+그/MM+거대/NNG+기구/NNG+이용/NNG+해서/XSV+EC+하/VV+는/ETM+거/NNB"
          },
          {
            "id": 14,
            "text": "2 : 기구 필라테스 나도 여유 되면 해보고 싶어 키키",
            "norm_text": "기구 필라테스 나도 여유 되면 해보고 싶어 키키",
            "speaker": {
              "id": "2번",
              "sex": "여성",
              "age": "20대"
            },
            "speechAct": "(단언) 주장하기",
            "morpheme": "기구/NNG+필라테스/NNP+나/NP+도/JX+여유/NNG+되/XSV+면/EC+해/VV+EC+보/VX+고/EC+싶/VX+어/EC+키/NNG+키/XSV+ETN"
          },
          {
            "id": 15,
            "text": "3 : 아 필라테스 하면 진짜 유연해지겠다",
            "norm_text": "아 필라테스 하면 진짜 유연해지겠다",
            "speaker": {
              "id": "3번",
              "sex": "남성",
              "age": "20대"
            },
            "speechAct": "(단언) 주장하기",
            "morpheme": "아/IC+필라테스/NNP+하/VV+면/EC+진짜/MAG+유연/XR+해/XSA+EC+지/VX+겠/EP+다/EC"
          },
          {
            "id": 16,
            "text": "1 : 응 나도 조만간 배워볼거야",
            "norm_text": "응 나도 조만간 배워볼거야",
            "speaker": {
              "id": "1번",
              "sex": "여성",
              "age": "20대"
            },
            "speechAct": "(단언) 주장하기",
            "morpheme": "응/IC+나/NP+도/JX+조만간/MAG+배워/VV+EC+볼/VX+ETM+거/NNB+야/VCP+EF"
          },
          {
            "id": 17,
            "text": "2 : 그거 진짜 좋다고 하던데 ㅠㅠ 체험 해주는데 어디 없나 하하",
            "norm_text": "그거 진짜 좋다고 하던데 ㅠㅠ 체험 해주는데 어디 없나 하하",
            "speaker": {
              "id": "2번",
              "sex": "여성",
              "age": "20대"
            },
            "speechAct": "(단언) 주장하기",
            "morpheme": "그거/NP+진짜/MAG+좋/VA+다고/EC+하/VV+던데/EC+ㅠㅠ/UNKNOWN+체험/NNG+해/XSV+EC+주/VX+는데/EC+어디/NP+없/VA+나/EC+하하/MAG"
          },
          {
            "id": 18,
            "text": "3 : 하고 후기 좀 알려주세요~",
            "norm_text": "하고 후기 좀 알려주세요~",
            "speaker": {
              "id": "3번",
              "sex": "남성",
              "age": "20대"
            },
            "speechAct": "(지시) 부탁하기",
            "morpheme": "하/VV+고/EC+후기/NNG+좀/MAG+알려/VV+EC+주/VX+세요/EP+EF+~/SY"
          }
        ]
      }
    }
  ]
}