{
  "dataset": {
    "identifier": 111748,
    "name": "NATEON_35_09_set",
    "src_path": "/data/file/cubeManager/PROJECT001/80/txt20211103154238028625/NATEON_35_09_set/",
    "label_path": "/data/file/cubeManager/PROJECT001/80/txt20211103154238028625/NATEON_35_09_set/",
    "category": 2,
    "type": 0
  },
  "licenses": {
    "name": "Apache License 1.0",
    "url": "http://www.apache.org/licenses/LICENSE-1.0"
  },
  "info": [
    {
      "id": 135484,
      "filename": "NATEON_35_09.txt",
      "title": "NATEON_35_09",
      "mediatype": "메신저",
      "medianame": "네이트온",
      "category": "일상대화",
      "date": "2021-11-03",
      "size": 432,
      "annotations": {
        "subject": "반려동물",
        "speaker_type": "다자간 대화",
        "size": 432,
        "word_size": 150,
        "text": "1 : 지금 세상에 이런일이에 뭐 나오는줄 알아?\n2 : 아 그거 아직 하는구나 키키\n2 : 뭐 나오는데?\n3 : 음 뭐 나오고 있는데?\n1 : 뱀 5마리 키우는 남자!\n2 : 와 대박 뱀 키우는 사람 은근 많아 ㅠㅠ\n3 : 헐 뱀을 5마리나 키워?\n1 : 응 근데 은근 귀여워!\n2 : 난 뱀 무서워서 못 키울 거 같은데 ㅠㅠ\n3 : 뱀은 너무 무서운 거 같은데ㅠ\n1 : 아니야\n1 :  은근 귀여운 구석이 많아\n2 : 뱀도 주인을 알아 볼 수 있나? ㅠㅠ\n3 : 아 진짜 많은 거 맞아?\n1 : 알아볼 수 있지 않을까...?\n2 : 나 전에 뱀 키우는 사람이 뱀이 자기를 안길래 애교 부리는 건줄 알았는데 그거 잡아 먹으려고 했던거래...\n3 : 아마 못 알아볼 거 같은데...?\n1 : 헐... 그럼 난 못 키우겠다\n2 : 그 말 듣고 무서워서 뱀은 싫더라고 ㅠㅠ\n3 : 응... 우린 다른 거 키우자",
        "lines": [
          {
            "id": 1,
            "text": "1 : 지금 세상에 이런일이에 뭐 나오는줄 알아?",
            "norm_text": "지금 세상에 이런일이에 뭐 나오는줄 알아?",
            "speaker": {
              "id": "1번",
              "sex": "여성",
              "age": "20대"
            },
            "speechAct": "(지시) 질문하기",
            "morpheme": "지금/MAG+세상/NNG+에/JKB+이런/MM+일/NNG+이/JKS+에/IC+뭐/IC+나오/VV+는/ETM+줄/NNB+알/VV+아/EF"
          },
          {
            "id": 2,
            "text": "2 : 아 그거 아직 하는구나 키키",
            "norm_text": "아 그거 아직 하는구나 키키",
            "speaker": {
              "id": "2번",
              "sex": "여성",
              "age": "20대"
            },
            "speechAct": "(단언) 주장하기",
            "morpheme": "아/IC+그거/NP+아직/MAG+하/VV+는구나/EF+키/NNG+키/XSV+ETN"
          },
          {
            "id": 3,
            "text": "2 : 뭐 나오는데?",
            "norm_text": "뭐 나오는데?",
            "speaker": {
              "id": "2번",
              "sex": "여성",
              "age": "20대"
            },
            "speechAct": "(지시) 질문하기",
            "morpheme": "뭐/IC+나오/VV+는데/EC"
          },
          {
            "id": 4,
            "text": "3 : 음 뭐 나오고 있는데?",
            "norm_text": "음 뭐 나오고 있는데?",
            "speaker": {
              "id": "3번",
              "sex": "남성",
              "age": "20대"
            },
            "speechAct": "(지시) 질문하기",
            "morpheme": "음/IC+뭐/IC+나오/VV+고/EC+있/VX+는데/EC"
          },
          {
            "id": 5,
            "text": "1 : 뱀 5마리 키우는 남자!",
            "norm_text": "뱀 5마리 키우는 남자!",
            "speaker": {
              "id": "1번",
              "sex": "여성",
              "age": "20대"
            },
            "speechAct": "(단언) 진술하기",
            "morpheme": "뱀/NNG+5/SN+마리/NNBC+키우/VV+는/ETM+남자/NNG"
          },
          {
            "id": 6,
            "text": "2 : 와 대박 뱀 키우는 사람 은근 많아 ㅠㅠ",
            "norm_text": "와 대박 뱀 키우는 사람 은근 많아 ㅠㅠ",
            "speaker": {
              "id": "2번",
              "sex": "여성",
              "age": "20대"
            },
            "speechAct": "(단언) 진술하기",
            "morpheme": "와/IC+대박/NNG+뱀/NNG+키우/VV+는/ETM+사람/NNG+은/JX+근/NP+JX+많/VA+아/EC+ㅠㅠ/UNKNOWN"
          },
          {
            "id": 7,
            "text": "3 : 헐 뱀을 5마리나 키워?",
            "norm_text": "헐 뱀을 5마리나 키워?",
            "speaker": {
              "id": "3번",
              "sex": "남성",
              "age": "20대"
            },
            "speechAct": "(단언) 진술하기",
            "morpheme": "헐/IC+뱀/NNG+을/JKO+5/SN+마리/NNBC+나/JX+키워/VV+EF"
          },
          {
            "id": 8,
            "text": "1 : 응 근데 은근 귀여워!",
            "norm_text": "응 근데 은근 귀여워!",
            "speaker": {
              "id": "1번",
              "sex": "여성",
              "age": "20대"
            },
            "speechAct": "(단언) 주장하기",
            "morpheme": "응/IC+근데/MAJ+은근/NNG+귀여워/VA+EF"
          },
          {
            "id": 9,
            "text": "2 : 난 뱀 무서워서 못 키울 거 같은데 ㅠㅠ",
            "norm_text": "난 뱀 무서워서 못 키울 거 같은데 ㅠㅠ",
            "speaker": {
              "id": "2번",
              "sex": "여성",
              "age": "20대"
            },
            "speechAct": "(단언) 주장하기",
            "morpheme": "난/NP+JX+뱀/NNG+무서워서/VA+EC+못/MAG+키울/VV+ETM+거/NNB+같/VA+은데/EC+ㅠㅠ/UNKNOWN"
          },
          {
            "id": 10,
            "text": "3 : 뱀은 너무 무서운 거 같은데ㅠ",
            "norm_text": "뱀은 너무 무서운 거 같은데ㅠ",
            "speaker": {
              "id": "3번",
              "sex": "남성",
              "age": "20대"
            },
            "speechAct": "(단언) 주장하기",
            "morpheme": "뱀/NNG+은/JX+너무/MAG+무서운/VA+ETM+거/NNB+같/VA+은/ETM+데ㅠ/UNKNOWN"
          },
          {
            "id": 11,
            "text": "1 : 아니야",
            "norm_text": "아니야",
            "speaker": {
              "id": "1번",
              "sex": "여성",
              "age": "20대"
            },
            "speechAct": "턴토크 사인(관습적 반응)",
            "morpheme": "아니/VCN+야/EC"
          },
          {
            "id": 12,
            "text": "1 :  은근 귀여운 구석이 많아",
            "norm_text": "은근 귀여운 구석이 많아",
            "speaker": {
              "id": "1번",
              "sex": "여성",
              "age": "20대"
            },
            "speechAct": "(단언) 주장하기",
            "morpheme": "은근/NNG+귀여운/VA+ETM+구석/NNP+이/JKS+많/VA+아/EC"
          },
          {
            "id": 13,
            "text": "2 : 뱀도 주인을 알아 볼 수 있나? ㅠㅠ",
            "norm_text": "뱀도 주인을 알아 볼 수 있나? ㅠㅠ",
            "speaker": {
              "id": "2번",
              "sex": "여성",
              "age": "20대"
            },
            "speechAct": "(지시) 질문하기",
            "morpheme": "뱀/NNG+도/JX+주인/NNG+을/JKO+알아볼/VV+ETM+수/NNB+있/VV+나/EF+ㅠㅠ/UNKNOWN"
          },
          {
            "id": 14,
            "text": "3 : 아 진짜 많은 거 맞아?",
            "norm_text": "아 진짜 많은 거 맞아?",
            "speaker": {
              "id": "3번",
              "sex": "남성",
              "age": "20대"
            },
            "speechAct": "(단언) 주장하기",
            "morpheme": "아/IC+진짜/MAG+많/VA+은/ETM+거/NNB+맞/VV+아/EF"
          },
          {
            "id": 15,
            "text": "1 : 알아볼 수 있지 않을까...?",
            "norm_text": "알아볼 수 있지 않을까...?",
            "speaker": {
              "id": "1번",
              "sex": "여성",
              "age": "20대"
            },
            "speechAct": "(단언) 주장하기",
            "morpheme": "알아볼/VV+ETM+수/NNB+있/VV+지/EC+않/VX+을까/EF+./SY+./SY"
          },
          {
            "id": 16,
            "text": "2 : 나 전에 뱀 키우는 사람이 뱀이 자기를 안길래 애교 부리는 건줄 알았는데 그거 잡아 먹으려고 했던거래...",
            "norm_text": "나 전에 뱀 키우는 사람이 뱀이 자기를 안길래 애교 부리는 건줄 알았는데 그거 잡아 먹으려고 했던거래...",
            "speaker": {
              "id": "2번",
              "sex": "여성",
              "age": "20대"
            },
            "speechAct": "(단언) 진술하기",
            "morpheme": "나전/NNG+에/JKB+뱀/NNG+키우/VV+는/ETM+사람/NNG+이/JKS+뱀/NNG+이/JKS+자기/NP+를/JKO+안/VV+길래/EC+애교/NNG+부리/VV+는/ETM+건/NNB+VCP+ETM+줄/NNB+알/VV+았/EP+는데/EC+그거/NP+잡아먹/VV+으려고/EC+했/VX+EP+던/ETM+거/NNB+래/VCP+EF+./SY"
          },
          {
            "id": 17,
            "text": "3 : 아마 못 알아볼 거 같은데...?",
            "norm_text": "아마 못 알아볼 거 같은데...?",
            "speaker": {
              "id": "3번",
              "sex": "남성",
              "age": "20대"
            },
            "speechAct": "턴토크 사인(관습적 반응)",
            "morpheme": "아마/MAG+못/MAG+알아볼/VV+ETM+거/NNB+같/VA+은데/EF+./SY+./SY"
          },
          {
            "id": 18,
            "text": "1 : 헐... 그럼 난 못 키우겠다",
            "norm_text": "헐... 그럼 난 못 키우겠다",
            "speaker": {
              "id": "1번",
              "sex": "여성",
              "age": "20대"
            },
            "speechAct": "(단언) 주장하기",
            "morpheme": "헐/IC+./SY+그럼/MAJ+난/NP+JX+못/MAG+키우/VV+겠/EP+다/EC"
          },
          {
            "id": 19,
            "text": "2 : 그 말 듣고 무서워서 뱀은 싫더라고 ㅠㅠ",
            "norm_text": "그 말 듣고 무서워서 뱀은 싫더라고 ㅠㅠ",
            "speaker": {
              "id": "2번",
              "sex": "여성",
              "age": "20대"
            },
            "speechAct": "(단언) 진술하기",
            "morpheme": "그/MM+말/NNG+듣/VV+고/EC+무서워서/VA+EC+뱀/NNG+은/JX+싫/VA+더라고/EF+ㅠㅠ/UNKNOWN"
          },
          {
            "id": 20,
            "text": "3 : 응... 우린 다른 거 키우자",
            "norm_text": "응... 우린 다른 거 키우자",
            "speaker": {
              "id": "3번",
              "sex": "남성",
              "age": "20대"
            },
            "speechAct": "(단언) 주장하기",
            "morpheme": "응/IC+./SY+우린/NP+JX+다른/VA+ETM+거/NNB+키우/VV+자/EC"
          }
        ]
      }
    }
  ]
}