{
  "dataset": {
    "identifier": 102354,
    "name": "NATEON_27_19_set",
    "src_path": "/data/file/cubeManager/PROJECT001/77/txt20211027152211015394/NATEON_27_19_set/",
    "label_path": "/data/file/cubeManager/PROJECT001/77/txt20211027152211015394/NATEON_27_19_set/",
    "category": 2,
    "type": 0
  },
  "licenses": {
    "name": "Apache License 1.0",
    "url": "http://www.apache.org/licenses/LICENSE-1.0"
  },
  "info": [
    {
      "id": 99460,
      "filename": "NATEON_27_19.txt",
      "title": "NATEON_27_19",
      "mediatype": "메신저",
      "medianame": "네이트온",
      "category": "일상대화",
      "date": "2021-10-27",
      "size": 448,
      "annotations": {
        "subject": "방송/연예",
        "speaker_type": "다자간 대화",
        "size": 448,
        "word_size": 154,
        "text": "1 : 요즘 다들 스우파 챙겨봐?\n2 : 아 그거 유명하더라 ㅠㅠ\n2 : 난 안 봤어!\n3 : 스우파 진짜 완전 재밌던데\n1 : 아, 나 진짜 요즘 맨날 챙겨보잖아 ㅠㅠ\n2 : 근데 그거 데뷔 한 사람들이 나오는 거야?\n3 : 댄서들이 춤 대결하는 거 아냐\n1 : 데뷔?\n1 : 그건 아니고 유명한 댄서분들이 나와!\n2 : 아아 연습생 그런 건 아니구나 키키\n2 : 나도 한번 봐야겠다 ㅋㅋ\n3 : 그 사람들끼리 대결해서 승부 겨루는 거야\n1 : 응 연습생 나오는 건 별로 안 좋아하는데 이건 진짜 최고,\n2 : 나 아는애는 그거 보고 눈물 흘렸다고 하더라고 키키\n3 : 키키 왜 운 거지 감동 먹은 건가\n1 : 아니\n1 : 진짜 진정성 있게 춤을 추셔 ㅠㅠ\n2 : 나도 그 이유는 모르겠어\n2 : 스우파 보는데 우는중 이렇게 왔더라고 키키\n3 : 그건 맞아\n3 : 엄청 진지하게 대결하시더라ㅠ\n3 : 오 좋아\n3 : 유튜브 정주행 해야지~",
        "lines": [
          {
            "id": 1,
            "text": "1 : 요즘 다들 스우파 챙겨봐?",
            "norm_text": "요즘 다들 스우파 챙겨봐?",
            "speaker": {
              "id": "1번",
              "sex": "여성",
              "age": "20대"
            },
            "speechAct": "(지시) 질문하기",
            "morpheme": "요즘/MAG+다/MAG+들/XSN+스/XSN+우파/NNG+챙겨/VV+EC+봐/VX+EF"
          },
          {
            "id": 2,
            "text": "2 : 아 그거 유명하더라 ㅠㅠ",
            "norm_text": "아 그거 유명하더라 ㅠㅠ",
            "speaker": {
              "id": "2번",
              "sex": "여성",
              "age": "20대"
            },
            "speechAct": "(단언) 주장하기",
            "morpheme": "아/IC+그거/NP+유명/NNG+하/XSV+더라/EC+ㅠㅠ/UNKNOWN"
          },
          {
            "id": 3,
            "text": "2 : 난 안 봤어!",
            "norm_text": "난 안 봤어!",
            "speaker": {
              "id": "2번",
              "sex": "여성",
              "age": "20대"
            },
            "speechAct": "(단언) 진술하기",
            "morpheme": "난/NP+JX+안/MAG+봤/VV+EP+어/EF"
          },
          {
            "id": 4,
            "text": "3 : 스우파 진짜 완전 재밌던데",
            "norm_text": "스우파 진짜 완전 재밌던데",
            "speaker": {
              "id": "3번",
              "sex": "남성",
              "age": "20대"
            },
            "speechAct": "(단언) 진술하기",
            "morpheme": "스/IC+우파/NNG+진짜/MAG+완전/MAG+재밌/VA+던데/EC"
          },
          {
            "id": 5,
            "text": "1 : 아, 나 진짜 요즘 맨날 챙겨보잖아 ㅠㅠ",
            "norm_text": "아, 나 진짜 요즘 맨날 챙겨보잖아 ㅠㅠ",
            "speaker": {
              "id": "1번",
              "sex": "여성",
              "age": "20대"
            },
            "speechAct": "(단언) 진술하기",
            "morpheme": "아/IC+,/SC+나진짜요즘맨날챙겨보잖아ㅠㅠ/UNKNOWN"
          },
          {
            "id": 6,
            "text": "2 : 근데 그거 데뷔 한 사람들이 나오는 거야?",
            "norm_text": "근데 그거 데뷔 한 사람들이 나오는 거야?",
            "speaker": {
              "id": "2번",
              "sex": "여성",
              "age": "20대"
            },
            "speechAct": "(지시) 질문하기",
            "morpheme": "근데/MAJ+그거/NP+데뷔/NNG+한/XSA+ETM+사람/NNG+들/XSN+이/JKS+나오/VV+는/ETM+거/NNB+야/VCP+EF"
          },
          {
            "id": 7,
            "text": "3 : 댄서들이 춤 대결하는 거 아냐",
            "norm_text": "댄서들이 춤 대결하는 거 아냐",
            "speaker": {
              "id": "3번",
              "sex": "남성",
              "age": "20대"
            },
            "speechAct": "(지시) 질문하기",
            "morpheme": "댄서/NNG+들/XSN+이/JKS+춤/NNG+대결/NNG+하/XSV+는/ETM+거/NNB+아냐/VCN+EC"
          },
          {
            "id": 8,
            "text": "1 : 데뷔?",
            "norm_text": "데뷔?",
            "speaker": {
              "id": "1번",
              "sex": "여성",
              "age": "20대"
            },
            "speechAct": "(지시) 질문하기",
            "morpheme": "데뷔/NNG"
          },
          {
            "id": 9,
            "text": "1 : 그건 아니고 유명한 댄서분들이 나와!",
            "norm_text": "그건 아니고 유명한 댄서분들이 나와!",
            "speaker": {
              "id": "1번",
              "sex": "여성",
              "age": "20대"
            },
            "speechAct": "(단언) 진술하기",
            "morpheme": "그건/NP+JX+아니/VCN+고/EC+유명/XR+한/XSA+ETM+댄/NNG+서분/NNG+들/XSN+이/JKS+나와/VV+EF"
          },
          {
            "id": 10,
            "text": "2 : 아아 연습생 그런 건 아니구나 키키",
            "norm_text": "아아 연습생 그런 건 아니구나 키키",
            "speaker": {
              "id": "2번",
              "sex": "여성",
              "age": "20대"
            },
            "speechAct": "(단언) 주장하기",
            "morpheme": "아아/IC+연습생/NNG+그런/MM+건/NNB+JX+아니/VCN+구나/EC+키/NNG+키/XSV+ETN"
          },
          {
            "id": 11,
            "text": "2 : 나도 한번 봐야겠다 ㅋㅋ",
            "norm_text": "나도 한번 봐야겠다 ㅋㅋ",
            "speaker": {
              "id": "2번",
              "sex": "여성",
              "age": "20대"
            },
            "speechAct": "(단언) 주장하기",
            "morpheme": "나/NP+도/JX+한/MM+번/NNBC+봐야겠다/VV+EC+VX+EP+EF+ㅋㅋ/UNKNOWN"
          },
          {
            "id": 12,
            "text": "3 : 그 사람들끼리 대결해서 승부 겨루는 거야",
            "norm_text": "그 사람들끼리 대결해서 승부 겨루는 거야",
            "speaker": {
              "id": "3번",
              "sex": "남성",
              "age": "20대"
            },
            "speechAct": "(단언) 진술하기",
            "morpheme": "그/MM+사람/NNG+들/XSN+끼리/XSN+대결/NNG+해서/XSV+EC+승부/NNG+겨루/VV+는/ETM+거/NNB+야/VCP+EF"
          },
          {
            "id": 13,
            "text": "1 : 응 연습생 나오는 건 별로 안 좋아하는데 이건 진짜 최고,",
            "norm_text": "응 연습생 나오는 건 별로 안 좋아하는데 이건 진짜 최고,",
            "speaker": {
              "id": "1번",
              "sex": "여성",
              "age": "20대"
            },
            "speechAct": "(단언) 주장하기",
            "morpheme": "응/IC+연습생/NNG+나오/VV+는/ETM+건/NNB+JX+별로/MAG+안/MAG+좋아하/VV+는데/EC+이건/NP+JX+진짜/MAG+최고/NNG+,/SC"
          },
          {
            "id": 14,
            "text": "2 : 나 아는애는 그거 보고 눈물 흘렸다고 하더라고 키키",
            "norm_text": "나 아는애는 그거 보고 눈물 흘렸다고 하더라고 키키",
            "speaker": {
              "id": "2번",
              "sex": "여성",
              "age": "20대"
            },
            "speechAct": "(단언) 진술하기",
            "morpheme": "나아/NP+는/JX+애/NNG+는/JX+그거/NP+보고/JKB+눈물/NNG+흘렸/VV+EP+다고/EC+하/VV+더라고/EC+키/NNG+키/XSV+ETN"
          },
          {
            "id": 15,
            "text": "3 : 키키 왜 운 거지 감동 먹은 건가",
            "norm_text": "키키 왜 운 거지 감동 먹은 건가",
            "speaker": {
              "id": "3번",
              "sex": "남성",
              "age": "20대"
            },
            "speechAct": "(지시) 질문하기",
            "morpheme": "키/NNG+키/XSV+ETN+왜/MAG+운거/NNG+지/VCP+EC+감동/NNG+먹/VV+은/ETM+건가/NNB+VCP+EC"
          },
          {
            "id": 16,
            "text": "1 : 아니",
            "norm_text": "아니",
            "speaker": {
              "id": "1번",
              "sex": "여성",
              "age": "20대"
            },
            "speechAct": "(단언) 주장하기",
            "morpheme": "아니/IC"
          },
          {
            "id": 17,
            "text": "1 : 진짜 진정성 있게 춤을 추셔 ㅠㅠ",
            "norm_text": "진짜 진정성 있게 춤을 추셔 ㅠㅠ",
            "speaker": {
              "id": "1번",
              "sex": "여성",
              "age": "20대"
            },
            "speechAct": "(단언) 주장하기",
            "morpheme": "진짜/MAG+진정/XR+성/XSN+있/VV+게/EC+춤/NNG+을/JKO+추/VV+셔/EP+EC+ㅠㅠ/UNKNOWN"
          },
          {
            "id": 18,
            "text": "2 : 나도 그 이유는 모르겠어",
            "norm_text": "나도 그 이유는 모르겠어",
            "speaker": {
              "id": "2번",
              "sex": "여성",
              "age": "20대"
            },
            "speechAct": "(단언) 주장하기",
            "morpheme": "나/NP+도/JX+그/MM+이유/NNG+는/JX+모르/VV+겠/EP+어/EC"
          },
          {
            "id": 19,
            "text": "2 : 스우파 보는데 우는중 이렇게 왔더라고 키키",
            "norm_text": "스우파 보는데 우는중 이렇게 왔더라고 키키",
            "speaker": {
              "id": "2번",
              "sex": "여성",
              "age": "20대"
            },
            "speechAct": "(단언) 진술하기",
            "morpheme": "스/IC+우파/NNG+보/VV+는/ETM+데/NNB+우/VV+는/ETM+중/NNB+이렇게/MAG+왔/VV+EP+더라고/EC+키/NNG+키/XSV+ETN"
          },
          {
            "id": 20,
            "text": "3 : 그건 맞아",
            "norm_text": "그건 맞아",
            "speaker": {
              "id": "3번",
              "sex": "남성",
              "age": "20대"
            },
            "speechAct": "(단언) 주장하기",
            "morpheme": "그건/NP+JX+맞/VV+아/EC"
          },
          {
            "id": 21,
            "text": "3 : 엄청 진지하게 대결하시더라ㅠ",
            "norm_text": "엄청 진지하게 대결하시더라ㅠ",
            "speaker": {
              "id": "3번",
              "sex": "남성",
              "age": "20대"
            },
            "speechAct": "(단언) 주장하기",
            "morpheme": "엄청/MAG+진지/XR+하/XSA+게/EC+대결/NNG+하/XSV+시/EP+더라/EF+ㅠ/UNKNOWN"
          },
          {
            "id": 22,
            "text": "3 : 오 좋아",
            "norm_text": "오 좋아",
            "speaker": {
              "id": "3번",
              "sex": "남성",
              "age": "20대"
            },
            "speechAct": "(단언) 주장하기",
            "morpheme": "오/NR+좋/VA+아/EC"
          },
          {
            "id": 23,
            "text": "3 : 유튜브 정주행 해야지~",
            "norm_text": "유튜브 정주행 해야지~",
            "speaker": {
              "id": "3번",
              "sex": "남성",
              "age": "20대"
            },
            "speechAct": "(단언) 주장하기",
            "morpheme": "유튜브/NNP+정/NNP+주행/NNG+해야지/XSV+EC+~/SY"
          }
        ]
      }
    }
  ]
}