{
  "dataset": {
    "identifier": 118151,
    "name": "NATEON_29_08_set",
    "src_path": "/data/file/cubeManager/PROJECT001/80/txt20211102103851078043/NATEON_29_08_set/",
    "label_path": "/data/file/cubeManager/PROJECT001/80/txt20211102103851078043/NATEON_29_08_set/",
    "category": 2,
    "type": 0
  },
  "licenses": {
    "name": "Apache License 1.0",
    "url": "http://www.apache.org/licenses/LICENSE-1.0"
  },
  "info": [
    {
      "id": 129871,
      "filename": "NATEON_29_08.txt",
      "title": "NATEON_29_08",
      "mediatype": "메신저",
      "medianame": "네이트온",
      "category": "일상대화",
      "date": "2021-11-02",
      "size": 444,
      "annotations": {
        "subject": "연애/결혼",
        "speaker_type": "다자간 대화",
        "size": 444,
        "word_size": 154,
        "text": "1 : 이번에 부모님 기념일 여행 가셨어\n2 : 오 대박 어디로 가셨어?\n3 : 오 두분 결혼 기념일이야?\n1 : 이번에 두분 다 제주도로 가셨어 하하\n2 : 아 좋으시겠다 ㅠㅠ\n2 : 어디 쪽 구경 하신데?\n3 : 두분 금술 진짜 좋으시다 하하\n1 : 아 어디 쪽으로 가셨는지는 안 물어 봤어 하하\n2 : 나도 너네 부모님들처럼 결혼 생활 하고 싶다 ㅠㅠ 부러워\n3 : 하하 그래도 두분 너무 부럽다\n1 : 응 나도 두 분처럼 살고 싶어\n2 : 웅 진짜 너도 그렇게 생활 할 거 같아 하하\n3 : 나도~ 그렇게 아름답게 늙어가고 싶다~\n1 : 하하 응 난 내 이상형이 아빠니까\n3 : 오, 그거 진짜 멋있는 말이다\n2 : 가끔 노부부들이 손 잡고 마실 다니는 거 보면 진짜 보기 좋더라!\n1 : 응 나는 늙어서도 손 잡고 싶어 하하\n2 : 맞아 ㅠㅠ 진짜 로맨틱 하고 좋은 거 같아 하하\n3 : 하하 오 으악 진짜 로맨틱하다",
        "lines": [
          {
            "id": 1,
            "text": "1 : 이번에 부모님 기념일 여행 가셨어",
            "norm_text": "이번에 부모님 기념일 여행 가셨어",
            "speaker": {
              "id": "1번",
              "sex": "여성",
              "age": "20대"
            },
            "speechAct": "(단언) 진술하기",
            "morpheme": "이번/NNG+에/JKB+부모/NNG+님/XSN+기념/NNG+일/VCP+ETM+여행/NNG+가셨/VV+EP+어/EC"
          },
          {
            "id": 2,
            "text": "2 : 오 대박 어디로 가셨어?",
            "norm_text": "오 대박 어디로 가셨어?",
            "speaker": {
              "id": "2번",
              "sex": "여성",
              "age": "20대"
            },
            "speechAct": "(지시) 질문하기",
            "morpheme": "오/NR+대박/NNG+어디/NP+로/JKB+가셨/VV+EP+어/EF"
          },
          {
            "id": 3,
            "text": "3 : 오 두분 결혼 기념일이야?",
            "norm_text": "오 두분 결혼 기념일이야?",
            "speaker": {
              "id": "3번",
              "sex": "남성",
              "age": "20대"
            },
            "speechAct": "(지시) 질문하기",
            "morpheme": "오/NR+두/MM+분/NNBC+결혼기념일/NNG+이/VCP+야/EF"
          },
          {
            "id": 4,
            "text": "1 : 이번에 두분 다 제주도로 가셨어 하하",
            "norm_text": "이번에 두분 다 제주도로 가셨어 하하",
            "speaker": {
              "id": "1번",
              "sex": "여성",
              "age": "20대"
            },
            "speechAct": "(단언) 진술하기",
            "morpheme": "이번/NNG+에/JKB+두/MM+분/NNBC+다/MAG+제주도/NNP+로/JKB+가셨/VV+EP+어/EC+하하/MAG"
          },
          {
            "id": 5,
            "text": "2 : 아 좋으시겠다 ㅠㅠ",
            "norm_text": "아 좋으시겠다 ㅠㅠ",
            "speaker": {
              "id": "2번",
              "sex": "여성",
              "age": "20대"
            },
            "speechAct": "(단언) 주장하기",
            "morpheme": "아좋으시겠다ㅠㅠ/UNKNOWN"
          },
          {
            "id": 6,
            "text": "2 : 어디 쪽 구경 하신데?",
            "norm_text": "어디 쪽 구경 하신데?",
            "speaker": {
              "id": "2번",
              "sex": "여성",
              "age": "20대"
            },
            "speechAct": "(지시) 질문하기",
            "morpheme": "어디/NP+쪽/NNB+구경/NNG+하/XSV+신데/EP+EF"
          },
          {
            "id": 7,
            "text": "3 : 두분 금술 진짜 좋으시다 하하",
            "norm_text": "두분 금술 진짜 좋으시다 하하",
            "speaker": {
              "id": "3번",
              "sex": "남성",
              "age": "20대"
            },
            "speechAct": "(단언) 주장하기",
            "morpheme": "두/MM+분/NNBC+금술/NNG+진짜/MAG+좋/VA+으시/EP+다/EF+하하/MAG"
          },
          {
            "id": 8,
            "text": "1 : 아 어디 쪽으로 가셨는지는 안 물어 봤어 하하",
            "norm_text": "아 어디 쪽으로 가셨는지는 안 물어 봤어 하하",
            "speaker": {
              "id": "1번",
              "sex": "여성",
              "age": "20대"
            },
            "speechAct": "(단언) 진술하기",
            "morpheme": "아/IC+어디/NP+쪽/NNB+으로/JKB+가셨/VV+EP+는지/EC+는/JX+안/MAG+물/VV+어/EC+봤/VX+EP+어/EC+하하/MAG"
          },
          {
            "id": 9,
            "text": "2 : 나도 너네 부모님들처럼 결혼 생활 하고 싶다 ㅠㅠ 부러워",
            "norm_text": "나도 너네 부모님들처럼 결혼 생활 하고 싶다 ㅠㅠ 부러워",
            "speaker": {
              "id": "2번",
              "sex": "여성",
              "age": "20대"
            },
            "speechAct": "(단언) 주장하기",
            "morpheme": "나/NP+도/JX+너/NP+네/XSN+부모/NNG+님/XSN+들/XSN+처럼/JKB+결혼/NNG+생활/NNG+하/XSV+고/EC+싶/VX+다/EF+ㅠㅠ/UNKNOWN+부러워/VA+EC"
          },
          {
            "id": 10,
            "text": "3 : 하하 그래도 두분 너무 부럽다",
            "norm_text": "하하 그래도 두분 너무 부럽다",
            "speaker": {
              "id": "3번",
              "sex": "남성",
              "age": "20대"
            },
            "speechAct": "(단언) 주장하기",
            "morpheme": "하하/MAG+그래도/VV+EC+두/MM+분/NNBC+너무/MAG+부럽/VA+다/EC"
          },
          {
            "id": 11,
            "text": "1 : 응 나도 두 분처럼 살고 싶어",
            "norm_text": "응 나도 두 분처럼 살고 싶어",
            "speaker": {
              "id": "1번",
              "sex": "여성",
              "age": "20대"
            },
            "speechAct": "(단언) 주장하기",
            "morpheme": "응/IC+나/NP+도/JX+두/MM+분/NNBC+처럼/JKB+살/VV+고/EC+싶/VX+어/EC"
          },
          {
            "id": 12,
            "text": "2 : 웅 진짜 너도 그렇게 생활 할 거 같아 하하",
            "norm_text": "웅 진짜 너도 그렇게 생활 할 거 같아 하하",
            "speaker": {
              "id": "2번",
              "sex": "여성",
              "age": "20대"
            },
            "speechAct": "(단언) 주장하기",
            "morpheme": "웅/IC+진짜/MAG+너/NP+도/JX+그렇/VA+게/EC+생활/NNG+할/XSV+ETM+거/NNB+같/VA+아/EC+하하/MAG"
          },
          {
            "id": 13,
            "text": "3 : 나도~ 그렇게 아름답게 늙어가고 싶다~",
            "norm_text": "나도~ 그렇게 아름답게 늙어가고 싶다~",
            "speaker": {
              "id": "3번",
              "sex": "남성",
              "age": "20대"
            },
            "speechAct": "(단언) 주장하기",
            "morpheme": "나/NP+도/JX+~/SY+그렇게/MAG+아름답/VA+게/EC+늙/VV+어/EC+가/VX+고/EC+싶/VX+다/EC+~/SY"
          },
          {
            "id": 14,
            "text": "1 : 하하 응 난 내 이상형이 아빠니까",
            "norm_text": "하하 응 난 내 이상형이 아빠니까",
            "speaker": {
              "id": "1번",
              "sex": "여성",
              "age": "20대"
            },
            "speechAct": "(단언) 주장하기",
            "morpheme": "하하/MAG+응/IC+난/NP+JX+내/NP+JKG+이상형/NNG+이/JKS+아빠/NNG+니까/VCP+EC"
          },
          {
            "id": 15,
            "text": "3 : 오, 그거 진짜 멋있는 말이다",
            "norm_text": "오, 그거 진짜 멋있는 말이다",
            "speaker": {
              "id": "3번",
              "sex": "남성",
              "age": "20대"
            },
            "speechAct": "(단언) 주장하기",
            "morpheme": "오/IC+,/SC+그거/NP+진짜/MAG+멋있/VA+는/ETM+말/NNG+이/VCP+다/EC"
          },
          {
            "id": 16,
            "text": "2 : 가끔 노부부들이 손 잡고 마실 다니는 거 보면 진짜 보기 좋더라!",
            "norm_text": "가끔 노부부들이 손 잡고 마실 다니는 거 보면 진짜 보기 좋더라!",
            "speaker": {
              "id": "2번",
              "sex": "여성",
              "age": "20대"
            },
            "speechAct": "(단언) 주장하기",
            "morpheme": "가끔/MAG+노부부/NNG+들/XSN+이/JKS+손잡/VV+고/EC+마실/VV+ETM+다니/VV+는/ETM+거/NNB+보/VV+면/EC+진짜/MAG+보/VV+기/ETN+좋/VA+더라/EF"
          },
          {
            "id": 17,
            "text": "1 : 응 나는 늙어서도 손 잡고 싶어 하하",
            "norm_text": "응 나는 늙어서도 손 잡고 싶어 하하",
            "speaker": {
              "id": "1번",
              "sex": "여성",
              "age": "20대"
            },
            "speechAct": "(단언) 주장하기",
            "morpheme": "응/IC+나/NP+는/JX+늙/VV+어서/EC+도/JX+손잡/VV+고/EC+싶/VX+어/EC+하하/MAG"
          },
          {
            "id": 18,
            "text": "2 : 맞아 ㅠㅠ 진짜 로맨틱 하고 좋은 거 같아 하하",
            "norm_text": "맞아 ㅠㅠ 진짜 로맨틱 하고 좋은 거 같아 하하",
            "speaker": {
              "id": "2번",
              "sex": "여성",
              "age": "20대"
            },
            "speechAct": "(단언) 주장하기",
            "morpheme": "맞/VV+아/EC+ㅠㅠ/UNKNOWN+진짜/MAG+로맨틱/NNG+하/XSV+고/EC+좋/VA+은/ETM+거/NNB+같/VA+아/EC+하하/MAG"
          },
          {
            "id": 19,
            "text": "3 : 하하 오 으악 진짜 로맨틱하다",
            "norm_text": "하하 오 으악 진짜 로맨틱하다",
            "speaker": {
              "id": "3번",
              "sex": "남성",
              "age": "20대"
            },
            "speechAct": "(단언) 주장하기",
            "morpheme": "하/IC+하오/IC+으악/IC+진짜/MAG+로맨틱/NNG+하/XSV+다/EC"
          }
        ]
      }
    }
  ]
}