{
  "dataset": {
    "identifier": 535,
    "name": "NATEON_24_06_set",
    "src_path": "/data/file/cubeManager/PROJECT001/7/txt20210827181432058265/NATEON_24_06_set/",
    "label_path": "/data/file/cubeManager/PROJECT001/7/txt20210827181432058265/NATEON_24_06_set/",
    "category": 2,
    "type": 0
  },
  "licenses": {
    "name": "Apache License 1.0",
    "url": "http://www.apache.org/licenses/LICENSE-1.0"
  },
  "info": [
    {
      "id": 853,
      "filename": "NATEON_24_06.txt",
      "title": "NATEON_24_06",
      "mediatype": "메신저",
      "medianame": "네이트온",
      "category": "일상대화",
      "date": "2021-08-27",
      "size": 1067,
      "annotations": {
        "subject": "교육",
        "speaker_type": "1:1",
        "size": 1067,
        "word_size": 337,
        "text": "1 : 예전에 학생일 때 학원 많이 다녔어?\n2 : 음 나는 과외 몇 번 해 봤고 컴퓨터 학원 다닌 게 전부지\n2 : 많이는 안 다녔어\n2 : 너는 많이 다녔어?\n1 : 응 나는 학교가 대치동 쪽이었어서 많이 다녔어!\n1 : 사교육의 폐해로 학원을 안 가면 혼자서는 공부를 잘 안 했어 키키\n1:  컴퓨터 학원도 다녔으면 자격증도 있어?\n2 : 자격증을 위해서 학원을 다녔지만 필기만 따고 실기에서 포기해 버려서 취득까진 못했어 키키\n2 : 학원 많이 다녀서 따게 된 자격증도 있어?\n1 : 아니 거의 수능에 맞춰서 다닌 학원들이라 자격증은 따로 없어!\n1 : 외국어 공부 따로 하는 거 있어?\n2 : 것도 맨날 해야지 해야지 하면서 안 하고 있다...\n2 : 영어 공부는 꼭 해야겠다고 생각하고 있는데\n2 : 너는 공부하고 싶은 외국어가 있어?\n1 : 나는 영어도 꾸준히 해야 안 까먹을 것 같긴 한데\n1 : 요즘에는 프랑스어나 독일어 같은 언어도 새롭고 재밌을 거 같아!\n2 : 다들 배우면 좋은 외국어들이네\n2 : 그런 거는 배우면 학원에서 배우려고 하는 거야?\n1 : 학원도 괜찮은데 요즘은 그냥 집에서 할 수 있는 학습지나 어플들도 많이 있더라고!\n1 : 혼자 하면 잘 안 하게 되려나?\n2 : 그건 확실히 개인차가 있는 것 같아\n2 : 의지가 약하면 아무리 학습지 강의 이런 거 있어도 쉽지 않을 것 같아\n2 : 독학으로 공부 뭐 해 봤어?\n1 : 거의 독학은 안 해본 것 같아...\n1 : 학교 다닐 때 제2외국어 뭐 선택했었어?\n2 : 나는 일본어 선택해서 몇 년이나 배웠었는데 히라가나도 다 까먹었다...\n2 : 일본어는 좀 알아?\n1 : 아니 일본어 아예 몰라 ㅠㅠ\n1 : 난 프랑스어 선택했었거든...\n1 : 일본어가 그나마 한국어랑 어순이 같아서 배우기 쉬울 거 같긴 해!\n1 : 일본 여행 가서도 써먹을 수 있으니까 배워두면 좋겠다\n2 : 그치\n2 : 많이 어렵지 않다고 하는데 난 너무 어렵더라고...\n2 : 불어는 그럼 좀 하는 편이야?\n1 : 그냥 인사하고 이름 말하고 이 정도지 거의 못해 하하\n1 : 예전에 수능에서 등급 잘 받으려고 아랍어 하는 애들도 있었는데 주변에 있었어?\n2 : 아랍어 키키\n2 : 아니 없었어\n2: 그건 좀 신기하다!",
        "lines": [
          {
            "id": 1,
            "text": "1 : 예전에 학생일 때 학원 많이 다녔어?",
            "norm_text": "예전에 학생일 때 학원 많이 다녔어?",
            "speaker": {
              "id": "1번",
              "sex": "여성",
              "age": "20대"
            },
            "speechAct": "(지시) 질문하기",
            "morpheme": "예전/NNG+에/JKB+학생/NNG+일/VCP+ETM+때/NNG+학원/NNG+많이/MAG+다녔/VV+EP+어/EF"
          },
          {
            "id": 2,
            "text": "2 : 음 나는 과외 몇 번 해 봤고 컴퓨터 학원 다닌 게 전부지",
            "norm_text": "음 나는 과외 몇 번 해 봤고 컴퓨터 학원 다닌 게 전부지",
            "speaker": {
              "id": "2번",
              "sex": "여성",
              "age": "20대"
            },
            "speechAct": "(단언) 진술하기",
            "morpheme": "음/IC+나/NP+는/JX+과외/NNG+몇/MM+번/NNBC+해/VV+EC+봤/VX+EP+고/EC+컴퓨터/NNG+학원/NNG+다닌/VV+ETM+게/NNB+JKS+전/MM+부지/NNG"
          },
          {
            "id": 3,
            "text": "2 : 많이는 안 다녔어",
            "norm_text": "많이는 안 다녔어",
            "speaker": {
              "id": "2번",
              "sex": "여성",
              "age": "20대"
            },
            "speechAct": "(단언) 진술하기",
            "morpheme": "많이/MAG+는/JX+안/MAG+다녔/VV+EP+어/EC"
          },
          {
            "id": 4,
            "text": "2 : 너는 많이 다녔어?",
            "norm_text": "너는 많이 다녔어?",
            "speaker": {
              "id": "2번",
              "sex": "여성",
              "age": "20대"
            },
            "speechAct": "(지시) 질문하기",
            "morpheme": "너/NP+는/JX+많이/MAG+다녔/VV+EP+어/EF"
          },
          {
            "id": 5,
            "text": "1 : 응 나는 학교가 대치동 쪽이었어서 많이 다녔어!",
            "norm_text": "응 나는 학교가 대치동 쪽이었어서 많이 다녔어!",
            "speaker": {
              "id": "1번",
              "sex": "여성",
              "age": "20대"
            },
            "speechAct": "(단언) 진술하기",
            "morpheme": "응/IC+나/NP+는/JX+학교/NNG+가/JKS+대치동/NNP+쪽/NNB+이/VCP+었/EP+어서/EC+많이/MAG+다녔/VV+EP+어/EF"
          },
          {
            "id": 6,
            "text": "1 : 사교육의 폐해로 학원을 안 가면 혼자서는 공부를 잘 안 했어 키키",
            "norm_text": "사교육의 폐해로 학원을 안 가면 혼자서는 공부를 잘 안 했어 키키",
            "speaker": {
              "id": "1번",
              "sex": "여성",
              "age": "20대"
            },
            "speechAct": "(단언) 주장하기",
            "morpheme": "사교육/NNG+의/JKG+폐해/NNG+로/JKB+학원/NNG+을/JKO+안/MAG+가/VV+면/EC+혼자/NNG+서/JKB+는/JX+공부/NNG+를/JKO+잘/MAG+안/MAG+했/VV+EP+어/EC+키/NNG+키/XSV+ETN"
          },
          {
            "id": 7,
            "text": "1:  컴퓨터 학원도 다녔으면 자격증도 있어?",
            "norm_text": "컴퓨터 학원도 다녔으면 자격증도 있어?",
            "speaker": {
              "id": "1번",
              "sex": "여성",
              "age": "20대"
            },
            "speechAct": "(지시) 질문하기",
            "morpheme": "컴퓨터/NNG+학원/NNG+도/JX+다녔/VV+EP+으면/EC+자격증/NNG+도/JX+있/VA+어/EF"
          },
          {
            "id": 8,
            "text": "2 : 자격증을 위해서 학원을 다녔지만 필기만 따고 실기에서 포기해 버려서 취득까진 못했어 키키",
            "norm_text": "자격증을 위해서 학원을 다녔지만 필기만 따고 실기에서 포기해 버려서 취득까진 못했어 키키",
            "speaker": {
              "id": "2번",
              "sex": "여성",
              "age": "20대"
            },
            "speechAct": "(단언) 진술하기",
            "morpheme": "자격증/NNG+을/JKO+위해서/VV+EC+학원/NNG+을/JKO+다녔/VV+EP+지만/EC+필기/NNG+만/JX+따/VV+고/EC+실기/NNG+에서/JKB+포기/NNG+해버려서/XSV+EC+VX+EC+취득/NNG+까진/JX+JX+못/MAG+했/VV+EP+어/EC+키/NNG+키/XSV+ETN"
          },
          {
            "id": 9,
            "text": "2 : 학원 많이 다녀서 따게 된 자격증도 있어?",
            "norm_text": "학원 많이 다녀서 따게 된 자격증도 있어?",
            "speaker": {
              "id": "2번",
              "sex": "여성",
              "age": "20대"
            },
            "speechAct": "(지시) 질문하기",
            "morpheme": "학원/NNG+많이/MAG+다녀서/VV+EC+따/VV+게/EC+된/VV+ETM+자격증/NNG+도/JX+있/VA+어/EF"
          },
          {
            "id": 10,
            "text": "1 : 아니 거의 수능에 맞춰서 다닌 학원들이라 자격증은 따로 없어!",
            "norm_text": "아니 거의 수능에 맞춰서 다닌 학원들이라 자격증은 따로 없어!",
            "speaker": {
              "id": "1번",
              "sex": "여성",
              "age": "20대"
            },
            "speechAct": "(단언) 진술하기",
            "morpheme": "아니/IC+거의/MAG+수능/NNG+에/JKB+맞춰서/VV+EC+다닌/VV+ETM+학원/NNG+들/XSN+이/VCP+라/EC+자격증/NNG+은/JX+따로/MAG+없/VA+어/EF"
          },
          {
            "id": 11,
            "text": "1 : 외국어 공부 따로 하는 거 있어?",
            "norm_text": "외국어 공부 따로 하는 거 있어?",
            "speaker": {
              "id": "1번",
              "sex": "여성",
              "age": "20대"
            },
            "speechAct": "(지시) 질문하기",
            "morpheme": "외국어/NNG+공부/NNG+따로/MAG+하/VV+는/ETM+거/NNB+있/VA+어/EF"
          },
          {
            "id": 12,
            "text": "2 : 것도 맨날 해야지 해야지 하면서 안 하고 있다...",
            "norm_text": "것도 맨날 해야지 해야지 하면서 안 하고 있다...",
            "speaker": {
              "id": "2번",
              "sex": "여성",
              "age": "20대"
            },
            "speechAct": "(단언) 진술하기",
            "morpheme": "것/NNB+도/JX+맨날/MAG+해야지/VV+EC+해야지/VX+EC+하/VV+면서/EC+안/MAG+하/VV+고/EC+있/VX+다/EF+./SY"
          },
          {
            "id": 13,
            "text": "2 : 영어 공부는 꼭 해야겠다고 생각하고 있는데",
            "norm_text": "영어 공부는 꼭 해야겠다고 생각하고 있는데",
            "speaker": {
              "id": "2번",
              "sex": "여성",
              "age": "20대"
            },
            "speechAct": "(단언) 주장하기",
            "morpheme": "영어/NNG+공부/NNG+는/JX+꼭/MAG+해야/VV+EC+VX+겠/EP+다고/EC+생각/NNG+하/XSV+고/EC+있/VX+는데/EC"
          },
          {
            "id": 14,
            "text": "2 : 너는 공부하고 싶은 외국어가 있어?",
            "norm_text": "너는 공부하고 싶은 외국어가 있어?",
            "speaker": {
              "id": "2번",
              "sex": "여성",
              "age": "20대"
            },
            "speechAct": "(지시) 질문하기",
            "morpheme": "너/NP+는/JX+공부/NNG+하/XSV+고/EC+싶/VX+은/ETM+외국어/NNG+가/JKS+있/VA+어/EF"
          },
          {
            "id": 15,
            "text": "1 : 나는 영어도 꾸준히 해야 안 까먹을 것 같긴 한데",
            "norm_text": "나는 영어도 꾸준히 해야 안 까먹을 것 같긴 한데",
            "speaker": {
              "id": "1번",
              "sex": "여성",
              "age": "20대"
            },
            "speechAct": "(단언) 주장하기",
            "morpheme": "나/NP+는/JX+영어/NNG+도/JX+꾸준히/MAG+해야/VV+EC+안/MAG+까먹/VV+을/ETM+것/NNB+같/VA+긴/ETN+JX+한데/VX+EC"
          },
          {
            "id": 16,
            "text": "1 : 요즘에는 프랑스어나 독일어 같은 언어도 새롭고 재밌을 거 같아!",
            "norm_text": "요즘에는 프랑스어나 독일어 같은 언어도 새롭고 재밌을 거 같아!",
            "speaker": {
              "id": "1번",
              "sex": "여성",
              "age": "20대"
            },
            "speechAct": "(단언) 주장하기",
            "morpheme": "요즘/NNG+에/JKB+는/JX+프랑스어/NNP+나/JC+독일어/NNG+같/VA+은/ETM+언어/NNG+도/JX+새롭/VA+고/EC+재밌/VA+을/ETM+거/NNB+같/VA+아/EF"
          },
          {
            "id": 17,
            "text": "2 : 다들 배우면 좋은 외국어들이네",
            "norm_text": "다들 배우면 좋은 외국어들이네",
            "speaker": {
              "id": "2번",
              "sex": "여성",
              "age": "20대"
            },
            "speechAct": "(단언) 주장하기",
            "morpheme": "다/MAG+들/XSN+배우/VV+면/EC+좋/VA+은/ETM+외국어/NNG+들/XSN+이/JKS+네/MM"
          },
          {
            "id": 18,
            "text": "2 : 그런 거는 배우면 학원에서 배우려고 하는 거야?",
            "norm_text": "그런 거는 배우면 학원에서 배우려고 하는 거야?",
            "speaker": {
              "id": "2번",
              "sex": "여성",
              "age": "20대"
            },
            "speechAct": "(지시) 질문하기",
            "morpheme": "그런/MM+거/NNB+는/JX+배우/VV+면/EC+학원/NNG+에서/JKB+배우/VV+려고/EC+하/VV+는/ETM+거/NNB+야/VCP+EF"
          },
          {
            "id": 19,
            "text": "1 : 학원도 괜찮은데 요즘은 그냥 집에서 할 수 있는 학습지나 어플들도 많이 있더라고!",
            "norm_text": "학원도 괜찮은데 요즘은 그냥 집에서 할 수 있는 학습지나 어플들도 많이 있더라고!",
            "speaker": {
              "id": "1번",
              "sex": "여성",
              "age": "20대"
            },
            "speechAct": "(단언) 진술하기",
            "morpheme": "학원/NNG+도/JX+괜찮/VA+은데/EC+요즘/NNG+은/JX+그냥/MAG+집/NNG+에서/JKB+할/VV+ETM+수/NNB+있/VV+는/ETM+학습/NNG+지나/VV+어/EC+플/NNG+들/XSN+도/JX+많이/MAG+있/VA+더라고/EF"
          },
          {
            "id": 20,
            "text": "1 : 혼자 하면 잘 안 하게 되려나?",
            "norm_text": "혼자 하면 잘 안 하게 되려나?",
            "speaker": {
              "id": "1번",
              "sex": "여성",
              "age": "20대"
            },
            "speechAct": "(지시) 질문하기",
            "morpheme": "혼자/NNG+하/XSV+면/EC+잘/MAG+안/MAG+하/VV+게/EC+되/VV+려나/EF"
          },
          {
            "id": 21,
            "text": "2 : 그건 확실히 개인차가 있는 것 같아",
            "norm_text": "그건 확실히 개인차가 있는 것 같아",
            "speaker": {
              "id": "2번",
              "sex": "여성",
              "age": "20대"
            },
            "speechAct": "(단언) 주장하기",
            "morpheme": "그건/NP+JX+확실히/MAG+개인차/NNG+가/JKS+있/VA+는/ETM+것/NNB+같/VA+아/EC"
          },
          {
            "id": 22,
            "text": "2 : 의지가 약하면 아무리 학습지 강의 이런 거 있어도 쉽지 않을 것 같아",
            "norm_text": "의지가 약하면 아무리 학습지 강의 이런 거 있어도 쉽지 않을 것 같아",
            "speaker": {
              "id": "2번",
              "sex": "여성",
              "age": "20대"
            },
            "speechAct": "(단언) 주장하기",
            "morpheme": "의지/NNG+가/JKS+약하/VA+면/EC+아무리/MAG+학습지/NNG+강의/NNG+이런/MM+거/NNB+있/VA+어도/EC+쉽/VA+지/EC+않/VX+을/ETM+것/NNB+같/VA+아/EC"
          },
          {
            "id": 23,
            "text": "2 : 독학으로 공부 뭐 해 봤어?",
            "norm_text": "독학으로 공부 뭐 해 봤어?",
            "speaker": {
              "id": "2번",
              "sex": "여성",
              "age": "20대"
            },
            "speechAct": "(지시) 질문하기",
            "morpheme": "독학/NNG+으로/JKB+공부/NNG+뭐/IC+해/VV+EC+봤/VX+EP+어/EF"
          },
          {
            "id": 24,
            "text": "1 : 거의 독학은 안 해본 것 같아...",
            "norm_text": "거의 독학은 안 해본 것 같아...",
            "speaker": {
              "id": "1번",
              "sex": "여성",
              "age": "20대"
            },
            "speechAct": "(단언) 진술하기",
            "morpheme": "거의/MAG+독학/NNG+은/JX+안/MAG+해/VV+EC+본/VX+ETM+것/NNB+같/VA+아/EF+./SY"
          },
          {
            "id": 25,
            "text": "1 : 학교 다닐 때 제2외국어 뭐 선택했었어?",
            "norm_text": "학교 다닐 때 제2외국어 뭐 선택했었어?",
            "speaker": {
              "id": "1번",
              "sex": "여성",
              "age": "20대"
            },
            "speechAct": "(지시) 질문하기",
            "morpheme": "학교/NNG+다닐/VV+ETM+때/NNG+제/XPN+2/SN+외국어/NNG+뭐/IC+선택/NNG+했었/XSV+EP+어/EF"
          },
          {
            "id": 26,
            "text": "2 : 나는 일본어 선택해서 몇 년이나 배웠었는데 히라가나도 다 까먹었다...",
            "norm_text": "나는 일본어 선택해서 몇 년이나 배웠었는데 히라가나도 다 까먹었다...",
            "speaker": {
              "id": "2번",
              "sex": "여성",
              "age": "20대"
            },
            "speechAct": "(단언) 진술하기",
            "morpheme": "나/NP+는/JX+일본어/NNG+선택/NNG+해서/XSV+EC+몇/MM+년/NNBC+이나/JX+배웠었/VV+EP+는데/EC+히라가나/NNP+도/JX+다/MAG+까먹/VV+었/EP+다/EF+./SY"
          },
          {
            "id": 27,
            "text": "2 : 일본어는 좀 알아?",
            "norm_text": "일본어는 좀 알아?",
            "speaker": {
              "id": "2번",
              "sex": "여성",
              "age": "20대"
            },
            "speechAct": "(지시) 질문하기",
            "morpheme": "일본어/NNG+는/JX+좀/MAG+알/VV+아/EF"
          },
          {
            "id": 28,
            "text": "1 : 아니 일본어 아예 몰라 ㅠㅠ",
            "norm_text": "아니 일본어 아예 몰라 ㅠㅠ",
            "speaker": {
              "id": "1번",
              "sex": "여성",
              "age": "20대"
            },
            "speechAct": "(단언) 진술하기",
            "morpheme": "아니/IC+일본/NNP+어/IC+아예/MAG+몰라/VV+EF+ㅠㅠ/UNKNOWN"
          },
          {
            "id": 29,
            "text": "1 : 난 프랑스어 선택했었거든...",
            "norm_text": "난 프랑스어 선택했었거든...",
            "speaker": {
              "id": "1번",
              "sex": "여성",
              "age": "20대"
            },
            "speechAct": "(단언) 진술하기",
            "morpheme": "난/NP+JX+프랑스어/NNP+선택/NNG+했었/XSV+EP+거든/EF+./SY"
          },
          {
            "id": 30,
            "text": "1 : 일본어가 그나마 한국어랑 어순이 같아서 배우기 쉬울 거 같긴 해!",
            "norm_text": "일본어가 그나마 한국어랑 어순이 같아서 배우기 쉬울 거 같긴 해!",
            "speaker": {
              "id": "1번",
              "sex": "여성",
              "age": "20대"
            },
            "speechAct": "(단언) 주장하기",
            "morpheme": "일본어/NNG+가/JKS+그나마/MAG+한국어/NNG+랑/JKB+어순/NNG+이/JKS+같/VA+아서/EC+배우/VV+기/ETN+쉬울/VA+ETM+거/NNB+같/VA+긴/ETN+JX+해/VX+EF"
          },
          {
            "id": 31,
            "text": "1 : 일본 여행 가서도 써먹을 수 있으니까 배워두면 좋겠다",
            "norm_text": "일본 여행 가서도 써먹을 수 있으니까 배워두면 좋겠다",
            "speaker": {
              "id": "1번",
              "sex": "여성",
              "age": "20대"
            },
            "speechAct": "(단언) 주장하기",
            "morpheme": "일본/NNP+여행가/NNG+서/JKB+도/JX+써먹/VV+을/ETM+수/NNB+있/VV+으니까/EC+배워/VV+EC+두/VX+면/EC+좋/VA+겠/EP+다/EC"
          },
          {
            "id": 32,
            "text": "2 : 그치",
            "norm_text": "그치",
            "speaker": {
              "id": "2번",
              "sex": "여성",
              "age": "20대"
            },
            "speechAct": "(단언) 주장하기",
            "morpheme": "그치/IC"
          },
          {
            "id": 33,
            "text": "2 : 많이 어렵지 않다고 하는데 난 너무 어렵더라고...",
            "norm_text": "많이 어렵지 않다고 하는데 난 너무 어렵더라고...",
            "speaker": {
              "id": "2번",
              "sex": "여성",
              "age": "20대"
            },
            "speechAct": "(단언) 주장하기",
            "morpheme": "많이/MAG+어렵/VA+지/EC+않/VX+다고/EC+하/VV+는데/EC+난/NP+JX+너무/MAG+어렵/VA+더라고/EF+./SY"
          },
          {
            "id": 34,
            "text": "2 : 불어는 그럼 좀 하는 편이야?",
            "norm_text": "불어는 그럼 좀 하는 편이야?",
            "speaker": {
              "id": "2번",
              "sex": "여성",
              "age": "20대"
            },
            "speechAct": "(지시) 질문하기",
            "morpheme": "불어/NNG+는/JX+그럼/MAJ+좀/MAG+하/VV+는/ETM+편/NNB+이/VCP+야/EF"
          },
          {
            "id": 35,
            "text": "1 : 그냥 인사하고 이름 말하고 이 정도지 거의 못해 하하",
            "norm_text": "그냥 인사하고 이름 말하고 이 정도지 거의 못해 하하",
            "speaker": {
              "id": "1번",
              "sex": "여성",
              "age": "20대"
            },
            "speechAct": "(단언) 진술하기",
            "morpheme": "그냥/MAG+인사/NNG+하/XSV+고/EC+이름/NNG+말/NNG+하/XSV+고/EC+이/MM+정도/NNG+지/VCP+EF+거의/MAG+못/MAG+해/VV+EC+하하/MAG"
          },
          {
            "id": 36,
            "text": "1 : 예전에 수능에서 등급 잘 받으려고 아랍어 하는 애들도 있었는데 주변에 있었어?",
            "norm_text": "예전에 수능에서 등급 잘 받으려고 아랍어 하는 애들도 있었는데 주변에 있었어?",
            "speaker": {
              "id": "1번",
              "sex": "여성",
              "age": "20대"
            },
            "speechAct": "(지시) 질문하기",
            "morpheme": "예전/NNG+에/JKB+수능/NNG+에서/JKB+등급/NNG+잘/MAG+받/VV+으려고/EC+아랍어/NNP+하/VV+는/ETM+애/NNG+들/XSN+도/JX+있/VA+었/EP+는데/EC+주변/NNG+에/JKB+있/VV+었/EP+어/EF"
          },
          {
            "id": 37,
            "text": "2 : 아랍어 키키",
            "norm_text": "아랍어 키키",
            "speaker": {
              "id": "2번",
              "sex": "여성",
              "age": "20대"
            },
            "speechAct": "턴토크 사인(관습적 반응)",
            "morpheme": "아랍어/NNP+키/NNG+키/XSV+ETN"
          },
          {
            "id": 38,
            "text": "2 : 아니 없었어",
            "norm_text": "아니 없었어",
            "speaker": {
              "id": "2번",
              "sex": "여성",
              "age": "20대"
            },
            "speechAct": "(단언) 진술하기",
            "morpheme": "아니/IC+없/VA+었/EP+어/EC"
          },
          {
            "id": 39,
            "text": "2: 그건 좀 신기하다!",
            "norm_text": "그건 좀 신기하다!",
            "speaker": {
              "id": "2번",
              "sex": "여성",
              "age": "20대"
            },
            "speechAct": "(단언) 주장하기",
            "morpheme": "그건/NP+JX+좀/MAG+신기/XR+하/XSA+다/EF"
          }
        ]
      }
    }
  ]
}