{
  "dataset": {
    "identifier": 545,
    "name": "NATEON_24_16_set",
    "src_path": "/data/file/cubeManager/PROJECT001/7/txt20210827181432065178/NATEON_24_16_set/",
    "label_path": "/data/file/cubeManager/PROJECT001/7/txt20210827181432065178/NATEON_24_16_set/",
    "category": 2,
    "type": 0
  },
  "licenses": {
    "name": "Apache License 1.0",
    "url": "http://www.apache.org/licenses/LICENSE-1.0"
  },
  "info": [
    {
      "id": 863,
      "filename": "NATEON_24_16.txt",
      "title": "NATEON_24_16",
      "mediatype": "메신저",
      "medianame": "네이트온",
      "category": "일상대화",
      "date": "2021-08-27",
      "size": 1065,
      "annotations": {
        "subject": "미용",
        "speaker_type": "1:1",
        "size": 1065,
        "word_size": 339,
        "text": "1 : 피부 관리나 시술 같은 거 받아서 관리하는 거 있어?\n2 : 아니 나는 관리를 그렇게 철저히 하는 편은 아니야\n2 : 너는 뭐 꾸준히 받는 거 있어?\n1 : 아니 나도 계속 관리하진 않는데 가끔 한 번씩 관리받으면 기분 좋더라고!\n1 : 성형까지는 부담스러우니까 피부 관리샵 같은 데 다니는 건 좋은 거 같아!\n2 : 피부 관리받으면 아무래도 힐링이 되지\n2 : 그럼 개인의 미용 만족도를 높이기 위해서는 어떤 게 가장 우선시 되어야 한다고 생각해?\n1 : 가장 우선 되어야 할 건 아무래도 다이어트이지 않을까?\n1 : 어느 정도 관리가 된 다음에 피부 관리도 하고 시술도 받고 이런 세세한 부분에 변화를 주는 게 더 효과적이라고 생각해!\n1 : 너는?\n2 : 나는 다이어트도 중요하다 생각하는데 것보다 피부가 중요하다고 생각해 개인적으로!\n2 : 남자든 여자든 피부가 좋으면 인물이 사는 것 같더라구\n1 : 그건 그래!\n1 : 피부도 엄청 중요하지\n1 : 트러블 나면 스트레스 많이 받잖아 ㅠㅠ\n1 : 성형 수술은 어떻게 생각해?\n1 : 하는 거 좋은 거 같애?\n2 : 나는 무서워하는 편이지만 스스로 괜찮다 하면 뭐 찬성이지\n2 : 성형하고 싶은 데 있어?\n1 : 너무 대수술이 될 거 같은데 돌려깎기? 하하 아니면 이마도 좀 볼록하게 하고 싶긴 해\n2 : 돌려깎기 그래...\n2 : 그건 난 누가 시켜준다 해도 못하겠더라\n2 : 누가 시켜준다면 할 거야?\n1 : 근데... 너무 무섭긴 해\n1 : 못 깨어나면 어떡해? 키키\n2 : 그니까 나도 그래서 못하겠어\n2 : 근데 너 막 필요성이 느껴지는 얼굴이 전혀 아닌데?\n1 : 아냐 거울 보다 보면 계속 아쉬운 부분이 나오지\n1 : 근데 성형을 해도 똑같을 거야!\n1 : 여기 하고 나면 다른 데가 부족해 보이고 할 거 같아 그치?\n2 : 그건 그렇지\n2 : 누구나 미모 욕심은 있으니 그 마음은 이해가 너무 돼\n2 : 나는 코가 하고 싶던데 코 생각은 안 했어?\n1 : 응 코는 별로 생각 안 해봤어!\n1 : 너무 부자연스럽지만 않으면 코 해보는 것도 좋을 거 같아~\n1 : 코가 사람 이미지를 되게 많이 좌우하더라고\n2 : 그치 인상에 영향이 많이 주는 것 같아\n2 : 조금만 달라져도 얼굴이 확 티가 나",
        "lines": [
          {
            "id": 1,
            "text": "1 : 피부 관리나 시술 같은 거 받아서 관리하는 거 있어?",
            "norm_text": "피부 관리나 시술 같은 거 받아서 관리하는 거 있어?",
            "speaker": {
              "id": "1번",
              "sex": "여성",
              "age": "20대"
            },
            "speechAct": "(지시) 질문하기",
            "morpheme": "피부/NNG+관리/NNG+나/JC+시술/NNG+같/VA+은/ETM+거/NNB+받/VV+아서/EC+관리/NNG+하/XSV+는/ETM+거/NNB+있/VA+어/EF"
          },
          {
            "id": 2,
            "text": "2 : 아니 나는 관리를 그렇게 철저히 하는 편은 아니야",
            "norm_text": "아니 나는 관리를 그렇게 철저히 하는 편은 아니야",
            "speaker": {
              "id": "2번",
              "sex": "여성",
              "age": "20대"
            },
            "speechAct": "(단언) 진술하기",
            "morpheme": "아니/IC+나/NP+는/JX+관리/NNG+를/JKO+그렇게/MAG+철저히/MAG+하/VV+는/ETM+편/NNB+은/JX+아니/VCN+야/EC"
          },
          {
            "id": 3,
            "text": "2 : 너는 뭐 꾸준히 받는 거 있어?",
            "norm_text": "너는 뭐 꾸준히 받는 거 있어?",
            "speaker": {
              "id": "2번",
              "sex": "여성",
              "age": "20대"
            },
            "speechAct": "(지시) 질문하기",
            "morpheme": "너/NP+는/JX+뭐/IC+꾸준히/MAG+받/VV+는/ETM+거/NNB+있/VA+어/EF"
          },
          {
            "id": 4,
            "text": "1 : 아니 나도 계속 관리하진 않는데 가끔 한 번씩 관리받으면 기분 좋더라고!",
            "norm_text": "아니 나도 계속 관리하진 않는데 가끔 한 번씩 관리받으면 기분 좋더라고!",
            "speaker": {
              "id": "1번",
              "sex": "여성",
              "age": "20대"
            },
            "speechAct": "(단언) 주장하기",
            "morpheme": "아니/IC+나/NP+도/JX+계속/MAG+관리/NNG+하/XSV+진/EC+JX+않/VX+는데/EC+가끔/MAG+한/MM+번/NNBC+씩/XSN+관리/NNG+받/VV+으면/EC+기분/NNG+좋/VA+더라고/EF"
          },
          {
            "id": 5,
            "text": "1 : 성형까지는 부담스러우니까 피부 관리샵 같은 데 다니는 건 좋은 거 같아!",
            "norm_text": "성형까지는 부담스러우니까 피부 관리샵 같은 데 다니는 건 좋은 거 같아!",
            "speaker": {
              "id": "1번",
              "sex": "여성",
              "age": "20대"
            },
            "speechAct": "(단언) 주장하기",
            "morpheme": "성형/NNG+까지/JX+는/JX+부담/NNG+스러우/XSA+니까/EC+피부/NNG+관리/NNG+샵/NNP+같/VA+은/ETM+데/NNB+다니/VV+는/ETM+건/NNB+JX+좋/VA+은/ETM+거/NNB+같/VA+아/EF"
          },
          {
            "id": 6,
            "text": "2 : 피부 관리받으면 아무래도 힐링이 되지",
            "norm_text": "피부 관리받으면 아무래도 힐링이 되지",
            "speaker": {
              "id": "2번",
              "sex": "여성",
              "age": "20대"
            },
            "speechAct": "(단언) 주장하기",
            "morpheme": "피부/NNG+관리/NNG+받/VV+으면/EC+아무래도/MAG+힐링/NNG+이/JKS+되/VV+지/EC"
          },
          {
            "id": 7,
            "text": "2 : 그럼 개인의 미용 만족도를 높이기 위해서는 어떤 게 가장 우선시 되어야 한다고 생각해?",
            "norm_text": "그럼 개인의 미용 만족도를 높이기 위해서는 어떤 게 가장 우선시 되어야 한다고 생각해?",
            "speaker": {
              "id": "2번",
              "sex": "여성",
              "age": "20대"
            },
            "speechAct": "(지시) 질문하기",
            "morpheme": "그럼/MAJ+개인/NNG+의/JKG+미용/NNG+만족도/NNG+를/JKO+높이/VV+기/ETN+위해서/VV+EC+는/JX+어떤/MM+게/NNB+JKS+가장/MAG+우선시/NNG+되/XSV+어야/EC+한다고/VX+EC+생각/NNG+해/XSV+EF"
          },
          {
            "id": 8,
            "text": "1 : 가장 우선 되어야 할 건 아무래도 다이어트이지 않을까?",
            "norm_text": "가장 우선 되어야 할 건 아무래도 다이어트이지 않을까?",
            "speaker": {
              "id": "1번",
              "sex": "여성",
              "age": "20대"
            },
            "speechAct": "(단언) 주장하기",
            "morpheme": "가장/MAG+우선/MAG+되/VV+어야/EC+할/VX+ETM+건/NNB+JX+아무래도/MAG+다이어트/NNG+이/VCP+지/EC+않/VX+을까/EF"
          },
          {
            "id": 9,
            "text": "1 : 어느 정도 관리가 된 다음에 피부 관리도 하고 시술도 받고 이런 세세한 부분에 변화를 주는 게 더 효과적이라고 생각해!",
            "norm_text": "어느 정도 관리가 된 다음에 피부 관리도 하고 시술도 받고 이런 세세한 부분에 변화를 주는 게 더 효과적이라고 생각해!",
            "speaker": {
              "id": "1번",
              "sex": "여성",
              "age": "20대"
            },
            "speechAct": "(단언) 주장하기",
            "morpheme": "어느/MM+정도/NNG+관리/NNG+가/JKS+된/VV+ETM+다음/NNG+에/JKB+피부/NNG+관리도/NNG+하/XSV+고/EC+시술/NNG+도/JX+받/VV+고/EC+이런/MM+세세/XR+한/XSA+ETM+부분/NNG+에/JKB+변화/NNG+를/JKO+주/VV+는/ETM+게/NNB+JKS+더/MAG+효과/NNG+적/XSN+이/VCP+라고/EC+생각/NNG+해/XSV+EF"
          },
          {
            "id": 10,
            "text": "1 : 너는?",
            "norm_text": "너는?",
            "speaker": {
              "id": "1번",
              "sex": "여성",
              "age": "20대"
            },
            "speechAct": "(지시) 질문하기",
            "morpheme": "너/NP+는/JX"
          },
          {
            "id": 11,
            "text": "2 : 나는 다이어트도 중요하다 생각하는데 것보다 피부가 중요하다고 생각해 개인적으로!",
            "norm_text": "나는 다이어트도 중요하다 생각하는데 것보다 피부가 중요하다고 생각해 개인적으로!",
            "speaker": {
              "id": "2번",
              "sex": "여성",
              "age": "20대"
            },
            "speechAct": "(단언) 주장하기",
            "morpheme": "나/NP+는/JX+다이어트/NNG+도/JX+중요/NNG+하/XSV+다/EC+생각/NNG+하/XSV+는/ETM+데/NNB+것/NNB+보다/JKB+피부/NNG+가/JKS+중요/NNG+하/XSV+다고/EC+생각/NNG+해/XSV+EC+개인/NNG+적/XSN+으로/JKB"
          },
          {
            "id": 12,
            "text": "2 : 남자든 여자든 피부가 좋으면 인물이 사는 것 같더라구",
            "norm_text": "남자든 여자든 피부가 좋으면 인물이 사는 것 같더라구",
            "speaker": {
              "id": "2번",
              "sex": "여성",
              "age": "20대"
            },
            "speechAct": "(단언) 주장하기",
            "morpheme": "남자/NNG+든/VCP+EC+여자/NNG+든/VCP+EC+피부/NNG+가/JKS+좋/VA+으면/EC+인물/NNG+이/JKS+사/VV+는/ETM+것/NNB+같/VA+더라구/EC"
          },
          {
            "id": 13,
            "text": "1 : 그건 그래!",
            "norm_text": "그건 그래!",
            "speaker": {
              "id": "1번",
              "sex": "여성",
              "age": "20대"
            },
            "speechAct": "(단언) 주장하기",
            "morpheme": "그건/NP+JX+그래/VA+EF"
          },
          {
            "id": 14,
            "text": "1 : 피부도 엄청 중요하지",
            "norm_text": "피부도 엄청 중요하지",
            "speaker": {
              "id": "1번",
              "sex": "여성",
              "age": "20대"
            },
            "speechAct": "(단언) 주장하기",
            "morpheme": "피부/NNG+도/JX+엄청/MAG+중요/NNG+하/XSV+지/EC"
          },
          {
            "id": 15,
            "text": "1 : 트러블 나면 스트레스 많이 받잖아 ㅠㅠ",
            "norm_text": "트러블 나면 스트레스 많이 받잖아 ㅠㅠ",
            "speaker": {
              "id": "1번",
              "sex": "여성",
              "age": "20대"
            },
            "speechAct": "(단언) 주장하기",
            "morpheme": "트러블/NNG+나/VV+면/EC+스트레스/NNG+많이/MAG+받/VV+잖아/EF+ㅠㅠ/UNKNOWN"
          },
          {
            "id": 16,
            "text": "1 : 성형 수술은 어떻게 생각해?",
            "norm_text": "성형 수술은 어떻게 생각해?",
            "speaker": {
              "id": "1번",
              "sex": "여성",
              "age": "20대"
            },
            "speechAct": "(지시) 질문하기",
            "morpheme": "성형수술/NNP+은/JX+어떻게/MAG+생각/NNG+해/XSV+EF"
          },
          {
            "id": 17,
            "text": "1 : 하는 거 좋은 거 같애?",
            "norm_text": "하는 거 좋은 거 같애?",
            "speaker": {
              "id": "1번",
              "sex": "여성",
              "age": "20대"
            },
            "speechAct": "(지시) 질문하기",
            "morpheme": "하/VV+는/ETM+거/NNB+좋/VA+은/ETM+거/NNB+같/VA+애/EF"
          },
          {
            "id": 18,
            "text": "2 : 나는 무서워하는 편이지만 스스로 괜찮다 하면 뭐 찬성이지",
            "norm_text": "나는 무서워하는 편이지만 스스로 괜찮다 하면 뭐 찬성이지",
            "speaker": {
              "id": "2번",
              "sex": "여성",
              "age": "20대"
            },
            "speechAct": "(단언) 주장하기",
            "morpheme": "나/NP+는/JX+무서워하/VV+는/ETM+편/NNB+이/VCP+지만/EC+스스로/MAG+괜찮/VA+다/EC+하/VV+면/EC+뭐/IC+찬성/NNG+이/VCP+지/EC"
          },
          {
            "id": 19,
            "text": "2 : 성형하고 싶은 데 있어?",
            "norm_text": "성형하고 싶은 데 있어?",
            "speaker": {
              "id": "2번",
              "sex": "여성",
              "age": "20대"
            },
            "speechAct": "(지시) 질문하기",
            "morpheme": "성형/NNG+하/XSV+고/EC+싶/VX+은데/EC+있/VX+어/EF"
          },
          {
            "id": 20,
            "text": "1 : 너무 대수술이 될 거 같은데 돌려깎기? 하하 아니면 이마도 좀 볼록하게 하고 싶긴 해",
            "norm_text": "너무 대수술이 될 거 같은데 돌려깎기? 하하 아니면 이마도 좀 볼록하게 하고 싶긴 해",
            "speaker": {
              "id": "1번",
              "sex": "여성",
              "age": "20대"
            },
            "speechAct": "(단언) 주장하기",
            "morpheme": "너무/MAG+대/XPN+수술/NNG+이/JKS+될/VV+ETM+거/NNB+같/VA+은/ETM+데/NNB+돌려/VV+EC+깎/VV+기/ETN+하하/MAG+아니/VCN+면/EC+이마/NNG+도/JX+좀/MAG+볼록/MAG+하/VV+게/EC+하/VV+고/EC+싶/VX+긴/ETN+JX+해/VX+EC"
          },
          {
            "id": 21,
            "text": "2 : 돌려깎기 그래...",
            "norm_text": "돌려깎기 그래...",
            "speaker": {
              "id": "2번",
              "sex": "여성",
              "age": "20대"
            },
            "speechAct": "턴토크 사인(관습적 반응)",
            "morpheme": "돌려/VV+EC+깎/VV+기/ETN+그래/VV+EF+./SY"
          },
          {
            "id": 22,
            "text": "2 : 그건 난 누가 시켜준다 해도 못하겠더라",
            "norm_text": "그건 난 누가 시켜준다 해도 못하겠더라",
            "speaker": {
              "id": "2번",
              "sex": "여성",
              "age": "20대"
            },
            "speechAct": "(단언) 주장하기",
            "morpheme": "그건/NP+JX+난/NP+JX+누가/NP+JKS+시켜/VV+EC+준다/VX+EC+해도/VV+EC+못하/VX+겠/EP+더라/EC"
          },
          {
            "id": 23,
            "text": "2 : 누가 시켜준다면 할 거야?",
            "norm_text": "누가 시켜준다면 할 거야?",
            "speaker": {
              "id": "2번",
              "sex": "여성",
              "age": "20대"
            },
            "speechAct": "(지시) 질문하기",
            "morpheme": "누가/NP+JKS+시켜/VV+EC+준다면/VX+EC+할/VX+ETM+거/NNB+야/VCP+EF"
          },
          {
            "id": 24,
            "text": "1 : 근데... 너무 무섭긴 해",
            "norm_text": "근데... 너무 무섭긴 해",
            "speaker": {
              "id": "1번",
              "sex": "여성",
              "age": "20대"
            },
            "speechAct": "(단언) 주장하기",
            "morpheme": "근데/MAJ+./SY+너무/MAG+무섭/VA+긴/ETN+JX+해/VX+EC"
          },
          {
            "id": 25,
            "text": "1 : 못 깨어나면 어떡해? 키키",
            "norm_text": "못 깨어나면 어떡해? 키키",
            "speaker": {
              "id": "1번",
              "sex": "여성",
              "age": "20대"
            },
            "speechAct": "(지시) 질문하기",
            "morpheme": "못/MAG+깨어나/VV+면/EC+어떡/XR+해/XSA+EF+키/NNG+키/XSV+ETN"
          },
          {
            "id": 26,
            "text": "2 : 그니까 나도 그래서 못하겠어",
            "norm_text": "그니까 나도 그래서 못하겠어",
            "speaker": {
              "id": "2번",
              "sex": "여성",
              "age": "20대"
            },
            "speechAct": "(단언) 주장하기",
            "morpheme": "그니까/MAJ+나/NP+도/JX+그래서/VV+EC+못하/VX+겠/EP+어/EC"
          },
          {
            "id": 27,
            "text": "2 : 근데 너 막 필요성이 느껴지는 얼굴이 전혀 아닌데?",
            "norm_text": "근데 너 막 필요성이 느껴지는 얼굴이 전혀 아닌데?",
            "speaker": {
              "id": "2번",
              "sex": "여성",
              "age": "20대"
            },
            "speechAct": "(단언) 주장하기",
            "morpheme": "근데/MAJ+너/NP+막/MAJ+필요/NNG+성/XSN+이/JKS+느껴/VV+EC+지/VX+는/ETM+얼굴/NNG+이/JKS+전혀/MAG+아닌데/VCN+EF"
          },
          {
            "id": 28,
            "text": "1 : 아냐 거울 보다 보면 계속 아쉬운 부분이 나오지",
            "norm_text": "아냐 거울 보다 보면 계속 아쉬운 부분이 나오지",
            "speaker": {
              "id": "1번",
              "sex": "여성",
              "age": "20대"
            },
            "speechAct": "(단언) 주장하기",
            "morpheme": "아냐/IC+거울/NNG+보다/JKB+보/VV+면/EC+계속/MAG+아쉬운/VA+ETM+부분/NNG+이/JKS+나오/VV+지/EC"
          },
          {
            "id": 29,
            "text": "1 : 근데 성형을 해도 똑같을 거야!",
            "norm_text": "근데 성형을 해도 똑같을 거야!",
            "speaker": {
              "id": "1번",
              "sex": "여성",
              "age": "20대"
            },
            "speechAct": "(단언) 주장하기",
            "morpheme": "근데/MAJ+성형/NNG+을/JKO+해도/VV+EC+똑같/VA+을/ETM+거/NNB+야/VCP+EF"
          },
          {
            "id": 30,
            "text": "1 : 여기 하고 나면 다른 데가 부족해 보이고 할 거 같아 그치?",
            "norm_text": "여기 하고 나면 다른 데가 부족해 보이고 할 거 같아 그치?",
            "speaker": {
              "id": "1번",
              "sex": "여성",
              "age": "20대"
            },
            "speechAct": "(지시) 질문하기",
            "morpheme": "여기/NP+하/VV+고/EC+나/VX+면/EC+다른/MM+데/NNB+가/JKS+부족/NNG+해/XSV+EC+보이/VV+고/EC+할/VX+ETM+거/NNB+같/VA+아/EC+그치/IC"
          },
          {
            "id": 31,
            "text": "2 : 그건 그렇지",
            "norm_text": "그건 그렇지",
            "speaker": {
              "id": "2번",
              "sex": "여성",
              "age": "20대"
            },
            "speechAct": "(단언) 주장하기",
            "morpheme": "그건/NP+JX+그렇/VA+지/EC"
          },
          {
            "id": 32,
            "text": "2 : 누구나 미모 욕심은 있으니 그 마음은 이해가 너무 돼",
            "norm_text": "누구나 미모 욕심은 있으니 그 마음은 이해가 너무 돼",
            "speaker": {
              "id": "2번",
              "sex": "여성",
              "age": "20대"
            },
            "speechAct": "(단언) 주장하기",
            "morpheme": "누구/NP+나/JX+미모/NNG+욕심/NNG+은/JX+있/VA+으니/EC+그/MM+마음/NNG+은/JX+이해/NNG+가/JKS+너무/MAG+돼/VV+EC"
          },
          {
            "id": 33,
            "text": "2 : 나는 코가 하고 싶던데 코 생각은 안 했어?",
            "norm_text": "나는 코가 하고 싶던데 코 생각은 안 했어?",
            "speaker": {
              "id": "2번",
              "sex": "여성",
              "age": "20대"
            },
            "speechAct": "(지시) 질문하기",
            "morpheme": "나/NP+는/JX+코/NNG+가/JKS+하/VV+고/EC+싶/VX+던/ETM+데/NNB+코/NNG+생각/NNG+은/JX+안/MAG+했/VV+EP+어/EF"
          },
          {
            "id": 34,
            "text": "1 : 응 코는 별로 생각 안 해봤어!",
            "norm_text": "응 코는 별로 생각 안 해봤어!",
            "speaker": {
              "id": "1번",
              "sex": "여성",
              "age": "20대"
            },
            "speechAct": "(단언) 주장하기",
            "morpheme": "응코/NNP+는/JX+별로/MAG+생각/NNG+안/MAG+해/VV+EC+봤/VX+EP+어/EF"
          },
          {
            "id": 35,
            "text": "1 : 너무 부자연스럽지만 않으면 코 해보는 것도 좋을 거 같아~",
            "norm_text": "너무 부자연스럽지만 않으면 코 해보는 것도 좋을 거 같아~",
            "speaker": {
              "id": "1번",
              "sex": "여성",
              "age": "20대"
            },
            "speechAct": "(단언) 주장하기",
            "morpheme": "너무/MAG+부자연/XR+스럽/XSA+지만/EC+않/VX+으면/EC+코/NNG+해/XSV+EC+보/VX+는/ETM+것/NNB+도/JX+좋/VA+을/ETM+거/NNB+같/VA+아/EC+~/SY"
          },
          {
            "id": 36,
            "text": "1 : 코가 사람 이미지를 되게 많이 좌우하더라고",
            "norm_text": "코가 사람 이미지를 되게 많이 좌우하더라고",
            "speaker": {
              "id": "1번",
              "sex": "여성",
              "age": "20대"
            },
            "speechAct": "(단언) 주장하기",
            "morpheme": "코/NNG+가/JKS+사람/NNG+이미지/NNG+를/JKO+되게/MAG+많이/MAG+좌우/NNG+하/XSV+더라고/EC"
          },
          {
            "id": 37,
            "text": "2 : 그치 인상에 영향이 많이 주는 것 같아",
            "norm_text": "그치 인상에 영향이 많이 주는 것 같아",
            "speaker": {
              "id": "2번",
              "sex": "여성",
              "age": "20대"
            },
            "speechAct": "(단언) 주장하기",
            "morpheme": "그치/IC+인상/NNG+에/JKB+영향/NNG+이/JKS+많이/MAG+주/VV+는/ETM+것/NNB+같/VA+아/EC"
          },
          {
            "id": 38,
            "text": "2 : 조금만 달라져도 얼굴이 확 티가 나",
            "norm_text": "조금만 달라져도 얼굴이 확 티가 나",
            "speaker": {
              "id": "2번",
              "sex": "여성",
              "age": "20대"
            },
            "speechAct": "(단언) 주장하기",
            "morpheme": "조금/MAG+만/JX+달라져도/VV+EC+얼굴/NNG+이/JKS+확/MAG+티가나/NNP"
          }
        ]
      }
    }
  ]
}