{
  "dataset": {
    "identifier": 541,
    "name": "NATEON_24_12_set",
    "src_path": "/data/file/cubeManager/PROJECT001/7/txt20210827181432062348/NATEON_24_12_set/",
    "label_path": "/data/file/cubeManager/PROJECT001/7/txt20210827181432062348/NATEON_24_12_set/",
    "category": 2,
    "type": 0
  },
  "licenses": {
    "name": "Apache License 1.0",
    "url": "http://www.apache.org/licenses/LICENSE-1.0"
  },
  "info": [
    {
      "id": 859,
      "filename": "NATEON_24_12.txt",
      "title": "NATEON_24_12",
      "mediatype": "메신저",
      "medianame": "네이트온",
      "category": "일상대화",
      "date": "2021-08-27",
      "size": 1166,
      "annotations": {
        "subject": "여행",
        "speaker_type": "1:1",
        "size": 1166,
        "word_size": 364,
        "text": "1 : 평소에 여행 다니는 거 좋아해?\n1 : 최근에 다녀온 데 있어?\n2 : 여행 완전 좋아하지\n2 : 요즘엔 시국이 이래서 거의 못 다니고 있지만 그나마 최근에 부산 갔다 왔었어\n2 : 너는 어디 다녀왔었어?\n1 : 나는 최근에 강원도 여행 갔다 왔어!\n1 : 여행 못 가는 상황이 되니까 해외 여행 더 가고 싶어지는 것 같아...\n2 : 맞아 휴가철이기도 해서 예전 같음 갔다 왔을 텐데...\n2 : 좋아하는 해외 여행지는 어디야?\n1 : 일본은 가까워서 자주 갔었고 음식 같은 것도 맛있어서 좋아해!\n1 : 시간만 되면 유럽이나 미국 이런 데 가는 것도 좋지!\n1 : 스위스 너무 좋아서 또 가보고 싶어~\n1 : 너는 해외 어디 가고 싶어?\n2 : 나는 그 갑자기 이름이 생각 안 나는데 우유니 사막 있는 나라 거기 꼭 가보고 싶고 언제가 될지 모르지만 다음 여행지는 아르헨티나야!\n2 : 일본은 어떤 게 좋았어?\n1 : 유후인은 료칸 갔었는데 거기서 아무 생각 없이 쉴 수 있어서 좋았어!\n1 : 그리고 음식도 맛있고 아기자기한 것들도 많고 해서 구경하는 재미도 있었어 하하\n1 : 우유니 사막도 엄청 멋있더라\n1 : 나도 가보고 싶어!\n2 : 일본은 딱히 정이 안 가서 가고 싶단 생각은 별로 없었는데 사람들 얘기 들어보면 다들 좋다고 하네!\n1 : 응응 한번 가보면 너도 좋아할걸?\n1 : 그리고 다른 나라보다 가까워서 짧게 다녀오기도 좋고!\n2 : 나는 거기서 온천 해 보고 싶어\n2 : 워낙 유명하잖아\n2 : 너는 해 봤어?\n1 : 응응 아까 말한 료칸에 개별 독채마다 목욕할 수 있는 데가 있었어!\n1 : 엄마랑 갔었는데 엄마도 엄청 좋아하시더라고\n2 : 아 맞어 거기 부모님 모시고 가면 그렇게 좋다더라고\n2 : 나도 코타키나발루 갔다 와서 여긴 나중에 가족들 꼭 데리고 다시 와야지 했거든\n2 : 또 가족들이랑 가고 싶은 여행지 있어?\n1 : 나는 하와이나 발리 한번 가보고 싶어~\n1 : 발리는 가서 휴양하고 오기에 좋을 거 같아서!\n1 : 너는?\n2 : 나는 중국이랑 베트남에 가족들을 데려가 보고 싶어\n2 : 가고 싶다던 우유니 사막은 신혼 여행 정도로 생각하고\n2 : 결혼은 생각 없지만 키키\n1 : 중국 베이징도 엄마랑 가봤었는데 나는 좀 별로였어...\n1 : 버스 타고 다니기도 힘들고 미세먼지도 우리나라보다 훨씬 심하고 그래서 다시 가고 싶진 않아 ㅠㅠ\n2 : 헉 그래?\n2 : 거긴 그럼 빼야겠다 키키\n2 : 참고할게!",
        "lines": [
          {
            "id": 1,
            "text": "1 : 평소에 여행 다니는 거 좋아해?",
            "norm_text": "평소에 여행 다니는 거 좋아해?",
            "speaker": {
              "id": "1번",
              "sex": "여성",
              "age": "20대"
            },
            "speechAct": "(지시) 질문하기",
            "morpheme": "평소/NNG+에/JKB+여행/NNG+다니/VV+는/ETM+거/NNB+좋/VA+아/EC+해/VX+EF"
          },
          {
            "id": 2,
            "text": "1 : 최근에 다녀온 데 있어?",
            "norm_text": "최근에 다녀온 데 있어?",
            "speaker": {
              "id": "1번",
              "sex": "여성",
              "age": "20대"
            },
            "speechAct": "(지시) 질문하기",
            "morpheme": "최근/NNG+에/JKB+다녀온/VV+ETM+데/NNB+있/VV+어/EF"
          },
          {
            "id": 3,
            "text": "2 : 여행 완전 좋아하지",
            "norm_text": "여행 완전 좋아하지",
            "speaker": {
              "id": "2번",
              "sex": "여성",
              "age": "20대"
            },
            "speechAct": "(단언) 주장하기",
            "morpheme": "여행/NNG+완전/NNG+좋/VA+아/EC+하/VV+지/EC"
          },
          {
            "id": 4,
            "text": "2 : 요즘엔 시국이 이래서 거의 못 다니고 있지만 그나마 최근에 부산 갔다 왔었어",
            "norm_text": "요즘엔 시국이 이래서 거의 못 다니고 있지만 그나마 최근에 부산 갔다 왔었어",
            "speaker": {
              "id": "2번",
              "sex": "여성",
              "age": "20대"
            },
            "speechAct": "(단언) 진술하기",
            "morpheme": "요즘/NNG+엔/JKB+JX+시국/NNG+이/JKS+이래서/VV+EC+거의/MAG+못/MAG+다니/VV+고/EC+있/VX+지만/EC+그나마/MAG+최근/NNG+에/JKB+부산/NNP+갔다왔었/VV+EP+어/EC"
          },
          {
            "id": 5,
            "text": "2 : 너는 어디 다녀왔었어?",
            "norm_text": "너는 어디 다녀왔었어?",
            "speaker": {
              "id": "2번",
              "sex": "여성",
              "age": "20대"
            },
            "speechAct": "(지시) 질문하기",
            "morpheme": "너/NP+는/JX+어디/NP+다녀왔/VV+EP+었/EP+어/EF"
          },
          {
            "id": 6,
            "text": "1 : 나는 최근에 강원도 여행 갔다 왔어!",
            "norm_text": "나는 최근에 강원도 여행 갔다 왔어!",
            "speaker": {
              "id": "1번",
              "sex": "여성",
              "age": "20대"
            },
            "speechAct": "(단언) 진술하기",
            "morpheme": "나/NP+는/JX+최근/NNG+에/JKB+강원도/NNP+여행/NNG+갔다왔/VV+EP+어/EF"
          },
          {
            "id": 7,
            "text": "1 : 여행 못 가는 상황이 되니까 해외 여행 더 가고 싶어지는 것 같아...",
            "norm_text": "여행 못 가는 상황이 되니까 해외 여행 더 가고 싶어지는 것 같아...",
            "speaker": {
              "id": "1번",
              "sex": "여성",
              "age": "20대"
            },
            "speechAct": "(단언) 주장하기",
            "morpheme": "여행/NNG+못/MAG+가/VV+는/ETM+상황/NNG+이/JKS+되/VV+니까/EC+해외여행/NNG+더/MAG+가/VV+고/EC+싶/VX+어/EC+지/VX+는/ETM+것/NNB+같/VA+아/EF+./SY"
          },
          {
            "id": 8,
            "text": "2 : 맞아 휴가철이기도 해서 예전 같음 갔다 왔을 텐데...",
            "norm_text": "맞아 휴가철이기도 해서 예전 같음 갔다 왔을 텐데...",
            "speaker": {
              "id": "2번",
              "sex": "여성",
              "age": "20대"
            },
            "speechAct": "(단언) 주장하기",
            "morpheme": "맞/VV+아/EC+휴가철/NNG+이/VCP+기/ETN+도/JX+해서/VV+EC+예전/NNG+같/VA+음/ETN+갔다왔/VV+EP+을/ETM+텐데/NNB+VCP+EF+./SY"
          },
          {
            "id": 9,
            "text": "2 : 좋아하는 해외 여행지는 어디야?",
            "norm_text": "좋아하는 해외 여행지는 어디야?",
            "speaker": {
              "id": "2번",
              "sex": "여성",
              "age": "20대"
            },
            "speechAct": "(지시) 질문하기",
            "morpheme": "좋/VA+아/EC+하/VV+는/ETM+해외/NNG+여행지/NNG+는/JX+어디/NP+야/VCP+EF"
          },
          {
            "id": 10,
            "text": "1 : 일본은 가까워서 자주 갔었고 음식 같은 것도 맛있어서 좋아해!",
            "norm_text": "일본은 가까워서 자주 갔었고 음식 같은 것도 맛있어서 좋아해!",
            "speaker": {
              "id": "1번",
              "sex": "여성",
              "age": "20대"
            },
            "speechAct": "(단언) 주장하기",
            "morpheme": "일본/NNP+은/JX+가까워서/VA+EC+자주/MAG+갔었/VV+EP+고/EC+음식/NNG+같/VA+은/ETM+것/NNB+도/JX+맛있/VA+어서/EC+좋/VA+아/EC+해/VX+EF"
          },
          {
            "id": 11,
            "text": "1 : 시간만 되면 유럽이나 미국 이런 데 가는 것도 좋지!",
            "norm_text": "시간만 되면 유럽이나 미국 이런 데 가는 것도 좋지!",
            "speaker": {
              "id": "1번",
              "sex": "여성",
              "age": "20대"
            },
            "speechAct": "(단언) 주장하기",
            "morpheme": "시간/NNG+만/JX+되/VV+면/EC+유럽/NNP+이나/JC+미국/NNP+이런/MM+데/NNB+가/VV+는/ETM+것/NNB+도/JX+좋/VA+지/EF"
          },
          {
            "id": 12,
            "text": "1 : 스위스 너무 좋아서 또 가보고 싶어~",
            "norm_text": "스위스 너무 좋아서 또 가보고 싶어~",
            "speaker": {
              "id": "1번",
              "sex": "여성",
              "age": "20대"
            },
            "speechAct": "(단언) 주장하기",
            "morpheme": "스위스/NNP+너무/MAG+좋/VA+아서/EC+또/MAG+가/VV+EC+보/VX+고/EC+싶/VX+어/EC+~/SY"
          },
          {
            "id": 13,
            "text": "1 : 너는 해외 어디 가고 싶어?",
            "norm_text": "너는 해외 어디 가고 싶어?",
            "speaker": {
              "id": "1번",
              "sex": "여성",
              "age": "20대"
            },
            "speechAct": "(지시) 질문하기",
            "morpheme": "너/NP+는/JX+해외/NNG+어디/NP+가/VV+고/EC+싶/VX+어/EF"
          },
          {
            "id": 14,
            "text": "2 : 나는 그 갑자기 이름이 생각 안 나는데 우유니 사막 있는 나라 거기 꼭 가보고 싶고 언제가 될지 모르지만 다음 여행지는 아르헨티나야!",
            "norm_text": "나는 그 갑자기 이름이 생각 안 나는데 우유니 사막 있는 나라 거기 꼭 가보고 싶고 언제가 될지 모르지만 다음 여행지는 아르헨티나야!",
            "speaker": {
              "id": "2번",
              "sex": "여성",
              "age": "20대"
            },
            "speechAct": "(단언) 주장하기",
            "morpheme": "나/NP+는/JX+그/IC+갑자기/MAG+이름/NNG+이/JKS+생각/NNG+안/MAG+나/VV+는데/EC+우유니/NNP+사막/NNG+있/VA+는/ETM+나라/NNG+거기/NP+꼭/MAG+가/VV+EC+보/VX+고/EC+싶/VX+고/EC+언제/NP+가/JKS+될지/VV+EC+모르/VV+지만/EC+다음/NNG+여행지/NNG+는/JX+아르헨티나/NNP+야/JKV"
          },
          {
            "id": 15,
            "text": "2 : 일본은 어떤 게 좋았어?",
            "norm_text": "일본은 어떤 게 좋았어?",
            "speaker": {
              "id": "2번",
              "sex": "여성",
              "age": "20대"
            },
            "speechAct": "(지시) 질문하기",
            "morpheme": "일본/NNP+은/JX+어떤/MM+게/NNB+JKS+좋/VA+았/EP+어/EF"
          },
          {
            "id": 16,
            "text": "1 : 유후인은 료칸 갔었는데 거기서 아무 생각 없이 쉴 수 있어서 좋았어!",
            "norm_text": "유후인은 료칸 갔었는데 거기서 아무 생각 없이 쉴 수 있어서 좋았어!",
            "speaker": {
              "id": "1번",
              "sex": "여성",
              "age": "20대"
            },
            "speechAct": "(단언) 주장하기",
            "morpheme": "유후인/NNP+은/JX+료칸/NNP+갔었/VV+EP+는데/EC+거기/NP+서/JKB+아무/MM+생각/NNG+없이/MAG+쉴/VV+ETM+수/NNB+있/VV+어서/EC+좋/VA+았/EP+어/EF"
          },
          {
            "id": 17,
            "text": "1 : 그리고 음식도 맛있고 아기자기한 것들도 많고 해서 구경하는 재미도 있었어 하하",
            "norm_text": "그리고 음식도 맛있고 아기자기한 것들도 많고 해서 구경하는 재미도 있었어 하하",
            "speaker": {
              "id": "1번",
              "sex": "여성",
              "age": "20대"
            },
            "speechAct": "(단언) 주장하기",
            "morpheme": "그리고/MAJ+음식/NNG+도/JX+맛있/VA+고/EC+아기자기/XR+한/XSA+ETM+것/NNB+들/XSN+도/JX+많/VA+고/EC+해서/VV+EC+구경/NNG+하/XSV+는/ETM+재미/NNG+도/JX+있/VA+었/EP+어/EC+하하/MAG"
          },
          {
            "id": 18,
            "text": "1 : 우유니 사막도 엄청 멋있더라",
            "norm_text": "우유니 사막도 엄청 멋있더라",
            "speaker": {
              "id": "1번",
              "sex": "여성",
              "age": "20대"
            },
            "speechAct": "(단언) 주장하기",
            "morpheme": "우유니/NNP+사막/NNG+도/JX+엄청/MAG+멋있/VA+더라/EC"
          },
          {
            "id": 19,
            "text": "1 : 나도 가보고 싶어!",
            "norm_text": "나도 가보고 싶어!",
            "speaker": {
              "id": "1번",
              "sex": "여성",
              "age": "20대"
            },
            "speechAct": "(단언) 주장하기",
            "morpheme": "나/NP+도/JX+가/VV+EC+보/VX+고/EC+싶/VX+어/EF"
          },
          {
            "id": 20,
            "text": "2 : 일본은 딱히 정이 안 가서 가고 싶단 생각은 별로 없었는데 사람들 얘기 들어보면 다들 좋다고 하네!",
            "norm_text": "일본은 딱히 정이 안 가서 가고 싶단 생각은 별로 없었는데 사람들 얘기 들어보면 다들 좋다고 하네!",
            "speaker": {
              "id": "2번",
              "sex": "여성",
              "age": "20대"
            },
            "speechAct": "(단언) 진술하기",
            "morpheme": "일본/NNP+은/JX+딱히/MAG+정/NNG+이/JKS+안/MAG+가/VV+서/EC+가/VX+고/EC+싶/VX+단/ETM+생각/NNG+은/JX+별로/MAG+없/VA+었/EP+는데/EC+사람/NNG+들/XSN+얘기/NNG+들/VV+어/EC+보/VX+면/EC+다/MAG+들/XSN+좋/VA+다고/EC+하/VX+네/EF"
          },
          {
            "id": 21,
            "text": "1 : 응응 한번 가보면 너도 좋아할걸?",
            "norm_text": "응응 한번 가보면 너도 좋아할걸?",
            "speaker": {
              "id": "1번",
              "sex": "여성",
              "age": "20대"
            },
            "speechAct": "(지시) 질문하기",
            "morpheme": "응/IC+응/IC+한/MM+번/NNBC+가/JKS+보/VV+면/EC+너/NP+도/JX+좋/VA+아/EC+할걸/VX+EF"
          },
          {
            "id": 22,
            "text": "1 : 그리고 다른 나라보다 가까워서 짧게 다녀오기도 좋고!",
            "norm_text": "그리고 다른 나라보다 가까워서 짧게 다녀오기도 좋고!",
            "speaker": {
              "id": "1번",
              "sex": "여성",
              "age": "20대"
            },
            "speechAct": "(단언) 주장하기",
            "morpheme": "그리고/MAJ+다른/MM+나라/NNG+보다/JKB+가까워서/VA+EC+짧/VA+게/EC+다녀오/VV+기/ETN+도/JX+좋/VA+고/EC"
          },
          {
            "id": 23,
            "text": "2 : 나는 거기서 온천 해 보고 싶어",
            "norm_text": "나는 거기서 온천 해 보고 싶어",
            "speaker": {
              "id": "2번",
              "sex": "여성",
              "age": "20대"
            },
            "speechAct": "(단언) 주장하기",
            "morpheme": "나/NP+는/JX+거기/NP+서/JKB+온천/NNG+해/XSV+EC+보/VX+고/EC+싶/VX+어/EC"
          },
          {
            "id": 24,
            "text": "2 : 워낙 유명하잖아",
            "norm_text": "워낙 유명하잖아",
            "speaker": {
              "id": "2번",
              "sex": "여성",
              "age": "20대"
            },
            "speechAct": "(단언) 진술하기",
            "morpheme": "워낙/MAG+유명/NNG+하/XSV+잖아/EC"
          },
          {
            "id": 25,
            "text": "2 : 너는 해 봤어?",
            "norm_text": "너는 해 봤어?",
            "speaker": {
              "id": "2번",
              "sex": "여성",
              "age": "20대"
            },
            "speechAct": "(지시) 질문하기",
            "morpheme": "너/NP+는/JX+해/VV+EC+봤/VX+EP+어/EF"
          },
          {
            "id": 26,
            "text": "1 : 응응 아까 말한 료칸에 개별 독채마다 목욕할 수 있는 데가 있었어!",
            "norm_text": "응응 아까 말한 료칸에 개별 독채마다 목욕할 수 있는 데가 있었어!",
            "speaker": {
              "id": "1번",
              "sex": "여성",
              "age": "20대"
            },
            "speechAct": "(단언) 진술하기",
            "morpheme": "응/IC+응/IC+아까/MAG+말/NNG+한/XSA+ETM+료칸/NNP+에/JKB+개별/NNG+독채/NNG+마다/JX+목욕/NNG+할/XSV+ETM+수/NNB+있/VV+는/ETM+데/NNB+가/JKS+있/VA+었/EP+어/EF"
          },
          {
            "id": 27,
            "text": "1 : 엄마랑 갔었는데 엄마도 엄청 좋아하시더라고",
            "norm_text": "엄마랑 갔었는데 엄마도 엄청 좋아하시더라고",
            "speaker": {
              "id": "1번",
              "sex": "여성",
              "age": "20대"
            },
            "speechAct": "(단언) 주장하기",
            "morpheme": "엄마/NNG+랑/JKB+갔었/VV+EP+는데/EC+엄마/NNG+도/JX+엄청/MAG+좋/VA+아/EC+하/VX+시더/EF+라고/JKQ"
          },
          {
            "id": 28,
            "text": "2 : 아 맞어 거기 부모님 모시고 가면 그렇게 좋다더라고",
            "norm_text": "아 맞어 거기 부모님 모시고 가면 그렇게 좋다더라고",
            "speaker": {
              "id": "2번",
              "sex": "여성",
              "age": "20대"
            },
            "speechAct": "(단언) 진술하기",
            "morpheme": "아/IC+맞/VV+어/EC+거기/NP+부모/NNG+님/XSN+모시/VV+고/EC+가/VX+면/EC+그렇게/MAG+좋/VA+다더라고/EC"
          },
          {
            "id": 29,
            "text": "2 : 나도 코타키나발루 갔다 와서 여긴 나중에 가족들 꼭 데리고 다시 와야지 했거든",
            "norm_text": "나도 코타키나발루 갔다 와서 여긴 나중에 가족들 꼭 데리고 다시 와야지 했거든",
            "speaker": {
              "id": "2번",
              "sex": "여성",
              "age": "20대"
            },
            "speechAct": "(단언) 주장하기",
            "morpheme": "나/NP+도/JX+코타키나발루/NNP+갔/VV+EP+다/EC+와서/VV+EC+여긴/NP+JX+나중/NNG+에/JKB+가족/NNG+들/XSN+꼭/MAG+데리/VV+고/EC+다시/MAG+와야지/VV+EC+했/VX+EP+거든/EC"
          },
          {
            "id": 30,
            "text": "2 : 또 가족들이랑 가고 싶은 여행지 있어?",
            "norm_text": "또 가족들이랑 가고 싶은 여행지 있어?",
            "speaker": {
              "id": "2번",
              "sex": "여성",
              "age": "20대"
            },
            "speechAct": "(지시) 질문하기",
            "morpheme": "또/MAG+가족/NNG+들/XSN+이랑/JKB+가/VV+고/EC+싶/VX+은/ETM+여행지/NNG+있/VA+어/EF"
          },
          {
            "id": 31,
            "text": "1 : 나는 하와이나 발리 한번 가보고 싶어~",
            "norm_text": "나는 하와이나 발리 한번 가보고 싶어~",
            "speaker": {
              "id": "1번",
              "sex": "여성",
              "age": "20대"
            },
            "speechAct": "(단언) 주장하기",
            "morpheme": "나/NP+는/JX+하와이/NNP+나/JC+발리/NNP+한/MM+번/NNBC+가/JKS+보/VV+고/EC+싶/VX+어/EC+~/SY"
          },
          {
            "id": 32,
            "text": "1 : 발리는 가서 휴양하고 오기에 좋을 거 같아서!",
            "norm_text": "발리는 가서 휴양하고 오기에 좋을 거 같아서!",
            "speaker": {
              "id": "1번",
              "sex": "여성",
              "age": "20대"
            },
            "speechAct": "(단언) 주장하기",
            "morpheme": "발리/NNP+는/JX+가/VV+서/EC+휴양/NNG+하/XSV+고/EC+오/VV+기/ETN+에/JKB+좋/VA+을/ETM+거/NNB+같/VA+아서/EC"
          },
          {
            "id": 33,
            "text": "1 : 너는?",
            "norm_text": "너는?",
            "speaker": {
              "id": "1번",
              "sex": "여성",
              "age": "20대"
            },
            "speechAct": "(지시) 질문하기",
            "morpheme": "너/NP+는/JX"
          },
          {
            "id": 34,
            "text": "2 : 나는 중국이랑 베트남에 가족들을 데려가 보고 싶어",
            "norm_text": "나는 중국이랑 베트남에 가족들을 데려가 보고 싶어",
            "speaker": {
              "id": "2번",
              "sex": "여성",
              "age": "20대"
            },
            "speechAct": "(단언) 주장하기",
            "morpheme": "나/NP+는/JX+중국/NNP+이랑/JC+베트남/NNP+에/JKB+가족/NNG+들/XSN+을/JKO+데려가/VV+EC+보/VX+고/EC+싶/VX+어/EC"
          },
          {
            "id": 35,
            "text": "2 : 가고 싶다던 우유니 사막은 신혼 여행 정도로 생각하고",
            "norm_text": "가고 싶다던 우유니 사막은 신혼 여행 정도로 생각하고",
            "speaker": {
              "id": "2번",
              "sex": "여성",
              "age": "20대"
            },
            "speechAct": "(단언) 주장하기",
            "morpheme": "가/VV+고/EC+싶/VX+다던/ETM+우유니/NNP+사막/NNG+은/JX+신혼/NNG+여행/NNG+정도/NNG+로/JKB+생각/NNG+하/XSV+고/EC"
          },
          {
            "id": 36,
            "text": "2 : 결혼은 생각 없지만 키키",
            "norm_text": "결혼은 생각 없지만 키키",
            "speaker": {
              "id": "2번",
              "sex": "여성",
              "age": "20대"
            },
            "speechAct": "(단언) 주장하기",
            "morpheme": "결혼/NNG+은/JX+생각/NNG+없/VA+지만/EC+키/NNG+키/XSV+ETN"
          },
          {
            "id": 37,
            "text": "1 : 중국 베이징도 엄마랑 가봤었는데 나는 좀 별로였어...",
            "norm_text": "중국 베이징도 엄마랑 가봤었는데 나는 좀 별로였어...",
            "speaker": {
              "id": "1번",
              "sex": "여성",
              "age": "20대"
            },
            "speechAct": "(단언) 주장하기",
            "morpheme": "중국/NNP+베이징/NNP+도/JX+엄마/NNG+랑/JC+가/JKS+봤었/VV+EP+는데/EC+나/NP+는/JX+좀/MAG+별로/MAG+였/VCP+EP+어/EF+./SY"
          },
          {
            "id": 38,
            "text": "1 : 버스 타고 다니기도 힘들고 미세먼지도 우리나라보다 훨씬 심하고 그래서 다시 가고 싶진 않아 ㅠㅠ",
            "norm_text": "버스 타고 다니기도 힘들고 미세먼지도 우리나라보다 훨씬 심하고 그래서 다시 가고 싶진 않아 ㅠㅠ",
            "speaker": {
              "id": "1번",
              "sex": "여성",
              "age": "20대"
            },
            "speechAct": "(단언) 주장하기",
            "morpheme": "버스/NNG+타/VV+고/EC+다니/VV+기/ETN+도/JX+힘들/VA+고/EC+미세먼지/NNP+도/JX+우리/NP+나라/NNG+보다/JKB+훨씬/MAG+심하/VA+고/EC+그래서/MAJ+다시/MAG+가/VV+고/EC+싶/VX+진/EC+JX+않/VX+아/EC+ㅠㅠ/UNKNOWN"
          },
          {
            "id": 39,
            "text": "2 : 헉 그래?",
            "norm_text": "헉 그래?",
            "speaker": {
              "id": "2번",
              "sex": "여성",
              "age": "20대"
            },
            "speechAct": "턴토크 사인(관습적 반응)",
            "morpheme": "헉/IC+그래/IC"
          },
          {
            "id": 40,
            "text": "2 : 거긴 그럼 빼야겠다 키키",
            "norm_text": "거긴 그럼 빼야겠다 키키",
            "speaker": {
              "id": "2번",
              "sex": "여성",
              "age": "20대"
            },
            "speechAct": "(단언) 주장하기",
            "morpheme": "거긴/NP+JX+그럼/MAJ+빼/VV+야/EC+VX+겠/EP+다키키/NNP"
          },
          {
            "id": 41,
            "text": "2 : 참고할게!",
            "norm_text": "참고할게!",
            "speaker": {
              "id": "2번",
              "sex": "여성",
              "age": "20대"
            },
            "speechAct": "(표현) 감사하기",
            "morpheme": "참고/NNG+할게/XSV+EF"
          }
        ]
      }
    }
  ]
}