{
  "dataset": {
    "identifier": 102368,
    "name": "NATEON_27_13_set",
    "src_path": "/data/file/cubeManager/PROJECT001/77/txt20211027152211011735/NATEON_27_13_set/",
    "label_path": "/data/file/cubeManager/PROJECT001/77/txt20211027152211011735/NATEON_27_13_set/",
    "category": 2,
    "type": 0
  },
  "licenses": {
    "name": "Apache License 1.0",
    "url": "http://www.apache.org/licenses/LICENSE-1.0"
  },
  "info": [
    {
      "id": 99454,
      "filename": "NATEON_27_13.txt",
      "title": "NATEON_27_13",
      "mediatype": "메신저",
      "medianame": "네이트온",
      "category": "일상대화",
      "date": "2021-10-27",
      "size": 471,
      "annotations": {
        "subject": "계절/날씨",
        "speaker_type": "다자간 대화",
        "size": 471,
        "word_size": 166,
        "text": "1 : 요즘 날씨가 갑자기 추워졌어 ㅠㅠ\n2 : 웅 맞아\n2 : 완전 가을 사라졌어 ㅠㅠ 순삭 키키\n3 : 그러니까\n3 : 가을이 아예 사라졌어 키키\n1 : 요즘은 여름 겨울이야 완전 키키\n2 : 진짜 가을 옷을 입을 시간도 안 줌 키키\n3 : 그래서 옷도 어떻게 사야할지 모르겠어 키키\n1 : 옷이 진짜 애매해졌다\n1 : 그치 키키\n2 : 맞아\n2 : 근데 낮엔 또 해 떠서 ㅠㅠ\n3 : 그래서 요즘엔 가디건만 입고 다녀\n1 : 맞아\n1 : 애매할 땐 가디건이 짱인데\n2 : 나도 가디건에 경량패딩 입고 그래 하하\n3 : 키키 가을이 다시 생겼으면 좋겠다\n1 : 내말이~\n1 : 근데 그건 안될 거 같아 ㅠㅠ\n2 : 가을이 좀만 더 길었으면 좋겠어 ㅠㅠ\n2 : 추운 거 싫어 ㅠㅠ\n3 : 맞아 ㅠㅠ\n3 : 곧 있으면 전기장판 켜야지~\n1 : 키키 벌써?\n1 : 으아, 진짜 겨울이구나~\n2 : 나는 이미 전기장판은 키고 있어 ㅠㅠ\n2 : 달달달달...\n3 : 키키 다들 추위에 너무 약해!",
        "lines": [
          {
            "id": 1,
            "text": "1 : 요즘 날씨가 갑자기 추워졌어 ㅠㅠ",
            "norm_text": "요즘 날씨가 갑자기 추워졌어 ㅠㅠ",
            "speaker": {
              "id": "1번",
              "sex": "여성",
              "age": "20대"
            },
            "speechAct": "(단언) 주장하기",
            "morpheme": "요즘/NNG+날씨/NNG+가/JKS+갑자기/MAG+추워졌/VA+EC+VX+EP+어/EF+ㅠㅠ/UNKNOWN"
          },
          {
            "id": 2,
            "text": "2 : 웅 맞아",
            "norm_text": "웅 맞아",
            "speaker": {
              "id": "2번",
              "sex": "여성",
              "age": "20대"
            },
            "speechAct": "(단언) 주장하기",
            "morpheme": "웅/MAG+맞/VV+아/EC"
          },
          {
            "id": 3,
            "text": "2 : 완전 가을 사라졌어 ㅠㅠ 순삭 키키",
            "norm_text": "완전 가을 사라졌어 ㅠㅠ 순삭 키키",
            "speaker": {
              "id": "2번",
              "sex": "여성",
              "age": "20대"
            },
            "speechAct": "(단언) 주장하기",
            "morpheme": "완전/NNG+가/XSN+을/JKO+사라졌/VV+EP+어/EF+ㅠㅠ/UNKNOWN+순삭/NNG+키/NNG+키/XSV+ETN"
          },
          {
            "id": 4,
            "text": "3 : 그러니까",
            "norm_text": "그러니까",
            "speaker": {
              "id": "3번",
              "sex": "남성",
              "age": "20대"
            },
            "speechAct": "(단언) 주장하기",
            "morpheme": "그러니까/MAJ"
          },
          {
            "id": 5,
            "text": "3 : 가을이 아예 사라졌어 키키",
            "norm_text": "가을이 아예 사라졌어 키키",
            "speaker": {
              "id": "3번",
              "sex": "남성",
              "age": "20대"
            },
            "speechAct": "(단언) 주장하기",
            "morpheme": "가을/NNG+이/JKS+아예/MAG+사라졌/VV+EP+어/EC+키/NNG+키/XSV+ETN"
          },
          {
            "id": 6,
            "text": "1 : 요즘은 여름 겨울이야 완전 키키",
            "norm_text": "요즘은 여름 겨울이야 완전 키키",
            "speaker": {
              "id": "1번",
              "sex": "여성",
              "age": "20대"
            },
            "speechAct": "(단언) 주장하기",
            "morpheme": "요즘/NNG+은/JX+여름/NNG+겨울/NNG+이/VCP+야/EF+완전/MAG+키/NNG+키/XSV+ETN"
          },
          {
            "id": 7,
            "text": "2 : 진짜 가을 옷을 입을 시간도 안 줌 키키",
            "norm_text": "진짜 가을 옷을 입을 시간도 안 줌 키키",
            "speaker": {
              "id": "2번",
              "sex": "여성",
              "age": "20대"
            },
            "speechAct": "(단언) 주장하기",
            "morpheme": "진짜/MAG+가을/NNG+옷/NNG+을/JKO+입/VV+을/ETM+시간/NNG+도/JX+안/MAG+줌/VV+ETN+키/NNG+키/XSV+ETN"
          },
          {
            "id": 8,
            "text": "3 : 그래서 옷도 어떻게 사야할지 모르겠어 키키",
            "norm_text": "그래서 옷도 어떻게 사야할지 모르겠어 키키",
            "speaker": {
              "id": "3번",
              "sex": "남성",
              "age": "20대"
            },
            "speechAct": "(단언) 주장하기",
            "morpheme": "그래서/MAJ+옷/NNG+도/JX+어떻/VA+게/EC+사/VV+야/EC+할지/VX+EC+모르/VV+겠/EP+어/EC+키/NNG+키/XSV+ETN"
          },
          {
            "id": 9,
            "text": "1 : 옷이 진짜 애매해졌다",
            "norm_text": "옷이 진짜 애매해졌다",
            "speaker": {
              "id": "1번",
              "sex": "여성",
              "age": "20대"
            },
            "speechAct": "(단언) 주장하기",
            "morpheme": "옷/NNG+이/JKS+진짜/MAG+애매/XR+해졌/XSA+EC+VX+EP+다/EC"
          },
          {
            "id": 10,
            "text": "1 : 그치 키키",
            "norm_text": "그치 키키",
            "speaker": {
              "id": "1번",
              "sex": "여성",
              "age": "20대"
            },
            "speechAct": "(단언) 주장하기",
            "morpheme": "그치/IC+키/NNG+키/XSV+ETN"
          },
          {
            "id": 11,
            "text": "2 : 맞아",
            "norm_text": "맞아",
            "speaker": {
              "id": "2번",
              "sex": "여성",
              "age": "20대"
            },
            "speechAct": "(단언) 주장하기",
            "morpheme": "맞/VV+아/EC"
          },
          {
            "id": 12,
            "text": "2 : 근데 낮엔 또 해 떠서 ㅠㅠ",
            "norm_text": "근데 낮엔 또 해 떠서 ㅠㅠ",
            "speaker": {
              "id": "2번",
              "sex": "여성",
              "age": "20대"
            },
            "speechAct": "(단언) 주장하기",
            "morpheme": "근데/MAJ+낮/NNG+엔/JKB+JX+또/MAG+해/VV+EC+떠서/VV+EC+ㅠㅠ/UNKNOWN"
          },
          {
            "id": 13,
            "text": "3 : 그래서 요즘엔 가디건만 입고 다녀",
            "norm_text": "그래서 요즘엔 가디건만 입고 다녀",
            "speaker": {
              "id": "3번",
              "sex": "남성",
              "age": "20대"
            },
            "speechAct": "(단언) 진술하기",
            "morpheme": "그래서/MAJ+요즘/NNG+엔/JKB+JX+가디건/NNG+만/JX+입/VV+고/EC+다녀/VV+EC"
          },
          {
            "id": 14,
            "text": "1 : 맞아",
            "norm_text": "맞아",
            "speaker": {
              "id": "1번",
              "sex": "여성",
              "age": "20대"
            },
            "speechAct": "(단언) 주장하기",
            "morpheme": "맞/VV+아/EC"
          },
          {
            "id": 15,
            "text": "1 : 애매할 땐 가디건이 짱인데",
            "norm_text": "애매할 땐 가디건이 짱인데",
            "speaker": {
              "id": "1번",
              "sex": "여성",
              "age": "20대"
            },
            "speechAct": "(단언) 주장하기",
            "morpheme": "애매/NNG+할땐/XSV+ETM+NNG+JX+가디건/NNG+이/JKS+짱/NNG+인데/VCP+EC"
          },
          {
            "id": 16,
            "text": "2 : 나도 가디건에 경량패딩 입고 그래 하하",
            "norm_text": "나도 가디건에 경량패딩 입고 그래 하하",
            "speaker": {
              "id": "2번",
              "sex": "여성",
              "age": "20대"
            },
            "speechAct": "(단언) 진술하기",
            "morpheme": "나/NP+도/JX+가디건/NNG+에/JKB+경량/NNG+패딩/NNG+입/VV+고/EC+그래/IC+하하/MAG"
          },
          {
            "id": 17,
            "text": "3 : 키키 가을이 다시 생겼으면 좋겠다",
            "norm_text": "키키 가을이 다시 생겼으면 좋겠다",
            "speaker": {
              "id": "3번",
              "sex": "남성",
              "age": "20대"
            },
            "speechAct": "(단언) 주장하기",
            "morpheme": "키/NNG+키/NNG+가을/NNG+이/JKS+다시/MAG+생겼/VV+EP+으면/EC+좋/VA+겠/EP+다/EC"
          },
          {
            "id": 18,
            "text": "1 : 내말이~",
            "norm_text": "내말이~",
            "speaker": {
              "id": "1번",
              "sex": "여성",
              "age": "20대"
            },
            "speechAct": "(단언) 주장하기",
            "morpheme": "내말이/NP+JKG+NNG+JKS+~/SY"
          },
          {
            "id": 19,
            "text": "1 : 근데 그건 안될 거 같아 ㅠㅠ",
            "norm_text": "근데 그건 안될 거 같아 ㅠㅠ",
            "speaker": {
              "id": "1번",
              "sex": "여성",
              "age": "20대"
            },
            "speechAct": "(단언) 주장하기",
            "morpheme": "근데/MAJ+그건/NP+JX+안/MAG+될/VV+ETM+거/NNB+같/VA+아/EC+ㅠㅠ/UNKNOWN"
          },
          {
            "id": 20,
            "text": "2 : 가을이 좀만 더 길었으면 좋겠어 ㅠㅠ",
            "norm_text": "가을이 좀만 더 길었으면 좋겠어 ㅠㅠ",
            "speaker": {
              "id": "2번",
              "sex": "여성",
              "age": "20대"
            },
            "speechAct": "(단언) 주장하기",
            "morpheme": "가을/NNG+이/JKS+좀/MAG+만/JX+더/MAG+길/VA+었/EP+으면/EC+좋/VA+겠/EP+어/EF+ㅠㅠ/UNKNOWN"
          },
          {
            "id": 21,
            "text": "2 : 추운 거 싫어 ㅠㅠ",
            "norm_text": "추운 거 싫어 ㅠㅠ",
            "speaker": {
              "id": "2번",
              "sex": "여성",
              "age": "20대"
            },
            "speechAct": "(단언) 주장하기",
            "morpheme": "추운/VA+ETM+거/NNB+싫/VA+어/EC+ㅠㅠ/UNKNOWN"
          },
          {
            "id": 22,
            "text": "3 : 맞아 ㅠㅠ",
            "norm_text": "맞아 ㅠㅠ",
            "speaker": {
              "id": "3번",
              "sex": "남성",
              "age": "20대"
            },
            "speechAct": "(단언) 주장하기",
            "morpheme": "맞아ㅠㅠ/UNKNOWN"
          },
          {
            "id": 23,
            "text": "3 : 곧 있으면 전기장판 켜야지~",
            "norm_text": "곧 있으면 전기장판 켜야지~",
            "speaker": {
              "id": "3번",
              "sex": "남성",
              "age": "20대"
            },
            "speechAct": "(단언) 주장하기",
            "morpheme": "곧/MAG+있/VV+으면/EC+전기장판/NNG+켜야지/VV+EC+~/SY"
          },
          {
            "id": 24,
            "text": "1 : 키키 벌써?",
            "norm_text": "키키 벌써?",
            "speaker": {
              "id": "1번",
              "sex": "여성",
              "age": "20대"
            },
            "speechAct": "(지시) 질문하기",
            "morpheme": "키/NNG+키/XSV+ETN+벌써/MAG"
          },
          {
            "id": 25,
            "text": "1 : 으아, 진짜 겨울이구나~",
            "norm_text": "으아, 진짜 겨울이구나~",
            "speaker": {
              "id": "1번",
              "sex": "여성",
              "age": "20대"
            },
            "speechAct": "(단언) 주장하기",
            "morpheme": "으아/IC+,/SC+진짜/MAG+겨울/NNG+이/VCP+구나/EF+~/SY"
          },
          {
            "id": 26,
            "text": "2 : 나는 이미 전기장판은 키고 있어 ㅠㅠ",
            "norm_text": "나는 이미 전기장판은 키고 있어 ㅠㅠ",
            "speaker": {
              "id": "2번",
              "sex": "여성",
              "age": "20대"
            },
            "speechAct": "(단언) 진술하기",
            "morpheme": "나/NP+는/JX+이미/MAG+전기장판/NNG+은/JX+키/VV+고/EC+있/VX+어/EC+ㅠㅠ/UNKNOWN"
          },
          {
            "id": 27,
            "text": "2 : 달달달달...",
            "norm_text": "달달달달...",
            "speaker": {
              "id": "2번",
              "sex": "여성",
              "age": "20대"
            },
            "speechAct": "(단언) 주장하기",
            "morpheme": "달달/MAG+달달/MAG+./SY"
          },
          {
            "id": 28,
            "text": "3 : 키키 다들 추위에 너무 약해!",
            "norm_text": "키키 다들 추위에 너무 약해!",
            "speaker": {
              "id": "3번",
              "sex": "남성",
              "age": "20대"
            },
            "speechAct": "(단언) 주장하기",
            "morpheme": "키/NNG+키/VV+다/EC+들/XSN+추위/NNG+에/JKB+너무/MAG+약해/VA+EF"
          }
        ]
      }
    }
  ]
}