{
  "dataset": {
    "identifier": 127939,
    "name": "NATEON_39_14_set",
    "src_path": "/data/file/cubeManager/PROJECT001/84/txt20211108181225076256/NATEON_39_14_set/",
    "label_path": "/data/file/cubeManager/PROJECT001/84/txt20211108181225076256/NATEON_39_14_set/",
    "category": 2,
    "type": 0
  },
  "licenses": {
    "name": "Apache License 1.0",
    "url": "http://www.apache.org/licenses/LICENSE-1.0"
  },
  "info": [
    {
      "id": 141898,
      "filename": "NATEON_39_14.txt",
      "title": "NATEON_39_14",
      "mediatype": "메신저",
      "medianame": "네이트온",
      "category": "일상대화",
      "date": "2021-11-08",
      "size": 409,
      "annotations": {
        "subject": "사회이슈",
        "speaker_type": "다자간 대화",
        "size": 409,
        "word_size": 138,
        "text": "1 : 너희 그거 알아? 헷\n2 : 뭐야 이번엔 뭐 들고 왔어 키키\n3 : 야 뭘 아는데 갑자기 키키\n1 : 아니 세븐일레븐에서 친환경 운동화 판대\n2 : 헐 대박 편의점에 운동화도 팔아?\n3 : 친환경 운동화? 그건 뭐야?\n1 : 응 이번에 기획 상품으로 나왔나봐\n2 : 오 대박 그거 운동화 디자인은 어때 키키\n3 : 오 생각 좋다 친환경!\n1 : 응 버리게 되면 땅에 자연적으로 썩는데\n2 : 나 요즘 환경에 기부 많이 하고 있는데 키키 그것도 하나 사야 되나\n3 : 와 그러게 취지가 좋다\n1 : 응 나도 요즘 환경에 관심이 많았거든\n2 : 웅웅 저렇게 좋은 일 많이 했으면 좋겠어 ㅠㅠ\n3 : 그래 요즘 환경 때문에 난리잖아\n1 : 맞아 이제는 환경에 관심을 가져야 해\n2 : 친환경 운동화로 가족템 하나 해야겠다 키키\n3 : 맞아 앞으로 꾸준히 가지자",
        "lines": [
          {
            "id": 1,
            "text": "1 : 너희 그거 알아? 헷",
            "norm_text": "너희 그거 알아? 헷",
            "speaker": {
              "id": "1번",
              "sex": "여성",
              "age": "20대"
            },
            "speechAct": "(지시) 질문하기",
            "morpheme": "너희/NP+그거/NP+알/VV+아/EF+헷/XPN"
          },
          {
            "id": 2,
            "text": "2 : 뭐야 이번엔 뭐 들고 왔어 키키",
            "norm_text": "뭐야 이번엔 뭐 들고 왔어 키키",
            "speaker": {
              "id": "2번",
              "sex": "여성",
              "age": "20대"
            },
            "speechAct": "(지시) 질문하기",
            "morpheme": "뭐/NP+야/VCP+EF+이번/NNG+엔/JKB+JX+뭐/NP+들/XSN+고왔/VA+EP+어/EC+키/NNG+키/XSV+ETN"
          },
          {
            "id": 3,
            "text": "3 : 야 뭘 아는데 갑자기 키키",
            "norm_text": "야 뭘 아는데 갑자기 키키",
            "speaker": {
              "id": "3번",
              "sex": "남성",
              "age": "20대"
            },
            "speechAct": "(지시) 질문하기",
            "morpheme": "야/IC+뭘/NP+JKO+아/VV+는데/EC+갑자기/MAG+키/NNG+키/XSV+ETN"
          },
          {
            "id": 4,
            "text": "1 : 아니 세븐일레븐에서 친환경 운동화 판대",
            "norm_text": "아니 세븐일레븐에서 친환경 운동화 판대",
            "speaker": {
              "id": "1번",
              "sex": "여성",
              "age": "20대"
            },
            "speechAct": "(단언) 진술하기",
            "morpheme": "아니/IC+세븐일레븐/NNP+에서/JKB+친환경/NNG+운동/NNG+화/XSN+판대/NNG"
          },
          {
            "id": 5,
            "text": "2 : 헐 대박 편의점에 운동화도 팔아?",
            "norm_text": "헐 대박 편의점에 운동화도 팔아?",
            "speaker": {
              "id": "2번",
              "sex": "여성",
              "age": "20대"
            },
            "speechAct": "(지시) 질문하기",
            "morpheme": "헐/IC+대박/NNG+편의점/NNG+에/JKB+운동/NNG+화/XSN+도/JX+팔/VV+아/EF"
          },
          {
            "id": 6,
            "text": "3 : 친환경 운동화? 그건 뭐야?",
            "norm_text": "친환경 운동화? 그건 뭐야?",
            "speaker": {
              "id": "3번",
              "sex": "남성",
              "age": "20대"
            },
            "speechAct": "(지시) 질문하기",
            "morpheme": "친환경/NNG+운동/NNG+화/XSN+그건/NP+JX+뭐/NP+야/VCP+EF"
          },
          {
            "id": 7,
            "text": "1 : 응 이번에 기획 상품으로 나왔나봐",
            "norm_text": "응 이번에 기획 상품으로 나왔나봐",
            "speaker": {
              "id": "1번",
              "sex": "여성",
              "age": "20대"
            },
            "speechAct": "(단언) 진술하기",
            "morpheme": "응/IC+이번/NNG+에/JKB+기획/NNG+상품/NNG+으로/JKB+나왔/VV+EP+나/EC+봐/VX+EC"
          },
          {
            "id": 8,
            "text": "2 : 오 대박 그거 운동화 디자인은 어때 키키",
            "norm_text": "오 대박 그거 운동화 디자인은 어때 키키",
            "speaker": {
              "id": "2번",
              "sex": "여성",
              "age": "20대"
            },
            "speechAct": "(단언) 주장하기",
            "morpheme": "오/NR+대박/NNG+그거/NP+운동/NNG+화/XSN+디자인/NNG+은/JX+어때/VA+EC+키/NNG+키/XSV+ETN"
          },
          {
            "id": 9,
            "text": "3 : 오 생각 좋다 친환경!",
            "norm_text": "오 생각 좋다 친환경!",
            "speaker": {
              "id": "3번",
              "sex": "남성",
              "age": "20대"
            },
            "speechAct": "(단언) 주장하기",
            "morpheme": "오/NR+생각/NNG+좋/VA+다/EC+친환경/NNG"
          },
          {
            "id": 10,
            "text": "1 : 응 버리게 되면 땅에 자연적으로 썩는데",
            "norm_text": "응 버리게 되면 땅에 자연적으로 썩는데",
            "speaker": {
              "id": "1번",
              "sex": "여성",
              "age": "20대"
            },
            "speechAct": "(단언) 주장하기",
            "morpheme": "응/IC+버리/VV+게/EC+되/VV+면/EC+땅/NNG+에/JKB+자연/NNG+적/XSN+으로/JKB+썩/VV+는데/EC"
          },
          {
            "id": 11,
            "text": "2 : 나 요즘 환경에 기부 많이 하고 있는데 키키 그것도 하나 사야 되나",
            "norm_text": "나 요즘 환경에 기부 많이 하고 있는데 키키 그것도 하나 사야 되나",
            "speaker": {
              "id": "2번",
              "sex": "여성",
              "age": "20대"
            },
            "speechAct": "(지시) 질문하기",
            "morpheme": "나/NP+요즘/MAG+환경/NNG+에/JKB+기부/NNG+많이/MAG+하/VV+고/EC+있/VX+는데/EC+키/NNG+키/XSV+ETN+그것/NP+도/JX+하나/NR+사야/NNG+되/XSV+나/EC"
          },
          {
            "id": 12,
            "text": "3 : 와 그러게 취지가 좋다",
            "norm_text": "와 그러게 취지가 좋다",
            "speaker": {
              "id": "3번",
              "sex": "남성",
              "age": "20대"
            },
            "speechAct": "(단언) 진술하기",
            "morpheme": "와/VV+EC+그러/VV+게/EC+취지/NNG+가/JKS+좋/VA+다/EC"
          },
          {
            "id": 13,
            "text": "1 : 응 나도 요즘 환경에 관심이 많았거든",
            "norm_text": "응 나도 요즘 환경에 관심이 많았거든",
            "speaker": {
              "id": "1번",
              "sex": "여성",
              "age": "20대"
            },
            "speechAct": "(단언) 진술하기",
            "morpheme": "응/IC+나/NP+도/JX+요즘/NNG+환경/NNG+에/JKB+관심/NNG+이/JKS+많/VA+았/EP+거든/EC"
          },
          {
            "id": 14,
            "text": "2 : 웅웅 저렇게 좋은 일 많이 했으면 좋겠어 ㅠㅠ",
            "norm_text": "웅웅 저렇게 좋은 일 많이 했으면 좋겠어 ㅠㅠ",
            "speaker": {
              "id": "2번",
              "sex": "여성",
              "age": "20대"
            },
            "speechAct": "(단언) 주장하기",
            "morpheme": "웅웅/MAG+저렇게/MAG+좋/VA+은/ETM+일/NNG+많이/MAG+했/VV+EP+으면/EC+좋/VA+겠/EP+어/EF+ㅠㅠ/UNKNOWN"
          },
          {
            "id": 15,
            "text": "3 : 그래 요즘 환경 때문에 난리잖아",
            "norm_text": "그래 요즘 환경 때문에 난리잖아",
            "speaker": {
              "id": "3번",
              "sex": "남성",
              "age": "20대"
            },
            "speechAct": "(단언) 주장하기",
            "morpheme": "그래/IC+요즘/MAG+환경/NNG+때문/NNB+에/JKB+난리/NNG+잖아/VCP+EC+VX+EC"
          },
          {
            "id": 16,
            "text": "1 : 맞아 이제는 환경에 관심을 가져야 해",
            "norm_text": "맞아 이제는 환경에 관심을 가져야 해",
            "speaker": {
              "id": "1번",
              "sex": "여성",
              "age": "20대"
            },
            "speechAct": "(단언) 주장하기",
            "morpheme": "맞/VV+아/EC+이제/NNG+는/JX+환경/NNG+에/JKB+관심/NNG+을/JKO+가져야/VV+EC+해/VV+EC"
          },
          {
            "id": 17,
            "text": "2 : 친환경 운동화로 가족템 하나 해야겠다 키키",
            "norm_text": "친환경 운동화로 가족템 하나 해야겠다 키키",
            "speaker": {
              "id": "2번",
              "sex": "여성",
              "age": "20대"
            },
            "speechAct": "(단언) 주장하기",
            "morpheme": "친환경/NNG+운동/NNG+화/XSN+로/JKB+가족/NNG+템/NNG+하/XSV+나/EC+해야/VX+EC+VX+겠/EP+다키키/NNP"
          },
          {
            "id": 18,
            "text": "3 : 맞아 앞으로 꾸준히 가지자",
            "norm_text": "맞아 앞으로 꾸준히 가지자",
            "speaker": {
              "id": "3번",
              "sex": "남성",
              "age": "20대"
            },
            "speechAct": "(단언) 주장하기",
            "morpheme": "맞/VV+아/EC+앞/NNG+으로/JKB+꾸준히/MAG+가지/VV+자/EC"
          }
        ]
      }
    }
  ]
}