{
  "dataset": {
    "identifier": 114006,
    "name": "NATEON_34_10_set",
    "src_path": "/data/file/cubeManager/PROJECT001/80/txt20211103154238013617/NATEON_34_10_set/",
    "label_path": "/data/file/cubeManager/PROJECT001/80/txt20211103154238013617/NATEON_34_10_set/",
    "category": 2,
    "type": 0
  },
  "licenses": {
    "name": "Apache License 1.0",
    "url": "http://www.apache.org/licenses/LICENSE-1.0"
  },
  "info": [
    {
      "id": 135465,
      "filename": "NATEON_34_10.txt",
      "title": "NATEON_34_10",
      "mediatype": "메신저",
      "medianame": "네이트온",
      "category": "일상대화",
      "date": "2021-11-03",
      "size": 423,
      "annotations": {
        "subject": "스포츠/레저",
        "speaker_type": "다자간 대화",
        "size": 423,
        "word_size": 149,
        "text": "1 : 다들 스쿠버 다이빙 해봤어?\n2 : 웅 나 그거 놀러가서 해봤어 키키\n3 : 그거 물에서 하는거 아니야?\n1 : 응 하하 물에서 하는 거야! 재밌데\n2 : 산소통 달고선 내려가는 거 말 하는 거 맞지?\n3 : 그거 자격증 있어야 하지?\n1 : 응 아마 자격증이 있어야 바다에서 할 수 있을 거야\n2 : 아니야 자격증 없이 체험 할 수 있어!\n3 : 와, 나 물이 너무 무서운데 ㅠ\n1 : 아 그래?\n1 : 그건 처음 듣네\n2 : 그 안내 해주는 분이 데리고선 구경 시켜줘 키키\n3 : 그러게 자격증 없어도 돼?\n1 : 다행이다 꼭 해보고 싶었는데\n2 : 웅 그거 없이 체험으로 할 수 있어 하하\n3 : 다음에 다같이 체험 해보자 하하\n1 : 응 하하 바닷가 놀러가서 해보자\n2 : 산소통 때메 숨도 쉴 수 있어서 진짜 좋아! 하하  꼭 가자\n3 : 좋아~\n3 : 내가 한번 알아볼께~",
        "lines": [
          {
            "id": 1,
            "text": "1 : 다들 스쿠버 다이빙 해봤어?",
            "norm_text": "다들 스쿠버 다이빙 해봤어?",
            "speaker": {
              "id": "1번",
              "sex": "여성",
              "age": "20대"
            },
            "speechAct": "(지시) 질문하기",
            "morpheme": "다/MAG+들/XSN+스쿠버/NNG+다이빙/NNG+해/XSV+EC+봤/VX+EP+어/EF"
          },
          {
            "id": 2,
            "text": "2 : 웅 나 그거 놀러가서 해봤어 키키",
            "norm_text": "웅 나 그거 놀러가서 해봤어 키키",
            "speaker": {
              "id": "2번",
              "sex": "여성",
              "age": "20대"
            },
            "speechAct": "(단언) 진술하기",
            "morpheme": "웅/IC+나/NP+그거/NP+놀/VV+러/EC+가/VX+서/EC+해/VV+EC+봤/VX+EP+어/EC+키/NNG+키/XSV+ETN"
          },
          {
            "id": 3,
            "text": "3 : 그거 물에서 하는거 아니야?",
            "norm_text": "그거 물에서 하는거 아니야?",
            "speaker": {
              "id": "3번",
              "sex": "남성",
              "age": "20대"
            },
            "speechAct": "(지시) 질문하기",
            "morpheme": "그거/NP+물/NNG+에서/JKB+하/VV+는/ETM+거/NNB+아니/VCN+야/EF"
          },
          {
            "id": 4,
            "text": "1 : 응 하하 물에서 하는 거야! 재밌데",
            "norm_text": "응 하하 물에서 하는 거야! 재밌데",
            "speaker": {
              "id": "1번",
              "sex": "여성",
              "age": "20대"
            },
            "speechAct": "(단언) 진술하기",
            "morpheme": "응/IC+하하/MAG+물/NNG+에서/JKB+하/VV+는/ETM+거/NNB+야/VCP+EF+재밌/VA+데/EC"
          },
          {
            "id": 5,
            "text": "2 : 산소통 달고선 내려가는 거 말 하는 거 맞지?",
            "norm_text": "산소통 달고선 내려가는 거 말 하는 거 맞지?",
            "speaker": {
              "id": "2번",
              "sex": "여성",
              "age": "20대"
            },
            "speechAct": "(지시) 질문하기",
            "morpheme": "산소통/NNG+달/VV+고선/EC+JX+내려가/VV+는/ETM+거/NNB+말/NNG+하/XSV+는/ETM+거/NNB+맞/VV+지/EF"
          },
          {
            "id": 6,
            "text": "3 : 그거 자격증 있어야 하지?",
            "norm_text": "그거 자격증 있어야 하지?",
            "speaker": {
              "id": "3번",
              "sex": "남성",
              "age": "20대"
            },
            "speechAct": "(지시) 질문하기",
            "morpheme": "그거/NP+자격증/NNG+있/VV+어야/EC+하/VX+지/EF"
          },
          {
            "id": 7,
            "text": "1 : 응 아마 자격증이 있어야 바다에서 할 수 있을 거야",
            "norm_text": "응 아마 자격증이 있어야 바다에서 할 수 있을 거야",
            "speaker": {
              "id": "1번",
              "sex": "여성",
              "age": "20대"
            },
            "speechAct": "(단언) 주장하기",
            "morpheme": "응/IC+아마/MAG+자격증/NNG+이/JKS+있/VV+어야/EC+바다/NNG+에서/JKB+할/VV+ETM+수/NNB+있/VV+을/ETM+거/NNB+야/VCP+EF"
          },
          {
            "id": 8,
            "text": "2 : 아니야 자격증 없이 체험 할 수 있어!",
            "norm_text": "아니야 자격증 없이 체험 할 수 있어!",
            "speaker": {
              "id": "2번",
              "sex": "여성",
              "age": "20대"
            },
            "speechAct": "(단언) 주장하기",
            "morpheme": "아니야/IC+자격증/NNG+없이/MAG+체험/NNG+할/XSV+ETM+수/NNB+있/VV+어/EF"
          },
          {
            "id": 9,
            "text": "3 : 와, 나 물이 너무 무서운데 ㅠ",
            "norm_text": "와, 나 물이 너무 무서운데 ㅠ",
            "speaker": {
              "id": "3번",
              "sex": "남성",
              "age": "20대"
            },
            "speechAct": "(단언) 주장하기",
            "morpheme": "와/IC+,/SC+나물이너무무서운데ㅠ/UNKNOWN"
          },
          {
            "id": 10,
            "text": "1 : 아 그래?",
            "norm_text": "아 그래?",
            "speaker": {
              "id": "1번",
              "sex": "여성",
              "age": "20대"
            },
            "speechAct": "턴토크 사인(관습적 반응)",
            "morpheme": "아/IC+그래/IC"
          },
          {
            "id": 11,
            "text": "1 : 그건 처음 듣네",
            "norm_text": "그건 처음 듣네",
            "speaker": {
              "id": "1번",
              "sex": "여성",
              "age": "20대"
            },
            "speechAct": "(단언) 진술하기",
            "morpheme": "그건/NP+JX+처음/MAG+듣/VV+네/EC"
          },
          {
            "id": 12,
            "text": "2 : 그 안내 해주는 분이 데리고선 구경 시켜줘 키키",
            "norm_text": "그 안내 해주는 분이 데리고선 구경 시켜줘 키키",
            "speaker": {
              "id": "2번",
              "sex": "여성",
              "age": "20대"
            },
            "speechAct": "(단언) 주장하기",
            "morpheme": "그/MM+안내/NNG+해/XSV+EC+주/VX+는/ETM+분/NNB+이/JKS+데리/VV+고선/EC+JX+구경/NNG+시켜/XSV+EC+줘/VX+EC+키/NNG+키/XSV+ETN"
          },
          {
            "id": 13,
            "text": "3 : 그러게 자격증 없어도 돼?",
            "norm_text": "그러게 자격증 없어도 돼?",
            "speaker": {
              "id": "3번",
              "sex": "남성",
              "age": "20대"
            },
            "speechAct": "(지시) 질문하기",
            "morpheme": "그러/VV+게/EC+자격증/NNG+없/VA+어도/EC+돼/VV+EF"
          },
          {
            "id": 14,
            "text": "1 : 다행이다 꼭 해보고 싶었는데",
            "norm_text": "다행이다 꼭 해보고 싶었는데",
            "speaker": {
              "id": "1번",
              "sex": "여성",
              "age": "20대"
            },
            "speechAct": "(단언) 주장하기",
            "morpheme": "다행/NNG+이/JKS+다/MAG+꼭/MAG+해/VV+EC+보/VX+고/EC+싶/VX+었/EP+는데/EC"
          },
          {
            "id": 15,
            "text": "2 : 웅 그거 없이 체험으로 할 수 있어 하하",
            "norm_text": "웅 그거 없이 체험으로 할 수 있어 하하",
            "speaker": {
              "id": "2번",
              "sex": "여성",
              "age": "20대"
            },
            "speechAct": "(단언) 주장하기",
            "morpheme": "웅/IC+그거/NP+없이/MAG+체험/NNG+으로/JKB+할/VV+ETM+수/NNB+있/VV+어/EC+하하/MAG"
          },
          {
            "id": 16,
            "text": "3 : 다음에 다같이 체험 해보자 하하",
            "norm_text": "다음에 다같이 체험 해보자 하하",
            "speaker": {
              "id": "3번",
              "sex": "남성",
              "age": "20대"
            },
            "speechAct": "(단언) 주장하기",
            "morpheme": "다음/NNG+에다/JKB+같이/MAG+체험/NNG+해/XSV+EC+보/VX+자/EC+하하/MAG"
          },
          {
            "id": 17,
            "text": "1 : 응 하하 바닷가 놀러가서 해보자",
            "norm_text": "응 하하 바닷가 놀러가서 해보자",
            "speaker": {
              "id": "1번",
              "sex": "여성",
              "age": "20대"
            },
            "speechAct": "(단언) 주장하기",
            "morpheme": "응/IC+하하/MAG+바닷가/NNG+놀/VV+러/EC+가/VX+서/EC+해/VV+EC+보/VX+자/EC"
          },
          {
            "id": 18,
            "text": "2 : 산소통 때메 숨도 쉴 수 있어서 진짜 좋아! 하하  꼭 가자",
            "norm_text": "산소통 때메 숨도 쉴 수 있어서 진짜 좋아! 하하  꼭 가자",
            "speaker": {
              "id": "2번",
              "sex": "여성",
              "age": "20대"
            },
            "speechAct": "(단언) 주장하기",
            "morpheme": "산소통/NNG+때메/NNB+JKB+숨/NNG+도/JX+쉴/VV+ETM+수/NNB+있/VV+어서/EC+진짜/MAG+좋/VA+아/EF+하하/MAG+꼭/MAG+가/VV+자/EC"
          },
          {
            "id": 19,
            "text": "3 : 좋아~",
            "norm_text": "좋아~",
            "speaker": {
              "id": "3번",
              "sex": "남성",
              "age": "20대"
            },
            "speechAct": "(단언) 주장하기",
            "morpheme": "좋/VA+아/EC+~/SY"
          },
          {
            "id": 20,
            "text": "3 : 내가 한번 알아볼께~",
            "norm_text": "내가 한번 알아볼께~",
            "speaker": {
              "id": "3번",
              "sex": "남성",
              "age": "20대"
            },
            "speechAct": "(단언) 주장하기",
            "morpheme": "내/NP+가/JKS+한/MM+번/NNBC+알/VV+아/EC+볼께/VX+EF+~/SY"
          }
        ]
      }
    }
  ]
}