{
  "dataset": {
    "identifier": 99349,
    "name": "NATEON_27_04_set",
    "src_path": "/data/file/cubeManager/PROJECT001/77/txt20211027152211006372/NATEON_27_04_set/",
    "label_path": "/data/file/cubeManager/PROJECT001/77/txt20211027152211006372/NATEON_27_04_set/",
    "category": 2,
    "type": 0
  },
  "licenses": {
    "name": "Apache License 1.0",
    "url": "http://www.apache.org/licenses/LICENSE-1.0"
  },
  "info": [
    {
      "id": 99445,
      "filename": "NATEON_27_04.txt",
      "title": "NATEON_27_04",
      "mediatype": "메신저",
      "medianame": "네이트온",
      "category": "일상대화",
      "date": "2021-10-27",
      "size": 405,
      "annotations": {
        "subject": "회사/아르바이트",
        "speaker_type": "다자간 대화",
        "size": 405,
        "word_size": 138,
        "text": "3 : 나도 이직 준비중인데 대박!\n1 : 나 중국어 전공이라 hsk땄지!\n2 : 아아 멋있다 키키\n2 : 중국어 하면 어느 회사로 들어가?\n3 : 우와\n3 : 그건 어떤 자격증이야?\n1 : 보통은 무역회사로 가는데 중국어 쪽으로~\n2 : 아 무역회사 멋있을 거 같아\n2 : 준비는 잘 되고?\n3 : 멋지다\n3 : 준비하는 거 어렵지 않았어?\n1 : 조금 어려웠어 ㅠㅠ\n1 : 6급이라 제일 어려운 거!\n1 : 준비는 잘 돼가~\n3 : 회사 다니면서 준비하기 어려울텐데 대단하다 ㅠㅠ\n1 : 지금 회사도 좋긴 한데 연봉 때문에 ㅠㅠ\n2 : 맞아\n2 : 일 다니면서 난 준비 못할 거 같아 ㅠㅠ\n2 : 연봉이 더 높은 데로 가려는 거야?\n3 : 연봉이 얼마 정도 되는 건데?\n1 : 연봉은 자세히 알려줄 수 없지!\n3 : 그건 맞아 키키\n3 : 안 알려줘도 괜찮아!",
        "lines": [
          {
            "id": 1,
            "text": "3 : 나도 이직 준비중인데 대박!",
            "norm_text": "나도 이직 준비중인데 대박!",
            "speaker": {
              "id": "3번",
              "sex": "남성",
              "age": "20대"
            },
            "speechAct": "(단언) 주장하기",
            "morpheme": "나/NP+도/JX+이직/NNG+준비/NNG+중/NNB+인데/VCP+EC+대박/NNG"
          },
          {
            "id": 2,
            "text": "1 : 나 중국어 전공이라 hsk땄지!",
            "norm_text": "나 중국어 전공이라 hsk땄지!",
            "speaker": {
              "id": "1번",
              "sex": "여성",
              "age": "20대"
            },
            "speechAct": "(단언) 진술하기",
            "morpheme": "나중/NNG+국어/NNG+전공/NNG+이/VCP+라/EC+hsk/SL+땄/VV+EP+지/EF"
          },
          {
            "id": 3,
            "text": "2 : 아아 멋있다 키키",
            "norm_text": "아아 멋있다 키키",
            "speaker": {
              "id": "2번",
              "sex": "여성",
              "age": "20대"
            },
            "speechAct": "(단언) 주장하기",
            "morpheme": "아아/IC+멋있/VA+다키키/NNP"
          },
          {
            "id": 4,
            "text": "2 : 중국어 하면 어느 회사로 들어가?",
            "norm_text": "중국어 하면 어느 회사로 들어가?",
            "speaker": {
              "id": "2번",
              "sex": "여성",
              "age": "20대"
            },
            "speechAct": "(지시) 질문하기",
            "morpheme": "중국어/NNG+하/XSV+면/EC+어느/MM+회사/NNG+로/JKB+들어가/VV+EF"
          },
          {
            "id": 5,
            "text": "3 : 우와",
            "norm_text": "우와",
            "speaker": {
              "id": "3번",
              "sex": "남성",
              "age": "20대"
            },
            "speechAct": "(단언) 주장하기",
            "morpheme": "우와/NNG"
          },
          {
            "id": 6,
            "text": "3 : 그건 어떤 자격증이야?",
            "norm_text": "그건 어떤 자격증이야?",
            "speaker": {
              "id": "3번",
              "sex": "남성",
              "age": "20대"
            },
            "speechAct": "(지시) 질문하기",
            "morpheme": "그건/NP+JX+어떤/MM+자격증/NNG+이/VCP+야/EF"
          },
          {
            "id": 7,
            "text": "1 : 보통은 무역회사로 가는데 중국어 쪽으로~",
            "norm_text": "보통은 무역회사로 가는데 중국어 쪽으로~",
            "speaker": {
              "id": "1번",
              "sex": "여성",
              "age": "20대"
            },
            "speechAct": "(단언) 진술하기",
            "morpheme": "보통/NNG+은/JX+무역/NNG+회사/NNG+로/JKB+가/VV+는데/EC+중국어/NNG+쪽/NNB+으로/JKB+~/SY"
          },
          {
            "id": 8,
            "text": "2 : 아 무역회사 멋있을 거 같아",
            "norm_text": "아 무역회사 멋있을 거 같아",
            "speaker": {
              "id": "2번",
              "sex": "여성",
              "age": "20대"
            },
            "speechAct": "(단언) 주장하기",
            "morpheme": "아/IC+무역/NNG+회사/NNG+멋있/VA+을/ETM+거/NNB+같/VA+아/EC"
          },
          {
            "id": 9,
            "text": "2 : 준비는 잘 되고?",
            "norm_text": "준비는 잘 되고?",
            "speaker": {
              "id": "2번",
              "sex": "여성",
              "age": "20대"
            },
            "speechAct": "(지시) 질문하기",
            "morpheme": "준비/NNG+는/JX+잘/MAG+되/VV+고/EC"
          },
          {
            "id": 10,
            "text": "3 : 멋지다",
            "norm_text": "멋지다",
            "speaker": {
              "id": "3번",
              "sex": "남성",
              "age": "20대"
            },
            "speechAct": "(단언) 주장하기",
            "morpheme": "멋지/VA+다/EC"
          },
          {
            "id": 11,
            "text": "3 : 준비하는 거 어렵지 않았어?",
            "norm_text": "준비하는 거 어렵지 않았어?",
            "speaker": {
              "id": "3번",
              "sex": "남성",
              "age": "20대"
            },
            "speechAct": "(지시) 질문하기",
            "morpheme": "준비/NNG+하/XSV+는/ETM+거/NNB+어렵/VA+지/EC+않/VX+았/EP+어/EF"
          },
          {
            "id": 12,
            "text": "1 : 조금 어려웠어 ㅠㅠ",
            "norm_text": "조금 어려웠어 ㅠㅠ",
            "speaker": {
              "id": "1번",
              "sex": "여성",
              "age": "20대"
            },
            "speechAct": "(단언) 주장하기",
            "morpheme": "조금어려웠어ㅠㅠ/UNKNOWN"
          },
          {
            "id": 13,
            "text": "1 : 6급이라 제일 어려운 거!",
            "norm_text": "6급이라 제일 어려운 거!",
            "speaker": {
              "id": "1번",
              "sex": "여성",
              "age": "20대"
            },
            "speechAct": "(단언) 진술하기",
            "morpheme": "6/SN+급/NNG+이/VCP+라/EC+제일/MAG+어려운/VA+ETM+거/NNB"
          },
          {
            "id": 14,
            "text": "1 : 준비는 잘 돼가~",
            "norm_text": "준비는 잘 돼가~",
            "speaker": {
              "id": "1번",
              "sex": "여성",
              "age": "20대"
            },
            "speechAct": "(단언) 주장하기",
            "morpheme": "준비/NNG+는/JX+잘/MAG+돼/VV+EF+가/JKS+~/SY"
          },
          {
            "id": 15,
            "text": "3 : 회사 다니면서 준비하기 어려울텐데 대단하다 ㅠㅠ",
            "norm_text": "회사 다니면서 준비하기 어려울텐데 대단하다 ㅠㅠ",
            "speaker": {
              "id": "3번",
              "sex": "남성",
              "age": "20대"
            },
            "speechAct": "(단언) 주장하기",
            "morpheme": "회사/NNG+다니/VV+면서/EC+준비/NNG+하/XSV+기/ETN+어려울/VA+ETM+텐데/NNB+VCP+EC+대단/XR+하/XSA+다/EF+ㅠㅠ/UNKNOWN"
          },
          {
            "id": 16,
            "text": "1 : 지금 회사도 좋긴 한데 연봉 때문에 ㅠㅠ",
            "norm_text": "지금 회사도 좋긴 한데 연봉 때문에 ㅠㅠ",
            "speaker": {
              "id": "1번",
              "sex": "여성",
              "age": "20대"
            },
            "speechAct": "(단언) 주장하기",
            "morpheme": "지금/MAG+회사/NNG+도/JX+좋/VA+긴/ETN+JX+한데/VX+EC+연봉/NNG+때문/NNB+에/JKB+ㅠㅠ/UNKNOWN"
          },
          {
            "id": 17,
            "text": "2 : 맞아",
            "norm_text": "맞아",
            "speaker": {
              "id": "2번",
              "sex": "여성",
              "age": "20대"
            },
            "speechAct": "(단언) 주장하기",
            "morpheme": "맞/VV+아/EC"
          },
          {
            "id": 18,
            "text": "2 : 일 다니면서 난 준비 못할 거 같아 ㅠㅠ",
            "norm_text": "일 다니면서 난 준비 못할 거 같아 ㅠㅠ",
            "speaker": {
              "id": "2번",
              "sex": "여성",
              "age": "20대"
            },
            "speechAct": "(단언) 주장하기",
            "morpheme": "일/NNG+다니/VV+면서/EC+난/VX+ETM+준비/NNG+못/MAG+할/VV+ETM+거/NNB+같/VA+아/EC+ㅠㅠ/UNKNOWN"
          },
          {
            "id": 19,
            "text": "2 : 연봉이 더 높은 데로 가려는 거야?",
            "norm_text": "연봉이 더 높은 데로 가려는 거야?",
            "speaker": {
              "id": "2번",
              "sex": "여성",
              "age": "20대"
            },
            "speechAct": "(지시) 질문하기",
            "morpheme": "연봉/NNG+이/JKS+더/MAG+높/VA+은/ETM+데/NNB+로/JKB+가/VV+려는/ETM+거/NNB+야/VCP+EF"
          },
          {
            "id": 20,
            "text": "3 : 연봉이 얼마 정도 되는 건데?",
            "norm_text": "연봉이 얼마 정도 되는 건데?",
            "speaker": {
              "id": "3번",
              "sex": "남성",
              "age": "20대"
            },
            "speechAct": "(지시) 질문하기",
            "morpheme": "연봉/NNG+이/JKS+얼마/NNG+정도/NNG+되/XSV+는/ETM+건데/NNB+VCP+EF"
          },
          {
            "id": 21,
            "text": "1 : 연봉은 자세히 알려줄 수 없지!",
            "norm_text": "연봉은 자세히 알려줄 수 없지!",
            "speaker": {
              "id": "1번",
              "sex": "여성",
              "age": "20대"
            },
            "speechAct": "(단언) 주장하기",
            "morpheme": "연봉/NNG+은/JX+자세히/MAG+알려/VV+EC+줄/VX+ETM+수/NNB+없/VA+지/EF"
          },
          {
            "id": 22,
            "text": "3 : 그건 맞아 키키",
            "norm_text": "그건 맞아 키키",
            "speaker": {
              "id": "3번",
              "sex": "남성",
              "age": "20대"
            },
            "speechAct": "(단언) 주장하기",
            "morpheme": "그건/NP+JX+맞/VV+아/EC+키/NNG+키/XSV+ETN"
          },
          {
            "id": 23,
            "text": "3 : 안 알려줘도 괜찮아!",
            "norm_text": "안 알려줘도 괜찮아!",
            "speaker": {
              "id": "3번",
              "sex": "남성",
              "age": "20대"
            },
            "speechAct": "(단언) 주장하기",
            "morpheme": "안/MAG+알려줘/VV+EC+VX+EC+도/JX+괜찮/VA+아/EF"
          }
        ]
      }
    }
  ]
}