{
  "dataset": {
    "identifier": 114438,
    "name": "NATEON_33_10_set",
    "src_path": "/data/file/cubeManager/PROJECT001/80/txt20211102173312092329/NATEON_33_10_set/",
    "label_path": "/data/file/cubeManager/PROJECT001/80/txt20211102173312092329/NATEON_33_10_set/",
    "category": 2,
    "type": 0
  },
  "licenses": {
    "name": "Apache License 1.0",
    "url": "http://www.apache.org/licenses/LICENSE-1.0"
  },
  "info": [
    {
      "id": 131862,
      "filename": "NATEON_33_10.txt",
      "title": "NATEON_33_10",
      "mediatype": "메신저",
      "medianame": "네이트온",
      "category": "일상대화",
      "date": "2021-11-02",
      "size": 417,
      "annotations": {
        "subject": "스포츠/레저",
        "speaker_type": "다자간 대화",
        "size": 417,
        "word_size": 142,
        "text": "1 : 겨울에 할 수 있는 운동 있나?\n2 : 겨울에 할 수 있는건 보드?\n3 : 보통은 헬스장 가지 않아?\n1 : 이번에 본격적으로 운동 해보려고\n2 : 그럼 핫 요가 이런건 어때 키키\n3 : 오, 너 이번에 진짜 다이어트 하려고?\n1 : 키키 아 진짜!\n1 : 다이어트로 하는거 아니거든?\n2 : 겨울에 하기에 따뜻하고 좋을거 같은데 키키\n3 : 키키 아 장난이야\n3 : 핫요가 좋은데?\n1 : 음 아니면 요즘 핫한 등산?\n2 : 등산?\n2 : 지금 다니기엔 너무 춥지 않아? ㅠㅠ\n3 : 등산 용품도 진짜 비싸던데\n1 : 응 머리부터 발 끝까지 사야해ㅎ\n2 : 아 등산 하려면 등산 용품도 필요하지 ㅠㅠ\n3 : 키키 아이고 그게 돈 더 많이 들겠다\n1 : 일단 안사고 동네 산부터 다녀봐야지ㅠ\n2 : 맞아 그냥 집에서 홈트해 홈트 키키\n3 : 그래 일단 등산에 재미 좀 붙여봐",
        "lines": [
          {
            "id": 1,
            "text": "1 : 겨울에 할 수 있는 운동 있나?",
            "norm_text": "겨울에 할 수 있는 운동 있나?",
            "speaker": {
              "id": "1번",
              "sex": "여성",
              "age": "20대"
            },
            "speechAct": "(지시) 질문하기",
            "morpheme": "겨울/NNG+에/JKB+할/VV+ETM+수/NNB+있/VV+는/ETM+운동/NNG+있/VA+나/EF"
          },
          {
            "id": 2,
            "text": "2 : 겨울에 할 수 있는건 보드?",
            "norm_text": "겨울에 할 수 있는건 보드?",
            "speaker": {
              "id": "2번",
              "sex": "여성",
              "age": "20대"
            },
            "speechAct": "(단언) 진술하기",
            "morpheme": "겨울/NNG+에/JKB+할/VV+ETM+수/NNB+있/VV+는/ETM+건/NNB+JX+보드/NNP"
          },
          {
            "id": 3,
            "text": "3 : 보통은 헬스장 가지 않아?",
            "norm_text": "보통은 헬스장 가지 않아?",
            "speaker": {
              "id": "3번",
              "sex": "남성",
              "age": "20대"
            },
            "speechAct": "(지시) 질문하기",
            "morpheme": "보통/NNG+은/JX+헬스/NNG+장가/NNG+지/VCP+EC+않/VX+아/EF"
          },
          {
            "id": 4,
            "text": "1 : 이번에 본격적으로 운동 해보려고",
            "norm_text": "이번에 본격적으로 운동 해보려고",
            "speaker": {
              "id": "1번",
              "sex": "여성",
              "age": "20대"
            },
            "speechAct": "(단언) 진술하기",
            "morpheme": "이번/NNG+에/JKB+본격/NNG+적/XSN+으로/JKB+운동/NNG+해/XSV+EC+보/VX+려고/EC"
          },
          {
            "id": 5,
            "text": "2 : 그럼 핫 요가 이런건 어때 키키",
            "norm_text": "그럼 핫 요가 이런건 어때 키키",
            "speaker": {
              "id": "2번",
              "sex": "여성",
              "age": "20대"
            },
            "speechAct": "(지시) 충고/제안하기",
            "morpheme": "그럼/MAJ+핫요가/NNP+이런/MM+건/NNB+JX+어때/VA+EC+키/NNG+키/XSV+ETN"
          },
          {
            "id": 6,
            "text": "3 : 오, 너 이번에 진짜 다이어트 하려고?",
            "norm_text": "오, 너 이번에 진짜 다이어트 하려고?",
            "speaker": {
              "id": "3번",
              "sex": "남성",
              "age": "20대"
            },
            "speechAct": "(지시) 질문하기",
            "morpheme": "오/IC+,/SC+너/NP+이번/NNG+에/JKB+진짜/MAG+다이어트/NNG+하/XSA+려고/EF"
          },
          {
            "id": 7,
            "text": "1 : 키키 아 진짜!",
            "norm_text": "키키 아 진짜!",
            "speaker": {
              "id": "1번",
              "sex": "여성",
              "age": "20대"
            },
            "speechAct": "턴토크 사인(관습적 반응)",
            "morpheme": "키/NNG+키/VV+아/EC+진짜/MAG"
          },
          {
            "id": 8,
            "text": "1 : 다이어트로 하는거 아니거든?",
            "norm_text": "다이어트로 하는거 아니거든?",
            "speaker": {
              "id": "1번",
              "sex": "여성",
              "age": "20대"
            },
            "speechAct": "(지시) 질문하기",
            "morpheme": "다이어트/NNG+로/JKB+하/VV+는/ETM+거/NNB+아니/VCN+거든/EF"
          },
          {
            "id": 9,
            "text": "2 : 겨울에 하기에 따뜻하고 좋을거 같은데 키키",
            "norm_text": "겨울에 하기에 따뜻하고 좋을거 같은데 키키",
            "speaker": {
              "id": "2번",
              "sex": "여성",
              "age": "20대"
            },
            "speechAct": "(단언) 진술하기",
            "morpheme": "겨울/NNG+에/JKB+하/VV+기에/EC+따뜻/XR+하/XSA+고/EC+좋/VA+을/ETM+거/NNB+같/VA+은데/EC+키/NNG+키/XSV+ETN"
          },
          {
            "id": 10,
            "text": "3 : 키키 아 장난이야",
            "norm_text": "키키 아 장난이야",
            "speaker": {
              "id": "3번",
              "sex": "남성",
              "age": "20대"
            },
            "speechAct": "(단언) 진술하기",
            "morpheme": "키/NNG+키/VV+아/EC+장난/NNG+이/VCP+야/EC"
          },
          {
            "id": 11,
            "text": "3 : 핫요가 좋은데?",
            "norm_text": "핫요가 좋은데?",
            "speaker": {
              "id": "3번",
              "sex": "남성",
              "age": "20대"
            },
            "speechAct": "(단언) 주장하기",
            "morpheme": "핫요가/NNP+좋/VA+은데/EF"
          },
          {
            "id": 12,
            "text": "1 : 음 아니면 요즘 핫한 등산?",
            "norm_text": "음 아니면 요즘 핫한 등산?",
            "speaker": {
              "id": "1번",
              "sex": "여성",
              "age": "20대"
            },
            "speechAct": "(단언) 주장하기",
            "morpheme": "음/IC+아니면/MAJ+요즘/MAG+핫/NNG+한/XSA+ETM+등산/NNG"
          },
          {
            "id": 13,
            "text": "2 : 등산?",
            "norm_text": "등산?",
            "speaker": {
              "id": "2번",
              "sex": "여성",
              "age": "20대"
            },
            "speechAct": "(지시) 질문하기",
            "morpheme": "등산/NNG"
          },
          {
            "id": 14,
            "text": "2 : 지금 다니기엔 너무 춥지 않아? ㅠㅠ",
            "norm_text": "지금 다니기엔 너무 춥지 않아? ㅠㅠ",
            "speaker": {
              "id": "2번",
              "sex": "여성",
              "age": "20대"
            },
            "speechAct": "(지시) 질문하기",
            "morpheme": "지금/MAG+다니/VV+기/ETN+엔/JKB+JX+너무/MAG+춥/VA+지/EC+않/VX+아/EF+ㅠㅠ/UNKNOWN"
          },
          {
            "id": 15,
            "text": "3 : 등산 용품도 진짜 비싸던데",
            "norm_text": "등산 용품도 진짜 비싸던데",
            "speaker": {
              "id": "3번",
              "sex": "남성",
              "age": "20대"
            },
            "speechAct": "(단언) 진술하기",
            "morpheme": "등산/NNG+용품/NNG+도/JX+진짜/MAG+비싸/VA+던데/EC"
          },
          {
            "id": 16,
            "text": "1 : 응 머리부터 발 끝까지 사야해ㅎ",
            "norm_text": "응 머리부터 발 끝까지 사야해ㅎ",
            "speaker": {
              "id": "1번",
              "sex": "여성",
              "age": "20대"
            },
            "speechAct": "(단언) 진술하기",
            "morpheme": "응/IC+머리/NNG+부터/JX+발끝/NNG+까지/JX+사/VV+야/EC+해/NNG+ㅎ/XSA"
          },
          {
            "id": 17,
            "text": "2 : 아 등산 하려면 등산 용품도 필요하지 ㅠㅠ",
            "norm_text": "아 등산 하려면 등산 용품도 필요하지 ㅠㅠ",
            "speaker": {
              "id": "2번",
              "sex": "여성",
              "age": "20대"
            },
            "speechAct": "(단언) 진술하기",
            "morpheme": "아/IC+등산/NNG+하/XSV+려면/EC+등산/NNG+용품/NNG+도/JX+필요/NNG+하/XSV+지/EC+ㅠㅠ/UNKNOWN"
          },
          {
            "id": 18,
            "text": "3 : 키키 아이고 그게 돈 더 많이 들겠다",
            "norm_text": "키키 아이고 그게 돈 더 많이 들겠다",
            "speaker": {
              "id": "3번",
              "sex": "남성",
              "age": "20대"
            },
            "speechAct": "(단언) 진술하기",
            "morpheme": "키/NNG+키/XSV+ETN+아이/VCN+고/EC+그게/NP+JKS+돈/NNG+더/MAG+많이/MAG+들/VV+겠/EP+다/EC"
          },
          {
            "id": 19,
            "text": "1 : 일단 안사고 동네 산부터 다녀봐야지ㅠ",
            "norm_text": "일단 안사고 동네 산부터 다녀봐야지ㅠ",
            "speaker": {
              "id": "1번",
              "sex": "여성",
              "age": "20대"
            },
            "speechAct": "(단언) 진술하기",
            "morpheme": "일단/MAG+안/MAG+사/VV+고/EC+동네/NNG+산/NNG+부터/JX+다녀봐야/VV+EC+VX+EC+지ㅠ/UNKNOWN"
          },
          {
            "id": 20,
            "text": "2 : 맞아 그냥 집에서 홈트해 홈트 키키",
            "norm_text": "맞아 그냥 집에서 홈트해 홈트 키키",
            "speaker": {
              "id": "2번",
              "sex": "여성",
              "age": "20대"
            },
            "speechAct": "(지시) 충고/제안하기",
            "morpheme": "맞/VV+아/EC+그냥/MAG+집/NNG+에서/JKB+홈/NNG+트/NNG+해/XSV+EC+홈/NNG+트/NNG+키/NNG+키/XSV+ETN"
          },
          {
            "id": 21,
            "text": "3 : 그래 일단 등산에 재미 좀 붙여봐",
            "norm_text": "그래 일단 등산에 재미 좀 붙여봐",
            "speaker": {
              "id": "3번",
              "sex": "남성",
              "age": "20대"
            },
            "speechAct": "(지시) 충고/제안하기",
            "morpheme": "그래/IC+일단/MAG+등산/NNG+에/JKB+재미/NNG+좀/MAG+붙여/VV+EC+봐/VX+EC"
          }
        ]
      }
    }
  ]
}