{
  "dataset": {
    "identifier": 127906,
    "name": "NATEON_38_01_set",
    "src_path": "/data/file/cubeManager/PROJECT001/84/txt20211108181225048314/NATEON_38_01_set/",
    "label_path": "/data/file/cubeManager/PROJECT001/84/txt20211108181225048314/NATEON_38_01_set/",
    "category": 2,
    "type": 0
  },
  "licenses": {
    "name": "Apache License 1.0",
    "url": "http://www.apache.org/licenses/LICENSE-1.0"
  },
  "info": [
    {
      "id": 141865,
      "filename": "NATEON_38_01.txt",
      "title": "NATEON_38_01",
      "mediatype": "메신저",
      "medianame": "네이트온",
      "category": "일상대화",
      "date": "2021-11-08",
      "size": 398,
      "annotations": {
        "subject": "식음료",
        "speaker_type": "다자간 대화",
        "size": 398,
        "word_size": 142,
        "text": "1 : 너희 아침 챙겨 먹었어?\n2 : 아니 나는 아침 잘 안 먹어 키키\n3 : 난 항상 아점 먹어 키키\n1 : 나 아까 커피 말고 우유랑 먹음 키키\n2 : 오 웬일로 우유랑 먹었어 키키\n3 : 그래 우유랑 먹어 그게 좋아 키키\n1 : 엄마가 커피 먹지 말라고 혼내더라고ㅋ\n2 : 맞아 건강 생각해야지 키키\n2 : 우유 먹어 키키\n3 : 그래도 아침 먹는 사람들 대단\n1 : 나중에 카페 가서 커피 사와야겠다\n2 : 결국엔 또 커피 마시는 거네 키키\n3 : 커피도 맨날 마시면 안 좋아 키키\n1 : 당 떨어지니까 바닐라 라떼 먹어야겠어\n2 : 응 그래 먹는 거 좋아 하는 거 먹어 키키\n3 : 난 커피 무조건 아아 키키\n1 : 나는 맨날 커피 마셔줘야 해!\n2 : 맞아 마시는 사람들은 맨날 마시더라 키키\n3 : 가서 에이드 이런 건 안 마셔?",
        "lines": [
          {
            "id": 1,
            "text": "1 : 너희 아침 챙겨 먹었어?",
            "norm_text": "너희 아침 챙겨 먹었어?",
            "speaker": {
              "id": "1번",
              "sex": "여성",
              "age": "20대"
            },
            "speechAct": "(지시) 질문하기",
            "morpheme": "너희/NP+아침/NNG+챙겨/VV+EC+먹/VV+었/EP+어/EF"
          },
          {
            "id": 2,
            "text": "2 : 아니 나는 아침 잘 안 먹어 키키",
            "norm_text": "아니 나는 아침 잘 안 먹어 키키",
            "speaker": {
              "id": "2번",
              "sex": "여성",
              "age": "20대"
            },
            "speechAct": "(단언) 진술하기",
            "morpheme": "아니/IC+나/NP+는/JX+아침/NNG+잘/MAG+안/MAG+먹/VV+어/EC+키/NNG+키/XSV+ETN"
          },
          {
            "id": 3,
            "text": "3 : 난 항상 아점 먹어 키키",
            "norm_text": "난 항상 아점 먹어 키키",
            "speaker": {
              "id": "3번",
              "sex": "남성",
              "age": "20대"
            },
            "speechAct": "(단언) 진술하기",
            "morpheme": "난/NP+JX+항상/MAG+아점/NNG+먹/VV+어/EC+키/NNG+키/XSV+ETN"
          },
          {
            "id": 4,
            "text": "1 : 나 아까 커피 말고 우유랑 먹음 키키",
            "norm_text": "나 아까 커피 말고 우유랑 먹음 키키",
            "speaker": {
              "id": "1번",
              "sex": "여성",
              "age": "20대"
            },
            "speechAct": "(단언) 진술하기",
            "morpheme": "나/NP+아까/MAG+커피/NNG+말/VV+고/EC+우유/NNG+랑/JKB+먹/VV+음/ETN+키/NNG+키/XSV+ETN"
          },
          {
            "id": 5,
            "text": "2 : 오 웬일로 우유랑 먹었어 키키",
            "norm_text": "오 웬일로 우유랑 먹었어 키키",
            "speaker": {
              "id": "2번",
              "sex": "여성",
              "age": "20대"
            },
            "speechAct": "(지시) 질문하기",
            "morpheme": "오/NR+웬일/NNG+로/JKB+우유/NNG+랑/JKB+먹/VV+었/EP+어/EC+키/NNG+키/XSV+ETN"
          },
          {
            "id": 6,
            "text": "3 : 그래 우유랑 먹어 그게 좋아 키키",
            "norm_text": "그래 우유랑 먹어 그게 좋아 키키",
            "speaker": {
              "id": "3번",
              "sex": "남성",
              "age": "20대"
            },
            "speechAct": "(단언) 주장하기",
            "morpheme": "그래/IC+우유/NNG+랑/JKB+먹/VV+어/EC+그게/NP+JKS+좋/VA+아/EC+키/NNG+키/XSV+ETN"
          },
          {
            "id": 7,
            "text": "1 : 엄마가 커피 먹지 말라고 혼내더라고ㅋ",
            "norm_text": "엄마가 커피 먹지 말라고 혼내더라고ㅋ",
            "speaker": {
              "id": "1번",
              "sex": "여성",
              "age": "20대"
            },
            "speechAct": "(단언) 진술하기",
            "morpheme": "엄마/NNG+가/JKS+커피/NNG+먹/VV+지/EC+말/VX+라고/EC+혼내/VV+더라고/EF+ㅋ/UNKNOWN"
          },
          {
            "id": 8,
            "text": "2 : 맞아 건강 생각해야지 키키",
            "norm_text": "맞아 건강 생각해야지 키키",
            "speaker": {
              "id": "2번",
              "sex": "여성",
              "age": "20대"
            },
            "speechAct": "(단언) 주장하기",
            "morpheme": "맞/VV+아/EC+건강/NNG+생각/NNG+해야지/XSV+EC+키/NNG+키/XSV+ETN"
          },
          {
            "id": 9,
            "text": "2 : 우유 먹어 키키",
            "norm_text": "우유 먹어 키키",
            "speaker": {
              "id": "2번",
              "sex": "여성",
              "age": "20대"
            },
            "speechAct": "(단언) 주장하기",
            "morpheme": "우유/NNG+먹/VV+어/EC+키/NNG+키/XSV+ETN"
          },
          {
            "id": 10,
            "text": "3 : 그래도 아침 먹는 사람들 대단",
            "norm_text": "그래도 아침 먹는 사람들 대단",
            "speaker": {
              "id": "3번",
              "sex": "남성",
              "age": "20대"
            },
            "speechAct": "(단언) 진술하기",
            "morpheme": "그래도/MAJ+아침/NNG+먹/VV+는/ETM+사람/NNG+들/XSN+대단/NNG"
          },
          {
            "id": 11,
            "text": "1 : 나중에 카페 가서 커피 사와야겠다",
            "norm_text": "나중에 카페 가서 커피 사와야겠다",
            "speaker": {
              "id": "1번",
              "sex": "여성",
              "age": "20대"
            },
            "speechAct": "(단언) 주장하기",
            "morpheme": "나중/NNG+에/JKB+카페/NNG+가/VV+서/EC+커피/NNG+사/VV+와야/EC+VX+EC+VX+겠/EP+다/EC"
          },
          {
            "id": 12,
            "text": "2 : 결국엔 또 커피 마시는 거네 키키",
            "norm_text": "결국엔 또 커피 마시는 거네 키키",
            "speaker": {
              "id": "2번",
              "sex": "여성",
              "age": "20대"
            },
            "speechAct": "(단언) 진술하기",
            "morpheme": "결국/NNG+엔/JKB+JX+또/MAG+커피/NNG+마시/VV+는/ETM+거/NNB+네/MM+키/NNG+키/XSV+ETN"
          },
          {
            "id": 13,
            "text": "3 : 커피도 맨날 마시면 안 좋아 키키",
            "norm_text": "커피도 맨날 마시면 안 좋아 키키",
            "speaker": {
              "id": "3번",
              "sex": "남성",
              "age": "20대"
            },
            "speechAct": "(단언) 주장하기",
            "morpheme": "커피/NNG+도/JX+맨날/MAG+마시/VV+면/EC+안/MAG+좋/VA+아/EC+키/NNG+키/XSV+ETN"
          },
          {
            "id": 14,
            "text": "1 : 당 떨어지니까 바닐라 라떼 먹어야겠어",
            "norm_text": "당 떨어지니까 바닐라 라떼 먹어야겠어",
            "speaker": {
              "id": "1번",
              "sex": "여성",
              "age": "20대"
            },
            "speechAct": "(단언) 주장하기",
            "morpheme": "당/MAG+떨어지/VV+니까/EC+바닐라/NNG+라/VCP+EC+떼먹/VV+어야/EC+겠어/VX+EP+EC"
          },
          {
            "id": 15,
            "text": "2 : 응 그래 먹는 거 좋아 하는 거 먹어 키키",
            "norm_text": "응 그래 먹는 거 좋아 하는 거 먹어 키키",
            "speaker": {
              "id": "2번",
              "sex": "여성",
              "age": "20대"
            },
            "speechAct": "(단언) 주장하기",
            "morpheme": "응/IC+그래/IC+먹/VV+는/ETM+거/NNB+좋/VA+아/EC+하/VV+는/ETM+거/NNB+먹/VV+어/EC+키/NNG+키/XSV+ETN"
          },
          {
            "id": 16,
            "text": "3 : 난 커피 무조건 아아 키키",
            "norm_text": "난 커피 무조건 아아 키키",
            "speaker": {
              "id": "3번",
              "sex": "남성",
              "age": "20대"
            },
            "speechAct": "(단언) 주장하기",
            "morpheme": "난/NP+JX+커피/NNG+무조건/MAG+아아/IC+키/NNG+키/XSV+ETN"
          },
          {
            "id": 17,
            "text": "1 : 나는 맨날 커피 마셔줘야 해!",
            "norm_text": "나는 맨날 커피 마셔줘야 해!",
            "speaker": {
              "id": "1번",
              "sex": "여성",
              "age": "20대"
            },
            "speechAct": "(단언) 주장하기",
            "morpheme": "나/NP+는/JX+맨날/MAG+커피/NNG+마셔/VV+EC+줘야/VX+EC+해/VX+EF"
          },
          {
            "id": 18,
            "text": "2 : 맞아 마시는 사람들은 맨날 마시더라 키키",
            "norm_text": "맞아 마시는 사람들은 맨날 마시더라 키키",
            "speaker": {
              "id": "2번",
              "sex": "여성",
              "age": "20대"
            },
            "speechAct": "(단언) 진술하기",
            "morpheme": "맞/VV+아/EC+마시/VV+는/ETM+사람/NNG+들/XSN+은/JX+맨날/MAG+마시/VV+더라/EC+키/NNG+키/XSV+ETN"
          },
          {
            "id": 19,
            "text": "3 : 가서 에이드 이런 건 안 마셔?",
            "norm_text": "가서 에이드 이런 건 안 마셔?",
            "speaker": {
              "id": "3번",
              "sex": "남성",
              "age": "20대"
            },
            "speechAct": "(지시) 질문하기",
            "morpheme": "가/VV+서/EC+에이드/NNP+이런/MM+건/NNB+JX+안/MAG+마셔/VV+EF"
          }
        ]
      }
    }
  ]
}