{
  "dataset": {
    "identifier": 127963,
    "name": "NATEON_40_18_set",
    "src_path": "/data/file/cubeManager/PROJECT001/84/txt20211108181225093781/NATEON_40_18_set/",
    "label_path": "/data/file/cubeManager/PROJECT001/84/txt20211108181225093781/NATEON_40_18_set/",
    "category": 2,
    "type": 0
  },
  "licenses": {
    "name": "Apache License 1.0",
    "url": "http://www.apache.org/licenses/LICENSE-1.0"
  },
  "info": [
    {
      "id": 141922,
      "filename": "NATEON_40_18.txt",
      "title": "NATEON_40_18",
      "mediatype": "메신저",
      "medianame": "네이트온",
      "category": "일상대화",
      "date": "2021-11-08",
      "size": 396,
      "annotations": {
        "subject": "상거래 전반",
        "speaker_type": "다자간 대화",
        "size": 396,
        "word_size": 144,
        "text": "1 : 너희 다들 당근 해봤냐\n2 : 어 나 당근 자주 해 키키\n3 : 아 당근 해봤지\n3 : 당근 모르는 사람이 어디 있어\n1 : 나 오늘 예약 잡았는데 안 오더라\n2 : 나 당근 마스터야 엄청 잘 해 키키\n3 : 아 진짜 당근에 어린애들 많아\n1 : 아, 그냥 가격 비교하고 살 껄\n2 : 그럼 그런 사람은 차단 해\n3 : 아 나 진짜 많이 팔았었는데\n1 : 걍 네이버에서 얼른 살 걸 ㅠㅠ\n2 : 아 근데 당근이 저렴하게 잘 올라 와\n3 : 진짜 어린애들 너무 많아 싸게 팔아 나는 키키\n1 : 아니 가격을 엄청 저렴하게 내놨더라고\n2 : 맞아 당근이 다 후려치거든 키키\n3 : 진짜 저렴한 게 제일 잘 팔려 키키\n1 : 이제는 그냥 네이버에서 사야겠어\n2 : 그래서 헐값에 내 껏도 팔아야 해 키키\n3 : 다들 당근 합시다 당근 당근",
        "lines": [
          {
            "id": 1,
            "text": "1 : 너희 다들 당근 해봤냐",
            "norm_text": "너희 다들 당근 해봤냐",
            "speaker": {
              "id": "1번",
              "sex": "여성",
              "age": "20대"
            },
            "speechAct": "(지시) 질문하기",
            "morpheme": "너희/NP+다/MAG+들/XSN+당근/NNG+해/XSV+EC+봤/VX+EP+냐/EC"
          },
          {
            "id": 2,
            "text": "2 : 어 나 당근 자주 해 키키",
            "norm_text": "어 나 당근 자주 해 키키",
            "speaker": {
              "id": "2번",
              "sex": "남성",
              "age": "20대"
            },
            "speechAct": "(단언) 주장하기",
            "morpheme": "어/IC+나/NP+당근/MAG+자주/MAG+해/VV+EC+키/NNG+키/XSV+ETN"
          },
          {
            "id": 3,
            "text": "3 : 아 당근 해봤지",
            "norm_text": "아 당근 해봤지",
            "speaker": {
              "id": "3번",
              "sex": "남성",
              "age": "20대"
            },
            "speechAct": "(단언) 진술하기",
            "morpheme": "아/IC+당근/NNG+해/XSV+EC+봤/VX+EP+지/EC"
          },
          {
            "id": 4,
            "text": "3 : 당근 모르는 사람이 어디 있어",
            "norm_text": "당근 모르는 사람이 어디 있어",
            "speaker": {
              "id": "3번",
              "sex": "남성",
              "age": "20대"
            },
            "speechAct": "(단언) 주장하기",
            "morpheme": "당근/MAG+모르/VV+는/ETM+사람/NNG+이/JKS+어디/NP+있/VA+어/EC"
          },
          {
            "id": 5,
            "text": "1 : 나 오늘 예약 잡았는데 안 오더라",
            "norm_text": "나 오늘 예약 잡았는데 안 오더라",
            "speaker": {
              "id": "1번",
              "sex": "여성",
              "age": "20대"
            },
            "speechAct": "(단언) 진술하기",
            "morpheme": "나/NP+오늘/MAG+예약/NNG+잡/VV+았/EP+는데/EC+안/MAG+오/VV+더라/EC"
          },
          {
            "id": 6,
            "text": "2 : 나 당근 마스터야 엄청 잘 해 키키",
            "norm_text": "나 당근 마스터야 엄청 잘 해 키키",
            "speaker": {
              "id": "2번",
              "sex": "남성",
              "age": "20대"
            },
            "speechAct": "(단언) 주장하기",
            "morpheme": "나/NP+당근/MAG+마스터/NNG+야/JX+엄청/MAG+잘/MAG+해/VV+EC+키/NNG+키/XSV+ETN"
          },
          {
            "id": 7,
            "text": "3 : 아 진짜 당근에 어린애들 많아",
            "norm_text": "아 진짜 당근에 어린애들 많아",
            "speaker": {
              "id": "3번",
              "sex": "남성",
              "age": "20대"
            },
            "speechAct": "(단언) 주장하기",
            "morpheme": "아/IC+진짜/MAG+당근/NNG+에/JKB+어린애/NNG+들/XSN+많/VA+아/EC"
          },
          {
            "id": 8,
            "text": "1 : 아, 그냥 가격 비교하고 살 껄",
            "norm_text": "아, 그냥 가격 비교하고 살 껄",
            "speaker": {
              "id": "1번",
              "sex": "여성",
              "age": "20대"
            },
            "speechAct": "(단언) 주장하기",
            "morpheme": "아/IC+,/SC+그냥/MAG+가격/NNG+비교/NNG+하/XSV+고/EC+살/VV+ETM+껄/VV"
          },
          {
            "id": 9,
            "text": "2 : 그럼 그런 사람은 차단 해",
            "norm_text": "그럼 그런 사람은 차단 해",
            "speaker": {
              "id": "2번",
              "sex": "남성",
              "age": "20대"
            },
            "speechAct": "(단언) 주장하기",
            "morpheme": "그럼/MAJ+그런/MM+사람/NNG+은/JX+차단/NNG+해/XSV+EC"
          },
          {
            "id": 10,
            "text": "3 : 아 나 진짜 많이 팔았었는데",
            "norm_text": "아 나 진짜 많이 팔았었는데",
            "speaker": {
              "id": "3번",
              "sex": "남성",
              "age": "20대"
            },
            "speechAct": "(단언) 주장하기",
            "morpheme": "아/IC+나/NP+진짜/MAG+많이/MAG+팔/VV+았었/EP+는데/EC"
          },
          {
            "id": 11,
            "text": "1 : 걍 네이버에서 얼른 살 걸 ㅠㅠ",
            "norm_text": "걍 네이버에서 얼른 살 걸 ㅠㅠ",
            "speaker": {
              "id": "1번",
              "sex": "여성",
              "age": "20대"
            },
            "speechAct": "(단언) 주장하기",
            "morpheme": "걍/UNKNOWN+네이버/NNP+에서/JKB+얼른/MAG+살걸/VV+EC+ㅠㅠ/UNKNOWN"
          },
          {
            "id": 12,
            "text": "2 : 아 근데 당근이 저렴하게 잘 올라 와",
            "norm_text": "아 근데 당근이 저렴하게 잘 올라 와",
            "speaker": {
              "id": "2번",
              "sex": "남성",
              "age": "20대"
            },
            "speechAct": "(단언) 주장하기",
            "morpheme": "아/IC+근데/MAJ+당근/NNG+이/JKS+저렴/XR+하/XSA+게/EC+잘/MAG+올라와/VV+EC"
          },
          {
            "id": 13,
            "text": "3 : 진짜 어린애들 너무 많아 싸게 팔아 나는 키키",
            "norm_text": "진짜 어린애들 너무 많아 싸게 팔아 나는 키키",
            "speaker": {
              "id": "3번",
              "sex": "남성",
              "age": "20대"
            },
            "speechAct": "(단언) 주장하기",
            "morpheme": "진짜/MAG+어린애/NNG+들/XSN+너무/MAG+많/VA+아/EC+싸/VX+게/EC+팔/VV+아/EC+나/NP+는/JX+키/NNG+키/XSV+ETN"
          },
          {
            "id": 14,
            "text": "1 : 아니 가격을 엄청 저렴하게 내놨더라고",
            "norm_text": "아니 가격을 엄청 저렴하게 내놨더라고",
            "speaker": {
              "id": "1번",
              "sex": "여성",
              "age": "20대"
            },
            "speechAct": "(단언) 주장하기",
            "morpheme": "아니/IC+가격/NNG+을/JKO+엄청/MAG+저렴/XR+하/XSA+게/EC+내놨/VV+EP+더라고/EC"
          },
          {
            "id": 15,
            "text": "2 : 맞아 당근이 다 후려치거든 키키",
            "norm_text": "맞아 당근이 다 후려치거든 키키",
            "speaker": {
              "id": "2번",
              "sex": "남성",
              "age": "20대"
            },
            "speechAct": "(단언) 주장하기",
            "morpheme": "맞/VV+아/EC+당근/NNG+이/JKS+다/MAG+후려치/VV+거든/EC+키/NNG+키/XSV+ETN"
          },
          {
            "id": 16,
            "text": "3 : 진짜 저렴한 게 제일 잘 팔려 키키",
            "norm_text": "진짜 저렴한 게 제일 잘 팔려 키키",
            "speaker": {
              "id": "3번",
              "sex": "남성",
              "age": "20대"
            },
            "speechAct": "(단언) 주장하기",
            "morpheme": "진짜/MAG+저렴/XR+한/XSA+ETM+게/NNB+JKS+제일/MAG+잘/MAG+팔려/VV+EC+키/NNG+키/XSV+ETN"
          },
          {
            "id": 17,
            "text": "1 : 이제는 그냥 네이버에서 사야겠어",
            "norm_text": "이제는 그냥 네이버에서 사야겠어",
            "speaker": {
              "id": "1번",
              "sex": "여성",
              "age": "20대"
            },
            "speechAct": "(단언) 주장하기",
            "morpheme": "이제/NNG+는/JX+그냥/MAG+네이버/NNP+에서/JKB+사/VV+야/EC+VX+겠/EP+어/EC"
          },
          {
            "id": 18,
            "text": "2 : 그래서 헐값에 내 껏도 팔아야 해 키키",
            "norm_text": "그래서 헐값에 내 껏도 팔아야 해 키키",
            "speaker": {
              "id": "2번",
              "sex": "남성",
              "age": "20대"
            },
            "speechAct": "(단언) 주장하기",
            "morpheme": "그래서/MAJ+헐값/NNG+에/JKB+내/MM+껏/NNB+도/JX+팔/VV+아야/EC+해/VV+EC+키/NNG+키/XSV+ETN"
          },
          {
            "id": 19,
            "text": "3 : 다들 당근 합시다 당근 당근",
            "norm_text": "다들 당근 합시다 당근 당근",
            "speaker": {
              "id": "3번",
              "sex": "남성",
              "age": "20대"
            },
            "speechAct": "(단언) 주장하기",
            "morpheme": "다/MAG+들/XSN+당근/NNG+합시다/XSV+EF+당근/MAG+당근/NNG"
          }
        ]
      }
    }
  ]
}