{
  "dataset": {
    "identifier": 127960,
    "name": "NATEON_40_15_set",
    "src_path": "/data/file/cubeManager/PROJECT001/84/txt20211108181225091975/NATEON_40_15_set/",
    "label_path": "/data/file/cubeManager/PROJECT001/84/txt20211108181225091975/NATEON_40_15_set/",
    "category": 2,
    "type": 0
  },
  "licenses": {
    "name": "Apache License 1.0",
    "url": "http://www.apache.org/licenses/LICENSE-1.0"
  },
  "info": [
    {
      "id": 141919,
      "filename": "NATEON_40_15.txt",
      "title": "NATEON_40_15",
      "mediatype": "메신저",
      "medianame": "네이트온",
      "category": "일상대화",
      "date": "2021-11-08",
      "size": 386,
      "annotations": {
        "subject": "타 국가 이슈",
        "speaker_type": "다자간 대화",
        "size": 386,
        "word_size": 141,
        "text": "1 : 아 내가 전에 얘기 했었나\n2 : 어떤 거 뭐 또 뜬 거 있음? 키키\n3 : 무슨 얘기 뭔데 궁금하게\n1 : 중국 김치 만드는 유투버 실종 됐다고\n2 : 아 뭐여 김치는 우리 건데 ㅡㅡ\n3 : 아 진짜 실종 됐다고 대박\n1 : 한국 문화 자기들 꺼라고 하더니 돌연 실종 키키\n2 : 어이가 없네 뭔 실종이야 키키\n3 : 맞아 김치는 우리 껀데\n3 : 키키 어이없네 중국산\n1 : 그냥 활동 중단인지 모르겠다\n2 : 아 활동 중단인 듯 키키\n3 : 키키 활동 중단 인 거겠지\n1 : 이 틈을 타서 우리가 김치 더 사랑해야지\n2 : 맞아 그리고 중국 김치 먹지도 않자너\n3 : 나도 우리 김치 알러뷰 김치 키키\n1 : 김치 우리 껀데 말도 안된다\n2 : 맞아 나 김치 완전 좋아해 키키\n3 : 중국산 너무 싫어 김치 웩",
        "lines": [
          {
            "id": 1,
            "text": "1 : 아 내가 전에 얘기 했었나",
            "norm_text": "아 내가 전에 얘기 했었나",
            "speaker": {
              "id": "1번",
              "sex": "여성",
              "age": "20대"
            },
            "speechAct": "(지시) 질문하기",
            "morpheme": "아내/NNG+가/JKS+전/NNG+에/JKB+얘기/NNG+했었/XSV+EP+나/EC"
          },
          {
            "id": 2,
            "text": "2 : 어떤 거 뭐 또 뜬 거 있음? 키키",
            "norm_text": "어떤 거 뭐 또 뜬 거 있음? 키키",
            "speaker": {
              "id": "2번",
              "sex": "남성",
              "age": "20대"
            },
            "speechAct": "(지시) 질문하기",
            "morpheme": "어떤/MM+거/NNB+뭐/IC+또/MAG+뜬/VV+ETM+거/NNB+있/VA+음/ETN+키/NNG+키/XSV+ETN"
          },
          {
            "id": 3,
            "text": "3 : 무슨 얘기 뭔데 궁금하게",
            "norm_text": "무슨 얘기 뭔데 궁금하게",
            "speaker": {
              "id": "3번",
              "sex": "남성",
              "age": "20대"
            },
            "speechAct": "(지시) 질문하기",
            "morpheme": "무슨/MM+얘기/NNG+뭔데/NP+VCP+EC+궁금/XR+하/XSA+게/EC"
          },
          {
            "id": 4,
            "text": "1 : 중국 김치 만드는 유투버 실종 됐다고",
            "norm_text": "중국 김치 만드는 유투버 실종 됐다고",
            "speaker": {
              "id": "1번",
              "sex": "여성",
              "age": "20대"
            },
            "speechAct": "(단언) 진술하기",
            "morpheme": "중국/NNP+김치/NNG+만드/VV+는/ETM+유투/NNP+버/NNP+실종/NNG+됐/XSV+EP+다고/EC"
          },
          {
            "id": 5,
            "text": "2 : 아 뭐여 김치는 우리 건데 ㅡㅡ",
            "norm_text": "아 뭐여 김치는 우리 건데 ㅡㅡ",
            "speaker": {
              "id": "2번",
              "sex": "남성",
              "age": "20대"
            },
            "speechAct": "(단언) 주장하기",
            "morpheme": "아/IC+뭐/IC+여김/VV+ETN+치/VV+는/ETM+우리/NP+건데/NNB+VCP+EC+ㅡㅡ/UNKNOWN"
          },
          {
            "id": 6,
            "text": "3 : 아 진짜 실종 됐다고 대박",
            "norm_text": "아 진짜 실종 됐다고 대박",
            "speaker": {
              "id": "3번",
              "sex": "남성",
              "age": "20대"
            },
            "speechAct": "(단언) 주장하기",
            "morpheme": "아/IC+진짜/MAG+실종/NNG+됐/XSV+EP+다고/EC+대박/NNG"
          },
          {
            "id": 7,
            "text": "1 : 한국 문화 자기들 꺼라고 하더니 돌연 실종 키키",
            "norm_text": "한국 문화 자기들 꺼라고 하더니 돌연 실종 키키",
            "speaker": {
              "id": "1번",
              "sex": "여성",
              "age": "20대"
            },
            "speechAct": "(단언) 주장하기",
            "morpheme": "한국/NNP+문화/NNG+자기/NP+들/XSN+꺼/NNB+VCP+라고/EC+하/VV+더니/EC+돌연/MAG+실종/NNG+키/NNG+키/XSV+ETN"
          },
          {
            "id": 8,
            "text": "2 : 어이가 없네 뭔 실종이야 키키",
            "norm_text": "어이가 없네 뭔 실종이야 키키",
            "speaker": {
              "id": "2번",
              "sex": "남성",
              "age": "20대"
            },
            "speechAct": "(단언) 주장하기",
            "morpheme": "어/IC+이/NP+가/JKS+없/VA+네/EF+뭔/MM+실종/NNG+이/VCP+야/EC+키/NNG+키/XSV+ETN"
          },
          {
            "id": 9,
            "text": "3 : 맞아 김치는 우리 껀데",
            "norm_text": "맞아 김치는 우리 껀데",
            "speaker": {
              "id": "3번",
              "sex": "남성",
              "age": "20대"
            },
            "speechAct": "(단언) 주장하기",
            "morpheme": "맞/VV+아/EC+김치/NNG+는/JX+우리/NP+껀/NNBC+JX+데/NNB"
          },
          {
            "id": 10,
            "text": "3 : 키키 어이없네 중국산",
            "norm_text": "키키 어이없네 중국산",
            "speaker": {
              "id": "3번",
              "sex": "남성",
              "age": "20대"
            },
            "speechAct": "(표현) 부정감정 표현하기",
            "morpheme": "키/NNG+키/XSV+ETN+어이없/VA+네/EF+중국/NNP+산/XSN"
          },
          {
            "id": 11,
            "text": "1 : 그냥 활동 중단인지 모르겠다",
            "norm_text": "그냥 활동 중단인지 모르겠다",
            "speaker": {
              "id": "1번",
              "sex": "여성",
              "age": "20대"
            },
            "speechAct": "(단언) 진술하기",
            "morpheme": "그냥/MAG+활동/NNG+중단/NNG+인지/VCP+EC+모르/VV+겠/EP+다/EC"
          },
          {
            "id": 12,
            "text": "2 : 아 활동 중단인 듯 키키",
            "norm_text": "아 활동 중단인 듯 키키",
            "speaker": {
              "id": "2번",
              "sex": "남성",
              "age": "20대"
            },
            "speechAct": "(단언) 주장하기",
            "morpheme": "아/IC+활동/NNG+중단/NNG+인/VCP+ETM+듯/NNB+키/NNG+키/XSV+ETN"
          },
          {
            "id": 13,
            "text": "3 : 키키 활동 중단 인 거겠지",
            "norm_text": "키키 활동 중단 인 거겠지",
            "speaker": {
              "id": "3번",
              "sex": "남성",
              "age": "20대"
            },
            "speechAct": "(단언) 주장하기",
            "morpheme": "키/NNG+키/NNG+활동/NNG+중단/NNG+인/VCP+ETM+거/NNB+겠/VCP+EP+지/EC"
          },
          {
            "id": 14,
            "text": "1 : 이 틈을 타서 우리가 김치 더 사랑해야지",
            "norm_text": "이 틈을 타서 우리가 김치 더 사랑해야지",
            "speaker": {
              "id": "1번",
              "sex": "여성",
              "age": "20대"
            },
            "speechAct": "(단언) 주장하기",
            "morpheme": "이/MM+틈/NNG+을/JKO+타/VV+서/EC+우리/NP+가/JKS+김치/NNG+더/MAG+사랑/NNG+해야지/XSV+EC"
          },
          {
            "id": 15,
            "text": "2 : 맞아 그리고 중국 김치 먹지도 않자너",
            "norm_text": "맞아 그리고 중국 김치 먹지도 않자너",
            "speaker": {
              "id": "2번",
              "sex": "남성",
              "age": "20대"
            },
            "speechAct": "(단언) 진술하기",
            "morpheme": "맞아/IC+그리고/MAJ+중국/NNP+김치/NNG+먹/VV+지/EC+도/JX+않/VX+자/EC+너/NP"
          },
          {
            "id": 16,
            "text": "3 : 나도 우리 김치 알러뷰 김치 키키",
            "norm_text": "나도 우리 김치 알러뷰 김치 키키",
            "speaker": {
              "id": "3번",
              "sex": "남성",
              "age": "20대"
            },
            "speechAct": "(단언) 주장하기",
            "morpheme": "나/NP+도/JX+우리/NP+김치/NNG+알러/NNP+뷰/NNP+김치/NNG+키/NNG+키/XSV+ETN"
          },
          {
            "id": 17,
            "text": "1 : 김치 우리 껀데 말도 안된다",
            "norm_text": "김치 우리 껀데 말도 안된다",
            "speaker": {
              "id": "1번",
              "sex": "여성",
              "age": "20대"
            },
            "speechAct": "(단언) 주장하기",
            "morpheme": "김치/NNG+우리/NP+껀/NNBC+JX+데/NNB+말/NNG+도/JX+안/MAG+된다/VV+EC"
          },
          {
            "id": 18,
            "text": "2 : 맞아 나 김치 완전 좋아해 키키",
            "norm_text": "맞아 나 김치 완전 좋아해 키키",
            "speaker": {
              "id": "2번",
              "sex": "남성",
              "age": "20대"
            },
            "speechAct": "(단언) 진술하기",
            "morpheme": "맞/VV+아나/EC+김치/NNG+완전/MAG+좋아해/VV+EC+키/NNG+키/XSV+ETN"
          },
          {
            "id": 19,
            "text": "3 : 중국산 너무 싫어 김치 웩",
            "norm_text": "중국산 너무 싫어 김치 웩",
            "speaker": {
              "id": "3번",
              "sex": "남성",
              "age": "20대"
            },
            "speechAct": "(표현) 부정감정 표현하기",
            "morpheme": "중국/NNP+산/XSN+너무/MAG+싫/VA+어/EC+김치/NNG+웩/MAG"
          }
        ]
      }
    }
  ]
}