{
  "dataset": {
    "identifier": 124869,
    "name": "NATEON_45_20_set",
    "src_path": "/data/file/cubeManager/PROJECT001/84/txt202111051134230979108/NATEON_45_20_set/",
    "label_path": "/data/file/cubeManager/PROJECT001/84/txt202111051134230979108/NATEON_45_20_set/",
    "category": 2,
    "type": 0
  },
  "licenses": {
    "name": "Apache License 1.0",
    "url": "http://www.apache.org/licenses/LICENSE-1.0"
  },
  "info": [
    {
      "id": 138915,
      "filename": "NATEON_45_20.txt",
      "title": "NATEON_45_20",
      "mediatype": "메신저",
      "medianame": "네이트온",
      "category": "일상대화",
      "date": "2021-11-05",
      "size": 439,
      "annotations": {
        "subject": "영화/만화",
        "speaker_type": "다자간 대화",
        "size": 439,
        "word_size": 156,
        "text": "1 : 너희 감정이들 나오는 영화 봤어?\n2 : 아니 감정이들이 무슨 영화야?\n3 : 아 알 거 같은데 제목을 모르겠다 ㅠ\n1 : 감정이 7명이 나와서 아기 안에 세계를 구축해\n2 : 헐 그런 영화도 있어?\n2 : 넷플에 있어?\n3 : 아 그거 제목 지금 찾아 볼께\n1 : 아아 인사이드 아웃 이다!\n2 : 너 되게 다양하게 영화 보는 거 같아 대단해\n3 : 맞아 감정 컨트롤하는 애니 하하\n1 : 그거 보면 진짜 가볍게 볼 수 있어\n2 : 오 가볍게 보는 거 좋지 키키\n3 : 시간 보내는 용으로 좋다는 거지?\n1 : 응 하하 중간 중간 나오는 아기도 귀여워 ㅠㅠ\n2 : 볼 거 없을 때 그건 거 보면 좋아 시간 금방 가고 키키\n3 : 감정이들이 자기 감정 표출할 때 웃겨 키키\n1 : 어 나는 분노 감정이가 제일 웃기더라 키키\n2 : 후 나만 몰라 ㅠㅠ\n2 : 나 보러 간다~\n3 : 나는 슬픔이가 제일 웃겼어 하하",
        "lines": [
          {
            "id": 1,
            "text": "1 : 너희 감정이들 나오는 영화 봤어?",
            "norm_text": "너희 감정이들 나오는 영화 봤어?",
            "speaker": {
              "id": "1번",
              "sex": "여성",
              "age": "20대"
            },
            "speechAct": "(지시) 질문하기",
            "morpheme": "너희/NP+감정/NNG+이/NP+들/XSN+나오/VV+는/ETM+영화/NNG+봤/VV+EP+어/EF"
          },
          {
            "id": 2,
            "text": "2 : 아니 감정이들이 무슨 영화야?",
            "norm_text": "아니 감정이들이 무슨 영화야?",
            "speaker": {
              "id": "2번",
              "sex": "여성",
              "age": "20대"
            },
            "speechAct": "(지시) 질문하기",
            "morpheme": "아니/IC+감정/NNG+이/NP+들/XSN+이/JKS+무슨/MM+영화/NNG+야/VCP+EF"
          },
          {
            "id": 3,
            "text": "3 : 아 알 거 같은데 제목을 모르겠다 ㅠ",
            "norm_text": "아 알 거 같은데 제목을 모르겠다 ㅠ",
            "speaker": {
              "id": "3번",
              "sex": "남성",
              "age": "20대"
            },
            "speechAct": "(단언) 주장하기",
            "morpheme": "아/IC+알/VV+ETM+거/NNB+같/VA+은데/EC+제목/NNG+을/JKO+모르/VV+겠/EP+다ㅠ/UNKNOWN"
          },
          {
            "id": 4,
            "text": "1 : 감정이 7명이 나와서 아기 안에 세계를 구축해",
            "norm_text": "감정이 7명이 나와서 아기 안에 세계를 구축해",
            "speaker": {
              "id": "1번",
              "sex": "여성",
              "age": "20대"
            },
            "speechAct": "(단언) 진술하기",
            "morpheme": "감정/NNG+이/JKS+7/SN+명/NNBC+이/JKS+나와서/VV+EC+아기/NNG+안/NNG+에/JKB+세계/NNG+를/JKO+구축/NNG+해/XSV+EC"
          },
          {
            "id": 5,
            "text": "2 : 헐 그런 영화도 있어?",
            "norm_text": "헐 그런 영화도 있어?",
            "speaker": {
              "id": "2번",
              "sex": "여성",
              "age": "20대"
            },
            "speechAct": "(지시) 질문하기",
            "morpheme": "헐/IC+그런/MM+영화/NNG+도/JX+있/VA+어/EF"
          },
          {
            "id": 6,
            "text": "2 : 넷플에 있어?",
            "norm_text": "넷플에 있어?",
            "speaker": {
              "id": "2번",
              "sex": "여성",
              "age": "20대"
            },
            "speechAct": "(지시) 질문하기",
            "morpheme": "넷/NR+플/NNG+에/JKB+있/VV+어/EF"
          },
          {
            "id": 7,
            "text": "3 : 아 그거 제목 지금 찾아 볼께",
            "norm_text": "아 그거 제목 지금 찾아 볼께",
            "speaker": {
              "id": "3번",
              "sex": "남성",
              "age": "20대"
            },
            "speechAct": "(단언) 주장하기",
            "morpheme": "아/IC+그거/NP+제목/NNG+지금/MAG+찾아볼/VV+ETM+께/NNB"
          },
          {
            "id": 8,
            "text": "1 : 아아 인사이드 아웃 이다!",
            "norm_text": "아아 인사이드 아웃 이다!",
            "speaker": {
              "id": "1번",
              "sex": "여성",
              "age": "20대"
            },
            "speechAct": "(단언) 진술하기",
            "morpheme": "아/IC+아인/VCN+ETM+사이드아웃/NNG+이/VCP+다/EF"
          },
          {
            "id": 9,
            "text": "2 : 너 되게 다양하게 영화 보는 거 같아 대단해",
            "norm_text": "너 되게 다양하게 영화 보는 거 같아 대단해",
            "speaker": {
              "id": "2번",
              "sex": "여성",
              "age": "20대"
            },
            "speechAct": "(단언) 주장하기",
            "morpheme": "너/NP+되게/MAG+다양/NNG+하/XSV+게/EC+영화/NNG+보/VV+는/ETM+거/NNB+같/VA+아/EC+대단/XR+해/XSA+EC"
          },
          {
            "id": 10,
            "text": "3 : 맞아 감정 컨트롤하는 애니 하하",
            "norm_text": "맞아 감정 컨트롤하는 애니 하하",
            "speaker": {
              "id": "3번",
              "sex": "남성",
              "age": "20대"
            },
            "speechAct": "(단언) 진술하기",
            "morpheme": "맞/VV+아/EC+감정/NNG+컨트롤/NNG+하/XSV+는/ETM+애니/NNP+하하/NNP"
          },
          {
            "id": 11,
            "text": "1 : 그거 보면 진짜 가볍게 볼 수 있어",
            "norm_text": "그거 보면 진짜 가볍게 볼 수 있어",
            "speaker": {
              "id": "1번",
              "sex": "여성",
              "age": "20대"
            },
            "speechAct": "(단언) 주장하기",
            "morpheme": "그거/NP+보/VV+면/EC+진짜/MAG+가볍/VA+게/EC+볼/VX+ETM+수/NNB+있/VV+어/EC"
          },
          {
            "id": 12,
            "text": "2 : 오 가볍게 보는 거 좋지 키키",
            "norm_text": "오 가볍게 보는 거 좋지 키키",
            "speaker": {
              "id": "2번",
              "sex": "여성",
              "age": "20대"
            },
            "speechAct": "(단언) 주장하기",
            "morpheme": "오/NR+가볍/VA+게/EC+보/VX+는/ETM+거/NNB+좋/VA+지/EC+키/NNG+키/XSV+ETN"
          },
          {
            "id": 13,
            "text": "3 : 시간 보내는 용으로 좋다는 거지?",
            "norm_text": "시간 보내는 용으로 좋다는 거지?",
            "speaker": {
              "id": "3번",
              "sex": "남성",
              "age": "20대"
            },
            "speechAct": "(지시) 질문하기",
            "morpheme": "시간/NNG+보내/VV+는/ETM+용/NNG+으로/JKB+좋/VA+다는/ETM+거/NNB+지/VCP+EF"
          },
          {
            "id": 14,
            "text": "1 : 응 하하 중간 중간 나오는 아기도 귀여워 ㅠㅠ",
            "norm_text": "응 하하 중간 중간 나오는 아기도 귀여워 ㅠㅠ",
            "speaker": {
              "id": "1번",
              "sex": "여성",
              "age": "20대"
            },
            "speechAct": "(단언) 주장하기",
            "morpheme": "응/IC+하하/MAG+중간중간/MAG+나오/VV+는/ETM+아기/NNG+도/JX+귀여워/VA+EC+ㅠㅠ/UNKNOWN"
          },
          {
            "id": 15,
            "text": "2 : 볼 거 없을 때 그건 거 보면 좋아 시간 금방 가고 키키",
            "norm_text": "볼 거 없을 때 그건 거 보면 좋아 시간 금방 가고 키키",
            "speaker": {
              "id": "2번",
              "sex": "여성",
              "age": "20대"
            },
            "speechAct": "(단언) 주장하기",
            "morpheme": "볼/VV+ETM+거/NNB+없/VA+을/ETM+때/NNG+그건/NP+VCP+ETM+거/NNB+보/VV+면/EC+좋/VA+아/EC+시간/NNG+금방/MAG+가/VV+고/EC+키/NNG+키/XSV+ETN"
          },
          {
            "id": 16,
            "text": "3 : 감정이들이 자기 감정 표출할 때 웃겨 키키",
            "norm_text": "감정이들이 자기 감정 표출할 때 웃겨 키키",
            "speaker": {
              "id": "3번",
              "sex": "남성",
              "age": "20대"
            },
            "speechAct": "(단언) 주장하기",
            "morpheme": "감정/NNG+이/NP+들/XSN+이/JKS+자기/NP+감정/NNG+표출/NNG+할/XSV+ETM+때/NNG+웃겨/VV+EC+키/NNG+키/XSV+ETN"
          },
          {
            "id": 17,
            "text": "1 : 어 나는 분노 감정이가 제일 웃기더라 키키",
            "norm_text": "어 나는 분노 감정이가 제일 웃기더라 키키",
            "speaker": {
              "id": "1번",
              "sex": "여성",
              "age": "20대"
            },
            "speechAct": "(단언) 주장하기",
            "morpheme": "어/IC+나/NP+는/JX+분노/NNG+감정/NNG+이/NP+가/JKS+제일/MAG+웃기/VV+더라/EC+키/NNG+키/XSV+ETN"
          },
          {
            "id": 18,
            "text": "2 : 후 나만 몰라 ㅠㅠ",
            "norm_text": "후 나만 몰라 ㅠㅠ",
            "speaker": {
              "id": "2번",
              "sex": "여성",
              "age": "20대"
            },
            "speechAct": "(단언) 주장하기",
            "morpheme": "후나만몰라ㅠㅠ/UNKNOWN"
          },
          {
            "id": 19,
            "text": "2 : 나 보러 간다~",
            "norm_text": "나 보러 간다~",
            "speaker": {
              "id": "2번",
              "sex": "여성",
              "age": "20대"
            },
            "speechAct": "(단언) 주장하기",
            "morpheme": "나/NP+보/VV+러/EC+간다/VX+EC+~/SY"
          },
          {
            "id": 20,
            "text": "3 : 나는 슬픔이가 제일 웃겼어 하하",
            "norm_text": "나는 슬픔이가 제일 웃겼어 하하",
            "speaker": {
              "id": "3번",
              "sex": "남성",
              "age": "20대"
            },
            "speechAct": "(단언) 주장하기",
            "morpheme": "나/NP+는/JX+슬픔/NNG+이/NP+가/JKS+제일/MAG+웃겼/VV+EP+어/EC+하하/MAG"
          }
        ]
      }
    }
  ]
}