{
  "dataset": {
    "identifier": 117356,
    "name": "NATEON_28_18_set",
    "src_path": "/data/file/cubeManager/PROJECT001/80/txt20211102103851069388/NATEON_28_18_set/",
    "label_path": "/data/file/cubeManager/PROJECT001/80/txt20211102103851069388/NATEON_28_18_set/",
    "category": 2,
    "type": 0
  },
  "licenses": {
    "name": "Apache License 1.0",
    "url": "http://www.apache.org/licenses/LICENSE-1.0"
  },
  "info": [
    {
      "id": 129861,
      "filename": "NATEON_28_18.txt",
      "title": "NATEON_28_18",
      "mediatype": "메신저",
      "medianame": "네이트온",
      "category": "일상대화",
      "date": "2021-11-02",
      "size": 480,
      "annotations": {
        "subject": "상거래 전반",
        "speaker_type": "다자간 대화",
        "size": 480,
        "word_size": 163,
        "text": "1 : 나 요즘에 식물 키우는 거에 재미 들렸어 키키\n2 : 식물? 다육이 이런 거 말 하는 거야? 키키\n3 : 헐 갑자기 왠 식물이야?\n1 : 아니~ 요즘 코로나 때문에 앱에서 식물도 팔더라고!\n2 : 아 진짜?\n2 : 식물 키우는 건 안 어렵고?\n3 : 헐 코로나 때문에 별 게 다 나온다 키키\n1 : 응 사용서에 다 나와있어서 쉬워!\n2 : 요즘 돌 이런 거 주문해서 키우는 사람들도 많다고 하던데 키키\n3 : 키키 그러니까 나도 한번 시켜볼까?\n1 : 응 내가 사이트 링크 알려줄까?\n2 : 너네 키우고 후기 알려줘 키키 난 그 후에 하하\n3 : 키키 왜~ 너도 같이 키우자!\n1 : 맞아! 우리 같이 시작하자!\n2 : 아니야 나는 괜찮아 키키\n2 : 방치 하고 있을 거 같아 ㅠㅠ\n3 : 키키 헐~ 그래 그럼 우리부터 키우는 걸로~\n1 : 그래... 그럼 우리가 먼저 키워 볼께\n2 : 웅 주문 하고 어떤 게 제일 좋은지 알려줘! 키키 후기도 필수\n3 : 그럼 다음엔 미루기 없기다~",
        "lines": [
          {
            "id": 1,
            "text": "1 : 나 요즘에 식물 키우는 거에 재미 들렸어 키키",
            "norm_text": "나 요즘에 식물 키우는 거에 재미 들렸어 키키",
            "speaker": {
              "id": "1번",
              "sex": "여성",
              "age": "20대"
            },
            "speechAct": "(단언) 진술하기",
            "morpheme": "나/NP+요즘/NNG+에/JKB+식물/NNG+키우/VV+는/ETM+거/NNB+에/JKB+재미/NNG+들렸/VV+EP+어/EC+키/NNG+키/XSV+ETN"
          },
          {
            "id": 2,
            "text": "2 : 식물? 다육이 이런 거 말 하는 거야? 키키",
            "norm_text": "식물? 다육이 이런 거 말 하는 거야? 키키",
            "speaker": {
              "id": "2번",
              "sex": "여성",
              "age": "20대"
            },
            "speechAct": "(지시) 질문하기",
            "morpheme": "식물/NNG+?/SY+다육/NNG+이/JKS+이런/MM+거말/NNG+하/XSV+는/ETM+거/NNB+야/VCP+EF+키/NNG+키/XSV+ETN"
          },
          {
            "id": 3,
            "text": "3 : 헐 갑자기 왠 식물이야?",
            "norm_text": "헐 갑자기 왠 식물이야?",
            "speaker": {
              "id": "3번",
              "sex": "남성",
              "age": "20대"
            },
            "speechAct": "(단언) 주장하기",
            "morpheme": "헐/IC+갑자기/MAG+왠/MM+식물/NNG+이/VCP+야/EF"
          },
          {
            "id": 4,
            "text": "1 : 아니~ 요즘 코로나 때문에 앱에서 식물도 팔더라고!",
            "norm_text": "아니~ 요즘 코로나 때문에 앱에서 식물도 팔더라고!",
            "speaker": {
              "id": "1번",
              "sex": "여성",
              "age": "20대"
            },
            "speechAct": "(단언) 주장하기",
            "morpheme": "아니/IC+~/SY+요즘/NNG+코로나/NNG+때문/NNB+에/JKB+앱/NNG+에서/JKB+식물/NNG+도/JX+팔/VV+더라고/EF"
          },
          {
            "id": 5,
            "text": "2 : 아 진짜?",
            "norm_text": "아 진짜?",
            "speaker": {
              "id": "2번",
              "sex": "여성",
              "age": "20대"
            },
            "speechAct": "턴토크 사인(관습적 반응)",
            "morpheme": "아/IC+진짜/MAG"
          },
          {
            "id": 6,
            "text": "2 : 식물 키우는 건 안 어렵고?",
            "norm_text": "식물 키우는 건 안 어렵고?",
            "speaker": {
              "id": "2번",
              "sex": "여성",
              "age": "20대"
            },
            "speechAct": "(지시) 질문하기",
            "morpheme": "식물/NNG+키우/VV+는/ETM+건/NNB+JX+안/MAG+어렵/VA+고/EC"
          },
          {
            "id": 7,
            "text": "3 : 헐 코로나 때문에 별 게 다 나온다 키키",
            "norm_text": "헐 코로나 때문에 별 게 다 나온다 키키",
            "speaker": {
              "id": "3번",
              "sex": "남성",
              "age": "20대"
            },
            "speechAct": "(단언) 주장하기",
            "morpheme": "헐/IC+코로나/NNG+때문/NNB+에/JKB+별/MM+게/NNB+JKS+다/MAG+나온/VV+ETM+다키키/NNP"
          },
          {
            "id": 8,
            "text": "1 : 응 사용서에 다 나와있어서 쉬워!",
            "norm_text": "응 사용서에 다 나와있어서 쉬워!",
            "speaker": {
              "id": "1번",
              "sex": "여성",
              "age": "20대"
            },
            "speechAct": "(단언) 주장하기",
            "morpheme": "응사/NNG+용서/NNG+에다/JKB+나와/VV+EC+있/VX+어서/EC+쉬워/VA+EF"
          },
          {
            "id": 9,
            "text": "2 : 요즘 돌 이런 거 주문해서 키우는 사람들도 많다고 하던데 키키",
            "norm_text": "요즘 돌 이런 거 주문해서 키우는 사람들도 많다고 하던데 키키",
            "speaker": {
              "id": "2번",
              "sex": "여성",
              "age": "20대"
            },
            "speechAct": "(단언) 주장하기",
            "morpheme": "요즘/NNG+돌/NNG+이런/MM+거/NNB+주문/NNG+해서/XSV+EC+키우/VV+는/ETM+사람/NNG+들/XSN+도/JX+많/VA+다고/EC+하/VV+던데/EC+키/NNG+키/XSV+ETN"
          },
          {
            "id": 10,
            "text": "3 : 키키 그러니까 나도 한번 시켜볼까?",
            "norm_text": "키키 그러니까 나도 한번 시켜볼까?",
            "speaker": {
              "id": "3번",
              "sex": "남성",
              "age": "20대"
            },
            "speechAct": "(단언) 주장하기",
            "morpheme": "키/NNG+키/XSV+ETN+그러니까/MAJ+나/NP+도/JX+한/MM+번/NNBC+시켜/VV+EC+볼까/VX+EF"
          },
          {
            "id": 11,
            "text": "1 : 응 내가 사이트 링크 알려줄까?",
            "norm_text": "응 내가 사이트 링크 알려줄까?",
            "speaker": {
              "id": "1번",
              "sex": "여성",
              "age": "20대"
            },
            "speechAct": "(지시) 질문하기",
            "morpheme": "응/IC+내/NP+가/JKS+사이트/NNG+링크/NNG+알려줄까/VV+EC+VX+EF"
          },
          {
            "id": 12,
            "text": "2 : 너네 키우고 후기 알려줘 키키 난 그 후에 하하",
            "norm_text": "너네 키우고 후기 알려줘 키키 난 그 후에 하하",
            "speaker": {
              "id": "2번",
              "sex": "여성",
              "age": "20대"
            },
            "speechAct": "(지시) 명령/요구하기",
            "morpheme": "너/NP+네/XSN+키우/VV+고/EC+후기/NNG+알려줘/VV+EC+VX+EC+키/NNG+키/XSV+ETN+난/NP+JX+그/MM+후/NNG+에/JKB+하하/MAG"
          },
          {
            "id": 13,
            "text": "3 : 키키 왜~ 너도 같이 키우자!",
            "norm_text": "키키 왜~ 너도 같이 키우자!",
            "speaker": {
              "id": "3번",
              "sex": "남성",
              "age": "20대"
            },
            "speechAct": "(지시) 충고/제안하기",
            "morpheme": "키/NNG+키/XSV+ETN+왜/MAG+~/SY+너/NP+도/JX+같이/MAG+키우/VV+자/EF"
          },
          {
            "id": 14,
            "text": "1 : 맞아! 우리 같이 시작하자!",
            "norm_text": "맞아! 우리 같이 시작하자!",
            "speaker": {
              "id": "1번",
              "sex": "여성",
              "age": "20대"
            },
            "speechAct": "(지시) 충고/제안하기",
            "morpheme": "맞/VV+아/EF+우리/NP+같이/MAG+시작/NNG+하/XSA+자/EF"
          },
          {
            "id": 15,
            "text": "2 : 아니야 나는 괜찮아 키키",
            "norm_text": "아니야 나는 괜찮아 키키",
            "speaker": {
              "id": "2번",
              "sex": "여성",
              "age": "20대"
            },
            "speechAct": "(언약) 거절하기",
            "morpheme": "아니야/IC+나/NP+는/JX+괜찮/VA+아/EC+키/NNG+키/XSV+ETN"
          },
          {
            "id": 16,
            "text": "2 : 방치 하고 있을 거 같아 ㅠㅠ",
            "norm_text": "방치 하고 있을 거 같아 ㅠㅠ",
            "speaker": {
              "id": "2번",
              "sex": "여성",
              "age": "20대"
            },
            "speechAct": "(단언) 주장하기",
            "morpheme": "방치/NNG+하/XSV+고/EC+있/VX+을/ETM+거/NNB+같/VA+아/EC+ㅠㅠ/UNKNOWN"
          },
          {
            "id": 17,
            "text": "3 : 키키 헐~ 그래 그럼 우리부터 키우는 걸로~",
            "norm_text": "키키 헐~ 그래 그럼 우리부터 키우는 걸로~",
            "speaker": {
              "id": "3번",
              "sex": "남성",
              "age": "20대"
            },
            "speechAct": "(단언) 주장하기",
            "morpheme": "키/NNG+키/NNG+헐/XSV+ETM+~/SY+그래/IC+그럼/MAJ+우리/NP+부터/JX+키우/VV+는/ETM+걸로/NNB+JKB+~/SY"
          },
          {
            "id": 18,
            "text": "1 : 그래... 그럼 우리가 먼저 키워 볼께",
            "norm_text": "그래... 그럼 우리가 먼저 키워 볼께",
            "speaker": {
              "id": "1번",
              "sex": "여성",
              "age": "20대"
            },
            "speechAct": "(언약) 약속하기(제3자와)/(개인적 수준)",
            "morpheme": "그래/IC+./SY+그럼/MAJ+우리/NP+가/JKS+먼저/MAG+키워/VV+EC+볼께/VX+EF"
          },
          {
            "id": 19,
            "text": "2 : 웅 주문 하고 어떤 게 제일 좋은지 알려줘! 키키 후기도 필수",
            "norm_text": "웅 주문 하고 어떤 게 제일 좋은지 알려줘! 키키 후기도 필수",
            "speaker": {
              "id": "2번",
              "sex": "여성",
              "age": "20대"
            },
            "speechAct": "(지시) 부탁하기",
            "morpheme": "웅/IC+주문/NNG+하/XSV+고/EC+어떤/MM+게/NNB+JKS+제일/MAG+좋/VA+은지/EC+알려/VV+EC+줘/VX+EF+키/NNG+키/NNG+후기/NNG+도/JX+필수/NNG"
          },
          {
            "id": 20,
            "text": "3 : 그럼 다음엔 미루기 없기다~",
            "norm_text": "그럼 다음엔 미루기 없기다~",
            "speaker": {
              "id": "3번",
              "sex": "남성",
              "age": "20대"
            },
            "speechAct": "(단언) 주장하기",
            "morpheme": "그럼/MAJ+다음/NNG+엔/JKB+JX+미루/VV+기/ETN+없/VA+기/ETN+다/EC+~/SY"
          }
        ]
      }
    }
  ]
}