{
  "dataset": {
    "identifier": 113787,
    "name": "NATEON_32_06_set",
    "src_path": "/data/file/cubeManager/PROJECT001/80/txt20211102173312075179/NATEON_32_06_set/",
    "label_path": "/data/file/cubeManager/PROJECT001/80/txt20211102173312075179/NATEON_32_06_set/",
    "category": 2,
    "type": 0
  },
  "licenses": {
    "name": "Apache License 1.0",
    "url": "http://www.apache.org/licenses/LICENSE-1.0"
  },
  "info": [
    {
      "id": 131838,
      "filename": "NATEON_32_06.txt",
      "title": "NATEON_32_06",
      "mediatype": "메신저",
      "medianame": "네이트온",
      "category": "일상대화",
      "date": "2021-11-02",
      "size": 447,
      "annotations": {
        "subject": "교육",
        "speaker_type": "다자간 대화",
        "size": 447,
        "word_size": 155,
        "text": "1 : 내 친구 이번에 서울대 원서 넣었데\n2 : 오 대박\n2 : 서울대 들어 가는거야?\n3 : 엥 그 친구 편입으로 넣은거야?\n1 : 응 다른학교 였는데 편입으로 하하\n2 : 아아 편입으로 가면 더 쉽게 들어 가?\n3 : 편입이 요즘 더 어렵지 않아?\n1 : 응 편입 조건이 보기보다 까다롭더라\n2 : 와 더 어려운데\n2 : 친구 진짜 공부 잘 하나 보네!\n3 : 맞아 평균 점수 넘어야할 걸\n1 : 응 키키 1학년때부터 미리미리 맞춰왔대\n2 : 와 대박이다\n2 : 나는 공부랑 거리가 멀어 ㅠㅠ\n3 : 와, 그 친구 준비성 쩐다\n1 : 키키 그러니까\n1 : 나는 그렇게 준비 못해ㅜㅜ\n2 : 맞아\n2 : 그렇게 공부만 하지는 못 할거 같아 키키\n3 : 나도...\n3 : 준비성 있는건 못해...\n1 : 키키 후, 나도 서울대 친구 생기는건가\n2 : 오 좋겠다\n2 : 나도 서울대 친구 사귀고 싶어 키키\n3 : 나도 서울대 친구 생겨볼래ㅠㅠ",
        "lines": [
          {
            "id": 1,
            "text": "1 : 내 친구 이번에 서울대 원서 넣었데",
            "norm_text": "내 친구 이번에 서울대 원서 넣었데",
            "speaker": {
              "id": "1번",
              "sex": "여성",
              "age": "20대"
            },
            "speechAct": "(단언) 진술하기",
            "morpheme": "내/NP+JKG+친구/NNG+이번/NNG+에/JKB+서울/NNP+대원/NNP+서/JKB+넣/VV+었/EP+데/EC"
          },
          {
            "id": 2,
            "text": "2 : 오 대박",
            "norm_text": "오 대박",
            "speaker": {
              "id": "2번",
              "sex": "여성",
              "age": "20대"
            },
            "speechAct": "턴토크 사인(관습적 반응)",
            "morpheme": "오/NR+대박/NNG"
          },
          {
            "id": 3,
            "text": "2 : 서울대 들어 가는거야?",
            "norm_text": "서울대 들어 가는거야?",
            "speaker": {
              "id": "2번",
              "sex": "여성",
              "age": "20대"
            },
            "speechAct": "(단언) 진술하기",
            "morpheme": "서울대/NNP+들어가/VV+는/ETM+거/NNB+야/VCP+EF"
          },
          {
            "id": 4,
            "text": "3 : 엥 그 친구 편입으로 넣은거야?",
            "norm_text": "엥 그 친구 편입으로 넣은거야?",
            "speaker": {
              "id": "3번",
              "sex": "남성",
              "age": "20대"
            },
            "speechAct": "(지시) 질문하기",
            "morpheme": "엥/IC+그/MM+친구/NNG+편입/NNG+으로/JKB+넣/VV+은/ETM+거/NNB+야/VCP+EF"
          },
          {
            "id": 5,
            "text": "1 : 응 다른학교 였는데 편입으로 하하",
            "norm_text": "응 다른학교 였는데 편입으로 하하",
            "speaker": {
              "id": "1번",
              "sex": "여성",
              "age": "20대"
            },
            "speechAct": "(단언) 주장하기",
            "morpheme": "응/IC+다른/MM+학교/NNG+였/VCP+EP+는데/EC+편입/NNG+으로/JKB+하하/MAG"
          },
          {
            "id": 6,
            "text": "2 : 아아 편입으로 가면 더 쉽게 들어 가?",
            "norm_text": "아아 편입으로 가면 더 쉽게 들어 가?",
            "speaker": {
              "id": "2번",
              "sex": "여성",
              "age": "20대"
            },
            "speechAct": "(지시) 질문하기",
            "morpheme": "아아/IC+편입/NNG+으로/JKB+가/VV+면/EC+더/MAG+쉽/VA+게/EC+들어가/VV+EF"
          },
          {
            "id": 7,
            "text": "3 : 편입이 요즘 더 어렵지 않아?",
            "norm_text": "편입이 요즘 더 어렵지 않아?",
            "speaker": {
              "id": "3번",
              "sex": "남성",
              "age": "20대"
            },
            "speechAct": "(지시) 질문하기",
            "morpheme": "편입/NNG+이/JKS+요즘/MAG+더/MAG+어렵/VA+지/EC+않/VX+아/EF"
          },
          {
            "id": 8,
            "text": "1 : 응 편입 조건이 보기보다 까다롭더라",
            "norm_text": "응 편입 조건이 보기보다 까다롭더라",
            "speaker": {
              "id": "1번",
              "sex": "여성",
              "age": "20대"
            },
            "speechAct": "(단언) 주장하기",
            "morpheme": "응/IC+편입/NNG+조건/NNG+이/JKS+보/VV+기/ETN+보다/JKB+까다롭/VA+더라/EC"
          },
          {
            "id": 9,
            "text": "2 : 와 더 어려운데",
            "norm_text": "와 더 어려운데",
            "speaker": {
              "id": "2번",
              "sex": "여성",
              "age": "20대"
            },
            "speechAct": "(단언) 주장하기",
            "morpheme": "와/IC+더/MAG+어려운데/VA+EC"
          },
          {
            "id": 10,
            "text": "2 : 친구 진짜 공부 잘 하나 보네!",
            "norm_text": "친구 진짜 공부 잘 하나 보네!",
            "speaker": {
              "id": "2번",
              "sex": "여성",
              "age": "20대"
            },
            "speechAct": "(단언) 주장하기",
            "morpheme": "친구/NNG+진짜/MAG+공부/NNG+잘/MAG+하나/NR+보/VV+네/EF"
          },
          {
            "id": 11,
            "text": "3 : 맞아 평균 점수 넘어야할 걸",
            "norm_text": "맞아 평균 점수 넘어야할 걸",
            "speaker": {
              "id": "3번",
              "sex": "남성",
              "age": "20대"
            },
            "speechAct": "(단언) 주장하기",
            "morpheme": "맞/VV+아/EC+평균/NNG+점수/NNG+넘/VV+어야/EC+할걸/VX+EC"
          },
          {
            "id": 12,
            "text": "1 : 응 키키 1학년때부터 미리미리 맞춰왔대",
            "norm_text": "응 키키 1학년때부터 미리미리 맞춰왔대",
            "speaker": {
              "id": "1번",
              "sex": "여성",
              "age": "20대"
            },
            "speechAct": "(단언) 진술하기",
            "morpheme": "응/IC+키/NNG+키/XSV+ETN+1/SN+학년/NNG+때/NNG+부터/JX+미리미리/MAG+맞춰왔/VV+EC+VX+EP+대/EC"
          },
          {
            "id": 13,
            "text": "2 : 와 대박이다",
            "norm_text": "와 대박이다",
            "speaker": {
              "id": "2번",
              "sex": "여성",
              "age": "20대"
            },
            "speechAct": "턴토크 사인(관습적 반응)",
            "morpheme": "와/IC+대박/NNG+이/VCP+다/EC"
          },
          {
            "id": 14,
            "text": "2 : 나는 공부랑 거리가 멀어 ㅠㅠ",
            "norm_text": "나는 공부랑 거리가 멀어 ㅠㅠ",
            "speaker": {
              "id": "2번",
              "sex": "여성",
              "age": "20대"
            },
            "speechAct": "(단언) 주장하기",
            "morpheme": "나/NP+는/JX+공부/NNG+랑/JKB+거리/NNG+가/JKS+멀/VA+어/EC+ㅠㅠ/UNKNOWN"
          },
          {
            "id": 15,
            "text": "3 : 와, 그 친구 준비성 쩐다",
            "norm_text": "와, 그 친구 준비성 쩐다",
            "speaker": {
              "id": "3번",
              "sex": "남성",
              "age": "20대"
            },
            "speechAct": "(단언) 주장하기",
            "morpheme": "와/IC+,/SC+그/MM+친구/NNG+준비/NNG+성/XSN+쩐/VV+다/EC"
          },
          {
            "id": 16,
            "text": "1 : 키키 그러니까",
            "norm_text": "키키 그러니까",
            "speaker": {
              "id": "1번",
              "sex": "여성",
              "age": "20대"
            },
            "speechAct": "(단언) 주장하기",
            "morpheme": "키/NNG+키/XSV+ETN+그러/VV+니까/EC"
          },
          {
            "id": 17,
            "text": "1 : 나는 그렇게 준비 못해ㅜㅜ",
            "norm_text": "나는 그렇게 준비 못해ㅜㅜ",
            "speaker": {
              "id": "1번",
              "sex": "여성",
              "age": "20대"
            },
            "speechAct": "(단언) 주장하기",
            "morpheme": "나/NP+는/JX+그렇게/MAG+준비/NNG+못/MAG+해/VV+EC+ㅜㅜ/UNKNOWN"
          },
          {
            "id": 18,
            "text": "2 : 맞아",
            "norm_text": "맞아",
            "speaker": {
              "id": "2번",
              "sex": "여성",
              "age": "20대"
            },
            "speechAct": "(단언) 주장하기",
            "morpheme": "맞/VV+아/EC"
          },
          {
            "id": 19,
            "text": "2 : 그렇게 공부만 하지는 못 할거 같아 키키",
            "norm_text": "그렇게 공부만 하지는 못 할거 같아 키키",
            "speaker": {
              "id": "2번",
              "sex": "여성",
              "age": "20대"
            },
            "speechAct": "(단언) 주장하기",
            "morpheme": "그렇게/MAG+공부/NNG+만/JX+하/VV+지/EC+는/JX+못/MAG+할/VV+ETM+거/NNB+같/VA+아/EC+키/NNG+키/XSV+ETN"
          },
          {
            "id": 20,
            "text": "3 : 나도...",
            "norm_text": "나도...",
            "speaker": {
              "id": "3번",
              "sex": "남성",
              "age": "20대"
            },
            "speechAct": "(단언) 주장하기",
            "morpheme": "나/NP+도/JX+./SY+./SY"
          },
          {
            "id": 21,
            "text": "3 : 준비성 있는건 못해...",
            "norm_text": "준비성 있는건 못해...",
            "speaker": {
              "id": "3번",
              "sex": "남성",
              "age": "20대"
            },
            "speechAct": "(단언) 주장하기",
            "morpheme": "준비/NNG+성/XSN+있/VV+는/ETM+건/NNB+JX+못/MAG+해/VV+EF+./SY"
          },
          {
            "id": 22,
            "text": "1 : 키키 후, 나도 서울대 친구 생기는건가",
            "norm_text": "키키 후, 나도 서울대 친구 생기는건가",
            "speaker": {
              "id": "1번",
              "sex": "여성",
              "age": "20대"
            },
            "speechAct": "(단언) 주장하기",
            "morpheme": "키/NNG+키/NNG+후/NNG+,/SC+나/NP+도/JX+서울대/NNP+친구/NNG+생기/VV+는/ETM+건가/NNB+VCP+EC"
          },
          {
            "id": 23,
            "text": "2 : 오 좋겠다",
            "norm_text": "오 좋겠다",
            "speaker": {
              "id": "2번",
              "sex": "여성",
              "age": "20대"
            },
            "speechAct": "(단언) 주장하기",
            "morpheme": "오/NR+좋/VA+겠/EP+다/EC"
          },
          {
            "id": 24,
            "text": "2 : 나도 서울대 친구 사귀고 싶어 키키",
            "norm_text": "나도 서울대 친구 사귀고 싶어 키키",
            "speaker": {
              "id": "2번",
              "sex": "여성",
              "age": "20대"
            },
            "speechAct": "(단언) 주장하기",
            "morpheme": "나/NP+도/JX+서울대/NNP+친구/NNG+사귀/VV+고/EC+싶/VX+어/EC+키/NNG+키/XSV+ETN"
          },
          {
            "id": 25,
            "text": "3 : 나도 서울대 친구 생겨볼래ㅠㅠ",
            "norm_text": "나도 서울대 친구 생겨볼래ㅠㅠ",
            "speaker": {
              "id": "3번",
              "sex": "남성",
              "age": "20대"
            },
            "speechAct": "(단언) 주장하기",
            "morpheme": "나/NP+도/JX+서울대/NNP+친구/NNG+생겨/VV+EC+볼래/VX+EC+ㅠㅠ/UNKNOWN"
          }
        ]
      }
    }
  ]
}