{
  "dataset": {
    "identifier": 112257,
    "name": "NATEON_37_08_set",
    "src_path": "/data/file/cubeManager/PROJECT001/80/txt20211103151015018142/NATEON_37_08_set/",
    "label_path": "/data/file/cubeManager/PROJECT001/80/txt20211103151015018142/NATEON_37_08_set/",
    "category": 2,
    "type": 0
  },
  "licenses": {
    "name": "Apache License 1.0",
    "url": "http://www.apache.org/licenses/LICENSE-1.0"
  },
  "info": [
    {
      "id": 134451,
      "filename": "NATEON_37_08.txt",
      "title": "NATEON_37_08",
      "mediatype": "메신저",
      "medianame": "네이트온",
      "category": "일상대화",
      "date": "2021-11-03",
      "size": 400,
      "annotations": {
        "subject": "연애/결혼",
        "speaker_type": "다자간 대화",
        "size": 400,
        "word_size": 135,
        "text": "1 : 너 이번에 결혼 한다면서?\n2 : 헐 뭐야 너 벌써 결혼 해?\n3 : 응 하하 내가 먼저 프로포즈 했지!\n1 : 와우 너 진짜 멋지다 키키\n2 : 대박이다 여자친구가 엄청 감동 받았겠어 키키\n3 : 응 사실 많이 떨렸어\n1 : 어떤 식으로 고백한 거야?\n1 : 멋지고 터프하게?\n2 : 프로포즈는 어떻게 준비 했어?\n3 : 키키 터프하게는 아니고 진짜 멋지게!\n1 : 그러게 어떻게 준비 한 거야?\n2 : 맞아 궁금해 후기 알려 줘 키키\n3 : 차 트렁크 이용해서 했어!\n1 : 오 어떤 식으로 이용했는데? 응?\n2 : 아 요즘 코시국이라 그렇게 많이 하는 거 같더라 키키\n3 : 선물이랑 꽃으로 같이 꾸몄지 하하\n1 : 와, 너 은근 멋있다 임마\n2 : 거기 앉아서 사진도 많이 찍고 그렇던데 키키\n3 : 키키 나 원래부터 멋있었거든? 흥",
        "lines": [
          {
            "id": 1,
            "text": "1 : 너 이번에 결혼 한다면서?",
            "norm_text": "너 이번에 결혼 한다면서?",
            "speaker": {
              "id": "1번",
              "sex": "여성",
              "age": "20대"
            },
            "speechAct": "(단언) 진술하기",
            "morpheme": "너/NP+이번/NNG+에/JKB+결혼/NNG+한다면서/XSV+EF"
          },
          {
            "id": 2,
            "text": "2 : 헐 뭐야 너 벌써 결혼 해?",
            "norm_text": "헐 뭐야 너 벌써 결혼 해?",
            "speaker": {
              "id": "2번",
              "sex": "여성",
              "age": "20대"
            },
            "speechAct": "(단언) 진술하기",
            "morpheme": "헐/IC+뭐/NP+야/VCP+EF+너/NP+벌써/MAG+결혼/NNG+해/XSV+EF"
          },
          {
            "id": 3,
            "text": "3 : 응 하하 내가 먼저 프로포즈 했지!",
            "norm_text": "응 하하 내가 먼저 프로포즈 했지!",
            "speaker": {
              "id": "3번",
              "sex": "남성",
              "age": "20대"
            },
            "speechAct": "(단언) 진술하기",
            "morpheme": "응/IC+하하/MAG+내/NP+가/JKS+먼저/MAG+프로/NNG+포즈/NNG+했/XSV+EP+지/EF"
          },
          {
            "id": 4,
            "text": "1 : 와우 너 진짜 멋지다 키키",
            "norm_text": "와우 너 진짜 멋지다 키키",
            "speaker": {
              "id": "1번",
              "sex": "여성",
              "age": "20대"
            },
            "speechAct": "(단언) 주장하기",
            "morpheme": "와우/IC+너/NP+진짜/MAG+멋지/VA+다키키/NNP"
          },
          {
            "id": 5,
            "text": "2 : 대박이다 여자친구가 엄청 감동 받았겠어 키키",
            "norm_text": "대박이다 여자친구가 엄청 감동 받았겠어 키키",
            "speaker": {
              "id": "2번",
              "sex": "여성",
              "age": "20대"
            },
            "speechAct": "(단언) 주장하기",
            "morpheme": "대박/NNG+이/JKS+다/MAG+여자/NNG+친구/NNG+가/JKS+엄청/MAG+감동/NNG+받/VV+았/EP+겠/EP+어/EC+키/NNG+키/XSV+ETN"
          },
          {
            "id": 6,
            "text": "3 : 응 사실 많이 떨렸어",
            "norm_text": "응 사실 많이 떨렸어",
            "speaker": {
              "id": "3번",
              "sex": "남성",
              "age": "20대"
            },
            "speechAct": "(단언) 진술하기",
            "morpheme": "응/IC+사실/MAG+많이/MAG+떨렸/VV+EP+어/EC"
          },
          {
            "id": 7,
            "text": "1 : 어떤 식으로 고백한 거야?",
            "norm_text": "어떤 식으로 고백한 거야?",
            "speaker": {
              "id": "1번",
              "sex": "여성",
              "age": "20대"
            },
            "speechAct": "(지시) 질문하기",
            "morpheme": "어떤/MM+식/NNB+으로/JKB+고백/NNG+한/XSA+ETM+거/NNB+야/VCP+EF"
          },
          {
            "id": 8,
            "text": "1 : 멋지고 터프하게?",
            "norm_text": "멋지고 터프하게?",
            "speaker": {
              "id": "1번",
              "sex": "여성",
              "age": "20대"
            },
            "speechAct": "(지시) 질문하기",
            "morpheme": "멋지/VA+고/EC+터프/XR+하/XSA+게/EC"
          },
          {
            "id": 9,
            "text": "2 : 프로포즈는 어떻게 준비 했어?",
            "norm_text": "프로포즈는 어떻게 준비 했어?",
            "speaker": {
              "id": "2번",
              "sex": "여성",
              "age": "20대"
            },
            "speechAct": "(지시) 질문하기",
            "morpheme": "프로/NNG+포즈/NNG+는/JX+어떻게/MAG+준비/NNG+했/XSV+EP+어/EF"
          },
          {
            "id": 10,
            "text": "3 : 키키 터프하게는 아니고 진짜 멋지게!",
            "norm_text": "키키 터프하게는 아니고 진짜 멋지게!",
            "speaker": {
              "id": "3번",
              "sex": "남성",
              "age": "20대"
            },
            "speechAct": "(단언) 주장하기",
            "morpheme": "키/NNG+키/XSV+ETN+터프/XR+하/XSA+게/EC+는/JX+아니/VCN+고/EC+진짜/MAG+멋지/VA+게/EC"
          },
          {
            "id": 11,
            "text": "1 : 그러게 어떻게 준비 한 거야?",
            "norm_text": "그러게 어떻게 준비 한 거야?",
            "speaker": {
              "id": "1번",
              "sex": "여성",
              "age": "20대"
            },
            "speechAct": "(지시) 질문하기",
            "morpheme": "그러게/IC+어떻게/MAG+준비/NNG+한/XSA+ETM+거/NNB+야/VCP+EF"
          },
          {
            "id": 12,
            "text": "2 : 맞아 궁금해 후기 알려 줘 키키",
            "norm_text": "맞아 궁금해 후기 알려 줘 키키",
            "speaker": {
              "id": "2번",
              "sex": "여성",
              "age": "20대"
            },
            "speechAct": "(지시) 부탁하기",
            "morpheme": "맞/VV+아/EC+궁금/XR+해/XSA+EC+후기/NNG+알려줘/VV+EC+VX+EC+키/NNG+키/XSV+ETN"
          },
          {
            "id": 13,
            "text": "3 : 차 트렁크 이용해서 했어!",
            "norm_text": "차 트렁크 이용해서 했어!",
            "speaker": {
              "id": "3번",
              "sex": "남성",
              "age": "20대"
            },
            "speechAct": "(단언) 진술하기",
            "morpheme": "차/NNG+트렁크/NNG+이용/NNG+해서/XSV+EC+했/VX+EP+어/EF"
          },
          {
            "id": 14,
            "text": "1 : 오 어떤 식으로 이용했는데? 응?",
            "norm_text": "오 어떤 식으로 이용했는데? 응?",
            "speaker": {
              "id": "1번",
              "sex": "여성",
              "age": "20대"
            },
            "speechAct": "(지시) 질문하기",
            "morpheme": "오/IC+어떤/MM+식/NNB+으로/JKB+이용/NNG+했/XSV+EP+는데/EF+응/IC"
          },
          {
            "id": 15,
            "text": "2 : 아 요즘 코시국이라 그렇게 많이 하는 거 같더라 키키",
            "norm_text": "아 요즘 코시국이라 그렇게 많이 하는 거 같더라 키키",
            "speaker": {
              "id": "2번",
              "sex": "여성",
              "age": "20대"
            },
            "speechAct": "(단언) 진술하기",
            "morpheme": "아/IC+요즘/MAG+코/NNG+시국/NNG+이/VCP+라/EC+그렇게/MAG+많이/MAG+하/VV+는/ETM+거/NNB+같/VA+더라/EC+키/NNG+키/XSV+ETN"
          },
          {
            "id": 16,
            "text": "3 : 선물이랑 꽃으로 같이 꾸몄지 하하",
            "norm_text": "선물이랑 꽃으로 같이 꾸몄지 하하",
            "speaker": {
              "id": "3번",
              "sex": "남성",
              "age": "20대"
            },
            "speechAct": "(단언) 진술하기",
            "morpheme": "선물/NNG+이랑/JKB+꽃/NNG+으로/JKB+같이/MAG+꾸몄/VV+EP+지/EC+하하/MAG"
          },
          {
            "id": 17,
            "text": "1 : 와, 너 은근 멋있다 임마",
            "norm_text": "와, 너 은근 멋있다 임마",
            "speaker": {
              "id": "1번",
              "sex": "여성",
              "age": "20대"
            },
            "speechAct": "(단언) 주장하기",
            "morpheme": "와/IC+,/SC+너은근멋있다임마/UNKNOWN"
          },
          {
            "id": 18,
            "text": "2 : 거기 앉아서 사진도 많이 찍고 그렇던데 키키",
            "norm_text": "거기 앉아서 사진도 많이 찍고 그렇던데 키키",
            "speaker": {
              "id": "2번",
              "sex": "여성",
              "age": "20대"
            },
            "speechAct": "(단언) 진술하기",
            "morpheme": "거기/NP+앉/VV+아서/EC+사진/NNG+도/JX+많이/MAG+찍/VV+고/EC+그렇/VA+던데/EC+키/NNG+키/XSV+ETN"
          },
          {
            "id": 19,
            "text": "3 : 키키 나 원래부터 멋있었거든? 흥",
            "norm_text": "키키 나 원래부터 멋있었거든? 흥",
            "speaker": {
              "id": "3번",
              "sex": "남성",
              "age": "20대"
            },
            "speechAct": "(단언) 진술하기",
            "morpheme": "키/NNG+키나/XSA+ETN+JX+원래/NNG+부터/JX+멋있/VA+었/EP+거든/EF+흥/NNG"
          }
        ]
      }
    }
  ]
}