{
  "dataset": {
    "identifier": 117558,
    "name": "NATEON_30_08_set",
    "src_path": "/data/file/cubeManager/PROJECT001/80/txt20211102113529053790/NATEON_30_08_set/",
    "label_path": "/data/file/cubeManager/PROJECT001/80/txt20211102113529053790/NATEON_30_08_set/",
    "category": 2,
    "type": 0
  },
  "licenses": {
    "name": "Apache License 1.0",
    "url": "http://www.apache.org/licenses/LICENSE-1.0"
  },
  "info": [
    {
      "id": 129971,
      "filename": "NATEON_30_08.txt",
      "title": "NATEON_30_08",
      "mediatype": "메신저",
      "medianame": "네이트온",
      "category": "일상대화",
      "date": "2021-11-02",
      "size": 464,
      "annotations": {
        "subject": "연애/결혼",
        "speaker_type": "다자간 대화",
        "size": 464,
        "word_size": 166,
        "text": "1 : 엄마 친구 딸 이번에 임신하셨대!\n2 : 오 대박 너랑은 잘 모르고?\n3 : 우와,\n3 : 너랑 나이 차이 많이 나?\n1 : 나랑 거의 또래야\n1 : 그래서 신기해\n2 : 맞아\n2 : 이제 다 결혼하고 애 낳고 그러더라 키키\n3 : 그러게 엄청 일찍 결혼하셨나 보네\n1 : 응 하하\n1 :  이제 내 또래도 거의 육아의 삶이지.\n2 : 맞아\n2 : 이제 자유 없고 애기 돌봐야지 ㅠㅠ\n3 : 육아의 삶...\n3 : 완전 힘들 거 같아 ㅠ\n1 : 응 ㅠㅠ 이번에 둘째라서 더 신기해\n2 : 내 친구 애기 키우는 거 보니까 엄청 고생하더라 ㅠㅠ\n3 : 와 몸 많이 상할 텐데 ㅠ\n1 : 응 안그래도 엄마가 맛있는 거 사 먹으라고 용돈 주시더라\n2 : 첫째랑 둘째 한번에 키우려면 진짜 힘들겠어 ㅠㅠ\n3 : 응 그래도 잘 챙겨 주시네~\n1 : 이건 진짜 남편의 도움이 절실해\n2 : 남편이 같이 육아 해 주고 그래야 된다고 ㅠㅠ\n3 : 맞아\n3 : 남편이 많이 도와줘야지",
        "lines": [
          {
            "id": 1,
            "text": "1 : 엄마 친구 딸 이번에 임신하셨대!",
            "norm_text": "엄마 친구 딸 이번에 임신하셨대!",
            "speaker": {
              "id": "1번",
              "sex": "여성",
              "age": "20대"
            },
            "speechAct": "(단언) 진술하기",
            "morpheme": "엄마/NNG+친구/NNG+딸/NNG+이번/NNG+에/JKB+임신/NNG+하/XSV+셨/EP+EP+대/EF"
          },
          {
            "id": 2,
            "text": "2 : 오 대박 너랑은 잘 모르고?",
            "norm_text": "오 대박 너랑은 잘 모르고?",
            "speaker": {
              "id": "2번",
              "sex": "여성",
              "age": "20대"
            },
            "speechAct": "(지시) 질문하기",
            "morpheme": "오/NR+대박/NNG+너/NP+랑/JKB+은/JX+잘/MAG+모르/VV+고/EC"
          },
          {
            "id": 3,
            "text": "3 : 우와,",
            "norm_text": "우와,",
            "speaker": {
              "id": "3번",
              "sex": "남성",
              "age": "20대"
            },
            "speechAct": "턴토크 사인(관습적 반응)",
            "morpheme": "우와/IC+,/SC"
          },
          {
            "id": 4,
            "text": "3 : 너랑 나이 차이 많이 나?",
            "norm_text": "너랑 나이 차이 많이 나?",
            "speaker": {
              "id": "3번",
              "sex": "남성",
              "age": "20대"
            },
            "speechAct": "(지시) 질문하기",
            "morpheme": "너/NP+랑/JKB+나이/NNG+차이/NNG+많이/MAG+나/JX"
          },
          {
            "id": 5,
            "text": "1 : 나랑 거의 또래야",
            "norm_text": "나랑 거의 또래야",
            "speaker": {
              "id": "1번",
              "sex": "여성",
              "age": "20대"
            },
            "speechAct": "(단언) 진술하기",
            "morpheme": "나/NP+랑/JKB+거의/MAG+또래/NNG+야/VCP+EF"
          },
          {
            "id": 6,
            "text": "1 : 그래서 신기해",
            "norm_text": "그래서 신기해",
            "speaker": {
              "id": "1번",
              "sex": "여성",
              "age": "20대"
            },
            "speechAct": "(단언) 주장하기",
            "morpheme": "그래서/MAJ+신기/NNG+해/XSV+EC"
          },
          {
            "id": 7,
            "text": "2 : 맞아",
            "norm_text": "맞아",
            "speaker": {
              "id": "2번",
              "sex": "여성",
              "age": "20대"
            },
            "speechAct": "(단언) 주장하기",
            "morpheme": "맞/VV+아/EC"
          },
          {
            "id": 8,
            "text": "2 : 이제 다 결혼하고 애 낳고 그러더라 키키",
            "norm_text": "이제 다 결혼하고 애 낳고 그러더라 키키",
            "speaker": {
              "id": "2번",
              "sex": "여성",
              "age": "20대"
            },
            "speechAct": "(단언) 주장하기",
            "morpheme": "이제/MAG+다/MAG+결혼/NNG+하/XSV+고/EC+애/NNG+낳/VV+고/EC+그러/VV+더라/EC+키/NNG+키/XSV+ETN"
          },
          {
            "id": 9,
            "text": "3 : 그러게 엄청 일찍 결혼하셨나 보네",
            "norm_text": "그러게 엄청 일찍 결혼하셨나 보네",
            "speaker": {
              "id": "3번",
              "sex": "남성",
              "age": "20대"
            },
            "speechAct": "(단언) 주장하기",
            "morpheme": "그러게/IC+엄청/MAG+일찍/MAG+결혼/NNG+하/XSV+셨/EP+EP+나/EC+보/VX+네/EC"
          },
          {
            "id": 10,
            "text": "1 : 응 하하",
            "norm_text": "응 하하",
            "speaker": {
              "id": "1번",
              "sex": "여성",
              "age": "20대"
            },
            "speechAct": "(단언) 주장하기",
            "morpheme": "응/IC+하하/MAG"
          },
          {
            "id": 11,
            "text": "1 :  이제 내 또래도 거의 육아의 삶이지.",
            "norm_text": "이제 내 또래도 거의 육아의 삶이지.",
            "speaker": {
              "id": "1번",
              "sex": "여성",
              "age": "20대"
            },
            "speechAct": "(단언) 주장하기",
            "morpheme": "이제/MAG+내/NP+JKG+또래/NNG+도/JX+거의/MAG+육아/NNG+의/JKG+삶/NNG+이/VCP+지/EF"
          },
          {
            "id": 12,
            "text": "2 : 맞아",
            "norm_text": "맞아",
            "speaker": {
              "id": "2번",
              "sex": "여성",
              "age": "20대"
            },
            "speechAct": "(단언) 주장하기",
            "morpheme": "맞/VV+아/EC"
          },
          {
            "id": 13,
            "text": "2 : 이제 자유 없고 애기 돌봐야지 ㅠㅠ",
            "norm_text": "이제 자유 없고 애기 돌봐야지 ㅠㅠ",
            "speaker": {
              "id": "2번",
              "sex": "여성",
              "age": "20대"
            },
            "speechAct": "(단언) 주장하기",
            "morpheme": "이제/MAG+자유/NNG+없/VA+고/EC+애기/NNG+돌봐야/VV+EC+지/VX+ㅠㅠ/UNKNOWN"
          },
          {
            "id": 14,
            "text": "3 : 육아의 삶...",
            "norm_text": "육아의 삶...",
            "speaker": {
              "id": "3번",
              "sex": "남성",
              "age": "20대"
            },
            "speechAct": "(단언) 주장하기",
            "morpheme": "육아/NNG+의/JKG+삶/NNG+./SY+./SY"
          },
          {
            "id": 15,
            "text": "3 : 완전 힘들 거 같아 ㅠ",
            "norm_text": "완전 힘들 거 같아 ㅠ",
            "speaker": {
              "id": "3번",
              "sex": "남성",
              "age": "20대"
            },
            "speechAct": "(단언) 주장하기",
            "morpheme": "완전힘들거같아ㅠ/UNKNOWN"
          },
          {
            "id": 16,
            "text": "1 : 응 ㅠㅠ 이번에 둘째라서 더 신기해",
            "norm_text": "응 ㅠㅠ 이번에 둘째라서 더 신기해",
            "speaker": {
              "id": "1번",
              "sex": "여성",
              "age": "20대"
            },
            "speechAct": "(단언) 주장하기",
            "morpheme": "응/IC+ㅠㅠ/UNKNOWN+이번/NNG+에/JKB+둘째/NR+라서/VCP+EC+더/MAG+신기/NNG+해/XSV+EC"
          },
          {
            "id": 17,
            "text": "2 : 내 친구 애기 키우는 거 보니까 엄청 고생하더라 ㅠㅠ",
            "norm_text": "내 친구 애기 키우는 거 보니까 엄청 고생하더라 ㅠㅠ",
            "speaker": {
              "id": "2번",
              "sex": "여성",
              "age": "20대"
            },
            "speechAct": "(단언) 진술하기",
            "morpheme": "내/NP+JKG+친구/NNG+애기/NNG+키우/VV+는/ETM+거/NNB+보/VV+니까/EC+엄청/MAG+고생/NNG+하/XSV+더라/EC+ㅠㅠ/UNKNOWN"
          },
          {
            "id": 18,
            "text": "3 : 와 몸 많이 상할 텐데 ㅠ",
            "norm_text": "와 몸 많이 상할 텐데 ㅠ",
            "speaker": {
              "id": "3번",
              "sex": "남성",
              "age": "20대"
            },
            "speechAct": "(단언) 주장하기",
            "morpheme": "와/IC+몸/NNG+많이/MAG+상할/VV+ETM+텐데/NNB+VCP+EC+ㅠ/UNKNOWN"
          },
          {
            "id": 19,
            "text": "1 : 응 안그래도 엄마가 맛있는 거 사 먹으라고 용돈 주시더라",
            "norm_text": "응 안그래도 엄마가 맛있는 거 사 먹으라고 용돈 주시더라",
            "speaker": {
              "id": "1번",
              "sex": "여성",
              "age": "20대"
            },
            "speechAct": "(단언) 진술하기",
            "morpheme": "응/IC+안/MAG+그래도/VV+EC+엄마/NNG+가/JKS+맛있/VA+는/ETM+거/NNB+사먹/VV+으라고/EC+용돈/NNG+주/VV+시/EP+더라/EC"
          },
          {
            "id": 20,
            "text": "2 : 첫째랑 둘째 한번에 키우려면 진짜 힘들겠어 ㅠㅠ",
            "norm_text": "첫째랑 둘째 한번에 키우려면 진짜 힘들겠어 ㅠㅠ",
            "speaker": {
              "id": "2번",
              "sex": "여성",
              "age": "20대"
            },
            "speechAct": "(단언) 주장하기",
            "morpheme": "첫째/NR+랑/JC+둘째/NR+한/MM+번/NNBC+에/JKB+키우/VV+려면/EC+진짜/MAG+힘들/VA+겠/EP+어/EF+ㅠㅠ/UNKNOWN"
          },
          {
            "id": 21,
            "text": "3 : 응 그래도 잘 챙겨 주시네~",
            "norm_text": "응 그래도 잘 챙겨 주시네~",
            "speaker": {
              "id": "3번",
              "sex": "남성",
              "age": "20대"
            },
            "speechAct": "(단언) 주장하기",
            "morpheme": "응/IC+그래도/MAJ+잘/MAG+챙겨/VV+EC+주/VX+시/EP+네/EF+~/SY"
          },
          {
            "id": 22,
            "text": "1 : 이건 진짜 남편의 도움이 절실해",
            "norm_text": "이건 진짜 남편의 도움이 절실해",
            "speaker": {
              "id": "1번",
              "sex": "여성",
              "age": "20대"
            },
            "speechAct": "(단언) 주장하기",
            "morpheme": "이건/NP+JX+진짜/MAG+남편/NNG+의/JKG+도움/NNG+이/JKS+절실/XR+해/XSA+EC"
          },
          {
            "id": 23,
            "text": "2 : 남편이 같이 육아 해 주고 그래야 된다고 ㅠㅠ",
            "norm_text": "남편이 같이 육아 해 주고 그래야 된다고 ㅠㅠ",
            "speaker": {
              "id": "2번",
              "sex": "여성",
              "age": "20대"
            },
            "speechAct": "(단언) 주장하기",
            "morpheme": "남편/NNG+이/JKS+같이/MAG+육아/NNG+해/XSV+EC+주/VX+고/EC+그래야/VV+EC+된다고/VV+EC+ㅠㅠ/UNKNOWN"
          },
          {
            "id": 24,
            "text": "3 : 맞아",
            "norm_text": "맞아",
            "speaker": {
              "id": "3번",
              "sex": "남성",
              "age": "20대"
            },
            "speechAct": "(단언) 주장하기",
            "morpheme": "맞/VV+아/EC"
          },
          {
            "id": 25,
            "text": "3 : 남편이 많이 도와줘야지",
            "norm_text": "남편이 많이 도와줘야지",
            "speaker": {
              "id": "3번",
              "sex": "남성",
              "age": "20대"
            },
            "speechAct": "(단언) 주장하기",
            "morpheme": "남편/NNG+이/JKS+많이/MAG+도와/VV+EC+줘야지/VX+EC"
          }
        ]
      }
    }
  ]
}