{
  "dataset": {
    "identifier": 117125,
    "name": "NATEON_31_13_set",
    "src_path": "/data/file/cubeManager/PROJECT001/80/txt20211102113529074697/NATEON_31_13_set/",
    "label_path": "/data/file/cubeManager/PROJECT001/80/txt20211102113529074697/NATEON_31_13_set/",
    "category": 2,
    "type": 0
  },
  "licenses": {
    "name": "Apache License 1.0",
    "url": "http://www.apache.org/licenses/LICENSE-1.0"
  },
  "info": [
    {
      "id": 129996,
      "filename": "NATEON_31_13.txt",
      "title": "NATEON_31_13",
      "mediatype": "메신저",
      "medianame": "네이트온",
      "category": "일상대화",
      "date": "2021-11-02",
      "size": 460,
      "annotations": {
        "subject": "계절/날씨",
        "speaker_type": "다자간 대화",
        "size": 460,
        "word_size": 167,
        "text": "1 : 오늘 밖에 사람들 다 패딩 입더라!\n2 : 헐 벌써?\n2 : 낮엔 그래도 따수운데 ㅠㅠ\n3 : 나도 얼마 전에 패딩 꺼냈어 ㅠ\n1 : 저녁에 운동하러 나가니까 쌀쌀하더라\n2 : 난 이제 뽀글이를 한번 꺼내 줘야겠어 하하\n3 : 그러니까 운동은 따뜻한 낮에 해~\n1 : 그래야겠어\n1 : 이제 곧 겨울이라 눈도 올 거고\n2 : 맞아\n2 : 저녁에 말고 낮에 시간 되면 낮에 해 ㅠㅠ\n3 : 아휴~\n3 : 눈 오면 골치 아픈데\n1 : 그러게 근데 나는 눈 좋던데\n2 : 난 눈 오는 건 좋은데 질퍽거리는 게 싫어 ㅠㅠ\n3 : 군대에서 눈을 너무 많이 치워서 그런가 난 별로~\n1 : 둘 다 별로야?\n1 : 그럼 나랑 눈 보러 안 가?\n2 : 아니지\n2 : 이제 밖에서 눈을 즐겨 줘야지 키키\n3 : 키키 아 그래\n3 : 같이 가 줄께\n1 : 흠 그럼 미리 장갑 좀 꺼내 놔야지\n2 : 웅 장갑이랑 목도리 쇼핑 해야 된다고 하하\n3 : 정말 준비를 엄청나게 하네!",
        "lines": [
          {
            "id": 1,
            "text": "1 : 오늘 밖에 사람들 다 패딩 입더라!",
            "norm_text": "오늘 밖에 사람들 다 패딩 입더라!",
            "speaker": {
              "id": "1번",
              "sex": "여성",
              "age": "20대"
            },
            "speechAct": "(단언) 주장하기",
            "morpheme": "오늘/NNG+밖에/JX+사람/NNG+들/XSN+다/MAG+패딩/NNG+입/VV+더라/EF"
          },
          {
            "id": 2,
            "text": "2 : 헐 벌써?",
            "norm_text": "헐 벌써?",
            "speaker": {
              "id": "2번",
              "sex": "여성",
              "age": "20대"
            },
            "speechAct": "(지시) 질문하기",
            "morpheme": "헐/IC+벌써/MAG"
          },
          {
            "id": 3,
            "text": "2 : 낮엔 그래도 따수운데 ㅠㅠ",
            "norm_text": "낮엔 그래도 따수운데 ㅠㅠ",
            "speaker": {
              "id": "2번",
              "sex": "여성",
              "age": "20대"
            },
            "speechAct": "(단언) 주장하기",
            "morpheme": "낮/NNG+엔/JKB+JX+그래도/VV+EC+따수운/VA+ETM+데/NNB+ㅠㅠ/UNKNOWN"
          },
          {
            "id": 4,
            "text": "3 : 나도 얼마 전에 패딩 꺼냈어 ㅠ",
            "norm_text": "나도 얼마 전에 패딩 꺼냈어 ㅠ",
            "speaker": {
              "id": "3번",
              "sex": "남성",
              "age": "20대"
            },
            "speechAct": "(단언) 주장하기",
            "morpheme": "나/NP+도/JX+얼마/NNG+전/NNG+에/JKB+패딩/NNG+꺼냈/VV+EP+어ㅠ/UNKNOWN"
          },
          {
            "id": 5,
            "text": "1 : 저녁에 운동하러 나가니까 쌀쌀하더라",
            "norm_text": "저녁에 운동하러 나가니까 쌀쌀하더라",
            "speaker": {
              "id": "1번",
              "sex": "여성",
              "age": "20대"
            },
            "speechAct": "(단언) 주장하기",
            "morpheme": "저녁/NNG+에/JKB+운동/NNG+하/XSV+러/EC+나가/VX+니까/EC+쌀쌀/XR+하/XSA+더라/EC"
          },
          {
            "id": 6,
            "text": "2 : 난 이제 뽀글이를 한번 꺼내 줘야겠어 하하",
            "norm_text": "난 이제 뽀글이를 한번 꺼내 줘야겠어 하하",
            "speaker": {
              "id": "2번",
              "sex": "여성",
              "age": "20대"
            },
            "speechAct": "(단언) 주장하기",
            "morpheme": "난/NP+JX+이제/MAG+뽀글/XR+이/XSN+를/JKO+한번/MAG+꺼내/VV+줘야/EC+VX+EC+VX+겠/EP+어/EC+하하/MAG"
          },
          {
            "id": 7,
            "text": "3 : 그러니까 운동은 따뜻한 낮에 해~",
            "norm_text": "그러니까 운동은 따뜻한 낮에 해~",
            "speaker": {
              "id": "3번",
              "sex": "남성",
              "age": "20대"
            },
            "speechAct": "(단언) 주장하기",
            "morpheme": "그러니까/MAJ+운동/NNG+은/JX+따뜻/XR+한/XSA+ETM+낮/NNG+에/JKB+해/VV+EC+~/SY"
          },
          {
            "id": 8,
            "text": "1 : 그래야겠어",
            "norm_text": "그래야겠어",
            "speaker": {
              "id": "1번",
              "sex": "여성",
              "age": "20대"
            },
            "speechAct": "(단언) 주장하기",
            "morpheme": "그래야/VA+EC+VX+겠/EP+어/EC"
          },
          {
            "id": 9,
            "text": "1 : 이제 곧 겨울이라 눈도 올 거고",
            "norm_text": "이제 곧 겨울이라 눈도 올 거고",
            "speaker": {
              "id": "1번",
              "sex": "여성",
              "age": "20대"
            },
            "speechAct": "(단언) 주장하기",
            "morpheme": "이제/MAG+곧/MAG+겨울/NNG+이/VCP+라/EC+눈/NNG+도/JX+올거/VV+ETM+NNB+VCP+고/EC"
          },
          {
            "id": 10,
            "text": "2 : 맞아",
            "norm_text": "맞아",
            "speaker": {
              "id": "2번",
              "sex": "여성",
              "age": "20대"
            },
            "speechAct": "(단언) 주장하기",
            "morpheme": "맞/VV+아/EC"
          },
          {
            "id": 11,
            "text": "2 : 저녁에 말고 낮에 시간 되면 낮에 해 ㅠㅠ",
            "norm_text": "저녁에 말고 낮에 시간 되면 낮에 해 ㅠㅠ",
            "speaker": {
              "id": "2번",
              "sex": "여성",
              "age": "20대"
            },
            "speechAct": "(단언) 주장하기",
            "morpheme": "저녁/NNG+에/JKB+말/VV+고/EC+낮/NNG+에/JKB+시간/NNG+되/XSV+면/EC+낮/NNG+에/JKB+해/VV+EC+ㅠㅠ/UNKNOWN"
          },
          {
            "id": 12,
            "text": "3 : 아휴~",
            "norm_text": "아휴~",
            "speaker": {
              "id": "3번",
              "sex": "남성",
              "age": "20대"
            },
            "speechAct": "(단언) 주장하기",
            "morpheme": "아휴/IC+~/SY"
          },
          {
            "id": 13,
            "text": "3 : 눈 오면 골치 아픈데",
            "norm_text": "눈 오면 골치 아픈데",
            "speaker": {
              "id": "3번",
              "sex": "남성",
              "age": "20대"
            },
            "speechAct": "(단언) 주장하기",
            "morpheme": "눈/NNG+오/VV+면/EC+골치/NNG+아픈데/VA+EC"
          },
          {
            "id": 14,
            "text": "1 : 그러게 근데 나는 눈 좋던데",
            "norm_text": "그러게 근데 나는 눈 좋던데",
            "speaker": {
              "id": "1번",
              "sex": "여성",
              "age": "20대"
            },
            "speechAct": "(단언) 주장하기",
            "morpheme": "그러게/IC+근데/MAJ+나/NP+는/JX+눈/NNG+좋/VA+던데/EC"
          },
          {
            "id": 15,
            "text": "2 : 난 눈 오는 건 좋은데 질퍽거리는 게 싫어 ㅠㅠ",
            "norm_text": "난 눈 오는 건 좋은데 질퍽거리는 게 싫어 ㅠㅠ",
            "speaker": {
              "id": "2번",
              "sex": "여성",
              "age": "20대"
            },
            "speechAct": "(단언) 주장하기",
            "morpheme": "난/NP+JX+눈/NNG+오/VV+는/ETM+건/NNB+JX+좋/VA+은/ETM+데/NNB+질퍽거리/VV+는/ETM+게/NNB+JKS+싫/VA+어/EC+ㅠㅠ/UNKNOWN"
          },
          {
            "id": 16,
            "text": "3 : 군대에서 눈을 너무 많이 치워서 그런가 난 별로~",
            "norm_text": "군대에서 눈을 너무 많이 치워서 그런가 난 별로~",
            "speaker": {
              "id": "3번",
              "sex": "남성",
              "age": "20대"
            },
            "speechAct": "(단언) 주장하기",
            "morpheme": "군대/NNG+에서/JKB+눈/NNG+을/JKO+너무/MAG+많이/MAG+치워서/VV+EC+그런/MM+가난/NNG+별/XSN+로/JKB+~/SY"
          },
          {
            "id": 17,
            "text": "1 : 둘 다 별로야?",
            "norm_text": "둘 다 별로야?",
            "speaker": {
              "id": "1번",
              "sex": "여성",
              "age": "20대"
            },
            "speechAct": "(지시) 질문하기",
            "morpheme": "둘/NR+다/MAG+별로/MAG+야/VCP+EF"
          },
          {
            "id": 18,
            "text": "1 : 그럼 나랑 눈 보러 안 가?",
            "norm_text": "그럼 나랑 눈 보러 안 가?",
            "speaker": {
              "id": "1번",
              "sex": "여성",
              "age": "20대"
            },
            "speechAct": "(지시) 질문하기",
            "morpheme": "그럼/MAJ+나/NP+랑/JKB+눈/NNG+보/VV+러/EC+안/MAG+가/VV+EF"
          },
          {
            "id": 19,
            "text": "2 : 아니지",
            "norm_text": "아니지",
            "speaker": {
              "id": "2번",
              "sex": "여성",
              "age": "20대"
            },
            "speechAct": "(단언) 주장하기",
            "morpheme": "아니/VCN+지/EC"
          },
          {
            "id": 20,
            "text": "2 : 이제 밖에서 눈을 즐겨 줘야지 키키",
            "norm_text": "이제 밖에서 눈을 즐겨 줘야지 키키",
            "speaker": {
              "id": "2번",
              "sex": "여성",
              "age": "20대"
            },
            "speechAct": "(단언) 주장하기",
            "morpheme": "이제/MAG+밖/NNG+에서/JKB+눈/NNG+을/JKO+즐겨/VV+EC+줘야지/VX+EF+키/NNG+키/XSV+ETN"
          },
          {
            "id": 21,
            "text": "3 : 키키 아 그래",
            "norm_text": "키키 아 그래",
            "speaker": {
              "id": "3번",
              "sex": "남성",
              "age": "20대"
            },
            "speechAct": "(단언) 주장하기",
            "morpheme": "키/NNG+키/VV+아/EC+그래/VV+EC"
          },
          {
            "id": 22,
            "text": "3 : 같이 가 줄께",
            "norm_text": "같이 가 줄께",
            "speaker": {
              "id": "3번",
              "sex": "남성",
              "age": "20대"
            },
            "speechAct": "(단언) 주장하기",
            "morpheme": "같이/MAG+가/VV+EC+줄께/VX+EC"
          },
          {
            "id": 23,
            "text": "1 : 흠 그럼 미리 장갑 좀 꺼내 놔야지",
            "norm_text": "흠 그럼 미리 장갑 좀 꺼내 놔야지",
            "speaker": {
              "id": "1번",
              "sex": "여성",
              "age": "20대"
            },
            "speechAct": "(단언) 주장하기",
            "morpheme": "흠/IC+그럼/MAJ+미리/MAG+장갑/NNG+좀/MAG+꺼내/VV+EC+놔야/VX+EC+VX+지/EC"
          },
          {
            "id": 24,
            "text": "2 : 웅 장갑이랑 목도리 쇼핑 해야 된다고 하하",
            "norm_text": "웅 장갑이랑 목도리 쇼핑 해야 된다고 하하",
            "speaker": {
              "id": "2번",
              "sex": "여성",
              "age": "20대"
            },
            "speechAct": "(단언) 주장하기",
            "morpheme": "웅/IC+장갑/NNG+이랑/JKB+목도리/NNG+쇼핑/NNG+해야/XSV+EC+된다고/VV+EC+하하/MAG"
          },
          {
            "id": 25,
            "text": "3 : 정말 준비를 엄청나게 하네!",
            "norm_text": "정말 준비를 엄청나게 하네!",
            "speaker": {
              "id": "3번",
              "sex": "남성",
              "age": "20대"
            },
            "speechAct": "(단언) 주장하기",
            "morpheme": "정말/MAG+준비/NNG+를/JKO+엄청나/VA+게/EC+하/VX+네/EF"
          }
        ]
      }
    }
  ]
}