{
  "dataset": {
    "identifier": 117369,
    "name": "NATEON_28_16_set",
    "src_path": "/data/file/cubeManager/PROJECT001/80/txt20211102103851067458/NATEON_28_16_set/",
    "label_path": "/data/file/cubeManager/PROJECT001/80/txt20211102103851067458/NATEON_28_16_set/",
    "category": 2,
    "type": 0
  },
  "licenses": {
    "name": "Apache License 1.0",
    "url": "http://www.apache.org/licenses/LICENSE-1.0"
  },
  "info": [
    {
      "id": 129859,
      "filename": "NATEON_28_16.txt",
      "title": "NATEON_28_16",
      "mediatype": "메신저",
      "medianame": "네이트온",
      "category": "일상대화",
      "date": "2021-11-02",
      "size": 405,
      "annotations": {
        "subject": "미용",
        "speaker_type": "다자간 대화",
        "size": 405,
        "word_size": 136,
        "text": "1 : 나 오늘 피부과 다녀왔어 ㅠㅠ\n2 : 지금 피부 다 뒤집어 지고 그러더라 ㅠㅠ\n2 : 괜찮아?\n3 : 헐 피부에 뭐가 났어?\n1 : 아무래도 마스크 때문에 그런가 봐 ㅠ\n2 : 마스크 ㅠㅠ 진짜 좀 잘 통하는 거 없으려나 ㅠㅠ\n3 : 나도 턱 부분에 뾰루지 많이 났어 ㅠ\n3 : 얼른 마스크 벗고 다니고 싶어 ㅠ\n1 : 맞아 그나마 부리형이 공기가 잘 통해\n2 : 근데 위드코로나 되도 마스크는 못 벗는 거 아니야? ㅠㅠ\n3 : 응 부리형 마스크가 제일 편하더라\n1 : 그렇지, 마스크 벗고 다니면 위험해 ㅠ\n2 : 마스크 빨리 사라지는 세상 왔으면 좋겠어 ㅠㅠ\n3 : 그렇지... 피부가 아파도 마스크는 끼자\n1 : 응 우리 건강을 위해서 계속 껴야지!\n2 : 맞아 내 피부에 양보 해야 된다고 ㅠㅠ\n3 : 마스크 확실히 벗을 때 피부과 가자!",
        "lines": [
          {
            "id": 1,
            "text": "1 : 나 오늘 피부과 다녀왔어 ㅠㅠ",
            "norm_text": "나 오늘 피부과 다녀왔어 ㅠㅠ",
            "speaker": {
              "id": "1번",
              "sex": "여성",
              "age": "20대"
            },
            "speechAct": "(단언) 진술하기",
            "morpheme": "나/NP+오늘/MAG+피부과/NNG+다녀왔/VV+EP+어/EF+ㅠㅠ/UNKNOWN"
          },
          {
            "id": 2,
            "text": "2 : 지금 피부 다 뒤집어 지고 그러더라 ㅠㅠ",
            "norm_text": "지금 피부 다 뒤집어 지고 그러더라 ㅠㅠ",
            "speaker": {
              "id": "2번",
              "sex": "여성",
              "age": "20대"
            },
            "speechAct": "(단언) 주장하기",
            "morpheme": "지금/MAG+피부/NNG+다/MAG+뒤집/VV+어/EC+지/VX+고/EC+그러/VV+더라/EF+ㅠㅠ/UNKNOWN"
          },
          {
            "id": 3,
            "text": "2 : 괜찮아?",
            "norm_text": "괜찮아?",
            "speaker": {
              "id": "2번",
              "sex": "여성",
              "age": "20대"
            },
            "speechAct": "(지시) 질문하기",
            "morpheme": "괜찮/VA+아/EF"
          },
          {
            "id": 4,
            "text": "3 : 헐 피부에 뭐가 났어?",
            "norm_text": "헐 피부에 뭐가 났어?",
            "speaker": {
              "id": "3번",
              "sex": "남성",
              "age": "20대"
            },
            "speechAct": "(지시) 질문하기",
            "morpheme": "헐/IC+피부/NNG+에/JKB+뭐/NP+가/JKS+났/VV+EP+어/EF"
          },
          {
            "id": 5,
            "text": "1 : 아무래도 마스크 때문에 그런가 봐 ㅠ",
            "norm_text": "아무래도 마스크 때문에 그런가 봐 ㅠ",
            "speaker": {
              "id": "1번",
              "sex": "여성",
              "age": "20대"
            },
            "speechAct": "(단언) 주장하기",
            "morpheme": "아무래도/MAG+마스크/NNG+때문/NNB+에/JKB+그런가/VA+EC+봐/VX+EF+ㅠ/UNKNOWN"
          },
          {
            "id": 6,
            "text": "2 : 마스크 ㅠㅠ 진짜 좀 잘 통하는 거 없으려나 ㅠㅠ",
            "norm_text": "마스크 ㅠㅠ 진짜 좀 잘 통하는 거 없으려나 ㅠㅠ",
            "speaker": {
              "id": "2번",
              "sex": "여성",
              "age": "20대"
            },
            "speechAct": "(단언) 주장하기",
            "morpheme": "마스크/NNG+ㅠㅠ/UNKNOWN+진짜/MAG+좀/MAG+잘/MAG+통하/VV+는/ETM+거/NNB+없/VA+으려나/EC+ㅠㅠ/UNKNOWN"
          },
          {
            "id": 7,
            "text": "3 : 나도 턱 부분에 뾰루지 많이 났어 ㅠ",
            "norm_text": "나도 턱 부분에 뾰루지 많이 났어 ㅠ",
            "speaker": {
              "id": "3번",
              "sex": "남성",
              "age": "20대"
            },
            "speechAct": "(단언) 진술하기",
            "morpheme": "나/NP+도/JX+턱/MAG+부분/NNG+에/JKB+뾰루지/NNG+많이/MAG+났/VV+EP+어ㅠ/UNKNOWN"
          },
          {
            "id": 8,
            "text": "3 : 얼른 마스크 벗고 다니고 싶어 ㅠ",
            "norm_text": "얼른 마스크 벗고 다니고 싶어 ㅠ",
            "speaker": {
              "id": "3번",
              "sex": "남성",
              "age": "20대"
            },
            "speechAct": "(단언) 주장하기",
            "morpheme": "얼른/MAG+마스크/NNG+벗/VV+고/EC+다니/VV+고/EC+싶/VX+어/EC+ㅠ/UNKNOWN"
          },
          {
            "id": 9,
            "text": "1 : 맞아 그나마 부리형이 공기가 잘 통해",
            "norm_text": "맞아 그나마 부리형이 공기가 잘 통해",
            "speaker": {
              "id": "1번",
              "sex": "여성",
              "age": "20대"
            },
            "speechAct": "(단언) 주장하기",
            "morpheme": "맞/VV+아/EC+그나마/MAG+부리/NNG+형/NNG+이/JKS+공기/NNG+가/JKS+잘/MAG+통해/VV+EC"
          },
          {
            "id": 10,
            "text": "2 : 근데 위드코로나 되도 마스크는 못 벗는 거 아니야? ㅠㅠ",
            "norm_text": "근데 위드코로나 되도 마스크는 못 벗는 거 아니야? ㅠㅠ",
            "speaker": {
              "id": "2번",
              "sex": "여성",
              "age": "20대"
            },
            "speechAct": "(단언) 주장하기",
            "morpheme": "근데/MAJ+위드/NNP+코로나/NNG+되/XSV+도/EC+마스크/NNG+는/JX+못/MAG+벗/VV+는/ETM+거/NNB+아니/VCN+야/EF+ㅠㅠ/UNKNOWN"
          },
          {
            "id": 11,
            "text": "3 : 응 부리형 마스크가 제일 편하더라",
            "norm_text": "응 부리형 마스크가 제일 편하더라",
            "speaker": {
              "id": "3번",
              "sex": "남성",
              "age": "20대"
            },
            "speechAct": "(단언) 주장하기",
            "morpheme": "응/IC+부리/NNG+형/XSN+마스크/NNG+가/JKS+제일/MAG+편하/VA+더라/EC"
          },
          {
            "id": 12,
            "text": "1 : 그렇지, 마스크 벗고 다니면 위험해 ㅠ",
            "norm_text": "그렇지, 마스크 벗고 다니면 위험해 ㅠ",
            "speaker": {
              "id": "1번",
              "sex": "여성",
              "age": "20대"
            },
            "speechAct": "(단언) 주장하기",
            "morpheme": "그렇/VA+지/EF+,/SC+마스크벗고다니면위험해ㅠ/UNKNOWN"
          },
          {
            "id": 13,
            "text": "2 : 마스크 빨리 사라지는 세상 왔으면 좋겠어 ㅠㅠ",
            "norm_text": "마스크 빨리 사라지는 세상 왔으면 좋겠어 ㅠㅠ",
            "speaker": {
              "id": "2번",
              "sex": "여성",
              "age": "20대"
            },
            "speechAct": "(단언) 주장하기",
            "morpheme": "마스크/IC+빨리/MAG+사라지/VV+는/ETM+세상/NNG+왔/VV+EP+으면/EC+좋/VA+겠/EP+어/EF+ㅠㅠ/UNKNOWN"
          },
          {
            "id": 14,
            "text": "3 : 그렇지... 피부가 아파도 마스크는 끼자",
            "norm_text": "그렇지... 피부가 아파도 마스크는 끼자",
            "speaker": {
              "id": "3번",
              "sex": "남성",
              "age": "20대"
            },
            "speechAct": "(지시) 충고/제안하기",
            "morpheme": "그렇/VA+지/EF+./SY+피부/NNG+가/JKS+아파도/VA+EC+마스크/NNG+는/JX+끼/VV+자/EC"
          },
          {
            "id": 15,
            "text": "1 : 응 우리 건강을 위해서 계속 껴야지!",
            "norm_text": "응 우리 건강을 위해서 계속 껴야지!",
            "speaker": {
              "id": "1번",
              "sex": "여성",
              "age": "20대"
            },
            "speechAct": "(단언) 주장하기",
            "morpheme": "응/IC+우리/NP+건강/NNG+을/JKO+위해서/VV+EC+계속/MAG+껴야/VV+EC+지/VX+EP+EF"
          },
          {
            "id": 16,
            "text": "2 : 맞아 내 피부에 양보 해야 된다고 ㅠㅠ",
            "norm_text": "맞아 내 피부에 양보 해야 된다고 ㅠㅠ",
            "speaker": {
              "id": "2번",
              "sex": "여성",
              "age": "20대"
            },
            "speechAct": "(단언) 주장하기",
            "morpheme": "맞/VV+아/EC+내/NP+JKG+피부/NNG+에/JKB+양보/NNG+해야/XSV+EC+된다고/VV+EC+ㅠㅠ/UNKNOWN"
          },
          {
            "id": 17,
            "text": "3 : 마스크 확실히 벗을 때 피부과 가자!",
            "norm_text": "마스크 확실히 벗을 때 피부과 가자!",
            "speaker": {
              "id": "3번",
              "sex": "남성",
              "age": "20대"
            },
            "speechAct": "(언약) 약속하기(제3자와)/(개인적 수준)",
            "morpheme": "마스크/IC+확실히/MAG+벗/NNG+을/JKO+때/NNG+피부과/NNG+가/JKS+자/IC"
          }
        ]
      }
    }
  ]
}