{
  "dataset": {
    "identifier": 129722,
    "name": "NATEON_41_11_set",
    "src_path": "/data/file/cubeManager/PROJECT001/84/txt20211104173552094229/NATEON_41_11_set/",
    "label_path": "/data/file/cubeManager/PROJECT001/84/txt20211104173552094229/NATEON_41_11_set/",
    "category": 2,
    "type": 0
  },
  "licenses": {
    "name": "Apache License 1.0",
    "url": "http://www.apache.org/licenses/LICENSE-1.0"
  },
  "info": [
    {
      "id": 137218,
      "filename": "NATEON_41_11.txt",
      "title": "NATEON_41_11",
      "mediatype": "메신저",
      "medianame": "네이트온",
      "category": "일상대화",
      "date": "2021-11-04",
      "size": 433,
      "annotations": {
        "subject": "게임",
        "speaker_type": "다자간 대화",
        "size": 433,
        "word_size": 156,
        "text": "1 : 너희 겟엠프드 게임 알아?\n2 : 아니\n2 : 나 그거 뭔지 몰라 키키\n3 : 아 나 그거 하는 애들 봤는데 키키\n1 : 이거 완전 사골 게임이래 키키\n2 : 사골 게임은 뭐야 키키\n2 : 오래된 거야?\n3 : 어 그거 좀 오래 되긴 했을걸 키키\n1 : 아 고인물들 너무 많아서 키키\n2 : 아 고인물 키키\n2 : 하는 사람들만 하는구나 키키\n3 : 원래 게임 자기한테 맞는 거 파는 거야 키키\n1 : 사람들이 현질 너무 많이 한대 키키\n2 : 아 현질 많이 하는 게임들이 있다고 하더라\n3 : 어 부자들만 해야 된다는 게임도 있어\n1 : 그래서 잘하는 사람들밖에 없대 키키\n2 : 키키 그거 새로 시작하려면 돈 많이 들겠네\n3 : 그런 게임은 함부로 시작하는 거 아니야 키키\n1 : 내가 지금 하면 계속 지겠다\n2 : 어 맞아\n2 : 그냥 시작도 하면 안 돼 키키\n3 : 키키 그냥 우린 하던 게임 하자",
        "lines": [
          {
            "id": 1,
            "text": "1 : 너희 겟엠프드 게임 알아?",
            "norm_text": "너희 겟엠프드 게임 알아?",
            "speaker": {
              "id": "1번",
              "sex": "여성",
              "age": "20대"
            },
            "speechAct": "(지시) 질문하기",
            "morpheme": "너/NP+희/VA+겟/EC+엠/NNG+프드/UNKNOWN+게임/NNG+알/VV+아/EF"
          },
          {
            "id": 2,
            "text": "2 : 아니",
            "norm_text": "아니",
            "speaker": {
              "id": "2번",
              "sex": "여성",
              "age": "20대"
            },
            "speechAct": "(단언) 진술하기",
            "morpheme": "아니/IC"
          },
          {
            "id": 3,
            "text": "2 : 나 그거 뭔지 몰라 키키",
            "norm_text": "나 그거 뭔지 몰라 키키",
            "speaker": {
              "id": "2번",
              "sex": "여성",
              "age": "20대"
            },
            "speechAct": "(단언) 진술하기",
            "morpheme": "나/NP+그거/NP+뭔지/NP+VCP+EC+몰라/VV+EC+키/NNG+키/XSV+ETN"
          },
          {
            "id": 4,
            "text": "3 : 아 나 그거 하는 애들 봤는데 키키",
            "norm_text": "아 나 그거 하는 애들 봤는데 키키",
            "speaker": {
              "id": "3번",
              "sex": "남성",
              "age": "20대"
            },
            "speechAct": "(단언) 진술하기",
            "morpheme": "아/IC+나/NP+그거/NP+하/VV+는/ETM+애/NNG+들/XSN+봤/VV+EP+는데/EC+키/NNG+키/XSV+ETN"
          },
          {
            "id": 5,
            "text": "1 : 이거 완전 사골 게임이래 키키",
            "norm_text": "이거 완전 사골 게임이래 키키",
            "speaker": {
              "id": "1번",
              "sex": "여성",
              "age": "20대"
            },
            "speechAct": "(단언) 진술하기",
            "morpheme": "이거/NP+완전/MAG+사골/NNG+게임/NNG+이/JKS+래키/NNP+키/NNG"
          },
          {
            "id": 6,
            "text": "2 : 사골 게임은 뭐야 키키",
            "norm_text": "사골 게임은 뭐야 키키",
            "speaker": {
              "id": "2번",
              "sex": "여성",
              "age": "20대"
            },
            "speechAct": "(지시) 질문하기",
            "morpheme": "사골/NNG+게임/NNG+은/JX+뭐/NP+야/VCP+EF+키/NNG+키/XSV+ETN"
          },
          {
            "id": 7,
            "text": "2 : 오래된 거야?",
            "norm_text": "오래된 거야?",
            "speaker": {
              "id": "2번",
              "sex": "여성",
              "age": "20대"
            },
            "speechAct": "(지시) 질문하기",
            "morpheme": "오래/MAG+된/VV+ETM+거/NNB+야/VCP+EF"
          },
          {
            "id": 8,
            "text": "3 : 어 그거 좀 오래 되긴 했을걸 키키",
            "norm_text": "어 그거 좀 오래 되긴 했을걸 키키",
            "speaker": {
              "id": "3번",
              "sex": "남성",
              "age": "20대"
            },
            "speechAct": "(단언) 진술하기",
            "morpheme": "어/IC+그거/NP+좀/MAG+오래/MAG+되/VV+긴/ETN+JX+했/VX+EP+을/ETM+걸/NNB+JKO+키/NNG+키/XSV+ETN"
          },
          {
            "id": 9,
            "text": "1 : 아 고인물들 너무 많아서 키키",
            "norm_text": "아 고인물들 너무 많아서 키키",
            "speaker": {
              "id": "1번",
              "sex": "여성",
              "age": "20대"
            },
            "speechAct": "(단언) 진술하기",
            "morpheme": "아고/IC+인물/NNG+들/XSN+너무/MAG+많/VA+아서/EC+키/NNG+키/XSV+ETN"
          },
          {
            "id": 10,
            "text": "2 : 아 고인물 키키",
            "norm_text": "아 고인물 키키",
            "speaker": {
              "id": "2번",
              "sex": "여성",
              "age": "20대"
            },
            "speechAct": "턴토크 사인(관습적 반응)",
            "morpheme": "아고/IC+인물/NNG+키/NNG+키/XSV+ETN"
          },
          {
            "id": 11,
            "text": "2 : 하는 사람들만 하는구나 키키",
            "norm_text": "하는 사람들만 하는구나 키키",
            "speaker": {
              "id": "2번",
              "sex": "여성",
              "age": "20대"
            },
            "speechAct": "(단언) 주장하기",
            "morpheme": "하/VV+는/ETM+사람/NNG+들/XSN+만/JX+하/VV+는구나/EF+키/NNG+키/XSV+ETN"
          },
          {
            "id": 12,
            "text": "3 : 원래 게임 자기한테 맞는 거 파는 거야 키키",
            "norm_text": "원래 게임 자기한테 맞는 거 파는 거야 키키",
            "speaker": {
              "id": "3번",
              "sex": "남성",
              "age": "20대"
            },
            "speechAct": "(단언) 주장하기",
            "morpheme": "원래/MAG+게임/NNG+자기/NP+한테/JKB+맞/VV+는/ETM+거/NNB+파/VV+는/ETM+거/NNB+야/VCP+EF+키/NNG+키/XSV+ETN"
          },
          {
            "id": 13,
            "text": "1 : 사람들이 현질 너무 많이 한대 키키",
            "norm_text": "사람들이 현질 너무 많이 한대 키키",
            "speaker": {
              "id": "1번",
              "sex": "여성",
              "age": "20대"
            },
            "speechAct": "(단언) 진술하기",
            "morpheme": "사람/NNG+들/XSN+이/JKS+현질/NNG+너무/MAG+많이/MAG+한/MM+대/NNBC+키/NNG+키/XSV+ETN"
          },
          {
            "id": 14,
            "text": "2 : 아 현질 많이 하는 게임들이 있다고 하더라",
            "norm_text": "아 현질 많이 하는 게임들이 있다고 하더라",
            "speaker": {
              "id": "2번",
              "sex": "여성",
              "age": "20대"
            },
            "speechAct": "(단언) 진술하기",
            "morpheme": "아/IC+현질/NNG+많이/MAG+하/VV+는/ETM+게임/NNG+들/XSN+이/JKS+있/VV+다고/EC+하/VV+더라/EC"
          },
          {
            "id": 15,
            "text": "3 : 어 부자들만 해야 된다는 게임도 있어",
            "norm_text": "어 부자들만 해야 된다는 게임도 있어",
            "speaker": {
              "id": "3번",
              "sex": "남성",
              "age": "20대"
            },
            "speechAct": "(단언) 주장하기",
            "morpheme": "어/IC+부자/NNG+들/XSN+만/JX+해야/VV+EC+된다는/VV+ETM+게임/NNG+도/JX+있/VA+어/EC"
          },
          {
            "id": 16,
            "text": "1 : 그래서 잘하는 사람들밖에 없대 키키",
            "norm_text": "그래서 잘하는 사람들밖에 없대 키키",
            "speaker": {
              "id": "1번",
              "sex": "여성",
              "age": "20대"
            },
            "speechAct": "(단언) 진술하기",
            "morpheme": "그래서/MAJ+잘/MAG+하/VV+는/ETM+사람/NNG+들/XSN+밖에/JX+없/VA+대/EF+키/NNG+키/XSV+ETN"
          },
          {
            "id": 17,
            "text": "2 : 키키 그거 새로 시작하려면 돈 많이 들겠네",
            "norm_text": "키키 그거 새로 시작하려면 돈 많이 들겠네",
            "speaker": {
              "id": "2번",
              "sex": "여성",
              "age": "20대"
            },
            "speechAct": "(단언) 주장하기",
            "morpheme": "키/NNG+키/XSV+ETN+그거/NP+새로/MAG+시작/NNG+하/XSV+려면/EC+돈/NNG+많이/MAG+들/VV+겠/EP+네/EF"
          },
          {
            "id": 18,
            "text": "3 : 그런 게임은 함부로 시작하는 거 아니야 키키",
            "norm_text": "그런 게임은 함부로 시작하는 거 아니야 키키",
            "speaker": {
              "id": "3번",
              "sex": "남성",
              "age": "20대"
            },
            "speechAct": "(단언) 주장하기",
            "morpheme": "그런/MM+게임/NNG+은/JX+함부로/MAG+시작/NNG+하/XSV+는/ETM+거/NNB+아니/VCN+야/EC+키/NNG+키/XSV+ETN"
          },
          {
            "id": 19,
            "text": "1 : 내가 지금 하면 계속 지겠다",
            "norm_text": "내가 지금 하면 계속 지겠다",
            "speaker": {
              "id": "1번",
              "sex": "여성",
              "age": "20대"
            },
            "speechAct": "(단언) 주장하기",
            "morpheme": "내/NP+가/JKS+지금/MAG+하/VV+면/EC+계속/MAG+지/VV+겠/EP+다/EC"
          },
          {
            "id": 20,
            "text": "2 : 어 맞아",
            "norm_text": "어 맞아",
            "speaker": {
              "id": "2번",
              "sex": "여성",
              "age": "20대"
            },
            "speechAct": "(단언) 주장하기",
            "morpheme": "어/IC+맞/VV+아/EC"
          },
          {
            "id": 21,
            "text": "2 : 그냥 시작도 하면 안 돼 키키",
            "norm_text": "그냥 시작도 하면 안 돼 키키",
            "speaker": {
              "id": "2번",
              "sex": "여성",
              "age": "20대"
            },
            "speechAct": "(단언) 주장하기",
            "morpheme": "그냥/MAG+시작/NNG+도/JX+하/VV+면/EC+안/MAG+돼/VV+EC+키/NNG+키/XSV+ETN"
          },
          {
            "id": 22,
            "text": "3 : 키키 그냥 우린 하던 게임 하자",
            "norm_text": "키키 그냥 우린 하던 게임 하자",
            "speaker": {
              "id": "3번",
              "sex": "남성",
              "age": "20대"
            },
            "speechAct": "(지시) 충고/제안하기",
            "morpheme": "키/NNG+키/NNG+그냥/MAG+우린/NP+JX+하/VV+던/ETM+게임/NNG+하/XSV+자/EC"
          }
        ]
      }
    }
  ]
}