{
  "dataset": {
    "identifier": 112628,
    "name": "NATEON_34_14_set",
    "src_path": "/data/file/cubeManager/PROJECT001/80/txt20211103154238016736/NATEON_34_14_set/",
    "label_path": "/data/file/cubeManager/PROJECT001/80/txt20211103154238016736/NATEON_34_14_set/",
    "category": 2,
    "type": 0
  },
  "licenses": {
    "name": "Apache License 1.0",
    "url": "http://www.apache.org/licenses/LICENSE-1.0"
  },
  "info": [
    {
      "id": 135469,
      "filename": "NATEON_34_14.txt",
      "title": "NATEON_34_14",
      "mediatype": "메신저",
      "medianame": "네이트온",
      "category": "일상대화",
      "date": "2021-11-03",
      "size": 433,
      "annotations": {
        "subject": "사회이슈",
        "speaker_type": "다자간 대화",
        "size": 433,
        "word_size": 149,
        "text": "1 : 이번에 카카오페이 청약 했어?\n2 : 아니 나는 청약 다른데에 있어!\n3 : 너 공모주 청약 말하는 거지?\n1 : 응 주식 공모주 말하는 거야!\n2 : 엥 내가 아는 청약이랑 다른 거 말하는 거야?\n2 : 그게 뭐야 ㅠㅠ\n3 : 요즘 공모주 하는 사람 많더라\n1 : 아 이제 회사가 코스피에 상장한다는 말이야\n2 : 공모주 그거 하면 뭐가 좋은 거야?\n3 : 이번에 균등으로 한다고 하던데\n1 : 음, 돈 안 잃고 돈 버는거?\n2 : 와 나는 지금 다른 세계에 온 거 같아... 하나도 모르겠어 ㅠㅠ\n3 : 그렇지 그래서 많이 하더라\n1 : 응 이번에 우리 부모님도 하셨어 하하\n2 : 그런 거 뭐 좋은 소식 있음 나도 좀 알려줘 ㅠㅠ\n3 : 응 하하 우리 서로 공유하자\n1 : 그래 11월에 다시 알려줄게 하하\n2 : 난 하나도 몰라 가르쳐 줘야 해 ㅠㅠ 흑흑\n3 : 하하 다시 한번 더 가르쳐줄께",
        "lines": [
          {
            "id": 1,
            "text": "1 : 이번에 카카오페이 청약 했어?",
            "norm_text": "이번에 카카오페이 청약 했어?",
            "speaker": {
              "id": "1번",
              "sex": "여성",
              "age": "20대"
            },
            "speechAct": "(지시) 질문하기",
            "morpheme": "이번/NNG+에/JKB+카카오/NNP+페이청/NNP+약/NNG+했/XSV+EP+어/EF"
          },
          {
            "id": 2,
            "text": "2 : 아니 나는 청약 다른데에 있어!",
            "norm_text": "아니 나는 청약 다른데에 있어!",
            "speaker": {
              "id": "2번",
              "sex": "여성",
              "age": "20대"
            },
            "speechAct": "(단언) 주장하기",
            "morpheme": "아니/IC+나/NP+는/JX+청약/NNG+다른/MM+데/NNB+에/JKB+있/VV+어/EF"
          },
          {
            "id": 3,
            "text": "3 : 너 공모주 청약 말하는 거지?",
            "norm_text": "너 공모주 청약 말하는 거지?",
            "speaker": {
              "id": "3번",
              "sex": "남성",
              "age": "20대"
            },
            "speechAct": "(지시) 질문하기",
            "morpheme": "너/NP+공모주/NNG+청약/NNG+말/NNG+하/XSV+는/ETM+거/NNB+지/VCP+EF"
          },
          {
            "id": 4,
            "text": "1 : 응 주식 공모주 말하는 거야!",
            "norm_text": "응 주식 공모주 말하는 거야!",
            "speaker": {
              "id": "1번",
              "sex": "여성",
              "age": "20대"
            },
            "speechAct": "(단언) 주장하기",
            "morpheme": "응/IC+주식/NNG+공모주/NNG+말/NNG+하/XSV+는/ETM+거/NNB+야/VCP+EF"
          },
          {
            "id": 5,
            "text": "2 : 엥 내가 아는 청약이랑 다른 거 말하는 거야?",
            "norm_text": "엥 내가 아는 청약이랑 다른 거 말하는 거야?",
            "speaker": {
              "id": "2번",
              "sex": "여성",
              "age": "20대"
            },
            "speechAct": "(지시) 질문하기",
            "morpheme": "엥/IC+내/NP+가/JKS+아/VV+는/ETM+청약/NNG+이랑/JC+다른/MM+거말/NNG+하/XSV+는/ETM+거/NNB+야/VCP+EF"
          },
          {
            "id": 6,
            "text": "2 : 그게 뭐야 ㅠㅠ",
            "norm_text": "그게 뭐야 ㅠㅠ",
            "speaker": {
              "id": "2번",
              "sex": "여성",
              "age": "20대"
            },
            "speechAct": "(지시) 질문하기",
            "morpheme": "그게/NP+JKS+뭐/NP+야/VCP+EF+ㅠㅠ/UNKNOWN"
          },
          {
            "id": 7,
            "text": "3 : 요즘 공모주 하는 사람 많더라",
            "norm_text": "요즘 공모주 하는 사람 많더라",
            "speaker": {
              "id": "3번",
              "sex": "남성",
              "age": "20대"
            },
            "speechAct": "(단언) 주장하기",
            "morpheme": "요즘/NNG+공모주/NNG+하/XSV+는/ETM+사람/NNG+많/VA+더라/EC"
          },
          {
            "id": 8,
            "text": "1 : 아 이제 회사가 코스피에 상장한다는 말이야",
            "norm_text": "아 이제 회사가 코스피에 상장한다는 말이야",
            "speaker": {
              "id": "1번",
              "sex": "여성",
              "age": "20대"
            },
            "speechAct": "(단언) 주장하기",
            "morpheme": "아/IC+이제/MAG+회사/NNG+가/JKS+코스피/NNP+에/JKB+상장/NNG+한다는/XSV+ETM+말/NNG+이/VCP+야/EC"
          },
          {
            "id": 9,
            "text": "2 : 공모주 그거 하면 뭐가 좋은 거야?",
            "norm_text": "공모주 그거 하면 뭐가 좋은 거야?",
            "speaker": {
              "id": "2번",
              "sex": "여성",
              "age": "20대"
            },
            "speechAct": "(지시) 질문하기",
            "morpheme": "공모주/NNG+그거/NP+하/VV+면/EC+뭐/NP+가/JKS+좋/VA+은/ETM+거/NNB+야/VCP+EF"
          },
          {
            "id": 10,
            "text": "3 : 이번에 균등으로 한다고 하던데",
            "norm_text": "이번에 균등으로 한다고 하던데",
            "speaker": {
              "id": "3번",
              "sex": "남성",
              "age": "20대"
            },
            "speechAct": "(단언) 진술하기",
            "morpheme": "이번/NNG+에/JKB+균등/NNG+으로/JKB+한다고/VV+EC+하/VV+던데/EC"
          },
          {
            "id": 11,
            "text": "1 : 음, 돈 안 잃고 돈 버는거?",
            "norm_text": "음, 돈 안 잃고 돈 버는거?",
            "speaker": {
              "id": "1번",
              "sex": "여성",
              "age": "20대"
            },
            "speechAct": "(단언) 주장하기",
            "morpheme": "음/IC+,/SC+돈/NNG+안/MAG+잃/VV+고/EC+돈/NNG+버/VV+는/ETM+거/NNB"
          },
          {
            "id": 12,
            "text": "2 : 와 나는 지금 다른 세계에 온 거 같아... 하나도 모르겠어 ㅠㅠ",
            "norm_text": "와 나는 지금 다른 세계에 온 거 같아... 하나도 모르겠어 ㅠㅠ",
            "speaker": {
              "id": "2번",
              "sex": "여성",
              "age": "20대"
            },
            "speechAct": "(단언) 주장하기",
            "morpheme": "와나/NNP+는/JX+지금/MAG+다른/MM+세계/NNG+에/JKB+온/VV+ETM+거/NNB+같/VA+아/EF+./SY+하나/NR+도/JX+모르/VV+겠/EP+어/EF+ㅠㅠ/UNKNOWN"
          },
          {
            "id": 13,
            "text": "3 : 그렇지 그래서 많이 하더라",
            "norm_text": "그렇지 그래서 많이 하더라",
            "speaker": {
              "id": "3번",
              "sex": "남성",
              "age": "20대"
            },
            "speechAct": "(단언) 주장하기",
            "morpheme": "그렇/VA+지/EF+그래서/MAJ+많이/MAG+하/VV+더라/EC"
          },
          {
            "id": 14,
            "text": "1 : 응 이번에 우리 부모님도 하셨어 하하",
            "norm_text": "응 이번에 우리 부모님도 하셨어 하하",
            "speaker": {
              "id": "1번",
              "sex": "여성",
              "age": "20대"
            },
            "speechAct": "(단언) 진술하기",
            "morpheme": "응/IC+이번/NNG+에/JKB+우리/NP+부모/NNG+님/XSN+도/JX+하/VV+셨/EP+EP+어/EC+하하/MAG"
          },
          {
            "id": 15,
            "text": "2 : 그런 거 뭐 좋은 소식 있음 나도 좀 알려줘 ㅠㅠ",
            "norm_text": "그런 거 뭐 좋은 소식 있음 나도 좀 알려줘 ㅠㅠ",
            "speaker": {
              "id": "2번",
              "sex": "여성",
              "age": "20대"
            },
            "speechAct": "(지시) 부탁하기",
            "morpheme": "그런/MM+거/NNB+뭐/IC+좋/VA+은/ETM+소식/NNG+있/VV+음/ETN+나/NP+도/JX+좀/MAG+알려줘/VV+EC+VX+EC+ㅠㅠ/UNKNOWN"
          },
          {
            "id": 16,
            "text": "3 : 응 하하 우리 서로 공유하자",
            "norm_text": "응 하하 우리 서로 공유하자",
            "speaker": {
              "id": "3번",
              "sex": "남성",
              "age": "20대"
            },
            "speechAct": "(지시) 충고/제안하기",
            "morpheme": "응/IC+하하/MAG+우리/NP+서로/MAG+공유/NNG+하/XSV+자/EC"
          },
          {
            "id": 17,
            "text": "1 : 그래 11월에 다시 알려줄게 하하",
            "norm_text": "그래 11월에 다시 알려줄게 하하",
            "speaker": {
              "id": "1번",
              "sex": "여성",
              "age": "20대"
            },
            "speechAct": "(단언) 주장하기",
            "morpheme": "그래/VA+EC+11/SN+월/NNBC+에/JKB+다시/MAG+알려/VV+EC+줄/VX+ETM+게/NNB+JKS+하하/MAG"
          },
          {
            "id": 18,
            "text": "2 : 난 하나도 몰라 가르쳐 줘야 해 ㅠㅠ 흑흑",
            "norm_text": "난 하나도 몰라 가르쳐 줘야 해 ㅠㅠ 흑흑",
            "speaker": {
              "id": "2번",
              "sex": "여성",
              "age": "20대"
            },
            "speechAct": "(지시) 부탁하기",
            "morpheme": "난/NP+JX+하나/NR+도/JX+몰라/VV+EC+가르쳐/VV+EC+줘야해/VX+EC+VX+EC+ㅠㅠ/UNKNOWN+흑흑/MAG"
          },
          {
            "id": 19,
            "text": "3 : 하하 다시 한번 더 가르쳐줄께",
            "norm_text": "하하 다시 한번 더 가르쳐줄께",
            "speaker": {
              "id": "3번",
              "sex": "남성",
              "age": "20대"
            },
            "speechAct": "(언약) 약속하기(제3자와)/(개인적 수준)",
            "morpheme": "하하/MAG+다시/MAG+한번/MAG+더/MAG+가르쳐줄께/VV+EC+VX+EC"
          }
        ]
      }
    }
  ]
}