{
  "dataset": {
    "identifier": 17477,
    "name": "NATEON_22_03_set",
    "src_path": "/data/file/cubeManager/PROJECT001/7/txt202108261816510481108/NATEON_22_03_set/",
    "label_path": "/data/file/cubeManager/PROJECT001/7/txt202108261816510481108/NATEON_22_03_set/",
    "category": 2,
    "type": 0
  },
  "licenses": {
    "name": "Apache License 1.0",
    "url": "http://www.apache.org/licenses/LICENSE-1.0"
  },
  "info": [
    {
      "id": 742,
      "filename": "NATEON_22_03.txt",
      "title": "NATEON_22_03",
      "mediatype": "메신저",
      "medianame": "네이트온",
      "category": "일상대화",
      "date": "2021-08-26",
      "size": 787,
      "annotations": {
        "subject": "교통",
        "speaker_type": "1:1",
        "size": 787,
        "word_size": 246,
        "text": "1 : 자동차 운전해본 적 있어?\n2 : 네네 저 2종 보통 있어요\n2 : 많이는 아니지만 해본 적 있어요\n2 : 언니는요?\n1 : 난 아빠가 다시 배우고 오래서 장롱 면허야.\n1 : 운전할 때 무섭지 않았어?\n2 : 무섭죠\n2 : 실제로 차도 긁었어요.\n2 : 차끼리 사고 안 난 게 얼마나 다행인지...\n2 : 언니는 학원 다녀서 따셨어요?\n1 : 실기만 학원을 다녔었어.\n1 : 처음 비행기 타봤던 건 언제야?\n2 : 고등학교 때 수학여행이요\n2 : 제주도를 비행기로 타고 갔거든요.\n2 : 언니는 언제 비행기 처음 타셨어요?\n1 : 나도 같아.\n1 : 비행기 처음 탈 때 어땠었어?\n2 : 저는 별로 특별하지는 않았던 것 같아요.\n2 : 저희 반에서 저만 따로 떨어져서 앉아서 별로 좋지 않은 기억이... 언니는 그럼 배는 혹시 타고 어디 가본 적 있으세요?\n1 : 국내에서는 통통배부터 다양하게 타봤는데 아직 유람선은 못 타 봤어.\n2 : 저는 배를 이용해서 어디 가본 적은 없는 것 같아요.\n2 : 그 이후로 더 무섭기도 하고요 ㅠㅠ\n2 : 언니는 그럼 기차나 케이티엑스도 자주 이용하세요?\n1 : 응응. 무서웠다니 배에서 무슨 사고가 있었던 거야?\n2 : 아니요 저 말고 세월호 사고가 생각이  나서요 ㅠㅠ\n2 : 그때 많이 슬프고 두려웠거든요 ㅠㅠ\n1 : 맞아. 세월호 이후에 배를 탈 일이 있었는데 그 사건 때문인지 신분 확인에 철저했던 게 기억나.\n2 : 언니는 그럼 제일 많이 이용하는 게 지하철이겠네요 그쵸?\n1 : 전철이긴 한데 이제 그만 타게 재택하고 싶어~\n2 : 그쵸. 교통 이용 안 하고 집에만 있는 게 최고인 것 같아요. ㅠㅠ",
        "lines": [
          {
            "id": 1,
            "text": "1 : 자동차 운전해본 적 있어?",
            "norm_text": "자동차 운전해본 적 있어?",
            "speaker": {
              "id": "1번",
              "sex": "여성",
              "age": "30대"
            },
            "speechAct": "(지시) 질문하기",
            "morpheme": "자동차/NNG+운전/NNG+해/XSV+EC+본/VX+ETM+적/NNB+있/VA+어/EF"
          },
          {
            "id": 2,
            "text": "2 : 네네 저 2종 보통 있어요",
            "norm_text": "네네 저 2종 보통 있어요",
            "speaker": {
              "id": "2번",
              "sex": "남성",
              "age": "20대"
            },
            "speechAct": "(단언) 진술하기",
            "morpheme": "네네/IC+저/MM+2/SN+종/NNG+보통/NNG+있/VA+어요/EF"
          },
          {
            "id": 3,
            "text": "2 : 많이는 아니지만 해본 적 있어요",
            "norm_text": "많이는 아니지만 해본 적 있어요",
            "speaker": {
              "id": "2번",
              "sex": "남성",
              "age": "20대"
            },
            "speechAct": "(단언) 진술하기",
            "morpheme": "많이/MAG+는/JX+아니/VCN+지만/EC+해본/VX+EC+VX+ETM+적/NNB+있/VA+어요/EF"
          },
          {
            "id": 4,
            "text": "2 : 언니는요?",
            "norm_text": "언니는요?",
            "speaker": {
              "id": "2번",
              "sex": "남성",
              "age": "20대"
            },
            "speechAct": "(지시) 질문하기",
            "morpheme": "언니/NNG+는/JX+요/JX"
          },
          {
            "id": 5,
            "text": "1 : 난 아빠가 다시 배우고 오래서 장롱 면허야.",
            "norm_text": "난 아빠가 다시 배우고 오래서 장롱 면허야.",
            "speaker": {
              "id": "1번",
              "sex": "여성",
              "age": "30대"
            },
            "speechAct": "(단언) 진술하기",
            "morpheme": "난/NP+JX+아빠/NNG+가/JKS+다시/MAG+배우/VV+고/EC+오래/VV+서/EC+장롱면허/NNG+야/VCP+EF"
          },
          {
            "id": 6,
            "text": "1 : 운전할 때 무섭지 않았어?",
            "norm_text": "운전할 때 무섭지 않았어?",
            "speaker": {
              "id": "1번",
              "sex": "여성",
              "age": "30대"
            },
            "speechAct": "(지시) 질문하기",
            "morpheme": "운전/NNG+할/XSV+ETM+때/NNG+무섭/VA+지/EC+않/VX+았/EP+어/EF"
          },
          {
            "id": 7,
            "text": "2 : 무섭죠",
            "norm_text": "무섭죠",
            "speaker": {
              "id": "2번",
              "sex": "남성",
              "age": "20대"
            },
            "speechAct": "(단언) 진술하기",
            "morpheme": "무섭/VA+죠/EF"
          },
          {
            "id": 8,
            "text": "2 : 실제로 차도 긁었어요.",
            "norm_text": "실제로 차도 긁었어요.",
            "speaker": {
              "id": "2번",
              "sex": "남성",
              "age": "20대"
            },
            "speechAct": "(단언) 진술하기",
            "morpheme": "실제로/MAG+차/NNG+도/JX+긁/VV+었/EP+어요/EF"
          },
          {
            "id": 9,
            "text": "2 : 차끼리 사고 안 난 게 얼마나 다행인지...",
            "norm_text": "차끼리 사고 안 난 게 얼마나 다행인지...",
            "speaker": {
              "id": "2번",
              "sex": "남성",
              "age": "20대"
            },
            "speechAct": "(단언) 주장하기",
            "morpheme": "차/NNG+끼리/XSN+사고/NNG+안/MAG+난/VV+ETM+게/NNB+JKS+얼마나/MAG+다행/NNG+인지/VCP+EC+./SY+./SY"
          },
          {
            "id": 10,
            "text": "2 : 언니는 학원 다녀서 따셨어요?",
            "norm_text": "언니는 학원 다녀서 따셨어요?",
            "speaker": {
              "id": "2번",
              "sex": "남성",
              "age": "20대"
            },
            "speechAct": "(지시) 질문하기",
            "morpheme": "언니/NNG+는/JX+학원/NNG+다녀서/VV+EC+따/VV+셨/EP+EP+어요/EF"
          },
          {
            "id": 11,
            "text": "1 : 실기만 학원을 다녔었어.",
            "norm_text": "실기만 학원을 다녔었어.",
            "speaker": {
              "id": "1번",
              "sex": "여성",
              "age": "30대"
            },
            "speechAct": "(단언) 주장하기",
            "morpheme": "실기/NNG+만/JX+학원/NNG+을/JKO+다녔었/VV+EP+어/EF"
          },
          {
            "id": 12,
            "text": "1 : 처음 비행기 타봤던 건 언제야?",
            "norm_text": "처음 비행기 타봤던 건 언제야?",
            "speaker": {
              "id": "1번",
              "sex": "여성",
              "age": "30대"
            },
            "speechAct": "(지시) 질문하기",
            "morpheme": "처음/NNG+비행기/NNG+타/XSV+EC+봤/VX+EP+던/ETM+건/NNB+JX+언제/NP+야/VCP+EF"
          },
          {
            "id": 13,
            "text": "2 : 고등학교 때 수학여행이요",
            "norm_text": "고등학교 때 수학여행이요",
            "speaker": {
              "id": "2번",
              "sex": "남성",
              "age": "20대"
            },
            "speechAct": "(단언) 진술하기",
            "morpheme": "고등/NNG+학교/NNG+때/NNG+수학여행/NNG+이/VCP+요/EC"
          },
          {
            "id": 14,
            "text": "2 : 제주도를 비행기로 타고 갔거든요.",
            "norm_text": "제주도를 비행기로 타고 갔거든요.",
            "speaker": {
              "id": "2번",
              "sex": "남성",
              "age": "20대"
            },
            "speechAct": "(단언) 진술하기",
            "morpheme": "제주도/NNP+를/JKO+비행기/NNG+로/JKB+타/VV+고/EC+갔/VV+EP+거든요/EF"
          },
          {
            "id": 15,
            "text": "2 : 언니는 언제 비행기 처음 타셨어요?",
            "norm_text": "언니는 언제 비행기 처음 타셨어요?",
            "speaker": {
              "id": "2번",
              "sex": "남성",
              "age": "20대"
            },
            "speechAct": "(지시) 질문하기",
            "morpheme": "언니/NNG+는/JX+언제/MAG+비행기/NNG+처음/NNG+타/VV+셨/EP+EP+어요/EF"
          },
          {
            "id": 16,
            "text": "1 : 나도 같아.",
            "norm_text": "나도 같아.",
            "speaker": {
              "id": "1번",
              "sex": "여성",
              "age": "30대"
            },
            "speechAct": "(단언) 주장하기",
            "morpheme": "나/NP+도/JX+같/VA+아/EF"
          },
          {
            "id": 17,
            "text": "1 : 비행기 처음 탈 때 어땠었어?",
            "norm_text": "비행기 처음 탈 때 어땠었어?",
            "speaker": {
              "id": "1번",
              "sex": "여성",
              "age": "30대"
            },
            "speechAct": "(지시) 질문하기",
            "morpheme": "비행기/NNG+처음/NNG+탈/XPN+때/NNG+어땠었/VA+EP+어/EF"
          },
          {
            "id": 18,
            "text": "2 : 저는 별로 특별하지는 않았던 것 같아요.",
            "norm_text": "저는 별로 특별하지는 않았던 것 같아요.",
            "speaker": {
              "id": "2번",
              "sex": "남성",
              "age": "20대"
            },
            "speechAct": "(단언) 주장하기",
            "morpheme": "저/NP+는/JX+별로/MAG+특별/NNG+하/XSV+지/EC+는/JX+않/VX+았/EP+던/ETM+것/NNB+같/VA+아요/EF"
          },
          {
            "id": 19,
            "text": "2 : 저희 반에서 저만 따로 떨어져서 앉아서 별로 좋지 않은 기억이... 언니는 그럼 배는 혹시 타고 어디 가본 적 있으세요?",
            "norm_text": "저희 반에서 저만 따로 떨어져서 앉아서 별로 좋지 않은 기억이... 언니는 그럼 배는 혹시 타고 어디 가본 적 있으세요?",
            "speaker": {
              "id": "2번",
              "sex": "남성",
              "age": "20대"
            },
            "speechAct": "(단언) 진술하기",
            "morpheme": "저희/NP+반/NNG+에서/JKB+저/NP+만/JX+따로/MAG+떨어져서/VV+EC+앉/VV+아서/EC+별로/MAG+좋/VA+지/EC+않/VX+은/ETM+기억/NNG+이/JKS+./SY+./SY+언니/NNG+는/JX+그럼/MAJ+배/NNG+는/JX+혹시/MAG+타/VV+고/EC+어디/NP+가/JKS+본/VV+ETM+적/NNB+있/VA+으세요/EF"
          },
          {
            "id": 20,
            "text": "1 : 국내에서는 통통배부터 다양하게 타봤는데 아직 유람선은 못 타 봤어.",
            "norm_text": "국내에서는 통통배부터 다양하게 타봤는데 아직 유람선은 못 타 봤어.",
            "speaker": {
              "id": "1번",
              "sex": "여성",
              "age": "30대"
            },
            "speechAct": "(단언) 주장하기",
            "morpheme": "국내/NNG+에서/JKB+는/JX+통통배/NNG+부터/JX+다양/NNG+하/XSV+게/EC+타/VV+EC+봤/VX+EP+는데/EC+아직/MAG+유람선/NNG+은/JX+못/MAG+타/VV+EC+봤/VX+EP+어/EF"
          },
          {
            "id": 21,
            "text": "2 : 저는 배를 이용해서 어디 가본 적은 없는 것 같아요.",
            "norm_text": "저는 배를 이용해서 어디 가본 적은 없는 것 같아요.",
            "speaker": {
              "id": "2번",
              "sex": "남성",
              "age": "20대"
            },
            "speechAct": "(단언) 주장하기",
            "morpheme": "저/NP+는/JX+배/NNG+를/JKO+이용/NNG+해서/XSV+EC+어디/NP+가/JKS+본적/NNG+은/JX+없/VA+는/ETM+것/NNB+같/VA+아요/EF"
          },
          {
            "id": 22,
            "text": "2 : 그 이후로 더 무섭기도 하고요 ㅠㅠ",
            "norm_text": "그 이후로 더 무섭기도 하고요 ㅠㅠ",
            "speaker": {
              "id": "2번",
              "sex": "남성",
              "age": "20대"
            },
            "speechAct": "(단언) 주장하기",
            "morpheme": "그/MM+이후/NNG+로/JKB+더/MAG+무섭/VA+기/ETN+도/JX+하/VV+고요/EC+ㅠㅠ/UNKNOWN"
          },
          {
            "id": 23,
            "text": "2 : 언니는 그럼 기차나 케이티엑스도 자주 이용하세요?",
            "norm_text": "언니는 그럼 기차나 케이티엑스도 자주 이용하세요?",
            "speaker": {
              "id": "2번",
              "sex": "남성",
              "age": "20대"
            },
            "speechAct": "(지시) 질문하기",
            "morpheme": "언니/NNG+는/JX+그럼/MAJ+기차/NNG+나/JC+케이티엑스/NNG+도/JX+자주/MAG+이용/NNG+하/XSV+세요/EP+EF"
          },
          {
            "id": 24,
            "text": "1 : 응응. 무서웠다니 배에서 무슨 사고가 있었던 거야?",
            "norm_text": "응응. 무서웠다니 배에서 무슨 사고가 있었던 거야?",
            "speaker": {
              "id": "1번",
              "sex": "여성",
              "age": "30대"
            },
            "speechAct": "(지시) 질문하기",
            "morpheme": "응/IC+응/IC+무서웠/VA+EP+다니/EC+배/NNG+에서/JKB+무슨/MM+사고/NNG+가/JKS+있/VA+었/EP+던/ETM+거/NNB+야/VCP+EF"
          },
          {
            "id": 25,
            "text": "2 : 아니요 저 말고 세월호 사고가 생각이  나서요 ㅠㅠ",
            "norm_text": "아니요 저 말고 세월호 사고가 생각이  나서요 ㅠㅠ",
            "speaker": {
              "id": "2번",
              "sex": "남성",
              "age": "20대"
            },
            "speechAct": "(단언) 진술하기",
            "morpheme": "아니요/IC+저/NP+말/VV+고/EC+세월/NNG+호/NNBC+사고/NNG+가/JKS+생각/NNG+이나/JC+서요/NNG+ㅠㅠ/UNKNOWN"
          },
          {
            "id": 26,
            "text": "2 : 그때 많이 슬프고 두려웠거든요 ㅠㅠ",
            "norm_text": "그때 많이 슬프고 두려웠거든요 ㅠㅠ",
            "speaker": {
              "id": "2번",
              "sex": "남성",
              "age": "20대"
            },
            "speechAct": "(단언) 진술하기",
            "morpheme": "그때/NNG+많이/MAG+슬프/VA+고/EC+두려웠/VA+EP+거든요/EF+ㅠㅠ/UNKNOWN"
          },
          {
            "id": 27,
            "text": "1 : 맞아. 세월호 이후에 배를 탈 일이 있었는데 그 사건 때문인지 신분 확인에 철저했던 게 기억나.",
            "norm_text": "맞아. 세월호 이후에 배를 탈 일이 있었는데 그 사건 때문인지 신분 확인에 철저했던 게 기억나.",
            "speaker": {
              "id": "1번",
              "sex": "여성",
              "age": "30대"
            },
            "speechAct": "(단언) 주장하기",
            "morpheme": "맞/VV+아/EF+세월/NNG+호/NNBC+이후/NNG+에/JKB+배/NNG+를/JKO+탈일/NNG+이/JKS+있/VA+었/EP+는데/EC+그/MM+사건/NNG+때문/NNB+인지/VCP+EC+신분/NNG+확인/NNG+에/JKB+철저/NNG+했/XSV+EP+던/ETM+게/NNB+JKS+기억나/VV+EF"
          },
          {
            "id": 28,
            "text": "2 : 언니는 그럼 제일 많이 이용하는 게 지하철이겠네요 그쵸?",
            "norm_text": "언니는 그럼 제일 많이 이용하는 게 지하철이겠네요 그쵸?",
            "speaker": {
              "id": "2번",
              "sex": "남성",
              "age": "20대"
            },
            "speechAct": "(지시) 질문하기",
            "morpheme": "언니/NNG+는/JX+그럼/MAJ+제일/MAG+많이/MAG+이용/NNG+하/XSV+는/ETM+게/NNB+JKS+지하철/NNG+이/VCP+겠/EP+네요/EF+그쵸/IC"
          },
          {
            "id": 29,
            "text": "1 : 전철이긴 한데 이제 그만 타게 재택하고 싶어~",
            "norm_text": "전철이긴 한데 이제 그만 타게 재택하고 싶어~",
            "speaker": {
              "id": "1번",
              "sex": "여성",
              "age": "30대"
            },
            "speechAct": "(단언) 주장하기",
            "morpheme": "전철/NNG+이/VCP+긴/ETN+JX+한데/VX+EC+이제/MAG+그만/MAG+타/VV+게/EC+재택/NNG+하/XSV+고/EC+싶/VX+어/EC+~/SY"
          },
          {
            "id": 30,
            "text": "2 : 그쵸. 교통 이용 안 하고 집에만 있는 게 최고인 것 같아요. ㅠㅠ",
            "norm_text": "그쵸. 교통 이용 안 하고 집에만 있는 게 최고인 것 같아요. ㅠㅠ",
            "speaker": {
              "id": "2번",
              "sex": "남성",
              "age": "20대"
            },
            "speechAct": "(단언) 주장하기",
            "morpheme": "그쵸/IC+교통/NNG+이/JKS+용안/NNG+하/XSV+고/EC+집/NNG+에/JKB+만/JX+있/VX+는/ETM+게/NNB+JKS+최고/NNG+인/VCP+ETM+것/NNB+같/VA+아요/EF+ㅠㅠ/UNKNOWN"
          }
        ]
      }
    }
  ]
}