{
  "dataset": {
    "identifier": 166738,
    "name": "NATEON_26_03_set",
    "src_path": "/data/file/cubeManager/PROJECT001/7/txt20210826181628060715/NATEON_26_03_set/",
    "label_path": "/data/file/cubeManager/PROJECT001/7/txt20210826181628060715/NATEON_26_03_set/",
    "category": 2,
    "type": 0
  },
  "licenses": {
    "name": "Apache License 1.0",
    "url": "http://www.apache.org/licenses/LICENSE-1.0"
  },
  "info": [
    {
      "id": 721,
      "filename": "NATEON_26_03.txt",
      "title": "NATEON_26_03",
      "mediatype": "메신저",
      "medianame": "네이트온",
      "category": "일상대화",
      "date": "2021-08-26",
      "size": 1098,
      "annotations": {
        "subject": "교통",
        "speaker_type": "1:1",
        "size": 1098,
        "word_size": 342,
        "text": "1 : 내일 광화문 갈 일이 있는데 지하철 타고 가는 게 낫겠지?\n2 : 그래? 퇴근하고 가는 거야?\n2 : 그러면 아무래도 지하철이 좋을 거 같은데!\n1 : 응 내일 반차 내서 가는 거긴 해!\n1 : 찾아보니까 버스는 있는데 강남역 근처에서 타야 하는 거 같더라.\n1 : 버스 타는 건 오버겠지?\n2 : 아 반차 내고 가는 거면 점심 시간 좀 지나고겠네!\n2 : 버스는 몇 분 걸린다고 나와?\n2 : 버스는 좀 돌아가긴 해서 빠르게 가려면 지하철이 좋긴 할 텐데...\n1 : 그치? 점심 때라 길이 많이 막히진 않을 거 같은데... 지하철이 안전하긴 할 거 같아!\n1: 거리상으로는 별로 안 멀 텐데..\n2 : 맞아 ㅠㅠ\n2 : 버스는 그래서 시간적 여유가 있으면 타는 것도 괜찮은데 그게 아니면 난감할 때도 많아서 신중하게 생각하고 타게 되더라.\n1 : 맞아! 어렸을 때는 막 버스 타고 돌아다니는 거 좋아해서 시간도 많고 그냥 갈 곳 없는데 버스 타고 돌아다닌 적도 있다 ㅠㅠ\n2 : 와 나도 버스 타고 돌아다니는 거 진짜 해보고 싶었어!\n2 : 한 번도 해본 적 없는데 너 해봤구나! 키키\n2 : 추천할 만해?\n1 : 응 근데 진짜 너무 어릴 때야.\n1 : 고등학생 때 키키 하라는 공부는 안 하고 키키\n1 : 집 앞에서 버스 타고 갈아타고 갈아타서 경기도 하남까지 갔던 거 같아!\n1 : 그렇게 멀리는 안 갔었지!\n2 : 키키 근데 그때만의 또 느낌이랑 감성이 있어서 너무 괜찮은 시도였던 거 같은데?\n2 : 뭔가 기분 전환도 될 거 같고!\n1 : 맞아! 하하 생각해보니 지금도 매일 버스랑 지하철로 출퇴근하는데 그때 느낌이랑은 아주 아주 다르지.\n2 : 그치. 키키 이젠 뭔가 현실에 가까운 느낌이고 그때는 약간의 일탈 느낌이라...\n2: 나중에 시간 되면 버스나 지하철로도 한 번 해보고 싶다!\n1 : 맞아! 예전에 남양주 쪽에 물의 정원이라고 한강 끼고 있는 넓은 공원 있거든?\n1 : 거기 근처에 중앙선 역이 하나 있는데 지하철 타고 가니까 되게 좋더라!\n2: 오! 처음 들어봐!\n2 : 나중에 한번 가봐야겠다 키키\n2 : 한강에 공원이라니 생각만 해도 힐링이야.\n1 : 응 나중에 가봐!\n1 : 진짜 괜찮아!\n1 : 차로 가도 되긴 하고 하하\n2 : 응응 그래야겠다!\n2 : 날 선선해지면 다녀와야지! 하하",
        "lines": [
          {
            "id": 1,
            "text": "1 : 내일 광화문 갈 일이 있는데 지하철 타고 가는 게 낫겠지?",
            "norm_text": "내일 광화문 갈 일이 있는데 지하철 타고 가는 게 낫겠지?",
            "speaker": {
              "id": "1번",
              "sex": "여성",
              "age": "30대"
            },
            "speechAct": "(지시) 질문하기",
            "morpheme": "내일/MAG+광화문/NNG+갈일/NNG+이/JKS+있/VV+는데/EC+지하철/NNG+타/VV+고/EC+가/VX+는/ETM+게/NNB+JKS+낫/VA+겠/EP+지/EF"
          },
          {
            "id": 2,
            "text": "2 : 그래? 퇴근하고 가는 거야?",
            "norm_text": "그래? 퇴근하고 가는 거야?",
            "speaker": {
              "id": "2번",
              "sex": "여성",
              "age": "20대"
            },
            "speechAct": "(지시) 질문하기",
            "morpheme": "그래/IC+퇴근/NNG+하/XSV+고/EC+가/VX+는/ETM+거/NNB+야/VCP+EF"
          },
          {
            "id": 3,
            "text": "2 : 그러면 아무래도 지하철이 좋을 거 같은데!",
            "norm_text": "그러면 아무래도 지하철이 좋을 거 같은데!",
            "speaker": {
              "id": "2번",
              "sex": "여성",
              "age": "20대"
            },
            "speechAct": "(단언) 주장하기",
            "morpheme": "그러면/MAJ+아무래도/MAG+지하철/NNG+이/JKS+좋/VA+을/ETM+거/NNB+같/VA+은데/EF"
          },
          {
            "id": 4,
            "text": "1 : 응 내일 반차 내서 가는 거긴 해!",
            "norm_text": "응 내일 반차 내서 가는 거긴 해!",
            "speaker": {
              "id": "1번",
              "sex": "여성",
              "age": "30대"
            },
            "speechAct": "(단언) 진술하기",
            "morpheme": "응/IC+내/NP+JKG+일반/NNG+차내/VV+서/EC+가/VX+는/ETM+거/NNB+긴/VCP+ETN+JX+해/VX+EF"
          },
          {
            "id": 5,
            "text": "1 : 찾아보니까 버스는 있는데 강남역 근처에서 타야 하는 거 같더라.",
            "norm_text": "찾아보니까 버스는 있는데 강남역 근처에서 타야 하는 거 같더라.",
            "speaker": {
              "id": "1번",
              "sex": "여성",
              "age": "30대"
            },
            "speechAct": "(단언) 진술하기",
            "morpheme": "찾아보/VV+니까/EC+버스/NNG+는/JX+있/VX+는데/EC+강남역/NNP+근처/NNG+에서/JKB+타/VV+야/EC+하/VV+는/ETM+거/NNB+같/VA+더라/EF"
          },
          {
            "id": 6,
            "text": "1 : 버스 타는 건 오버겠지?",
            "norm_text": "버스 타는 건 오버겠지?",
            "speaker": {
              "id": "1번",
              "sex": "여성",
              "age": "30대"
            },
            "speechAct": "(지시) 질문하기",
            "morpheme": "버스/NNG+타/VV+는/ETM+건/NNB+JX+오버/NNG+겠/VCP+EP+지/EF"
          },
          {
            "id": 7,
            "text": "2 : 아 반차 내고 가는 거면 점심 시간 좀 지나고겠네!",
            "norm_text": "아 반차 내고 가는 거면 점심 시간 좀 지나고겠네!",
            "speaker": {
              "id": "2번",
              "sex": "여성",
              "age": "20대"
            },
            "speechAct": "(단언) 주장하기",
            "morpheme": "아반/NNG+차내/VV+고/EC+가/VX+는/ETM+거/NNB+면/VCP+EC+점심/NNG+시간/NNG+좀/MAG+지나/VV+고/EC+겠/EP+네/EF"
          },
          {
            "id": 8,
            "text": "2 : 버스는 몇 분 걸린다고 나와?",
            "norm_text": "버스는 몇 분 걸린다고 나와?",
            "speaker": {
              "id": "2번",
              "sex": "여성",
              "age": "20대"
            },
            "speechAct": "(지시) 질문하기",
            "morpheme": "버스/NNG+는/JX+몇/MM+분/NNBC+걸린다고/VV+EC+나와/VV+EF"
          },
          {
            "id": 9,
            "text": "2 : 버스는 좀 돌아가긴 해서 빠르게 가려면 지하철이 좋긴 할 텐데...",
            "norm_text": "버스는 좀 돌아가긴 해서 빠르게 가려면 지하철이 좋긴 할 텐데...",
            "speaker": {
              "id": "2번",
              "sex": "여성",
              "age": "20대"
            },
            "speechAct": "(단언) 주장하기",
            "morpheme": "버스/NNG+는/JX+좀/MAG+돌아가/VV+긴/ETN+JX+해서/VV+EC+빠르/VA+게/EC+가/VX+려면/EC+지하철/NNG+이/JKS+좋/VA+긴/ETN+JX+할텐데/VX+ETM+NNB+VCP+EF+./SY"
          },
          {
            "id": 10,
            "text": "1 : 그치? 점심 때라 길이 많이 막히진 않을 거 같은데... 지하철이 안전하긴 할 거 같아!",
            "norm_text": "그치? 점심 때라 길이 많이 막히진 않을 거 같은데... 지하철이 안전하긴 할 거 같아!",
            "speaker": {
              "id": "1번",
              "sex": "여성",
              "age": "30대"
            },
            "speechAct": "(단언) 주장하기",
            "morpheme": "그치/IC+점심때/NNG+라/VCP+EC+길/NNG+이/JKS+많이/MAG+막히/VV+진/EC+JX+않/VX+을/ETM+거/NNB+같/VA+은데/EF+./SY+지하철/NNG+이/JKS+안전/NNG+하/XSV+긴/ETN+JX+할/VX+ETM+거/NNB+같/VA+아/EF"
          },
          {
            "id": 11,
            "text": "1: 거리상으로는 별로 안 멀 텐데..",
            "norm_text": "거리상으로는 별로 안 멀 텐데..",
            "speaker": {
              "id": "1번",
              "sex": "여성",
              "age": "30대"
            },
            "speechAct": "(단언) 진술하기",
            "morpheme": "거리/NNG+상/XSN+으로/JKB+는/JX+별로/MAG+안/MAG+멀/VA+ETM+텐데/NNB+VCP+EC+./SY"
          },
          {
            "id": 12,
            "text": "2 : 맞아 ㅠㅠ",
            "norm_text": "맞아 ㅠㅠ",
            "speaker": {
              "id": "2번",
              "sex": "여성",
              "age": "20대"
            },
            "speechAct": "(단언) 진술하기",
            "morpheme": "맞아ㅠㅠ/UNKNOWN"
          },
          {
            "id": 13,
            "text": "2 : 버스는 그래서 시간적 여유가 있으면 타는 것도 괜찮은데 그게 아니면 난감할 때도 많아서 신중하게 생각하고 타게 되더라.",
            "norm_text": "버스는 그래서 시간적 여유가 있으면 타는 것도 괜찮은데 그게 아니면 난감할 때도 많아서 신중하게 생각하고 타게 되더라.",
            "speaker": {
              "id": "2번",
              "sex": "여성",
              "age": "20대"
            },
            "speechAct": "(단언) 주장하기",
            "morpheme": "버스/NNG+는/JX+그래서/MAJ+시간/NNG+적/XSN+여유/NNG+가/JKS+있/VA+으면/EC+타/VV+는/ETM+것/NNB+도/JX+괜찮/VA+은데/EC+그게/NP+JKC+아니/VCN+면/EC+난감/XR+할/XSA+ETM+때/NNG+도/JX+많/VA+아서/EC+신중/NNG+하/XSV+게/EC+생각/NNG+하/XSV+고/EC+타/VV+게/EC+되/VV+더라/EF"
          },
          {
            "id": 14,
            "text": "1 : 맞아! 어렸을 때는 막 버스 타고 돌아다니는 거 좋아해서 시간도 많고 그냥 갈 곳 없는데 버스 타고 돌아다닌 적도 있다 ㅠㅠ",
            "norm_text": "맞아! 어렸을 때는 막 버스 타고 돌아다니는 거 좋아해서 시간도 많고 그냥 갈 곳 없는데 버스 타고 돌아다닌 적도 있다 ㅠㅠ",
            "speaker": {
              "id": "1번",
              "sex": "여성",
              "age": "30대"
            },
            "speechAct": "(단언) 진술하기",
            "morpheme": "맞/VV+아/EF+어렸을때는막버스타고돌아다니는거좋아해서시간도많고그냥갈곳없는데버스타고돌아다닌적도있다ㅠㅠ/UNKNOWN"
          },
          {
            "id": 15,
            "text": "2 : 와 나도 버스 타고 돌아다니는 거 진짜 해보고 싶었어!",
            "norm_text": "와 나도 버스 타고 돌아다니는 거 진짜 해보고 싶었어!",
            "speaker": {
              "id": "2번",
              "sex": "여성",
              "age": "20대"
            },
            "speechAct": "(단언) 주장하기",
            "morpheme": "와나/NNP+도/JX+버스/NNG+타/VV+고/EC+돌아다니/VV+는/ETM+거/NNB+진짜/MAG+해/VV+EC+보/VX+고/EC+싶/VX+었/EP+어/EF"
          },
          {
            "id": 16,
            "text": "2 : 한 번도 해본 적 없는데 너 해봤구나! 키키",
            "norm_text": "한 번도 해본 적 없는데 너 해봤구나! 키키",
            "speaker": {
              "id": "2번",
              "sex": "여성",
              "age": "20대"
            },
            "speechAct": "(단언) 주장하기",
            "morpheme": "한/MM+번/NNBC+도/JX+해/VV+EC+본/VX+ETM+적/NNB+없/VA+는데/EC+너/NP+해/VV+EC+봤/VX+EP+구나/EF+키/NNG+키/XSV+ETN"
          },
          {
            "id": 17,
            "text": "2 : 추천할 만해?",
            "norm_text": "추천할 만해?",
            "speaker": {
              "id": "2번",
              "sex": "여성",
              "age": "20대"
            },
            "speechAct": "(지시) 질문하기",
            "morpheme": "추천/NNG+할/XSV+ETM+만/NNB+해/XSA+EF"
          },
          {
            "id": 18,
            "text": "1 : 응 근데 진짜 너무 어릴 때야.",
            "norm_text": "응 근데 진짜 너무 어릴 때야.",
            "speaker": {
              "id": "1번",
              "sex": "여성",
              "age": "30대"
            },
            "speechAct": "(단언) 진술하기",
            "morpheme": "응/IC+근데/MAJ+진짜/MAG+너무/MAG+어릴/VA+ETM+때/NNG+야/VCP+EF"
          },
          {
            "id": 19,
            "text": "1 : 고등학생 때 키키 하라는 공부는 안 하고 키키",
            "norm_text": "고등학생 때 키키 하라는 공부는 안 하고 키키",
            "speaker": {
              "id": "1번",
              "sex": "여성",
              "age": "30대"
            },
            "speechAct": "(단언) 주장하기",
            "morpheme": "고등/NNG+학생/NNG+때/NNG+키/NNG+키/NNG+하/XSV+라는/ETM+공부/NNG+는/JX+안/MAG+하/VV+고/EC+키/NNG+키/XSV+ETN"
          },
          {
            "id": 20,
            "text": "1 : 집 앞에서 버스 타고 갈아타고 갈아타서 경기도 하남까지 갔던 거 같아!",
            "norm_text": "집 앞에서 버스 타고 갈아타고 갈아타서 경기도 하남까지 갔던 거 같아!",
            "speaker": {
              "id": "1번",
              "sex": "여성",
              "age": "30대"
            },
            "speechAct": "(단언) 진술하기",
            "morpheme": "집/NNG+앞/NNG+에서/JKB+버스/NNG+타/VV+고/EC+갈아타/VV+고/EC+갈아타/VV+서/EC+경기도/NNP+하남/NNP+까지/JX+갔/VV+EP+던/ETM+거/NNB+같/VA+아/EF"
          },
          {
            "id": 21,
            "text": "1 : 그렇게 멀리는 안 갔었지!",
            "norm_text": "그렇게 멀리는 안 갔었지!",
            "speaker": {
              "id": "1번",
              "sex": "여성",
              "age": "30대"
            },
            "speechAct": "(단언) 진술하기",
            "morpheme": "그렇게/MAG+멀리/MAG+는/JX+안/MAG+갔었/VV+EP+지/EF"
          },
          {
            "id": 22,
            "text": "2 : 키키 근데 그때만의 또 느낌이랑 감성이 있어서 너무 괜찮은 시도였던 거 같은데?",
            "norm_text": "키키 근데 그때만의 또 느낌이랑 감성이 있어서 너무 괜찮은 시도였던 거 같은데?",
            "speaker": {
              "id": "2번",
              "sex": "여성",
              "age": "20대"
            },
            "speechAct": "(지시) 질문하기",
            "morpheme": "키/NNG+키/XSV+ETN+근데/MAJ+그때/NNG+만/JX+의/JKG+또/MAG+느낌/NNG+이랑/JKB+감성/NNG+이/JKS+있/VV+어서/EC+너무/MAG+괜찮/VA+은/ETM+시도/NNG+였/VCP+EP+던/ETM+거/NNB+같/VA+은데/EF"
          },
          {
            "id": 23,
            "text": "2 : 뭔가 기분 전환도 될 거 같고!",
            "norm_text": "뭔가 기분 전환도 될 거 같고!",
            "speaker": {
              "id": "2번",
              "sex": "여성",
              "age": "20대"
            },
            "speechAct": "(단언) 주장하기",
            "morpheme": "뭔가/NP+VCP+EC+기분/NNG+전환/NNG+도/JX+될/VV+ETM+거/NNB+같/VA+고/EC"
          },
          {
            "id": 24,
            "text": "1 : 맞아! 하하 생각해보니 지금도 매일 버스랑 지하철로 출퇴근하는데 그때 느낌이랑은 아주 아주 다르지.",
            "norm_text": "맞아! 하하 생각해보니 지금도 매일 버스랑 지하철로 출퇴근하는데 그때 느낌이랑은 아주 아주 다르지.",
            "speaker": {
              "id": "1번",
              "sex": "여성",
              "age": "30대"
            },
            "speechAct": "(단언) 주장하기",
            "morpheme": "맞/VV+아/EF+하하/MAG+생각/NNG+해/XSV+EC+보/VX+니/EC+지금/NNG+도/JX+매일/MAG+버스/NNG+랑/JKB+지하철/NNG+로/JKB+출퇴근/NNG+하/XSV+는/ETM+데/NNB+그때/NNG+느낌/NNG+이랑/JKB+은/JX+아주/MAG+아주/MAG+다르/VA+지/EF"
          },
          {
            "id": 25,
            "text": "2 : 그치. 키키 이젠 뭔가 현실에 가까운 느낌이고 그때는 약간의 일탈 느낌이라...",
            "norm_text": "그치. 키키 이젠 뭔가 현실에 가까운 느낌이고 그때는 약간의 일탈 느낌이라...",
            "speaker": {
              "id": "2번",
              "sex": "여성",
              "age": "20대"
            },
            "speechAct": "(단언) 주장하기",
            "morpheme": "그치/IC+키키이젠뭔가현실에가까운느낌이고그때는약간의일탈느낌이라/UNKNOWN+./SY"
          },
          {
            "id": 26,
            "text": "2: 나중에 시간 되면 버스나 지하철로도 한 번 해보고 싶다!",
            "norm_text": "나중에 시간 되면 버스나 지하철로도 한 번 해보고 싶다!",
            "speaker": {
              "id": "2번",
              "sex": "여성",
              "age": "20대"
            },
            "speechAct": "(단언) 주장하기",
            "morpheme": "나중/NNG+에/JKB+시간/NNG+되/XSV+면/EC+버스/NNG+나/JC+지하철/NNG+로/JKB+도/JX+한/MM+번/NNBC+해/VV+EC+보/VX+고/EC+싶/VX+다/EF"
          },
          {
            "id": 27,
            "text": "1 : 맞아! 예전에 남양주 쪽에 물의 정원이라고 한강 끼고 있는 넓은 공원 있거든?",
            "norm_text": "맞아! 예전에 남양주 쪽에 물의 정원이라고 한강 끼고 있는 넓은 공원 있거든?",
            "speaker": {
              "id": "1번",
              "sex": "여성",
              "age": "30대"
            },
            "speechAct": "(지시) 질문하기",
            "morpheme": "맞/VV+아/EF+예전/NNG+에/JKB+남양주/NNG+쪽/NNB+에/JKB+물/NNG+의/JKG+정원/NNG+이/VCP+라고/EC+한강/NNP+끼/NNB+VCP+고/EC+있/VX+는/ETM+넓/VA+은/ETM+공원/NNG+있/VA+거든/EF"
          },
          {
            "id": 28,
            "text": "1 : 거기 근처에 중앙선 역이 하나 있는데 지하철 타고 가니까 되게 좋더라!",
            "norm_text": "거기 근처에 중앙선 역이 하나 있는데 지하철 타고 가니까 되게 좋더라!",
            "speaker": {
              "id": "1번",
              "sex": "여성",
              "age": "30대"
            },
            "speechAct": "(단언) 주장하기",
            "morpheme": "거기/NP+근처/NNG+에/JKB+중앙/NNG+선역/NNG+이/JKS+하/VV+나/EC+있/VX+는데/EC+지하철/NNG+타/VV+고/EC+가/VX+니까/EC+되게/MAG+좋/VA+더라/EF"
          },
          {
            "id": 29,
            "text": "2: 오! 처음 들어봐!",
            "norm_text": "오! 처음 들어봐!",
            "speaker": {
              "id": "2번",
              "sex": "여성",
              "age": "20대"
            },
            "speechAct": "(단언) 진술하기",
            "morpheme": "오/IC+처음/MAG+들/VV+어/EC+봐/VX+EF"
          },
          {
            "id": 30,
            "text": "2 : 나중에 한번 가봐야겠다 키키",
            "norm_text": "나중에 한번 가봐야겠다 키키",
            "speaker": {
              "id": "2번",
              "sex": "여성",
              "age": "20대"
            },
            "speechAct": "(단언) 주장하기",
            "morpheme": "나중/NNG+에/JKB+한/MM+번/NNBC+가/VV+봐야/EC+VX+EC+VX+겠/EP+다키키/NNP"
          },
          {
            "id": 31,
            "text": "2 : 한강에 공원이라니 생각만 해도 힐링이야.",
            "norm_text": "한강에 공원이라니 생각만 해도 힐링이야.",
            "speaker": {
              "id": "2번",
              "sex": "여성",
              "age": "20대"
            },
            "speechAct": "(단언) 주장하기",
            "morpheme": "한강/NNP+에/JKB+공원/NNG+이/VCP+라니/EC+생각/NNG+만/JX+해도/VV+EC+힐링/NNG+이/VCP+야/EF"
          },
          {
            "id": 32,
            "text": "1 : 응 나중에 가봐!",
            "norm_text": "응 나중에 가봐!",
            "speaker": {
              "id": "1번",
              "sex": "여성",
              "age": "30대"
            },
            "speechAct": "(지시) 충고/제안하기",
            "morpheme": "응/IC+나중/NNG+에/JKB+가/VV+EC+봐/VX+EF"
          },
          {
            "id": 33,
            "text": "1 : 진짜 괜찮아!",
            "norm_text": "진짜 괜찮아!",
            "speaker": {
              "id": "1번",
              "sex": "여성",
              "age": "30대"
            },
            "speechAct": "(단언) 주장하기",
            "morpheme": "진짜/MAG+괜찮/VA+아/EF"
          },
          {
            "id": 34,
            "text": "1 : 차로 가도 되긴 하고 하하",
            "norm_text": "차로 가도 되긴 하고 하하",
            "speaker": {
              "id": "1번",
              "sex": "여성",
              "age": "30대"
            },
            "speechAct": "(단언) 진술하기",
            "morpheme": "차/NNG+로/JKB+가도/NNG+되/XSV+긴/ETN+JX+하/VX+고/EC+하하/MAG"
          },
          {
            "id": 35,
            "text": "2 : 응응 그래야겠다!",
            "norm_text": "응응 그래야겠다!",
            "speaker": {
              "id": "2번",
              "sex": "여성",
              "age": "20대"
            },
            "speechAct": "(단언) 주장하기",
            "morpheme": "응응/MAG+그래야/VV+EC+VX+겠/EP+다/EF"
          },
          {
            "id": 36,
            "text": "2 : 날 선선해지면 다녀와야지! 하하",
            "norm_text": "날 선선해지면 다녀와야지! 하하",
            "speaker": {
              "id": "2번",
              "sex": "여성",
              "age": "20대"
            },
            "speechAct": "(단언) 주장하기",
            "morpheme": "날/NNG+선선/NNG+해/XSV+EC+지/VX+면/EC+다녀와야/VV+EC+VX+지/EF+하하/MAG"
          }
        ]
      }
    }
  ]
}