{
  "dataset": {
    "identifier": 129764,
    "name": "NATEON_43_13_set",
    "src_path": "/data/file/cubeManager/PROJECT001/84/txt20211104173553033079/NATEON_43_13_set/",
    "label_path": "/data/file/cubeManager/PROJECT001/84/txt20211104173553033079/NATEON_43_13_set/",
    "category": 2,
    "type": 0
  },
  "licenses": {
    "name": "Apache License 1.0",
    "url": "http://www.apache.org/licenses/LICENSE-1.0"
  },
  "info": [
    {
      "id": 137260,
      "filename": "NATEON_43_13.txt",
      "title": "NATEON_43_13",
      "mediatype": "메신저",
      "medianame": "네이트온",
      "category": "일상대화",
      "date": "2021-11-04",
      "size": 420,
      "annotations": {
        "subject": "계절/날씨",
        "speaker_type": "다자간 대화",
        "size": 420,
        "word_size": 156,
        "text": "1 : 우리 엄마 수면 양말 신음 키키\n2 : 아 벌써 꺼내셨구나 키키\n2 : 신을 때 됐지 키키\n3 : 아 진짜 신어야 해 지금\n1 : 우리 집이 추워진다는 건 겨울이 왔다는 것...\n2 : 맞아\n2 : 겨울이 슬슬 오는 거 같아 키키\n3 : 아 진짜 너무 추워 요즘\n1 : 이제 곧 거리에 붕어빵이 있겠군\n2 : 지금 전기장판 없이 못 살아\n2 : 헐 붕어빵!\n3 : 겨울이라 붕어빵 먹고 싶어 나도\n1 : 내 사랑 땅콩빵도 있겠지...\n2 : 나 오뎅 국물 너무 먹고 싶다... 키키\n3 : 진짜 전기장판 없이 못 살아\n1 : 그래도 바람 많이 부는 건 싫어 ㅠ\n2 : 어 맞아\n2 : 바람 불면 눈 뜨기 힘들어 키키\n3 : 오뎅 국물 아 맛있겠다 진짜\n1 : 거리에서 같이 어묵 먹자 헷\n2 : 좋아 좋아\n2 : 길거리 음식 최고지 키키\n3 : 땅콩빵도 먹고 싶다\n3 : 진짜 아 추워",
        "lines": [
          {
            "id": 1,
            "text": "1 : 우리 엄마 수면 양말 신음 키키",
            "norm_text": "우리 엄마 수면 양말 신음 키키",
            "speaker": {
              "id": "1번",
              "sex": "여성",
              "age": "20대"
            },
            "speechAct": "(단언) 진술하기",
            "morpheme": "우리/NP+엄마/NNG+수면/NNG+양말/NNG+신음/NNG+키/NNG+키/XSV+ETN"
          },
          {
            "id": 2,
            "text": "2 : 아 벌써 꺼내셨구나 키키",
            "norm_text": "아 벌써 꺼내셨구나 키키",
            "speaker": {
              "id": "2번",
              "sex": "남성",
              "age": "20대"
            },
            "speechAct": "(단언) 주장하기",
            "morpheme": "아/IC+벌써/MAG+꺼내/VV+셨/EP+EP+구나/EF+키/NNG+키/XSV+ETN"
          },
          {
            "id": 3,
            "text": "2 : 신을 때 됐지 키키",
            "norm_text": "신을 때 됐지 키키",
            "speaker": {
              "id": "2번",
              "sex": "남성",
              "age": "20대"
            },
            "speechAct": "(단언) 주장하기",
            "morpheme": "신/NNG+을/JKO+때/NNG+됐/XSV+EP+지/EC+키/NNG+키/XSV+ETN"
          },
          {
            "id": 4,
            "text": "3 : 아 진짜 신어야 해 지금",
            "norm_text": "아 진짜 신어야 해 지금",
            "speaker": {
              "id": "3번",
              "sex": "남성",
              "age": "20대"
            },
            "speechAct": "(단언) 주장하기",
            "morpheme": "아/IC+진짜/MAG+신/VV+어야/EC+해/VV+EC+지금/NNG"
          },
          {
            "id": 5,
            "text": "1 : 우리 집이 추워진다는 건 겨울이 왔다는 것...",
            "norm_text": "우리 집이 추워진다는 건 겨울이 왔다는 것...",
            "speaker": {
              "id": "1번",
              "sex": "여성",
              "age": "20대"
            },
            "speechAct": "(단언) 주장하기",
            "morpheme": "우리/NP+집/NNG+이/JKS+추워/VA+EC+진다는/VX+ETM+건/NNB+JX+겨울/NNG+이/JKS+왔/VV+EP+다는/ETM+것/NNB+./SY"
          },
          {
            "id": 6,
            "text": "2 : 맞아",
            "norm_text": "맞아",
            "speaker": {
              "id": "2번",
              "sex": "남성",
              "age": "20대"
            },
            "speechAct": "(단언) 주장하기",
            "morpheme": "맞/VV+아/EC"
          },
          {
            "id": 7,
            "text": "2 : 겨울이 슬슬 오는 거 같아 키키",
            "norm_text": "겨울이 슬슬 오는 거 같아 키키",
            "speaker": {
              "id": "2번",
              "sex": "남성",
              "age": "20대"
            },
            "speechAct": "(단언) 주장하기",
            "morpheme": "겨울/NNG+이/JKS+슬슬/MAG+오/VV+는/ETM+거/NNB+같/VA+아/EC+키/NNG+키/XSV+ETN"
          },
          {
            "id": 8,
            "text": "3 : 아 진짜 너무 추워 요즘",
            "norm_text": "아 진짜 너무 추워 요즘",
            "speaker": {
              "id": "3번",
              "sex": "남성",
              "age": "20대"
            },
            "speechAct": "(단언) 주장하기",
            "morpheme": "아/IC+진짜/MAG+너무/MAG+추워/VA+EC+요즘/NNG"
          },
          {
            "id": 9,
            "text": "1 : 이제 곧 거리에 붕어빵이 있겠군",
            "norm_text": "이제 곧 거리에 붕어빵이 있겠군",
            "speaker": {
              "id": "1번",
              "sex": "여성",
              "age": "20대"
            },
            "speechAct": "(단언) 주장하기",
            "morpheme": "이제/MAG+곧/MAG+거리/NNG+에/JKB+붕어빵/NNG+이/JKS+있/VA+겠/EP+군/EC"
          },
          {
            "id": 10,
            "text": "2 : 지금 전기장판 없이 못 살아",
            "norm_text": "지금 전기장판 없이 못 살아",
            "speaker": {
              "id": "2번",
              "sex": "남성",
              "age": "20대"
            },
            "speechAct": "(단언) 주장하기",
            "morpheme": "지금/MAG+전기장판/NNG+없이/MAG+못/MAG+살/VV+아/EC"
          },
          {
            "id": 11,
            "text": "2 : 헐 붕어빵!",
            "norm_text": "헐 붕어빵!",
            "speaker": {
              "id": "2번",
              "sex": "남성",
              "age": "20대"
            },
            "speechAct": "턴토크 사인(관습적 반응)",
            "morpheme": "헐/IC+붕어빵/NNG"
          },
          {
            "id": 12,
            "text": "3 : 겨울이라 붕어빵 먹고 싶어 나도",
            "norm_text": "겨울이라 붕어빵 먹고 싶어 나도",
            "speaker": {
              "id": "3번",
              "sex": "남성",
              "age": "20대"
            },
            "speechAct": "(단언) 주장하기",
            "morpheme": "겨울/NNG+이/VCP+라/EC+붕어빵/NNG+먹/VV+고/EC+싶/VX+어/EC+나/NP+도/JX"
          },
          {
            "id": 13,
            "text": "1 : 내 사랑 땅콩빵도 있겠지...",
            "norm_text": "내 사랑 땅콩빵도 있겠지...",
            "speaker": {
              "id": "1번",
              "sex": "여성",
              "age": "20대"
            },
            "speechAct": "(단언) 주장하기",
            "morpheme": "내사/NNP+랑/JC+땅콩/NNG+빵/NNG+도/JX+있/VA+겠/EP+지/EF+./SY"
          },
          {
            "id": 14,
            "text": "2 : 나 오뎅 국물 너무 먹고 싶다... 키키",
            "norm_text": "나 오뎅 국물 너무 먹고 싶다... 키키",
            "speaker": {
              "id": "2번",
              "sex": "남성",
              "age": "20대"
            },
            "speechAct": "(단언) 주장하기",
            "morpheme": "나/NP+오뎅/NNG+국물/NNG+너무/MAG+먹/VV+고/EC+싶/VX+다/EF+./SY+키/NNG+키/XSV+ETN"
          },
          {
            "id": 15,
            "text": "3 : 진짜 전기장판 없이 못 살아",
            "norm_text": "진짜 전기장판 없이 못 살아",
            "speaker": {
              "id": "3번",
              "sex": "남성",
              "age": "20대"
            },
            "speechAct": "(단언) 주장하기",
            "morpheme": "진짜/MAG+전기장판/NNG+없이/MAG+못/MAG+살/VV+아/EC"
          },
          {
            "id": 16,
            "text": "1 : 그래도 바람 많이 부는 건 싫어 ㅠ",
            "norm_text": "그래도 바람 많이 부는 건 싫어 ㅠ",
            "speaker": {
              "id": "1번",
              "sex": "여성",
              "age": "20대"
            },
            "speechAct": "(단언) 주장하기",
            "morpheme": "그래도/MAJ+바람/NNG+많이/MAG+부/VV+는/ETM+건/NNB+JX+싫/VA+어/EC+ㅠ/UNKNOWN"
          },
          {
            "id": 17,
            "text": "2 : 어 맞아",
            "norm_text": "어 맞아",
            "speaker": {
              "id": "2번",
              "sex": "남성",
              "age": "20대"
            },
            "speechAct": "(단언) 주장하기",
            "morpheme": "어/IC+맞/VV+아/EC"
          },
          {
            "id": 18,
            "text": "2 : 바람 불면 눈 뜨기 힘들어 키키",
            "norm_text": "바람 불면 눈 뜨기 힘들어 키키",
            "speaker": {
              "id": "2번",
              "sex": "남성",
              "age": "20대"
            },
            "speechAct": "(단언) 주장하기",
            "morpheme": "바람/NNG+불/VV+면/EC+눈뜨/VV+기/ETN+힘들/VA+어/EC+키/NNG+키/XSV+ETN"
          },
          {
            "id": 19,
            "text": "3 : 오뎅 국물 아 맛있겠다 진짜",
            "norm_text": "오뎅 국물 아 맛있겠다 진짜",
            "speaker": {
              "id": "3번",
              "sex": "남성",
              "age": "20대"
            },
            "speechAct": "(단언) 주장하기",
            "morpheme": "오뎅/NNG+국물/NNG+아/JKV+맛있/VA+겠/EP+다/EF+진짜/MAG"
          },
          {
            "id": 20,
            "text": "1 : 거리에서 같이 어묵 먹자 헷",
            "norm_text": "거리에서 같이 어묵 먹자 헷",
            "speaker": {
              "id": "1번",
              "sex": "여성",
              "age": "20대"
            },
            "speechAct": "(지시) 충고/제안하기",
            "morpheme": "거리/NNG+에서/JKB+같이/MAG+어묵/NNG+먹/VV+자/EC+헷/XPN"
          },
          {
            "id": 21,
            "text": "2 : 좋아 좋아",
            "norm_text": "좋아 좋아",
            "speaker": {
              "id": "2번",
              "sex": "남성",
              "age": "20대"
            },
            "speechAct": "(단언) 주장하기",
            "morpheme": "좋/VA+아/EC+좋/VA+아/EC"
          },
          {
            "id": 22,
            "text": "2 : 길거리 음식 최고지 키키",
            "norm_text": "길거리 음식 최고지 키키",
            "speaker": {
              "id": "2번",
              "sex": "남성",
              "age": "20대"
            },
            "speechAct": "(단언) 주장하기",
            "morpheme": "길거리/NNG+음식/NNG+최고/NNG+지키/NNP+키/NNG"
          },
          {
            "id": 23,
            "text": "3 : 땅콩빵도 먹고 싶다",
            "norm_text": "땅콩빵도 먹고 싶다",
            "speaker": {
              "id": "3번",
              "sex": "남성",
              "age": "20대"
            },
            "speechAct": "(단언) 주장하기",
            "morpheme": "땅콩/NNG+빵/NNG+도/JX+먹/VV+고/EC+싶/VX+다/EC"
          },
          {
            "id": 24,
            "text": "3 : 진짜 아 추워",
            "norm_text": "진짜 아 추워",
            "speaker": {
              "id": "3번",
              "sex": "남성",
              "age": "20대"
            },
            "speechAct": "(단언) 주장하기",
            "morpheme": "진짜/MAG+아/IC+추워/VA+EC"
          }
        ]
      }
    }
  ]
}