{
  "dataset": {
    "identifier": 127927,
    "name": "NATEON_39_02_set",
    "src_path": "/data/file/cubeManager/PROJECT001/84/txt20211108181225066669/NATEON_39_02_set/",
    "label_path": "/data/file/cubeManager/PROJECT001/84/txt20211108181225066669/NATEON_39_02_set/",
    "category": 2,
    "type": 0
  },
  "licenses": {
    "name": "Apache License 1.0",
    "url": "http://www.apache.org/licenses/LICENSE-1.0"
  },
  "info": [
    {
      "id": 141886,
      "filename": "NATEON_39_02.txt",
      "title": "NATEON_39_02",
      "mediatype": "메신저",
      "medianame": "네이트온",
      "category": "일상대화",
      "date": "2021-11-08",
      "size": 421,
      "annotations": {
        "subject": "주거와 생활",
        "speaker_type": "다자간 대화",
        "size": 421,
        "word_size": 148,
        "text": "1 : 이번에 집 이사했으니까 가구를 사러 가야지\n2 : 그럼 가구 쇼핑도 해줘야지 키키\n3 : 가구는 보통 어디서 사는 거야?\n1 : 오늘의 집 앱이나 직접 가서?\n2 : 아 진짜? 나는 가구점 직접 가 키키\n3 : 우리 엄마는 전에 가구 거리 가던데\n1 : 가구 거리? 거기는 어디야?\n2 : 어어 가구 거리 가면 볼 거 짱 많아 키키 좋아\n3 : 그거 지역마다 가구 파는 곳이 모여있어\n1 : 아 거기서 사면 더 저렴하게 살 수 있어?\n2 : 응 거기서 고를 수도 있고 더 저렴한 거 같던데 키키\n3 : 응 부산이면 동백전도 사용 가능~\n1 : 어 야 그게 개이득인데?\n2 : 키키 엄마랑 한번 같이 가 봐\n3 : 키키 그래 가족들이랑 같이 가야 돼\n1 : 응 안 그래도 지금 전화했어 하하\n2 : 엄마들 가구 볼 줄 알아서 키키 같이 가면 좋아\n3 : 그래 얼른 다녀 오시오~",
        "lines": [
          {
            "id": 1,
            "text": "1 : 이번에 집 이사했으니까 가구를 사러 가야지",
            "norm_text": "이번에 집 이사했으니까 가구를 사러 가야지",
            "speaker": {
              "id": "1번",
              "sex": "여성",
              "age": "20대"
            },
            "speechAct": "(단언) 주장하기",
            "morpheme": "이번/NNG+에/JKB+집/NNG+이사/NNG+했/XSV+EP+으니까/EC+가구/NNG+를/JKO+사/VV+러/EC+가/VX+야지/EC"
          },
          {
            "id": 2,
            "text": "2 : 그럼 가구 쇼핑도 해줘야지 키키",
            "norm_text": "그럼 가구 쇼핑도 해줘야지 키키",
            "speaker": {
              "id": "2번",
              "sex": "여성",
              "age": "20대"
            },
            "speechAct": "(단언) 주장하기",
            "morpheme": "그럼/MAJ+가구/NNG+쇼핑/NNG+도/JX+해줘야/VX+EC+VX+EC+VX+지/EC+키/NNG+키/XSV+ETN"
          },
          {
            "id": 3,
            "text": "3 : 가구는 보통 어디서 사는 거야?",
            "norm_text": "가구는 보통 어디서 사는 거야?",
            "speaker": {
              "id": "3번",
              "sex": "남성",
              "age": "20대"
            },
            "speechAct": "(지시) 질문하기",
            "morpheme": "가구/NNG+는/JX+보통/NNG+어디/NP+서/JKB+사/VV+는/ETM+거/NNB+야/VCP+EF"
          },
          {
            "id": 4,
            "text": "1 : 오늘의 집 앱이나 직접 가서?",
            "norm_text": "오늘의 집 앱이나 직접 가서?",
            "speaker": {
              "id": "1번",
              "sex": "여성",
              "age": "20대"
            },
            "speechAct": "(지시) 질문하기",
            "morpheme": "오늘/NNG+의/JKG+집/NNG+앱/NNG+이나/JC+직접/MAG+가/VV+서/EC"
          },
          {
            "id": 5,
            "text": "2 : 아 진짜? 나는 가구점 직접 가 키키",
            "norm_text": "아 진짜? 나는 가구점 직접 가 키키",
            "speaker": {
              "id": "2번",
              "sex": "여성",
              "age": "20대"
            },
            "speechAct": "(단언) 주장하기",
            "morpheme": "아/IC+진짜/MAG+나는가구점직접가키키/UNKNOWN"
          },
          {
            "id": 6,
            "text": "3 : 우리 엄마는 전에 가구 거리 가던데",
            "norm_text": "우리 엄마는 전에 가구 거리 가던데",
            "speaker": {
              "id": "3번",
              "sex": "남성",
              "age": "20대"
            },
            "speechAct": "(단언) 진술하기",
            "morpheme": "우리/NP+엄마/NNG+는/JX+전/NNG+에/JKB+가/VV+구/EC+거리/NNG+가/JKS+던데/VV+EC"
          },
          {
            "id": 7,
            "text": "1 : 가구 거리? 거기는 어디야?",
            "norm_text": "가구 거리? 거기는 어디야?",
            "speaker": {
              "id": "1번",
              "sex": "여성",
              "age": "20대"
            },
            "speechAct": "(지시) 질문하기",
            "morpheme": "가구/NNG+거리/XSV+거기/NP+는/JX+어디/NP+야/VCP+EF"
          },
          {
            "id": 8,
            "text": "2 : 어어 가구 거리 가면 볼 거 짱 많아 키키 좋아",
            "norm_text": "어어 가구 거리 가면 볼 거 짱 많아 키키 좋아",
            "speaker": {
              "id": "2번",
              "sex": "여성",
              "age": "20대"
            },
            "speechAct": "(단언) 주장하기",
            "morpheme": "어/IC+어/IC+가구/NNG+거리/NNG+가/VV+면/EC+볼/VX+ETM+거/NNB+짱/MAG+많/VA+아/EC+키/NNG+키/XSV+ETN+좋/VA+아/EC"
          },
          {
            "id": 9,
            "text": "3 : 그거 지역마다 가구 파는 곳이 모여있어",
            "norm_text": "그거 지역마다 가구 파는 곳이 모여있어",
            "speaker": {
              "id": "3번",
              "sex": "남성",
              "age": "20대"
            },
            "speechAct": "(단언) 진술하기",
            "morpheme": "그거/NP+지역/NNG+마다/JX+가/VV+구/EC+파/VV+는/ETM+곳/NNG+이/JKS+모여/VV+EC+있/VX+어/EC"
          },
          {
            "id": 10,
            "text": "1 : 아 거기서 사면 더 저렴하게 살 수 있어?",
            "norm_text": "아 거기서 사면 더 저렴하게 살 수 있어?",
            "speaker": {
              "id": "1번",
              "sex": "여성",
              "age": "20대"
            },
            "speechAct": "(지시) 질문하기",
            "morpheme": "아/IC+거기/NP+서/JKB+사/VV+면/EC+더/MAG+저렴/XR+하/XSA+게/EC+살/VV+ETM+수/NNB+있/VV+어/EF"
          },
          {
            "id": 11,
            "text": "2 : 응 거기서 고를 수도 있고 더 저렴한 거 같던데 키키",
            "norm_text": "응 거기서 고를 수도 있고 더 저렴한 거 같던데 키키",
            "speaker": {
              "id": "2번",
              "sex": "여성",
              "age": "20대"
            },
            "speechAct": "(단언) 진술하기",
            "morpheme": "응/IC+거기/NP+서/JKB+고를/VV+ETM+수/NNB+도/JX+있/VA+고/EC+더/MAG+저렴/XR+한/XSA+ETM+거/NNB+같/VA+던데/EC+키/NNG+키/XSV+ETN"
          },
          {
            "id": 12,
            "text": "3 : 응 부산이면 동백전도 사용 가능~",
            "norm_text": "응 부산이면 동백전도 사용 가능~",
            "speaker": {
              "id": "3번",
              "sex": "남성",
              "age": "20대"
            },
            "speechAct": "(단언) 진술하기",
            "morpheme": "응/IC+부산/NNP+이/VCP+면/EC+동백/NNG+전도/NNG+사용/NNG+가능/NNG+~/SY"
          },
          {
            "id": 13,
            "text": "1 : 어 야 그게 개이득인데?",
            "norm_text": "어 야 그게 개이득인데?",
            "speaker": {
              "id": "1번",
              "sex": "여성",
              "age": "20대"
            },
            "speechAct": "(단언) 진술하기",
            "morpheme": "어야/IC+그게/NP+JKS+개/NNG+이득/NNG+인데/VCP+EF"
          },
          {
            "id": 14,
            "text": "2 : 키키 엄마랑 한번 같이 가 봐",
            "norm_text": "키키 엄마랑 한번 같이 가 봐",
            "speaker": {
              "id": "2번",
              "sex": "여성",
              "age": "20대"
            },
            "speechAct": "(단언) 주장하기",
            "morpheme": "키/NNG+키/NNG+엄마/NNG+랑/JC+한/MM+번/NNBC+같이/MAG+가/VV+EC+봐/VX+EC"
          },
          {
            "id": 15,
            "text": "3 : 키키 그래 가족들이랑 같이 가야 돼",
            "norm_text": "키키 그래 가족들이랑 같이 가야 돼",
            "speaker": {
              "id": "3번",
              "sex": "남성",
              "age": "20대"
            },
            "speechAct": "(단언) 주장하기",
            "morpheme": "키/NNG+키/XSV+ETN+그래/VA+EC+가족/NNG+들/XSN+이랑/JKB+같이/MAG+가/VV+야/EC+돼/VV+EC"
          },
          {
            "id": 16,
            "text": "1 : 응 안 그래도 지금 전화했어 하하",
            "norm_text": "응 안 그래도 지금 전화했어 하하",
            "speaker": {
              "id": "1번",
              "sex": "여성",
              "age": "20대"
            },
            "speechAct": "(단언) 진술하기",
            "morpheme": "응/IC+안/MAG+그래도/VV+EC+지금/MAG+전화/NNG+했/XSV+EP+어/EC+하하/MAG"
          },
          {
            "id": 17,
            "text": "2 : 엄마들 가구 볼 줄 알아서 키키 같이 가면 좋아",
            "norm_text": "엄마들 가구 볼 줄 알아서 키키 같이 가면 좋아",
            "speaker": {
              "id": "2번",
              "sex": "여성",
              "age": "20대"
            },
            "speechAct": "(단언) 진술하기",
            "morpheme": "엄마/NNG+들/XSN+가/VV+구/EC+볼/VX+ETM+줄/NNB+알/VV+아서/EC+키/NNG+키/NNG+같이/JKB+가/VV+면/EC+좋/VA+아/EC"
          },
          {
            "id": 18,
            "text": "3 : 그래 얼른 다녀 오시오~",
            "norm_text": "그래 얼른 다녀 오시오~",
            "speaker": {
              "id": "3번",
              "sex": "남성",
              "age": "20대"
            },
            "speechAct": "(단언) 주장하기",
            "morpheme": "그래/IC+얼른/MAG+다녀오/VV+시/EP+오/EC+~/SY"
          }
        ]
      }
    }
  ]
}