{
  "dataset": {
    "identifier": 113852,
    "name": "NATEON_33_04_set",
    "src_path": "/data/file/cubeManager/PROJECT001/80/txt20211102173312087833/NATEON_33_04_set/",
    "label_path": "/data/file/cubeManager/PROJECT001/80/txt20211102173312087833/NATEON_33_04_set/",
    "category": 2,
    "type": 0
  },
  "licenses": {
    "name": "Apache License 1.0",
    "url": "http://www.apache.org/licenses/LICENSE-1.0"
  },
  "info": [
    {
      "id": 131856,
      "filename": "NATEON_33_04.txt",
      "title": "NATEON_33_04",
      "mediatype": "메신저",
      "medianame": "네이트온",
      "category": "일상대화",
      "date": "2021-11-02",
      "size": 479,
      "annotations": {
        "subject": "회사/아르바이트",
        "speaker_type": "다자간 대화",
        "size": 479,
        "word_size": 158,
        "text": "1 : 내 친구 이번에 개인카페 알바한대~\n2 : 아 진짜?\n2 : 개업 선물 보내 줘야겠네 키키\n3 : 개인 카페 은근히 힘든데ㅠ\n1 : 아 내 친구가 개업한건 아니고 하하\n2 : 자리는 좋은데 잘 잡은거 같아?\n3 : 키키 나도 다음에 놀러 가야겠다!\n1 : 응ㅎ 지하철역 근처라서 사람이 많아\n2 : 아 친구 개업아니고 알바라고 키키\n2 : 나 지금 이해 함 키키\n3 : 와, 그럼 출근시간대에 지옥이겠는데?\n1 : 키키 야 너 안경 제대로 낀거 맞지?\n2 : 나 요즘 눈 안좋잖아 키키\n2 : 이해 해줘 미안하다 키키\n3 : 키키 친구가 잘못 읽을수도 있지!\n1 : 아무튼 일손 부족하면 나도 도와주러 가려고\n2 : 맞아 ㅠㅠ 맨날 나 구박하고...\n2 : 웅 거기 바쁘면 좀 도와주고 용돈 받아 와 키키\n3 : 오, 그럼 나는 옆에서 스무디 시켜야지\n1 : 아, 스무디 진짜 까다로운데 뭐냐?\n2 : 나는 따뜻한 핫 초코~ 먹을게영 하하\n3 : 키키 카페는 무조건 스무디 시켜야하거든!",
        "lines": [
          {
            "id": 1,
            "text": "1 : 내 친구 이번에 개인카페 알바한대~",
            "norm_text": "내 친구 이번에 개인카페 알바한대~",
            "speaker": {
              "id": "1번",
              "sex": "여성",
              "age": "20대"
            },
            "speechAct": "(단언) 진술하기",
            "morpheme": "내/NP+JKG+친구/NNG+이번/NNG+에/JKB+개인/NNG+카페/NNG+알/VV+ETM+바/NNB+한대/VV+EC+~/SY"
          },
          {
            "id": 2,
            "text": "2 : 아 진짜?",
            "norm_text": "아 진짜?",
            "speaker": {
              "id": "2번",
              "sex": "여성",
              "age": "20대"
            },
            "speechAct": "턴토크 사인(관습적 반응)",
            "morpheme": "아/IC+진짜/MAG"
          },
          {
            "id": 3,
            "text": "2 : 개업 선물 보내 줘야겠네 키키",
            "norm_text": "개업 선물 보내 줘야겠네 키키",
            "speaker": {
              "id": "2번",
              "sex": "여성",
              "age": "20대"
            },
            "speechAct": "(단언) 주장하기",
            "morpheme": "개업/NNG+선물/NNG+보내/VV+줘야/EC+VX+EC+VX+겠/EP+네/EF+키/NNG+키/XSV+ETN"
          },
          {
            "id": 4,
            "text": "3 : 개인 카페 은근히 힘든데ㅠ",
            "norm_text": "개인 카페 은근히 힘든데ㅠ",
            "speaker": {
              "id": "3번",
              "sex": "남성",
              "age": "20대"
            },
            "speechAct": "(단언) 주장하기",
            "morpheme": "개인/NNG+카페/NNG+은근히/MAG+힘든/VA+ETM+데ㅠ/UNKNOWN"
          },
          {
            "id": 5,
            "text": "1 : 아 내 친구가 개업한건 아니고 하하",
            "norm_text": "아 내 친구가 개업한건 아니고 하하",
            "speaker": {
              "id": "1번",
              "sex": "여성",
              "age": "20대"
            },
            "speechAct": "(단언) 주장하기",
            "morpheme": "아내/NNG+친구/NNG+가/JKS+개업/NNG+한/XSA+ETM+건/NNB+JX+아니/VCN+고/EC+하하/MAG"
          },
          {
            "id": 6,
            "text": "2 : 자리는 좋은데 잘 잡은거 같아?",
            "norm_text": "자리는 좋은데 잘 잡은거 같아?",
            "speaker": {
              "id": "2번",
              "sex": "여성",
              "age": "20대"
            },
            "speechAct": "(지시) 질문하기",
            "morpheme": "자리/NNG+는/JX+좋/VA+은데/EC+잘/MAG+잡/VV+은/ETM+거/NNB+같/VA+아/EF"
          },
          {
            "id": 7,
            "text": "3 : 키키 나도 다음에 놀러 가야겠다!",
            "norm_text": "키키 나도 다음에 놀러 가야겠다!",
            "speaker": {
              "id": "3번",
              "sex": "남성",
              "age": "20대"
            },
            "speechAct": "(단언) 주장하기",
            "morpheme": "키/NNG+키나/XSA+ETN+JX+도/JX+다음/NNG+에/JKB+놀/VV+러/EC+가/VX+야겠다/EC+VX+EP+EF"
          },
          {
            "id": 8,
            "text": "1 : 응ㅎ 지하철역 근처라서 사람이 많아",
            "norm_text": "응ㅎ 지하철역 근처라서 사람이 많아",
            "speaker": {
              "id": "1번",
              "sex": "여성",
              "age": "20대"
            },
            "speechAct": "(단언) 주장하기",
            "morpheme": "응/XR+ㅎ/XSA+지하철역/NNG+근처/NNG+라서/VCP+EC+사람/NNG+이/JKS+많/VA+아/EC"
          },
          {
            "id": 9,
            "text": "2 : 아 친구 개업아니고 알바라고 키키",
            "norm_text": "아 친구 개업아니고 알바라고 키키",
            "speaker": {
              "id": "2번",
              "sex": "여성",
              "age": "20대"
            },
            "speechAct": "(단언) 진술하기",
            "morpheme": "아/IC+친구/NNG+개업/NNG+아니/VCN+고/EC+알/VV+ETM+바/NNB+라고/VCP+EC+키/NNG+키/XSV+ETN"
          },
          {
            "id": 10,
            "text": "2 : 나 지금 이해 함 키키",
            "norm_text": "나 지금 이해 함 키키",
            "speaker": {
              "id": "2번",
              "sex": "여성",
              "age": "20대"
            },
            "speechAct": "(단언) 진술하기",
            "morpheme": "나/NP+지금/MAG+이해/NNG+함/XSV+ETN+키/NNG+키/XSV+ETN"
          },
          {
            "id": 11,
            "text": "3 : 와, 그럼 출근시간대에 지옥이겠는데?",
            "norm_text": "와, 그럼 출근시간대에 지옥이겠는데?",
            "speaker": {
              "id": "3번",
              "sex": "남성",
              "age": "20대"
            },
            "speechAct": "(단언) 주장하기",
            "morpheme": "와/IC+,/SC+그럼/MAJ+출근/NNG+시간/NNG+대/XSN+에/JKB+지옥/NNG+이/VCP+겠/EP+는데/EF"
          },
          {
            "id": 12,
            "text": "1 : 키키 야 너 안경 제대로 낀거 맞지?",
            "norm_text": "키키 야 너 안경 제대로 낀거 맞지?",
            "speaker": {
              "id": "1번",
              "sex": "여성",
              "age": "20대"
            },
            "speechAct": "(지시) 질문하기",
            "morpheme": "키키/NNP+야/JKV+너/NP+안경/NNG+제대로/MAG+낀/VV+ETM+거/NNB+맞/VV+지/EF"
          },
          {
            "id": 13,
            "text": "2 : 나 요즘 눈 안좋잖아 키키",
            "norm_text": "나 요즘 눈 안좋잖아 키키",
            "speaker": {
              "id": "2번",
              "sex": "여성",
              "age": "20대"
            },
            "speechAct": "(단언) 진술하기",
            "morpheme": "나/NP+요즘/MAG+눈/NNG+안/MAG+좋/VA+잖아/EC+키/NNG+키/XSV+ETN"
          },
          {
            "id": 14,
            "text": "2 : 이해 해줘 미안하다 키키",
            "norm_text": "이해 해줘 미안하다 키키",
            "speaker": {
              "id": "2번",
              "sex": "여성",
              "age": "20대"
            },
            "speechAct": "(표현) 사과하기",
            "morpheme": "이해/NNG+해/XSV+EC+줘/VX+EC+미안/NNG+하/XSV+다키키/NNP"
          },
          {
            "id": 15,
            "text": "3 : 키키 친구가 잘못 읽을수도 있지!",
            "norm_text": "키키 친구가 잘못 읽을수도 있지!",
            "speaker": {
              "id": "3번",
              "sex": "남성",
              "age": "20대"
            },
            "speechAct": "(단언) 주장하기",
            "morpheme": "키/NNG+키/NNG+친구/NNG+가/JKS+잘못/MAG+읽/VV+을/ETM+수/NNB+도/JX+있/VA+지/EF"
          },
          {
            "id": 16,
            "text": "1 : 아무튼 일손 부족하면 나도 도와주러 가려고",
            "norm_text": "아무튼 일손 부족하면 나도 도와주러 가려고",
            "speaker": {
              "id": "1번",
              "sex": "여성",
              "age": "20대"
            },
            "speechAct": "(단언) 주장하기",
            "morpheme": "아무튼/MAJ+일손/NNG+부족/NNG+하/XSV+면/EC+나/NP+도/JX+도와/VV+EC+주/VX+러/EC+가/VX+려고/EC"
          },
          {
            "id": 17,
            "text": "2 : 맞아 ㅠㅠ 맨날 나 구박하고...",
            "norm_text": "맞아 ㅠㅠ 맨날 나 구박하고...",
            "speaker": {
              "id": "2번",
              "sex": "여성",
              "age": "20대"
            },
            "speechAct": "(단언) 진술하기",
            "morpheme": "맞아ㅠㅠ맨날나구박하고/UNKNOWN+./SY"
          },
          {
            "id": 18,
            "text": "2 : 웅 거기 바쁘면 좀 도와주고 용돈 받아 와 키키",
            "norm_text": "웅 거기 바쁘면 좀 도와주고 용돈 받아 와 키키",
            "speaker": {
              "id": "2번",
              "sex": "여성",
              "age": "20대"
            },
            "speechAct": "(지시) 충고/제안하기",
            "morpheme": "웅/IC+거기/NP+바쁘/VA+면/EC+좀/MAG+도와/VV+EC+주/VX+고/EC+용돈/NNG+받/VV+아/EC+와/JC+키/NNG+키/XSV+ETN"
          },
          {
            "id": 19,
            "text": "3 : 오, 그럼 나는 옆에서 스무디 시켜야지",
            "norm_text": "오, 그럼 나는 옆에서 스무디 시켜야지",
            "speaker": {
              "id": "3번",
              "sex": "남성",
              "age": "20대"
            },
            "speechAct": "(단언) 주장하기",
            "morpheme": "오/IC+,/SC+그럼/MAJ+나/NP+는/JX+옆/NNG+에서/JKB+스무/MM+디/NNG+시켜야/XSV+EC+VX+지/EC"
          },
          {
            "id": 20,
            "text": "1 : 아, 스무디 진짜 까다로운데 뭐냐?",
            "norm_text": "아, 스무디 진짜 까다로운데 뭐냐?",
            "speaker": {
              "id": "1번",
              "sex": "여성",
              "age": "20대"
            },
            "speechAct": "(지시) 질문하기",
            "morpheme": "아/IC+,/SC+스무디/NNP+진짜/MAG+까다로운데/VA+EC+뭐/NP+냐/VCP+EF"
          },
          {
            "id": 21,
            "text": "2 : 나는 따뜻한 핫 초코~ 먹을게영 하하",
            "norm_text": "나는 따뜻한 핫 초코~ 먹을게영 하하",
            "speaker": {
              "id": "2번",
              "sex": "여성",
              "age": "20대"
            },
            "speechAct": "(단언) 주장하기",
            "morpheme": "나/NP+는/JX+따뜻/XR+한/XSA+ETM+핫초코/NNP+~/SY+먹/VV+을/ETM+게/NNB+JKS+영하/NNG+하/XSV"
          },
          {
            "id": 22,
            "text": "3 : 키키 카페는 무조건 스무디 시켜야하거든!",
            "norm_text": "키키 카페는 무조건 스무디 시켜야하거든!",
            "speaker": {
              "id": "3번",
              "sex": "남성",
              "age": "20대"
            },
            "speechAct": "(단언) 주장하기",
            "morpheme": "키/NNG+키/NNG+카페/NNG+는/JX+무조건/MAG+스무디/NNP+시켜야/VV+EC+하/VX+거든/EF"
          }
        ]
      }
    }
  ]
}