{
  "dataset": {
    "identifier": 129725,
    "name": "NATEON_41_14_set",
    "src_path": "/data/file/cubeManager/PROJECT001/84/txt20211104173552097233/NATEON_41_14_set/",
    "label_path": "/data/file/cubeManager/PROJECT001/84/txt20211104173552097233/NATEON_41_14_set/",
    "category": 2,
    "type": 0
  },
  "licenses": {
    "name": "Apache License 1.0",
    "url": "http://www.apache.org/licenses/LICENSE-1.0"
  },
  "info": [
    {
      "id": 137221,
      "filename": "NATEON_41_14.txt",
      "title": "NATEON_41_14",
      "mediatype": "메신저",
      "medianame": "네이트온",
      "category": "일상대화",
      "date": "2021-11-04",
      "size": 434,
      "annotations": {
        "subject": "사회이슈",
        "speaker_type": "다자간 대화",
        "size": 434,
        "word_size": 155,
        "text": "1 : 대통령 후보로 누가 나오는지 알아?\n2 : 아니\n2 : 나 아직 몰라 키키\n3 : 대통령 후보?\n3 : 그거 벌써 정해진 거야?\n1 : 허경영이 또 나온다는 소문이...\n2 : 아 진짜?\n2 : 원래 계속해서 나오잖아 키키\n3 : 준표 형님은 이번에 안 나오시나\n1 : 그래서 오징어 게임 패러디 했더라 키키\n2 : 뭐야\n2 : 패러디 한 거 뭐야\n2 : 궁금해 키키\n3 : 벌써 그런 게 돌아다녀? 키키\n3 : 대단하다\n1 : 전에 나올 때도 빵상이었나? 키키\n1 : 웃겼어\n2 : 아 나도 보고 싶은데 키키\n2 : 어디서 봤어\n3 : 그런거 보면 바로 링크 날리라고 키키\n1 : 이제 곧 선거니까 후보들 좀 알아 놔야겠어\n2 : 어어\n2 : 내년이 선거잖아 키키\n3 : 선거 전화 안 왔으면 좋겠다\n1 : 어 내가 지금 링크 보낼께\n2 : 응 그거 보고 웃다 자야지 키키\n3 : 키키 패러디 기대되는데 빨리 보내",
        "lines": [
          {
            "id": 1,
            "text": "1 : 대통령 후보로 누가 나오는지 알아?",
            "norm_text": "대통령 후보로 누가 나오는지 알아?",
            "speaker": {
              "id": "1번",
              "sex": "여성",
              "age": "20대"
            },
            "speechAct": "(지시) 질문하기",
            "morpheme": "대통령/NNG+후보/NNG+로/JKB+누가/NP+JKS+나오/VV+는지/EC+알/VV+아/EF"
          },
          {
            "id": 2,
            "text": "2 : 아니",
            "norm_text": "아니",
            "speaker": {
              "id": "2번",
              "sex": "여성",
              "age": "20대"
            },
            "speechAct": "(단언) 진술하기",
            "morpheme": "아니/IC"
          },
          {
            "id": 3,
            "text": "2 : 나 아직 몰라 키키",
            "norm_text": "나 아직 몰라 키키",
            "speaker": {
              "id": "2번",
              "sex": "여성",
              "age": "20대"
            },
            "speechAct": "(단언) 진술하기",
            "morpheme": "나/NP+아직/MAG+몰라/VV+EC+키/NNG+키/XSV+ETN"
          },
          {
            "id": 4,
            "text": "3 : 대통령 후보?",
            "norm_text": "대통령 후보?",
            "speaker": {
              "id": "3번",
              "sex": "남성",
              "age": "20대"
            },
            "speechAct": "(지시) 질문하기",
            "morpheme": "대통령/NNG+후보/NNG"
          },
          {
            "id": 5,
            "text": "3 : 그거 벌써 정해진 거야?",
            "norm_text": "그거 벌써 정해진 거야?",
            "speaker": {
              "id": "3번",
              "sex": "남성",
              "age": "20대"
            },
            "speechAct": "(지시) 질문하기",
            "morpheme": "그거/NP+벌써/MAG+정해진/VV+EC+VX+ETM+거/NNB+야/VCP+EF"
          },
          {
            "id": 6,
            "text": "1 : 허경영이 또 나온다는 소문이...",
            "norm_text": "허경영이 또 나온다는 소문이...",
            "speaker": {
              "id": "1번",
              "sex": "여성",
              "age": "20대"
            },
            "speechAct": "(단언) 진술하기",
            "morpheme": "허경영/NNP+이/JKS+또/MAG+나온다는/VV+ETM+소문/NNG+이/JKS+./SY+./SY"
          },
          {
            "id": 7,
            "text": "2 : 아 진짜?",
            "norm_text": "아 진짜?",
            "speaker": {
              "id": "2번",
              "sex": "여성",
              "age": "20대"
            },
            "speechAct": "턴토크 사인(관습적 반응)",
            "morpheme": "아/IC+진짜/MAG"
          },
          {
            "id": 8,
            "text": "2 : 원래 계속해서 나오잖아 키키",
            "norm_text": "원래 계속해서 나오잖아 키키",
            "speaker": {
              "id": "2번",
              "sex": "여성",
              "age": "20대"
            },
            "speechAct": "(단언) 주장하기",
            "morpheme": "원래/MAG+계속/NNG+해서/XSV+EC+나오/VV+잖아/EC+키/NNG+키/XSV+ETN"
          },
          {
            "id": 9,
            "text": "3 : 준표 형님은 이번에 안 나오시나",
            "norm_text": "준표 형님은 이번에 안 나오시나",
            "speaker": {
              "id": "3번",
              "sex": "남성",
              "age": "20대"
            },
            "speechAct": "(단언) 주장하기",
            "morpheme": "준표/NNP+형/NNG+님/XSN+은/JX+이번/NNG+에/JKB+안/MAG+나오/VV+시/EP+나/EC"
          },
          {
            "id": 10,
            "text": "1 : 그래서 오징어 게임 패러디 했더라 키키",
            "norm_text": "그래서 오징어 게임 패러디 했더라 키키",
            "speaker": {
              "id": "1번",
              "sex": "여성",
              "age": "20대"
            },
            "speechAct": "(단언) 진술하기",
            "morpheme": "그래서/MAJ+오징어/NNG+게임/NNG+패러디/NNG+했/XSV+EP+더라/EF+키/NNG+키/XSV+ETN"
          },
          {
            "id": 11,
            "text": "2 : 뭐야",
            "norm_text": "뭐야",
            "speaker": {
              "id": "2번",
              "sex": "여성",
              "age": "20대"
            },
            "speechAct": "턴토크 사인(관습적 반응)",
            "morpheme": "뭐/NP+야/VCP+EF"
          },
          {
            "id": 12,
            "text": "2 : 패러디 한 거 뭐야",
            "norm_text": "패러디 한 거 뭐야",
            "speaker": {
              "id": "2번",
              "sex": "여성",
              "age": "20대"
            },
            "speechAct": "(지시) 질문하기",
            "morpheme": "패러디/NNG+한/XSA+ETM+거/NNB+뭐/NP+야/VCP+EF"
          },
          {
            "id": 13,
            "text": "2 : 궁금해 키키",
            "norm_text": "궁금해 키키",
            "speaker": {
              "id": "2번",
              "sex": "여성",
              "age": "20대"
            },
            "speechAct": "(단언) 주장하기",
            "morpheme": "궁금/XR+해/XSA+EC+키/NNG+키/XSV+ETN"
          },
          {
            "id": 14,
            "text": "3 : 벌써 그런 게 돌아다녀? 키키",
            "norm_text": "벌써 그런 게 돌아다녀? 키키",
            "speaker": {
              "id": "3번",
              "sex": "남성",
              "age": "20대"
            },
            "speechAct": "(지시) 질문하기",
            "morpheme": "벌써/MAG+그런/MM+게/NNB+JKS+돌아다녀/VV+EF+키/NNG+키/XSV+ETN"
          },
          {
            "id": 15,
            "text": "3 : 대단하다",
            "norm_text": "대단하다",
            "speaker": {
              "id": "3번",
              "sex": "남성",
              "age": "20대"
            },
            "speechAct": "(단언) 주장하기",
            "morpheme": "대단/XR+하/XSA+다/EC"
          },
          {
            "id": 16,
            "text": "1 : 전에 나올 때도 빵상이었나? 키키",
            "norm_text": "전에 나올 때도 빵상이었나? 키키",
            "speaker": {
              "id": "1번",
              "sex": "여성",
              "age": "20대"
            },
            "speechAct": "(단언) 진술하기",
            "morpheme": "전/NNG+에/JKB+나올/VV+ETM+때/NNG+도/JX+빵/NNG+상/XSN+이/VCP+었/EP+나/EF+키/NNG+키/XSV+ETN"
          },
          {
            "id": 17,
            "text": "1 : 웃겼어",
            "norm_text": "웃겼어",
            "speaker": {
              "id": "1번",
              "sex": "여성",
              "age": "20대"
            },
            "speechAct": "(단언) 주장하기",
            "morpheme": "웃겼/VV+EP+어/EC"
          },
          {
            "id": 18,
            "text": "2 : 아 나도 보고 싶은데 키키",
            "norm_text": "아 나도 보고 싶은데 키키",
            "speaker": {
              "id": "2번",
              "sex": "여성",
              "age": "20대"
            },
            "speechAct": "(단언) 주장하기",
            "morpheme": "아/IC+나/NP+도/JX+보/VV+고/EC+싶/VX+은데/EC+키/NNG+키/XSV+ETN"
          },
          {
            "id": 19,
            "text": "2 : 어디서 봤어",
            "norm_text": "어디서 봤어",
            "speaker": {
              "id": "2번",
              "sex": "여성",
              "age": "20대"
            },
            "speechAct": "(지시) 질문하기",
            "morpheme": "어디/NP+서/JKB+봤/VV+EP+어/EC"
          },
          {
            "id": 20,
            "text": "3 : 그런거 보면 바로 링크 날리라고 키키",
            "norm_text": "그런거 보면 바로 링크 날리라고 키키",
            "speaker": {
              "id": "3번",
              "sex": "남성",
              "age": "20대"
            },
            "speechAct": "(지시) 명령/요구하기",
            "morpheme": "그런/MM+거/NNB+보/VV+면/EC+바로/MAG+링크/NNG+날리/VV+라고/EC+키/NNG+키/XSV+ETN"
          },
          {
            "id": 21,
            "text": "1 : 이제 곧 선거니까 후보들 좀 알아 놔야겠어",
            "norm_text": "이제 곧 선거니까 후보들 좀 알아 놔야겠어",
            "speaker": {
              "id": "1번",
              "sex": "여성",
              "age": "20대"
            },
            "speechAct": "(언약) 약속하기(제3자와)/(개인적 수준)",
            "morpheme": "이제/MAG+곧선/VV+ETM+거/NNB+니까/VCP+EC+후보/NNG+들/XSN+좀/MAG+알/VV+아/EC+놔야/VX+EC+VX+겠/EP+어/EC"
          },
          {
            "id": 22,
            "text": "2 : 어어",
            "norm_text": "어어",
            "speaker": {
              "id": "2번",
              "sex": "여성",
              "age": "20대"
            },
            "speechAct": "턴토크 사인(관습적 반응)",
            "morpheme": "어/IC+어/IC"
          },
          {
            "id": 23,
            "text": "2 : 내년이 선거잖아 키키",
            "norm_text": "내년이 선거잖아 키키",
            "speaker": {
              "id": "2번",
              "sex": "여성",
              "age": "20대"
            },
            "speechAct": "(단언) 진술하기",
            "morpheme": "내년/NNG+이/JKS+선/VV+ETM+거/NNB+잖아/VCP+EC+VX+EC+키/NNG+키/XSV+ETN"
          },
          {
            "id": 24,
            "text": "3 : 선거 전화 안 왔으면 좋겠다",
            "norm_text": "선거 전화 안 왔으면 좋겠다",
            "speaker": {
              "id": "3번",
              "sex": "남성",
              "age": "20대"
            },
            "speechAct": "(단언) 주장하기",
            "morpheme": "선거/NNG+전화/NNG+안/MAG+왔/VV+EP+으면/EC+좋/VA+겠/EP+다/EC"
          },
          {
            "id": 25,
            "text": "1 : 어 내가 지금 링크 보낼께",
            "norm_text": "어 내가 지금 링크 보낼께",
            "speaker": {
              "id": "1번",
              "sex": "여성",
              "age": "20대"
            },
            "speechAct": "(언약) 약속하기(제3자와)/(개인적 수준)",
            "morpheme": "어/IC+내/NP+가/JKS+지금/MAG+링크/NNG+보낼/VV+ETM+께/NNB"
          },
          {
            "id": 26,
            "text": "2 : 응 그거 보고 웃다 자야지 키키",
            "norm_text": "응 그거 보고 웃다 자야지 키키",
            "speaker": {
              "id": "2번",
              "sex": "여성",
              "age": "20대"
            },
            "speechAct": "(단언) 주장하기",
            "morpheme": "응/IC+그거/NP+보고/JKB+웃/VV+다/EC+자/VV+야지/EC+키/NNG+키/XSV+ETN"
          },
          {
            "id": 27,
            "text": "3 : 키키 패러디 기대되는데 빨리 보내",
            "norm_text": "키키 패러디 기대되는데 빨리 보내",
            "speaker": {
              "id": "3번",
              "sex": "남성",
              "age": "20대"
            },
            "speechAct": "(지시) 명령/요구하기",
            "morpheme": "키키/NNP+패러디/NNP+기대/NNG+되/XSV+는데/EC+빨리/MAG+보내/VV+EC"
          }
        ]
      }
    }
  ]
}