{
  "dataset": {
    "identifier": 112064,
    "name": "NATEON_37_07_set",
    "src_path": "/data/file/cubeManager/PROJECT001/80/txt20211103151015017329/NATEON_37_07_set/",
    "label_path": "/data/file/cubeManager/PROJECT001/80/txt20211103151015017329/NATEON_37_07_set/",
    "category": 2,
    "type": 0
  },
  "licenses": {
    "name": "Apache License 1.0",
    "url": "http://www.apache.org/licenses/LICENSE-1.0"
  },
  "info": [
    {
      "id": 134450,
      "filename": "NATEON_37_07.txt",
      "title": "NATEON_37_07",
      "mediatype": "메신저",
      "medianame": "네이트온",
      "category": "일상대화",
      "date": "2021-11-03",
      "size": 395,
      "annotations": {
        "subject": "가족",
        "speaker_type": "다자간 대화",
        "size": 395,
        "word_size": 136,
        "text": "1 : 나 오늘 엄마랑 등산 다녀왔어\n2 : 오 엄마랑 어디로 갔다 왔어 키키\n3 : 오 엄마랑 간만에 등산?\n1 : 아 백양산 같이 다녀 왔어 하하\n2 : 거긴 어디에 있는 산이야?\n3 : 오, 근데 갑자기 왠 등산?\n1 : 여기 우리 집 앞에 산! 같이 가자고 하더라\n2 : 아아 집 앞이면 엄마랑 자주 올라 갔다 와 키키\n3 : 엄마가 너랑 같이 가고 싶었나 봐 하하\n1 : 응 엄마가 등산을 좋아하시더라고\n2 : 거긴 올라갔다 내려오는데 얼마나 걸려?\n3 : 아 엄마 취미가 등산이셔?\n1 : 음 총 3시간 정도?\n2 : 와 집 근처인데 산이 큰가 보다!\n3 : 와 그래도 엄청 오래 걸린다\n1 : 응 하하 엄마랑 종종 같이 다녀야겠어\n2 : 우리집 앞에 산은 30분이면 끝나는데 키키\n3 : 그래 하하 엄마랑 취미도 같이 공유해",
        "lines": [
          {
            "id": 1,
            "text": "1 : 나 오늘 엄마랑 등산 다녀왔어",
            "norm_text": "나 오늘 엄마랑 등산 다녀왔어",
            "speaker": {
              "id": "1번",
              "sex": "여성",
              "age": "20대"
            },
            "speechAct": "(단언) 진술하기",
            "morpheme": "나/NP+오늘/MAG+엄마/NNG+랑/JKB+등산/NNG+다녀왔/VV+EP+어/EC"
          },
          {
            "id": 2,
            "text": "2 : 오 엄마랑 어디로 갔다 왔어 키키",
            "norm_text": "오 엄마랑 어디로 갔다 왔어 키키",
            "speaker": {
              "id": "2번",
              "sex": "여성",
              "age": "20대"
            },
            "speechAct": "(단언) 진술하기",
            "morpheme": "오/NR+엄마/NNG+랑/JC+어디/NP+로/JKB+갔다왔/VV+EP+어/EC+키/NNG+키/XSV+ETN"
          },
          {
            "id": 3,
            "text": "3 : 오 엄마랑 간만에 등산?",
            "norm_text": "오 엄마랑 간만에 등산?",
            "speaker": {
              "id": "3번",
              "sex": "남성",
              "age": "20대"
            },
            "speechAct": "(지시) 질문하기",
            "morpheme": "오/NR+엄마/NNG+랑/JKB+간만에/MAG+등산/NNG"
          },
          {
            "id": 4,
            "text": "1 : 아 백양산 같이 다녀 왔어 하하",
            "norm_text": "아 백양산 같이 다녀 왔어 하하",
            "speaker": {
              "id": "1번",
              "sex": "여성",
              "age": "20대"
            },
            "speechAct": "(단언) 진술하기",
            "morpheme": "아/IC+백/NR+양산/NNG+같이/JKB+다녀왔/VV+EP+어/EC+하하/MAG"
          },
          {
            "id": 5,
            "text": "2 : 거긴 어디에 있는 산이야?",
            "norm_text": "거긴 어디에 있는 산이야?",
            "speaker": {
              "id": "2번",
              "sex": "여성",
              "age": "20대"
            },
            "speechAct": "(지시) 질문하기",
            "morpheme": "거긴/NP+JX+어디/NP+에/JKB+있/VV+는/ETM+산/NNG+이/VCP+야/EF"
          },
          {
            "id": 6,
            "text": "3 : 오, 근데 갑자기 왠 등산?",
            "norm_text": "오, 근데 갑자기 왠 등산?",
            "speaker": {
              "id": "3번",
              "sex": "남성",
              "age": "20대"
            },
            "speechAct": "(지시) 질문하기",
            "morpheme": "오/IC+,/SC+근데/MAJ+갑자기/MAG+왠/MM+등산/NNG"
          },
          {
            "id": 7,
            "text": "1 : 여기 우리 집 앞에 산! 같이 가자고 하더라",
            "norm_text": "여기 우리 집 앞에 산! 같이 가자고 하더라",
            "speaker": {
              "id": "1번",
              "sex": "여성",
              "age": "20대"
            },
            "speechAct": "(단언) 진술하기",
            "morpheme": "여기/NP+우리/NP+집/NNG+앞/NNG+에/JKB+산/NNG+같이/MAG+가/VV+자고/EC+하/VV+더라/EC"
          },
          {
            "id": 8,
            "text": "2 : 아아 집 앞이면 엄마랑 자주 올라 갔다 와 키키",
            "norm_text": "아아 집 앞이면 엄마랑 자주 올라 갔다 와 키키",
            "speaker": {
              "id": "2번",
              "sex": "여성",
              "age": "20대"
            },
            "speechAct": "(단언) 진술하기",
            "morpheme": "아아/IC+집/NNG+앞/NNG+이/VCP+면/EC+엄마/NNG+랑/JKB+자주/MAG+올라갔/VV+EP+다/EF+와/JC+키/NNG+키/XSV+ETN"
          },
          {
            "id": 9,
            "text": "3 : 엄마가 너랑 같이 가고 싶었나 봐 하하",
            "norm_text": "엄마가 너랑 같이 가고 싶었나 봐 하하",
            "speaker": {
              "id": "3번",
              "sex": "남성",
              "age": "20대"
            },
            "speechAct": "(단언) 주장하기",
            "morpheme": "엄마/NNG+가/JKS+너/NP+랑/JKB+같이/MAG+가/VV+고/EC+싶/VX+었/EP+나/EC+봐/VX+EF+하하/MAG"
          },
          {
            "id": 10,
            "text": "1 : 응 엄마가 등산을 좋아하시더라고",
            "norm_text": "응 엄마가 등산을 좋아하시더라고",
            "speaker": {
              "id": "1번",
              "sex": "여성",
              "age": "20대"
            },
            "speechAct": "(단언) 진술하기",
            "morpheme": "응/IC+엄마/NNG+가/JKS+등산/NNG+을/JKO+좋아하/VV+시더/EF+라고/JKQ"
          },
          {
            "id": 11,
            "text": "2 : 거긴 올라갔다 내려오는데 얼마나 걸려?",
            "norm_text": "거긴 올라갔다 내려오는데 얼마나 걸려?",
            "speaker": {
              "id": "2번",
              "sex": "여성",
              "age": "20대"
            },
            "speechAct": "(지시) 질문하기",
            "morpheme": "거긴/NP+JX+올라갔/VV+EP+다/EC+내려오/VV+는데/EC+얼마나/MAG+걸려/VV+EF"
          },
          {
            "id": 12,
            "text": "3 : 아 엄마 취미가 등산이셔?",
            "norm_text": "아 엄마 취미가 등산이셔?",
            "speaker": {
              "id": "3번",
              "sex": "남성",
              "age": "20대"
            },
            "speechAct": "(지시) 질문하기",
            "morpheme": "아/IC+엄마/NNG+취미/NNG+가/JKS+등산/NNG+이/VCP+셔/EP+EF"
          },
          {
            "id": 13,
            "text": "1 : 음 총 3시간 정도?",
            "norm_text": "음 총 3시간 정도?",
            "speaker": {
              "id": "1번",
              "sex": "여성",
              "age": "20대"
            },
            "speechAct": "(단언) 진술하기",
            "morpheme": "음/IC+총/MM+3/SN+시간/NNBC+정도/NNG"
          },
          {
            "id": 14,
            "text": "2 : 와 집 근처인데 산이 큰가 보다!",
            "norm_text": "와 집 근처인데 산이 큰가 보다!",
            "speaker": {
              "id": "2번",
              "sex": "여성",
              "age": "20대"
            },
            "speechAct": "(단언) 진술하기",
            "morpheme": "와/IC+집/NNG+근처/NNG+인데/VCP+EC+산/NNG+이/JKS+큰가/VA+EC+보/VX+다/EF"
          },
          {
            "id": 15,
            "text": "3 : 와 그래도 엄청 오래 걸린다",
            "norm_text": "와 그래도 엄청 오래 걸린다",
            "speaker": {
              "id": "3번",
              "sex": "남성",
              "age": "20대"
            },
            "speechAct": "(단언) 주장하기",
            "morpheme": "와/IC+그래도/MAJ+엄청/MAG+오래/MAG+걸린다/VV+EC"
          },
          {
            "id": 16,
            "text": "1 : 응 하하 엄마랑 종종 같이 다녀야겠어",
            "norm_text": "응 하하 엄마랑 종종 같이 다녀야겠어",
            "speaker": {
              "id": "1번",
              "sex": "여성",
              "age": "20대"
            },
            "speechAct": "(단언) 진술하기",
            "morpheme": "응/IC+하하/MAG+엄마/NNG+랑/JKB+종종/MAG+같이/MAG+다녀야/VV+EC+겠어/VX+EP+EC"
          },
          {
            "id": 17,
            "text": "2 : 우리집 앞에 산은 30분이면 끝나는데 키키",
            "norm_text": "우리집 앞에 산은 30분이면 끝나는데 키키",
            "speaker": {
              "id": "2번",
              "sex": "여성",
              "age": "20대"
            },
            "speechAct": "(단언) 주장하기",
            "morpheme": "우리/NP+집/NNG+앞/NNG+에/JKB+산/NNG+은/JX+30/SN+분/NNBC+이/VCP+면/EC+끝나/VV+는데/EC+키/NNG+키/XSV+ETN"
          },
          {
            "id": 18,
            "text": "3 : 그래 하하 엄마랑 취미도 같이 공유해",
            "norm_text": "그래 하하 엄마랑 취미도 같이 공유해",
            "speaker": {
              "id": "3번",
              "sex": "남성",
              "age": "20대"
            },
            "speechAct": "(단언) 주장하기",
            "morpheme": "그래/IC+하하/MAG+엄마/NNG+랑/JKB+취미/NNG+도/JX+같이/MAG+공유/NNG+해/XSV+EC"
          }
        ]
      }
    }
  ]
}