{
  "dataset": {
    "identifier": 112178,
    "name": "NATEON_35_05_set",
    "src_path": "/data/file/cubeManager/PROJECT001/80/txt20211103154238025484/NATEON_35_05_set/",
    "label_path": "/data/file/cubeManager/PROJECT001/80/txt20211103154238025484/NATEON_35_05_set/",
    "category": 2,
    "type": 0
  },
  "licenses": {
    "name": "Apache License 1.0",
    "url": "http://www.apache.org/licenses/LICENSE-1.0"
  },
  "info": [
    {
      "id": 135480,
      "filename": "NATEON_35_05.txt",
      "title": "NATEON_35_05",
      "mediatype": "메신저",
      "medianame": "네이트온",
      "category": "일상대화",
      "date": "2021-11-03",
      "size": 431,
      "annotations": {
        "subject": "군대",
        "speaker_type": "다자간 대화",
        "size": 431,
        "word_size": 140,
        "text": "1 : 요즘도 군대에서 위장크림 발라?\n2 : 웅 그거 화장품 가게에서 많이 사가지 않아?\n3 : 갑자기 위장 크림? 키키 사려고?\n1 : 갑자기 군대 예능보니까 생각나서 키키\n2 : 나 예전에 오빠 군대 갈 때 위장크림 화장품 가게에서 사서 보내줬는데 키키\n3 : 위장 크림 요즘도 바를 걸?\n1 : 아니 사실 내 친오빠가 그러더라고 위장크림\n2 : 웅 그거 안에도 파는데 피부에 별로래 ㅠㅠ\n3 : 위장크림 바르고 훈련 하셨데?\n1 : 바르고 훈련해서 눈 따가웠데 ㅠ\n2 : 아 그거 지우는 것도 엄청 일일듯...\n3 : 그거 눈에 들어가면 진짜 아파\n1 : 안그래도 눈 안 좋은데 ㅠ\n2 : 아이고 오빠 고생 많이 하셨겠네 ㅠㅠ\n3 : 지울때도 좀 조심해서 지우라고해\n1 : 응 그래야지~\n1 : 걱정해줘서 고마워\n2 : 눈 주변만 잘 피해서 잘 바르시라그래 ㅠㅠ\n3 : 응 진짜 걱정이다 정말 ㅠ",
        "lines": [
          {
            "id": 1,
            "text": "1 : 요즘도 군대에서 위장크림 발라?",
            "norm_text": "요즘도 군대에서 위장크림 발라?",
            "speaker": {
              "id": "1번",
              "sex": "여성",
              "age": "20대"
            },
            "speechAct": "(지시) 질문하기",
            "morpheme": "요즘/NNG+도/JX+군대/NNG+에서/JKB+위장/NNG+크림/NNG+발라/VV+EF"
          },
          {
            "id": 2,
            "text": "2 : 웅 그거 화장품 가게에서 많이 사가지 않아?",
            "norm_text": "웅 그거 화장품 가게에서 많이 사가지 않아?",
            "speaker": {
              "id": "2번",
              "sex": "여성",
              "age": "20대"
            },
            "speechAct": "(단언) 주장하기",
            "morpheme": "웅/IC+그거/NP+화장품/NNG+가게/NNG+에서/JKB+많이/MAG+사/VV+EC+가/VX+지/EC+않/VX+아/EF"
          },
          {
            "id": 3,
            "text": "3 : 갑자기 위장 크림? 키키 사려고?",
            "norm_text": "갑자기 위장 크림? 키키 사려고?",
            "speaker": {
              "id": "3번",
              "sex": "남성",
              "age": "20대"
            },
            "speechAct": "(지시) 질문하기",
            "morpheme": "갑자기/MAG+위장/NNG+크림/NNG+?/SY+키/NNG+키/XSV+ETN+사/VV+려고/EF"
          },
          {
            "id": 4,
            "text": "1 : 갑자기 군대 예능보니까 생각나서 키키",
            "norm_text": "갑자기 군대 예능보니까 생각나서 키키",
            "speaker": {
              "id": "1번",
              "sex": "여성",
              "age": "20대"
            },
            "speechAct": "(단언) 주장하기",
            "morpheme": "갑자기/MAG+군대/NNG+예능/NNG+보/VV+니까/EC+생각/NNG+나/NP+서/JKB+키/NNG+키/XSV+ETN"
          },
          {
            "id": 5,
            "text": "2 : 나 예전에 오빠 군대 갈 때 위장크림 화장품 가게에서 사서 보내줬는데 키키",
            "norm_text": "나 예전에 오빠 군대 갈 때 위장크림 화장품 가게에서 사서 보내줬는데 키키",
            "speaker": {
              "id": "2번",
              "sex": "여성",
              "age": "20대"
            },
            "speechAct": "(단언) 진술하기",
            "morpheme": "나/NP+예전/NNG+에/JKB+오빠/NNG+군대/NNG+갈/VV+ETM+때/NNG+위장/NNG+크림/NNG+화장품/NNG+가게/NNG+에서/JKB+사/VV+서/EC+보내/VV+EC+줬/VX+EP+는데/EC+키/NNG+키/XSV+ETN"
          },
          {
            "id": 6,
            "text": "3 : 위장 크림 요즘도 바를 걸?",
            "norm_text": "위장 크림 요즘도 바를 걸?",
            "speaker": {
              "id": "3번",
              "sex": "남성",
              "age": "20대"
            },
            "speechAct": "(단언) 주장하기",
            "morpheme": "위장/NNG+크림/NNG+요즘/NNG+도/JX+바를/VA+ETM+걸/NNB+JKO"
          },
          {
            "id": 7,
            "text": "1 : 아니 사실 내 친오빠가 그러더라고 위장크림",
            "norm_text": "아니 사실 내 친오빠가 그러더라고 위장크림",
            "speaker": {
              "id": "1번",
              "sex": "여성",
              "age": "20대"
            },
            "speechAct": "(단언) 주장하기",
            "morpheme": "아니/IC+사실/MAG+내/NP+JKG+친오빠/NNG+가/JKS+그러/VV+더라고/EC+위장/NNG+크림/NNG"
          },
          {
            "id": 8,
            "text": "2 : 웅 그거 안에도 파는데 피부에 별로래 ㅠㅠ",
            "norm_text": "웅 그거 안에도 파는데 피부에 별로래 ㅠㅠ",
            "speaker": {
              "id": "2번",
              "sex": "여성",
              "age": "20대"
            },
            "speechAct": "(단언) 진술하기",
            "morpheme": "웅/IC+그거/NP+안/NNG+에/JKB+도/JX+파/VV+는데/EC+피부/NNG+에/JKB+별로/MAG+래/VCP+EF+ㅠㅠ/UNKNOWN"
          },
          {
            "id": 9,
            "text": "3 : 위장크림 바르고 훈련 하셨데?",
            "norm_text": "위장크림 바르고 훈련 하셨데?",
            "speaker": {
              "id": "3번",
              "sex": "남성",
              "age": "20대"
            },
            "speechAct": "(지시) 질문하기",
            "morpheme": "위장/NNG+크림/NNG+바르/VV+고/EC+훈련/NNG+하/XSV+셨/EP+EP+데/EF"
          },
          {
            "id": 10,
            "text": "1 : 바르고 훈련해서 눈 따가웠데 ㅠ",
            "norm_text": "바르고 훈련해서 눈 따가웠데 ㅠ",
            "speaker": {
              "id": "1번",
              "sex": "여성",
              "age": "20대"
            },
            "speechAct": "(단언) 진술하기",
            "morpheme": "바르/VA+고/EC+훈련/NNG+해서/XSV+EC+눈/NNG+따가웠/VA+EP+데ㅠ/UNKNOWN"
          },
          {
            "id": 11,
            "text": "2 : 아 그거 지우는 것도 엄청 일일듯...",
            "norm_text": "아 그거 지우는 것도 엄청 일일듯...",
            "speaker": {
              "id": "2번",
              "sex": "여성",
              "age": "20대"
            },
            "speechAct": "(단언) 주장하기",
            "morpheme": "아/IC+그거/NP+지우/VV+는/ETM+것/NNB+도/JX+엄청/MAG+일/NNG+일/VCP+ETM+듯/NNB+./SY"
          },
          {
            "id": 12,
            "text": "3 : 그거 눈에 들어가면 진짜 아파",
            "norm_text": "그거 눈에 들어가면 진짜 아파",
            "speaker": {
              "id": "3번",
              "sex": "남성",
              "age": "20대"
            },
            "speechAct": "(단언) 진술하기",
            "morpheme": "그거/NP+눈/NNG+에/JKB+들어가/VV+면/EC+진짜/MAG+아파/VA+EC"
          },
          {
            "id": 13,
            "text": "1 : 안그래도 눈 안 좋은데 ㅠ",
            "norm_text": "안그래도 눈 안 좋은데 ㅠ",
            "speaker": {
              "id": "1번",
              "sex": "여성",
              "age": "20대"
            },
            "speechAct": "(단언) 진술하기",
            "morpheme": "안/MAG+그래도/VV+EC+눈/NNG+안/MAG+좋/VA+은/ETM+데ㅠ/UNKNOWN"
          },
          {
            "id": 14,
            "text": "2 : 아이고 오빠 고생 많이 하셨겠네 ㅠㅠ",
            "norm_text": "아이고 오빠 고생 많이 하셨겠네 ㅠㅠ",
            "speaker": {
              "id": "2번",
              "sex": "여성",
              "age": "20대"
            },
            "speechAct": "(단언) 주장하기",
            "morpheme": "아이고/IC+오빠/NNG+고생/NNG+많이/MAG+하/VV+셨/EP+EP+겠/EP+네/EF+ㅠㅠ/UNKNOWN"
          },
          {
            "id": 15,
            "text": "3 : 지울때도 좀 조심해서 지우라고해",
            "norm_text": "지울때도 좀 조심해서 지우라고해",
            "speaker": {
              "id": "3번",
              "sex": "남성",
              "age": "20대"
            },
            "speechAct": "(지시) 충고/제안하기",
            "morpheme": "지울/VV+ETM+때/NNG+도/JX+좀/MAG+조심/NNG+해서/XSV+EC+지우/VV+라고/EC+해/VV+EC"
          },
          {
            "id": 16,
            "text": "1 : 응 그래야지~",
            "norm_text": "응 그래야지~",
            "speaker": {
              "id": "1번",
              "sex": "여성",
              "age": "20대"
            },
            "speechAct": "(단언) 주장하기",
            "morpheme": "응/IC+그래야지/VV+EC+~/SY"
          },
          {
            "id": 17,
            "text": "1 : 걱정해줘서 고마워",
            "norm_text": "걱정해줘서 고마워",
            "speaker": {
              "id": "1번",
              "sex": "여성",
              "age": "20대"
            },
            "speechAct": "(단언) 주장하기",
            "morpheme": "걱정/NNG+해/XSV+EC+줘서/VX+EC+고마워/VA+EC"
          },
          {
            "id": 18,
            "text": "2 : 눈 주변만 잘 피해서 잘 바르시라그래 ㅠㅠ",
            "norm_text": "눈 주변만 잘 피해서 잘 바르시라그래 ㅠㅠ",
            "speaker": {
              "id": "2번",
              "sex": "여성",
              "age": "20대"
            },
            "speechAct": "(단언) 주장하기",
            "morpheme": "눈/NNG+주변/NNG+만/JX+잘/MAG+피해서/VV+EC+잘/MAG+바르/VV+시/EP+라/EC+그래/VV+EC+ㅠㅠ/UNKNOWN"
          },
          {
            "id": 19,
            "text": "3 : 응 진짜 걱정이다 정말 ㅠ",
            "norm_text": "응 진짜 걱정이다 정말 ㅠ",
            "speaker": {
              "id": "3번",
              "sex": "남성",
              "age": "20대"
            },
            "speechAct": "(단언) 주장하기",
            "morpheme": "응/IC+진짜/MAG+걱정/NNG+이/JKS+다/MAG+정말/MAG+ㅠ/UNKNOWN"
          }
        ]
      }
    }
  ]
}