{
  "dataset": {
    "identifier": 124870,
    "name": "NATEON_46_04_set",
    "src_path": "/data/file/cubeManager/PROJECT001/84/txt20211105113424001196/NATEON_46_04_set/",
    "label_path": "/data/file/cubeManager/PROJECT001/84/txt20211105113424001196/NATEON_46_04_set/",
    "category": 2,
    "type": 0
  },
  "licenses": {
    "name": "Apache License 1.0",
    "url": "http://www.apache.org/licenses/LICENSE-1.0"
  },
  "info": [
    {
      "id": 138919,
      "filename": "NATEON_46_04.txt",
      "title": "NATEON_46_04",
      "mediatype": "메신저",
      "medianame": "네이트온",
      "category": "일상대화",
      "date": "2021-11-05",
      "size": 396,
      "annotations": {
        "subject": "회사/아르바이트",
        "speaker_type": "다자간 대화",
        "size": 396,
        "word_size": 137,
        "text": "1 : 너 이번에 알바 그만뒀다며?\n2 : 응 맞아 나 짤린 거야... 키키\n3 : 무슨 알바 그만뒀어 또 키키\n1 : 왜 짤린 거야 그 꿀알바를\n2 : 맨날 지각한다고 그만 나오라고 짤렸어 키키\n3 : 진짜 그만 좀 짤려라 맘 아프게 키키\n1 : 아... 야 지각을 왜 하냐ㅠ\n2 : 아니 잠이 너무 많아서 못 일어나 ㅠㅠ\n3 : 지각 좀 그만해 너 정말로 키키\n1 : 너 알람 안 맞추고 잤어?\n2 : 나 눈뜨면 이미 출근 시간 돼있더라\n2 : ㅠㅠ 알람 안 들려...\n3 : 아 그래도 일어나야지 어린이도 아니고\n1 : 다음엔 알바 뭐 하려고?\n2 : 다음 알바는 카페라도 해볼까... 키키\n3 : 다음 알바 뭐야 궁금하다 키키\n1 : 내가 다른 자리 알아봐 줄께...\n2 : 다음 알바 추천 받아요..\n3 : 아 카페 좋긴 하다 좋아",
        "lines": [
          {
            "id": 1,
            "text": "1 : 너 이번에 알바 그만뒀다며?",
            "norm_text": "너 이번에 알바 그만뒀다며?",
            "speaker": {
              "id": "1번",
              "sex": "여성",
              "age": "20대"
            },
            "speechAct": "(지시) 질문하기",
            "morpheme": "너/NP+이번/NNG+에/JKB+알/VV+ETM+바/NNB+그만뒀/VV+EP+다며/EF"
          },
          {
            "id": 2,
            "text": "2 : 응 맞아 나 짤린 거야... 키키",
            "norm_text": "응 맞아 나 짤린 거야... 키키",
            "speaker": {
              "id": "2번",
              "sex": "남성",
              "age": "20대"
            },
            "speechAct": "(단언) 진술하기",
            "morpheme": "응/IC+맞/VV+아나/EC+짤린/VV+ETM+거/NNB+야/VCP+EF+./SY+키/NNG+키/XSV+ETN"
          },
          {
            "id": 3,
            "text": "3 : 무슨 알바 그만뒀어 또 키키",
            "norm_text": "무슨 알바 그만뒀어 또 키키",
            "speaker": {
              "id": "3번",
              "sex": "남성",
              "age": "20대"
            },
            "speechAct": "(지시) 질문하기",
            "morpheme": "무슨/MM+알/VV+ETM+바/NNB+그만뒀/VV+EP+어/EF+또/MAG+키/NNG+키/XSV+ETN"
          },
          {
            "id": 4,
            "text": "1 : 왜 짤린 거야 그 꿀알바를",
            "norm_text": "왜 짤린 거야 그 꿀알바를",
            "speaker": {
              "id": "1번",
              "sex": "여성",
              "age": "20대"
            },
            "speechAct": "(지시) 질문하기",
            "morpheme": "왜/MAG+짤린/VV+ETM+거/NNB+야/VCP+EF+그/MM+꿀/NNG+알/VV+ETM+바/NNB+를/JKO"
          },
          {
            "id": 5,
            "text": "2 : 맨날 지각한다고 그만 나오라고 짤렸어 키키",
            "norm_text": "맨날 지각한다고 그만 나오라고 짤렸어 키키",
            "speaker": {
              "id": "2번",
              "sex": "남성",
              "age": "20대"
            },
            "speechAct": "(단언) 진술하기",
            "morpheme": "맨날/MAG+지각/NNG+한다고/XSV+EC+그만/MAG+나오/VV+라고/EC+짤렸/VV+EP+어/EC+키/NNG+키/XSV+ETN"
          },
          {
            "id": 6,
            "text": "3 : 진짜 그만 좀 짤려라 맘 아프게 키키",
            "norm_text": "진짜 그만 좀 짤려라 맘 아프게 키키",
            "speaker": {
              "id": "3번",
              "sex": "남성",
              "age": "20대"
            },
            "speechAct": "(단언) 주장하기",
            "morpheme": "진짜/MAG+그만/MAG+좀/MAG+짤려/VV+EC+라/VCP+EC+맘/NNG+아프/VA+게/EC+키/NNG+키/XSV+ETN"
          },
          {
            "id": 7,
            "text": "1 : 아... 야 지각을 왜 하냐ㅠ",
            "norm_text": "아... 야 지각을 왜 하냐ㅠ",
            "speaker": {
              "id": "1번",
              "sex": "여성",
              "age": "20대"
            },
            "speechAct": "(단언) 주장하기",
            "morpheme": "아/IC+./SY+야지각을왜하냐ㅠ/UNKNOWN"
          },
          {
            "id": 8,
            "text": "2 : 아니 잠이 너무 많아서 못 일어나 ㅠㅠ",
            "norm_text": "아니 잠이 너무 많아서 못 일어나 ㅠㅠ",
            "speaker": {
              "id": "2번",
              "sex": "남성",
              "age": "20대"
            },
            "speechAct": "(단언) 진술하기",
            "morpheme": "아니/IC+잠/NNG+이/JKS+너무/MAG+많/VA+아서/EC+못/MAG+일어나/VV+EC+ㅠㅠ/UNKNOWN"
          },
          {
            "id": 9,
            "text": "3 : 지각 좀 그만해 너 정말로 키키",
            "norm_text": "지각 좀 그만해 너 정말로 키키",
            "speaker": {
              "id": "3번",
              "sex": "남성",
              "age": "20대"
            },
            "speechAct": "(단언) 주장하기",
            "morpheme": "지각/NNG+좀/MAG+그만/MAG+해/VV+EC+너/NP+정말로/MAG+키/NNG+키/XSV+ETN"
          },
          {
            "id": 10,
            "text": "1 : 너 알람 안 맞추고 잤어?",
            "norm_text": "너 알람 안 맞추고 잤어?",
            "speaker": {
              "id": "1번",
              "sex": "여성",
              "age": "20대"
            },
            "speechAct": "(지시) 질문하기",
            "morpheme": "너/NP+알/VV+람/EC+안/MAG+맞추/VV+고/EC+잤/VV+EP+어/EF"
          },
          {
            "id": 11,
            "text": "2 : 나 눈뜨면 이미 출근 시간 돼있더라",
            "norm_text": "나 눈뜨면 이미 출근 시간 돼있더라",
            "speaker": {
              "id": "2번",
              "sex": "남성",
              "age": "20대"
            },
            "speechAct": "(단언) 진술하기",
            "morpheme": "나/NP+눈뜨/VV+면/EC+이미/MAG+출근/NNG+시간/NNG+돼/XSV+EC+있/VX+더라/EC"
          },
          {
            "id": 12,
            "text": "2 : ㅠㅠ 알람 안 들려...",
            "norm_text": "ㅠㅠ 알람 안 들려...",
            "speaker": {
              "id": "2번",
              "sex": "남성",
              "age": "20대"
            },
            "speechAct": "(단언) 주장하기",
            "morpheme": "ㅠㅠ알람안들려/UNKNOWN+./SY"
          },
          {
            "id": 13,
            "text": "3 : 아 그래도 일어나야지 어린이도 아니고",
            "norm_text": "아 그래도 일어나야지 어린이도 아니고",
            "speaker": {
              "id": "3번",
              "sex": "남성",
              "age": "20대"
            },
            "speechAct": "(단언) 주장하기",
            "morpheme": "아/IC+그래도/MAJ+일어나/VV+야지/EC+어린이/NNG+도/JX+아니/VCN+고/EC"
          },
          {
            "id": 14,
            "text": "1 : 다음엔 알바 뭐 하려고?",
            "norm_text": "다음엔 알바 뭐 하려고?",
            "speaker": {
              "id": "1번",
              "sex": "여성",
              "age": "20대"
            },
            "speechAct": "(지시) 질문하기",
            "morpheme": "다음/NNG+엔/JKB+JX+알/VV+ETM+바/NNB+뭐/IC+하/VV+려고/EF"
          },
          {
            "id": 15,
            "text": "2 : 다음 알바는 카페라도 해볼까... 키키",
            "norm_text": "다음 알바는 카페라도 해볼까... 키키",
            "speaker": {
              "id": "2번",
              "sex": "남성",
              "age": "20대"
            },
            "speechAct": "(단언) 주장하기",
            "morpheme": "다음/NNG+알/VV+ETM+바/NNB+는/JX+카페/NNG+라도/VCP+EC+해/VV+EC+볼까/VX+EF+./SY+키/NNG+키/XSV+ETN"
          },
          {
            "id": 16,
            "text": "3 : 다음 알바 뭐야 궁금하다 키키",
            "norm_text": "다음 알바 뭐야 궁금하다 키키",
            "speaker": {
              "id": "3번",
              "sex": "남성",
              "age": "20대"
            },
            "speechAct": "(지시) 질문하기",
            "morpheme": "다음/NNG+알/VV+ETM+바/NNB+뭐/NP+야/VCP+EF+궁금/XR+하/XSA+다키키/NNP"
          },
          {
            "id": 17,
            "text": "1 : 내가 다른 자리 알아봐 줄께...",
            "norm_text": "내가 다른 자리 알아봐 줄께...",
            "speaker": {
              "id": "1번",
              "sex": "여성",
              "age": "20대"
            },
            "speechAct": "(단언) 주장하기",
            "morpheme": "내/NP+가/JKS+다른/MM+자리/NNG+알아봐/VV+EC+줄께/VX+EF+./SY"
          },
          {
            "id": 18,
            "text": "2 : 다음 알바 추천 받아요..",
            "norm_text": "다음 알바 추천 받아요..",
            "speaker": {
              "id": "2번",
              "sex": "남성",
              "age": "20대"
            },
            "speechAct": "(지시) 부탁하기",
            "morpheme": "다음/NNG+알바/NNP+추천/NNG+받/VV+아요/EF+./SY"
          },
          {
            "id": 19,
            "text": "3 : 아 카페 좋긴 하다 좋아",
            "norm_text": "아 카페 좋긴 하다 좋아",
            "speaker": {
              "id": "3번",
              "sex": "남성",
              "age": "20대"
            },
            "speechAct": "(단언) 주장하기",
            "morpheme": "아/IC+카페/NNG+좋/VA+긴/ETN+JX+하/VX+다/EC+좋/VA+아/EC"
          }
        ]
      }
    }
  ]
}