{
  "dataset": {
    "identifier": 123517,
    "name": "NATEON_44_06_set",
    "src_path": "/data/file/cubeManager/PROJECT001/84/txt202111051134230707108/NATEON_44_06_set/",
    "label_path": "/data/file/cubeManager/PROJECT001/84/txt202111051134230707108/NATEON_44_06_set/",
    "category": 2,
    "type": 0
  },
  "licenses": {
    "name": "Apache License 1.0",
    "url": "http://www.apache.org/licenses/LICENSE-1.0"
  },
  "info": [
    {
      "id": 138881,
      "filename": "NATEON_44_06.txt",
      "title": "NATEON_44_06",
      "mediatype": "메신저",
      "medianame": "네이트온",
      "category": "일상대화",
      "date": "2021-11-05",
      "size": 423,
      "annotations": {
        "subject": "교육",
        "speaker_type": "다자간 대화",
        "size": 423,
        "word_size": 151,
        "text": "1 : 오늘 중국어 말하기 시험 침 ㅠㅠ\n2 : 헐 오늘 드디어 ㅠ\n2 : 잘 봤어?\n3 : 대박 이제 시험은 다 끝난 거야?\n1 : 아 약간 성조 틀린 거 같아 ㅠ\n2 : 아 그럼 그거 점수에 안 좋으려나? ㅠㅠ\n3 : 한동안 공부만 했잖아 다 끝났으면 좀 쉬어\n1 : 몇 달 동안 준비했는데 ㅠㅠ\n2 : 그러니까 그거 준비한다고 공부만 했잖아 ㅠㅠ\n3 : 맞아 너 고생 엄청 했지 ㅠㅠ\n1 : 이번에 점수 안 좋으면 또 치려고...\n2 : 응 그럼 될 때까지 원래 하는 거야\n3 : 해봤으니 다음이 더 쉬울 수도 있어!\n1 : 그땐 학원의 힘을 빌리려고...\n2 : 아 맞아 학원 가서 하면 더 잘 배우겠지\n3 : 그래도 일단 결과 기다려보자 ㅠㅠ\n1 : 다들 내 점수를 위해 기도해줘...!\n2 : 그럼 그건 항상 하고 있었어 키키\n3 : 맞아 잘 봤을 거야\n3 : 키키 걱정 하지 마",
        "lines": [
          {
            "id": 1,
            "text": "1 : 오늘 중국어 말하기 시험 침 ㅠㅠ",
            "norm_text": "오늘 중국어 말하기 시험 침 ㅠㅠ",
            "speaker": {
              "id": "1번",
              "sex": "여성",
              "age": "20대"
            },
            "speechAct": "(단언) 진술하기",
            "morpheme": "오늘/MAG+중국어/NNG+말/NNG+하/XSV+기/ETN+시험침/NNG+ㅠㅠ/UNKNOWN"
          },
          {
            "id": 2,
            "text": "2 : 헐 오늘 드디어 ㅠ",
            "norm_text": "헐 오늘 드디어 ㅠ",
            "speaker": {
              "id": "2번",
              "sex": "여성",
              "age": "20대"
            },
            "speechAct": "(단언) 주장하기",
            "morpheme": "헐오늘드디어ㅠ/UNKNOWN"
          },
          {
            "id": 3,
            "text": "2 : 잘 봤어?",
            "norm_text": "잘 봤어?",
            "speaker": {
              "id": "2번",
              "sex": "여성",
              "age": "20대"
            },
            "speechAct": "(지시) 질문하기",
            "morpheme": "잘/MAG+봤/VV+EP+어/EF"
          },
          {
            "id": 4,
            "text": "3 : 대박 이제 시험은 다 끝난 거야?",
            "norm_text": "대박 이제 시험은 다 끝난 거야?",
            "speaker": {
              "id": "3번",
              "sex": "남성",
              "age": "20대"
            },
            "speechAct": "(지시) 질문하기",
            "morpheme": "대박/NNG+이제/MAG+시험/NNG+은/JX+다/MAG+끝난/VV+ETM+거/NNB+야/VCP+EF"
          },
          {
            "id": 5,
            "text": "1 : 아 약간 성조 틀린 거 같아 ㅠ",
            "norm_text": "아 약간 성조 틀린 거 같아 ㅠ",
            "speaker": {
              "id": "1번",
              "sex": "여성",
              "age": "20대"
            },
            "speechAct": "(단언) 진술하기",
            "morpheme": "아/IC+약간/MAG+성조/NNG+틀린/VV+ETM+거/NNB+같/VA+아/EC+ㅠ/UNKNOWN"
          },
          {
            "id": 6,
            "text": "2 : 아 그럼 그거 점수에 안 좋으려나? ㅠㅠ",
            "norm_text": "아 그럼 그거 점수에 안 좋으려나? ㅠㅠ",
            "speaker": {
              "id": "2번",
              "sex": "여성",
              "age": "20대"
            },
            "speechAct": "(지시) 질문하기",
            "morpheme": "아/IC+그럼/MAJ+그거/NP+점수/NNG+에/JKB+안/MAG+좋/VA+으려나/EF+ㅠㅠ/UNKNOWN"
          },
          {
            "id": 7,
            "text": "3 : 한동안 공부만 했잖아 다 끝났으면 좀 쉬어",
            "norm_text": "한동안 공부만 했잖아 다 끝났으면 좀 쉬어",
            "speaker": {
              "id": "3번",
              "sex": "남성",
              "age": "20대"
            },
            "speechAct": "(지시) 충고/제안하기",
            "morpheme": "한/MM+동안/NNG+공부/NNG+만/JX+했잖아/VV+EP+EC+VX+EC+다/MAG+끝났으면/VV+EP+EC+좀/MAG+쉬/VV+어/EC"
          },
          {
            "id": 8,
            "text": "1 : 몇 달 동안 준비했는데 ㅠㅠ",
            "norm_text": "몇 달 동안 준비했는데 ㅠㅠ",
            "speaker": {
              "id": "1번",
              "sex": "여성",
              "age": "20대"
            },
            "speechAct": "(단언) 진술하기",
            "morpheme": "몇/MM+달/NNBC+동안/NNG+준비/NNG+했/XSV+EP+는데/EC+ㅠㅠ/UNKNOWN"
          },
          {
            "id": 9,
            "text": "2 : 그러니까 그거 준비한다고 공부만 했잖아 ㅠㅠ",
            "norm_text": "그러니까 그거 준비한다고 공부만 했잖아 ㅠㅠ",
            "speaker": {
              "id": "2번",
              "sex": "여성",
              "age": "20대"
            },
            "speechAct": "(단언) 주장하기",
            "morpheme": "그러니까/MAJ+그거/NP+준비/NNG+한다고/XSV+EC+공부/NNG+만/JX+했잖아/VX+EP+EC+VX+EF+ㅠㅠ/UNKNOWN"
          },
          {
            "id": 10,
            "text": "3 : 맞아 너 고생 엄청 했지 ㅠㅠ",
            "norm_text": "맞아 너 고생 엄청 했지 ㅠㅠ",
            "speaker": {
              "id": "3번",
              "sex": "남성",
              "age": "20대"
            },
            "speechAct": "(단언) 주장하기",
            "morpheme": "맞/VV+아/EC+너/NP+고생/NNG+엄청/MAG+했/VV+EP+지/EF+ㅠㅠ/UNKNOWN"
          },
          {
            "id": 11,
            "text": "1 : 이번에 점수 안 좋으면 또 치려고...",
            "norm_text": "이번에 점수 안 좋으면 또 치려고...",
            "speaker": {
              "id": "1번",
              "sex": "여성",
              "age": "20대"
            },
            "speechAct": "(단언) 주장하기",
            "morpheme": "이번/NNG+에/JKB+점수/NNG+안/MAG+좋/VA+으면/EC+또/MAG+치/VV+려고/EF+./SY"
          },
          {
            "id": 12,
            "text": "2 : 응 그럼 될 때까지 원래 하는 거야",
            "norm_text": "응 그럼 될 때까지 원래 하는 거야",
            "speaker": {
              "id": "2번",
              "sex": "여성",
              "age": "20대"
            },
            "speechAct": "(단언) 주장하기",
            "morpheme": "응/IC+그럼/MAJ+될/VV+ETM+때/NNG+까지/JX+원래/NNG+하/XSV+는/ETM+거/NNB+야/VCP+EF"
          },
          {
            "id": 13,
            "text": "3 : 해봤으니 다음이 더 쉬울 수도 있어!",
            "norm_text": "해봤으니 다음이 더 쉬울 수도 있어!",
            "speaker": {
              "id": "3번",
              "sex": "남성",
              "age": "20대"
            },
            "speechAct": "(단언) 주장하기",
            "morpheme": "해/VV+EC+봤으니/VX+EP+EC+다음/NNG+이/JKS+더/MAG+쉬울/VA+ETM+수/NNB+도/JX+있/VA+어/EF"
          },
          {
            "id": 14,
            "text": "1 : 그땐 학원의 힘을 빌리려고...",
            "norm_text": "그땐 학원의 힘을 빌리려고...",
            "speaker": {
              "id": "1번",
              "sex": "여성",
              "age": "20대"
            },
            "speechAct": "(단언) 주장하기",
            "morpheme": "그/MM+땐/NNG+JX+학원/NNG+의/JKG+힘/NNG+을/JKO+빌리/VV+려고/EF+./SY"
          },
          {
            "id": 15,
            "text": "2 : 아 맞아 학원 가서 하면 더 잘 배우겠지",
            "norm_text": "아 맞아 학원 가서 하면 더 잘 배우겠지",
            "speaker": {
              "id": "2번",
              "sex": "여성",
              "age": "20대"
            },
            "speechAct": "(단언) 주장하기",
            "morpheme": "아/IC+맞/VV+아/EC+학원/NNG+가/VV+서/EC+하/VV+면/EC+더/MAG+잘/MAG+배우/VV+겠/EP+지/EC"
          },
          {
            "id": 16,
            "text": "3 : 그래도 일단 결과 기다려보자 ㅠㅠ",
            "norm_text": "그래도 일단 결과 기다려보자 ㅠㅠ",
            "speaker": {
              "id": "3번",
              "sex": "남성",
              "age": "20대"
            },
            "speechAct": "(지시) 충고/제안하기",
            "morpheme": "그래도/MAJ+일단/MAG+결과/NNG+기다려/VV+EC+보/VX+자/EC+ㅠㅠ/UNKNOWN"
          },
          {
            "id": 17,
            "text": "1 : 다들 내 점수를 위해 기도해줘...!",
            "norm_text": "다들 내 점수를 위해 기도해줘...!",
            "speaker": {
              "id": "1번",
              "sex": "여성",
              "age": "20대"
            },
            "speechAct": "(지시) 부탁하기",
            "morpheme": "다/MAG+들내/NNG+점수/NNG+를/JKO+위해/VV+EC+기도/NNG+해/XSV+EC+줘/VX+EF+./SY+./SY"
          },
          {
            "id": 18,
            "text": "2 : 그럼 그건 항상 하고 있었어 키키",
            "norm_text": "그럼 그건 항상 하고 있었어 키키",
            "speaker": {
              "id": "2번",
              "sex": "여성",
              "age": "20대"
            },
            "speechAct": "(단언) 주장하기",
            "morpheme": "그럼/MAJ+그건/NP+JX+항상/MAG+하/VV+고/EC+있/VX+었/EP+어/EC+키/NNG+키/XSV+ETN"
          },
          {
            "id": 19,
            "text": "3 : 맞아 잘 봤을 거야",
            "norm_text": "맞아 잘 봤을 거야",
            "speaker": {
              "id": "3번",
              "sex": "남성",
              "age": "20대"
            },
            "speechAct": "(단언) 주장하기",
            "morpheme": "맞/VV+아/EC+잘/MAG+봤/VV+EP+을/ETM+거/NNB+야/VCP+EF"
          },
          {
            "id": 20,
            "text": "3 : 키키 걱정 하지 마",
            "norm_text": "키키 걱정 하지 마",
            "speaker": {
              "id": "3번",
              "sex": "남성",
              "age": "20대"
            },
            "speechAct": "(단언) 주장하기",
            "morpheme": "키키/NNP+걱정하지마/NNP"
          }
        ]
      }
    }
  ]
}