{
  "dataset": {
    "identifier": 114741,
    "name": "NATEON_33_01_set",
    "src_path": "/data/file/cubeManager/PROJECT001/80/txt202111021733120860104/NATEON_33_01_set/",
    "label_path": "/data/file/cubeManager/PROJECT001/80/txt202111021733120860104/NATEON_33_01_set/",
    "category": 2,
    "type": 0
  },
  "licenses": {
    "name": "Apache License 1.0",
    "url": "http://www.apache.org/licenses/LICENSE-1.0"
  },
  "info": [
    {
      "id": 131853,
      "filename": "NATEON_33_01.txt",
      "title": "NATEON_33_01",
      "mediatype": "메신저",
      "medianame": "네이트온",
      "category": "일상대화",
      "date": "2021-11-02",
      "size": 420,
      "annotations": {
        "subject": "식음료",
        "speaker_type": "다자간 대화",
        "size": 420,
        "word_size": 143,
        "text": "1 : 나 지금 팥빙수 시켜 먹으려고 키키\n2 : 오 팥빙수 그거 좋지 키키\n3 : 이렇게 추운데 팥빙수를 시켜?\n1 : 원래 추운 날 팥빙수지~\n2 : 왜 추워도 팥빙수 생각날 때 은근 많아 키키\n3 : 키키 나는 추우면 무조건 붕어빵!\n1 : 아, 근데 붕어빵은 배달 안하잖아ㅠㅠ\n2 : 아 붕어빵도 좋아 키키\n2 : 근데 나는 오뎅이 더 좋음 키키\n3 : 지금 나가서 바로 사와야지!\n1 : 키키 맞아 아니 물떡도 진짜 맛있는데\n2 : 나중에 시간 지나면 붕어빵도 배민 하고 있을 듯 키키\n3 : 내가 장비 빌려서 해볼까?\n1 : 키키 그럼 내가 가서 사먹을께\n2 : 오 그거 좋은 생각인데? 키키\n2 : 나도 사먹을게 키키\n3 : 내가 그럼 장비 빌려볼께 키키\n1 : 오, 너 진짜 진심이네?\n2 : 키키 그거 장비 빌리는데 금액은 얼마야\n3 : 키키 그럼~ 나중에 꼭 놀러와!",
        "lines": [
          {
            "id": 1,
            "text": "1 : 나 지금 팥빙수 시켜 먹으려고 키키",
            "norm_text": "나 지금 팥빙수 시켜 먹으려고 키키",
            "speaker": {
              "id": "1번",
              "sex": "여성",
              "age": "20대"
            },
            "speechAct": "(단언) 진술하기",
            "morpheme": "나/NP+지금/MAG+팥빙수/NNP+시켜/VV+EC+먹/VV+으려고/EC+키/NNG+키/XSV+ETN"
          },
          {
            "id": 2,
            "text": "2 : 오 팥빙수 그거 좋지 키키",
            "norm_text": "오 팥빙수 그거 좋지 키키",
            "speaker": {
              "id": "2번",
              "sex": "여성",
              "age": "20대"
            },
            "speechAct": "(단언) 주장하기",
            "morpheme": "오/IC+팥빙수/NNP+그거/NP+좋/VA+지/EC+키/NNG+키/XSV+ETN"
          },
          {
            "id": 3,
            "text": "3 : 이렇게 추운데 팥빙수를 시켜?",
            "norm_text": "이렇게 추운데 팥빙수를 시켜?",
            "speaker": {
              "id": "3번",
              "sex": "남성",
              "age": "20대"
            },
            "speechAct": "(지시) 질문하기",
            "morpheme": "이렇게/MAG+추운데/VA+EC+팥빙수/NNP+를/JKO+시켜/VV+EF"
          },
          {
            "id": 4,
            "text": "1 : 원래 추운 날 팥빙수지~",
            "norm_text": "원래 추운 날 팥빙수지~",
            "speaker": {
              "id": "1번",
              "sex": "여성",
              "age": "20대"
            },
            "speechAct": "(단언) 주장하기",
            "morpheme": "원래/MAG+추운/VA+ETM+날팥/NNG+빙/MAG+수지/NNG+~/SY"
          },
          {
            "id": 5,
            "text": "2 : 왜 추워도 팥빙수 생각날 때 은근 많아 키키",
            "norm_text": "왜 추워도 팥빙수 생각날 때 은근 많아 키키",
            "speaker": {
              "id": "2번",
              "sex": "여성",
              "age": "20대"
            },
            "speechAct": "(단언) 주장하기",
            "morpheme": "왜/MAG+추워도/VA+EC+팥빙수/NNP+생각/NNG+날/NNG+때/NNG+은/JX+근/NP+JX+많/VA+아/EC+키/NNG+키/XSV+ETN"
          },
          {
            "id": 6,
            "text": "3 : 키키 나는 추우면 무조건 붕어빵!",
            "norm_text": "키키 나는 추우면 무조건 붕어빵!",
            "speaker": {
              "id": "3번",
              "sex": "남성",
              "age": "20대"
            },
            "speechAct": "(단언) 주장하기",
            "morpheme": "키/NNG+키나/XSA+ETN+JX+는/JX+추우/VA+면/EC+무조건/MAG+붕어빵/NNG"
          },
          {
            "id": 7,
            "text": "1 : 아, 근데 붕어빵은 배달 안하잖아ㅠㅠ",
            "norm_text": "아, 근데 붕어빵은 배달 안하잖아ㅠㅠ",
            "speaker": {
              "id": "1번",
              "sex": "여성",
              "age": "20대"
            },
            "speechAct": "(단언) 주장하기",
            "morpheme": "아/IC+,/SC+근데붕어빵은배달안하잖아ㅠㅠ/UNKNOWN"
          },
          {
            "id": 8,
            "text": "2 : 아 붕어빵도 좋아 키키",
            "norm_text": "아 붕어빵도 좋아 키키",
            "speaker": {
              "id": "2번",
              "sex": "여성",
              "age": "20대"
            },
            "speechAct": "(단언) 주장하기",
            "morpheme": "아/IC+붕어빵/NNG+도/JX+좋/VA+아/EC+키/NNG+키/XSV+ETN"
          },
          {
            "id": 9,
            "text": "2 : 근데 나는 오뎅이 더 좋음 키키",
            "norm_text": "근데 나는 오뎅이 더 좋음 키키",
            "speaker": {
              "id": "2번",
              "sex": "여성",
              "age": "20대"
            },
            "speechAct": "(단언) 주장하기",
            "morpheme": "근데/MAJ+나/NP+는/JX+오뎅/NNG+이/JKS+더/MAG+좋/VA+음/ETN+키/NNG+키/XSV+ETN"
          },
          {
            "id": 10,
            "text": "3 : 지금 나가서 바로 사와야지!",
            "norm_text": "지금 나가서 바로 사와야지!",
            "speaker": {
              "id": "3번",
              "sex": "남성",
              "age": "20대"
            },
            "speechAct": "(단언) 주장하기",
            "morpheme": "지금/MAG+나가/VV+서/EC+바로/MAG+사/VV+와야/EC+VX+EC+VX+지/EF"
          },
          {
            "id": 11,
            "text": "1 : 키키 맞아 아니 물떡도 진짜 맛있는데",
            "norm_text": "키키 맞아 아니 물떡도 진짜 맛있는데",
            "speaker": {
              "id": "1번",
              "sex": "여성",
              "age": "20대"
            },
            "speechAct": "(단언) 주장하기",
            "morpheme": "키/NNG+키/XSV+ETN+맞/VV+아아/EC+니물/NNG+떡/NNG+도/JX+진짜/MAG+맛있/VA+는데/EC"
          },
          {
            "id": 12,
            "text": "2 : 나중에 시간 지나면 붕어빵도 배민 하고 있을 듯 키키",
            "norm_text": "나중에 시간 지나면 붕어빵도 배민 하고 있을 듯 키키",
            "speaker": {
              "id": "2번",
              "sex": "여성",
              "age": "20대"
            },
            "speechAct": "(단언) 주장하기",
            "morpheme": "나중/NNG+에/JKB+시간/NNG+지나/VV+면/EC+붕어빵/NNG+도/JX+배민/NNG+하/XSV+고/EC+있/VX+을/ETM+듯/NNB+키/NNG+키/XSV+ETN"
          },
          {
            "id": 13,
            "text": "3 : 내가 장비 빌려서 해볼까?",
            "norm_text": "내가 장비 빌려서 해볼까?",
            "speaker": {
              "id": "3번",
              "sex": "남성",
              "age": "20대"
            },
            "speechAct": "(지시) 질문하기",
            "morpheme": "내/NP+가/JKS+장비/NNG+빌려서/VV+EC+해/VV+EC+볼까/VX+EF"
          },
          {
            "id": 14,
            "text": "1 : 키키 그럼 내가 가서 사먹을께",
            "norm_text": "키키 그럼 내가 가서 사먹을께",
            "speaker": {
              "id": "1번",
              "sex": "여성",
              "age": "20대"
            },
            "speechAct": "(단언) 주장하기",
            "morpheme": "키/NNG+키/XSV+ETN+그럼/MAJ+내/NP+가/JKS+가/VV+서/EC+사먹/VV+을께/EC"
          },
          {
            "id": 15,
            "text": "2 : 오 그거 좋은 생각인데? 키키",
            "norm_text": "오 그거 좋은 생각인데? 키키",
            "speaker": {
              "id": "2번",
              "sex": "여성",
              "age": "20대"
            },
            "speechAct": "(단언) 주장하기",
            "morpheme": "오/IC+그거/NP+좋/VA+은/ETM+생각/NNG+인데/VCP+EC+?/SY+키/NNG+키/XSV+ETN"
          },
          {
            "id": 16,
            "text": "2 : 나도 사먹을게 키키",
            "norm_text": "나도 사먹을게 키키",
            "speaker": {
              "id": "2번",
              "sex": "여성",
              "age": "20대"
            },
            "speechAct": "(단언) 주장하기",
            "morpheme": "나/NP+도/JX+사먹/VV+을/ETM+게/NNB+JKS+키/NNG+키/XSV+ETN"
          },
          {
            "id": 17,
            "text": "3 : 내가 그럼 장비 빌려볼께 키키",
            "norm_text": "내가 그럼 장비 빌려볼께 키키",
            "speaker": {
              "id": "3번",
              "sex": "남성",
              "age": "20대"
            },
            "speechAct": "(단언) 주장하기",
            "morpheme": "내/NP+가/JKS+그럼/MAJ+장비/NNG+빌려/VV+EC+볼께/VX+EF+키/NNG+키/XSV+ETN"
          },
          {
            "id": 18,
            "text": "1 : 오, 너 진짜 진심이네?",
            "norm_text": "오, 너 진짜 진심이네?",
            "speaker": {
              "id": "1번",
              "sex": "여성",
              "age": "20대"
            },
            "speechAct": "(지시) 질문하기",
            "morpheme": "오/IC+,/SC+너/NP+진짜/MAG+진심/NNG+이/VCP+네/EF"
          },
          {
            "id": 19,
            "text": "2 : 키키 그거 장비 빌리는데 금액은 얼마야",
            "norm_text": "키키 그거 장비 빌리는데 금액은 얼마야",
            "speaker": {
              "id": "2번",
              "sex": "여성",
              "age": "20대"
            },
            "speechAct": "(지시) 질문하기",
            "morpheme": "키/NNG+키/XSV+ETN+그거/NP+장비/NNG+빌리/VV+는데/EC+금액/NNG+은/JX+얼마/NNG+야/VCP+EF"
          },
          {
            "id": 20,
            "text": "3 : 키키 그럼~ 나중에 꼭 놀러와!",
            "norm_text": "키키 그럼~ 나중에 꼭 놀러와!",
            "speaker": {
              "id": "3번",
              "sex": "남성",
              "age": "20대"
            },
            "speechAct": "(지시) 부탁하기",
            "morpheme": "키/NNG+키/XSV+ETN+그럼/MAJ+~/SY+나중/NNG+에/JKB+꼭/MAG+놀러와/VV+EF"
          }
        ]
      }
    }
  ]
}