{
  "dataset": {
    "identifier": 128848,
    "name": "NATEON_25_08_set",
    "src_path": "/data/file/cubeManager/PROJECT001/84/txt20211109145245008179/NATEON_25_08_set/",
    "label_path": "/data/file/cubeManager/PROJECT001/84/txt20211109145245008179/NATEON_25_08_set/",
    "category": 2,
    "type": 0
  },
  "licenses": {
    "name": "Apache License 1.0",
    "url": "http://www.apache.org/licenses/LICENSE-1.0"
  },
  "info": [
    {
      "id": 143353,
      "filename": "NATEON_25_08.txt",
      "title": "NATEON_25_08",
      "mediatype": "메신저",
      "medianame": "네이트온",
      "category": "일상대화",
      "date": "2021-11-09",
      "size": 848,
      "annotations": {
        "subject": "연애/결혼",
        "speaker_type": "1:1",
        "size": 848,
        "word_size": 265,
        "text": "1 : 언니는 연애 할 때 자주 만나는 편이야?\n2 : 나는 일주일에 한 번이 좋다고 생각하는데! 나는 그게 딱 맞는 거 같아.\n2 : 너는 자주 만나는 걸 좋아해?\n1 : 오. 차가운 심장을 가졌네.\n1 : 나도 자주 만나는 건 별로야.\n1 : 일주일에 두세 번 정도가 적당한 거 같아!\n2 : 적당히 애틋하고 그게 좋아 난! 맨날 만나면 질려...\n2 : 나의 개인주의 조금 알지?\n1 : 알지 알지. 그러면 연락은 자주 하는 편이야?\n2 : 연락은 실시간으로 하지는 않지만 틈 날 때마다 하면... 그게 실시간인가...\n2 : 너는?\n1 : 그렇지. 실시간이지.\n1 : 나도 막 붙잡고 있진 않아도 잘하는 거 같애.\n1 : 그러면 카톡이 좋아 전화 통화가 좋아?\n2 : 나는 전화! 목소리를 들어야 돼! 전화 어려운 거 아니니까...\n2 : 너도 전화를 선호하는 편이야?\n1 : 그렇구나. 아니 나는 전화가 귀찮아.\n1 : 그래서 카톡이 더 편하고 전화보다는 그냥 만나는 게 더 좋은 거 같아 하하\n2 : 좀 다르네 키키 나는 전화하는 거 좋아해 목소리 듣는 거 좋아해!\n2 : 근데 이제 자주 만나는 건 괜찮은...\n1 : 그렇게 좀 반대다 키키\n1 : 그러면 결혼을 만약에 만약에 한다면 신혼여행은 어디로 가고 싶어?\n2 : 유럽 유럽! 나는 유럽에 약간 지금 미쳐있는 상태야... 너무 가고 싶어...\n2 : 너는 휴양지 가고 싶어?\n1 : 키키 유럽에 진심이네.\n1 : 응응! 나는 휴양지로 가고 싶어.\n1 : 놀지 못하고 죽은 귀신이 붙었나~하하\n2 : 키키 쉬지 못하고 죽은 귀신이 붙은 거 같은데\n2 : 하와이? 피지? 몰디브? 이런데?\n1 : 맞아! 바로 그런 곳으로!\n1 : 나 바다를 너무 좋아하네 ^^\n2 : 그러게 나는 유럽 길바닥 좋아하는데!",
        "lines": [
          {
            "id": 1,
            "text": "1 : 언니는 연애 할 때 자주 만나는 편이야?",
            "norm_text": "언니는 연애 할 때 자주 만나는 편이야?",
            "speaker": {
              "id": "1번",
              "sex": "여성",
              "age": "20대"
            },
            "speechAct": "(지시) 질문하기",
            "morpheme": "언니/NNG+는/JX+연애/NNG+할/XSV+ETM+때/NNG+자주/MAG+만나/VV+는/ETM+편/NNB+이/VCP+야/EF"
          },
          {
            "id": 2,
            "text": "2 : 나는 일주일에 한 번이 좋다고 생각하는데! 나는 그게 딱 맞는 거 같아.",
            "norm_text": "나는 일주일에 한 번이 좋다고 생각하는데! 나는 그게 딱 맞는 거 같아.",
            "speaker": {
              "id": "2번",
              "sex": "여성",
              "age": "20대"
            },
            "speechAct": "(단언) 진술하기",
            "morpheme": "나/NP+는/JX+일/NR+주일/NNBC+에/JKB+한/MM+번/NNBC+이/JKS+좋/VA+다고/EC+생각/NNG+하/XSV+는데/EC+나/NP+는/JX+그게/NP+JKS+딱/MAG+맞/VV+는/ETM+거/NNB+같/VA+아/EF"
          },
          {
            "id": 3,
            "text": "2 : 너는 자주 만나는 걸 좋아해?",
            "norm_text": "너는 자주 만나는 걸 좋아해?",
            "speaker": {
              "id": "2번",
              "sex": "여성",
              "age": "20대"
            },
            "speechAct": "(지시) 질문하기",
            "morpheme": "너/NP+는/JX+자주/MAG+만나/VV+는/ETM+걸/NNB+JKO+좋/VA+아/EC+해/VX+EF"
          },
          {
            "id": 4,
            "text": "1 : 오. 차가운 심장을 가졌네.",
            "norm_text": "오. 차가운 심장을 가졌네.",
            "speaker": {
              "id": "1번",
              "sex": "여성",
              "age": "20대"
            },
            "speechAct": "(단언) 진술하기",
            "morpheme": "오/IC+차가운/VA+ETM+심장/NNG+을/JKO+가졌/VV+EP+네/EF"
          },
          {
            "id": 5,
            "text": "1 : 나도 자주 만나는 건 별로야.",
            "norm_text": "나도 자주 만나는 건 별로야.",
            "speaker": {
              "id": "1번",
              "sex": "여성",
              "age": "20대"
            },
            "speechAct": "(단언) 진술하기",
            "morpheme": "나/NP+도/JX+자주/MAG+만나/VV+는/ETM+건/NNB+JX+별로/MAG+야/VCP+EF"
          },
          {
            "id": 6,
            "text": "1 : 일주일에 두세 번 정도가 적당한 거 같아!",
            "norm_text": "일주일에 두세 번 정도가 적당한 거 같아!",
            "speaker": {
              "id": "1번",
              "sex": "여성",
              "age": "20대"
            },
            "speechAct": "(단언) 진술하기",
            "morpheme": "일/NR+주일/NNBC+에/JKB+두세/MM+번/NNBC+정도/NNG+가/JKS+적당/XR+한/XSA+ETM+거/NNB+같/VA+아/EF"
          },
          {
            "id": 7,
            "text": "2 : 적당히 애틋하고 그게 좋아 난! 맨날 만나면 질려...",
            "norm_text": "적당히 애틋하고 그게 좋아 난! 맨날 만나면 질려...",
            "speaker": {
              "id": "2번",
              "sex": "여성",
              "age": "20대"
            },
            "speechAct": "(단언) 진술하기",
            "morpheme": "적당히/MAG+애틋/XR+하/XSA+고/EC+그게/NP+JKS+좋/VA+아/EC+난/NP+JX+맨날/MAG+만나/VV+면/EC+질려/VV+EC+./SY+./SY"
          },
          {
            "id": 8,
            "text": "2 : 나의 개인주의 조금 알지?",
            "norm_text": "나의 개인주의 조금 알지?",
            "speaker": {
              "id": "2번",
              "sex": "여성",
              "age": "20대"
            },
            "speechAct": "(지시) 질문하기",
            "morpheme": "나/NP+의/JKG+개인주의/NNG+조금/MAG+알/VV+지/EF"
          },
          {
            "id": 9,
            "text": "1 : 알지 알지. 그러면 연락은 자주 하는 편이야?",
            "norm_text": "알지 알지. 그러면 연락은 자주 하는 편이야?",
            "speaker": {
              "id": "1번",
              "sex": "여성",
              "age": "20대"
            },
            "speechAct": "(지시) 질문하기",
            "morpheme": "알/VV+지/EC+알/VV+지/EF+그러면/MAJ+연락/NNG+은/JX+자주/MAG+하/VV+는/ETM+편/NNB+이/VCP+야/EF"
          },
          {
            "id": 10,
            "text": "2 : 연락은 실시간으로 하지는 않지만 틈 날 때마다 하면... 그게 실시간인가...",
            "norm_text": "연락은 실시간으로 하지는 않지만 틈 날 때마다 하면... 그게 실시간인가...",
            "speaker": {
              "id": "2번",
              "sex": "여성",
              "age": "20대"
            },
            "speechAct": "(지시) 질문하기",
            "morpheme": "연락/NNG+은/JX+실시간/NNG+으로/JKB+하/VV+지/EC+는/JX+않/VX+지만/EC+틈날/VV+ETM+때/NNG+마다/JX+하/VV+면/EC+./SY+./SY+그게/NP+JKS+실시간/NNG+인가/VCP+EF+./SY"
          },
          {
            "id": 11,
            "text": "2 : 너는?",
            "norm_text": "너는?",
            "speaker": {
              "id": "2번",
              "sex": "여성",
              "age": "20대"
            },
            "speechAct": "(지시) 질문하기",
            "morpheme": "너/NP+는/JX"
          },
          {
            "id": 12,
            "text": "1 : 그렇지. 실시간이지.",
            "norm_text": "그렇지. 실시간이지.",
            "speaker": {
              "id": "1번",
              "sex": "여성",
              "age": "20대"
            },
            "speechAct": "(단언) 진술하기",
            "morpheme": "그렇/VA+지/EF+실시간/NNG+이/VCP+지/EF"
          },
          {
            "id": 13,
            "text": "1 : 나도 막 붙잡고 있진 않아도 잘하는 거 같애.",
            "norm_text": "나도 막 붙잡고 있진 않아도 잘하는 거 같애.",
            "speaker": {
              "id": "1번",
              "sex": "여성",
              "age": "20대"
            },
            "speechAct": "(단언) 진술하기",
            "morpheme": "나/NP+도/JX+막/NNG+붙잡/VV+고/EC+있/VX+진/EC+JX+않/VX+아도/EC+잘/MAG+하/VV+는/ETM+거/NNB+같/VA+애/EF"
          },
          {
            "id": 14,
            "text": "1 : 그러면 카톡이 좋아 전화 통화가 좋아?",
            "norm_text": "그러면 카톡이 좋아 전화 통화가 좋아?",
            "speaker": {
              "id": "1번",
              "sex": "여성",
              "age": "20대"
            },
            "speechAct": "(지시) 질문하기",
            "morpheme": "그러면/MAJ+카톡/NNP+이/JKS+좋/VA+아/EC+전화/NNG+통화/NNG+가/JKS+좋/VA+아/EF"
          },
          {
            "id": 15,
            "text": "2 : 나는 전화! 목소리를 들어야 돼! 전화 어려운 거 아니니까...",
            "norm_text": "나는 전화! 목소리를 들어야 돼! 전화 어려운 거 아니니까...",
            "speaker": {
              "id": "2번",
              "sex": "여성",
              "age": "20대"
            },
            "speechAct": "(단언) 진술하기",
            "morpheme": "나/NP+는/JX+전화/NNG+!/SY+목소리/NNG+를/JKO+들어야/VV+EC+돼/VV+EF+전화/NNG+어려운/VA+ETM+거/NNB+아니/VCN+니까/EC+./SY+./SY"
          },
          {
            "id": 16,
            "text": "2 : 너도 전화를 선호하는 편이야?",
            "norm_text": "너도 전화를 선호하는 편이야?",
            "speaker": {
              "id": "2번",
              "sex": "여성",
              "age": "20대"
            },
            "speechAct": "(지시) 질문하기",
            "morpheme": "너/NP+도/JX+전화/NNG+를/JKO+선호/NNG+하/XSV+는/ETM+편/NNB+이/VCP+야/EF"
          },
          {
            "id": 17,
            "text": "1 : 그렇구나. 아니 나는 전화가 귀찮아.",
            "norm_text": "그렇구나. 아니 나는 전화가 귀찮아.",
            "speaker": {
              "id": "1번",
              "sex": "여성",
              "age": "20대"
            },
            "speechAct": "(단언) 진술하기",
            "morpheme": "그렇/VA+구나/EF+아니/IC+나/NP+는/JX+전화/NNG+가/JKS+귀찮/VA+아/EF"
          },
          {
            "id": 18,
            "text": "1 : 그래서 카톡이 더 편하고 전화보다는 그냥 만나는 게 더 좋은 거 같아 하하",
            "norm_text": "그래서 카톡이 더 편하고 전화보다는 그냥 만나는 게 더 좋은 거 같아 하하",
            "speaker": {
              "id": "1번",
              "sex": "여성",
              "age": "20대"
            },
            "speechAct": "(단언) 진술하기",
            "morpheme": "그래서/MAJ+카톡/NNP+이/JKS+더/MAG+편하/VA+고/EC+전화/NNG+보다/JKB+는/JX+그냥/MAG+만나/VV+는/ETM+게/NNB+JKS+더/MAG+좋/VA+은/ETM+거/NNB+같/VA+아/EC+하하/MAG"
          },
          {
            "id": 19,
            "text": "2 : 좀 다르네 키키 나는 전화하는 거 좋아해 목소리 듣는 거 좋아해!",
            "norm_text": "좀 다르네 키키 나는 전화하는 거 좋아해 목소리 듣는 거 좋아해!",
            "speaker": {
              "id": "2번",
              "sex": "여성",
              "age": "20대"
            },
            "speechAct": "(단언) 주장하기",
            "morpheme": "좀/MAG+다르/VA+네/EF+키/NNG+키나/XSA+ETN+JX+는/JX+전화/NNG+하/XSV+는/ETM+거/NNB+좋/VA+아/EC+해/VV+EC+목소리/NNG+듣/VV+는/ETM+거/NNB+좋/VA+아/EC+해/VX+EF"
          },
          {
            "id": 20,
            "text": "2 : 근데 이제 자주 만나는 건 괜찮은...",
            "norm_text": "근데 이제 자주 만나는 건 괜찮은...",
            "speaker": {
              "id": "2번",
              "sex": "여성",
              "age": "20대"
            },
            "speechAct": "(단언) 진술하기",
            "morpheme": "근데/MAJ+이제/MAG+자주/MAG+만나/VV+는/ETM+건/NNB+JX+괜찮/VA+은/ETM+./SY+./SY"
          },
          {
            "id": 21,
            "text": "1 : 그렇게 좀 반대다 키키",
            "norm_text": "그렇게 좀 반대다 키키",
            "speaker": {
              "id": "1번",
              "sex": "여성",
              "age": "20대"
            },
            "speechAct": "(단언) 진술하기",
            "morpheme": "그렇게/MAG+좀/MAG+반대/NNG+다키키/NNP"
          },
          {
            "id": 22,
            "text": "1 : 그러면 결혼을 만약에 만약에 한다면 신혼여행은 어디로 가고 싶어?",
            "norm_text": "그러면 결혼을 만약에 만약에 한다면 신혼여행은 어디로 가고 싶어?",
            "speaker": {
              "id": "1번",
              "sex": "여성",
              "age": "20대"
            },
            "speechAct": "(지시) 질문하기",
            "morpheme": "그러면/MAJ+결혼/NNG+을/JKO+만약/NNG+에/JKB+만약/NNG+에/JKB+한다면/VV+EC+신혼/NNG+여행/NNG+은/JX+어디/NP+로/JKB+가/VV+고/EC+싶/VX+어/EF"
          },
          {
            "id": 23,
            "text": "2 : 유럽 유럽! 나는 유럽에 약간 지금 미쳐있는 상태야... 너무 가고 싶어...",
            "norm_text": "유럽 유럽! 나는 유럽에 약간 지금 미쳐있는 상태야... 너무 가고 싶어...",
            "speaker": {
              "id": "2번",
              "sex": "여성",
              "age": "20대"
            },
            "speechAct": "(단언) 진술하기",
            "morpheme": "유럽/NNP+유럽/NNP+나/NP+는/JX+유럽/NNP+에/JKB+약간/MAG+지금/MAG+미쳐/VV+EC+있/VX+는/ETM+상태/NNG+야/VCP+EF+./SY+너무/MAG+가/VV+고/EC+싶/VX+어/EF+./SY"
          },
          {
            "id": 24,
            "text": "2 : 너는 휴양지 가고 싶어?",
            "norm_text": "너는 휴양지 가고 싶어?",
            "speaker": {
              "id": "2번",
              "sex": "여성",
              "age": "20대"
            },
            "speechAct": "(지시) 질문하기",
            "morpheme": "너/NP+는/JX+휴양지/NNG+가/VV+고/EC+싶/VX+어/EF"
          },
          {
            "id": 25,
            "text": "1 : 키키 유럽에 진심이네.",
            "norm_text": "키키 유럽에 진심이네.",
            "speaker": {
              "id": "1번",
              "sex": "여성",
              "age": "20대"
            },
            "speechAct": "(단언) 진술하기",
            "morpheme": "키키/NNP+유럽/NNP+에/JKB+진심/NNG+이/VCP+네/EF"
          },
          {
            "id": 26,
            "text": "1 : 응응! 나는 휴양지로 가고 싶어.",
            "norm_text": "응응! 나는 휴양지로 가고 싶어.",
            "speaker": {
              "id": "1번",
              "sex": "여성",
              "age": "20대"
            },
            "speechAct": "(단언) 진술하기",
            "morpheme": "응/IC+응/IC+나/NP+는/JX+휴양지/NNG+로/JKB+가/VV+고/EC+싶/VX+어/EF"
          },
          {
            "id": 27,
            "text": "1 : 놀지 못하고 죽은 귀신이 붙었나~하하",
            "norm_text": "놀지 못하고 죽은 귀신이 붙었나~하하",
            "speaker": {
              "id": "1번",
              "sex": "여성",
              "age": "20대"
            },
            "speechAct": "(단언) 진술하기",
            "morpheme": "놀/VV+지/EC+못하/VX+고/EC+죽/VV+은/ETM+귀신/NNG+이/JKS+붙/VV+었/EP+나/EC+~/SY+하하/NNP"
          },
          {
            "id": 28,
            "text": "2 : 키키 쉬지 못하고 죽은 귀신이 붙은 거 같은데",
            "norm_text": "키키 쉬지 못하고 죽은 귀신이 붙은 거 같은데",
            "speaker": {
              "id": "2번",
              "sex": "여성",
              "age": "20대"
            },
            "speechAct": "(단언) 진술하기",
            "morpheme": "키/NNG+키/XSV+ETN+쉬/VV+지/EC+못하/VX+고/EC+죽/VV+은/ETM+귀신/NNG+이/JKS+붙/VV+은/ETM+거/NNB+같/VA+은데/EC"
          },
          {
            "id": 29,
            "text": "2 : 하와이? 피지? 몰디브? 이런데?",
            "norm_text": "하와이? 피지? 몰디브? 이런데?",
            "speaker": {
              "id": "2번",
              "sex": "여성",
              "age": "20대"
            },
            "speechAct": "(지시) 질문하기",
            "morpheme": "하와이/NNP+피/VV+지/EF+몰디브/NNP+이런데/VA+EF"
          },
          {
            "id": 30,
            "text": "1 : 맞아! 바로 그런 곳으로!",
            "norm_text": "맞아! 바로 그런 곳으로!",
            "speaker": {
              "id": "1번",
              "sex": "여성",
              "age": "20대"
            },
            "speechAct": "(단언) 진술하기",
            "morpheme": "맞/VV+아/EF+바로/MAG+그런/MM+곳/NNG+으로/JKB"
          },
          {
            "id": 31,
            "text": "1 : 나 바다를 너무 좋아하네 ^^",
            "norm_text": "나 바다를 너무 좋아하네 ^^",
            "speaker": {
              "id": "1번",
              "sex": "여성",
              "age": "20대"
            },
            "speechAct": "(단언) 진술하기",
            "morpheme": "나/NP+바다/NNG+를/JKO+너무/MAG+좋/VA+아/EC+하/VX+네/EF+^/SY+^/SY"
          },
          {
            "id": 32,
            "text": "2 : 그러게 나는 유럽 길바닥 좋아하는데!",
            "norm_text": "그러게 나는 유럽 길바닥 좋아하는데!",
            "speaker": {
              "id": "2번",
              "sex": "여성",
              "age": "20대"
            },
            "speechAct": "(단언) 진술하기",
            "morpheme": "그러게/IC+나/NP+는/JX+유럽/NNP+길바닥/NNG+좋/VA+아/EC+하/VV+는데/EC"
          }
        ]
      }
    }
  ]
}