{
  "dataset": {
    "identifier": 128860,
    "name": "NATEON_25_20_set",
    "src_path": "/data/file/cubeManager/PROJECT001/84/txt20211109145245017175/NATEON_25_20_set/",
    "label_path": "/data/file/cubeManager/PROJECT001/84/txt20211109145245017175/NATEON_25_20_set/",
    "category": 2,
    "type": 0
  },
  "licenses": {
    "name": "Apache License 1.0",
    "url": "http://www.apache.org/licenses/LICENSE-1.0"
  },
  "info": [
    {
      "id": 143365,
      "filename": "NATEON_25_20.txt",
      "title": "NATEON_25_20",
      "mediatype": "메신저",
      "medianame": "네이트온",
      "category": "일상대화",
      "date": "2021-11-09",
      "size": 631,
      "annotations": {
        "subject": "영화/만화",
        "speaker_type": "1:1",
        "size": 631,
        "word_size": 193,
        "text": "1 : 언니 해리포터 시리즈 다 봤지?\n2 : 아 나 너무 다 봤어 다는 시리즈 각각 10번은 넘게 봤어\n2 : 너도 다 봤어?\n1 : 웅웅 다 봤지! 진짜 너무 명작이야... ㅠ\n1 : 언니는 해리포터에서 제일 좋아하는 배역 있어?\n2 : 아무래도 해리포터... 주인공 짱짱!\n2 : 너는? 해리 말고 있어?\n1 : 나는 론을 좋아했어! 약간 찌질하지만 귀여워서.\n2 : 론 어렸을 때 귀여웠는데 갑자기 커 가지고 조금 놀랐어...\n2 : 너는 어떤 편이 제일 재밌었어 영화?\n1 : 아무래도 제일 첫 편 마법사의 돌이 최고였던 거 같아!\n1 : 언니는?\n2 : 나는 불사조 기사단! 뒤에 갈수록 영화가 어둡긴 했는데 그 분위기도 나름 좋더라고?\n1 : 맞아 맞아! 나는 마법 빗자루 타 보고 싶어.\n1 : 근데 퀴디치 경기는 너무 무서워 보여 ㅠㅠ\n2 : 나는 빗자루보다는 마법을 쓰고 싶었는데 기억나는 마법 있어? 키키\n1 : 나 루모스랑 알로호모러!\n1 : 언니는?\n2 : 가장 유명한 마법은 윙가르디움 레비오싸 아니겠어...?!\n2 : 난 그거! 알지 알지?\n1 : 알지 알지! 그 마법 가르쳐준 교수님도 생각나는 걸? 쪼꼬미 교수님\n2 : 엇! 갑자기 도비가 생각나네...\n1 : 도비... 생각하니 눈물이 나네\n2 : 도비 죽는 장면 보고 울었잖아 난...",
        "lines": [
          {
            "id": 1,
            "text": "1 : 언니 해리포터 시리즈 다 봤지?",
            "norm_text": "언니 해리포터 시리즈 다 봤지?",
            "speaker": {
              "id": "1번",
              "sex": "여성",
              "age": "20대"
            },
            "speechAct": "(지시) 질문하기",
            "morpheme": "언니/NNG+해리/+포터/+시리즈/NNG+다/VCP+EC+봤/VX+EP+지/EF"
          },
          {
            "id": 2,
            "text": "2 : 아 나 너무 다 봤어 다는 시리즈 각각 10번은 넘게 봤어",
            "norm_text": "아 나 너무 다 봤어 다는 시리즈 각각 10번은 넘게 봤어",
            "speaker": {
              "id": "2번",
              "sex": "여성",
              "age": "20대"
            },
            "speechAct": "(단언) 진술하기",
            "morpheme": "아/IC+나/NP+너무/MAG+다/MAG+봤/VV+EP+어/EF+다는/ETM+시리즈/NNG+각각/MAG+10/SN+번/NNBC+은/JX+넘/VV+게/EC+봤/VX+EP+어/EC"
          },
          {
            "id": 3,
            "text": "2 : 너도 다 봤어?",
            "norm_text": "너도 다 봤어?",
            "speaker": {
              "id": "2번",
              "sex": "여성",
              "age": "20대"
            },
            "speechAct": "(지시) 질문하기",
            "morpheme": "너/NP+도/JX+다/MAG+봤/VV+EP+어/EF"
          },
          {
            "id": 4,
            "text": "1 : 웅웅 다 봤지! 진짜 너무 명작이야... ㅠ",
            "norm_text": "웅웅 다 봤지! 진짜 너무 명작이야... ㅠ",
            "speaker": {
              "id": "1번",
              "sex": "여성",
              "age": "20대"
            },
            "speechAct": "(단언) 주장하기",
            "morpheme": "웅웅/MAG+다/MAG+봤/VV+EP+지/EF+진짜/MAG+너무/MAG+명작/NNG+이/VCP+야/EF+./SY+ㅠ/UNKNOWN"
          },
          {
            "id": 5,
            "text": "1 : 언니는 해리포터에서 제일 좋아하는 배역 있어?",
            "norm_text": "언니는 해리포터에서 제일 좋아하는 배역 있어?",
            "speaker": {
              "id": "1번",
              "sex": "여성",
              "age": "20대"
            },
            "speechAct": "(지시) 질문하기",
            "morpheme": "언니/NNG+는/JX+해리/+포터/+에서/JKB+제일/MAG+좋/VA+아/EC+하/VV+는/ETM+배역/NNG+있/VA+어/EF"
          },
          {
            "id": 6,
            "text": "2 : 아무래도 해리포터... 주인공 짱짱!",
            "norm_text": "아무래도 해리포터... 주인공 짱짱!",
            "speaker": {
              "id": "2번",
              "sex": "여성",
              "age": "20대"
            },
            "speechAct": "(단언) 주장하기",
            "morpheme": "아무래도/MAG+해리/+포터/+./SY+./SY+주인공/NNG+짱짱/MAG"
          },
          {
            "id": 7,
            "text": "2 : 너는? 해리 말고 있어?",
            "norm_text": "너는? 해리 말고 있어?",
            "speaker": {
              "id": "2번",
              "sex": "여성",
              "age": "20대"
            },
            "speechAct": "(지시) 질문하기",
            "morpheme": "너/NP+는/JX+?/SY+해리/NNP+말/VV+고/EC+있/VX+어/EF"
          },
          {
            "id": 8,
            "text": "1 : 나는 론을 좋아했어! 약간 찌질하지만 귀여워서.",
            "norm_text": "나는 론을 좋아했어! 약간 찌질하지만 귀여워서.",
            "speaker": {
              "id": "1번",
              "sex": "여성",
              "age": "20대"
            },
            "speechAct": "(단언) 주장하기",
            "morpheme": "나/NP+는/JX+론/NNG+을/JKO+좋아했/VV+EP+어/EF+약간/MAG+찌질/NNG+하/XSV+지만/EC+귀여워서/VA+EC"
          },
          {
            "id": 9,
            "text": "2 : 론 어렸을 때 귀여웠는데 갑자기 커 가지고 조금 놀랐어...",
            "norm_text": "론 어렸을 때 귀여웠는데 갑자기 커 가지고 조금 놀랐어...",
            "speaker": {
              "id": "2번",
              "sex": "여성",
              "age": "20대"
            },
            "speechAct": "(단언) 주장하기",
            "morpheme": "론/XSN+어렸/VA+EP+을/ETM+때/NNG+귀여웠/VA+EP+는데/EC+갑자기/MAG+커/VV+EC+가지/VX+고/EC+조금/MAG+놀랐/VV+EP+어/EF+./SY"
          },
          {
            "id": 10,
            "text": "2 : 너는 어떤 편이 제일 재밌었어 영화?",
            "norm_text": "너는 어떤 편이 제일 재밌었어 영화?",
            "speaker": {
              "id": "2번",
              "sex": "여성",
              "age": "20대"
            },
            "speechAct": "(지시) 질문하기",
            "morpheme": "너/NP+는/JX+어떤/MM+편/NNB+이/JKS+제일/MAG+재밌/VA+었/EP+어/EC+영화/NNG"
          },
          {
            "id": 11,
            "text": "1 : 아무래도 제일 첫 편 마법사의 돌이 최고였던 거 같아!",
            "norm_text": "아무래도 제일 첫 편 마법사의 돌이 최고였던 거 같아!",
            "speaker": {
              "id": "1번",
              "sex": "여성",
              "age": "20대"
            },
            "speechAct": "(단언) 주장하기",
            "morpheme": "아무래도/MAG+제일/MAG+첫/MM+편마/NNG+법사/NNG+의/JKG+돌/NNG+이/JKS+최고/NNG+였/VCP+EP+던/ETM+거/NNB+같/VA+아/EF"
          },
          {
            "id": 12,
            "text": "1 : 언니는?",
            "norm_text": "언니는?",
            "speaker": {
              "id": "1번",
              "sex": "여성",
              "age": "20대"
            },
            "speechAct": "(지시) 질문하기",
            "morpheme": "언니/NNG+는/JX"
          },
          {
            "id": 13,
            "text": "2 : 나는 불사조 기사단! 뒤에 갈수록 영화가 어둡긴 했는데 그 분위기도 나름 좋더라고?",
            "norm_text": "나는 불사조 기사단! 뒤에 갈수록 영화가 어둡긴 했는데 그 분위기도 나름 좋더라고?",
            "speaker": {
              "id": "2번",
              "sex": "여성",
              "age": "20대"
            },
            "speechAct": "(단언) 주장하기",
            "morpheme": "나/NP+는/JX+불사조/NNG+기사단/NNG+!/SY+뒤/NNG+에/JKB+갈수록/MAG+영화/NNG+가/JKS+어둡/VA+긴/ETN+JX+했/VX+EP+는데/EC+그/MM+분위기/NNG+도/JX+나름/NNB+좋/VA+더라고/EF"
          },
          {
            "id": 14,
            "text": "1 : 맞아 맞아! 나는 마법 빗자루 타 보고 싶어.",
            "norm_text": "맞아 맞아! 나는 마법 빗자루 타 보고 싶어.",
            "speaker": {
              "id": "1번",
              "sex": "여성",
              "age": "20대"
            },
            "speechAct": "(단언) 진술하기",
            "morpheme": "맞/VV+아/EC+맞/VV+아/EF+나/NP+는/JX+마법/NNG+빗자루/NNG+타/XSV+EC+보/VX+고/EC+싶/VX+어/EF"
          },
          {
            "id": 15,
            "text": "1 : 근데 퀴디치 경기는 너무 무서워 보여 ㅠㅠ",
            "norm_text": "근데 퀴디치 경기는 너무 무서워 보여 ㅠㅠ",
            "speaker": {
              "id": "1번",
              "sex": "여성",
              "age": "20대"
            },
            "speechAct": "(단언) 주장하기",
            "morpheme": "근데/MAJ+퀴디치/NNP+경기/NNG+는/JX+너무/MAG+무서워/VA+EC+보여/VV+EC+ㅠㅠ/UNKNOWN"
          },
          {
            "id": 16,
            "text": "2 : 나는 빗자루보다는 마법을 쓰고 싶었는데 기억나는 마법 있어? 키키",
            "norm_text": "나는 빗자루보다는 마법을 쓰고 싶었는데 기억나는 마법 있어? 키키",
            "speaker": {
              "id": "2번",
              "sex": "여성",
              "age": "20대"
            },
            "speechAct": "(지시) 질문하기",
            "morpheme": "나/NP+는/JX+빗자루/NNG+보다/JKB+는/JX+마법/NNG+을/JKO+쓰/VV+고/EC+싶/VX+었/EP+는데/EC+기억나/VV+는/ETM+마법/NNG+있/VA+어/EF+키/NNG+키/XSV+ETN"
          },
          {
            "id": 17,
            "text": "1 : 나 루모스랑 알로호모러!",
            "norm_text": "나 루모스랑 알로호모러!",
            "speaker": {
              "id": "1번",
              "sex": "여성",
              "age": "20대"
            },
            "speechAct": "(단언) 진술하기",
            "morpheme": "나/NP+루/JKB+모스/NNG+랑/JKB+알/VV+ETM+로호/NNP+모러/NNP"
          },
          {
            "id": 18,
            "text": "1 : 언니는?",
            "norm_text": "언니는?",
            "speaker": {
              "id": "1번",
              "sex": "여성",
              "age": "20대"
            },
            "speechAct": "(지시) 질문하기",
            "morpheme": "언니/NNG+는/JX"
          },
          {
            "id": 19,
            "text": "2 : 가장 유명한 마법은 윙가르디움 레비오싸 아니겠어...?!",
            "norm_text": "가장 유명한 마법은 윙가르디움 레비오싸 아니겠어...?!",
            "speaker": {
              "id": "2번",
              "sex": "여성",
              "age": "20대"
            },
            "speechAct": "(단언) 진술하기",
            "morpheme": "가장유명한마법은윙가르디움레비오싸아니겠어/UNKNOWN+./SY+?/SY"
          },
          {
            "id": 20,
            "text": "2 : 난 그거! 알지 알지?",
            "norm_text": "난 그거! 알지 알지?",
            "speaker": {
              "id": "2번",
              "sex": "여성",
              "age": "20대"
            },
            "speechAct": "(지시) 질문하기",
            "morpheme": "난/NP+JX+그거/NP+알/VV+지/EC+알/VV+지/EF"
          },
          {
            "id": 21,
            "text": "1 : 알지 알지! 그 마법 가르쳐준 교수님도 생각나는 걸? 쪼꼬미 교수님",
            "norm_text": "알지 알지! 그 마법 가르쳐준 교수님도 생각나는 걸? 쪼꼬미 교수님",
            "speaker": {
              "id": "1번",
              "sex": "여성",
              "age": "20대"
            },
            "speechAct": "(단언) 진술하기",
            "morpheme": "알/VV+지/EC+알/VV+지/EF+그/MM+마법/NNG+가르쳐/VV+EC+준/VX+ETM+교수/NNG+님/XSN+도/JX+생각나/VV+는/ETM+걸/NNB+JKO+쪼/MAG+꼬미/NNG+교수/NNG+님/XSN"
          },
          {
            "id": 22,
            "text": "2 : 엇! 갑자기 도비가 생각나네...",
            "norm_text": "엇! 갑자기 도비가 생각나네...",
            "speaker": {
              "id": "2번",
              "sex": "여성",
              "age": "20대"
            },
            "speechAct": "(단언) 진술하기",
            "morpheme": "엇/IC+갑자기/MAG+도비/NNG+가/JKS+생각나/VV+네/EF+./SY"
          },
          {
            "id": 23,
            "text": "1 : 도비... 생각하니 눈물이 나네",
            "norm_text": "도비... 생각하니 눈물이 나네",
            "speaker": {
              "id": "1번",
              "sex": "여성",
              "age": "20대"
            },
            "speechAct": "(단언) 진술하기",
            "morpheme": "도비/NNG+./SY+./SY+생각/NNG+하/XSV+니/EC+눈물/NNG+이/JKS+나/NP+네/XSN"
          },
          {
            "id": 24,
            "text": "2 : 도비 죽는 장면 보고 울었잖아 난...",
            "norm_text": "도비 죽는 장면 보고 울었잖아 난...",
            "speaker": {
              "id": "2번",
              "sex": "여성",
              "age": "20대"
            },
            "speechAct": "(단언) 주장하기",
            "morpheme": "도비죽는장면보고울었잖아난/UNKNOWN+./SY"
          }
        ]
      }
    }
  ]
}