{
  "dataset": {
    "identifier": 544,
    "name": "NATEON_24_15_set",
    "src_path": "/data/file/cubeManager/PROJECT001/7/txt20210827181432064491/NATEON_24_15_set/",
    "label_path": "/data/file/cubeManager/PROJECT001/7/txt20210827181432064491/NATEON_24_15_set/",
    "category": 2,
    "type": 0
  },
  "licenses": {
    "name": "Apache License 1.0",
    "url": "http://www.apache.org/licenses/LICENSE-1.0"
  },
  "info": [
    {
      "id": 862,
      "filename": "NATEON_24_15.txt",
      "title": "NATEON_24_15",
      "mediatype": "메신저",
      "medianame": "네이트온",
      "category": "일상대화",
      "date": "2021-08-27",
      "size": 1250,
      "annotations": {
        "subject": "타 국가 이슈",
        "speaker_type": "1:1",
        "size": 1250,
        "word_size": 385,
        "text": "1 : 이번에 도쿄 올림픽 하는 거 봤어?\n1 : 올림픽 강행한 거 어떻게 생각해?\n2 : 음 처음에 개막했던 날 놀란 건 있었어\n2 : 해외 곳곳은 우리나라보다 더 코로나가 심한데 그대로 개막한다는 게 좀 걱정되더라고\n2 : 그래도 다들 잘 치르고 있는 것 같지?\n1 : 응 걱정했던 것보다는 잘 진행되고 있는 것 같은데 그래도 올림픽 선수촌에서도 확진자가 나오고 해서 안심하면 안 될 것 같아...\n1 : 전 세계인이 모이는 자리니까 자칫하면 큰일 날 수도 있잖아 ㅠㅠ\n2 : 아 맞네...\n2 : 너무 많은 나라들이 모여서 불안한 건 어쩔 수 없는 것 같아\n2 : 해외에서는 그래도 우리나라를 코로나 모범국으로 보고 있는데 맞는다고 생각해?\n1 : 초반에는 어느 정도 대처도 잘 하고 맞는다고 생각했는데 요즘은 확진자가 너무 많이 늘어서 그렇지도 않은 거 같아 ㅠㅠ\n1 : 해외는 우리나라보다 법이 더 엄격한 거 같은데 그건 어떻게 생각해?\n2 : 사실 난 우리나라 법을 되게 나쁘게 생각해서 해외가 정상이라고 생각해\n2 : 우리나라는 뭐든 형량이 너무 낮아서 사건 하나 터질 때마다 사람들이 욕하잖아\n2 : 해외는 살인 사건 하나만 나도 막 2, 30년 형에 무기징역도 받고 그러는데 그게 맞는다고 생각하지 않아?\n1 : 응 그게 맞지!\n1 : 음주나 심신미약으로 감형 받는 경우가 너무 많은 거 같아 우리나라는 ㅠㅠ\n1 : 강력 범죄에는 저렇게 강하게 대처해야 하는 게 맞는다고 생각해\n2 : 우리나라의 모든 법이 해외를 따라가면 난 좀 더 선진국이 될 수 있을 것 같지 않아?\n1 : 응 맞아 좀 변할 필요가 있다고 생각해!\n1 : 선진국 대열에 합류했다고 하지만 아직 많은 부분이 부족한 거 같지?\n2 : 법 체계가 바뀌면 확 좋아질 것 같긴 한데 말야...\n2 : 그래도 의료 강국으로 다른 나라에서 우리를 좀 좋게 보는 건 좋은 것 같아\n1 : 맞아 해외에 사는 한국인들도 아프거나 수술해야 할 일이 있을 때 한국으로 들어오기도 하잖아\n2 : 응 인력난 부족으로 많이 문제가 일어나는 것 같긴 한데 나 같아도 그렇게 할 거야 아마\n2 : 의료인 대우가 좀 좋아졌으면 좋겠다\n1 : 해외에서는 우리보다 훨씬 좋을 것 같아 대우가\n1 : 잘은 모르지만 그럴 것 같지?\n2 : 응 뭐든 우리나라보다는 더 좋을 것 같아\n1 : 그치\n1 : 이번에 일본에서 어떤 선수 금메달을 일본 시장이 마스크 내리고 앙 문 거 봤어?\n1 : 남의 금메달이기도 하고 코로나 사태가 심각한데 이건 좀 아닌 거 같지 않아?\n2 : 아 맞아맞아 그거 너무 개념 없어 보이더라\n2 : 생각을 좀 잘하지...",
        "lines": [
          {
            "id": 1,
            "text": "1 : 이번에 도쿄 올림픽 하는 거 봤어?",
            "norm_text": "이번에 도쿄 올림픽 하는 거 봤어?",
            "speaker": {
              "id": "1번",
              "sex": "여성",
              "age": "20대"
            },
            "speechAct": "(지시) 질문하기",
            "morpheme": "이번/NNG+에/JKB+도쿄/NNP+올림픽/NNP+하/VV+는/ETM+거/NNB+봤/VV+EP+어/EF"
          },
          {
            "id": 2,
            "text": "1 : 올림픽 강행한 거 어떻게 생각해?",
            "norm_text": "올림픽 강행한 거 어떻게 생각해?",
            "speaker": {
              "id": "1번",
              "sex": "여성",
              "age": "20대"
            },
            "speechAct": "(지시) 질문하기",
            "morpheme": "올림픽/NNP+강행/NNG+한/XSA+ETM+거/NNB+어떻/VA+게/EC+생각/NNG+해/XSV+EF"
          },
          {
            "id": 3,
            "text": "2 : 음 처음에 개막했던 날 놀란 건 있었어",
            "norm_text": "음 처음에 개막했던 날 놀란 건 있었어",
            "speaker": {
              "id": "2번",
              "sex": "여성",
              "age": "20대"
            },
            "speechAct": "(단언) 주장하기",
            "morpheme": "음/IC+처음/NNG+에/JKB+개막/NNG+했/XSV+EP+던/ETM+날/NNG+놀란/VV+ETM+건/NNB+JX+있/VA+었/EP+어/EC"
          },
          {
            "id": 4,
            "text": "2 : 해외 곳곳은 우리나라보다 더 코로나가 심한데 그대로 개막한다는 게 좀 걱정되더라고",
            "norm_text": "해외 곳곳은 우리나라보다 더 코로나가 심한데 그대로 개막한다는 게 좀 걱정되더라고",
            "speaker": {
              "id": "2번",
              "sex": "여성",
              "age": "20대"
            },
            "speechAct": "(단언) 주장하기",
            "morpheme": "해외/NNG+곳곳/NNG+은/JX+우리/NP+나라/NNG+보다/JKB+더/MAG+코로나/NNG+가/JKS+심한/VA+ETM+데/NNB+그대로/MAG+개막/NNG+한다는/XSV+ETM+게/NNB+JKS+좀/MAG+걱정/NNG+되/XSV+더라고/EC"
          },
          {
            "id": 5,
            "text": "2 : 그래도 다들 잘 치르고 있는 것 같지?",
            "norm_text": "그래도 다들 잘 치르고 있는 것 같지?",
            "speaker": {
              "id": "2번",
              "sex": "여성",
              "age": "20대"
            },
            "speechAct": "(지시) 질문하기",
            "morpheme": "그래도/MAJ+다/MAG+들/XSN+잘/MAG+치르/VV+고/EC+있/VX+는/ETM+것/NNB+같/VA+지/EF"
          },
          {
            "id": 6,
            "text": "1 : 응 걱정했던 것보다는 잘 진행되고 있는 것 같은데 그래도 올림픽 선수촌에서도 확진자가 나오고 해서 안심하면 안 될 것 같아...",
            "norm_text": "응 걱정했던 것보다는 잘 진행되고 있는 것 같은데 그래도 올림픽 선수촌에서도 확진자가 나오고 해서 안심하면 안 될 것 같아...",
            "speaker": {
              "id": "1번",
              "sex": "여성",
              "age": "20대"
            },
            "speechAct": "(단언) 주장하기",
            "morpheme": "응/IC+걱정/NNG+했/XSV+EP+던/ETM+것/NNB+보다/JKB+는/JX+잘/MAG+진행/NNG+되/XSV+고/EC+있/VX+는/ETM+것/NNB+같/VA+은/ETM+데/NNB+그래도/VV+EC+올림픽/NNP+선수촌/NNG+에서/JKB+도/JX+확진/NNG+자/XSN+가/JKS+나오/VV+고/EC+해서/VV+EC+안심/NNG+하/XSV+면/EC+안/MAG+될/VV+ETM+것/NNB+같/VA+아/EF+./SY"
          },
          {
            "id": 7,
            "text": "1 : 전 세계인이 모이는 자리니까 자칫하면 큰일 날 수도 있잖아 ㅠㅠ",
            "norm_text": "전 세계인이 모이는 자리니까 자칫하면 큰일 날 수도 있잖아 ㅠㅠ",
            "speaker": {
              "id": "1번",
              "sex": "여성",
              "age": "20대"
            },
            "speechAct": "(단언) 주장하기",
            "morpheme": "전/MM+세계인/NNG+이/JKS+모이/VV+는/ETM+자리/NNG+니까/VCP+EC+자칫/MAG+하/XSA+면/EC+큰일날/VV+ETM+수/NNB+도/JX+있/VA+잖아/EF+ㅠㅠ/UNKNOWN"
          },
          {
            "id": 8,
            "text": "2 : 아 맞네...",
            "norm_text": "아 맞네...",
            "speaker": {
              "id": "2번",
              "sex": "여성",
              "age": "20대"
            },
            "speechAct": "(단언) 주장하기",
            "morpheme": "아/IC+맞/VV+네/EF+./SY"
          },
          {
            "id": 9,
            "text": "2 : 너무 많은 나라들이 모여서 불안한 건 어쩔 수 없는 것 같아",
            "norm_text": "너무 많은 나라들이 모여서 불안한 건 어쩔 수 없는 것 같아",
            "speaker": {
              "id": "2번",
              "sex": "여성",
              "age": "20대"
            },
            "speechAct": "(단언) 주장하기",
            "morpheme": "너무/MAG+많/VA+은/ETM+나라/NNG+들/XSN+이/JKS+모여서/VV+EC+불안/NNG+한/XSA+ETM+건/NNB+JX+어쩔/VV+ETM+수/NNB+없/VA+는/ETM+것/NNB+같/VA+아/EC"
          },
          {
            "id": 10,
            "text": "2 : 해외에서는 그래도 우리나라를 코로나 모범국으로 보고 있는데 맞는다고 생각해?",
            "norm_text": "해외에서는 그래도 우리나라를 코로나 모범국으로 보고 있는데 맞는다고 생각해?",
            "speaker": {
              "id": "2번",
              "sex": "여성",
              "age": "20대"
            },
            "speechAct": "(지시) 질문하기",
            "morpheme": "해외/NNG+에서/JKB+는/JX+그래도/MAJ+우리/NP+나라/NNG+를/JKO+코로나/NNG+모범/NNG+국/NNG+으로/JKB+보/VV+고/EC+있/VX+는/ETM+데/NNB+맞/VV+는다고/EC+생각/NNG+해/XSV+EF"
          },
          {
            "id": 11,
            "text": "1 : 초반에는 어느 정도 대처도 잘 하고 맞는다고 생각했는데 요즘은 확진자가 너무 많이 늘어서 그렇지도 않은 거 같아 ㅠㅠ",
            "norm_text": "초반에는 어느 정도 대처도 잘 하고 맞는다고 생각했는데 요즘은 확진자가 너무 많이 늘어서 그렇지도 않은 거 같아 ㅠㅠ",
            "speaker": {
              "id": "1번",
              "sex": "여성",
              "age": "20대"
            },
            "speechAct": "(단언) 주장하기",
            "morpheme": "초반/NNG+에/JKB+는/JX+어느/MM+정도/NNG+대처/NNG+도/JX+잘/MAG+하/VV+고/EC+맞/VV+는다고/EC+생각/NNG+했/XSV+EP+는데/EC+요즘/NNG+은/JX+확진/NNG+자/XSN+가/JKS+너무/MAG+많이/MAG+늘/VV+어서/EC+그렇/VA+지/EC+도/JX+않/VX+은/ETM+거/NNB+같/VA+아/EC+ㅠㅠ/UNKNOWN"
          },
          {
            "id": 12,
            "text": "1 : 해외는 우리나라보다 법이 더 엄격한 거 같은데 그건 어떻게 생각해?",
            "norm_text": "해외는 우리나라보다 법이 더 엄격한 거 같은데 그건 어떻게 생각해?",
            "speaker": {
              "id": "1번",
              "sex": "여성",
              "age": "20대"
            },
            "speechAct": "(지시) 질문하기",
            "morpheme": "해외/NNG+는/JX+우리/NP+나라/NNG+보다/JKB+법/NNG+이/JKS+더/MAG+엄격/XR+한/XSA+ETM+거/NNB+같/VA+은데/EC+그건/NP+JX+어떻/VA+게/EC+생각/NNG+해/XSV+EF"
          },
          {
            "id": 13,
            "text": "2 : 사실 난 우리나라 법을 되게 나쁘게 생각해서 해외가 정상이라고 생각해",
            "norm_text": "사실 난 우리나라 법을 되게 나쁘게 생각해서 해외가 정상이라고 생각해",
            "speaker": {
              "id": "2번",
              "sex": "여성",
              "age": "20대"
            },
            "speechAct": "(단언) 주장하기",
            "morpheme": "사실/MAG+난/NP+JX+우리/NP+나라/NNG+법/NNG+을/JKO+되게/MAG+나쁘/VA+게/EC+생각/NNG+해서/XSV+EC+해외/NNG+가/JKS+정상/NNG+이/VCP+라고/EC+생각/NNG+해/XSV+EC"
          },
          {
            "id": 14,
            "text": "2 : 우리나라는 뭐든 형량이 너무 낮아서 사건 하나 터질 때마다 사람들이 욕하잖아",
            "norm_text": "우리나라는 뭐든 형량이 너무 낮아서 사건 하나 터질 때마다 사람들이 욕하잖아",
            "speaker": {
              "id": "2번",
              "sex": "여성",
              "age": "20대"
            },
            "speechAct": "(단언) 진술하기",
            "morpheme": "우리/NP+나라/NNG+는/JX+뭐/NP+든/VCP+EC+형량/NNG+이/JKS+너무/MAG+낮/VA+아서/EC+사건/NNG+하나/NR+터질/VV+ETM+때/NNG+마다/JX+사람/NNG+들/XSN+이/JKS+욕하/VV+잖아/EC"
          },
          {
            "id": 15,
            "text": "2 : 해외는 살인 사건 하나만 나도 막 2, 30년 형에 무기징역도 받고 그러는데 그게 맞는다고 생각하지 않아?",
            "norm_text": "해외는 살인 사건 하나만 나도 막 2, 30년 형에 무기징역도 받고 그러는데 그게 맞는다고 생각하지 않아?",
            "speaker": {
              "id": "2번",
              "sex": "여성",
              "age": "20대"
            },
            "speechAct": "(지시) 질문하기",
            "morpheme": "해외/NNG+는/JX+살인/NNG+사건/NNG+하나/NR+만나/NNG+도막/NNG+2/SN+,/SC+30/SN+년/NNBC+형/XSN+에/JKB+무기/NNG+징역/NNG+도/JX+받/VV+고/EC+그러/VV+는데/EC+그게/NP+JKS+맞/VV+는다고/EC+생각/NNG+하/XSV+지/EC+않/VX+아/EF"
          },
          {
            "id": 16,
            "text": "1 : 응 그게 맞지!",
            "norm_text": "응 그게 맞지!",
            "speaker": {
              "id": "1번",
              "sex": "여성",
              "age": "20대"
            },
            "speechAct": "(단언) 주장하기",
            "morpheme": "응/IC+그게/NP+JKS+맞/VV+지/EF"
          },
          {
            "id": 17,
            "text": "1 : 음주나 심신미약으로 감형 받는 경우가 너무 많은 거 같아 우리나라는 ㅠㅠ",
            "norm_text": "음주나 심신미약으로 감형 받는 경우가 너무 많은 거 같아 우리나라는 ㅠㅠ",
            "speaker": {
              "id": "1번",
              "sex": "여성",
              "age": "20대"
            },
            "speechAct": "(단언) 진술하기",
            "morpheme": "음주/NNG+나/JC+심신/NNG+미약/NNG+으로/JKB+감형/NNG+받/VV+는/ETM+경우/NNG+가/JKS+너무/MAG+많/VA+은/ETM+거/NNB+같/VA+아/EC+우리/NP+나라/NNG+는/JX+ㅠㅠ/UNKNOWN"
          },
          {
            "id": 18,
            "text": "1 : 강력 범죄에는 저렇게 강하게 대처해야 하는 게 맞는다고 생각해",
            "norm_text": "강력 범죄에는 저렇게 강하게 대처해야 하는 게 맞는다고 생각해",
            "speaker": {
              "id": "1번",
              "sex": "여성",
              "age": "20대"
            },
            "speechAct": "(단언) 주장하기",
            "morpheme": "강력범/NNG+죄/NNG+에/JKB+는/JX+저렇/VA+게/EC+강/XR+하/XSA+게/EC+대처/NNG+해야/XSV+EC+하/VV+는/ETM+게/NNB+JKS+맞/VV+는다고/EC+생각/NNG+해/XSV+EC"
          },
          {
            "id": 19,
            "text": "2 : 우리나라의 모든 법이 해외를 따라가면 난 좀 더 선진국이 될 수 있을 것 같지 않아?",
            "norm_text": "우리나라의 모든 법이 해외를 따라가면 난 좀 더 선진국이 될 수 있을 것 같지 않아?",
            "speaker": {
              "id": "2번",
              "sex": "여성",
              "age": "20대"
            },
            "speechAct": "(지시) 질문하기",
            "morpheme": "우리/NP+나라/NNG+의/JKG+모든/MM+법/NNG+이/JKS+해외/NNG+를/JKO+따라가/VV+면/EC+난/NP+JX+좀/MAG+더/MAG+선진국/NNG+이/JKS+될/VV+ETM+수/NNB+있/VV+을/ETM+것/NNB+같/VA+지/EC+않/VX+아/EF"
          },
          {
            "id": 20,
            "text": "1 : 응 맞아 좀 변할 필요가 있다고 생각해!",
            "norm_text": "응 맞아 좀 변할 필요가 있다고 생각해!",
            "speaker": {
              "id": "1번",
              "sex": "여성",
              "age": "20대"
            },
            "speechAct": "(단언) 주장하기",
            "morpheme": "응/IC+맞아/IC+좀/MAG+변할/VV+ETM+필요/NNG+가/JKS+있/VA+다고/EC+생각/NNG+해/XSV+EF"
          },
          {
            "id": 21,
            "text": "1 : 선진국 대열에 합류했다고 하지만 아직 많은 부분이 부족한 거 같지?",
            "norm_text": "선진국 대열에 합류했다고 하지만 아직 많은 부분이 부족한 거 같지?",
            "speaker": {
              "id": "1번",
              "sex": "여성",
              "age": "20대"
            },
            "speechAct": "(지시) 질문하기",
            "morpheme": "선진국/NNG+대열/NNG+에/JKB+합류/NNG+했/XSV+EP+다고/EC+하/VV+지만/EC+아직/MAG+많/VA+은/ETM+부분/NNG+이/JKS+부족/NNG+한/XSA+ETM+거/NNB+같/VA+지/EF"
          },
          {
            "id": 22,
            "text": "2 : 법 체계가 바뀌면 확 좋아질 것 같긴 한데 말야...",
            "norm_text": "법 체계가 바뀌면 확 좋아질 것 같긴 한데 말야...",
            "speaker": {
              "id": "2번",
              "sex": "여성",
              "age": "20대"
            },
            "speechAct": "(단언) 주장하기",
            "morpheme": "법체계/NNG+가/JKS+바뀌/VV+면/EC+확/MAG+좋/VA+아/EC+질/VX+ETM+것/NNB+같/VA+긴/ETN+JX+한데/VX+EC+말/VX+야/EF+./SY"
          },
          {
            "id": 23,
            "text": "2 : 그래도 의료 강국으로 다른 나라에서 우리를 좀 좋게 보는 건 좋은 것 같아",
            "norm_text": "그래도 의료 강국으로 다른 나라에서 우리를 좀 좋게 보는 건 좋은 것 같아",
            "speaker": {
              "id": "2번",
              "sex": "여성",
              "age": "20대"
            },
            "speechAct": "(단언) 주장하기",
            "morpheme": "그래도/MAJ+의료/NNG+강국/NNG+으로/JKB+다른/MM+나라/NNG+에서/JKB+우리/NP+를/JKO+좀/MAG+좋/VA+게/EC+보/VX+는/ETM+건/NNB+JX+좋/VA+은/ETM+것/NNB+같/VA+아/EC"
          },
          {
            "id": 24,
            "text": "1 : 맞아 해외에 사는 한국인들도 아프거나 수술해야 할 일이 있을 때 한국으로 들어오기도 하잖아",
            "norm_text": "맞아 해외에 사는 한국인들도 아프거나 수술해야 할 일이 있을 때 한국으로 들어오기도 하잖아",
            "speaker": {
              "id": "1번",
              "sex": "여성",
              "age": "20대"
            },
            "speechAct": "(단언) 진술하기",
            "morpheme": "맞/VV+아/EC+해외/NNG+에/JKB+사/VV+는/ETM+한국인/NNG+들/XSN+도/JX+아프/VA+거나/EC+수술/NNG+해야/XSV+EC+할/VX+ETM+일/NNG+이/JKS+있/VV+을/ETM+때/NNG+한국/NNP+으로/JKB+들어오/VV+기/ETN+도/JX+하/VV+잖아/EC"
          },
          {
            "id": 25,
            "text": "2 : 응 인력난 부족으로 많이 문제가 일어나는 것 같긴 한데 나 같아도 그렇게 할 거야 아마",
            "norm_text": "응 인력난 부족으로 많이 문제가 일어나는 것 같긴 한데 나 같아도 그렇게 할 거야 아마",
            "speaker": {
              "id": "2번",
              "sex": "여성",
              "age": "20대"
            },
            "speechAct": "(단언) 주장하기",
            "morpheme": "응/IC+인력난/NNG+부족/NNG+으로/JKB+많이/MAG+문제/NNG+가/JKS+일어나/VV+는/ETM+것/NNB+같/VA+긴/ETN+JX+한데/VX+EC+나/NP+같/VA+아도/EC+그렇게/MAG+할/VV+ETM+거/NNB+야/VCP+EF+아마/MAG"
          },
          {
            "id": 26,
            "text": "2 : 의료인 대우가 좀 좋아졌으면 좋겠다",
            "norm_text": "의료인 대우가 좀 좋아졌으면 좋겠다",
            "speaker": {
              "id": "2번",
              "sex": "여성",
              "age": "20대"
            },
            "speechAct": "(단언) 주장하기",
            "morpheme": "의료/NNG+인/VCP+ETM+대우/NNG+가/JKS+좀/MAG+좋/VA+아/EC+졌으면/VX+EP+EC+좋/VA+겠/EP+다/EC"
          },
          {
            "id": 27,
            "text": "1 : 해외에서는 우리보다 훨씬 좋을 것 같아 대우가",
            "norm_text": "해외에서는 우리보다 훨씬 좋을 것 같아 대우가",
            "speaker": {
              "id": "1번",
              "sex": "여성",
              "age": "20대"
            },
            "speechAct": "(단언) 주장하기",
            "morpheme": "해외/NNG+에서/JKB+는/JX+우리/NP+보다/JKB+훨씬/MAG+좋/VA+을/ETM+것/NNB+같/VA+아/EC+대우/NNG+가/JKS"
          },
          {
            "id": 28,
            "text": "1 : 잘은 모르지만 그럴 것 같지?",
            "norm_text": "잘은 모르지만 그럴 것 같지?",
            "speaker": {
              "id": "1번",
              "sex": "여성",
              "age": "20대"
            },
            "speechAct": "(지시) 질문하기",
            "morpheme": "잘/MAG+은/JX+모르/VV+지만/EC+그럴/VV+ETM+것/NNB+같/VA+지/EF"
          },
          {
            "id": 29,
            "text": "2 : 응 뭐든 우리나라보다는 더 좋을 것 같아",
            "norm_text": "응 뭐든 우리나라보다는 더 좋을 것 같아",
            "speaker": {
              "id": "2번",
              "sex": "여성",
              "age": "20대"
            },
            "speechAct": "(단언) 주장하기",
            "morpheme": "응/IC+뭐/NP+든/VCP+EC+우리/NP+나라/NNG+보다/JKB+는/JX+더/MAG+좋/VA+을/ETM+것/NNB+같/VA+아/EC"
          },
          {
            "id": 30,
            "text": "1 : 그치",
            "norm_text": "그치",
            "speaker": {
              "id": "1번",
              "sex": "여성",
              "age": "20대"
            },
            "speechAct": "(단언) 주장하기",
            "morpheme": "그치/IC"
          },
          {
            "id": 31,
            "text": "1 : 이번에 일본에서 어떤 선수 금메달을 일본 시장이 마스크 내리고 앙 문 거 봤어?",
            "norm_text": "이번에 일본에서 어떤 선수 금메달을 일본 시장이 마스크 내리고 앙 문 거 봤어?",
            "speaker": {
              "id": "1번",
              "sex": "여성",
              "age": "20대"
            },
            "speechAct": "(지시) 질문하기",
            "morpheme": "이번/NNG+에/JKB+일본/NNP+에서/JKB+어떤/MM+선수/NNG+금메달/NNG+을/JKO+일본/NNP+시장/NNG+이/JKS+마스크/NNG+내리/VV+고/EC+앙/MAG+문/VV+ETM+거/NNB+봤/VV+EP+어/EF"
          },
          {
            "id": 32,
            "text": "1 : 남의 금메달이기도 하고 코로나 사태가 심각한데 이건 좀 아닌 거 같지 않아?",
            "norm_text": "남의 금메달이기도 하고 코로나 사태가 심각한데 이건 좀 아닌 거 같지 않아?",
            "speaker": {
              "id": "1번",
              "sex": "여성",
              "age": "20대"
            },
            "speechAct": "(지시) 질문하기",
            "morpheme": "남/NNG+의/JKG+금메달/NNG+이/VCP+기/ETN+도/JX+하/VV+고/EC+코로나/NNG+사태/NNG+가/JKS+심각/XR+한데/XSA+EC+이건/NP+JX+좀/MAG+아닌/VCN+ETM+거/NNB+같/VA+지/EC+않/VX+아/EF"
          },
          {
            "id": 33,
            "text": "2 : 아 맞아맞아 그거 너무 개념 없어 보이더라",
            "norm_text": "아 맞아맞아 그거 너무 개념 없어 보이더라",
            "speaker": {
              "id": "2번",
              "sex": "여성",
              "age": "20대"
            },
            "speechAct": "(단언) 주장하기",
            "morpheme": "아/IC+맞/VV+아/EC+맞/VV+아/EC+그거/NP+너무/MAG+개념/NNG+없/VA+어/EC+보이/VV+더라/EC"
          },
          {
            "id": 34,
            "text": "2 : 생각을 좀 잘하지...",
            "norm_text": "생각을 좀 잘하지...",
            "speaker": {
              "id": "2번",
              "sex": "여성",
              "age": "20대"
            },
            "speechAct": "(단언) 주장하기",
            "morpheme": "생각/NNG+을/JKO+좀/MAG+잘/MAG+하/VV+지/EF+./SY"
          }
        ]
      }
    }
  ]
}