{
  "dataset": {
    "identifier": 129753,
    "name": "NATEON_43_02_set",
    "src_path": "/data/file/cubeManager/PROJECT001/84/txt20211104173553023682/NATEON_43_02_set/",
    "label_path": "/data/file/cubeManager/PROJECT001/84/txt20211104173553023682/NATEON_43_02_set/",
    "category": 2,
    "type": 0
  },
  "licenses": {
    "name": "Apache License 1.0",
    "url": "http://www.apache.org/licenses/LICENSE-1.0"
  },
  "info": [
    {
      "id": 137249,
      "filename": "NATEON_43_02.txt",
      "title": "NATEON_43_02",
      "mediatype": "메신저",
      "medianame": "네이트온",
      "category": "일상대화",
      "date": "2021-11-04",
      "size": 403,
      "annotations": {
        "subject": "주거와 생활",
        "speaker_type": "다자간 대화",
        "size": 403,
        "word_size": 149,
        "text": "1 : 나 이번에 등받이 의자 샀어\n2 : 오 그거 좋지\n2 : 편해?\n3 : 등받이 의자 부럽다\n3 : 편하겠다\n1 : 요즘 허리가 너무 굽어서 하하\n1 : 샀지!\n2 : 나도 의자 하나 사고 싶다 키키\n3 : 진짜 어디서 샀어\n3 : 나도 살래\n1 : 커블 체어도 많이 사던데\n2 : 자세 교정 해야 되는데 키키\n2 : 자세 안 좋아서 키키\n3 : 허리 아파 죽겠다 나도\n1 : 김연경이 선전해서 나도 샀어...\n2 : 커블 체어 그거 엄청 유명하잖아 키키\n3 : 자세 교정 할래\n3 : 나도\n1 : 홀린 듯이 내가 사 버렸잖아 또...\n2 : 식빵 누님이 했으면 사야지 그럼 키키\n3 : 아 진짜 유명한 거야?\n3 : 나만 몰라 또\n1 : 의자에 그거 놔두고 써야지...\n2 : 키키 어어\n2 : 두고두고 그거 써 키키\n3 : 아 진짜 그럼 사야겠다\n3 : 나도",
        "lines": [
          {
            "id": 1,
            "text": "1 : 나 이번에 등받이 의자 샀어",
            "norm_text": "나 이번에 등받이 의자 샀어",
            "speaker": {
              "id": "1번",
              "sex": "여성",
              "age": "20대"
            },
            "speechAct": "(단언) 진술하기",
            "morpheme": "나/NP+이번/NNG+에/JKB+등받이/NNG+의자/NNG+샀/VV+EP+어/EC"
          },
          {
            "id": 2,
            "text": "2 : 오 그거 좋지",
            "norm_text": "오 그거 좋지",
            "speaker": {
              "id": "2번",
              "sex": "남성",
              "age": "20대"
            },
            "speechAct": "(단언) 주장하기",
            "morpheme": "오/IC+그거/NP+좋/VA+지/EC"
          },
          {
            "id": 3,
            "text": "2 : 편해?",
            "norm_text": "편해?",
            "speaker": {
              "id": "2번",
              "sex": "남성",
              "age": "20대"
            },
            "speechAct": "(지시) 질문하기",
            "morpheme": "편해/VA+EF"
          },
          {
            "id": 4,
            "text": "3 : 등받이 의자 부럽다",
            "norm_text": "등받이 의자 부럽다",
            "speaker": {
              "id": "3번",
              "sex": "남성",
              "age": "20대"
            },
            "speechAct": "(단언) 주장하기",
            "morpheme": "등받이/NNG+의자/NNG+부럽/VA+다/EC"
          },
          {
            "id": 5,
            "text": "3 : 편하겠다",
            "norm_text": "편하겠다",
            "speaker": {
              "id": "3번",
              "sex": "남성",
              "age": "20대"
            },
            "speechAct": "(단언) 주장하기",
            "morpheme": "편하/VA+겠/EP+다/EC"
          },
          {
            "id": 6,
            "text": "1 : 요즘 허리가 너무 굽어서 하하",
            "norm_text": "요즘 허리가 너무 굽어서 하하",
            "speaker": {
              "id": "1번",
              "sex": "여성",
              "age": "20대"
            },
            "speechAct": "(단언) 주장하기",
            "morpheme": "요즘/NNG+허리/NNG+가/JKS+너무/MAG+굽/VV+어서/EC+하하/MAG"
          },
          {
            "id": 7,
            "text": "1 : 샀지!",
            "norm_text": "샀지!",
            "speaker": {
              "id": "1번",
              "sex": "여성",
              "age": "20대"
            },
            "speechAct": "(단언) 진술하기",
            "morpheme": "샀/VV+EP+지/EF"
          },
          {
            "id": 8,
            "text": "2 : 나도 의자 하나 사고 싶다 키키",
            "norm_text": "나도 의자 하나 사고 싶다 키키",
            "speaker": {
              "id": "2번",
              "sex": "남성",
              "age": "20대"
            },
            "speechAct": "(단언) 주장하기",
            "morpheme": "나/NP+도/JX+의자/NNG+하나/NR+사/VV+고/EC+싶/VX+다키키/NNP"
          },
          {
            "id": 9,
            "text": "3 : 진짜 어디서 샀어",
            "norm_text": "진짜 어디서 샀어",
            "speaker": {
              "id": "3번",
              "sex": "남성",
              "age": "20대"
            },
            "speechAct": "(지시) 질문하기",
            "morpheme": "진짜/MAG+어디/NP+서/JKB+샀/VV+EP+어/EC"
          },
          {
            "id": 10,
            "text": "3 : 나도 살래",
            "norm_text": "나도 살래",
            "speaker": {
              "id": "3번",
              "sex": "남성",
              "age": "20대"
            },
            "speechAct": "(단언) 주장하기",
            "morpheme": "나/NP+도/JX+살래/VV+EC"
          },
          {
            "id": 11,
            "text": "1 : 커블 체어도 많이 사던데",
            "norm_text": "커블 체어도 많이 사던데",
            "speaker": {
              "id": "1번",
              "sex": "여성",
              "age": "20대"
            },
            "speechAct": "(단언) 주장하기",
            "morpheme": "커/VA+EC+블/NNG+체어/NNG+도/JX+많이/MAG+사/VV+던데/EC"
          },
          {
            "id": 12,
            "text": "2 : 자세 교정 해야 되는데 키키",
            "norm_text": "자세 교정 해야 되는데 키키",
            "speaker": {
              "id": "2번",
              "sex": "남성",
              "age": "20대"
            },
            "speechAct": "(단언) 주장하기",
            "morpheme": "자세/NNG+교정/NNG+해야/XSV+EC+되/VV+는데/EC+키/NNG+키/XSV+ETN"
          },
          {
            "id": 13,
            "text": "2 : 자세 안 좋아서 키키",
            "norm_text": "자세 안 좋아서 키키",
            "speaker": {
              "id": "2번",
              "sex": "남성",
              "age": "20대"
            },
            "speechAct": "(단언) 주장하기",
            "morpheme": "자세/MAG+안/MAG+좋/VA+아서/EC+키/NNG+키/XSV+ETN"
          },
          {
            "id": 14,
            "text": "3 : 허리 아파 죽겠다 나도",
            "norm_text": "허리 아파 죽겠다 나도",
            "speaker": {
              "id": "3번",
              "sex": "남성",
              "age": "20대"
            },
            "speechAct": "(단언) 주장하기",
            "morpheme": "허리/NNG+아파/VA+EC+죽/VV+겠/EP+다/EF+나/NP+도/JX"
          },
          {
            "id": 15,
            "text": "1 : 김연경이 선전해서 나도 샀어...",
            "norm_text": "김연경이 선전해서 나도 샀어...",
            "speaker": {
              "id": "1번",
              "sex": "여성",
              "age": "20대"
            },
            "speechAct": "(단언) 진술하기",
            "morpheme": "김연경/NNP+이/JKS+선전/NNG+해서/XSV+EC+나/NP+도/JX+샀/VV+EP+어/EF+./SY"
          },
          {
            "id": 16,
            "text": "2 : 커블 체어 그거 엄청 유명하잖아 키키",
            "norm_text": "커블 체어 그거 엄청 유명하잖아 키키",
            "speaker": {
              "id": "2번",
              "sex": "남성",
              "age": "20대"
            },
            "speechAct": "(단언) 주장하기",
            "morpheme": "커/VA+EC+블/NNG+체어/NNG+그거/NP+엄청/MAG+유명/NNG+하/XSV+잖아/EC+키/NNG+키/XSV+ETN"
          },
          {
            "id": 17,
            "text": "3 : 자세 교정 할래",
            "norm_text": "자세 교정 할래",
            "speaker": {
              "id": "3번",
              "sex": "남성",
              "age": "20대"
            },
            "speechAct": "(단언) 주장하기",
            "morpheme": "자세/NNG+교정/NNG+할래/XSV+EC"
          },
          {
            "id": 18,
            "text": "3 : 나도",
            "norm_text": "나도",
            "speaker": {
              "id": "3번",
              "sex": "남성",
              "age": "20대"
            },
            "speechAct": "(단언) 주장하기",
            "morpheme": "나/NP+도/JX"
          },
          {
            "id": 19,
            "text": "1 : 홀린 듯이 내가 사 버렸잖아 또...",
            "norm_text": "홀린 듯이 내가 사 버렸잖아 또...",
            "speaker": {
              "id": "1번",
              "sex": "여성",
              "age": "20대"
            },
            "speechAct": "(단언) 주장하기",
            "morpheme": "홀린/VV+ETM+듯이/NNB+내/NP+가/JKS+사/VV+EC+버렸/VX+EP+잖아/EF+또/MAG+./SY"
          },
          {
            "id": 20,
            "text": "2 : 식빵 누님이 했으면 사야지 그럼 키키",
            "norm_text": "식빵 누님이 했으면 사야지 그럼 키키",
            "speaker": {
              "id": "2번",
              "sex": "남성",
              "age": "20대"
            },
            "speechAct": "(단언) 주장하기",
            "morpheme": "식빵/NNG+누님/NNG+이/JKS+했/VV+EP+으면/EC+사/VV+야지/EF+그럼/MAJ+키/NNG+키/XSV+ETN"
          },
          {
            "id": 21,
            "text": "3 : 아 진짜 유명한 거야?",
            "norm_text": "아 진짜 유명한 거야?",
            "speaker": {
              "id": "3번",
              "sex": "남성",
              "age": "20대"
            },
            "speechAct": "(지시) 질문하기",
            "morpheme": "아/IC+진짜/MAG+유명/XR+한/XSA+ETM+거/NNB+야/VCP+EF"
          },
          {
            "id": 22,
            "text": "3 : 나만 몰라 또",
            "norm_text": "나만 몰라 또",
            "speaker": {
              "id": "3번",
              "sex": "남성",
              "age": "20대"
            },
            "speechAct": "(단언) 주장하기",
            "morpheme": "나/NP+만/JX+몰라/VV+EF+또/MAG"
          },
          {
            "id": 23,
            "text": "1 : 의자에 그거 놔두고 써야지...",
            "norm_text": "의자에 그거 놔두고 써야지...",
            "speaker": {
              "id": "1번",
              "sex": "여성",
              "age": "20대"
            },
            "speechAct": "(단언) 주장하기",
            "morpheme": "의자/NNG+에/JKB+그거/NP+놔두/VV+고/EC+써야지/VV+EF+./SY"
          },
          {
            "id": 24,
            "text": "2 : 키키 어어",
            "norm_text": "키키 어어",
            "speaker": {
              "id": "2번",
              "sex": "남성",
              "age": "20대"
            },
            "speechAct": "(단언) 주장하기",
            "morpheme": "키/NNG+키/XSV+ETN+어/IC+어/IC"
          },
          {
            "id": 25,
            "text": "2 : 두고두고 그거 써 키키",
            "norm_text": "두고두고 그거 써 키키",
            "speaker": {
              "id": "2번",
              "sex": "남성",
              "age": "20대"
            },
            "speechAct": "(단언) 주장하기",
            "morpheme": "두고두고/MAG+그거/NP+써/VV+EC+키/NNG+키/XSV+ETN"
          },
          {
            "id": 26,
            "text": "3 : 아 진짜 그럼 사야겠다",
            "norm_text": "아 진짜 그럼 사야겠다",
            "speaker": {
              "id": "3번",
              "sex": "남성",
              "age": "20대"
            },
            "speechAct": "(언약) 약속하기(제3자와)/(개인적 수준)",
            "morpheme": "아/IC+진짜/MAG+그럼/MAJ+사/VV+야겠다/EC+VX+EP+EC"
          },
          {
            "id": 27,
            "text": "3 : 나도",
            "norm_text": "나도",
            "speaker": {
              "id": "3번",
              "sex": "남성",
              "age": "20대"
            },
            "speechAct": "(단언) 주장하기",
            "morpheme": "나/NP+도/JX"
          }
        ]
      }
    }
  ]
}