{
  "dataset": {
    "identifier": 118408,
    "name": "NATEON_30_12_set",
    "src_path": "/data/file/cubeManager/PROJECT001/80/txt20211102113529057476/NATEON_30_12_set/",
    "label_path": "/data/file/cubeManager/PROJECT001/80/txt20211102113529057476/NATEON_30_12_set/",
    "category": 2,
    "type": 0
  },
  "licenses": {
    "name": "Apache License 1.0",
    "url": "http://www.apache.org/licenses/LICENSE-1.0"
  },
  "info": [
    {
      "id": 129975,
      "filename": "NATEON_30_12.txt",
      "title": "NATEON_30_12",
      "mediatype": "메신저",
      "medianame": "네이트온",
      "category": "일상대화",
      "date": "2021-11-02",
      "size": 474,
      "annotations": {
        "subject": "여행",
        "speaker_type": "다자간 대화",
        "size": 474,
        "word_size": 170,
        "text": "1 : 나 이번에 인천 다녀올 거야 하하\n2 : 인천?\n2 : 차이나 타운 거기 다녀오려고?\n3 : 오 인천 차이나 타운?\n1 : 아니!\n1 : 인천 하면 송도 아니냐!\n2 : 아 송도도 유명하지 키키\n2 :  거기 대한 민국 만세 살던 데 아닌가\n3 : 나는 인천 한 번도 안 가 봤어 ㅠ\n1 : 응 맞아 ㅠ\n1 : 근데 사실 차이나 타운 가는 거 맞아 키키\n2 : 뭐야 키키\n2 : 근데 난 차이나 타운 안 가 봤어 ㅠ\n3 : 키키 야 너 지금 뭐 하는 거야\n1 : 아니\n1 : 이봉원이 거기서 중국집 한다고 해서 가 보려고...\n2 : 차이나 타운 가면 진짜로 짜장면 맛있으려나...\n3 : 너 또 유투브에서 봤구나\n1 : 가서 먹어 보고 후기 얘기해 줄게...\n2 : 이렇게 sns가 위험합니다...\n3 : 키키 너도 같이 따라가는 거 아니야?\n1 : 설마 나를 따라오려고?\n2 : 키키 아니야\n2 : 나는 나중에 후기 듣고 가야지 하하\n3 : 키키 아니\n3 : 나는 절대 안 갑니다~",
        "lines": [
          {
            "id": 1,
            "text": "1 : 나 이번에 인천 다녀올 거야 하하",
            "norm_text": "나 이번에 인천 다녀올 거야 하하",
            "speaker": {
              "id": "1번",
              "sex": "여성",
              "age": "20대"
            },
            "speechAct": "(단언) 주장하기",
            "morpheme": "나/NP+이번/NNG+에/JKB+인천/NNP+다녀올/VV+ETM+거/NNB+야/VCP+EF+하하/MAG"
          },
          {
            "id": 2,
            "text": "2 : 인천?",
            "norm_text": "인천?",
            "speaker": {
              "id": "2번",
              "sex": "여성",
              "age": "20대"
            },
            "speechAct": "(지시) 질문하기",
            "morpheme": "인천/NNP"
          },
          {
            "id": 3,
            "text": "2 : 차이나 타운 거기 다녀오려고?",
            "norm_text": "차이나 타운 거기 다녀오려고?",
            "speaker": {
              "id": "2번",
              "sex": "여성",
              "age": "20대"
            },
            "speechAct": "(지시) 질문하기",
            "morpheme": "차이나타운/NNG+거기/NP+다녀오/VV+려고/EF"
          },
          {
            "id": 4,
            "text": "3 : 오 인천 차이나 타운?",
            "norm_text": "오 인천 차이나 타운?",
            "speaker": {
              "id": "3번",
              "sex": "남성",
              "age": "20대"
            },
            "speechAct": "(지시) 질문하기",
            "morpheme": "오인천/NNP+차이나타운/NNG"
          },
          {
            "id": 5,
            "text": "1 : 아니!",
            "norm_text": "아니!",
            "speaker": {
              "id": "1번",
              "sex": "여성",
              "age": "20대"
            },
            "speechAct": "(단언) 반박하기",
            "morpheme": "아니/IC"
          },
          {
            "id": 6,
            "text": "1 : 인천 하면 송도 아니냐!",
            "norm_text": "인천 하면 송도 아니냐!",
            "speaker": {
              "id": "1번",
              "sex": "여성",
              "age": "20대"
            },
            "speechAct": "(단언) 주장하기",
            "morpheme": "인천/NNG+하/XSV+면/EC+송/NNG+도/JX+아니/VCN+냐/EF"
          },
          {
            "id": 7,
            "text": "2 : 아 송도도 유명하지 키키",
            "norm_text": "아 송도도 유명하지 키키",
            "speaker": {
              "id": "2번",
              "sex": "여성",
              "age": "20대"
            },
            "speechAct": "(단언) 주장하기",
            "morpheme": "아송/NNG+도/JX+도유명/NNG+하/XSV+지/EC+키/NNG+키/XSV+ETN"
          },
          {
            "id": 8,
            "text": "2 :  거기 대한 민국 만세 살던 데 아닌가",
            "norm_text": "거기 대한 민국 만세 살던 데 아닌가",
            "speaker": {
              "id": "2번",
              "sex": "여성",
              "age": "20대"
            },
            "speechAct": "(지시) 질문하기",
            "morpheme": "거기/NP+대한민국/NNP+만세/NNG+살/VV+던데/EC+아닌가/VCN+EC"
          },
          {
            "id": 9,
            "text": "3 : 나는 인천 한 번도 안 가 봤어 ㅠ",
            "norm_text": "나는 인천 한 번도 안 가 봤어 ㅠ",
            "speaker": {
              "id": "3번",
              "sex": "남성",
              "age": "20대"
            },
            "speechAct": "(단언) 진술하기",
            "morpheme": "나/NP+는/JX+인천/NNP+한/MM+번/NNBC+도/JX+안/MAG+가/VV+EC+봤/VX+EP+어ㅠ/UNKNOWN"
          },
          {
            "id": 10,
            "text": "1 : 응 맞아 ㅠ",
            "norm_text": "응 맞아 ㅠ",
            "speaker": {
              "id": "1번",
              "sex": "여성",
              "age": "20대"
            },
            "speechAct": "(단언) 주장하기",
            "morpheme": "응맞아ㅠ/UNKNOWN"
          },
          {
            "id": 11,
            "text": "1 : 근데 사실 차이나 타운 가는 거 맞아 키키",
            "norm_text": "근데 사실 차이나 타운 가는 거 맞아 키키",
            "speaker": {
              "id": "1번",
              "sex": "여성",
              "age": "20대"
            },
            "speechAct": "(단언) 주장하기",
            "morpheme": "근데/MAJ+사실/MAG+차이나타운/NNG+가/VV+는/ETM+거/NNB+맞/VV+아/EC+키/NNG+키/XSV+ETN"
          },
          {
            "id": 12,
            "text": "2 : 뭐야 키키",
            "norm_text": "뭐야 키키",
            "speaker": {
              "id": "2번",
              "sex": "여성",
              "age": "20대"
            },
            "speechAct": "(단언) 주장하기",
            "morpheme": "뭐/IC+야키/NNP+키/NNG"
          },
          {
            "id": 13,
            "text": "2 : 근데 난 차이나 타운 안 가 봤어 ㅠ",
            "norm_text": "근데 난 차이나 타운 안 가 봤어 ㅠ",
            "speaker": {
              "id": "2번",
              "sex": "여성",
              "age": "20대"
            },
            "speechAct": "(단언) 진술하기",
            "morpheme": "근데/MAJ+난/NP+JX+차이나타운/NNG+안/MAG+가/VV+EC+봤/VX+EP+어ㅠ/UNKNOWN"
          },
          {
            "id": 14,
            "text": "3 : 키키 야 너 지금 뭐 하는 거야",
            "norm_text": "키키 야 너 지금 뭐 하는 거야",
            "speaker": {
              "id": "3번",
              "sex": "남성",
              "age": "20대"
            },
            "speechAct": "(지시) 질문하기",
            "morpheme": "키키/NNP+야/JKV+너/NP+지금/MAG+뭐/IC+하/VV+는/ETM+거/NNB+야/VCP+EF"
          },
          {
            "id": 15,
            "text": "1 : 아니",
            "norm_text": "아니",
            "speaker": {
              "id": "1번",
              "sex": "여성",
              "age": "20대"
            },
            "speechAct": "(단언) 주장하기",
            "morpheme": "아니/IC"
          },
          {
            "id": 16,
            "text": "1 : 이봉원이 거기서 중국집 한다고 해서 가 보려고...",
            "norm_text": "이봉원이 거기서 중국집 한다고 해서 가 보려고...",
            "speaker": {
              "id": "1번",
              "sex": "여성",
              "age": "20대"
            },
            "speechAct": "(단언) 주장하기",
            "morpheme": "이봉원/NNP+이/JKS+거기/NP+서/JKB+중국집/NNG+한다고/XSV+EC+해서/VV+EC+가/JX+보/VX+려고/EF+./SY"
          },
          {
            "id": 17,
            "text": "2 : 차이나 타운 가면 진짜로 짜장면 맛있으려나...",
            "norm_text": "차이나 타운 가면 진짜로 짜장면 맛있으려나...",
            "speaker": {
              "id": "2번",
              "sex": "여성",
              "age": "20대"
            },
            "speechAct": "(단언) 주장하기",
            "morpheme": "차이나타운/NNG+가/VV+면/EC+진짜/NNG+로/JKB+짜장면/NNG+맛있/VA+으려나/EF+./SY"
          },
          {
            "id": 18,
            "text": "3 : 너 또 유투브에서 봤구나",
            "norm_text": "너 또 유투브에서 봤구나",
            "speaker": {
              "id": "3번",
              "sex": "남성",
              "age": "20대"
            },
            "speechAct": "(단언) 주장하기",
            "morpheme": "너/NP+또/MAG+유투/NNP+브/NNP+에서/JKB+봤/VV+EP+구나/EC"
          },
          {
            "id": 19,
            "text": "1 : 가서 먹어 보고 후기 얘기해 줄게...",
            "norm_text": "가서 먹어 보고 후기 얘기해 줄게...",
            "speaker": {
              "id": "1번",
              "sex": "여성",
              "age": "20대"
            },
            "speechAct": "(단언) 주장하기",
            "morpheme": "가/VV+서/EC+먹/VV+어/EC+보/VX+고/EC+후기/NNG+얘기/NNG+해/XSV+EC+줄게/VX+EF+./SY"
          },
          {
            "id": 20,
            "text": "2 : 이렇게 sns가 위험합니다...",
            "norm_text": "이렇게 sns가 위험합니다...",
            "speaker": {
              "id": "2번",
              "sex": "여성",
              "age": "20대"
            },
            "speechAct": "(단언) 주장하기",
            "morpheme": "이렇게/MAG+sns/SL+가/JKS+위험/NNG+합니다/XSV+EF+./SY"
          },
          {
            "id": 21,
            "text": "3 : 키키 너도 같이 따라가는 거 아니야?",
            "norm_text": "키키 너도 같이 따라가는 거 아니야?",
            "speaker": {
              "id": "3번",
              "sex": "남성",
              "age": "20대"
            },
            "speechAct": "(지시) 질문하기",
            "morpheme": "키/NNG+키/XSV+ETN+너/NP+도/JX+같이/MAG+따라가/VV+는/ETM+거/NNB+아니/VCN+야/EF"
          },
          {
            "id": 22,
            "text": "1 : 설마 나를 따라오려고?",
            "norm_text": "설마 나를 따라오려고?",
            "speaker": {
              "id": "1번",
              "sex": "여성",
              "age": "20대"
            },
            "speechAct": "(지시) 질문하기",
            "morpheme": "설마/MAG+나/NP+를/JKO+따라오/VV+려고/EF"
          },
          {
            "id": 23,
            "text": "2 : 키키 아니야",
            "norm_text": "키키 아니야",
            "speaker": {
              "id": "2번",
              "sex": "여성",
              "age": "20대"
            },
            "speechAct": "(단언) 반박하기",
            "morpheme": "키/NNG+키/XSV+ETN+아니/VCN+야/EC"
          },
          {
            "id": 24,
            "text": "2 : 나는 나중에 후기 듣고 가야지 하하",
            "norm_text": "나는 나중에 후기 듣고 가야지 하하",
            "speaker": {
              "id": "2번",
              "sex": "여성",
              "age": "20대"
            },
            "speechAct": "(단언) 주장하기",
            "morpheme": "나/NP+는/JX+나중/NNG+에/JKB+후기/NNG+듣/VV+고/EC+가/VX+야/EC+지하/NNG+하/XSV"
          },
          {
            "id": 25,
            "text": "3 : 키키 아니",
            "norm_text": "키키 아니",
            "speaker": {
              "id": "3번",
              "sex": "남성",
              "age": "20대"
            },
            "speechAct": "(단언) 반박하기",
            "morpheme": "키/NNG+키/XSV+ETN+아니/VCN"
          },
          {
            "id": 26,
            "text": "3 : 나는 절대 안 갑니다~",
            "norm_text": "나는 절대 안 갑니다~",
            "speaker": {
              "id": "3번",
              "sex": "남성",
              "age": "20대"
            },
            "speechAct": "(단언) 주장하기",
            "morpheme": "나/NP+는/JX+절대/MAG+안/MAG+갑니다/VV+EC+~/SY"
          }
        ]
      }
    }
  ]
}