{
  "dataset": {
    "identifier": 518,
    "name": "NATEON_23_10_set",
    "src_path": "/data/file/cubeManager/PROJECT001/7/txt20210826182121061667/NATEON_23_10_set/",
    "label_path": "/data/file/cubeManager/PROJECT001/7/txt20210826182121061667/NATEON_23_10_set/",
    "category": 2,
    "type": 0
  },
  "licenses": {
    "name": "Apache License 1.0",
    "url": "http://www.apache.org/licenses/LICENSE-1.0"
  },
  "info": [
    {
      "id": 809,
      "filename": "NATEON_23_10.txt",
      "title": "NATEON_23_10",
      "mediatype": "메신저",
      "medianame": "네이트온",
      "category": "일상대화",
      "date": "2021-08-26",
      "size": 937,
      "annotations": {
        "subject": "스포츠/레저",
        "speaker_type": "1:1",
        "size": 937,
        "word_size": 284,
        "text": "1 : 스포츠 중에 중계 자주 보시는 종목 있으세요?\n1 : 축구 야구 농구 배구 라던지~\n2 : 딱히 즐겨 보는 건 없는데 제일 좋아하고 잘했던 종목은 배드민턴이었어요!\n1 : 배드민턴 재밌죠!\n1 : 해보고 싶은 종목있으세요?\n2 : 수영이요!\n2 : 진짜 배우고 싶은데 코로나때문에 못하네요 ㅠㅠ\n1 : 헐 저도여!\n1 : 코로나가 다 방해하고 있네요 ㅠ\n1 : 등산 캠핑 낚시 중에는 어떤걸 선호하세요?\n2 : 우와 세 개 다 싫어해요!\n2 : 그나마 고르라면 등산일듯싶네요!\n2 : 쌤은요?\n1 : 우와! 이렇게 안맞는 질문을 했을 줄이야!\n1 : 우와! 저는 저는 낚시요!\n1 : 어렸을 때 아버지랑 갔을 때 재밌었어요!\n1 : 사실 가서 물고기 잡는것보다 가서 먹는 라면이 맛있어요!\n1 : 산과 바다 중에는 뭐가 좋으세요?\n2 : 바다... 요!\n2 : 그치만 실내에서 보는 바다...\n2 : 실내에서 보는 산... 이면 다 좋은 것 같아요 키키\n2 : 산보다는 바다!\n1 : 축구 야구 배구 농구 같은 경우는 직접 해보신 적은 없으세요?\n2 : 축구는 초등학교때 그냥 체육시간에 한번 한 적있는데 수비잘해서 상대팀 공격수가 저 싫어했어요\n1 : 오 재능있는데요?\n1 : 요즘엔 여자 축구도 일요일에 많이 한다고 하더라고요!\n1 : 제 친구들이 수비수를 구하던데 소개 시켜드릴까요 키키\n2 : 키키 괜찮습니다\n2 : 쌤은 수영 해본 적 있어요?\n1 : 수영 두번 배웠는데 두번 다 실패했어요 ㅠ\n1 : 팔자 걸음이 심해서 앞으로 안 나간다고 선생님이 팔자 고치라고 하셔서 그 이후로 수영장을 안 갔어요!\n2 : 호엑 걸음때문에 수영 못하는 거는 몰랐네요\n2 : 그래도 물놀이는 좋아해요?\n1 : 하하 사실 물에 빠질뻔한 적 있어서 그거 이겨내려고 배우러 갔는데 못 이겼어요\n1 : 물놀이도 안하는 편이에요!\n1 : 쌤은 물놀이 좋아하세요?\n2 : 오오오\n2 : 저는 좋아하는 거 같은 데 그냥 실내가 짱짱인것 같아요 키키 하하",
        "lines": [
          {
            "id": 1,
            "text": "1 : 스포츠 중에 중계 자주 보시는 종목 있으세요?",
            "norm_text": "스포츠 중에 중계 자주 보시는 종목 있으세요?",
            "speaker": {
              "id": "1번",
              "sex": "여성",
              "age": "20대"
            },
            "speechAct": "(지시) 질문하기",
            "morpheme": "스포츠/NNG+중/NNB+에/JKB+중계/NNG+자주/MAG+보/VV+시/EP+는/ETM+종목/NNG+있/VA+으세요/EF"
          },
          {
            "id": 2,
            "text": "1 : 축구 야구 농구 배구 라던지~",
            "norm_text": "축구 야구 농구 배구 라던지~",
            "speaker": {
              "id": "1번",
              "sex": "여성",
              "age": "20대"
            },
            "speechAct": "(단언) 주장하기",
            "morpheme": "축구/NNG+야구/NNG+농구/NNG+배구/NNG+라던지/JC+~/SY"
          },
          {
            "id": 3,
            "text": "2 : 딱히 즐겨 보는 건 없는데 제일 좋아하고 잘했던 종목은 배드민턴이었어요!",
            "norm_text": "딱히 즐겨 보는 건 없는데 제일 좋아하고 잘했던 종목은 배드민턴이었어요!",
            "speaker": {
              "id": "2번",
              "sex": "여성",
              "age": "20대"
            },
            "speechAct": "(단언) 진술하기",
            "morpheme": "딱히/MAG+즐겨/VV+EC+보/VX+는/ETM+건/NNB+JX+없/VA+는데/EC+제일/MAG+좋/VA+아/EC+하/VV+고/EC+잘/MAG+했/VV+EP+던/ETM+종목/NNG+은/JX+배드민턴/NNG+이/VCP+었/EP+어요/EF"
          },
          {
            "id": 4,
            "text": "1 : 배드민턴 재밌죠!",
            "norm_text": "배드민턴 재밌죠!",
            "speaker": {
              "id": "1번",
              "sex": "여성",
              "age": "20대"
            },
            "speechAct": "(단언) 주장하기",
            "morpheme": "배드민턴/NNG+재밌/VA+죠/EF"
          },
          {
            "id": 5,
            "text": "1 : 해보고 싶은 종목있으세요?",
            "norm_text": "해보고 싶은 종목있으세요?",
            "speaker": {
              "id": "1번",
              "sex": "여성",
              "age": "20대"
            },
            "speechAct": "(지시) 질문하기",
            "morpheme": "해/VV+EC+보/VX+고/EC+싶/VX+은/ETM+종목/NNG+있/VA+으세요/EF"
          },
          {
            "id": 6,
            "text": "2 : 수영이요!",
            "norm_text": "수영이요!",
            "speaker": {
              "id": "2번",
              "sex": "여성",
              "age": "20대"
            },
            "speechAct": "(단언) 주장하기",
            "morpheme": "수영/NNG+이/VCP+요/EF"
          },
          {
            "id": 7,
            "text": "2 : 진짜 배우고 싶은데 코로나때문에 못하네요 ㅠㅠ",
            "norm_text": "진짜 배우고 싶은데 코로나때문에 못하네요 ㅠㅠ",
            "speaker": {
              "id": "2번",
              "sex": "여성",
              "age": "20대"
            },
            "speechAct": "(단언) 진술하기",
            "morpheme": "진짜/MAG+배우/VV+고/EC+싶/VX+은데/EC+코로나/NNG+때문/NNB+에/JKB+못/MAG+하/VV+네요/EF+ㅠㅠ/UNKNOWN"
          },
          {
            "id": 8,
            "text": "1 : 헐 저도여!",
            "norm_text": "헐 저도여!",
            "speaker": {
              "id": "1번",
              "sex": "여성",
              "age": "20대"
            },
            "speechAct": "(단언) 주장하기",
            "morpheme": "헐/IC+저도/NNG+여/VCP+EF"
          },
          {
            "id": 9,
            "text": "1 : 코로나가 다 방해하고 있네요 ㅠ",
            "norm_text": "코로나가 다 방해하고 있네요 ㅠ",
            "speaker": {
              "id": "1번",
              "sex": "여성",
              "age": "20대"
            },
            "speechAct": "(단언) 진술하기",
            "morpheme": "코로나/NNG+가/JKS+다/MAG+방해/NNG+하/XSV+고/EC+있/VX+네요/EF+ㅠ/UNKNOWN"
          },
          {
            "id": 10,
            "text": "1 : 등산 캠핑 낚시 중에는 어떤걸 선호하세요?",
            "norm_text": "등산 캠핑 낚시 중에는 어떤걸 선호하세요?",
            "speaker": {
              "id": "1번",
              "sex": "여성",
              "age": "20대"
            },
            "speechAct": "(지시) 질문하기",
            "morpheme": "등산/NNG+캠핑/NNG+낚시/NNG+중/NNB+에/JKB+는/JX+어떤/MM+걸/NNB+JKO+선호/NNG+하/XSV+세요/EP+EF"
          },
          {
            "id": 11,
            "text": "2 : 우와 세 개 다 싫어해요!",
            "norm_text": "우와 세 개 다 싫어해요!",
            "speaker": {
              "id": "2번",
              "sex": "여성",
              "age": "20대"
            },
            "speechAct": "(단언) 진술하기",
            "morpheme": "우와/IC+세/MM+개/NNBC+다/MAG+싫/VA+어/EC+해요/VX+EF"
          },
          {
            "id": 12,
            "text": "2 : 그나마 고르라면 등산일듯싶네요!",
            "norm_text": "그나마 고르라면 등산일듯싶네요!",
            "speaker": {
              "id": "2번",
              "sex": "여성",
              "age": "20대"
            },
            "speechAct": "(단언) 진술하기",
            "morpheme": "그나마/MAG+고르/VA+라면/EC+등산/NNG+일/VCP+듯/EC+싶/VX+네요/EF"
          },
          {
            "id": 13,
            "text": "2 : 쌤은요?",
            "norm_text": "쌤은요?",
            "speaker": {
              "id": "2번",
              "sex": "여성",
              "age": "20대"
            },
            "speechAct": "(지시) 질문하기",
            "morpheme": "쌤/NNG+은/JX+요/JX"
          },
          {
            "id": 14,
            "text": "1 : 우와! 이렇게 안맞는 질문을 했을 줄이야!",
            "norm_text": "우와! 이렇게 안맞는 질문을 했을 줄이야!",
            "speaker": {
              "id": "1번",
              "sex": "여성",
              "age": "20대"
            },
            "speechAct": "(단언) 주장하기",
            "morpheme": "우와/IC+이렇게/MAG+안/MAG+맞/VV+는/ETM+질문/NNG+을/JKO+했/VV+EP+을/ETM+줄/NNB+이/VCP+야/EF"
          },
          {
            "id": 15,
            "text": "1 : 우와! 저는 저는 낚시요!",
            "norm_text": "우와! 저는 저는 낚시요!",
            "speaker": {
              "id": "1번",
              "sex": "여성",
              "age": "20대"
            },
            "speechAct": "(단언) 진술하기",
            "morpheme": "우와/IC+저/NP+는/JX+저/NP+는/JX+낚/VV+시요/EF"
          },
          {
            "id": 16,
            "text": "1 : 어렸을 때 아버지랑 갔을 때 재밌었어요!",
            "norm_text": "어렸을 때 아버지랑 갔을 때 재밌었어요!",
            "speaker": {
              "id": "1번",
              "sex": "여성",
              "age": "20대"
            },
            "speechAct": "(단언) 진술하기",
            "morpheme": "어렸/VA+EP+을/ETM+때/NNG+아버지/NNG+랑/JKB+갔/VV+EP+을/ETM+때/NNG+재밌/VA+었/EP+어요/EF"
          },
          {
            "id": 17,
            "text": "1 : 사실 가서 물고기 잡는것보다 가서 먹는 라면이 맛있어요!",
            "norm_text": "사실 가서 물고기 잡는것보다 가서 먹는 라면이 맛있어요!",
            "speaker": {
              "id": "1번",
              "sex": "여성",
              "age": "20대"
            },
            "speechAct": "(단언) 주장하기",
            "morpheme": "사실/MAG+가/VV+서/EC+물고기/NNG+잡/VV+는/ETM+것/NNB+보다/JKB+가/VV+서/EC+먹/VV+는/ETM+라면/NNG+이/JKS+맛있/VA+어요/EF"
          },
          {
            "id": 18,
            "text": "1 : 산과 바다 중에는 뭐가 좋으세요?",
            "norm_text": "산과 바다 중에는 뭐가 좋으세요?",
            "speaker": {
              "id": "1번",
              "sex": "여성",
              "age": "20대"
            },
            "speechAct": "(지시) 질문하기",
            "morpheme": "산/NNG+과/JC+바다/NNG+중/NNB+에/JKB+는/JX+뭐/NP+가/JKS+좋/VA+으세요/EF"
          },
          {
            "id": 19,
            "text": "2 : 바다... 요!",
            "norm_text": "바다... 요!",
            "speaker": {
              "id": "2번",
              "sex": "여성",
              "age": "20대"
            },
            "speechAct": "(단언) 주장하기",
            "morpheme": "바다/NNG+./SY+./SY+요/JX"
          },
          {
            "id": 20,
            "text": "2 : 그치만 실내에서 보는 바다...",
            "norm_text": "그치만 실내에서 보는 바다...",
            "speaker": {
              "id": "2번",
              "sex": "여성",
              "age": "20대"
            },
            "speechAct": "(단언) 주장하기",
            "morpheme": "그치만/MAJ+실내/NNG+에서/JKB+보/VV+는/ETM+바다/NNG+./SY+./SY"
          },
          {
            "id": 21,
            "text": "2 : 실내에서 보는 산... 이면 다 좋은 것 같아요 키키",
            "norm_text": "실내에서 보는 산... 이면 다 좋은 것 같아요 키키",
            "speaker": {
              "id": "2번",
              "sex": "여성",
              "age": "20대"
            },
            "speechAct": "(단언) 주장하기",
            "morpheme": "실내/NNG+에서/JKB+보/VV+는/ETM+산/NNG+./SY+./SY+이/VCP+면/EC+다/MAG+좋/VA+은/ETM+것/NNB+같/VA+아요/EF+키/NNG+키/XSV+ETN"
          },
          {
            "id": 22,
            "text": "2 : 산보다는 바다!",
            "norm_text": "산보다는 바다!",
            "speaker": {
              "id": "2번",
              "sex": "여성",
              "age": "20대"
            },
            "speechAct": "(단언) 주장하기",
            "morpheme": "산/NNG+보다/JKB+는/JX+바다/NNG"
          },
          {
            "id": 23,
            "text": "1 : 축구 야구 배구 농구 같은 경우는 직접 해보신 적은 없으세요?",
            "norm_text": "축구 야구 배구 농구 같은 경우는 직접 해보신 적은 없으세요?",
            "speaker": {
              "id": "1번",
              "sex": "여성",
              "age": "20대"
            },
            "speechAct": "(지시) 질문하기",
            "morpheme": "축구/NNG+야구/NNG+배구/NNG+농구/NNG+같/VA+은/ETM+경우/NNG+는/JX+직접/MAG+해/VV+EC+보/VX+신/EP+ETM+적/NNB+은/JX+없/VA+으세요/EF"
          },
          {
            "id": 24,
            "text": "2 : 축구는 초등학교때 그냥 체육시간에 한번 한 적있는데 수비잘해서 상대팀 공격수가 저 싫어했어요",
            "norm_text": "축구는 초등학교때 그냥 체육시간에 한번 한 적있는데 수비잘해서 상대팀 공격수가 저 싫어했어요",
            "speaker": {
              "id": "2번",
              "sex": "여성",
              "age": "20대"
            },
            "speechAct": "(단언) 진술하기",
            "morpheme": "축구/NNG+는/JX+초등/NNG+학교/NNG+때/NNG+그냥/MAG+체육/NNG+시간/NNG+에/JKB+한번/MAG+한/XSA+ETM+적/NNB+있/VA+는데/EC+수비/NNG+잘/MAG+해서/VV+EC+상대/NNG+팀/NNG+공격수/NNG+가/JKS+저/NP+싫/VA+어/EC+했/VX+EP+어요/EF"
          },
          {
            "id": 25,
            "text": "1 : 오 재능있는데요?",
            "norm_text": "오 재능있는데요?",
            "speaker": {
              "id": "1번",
              "sex": "여성",
              "age": "20대"
            },
            "speechAct": "(단언) 주장하기",
            "morpheme": "오/NR+재능/NNG+있/VA+는데요/EF"
          },
          {
            "id": 26,
            "text": "1 : 요즘엔 여자 축구도 일요일에 많이 한다고 하더라고요!",
            "norm_text": "요즘엔 여자 축구도 일요일에 많이 한다고 하더라고요!",
            "speaker": {
              "id": "1번",
              "sex": "여성",
              "age": "20대"
            },
            "speechAct": "(단언) 주장하기",
            "morpheme": "요즘/NNG+엔/JKB+JX+여자/NNG+축구/NNG+도/JX+일요일/NNG+에/JKB+많이/MAG+한다고/VV+EC+하/VX+더라고요/EF"
          },
          {
            "id": 27,
            "text": "1 : 제 친구들이 수비수를 구하던데 소개 시켜드릴까요 키키",
            "norm_text": "제 친구들이 수비수를 구하던데 소개 시켜드릴까요 키키",
            "speaker": {
              "id": "1번",
              "sex": "여성",
              "age": "20대"
            },
            "speechAct": "(지시) 충고/제안하기",
            "morpheme": "제/NP+JKG+친구/NNG+들/XSN+이/JKS+수비수/NNG+를/JKO+구하/VV+던데/EC+소개/NNG+시켜/XSV+EC+드릴까요/VX+EC+키/NNG+키/XSV+ETN"
          },
          {
            "id": 28,
            "text": "2 : 키키 괜찮습니다",
            "norm_text": "키키 괜찮습니다",
            "speaker": {
              "id": "2번",
              "sex": "여성",
              "age": "20대"
            },
            "speechAct": "(언약) 거절하기",
            "morpheme": "키/NNG+키/XSV+ETN+괜찮/VA+습니다/EF"
          },
          {
            "id": 29,
            "text": "2 : 쌤은 수영 해본 적 있어요?",
            "norm_text": "쌤은 수영 해본 적 있어요?",
            "speaker": {
              "id": "2번",
              "sex": "여성",
              "age": "20대"
            },
            "speechAct": "(지시) 질문하기",
            "morpheme": "쌤/NNG+은/JX+수영/NNG+해/XSV+EC+본/VX+ETM+적/NNB+있/VA+어요/EF"
          },
          {
            "id": 30,
            "text": "1 : 수영 두번 배웠는데 두번 다 실패했어요 ㅠ",
            "norm_text": "수영 두번 배웠는데 두번 다 실패했어요 ㅠ",
            "speaker": {
              "id": "1번",
              "sex": "여성",
              "age": "20대"
            },
            "speechAct": "(단언) 진술하기",
            "morpheme": "수영/NNG+두/MM+번/NNBC+배웠/VV+EP+는데/EC+두/MM+번/NNBC+다/MAG+실패/NNG+했/XSV+EP+어요/EF+ㅠ/UNKNOWN"
          },
          {
            "id": 31,
            "text": "1 : 팔자 걸음이 심해서 앞으로 안 나간다고 선생님이 팔자 고치라고 하셔서 그 이후로 수영장을 안 갔어요!",
            "norm_text": "팔자 걸음이 심해서 앞으로 안 나간다고 선생님이 팔자 고치라고 하셔서 그 이후로 수영장을 안 갔어요!",
            "speaker": {
              "id": "1번",
              "sex": "여성",
              "age": "20대"
            },
            "speechAct": "(단언) 진술하기",
            "morpheme": "팔자걸음/NNG+이/JKS+심해서/VA+EC+앞/NNG+으로/JKB+안/MAG+나간다고/VV+EC+선생/NNG+님/XSN+이/JKS+팔/VV+자고/EC+치/VV+라고/EC+하/VX+셔서/EP+EC+그/MM+이후/NNG+로/JKB+수영장/NNG+을/JKO+안/MAG+갔/VV+EP+어요/EF"
          },
          {
            "id": 32,
            "text": "2 : 호엑 걸음때문에 수영 못하는 거는 몰랐네요",
            "norm_text": "호엑 걸음때문에 수영 못하는 거는 몰랐네요",
            "speaker": {
              "id": "2번",
              "sex": "여성",
              "age": "20대"
            },
            "speechAct": "(단언) 진술하기",
            "morpheme": "호/IC+엑/IC+걸음/NNG+때문/NNB+에/JKB+수영/NNG+못/MAG+하/VV+는/ETM+거/NNB+는/JX+몰랐/VV+EP+네요/EC"
          },
          {
            "id": 33,
            "text": "2 : 그래도 물놀이는 좋아해요?",
            "norm_text": "그래도 물놀이는 좋아해요?",
            "speaker": {
              "id": "2번",
              "sex": "여성",
              "age": "20대"
            },
            "speechAct": "(지시) 질문하기",
            "morpheme": "그래도/MAJ+물놀이/NNG+는/JX+좋/VA+아/EC+해요/VX+EF"
          },
          {
            "id": 34,
            "text": "1 : 하하 사실 물에 빠질뻔한 적 있어서 그거 이겨내려고 배우러 갔는데 못 이겼어요",
            "norm_text": "하하 사실 물에 빠질뻔한 적 있어서 그거 이겨내려고 배우러 갔는데 못 이겼어요",
            "speaker": {
              "id": "1번",
              "sex": "여성",
              "age": "20대"
            },
            "speechAct": "(단언) 진술하기",
            "morpheme": "하하/MAG+사실/MAG+물/NNG+에/JKB+빠질/VV+ETM+뻔/NNB+한/XSA+ETM+적/NNB+있/VA+어서/EC+그거/NP+이겨/VV+EC+내/VX+려고/EC+배우/VV+러/EC+갔/VV+EP+는데/EC+못/MAG+이겼/VV+EP+어요/EF"
          },
          {
            "id": 35,
            "text": "1 : 물놀이도 안하는 편이에요!",
            "norm_text": "물놀이도 안하는 편이에요!",
            "speaker": {
              "id": "1번",
              "sex": "여성",
              "age": "20대"
            },
            "speechAct": "(단언) 주장하기",
            "morpheme": "물놀이/NNG+도/JX+안/MAG+하/VV+는/ETM+편/NNB+이/VCP+에요/EF"
          },
          {
            "id": 36,
            "text": "1 : 쌤은 물놀이 좋아하세요?",
            "norm_text": "쌤은 물놀이 좋아하세요?",
            "speaker": {
              "id": "1번",
              "sex": "여성",
              "age": "20대"
            },
            "speechAct": "(지시) 질문하기",
            "morpheme": "쌤/NNG+은/JX+물놀/NNG+이/JKS+좋/VA+아/EC+하/VX+세요/EP+EF"
          },
          {
            "id": 37,
            "text": "2 : 오오오",
            "norm_text": "오오오",
            "speaker": {
              "id": "2번",
              "sex": "여성",
              "age": "20대"
            },
            "speechAct": "(표현) 긍정감정 표현하기",
            "morpheme": "오/NR+오/NR+오/NR"
          },
          {
            "id": 38,
            "text": "2 : 저는 좋아하는 거 같은 데 그냥 실내가 짱짱인것 같아요 키키 하하",
            "norm_text": "저는 좋아하는 거 같은 데 그냥 실내가 짱짱인것 같아요 키키 하하",
            "speaker": {
              "id": "2번",
              "sex": "여성",
              "age": "20대"
            },
            "speechAct": "(단언) 주장하기",
            "morpheme": "저/NP+는/JX+좋/VA+아/EC+하/VV+는/ETM+거/NNB+같/VA+은데/EC+그냥/MAG+실내/NNG+가/JKS+짱/NNG+짱/NNG+인/VCP+ETM+것/NNB+같/VA+아/EC+요키/NNP+키/NNG+하/XSV+하/XSA"
          }
        ]
      }
    }
  ]
}