{
  "dataset": {
    "identifier": 16550,
    "name": "NATEON_22_13_set",
    "src_path": "/data/file/cubeManager/PROJECT001/7/txt20210826181651054893/NATEON_22_13_set/",
    "label_path": "/data/file/cubeManager/PROJECT001/7/txt20210826181651054893/NATEON_22_13_set/",
    "category": 2,
    "type": 0
  },
  "licenses": {
    "name": "Apache License 1.0",
    "url": "http://www.apache.org/licenses/LICENSE-1.0"
  },
  "info": [
    {
      "id": 752,
      "filename": "NATEON_22_13.txt",
      "title": "NATEON_22_13",
      "mediatype": "메신저",
      "medianame": "네이트온",
      "category": "일상대화",
      "date": "2021-08-26",
      "size": 838,
      "annotations": {
        "subject": "계절/날씨",
        "speaker_type": "1:1",
        "size": 838,
        "word_size": 268,
        "text": "1 : 아니 이번 주 내내 비 온다고 하지 않았어?\n2 : 그러니까요.\n2 : 또 속았어요\n2 : 있는데 없어요.\n2 : 있었는데 없어졌어요.\n2 : 레인부츠 별로 개시도 못했는데 속은 기분이에요.\n1 : 그 기분 알지 알지 ㅠ\n1 : 아... 며칠 전에 비 왔던 날 저녁에 시원해서 좋았는데 다시 폭염이 되었어.\n2 : 그니까요\n2 : 요 며칠 살 것 같았는데 오늘 점심에 잠깐 나갔는데도 더워 죽는 줄 알았어요.\n2 : 언니는 비 오는 거 좋아하세요?\n1 : 내 몸이 건물 안에 있을 때 비 내리는 거 좋아해.\n1 : 비에 젖을 일 없이 백색 소음을 만끽할 수 있잖아?\n2 : 맞아요 저는 장마를 좋아하는 건 아니지만 어쩌다 오는 비는 너무 좋아요\n2 : 언니가 말한 백색 소음 같은 분위기도 좋고요~\n1 : 그런데 올해 비는 그렇지 못한 것 같아.\n1 : 전에 비바람이 불었을 때는 백색 소음은 무슨 무서웠을 정도였어.\n2 : 와 그때는 아직도 잊을 수 없어요.\n1 : 물에 빠진 생쥐가 되지 않았니.\n2 : 맞아요 ㅠㅠ\n2 : 그때 제 앞 사람 우산 뿌러지고 거의  수영하고 나와도 그거보단 덜 젖었을 거예요\n1: 수영 안 해봤니?\n1 : 정말이지 곧 입추라는데 이 더위는 언제 사라지는 건지 모르겠어.\n2 : 키키 수영 안 좋아하긴 해여.\n2 : 입추 매직이 옛날엔 있었는데  지금은 없다면서요. ㅠㅠ\n2 : 9월은 돼야 할까요.\n1 : 9월은 태풍이 올 테니 조금이라도 시원하려나?\n1 : 10월은 지나야 시원할 거 같아.\n2 : 아휴 멀다 멀어.\n2 : 혹시 언니 눈 내리는 건 어때요?\n1 : 눈은... 길이 미끄러워서 별로야.\n1 : 그냥 가을이 어서 왔으면~\n2 : 가을 좋아요. 천고마비의 계절... 혹시 가을에 즐겨 먹는 거 있어요?",
        "lines": [
          {
            "id": 1,
            "text": "1 : 아니 이번 주 내내 비 온다고 하지 않았어?",
            "norm_text": "아니 이번 주 내내 비 온다고 하지 않았어?",
            "speaker": {
              "id": "1번",
              "sex": "여성",
              "age": "30대"
            },
            "speechAct": "(지시) 질문하기",
            "morpheme": "아니/IC+이번/NNG+주내/NNP+내비/NNG+온다고/VV+EC+하/VV+지/EC+않/VX+았/EP+어/EF"
          },
          {
            "id": 2,
            "text": "2 : 그러니까요.",
            "norm_text": "그러니까요.",
            "speaker": {
              "id": "2번",
              "sex": "여성",
              "age": "20대"
            },
            "speechAct": "(단언) 진술하기",
            "morpheme": "그러니까/MAJ+요/JX"
          },
          {
            "id": 3,
            "text": "2 : 또 속았어요",
            "norm_text": "또 속았어요",
            "speaker": {
              "id": "2번",
              "sex": "여성",
              "age": "20대"
            },
            "speechAct": "(단언) 주장하기",
            "morpheme": "또/MAG+속/VV+았/EP+어요/EF"
          },
          {
            "id": 4,
            "text": "2 : 있는데 없어요.",
            "norm_text": "있는데 없어요.",
            "speaker": {
              "id": "2번",
              "sex": "여성",
              "age": "20대"
            },
            "speechAct": "(단언) 주장하기",
            "morpheme": "있/VA+는데/EC+없/VA+어요/EF"
          },
          {
            "id": 5,
            "text": "2 : 있었는데 없어졌어요.",
            "norm_text": "있었는데 없어졌어요.",
            "speaker": {
              "id": "2번",
              "sex": "여성",
              "age": "20대"
            },
            "speechAct": "(단언) 주장하기",
            "morpheme": "있/VA+었/EP+는데/EC+없/VA+어/EC+졌/VX+EP+어요/EF"
          },
          {
            "id": 6,
            "text": "2 : 레인부츠 별로 개시도 못했는데 속은 기분이에요.",
            "norm_text": "레인부츠 별로 개시도 못했는데 속은 기분이에요.",
            "speaker": {
              "id": "2번",
              "sex": "여성",
              "age": "20대"
            },
            "speechAct": "(단언) 주장하기",
            "morpheme": "레인/NNG+부츠/NNG+별/XSN+로/JKB+개시/NNG+도/JX+못/MAG+했/VV+EP+는데/EC+속/NNG+은/JX+기분/NNG+이/VCP+에요/EF"
          },
          {
            "id": 7,
            "text": "1 : 그 기분 알지 알지 ㅠ",
            "norm_text": "그 기분 알지 알지 ㅠ",
            "speaker": {
              "id": "1번",
              "sex": "여성",
              "age": "30대"
            },
            "speechAct": "(단언) 주장하기",
            "morpheme": "그기분알지알지ㅠ/UNKNOWN"
          },
          {
            "id": 8,
            "text": "1 : 아... 며칠 전에 비 왔던 날 저녁에 시원해서 좋았는데 다시 폭염이 되었어.",
            "norm_text": "아... 며칠 전에 비 왔던 날 저녁에 시원해서 좋았는데 다시 폭염이 되었어.",
            "speaker": {
              "id": "1번",
              "sex": "여성",
              "age": "30대"
            },
            "speechAct": "(단언) 진술하기",
            "morpheme": "아/IC+./SY+며칠/NNG+전/NNG+에/JKB+비/VV+EC+왔/VX+EP+던/ETM+날/NNG+저녁/NNG+에/JKB+시원/XR+해서/XSA+EC+좋/VA+았/EP+는데/EC+다시/MAG+폭염/NNG+이/JKS+되/VV+었/EP+어/EF"
          },
          {
            "id": 9,
            "text": "2 : 그니까요",
            "norm_text": "그니까요",
            "speaker": {
              "id": "2번",
              "sex": "여성",
              "age": "20대"
            },
            "speechAct": "(단언) 주장하기",
            "morpheme": "그니까/MAJ+요/MM"
          },
          {
            "id": 10,
            "text": "2 : 요 며칠 살 것 같았는데 오늘 점심에 잠깐 나갔는데도 더워 죽는 줄 알았어요.",
            "norm_text": "요 며칠 살 것 같았는데 오늘 점심에 잠깐 나갔는데도 더워 죽는 줄 알았어요.",
            "speaker": {
              "id": "2번",
              "sex": "여성",
              "age": "20대"
            },
            "speechAct": "(단언) 주장하기",
            "morpheme": "요/MM+며칠/NNG+살/VV+ETM+것/NNB+같/VA+았/EP+는데/EC+오늘/MAG+점심/NNG+에/JKB+잠깐/MAG+나갔/VV+EP+는데/EC+도/JX+더워/VA+EC+죽/VV+는/ETM+줄/NNB+알/VV+았/EP+어요/EF"
          },
          {
            "id": 11,
            "text": "2 : 언니는 비 오는 거 좋아하세요?",
            "norm_text": "언니는 비 오는 거 좋아하세요?",
            "speaker": {
              "id": "2번",
              "sex": "여성",
              "age": "20대"
            },
            "speechAct": "(지시) 질문하기",
            "morpheme": "언니/NNG+는/JX+비오/VV+는/ETM+거/NNB+좋/VA+아/EC+하/VX+세요/EP+EF"
          },
          {
            "id": 12,
            "text": "1 : 내 몸이 건물 안에 있을 때 비 내리는 거 좋아해.",
            "norm_text": "내 몸이 건물 안에 있을 때 비 내리는 거 좋아해.",
            "speaker": {
              "id": "1번",
              "sex": "여성",
              "age": "30대"
            },
            "speechAct": "(단언) 진술하기",
            "morpheme": "내/NP+JKG+몸/NNG+이/JKS+건물/NNG+안/NNG+에/JKB+있/VV+을/ETM+때/NNG+비/NNG+내리/VV+는/ETM+거/NNB+좋/VA+아/EC+해/VX+EF"
          },
          {
            "id": 13,
            "text": "1 : 비에 젖을 일 없이 백색 소음을 만끽할 수 있잖아?",
            "norm_text": "비에 젖을 일 없이 백색 소음을 만끽할 수 있잖아?",
            "speaker": {
              "id": "1번",
              "sex": "여성",
              "age": "30대"
            },
            "speechAct": "(단언) 주장하기",
            "morpheme": "비/NNG+에/JKB+젖/VV+을/ETM+일/NNG+없이/MAG+백색/NNG+소음/NNG+을/JKO+만끽/NNG+할/XSV+ETM+수/NNB+있/VV+잖아/EF"
          },
          {
            "id": 14,
            "text": "2 : 맞아요 저는 장마를 좋아하는 건 아니지만 어쩌다 오는 비는 너무 좋아요",
            "norm_text": "맞아요 저는 장마를 좋아하는 건 아니지만 어쩌다 오는 비는 너무 좋아요",
            "speaker": {
              "id": "2번",
              "sex": "여성",
              "age": "20대"
            },
            "speechAct": "(단언) 진술하기",
            "morpheme": "맞/VV+아요/EF+저/NP+는/JX+장마/NNG+를/JKO+좋아하/VV+는/ETM+건/NNB+JX+아니/VCN+지만/EC+어쩌/VV+다/EC+오/VV+는/ETM+비/NNG+는/JX+너무/MAG+좋/VA+아요/EC"
          },
          {
            "id": 15,
            "text": "2 : 언니가 말한 백색 소음 같은 분위기도 좋고요~",
            "norm_text": "언니가 말한 백색 소음 같은 분위기도 좋고요~",
            "speaker": {
              "id": "2번",
              "sex": "여성",
              "age": "20대"
            },
            "speechAct": "(단언) 주장하기",
            "morpheme": "언니/NNG+가/JKS+말/NNG+한/XSA+ETM+백색/NNG+소음/NNG+같/VA+은/ETM+분위기/NNG+도/JX+좋/VA+고요/EC+~/SY"
          },
          {
            "id": 16,
            "text": "1 : 그런데 올해 비는 그렇지 못한 것 같아.",
            "norm_text": "그런데 올해 비는 그렇지 못한 것 같아.",
            "speaker": {
              "id": "1번",
              "sex": "여성",
              "age": "30대"
            },
            "speechAct": "(단언) 주장하기",
            "morpheme": "그런데/MAJ+올/MM+해비/NNG+는/JX+그렇/VA+지/EC+못한/VX+ETM+것/NNB+같/VA+아/EF"
          },
          {
            "id": 17,
            "text": "1 : 전에 비바람이 불었을 때는 백색 소음은 무슨 무서웠을 정도였어.",
            "norm_text": "전에 비바람이 불었을 때는 백색 소음은 무슨 무서웠을 정도였어.",
            "speaker": {
              "id": "1번",
              "sex": "여성",
              "age": "30대"
            },
            "speechAct": "(단언) 주장하기",
            "morpheme": "전/NNG+에/JKB+비바람/NNG+이/JKS+불/VV+었/EP+을/ETM+때/NNG+는/JX+백색/NNG+소음/NNG+은/JX+무슨/MM+무서웠/VA+EP+을/ETM+정도/NNG+였/VCP+EP+어/EF"
          },
          {
            "id": 18,
            "text": "2 : 와 그때는 아직도 잊을 수 없어요.",
            "norm_text": "와 그때는 아직도 잊을 수 없어요.",
            "speaker": {
              "id": "2번",
              "sex": "여성",
              "age": "20대"
            },
            "speechAct": "(단언) 진술하기",
            "morpheme": "와/IC+그때/NNG+는/JX+아직/MAG+도/JX+잊/VV+을/ETM+수/NNB+없/VA+어요/EF"
          },
          {
            "id": 19,
            "text": "1 : 물에 빠진 생쥐가 되지 않았니.",
            "norm_text": "물에 빠진 생쥐가 되지 않았니.",
            "speaker": {
              "id": "1번",
              "sex": "여성",
              "age": "30대"
            },
            "speechAct": "(단언) 주장하기",
            "morpheme": "물/NNG+에/JKB+빠진/VV+ETM+생쥐/NNG+가/JKS+되/VV+지/EC+않/VX+았/EP+니/EF"
          },
          {
            "id": 20,
            "text": "2 : 맞아요 ㅠㅠ",
            "norm_text": "맞아요 ㅠㅠ",
            "speaker": {
              "id": "2번",
              "sex": "여성",
              "age": "20대"
            },
            "speechAct": "(단언) 주장하기",
            "morpheme": "맞아요ㅠㅠ/UNKNOWN"
          },
          {
            "id": 21,
            "text": "2 : 그때 제 앞 사람 우산 뿌러지고 거의  수영하고 나와도 그거보단 덜 젖었을 거예요",
            "norm_text": "그때 제 앞 사람 우산 뿌러지고 거의  수영하고 나와도 그거보단 덜 젖었을 거예요",
            "speaker": {
              "id": "2번",
              "sex": "여성",
              "age": "20대"
            },
            "speechAct": "(단언) 주장하기",
            "morpheme": "그때/NNG+제/XSN+앞사람/NNG+우산/NNG+뿌러지/VV+고/EC+거의/MAG+수영/NNG+하/XSV+고/EC+나와도/VV+EC+그거/NP+보단/JKB+JX+덜/MAG+젖/VV+었/EP+을/ETM+거/NNB+예요/VCP+EF"
          },
          {
            "id": 22,
            "text": "1: 수영 안 해봤니?",
            "norm_text": "수영 안 해봤니?",
            "speaker": {
              "id": "1번",
              "sex": "여성",
              "age": "30대"
            },
            "speechAct": "(지시) 질문하기",
            "morpheme": "수영/NNG+안/MAG+해/VV+EC+봤/VX+EP+니/EF"
          },
          {
            "id": 23,
            "text": "1 : 정말이지 곧 입추라는데 이 더위는 언제 사라지는 건지 모르겠어.",
            "norm_text": "정말이지 곧 입추라는데 이 더위는 언제 사라지는 건지 모르겠어.",
            "speaker": {
              "id": "1번",
              "sex": "여성",
              "age": "30대"
            },
            "speechAct": "(단언) 주장하기",
            "morpheme": "정말/MAG+이/VCP+지/EF+곧/MAG+입추/NNG+라는/VCP+ETM+데/NNB+이/MM+더위/NNG+는/JX+언제/MAG+사라지/VV+는/ETM+건지/NNB+VCP+EC+모르/VV+겠/EP+어/EF"
          },
          {
            "id": 24,
            "text": "2 : 키키 수영 안 좋아하긴 해여.",
            "norm_text": "키키 수영 안 좋아하긴 해여.",
            "speaker": {
              "id": "2번",
              "sex": "여성",
              "age": "20대"
            },
            "speechAct": "(단언) 진술하기",
            "morpheme": "키/NNG+키/NNG+수영/NNG+안/MAG+좋아하/VV+긴/ETN+JX+해/VX+EF+여/JKS+EF"
          },
          {
            "id": 25,
            "text": "2 : 입추 매직이 옛날엔 있었는데  지금은 없다면서요. ㅠㅠ",
            "norm_text": "입추 매직이 옛날엔 있었는데  지금은 없다면서요. ㅠㅠ",
            "speaker": {
              "id": "2번",
              "sex": "여성",
              "age": "20대"
            },
            "speechAct": "(단언) 주장하기",
            "morpheme": "입추/NNG+매직/NNG+이/JKS+옛날/NNG+엔/JKB+JX+있/VA+었/EP+는데/EC+지금/MAG+은/JX+없/VA+다면서요/EF+ㅠㅠ/UNKNOWN"
          },
          {
            "id": 26,
            "text": "2 : 9월은 돼야 할까요.",
            "norm_text": "9월은 돼야 할까요.",
            "speaker": {
              "id": "2번",
              "sex": "여성",
              "age": "20대"
            },
            "speechAct": "(단언) 주장하기",
            "morpheme": "9/SN+월/NNBC+은/JX+돼야/VV+EC+할까요/VX+EF"
          },
          {
            "id": 27,
            "text": "1 : 9월은 태풍이 올 테니 조금이라도 시원하려나?",
            "norm_text": "9월은 태풍이 올 테니 조금이라도 시원하려나?",
            "speaker": {
              "id": "1번",
              "sex": "여성",
              "age": "30대"
            },
            "speechAct": "(단언) 주장하기",
            "morpheme": "9/SN+월/NNBC+은/JX+태풍/NNG+이/JKS+올테니/VV+EC+조금/NNG+이/VCP+라도/EC+시원/XR+하/XSA+려나/EF"
          },
          {
            "id": 28,
            "text": "1 : 10월은 지나야 시원할 거 같아.",
            "norm_text": "10월은 지나야 시원할 거 같아.",
            "speaker": {
              "id": "1번",
              "sex": "여성",
              "age": "30대"
            },
            "speechAct": "(단언) 주장하기",
            "morpheme": "10/SN+월/NNBC+은/JX+지나/VV+야/EC+시원/XR+할/XSA+ETM+거/NNB+같/VA+아/EF"
          },
          {
            "id": 29,
            "text": "2 : 아휴 멀다 멀어.",
            "norm_text": "아휴 멀다 멀어.",
            "speaker": {
              "id": "2번",
              "sex": "여성",
              "age": "20대"
            },
            "speechAct": "(표현) 부정감정 표현하기",
            "morpheme": "아휴/IC+멀/NP+JKO+다/MAG+멀/VA+어/EF"
          },
          {
            "id": 30,
            "text": "2 : 혹시 언니 눈 내리는 건 어때요?",
            "norm_text": "혹시 언니 눈 내리는 건 어때요?",
            "speaker": {
              "id": "2번",
              "sex": "여성",
              "age": "20대"
            },
            "speechAct": "(지시) 질문하기",
            "morpheme": "혹시/MAG+언니/NNG+눈/NNG+내리/VV+는/ETM+건/NNB+JX+어때요/VA+EF"
          },
          {
            "id": 31,
            "text": "1 : 눈은... 길이 미끄러워서 별로야.",
            "norm_text": "눈은... 길이 미끄러워서 별로야.",
            "speaker": {
              "id": "1번",
              "sex": "여성",
              "age": "30대"
            },
            "speechAct": "(단언) 진술하기",
            "morpheme": "눈/NNG+은/JX+./SY+./SY+길/NNG+이/JKS+미끄러워서/VA+EC+별로/MAG+야/VCP+EF"
          },
          {
            "id": 32,
            "text": "1 : 그냥 가을이 어서 왔으면~",
            "norm_text": "그냥 가을이 어서 왔으면~",
            "speaker": {
              "id": "1번",
              "sex": "여성",
              "age": "30대"
            },
            "speechAct": "(단언) 주장하기",
            "morpheme": "그냥/MAG+가을/NNG+이/VCP+어서/EC+왔/VX+EP+으면/EC+~/SY"
          },
          {
            "id": 33,
            "text": "2 : 가을 좋아요. 천고마비의 계절... 혹시 가을에 즐겨 먹는 거 있어요?",
            "norm_text": "가을 좋아요. 천고마비의 계절... 혹시 가을에 즐겨 먹는 거 있어요?",
            "speaker": {
              "id": "2번",
              "sex": "여성",
              "age": "20대"
            },
            "speechAct": "(지시) 질문하기",
            "morpheme": "가을/NNG+좋/VA+아요/EF+천고마비/NNG+의/JKG+계절/NNG+./SY+./SY+혹시/MAG+가을/NNG+에/JKB+즐겨/VV+EC+먹/VV+는/ETM+거/NNB+있/VA+어요/EF"
          }
        ]
      }
    }
  ]
}