{
  "dataset": {
    "identifier": 114297,
    "name": "NATEON_36_02_set",
    "src_path": "/data/file/cubeManager/PROJECT001/80/txt202111031747500317106/NATEON_36_02_set/",
    "label_path": "/data/file/cubeManager/PROJECT001/80/txt202111031747500317106/NATEON_36_02_set/",
    "category": 2,
    "type": 0
  },
  "licenses": {
    "name": "Apache License 1.0",
    "url": "http://www.apache.org/licenses/LICENSE-1.0"
  },
  "info": [
    {
      "id": 136244,
      "filename": "NATEON_36_02.txt",
      "title": "NATEON_36_02",
      "mediatype": "메신저",
      "medianame": "네이트온",
      "category": "일상대화",
      "date": "2021-11-03",
      "size": 383,
      "annotations": {
        "subject": "주거와 생활",
        "speaker_type": "다자간 대화",
        "size": 383,
        "word_size": 134,
        "text": "1 : 나 드디어 전세로 옮김!\n2 : 오 축하해 키키\n2 : 이제 돈 모을 일만 남았네\n3 : 오 월세 살이 탈출?!\n1 : 응 이번에 다행히 대출 가능 하하\n2 : 월세 너무 돈 나가서 아까웠는데 ㅠㅠ\n3 : 다행이다 월세 너무 돈 아까워\n1 : 맞아... 월급에서 월세만 나가 ㅠ\n2 : 대출 받으면 이자는 많이 안 나가?\n3 : 맞아 대출은 이자가 문제잖아\n1 : 아 이자 별로 안 나가던데?\n2 : 오 좋은 걸로 대출 들어갔나 보네!\n3 : 너 중기청 그걸로 받았어?\n1 : 응 중소 기업 청년 대출!\n2 : 맞아 그거 진짜 좋다고 하더라 키키\n3 : 그거 내 친구도 받았다고 하더라\n1 : 응 근데 준비 서류가 겁나 많아\n2 : 어어 대출은 서류 진짜 무지 많아 키키\n3 : 그래도 이자율이 낮으면 해야지!",
        "lines": [
          {
            "id": 1,
            "text": "1 : 나 드디어 전세로 옮김!",
            "norm_text": "나 드디어 전세로 옮김!",
            "speaker": {
              "id": "1번",
              "sex": "여성",
              "age": "20대"
            },
            "speechAct": "(단언) 진술하기",
            "morpheme": "나/NP+드디어/MAG+전세/NNG+로/JKB+옮김/VV+ETN"
          },
          {
            "id": 2,
            "text": "2 : 오 축하해 키키",
            "norm_text": "오 축하해 키키",
            "speaker": {
              "id": "2번",
              "sex": "여성",
              "age": "20대"
            },
            "speechAct": "(표현) 인사하기",
            "morpheme": "오/NR+축하/NNG+해/XSV+EC+키/NNG+키/XSV+ETN"
          },
          {
            "id": 3,
            "text": "2 : 이제 돈 모을 일만 남았네",
            "norm_text": "이제 돈 모을 일만 남았네",
            "speaker": {
              "id": "2번",
              "sex": "여성",
              "age": "20대"
            },
            "speechAct": "(단언) 진술하기",
            "morpheme": "이제/MAG+돈모/NNG+을/JKO+일/NNG+만/JX+남/VV+았/EP+네/EF"
          },
          {
            "id": 4,
            "text": "3 : 오 월세 살이 탈출?!",
            "norm_text": "오 월세 살이 탈출?!",
            "speaker": {
              "id": "3번",
              "sex": "남성",
              "age": "20대"
            },
            "speechAct": "(지시) 질문하기",
            "morpheme": "오월/NNG+세살/NNG+이/JKS+탈출/NNG+?/SY"
          },
          {
            "id": 5,
            "text": "1 : 응 이번에 다행히 대출 가능 하하",
            "norm_text": "응 이번에 다행히 대출 가능 하하",
            "speaker": {
              "id": "1번",
              "sex": "여성",
              "age": "20대"
            },
            "speechAct": "(단언) 진술하기",
            "morpheme": "응/IC+이번/NNG+에/JKB+다행히/MAG+대출/NNG+가능/NNG+하/XSV+하/XSA"
          },
          {
            "id": 6,
            "text": "2 : 월세 너무 돈 나가서 아까웠는데 ㅠㅠ",
            "norm_text": "월세 너무 돈 나가서 아까웠는데 ㅠㅠ",
            "speaker": {
              "id": "2번",
              "sex": "여성",
              "age": "20대"
            },
            "speechAct": "(단언) 진술하기",
            "morpheme": "월세/NNG+너무/MAG+돈/NNG+나가/VV+서/EC+아까웠/VA+EP+는데/EC+ㅠㅠ/UNKNOWN"
          },
          {
            "id": 7,
            "text": "3 : 다행이다 월세 너무 돈 아까워",
            "norm_text": "다행이다 월세 너무 돈 아까워",
            "speaker": {
              "id": "3번",
              "sex": "남성",
              "age": "20대"
            },
            "speechAct": "(단언) 주장하기",
            "morpheme": "다행/NNG+이/JKS+다/MAG+월세/NNG+너무/MAG+돈/NNG+아까워/VA+EC"
          },
          {
            "id": 8,
            "text": "1 : 맞아... 월급에서 월세만 나가 ㅠ",
            "norm_text": "맞아... 월급에서 월세만 나가 ㅠ",
            "speaker": {
              "id": "1번",
              "sex": "여성",
              "age": "20대"
            },
            "speechAct": "(단언) 진술하기",
            "morpheme": "맞/VV+아/EF+./SY+월급에서월세만나가ㅠ/UNKNOWN"
          },
          {
            "id": 9,
            "text": "2 : 대출 받으면 이자는 많이 안 나가?",
            "norm_text": "대출 받으면 이자는 많이 안 나가?",
            "speaker": {
              "id": "2번",
              "sex": "여성",
              "age": "20대"
            },
            "speechAct": "(지시) 질문하기",
            "morpheme": "대출/NNG+받/VV+으면/EC+이자/NNG+는/JX+많이/MAG+안/MAG+나가/VV+EF"
          },
          {
            "id": 10,
            "text": "3 : 맞아 대출은 이자가 문제잖아",
            "norm_text": "맞아 대출은 이자가 문제잖아",
            "speaker": {
              "id": "3번",
              "sex": "남성",
              "age": "20대"
            },
            "speechAct": "(단언) 진술하기",
            "morpheme": "맞/VV+아/EC+대출/NNG+은/JX+이자/NNG+가/JKS+문제/NNG+잖아/VCP+EC+VX+EC"
          },
          {
            "id": 11,
            "text": "1 : 아 이자 별로 안 나가던데?",
            "norm_text": "아 이자 별로 안 나가던데?",
            "speaker": {
              "id": "1번",
              "sex": "여성",
              "age": "20대"
            },
            "speechAct": "(단언) 진술하기",
            "morpheme": "아이/IC+자/IC+별로/MAG+안/MAG+나가/VV+던데/EF"
          },
          {
            "id": 12,
            "text": "2 : 오 좋은 걸로 대출 들어갔나 보네!",
            "norm_text": "오 좋은 걸로 대출 들어갔나 보네!",
            "speaker": {
              "id": "2번",
              "sex": "여성",
              "age": "20대"
            },
            "speechAct": "(단언) 진술하기",
            "morpheme": "오/NR+좋/VA+은/ETM+걸로/NNB+JKB+대출/NNG+들어갔/VV+EP+나/EC+보/VX+네/EF"
          },
          {
            "id": 13,
            "text": "3 : 너 중기청 그걸로 받았어?",
            "norm_text": "너 중기청 그걸로 받았어?",
            "speaker": {
              "id": "3번",
              "sex": "남성",
              "age": "20대"
            },
            "speechAct": "(지시) 질문하기",
            "morpheme": "너/NP+중기청/NNG+그걸로/NP+JKB+받/VV+았/EP+어/EF"
          },
          {
            "id": 14,
            "text": "1 : 응 중소 기업 청년 대출!",
            "norm_text": "응 중소 기업 청년 대출!",
            "speaker": {
              "id": "1번",
              "sex": "여성",
              "age": "20대"
            },
            "speechAct": "(단언) 진술하기",
            "morpheme": "응/IC+중소기업/NNG+청년/NNG+대출/NNG"
          },
          {
            "id": 15,
            "text": "2 : 맞아 그거 진짜 좋다고 하더라 키키",
            "norm_text": "맞아 그거 진짜 좋다고 하더라 키키",
            "speaker": {
              "id": "2번",
              "sex": "여성",
              "age": "20대"
            },
            "speechAct": "(단언) 진술하기",
            "morpheme": "맞/VV+아/EC+그거/NP+진짜/MAG+좋/VA+다고/EC+하/VV+더라/EC+키/NNG+키/XSV+ETN"
          },
          {
            "id": 16,
            "text": "3 : 그거 내 친구도 받았다고 하더라",
            "norm_text": "그거 내 친구도 받았다고 하더라",
            "speaker": {
              "id": "3번",
              "sex": "남성",
              "age": "20대"
            },
            "speechAct": "(단언) 진술하기",
            "morpheme": "그거/NP+내/NP+JKG+친구/NNG+도/JX+받/VV+았/EP+다고/EC+하/VV+더라/EC"
          },
          {
            "id": 17,
            "text": "1 : 응 근데 준비 서류가 겁나 많아",
            "norm_text": "응 근데 준비 서류가 겁나 많아",
            "speaker": {
              "id": "1번",
              "sex": "여성",
              "age": "20대"
            },
            "speechAct": "(단언) 진술하기",
            "morpheme": "응/IC+근데/MAJ+준비/NNG+서류/NNG+가/JKS+겁나/VV+EC+많/VA+아/EC"
          },
          {
            "id": 18,
            "text": "2 : 어어 대출은 서류 진짜 무지 많아 키키",
            "norm_text": "어어 대출은 서류 진짜 무지 많아 키키",
            "speaker": {
              "id": "2번",
              "sex": "여성",
              "age": "20대"
            },
            "speechAct": "(단언) 진술하기",
            "morpheme": "어/IC+어/IC+대출/NNG+은/JX+서류/NNG+진짜/MAG+무지/MAG+많/VA+아/EC+키/NNG+키/XSV+ETN"
          },
          {
            "id": 19,
            "text": "3 : 그래도 이자율이 낮으면 해야지!",
            "norm_text": "그래도 이자율이 낮으면 해야지!",
            "speaker": {
              "id": "3번",
              "sex": "남성",
              "age": "20대"
            },
            "speechAct": "(지시) 충고/제안하기",
            "morpheme": "그래도/MAJ+이/MM+자율/NNG+이/JKS+낮/VA+으면/EC+해야지/VV+EF"
          }
        ]
      }
    }
  ]
}