{
  "dataset": {
    "identifier": 16730,
    "name": "NATEON_21_08_set",
    "src_path": "/data/file/cubeManager/PROJECT001/7/txt202108261819250136101/NATEON_21_08_set/",
    "label_path": "/data/file/cubeManager/PROJECT001/7/txt202108261819250136101/NATEON_21_08_set/",
    "category": 2,
    "type": 0
  },
  "licenses": {
    "name": "Apache License 1.0",
    "url": "http://www.apache.org/licenses/LICENSE-1.0"
  },
  "info": [
    {
      "id": 787,
      "filename": "NATEON_21_08.txt",
      "title": "NATEON_21_08",
      "mediatype": "메신저",
      "medianame": "네이트온",
      "category": "일상대화",
      "date": "2021-08-26",
      "size": 802,
      "annotations": {
        "subject": "연애/결혼",
        "speaker_type": "1:1",
        "size": 802,
        "word_size": 249,
        "text": "1 : 연애를 하고 계시나요?\n2 : 네 하고 있어요\n2 : 연애를 하고 계신가요?\n1 : 네 저도 하고 있습니다.\n1 : 어떻게 만나게 되셨나요?\n2 : 군대 전역하고 번호를 따서 그때는 안 만나고 번호 따고 한 3년 뒤에 만났어요 키키\n2 : 여자친구를 어디서  만나셨나요?\n1 : 저는 교회에서 만났습니다!\n1 : 신기하네요,\n1 : 오랜 시간이 흘렀는데 연락할 수 있었던 계기가 있었나요?\n2 : 여자친구가 그때 안양에 살았었는데 가족들은 부산에 있어서 명절이라 어쩌다 연락이 돼서 만나게 됐습니다!\n1 : 인연이라는 게 참 신기하네요.\n1 : 연애를 하면 좋은 점이 어떤 거라고 생각하시나요?\n2 : 그냥 같이 있으면 좋고 서로 많이 도와주고 행복한 거 같아요 하하\n2 : 여자친구랑 싸운 적은 있으세요?\n1 : 특별하게 싸운 적은 아직 없어요 하하\n1 : 여자친구랑 싸운 적 있으세요?\n2 : 신기하네요 저희도 자주는 아니지만 한 번씩 싸워서...\n2 : 거의 제가 잘못을 해서 안 싸우도록 노력 중입니다 키키\n2 : 여자친구 나이가 어떻게 되나요?\n1 : 제 여자친구는 저보다 3살 어려요.\n1 : 여자친구 나이가 어떻게 되나요?\n2 : 저보다 2살 어려요\n2 : 여자친구가 어려서 좋은 점이 있나요?\n1 : 음 어려서 좋은 점은 딱히 없는 거 같아요.\n1 : 나이 차이가 크게 나는 게 아니라 특별한 느낌은 못 받는 거 같아요.\n1 : 나이 차이가 나서 발생하는 어려움 같은 건 없나요?\n2 : 저도 어려운 건 없는 거 같아요\n2 : 오래 오래 잘 만나요!\n1 : 네, 감사합니다.\n1 : 나중에 기회가 된다면 식사라도 같이 해요!\n2 : 네 기회가 되면 식사 한 번 해요!",
        "lines": [
          {
            "id": 1,
            "text": "1 : 연애를 하고 계시나요?",
            "norm_text": "연애를 하고 계시나요?",
            "speaker": {
              "id": "1번",
              "sex": "남성",
              "age": "30대"
            },
            "speechAct": "(지시) 질문하기",
            "morpheme": "연애/NNG+를/JKO+하/VV+고/EC+계시/VX+나요/EF"
          },
          {
            "id": 2,
            "text": "2 : 네 하고 있어요",
            "norm_text": "네 하고 있어요",
            "speaker": {
              "id": "2번",
              "sex": "남성",
              "age": "30대"
            },
            "speechAct": "(단언) 진술하기",
            "morpheme": "네/IC+하/VV+고/EC+있/VX+어요/EF"
          },
          {
            "id": 3,
            "text": "2 : 연애를 하고 계신가요?",
            "norm_text": "연애를 하고 계신가요?",
            "speaker": {
              "id": "2번",
              "sex": "남성",
              "age": "30대"
            },
            "speechAct": "(지시) 질문하기",
            "morpheme": "연애/NNG+를/JKO+하/VV+고/EC+계신가요/VX+EF"
          },
          {
            "id": 4,
            "text": "1 : 네 저도 하고 있습니다.",
            "norm_text": "네 저도 하고 있습니다.",
            "speaker": {
              "id": "1번",
              "sex": "남성",
              "age": "30대"
            },
            "speechAct": "(단언) 진술하기",
            "morpheme": "네/IC+저/NP+도/JX+하/VV+고/EC+있/VX+습니다/EF"
          },
          {
            "id": 5,
            "text": "1 : 어떻게 만나게 되셨나요?",
            "norm_text": "어떻게 만나게 되셨나요?",
            "speaker": {
              "id": "1번",
              "sex": "남성",
              "age": "30대"
            },
            "speechAct": "(지시) 질문하기",
            "morpheme": "어떻게/MAG+만나/VV+게/EC+되/VV+셨/EP+EP+나요/EF"
          },
          {
            "id": 6,
            "text": "2 : 군대 전역하고 번호를 따서 그때는 안 만나고 번호 따고 한 3년 뒤에 만났어요 키키",
            "norm_text": "군대 전역하고 번호를 따서 그때는 안 만나고 번호 따고 한 3년 뒤에 만났어요 키키",
            "speaker": {
              "id": "2번",
              "sex": "남성",
              "age": "30대"
            },
            "speechAct": "(단언) 진술하기",
            "morpheme": "군대/NNG+전역/NNG+하/XSV+고/EC+번호/NNG+를/JKO+따/VV+서/EC+그때/NNG+는/JX+안/MAG+만나/VV+고/EC+번호/NNG+따/VV+고/EC+한/VX+ETM+3/SN+년/NNBC+뒤/NNG+에/JKB+만났/VV+EP+어요/EF+키/NNG+키/XSV+ETN"
          },
          {
            "id": 7,
            "text": "2 : 여자친구를 어디서  만나셨나요?",
            "norm_text": "여자친구를 어디서  만나셨나요?",
            "speaker": {
              "id": "2번",
              "sex": "남성",
              "age": "30대"
            },
            "speechAct": "(지시) 질문하기",
            "morpheme": "여자/NNG+친구/NNG+를/JKO+어디/NP+서/JKB+만나/VV+셨/EP+EP+나요/EF"
          },
          {
            "id": 8,
            "text": "1 : 저는 교회에서 만났습니다!",
            "norm_text": "저는 교회에서 만났습니다!",
            "speaker": {
              "id": "1번",
              "sex": "남성",
              "age": "30대"
            },
            "speechAct": "(단언) 진술하기",
            "morpheme": "저/NP+는/JX+교회/NNG+에서/JKB+만났/VV+EP+습니다/EF"
          },
          {
            "id": 9,
            "text": "1 : 신기하네요,",
            "norm_text": "신기하네요,",
            "speaker": {
              "id": "1번",
              "sex": "남성",
              "age": "30대"
            },
            "speechAct": "(단언) 주장하기",
            "morpheme": "신기/XR+하/XSA+네요/EF+,/SC"
          },
          {
            "id": 10,
            "text": "1 : 오랜 시간이 흘렀는데 연락할 수 있었던 계기가 있었나요?",
            "norm_text": "오랜 시간이 흘렀는데 연락할 수 있었던 계기가 있었나요?",
            "speaker": {
              "id": "1번",
              "sex": "남성",
              "age": "30대"
            },
            "speechAct": "(지시) 질문하기",
            "morpheme": "오랜/MM+시간/NNG+이/JKS+흘렀/VV+EP+는데/EC+연락/NNG+할/XSV+ETM+수/NNB+있/VV+었/EP+던/ETM+계기/NNG+가/JKS+있/VA+었/EP+나요/EF"
          },
          {
            "id": 11,
            "text": "2 : 여자친구가 그때 안양에 살았었는데 가족들은 부산에 있어서 명절이라 어쩌다 연락이 돼서 만나게 됐습니다!",
            "norm_text": "여자친구가 그때 안양에 살았었는데 가족들은 부산에 있어서 명절이라 어쩌다 연락이 돼서 만나게 됐습니다!",
            "speaker": {
              "id": "2번",
              "sex": "남성",
              "age": "30대"
            },
            "speechAct": "(단언) 진술하기",
            "morpheme": "여자/NNG+친구/NNG+가/JKS+그때/NNG+안양/NNP+에/JKB+살/VV+았었/EP+는데/EC+가족/NNG+들/XSN+은/JX+부산/NNP+에/JKB+있/VV+어서/EC+명절/NNG+이/VCP+라/EC+어쩌다/MAJ+연락/NNG+이/JKS+돼서/VV+EC+만나/VV+게/EC+됐/VV+EP+습니다/EF"
          },
          {
            "id": 12,
            "text": "1 : 인연이라는 게 참 신기하네요.",
            "norm_text": "인연이라는 게 참 신기하네요.",
            "speaker": {
              "id": "1번",
              "sex": "남성",
              "age": "30대"
            },
            "speechAct": "(단언) 주장하기",
            "morpheme": "인연/NNG+이/VCP+라는/ETM+게/NNB+JKS+참/MAG+신기/XR+하/XSA+네요/EF"
          },
          {
            "id": 13,
            "text": "1 : 연애를 하면 좋은 점이 어떤 거라고 생각하시나요?",
            "norm_text": "연애를 하면 좋은 점이 어떤 거라고 생각하시나요?",
            "speaker": {
              "id": "1번",
              "sex": "남성",
              "age": "30대"
            },
            "speechAct": "(지시) 질문하기",
            "morpheme": "연애/NNG+를/JKO+하/VV+면/EC+좋/VA+은/ETM+점/NNG+이/JKS+어떤/MM+거/NNB+라고/VCP+EC+생각/NNG+하/XSV+시/EP+나요/EF"
          },
          {
            "id": 14,
            "text": "2 : 그냥 같이 있으면 좋고 서로 많이 도와주고 행복한 거 같아요 하하",
            "norm_text": "그냥 같이 있으면 좋고 서로 많이 도와주고 행복한 거 같아요 하하",
            "speaker": {
              "id": "2번",
              "sex": "남성",
              "age": "30대"
            },
            "speechAct": "(단언) 주장하기",
            "morpheme": "그냥/MAG+같이/MAG+있/VV+으면/EC+좋/VA+고/EC+서로/MAG+많이/MAG+도와/VV+EC+주/VX+고/EC+행복/NNG+한/XSA+ETM+거/NNB+같/VA+아요/EF+하하/MAG"
          },
          {
            "id": 15,
            "text": "2 : 여자친구랑 싸운 적은 있으세요?",
            "norm_text": "여자친구랑 싸운 적은 있으세요?",
            "speaker": {
              "id": "2번",
              "sex": "남성",
              "age": "30대"
            },
            "speechAct": "(지시) 질문하기",
            "morpheme": "여자/NNG+친구/NNG+랑/JKB+싸운/VV+ETM+적/NNB+은/JX+있/VA+으세요/EF"
          },
          {
            "id": 16,
            "text": "1 : 특별하게 싸운 적은 아직 없어요 하하",
            "norm_text": "특별하게 싸운 적은 아직 없어요 하하",
            "speaker": {
              "id": "1번",
              "sex": "남성",
              "age": "30대"
            },
            "speechAct": "(단언) 진술하기",
            "morpheme": "특별/NNG+하/XSV+게/EC+싸운/VV+ETM+적/NNB+은/JX+아직/MAG+없/VA+어요/EF+하하/MAG"
          },
          {
            "id": 17,
            "text": "1 : 여자친구랑 싸운 적 있으세요?",
            "norm_text": "여자친구랑 싸운 적 있으세요?",
            "speaker": {
              "id": "1번",
              "sex": "남성",
              "age": "30대"
            },
            "speechAct": "(지시) 질문하기",
            "morpheme": "여자/NNG+친구/NNG+랑/JKB+싸운/VV+ETM+적/NNB+있/VA+으세요/EF"
          },
          {
            "id": 18,
            "text": "2 : 신기하네요 저희도 자주는 아니지만 한 번씩 싸워서...",
            "norm_text": "신기하네요 저희도 자주는 아니지만 한 번씩 싸워서...",
            "speaker": {
              "id": "2번",
              "sex": "남성",
              "age": "30대"
            },
            "speechAct": "(단언) 주장하기",
            "morpheme": "신기/XR+하/XSA+네요/EF+저희/NP+도/JX+자주/NNG+는/JX+아니/VCN+지만/EC+한/MM+번/NNBC+씩/XSN+싸워서/VV+EF+./SY"
          },
          {
            "id": 19,
            "text": "2 : 거의 제가 잘못을 해서 안 싸우도록 노력 중입니다 키키",
            "norm_text": "거의 제가 잘못을 해서 안 싸우도록 노력 중입니다 키키",
            "speaker": {
              "id": "2번",
              "sex": "남성",
              "age": "30대"
            },
            "speechAct": "(단언) 주장하기",
            "morpheme": "거의/MAG+제/NP+가/JKS+잘못/NNG+을/JKO+해서/VV+EC+안/MAG+싸우/VV+도록/EC+노력/NNG+중/NNB+입니다/VCP+EF+키/NNG+키/XSV+ETN"
          },
          {
            "id": 20,
            "text": "2 : 여자친구 나이가 어떻게 되나요?",
            "norm_text": "여자친구 나이가 어떻게 되나요?",
            "speaker": {
              "id": "2번",
              "sex": "남성",
              "age": "30대"
            },
            "speechAct": "(지시) 질문하기",
            "morpheme": "여자/NNG+친구/NNG+나이/NNG+가/JKS+어떻게/MAG+되/VV+나요/EF"
          },
          {
            "id": 21,
            "text": "1 : 제 여자친구는 저보다 3살 어려요.",
            "norm_text": "제 여자친구는 저보다 3살 어려요.",
            "speaker": {
              "id": "1번",
              "sex": "남성",
              "age": "30대"
            },
            "speechAct": "(단언) 진술하기",
            "morpheme": "제/NP+JKG+여자/NNG+친구/NNG+는/JX+저/NP+보다/JKB+3/SN+살/NNBC+어려요/VA+EF"
          },
          {
            "id": 22,
            "text": "1 : 여자친구 나이가 어떻게 되나요?",
            "norm_text": "여자친구 나이가 어떻게 되나요?",
            "speaker": {
              "id": "1번",
              "sex": "남성",
              "age": "30대"
            },
            "speechAct": "(지시) 질문하기",
            "morpheme": "여자/NNG+친구/NNG+나이/NNG+가/JKS+어떻게/MAG+되/VV+나요/EF"
          },
          {
            "id": 23,
            "text": "2 : 저보다 2살 어려요",
            "norm_text": "저보다 2살 어려요",
            "speaker": {
              "id": "2번",
              "sex": "남성",
              "age": "30대"
            },
            "speechAct": "(단언) 진술하기",
            "morpheme": "저/NP+보다/JKB+2/SN+살/NNBC+어려요/VA+EF"
          },
          {
            "id": 24,
            "text": "2 : 여자친구가 어려서 좋은 점이 있나요?",
            "norm_text": "여자친구가 어려서 좋은 점이 있나요?",
            "speaker": {
              "id": "2번",
              "sex": "남성",
              "age": "30대"
            },
            "speechAct": "(지시) 질문하기",
            "morpheme": "여자/NNG+친구/NNG+가/JKS+어려서/VA+EC+좋/VA+은/ETM+점/NNG+이/JKS+있/VA+나요/EF"
          },
          {
            "id": 25,
            "text": "1 : 음 어려서 좋은 점은 딱히 없는 거 같아요.",
            "norm_text": "음 어려서 좋은 점은 딱히 없는 거 같아요.",
            "speaker": {
              "id": "1번",
              "sex": "남성",
              "age": "30대"
            },
            "speechAct": "(단언) 주장하기",
            "morpheme": "음/IC+어려서/VA+EC+좋/VA+은/ETM+점/NNG+은/JX+딱히/MAG+없/VA+는/ETM+거/NNB+같/VA+아요/EF"
          },
          {
            "id": 26,
            "text": "1 : 나이 차이가 크게 나는 게 아니라 특별한 느낌은 못 받는 거 같아요.",
            "norm_text": "나이 차이가 크게 나는 게 아니라 특별한 느낌은 못 받는 거 같아요.",
            "speaker": {
              "id": "1번",
              "sex": "남성",
              "age": "30대"
            },
            "speechAct": "(단언) 주장하기",
            "morpheme": "나이/NNG+차이/NNG+가/JKS+크/VA+게/EC+나/VX+는/ETM+게/NNB+JKC+아니/VCN+라/EC+특별/XR+한/XSA+ETM+느낌/NNG+은/JX+못/MAG+받/VV+는/ETM+거/NNB+같/VA+아요/EF"
          },
          {
            "id": 27,
            "text": "1 : 나이 차이가 나서 발생하는 어려움 같은 건 없나요?",
            "norm_text": "나이 차이가 나서 발생하는 어려움 같은 건 없나요?",
            "speaker": {
              "id": "1번",
              "sex": "남성",
              "age": "30대"
            },
            "speechAct": "(지시) 질문하기",
            "morpheme": "나이/NNG+차이/NNG+가/JKS+나/NP+서/JKB+발생/NNG+하/XSV+는/ETM+어려움/NNG+같/VA+은/ETM+건/NNB+JX+없/VA+나요/EF"
          },
          {
            "id": 28,
            "text": "2 : 저도 어려운 건 없는 거 같아요",
            "norm_text": "저도 어려운 건 없는 거 같아요",
            "speaker": {
              "id": "2번",
              "sex": "남성",
              "age": "30대"
            },
            "speechAct": "(단언) 주장하기",
            "morpheme": "저/NP+도/JX+어려운/VA+ETM+건/NNB+JX+없/VA+는/ETM+거/NNB+같/VA+아요/EC"
          },
          {
            "id": 29,
            "text": "2 : 오래 오래 잘 만나요!",
            "norm_text": "오래 오래 잘 만나요!",
            "speaker": {
              "id": "2번",
              "sex": "남성",
              "age": "30대"
            },
            "speechAct": "(단언) 진술하기",
            "morpheme": "오래오래/MAG+잘/MAG+만나/VV+요/EF"
          },
          {
            "id": 30,
            "text": "1 : 네, 감사합니다.",
            "norm_text": "네, 감사합니다.",
            "speaker": {
              "id": "1번",
              "sex": "남성",
              "age": "30대"
            },
            "speechAct": "(표현) 감사하기",
            "morpheme": "네/IC+,/SC+감사/NNG+합니다/XSV+EF"
          },
          {
            "id": 31,
            "text": "1 : 나중에 기회가 된다면 식사라도 같이 해요!",
            "norm_text": "나중에 기회가 된다면 식사라도 같이 해요!",
            "speaker": {
              "id": "1번",
              "sex": "남성",
              "age": "30대"
            },
            "speechAct": "(지시) 충고/제안하기",
            "morpheme": "나중/NNG+에/JKB+기회/NNG+가/JKS+된다면/VV+EC+식사/NNG+라도/VCP+EC+같이/MAG+해요/VV+EF"
          },
          {
            "id": 32,
            "text": "2 : 네 기회가 되면 식사 한 번 해요!",
            "norm_text": "네 기회가 되면 식사 한 번 해요!",
            "speaker": {
              "id": "2번",
              "sex": "남성",
              "age": "30대"
            },
            "speechAct": "(단언) 주장하기",
            "morpheme": "네/IC+기회/NNG+가/JKS+되/VV+면/EC+식사/NNG+한/MM+번/NNBC+해요/VV+EF"
          }
        ]
      }
    }
  ]
}