{
  "dataset": {
    "identifier": 18248,
    "name": "NATEON_26_04_set",
    "src_path": "/data/file/cubeManager/PROJECT001/7/txt20210826181628061370/NATEON_26_04_set/",
    "label_path": "/data/file/cubeManager/PROJECT001/7/txt20210826181628061370/NATEON_26_04_set/",
    "category": 2,
    "type": 0
  },
  "licenses": {
    "name": "Apache License 1.0",
    "url": "http://www.apache.org/licenses/LICENSE-1.0"
  },
  "info": [
    {
      "id": 722,
      "filename": "NATEON_26_04.txt",
      "title": "NATEON_26_04",
      "mediatype": "메신저",
      "medianame": "네이트온",
      "category": "일상대화",
      "date": "2021-08-26",
      "size": 1406,
      "annotations": {
        "subject": "회사/아르바이트",
        "speaker_type": "1:1",
        "size": 1406,
        "word_size": 432,
        "text": "1 : 점점 취업 시장이 안 좋아지고 있다나봐,\n1 : 나도 체감해 보니 그런 거 같아 ㅠ\n2 : 정말 그래.\n2 : 요즘엔 아르바이트 구하기도 힘들다던데 취업도 더 심각해진 거 같아.\n1 : 맞아 ㅠㅠ\n1 : 취준생들 중에 고스펙자들도 엄청 많을 거 같아.\n1 : 아직 취준 하고 있는 친구들 있어?\n2 : 응응! 내 주변 친구들은 아직 준비 중인 친구들이 더 많이 있어서 정말 더 체감하고 있는 중이야. ㅠㅠ\n1 : 아 그렇겠다. ㅠ\n1 : 나는 확실히 친구들이 자리를 좀 많이 잡은 상태야! 일찍부터 직장 생활들을 해서...\n1 : 그래서 나도 취준일 때 좀 약간 주눅 드는 느낌도 있긴 했었어\n2 : 그렇구나!\n2 : 확실히 주변 친구가 빨리 취업하면 좀 조급해지고 위축되는 거 같아.\n2 : 나도 그랬었거든 ㅠㅠ\n1 : 맞아. 그래서 취준 생활이 힘들긴 했어.\n1 : 지금이야 어떻게 직장 다니고는 있지만!\n1 : 근데 예전이야 몰라도 요즘은 한 직장을 계속 오래 다니지 않고 옮기는 추세잖아.\n1 : 그래서 계속 스펙 쌓는 것도 틈틈이 신경 써야 할 것 같아!\n2 : 맞아 그런 분위기더라!\n2 : 나는 안정적인 걸 좋아해서 한 곳에 오래있고 싶었는데 그게 또 내 마음대로 되는 것도 아니니까 잘 계획하고 알아보면서 해야 할 것 같아.\n2 : 정말 쉽지 않네 ㅠㅠ\n1 : 맞아. 대기업 같은 데는 복지도 좋겠지만 그 외 다른 곳들은 복지나 아니면 자기가 생각하는 연봉이나 그 회사\n2 : 그치 내가 생각했던 것이랑 다른 부분도 있을 거고 그러다 보면 다른 곳으로 옮기게 되고 그런 것 같아.\n2 : 그래서 다들 잘 맞는 곳 찾으려고 여러 군데 옮기시는 것 같기도 해!\n1 : 맞아! 각자 원하는 게 있을 테니까!\n1 : 내 친구는 코로나 터지고 나서 재택 근무한 지 되게 오래 됐거든.\n1 : 근데 걔는 워낙 일 자체를 좋아하는 사람이라 그런가 재택 근무 싫다고 그러더라 커커\n1 : 출근하고 싶대.\n2 : 와 정말?\n2: 그런 분들도 있구나 키키\n2 : 밖에서 일하는 분위기 속에서 일하고 싶으신 분들은 재택 근무하기 좀 힘들 거 같긴 하다.\n1 : 응 몇 달 동안 재택 근무만 하면 회사 동료들이랑 얘기하고 같이 어울리면서 일하는 게 그립긴 할 거 같아 ㅠ\n2 : 맞아 집이 편하고 시간도 아낄 수 있지만 능률이 떨어지거나 사람들이랑 이야기하면서 여러 문제들도 풀어 나가고 하는 것들은 조금 어려워질 거 같아!\n2 : 근데 요즘에는 상황이 이러니까 뽑는 인원도 적어지고 정규직 채용도 많이 안 하는 것 같아서 걱정이야.\n1: 맞아. 그래서 정부에서 일자리 정책이라고 청년 디지털 일자리 이런 것도 하던데 일회성으로 끝나는 거 아니냐고 비판하는 목소리도 많더라.\n1 : 대부분 계약직으로 끝날 테니 ㅠㅠ\n2 : 아 맞아!\n2 : 청년들이 일할 수 있는 발판을 마련해 주는 것 같아서 좋았는데 그게 아무래도 정규직까지 간다는 건 좀 한계가 있지 않을까 싶어... ㅠㅠ",
        "lines": [
          {
            "id": 1,
            "text": "1 : 점점 취업 시장이 안 좋아지고 있다나봐,",
            "norm_text": "점점 취업 시장이 안 좋아지고 있다나봐,",
            "speaker": {
              "id": "1번",
              "sex": "여성",
              "age": "30대"
            },
            "speechAct": "(단언) 진술하기",
            "morpheme": "점점/MAG+취업/NNG+시장/NNG+이/JKS+안/MAG+좋/VA+아/EC+지/VX+고/EC+있/VX+다나/EC+봐/VX+EF+,/SC"
          },
          {
            "id": 2,
            "text": "1 : 나도 체감해 보니 그런 거 같아 ㅠ",
            "norm_text": "나도 체감해 보니 그런 거 같아 ㅠ",
            "speaker": {
              "id": "1번",
              "sex": "여성",
              "age": "30대"
            },
            "speechAct": "(단언) 주장하기",
            "morpheme": "나/NP+도/JX+체감/NNG+해/XSV+EC+보/VX+니/EC+그런/MM+거/NNB+같/VA+아/EC+ㅠ/UNKNOWN"
          },
          {
            "id": 3,
            "text": "2 : 정말 그래.",
            "norm_text": "정말 그래.",
            "speaker": {
              "id": "2번",
              "sex": "여성",
              "age": "20대"
            },
            "speechAct": "(단언) 주장하기",
            "morpheme": "정말/MAG+그래/VA+EF"
          },
          {
            "id": 4,
            "text": "2 : 요즘엔 아르바이트 구하기도 힘들다던데 취업도 더 심각해진 거 같아.",
            "norm_text": "요즘엔 아르바이트 구하기도 힘들다던데 취업도 더 심각해진 거 같아.",
            "speaker": {
              "id": "2번",
              "sex": "여성",
              "age": "20대"
            },
            "speechAct": "(단언) 주장하기",
            "morpheme": "요즘/NNG+엔/JKB+JX+아르바이트/NNG+구하/VV+기/ETN+도/JX+힘들/VA+다던데/EC+취업/NNG+도/JX+더/MAG+심각/XR+해진/XSA+EC+VX+ETM+거/NNB+같/VA+아/EF"
          },
          {
            "id": 5,
            "text": "1 : 맞아 ㅠㅠ",
            "norm_text": "맞아 ㅠㅠ",
            "speaker": {
              "id": "1번",
              "sex": "여성",
              "age": "30대"
            },
            "speechAct": "(단언) 주장하기",
            "morpheme": "맞아ㅠㅠ/UNKNOWN"
          },
          {
            "id": 6,
            "text": "1 : 취준생들 중에 고스펙자들도 엄청 많을 거 같아.",
            "norm_text": "취준생들 중에 고스펙자들도 엄청 많을 거 같아.",
            "speaker": {
              "id": "1번",
              "sex": "여성",
              "age": "30대"
            },
            "speechAct": "(단언) 주장하기",
            "morpheme": "취/NNG+준/NNG+생/XSN+들/XSN+중/NNB+에/JKB+고스/NNP+펙/NNG+자/XSN+들/XSN+도/JX+엄청/MAG+많/VA+을/ETM+거/NNB+같/VA+아/EF"
          },
          {
            "id": 7,
            "text": "1 : 아직 취준 하고 있는 친구들 있어?",
            "norm_text": "아직 취준 하고 있는 친구들 있어?",
            "speaker": {
              "id": "1번",
              "sex": "여성",
              "age": "30대"
            },
            "speechAct": "(단언) 주장하기",
            "morpheme": "아직/MAG+취/NNG+준하/VV+고/EC+있/VX+는/ETM+친구/NNG+들/XSN+있/VA+어/EF"
          },
          {
            "id": 8,
            "text": "2 : 응응! 내 주변 친구들은 아직 준비 중인 친구들이 더 많이 있어서 정말 더 체감하고 있는 중이야. ㅠㅠ",
            "norm_text": "응응! 내 주변 친구들은 아직 준비 중인 친구들이 더 많이 있어서 정말 더 체감하고 있는 중이야. ㅠㅠ",
            "speaker": {
              "id": "2번",
              "sex": "여성",
              "age": "20대"
            },
            "speechAct": "(단언) 주장하기",
            "morpheme": "응/IC+응/IC+내/NP+JKG+주변/NNG+친구/NNG+들/XSN+은/JX+아직/MAG+준비/NNG+중/NNB+인/VCP+ETM+친구/NNG+들/XSN+이/JKS+더/MAG+많이/MAG+있/VA+어서/EC+정말/MAG+더/MAG+체감/NNG+하/XSV+고/EC+있/VX+는/ETM+중/NNB+이/VCP+야/EF+ㅠㅠ/UNKNOWN"
          },
          {
            "id": 9,
            "text": "1 : 아 그렇겠다. ㅠ",
            "norm_text": "아 그렇겠다. ㅠ",
            "speaker": {
              "id": "1번",
              "sex": "여성",
              "age": "30대"
            },
            "speechAct": "(단언) 주장하기",
            "morpheme": "아/IC+그렇/VA+겠/EP+다/EF+ㅠ/UNKNOWN"
          },
          {
            "id": 10,
            "text": "1 : 나는 확실히 친구들이 자리를 좀 많이 잡은 상태야! 일찍부터 직장 생활들을 해서...",
            "norm_text": "나는 확실히 친구들이 자리를 좀 많이 잡은 상태야! 일찍부터 직장 생활들을 해서...",
            "speaker": {
              "id": "1번",
              "sex": "여성",
              "age": "30대"
            },
            "speechAct": "(단언) 주장하기",
            "morpheme": "나/NP+는/JX+확실히/MAG+친구/NNG+들/XSN+이/JKS+자리/NNG+를/JKO+좀/MAG+많이/MAG+잡/VV+은/ETM+상태/NNG+야/VCP+EF+일찍/MAG+부터/JX+직장/NNG+생활/NNG+들/XSN+을/JKO+해서/VV+EC+./SY+./SY"
          },
          {
            "id": 11,
            "text": "1 : 그래서 나도 취준일 때 좀 약간 주눅 드는 느낌도 있긴 했었어",
            "norm_text": "그래서 나도 취준일 때 좀 약간 주눅 드는 느낌도 있긴 했었어",
            "speaker": {
              "id": "1번",
              "sex": "여성",
              "age": "30대"
            },
            "speechAct": "(단언) 주장하기",
            "morpheme": "그래서/MAJ+나/NP+도취/NNG+준일/NNG+때/NNG+좀/MAG+약간/MAG+주눅/NNG+드/VV+는/ETM+느낌/NNG+도/JX+있/VX+긴/ETN+JX+했었/VX+EP+어/EC"
          },
          {
            "id": 12,
            "text": "2 : 그렇구나!",
            "norm_text": "그렇구나!",
            "speaker": {
              "id": "2번",
              "sex": "여성",
              "age": "20대"
            },
            "speechAct": "(단언) 주장하기",
            "morpheme": "그렇/VA+구나/EF"
          },
          {
            "id": 13,
            "text": "2 : 확실히 주변 친구가 빨리 취업하면 좀 조급해지고 위축되는 거 같아.",
            "norm_text": "확실히 주변 친구가 빨리 취업하면 좀 조급해지고 위축되는 거 같아.",
            "speaker": {
              "id": "2번",
              "sex": "여성",
              "age": "20대"
            },
            "speechAct": "(단언) 주장하기",
            "morpheme": "확실히/MAG+주변/NNG+친구/NNG+가/JKS+빨리/MAG+취업/NNG+하/XSV+면/EC+좀/MAG+조급/XR+해/XSA+EC+지/VX+고/EC+위축/NNG+되/XSV+는/ETM+거/NNB+같/VA+아/EF"
          },
          {
            "id": 14,
            "text": "2 : 나도 그랬었거든 ㅠㅠ",
            "norm_text": "나도 그랬었거든 ㅠㅠ",
            "speaker": {
              "id": "2번",
              "sex": "여성",
              "age": "20대"
            },
            "speechAct": "(단언) 진술하기",
            "morpheme": "나/NP+도/JX+그랬었/VV+EP+거든/EF+ㅠㅠ/UNKNOWN"
          },
          {
            "id": 15,
            "text": "1 : 맞아. 그래서 취준 생활이 힘들긴 했어.",
            "norm_text": "맞아. 그래서 취준 생활이 힘들긴 했어.",
            "speaker": {
              "id": "1번",
              "sex": "여성",
              "age": "30대"
            },
            "speechAct": "(단언) 주장하기",
            "morpheme": "맞/VV+아/EF+그래서/MAJ+취/NNG+준/XPN+생활/NNG+이/JKS+힘들/VA+긴/ETN+JX+했/VX+EP+어/EF"
          },
          {
            "id": 16,
            "text": "1 : 지금이야 어떻게 직장 다니고는 있지만!",
            "norm_text": "지금이야 어떻게 직장 다니고는 있지만!",
            "speaker": {
              "id": "1번",
              "sex": "여성",
              "age": "30대"
            },
            "speechAct": "(단언) 진술하기",
            "morpheme": "지금/NNG+이/VCP+야/EF+어떻게/MAG+직장/NNG+다니/VV+고는/EC+있/VX+지만/EC"
          },
          {
            "id": 17,
            "text": "1 : 근데 예전이야 몰라도 요즘은 한 직장을 계속 오래 다니지 않고 옮기는 추세잖아.",
            "norm_text": "근데 예전이야 몰라도 요즘은 한 직장을 계속 오래 다니지 않고 옮기는 추세잖아.",
            "speaker": {
              "id": "1번",
              "sex": "여성",
              "age": "30대"
            },
            "speechAct": "(단언) 주장하기",
            "morpheme": "근데/MAJ+예전/NNG+이/VCP+야/EC+몰라도/VV+EC+요즘/NNG+은/JX+한/MM+직장/NNG+을/JKO+계속/MAG+오래/MAG+다니/VV+지/EC+않/VX+고/EC+옮기/VV+는/ETM+추세/NNG+잖아/VCP+EC+VX+EF"
          },
          {
            "id": 18,
            "text": "1 : 그래서 계속 스펙 쌓는 것도 틈틈이 신경 써야 할 것 같아!",
            "norm_text": "그래서 계속 스펙 쌓는 것도 틈틈이 신경 써야 할 것 같아!",
            "speaker": {
              "id": "1번",
              "sex": "여성",
              "age": "30대"
            },
            "speechAct": "(단언) 주장하기",
            "morpheme": "그래서/MAJ+계속/MAG+스펙/NNP+쌓/VV+는/ETM+것/NNB+도/JX+틈틈이/MAG+신경/NNG+써야/VV+EC+할/VX+ETM+것/NNB+같/VA+아/EF"
          },
          {
            "id": 19,
            "text": "2 : 맞아 그런 분위기더라!",
            "norm_text": "맞아 그런 분위기더라!",
            "speaker": {
              "id": "2번",
              "sex": "여성",
              "age": "20대"
            },
            "speechAct": "(단언) 주장하기",
            "morpheme": "맞/VV+아/EC+그런/MM+분위기/NNG+더라/VCP+EF"
          },
          {
            "id": 20,
            "text": "2 : 나는 안정적인 걸 좋아해서 한 곳에 오래있고 싶었는데 그게 또 내 마음대로 되는 것도 아니니까 잘 계획하고 알아보면서 해야 할 것 같아.",
            "norm_text": "나는 안정적인 걸 좋아해서 한 곳에 오래있고 싶었는데 그게 또 내 마음대로 되는 것도 아니니까 잘 계획하고 알아보면서 해야 할 것 같아.",
            "speaker": {
              "id": "2번",
              "sex": "여성",
              "age": "20대"
            },
            "speechAct": "(단언) 주장하기",
            "morpheme": "나/NP+는/JX+안정/NNG+적/XSN+인/VCP+ETM+걸/NNB+JKO+좋/VA+아/EC+해서/VV+EC+한/MM+곳/NNG+에/JKB+오래/MAG+있/VV+고/EC+싶/VX+었/EP+는데/EC+그게/NP+JKS+또/MAG+내/NP+JKG+마음/NNG+대로/JKB+되/VV+는/ETM+것/NNB+도/JX+아니/VCN+니까/EC+잘/MAG+계획/NNG+하/XSV+고/EC+알아보/VV+면서/EC+해야/VV+EC+할/VX+ETM+것/NNB+같/VA+아/EF"
          },
          {
            "id": 21,
            "text": "2 : 정말 쉽지 않네 ㅠㅠ",
            "norm_text": "정말 쉽지 않네 ㅠㅠ",
            "speaker": {
              "id": "2번",
              "sex": "여성",
              "age": "20대"
            },
            "speechAct": "(단언) 주장하기",
            "morpheme": "정말/MAG+쉽/VA+지/EC+않/VX+네/EF+ㅠㅠ/UNKNOWN"
          },
          {
            "id": 22,
            "text": "1 : 맞아. 대기업 같은 데는 복지도 좋겠지만 그 외 다른 곳들은 복지나 아니면 자기가 생각하는 연봉이나 그 회사",
            "norm_text": "맞아. 대기업 같은 데는 복지도 좋겠지만 그 외 다른 곳들은 복지나 아니면 자기가 생각하는 연봉이나 그 회사",
            "speaker": {
              "id": "1번",
              "sex": "여성",
              "age": "30대"
            },
            "speechAct": "(단언) 주장하기",
            "morpheme": "맞/VV+아/EF+대/XPN+기업/NNG+같/VA+은/ETM+데/NNB+는/JX+복지/NNG+도/JX+좋/VA+겠/EP+지만/EC+그/MM+외/NNB+다른/MM+곳/NNG+들/XSN+은/JX+복지/NNG+나/JC+아니/VCN+면/EC+자기/NP+가/JKS+생각/NNG+하/XSV+는/ETM+연봉/NNG+이나/JC+그/MM+회사/NNG"
          },
          {
            "id": 23,
            "text": "2 : 그치 내가 생각했던 것이랑 다른 부분도 있을 거고 그러다 보면 다른 곳으로 옮기게 되고 그런 것 같아.",
            "norm_text": "그치 내가 생각했던 것이랑 다른 부분도 있을 거고 그러다 보면 다른 곳으로 옮기게 되고 그런 것 같아.",
            "speaker": {
              "id": "2번",
              "sex": "여성",
              "age": "20대"
            },
            "speechAct": "(단언) 주장하기",
            "morpheme": "그치/IC+내/NP+가/JKS+생각/NNG+했/XSV+EP+던/ETM+것/NNB+이랑/JC+다른/MM+부분/NNG+도/JX+있/VA+을/ETM+거/NNB+고/VCP+EC+그러/VV+다/EC+보/VX+면/EC+다른/MM+곳/NNG+으로/JKB+옮기/VV+게/EC+되/VV+고/EC+그런/MM+것/NNB+같/VA+아/EF"
          },
          {
            "id": 24,
            "text": "2 : 그래서 다들 잘 맞는 곳 찾으려고 여러 군데 옮기시는 것 같기도 해!",
            "norm_text": "그래서 다들 잘 맞는 곳 찾으려고 여러 군데 옮기시는 것 같기도 해!",
            "speaker": {
              "id": "2번",
              "sex": "여성",
              "age": "20대"
            },
            "speechAct": "(단언) 주장하기",
            "morpheme": "그래서/MAJ+다/MAG+들/XSN+잘/MAG+맞/VV+는/ETM+곳/NNB+찾/VV+으려고/EC+여러/MM+군데/NNBC+옮기/VV+시/EP+는/ETM+것/NNB+같/VA+기/ETN+도/JX+해/VV+EF"
          },
          {
            "id": 25,
            "text": "1 : 맞아! 각자 원하는 게 있을 테니까!",
            "norm_text": "맞아! 각자 원하는 게 있을 테니까!",
            "speaker": {
              "id": "1번",
              "sex": "여성",
              "age": "30대"
            },
            "speechAct": "(단언) 주장하기",
            "morpheme": "맞/VV+아/EF+각/MM+자원/NNG+하/XSV+는/ETM+게/NNB+JKS+있/VA+을/ETM+테/NNB+VCP+니까/EF"
          },
          {
            "id": 26,
            "text": "1 : 내 친구는 코로나 터지고 나서 재택 근무한 지 되게 오래 됐거든.",
            "norm_text": "내 친구는 코로나 터지고 나서 재택 근무한 지 되게 오래 됐거든.",
            "speaker": {
              "id": "1번",
              "sex": "여성",
              "age": "30대"
            },
            "speechAct": "(단언) 진술하기",
            "morpheme": "내/NP+JKG+친구/NNG+는/JX+코로나/NNG+터지/VV+고/EC+나/VX+서/EC+재택근무/NNG+한지/XSA+EC+되게/MAG+오래/MAG+됐/VV+EP+거든/EF"
          },
          {
            "id": 27,
            "text": "1 : 근데 걔는 워낙 일 자체를 좋아하는 사람이라 그런가 재택 근무 싫다고 그러더라 커커",
            "norm_text": "근데 걔는 워낙 일 자체를 좋아하는 사람이라 그런가 재택 근무 싫다고 그러더라 커커",
            "speaker": {
              "id": "1번",
              "sex": "여성",
              "age": "30대"
            },
            "speechAct": "(단언) 진술하기",
            "morpheme": "근데/MAJ+걔/NP+는/JX+워낙/MAG+일/NR+자체/NNG+를/JKO+좋아하/VV+는/ETM+사람/NNG+이/VCP+라/EC+그런가/VA+EC+재택근무/NNG+싫/VA+다고/EC+그러/VV+더라/EC+커/VV+EC+커/VV+EC"
          },
          {
            "id": 28,
            "text": "1 : 출근하고 싶대.",
            "norm_text": "출근하고 싶대.",
            "speaker": {
              "id": "1번",
              "sex": "여성",
              "age": "30대"
            },
            "speechAct": "(단언) 진술하기",
            "morpheme": "출근/NNG+하/XSV+고/EC+싶/VX+대/EF"
          },
          {
            "id": 29,
            "text": "2 : 와 정말?",
            "norm_text": "와 정말?",
            "speaker": {
              "id": "2번",
              "sex": "여성",
              "age": "20대"
            },
            "speechAct": "턴토크 사인(관습적 반응)",
            "morpheme": "와/IC+정말/MAG"
          },
          {
            "id": 30,
            "text": "2: 그런 분들도 있구나 키키",
            "norm_text": "그런 분들도 있구나 키키",
            "speaker": {
              "id": "2번",
              "sex": "여성",
              "age": "20대"
            },
            "speechAct": "(단언) 진술하기",
            "morpheme": "그런/MM+분/NNB+들/XSN+도/JX+있/VA+구나/EF+키/NNG+키/XSV+ETN"
          },
          {
            "id": 31,
            "text": "2 : 밖에서 일하는 분위기 속에서 일하고 싶으신 분들은 재택 근무하기 좀 힘들 거 같긴 하다.",
            "norm_text": "밖에서 일하는 분위기 속에서 일하고 싶으신 분들은 재택 근무하기 좀 힘들 거 같긴 하다.",
            "speaker": {
              "id": "2번",
              "sex": "여성",
              "age": "20대"
            },
            "speechAct": "(단언) 주장하기",
            "morpheme": "밖/NNG+에서/JKB+일/NNG+하/XSV+는/ETM+분위기/NNG+속/NNG+에서/JKB+일/NNG+하/XSV+고/EC+싶/VX+으신/EP+ETM+분/NNB+들/XSN+은/JX+재택근무/NNG+하/XSV+기/ETN+좀/MAG+힘들/VA+ETM+거/NNB+같/VA+긴/ETN+JX+하/VX+다/EF"
          },
          {
            "id": 32,
            "text": "1 : 응 몇 달 동안 재택 근무만 하면 회사 동료들이랑 얘기하고 같이 어울리면서 일하는 게 그립긴 할 거 같아 ㅠ",
            "norm_text": "응 몇 달 동안 재택 근무만 하면 회사 동료들이랑 얘기하고 같이 어울리면서 일하는 게 그립긴 할 거 같아 ㅠ",
            "speaker": {
              "id": "1번",
              "sex": "여성",
              "age": "30대"
            },
            "speechAct": "(단언) 주장하기",
            "morpheme": "응/IC+몇/MM+달/NNBC+동안/NNG+재택근무/NNG+만/JX+하/VV+면/EC+회사/NNG+동료/NNG+들/XSN+이랑/JKB+얘기/NNG+하/XSV+고/EC+같이/MAG+어울리/VV+면서/EC+일/NNG+하/XSV+는/ETM+게/NNB+JKS+그립/VA+긴/ETN+JX+할/VX+ETM+거/NNB+같/VA+아/EC+ㅠ/UNKNOWN"
          },
          {
            "id": 33,
            "text": "2 : 맞아 집이 편하고 시간도 아낄 수 있지만 능률이 떨어지거나 사람들이랑 이야기하면서 여러 문제들도 풀어 나가고 하는 것들은 조금 어려워질 거 같아!",
            "norm_text": "맞아 집이 편하고 시간도 아낄 수 있지만 능률이 떨어지거나 사람들이랑 이야기하면서 여러 문제들도 풀어 나가고 하는 것들은 조금 어려워질 거 같아!",
            "speaker": {
              "id": "2번",
              "sex": "여성",
              "age": "20대"
            },
            "speechAct": "(단언) 주장하기",
            "morpheme": "맞/VV+아/EC+집/NNG+이/JKS+편하/VA+고/EC+시간/NNG+도/JX+아낄/VV+ETM+수/NNB+있/VV+지만/EC+능률/NNG+이/JKS+떨어지/VV+거나/EC+사람/NNG+들/XSN+이랑/JKB+이야기/NNG+하/XSV+면서/EC+여러/MM+문제/NNG+들/XSN+도/JX+풀/VV+어/EC+나가/VX+고/EC+하/VV+는/ETM+것/NNB+들/XSN+은/JX+조금/MAG+어려워질/VA+EC+VX+ETM+거/NNB+같/VA+아/EF"
          },
          {
            "id": 34,
            "text": "2 : 근데 요즘에는 상황이 이러니까 뽑는 인원도 적어지고 정규직 채용도 많이 안 하는 것 같아서 걱정이야.",
            "norm_text": "근데 요즘에는 상황이 이러니까 뽑는 인원도 적어지고 정규직 채용도 많이 안 하는 것 같아서 걱정이야.",
            "speaker": {
              "id": "2번",
              "sex": "여성",
              "age": "20대"
            },
            "speechAct": "(단언) 주장하기",
            "morpheme": "근데/MAJ+요즘/NNG+에/JKB+는/JX+상황/NNG+이/JKS+이러/VV+니까/EC+뽑/VV+는/ETM+인원/NNG+도/JX+적어지/VV+고/EC+정규직/NNG+채용/NNG+도/JX+많이/MAG+안/MAG+하/VV+는/ETM+것/NNB+같/VA+아서/EC+걱정/NNG+이/VCP+야/EF"
          },
          {
            "id": 35,
            "text": "1: 맞아. 그래서 정부에서 일자리 정책이라고 청년 디지털 일자리 이런 것도 하던데 일회성으로 끝나는 거 아니냐고 비판하는 목소리도 많더라.",
            "norm_text": "맞아. 그래서 정부에서 일자리 정책이라고 청년 디지털 일자리 이런 것도 하던데 일회성으로 끝나는 거 아니냐고 비판하는 목소리도 많더라.",
            "speaker": {
              "id": "1번",
              "sex": "여성",
              "age": "30대"
            },
            "speechAct": "(단언) 진술하기",
            "morpheme": "맞/VV+아/EF+그래서/MAJ+정부/NNG+에서/JKB+일자리/NNG+정책/NNG+이/VCP+라고/EC+청년/NNG+디지털/NNG+일자리/NNG+이런/MM+것/NNB+도/JX+하/VV+던데/EC+일/NR+회/NNBC+성/XSN+으로/JKB+끝나/VV+는/ETM+거/NNB+아니/VCN+냐고/EC+비판/NNG+하/XSV+는/ETM+목소리/NNG+도/JX+많/VA+더라/EF"
          },
          {
            "id": 36,
            "text": "1 : 대부분 계약직으로 끝날 테니 ㅠㅠ",
            "norm_text": "대부분 계약직으로 끝날 테니 ㅠㅠ",
            "speaker": {
              "id": "1번",
              "sex": "여성",
              "age": "30대"
            },
            "speechAct": "(단언) 진술하기",
            "morpheme": "대부분/NNG+계약직/NNG+으로/JKB+끝날/VV+ETM+테/NNB+VCP+니/EC+ㅠㅠ/UNKNOWN"
          },
          {
            "id": 37,
            "text": "2 : 아 맞아!",
            "norm_text": "아 맞아!",
            "speaker": {
              "id": "2번",
              "sex": "여성",
              "age": "20대"
            },
            "speechAct": "(단언) 주장하기",
            "morpheme": "아/IC+맞/VV+아/EF"
          },
          {
            "id": 38,
            "text": "2 : 청년들이 일할 수 있는 발판을 마련해 주는 것 같아서 좋았는데 그게 아무래도 정규직까지 간다는 건 좀 한계가 있지 않을까 싶어... ㅠㅠ",
            "norm_text": "청년들이 일할 수 있는 발판을 마련해 주는 것 같아서 좋았는데 그게 아무래도 정규직까지 간다는 건 좀 한계가 있지 않을까 싶어... ㅠㅠ",
            "speaker": {
              "id": "2번",
              "sex": "여성",
              "age": "20대"
            },
            "speechAct": "(단언) 주장하기",
            "morpheme": "청년/NNG+들/XSN+이/JKS+일/NNG+할/XSV+ETM+수/NNB+있/VV+는/ETM+발판/NNG+을/JKO+마련/NNG+해/XSV+EC+주/VX+는/ETM+것/NNB+같/VA+아서/EC+좋/VA+았/EP+는데/EC+그게/NP+JKS+아무래도/MAG+정규직/NNG+까지/JX+간다는/VV+ETM+건/NNB+JX+좀/MAG+한계/NNG+가/JKS+있/VA+지/EC+않/VX+을까/EC+싶/VX+어/EF+./SY+ㅠㅠ/UNKNOWN"
          }
        ]
      }
    }
  ]
}