{
  "dataset": {
    "identifier": 116971,
    "name": "NATEON_31_19_set",
    "src_path": "/data/file/cubeManager/PROJECT001/80/txt202111021135290794100/NATEON_31_19_set/",
    "label_path": "/data/file/cubeManager/PROJECT001/80/txt202111021135290794100/NATEON_31_19_set/",
    "category": 2,
    "type": 0
  },
  "licenses": {
    "name": "Apache License 1.0",
    "url": "http://www.apache.org/licenses/LICENSE-1.0"
  },
  "info": [
    {
      "id": 130002,
      "filename": "NATEON_31_19.txt",
      "title": "NATEON_31_19",
      "mediatype": "메신저",
      "medianame": "네이트온",
      "category": "일상대화",
      "date": "2021-11-02",
      "size": 542,
      "annotations": {
        "subject": "방송/연예",
        "speaker_type": "다자간 대화",
        "size": 542,
        "word_size": 196,
        "text": "1 : 너희 다들 음악 방송 봐?\n2 : 어릴 때는 음방 좀 자주 봤는데 키키\n3 : 아니\n3 : 나는 그냥 유투브 직캠만 봐\n1 : 맞아\n1 : 나도 그냥 다 챙겨 보기 귀찮아서 ㅠ\n2 : 맞아\n2 : 그리고 요즘은 다 sns에서 보는 듯 키키\n3 : 예전에는 무조건 음방 기다렸는데 키키\n1 : 맞아 키키\n1 : 예전엔 진짜 엠카 전성시대지\n2 : 티비 앞에 앉아서 켜 두고 기다렸잖아 키키\n3 : 키키 그러니까\n3 : 그때가 그립긴 하네\n1 : 맞아 ㅠ 그때 나 동방신기 진짜 좋아했는데\n2 : 난 그 문자 투표 그것도 자주 보내고 그랬어 키키\n2 : 응원 메세지 키키\n3 : 맞아 키키\n3 : 나는 소녀시대 진짜 좋아했어\n1 : 그러니까,\n1 : 요즘은 직캠으로 다 보여 주니까 완전 달라졌어 ㅠ\n2 : 난 슈퍼 주니어 키키\n2 :  우리 무슨 sm 패밀리냐고 하하\n2 :  많이 바뀌긴 했더라 ㅠㅠ\n3 : 근데 직캠으로 보는 게 더 편하긴 해 키키\n1 : 맞아 키키\n1 : 더 편하게 변해서 좋은 거 같아\n2 : 맞아\n2 : 그래서 조회수 올리려고 직캠 많이 올리잖아 하하\n3 : 응 더 쉽게 찾아볼 수도 있고!",
        "lines": [
          {
            "id": 1,
            "text": "1 : 너희 다들 음악 방송 봐?",
            "norm_text": "너희 다들 음악 방송 봐?",
            "speaker": {
              "id": "1번",
              "sex": "여성",
              "age": "20대"
            },
            "speechAct": "(지시) 질문하기",
            "morpheme": "너희/NP+다/MAG+들/XSN+음악/NNG+방송/NNG+봐/VV+EF"
          },
          {
            "id": 2,
            "text": "2 : 어릴 때는 음방 좀 자주 봤는데 키키",
            "norm_text": "어릴 때는 음방 좀 자주 봤는데 키키",
            "speaker": {
              "id": "2번",
              "sex": "여성",
              "age": "20대"
            },
            "speechAct": "(단언) 주장하기",
            "morpheme": "어릴/VA+ETM+때/NNG+는/JX+음/IC+방/NNG+좀/MAG+자주/MAG+봤/VV+EP+는데/EC+키/NNG+키/XSV+ETN"
          },
          {
            "id": 3,
            "text": "3 : 아니",
            "norm_text": "아니",
            "speaker": {
              "id": "3번",
              "sex": "남성",
              "age": "20대"
            },
            "speechAct": "(단언) 주장하기",
            "morpheme": "아니/IC"
          },
          {
            "id": 4,
            "text": "3 : 나는 그냥 유투브 직캠만 봐",
            "norm_text": "나는 그냥 유투브 직캠만 봐",
            "speaker": {
              "id": "3번",
              "sex": "남성",
              "age": "20대"
            },
            "speechAct": "(단언) 주장하기",
            "morpheme": "나/NP+는/JX+그냥/MAG+유투/NNP+브/NNP+직/NNG+캠/NNG+만/JX+봐/VV+EC"
          },
          {
            "id": 5,
            "text": "1 : 맞아",
            "norm_text": "맞아",
            "speaker": {
              "id": "1번",
              "sex": "여성",
              "age": "20대"
            },
            "speechAct": "(단언) 주장하기",
            "morpheme": "맞/VV+아/EC"
          },
          {
            "id": 6,
            "text": "1 : 나도 그냥 다 챙겨 보기 귀찮아서 ㅠ",
            "norm_text": "나도 그냥 다 챙겨 보기 귀찮아서 ㅠ",
            "speaker": {
              "id": "1번",
              "sex": "여성",
              "age": "20대"
            },
            "speechAct": "(단언) 주장하기",
            "morpheme": "나/NP+도/JX+그냥/MAG+다/MAG+챙겨/VV+EC+보/VX+기/ETN+귀찮/VA+아서/EC+ㅠ/UNKNOWN"
          },
          {
            "id": 7,
            "text": "2 : 맞아",
            "norm_text": "맞아",
            "speaker": {
              "id": "2번",
              "sex": "여성",
              "age": "20대"
            },
            "speechAct": "(단언) 주장하기",
            "morpheme": "맞/VV+아/EC"
          },
          {
            "id": 8,
            "text": "2 : 그리고 요즘은 다 sns에서 보는 듯 키키",
            "norm_text": "그리고 요즘은 다 sns에서 보는 듯 키키",
            "speaker": {
              "id": "2번",
              "sex": "여성",
              "age": "20대"
            },
            "speechAct": "(단언) 주장하기",
            "morpheme": "그리고/MAJ+요즘/NNG+은/JX+다/MAG+sns/SL+에서/JKB+보/VV+는/ETM+듯/NNB+키/NNG+키/XSV+ETN"
          },
          {
            "id": 9,
            "text": "3 : 예전에는 무조건 음방 기다렸는데 키키",
            "norm_text": "예전에는 무조건 음방 기다렸는데 키키",
            "speaker": {
              "id": "3번",
              "sex": "남성",
              "age": "20대"
            },
            "speechAct": "(단언) 주장하기",
            "morpheme": "예전/NNG+에/JKB+는/JX+무조건/MAG+음/IC+방/NNG+기다렸/VV+EP+는데/EC+키/NNG+키/XSV+ETN"
          },
          {
            "id": 10,
            "text": "1 : 맞아 키키",
            "norm_text": "맞아 키키",
            "speaker": {
              "id": "1번",
              "sex": "여성",
              "age": "20대"
            },
            "speechAct": "(단언) 주장하기",
            "morpheme": "맞/VV+아/EC+키/NNG+키/XSV+ETN"
          },
          {
            "id": 11,
            "text": "1 : 예전엔 진짜 엠카 전성시대지",
            "norm_text": "예전엔 진짜 엠카 전성시대지",
            "speaker": {
              "id": "1번",
              "sex": "여성",
              "age": "20대"
            },
            "speechAct": "(단언) 주장하기",
            "morpheme": "예전/NNG+엔/JKB+JX+진짜/MAG+엠/NNG+카/NNG+전성시대/NNG+지/VCP+EC"
          },
          {
            "id": 12,
            "text": "2 : 티비 앞에 앉아서 켜 두고 기다렸잖아 키키",
            "norm_text": "티비 앞에 앉아서 켜 두고 기다렸잖아 키키",
            "speaker": {
              "id": "2번",
              "sex": "여성",
              "age": "20대"
            },
            "speechAct": "(단언) 주장하기",
            "morpheme": "티비/NNG+앞/NNG+에/JKB+앉/VV+아서/EC+켜/VV+EC+두/VX+고/EC+기다렸/VV+EP+잖아/EF+키/NNG+키/XSV+ETN"
          },
          {
            "id": 13,
            "text": "3 : 키키 그러니까",
            "norm_text": "키키 그러니까",
            "speaker": {
              "id": "3번",
              "sex": "남성",
              "age": "20대"
            },
            "speechAct": "(단언) 주장하기",
            "morpheme": "키/NNG+키/XSV+ETN+그러/VV+니까/EC"
          },
          {
            "id": 14,
            "text": "3 : 그때가 그립긴 하네",
            "norm_text": "그때가 그립긴 하네",
            "speaker": {
              "id": "3번",
              "sex": "남성",
              "age": "20대"
            },
            "speechAct": "(단언) 주장하기",
            "morpheme": "그때/NNG+가/JKS+그립/VA+긴/ETN+JX+하/VX+네/EC"
          },
          {
            "id": 15,
            "text": "1 : 맞아 ㅠ 그때 나 동방신기 진짜 좋아했는데",
            "norm_text": "맞아 ㅠ 그때 나 동방신기 진짜 좋아했는데",
            "speaker": {
              "id": "1번",
              "sex": "여성",
              "age": "20대"
            },
            "speechAct": "(단언) 주장하기",
            "morpheme": "맞/VV+아/EC+ㅠ/UNKNOWN+그때/NNG+나/JC+동방신기/NNP+진짜/MAG+좋/VA+아/EC+했/VX+EP+는데/EC"
          },
          {
            "id": 16,
            "text": "2 : 난 그 문자 투표 그것도 자주 보내고 그랬어 키키",
            "norm_text": "난 그 문자 투표 그것도 자주 보내고 그랬어 키키",
            "speaker": {
              "id": "2번",
              "sex": "여성",
              "age": "20대"
            },
            "speechAct": "(단언) 주장하기",
            "morpheme": "난/NP+JX+그/MM+문자/NNG+투표/NNG+그것/NP+도/JX+자주/MAG+보내/VV+고/EC+그랬/VV+EP+어/EC+키/NNG+키/XSV+ETN"
          },
          {
            "id": 17,
            "text": "2 : 응원 메세지 키키",
            "norm_text": "응원 메세지 키키",
            "speaker": {
              "id": "2번",
              "sex": "여성",
              "age": "20대"
            },
            "speechAct": "(단언) 주장하기",
            "morpheme": "응원/NNG+메세지/NNG+키/NNG+키/XSV+ETN"
          },
          {
            "id": 18,
            "text": "3 : 맞아 키키",
            "norm_text": "맞아 키키",
            "speaker": {
              "id": "3번",
              "sex": "남성",
              "age": "20대"
            },
            "speechAct": "(단언) 주장하기",
            "morpheme": "맞/VV+아/EC+키/NNG+키/XSV+ETN"
          },
          {
            "id": 19,
            "text": "3 : 나는 소녀시대 진짜 좋아했어",
            "norm_text": "나는 소녀시대 진짜 좋아했어",
            "speaker": {
              "id": "3번",
              "sex": "남성",
              "age": "20대"
            },
            "speechAct": "(단언) 주장하기",
            "morpheme": "나/NP+는/JX+소녀/NNG+시대/NNG+진짜/MAG+좋/VA+아/EC+했/VX+EP+어/EC"
          },
          {
            "id": 20,
            "text": "1 : 그러니까,",
            "norm_text": "그러니까,",
            "speaker": {
              "id": "1번",
              "sex": "여성",
              "age": "20대"
            },
            "speechAct": "(단언) 주장하기",
            "morpheme": "그러니까/MAJ+,/SC"
          },
          {
            "id": 21,
            "text": "1 : 요즘은 직캠으로 다 보여 주니까 완전 달라졌어 ㅠ",
            "norm_text": "요즘은 직캠으로 다 보여 주니까 완전 달라졌어 ㅠ",
            "speaker": {
              "id": "1번",
              "sex": "여성",
              "age": "20대"
            },
            "speechAct": "(단언) 주장하기",
            "morpheme": "요즘/NNG+은/JX+직/NNG+캠/NNG+으로/JKB+다/MAG+보여/VV+EC+주/VX+니까/EC+완전/MAG+달라졌/VV+EP+어ㅠ/UNKNOWN"
          },
          {
            "id": 22,
            "text": "2 : 난 슈퍼 주니어 키키",
            "norm_text": "난 슈퍼 주니어 키키",
            "speaker": {
              "id": "2번",
              "sex": "여성",
              "age": "20대"
            },
            "speechAct": "(단언) 주장하기",
            "morpheme": "난/NP+JX+슈퍼/+주니어/+키키/NNP"
          },
          {
            "id": 23,
            "text": "2 :  우리 무슨 sm 패밀리냐고 하하",
            "norm_text": "우리 무슨 sm 패밀리냐고 하하",
            "speaker": {
              "id": "2번",
              "sex": "여성",
              "age": "20대"
            },
            "speechAct": "(단언) 주장하기",
            "morpheme": "우리/NP+무슨/MM+sm/SL+패밀리/NNG+냐고/JKB+하하/MAG"
          },
          {
            "id": 24,
            "text": "2 :  많이 바뀌긴 했더라 ㅠㅠ",
            "norm_text": "많이 바뀌긴 했더라 ㅠㅠ",
            "speaker": {
              "id": "2번",
              "sex": "여성",
              "age": "20대"
            },
            "speechAct": "(단언) 주장하기",
            "morpheme": "많이/MAG+바뀌/VV+긴/ETN+JX+했/VX+EP+더라/EF+ㅠㅠ/UNKNOWN"
          },
          {
            "id": 25,
            "text": "3 : 근데 직캠으로 보는 게 더 편하긴 해 키키",
            "norm_text": "근데 직캠으로 보는 게 더 편하긴 해 키키",
            "speaker": {
              "id": "3번",
              "sex": "남성",
              "age": "20대"
            },
            "speechAct": "(단언) 주장하기",
            "morpheme": "근데/MAJ+직/NNG+캠/NNG+으로/JKB+보/VV+는/ETM+게/NNB+JKS+더/MAG+편하/VA+긴/ETN+JX+해/VX+EC+키/NNG+키/XSV+ETN"
          },
          {
            "id": 26,
            "text": "1 : 맞아 키키",
            "norm_text": "맞아 키키",
            "speaker": {
              "id": "1번",
              "sex": "여성",
              "age": "20대"
            },
            "speechAct": "(단언) 주장하기",
            "morpheme": "맞/VV+아/EC+키/NNG+키/XSV+ETN"
          },
          {
            "id": 27,
            "text": "1 : 더 편하게 변해서 좋은 거 같아",
            "norm_text": "더 편하게 변해서 좋은 거 같아",
            "speaker": {
              "id": "1번",
              "sex": "여성",
              "age": "20대"
            },
            "speechAct": "(단언) 주장하기",
            "morpheme": "더/MAG+편하/VA+게/EC+변해서/VV+EC+좋/VA+은/ETM+거/NNB+같/VA+아/EC"
          },
          {
            "id": 28,
            "text": "2 : 맞아",
            "norm_text": "맞아",
            "speaker": {
              "id": "2번",
              "sex": "여성",
              "age": "20대"
            },
            "speechAct": "(단언) 주장하기",
            "morpheme": "맞/VV+아/EC"
          },
          {
            "id": 29,
            "text": "2 : 그래서 조회수 올리려고 직캠 많이 올리잖아 하하",
            "norm_text": "그래서 조회수 올리려고 직캠 많이 올리잖아 하하",
            "speaker": {
              "id": "2번",
              "sex": "여성",
              "age": "20대"
            },
            "speechAct": "(단언) 주장하기",
            "morpheme": "그래서/MAJ+조/NNG+회수/NNG+올리/VV+려고/EC+직/NNG+캠/NNG+많이/MAG+올리/VV+잖아/EC+하하/MAG"
          },
          {
            "id": 30,
            "text": "3 : 응 더 쉽게 찾아볼 수도 있고!",
            "norm_text": "응 더 쉽게 찾아볼 수도 있고!",
            "speaker": {
              "id": "3번",
              "sex": "남성",
              "age": "20대"
            },
            "speechAct": "(단언) 주장하기",
            "morpheme": "응/IC+더/MAG+쉽/VA+게/EC+찾아볼/VV+ETM+수/NNB+도/JX+있/VA+고/EC"
          }
        ]
      }
    }
  ]
}