{
  "dataset": {
    "identifier": 111787,
    "name": "NATEON_34_11_set",
    "src_path": "/data/file/cubeManager/PROJECT001/80/txt202111031542380143107/NATEON_34_11_set/",
    "label_path": "/data/file/cubeManager/PROJECT001/80/txt202111031542380143107/NATEON_34_11_set/",
    "category": 2,
    "type": 0
  },
  "licenses": {
    "name": "Apache License 1.0",
    "url": "http://www.apache.org/licenses/LICENSE-1.0"
  },
  "info": [
    {
      "id": 135466,
      "filename": "NATEON_34_11.txt",
      "title": "NATEON_34_11",
      "mediatype": "메신저",
      "medianame": "네이트온",
      "category": "일상대화",
      "date": "2021-11-03",
      "size": 392,
      "annotations": {
        "subject": "게임",
        "speaker_type": "다자간 대화",
        "size": 392,
        "word_size": 138,
        "text": "1 : 간만에 크아 하니까 재밌다\n2 : 오 크아 그거 재밌지 키키\n3 : 키키 아 크아 언제적 게임이야\n1 : 왜 크아 지금 해도 재밌어\n2 : 예전에 컴퓨터실에서 많이 했었는데 키키\n3 : 아니 재미없다고 한거 아닌데?\n1 : 맞아 초딩 때 진짜 많이 했는데\n2 : 물 풍선 난 진짜 느리게 놓고 그랬어 ㅠㅠ\n3 : 선생님 몰래 진짜 많이 했어 키키\n1 : 스피드 빨라지는 거 많이 먹어야돼\n2 : 맞아 그리고 물풍선 갯수도 중요해 키키\n3 : 나 물풍선 효과도 있었는데\n1 : 키키 맞아 갯수 진짜 중요해\n2 : 물풍선 효과?\n2 : 그건 뭐야? 하하\n3 : 그거 캐쉬라서 돈 줘야해 ㅜ\n1 : 아, 나는 게임에 현질 안해ㅠ\n2 : 헐랭... 역시 다 템빨인가 ㅠㅠ\n2 ; 나는 게임을 못 해\n3 : 맞아 현질은 안 하는 게 좋지",
        "lines": [
          {
            "id": 1,
            "text": "1 : 간만에 크아 하니까 재밌다",
            "norm_text": "간만에 크아 하니까 재밌다",
            "speaker": {
              "id": "1번",
              "sex": "여성",
              "age": "20대"
            },
            "speechAct": "(단언) 주장하기",
            "morpheme": "간만에/MAG+크/VA+아/EC+하/VV+니까/EC+재밌/VA+다/EC"
          },
          {
            "id": 2,
            "text": "2 : 오 크아 그거 재밌지 키키",
            "norm_text": "오 크아 그거 재밌지 키키",
            "speaker": {
              "id": "2번",
              "sex": "여성",
              "age": "20대"
            },
            "speechAct": "(단언) 진술하기",
            "morpheme": "오크/NNG+아/IC+그거/NP+재밌/VA+지/EC+키/NNG+키/XSV+ETN"
          },
          {
            "id": 3,
            "text": "3 : 키키 아 크아 언제적 게임이야",
            "norm_text": "키키 아 크아 언제적 게임이야",
            "speaker": {
              "id": "3번",
              "sex": "남성",
              "age": "20대"
            },
            "speechAct": "(단언) 주장하기",
            "morpheme": "키/NNG+키/XSV+ETN+아크/IC+아/IC+언제/NP+적/XSN+게임/NNG+이/VCP+야/EC"
          },
          {
            "id": 4,
            "text": "1 : 왜 크아 지금 해도 재밌어",
            "norm_text": "왜 크아 지금 해도 재밌어",
            "speaker": {
              "id": "1번",
              "sex": "여성",
              "age": "20대"
            },
            "speechAct": "(단언) 주장하기",
            "morpheme": "왜/MAG+크/VA+아/EC+지금/MAG+해도/VV+EC+재밌/VA+어/EC"
          },
          {
            "id": 5,
            "text": "2 : 예전에 컴퓨터실에서 많이 했었는데 키키",
            "norm_text": "예전에 컴퓨터실에서 많이 했었는데 키키",
            "speaker": {
              "id": "2번",
              "sex": "여성",
              "age": "20대"
            },
            "speechAct": "(단언) 진술하기",
            "morpheme": "예전/NNG+에/JKB+컴퓨터/NNG+실/NNG+에서/JKB+많이/MAG+했었/VV+EP+는데/EC+키/NNG+키/XSV+ETN"
          },
          {
            "id": 6,
            "text": "3 : 아니 재미없다고 한거 아닌데?",
            "norm_text": "아니 재미없다고 한거 아닌데?",
            "speaker": {
              "id": "3번",
              "sex": "남성",
              "age": "20대"
            },
            "speechAct": "(단언) 주장하기",
            "morpheme": "아니/IC+재미없/VA+다고/EC+한/VX+ETM+거/NNB+아닌데/VCN+EF"
          },
          {
            "id": 7,
            "text": "1 : 맞아 초딩 때 진짜 많이 했는데",
            "norm_text": "맞아 초딩 때 진짜 많이 했는데",
            "speaker": {
              "id": "1번",
              "sex": "여성",
              "age": "20대"
            },
            "speechAct": "(단언) 진술하기",
            "morpheme": "맞/VV+아/EC+초딩/NNG+때/NNG+진짜/MAG+많이/MAG+했/VV+EP+는데/EC"
          },
          {
            "id": 8,
            "text": "2 : 물 풍선 난 진짜 느리게 놓고 그랬어 ㅠㅠ",
            "norm_text": "물 풍선 난 진짜 느리게 놓고 그랬어 ㅠㅠ",
            "speaker": {
              "id": "2번",
              "sex": "여성",
              "age": "20대"
            },
            "speechAct": "(단언) 진술하기",
            "morpheme": "물풍/NNG+선난/NNG+진짜/MAG+느리/VA+게/EC+놓/VX+고/EC+그랬/VV+EP+어/EF+ㅠㅠ/UNKNOWN"
          },
          {
            "id": 9,
            "text": "3 : 선생님 몰래 진짜 많이 했어 키키",
            "norm_text": "선생님 몰래 진짜 많이 했어 키키",
            "speaker": {
              "id": "3번",
              "sex": "남성",
              "age": "20대"
            },
            "speechAct": "(단언) 진술하기",
            "morpheme": "선생/NNG+님/XSN+몰래/MAG+진짜/MAG+많이/MAG+했/VV+EP+어/EC+키/NNG+키/XSV+ETN"
          },
          {
            "id": 10,
            "text": "1 : 스피드 빨라지는 거 많이 먹어야돼",
            "norm_text": "스피드 빨라지는 거 많이 먹어야돼",
            "speaker": {
              "id": "1번",
              "sex": "여성",
              "age": "20대"
            },
            "speechAct": "(단언) 주장하기",
            "morpheme": "스피드/NNG+빨라/VA+EC+지/VX+는/ETM+거/NNB+많이/MAG+먹/VV+어야/EC+돼/VV+EC"
          },
          {
            "id": 11,
            "text": "2 : 맞아 그리고 물풍선 갯수도 중요해 키키",
            "norm_text": "맞아 그리고 물풍선 갯수도 중요해 키키",
            "speaker": {
              "id": "2번",
              "sex": "여성",
              "age": "20대"
            },
            "speechAct": "(단언) 주장하기",
            "morpheme": "맞아/IC+그리고/MAJ+물/NNG+풍선/NNG+갯/NNP+수도/NNG+중요/NNG+해/XSV+EC+키/NNG+키/XSV+ETN"
          },
          {
            "id": 12,
            "text": "3 : 나 물풍선 효과도 있었는데",
            "norm_text": "나 물풍선 효과도 있었는데",
            "speaker": {
              "id": "3번",
              "sex": "남성",
              "age": "20대"
            },
            "speechAct": "(단언) 진술하기",
            "morpheme": "나물/NNG+풍선/NNG+효과/NNG+도/JX+있/VA+었/EP+는데/EC"
          },
          {
            "id": 13,
            "text": "1 : 키키 맞아 갯수 진짜 중요해",
            "norm_text": "키키 맞아 갯수 진짜 중요해",
            "speaker": {
              "id": "1번",
              "sex": "여성",
              "age": "20대"
            },
            "speechAct": "(단언) 주장하기",
            "morpheme": "키/NNG+키/XSV+ETN+맞/VV+아/EC+갯/NNP+수/NNG+진짜/MAG+중요/NNG+해/XSV+EC"
          },
          {
            "id": 14,
            "text": "2 : 물풍선 효과?",
            "norm_text": "물풍선 효과?",
            "speaker": {
              "id": "2번",
              "sex": "여성",
              "age": "20대"
            },
            "speechAct": "턴토크 사인(관습적 반응)",
            "morpheme": "물/NNG+풍선/NNG+효과/NNG"
          },
          {
            "id": 15,
            "text": "2 : 그건 뭐야? 하하",
            "norm_text": "그건 뭐야? 하하",
            "speaker": {
              "id": "2번",
              "sex": "여성",
              "age": "20대"
            },
            "speechAct": "(지시) 질문하기",
            "morpheme": "그건/NP+JX+뭐/NP+야/VCP+EF+하하/MAG"
          },
          {
            "id": 16,
            "text": "3 : 그거 캐쉬라서 돈 줘야해 ㅜ",
            "norm_text": "그거 캐쉬라서 돈 줘야해 ㅜ",
            "speaker": {
              "id": "3번",
              "sex": "남성",
              "age": "20대"
            },
            "speechAct": "(단언) 주장하기",
            "morpheme": "그거/NP+캐/VV+EC+쉬/VV+라서/EC+돈/NNG+줘야/VV+EC+해ㅜ/UNKNOWN"
          },
          {
            "id": 17,
            "text": "1 : 아, 나는 게임에 현질 안해ㅠ",
            "norm_text": "아, 나는 게임에 현질 안해ㅠ",
            "speaker": {
              "id": "1번",
              "sex": "여성",
              "age": "20대"
            },
            "speechAct": "(단언) 주장하기",
            "morpheme": "아/IC+,/SC+나는게임에현질안해ㅠ/UNKNOWN"
          },
          {
            "id": 18,
            "text": "2 : 헐랭... 역시 다 템빨인가 ㅠㅠ",
            "norm_text": "헐랭... 역시 다 템빨인가 ㅠㅠ",
            "speaker": {
              "id": "2번",
              "sex": "여성",
              "age": "20대"
            },
            "speechAct": "(단언) 주장하기",
            "morpheme": "헐랭/NNP+./SY+./SY+역시다템빨인가ㅠㅠ/UNKNOWN"
          },
          {
            "id": 19,
            "text": "2 ; 나는 게임을 못 해",
            "norm_text": "나는 게임을 못 해",
            "speaker": {
              "id": "2번",
              "sex": "여성",
              "age": "20대"
            },
            "speechAct": "(단언) 진술하기",
            "morpheme": "나/NP+는/JX+게임/NNG+을/JKO+못/MAG+해/VV+EC"
          },
          {
            "id": 20,
            "text": "3 : 맞아 현질은 안 하는 게 좋지",
            "norm_text": "맞아 현질은 안 하는 게 좋지",
            "speaker": {
              "id": "3번",
              "sex": "남성",
              "age": "20대"
            },
            "speechAct": "(단언) 진술하기",
            "morpheme": "맞/VV+아/EC+현질/NNG+은/JX+안/MAG+하/VV+는/ETM+게/NNB+JKS+좋/VA+지/EC"
          }
        ]
      }
    }
  ]
}