{
  "dataset": {
    "identifier": 118360,
    "name": "NATEON_28_01_set",
    "src_path": "/data/file/cubeManager/PROJECT001/80/txt20211102103851053094/NATEON_28_01_set/",
    "label_path": "/data/file/cubeManager/PROJECT001/80/txt20211102103851053094/NATEON_28_01_set/",
    "category": 2,
    "type": 0
  },
  "licenses": {
    "name": "Apache License 1.0",
    "url": "http://www.apache.org/licenses/LICENSE-1.0"
  },
  "info": [
    {
      "id": 129844,
      "filename": "NATEON_28_01.txt",
      "title": "NATEON_28_01",
      "mediatype": "메신저",
      "medianame": "네이트온",
      "category": "일상대화",
      "date": "2021-11-02",
      "size": 438,
      "annotations": {
        "subject": "식음료",
        "speaker_type": "다자간 대화",
        "size": 438,
        "word_size": 144,
        "text": "1 : 나 내일 아침에 찜닭 시켜 먹을 거야!\n2 : 아침부터 찜닭은 부담스럽지 않을까? ㅠㅠ\n3 : 헐 나도 두찜 쿠폰 받아서 시켜 먹으려고 키키\n1 : 아마추어처럼 왜 그래! 난 가능~\n2 : 오 두찜 거기 쿠폰 나눠주고 있어?\n3 : 두찜에서 4천 원인가 할인 쿠폰 주더라\n1 : 와 4천 원이면 완전 거저 아니야?\n2 : 아하 그럼 나도 한번 들어가서 봐야겠다 키키\n3 : 키키 4천 원 놓치면 아쉽고 그렇지~\n1 : 그건 절대 놓칠 수 없는 기회지,\n2 : 맞아 나도 이번에 배민 상품권 들어옴 키키\n3 : 키키 쿠폰은 확실하게 먹여서 사야지\n1 : 맞아 결제창에서 쿠폰 잊지마~\n2 : 웅 거기 말고 다른데 쿠폰은 안 줘?\n3 : 쿠폰 요즘 치킨집에서도 계속 주더라\n1 : 맞아 자담 치킨인가? 거기도 주던데?\n2 : 아 치킨집은 진짜 항상 주는 거 같아 키키\n3 : 자담 치킨은 맵슐랭이 진짜 짱이지~",
        "lines": [
          {
            "id": 1,
            "text": "1 : 나 내일 아침에 찜닭 시켜 먹을 거야!",
            "norm_text": "나 내일 아침에 찜닭 시켜 먹을 거야!",
            "speaker": {
              "id": "1번",
              "sex": "여성",
              "age": "20대"
            },
            "speechAct": "(단언) 주장하기",
            "morpheme": "나/NP+내일/MAG+아침/NNG+에/JKB+찜/NNG+닭/NNG+시켜/XSV+EC+먹/VV+을/ETM+거/NNB+야/VCP+EF"
          },
          {
            "id": 2,
            "text": "2 : 아침부터 찜닭은 부담스럽지 않을까? ㅠㅠ",
            "norm_text": "아침부터 찜닭은 부담스럽지 않을까? ㅠㅠ",
            "speaker": {
              "id": "2번",
              "sex": "여성",
              "age": "20대"
            },
            "speechAct": "(지시) 질문하기",
            "morpheme": "아침/NNG+부터/JX+찜/NNG+닭/NNG+은/JX+부담/NNG+스럽/XSA+지/EC+않/VX+을까/EF+ㅠㅠ/UNKNOWN"
          },
          {
            "id": 3,
            "text": "3 : 헐 나도 두찜 쿠폰 받아서 시켜 먹으려고 키키",
            "norm_text": "헐 나도 두찜 쿠폰 받아서 시켜 먹으려고 키키",
            "speaker": {
              "id": "3번",
              "sex": "남성",
              "age": "20대"
            },
            "speechAct": "(단언) 주장하기",
            "morpheme": "헐/IC+나/NP+도/JX+두/MM+찜/NNG+쿠폰/NNG+받/VV+아서/EC+시켜/VV+EC+먹/VV+으려고/EC+키/NNG+키/XSV+ETN"
          },
          {
            "id": 4,
            "text": "1 : 아마추어처럼 왜 그래! 난 가능~",
            "norm_text": "아마추어처럼 왜 그래! 난 가능~",
            "speaker": {
              "id": "1번",
              "sex": "여성",
              "age": "20대"
            },
            "speechAct": "(단언) 주장하기",
            "morpheme": "아마추어/NNG+처럼/JKB+왜/MAG+그래/VA+EF+난/NP+JX+가능/NNG+~/SY"
          },
          {
            "id": 5,
            "text": "2 : 오 두찜 거기 쿠폰 나눠주고 있어?",
            "norm_text": "오 두찜 거기 쿠폰 나눠주고 있어?",
            "speaker": {
              "id": "2번",
              "sex": "여성",
              "age": "20대"
            },
            "speechAct": "(지시) 질문하기",
            "morpheme": "오/NR+두/MM+찜/NNG+거기/NP+쿠폰/NNG+나눠/VV+EC+주/VX+고/EC+있/VX+어/EF"
          },
          {
            "id": 6,
            "text": "3 : 두찜에서 4천 원인가 할인 쿠폰 주더라",
            "norm_text": "두찜에서 4천 원인가 할인 쿠폰 주더라",
            "speaker": {
              "id": "3번",
              "sex": "남성",
              "age": "20대"
            },
            "speechAct": "(단언) 진술하기",
            "morpheme": "두/MM+찜/NNG+에서/JKB+4/SN+천/NR+원/NNBC+인가/VCP+EC+할인/NNG+쿠폰/NNG+주/VV+더라/EC"
          },
          {
            "id": 7,
            "text": "1 : 와 4천 원이면 완전 거저 아니야?",
            "norm_text": "와 4천 원이면 완전 거저 아니야?",
            "speaker": {
              "id": "1번",
              "sex": "여성",
              "age": "20대"
            },
            "speechAct": "(지시) 질문하기",
            "morpheme": "와/VV+EC+4/SN+천/NR+원/NNBC+이/VCP+면/EC+완전/MAG+거저/MAG+아니/VCN+야/EF"
          },
          {
            "id": 8,
            "text": "2 : 아하 그럼 나도 한번 들어가서 봐야겠다 키키",
            "norm_text": "아하 그럼 나도 한번 들어가서 봐야겠다 키키",
            "speaker": {
              "id": "2번",
              "sex": "여성",
              "age": "20대"
            },
            "speechAct": "(단언) 주장하기",
            "morpheme": "아하/IC+그럼/MAJ+나/NP+도/JX+한/MM+번/NNBC+들어가/VV+서/EC+봐야/VX+EC+VV+겠/EP+다키키/NNP"
          },
          {
            "id": 9,
            "text": "3 : 키키 4천 원 놓치면 아쉽고 그렇지~",
            "norm_text": "키키 4천 원 놓치면 아쉽고 그렇지~",
            "speaker": {
              "id": "3번",
              "sex": "남성",
              "age": "20대"
            },
            "speechAct": "(단언) 주장하기",
            "morpheme": "키/NNG+키/XSV+ETN+4/SN+천/NR+원/NNBC+놓치/VV+면/EC+아쉽/VA+고/EC+그렇/VA+지/EC+~/SY"
          },
          {
            "id": 10,
            "text": "1 : 그건 절대 놓칠 수 없는 기회지,",
            "norm_text": "그건 절대 놓칠 수 없는 기회지,",
            "speaker": {
              "id": "1번",
              "sex": "여성",
              "age": "20대"
            },
            "speechAct": "(단언) 주장하기",
            "morpheme": "그건/NP+JX+절대/MAG+놓칠/VV+ETM+수/NNB+없/VA+는/ETM+기회/NNG+지/VCP+EF+,/SC"
          },
          {
            "id": 11,
            "text": "2 : 맞아 나도 이번에 배민 상품권 들어옴 키키",
            "norm_text": "맞아 나도 이번에 배민 상품권 들어옴 키키",
            "speaker": {
              "id": "2번",
              "sex": "여성",
              "age": "20대"
            },
            "speechAct": "(단언) 진술하기",
            "morpheme": "맞/VV+아/EC+나/NP+도/JX+이번/NNG+에/JKB+배민/NNG+상품권/NNG+들어옴/VV+ETN+키/NNG+키/XSV+ETN"
          },
          {
            "id": 12,
            "text": "3 : 키키 쿠폰은 확실하게 먹여서 사야지",
            "norm_text": "키키 쿠폰은 확실하게 먹여서 사야지",
            "speaker": {
              "id": "3번",
              "sex": "남성",
              "age": "20대"
            },
            "speechAct": "(단언) 주장하기",
            "morpheme": "키/NNG+키/NNG+쿠폰/NNG+은/JX+확실/XR+하/XSA+게/EC+먹여서/VV+EC+사/VV+야지/EC"
          },
          {
            "id": 13,
            "text": "1 : 맞아 결제창에서 쿠폰 잊지마~",
            "norm_text": "맞아 결제창에서 쿠폰 잊지마~",
            "speaker": {
              "id": "1번",
              "sex": "여성",
              "age": "20대"
            },
            "speechAct": "(단언) 주장하기",
            "morpheme": "맞아결제창에서쿠폰잊지마/UNKNOWN+~/SY"
          },
          {
            "id": 14,
            "text": "2 : 웅 거기 말고 다른데 쿠폰은 안 줘?",
            "norm_text": "웅 거기 말고 다른데 쿠폰은 안 줘?",
            "speaker": {
              "id": "2번",
              "sex": "여성",
              "age": "20대"
            },
            "speechAct": "(지시) 질문하기",
            "morpheme": "웅/IC+거기/NP+말/VV+고/EC+다른/MM+데/NNB+쿠폰/NNG+은/JX+안/MAG+줘/VV+EF"
          },
          {
            "id": 15,
            "text": "3 : 쿠폰 요즘 치킨집에서도 계속 주더라",
            "norm_text": "쿠폰 요즘 치킨집에서도 계속 주더라",
            "speaker": {
              "id": "3번",
              "sex": "남성",
              "age": "20대"
            },
            "speechAct": "(단언) 진술하기",
            "morpheme": "쿠폰/NNG+요즘/NNG+치킨/NNG+집/NNG+에서/JKB+도/JX+계속/MAG+주/VV+더라/EC"
          },
          {
            "id": 16,
            "text": "1 : 맞아 자담 치킨인가? 거기도 주던데?",
            "norm_text": "맞아 자담 치킨인가? 거기도 주던데?",
            "speaker": {
              "id": "1번",
              "sex": "여성",
              "age": "20대"
            },
            "speechAct": "(지시) 질문하기",
            "morpheme": "맞/VV+아/EC+자담/NNG+치킨/NNG+인가/VCP+EF+거기/NP+도/JX+주/VX+던데/EF"
          },
          {
            "id": 17,
            "text": "2 : 아 치킨집은 진짜 항상 주는 거 같아 키키",
            "norm_text": "아 치킨집은 진짜 항상 주는 거 같아 키키",
            "speaker": {
              "id": "2번",
              "sex": "여성",
              "age": "20대"
            },
            "speechAct": "(단언) 주장하기",
            "morpheme": "아/IC+치킨/NNG+집/NNG+은/JX+진짜/MAG+항상/MAG+주/VV+는/ETM+거/NNB+같/VA+아/EC+키/NNG+키/XSV+ETN"
          },
          {
            "id": 18,
            "text": "3 : 자담 치킨은 맵슐랭이 진짜 짱이지~",
            "norm_text": "자담 치킨은 맵슐랭이 진짜 짱이지~",
            "speaker": {
              "id": "3번",
              "sex": "남성",
              "age": "20대"
            },
            "speechAct": "(단언) 주장하기",
            "morpheme": "자담치킨은맵슐랭이진짜짱이지/UNKNOWN+~/SY"
          }
        ]
      }
    }
  ]
}