{
  "dataset": {
    "identifier": 113722,
    "name": "NATEON_34_03_set",
    "src_path": "/data/file/cubeManager/PROJECT001/80/txt202111031542380087108/NATEON_34_03_set/",
    "label_path": "/data/file/cubeManager/PROJECT001/80/txt202111031542380087108/NATEON_34_03_set/",
    "category": 2,
    "type": 0
  },
  "licenses": {
    "name": "Apache License 1.0",
    "url": "http://www.apache.org/licenses/LICENSE-1.0"
  },
  "info": [
    {
      "id": 135458,
      "filename": "NATEON_34_03.txt",
      "title": "NATEON_34_03",
      "mediatype": "메신저",
      "medianame": "네이트온",
      "category": "일상대화",
      "date": "2021-11-03",
      "size": 414,
      "annotations": {
        "subject": "교통",
        "speaker_type": "다자간 대화",
        "size": 414,
        "word_size": 144,
        "text": "1 : 나 이번에 차 샀다!\n2 : 오 대박 어떤 걸로 새로 뽑았어?\n3 : 헐 이제 대중교통에서 벗어난 거야?\n1 : 나 이번에 SUV로 뽑았지~\n2 : 와 부럽다 ㅠㅠ\n2 : 나도 큰 차 타고 싶어 ㅠㅠ\n3 : 와, 진짜 나의 드림카다,\n1 : 응 근데 아침에 너무 밀려 ㅠ\n2 : 아 교통이 혼잡 하긴 하겠다 ㅠㅠ\n2 : 그래도 놀러다닐 때 좋잖아\n3 : 출근길은 뭐든 밀리기 마련이지~\n1 : 여행갈 땐 좋은데 출근길은 지옥이야 ㅠ\n2 : 맞아 출근은 어딜가든 지옥인 듯 ㅠ\n3 : 키키 뭐든 장단점이 있지 않겠어?\n1 : 맞아 BRT 때문에 더 막히는 거 같아\n2 : 그걸로 우리 차박 하러 한번 가자 키키\n3 : 맞아 요즘 그거 때문에 많이 밀려\n1 : 그래 나 휴무날 날잡고 가자 ㅠ\n2 : 내가 선물로 알전구 하나 사줄게\n3 : 차박하면 먹는게 제일 중요하지!",
        "lines": [
          {
            "id": 1,
            "text": "1 : 나 이번에 차 샀다!",
            "norm_text": "나 이번에 차 샀다!",
            "speaker": {
              "id": "1번",
              "sex": "여성",
              "age": "20대"
            },
            "speechAct": "(단언) 진술하기",
            "morpheme": "나/NP+이번/NNG+에/JKB+차/NNG+샀/VV+EP+다/EF"
          },
          {
            "id": 2,
            "text": "2 : 오 대박 어떤 걸로 새로 뽑았어?",
            "norm_text": "오 대박 어떤 걸로 새로 뽑았어?",
            "speaker": {
              "id": "2번",
              "sex": "여성",
              "age": "20대"
            },
            "speechAct": "(지시) 질문하기",
            "morpheme": "오/NR+대/NNBC+박/NNP+어떤/MM+걸로/NNB+JKB+새로/MAG+뽑/VV+았/EP+어/EF"
          },
          {
            "id": 3,
            "text": "3 : 헐 이제 대중교통에서 벗어난 거야?",
            "norm_text": "헐 이제 대중교통에서 벗어난 거야?",
            "speaker": {
              "id": "3번",
              "sex": "남성",
              "age": "20대"
            },
            "speechAct": "(지시) 질문하기",
            "morpheme": "헐/IC+이제/MAG+대중교통/NNG+에서/JKB+벗어난/VV+ETM+거/NNB+야/VCP+EF"
          },
          {
            "id": 4,
            "text": "1 : 나 이번에 SUV로 뽑았지~",
            "norm_text": "나 이번에 SUV로 뽑았지~",
            "speaker": {
              "id": "1번",
              "sex": "여성",
              "age": "20대"
            },
            "speechAct": "(단언) 진술하기",
            "morpheme": "나/NP+이번/NNG+에/JKB+SUV/SL+로/JKB+뽑/VV+았/EP+지/EC+~/SY"
          },
          {
            "id": 5,
            "text": "2 : 와 부럽다 ㅠㅠ",
            "norm_text": "와 부럽다 ㅠㅠ",
            "speaker": {
              "id": "2번",
              "sex": "여성",
              "age": "20대"
            },
            "speechAct": "(단언) 주장하기",
            "morpheme": "와부럽다ㅠㅠ/UNKNOWN"
          },
          {
            "id": 6,
            "text": "2 : 나도 큰 차 타고 싶어 ㅠㅠ",
            "norm_text": "나도 큰 차 타고 싶어 ㅠㅠ",
            "speaker": {
              "id": "2번",
              "sex": "여성",
              "age": "20대"
            },
            "speechAct": "(단언) 주장하기",
            "morpheme": "나/NP+도/JX+큰/VA+ETM+차/NNG+타/VV+고/EC+싶/VX+어/EC+ㅠㅠ/UNKNOWN"
          },
          {
            "id": 7,
            "text": "3 : 와, 진짜 나의 드림카다,",
            "norm_text": "와, 진짜 나의 드림카다,",
            "speaker": {
              "id": "3번",
              "sex": "남성",
              "age": "20대"
            },
            "speechAct": "(단언) 주장하기",
            "morpheme": "와/IC+,/SC+진짜/MAG+나/NP+의/JKG+드림/NNG+카/VV+다/EF+,/SC"
          },
          {
            "id": 8,
            "text": "1 : 응 근데 아침에 너무 밀려 ㅠ",
            "norm_text": "응 근데 아침에 너무 밀려 ㅠ",
            "speaker": {
              "id": "1번",
              "sex": "여성",
              "age": "20대"
            },
            "speechAct": "(단언) 주장하기",
            "morpheme": "응/IC+근데/MAJ+아침/NNG+에/JKB+너무/MAG+밀려/VV+EC+ㅠ/UNKNOWN"
          },
          {
            "id": 9,
            "text": "2 : 아 교통이 혼잡 하긴 하겠다 ㅠㅠ",
            "norm_text": "아 교통이 혼잡 하긴 하겠다 ㅠㅠ",
            "speaker": {
              "id": "2번",
              "sex": "여성",
              "age": "20대"
            },
            "speechAct": "(단언) 주장하기",
            "morpheme": "아/IC+교통/NNG+이/JKS+혼잡/NNG+하/XSV+긴/ETN+JX+하/VX+겠/EP+다/EF+ㅠㅠ/UNKNOWN"
          },
          {
            "id": 10,
            "text": "2 : 그래도 놀러다닐 때 좋잖아",
            "norm_text": "그래도 놀러다닐 때 좋잖아",
            "speaker": {
              "id": "2번",
              "sex": "여성",
              "age": "20대"
            },
            "speechAct": "(단언) 주장하기",
            "morpheme": "그래도/MAJ+놀/VV+러/EC+다닐/VV+ETM+때/NNG+좋/VA+잖아/EC"
          },
          {
            "id": 11,
            "text": "3 : 출근길은 뭐든 밀리기 마련이지~",
            "norm_text": "출근길은 뭐든 밀리기 마련이지~",
            "speaker": {
              "id": "3번",
              "sex": "남성",
              "age": "20대"
            },
            "speechAct": "(단언) 주장하기",
            "morpheme": "출근길/NNG+은/JX+뭐/NP+든/VCP+EC+밀리/VV+기/ETN+마련/NNB+이/VCP+지/EC+~/SY"
          },
          {
            "id": 12,
            "text": "1 : 여행갈 땐 좋은데 출근길은 지옥이야 ㅠ",
            "norm_text": "여행갈 땐 좋은데 출근길은 지옥이야 ㅠ",
            "speaker": {
              "id": "1번",
              "sex": "여성",
              "age": "20대"
            },
            "speechAct": "(단언) 주장하기",
            "morpheme": "여행/NNG+갈/VV+ETM+땐/NNG+JX+좋/VA+은데/EC+출근길/NNG+은/JX+지옥/NNG+이/VCP+야/EF+ㅠ/UNKNOWN"
          },
          {
            "id": 13,
            "text": "2 : 맞아 출근은 어딜가든 지옥인 듯 ㅠ",
            "norm_text": "맞아 출근은 어딜가든 지옥인 듯 ㅠ",
            "speaker": {
              "id": "2번",
              "sex": "여성",
              "age": "20대"
            },
            "speechAct": "(단언) 주장하기",
            "morpheme": "맞/VV+아/EC+출근/NNG+은/JX+어딜/NP+JKO+가/VV+든/EC+지옥/NNG+인/VCP+ETM+듯ㅠ/UNKNOWN"
          },
          {
            "id": 14,
            "text": "3 : 키키 뭐든 장단점이 있지 않겠어?",
            "norm_text": "키키 뭐든 장단점이 있지 않겠어?",
            "speaker": {
              "id": "3번",
              "sex": "남성",
              "age": "20대"
            },
            "speechAct": "(지시) 질문하기",
            "morpheme": "키/NNG+키/XSV+ETN+뭐/NP+든/VCP+EC+장단점/NNG+이/JKS+있/VV+지/EC+않/VX+겠/EP+어/EF"
          },
          {
            "id": 15,
            "text": "1 : 맞아 BRT 때문에 더 막히는 거 같아",
            "norm_text": "맞아 BRT 때문에 더 막히는 거 같아",
            "speaker": {
              "id": "1번",
              "sex": "여성",
              "age": "20대"
            },
            "speechAct": "(단언) 주장하기",
            "morpheme": "맞/VV+아/EC+BRT/SL+때문/NNB+에/JKB+더/MAG+막히/VV+는/ETM+거/NNB+같/VA+아/EC"
          },
          {
            "id": 16,
            "text": "2 : 그걸로 우리 차박 하러 한번 가자 키키",
            "norm_text": "그걸로 우리 차박 하러 한번 가자 키키",
            "speaker": {
              "id": "2번",
              "sex": "여성",
              "age": "20대"
            },
            "speechAct": "(지시) 충고/제안하기",
            "morpheme": "그걸로/NP+JKB+우리/NP+차/NNG+박하/VA+러/EC+한/MM+번/NNBC+가/JKS+자키/NNG+키/XSV+ETN"
          },
          {
            "id": 17,
            "text": "3 : 맞아 요즘 그거 때문에 많이 밀려",
            "norm_text": "맞아 요즘 그거 때문에 많이 밀려",
            "speaker": {
              "id": "3번",
              "sex": "남성",
              "age": "20대"
            },
            "speechAct": "(단언) 주장하기",
            "morpheme": "맞아/IC+요즘/MAG+그거/NP+때문/NNB+에/JKB+많이/MAG+밀려/VV+EC"
          },
          {
            "id": 18,
            "text": "1 : 그래 나 휴무날 날잡고 가자 ㅠ",
            "norm_text": "그래 나 휴무날 날잡고 가자 ㅠ",
            "speaker": {
              "id": "1번",
              "sex": "여성",
              "age": "20대"
            },
            "speechAct": "(단언) 주장하기",
            "morpheme": "그래/IC+나/NP+휴무/NNG+날/NNG+날/NNG+잡/VV+고/EC+가/VX+자ㅠ/UNKNOWN"
          },
          {
            "id": 19,
            "text": "2 : 내가 선물로 알전구 하나 사줄게",
            "norm_text": "내가 선물로 알전구 하나 사줄게",
            "speaker": {
              "id": "2번",
              "sex": "여성",
              "age": "20대"
            },
            "speechAct": "(언약) 약속하기(제3자와)/(개인적 수준)",
            "morpheme": "내/NP+가/JKS+선물/NNG+로/JKB+알전구/NNG+하나/NR+사/NR+줄/VV+게/EC"
          },
          {
            "id": 20,
            "text": "3 : 차박하면 먹는게 제일 중요하지!",
            "norm_text": "차박하면 먹는게 제일 중요하지!",
            "speaker": {
              "id": "3번",
              "sex": "남성",
              "age": "20대"
            },
            "speechAct": "(단언) 주장하기",
            "morpheme": "차/NNG+박하/VA+면/EC+먹/VV+는/ETM+게/NNB+JKS+제일/MAG+중요/NNG+하/XSA+지/EF"
          }
        ]
      }
    }
  ]
}