{
  "dataset": {
    "identifier": 123946,
    "name": "NATEON_44_19_set",
    "src_path": "/data/file/cubeManager/PROJECT001/84/txt20211105113423081047/NATEON_44_19_set/",
    "label_path": "/data/file/cubeManager/PROJECT001/84/txt20211105113423081047/NATEON_44_19_set/",
    "category": 2,
    "type": 0
  },
  "licenses": {
    "name": "Apache License 1.0",
    "url": "http://www.apache.org/licenses/LICENSE-1.0"
  },
  "info": [
    {
      "id": 138894,
      "filename": "NATEON_44_19.txt",
      "title": "NATEON_44_19",
      "mediatype": "메신저",
      "medianame": "네이트온",
      "category": "일상대화",
      "date": "2021-11-05",
      "size": 429,
      "annotations": {
        "subject": "방송/연예",
        "speaker_type": "다자간 대화",
        "size": 429,
        "word_size": 158,
        "text": "1 : 너희 그알 같은 시사 방송도 봐?\n2 : 아 그알은 가끔 봐 키키\n3 : 채널 돌리다가 하면 보곤 해 키키\n1 : 나 그알 같은 시사 방송 짱 좋아해\n2 : 맞아\n2 : 그런 거 은근 집중 잘 되잖아\n3 : 그럼 너네 꼬꼬무 그것도 봐?\n1 : 응 실화라서 완전 몰입력 쩔어\n2 : 아 그거 당연히 보지 그거 최고야\n3 : 나 최근에 그거 보다가 잠 못 잤잖아\n1 : 꼬꼬무? 그건 당근 어제 봤지~\n2 : 맞아\n2 : 나도 그거 맨날 밤에 틀다가 봄\n3 : 어 그거 장난 아니야\n3 : 그알 보다 나는 꼬꼬무가 더 좋더라\n1 : 아 그건 봐도 봐도 재밌더라\n2 : 맞아 봤던 거 또 보고 못 들엇던 내용도 듣고 키키\n3 : 역시 우리는 취향이 다들 비슷해 키키\n1 : 시사 방송 나름의 재미가 또 있어~\n2 : 맞아\n2 : 알아가고 똑똑해 지는 기분이야 키키\n3 : 똑똑해 지는 기분은 뭐야 키키",
        "lines": [
          {
            "id": 1,
            "text": "1 : 너희 그알 같은 시사 방송도 봐?",
            "norm_text": "너희 그알 같은 시사 방송도 봐?",
            "speaker": {
              "id": "1번",
              "sex": "여성",
              "age": "20대"
            },
            "speechAct": "(지시) 질문하기",
            "morpheme": "너희/NP+그/MM+알/NNG+같/VA+은/ETM+시사/NNG+방송/NNG+도/JX+봐/VX+EF"
          },
          {
            "id": 2,
            "text": "2 : 아 그알은 가끔 봐 키키",
            "norm_text": "아 그알은 가끔 봐 키키",
            "speaker": {
              "id": "2번",
              "sex": "여성",
              "age": "20대"
            },
            "speechAct": "(단언) 진술하기",
            "morpheme": "아/IC+그/MM+알/NNG+은/JX+가끔/MAG+봐/VV+EC+키/NNG+키/XSV+ETN"
          },
          {
            "id": 3,
            "text": "3 : 채널 돌리다가 하면 보곤 해 키키",
            "norm_text": "채널 돌리다가 하면 보곤 해 키키",
            "speaker": {
              "id": "3번",
              "sex": "남성",
              "age": "20대"
            },
            "speechAct": "(단언) 진술하기",
            "morpheme": "채널/NNG+돌리/VV+다가/EC+하/VV+면/EC+보/VX+곤/EC+해/VV+EC+키/NNG+키/XSV+ETN"
          },
          {
            "id": 4,
            "text": "1 : 나 그알 같은 시사 방송 짱 좋아해",
            "norm_text": "나 그알 같은 시사 방송 짱 좋아해",
            "speaker": {
              "id": "1번",
              "sex": "여성",
              "age": "20대"
            },
            "speechAct": "(단언) 주장하기",
            "morpheme": "나/NP+그/MM+알/NNG+같/VA+은/ETM+시사/NNG+방송/NNG+짱/NNG+좋/VA+아/EC+해/VV+EC"
          },
          {
            "id": 5,
            "text": "2 : 맞아",
            "norm_text": "맞아",
            "speaker": {
              "id": "2번",
              "sex": "여성",
              "age": "20대"
            },
            "speechAct": "(단언) 주장하기",
            "morpheme": "맞/VV+아/EC"
          },
          {
            "id": 6,
            "text": "2 : 그런 거 은근 집중 잘 되잖아",
            "norm_text": "그런 거 은근 집중 잘 되잖아",
            "speaker": {
              "id": "2번",
              "sex": "여성",
              "age": "20대"
            },
            "speechAct": "(단언) 주장하기",
            "morpheme": "그런/MM+거/NNB+은/JX+근/MM+집중/NNG+잘/MAG+되/VV+잖아/EC"
          },
          {
            "id": 7,
            "text": "3 : 그럼 너네 꼬꼬무 그것도 봐?",
            "norm_text": "그럼 너네 꼬꼬무 그것도 봐?",
            "speaker": {
              "id": "3번",
              "sex": "남성",
              "age": "20대"
            },
            "speechAct": "(지시) 질문하기",
            "morpheme": "그럼/MAJ+너/NP+네/XSN+꼬꼬/MAG+무/XPN+그것/NP+도/JX+봐/VX+EF"
          },
          {
            "id": 8,
            "text": "1 : 응 실화라서 완전 몰입력 쩔어",
            "norm_text": "응 실화라서 완전 몰입력 쩔어",
            "speaker": {
              "id": "1번",
              "sex": "여성",
              "age": "20대"
            },
            "speechAct": "(단언) 주장하기",
            "morpheme": "응/IC+실화/NNG+라서/VCP+EC+완전/NNG+몰입/NNG+력/XSN+쩔/VA+어/EC"
          },
          {
            "id": 9,
            "text": "2 : 아 그거 당연히 보지 그거 최고야",
            "norm_text": "아 그거 당연히 보지 그거 최고야",
            "speaker": {
              "id": "2번",
              "sex": "여성",
              "age": "20대"
            },
            "speechAct": "(단언) 주장하기",
            "morpheme": "아/IC+그거/NP+당연히/MAG+보/VV+지/EC+그거/NP+최고/NNG+야/VCP+EF"
          },
          {
            "id": 10,
            "text": "3 : 나 최근에 그거 보다가 잠 못 잤잖아",
            "norm_text": "나 최근에 그거 보다가 잠 못 잤잖아",
            "speaker": {
              "id": "3번",
              "sex": "남성",
              "age": "20대"
            },
            "speechAct": "(단언) 진술하기",
            "morpheme": "나/NP+최근/NNG+에/JKB+그거/NP+보다/JKB+가잠/NNG+못/MAG+잤/VV+EP+잖아/EC"
          },
          {
            "id": 11,
            "text": "1 : 꼬꼬무? 그건 당근 어제 봤지~",
            "norm_text": "꼬꼬무? 그건 당근 어제 봤지~",
            "speaker": {
              "id": "1번",
              "sex": "여성",
              "age": "20대"
            },
            "speechAct": "(단언) 진술하기",
            "morpheme": "꼬꼬/MAG+무/IC+그건/NP+JX+당근/MAG+어제/MAG+봤/VV+EP+지/EC+~/SY"
          },
          {
            "id": 12,
            "text": "2 : 맞아",
            "norm_text": "맞아",
            "speaker": {
              "id": "2번",
              "sex": "여성",
              "age": "20대"
            },
            "speechAct": "(단언) 주장하기",
            "morpheme": "맞/VV+아/EC"
          },
          {
            "id": 13,
            "text": "2 : 나도 그거 맨날 밤에 틀다가 봄",
            "norm_text": "나도 그거 맨날 밤에 틀다가 봄",
            "speaker": {
              "id": "2번",
              "sex": "여성",
              "age": "20대"
            },
            "speechAct": "(단언) 진술하기",
            "morpheme": "나/NP+도/JX+그거/NP+맨날/MAG+밤/NNG+에/JKB+틀/VV+다가/EC+봄/NNG"
          },
          {
            "id": 14,
            "text": "3 : 어 그거 장난 아니야",
            "norm_text": "어 그거 장난 아니야",
            "speaker": {
              "id": "3번",
              "sex": "남성",
              "age": "20대"
            },
            "speechAct": "(단언) 주장하기",
            "morpheme": "어/IC+그거/NP+장난/NNG+아니/VCN+야/EC"
          },
          {
            "id": 15,
            "text": "3 : 그알 보다 나는 꼬꼬무가 더 좋더라",
            "norm_text": "그알 보다 나는 꼬꼬무가 더 좋더라",
            "speaker": {
              "id": "3번",
              "sex": "남성",
              "age": "20대"
            },
            "speechAct": "(단언) 주장하기",
            "morpheme": "그/MM+알/NNG+보다/JKB+나/NP+는/JX+꼬꼬/MAG+무/NNG+가/JKS+더/MAG+좋/VA+더라/EC"
          },
          {
            "id": 16,
            "text": "1 : 아 그건 봐도 봐도 재밌더라",
            "norm_text": "아 그건 봐도 봐도 재밌더라",
            "speaker": {
              "id": "1번",
              "sex": "여성",
              "age": "20대"
            },
            "speechAct": "(단언) 진술하기",
            "morpheme": "아/IC+그건/NP+JX+봐도/VV+EC+봐도/VX+EC+재밌/VA+더라/EC"
          },
          {
            "id": 17,
            "text": "2 : 맞아 봤던 거 또 보고 못 들엇던 내용도 듣고 키키",
            "norm_text": "맞아 봤던 거 또 보고 못 들엇던 내용도 듣고 키키",
            "speaker": {
              "id": "2번",
              "sex": "여성",
              "age": "20대"
            },
            "speechAct": "(단언) 주장하기",
            "morpheme": "맞/VV+아/EC+봤/VX+EP+던/ETM+거/NNB+또/MAG+보/VV+고/EC+못/MAG+들/VV+엇/EP+던/ETM+내용/NNG+도/JX+듣/VV+고/EC+키/NNG+키/XSV+ETN"
          },
          {
            "id": 18,
            "text": "3 : 역시 우리는 취향이 다들 비슷해 키키",
            "norm_text": "역시 우리는 취향이 다들 비슷해 키키",
            "speaker": {
              "id": "3번",
              "sex": "남성",
              "age": "20대"
            },
            "speechAct": "(단언) 주장하기",
            "morpheme": "역시/MAJ+우리/NP+는/JX+취향/NNG+이/JKS+다/MAG+들/XSN+비슷/XR+해/XSA+EC+키/NNG+키/XSV+ETN"
          },
          {
            "id": 19,
            "text": "1 : 시사 방송 나름의 재미가 또 있어~",
            "norm_text": "시사 방송 나름의 재미가 또 있어~",
            "speaker": {
              "id": "1번",
              "sex": "여성",
              "age": "20대"
            },
            "speechAct": "(단언) 주장하기",
            "morpheme": "시사/NNG+방송/NNG+나름/NNB+의/JKG+재미/NNG+가/JKS+또/MAG+있/VV+어/EC+~/SY"
          },
          {
            "id": 20,
            "text": "2 : 맞아",
            "norm_text": "맞아",
            "speaker": {
              "id": "2번",
              "sex": "여성",
              "age": "20대"
            },
            "speechAct": "(단언) 주장하기",
            "morpheme": "맞/VV+아/EC"
          },
          {
            "id": 21,
            "text": "2 : 알아가고 똑똑해 지는 기분이야 키키",
            "norm_text": "알아가고 똑똑해 지는 기분이야 키키",
            "speaker": {
              "id": "2번",
              "sex": "여성",
              "age": "20대"
            },
            "speechAct": "(단언) 주장하기",
            "morpheme": "알/VV+아/EC+가/VX+고/EC+똑똑/XR+해/XSA+EC+지/VX+는/ETM+기분/NNG+이/VCP+야/EC+키/NNG+키/XSV+ETN"
          },
          {
            "id": 22,
            "text": "3 : 똑똑해 지는 기분은 뭐야 키키",
            "norm_text": "똑똑해 지는 기분은 뭐야 키키",
            "speaker": {
              "id": "3번",
              "sex": "남성",
              "age": "20대"
            },
            "speechAct": "(지시) 질문하기",
            "morpheme": "똑똑/XR+해/XSA+EC+지/VX+는/ETM+기분/NNG+은/JX+뭐/NP+야/VCP+EF+키/NNG+키/XSV+ETN"
          }
        ]
      }
    }
  ]
}