{
  "dataset": {
    "identifier": 129771,
    "name": "NATEON_43_20_set",
    "src_path": "/data/file/cubeManager/PROJECT001/84/txt20211104173553039463/NATEON_43_20_set/",
    "label_path": "/data/file/cubeManager/PROJECT001/84/txt20211104173553039463/NATEON_43_20_set/",
    "category": 2,
    "type": 0
  },
  "licenses": {
    "name": "Apache License 1.0",
    "url": "http://www.apache.org/licenses/LICENSE-1.0"
  },
  "info": [
    {
      "id": 137267,
      "filename": "NATEON_43_20.txt",
      "title": "NATEON_43_20",
      "mediatype": "메신저",
      "medianame": "네이트온",
      "category": "일상대화",
      "date": "2021-11-04",
      "size": 453,
      "annotations": {
        "subject": "영화/만화",
        "speaker_type": "다자간 대화",
        "size": 453,
        "word_size": 162,
        "text": "1 : 웨이브에서도 영화 많이 있어?\n2 : 음 거기는 공중파 많다고 하던데\n3 : 아니\n3 : 나는 넷플에서만 보는데\n1 : 넷플릭스처럼 영화는 따로 없구나 ㅠ\n2 : 나 웨이브에서 만화 봤었어 키키\n3 : 아 진짜 거기는 처음 들어 봤어\n1 : 나 어제 포레스트 봤는데 완전 힐링 ㅠㅠ\n2 : 어 너 힐링 영화 좋아하더라 키키\n3 : 진짜 요즘 잘 나오잖아\n3 : 재밌는 것들 키키\n1 : 아 김태리가 너무 예뻤어 ㅠㅠ\n2 : 아 김태리 이쁘지\n2 : 진짜 이쁘지\n3 : 아 진짜 이쁘지\n3 : 나는 한소희가 좋아\n1 : 하녀 때부터 너무 좋았는데\n1 : 쩔어\n2 : 김태리가 하녀에 나왔었나?\n2 : 기억 안 나는데\n3 : 한소희 드라마 있잖아\n3 : 알아?\n3 : 네임?\n1 : 예쁜 사람은 다 좋아...\n1 : 마이 네임?\n2 : 네임 당연히 봤지\n2 : 한소희 존예\n3 : 한소희 아빠가 건달로 나오는 드라마 있는데\n3 : 맞아\n3 : 마이 네임 키키",
        "lines": [
          {
            "id": 1,
            "text": "1 : 웨이브에서도 영화 많이 있어?",
            "norm_text": "웨이브에서도 영화 많이 있어?",
            "speaker": {
              "id": "1번",
              "sex": "여성",
              "age": "20대"
            },
            "speechAct": "(지시) 질문하기",
            "morpheme": "웨이브/NNG+에서/JKB+도/JX+영화/NNG+많이/MAG+있/VA+어/EF"
          },
          {
            "id": 2,
            "text": "2 : 음 거기는 공중파 많다고 하던데",
            "norm_text": "음 거기는 공중파 많다고 하던데",
            "speaker": {
              "id": "2번",
              "sex": "남성",
              "age": "20대"
            },
            "speechAct": "(단언) 주장하기",
            "morpheme": "음/IC+거기/NP+는/JX+공중/NNG+파/NNG+많/VA+다고/EC+하/VV+던데/EC"
          },
          {
            "id": 3,
            "text": "3 : 아니",
            "norm_text": "아니",
            "speaker": {
              "id": "3번",
              "sex": "남성",
              "age": "20대"
            },
            "speechAct": "(단언) 주장하기",
            "morpheme": "아니/IC"
          },
          {
            "id": 4,
            "text": "3 : 나는 넷플에서만 보는데",
            "norm_text": "나는 넷플에서만 보는데",
            "speaker": {
              "id": "3번",
              "sex": "남성",
              "age": "20대"
            },
            "speechAct": "(단언) 진술하기",
            "morpheme": "나/NP+는/JX+넷/NR+플/NNG+에서/JKB+만/JX+보/VV+는데/EC"
          },
          {
            "id": 5,
            "text": "1 : 넷플릭스처럼 영화는 따로 없구나 ㅠ",
            "norm_text": "넷플릭스처럼 영화는 따로 없구나 ㅠ",
            "speaker": {
              "id": "1번",
              "sex": "여성",
              "age": "20대"
            },
            "speechAct": "(단언) 주장하기",
            "morpheme": "넷플릭스/NNP+처럼/JKB+영화/NNG+는/JX+따로/MAG+없/VA+구/EC+나ㅠ/UNKNOWN"
          },
          {
            "id": 6,
            "text": "2 : 나 웨이브에서 만화 봤었어 키키",
            "norm_text": "나 웨이브에서 만화 봤었어 키키",
            "speaker": {
              "id": "2번",
              "sex": "남성",
              "age": "20대"
            },
            "speechAct": "(단언) 진술하기",
            "morpheme": "나/NP+웨이브/NNG+에서/JKB+만화/NNG+봤었/VV+EP+어/EC+키/NNG+키/XSV+ETN"
          },
          {
            "id": 7,
            "text": "3 : 아 진짜 거기는 처음 들어 봤어",
            "norm_text": "아 진짜 거기는 처음 들어 봤어",
            "speaker": {
              "id": "3번",
              "sex": "남성",
              "age": "20대"
            },
            "speechAct": "(단언) 주장하기",
            "morpheme": "아/IC+진짜/MAG+거기/NP+는/JX+처음/MAG+들/VV+어/EC+봤/VX+EP+어/EC"
          },
          {
            "id": 8,
            "text": "1 : 나 어제 포레스트 봤는데 완전 힐링 ㅠㅠ",
            "norm_text": "나 어제 포레스트 봤는데 완전 힐링 ㅠㅠ",
            "speaker": {
              "id": "1번",
              "sex": "여성",
              "age": "20대"
            },
            "speechAct": "(단언) 주장하기",
            "morpheme": "나/NP+어제/MAG+포레스트/NNP+봤/VV+EP+는데/EC+완전/NNG+힐링/NNG+ㅠㅠ/UNKNOWN"
          },
          {
            "id": 9,
            "text": "2 : 어 너 힐링 영화 좋아하더라 키키",
            "norm_text": "어 너 힐링 영화 좋아하더라 키키",
            "speaker": {
              "id": "2번",
              "sex": "남성",
              "age": "20대"
            },
            "speechAct": "(단언) 주장하기",
            "morpheme": "어/IC+너/NP+힐링/NNG+영화/NNG+좋/VA+아/EC+하/VV+더라/EC+키/NNG+키/XSV+ETN"
          },
          {
            "id": 10,
            "text": "3 : 진짜 요즘 잘 나오잖아",
            "norm_text": "진짜 요즘 잘 나오잖아",
            "speaker": {
              "id": "3번",
              "sex": "남성",
              "age": "20대"
            },
            "speechAct": "(단언) 주장하기",
            "morpheme": "진짜/MAG+요즘/MAG+잘/MAG+나오/VV+잖아/EC"
          },
          {
            "id": 11,
            "text": "3 : 재밌는 것들 키키",
            "norm_text": "재밌는 것들 키키",
            "speaker": {
              "id": "3번",
              "sex": "남성",
              "age": "20대"
            },
            "speechAct": "(단언) 주장하기",
            "morpheme": "재밌/VA+는/ETM+것/NNB+들/XSN+키/NNG+키/XSV+ETN"
          },
          {
            "id": 12,
            "text": "1 : 아 김태리가 너무 예뻤어 ㅠㅠ",
            "norm_text": "아 김태리가 너무 예뻤어 ㅠㅠ",
            "speaker": {
              "id": "1번",
              "sex": "여성",
              "age": "20대"
            },
            "speechAct": "(단언) 주장하기",
            "morpheme": "아/IC+김/NNP+태리/NNP+가/JKS+너무/MAG+예뻤/VA+EP+어/EF+ㅠㅠ/UNKNOWN"
          },
          {
            "id": 13,
            "text": "2 : 아 김태리 이쁘지",
            "norm_text": "아 김태리 이쁘지",
            "speaker": {
              "id": "2번",
              "sex": "남성",
              "age": "20대"
            },
            "speechAct": "(단언) 주장하기",
            "morpheme": "아김태리이쁘지/UNKNOWN"
          },
          {
            "id": 14,
            "text": "2 : 진짜 이쁘지",
            "norm_text": "진짜 이쁘지",
            "speaker": {
              "id": "2번",
              "sex": "남성",
              "age": "20대"
            },
            "speechAct": "(단언) 주장하기",
            "morpheme": "진짜/MAG+이쁘/VA+지/EC"
          },
          {
            "id": 15,
            "text": "3 : 아 진짜 이쁘지",
            "norm_text": "아 진짜 이쁘지",
            "speaker": {
              "id": "3번",
              "sex": "남성",
              "age": "20대"
            },
            "speechAct": "(단언) 주장하기",
            "morpheme": "아/IC+진짜/MAG+이쁘/VA+지/EC"
          },
          {
            "id": 16,
            "text": "3 : 나는 한소희가 좋아",
            "norm_text": "나는 한소희가 좋아",
            "speaker": {
              "id": "3번",
              "sex": "남성",
              "age": "20대"
            },
            "speechAct": "(단언) 주장하기",
            "morpheme": "나/NP+는/JX+한/MM+소희/NNG+가/JKS+좋/VA+아/EC"
          },
          {
            "id": 17,
            "text": "1 : 하녀 때부터 너무 좋았는데",
            "norm_text": "하녀 때부터 너무 좋았는데",
            "speaker": {
              "id": "1번",
              "sex": "여성",
              "age": "20대"
            },
            "speechAct": "(단언) 주장하기",
            "morpheme": "하녀/NNG+때/NNG+부터/JX+너무/MAG+좋/VA+았/EP+는데/EC"
          },
          {
            "id": 18,
            "text": "1 : 쩔어",
            "norm_text": "쩔어",
            "speaker": {
              "id": "1번",
              "sex": "여성",
              "age": "20대"
            },
            "speechAct": "(단언) 주장하기",
            "morpheme": "쩔/VA+어/EC"
          },
          {
            "id": 19,
            "text": "2 : 김태리가 하녀에 나왔었나?",
            "norm_text": "김태리가 하녀에 나왔었나?",
            "speaker": {
              "id": "2번",
              "sex": "남성",
              "age": "20대"
            },
            "speechAct": "(지시) 질문하기",
            "morpheme": "김/NNP+태리/NNP+가/JKS+하녀/NNG+에/JKB+나왔었/VV+EP+나/EF"
          },
          {
            "id": 20,
            "text": "2 : 기억 안 나는데",
            "norm_text": "기억 안 나는데",
            "speaker": {
              "id": "2번",
              "sex": "남성",
              "age": "20대"
            },
            "speechAct": "(단언) 주장하기",
            "morpheme": "기억/NNG+안/MAG+나/VV+는데/EC"
          },
          {
            "id": 21,
            "text": "3 : 한소희 드라마 있잖아",
            "norm_text": "한소희 드라마 있잖아",
            "speaker": {
              "id": "3번",
              "sex": "남성",
              "age": "20대"
            },
            "speechAct": "(단언) 주장하기",
            "morpheme": "한소희/NNP+드라마/NNG+있/VV+잖아/EC"
          },
          {
            "id": 22,
            "text": "3 : 알아?",
            "norm_text": "알아?",
            "speaker": {
              "id": "3번",
              "sex": "남성",
              "age": "20대"
            },
            "speechAct": "(지시) 질문하기",
            "morpheme": "알/VV+아/EF"
          },
          {
            "id": 23,
            "text": "3 : 네임?",
            "norm_text": "네임?",
            "speaker": {
              "id": "3번",
              "sex": "남성",
              "age": "20대"
            },
            "speechAct": "(단언) 진술하기",
            "morpheme": "네임/NNG"
          },
          {
            "id": 24,
            "text": "1 : 예쁜 사람은 다 좋아...",
            "norm_text": "예쁜 사람은 다 좋아...",
            "speaker": {
              "id": "1번",
              "sex": "여성",
              "age": "20대"
            },
            "speechAct": "(단언) 주장하기",
            "morpheme": "예쁜/VA+ETM+사람/NNG+은/JX+다/MAG+좋/VA+아/EF+./SY"
          },
          {
            "id": 25,
            "text": "1 : 마이 네임?",
            "norm_text": "마이 네임?",
            "speaker": {
              "id": "1번",
              "sex": "여성",
              "age": "20대"
            },
            "speechAct": "(단언) 주장하기",
            "morpheme": "마이네임/NNP"
          },
          {
            "id": 26,
            "text": "2 : 네임 당연히 봤지",
            "norm_text": "네임 당연히 봤지",
            "speaker": {
              "id": "2번",
              "sex": "남성",
              "age": "20대"
            },
            "speechAct": "(단언) 주장하기",
            "morpheme": "네임/NNG+당연히/MAG+봤/VV+EP+지/EC"
          },
          {
            "id": 27,
            "text": "2 : 한소희 존예",
            "norm_text": "한소희 존예",
            "speaker": {
              "id": "2번",
              "sex": "남성",
              "age": "20대"
            },
            "speechAct": "(단언) 주장하기",
            "morpheme": "한소희/NNP+존/NNP+예/NNG"
          },
          {
            "id": 28,
            "text": "3 : 한소희 아빠가 건달로 나오는 드라마 있는데",
            "norm_text": "한소희 아빠가 건달로 나오는 드라마 있는데",
            "speaker": {
              "id": "3번",
              "sex": "남성",
              "age": "20대"
            },
            "speechAct": "(단언) 진술하기",
            "morpheme": "한소희/NNP+아빠/NNG+가/JKS+건달/NNG+로/JKB+나오/VV+는/ETM+드라마/NNG+있/VV+는데/EC"
          },
          {
            "id": 29,
            "text": "3 : 맞아",
            "norm_text": "맞아",
            "speaker": {
              "id": "3번",
              "sex": "남성",
              "age": "20대"
            },
            "speechAct": "(단언) 주장하기",
            "morpheme": "맞/VV+아/EC"
          },
          {
            "id": 30,
            "text": "3 : 마이 네임 키키",
            "norm_text": "마이 네임 키키",
            "speaker": {
              "id": "3번",
              "sex": "남성",
              "age": "20대"
            },
            "speechAct": "(단언) 진술하기",
            "morpheme": "마이네임/NNP+키키/NNP"
          }
        ]
      }
    }
  ]
}