{
  "dataset": {
    "identifier": 16772,
    "name": "NATEON_21_06_set",
    "src_path": "/data/file/cubeManager/PROJECT001/7/txt20210826181925012328/NATEON_21_06_set/",
    "label_path": "/data/file/cubeManager/PROJECT001/7/txt20210826181925012328/NATEON_21_06_set/",
    "category": 2,
    "type": 0
  },
  "licenses": {
    "name": "Apache License 1.0",
    "url": "http://www.apache.org/licenses/LICENSE-1.0"
  },
  "info": [
    {
      "id": 785,
      "filename": "NATEON_21_06.txt",
      "title": "NATEON_21_06",
      "mediatype": "메신저",
      "medianame": "네이트온",
      "category": "일상대화",
      "date": "2021-08-26",
      "size": 615,
      "annotations": {
        "subject": "교육",
        "speaker_type": "1:1",
        "size": 615,
        "word_size": 191,
        "text": "1 : 학원 다니신 적 있으세요?\n2 : 중학교 때 다녔어요\n2 : 학원 다니신 적 있으신가요?\n1 : 저도 중학교 때 다녔어요.\n1 : 오래 다니셨어요?\n2 : 아니요 오래는 안 다니고 그냥 친구들 다녀서 같이 다녔어요\n2 : 학원 다니고 성적은 올랐나요?\n1 : 학원에 친구들 만나러 간 거 같아요.\n1 : 성적 좀 오르셨어요?\n2 : 네 저는 다닐 때랑 안 다닐 때랑 엄청 차이가 심했던 거 같아요.\n1 : 오 공부를 잘하셨나 보네요!\n1 : 상위권이셨나요?\n2 : 아니요 중학교 때부터 성적이 엄청 떨어졌어요...\n2 : 공부 잘하셨나요?\n1 : 중학교 때까지는 잘했는데 그 후로 엉망이네요.\n2 : 아 안타깝네요.\n2 : 과목 중에 무슨 과목을 좋아했나요?\n1 : 저는 체육을 좋아했습니다.\n1 : 어떤 과목 좋아하셨나요?\n2 : 저도 체육을 좋아했어요\n2 : 체육 말고는 어떤 과목을 잘했나요?\n1 : 영어를 잘했습니다.\n1 : 과외도 해보신 적 있으세요?\n2 : 아니요 과외는 해본 적이 없어요\n2 : 영어 부럽습니다\n2 : 영어 공부는 어떻게 했나요?\n1 : 영어는 외국에 나갔다 오면 자동으로 늘어요!\n1 : 다음에 제가 기회 되면 영어 좀 알려드릴게요!\n2 : 오 감사합니다 키키\n2 : 영어 진짜 하나도 몰라서 ㅠㅠ 꼭 알려주세요!",
        "lines": [
          {
            "id": 1,
            "text": "1 : 학원 다니신 적 있으세요?",
            "norm_text": "학원 다니신 적 있으세요?",
            "speaker": {
              "id": "1번",
              "sex": "남성",
              "age": "30대"
            },
            "speechAct": "(지시) 질문하기",
            "morpheme": "학원/NNG+다니/VV+신/EP+ETM+적/NNB+있/VA+으세요/EF"
          },
          {
            "id": 2,
            "text": "2 : 중학교 때 다녔어요",
            "norm_text": "중학교 때 다녔어요",
            "speaker": {
              "id": "2번",
              "sex": "남성",
              "age": "30대"
            },
            "speechAct": "(단언) 진술하기",
            "morpheme": "중학교/NNG+때/NNG+다녔/VV+EP+어요/EF"
          },
          {
            "id": 3,
            "text": "2 : 학원 다니신 적 있으신가요?",
            "norm_text": "학원 다니신 적 있으신가요?",
            "speaker": {
              "id": "2번",
              "sex": "남성",
              "age": "30대"
            },
            "speechAct": "(지시) 질문하기",
            "morpheme": "학원/NNG+다니/VV+신/EP+ETM+적/NNB+있/VA+으신/EP+ETM+가요/NNG"
          },
          {
            "id": 4,
            "text": "1 : 저도 중학교 때 다녔어요.",
            "norm_text": "저도 중학교 때 다녔어요.",
            "speaker": {
              "id": "1번",
              "sex": "남성",
              "age": "30대"
            },
            "speechAct": "(단언) 진술하기",
            "morpheme": "저/NP+도/JX+중학교/NNG+때/NNG+다녔/VV+EP+어요/EF"
          },
          {
            "id": 5,
            "text": "1 : 오래 다니셨어요?",
            "norm_text": "오래 다니셨어요?",
            "speaker": {
              "id": "1번",
              "sex": "남성",
              "age": "30대"
            },
            "speechAct": "(지시) 질문하기",
            "morpheme": "오래/MAG+다니/VV+셨/EP+EP+어요/EF"
          },
          {
            "id": 6,
            "text": "2 : 아니요 오래는 안 다니고 그냥 친구들 다녀서 같이 다녔어요",
            "norm_text": "아니요 오래는 안 다니고 그냥 친구들 다녀서 같이 다녔어요",
            "speaker": {
              "id": "2번",
              "sex": "남성",
              "age": "30대"
            },
            "speechAct": "(단언) 진술하기",
            "morpheme": "아니요/IC+오래/MAG+는/JX+안/MAG+다니/VV+고/EC+그냥/MAG+친구/NNG+들/XSN+다녀서/VV+EC+같이/MAG+다녔/VV+EP+어요/EF"
          },
          {
            "id": 7,
            "text": "2 : 학원 다니고 성적은 올랐나요?",
            "norm_text": "학원 다니고 성적은 올랐나요?",
            "speaker": {
              "id": "2번",
              "sex": "남성",
              "age": "30대"
            },
            "speechAct": "(지시) 질문하기",
            "morpheme": "학원/NNG+다니/VV+고/EC+성적/NNG+은/JX+올랐/VV+EP+나요/EF"
          },
          {
            "id": 8,
            "text": "1 : 학원에 친구들 만나러 간 거 같아요.",
            "norm_text": "학원에 친구들 만나러 간 거 같아요.",
            "speaker": {
              "id": "1번",
              "sex": "남성",
              "age": "30대"
            },
            "speechAct": "(단언) 주장하기",
            "morpheme": "학원/NNG+에/JKB+친구/NNG+들/XSN+만나/VV+러/EC+간/VV+ETM+거/NNB+같/VA+아요/EF"
          },
          {
            "id": 9,
            "text": "1 : 성적 좀 오르셨어요?",
            "norm_text": "성적 좀 오르셨어요?",
            "speaker": {
              "id": "1번",
              "sex": "남성",
              "age": "30대"
            },
            "speechAct": "(지시) 질문하기",
            "morpheme": "성적/NNG+좀/MAG+오르/VV+셨/EP+EP+어요/EF"
          },
          {
            "id": 10,
            "text": "2 : 네 저는 다닐 때랑 안 다닐 때랑 엄청 차이가 심했던 거 같아요.",
            "norm_text": "네 저는 다닐 때랑 안 다닐 때랑 엄청 차이가 심했던 거 같아요.",
            "speaker": {
              "id": "2번",
              "sex": "남성",
              "age": "30대"
            },
            "speechAct": "(단언) 주장하기",
            "morpheme": "네/IC+저/NP+는/JX+다닐/VV+ETM+때/NNG+랑/JC+안/MAG+다닐/VV+ETM+때/NNG+랑/JKB+엄청/MAG+차이/NNG+가/JKS+심했/VA+EP+던/ETM+거/NNB+같/VA+아요/EF"
          },
          {
            "id": 11,
            "text": "1 : 오 공부를 잘하셨나 보네요!",
            "norm_text": "오 공부를 잘하셨나 보네요!",
            "speaker": {
              "id": "1번",
              "sex": "남성",
              "age": "30대"
            },
            "speechAct": "(단언) 주장하기",
            "morpheme": "오/NR+공부/NNG+를/JKO+잘/MAG+하/VV+셨/EP+EP+나/EC+보/VX+네요/EF"
          },
          {
            "id": 12,
            "text": "1 : 상위권이셨나요?",
            "norm_text": "상위권이셨나요?",
            "speaker": {
              "id": "1번",
              "sex": "남성",
              "age": "30대"
            },
            "speechAct": "(지시) 질문하기",
            "morpheme": "상위/NNG+권/XSN+이/VCP+셨/EP+EP+나요/EF"
          },
          {
            "id": 13,
            "text": "2 : 아니요 중학교 때부터 성적이 엄청 떨어졌어요...",
            "norm_text": "아니요 중학교 때부터 성적이 엄청 떨어졌어요...",
            "speaker": {
              "id": "2번",
              "sex": "남성",
              "age": "30대"
            },
            "speechAct": "(단언) 진술하기",
            "morpheme": "아니요/IC+중학교/NNG+때/NNG+부터/JX+성적/NNG+이/JKS+엄청/MAG+떨어졌/VV+EP+어요/EF+./SY"
          },
          {
            "id": 14,
            "text": "2 : 공부 잘하셨나요?",
            "norm_text": "공부 잘하셨나요?",
            "speaker": {
              "id": "2번",
              "sex": "남성",
              "age": "30대"
            },
            "speechAct": "(지시) 질문하기",
            "morpheme": "공부/NNG+잘/MAG+하/VV+셨/EP+EP+나요/EF"
          },
          {
            "id": 15,
            "text": "1 : 중학교 때까지는 잘했는데 그 후로 엉망이네요.",
            "norm_text": "중학교 때까지는 잘했는데 그 후로 엉망이네요.",
            "speaker": {
              "id": "1번",
              "sex": "남성",
              "age": "30대"
            },
            "speechAct": "(단언) 진술하기",
            "morpheme": "중학교/NNG+때/NNG+까지/JX+는/JX+잘/MAG+했/VV+EP+는데/EC+그/MM+후/NNG+로/JKB+엉망/NNG+이/VCP+네요/EF"
          },
          {
            "id": 16,
            "text": "2 : 아 안타깝네요.",
            "norm_text": "아 안타깝네요.",
            "speaker": {
              "id": "2번",
              "sex": "남성",
              "age": "30대"
            },
            "speechAct": "(단언) 주장하기",
            "morpheme": "아/IC+안타깝/VA+네요/EF"
          },
          {
            "id": 17,
            "text": "2 : 과목 중에 무슨 과목을 좋아했나요?",
            "norm_text": "과목 중에 무슨 과목을 좋아했나요?",
            "speaker": {
              "id": "2번",
              "sex": "남성",
              "age": "30대"
            },
            "speechAct": "(지시) 질문하기",
            "morpheme": "과목/NNG+중/NNB+에/JKB+무슨/MM+과목/NNG+을/JKO+좋아했/VV+EP+나요/EF"
          },
          {
            "id": 18,
            "text": "1 : 저는 체육을 좋아했습니다.",
            "norm_text": "저는 체육을 좋아했습니다.",
            "speaker": {
              "id": "1번",
              "sex": "남성",
              "age": "30대"
            },
            "speechAct": "(단언) 주장하기",
            "morpheme": "저/NP+는/JX+체육/NNG+을/JKO+좋아했/VV+EP+습니다/EF"
          },
          {
            "id": 19,
            "text": "1 : 어떤 과목 좋아하셨나요?",
            "norm_text": "어떤 과목 좋아하셨나요?",
            "speaker": {
              "id": "1번",
              "sex": "남성",
              "age": "30대"
            },
            "speechAct": "(지시) 질문하기",
            "morpheme": "어떤/MM+과목/NNG+좋/VA+아/EC+하/VX+셨/EP+EP+나요/EF"
          },
          {
            "id": 20,
            "text": "2 : 저도 체육을 좋아했어요",
            "norm_text": "저도 체육을 좋아했어요",
            "speaker": {
              "id": "2번",
              "sex": "남성",
              "age": "30대"
            },
            "speechAct": "(단언) 진술하기",
            "morpheme": "저/NP+도/JX+체육/NNG+을/JKO+좋아했/VV+EP+어요/EF"
          },
          {
            "id": 21,
            "text": "2 : 체육 말고는 어떤 과목을 잘했나요?",
            "norm_text": "체육 말고는 어떤 과목을 잘했나요?",
            "speaker": {
              "id": "2번",
              "sex": "남성",
              "age": "30대"
            },
            "speechAct": "(지시) 질문하기",
            "morpheme": "체육/NNG+말/VV+고/EC+는/JX+어떤/MM+과목/NNG+을/JKO+잘/MAG+했/VV+EP+나요/EF"
          },
          {
            "id": 22,
            "text": "1 : 영어를 잘했습니다.",
            "norm_text": "영어를 잘했습니다.",
            "speaker": {
              "id": "1번",
              "sex": "남성",
              "age": "30대"
            },
            "speechAct": "(단언) 진술하기",
            "morpheme": "영어/NNG+를/JKO+잘/MAG+했/VV+EP+습니다/EF"
          },
          {
            "id": 23,
            "text": "1 : 과외도 해보신 적 있으세요?",
            "norm_text": "과외도 해보신 적 있으세요?",
            "speaker": {
              "id": "1번",
              "sex": "남성",
              "age": "30대"
            },
            "speechAct": "(지시) 질문하기",
            "morpheme": "과외/NNG+도/JX+해/VV+EC+보/VX+신/EP+ETM+적/NNB+있/VA+으세요/EF"
          },
          {
            "id": 24,
            "text": "2 : 아니요 과외는 해본 적이 없어요",
            "norm_text": "아니요 과외는 해본 적이 없어요",
            "speaker": {
              "id": "2번",
              "sex": "남성",
              "age": "30대"
            },
            "speechAct": "(단언) 진술하기",
            "morpheme": "아니요/IC+과외/NNG+는/JX+해/VV+EC+본/VX+ETM+적/NNB+이/JKS+없/VA+어요/EF"
          },
          {
            "id": 25,
            "text": "2 : 영어 부럽습니다",
            "norm_text": "영어 부럽습니다",
            "speaker": {
              "id": "2번",
              "sex": "남성",
              "age": "30대"
            },
            "speechAct": "(단언) 주장하기",
            "morpheme": "영어/NNG+부럽/VA+습니다/EF"
          },
          {
            "id": 26,
            "text": "2 : 영어 공부는 어떻게 했나요?",
            "norm_text": "영어 공부는 어떻게 했나요?",
            "speaker": {
              "id": "2번",
              "sex": "남성",
              "age": "30대"
            },
            "speechAct": "(지시) 질문하기",
            "morpheme": "영어/NNG+공부/NNG+는/JX+어떻/VA+게/EC+했/VX+EP+나요/EF"
          },
          {
            "id": 27,
            "text": "1 : 영어는 외국에 나갔다 오면 자동으로 늘어요!",
            "norm_text": "영어는 외국에 나갔다 오면 자동으로 늘어요!",
            "speaker": {
              "id": "1번",
              "sex": "남성",
              "age": "30대"
            },
            "speechAct": "(단언) 주장하기",
            "morpheme": "영어/NNG+는/JX+외국/NNG+에/JKB+나갔/VV+EP+다/EC+오/VV+면/EC+자동/NNG+으로/JKB+늘/VV+어요/EF"
          },
          {
            "id": 28,
            "text": "1 : 다음에 제가 기회 되면 영어 좀 알려드릴게요!",
            "norm_text": "다음에 제가 기회 되면 영어 좀 알려드릴게요!",
            "speaker": {
              "id": "1번",
              "sex": "남성",
              "age": "30대"
            },
            "speechAct": "(단언) 주장하기",
            "morpheme": "다음/NNG+에/JKB+제/NP+가/JKS+기회/NNG+되/XSV+면/EC+영어/NNG+좀/MAG+알려/VV+EC+드릴게요/VX+EF"
          },
          {
            "id": 29,
            "text": "2 : 오 감사합니다 키키",
            "norm_text": "오 감사합니다 키키",
            "speaker": {
              "id": "2번",
              "sex": "남성",
              "age": "30대"
            },
            "speechAct": "(표현) 감사하기",
            "morpheme": "오/NR+감사/NNG+합니다/XSV+EF+키/NNG+키/XSV+ETN"
          },
          {
            "id": 30,
            "text": "2 : 영어 진짜 하나도 몰라서 ㅠㅠ 꼭 알려주세요!",
            "norm_text": "영어 진짜 하나도 몰라서 ㅠㅠ 꼭 알려주세요!",
            "speaker": {
              "id": "2번",
              "sex": "남성",
              "age": "30대"
            },
            "speechAct": "(지시) 부탁하기",
            "morpheme": "영어/NNG+진짜/MAG+하나/NR+도/JX+몰라서/VV+EC+ㅠㅠ/UNKNOWN+꼭/MAG+알려/VV+EC+주/VX+세요/EP+EF"
          }
        ]
      }
    }
  ]
}