{
  "dataset": {
    "identifier": 114711,
    "name": "NATEON_37_09_set",
    "src_path": "/data/file/cubeManager/PROJECT001/80/txt20211103151015018942/NATEON_37_09_set/",
    "label_path": "/data/file/cubeManager/PROJECT001/80/txt20211103151015018942/NATEON_37_09_set/",
    "category": 2,
    "type": 0
  },
  "licenses": {
    "name": "Apache License 1.0",
    "url": "http://www.apache.org/licenses/LICENSE-1.0"
  },
  "info": [
    {
      "id": 134452,
      "filename": "NATEON_37_09.txt",
      "title": "NATEON_37_09",
      "mediatype": "메신저",
      "medianame": "네이트온",
      "category": "일상대화",
      "date": "2021-11-03",
      "size": 415,
      "annotations": {
        "subject": "반려동물",
        "speaker_type": "다자간 대화",
        "size": 415,
        "word_size": 145,
        "text": "1 : 이번에 당근으로 강아지 용품 나눔 받았어\n2 : 강이지 용품 어떤 거 받았어?\n3 : 오 요즘 나눔 많이 하네?\n1 : 응 ㅠㅠ 소변 패드 나눔 받았어\n2 : 아아 소변 패드 있던 거 망가졌어?\n3 : 맞아 소용량으로는 많이 안 파니까\n1 : 응 ㅠㅠ 망가져서 급하게 찾고 있었지\n2 : 요즘 패드도 신기한 거 엄청 많던데!\n3 : 그럴 땐 진짜 난감하더라고 ㅠ\n1 : 응 근데 새로 사기에는 너무 멀어서 ㅠ\n2 : 맞아 새로 사기에 용품들 다 너무 비싸 ㅠㅠ\n3 : 하하 그래도 급하게 잘 구했네\n1 : 응 하하 나도 그래서 이제 나눔 하려고!\n2 : 응 마침 나눠주시는 분 있어서 다행이다 키키\n3 : 응 하하 나눔은 할 수록 좋지\n1 : 나눔으로 받으니까 더 좋아\n2 : 웅 맞아 받았으니 이제 나누고 그러자 키키\n3 : 맞아 안 쓰는 건 나눔 하는 것도 좋지",
        "lines": [
          {
            "id": 1,
            "text": "1 : 이번에 당근으로 강아지 용품 나눔 받았어",
            "norm_text": "이번에 당근으로 강아지 용품 나눔 받았어",
            "speaker": {
              "id": "1번",
              "sex": "여성",
              "age": "20대"
            },
            "speechAct": "(단언) 진술하기",
            "morpheme": "이번/NNG+에/JKB+당근/NNG+으로/JKB+강아지/NNG+용품/NNG+나눔/VV+ETN+받/VV+았/EP+어/EC"
          },
          {
            "id": 2,
            "text": "2 : 강이지 용품 어떤 거 받았어?",
            "norm_text": "강이지 용품 어떤 거 받았어?",
            "speaker": {
              "id": "2번",
              "sex": "여성",
              "age": "20대"
            },
            "speechAct": "(지시) 질문하기",
            "morpheme": "강/NNG+이/VCP+지/EC+용품/NNG+어떤/MM+거/NNB+받/VV+았/EP+어/EF"
          },
          {
            "id": 3,
            "text": "3 : 오 요즘 나눔 많이 하네?",
            "norm_text": "오 요즘 나눔 많이 하네?",
            "speaker": {
              "id": "3번",
              "sex": "남성",
              "age": "20대"
            },
            "speechAct": "(단언) 주장하기",
            "morpheme": "오/IC+요즘/MAG+나눔/VV+ETN+많이/MAG+하/VV+네/EF"
          },
          {
            "id": 4,
            "text": "1 : 응 ㅠㅠ 소변 패드 나눔 받았어",
            "norm_text": "응 ㅠㅠ 소변 패드 나눔 받았어",
            "speaker": {
              "id": "1번",
              "sex": "여성",
              "age": "20대"
            },
            "speechAct": "(단언) 진술하기",
            "morpheme": "응/IC+ㅠㅠ/UNKNOWN+소변/NNG+패드/NNG+나눔/VV+ETN+받/VV+았/EP+어/EC"
          },
          {
            "id": 5,
            "text": "2 : 아아 소변 패드 있던 거 망가졌어?",
            "norm_text": "아아 소변 패드 있던 거 망가졌어?",
            "speaker": {
              "id": "2번",
              "sex": "여성",
              "age": "20대"
            },
            "speechAct": "(지시) 질문하기",
            "morpheme": "아아/IC+소변/NNG+패드/NNG+있/VV+던/ETM+거/NNB+망가졌/VV+EP+어/EF"
          },
          {
            "id": 6,
            "text": "3 : 맞아 소용량으로는 많이 안 파니까",
            "norm_text": "맞아 소용량으로는 많이 안 파니까",
            "speaker": {
              "id": "3번",
              "sex": "남성",
              "age": "20대"
            },
            "speechAct": "(단언) 진술하기",
            "morpheme": "맞/VV+아/EC+소용/NNG+량/NNG+으로/JKB+는/JX+많이/MAG+안/MAG+파/VV+니까/EC"
          },
          {
            "id": 7,
            "text": "1 : 응 ㅠㅠ 망가져서 급하게 찾고 있었지",
            "norm_text": "응 ㅠㅠ 망가져서 급하게 찾고 있었지",
            "speaker": {
              "id": "1번",
              "sex": "여성",
              "age": "20대"
            },
            "speechAct": "(단언) 주장하기",
            "morpheme": "응/IC+ㅠㅠ/UNKNOWN+망가져서/VV+EC+급하/VA+게/EC+찾/VV+고/EC+있/VX+었/EP+지/EC"
          },
          {
            "id": 8,
            "text": "2 : 요즘 패드도 신기한 거 엄청 많던데!",
            "norm_text": "요즘 패드도 신기한 거 엄청 많던데!",
            "speaker": {
              "id": "2번",
              "sex": "여성",
              "age": "20대"
            },
            "speechAct": "(단언) 진술하기",
            "morpheme": "요즘/NNG+패드/NNG+도/JX+신기/XR+한/XSA+ETM+거/NNB+엄청/MAG+많/VA+던데/EF"
          },
          {
            "id": 9,
            "text": "3 : 그럴 땐 진짜 난감하더라고 ㅠ",
            "norm_text": "그럴 땐 진짜 난감하더라고 ㅠ",
            "speaker": {
              "id": "3번",
              "sex": "남성",
              "age": "20대"
            },
            "speechAct": "(단언) 주장하기",
            "morpheme": "그럴/VA+ETM+땐/NNG+JX+진짜/MAG+난감/XR+하/XSA+더라고/EF+ㅠ/UNKNOWN"
          },
          {
            "id": 10,
            "text": "1 : 응 근데 새로 사기에는 너무 멀어서 ㅠ",
            "norm_text": "응 근데 새로 사기에는 너무 멀어서 ㅠ",
            "speaker": {
              "id": "1번",
              "sex": "여성",
              "age": "20대"
            },
            "speechAct": "(단언) 주장하기",
            "morpheme": "응/IC+근데/MAJ+새로/MAG+사기/NNG+에/JKB+는/JX+너무/MAG+멀/VA+어서/EC+ㅠ/UNKNOWN"
          },
          {
            "id": 11,
            "text": "2 : 맞아 새로 사기에 용품들 다 너무 비싸 ㅠㅠ",
            "norm_text": "맞아 새로 사기에 용품들 다 너무 비싸 ㅠㅠ",
            "speaker": {
              "id": "2번",
              "sex": "여성",
              "age": "20대"
            },
            "speechAct": "(단언) 주장하기",
            "morpheme": "맞/VV+아/EC+새로/MAG+사기/NNG+에/JKB+용품/NNG+들/XSN+다/MAG+너무/MAG+비싸/VA+EF+ㅠㅠ/UNKNOWN"
          },
          {
            "id": 12,
            "text": "3 : 하하 그래도 급하게 잘 구했네",
            "norm_text": "하하 그래도 급하게 잘 구했네",
            "speaker": {
              "id": "3번",
              "sex": "남성",
              "age": "20대"
            },
            "speechAct": "(단언) 주장하기",
            "morpheme": "하하/MAG+그래도/VV+EC+급하/VA+게/EC+잘/MAG+구했/VV+EP+네/EF"
          },
          {
            "id": 13,
            "text": "1 : 응 하하 나도 그래서 이제 나눔 하려고!",
            "norm_text": "응 하하 나도 그래서 이제 나눔 하려고!",
            "speaker": {
              "id": "1번",
              "sex": "여성",
              "age": "20대"
            },
            "speechAct": "(단언) 주장하기",
            "morpheme": "응/IC+하/IC+하나/NR+도/JX+그래서/MAJ+이제/MAG+나눔/VV+ETN+하/VV+려고/EF"
          },
          {
            "id": 14,
            "text": "2 : 응 마침 나눠주시는 분 있어서 다행이다 키키",
            "norm_text": "응 마침 나눠주시는 분 있어서 다행이다 키키",
            "speaker": {
              "id": "2번",
              "sex": "여성",
              "age": "20대"
            },
            "speechAct": "(단언) 주장하기",
            "morpheme": "응/IC+마침/MAG+나눠/VV+EC+주/VX+시/EP+는/ETM+분/NNB+있/VA+어서/EC+다행/NNG+이/JKS+다키키/NNP"
          },
          {
            "id": 15,
            "text": "3 : 응 하하 나눔은 할 수록 좋지",
            "norm_text": "응 하하 나눔은 할 수록 좋지",
            "speaker": {
              "id": "3번",
              "sex": "남성",
              "age": "20대"
            },
            "speechAct": "(단언) 주장하기",
            "morpheme": "응/IC+하하/MAG+나눔/VV+ETN+은/JX+할수록/VV+EC+좋/VA+지/EC"
          },
          {
            "id": 16,
            "text": "1 : 나눔으로 받으니까 더 좋아",
            "norm_text": "나눔으로 받으니까 더 좋아",
            "speaker": {
              "id": "1번",
              "sex": "여성",
              "age": "20대"
            },
            "speechAct": "(단언) 주장하기",
            "morpheme": "나눔/VV+ETN+으로/JKB+받/VV+으니까/EC+더/MAG+좋/VA+아/EC"
          },
          {
            "id": 17,
            "text": "2 : 웅 맞아 받았으니 이제 나누고 그러자 키키",
            "norm_text": "웅 맞아 받았으니 이제 나누고 그러자 키키",
            "speaker": {
              "id": "2번",
              "sex": "여성",
              "age": "20대"
            },
            "speechAct": "(지시) 충고/제안하기",
            "morpheme": "웅/MAG+맞/VV+아/EC+받/VV+았/EP+으니/EC+이제/MAG+나누/VV+고/EC+그러/VV+자/EC+키/NNG+키/XSV+ETN"
          },
          {
            "id": 18,
            "text": "3 : 맞아 안 쓰는 건 나눔 하는 것도 좋지",
            "norm_text": "맞아 안 쓰는 건 나눔 하는 것도 좋지",
            "speaker": {
              "id": "3번",
              "sex": "남성",
              "age": "20대"
            },
            "speechAct": "(단언) 주장하기",
            "morpheme": "맞/VV+아/EC+안/MAG+쓰/VV+는/ETM+건/NNB+JX+나눔/VV+ETN+하/VV+는/ETM+것/NNB+도/JX+좋/VA+지/EC"
          }
        ]
      }
    }
  ]
}