{
  "dataset": {
    "identifier": 102083,
    "name": "NATEON_27_05_set",
    "src_path": "/data/file/cubeManager/PROJECT001/77/txt20211027152211006939/NATEON_27_05_set/",
    "label_path": "/data/file/cubeManager/PROJECT001/77/txt20211027152211006939/NATEON_27_05_set/",
    "category": 2,
    "type": 0
  },
  "licenses": {
    "name": "Apache License 1.0",
    "url": "http://www.apache.org/licenses/LICENSE-1.0"
  },
  "info": [
    {
      "id": 99446,
      "filename": "NATEON_27_05.txt",
      "title": "NATEON_27_05",
      "mediatype": "메신저",
      "medianame": "네이트온",
      "category": "일상대화",
      "date": "2021-10-27",
      "size": 347,
      "annotations": {
        "subject": "군대",
        "speaker_type": "다자간 대화",
        "size": 347,
        "word_size": 121,
        "text": "1 : 내 친구 중에 이번에 직업군인 된 애 있어!\n2 : 아 군대 들어갔다가 직군 된 거야?\n3 : 직업군인은 어떻게 할 수 있는 거지?\n1 : 그러니까 키키\n1 : 나 같으면 못할 거 같아\n2 : 키키 군대 생활이 편하다고 하는 애들이 가끔 있더라고 키키\n3 : 으악\n3 : 나도 못할 거 같은데 키키\n1 : 그래도 규칙적으로 생활해서 좋은 거 같아\n2 : 맞아\n2 : 건강한 생활은 군대에서 가능 할 듯 키키\n3 : 규칙적인 건 좋은데 다시 가고 싶은 맘은 안 생겨\n3 : 키키 거긴 진짜 지옥이었어\n1 : 으, 그래 너는 다시 가지 마라!\n2 : 그래도 다 지나갔으니까 키키 좋은 것만 생각 하자 키키\n3 : 응 난 현실에 적응하면서 지낼래",
        "lines": [
          {
            "id": 1,
            "text": "1 : 내 친구 중에 이번에 직업군인 된 애 있어!",
            "norm_text": "내 친구 중에 이번에 직업군인 된 애 있어!",
            "speaker": {
              "id": "1번",
              "sex": "여성",
              "age": "20대"
            },
            "speechAct": "(단언) 진술하기",
            "morpheme": "내/NP+JKG+친구/NNG+중/NNB+에/JKB+이번/NNG+에/JKB+직업/NNG+군인/NNG+된/XSV+ETM+애/NNG+있/VA+어/EF"
          },
          {
            "id": 2,
            "text": "2 : 아 군대 들어갔다가 직군 된 거야?",
            "norm_text": "아 군대 들어갔다가 직군 된 거야?",
            "speaker": {
              "id": "2번",
              "sex": "여성",
              "age": "20대"
            },
            "speechAct": "(지시) 질문하기",
            "morpheme": "아/IC+군대/NNG+들어갔/VV+EP+다가/EC+직군/NNG+된/XSV+ETM+거/NNB+야/VCP+EF"
          },
          {
            "id": 3,
            "text": "3 : 직업군인은 어떻게 할 수 있는 거지?",
            "norm_text": "직업군인은 어떻게 할 수 있는 거지?",
            "speaker": {
              "id": "3번",
              "sex": "남성",
              "age": "20대"
            },
            "speechAct": "(지시) 명령/요구하기",
            "morpheme": "직업/NNG+군인/NNG+은/JX+어떻게/MAG+할/VV+ETM+수/NNB+있/VV+는/ETM+거/NNB+지/VCP+EF"
          },
          {
            "id": 4,
            "text": "1 : 그러니까 키키",
            "norm_text": "그러니까 키키",
            "speaker": {
              "id": "1번",
              "sex": "여성",
              "age": "20대"
            },
            "speechAct": "(단언) 주장하기",
            "morpheme": "그러니까/MAJ+키/NNG+키/XSV+ETN"
          },
          {
            "id": 5,
            "text": "1 : 나 같으면 못할 거 같아",
            "norm_text": "나 같으면 못할 거 같아",
            "speaker": {
              "id": "1번",
              "sex": "여성",
              "age": "20대"
            },
            "speechAct": "(단언) 주장하기",
            "morpheme": "나/NP+같/VA+으면/EC+못할/VX+ETM+거/NNB+같/VA+아/EC"
          },
          {
            "id": 6,
            "text": "2 : 키키 군대 생활이 편하다고 하는 애들이 가끔 있더라고 키키",
            "norm_text": "키키 군대 생활이 편하다고 하는 애들이 가끔 있더라고 키키",
            "speaker": {
              "id": "2번",
              "sex": "여성",
              "age": "20대"
            },
            "speechAct": "(단언) 진술하기",
            "morpheme": "키/NNG+키/NNG+군대/NNG+생활/NNG+이/JKS+편하/VA+다고/EC+하/VV+는/ETM+애/NNG+들/XSN+이/JKS+가끔/MAG+있/VV+더라고/EC+키/NNG+키/XSV+ETN"
          },
          {
            "id": 7,
            "text": "3 : 으악",
            "norm_text": "으악",
            "speaker": {
              "id": "3번",
              "sex": "남성",
              "age": "20대"
            },
            "speechAct": "턴토크 사인(관습적 반응)",
            "morpheme": "으악/IC"
          },
          {
            "id": 8,
            "text": "3 : 나도 못할 거 같은데 키키",
            "norm_text": "나도 못할 거 같은데 키키",
            "speaker": {
              "id": "3번",
              "sex": "남성",
              "age": "20대"
            },
            "speechAct": "(단언) 주장하기",
            "morpheme": "나/NP+도/JX+못/MAG+할/VV+ETM+거/NNB+같/VA+은데/EC+키/NNG+키/XSV+ETN"
          },
          {
            "id": 9,
            "text": "1 : 그래도 규칙적으로 생활해서 좋은 거 같아",
            "norm_text": "그래도 규칙적으로 생활해서 좋은 거 같아",
            "speaker": {
              "id": "1번",
              "sex": "여성",
              "age": "20대"
            },
            "speechAct": "(단언) 주장하기",
            "morpheme": "그래도/MAJ+규칙/NNG+적/XSN+으로/JKB+생활/NNG+해서/XSV+EC+좋/VA+은/ETM+거/NNB+같/VA+아/EC"
          },
          {
            "id": 10,
            "text": "2 : 맞아",
            "norm_text": "맞아",
            "speaker": {
              "id": "2번",
              "sex": "여성",
              "age": "20대"
            },
            "speechAct": "(단언) 주장하기",
            "morpheme": "맞/VV+아/EC"
          },
          {
            "id": 11,
            "text": "2 : 건강한 생활은 군대에서 가능 할 듯 키키",
            "norm_text": "건강한 생활은 군대에서 가능 할 듯 키키",
            "speaker": {
              "id": "2번",
              "sex": "여성",
              "age": "20대"
            },
            "speechAct": "(단언) 주장하기",
            "morpheme": "건강/NNG+한/XSA+ETM+생활/NNG+은/JX+군대/NNG+에서/JKB+가능/NNG+할/XSV+ETM+듯/NNB+키/NNG+키/XSV+ETN"
          },
          {
            "id": 12,
            "text": "3 : 규칙적인 건 좋은데 다시 가고 싶은 맘은 안 생겨",
            "norm_text": "규칙적인 건 좋은데 다시 가고 싶은 맘은 안 생겨",
            "speaker": {
              "id": "3번",
              "sex": "남성",
              "age": "20대"
            },
            "speechAct": "(단언) 주장하기",
            "morpheme": "규칙/NNG+적/XSN+인/VCP+ETM+건/NNB+JX+좋/VA+은데/EC+다시/MAG+가/VV+고/EC+싶/VX+은/ETM+맘/NNG+은/JX+안/MAG+생겨/VV+EC"
          },
          {
            "id": 13,
            "text": "3 : 키키 거긴 진짜 지옥이었어",
            "norm_text": "키키 거긴 진짜 지옥이었어",
            "speaker": {
              "id": "3번",
              "sex": "남성",
              "age": "20대"
            },
            "speechAct": "(단언) 주장하기",
            "morpheme": "키/NNG+키/XSV+ETN+거긴/NNB+VCP+ETN+JX+진짜/MAG+지옥/NNG+이/VCP+었/EP+어/EC"
          },
          {
            "id": 14,
            "text": "1 : 으, 그래 너는 다시 가지 마라!",
            "norm_text": "으, 그래 너는 다시 가지 마라!",
            "speaker": {
              "id": "1번",
              "sex": "여성",
              "age": "20대"
            },
            "speechAct": "(지시) 충고/제안하기",
            "morpheme": "으/IC+,/SC+그래/IC+너/NP+는/JX+다시/MAG+가지/VV+마/EC+VV+라/EF"
          },
          {
            "id": 15,
            "text": "2 : 그래도 다 지나갔으니까 키키 좋은 것만 생각 하자 키키",
            "norm_text": "그래도 다 지나갔으니까 키키 좋은 것만 생각 하자 키키",
            "speaker": {
              "id": "2번",
              "sex": "여성",
              "age": "20대"
            },
            "speechAct": "(지시) 충고/제안하기",
            "morpheme": "그래도/MAJ+다/MAG+지나갔/VV+EP+으니까/EC+키/NNG+키/XSV+ETN+좋/VA+은/ETM+것/NNB+만/JX+생각/NNG+하/XSV+자/EC+키/NNG+키/XSV+ETN"
          },
          {
            "id": 16,
            "text": "3 : 응 난 현실에 적응하면서 지낼래",
            "norm_text": "응 난 현실에 적응하면서 지낼래",
            "speaker": {
              "id": "3번",
              "sex": "남성",
              "age": "20대"
            },
            "speechAct": "(단언) 주장하기",
            "morpheme": "응/IC+난/NP+JX+현실/NNG+에/JKB+적응/NNG+하/XSV+면서/EC+지/VX+낼래/VV+EC"
          }
        ]
      }
    }
  ]
}