{
  "dataset": {
    "identifier": 113248,
    "name": "NATEON_32_01_set",
    "src_path": "/data/file/cubeManager/PROJECT001/80/txt202111021733120713102/NATEON_32_01_set/",
    "label_path": "/data/file/cubeManager/PROJECT001/80/txt202111021733120713102/NATEON_32_01_set/",
    "category": 2,
    "type": 0
  },
  "licenses": {
    "name": "Apache License 1.0",
    "url": "http://www.apache.org/licenses/LICENSE-1.0"
  },
  "info": [
    {
      "id": 131833,
      "filename": "NATEON_32_01.txt",
      "title": "NATEON_32_01",
      "mediatype": "메신저",
      "medianame": "네이트온",
      "category": "일상대화",
      "date": "2021-11-02",
      "size": 448,
      "annotations": {
        "subject": "식음료",
        "speaker_type": "다자간 대화",
        "size": 448,
        "word_size": 146,
        "text": "1 : 나 오늘 연어 사시미 시켜먹었어 하하\n2 : 헐 나도 연어 사시미 진짜 좋아하는데!\n3 : 와 나 연어 진짜 좋아하는데ㅠ\n1 : 나 광어초밥도 같이 시켰잖아\n2 : 연어 초밥 이런것도 되게 좋아해 키키\n2 : 연어 맛있어 키키\n3 : 아... 맛있는거 혼자 다 시켜먹네\n1 : 사실 연어초밥 먹고 싶었는데ㅠㅠ\n2 : 그러니까\n2 : 우리도 같이 불러서 먹자 ㅠㅠ\n3 : 근데 연어, 연어라서 안먹은거야?\n1 : 응 두개 겹쳐서 느끼할까봐\n2 : 광어 초밥에 가끔 백김치 올려서 주는거 맛있더라 하하\n3 : 키키 오... 사실 계속 먹으면 느끼하지ㅠ\n1 : 맞아 아니면 초생강 같이 먹어\n2 : 맞아 연어만 있으면 느끼 할 수도 있어 키키\n2 : 잘 시켰네!\n3 : 키키 초생강 나는 그거 싫어ㅠ\n1 : 나도 별로 안좋아하는데 입가심~\n2 : 나도 초생강 그건 잘 안 먹게 되더라 키키\n3 : 키키 입가심은 역시 아이스 아메리카노!",
        "lines": [
          {
            "id": 1,
            "text": "1 : 나 오늘 연어 사시미 시켜먹었어 하하",
            "norm_text": "나 오늘 연어 사시미 시켜먹었어 하하",
            "speaker": {
              "id": "1번",
              "sex": "여성",
              "age": "20대"
            },
            "speechAct": "(단언) 주장하기",
            "morpheme": "나/NP+오늘/MAG+연어/NNG+사시미/NNG+시켜/XSV+EC+먹/VV+었/EP+어/EC+하하/MAG"
          },
          {
            "id": 2,
            "text": "2 : 헐 나도 연어 사시미 진짜 좋아하는데!",
            "norm_text": "헐 나도 연어 사시미 진짜 좋아하는데!",
            "speaker": {
              "id": "2번",
              "sex": "여성",
              "age": "20대"
            },
            "speechAct": "(단언) 주장하기",
            "morpheme": "헐/IC+나/NP+도/JX+연어/NNG+사시미/NNG+진짜/MAG+좋/VA+아/EC+하/VV+는데/EC"
          },
          {
            "id": 3,
            "text": "3 : 와 나 연어 진짜 좋아하는데ㅠ",
            "norm_text": "와 나 연어 진짜 좋아하는데ㅠ",
            "speaker": {
              "id": "3번",
              "sex": "남성",
              "age": "30대"
            },
            "speechAct": "(단언) 주장하기",
            "morpheme": "와나/NNP+연어/NNG+진짜/MAG+좋/VA+아/EC+하/VV+는/ETM+데ㅠ/UNKNOWN"
          },
          {
            "id": 4,
            "text": "1 : 나 광어초밥도 같이 시켰잖아",
            "norm_text": "나 광어초밥도 같이 시켰잖아",
            "speaker": {
              "id": "1번",
              "sex": "여성",
              "age": "20대"
            },
            "speechAct": "(단언) 주장하기",
            "morpheme": "나/NP+광어/NNG+초밥/NNG+도/JX+같이/MAG+시켰/VV+EP+잖아/EC"
          },
          {
            "id": 5,
            "text": "2 : 연어 초밥 이런것도 되게 좋아해 키키",
            "norm_text": "연어 초밥 이런것도 되게 좋아해 키키",
            "speaker": {
              "id": "2번",
              "sex": "여성",
              "age": "20대"
            },
            "speechAct": "(단언) 주장하기",
            "morpheme": "연어/NNG+초밥/NNG+이런/MM+것/NNB+도/JX+되게/MAG+좋/VA+아/EC+해/VV+EC+키/NNG+키/XSV+ETN"
          },
          {
            "id": 6,
            "text": "2 : 연어 맛있어 키키",
            "norm_text": "연어 맛있어 키키",
            "speaker": {
              "id": "2번",
              "sex": "여성",
              "age": "20대"
            },
            "speechAct": "(단언) 주장하기",
            "morpheme": "연어/NNG+맛있/VA+어/EC+키/NNG+키/XSV+ETN"
          },
          {
            "id": 7,
            "text": "3 : 아... 맛있는거 혼자 다 시켜먹네",
            "norm_text": "아... 맛있는거 혼자 다 시켜먹네",
            "speaker": {
              "id": "3번",
              "sex": "남성",
              "age": "30대"
            },
            "speechAct": "(단언) 주장하기",
            "morpheme": "아/IC+./SY+맛있/VA+는/ETM+거/NNB+혼자/MAG+다시/MAG+켜/VV+EC+먹/VV+네/EC"
          },
          {
            "id": 8,
            "text": "1 : 사실 연어초밥 먹고 싶었는데ㅠㅠ",
            "norm_text": "사실 연어초밥 먹고 싶었는데ㅠㅠ",
            "speaker": {
              "id": "1번",
              "sex": "여성",
              "age": "20대"
            },
            "speechAct": "(단언) 주장하기",
            "morpheme": "사실/MAG+연어/NNG+초밥/NNG+먹/VV+고/EC+싶/VX+었/EP+는데/EC+ㅠㅠ/UNKNOWN"
          },
          {
            "id": 9,
            "text": "2 : 그러니까",
            "norm_text": "그러니까",
            "speaker": {
              "id": "2번",
              "sex": "여성",
              "age": "20대"
            },
            "speechAct": "(단언) 주장하기",
            "morpheme": "그러니까/MAJ"
          },
          {
            "id": 10,
            "text": "2 : 우리도 같이 불러서 먹자 ㅠㅠ",
            "norm_text": "우리도 같이 불러서 먹자 ㅠㅠ",
            "speaker": {
              "id": "2번",
              "sex": "여성",
              "age": "20대"
            },
            "speechAct": "(단언) 주장하기",
            "morpheme": "우리/NP+도/JX+같이/MAG+불러서/VV+EC+먹/VV+자/EC+ㅠㅠ/UNKNOWN"
          },
          {
            "id": 11,
            "text": "3 : 근데 연어, 연어라서 안먹은거야?",
            "norm_text": "근데 연어, 연어라서 안먹은거야?",
            "speaker": {
              "id": "3번",
              "sex": "남성",
              "age": "30대"
            },
            "speechAct": "(지시) 질문하기",
            "morpheme": "근데/MAJ+연어/NNG+,/SC+연어/NNG+라서/VCP+EC+안/MAG+먹/VV+은/ETM+거/NNB+야/VCP+EF"
          },
          {
            "id": 12,
            "text": "1 : 응 두개 겹쳐서 느끼할까봐",
            "norm_text": "응 두개 겹쳐서 느끼할까봐",
            "speaker": {
              "id": "1번",
              "sex": "여성",
              "age": "20대"
            },
            "speechAct": "(단언) 주장하기",
            "morpheme": "응/IC+두/MM+개/NNBC+겹쳐서/VV+EC+느끼/XR+할까봐/XSA+EC+VX+EC"
          },
          {
            "id": 13,
            "text": "2 : 광어 초밥에 가끔 백김치 올려서 주는거 맛있더라 하하",
            "norm_text": "광어 초밥에 가끔 백김치 올려서 주는거 맛있더라 하하",
            "speaker": {
              "id": "2번",
              "sex": "여성",
              "age": "20대"
            },
            "speechAct": "(단언) 주장하기",
            "morpheme": "광어/NNG+초밥/NNG+에/JKB+가끔/MAG+백김치/NNG+올려서/VV+EC+주/VX+는/ETM+거/NNB+맛있/VA+더라/EC+하하/MAG"
          },
          {
            "id": 14,
            "text": "3 : 키키 오... 사실 계속 먹으면 느끼하지ㅠ",
            "norm_text": "키키 오... 사실 계속 먹으면 느끼하지ㅠ",
            "speaker": {
              "id": "3번",
              "sex": "남성",
              "age": "30대"
            },
            "speechAct": "(단언) 주장하기",
            "morpheme": "키/NNG+키/VV+오/EF+./SY+사실계속먹으면느끼하지ㅠ/UNKNOWN"
          },
          {
            "id": 15,
            "text": "1 : 맞아 아니면 초생강 같이 먹어",
            "norm_text": "맞아 아니면 초생강 같이 먹어",
            "speaker": {
              "id": "1번",
              "sex": "여성",
              "age": "20대"
            },
            "speechAct": "(단언) 주장하기",
            "morpheme": "맞/VV+아/EC+아니/VCN+면/EC+초/XPN+생강/NNG+같이/JKB+먹/VV+어/EC"
          },
          {
            "id": 16,
            "text": "2 : 맞아 연어만 있으면 느끼 할 수도 있어 키키",
            "norm_text": "맞아 연어만 있으면 느끼 할 수도 있어 키키",
            "speaker": {
              "id": "2번",
              "sex": "여성",
              "age": "20대"
            },
            "speechAct": "(단언) 주장하기",
            "morpheme": "맞/VV+아/EC+연어/NNG+만/JX+있/VX+으면/EC+느끼/NNG+할/XSV+ETM+수/NNB+도/JX+있/VA+어/EC+키/NNG+키/XSV+ETN"
          },
          {
            "id": 17,
            "text": "2 : 잘 시켰네!",
            "norm_text": "잘 시켰네!",
            "speaker": {
              "id": "2번",
              "sex": "여성",
              "age": "20대"
            },
            "speechAct": "(단언) 주장하기",
            "morpheme": "잘/MAG+시켰/VV+EP+네/EF"
          },
          {
            "id": 18,
            "text": "3 : 키키 초생강 나는 그거 싫어ㅠ",
            "norm_text": "키키 초생강 나는 그거 싫어ㅠ",
            "speaker": {
              "id": "3번",
              "sex": "남성",
              "age": "30대"
            },
            "speechAct": "(단언) 주장하기",
            "morpheme": "키/NNG+키/XSV+ETN+초/XPN+생강/NNG+나/NP+는/JX+그거/NP+싫/VA+어/EC+ㅠ/UNKNOWN"
          },
          {
            "id": 19,
            "text": "1 : 나도 별로 안좋아하는데 입가심~",
            "norm_text": "나도 별로 안좋아하는데 입가심~",
            "speaker": {
              "id": "1번",
              "sex": "여성",
              "age": "20대"
            },
            "speechAct": "(단언) 주장하기",
            "morpheme": "나/NP+도/JX+별로/MAG+안/MAG+좋아하/VV+는데/EC+입가심/NNG+~/SY"
          },
          {
            "id": 20,
            "text": "2 : 나도 초생강 그건 잘 안 먹게 되더라 키키",
            "norm_text": "나도 초생강 그건 잘 안 먹게 되더라 키키",
            "speaker": {
              "id": "2번",
              "sex": "여성",
              "age": "20대"
            },
            "speechAct": "(단언) 주장하기",
            "morpheme": "나/NP+도/JX+초/XPN+생강/NNG+그건/NP+JX+잘/MAG+안/MAG+먹/VV+게/EC+되/VV+더라/EC+키/NNG+키/XSV+ETN"
          },
          {
            "id": 21,
            "text": "3 : 키키 입가심은 역시 아이스 아메리카노!",
            "norm_text": "키키 입가심은 역시 아이스 아메리카노!",
            "speaker": {
              "id": "3번",
              "sex": "남성",
              "age": "30대"
            },
            "speechAct": "(단언) 주장하기",
            "morpheme": "키/NNG+키/NNG+입가심/NNG+은/JX+역시/MAJ+아이스/NNP+아메리카노/NNP"
          }
        ]
      }
    }
  ]
}