{
  "dataset": {
    "identifier": 127916,
    "name": "NATEON_38_11_set",
    "src_path": "/data/file/cubeManager/PROJECT001/84/txt20211108181225057418/NATEON_38_11_set/",
    "label_path": "/data/file/cubeManager/PROJECT001/84/txt20211108181225057418/NATEON_38_11_set/",
    "category": 2,
    "type": 0
  },
  "licenses": {
    "name": "Apache License 1.0",
    "url": "http://www.apache.org/licenses/LICENSE-1.0"
  },
  "info": [
    {
      "id": 141875,
      "filename": "NATEON_38_11.txt",
      "title": "NATEON_38_11",
      "mediatype": "메신저",
      "medianame": "네이트온",
      "category": "일상대화",
      "date": "2021-11-08",
      "size": 411,
      "annotations": {
        "subject": "게임",
        "speaker_type": "다자간 대화",
        "size": 411,
        "word_size": 146,
        "text": "1 : 나 오늘 심심해서 테트리스함 키키\n2 : 맞아 심심할 때 게임 하면 시간 금방 가 키키\n3 : 나도 테트리스 엄청 많이 했는데 키키\n1 : 폰 게임에 테트리스 있더라고?\n2 : 오 모바일로 게임 나왔어?\n3 : 대박 나도 한번 해야겠다 키키\n1 : 간만에 하니까 옛날 생각 나더라 하하\n2 : 폰으로 하는 건 안 어려워?\n3 : 폰으로 하는 게 더 재미 있을 듯 키키\n1 : 역시 빈 공간을 찾는 건 어려웠어... 폰으로 쉬워\n2 : 집중도 더 잘 될 거 같긴 해 키키\n3 : 그거 만나서 대결 하자 키키\n1 : 공간을 못 찾아서 계속 죽었어 키키\n2 : 좀 익숙해지면 잘 찾을 거야 키키\n3 : 맞아 익숙해지면 금방 해 키키\n1 : 그래 오늘 다들 깔아서 들어와 키키\n2 : 그래 오늘 다같이 테트리스 하자 키키\n3 : 게임 하다가 오늘 잠 못 잘 듯 키키",
        "lines": [
          {
            "id": 1,
            "text": "1 : 나 오늘 심심해서 테트리스함 키키",
            "norm_text": "나 오늘 심심해서 테트리스함 키키",
            "speaker": {
              "id": "1번",
              "sex": "여성",
              "age": "20대"
            },
            "speechAct": "(단언) 진술하기",
            "morpheme": "나/NP+오늘/MAG+심심/XR+해서/XSA+EC+테트리스/NNP+함/XSA+ETN+키/NNG+키/XSV+ETN"
          },
          {
            "id": 2,
            "text": "2 : 맞아 심심할 때 게임 하면 시간 금방 가 키키",
            "norm_text": "맞아 심심할 때 게임 하면 시간 금방 가 키키",
            "speaker": {
              "id": "2번",
              "sex": "여성",
              "age": "20대"
            },
            "speechAct": "(단언) 주장하기",
            "morpheme": "맞/VV+아/EC+심심/XR+할/XSA+ETM+때/NNG+게임/NNG+하/XSV+면/EC+시간/NNG+금방/MAG+가/VV+EC+키/NNG+키/XSV+ETN"
          },
          {
            "id": 3,
            "text": "3 : 나도 테트리스 엄청 많이 했는데 키키",
            "norm_text": "나도 테트리스 엄청 많이 했는데 키키",
            "speaker": {
              "id": "3번",
              "sex": "남성",
              "age": "20대"
            },
            "speechAct": "(단언) 진술하기",
            "morpheme": "나/NP+도/JX+테트리스/NNP+엄청/MAG+많이/MAG+했/VV+EP+는데/EC+키/NNG+키/XSV+ETN"
          },
          {
            "id": 4,
            "text": "1 : 폰 게임에 테트리스 있더라고?",
            "norm_text": "폰 게임에 테트리스 있더라고?",
            "speaker": {
              "id": "1번",
              "sex": "여성",
              "age": "20대"
            },
            "speechAct": "(지시) 질문하기",
            "morpheme": "폰/NNP+게임/NNG+에/JKB+테트리스/NNP+있/VV+더라고/EF"
          },
          {
            "id": 5,
            "text": "2 : 오 모바일로 게임 나왔어?",
            "norm_text": "오 모바일로 게임 나왔어?",
            "speaker": {
              "id": "2번",
              "sex": "여성",
              "age": "20대"
            },
            "speechAct": "(지시) 질문하기",
            "morpheme": "오/IC+모바일/NNP+로/JKB+게임/NNG+나왔/VV+EP+어/EF"
          },
          {
            "id": 6,
            "text": "3 : 대박 나도 한번 해야겠다 키키",
            "norm_text": "대박 나도 한번 해야겠다 키키",
            "speaker": {
              "id": "3번",
              "sex": "남성",
              "age": "20대"
            },
            "speechAct": "(단언) 주장하기",
            "morpheme": "대박/NNG+나/NP+도/JX+한/MM+번/NNBC+해야/VV+EC+VX+겠/EP+다키키/NNP"
          },
          {
            "id": 7,
            "text": "1 : 간만에 하니까 옛날 생각 나더라 하하",
            "norm_text": "간만에 하니까 옛날 생각 나더라 하하",
            "speaker": {
              "id": "1번",
              "sex": "여성",
              "age": "20대"
            },
            "speechAct": "(단언) 진술하기",
            "morpheme": "간만/NNG+에/JKB+하/VV+니까/EC+옛날/NNG+생각/NNG+나/NP+더라/VCP+EC+하하/MAG"
          },
          {
            "id": 8,
            "text": "2 : 폰으로 하는 건 안 어려워?",
            "norm_text": "폰으로 하는 건 안 어려워?",
            "speaker": {
              "id": "2번",
              "sex": "여성",
              "age": "20대"
            },
            "speechAct": "(지시) 질문하기",
            "morpheme": "폰/NNG+으로/JKB+하/VV+는/ETM+건/NNB+JX+안/MAG+어려워/VA+EF"
          },
          {
            "id": 9,
            "text": "3 : 폰으로 하는 게 더 재미 있을 듯 키키",
            "norm_text": "폰으로 하는 게 더 재미 있을 듯 키키",
            "speaker": {
              "id": "3번",
              "sex": "남성",
              "age": "20대"
            },
            "speechAct": "(단언) 진술하기",
            "morpheme": "폰/NNG+으로/JKB+하/VV+는/ETM+게/NNB+JKS+더/MAG+재미있/VA+을/ETM+듯/NNB+키/NNG+키/XSV+ETN"
          },
          {
            "id": 10,
            "text": "1 : 역시 빈 공간을 찾는 건 어려웠어... 폰으로 쉬워",
            "norm_text": "역시 빈 공간을 찾는 건 어려웠어... 폰으로 쉬워",
            "speaker": {
              "id": "1번",
              "sex": "여성",
              "age": "20대"
            },
            "speechAct": "(단언) 진술하기",
            "morpheme": "역시/MAJ+빈/VV+ETM+공간/NNG+을/JKO+찾/VV+는/ETM+건/NNB+JX+어려웠/VA+EP+어/EF+./SY+폰/NNG+으로/JKB+쉬워/VA+EC"
          },
          {
            "id": 11,
            "text": "2 : 집중도 더 잘 될 거 같긴 해 키키",
            "norm_text": "집중도 더 잘 될 거 같긴 해 키키",
            "speaker": {
              "id": "2번",
              "sex": "여성",
              "age": "20대"
            },
            "speechAct": "(단언) 진술하기",
            "morpheme": "집중/NNG+도/JX+더/MAG+잘/MAG+될/VV+ETM+거/NNB+같/VA+긴/ETN+JX+해/VX+EC+키/NNG+키/XSV+ETN"
          },
          {
            "id": 12,
            "text": "3 : 그거 만나서 대결 하자 키키",
            "norm_text": "그거 만나서 대결 하자 키키",
            "speaker": {
              "id": "3번",
              "sex": "남성",
              "age": "20대"
            },
            "speechAct": "(단언) 주장하기",
            "morpheme": "그거/NP+만나/VV+서/EC+대결/NNG+하/XSV+자/EC+키/NNG+키/XSV+ETN"
          },
          {
            "id": 13,
            "text": "1 : 공간을 못 찾아서 계속 죽었어 키키",
            "norm_text": "공간을 못 찾아서 계속 죽었어 키키",
            "speaker": {
              "id": "1번",
              "sex": "여성",
              "age": "20대"
            },
            "speechAct": "(단언) 진술하기",
            "morpheme": "공간/NNG+을/JKO+못/MAG+찾/VV+아서/EC+계속/MAG+죽/VV+었/EP+어/EC+키/NNG+키/XSV+ETN"
          },
          {
            "id": 14,
            "text": "2 : 좀 익숙해지면 잘 찾을 거야 키키",
            "norm_text": "좀 익숙해지면 잘 찾을 거야 키키",
            "speaker": {
              "id": "2번",
              "sex": "여성",
              "age": "20대"
            },
            "speechAct": "(단언) 주장하기",
            "morpheme": "좀/MAG+익숙/XR+해/XSA+EC+지/VX+면/EC+잘/MAG+찾/VV+을/ETM+거/NNB+야/VCP+EF+키/NNG+키/XSV+ETN"
          },
          {
            "id": 15,
            "text": "3 : 맞아 익숙해지면 금방 해 키키",
            "norm_text": "맞아 익숙해지면 금방 해 키키",
            "speaker": {
              "id": "3번",
              "sex": "남성",
              "age": "20대"
            },
            "speechAct": "(단언) 주장하기",
            "morpheme": "맞/VV+아/EC+익숙/XR+해/XSA+EC+지/VX+면/EC+금방/MAG+해/VV+EC+키/NNG+키/XSV+ETN"
          },
          {
            "id": 16,
            "text": "1 : 그래 오늘 다들 깔아서 들어와 키키",
            "norm_text": "그래 오늘 다들 깔아서 들어와 키키",
            "speaker": {
              "id": "1번",
              "sex": "여성",
              "age": "20대"
            },
            "speechAct": "(단언) 주장하기",
            "morpheme": "그래/IC+오늘/MAG+다/MAG+들/XSN+깔/VV+아서/EC+들어와/VV+EC+키/NNG+키/XSV+ETN"
          },
          {
            "id": 17,
            "text": "2 : 그래 오늘 다같이 테트리스 하자 키키",
            "norm_text": "그래 오늘 다같이 테트리스 하자 키키",
            "speaker": {
              "id": "2번",
              "sex": "여성",
              "age": "20대"
            },
            "speechAct": "(단언) 주장하기",
            "morpheme": "그래/IC+오늘/MAG+다/MAG+같이/MAG+테트리스/NNP+하/VV+자/EC+키/NNG+키/XSV+ETN"
          },
          {
            "id": 18,
            "text": "3 : 게임 하다가 오늘 잠 못 잘 듯 키키",
            "norm_text": "게임 하다가 오늘 잠 못 잘 듯 키키",
            "speaker": {
              "id": "3번",
              "sex": "남성",
              "age": "20대"
            },
            "speechAct": "(단언) 진술하기",
            "morpheme": "게임/NNG+하/XSV+다가/EC+오늘/MAG+잠/NNG+못/MAG+잘/VV+ETM+듯/NNB+키/NNG+키/XSV+ETN"
          }
        ]
      }
    }
  ]
}