{
  "dataset": {
    "identifier": 112131,
    "name": "NATEON_32_03_set",
    "src_path": "/data/file/cubeManager/PROJECT001/80/txt20211102173312072915/NATEON_32_03_set/",
    "label_path": "/data/file/cubeManager/PROJECT001/80/txt20211102173312072915/NATEON_32_03_set/",
    "category": 2,
    "type": 0
  },
  "licenses": {
    "name": "Apache License 1.0",
    "url": "http://www.apache.org/licenses/LICENSE-1.0"
  },
  "info": [
    {
      "id": 131835,
      "filename": "NATEON_32_03.txt",
      "title": "NATEON_32_03",
      "mediatype": "메신저",
      "medianame": "네이트온",
      "category": "일상대화",
      "date": "2021-11-02",
      "size": 474,
      "annotations": {
        "subject": "교통",
        "speaker_type": "다자간 대화",
        "size": 474,
        "word_size": 152,
        "text": "1 : 요즘 우리 동기는 자전거타고 출퇴근해\n2 : 헉 자전거 지금 타기엔 너무 춥지 않아?\n3 : 왜? 너무 불편하지 않을까?\n1 : 전에 버스타다가 사고가 나서 이후로 못탄대ㅠ\n2 : 아 그치 사고 한번 나면 무서워서 못 탈 듯 ㅠㅠ\n3 : 아... 그런거면 너무 힘들겠다ㅠ\n1 : 응 그래서 지하철만 겨우 타고다닌데\n2 : 그거 극복 잘 해내야 할텐데 ㅠㅠ\n3 : 아... 아무래도 트라우마가 심한가보네\n1 : 응 근데 회사 근처에 바로 집이 있어서 괜찮대 하하\n2 : 응 근처 아니면 일 다니기 힘들겠어 ㅠㅠ\n3 : 그럼 건강도 챙기고 더 좋네 하하\n1 : 그래서 나도 한번 따라서 자전거로 출퇴근 해보려고 키키\n2 : 맞아 자전거 타다보면 건강도 챙기고 좋지!\n2 : 너도 같이 도전 해봐 하하\n3 : 키키 아 그게 가능하겠냐 너가!\n1 : 왜... 출퇴근하는데 에너지 뿜뿜 이거든?\n2 : 오 장난 아닌데?\n2 : 의욕이 넘쳐 하하\n3 : 음~ 아마도 일주일간다고 본다~",
        "lines": [
          {
            "id": 1,
            "text": "1 : 요즘 우리 동기는 자전거타고 출퇴근해",
            "norm_text": "요즘 우리 동기는 자전거타고 출퇴근해",
            "speaker": {
              "id": "1번",
              "sex": "여성",
              "age": "20대"
            },
            "speechAct": "(단언) 진술하기",
            "morpheme": "요즘/MAG+우리/NP+동기/NNG+는/JX+자전거/NNG+타/VV+고/EC+출퇴근/NNG+해/XSV+EC"
          },
          {
            "id": 2,
            "text": "2 : 헉 자전거 지금 타기엔 너무 춥지 않아?",
            "norm_text": "헉 자전거 지금 타기엔 너무 춥지 않아?",
            "speaker": {
              "id": "2번",
              "sex": "여성",
              "age": "20대"
            },
            "speechAct": "(지시) 질문하기",
            "morpheme": "헉/IC+자전거/NNG+지금/MAG+타/VV+기/ETN+엔/JKB+JX+너무/MAG+춥/VA+지/EC+않/VX+아/EF"
          },
          {
            "id": 3,
            "text": "3 : 왜? 너무 불편하지 않을까?",
            "norm_text": "왜? 너무 불편하지 않을까?",
            "speaker": {
              "id": "3번",
              "sex": "남성",
              "age": "30대"
            },
            "speechAct": "(지시) 질문하기",
            "morpheme": "왜/MAG+너무/MAG+불편/NNG+하/XSV+지/EC+않/VX+을까/EF"
          },
          {
            "id": 4,
            "text": "1 : 전에 버스타다가 사고가 나서 이후로 못탄대ㅠ",
            "norm_text": "전에 버스타다가 사고가 나서 이후로 못탄대ㅠ",
            "speaker": {
              "id": "1번",
              "sex": "여성",
              "age": "20대"
            },
            "speechAct": "(단언) 진술하기",
            "morpheme": "전/NNG+에/JKB+버스/NNG+타/VV+다가/EC+사고/NNG+가/JKS+나/NP+서/JKB+이후/NNG+로/JKB+못/MAG+탄대/VV+EF+ㅠ/UNKNOWN"
          },
          {
            "id": 5,
            "text": "2 : 아 그치 사고 한번 나면 무서워서 못 탈 듯 ㅠㅠ",
            "norm_text": "아 그치 사고 한번 나면 무서워서 못 탈 듯 ㅠㅠ",
            "speaker": {
              "id": "2번",
              "sex": "여성",
              "age": "20대"
            },
            "speechAct": "(단언) 진술하기",
            "morpheme": "아/IC+그치/IC+사고/NNG+한/MM+번/NNBC+나/VV+면/EC+무서워서/VA+EC+못/MAG+탈/VV+듯/EC+ㅠㅠ/UNKNOWN"
          },
          {
            "id": 6,
            "text": "3 : 아... 그런거면 너무 힘들겠다ㅠ",
            "norm_text": "아... 그런거면 너무 힘들겠다ㅠ",
            "speaker": {
              "id": "3번",
              "sex": "남성",
              "age": "30대"
            },
            "speechAct": "(단언) 주장하기",
            "morpheme": "아/IC+./SY+그런/MM+거/NNB+면/VCP+EC+너무/MAG+힘들/VA+겠/EP+다ㅠ/UNKNOWN"
          },
          {
            "id": 7,
            "text": "1 : 응 그래서 지하철만 겨우 타고다닌데",
            "norm_text": "응 그래서 지하철만 겨우 타고다닌데",
            "speaker": {
              "id": "1번",
              "sex": "여성",
              "age": "20대"
            },
            "speechAct": "(단언) 진술하기",
            "morpheme": "응/IC+그래서/MAJ+지하철/NNG+만/JX+겨우/MAG+타/VV+고/EC+다닌/VV+ETM+데/NNB"
          },
          {
            "id": 8,
            "text": "2 : 그거 극복 잘 해내야 할텐데 ㅠㅠ",
            "norm_text": "그거 극복 잘 해내야 할텐데 ㅠㅠ",
            "speaker": {
              "id": "2번",
              "sex": "여성",
              "age": "20대"
            },
            "speechAct": "(단언) 주장하기",
            "morpheme": "그거/NP+극복/NNG+잘/MAG+해내/VV+야/EC+할/VX+ETM+텐데/NNB+VCP+EC+ㅠㅠ/UNKNOWN"
          },
          {
            "id": 9,
            "text": "3 : 아... 아무래도 트라우마가 심한가보네",
            "norm_text": "아... 아무래도 트라우마가 심한가보네",
            "speaker": {
              "id": "3번",
              "sex": "남성",
              "age": "30대"
            },
            "speechAct": "(단언) 주장하기",
            "morpheme": "아/IC+./SY+아무래도/MAG+트라우마/NNP+가/JKS+심한가/VA+EC+보/VX+네/EC"
          },
          {
            "id": 10,
            "text": "1 : 응 근데 회사 근처에 바로 집이 있어서 괜찮대 하하",
            "norm_text": "응 근데 회사 근처에 바로 집이 있어서 괜찮대 하하",
            "speaker": {
              "id": "1번",
              "sex": "여성",
              "age": "20대"
            },
            "speechAct": "(단언) 진술하기",
            "morpheme": "응/IC+근데/MAJ+회사/NNG+근처/NNG+에/JKB+바로/MAG+집/NNG+이/JKS+있/VV+어서/EC+괜찮/VA+대/EF+하하/MAG"
          },
          {
            "id": 11,
            "text": "2 : 응 근처 아니면 일 다니기 힘들겠어 ㅠㅠ",
            "norm_text": "응 근처 아니면 일 다니기 힘들겠어 ㅠㅠ",
            "speaker": {
              "id": "2번",
              "sex": "여성",
              "age": "20대"
            },
            "speechAct": "(단언) 진술하기",
            "morpheme": "응/IC+근처/NNG+아니/VCN+면/EC+일/NNG+다니/VV+기/ETN+힘들/VA+겠/EP+어/EF+ㅠㅠ/UNKNOWN"
          },
          {
            "id": 12,
            "text": "3 : 그럼 건강도 챙기고 더 좋네 하하",
            "norm_text": "그럼 건강도 챙기고 더 좋네 하하",
            "speaker": {
              "id": "3번",
              "sex": "남성",
              "age": "30대"
            },
            "speechAct": "(단언) 주장하기",
            "morpheme": "그럼/MAJ+건강/NNG+도/JX+챙기/VV+고/EC+더/MAG+좋/VA+네/EF+하하/MAG"
          },
          {
            "id": 13,
            "text": "1 : 그래서 나도 한번 따라서 자전거로 출퇴근 해보려고 키키",
            "norm_text": "그래서 나도 한번 따라서 자전거로 출퇴근 해보려고 키키",
            "speaker": {
              "id": "1번",
              "sex": "여성",
              "age": "20대"
            },
            "speechAct": "(단언) 주장하기",
            "morpheme": "그래서/MAJ+나/NP+도/JX+한/MM+번/NNBC+따라서/VV+EC+자전거/NNG+로/JKB+출퇴근/NNG+해/XSV+EC+보/VX+려고/EC+키/NNG+키/XSV+ETN"
          },
          {
            "id": 14,
            "text": "2 : 맞아 자전거 타다보면 건강도 챙기고 좋지!",
            "norm_text": "맞아 자전거 타다보면 건강도 챙기고 좋지!",
            "speaker": {
              "id": "2번",
              "sex": "여성",
              "age": "20대"
            },
            "speechAct": "(단언) 진술하기",
            "morpheme": "맞/VV+아/EC+자전거/NNG+타/VV+다/EC+보/VX+면/EC+건강/NNG+도/JX+챙기/VV+고/EC+좋/VA+지/EF"
          },
          {
            "id": 15,
            "text": "2 : 너도 같이 도전 해봐 하하",
            "norm_text": "너도 같이 도전 해봐 하하",
            "speaker": {
              "id": "2번",
              "sex": "여성",
              "age": "20대"
            },
            "speechAct": "(단언) 주장하기",
            "morpheme": "너/NP+도/JX+같이/MAG+도전/NNG+해/XSV+EC+봐/VX+EF+하하/MAG"
          },
          {
            "id": 16,
            "text": "3 : 키키 아 그게 가능하겠냐 너가!",
            "norm_text": "키키 아 그게 가능하겠냐 너가!",
            "speaker": {
              "id": "3번",
              "sex": "남성",
              "age": "30대"
            },
            "speechAct": "(단언) 주장하기",
            "morpheme": "키키/NNP+아/JKV+그게/NP+JKS+가능/NNG+하/XSV+겠/EP+냐/EF+너/NP+가/JKS"
          },
          {
            "id": 17,
            "text": "1 : 왜... 출퇴근하는데 에너지 뿜뿜 이거든?",
            "norm_text": "왜... 출퇴근하는데 에너지 뿜뿜 이거든?",
            "speaker": {
              "id": "1번",
              "sex": "여성",
              "age": "20대"
            },
            "speechAct": "(단언) 주장하기",
            "morpheme": "왜/MAG+./SY+출퇴근하는데에너지뿜뿜이거든/UNKNOWN"
          },
          {
            "id": 18,
            "text": "2 : 오 장난 아닌데?",
            "norm_text": "오 장난 아닌데?",
            "speaker": {
              "id": "2번",
              "sex": "여성",
              "age": "20대"
            },
            "speechAct": "(단언) 주장하기",
            "morpheme": "오/NR+장난/NNG+아닌데/VCN+EF"
          },
          {
            "id": 19,
            "text": "2 : 의욕이 넘쳐 하하",
            "norm_text": "의욕이 넘쳐 하하",
            "speaker": {
              "id": "2번",
              "sex": "여성",
              "age": "20대"
            },
            "speechAct": "(단언) 주장하기",
            "morpheme": "의욕이넘쳐하하/UNKNOWN"
          },
          {
            "id": 20,
            "text": "3 : 음~ 아마도 일주일간다고 본다~",
            "norm_text": "음~ 아마도 일주일간다고 본다~",
            "speaker": {
              "id": "3번",
              "sex": "남성",
              "age": "30대"
            },
            "speechAct": "(단언) 주장하기",
            "morpheme": "음/IC+~/SY+아마도/MAG+일/NR+주일/NNBC+간다고/VV+EC+본다/VV+EC+~/SY"
          }
        ]
      }
    }
  ]
}