{
  "dataset": {
    "identifier": 129749,
    "name": "NATEON_42_18_set",
    "src_path": "/data/file/cubeManager/PROJECT001/84/txt20211104173553020375/NATEON_42_18_set/",
    "label_path": "/data/file/cubeManager/PROJECT001/84/txt20211104173553020375/NATEON_42_18_set/",
    "category": 2,
    "type": 0
  },
  "licenses": {
    "name": "Apache License 1.0",
    "url": "http://www.apache.org/licenses/LICENSE-1.0"
  },
  "info": [
    {
      "id": 137245,
      "filename": "NATEON_42_18.txt",
      "title": "NATEON_42_18",
      "mediatype": "메신저",
      "medianame": "네이트온",
      "category": "일상대화",
      "date": "2021-11-04",
      "size": 438,
      "annotations": {
        "subject": "상거래 전반",
        "speaker_type": "다자간 대화",
        "size": 438,
        "word_size": 155,
        "text": "1 : 너희 이번에 네이버 라이브 쇼 봤어?\n2 : 네이버 라이브 쇼?\n2 : 거기서 라이브 노래 부르는 거야?\n3 : 아니\n3 : 라이브 쇼 그게 뭐야?\n1 : 가끔 네이버 쇼핑에서 라방으로 물건 파는 거\n2 : 아 배민에서도 그런 거 하는 거 같던데 키키\n3 : 오 그러면 뭐가 좋은 건데?\n1 : 라방에서 실시간으로 파니까 더 저렴해\n2 : 맞아\n2 : 그거 진짜 저렴하게 잘 나오더라 키키\n3 : 아 나는 왜 그런 걸 잘 모르냐 키키\n1 : 응 그래서 저렴한데 쿠폰도 먹일 수 있어\n2 : 오 대박 쿠폰도 중복 적용이 되는 거야?\n3 : 다음에 라방 뜨면 나도 알려 줘 ㅠ\n1 : 응 그때 내가 알람 맞춰 놓을께\n2 : 어 좋은 나오면 바로 알려 줘!\n3 : 네이버 쇼핑 앱 있으면 깔아야지\n1 : 네이버 앱으로 바로 들어가도 될 꺼야!\n2 : pc 버전도 되나 한번 봐야겠다 키키\n3 : 아 꿀팁 고맙다 진짜!",
        "lines": [
          {
            "id": 1,
            "text": "1 : 너희 이번에 네이버 라이브 쇼 봤어?",
            "norm_text": "너희 이번에 네이버 라이브 쇼 봤어?",
            "speaker": {
              "id": "1번",
              "sex": "여성",
              "age": "20대"
            },
            "speechAct": "(지시) 질문하기",
            "morpheme": "너희/NP+이번/NNG+에/JKB+네이버/NNP+라이브/NNG+쇼/JX+봤/VV+EP+어/EF"
          },
          {
            "id": 2,
            "text": "2 : 네이버 라이브 쇼?",
            "norm_text": "네이버 라이브 쇼?",
            "speaker": {
              "id": "2번",
              "sex": "여성",
              "age": "20대"
            },
            "speechAct": "턴토크 사인(관습적 반응)",
            "morpheme": "네이버/NNP+라이브/NNG+쇼/VCP+EP+EF"
          },
          {
            "id": 3,
            "text": "2 : 거기서 라이브 노래 부르는 거야?",
            "norm_text": "거기서 라이브 노래 부르는 거야?",
            "speaker": {
              "id": "2번",
              "sex": "여성",
              "age": "20대"
            },
            "speechAct": "(지시) 질문하기",
            "morpheme": "거기/NP+서/JKB+라이브/NNG+노래/NNG+부르/VV+는/ETM+거/NNB+야/VCP+EF"
          },
          {
            "id": 4,
            "text": "3 : 아니",
            "norm_text": "아니",
            "speaker": {
              "id": "3번",
              "sex": "남성",
              "age": "20대"
            },
            "speechAct": "(단언) 진술하기",
            "morpheme": "아니/IC"
          },
          {
            "id": 5,
            "text": "3 : 라이브 쇼 그게 뭐야?",
            "norm_text": "라이브 쇼 그게 뭐야?",
            "speaker": {
              "id": "3번",
              "sex": "남성",
              "age": "20대"
            },
            "speechAct": "(지시) 질문하기",
            "morpheme": "라이브/NNG+쇼/JX+그게/NP+JKS+뭐/NP+야/VCP+EF"
          },
          {
            "id": 6,
            "text": "1 : 가끔 네이버 쇼핑에서 라방으로 물건 파는 거",
            "norm_text": "가끔 네이버 쇼핑에서 라방으로 물건 파는 거",
            "speaker": {
              "id": "1번",
              "sex": "여성",
              "age": "20대"
            },
            "speechAct": "(단언) 진술하기",
            "morpheme": "가끔/MAG+네이버/NNP+쇼핑/NNG+에서/JKB+라방/NNP+으로/JKB+물건/NNG+파/VV+는/ETM+거/NNB"
          },
          {
            "id": 7,
            "text": "2 : 아 배민에서도 그런 거 하는 거 같던데 키키",
            "norm_text": "아 배민에서도 그런 거 하는 거 같던데 키키",
            "speaker": {
              "id": "2번",
              "sex": "여성",
              "age": "20대"
            },
            "speechAct": "(단언) 진술하기",
            "morpheme": "아/IC+배민/NNG+에서/JKB+도/JX+그런/MM+거/NNB+하/VV+는/ETM+거/NNB+같/VA+던데/EC+키/NNG+키/XSV+ETN"
          },
          {
            "id": 8,
            "text": "3 : 오 그러면 뭐가 좋은 건데?",
            "norm_text": "오 그러면 뭐가 좋은 건데?",
            "speaker": {
              "id": "3번",
              "sex": "남성",
              "age": "20대"
            },
            "speechAct": "(지시) 질문하기",
            "morpheme": "오/IC+그러면/MAJ+뭐/NP+가/JKS+좋/VA+은/ETM+건데/NNB+VCP+EF"
          },
          {
            "id": 9,
            "text": "1 : 라방에서 실시간으로 파니까 더 저렴해",
            "norm_text": "라방에서 실시간으로 파니까 더 저렴해",
            "speaker": {
              "id": "1번",
              "sex": "여성",
              "age": "20대"
            },
            "speechAct": "(단언) 진술하기",
            "morpheme": "라방/NNP+에서/JKB+실시간/NNG+으로/JKB+파/VV+니까/EC+더/MAG+저렴/XR+해/XSA+EC"
          },
          {
            "id": 10,
            "text": "2 : 맞아",
            "norm_text": "맞아",
            "speaker": {
              "id": "2번",
              "sex": "여성",
              "age": "20대"
            },
            "speechAct": "(단언) 주장하기",
            "morpheme": "맞/VV+아/EC"
          },
          {
            "id": 11,
            "text": "2 : 그거 진짜 저렴하게 잘 나오더라 키키",
            "norm_text": "그거 진짜 저렴하게 잘 나오더라 키키",
            "speaker": {
              "id": "2번",
              "sex": "여성",
              "age": "20대"
            },
            "speechAct": "(단언) 주장하기",
            "morpheme": "그거/NP+진짜/MAG+저렴/XR+하/XSA+게/EC+잘/MAG+나오/VV+더라/EC+키/NNG+키/XSV+ETN"
          },
          {
            "id": 12,
            "text": "3 : 아 나는 왜 그런 걸 잘 모르냐 키키",
            "norm_text": "아 나는 왜 그런 걸 잘 모르냐 키키",
            "speaker": {
              "id": "3번",
              "sex": "남성",
              "age": "20대"
            },
            "speechAct": "(단언) 주장하기",
            "morpheme": "아/IC+나/NP+는/JX+왜/MAG+그런/MM+걸/NNB+JKO+잘/MAG+모르/VV+냐/EC+키/NNG+키/XSV+ETN"
          },
          {
            "id": 13,
            "text": "1 : 응 그래서 저렴한데 쿠폰도 먹일 수 있어",
            "norm_text": "응 그래서 저렴한데 쿠폰도 먹일 수 있어",
            "speaker": {
              "id": "1번",
              "sex": "여성",
              "age": "20대"
            },
            "speechAct": "(단언) 진술하기",
            "morpheme": "응/IC+그래서/MAJ+저렴/XR+한데/XSA+EC+쿠폰/NNG+도/JX+먹일/VV+ETM+수/NNB+있/VV+어/EC"
          },
          {
            "id": 14,
            "text": "2 : 오 대박 쿠폰도 중복 적용이 되는 거야?",
            "norm_text": "오 대박 쿠폰도 중복 적용이 되는 거야?",
            "speaker": {
              "id": "2번",
              "sex": "여성",
              "age": "20대"
            },
            "speechAct": "(지시) 질문하기",
            "morpheme": "오/NR+대박/NNG+쿠폰/NNG+도/JX+중복/NNG+적용/NNG+이/JKS+되/VV+는/ETM+거/NNB+야/VCP+EF"
          },
          {
            "id": 15,
            "text": "3 : 다음에 라방 뜨면 나도 알려 줘 ㅠ",
            "norm_text": "다음에 라방 뜨면 나도 알려 줘 ㅠ",
            "speaker": {
              "id": "3번",
              "sex": "남성",
              "age": "20대"
            },
            "speechAct": "(지시) 명령/요구하기",
            "morpheme": "다음/NNG+에/JKB+라방/NNP+뜨/VV+면/EC+나/NP+도/JX+알려줘/VV+EC+VX+EC+ㅠ/UNKNOWN"
          },
          {
            "id": 16,
            "text": "1 : 응 그때 내가 알람 맞춰 놓을께",
            "norm_text": "응 그때 내가 알람 맞춰 놓을께",
            "speaker": {
              "id": "1번",
              "sex": "여성",
              "age": "20대"
            },
            "speechAct": "(언약) 약속하기(제3자와)/(개인적 수준)",
            "morpheme": "응/IC+그때/NNG+내/NP+가/JKS+알/VV+람/EC+맞춰/VV+EC+놓/VX+을께/EC"
          },
          {
            "id": 17,
            "text": "2 : 어 좋은 나오면 바로 알려 줘!",
            "norm_text": "어 좋은 나오면 바로 알려 줘!",
            "speaker": {
              "id": "2번",
              "sex": "여성",
              "age": "20대"
            },
            "speechAct": "(지시) 명령/요구하기",
            "morpheme": "어/IC+좋/VA+은/ETM+나오/VV+면/EC+바로/MAG+알려/VV+EC+줘/VX+EF"
          },
          {
            "id": 18,
            "text": "3 : 네이버 쇼핑 앱 있으면 깔아야지",
            "norm_text": "네이버 쇼핑 앱 있으면 깔아야지",
            "speaker": {
              "id": "3번",
              "sex": "남성",
              "age": "20대"
            },
            "speechAct": "(언약) 약속하기(제3자와)/(개인적 수준)",
            "morpheme": "네이버/NNP+쇼핑/NNG+앱/NNG+있/VV+으면/EC+깔/VV+아야지/EC"
          },
          {
            "id": 19,
            "text": "1 : 네이버 앱으로 바로 들어가도 될 꺼야!",
            "norm_text": "네이버 앱으로 바로 들어가도 될 꺼야!",
            "speaker": {
              "id": "1번",
              "sex": "여성",
              "age": "20대"
            },
            "speechAct": "(단언) 주장하기",
            "morpheme": "네이버/NNP+앱/NNG+으로/JKB+바로/MAG+들어가/VV+EC+도/JX+될/VV+ETM+꺼/NNB+VCP+야/EF"
          },
          {
            "id": 20,
            "text": "2 : pc 버전도 되나 한번 봐야겠다 키키",
            "norm_text": "pc 버전도 되나 한번 봐야겠다 키키",
            "speaker": {
              "id": "2번",
              "sex": "여성",
              "age": "20대"
            },
            "speechAct": "(언약) 약속하기(제3자와)/(개인적 수준)",
            "morpheme": "pc/SL+버전/NNG+도/JX+되/VV+나/EC+한/MM+번/NNBC+봐야/VV+EC+VX+겠/EP+다키키/NNP"
          },
          {
            "id": 21,
            "text": "3 : 아 꿀팁 고맙다 진짜!",
            "norm_text": "아 꿀팁 고맙다 진짜!",
            "speaker": {
              "id": "3번",
              "sex": "남성",
              "age": "20대"
            },
            "speechAct": "(표현) 감사하기",
            "morpheme": "아/IC+꿀/NNG+팁/NNG+고맙/VA+다/EF+진짜/MAG"
          }
        ]
      }
    }
  ]
}