{
  "dataset": {
    "identifier": 113412,
    "name": "NATEON_36_20_set",
    "src_path": "/data/file/cubeManager/PROJECT001/80/txt20211103174750046034/NATEON_36_20_set/",
    "label_path": "/data/file/cubeManager/PROJECT001/80/txt20211103174750046034/NATEON_36_20_set/",
    "category": 2,
    "type": 0
  },
  "licenses": {
    "name": "Apache License 1.0",
    "url": "http://www.apache.org/licenses/LICENSE-1.0"
  },
  "info": [
    {
      "id": 136262,
      "filename": "NATEON_36_20.txt",
      "title": "NATEON_36_20",
      "mediatype": "메신저",
      "medianame": "네이트온",
      "category": "일상대화",
      "date": "2021-11-03",
      "size": 448,
      "annotations": {
        "subject": "영화/만화",
        "speaker_type": "다자간 대화",
        "size": 448,
        "word_size": 150,
        "text": "1 : 나 한소희한테 푹 빠졌다...\n2 : 어 맞아 나도 너무 이뻐\n3 : 키키 너 이번엔 한소희한테 빠진 거냐~\n1 : 아니 넷플 보는데 너무 이쁘고 멋있고...\n2 : 나 부부의 세계 나올 때부터 빠져버림 키키\n3 : 맞아 이쁘고 멋있고 혼자 다 해\n1 : 부부의 세계 나도 봤잖아...\n2 : 그래서 한소희 나온다는 말 듣고 마이네임 본 거잖아 ㅠㅠ\n2 : 진짜 혼자 다 해\n3 : 키키 아니 너무 안 무겁고 좋더라\n1 : 응 마냥 무겁지는 않았어\n2 : 웅 이것도 시즌2 나오려나?\n3 : 맞아 무겁기만 하면 좀 그랬을 텐데\n1 : 아마 시즌2 나오지 않을까?\n2 : 근데 끝날 때 너무 마지막처럼 끝나서 안 나올 거 같기도 하고...\n3 : 박희순 죽었잖아 ㅠㅠ 안 나오잖아 이제\n1 : 그 사람 안 나오면 안되...\n1 : 살려내\n2 : 그러니까... 그 분도 불사신 한번 하자...\n3 : 맞아 그 분도 진짜 멋있는데 ㅠ",
        "lines": [
          {
            "id": 1,
            "text": "1 : 나 한소희한테 푹 빠졌다...",
            "norm_text": "나 한소희한테 푹 빠졌다...",
            "speaker": {
              "id": "1번",
              "sex": "여성",
              "age": "20대"
            },
            "speechAct": "(단언) 주장하기",
            "morpheme": "나/NP+한/MM+소희/NNG+한테/JKB+푹/MAG+빠졌/VV+EP+다/EF+./SY"
          },
          {
            "id": 2,
            "text": "2 : 어 맞아 나도 너무 이뻐",
            "norm_text": "어 맞아 나도 너무 이뻐",
            "speaker": {
              "id": "2번",
              "sex": "여성",
              "age": "20대"
            },
            "speechAct": "(단언) 주장하기",
            "morpheme": "어/IC+맞아/IC+나/NP+도/JX+너무/MAG+이뻐/VA+EC"
          },
          {
            "id": 3,
            "text": "3 : 키키 너 이번엔 한소희한테 빠진 거냐~",
            "norm_text": "키키 너 이번엔 한소희한테 빠진 거냐~",
            "speaker": {
              "id": "3번",
              "sex": "남성",
              "age": "20대"
            },
            "speechAct": "(단언) 주장하기",
            "morpheme": "키/NNG+키너/NNP+이번/NNG+엔/JKB+JX+한/MM+소희/NNG+한테/JKB+빠진/VV+ETM+거/NNB+냐/VCP+EC+~/SY"
          },
          {
            "id": 4,
            "text": "1 : 아니 넷플 보는데 너무 이쁘고 멋있고...",
            "norm_text": "아니 넷플 보는데 너무 이쁘고 멋있고...",
            "speaker": {
              "id": "1번",
              "sex": "여성",
              "age": "20대"
            },
            "speechAct": "(단언) 주장하기",
            "morpheme": "아니/IC+넷/NR+플/NNG+보/VV+는데/EC+너무/MAG+이쁘/VA+고/EC+멋있/VA+고/EC+./SY+./SY"
          },
          {
            "id": 5,
            "text": "2 : 나 부부의 세계 나올 때부터 빠져버림 키키",
            "norm_text": "나 부부의 세계 나올 때부터 빠져버림 키키",
            "speaker": {
              "id": "2번",
              "sex": "여성",
              "age": "20대"
            },
            "speechAct": "(단언) 주장하기",
            "morpheme": "나/NP+부부/NNG+의/JKG+세계/NNG+나올/VV+ETM+때/NNG+부터/JX+빠져/VV+EC+버림/VX+ETN+키/NNG+키/XSV+ETN"
          },
          {
            "id": 6,
            "text": "3 : 맞아 이쁘고 멋있고 혼자 다 해",
            "norm_text": "맞아 이쁘고 멋있고 혼자 다 해",
            "speaker": {
              "id": "3번",
              "sex": "남성",
              "age": "20대"
            },
            "speechAct": "(단언) 주장하기",
            "morpheme": "맞/VV+아/EC+이쁘/VA+고/EC+멋있/VA+고/EC+혼자/NNG+다/MAG+해/VV+EC"
          },
          {
            "id": 7,
            "text": "1 : 부부의 세계 나도 봤잖아...",
            "norm_text": "부부의 세계 나도 봤잖아...",
            "speaker": {
              "id": "1번",
              "sex": "여성",
              "age": "20대"
            },
            "speechAct": "(단언) 주장하기",
            "morpheme": "부부/NNG+의/JKG+세계/NNG+나/NP+도/JX+봤/VV+EP+잖아/EF+./SY"
          },
          {
            "id": 8,
            "text": "2 : 그래서 한소희 나온다는 말 듣고 마이네임 본 거잖아 ㅠㅠ",
            "norm_text": "그래서 한소희 나온다는 말 듣고 마이네임 본 거잖아 ㅠㅠ",
            "speaker": {
              "id": "2번",
              "sex": "여성",
              "age": "20대"
            },
            "speechAct": "(단언) 주장하기",
            "morpheme": "그래서/MAJ+한/MM+소희/NNG+나온다는/VV+ETM+말/NNG+듣/VV+고/EC+마이네임/NNP+본/VV+ETM+거/NNB+잖아/VCP+EC+VX+EC+ㅠㅠ/UNKNOWN"
          },
          {
            "id": 9,
            "text": "2 : 진짜 혼자 다 해",
            "norm_text": "진짜 혼자 다 해",
            "speaker": {
              "id": "2번",
              "sex": "여성",
              "age": "20대"
            },
            "speechAct": "(단언) 주장하기",
            "morpheme": "진짜/MAG+혼자/MAG+다/MAG+해/VV+EC"
          },
          {
            "id": 10,
            "text": "3 : 키키 아니 너무 안 무겁고 좋더라",
            "norm_text": "키키 아니 너무 안 무겁고 좋더라",
            "speaker": {
              "id": "3번",
              "sex": "남성",
              "age": "20대"
            },
            "speechAct": "(단언) 주장하기",
            "morpheme": "키/NNG+키/XSV+ETN+아니/VCN+너무/MAG+안/MAG+무겁/VA+고/EC+좋/VA+더라/EC"
          },
          {
            "id": 11,
            "text": "1 : 응 마냥 무겁지는 않았어",
            "norm_text": "응 마냥 무겁지는 않았어",
            "speaker": {
              "id": "1번",
              "sex": "여성",
              "age": "20대"
            },
            "speechAct": "(단언) 주장하기",
            "morpheme": "응/IC+마냥/MAG+무겁/VA+지/EC+는/JX+않/VX+았/EP+어/EC"
          },
          {
            "id": 12,
            "text": "2 : 웅 이것도 시즌2 나오려나?",
            "norm_text": "웅 이것도 시즌2 나오려나?",
            "speaker": {
              "id": "2번",
              "sex": "여성",
              "age": "20대"
            },
            "speechAct": "(지시) 질문하기",
            "morpheme": "웅/IC+이것/NP+도/JX+시즌/NNG+2/SN+나오/VV+려나/EF"
          },
          {
            "id": 13,
            "text": "3 : 맞아 무겁기만 하면 좀 그랬을 텐데",
            "norm_text": "맞아 무겁기만 하면 좀 그랬을 텐데",
            "speaker": {
              "id": "3번",
              "sex": "남성",
              "age": "20대"
            },
            "speechAct": "(단언) 주장하기",
            "morpheme": "맞/VV+아/EC+무겁/VA+기/ETN+만/JX+하/VV+면/EC+좀/MAG+그랬/VV+EP+을/ETM+텐데/NNB+VCP+EC"
          },
          {
            "id": 14,
            "text": "1 : 아마 시즌2 나오지 않을까?",
            "norm_text": "아마 시즌2 나오지 않을까?",
            "speaker": {
              "id": "1번",
              "sex": "여성",
              "age": "20대"
            },
            "speechAct": "(지시) 질문하기",
            "morpheme": "아마/MAG+시즌/NNG+2/SN+나오/VV+지/EC+않/VX+을까/EF"
          },
          {
            "id": 15,
            "text": "2 : 근데 끝날 때 너무 마지막처럼 끝나서 안 나올 거 같기도 하고...",
            "norm_text": "근데 끝날 때 너무 마지막처럼 끝나서 안 나올 거 같기도 하고...",
            "speaker": {
              "id": "2번",
              "sex": "여성",
              "age": "20대"
            },
            "speechAct": "(단언) 주장하기",
            "morpheme": "근데/MAJ+끝/NNG+날/NNG+때/NNG+너무/MAG+마지막/NNG+처럼/JKB+끝나/VV+서/EC+안/MAG+나올/VV+ETM+거/NNB+같/VA+기/ETN+도/JX+하/VV+고/EC+./SY+./SY"
          },
          {
            "id": 16,
            "text": "3 : 박희순 죽었잖아 ㅠㅠ 안 나오잖아 이제",
            "norm_text": "박희순 죽었잖아 ㅠㅠ 안 나오잖아 이제",
            "speaker": {
              "id": "3번",
              "sex": "남성",
              "age": "20대"
            },
            "speechAct": "(단언) 주장하기",
            "morpheme": "박희순/NNP+죽/VV+었/EP+잖아/EF+ㅠㅠ/UNKNOWN+안/MAG+나오/VV+잖아/EF+이제/MAG"
          },
          {
            "id": 17,
            "text": "1 : 그 사람 안 나오면 안되...",
            "norm_text": "그 사람 안 나오면 안되...",
            "speaker": {
              "id": "1번",
              "sex": "여성",
              "age": "20대"
            },
            "speechAct": "(단언) 주장하기",
            "morpheme": "그/MM+사람/NNG+안/MAG+나오/VV+면/EC+안/MAG+되/VV+./SY"
          },
          {
            "id": 18,
            "text": "1 : 살려내",
            "norm_text": "살려내",
            "speaker": {
              "id": "1번",
              "sex": "여성",
              "age": "20대"
            },
            "speechAct": "(단언) 주장하기",
            "morpheme": "살려/VV+EC+내/VX+EC"
          },
          {
            "id": 19,
            "text": "2 : 그러니까... 그 분도 불사신 한번 하자...",
            "norm_text": "그러니까... 그 분도 불사신 한번 하자...",
            "speaker": {
              "id": "2번",
              "sex": "여성",
              "age": "20대"
            },
            "speechAct": "(단언) 주장하기",
            "morpheme": "그러니까/MAJ+./SY+그분/NP+도/JX+불사신/NNG+한/MM+번/NNBC+하/VV+자/EF+./SY"
          },
          {
            "id": 20,
            "text": "3 : 맞아 그 분도 진짜 멋있는데 ㅠ",
            "norm_text": "맞아 그 분도 진짜 멋있는데 ㅠ",
            "speaker": {
              "id": "3번",
              "sex": "남성",
              "age": "20대"
            },
            "speechAct": "(단언) 주장하기",
            "morpheme": "맞/VV+아/EC+그분/NP+도/JX+진짜/MAG+멋있/VA+는/ETM+데ㅠ/UNKNOWN"
          }
        ]
      }
    }
  ]
}