{
  "dataset": {
    "identifier": 123615,
    "name": "NATEON_45_05_set",
    "src_path": "/data/file/cubeManager/PROJECT001/84/txt20211105113423086066/NATEON_45_05_set/",
    "label_path": "/data/file/cubeManager/PROJECT001/84/txt20211105113423086066/NATEON_45_05_set/",
    "category": 2,
    "type": 0
  },
  "licenses": {
    "name": "Apache License 1.0",
    "url": "http://www.apache.org/licenses/LICENSE-1.0"
  },
  "info": [
    {
      "id": 138900,
      "filename": "NATEON_45_05.txt",
      "title": "NATEON_45_05",
      "mediatype": "메신저",
      "medianame": "네이트온",
      "category": "일상대화",
      "date": "2021-11-05",
      "size": 413,
      "annotations": {
        "subject": "군대",
        "speaker_type": "다자간 대화",
        "size": 413,
        "word_size": 148,
        "text": "1 : 너희 주변에 특전사 나온 사람 있어?\n2 : 음 나 한 두 명 있는 거 같아 키키\n3 : 키키 아니 내 주변엔 없어\n1 : 아니 이번에 강철부대 보는데 푹 빠졌다...\n2 : 아 강철부대 거기 사람들이 특전사 출신이야?\n3 : 키키 특전사들 다 그렇게 안 생겼어\n1 : 아니 부대 마다 나오던데?\n2 : 아 부대 마다 다 다르게 나오는 거야?\n2 : 나 몰라 안 봐 ㅠ\n3 : 거기 육군 해군만 나와\n1 : 너 왤케 티비를 안보냐 키키\n2 : 키키 나 진짜로 티비를 안 봐 미안해\n3 : 키키 너 나중에 다른 걸로 봐 바\n1 : 맞아 인터넷에 짤로 많아\n2 : 내가 또 유튭도 안 하잖아... 키키\n3 : 키키 아무튼 해군이 진짜 멋있게 나와\n1 : 맞아 ssu진짜 장난 아니더라 ㅠ\n2 : 후 나중에 찾게 되면 짤 보내줘 키키\n3 : 나도 해군이나 나올 걸 ㅠㅠ",
        "lines": [
          {
            "id": 1,
            "text": "1 : 너희 주변에 특전사 나온 사람 있어?",
            "norm_text": "너희 주변에 특전사 나온 사람 있어?",
            "speaker": {
              "id": "1번",
              "sex": "여성",
              "age": "20대"
            },
            "speechAct": "(지시) 질문하기",
            "morpheme": "너희/NP+주변/NNG+에/JKB+특전/NNG+사/VV+EC+나온/VV+ETM+사람/NNG+있/VA+어/EF"
          },
          {
            "id": 2,
            "text": "2 : 음 나 한 두 명 있는 거 같아 키키",
            "norm_text": "음 나 한 두 명 있는 거 같아 키키",
            "speaker": {
              "id": "2번",
              "sex": "여성",
              "age": "20대"
            },
            "speechAct": "(단언) 진술하기",
            "morpheme": "음/IC+나/NP+한두/MM+명/NNBC+있/VA+는/ETM+거/NNB+같/VA+아/EC+키/NNG+키/XSV+ETN"
          },
          {
            "id": 3,
            "text": "3 : 키키 아니 내 주변엔 없어",
            "norm_text": "키키 아니 내 주변엔 없어",
            "speaker": {
              "id": "3번",
              "sex": "남성",
              "age": "20대"
            },
            "speechAct": "(단언) 주장하기",
            "morpheme": "키/NNG+키/XSV+ETN+아니/VCN+내/NP+JKG+주변/NNG+엔/JKB+JX+없/VA+어/EC"
          },
          {
            "id": 4,
            "text": "1 : 아니 이번에 강철부대 보는데 푹 빠졌다...",
            "norm_text": "아니 이번에 강철부대 보는데 푹 빠졌다...",
            "speaker": {
              "id": "1번",
              "sex": "여성",
              "age": "20대"
            },
            "speechAct": "(단언) 진술하기",
            "morpheme": "아니/IC+이번/NNG+에/JKB+강철/NNG+부대/NNG+보/VV+는데/EC+푹/MAG+빠졌/VV+EP+다/EF+./SY"
          },
          {
            "id": 5,
            "text": "2 : 아 강철부대 거기 사람들이 특전사 출신이야?",
            "norm_text": "아 강철부대 거기 사람들이 특전사 출신이야?",
            "speaker": {
              "id": "2번",
              "sex": "여성",
              "age": "20대"
            },
            "speechAct": "(지시) 질문하기",
            "morpheme": "아/IC+강철/NNG+부대/NNG+거기/NP+사람/NNG+들/XSN+이/JKS+특전/NNG+사/NR+출신/NNG+이/VCP+야/EF"
          },
          {
            "id": 6,
            "text": "3 : 키키 특전사들 다 그렇게 안 생겼어",
            "norm_text": "키키 특전사들 다 그렇게 안 생겼어",
            "speaker": {
              "id": "3번",
              "sex": "남성",
              "age": "20대"
            },
            "speechAct": "(단언) 진술하기",
            "morpheme": "키/NNG+키/NNG+특전/NNG+사/NNG+들/XSN+다/MAG+그렇게/MAG+안/MAG+생겼/VV+EP+어/EC"
          },
          {
            "id": 7,
            "text": "1 : 아니 부대 마다 나오던데?",
            "norm_text": "아니 부대 마다 나오던데?",
            "speaker": {
              "id": "1번",
              "sex": "여성",
              "age": "20대"
            },
            "speechAct": "(단언) 진술하기",
            "morpheme": "아니/IC+부대/NNG+마다/JX+나오/VV+던데/EF"
          },
          {
            "id": 8,
            "text": "2 : 아 부대 마다 다 다르게 나오는 거야?",
            "norm_text": "아 부대 마다 다 다르게 나오는 거야?",
            "speaker": {
              "id": "2번",
              "sex": "여성",
              "age": "20대"
            },
            "speechAct": "(지시) 질문하기",
            "morpheme": "아/IC+부대/NNG+마다/JX+다/MAG+다르/VA+게/EC+나오/VV+는/ETM+거/NNB+야/VCP+EF"
          },
          {
            "id": 9,
            "text": "2 : 나 몰라 안 봐 ㅠ",
            "norm_text": "나 몰라 안 봐 ㅠ",
            "speaker": {
              "id": "2번",
              "sex": "여성",
              "age": "20대"
            },
            "speechAct": "(단언) 주장하기",
            "morpheme": "나몰라안봐ㅠ/UNKNOWN"
          },
          {
            "id": 10,
            "text": "3 : 거기 육군 해군만 나와",
            "norm_text": "거기 육군 해군만 나와",
            "speaker": {
              "id": "3번",
              "sex": "남성",
              "age": "20대"
            },
            "speechAct": "(단언) 주장하기",
            "morpheme": "거기/NP+육군/NNG+해군/NNG+만/JX+나와/VV+EC"
          },
          {
            "id": 11,
            "text": "1 : 너 왤케 티비를 안보냐 키키",
            "norm_text": "너 왤케 티비를 안보냐 키키",
            "speaker": {
              "id": "1번",
              "sex": "여성",
              "age": "20대"
            },
            "speechAct": "(지시) 질문하기",
            "morpheme": "너/NP+왤케/UNKNOWN+티비/NNG+를/JKO+안/MAG+보/VV+냐/EC+키/NNG+키/XSV+ETN"
          },
          {
            "id": 12,
            "text": "2 : 키키 나 진짜로 티비를 안 봐 미안해",
            "norm_text": "키키 나 진짜로 티비를 안 봐 미안해",
            "speaker": {
              "id": "2번",
              "sex": "여성",
              "age": "20대"
            },
            "speechAct": "(단언) 주장하기",
            "morpheme": "키/NNG+키나/XSA+ETN+JX+진짜로/MAG+티비/NNG+를/JKO+안/MAG+봐/VV+EC+미안/NNG+해/XSV+EC"
          },
          {
            "id": 13,
            "text": "3 : 키키 너 나중에 다른 걸로 봐 바",
            "norm_text": "키키 너 나중에 다른 걸로 봐 바",
            "speaker": {
              "id": "3번",
              "sex": "남성",
              "age": "20대"
            },
            "speechAct": "(지시) 충고/제안하기",
            "morpheme": "키/NNG+키너/NNP+나중/NNG+에/JKB+다른/MM+걸로/NNB+JKB+봐/VV+바/EC"
          },
          {
            "id": 14,
            "text": "1 : 맞아 인터넷에 짤로 많아",
            "norm_text": "맞아 인터넷에 짤로 많아",
            "speaker": {
              "id": "1번",
              "sex": "여성",
              "age": "20대"
            },
            "speechAct": "(단언) 주장하기",
            "morpheme": "맞/VV+아/EC+인터넷/NNG+에/JKB+짤/VV+ETM+로/JKB+많/VA+아/EC"
          },
          {
            "id": 15,
            "text": "2 : 내가 또 유튭도 안 하잖아... 키키",
            "norm_text": "내가 또 유튭도 안 하잖아... 키키",
            "speaker": {
              "id": "2번",
              "sex": "여성",
              "age": "20대"
            },
            "speechAct": "(단언) 진술하기",
            "morpheme": "내가또유튭도안하잖아/UNKNOWN+./SY+키/NNG+키/XSV+ETN"
          },
          {
            "id": 16,
            "text": "3 : 키키 아무튼 해군이 진짜 멋있게 나와",
            "norm_text": "키키 아무튼 해군이 진짜 멋있게 나와",
            "speaker": {
              "id": "3번",
              "sex": "남성",
              "age": "20대"
            },
            "speechAct": "(단언) 진술하기",
            "morpheme": "키/NNG+키/XSV+ETN+아무튼/MAJ+해군/NNG+이/JKS+진짜/MAG+멋있/VA+게/EC+나와/VV+EC"
          },
          {
            "id": 17,
            "text": "1 : 맞아 ssu진짜 장난 아니더라 ㅠ",
            "norm_text": "맞아 ssu진짜 장난 아니더라 ㅠ",
            "speaker": {
              "id": "1번",
              "sex": "여성",
              "age": "20대"
            },
            "speechAct": "(단언) 진술하기",
            "morpheme": "맞/VV+아/EC+ssu/SL+진짜장난아니더라ㅠ/UNKNOWN"
          },
          {
            "id": 18,
            "text": "2 : 후 나중에 찾게 되면 짤 보내줘 키키",
            "norm_text": "후 나중에 찾게 되면 짤 보내줘 키키",
            "speaker": {
              "id": "2번",
              "sex": "여성",
              "age": "20대"
            },
            "speechAct": "(지시) 부탁하기",
            "morpheme": "후/NNG+나중/NNG+에/JKB+찾/VV+게/EC+되/VV+면/EC+짤/VV+ETM+보내/VV+줘/EC+VV+EC+키/NNG+키/XSV+ETN"
          },
          {
            "id": 19,
            "text": "3 : 나도 해군이나 나올 걸 ㅠㅠ",
            "norm_text": "나도 해군이나 나올 걸 ㅠㅠ",
            "speaker": {
              "id": "3번",
              "sex": "남성",
              "age": "20대"
            },
            "speechAct": "(단언) 주장하기",
            "morpheme": "나/NP+도/JX+해군/NNG+이나/JX+나올/VV+ETM+걸/NNB+JKO+ㅠㅠ/UNKNOWN"
          }
        ]
      }
    }
  ]
}