{
  "dataset": {
    "identifier": 127907,
    "name": "NATEON_38_02_set",
    "src_path": "/data/file/cubeManager/PROJECT001/84/txt20211108181225049183/NATEON_38_02_set/",
    "label_path": "/data/file/cubeManager/PROJECT001/84/txt20211108181225049183/NATEON_38_02_set/",
    "category": 2,
    "type": 0
  },
  "licenses": {
    "name": "Apache License 1.0",
    "url": "http://www.apache.org/licenses/LICENSE-1.0"
  },
  "info": [
    {
      "id": 141866,
      "filename": "NATEON_38_02.txt",
      "title": "NATEON_38_02",
      "mediatype": "메신저",
      "medianame": "네이트온",
      "category": "일상대화",
      "date": "2021-11-08",
      "size": 403,
      "annotations": {
        "subject": "주거와 생활",
        "speaker_type": "다자간 대화",
        "size": 403,
        "word_size": 148,
        "text": "1 : 이번에 거실에 쇼파 바꿨어 키키\n2 : 오 쇼파 엄청 비싸던데 나라\n3 : 분위기 또 전환 시킨 거야?\n1 : 거실 분위기가 좀 어두운데 화사한 걸로\n2 : 응 집은 밝게 해두는 게 좋아 키키\n3 : 쇼파 푹신 한 걸로 했어?\n1 : 서로 분위기가 대조 되니까 너무 좋더라고\n2 : 너 감각 좋아서 알아서 잘 했을 듯\n3 : 한번 놀러 가서 바뀐 집 봐야겠네\n1 : 응 가서 다 앉아보고 샀지~\n2 : 응 앉아서 영화 보기 좋은 거 키키\n3 : 키키 맨날 집 쇼파에 누워있겠다\n1 : 다음에 놀러 오면 너무 바뀌어있어서 놀랄 걸 하하\n2 : 오 그 정도야?\n2 : 그럼 오빠랑 같이 놀러 갈게 키키\n3 : 응 나랑 같이 가자 키키\n1 : 응 시간 될 때 한번 놀러 와 하하\n2 : 응 좋아 집 구경 하러 갈게 키키\n3 : 날짜만 정해서 알려 줘~",
        "lines": [
          {
            "id": 1,
            "text": "1 : 이번에 거실에 쇼파 바꿨어 키키",
            "norm_text": "이번에 거실에 쇼파 바꿨어 키키",
            "speaker": {
              "id": "1번",
              "sex": "여성",
              "age": "20대"
            },
            "speechAct": "(단언) 진술하기",
            "morpheme": "이번/NNG+에/JKB+거실/NNG+에/JKB+쇼파/NNG+바꿨/VV+EP+어/EC+키/NNG+키/XSV+ETN"
          },
          {
            "id": 2,
            "text": "2 : 오 쇼파 엄청 비싸던데 나라",
            "norm_text": "오 쇼파 엄청 비싸던데 나라",
            "speaker": {
              "id": "2번",
              "sex": "여성",
              "age": "20대"
            },
            "speechAct": "(단언) 주장하기",
            "morpheme": "오/NR+쇼파/NNG+엄청/MAG+비싸/VA+던데/EC+나라/NNG"
          },
          {
            "id": 3,
            "text": "3 : 분위기 또 전환 시킨 거야?",
            "norm_text": "분위기 또 전환 시킨 거야?",
            "speaker": {
              "id": "3번",
              "sex": "남성",
              "age": "20대"
            },
            "speechAct": "(지시) 질문하기",
            "morpheme": "분위기/NNG+또/MAG+전환/NNG+시킨/XSV+ETM+거/NNB+야/VCP+EF"
          },
          {
            "id": 4,
            "text": "1 : 거실 분위기가 좀 어두운데 화사한 걸로",
            "norm_text": "거실 분위기가 좀 어두운데 화사한 걸로",
            "speaker": {
              "id": "1번",
              "sex": "여성",
              "age": "20대"
            },
            "speechAct": "(단언) 진술하기",
            "morpheme": "거실/NNG+분위기/NNG+가/JKS+좀/MAG+어두운데/VA+EC+화사/XR+한/XSA+ETM+걸로/NNB+JKB"
          },
          {
            "id": 5,
            "text": "2 : 응 집은 밝게 해두는 게 좋아 키키",
            "norm_text": "응 집은 밝게 해두는 게 좋아 키키",
            "speaker": {
              "id": "2번",
              "sex": "여성",
              "age": "20대"
            },
            "speechAct": "(단언) 주장하기",
            "morpheme": "응집/NNG+은/JX+밝/VA+게/EC+해/VV+EC+두/VX+는/ETM+게/NNB+JKS+좋/VA+아/EC+키/NNG+키/XSV+ETN"
          },
          {
            "id": 6,
            "text": "3 : 쇼파 푹신 한 걸로 했어?",
            "norm_text": "쇼파 푹신 한 걸로 했어?",
            "speaker": {
              "id": "3번",
              "sex": "남성",
              "age": "20대"
            },
            "speechAct": "(지시) 질문하기",
            "morpheme": "쇼파/NNG+푹신/XR+한/XSA+ETM+걸로/NNB+JKB+했/VV+EP+어/EF"
          },
          {
            "id": 7,
            "text": "1 : 서로 분위기가 대조 되니까 너무 좋더라고",
            "norm_text": "서로 분위기가 대조 되니까 너무 좋더라고",
            "speaker": {
              "id": "1번",
              "sex": "여성",
              "age": "20대"
            },
            "speechAct": "(단언) 주장하기",
            "morpheme": "서로/MAG+분위기/NNG+가/JKS+대조/NNG+되/XSV+니까/EC+너무/MAG+좋/VA+더라고/EC"
          },
          {
            "id": 8,
            "text": "2 : 너 감각 좋아서 알아서 잘 했을 듯",
            "norm_text": "너 감각 좋아서 알아서 잘 했을 듯",
            "speaker": {
              "id": "2번",
              "sex": "여성",
              "age": "20대"
            },
            "speechAct": "(단언) 주장하기",
            "morpheme": "너/NP+감각/NNG+좋/VA+아서/EC+알/VV+아서/EC+잘/MAG+했/VV+EP+을/ETM+듯/NNB"
          },
          {
            "id": 9,
            "text": "3 : 한번 놀러 가서 바뀐 집 봐야겠네",
            "norm_text": "한번 놀러 가서 바뀐 집 봐야겠네",
            "speaker": {
              "id": "3번",
              "sex": "남성",
              "age": "20대"
            },
            "speechAct": "(단언) 주장하기",
            "morpheme": "한/MM+번/NNBC+놀/VV+러/EC+가/VX+서/EC+바뀐/VV+ETM+집/NNG+봐야/VV+EC+VX+겠/EP+네/EF"
          },
          {
            "id": 10,
            "text": "1 : 응 가서 다 앉아보고 샀지~",
            "norm_text": "응 가서 다 앉아보고 샀지~",
            "speaker": {
              "id": "1번",
              "sex": "여성",
              "age": "20대"
            },
            "speechAct": "(단언) 주장하기",
            "morpheme": "응가/NNG+서/JKB+다/MAG+앉/VV+아/EC+보/VX+고/EC+샀/VV+EP+지/EC+~/SY"
          },
          {
            "id": 11,
            "text": "2 : 응 앉아서 영화 보기 좋은 거 키키",
            "norm_text": "응 앉아서 영화 보기 좋은 거 키키",
            "speaker": {
              "id": "2번",
              "sex": "여성",
              "age": "20대"
            },
            "speechAct": "(단언) 진술하기",
            "morpheme": "응/IC+앉/VV+아서/EC+영화/NNG+보/VV+기/ETN+좋/VA+은/ETM+거/NNB+키/NNG+키/XSV+ETN"
          },
          {
            "id": 12,
            "text": "3 : 키키 맨날 집 쇼파에 누워있겠다",
            "norm_text": "키키 맨날 집 쇼파에 누워있겠다",
            "speaker": {
              "id": "3번",
              "sex": "남성",
              "age": "20대"
            },
            "speechAct": "(단언) 주장하기",
            "morpheme": "키/NNG+키/NNG+맨날/MAG+집/NNG+쇼파/NNG+에/JKB+누워/VV+EC+있/VX+겠/EP+다/EC"
          },
          {
            "id": 13,
            "text": "1 : 다음에 놀러 오면 너무 바뀌어있어서 놀랄 걸 하하",
            "norm_text": "다음에 놀러 오면 너무 바뀌어있어서 놀랄 걸 하하",
            "speaker": {
              "id": "1번",
              "sex": "여성",
              "age": "20대"
            },
            "speechAct": "(단언) 주장하기",
            "morpheme": "다음/NNG+에/JKB+놀러오/VV+면/EC+너무/MAG+바뀌/VV+어/EC+있/VX+어서/EC+놀랄/VV+ETM+걸/NNB+JKO+하하/MAG"
          },
          {
            "id": 14,
            "text": "2 : 오 그 정도야?",
            "norm_text": "오 그 정도야?",
            "speaker": {
              "id": "2번",
              "sex": "여성",
              "age": "20대"
            },
            "speechAct": "(지시) 질문하기",
            "morpheme": "오/IC+그/MM+정도/NNG+야/VCP+EF"
          },
          {
            "id": 15,
            "text": "2 : 그럼 오빠랑 같이 놀러 갈게 키키",
            "norm_text": "그럼 오빠랑 같이 놀러 갈게 키키",
            "speaker": {
              "id": "2번",
              "sex": "여성",
              "age": "20대"
            },
            "speechAct": "(단언) 주장하기",
            "morpheme": "그럼/MAJ+오빠/NNG+랑/JKB+같이/MAG+놀/VV+러/EC+갈/VX+ETM+게/NNB+JKS+키/NNG+키/XSV+ETN"
          },
          {
            "id": 16,
            "text": "3 : 응 나랑 같이 가자 키키",
            "norm_text": "응 나랑 같이 가자 키키",
            "speaker": {
              "id": "3번",
              "sex": "남성",
              "age": "20대"
            },
            "speechAct": "(단언) 주장하기",
            "morpheme": "응/IC+나/NP+랑/JKB+같이/MAG+가/VV+자/EC+키/NNG+키/XSV+ETN"
          },
          {
            "id": 17,
            "text": "1 : 응 시간 될 때 한번 놀러 와 하하",
            "norm_text": "응 시간 될 때 한번 놀러 와 하하",
            "speaker": {
              "id": "1번",
              "sex": "여성",
              "age": "20대"
            },
            "speechAct": "(단언) 주장하기",
            "morpheme": "응/IC+시간/NNG+될/XSV+ETM+때/NNG+한/MM+번/NNBC+놀러와/VV+EF+하하/MAG"
          },
          {
            "id": 18,
            "text": "2 : 응 좋아 집 구경 하러 갈게 키키",
            "norm_text": "응 좋아 집 구경 하러 갈게 키키",
            "speaker": {
              "id": "2번",
              "sex": "여성",
              "age": "20대"
            },
            "speechAct": "(단언) 주장하기",
            "morpheme": "응/IC+좋/VA+아/EC+집/NNG+구경/NNG+하/XSV+러/EC+갈/VX+ETM+게/NNB+JKS+키/NNG+키/XSV+ETN"
          },
          {
            "id": 19,
            "text": "3 : 날짜만 정해서 알려 줘~",
            "norm_text": "날짜만 정해서 알려 줘~",
            "speaker": {
              "id": "3번",
              "sex": "남성",
              "age": "20대"
            },
            "speechAct": "(단언) 주장하기",
            "morpheme": "날짜/NNG+만/JX+정해서/VV+EC+알려줘/VV+EC+VX+EC+~/SY"
          }
        ]
      }
    }
  ]
}