{
  "dataset": {
    "identifier": 114574,
    "name": "NATEON_36_17_set",
    "src_path": "/data/file/cubeManager/PROJECT001/80/txt20211103174750043398/NATEON_36_17_set/",
    "label_path": "/data/file/cubeManager/PROJECT001/80/txt20211103174750043398/NATEON_36_17_set/",
    "category": 2,
    "type": 0
  },
  "licenses": {
    "name": "Apache License 1.0",
    "url": "http://www.apache.org/licenses/LICENSE-1.0"
  },
  "info": [
    {
      "id": 136259,
      "filename": "NATEON_36_17.txt",
      "title": "NATEON_36_17",
      "mediatype": "메신저",
      "medianame": "네이트온",
      "category": "일상대화",
      "date": "2021-11-03",
      "size": 407,
      "annotations": {
        "subject": "건강",
        "speaker_type": "다자간 대화",
        "size": 407,
        "word_size": 150,
        "text": "1 : 나 이번에 스트레스 너무 받아서 소화 불량 왔어 ㅠ\n2 : 왜 너 무슨 일 있어?\n3 : 아고 어떡해 ㅠ\n3 : 많이 심해?\n1 : 응 요즘 그냥 계속 더부룩하더라고\n2 : 아이고 그럼 죽 먹고 그래야겠네 ㅠㅠ\n3 : 너 병원은 찾아서 가봤어?\n1 : 아니 일단 약국에서 약만 샀어\n2 : 내일 병원 가 봐\n3 : 더 심해지면 빨리 병원 가고\n1 : 응 아무래도 그럴려고 했어\n2 : 응 속 아프면 괴로워 ㅠㅠ\n3 : 응 병은 방치하는 거 아니라고 했어\n1 : 맞아... 속 아픈 게 제일 아파 ㅠㅠ\n2 : 진짜 ㅠㅠ\n2 : 속 아픈 거 말로 설명 못 해 ㅠㅠ\n3 : 맞아 맛있는 것도 마음껏 못 먹고 ㅠ\n1 : 맞아 그게 제일 고통스럽다^^\n2 : 어 스트레스 너무 받지 말고 ㅠㅠ\n2 : 힐링 한번 하러 가!\n3 : 키키 역시 내 친구 그럴 줄 알았다~",
        "lines": [
          {
            "id": 1,
            "text": "1 : 나 이번에 스트레스 너무 받아서 소화 불량 왔어 ㅠ",
            "norm_text": "나 이번에 스트레스 너무 받아서 소화 불량 왔어 ㅠ",
            "speaker": {
              "id": "1번",
              "sex": "여성",
              "age": "20대"
            },
            "speechAct": "(단언) 진술하기",
            "morpheme": "나/NP+이번/NNG+에/JKB+스트레스/NNG+너무/MAG+받/VV+아서/EC+소화/NNG+불량/NNG+왔/VV+EP+어ㅠ/UNKNOWN"
          },
          {
            "id": 2,
            "text": "2 : 왜 너 무슨 일 있어?",
            "norm_text": "왜 너 무슨 일 있어?",
            "speaker": {
              "id": "2번",
              "sex": "여성",
              "age": "20대"
            },
            "speechAct": "(지시) 질문하기",
            "morpheme": "왜/MAG+너/NP+무슨/MM+일/NNG+있/VA+어/EF"
          },
          {
            "id": 3,
            "text": "3 : 아고 어떡해 ㅠ",
            "norm_text": "아고 어떡해 ㅠ",
            "speaker": {
              "id": "3번",
              "sex": "남성",
              "age": "20대"
            },
            "speechAct": "턴토크 사인(관습적 반응)",
            "morpheme": "아고어떡해ㅠ/UNKNOWN"
          },
          {
            "id": 4,
            "text": "3 : 많이 심해?",
            "norm_text": "많이 심해?",
            "speaker": {
              "id": "3번",
              "sex": "남성",
              "age": "20대"
            },
            "speechAct": "(지시) 질문하기",
            "morpheme": "많이/MAG+심해/VA+EF"
          },
          {
            "id": 5,
            "text": "1 : 응 요즘 그냥 계속 더부룩하더라고",
            "norm_text": "응 요즘 그냥 계속 더부룩하더라고",
            "speaker": {
              "id": "1번",
              "sex": "여성",
              "age": "20대"
            },
            "speechAct": "(단언) 진술하기",
            "morpheme": "응/IC+요즘/MAG+그냥/MAG+계속/MAG+더부룩/XR+하/XSA+더라고/EC"
          },
          {
            "id": 6,
            "text": "2 : 아이고 그럼 죽 먹고 그래야겠네 ㅠㅠ",
            "norm_text": "아이고 그럼 죽 먹고 그래야겠네 ㅠㅠ",
            "speaker": {
              "id": "2번",
              "sex": "여성",
              "age": "20대"
            },
            "speechAct": "(단언) 진술하기",
            "morpheme": "아이고/IC+그럼/MAJ+죽/MAG+먹/VV+고/EC+그래야/VA+EC+VX+겠/EP+네/EF+ㅠㅠ/UNKNOWN"
          },
          {
            "id": 7,
            "text": "3 : 너 병원은 찾아서 가봤어?",
            "norm_text": "너 병원은 찾아서 가봤어?",
            "speaker": {
              "id": "3번",
              "sex": "남성",
              "age": "20대"
            },
            "speechAct": "(지시) 질문하기",
            "morpheme": "너/NP+병원/NNG+은/JX+찾/VV+아서/EC+가/JKS+봤/VV+EP+어/EF"
          },
          {
            "id": 8,
            "text": "1 : 아니 일단 약국에서 약만 샀어",
            "norm_text": "아니 일단 약국에서 약만 샀어",
            "speaker": {
              "id": "1번",
              "sex": "여성",
              "age": "20대"
            },
            "speechAct": "(단언) 진술하기",
            "morpheme": "아니/IC+일단/MAG+약국/NNG+에서/JKB+약/NNG+만/JX+샀/VV+EP+어/EC"
          },
          {
            "id": 9,
            "text": "2 : 내일 병원 가 봐",
            "norm_text": "내일 병원 가 봐",
            "speaker": {
              "id": "2번",
              "sex": "여성",
              "age": "20대"
            },
            "speechAct": "(지시) 충고/제안하기",
            "morpheme": "내일/MAG+병원/NNG+가/JKC+봐/VV+EC"
          },
          {
            "id": 10,
            "text": "3 : 더 심해지면 빨리 병원 가고",
            "norm_text": "더 심해지면 빨리 병원 가고",
            "speaker": {
              "id": "3번",
              "sex": "남성",
              "age": "20대"
            },
            "speechAct": "(지시) 충고/제안하기",
            "morpheme": "더/MAG+심해/VA+EC+지/VX+면/EC+빨리/MAG+병원/NNG+가/VV+고/EC"
          },
          {
            "id": 11,
            "text": "1 : 응 아무래도 그럴려고 했어",
            "norm_text": "응 아무래도 그럴려고 했어",
            "speaker": {
              "id": "1번",
              "sex": "여성",
              "age": "20대"
            },
            "speechAct": "(단언) 진술하기",
            "morpheme": "응/IC+아무래도/MAG+그럴려고/VV+EC+했/VX+EP+어/EC"
          },
          {
            "id": 12,
            "text": "2 : 응 속 아프면 괴로워 ㅠㅠ",
            "norm_text": "응 속 아프면 괴로워 ㅠㅠ",
            "speaker": {
              "id": "2번",
              "sex": "여성",
              "age": "20대"
            },
            "speechAct": "(단언) 주장하기",
            "morpheme": "응속/NNG+아프/VA+면/EC+괴로워/VA+EC+ㅠㅠ/UNKNOWN"
          },
          {
            "id": 13,
            "text": "3 : 응 병은 방치하는 거 아니라고 했어",
            "norm_text": "응 병은 방치하는 거 아니라고 했어",
            "speaker": {
              "id": "3번",
              "sex": "남성",
              "age": "20대"
            },
            "speechAct": "(단언) 진술하기",
            "morpheme": "응/IC+병/NNG+은/JX+방치/NNG+하/XSV+는/ETM+거/NNB+아니/VCN+라고/EC+했/VX+EP+어/EC"
          },
          {
            "id": 14,
            "text": "1 : 맞아... 속 아픈 게 제일 아파 ㅠㅠ",
            "norm_text": "맞아... 속 아픈 게 제일 아파 ㅠㅠ",
            "speaker": {
              "id": "1번",
              "sex": "여성",
              "age": "20대"
            },
            "speechAct": "(단언) 주장하기",
            "morpheme": "맞/VV+아/EF+./SY+속아픈게제일아파ㅠㅠ/UNKNOWN"
          },
          {
            "id": 15,
            "text": "2 : 진짜 ㅠㅠ",
            "norm_text": "진짜 ㅠㅠ",
            "speaker": {
              "id": "2번",
              "sex": "여성",
              "age": "20대"
            },
            "speechAct": "턴토크 사인(관습적 반응)",
            "morpheme": "진짜ㅠㅠ/UNKNOWN"
          },
          {
            "id": 16,
            "text": "2 : 속 아픈 거 말로 설명 못 해 ㅠㅠ",
            "norm_text": "속 아픈 거 말로 설명 못 해 ㅠㅠ",
            "speaker": {
              "id": "2번",
              "sex": "여성",
              "age": "20대"
            },
            "speechAct": "(단언) 주장하기",
            "morpheme": "속/NNG+아픈/VA+ETM+거/NNB+말/NNG+로/JKB+설명/NNG+못/MAG+해/VV+EC+ㅠㅠ/UNKNOWN"
          },
          {
            "id": 17,
            "text": "3 : 맞아 맛있는 것도 마음껏 못 먹고 ㅠ",
            "norm_text": "맞아 맛있는 것도 마음껏 못 먹고 ㅠ",
            "speaker": {
              "id": "3번",
              "sex": "남성",
              "age": "20대"
            },
            "speechAct": "(단언) 진술하기",
            "morpheme": "맞/VV+아/EC+맛있/VA+는/ETM+것/NNB+도/JX+마음껏/MAG+못/MAG+먹/VV+고/EC+ㅠ/UNKNOWN"
          },
          {
            "id": 18,
            "text": "1 : 맞아 그게 제일 고통스럽다^^",
            "norm_text": "맞아 그게 제일 고통스럽다^^",
            "speaker": {
              "id": "1번",
              "sex": "여성",
              "age": "20대"
            },
            "speechAct": "(단언) 진술하기",
            "morpheme": "맞/VV+아/EC+그게/NP+JKS+제일/MAG+고통/NNG+스럽/XSA+다/EC+^/SY+^/SY"
          },
          {
            "id": 19,
            "text": "2 : 어 스트레스 너무 받지 말고 ㅠㅠ",
            "norm_text": "어 스트레스 너무 받지 말고 ㅠㅠ",
            "speaker": {
              "id": "2번",
              "sex": "여성",
              "age": "20대"
            },
            "speechAct": "(단언) 진술하기",
            "morpheme": "어/IC+스트레스/NNG+너무/MAG+받/VV+지/EC+말/VX+고/EC+ㅠㅠ/UNKNOWN"
          },
          {
            "id": 20,
            "text": "2 : 힐링 한번 하러 가!",
            "norm_text": "힐링 한번 하러 가!",
            "speaker": {
              "id": "2번",
              "sex": "여성",
              "age": "20대"
            },
            "speechAct": "(지시) 충고/제안하기",
            "morpheme": "힐링/NNG+한/MM+번/NNBC+하/VV+러/EC+가/VX+EF"
          },
          {
            "id": 21,
            "text": "3 : 키키 역시 내 친구 그럴 줄 알았다~",
            "norm_text": "키키 역시 내 친구 그럴 줄 알았다~",
            "speaker": {
              "id": "3번",
              "sex": "남성",
              "age": "20대"
            },
            "speechAct": "(단언) 진술하기",
            "morpheme": "키/NNG+키/XSV+ETN+역시/MAJ+내/MM+친구/NNG+그럴/VV+ETM+줄/NNB+알/VV+았/EP+다/EC+~/SY"
          }
        ]
      }
    }
  ]
}