{
  "dataset": {
    "identifier": 129760,
    "name": "NATEON_43_09_set",
    "src_path": "/data/file/cubeManager/PROJECT001/84/txt202111041735530293108/NATEON_43_09_set/",
    "label_path": "/data/file/cubeManager/PROJECT001/84/txt202111041735530293108/NATEON_43_09_set/",
    "category": 2,
    "type": 0
  },
  "licenses": {
    "name": "Apache License 1.0",
    "url": "http://www.apache.org/licenses/LICENSE-1.0"
  },
  "info": [
    {
      "id": 137256,
      "filename": "NATEON_43_09.txt",
      "title": "NATEON_43_09",
      "mediatype": "메신저",
      "medianame": "네이트온",
      "category": "일상대화",
      "date": "2021-11-04",
      "size": 415,
      "annotations": {
        "subject": "반려동물",
        "speaker_type": "다자간 대화",
        "size": 415,
        "word_size": 153,
        "text": "1 : 아유 밖에서 개가 너무 짖어\n2 : 아 그럼 잠 안 와\n3 : 우리 몽실이는 안 짖어 키키 아\n1 : 보통 밤에 잘 안 짖는데\n2 : 그러게 오늘 뭐 짜증 났나 보네 키키\n3 : 그치\n3 : 입마개 해야 하나\n3 : 그 강아지 왜 그런대\n1 : 주인이 교육을 잘 안 시키나 봐\n2 : 어어\n2 : 주인이 하지 말라고 해야 되는데 키키\n3 : 진짜 애기가 짜증 났나 보다 키키\n3 : 이해해\n1 : 요즘은 강아지 교육 받으러 가던데\n2 : 맞아\n2 : 강아지 학교도 있다고 하더라 키키\n3 : 주인이 그냥 프리한가 보다 키키\n1 : 애기들처럼 동물도 교육 잘해 주는데\n2 : 요즘 세상 진짜 좋아졌어 키키\n3 : 강아지 학교 우리 몽실이도 보내 볼까\n1 : 맞아\n1 : 강아지 유치원도 있어\n2 : 어 맞아\n2 : 유치원도 있다고 하더라 키키\n3 : 요즘 세상 진짜 좋아졌다 키키",
        "lines": [
          {
            "id": 1,
            "text": "1 : 아유 밖에서 개가 너무 짖어",
            "norm_text": "아유 밖에서 개가 너무 짖어",
            "speaker": {
              "id": "1번",
              "sex": "여성",
              "age": "20대"
            },
            "speechAct": "(단언) 주장하기",
            "morpheme": "아유/IC+밖/NNG+에서/JKB+개/NNG+가/JKS+너무/MAG+짖/VV+어/EC"
          },
          {
            "id": 2,
            "text": "2 : 아 그럼 잠 안 와",
            "norm_text": "아 그럼 잠 안 와",
            "speaker": {
              "id": "2번",
              "sex": "남성",
              "age": "20대"
            },
            "speechAct": "(단언) 주장하기",
            "morpheme": "아/IC+그럼/MAJ+잠/NNG+안/MAG+와/VV+EC"
          },
          {
            "id": 3,
            "text": "3 : 우리 몽실이는 안 짖어 키키 아",
            "norm_text": "우리 몽실이는 안 짖어 키키 아",
            "speaker": {
              "id": "3번",
              "sex": "남성",
              "age": "20대"
            },
            "speechAct": "(단언) 주장하기",
            "morpheme": "우리/NP+몽실이/NNP+는/JX+안/MAG+짖/VV+어/EC+키/NNG+키/VV+아/EC"
          },
          {
            "id": 4,
            "text": "1 : 보통 밤에 잘 안 짖는데",
            "norm_text": "보통 밤에 잘 안 짖는데",
            "speaker": {
              "id": "1번",
              "sex": "여성",
              "age": "20대"
            },
            "speechAct": "(단언) 주장하기",
            "morpheme": "보통/NNG+밤/NNG+에/JKB+잘/MAG+안/MAG+짖/VV+는데/EC"
          },
          {
            "id": 5,
            "text": "2 : 그러게 오늘 뭐 짜증 났나 보네 키키",
            "norm_text": "그러게 오늘 뭐 짜증 났나 보네 키키",
            "speaker": {
              "id": "2번",
              "sex": "남성",
              "age": "20대"
            },
            "speechAct": "(단언) 주장하기",
            "morpheme": "그러게/IC+오늘/MAG+뭐/IC+짜증/NNG+났/VV+EP+나/EC+보/VX+네/EF+키/NNG+키/XSV+ETN"
          },
          {
            "id": 6,
            "text": "3 : 그치",
            "norm_text": "그치",
            "speaker": {
              "id": "3번",
              "sex": "남성",
              "age": "20대"
            },
            "speechAct": "턴토크 사인(관습적 반응)",
            "morpheme": "그치/IC"
          },
          {
            "id": 7,
            "text": "3 : 입마개 해야 하나",
            "norm_text": "입마개 해야 하나",
            "speaker": {
              "id": "3번",
              "sex": "남성",
              "age": "20대"
            },
            "speechAct": "(단언) 주장하기",
            "morpheme": "입마개/NNG+해야/XSV+EC+하나/NR"
          },
          {
            "id": 8,
            "text": "3 : 그 강아지 왜 그런대",
            "norm_text": "그 강아지 왜 그런대",
            "speaker": {
              "id": "3번",
              "sex": "남성",
              "age": "20대"
            },
            "speechAct": "(단언) 주장하기",
            "morpheme": "그/MM+강아지/NNG+왜/MAG+그런대/VV+EC"
          },
          {
            "id": 9,
            "text": "1 : 주인이 교육을 잘 안 시키나 봐",
            "norm_text": "주인이 교육을 잘 안 시키나 봐",
            "speaker": {
              "id": "1번",
              "sex": "여성",
              "age": "20대"
            },
            "speechAct": "(단언) 주장하기",
            "morpheme": "주인/NNG+이/JKS+교육/NNG+을/JKO+잘/MAG+안/MAG+시키/VV+나/EC+봐/VX+EC"
          },
          {
            "id": 10,
            "text": "2 : 어어",
            "norm_text": "어어",
            "speaker": {
              "id": "2번",
              "sex": "남성",
              "age": "20대"
            },
            "speechAct": "턴토크 사인(관습적 반응)",
            "morpheme": "어/IC+어/IC"
          },
          {
            "id": 11,
            "text": "2 : 주인이 하지 말라고 해야 되는데 키키",
            "norm_text": "주인이 하지 말라고 해야 되는데 키키",
            "speaker": {
              "id": "2번",
              "sex": "남성",
              "age": "20대"
            },
            "speechAct": "(단언) 주장하기",
            "morpheme": "주인/NNG+이/JKS+하/VV+지/EC+말/VX+라고/EC+해야/VV+EC+되/VV+는데/EC+키/NNG+키/XSV+ETN"
          },
          {
            "id": 12,
            "text": "3 : 진짜 애기가 짜증 났나 보다 키키",
            "norm_text": "진짜 애기가 짜증 났나 보다 키키",
            "speaker": {
              "id": "3번",
              "sex": "남성",
              "age": "20대"
            },
            "speechAct": "(단언) 주장하기",
            "morpheme": "진짜/MAG+애기/NNG+가/JKS+짜증/NNG+났/VV+EP+나/NP+보다/JKB+키/NNG+키/XSV+ETN"
          },
          {
            "id": 13,
            "text": "3 : 이해해",
            "norm_text": "이해해",
            "speaker": {
              "id": "3번",
              "sex": "남성",
              "age": "20대"
            },
            "speechAct": "(단언) 주장하기",
            "morpheme": "이해/NNG+해/XSV+EC"
          },
          {
            "id": 14,
            "text": "1 : 요즘은 강아지 교육 받으러 가던데",
            "norm_text": "요즘은 강아지 교육 받으러 가던데",
            "speaker": {
              "id": "1번",
              "sex": "여성",
              "age": "20대"
            },
            "speechAct": "(단언) 주장하기",
            "morpheme": "요즘/NNG+은/JX+강아지/NNG+교육/NNG+받/VV+으러/EC+가/VX+던데/EC"
          },
          {
            "id": 15,
            "text": "2 : 맞아",
            "norm_text": "맞아",
            "speaker": {
              "id": "2번",
              "sex": "남성",
              "age": "20대"
            },
            "speechAct": "(단언) 주장하기",
            "morpheme": "맞/VV+아/EC"
          },
          {
            "id": 16,
            "text": "2 : 강아지 학교도 있다고 하더라 키키",
            "norm_text": "강아지 학교도 있다고 하더라 키키",
            "speaker": {
              "id": "2번",
              "sex": "남성",
              "age": "20대"
            },
            "speechAct": "(단언) 진술하기",
            "morpheme": "강아지/NNG+학교/NNG+도/JX+있/VA+다고/EC+하/VV+더라/EC+키/NNG+키/XSV+ETN"
          },
          {
            "id": 17,
            "text": "3 : 주인이 그냥 프리한가 보다 키키",
            "norm_text": "주인이 그냥 프리한가 보다 키키",
            "speaker": {
              "id": "3번",
              "sex": "남성",
              "age": "20대"
            },
            "speechAct": "(단언) 주장하기",
            "morpheme": "주인/NNG+이/JKS+그냥/MAG+프리/NNG+한가/XSA+EC+보/VX+다키키/NNP"
          },
          {
            "id": 18,
            "text": "1 : 애기들처럼 동물도 교육 잘해 주는데",
            "norm_text": "애기들처럼 동물도 교육 잘해 주는데",
            "speaker": {
              "id": "1번",
              "sex": "여성",
              "age": "20대"
            },
            "speechAct": "(단언) 주장하기",
            "morpheme": "애기/NNG+들/XSN+처럼/JKB+동물/NNG+도/JX+교육/NNG+잘/MAG+해/VV+EC+주/VX+는데/EC"
          },
          {
            "id": 19,
            "text": "2 : 요즘 세상 진짜 좋아졌어 키키",
            "norm_text": "요즘 세상 진짜 좋아졌어 키키",
            "speaker": {
              "id": "2번",
              "sex": "남성",
              "age": "20대"
            },
            "speechAct": "(단언) 주장하기",
            "morpheme": "요즘/NNG+세상/NNG+진짜/MAG+좋/VA+아/EC+졌/VX+EP+어/EC+키/NNG+키/XSV+ETN"
          },
          {
            "id": 20,
            "text": "3 : 강아지 학교 우리 몽실이도 보내 볼까",
            "norm_text": "강아지 학교 우리 몽실이도 보내 볼까",
            "speaker": {
              "id": "3번",
              "sex": "남성",
              "age": "20대"
            },
            "speechAct": "(단언) 주장하기",
            "morpheme": "강아지/NNG+학교/NNG+우리/NP+몽실이/NNP+도/JX+보내/VV+EC+볼까/VX+EC"
          },
          {
            "id": 21,
            "text": "1 : 맞아",
            "norm_text": "맞아",
            "speaker": {
              "id": "1번",
              "sex": "여성",
              "age": "20대"
            },
            "speechAct": "(단언) 주장하기",
            "morpheme": "맞/VV+아/EC"
          },
          {
            "id": 22,
            "text": "1 : 강아지 유치원도 있어",
            "norm_text": "강아지 유치원도 있어",
            "speaker": {
              "id": "1번",
              "sex": "여성",
              "age": "20대"
            },
            "speechAct": "(단언) 진술하기",
            "morpheme": "강아지/NNG+유치원/NNG+도/JX+있/VA+어/EC"
          },
          {
            "id": 23,
            "text": "2 : 어 맞아",
            "norm_text": "어 맞아",
            "speaker": {
              "id": "2번",
              "sex": "남성",
              "age": "20대"
            },
            "speechAct": "(단언) 주장하기",
            "morpheme": "어/IC+맞/VV+아/EC"
          },
          {
            "id": 24,
            "text": "2 : 유치원도 있다고 하더라 키키",
            "norm_text": "유치원도 있다고 하더라 키키",
            "speaker": {
              "id": "2번",
              "sex": "남성",
              "age": "20대"
            },
            "speechAct": "(단언) 진술하기",
            "morpheme": "유치원/NNG+도/JX+있/VA+다고/EC+하/VV+더라/EC+키/NNG+키/XSV+ETN"
          },
          {
            "id": 25,
            "text": "3 : 요즘 세상 진짜 좋아졌다 키키",
            "norm_text": "요즘 세상 진짜 좋아졌다 키키",
            "speaker": {
              "id": "3번",
              "sex": "남성",
              "age": "20대"
            },
            "speechAct": "(단언) 주장하기",
            "morpheme": "요즘/NNG+세상/NNG+진짜/MAG+좋/VA+아/EC+졌/VX+EP+다키키/NNP"
          }
        ]
      }
    }
  ]
}