{
  "dataset": {
    "identifier": 113724,
    "name": "NATEON_33_20_set",
    "src_path": "/data/file/cubeManager/PROJECT001/80/txt20211102173313000387/NATEON_33_20_set/",
    "label_path": "/data/file/cubeManager/PROJECT001/80/txt20211102173313000387/NATEON_33_20_set/",
    "category": 2,
    "type": 0
  },
  "licenses": {
    "name": "Apache License 1.0",
    "url": "http://www.apache.org/licenses/LICENSE-1.0"
  },
  "info": [
    {
      "id": 131872,
      "filename": "NATEON_33_20.txt",
      "title": "NATEON_33_20",
      "mediatype": "메신저",
      "medianame": "네이트온",
      "category": "일상대화",
      "date": "2021-11-02",
      "size": 444,
      "annotations": {
        "subject": "영화/만화",
        "speaker_type": "다자간 대화",
        "size": 444,
        "word_size": 149,
        "text": "1 : 이번에 다들 마이네임 봤어?\n2 : 응 나 이번에 그거 정주행 함 키키\n3 : 아 이번에 한소희인가 나오는거?\n1 : 오 다들 아네?\n1 : 엄청 유명한가보네\n2 : 맞아 한소희 개 너무 이쁜거 같아 키키\n2 : 그거 오겜 이겼대\n3 : 당연하지\n3 : 유명한건 무조건 보지\n1 : 헐 오겜을 이겨?\n1 : 쩐다 진짜 키키\n2 : 웅 지금 그게 1위라고 하더라고 키키\n3 : 와... 진짜 순위 바뀌는거 쩐다\n1 : 그러니까 사람들 우루루 잘 보는거같아\n2 : 이게 시즌제라 완결 나고 해서 훅훅 바뀌는 듯\n3 : 아무래도 유행은 계속 변하니까\n1 : 그러게 얼마전까지만 해도 오징어게임이었는데\n2 : 맞아 근데 거기 박휘순님 연기 진짜 멋있더라 키키\n3 : 키키 진짜 유행이 확확 변해\n1 : 맞아, 나 진짜 이번에 치였잖아,\n2 : 어 진짜 보고선 와 대박 이러면서 봤어 키키\n3 : 키키 차냐! 치이게!\n3 : 웃겨 정말",
        "lines": [
          {
            "id": 1,
            "text": "1 : 이번에 다들 마이네임 봤어?",
            "norm_text": "이번에 다들 마이네임 봤어?",
            "speaker": {
              "id": "1번",
              "sex": "여성",
              "age": "20대"
            },
            "speechAct": "(지시) 질문하기",
            "morpheme": "이번/NNG+에다/JKB+들마/NNG+이/MM+네임/NNG+봤/VV+EP+어/EF"
          },
          {
            "id": 2,
            "text": "2 : 응 나 이번에 그거 정주행 함 키키",
            "norm_text": "응 나 이번에 그거 정주행 함 키키",
            "speaker": {
              "id": "2번",
              "sex": "여성",
              "age": "20대"
            },
            "speechAct": "(단언) 진술하기",
            "morpheme": "응/IC+나/NP+이번/NNG+에/JKB+그거/NP+정주/NNG+행함/VV+ETN+키/NNG+키/XSV+ETN"
          },
          {
            "id": 3,
            "text": "3 : 아 이번에 한소희인가 나오는거?",
            "norm_text": "아 이번에 한소희인가 나오는거?",
            "speaker": {
              "id": "3번",
              "sex": "남성",
              "age": "20대"
            },
            "speechAct": "(지시) 질문하기",
            "morpheme": "아/IC+이번/NNG+에/JKB+한/MM+소희/NNG+인가/VCP+EC+나오/VV+는/ETM+거/NNB"
          },
          {
            "id": 4,
            "text": "1 : 오 다들 아네?",
            "norm_text": "오 다들 아네?",
            "speaker": {
              "id": "1번",
              "sex": "여성",
              "age": "20대"
            },
            "speechAct": "(지시) 질문하기",
            "morpheme": "오다/NNG+들/XSN+아/VV+네/EF"
          },
          {
            "id": 5,
            "text": "1 : 엄청 유명한가보네",
            "norm_text": "엄청 유명한가보네",
            "speaker": {
              "id": "1번",
              "sex": "여성",
              "age": "20대"
            },
            "speechAct": "(단언) 주장하기",
            "morpheme": "엄청/MAG+유명/NNG+한가/XSA+EC+보/VX+네/EC"
          },
          {
            "id": 6,
            "text": "2 : 맞아 한소희 개 너무 이쁜거 같아 키키",
            "norm_text": "맞아 한소희 개 너무 이쁜거 같아 키키",
            "speaker": {
              "id": "2번",
              "sex": "여성",
              "age": "20대"
            },
            "speechAct": "(단언) 주장하기",
            "morpheme": "맞/VV+아/EC+한소/NNG+희개/NNG+너무/MAG+이쁜/VA+ETM+거/NNB+같/VA+아/EC+키/NNG+키/XSV+ETN"
          },
          {
            "id": 7,
            "text": "2 : 그거 오겜 이겼대",
            "norm_text": "그거 오겜 이겼대",
            "speaker": {
              "id": "2번",
              "sex": "여성",
              "age": "20대"
            },
            "speechAct": "(단언) 진술하기",
            "morpheme": "그거오겜이겼대/UNKNOWN"
          },
          {
            "id": 8,
            "text": "3 : 당연하지",
            "norm_text": "당연하지",
            "speaker": {
              "id": "3번",
              "sex": "남성",
              "age": "20대"
            },
            "speechAct": "(단언) 주장하기",
            "morpheme": "당연/XR+하/XSA+지/EC"
          },
          {
            "id": 9,
            "text": "3 : 유명한건 무조건 보지",
            "norm_text": "유명한건 무조건 보지",
            "speaker": {
              "id": "3번",
              "sex": "남성",
              "age": "20대"
            },
            "speechAct": "(단언) 주장하기",
            "morpheme": "유명/NNG+한/XSA+ETM+건/NNB+JX+무조건/MAG+보/VV+지/EC"
          },
          {
            "id": 10,
            "text": "1 : 헐 오겜을 이겨?",
            "norm_text": "헐 오겜을 이겨?",
            "speaker": {
              "id": "1번",
              "sex": "여성",
              "age": "20대"
            },
            "speechAct": "(지시) 질문하기",
            "morpheme": "헐/VV+오/EC+겜/NNP+을/JKO+이겨/VV+EF"
          },
          {
            "id": 11,
            "text": "1 : 쩐다 진짜 키키",
            "norm_text": "쩐다 진짜 키키",
            "speaker": {
              "id": "1번",
              "sex": "여성",
              "age": "20대"
            },
            "speechAct": "(단언) 주장하기",
            "morpheme": "쩐/VV+다/EF+진짜/MAG+키/NNG+키/XSV+ETN"
          },
          {
            "id": 12,
            "text": "2 : 웅 지금 그게 1위라고 하더라고 키키",
            "norm_text": "웅 지금 그게 1위라고 하더라고 키키",
            "speaker": {
              "id": "2번",
              "sex": "여성",
              "age": "20대"
            },
            "speechAct": "(단언) 주장하기",
            "morpheme": "웅/IC+지금/MAG+그게/NP+JKS+1/SN+위/NNBC+라고/VCP+EC+하/VV+더라고/EC+키/NNG+키/XSV+ETN"
          },
          {
            "id": 13,
            "text": "3 : 와... 진짜 순위 바뀌는거 쩐다",
            "norm_text": "와... 진짜 순위 바뀌는거 쩐다",
            "speaker": {
              "id": "3번",
              "sex": "남성",
              "age": "20대"
            },
            "speechAct": "(단언) 주장하기",
            "morpheme": "와/IC+./SY+진짜/MAG+순위/NNG+바뀌/VV+는/ETM+거/NNB+쩐/VV+다/EC"
          },
          {
            "id": 14,
            "text": "1 : 그러니까 사람들 우루루 잘 보는거같아",
            "norm_text": "그러니까 사람들 우루루 잘 보는거같아",
            "speaker": {
              "id": "1번",
              "sex": "여성",
              "age": "20대"
            },
            "speechAct": "(단언) 주장하기",
            "morpheme": "그러니까/MAJ+사람/NNG+들/XSN+우루루/MAG+잘/MAG+보/VV+는/ETM+거/NNB+같/VA+아/EC"
          },
          {
            "id": 15,
            "text": "2 : 이게 시즌제라 완결 나고 해서 훅훅 바뀌는 듯",
            "norm_text": "이게 시즌제라 완결 나고 해서 훅훅 바뀌는 듯",
            "speaker": {
              "id": "2번",
              "sex": "여성",
              "age": "20대"
            },
            "speechAct": "(단언) 주장하기",
            "morpheme": "이게/NP+JKS+시즌/NNG+제라/NNP+완결/NNG+나/VV+고/EC+해서/VV+EC+훅훅/MAG+바뀌/VV+는/ETM+듯/NNB"
          },
          {
            "id": 16,
            "text": "3 : 아무래도 유행은 계속 변하니까",
            "norm_text": "아무래도 유행은 계속 변하니까",
            "speaker": {
              "id": "3번",
              "sex": "남성",
              "age": "20대"
            },
            "speechAct": "(단언) 주장하기",
            "morpheme": "아무래도/MAG+유행/NNG+은/JX+계속/MAG+변하/VV+니까/EC"
          },
          {
            "id": 17,
            "text": "1 : 그러게 얼마전까지만 해도 오징어게임이었는데",
            "norm_text": "그러게 얼마전까지만 해도 오징어게임이었는데",
            "speaker": {
              "id": "1번",
              "sex": "여성",
              "age": "20대"
            },
            "speechAct": "(단언) 주장하기",
            "morpheme": "그러/VV+게/EC+얼마/NNG+전/NNG+까지/JX+만/JX+해도/VV+EC+오징어/NNG+게임/NNG+이/VCP+었/EP+는데/EC"
          },
          {
            "id": 18,
            "text": "2 : 맞아 근데 거기 박휘순님 연기 진짜 멋있더라 키키",
            "norm_text": "맞아 근데 거기 박휘순님 연기 진짜 멋있더라 키키",
            "speaker": {
              "id": "2번",
              "sex": "여성",
              "age": "20대"
            },
            "speechAct": "(단언) 주장하기",
            "morpheme": "맞아/IC+근데/MAJ+거기/NP+박휘순/NNP+님/XSN+연기/NNG+진짜/MAG+멋있/VA+더라/EC+키/NNG+키/XSV+ETN"
          },
          {
            "id": 19,
            "text": "3 : 키키 진짜 유행이 확확 변해",
            "norm_text": "키키 진짜 유행이 확확 변해",
            "speaker": {
              "id": "3번",
              "sex": "남성",
              "age": "20대"
            },
            "speechAct": "(단언) 주장하기",
            "morpheme": "키/NNG+키/XSV+ETN+진짜/MAG+유행/NNG+이/JKS+확확/MAG+변해/VV+EC"
          },
          {
            "id": 20,
            "text": "1 : 맞아, 나 진짜 이번에 치였잖아,",
            "norm_text": "맞아, 나 진짜 이번에 치였잖아,",
            "speaker": {
              "id": "1번",
              "sex": "여성",
              "age": "20대"
            },
            "speechAct": "(단언) 주장하기",
            "morpheme": "맞/VV+아/EC+,/SC+나/NP+진짜/MAG+이번/NNG+에/JKB+치였/VV+EP+잖아/EF+,/SC"
          },
          {
            "id": 21,
            "text": "2 : 어 진짜 보고선 와 대박 이러면서 봤어 키키",
            "norm_text": "어 진짜 보고선 와 대박 이러면서 봤어 키키",
            "speaker": {
              "id": "2번",
              "sex": "여성",
              "age": "20대"
            },
            "speechAct": "(단언) 주장하기",
            "morpheme": "어/IC+진짜/MAG+보/VV+고/EC+선/NNG+와/JC+대박/NNG+이러/VV+면서/EC+봤/VX+EP+어/EC+키/NNG+키/XSV+ETN"
          },
          {
            "id": 22,
            "text": "3 : 키키 차냐! 치이게!",
            "norm_text": "키키 차냐! 치이게!",
            "speaker": {
              "id": "3번",
              "sex": "남성",
              "age": "20대"
            },
            "speechAct": "(단언) 주장하기",
            "morpheme": "키/NNG+키/XSV+ETN+차/VV+냐/EF+치/IC+이게/NP+JKS"
          },
          {
            "id": 23,
            "text": "3 : 웃겨 정말",
            "norm_text": "웃겨 정말",
            "speaker": {
              "id": "3번",
              "sex": "남성",
              "age": "20대"
            },
            "speechAct": "턴토크 사인(관습적 반응)",
            "morpheme": "웃겨/VV+EF+정말/MAG"
          }
        ]
      }
    }
  ]
}