{
  "dataset": {
    "identifier": 101956,
    "name": "NATEON_27_11_set",
    "src_path": "/data/file/cubeManager/PROJECT001/77/txt20211027152211010551/NATEON_27_11_set/",
    "label_path": "/data/file/cubeManager/PROJECT001/77/txt20211027152211010551/NATEON_27_11_set/",
    "category": 2,
    "type": 0
  },
  "licenses": {
    "name": "Apache License 1.0",
    "url": "http://www.apache.org/licenses/LICENSE-1.0"
  },
  "info": [
    {
      "id": 99452,
      "filename": "NATEON_27_11.txt",
      "title": "NATEON_27_11",
      "mediatype": "메신저",
      "medianame": "네이트온",
      "category": "일상대화",
      "date": "2021-10-27",
      "size": 422,
      "annotations": {
        "subject": "게임",
        "speaker_type": "다자간 대화",
        "size": 422,
        "word_size": 156,
        "text": "1 : 나 이번에 유물게임 발견했어 키키\n2 : 와우 유물게임 키키\n2 : 어떤 거 발견 했어?\n3 : 아 그런 거 고전게임 그런 건가?\n1 : 알투비트?\n1 : 이번에 새로 한다고 하더라고\n3 : 아 그거 음악게임 아냐?\n1 : 응 키키 근데 이번에 다시 시작하나봐!\n2 : 나 그거 완전 잘 하는데 키키\n2 : 생겼어?\n3 : 오 대박이다\n3 : 난 그거 못해 키키\n1 : 아직 생기진 않았고 미리 예약 받고 있어\n2 : 와 나 지금 이름만 듣고 설렜어\n2 : 나도 예약할래 ㅠㅠ\n3 : 아 너도 그럼 신청한 거야?\n1 : 응 다음에 예약할 때 다 알려줄게\n2 : 웅 꼭 알려줘\n2 : 나 그거 다시 하고 싶어 ㅠㅠ\n3 : 응 좋아\n3 : 나도 담에 알려줘\n1 : 키키 응 다같이 알투비트 해보자!\n2 : 오 좋아\n2 : 다같이 알투비트 대결 하러 가자 키키\n3 : 오 그래\n3 : 같이 게임하자",
        "lines": [
          {
            "id": 1,
            "text": "1 : 나 이번에 유물게임 발견했어 키키",
            "norm_text": "나 이번에 유물게임 발견했어 키키",
            "speaker": {
              "id": "1번",
              "sex": "여성",
              "age": "20대"
            },
            "speechAct": "(단언) 진술하기",
            "morpheme": "나/NP+이번/NNG+에/JKB+유물/NNG+게임/NNG+발견/NNG+했/XSV+EP+어/EC+키/NNG+키/XSV+ETN"
          },
          {
            "id": 2,
            "text": "2 : 와우 유물게임 키키",
            "norm_text": "와우 유물게임 키키",
            "speaker": {
              "id": "2번",
              "sex": "여성",
              "age": "20대"
            },
            "speechAct": "턴토크 사인(관습적 반응)",
            "morpheme": "와우/IC+유물/NNG+게임/NNG+키/NNG+키/XSV+ETN"
          },
          {
            "id": 3,
            "text": "2 : 어떤 거 발견 했어?",
            "norm_text": "어떤 거 발견 했어?",
            "speaker": {
              "id": "2번",
              "sex": "여성",
              "age": "20대"
            },
            "speechAct": "(지시) 질문하기",
            "morpheme": "어떤/MM+거/NNB+발견/NNG+했/XSV+EP+어/EF"
          },
          {
            "id": 4,
            "text": "3 : 아 그런 거 고전게임 그런 건가?",
            "norm_text": "아 그런 거 고전게임 그런 건가?",
            "speaker": {
              "id": "3번",
              "sex": "남성",
              "age": "20대"
            },
            "speechAct": "(지시) 질문하기",
            "morpheme": "아/IC+그런/MM+거/NNB+고/VCP+EC+전/MM+게임/NNG+그런/MM+건가/NNB+VCP+EF"
          },
          {
            "id": 5,
            "text": "1 : 알투비트?",
            "norm_text": "알투비트?",
            "speaker": {
              "id": "1번",
              "sex": "여성",
              "age": "20대"
            },
            "speechAct": "턴토크 사인(관습적 반응)",
            "morpheme": "알투비트/NNP"
          },
          {
            "id": 6,
            "text": "1 : 이번에 새로 한다고 하더라고",
            "norm_text": "이번에 새로 한다고 하더라고",
            "speaker": {
              "id": "1번",
              "sex": "여성",
              "age": "20대"
            },
            "speechAct": "(단언) 진술하기",
            "morpheme": "이번/NNG+에/JKB+새로/MAG+한다고/VV+EC+하/VV+더라고/EC"
          },
          {
            "id": 7,
            "text": "3 : 아 그거 음악게임 아냐?",
            "norm_text": "아 그거 음악게임 아냐?",
            "speaker": {
              "id": "3번",
              "sex": "남성",
              "age": "20대"
            },
            "speechAct": "(지시) 질문하기",
            "morpheme": "아/IC+그거/NP+음악/NNG+게임/NNG+아냐/VCN+EF"
          },
          {
            "id": 8,
            "text": "1 : 응 키키 근데 이번에 다시 시작하나봐!",
            "norm_text": "응 키키 근데 이번에 다시 시작하나봐!",
            "speaker": {
              "id": "1번",
              "sex": "여성",
              "age": "20대"
            },
            "speechAct": "(단언) 진술하기",
            "morpheme": "응/IC+키/NNG+키/XSV+ETN+근데/MAJ+이번/NNG+에/JKB+다시/MAG+시작/NNG+하/XSV+나/EC+봐/VX+EF"
          },
          {
            "id": 9,
            "text": "2 : 나 그거 완전 잘 하는데 키키",
            "norm_text": "나 그거 완전 잘 하는데 키키",
            "speaker": {
              "id": "2번",
              "sex": "여성",
              "age": "20대"
            },
            "speechAct": "(단언) 주장하기",
            "morpheme": "나/NP+그거/NP+완전/MAG+잘/MAG+하/VV+는데/EC+키/NNG+키/XSV+ETN"
          },
          {
            "id": 10,
            "text": "2 : 생겼어?",
            "norm_text": "생겼어?",
            "speaker": {
              "id": "2번",
              "sex": "여성",
              "age": "20대"
            },
            "speechAct": "(지시) 질문하기",
            "morpheme": "생겼/VV+EP+어/EF"
          },
          {
            "id": 11,
            "text": "3 : 오 대박이다",
            "norm_text": "오 대박이다",
            "speaker": {
              "id": "3번",
              "sex": "남성",
              "age": "20대"
            },
            "speechAct": "턴토크 사인(관습적 반응)",
            "morpheme": "오/NR+대박/NNG+이/VCP+다/EC"
          },
          {
            "id": 12,
            "text": "3 : 난 그거 못해 키키",
            "norm_text": "난 그거 못해 키키",
            "speaker": {
              "id": "3번",
              "sex": "남성",
              "age": "20대"
            },
            "speechAct": "(단언) 주장하기",
            "morpheme": "난/NP+JX+그거/NP+못/MAG+해/VV+EC+키/NNG+키/XSV+ETN"
          },
          {
            "id": 13,
            "text": "1 : 아직 생기진 않았고 미리 예약 받고 있어",
            "norm_text": "아직 생기진 않았고 미리 예약 받고 있어",
            "speaker": {
              "id": "1번",
              "sex": "여성",
              "age": "20대"
            },
            "speechAct": "(단언) 진술하기",
            "morpheme": "아직/MAG+생기/VV+진/EC+JX+않/VX+았/EP+고/EC+미리/MAG+예약/NNG+받/VV+고/EC+있/VX+어/EC"
          },
          {
            "id": 14,
            "text": "2 : 와 나 지금 이름만 듣고 설렜어",
            "norm_text": "와 나 지금 이름만 듣고 설렜어",
            "speaker": {
              "id": "2번",
              "sex": "여성",
              "age": "20대"
            },
            "speechAct": "(단언) 주장하기",
            "morpheme": "와나/NNP+지금/MAG+이름/NNG+만/JX+듣/VV+고/EC+설렜/VV+EP+어/EC"
          },
          {
            "id": 15,
            "text": "2 : 나도 예약할래 ㅠㅠ",
            "norm_text": "나도 예약할래 ㅠㅠ",
            "speaker": {
              "id": "2번",
              "sex": "여성",
              "age": "20대"
            },
            "speechAct": "(단언) 주장하기",
            "morpheme": "나도예약할래ㅠㅠ/UNKNOWN"
          },
          {
            "id": 16,
            "text": "3 : 아 너도 그럼 신청한 거야?",
            "norm_text": "아 너도 그럼 신청한 거야?",
            "speaker": {
              "id": "3번",
              "sex": "남성",
              "age": "20대"
            },
            "speechAct": "(지시) 질문하기",
            "morpheme": "아/IC+너/NP+도/JX+그럼/MAJ+신청/NNG+한/XSA+ETM+거/NNB+야/VCP+EF"
          },
          {
            "id": 17,
            "text": "1 : 응 다음에 예약할 때 다 알려줄게",
            "norm_text": "응 다음에 예약할 때 다 알려줄게",
            "speaker": {
              "id": "1번",
              "sex": "여성",
              "age": "20대"
            },
            "speechAct": "(언약) 약속하기(제3자와)/(개인적 수준)",
            "morpheme": "응/IC+다음/NNG+에/JKB+예약/NNG+할/XSV+ETM+때/NNG+다/MAG+알려/VV+EC+줄/VX+ETM+게/NNB+JKS"
          },
          {
            "id": 18,
            "text": "2 : 웅 꼭 알려줘",
            "norm_text": "웅 꼭 알려줘",
            "speaker": {
              "id": "2번",
              "sex": "여성",
              "age": "20대"
            },
            "speechAct": "(지시) 부탁하기",
            "morpheme": "웅/IC+꼭/MAG+알려줘/VV+EC+VX+EC"
          },
          {
            "id": 19,
            "text": "2 : 나 그거 다시 하고 싶어 ㅠㅠ",
            "norm_text": "나 그거 다시 하고 싶어 ㅠㅠ",
            "speaker": {
              "id": "2번",
              "sex": "여성",
              "age": "20대"
            },
            "speechAct": "(단언) 주장하기",
            "morpheme": "나/NP+그거/NP+다시/MAG+하/VV+고/EC+싶/VX+어/EC+ㅠㅠ/UNKNOWN"
          },
          {
            "id": 20,
            "text": "3 : 응 좋아",
            "norm_text": "응 좋아",
            "speaker": {
              "id": "3번",
              "sex": "남성",
              "age": "20대"
            },
            "speechAct": "(단언) 주장하기",
            "morpheme": "응/IC+좋/VA+아/EC"
          },
          {
            "id": 21,
            "text": "3 : 나도 담에 알려줘",
            "norm_text": "나도 담에 알려줘",
            "speaker": {
              "id": "3번",
              "sex": "남성",
              "age": "20대"
            },
            "speechAct": "(지시) 부탁하기",
            "morpheme": "나/NP+도/JX+담/NNG+에/JKB+알려줘/VV+EC+VX+EC"
          },
          {
            "id": 22,
            "text": "1 : 키키 응 다같이 알투비트 해보자!",
            "norm_text": "키키 응 다같이 알투비트 해보자!",
            "speaker": {
              "id": "1번",
              "sex": "여성",
              "age": "20대"
            },
            "speechAct": "(지시) 명령/요구하기",
            "morpheme": "키/NNG+키/XSV+ETN+응/IC+다/MAG+같이/MAG+알/VV+ETM+투비트/NNG+해/XSV+EC+보/VX+자/EF"
          },
          {
            "id": 23,
            "text": "2 : 오 좋아",
            "norm_text": "오 좋아",
            "speaker": {
              "id": "2번",
              "sex": "여성",
              "age": "20대"
            },
            "speechAct": "턴토크 사인(관습적 반응)",
            "morpheme": "오/NR+좋/VA+아/EC"
          },
          {
            "id": 24,
            "text": "2 : 다같이 알투비트 대결 하러 가자 키키",
            "norm_text": "다같이 알투비트 대결 하러 가자 키키",
            "speaker": {
              "id": "2번",
              "sex": "여성",
              "age": "20대"
            },
            "speechAct": "(언약) 약속하기(제3자와)/(개인적 수준)",
            "morpheme": "다/MAG+같이/MAG+알투비트/NNP+대결/NNG+하/XSV+러/EC+가/JKS+자키/NNG+키/XSV+ETN"
          },
          {
            "id": 25,
            "text": "3 : 오 그래",
            "norm_text": "오 그래",
            "speaker": {
              "id": "3번",
              "sex": "남성",
              "age": "20대"
            },
            "speechAct": "(언약) 약속하기(제3자와)/(개인적 수준)",
            "morpheme": "오/NR+그래/VA+EC"
          },
          {
            "id": 26,
            "text": "3 : 같이 게임하자",
            "norm_text": "같이 게임하자",
            "speaker": {
              "id": "3번",
              "sex": "남성",
              "age": "20대"
            },
            "speechAct": "(언약) 약속하기(제3자와)/(개인적 수준)",
            "morpheme": "같이/MAG+게임/NNG+하/XSV+자/EC"
          }
        ]
      }
    }
  ]
}