{
  "dataset": {
    "identifier": 129768,
    "name": "NATEON_43_17_set",
    "src_path": "/data/file/cubeManager/PROJECT001/84/txt20211104173553036749/NATEON_43_17_set/",
    "label_path": "/data/file/cubeManager/PROJECT001/84/txt20211104173553036749/NATEON_43_17_set/",
    "category": 2,
    "type": 0
  },
  "licenses": {
    "name": "Apache License 1.0",
    "url": "http://www.apache.org/licenses/LICENSE-1.0"
  },
  "info": [
    {
      "id": 137264,
      "filename": "NATEON_43_17.txt",
      "title": "NATEON_43_17",
      "mediatype": "메신저",
      "medianame": "네이트온",
      "category": "일상대화",
      "date": "2021-11-04",
      "size": 416,
      "annotations": {
        "subject": "건강",
        "speaker_type": "다자간 대화",
        "size": 416,
        "word_size": 154,
        "text": "1 : 너 이번에 안과 다녀왔어?\n2 : 아니\n2 : 나 병원 잘 안 가 키키\n3 : 안과 다녀왔지\n3 : 백내장 조심하래 키키\n1 : 전에 눈이 좀 침침하다며\n2 : 아 근데 귀찮아서 못 가겠어 키키\n3 : 진짜 너무 침침해\n3 : 다들 조심\n1 : 아 그게 백내장 때문인 거야?\n2 : 헐 뭐야\n2 : 너 백내장이야?\n3 : 아냐\n3 : 그래도 가 귀찮아도\n3 : 웅 그런가 봐\n3 : 백내장... 의심\n1 : 아이고 꾸준히 검진 받아야겠다\n2 : 아 너도 건강 잘 챙겨\n2 : 병원 가고\n3 : 웅 그래서 병원 갈라고 자주\n1 : 그게 요즘 젊은 사람들한테도 나온대\n2 : 어어 병원 자주 다녀\n2 : 건강 챙겨야지\n3 : 너희들도 건강 잘 챙겨 알겠지\n1 : 아마도 스마트폰을 자주 봐서 그런가 봐\n2 : 응 우리 전자 기기 멀리해야 해\n3 : 그런 걸 수도 있고 컴퓨터 해서도 그래",
        "lines": [
          {
            "id": 1,
            "text": "1 : 너 이번에 안과 다녀왔어?",
            "norm_text": "너 이번에 안과 다녀왔어?",
            "speaker": {
              "id": "1번",
              "sex": "여성",
              "age": "20대"
            },
            "speechAct": "(지시) 질문하기",
            "morpheme": "너/NP+이번/NNG+에/JKB+안/NNG+과/JKB+다녀왔/VV+EP+어/EF"
          },
          {
            "id": 2,
            "text": "2 : 아니",
            "norm_text": "아니",
            "speaker": {
              "id": "2번",
              "sex": "남성",
              "age": "20대"
            },
            "speechAct": "(단언) 진술하기",
            "morpheme": "아니/IC"
          },
          {
            "id": 3,
            "text": "2 : 나 병원 잘 안 가 키키",
            "norm_text": "나 병원 잘 안 가 키키",
            "speaker": {
              "id": "2번",
              "sex": "남성",
              "age": "20대"
            },
            "speechAct": "(단언) 주장하기",
            "morpheme": "나병원/NNG+잘/MAG+안/MAG+가/VV+EC+키/NNG+키/XSV+ETN"
          },
          {
            "id": 4,
            "text": "3 : 안과 다녀왔지",
            "norm_text": "안과 다녀왔지",
            "speaker": {
              "id": "3번",
              "sex": "남성",
              "age": "20대"
            },
            "speechAct": "(단언) 진술하기",
            "morpheme": "안/NNG+과/JKB+다녀왔/VV+EP+지/EC"
          },
          {
            "id": 5,
            "text": "3 : 백내장 조심하래 키키",
            "norm_text": "백내장 조심하래 키키",
            "speaker": {
              "id": "3번",
              "sex": "남성",
              "age": "20대"
            },
            "speechAct": "(단언) 진술하기",
            "morpheme": "백내장/NNG+조심/NNG+하/XSV+래/EC+키/NNG+키/XSV+ETN"
          },
          {
            "id": 6,
            "text": "1 : 전에 눈이 좀 침침하다며",
            "norm_text": "전에 눈이 좀 침침하다며",
            "speaker": {
              "id": "1번",
              "sex": "여성",
              "age": "20대"
            },
            "speechAct": "(단언) 진술하기",
            "morpheme": "전/NNG+에/JKB+눈/NNG+이/JKS+좀/MAG+침침/XR+하/XSA+다며/EC"
          },
          {
            "id": 7,
            "text": "2 : 아 근데 귀찮아서 못 가겠어 키키",
            "norm_text": "아 근데 귀찮아서 못 가겠어 키키",
            "speaker": {
              "id": "2번",
              "sex": "남성",
              "age": "20대"
            },
            "speechAct": "(단언) 주장하기",
            "morpheme": "아/IC+근데/MAJ+귀찮/VA+아서/EC+못/MAG+가/VV+겠/EP+어/EC+키/NNG+키/XSV+ETN"
          },
          {
            "id": 8,
            "text": "3 : 진짜 너무 침침해",
            "norm_text": "진짜 너무 침침해",
            "speaker": {
              "id": "3번",
              "sex": "남성",
              "age": "20대"
            },
            "speechAct": "(단언) 주장하기",
            "morpheme": "진짜/MAG+너무/MAG+침침/NNG+해/XSV+EC"
          },
          {
            "id": 9,
            "text": "3 : 다들 조심",
            "norm_text": "다들 조심",
            "speaker": {
              "id": "3번",
              "sex": "남성",
              "age": "20대"
            },
            "speechAct": "(단언) 주장하기",
            "morpheme": "다/MAG+들/XSN+조심/NNG"
          },
          {
            "id": 10,
            "text": "1 : 아 그게 백내장 때문인 거야?",
            "norm_text": "아 그게 백내장 때문인 거야?",
            "speaker": {
              "id": "1번",
              "sex": "여성",
              "age": "20대"
            },
            "speechAct": "(지시) 질문하기",
            "morpheme": "아/IC+그게/NP+JKS+백내장/NNG+때문/NNB+인/VCP+ETM+거/NNB+야/VCP+EF"
          },
          {
            "id": 11,
            "text": "2 : 헐 뭐야",
            "norm_text": "헐 뭐야",
            "speaker": {
              "id": "2번",
              "sex": "남성",
              "age": "20대"
            },
            "speechAct": "턴토크 사인(관습적 반응)",
            "morpheme": "헐/IC+뭐/NP+야/VCP+EF"
          },
          {
            "id": 12,
            "text": "2 : 너 백내장이야?",
            "norm_text": "너 백내장이야?",
            "speaker": {
              "id": "2번",
              "sex": "남성",
              "age": "20대"
            },
            "speechAct": "(지시) 질문하기",
            "morpheme": "너/NP+백내장/NNG+이/VCP+야/EF"
          },
          {
            "id": 13,
            "text": "3 : 아냐",
            "norm_text": "아냐",
            "speaker": {
              "id": "3번",
              "sex": "남성",
              "age": "20대"
            },
            "speechAct": "(단언) 진술하기",
            "morpheme": "아냐/VCN+EC"
          },
          {
            "id": 14,
            "text": "3 : 그래도 가 귀찮아도",
            "norm_text": "그래도 가 귀찮아도",
            "speaker": {
              "id": "3번",
              "sex": "남성",
              "age": "20대"
            },
            "speechAct": "(단언) 주장하기",
            "morpheme": "그래도/MAJ+가/JKS+귀찮/VA+아도/EC"
          },
          {
            "id": 15,
            "text": "3 : 웅 그런가 봐",
            "norm_text": "웅 그런가 봐",
            "speaker": {
              "id": "3번",
              "sex": "남성",
              "age": "20대"
            },
            "speechAct": "(단언) 진술하기",
            "morpheme": "웅/IC+그런가/VA+EC+봐/VX+EC"
          },
          {
            "id": 16,
            "text": "3 : 백내장... 의심",
            "norm_text": "백내장... 의심",
            "speaker": {
              "id": "3번",
              "sex": "남성",
              "age": "20대"
            },
            "speechAct": "(단언) 진술하기",
            "morpheme": "백내장/NNG+./SY+./SY+의심/NNG"
          },
          {
            "id": 17,
            "text": "1 : 아이고 꾸준히 검진 받아야겠다",
            "norm_text": "아이고 꾸준히 검진 받아야겠다",
            "speaker": {
              "id": "1번",
              "sex": "여성",
              "age": "20대"
            },
            "speechAct": "(단언) 주장하기",
            "morpheme": "아이고/IC+꾸준히/MAG+검진/NNG+받/VV+아야/EC+겠다/VX+EP+EC"
          },
          {
            "id": 18,
            "text": "2 : 아 너도 건강 잘 챙겨",
            "norm_text": "아 너도 건강 잘 챙겨",
            "speaker": {
              "id": "2번",
              "sex": "남성",
              "age": "20대"
            },
            "speechAct": "(지시) 충고/제안하기",
            "morpheme": "아/IC+너/NP+도/JX+건강/NNG+잘/MAG+챙겨/VV+EC"
          },
          {
            "id": 19,
            "text": "2 : 병원 가고",
            "norm_text": "병원 가고",
            "speaker": {
              "id": "2번",
              "sex": "남성",
              "age": "20대"
            },
            "speechAct": "(지시) 충고/제안하기",
            "morpheme": "병원/NNG+가/VV+고/EC"
          },
          {
            "id": 20,
            "text": "3 : 웅 그래서 병원 갈라고 자주",
            "norm_text": "웅 그래서 병원 갈라고 자주",
            "speaker": {
              "id": "3번",
              "sex": "남성",
              "age": "20대"
            },
            "speechAct": "(언약) 약속하기(제3자와)/(개인적 수준)",
            "morpheme": "웅/IC+그래서/MAJ+병원/NNG+갈라/VV+고자/EC+주/VX"
          },
          {
            "id": 21,
            "text": "1 : 그게 요즘 젊은 사람들한테도 나온대",
            "norm_text": "그게 요즘 젊은 사람들한테도 나온대",
            "speaker": {
              "id": "1번",
              "sex": "여성",
              "age": "20대"
            },
            "speechAct": "(단언) 진술하기",
            "morpheme": "그게/NP+JKS+요즘/MAG+젊/VA+은/ETM+사람/NNG+들/XSN+한테/JKB+도/JX+나온/VV+ETM+대/NNG"
          },
          {
            "id": 22,
            "text": "2 : 어어 병원 자주 다녀",
            "norm_text": "어어 병원 자주 다녀",
            "speaker": {
              "id": "2번",
              "sex": "남성",
              "age": "20대"
            },
            "speechAct": "(단언) 주장하기",
            "morpheme": "어/IC+어/IC+병원/NNG+자주/MAG+다녀/VV+EC"
          },
          {
            "id": 23,
            "text": "2 : 건강 챙겨야지",
            "norm_text": "건강 챙겨야지",
            "speaker": {
              "id": "2번",
              "sex": "남성",
              "age": "20대"
            },
            "speechAct": "(단언) 주장하기",
            "morpheme": "건강/NNG+챙겨야지/VV+EC"
          },
          {
            "id": 24,
            "text": "3 : 너희들도 건강 잘 챙겨 알겠지",
            "norm_text": "너희들도 건강 잘 챙겨 알겠지",
            "speaker": {
              "id": "3번",
              "sex": "남성",
              "age": "20대"
            },
            "speechAct": "(지시) 충고/제안하기",
            "morpheme": "너희/NP+들/XSN+도/JX+건강/NNG+잘/MAG+챙겨/VV+EC+알/VV+겠/EP+지/EC"
          },
          {
            "id": 25,
            "text": "1 : 아마도 스마트폰을 자주 봐서 그런가 봐",
            "norm_text": "아마도 스마트폰을 자주 봐서 그런가 봐",
            "speaker": {
              "id": "1번",
              "sex": "여성",
              "age": "20대"
            },
            "speechAct": "(단언) 주장하기",
            "morpheme": "아마도/MAG+스마트폰/NNP+을/JKO+자주/MAG+봐서/VV+EC+그런가/VA+EC+봐/VX+EC"
          },
          {
            "id": 26,
            "text": "2 : 응 우리 전자 기기 멀리해야 해",
            "norm_text": "응 우리 전자 기기 멀리해야 해",
            "speaker": {
              "id": "2번",
              "sex": "남성",
              "age": "20대"
            },
            "speechAct": "(단언) 주장하기",
            "morpheme": "응/IC+우리/NP+전자/NNG+기기/NNG+멀리/MAG+해야/VV+EC+해/VV+EC"
          },
          {
            "id": 27,
            "text": "3 : 그런 걸 수도 있고 컴퓨터 해서도 그래",
            "norm_text": "그런 걸 수도 있고 컴퓨터 해서도 그래",
            "speaker": {
              "id": "3번",
              "sex": "남성",
              "age": "20대"
            },
            "speechAct": "(단언) 주장하기",
            "morpheme": "그런/MM+걸/NNB+JKO+수/NNB+도/JX+있/VA+고/EC+컴퓨터/NNG+해서/XSV+EC+도/JX+그래/VA+EC"
          }
        ]
      }
    }
  ]
}