{
  "dataset": {
    "identifier": 129734,
    "name": "NATEON_42_03_set",
    "src_path": "/data/file/cubeManager/PROJECT001/84/txt20211104173553006031/NATEON_42_03_set/",
    "label_path": "/data/file/cubeManager/PROJECT001/84/txt20211104173553006031/NATEON_42_03_set/",
    "category": 2,
    "type": 0
  },
  "licenses": {
    "name": "Apache License 1.0",
    "url": "http://www.apache.org/licenses/LICENSE-1.0"
  },
  "info": [
    {
      "id": 137230,
      "filename": "NATEON_42_03.txt",
      "title": "NATEON_42_03",
      "mediatype": "메신저",
      "medianame": "네이트온",
      "category": "일상대화",
      "date": "2021-11-04",
      "size": 456,
      "annotations": {
        "subject": "교통",
        "speaker_type": "다자간 대화",
        "size": 456,
        "word_size": 165,
        "text": "1 : 오늘 걸어서 출근했는데 가깝네?\n2 : 오 오늘은 몸이 가벼웠나 보네 키키\n3 : 너 오늘 지각 안 했어?\n1 : 카카오맵으로 지름길 찾아서 갔지 키키\n2 : 오 대박 키키\n2 : 지름길 찾았으니 더 자겠네?\n3 : 오 카카오맵에 지름길도 나와?\n1 : 응 당연하지\n1 : 제일 가까운 길로!\n1 : 더 잘 수 있어 ㅠㅠ\n2 : 응 가깝게 지름길 다니면 좋지 키키\n3 : 오오 나도 이참에 뚜벅이 해 볼까\n1 : 응 은근 걷는 게 더 가까워\n2 : 나도 걸어 다닐 수 있는 거리 다니고 싶다 ㅠㅠ\n3 : 맞아\n3 : 가까운 거리는 걷는 게 낫지\n1 : 응 아침에 운동도 되고 좋아\n2 : 난 여기 교통도 불편하고 ㅠㅠ\n2 : 차로 다녀야 되는데 달려서 18분 ㅠㅠ\n3 : 키키 출근 핑계로 운동해 버리기~\n1 : 헐 미쳤다\n1 : 18분?\n1 : 좀 먼데\n2 : 웅 나도 그래서 가까운 데 다니고 싶어 ㅠㅠ\n3 : 그건 안 되겠다\n3 : 버스 타자...",
        "lines": [
          {
            "id": 1,
            "text": "1 : 오늘 걸어서 출근했는데 가깝네?",
            "norm_text": "오늘 걸어서 출근했는데 가깝네?",
            "speaker": {
              "id": "1번",
              "sex": "여성",
              "age": "20대"
            },
            "speechAct": "(단언) 진술하기",
            "morpheme": "오늘/MAG+걸어서/VV+EC+출근/NNG+했/XSV+EP+는데/EC+가깝/VA+네/EF"
          },
          {
            "id": 2,
            "text": "2 : 오 오늘은 몸이 가벼웠나 보네 키키",
            "norm_text": "오 오늘은 몸이 가벼웠나 보네 키키",
            "speaker": {
              "id": "2번",
              "sex": "여성",
              "age": "20대"
            },
            "speechAct": "(단언) 주장하기",
            "morpheme": "오/NR+오늘/NNG+은/JX+몸/NNG+이/JKS+가벼웠/VA+EP+나/EC+보/VX+네/EF+키/NNG+키/XSV+ETN"
          },
          {
            "id": 3,
            "text": "3 : 너 오늘 지각 안 했어?",
            "norm_text": "너 오늘 지각 안 했어?",
            "speaker": {
              "id": "3번",
              "sex": "남성",
              "age": "20대"
            },
            "speechAct": "(지시) 질문하기",
            "morpheme": "너/NP+오늘/MAG+지각/NNG+안/MAG+했/VV+EP+어/EF"
          },
          {
            "id": 4,
            "text": "1 : 카카오맵으로 지름길 찾아서 갔지 키키",
            "norm_text": "카카오맵으로 지름길 찾아서 갔지 키키",
            "speaker": {
              "id": "1번",
              "sex": "여성",
              "age": "20대"
            },
            "speechAct": "(단언) 진술하기",
            "morpheme": "카카오/NNP+맵/NNG+으로/JKB+지름길/NNG+찾/VV+아서/EC+갔/VV+EP+지/EC+키/NNG+키/XSV+ETN"
          },
          {
            "id": 5,
            "text": "2 : 오 대박 키키",
            "norm_text": "오 대박 키키",
            "speaker": {
              "id": "2번",
              "sex": "여성",
              "age": "20대"
            },
            "speechAct": "(단언) 주장하기",
            "morpheme": "오/NR+대/NNBC+박/NNP+키키/NNP"
          },
          {
            "id": 6,
            "text": "2 : 지름길 찾았으니 더 자겠네?",
            "norm_text": "지름길 찾았으니 더 자겠네?",
            "speaker": {
              "id": "2번",
              "sex": "여성",
              "age": "20대"
            },
            "speechAct": "(지시) 질문하기",
            "morpheme": "지름길/NNG+찾/VV+았/EP+으니/EC+더/MAG+자/VV+겠/EP+네/EF"
          },
          {
            "id": 7,
            "text": "3 : 오 카카오맵에 지름길도 나와?",
            "norm_text": "오 카카오맵에 지름길도 나와?",
            "speaker": {
              "id": "3번",
              "sex": "남성",
              "age": "20대"
            },
            "speechAct": "(지시) 질문하기",
            "morpheme": "오/NR+카카오/NNG+맵/NNG+에/JKB+지름길/NNG+도/JX+나와/VV+EF"
          },
          {
            "id": 8,
            "text": "1 : 응 당연하지",
            "norm_text": "응 당연하지",
            "speaker": {
              "id": "1번",
              "sex": "여성",
              "age": "20대"
            },
            "speechAct": "(단언) 주장하기",
            "morpheme": "응/IC+당연/XR+하/XSA+지/EC"
          },
          {
            "id": 9,
            "text": "1 : 제일 가까운 길로!",
            "norm_text": "제일 가까운 길로!",
            "speaker": {
              "id": "1번",
              "sex": "여성",
              "age": "20대"
            },
            "speechAct": "(단언) 진술하기",
            "morpheme": "제일/MAG+가까운/VA+ETM+길/NNG+로/JKB"
          },
          {
            "id": 10,
            "text": "1 : 더 잘 수 있어 ㅠㅠ",
            "norm_text": "더 잘 수 있어 ㅠㅠ",
            "speaker": {
              "id": "1번",
              "sex": "여성",
              "age": "20대"
            },
            "speechAct": "(단언) 주장하기",
            "morpheme": "더잘수있어ㅠㅠ/UNKNOWN"
          },
          {
            "id": 11,
            "text": "2 : 응 가깝게 지름길 다니면 좋지 키키",
            "norm_text": "응 가깝게 지름길 다니면 좋지 키키",
            "speaker": {
              "id": "2번",
              "sex": "여성",
              "age": "20대"
            },
            "speechAct": "(단언) 주장하기",
            "morpheme": "응/IC+가깝/VA+게/EC+지름길/NNG+다니/VV+면/EC+좋/VA+지/EC+키/NNG+키/XSV+ETN"
          },
          {
            "id": 12,
            "text": "3 : 오오 나도 이참에 뚜벅이 해 볼까",
            "norm_text": "오오 나도 이참에 뚜벅이 해 볼까",
            "speaker": {
              "id": "3번",
              "sex": "남성",
              "age": "20대"
            },
            "speechAct": "(단언) 주장하기",
            "morpheme": "오오/IC+나/NP+도/JX+이/MM+참/NNB+에/JKB+뚜벅/MAG+이해/NNG+볼까/VV+EC"
          },
          {
            "id": 13,
            "text": "1 : 응 은근 걷는 게 더 가까워",
            "norm_text": "응 은근 걷는 게 더 가까워",
            "speaker": {
              "id": "1번",
              "sex": "여성",
              "age": "20대"
            },
            "speechAct": "(단언) 주장하기",
            "morpheme": "응/IC+은근/NNG+걷/VV+는/ETM+게/NNB+JKS+더/MAG+가까워/VA+EC"
          },
          {
            "id": 14,
            "text": "2 : 나도 걸어 다닐 수 있는 거리 다니고 싶다 ㅠㅠ",
            "norm_text": "나도 걸어 다닐 수 있는 거리 다니고 싶다 ㅠㅠ",
            "speaker": {
              "id": "2번",
              "sex": "여성",
              "age": "20대"
            },
            "speechAct": "(단언) 주장하기",
            "morpheme": "나/NP+도/JX+걸/VV+어/EC+다닐/VV+ETM+수/NNB+있/VV+는/ETM+거리/NNG+다니/VV+고/EC+싶/VX+다/EF+ㅠㅠ/UNKNOWN"
          },
          {
            "id": 15,
            "text": "3 : 맞아",
            "norm_text": "맞아",
            "speaker": {
              "id": "3번",
              "sex": "남성",
              "age": "20대"
            },
            "speechAct": "(단언) 주장하기",
            "morpheme": "맞/VV+아/EC"
          },
          {
            "id": 16,
            "text": "3 : 가까운 거리는 걷는 게 낫지",
            "norm_text": "가까운 거리는 걷는 게 낫지",
            "speaker": {
              "id": "3번",
              "sex": "남성",
              "age": "20대"
            },
            "speechAct": "(단언) 주장하기",
            "morpheme": "가까운/VA+ETM+거리/NNG+는/JX+걷/VV+는/ETM+게/NNB+JKS+낫/VA+지/EC"
          },
          {
            "id": 17,
            "text": "1 : 응 아침에 운동도 되고 좋아",
            "norm_text": "응 아침에 운동도 되고 좋아",
            "speaker": {
              "id": "1번",
              "sex": "여성",
              "age": "20대"
            },
            "speechAct": "(단언) 주장하기",
            "morpheme": "응/IC+아침/NNG+에/JKB+운동/NNG+도/JX+되/VV+고/EC+좋/VA+아/EC"
          },
          {
            "id": 18,
            "text": "2 : 난 여기 교통도 불편하고 ㅠㅠ",
            "norm_text": "난 여기 교통도 불편하고 ㅠㅠ",
            "speaker": {
              "id": "2번",
              "sex": "여성",
              "age": "20대"
            },
            "speechAct": "(단언) 진술하기",
            "morpheme": "난/NP+JX+여기/NP+교통/NNG+도/JX+불편/NNG+하/XSV+고/EC+ㅠㅠ/UNKNOWN"
          },
          {
            "id": 19,
            "text": "2 : 차로 다녀야 되는데 달려서 18분 ㅠㅠ",
            "norm_text": "차로 다녀야 되는데 달려서 18분 ㅠㅠ",
            "speaker": {
              "id": "2번",
              "sex": "여성",
              "age": "20대"
            },
            "speechAct": "(단언) 진술하기",
            "morpheme": "차/NNG+로/JKB+다녀야/VV+EC+되/VV+는/ETM+데/NNB+달려서/VV+EC+18/SN+분ㅠㅠ/UNKNOWN"
          },
          {
            "id": 20,
            "text": "3 : 키키 출근 핑계로 운동해 버리기~",
            "norm_text": "키키 출근 핑계로 운동해 버리기~",
            "speaker": {
              "id": "3번",
              "sex": "남성",
              "age": "20대"
            },
            "speechAct": "(단언) 주장하기",
            "morpheme": "키/NNG+키/NNG+출근/NNG+핑계/NNG+로/JKB+운동/NNG+해/XSV+EC+버리/VX+기/ETN+~/SY"
          },
          {
            "id": 21,
            "text": "1 : 헐 미쳤다",
            "norm_text": "헐 미쳤다",
            "speaker": {
              "id": "1번",
              "sex": "여성",
              "age": "20대"
            },
            "speechAct": "(단언) 주장하기",
            "morpheme": "헐/VV+JKO+미쳤/VV+EP+다/EC"
          },
          {
            "id": 22,
            "text": "1 : 18분?",
            "norm_text": "18분?",
            "speaker": {
              "id": "1번",
              "sex": "여성",
              "age": "20대"
            },
            "speechAct": "(지시) 질문하기",
            "morpheme": "18/SN+분/NNBC"
          },
          {
            "id": 23,
            "text": "1 : 좀 먼데",
            "norm_text": "좀 먼데",
            "speaker": {
              "id": "1번",
              "sex": "여성",
              "age": "20대"
            },
            "speechAct": "(단언) 주장하기",
            "morpheme": "좀/MAG+먼데/VA+ETM+NNB"
          },
          {
            "id": 24,
            "text": "2 : 웅 나도 그래서 가까운 데 다니고 싶어 ㅠㅠ",
            "norm_text": "웅 나도 그래서 가까운 데 다니고 싶어 ㅠㅠ",
            "speaker": {
              "id": "2번",
              "sex": "여성",
              "age": "20대"
            },
            "speechAct": "(단언) 진술하기",
            "morpheme": "웅/IC+나/NP+도/JX+그래서/MAJ+가까운/VA+ETM+데/NNB+다니/VV+고/EC+싶/VX+어/EC+ㅠㅠ/UNKNOWN"
          },
          {
            "id": 25,
            "text": "3 : 그건 안 되겠다",
            "norm_text": "그건 안 되겠다",
            "speaker": {
              "id": "3번",
              "sex": "남성",
              "age": "20대"
            },
            "speechAct": "(단언) 주장하기",
            "morpheme": "그건/NP+JX+안/MAG+되/VV+겠/EP+다/EC"
          },
          {
            "id": 26,
            "text": "3 : 버스 타자...",
            "norm_text": "버스 타자...",
            "speaker": {
              "id": "3번",
              "sex": "남성",
              "age": "20대"
            },
            "speechAct": "(지시) 충고/제안하기",
            "morpheme": "버스/NNG+타/VV+자/EF+./SY"
          }
        ]
      }
    }
  ]
}