{
  "dataset": {
    "identifier": 112077,
    "name": "NATEON_37_15_set",
    "src_path": "/data/file/cubeManager/PROJECT001/80/txt20211103151015023478/NATEON_37_15_set/",
    "label_path": "/data/file/cubeManager/PROJECT001/80/txt20211103151015023478/NATEON_37_15_set/",
    "category": 2,
    "type": 0
  },
  "licenses": {
    "name": "Apache License 1.0",
    "url": "http://www.apache.org/licenses/LICENSE-1.0"
  },
  "info": [
    {
      "id": 134458,
      "filename": "NATEON_37_15.txt",
      "title": "NATEON_37_15",
      "mediatype": "메신저",
      "medianame": "네이트온",
      "category": "일상대화",
      "date": "2021-11-03",
      "size": 420,
      "annotations": {
        "subject": "타 국가 이슈",
        "speaker_type": "다자간 대화",
        "size": 420,
        "word_size": 146,
        "text": "1 : 이번에 중국에서 완전 대박 사건\n2 : 왜 중국에서 또 뭔 짓 했어?\n3 : 중국은 항상 대박 사건 일어나잖아\n1 : 키키 아 그런 안 좋은 일이 아니라고!\n2 : 아 중국도 좋은 일을 했나 보네?!\n2 : 뭔데 하하\n3 : 그럼 무슨 일로 대박 사건인데?\n1 : 중국에서 31톤 금광이 발견 됐어\n2 : 헐 대박 그런 건 왜 우리나라에서 안 터지냐 ㅠㅠ\n3 : 헐 31톤?\n3 : 엄청난 거 아니야?\n1 : 응 최대 51톤까지 될 거 같대\n2 : 대박이다\n2 : 그럼 그거 발견 한 사람이 주인이야?\n3 : 오, 매장량이 엄청나구나 진짜\n1 : 아니 그건 국가 소유지\n2 : 아 발견 한 사람한테 따로 보상은 안 해주려나...\n3 : 와, 진짜 간만에 땡 잡았네\n1 : 진짜 매장량이 장난 아니야\n2 : 와 나도 실제로 한번 보고 싶다 키키\n3 : 아마 국가에서 계속 조사했겠지",
        "lines": [
          {
            "id": 1,
            "text": "1 : 이번에 중국에서 완전 대박 사건",
            "norm_text": "이번에 중국에서 완전 대박 사건",
            "speaker": {
              "id": "1번",
              "sex": "여성",
              "age": "20대"
            },
            "speechAct": "(단언) 진술하기",
            "morpheme": "이번/NNG+에/JKB+중국/NNP+에서/JKB+완전/NNG+대박/NNG+사건/NNG"
          },
          {
            "id": 2,
            "text": "2 : 왜 중국에서 또 뭔 짓 했어?",
            "norm_text": "왜 중국에서 또 뭔 짓 했어?",
            "speaker": {
              "id": "2번",
              "sex": "여성",
              "age": "20대"
            },
            "speechAct": "(단언) 주장하기",
            "morpheme": "왜/MAG+중국/NNP+에서/JKB+또/MAG+뭔/MM+짓/NNB+했/VV+EP+어/EF"
          },
          {
            "id": 3,
            "text": "3 : 중국은 항상 대박 사건 일어나잖아",
            "norm_text": "중국은 항상 대박 사건 일어나잖아",
            "speaker": {
              "id": "3번",
              "sex": "남성",
              "age": "20대"
            },
            "speechAct": "(단언) 진술하기",
            "morpheme": "중국/NNP+은/JX+항상/MAG+대박/NNG+사건/NNG+일어나/VV+잖아/EC"
          },
          {
            "id": 4,
            "text": "1 : 키키 아 그런 안 좋은 일이 아니라고!",
            "norm_text": "키키 아 그런 안 좋은 일이 아니라고!",
            "speaker": {
              "id": "1번",
              "sex": "여성",
              "age": "20대"
            },
            "speechAct": "(단언) 진술하기",
            "morpheme": "키/NNG+키/VV+아/EC+그런/MM+안/MAG+좋/VA+은/ETM+일/NNG+이/JKC+아니/VCN+라고/EC"
          },
          {
            "id": 5,
            "text": "2 : 아 중국도 좋은 일을 했나 보네?!",
            "norm_text": "아 중국도 좋은 일을 했나 보네?!",
            "speaker": {
              "id": "2번",
              "sex": "여성",
              "age": "20대"
            },
            "speechAct": "(단언) 진술하기",
            "morpheme": "아/IC+중국/NNP+도/JX+좋/VA+은/ETM+일/NNG+을/JKO+했/VV+EP+나/EC+보/VX+네/EF+?/SY"
          },
          {
            "id": 6,
            "text": "2 : 뭔데 하하",
            "norm_text": "뭔데 하하",
            "speaker": {
              "id": "2번",
              "sex": "여성",
              "age": "20대"
            },
            "speechAct": "(지시) 질문하기",
            "morpheme": "뭔데/NP+VCP+EC+하하/MAG"
          },
          {
            "id": 7,
            "text": "3 : 그럼 무슨 일로 대박 사건인데?",
            "norm_text": "그럼 무슨 일로 대박 사건인데?",
            "speaker": {
              "id": "3번",
              "sex": "남성",
              "age": "20대"
            },
            "speechAct": "(단언) 주장하기",
            "morpheme": "그럼/MAJ+무슨/MM+일/NNG+로/JKB+대박/NNG+사건/NNG+인데/VCP+EF"
          },
          {
            "id": 8,
            "text": "1 : 중국에서 31톤 금광이 발견 됐어",
            "norm_text": "중국에서 31톤 금광이 발견 됐어",
            "speaker": {
              "id": "1번",
              "sex": "여성",
              "age": "20대"
            },
            "speechAct": "(단언) 진술하기",
            "morpheme": "중국/NNP+에서/JKB+31/SN+톤/NNBC+금광/NNG+이/JKS+발견/NNG+됐/XSV+EP+어/EC"
          },
          {
            "id": 9,
            "text": "2 : 헐 대박 그런 건 왜 우리나라에서 안 터지냐 ㅠㅠ",
            "norm_text": "헐 대박 그런 건 왜 우리나라에서 안 터지냐 ㅠㅠ",
            "speaker": {
              "id": "2번",
              "sex": "여성",
              "age": "20대"
            },
            "speechAct": "(단언) 진술하기",
            "morpheme": "헐/IC+대박/NNG+그런/MM+건/NNB+JX+왜/MAG+우리/NP+나라/NNG+에서/JKB+안/MAG+터지/VV+냐/EC+ㅠㅠ/UNKNOWN"
          },
          {
            "id": 10,
            "text": "3 : 헐 31톤?",
            "norm_text": "헐 31톤?",
            "speaker": {
              "id": "3번",
              "sex": "남성",
              "age": "20대"
            },
            "speechAct": "턴토크 사인(관습적 반응)",
            "morpheme": "헐/VV+ETM+31/SN+톤/NNBC"
          },
          {
            "id": 11,
            "text": "3 : 엄청난 거 아니야?",
            "norm_text": "엄청난 거 아니야?",
            "speaker": {
              "id": "3번",
              "sex": "남성",
              "age": "20대"
            },
            "speechAct": "(단언) 주장하기",
            "morpheme": "엄청난/VA+ETM+거/NNB+아니/VCN+야/EF"
          },
          {
            "id": 12,
            "text": "1 : 응 최대 51톤까지 될 거 같대",
            "norm_text": "응 최대 51톤까지 될 거 같대",
            "speaker": {
              "id": "1번",
              "sex": "여성",
              "age": "20대"
            },
            "speechAct": "(단언) 진술하기",
            "morpheme": "응/IC+최대/NNG+51/SN+톤/NNBC+까지/JX+될/VV+ETM+거/NNB+같/VA+대/EC"
          },
          {
            "id": 13,
            "text": "2 : 대박이다",
            "norm_text": "대박이다",
            "speaker": {
              "id": "2번",
              "sex": "여성",
              "age": "20대"
            },
            "speechAct": "턴토크 사인(관습적 반응)",
            "morpheme": "대박/NNG+이/VCP+다/EC"
          },
          {
            "id": 14,
            "text": "2 : 그럼 그거 발견 한 사람이 주인이야?",
            "norm_text": "그럼 그거 발견 한 사람이 주인이야?",
            "speaker": {
              "id": "2번",
              "sex": "여성",
              "age": "20대"
            },
            "speechAct": "(지시) 질문하기",
            "morpheme": "그럼/MAJ+그거/NP+발견/NNG+한/XSA+ETM+사람/NNG+이/JKS+주인/NNG+이/VCP+야/EF"
          },
          {
            "id": 15,
            "text": "3 : 오, 매장량이 엄청나구나 진짜",
            "norm_text": "오, 매장량이 엄청나구나 진짜",
            "speaker": {
              "id": "3번",
              "sex": "남성",
              "age": "20대"
            },
            "speechAct": "(단언) 진술하기",
            "morpheme": "오/IC+,/SC+매장량/NNG+이/JKS+엄청나/VA+구나/EF+진짜/MAG"
          },
          {
            "id": 16,
            "text": "1 : 아니 그건 국가 소유지",
            "norm_text": "아니 그건 국가 소유지",
            "speaker": {
              "id": "1번",
              "sex": "여성",
              "age": "20대"
            },
            "speechAct": "(단언) 진술하기",
            "morpheme": "아니/IC+그건/NP+JX+국가/NNG+소유지/NNG"
          },
          {
            "id": 17,
            "text": "2 : 아 발견 한 사람한테 따로 보상은 안 해주려나...",
            "norm_text": "아 발견 한 사람한테 따로 보상은 안 해주려나...",
            "speaker": {
              "id": "2번",
              "sex": "여성",
              "age": "20대"
            },
            "speechAct": "(단언) 진술하기",
            "morpheme": "아/IC+발견/NNG+한/XSA+ETM+사람/NNG+한테/JKB+따로/MAG+보상/NNG+은/JX+안/MAG+해/VV+EC+주/VX+려나/EF+./SY"
          },
          {
            "id": 18,
            "text": "3 : 와, 진짜 간만에 땡 잡았네",
            "norm_text": "와, 진짜 간만에 땡 잡았네",
            "speaker": {
              "id": "3번",
              "sex": "남성",
              "age": "20대"
            },
            "speechAct": "(단언) 주장하기",
            "morpheme": "와/IC+,/SC+진짜/MAG+간만에/MAG+땡/MAG+잡/VV+았/EP+네/EF"
          },
          {
            "id": 19,
            "text": "1 : 진짜 매장량이 장난 아니야",
            "norm_text": "진짜 매장량이 장난 아니야",
            "speaker": {
              "id": "1번",
              "sex": "여성",
              "age": "20대"
            },
            "speechAct": "(단언) 주장하기",
            "morpheme": "진짜/MAG+매장량/NNG+이/JKS+장난/NNG+아니/VCN+야/EC"
          },
          {
            "id": 20,
            "text": "2 : 와 나도 실제로 한번 보고 싶다 키키",
            "norm_text": "와 나도 실제로 한번 보고 싶다 키키",
            "speaker": {
              "id": "2번",
              "sex": "여성",
              "age": "20대"
            },
            "speechAct": "(단언) 주장하기",
            "morpheme": "와나/NNP+도/JX+실제로/MAG+한/MM+번/NNBC+보/VV+고/EC+싶/VX+다키키/NNP"
          },
          {
            "id": 21,
            "text": "3 : 아마 국가에서 계속 조사했겠지",
            "norm_text": "아마 국가에서 계속 조사했겠지",
            "speaker": {
              "id": "3번",
              "sex": "남성",
              "age": "20대"
            },
            "speechAct": "(단언) 진술하기",
            "morpheme": "아마/MAG+국가/NNG+에서/JKB+계속/MAG+조사/NNG+했/XSV+EP+겠/EP+지/EC"
          }
        ]
      }
    }
  ]
}