{
  "dataset": {
    "identifier": 116857,
    "name": "NATEON_28_05_set",
    "src_path": "/data/file/cubeManager/PROJECT001/80/txt20211102103851056848/NATEON_28_05_set/",
    "label_path": "/data/file/cubeManager/PROJECT001/80/txt20211102103851056848/NATEON_28_05_set/",
    "category": 2,
    "type": 0
  },
  "licenses": {
    "name": "Apache License 1.0",
    "url": "http://www.apache.org/licenses/LICENSE-1.0"
  },
  "info": [
    {
      "id": 129848,
      "filename": "NATEON_28_05.txt",
      "title": "NATEON_28_05",
      "mediatype": "메신저",
      "medianame": "네이트온",
      "category": "일상대화",
      "date": "2021-11-02",
      "size": 419,
      "annotations": {
        "subject": "군대",
        "speaker_type": "다자간 대화",
        "size": 419,
        "word_size": 146,
        "text": "1 : 내 친구 이번에 제대 했데!\n2 : 이번에? 진짜 이렇게 내가 늙은 거 느끼고...\n3 : 와 군대를 좀 늦게 갔나 봐?\n1 : 응 일 때문에 군대를 좀 늦게 갔어\n2 : 아아 지금 군대 생활은 어떻데?\n3 : 군대는 무조건 일찍 가야 하는데\n1 : 월급도 많이 오르고 괜찮데!\n2 : 맞아 일찍 가는 게 좋다는데 요즘은 갈수록 좋아져서 늦게 가도 좋다고 하더라 키키\n3 : 진짜 월급 많이 올랐지~\n1 : 응 키키 그래서 일부러 늦게 갔나 봐~\n2 : 맞아 머리 쓴 거 일 수도 있어 키키 똑똑해\n3 : 키키 니 친구 일부러 늦게 갔네\n1 : 그런가 봐, 역시 머리 좋아~\n2 : 지금은 핸드폰도 하고 좋지 뭐~\n3 : 키키 나도 늦게 갈 껄!\n1 : 그러게 한번 더 가는 게 어때?\n2 : 맞아 한번 더 들어가는 거 추천 키키\n3 : 아니... 그건 너무 싫은데...?",
        "lines": [
          {
            "id": 1,
            "text": "1 : 내 친구 이번에 제대 했데!",
            "norm_text": "내 친구 이번에 제대 했데!",
            "speaker": {
              "id": "1번",
              "sex": "여성",
              "age": "20대"
            },
            "speechAct": "(단언) 진술하기",
            "morpheme": "내/NP+JKG+친구/NNG+이번/NNG+에/JKB+제대/NNG+했/XSV+EP+데/EF"
          },
          {
            "id": 2,
            "text": "2 : 이번에? 진짜 이렇게 내가 늙은 거 느끼고...",
            "norm_text": "이번에? 진짜 이렇게 내가 늙은 거 느끼고...",
            "speaker": {
              "id": "2번",
              "sex": "여성",
              "age": "20대"
            },
            "speechAct": "(단언) 주장하기",
            "morpheme": "이번/NNG+에/JKB+진짜/MAG+이렇게/MAG+내/NP+가/JKS+늙/VV+은/ETM+거/NNB+느끼/VV+고/EC+./SY+./SY"
          },
          {
            "id": 3,
            "text": "3 : 와 군대를 좀 늦게 갔나 봐?",
            "norm_text": "와 군대를 좀 늦게 갔나 봐?",
            "speaker": {
              "id": "3번",
              "sex": "남성",
              "age": "20대"
            },
            "speechAct": "(지시) 질문하기",
            "morpheme": "와/IC+군대/NNG+를/JKO+좀/MAG+늦/VA+게/EC+갔/VV+EP+나/EC+봐/VX+EF"
          },
          {
            "id": 4,
            "text": "1 : 응 일 때문에 군대를 좀 늦게 갔어",
            "norm_text": "응 일 때문에 군대를 좀 늦게 갔어",
            "speaker": {
              "id": "1번",
              "sex": "여성",
              "age": "20대"
            },
            "speechAct": "(단언) 진술하기",
            "morpheme": "응/IC+일/NNG+때문/NNB+에/JKB+군대/NNG+를/JKO+좀/MAG+늦/VA+게/EC+갔/VV+EP+어/EC"
          },
          {
            "id": 5,
            "text": "2 : 아아 지금 군대 생활은 어떻데?",
            "norm_text": "아아 지금 군대 생활은 어떻데?",
            "speaker": {
              "id": "2번",
              "sex": "여성",
              "age": "20대"
            },
            "speechAct": "(지시) 질문하기",
            "morpheme": "아아/IC+지금/MAG+군대/NNG+생활/NNG+은/JX+어떻/VA+데/EF"
          },
          {
            "id": 6,
            "text": "3 : 군대는 무조건 일찍 가야 하는데",
            "norm_text": "군대는 무조건 일찍 가야 하는데",
            "speaker": {
              "id": "3번",
              "sex": "남성",
              "age": "20대"
            },
            "speechAct": "(단언) 주장하기",
            "morpheme": "군대/NNG+는/JX+무조건/MAG+일찍/MAG+가/VV+야/EC+하/VV+는데/EC"
          },
          {
            "id": 7,
            "text": "1 : 월급도 많이 오르고 괜찮데!",
            "norm_text": "월급도 많이 오르고 괜찮데!",
            "speaker": {
              "id": "1번",
              "sex": "여성",
              "age": "20대"
            },
            "speechAct": "(단언) 진술하기",
            "morpheme": "월급/NNG+도/JX+많이/MAG+오르/VV+고/EC+괜찮/VA+데/EF"
          },
          {
            "id": 8,
            "text": "2 : 맞아 일찍 가는 게 좋다는데 요즘은 갈수록 좋아져서 늦게 가도 좋다고 하더라 키키",
            "norm_text": "맞아 일찍 가는 게 좋다는데 요즘은 갈수록 좋아져서 늦게 가도 좋다고 하더라 키키",
            "speaker": {
              "id": "2번",
              "sex": "여성",
              "age": "20대"
            },
            "speechAct": "(단언) 진술하기",
            "morpheme": "맞아/IC+일찍/MAG+가/VV+는/ETM+게/NNB+JKS+좋/VA+다는데/EC+요즘/NNG+은/JX+갈수록/MAG+좋/VA+아/EC+져서/VX+EC+늦/VA+게/EC+가/VX+도/EC+좋/VA+다고/EC+하/VV+더라/EC+키/NNG+키/XSV+ETN"
          },
          {
            "id": 9,
            "text": "3 : 진짜 월급 많이 올랐지~",
            "norm_text": "진짜 월급 많이 올랐지~",
            "speaker": {
              "id": "3번",
              "sex": "남성",
              "age": "20대"
            },
            "speechAct": "(단언) 진술하기",
            "morpheme": "진짜/MAG+월급/NNG+많이/MAG+올랐/VV+EP+지/EC+~/SY"
          },
          {
            "id": 10,
            "text": "1 : 응 키키 그래서 일부러 늦게 갔나 봐~",
            "norm_text": "응 키키 그래서 일부러 늦게 갔나 봐~",
            "speaker": {
              "id": "1번",
              "sex": "여성",
              "age": "20대"
            },
            "speechAct": "(단언) 진술하기",
            "morpheme": "응/IC+키/NNG+키/XSV+ETN+그래서/MAJ+일부러/MAG+늦/VA+게/EC+갔/VV+EP+나/EC+봐/VX+EC+~/SY"
          },
          {
            "id": 11,
            "text": "2 : 맞아 머리 쓴 거 일 수도 있어 키키 똑똑해",
            "norm_text": "맞아 머리 쓴 거 일 수도 있어 키키 똑똑해",
            "speaker": {
              "id": "2번",
              "sex": "여성",
              "age": "20대"
            },
            "speechAct": "(단언) 주장하기",
            "morpheme": "맞/VV+아/EC+머리/NNG+쓴/VV+ETM+거/NNB+일/VCP+ETM+수/NNB+도/JX+있/VA+어/EC+키/NNG+키/XSV+ETN+똑똑/XR+해/XSA+EC"
          },
          {
            "id": 12,
            "text": "3 : 키키 니 친구 일부러 늦게 갔네",
            "norm_text": "키키 니 친구 일부러 늦게 갔네",
            "speaker": {
              "id": "3번",
              "sex": "남성",
              "age": "20대"
            },
            "speechAct": "(단언) 주장하기",
            "morpheme": "키/NNG+키/VV+니/EC+친구/NNG+일부러/MAG+늦/VA+게/EC+갔/VV+EP+네/EF"
          },
          {
            "id": 13,
            "text": "1 : 그런가 봐, 역시 머리 좋아~",
            "norm_text": "그런가 봐, 역시 머리 좋아~",
            "speaker": {
              "id": "1번",
              "sex": "여성",
              "age": "20대"
            },
            "speechAct": "(단언) 주장하기",
            "morpheme": "그런가/VA+EC+봐/VX+EF+,/SC+역시/MAJ+머리/NNG+좋/VA+아/EC+~/SY"
          },
          {
            "id": 14,
            "text": "2 : 지금은 핸드폰도 하고 좋지 뭐~",
            "norm_text": "지금은 핸드폰도 하고 좋지 뭐~",
            "speaker": {
              "id": "2번",
              "sex": "여성",
              "age": "20대"
            },
            "speechAct": "(단언) 진술하기",
            "morpheme": "지금/MAG+은/JX+핸드폰/NNG+도/JX+하/VV+고/EC+좋/VA+지/EF+뭐/IC+~/SY"
          },
          {
            "id": 15,
            "text": "3 : 키키 나도 늦게 갈 껄!",
            "norm_text": "키키 나도 늦게 갈 껄!",
            "speaker": {
              "id": "3번",
              "sex": "남성",
              "age": "20대"
            },
            "speechAct": "(단언) 주장하기",
            "morpheme": "키/NNG+키나/XSA+ETN+JX+도/JX+늦/VA+게/EC+갈껄/VV+EF"
          },
          {
            "id": 16,
            "text": "1 : 그러게 한번 더 가는 게 어때?",
            "norm_text": "그러게 한번 더 가는 게 어때?",
            "speaker": {
              "id": "1번",
              "sex": "여성",
              "age": "20대"
            },
            "speechAct": "(지시) 질문하기",
            "morpheme": "그러게/IC+한번/MAG+더/MAG+가/VV+는/ETM+게/NNB+JKS+어때/VA+EF"
          },
          {
            "id": 17,
            "text": "2 : 맞아 한번 더 들어가는 거 추천 키키",
            "norm_text": "맞아 한번 더 들어가는 거 추천 키키",
            "speaker": {
              "id": "2번",
              "sex": "여성",
              "age": "20대"
            },
            "speechAct": "(단언) 주장하기",
            "morpheme": "맞/VV+아/EC+한/MM+번/NNBC+더/MAG+들어가/VV+는/ETM+거/NNB+추천/NNG+키/NNG+키/XSV+ETN"
          },
          {
            "id": 18,
            "text": "3 : 아니... 그건 너무 싫은데...?",
            "norm_text": "아니... 그건 너무 싫은데...?",
            "speaker": {
              "id": "3번",
              "sex": "남성",
              "age": "20대"
            },
            "speechAct": "(단언) 주장하기",
            "morpheme": "아니/IC+./SY+그건/NP+JX+너무/MAG+싫/VA+은데/EF+./SY+./SY"
          }
        ]
      }
    }
  ]
}