{
  "dataset": {
    "identifier": 103821,
    "name": "NATEON_27_15_set",
    "src_path": "/data/file/cubeManager/PROJECT001/77/txt20211027152211012928/NATEON_27_15_set/",
    "label_path": "/data/file/cubeManager/PROJECT001/77/txt20211027152211012928/NATEON_27_15_set/",
    "category": 2,
    "type": 0
  },
  "licenses": {
    "name": "Apache License 1.0",
    "url": "http://www.apache.org/licenses/LICENSE-1.0"
  },
  "info": [
    {
      "id": 99456,
      "filename": "NATEON_27_15.txt",
      "title": "NATEON_27_15",
      "mediatype": "메신저",
      "medianame": "네이트온",
      "category": "일상대화",
      "date": "2021-10-27",
      "size": 415,
      "annotations": {
        "subject": "타 국가 이슈",
        "speaker_type": "다자간 대화",
        "size": 415,
        "word_size": 141,
        "text": "1 : 이번에 미국에서 난리가 났던데\n2 : 미국에서?\n2 : 왜 또 거기 뭔일 있대?\n3 : 미국은 항상 난리 아니야? 키키\n1 : 이번에 태국에서 의료용 장갑을 수입했대!\n2 : 태국에서 의료용 장갑?\n2 : 근데 그게 왜?\n3 : 엥 의료용 장갑?\n3 : 그게 왜?\n1 : 근데 그게 중고로 쓴 거도 있었나봐!\n2 : 헐 태국에서 쓴 거를 판 거야?\n3 : 헐, 의료용인데 그건 심했다\n1 : 그러니까\n1 : 아마 태국에서 그렇게 한 거 같아\n3 : 요즘 코로나여서 더 조심해야 되는데ㅠ\n1 : 그래서 아마 미국측에서 다시 보낼 건가봐\n2 : 어 그거 환불 해야겠다 ㅠㅠ\n2 : 양 많겠지?\n3 : 와 양 진짜 많겠다...\n1 : 태국측이 이번엔 정말 잘못했어 ㅠㅠ\n2 : 그런 거 창피한 거 알고 양심은 안 속였으면 좋겠어 ㅠㅠ\n3 : 이런 의료용 물품은 진짜 조심해야 해",
        "lines": [
          {
            "id": 1,
            "text": "1 : 이번에 미국에서 난리가 났던데",
            "norm_text": "이번에 미국에서 난리가 났던데",
            "speaker": {
              "id": "1번",
              "sex": "여성",
              "age": "20대"
            },
            "speechAct": "(단언) 주장하기",
            "morpheme": "이번/NNG+에/JKB+미국/NNP+에서/JKB+난리/NNG+가/JKS+났/VV+EP+던데/EC"
          },
          {
            "id": 2,
            "text": "2 : 미국에서?",
            "norm_text": "미국에서?",
            "speaker": {
              "id": "2번",
              "sex": "여성",
              "age": "20대"
            },
            "speechAct": "(지시) 질문하기",
            "morpheme": "미국/NNP+에서/JKB"
          },
          {
            "id": 3,
            "text": "2 : 왜 또 거기 뭔일 있대?",
            "norm_text": "왜 또 거기 뭔일 있대?",
            "speaker": {
              "id": "2번",
              "sex": "여성",
              "age": "20대"
            },
            "speechAct": "(지시) 질문하기",
            "morpheme": "왜/MAG+또/MAG+거기/NP+뭔일/NP+있/VA+대/EF"
          },
          {
            "id": 4,
            "text": "3 : 미국은 항상 난리 아니야? 키키",
            "norm_text": "미국은 항상 난리 아니야? 키키",
            "speaker": {
              "id": "3번",
              "sex": "남성",
              "age": "20대"
            },
            "speechAct": "(지시) 질문하기",
            "morpheme": "미국/NNP+은/JX+항상/MAG+난리/NNG+아니/VCN+야/EF+키/NNG+키/XSV+ETN"
          },
          {
            "id": 5,
            "text": "1 : 이번에 태국에서 의료용 장갑을 수입했대!",
            "norm_text": "이번에 태국에서 의료용 장갑을 수입했대!",
            "speaker": {
              "id": "1번",
              "sex": "여성",
              "age": "20대"
            },
            "speechAct": "(단언) 진술하기",
            "morpheme": "이번/NNG+에/JKB+태국/NNP+에서/JKB+의료/NNG+용/XSN+장갑/NNG+을/JKO+수입/NNG+했/XSV+EP+대/EF"
          },
          {
            "id": 6,
            "text": "2 : 태국에서 의료용 장갑?",
            "norm_text": "태국에서 의료용 장갑?",
            "speaker": {
              "id": "2번",
              "sex": "여성",
              "age": "20대"
            },
            "speechAct": "(지시) 질문하기",
            "morpheme": "태국/NNP+에서/JKB+의료/NNG+용/XSN+장갑/NNG"
          },
          {
            "id": 7,
            "text": "2 : 근데 그게 왜?",
            "norm_text": "근데 그게 왜?",
            "speaker": {
              "id": "2번",
              "sex": "여성",
              "age": "20대"
            },
            "speechAct": "(지시) 질문하기",
            "morpheme": "근데/MAJ+그게/NP+JKS+왜/MAG"
          },
          {
            "id": 8,
            "text": "3 : 엥 의료용 장갑?",
            "norm_text": "엥 의료용 장갑?",
            "speaker": {
              "id": "3번",
              "sex": "남성",
              "age": "20대"
            },
            "speechAct": "(지시) 질문하기",
            "morpheme": "엥/IC+의료/NNG+용/XSN+장갑/NNG"
          },
          {
            "id": 9,
            "text": "3 : 그게 왜?",
            "norm_text": "그게 왜?",
            "speaker": {
              "id": "3번",
              "sex": "남성",
              "age": "20대"
            },
            "speechAct": "(지시) 질문하기",
            "morpheme": "그게/NP+JKS+왜/MAG"
          },
          {
            "id": 10,
            "text": "1 : 근데 그게 중고로 쓴 거도 있었나봐!",
            "norm_text": "근데 그게 중고로 쓴 거도 있었나봐!",
            "speaker": {
              "id": "1번",
              "sex": "여성",
              "age": "20대"
            },
            "speechAct": "(단언) 진술하기",
            "morpheme": "근데/MAJ+그게/NP+JKS+중고/NNG+로/JKB+쓴/VV+ETM+거/NNB+도/JX+있/VA+었/EP+나/EC+봐/VX+EF"
          },
          {
            "id": 11,
            "text": "2 : 헐 태국에서 쓴 거를 판 거야?",
            "norm_text": "헐 태국에서 쓴 거를 판 거야?",
            "speaker": {
              "id": "2번",
              "sex": "여성",
              "age": "20대"
            },
            "speechAct": "(지시) 질문하기",
            "morpheme": "헐/IC+태국/NNP+에서/JKB+쓴/VV+ETM+거/NNB+를/JKO+판/VV+ETM+거/NNB+야/VCP+EF"
          },
          {
            "id": 12,
            "text": "3 : 헐, 의료용인데 그건 심했다",
            "norm_text": "헐, 의료용인데 그건 심했다",
            "speaker": {
              "id": "3번",
              "sex": "남성",
              "age": "20대"
            },
            "speechAct": "(단언) 주장하기",
            "morpheme": "헐/IC+,/SC+의료/NNG+용/XSN+인데/VCP+EC+그건/NP+JX+심했/VA+EP+다/EC"
          },
          {
            "id": 13,
            "text": "1 : 그러니까",
            "norm_text": "그러니까",
            "speaker": {
              "id": "1번",
              "sex": "여성",
              "age": "20대"
            },
            "speechAct": "(단언) 주장하기",
            "morpheme": "그러니까/MAJ"
          },
          {
            "id": 14,
            "text": "1 : 아마 태국에서 그렇게 한 거 같아",
            "norm_text": "아마 태국에서 그렇게 한 거 같아",
            "speaker": {
              "id": "1번",
              "sex": "여성",
              "age": "20대"
            },
            "speechAct": "(단언) 주장하기",
            "morpheme": "아마/MAG+태국/NNP+에서/JKB+그렇게/MAG+한/XSA+ETM+거/NNB+같/VA+아/EC"
          },
          {
            "id": 15,
            "text": "3 : 요즘 코로나여서 더 조심해야 되는데ㅠ",
            "norm_text": "요즘 코로나여서 더 조심해야 되는데ㅠ",
            "speaker": {
              "id": "3번",
              "sex": "남성",
              "age": "20대"
            },
            "speechAct": "(단언) 주장하기",
            "morpheme": "요즘/NNG+코로나/NNG+여서/VCP+EC+더/MAG+조심/NNG+해야/XSV+EC+되/VV+는/ETM+데ㅠ/UNKNOWN"
          },
          {
            "id": 16,
            "text": "1 : 그래서 아마 미국측에서 다시 보낼 건가봐",
            "norm_text": "그래서 아마 미국측에서 다시 보낼 건가봐",
            "speaker": {
              "id": "1번",
              "sex": "여성",
              "age": "20대"
            },
            "speechAct": "(단언) 진술하기",
            "morpheme": "그래서/MAJ+아마/MAG+미국/NNP+측/NNB+에서/JKB+다시/MAG+보낼/VV+ETM+건가/NNB+VCP+EC+봐/VX+EC"
          },
          {
            "id": 17,
            "text": "2 : 어 그거 환불 해야겠다 ㅠㅠ",
            "norm_text": "어 그거 환불 해야겠다 ㅠㅠ",
            "speaker": {
              "id": "2번",
              "sex": "여성",
              "age": "20대"
            },
            "speechAct": "(단언) 주장하기",
            "morpheme": "어/IC+그거/NP+환불/NNG+해야/XSV+EC+VX+겠/EP+다/EF+ㅠㅠ/UNKNOWN"
          },
          {
            "id": 18,
            "text": "2 : 양 많겠지?",
            "norm_text": "양 많겠지?",
            "speaker": {
              "id": "2번",
              "sex": "여성",
              "age": "20대"
            },
            "speechAct": "(지시) 질문하기",
            "morpheme": "양/MM+많/VA+겠/EP+지/EF"
          },
          {
            "id": 19,
            "text": "3 : 와 양 진짜 많겠다...",
            "norm_text": "와 양 진짜 많겠다...",
            "speaker": {
              "id": "3번",
              "sex": "남성",
              "age": "20대"
            },
            "speechAct": "(단언) 주장하기",
            "morpheme": "와양/NNP+진짜/MAG+많/VA+겠/EP+다/EF+./SY"
          },
          {
            "id": 20,
            "text": "1 : 태국측이 이번엔 정말 잘못했어 ㅠㅠ",
            "norm_text": "태국측이 이번엔 정말 잘못했어 ㅠㅠ",
            "speaker": {
              "id": "1번",
              "sex": "여성",
              "age": "20대"
            },
            "speechAct": "(단언) 주장하기",
            "morpheme": "태국/NNP+측/NNB+이/JKS+이번/NNG+엔/JKB+JX+정말/MAG+잘못/MAG+했/VV+EP+어/EF+ㅠㅠ/UNKNOWN"
          },
          {
            "id": 21,
            "text": "2 : 그런 거 창피한 거 알고 양심은 안 속였으면 좋겠어 ㅠㅠ",
            "norm_text": "그런 거 창피한 거 알고 양심은 안 속였으면 좋겠어 ㅠㅠ",
            "speaker": {
              "id": "2번",
              "sex": "여성",
              "age": "20대"
            },
            "speechAct": "(단언) 주장하기",
            "morpheme": "그런/MM+거/NNB+창피/XR+한/XSA+ETM+거/NNB+알/VV+고/EC+양심/NNG+은/JX+안/MAG+속였/VV+EP+으면/EC+좋/VA+겠/EP+어/EF+ㅠㅠ/UNKNOWN"
          },
          {
            "id": 22,
            "text": "3 : 이런 의료용 물품은 진짜 조심해야 해",
            "norm_text": "이런 의료용 물품은 진짜 조심해야 해",
            "speaker": {
              "id": "3번",
              "sex": "남성",
              "age": "20대"
            },
            "speechAct": "(단언) 주장하기",
            "morpheme": "이런/MM+의료/NNG+용/XSN+물품/NNG+은/JX+진짜/MAG+조심/NNG+해야/XSV+EC+해/VV+EC"
          }
        ]
      }
    }
  ]
}