{
  "dataset": {
    "identifier": 117729,
    "name": "NATEON_30_10_set",
    "src_path": "/data/file/cubeManager/PROJECT001/80/txt20211102113529055527/NATEON_30_10_set/",
    "label_path": "/data/file/cubeManager/PROJECT001/80/txt20211102113529055527/NATEON_30_10_set/",
    "category": 2,
    "type": 0
  },
  "licenses": {
    "name": "Apache License 1.0",
    "url": "http://www.apache.org/licenses/LICENSE-1.0"
  },
  "info": [
    {
      "id": 129973,
      "filename": "NATEON_30_10.txt",
      "title": "NATEON_30_10",
      "mediatype": "메신저",
      "medianame": "네이트온",
      "category": "일상대화",
      "date": "2021-11-02",
      "size": 414,
      "annotations": {
        "subject": "스포츠/레저",
        "speaker_type": "다자간 대화",
        "size": 414,
        "word_size": 146,
        "text": "1 : 나 오늘 산책하다가 런데이 하는 분 봤어\n2 : 런데이?\n2 : 그건 뭐 하는 거야?\n3 : 나도 헬스장에서 런데이 하는데!\n1 : 런데이 기간에 맞춰서 뛰는 연습!\n2 : 아아 난 그건 처음 들어 봐 키키\n3 : 맞아\n3 : 그거 하면 체력 좋아져!\n1 : 나도 전에 런닝 뛰다가 했는데 와... 키키\n2 : 키키 체력 좋아지는 거면 그거 엄청 힘들 거 같다 키키\n3 : 와... 뭐? 키키\n3 :  장난 아니지?\n1 : 응 진짜 장난이 아니더라\n1 : 진짜야\n2 : 그거 얼마 동안 했었어?\n3 : 키키 아 런닝은 항상 진심이야,\n1 : 나 거의 4주차까지 달렸던 거 같아\n3 : 와 그래도 많이 달렸다\n2 : 오 그래도 한 달은 꾸준히 했나 보네!\n1 : 키키 응 역시 운동은 꾸준히야...\n2 : 나도 체력 좀 키워야 되는데 키키\n3 : 지금부터 다시 1주차 뛰어",
        "lines": [
          {
            "id": 1,
            "text": "1 : 나 오늘 산책하다가 런데이 하는 분 봤어",
            "norm_text": "나 오늘 산책하다가 런데이 하는 분 봤어",
            "speaker": {
              "id": "1번",
              "sex": "여성",
              "age": "20대"
            },
            "speechAct": "(단언) 진술하기",
            "morpheme": "나/NP+오늘/MAG+산책/NNG+하/XSV+다가/EC+런데이/NNP+하/VV+는/ETM+분/NNB+봤/VV+EP+어/EC"
          },
          {
            "id": 2,
            "text": "2 : 런데이?",
            "norm_text": "런데이?",
            "speaker": {
              "id": "2번",
              "sex": "여성",
              "age": "20대"
            },
            "speechAct": "(단언) 주장하기",
            "morpheme": "런데이/NNP"
          },
          {
            "id": 3,
            "text": "2 : 그건 뭐 하는 거야?",
            "norm_text": "그건 뭐 하는 거야?",
            "speaker": {
              "id": "2번",
              "sex": "여성",
              "age": "20대"
            },
            "speechAct": "(지시) 질문하기",
            "morpheme": "그건/NP+JX+뭐/NP+하/VV+는/ETM+거/NNB+야/VCP+EF"
          },
          {
            "id": 4,
            "text": "3 : 나도 헬스장에서 런데이 하는데!",
            "norm_text": "나도 헬스장에서 런데이 하는데!",
            "speaker": {
              "id": "3번",
              "sex": "남성",
              "age": "20대"
            },
            "speechAct": "(단언) 진술하기",
            "morpheme": "나/NP+도/JX+헬스/NNG+장/NNG+에서/JKB+런데이/NNP+하/VV+는데/EC"
          },
          {
            "id": 5,
            "text": "1 : 런데이 기간에 맞춰서 뛰는 연습!",
            "norm_text": "런데이 기간에 맞춰서 뛰는 연습!",
            "speaker": {
              "id": "1번",
              "sex": "여성",
              "age": "20대"
            },
            "speechAct": "(단언) 주장하기",
            "morpheme": "런데이/NNP+기간/NNG+에/JKB+맞춰서/VV+EC+뛰/VV+는/ETM+연습/NNG"
          },
          {
            "id": 6,
            "text": "2 : 아아 난 그건 처음 들어 봐 키키",
            "norm_text": "아아 난 그건 처음 들어 봐 키키",
            "speaker": {
              "id": "2번",
              "sex": "여성",
              "age": "20대"
            },
            "speechAct": "(단언) 주장하기",
            "morpheme": "아아/IC+난/NP+JX+그건/NP+JX+처음/MAG+들/VV+어/EC+봐/VX+EF+키/NNG+키/XSV+ETN"
          },
          {
            "id": 7,
            "text": "3 : 맞아",
            "norm_text": "맞아",
            "speaker": {
              "id": "3번",
              "sex": "남성",
              "age": "20대"
            },
            "speechAct": "(단언) 주장하기",
            "morpheme": "맞/VV+아/EC"
          },
          {
            "id": 8,
            "text": "3 : 그거 하면 체력 좋아져!",
            "norm_text": "그거 하면 체력 좋아져!",
            "speaker": {
              "id": "3번",
              "sex": "남성",
              "age": "20대"
            },
            "speechAct": "(단언) 주장하기",
            "morpheme": "그거/NP+하/VV+면/EC+체력/NNG+좋/VA+아/EC+져/VX+EF"
          },
          {
            "id": 9,
            "text": "1 : 나도 전에 런닝 뛰다가 했는데 와... 키키",
            "norm_text": "나도 전에 런닝 뛰다가 했는데 와... 키키",
            "speaker": {
              "id": "1번",
              "sex": "여성",
              "age": "20대"
            },
            "speechAct": "(단언) 진술하기",
            "morpheme": "나/NP+도/JX+전/NNG+에/JKB+런닝/NNG+뛰/VV+다가/EC+했/VX+EP+는데/EC+와/VX+EF+./SY+키/NNG+키/XSV+ETN"
          },
          {
            "id": 10,
            "text": "2 : 키키 체력 좋아지는 거면 그거 엄청 힘들 거 같다 키키",
            "norm_text": "키키 체력 좋아지는 거면 그거 엄청 힘들 거 같다 키키",
            "speaker": {
              "id": "2번",
              "sex": "여성",
              "age": "20대"
            },
            "speechAct": "(단언) 주장하기",
            "morpheme": "키/NNG+키/NNG+체력/NNG+좋/VA+아/EC+지/VX+는/ETM+거/NNB+면/VCP+EC+그거/NP+엄청/MAG+힘들/VA+ETM+거/NNB+같/VA+다키키/NNP"
          },
          {
            "id": 11,
            "text": "3 : 와... 뭐? 키키",
            "norm_text": "와... 뭐? 키키",
            "speaker": {
              "id": "3번",
              "sex": "남성",
              "age": "20대"
            },
            "speechAct": "(단언) 주장하기",
            "morpheme": "와/IC+./SY+뭐/IC+키/NNG+키/XSV+ETN"
          },
          {
            "id": 12,
            "text": "3 :  장난 아니지?",
            "norm_text": "장난 아니지?",
            "speaker": {
              "id": "3번",
              "sex": "남성",
              "age": "20대"
            },
            "speechAct": "(단언) 주장하기",
            "morpheme": "장난/NNG+아니/VCN+지/EF"
          },
          {
            "id": 13,
            "text": "1 : 응 진짜 장난이 아니더라",
            "norm_text": "응 진짜 장난이 아니더라",
            "speaker": {
              "id": "1번",
              "sex": "여성",
              "age": "20대"
            },
            "speechAct": "(단언) 주장하기",
            "morpheme": "응/IC+진짜/MAG+장난/NNG+이/JKC+아니/VCN+더라/EC"
          },
          {
            "id": 14,
            "text": "1 : 진짜야",
            "norm_text": "진짜야",
            "speaker": {
              "id": "1번",
              "sex": "여성",
              "age": "20대"
            },
            "speechAct": "(단언) 주장하기",
            "morpheme": "진짜/MAG+야/JX"
          },
          {
            "id": 15,
            "text": "2 : 그거 얼마 동안 했었어?",
            "norm_text": "그거 얼마 동안 했었어?",
            "speaker": {
              "id": "2번",
              "sex": "여성",
              "age": "20대"
            },
            "speechAct": "(지시) 질문하기",
            "morpheme": "그거/NP+얼마/NNG+동안/NNG+했었/XSV+EP+어/EF"
          },
          {
            "id": 16,
            "text": "3 : 키키 아 런닝은 항상 진심이야,",
            "norm_text": "키키 아 런닝은 항상 진심이야,",
            "speaker": {
              "id": "3번",
              "sex": "남성",
              "age": "20대"
            },
            "speechAct": "(단언) 주장하기",
            "morpheme": "키/NNG+키/VV+아/EC+런닝/NNG+은/JX+항상/MAG+진심/NNG+이/VCP+야/EF+,/SC"
          },
          {
            "id": 17,
            "text": "1 : 나 거의 4주차까지 달렸던 거 같아",
            "norm_text": "나 거의 4주차까지 달렸던 거 같아",
            "speaker": {
              "id": "1번",
              "sex": "여성",
              "age": "20대"
            },
            "speechAct": "(단언) 진술하기",
            "morpheme": "나/NP+거의/MAG+4/SN+주/NNBC+차/XSN+까지/JX+달렸/VV+EP+던/ETM+거/NNB+같/VA+아/EC"
          },
          {
            "id": 18,
            "text": "3 : 와 그래도 많이 달렸다",
            "norm_text": "와 그래도 많이 달렸다",
            "speaker": {
              "id": "3번",
              "sex": "남성",
              "age": "20대"
            },
            "speechAct": "(단언) 주장하기",
            "morpheme": "와/IC+그래도/MAJ+많이/MAG+달렸/VV+EP+다/EC"
          },
          {
            "id": 19,
            "text": "2 : 오 그래도 한 달은 꾸준히 했나 보네!",
            "norm_text": "오 그래도 한 달은 꾸준히 했나 보네!",
            "speaker": {
              "id": "2번",
              "sex": "여성",
              "age": "20대"
            },
            "speechAct": "(단언) 주장하기",
            "morpheme": "오/IC+그래도/MAJ+한/MM+달/NNG+은/JX+꾸준히/MAG+했/VV+EP+나/EC+보/VX+네/EF"
          },
          {
            "id": 20,
            "text": "1 : 키키 응 역시 운동은 꾸준히야...",
            "norm_text": "키키 응 역시 운동은 꾸준히야...",
            "speaker": {
              "id": "1번",
              "sex": "여성",
              "age": "20대"
            },
            "speechAct": "(단언) 주장하기",
            "morpheme": "키/NNG+키/XSV+ETN+응/IC+역시/MAJ+운동/NNG+은/JX+꾸준히/MAG+야/VCP+EF+./SY"
          },
          {
            "id": 21,
            "text": "2 : 나도 체력 좀 키워야 되는데 키키",
            "norm_text": "나도 체력 좀 키워야 되는데 키키",
            "speaker": {
              "id": "2번",
              "sex": "여성",
              "age": "20대"
            },
            "speechAct": "(단언) 주장하기",
            "morpheme": "나/NP+도/JX+체력/NNG+좀/MAG+키워야/VV+EC+되/VV+는데/EC+키/NNG+키/XSV+ETN"
          },
          {
            "id": 22,
            "text": "3 : 지금부터 다시 1주차 뛰어",
            "norm_text": "지금부터 다시 1주차 뛰어",
            "speaker": {
              "id": "3번",
              "sex": "남성",
              "age": "20대"
            },
            "speechAct": "(지시) 충고/제안하기",
            "morpheme": "지금/NNG+부터/JX+다시/MAG+1/SN+주/NNBC+차/XSN+뛰/VV+어/EC"
          }
        ]
      }
    }
  ]
}