{
  "dataset": {
    "identifier": 505,
    "name": "NATEON_21_17_set",
    "src_path": "/data/file/cubeManager/PROJECT001/7/txt20210826181925020060/NATEON_21_17_set/",
    "label_path": "/data/file/cubeManager/PROJECT001/7/txt20210826181925020060/NATEON_21_17_set/",
    "category": 2,
    "type": 0
  },
  "licenses": {
    "name": "Apache License 1.0",
    "url": "http://www.apache.org/licenses/LICENSE-1.0"
  },
  "info": [
    {
      "id": 796,
      "filename": "NATEON_21_17.txt",
      "title": "NATEON_21_17",
      "mediatype": "메신저",
      "medianame": "네이트온",
      "category": "일상대화",
      "date": "2021-08-26",
      "size": 504,
      "annotations": {
        "subject": "건강",
        "speaker_type": "1:1",
        "size": 504,
        "word_size": 161,
        "text": "1 : 건강에 관심 있으세요?\n2 : 네\n2 : 요즘에 살이 너무 많이 쪄서 건강에 관심이 있으신가요?\n1 : 저도 살이 너무 쪄서요.\n1 : 다이어트 방법이 있으세요?\n2 : 음 일단 굶으면 되는데 굶으면 머리카락이 많이 빠지더라고요.\n1 ; 굶으면 너무 배고프지 않나요?\n2 : 네\n2 : 배는 고픈데 저는 다이어트 할 때 거의 굶어서 빼는 거 같아요\n2 : 운동을 해야 하는데\n1 : 닭가슴살은 안 드세요?\n2 : 닭가슴살 먹으면서 하기는 해요\n2 : 완전 굶지는 않는데 그것도 조금 먹어서\n1 : 그거 너무 퍽퍽해요.\n1 : 운동은 무슨 운동 하세요?\n2 : 운동은 보통 자전거를 많이 타는 거 같아요.\n1 : 자전거는 보통 얼마나 타세요?\n2 : 많이 안 먹으니까 자전거 1시간 정도만 타도 살은 잘 빠지더라고요\n2 :  다이어트 할 때는\n1 : 개인 장비도 있나요?\n2 : 개인 장비는 없어요\n2 : 빌려서 타거나 아니면 헬스장 자전거 기구를 이용합니다.\n1 : 다음에 기회가 되면 저도 알려주세요.\n2 : 네 건강하게 살아요 우리",
        "lines": [
          {
            "id": 1,
            "text": "1 : 건강에 관심 있으세요?",
            "norm_text": "건강에 관심 있으세요?",
            "speaker": {
              "id": "1번",
              "sex": "남성",
              "age": "30대"
            },
            "speechAct": "(지시) 질문하기",
            "morpheme": "건강/NNG+에/JKB+관심/NNG+있/VA+으세요/EF"
          },
          {
            "id": 2,
            "text": "2 : 네",
            "norm_text": "네",
            "speaker": {
              "id": "2번",
              "sex": "남성",
              "age": "30대"
            },
            "speechAct": "(단언) 주장하기",
            "morpheme": "네/IC"
          },
          {
            "id": 3,
            "text": "2 : 요즘에 살이 너무 많이 쪄서 건강에 관심이 있으신가요?",
            "norm_text": "요즘에 살이 너무 많이 쪄서 건강에 관심이 있으신가요?",
            "speaker": {
              "id": "2번",
              "sex": "남성",
              "age": "30대"
            },
            "speechAct": "(지시) 질문하기",
            "morpheme": "요즘/NNG+에/JKB+살/NNG+이/JKS+너무/MAG+많이/MAG+쪄서/VV+EC+건강/NNG+에/JKB+관심/NNG+이/JKS+있/VA+으신/EP+ETM+가요/NNG"
          },
          {
            "id": 4,
            "text": "1 : 저도 살이 너무 쪄서요.",
            "norm_text": "저도 살이 너무 쪄서요.",
            "speaker": {
              "id": "1번",
              "sex": "남성",
              "age": "30대"
            },
            "speechAct": "(단언) 주장하기",
            "morpheme": "저/MM+도살/NNG+이/JKS+너무/MAG+쪄서/VV+EC+요/JX"
          },
          {
            "id": 5,
            "text": "1 : 다이어트 방법이 있으세요?",
            "norm_text": "다이어트 방법이 있으세요?",
            "speaker": {
              "id": "1번",
              "sex": "남성",
              "age": "30대"
            },
            "speechAct": "(지시) 질문하기",
            "morpheme": "다이어트/NNG+방법/NNG+이/JKS+있/VA+으세요/EF"
          },
          {
            "id": 6,
            "text": "2 : 음 일단 굶으면 되는데 굶으면 머리카락이 많이 빠지더라고요.",
            "norm_text": "음 일단 굶으면 되는데 굶으면 머리카락이 많이 빠지더라고요.",
            "speaker": {
              "id": "2번",
              "sex": "남성",
              "age": "30대"
            },
            "speechAct": "(단언) 진술하기",
            "morpheme": "음/IC+일단/MAG+굶/VV+으면/EC+되/VV+는/ETM+데/NNB+굶/VV+으면/EC+머리카락/NNG+이/JKS+많이/MAG+빠지/VV+더라고요/EF"
          },
          {
            "id": 7,
            "text": "1 ; 굶으면 너무 배고프지 않나요?",
            "norm_text": "굶으면 너무 배고프지 않나요?",
            "speaker": {
              "id": "1번",
              "sex": "남성",
              "age": "30대"
            },
            "speechAct": "(지시) 질문하기",
            "morpheme": "굶/VV+으면/EC+너무/MAG+배고프/VA+지/EC+않/VX+나요/EF"
          },
          {
            "id": 8,
            "text": "2 : 네",
            "norm_text": "1 : 건강에 관심 있으세요?",
            "speaker": {
              "id": "2번",
              "sex": "남성",
              "age": "30대"
            },
            "speechAct": "N/A",
            "morpheme": ""
          },
          {
            "id": 9,
            "text": "2 : 배는 고픈데 저는 다이어트 할 때 거의 굶어서 빼는 거 같아요",
            "norm_text": "배는 고픈데 저는 다이어트 할 때 거의 굶어서 빼는 거 같아요",
            "speaker": {
              "id": "2번",
              "sex": "남성",
              "age": "30대"
            },
            "speechAct": "(단언) 진술하기",
            "morpheme": "배/NNG+는/JX+고픈데/VA+EC+저/NP+는/JX+다이어트/NNG+할/XSV+ETM+때/NNG+거의/MAG+굶/VV+어서/EC+빼/VV+는/ETM+거/NNB+같/VA+아요/EC"
          },
          {
            "id": 10,
            "text": "2 : 운동을 해야 하는데",
            "norm_text": "운동을 해야 하는데",
            "speaker": {
              "id": "2번",
              "sex": "남성",
              "age": "30대"
            },
            "speechAct": "(단언) 주장하기",
            "morpheme": "운동/NNG+을/JKO+해야/VV+EC+하/VV+는데/EC"
          },
          {
            "id": 11,
            "text": "1 : 닭가슴살은 안 드세요?",
            "norm_text": "닭가슴살은 안 드세요?",
            "speaker": {
              "id": "1번",
              "sex": "남성",
              "age": "30대"
            },
            "speechAct": "(지시) 질문하기",
            "morpheme": "닭/NNG+가슴살/NNG+은/JX+안/MAG+드세요/VV+EP+EF"
          },
          {
            "id": 12,
            "text": "2 : 닭가슴살 먹으면서 하기는 해요",
            "norm_text": "닭가슴살 먹으면서 하기는 해요",
            "speaker": {
              "id": "2번",
              "sex": "남성",
              "age": "30대"
            },
            "speechAct": "(단언) 진술하기",
            "morpheme": "닭/NNG+가슴살/NNG+먹/VV+으면서/EC+하/VV+기/ETN+는/JX+해요/NNG"
          },
          {
            "id": 13,
            "text": "2 : 완전 굶지는 않는데 그것도 조금 먹어서",
            "norm_text": "완전 굶지는 않는데 그것도 조금 먹어서",
            "speaker": {
              "id": "2번",
              "sex": "남성",
              "age": "30대"
            },
            "speechAct": "(단언) 진술하기",
            "morpheme": "완전/MAG+굶/VV+지/EC+는/JX+않/VX+는데/EC+그것/NP+도/JX+조금/MAG+먹/VV+어서/EC"
          },
          {
            "id": 14,
            "text": "1 : 그거 너무 퍽퍽해요.",
            "norm_text": "그거 너무 퍽퍽해요.",
            "speaker": {
              "id": "1번",
              "sex": "남성",
              "age": "30대"
            },
            "speechAct": "(단언) 주장하기",
            "morpheme": "그거/NP+너무/MAG+퍽퍽/XR+해요/XSA+EF"
          },
          {
            "id": 15,
            "text": "1 : 운동은 무슨 운동 하세요?",
            "norm_text": "운동은 무슨 운동 하세요?",
            "speaker": {
              "id": "1번",
              "sex": "남성",
              "age": "30대"
            },
            "speechAct": "(지시) 질문하기",
            "morpheme": "운동/NNG+은/JX+무슨/MM+운동/NNG+하/XSV+세요/EP+EF"
          },
          {
            "id": 16,
            "text": "2 : 운동은 보통 자전거를 많이 타는 거 같아요.",
            "norm_text": "운동은 보통 자전거를 많이 타는 거 같아요.",
            "speaker": {
              "id": "2번",
              "sex": "남성",
              "age": "30대"
            },
            "speechAct": "(단언) 진술하기",
            "morpheme": "운동/NNG+은/JX+보통/NNG+자전거/NNG+를/JKO+많이/MAG+타/VV+는/ETM+거/NNB+같/VA+아요/EF"
          },
          {
            "id": 17,
            "text": "1 : 자전거는 보통 얼마나 타세요?",
            "norm_text": "자전거는 보통 얼마나 타세요?",
            "speaker": {
              "id": "1번",
              "sex": "남성",
              "age": "30대"
            },
            "speechAct": "(지시) 질문하기",
            "morpheme": "자전거/NNG+는/JX+보통/NNG+얼마나/MAG+타/VV+세요/EP+EF"
          },
          {
            "id": 18,
            "text": "2 : 많이 안 먹으니까 자전거 1시간 정도만 타도 살은 잘 빠지더라고요",
            "norm_text": "많이 안 먹으니까 자전거 1시간 정도만 타도 살은 잘 빠지더라고요",
            "speaker": {
              "id": "2번",
              "sex": "남성",
              "age": "30대"
            },
            "speechAct": "(단언) 진술하기",
            "morpheme": "많이/MAG+안/MAG+먹/VV+으니까/EC+자전거/NNG+1/SN+시간/NNBC+정도/NNG+만타/NNG+도/JX+살/VV+은/ETM+잘/MAG+빠지/VV+더라고요/EC"
          },
          {
            "id": 19,
            "text": "2 :  다이어트 할 때는",
            "norm_text": "다이어트 할 때는",
            "speaker": {
              "id": "2번",
              "sex": "남성",
              "age": "30대"
            },
            "speechAct": "(단언) 진술하기",
            "morpheme": "다이어트/NNG+할/XSV+ETM+때/NNG+는/JX"
          },
          {
            "id": 20,
            "text": "1 : 개인 장비도 있나요?",
            "norm_text": "개인 장비도 있나요?",
            "speaker": {
              "id": "1번",
              "sex": "남성",
              "age": "30대"
            },
            "speechAct": "(지시) 질문하기",
            "morpheme": "개인/NNG+장비/NNG+도/JX+있/VA+나요/EF"
          },
          {
            "id": 21,
            "text": "2 : 개인 장비는 없어요",
            "norm_text": "개인 장비는 없어요",
            "speaker": {
              "id": "2번",
              "sex": "남성",
              "age": "30대"
            },
            "speechAct": "(단언) 진술하기",
            "morpheme": "개인/NNG+장비/NNG+는/JX+없/VA+어요/EF"
          },
          {
            "id": 22,
            "text": "2 : 빌려서 타거나 아니면 헬스장 자전거 기구를 이용합니다.",
            "norm_text": "빌려서 타거나 아니면 헬스장 자전거 기구를 이용합니다.",
            "speaker": {
              "id": "2번",
              "sex": "남성",
              "age": "30대"
            },
            "speechAct": "(단언) 진술하기",
            "morpheme": "빌려서/VV+EC+타/VV+거나/EC+아니/VCN+면/EC+헬스/NNG+장자/NNP+전거/NNG+기구/NNG+를/JKO+이용/NNG+합니다/XSV+EF"
          },
          {
            "id": 23,
            "text": "1 : 다음에 기회가 되면 저도 알려주세요.",
            "norm_text": "다음에 기회가 되면 저도 알려주세요.",
            "speaker": {
              "id": "1번",
              "sex": "남성",
              "age": "30대"
            },
            "speechAct": "(지시) 충고/제안하기",
            "morpheme": "다음/NNG+에/JKB+기회/NNG+가/JKS+되/VV+면/EC+저/NP+도/JX+알려/VV+EC+주/VX+세요/EP+EF"
          },
          {
            "id": 24,
            "text": "2 : 네 건강하게 살아요 우리",
            "norm_text": "네 건강하게 살아요 우리",
            "speaker": {
              "id": "2번",
              "sex": "남성",
              "age": "30대"
            },
            "speechAct": "(단언) 주장하기",
            "morpheme": "네/IC+건강/NNG+하/XSV+게/EC+살/VV+아요/EF+우리/NP"
          }
        ]
      }
    }
  ]
}