{
  "dataset": {
    "identifier": 500,
    "name": "NATEON_21_12_set",
    "src_path": "/data/file/cubeManager/PROJECT001/7/txt20210826181925016447/NATEON_21_12_set/",
    "label_path": "/data/file/cubeManager/PROJECT001/7/txt20210826181925016447/NATEON_21_12_set/",
    "category": 2,
    "type": 0
  },
  "licenses": {
    "name": "Apache License 1.0",
    "url": "http://www.apache.org/licenses/LICENSE-1.0"
  },
  "info": [
    {
      "id": 791,
      "filename": "NATEON_21_12.txt",
      "title": "NATEON_21_12",
      "mediatype": "메신저",
      "medianame": "네이트온",
      "category": "일상대화",
      "date": "2021-08-26",
      "size": 783,
      "annotations": {
        "subject": "여행",
        "speaker_type": "1:1",
        "size": 783,
        "word_size": 232,
        "text": "1 : 여행 좋아하세요?\n2 : 여행 너무 좋아합니다\n2 : 여행 좋아하시나요?\n1 : 네, 저도 여행 좋아합니다.\n1 : 추천해 주실만한 여행지가 있나요?\n2 : 이번에 6월에 강원도 강릉에 갔다 왔는데 너무 괜찮았어요\n2 : 강릉 추천합니다!\n1 : 오 강릉 어디 다녀오셨어요?\n2 : 강릉에 경포대 쪽에 갔다 왔어요\n2 : 경포대 가보신 적 있으신가요?\n1 : 네네, 예전에 경포대가 진짜 유명했잖아요.\n1 : 요즘도 경포대에 사람들 많이 있나요?\n2 : 제가 갔을 때는 그렇게 많지는 않았어요\n2 : 호텔은 사람이 많더라고요\n2 : 경포대 자체에는 사람이 그렇게 많지는 않았어요\n1 : 경포대에서 음식은 뭐 드셨어요?\n2 : 경포대에서 횟집이랑 그 경포대에서 유명한 거 먹었는데 갑자기 기억이 안 나네요... 키키\n2 : 맛있었어요\n2 : 횟집 오랜만에 가서 그런지 맛있게 먹고 왔네요\n2 : 이번에 여행 안 가시나요?\n1 : 저는 이번에 시험 끝나고 동해나 전주로 여행 다녀올 계획입니다!\n1 : 전주에 가보신 적 있으세요?\n2 : 네 전주에 친구들이랑 간 적이 있는데 친구들끼리 가서 그런지 그렇게 볼 곳은 많이 없었던 거 같긴해요\n2 : 가서 족구하고 그런 식으로 놀아서 키키\n1 : 여행은 친구들이랑 가야 재미있는 거 같아요.\n1 : 전주에 유명한 막걸릿집이 있다고 하는데 혹시 가보셨나요?\n2 : 아니요 가보지는 않았어요\n2 : 많이 유명한가요?\n1 : 막걸리를 한 통 시키면 안주가 한 상 가득 나온다고 하네요.\n1 : 기회가 된다면 이번에 다녀와서 후기 말씀드릴게요.\n2 : 오 좋은 곳이네요\n2 : 저도 여자친구랑 한 번 가봐야겠어요",
        "lines": [
          {
            "id": 1,
            "text": "1 : 여행 좋아하세요?",
            "norm_text": "여행 좋아하세요?",
            "speaker": {
              "id": "1번",
              "sex": "남성",
              "age": "30대"
            },
            "speechAct": "(지시) 질문하기",
            "morpheme": "여행/NNG+좋/VA+아/EC+하/VX+세요/EP+EF"
          },
          {
            "id": 2,
            "text": "2 : 여행 너무 좋아합니다",
            "norm_text": "여행 너무 좋아합니다",
            "speaker": {
              "id": "2번",
              "sex": "남성",
              "age": "30대"
            },
            "speechAct": "(단언) 주장하기",
            "morpheme": "여행/NNG+너무/MAG+좋아합니다/VV+EC"
          },
          {
            "id": 3,
            "text": "2 : 여행 좋아하시나요?",
            "norm_text": "여행 좋아하시나요?",
            "speaker": {
              "id": "2번",
              "sex": "남성",
              "age": "30대"
            },
            "speechAct": "(지시) 질문하기",
            "morpheme": "여행/NNG+좋/VA+아/EC+하/VX+시/EP+나요/EF"
          },
          {
            "id": 4,
            "text": "1 : 네, 저도 여행 좋아합니다.",
            "norm_text": "네, 저도 여행 좋아합니다.",
            "speaker": {
              "id": "1번",
              "sex": "남성",
              "age": "30대"
            },
            "speechAct": "(단언) 주장하기",
            "morpheme": "네/IC+,/SC+저/NP+도/JX+여행/NNG+좋/VA+아/EC+합니다/VX+EF"
          },
          {
            "id": 5,
            "text": "1 : 추천해 주실만한 여행지가 있나요?",
            "norm_text": "추천해 주실만한 여행지가 있나요?",
            "speaker": {
              "id": "1번",
              "sex": "남성",
              "age": "30대"
            },
            "speechAct": "(지시) 질문하기",
            "morpheme": "추천/NNG+해/XSV+EC+주/VX+실/EC+만한/VX+ETM+여행지/NNG+가/JKS+있/VA+나요/EF"
          },
          {
            "id": 6,
            "text": "2 : 이번에 6월에 강원도 강릉에 갔다 왔는데 너무 괜찮았어요",
            "norm_text": "이번에 6월에 강원도 강릉에 갔다 왔는데 너무 괜찮았어요",
            "speaker": {
              "id": "2번",
              "sex": "남성",
              "age": "30대"
            },
            "speechAct": "(단언) 진술하기",
            "morpheme": "이번/NNG+에/JKB+6/SN+월/NNBC+에/JKB+강원도/NNP+강릉/NNP+에/JKB+갔다왔/VV+EP+는데/EC+너무/MAG+괜찮/VA+았/EP+어요/EF"
          },
          {
            "id": 7,
            "text": "2 : 강릉 추천합니다!",
            "norm_text": "강릉 추천합니다!",
            "speaker": {
              "id": "2번",
              "sex": "남성",
              "age": "30대"
            },
            "speechAct": "(단언) 주장하기",
            "morpheme": "강릉/NNP+추천/NNG+합니다/XSV+EF"
          },
          {
            "id": 8,
            "text": "1 : 오 강릉 어디 다녀오셨어요?",
            "norm_text": "오 강릉 어디 다녀오셨어요?",
            "speaker": {
              "id": "1번",
              "sex": "남성",
              "age": "30대"
            },
            "speechAct": "(지시) 질문하기",
            "morpheme": "오/IC+강릉/NNP+어디/NP+다녀오/VV+셨/EP+EP+어요/EF"
          },
          {
            "id": 9,
            "text": "2 : 강릉에 경포대 쪽에 갔다 왔어요",
            "norm_text": "강릉에 경포대 쪽에 갔다 왔어요",
            "speaker": {
              "id": "2번",
              "sex": "남성",
              "age": "30대"
            },
            "speechAct": "(단언) 진술하기",
            "morpheme": "강릉/NNP+에/JKB+경포대/NNG+쪽/NNB+에/JKB+갔다왔/VV+EP+어요/EF"
          },
          {
            "id": 10,
            "text": "2 : 경포대 가보신 적 있으신가요?",
            "norm_text": "경포대 가보신 적 있으신가요?",
            "speaker": {
              "id": "2번",
              "sex": "남성",
              "age": "30대"
            },
            "speechAct": "(지시) 질문하기",
            "morpheme": "경포대/NNG+가/JKS+보/VV+신/EP+ETM+적/NNB+있/VA+으신/EP+ETM+가요/NNG"
          },
          {
            "id": 11,
            "text": "1 : 네네, 예전에 경포대가 진짜 유명했잖아요.",
            "norm_text": "네네, 예전에 경포대가 진짜 유명했잖아요.",
            "speaker": {
              "id": "1번",
              "sex": "남성",
              "age": "30대"
            },
            "speechAct": "(단언) 진술하기",
            "morpheme": "네네/IC+,/SC+예전/NNG+에/JKB+경포대/NNG+가/JKS+진짜/MAG+유명/NNG+했잖아요/XSV+EP+EC+VX+EF"
          },
          {
            "id": 12,
            "text": "1 : 요즘도 경포대에 사람들 많이 있나요?",
            "norm_text": "요즘도 경포대에 사람들 많이 있나요?",
            "speaker": {
              "id": "1번",
              "sex": "남성",
              "age": "30대"
            },
            "speechAct": "(지시) 질문하기",
            "morpheme": "요즘/NNG+도/JX+경포대/NNG+에/JKB+사람/NNG+들/XSN+많이/MAG+있/VA+나요/EF"
          },
          {
            "id": 13,
            "text": "2 : 제가 갔을 때는 그렇게 많지는 않았어요",
            "norm_text": "제가 갔을 때는 그렇게 많지는 않았어요",
            "speaker": {
              "id": "2번",
              "sex": "남성",
              "age": "30대"
            },
            "speechAct": "(단언) 진술하기",
            "morpheme": "제/NP+가/JKS+갔/VV+EP+을/ETM+때/NNG+는/JX+그렇게/MAG+많/VA+지/EC+는/JX+않/VX+았/EP+어요/EF"
          },
          {
            "id": 14,
            "text": "2 : 호텔은 사람이 많더라고요",
            "norm_text": "호텔은 사람이 많더라고요",
            "speaker": {
              "id": "2번",
              "sex": "남성",
              "age": "30대"
            },
            "speechAct": "(단언) 주장하기",
            "morpheme": "호텔/NNG+은/JX+사람/NNG+이/JKS+많/VA+더라고요/EC"
          },
          {
            "id": 15,
            "text": "2 : 경포대 자체에는 사람이 그렇게 많지는 않았어요",
            "norm_text": "경포대 자체에는 사람이 그렇게 많지는 않았어요",
            "speaker": {
              "id": "2번",
              "sex": "남성",
              "age": "30대"
            },
            "speechAct": "(단언) 진술하기",
            "morpheme": "경포대/NNG+자체/NNG+에/JKB+는/JX+사람/NNG+이/JKS+그렇게/MAG+많/VA+지/EC+는/JX+않/VX+았/EP+어요/EF"
          },
          {
            "id": 16,
            "text": "1 : 경포대에서 음식은 뭐 드셨어요?",
            "norm_text": "경포대에서 음식은 뭐 드셨어요?",
            "speaker": {
              "id": "1번",
              "sex": "남성",
              "age": "30대"
            },
            "speechAct": "(지시) 질문하기",
            "morpheme": "경포대/NNG+에서/JKB+음식/NNG+은/JX+뭐/IC+드셨/VV+EP+어요/EF"
          },
          {
            "id": 17,
            "text": "2 : 경포대에서 횟집이랑 그 경포대에서 유명한 거 먹었는데 갑자기 기억이 안 나네요... 키키",
            "norm_text": "경포대에서 횟집이랑 그 경포대에서 유명한 거 먹었는데 갑자기 기억이 안 나네요... 키키",
            "speaker": {
              "id": "2번",
              "sex": "남성",
              "age": "30대"
            },
            "speechAct": "(단언) 주장하기",
            "morpheme": "경포대/NNG+에서/JKB+횟집/NNG+이랑/JC+그/MM+경포대/NNG+에서/JKB+유명/XR+한/XSA+ETM+거/NNB+먹/VV+었/EP+는데/EC+갑자기/MAG+기억/NNG+이/JKS+안/MAG+나/VV+네요/EF+./SY+키/NNG+키/XSV+ETN"
          },
          {
            "id": 18,
            "text": "2 : 맛있었어요",
            "norm_text": "맛있었어요",
            "speaker": {
              "id": "2번",
              "sex": "남성",
              "age": "30대"
            },
            "speechAct": "(단언) 주장하기",
            "morpheme": "맛있/VA+었/EP+어요/EF"
          },
          {
            "id": 19,
            "text": "2 : 횟집 오랜만에 가서 그런지 맛있게 먹고 왔네요",
            "norm_text": "횟집 오랜만에 가서 그런지 맛있게 먹고 왔네요",
            "speaker": {
              "id": "2번",
              "sex": "남성",
              "age": "30대"
            },
            "speechAct": "(단언) 진술하기",
            "morpheme": "횟집/NNG+오랜만/NNG+에/JKB+가/VV+서/EC+그런지/VA+EC+맛있/VA+게/EC+먹/VV+고/EC+왔/VX+EP+네요/EC"
          },
          {
            "id": 20,
            "text": "2 : 이번에 여행 안 가시나요?",
            "norm_text": "이번에 여행 안 가시나요?",
            "speaker": {
              "id": "2번",
              "sex": "남성",
              "age": "30대"
            },
            "speechAct": "(지시) 질문하기",
            "morpheme": "이번/NNG+에/JKB+여행/NNG+안/MAG+가/VV+시/EP+나요/EF"
          },
          {
            "id": 21,
            "text": "1 : 저는 이번에 시험 끝나고 동해나 전주로 여행 다녀올 계획입니다!",
            "norm_text": "저는 이번에 시험 끝나고 동해나 전주로 여행 다녀올 계획입니다!",
            "speaker": {
              "id": "1번",
              "sex": "남성",
              "age": "30대"
            },
            "speechAct": "(단언) 진술하기",
            "morpheme": "저/NP+는/JX+이번/NNG+에/JKB+시험/NNG+끝/NNG+나/VV+고/EC+동해/NNP+나/JC+전/NP+JX+주로/MAG+여행/NNG+다녀올/VV+ETM+계획/NNG+입니다/VCP+EF"
          },
          {
            "id": 22,
            "text": "1 : 전주에 가보신 적 있으세요?",
            "norm_text": "전주에 가보신 적 있으세요?",
            "speaker": {
              "id": "1번",
              "sex": "남성",
              "age": "30대"
            },
            "speechAct": "(지시) 질문하기",
            "morpheme": "전주/NNG+에/JKB+가/VV+EC+보/VX+신/EP+ETM+적/NNB+있/VA+으세요/EF"
          },
          {
            "id": 23,
            "text": "2 : 네 전주에 친구들이랑 간 적이 있는데 친구들끼리 가서 그런지 그렇게 볼 곳은 많이 없었던 거 같긴해요",
            "norm_text": "네 전주에 친구들이랑 간 적이 있는데 친구들끼리 가서 그런지 그렇게 볼 곳은 많이 없었던 거 같긴해요",
            "speaker": {
              "id": "2번",
              "sex": "남성",
              "age": "30대"
            },
            "speechAct": "(단언) 주장하기",
            "morpheme": "네/IC+전주/NNG+에/JKB+친구/NNG+들/XSN+이랑/JKB+간적/NNG+이/JKS+있/VV+는데/EC+친구/NNG+들/XSN+끼리/XSN+가/VV+서/EC+그런지/VA+EC+그렇게/MAG+볼/VV+ETM+곳/NNG+은/JX+많이/MAG+없/VA+었/EP+던/ETM+거/NNB+같/VA+긴/ETN+JX+해요/VX+EC"
          },
          {
            "id": 24,
            "text": "2 : 가서 족구하고 그런 식으로 놀아서 키키",
            "norm_text": "가서 족구하고 그런 식으로 놀아서 키키",
            "speaker": {
              "id": "2번",
              "sex": "남성",
              "age": "30대"
            },
            "speechAct": "(단언) 진술하기",
            "morpheme": "가/VV+서/EC+족구/NNG+하/XSV+고/EC+그런/MM+식/NNB+으로/JKB+놀/VV+아서/EC+키/NNG+키/XSV+ETN"
          },
          {
            "id": 25,
            "text": "1 : 여행은 친구들이랑 가야 재미있는 거 같아요.",
            "norm_text": "여행은 친구들이랑 가야 재미있는 거 같아요.",
            "speaker": {
              "id": "1번",
              "sex": "남성",
              "age": "30대"
            },
            "speechAct": "(단언) 주장하기",
            "morpheme": "여행/NNG+은/JX+친구/NNG+들/XSN+이랑/JKB+가/VV+야/EC+재미있/VA+는/ETM+거/NNB+같/VA+아요/EF"
          },
          {
            "id": 26,
            "text": "1 : 전주에 유명한 막걸릿집이 있다고 하는데 혹시 가보셨나요?",
            "norm_text": "전주에 유명한 막걸릿집이 있다고 하는데 혹시 가보셨나요?",
            "speaker": {
              "id": "1번",
              "sex": "남성",
              "age": "30대"
            },
            "speechAct": "(지시) 질문하기",
            "morpheme": "전주/NNG+에/JKB+유명/NNG+한/MM+막/NNBC+걸/NNB+JKO+릿/NNB+집/NNG+이/JKS+있/VV+다고/EC+하/VV+는데/EC+혹시/MAG+가/JKS+보/VV+셨/EP+EP+나요/EF"
          },
          {
            "id": 27,
            "text": "2 : 아니요 가보지는 않았어요",
            "norm_text": "아니요 가보지는 않았어요",
            "speaker": {
              "id": "2번",
              "sex": "남성",
              "age": "30대"
            },
            "speechAct": "(단언) 진술하기",
            "morpheme": "아니/IC+요/NP+가/JKS+보/VV+지/EC+는/JX+않/VX+았/EP+어요/EF"
          },
          {
            "id": 28,
            "text": "2 : 많이 유명한가요?",
            "norm_text": "많이 유명한가요?",
            "speaker": {
              "id": "2번",
              "sex": "남성",
              "age": "30대"
            },
            "speechAct": "(지시) 질문하기",
            "morpheme": "많이/MAG+유명/NNG+한가요/XSA+EF"
          },
          {
            "id": 29,
            "text": "1 : 막걸리를 한 통 시키면 안주가 한 상 가득 나온다고 하네요.",
            "norm_text": "막걸리를 한 통 시키면 안주가 한 상 가득 나온다고 하네요.",
            "speaker": {
              "id": "1번",
              "sex": "남성",
              "age": "30대"
            },
            "speechAct": "(단언) 진술하기",
            "morpheme": "막걸리/NNG+를/JKO+한통/NNG+시키/XSV+면/EC+안주/NNG+가/JKS+한상/NNG+가득/MAG+나온다고/VV+EC+하/VX+네요/EF"
          },
          {
            "id": 30,
            "text": "1 : 기회가 된다면 이번에 다녀와서 후기 말씀드릴게요.",
            "norm_text": "기회가 된다면 이번에 다녀와서 후기 말씀드릴게요.",
            "speaker": {
              "id": "1번",
              "sex": "남성",
              "age": "30대"
            },
            "speechAct": "(단언) 주장하기",
            "morpheme": "기회/NNG+가/JKS+된다면/VV+EC+이번/NNG+에/JKB+다녀와서/VV+EC+후기/NNG+말씀/NNG+드릴게요/VV+EF"
          },
          {
            "id": 31,
            "text": "2 : 오 좋은 곳이네요",
            "norm_text": "오 좋은 곳이네요",
            "speaker": {
              "id": "2번",
              "sex": "남성",
              "age": "30대"
            },
            "speechAct": "(단언) 주장하기",
            "morpheme": "오/NR+좋/VA+은/ETM+곳/NNG+이/VCP+네요/EC"
          },
          {
            "id": 32,
            "text": "2 : 저도 여자친구랑 한 번 가봐야겠어요",
            "norm_text": "저도 여자친구랑 한 번 가봐야겠어요",
            "speaker": {
              "id": "2번",
              "sex": "남성",
              "age": "30대"
            },
            "speechAct": "N/A",
            "morpheme": "저/NP+도/JX+여자/NNG+친구/NNG+랑/JKB+한번/MAG+가/VV+봐야/EC+VX+EC+VX+겠/EP+어요/EF"
          }
        ]
      }
    }
  ]
}