{
  "dataset": {
    "identifier": 129731,
    "name": "NATEON_41_20_set",
    "src_path": "/data/file/cubeManager/PROJECT001/84/txt20211104173553003253/NATEON_41_20_set/",
    "label_path": "/data/file/cubeManager/PROJECT001/84/txt20211104173553003253/NATEON_41_20_set/",
    "category": 2,
    "type": 0
  },
  "licenses": {
    "name": "Apache License 1.0",
    "url": "http://www.apache.org/licenses/LICENSE-1.0"
  },
  "info": [
    {
      "id": 137227,
      "filename": "NATEON_41_20.txt",
      "title": "NATEON_41_20",
      "mediatype": "메신저",
      "medianame": "네이트온",
      "category": "일상대화",
      "date": "2021-11-04",
      "size": 446,
      "annotations": {
        "subject": "영화/만화",
        "speaker_type": "다자간 대화",
        "size": 446,
        "word_size": 161,
        "text": "1 : 너희 디즈니 영화 좋아해?\n2 : 웅 나 디즈니 영화 완전 좋아해 키키\n3 : 나 그냥 보는 거 있고 안 보는 거 있고 키키\n1 : 디즈니 영화 하면 미키 마우스 생각나 키키\n2 : 아 맞아\n2 : 그거 처음에 우리가 좋아했지 키키\n3 : 미키 마우스 완전 오랜만에 듣는다 키키\n1 : 디즈니 영화 뭐가 제일 재밌어?\n2 : 음 나는 겨울 왕국 제일 잘 봤어 키키\n3 : 난 미녀와 야수 좋게 봤는데 키키\n1 : 나도 겨울 왕국 생각했는데!\n2 : 맞아\n2 : 그거 진짜 잘 만들었어 키키\n3 : 겨울 왕국이 인기가 진짜 좋았지 키키\n1 : 키키 그때 진짜 겨울 왕국 붐이었지~\n2 : 맞아\n2 : 애기들이 다 따라 하고 그랬잖아\n3 : 나도 우리 조카 그래서 옷 사 줬어...\n1 : 나는 시즌2 안 봤으니까 그거 봐야겠다 키키\n2 : 헐 시즌 2 꼭 봐 재밌어 키키\n3 : 맞아\n3 : 나도 겨울 왕국 시리즈는 다 봤어 키키",
        "lines": [
          {
            "id": 1,
            "text": "1 : 너희 디즈니 영화 좋아해?",
            "norm_text": "너희 디즈니 영화 좋아해?",
            "speaker": {
              "id": "1번",
              "sex": "여성",
              "age": "20대"
            },
            "speechAct": "(지시) 질문하기",
            "morpheme": "너희/NP+디즈니/NNP+영화/NNG+좋/VA+아/EC+해/VX+EF"
          },
          {
            "id": 2,
            "text": "2 : 웅 나 디즈니 영화 완전 좋아해 키키",
            "norm_text": "웅 나 디즈니 영화 완전 좋아해 키키",
            "speaker": {
              "id": "2번",
              "sex": "여성",
              "age": "20대"
            },
            "speechAct": "(단언) 주장하기",
            "morpheme": "웅/IC+나/NP+디즈니/NNP+영화/NNG+완전/MAG+좋아해/VV+EC+키/NNG+키/XSV+ETN"
          },
          {
            "id": 3,
            "text": "3 : 나 그냥 보는 거 있고 안 보는 거 있고 키키",
            "norm_text": "나 그냥 보는 거 있고 안 보는 거 있고 키키",
            "speaker": {
              "id": "3번",
              "sex": "남성",
              "age": "20대"
            },
            "speechAct": "(단언) 주장하기",
            "morpheme": "나/NP+그냥/MAG+보/VV+는/ETM+거/NNB+있/VA+고/EC+안/MAG+보/VV+는/ETM+거/NNB+있/VA+고/EC+키/NNG+키/XSV+ETN"
          },
          {
            "id": 4,
            "text": "1 : 디즈니 영화 하면 미키 마우스 생각나 키키",
            "norm_text": "디즈니 영화 하면 미키 마우스 생각나 키키",
            "speaker": {
              "id": "1번",
              "sex": "여성",
              "age": "20대"
            },
            "speechAct": "(단언) 주장하기",
            "morpheme": "디즈니/NNP+영화/NNG+하/XSV+면/EC+미키/NNP+마우스/NNP+생각/NNG+나/JC+키/NNG+키/XSV+ETN"
          },
          {
            "id": 5,
            "text": "2 : 아 맞아",
            "norm_text": "아 맞아",
            "speaker": {
              "id": "2번",
              "sex": "여성",
              "age": "20대"
            },
            "speechAct": "(단언) 주장하기",
            "morpheme": "아/IC+맞/VV+아/EC"
          },
          {
            "id": 6,
            "text": "2 : 그거 처음에 우리가 좋아했지 키키",
            "norm_text": "그거 처음에 우리가 좋아했지 키키",
            "speaker": {
              "id": "2번",
              "sex": "여성",
              "age": "20대"
            },
            "speechAct": "(단언) 주장하기",
            "morpheme": "그거/NP+처음/NNG+에/JKB+우리/NP+가/JKS+좋/VA+아/EC+했/VX+EP+지/EC+키/NNG+키/XSV+ETN"
          },
          {
            "id": 7,
            "text": "3 : 미키 마우스 완전 오랜만에 듣는다 키키",
            "norm_text": "미키 마우스 완전 오랜만에 듣는다 키키",
            "speaker": {
              "id": "3번",
              "sex": "남성",
              "age": "20대"
            },
            "speechAct": "(단언) 주장하기",
            "morpheme": "미키/NNP+마우스/NNP+완전/NNG+오랜만/NNG+에/JKB+듣/VV+는/ETM+다키키/NNP"
          },
          {
            "id": 8,
            "text": "1 : 디즈니 영화 뭐가 제일 재밌어?",
            "norm_text": "디즈니 영화 뭐가 제일 재밌어?",
            "speaker": {
              "id": "1번",
              "sex": "여성",
              "age": "20대"
            },
            "speechAct": "(지시) 질문하기",
            "morpheme": "디즈니/NNP+영화/NNG+뭐/NP+가/JKS+제일/MAG+재밌/VA+어/EF"
          },
          {
            "id": 9,
            "text": "2 : 음 나는 겨울 왕국 제일 잘 봤어 키키",
            "norm_text": "음 나는 겨울 왕국 제일 잘 봤어 키키",
            "speaker": {
              "id": "2번",
              "sex": "여성",
              "age": "20대"
            },
            "speechAct": "(단언) 진술하기",
            "morpheme": "음/IC+나/NP+는/JX+겨울/NNG+왕국/NNG+제일/MAG+잘/MAG+봤/VV+EP+어/EC+키/NNG+키/XSV+ETN"
          },
          {
            "id": 10,
            "text": "3 : 난 미녀와 야수 좋게 봤는데 키키",
            "norm_text": "난 미녀와 야수 좋게 봤는데 키키",
            "speaker": {
              "id": "3번",
              "sex": "남성",
              "age": "20대"
            },
            "speechAct": "(단언) 진술하기",
            "morpheme": "난/NP+JX+미녀/NNG+와/JC+야수/NNG+좋/VA+게/EC+봤/VX+EP+는데/EC+키/NNG+키/XSV+ETN"
          },
          {
            "id": 11,
            "text": "1 : 나도 겨울 왕국 생각했는데!",
            "norm_text": "나도 겨울 왕국 생각했는데!",
            "speaker": {
              "id": "1번",
              "sex": "여성",
              "age": "20대"
            },
            "speechAct": "(단언) 진술하기",
            "morpheme": "나/NP+도/JX+겨울/NNG+왕국/NNG+생각/NNG+했/XSV+EP+는데/EF"
          },
          {
            "id": 12,
            "text": "2 : 맞아",
            "norm_text": "맞아",
            "speaker": {
              "id": "2번",
              "sex": "여성",
              "age": "20대"
            },
            "speechAct": "(단언) 주장하기",
            "morpheme": "맞/VV+아/EC"
          },
          {
            "id": 13,
            "text": "2 : 그거 진짜 잘 만들었어 키키",
            "norm_text": "그거 진짜 잘 만들었어 키키",
            "speaker": {
              "id": "2번",
              "sex": "여성",
              "age": "20대"
            },
            "speechAct": "(단언) 주장하기",
            "morpheme": "그거/NP+진짜/MAG+잘/MAG+만들/VV+었/EP+어/EC+키/NNG+키/XSV+ETN"
          },
          {
            "id": 14,
            "text": "3 : 겨울 왕국이 인기가 진짜 좋았지 키키",
            "norm_text": "겨울 왕국이 인기가 진짜 좋았지 키키",
            "speaker": {
              "id": "3번",
              "sex": "남성",
              "age": "20대"
            },
            "speechAct": "(단언) 주장하기",
            "morpheme": "겨울/NNG+왕국/NNG+이/JKS+인기/NNG+가/JKS+진짜/MAG+좋/VA+았/EP+지/EC+키/NNG+키/XSV+ETN"
          },
          {
            "id": 15,
            "text": "1 : 키키 그때 진짜 겨울 왕국 붐이었지~",
            "norm_text": "키키 그때 진짜 겨울 왕국 붐이었지~",
            "speaker": {
              "id": "1번",
              "sex": "여성",
              "age": "20대"
            },
            "speechAct": "(단언) 주장하기",
            "morpheme": "키키그때진짜겨울왕국붐이었지/UNKNOWN+~/SY"
          },
          {
            "id": 16,
            "text": "2 : 맞아",
            "norm_text": "맞아",
            "speaker": {
              "id": "2번",
              "sex": "여성",
              "age": "20대"
            },
            "speechAct": "(단언) 주장하기",
            "morpheme": "맞/VV+아/EC"
          },
          {
            "id": 17,
            "text": "2 : 애기들이 다 따라 하고 그랬잖아",
            "norm_text": "애기들이 다 따라 하고 그랬잖아",
            "speaker": {
              "id": "2번",
              "sex": "여성",
              "age": "20대"
            },
            "speechAct": "(단언) 주장하기",
            "morpheme": "애기/NNG+들/XSN+이/JKS+다/MAG+따라/VV+EC+하/VV+고/EC+그랬잖아/VV+EP+EC+VX+EC"
          },
          {
            "id": 18,
            "text": "3 : 나도 우리 조카 그래서 옷 사 줬어...",
            "norm_text": "나도 우리 조카 그래서 옷 사 줬어...",
            "speaker": {
              "id": "3번",
              "sex": "남성",
              "age": "20대"
            },
            "speechAct": "(단언) 진술하기",
            "morpheme": "나/NP+도/JX+우리/NP+조카/NNG+그래서/MAJ+옷/NNG+사/VV+EC+줬/VX+EP+어/EF+./SY"
          },
          {
            "id": 19,
            "text": "1 : 나는 시즌2 안 봤으니까 그거 봐야겠다 키키",
            "norm_text": "나는 시즌2 안 봤으니까 그거 봐야겠다 키키",
            "speaker": {
              "id": "1번",
              "sex": "여성",
              "age": "20대"
            },
            "speechAct": "(언약) 약속하기(제3자와)/(개인적 수준)",
            "morpheme": "나/NP+는/JX+시즌/NNG+2/SN+안/MAG+봤/VV+EP+으니까/EC+그거/NP+VCP+봐야/EC+VX+EC+VX+겠/EP+다키키/NNP"
          },
          {
            "id": 20,
            "text": "2 : 헐 시즌 2 꼭 봐 재밌어 키키",
            "norm_text": "헐 시즌 2 꼭 봐 재밌어 키키",
            "speaker": {
              "id": "2번",
              "sex": "여성",
              "age": "20대"
            },
            "speechAct": "(지시) 충고/제안하기",
            "morpheme": "헐/IC+시즌/NNG+2/SN+꼭/MAG+봐/VV+EC+재밌/VA+어/EC+키/NNG+키/XSV+ETN"
          },
          {
            "id": 21,
            "text": "3 : 맞아",
            "norm_text": "맞아",
            "speaker": {
              "id": "3번",
              "sex": "남성",
              "age": "20대"
            },
            "speechAct": "(단언) 주장하기",
            "morpheme": "맞/VV+아/EC"
          },
          {
            "id": 22,
            "text": "3 : 나도 겨울 왕국 시리즈는 다 봤어 키키",
            "norm_text": "나도 겨울 왕국 시리즈는 다 봤어 키키",
            "speaker": {
              "id": "3번",
              "sex": "남성",
              "age": "20대"
            },
            "speechAct": "(단언) 진술하기",
            "morpheme": "나/NP+도/JX+겨울/NNG+왕국/NNG+시리즈/NNG+는/JX+다/MAG+봤/VV+EP+어/EC+키/NNG+키/XSV+ETN"
          }
        ]
      }
    }
  ]
}