{
  "dataset": {
    "identifier": 127919,
    "name": "NATEON_38_14_set",
    "src_path": "/data/file/cubeManager/PROJECT001/84/txt20211108181225059889/NATEON_38_14_set/",
    "label_path": "/data/file/cubeManager/PROJECT001/84/txt20211108181225059889/NATEON_38_14_set/",
    "category": 2,
    "type": 0
  },
  "licenses": {
    "name": "Apache License 1.0",
    "url": "http://www.apache.org/licenses/LICENSE-1.0"
  },
  "info": [
    {
      "id": 141878,
      "filename": "NATEON_38_14.txt",
      "title": "NATEON_38_14",
      "mediatype": "메신저",
      "medianame": "네이트온",
      "category": "일상대화",
      "date": "2021-11-08",
      "size": 439,
      "annotations": {
        "subject": "사회이슈",
        "speaker_type": "다자간 대화",
        "size": 439,
        "word_size": 146,
        "text": "1 : 아니 아라뱃길인가 사람 실종 됐다고 하던데?\n2 : 아래뱃길? 그 사람은 어디 나라 사람이야?\n3 : 아라뱃길이래 키키 나도 이름 처음 들어 봐 키키\n1 : 아라뱃길 우리 나라에 있는 곳이야...\n2 : 헐 우리 나라에 그런 게 있어?\n3 : 대박 나도 처음 듣는 곳 인데\n1 : 실종된 분은 우리나라 사람이고...\n2 : 헐 ㅠㅠ 거기서 갑자기 실종 된 거야?\n3 : 지금 난 뭐가 뭔지 모르겠어\n1 : 얼마 전에 공개 수사로 전환 됐는데 사망한 채로 발견 됐다네\n2 : 헐 누가 그럼 살인을 한 거네?\n3 : 와 가족들 상심이 크겠다 ㅠㅠ\n1 : 뭐가 뭔지 몰라 사람이 실종됐고 숨진 채로 발견 됐다고!\n2 : 요즘 왜캐 흉흉한 말들이 많냐 ㅠㅠ\n3 : 그냥 실종만 됐다는 줄 알았어 ㅠㅠ\n1 : 아무튼 네이버에 치면 바로 나와 찾아봐\n2 : 응 한번 기사 봐야겠다 ㅠㅠ\n3 : 나도 한번 기사 찾아볼게!",
        "lines": [
          {
            "id": 1,
            "text": "1 : 아니 아라뱃길인가 사람 실종 됐다고 하던데?",
            "norm_text": "아니 아라뱃길인가 사람 실종 됐다고 하던데?",
            "speaker": {
              "id": "1번",
              "sex": "여성",
              "age": "20대"
            },
            "speechAct": "(지시) 질문하기",
            "morpheme": "아니/IC+아라뱃길/NNP+인가/VCP+EC+사람/NNG+실종/NNG+됐/XSV+EP+다고/EC+하/VX+던데/EF"
          },
          {
            "id": 2,
            "text": "2 : 아래뱃길? 그 사람은 어디 나라 사람이야?",
            "norm_text": "아래뱃길? 그 사람은 어디 나라 사람이야?",
            "speaker": {
              "id": "2번",
              "sex": "여성",
              "age": "20대"
            },
            "speechAct": "(지시) 질문하기",
            "morpheme": "아래/NNG+뱃길/NNG+그/MM+사람/NNG+은/JX+어디/NP+나라/NNG+사람/NNG+이/VCP+야/EF"
          },
          {
            "id": 3,
            "text": "3 : 아라뱃길이래 키키 나도 이름 처음 들어 봐 키키",
            "norm_text": "아라뱃길이래 키키 나도 이름 처음 들어 봐 키키",
            "speaker": {
              "id": "3번",
              "sex": "남성",
              "age": "20대"
            },
            "speechAct": "(단언) 진술하기",
            "morpheme": "아라뱃길/NNP+이래/NNB+키/NNG+키나/XSA+ETN+JX+도/JX+이름/NNG+처음/NNG+들/VV+어/EC+봐/VX+EF+키/NNG+키/XSV+ETN"
          },
          {
            "id": 4,
            "text": "1 : 아라뱃길 우리 나라에 있는 곳이야...",
            "norm_text": "아라뱃길 우리 나라에 있는 곳이야...",
            "speaker": {
              "id": "1번",
              "sex": "여성",
              "age": "20대"
            },
            "speechAct": "(단언) 진술하기",
            "morpheme": "아라뱃길/NNP+우리/NP+나라/NNG+에/JKB+있/VV+는/ETM+곳/NNG+이/VCP+야/EF+./SY"
          },
          {
            "id": 5,
            "text": "2 : 헐 우리 나라에 그런 게 있어?",
            "norm_text": "헐 우리 나라에 그런 게 있어?",
            "speaker": {
              "id": "2번",
              "sex": "여성",
              "age": "20대"
            },
            "speechAct": "(지시) 질문하기",
            "morpheme": "헐/IC+우리/NP+나라/NNG+에/JKB+그런/MM+게/NNB+JKS+있/VA+어/EF"
          },
          {
            "id": 6,
            "text": "3 : 대박 나도 처음 듣는 곳 인데",
            "norm_text": "대박 나도 처음 듣는 곳 인데",
            "speaker": {
              "id": "3번",
              "sex": "남성",
              "age": "20대"
            },
            "speechAct": "(단언) 진술하기",
            "morpheme": "대박/NNG+나/NP+도/JX+처음/MAG+듣/VV+는/ETM+곳/NNB+인데/VCP+EC"
          },
          {
            "id": 7,
            "text": "1 : 실종된 분은 우리나라 사람이고...",
            "norm_text": "실종된 분은 우리나라 사람이고...",
            "speaker": {
              "id": "1번",
              "sex": "여성",
              "age": "20대"
            },
            "speechAct": "(단언) 진술하기",
            "morpheme": "실종/NNG+된/XSV+ETM+분/NNB+은/JX+우리/NP+나라/NNG+사람/NNG+이/VCP+고/EC+./SY+./SY"
          },
          {
            "id": 8,
            "text": "2 : 헐 ㅠㅠ 거기서 갑자기 실종 된 거야?",
            "norm_text": "헐 ㅠㅠ 거기서 갑자기 실종 된 거야?",
            "speaker": {
              "id": "2번",
              "sex": "여성",
              "age": "20대"
            },
            "speechAct": "(지시) 질문하기",
            "morpheme": "헐/VV+JKO+ㅠㅠ/UNKNOWN+거기/NP+서/JKB+갑자기/MAG+실종/NNG+된/XSV+ETM+거/NNB+야/VCP+EF"
          },
          {
            "id": 9,
            "text": "3 : 지금 난 뭐가 뭔지 모르겠어",
            "norm_text": "지금 난 뭐가 뭔지 모르겠어",
            "speaker": {
              "id": "3번",
              "sex": "남성",
              "age": "20대"
            },
            "speechAct": "(단언) 진술하기",
            "morpheme": "지금/MAG+난/NP+JX+뭐/NP+가/JKS+뭔지/NP+VCP+EC+모르/VV+겠/EP+어/EC"
          },
          {
            "id": 10,
            "text": "1 : 얼마 전에 공개 수사로 전환 됐는데 사망한 채로 발견 됐다네",
            "norm_text": "얼마 전에 공개 수사로 전환 됐는데 사망한 채로 발견 됐다네",
            "speaker": {
              "id": "1번",
              "sex": "여성",
              "age": "20대"
            },
            "speechAct": "(단언) 진술하기",
            "morpheme": "얼마/NNG+전/NNG+에/JKB+공개/NNG+수사/NNG+로/JKB+전환/NNG+됐/XSV+EP+는데/EC+사망/NNG+한/XSA+ETM+채/NNB+로/JKB+발견/NNG+됐/XSV+EP+다네/EC"
          },
          {
            "id": 11,
            "text": "2 : 헐 누가 그럼 살인을 한 거네?",
            "norm_text": "헐 누가 그럼 살인을 한 거네?",
            "speaker": {
              "id": "2번",
              "sex": "여성",
              "age": "20대"
            },
            "speechAct": "(지시) 질문하기",
            "morpheme": "헐/IC+누가/NP+JKS+그럼/MAJ+살인/NNG+을/JKO+한/VV+ETM+거/NNB+네/VCP+EF"
          },
          {
            "id": 12,
            "text": "3 : 와 가족들 상심이 크겠다 ㅠㅠ",
            "norm_text": "와 가족들 상심이 크겠다 ㅠㅠ",
            "speaker": {
              "id": "3번",
              "sex": "남성",
              "age": "20대"
            },
            "speechAct": "(단언) 진술하기",
            "morpheme": "와/IC+가족/NNG+들/XSN+상심/NNG+이/JKS+크/VA+겠/EP+다/EF+ㅠㅠ/UNKNOWN"
          },
          {
            "id": 13,
            "text": "1 : 뭐가 뭔지 몰라 사람이 실종됐고 숨진 채로 발견 됐다고!",
            "norm_text": "뭐가 뭔지 몰라 사람이 실종됐고 숨진 채로 발견 됐다고!",
            "speaker": {
              "id": "1번",
              "sex": "여성",
              "age": "20대"
            },
            "speechAct": "(단언) 주장하기",
            "morpheme": "뭐/NP+가/JKS+뭔지/NP+VCP+EC+몰라/VV+EC+사람/NNG+이/JKS+실종/NNG+됐/XSV+EP+고/EC+숨진/VV+ETM+채/NNB+로/JKB+발견/NNG+됐/XSV+EP+다고/EF"
          },
          {
            "id": 14,
            "text": "2 : 요즘 왜캐 흉흉한 말들이 많냐 ㅠㅠ",
            "norm_text": "요즘 왜캐 흉흉한 말들이 많냐 ㅠㅠ",
            "speaker": {
              "id": "2번",
              "sex": "여성",
              "age": "20대"
            },
            "speechAct": "(단언) 진술하기",
            "morpheme": "요즘/MAG+왜/MAG+캐/VV+ETM+흉흉/XR+한/XSA+ETM+말/NNG+들/XSN+이/JKS+많/VA+냐/EF+ㅠㅠ/UNKNOWN"
          },
          {
            "id": 15,
            "text": "3 : 그냥 실종만 됐다는 줄 알았어 ㅠㅠ",
            "norm_text": "그냥 실종만 됐다는 줄 알았어 ㅠㅠ",
            "speaker": {
              "id": "3번",
              "sex": "남성",
              "age": "20대"
            },
            "speechAct": "(단언) 진술하기",
            "morpheme": "그냥/MAG+실종/NNG+만/JX+됐/VV+EP+다는/ETM+줄/NNB+알/VV+았/EP+어/EF+ㅠㅠ/UNKNOWN"
          },
          {
            "id": 16,
            "text": "1 : 아무튼 네이버에 치면 바로 나와 찾아봐",
            "norm_text": "아무튼 네이버에 치면 바로 나와 찾아봐",
            "speaker": {
              "id": "1번",
              "sex": "여성",
              "age": "20대"
            },
            "speechAct": "(지시) 충고/제안하기",
            "morpheme": "아무튼/MAJ+네이버/NNP+에/JKB+치/VV+면/EC+바로/MAG+나와/VV+EC+찾아봐/VV+EC"
          },
          {
            "id": 17,
            "text": "2 : 응 한번 기사 봐야겠다 ㅠㅠ",
            "norm_text": "응 한번 기사 봐야겠다 ㅠㅠ",
            "speaker": {
              "id": "2번",
              "sex": "여성",
              "age": "20대"
            },
            "speechAct": "(단언) 주장하기",
            "morpheme": "응/IC+한/MM+번/NNBC+기사/NNG+봐야겠다/VV+EC+VX+EP+EF+ㅠㅠ/UNKNOWN"
          },
          {
            "id": 18,
            "text": "3 : 나도 한번 기사 찾아볼게!",
            "norm_text": "나도 한번 기사 찾아볼게!",
            "speaker": {
              "id": "3번",
              "sex": "남성",
              "age": "20대"
            },
            "speechAct": "(단언) 주장하기",
            "morpheme": "나/NP+도/JX+한/MM+번/NNBC+기사/NNG+찾아볼게/VV+EF"
          }
        ]
      }
    }
  ]
}