{
  "dataset": {
    "identifier": 128851,
    "name": "NATEON_25_11_set",
    "src_path": "/data/file/cubeManager/PROJECT001/84/txt202111091452450103101/NATEON_25_11_set/",
    "label_path": "/data/file/cubeManager/PROJECT001/84/txt202111091452450103101/NATEON_25_11_set/",
    "category": 2,
    "type": 0
  },
  "licenses": {
    "name": "Apache License 1.0",
    "url": "http://www.apache.org/licenses/LICENSE-1.0"
  },
  "info": [
    {
      "id": 143356,
      "filename": "NATEON_25_11.txt",
      "title": "NATEON_25_11",
      "mediatype": "메신저",
      "medianame": "네이트온",
      "category": "일상대화",
      "date": "2021-11-09",
      "size": 666,
      "annotations": {
        "subject": "게임",
        "speaker_type": "1:1",
        "size": 666,
        "word_size": 219,
        "text": "1 : 언니 어릴 때 얼음땡 많이 했어?\n2 : 그럼 그럼! 나는 약간 깍두기 역할도 많이 했어 키키\n2 : 너는?\n1 : 깍두기 귀엽다 키키\n1 : 나는 승부욕 장난 아니어서 엄청 했지.\n1 : 혹시 무궁화 꽃이 피었습니다는?\n2 : 그걸 더 많이 한 거 같은데?\n2 : 근데 너는 데덴찌였어 편 가를 때? 갑자기 궁금해져서 하하\n1 : 어 맞아! 데덴찌였어 우리 지역도 키키\n1 : 지역마다 부르는 게 다르다며?!\n2 : 맞아 덴찌후레찌인가 그것도 있었는데 키키\n2 : 갑자기 생각나서 물어봤어!\n1 : 키키 웃기다.\n1 : 아 그러면 한발 뛰기 혹시 알아?\n2 : 응 그거 술래가 한 발 덜 뛰어서 잡는 그건가?\n1 : 어 맞아! 나 그것도 참 좋아했어.\n1 : 근데 술래 되긴 싫었어 하하\n2 : 승부욕이 넘쳐서 지면 울고 그랬어?\n1 : 아니! 난 눈물이 많지만 결과에 승복하는 바른 사나이였어.\n1 : 참참참! 이 게임 알아?\n2 : 참참참 알지! 디비디비딥 같은 거!\n2 : 쿵쿵따 아니 옛날 게임 다 생각나는데 지금?\n1 : 오 맞아 쿵쿵따!\n1 : 그냥 끝말잇기 같지만 거꾸로 말해야 해서 약간 난이도 있고 재밌었는데. 그치?\n2 : 슭곰발 생각 난다 키키 애들이랑 많이 했던 거 같아!\n2 : 넌 또 무슨 게임 했어?\n1 : 슭곰발 키키\n1 : 아 그리고 또 생각나는 게 절대 음감! 알아?\n2 : 설명해주면 알 거 같아!",
        "lines": [
          {
            "id": 1,
            "text": "1 : 언니 어릴 때 얼음땡 많이 했어?",
            "norm_text": "언니 어릴 때 얼음땡 많이 했어?",
            "speaker": {
              "id": "1번",
              "sex": "여성",
              "age": "20대"
            },
            "speechAct": "(지시) 질문하기",
            "morpheme": "언니/NNG+어릴/VA+ETM+때/NNG+얼음/NNG+땡/MAG+많이/MAG+했/VV+EP+어/EF"
          },
          {
            "id": 2,
            "text": "2 : 그럼 그럼! 나는 약간 깍두기 역할도 많이 했어 키키",
            "norm_text": "그럼 그럼! 나는 약간 깍두기 역할도 많이 했어 키키",
            "speaker": {
              "id": "2번",
              "sex": "여성",
              "age": "20대"
            },
            "speechAct": "(단언) 진술하기",
            "morpheme": "그럼/MAJ+그럼/MAJ+나/NP+는/JX+약간/MAG+깍두기/NNG+역할/NNG+도/JX+많이/MAG+했/VV+EP+어/EC+키/NNG+키/XSV+ETN"
          },
          {
            "id": 3,
            "text": "2 : 너는?",
            "norm_text": "너는?",
            "speaker": {
              "id": "2번",
              "sex": "여성",
              "age": "20대"
            },
            "speechAct": "(지시) 질문하기",
            "morpheme": "너/NP+는/JX"
          },
          {
            "id": 4,
            "text": "1 : 깍두기 귀엽다 키키",
            "norm_text": "깍두기 귀엽다 키키",
            "speaker": {
              "id": "1번",
              "sex": "여성",
              "age": "20대"
            },
            "speechAct": "(단언) 주장하기",
            "morpheme": "깍두기/NNG+귀엽/VA+다키키/NNP"
          },
          {
            "id": 5,
            "text": "1 : 나는 승부욕 장난 아니어서 엄청 했지.",
            "norm_text": "나는 승부욕 장난 아니어서 엄청 했지.",
            "speaker": {
              "id": "1번",
              "sex": "여성",
              "age": "20대"
            },
            "speechAct": "(단언) 진술하기",
            "morpheme": "나/NP+는/JX+승부/NNG+욕장/NNG+난/NP+JX+아니/VCN+어서/EC+엄청/MAG+했/VV+EP+지/EF"
          },
          {
            "id": 6,
            "text": "1 : 혹시 무궁화 꽃이 피었습니다는?",
            "norm_text": "혹시 무궁화 꽃이 피었습니다는?",
            "speaker": {
              "id": "1번",
              "sex": "여성",
              "age": "20대"
            },
            "speechAct": "(지시) 질문하기",
            "morpheme": "혹시/MAG+무궁화/NNG+꽃/NNG+이/JKS+피/VV+었/EP+습니다/EF+는/JX"
          },
          {
            "id": 7,
            "text": "2 : 그걸 더 많이 한 거 같은데?",
            "norm_text": "그걸 더 많이 한 거 같은데?",
            "speaker": {
              "id": "2번",
              "sex": "여성",
              "age": "20대"
            },
            "speechAct": "(단언) 진술하기",
            "morpheme": "그걸/NP+JKO+더/MAG+많이/MAG+한/XSA+ETM+거/NNB+같/VA+은데/EF"
          },
          {
            "id": 8,
            "text": "2 : 근데 너는 데덴찌였어 편 가를 때? 갑자기 궁금해져서 하하",
            "norm_text": "근데 너는 데덴찌였어 편 가를 때? 갑자기 궁금해져서 하하",
            "speaker": {
              "id": "2번",
              "sex": "여성",
              "age": "20대"
            },
            "speechAct": "(지시) 질문하기",
            "morpheme": "근데너는데덴찌였어편가를때/UNKNOWN+갑자기/MAG+궁금/XR+해져서/XSA+EC+VX+EC+하하/MAG"
          },
          {
            "id": 9,
            "text": "1 : 어 맞아! 데덴찌였어 우리 지역도 키키",
            "norm_text": "어 맞아! 데덴찌였어 우리 지역도 키키",
            "speaker": {
              "id": "1번",
              "sex": "여성",
              "age": "20대"
            },
            "speechAct": "(단언) 진술하기",
            "morpheme": "어/IC+맞/VV+아/EF+데덴찌였어우리지역도키키/UNKNOWN"
          },
          {
            "id": 10,
            "text": "1 : 지역마다 부르는 게 다르다며?!",
            "norm_text": "지역마다 부르는 게 다르다며?!",
            "speaker": {
              "id": "1번",
              "sex": "여성",
              "age": "20대"
            },
            "speechAct": "(단언) 진술하기",
            "morpheme": "지역/NNG+마다/JX+부르/VV+는/ETM+게/NNB+JKS+다르/VA+다며/EC+?/SY"
          },
          {
            "id": 11,
            "text": "2 : 맞아 덴찌후레찌인가 그것도 있었는데 키키",
            "norm_text": "맞아 덴찌후레찌인가 그것도 있었는데 키키",
            "speaker": {
              "id": "2번",
              "sex": "여성",
              "age": "20대"
            },
            "speechAct": "(단언) 진술하기",
            "morpheme": "맞/VV+아/EC+덴/VV+ETM+찌/NNG+후/NNG+레/JKS+찌/NNG+인가/VCP+EC+그것/NP+도/JX+있/VA+었/EP+는데/EC+키/NNG+키/XSV+ETN"
          },
          {
            "id": 12,
            "text": "2 : 갑자기 생각나서 물어봤어!",
            "norm_text": "갑자기 생각나서 물어봤어!",
            "speaker": {
              "id": "2번",
              "sex": "여성",
              "age": "20대"
            },
            "speechAct": "(단언) 진술하기",
            "morpheme": "갑자기/MAG+생각/NNG+나/NP+서/JKB+물/VV+어/EC+봤/VX+EP+어/EF"
          },
          {
            "id": 13,
            "text": "1 : 키키 웃기다.",
            "norm_text": "키키 웃기다.",
            "speaker": {
              "id": "1번",
              "sex": "여성",
              "age": "20대"
            },
            "speechAct": "(표현) 긍정감정 표현하기",
            "morpheme": "키/NNG+키/XSV+ETN+웃기/VV+다/EF"
          },
          {
            "id": 14,
            "text": "1 : 아 그러면 한발 뛰기 혹시 알아?",
            "norm_text": "아 그러면 한발 뛰기 혹시 알아?",
            "speaker": {
              "id": "1번",
              "sex": "여성",
              "age": "20대"
            },
            "speechAct": "(지시) 질문하기",
            "morpheme": "아/IC+그러면/MAJ+한발/MAG+뛰/VV+기/ETN+혹시/MAG+알/VV+아/EF"
          },
          {
            "id": 15,
            "text": "2 : 응 그거 술래가 한 발 덜 뛰어서 잡는 그건가?",
            "norm_text": "응 그거 술래가 한 발 덜 뛰어서 잡는 그건가?",
            "speaker": {
              "id": "2번",
              "sex": "여성",
              "age": "20대"
            },
            "speechAct": "(지시) 질문하기",
            "morpheme": "응/IC+그거/NP+술래/NNG+가/JKS+한발/MAG+덜/MAG+뛰/VV+어서/EC+잡/VV+는/ETM+그건가/NP+VCP+EF"
          },
          {
            "id": 16,
            "text": "1 : 어 맞아! 나 그것도 참 좋아했어.",
            "norm_text": "어 맞아! 나 그것도 참 좋아했어.",
            "speaker": {
              "id": "1번",
              "sex": "여성",
              "age": "20대"
            },
            "speechAct": "(단언) 주장하기",
            "morpheme": "어/IC+맞/VV+아/EF+나/NP+그것/NP+도/JX+참/MAG+좋/VA+아/EC+했/VX+EP+어/EF"
          },
          {
            "id": 17,
            "text": "1 : 근데 술래 되긴 싫었어 하하",
            "norm_text": "근데 술래 되긴 싫었어 하하",
            "speaker": {
              "id": "1번",
              "sex": "여성",
              "age": "20대"
            },
            "speechAct": "(단언) 주장하기",
            "morpheme": "근데/MAJ+술래/NNG+되/XSV+긴/ETN+JX+싫/VA+었/EP+어/EC+하하/MAG"
          },
          {
            "id": 18,
            "text": "2 : 승부욕이 넘쳐서 지면 울고 그랬어?",
            "norm_text": "승부욕이 넘쳐서 지면 울고 그랬어?",
            "speaker": {
              "id": "2번",
              "sex": "여성",
              "age": "20대"
            },
            "speechAct": "(지시) 질문하기",
            "morpheme": "승부/NNG+욕/NNG+이/JKS+넘쳐서/VV+EC+지/VX+면/EC+울/VV+고/EC+그랬/VV+EP+어/EF"
          },
          {
            "id": 19,
            "text": "1 : 아니! 난 눈물이 많지만 결과에 승복하는 바른 사나이였어.",
            "norm_text": "아니! 난 눈물이 많지만 결과에 승복하는 바른 사나이였어.",
            "speaker": {
              "id": "1번",
              "sex": "여성",
              "age": "20대"
            },
            "speechAct": "(단언) 진술하기",
            "morpheme": "아니/IC+난/NP+JX+눈물/NNG+이/JKS+많/VA+지만/EC+결과/NNG+에/JKB+승복/NNG+하/XSV+는/ETM+바른/VA+ETM+사나이/NNG+였/VCP+EP+어/EF"
          },
          {
            "id": 20,
            "text": "1 : 참참참! 이 게임 알아?",
            "norm_text": "참참참! 이 게임 알아?",
            "speaker": {
              "id": "1번",
              "sex": "여성",
              "age": "20대"
            },
            "speechAct": "(지시) 질문하기",
            "morpheme": "참/IC+참/IC+참/IC+이게/NP+JKS+임/VCP+ETN+알/VV+아/EF"
          },
          {
            "id": 21,
            "text": "2 : 참참참 알지! 디비디비딥 같은 거!",
            "norm_text": "참참참 알지! 디비디비딥 같은 거!",
            "speaker": {
              "id": "2번",
              "sex": "여성",
              "age": "20대"
            },
            "speechAct": "(단언) 진술하기",
            "morpheme": "참/MAG+참/MAG+참/MAG+알/VV+지/EF+디비/NNG+디비/NNG+딥/NNG+같/VA+은/ETM+거/NNB"
          },
          {
            "id": 22,
            "text": "2 : 쿵쿵따 아니 옛날 게임 다 생각나는데 지금?",
            "norm_text": "쿵쿵따 아니 옛날 게임 다 생각나는데 지금?",
            "speaker": {
              "id": "2번",
              "sex": "여성",
              "age": "20대"
            },
            "speechAct": "(단언) 진술하기",
            "morpheme": "쿵쿵따/NNP+아니/IC+옛날/NNG+게임/NNG+다/MAG+생각/NNG+나/VV+는데/EC+지금/MAG"
          },
          {
            "id": 23,
            "text": "1 : 오 맞아 쿵쿵따!",
            "norm_text": "오 맞아 쿵쿵따!",
            "speaker": {
              "id": "1번",
              "sex": "여성",
              "age": "20대"
            },
            "speechAct": "(단언) 진술하기",
            "morpheme": "오/NR+맞/VV+아/EC+쿵쿵따/NNP"
          },
          {
            "id": 24,
            "text": "1 : 그냥 끝말잇기 같지만 거꾸로 말해야 해서 약간 난이도 있고 재밌었는데. 그치?",
            "norm_text": "그냥 끝말잇기 같지만 거꾸로 말해야 해서 약간 난이도 있고 재밌었는데. 그치?",
            "speaker": {
              "id": "1번",
              "sex": "여성",
              "age": "20대"
            },
            "speechAct": "(지시) 질문하기",
            "morpheme": "그냥/MAG+끝말잇기/NNG+같/VA+지만/EC+거꾸로/MAG+말/NNG+해야/XSV+EC+해서/VV+EC+약간/MAG+난이/NNG+도/JX+있/VA+고/EC+재밌/VA+었/EP+는데/EF+그치/IC"
          },
          {
            "id": 25,
            "text": "2 : 슭곰발 생각 난다 키키 애들이랑 많이 했던 거 같아!",
            "norm_text": "슭곰발 생각 난다 키키 애들이랑 많이 했던 거 같아!",
            "speaker": {
              "id": "2번",
              "sex": "여성",
              "age": "20대"
            },
            "speechAct": "(단언) 진술하기",
            "morpheme": "슭곰/NNG+발/NNG+생각/NNG+난/NP+JX+다키키/NNP+애/NNG+들/XSN+이랑/JKB+많이/MAG+했/VV+EP+던/ETM+거/NNB+같/VA+아/EF"
          },
          {
            "id": 26,
            "text": "2 : 넌 또 무슨 게임 했어?",
            "norm_text": "넌 또 무슨 게임 했어?",
            "speaker": {
              "id": "2번",
              "sex": "여성",
              "age": "20대"
            },
            "speechAct": "(지시) 질문하기",
            "morpheme": "넌/NP+JX+또/MAG+무슨/MM+게임/NNG+했/XSV+EP+어/EF"
          },
          {
            "id": 27,
            "text": "1 : 슭곰발 키키",
            "norm_text": "슭곰발 키키",
            "speaker": {
              "id": "1번",
              "sex": "여성",
              "age": "20대"
            },
            "speechAct": "(단언) 진술하기",
            "morpheme": "슭곰/NNG+발/NNG+키/NNG+키/XSV+ETN"
          },
          {
            "id": 28,
            "text": "1 : 아 그리고 또 생각나는 게 절대 음감! 알아?",
            "norm_text": "아 그리고 또 생각나는 게 절대 음감! 알아?",
            "speaker": {
              "id": "1번",
              "sex": "여성",
              "age": "20대"
            },
            "speechAct": "(지시) 질문하기",
            "morpheme": "아/IC+그리고/MAJ+또/MAG+생각/NNG+나/VV+는/ETM+게/NNB+JKS+절대음감/NNP+알/VV+아/EF"
          },
          {
            "id": 29,
            "text": "2 : 설명해주면 알 거 같아!",
            "norm_text": "설명해주면 알 거 같아!",
            "speaker": {
              "id": "2번",
              "sex": "여성",
              "age": "20대"
            },
            "speechAct": "(단언) 진술하기",
            "morpheme": "설명/NNG+해/XSV+EC+주/VX+면/EC+알/VV+ETM+거/NNB+같/VA+아/EF"
          }
        ]
      }
    }
  ]
}