{
  "dataset": {
    "identifier": 112092,
    "name": "NATEON_33_16_set",
    "src_path": "/data/file/cubeManager/PROJECT001/80/txt202111021733120974110/NATEON_33_16_set/",
    "label_path": "/data/file/cubeManager/PROJECT001/80/txt202111021733120974110/NATEON_33_16_set/",
    "category": 2,
    "type": 0
  },
  "licenses": {
    "name": "Apache License 1.0",
    "url": "http://www.apache.org/licenses/LICENSE-1.0"
  },
  "info": [
    {
      "id": 131868,
      "filename": "NATEON_33_16.txt",
      "title": "NATEON_33_16",
      "mediatype": "메신저",
      "medianame": "네이트온",
      "category": "일상대화",
      "date": "2021-11-02",
      "size": 405,
      "annotations": {
        "subject": "미용",
        "speaker_type": "다자간 대화",
        "size": 405,
        "word_size": 139,
        "text": "1 : 나 오늘 안과 다녀왔어ㅠ\n2 : 안과? 거긴 왜\n2 : 다래끼 난거야?\n3 : 너 눈에 알러지 때문에?\n1 : 아니 렌즈때문에 눈이 충혈되서ㅠ\n2 : 아이고 렌즈 그만 껴 ㅠㅠ\n3 : 요즘 미용 렌즈도 많이 나오던데\n1 : 응 나는 눈 커보이고 싶어서 렌즈 끼거든\n2 : 그럼 안경은 아예 생각이 없어?\n3 : 아마도 세척을 덜 했나보네\n1 : 응 안경은 별로!\n1 : 이제는 원데이 렌즈를 사야겠어\n2 : 응 원데이로 사 ㅠㅠ\n2 : 요즘 다 그거 쓰더라\n3 : 원데이 렌즈도 잘 나와?\n1 : 응 내가 찾아보니까 더 이쁘더라\n2 : 맞아 원데이도 이쁘게 요즘 잘 나오더라고 키키\n3 : 오 다음에 같이 놀때 사러 가자\n1 : 응 하하 다음엔 원데이로 끼고 화장해야지 하하\n2 : 원데이가 세척도 안하고 편해\n3 : 그래 하하 그렇게 하면 더 이쁘겠네",
        "lines": [
          {
            "id": 1,
            "text": "1 : 나 오늘 안과 다녀왔어ㅠ",
            "norm_text": "나 오늘 안과 다녀왔어ㅠ",
            "speaker": {
              "id": "1번",
              "sex": "여성",
              "age": "20대"
            },
            "speechAct": "(단언) 진술하기",
            "morpheme": "나/NP+오늘/MAG+안/NNG+과/JKB+다녀왔/VV+EP+어ㅠ/UNKNOWN"
          },
          {
            "id": 2,
            "text": "2 : 안과? 거긴 왜",
            "norm_text": "안과? 거긴 왜",
            "speaker": {
              "id": "2번",
              "sex": "여성",
              "age": "20대"
            },
            "speechAct": "(지시) 질문하기",
            "morpheme": "안/NNG+과/JC+거긴/NP+JX+왜/MAG"
          },
          {
            "id": 3,
            "text": "2 : 다래끼 난거야?",
            "norm_text": "다래끼 난거야?",
            "speaker": {
              "id": "2번",
              "sex": "여성",
              "age": "20대"
            },
            "speechAct": "(지시) 질문하기",
            "morpheme": "다래끼/NNG+난/VV+ETM+거/NNB+야/VCP+EF"
          },
          {
            "id": 4,
            "text": "3 : 너 눈에 알러지 때문에?",
            "norm_text": "너 눈에 알러지 때문에?",
            "speaker": {
              "id": "3번",
              "sex": "남성",
              "age": "20대"
            },
            "speechAct": "(지시) 질문하기",
            "morpheme": "너/NP+눈/NNG+에/JKB+알/VV+러지/EF+때문/NNB+에/JKB"
          },
          {
            "id": 5,
            "text": "1 : 아니 렌즈때문에 눈이 충혈되서ㅠ",
            "norm_text": "아니 렌즈때문에 눈이 충혈되서ㅠ",
            "speaker": {
              "id": "1번",
              "sex": "여성",
              "age": "20대"
            },
            "speechAct": "(단언) 진술하기",
            "morpheme": "아니/IC+렌즈/NNG+때문/NNB+에/JKB+눈/NNG+이/JKS+충혈/NNG+되/XSV+서/EC+ㅠ/UNKNOWN"
          },
          {
            "id": 6,
            "text": "2 : 아이고 렌즈 그만 껴 ㅠㅠ",
            "norm_text": "아이고 렌즈 그만 껴 ㅠㅠ",
            "speaker": {
              "id": "2번",
              "sex": "여성",
              "age": "20대"
            },
            "speechAct": "(단언) 진술하기",
            "morpheme": "아이고/IC+렌즈/NNG+그만/MAG+껴/VV+EF+ㅠㅠ/UNKNOWN"
          },
          {
            "id": 7,
            "text": "3 : 요즘 미용 렌즈도 많이 나오던데",
            "norm_text": "요즘 미용 렌즈도 많이 나오던데",
            "speaker": {
              "id": "3번",
              "sex": "남성",
              "age": "20대"
            },
            "speechAct": "(단언) 진술하기",
            "morpheme": "요즘/NNG+미용/NNG+렌즈/NNG+도/JX+많이/MAG+나오/VV+던데/EC"
          },
          {
            "id": 8,
            "text": "1 : 응 나는 눈 커보이고 싶어서 렌즈 끼거든",
            "norm_text": "응 나는 눈 커보이고 싶어서 렌즈 끼거든",
            "speaker": {
              "id": "1번",
              "sex": "여성",
              "age": "20대"
            },
            "speechAct": "(단언) 진술하기",
            "morpheme": "응/IC+나/NP+는/JX+눈/NNG+커/VA+EC+보이/VV+고/EC+싶/VX+어서/EC+렌즈/NNG+끼/VV+거든/EC"
          },
          {
            "id": 9,
            "text": "2 : 그럼 안경은 아예 생각이 없어?",
            "norm_text": "그럼 안경은 아예 생각이 없어?",
            "speaker": {
              "id": "2번",
              "sex": "여성",
              "age": "20대"
            },
            "speechAct": "(지시) 질문하기",
            "morpheme": "그럼/MAJ+안경/NNG+은/JX+아예/MAG+생각/NNG+이/JKS+없/VA+어/EF"
          },
          {
            "id": 10,
            "text": "3 : 아마도 세척을 덜 했나보네",
            "norm_text": "아마도 세척을 덜 했나보네",
            "speaker": {
              "id": "3번",
              "sex": "남성",
              "age": "20대"
            },
            "speechAct": "(단언) 진술하기",
            "morpheme": "아마도/MAG+세척/NNG+을/JKO+덜/MAG+했/VV+EP+나/EC+보/VX+네/EC"
          },
          {
            "id": 11,
            "text": "1 : 응 안경은 별로!",
            "norm_text": "응 안경은 별로!",
            "speaker": {
              "id": "1번",
              "sex": "여성",
              "age": "20대"
            },
            "speechAct": "(단언) 진술하기",
            "morpheme": "응/IC+안경/NNG+은/JX+별로/MAG"
          },
          {
            "id": 12,
            "text": "1 : 이제는 원데이 렌즈를 사야겠어",
            "norm_text": "이제는 원데이 렌즈를 사야겠어",
            "speaker": {
              "id": "1번",
              "sex": "여성",
              "age": "20대"
            },
            "speechAct": "(단언) 진술하기",
            "morpheme": "이제/NNG+는/JX+원/NNG+데이/NNG+렌즈/NNG+를/JKO+사/VV+야/EC+VX+겠/EP+어/EC"
          },
          {
            "id": 13,
            "text": "2 : 응 원데이로 사 ㅠㅠ",
            "norm_text": "응 원데이로 사 ㅠㅠ",
            "speaker": {
              "id": "2번",
              "sex": "여성",
              "age": "20대"
            },
            "speechAct": "(단언) 주장하기",
            "morpheme": "응원데이로사ㅠㅠ/UNKNOWN"
          },
          {
            "id": 14,
            "text": "2 : 요즘 다 그거 쓰더라",
            "norm_text": "요즘 다 그거 쓰더라",
            "speaker": {
              "id": "2번",
              "sex": "여성",
              "age": "20대"
            },
            "speechAct": "(단언) 진술하기",
            "morpheme": "요즘/MAG+다/MAG+그거/NP+쓰/VV+더라/EC"
          },
          {
            "id": 15,
            "text": "3 : 원데이 렌즈도 잘 나와?",
            "norm_text": "원데이 렌즈도 잘 나와?",
            "speaker": {
              "id": "3번",
              "sex": "남성",
              "age": "20대"
            },
            "speechAct": "(지시) 질문하기",
            "morpheme": "원/MM+데/NNB+이/MM+렌즈/NNG+도/JX+잘/MAG+나와/VV+EF"
          },
          {
            "id": 16,
            "text": "1 : 응 내가 찾아보니까 더 이쁘더라",
            "norm_text": "응 내가 찾아보니까 더 이쁘더라",
            "speaker": {
              "id": "1번",
              "sex": "여성",
              "age": "20대"
            },
            "speechAct": "(단언) 진술하기",
            "morpheme": "응/IC+내/NP+가/JKS+찾아보/VV+니까/EC+더/MAG+이쁘/VA+더라/EC"
          },
          {
            "id": 17,
            "text": "2 : 맞아 원데이도 이쁘게 요즘 잘 나오더라고 키키",
            "norm_text": "맞아 원데이도 이쁘게 요즘 잘 나오더라고 키키",
            "speaker": {
              "id": "2번",
              "sex": "여성",
              "age": "20대"
            },
            "speechAct": "(단언) 진술하기",
            "morpheme": "맞/XPN+아원/NNG+데이/NNG+도/JX+이쁘/VA+게/EC+요즘/MAG+잘/MAG+나오/VV+더라고/EC+키/NNG+키/XSV+ETN"
          },
          {
            "id": 18,
            "text": "3 : 오 다음에 같이 놀때 사러 가자",
            "norm_text": "오 다음에 같이 놀때 사러 가자",
            "speaker": {
              "id": "3번",
              "sex": "남성",
              "age": "20대"
            },
            "speechAct": "(지시) 충고/제안하기",
            "morpheme": "오/NR+다음/NNG+에/JKB+같이/MAG+놀/VV+ETM+때/NNG+사/VV+러/EC+가/VX+자/EC"
          },
          {
            "id": 19,
            "text": "1 : 응 하하 다음엔 원데이로 끼고 화장해야지 하하",
            "norm_text": "응 하하 다음엔 원데이로 끼고 화장해야지 하하",
            "speaker": {
              "id": "1번",
              "sex": "여성",
              "age": "20대"
            },
            "speechAct": "(단언) 주장하기",
            "morpheme": "응/IC+하하/MAG+다음/NNG+엔/JKB+JX+원/NNG+데이/NNG+로/JKB+끼/VV+고/EC+화장/NNG+해야/XSV+EC+지하/NNG+하/XSV"
          },
          {
            "id": 20,
            "text": "2 : 원데이가 세척도 안하고 편해",
            "norm_text": "원데이가 세척도 안하고 편해",
            "speaker": {
              "id": "2번",
              "sex": "여성",
              "age": "20대"
            },
            "speechAct": "(단언) 진술하기",
            "morpheme": "원/NNG+데이/NNG+가/JKS+세척/NNG+도/JX+안/MAG+하/VV+고/EC+편해/VA+EC"
          },
          {
            "id": 21,
            "text": "3 : 그래 하하 그렇게 하면 더 이쁘겠네",
            "norm_text": "그래 하하 그렇게 하면 더 이쁘겠네",
            "speaker": {
              "id": "3번",
              "sex": "남성",
              "age": "20대"
            },
            "speechAct": "(단언) 주장하기",
            "morpheme": "그래/IC+하하/MAG+그렇게/MAG+하/VV+면/EC+더/MAG+이쁘/VA+겠/EP+네/EF"
          }
        ]
      }
    }
  ]
}