{
  "dataset": {
    "identifier": 112054,
    "name": "NATEON_36_16_set",
    "src_path": "/data/file/cubeManager/PROJECT001/80/txt20211103174750042590/NATEON_36_16_set/",
    "label_path": "/data/file/cubeManager/PROJECT001/80/txt20211103174750042590/NATEON_36_16_set/",
    "category": 2,
    "type": 0
  },
  "licenses": {
    "name": "Apache License 1.0",
    "url": "http://www.apache.org/licenses/LICENSE-1.0"
  },
  "info": [
    {
      "id": 136258,
      "filename": "NATEON_36_16.txt",
      "title": "NATEON_36_16",
      "mediatype": "메신저",
      "medianame": "네이트온",
      "category": "일상대화",
      "date": "2021-11-03",
      "size": 377,
      "annotations": {
        "subject": "미용",
        "speaker_type": "다자간 대화",
        "size": 377,
        "word_size": 135,
        "text": "1 : 나 피어싱 하러 왔어 하하\n2 : 헐 그거 하는데 안 아파?\n3 : 너 갑자기 웬 피어싱이야?\n1 : 응 귀에 살짝 뚫었어!\n2 : 오 이쁘겠네 키키\n2 : 욱씬 거리지 않아?\n3 : 오 너 귀에만 한 거야?\n1 : 코에 하고 싶었는데 너무 무서워,\n2 : 아냐 그냥 귀에다 해 ㅠㅠ\n3 : 너 갑자기 왜 하게 된 거야? 키키\n1 : 나 스우파 보고 피어싱에 치여서...\n2 : 아 거기에 피어싱 한 분들 많아?\n3 : 키키 아 리정처럼 입술에다가는 어때\n1 : 응 진짜 너희도 봐봐...\n2 : 어어 나도 한번 찾아서 봐야겠다 키키\n3 : 키키 나도 한번 찾아서 볼게\n1 : 그럼 너희도 당장 하게 될 거다.\n2 : 키키 아냐 나는 아파서 못 할 거 같아 키키\n3 : 키키 너 태도가 너무 단호한데",
        "lines": [
          {
            "id": 1,
            "text": "1 : 나 피어싱 하러 왔어 하하",
            "norm_text": "나 피어싱 하러 왔어 하하",
            "speaker": {
              "id": "1번",
              "sex": "여성",
              "age": "20대"
            },
            "speechAct": "(단언) 진술하기",
            "morpheme": "나/NP+피어싱/NNP+하/VV+러/EC+왔/VX+EP+어/EC+하하/MAG"
          },
          {
            "id": 2,
            "text": "2 : 헐 그거 하는데 안 아파?",
            "norm_text": "헐 그거 하는데 안 아파?",
            "speaker": {
              "id": "2번",
              "sex": "여성",
              "age": "20대"
            },
            "speechAct": "(지시) 질문하기",
            "morpheme": "헐/IC+그거/NP+하/VV+는데/EC+안/MAG+아파/VA+EF"
          },
          {
            "id": 3,
            "text": "3 : 너 갑자기 웬 피어싱이야?",
            "norm_text": "너 갑자기 웬 피어싱이야?",
            "speaker": {
              "id": "3번",
              "sex": "남성",
              "age": "20대"
            },
            "speechAct": "(단언) 진술하기",
            "morpheme": "너/NP+갑자기/MAG+웬/MM+피어싱/NNP+이/VCP+야/EF"
          },
          {
            "id": 4,
            "text": "1 : 응 귀에 살짝 뚫었어!",
            "norm_text": "응 귀에 살짝 뚫었어!",
            "speaker": {
              "id": "1번",
              "sex": "여성",
              "age": "20대"
            },
            "speechAct": "(단언) 진술하기",
            "morpheme": "응/IC+귀/NNG+에/JKB+살짝/MAG+뚫/VV+었/EP+어/EF"
          },
          {
            "id": 5,
            "text": "2 : 오 이쁘겠네 키키",
            "norm_text": "오 이쁘겠네 키키",
            "speaker": {
              "id": "2번",
              "sex": "여성",
              "age": "20대"
            },
            "speechAct": "(단언) 주장하기",
            "morpheme": "오/NR+이쁘/VA+겠/EP+네/EF+키/NNG+키/XSV+ETN"
          },
          {
            "id": 6,
            "text": "2 : 욱씬 거리지 않아?",
            "norm_text": "욱씬 거리지 않아?",
            "speaker": {
              "id": "2번",
              "sex": "여성",
              "age": "20대"
            },
            "speechAct": "(지시) 질문하기",
            "morpheme": "욱씬거리/VV+지/EC+않/VX+아/EF"
          },
          {
            "id": 7,
            "text": "3 : 오 너 귀에만 한 거야?",
            "norm_text": "오 너 귀에만 한 거야?",
            "speaker": {
              "id": "3번",
              "sex": "남성",
              "age": "20대"
            },
            "speechAct": "(지시) 질문하기",
            "morpheme": "오너/NNG+귀/NNG+에/JKB+만/JX+한/VV+ETM+거/NNB+야/VCP+EF"
          },
          {
            "id": 8,
            "text": "1 : 코에 하고 싶었는데 너무 무서워,",
            "norm_text": "코에 하고 싶었는데 너무 무서워,",
            "speaker": {
              "id": "1번",
              "sex": "여성",
              "age": "20대"
            },
            "speechAct": "(단언) 진술하기",
            "morpheme": "코/NNG+에/JKB+하/VV+고/EC+싶/VX+었/EP+는데/EC+너무/MAG+무서워/VA+EF+,/SC"
          },
          {
            "id": 9,
            "text": "2 : 아냐 그냥 귀에다 해 ㅠㅠ",
            "norm_text": "아냐 그냥 귀에다 해 ㅠㅠ",
            "speaker": {
              "id": "2번",
              "sex": "여성",
              "age": "20대"
            },
            "speechAct": "(단언) 주장하기",
            "morpheme": "아냐/IC+그냥/MAG+귀/NNG+에다/JKB+해/VV+EC+ㅠㅠ/UNKNOWN"
          },
          {
            "id": 10,
            "text": "3 : 너 갑자기 왜 하게 된 거야? 키키",
            "norm_text": "너 갑자기 왜 하게 된 거야? 키키",
            "speaker": {
              "id": "3번",
              "sex": "남성",
              "age": "20대"
            },
            "speechAct": "(지시) 질문하기",
            "morpheme": "너/NP+갑자기/MAG+왜/MAG+하/XSA+게/EC+된/VV+ETM+거/NNB+야/VCP+EF+키/NNG+키/XSV+ETN"
          },
          {
            "id": 11,
            "text": "1 : 나 스우파 보고 피어싱에 치여서...",
            "norm_text": "나 스우파 보고 피어싱에 치여서...",
            "speaker": {
              "id": "1번",
              "sex": "여성",
              "age": "20대"
            },
            "speechAct": "(단언) 진술하기",
            "morpheme": "나스/NNP+우파/NNG+보/VV+고/EC+피어싱/NNP+에/JKB+치여서/VV+EC+./SY+./SY"
          },
          {
            "id": 12,
            "text": "2 : 아 거기에 피어싱 한 분들 많아?",
            "norm_text": "아 거기에 피어싱 한 분들 많아?",
            "speaker": {
              "id": "2번",
              "sex": "여성",
              "age": "20대"
            },
            "speechAct": "(단언) 주장하기",
            "morpheme": "아/IC+거기/NP+에/JKB+피어싱/NNP+한분/NNG+들/XSN+많/VA+아/EF"
          },
          {
            "id": 13,
            "text": "3 : 키키 아 리정처럼 입술에다가는 어때",
            "norm_text": "키키 아 리정처럼 입술에다가는 어때",
            "speaker": {
              "id": "3번",
              "sex": "남성",
              "age": "20대"
            },
            "speechAct": "(단언) 반박하기",
            "morpheme": "키/NNG+키/VV+아/EC+리정/NNG+처럼/JKB+입술/NNG+에다가/JKB+는/JX+어때/VA+EC"
          },
          {
            "id": 14,
            "text": "1 : 응 진짜 너희도 봐봐...",
            "norm_text": "응 진짜 너희도 봐봐...",
            "speaker": {
              "id": "1번",
              "sex": "여성",
              "age": "20대"
            },
            "speechAct": "(단언) 주장하기",
            "morpheme": "응/IC+진짜/MAG+너희/NP+도/JX+봐/VV+EC+봐/VX+EF+./SY"
          },
          {
            "id": 15,
            "text": "2 : 어어 나도 한번 찾아서 봐야겠다 키키",
            "norm_text": "어어 나도 한번 찾아서 봐야겠다 키키",
            "speaker": {
              "id": "2번",
              "sex": "여성",
              "age": "20대"
            },
            "speechAct": "(단언) 주장하기",
            "morpheme": "어/IC+어/IC+나/NP+도/JX+한/MM+번/NNBC+찾/VV+아서/EC+봐야/VX+EC+VV+겠/EP+다키키/NNP"
          },
          {
            "id": 16,
            "text": "3 : 키키 나도 한번 찾아서 볼게",
            "norm_text": "키키 나도 한번 찾아서 볼게",
            "speaker": {
              "id": "3번",
              "sex": "남성",
              "age": "20대"
            },
            "speechAct": "(단언) 주장하기",
            "morpheme": "키/NNG+키나/XSA+ETN+JX+도/JX+한/MM+번/NNBC+찾/VV+아서/EC+볼/VX+게/EC"
          },
          {
            "id": 17,
            "text": "1 : 그럼 너희도 당장 하게 될 거다.",
            "norm_text": "그럼 너희도 당장 하게 될 거다.",
            "speaker": {
              "id": "1번",
              "sex": "여성",
              "age": "20대"
            },
            "speechAct": "(단언) 주장하기",
            "morpheme": "그럼/MAJ+너희/NP+도/JX+당장/NNG+하/XSV+게/EC+될/VV+ETM+거/NNB+다/VCP+EF"
          },
          {
            "id": 18,
            "text": "2 : 키키 아냐 나는 아파서 못 할 거 같아 키키",
            "norm_text": "키키 아냐 나는 아파서 못 할 거 같아 키키",
            "speaker": {
              "id": "2번",
              "sex": "여성",
              "age": "20대"
            },
            "speechAct": "(단언) 주장하기",
            "morpheme": "키/NNG+키/XSV+ETN+아냐/VCN+EF+나/NP+는/JX+아파서/VA+EC+못할/VX+ETM+거/NNB+같/VA+아/EC+키/NNG+키/XSV+ETN"
          },
          {
            "id": 19,
            "text": "3 : 키키 너 태도가 너무 단호한데",
            "norm_text": "키키 너 태도가 너무 단호한데",
            "speaker": {
              "id": "3번",
              "sex": "남성",
              "age": "20대"
            },
            "speechAct": "(단언) 진술하기",
            "morpheme": "키/NNG+키너/NNP+태도/NNG+가/JKS+너무/MAG+단호/XR+한데/XSA+EC"
          }
        ]
      }
    }
  ]
}