{
  "dataset": {
    "identifier": 114646,
    "name": "NATEON_37_17_set",
    "src_path": "/data/file/cubeManager/PROJECT001/80/txt202111031510150250106/NATEON_37_17_set/",
    "label_path": "/data/file/cubeManager/PROJECT001/80/txt202111031510150250106/NATEON_37_17_set/",
    "category": 2,
    "type": 0
  },
  "licenses": {
    "name": "Apache License 1.0",
    "url": "http://www.apache.org/licenses/LICENSE-1.0"
  },
  "info": [
    {
      "id": 134460,
      "filename": "NATEON_37_17.txt",
      "title": "NATEON_37_17",
      "mediatype": "메신저",
      "medianame": "네이트온",
      "category": "일상대화",
      "date": "2021-11-03",
      "size": 395,
      "annotations": {
        "subject": "건강",
        "speaker_type": "다자간 대화",
        "size": 395,
        "word_size": 140,
        "text": "1 : 나 매일 유산균 챙겨 먹어\n2 : 아 그거 매일 챙겨 먹으면 좋지!\n3 : 유산균이 몸에 그렇게 좋다며?\n1 : 응 매일 챙겨 먹으면 효과 짱\n2 : 그럼 화장실 잘 다녀?\n3 : 안 그래도 엄마가 맨날 주더라\n1 : 그거 맨날 먹으면 아침마다 가\n2 : 나 변비가 엄청 심하잖아 ㅠㅠ\n3 : 키키 와 진짜 한번 먹어봐\n1 : 한 달치 줄까?\n1 : 한번 먹어볼래?\n2 : 주면 좋은데 난 매일 꾸준하게 챙겨 먹는 게 잘 안되던데 ㅠㅠ\n3 : 유산균은 아침 빈 속에 먹어야 해\n1 : 맞아 안 그래도 빈 속에 먹으라고 하더라\n2 : 아 그것도 빈 속에 먹는 게 더 좋은 거구나?\n3 : 빈 속에 먹어야 효과가 좋대\n1 : 응 설명서에 그렇게 적혀있던데\n2 : 오케이 하나 이렇게 배워 갑니다 키키\n3 : 복용은 설명서대로 먹어야 해",
        "lines": [
          {
            "id": 1,
            "text": "1 : 나 매일 유산균 챙겨 먹어",
            "norm_text": "나 매일 유산균 챙겨 먹어",
            "speaker": {
              "id": "1번",
              "sex": "여성",
              "age": "20대"
            },
            "speechAct": "(단언) 진술하기",
            "morpheme": "나/NP+매일/MAG+유산균/NNG+챙겨/VV+EC+먹/VV+어/EC"
          },
          {
            "id": 2,
            "text": "2 : 아 그거 매일 챙겨 먹으면 좋지!",
            "norm_text": "아 그거 매일 챙겨 먹으면 좋지!",
            "speaker": {
              "id": "2번",
              "sex": "여성",
              "age": "20대"
            },
            "speechAct": "(단언) 주장하기",
            "morpheme": "아/IC+그거/NP+매일/MAG+챙겨/VV+EC+먹/VV+으면/EC+좋/VA+지/EF"
          },
          {
            "id": 3,
            "text": "3 : 유산균이 몸에 그렇게 좋다며?",
            "norm_text": "유산균이 몸에 그렇게 좋다며?",
            "speaker": {
              "id": "3번",
              "sex": "남성",
              "age": "20대"
            },
            "speechAct": "(지시) 질문하기",
            "morpheme": "유산균/NNG+이/JKS+몸/NNG+에/JKB+그렇게/MAG+좋/VA+다며/EF"
          },
          {
            "id": 4,
            "text": "1 : 응 매일 챙겨 먹으면 효과 짱",
            "norm_text": "응 매일 챙겨 먹으면 효과 짱",
            "speaker": {
              "id": "1번",
              "sex": "여성",
              "age": "20대"
            },
            "speechAct": "(단언) 진술하기",
            "morpheme": "응/IC+매일/MAG+챙겨/VV+EC+먹/VV+으면/EC+효과/NNG+짱/NNG"
          },
          {
            "id": 5,
            "text": "2 : 그럼 화장실 잘 다녀?",
            "norm_text": "그럼 화장실 잘 다녀?",
            "speaker": {
              "id": "2번",
              "sex": "여성",
              "age": "20대"
            },
            "speechAct": "(지시) 질문하기",
            "morpheme": "그럼/MAJ+화장실/NNG+잘/MAG+다녀/VV+EF"
          },
          {
            "id": 6,
            "text": "3 : 안 그래도 엄마가 맨날 주더라",
            "norm_text": "안 그래도 엄마가 맨날 주더라",
            "speaker": {
              "id": "3번",
              "sex": "남성",
              "age": "20대"
            },
            "speechAct": "(단언) 진술하기",
            "morpheme": "안/MAG+그래도/VV+EC+엄마/NNG+가/JKS+맨날/MAG+주/VV+더라/EC"
          },
          {
            "id": 7,
            "text": "1 : 그거 맨날 먹으면 아침마다 가",
            "norm_text": "그거 맨날 먹으면 아침마다 가",
            "speaker": {
              "id": "1번",
              "sex": "여성",
              "age": "20대"
            },
            "speechAct": "(단언) 진술하기",
            "morpheme": "그거/NP+맨날/MAG+먹/VV+으면/EC+아침/NNG+마다/JX+가/VV+EC"
          },
          {
            "id": 8,
            "text": "2 : 나 변비가 엄청 심하잖아 ㅠㅠ",
            "norm_text": "나 변비가 엄청 심하잖아 ㅠㅠ",
            "speaker": {
              "id": "2번",
              "sex": "여성",
              "age": "20대"
            },
            "speechAct": "(단언) 진술하기",
            "morpheme": "나/NP+변비/NNG+가/JKS+엄청/MAG+심하/VA+잖아/EF+ㅠㅠ/UNKNOWN"
          },
          {
            "id": 9,
            "text": "3 : 키키 와 진짜 한번 먹어봐",
            "norm_text": "키키 와 진짜 한번 먹어봐",
            "speaker": {
              "id": "3번",
              "sex": "남성",
              "age": "20대"
            },
            "speechAct": "(지시) 충고/제안하기",
            "morpheme": "키/NNG+키/XSV+ETN+와/JKB+진짜/MAG+한/MM+번/NNBC+먹/VV+어/EC+봐/VX+EC"
          },
          {
            "id": 10,
            "text": "1 : 한 달치 줄까?",
            "norm_text": "한 달치 줄까?",
            "speaker": {
              "id": "1번",
              "sex": "여성",
              "age": "20대"
            },
            "speechAct": "(지시) 질문하기",
            "morpheme": "한/MM+달/NNBC+치/VV+줄까/EC+VX+EF"
          },
          {
            "id": 11,
            "text": "1 : 한번 먹어볼래?",
            "norm_text": "한번 먹어볼래?",
            "speaker": {
              "id": "1번",
              "sex": "여성",
              "age": "20대"
            },
            "speechAct": "(지시) 충고/제안하기",
            "morpheme": "한/MM+번/NNBC+먹/VV+어/EC+볼래/VX+EF"
          },
          {
            "id": 12,
            "text": "2 : 주면 좋은데 난 매일 꾸준하게 챙겨 먹는 게 잘 안되던데 ㅠㅠ",
            "norm_text": "주면 좋은데 난 매일 꾸준하게 챙겨 먹는 게 잘 안되던데 ㅠㅠ",
            "speaker": {
              "id": "2번",
              "sex": "여성",
              "age": "20대"
            },
            "speechAct": "(단언) 진술하기",
            "morpheme": "주/VV+면/EC+좋/VA+은데/EC+난/NP+JX+매일/MAG+꾸준/XR+하/XSA+게/EC+챙겨/VV+EC+먹/VV+는/ETM+게/NNB+JKS+잘/MAG+안/MAG+되/VV+던데/EC+ㅠㅠ/UNKNOWN"
          },
          {
            "id": 13,
            "text": "3 : 유산균은 아침 빈 속에 먹어야 해",
            "norm_text": "유산균은 아침 빈 속에 먹어야 해",
            "speaker": {
              "id": "3번",
              "sex": "남성",
              "age": "20대"
            },
            "speechAct": "(단언) 진술하기",
            "morpheme": "유산균/NNG+은/JX+아침/NNG+빈속/NNG+에/JKB+먹/VV+어야/EC+해/VV+EC"
          },
          {
            "id": 14,
            "text": "1 : 맞아 안 그래도 빈 속에 먹으라고 하더라",
            "norm_text": "맞아 안 그래도 빈 속에 먹으라고 하더라",
            "speaker": {
              "id": "1번",
              "sex": "여성",
              "age": "20대"
            },
            "speechAct": "(단언) 진술하기",
            "morpheme": "맞/VV+아/EC+안/MAG+그래도/VV+EC+빈속/NNG+에/JKB+먹/VV+으라고/EC+하/VV+더라/EC"
          },
          {
            "id": 15,
            "text": "2 : 아 그것도 빈 속에 먹는 게 더 좋은 거구나?",
            "norm_text": "아 그것도 빈 속에 먹는 게 더 좋은 거구나?",
            "speaker": {
              "id": "2번",
              "sex": "여성",
              "age": "20대"
            },
            "speechAct": "(단언) 진술하기",
            "morpheme": "아/IC+그것/NP+도/JX+빈속/NNG+에/JKB+먹/VV+는/ETM+게/NNB+JKS+더/MAG+좋/VA+은/ETM+거/NNB+구나/VCP+EF"
          },
          {
            "id": 16,
            "text": "3 : 빈 속에 먹어야 효과가 좋대",
            "norm_text": "빈 속에 먹어야 효과가 좋대",
            "speaker": {
              "id": "3번",
              "sex": "남성",
              "age": "20대"
            },
            "speechAct": "(단언) 진술하기",
            "morpheme": "빈속/NNG+에/JKB+먹/VV+어야/EC+효과/NNG+가/JKS+좋/VA+대/EC"
          },
          {
            "id": 17,
            "text": "1 : 응 설명서에 그렇게 적혀있던데",
            "norm_text": "응 설명서에 그렇게 적혀있던데",
            "speaker": {
              "id": "1번",
              "sex": "여성",
              "age": "20대"
            },
            "speechAct": "(단언) 진술하기",
            "morpheme": "응/IC+설명서/NNG+에/JKB+그렇게/MAG+적혀/VV+EC+있/VX+던데/EC"
          },
          {
            "id": 18,
            "text": "2 : 오케이 하나 이렇게 배워 갑니다 키키",
            "norm_text": "오케이 하나 이렇게 배워 갑니다 키키",
            "speaker": {
              "id": "2번",
              "sex": "여성",
              "age": "20대"
            },
            "speechAct": "(단언) 진술하기",
            "morpheme": "오케이/IC+하나/NR+이렇게/MAG+배워/VV+EC+갑/VX+니/EC+다키키/NNP"
          },
          {
            "id": 19,
            "text": "3 : 복용은 설명서대로 먹어야 해",
            "norm_text": "복용은 설명서대로 먹어야 해",
            "speaker": {
              "id": "3번",
              "sex": "남성",
              "age": "20대"
            },
            "speechAct": "(단언) 진술하기",
            "morpheme": "복용/NNG+은/JX+설명서/NNG+대로/JKB+먹/VV+어야/EC+해/VV+EC"
          }
        ]
      }
    }
  ]
}