{
  "dataset": {
    "identifier": 114020,
    "name": "NATEON_32_07_set",
    "src_path": "/data/file/cubeManager/PROJECT001/80/txt202111021733120758104/NATEON_32_07_set/",
    "label_path": "/data/file/cubeManager/PROJECT001/80/txt202111021733120758104/NATEON_32_07_set/",
    "category": 2,
    "type": 0
  },
  "licenses": {
    "name": "Apache License 1.0",
    "url": "http://www.apache.org/licenses/LICENSE-1.0"
  },
  "info": [
    {
      "id": 131839,
      "filename": "NATEON_32_07.txt",
      "title": "NATEON_32_07",
      "mediatype": "메신저",
      "medianame": "네이트온",
      "category": "일상대화",
      "date": "2021-11-02",
      "size": 417,
      "annotations": {
        "subject": "가족",
        "speaker_type": "다자간 대화",
        "size": 417,
        "word_size": 139,
        "text": "1 : 오늘 부모님 결혼 기념일이래!\n2 : 오 대박\n2 : 두분 데이트 가셨어?\n3 : 오 케이크 같은거 준비했어?\n1 : 아니~\n1 : 집에서 다같이 보낸다고 해 하하\n2 : 아 다같이 밥 먹는거야?\n2 : 좋겠다 하하\n3 : 왠지 레터링 케이크 했을거 같은데\n1 : 응 당연하지~\n1 : 케이크는 필수 코스~\n2 : 맞아\n2 : 왠지 너 이쁜걸로 잘 준비 했을 듯 하하\n3 : 오 케이크 어떻게 디자인했는데?\n1 : 부모님 결혼 사진으로 했지\n2 : 요즘 디자인 신기한거 진짜 많더라!\n3 : 맞아\n3 : 오 사진 디자인 좋은데?\n1 : 응 엄청 좋아하실거 같아ㅠㅠ\n2 : 나도 이번에 돌아오는데 해 드려야겠다!\n3 : 올해 결혼하신지 몇 주년이셔?\n1 : 올해 결혼하신지 25주년 됬어!\n2 : 진짜 지금까지 화목 하신거 보면 하하 진짜 부러워\n3 : 와 정말 축하한다고 전해줘!",
        "lines": [
          {
            "id": 1,
            "text": "1 : 오늘 부모님 결혼 기념일이래!",
            "norm_text": "오늘 부모님 결혼 기념일이래!",
            "speaker": {
              "id": "1번",
              "sex": "여성",
              "age": "20대"
            },
            "speechAct": "(단언) 진술하기",
            "morpheme": "오늘/MAG+부모/NNG+님/XSN+결혼기념일/NNG+이/VCP+래/EF"
          },
          {
            "id": 2,
            "text": "2 : 오 대박",
            "norm_text": "오 대박",
            "speaker": {
              "id": "2번",
              "sex": "여성",
              "age": "20대"
            },
            "speechAct": "턴토크 사인(관습적 반응)",
            "morpheme": "오/NR+대박/NNG"
          },
          {
            "id": 3,
            "text": "2 : 두분 데이트 가셨어?",
            "norm_text": "두분 데이트 가셨어?",
            "speaker": {
              "id": "2번",
              "sex": "여성",
              "age": "20대"
            },
            "speechAct": "(지시) 질문하기",
            "morpheme": "두/MM+분/NNBC+데이트/NNG+가셨/VV+EP+어/EF"
          },
          {
            "id": 4,
            "text": "3 : 오 케이크 같은거 준비했어?",
            "norm_text": "오 케이크 같은거 준비했어?",
            "speaker": {
              "id": "3번",
              "sex": "남성",
              "age": "20대"
            },
            "speechAct": "(지시) 질문하기",
            "morpheme": "오케/IC+이크/IC+같/VA+은/ETM+거/NNB+준비/NNG+했/XSV+EP+어/EF"
          },
          {
            "id": 5,
            "text": "1 : 아니~",
            "norm_text": "아니~",
            "speaker": {
              "id": "1번",
              "sex": "여성",
              "age": "20대"
            },
            "speechAct": "(단언) 주장하기",
            "morpheme": "아니/IC+~/SY"
          },
          {
            "id": 6,
            "text": "1 : 집에서 다같이 보낸다고 해 하하",
            "norm_text": "집에서 다같이 보낸다고 해 하하",
            "speaker": {
              "id": "1번",
              "sex": "여성",
              "age": "20대"
            },
            "speechAct": "(단언) 진술하기",
            "morpheme": "집/NNG+에서/JKB+다/MAG+같이/MAG+보낸다고/VV+EC+해하/NNG+하/XSV"
          },
          {
            "id": 7,
            "text": "2 : 아 다같이 밥 먹는거야?",
            "norm_text": "아 다같이 밥 먹는거야?",
            "speaker": {
              "id": "2번",
              "sex": "여성",
              "age": "20대"
            },
            "speechAct": "(지시) 질문하기",
            "morpheme": "아/IC+다/MAG+같이/MAG+밥/NNG+먹/VV+는/ETM+거/NNB+야/VCP+EF"
          },
          {
            "id": 8,
            "text": "2 : 좋겠다 하하",
            "norm_text": "좋겠다 하하",
            "speaker": {
              "id": "2번",
              "sex": "여성",
              "age": "20대"
            },
            "speechAct": "(단언) 주장하기",
            "morpheme": "좋/VA+겠/EP+다/EF+하하/MAG"
          },
          {
            "id": 9,
            "text": "3 : 왠지 레터링 케이크 했을거 같은데",
            "norm_text": "왠지 레터링 케이크 했을거 같은데",
            "speaker": {
              "id": "3번",
              "sex": "남성",
              "age": "20대"
            },
            "speechAct": "(단언) 주장하기",
            "morpheme": "왠지/MAG+레터링/NNG+케이크/NNG+했/XSV+EP+을/ETM+거/NNB+같/VA+은데/EC"
          },
          {
            "id": 10,
            "text": "1 : 응 당연하지~",
            "norm_text": "응 당연하지~",
            "speaker": {
              "id": "1번",
              "sex": "여성",
              "age": "20대"
            },
            "speechAct": "(단언) 주장하기",
            "morpheme": "응/IC+당연/XR+하/XSA+지/EC+~/SY"
          },
          {
            "id": 11,
            "text": "1 : 케이크는 필수 코스~",
            "norm_text": "케이크는 필수 코스~",
            "speaker": {
              "id": "1번",
              "sex": "여성",
              "age": "20대"
            },
            "speechAct": "(단언) 주장하기",
            "morpheme": "케이크/NNG+는/JX+필수/NNG+코스/NNG+~/SY"
          },
          {
            "id": 12,
            "text": "2 : 맞아",
            "norm_text": "맞아",
            "speaker": {
              "id": "2번",
              "sex": "여성",
              "age": "20대"
            },
            "speechAct": "(단언) 주장하기",
            "morpheme": "맞/VV+아/EC"
          },
          {
            "id": 13,
            "text": "2 : 왠지 너 이쁜걸로 잘 준비 했을 듯 하하",
            "norm_text": "왠지 너 이쁜걸로 잘 준비 했을 듯 하하",
            "speaker": {
              "id": "2번",
              "sex": "여성",
              "age": "20대"
            },
            "speechAct": "(단언) 주장하기",
            "morpheme": "왠지/MAG+너/NP+이쁜/VA+ETM+걸로/NNB+JKB+잘/MAG+준비/NNG+했/XSV+EP+을/ETM+듯/NNB+하/XSA+하/XSA"
          },
          {
            "id": 14,
            "text": "3 : 오 케이크 어떻게 디자인했는데?",
            "norm_text": "오 케이크 어떻게 디자인했는데?",
            "speaker": {
              "id": "3번",
              "sex": "남성",
              "age": "20대"
            },
            "speechAct": "(지시) 질문하기",
            "morpheme": "오케/IC+이크/IC+어떻게/MAG+디자인/NNG+했/XSV+EP+는데/EF"
          },
          {
            "id": 15,
            "text": "1 : 부모님 결혼 사진으로 했지",
            "norm_text": "부모님 결혼 사진으로 했지",
            "speaker": {
              "id": "1번",
              "sex": "여성",
              "age": "20대"
            },
            "speechAct": "(단언) 진술하기",
            "morpheme": "부모/NNG+님/XSN+결혼사진/NNG+으로/JKB+했/VV+EP+지/EC"
          },
          {
            "id": 16,
            "text": "2 : 요즘 디자인 신기한거 진짜 많더라!",
            "norm_text": "요즘 디자인 신기한거 진짜 많더라!",
            "speaker": {
              "id": "2번",
              "sex": "여성",
              "age": "20대"
            },
            "speechAct": "(단언) 진술하기",
            "morpheme": "요즘/NNG+디자인/NNG+신기/XR+한/XSA+ETM+거/NNB+진짜/MAG+많/VA+더라/EF"
          },
          {
            "id": 17,
            "text": "3 : 맞아",
            "norm_text": "맞아",
            "speaker": {
              "id": "3번",
              "sex": "남성",
              "age": "20대"
            },
            "speechAct": "(단언) 주장하기",
            "morpheme": "맞/VV+아/EC"
          },
          {
            "id": 18,
            "text": "3 : 오 사진 디자인 좋은데?",
            "norm_text": "오 사진 디자인 좋은데?",
            "speaker": {
              "id": "3번",
              "sex": "남성",
              "age": "20대"
            },
            "speechAct": "(단언) 주장하기",
            "morpheme": "오/NR+사진/NNG+디자인/NNG+좋/VA+은데/EF"
          },
          {
            "id": 19,
            "text": "1 : 응 엄청 좋아하실거 같아ㅠㅠ",
            "norm_text": "응 엄청 좋아하실거 같아ㅠㅠ",
            "speaker": {
              "id": "1번",
              "sex": "여성",
              "age": "20대"
            },
            "speechAct": "(단언) 주장하기",
            "morpheme": "응/IC+엄청/MAG+좋/VA+아/EC+하/VX+실/EP+ETM+거/NNB+같/VA+아/EC+ㅠㅠ/UNKNOWN"
          },
          {
            "id": 20,
            "text": "2 : 나도 이번에 돌아오는데 해 드려야겠다!",
            "norm_text": "나도 이번에 돌아오는데 해 드려야겠다!",
            "speaker": {
              "id": "2번",
              "sex": "여성",
              "age": "20대"
            },
            "speechAct": "(단언) 주장하기",
            "morpheme": "나/NP+도/JX+이번/NNG+에/JKB+돌아오/VV+는/ETM+데/NNB+해드려야/VV+EC+VX+EC+VX+겠/EP+다/EF"
          },
          {
            "id": 21,
            "text": "3 : 올해 결혼하신지 몇 주년이셔?",
            "norm_text": "올해 결혼하신지 몇 주년이셔?",
            "speaker": {
              "id": "3번",
              "sex": "남성",
              "age": "20대"
            },
            "speechAct": "(지시) 질문하기",
            "morpheme": "올해/NNG+결혼/NNG+하/XSV+신/EP+ETM+지/NNB+몇/MM+주년/NNBC+이/VCP+셔/EP+EF"
          },
          {
            "id": 22,
            "text": "1 : 올해 결혼하신지 25주년 됬어!",
            "norm_text": "올해 결혼하신지 25주년 됬어!",
            "speaker": {
              "id": "1번",
              "sex": "여성",
              "age": "20대"
            },
            "speechAct": "(단언) 진술하기",
            "morpheme": "올해/NNG+결혼/NNG+하/XSV+신/EP+ETM+지/NNB+25/SN+주년/NNBC+됬/VV+EP+어/EF"
          },
          {
            "id": 23,
            "text": "2 : 진짜 지금까지 화목 하신거 보면 하하 진짜 부러워",
            "norm_text": "진짜 지금까지 화목 하신거 보면 하하 진짜 부러워",
            "speaker": {
              "id": "2번",
              "sex": "여성",
              "age": "20대"
            },
            "speechAct": "(단언) 주장하기",
            "morpheme": "진짜/MAG+지금/NNG+까지/JX+화목/NNG+하/XSV+신/EP+ETM+거/NNB+보/VV+면/EC+하하/MAG+진짜/MAG+부러워/VA+EC"
          },
          {
            "id": 24,
            "text": "3 : 와 정말 축하한다고 전해줘!",
            "norm_text": "와 정말 축하한다고 전해줘!",
            "speaker": {
              "id": "3번",
              "sex": "남성",
              "age": "20대"
            },
            "speechAct": "(단언) 주장하기",
            "morpheme": "와/IC+정말/MAG+축하/NNG+한다고/XSV+EC+전해/VV+EC+줘/VX+EF"
          }
        ]
      }
    }
  ]
}