{
  "dataset": {
    "identifier": 117849,
    "name": "NATEON_28_06_set",
    "src_path": "/data/file/cubeManager/PROJECT001/80/txt20211102103851057817/NATEON_28_06_set/",
    "label_path": "/data/file/cubeManager/PROJECT001/80/txt20211102103851057817/NATEON_28_06_set/",
    "category": 2,
    "type": 0
  },
  "licenses": {
    "name": "Apache License 1.0",
    "url": "http://www.apache.org/licenses/LICENSE-1.0"
  },
  "info": [
    {
      "id": 129849,
      "filename": "NATEON_28_06.txt",
      "title": "NATEON_28_06",
      "mediatype": "메신저",
      "medianame": "네이트온",
      "category": "일상대화",
      "date": "2021-11-02",
      "size": 408,
      "annotations": {
        "subject": "교육",
        "speaker_type": "다자간 대화",
        "size": 408,
        "word_size": 137,
        "text": "1 : 요즘에 토익 학원 되게 많이 가더라\n2 : 맞아 요즘 배움이 자꾸 늘어가고 있어 키키\n3 : 나도 얼마 전에 토익 학원 끊었어!\n3 : 그러니까, 나도 이제 열심히 살 거야\n1 : 나 맨날 아침에 가는데 뒷자리야 키키\n2 : 말 나온 김에 나도 공부 해볼까 키키\n2 : 사람들 앞에 앉아있어?\n3 : 키키 그럼 더 일찍 가야지!\n1 : 응 아무리 일찍 가도 사람이 많아...\n2 : 와우 추운데 다들 왜캐 일찍 나오시는 거야...\n3 : 아이고... 사람들이 되게 열정적이네\n1 : 키키 그러니까 다들 열정 한가득~\n2 : 아냐 자리는 중요하지 않아\n2 : 열심히 공부 하면 되지 키키\n3 : 너도 얼른 열정 한가득 해야지\n1 : 응 나도 이제 열정적으로 공부할 거야!\n2 : 웅 너도 열심히 해서 토익 왕 되보자 키키\n3 : 우리 다들 열정 왕 되자!",
        "lines": [
          {
            "id": 1,
            "text": "1 : 요즘에 토익 학원 되게 많이 가더라",
            "norm_text": "요즘에 토익 학원 되게 많이 가더라",
            "speaker": {
              "id": "1번",
              "sex": "여성",
              "age": "20대"
            },
            "speechAct": "(단언) 주장하기",
            "morpheme": "요즘/NNG+에/JKB+토익/NNG+학원/NNG+되게/MAG+많이/MAG+가/VV+더라/EC"
          },
          {
            "id": 2,
            "text": "2 : 맞아 요즘 배움이 자꾸 늘어가고 있어 키키",
            "norm_text": "맞아 요즘 배움이 자꾸 늘어가고 있어 키키",
            "speaker": {
              "id": "2번",
              "sex": "여성",
              "age": "20대"
            },
            "speechAct": "(단언) 주장하기",
            "morpheme": "맞아/IC+요즘/MAG+배움/VV+ETN+이/JKS+자꾸/MAG+늘/VV+어/EC+가/VX+고/EC+있/VX+어/EC+키/NNG+키/XSV+ETN"
          },
          {
            "id": 3,
            "text": "3 : 나도 얼마 전에 토익 학원 끊었어!",
            "norm_text": "나도 얼마 전에 토익 학원 끊었어!",
            "speaker": {
              "id": "3번",
              "sex": "남성",
              "age": "20대"
            },
            "speechAct": "(단언) 진술하기",
            "morpheme": "나/NP+도/JX+얼마/NNG+전/NNG+에/JKB+토익/NNG+학원/NNG+끊/VV+었/EP+어/EF"
          },
          {
            "id": 4,
            "text": "3 : 그러니까, 나도 이제 열심히 살 거야",
            "norm_text": "그러니까, 나도 이제 열심히 살 거야",
            "speaker": {
              "id": "3번",
              "sex": "남성",
              "age": "20대"
            },
            "speechAct": "(언약) 약속하기(제3자와)/(개인적 수준)",
            "morpheme": "그러니까/MAJ+,/SC+나/NP+도/JX+이제/MAG+열심히/MAG+살/VV+ETM+거/NNB+야/VCP+EF"
          },
          {
            "id": 5,
            "text": "1 : 나 맨날 아침에 가는데 뒷자리야 키키",
            "norm_text": "나 맨날 아침에 가는데 뒷자리야 키키",
            "speaker": {
              "id": "1번",
              "sex": "여성",
              "age": "20대"
            },
            "speechAct": "(단언) 진술하기",
            "morpheme": "나/NP+맨날/MAG+아침/NNG+에/JKB+가/VV+는데/EC+뒷자리/NNG+야/VCP+EF+키/NNG+키/XSV+ETN"
          },
          {
            "id": 6,
            "text": "2 : 말 나온 김에 나도 공부 해볼까 키키",
            "norm_text": "말 나온 김에 나도 공부 해볼까 키키",
            "speaker": {
              "id": "2번",
              "sex": "여성",
              "age": "20대"
            },
            "speechAct": "(단언) 주장하기",
            "morpheme": "말/NNG+나온/VV+ETM+김/NNB+에/JKB+나/NP+도/JX+공부/NNG+해/XSV+EC+볼까/VX+EC+키/NNG+키/XSV+ETN"
          },
          {
            "id": 7,
            "text": "2 : 사람들 앞에 앉아있어?",
            "norm_text": "사람들 앞에 앉아있어?",
            "speaker": {
              "id": "2번",
              "sex": "여성",
              "age": "20대"
            },
            "speechAct": "(지시) 질문하기",
            "morpheme": "사람/NNG+들/XSN+앞/NNG+에/JKB+앉/VV+아/EC+있/VX+어/EF"
          },
          {
            "id": 8,
            "text": "3 : 키키 그럼 더 일찍 가야지!",
            "norm_text": "키키 그럼 더 일찍 가야지!",
            "speaker": {
              "id": "3번",
              "sex": "남성",
              "age": "20대"
            },
            "speechAct": "(단언) 주장하기",
            "morpheme": "키/NNG+키/XSV+ETN+그럼/MAJ+더/MAG+일찍/MAG+가/VV+야지/EF"
          },
          {
            "id": 9,
            "text": "1 : 응 아무리 일찍 가도 사람이 많아...",
            "norm_text": "응 아무리 일찍 가도 사람이 많아...",
            "speaker": {
              "id": "1번",
              "sex": "여성",
              "age": "20대"
            },
            "speechAct": "(단언) 주장하기",
            "morpheme": "응/IC+아무리/MAG+일찍/MAG+가/VV+도/EC+사람/NNG+이/JKS+많/VA+아/EF+./SY"
          },
          {
            "id": 10,
            "text": "2 : 와우 추운데 다들 왜캐 일찍 나오시는 거야...",
            "norm_text": "와우 추운데 다들 왜캐 일찍 나오시는 거야...",
            "speaker": {
              "id": "2번",
              "sex": "여성",
              "age": "20대"
            },
            "speechAct": "(단언) 주장하기",
            "morpheme": "와우/IC+추운데/VA+EC+다/MAG+들/XSN+왜/MAG+캐/VV+EC+일찍/MAG+나오/VV+시/EP+는/ETM+거/NNB+야/VCP+EF+./SY"
          },
          {
            "id": 11,
            "text": "3 : 아이고... 사람들이 되게 열정적이네",
            "norm_text": "아이고... 사람들이 되게 열정적이네",
            "speaker": {
              "id": "3번",
              "sex": "남성",
              "age": "20대"
            },
            "speechAct": "(단언) 주장하기",
            "morpheme": "아이고/IC+./SY+사람/NNG+들/XSN+이/JKS+되게/MAG+열정/NNG+적/XSN+이/VCP+네/EC"
          },
          {
            "id": 12,
            "text": "1 : 키키 그러니까 다들 열정 한가득~",
            "norm_text": "키키 그러니까 다들 열정 한가득~",
            "speaker": {
              "id": "1번",
              "sex": "여성",
              "age": "20대"
            },
            "speechAct": "(단언) 주장하기",
            "morpheme": "키키그러니까다들열정한가득/UNKNOWN+~/SY"
          },
          {
            "id": 13,
            "text": "2 : 아냐 자리는 중요하지 않아",
            "norm_text": "아냐 자리는 중요하지 않아",
            "speaker": {
              "id": "2번",
              "sex": "여성",
              "age": "20대"
            },
            "speechAct": "(단언) 주장하기",
            "morpheme": "아냐/IC+자리/NNG+는/JX+중요/NNG+하/XSV+지/EC+않/VX+아/EC"
          },
          {
            "id": 14,
            "text": "2 : 열심히 공부 하면 되지 키키",
            "norm_text": "열심히 공부 하면 되지 키키",
            "speaker": {
              "id": "2번",
              "sex": "여성",
              "age": "20대"
            },
            "speechAct": "(단언) 주장하기",
            "morpheme": "열심히/MAG+공부/NNG+하/XSV+면/EC+되/VV+지/EC+키/NNG+키/XSV+ETN"
          },
          {
            "id": 15,
            "text": "3 : 너도 얼른 열정 한가득 해야지",
            "norm_text": "너도 얼른 열정 한가득 해야지",
            "speaker": {
              "id": "3번",
              "sex": "남성",
              "age": "20대"
            },
            "speechAct": "(단언) 주장하기",
            "morpheme": "너/NP+도/JX+얼른/MAG+열정/NNG+한가득/MAG+해야지/VV+EC"
          },
          {
            "id": 16,
            "text": "1 : 응 나도 이제 열정적으로 공부할 거야!",
            "norm_text": "응 나도 이제 열정적으로 공부할 거야!",
            "speaker": {
              "id": "1번",
              "sex": "여성",
              "age": "20대"
            },
            "speechAct": "(언약) 약속하기(제3자와)/(개인적 수준)",
            "morpheme": "응/IC+나/NP+도/JX+이제/MAG+열정/NNG+적/XSN+으로/JKB+공부/NNG+할/XSV+ETM+거/NNB+야/VCP+EF"
          },
          {
            "id": 17,
            "text": "2 : 웅 너도 열심히 해서 토익 왕 되보자 키키",
            "norm_text": "웅 너도 열심히 해서 토익 왕 되보자 키키",
            "speaker": {
              "id": "2번",
              "sex": "여성",
              "age": "20대"
            },
            "speechAct": "(단언) 주장하기",
            "morpheme": "웅/IC+너/NP+도/JX+열심히/MAG+해서/VV+EC+토익/NNG+왕/NNG+되/XSV+EC+보/VX+자/EC+키/NNG+키/XSV+ETN"
          },
          {
            "id": 18,
            "text": "3 : 우리 다들 열정 왕 되자!",
            "norm_text": "우리 다들 열정 왕 되자!",
            "speaker": {
              "id": "3번",
              "sex": "남성",
              "age": "20대"
            },
            "speechAct": "(언약) 약속하기(제3자와)/(개인적 수준)",
            "morpheme": "우리/NP+다/MAG+들/XSN+열정/NNG+왕/NNG+되/XSV+자/EF"
          }
        ]
      }
    }
  ]
}