{
  "dataset": {
    "identifier": 17371,
    "name": "NATEON_22_05_set",
    "src_path": "/data/file/cubeManager/PROJECT001/7/txt20210826181651049493/NATEON_22_05_set/",
    "label_path": "/data/file/cubeManager/PROJECT001/7/txt20210826181651049493/NATEON_22_05_set/",
    "category": 2,
    "type": 0
  },
  "licenses": {
    "name": "Apache License 1.0",
    "url": "http://www.apache.org/licenses/LICENSE-1.0"
  },
  "info": [
    {
      "id": 744,
      "filename": "NATEON_22_05.txt",
      "title": "NATEON_22_05",
      "mediatype": "메신저",
      "medianame": "네이트온",
      "category": "일상대화",
      "date": "2021-08-26",
      "size": 777,
      "annotations": {
        "subject": "군대",
        "speaker_type": "1:1",
        "size": 777,
        "word_size": 247,
        "text": "1 : 군대 가보고 싶다 생각한 적 있니?\n2 : 아니요 절대요.\n2 : 규칙적인 생활도 못하고 체력도 안 좋아요\n2 : 혹시 언니는요?\n1 : 학생 때 군대 육군 체험 가는 친구가 있어서 살짝 궁금하긴 했었었어.\n2 : 오 혹시 그럼 여자도 군대에 가야 한다는 얘기에 대해서 어떻게 생각하세요?\n1 : 가라면 가야 되겠지 정도인 거 같아.\n1 : 현재 징집되면 사람들도 피할 수 없어서 가는 거니까. 너는 어떻게 생각해?\n2 : 저도 다 가야 한다면 가야겠지라고 생각이 들긴 해요.\n2 : 참 어려운 문제인 것 같아요\n2 : 요즘 이슈도 되고... 혹시 주변에 독특한 보직으로 군대 간 사람 있었어요?\n1 : 예전에 들었던 거 같은데 기억이 안 나.\n1 : 독특한 보직이 뭐가 있니?\n2 : 음... 트럼펫?\n2 : 전에 들은 건데 유해발굴감식단이란 게 있대요\n2 : 독특하죠?\n1 : 전쟁 때 사망하신 분들의 유골을 발견하는 거야?\n2 : 네 그런 것 같아요.\n2 : 저는 잘 모르지만요.\n2 : 혹시 여자인데 군대 가고 싶어 하는 사람 주변에 있었어요?\n2 : 저는 제 동생 어렸을 때 꿈이 군인이었어요\n1 : 내 주변에는 없었던 거 같아.\n1 : 동생은 어떤 군인이 되고 싶었대?\n2 : 그런 건 잘 모르겠고 규칙적인 생활이 좋아서 군인이 되고 싶었대요\n1 : 지금도 동생은 군인이 꿈이라고 해?\n2 : 지금은 아니에요\n2 : 다른 쪽 꿈을 꾸고 있어요.\n2 : 지금은 집 주변에 군대가 있어요 신기하죠 하\n1 : 그렇구나.\n1 : 군부대가 주변에 있으면 집에 있을 때 군인 자주 보겠다~\n2 : 네 출퇴근하는 군인들  자주 봐요 키키",
        "lines": [
          {
            "id": 1,
            "text": "1 : 군대 가보고 싶다 생각한 적 있니?",
            "norm_text": "군대 가보고 싶다 생각한 적 있니?",
            "speaker": {
              "id": "1번",
              "sex": "여성",
              "age": "30대"
            },
            "speechAct": "(지시) 질문하기",
            "morpheme": "군대/NNG+가/JKS+보/VV+고/EC+싶/VX+다/EC+생각/NNG+한/XSA+ETM+적/NNB+있/VA+니/EF"
          },
          {
            "id": 2,
            "text": "2 : 아니요 절대요.",
            "norm_text": "아니요 절대요.",
            "speaker": {
              "id": "2번",
              "sex": "여성",
              "age": "20대"
            },
            "speechAct": "(단언) 주장하기",
            "morpheme": "아니요/IC+절대/MAG+요/JX"
          },
          {
            "id": 3,
            "text": "2 : 규칙적인 생활도 못하고 체력도 안 좋아요",
            "norm_text": "규칙적인 생활도 못하고 체력도 안 좋아요",
            "speaker": {
              "id": "2번",
              "sex": "여성",
              "age": "20대"
            },
            "speechAct": "(단언) 주장하기",
            "morpheme": "규칙/NNG+적/XSN+인/VCP+ETM+생활/NNG+도/JX+못하/VX+고/EC+체력/NNG+도/JX+안/MAG+좋/VA+아요/EC"
          },
          {
            "id": 4,
            "text": "2 : 혹시 언니는요?",
            "norm_text": "혹시 언니는요?",
            "speaker": {
              "id": "2번",
              "sex": "여성",
              "age": "20대"
            },
            "speechAct": "(지시) 질문하기",
            "morpheme": "혹시/MAG+언니/NNG+는/JX+요/JX"
          },
          {
            "id": 5,
            "text": "1 : 학생 때 군대 육군 체험 가는 친구가 있어서 살짝 궁금하긴 했었었어.",
            "norm_text": "학생 때 군대 육군 체험 가는 친구가 있어서 살짝 궁금하긴 했었었어.",
            "speaker": {
              "id": "1번",
              "sex": "여성",
              "age": "30대"
            },
            "speechAct": "(단언) 주장하기",
            "morpheme": "학생/NNG+때/NNG+군대/NNG+육군/NNG+체험/NNG+가/VV+는/ETM+친구/NNG+가/JKS+있/VA+어서/EC+살짝/MAG+궁금/XR+하/XSA+긴/ETN+JX+했었었/VX+EP+어/EF"
          },
          {
            "id": 6,
            "text": "2 : 오 혹시 그럼 여자도 군대에 가야 한다는 얘기에 대해서 어떻게 생각하세요?",
            "norm_text": "오 혹시 그럼 여자도 군대에 가야 한다는 얘기에 대해서 어떻게 생각하세요?",
            "speaker": {
              "id": "2번",
              "sex": "여성",
              "age": "20대"
            },
            "speechAct": "(지시) 질문하기",
            "morpheme": "오/IC+혹시/MAG+그럼/MAJ+여자/NNG+도/JX+군대/NNG+에/JKB+가/VV+야/EC+한다는/VX+ETM+얘기/NNG+에/JKB+대해서/VV+EC+어떻게/MAG+생각/NNG+하/XSV+세요/EP+EF"
          },
          {
            "id": 7,
            "text": "1 : 가라면 가야 되겠지 정도인 거 같아.",
            "norm_text": "가라면 가야 되겠지 정도인 거 같아.",
            "speaker": {
              "id": "1번",
              "sex": "여성",
              "age": "30대"
            },
            "speechAct": "(단언) 주장하기",
            "morpheme": "가/VV+라면/EC+가/VX+야/EC+되/VV+겠/EP+지/EC+정도/NNG+인/VCP+ETM+거/NNB+같/VA+아/EF"
          },
          {
            "id": 8,
            "text": "1 : 현재 징집되면 사람들도 피할 수 없어서 가는 거니까. 너는 어떻게 생각해?",
            "norm_text": "현재 징집되면 사람들도 피할 수 없어서 가는 거니까. 너는 어떻게 생각해?",
            "speaker": {
              "id": "1번",
              "sex": "여성",
              "age": "30대"
            },
            "speechAct": "(지시) 질문하기",
            "morpheme": "현재/MAG+징집/NNG+되/XSV+면/EC+사람/NNG+들/XSN+도/JX+피할/VV+ETM+수/NNB+없/VA+어서/EC+가/VX+는/ETM+거/NNB+니까/VCP+EF+너/NP+는/JX+어떻게/MAG+생각/NNG+해/XSV+EF"
          },
          {
            "id": 9,
            "text": "2 : 저도 다 가야 한다면 가야겠지라고 생각이 들긴 해요.",
            "norm_text": "저도 다 가야 한다면 가야겠지라고 생각이 들긴 해요.",
            "speaker": {
              "id": "2번",
              "sex": "여성",
              "age": "20대"
            },
            "speechAct": "(단언) 주장하기",
            "morpheme": "저/NP+도/JX+다/MAG+가/VV+야/EC+한다면/VV+EC+가/VX+야/EC+겠지/VX+EP+EF+라고/JKQ+생각/NNG+이/JKS+들/VV+긴/ETN+JX+해요/VX+EF"
          },
          {
            "id": 10,
            "text": "2 : 참 어려운 문제인 것 같아요",
            "norm_text": "참 어려운 문제인 것 같아요",
            "speaker": {
              "id": "2번",
              "sex": "여성",
              "age": "20대"
            },
            "speechAct": "(단언) 주장하기",
            "morpheme": "참/MAG+어려운/VA+ETM+문제/NNG+인/VCP+ETM+것/NNB+같/VA+아요/EC"
          },
          {
            "id": 11,
            "text": "2 : 요즘 이슈도 되고... 혹시 주변에 독특한 보직으로 군대 간 사람 있었어요?",
            "norm_text": "요즘 이슈도 되고... 혹시 주변에 독특한 보직으로 군대 간 사람 있었어요?",
            "speaker": {
              "id": "2번",
              "sex": "여성",
              "age": "20대"
            },
            "speechAct": "(지시) 질문하기",
            "morpheme": "요즘/NNG+이/VCP+슈/EC+도/JX+되/VV+고/EC+./SY+./SY+혹시/MAG+주변/NNG+에/JKB+독특/XR+한/XSA+ETM+보직/NNG+으로/JKB+군대/NNG+간/NNB+사람/NNG+있/VV+었/EP+어요/EF"
          },
          {
            "id": 12,
            "text": "1 : 예전에 들었던 거 같은데 기억이 안 나.",
            "norm_text": "예전에 들었던 거 같은데 기억이 안 나.",
            "speaker": {
              "id": "1번",
              "sex": "여성",
              "age": "30대"
            },
            "speechAct": "(단언) 주장하기",
            "morpheme": "예전/NNG+에/JKB+들/VV+었/EP+던/ETM+거/NNB+같/VA+은데/EC+기억/NNG+이/JKS+안/MAG+나/VV+EF"
          },
          {
            "id": 13,
            "text": "1 : 독특한 보직이 뭐가 있니?",
            "norm_text": "독특한 보직이 뭐가 있니?",
            "speaker": {
              "id": "1번",
              "sex": "여성",
              "age": "30대"
            },
            "speechAct": "(지시) 질문하기",
            "morpheme": "독특/XR+한/XSA+ETM+보직/NNG+이/JKS+뭐/NP+가/JKS+있/VA+니/EF"
          },
          {
            "id": 14,
            "text": "2 : 음... 트럼펫?",
            "norm_text": "음... 트럼펫?",
            "speaker": {
              "id": "2번",
              "sex": "여성",
              "age": "20대"
            },
            "speechAct": "(단언) 주장하기",
            "morpheme": "음/IC+./SY+트럼펫/NNG"
          },
          {
            "id": 15,
            "text": "2 : 전에 들은 건데 유해발굴감식단이란 게 있대요",
            "norm_text": "전에 들은 건데 유해발굴감식단이란 게 있대요",
            "speaker": {
              "id": "2번",
              "sex": "여성",
              "age": "20대"
            },
            "speechAct": "(단언) 진술하기",
            "morpheme": "전/NNG+에/JKB+들/VV+은/ETM+건데/NNB+VCP+EC+유해/NNG+발굴/NNG+감/XSN+식단/NNG+이/VCP+란/ETM+게/NNB+JKS+있/VA+대요/EC"
          },
          {
            "id": 16,
            "text": "2 : 독특하죠?",
            "norm_text": "독특하죠?",
            "speaker": {
              "id": "2번",
              "sex": "여성",
              "age": "20대"
            },
            "speechAct": "(지시) 질문하기",
            "morpheme": "독특/XR+하/XSA+죠/EF"
          },
          {
            "id": 17,
            "text": "1 : 전쟁 때 사망하신 분들의 유골을 발견하는 거야?",
            "norm_text": "전쟁 때 사망하신 분들의 유골을 발견하는 거야?",
            "speaker": {
              "id": "1번",
              "sex": "여성",
              "age": "30대"
            },
            "speechAct": "(지시) 질문하기",
            "morpheme": "전쟁/NNG+때/NNG+사망/NNG+하/XSV+신/EP+ETM+분/NNB+들/XSN+의/JKG+유골/NNG+을/JKO+발견/NNG+하/XSV+는/ETM+거/NNB+야/VCP+EF"
          },
          {
            "id": 18,
            "text": "2 : 네 그런 것 같아요.",
            "norm_text": "네 그런 것 같아요.",
            "speaker": {
              "id": "2번",
              "sex": "여성",
              "age": "20대"
            },
            "speechAct": "(단언) 주장하기",
            "morpheme": "네/IC+그런/MM+것/NNB+같/VA+아요/EF"
          },
          {
            "id": 19,
            "text": "2 : 저는 잘 모르지만요.",
            "norm_text": "저는 잘 모르지만요.",
            "speaker": {
              "id": "2번",
              "sex": "여성",
              "age": "20대"
            },
            "speechAct": "(단언) 주장하기",
            "morpheme": "저/NP+는/JX+잘/MAG+모르/VV+지만/EC+요/JX"
          },
          {
            "id": 20,
            "text": "2 : 혹시 여자인데 군대 가고 싶어 하는 사람 주변에 있었어요?",
            "norm_text": "혹시 여자인데 군대 가고 싶어 하는 사람 주변에 있었어요?",
            "speaker": {
              "id": "2번",
              "sex": "여성",
              "age": "20대"
            },
            "speechAct": "(지시) 질문하기",
            "morpheme": "혹시/MAG+여자/NNG+인데/VCP+EC+군대/NNG+가/VV+고/EC+싶/VX+어/EC+하/VV+는/ETM+사람/NNG+주변/NNG+에/JKB+있/VV+었/EP+어요/EF"
          },
          {
            "id": 21,
            "text": "2 : 저는 제 동생 어렸을 때 꿈이 군인이었어요",
            "norm_text": "저는 제 동생 어렸을 때 꿈이 군인이었어요",
            "speaker": {
              "id": "2번",
              "sex": "여성",
              "age": "20대"
            },
            "speechAct": "(단언) 진술하기",
            "morpheme": "저/NP+는/JX+제/MM+동생/NNG+어렸/VA+EP+을/ETM+때/NNG+꿈/NNG+이/JKS+군인/NNG+이/VCP+었/EP+어요/EF"
          },
          {
            "id": 22,
            "text": "1 : 내 주변에는 없었던 거 같아.",
            "norm_text": "내 주변에는 없었던 거 같아.",
            "speaker": {
              "id": "1번",
              "sex": "여성",
              "age": "30대"
            },
            "speechAct": "(단언) 주장하기",
            "morpheme": "내/NP+JKG+주변/NNG+에/JKB+는/JX+없/VA+었/EP+던/ETM+거/NNB+같/VA+아/EF"
          },
          {
            "id": 23,
            "text": "1 : 동생은 어떤 군인이 되고 싶었대?",
            "norm_text": "동생은 어떤 군인이 되고 싶었대?",
            "speaker": {
              "id": "1번",
              "sex": "여성",
              "age": "30대"
            },
            "speechAct": "(지시) 질문하기",
            "morpheme": "동생/NNG+은/JX+어떤/MM+군인/NNG+이/JKS+되/VV+고/EC+싶/VX+었/EP+대/EF"
          },
          {
            "id": 24,
            "text": "2 : 그런 건 잘 모르겠고 규칙적인 생활이 좋아서 군인이 되고 싶었대요",
            "norm_text": "그런 건 잘 모르겠고 규칙적인 생활이 좋아서 군인이 되고 싶었대요",
            "speaker": {
              "id": "2번",
              "sex": "여성",
              "age": "20대"
            },
            "speechAct": "(단언) 진술하기",
            "morpheme": "그런/MM+건/NNB+JX+잘/MAG+모르/VV+겠/EP+고/EC+규칙/NNG+적/XSN+인/VCP+ETM+생활/NNG+이/JKS+좋/VA+아서/EC+군인/NNG+이/JKS+되/VV+고/EC+싶/VX+었/EP+대요/EC"
          },
          {
            "id": 25,
            "text": "1 : 지금도 동생은 군인이 꿈이라고 해?",
            "norm_text": "지금도 동생은 군인이 꿈이라고 해?",
            "speaker": {
              "id": "1번",
              "sex": "여성",
              "age": "30대"
            },
            "speechAct": "(지시) 질문하기",
            "morpheme": "지금/NNG+도/JX+동생/NNG+은/JX+군인/NNG+이/JKS+꿈/NNG+이/VCP+라고/EC+해/VX+EF"
          },
          {
            "id": 26,
            "text": "2 : 지금은 아니에요",
            "norm_text": "지금은 아니에요",
            "speaker": {
              "id": "2번",
              "sex": "여성",
              "age": "20대"
            },
            "speechAct": "(단언) 진술하기",
            "morpheme": "지금/MAG+은/JX+아니/VCN+에요/EC"
          },
          {
            "id": 27,
            "text": "2 : 다른 쪽 꿈을 꾸고 있어요.",
            "norm_text": "다른 쪽 꿈을 꾸고 있어요.",
            "speaker": {
              "id": "2번",
              "sex": "여성",
              "age": "20대"
            },
            "speechAct": "(단언) 진술하기",
            "morpheme": "다른/MM+쪽/NNB+꿈/NNG+을/JKO+꾸/VV+고/EC+있/VX+어요/EF"
          },
          {
            "id": 28,
            "text": "2 : 지금은 집 주변에 군대가 있어요 신기하죠 하",
            "norm_text": "지금은 집 주변에 군대가 있어요 신기하죠 하",
            "speaker": {
              "id": "2번",
              "sex": "여성",
              "age": "20대"
            },
            "speechAct": "(단언) 주장하기",
            "morpheme": "지금/MAG+은/JX+집/NNG+주변/NNG+에/JKB+군대/NNG+가/JKS+있/VA+어요/EF+신기/XR+하/XSA+죠/EF+하/IC"
          },
          {
            "id": 29,
            "text": "1 : 그렇구나.",
            "norm_text": "그렇구나.",
            "speaker": {
              "id": "1번",
              "sex": "여성",
              "age": "30대"
            },
            "speechAct": "(단언) 주장하기",
            "morpheme": "그렇/VA+구나/EF"
          },
          {
            "id": 30,
            "text": "1 : 군부대가 주변에 있으면 집에 있을 때 군인 자주 보겠다~",
            "norm_text": "군부대가 주변에 있으면 집에 있을 때 군인 자주 보겠다~",
            "speaker": {
              "id": "1번",
              "sex": "여성",
              "age": "30대"
            },
            "speechAct": "(단언) 주장하기",
            "morpheme": "군부대/NNG+가/JKS+주변/NNG+에/JKB+있/VV+으면/EC+집/NNG+에/JKB+있/VV+을/ETM+때/NNG+군인/NNG+자주/MAG+보/VV+겠/EP+다/EC+~/SY"
          },
          {
            "id": 31,
            "text": "2 : 네 출퇴근하는 군인들  자주 봐요 키키",
            "norm_text": "네 출퇴근하는 군인들  자주 봐요 키키",
            "speaker": {
              "id": "2번",
              "sex": "여성",
              "age": "20대"
            },
            "speechAct": "(단언) 주장하기",
            "morpheme": "네/IC+출퇴근/NNG+하/XSV+는/ETM+군인/NNG+들/XSN+자주/MAG+봐요/VV+EC+키/NNG+키/XSV+ETN"
          }
        ]
      }
    }
  ]
}