{
  "dataset": {
    "identifier": 129727,
    "name": "NATEON_41_16_set",
    "src_path": "/data/file/cubeManager/PROJECT001/84/txt20211104173552099112/NATEON_41_16_set/",
    "label_path": "/data/file/cubeManager/PROJECT001/84/txt20211104173552099112/NATEON_41_16_set/",
    "category": 2,
    "type": 0
  },
  "licenses": {
    "name": "Apache License 1.0",
    "url": "http://www.apache.org/licenses/LICENSE-1.0"
  },
  "info": [
    {
      "id": 137223,
      "filename": "NATEON_41_16.txt",
      "title": "NATEON_41_16",
      "mediatype": "메신저",
      "medianame": "네이트온",
      "category": "일상대화",
      "date": "2021-11-04",
      "size": 425,
      "annotations": {
        "subject": "미용",
        "speaker_type": "다자간 대화",
        "size": 425,
        "word_size": 149,
        "text": "1 : 나 미용실 와서 숏컷 함~\n2 : 헐 머리 잘랐어?\n2 : 안 아까워?\n3 : 대박 이제 남자로 살아가는 거야?\n1 : 머리 너무 길어서 신경 쓰였거든\n2 : 와 근데 숏컷은 엄청 자른 거잖아\n3 : 야 나와라\n3 : 궁금하다\n3 : 사진 보내\n1 : 요즘 숏컷 한 여성이 멋있더라고 ㅎ\n2 : 맞아\n2 : 숏컷 여생 너무 매력 있더라 키키\n3 : 어 요즘 머리 짧은 여자들 많더라 키키\n1 : 응 ㅠㅠ 연예인들 보고 치였잖아...\n2 : 대체 누구 보고 치여서 자른 거야...\n3 : 최앙락 사진 보내 줬어야 했는데...\n1 : 연예인 이름이 지금 생각이 안 난다...\n2 : 맞아\n2 : 나는 도전하고 싶은데 무서워\n3 : 너는 짧으면 이상해 키키\n3 : 하지 마\n1 : 최양락은 못생긴 애들 말하는 거거든?\n2 : 왜 나도 짧은거 괜찮아 ㅡㅡ\n3 : 키키 아니야\n3 : 여자는 머리 길어야지",
        "lines": [
          {
            "id": 1,
            "text": "1 : 나 미용실 와서 숏컷 함~",
            "norm_text": "나 미용실 와서 숏컷 함~",
            "speaker": {
              "id": "1번",
              "sex": "여성",
              "age": "20대"
            },
            "speechAct": "(단언) 진술하기",
            "morpheme": "나미용실와서숏컷함/UNKNOWN+~/SY"
          },
          {
            "id": 2,
            "text": "2 : 헐 머리 잘랐어?",
            "norm_text": "헐 머리 잘랐어?",
            "speaker": {
              "id": "2번",
              "sex": "여성",
              "age": "20대"
            },
            "speechAct": "(지시) 질문하기",
            "morpheme": "헐머리/NNG+잘랐/VV+EP+어/EF"
          },
          {
            "id": 3,
            "text": "2 : 안 아까워?",
            "norm_text": "안 아까워?",
            "speaker": {
              "id": "2번",
              "sex": "여성",
              "age": "20대"
            },
            "speechAct": "(지시) 질문하기",
            "morpheme": "안/MAG+아까워/VV+EF"
          },
          {
            "id": 4,
            "text": "3 : 대박 이제 남자로 살아가는 거야?",
            "norm_text": "대박 이제 남자로 살아가는 거야?",
            "speaker": {
              "id": "3번",
              "sex": "남성",
              "age": "20대"
            },
            "speechAct": "(지시) 질문하기",
            "morpheme": "대박/NNG+이제/MAG+남자/NNG+로/JKB+살아가/VV+는/ETM+거/NNB+야/VCP+EF"
          },
          {
            "id": 5,
            "text": "1 : 머리 너무 길어서 신경 쓰였거든",
            "norm_text": "머리 너무 길어서 신경 쓰였거든",
            "speaker": {
              "id": "1번",
              "sex": "여성",
              "age": "20대"
            },
            "speechAct": "(단언) 주장하기",
            "morpheme": "머리/NNG+너무/MAG+길/VA+어서/EC+신경/NNG+쓰였/VV+EP+거든/EC"
          },
          {
            "id": 6,
            "text": "2 : 와 근데 숏컷은 엄청 자른 거잖아",
            "norm_text": "와 근데 숏컷은 엄청 자른 거잖아",
            "speaker": {
              "id": "2번",
              "sex": "여성",
              "age": "20대"
            },
            "speechAct": "(단언) 주장하기",
            "morpheme": "와/IC+근데/MAJ+숏/NNG+컷/NNG+은/JX+엄청/MAG+자른/VV+ETM+거/NNB+잖아/VCP+EC+VX+EC"
          },
          {
            "id": 7,
            "text": "3 : 야 나와라",
            "norm_text": "야 나와라",
            "speaker": {
              "id": "3번",
              "sex": "남성",
              "age": "20대"
            },
            "speechAct": "(지시) 명령/요구하기",
            "morpheme": "야/IC+나와라/VV+EC"
          },
          {
            "id": 8,
            "text": "3 : 궁금하다",
            "norm_text": "궁금하다",
            "speaker": {
              "id": "3번",
              "sex": "남성",
              "age": "20대"
            },
            "speechAct": "(단언) 주장하기",
            "morpheme": "궁금/XR+하/XSA+다/EC"
          },
          {
            "id": 9,
            "text": "3 : 사진 보내",
            "norm_text": "사진 보내",
            "speaker": {
              "id": "3번",
              "sex": "남성",
              "age": "20대"
            },
            "speechAct": "(지시) 명령/요구하기",
            "morpheme": "사진/NNG+보내/VV+EC"
          },
          {
            "id": 10,
            "text": "1 : 요즘 숏컷 한 여성이 멋있더라고 ㅎ",
            "norm_text": "요즘 숏컷 한 여성이 멋있더라고 ㅎ",
            "speaker": {
              "id": "1번",
              "sex": "여성",
              "age": "20대"
            },
            "speechAct": "(단언) 주장하기",
            "morpheme": "요즘/NNG+숏/NNG+컷/NNG+한/XSA+ETM+여성/NNG+이/JKS+멋있/VA+더라고/EF+ㅎ/XSA"
          },
          {
            "id": 11,
            "text": "2 : 맞아",
            "norm_text": "맞아",
            "speaker": {
              "id": "2번",
              "sex": "여성",
              "age": "20대"
            },
            "speechAct": "(단언) 주장하기",
            "morpheme": "맞/VV+아/EC"
          },
          {
            "id": 12,
            "text": "2 : 숏컷 여생 너무 매력 있더라 키키",
            "norm_text": "숏컷 여생 너무 매력 있더라 키키",
            "speaker": {
              "id": "2번",
              "sex": "여성",
              "age": "20대"
            },
            "speechAct": "(단언) 주장하기",
            "morpheme": "숏/NNG+컷/NNG+여생/NNG+너무/MAG+매력/NNG+있/VV+더라/EC+키/NNG+키/XSV+ETN"
          },
          {
            "id": 13,
            "text": "3 : 어 요즘 머리 짧은 여자들 많더라 키키",
            "norm_text": "어 요즘 머리 짧은 여자들 많더라 키키",
            "speaker": {
              "id": "3번",
              "sex": "남성",
              "age": "20대"
            },
            "speechAct": "(단언) 진술하기",
            "morpheme": "어/IC+요즘/MAG+머리/NNG+짧/VA+은/ETM+여자/NNG+들/XSN+많/VA+더라/EC+키/NNG+키/XSV+ETN"
          },
          {
            "id": 14,
            "text": "1 : 응 ㅠㅠ 연예인들 보고 치였잖아...",
            "norm_text": "응 ㅠㅠ 연예인들 보고 치였잖아...",
            "speaker": {
              "id": "1번",
              "sex": "여성",
              "age": "20대"
            },
            "speechAct": "(단언) 진술하기",
            "morpheme": "응ㅠㅠ연예인들보고치였잖아/UNKNOWN+./SY"
          },
          {
            "id": 15,
            "text": "2 : 대체 누구 보고 치여서 자른 거야...",
            "norm_text": "대체 누구 보고 치여서 자른 거야...",
            "speaker": {
              "id": "2번",
              "sex": "여성",
              "age": "20대"
            },
            "speechAct": "(지시) 질문하기",
            "morpheme": "대체/MAG+누구/NP+보고/JKB+치여서/VV+EC+자른/VV+ETM+거/NNB+야/VCP+EF+./SY"
          },
          {
            "id": 16,
            "text": "3 : 최앙락 사진 보내 줬어야 했는데...",
            "norm_text": "최앙락 사진 보내 줬어야 했는데...",
            "speaker": {
              "id": "3번",
              "sex": "남성",
              "age": "20대"
            },
            "speechAct": "(단언) 주장하기",
            "morpheme": "최앙락사진보내줬어야했는데/UNKNOWN+./SY"
          },
          {
            "id": 17,
            "text": "1 : 연예인 이름이 지금 생각이 안 난다...",
            "norm_text": "연예인 이름이 지금 생각이 안 난다...",
            "speaker": {
              "id": "1번",
              "sex": "여성",
              "age": "20대"
            },
            "speechAct": "(단언) 진술하기",
            "morpheme": "연예인/NNG+이름/NNG+이/JKS+지금/MAG+생각/NNG+이/JKS+안/MAG+난다/VV+EF+./SY"
          },
          {
            "id": 18,
            "text": "2 : 맞아",
            "norm_text": "맞아",
            "speaker": {
              "id": "2번",
              "sex": "여성",
              "age": "20대"
            },
            "speechAct": "(단언) 주장하기",
            "morpheme": "맞/VV+아/EC"
          },
          {
            "id": 19,
            "text": "2 : 나는 도전하고 싶은데 무서워",
            "norm_text": "나는 도전하고 싶은데 무서워",
            "speaker": {
              "id": "2번",
              "sex": "여성",
              "age": "20대"
            },
            "speechAct": "(단언) 주장하기",
            "morpheme": "나/NP+는/JX+도전/NNG+하/XSV+고/EC+싶/VX+은데/EC+무서워/VA+EC"
          },
          {
            "id": 20,
            "text": "3 : 너는 짧으면 이상해 키키",
            "norm_text": "너는 짧으면 이상해 키키",
            "speaker": {
              "id": "3번",
              "sex": "남성",
              "age": "20대"
            },
            "speechAct": "(단언) 주장하기",
            "morpheme": "너/NP+는/JX+짧/VA+으면/EC+이상/NNG+해/XSV+EC+키/NNG+키/XSV+ETN"
          },
          {
            "id": 21,
            "text": "3 : 하지 마",
            "norm_text": "하지 마",
            "speaker": {
              "id": "3번",
              "sex": "남성",
              "age": "20대"
            },
            "speechAct": "(지시) 충고/제안하기",
            "morpheme": "하/VV+지/EC+마/VX+EC"
          },
          {
            "id": 22,
            "text": "1 : 최양락은 못생긴 애들 말하는 거거든?",
            "norm_text": "최양락은 못생긴 애들 말하는 거거든?",
            "speaker": {
              "id": "1번",
              "sex": "여성",
              "age": "20대"
            },
            "speechAct": "(단언) 주장하기",
            "morpheme": "최양락/NNP+은/JX+못생긴/VA+ETM+애/NNG+들/XSN+말/NNG+하/XSV+는/ETM+거/NNB+거든/VCP+EF"
          },
          {
            "id": 23,
            "text": "2 : 왜 나도 짧은거 괜찮아 ㅡㅡ",
            "norm_text": "왜 나도 짧은거 괜찮아 ㅡㅡ",
            "speaker": {
              "id": "2번",
              "sex": "여성",
              "age": "20대"
            },
            "speechAct": "(단언) 주장하기",
            "morpheme": "왜/MAG+나/NP+도/JX+짧/VA+은/ETM+거/NNB+괜찮/VA+아/EC+ㅡㅡ/UNKNOWN"
          },
          {
            "id": 24,
            "text": "3 : 키키 아니야",
            "norm_text": "키키 아니야",
            "speaker": {
              "id": "3번",
              "sex": "남성",
              "age": "20대"
            },
            "speechAct": "(단언) 주장하기",
            "morpheme": "키/NNG+키/XSV+ETN+아니/VCN+야/EC"
          },
          {
            "id": 25,
            "text": "3 : 여자는 머리 길어야지",
            "norm_text": "여자는 머리 길어야지",
            "speaker": {
              "id": "3번",
              "sex": "남성",
              "age": "20대"
            },
            "speechAct": "(단언) 주장하기",
            "morpheme": "여자/NNG+는/JX+머리/NNG+길/VA+어야지/EC"
          }
        ]
      }
    }
  ]
}