{
  "dataset": {
    "identifier": 112036,
    "name": "NATEON_34_06_set",
    "src_path": "/data/file/cubeManager/PROJECT001/80/txt20211103154238010754/NATEON_34_06_set/",
    "label_path": "/data/file/cubeManager/PROJECT001/80/txt20211103154238010754/NATEON_34_06_set/",
    "category": 2,
    "type": 0
  },
  "licenses": {
    "name": "Apache License 1.0",
    "url": "http://www.apache.org/licenses/LICENSE-1.0"
  },
  "info": [
    {
      "id": 135461,
      "filename": "NATEON_34_06.txt",
      "title": "NATEON_34_06",
      "mediatype": "메신저",
      "medianame": "네이트온",
      "category": "일상대화",
      "date": "2021-11-03",
      "size": 398,
      "annotations": {
        "subject": "교육",
        "speaker_type": "다자간 대화",
        "size": 398,
        "word_size": 138,
        "text": "1 : 나 이번에 화상으로 수업 듣다가 졸았잖아 키키\n2 : 키키 인강 안 듣다가 왠일로 들었어!\n3 : 키키 아 그거 진짜 민망한데\n1 : 아니 기간이 좀 남아가지고 ㅠ\n2 : 아항 그럼 조는 거 선생님이 보는 거야?\n1 : 응, 아무래도 뭐라고 하실 거 같아 ㅠ\n2 : 근데 선생님은 화면 창 많지 않아?\n3 : 선생님한테 제대로 혼나겠다 너\n1 : 응 근데 내가 제대로 졸았나봐 키키\n2 : 키키 너무 웃겨\n2 : 아니야 조는 사람 많을 거 같아 키키\n3 : 키키 진짜 너 때문에 웃는다\n1 : 다음엔 수업 들을 때 화면 꺼야겠어\n2 : 모자 걸어두는 사람도 있데\n3 : 맞아 나는 맨날 화면 끄고 들어\n1 : 키키 그럼 모자 쓰고 화면 꺼야지!\n2 : 다음엔 머리 잘 써서 수업 들어보자구 키키\n3 : 나도 모자 쓰고 그렇게 해봐야겠네",
        "lines": [
          {
            "id": 1,
            "text": "1 : 나 이번에 화상으로 수업 듣다가 졸았잖아 키키",
            "norm_text": "나 이번에 화상으로 수업 듣다가 졸았잖아 키키",
            "speaker": {
              "id": "1번",
              "sex": "여성",
              "age": "20대"
            },
            "speechAct": "(단언) 진술하기",
            "morpheme": "나/NP+이번/NNG+에/JKB+화상/NNG+으로/JKB+수업/NNG+듣/VV+다가/EC+졸/VV+았/EP+잖아/EF+키/NNG+키/XSV+ETN"
          },
          {
            "id": 2,
            "text": "2 : 키키 인강 안 듣다가 왠일로 들었어!",
            "norm_text": "키키 인강 안 듣다가 왠일로 들었어!",
            "speaker": {
              "id": "2번",
              "sex": "여성",
              "age": "20대"
            },
            "speechAct": "(단언) 주장하기",
            "morpheme": "키/NNG+키/NNG+인/VCP+ETM+강안/NNG+듣/VV+다가/EC+왠/MM+일/NNG+로/JKB+들/VV+었/EP+어/EF"
          },
          {
            "id": 3,
            "text": "3 : 키키 아 그거 진짜 민망한데",
            "norm_text": "키키 아 그거 진짜 민망한데",
            "speaker": {
              "id": "3번",
              "sex": "남성",
              "age": "20대"
            },
            "speechAct": "(단언) 진술하기",
            "morpheme": "키키/NNP+아/JKV+그거/NP+진짜/MAG+민망/XR+한데/XSA+EC"
          },
          {
            "id": 4,
            "text": "1 : 아니 기간이 좀 남아가지고 ㅠ",
            "norm_text": "아니 기간이 좀 남아가지고 ㅠ",
            "speaker": {
              "id": "1번",
              "sex": "여성",
              "age": "20대"
            },
            "speechAct": "(단언) 진술하기",
            "morpheme": "아니/IC+기간/NNG+이/JKS+좀/MAG+남/VV+아/EC+가지/VX+고/EC+ㅠ/UNKNOWN"
          },
          {
            "id": 5,
            "text": "2 : 아항 그럼 조는 거 선생님이 보는 거야?",
            "norm_text": "아항 그럼 조는 거 선생님이 보는 거야?",
            "speaker": {
              "id": "2번",
              "sex": "여성",
              "age": "20대"
            },
            "speechAct": "(지시) 질문하기",
            "morpheme": "아항/IC+그럼/MAJ+조/VV+는/ETM+거/NNB+선생/NNG+님/XSN+이/JKS+보/VV+는/ETM+거/NNB+야/VCP+EF"
          },
          {
            "id": 6,
            "text": "1 : 응, 아무래도 뭐라고 하실 거 같아 ㅠ",
            "norm_text": "응, 아무래도 뭐라고 하실 거 같아 ㅠ",
            "speaker": {
              "id": "1번",
              "sex": "여성",
              "age": "20대"
            },
            "speechAct": "(단언) 주장하기",
            "morpheme": "응/IC+,/SC+아무래도/MAG+뭐/NP+라고/VCP+EC+하/VX+실/EP+ETM+거/NNB+같/VA+아/EC+ㅠ/UNKNOWN"
          },
          {
            "id": 7,
            "text": "2 : 근데 선생님은 화면 창 많지 않아?",
            "norm_text": "근데 선생님은 화면 창 많지 않아?",
            "speaker": {
              "id": "2번",
              "sex": "여성",
              "age": "20대"
            },
            "speechAct": "(지시) 질문하기",
            "morpheme": "근데/MAJ+선생/NNG+님/XSN+은/JX+화면/NNG+창/NNG+많/VA+지/EC+않/VX+아/EF"
          },
          {
            "id": 8,
            "text": "3 : 선생님한테 제대로 혼나겠다 너",
            "norm_text": "선생님한테 제대로 혼나겠다 너",
            "speaker": {
              "id": "3번",
              "sex": "남성",
              "age": "20대"
            },
            "speechAct": "(단언) 진술하기",
            "morpheme": "선생/NNG+님/XSN+한테/JKB+제대로/MAG+혼나/VV+겠/EP+다/EF+너/NP"
          },
          {
            "id": 9,
            "text": "1 : 응 근데 내가 제대로 졸았나봐 키키",
            "norm_text": "응 근데 내가 제대로 졸았나봐 키키",
            "speaker": {
              "id": "1번",
              "sex": "여성",
              "age": "20대"
            },
            "speechAct": "(단언) 주장하기",
            "morpheme": "응/IC+근데/MAJ+내/NP+가/JKS+제대로/MAG+졸/VV+았/EP+나/EC+봐/VX+EF+키/NNG+키/XSV+ETN"
          },
          {
            "id": 10,
            "text": "2 : 키키 너무 웃겨",
            "norm_text": "키키 너무 웃겨",
            "speaker": {
              "id": "2번",
              "sex": "여성",
              "age": "20대"
            },
            "speechAct": "턴토크 사인(관습적 반응)",
            "morpheme": "키/NNG+키/NNG+너무/MAG+웃겨/VV+EC"
          },
          {
            "id": 11,
            "text": "2 : 아니야 조는 사람 많을 거 같아 키키",
            "norm_text": "아니야 조는 사람 많을 거 같아 키키",
            "speaker": {
              "id": "2번",
              "sex": "여성",
              "age": "20대"
            },
            "speechAct": "(단언) 진술하기",
            "morpheme": "아니/IC+야조/NNG+는/JX+사람/NNG+많/VA+을/ETM+거/NNB+같/VA+아/EC+키/NNG+키/XSV+ETN"
          },
          {
            "id": 12,
            "text": "3 : 키키 진짜 너 때문에 웃는다",
            "norm_text": "키키 진짜 너 때문에 웃는다",
            "speaker": {
              "id": "3번",
              "sex": "남성",
              "age": "20대"
            },
            "speechAct": "(단언) 주장하기",
            "morpheme": "키/NNG+키/XSV+ETN+진짜/MAG+너/NP+때문/NNB+에/JKB+웃/VV+는다/EC"
          },
          {
            "id": 13,
            "text": "1 : 다음엔 수업 들을 때 화면 꺼야겠어",
            "norm_text": "다음엔 수업 들을 때 화면 꺼야겠어",
            "speaker": {
              "id": "1번",
              "sex": "여성",
              "age": "20대"
            },
            "speechAct": "(단언) 주장하기",
            "morpheme": "다음/NNG+엔/JKB+JX+수업/NNG+들/XSN+을/JKO+때/NNG+화면/NNG+꺼야/VV+EC+겠어/VX+EP+EC"
          },
          {
            "id": 14,
            "text": "2 : 모자 걸어두는 사람도 있데",
            "norm_text": "모자 걸어두는 사람도 있데",
            "speaker": {
              "id": "2번",
              "sex": "여성",
              "age": "20대"
            },
            "speechAct": "(단언) 주장하기",
            "morpheme": "모자/NNG+걸/NNB+JKO+어두/VV+는/ETM+사람/NNG+도/JX+있/VA+데/EC"
          },
          {
            "id": 15,
            "text": "3 : 맞아 나는 맨날 화면 끄고 들어",
            "norm_text": "맞아 나는 맨날 화면 끄고 들어",
            "speaker": {
              "id": "3번",
              "sex": "남성",
              "age": "20대"
            },
            "speechAct": "(단언) 진술하기",
            "morpheme": "맞/VV+아/EC+나/NP+는/JX+맨날/MAG+화면/NNG+끄/VV+고/EC+들/VV+어/EC"
          },
          {
            "id": 16,
            "text": "1 : 키키 그럼 모자 쓰고 화면 꺼야지!",
            "norm_text": "키키 그럼 모자 쓰고 화면 꺼야지!",
            "speaker": {
              "id": "1번",
              "sex": "여성",
              "age": "20대"
            },
            "speechAct": "(단언) 진술하기",
            "morpheme": "키/NNG+키/XSV+ETN+그럼/MAJ+모자/NNG+쓰/VV+고/EC+화면/NNG+꺼야지/VV+EF"
          },
          {
            "id": 17,
            "text": "2 : 다음엔 머리 잘 써서 수업 들어보자구 키키",
            "norm_text": "다음엔 머리 잘 써서 수업 들어보자구 키키",
            "speaker": {
              "id": "2번",
              "sex": "여성",
              "age": "20대"
            },
            "speechAct": "(단언) 진술하기",
            "morpheme": "다음/NNG+엔/JKB+JX+머리/NNG+잘/MAG+써서/VV+EC+수업/NNG+들/VV+어/EC+보/VX+자구/EC+키/NNG+키/XSV+ETN"
          },
          {
            "id": 18,
            "text": "3 : 나도 모자 쓰고 그렇게 해봐야겠네",
            "norm_text": "나도 모자 쓰고 그렇게 해봐야겠네",
            "speaker": {
              "id": "3번",
              "sex": "남성",
              "age": "20대"
            },
            "speechAct": "(단언) 주장하기",
            "morpheme": "나/NP+도/JX+모자/NNG+쓰/VV+고/EC+그렇게/MAG+해/VV+EC+봐야/VX+EC+VV+겠/EP+네/EF"
          }
        ]
      }
    }
  ]
}