{
  "dataset": {
    "identifier": 124023,
    "name": "NATEON_45_12_set",
    "src_path": "/data/file/cubeManager/PROJECT001/84/txt202111051134230915109/NATEON_45_12_set/",
    "label_path": "/data/file/cubeManager/PROJECT001/84/txt202111051134230915109/NATEON_45_12_set/",
    "category": 2,
    "type": 0
  },
  "licenses": {
    "name": "Apache License 1.0",
    "url": "http://www.apache.org/licenses/LICENSE-1.0"
  },
  "info": [
    {
      "id": 138907,
      "filename": "NATEON_45_12.txt",
      "title": "NATEON_45_12",
      "mediatype": "메신저",
      "medianame": "네이트온",
      "category": "일상대화",
      "date": "2021-11-05",
      "size": 453,
      "annotations": {
        "subject": "여행",
        "speaker_type": "다자간 대화",
        "size": 453,
        "word_size": 161,
        "text": "1 : 추우니까 낚시 가고 싶어 하하\n2 : 엥 추울 때 원래 낚시 안 가야 되는 거 아니야?\n3 : 너 전에는 낚시 싫다면서\n1 : 아니 아빠랑 다니면서 재미 들렸나 봐 키키\n2 : 재미 붙여서 다행이네 키키\n2 : 배타고 나가면 더 춥지 않아?\n3 : 키키 겨울에는 보통 어디서 낚시해?\n1 : 강가 언 데 뚫어 가지고 하던데?\n2 : 빙어 낚시 그런 느낌의 낚시 인 건가 키키\n3 : 아 나도 그런 거 티비에서 본 거 같아\n1 : 응 그치 나도 해보지는 않았어\n2 : 나도 해 보고 싶다 ㅠㅠ 낚시 한번도 안 가봤어 키키\n3 : 아 빙어 낚시 그거 같은데?\n1 : 아 전에 무한도전에서도 나왔었어 !\n2 : 무도에서? 빙어 낚시 하는 거 같은데.... 하하\n3 : 키키 맞아 그럼 빙어 낚시 맞는가 봐\n1 : 응 하하 그거 맞나 봐\n1 : 그거 하러 가자\n2 : 오 그래 나도 빙어 낚시 하러 가는구나~\n3 : 너희 아버님 차 타고 가자!",
        "lines": [
          {
            "id": 1,
            "text": "1 : 추우니까 낚시 가고 싶어 하하",
            "norm_text": "추우니까 낚시 가고 싶어 하하",
            "speaker": {
              "id": "1번",
              "sex": "여성",
              "age": "20대"
            },
            "speechAct": "(단언) 주장하기",
            "morpheme": "추우/VA+니까/EC+낚시/NNG+가/VV+고/EC+싶/VX+어/EC+하하/MAG"
          },
          {
            "id": 2,
            "text": "2 : 엥 추울 때 원래 낚시 안 가야 되는 거 아니야?",
            "norm_text": "엥 추울 때 원래 낚시 안 가야 되는 거 아니야?",
            "speaker": {
              "id": "2번",
              "sex": "여성",
              "age": "20대"
            },
            "speechAct": "(단언) 주장하기",
            "morpheme": "엥/IC+추울/VA+ETM+때/NNG+원래/MAG+낚시/NNG+안/MAG+가/VV+야/EC+되/VV+는/ETM+거/NNB+아니/VCN+야/EF"
          },
          {
            "id": 3,
            "text": "3 : 너 전에는 낚시 싫다면서",
            "norm_text": "너 전에는 낚시 싫다면서",
            "speaker": {
              "id": "3번",
              "sex": "남성",
              "age": "20대"
            },
            "speechAct": "(단언) 진술하기",
            "morpheme": "너/NP+전/NNG+에/JKB+는/JX+낚시/NNG+싫/VA+다면서/EC"
          },
          {
            "id": 4,
            "text": "1 : 아니 아빠랑 다니면서 재미 들렸나 봐 키키",
            "norm_text": "아니 아빠랑 다니면서 재미 들렸나 봐 키키",
            "speaker": {
              "id": "1번",
              "sex": "여성",
              "age": "20대"
            },
            "speechAct": "(단언) 주장하기",
            "morpheme": "아니/IC+아빠/NNG+랑/JKB+다니/VV+면서/EC+재미/NNG+들렸/VV+EP+나/EC+봐/VX+EF+키/NNG+키/XSV+ETN"
          },
          {
            "id": 5,
            "text": "2 : 재미 붙여서 다행이네 키키",
            "norm_text": "재미 붙여서 다행이네 키키",
            "speaker": {
              "id": "2번",
              "sex": "여성",
              "age": "20대"
            },
            "speechAct": "(단언) 주장하기",
            "morpheme": "재미/NNG+붙여서/VV+EC+다행/NNG+이/JKS+네/MM+키/NNG+키/XSV+ETN"
          },
          {
            "id": 6,
            "text": "2 : 배타고 나가면 더 춥지 않아?",
            "norm_text": "배타고 나가면 더 춥지 않아?",
            "speaker": {
              "id": "2번",
              "sex": "여성",
              "age": "20대"
            },
            "speechAct": "(단언) 주장하기",
            "morpheme": "배/NNG+타/VV+고/EC+나가/VX+면/EC+더/MAG+춥/VA+지/EC+않/VX+아/EF"
          },
          {
            "id": 7,
            "text": "3 : 키키 겨울에는 보통 어디서 낚시해?",
            "norm_text": "키키 겨울에는 보통 어디서 낚시해?",
            "speaker": {
              "id": "3번",
              "sex": "남성",
              "age": "20대"
            },
            "speechAct": "(지시) 질문하기",
            "morpheme": "키/NNG+키/NNG+겨울/NNG+에/JKB+는/JX+보통/NNG+어디/NP+서/JKB+낚시/NNG+해/XSV+EF"
          },
          {
            "id": 8,
            "text": "1 : 강가 언 데 뚫어 가지고 하던데?",
            "norm_text": "강가 언 데 뚫어 가지고 하던데?",
            "speaker": {
              "id": "1번",
              "sex": "여성",
              "age": "20대"
            },
            "speechAct": "(단언) 진술하기",
            "morpheme": "강가/NNG+언데/VCP+EC+뚫/VV+어/EC+가지/VX+고/EC+하/VX+던데/EF"
          },
          {
            "id": 9,
            "text": "2 : 빙어 낚시 그런 느낌의 낚시 인 건가 키키",
            "norm_text": "빙어 낚시 그런 느낌의 낚시 인 건가 키키",
            "speaker": {
              "id": "2번",
              "sex": "여성",
              "age": "20대"
            },
            "speechAct": "(단언) 주장하기",
            "morpheme": "빙어/NNG+낚시/NNG+그런/MM+느낌/NNG+의/JKG+낚시/NNG+인/VCP+ETM+건가/NNB+VCP+EC+키/NNG+키/XSV+ETN"
          },
          {
            "id": 10,
            "text": "3 : 아 나도 그런 거 티비에서 본 거 같아",
            "norm_text": "아 나도 그런 거 티비에서 본 거 같아",
            "speaker": {
              "id": "3번",
              "sex": "남성",
              "age": "20대"
            },
            "speechAct": "(단언) 주장하기",
            "morpheme": "아/IC+나/NP+도/JX+그런/MM+거/NNB+티비/NNG+에서/JKB+본/VV+ETM+거/NNB+같/VA+아/EC"
          },
          {
            "id": 11,
            "text": "1 : 응 그치 나도 해보지는 않았어",
            "norm_text": "응 그치 나도 해보지는 않았어",
            "speaker": {
              "id": "1번",
              "sex": "여성",
              "age": "20대"
            },
            "speechAct": "(단언) 진술하기",
            "morpheme": "응/IC+그치/IC+나/NP+도/JX+해/VV+EC+보/VX+지/EC+는/JX+않/VX+았/EP+어/EC"
          },
          {
            "id": 12,
            "text": "2 : 나도 해 보고 싶다 ㅠㅠ 낚시 한번도 안 가봤어 키키",
            "norm_text": "나도 해 보고 싶다 ㅠㅠ 낚시 한번도 안 가봤어 키키",
            "speaker": {
              "id": "2번",
              "sex": "여성",
              "age": "20대"
            },
            "speechAct": "(단언) 주장하기",
            "morpheme": "나/NP+도/JX+해/VV+EC+보/VX+고/EC+싶/VX+다/EF+ㅠㅠ/UNKNOWN+낚시/NNG+한/MM+번/NNBC+도/JX+안/MAG+가/VV+EC+봤/VX+EP+어/EC+키/NNG+키/XSV+ETN"
          },
          {
            "id": 13,
            "text": "3 : 아 빙어 낚시 그거 같은데?",
            "norm_text": "아 빙어 낚시 그거 같은데?",
            "speaker": {
              "id": "3번",
              "sex": "남성",
              "age": "20대"
            },
            "speechAct": "(단언) 주장하기",
            "morpheme": "아/IC+빙어/NNG+낚시/NNG+그거/NP+같/VA+은데/EF"
          },
          {
            "id": 14,
            "text": "1 : 아 전에 무한도전에서도 나왔었어 !",
            "norm_text": "아 전에 무한도전에서도 나왔었어 !",
            "speaker": {
              "id": "1번",
              "sex": "여성",
              "age": "20대"
            },
            "speechAct": "(단언) 진술하기",
            "morpheme": "아전/NNG+에/JKB+무한도전/NNP+에서/JKB+도/JX+나왔었/VV+EP+어/EF"
          },
          {
            "id": 15,
            "text": "2 : 무도에서? 빙어 낚시 하는 거 같은데.... 하하",
            "norm_text": "무도에서? 빙어 낚시 하는 거 같은데.... 하하",
            "speaker": {
              "id": "2번",
              "sex": "여성",
              "age": "20대"
            },
            "speechAct": "(단언) 주장하기",
            "morpheme": "무도/NNG+에서/JKB+빙어/NNG+낚시/NNG+하/XSV+는/ETM+거/NNB+같/VA+은데/EF+./SY+./SY+하하/MAG"
          },
          {
            "id": 16,
            "text": "3 : 키키 맞아 그럼 빙어 낚시 맞는가 봐",
            "norm_text": "키키 맞아 그럼 빙어 낚시 맞는가 봐",
            "speaker": {
              "id": "3번",
              "sex": "남성",
              "age": "20대"
            },
            "speechAct": "(단언) 주장하기",
            "morpheme": "키/NNG+키/XSV+ETN+맞/VV+아/EC+그럼/MAJ+빙어/NNG+낚시/NNG+맞/VV+는가/EC+봐/VX+EC"
          },
          {
            "id": 17,
            "text": "1 : 응 하하 그거 맞나 봐",
            "norm_text": "응 하하 그거 맞나 봐",
            "speaker": {
              "id": "1번",
              "sex": "여성",
              "age": "20대"
            },
            "speechAct": "(단언) 주장하기",
            "morpheme": "응/IC+하하/MAG+그거/NP+맞/VV+나/EC+봐/VX+EC"
          },
          {
            "id": 18,
            "text": "1 : 그거 하러 가자",
            "norm_text": "그거 하러 가자",
            "speaker": {
              "id": "1번",
              "sex": "여성",
              "age": "20대"
            },
            "speechAct": "(언약) 약속하기(제3자와)/(개인적 수준)",
            "morpheme": "그거/NP+하/VV+러/EC+가/VX+자/EC"
          },
          {
            "id": 19,
            "text": "2 : 오 그래 나도 빙어 낚시 하러 가는구나~",
            "norm_text": "오 그래 나도 빙어 낚시 하러 가는구나~",
            "speaker": {
              "id": "2번",
              "sex": "여성",
              "age": "20대"
            },
            "speechAct": "(단언) 주장하기",
            "morpheme": "오그래나도빙어낚시하러가는구나/UNKNOWN+~/SY"
          },
          {
            "id": 20,
            "text": "3 : 너희 아버님 차 타고 가자!",
            "norm_text": "너희 아버님 차 타고 가자!",
            "speaker": {
              "id": "3번",
              "sex": "남성",
              "age": "20대"
            },
            "speechAct": "(언약) 약속하기(제3자와)/(개인적 수준)",
            "morpheme": "너희/NP+아버님/NNG+차/NNG+타/VV+고/EC+가/VX+자/EF"
          }
        ]
      }
    }
  ]
}