{
  "dataset": {
    "identifier": 113824,
    "name": "NATEON_32_16_set",
    "src_path": "/data/file/cubeManager/PROJECT001/80/txt20211102173312082870/NATEON_32_16_set/",
    "label_path": "/data/file/cubeManager/PROJECT001/80/txt20211102173312082870/NATEON_32_16_set/",
    "category": 2,
    "type": 0
  },
  "licenses": {
    "name": "Apache License 1.0",
    "url": "http://www.apache.org/licenses/LICENSE-1.0"
  },
  "info": [
    {
      "id": 131848,
      "filename": "NATEON_32_16.txt",
      "title": "NATEON_32_16",
      "mediatype": "메신저",
      "medianame": "네이트온",
      "category": "일상대화",
      "date": "2021-11-02",
      "size": 390,
      "annotations": {
        "subject": "타 국가 이슈",
        "speaker_type": "다자간 대화",
        "size": 390,
        "word_size": 137,
        "text": "1 : 나 오늘 머리 탈색했어\n2 : 헉 전에 염색이랑 고민하더니 ㅠㅠ\n3 : 헐! 그렇게 너를 말렸건만\n1 : 아니, 계속 밝은색이 하고싶어서ㅠ\n2 : 맞아 밝게 빼려면 탈색을 필수지 ㅠㅠ\n3 : 그래도ㅠ\n3 : 탈색하면 머릿결은 어떡해\n1 : 맨날 린스랑 트리트먼트 해야지 뭐,\n2 : 머리 관리 열심히 해야될거 같은데 ㅠㅠ\n3 : 따로 염색은 더 안하고?\n1 : 음 에쉬 그레이 할까 생각중\n2 : 어 그거 색 진짜 이뻐\n2 : 잘 어울릴 듯!\n3 : 오 에쉬 그레이 멋있지!\n1 : 응 나 예전부터 그거 하고싶었거든 하하\n2 : 웅 그럼 탈색 한 김에 한번 해봐 하하\n3 : 오, 하고 후기 사진 좀!\n1 : 응 하하\n1 : 이번엔 과감하게 염색 한다!\n2 : 다 하고선 사진 한번 보내 줘~\n3 : 키키 그런 태도 너무 좋아",
        "lines": [
          {
            "id": 1,
            "text": "1 : 나 오늘 머리 탈색했어",
            "norm_text": "나 오늘 머리 탈색했어",
            "speaker": {
              "id": "1번",
              "sex": "여성",
              "age": "20대"
            },
            "speechAct": "(단언) 진술하기",
            "morpheme": "나/NP+오늘/MAG+머리/NNG+탈색/NNG+했/XSV+EP+어/EC"
          },
          {
            "id": 2,
            "text": "2 : 헉 전에 염색이랑 고민하더니 ㅠㅠ",
            "norm_text": "헉 전에 염색이랑 고민하더니 ㅠㅠ",
            "speaker": {
              "id": "2번",
              "sex": "여성",
              "age": "20대"
            },
            "speechAct": "(단언) 주장하기",
            "morpheme": "헉/IC+전/NNG+에/JKB+염색/NNG+이랑/JKB+고민/NNG+하/XSV+더니/EC+ㅠㅠ/UNKNOWN"
          },
          {
            "id": 3,
            "text": "3 : 헐! 그렇게 너를 말렸건만",
            "norm_text": "헐! 그렇게 너를 말렸건만",
            "speaker": {
              "id": "3번",
              "sex": "남성",
              "age": "20대"
            },
            "speechAct": "(단언) 주장하기",
            "morpheme": "헐/IC+그렇게/MAG+너/NP+를/JKO+말렸/VV+EP+건만/EC"
          },
          {
            "id": 4,
            "text": "1 : 아니, 계속 밝은색이 하고싶어서ㅠ",
            "norm_text": "아니, 계속 밝은색이 하고싶어서ㅠ",
            "speaker": {
              "id": "1번",
              "sex": "여성",
              "age": "20대"
            },
            "speechAct": "(단언) 주장하기",
            "morpheme": "아니/IC+,/SC+계속/MAG+밝은색/NNG+이/JKS+하/VV+고/EC+싶/VX+어서/EC+ㅠ/UNKNOWN"
          },
          {
            "id": 5,
            "text": "2 : 맞아 밝게 빼려면 탈색을 필수지 ㅠㅠ",
            "norm_text": "맞아 밝게 빼려면 탈색을 필수지 ㅠㅠ",
            "speaker": {
              "id": "2번",
              "sex": "여성",
              "age": "20대"
            },
            "speechAct": "(단언) 주장하기",
            "morpheme": "맞/VV+아/EC+밝/VA+게/EC+빼/VV+려면/EC+탈색/NNG+을/JKO+필/VV+ETM+수지/NNG+ㅠㅠ/UNKNOWN"
          },
          {
            "id": 6,
            "text": "3 : 그래도ㅠ",
            "norm_text": "그래도ㅠ",
            "speaker": {
              "id": "3번",
              "sex": "남성",
              "age": "20대"
            },
            "speechAct": "(단언) 주장하기",
            "morpheme": "그래도/MAJ+ㅠ/UNKNOWN"
          },
          {
            "id": 7,
            "text": "3 : 탈색하면 머릿결은 어떡해",
            "norm_text": "탈색하면 머릿결은 어떡해",
            "speaker": {
              "id": "3번",
              "sex": "남성",
              "age": "20대"
            },
            "speechAct": "(단언) 주장하기",
            "morpheme": "탈색/NNG+하/XSV+면/EC+머릿결/NNG+은/JX+어떡/XR+해/XSA+EC"
          },
          {
            "id": 8,
            "text": "1 : 맨날 린스랑 트리트먼트 해야지 뭐,",
            "norm_text": "맨날 린스랑 트리트먼트 해야지 뭐,",
            "speaker": {
              "id": "1번",
              "sex": "여성",
              "age": "20대"
            },
            "speechAct": "(단언) 주장하기",
            "morpheme": "맨날/MAG+린스/NNG+랑/JC+트리트/NNP+먼/VA+ETM+트/NNG+해야지/XSV+EF+뭐/IC+,/SC"
          },
          {
            "id": 9,
            "text": "2 : 머리 관리 열심히 해야될거 같은데 ㅠㅠ",
            "norm_text": "머리 관리 열심히 해야될거 같은데 ㅠㅠ",
            "speaker": {
              "id": "2번",
              "sex": "여성",
              "age": "20대"
            },
            "speechAct": "(단언) 주장하기",
            "morpheme": "머리/NNG+관리/NNG+열심히/MAG+해야/VV+EC+될/VV+ETM+거/NNB+같/VA+은데/EC+ㅠㅠ/UNKNOWN"
          },
          {
            "id": 10,
            "text": "3 : 따로 염색은 더 안하고?",
            "norm_text": "따로 염색은 더 안하고?",
            "speaker": {
              "id": "3번",
              "sex": "남성",
              "age": "20대"
            },
            "speechAct": "(지시) 질문하기",
            "morpheme": "따로/MAG+염색/NNG+은/JX+더/MAG+안/MAG+하/VV+고/EC"
          },
          {
            "id": 11,
            "text": "1 : 음 에쉬 그레이 할까 생각중",
            "norm_text": "음 에쉬 그레이 할까 생각중",
            "speaker": {
              "id": "1번",
              "sex": "여성",
              "age": "20대"
            },
            "speechAct": "(단언) 진술하기",
            "morpheme": "음/NNG+에/JKB+쉬/VV+그레/EC+이/JKC+할까/VV+EC+생각/NNG+중/NNB"
          },
          {
            "id": 12,
            "text": "2 : 어 그거 색 진짜 이뻐",
            "norm_text": "어 그거 색 진짜 이뻐",
            "speaker": {
              "id": "2번",
              "sex": "여성",
              "age": "20대"
            },
            "speechAct": "(단언) 주장하기",
            "morpheme": "어/IC+그거/NP+색/MAG+진짜/MAG+이뻐/VA+EC"
          },
          {
            "id": 13,
            "text": "2 : 잘 어울릴 듯!",
            "norm_text": "잘 어울릴 듯!",
            "speaker": {
              "id": "2번",
              "sex": "여성",
              "age": "20대"
            },
            "speechAct": "(단언) 주장하기",
            "morpheme": "잘/MAG+어울릴/VV+ETM+듯/NNB"
          },
          {
            "id": 14,
            "text": "3 : 오 에쉬 그레이 멋있지!",
            "norm_text": "오 에쉬 그레이 멋있지!",
            "speaker": {
              "id": "3번",
              "sex": "남성",
              "age": "20대"
            },
            "speechAct": "(단언) 주장하기",
            "morpheme": "오/NR+에/JKB+쉬/VV+그레/EC+이/MM+멋있/VA+지/EF"
          },
          {
            "id": 15,
            "text": "1 : 응 나 예전부터 그거 하고싶었거든 하하",
            "norm_text": "응 나 예전부터 그거 하고싶었거든 하하",
            "speaker": {
              "id": "1번",
              "sex": "여성",
              "age": "20대"
            },
            "speechAct": "(단언) 진술하기",
            "morpheme": "응/IC+나/NP+예전/NNG+부터/JX+그거/NP+하/VV+고/EC+싶/VX+었/EP+거든/EF+하하/MAG"
          },
          {
            "id": 16,
            "text": "2 : 웅 그럼 탈색 한 김에 한번 해봐 하하",
            "norm_text": "웅 그럼 탈색 한 김에 한번 해봐 하하",
            "speaker": {
              "id": "2번",
              "sex": "여성",
              "age": "20대"
            },
            "speechAct": "(지시) 충고/제안하기",
            "morpheme": "웅/IC+그럼/MAJ+탈색/NNG+한/XSA+ETM+김/NNB+에/JKB+한/MM+번/NNBC+해/VV+EC+봐/VX+EF+하하/MAG"
          },
          {
            "id": 17,
            "text": "3 : 오, 하고 후기 사진 좀!",
            "norm_text": "오, 하고 후기 사진 좀!",
            "speaker": {
              "id": "3번",
              "sex": "남성",
              "age": "20대"
            },
            "speechAct": "(지시) 부탁하기",
            "morpheme": "오/IC+,/SC+하/VV+고/EC+후기/NNG+사진/NNG+좀/MAG"
          },
          {
            "id": 18,
            "text": "1 : 응 하하",
            "norm_text": "응 하하",
            "speaker": {
              "id": "1번",
              "sex": "여성",
              "age": "20대"
            },
            "speechAct": "(단언) 주장하기",
            "morpheme": "응/IC+하하/MAG"
          },
          {
            "id": 19,
            "text": "1 : 이번엔 과감하게 염색 한다!",
            "norm_text": "이번엔 과감하게 염색 한다!",
            "speaker": {
              "id": "1번",
              "sex": "여성",
              "age": "20대"
            },
            "speechAct": "(단언) 주장하기",
            "morpheme": "이번/NNG+엔/JKB+JX+과감/XR+하/XSA+게/EC+염색/NNG+한다/XSV+EF"
          },
          {
            "id": 20,
            "text": "2 : 다 하고선 사진 한번 보내 줘~",
            "norm_text": "다 하고선 사진 한번 보내 줘~",
            "speaker": {
              "id": "2번",
              "sex": "여성",
              "age": "20대"
            },
            "speechAct": "(단언) 주장하기",
            "morpheme": "다/MAG+하/VV+고선/EC+JX+사진/NNG+한/MM+번/NNBC+보내/VV+줘/EC+VV+EC+~/SY"
          },
          {
            "id": 21,
            "text": "3 : 키키 그런 태도 너무 좋아",
            "norm_text": "키키 그런 태도 너무 좋아",
            "speaker": {
              "id": "3번",
              "sex": "남성",
              "age": "20대"
            },
            "speechAct": "(단언) 주장하기",
            "morpheme": "키키/NNP+그런/MM+태도/NNG+너무/MAG+좋/VA+아/EC"
          }
        ]
      }
    }
  ]
}