{
  "dataset": {
    "identifier": 112337,
    "name": "NATEON_33_15_set",
    "src_path": "/data/file/cubeManager/PROJECT001/80/txt20211102173312096878/NATEON_33_15_set/",
    "label_path": "/data/file/cubeManager/PROJECT001/80/txt20211102173312096878/NATEON_33_15_set/",
    "category": 2,
    "type": 0
  },
  "licenses": {
    "name": "Apache License 1.0",
    "url": "http://www.apache.org/licenses/LICENSE-1.0"
  },
  "info": [
    {
      "id": 131867,
      "filename": "NATEON_33_15.txt",
      "title": "NATEON_33_15",
      "mediatype": "메신저",
      "medianame": "네이트온",
      "category": "일상대화",
      "date": "2021-11-02",
      "size": 475,
      "annotations": {
        "subject": "타 국가 이슈",
        "speaker_type": "다자간 대화",
        "size": 475,
        "word_size": 150,
        "text": "1 : 어제 테슬라 천불 넘었데!\n2 : 워메 거긴 갈 수록 대박 이구만 키키\n3 : 와 드디어!\n3 : 드디어 천슬라네 키키\n1 : 그러니까 어제 미국에서 난리가 났다나봐ㅋ\n2 : 지금 거기 들어가기엔 너무 늦었겟지 키키\n3 : 아, 나도 살껄,\n3 : 걸무새다...\n1 : 키키 나도 더 살걸...\n1 : 미국 시장이 이렇게 좋을 줄이야...\n2 : 거기 새로운 공장도 짓고 있다던데 ㅠㅠ\n3 : 아마 미국 영향으로 우리나라도 좋아질거야\n1 : 응 테슬라 때문에 우리나라 회사도 점점 좋아지고 있대 하하\n2 : 오 진짜?\n2 : 우리나라는 왜 좋아지는건데?\n3 : 응 안그래도 오늘 테슬라 관련주가 많이 올랐더라\n1 : 응 쟤말처럼 관련된 회사들이 있으니까\n2 : 아 우리나라에 관련되있는 회사가 많은가보네 키키\n3 : 키키 응!\n3 : 관련 기사보면 나와있어!\n1 : 오 역시 똑똑한데?\n1 : 대단해\n2 : 나도 주식 공부하면서 찾아 봐야겠다 키키\n3 : 다 같이 공부하러 가는걸로~",
        "lines": [
          {
            "id": 1,
            "text": "1 : 어제 테슬라 천불 넘었데!",
            "norm_text": "어제 테슬라 천불 넘었데!",
            "speaker": {
              "id": "1번",
              "sex": "여성",
              "age": "20대"
            },
            "speechAct": "(단언) 진술하기",
            "morpheme": "어제/MAG+테슬라/NNP+천불/NNG+넘/VV+었/EP+데/EF"
          },
          {
            "id": 2,
            "text": "2 : 워메 거긴 갈 수록 대박 이구만 키키",
            "norm_text": "워메 거긴 갈 수록 대박 이구만 키키",
            "speaker": {
              "id": "2번",
              "sex": "여성",
              "age": "20대"
            },
            "speechAct": "(단언) 주장하기",
            "morpheme": "워메/IC+거긴/NP+JX+갈수록/MAG+대박/NNG+이/VCP+구/EC+만/JX+키/NNG+키/XSV+ETN"
          },
          {
            "id": 3,
            "text": "3 : 와 드디어!",
            "norm_text": "와 드디어!",
            "speaker": {
              "id": "3번",
              "sex": "남성",
              "age": "20대"
            },
            "speechAct": "(단언) 주장하기",
            "morpheme": "와/IC+드디어/MAG"
          },
          {
            "id": 4,
            "text": "3 : 드디어 천슬라네 키키",
            "norm_text": "드디어 천슬라네 키키",
            "speaker": {
              "id": "3번",
              "sex": "남성",
              "age": "20대"
            },
            "speechAct": "(단언) 주장하기",
            "morpheme": "드디어/MAG+천/NR+슬/VV+라네/EC+키/NNG+키/XSV+ETN"
          },
          {
            "id": 5,
            "text": "1 : 그러니까 어제 미국에서 난리가 났다나봐ㅋ",
            "norm_text": "그러니까 어제 미국에서 난리가 났다나봐ㅋ",
            "speaker": {
              "id": "1번",
              "sex": "여성",
              "age": "20대"
            },
            "speechAct": "(단언) 진술하기",
            "morpheme": "그러니까/MAJ+어제/MAG+미국/NNP+에서/JKB+난리/NNG+가/JKS+났/VV+EP+다나/EC+봐/VX+EF+ㅋ/UNKNOWN"
          },
          {
            "id": 6,
            "text": "2 : 지금 거기 들어가기엔 너무 늦었겟지 키키",
            "norm_text": "지금 거기 들어가기엔 너무 늦었겟지 키키",
            "speaker": {
              "id": "2번",
              "sex": "여성",
              "age": "20대"
            },
            "speechAct": "(단언) 주장하기",
            "morpheme": "지금/MAG+거기/NP+들어가/VV+기/ETN+엔/JKB+JX+너무/MAG+늦/VA+었/EP+겟/EP+지/EC+키/NNG+키/XSV+ETN"
          },
          {
            "id": 7,
            "text": "3 : 아, 나도 살껄,",
            "norm_text": "아, 나도 살껄,",
            "speaker": {
              "id": "3번",
              "sex": "남성",
              "age": "20대"
            },
            "speechAct": "(단언) 주장하기",
            "morpheme": "아/IC+,/SC+나/NP+도/JX+살/VV+ETM+껄/VV+,/SC"
          },
          {
            "id": 8,
            "text": "3 : 걸무새다...",
            "norm_text": "걸무새다...",
            "speaker": {
              "id": "3번",
              "sex": "남성",
              "age": "20대"
            },
            "speechAct": "(단언) 주장하기",
            "morpheme": "걸/NP+JKO+무/XPN+새/NNG+다/VCP+EF+./SY"
          },
          {
            "id": 9,
            "text": "1 : 키키 나도 더 살걸...",
            "norm_text": "키키 나도 더 살걸...",
            "speaker": {
              "id": "1번",
              "sex": "여성",
              "age": "20대"
            },
            "speechAct": "(단언) 주장하기",
            "morpheme": "키/NNG+키나/XSA+ETN+JX+도/JX+더/MAG+살걸/VV+EC+./SY+./SY"
          },
          {
            "id": 10,
            "text": "1 : 미국 시장이 이렇게 좋을 줄이야...",
            "norm_text": "미국 시장이 이렇게 좋을 줄이야...",
            "speaker": {
              "id": "1번",
              "sex": "여성",
              "age": "20대"
            },
            "speechAct": "(단언) 주장하기",
            "morpheme": "미국/NNP+시장/NNG+이/JKS+이렇게/MAG+좋/VA+을/ETM+줄/NNB+이/VCP+야/EF+./SY"
          },
          {
            "id": 11,
            "text": "2 : 거기 새로운 공장도 짓고 있다던데 ㅠㅠ",
            "norm_text": "거기 새로운 공장도 짓고 있다던데 ㅠㅠ",
            "speaker": {
              "id": "2번",
              "sex": "여성",
              "age": "20대"
            },
            "speechAct": "(단언) 진술하기",
            "morpheme": "거기/NP+새로운/VA+ETM+공장/NNG+도/JX+짓/VV+고/EC+있/VX+다던데/EC+ㅠㅠ/UNKNOWN"
          },
          {
            "id": 12,
            "text": "3 : 아마 미국 영향으로 우리나라도 좋아질거야",
            "norm_text": "아마 미국 영향으로 우리나라도 좋아질거야",
            "speaker": {
              "id": "3번",
              "sex": "남성",
              "age": "20대"
            },
            "speechAct": "(단언) 주장하기",
            "morpheme": "아마/MAG+미국/NNP+영향/NNG+으로/JKB+우리나라/NNG+도/JX+좋/VA+아/EC+질/VX+ETM+거/NNB+야/VCP+EF"
          },
          {
            "id": 13,
            "text": "1 : 응 테슬라 때문에 우리나라 회사도 점점 좋아지고 있대 하하",
            "norm_text": "응 테슬라 때문에 우리나라 회사도 점점 좋아지고 있대 하하",
            "speaker": {
              "id": "1번",
              "sex": "여성",
              "age": "20대"
            },
            "speechAct": "(단언) 진술하기",
            "morpheme": "응/IC+테슬라/NNP+때문/NNB+에/JKB+우리/NP+나라/NNG+회사/NNG+도/JX+점점/MAG+좋/VA+아/EC+지/VX+고/EC+있/VX+대/EF+하하/MAG"
          },
          {
            "id": 14,
            "text": "2 : 오 진짜?",
            "norm_text": "오 진짜?",
            "speaker": {
              "id": "2번",
              "sex": "여성",
              "age": "20대"
            },
            "speechAct": "(지시) 질문하기",
            "morpheme": "오/IC+진짜/MAG"
          },
          {
            "id": 15,
            "text": "2 : 우리나라는 왜 좋아지는건데?",
            "norm_text": "우리나라는 왜 좋아지는건데?",
            "speaker": {
              "id": "2번",
              "sex": "여성",
              "age": "20대"
            },
            "speechAct": "(지시) 질문하기",
            "morpheme": "우리/NP+나라/NNG+는/JX+왜/MAG+좋/VA+아/EC+지/VX+는/ETM+건데/NNB+VCP+EF"
          },
          {
            "id": 16,
            "text": "3 : 응 안그래도 오늘 테슬라 관련주가 많이 올랐더라",
            "norm_text": "응 안그래도 오늘 테슬라 관련주가 많이 올랐더라",
            "speaker": {
              "id": "3번",
              "sex": "남성",
              "age": "20대"
            },
            "speechAct": "(단언) 진술하기",
            "morpheme": "응/IC+안/MAG+그래도/VV+EC+오늘/MAG+테슬라/NNP+관련/NNG+주/NNG+가/JKS+많이/MAG+올랐/VV+EP+더라/EC"
          },
          {
            "id": 17,
            "text": "1 : 응 쟤말처럼 관련된 회사들이 있으니까",
            "norm_text": "응 쟤말처럼 관련된 회사들이 있으니까",
            "speaker": {
              "id": "1번",
              "sex": "여성",
              "age": "20대"
            },
            "speechAct": "(단언) 주장하기",
            "morpheme": "응/IC+쟤/NP+말/NNG+처럼/JKB+관련/NNG+된/XSV+ETM+회사/NNG+들/XSN+이/JKS+있/VV+으니까/EC"
          },
          {
            "id": 18,
            "text": "2 : 아 우리나라에 관련되있는 회사가 많은가보네 키키",
            "norm_text": "아 우리나라에 관련되있는 회사가 많은가보네 키키",
            "speaker": {
              "id": "2번",
              "sex": "여성",
              "age": "20대"
            },
            "speechAct": "(단언) 주장하기",
            "morpheme": "아/IC+우리/NP+나라/NNG+에/JKB+관련/NNG+되/XSV+EC+있/VX+는/ETM+회사/NNG+가/JKS+많/VA+은가/EC+보/VX+네/EF+키/NNG+키/XSV+ETN"
          },
          {
            "id": 19,
            "text": "3 : 키키 응!",
            "norm_text": "키키 응!",
            "speaker": {
              "id": "3번",
              "sex": "남성",
              "age": "20대"
            },
            "speechAct": "(단언) 주장하기",
            "morpheme": "키/NNG+키/XSV+ETN+응/IC"
          },
          {
            "id": 20,
            "text": "3 : 관련 기사보면 나와있어!",
            "norm_text": "관련 기사보면 나와있어!",
            "speaker": {
              "id": "3번",
              "sex": "남성",
              "age": "20대"
            },
            "speechAct": "(단언) 진술하기",
            "morpheme": "관련/NNG+기사/NNG+보/VV+면/EC+나와/VV+EC+있/VX+어/EF"
          },
          {
            "id": 21,
            "text": "1 : 오 역시 똑똑한데?",
            "norm_text": "오 역시 똑똑한데?",
            "speaker": {
              "id": "1번",
              "sex": "여성",
              "age": "20대"
            },
            "speechAct": "(단언) 주장하기",
            "morpheme": "오/IC+역시/MAJ+똑똑/XR+한데/XSA+EF"
          },
          {
            "id": 22,
            "text": "1 : 대단해",
            "norm_text": "대단해",
            "speaker": {
              "id": "1번",
              "sex": "여성",
              "age": "20대"
            },
            "speechAct": "(단언) 주장하기",
            "morpheme": "대단/XR+해/XSA+EC"
          },
          {
            "id": 23,
            "text": "2 : 나도 주식 공부하면서 찾아 봐야겠다 키키",
            "norm_text": "나도 주식 공부하면서 찾아 봐야겠다 키키",
            "speaker": {
              "id": "2번",
              "sex": "여성",
              "age": "20대"
            },
            "speechAct": "(단언) 주장하기",
            "morpheme": "나/NP+도/JX+주식/NNG+공부/NNG+하/XSV+면서/EC+찾/VV+아/EC+봐야/VX+EC+VV+겠/EP+다키키/NNP"
          },
          {
            "id": 24,
            "text": "3 : 다 같이 공부하러 가는걸로~",
            "norm_text": "다 같이 공부하러 가는걸로~",
            "speaker": {
              "id": "3번",
              "sex": "남성",
              "age": "20대"
            },
            "speechAct": "(지시) 충고/제안하기",
            "morpheme": "다/MAG+같이/MAG+공부/NNG+하/XSV+러/EC+가/VX+는/ETM+걸로/NNB+JKB+~/SY"
          }
        ]
      }
    }
  ]
}