{
  "dataset": {
    "identifier": 129711,
    "name": "NATEON_41_01_set",
    "src_path": "/data/file/cubeManager/PROJECT001/84/txt202111041735520843108/NATEON_41_01_set/",
    "label_path": "/data/file/cubeManager/PROJECT001/84/txt202111041735520843108/NATEON_41_01_set/",
    "category": 2,
    "type": 0
  },
  "licenses": {
    "name": "Apache License 1.0",
    "url": "http://www.apache.org/licenses/LICENSE-1.0"
  },
  "info": [
    {
      "id": 137208,
      "filename": "NATEON_41_01.txt",
      "title": "NATEON_41_01",
      "mediatype": "메신저",
      "medianame": "네이트온",
      "category": "일상대화",
      "date": "2021-11-04",
      "size": 424,
      "annotations": {
        "subject": "식음료",
        "speaker_type": "다자간 대화",
        "size": 424,
        "word_size": 158,
        "text": "1 : 나 집가는 길에 공차 사 간다!\n2 : 너 마시는 거 되게 좋아한다 키키\n3 : 음료수 좀 그만 마셔 키키\n1 : 타피오카 펄도 추가했어 하하\n2 : 그건 뭐야\n2 : 나 보라색밖에 몰라 키키\n3 : 나도 공차 음료수 어렵더라 키키\n1 : 펄 따로 추가하는 거 검정색\n2 : 아아 그거 키키\n2 : 난 그거 빼고 먹는데 ㅠㅠ\n3 : 어려워 역시 키키\n3 : 요즘 카페 신기한 거 너무 많더라\n1 : 너 공차 아직 안 먹어 봤어?\n2 : 헐 너 아직도 공차 안 먹음?\n3 : 응 나는 한 번도 안 가 봤는데 키키\n1 : 헐... 야 진짜 충격이다 키키\n2 : 키키 그러니까\n2 : 공차 생긴 게 언젠데 키키\n3 : 아니 뭐 못 먹고 그럴 수도 있지 키키\n1 : 키키 이제라도 가서 한번 먹어 봐\n2 : 어어\n2 : 가서 보라색 음료 달라고 해 키키\n3 : 그렇게 말하면 음료수 줘?... 키키",
        "lines": [
          {
            "id": 1,
            "text": "1 : 나 집가는 길에 공차 사 간다!",
            "norm_text": "나 집가는 길에 공차 사 간다!",
            "speaker": {
              "id": "1번",
              "sex": "여성",
              "age": "20대"
            },
            "speechAct": "(단언) 진술하기",
            "morpheme": "나/NP+집/NNG+가/VV+는/ETM+길/NNG+에/JKB+공차/NNG+사/VV+EC+간다/VX+EF"
          },
          {
            "id": 2,
            "text": "2 : 너 마시는 거 되게 좋아한다 키키",
            "norm_text": "너 마시는 거 되게 좋아한다 키키",
            "speaker": {
              "id": "2번",
              "sex": "여성",
              "age": "20대"
            },
            "speechAct": "(단언) 주장하기",
            "morpheme": "너/NP+마시/VV+는/ETM+거/NNB+되게/MAG+좋/VA+아/EC+한/VX+ETM+다키키/NNP"
          },
          {
            "id": 3,
            "text": "3 : 음료수 좀 그만 마셔 키키",
            "norm_text": "음료수 좀 그만 마셔 키키",
            "speaker": {
              "id": "3번",
              "sex": "남성",
              "age": "20대"
            },
            "speechAct": "(지시) 충고/제안하기",
            "morpheme": "음료수/NNG+좀/MAG+그만/MAG+마셔/VV+EC+키/NNG+키/XSV+ETN"
          },
          {
            "id": 4,
            "text": "1 : 타피오카 펄도 추가했어 하하",
            "norm_text": "타피오카 펄도 추가했어 하하",
            "speaker": {
              "id": "1번",
              "sex": "여성",
              "age": "20대"
            },
            "speechAct": "(단언) 진술하기",
            "morpheme": "타피오카/NNG+펄/NNG+도/JX+추가/NNG+했/XSV+EP+어/EC+하하/MAG"
          },
          {
            "id": 5,
            "text": "2 : 그건 뭐야",
            "norm_text": "그건 뭐야",
            "speaker": {
              "id": "2번",
              "sex": "여성",
              "age": "20대"
            },
            "speechAct": "(지시) 질문하기",
            "morpheme": "그건/NP+JX+뭐/NP+야/VCP+EF"
          },
          {
            "id": 6,
            "text": "2 : 나 보라색밖에 몰라 키키",
            "norm_text": "나 보라색밖에 몰라 키키",
            "speaker": {
              "id": "2번",
              "sex": "여성",
              "age": "20대"
            },
            "speechAct": "(단언) 진술하기",
            "morpheme": "나/NP+보라색/NNG+밖에/JX+몰라/VV+EC+키/NNG+키/XSV+ETN"
          },
          {
            "id": 7,
            "text": "3 : 나도 공차 음료수 어렵더라 키키",
            "norm_text": "나도 공차 음료수 어렵더라 키키",
            "speaker": {
              "id": "3번",
              "sex": "남성",
              "age": "20대"
            },
            "speechAct": "(단언) 주장하기",
            "morpheme": "나/NP+도/JX+공차/NNG+음료수/NNG+어렵/VA+더라/EC+키/NNG+키/XSV+ETN"
          },
          {
            "id": 8,
            "text": "1 : 펄 따로 추가하는 거 검정색",
            "norm_text": "펄 따로 추가하는 거 검정색",
            "speaker": {
              "id": "1번",
              "sex": "여성",
              "age": "20대"
            },
            "speechAct": "(단언) 진술하기",
            "morpheme": "펄/NNG+따로/MAG+추가/NNG+하/XSV+는/ETM+거/NNB+검정/NNG+색/NNG"
          },
          {
            "id": 9,
            "text": "2 : 아아 그거 키키",
            "norm_text": "아아 그거 키키",
            "speaker": {
              "id": "2번",
              "sex": "여성",
              "age": "20대"
            },
            "speechAct": "(단언) 주장하기",
            "morpheme": "아아/IC+그거/NP+키/NNG+키/XSV+ETN"
          },
          {
            "id": 10,
            "text": "2 : 난 그거 빼고 먹는데 ㅠㅠ",
            "norm_text": "난 그거 빼고 먹는데 ㅠㅠ",
            "speaker": {
              "id": "2번",
              "sex": "여성",
              "age": "20대"
            },
            "speechAct": "(단언) 진술하기",
            "morpheme": "난/NP+JX+그거/NP+빼/VV+고/EC+먹/VV+는데/EC+ㅠㅠ/UNKNOWN"
          },
          {
            "id": 11,
            "text": "3 : 어려워 역시 키키",
            "norm_text": "어려워 역시 키키",
            "speaker": {
              "id": "3번",
              "sex": "남성",
              "age": "20대"
            },
            "speechAct": "(단언) 주장하기",
            "morpheme": "어려워/VA+EC+역/NNG+시키/XSV+EC+키/NNG"
          },
          {
            "id": 12,
            "text": "3 : 요즘 카페 신기한 거 너무 많더라",
            "norm_text": "요즘 카페 신기한 거 너무 많더라",
            "speaker": {
              "id": "3번",
              "sex": "남성",
              "age": "20대"
            },
            "speechAct": "(단언) 주장하기",
            "morpheme": "요즘/NNG+카페/NNG+신기/XR+한/XSA+ETM+거/NNB+너무/MAG+많/VA+더라/EC"
          },
          {
            "id": 13,
            "text": "1 : 너 공차 아직 안 먹어 봤어?",
            "norm_text": "너 공차 아직 안 먹어 봤어?",
            "speaker": {
              "id": "1번",
              "sex": "여성",
              "age": "20대"
            },
            "speechAct": "(지시) 질문하기",
            "morpheme": "너/NP+공차/NNG+아직/MAG+안/MAG+먹/VV+어/EC+봤/VX+EP+어/EF"
          },
          {
            "id": 14,
            "text": "2 : 헐 너 아직도 공차 안 먹음?",
            "norm_text": "헐 너 아직도 공차 안 먹음?",
            "speaker": {
              "id": "2번",
              "sex": "여성",
              "age": "20대"
            },
            "speechAct": "(지시) 질문하기",
            "morpheme": "헐/IC+너/NP+아직/MAG+도/JX+공차/NNG+안/MAG+먹/VV+음/ETN"
          },
          {
            "id": 15,
            "text": "3 : 응 나는 한 번도 안 가 봤는데 키키",
            "norm_text": "응 나는 한 번도 안 가 봤는데 키키",
            "speaker": {
              "id": "3번",
              "sex": "남성",
              "age": "20대"
            },
            "speechAct": "(단언) 진술하기",
            "morpheme": "응/IC+나/NP+는/JX+한/MM+번/NNBC+도/JX+안/MAG+가/VV+EC+봤/VX+EP+는데/EC+키/NNG+키/XSV+ETN"
          },
          {
            "id": 16,
            "text": "1 : 헐... 야 진짜 충격이다 키키",
            "norm_text": "헐... 야 진짜 충격이다 키키",
            "speaker": {
              "id": "1번",
              "sex": "여성",
              "age": "20대"
            },
            "speechAct": "(단언) 주장하기",
            "morpheme": "헐/IC+./SY+야/IC+진짜/MAG+충격/NNG+이/JKS+다키키/NNP"
          },
          {
            "id": 17,
            "text": "2 : 키키 그러니까",
            "norm_text": "키키 그러니까",
            "speaker": {
              "id": "2번",
              "sex": "여성",
              "age": "20대"
            },
            "speechAct": "(단언) 주장하기",
            "morpheme": "키/NNG+키/XSV+ETN+그러/VV+니까/EC"
          },
          {
            "id": 18,
            "text": "2 : 공차 생긴 게 언젠데 키키",
            "norm_text": "공차 생긴 게 언젠데 키키",
            "speaker": {
              "id": "2번",
              "sex": "여성",
              "age": "20대"
            },
            "speechAct": "(단언) 주장하기",
            "morpheme": "공차/NNG+생긴/VV+ETM+게/NNB+JKS+언젠데/NP+VCP+EC+키/NNG+키/XSV+ETN"
          },
          {
            "id": 19,
            "text": "3 : 아니 뭐 못 먹고 그럴 수도 있지 키키",
            "norm_text": "아니 뭐 못 먹고 그럴 수도 있지 키키",
            "speaker": {
              "id": "3번",
              "sex": "남성",
              "age": "20대"
            },
            "speechAct": "(단언) 주장하기",
            "morpheme": "아니/IC+뭐/IC+못/MAG+먹/VV+고/EC+그럴/VV+ETM+수/NNB+도/JX+있/VA+지/EC+키/NNG+키/XSV+ETN"
          },
          {
            "id": 20,
            "text": "1 : 키키 이제라도 가서 한번 먹어 봐",
            "norm_text": "키키 이제라도 가서 한번 먹어 봐",
            "speaker": {
              "id": "1번",
              "sex": "여성",
              "age": "20대"
            },
            "speechAct": "(지시) 충고/제안하기",
            "morpheme": "키/NNG+키/NNG+이제/NNG+라도/VCP+EC+가/VX+서/EC+한/MM+번/NNBC+먹/VV+어/EC+봐/VX+EC"
          },
          {
            "id": 21,
            "text": "2 : 어어",
            "norm_text": "어어",
            "speaker": {
              "id": "2번",
              "sex": "여성",
              "age": "20대"
            },
            "speechAct": "(단언) 주장하기",
            "morpheme": "어/IC+어/IC"
          },
          {
            "id": 22,
            "text": "2 : 가서 보라색 음료 달라고 해 키키",
            "norm_text": "가서 보라색 음료 달라고 해 키키",
            "speaker": {
              "id": "2번",
              "sex": "여성",
              "age": "20대"
            },
            "speechAct": "(지시) 충고/제안하기",
            "morpheme": "가/VV+서/EC+보라색/NNG+음료/NNG+달/VV+라고/EC+해/VV+EC+키/NNG+키/XSV+ETN"
          },
          {
            "id": 23,
            "text": "3 : 그렇게 말하면 음료수 줘?... 키키",
            "norm_text": "그렇게 말하면 음료수 줘?... 키키",
            "speaker": {
              "id": "3번",
              "sex": "남성",
              "age": "20대"
            },
            "speechAct": "(지시) 질문하기",
            "morpheme": "그렇게/MAG+말/NNG+하/XSV+면/EC+음료수/NNG+줘/VV+EF+./SY+./SY+키/NNG+키/XSV+ETN"
          }
        ]
      }
    }
  ]
}