{
  "dataset": {
    "identifier": 118160,
    "name": "NATEON_29_11_set",
    "src_path": "/data/file/cubeManager/PROJECT001/80/txt20211102103851080565/NATEON_29_11_set/",
    "label_path": "/data/file/cubeManager/PROJECT001/80/txt20211102103851080565/NATEON_29_11_set/",
    "category": 2,
    "type": 0
  },
  "licenses": {
    "name": "Apache License 1.0",
    "url": "http://www.apache.org/licenses/LICENSE-1.0"
  },
  "info": [
    {
      "id": 129874,
      "filename": "NATEON_29_11.txt",
      "title": "NATEON_29_11",
      "mediatype": "메신저",
      "medianame": "네이트온",
      "category": "일상대화",
      "date": "2021-11-02",
      "size": 394,
      "annotations": {
        "subject": "게임",
        "speaker_type": "다자간 대화",
        "size": 394,
        "word_size": 135,
        "text": "1 : 나랑 같이 피씨방 갈 사람~\n2 : 오 이번에 무슨 게임 할 건데~\n3 : 헐 너 또 피씨방 가게?\n1 : 나 어몽어스 좀 해보려고 하하\n3 : 그거 18세 게임 아니야?\n2 : 어몽어스?\n2 : 그건 뭐야?\n2 : 재밌어?\n1 : 응 나도 자세히는 모르는데... 하더라고\n2 : 18세 게임이면 좀 잔인하고 그런 건가?\n3 : 아마 피도 나오고 그럴 건데\n1 : 음 약간 서든이랑 비슷한 건가?\n2 : 어 나도 서든 생각했는데 키키\n3 : 서든은 총 게임이고! 달라\n1 : 키키 나 진짜 게임에 대해서 모르나 봐...\n2 : 키키 나도 게임 잘 몰라 ㅠㅠ 어렵고 키키\n3 : 그래 이참에 나한테 배워라\n1 : 그래 우리 다 너 믿고 배워본다\n2 : 강습료는 피시방 음료수 드리겠습니다 키키\n3 : 그래 대신 피씨방 비 대신 내줘~",
        "lines": [
          {
            "id": 1,
            "text": "1 : 나랑 같이 피씨방 갈 사람~",
            "norm_text": "나랑 같이 피씨방 갈 사람~",
            "speaker": {
              "id": "1번",
              "sex": "여성",
              "age": "20대"
            },
            "speechAct": "(지시) 충고/제안하기",
            "morpheme": "나/NP+랑/JKB+같이/MAG+피/XPN+씨방/NNG+갈/VV+ETM+사람/NNG+~/SY"
          },
          {
            "id": 2,
            "text": "2 : 오 이번에 무슨 게임 할 건데~",
            "norm_text": "오 이번에 무슨 게임 할 건데~",
            "speaker": {
              "id": "2번",
              "sex": "여성",
              "age": "20대"
            },
            "speechAct": "(지시) 질문하기",
            "morpheme": "오/NR+이/NR+번/NNBC+에/JKB+무슨/MM+게임/NNG+할/XSV+ETM+건데/NNB+VCP+EC+~/SY"
          },
          {
            "id": 3,
            "text": "3 : 헐 너 또 피씨방 가게?",
            "norm_text": "헐 너 또 피씨방 가게?",
            "speaker": {
              "id": "3번",
              "sex": "남성",
              "age": "20대"
            },
            "speechAct": "(단언) 주장하기",
            "morpheme": "헐너또피씨방가게/UNKNOWN"
          },
          {
            "id": 4,
            "text": "1 : 나 어몽어스 좀 해보려고 하하",
            "norm_text": "나 어몽어스 좀 해보려고 하하",
            "speaker": {
              "id": "1번",
              "sex": "여성",
              "age": "20대"
            },
            "speechAct": "(단언) 주장하기",
            "morpheme": "나/NP+어/IC+몽/NNG+어스/NNG+좀/MAG+해/VV+EC+보/VX+려고/EC+하하/MAG"
          },
          {
            "id": 5,
            "text": "3 : 그거 18세 게임 아니야?",
            "norm_text": "그거 18세 게임 아니야?",
            "speaker": {
              "id": "3번",
              "sex": "남성",
              "age": "20대"
            },
            "speechAct": "(지시) 질문하기",
            "morpheme": "그거/NP+18/SN+세/NNBC+게임/NNG+아니/VCN+야/EF"
          },
          {
            "id": 6,
            "text": "2 : 어몽어스?",
            "norm_text": "어몽어스?",
            "speaker": {
              "id": "2번",
              "sex": "여성",
              "age": "20대"
            },
            "speechAct": "(단언) 주장하기",
            "morpheme": "어/IC+몽/NNG+어스/NNG"
          },
          {
            "id": 7,
            "text": "2 : 그건 뭐야?",
            "norm_text": "그건 뭐야?",
            "speaker": {
              "id": "2번",
              "sex": "여성",
              "age": "20대"
            },
            "speechAct": "(지시) 질문하기",
            "morpheme": "그건/NP+JX+뭐/NP+야/VCP+EF"
          },
          {
            "id": 8,
            "text": "2 : 재밌어?",
            "norm_text": "재밌어?",
            "speaker": {
              "id": "2번",
              "sex": "여성",
              "age": "20대"
            },
            "speechAct": "(지시) 질문하기",
            "morpheme": "재밌/VA+어/EF"
          },
          {
            "id": 9,
            "text": "1 : 응 나도 자세히는 모르는데... 하더라고",
            "norm_text": "응 나도 자세히는 모르는데... 하더라고",
            "speaker": {
              "id": "1번",
              "sex": "여성",
              "age": "20대"
            },
            "speechAct": "(단언) 주장하기",
            "morpheme": "응/IC+나/NP+도/JX+자세히/MAG+는/JX+모르/VV+는데/EC+./SY+./SY+하/VV+더라고/EC"
          },
          {
            "id": 10,
            "text": "2 : 18세 게임이면 좀 잔인하고 그런 건가?",
            "norm_text": "18세 게임이면 좀 잔인하고 그런 건가?",
            "speaker": {
              "id": "2번",
              "sex": "여성",
              "age": "20대"
            },
            "speechAct": "(지시) 질문하기",
            "morpheme": "18/SN+세/NNBC+게임/NNG+이/VCP+면/EC+좀/MAG+잔인/NNG+하/XSV+고/EC+그런/MM+건가/NNB+VCP+EF"
          },
          {
            "id": 11,
            "text": "3 : 아마 피도 나오고 그럴 건데",
            "norm_text": "아마 피도 나오고 그럴 건데",
            "speaker": {
              "id": "3번",
              "sex": "남성",
              "age": "20대"
            },
            "speechAct": "(단언) 주장하기",
            "morpheme": "아마/MAG+피/NNG+도/JX+나오/VV+고/EC+그럴/VV+ETM+건데/NNB+VCP+EC"
          },
          {
            "id": 12,
            "text": "1 : 음 약간 서든이랑 비슷한 건가?",
            "norm_text": "음 약간 서든이랑 비슷한 건가?",
            "speaker": {
              "id": "1번",
              "sex": "여성",
              "age": "20대"
            },
            "speechAct": "(지시) 질문하기",
            "morpheme": "음/IC+약간/MAG+서든/NNG+이랑/JC+비슷/XR+한/XSA+ETM+건가/NNB+VCP+EF"
          },
          {
            "id": 13,
            "text": "2 : 어 나도 서든 생각했는데 키키",
            "norm_text": "어 나도 서든 생각했는데 키키",
            "speaker": {
              "id": "2번",
              "sex": "여성",
              "age": "20대"
            },
            "speechAct": "(단언) 주장하기",
            "morpheme": "어/IC+나/NP+도/JX+서든/NNG+생각/NNG+했/XSV+EP+는데/EC+키/NNG+키/XSV+ETN"
          },
          {
            "id": 14,
            "text": "3 : 서든은 총 게임이고! 달라",
            "norm_text": "서든은 총 게임이고! 달라",
            "speaker": {
              "id": "3번",
              "sex": "남성",
              "age": "20대"
            },
            "speechAct": "(단언) 진술하기",
            "morpheme": "서든/NNG+은/JX+총/MM+게임/NNG+이/VCP+고/EC+달라/VA+EC"
          },
          {
            "id": 15,
            "text": "1 : 키키 나 진짜 게임에 대해서 모르나 봐...",
            "norm_text": "키키 나 진짜 게임에 대해서 모르나 봐...",
            "speaker": {
              "id": "1번",
              "sex": "여성",
              "age": "20대"
            },
            "speechAct": "(단언) 주장하기",
            "morpheme": "키/NNG+키나/XSA+ETN+JX+진짜/MAG+게임/NNG+에/JKB+대해서/VV+EC+모르/VV+나/EC+봐/VX+EF+./SY"
          },
          {
            "id": 16,
            "text": "2 : 키키 나도 게임 잘 몰라 ㅠㅠ 어렵고 키키",
            "norm_text": "키키 나도 게임 잘 몰라 ㅠㅠ 어렵고 키키",
            "speaker": {
              "id": "2번",
              "sex": "여성",
              "age": "20대"
            },
            "speechAct": "(단언) 주장하기",
            "morpheme": "키/NNG+키나/XSA+ETN+JX+도/JX+게임/NNG+잘/MAG+몰라/VV+EF+ㅠㅠ/UNKNOWN+어렵/VA+고/EC+키/NNG+키/XSV+ETN"
          },
          {
            "id": 17,
            "text": "3 : 그래 이참에 나한테 배워라",
            "norm_text": "그래 이참에 나한테 배워라",
            "speaker": {
              "id": "3번",
              "sex": "남성",
              "age": "20대"
            },
            "speechAct": "(지시) 충고/제안하기",
            "morpheme": "그래/IC+이/MM+참/NNB+에/JKB+나/NP+한테/JKB+배워라/VV+EC"
          },
          {
            "id": 18,
            "text": "1 : 그래 우리 다 너 믿고 배워본다",
            "norm_text": "그래 우리 다 너 믿고 배워본다",
            "speaker": {
              "id": "1번",
              "sex": "여성",
              "age": "20대"
            },
            "speechAct": "(언약) 약속하기(제3자와)/(개인적 수준)",
            "morpheme": "그래/IC+우리/NP+다/JX+너/NP+믿/VV+고/EC+배워/VV+EC+본다/VV+EC"
          },
          {
            "id": 19,
            "text": "2 : 강습료는 피시방 음료수 드리겠습니다 키키",
            "norm_text": "강습료는 피시방 음료수 드리겠습니다 키키",
            "speaker": {
              "id": "2번",
              "sex": "여성",
              "age": "20대"
            },
            "speechAct": "(언약) 약속하기(제3자와)/(개인적 수준)",
            "morpheme": "강습료/NNG+는/JX+피시방/NNG+음료수/NNG+드리/VV+겠/EP+습니다/EF+키/NNG+키/XSV+ETN"
          },
          {
            "id": 20,
            "text": "3 : 그래 대신 피씨방 비 대신 내줘~",
            "norm_text": "그래 대신 피씨방 비 대신 내줘~",
            "speaker": {
              "id": "3번",
              "sex": "남성",
              "age": "20대"
            },
            "speechAct": "(지시) 명령/요구하기",
            "morpheme": "그래대신피씨방비대신내줘/UNKNOWN+~/SY"
          }
        ]
      }
    }
  ]
}