{
  "dataset": {
    "identifier": 117304,
    "name": "NATEON_28_08_set",
    "src_path": "/data/file/cubeManager/PROJECT001/80/txt20211102103851059768/NATEON_28_08_set/",
    "label_path": "/data/file/cubeManager/PROJECT001/80/txt20211102103851059768/NATEON_28_08_set/",
    "category": 2,
    "type": 0
  },
  "licenses": {
    "name": "Apache License 1.0",
    "url": "http://www.apache.org/licenses/LICENSE-1.0"
  },
  "info": [
    {
      "id": 129851,
      "filename": "NATEON_28_08.txt",
      "title": "NATEON_28_08",
      "mediatype": "메신저",
      "medianame": "네이트온",
      "category": "일상대화",
      "date": "2021-11-02",
      "size": 430,
      "annotations": {
        "subject": "연애/결혼",
        "speaker_type": "다자간 대화",
        "size": 430,
        "word_size": 150,
        "text": "1 : 이번에 우리 언니 결혼해!\n2 : 오 대박 몇 월에 결혼 하셔?\n3 : 헐! 진짜?\n3 : 언제 하셔?\n1 : 코로나 때문에 내년에 한다고 하나 봐!\n2 : 아아 코로나 그때는 위드로 바껴서 괜찮겠지?\n3 : 아무래도 올해 하긴 그렇지 ㅠ\n1 : 응 하하 아마도?\n1 : 그때는 괜찮겠지~\n2 : 언니도 그렇고 부모님들도 결혼 준비로 바쁘겠어 ㅠㅠ\n3 : 우리가 꼭 결혼식 참석 할께 하하\n1 : 응 다들 꼭 와 하하\n1 : 준비는 잘 되 가고 있데\n2 : 축의금 가져갈게 뷔페 맛있는 데로 부탁해용~\n3 : 아 뷔페는 결혼식의 꽃이지 키키\n1 : 키키 뷔페는 꼭 비싼 곳으로 준비해야지\n2 : 아주 좋아 언니 그날 엄청 이쁘실 듯\n2 : 내가 다 떨린다 키키\n1 : 그러니까 ㅠ 벌써 뭉클해지고 있어\n2 : 후 울지 말고 ㅠㅠ\n2 : 드레스 이쁜 거 골라드려!\n3 : 너 당일 되면 진짜 울겠다 ㅜ",
        "lines": [
          {
            "id": 1,
            "text": "1 : 이번에 우리 언니 결혼해!",
            "norm_text": "이번에 우리 언니 결혼해!",
            "speaker": {
              "id": "1번",
              "sex": "여성",
              "age": "20대"
            },
            "speechAct": "(단언) 진술하기",
            "morpheme": "이번/NNG+에/JKB+우리/NP+언니/NNG+결혼/NNG+해/XSV+EF"
          },
          {
            "id": 2,
            "text": "2 : 오 대박 몇 월에 결혼 하셔?",
            "norm_text": "오 대박 몇 월에 결혼 하셔?",
            "speaker": {
              "id": "2번",
              "sex": "여성",
              "age": "20대"
            },
            "speechAct": "(지시) 질문하기",
            "morpheme": "오/NR+대박/NNG+몇/MM+월/NNBC+에/JKB+결혼/NNG+하/XSV+셔/EP+EF"
          },
          {
            "id": 3,
            "text": "3 : 헐! 진짜?",
            "norm_text": "헐! 진짜?",
            "speaker": {
              "id": "3번",
              "sex": "여성",
              "age": "20대"
            },
            "speechAct": "턴토크 사인(관습적 반응)",
            "morpheme": "헐/IC+진짜/MAG"
          },
          {
            "id": 4,
            "text": "3 : 언제 하셔?",
            "norm_text": "언제 하셔?",
            "speaker": {
              "id": "3번",
              "sex": "여성",
              "age": "20대"
            },
            "speechAct": "(지시) 질문하기",
            "morpheme": "언제/MAG+하/VV+셔/EP+EF"
          },
          {
            "id": 5,
            "text": "1 : 코로나 때문에 내년에 한다고 하나 봐!",
            "norm_text": "코로나 때문에 내년에 한다고 하나 봐!",
            "speaker": {
              "id": "1번",
              "sex": "여성",
              "age": "20대"
            },
            "speechAct": "(단언) 진술하기",
            "morpheme": "코로나/NNG+때문/NNB+에/JKB+내년/NNG+에/JKB+한다고/VV+EC+하/VV+나/EC+봐/VX+EF"
          },
          {
            "id": 6,
            "text": "2 : 아아 코로나 그때는 위드로 바껴서 괜찮겠지?",
            "norm_text": "아아 코로나 그때는 위드로 바껴서 괜찮겠지?",
            "speaker": {
              "id": "2번",
              "sex": "여성",
              "age": "20대"
            },
            "speechAct": "(지시) 질문하기",
            "morpheme": "아아/IC+코로나/NNG+그때/NNG+는/JX+위드로/NNP+바/NNB+껴서/VV+EC+괜찮/VA+겠/EP+지/EF"
          },
          {
            "id": 7,
            "text": "3 : 아무래도 올해 하긴 그렇지 ㅠ",
            "norm_text": "아무래도 올해 하긴 그렇지 ㅠ",
            "speaker": {
              "id": "3번",
              "sex": "여성",
              "age": "20대"
            },
            "speechAct": "(단언) 주장하기",
            "morpheme": "아무래도/MAG+올해/NNG+하/XSV+긴/ETN+JX+그렇/VA+지/EC+ㅠ/UNKNOWN"
          },
          {
            "id": 8,
            "text": "1 : 응 하하 아마도?",
            "norm_text": "응 하하 아마도?",
            "speaker": {
              "id": "1번",
              "sex": "여성",
              "age": "20대"
            },
            "speechAct": "(단언) 주장하기",
            "morpheme": "응/IC+하하/MAG+아마도/MAG"
          },
          {
            "id": 9,
            "text": "1 : 그때는 괜찮겠지~",
            "norm_text": "그때는 괜찮겠지~",
            "speaker": {
              "id": "1번",
              "sex": "여성",
              "age": "20대"
            },
            "speechAct": "(단언) 주장하기",
            "morpheme": "그때/NNG+는/JX+괜찮/VA+겠/EP+지/EC+~/SY"
          },
          {
            "id": 10,
            "text": "2 : 언니도 그렇고 부모님들도 결혼 준비로 바쁘겠어 ㅠㅠ",
            "norm_text": "언니도 그렇고 부모님들도 결혼 준비로 바쁘겠어 ㅠㅠ",
            "speaker": {
              "id": "2번",
              "sex": "여성",
              "age": "20대"
            },
            "speechAct": "(단언) 주장하기",
            "morpheme": "언니/NNG+도/JX+그렇/VA+고/EC+부모/NNG+님/XSN+들/XSN+도/JX+결혼/NNG+준비/NNG+로/JKB+바쁘/VA+겠/EP+어/EF+ㅠㅠ/UNKNOWN"
          },
          {
            "id": 11,
            "text": "3 : 우리가 꼭 결혼식 참석 할께 하하",
            "norm_text": "우리가 꼭 결혼식 참석 할께 하하",
            "speaker": {
              "id": "3번",
              "sex": "여성",
              "age": "20대"
            },
            "speechAct": "(언약) 약속하기(제3자와)/(개인적 수준)",
            "morpheme": "우리/NP+가/JKS+꼭/MAG+결혼식/NNG+참석/NNG+할께/XSV+EC+하하/MAG"
          },
          {
            "id": 12,
            "text": "1 : 응 다들 꼭 와 하하",
            "norm_text": "응 다들 꼭 와 하하",
            "speaker": {
              "id": "1번",
              "sex": "여성",
              "age": "20대"
            },
            "speechAct": "(지시) 명령/요구하기",
            "morpheme": "응다들꼭와하하/UNKNOWN"
          },
          {
            "id": 13,
            "text": "1 : 준비는 잘 되 가고 있데",
            "norm_text": "준비는 잘 되 가고 있데",
            "speaker": {
              "id": "1번",
              "sex": "여성",
              "age": "20대"
            },
            "speechAct": "(단언) 진술하기",
            "morpheme": "준비/NNG+는/JX+잘/MAG+되/VV+EC+가/VX+고/EC+있/VX+데/EC"
          },
          {
            "id": 14,
            "text": "2 : 축의금 가져갈게 뷔페 맛있는 데로 부탁해용~",
            "norm_text": "축의금 가져갈게 뷔페 맛있는 데로 부탁해용~",
            "speaker": {
              "id": "2번",
              "sex": "여성",
              "age": "20대"
            },
            "speechAct": "(지시) 부탁하기",
            "morpheme": "축의금/NNG+가져갈/VV+ETM+게/NNB+JKS+뷔페/NNG+맛있/VA+는/ETM+데/NNB+로/JKB+부탁/NNG+해용/XSA+EC+~/SY"
          },
          {
            "id": 15,
            "text": "3 : 아 뷔페는 결혼식의 꽃이지 키키",
            "norm_text": "아 뷔페는 결혼식의 꽃이지 키키",
            "speaker": {
              "id": "3번",
              "sex": "여성",
              "age": "20대"
            },
            "speechAct": "(단언) 주장하기",
            "morpheme": "아/IC+뷔페/NNG+는/JX+결혼식/NNG+의/JKG+꽃/NNG+이/VCP+지/EC+키/NNG+키/XSV+ETN"
          },
          {
            "id": 16,
            "text": "1 : 키키 뷔페는 꼭 비싼 곳으로 준비해야지",
            "norm_text": "키키 뷔페는 꼭 비싼 곳으로 준비해야지",
            "speaker": {
              "id": "1번",
              "sex": "여성",
              "age": "20대"
            },
            "speechAct": "(단언) 주장하기",
            "morpheme": "키/NNG+키/NNG+뷔페/NNG+는/JX+꼭/MAG+비싼/VA+ETM+곳/NNG+으로/JKB+준비/NNG+해야지/XSV+EC"
          },
          {
            "id": 17,
            "text": "2 : 아주 좋아 언니 그날 엄청 이쁘실 듯",
            "norm_text": "아주 좋아 언니 그날 엄청 이쁘실 듯",
            "speaker": {
              "id": "2번",
              "sex": "여성",
              "age": "20대"
            },
            "speechAct": "(단언) 주장하기",
            "morpheme": "아주/MAG+좋/VA+아/EC+언니/NNG+그날/NNG+엄청/MAG+이쁘/VA+실/EP+ETM+듯/NNB"
          },
          {
            "id": 18,
            "text": "2 : 내가 다 떨린다 키키",
            "norm_text": "내가 다 떨린다 키키",
            "speaker": {
              "id": "2번",
              "sex": "여성",
              "age": "20대"
            },
            "speechAct": "(단언) 주장하기",
            "morpheme": "내/NP+가/JKS+다/MAG+떨린다/VV+EF+키/NNG+키/XSV+ETN"
          },
          {
            "id": 19,
            "text": "1 : 그러니까 ㅠ 벌써 뭉클해지고 있어",
            "norm_text": "그러니까 ㅠ 벌써 뭉클해지고 있어",
            "speaker": {
              "id": "1번",
              "sex": "여성",
              "age": "20대"
            },
            "speechAct": "(단언) 주장하기",
            "morpheme": "그러니까/MAJ+ㅠ/UNKNOWN+벌써/MAG+뭉클/MAG+해/VV+EC+지/VX+고/EC+있/VX+어/EC"
          },
          {
            "id": 20,
            "text": "2 : 후 울지 말고 ㅠㅠ",
            "norm_text": "후 울지 말고 ㅠㅠ",
            "speaker": {
              "id": "2번",
              "sex": "여성",
              "age": "20대"
            },
            "speechAct": "(지시) 명령/요구하기",
            "morpheme": "후울지말고ㅠㅠ/UNKNOWN"
          },
          {
            "id": 21,
            "text": "2 : 드레스 이쁜 거 골라드려!",
            "norm_text": "드레스 이쁜 거 골라드려!",
            "speaker": {
              "id": "2번",
              "sex": "여성",
              "age": "20대"
            },
            "speechAct": "(지시) 명령/요구하기",
            "morpheme": "드레스/NNG+이쁜/VA+ETM+거/NNB+골라/VV+EC+드려/VX+EF"
          },
          {
            "id": 22,
            "text": "3 : 너 당일 되면 진짜 울겠다 ㅜ",
            "norm_text": "너 당일 되면 진짜 울겠다 ㅜ",
            "speaker": {
              "id": "3번",
              "sex": "여성",
              "age": "20대"
            },
            "speechAct": "(단언) 주장하기",
            "morpheme": "너/NP+당일/NNG+되/XSV+면/EC+진짜/MAG+울/VV+겠/EP+다ㅜ/UNKNOWN"
          }
        ]
      }
    }
  ]
}