{
  "dataset": {
    "identifier": 113525,
    "name": "NATEON_35_08_set",
    "src_path": "/data/file/cubeManager/PROJECT001/80/txt20211103154238027831/NATEON_35_08_set/",
    "label_path": "/data/file/cubeManager/PROJECT001/80/txt20211103154238027831/NATEON_35_08_set/",
    "category": 2,
    "type": 0
  },
  "licenses": {
    "name": "Apache License 1.0",
    "url": "http://www.apache.org/licenses/LICENSE-1.0"
  },
  "info": [
    {
      "id": 135483,
      "filename": "NATEON_35_08.txt",
      "title": "NATEON_35_08",
      "mediatype": "메신저",
      "medianame": "네이트온",
      "category": "일상대화",
      "date": "2021-11-03",
      "size": 354,
      "annotations": {
        "subject": "연애/결혼",
        "speaker_type": "다자간 대화",
        "size": 354,
        "word_size": 124,
        "text": "1 : 결혼하는데 보통 예물도 하나?\n2 : 요즘은 생략 하는 사람들도 많다고 하더라!\n3 : 요즘엔 각자 원하는 거 선물\n1 : 나는 그럼 시계 받을까?\n2 : 왜 너 시계 갖고 싶어?\n3 : 헐 너 결혼 하는거야?\n1 : 응 나 이번에 결혼해\n2 : 몇월에 결혼 하기로 했어?\n3 : 헐! 진짜 대박이다 너!\n1 : 하하 이번년 12월에 하기로 했어\n2 : 뭐야 얼마 안 남았네 ㅠㅠ 빨리 준비 해야겠다\n3 : 너무 급하게 하는 거 아니야?\n1 : 약간 미루려고 했는데 식장이 없어\n2 : 이것저것 알아 볼 것도 많을텐데 ㅠㅠ\n3 : 너무 급하게 하지는 마\n1 : 응 다시 상의 해볼께\n2 : 좀 더 미뤄서 느긋하게 가 ㅠㅠ\n3 : 그래 신중해서 나쁠 건 없어",
        "lines": [
          {
            "id": 1,
            "text": "1 : 결혼하는데 보통 예물도 하나?",
            "norm_text": "결혼하는데 보통 예물도 하나?",
            "speaker": {
              "id": "1번",
              "sex": "여성",
              "age": "20대"
            },
            "speechAct": "(지시) 질문하기",
            "morpheme": "결혼/NNG+하/XSV+는/ETM+데/NNB+보통/NNG+예물/NNG+도/JX+하/VV+나/EF"
          },
          {
            "id": 2,
            "text": "2 : 요즘은 생략 하는 사람들도 많다고 하더라!",
            "norm_text": "요즘은 생략 하는 사람들도 많다고 하더라!",
            "speaker": {
              "id": "2번",
              "sex": "여성",
              "age": "20대"
            },
            "speechAct": "(단언) 진술하기",
            "morpheme": "요즘/NNG+은/JX+생략/NNG+하/XSV+는/ETM+사람/NNG+들/XSN+도/JX+많/VA+다고/EC+하/VX+더라/EF"
          },
          {
            "id": 3,
            "text": "3 : 요즘엔 각자 원하는 거 선물",
            "norm_text": "요즘엔 각자 원하는 거 선물",
            "speaker": {
              "id": "3번",
              "sex": "남성",
              "age": "20대"
            },
            "speechAct": "(단언) 주장하기",
            "morpheme": "요즘/NNG+엔/JKB+JX+각/MM+자원/NNG+하/XSV+는/ETM+거/NNB+선물/NNG"
          },
          {
            "id": 4,
            "text": "1 : 나는 그럼 시계 받을까?",
            "norm_text": "나는 그럼 시계 받을까?",
            "speaker": {
              "id": "1번",
              "sex": "여성",
              "age": "20대"
            },
            "speechAct": "(지시) 질문하기",
            "morpheme": "나/NP+는/JX+그럼/MAJ+시계/NNG+받/VV+을까/EF"
          },
          {
            "id": 5,
            "text": "2 : 왜 너 시계 갖고 싶어?",
            "norm_text": "왜 너 시계 갖고 싶어?",
            "speaker": {
              "id": "2번",
              "sex": "여성",
              "age": "20대"
            },
            "speechAct": "(지시) 질문하기",
            "morpheme": "왜/MAG+너/NP+시계/NNG+갖/VV+고/EC+싶/VX+어/EF"
          },
          {
            "id": 6,
            "text": "3 : 헐 너 결혼 하는거야?",
            "norm_text": "헐 너 결혼 하는거야?",
            "speaker": {
              "id": "3번",
              "sex": "남성",
              "age": "20대"
            },
            "speechAct": "(지시) 질문하기",
            "morpheme": "헐/IC+너/NP+결혼/NNG+하/XSV+는/ETM+거/NNB+야/VCP+EF"
          },
          {
            "id": 7,
            "text": "1 : 응 나 이번에 결혼해",
            "norm_text": "응 나 이번에 결혼해",
            "speaker": {
              "id": "1번",
              "sex": "여성",
              "age": "20대"
            },
            "speechAct": "(단언) 진술하기",
            "morpheme": "응/IC+나/NP+이번/NNG+에/JKB+결혼/NNG+해/XSV+EC"
          },
          {
            "id": 8,
            "text": "2 : 몇월에 결혼 하기로 했어?",
            "norm_text": "몇월에 결혼 하기로 했어?",
            "speaker": {
              "id": "2번",
              "sex": "여성",
              "age": "20대"
            },
            "speechAct": "(지시) 질문하기",
            "morpheme": "몇/MM+월/NNBC+에/JKB+결혼/NNG+하/XSV+기/ETN+로/JKB+했/VV+EP+어/EF"
          },
          {
            "id": 9,
            "text": "3 : 헐! 진짜 대박이다 너!",
            "norm_text": "헐! 진짜 대박이다 너!",
            "speaker": {
              "id": "3번",
              "sex": "남성",
              "age": "20대"
            },
            "speechAct": "(단언) 주장하기",
            "morpheme": "헐/IC+진짜/MAG+대박/NNG+이/VCP+다/EF+너/NP"
          },
          {
            "id": 10,
            "text": "1 : 하하 이번년 12월에 하기로 했어",
            "norm_text": "하하 이번년 12월에 하기로 했어",
            "speaker": {
              "id": "1번",
              "sex": "여성",
              "age": "20대"
            },
            "speechAct": "(단언) 진술하기",
            "morpheme": "하하/MAG+이번/NNG+년/NNB+12/SN+월/NNBC+에/JKB+하/VV+기/ETN+로/JKB+했/VV+EP+어/EC"
          },
          {
            "id": 11,
            "text": "2 : 뭐야 얼마 안 남았네 ㅠㅠ 빨리 준비 해야겠다",
            "norm_text": "뭐야 얼마 안 남았네 ㅠㅠ 빨리 준비 해야겠다",
            "speaker": {
              "id": "2번",
              "sex": "여성",
              "age": "20대"
            },
            "speechAct": "(단언) 주장하기",
            "morpheme": "뭐/NP+야/VCP+EF+얼마/NNG+안/MAG+남/VV+았/EP+네/EF+ㅠㅠ/UNKNOWN+빨리/MAG+준비/NNG+해야/XSV+EC+VX+겠/EP+다/EC"
          },
          {
            "id": 12,
            "text": "3 : 너무 급하게 하는 거 아니야?",
            "norm_text": "너무 급하게 하는 거 아니야?",
            "speaker": {
              "id": "3번",
              "sex": "남성",
              "age": "20대"
            },
            "speechAct": "(지시) 질문하기",
            "morpheme": "너무/MAG+급하/VA+게/EC+하/VV+는/ETM+거/NNB+아니/VCN+야/EF"
          },
          {
            "id": 13,
            "text": "1 : 약간 미루려고 했는데 식장이 없어",
            "norm_text": "약간 미루려고 했는데 식장이 없어",
            "speaker": {
              "id": "1번",
              "sex": "여성",
              "age": "20대"
            },
            "speechAct": "(단언) 주장하기",
            "morpheme": "약간/MAG+미루/VV+려고/EC+했/VX+EP+는데/EC+식장/NNG+이/JKS+없/VA+어/EC"
          },
          {
            "id": 14,
            "text": "2 : 이것저것 알아 볼 것도 많을텐데 ㅠㅠ",
            "norm_text": "이것저것 알아 볼 것도 많을텐데 ㅠㅠ",
            "speaker": {
              "id": "2번",
              "sex": "여성",
              "age": "20대"
            },
            "speechAct": "(단언) 주장하기",
            "morpheme": "이것저것/NNG+알아볼/VV+ETM+것/NNB+도/JX+많/VA+을/ETM+텐데/NNB+VCP+EC+ㅠㅠ/UNKNOWN"
          },
          {
            "id": 15,
            "text": "3 : 너무 급하게 하지는 마",
            "norm_text": "너무 급하게 하지는 마",
            "speaker": {
              "id": "3번",
              "sex": "남성",
              "age": "20대"
            },
            "speechAct": "(단언) 주장하기",
            "morpheme": "너무/MAG+급하/VA+게/EC+하/VV+지/EC+는/JX+마/VX+EC"
          },
          {
            "id": 16,
            "text": "1 : 응 다시 상의 해볼께",
            "norm_text": "응 다시 상의 해볼께",
            "speaker": {
              "id": "1번",
              "sex": "여성",
              "age": "20대"
            },
            "speechAct": "(단언) 주장하기",
            "morpheme": "응/IC+다시/MAG+상의/NNG+해/XSV+EC+볼께/VX+EF"
          },
          {
            "id": 17,
            "text": "2 : 좀 더 미뤄서 느긋하게 가 ㅠㅠ",
            "norm_text": "좀 더 미뤄서 느긋하게 가 ㅠㅠ",
            "speaker": {
              "id": "2번",
              "sex": "여성",
              "age": "20대"
            },
            "speechAct": "(단언) 주장하기",
            "morpheme": "좀/MAG+더/MAG+미뤄서/VV+EC+느긋/XR+하/XSA+게/EC+가/VX+ㅠㅠ/UNKNOWN"
          },
          {
            "id": 18,
            "text": "3 : 그래 신중해서 나쁠 건 없어",
            "norm_text": "그래 신중해서 나쁠 건 없어",
            "speaker": {
              "id": "3번",
              "sex": "남성",
              "age": "20대"
            },
            "speechAct": "(단언) 주장하기",
            "morpheme": "그래/IC+신중/NNG+해서/XSV+EC+나쁠/VA+ETM+건/NNB+JX+없/VA+어/EC"
          }
        ]
      }
    }
  ]
}