{
  "dataset": {
    "identifier": 516,
    "name": "NATEON_23_08_set",
    "src_path": "/data/file/cubeManager/PROJECT001/7/txt20210826182121060365/NATEON_23_08_set/",
    "label_path": "/data/file/cubeManager/PROJECT001/7/txt20210826182121060365/NATEON_23_08_set/",
    "category": 2,
    "type": 0
  },
  "licenses": {
    "name": "Apache License 1.0",
    "url": "http://www.apache.org/licenses/LICENSE-1.0"
  },
  "info": [
    {
      "id": 807,
      "filename": "NATEON_23_08.txt",
      "title": "NATEON_23_08",
      "mediatype": "메신저",
      "medianame": "네이트온",
      "category": "일상대화",
      "date": "2021-08-26",
      "size": 843,
      "annotations": {
        "subject": "연애/결혼",
        "speaker_type": "1:1",
        "size": 843,
        "word_size": 259,
        "text": "1 : 아이는 낳고  싶으신 계획이 있어요?\n2 : 저는 아기 낳고 싶어요!  쌤은요?\n1 : 저는 아직은 제가 잘 키울 자신이 없어서 생각은 없는 것 같아요!\n1 : 낳으시면 몇 명 낳고 싶으세요?\n2 : 악 저도 자신은 없지만 뭐 자신 있는 상태에서 부모가 되는 경우는 없다고 생각해요!\n2 : 닥치면 뭐 어떻게든 키우겠... 2명이요!\n1 : 맞아요!\n1 : 잘할 수 있을 거예요!\n1 : 최근에 결혼식 다녀오신 적 있으세요?\n2 : 결혼식이 2번 있었는데 둘다 코로나때문에 못갔어요 ㅠㅠ\n2 : 그냥 축의금만 보냈어요 ㅠㅠ\n1 : 맞아요\n1 : 요즘 코로나 때문에 결혼식 구경도 힘들긴하죠 ㅠ\n1 : 코로나 전에는 돌잔치 결혼식 자주 참여하셨어요?\n2 : 돌잔치는 한 번도 가본 적 없고 결혼식도 아직 많이 하는 나이대가 아닌 지라...\n2 : 많이는 안 가봤어요\n1 : 저는 돌잔치할 때 돌잡이 보는게 제일 재밌더라고요!\n1 : 쌤은 돌잡이로 뭐 잡았어요?\n2 : 저는 실 잡았어요!\n2 : 장수 하겠다는 굳은 믿음!\n2 : 쌤은요?\n1 : 오오! 저는 골프공 잡았대요!\n1 : 그래서 골프 전공 수업 에이쁠인가봐요 키키\n2 : 우와 골프공은 처음들어봐요 키키\n2 : 귀여워라\n2 : 쌤은 만약에 결혼하면 신혼여행 어디로 가고 싶어요?\n1 : 저는 호주 가보고 싶어요!\n1 : 이모가 다녀오셨는데 좋다고 하셔서 쌤은 어디로 가고 싶어요?\n2 : 저는 하와이나 몰디브?\n2 : 둘 중에 하나는 가고 싶어요 ㅠㅠ\n2 : 다들 너무 좋았다고 하는데...\n2 : 갈 수 있을련지 ㅠㅠ\n1 : 신혼여행은 신혼이 일단 되어야 하니까 결혼을 먼저 해야겠다요!\n1 : 결혼은 언제쯤 하고 싶으세요?\n2 ; 옛날에는 일찍 하고 싶었는데 지금은 모르겠네요 허허 현실의 벽 하하",
        "lines": [
          {
            "id": 1,
            "text": "1 : 아이는 낳고  싶으신 계획이 있어요?",
            "norm_text": "아이는 낳고  싶으신 계획이 있어요?",
            "speaker": {
              "id": "1번",
              "sex": "여성",
              "age": "20대"
            },
            "speechAct": "(지시) 질문하기",
            "morpheme": "아이/NNG+는/JX+낳/VV+고/EC+싶/VX+으신/EP+ETM+계획/NNG+이/JKS+있/VA+어요/EF"
          },
          {
            "id": 2,
            "text": "2 : 저는 아기 낳고 싶어요!  쌤은요?",
            "norm_text": "저는 아기 낳고 싶어요!  쌤은요?",
            "speaker": {
              "id": "2번",
              "sex": "여성",
              "age": "20대"
            },
            "speechAct": "(지시) 질문하기",
            "morpheme": "저/NP+는/JX+아기/NNG+낳/VV+고/EC+싶/VX+어요/EF+쌤/NNG+은/JX+요/JX"
          },
          {
            "id": 3,
            "text": "1 : 저는 아직은 제가 잘 키울 자신이 없어서 생각은 없는 것 같아요!",
            "norm_text": "저는 아직은 제가 잘 키울 자신이 없어서 생각은 없는 것 같아요!",
            "speaker": {
              "id": "1번",
              "sex": "여성",
              "age": "20대"
            },
            "speechAct": "(단언) 주장하기",
            "morpheme": "저/NP+는/JX+아직/MAG+은/JX+제/NP+가/JKS+잘/MAG+키울/VV+ETM+자신/NNG+이/JKS+없/VA+어서/EC+생각/NNG+은/JX+없/VA+는/ETM+것/NNB+같/VA+아요/EF"
          },
          {
            "id": 4,
            "text": "1 : 낳으시면 몇 명 낳고 싶으세요?",
            "norm_text": "낳으시면 몇 명 낳고 싶으세요?",
            "speaker": {
              "id": "1번",
              "sex": "여성",
              "age": "20대"
            },
            "speechAct": "(지시) 질문하기",
            "morpheme": "낳/VV+으시/EP+면/EC+몇/MM+명/NNBC+낳/VV+고/EC+싶/VX+으세요/EF"
          },
          {
            "id": 5,
            "text": "2 : 악 저도 자신은 없지만 뭐 자신 있는 상태에서 부모가 되는 경우는 없다고 생각해요!",
            "norm_text": "악 저도 자신은 없지만 뭐 자신 있는 상태에서 부모가 되는 경우는 없다고 생각해요!",
            "speaker": {
              "id": "2번",
              "sex": "여성",
              "age": "20대"
            },
            "speechAct": "(단언) 주장하기",
            "morpheme": "악/IC+저/NP+도/JX+자신/NNG+은/JX+없/VA+지만/EC+뭐/IC+자신/NNG+있/VA+는/ETM+상태/NNG+에서/JKB+부모/NNG+가/JKS+되/VV+는/ETM+경우/NNG+는/JX+없/VA+다고/EC+생각/NNG+해요/XSV+EF"
          },
          {
            "id": 6,
            "text": "2 : 닥치면 뭐 어떻게든 키우겠... 2명이요!",
            "norm_text": "닥치면 뭐 어떻게든 키우겠... 2명이요!",
            "speaker": {
              "id": "2번",
              "sex": "여성",
              "age": "20대"
            },
            "speechAct": "(단언) 주장하기",
            "morpheme": "닥치/VV+면/EC+뭐/IC+어떻게/MAG+든/JX+키우/VV+겠/EP+./SY+./SY+2/SN+명/NNBC+이요/JX"
          },
          {
            "id": 7,
            "text": "1 : 맞아요!",
            "norm_text": "맞아요!",
            "speaker": {
              "id": "1번",
              "sex": "여성",
              "age": "20대"
            },
            "speechAct": "(단언) 주장하기",
            "morpheme": "맞/VV+아요/EF"
          },
          {
            "id": 8,
            "text": "1 : 잘할 수 있을 거예요!",
            "norm_text": "잘할 수 있을 거예요!",
            "speaker": {
              "id": "1번",
              "sex": "여성",
              "age": "20대"
            },
            "speechAct": "(단언) 주장하기",
            "morpheme": "잘/MAG+할/VV+ETM+수/NNB+있/VV+을/ETM+거/NNB+예요/VCP+EF"
          },
          {
            "id": 9,
            "text": "1 : 최근에 결혼식 다녀오신 적 있으세요?",
            "norm_text": "최근에 결혼식 다녀오신 적 있으세요?",
            "speaker": {
              "id": "1번",
              "sex": "여성",
              "age": "20대"
            },
            "speechAct": "(지시) 질문하기",
            "morpheme": "최근/NNG+에/JKB+결혼식/NNG+다녀오/VV+신/EP+ETM+적/NNB+있/VA+으세요/EF"
          },
          {
            "id": 10,
            "text": "2 : 결혼식이 2번 있었는데 둘다 코로나때문에 못갔어요 ㅠㅠ",
            "norm_text": "결혼식이 2번 있었는데 둘다 코로나때문에 못갔어요 ㅠㅠ",
            "speaker": {
              "id": "2번",
              "sex": "여성",
              "age": "20대"
            },
            "speechAct": "(단언) 진술하기",
            "morpheme": "결혼식/NNG+이/JKS+2/SN+번/NNBC+있/VV+었/EP+는데/EC+둘/VX+ETM+다/MAG+코로나/NNG+때문/NNB+에/JKB+못/MAG+갔/VV+EP+어요/EF+ㅠㅠ/UNKNOWN"
          },
          {
            "id": 11,
            "text": "2 : 그냥 축의금만 보냈어요 ㅠㅠ",
            "norm_text": "그냥 축의금만 보냈어요 ㅠㅠ",
            "speaker": {
              "id": "2번",
              "sex": "여성",
              "age": "20대"
            },
            "speechAct": "(단언) 진술하기",
            "morpheme": "그냥/MAG+축의금/NNG+만/JX+보냈/VV+EP+어요/EF+ㅠㅠ/UNKNOWN"
          },
          {
            "id": 12,
            "text": "1 : 맞아요",
            "norm_text": "맞아요",
            "speaker": {
              "id": "1번",
              "sex": "여성",
              "age": "20대"
            },
            "speechAct": "(단언) 주장하기",
            "morpheme": "맞/VV+아요/EC"
          },
          {
            "id": 13,
            "text": "1 : 요즘 코로나 때문에 결혼식 구경도 힘들긴하죠 ㅠ",
            "norm_text": "요즘 코로나 때문에 결혼식 구경도 힘들긴하죠 ㅠ",
            "speaker": {
              "id": "1번",
              "sex": "여성",
              "age": "20대"
            },
            "speechAct": "(단언) 주장하기",
            "morpheme": "요즘/NNG+코로나/NNG+때문/NNB+에/JKB+결혼식/NNG+구경/NNG+도/JX+힘들/VA+긴/ETN+JX+하/VX+죠/EF+ㅠ/UNKNOWN"
          },
          {
            "id": 14,
            "text": "1 : 코로나 전에는 돌잔치 결혼식 자주 참여하셨어요?",
            "norm_text": "코로나 전에는 돌잔치 결혼식 자주 참여하셨어요?",
            "speaker": {
              "id": "1번",
              "sex": "여성",
              "age": "20대"
            },
            "speechAct": "(지시) 질문하기",
            "morpheme": "코/NNG+로/JKB+나전/NNG+에/JKB+는/JX+돌잔치/NNG+결혼식/NNG+자주/MAG+참여/NNG+하/XSV+셨/EP+EP+어요/EF"
          },
          {
            "id": 15,
            "text": "2 : 돌잔치는 한 번도 가본 적 없고 결혼식도 아직 많이 하는 나이대가 아닌 지라...",
            "norm_text": "돌잔치는 한 번도 가본 적 없고 결혼식도 아직 많이 하는 나이대가 아닌 지라...",
            "speaker": {
              "id": "2번",
              "sex": "여성",
              "age": "20대"
            },
            "speechAct": "(단언) 진술하기",
            "morpheme": "돌잔치/NNG+는/JX+한/MM+번/NNBC+도/JX+가본/NNG+적/XSN+없/VA+고/EC+결혼식/NNG+도/JX+아직/MAG+많이/MAG+하/VV+는/ETM+나이/NNG+대/XSN+가/JKC+아닌지라/VCN+EF+./SY"
          },
          {
            "id": 16,
            "text": "2 : 많이는 안 가봤어요",
            "norm_text": "많이는 안 가봤어요",
            "speaker": {
              "id": "2번",
              "sex": "여성",
              "age": "20대"
            },
            "speechAct": "(단언) 진술하기",
            "morpheme": "많이/MAG+는/JX+안/MAG+가/VV+EC+봤/VX+EP+어요/EF"
          },
          {
            "id": 17,
            "text": "1 : 저는 돌잔치할 때 돌잡이 보는게 제일 재밌더라고요!",
            "norm_text": "저는 돌잔치할 때 돌잡이 보는게 제일 재밌더라고요!",
            "speaker": {
              "id": "1번",
              "sex": "여성",
              "age": "20대"
            },
            "speechAct": "(단언) 진술하기",
            "morpheme": "저/NP+는/JX+돌잔치/NNG+할/XSV+ETM+때/NNG+돌잡이/NNG+보/VV+는/ETM+게/NNB+JKS+제일/MAG+재밌/VA+더라고요/EF"
          },
          {
            "id": 18,
            "text": "1 : 쌤은 돌잡이로 뭐 잡았어요?",
            "norm_text": "쌤은 돌잡이로 뭐 잡았어요?",
            "speaker": {
              "id": "1번",
              "sex": "여성",
              "age": "20대"
            },
            "speechAct": "(지시) 질문하기",
            "morpheme": "쌤/NNG+은/JX+돌잡이/NNG+로/JKB+뭐/IC+잡/VV+았/EP+어요/EF"
          },
          {
            "id": 19,
            "text": "2 : 저는 실 잡았어요!",
            "norm_text": "저는 실 잡았어요!",
            "speaker": {
              "id": "2번",
              "sex": "여성",
              "age": "20대"
            },
            "speechAct": "(단언) 진술하기",
            "morpheme": "저/NP+는/JX+실/NNG+잡/VV+았/EP+어요/EF"
          },
          {
            "id": 20,
            "text": "2 : 장수 하겠다는 굳은 믿음!",
            "norm_text": "장수 하겠다는 굳은 믿음!",
            "speaker": {
              "id": "2번",
              "sex": "여성",
              "age": "20대"
            },
            "speechAct": "(단언) 주장하기",
            "morpheme": "장수/NNG+하/XSV+겠/EP+다는/ETM+굳/VA+은/ETM+믿음/NNG"
          },
          {
            "id": 21,
            "text": "2 : 쌤은요?",
            "norm_text": "쌤은요?",
            "speaker": {
              "id": "2번",
              "sex": "여성",
              "age": "20대"
            },
            "speechAct": "(지시) 질문하기",
            "morpheme": "쌤/NNG+은/JX+요/JX"
          },
          {
            "id": 22,
            "text": "1 : 오오! 저는 골프공 잡았대요!",
            "norm_text": "오오! 저는 골프공 잡았대요!",
            "speaker": {
              "id": "1번",
              "sex": "여성",
              "age": "20대"
            },
            "speechAct": "(단언) 진술하기",
            "morpheme": "오오/IC+저/NP+는/JX+골프공/NNG+잡/VV+았/EP+대요/EF"
          },
          {
            "id": 23,
            "text": "1 : 그래서 골프 전공 수업 에이쁠인가봐요 키키",
            "norm_text": "그래서 골프 전공 수업 에이쁠인가봐요 키키",
            "speaker": {
              "id": "1번",
              "sex": "여성",
              "age": "20대"
            },
            "speechAct": "(단언) 주장하기",
            "morpheme": "그래서/MAJ+골프/NNG+전공/NNG+수업/NNG+에/JKB+이쁠/VA+ETM+인가/VCP+EC+봐요/VX+EF+키/NNG+키/XSV+ETN"
          },
          {
            "id": 24,
            "text": "2 : 우와 골프공은 처음들어봐요 키키",
            "norm_text": "우와 골프공은 처음들어봐요 키키",
            "speaker": {
              "id": "2번",
              "sex": "여성",
              "age": "20대"
            },
            "speechAct": "(단언) 주장하기",
            "morpheme": "우와/IC+골프공/NNG+은/JX+처음/MAG+들/VV+어/EC+봐요/VX+EF+키/NNG+키/XSV+ETN"
          },
          {
            "id": 25,
            "text": "2 : 귀여워라",
            "norm_text": "귀여워라",
            "speaker": {
              "id": "2번",
              "sex": "여성",
              "age": "20대"
            },
            "speechAct": "(표현) 긍정감정 표현하기",
            "morpheme": "귀여/NNP+워라/NNG"
          },
          {
            "id": 26,
            "text": "2 : 쌤은 만약에 결혼하면 신혼여행 어디로 가고 싶어요?",
            "norm_text": "쌤은 만약에 결혼하면 신혼여행 어디로 가고 싶어요?",
            "speaker": {
              "id": "2번",
              "sex": "여성",
              "age": "20대"
            },
            "speechAct": "(지시) 질문하기",
            "morpheme": "쌤/NNG+은/JX+만약/NNG+에/JKB+결혼/NNG+하/XSV+면/EC+신혼/NNG+여행/NNG+어디/NP+로/JKB+가/VV+고/EC+싶/VX+어요/EF"
          },
          {
            "id": 27,
            "text": "1 : 저는 호주 가보고 싶어요!",
            "norm_text": "저는 호주 가보고 싶어요!",
            "speaker": {
              "id": "1번",
              "sex": "여성",
              "age": "20대"
            },
            "speechAct": "(단언) 주장하기",
            "morpheme": "저/NP+는/JX+호주/NNP+가/JKS+보/VV+고/EC+싶/VX+어요/EF"
          },
          {
            "id": 28,
            "text": "1 : 이모가 다녀오셨는데 좋다고 하셔서 쌤은 어디로 가고 싶어요?",
            "norm_text": "이모가 다녀오셨는데 좋다고 하셔서 쌤은 어디로 가고 싶어요?",
            "speaker": {
              "id": "1번",
              "sex": "여성",
              "age": "20대"
            },
            "speechAct": "(지시) 질문하기",
            "morpheme": "이모/NNG+가/JKS+다녀오/VV+셨/EP+EP+는데/EC+좋/VA+다고/EC+하/VX+셔서/EP+EC+쌤/NNG+은/JX+어디/NP+로/JKB+가/VV+고/EC+싶/VX+어요/EF"
          },
          {
            "id": 29,
            "text": "2 : 저는 하와이나 몰디브?",
            "norm_text": "저는 하와이나 몰디브?",
            "speaker": {
              "id": "2번",
              "sex": "여성",
              "age": "20대"
            },
            "speechAct": "(지시) 질문하기",
            "morpheme": "저/NP+는/JX+하와이/NNP+나/JC+몰디브/NNP"
          },
          {
            "id": 30,
            "text": "2 : 둘 중에 하나는 가고 싶어요 ㅠㅠ",
            "norm_text": "둘 중에 하나는 가고 싶어요 ㅠㅠ",
            "speaker": {
              "id": "2번",
              "sex": "여성",
              "age": "20대"
            },
            "speechAct": "(단언) 주장하기",
            "morpheme": "둘/NR+중/NNB+에/JKB+하나/NR+는/JX+가/VV+고/EC+싶/VX+어요/EF+ㅠㅠ/UNKNOWN"
          },
          {
            "id": 31,
            "text": "2 : 다들 너무 좋았다고 하는데...",
            "norm_text": "다들 너무 좋았다고 하는데...",
            "speaker": {
              "id": "2번",
              "sex": "여성",
              "age": "20대"
            },
            "speechAct": "(단언) 주장하기",
            "morpheme": "다/MAG+들/XSN+너무/MAG+좋/VA+았/EP+다고/EC+하/VV+는데/EC+./SY+./SY"
          },
          {
            "id": 32,
            "text": "2 : 갈 수 있을련지 ㅠㅠ",
            "norm_text": "갈 수 있을련지 ㅠㅠ",
            "speaker": {
              "id": "2번",
              "sex": "여성",
              "age": "20대"
            },
            "speechAct": "(단언) 주장하기",
            "morpheme": "갈수있을련지ㅠㅠ/UNKNOWN"
          },
          {
            "id": 33,
            "text": "1 : 신혼여행은 신혼이 일단 되어야 하니까 결혼을 먼저 해야겠다요!",
            "norm_text": "신혼여행은 신혼이 일단 되어야 하니까 결혼을 먼저 해야겠다요!",
            "speaker": {
              "id": "1번",
              "sex": "여성",
              "age": "20대"
            },
            "speechAct": "(단언) 주장하기",
            "morpheme": "신혼/NNG+여행/NNG+은/JX+신혼/NNG+이/JKS+일단/MAG+되/VV+어야/EC+하/VV+니까/EC+결혼/NNG+을/JKO+먼저/MAG+해야/VV+EC+VX+겠/EP+다요/EF"
          },
          {
            "id": 34,
            "text": "1 : 결혼은 언제쯤 하고 싶으세요?",
            "norm_text": "결혼은 언제쯤 하고 싶으세요?",
            "speaker": {
              "id": "1번",
              "sex": "여성",
              "age": "20대"
            },
            "speechAct": "(지시) 질문하기",
            "morpheme": "결혼/NNG+은/JX+언제/NP+쯤/XSN+하/VV+고/EC+싶/VX+으세요/EF"
          },
          {
            "id": 35,
            "text": "2 ; 옛날에는 일찍 하고 싶었는데 지금은 모르겠네요 허허 현실의 벽 하하",
            "norm_text": "옛날에는 일찍 하고 싶었는데 지금은 모르겠네요 허허 현실의 벽 하하",
            "speaker": {
              "id": "2번",
              "sex": "여성",
              "age": "20대"
            },
            "speechAct": "(단언) 주장하기",
            "morpheme": "옛날/NNG+에/JKB+는/JX+일찍/MAG+하/VV+고/EC+싶/VX+었/EP+는데/EC+지금/MAG+은/JX+모르/VV+겠/EP+네요/EF+허허/IC+현실/NNG+의/JKG+벽/NNG+하/XSV+하/XSA"
          }
        ]
      }
    }
  ]
}