{
  "dataset": {
    "identifier": 116801,
    "name": "NATEON_31_18_set",
    "src_path": "/data/file/cubeManager/PROJECT001/80/txt20211102113529078699/NATEON_31_18_set/",
    "label_path": "/data/file/cubeManager/PROJECT001/80/txt20211102113529078699/NATEON_31_18_set/",
    "category": 2,
    "type": 0
  },
  "licenses": {
    "name": "Apache License 1.0",
    "url": "http://www.apache.org/licenses/LICENSE-1.0"
  },
  "info": [
    {
      "id": 130001,
      "filename": "NATEON_31_18.txt",
      "title": "NATEON_31_18",
      "mediatype": "메신저",
      "medianame": "네이트온",
      "category": "일상대화",
      "date": "2021-11-02",
      "size": 441,
      "annotations": {
        "subject": "상거래 전반",
        "speaker_type": "다자간 대화",
        "size": 441,
        "word_size": 154,
        "text": "1 : 너 이번에 앱에서 할인 쿠폰 받았어?\n2 : 응? 어떤 앱에서 할인 쿠폰 나눠 주는데?\n3 : 무신사에서 나눠 주는 퍼센트 쿠폰?\n1 : 응 그거!\n1 : 안 받으면 바보라던데!\n2 : 아 무신서 쿠폰 줘?\n2 : 나 이미 샀는데...\n3 : 헐... 너 그거 환불하고 다시 사!\n1 : 헐 아니 진짜 아깝다 그건!\n2 : 그거 어디서 받을 수 있는 건데? ㅠㅠ\n3 : 이벤트 페이지에서 받을 수 있어!\n1 : 한정 수량이라 빨리 받아야 해\n2 : 이벤트?\n2 : 그냥 들어가면 쿠폰 다운 받으면 되는 거야?\n3 : 응 하하 지금 바로 들어가 봐\n1 : 아마도 지금 수량 남아 있을 거야!\n2 : 웅 한번 들어가서 볼게 ㅠㅠ\n2 : 아까워 ㅠㅠ\n3 : 히히 아니야\n3 : 다시 다운 받고 사면 되지~\n1 : 맞아 아직 늦지 않았어~\n2 : 웅 쿠폰 받고 취소하고 재주문 해야겠다 키키\n3 : 키키 그게 역시 현명한 선택!",
        "lines": [
          {
            "id": 1,
            "text": "1 : 너 이번에 앱에서 할인 쿠폰 받았어?",
            "norm_text": "너 이번에 앱에서 할인 쿠폰 받았어?",
            "speaker": {
              "id": "1번",
              "sex": "여성",
              "age": "20대"
            },
            "speechAct": "(지시) 질문하기",
            "morpheme": "너/NP+이번/NNG+에/JKB+앱/NNG+에서/JKB+할인/NNG+쿠폰/NNG+받/VV+았/EP+어/EF"
          },
          {
            "id": 2,
            "text": "2 : 응? 어떤 앱에서 할인 쿠폰 나눠 주는데?",
            "norm_text": "응? 어떤 앱에서 할인 쿠폰 나눠 주는데?",
            "speaker": {
              "id": "2번",
              "sex": "여성",
              "age": "20대"
            },
            "speechAct": "(지시) 질문하기",
            "morpheme": "응/IC+어떤/MM+앱/NNG+에서/JKB+할인/NNG+쿠폰/NNG+나눠/VV+EC+주/VX+는데/EC"
          },
          {
            "id": 3,
            "text": "3 : 무신사에서 나눠 주는 퍼센트 쿠폰?",
            "norm_text": "무신사에서 나눠 주는 퍼센트 쿠폰?",
            "speaker": {
              "id": "3번",
              "sex": "남성",
              "age": "10대"
            },
            "speechAct": "(지시) 질문하기",
            "morpheme": "무/XPN+신사/NNG+에서/JKB+나눠/VV+EC+주/VX+는/ETM+퍼센트/NNG+쿠폰/NNG"
          },
          {
            "id": 4,
            "text": "1 : 응 그거!",
            "norm_text": "응 그거!",
            "speaker": {
              "id": "1번",
              "sex": "여성",
              "age": "20대"
            },
            "speechAct": "(단언) 주장하기",
            "morpheme": "응/IC+그거/NP"
          },
          {
            "id": 5,
            "text": "1 : 안 받으면 바보라던데!",
            "norm_text": "안 받으면 바보라던데!",
            "speaker": {
              "id": "1번",
              "sex": "여성",
              "age": "20대"
            },
            "speechAct": "(단언) 진술하기",
            "morpheme": "안/MAG+받/VV+으면/EC+바보/NNG+라던데/VCP+EF"
          },
          {
            "id": 6,
            "text": "2 : 아 무신서 쿠폰 줘?",
            "norm_text": "아 무신서 쿠폰 줘?",
            "speaker": {
              "id": "2번",
              "sex": "여성",
              "age": "20대"
            },
            "speechAct": "(지시) 질문하기",
            "morpheme": "아무/MM+신서/NNG+쿠폰/NNG+줘/VV+EF"
          },
          {
            "id": 7,
            "text": "2 : 나 이미 샀는데...",
            "norm_text": "나 이미 샀는데...",
            "speaker": {
              "id": "2번",
              "sex": "여성",
              "age": "20대"
            },
            "speechAct": "(단언) 주장하기",
            "morpheme": "나/NP+이미/MAG+샀/VV+EP+는데/EC+./SY+./SY"
          },
          {
            "id": 8,
            "text": "3 : 헐... 너 그거 환불하고 다시 사!",
            "norm_text": "헐... 너 그거 환불하고 다시 사!",
            "speaker": {
              "id": "3번",
              "sex": "남성",
              "age": "10대"
            },
            "speechAct": "(지시) 충고/제안하기",
            "morpheme": "헐/IC+./SY+너/NP+그거/NP+환불/NNG+하/XSV+고/EC+다시/MAG+사/VV+EF"
          },
          {
            "id": 9,
            "text": "1 : 헐 아니 진짜 아깝다 그건!",
            "norm_text": "헐 아니 진짜 아깝다 그건!",
            "speaker": {
              "id": "1번",
              "sex": "여성",
              "age": "20대"
            },
            "speechAct": "(단언) 주장하기",
            "morpheme": "헐/IC+아니/IC+진짜/MAG+아깝/VA+다/EF+그건/NP+JX"
          },
          {
            "id": 10,
            "text": "2 : 그거 어디서 받을 수 있는 건데? ㅠㅠ",
            "norm_text": "그거 어디서 받을 수 있는 건데? ㅠㅠ",
            "speaker": {
              "id": "2번",
              "sex": "여성",
              "age": "20대"
            },
            "speechAct": "(지시) 질문하기",
            "morpheme": "그거/NP+어디/NP+서/JKB+받/VV+을/ETM+수/NNB+있/VV+는/ETM+건데/NNB+VCP+EF+ㅠㅠ/UNKNOWN"
          },
          {
            "id": 11,
            "text": "3 : 이벤트 페이지에서 받을 수 있어!",
            "norm_text": "이벤트 페이지에서 받을 수 있어!",
            "speaker": {
              "id": "3번",
              "sex": "남성",
              "age": "10대"
            },
            "speechAct": "(단언) 진술하기",
            "morpheme": "이벤트/NNG+페이지/NNG+에서/JKB+받/VV+을/ETM+수/NNB+있/VV+어/EF"
          },
          {
            "id": 12,
            "text": "1 : 한정 수량이라 빨리 받아야 해",
            "norm_text": "한정 수량이라 빨리 받아야 해",
            "speaker": {
              "id": "1번",
              "sex": "여성",
              "age": "20대"
            },
            "speechAct": "(단언) 진술하기",
            "morpheme": "한정/NNG+수량/NNG+이/VCP+라/EC+빨리/MAG+받/VV+아야/EC+해/VV+EC"
          },
          {
            "id": 13,
            "text": "2 : 이벤트?",
            "norm_text": "이벤트?",
            "speaker": {
              "id": "2번",
              "sex": "여성",
              "age": "20대"
            },
            "speechAct": "(지시) 질문하기",
            "morpheme": "이벤트/NNG"
          },
          {
            "id": 14,
            "text": "2 : 그냥 들어가면 쿠폰 다운 받으면 되는 거야?",
            "norm_text": "그냥 들어가면 쿠폰 다운 받으면 되는 거야?",
            "speaker": {
              "id": "2번",
              "sex": "여성",
              "age": "20대"
            },
            "speechAct": "(지시) 질문하기",
            "morpheme": "그냥/MAG+들어가/VV+면/EC+쿠폰/NNG+다운/XSA+ETM+받/VV+으면/EC+되/VV+는/ETM+거/NNB+야/VCP+EF"
          },
          {
            "id": 15,
            "text": "3 : 응 하하 지금 바로 들어가 봐",
            "norm_text": "응 하하 지금 바로 들어가 봐",
            "speaker": {
              "id": "3번",
              "sex": "남성",
              "age": "10대"
            },
            "speechAct": "(지시) 충고/제안하기",
            "morpheme": "응/IC+하하/MAG+지금/MAG+바로/MAG+들어가/VV+EC+봐/VX+EC"
          },
          {
            "id": 16,
            "text": "1 : 아마도 지금 수량 남아 있을 거야!",
            "norm_text": "아마도 지금 수량 남아 있을 거야!",
            "speaker": {
              "id": "1번",
              "sex": "여성",
              "age": "20대"
            },
            "speechAct": "(단언) 주장하기",
            "morpheme": "아마도/MAG+지금/MAG+수량/NNG+남/VV+아/EC+있/VX+을/ETM+거/NNB+야/VCP+EF"
          },
          {
            "id": 17,
            "text": "2 : 웅 한번 들어가서 볼게 ㅠㅠ",
            "norm_text": "웅 한번 들어가서 볼게 ㅠㅠ",
            "speaker": {
              "id": "2번",
              "sex": "여성",
              "age": "20대"
            },
            "speechAct": "(단언) 주장하기",
            "morpheme": "웅/IC+한/MM+번/NNBC+들어가/VV+서/EC+볼/VX+ETM+게/NNB+JKS+ㅠㅠ/UNKNOWN"
          },
          {
            "id": 18,
            "text": "2 : 아까워 ㅠㅠ",
            "norm_text": "아까워 ㅠㅠ",
            "speaker": {
              "id": "2번",
              "sex": "여성",
              "age": "20대"
            },
            "speechAct": "(단언) 주장하기",
            "morpheme": "아까워ㅠㅠ/UNKNOWN"
          },
          {
            "id": 19,
            "text": "3 : 히히 아니야",
            "norm_text": "히히 아니야",
            "speaker": {
              "id": "3번",
              "sex": "남성",
              "age": "10대"
            },
            "speechAct": "(단언) 주장하기",
            "morpheme": "히히/MAG+아니/VCN+야/EC"
          },
          {
            "id": 20,
            "text": "3 : 다시 다운 받고 사면 되지~",
            "norm_text": "다시 다운 받고 사면 되지~",
            "speaker": {
              "id": "3번",
              "sex": "남성",
              "age": "10대"
            },
            "speechAct": "(단언) 주장하기",
            "morpheme": "다시/MAG+다운/NNG+받/VV+고/EC+사면/NNG+되/XSV+지/EC+~/SY"
          },
          {
            "id": 21,
            "text": "1 : 맞아 아직 늦지 않았어~",
            "norm_text": "맞아 아직 늦지 않았어~",
            "speaker": {
              "id": "1번",
              "sex": "여성",
              "age": "20대"
            },
            "speechAct": "(단언) 주장하기",
            "morpheme": "맞아/IC+아직/MAG+늦/VA+지/EC+않/VX+았/EP+어/EC+~/SY"
          },
          {
            "id": 22,
            "text": "2 : 웅 쿠폰 받고 취소하고 재주문 해야겠다 키키",
            "norm_text": "웅 쿠폰 받고 취소하고 재주문 해야겠다 키키",
            "speaker": {
              "id": "2번",
              "sex": "여성",
              "age": "20대"
            },
            "speechAct": "(단언) 주장하기",
            "morpheme": "웅/IC+쿠폰/NNG+받/VV+고/EC+취소/NNG+하/XSV+고/EC+재/XPN+주문/NNG+해야/XSV+EC+VX+겠/EP+다키키/NNP"
          },
          {
            "id": 23,
            "text": "3 : 키키 그게 역시 현명한 선택!",
            "norm_text": "키키 그게 역시 현명한 선택!",
            "speaker": {
              "id": "3번",
              "sex": "남성",
              "age": "10대"
            },
            "speechAct": "(단언) 주장하기",
            "morpheme": "키/NNG+키/XSV+ETN+그게/NP+JKS+역시/MAJ+현명/NNG+한/XSA+ETM+선택/NNG"
          }
        ]
      }
    }
  ]
}