{
  "dataset": {
    "identifier": 127950,
    "name": "NATEON_40_05_set",
    "src_path": "/data/file/cubeManager/PROJECT001/84/txt20211108181225084976/NATEON_40_05_set/",
    "label_path": "/data/file/cubeManager/PROJECT001/84/txt20211108181225084976/NATEON_40_05_set/",
    "category": 2,
    "type": 0
  },
  "licenses": {
    "name": "Apache License 1.0",
    "url": "http://www.apache.org/licenses/LICENSE-1.0"
  },
  "info": [
    {
      "id": 141909,
      "filename": "NATEON_40_05.txt",
      "title": "NATEON_40_05",
      "mediatype": "메신저",
      "medianame": "네이트온",
      "category": "일상대화",
      "date": "2021-11-08",
      "size": 408,
      "annotations": {
        "subject": "군대",
        "speaker_type": "다자간 대화",
        "size": 408,
        "word_size": 141,
        "text": "1 : 아휴, 내 동생 이번에 군대 갔어 ㅠ\n2 : 헐 동생 이제 고생 시작이네 키키\n3 : 아 진짜 좋은 일 아니야? 키키\n1 : 형들로써 조언 좀 해줘라\n2 : 아 근데 지금 군대 좋아 키키\n3 : 고생 시작해야지 키키 어쩔 수 없다\n1 : 키키 내 동생 지금 완전 우울하다\n2 : 휴대폰 쓰지 엄청 좋다고 위로해줘 키키\n3 : 아냐 어른이 돼가는 과정이야 키키\n1 : 맨날 밥 맛없다고 하고 키키\n2 : 아니야 요즘 밥도 맛있대 키키\n3 : 위로해줘 진짜\n3 : 밥도 난 꿀맛이였어 키키\n1 : 그래서 그냥 먹으라고 했어\n2 : 어어 반찬 투정 하지 말고 버티고 오라 해 키키\n3 : 진짜 간식이 더 맛있어 교회 가라 해 키키\n1 : 키키 다 불평 불만이다 걔는\n2 : 그러니까 막둥이라서 그런가보네 ㅋㅋㅋ\n3 : 교회가면 간식주잖아 여자가수들 오고 ㅋㅋㅋ",
        "lines": [
          {
            "id": 1,
            "text": "1 : 아휴, 내 동생 이번에 군대 갔어 ㅠ",
            "norm_text": "아휴, 내 동생 이번에 군대 갔어 ㅠ",
            "speaker": {
              "id": "1번",
              "sex": "여성",
              "age": "20대"
            },
            "speechAct": "(단언) 진술하기",
            "morpheme": "아휴/IC+,/SC+내동생이번에군대갔어ㅠ/UNKNOWN"
          },
          {
            "id": 2,
            "text": "2 : 헐 동생 이제 고생 시작이네 키키",
            "norm_text": "헐 동생 이제 고생 시작이네 키키",
            "speaker": {
              "id": "2번",
              "sex": "남성",
              "age": "20대"
            },
            "speechAct": "(단언) 주장하기",
            "morpheme": "헐/IC+동생/NNG+이제/MAG+고생/NNG+시작/NNG+이/JKS+네/MM+키/NNG+키/XSV+ETN"
          },
          {
            "id": 3,
            "text": "3 : 아 진짜 좋은 일 아니야? 키키",
            "norm_text": "아 진짜 좋은 일 아니야? 키키",
            "speaker": {
              "id": "3번",
              "sex": "남성",
              "age": "20대"
            },
            "speechAct": "(지시) 질문하기",
            "morpheme": "아/IC+진짜/MAG+좋/VA+은/ETM+일/NNG+아니/VCN+야/EF+키/NNG+키/XSV+ETN"
          },
          {
            "id": 4,
            "text": "1 : 형들로써 조언 좀 해줘라",
            "norm_text": "형들로써 조언 좀 해줘라",
            "speaker": {
              "id": "1번",
              "sex": "여성",
              "age": "20대"
            },
            "speechAct": "(지시) 부탁하기",
            "morpheme": "형/NNG+들/XSN+로써/JKB+조언/NNG+좀/MAG+해/VV+EC+줘라/VX+EC"
          },
          {
            "id": 5,
            "text": "2 : 아 근데 지금 군대 좋아 키키",
            "norm_text": "아 근데 지금 군대 좋아 키키",
            "speaker": {
              "id": "2번",
              "sex": "남성",
              "age": "20대"
            },
            "speechAct": "(단언) 주장하기",
            "morpheme": "아/IC+근데/MAJ+지금/MAG+군대/NNG+좋/VA+아/EC+키/NNG+키/XSV+ETN"
          },
          {
            "id": 6,
            "text": "3 : 고생 시작해야지 키키 어쩔 수 없다",
            "norm_text": "고생 시작해야지 키키 어쩔 수 없다",
            "speaker": {
              "id": "3번",
              "sex": "남성",
              "age": "20대"
            },
            "speechAct": "(단언) 주장하기",
            "morpheme": "고생/NNG+시작/NNG+해야지/XSV+EC+키/NNG+키/XSV+ETN+어쩔/VV+ETM+수/NNB+없/VA+다/EC"
          },
          {
            "id": 7,
            "text": "1 : 키키 내 동생 지금 완전 우울하다",
            "norm_text": "키키 내 동생 지금 완전 우울하다",
            "speaker": {
              "id": "1번",
              "sex": "여성",
              "age": "20대"
            },
            "speechAct": "(단언) 진술하기",
            "morpheme": "키/NNG+키/XSV+ETN+내/NP+JKG+동생/NNG+지금/MAG+완전/MAG+우울/NNG+하/XSV+다/EC"
          },
          {
            "id": 8,
            "text": "2 : 휴대폰 쓰지 엄청 좋다고 위로해줘 키키",
            "norm_text": "휴대폰 쓰지 엄청 좋다고 위로해줘 키키",
            "speaker": {
              "id": "2번",
              "sex": "남성",
              "age": "20대"
            },
            "speechAct": "(지시) 충고/제안하기",
            "morpheme": "휴대폰/NNG+쓰/VV+지/EC+엄청/MAG+좋/VA+다고/EC+위로/NNG+해/XSV+EC+줘/VX+EC+키/NNG+키/XSV+ETN"
          },
          {
            "id": 9,
            "text": "3 : 아냐 어른이 돼가는 과정이야 키키",
            "norm_text": "아냐 어른이 돼가는 과정이야 키키",
            "speaker": {
              "id": "3번",
              "sex": "남성",
              "age": "20대"
            },
            "speechAct": "(단언) 주장하기",
            "morpheme": "아냐/IC+어른/NNG+이/JKS+돼/VV+EC+가/VX+는/ETM+과정/NNG+이/VCP+야/EC+키/NNG+키/XSV+ETN"
          },
          {
            "id": 10,
            "text": "1 : 맨날 밥 맛없다고 하고 키키",
            "norm_text": "맨날 밥 맛없다고 하고 키키",
            "speaker": {
              "id": "1번",
              "sex": "여성",
              "age": "20대"
            },
            "speechAct": "(단언) 진술하기",
            "morpheme": "맨날/MAG+밥맛/NNG+없/VA+다고/EC+하/VV+고/EC+키/NNG+키/XSV+ETN"
          },
          {
            "id": 11,
            "text": "2 : 아니야 요즘 밥도 맛있대 키키",
            "norm_text": "아니야 요즘 밥도 맛있대 키키",
            "speaker": {
              "id": "2번",
              "sex": "남성",
              "age": "20대"
            },
            "speechAct": "(단언) 진술하기",
            "morpheme": "아니야/IC+요즘/MAG+밥/NNG+도/JX+맛있/VA+대/EF+키/NNG+키/XSV+ETN"
          },
          {
            "id": 12,
            "text": "3 : 위로해줘 진짜",
            "norm_text": "위로해줘 진짜",
            "speaker": {
              "id": "3번",
              "sex": "남성",
              "age": "20대"
            },
            "speechAct": "(지시) 부탁하기",
            "morpheme": "위로/NNG+해/XSV+EC+줘/VX+EF+진짜/MAG"
          },
          {
            "id": 13,
            "text": "3 : 밥도 난 꿀맛이였어 키키",
            "norm_text": "밥도 난 꿀맛이였어 키키",
            "speaker": {
              "id": "3번",
              "sex": "남성",
              "age": "20대"
            },
            "speechAct": "(단언) 주장하기",
            "morpheme": "밥/NNG+도/JX+난/NP+JX+꿀맛/NNG+이/VCP+였/EP+어/EC+키/NNG+키/XSV+ETN"
          },
          {
            "id": 14,
            "text": "1 : 그래서 그냥 먹으라고 했어",
            "norm_text": "그래서 그냥 먹으라고 했어",
            "speaker": {
              "id": "1번",
              "sex": "여성",
              "age": "20대"
            },
            "speechAct": "(단언) 진술하기",
            "morpheme": "그래서/MAJ+그냥/MAG+먹/VV+으라고/EC+했/VX+EP+어/EC"
          },
          {
            "id": 15,
            "text": "2 : 어어 반찬 투정 하지 말고 버티고 오라 해 키키",
            "norm_text": "어어 반찬 투정 하지 말고 버티고 오라 해 키키",
            "speaker": {
              "id": "2번",
              "sex": "남성",
              "age": "20대"
            },
            "speechAct": "(지시) 명령/요구하기",
            "morpheme": "어/IC+어/IC+반찬/NNG+투정/NNG+하/XSV+지/EC+말/VX+고/EC+버티/VV+고/EC+오라/NNG+해/XSV+EC+키/NNG+키/XSV+ETN"
          },
          {
            "id": 16,
            "text": "3 : 진짜 간식이 더 맛있어 교회 가라 해 키키",
            "norm_text": "진짜 간식이 더 맛있어 교회 가라 해 키키",
            "speaker": {
              "id": "3번",
              "sex": "남성",
              "age": "20대"
            },
            "speechAct": "(단언) 주장하기",
            "morpheme": "진짜/MAG+간식/NNG+이/JKS+더/MAG+맛있/VA+어/EC+교회/NNG+가라/NNG+해/XSV+EC+키/NNG+키/XSV+ETN"
          },
          {
            "id": 17,
            "text": "1 : 키키 다 불평 불만이다 걔는",
            "norm_text": "키키 다 불평 불만이다 걔는",
            "speaker": {
              "id": "1번",
              "sex": "여성",
              "age": "20대"
            },
            "speechAct": "(단언) 진술하기",
            "morpheme": "키/NNG+키/NNG+다/MAG+불평불만/NNG+이/VCP+다/EF+걔/NP+는/JX"
          },
          {
            "id": 18,
            "text": "2 : 그러니까 막둥이라서 그런가보네 ㅋㅋㅋ",
            "norm_text": "그러니까 막둥이라서 그런가보네 ㅋㅋㅋ",
            "speaker": {
              "id": "2번",
              "sex": "남성",
              "age": "20대"
            },
            "speechAct": "(단언) 주장하기",
            "morpheme": "그러니까/MAJ+막둥이/NNG+라서/VCP+EC+그런가/VA+EC+보/VX+네/EF+ㅋ/UNKNOWN+ㅋㅋ/UNKNOWN"
          },
          {
            "id": 19,
            "text": "3 : 교회가면 간식주잖아 여자가수들 오고 ㅋㅋㅋ",
            "norm_text": "교회가면 간식주잖아 여자가수들 오고 ㅋㅋㅋ",
            "speaker": {
              "id": "3번",
              "sex": "남성",
              "age": "20대"
            },
            "speechAct": "(단언) 주장하기",
            "morpheme": "교회/NNG+가/VV+면/EC+간식/NNG+주/VV+잖아/EC+여자/NNG+가수/NNG+들/XSN+오/VV+고/EC+ㅋ/UNKNOWN+ㅋㅋ/UNKNOWN"
          }
        ]
      }
    }
  ]
}