{
  "dataset": {
    "identifier": 99208,
    "name": "NATEON_27_17_set",
    "src_path": "/data/file/cubeManager/PROJECT001/77/txt20211027152211014133/NATEON_27_17_set/",
    "label_path": "/data/file/cubeManager/PROJECT001/77/txt20211027152211014133/NATEON_27_17_set/",
    "category": 2,
    "type": 0
  },
  "licenses": {
    "name": "Apache License 1.0",
    "url": "http://www.apache.org/licenses/LICENSE-1.0"
  },
  "info": [
    {
      "id": 99458,
      "filename": "NATEON_27_17.txt",
      "title": "NATEON_27_17",
      "mediatype": "메신저",
      "medianame": "네이트온",
      "category": "일상대화",
      "date": "2021-10-27",
      "size": 469,
      "annotations": {
        "subject": "건강",
        "speaker_type": "다자간 대화",
        "size": 469,
        "word_size": 164,
        "text": "1 : 나 이번에 영양제 몇개 샀어 ㅠㅠ\n2 : 어 진짜 요즘은 다 먹고 그래야 되더라 ㅠㅠ\n2 : 뭐 샀어...\n3 : 나도 영양제 챙겨먹는데 좋아\n1 : 응 진짜 요즘은 안 먹고 못 버텨~\n2 : 영양제 꾸준히 잘 먹고 그래야 해 ㅠㅠ\n3 : 무슨 영양제 챙겨 먹는데?\n1 : 나는 그냥 종합 영양제!\n2 : 맞아\n2 : 나도 종합 영양제 먹고 있어 키키\n3 : 맞아\n3 : 애매할 때는 종합 영양제지!\n1 : 키키 맞아\n1 : 우리 부모님도 챙겨드셔\n2 : 근데 나는 요즘 눈이 침침해서 루테인 보는데 루테인은 어때?\n3 : 부모님들도 영양제는 필수 조건이지\n1 : 루테인?\n1 : 나 눈 안 좋은데 그거도 사야겠다\n2 : 웅 난 자꾸 화면이 흐리게 보이더라고 ㅠㅠ\n3 : 아 나도 요즘 눈이 흐릿해\n1 : 너도 루테인 같이 사서 먹자!\n2 : 전자기기를 너무 많이 봐서 그런 거 같기도 해 ㅠㅠ\n2 : 다같이 눈 건강도 챙기자 키키\n3 : 그러자\n3 : 우리 다같이 건강하자",
        "lines": [
          {
            "id": 1,
            "text": "1 : 나 이번에 영양제 몇개 샀어 ㅠㅠ",
            "norm_text": "나 이번에 영양제 몇개 샀어 ㅠㅠ",
            "speaker": {
              "id": "1번",
              "sex": "여성",
              "age": "20대"
            },
            "speechAct": "(단언) 진술하기",
            "morpheme": "나/NP+이번/NNG+에/JKB+영양제/NNG+몇/MM+개/NNBC+샀/VV+EP+어/EF+ㅠㅠ/UNKNOWN"
          },
          {
            "id": 2,
            "text": "2 : 어 진짜 요즘은 다 먹고 그래야 되더라 ㅠㅠ",
            "norm_text": "어 진짜 요즘은 다 먹고 그래야 되더라 ㅠㅠ",
            "speaker": {
              "id": "2번",
              "sex": "여성",
              "age": "20대"
            },
            "speechAct": "(단언) 주장하기",
            "morpheme": "어/IC+진짜/MAG+요즘/NNG+은/JX+다/MAG+먹/VV+고/EC+그래야/VV+EC+되/VV+더라/EF+ㅠㅠ/UNKNOWN"
          },
          {
            "id": 3,
            "text": "2 : 뭐 샀어...",
            "norm_text": "뭐 샀어...",
            "speaker": {
              "id": "2번",
              "sex": "여성",
              "age": "20대"
            },
            "speechAct": "(지시) 질문하기",
            "morpheme": "뭐/IC+샀/VV+EP+어/EF+./SY"
          },
          {
            "id": 4,
            "text": "3 : 나도 영양제 챙겨먹는데 좋아",
            "norm_text": "나도 영양제 챙겨먹는데 좋아",
            "speaker": {
              "id": "3번",
              "sex": "남성",
              "age": "20대"
            },
            "speechAct": "(단언) 주장하기",
            "morpheme": "나/NP+도/JX+영양제/NNG+챙겨/VV+EC+먹/VV+는데/EC+좋/VA+아/EC"
          },
          {
            "id": 5,
            "text": "1 : 응 진짜 요즘은 안 먹고 못 버텨~",
            "norm_text": "응 진짜 요즘은 안 먹고 못 버텨~",
            "speaker": {
              "id": "1번",
              "sex": "여성",
              "age": "20대"
            },
            "speechAct": "(단언) 주장하기",
            "morpheme": "응/IC+진짜/MAG+요즘/NNG+은/JX+안/MAG+먹/VV+고/EC+못/MAG+버텨/VV+EC+~/SY"
          },
          {
            "id": 6,
            "text": "2 : 영양제 꾸준히 잘 먹고 그래야 해 ㅠㅠ",
            "norm_text": "영양제 꾸준히 잘 먹고 그래야 해 ㅠㅠ",
            "speaker": {
              "id": "2번",
              "sex": "여성",
              "age": "20대"
            },
            "speechAct": "(단언) 주장하기",
            "morpheme": "영양제/NNG+꾸준히/MAG+잘/MAG+먹/VV+고/EC+그래야/VV+EC+해/VV+EC+ㅠㅠ/UNKNOWN"
          },
          {
            "id": 7,
            "text": "3 : 무슨 영양제 챙겨 먹는데?",
            "norm_text": "무슨 영양제 챙겨 먹는데?",
            "speaker": {
              "id": "3번",
              "sex": "남성",
              "age": "20대"
            },
            "speechAct": "(지시) 질문하기",
            "morpheme": "무슨/MM+영양제/NNG+챙겨/VV+EC+먹/VV+는데/EC"
          },
          {
            "id": 8,
            "text": "1 : 나는 그냥 종합 영양제!",
            "norm_text": "나는 그냥 종합 영양제!",
            "speaker": {
              "id": "1번",
              "sex": "여성",
              "age": "20대"
            },
            "speechAct": "(단언) 진술하기",
            "morpheme": "나/NP+는/JX+그냥/MAG+종합/NNG+영양제/NNG"
          },
          {
            "id": 9,
            "text": "2 : 맞아",
            "norm_text": "맞아",
            "speaker": {
              "id": "2번",
              "sex": "여성",
              "age": "20대"
            },
            "speechAct": "(단언) 주장하기",
            "morpheme": "맞/VV+아/EC"
          },
          {
            "id": 10,
            "text": "2 : 나도 종합 영양제 먹고 있어 키키",
            "norm_text": "나도 종합 영양제 먹고 있어 키키",
            "speaker": {
              "id": "2번",
              "sex": "여성",
              "age": "20대"
            },
            "speechAct": "(단언) 진술하기",
            "morpheme": "나/NP+도/JX+종합/NNG+영양제/NNG+먹/VV+고/EC+있/VX+어/EC+키/NNG+키/XSV+ETN"
          },
          {
            "id": 11,
            "text": "3 : 맞아",
            "norm_text": "맞아",
            "speaker": {
              "id": "3번",
              "sex": "남성",
              "age": "20대"
            },
            "speechAct": "(단언) 주장하기",
            "morpheme": "맞/VV+아/EC"
          },
          {
            "id": 12,
            "text": "3 : 애매할 때는 종합 영양제지!",
            "norm_text": "애매할 때는 종합 영양제지!",
            "speaker": {
              "id": "3번",
              "sex": "남성",
              "age": "20대"
            },
            "speechAct": "(단언) 주장하기",
            "morpheme": "애매/NNG+할/XSV+ETM+때/NNG+는/JX+종합/NNG+영양제/NNG+지/VCP+EF"
          },
          {
            "id": 13,
            "text": "1 : 키키 맞아",
            "norm_text": "키키 맞아",
            "speaker": {
              "id": "1번",
              "sex": "여성",
              "age": "20대"
            },
            "speechAct": "(단언) 주장하기",
            "morpheme": "키/NNG+키/XSV+ETN+맞/VV+아/EC"
          },
          {
            "id": 14,
            "text": "1 : 우리 부모님도 챙겨드셔",
            "norm_text": "우리 부모님도 챙겨드셔",
            "speaker": {
              "id": "1번",
              "sex": "여성",
              "age": "20대"
            },
            "speechAct": "(단언) 진술하기",
            "morpheme": "우리/NP+부모/NNG+님/XSN+도/JX+챙겨/VV+EC+드셔/VV+EP+EC"
          },
          {
            "id": 15,
            "text": "2 : 근데 나는 요즘 눈이 침침해서 루테인 보는데 루테인은 어때?",
            "norm_text": "근데 나는 요즘 눈이 침침해서 루테인 보는데 루테인은 어때?",
            "speaker": {
              "id": "2번",
              "sex": "여성",
              "age": "20대"
            },
            "speechAct": "(지시) 질문하기",
            "morpheme": "근데/MAJ+나/NP+는/JX+요즘/NNG+눈/NNG+이/JKS+침침/NNG+해서/XSV+EC+루테인/NNG+보/VV+는데/EC+루테인/NNG+은/JX+어때/VA+EF"
          },
          {
            "id": 16,
            "text": "3 : 부모님들도 영양제는 필수 조건이지",
            "norm_text": "부모님들도 영양제는 필수 조건이지",
            "speaker": {
              "id": "3번",
              "sex": "남성",
              "age": "20대"
            },
            "speechAct": "(단언) 주장하기",
            "morpheme": "부모/NNG+님/XSN+들/XSN+도/JX+영양제/NNG+는/JX+필수/NNG+조건/NNG+이/VCP+지/EC"
          },
          {
            "id": 17,
            "text": "1 : 루테인?",
            "norm_text": "루테인?",
            "speaker": {
              "id": "1번",
              "sex": "여성",
              "age": "20대"
            },
            "speechAct": "(지시) 질문하기",
            "morpheme": "루테인/NNG"
          },
          {
            "id": 18,
            "text": "1 : 나 눈 안 좋은데 그거도 사야겠다",
            "norm_text": "나 눈 안 좋은데 그거도 사야겠다",
            "speaker": {
              "id": "1번",
              "sex": "여성",
              "age": "20대"
            },
            "speechAct": "(단언) 주장하기",
            "morpheme": "나/NP+눈/NNG+안/MAG+좋/VA+은데/EC+그거/NP+도/JX+사/VV+야겠다/EC+VX+EP+EC"
          },
          {
            "id": 19,
            "text": "2 : 웅 난 자꾸 화면이 흐리게 보이더라고 ㅠㅠ",
            "norm_text": "웅 난 자꾸 화면이 흐리게 보이더라고 ㅠㅠ",
            "speaker": {
              "id": "2번",
              "sex": "여성",
              "age": "20대"
            },
            "speechAct": "(단언) 주장하기",
            "morpheme": "웅/IC+난/NP+JX+자꾸/MAG+화면/NNG+이/JKS+흐리/VA+게/EC+보이/VV+더라고/EF+ㅠㅠ/UNKNOWN"
          },
          {
            "id": 20,
            "text": "3 : 아 나도 요즘 눈이 흐릿해",
            "norm_text": "아 나도 요즘 눈이 흐릿해",
            "speaker": {
              "id": "3번",
              "sex": "남성",
              "age": "20대"
            },
            "speechAct": "(단언) 주장하기",
            "morpheme": "아/IC+나/NP+도/JX+요즘/NNG+눈/NNG+이/JKS+흐릿/XR+해/XSA+EC"
          },
          {
            "id": 21,
            "text": "1 : 너도 루테인 같이 사서 먹자!",
            "norm_text": "너도 루테인 같이 사서 먹자!",
            "speaker": {
              "id": "1번",
              "sex": "여성",
              "age": "20대"
            },
            "speechAct": "(지시) 충고/제안하기",
            "morpheme": "너/NP+도/JX+루테인/NNG+같이/JKB+사/VV+서/EC+먹/VV+자/EF"
          },
          {
            "id": 22,
            "text": "2 : 전자기기를 너무 많이 봐서 그런 거 같기도 해 ㅠㅠ",
            "norm_text": "전자기기를 너무 많이 봐서 그런 거 같기도 해 ㅠㅠ",
            "speaker": {
              "id": "2번",
              "sex": "여성",
              "age": "20대"
            },
            "speechAct": "(단언) 주장하기",
            "morpheme": "전자/NNG+기기/NNG+를/JKO+너무/MAG+많이/MAG+봐서/VV+EC+그런/MM+거/NNB+같/VA+기/ETN+도/JX+해/VV+EC+ㅠㅠ/UNKNOWN"
          },
          {
            "id": 23,
            "text": "2 : 다같이 눈 건강도 챙기자 키키",
            "norm_text": "다같이 눈 건강도 챙기자 키키",
            "speaker": {
              "id": "2번",
              "sex": "여성",
              "age": "20대"
            },
            "speechAct": "(지시) 충고/제안하기",
            "morpheme": "다/MAG+같이/MAG+눈/NNG+건강/NNG+도/JX+챙기/VV+자/EC+키/NNG+키/XSV+ETN"
          },
          {
            "id": 24,
            "text": "3 : 그러자",
            "norm_text": "그러자",
            "speaker": {
              "id": "3번",
              "sex": "남성",
              "age": "20대"
            },
            "speechAct": "(단언) 주장하기",
            "morpheme": "그러/VV+자/EC"
          },
          {
            "id": 25,
            "text": "3 : 우리 다같이 건강하자",
            "norm_text": "우리 다같이 건강하자",
            "speaker": {
              "id": "3번",
              "sex": "남성",
              "age": "20대"
            },
            "speechAct": "(지시) 충고/제안하기",
            "morpheme": "우리/NP+다/JX+같이/MAG+건강/NNG+하/XSV+자/EC"
          }
        ]
      }
    }
  ]
}