{
  "dataset": {
    "identifier": 114661,
    "name": "NATEON_33_09_set",
    "src_path": "/data/file/cubeManager/PROJECT001/80/txt20211102173312091635/NATEON_33_09_set/",
    "label_path": "/data/file/cubeManager/PROJECT001/80/txt20211102173312091635/NATEON_33_09_set/",
    "category": 2,
    "type": 0
  },
  "licenses": {
    "name": "Apache License 1.0",
    "url": "http://www.apache.org/licenses/LICENSE-1.0"
  },
  "info": [
    {
      "id": 131861,
      "filename": "NATEON_33_09.txt",
      "title": "NATEON_33_09",
      "mediatype": "메신저",
      "medianame": "네이트온",
      "category": "일상대화",
      "date": "2021-11-02",
      "size": 444,
      "annotations": {
        "subject": "반려동물",
        "speaker_type": "다자간 대화",
        "size": 444,
        "word_size": 148,
        "text": "1 : 나 이번에 유기묘 입양했어\n2 : 유기묘?\n2 : 길에서 발견해서 데리고 온거야?\n3 : 아 유기묘도 입양할 수 있구나!\n1 : 응 하하 유기견처럼 입양할 수 있더라고\n2 : 아아 사이트에 올라온 아이 데리고 온거구나 하하\n3 : 와, 너 진짜 똑똑하게 잘 했다\n1 : 응 하하 새로 사는거보다 입양이 더 좋더라고\n2 : 그 친구는 아픈데는 많이 없고? ㅠㅠ\n3 : 맞아 예방 접종은 했어?\n1 : 응 하하\n1 : 새로 사는거보다 입양이 더 좋더라고\n2 : 그 친구는 아픈데는 많이 없고? ㅠㅠ\n3 : 그래도 돈 많이 들었겠다ㅜ\n1 : 응 하하 그래도 우리 가족이니까\n2 : 그러니까 ㅠㅠ\n2 : 진짜 유기묘 데리고 오는 사람들 대단해\n3 : 맞아 하하\n3 : 입양하면 바로 가족 되는거지!\n1 : 하하 너희도 생각있으면 한번 해봐!\n2 : 맞아 새로운 가족 생겼으니 따뜻하게 잘 대해 줘 하하\n3 : 응 그거 생각 해볼께!",
        "lines": [
          {
            "id": 1,
            "text": "1 : 나 이번에 유기묘 입양했어",
            "norm_text": "나 이번에 유기묘 입양했어",
            "speaker": {
              "id": "1번",
              "sex": "여성",
              "age": "20대"
            },
            "speechAct": "(단언) 진술하기",
            "morpheme": "나/NP+이번/NNG+에/JKB+유기/NNG+묘/NNG+입양/NNG+했/XSV+EP+어/EC"
          },
          {
            "id": 2,
            "text": "2 : 유기묘?",
            "norm_text": "유기묘?",
            "speaker": {
              "id": "2번",
              "sex": "여성",
              "age": "20대"
            },
            "speechAct": "(지시) 질문하기",
            "morpheme": "유기/NNG+묘/NNG"
          },
          {
            "id": 3,
            "text": "2 : 길에서 발견해서 데리고 온거야?",
            "norm_text": "길에서 발견해서 데리고 온거야?",
            "speaker": {
              "id": "2번",
              "sex": "여성",
              "age": "20대"
            },
            "speechAct": "(지시) 질문하기",
            "morpheme": "길/NNG+에서/JKB+발견/NNG+해서/XSV+EC+데리/VV+고/EC+온/VX+ETM+거/NNB+야/VCP+EF"
          },
          {
            "id": 4,
            "text": "3 : 아 유기묘도 입양할 수 있구나!",
            "norm_text": "아 유기묘도 입양할 수 있구나!",
            "speaker": {
              "id": "3번",
              "sex": "남성",
              "age": "20대"
            },
            "speechAct": "(단언) 진술하기",
            "morpheme": "아유/IC+기묘도/NNP+입양/NNG+할/XSV+ETM+수/NNB+있/VV+구나/EF"
          },
          {
            "id": 5,
            "text": "1 : 응 하하 유기견처럼 입양할 수 있더라고",
            "norm_text": "응 하하 유기견처럼 입양할 수 있더라고",
            "speaker": {
              "id": "1번",
              "sex": "여성",
              "age": "20대"
            },
            "speechAct": "(단언) 진술하기",
            "morpheme": "응/IC+하/IC+하유/IC+기견/NNG+처럼/JKB+입양/NNG+할/XSV+ETM+수/NNB+있/VV+더라고/EC"
          },
          {
            "id": 6,
            "text": "2 : 아아 사이트에 올라온 아이 데리고 온거구나 하하",
            "norm_text": "아아 사이트에 올라온 아이 데리고 온거구나 하하",
            "speaker": {
              "id": "2번",
              "sex": "여성",
              "age": "20대"
            },
            "speechAct": "(단언) 진술하기",
            "morpheme": "아아/IC+사이트/NNG+에/JKB+올라온/VV+ETM+아이/NNG+데리/VV+고/EC+온/VX+ETM+거/NNB+구나/VCP+EC+하하/MAG"
          },
          {
            "id": 7,
            "text": "3 : 와, 너 진짜 똑똑하게 잘 했다",
            "norm_text": "와, 너 진짜 똑똑하게 잘 했다",
            "speaker": {
              "id": "3번",
              "sex": "남성",
              "age": "20대"
            },
            "speechAct": "(단언) 진술하기",
            "morpheme": "와/IC+,/SC+너/NP+진짜/MAG+똑똑/XR+하/XSA+게/EC+잘/MAG+했/VV+EP+다/EC"
          },
          {
            "id": 8,
            "text": "1 : 응 하하 새로 사는거보다 입양이 더 좋더라고",
            "norm_text": "응 하하 새로 사는거보다 입양이 더 좋더라고",
            "speaker": {
              "id": "1번",
              "sex": "여성",
              "age": "20대"
            },
            "speechAct": "(단언) 진술하기",
            "morpheme": "응/IC+하하/MAG+새로/MAG+사/VV+는/ETM+거/NNB+보다/JKB+입양/NNG+이/JKS+더/MAG+좋/VA+더라고/EC"
          },
          {
            "id": 9,
            "text": "2 : 그 친구는 아픈데는 많이 없고? ㅠㅠ",
            "norm_text": "그 친구는 아픈데는 많이 없고? ㅠㅠ",
            "speaker": {
              "id": "2번",
              "sex": "여성",
              "age": "20대"
            },
            "speechAct": "(지시) 질문하기",
            "morpheme": "그/MM+친구/NNG+는/JX+아픈/VA+ETM+데/NNB+는/JX+많이/MAG+없/VA+고/EC+?/SY+ㅠㅠ/UNKNOWN"
          },
          {
            "id": 10,
            "text": "3 : 맞아 예방 접종은 했어?",
            "norm_text": "맞아 예방 접종은 했어?",
            "speaker": {
              "id": "3번",
              "sex": "남성",
              "age": "20대"
            },
            "speechAct": "(지시) 질문하기",
            "morpheme": "맞/VV+아/EC+예방/NNG+접종/NNG+은/JX+했/VV+EP+어/EF"
          },
          {
            "id": 11,
            "text": "1 : 응 하하",
            "norm_text": "응 하하",
            "speaker": {
              "id": "1번",
              "sex": "여성",
              "age": "20대"
            },
            "speechAct": "(단언) 진술하기",
            "morpheme": "응/IC+하하/MAG"
          },
          {
            "id": 12,
            "text": "1 : 새로 사는거보다 입양이 더 좋더라고",
            "norm_text": "새로 사는거보다 입양이 더 좋더라고",
            "speaker": {
              "id": "1번",
              "sex": "여성",
              "age": "20대"
            },
            "speechAct": "(단언) 진술하기",
            "morpheme": "새로/MAG+사/VV+는/ETM+거/NNB+보다/JKB+입양/NNG+이/JKS+더/MAG+좋/VA+더라고/EC"
          },
          {
            "id": 13,
            "text": "2 : 그 친구는 아픈데는 많이 없고? ㅠㅠ",
            "norm_text": "그 친구는 아픈데는 많이 없고? ㅠㅠ",
            "speaker": {
              "id": "2번",
              "sex": "여성",
              "age": "20대"
            },
            "speechAct": "(지시) 질문하기",
            "morpheme": "그/MM+친구/NNG+는/JX+아픈/VA+ETM+데/NNB+는/JX+많이/MAG+없/VA+고/EC+?/SY+ㅠㅠ/UNKNOWN"
          },
          {
            "id": 14,
            "text": "3 : 그래도 돈 많이 들었겠다ㅜ",
            "norm_text": "그래도 돈 많이 들었겠다ㅜ",
            "speaker": {
              "id": "3번",
              "sex": "남성",
              "age": "20대"
            },
            "speechAct": "(단언) 진술하기",
            "morpheme": "그래도/MAJ+돈/NNG+많이/MAG+들/VV+었겠/EC+다ㅜ/UNKNOWN"
          },
          {
            "id": 15,
            "text": "1 : 응 하하 그래도 우리 가족이니까",
            "norm_text": "응 하하 그래도 우리 가족이니까",
            "speaker": {
              "id": "1번",
              "sex": "여성",
              "age": "20대"
            },
            "speechAct": "(단언) 진술하기",
            "morpheme": "응/IC+하하/MAG+그래도/VV+EC+우리/NP+가족/NNG+이/VCP+니까/EC"
          },
          {
            "id": 16,
            "text": "2 : 그러니까 ㅠㅠ",
            "norm_text": "그러니까 ㅠㅠ",
            "speaker": {
              "id": "2번",
              "sex": "여성",
              "age": "20대"
            },
            "speechAct": "(단언) 진술하기",
            "morpheme": "그러니까/MAJ+ㅠㅠ/UNKNOWN"
          },
          {
            "id": 17,
            "text": "2 : 진짜 유기묘 데리고 오는 사람들 대단해",
            "norm_text": "진짜 유기묘 데리고 오는 사람들 대단해",
            "speaker": {
              "id": "2번",
              "sex": "여성",
              "age": "20대"
            },
            "speechAct": "(단언) 주장하기",
            "morpheme": "진짜/MAG+유기/NNG+묘/NNG+데리/VV+고/EC+오/VV+는/ETM+사람/NNG+들/XSN+대단/XR+해/XSA+EC"
          },
          {
            "id": 18,
            "text": "3 : 맞아 하하",
            "norm_text": "맞아 하하",
            "speaker": {
              "id": "3번",
              "sex": "남성",
              "age": "20대"
            },
            "speechAct": "(단언) 주장하기",
            "morpheme": "맞/VV+아/EC+하하/MAG"
          },
          {
            "id": 19,
            "text": "3 : 입양하면 바로 가족 되는거지!",
            "norm_text": "입양하면 바로 가족 되는거지!",
            "speaker": {
              "id": "3번",
              "sex": "남성",
              "age": "20대"
            },
            "speechAct": "(단언) 주장하기",
            "morpheme": "입양/NNG+하/XSV+면/EC+바로/MAG+가족/NNG+되/XSV+는/ETM+거/NNB+지/VCP+EF"
          },
          {
            "id": 20,
            "text": "1 : 하하 너희도 생각있으면 한번 해봐!",
            "norm_text": "하하 너희도 생각있으면 한번 해봐!",
            "speaker": {
              "id": "1번",
              "sex": "여성",
              "age": "20대"
            },
            "speechAct": "(지시) 충고/제안하기",
            "morpheme": "하하/MAG+너희/NP+도/JX+생각/NNG+있/VV+으면/EC+한/MM+번/NNBC+해/VV+EC+봐/VX+EF"
          },
          {
            "id": 21,
            "text": "2 : 맞아 새로운 가족 생겼으니 따뜻하게 잘 대해 줘 하하",
            "norm_text": "맞아 새로운 가족 생겼으니 따뜻하게 잘 대해 줘 하하",
            "speaker": {
              "id": "2번",
              "sex": "여성",
              "age": "20대"
            },
            "speechAct": "(지시) 명령/요구하기",
            "morpheme": "맞/VV+아/EC+새로운/VA+ETM+가족/NNG+생겼으니/VV+EP+EC+따뜻/XR+하/XSA+게/EC+잘/MAG+대해/VV+EC+줘/VX+EC+하하/MAG"
          },
          {
            "id": 22,
            "text": "3 : 응 그거 생각 해볼께!",
            "norm_text": "응 그거 생각 해볼께!",
            "speaker": {
              "id": "3번",
              "sex": "남성",
              "age": "20대"
            },
            "speechAct": "(언약) 약속하기(제3자와)/(개인적 수준)",
            "morpheme": "응/IC+그거/NP+생각/NNG+해/XSV+EC+볼께/VX+EF"
          }
        ]
      }
    }
  ]
}