{
  "dataset": {
    "identifier": 129746,
    "name": "NATEON_42_15_set",
    "src_path": "/data/file/cubeManager/PROJECT001/84/txt20211104173553017689/NATEON_42_15_set/",
    "label_path": "/data/file/cubeManager/PROJECT001/84/txt20211104173553017689/NATEON_42_15_set/",
    "category": 2,
    "type": 0
  },
  "licenses": {
    "name": "Apache License 1.0",
    "url": "http://www.apache.org/licenses/LICENSE-1.0"
  },
  "info": [
    {
      "id": 137242,
      "filename": "NATEON_42_15.txt",
      "title": "NATEON_42_15",
      "mediatype": "메신저",
      "medianame": "네이트온",
      "category": "일상대화",
      "date": "2021-11-04",
      "size": 439,
      "annotations": {
        "subject": "타 국가 이슈",
        "speaker_type": "다자간 대화",
        "size": 439,
        "word_size": 145,
        "text": "1 : 일본에서 이제 애기들도 백신 맞는데\n2 : 헐 애기들 맞는 건 위험한 거 아니야?\n3 : 애기들이라면 몇 세를 말하는 거야?\n1 : 너무 신생아는 아니고 5세부터 11세\n2 : 그래도 아직 너무 이른 거 아니야?\n3 : 그래도 너무 어린 거 아니야?\n1 : 그래도 부작용 덜한 화이자 맞나 봐\n2 : 아 모더나는 말이 많아서 화이자 맞아야지 ㅠㅠ\n3 : 모더나가 아니어서 다행이기는 한데 ㅠ\n1 : 응 그래도 부모 입장에서는 걱정되지\n2 : 맞아\n2 : 나도 애기들 걱정되는데 ㅠㅠ\n3 : 그래도 백신은 맞아야 하지 않아?\n1 : 다른 국가 여행할 때 데리고 다니려면 맞아야지 ㅠ\n2 : 응 맞아야 되는데 부작용이 걱정되는 거지 ㅠㅠ\n3 : 참 부작용이 제일 무섭다 ㅠ\n1 : 맞아\n1 : 뭐든 부작용이 제일 걱정이야\n2 : 맞아\n2 : 애기들 뿐만 아니라 다 걱정이지 ㅠㅠ\n3 : 우리는 없어서 참 다행이다 하하",
        "lines": [
          {
            "id": 1,
            "text": "1 : 일본에서 이제 애기들도 백신 맞는데",
            "norm_text": "일본에서 이제 애기들도 백신 맞는데",
            "speaker": {
              "id": "1번",
              "sex": "여성",
              "age": "20대"
            },
            "speechAct": "(단언) 진술하기",
            "morpheme": "일본/NNP+에서/JKB+이제/MAG+애기/NNG+들/XSN+도/JX+백신/NNG+맞/VV+는데/EC"
          },
          {
            "id": 2,
            "text": "2 : 헐 애기들 맞는 건 위험한 거 아니야?",
            "norm_text": "헐 애기들 맞는 건 위험한 거 아니야?",
            "speaker": {
              "id": "2번",
              "sex": "여성",
              "age": "20대"
            },
            "speechAct": "(지시) 질문하기",
            "morpheme": "헐/IC+애기/NNG+들/XSN+맞/VV+는/ETM+건/NNB+JX+위험/NNG+한/XSA+ETM+거/NNB+아니/VCN+야/EF"
          },
          {
            "id": 3,
            "text": "3 : 애기들이라면 몇 세를 말하는 거야?",
            "norm_text": "애기들이라면 몇 세를 말하는 거야?",
            "speaker": {
              "id": "3번",
              "sex": "남성",
              "age": "20대"
            },
            "speechAct": "(지시) 질문하기",
            "morpheme": "애기/NNG+들/XSN+이/VCP+라면/EC+몇/MM+세/NNG+를/JKO+말/NNG+하/XSV+는/ETM+거/NNB+야/VCP+EF"
          },
          {
            "id": 4,
            "text": "1 : 너무 신생아는 아니고 5세부터 11세",
            "norm_text": "너무 신생아는 아니고 5세부터 11세",
            "speaker": {
              "id": "1번",
              "sex": "여성",
              "age": "20대"
            },
            "speechAct": "(단언) 진술하기",
            "morpheme": "너무/MAG+신생아/NNG+는/JX+아니/VCN+고/EC+5/SN+세/NNBC+부터/JX+11/SN+세/NNBC"
          },
          {
            "id": 5,
            "text": "2 : 그래도 아직 너무 이른 거 아니야?",
            "norm_text": "그래도 아직 너무 이른 거 아니야?",
            "speaker": {
              "id": "2번",
              "sex": "여성",
              "age": "20대"
            },
            "speechAct": "(지시) 질문하기",
            "morpheme": "그래도/MAJ+아직/MAG+너무/MAG+이른/VA+ETM+거/NNB+아니/VCN+야/EF"
          },
          {
            "id": 6,
            "text": "3 : 그래도 너무 어린 거 아니야?",
            "norm_text": "그래도 너무 어린 거 아니야?",
            "speaker": {
              "id": "3번",
              "sex": "남성",
              "age": "20대"
            },
            "speechAct": "(지시) 질문하기",
            "morpheme": "그래도/MAJ+너무/MAG+어린/VA+ETM+거/NNB+아니/VCN+야/EF"
          },
          {
            "id": 7,
            "text": "1 : 그래도 부작용 덜한 화이자 맞나 봐",
            "norm_text": "그래도 부작용 덜한 화이자 맞나 봐",
            "speaker": {
              "id": "1번",
              "sex": "여성",
              "age": "20대"
            },
            "speechAct": "(단언) 진술하기",
            "morpheme": "그래도/MAJ+부작용/NNG+덜한/VA+ETM+화이자/NNP+맞/VV+나/EC+봐/VX+EC"
          },
          {
            "id": 8,
            "text": "2 : 아 모더나는 말이 많아서 화이자 맞아야지 ㅠㅠ",
            "norm_text": "아 모더나는 말이 많아서 화이자 맞아야지 ㅠㅠ",
            "speaker": {
              "id": "2번",
              "sex": "여성",
              "age": "20대"
            },
            "speechAct": "(단언) 주장하기",
            "morpheme": "아모/MM+더/MAG+나/NP+는/JX+말/NNG+이/JKS+많/VA+아서/EC+화이자/NNP+맞/VV+아야지/EF+ㅠㅠ/UNKNOWN"
          },
          {
            "id": 9,
            "text": "3 : 모더나가 아니어서 다행이기는 한데 ㅠ",
            "norm_text": "모더나가 아니어서 다행이기는 한데 ㅠ",
            "speaker": {
              "id": "3번",
              "sex": "남성",
              "age": "20대"
            },
            "speechAct": "(단언) 주장하기",
            "morpheme": "모더/NNP+나/NP+가/JKS+아니/VCN+어서/EC+다행/NNG+이/VCP+기/ETN+는/JX+한데/VX+EC+ㅠ/UNKNOWN"
          },
          {
            "id": 10,
            "text": "1 : 응 그래도 부모 입장에서는 걱정되지",
            "norm_text": "응 그래도 부모 입장에서는 걱정되지",
            "speaker": {
              "id": "1번",
              "sex": "여성",
              "age": "20대"
            },
            "speechAct": "(단언) 주장하기",
            "morpheme": "응/IC+그래도/MAJ+부모/NNG+입장/NNG+에서/JKB+는/JX+걱정/NNG+되/XSV+지/EC"
          },
          {
            "id": 11,
            "text": "2 : 맞아",
            "norm_text": "맞아",
            "speaker": {
              "id": "2번",
              "sex": "여성",
              "age": "20대"
            },
            "speechAct": "(단언) 주장하기",
            "morpheme": "맞/VV+아/EC"
          },
          {
            "id": 12,
            "text": "2 : 나도 애기들 걱정되는데 ㅠㅠ",
            "norm_text": "나도 애기들 걱정되는데 ㅠㅠ",
            "speaker": {
              "id": "2번",
              "sex": "여성",
              "age": "20대"
            },
            "speechAct": "(단언) 주장하기",
            "morpheme": "나/NP+도/JX+애기/NNG+들/XSN+걱정/NNG+되/XSV+는데/EC+ㅠㅠ/UNKNOWN"
          },
          {
            "id": 13,
            "text": "3 : 그래도 백신은 맞아야 하지 않아?",
            "norm_text": "그래도 백신은 맞아야 하지 않아?",
            "speaker": {
              "id": "3번",
              "sex": "남성",
              "age": "20대"
            },
            "speechAct": "(지시) 질문하기",
            "morpheme": "그래도/MAJ+백신/NNG+은/JX+맞/VV+아야/EC+하/VV+지/EC+않/VX+아/EF"
          },
          {
            "id": 14,
            "text": "1 : 다른 국가 여행할 때 데리고 다니려면 맞아야지 ㅠ",
            "norm_text": "다른 국가 여행할 때 데리고 다니려면 맞아야지 ㅠ",
            "speaker": {
              "id": "1번",
              "sex": "여성",
              "age": "20대"
            },
            "speechAct": "(단언) 주장하기",
            "morpheme": "다른/MM+국가/NNG+여행/NNG+할/XSV+ETM+때/NNG+데리/VV+고/EC+다니/VV+려면/EC+맞/VV+아야/EC+지ㅠ/UNKNOWN"
          },
          {
            "id": 15,
            "text": "2 : 응 맞아야 되는데 부작용이 걱정되는 거지 ㅠㅠ",
            "norm_text": "응 맞아야 되는데 부작용이 걱정되는 거지 ㅠㅠ",
            "speaker": {
              "id": "2번",
              "sex": "여성",
              "age": "20대"
            },
            "speechAct": "(단언) 주장하기",
            "morpheme": "응/IC+맞/VV+아야/EC+되/VV+는데/EC+부작용/NNG+이/JKS+걱정/NNG+되/XSV+는/ETM+거/NNB+지/VCP+EF+ㅠㅠ/UNKNOWN"
          },
          {
            "id": 16,
            "text": "3 : 참 부작용이 제일 무섭다 ㅠ",
            "norm_text": "참 부작용이 제일 무섭다 ㅠ",
            "speaker": {
              "id": "3번",
              "sex": "남성",
              "age": "20대"
            },
            "speechAct": "(단언) 주장하기",
            "morpheme": "참부/NNG+작용/NNG+이/JKS+제일/MAG+무섭/VA+다/EF+ㅠ/UNKNOWN"
          },
          {
            "id": 17,
            "text": "1 : 맞아",
            "norm_text": "맞아",
            "speaker": {
              "id": "1번",
              "sex": "여성",
              "age": "20대"
            },
            "speechAct": "(단언) 주장하기",
            "morpheme": "맞/VV+아/EC"
          },
          {
            "id": 18,
            "text": "1 : 뭐든 부작용이 제일 걱정이야",
            "norm_text": "뭐든 부작용이 제일 걱정이야",
            "speaker": {
              "id": "1번",
              "sex": "여성",
              "age": "20대"
            },
            "speechAct": "(단언) 주장하기",
            "morpheme": "뭐/NP+든/VCP+EC+부작용/NNG+이/JKS+제일/MAG+걱정/NNG+이/VCP+야/EC"
          },
          {
            "id": 19,
            "text": "2 : 맞아",
            "norm_text": "맞아",
            "speaker": {
              "id": "2번",
              "sex": "여성",
              "age": "20대"
            },
            "speechAct": "(단언) 주장하기",
            "morpheme": "맞/VV+아/EC"
          },
          {
            "id": 20,
            "text": "2 : 애기들 뿐만 아니라 다 걱정이지 ㅠㅠ",
            "norm_text": "애기들 뿐만 아니라 다 걱정이지 ㅠㅠ",
            "speaker": {
              "id": "2번",
              "sex": "여성",
              "age": "20대"
            },
            "speechAct": "(단언) 주장하기",
            "morpheme": "애기/NNG+들/XSN+뿐/JX+만/JX+아니/VCN+라/EC+다/MAG+걱정/NNG+이/VCP+지/EF+ㅠㅠ/UNKNOWN"
          },
          {
            "id": 21,
            "text": "3 : 우리는 없어서 참 다행이다 하하",
            "norm_text": "우리는 없어서 참 다행이다 하하",
            "speaker": {
              "id": "3번",
              "sex": "남성",
              "age": "20대"
            },
            "speechAct": "(단언) 주장하기",
            "morpheme": "우리/NP+는/JX+없/VA+어서/EC+참/MAG+다행/NNG+이/JKS+다/MAG+하하/MAG"
          }
        ]
      }
    }
  ]
}