{
  "dataset": {
    "identifier": 127926,
    "name": "NATEON_39_01_set",
    "src_path": "/data/file/cubeManager/PROJECT001/84/txt20211108181225065714/NATEON_39_01_set/",
    "label_path": "/data/file/cubeManager/PROJECT001/84/txt20211108181225065714/NATEON_39_01_set/",
    "category": 2,
    "type": 0
  },
  "licenses": {
    "name": "Apache License 1.0",
    "url": "http://www.apache.org/licenses/LICENSE-1.0"
  },
  "info": [
    {
      "id": 141885,
      "filename": "NATEON_39_01.txt",
      "title": "NATEON_39_01",
      "mediatype": "메신저",
      "medianame": "네이트온",
      "category": "일상대화",
      "date": "2021-11-08",
      "size": 384,
      "annotations": {
        "subject": "식음료",
        "speaker_type": "다자간 대화",
        "size": 384,
        "word_size": 133,
        "text": "1 : 나 오늘 점심 뭐 먹지...\n2 : 오늘 점심은 다같이 중화요리 먹자 키키\n3 : 오늘 점심은 중화 요리?\n1 : 아 그거 좋네 난 간짜장\n2 : 나는 그럼 짬뽕 먹을래 키키\n3 : 나는 그냥 짜장면 곱배기!\n1 : 아 짬뽕도 너무 먹고 싶은데 ㅠㅠ\n2 : 나랑 같이 나눠 먹자\n2 : 키키 군만두 시키자\n3 : 짬뽕은 해물 짬뽕이지 존맛\n1 : 그거 탕수육이랑 세트로 시켜줘\n2 : 어어 세트에 양장피는 어때\n3 : 탕수육 세트는 진리지 그거지!\n1 : 양장피도 존맛이지... 그거도 시켜\n2 : 좋아 점심부터 푸파를 한번 해보자고 키키\n3 : 아니 우리 너무 시키는 거 아니야? 키키\n1 : 키키 야 먹을 때 잘 먹어야 돼\n2 : 먹고 싶은 거 다 먹어야지 키키\n3 : 맞아... 먹고 싶은 거 다 먹어야 돼",
        "lines": [
          {
            "id": 1,
            "text": "1 : 나 오늘 점심 뭐 먹지...",
            "norm_text": "나 오늘 점심 뭐 먹지...",
            "speaker": {
              "id": "1번",
              "sex": "여성",
              "age": "20대"
            },
            "speechAct": "(지시) 질문하기",
            "morpheme": "나/NP+오늘/MAG+점심/NNG+뭐/IC+먹/VV+지/EF+./SY"
          },
          {
            "id": 2,
            "text": "2 : 오늘 점심은 다같이 중화요리 먹자 키키",
            "norm_text": "오늘 점심은 다같이 중화요리 먹자 키키",
            "speaker": {
              "id": "2번",
              "sex": "여성",
              "age": "20대"
            },
            "speechAct": "(단언) 주장하기",
            "morpheme": "오늘/MAG+점심/NNG+은/JX+다/MAG+같이/MAG+중화요리/NNG+먹/VV+자/EC+키/NNG+키/XSV+ETN"
          },
          {
            "id": 3,
            "text": "3 : 오늘 점심은 중화 요리?",
            "norm_text": "오늘 점심은 중화 요리?",
            "speaker": {
              "id": "3번",
              "sex": "남성",
              "age": "20대"
            },
            "speechAct": "(지시) 질문하기",
            "morpheme": "오늘/MAG+점심/NNG+은/JX+중화요리/NNG"
          },
          {
            "id": 4,
            "text": "1 : 아 그거 좋네 난 간짜장",
            "norm_text": "아 그거 좋네 난 간짜장",
            "speaker": {
              "id": "1번",
              "sex": "여성",
              "age": "20대"
            },
            "speechAct": "(단언) 주장하기",
            "morpheme": "아/IC+그거/NP+좋/VA+네/EF+난/NP+JX+간짜장/NNG"
          },
          {
            "id": 5,
            "text": "2 : 나는 그럼 짬뽕 먹을래 키키",
            "norm_text": "나는 그럼 짬뽕 먹을래 키키",
            "speaker": {
              "id": "2번",
              "sex": "여성",
              "age": "20대"
            },
            "speechAct": "(단언) 주장하기",
            "morpheme": "나/NP+는/JX+그럼/MAJ+짬뽕/NNG+먹/VV+을래/EC+키/NNG+키/XSV+ETN"
          },
          {
            "id": 6,
            "text": "3 : 나는 그냥 짜장면 곱배기!",
            "norm_text": "나는 그냥 짜장면 곱배기!",
            "speaker": {
              "id": "3번",
              "sex": "남성",
              "age": "20대"
            },
            "speechAct": "(단언) 주장하기",
            "morpheme": "나/NP+는/JX+그냥/MAG+짜장면/NNG+곱배기/NNG"
          },
          {
            "id": 7,
            "text": "1 : 아 짬뽕도 너무 먹고 싶은데 ㅠㅠ",
            "norm_text": "아 짬뽕도 너무 먹고 싶은데 ㅠㅠ",
            "speaker": {
              "id": "1번",
              "sex": "여성",
              "age": "20대"
            },
            "speechAct": "(단언) 주장하기",
            "morpheme": "아/IC+짬뽕/NNG+도/JX+너무/MAG+먹/VV+고/EC+싶/VX+은데/EC+ㅠㅠ/UNKNOWN"
          },
          {
            "id": 8,
            "text": "2 : 나랑 같이 나눠 먹자",
            "norm_text": "나랑 같이 나눠 먹자",
            "speaker": {
              "id": "2번",
              "sex": "여성",
              "age": "20대"
            },
            "speechAct": "(단언) 주장하기",
            "morpheme": "나/NP+랑/JKB+같이/MAG+나눠/VV+EC+먹/VV+자/EC"
          },
          {
            "id": 9,
            "text": "2 : 키키 군만두 시키자",
            "norm_text": "키키 군만두 시키자",
            "speaker": {
              "id": "2번",
              "sex": "여성",
              "age": "20대"
            },
            "speechAct": "(단언) 주장하기",
            "morpheme": "키/NNG+키/NNG+군만두/NNG+시키/XSV+자/EC"
          },
          {
            "id": 10,
            "text": "3 : 짬뽕은 해물 짬뽕이지 존맛",
            "norm_text": "짬뽕은 해물 짬뽕이지 존맛",
            "speaker": {
              "id": "3번",
              "sex": "남성",
              "age": "20대"
            },
            "speechAct": "(단언) 주장하기",
            "morpheme": "짬뽕/NNG+은/JX+해물/NNG+짬뽕/NNG+이/JKS+지존/NNG+맛/NNG"
          },
          {
            "id": 11,
            "text": "1 : 그거 탕수육이랑 세트로 시켜줘",
            "norm_text": "그거 탕수육이랑 세트로 시켜줘",
            "speaker": {
              "id": "1번",
              "sex": "여성",
              "age": "20대"
            },
            "speechAct": "(단언) 주장하기",
            "morpheme": "그거/NP+탕수육/NNG+이랑/JKB+세트/NNG+로/JKB+시켜/VV+EC+줘/VX+EC"
          },
          {
            "id": 12,
            "text": "2 : 어어 세트에 양장피는 어때",
            "norm_text": "어어 세트에 양장피는 어때",
            "speaker": {
              "id": "2번",
              "sex": "여성",
              "age": "20대"
            },
            "speechAct": "(지시) 질문하기",
            "morpheme": "어/IC+어/IC+세트/NNG+에/JKB+양장피/NNG+는/JX+어때/VA+EC"
          },
          {
            "id": 13,
            "text": "3 : 탕수육 세트는 진리지 그거지!",
            "norm_text": "탕수육 세트는 진리지 그거지!",
            "speaker": {
              "id": "3번",
              "sex": "남성",
              "age": "20대"
            },
            "speechAct": "(단언) 진술하기",
            "morpheme": "탕수육/NNG+세트/NNG+는/JX+진리/NNG+지/VCP+EF+그거/NP+지/VCP+EF"
          },
          {
            "id": 14,
            "text": "1 : 양장피도 존맛이지... 그거도 시켜",
            "norm_text": "양장피도 존맛이지... 그거도 시켜",
            "speaker": {
              "id": "1번",
              "sex": "여성",
              "age": "20대"
            },
            "speechAct": "(단언) 주장하기",
            "morpheme": "양장피/NNG+도/JX+존/VA+ETM+맛/NNG+이/VCP+지/EF+./SY+그거/NP+도/JX+시켜/VV+EC"
          },
          {
            "id": 15,
            "text": "2 : 좋아 점심부터 푸파를 한번 해보자고 키키",
            "norm_text": "좋아 점심부터 푸파를 한번 해보자고 키키",
            "speaker": {
              "id": "2번",
              "sex": "여성",
              "age": "20대"
            },
            "speechAct": "(단언) 주장하기",
            "morpheme": "좋/VA+아/EC+점심/NNG+부터/JX+푸파/NNP+를/JKO+한번/MAG+해/VV+EC+보/VX+자고/EC+키/NNG+키/XSV+ETN"
          },
          {
            "id": 16,
            "text": "3 : 아니 우리 너무 시키는 거 아니야? 키키",
            "norm_text": "아니 우리 너무 시키는 거 아니야? 키키",
            "speaker": {
              "id": "3번",
              "sex": "남성",
              "age": "20대"
            },
            "speechAct": "(지시) 질문하기",
            "morpheme": "아니/IC+우리/NP+너무/MAG+시키/VV+는/ETM+거/NNB+아니/VCN+야/EF+키/NNG+키/XSV+ETN"
          },
          {
            "id": 17,
            "text": "1 : 키키 야 먹을 때 잘 먹어야 돼",
            "norm_text": "키키 야 먹을 때 잘 먹어야 돼",
            "speaker": {
              "id": "1번",
              "sex": "여성",
              "age": "20대"
            },
            "speechAct": "(단언) 주장하기",
            "morpheme": "키/NNG+키/VV+야/EC+먹/VV+을/ETM+때/NNG+잘/MAG+먹/VV+어야/EC+돼/VV+EC"
          },
          {
            "id": 18,
            "text": "2 : 먹고 싶은 거 다 먹어야지 키키",
            "norm_text": "먹고 싶은 거 다 먹어야지 키키",
            "speaker": {
              "id": "2번",
              "sex": "여성",
              "age": "20대"
            },
            "speechAct": "(단언) 주장하기",
            "morpheme": "먹/VV+고/EC+싶/VX+은/ETM+거/NNB+다/MAG+먹/VV+어야지/EC+키/NNG+키/XSV+ETN"
          },
          {
            "id": 19,
            "text": "3 : 맞아... 먹고 싶은 거 다 먹어야 돼",
            "norm_text": "맞아... 먹고 싶은 거 다 먹어야 돼",
            "speaker": {
              "id": "3번",
              "sex": "남성",
              "age": "20대"
            },
            "speechAct": "(단언) 주장하기",
            "morpheme": "맞/VV+아/EF+./SY+먹/VV+고/EC+싶/VX+은/ETM+거/NNB+다/MAG+먹/VV+어야/EC+돼/VV+EC"
          }
        ]
      }
    }
  ]
}