{
  "dataset": {
    "identifier": 112830,
    "name": "NATEON_33_14_set",
    "src_path": "/data/file/cubeManager/PROJECT001/80/txt20211102173312096134/NATEON_33_14_set/",
    "label_path": "/data/file/cubeManager/PROJECT001/80/txt20211102173312096134/NATEON_33_14_set/",
    "category": 2,
    "type": 0
  },
  "licenses": {
    "name": "Apache License 1.0",
    "url": "http://www.apache.org/licenses/LICENSE-1.0"
  },
  "info": [
    {
      "id": 131866,
      "filename": "NATEON_33_14.txt",
      "title": "NATEON_33_14",
      "mediatype": "메신저",
      "medianame": "네이트온",
      "category": "일상대화",
      "date": "2021-11-02",
      "size": 463,
      "annotations": {
        "subject": "사회이슈",
        "speaker_type": "다자간 대화",
        "size": 463,
        "word_size": 148,
        "text": "1 : 오늘 노태우 전 대통령 돌아가셨대ㅠㅠ\n2 : 그 분 언제 대통령 하셨던 분이지 ...\n3 : 아 안그래도 방금 뉴스로 봤어!\n1 : 엄청 오래됐는데 징역 살았지않아?\n2 : 나 진짜 사회에 많이 관심이 없나봐 ㅠㅠ\n3 : 그렇지 전두환 전 대통령이랑 같이!\n1 : 키키 아니야 괜찮아 하하\n1 : 그래서 대통령 예우도 박탈당했잖아\n2 : 헐 그런 몰랐네\n2 : 이름만 들으면 누군지 몰랐을 듯 키키\n3 : 그렇지 아마도?\n3 : 환희와 최악이 같이 있었네ㅠ\n1 : 그러게...\n1 : 내가 알던 대통령들이 점점 사라져가ㅠ\n2 : 이런거 보면 시간이 정말 빨리가\n3 : 내가 점점 나이가 들어가는거 같네ㅠ\n1 : 응ㅎ 이런 기사보면 더 그런거같아\n2 : 그러게 내년에 투표도 있는거 알지?\n3 : 맞아 투표는 잊지않고 해야지!\n1 : 맞아 투표는 국민의 권리이니까 하하\n2 : 웅 젊은 사람들도 많이 참여 한다고 하더라 하하\n3 : 응 난 사전투표 해야지 하하",
        "lines": [
          {
            "id": 1,
            "text": "1 : 오늘 노태우 전 대통령 돌아가셨대ㅠㅠ",
            "norm_text": "오늘 노태우 전 대통령 돌아가셨대ㅠㅠ",
            "speaker": {
              "id": "1번",
              "sex": "여성",
              "age": "20대"
            },
            "speechAct": "(단언) 진술하기",
            "morpheme": "오늘/MAG+노태/NNG+우전/NNG+대통령/NNG+돌아가/VV+셨/EP+EP+대/EF+ㅠㅠ/UNKNOWN"
          },
          {
            "id": 2,
            "text": "2 : 그 분 언제 대통령 하셨던 분이지 ...",
            "norm_text": "그 분 언제 대통령 하셨던 분이지 ...",
            "speaker": {
              "id": "2번",
              "sex": "여성",
              "age": "20대"
            },
            "speechAct": "(단언) 주장하기",
            "morpheme": "그분/NP+언제/MAG+대통령/NNG+하/XSV+셨/EP+EP+던/ETM+분/NNB+이/VCP+지/EF+./SY"
          },
          {
            "id": 3,
            "text": "3 : 아 안그래도 방금 뉴스로 봤어!",
            "norm_text": "아 안그래도 방금 뉴스로 봤어!",
            "speaker": {
              "id": "3번",
              "sex": "남성",
              "age": "20대"
            },
            "speechAct": "(단언) 진술하기",
            "morpheme": "아/IC+안/MAG+그래도/VV+EC+방금/MAG+뉴스/NNG+로/JKB+봤/VV+EP+어/EF"
          },
          {
            "id": 4,
            "text": "1 : 엄청 오래됐는데 징역 살았지않아?",
            "norm_text": "엄청 오래됐는데 징역 살았지않아?",
            "speaker": {
              "id": "1번",
              "sex": "여성",
              "age": "20대"
            },
            "speechAct": "(지시) 질문하기",
            "morpheme": "엄청/MAG+오래/MAG+됐/VV+EP+는데/EC+징역/NNG+살/VV+았/EP+지/EC+않/VX+아/EF"
          },
          {
            "id": 5,
            "text": "2 : 나 진짜 사회에 많이 관심이 없나봐 ㅠㅠ",
            "norm_text": "나 진짜 사회에 많이 관심이 없나봐 ㅠㅠ",
            "speaker": {
              "id": "2번",
              "sex": "여성",
              "age": "20대"
            },
            "speechAct": "(단언) 주장하기",
            "morpheme": "나/NP+진짜/MAG+사회/NNG+에/JKB+많이/MAG+관심/NNG+이/JKS+없/VA+나/EC+봐/VX+EF+ㅠㅠ/UNKNOWN"
          },
          {
            "id": 6,
            "text": "3 : 그렇지 전두환 전 대통령이랑 같이!",
            "norm_text": "그렇지 전두환 전 대통령이랑 같이!",
            "speaker": {
              "id": "3번",
              "sex": "남성",
              "age": "20대"
            },
            "speechAct": "(단언) 진술하기",
            "morpheme": "그렇/VA+지/EC+전두환/NNP+전/+대통령/+이/XSN+랑/JKB+같이/MAG"
          },
          {
            "id": 7,
            "text": "1 : 키키 아니야 괜찮아 하하",
            "norm_text": "키키 아니야 괜찮아 하하",
            "speaker": {
              "id": "1번",
              "sex": "여성",
              "age": "20대"
            },
            "speechAct": "(단언) 주장하기",
            "morpheme": "키/NNG+키/XSV+ETN+아니/VCN+야/EC+괜찮/VA+아/EC+하하/MAG"
          },
          {
            "id": 8,
            "text": "1 : 그래서 대통령 예우도 박탈당했잖아",
            "norm_text": "그래서 대통령 예우도 박탈당했잖아",
            "speaker": {
              "id": "1번",
              "sex": "여성",
              "age": "20대"
            },
            "speechAct": "(단언) 주장하기",
            "morpheme": "그래서/MAJ+대통령/NNG+예우/NNG+도/JX+박탈/NNG+당했/XSV+EP+잖아/EC"
          },
          {
            "id": 9,
            "text": "2 : 헐 그런 몰랐네",
            "norm_text": "헐 그런 몰랐네",
            "speaker": {
              "id": "2번",
              "sex": "여성",
              "age": "20대"
            },
            "speechAct": "(단언) 주장하기",
            "morpheme": "헐/IC+그런/MM+몰랐/VV+EP+네/EF"
          },
          {
            "id": 10,
            "text": "2 : 이름만 들으면 누군지 몰랐을 듯 키키",
            "norm_text": "이름만 들으면 누군지 몰랐을 듯 키키",
            "speaker": {
              "id": "2번",
              "sex": "여성",
              "age": "20대"
            },
            "speechAct": "(단언) 주장하기",
            "morpheme": "이름/NNG+만/JX+들으면/VV+EC+누군지/NP+VCP+EC+몰랐/VV+EP+을/ETM+듯/NNB+키/NNG+키/XSV+ETN"
          },
          {
            "id": 11,
            "text": "3 : 그렇지 아마도?",
            "norm_text": "그렇지 아마도?",
            "speaker": {
              "id": "3번",
              "sex": "남성",
              "age": "20대"
            },
            "speechAct": "(단언) 주장하기",
            "morpheme": "그렇/VA+지/EF+아마도/MAG"
          },
          {
            "id": 12,
            "text": "3 : 환희와 최악이 같이 있었네ㅠ",
            "norm_text": "환희와 최악이 같이 있었네ㅠ",
            "speaker": {
              "id": "3번",
              "sex": "남성",
              "age": "20대"
            },
            "speechAct": "(단언) 주장하기",
            "morpheme": "환희/NNG+와/JC+최악/NNG+이/JKS+같이/MAG+있/VV+었/EP+네ㅠ/UNKNOWN"
          },
          {
            "id": 13,
            "text": "1 : 그러게...",
            "norm_text": "그러게...",
            "speaker": {
              "id": "1번",
              "sex": "여성",
              "age": "20대"
            },
            "speechAct": "(단언) 주장하기",
            "morpheme": "그러게/IC+./SY"
          },
          {
            "id": 14,
            "text": "1 : 내가 알던 대통령들이 점점 사라져가ㅠ",
            "norm_text": "내가 알던 대통령들이 점점 사라져가ㅠ",
            "speaker": {
              "id": "1번",
              "sex": "여성",
              "age": "20대"
            },
            "speechAct": "(단언) 진술하기",
            "morpheme": "내/NP+가/JKS+알/VV+던/ETM+대통령/NNG+들/XSN+이/JKS+점점/MAG+사라져/VV+EC+가ㅠ/UNKNOWN"
          },
          {
            "id": 15,
            "text": "2 : 이런거 보면 시간이 정말 빨리가",
            "norm_text": "이런거 보면 시간이 정말 빨리가",
            "speaker": {
              "id": "2번",
              "sex": "여성",
              "age": "20대"
            },
            "speechAct": "(단언) 주장하기",
            "morpheme": "이런/MM+거/NNB+보/VV+면/EC+시간/NNG+이/JKS+정말/MAG+빨리/MAG+가/VV+EC"
          },
          {
            "id": 16,
            "text": "3 : 내가 점점 나이가 들어가는거 같네ㅠ",
            "norm_text": "내가 점점 나이가 들어가는거 같네ㅠ",
            "speaker": {
              "id": "3번",
              "sex": "남성",
              "age": "20대"
            },
            "speechAct": "(단언) 진술하기",
            "morpheme": "내/NP+가/JKS+점점/MAG+나이/NNG+가/JKS+들어가/VV+는/ETM+거/NNB+같/VA+네/EF+ㅠ/UNKNOWN"
          },
          {
            "id": 17,
            "text": "1 : 응ㅎ 이런 기사보면 더 그런거같아",
            "norm_text": "응ㅎ 이런 기사보면 더 그런거같아",
            "speaker": {
              "id": "1번",
              "sex": "여성",
              "age": "20대"
            },
            "speechAct": "(단언) 주장하기",
            "morpheme": "응/XR+ㅎ/XSA+이런/MM+기사/NNG+보/VV+면/EC+더/MAG+그런/VA+ETM+거/NNB+같/VA+아/EC"
          },
          {
            "id": 18,
            "text": "2 : 그러게 내년에 투표도 있는거 알지?",
            "norm_text": "그러게 내년에 투표도 있는거 알지?",
            "speaker": {
              "id": "2번",
              "sex": "여성",
              "age": "20대"
            },
            "speechAct": "(지시) 질문하기",
            "morpheme": "그러/VV+게/EC+내년/NNG+에/JKB+투표/NNG+도/JX+있/VX+는/ETM+거/NNB+알/VV+지/EF"
          },
          {
            "id": 19,
            "text": "3 : 맞아 투표는 잊지않고 해야지!",
            "norm_text": "맞아 투표는 잊지않고 해야지!",
            "speaker": {
              "id": "3번",
              "sex": "남성",
              "age": "20대"
            },
            "speechAct": "(단언) 주장하기",
            "morpheme": "맞/VV+아/EC+투표/NNG+는/JX+잊/VV+지/EC+않/VX+고/EC+해야지/VV+EF"
          },
          {
            "id": 20,
            "text": "1 : 맞아 투표는 국민의 권리이니까 하하",
            "norm_text": "맞아 투표는 국민의 권리이니까 하하",
            "speaker": {
              "id": "1번",
              "sex": "여성",
              "age": "20대"
            },
            "speechAct": "(단언) 주장하기",
            "morpheme": "맞/VV+아/EC+투표/NNG+는/JX+국민/NNG+의/JKG+권리/NNG+이/VCP+니까/EC+하하/MAG"
          },
          {
            "id": 21,
            "text": "2 : 웅 젊은 사람들도 많이 참여 한다고 하더라 하하",
            "norm_text": "웅 젊은 사람들도 많이 참여 한다고 하더라 하하",
            "speaker": {
              "id": "2번",
              "sex": "여성",
              "age": "20대"
            },
            "speechAct": "(단언) 주장하기",
            "morpheme": "웅/IC+젊/VA+은/ETM+사람/NNG+들/XSN+도/JX+많이/MAG+참여/NNG+한다고/XSV+EC+하/VV+더라/EC+하하/MAG"
          },
          {
            "id": 22,
            "text": "3 : 응 난 사전투표 해야지 하하",
            "norm_text": "응 난 사전투표 해야지 하하",
            "speaker": {
              "id": "3번",
              "sex": "남성",
              "age": "20대"
            },
            "speechAct": "(단언) 진술하기",
            "morpheme": "응/IC+난/NP+JX+사전/NNG+투표/NNG+해야/XSV+EC+지하/NNG+하/XSV"
          }
        ]
      }
    }
  ]
}