{
  "dataset": {
    "identifier": 128846,
    "name": "NATEON_25_06_set",
    "src_path": "/data/file/cubeManager/PROJECT001/84/txt202111091452450065100/NATEON_25_06_set/",
    "label_path": "/data/file/cubeManager/PROJECT001/84/txt202111091452450065100/NATEON_25_06_set/",
    "category": 2,
    "type": 0
  },
  "licenses": {
    "name": "Apache License 1.0",
    "url": "http://www.apache.org/licenses/LICENSE-1.0"
  },
  "info": [
    {
      "id": 143351,
      "filename": "NATEON_25_06.txt",
      "title": "NATEON_25_06",
      "mediatype": "메신저",
      "medianame": "네이트온",
      "category": "일상대화",
      "date": "2021-11-09",
      "size": 583,
      "annotations": {
        "subject": "교육",
        "speaker_type": "1:1",
        "size": 583,
        "word_size": 195,
        "text": "1 : 언니는 전학 가 본 적 있어?\n2 : 나는 초등학교 때 1번! 너는 자주 다닌 편이었어?\n1 : 그렇구나.\n1 : 아니 나는 단 한 번도 안 가봤어.\n1 : 친구들이랑 헤어지면 슬플 거 같아 ㅠㅠ\n2 : 아! 나는 초등학교 때는 새 학교 3개 동시에 생겨서 친구들 다 나눠지고 그랬었어.!\n1 : 오, 그런 일도 있구나!\n1 : 언니는 외국어 배우는 거 좋아해?\n2 : 아니 나는 아무래도 그쪽으로는 안 맞는 거 같아...\n2 : 너는 영어 말고 배운 거 있어?\n1 : 어릴 때 중국어 조금이라서 다 까먹었어! 하하\n1 : 언니는 영어 말고 있어?\n2 : 나는 스페인어를 배웠어!\n1 : 우와 멋있다!\n1 : 몇 년 정도?\n2 : 몇 년까지는 아니고 대학교 때 한 학기 교양으로!\n2 : 그래서 스페인어 읽을 줄은 알아\n1 : 읽는 것도 멋진 걸?\n2 : 혀 굴리기 발음은 안 되지만 하하\n2 : 넌 중국어 발음 잘해?\n1 : 어릴 땐 성조랑 발음 괜찮은 편이라고 들었는데 다 까먹어서 이젠 모르겠다!\n2 : 오! 중국어는 근데 한자 보고 읽는 거야?\n1 : 아니! 병음 표기 보고 읽어!\n1 : 한자는 몰라 하하\n2 : 병음이 뭐지...?\n2 : 영어로 되어있는 그거 였낭 하하",
        "lines": [
          {
            "id": 1,
            "text": "1 : 언니는 전학 가 본 적 있어?",
            "norm_text": "언니는 전학 가 본 적 있어?",
            "speaker": {
              "id": "1번",
              "sex": "여성",
              "age": "20대"
            },
            "speechAct": "(지시) 질문하기",
            "morpheme": "언니/NNG+는/JX+전학/NNG+가본/NNG+적/XSN+있/VA+어/EF"
          },
          {
            "id": 2,
            "text": "2 : 나는 초등학교 때 1번! 너는 자주 다닌 편이었어?",
            "norm_text": "나는 초등학교 때 1번! 너는 자주 다닌 편이었어?",
            "speaker": {
              "id": "2번",
              "sex": "여성",
              "age": "20대"
            },
            "speechAct": "(지시) 질문하기",
            "morpheme": "나/NP+는/JX+초등/NNG+학교/NNG+때/NNG+1/SN+번/NNBC+너/NP+는/JX+자주/MAG+다닌/VV+ETM+편/NNB+이/VCP+었/EP+어/EF"
          },
          {
            "id": 3,
            "text": "1 : 그렇구나.",
            "norm_text": "그렇구나.",
            "speaker": {
              "id": "1번",
              "sex": "여성",
              "age": "20대"
            },
            "speechAct": "(표현) 긍정감정 표현하기",
            "morpheme": "그렇/VA+구나/EF"
          },
          {
            "id": 4,
            "text": "1 : 아니 나는 단 한 번도 안 가봤어.",
            "norm_text": "아니 나는 단 한 번도 안 가봤어.",
            "speaker": {
              "id": "1번",
              "sex": "여성",
              "age": "20대"
            },
            "speechAct": "(단언) 진술하기",
            "morpheme": "아니/IC+나/NP+는/JX+단/MM+한/MM+번/NNBC+도/JX+안/MAG+가/VV+EC+봤/VX+EP+어/EF"
          },
          {
            "id": 5,
            "text": "1 : 친구들이랑 헤어지면 슬플 거 같아 ㅠㅠ",
            "norm_text": "친구들이랑 헤어지면 슬플 거 같아 ㅠㅠ",
            "speaker": {
              "id": "1번",
              "sex": "여성",
              "age": "20대"
            },
            "speechAct": "(단언) 진술하기",
            "morpheme": "친구/NNG+들/XSN+이랑/JKB+헤어지/VV+면/EC+슬플/VA+ETM+거/NNB+같/VA+아/EC+ㅠㅠ/UNKNOWN"
          },
          {
            "id": 6,
            "text": "2 : 아! 나는 초등학교 때는 새 학교 3개 동시에 생겨서 친구들 다 나눠지고 그랬었어.!",
            "norm_text": "아! 나는 초등학교 때는 새 학교 3개 동시에 생겨서 친구들 다 나눠지고 그랬었어.!",
            "speaker": {
              "id": "2번",
              "sex": "여성",
              "age": "20대"
            },
            "speechAct": "(단언) 진술하기",
            "morpheme": "아/IC+나/NP+는/JX+초등/NNG+학교/NNG+때/NNG+는/JX+새/MM+학교/NNG+3/SN+개/NNBC+동시/NNG+에/JKB+생겨서/VV+EC+친구/NNG+들/XSN+다/MAG+나눠/VV+EC+지/VX+고/EC+그랬었/VV+EP+어/EC+./SY"
          },
          {
            "id": 7,
            "text": "1 : 오, 그런 일도 있구나!",
            "norm_text": "오, 그런 일도 있구나!",
            "speaker": {
              "id": "1번",
              "sex": "여성",
              "age": "20대"
            },
            "speechAct": "(단언) 진술하기",
            "morpheme": "오/IC+,/SC+그런/MM+일/NNG+도/JX+있/VA+구나/EF"
          },
          {
            "id": 8,
            "text": "1 : 언니는 외국어 배우는 거 좋아해?",
            "norm_text": "언니는 외국어 배우는 거 좋아해?",
            "speaker": {
              "id": "1번",
              "sex": "여성",
              "age": "20대"
            },
            "speechAct": "(지시) 질문하기",
            "morpheme": "언니/NNG+는/JX+외국어/NNG+배우/VV+는/ETM+거/NNB+좋/VA+아/EC+해/VX+EF"
          },
          {
            "id": 9,
            "text": "2 : 아니 나는 아무래도 그쪽으로는 안 맞는 거 같아...",
            "norm_text": "아니 나는 아무래도 그쪽으로는 안 맞는 거 같아...",
            "speaker": {
              "id": "2번",
              "sex": "여성",
              "age": "20대"
            },
            "speechAct": "(단언) 진술하기",
            "morpheme": "아니/IC+나/NP+는/JX+아무래도/MAG+그쪽/NP+으로/JKB+는/JX+안/MAG+맞/VV+는/ETM+거/NNB+같/VA+아/EF+./SY"
          },
          {
            "id": 10,
            "text": "2 : 너는 영어 말고 배운 거 있어?",
            "norm_text": "너는 영어 말고 배운 거 있어?",
            "speaker": {
              "id": "2번",
              "sex": "여성",
              "age": "20대"
            },
            "speechAct": "(지시) 질문하기",
            "morpheme": "너/NP+는/JX+영어/NNG+말/VV+고/EC+배운/VV+ETM+거/NNB+있/VA+어/EF"
          },
          {
            "id": 11,
            "text": "1 : 어릴 때 중국어 조금이라서 다 까먹었어! 하하",
            "norm_text": "어릴 때 중국어 조금이라서 다 까먹었어! 하하",
            "speaker": {
              "id": "1번",
              "sex": "여성",
              "age": "20대"
            },
            "speechAct": "(단언) 진술하기",
            "morpheme": "어릴/VA+ETM+때/NNG+중국어/NNG+조금/NNG+이/VCP+라서/EC+다/MAG+까먹/VV+었/EP+어/EF+하하/MAG"
          },
          {
            "id": 12,
            "text": "1 : 언니는 영어 말고 있어?",
            "norm_text": "언니는 영어 말고 있어?",
            "speaker": {
              "id": "1번",
              "sex": "여성",
              "age": "20대"
            },
            "speechAct": "(지시) 질문하기",
            "morpheme": "언니/NNG+는/JX+영어/NNG+말/VV+고/EC+있/VX+어/EF"
          },
          {
            "id": 13,
            "text": "2 : 나는 스페인어를 배웠어!",
            "norm_text": "나는 스페인어를 배웠어!",
            "speaker": {
              "id": "2번",
              "sex": "여성",
              "age": "20대"
            },
            "speechAct": "(단언) 진술하기",
            "morpheme": "나/NP+는/JX+스페인어/NNP+를/JKO+배웠/VV+EP+어/EF"
          },
          {
            "id": 14,
            "text": "1 : 우와 멋있다!",
            "norm_text": "우와 멋있다!",
            "speaker": {
              "id": "1번",
              "sex": "여성",
              "age": "20대"
            },
            "speechAct": "(단언) 진술하기",
            "morpheme": "우와/IC+멋있/VA+다/EF"
          },
          {
            "id": 15,
            "text": "1 : 몇 년 정도?",
            "norm_text": "몇 년 정도?",
            "speaker": {
              "id": "1번",
              "sex": "여성",
              "age": "20대"
            },
            "speechAct": "(지시) 질문하기",
            "morpheme": "몇/MM+년/NNBC+정도/NNG"
          },
          {
            "id": 16,
            "text": "2 : 몇 년까지는 아니고 대학교 때 한 학기 교양으로!",
            "norm_text": "몇 년까지는 아니고 대학교 때 한 학기 교양으로!",
            "speaker": {
              "id": "2번",
              "sex": "여성",
              "age": "20대"
            },
            "speechAct": "(단언) 진술하기",
            "morpheme": "몇/MM+년/NNBC+까지/JX+는/JX+아니/VCN+고/EC+대학교/NNG+때/NNG+한/XSA+ETM+학기/NNG+교양/NNG+으로/JKB"
          },
          {
            "id": 17,
            "text": "2 : 그래서 스페인어 읽을 줄은 알아",
            "norm_text": "그래서 스페인어 읽을 줄은 알아",
            "speaker": {
              "id": "2번",
              "sex": "여성",
              "age": "20대"
            },
            "speechAct": "(단언) 진술하기",
            "morpheme": "그래서/MAJ+스페인어/NNP+읽/VV+을/ETM+줄/NNB+은/JX+알/VV+아/EC"
          },
          {
            "id": 18,
            "text": "1 : 읽는 것도 멋진 걸?",
            "norm_text": "읽는 것도 멋진 걸?",
            "speaker": {
              "id": "1번",
              "sex": "여성",
              "age": "20대"
            },
            "speechAct": "(지시) 질문하기",
            "morpheme": "읽/VV+는/ETM+것/NNB+도/JX+멋진/VA+ETM+걸/NNB+JKO"
          },
          {
            "id": 19,
            "text": "2 : 혀 굴리기 발음은 안 되지만 하하",
            "norm_text": "혀 굴리기 발음은 안 되지만 하하",
            "speaker": {
              "id": "2번",
              "sex": "여성",
              "age": "20대"
            },
            "speechAct": "(단언) 진술하기",
            "morpheme": "혀/NNG+굴리/VV+기/ETN+발음/NNG+은/JX+안/MAG+되/VV+지만/EC+하하/MAG"
          },
          {
            "id": 20,
            "text": "2 : 넌 중국어 발음 잘해?",
            "norm_text": "넌 중국어 발음 잘해?",
            "speaker": {
              "id": "2번",
              "sex": "여성",
              "age": "20대"
            },
            "speechAct": "(지시) 질문하기",
            "morpheme": "넌/NP+JX+중국어/NNG+발음/NNG+잘/MAG+해/VV+EF"
          },
          {
            "id": 21,
            "text": "1 : 어릴 땐 성조랑 발음 괜찮은 편이라고 들었는데 다 까먹어서 이젠 모르겠다!",
            "norm_text": "어릴 땐 성조랑 발음 괜찮은 편이라고 들었는데 다 까먹어서 이젠 모르겠다!",
            "speaker": {
              "id": "1번",
              "sex": "여성",
              "age": "20대"
            },
            "speechAct": "(단언) 진술하기",
            "morpheme": "어릴/VA+ETM+땐/NNG+JX+성조/NNG+랑/JKB+발음/NNG+괜찮/VA+은/ETM+편/NNB+이/VCP+라고/EC+들/VX+었/EP+는데/EC+다/MAG+까먹/VV+어서/EC+이젠/NNG+JX+모르/VV+겠/EP+다/EF"
          },
          {
            "id": 22,
            "text": "2 : 오! 중국어는 근데 한자 보고 읽는 거야?",
            "norm_text": "오! 중국어는 근데 한자 보고 읽는 거야?",
            "speaker": {
              "id": "2번",
              "sex": "여성",
              "age": "20대"
            },
            "speechAct": "(지시) 질문하기",
            "morpheme": "오/IC+중국어/NNG+는/JX+근데/MAJ+한자/NNG+보/VV+고/EC+읽/VV+는/ETM+거/NNB+야/VCP+EF"
          },
          {
            "id": 23,
            "text": "1 : 아니! 병음 표기 보고 읽어!",
            "norm_text": "아니! 병음 표기 보고 읽어!",
            "speaker": {
              "id": "1번",
              "sex": "여성",
              "age": "20대"
            },
            "speechAct": "(단언) 진술하기",
            "morpheme": "아니/IC+병음/NNP+표기/NNG+보/VV+고/EC+읽/VV+어/EF"
          },
          {
            "id": 24,
            "text": "1 : 한자는 몰라 하하",
            "norm_text": "한자는 몰라 하하",
            "speaker": {
              "id": "1번",
              "sex": "여성",
              "age": "20대"
            },
            "speechAct": "(단언) 진술하기",
            "morpheme": "한자/NNG+는/JX+몰라/VV+EC+하하/MAG"
          },
          {
            "id": 25,
            "text": "2 : 병음이 뭐지...?",
            "norm_text": "병음이 뭐지...?",
            "speaker": {
              "id": "2번",
              "sex": "여성",
              "age": "20대"
            },
            "speechAct": "(지시) 질문하기",
            "morpheme": "병음/NNP+이/JKS+뭐/NP+지/VCP+EF+./SY+./SY"
          },
          {
            "id": 26,
            "text": "2 : 영어로 되어있는 그거 였낭 하하",
            "norm_text": "영어로 되어있는 그거 였낭 하하",
            "speaker": {
              "id": "2번",
              "sex": "여성",
              "age": "20대"
            },
            "speechAct": "(단언) 진술하기",
            "morpheme": "영어/NNG+로/JKB+되/VV+어/EC+있/VX+는/ETM+그거/NP+였/VCP+EP+낭하/NNG+하/XSV"
          }
        ]
      }
    }
  ]
}