{
  "dataset": {
    "identifier": 129737,
    "name": "NATEON_42_06_set",
    "src_path": "/data/file/cubeManager/PROJECT001/84/txt20211104173553008856/NATEON_42_06_set/",
    "label_path": "/data/file/cubeManager/PROJECT001/84/txt20211104173553008856/NATEON_42_06_set/",
    "category": 2,
    "type": 0
  },
  "licenses": {
    "name": "Apache License 1.0",
    "url": "http://www.apache.org/licenses/LICENSE-1.0"
  },
  "info": [
    {
      "id": 137233,
      "filename": "NATEON_42_06.txt",
      "title": "NATEON_42_06",
      "mediatype": "메신저",
      "medianame": "네이트온",
      "category": "일상대화",
      "date": "2021-11-04",
      "size": 454,
      "annotations": {
        "subject": "교육",
        "speaker_type": "다자간 대화",
        "size": 454,
        "word_size": 170,
        "text": "1 : 나 교본 만들려고 인쇄실 옴~\n2 : 오 인쇄실 거기 마음대로 써도 돼?\n3 : 갑자기 책은 왜 필요한 거야?\n1 : 시험 준비!\n1 : 돈 주고 써야지 키키\n2 : 그거 복사는 얼마나 해야 되는 거야?\n3 : 키키 어떤 책이 필요했는데?\n1 : 복사\n1 : 책 한 권 해야지!\n1 : 나 언어책\n2 : 책 한 권 엄청 두꺼울 듯 키키\n3 : 아아 서점 갔는데 너무 비싸서?\n1 : 응 그래서 친구 책 빌려서 교본 뜨려고\n2 : 근데 그거 좋다\n2 : 서로 책 한 권씩 사고 복사해서 쓰는 거 키키\n3 : 그래\n3 : 나 학교 다닐 때도 그렇게 했어\n1 : 응 나 대학교 때 하던 거 그대로 하네 키키\n2 : 나는 대학교 안 가 봐서 그런 문화 몰라 ㅠㅠ\n3 : 키키 너 완전 양애취네~\n3 : 맞지?\n1 : 아 이렇게 하면 돈도 아끼고 좋아!\n2 : 맞아\n2 : 그렇게 많이 한다고 들은 거 같아 키키\n3 : 키키 나도 다음에 필요할 때 말할께!",
        "lines": [
          {
            "id": 1,
            "text": "1 : 나 교본 만들려고 인쇄실 옴~",
            "norm_text": "나 교본 만들려고 인쇄실 옴~",
            "speaker": {
              "id": "1번",
              "sex": "여성",
              "age": "20대"
            },
            "speechAct": "(단언) 진술하기",
            "morpheme": "나교본만들려고인쇄실옴/UNKNOWN+~/SY"
          },
          {
            "id": 2,
            "text": "2 : 오 인쇄실 거기 마음대로 써도 돼?",
            "norm_text": "오 인쇄실 거기 마음대로 써도 돼?",
            "speaker": {
              "id": "2번",
              "sex": "여성",
              "age": "20대"
            },
            "speechAct": "(지시) 질문하기",
            "morpheme": "오인/NNG+쇄/VV+실/EP+ETM+거기/NP+마음대로/MAG+써도/VV+EC+돼/VV+EF"
          },
          {
            "id": 3,
            "text": "3 : 갑자기 책은 왜 필요한 거야?",
            "norm_text": "갑자기 책은 왜 필요한 거야?",
            "speaker": {
              "id": "3번",
              "sex": "남성",
              "age": "20대"
            },
            "speechAct": "(지시) 질문하기",
            "morpheme": "갑자기/MAG+책/NNG+은/JX+왜/MAG+필요/NNG+한/XSA+ETM+거/NNB+야/VCP+EF"
          },
          {
            "id": 4,
            "text": "1 : 시험 준비!",
            "norm_text": "시험 준비!",
            "speaker": {
              "id": "1번",
              "sex": "여성",
              "age": "20대"
            },
            "speechAct": "(단언) 진술하기",
            "morpheme": "시험/NNG+준비/NNG"
          },
          {
            "id": 5,
            "text": "1 : 돈 주고 써야지 키키",
            "norm_text": "돈 주고 써야지 키키",
            "speaker": {
              "id": "1번",
              "sex": "여성",
              "age": "20대"
            },
            "speechAct": "(단언) 진술하기",
            "morpheme": "돈/NNG+주/VV+고/EC+써야지/VV+EC+키/NNG+키/XSV+ETN"
          },
          {
            "id": 6,
            "text": "2 : 그거 복사는 얼마나 해야 되는 거야?",
            "norm_text": "그거 복사는 얼마나 해야 되는 거야?",
            "speaker": {
              "id": "2번",
              "sex": "여성",
              "age": "20대"
            },
            "speechAct": "(지시) 질문하기",
            "morpheme": "그거/NP+복사/NNG+는/JX+얼마나/MAG+해야/VV+EC+되/VV+는/ETM+거/NNB+야/VCP+EF"
          },
          {
            "id": 7,
            "text": "3 : 키키 어떤 책이 필요했는데?",
            "norm_text": "키키 어떤 책이 필요했는데?",
            "speaker": {
              "id": "3번",
              "sex": "남성",
              "age": "20대"
            },
            "speechAct": "(지시) 질문하기",
            "morpheme": "키키/NNP+어떤/MM+책/NNG+이/JKS+필요/NNG+했/XSV+EP+는데/EF"
          },
          {
            "id": 8,
            "text": "1 : 복사",
            "norm_text": "복사",
            "speaker": {
              "id": "1번",
              "sex": "여성",
              "age": "20대"
            },
            "speechAct": "턴토크 사인(관습적 반응)",
            "morpheme": "복사/NNG"
          },
          {
            "id": 9,
            "text": "1 : 책 한 권 해야지!",
            "norm_text": "책 한 권 해야지!",
            "speaker": {
              "id": "1번",
              "sex": "여성",
              "age": "20대"
            },
            "speechAct": "(단언) 진술하기",
            "morpheme": "책/NNG+한/MM+권/NNBC+해야지/VV+EF"
          },
          {
            "id": 10,
            "text": "1 : 나 언어책",
            "norm_text": "나 언어책",
            "speaker": {
              "id": "1번",
              "sex": "여성",
              "age": "20대"
            },
            "speechAct": "(단언) 진술하기",
            "morpheme": "나/NP+언어/NNG+책/NNG"
          },
          {
            "id": 11,
            "text": "2 : 책 한 권 엄청 두꺼울 듯 키키",
            "norm_text": "책 한 권 엄청 두꺼울 듯 키키",
            "speaker": {
              "id": "2번",
              "sex": "여성",
              "age": "20대"
            },
            "speechAct": "(단언) 주장하기",
            "morpheme": "책/NNG+한/MM+권/NNBC+엄청/MAG+두/JX+꺼/MAG+울/VV+듯/EC+키/NNG+키/XSV+ETN"
          },
          {
            "id": 12,
            "text": "3 : 아아 서점 갔는데 너무 비싸서?",
            "norm_text": "아아 서점 갔는데 너무 비싸서?",
            "speaker": {
              "id": "3번",
              "sex": "남성",
              "age": "20대"
            },
            "speechAct": "(지시) 질문하기",
            "morpheme": "아/VV+아서/EC+점/NNG+갔/VV+EP+는데/EC+너무/MAG+비싸/VA+서/EC"
          },
          {
            "id": 13,
            "text": "1 : 응 그래서 친구 책 빌려서 교본 뜨려고",
            "norm_text": "응 그래서 친구 책 빌려서 교본 뜨려고",
            "speaker": {
              "id": "1번",
              "sex": "여성",
              "age": "20대"
            },
            "speechAct": "(단언) 진술하기",
            "morpheme": "응/IC+그래서/MAJ+친구/NNG+책/NNG+빌려서/VV+EC+교본/NNG+뜨/VV+려고/EC"
          },
          {
            "id": 14,
            "text": "2 : 근데 그거 좋다",
            "norm_text": "근데 그거 좋다",
            "speaker": {
              "id": "2번",
              "sex": "여성",
              "age": "20대"
            },
            "speechAct": "(단언) 주장하기",
            "morpheme": "근데/MAJ+그거/NP+좋/VA+다/EC"
          },
          {
            "id": 15,
            "text": "2 : 서로 책 한 권씩 사고 복사해서 쓰는 거 키키",
            "norm_text": "서로 책 한 권씩 사고 복사해서 쓰는 거 키키",
            "speaker": {
              "id": "2번",
              "sex": "여성",
              "age": "20대"
            },
            "speechAct": "(단언) 주장하기",
            "morpheme": "서로/MAG+책/NNG+한/MM+권/NNBC+씩/XSN+사고/NNG+복사/NNG+해서/XSV+EC+쓰/VV+는/ETM+거/NNB+키/NNG+키/XSV+ETN"
          },
          {
            "id": 16,
            "text": "3 : 그래",
            "norm_text": "그래",
            "speaker": {
              "id": "3번",
              "sex": "남성",
              "age": "20대"
            },
            "speechAct": "(단언) 주장하기",
            "morpheme": "그래/VA+EC"
          },
          {
            "id": 17,
            "text": "3 : 나 학교 다닐 때도 그렇게 했어",
            "norm_text": "나 학교 다닐 때도 그렇게 했어",
            "speaker": {
              "id": "3번",
              "sex": "남성",
              "age": "20대"
            },
            "speechAct": "(단언) 주장하기",
            "morpheme": "나/NP+학교/NNG+다닐/VV+ETM+때/NNG+도/JX+그렇/VA+게/EC+했/VX+EP+어/EC"
          },
          {
            "id": 18,
            "text": "1 : 응 나 대학교 때 하던 거 그대로 하네 키키",
            "norm_text": "응 나 대학교 때 하던 거 그대로 하네 키키",
            "speaker": {
              "id": "1번",
              "sex": "여성",
              "age": "20대"
            },
            "speechAct": "(단언) 주장하기",
            "morpheme": "응/IC+나/NP+대학교/NNG+때/NNG+하/XSV+던/ETM+거/NNB+그대로/MAG+하/VV+네/EF+키/NNG+키/XSV+ETN"
          },
          {
            "id": 19,
            "text": "2 : 나는 대학교 안 가 봐서 그런 문화 몰라 ㅠㅠ",
            "norm_text": "나는 대학교 안 가 봐서 그런 문화 몰라 ㅠㅠ",
            "speaker": {
              "id": "2번",
              "sex": "여성",
              "age": "20대"
            },
            "speechAct": "(단언) 진술하기",
            "morpheme": "나/NP+는/JX+대학교/NNG+안/MAG+가/VV+봐서/EC+VX+EC+그런/MM+문화/NNG+몰라/VV+EF+ㅠㅠ/UNKNOWN"
          },
          {
            "id": 20,
            "text": "3 : 키키 너 완전 양애취네~",
            "norm_text": "키키 너 완전 양애취네~",
            "speaker": {
              "id": "3번",
              "sex": "남성",
              "age": "20대"
            },
            "speechAct": "(단언) 주장하기",
            "morpheme": "키키너완전양애취네/UNKNOWN+~/SY"
          },
          {
            "id": 21,
            "text": "3 : 맞지?",
            "norm_text": "맞지?",
            "speaker": {
              "id": "3번",
              "sex": "남성",
              "age": "20대"
            },
            "speechAct": "(지시) 질문하기",
            "morpheme": "맞/VV+지/EF"
          },
          {
            "id": 22,
            "text": "1 : 아 이렇게 하면 돈도 아끼고 좋아!",
            "norm_text": "아 이렇게 하면 돈도 아끼고 좋아!",
            "speaker": {
              "id": "1번",
              "sex": "여성",
              "age": "20대"
            },
            "speechAct": "(단언) 주장하기",
            "morpheme": "아/IC+이렇게/MAG+하/VV+면/EC+돈/NNG+도/JX+아끼/VV+고/EC+좋/VA+아/EF"
          },
          {
            "id": 23,
            "text": "2 : 맞아",
            "norm_text": "맞아",
            "speaker": {
              "id": "2번",
              "sex": "여성",
              "age": "20대"
            },
            "speechAct": "(단언) 주장하기",
            "morpheme": "맞/VV+아/EC"
          },
          {
            "id": 24,
            "text": "2 : 그렇게 많이 한다고 들은 거 같아 키키",
            "norm_text": "그렇게 많이 한다고 들은 거 같아 키키",
            "speaker": {
              "id": "2번",
              "sex": "여성",
              "age": "20대"
            },
            "speechAct": "(단언) 주장하기",
            "morpheme": "그렇게/MAG+많이/MAG+한다고/VV+EC+들/VV+은/ETM+거/NNB+같/VA+아/EC+키/NNG+키/XSV+ETN"
          },
          {
            "id": 25,
            "text": "3 : 키키 나도 다음에 필요할 때 말할께!",
            "norm_text": "키키 나도 다음에 필요할 때 말할께!",
            "speaker": {
              "id": "3번",
              "sex": "남성",
              "age": "20대"
            },
            "speechAct": "(언약) 약속하기(제3자와)/(개인적 수준)",
            "morpheme": "키/NNG+키나/XSA+ETN+JX+도/JX+다음/NNG+에/JKB+필요/NNG+할/XSV+ETM+때/NNG+말/NNG+할께/XSV+EF"
          }
        ]
      }
    }
  ]
}