{
  "dataset": {
    "identifier": 127940,
    "name": "NATEON_39_15_set",
    "src_path": "/data/file/cubeManager/PROJECT001/84/txt20211108181225077097/NATEON_39_15_set/",
    "label_path": "/data/file/cubeManager/PROJECT001/84/txt20211108181225077097/NATEON_39_15_set/",
    "category": 2,
    "type": 0
  },
  "licenses": {
    "name": "Apache License 1.0",
    "url": "http://www.apache.org/licenses/LICENSE-1.0"
  },
  "info": [
    {
      "id": 141899,
      "filename": "NATEON_39_15.txt",
      "title": "NATEON_39_15",
      "mediatype": "메신저",
      "medianame": "네이트온",
      "category": "일상대화",
      "date": "2021-11-08",
      "size": 413,
      "annotations": {
        "subject": "타 국가 이슈",
        "speaker_type": "다자간 대화",
        "size": 413,
        "word_size": 131,
        "text": "1 : 이번에 중국이 대만한테 선전포고 했어\n2 : 중국이랑 대만은 항상 싸우는 거 같더라 ㅠㅠ\n3 : 중국은 어딜 가나 난리구나?\n1 : 응 독립은 죽음 뿐이라고 했대...\n2 : 헐 뭐야 무슨 죽음이라고 그렇게 말 해 ㅡㅡ\n3 : 그냥 독자적인 국가로 보면 안되나?\n2 : 중국 왜 그래 거기 공화국이라 그런가?\n3 : 그래서 올림픽에서도 자기들 국기 못쓰잖아\n1 : 공화국이라서 그러기 보단 역사적인 문제가 많지\n2 : 헐 대만 국기 못 써?\n3 : 그렇지 거기는 항상 그러는데?\n1 : 응 약간 홍콩이랑 비슷하게 생각하면 돼\n2 : 와 난 그거까진 몰랐는데 중국 진짜 왜 그러냐 ㅠㅠ\n3 : 역사적인 문제가 빨리 해결돼야 할 텐데\n1 : 그러게 중국이 점점 무서워진다\n2 : 그러니까 우리나라랑은 제발 안 엮였으면 좋겠어!\n3 : 남의 나라 꺼 뺏으면 벌 받지",
        "lines": [
          {
            "id": 1,
            "text": "1 : 이번에 중국이 대만한테 선전포고 했어",
            "norm_text": "이번에 중국이 대만한테 선전포고 했어",
            "speaker": {
              "id": "1번",
              "sex": "여성",
              "age": "20대"
            },
            "speechAct": "(단언) 주장하기",
            "morpheme": "이번/NNG+에/JKB+중국/NNP+이/JKS+대만/NNP+한테/JKB+선전/NNG+포고/NNG+했/XSV+EP+어/EC"
          },
          {
            "id": 2,
            "text": "2 : 중국이랑 대만은 항상 싸우는 거 같더라 ㅠㅠ",
            "norm_text": "중국이랑 대만은 항상 싸우는 거 같더라 ㅠㅠ",
            "speaker": {
              "id": "2번",
              "sex": "여성",
              "age": "20대"
            },
            "speechAct": "(단언) 진술하기",
            "morpheme": "중국/NNP+이랑/JC+대만/NNP+은/JX+항상/MAG+싸우/VV+는/ETM+거/NNB+같/VA+더라/EF+ㅠㅠ/UNKNOWN"
          },
          {
            "id": 3,
            "text": "3 : 중국은 어딜 가나 난리구나?",
            "norm_text": "중국은 어딜 가나 난리구나?",
            "speaker": {
              "id": "3번",
              "sex": "남성",
              "age": "20대"
            },
            "speechAct": "(지시) 질문하기",
            "morpheme": "중국/NNP+은/JX+어딜/NP+JKO+가/VV+나/EC+난리/NNG+구나/VCP+EF"
          },
          {
            "id": 4,
            "text": "1 : 응 독립은 죽음 뿐이라고 했대...",
            "norm_text": "응 독립은 죽음 뿐이라고 했대...",
            "speaker": {
              "id": "1번",
              "sex": "여성",
              "age": "20대"
            },
            "speechAct": "(단언) 진술하기",
            "morpheme": "응/IC+독립/NNG+은/JX+죽/VV+음/ETN+뿐/NNB+이/VCP+라고/EC+했/VX+EP+대/EF+./SY"
          },
          {
            "id": 5,
            "text": "2 : 헐 뭐야 무슨 죽음이라고 그렇게 말 해 ㅡㅡ",
            "norm_text": "헐 뭐야 무슨 죽음이라고 그렇게 말 해 ㅡㅡ",
            "speaker": {
              "id": "2번",
              "sex": "여성",
              "age": "20대"
            },
            "speechAct": "(단언) 주장하기",
            "morpheme": "헐/IC+뭐/NP+야/VCP+EF+무슨/MM+죽음/NNG+이/VCP+라고/EC+그렇게/MAG+말/NNG+해/XSV+EC+ㅡㅡ/UNKNOWN"
          },
          {
            "id": 6,
            "text": "3 : 그냥 독자적인 국가로 보면 안되나?",
            "norm_text": "그냥 독자적인 국가로 보면 안되나?",
            "speaker": {
              "id": "3번",
              "sex": "남성",
              "age": "20대"
            },
            "speechAct": "(지시) 질문하기",
            "morpheme": "그냥/MAG+독자/NNG+적/XSN+인/VCP+ETM+국가/NNG+로/JKB+보/VV+면/EC+안/MAG+되/VV+나/EF"
          },
          {
            "id": 7,
            "text": "2 : 중국 왜 그래 거기 공화국이라 그런가?",
            "norm_text": "중국 왜 그래 거기 공화국이라 그런가?",
            "speaker": {
              "id": "2번",
              "sex": "여성",
              "age": "20대"
            },
            "speechAct": "(지시) 질문하기",
            "morpheme": "중국/NNP+왜/MAG+그래/IC+거기/NP+공화국/NNG+이/VCP+라/EC+그런가/VA+EF"
          },
          {
            "id": 8,
            "text": "3 : 그래서 올림픽에서도 자기들 국기 못쓰잖아",
            "norm_text": "그래서 올림픽에서도 자기들 국기 못쓰잖아",
            "speaker": {
              "id": "3번",
              "sex": "남성",
              "age": "20대"
            },
            "speechAct": "(단언) 진술하기",
            "morpheme": "그래서/MAJ+올림픽/NNP+에서/JKB+도/JX+자기/NP+들/XSN+국기/NNG+못/MAG+쓰/VV+잖아/EC"
          },
          {
            "id": 9,
            "text": "1 : 공화국이라서 그러기 보단 역사적인 문제가 많지",
            "norm_text": "공화국이라서 그러기 보단 역사적인 문제가 많지",
            "speaker": {
              "id": "1번",
              "sex": "여성",
              "age": "20대"
            },
            "speechAct": "(단언) 주장하기",
            "morpheme": "공화국/NNG+이/VCP+라서/EC+그러/VV+기/ETN+보단/JKB+JX+역사/NNG+적/XSN+인/VCP+ETM+문제/NNG+가/JKS+많/VA+지/EC"
          },
          {
            "id": 10,
            "text": "2 : 헐 대만 국기 못 써?",
            "norm_text": "헐 대만 국기 못 써?",
            "speaker": {
              "id": "2번",
              "sex": "여성",
              "age": "20대"
            },
            "speechAct": "(지시) 질문하기",
            "morpheme": "헐/IC+대만/NNP+국기/NNG+못써/VV+EF"
          },
          {
            "id": 11,
            "text": "3 : 그렇지 거기는 항상 그러는데?",
            "norm_text": "그렇지 거기는 항상 그러는데?",
            "speaker": {
              "id": "3번",
              "sex": "남성",
              "age": "20대"
            },
            "speechAct": "(단언) 진술하기",
            "morpheme": "그렇/VA+지/EF+거기/NP+는/JX+항상/MAG+그러/VV+는데/EC"
          },
          {
            "id": 12,
            "text": "1 : 응 약간 홍콩이랑 비슷하게 생각하면 돼",
            "norm_text": "응 약간 홍콩이랑 비슷하게 생각하면 돼",
            "speaker": {
              "id": "1번",
              "sex": "여성",
              "age": "20대"
            },
            "speechAct": "(단언) 주장하기",
            "morpheme": "응/IC+약간/MAG+홍콩/NNP+이랑/JC+비슷/XR+하/XSA+게/EC+생각/NNG+하/XSV+면/EC+돼/VV+EC"
          },
          {
            "id": 13,
            "text": "2 : 와 난 그거까진 몰랐는데 중국 진짜 왜 그러냐 ㅠㅠ",
            "norm_text": "와 난 그거까진 몰랐는데 중국 진짜 왜 그러냐 ㅠㅠ",
            "speaker": {
              "id": "2번",
              "sex": "여성",
              "age": "20대"
            },
            "speechAct": "(단언) 진술하기",
            "morpheme": "와/IC+난/NP+JX+그거/NP+까진/JX+JX+몰랐/VV+EP+는데/EC+중국/NNP+진짜/MAG+왜/MAG+그러/VV+냐/EC+ㅠㅠ/UNKNOWN"
          },
          {
            "id": 14,
            "text": "3 : 역사적인 문제가 빨리 해결돼야 할 텐데",
            "norm_text": "역사적인 문제가 빨리 해결돼야 할 텐데",
            "speaker": {
              "id": "3번",
              "sex": "남성",
              "age": "20대"
            },
            "speechAct": "(단언) 주장하기",
            "morpheme": "역사/NNG+적/XSN+인/VCP+ETM+문제/NNG+가/JKS+빨리/MAG+해결/NNG+돼야/XSV+EC+할/VX+ETM+텐데/NNB+VCP+EC"
          },
          {
            "id": 15,
            "text": "1 : 그러게 중국이 점점 무서워진다",
            "norm_text": "그러게 중국이 점점 무서워진다",
            "speaker": {
              "id": "1번",
              "sex": "여성",
              "age": "20대"
            },
            "speechAct": "(단언) 진술하기",
            "morpheme": "그러게/IC+중국/NNP+이/JKS+점점/MAG+무서워진다/VA+EC+VX+EF"
          },
          {
            "id": 16,
            "text": "2 : 그러니까 우리나라랑은 제발 안 엮였으면 좋겠어!",
            "norm_text": "그러니까 우리나라랑은 제발 안 엮였으면 좋겠어!",
            "speaker": {
              "id": "2번",
              "sex": "여성",
              "age": "20대"
            },
            "speechAct": "(단언) 주장하기",
            "morpheme": "그러니까/MAJ+우리/NP+나라/NNG+랑/JKB+은/JX+제발/MAG+안/MAG+엮였/VV+EP+으면/EC+좋/VA+겠/EP+어/EF"
          },
          {
            "id": 17,
            "text": "3 : 남의 나라 꺼 뺏으면 벌 받지",
            "norm_text": "남의 나라 꺼 뺏으면 벌 받지",
            "speaker": {
              "id": "3번",
              "sex": "남성",
              "age": "20대"
            },
            "speechAct": "(단언) 주장하기",
            "morpheme": "남/NNG+의/JKG+나라/NNG+꺼/VV+EC+뺏/VV+으면/EC+벌/NNG+받/VV+지/EC"
          }
        ]
      }
    }
  ]
}