{
  "dataset": {
    "identifier": 114111,
    "name": "NATEON_32_15_set",
    "src_path": "/data/file/cubeManager/PROJECT001/80/txt20211102173312082258/NATEON_32_15_set/",
    "label_path": "/data/file/cubeManager/PROJECT001/80/txt20211102173312082258/NATEON_32_15_set/",
    "category": 2,
    "type": 0
  },
  "licenses": {
    "name": "Apache License 1.0",
    "url": "http://www.apache.org/licenses/LICENSE-1.0"
  },
  "info": [
    {
      "id": 131847,
      "filename": "NATEON_32_15.txt",
      "title": "NATEON_32_15",
      "mediatype": "메신저",
      "medianame": "네이트온",
      "category": "일상대화",
      "date": "2021-11-02",
      "size": 434,
      "annotations": {
        "subject": "타 국가 이슈",
        "speaker_type": "다자간 대화",
        "size": 434,
        "word_size": 138,
        "text": "1 : 이번에 지미펠런쇼에 오징어게임 나왔떼\n2 : 지미펠런쇼?\n2 : 그건 어디에 있는거야?\n3 : 오 인터뷰하는거 나 봤어!\n1 : 그거 미국에서 엄청 유명한 토크쇼\n2 : 아 진짜?\n2 : 토크쇼에서 오겜 언급이 된거야?\n3 : 와,, 나 앨런쇼도 좋아하는데\n1 : 오징어게임 연기자들이랑 화상 토크쇼!\n3 : 나 유투브로 찾아 봐야겠다!\n2 : 오 그럼 화상으로 토크 한거네?\n2 : 대박\n1 : 응 근데 거기 반응이 장난 아니었대\n2 : 외국거 토크쇼 본 적 없는데 키키\n2 : 한번 찾아서 봐야겠다\n3 : 아무래도 전 세계적으로 난리니까\n1 : 응 프랑스에는 오징어게임 카페도 있대 하하\n2 : 오 대박 프랑스에?\n2 : 우리나라 유명해져서 너무 좋다 ㅠㅠ\n3 : 헐 거기는 나도 가보고싶다ㅠ\n1 : 응 근데 줄이 장난 아니래\n2 : 아 기다려서 들어가야 되는거구나 ㅠㅠ\n3 : 나도 가서 딱지치기 한판!",
        "lines": [
          {
            "id": 1,
            "text": "1 : 이번에 지미펠런쇼에 오징어게임 나왔떼",
            "norm_text": "이번에 지미펠런쇼에 오징어게임 나왔떼",
            "speaker": {
              "id": "1번",
              "sex": "여성",
              "age": "20대"
            },
            "speechAct": "(단언) 진술하기",
            "morpheme": "이번/NNG+에/JKB+지미/IC+펠런/NNP+쇼/NNG+에/JKB+오징어/NNG+게임/NNG+나왔/VV+EP+떼/NNG"
          },
          {
            "id": 2,
            "text": "2 : 지미펠런쇼?",
            "norm_text": "지미펠런쇼?",
            "speaker": {
              "id": "2번",
              "sex": "여성",
              "age": "20대"
            },
            "speechAct": "턴토크 사인(관습적 반응)",
            "morpheme": "지미/IC+펠런/NNP+쇼/VCP+EP+EF"
          },
          {
            "id": 3,
            "text": "2 : 그건 어디에 있는거야?",
            "norm_text": "그건 어디에 있는거야?",
            "speaker": {
              "id": "2번",
              "sex": "여성",
              "age": "20대"
            },
            "speechAct": "(지시) 질문하기",
            "morpheme": "그건/NP+JX+어디/NP+에/JKB+있/VV+는/ETM+거/NNB+야/VCP+EF"
          },
          {
            "id": 4,
            "text": "3 : 오 인터뷰하는거 나 봤어!",
            "norm_text": "오 인터뷰하는거 나 봤어!",
            "speaker": {
              "id": "3번",
              "sex": "남성",
              "age": "20대"
            },
            "speechAct": "(단언) 진술하기",
            "morpheme": "오/NR+인터뷰/NNG+하/XSV+는/ETM+거/NNB+나/JX+봤/VV+EP+어/EF"
          },
          {
            "id": 5,
            "text": "1 : 그거 미국에서 엄청 유명한 토크쇼",
            "norm_text": "그거 미국에서 엄청 유명한 토크쇼",
            "speaker": {
              "id": "1번",
              "sex": "여성",
              "age": "20대"
            },
            "speechAct": "(단언) 진술하기",
            "morpheme": "그거/NP+미국/NNP+에서/JKB+엄청/MAG+유명/NNG+한/XSA+ETM+토크/NNG+쇼/NNG"
          },
          {
            "id": 6,
            "text": "2 : 아 진짜?",
            "norm_text": "아 진짜?",
            "speaker": {
              "id": "2번",
              "sex": "여성",
              "age": "20대"
            },
            "speechAct": "턴토크 사인(관습적 반응)",
            "morpheme": "아/IC+진짜/MAG"
          },
          {
            "id": 7,
            "text": "2 : 토크쇼에서 오겜 언급이 된거야?",
            "norm_text": "토크쇼에서 오겜 언급이 된거야?",
            "speaker": {
              "id": "2번",
              "sex": "여성",
              "age": "20대"
            },
            "speechAct": "(지시) 질문하기",
            "morpheme": "토크/NNG+쇼/NNG+에서/JKB+오/IC+겜/NNP+언급/NNG+이/JKS+된/VV+ETM+거/NNB+야/VCP+EF"
          },
          {
            "id": 8,
            "text": "3 : 와,, 나 앨런쇼도 좋아하는데",
            "norm_text": "와,, 나 앨런쇼도 좋아하는데",
            "speaker": {
              "id": "3번",
              "sex": "남성",
              "age": "20대"
            },
            "speechAct": "(단언) 진술하기",
            "morpheme": "와/IC+,/SC+,/SC+나/NP+앨런/NNG+쇼/NNG+도/JX+좋/VA+아/EC+하/VV+는데/EC"
          },
          {
            "id": 9,
            "text": "1 : 오징어게임 연기자들이랑 화상 토크쇼!",
            "norm_text": "오징어게임 연기자들이랑 화상 토크쇼!",
            "speaker": {
              "id": "1번",
              "sex": "여성",
              "age": "20대"
            },
            "speechAct": "(단언) 진술하기",
            "morpheme": "오징어/NNG+게임/NNG+연기자/NNG+들/XSN+이랑/JKB+화상/NNG+토크/NNG+쇼/VCP+EP+EF"
          },
          {
            "id": 10,
            "text": "3 : 나 유투브로 찾아 봐야겠다!",
            "norm_text": "나 유투브로 찾아 봐야겠다!",
            "speaker": {
              "id": "3번",
              "sex": "남성",
              "age": "20대"
            },
            "speechAct": "(단언) 주장하기",
            "morpheme": "나/NP+유투/NNP+브/NNP+로/JKB+찾/VV+아/EC+봐야/VX+EC+VV+겠/EP+다/EF"
          },
          {
            "id": 11,
            "text": "2 : 오 그럼 화상으로 토크 한거네?",
            "norm_text": "오 그럼 화상으로 토크 한거네?",
            "speaker": {
              "id": "2번",
              "sex": "여성",
              "age": "20대"
            },
            "speechAct": "(지시) 질문하기",
            "morpheme": "오/IC+그럼/MAJ+화상/NNG+으로/JKB+토크/NNG+한/XSA+ETM+거/NNB+네/VCP+EF"
          },
          {
            "id": 12,
            "text": "2 : 대박",
            "norm_text": "대박",
            "speaker": {
              "id": "2번",
              "sex": "여성",
              "age": "20대"
            },
            "speechAct": "(단언) 주장하기",
            "morpheme": "대박/NNG"
          },
          {
            "id": 13,
            "text": "1 : 응 근데 거기 반응이 장난 아니었대",
            "norm_text": "응 근데 거기 반응이 장난 아니었대",
            "speaker": {
              "id": "1번",
              "sex": "여성",
              "age": "20대"
            },
            "speechAct": "(단언) 진술하기",
            "morpheme": "응/IC+근데/MAJ+거기/NP+반응/NNG+이/JKS+장난/NNG+아니/VCN+었/EP+대/EC"
          },
          {
            "id": 14,
            "text": "2 : 외국거 토크쇼 본 적 없는데 키키",
            "norm_text": "외국거 토크쇼 본 적 없는데 키키",
            "speaker": {
              "id": "2번",
              "sex": "여성",
              "age": "20대"
            },
            "speechAct": "(단언) 진술하기",
            "morpheme": "외국/NNG+거/NNB+토크/NNG+쇼/JX+본/VX+ETM+적/NNB+없/VA+는데/EC+키/NNG+키/XSV+ETN"
          },
          {
            "id": 15,
            "text": "2 : 한번 찾아서 봐야겠다",
            "norm_text": "한번 찾아서 봐야겠다",
            "speaker": {
              "id": "2번",
              "sex": "여성",
              "age": "20대"
            },
            "speechAct": "(단언) 주장하기",
            "morpheme": "한/MM+번/NNBC+찾/VV+아서/EC+봐야/VX+EC+VV+겠/EP+다/EC"
          },
          {
            "id": 16,
            "text": "3 : 아무래도 전 세계적으로 난리니까",
            "norm_text": "아무래도 전 세계적으로 난리니까",
            "speaker": {
              "id": "3번",
              "sex": "남성",
              "age": "20대"
            },
            "speechAct": "(단언) 진술하기",
            "morpheme": "아무래도/MAG+전/MM+세계/NNG+적/XSN+으로/JKB+난리/NNG+니까/VCP+EC"
          },
          {
            "id": 17,
            "text": "1 : 응 프랑스에는 오징어게임 카페도 있대 하하",
            "norm_text": "응 프랑스에는 오징어게임 카페도 있대 하하",
            "speaker": {
              "id": "1번",
              "sex": "여성",
              "age": "20대"
            },
            "speechAct": "(단언) 진술하기",
            "morpheme": "응/IC+프랑스/NNP+에/JKB+는/JX+오징어/NNG+게임/NNG+카페/NNG+도/JX+있/VA+대/EF+하하/MAG"
          },
          {
            "id": 18,
            "text": "2 : 오 대박 프랑스에?",
            "norm_text": "오 대박 프랑스에?",
            "speaker": {
              "id": "2번",
              "sex": "여성",
              "age": "20대"
            },
            "speechAct": "(지시) 질문하기",
            "morpheme": "오/NR+대/NNBC+박/NNP+프랑스/NNP+에/JKB"
          },
          {
            "id": 19,
            "text": "2 : 우리나라 유명해져서 너무 좋다 ㅠㅠ",
            "norm_text": "우리나라 유명해져서 너무 좋다 ㅠㅠ",
            "speaker": {
              "id": "2번",
              "sex": "여성",
              "age": "20대"
            },
            "speechAct": "(단언) 주장하기",
            "morpheme": "우리/NP+나라/NNG+유명/NNG+해져서/XSV+EC+VX+EC+너무/MAG+좋/VA+다/EF+ㅠㅠ/UNKNOWN"
          },
          {
            "id": 20,
            "text": "3 : 헐 거기는 나도 가보고싶다ㅠ",
            "norm_text": "헐 거기는 나도 가보고싶다ㅠ",
            "speaker": {
              "id": "3번",
              "sex": "남성",
              "age": "20대"
            },
            "speechAct": "(단언) 주장하기",
            "morpheme": "헐/IC+거기/NP+는/JX+나도/NNG+가/JKS+보/VV+고/EC+싶/VX+다/EF+ㅠ/UNKNOWN"
          },
          {
            "id": 21,
            "text": "1 : 응 근데 줄이 장난 아니래",
            "norm_text": "응 근데 줄이 장난 아니래",
            "speaker": {
              "id": "1번",
              "sex": "여성",
              "age": "20대"
            },
            "speechAct": "(단언) 진술하기",
            "morpheme": "응/IC+근데/MAJ+줄/NNG+이/JKS+장난/NNG+아니/VCN+래/EC"
          },
          {
            "id": 22,
            "text": "2 : 아 기다려서 들어가야 되는거구나 ㅠㅠ",
            "norm_text": "아 기다려서 들어가야 되는거구나 ㅠㅠ",
            "speaker": {
              "id": "2번",
              "sex": "여성",
              "age": "20대"
            },
            "speechAct": "(단언) 진술하기",
            "morpheme": "아기/NNG+다려서/VV+EC+들어가/VV+야/EC+되/VV+는/ETM+거/NNB+구나/VCP+EF+ㅠㅠ/UNKNOWN"
          },
          {
            "id": 23,
            "text": "3 : 나도 가서 딱지치기 한판!",
            "norm_text": "나도 가서 딱지치기 한판!",
            "speaker": {
              "id": "3번",
              "sex": "남성",
              "age": "20대"
            },
            "speechAct": "(단언) 진술하기",
            "morpheme": "나/NP+도/JX+가/VV+서/EC+딱지치기/NNG+한판/NNG"
          }
        ]
      }
    }
  ]
}