{
  "dataset": {
    "identifier": 114589,
    "name": "NATEON_32_05_set",
    "src_path": "/data/file/cubeManager/PROJECT001/80/txt20211102173312074431/NATEON_32_05_set/",
    "label_path": "/data/file/cubeManager/PROJECT001/80/txt20211102173312074431/NATEON_32_05_set/",
    "category": 2,
    "type": 0
  },
  "licenses": {
    "name": "Apache License 1.0",
    "url": "http://www.apache.org/licenses/LICENSE-1.0"
  },
  "info": [
    {
      "id": 131837,
      "filename": "NATEON_32_05.txt",
      "title": "NATEON_32_05",
      "mediatype": "메신저",
      "medianame": "네이트온",
      "category": "일상대화",
      "date": "2021-11-02",
      "size": 407,
      "annotations": {
        "subject": "군대",
        "speaker_type": "다자간 대화",
        "size": 407,
        "word_size": 130,
        "text": "1 : 요즘도 디피처럼 폭력이 있을까 군대에\n2 : 그거 옛날이라 지금은 없는거 같던데!\n3 : 에이 그래도 요즘이 어떤 세상인데\n1 : 내 친구는 아직도 있다고 난리야\n2 : 헐 알게 모르게 있긴 있나보네 ㅠㅠ\n3 : 그 친구 성별이 남자야?\n1 : 응 얼마전에 전역한 친구야!\n2 : 헐 그친구도 그럼 좀 맞았데?\n3 : 헐 그럼 진짜 있는건가?\n1 : 약간 괴롭힘 당했는데 심하진 않았데\n2 : 그냥 심하게는 아니고 좀 남아 있나보네 ㅠㅠ\n3 : 약간이든 심하든 괴롭힘은 나빠\n1 : 응 아직 마음속에 응어리가 남아있나봐ㅠㅠ\n2 : 맞아 괴롭히면 안되지\n2 : 요즘 그러면 큰일 나\n3 : 그러니까 안에서 신고는 했대?\n1 : 신고는 따로 안한거 같더라ㅠ\n2 : 다들 신고는 안 하는거 같더라고 ㅠㅠ\n3 : 에고, 그래도 혹시 모르니까 신고는 해보라고 해",
        "lines": [
          {
            "id": 1,
            "text": "1 : 요즘도 디피처럼 폭력이 있을까 군대에",
            "norm_text": "요즘도 디피처럼 폭력이 있을까 군대에",
            "speaker": {
              "id": "1번",
              "sex": "여성",
              "age": "20대"
            },
            "speechAct": "(지시) 질문하기",
            "morpheme": "요즘/NNG+도/JX+디피/NNG+처럼/JKB+폭력/NNG+이/JKS+있/VV+을까/EC+군대/NNG+에/JKB"
          },
          {
            "id": 2,
            "text": "2 : 그거 옛날이라 지금은 없는거 같던데!",
            "norm_text": "그거 옛날이라 지금은 없는거 같던데!",
            "speaker": {
              "id": "2번",
              "sex": "여성",
              "age": "20대"
            },
            "speechAct": "(단언) 진술하기",
            "morpheme": "그거/NP+옛날/NNG+이/VCP+라/EC+지금/MAG+은/JX+없/VA+는/ETM+거/NNB+같/VA+던데/EF"
          },
          {
            "id": 3,
            "text": "3 : 에이 그래도 요즘이 어떤 세상인데",
            "norm_text": "에이 그래도 요즘이 어떤 세상인데",
            "speaker": {
              "id": "3번",
              "sex": "남성",
              "age": "20대"
            },
            "speechAct": "(단언) 진술하기",
            "morpheme": "에이/IC+그래도/MAJ+요즘/NNG+이/JKS+어떤/MM+세상/NNG+인데/VCP+EC"
          },
          {
            "id": 4,
            "text": "1 : 내 친구는 아직도 있다고 난리야",
            "norm_text": "내 친구는 아직도 있다고 난리야",
            "speaker": {
              "id": "1번",
              "sex": "여성",
              "age": "20대"
            },
            "speechAct": "(단언) 진술하기",
            "morpheme": "내/NP+JKG+친구/NNG+는/JX+아직/MAG+도/JX+있/VA+다고/EC+난리/NNG+야/VCP+EF"
          },
          {
            "id": 5,
            "text": "2 : 헐 알게 모르게 있긴 있나보네 ㅠㅠ",
            "norm_text": "헐 알게 모르게 있긴 있나보네 ㅠㅠ",
            "speaker": {
              "id": "2번",
              "sex": "여성",
              "age": "20대"
            },
            "speechAct": "(단언) 진술하기",
            "morpheme": "헐/VV+JKO+알/VV+게/EC+모르/VV+게/EC+있/VX+긴/ETN+JX+있/VX+나/EC+보/VX+네/EF+ㅠㅠ/UNKNOWN"
          },
          {
            "id": 6,
            "text": "3 : 그 친구 성별이 남자야?",
            "norm_text": "그 친구 성별이 남자야?",
            "speaker": {
              "id": "3번",
              "sex": "남성",
              "age": "20대"
            },
            "speechAct": "(지시) 질문하기",
            "morpheme": "그/MM+친구/NNG+성별/NNG+이/JKS+남자/NNG+야/VCP+EF"
          },
          {
            "id": 7,
            "text": "1 : 응 얼마전에 전역한 친구야!",
            "norm_text": "응 얼마전에 전역한 친구야!",
            "speaker": {
              "id": "1번",
              "sex": "여성",
              "age": "20대"
            },
            "speechAct": "(단언) 진술하기",
            "morpheme": "응/IC+얼마/NNG+전/NNG+에/JKB+전역/NNG+한/XSA+ETM+친구/NNG+야/VCP+EF"
          },
          {
            "id": 8,
            "text": "2 : 헐 그친구도 그럼 좀 맞았데?",
            "norm_text": "헐 그친구도 그럼 좀 맞았데?",
            "speaker": {
              "id": "2번",
              "sex": "여성",
              "age": "20대"
            },
            "speechAct": "(지시) 질문하기",
            "morpheme": "헐/IC+그/MM+친구/NNG+도/JX+그럼/MAJ+좀/MAG+맞/VV+았/EP+데/EF"
          },
          {
            "id": 9,
            "text": "3 : 헐 그럼 진짜 있는건가?",
            "norm_text": "헐 그럼 진짜 있는건가?",
            "speaker": {
              "id": "3번",
              "sex": "남성",
              "age": "20대"
            },
            "speechAct": "(지시) 질문하기",
            "morpheme": "헐/IC+그럼/MAJ+진짜/MAG+있/VA+는/ETM+건가/NNB+VCP+EF"
          },
          {
            "id": 10,
            "text": "1 : 약간 괴롭힘 당했는데 심하진 않았데",
            "norm_text": "약간 괴롭힘 당했는데 심하진 않았데",
            "speaker": {
              "id": "1번",
              "sex": "여성",
              "age": "20대"
            },
            "speechAct": "(단언) 진술하기",
            "morpheme": "약간/MAG+괴롭힘/VV+ETN+당했/VV+EP+는데/EC+심하/VA+진/EC+JX+않/VX+았/EP+데/EC"
          },
          {
            "id": 11,
            "text": "2 : 그냥 심하게는 아니고 좀 남아 있나보네 ㅠㅠ",
            "norm_text": "그냥 심하게는 아니고 좀 남아 있나보네 ㅠㅠ",
            "speaker": {
              "id": "2번",
              "sex": "여성",
              "age": "20대"
            },
            "speechAct": "(단언) 진술하기",
            "morpheme": "그냥/MAG+심하/VA+게/EC+는/JX+아니/VCN+고/EC+좀/MAG+남/VV+아/EC+있/VX+나/EC+보/VX+네/EF+ㅠㅠ/UNKNOWN"
          },
          {
            "id": 12,
            "text": "3 : 약간이든 심하든 괴롭힘은 나빠",
            "norm_text": "약간이든 심하든 괴롭힘은 나빠",
            "speaker": {
              "id": "3번",
              "sex": "남성",
              "age": "20대"
            },
            "speechAct": "(단언) 주장하기",
            "morpheme": "약간/MAG+이/VCP+든/EC+심하/VA+든/EC+괴롭힘/VV+ETN+은/JX+나빠/VA+EC"
          },
          {
            "id": 13,
            "text": "1 : 응 아직 마음속에 응어리가 남아있나봐ㅠㅠ",
            "norm_text": "응 아직 마음속에 응어리가 남아있나봐ㅠㅠ",
            "speaker": {
              "id": "1번",
              "sex": "여성",
              "age": "20대"
            },
            "speechAct": "(단언) 진술하기",
            "morpheme": "응/IC+아직/MAG+마음속/NNG+에/JKB+응어리/NNG+가/JKS+남/VV+아/EC+있/VX+나/EC+봐/VX+EF+ㅠㅠ/UNKNOWN"
          },
          {
            "id": 14,
            "text": "2 : 맞아 괴롭히면 안되지",
            "norm_text": "맞아 괴롭히면 안되지",
            "speaker": {
              "id": "2번",
              "sex": "여성",
              "age": "20대"
            },
            "speechAct": "(단언) 주장하기",
            "morpheme": "맞/VV+아/EC+괴롭히/VV+면/EC+안/MAG+되/VV+지/EC"
          },
          {
            "id": 15,
            "text": "2 : 요즘 그러면 큰일 나",
            "norm_text": "요즘 그러면 큰일 나",
            "speaker": {
              "id": "2번",
              "sex": "여성",
              "age": "20대"
            },
            "speechAct": "(단언) 진술하기",
            "morpheme": "요즘/MAG+그러/VV+면/EC+큰일나/VV+EC"
          },
          {
            "id": 16,
            "text": "3 : 그러니까 안에서 신고는 했대?",
            "norm_text": "그러니까 안에서 신고는 했대?",
            "speaker": {
              "id": "3번",
              "sex": "남성",
              "age": "20대"
            },
            "speechAct": "(지시) 질문하기",
            "morpheme": "그러니까/MAJ+안/NNG+에서/JKB+신고/NNG+는/JX+했/VV+EP+대/EF"
          },
          {
            "id": 17,
            "text": "1 : 신고는 따로 안한거 같더라ㅠ",
            "norm_text": "신고는 따로 안한거 같더라ㅠ",
            "speaker": {
              "id": "1번",
              "sex": "여성",
              "age": "20대"
            },
            "speechAct": "(단언) 진술하기",
            "morpheme": "신고/NNG+는/JX+따로/MAG+안/MAG+한/VV+ETM+거/NNB+같/VA+더라/EF+ㅠ/UNKNOWN"
          },
          {
            "id": 18,
            "text": "2 : 다들 신고는 안 하는거 같더라고 ㅠㅠ",
            "norm_text": "다들 신고는 안 하는거 같더라고 ㅠㅠ",
            "speaker": {
              "id": "2번",
              "sex": "여성",
              "age": "20대"
            },
            "speechAct": "(단언) 진술하기",
            "morpheme": "다/MAG+들/XSN+신고/NNG+는/JX+안/MAG+하/VV+는/ETM+거/NNB+같/VA+더라고/EF+ㅠㅠ/UNKNOWN"
          },
          {
            "id": 19,
            "text": "3 : 에고, 그래도 혹시 모르니까 신고는 해보라고 해",
            "norm_text": "에고, 그래도 혹시 모르니까 신고는 해보라고 해",
            "speaker": {
              "id": "3번",
              "sex": "남성",
              "age": "20대"
            },
            "speechAct": "(지시) 명령/요구하기",
            "morpheme": "에고/IC+,/SC+그래도/MAJ+혹시/MAG+모르/VV+니까/EC+신고/NNG+는/JX+해/VV+EC+보/VX+라고/EC+해/VV+EC"
          }
        ]
      }
    }
  ]
}