{
  "dataset": {
    "identifier": 124868,
    "name": "NATEON_45_18_set",
    "src_path": "/data/file/cubeManager/PROJECT001/84/txt202111051134230964107/NATEON_45_18_set/",
    "label_path": "/data/file/cubeManager/PROJECT001/84/txt202111051134230964107/NATEON_45_18_set/",
    "category": 2,
    "type": 0
  },
  "licenses": {
    "name": "Apache License 1.0",
    "url": "http://www.apache.org/licenses/LICENSE-1.0"
  },
  "info": [
    {
      "id": 138913,
      "filename": "NATEON_45_18.txt",
      "title": "NATEON_45_18",
      "mediatype": "메신저",
      "medianame": "네이트온",
      "category": "일상대화",
      "date": "2021-11-05",
      "size": 442,
      "annotations": {
        "subject": "상거래 전반",
        "speaker_type": "다자간 대화",
        "size": 442,
        "word_size": 159,
        "text": "1 : 휴 내 차 팔려고 ㅠ\n2 : 헐 왜? 차 있다 없으면 불편해 ㅠㅠ\n3 : 왜 갑자기 차를 파려고?\n1 : 차에 돈이 너무 많이 들어가 ㅠ\n2 : 어 맞아\n2 : 유지비 장난 아니야 ㅠㅠ\n3 : 아 그런 거 때문에 그런 거구나?\n1 : 요즘은 앱으로 차 시세 바로 볼 수 있더라 ㅎ\n2 : 아 맞아\n2 : 입력하면 차 값 다 나온다고 그러더라 키키\n3 : 오 직접 딜러한테 안 가고?\n1 : 응 그냥 내 차 번호 넣으니까 나오던데?\n2 : 헐 대박 나도 한번 해봐야겠다 키키\n3 : 와, 진짜 신기하다 키키\n3 : 그래서 파는 거야?\n1 : 응 대략적인 차 값을 보고 팔면 돼 가서\n2 : 거기에 뭐 손상 돼있고 하면 금액 좀 떨어지려나?\n3 : 아무래도 손상이 있으면 그렇지 않을까?\n1 : 그렇지 손상 있으면 팔기 어렵지 ㅠ\n2 : 그럼 마이너스 백 이렇게 생각하고 있어야겠네 ㅠㅠ\n3 : 맞아 좋은 돈에 못 팔지 ㅠ",
        "lines": [
          {
            "id": 1,
            "text": "1 : 휴 내 차 팔려고 ㅠ",
            "norm_text": "휴 내 차 팔려고 ㅠ",
            "speaker": {
              "id": "1번",
              "sex": "여성",
              "age": "20대"
            },
            "speechAct": "(단언) 주장하기",
            "morpheme": "휴내차팔려고ㅠ/UNKNOWN"
          },
          {
            "id": 2,
            "text": "2 : 헐 왜? 차 있다 없으면 불편해 ㅠㅠ",
            "norm_text": "헐 왜? 차 있다 없으면 불편해 ㅠㅠ",
            "speaker": {
              "id": "2번",
              "sex": "여성",
              "age": "20대"
            },
            "speechAct": "(지시) 질문하기",
            "morpheme": "헐/IC+왜/MAG+차있다없으면불편해ㅠㅠ/UNKNOWN"
          },
          {
            "id": 3,
            "text": "3 : 왜 갑자기 차를 파려고?",
            "norm_text": "왜 갑자기 차를 파려고?",
            "speaker": {
              "id": "3번",
              "sex": "남성",
              "age": "20대"
            },
            "speechAct": "(지시) 질문하기",
            "morpheme": "왜/MAG+갑자기/MAG+차/NNG+를/JKO+파/VV+려고/EF"
          },
          {
            "id": 4,
            "text": "1 : 차에 돈이 너무 많이 들어가 ㅠ",
            "norm_text": "차에 돈이 너무 많이 들어가 ㅠ",
            "speaker": {
              "id": "1번",
              "sex": "여성",
              "age": "20대"
            },
            "speechAct": "(단언) 주장하기",
            "morpheme": "차/NNG+에/JKB+돈/NNG+이/JKS+너무/MAG+많이/MAG+들어가/VV+EC+ㅠ/UNKNOWN"
          },
          {
            "id": 5,
            "text": "2 : 어 맞아",
            "norm_text": "어 맞아",
            "speaker": {
              "id": "2번",
              "sex": "여성",
              "age": "20대"
            },
            "speechAct": "(단언) 주장하기",
            "morpheme": "어/IC+맞/VV+아/EC"
          },
          {
            "id": 6,
            "text": "2 : 유지비 장난 아니야 ㅠㅠ",
            "norm_text": "유지비 장난 아니야 ㅠㅠ",
            "speaker": {
              "id": "2번",
              "sex": "여성",
              "age": "20대"
            },
            "speechAct": "(단언) 주장하기",
            "morpheme": "유지비/NNG+장난/NNG+아니/VCN+야/EC+ㅠㅠ/UNKNOWN"
          },
          {
            "id": 7,
            "text": "3 : 아 그런 거 때문에 그런 거구나?",
            "norm_text": "아 그런 거 때문에 그런 거구나?",
            "speaker": {
              "id": "3번",
              "sex": "남성",
              "age": "20대"
            },
            "speechAct": "(단언) 주장하기",
            "morpheme": "아/IC+그런/MM+거/NNB+때문/NNB+에/JKB+그런/MM+거/NNB+구나/VCP+EF"
          },
          {
            "id": 8,
            "text": "1 : 요즘은 앱으로 차 시세 바로 볼 수 있더라 ㅎ",
            "norm_text": "요즘은 앱으로 차 시세 바로 볼 수 있더라 ㅎ",
            "speaker": {
              "id": "1번",
              "sex": "여성",
              "age": "20대"
            },
            "speechAct": "(단언) 진술하기",
            "morpheme": "요즘/NNG+은/JX+앱/NNG+으로/JKB+차/NNG+시세/NNG+바로/MAG+볼/VV+ETM+수/NNB+있/VV+더라/EF+ㅎ/XSA"
          },
          {
            "id": 9,
            "text": "2 : 아 맞아",
            "norm_text": "아 맞아",
            "speaker": {
              "id": "2번",
              "sex": "여성",
              "age": "20대"
            },
            "speechAct": "(단언) 주장하기",
            "morpheme": "아/IC+맞/VV+아/EC"
          },
          {
            "id": 10,
            "text": "2 : 입력하면 차 값 다 나온다고 그러더라 키키",
            "norm_text": "입력하면 차 값 다 나온다고 그러더라 키키",
            "speaker": {
              "id": "2번",
              "sex": "여성",
              "age": "20대"
            },
            "speechAct": "(단언) 진술하기",
            "morpheme": "입력/NNG+하/XSV+면/EC+차/NNG+값/NNG+다/MAG+나온다고/VV+EC+그러/VV+더라/EC+키/NNG+키/XSV+ETN"
          },
          {
            "id": 11,
            "text": "3 : 오 직접 딜러한테 안 가고?",
            "norm_text": "오 직접 딜러한테 안 가고?",
            "speaker": {
              "id": "3번",
              "sex": "남성",
              "age": "20대"
            },
            "speechAct": "(지시) 질문하기",
            "morpheme": "오/IC+직접/MAG+딜러/NNG+한테/JKB+안/MAG+가/VV+고/EC"
          },
          {
            "id": 12,
            "text": "1 : 응 그냥 내 차 번호 넣으니까 나오던데?",
            "norm_text": "응 그냥 내 차 번호 넣으니까 나오던데?",
            "speaker": {
              "id": "1번",
              "sex": "여성",
              "age": "20대"
            },
            "speechAct": "(단언) 진술하기",
            "morpheme": "응/IC+그냥/MAG+내차/NNG+번호/NNG+넣/VV+으니까/EC+나오/VV+던데/EF"
          },
          {
            "id": 13,
            "text": "2 : 헐 대박 나도 한번 해봐야겠다 키키",
            "norm_text": "헐 대박 나도 한번 해봐야겠다 키키",
            "speaker": {
              "id": "2번",
              "sex": "여성",
              "age": "20대"
            },
            "speechAct": "(단언) 주장하기",
            "morpheme": "헐/IC+대박/NNG+나/NP+도/JX+한번/NNG+해봐야/XSV+EC+VX+EC+VX+겠/EP+다키키/NNP"
          },
          {
            "id": 14,
            "text": "3 : 와, 진짜 신기하다 키키",
            "norm_text": "와, 진짜 신기하다 키키",
            "speaker": {
              "id": "3번",
              "sex": "남성",
              "age": "20대"
            },
            "speechAct": "(단언) 주장하기",
            "morpheme": "와/IC+,/SC+진짜/MAG+신기/XR+하/XSA+다키키/NNP"
          },
          {
            "id": 15,
            "text": "3 : 그래서 파는 거야?",
            "norm_text": "그래서 파는 거야?",
            "speaker": {
              "id": "3번",
              "sex": "남성",
              "age": "20대"
            },
            "speechAct": "(지시) 질문하기",
            "morpheme": "그래서/MAJ+파/VV+는/ETM+거/NNB+야/VCP+EF"
          },
          {
            "id": 16,
            "text": "1 : 응 대략적인 차 값을 보고 팔면 돼 가서",
            "norm_text": "응 대략적인 차 값을 보고 팔면 돼 가서",
            "speaker": {
              "id": "1번",
              "sex": "여성",
              "age": "20대"
            },
            "speechAct": "(단언) 진술하기",
            "morpheme": "응/IC+대략/NNG+적/XSN+인/VCP+ETM+차/NNG+값/NNG+을/JKO+보/VV+고/EC+팔/VV+면/EC+돼/VV+EC+가/VX+서/EC"
          },
          {
            "id": 17,
            "text": "2 : 거기에 뭐 손상 돼있고 하면 금액 좀 떨어지려나?",
            "norm_text": "거기에 뭐 손상 돼있고 하면 금액 좀 떨어지려나?",
            "speaker": {
              "id": "2번",
              "sex": "여성",
              "age": "20대"
            },
            "speechAct": "(지시) 질문하기",
            "morpheme": "거기/NP+에/JKB+뭐/IC+손상/NNG+돼/XSV+EC+있/VX+고/EC+하/VV+면/EC+금액/NNG+좀/MAG+떨어지/VV+려나/EF"
          },
          {
            "id": 18,
            "text": "3 : 아무래도 손상이 있으면 그렇지 않을까?",
            "norm_text": "아무래도 손상이 있으면 그렇지 않을까?",
            "speaker": {
              "id": "3번",
              "sex": "남성",
              "age": "20대"
            },
            "speechAct": "(단언) 주장하기",
            "morpheme": "아무래도/MAG+손상/NNG+이/JKS+있/VV+으면/EC+그렇/VA+지/EC+않/VX+을까/EF"
          },
          {
            "id": 19,
            "text": "1 : 그렇지 손상 있으면 팔기 어렵지 ㅠ",
            "norm_text": "그렇지 손상 있으면 팔기 어렵지 ㅠ",
            "speaker": {
              "id": "1번",
              "sex": "여성",
              "age": "20대"
            },
            "speechAct": "(단언) 주장하기",
            "morpheme": "그렇/VA+지/EC+손상/NNG+있/VV+으면/EC+팔/VV+기/ETN+어렵/VA+지/EC+ㅠ/UNKNOWN"
          },
          {
            "id": 20,
            "text": "2 : 그럼 마이너스 백 이렇게 생각하고 있어야겠네 ㅠㅠ",
            "norm_text": "그럼 마이너스 백 이렇게 생각하고 있어야겠네 ㅠㅠ",
            "speaker": {
              "id": "2번",
              "sex": "여성",
              "age": "20대"
            },
            "speechAct": "(단언) 주장하기",
            "morpheme": "그럼/MAJ+마이너스/NNG+백/NR+이렇게/MAG+생각/NNG+하/XSV+고/EC+있/VX+어야/EC+겠/EP+네/EF+ㅠㅠ/UNKNOWN"
          },
          {
            "id": 21,
            "text": "3 : 맞아 좋은 돈에 못 팔지 ㅠ",
            "norm_text": "맞아 좋은 돈에 못 팔지 ㅠ",
            "speaker": {
              "id": "3번",
              "sex": "남성",
              "age": "20대"
            },
            "speechAct": "(단언) 주장하기",
            "morpheme": "맞/VV+아/EC+좋/VA+은/ETM+돈/NNG+에/JKB+못/MAG+팔/VV+지/EC+ㅠ/UNKNOWN"
          }
        ]
      }
    }
  ]
}