{
  "dataset": {
    "identifier": 123932,
    "name": "NATEON_45_03_set",
    "src_path": "/data/file/cubeManager/PROJECT001/84/txt202111051134230844109/NATEON_45_03_set/",
    "label_path": "/data/file/cubeManager/PROJECT001/84/txt202111051134230844109/NATEON_45_03_set/",
    "category": 2,
    "type": 0
  },
  "licenses": {
    "name": "Apache License 1.0",
    "url": "http://www.apache.org/licenses/LICENSE-1.0"
  },
  "info": [
    {
      "id": 138898,
      "filename": "NATEON_45_03.txt",
      "title": "NATEON_45_03",
      "mediatype": "메신저",
      "medianame": "네이트온",
      "category": "일상대화",
      "date": "2021-11-05",
      "size": 423,
      "annotations": {
        "subject": "교통",
        "speaker_type": "다자간 대화",
        "size": 423,
        "word_size": 151,
        "text": "1 : 나 오늘 지하철 타는데 잡상인 탔어\n2 : 와 잡상인 분들 안 본지 오래 됨 키키\n3 : 아 요즘은 잘 안보이던데?\n1 : 그래?\n1 : 나는 요새 들어 잘 보는 거 같아 ㅠ\n2 : 아 진짜? 뭐 팔고 계셨어?\n3 : 그러게\n3 : 그런 거 그냥 신고하면 되잖아?\n1 : 뭐 팔았는지도 기억 안나 키키 신고했지!\n2 : 아 그거 불법이야?\n2 : 신고 하면 잡혀가?\n3 : 다음엔 좀 걸리더라도 걸어서 가\n1 : 잡혀가겠지 키키\n1 : 그래 그냥 걸어 다녀야겠다\n2 : 아니야 힘드니까 지하철은 타고 다녀 ㅠㅠ\n3 : 응 그래도 그게 나아\n1 : 지하철 타면 너무 불편해 진짜 ㅠ\n2 : 이어폰 끼고 장님인 척 해 ㅠㅠ\n3 : 키키 그래\n3 : 그냥 이어폰 끼고 있어\n1 : 다음엔 그냥 스쿠터나 버스 타야겠어\n2 : 어어 스쿠터 잘 타니까 그거 타 하하\n3 : 그래 너 생각대로 출근해~",
        "lines": [
          {
            "id": 1,
            "text": "1 : 나 오늘 지하철 타는데 잡상인 탔어",
            "norm_text": "나 오늘 지하철 타는데 잡상인 탔어",
            "speaker": {
              "id": "1번",
              "sex": "여성",
              "age": "20대"
            },
            "speechAct": "(단언) 진술하기",
            "morpheme": "나/NP+오늘/MAG+지하철/NNG+타/VV+는데/EC+잡상인/NNG+탔/VV+EP+어/EC"
          },
          {
            "id": 2,
            "text": "2 : 와 잡상인 분들 안 본지 오래 됨 키키",
            "norm_text": "와 잡상인 분들 안 본지 오래 됨 키키",
            "speaker": {
              "id": "2번",
              "sex": "여성",
              "age": "20대"
            },
            "speechAct": "(단언) 진술하기",
            "morpheme": "와/IC+잡상인/NNG+분/XSN+들/XSN+안/MAG+본/VV+지/EC+오래됨/VV+ETN+키/NNG+키/XSV+ETN"
          },
          {
            "id": 3,
            "text": "3 : 아 요즘은 잘 안보이던데?",
            "norm_text": "아 요즘은 잘 안보이던데?",
            "speaker": {
              "id": "3번",
              "sex": "남성",
              "age": "20대"
            },
            "speechAct": "(단언) 진술하기",
            "morpheme": "아/IC+요즘/NNG+은/JX+잘/MAG+안/MAG+보이/VV+던데/EF"
          },
          {
            "id": 4,
            "text": "1 : 그래?",
            "norm_text": "그래?",
            "speaker": {
              "id": "1번",
              "sex": "여성",
              "age": "20대"
            },
            "speechAct": "(지시) 질문하기",
            "morpheme": "그래/IC"
          },
          {
            "id": 5,
            "text": "1 : 나는 요새 들어 잘 보는 거 같아 ㅠ",
            "norm_text": "나는 요새 들어 잘 보는 거 같아 ㅠ",
            "speaker": {
              "id": "1번",
              "sex": "여성",
              "age": "20대"
            },
            "speechAct": "(단언) 주장하기",
            "morpheme": "나/NP+는/JX+요새/NNG+들/XSN+어/IC+잘/MAG+보/VV+는/ETM+거/NNB+같/VA+아/EC+ㅠ/UNKNOWN"
          },
          {
            "id": 6,
            "text": "2 : 아 진짜? 뭐 팔고 계셨어?",
            "norm_text": "아 진짜? 뭐 팔고 계셨어?",
            "speaker": {
              "id": "2번",
              "sex": "여성",
              "age": "20대"
            },
            "speechAct": "(지시) 질문하기",
            "morpheme": "아/IC+진짜/MAG+뭐/IC+팔/VV+고/EC+계셨/VX+EP+어/EF"
          },
          {
            "id": 7,
            "text": "3 : 그러게",
            "norm_text": "그러게",
            "speaker": {
              "id": "3번",
              "sex": "남성",
              "age": "20대"
            },
            "speechAct": "(단언) 주장하기",
            "morpheme": "그러/VV+게/EC"
          },
          {
            "id": 8,
            "text": "3 : 그런 거 그냥 신고하면 되잖아?",
            "norm_text": "그런 거 그냥 신고하면 되잖아?",
            "speaker": {
              "id": "3번",
              "sex": "남성",
              "age": "20대"
            },
            "speechAct": "(단언) 주장하기",
            "morpheme": "그런/MM+거/NNB+그냥/MAG+신고/NNG+하/XSV+면/EC+되/VV+잖아/EF"
          },
          {
            "id": 9,
            "text": "1 : 뭐 팔았는지도 기억 안나 키키 신고했지!",
            "norm_text": "뭐 팔았는지도 기억 안나 키키 신고했지!",
            "speaker": {
              "id": "1번",
              "sex": "여성",
              "age": "20대"
            },
            "speechAct": "(단언) 진술하기",
            "morpheme": "뭐/IC+팔/VV+았/EP+는지/EC+도/JX+기억/NNG+안나/NNP+키키/NNP+신고/NNG+했/XSV+EP+지/EF"
          },
          {
            "id": 10,
            "text": "2 : 아 그거 불법이야?",
            "norm_text": "아 그거 불법이야?",
            "speaker": {
              "id": "2번",
              "sex": "여성",
              "age": "20대"
            },
            "speechAct": "(지시) 질문하기",
            "morpheme": "아/IC+그거/NP+불법/NNG+이/VCP+야/EF"
          },
          {
            "id": 11,
            "text": "2 : 신고 하면 잡혀가?",
            "norm_text": "신고 하면 잡혀가?",
            "speaker": {
              "id": "2번",
              "sex": "여성",
              "age": "20대"
            },
            "speechAct": "(지시) 질문하기",
            "morpheme": "신고/NNG+하/XSV+면/EC+잡혀가/VV+EC"
          },
          {
            "id": 12,
            "text": "3 : 다음엔 좀 걸리더라도 걸어서 가",
            "norm_text": "다음엔 좀 걸리더라도 걸어서 가",
            "speaker": {
              "id": "3번",
              "sex": "남성",
              "age": "20대"
            },
            "speechAct": "(지시) 명령/요구하기",
            "morpheme": "다음/NNG+엔/JKB+JX+좀/MAG+걸리/VV+더라도/EC+걸어서/VV+EC+가/VX"
          },
          {
            "id": 13,
            "text": "1 : 잡혀가겠지 키키",
            "norm_text": "잡혀가겠지 키키",
            "speaker": {
              "id": "1번",
              "sex": "여성",
              "age": "20대"
            },
            "speechAct": "(단언) 주장하기",
            "morpheme": "잡혀가/VV+EC+겠지/VX+EP+EC+키/NNG+키/XSV+ETN"
          },
          {
            "id": 14,
            "text": "1 : 그래 그냥 걸어 다녀야겠다",
            "norm_text": "그래 그냥 걸어 다녀야겠다",
            "speaker": {
              "id": "1번",
              "sex": "여성",
              "age": "20대"
            },
            "speechAct": "(언약) 약속하기(제3자와)/(개인적 수준)",
            "morpheme": "그래/IC+그냥/MAG+걸/VV+어/EC+다녀야/VV+EC+겠다/VX+EP+EC"
          },
          {
            "id": 15,
            "text": "2 : 아니야 힘드니까 지하철은 타고 다녀 ㅠㅠ",
            "norm_text": "아니야 힘드니까 지하철은 타고 다녀 ㅠㅠ",
            "speaker": {
              "id": "2번",
              "sex": "여성",
              "age": "20대"
            },
            "speechAct": "(지시) 명령/요구하기",
            "morpheme": "아니야/IC+힘드/VA+니까/EC+지하철/NNG+은/JX+타/VV+고/EC+다녀/VV+EF+ㅠㅠ/UNKNOWN"
          },
          {
            "id": 16,
            "text": "3 : 응 그래도 그게 나아",
            "norm_text": "응 그래도 그게 나아",
            "speaker": {
              "id": "3번",
              "sex": "남성",
              "age": "20대"
            },
            "speechAct": "(단언) 주장하기",
            "morpheme": "응/IC+그래도/MAJ+그게/NP+JKS+나아/NNG"
          },
          {
            "id": 17,
            "text": "1 : 지하철 타면 너무 불편해 진짜 ㅠ",
            "norm_text": "지하철 타면 너무 불편해 진짜 ㅠ",
            "speaker": {
              "id": "1번",
              "sex": "여성",
              "age": "20대"
            },
            "speechAct": "(단언) 주장하기",
            "morpheme": "지하철/NNG+타/VV+면/EC+너무/MAG+불편/NNG+해진/XSA+EC+VX+ETM+짜ㅠ/UNKNOWN"
          },
          {
            "id": 18,
            "text": "2 : 이어폰 끼고 장님인 척 해 ㅠㅠ",
            "norm_text": "이어폰 끼고 장님인 척 해 ㅠㅠ",
            "speaker": {
              "id": "2번",
              "sex": "여성",
              "age": "20대"
            },
            "speechAct": "(단언) 진술하기",
            "morpheme": "이어폰/NNG+끼/NNG+고장/NNG+님/XSN+인척/NNG+해/XSV+EC+ㅠㅠ/UNKNOWN"
          },
          {
            "id": 19,
            "text": "3 : 키키 그래",
            "norm_text": "키키 그래",
            "speaker": {
              "id": "3번",
              "sex": "남성",
              "age": "20대"
            },
            "speechAct": "(단언) 주장하기",
            "morpheme": "키/NNG+키/XSV+ETN+그래/VA+EC"
          },
          {
            "id": 20,
            "text": "3 : 그냥 이어폰 끼고 있어",
            "norm_text": "그냥 이어폰 끼고 있어",
            "speaker": {
              "id": "3번",
              "sex": "남성",
              "age": "20대"
            },
            "speechAct": "(지시) 명령/요구하기",
            "morpheme": "그냥/MAG+이어폰/NNG+끼/VV+고/EC+있/VX+어/EC"
          },
          {
            "id": 21,
            "text": "1 : 다음엔 그냥 스쿠터나 버스 타야겠어",
            "norm_text": "다음엔 그냥 스쿠터나 버스 타야겠어",
            "speaker": {
              "id": "1번",
              "sex": "여성",
              "age": "20대"
            },
            "speechAct": "(언약) 약속하기(제3자와)/(개인적 수준)",
            "morpheme": "다음/NNG+엔/JKB+JX+그냥/MAG+스쿠터/NNG+나/JC+버스타/NNP+야/JKV+겠/EP+어/EC"
          },
          {
            "id": 22,
            "text": "2 : 어어 스쿠터 잘 타니까 그거 타 하하",
            "norm_text": "어어 스쿠터 잘 타니까 그거 타 하하",
            "speaker": {
              "id": "2번",
              "sex": "여성",
              "age": "20대"
            },
            "speechAct": "(지시) 명령/요구하기",
            "morpheme": "어/IC+어/IC+스쿠터/NNG+잘/MAG+타/VV+니까/EC+그거/NP+타하/NNG+하/XSV"
          },
          {
            "id": 23,
            "text": "3 : 그래 너 생각대로 출근해~",
            "norm_text": "그래 너 생각대로 출근해~",
            "speaker": {
              "id": "3번",
              "sex": "남성",
              "age": "20대"
            },
            "speechAct": "(지시) 명령/요구하기",
            "morpheme": "그래/IC+너/NP+생각/NNG+대로/JX+출근/NNG+해/XSV+EC+~/SY"
          }
        ]
      }
    }
  ]
}