{
  "dataset": {
    "identifier": 117484,
    "name": "NATEON_30_19_set",
    "src_path": "/data/file/cubeManager/PROJECT001/80/txt20211102113529063122/NATEON_30_19_set/",
    "label_path": "/data/file/cubeManager/PROJECT001/80/txt20211102113529063122/NATEON_30_19_set/",
    "category": 2,
    "type": 0
  },
  "licenses": {
    "name": "Apache License 1.0",
    "url": "http://www.apache.org/licenses/LICENSE-1.0"
  },
  "info": [
    {
      "id": 129982,
      "filename": "NATEON_30_19.txt",
      "title": "NATEON_30_19",
      "mediatype": "메신저",
      "medianame": "네이트온",
      "category": "일상대화",
      "date": "2021-11-02",
      "size": 483,
      "annotations": {
        "subject": "방송/연예",
        "speaker_type": "다자간 대화",
        "size": 483,
        "word_size": 174,
        "text": "1 : 나 이번에 새로 하는 드라마 보고 싶은데 추천 좀 ㅠㅠ\n2 : 새로 하는 드라마?\n2 : 나 티비 잘 안 봐 ㅠㅠ\n3 : 나도 드라마를 잘 안 봐서 ㅠ\n1 : 나 예전에 김명민 진짜 좋아했는데\n2 : 이 정도면 너가 우리한테 추천해 줘야 할 듯 하하\n3 : 그 똥 덩어리 아저씨 아니야?\n1 : 키키 나도 옛날 드라마밖에 몰라 ㅠㅠ\n2 : 키키 그럼 그냥 우리 유명한 거 찾아서 봐야 할 거 같아 키키\n3 : 아니면 예전 드라마 정주행은?\n1 : 나 검법남녀 진짜 좋아하는데 그거 봐야겠다\n2 : 드라마 나 리턴 진짜 좋아했는데 그거 봤어?\n3 : 그거 시즌2까지 나왔잖아 아니야?\n1 : 헐 리턴?\n1 : 아 그거 볼까!\n2 : 웅 그거 봐 바\n2 : 진짜 재밌어\n2 : 추천 추천!\n3 : 둘 다 의학물 아니야?\n1 : 응 비슷한 건데 오늘은 리턴 봐야지\n2 : 아냐 의학물 아니고 저건 좀 스릴러야\n2 : 추리 이런 거 키키\n2 : 재밌어 법정 드라마!\n3 : 너 보고 나도 좀 알려 줘 하하",
        "lines": [
          {
            "id": 1,
            "text": "1 : 나 이번에 새로 하는 드라마 보고 싶은데 추천 좀 ㅠㅠ",
            "norm_text": "나 이번에 새로 하는 드라마 보고 싶은데 추천 좀 ㅠㅠ",
            "speaker": {
              "id": "1번",
              "sex": "여성",
              "age": "20대"
            },
            "speechAct": "(지시) 부탁하기",
            "morpheme": "나/NP+이번/NNG+에/JKB+새로/MAG+하/VV+는/ETM+드라마/NNG+보/VV+고/EC+싶/VX+은데/EC+추천/NNG+좀/MAG+ㅠㅠ/UNKNOWN"
          },
          {
            "id": 2,
            "text": "2 : 새로 하는 드라마?",
            "norm_text": "새로 하는 드라마?",
            "speaker": {
              "id": "2번",
              "sex": "여성",
              "age": "20대"
            },
            "speechAct": "(단언) 주장하기",
            "morpheme": "새로/MAG+하/VV+는/ETM+드라마/NNG"
          },
          {
            "id": 3,
            "text": "2 : 나 티비 잘 안 봐 ㅠㅠ",
            "norm_text": "나 티비 잘 안 봐 ㅠㅠ",
            "speaker": {
              "id": "2번",
              "sex": "여성",
              "age": "20대"
            },
            "speechAct": "(단언) 진술하기",
            "morpheme": "나티비잘안봐ㅠㅠ/UNKNOWN"
          },
          {
            "id": 4,
            "text": "3 : 나도 드라마를 잘 안 봐서 ㅠ",
            "norm_text": "나도 드라마를 잘 안 봐서 ㅠ",
            "speaker": {
              "id": "3번",
              "sex": "남성",
              "age": "20대"
            },
            "speechAct": "(단언) 진술하기",
            "morpheme": "나/NP+도/JX+드라마/NNG+를/JKO+잘/MAG+안/MAG+봐서/VV+EC+ㅠ/UNKNOWN"
          },
          {
            "id": 5,
            "text": "1 : 나 예전에 김명민 진짜 좋아했는데",
            "norm_text": "나 예전에 김명민 진짜 좋아했는데",
            "speaker": {
              "id": "1번",
              "sex": "여성",
              "age": "20대"
            },
            "speechAct": "(단언) 주장하기",
            "morpheme": "나/NP+예전/NNG+에/JKB+김명민/NNP+진짜/MAG+좋/VA+아/EC+했/VX+EP+는데/EC"
          },
          {
            "id": 6,
            "text": "2 : 이 정도면 너가 우리한테 추천해 줘야 할 듯 하하",
            "norm_text": "이 정도면 너가 우리한테 추천해 줘야 할 듯 하하",
            "speaker": {
              "id": "2번",
              "sex": "여성",
              "age": "20대"
            },
            "speechAct": "(단언) 주장하기",
            "morpheme": "이/MM+정도/NNG+면/VCP+EC+너/NP+가/JKS+우리/NP+한테/JKB+추천/NNG+해/XSV+EC+줘야/VX+EC+할/VX+ETM+듯/NNB+하/XSA+하/XSA"
          },
          {
            "id": 7,
            "text": "3 : 그 똥 덩어리 아저씨 아니야?",
            "norm_text": "그 똥 덩어리 아저씨 아니야?",
            "speaker": {
              "id": "3번",
              "sex": "남성",
              "age": "20대"
            },
            "speechAct": "(단언) 주장하기",
            "morpheme": "그/MM+똥/NNG+덩어리/NNG+아저씨/NNG+아니/VCN+야/EF"
          },
          {
            "id": 8,
            "text": "1 : 키키 나도 옛날 드라마밖에 몰라 ㅠㅠ",
            "norm_text": "키키 나도 옛날 드라마밖에 몰라 ㅠㅠ",
            "speaker": {
              "id": "1번",
              "sex": "여성",
              "age": "20대"
            },
            "speechAct": "(단언) 주장하기",
            "morpheme": "키/NNG+키나/XSA+ETN+JX+도/JX+옛날/NNG+드라마/NNG+밖에/JX+몰라/VV+EF+ㅠㅠ/UNKNOWN"
          },
          {
            "id": 9,
            "text": "2 : 키키 그럼 그냥 우리 유명한 거 찾아서 봐야 할 거 같아 키키",
            "norm_text": "키키 그럼 그냥 우리 유명한 거 찾아서 봐야 할 거 같아 키키",
            "speaker": {
              "id": "2번",
              "sex": "여성",
              "age": "20대"
            },
            "speechAct": "(단언) 주장하기",
            "morpheme": "키/NNG+키/XSV+ETN+그럼/MAJ+그냥/MAG+우리/NP+유명/NNG+한/XSA+ETM+거/NNB+찾/VV+아서/EC+봐야/VX+EC+할/VX+ETM+거/NNB+같/VA+아/EC+키/NNG+키/XSV+ETN"
          },
          {
            "id": 10,
            "text": "3 : 아니면 예전 드라마 정주행은?",
            "norm_text": "아니면 예전 드라마 정주행은?",
            "speaker": {
              "id": "3번",
              "sex": "남성",
              "age": "20대"
            },
            "speechAct": "(지시) 충고/제안하기",
            "morpheme": "아니면/MAJ+예전/NNG+드라마/NNG+정주/NNG+행은/NNG+JX"
          },
          {
            "id": 11,
            "text": "1 : 나 검법남녀 진짜 좋아하는데 그거 봐야겠다",
            "norm_text": "나 검법남녀 진짜 좋아하는데 그거 봐야겠다",
            "speaker": {
              "id": "1번",
              "sex": "여성",
              "age": "20대"
            },
            "speechAct": "(언약) 약속하기(제3자와)/(개인적 수준)",
            "morpheme": "나/NP+검법/NNG+남녀/NNG+진짜/MAG+좋/VA+아/EC+하/VV+는데/EC+그거/NP+VCP+봐야/EC+VX+EC+VX+겠/EP+다/EC"
          },
          {
            "id": 12,
            "text": "2 : 드라마 나 리턴 진짜 좋아했는데 그거 봤어?",
            "norm_text": "드라마 나 리턴 진짜 좋아했는데 그거 봤어?",
            "speaker": {
              "id": "2번",
              "sex": "여성",
              "age": "20대"
            },
            "speechAct": "(지시) 질문하기",
            "morpheme": "드라마/NNG+나/JC+리턴/NNG+진짜/MAG+좋/VA+아/EC+했/VX+EP+는데/EC+그거/NP+봤/VV+EP+어/EF"
          },
          {
            "id": 13,
            "text": "3 : 그거 시즌2까지 나왔잖아 아니야?",
            "norm_text": "그거 시즌2까지 나왔잖아 아니야?",
            "speaker": {
              "id": "3번",
              "sex": "남성",
              "age": "20대"
            },
            "speechAct": "(단언) 주장하기",
            "morpheme": "그거/NP+시즌/NNG+2/SN+까지/JX+나왔/VV+EP+잖아/EF+아니/VCN+야/EF"
          },
          {
            "id": 14,
            "text": "1 : 헐 리턴?",
            "norm_text": "헐 리턴?",
            "speaker": {
              "id": "1번",
              "sex": "여성",
              "age": "20대"
            },
            "speechAct": "(단언) 주장하기",
            "morpheme": "헐리/NNG+턴/XSV+ETM"
          },
          {
            "id": 15,
            "text": "1 : 아 그거 볼까!",
            "norm_text": "아 그거 볼까!",
            "speaker": {
              "id": "1번",
              "sex": "여성",
              "age": "20대"
            },
            "speechAct": "(단언) 주장하기",
            "morpheme": "아/IC+그거/NP+볼까/VV+EF"
          },
          {
            "id": 16,
            "text": "2 : 웅 그거 봐 바",
            "norm_text": "웅 그거 봐 바",
            "speaker": {
              "id": "2번",
              "sex": "여성",
              "age": "20대"
            },
            "speechAct": "(지시) 충고/제안하기",
            "morpheme": "웅/IC+그거/NP+봐/VV+바/EC"
          },
          {
            "id": 17,
            "text": "2 : 진짜 재밌어",
            "norm_text": "진짜 재밌어",
            "speaker": {
              "id": "2번",
              "sex": "여성",
              "age": "20대"
            },
            "speechAct": "(단언) 주장하기",
            "morpheme": "진짜/MAG+재밌/VA+어/EC"
          },
          {
            "id": 18,
            "text": "2 : 추천 추천!",
            "norm_text": "추천 추천!",
            "speaker": {
              "id": "2번",
              "sex": "여성",
              "age": "20대"
            },
            "speechAct": "(단언) 주장하기",
            "morpheme": "추천/NNG+추천/NNG"
          },
          {
            "id": 19,
            "text": "3 : 둘 다 의학물 아니야?",
            "norm_text": "둘 다 의학물 아니야?",
            "speaker": {
              "id": "3번",
              "sex": "남성",
              "age": "20대"
            },
            "speechAct": "(지시) 질문하기",
            "morpheme": "둘/NR+다/MAG+의학/NNG+물/NNG+아니/VCN+야/EF"
          },
          {
            "id": 20,
            "text": "1 : 응 비슷한 건데 오늘은 리턴 봐야지",
            "norm_text": "응 비슷한 건데 오늘은 리턴 봐야지",
            "speaker": {
              "id": "1번",
              "sex": "여성",
              "age": "20대"
            },
            "speechAct": "(언약) 약속하기(제3자와)/(개인적 수준)",
            "morpheme": "응/IC+비슷/XR+한/XSA+ETM+건데/NNB+VCP+EC+오늘/NNG+은/JX+리턴/NNG+봐야지/VV+EC"
          },
          {
            "id": 21,
            "text": "2 : 아냐 의학물 아니고 저건 좀 스릴러야",
            "norm_text": "아냐 의학물 아니고 저건 좀 스릴러야",
            "speaker": {
              "id": "2번",
              "sex": "여성",
              "age": "20대"
            },
            "speechAct": "(단언) 진술하기",
            "morpheme": "아냐/IC+의학/NNG+물/NNG+아니/VCN+고/EC+저건/NP+JX+좀/MAG+스릴러/NNG+야/VCP+EF"
          },
          {
            "id": 22,
            "text": "2 : 추리 이런 거 키키",
            "norm_text": "추리 이런 거 키키",
            "speaker": {
              "id": "2번",
              "sex": "여성",
              "age": "20대"
            },
            "speechAct": "(단언) 진술하기",
            "morpheme": "추리/NNG+이런/MM+거/NNB+키/NNG+키/XSV+ETN"
          },
          {
            "id": 23,
            "text": "2 : 재밌어 법정 드라마!",
            "norm_text": "재밌어 법정 드라마!",
            "speaker": {
              "id": "2번",
              "sex": "여성",
              "age": "20대"
            },
            "speechAct": "(단언) 주장하기",
            "morpheme": "재밌/VA+어/EC+법정/NNG+드라마/NNG"
          },
          {
            "id": 24,
            "text": "3 : 너 보고 나도 좀 알려 줘 하하",
            "norm_text": "너 보고 나도 좀 알려 줘 하하",
            "speaker": {
              "id": "3번",
              "sex": "남성",
              "age": "20대"
            },
            "speechAct": "(지시) 부탁하기",
            "morpheme": "너/NP+보고/JKB+나/NP+도/JX+좀/MAG+알려줘/VV+EC+VX+EC+하하/MAG"
          }
        ]
      }
    }
  ]
}