{
  "dataset": {
    "identifier": 128856,
    "name": "NATEON_25_16_set",
    "src_path": "/data/file/cubeManager/PROJECT001/84/txt20211109145245013933/NATEON_25_16_set/",
    "label_path": "/data/file/cubeManager/PROJECT001/84/txt20211109145245013933/NATEON_25_16_set/",
    "category": 2,
    "type": 0
  },
  "licenses": {
    "name": "Apache License 1.0",
    "url": "http://www.apache.org/licenses/LICENSE-1.0"
  },
  "info": [
    {
      "id": 143361,
      "filename": "NATEON_25_16.txt",
      "title": "NATEON_25_16",
      "mediatype": "메신저",
      "medianame": "네이트온",
      "category": "일상대화",
      "date": "2021-11-09",
      "size": 721,
      "annotations": {
        "subject": "미용",
        "speaker_type": "1:1",
        "size": 721,
        "word_size": 231,
        "text": "1 : 언니 혹시 향수 좋아해?\n2 : 응 나는 산타마리아노벨라 향수 쓰는데\n2 : 너는 향수 써?\n1 : 아니. 향수에 관심은 많고 하나 구매하고 싶은데 어떤 걸 사야 할지 고민 중이야!\n1 : 추천 좀 부탁해?\n2 : 나는 딥디크 추천!\n2 : 딥디크가 향이 진짜 오래가!\n1 : 딥디크 정말 많이들 추천하더라!\n1 : 언닌 무슨 계열 향을 좋아해?\n2 : 나는 비누향! 지금 쓰는 향수도 비누 향이야 하하\n2 : 너는 어떤 향 좋아해?\n1 : 나도 비누향 좋은 거 같아.\n1 : 나는 시트러스 계열도 좋아해!\n2 : 시트러스 여름에 잘 어울리는 향!\n2 : 혹시 네일아트 좋아해?\n1 : 학생 때는 종종했는데 성인 되고부터는 너무 불편해서 안 하게 돼.\n2 : 나는 손톱을 못 기르는 편이라 해도 바로 바로 자르더라고...\n2 : 손톱 기르는 거 잘 견디는 편이야?\n1 : 아니. 위생적으로도 그렇고 생활하다 보면 잘 부러지고 불편해서 손톱을 바짝 깎는 편이야!\n2 : 나도 나도!\n2 : 혹시 퍼스널 컬러 그거는 해봤어?\n1 : 아니! 너무 너무 해 보고 싶어!\n1 : 근데 아마 나는 쿨톤에 계열 색깔을 좋아해.\n1 : 언니는 진단 해 봤어?\n2 : 나는 쿨톤은 아닌 거 같아 분홍색 너무 안 어울려서!\n2 : 나는 진단은 안 해봤는데 같이 하러 가볼까!?\n1 : 좋아! 나도 어릴 땐 핑크 계열을 화장품 보면 소름 돋았는데 요즘엔 너무 좋아서 소름 돋아 하하\n2 : 아 진짜? 난 분홍색 하면 너무 촌스러워져서 못 쓰겠어...",
        "lines": [
          {
            "id": 1,
            "text": "1 : 언니 혹시 향수 좋아해?",
            "norm_text": "언니 혹시 향수 좋아해?",
            "speaker": {
              "id": "1번",
              "sex": "여성",
              "age": "20대"
            },
            "speechAct": "(지시) 질문하기",
            "morpheme": "언니/NNG+혹시/MAG+향수/NNG+좋/VA+아/EC+해/VX+EF"
          },
          {
            "id": 2,
            "text": "2 : 응 나는 산타마리아노벨라 향수 쓰는데",
            "norm_text": "응 나는 산타마리아노벨라 향수 쓰는데",
            "speaker": {
              "id": "2번",
              "sex": "여성",
              "age": "20대"
            },
            "speechAct": "(단언) 진술하기",
            "morpheme": "응/IC+나/NP+는/JX+산타마리아/NNP+노벨라/NNP+향수/NNG+쓰/VV+는데/EC"
          },
          {
            "id": 3,
            "text": "2 : 너는 향수 써?",
            "norm_text": "너는 향수 써?",
            "speaker": {
              "id": "2번",
              "sex": "여성",
              "age": "20대"
            },
            "speechAct": "(지시) 질문하기",
            "morpheme": "너/NP+는/JX+향수/NNG+써/VV+EF"
          },
          {
            "id": 4,
            "text": "1 : 아니. 향수에 관심은 많고 하나 구매하고 싶은데 어떤 걸 사야 할지 고민 중이야!",
            "norm_text": "아니. 향수에 관심은 많고 하나 구매하고 싶은데 어떤 걸 사야 할지 고민 중이야!",
            "speaker": {
              "id": "1번",
              "sex": "여성",
              "age": "20대"
            },
            "speechAct": "(단언) 진술하기",
            "morpheme": "아니/IC+향수/NNG+에/JKB+관심/NNG+은/JX+많/VA+고/EC+하나/NR+구매/NNG+하/XSV+고/EC+싶/VX+은데/EC+어떤/MM+걸/NNB+JKO+사/VV+야/EC+할지/VX+EC+고민/NNG+중/NNB+이/VCP+야/EF"
          },
          {
            "id": 5,
            "text": "1 : 추천 좀 부탁해?",
            "norm_text": "추천 좀 부탁해?",
            "speaker": {
              "id": "1번",
              "sex": "여성",
              "age": "20대"
            },
            "speechAct": "(단언) 진술하기",
            "morpheme": "추천/NNG+좀/MAG+부탁/NNG+해/XSV+EF"
          },
          {
            "id": 6,
            "text": "2 : 나는 딥디크 추천!",
            "norm_text": "나는 딥디크 추천!",
            "speaker": {
              "id": "2번",
              "sex": "여성",
              "age": "20대"
            },
            "speechAct": "(단언) 진술하기",
            "morpheme": "나/NP+는/JX+딥/NNP+디크/NNP+추천/NNG"
          },
          {
            "id": 7,
            "text": "2 : 딥디크가 향이 진짜 오래가!",
            "norm_text": "딥디크가 향이 진짜 오래가!",
            "speaker": {
              "id": "2번",
              "sex": "여성",
              "age": "20대"
            },
            "speechAct": "(단언) 진술하기",
            "morpheme": "딥/NNP+디크/NNP+가향/NNG+이/JKS+진짜/MAG+오래/NNG+가/JKS"
          },
          {
            "id": 8,
            "text": "1 : 딥디크 정말 많이들 추천하더라!",
            "norm_text": "딥디크 정말 많이들 추천하더라!",
            "speaker": {
              "id": "1번",
              "sex": "여성",
              "age": "20대"
            },
            "speechAct": "(단언) 진술하기",
            "morpheme": "딥/NNP+디크/NNP+정말/MAG+많이/MAG+들/XSN+추천/NNG+하/XSA+더라/EF"
          },
          {
            "id": 9,
            "text": "1 : 언닌 무슨 계열 향을 좋아해?",
            "norm_text": "언닌 무슨 계열 향을 좋아해?",
            "speaker": {
              "id": "1번",
              "sex": "여성",
              "age": "20대"
            },
            "speechAct": "(지시) 질문하기",
            "morpheme": "언닌/NNG+JX+무슨/MM+계열/NNG+향/NNG+을/JKO+좋아해/VV+EF"
          },
          {
            "id": 10,
            "text": "2 : 나는 비누향! 지금 쓰는 향수도 비누 향이야 하하",
            "norm_text": "나는 비누향! 지금 쓰는 향수도 비누 향이야 하하",
            "speaker": {
              "id": "2번",
              "sex": "여성",
              "age": "20대"
            },
            "speechAct": "(단언) 진술하기",
            "morpheme": "나/NP+는/JX+비누/NNG+향/NNG+!/SY+지금쓰는향수도비누향이야하하/UNKNOWN"
          },
          {
            "id": 11,
            "text": "2 : 너는 어떤 향 좋아해?",
            "norm_text": "너는 어떤 향 좋아해?",
            "speaker": {
              "id": "2번",
              "sex": "여성",
              "age": "20대"
            },
            "speechAct": "(지시) 질문하기",
            "morpheme": "너/NP+는/JX+어떤/MM+향/NNG+좋/VA+아/EC+해/VX+EF"
          },
          {
            "id": 12,
            "text": "1 : 나도 비누향 좋은 거 같아.",
            "norm_text": "나도 비누향 좋은 거 같아.",
            "speaker": {
              "id": "1번",
              "sex": "여성",
              "age": "20대"
            },
            "speechAct": "(단언) 진술하기",
            "morpheme": "나/NP+도/JX+비누/NNG+향/NNG+좋/VA+은/ETM+거/NNB+같/VA+아/EF"
          },
          {
            "id": 13,
            "text": "1 : 나는 시트러스 계열도 좋아해!",
            "norm_text": "나는 시트러스 계열도 좋아해!",
            "speaker": {
              "id": "1번",
              "sex": "여성",
              "age": "20대"
            },
            "speechAct": "(단언) 주장하기",
            "morpheme": "나/NP+는/JX+시/NNG+트러스/NNG+계열/NNG+도/JX+좋/VA+아/EC+해/VX+EF"
          },
          {
            "id": 14,
            "text": "2 : 시트러스 여름에 잘 어울리는 향!",
            "norm_text": "시트러스 여름에 잘 어울리는 향!",
            "speaker": {
              "id": "2번",
              "sex": "여성",
              "age": "20대"
            },
            "speechAct": "(단언) 진술하기",
            "morpheme": "시/NNG+트러스/NNG+여름/NNG+에/JKB+잘/MAG+어울리/VV+는/ETM+향/NNG"
          },
          {
            "id": 15,
            "text": "2 : 혹시 네일아트 좋아해?",
            "norm_text": "혹시 네일아트 좋아해?",
            "speaker": {
              "id": "2번",
              "sex": "여성",
              "age": "20대"
            },
            "speechAct": "(지시) 질문하기",
            "morpheme": "혹시/MAG+네/MM+일/NR+아트/NNG+좋/VA+아/EC+해/VX+EF"
          },
          {
            "id": 16,
            "text": "1 : 학생 때는 종종했는데 성인 되고부터는 너무 불편해서 안 하게 돼.",
            "norm_text": "학생 때는 종종했는데 성인 되고부터는 너무 불편해서 안 하게 돼.",
            "speaker": {
              "id": "1번",
              "sex": "여성",
              "age": "20대"
            },
            "speechAct": "(단언) 진술하기",
            "morpheme": "학생/NNG+때/NNG+는/JX+종종/NNG+했/XSV+EP+는데/EC+성인/NNG+되/XSV+고/EC+부터/JX+는/JX+너무/MAG+불편/NNG+해서/XSV+EC+안/MAG+하/VV+게/EC+돼/VV+EF"
          },
          {
            "id": 17,
            "text": "2 : 나는 손톱을 못 기르는 편이라 해도 바로 바로 자르더라고...",
            "norm_text": "나는 손톱을 못 기르는 편이라 해도 바로 바로 자르더라고...",
            "speaker": {
              "id": "2번",
              "sex": "여성",
              "age": "20대"
            },
            "speechAct": "(단언) 진술하기",
            "morpheme": "나/NP+는/JX+손톱/NNG+을/JKO+못/MAG+기르/VV+는/ETM+편/NNB+이/VCP+라/EC+해도/VV+EC+바로/MAG+바로/MAG+자르/VV+더라고/EF+./SY"
          },
          {
            "id": 18,
            "text": "2 : 손톱 기르는 거 잘 견디는 편이야?",
            "norm_text": "손톱 기르는 거 잘 견디는 편이야?",
            "speaker": {
              "id": "2번",
              "sex": "여성",
              "age": "20대"
            },
            "speechAct": "(지시) 질문하기",
            "morpheme": "손톱/NNG+기르/VV+는/ETM+거/NNB+잘/MAG+견디/VV+는/ETM+편/NNB+이/VCP+야/EF"
          },
          {
            "id": 19,
            "text": "1 : 아니. 위생적으로도 그렇고 생활하다 보면 잘 부러지고 불편해서 손톱을 바짝 깎는 편이야!",
            "norm_text": "아니. 위생적으로도 그렇고 생활하다 보면 잘 부러지고 불편해서 손톱을 바짝 깎는 편이야!",
            "speaker": {
              "id": "1번",
              "sex": "여성",
              "age": "20대"
            },
            "speechAct": "(단언) 진술하기",
            "morpheme": "아니/IC+위생/NNG+적/XSN+으로/JKB+도/JX+그렇/VA+고/EC+생활/NNG+하/XSV+다/EC+보/VX+면/EC+잘/MAG+부러지/VV+고/EC+불편/NNG+해서/XSV+EC+손톱/NNG+을/JKO+바짝/MAG+깎/VV+는/ETM+편/NNB+이/VCP+야/EF"
          },
          {
            "id": 20,
            "text": "2 : 나도 나도!",
            "norm_text": "나도 나도!",
            "speaker": {
              "id": "2번",
              "sex": "여성",
              "age": "20대"
            },
            "speechAct": "(단언) 진술하기",
            "morpheme": "나/NP+도/JX+나/NP+도/JX"
          },
          {
            "id": 21,
            "text": "2 : 혹시 퍼스널 컬러 그거는 해봤어?",
            "norm_text": "혹시 퍼스널 컬러 그거는 해봤어?",
            "speaker": {
              "id": "2번",
              "sex": "여성",
              "age": "20대"
            },
            "speechAct": "(지시) 질문하기",
            "morpheme": "혹시/MAG+퍼스널/NNG+컬러/NNG+그거/NP+는/JX+해/VV+EC+봤/VX+EP+어/EF"
          },
          {
            "id": 22,
            "text": "1 : 아니! 너무 너무 해 보고 싶어!",
            "norm_text": "아니! 너무 너무 해 보고 싶어!",
            "speaker": {
              "id": "1번",
              "sex": "여성",
              "age": "20대"
            },
            "speechAct": "(단언) 진술하기",
            "morpheme": "아니/IC+너무너무/MAG+해/VV+EC+보/VX+고/EC+싶/VX+어/EF"
          },
          {
            "id": 23,
            "text": "1 : 근데 아마 나는 쿨톤에 계열 색깔을 좋아해.",
            "norm_text": "근데 아마 나는 쿨톤에 계열 색깔을 좋아해.",
            "speaker": {
              "id": "1번",
              "sex": "여성",
              "age": "20대"
            },
            "speechAct": "(단언) 주장하기",
            "morpheme": "근데/MAJ+아마/MAG+나/NP+는/JX+쿨/NNG+톤/NNG+에/JKB+계열/NNG+색깔/NNG+을/JKO+좋아해/VV+EF"
          },
          {
            "id": 24,
            "text": "1 : 언니는 진단 해 봤어?",
            "norm_text": "언니는 진단 해 봤어?",
            "speaker": {
              "id": "1번",
              "sex": "여성",
              "age": "20대"
            },
            "speechAct": "(지시) 질문하기",
            "morpheme": "언니/NNG+는/JX+진단/NNG+해/XSV+EC+봤/VX+EP+어/EF"
          },
          {
            "id": 25,
            "text": "2 : 나는 쿨톤은 아닌 거 같아 분홍색 너무 안 어울려서!",
            "norm_text": "나는 쿨톤은 아닌 거 같아 분홍색 너무 안 어울려서!",
            "speaker": {
              "id": "2번",
              "sex": "여성",
              "age": "20대"
            },
            "speechAct": "(단언) 진술하기",
            "morpheme": "나/NP+는/JX+쿨톤/NNP+은/JX+아닌/VCN+ETM+거/NNB+같/VA+아/EC+분홍색/NNG+너무/MAG+안/MAG+어울려서/VV+EC"
          },
          {
            "id": 26,
            "text": "2 : 나는 진단은 안 해봤는데 같이 하러 가볼까!?",
            "norm_text": "나는 진단은 안 해봤는데 같이 하러 가볼까!?",
            "speaker": {
              "id": "2번",
              "sex": "여성",
              "age": "20대"
            },
            "speechAct": "(지시) 질문하기",
            "morpheme": "나/NP+는/JX+진단/NNG+은/JX+안/MAG+해/VV+EC+봤/VX+EP+는데/EC+같이/MAG+하/VV+러/EC+가/VX+볼까/EC+VX+EC+!/SY"
          },
          {
            "id": 27,
            "text": "1 : 좋아! 나도 어릴 땐 핑크 계열을 화장품 보면 소름 돋았는데 요즘엔 너무 좋아서 소름 돋아 하하",
            "norm_text": "좋아! 나도 어릴 땐 핑크 계열을 화장품 보면 소름 돋았는데 요즘엔 너무 좋아서 소름 돋아 하하",
            "speaker": {
              "id": "1번",
              "sex": "여성",
              "age": "20대"
            },
            "speechAct": "(단언) 진술하기",
            "morpheme": "좋/VA+아/EF+나도어릴땐핑크계열을화장품보면소름돋았는데요즘엔너무좋아서소름돋아하하/UNKNOWN"
          },
          {
            "id": 28,
            "text": "2 : 아 진짜? 난 분홍색 하면 너무 촌스러워져서 못 쓰겠어...",
            "norm_text": "아 진짜? 난 분홍색 하면 너무 촌스러워져서 못 쓰겠어...",
            "speaker": {
              "id": "2번",
              "sex": "여성",
              "age": "20대"
            },
            "speechAct": "(단언) 진술하기",
            "morpheme": "아/IC+진짜/MAG+난/NP+JX+분홍색/NNG+하/XSV+면/EC+너무/MAG+촌/NNG+스러워져서/XSA+EC+VX+EC+못/MAG+쓰/VV+겠/EP+어/EF+./SY"
          }
        ]
      }
    }
  ]
}