{
  "dataset": {
    "identifier": 127929,
    "name": "NATEON_39_04_set",
    "src_path": "/data/file/cubeManager/PROJECT001/84/txt20211108181225068186/NATEON_39_04_set/",
    "label_path": "/data/file/cubeManager/PROJECT001/84/txt20211108181225068186/NATEON_39_04_set/",
    "category": 2,
    "type": 0
  },
  "licenses": {
    "name": "Apache License 1.0",
    "url": "http://www.apache.org/licenses/LICENSE-1.0"
  },
  "info": [
    {
      "id": 141888,
      "filename": "NATEON_39_04.txt",
      "title": "NATEON_39_04",
      "mediatype": "메신저",
      "medianame": "네이트온",
      "category": "일상대화",
      "date": "2021-11-08",
      "size": 424,
      "annotations": {
        "subject": "회사/아르바이트",
        "speaker_type": "다자간 대화",
        "size": 424,
        "word_size": 150,
        "text": "1 : 아 오늘 일이 왜 이렇게 많냐\n2 : 그러니까 월말이라 일 엄청 많아 ㅠㅠ\n3 : 오늘도 일 많이 시켜?\n1 : 아니 그러니까 연말이 왜 오는 거야\n2 : 어어 그러니까 ㅠㅠ\n2 : 월말 연말 너무 바빠\n3 : 연말, 연초 항상 일 많아\n1 : 키키 일 적을 때는 도대체 어디인가요...\n2 : 월 중간 키키 월초 월말도 바쁘거든 키키\n3 : 그래도 올해 코로나 때문에 회식은 안 했어\n1 : 키키 안 바쁠 때를 우리한테 좀 주세요\n2 : 우리는 사장이 짠돌이라 회식도 안 해 키키\n3 : 우리는 일개미니까 일만 해야지...\n1 : 엥 회식을 왜 안 하냐?\n2 : 웅 한번 하고선 그것도 생색 낸다고 키키\n3 : 우리는 회식 안 하면 돈으로 줘\n1 : 야 너희 사장은 진짜 문제다\n2 : 응 진짜 별로야 ㅠㅠ\n2 : 돈 주는 회사 너무 부러운 걸? ㅠㅠ\n3 : 그러니까 얼른 이직 하자",
        "lines": [
          {
            "id": 1,
            "text": "1 : 아 오늘 일이 왜 이렇게 많냐",
            "norm_text": "아 오늘 일이 왜 이렇게 많냐",
            "speaker": {
              "id": "1번",
              "sex": "여성",
              "age": "20대"
            },
            "speechAct": "(단언) 주장하기",
            "morpheme": "아/IC+오늘/MAG+일/NNG+이/JKS+왜/MAG+이렇게/MAG+많/VA+냐/EC"
          },
          {
            "id": 2,
            "text": "2 : 그러니까 월말이라 일 엄청 많아 ㅠㅠ",
            "norm_text": "그러니까 월말이라 일 엄청 많아 ㅠㅠ",
            "speaker": {
              "id": "2번",
              "sex": "여성",
              "age": "20대"
            },
            "speechAct": "(단언) 진술하기",
            "morpheme": "그러니까/MAJ+월말/NNG+이/VCP+라/EC+일/NNG+엄청/MAG+많/VA+아/EC+ㅠㅠ/UNKNOWN"
          },
          {
            "id": 3,
            "text": "3 : 오늘도 일 많이 시켜?",
            "norm_text": "오늘도 일 많이 시켜?",
            "speaker": {
              "id": "3번",
              "sex": "남성",
              "age": "20대"
            },
            "speechAct": "(지시) 질문하기",
            "morpheme": "오늘/NNG+도/JX+일/NNG+많이/MAG+시켜/VV+EF"
          },
          {
            "id": 4,
            "text": "1 : 아니 그러니까 연말이 왜 오는 거야",
            "norm_text": "아니 그러니까 연말이 왜 오는 거야",
            "speaker": {
              "id": "1번",
              "sex": "여성",
              "age": "20대"
            },
            "speechAct": "(단언) 주장하기",
            "morpheme": "아니/IC+그러니까/MAJ+연말/NNG+이/JKS+왜/MAG+오/VV+는/ETM+거/NNB+야/VCP+EF"
          },
          {
            "id": 5,
            "text": "2 : 어어 그러니까 ㅠㅠ",
            "norm_text": "어어 그러니까 ㅠㅠ",
            "speaker": {
              "id": "2번",
              "sex": "여성",
              "age": "20대"
            },
            "speechAct": "(단언) 진술하기",
            "morpheme": "어/IC+어/IC+그러니까/MAJ+ㅠㅠ/UNKNOWN"
          },
          {
            "id": 6,
            "text": "2 : 월말 연말 너무 바빠",
            "norm_text": "월말 연말 너무 바빠",
            "speaker": {
              "id": "2번",
              "sex": "여성",
              "age": "20대"
            },
            "speechAct": "(단언) 주장하기",
            "morpheme": "월말/NNG+연말/NNG+너무/MAG+바빠/VA+EC"
          },
          {
            "id": 7,
            "text": "3 : 연말, 연초 항상 일 많아",
            "norm_text": "연말, 연초 항상 일 많아",
            "speaker": {
              "id": "3번",
              "sex": "남성",
              "age": "20대"
            },
            "speechAct": "(단언) 주장하기",
            "morpheme": "연말/NNG+,/SC+연초/NNG+항상/MAG+일/NNG+많/VA+아/EC"
          },
          {
            "id": 8,
            "text": "1 : 키키 일 적을 때는 도대체 어디인가요...",
            "norm_text": "키키 일 적을 때는 도대체 어디인가요...",
            "speaker": {
              "id": "1번",
              "sex": "여성",
              "age": "20대"
            },
            "speechAct": "(지시) 질문하기",
            "morpheme": "키/NNG+키/NNG+일적/NNG+을/JKO+때/NNG+는/JX+도대체/MAG+어디/NP+인가요/VCP+EF+./SY"
          },
          {
            "id": 9,
            "text": "2 : 월 중간 키키 월초 월말도 바쁘거든 키키",
            "norm_text": "월 중간 키키 월초 월말도 바쁘거든 키키",
            "speaker": {
              "id": "2번",
              "sex": "여성",
              "age": "20대"
            },
            "speechAct": "(단언) 주장하기",
            "morpheme": "월중/NNG+간키/NNP+키/NNG+월초/NNG+월말/NNG+도/JX+바쁘/VA+거든/EF+키/NNG+키/XSV+ETN"
          },
          {
            "id": 10,
            "text": "3 : 그래도 올해 코로나 때문에 회식은 안 했어",
            "norm_text": "그래도 올해 코로나 때문에 회식은 안 했어",
            "speaker": {
              "id": "3번",
              "sex": "남성",
              "age": "20대"
            },
            "speechAct": "(단언) 진술하기",
            "morpheme": "그래도/MAJ+올해/NNG+코로나/NNG+때문/NNB+에/JKB+회식/NNG+은/JX+안/MAG+했/VV+EP+어/EC"
          },
          {
            "id": 11,
            "text": "1 : 키키 안 바쁠 때를 우리한테 좀 주세요",
            "norm_text": "키키 안 바쁠 때를 우리한테 좀 주세요",
            "speaker": {
              "id": "1번",
              "sex": "여성",
              "age": "20대"
            },
            "speechAct": "(단언) 주장하기",
            "morpheme": "키/NNG+키/NNG+안/MAG+바쁠/VA+ETM+때/NNG+를/JKO+우리/NP+한테/JKB+좀/MAG+주세요/NNP"
          },
          {
            "id": 12,
            "text": "2 : 우리는 사장이 짠돌이라 회식도 안 해 키키",
            "norm_text": "우리는 사장이 짠돌이라 회식도 안 해 키키",
            "speaker": {
              "id": "2번",
              "sex": "여성",
              "age": "20대"
            },
            "speechAct": "(단언) 진술하기",
            "morpheme": "우리/NP+는/JX+사장/NNG+이/JKS+짠돌이/NNG+라/VCP+EC+회식/NNG+도/JX+안/MAG+해/VV+EC+키/NNG+키/XSV+ETN"
          },
          {
            "id": 13,
            "text": "3 : 우리는 일개미니까 일만 해야지...",
            "norm_text": "우리는 일개미니까 일만 해야지...",
            "speaker": {
              "id": "3번",
              "sex": "남성",
              "age": "20대"
            },
            "speechAct": "(단언) 주장하기",
            "morpheme": "우리/NP+는/JX+일개미/NNG+니까/VCP+EC+일/NNG+만/JX+해야지/VV+EF+./SY"
          },
          {
            "id": 14,
            "text": "1 : 엥 회식을 왜 안 하냐?",
            "norm_text": "엥 회식을 왜 안 하냐?",
            "speaker": {
              "id": "1번",
              "sex": "여성",
              "age": "20대"
            },
            "speechAct": "(지시) 질문하기",
            "morpheme": "엥/IC+회식/NNG+을/JKO+왜/MAG+안/MAG+하/VV+냐/EF"
          },
          {
            "id": 15,
            "text": "2 : 웅 한번 하고선 그것도 생색 낸다고 키키",
            "norm_text": "웅 한번 하고선 그것도 생색 낸다고 키키",
            "speaker": {
              "id": "2번",
              "sex": "여성",
              "age": "20대"
            },
            "speechAct": "(단언) 진술하기",
            "morpheme": "웅/IC+한/MM+번/NNBC+하/VV+고선/EC+JX+그것/NP+도/JX+생색/NNG+낸다고/VV+EC+키/NNG+키/XSV+ETN"
          },
          {
            "id": 16,
            "text": "3 : 우리는 회식 안 하면 돈으로 줘",
            "norm_text": "우리는 회식 안 하면 돈으로 줘",
            "speaker": {
              "id": "3번",
              "sex": "남성",
              "age": "20대"
            },
            "speechAct": "(단언) 진술하기",
            "morpheme": "우리/NP+는/JX+회식/NNG+안/MAG+하/VV+면/EC+돈/NNG+으로/JKB+줘/VV+EC"
          },
          {
            "id": 17,
            "text": "1 : 야 너희 사장은 진짜 문제다",
            "norm_text": "야 너희 사장은 진짜 문제다",
            "speaker": {
              "id": "1번",
              "sex": "여성",
              "age": "20대"
            },
            "speechAct": "(단언) 주장하기",
            "morpheme": "야/IC+너희/NP+사장/NNG+은/JX+진짜/MAG+문제/NNG+다/VCP+EC"
          },
          {
            "id": 18,
            "text": "2 : 응 진짜 별로야 ㅠㅠ",
            "norm_text": "응 진짜 별로야 ㅠㅠ",
            "speaker": {
              "id": "2번",
              "sex": "여성",
              "age": "20대"
            },
            "speechAct": "(단언) 진술하기",
            "morpheme": "응진짜별로야ㅠㅠ/UNKNOWN"
          },
          {
            "id": 19,
            "text": "2 : 돈 주는 회사 너무 부러운 걸? ㅠㅠ",
            "norm_text": "돈 주는 회사 너무 부러운 걸? ㅠㅠ",
            "speaker": {
              "id": "2번",
              "sex": "여성",
              "age": "20대"
            },
            "speechAct": "(단언) 주장하기",
            "morpheme": "돈/NNG+주/VV+는/ETM+회사/NNG+너무/MAG+부러운/VA+ETM+걸/NNB+JKO+?/SY+ㅠㅠ/UNKNOWN"
          },
          {
            "id": 20,
            "text": "3 : 그러니까 얼른 이직 하자",
            "norm_text": "그러니까 얼른 이직 하자",
            "speaker": {
              "id": "3번",
              "sex": "남성",
              "age": "20대"
            },
            "speechAct": "(단언) 주장하기",
            "morpheme": "그러니까/MAJ+얼른/MAG+이직/NNG+하/XSV+자/EC"
          }
        ]
      }
    }
  ]
}