{
  "dataset": {
    "identifier": 124860,
    "name": "NATEON_44_12_set",
    "src_path": "/data/file/cubeManager/PROJECT001/84/txt202111051134230755106/NATEON_44_12_set/",
    "label_path": "/data/file/cubeManager/PROJECT001/84/txt202111051134230755106/NATEON_44_12_set/",
    "category": 2,
    "type": 0
  },
  "licenses": {
    "name": "Apache License 1.0",
    "url": "http://www.apache.org/licenses/LICENSE-1.0"
  },
  "info": [
    {
      "id": 138887,
      "filename": "NATEON_44_12.txt",
      "title": "NATEON_44_12",
      "mediatype": "메신저",
      "medianame": "네이트온",
      "category": "일상대화",
      "date": "2021-11-05",
      "size": 444,
      "annotations": {
        "subject": "여행",
        "speaker_type": "다자간 대화",
        "size": 444,
        "word_size": 157,
        "text": "1 : 나 내일 경주 놀러가~\n2 : 경주? 가족들이랑 여행 가기로 했어?\n3 : 와 부럽다 맨날 여행 가\n1 : 경주에 엄청 유명한 육회집 갈 꺼야 키키\n2 : 헐 육회 그거 내가 진짜 좋아하는데\n3 : 맞아 육회 사랑이지\n3 : 오늘 야식은 육회다\n1 : 경주 가는 목적은 단 하나.\n2 : 육회를 먹기 위해서 나는 경주를 간다\n3 : 키키 너네 여행을 먹으러 가는 거냐고\n1 : 가서 포장되면 포장해서 오려고 키키\n2 : 헐 포장 되면 나도 ㅠㅠ\n2 : 내가 돈 보낼게 ㅠㅠ\n3 : 나도 내 것도 부탁해 키키 나도 먹을래\n1 : 아빠 차로 가니까 짐 많아도 상관없어 하하\n2 : 오 좋아\n2 : 그럼 내 거 두 개 부탁해 키키 가족들이랑 먹게\n3 : 나도 하나 부탁해 반주 해야지 키키\n1 : 그럼 갈 때 너희 꺼도 사서 갈께~\n2 : 응응 조심히 여행 갔다 오세요 마님!\n3 : 키키 재밌게 놀고 안전하게 육회 모시고 와~",
        "lines": [
          {
            "id": 1,
            "text": "1 : 나 내일 경주 놀러가~",
            "norm_text": "나 내일 경주 놀러가~",
            "speaker": {
              "id": "1번",
              "sex": "여성",
              "age": "20대"
            },
            "speechAct": "(단언) 진술하기",
            "morpheme": "나/NP+내일/MAG+경주/NNP+놀러/NNP+가/JKS+~/SY"
          },
          {
            "id": 2,
            "text": "2 : 경주? 가족들이랑 여행 가기로 했어?",
            "norm_text": "경주? 가족들이랑 여행 가기로 했어?",
            "speaker": {
              "id": "2번",
              "sex": "여성",
              "age": "20대"
            },
            "speechAct": "(지시) 질문하기",
            "morpheme": "경주/NNP+?/SY+가족/NNG+들/XSN+이랑/JKB+여행/NNG+가/VV+기/ETN+로/JKB+했/VV+EP+어/EF"
          },
          {
            "id": 3,
            "text": "3 : 와 부럽다 맨날 여행 가",
            "norm_text": "와 부럽다 맨날 여행 가",
            "speaker": {
              "id": "3번",
              "sex": "남성",
              "age": "20대"
            },
            "speechAct": "(단언) 주장하기",
            "morpheme": "와/IC+부럽/VA+다/EF+맨날/MAG+여행가/NNG"
          },
          {
            "id": 4,
            "text": "1 : 경주에 엄청 유명한 육회집 갈 꺼야 키키",
            "norm_text": "경주에 엄청 유명한 육회집 갈 꺼야 키키",
            "speaker": {
              "id": "1번",
              "sex": "여성",
              "age": "20대"
            },
            "speechAct": "(단언) 주장하기",
            "morpheme": "경주/NNP+에/JKB+엄청/MAG+유명/NNG+한/XSA+ETM+육회/NNG+집/NNG+갈/VV+ETM+꺼/NNB+VCP+야/EC+키/NNG+키/XSV+ETN"
          },
          {
            "id": 5,
            "text": "2 : 헐 육회 그거 내가 진짜 좋아하는데",
            "norm_text": "헐 육회 그거 내가 진짜 좋아하는데",
            "speaker": {
              "id": "2번",
              "sex": "여성",
              "age": "20대"
            },
            "speechAct": "(단언) 주장하기",
            "morpheme": "헐/IC+육회/NNG+그거/NP+내/NP+가/JKS+진짜/MAG+좋/VA+아/EC+하/VV+는데/EC"
          },
          {
            "id": 6,
            "text": "3 : 맞아 육회 사랑이지",
            "norm_text": "맞아 육회 사랑이지",
            "speaker": {
              "id": "3번",
              "sex": "남성",
              "age": "20대"
            },
            "speechAct": "(단언) 주장하기",
            "morpheme": "맞/VV+아/EC+육회/NNG+사랑/NNG+이/VCP+지/EC"
          },
          {
            "id": 7,
            "text": "3 : 오늘 야식은 육회다",
            "norm_text": "오늘 야식은 육회다",
            "speaker": {
              "id": "3번",
              "sex": "남성",
              "age": "20대"
            },
            "speechAct": "(단언) 주장하기",
            "morpheme": "오늘/MAG+야식/NNG+은/JX+육회/NNG+다/VCP+EC"
          },
          {
            "id": 8,
            "text": "1 : 경주 가는 목적은 단 하나.",
            "norm_text": "경주 가는 목적은 단 하나.",
            "speaker": {
              "id": "1번",
              "sex": "여성",
              "age": "20대"
            },
            "speechAct": "(단언) 주장하기",
            "morpheme": "경주/NNP+가/VV+는/ETM+목적/NNG+은/JX+단/MM+하나/NR"
          },
          {
            "id": 9,
            "text": "2 : 육회를 먹기 위해서 나는 경주를 간다",
            "norm_text": "육회를 먹기 위해서 나는 경주를 간다",
            "speaker": {
              "id": "2번",
              "sex": "여성",
              "age": "20대"
            },
            "speechAct": "(단언) 주장하기",
            "morpheme": "육회/NNG+를/JKO+먹/VV+기/ETN+위해서/VV+EC+나/NP+는/JX+경주/NNP+를/JKO+간다/VV+EC"
          },
          {
            "id": 10,
            "text": "3 : 키키 너네 여행을 먹으러 가는 거냐고",
            "norm_text": "키키 너네 여행을 먹으러 가는 거냐고",
            "speaker": {
              "id": "3번",
              "sex": "남성",
              "age": "20대"
            },
            "speechAct": "(단언) 주장하기",
            "morpheme": "키/NNG+키/XSV+ETN+너/NP+네/XSN+여행/NNG+을/JKO+먹/VV+으러/EC+가/VX+는/ETM+거/NNB+냐고/VCP+EC"
          },
          {
            "id": 11,
            "text": "1 : 가서 포장되면 포장해서 오려고 키키",
            "norm_text": "가서 포장되면 포장해서 오려고 키키",
            "speaker": {
              "id": "1번",
              "sex": "여성",
              "age": "20대"
            },
            "speechAct": "(단언) 주장하기",
            "morpheme": "가/VV+서/EC+포장/NNG+되/XSV+면/EC+포장/NNG+해서/XSV+EC+오/VV+려고/EC+키/NNG+키/XSV+ETN"
          },
          {
            "id": 12,
            "text": "2 : 헐 포장 되면 나도 ㅠㅠ",
            "norm_text": "헐 포장 되면 나도 ㅠㅠ",
            "speaker": {
              "id": "2번",
              "sex": "여성",
              "age": "20대"
            },
            "speechAct": "(단언) 주장하기",
            "morpheme": "헐/IC+포장/NNG+되/XSV+면/EC+나/NP+도/JX+ㅠㅠ/UNKNOWN"
          },
          {
            "id": 13,
            "text": "2 : 내가 돈 보낼게 ㅠㅠ",
            "norm_text": "내가 돈 보낼게 ㅠㅠ",
            "speaker": {
              "id": "2번",
              "sex": "여성",
              "age": "20대"
            },
            "speechAct": "(단언) 주장하기",
            "morpheme": "내가돈보낼게ㅠㅠ/UNKNOWN"
          },
          {
            "id": 14,
            "text": "3 : 나도 내 것도 부탁해 키키 나도 먹을래",
            "norm_text": "나도 내 것도 부탁해 키키 나도 먹을래",
            "speaker": {
              "id": "3번",
              "sex": "남성",
              "age": "20대"
            },
            "speechAct": "(지시) 부탁하기",
            "morpheme": "나/NP+도/JX+내것도/NP+JKG+NNB+JX+부탁/NNG+해/XSV+EC+키/NNG+키나/XSA+ETN+JX+도/JX+먹/VV+을래/EC"
          },
          {
            "id": 15,
            "text": "1 : 아빠 차로 가니까 짐 많아도 상관없어 하하",
            "norm_text": "아빠 차로 가니까 짐 많아도 상관없어 하하",
            "speaker": {
              "id": "1번",
              "sex": "여성",
              "age": "20대"
            },
            "speechAct": "(단언) 주장하기",
            "morpheme": "아빠/NNG+차/NNG+로/JKB+가/VV+니까/EC+짐/VX+ETN+많/VA+아도/EC+상관없/VA+어/EC+하하/MAG"
          },
          {
            "id": 16,
            "text": "2 : 오 좋아",
            "norm_text": "오 좋아",
            "speaker": {
              "id": "2번",
              "sex": "여성",
              "age": "20대"
            },
            "speechAct": "(단언) 주장하기",
            "morpheme": "오/NR+좋/VA+아/EC"
          },
          {
            "id": 17,
            "text": "2 : 그럼 내 거 두 개 부탁해 키키 가족들이랑 먹게",
            "norm_text": "그럼 내 거 두 개 부탁해 키키 가족들이랑 먹게",
            "speaker": {
              "id": "2번",
              "sex": "여성",
              "age": "20대"
            },
            "speechAct": "(지시) 부탁하기",
            "morpheme": "그럼/MAJ+내/MM+거/NNB+두/MM+개/NNBC+부탁/NNG+해/XSV+EC+키/NNG+키/NNG+가족/NNG+들/XSN+이랑/JKB+먹/VV+게/EC"
          },
          {
            "id": 18,
            "text": "3 : 나도 하나 부탁해 반주 해야지 키키",
            "norm_text": "나도 하나 부탁해 반주 해야지 키키",
            "speaker": {
              "id": "3번",
              "sex": "남성",
              "age": "20대"
            },
            "speechAct": "(지시) 부탁하기",
            "morpheme": "나/NP+도/JX+하나/NR+부탁/NNG+해/XSV+EC+반주/NNG+해야지/XSV+EC+키/NNG+키/XSV+ETN"
          },
          {
            "id": 19,
            "text": "1 : 그럼 갈 때 너희 꺼도 사서 갈께~",
            "norm_text": "그럼 갈 때 너희 꺼도 사서 갈께~",
            "speaker": {
              "id": "1번",
              "sex": "여성",
              "age": "20대"
            },
            "speechAct": "(단언) 주장하기",
            "morpheme": "그럼갈때너희꺼도사서갈께/UNKNOWN+~/SY"
          },
          {
            "id": 20,
            "text": "2 : 응응 조심히 여행 갔다 오세요 마님!",
            "norm_text": "응응 조심히 여행 갔다 오세요 마님!",
            "speaker": {
              "id": "2번",
              "sex": "여성",
              "age": "20대"
            },
            "speechAct": "(단언) 주장하기",
            "morpheme": "응/IC+응/IC+조심히/MAG+여행/NNG+갔다오/VV+세요/EP+EF+마님/NNG"
          },
          {
            "id": 21,
            "text": "3 : 키키 재밌게 놀고 안전하게 육회 모시고 와~",
            "norm_text": "키키 재밌게 놀고 안전하게 육회 모시고 와~",
            "speaker": {
              "id": "3번",
              "sex": "남성",
              "age": "20대"
            },
            "speechAct": "(단언) 주장하기",
            "morpheme": "키/NNG+키/XSV+ETN+재밌/VA+게/EC+놀/VV+고/EC+안전/NNG+하/XSV+게/EC+육회/NNG+모시/VV+고/EC+와/VV+EC+~/SY"
          }
        ]
      }
    }
  ]
}