{
  "dataset": {
    "identifier": 127930,
    "name": "NATEON_39_05_set",
    "src_path": "/data/file/cubeManager/PROJECT001/84/txt20211108181225068954/NATEON_39_05_set/",
    "label_path": "/data/file/cubeManager/PROJECT001/84/txt20211108181225068954/NATEON_39_05_set/",
    "category": 2,
    "type": 0
  },
  "licenses": {
    "name": "Apache License 1.0",
    "url": "http://www.apache.org/licenses/LICENSE-1.0"
  },
  "info": [
    {
      "id": 141889,
      "filename": "NATEON_39_05.txt",
      "title": "NATEON_39_05",
      "mediatype": "메신저",
      "medianame": "네이트온",
      "category": "일상대화",
      "date": "2021-11-08",
      "size": 410,
      "annotations": {
        "subject": "군대",
        "speaker_type": "다자간 대화",
        "size": 410,
        "word_size": 142,
        "text": "1 : 요즘 복무 기간 짧아졌지?\n2 : 웅 요즘 짧아지는 거 같더라고 키키\n3 : 아마도 일 년 반 아니었나?\n1 : 응 아마도 1년 6개월이었던 거 같은데\n2 : 내 친구들 갔을 때가 21개월인가 그랬는데 지금 18개월이래 키키\n3 : 키키 나 때는 말이야~ 거의 2년이었다~\n1 : 키키 나 때는 야 너 꼰대다\n2 : 원래 다 꼰대야 키키 나도 꼰대야 ㅠㅠ\n3 : 키키 그래도 지금 보면 너무 길지 ㅠ\n1 : 21개월이 딱 적당했는데 그치\n2 : 응 맞아 내 생각엔 딱 좋았어 키키\n3 : 1년 8개월은 너무 짧다\n1 : 맞아 다시 늘릴 수도 없고 ^^\n2 : 아냐 다시 늘어날 수도 있지 키키\n3 : 키키 요즘 안에 노래방도 있대\n1 : 야 그건 진짜 개꿀 아냐\n2 : 와 진짜 노래방 키키 놀러 가는 거네 키키\n3 : 키키 그러니까 군캉스라고 많이 하잖어",
        "lines": [
          {
            "id": 1,
            "text": "1 : 요즘 복무 기간 짧아졌지?",
            "norm_text": "요즘 복무 기간 짧아졌지?",
            "speaker": {
              "id": "1번",
              "sex": "여성",
              "age": "20대"
            },
            "speechAct": "(지시) 질문하기",
            "morpheme": "요즘/NNG+복무/NNG+기간/NNG+짧아졌/VV+EP+지/EF"
          },
          {
            "id": 2,
            "text": "2 : 웅 요즘 짧아지는 거 같더라고 키키",
            "norm_text": "웅 요즘 짧아지는 거 같더라고 키키",
            "speaker": {
              "id": "2번",
              "sex": "여성",
              "age": "20대"
            },
            "speechAct": "(단언) 진술하기",
            "morpheme": "웅/IC+요즘/MAG+짧아지/VV+는/ETM+거/NNB+같/VA+더라고/EC+키/NNG+키/XSV+ETN"
          },
          {
            "id": 3,
            "text": "3 : 아마도 일 년 반 아니었나?",
            "norm_text": "아마도 일 년 반 아니었나?",
            "speaker": {
              "id": "3번",
              "sex": "남성",
              "age": "20대"
            },
            "speechAct": "(지시) 질문하기",
            "morpheme": "아마도/MAG+일/NR+년/NNBC+반/NNG+아니/VCN+었/EP+나/EF"
          },
          {
            "id": 4,
            "text": "1 : 응 아마도 1년 6개월이었던 거 같은데",
            "norm_text": "응 아마도 1년 6개월이었던 거 같은데",
            "speaker": {
              "id": "1번",
              "sex": "여성",
              "age": "20대"
            },
            "speechAct": "(단언) 진술하기",
            "morpheme": "응/IC+아마도/MAG+1/SN+년/NNBC+6/SN+개월/NNBC+이/VCP+었/EP+던/ETM+거/NNB+같/VA+은데/EC"
          },
          {
            "id": 5,
            "text": "2 : 내 친구들 갔을 때가 21개월인가 그랬는데 지금 18개월이래 키키",
            "norm_text": "내 친구들 갔을 때가 21개월인가 그랬는데 지금 18개월이래 키키",
            "speaker": {
              "id": "2번",
              "sex": "여성",
              "age": "20대"
            },
            "speechAct": "(단언) 진술하기",
            "morpheme": "내/NP+JKG+친구/NNG+들/XSN+갔/VV+EP+을/ETM+때/NNG+가/JKS+21/SN+개월/NNBC+인가/VCP+EC+그랬/VV+EP+는데/EC+지금/MAG+18/SN+개월/NNBC+이래/NNB+키/NNG+키/XSV+ETN"
          },
          {
            "id": 6,
            "text": "3 : 키키 나 때는 말이야~ 거의 2년이었다~",
            "norm_text": "키키 나 때는 말이야~ 거의 2년이었다~",
            "speaker": {
              "id": "3번",
              "sex": "남성",
              "age": "20대"
            },
            "speechAct": "(단언) 주장하기",
            "morpheme": "키/NNG+키나/XSA+ETN+JX+때/NNG+는/JX+말/NNG+이/VCP+야/EC+~/SY+거의/MAG+2/SN+년/NNBC+이/VCP+었/EP+다/EC+~/SY"
          },
          {
            "id": 7,
            "text": "1 : 키키 나 때는 야 너 꼰대다",
            "norm_text": "키키 나 때는 야 너 꼰대다",
            "speaker": {
              "id": "1번",
              "sex": "여성",
              "age": "20대"
            },
            "speechAct": "(단언) 주장하기",
            "morpheme": "키/NNG+키나/XSA+ETN+JX+때/NNG+는/JX+야/IC+너/NP+꼰대/NNG+다/VCP+EC"
          },
          {
            "id": 8,
            "text": "2 : 원래 다 꼰대야 키키 나도 꼰대야 ㅠㅠ",
            "norm_text": "원래 다 꼰대야 키키 나도 꼰대야 ㅠㅠ",
            "speaker": {
              "id": "2번",
              "sex": "여성",
              "age": "20대"
            },
            "speechAct": "(단언) 주장하기",
            "morpheme": "원래/MAG+다/MAG+꼰/VV+대야/EC+키/NNG+키나/XSA+ETN+JX+도/JX+꼰/VV+대야/EC+ㅠㅠ/UNKNOWN"
          },
          {
            "id": 9,
            "text": "3 : 키키 그래도 지금 보면 너무 길지 ㅠ",
            "norm_text": "키키 그래도 지금 보면 너무 길지 ㅠ",
            "speaker": {
              "id": "3번",
              "sex": "남성",
              "age": "20대"
            },
            "speechAct": "(단언) 주장하기",
            "morpheme": "키/NNG+키/XSV+ETN+그래도/MAJ+지금/MAG+보/VV+면/EC+너무/MAG+길/VA+지/EC+ㅠ/UNKNOWN"
          },
          {
            "id": 10,
            "text": "1 : 21개월이 딱 적당했는데 그치",
            "norm_text": "21개월이 딱 적당했는데 그치",
            "speaker": {
              "id": "1번",
              "sex": "여성",
              "age": "20대"
            },
            "speechAct": "(단언) 주장하기",
            "morpheme": "21/SN+개월/NNBC+이/JKS+딱/MAG+적당/XR+했/XSA+EP+는데/EC+그치/IC"
          },
          {
            "id": 11,
            "text": "2 : 응 맞아 내 생각엔 딱 좋았어 키키",
            "norm_text": "응 맞아 내 생각엔 딱 좋았어 키키",
            "speaker": {
              "id": "2번",
              "sex": "여성",
              "age": "20대"
            },
            "speechAct": "(단언) 주장하기",
            "morpheme": "응/IC+맞아/IC+내/NP+JKG+생각/NNG+엔/JKB+JX+딱/MAG+좋/VA+았/EP+어/EC+키/NNG+키/XSV+ETN"
          },
          {
            "id": 12,
            "text": "3 : 1년 8개월은 너무 짧다",
            "norm_text": "1년 8개월은 너무 짧다",
            "speaker": {
              "id": "3번",
              "sex": "남성",
              "age": "20대"
            },
            "speechAct": "(단언) 진술하기",
            "morpheme": "1/SN+년/NNBC+8/SN+개월/NNBC+은/JX+너무/MAG+짧/VA+다/EC"
          },
          {
            "id": 13,
            "text": "1 : 맞아 다시 늘릴 수도 없고 ^^",
            "norm_text": "맞아 다시 늘릴 수도 없고 ^^",
            "speaker": {
              "id": "1번",
              "sex": "여성",
              "age": "20대"
            },
            "speechAct": "(단언) 진술하기",
            "morpheme": "맞아/IC+다시/MAG+늘릴/VV+ETM+수/NNB+도/JX+없/VA+고/EC+^/SY+^/SY"
          },
          {
            "id": 14,
            "text": "2 : 아냐 다시 늘어날 수도 있지 키키",
            "norm_text": "아냐 다시 늘어날 수도 있지 키키",
            "speaker": {
              "id": "2번",
              "sex": "여성",
              "age": "20대"
            },
            "speechAct": "(단언) 주장하기",
            "morpheme": "아냐/IC+다시/MAG+늘어날/VV+ETM+수/NNB+도/JX+있/VA+지/EC+키/NNG+키/XSV+ETN"
          },
          {
            "id": 15,
            "text": "3 : 키키 요즘 안에 노래방도 있대",
            "norm_text": "키키 요즘 안에 노래방도 있대",
            "speaker": {
              "id": "3번",
              "sex": "남성",
              "age": "20대"
            },
            "speechAct": "(단언) 진술하기",
            "morpheme": "키/NNG+키/NNG+요즘/NNG+안/NNG+에/JKB+노래방/NNG+도/JX+있/VA+대/EC"
          },
          {
            "id": 16,
            "text": "1 : 야 그건 진짜 개꿀 아냐",
            "norm_text": "야 그건 진짜 개꿀 아냐",
            "speaker": {
              "id": "1번",
              "sex": "여성",
              "age": "20대"
            },
            "speechAct": "(단언) 주장하기",
            "morpheme": "야/IC+그건/NP+JX+진짜/MAG+개꿀/NNG+아냐/VCN+EC"
          },
          {
            "id": 17,
            "text": "2 : 와 진짜 노래방 키키 놀러 가는 거네 키키",
            "norm_text": "와 진짜 노래방 키키 놀러 가는 거네 키키",
            "speaker": {
              "id": "2번",
              "sex": "여성",
              "age": "20대"
            },
            "speechAct": "(단언) 진술하기",
            "morpheme": "와/IC+진짜/MAG+노래방/NNG+키/NNG+키/XSV+ETN+놀러가/VV+는/ETM+거/NNB+네/MM+키/NNG+키/XSV+ETN"
          },
          {
            "id": 18,
            "text": "3 : 키키 그러니까 군캉스라고 많이 하잖어",
            "norm_text": "키키 그러니까 군캉스라고 많이 하잖어",
            "speaker": {
              "id": "3번",
              "sex": "남성",
              "age": "20대"
            },
            "speechAct": "(단언) 진술하기",
            "morpheme": "키/NNG+키/XSV+ETN+그러니까/MAJ+군/NNG+캉/JKB+스/VV+라고/EC+많이/MAG+하/VV+잖어/EC+VX+EF"
          }
        ]
      }
    }
  ]
}