{
  "dataset": {
    "identifier": 98742,
    "name": "NATEON_27_03_set",
    "src_path": "/data/file/cubeManager/PROJECT001/77/txt20211027152211005673/NATEON_27_03_set/",
    "label_path": "/data/file/cubeManager/PROJECT001/77/txt20211027152211005673/NATEON_27_03_set/",
    "category": 2,
    "type": 0
  },
  "licenses": {
    "name": "Apache License 1.0",
    "url": "http://www.apache.org/licenses/LICENSE-1.0"
  },
  "info": [
    {
      "id": 99444,
      "filename": "NATEON_27_03.txt",
      "title": "NATEON_27_03",
      "mediatype": "메신저",
      "medianame": "네이트온",
      "category": "일상대화",
      "date": "2021-10-27",
      "size": 458,
      "annotations": {
        "subject": "교통",
        "speaker_type": "다자간 대화",
        "size": 458,
        "word_size": 159,
        "text": "1 : 나 오늘 버스 탔는데 너무 밀리더라 ㅠㅠ\n2 : 아 나도 오늘 출근길 막히더라고 ㅠㅠ\n3 : 난 그래서 지하철 주로 이용해\n1 : 지하철도 사람 많이 타지 않아?\n2 : 어 맞아\n2 : 지하철도 엄청 지옥이라던데 ㅠㅠ\n3 : 많이 타긴 하는데 그래도 밀리진 않으니깐 ㅜㅜ\n1 : 그건 맞아,\n1 : 출근길은 지하철 많이 타더라\n2 : 그래도 사람 많으면 못 탈 때 있지 않아? ㅠㅠ\n3 : 엘리베이터에 사람 많이 타거나 하면 지하철 타러 뛰어가야 해  키키\n1 : 근데 출퇴근길은 항상 많은 거 같아 ㅠㅠ\n3 : 다행이 아직 한번도 넘어진 적은 없어 키키\n1 : 키키 이럴 땐 진짜 자가용이 최고네!\n2 : 이제 겨울이라 눈 오면 미끄럽다고 키키\n3 : 맞아\n3 : 차 사고 싶은 맘이 굴뚝같아\n1 : 우리 다음엔 차사서 출퇴근 하자 ㅠㅠ\n2 : 아 근데 차 사면 돈 너무 많이 들어가 ㅠㅠ\n3 : 맞아 ㅠㅠ\n3 : 유지비 너무 많이 드는 거 같애",
        "lines": [
          {
            "id": 1,
            "text": "1 : 나 오늘 버스 탔는데 너무 밀리더라 ㅠㅠ",
            "norm_text": "나 오늘 버스 탔는데 너무 밀리더라 ㅠㅠ",
            "speaker": {
              "id": "1번",
              "sex": "여성",
              "age": "20대"
            },
            "speechAct": "(단언) 진술하기",
            "morpheme": "나/NP+오늘/MAG+버스/NNG+탔/VV+EP+는데/EC+너무/MAG+밀리/VV+더라/EF+ㅠㅠ/UNKNOWN"
          },
          {
            "id": 2,
            "text": "2 : 아 나도 오늘 출근길 막히더라고 ㅠㅠ",
            "norm_text": "아 나도 오늘 출근길 막히더라고 ㅠㅠ",
            "speaker": {
              "id": "2번",
              "sex": "여성",
              "age": "20대"
            },
            "speechAct": "(단언) 진술하기",
            "morpheme": "아/IC+나/NP+도/JX+오늘/MAG+출근길/NNG+막히/VV+더라고/EF+ㅠㅠ/UNKNOWN"
          },
          {
            "id": 3,
            "text": "3 : 난 그래서 지하철 주로 이용해",
            "norm_text": "난 그래서 지하철 주로 이용해",
            "speaker": {
              "id": "3번",
              "sex": "남성",
              "age": "20대"
            },
            "speechAct": "(단언) 진술하기",
            "morpheme": "난/NP+JX+그래서/MAJ+지하철/NNG+주로/MAG+이용/NNG+해/XSV+EC"
          },
          {
            "id": 4,
            "text": "1 : 지하철도 사람 많이 타지 않아?",
            "norm_text": "지하철도 사람 많이 타지 않아?",
            "speaker": {
              "id": "1번",
              "sex": "여성",
              "age": "20대"
            },
            "speechAct": "(지시) 질문하기",
            "morpheme": "지하철/NNG+도/JX+사람/NNG+많이/MAG+타/VV+지/EC+않/VX+아/EF"
          },
          {
            "id": 5,
            "text": "2 : 어 맞아",
            "norm_text": "어 맞아",
            "speaker": {
              "id": "2번",
              "sex": "여성",
              "age": "20대"
            },
            "speechAct": "(단언) 주장하기",
            "morpheme": "어/IC+맞/VV+아/EC"
          },
          {
            "id": 6,
            "text": "2 : 지하철도 엄청 지옥이라던데 ㅠㅠ",
            "norm_text": "지하철도 엄청 지옥이라던데 ㅠㅠ",
            "speaker": {
              "id": "2번",
              "sex": "여성",
              "age": "20대"
            },
            "speechAct": "(단언) 주장하기",
            "morpheme": "지하철/NNG+도/JX+엄청/MAG+지옥/NNG+이/VCP+라던데/EC+ㅠㅠ/UNKNOWN"
          },
          {
            "id": 7,
            "text": "3 : 많이 타긴 하는데 그래도 밀리진 않으니깐 ㅜㅜ",
            "norm_text": "많이 타긴 하는데 그래도 밀리진 않으니깐 ㅜㅜ",
            "speaker": {
              "id": "3번",
              "sex": "남성",
              "age": "20대"
            },
            "speechAct": "(단언) 주장하기",
            "morpheme": "많이/MAG+타/VV+긴/ETN+JX+하/VX+는/ETM+데/NNB+그래도/VV+EC+밀리/VV+진/EC+JX+않/VX+으니깐/EC+ㅜㅜ/UNKNOWN"
          },
          {
            "id": 8,
            "text": "1 : 그건 맞아,",
            "norm_text": "그건 맞아,",
            "speaker": {
              "id": "1번",
              "sex": "여성",
              "age": "20대"
            },
            "speechAct": "(단언) 주장하기",
            "morpheme": "그건/NP+JX+맞/VV+아/EC+,/SC"
          },
          {
            "id": 9,
            "text": "1 : 출근길은 지하철 많이 타더라",
            "norm_text": "출근길은 지하철 많이 타더라",
            "speaker": {
              "id": "1번",
              "sex": "여성",
              "age": "20대"
            },
            "speechAct": "(단언) 주장하기",
            "morpheme": "출근길/NNG+은/JX+지하철/NNG+많이/MAG+타/VV+더라/EC"
          },
          {
            "id": 10,
            "text": "2 : 그래도 사람 많으면 못 탈 때 있지 않아? ㅠㅠ",
            "norm_text": "그래도 사람 많으면 못 탈 때 있지 않아? ㅠㅠ",
            "speaker": {
              "id": "2번",
              "sex": "여성",
              "age": "20대"
            },
            "speechAct": "(지시) 질문하기",
            "morpheme": "그래도/MAJ+사람/NNG+많/VA+으면/EC+못/MAG+탈/VV+ETM+때/NNG+있/VV+지/EC+않/VX+아/EF+ㅠㅠ/UNKNOWN"
          },
          {
            "id": 11,
            "text": "3 : 엘리베이터에 사람 많이 타거나 하면 지하철 타러 뛰어가야 해  키키",
            "norm_text": "엘리베이터에 사람 많이 타거나 하면 지하철 타러 뛰어가야 해  키키",
            "speaker": {
              "id": "3번",
              "sex": "남성",
              "age": "20대"
            },
            "speechAct": "(단언) 주장하기",
            "morpheme": "엘리베이터/NNG+에/JKB+사람/NNG+많이/MAG+타/VV+거나/EC+하/VV+면/EC+지하철/NNG+타/VV+러/EC+뛰어가/VV+야/EC+해/VV+EC+키/NNG+키/XSV+ETN"
          },
          {
            "id": 12,
            "text": "1 : 근데 출퇴근길은 항상 많은 거 같아 ㅠㅠ",
            "norm_text": "근데 출퇴근길은 항상 많은 거 같아 ㅠㅠ",
            "speaker": {
              "id": "1번",
              "sex": "여성",
              "age": "20대"
            },
            "speechAct": "(단언) 주장하기",
            "morpheme": "근데/MAJ+출퇴근길/NNG+은/JX+항상/MAG+많/VA+은/ETM+거/NNB+같/VA+아/EC+ㅠㅠ/UNKNOWN"
          },
          {
            "id": 13,
            "text": "3 : 다행이 아직 한번도 넘어진 적은 없어 키키",
            "norm_text": "다행이 아직 한번도 넘어진 적은 없어 키키",
            "speaker": {
              "id": "3번",
              "sex": "남성",
              "age": "20대"
            },
            "speechAct": "(단언) 진술하기",
            "morpheme": "다행/NNG+이/JKS+아직/MAG+한/MM+번/NNBC+도/JX+넘어진/VV+ETM+적/NNB+은/JX+없/VA+어/EC+키/NNG+키/XSV+ETN"
          },
          {
            "id": 14,
            "text": "1 : 키키 이럴 땐 진짜 자가용이 최고네!",
            "norm_text": "키키 이럴 땐 진짜 자가용이 최고네!",
            "speaker": {
              "id": "1번",
              "sex": "여성",
              "age": "20대"
            },
            "speechAct": "(단언) 주장하기",
            "morpheme": "키/NNG+키/XSV+ETN+이럴/VA+ETM+땐/NNG+JX+진짜/MAG+자가용/NNG+이/JKS+최고/NNG+네/VCP+EF"
          },
          {
            "id": 15,
            "text": "2 : 이제 겨울이라 눈 오면 미끄럽다고 키키",
            "norm_text": "이제 겨울이라 눈 오면 미끄럽다고 키키",
            "speaker": {
              "id": "2번",
              "sex": "여성",
              "age": "20대"
            },
            "speechAct": "(단언) 주장하기",
            "morpheme": "이제/MAG+겨울/NNG+이/VCP+라/EC+눈/NNG+오/VV+면/EC+미끄럽/VA+다고/EC+키/NNG+키/XSV+ETN"
          },
          {
            "id": 16,
            "text": "3 : 맞아",
            "norm_text": "맞아",
            "speaker": {
              "id": "3번",
              "sex": "남성",
              "age": "20대"
            },
            "speechAct": "(단언) 주장하기",
            "morpheme": "맞/VV+아/EC"
          },
          {
            "id": 17,
            "text": "3 : 차 사고 싶은 맘이 굴뚝같아",
            "norm_text": "차 사고 싶은 맘이 굴뚝같아",
            "speaker": {
              "id": "3번",
              "sex": "남성",
              "age": "20대"
            },
            "speechAct": "(단언) 주장하기",
            "morpheme": "차사/NNG+고/VCP+EC+싶/VX+은/ETM+맘/NNG+이/JKS+굴뚝같/VA+아/EC"
          },
          {
            "id": 18,
            "text": "1 : 우리 다음엔 차사서 출퇴근 하자 ㅠㅠ",
            "norm_text": "우리 다음엔 차사서 출퇴근 하자 ㅠㅠ",
            "speaker": {
              "id": "1번",
              "sex": "여성",
              "age": "20대"
            },
            "speechAct": "(언약) 약속하기(제3자와)/(개인적 수준)",
            "morpheme": "우리/NP+다음/NNG+엔/JKB+JX+차사/NNG+서/JKB+출퇴근/NNG+하/XSV+자/EC+ㅠㅠ/UNKNOWN"
          },
          {
            "id": 19,
            "text": "2 : 아 근데 차 사면 돈 너무 많이 들어가 ㅠㅠ",
            "norm_text": "아 근데 차 사면 돈 너무 많이 들어가 ㅠㅠ",
            "speaker": {
              "id": "2번",
              "sex": "여성",
              "age": "20대"
            },
            "speechAct": "(단언) 주장하기",
            "morpheme": "아/IC+근데/MAJ+차/NNG+사면/NNG+돈/NNG+너무/MAG+많이/MAG+들어가/VV+EC+ㅠㅠ/UNKNOWN"
          },
          {
            "id": 20,
            "text": "3 : 맞아 ㅠㅠ",
            "norm_text": "맞아 ㅠㅠ",
            "speaker": {
              "id": "3번",
              "sex": "남성",
              "age": "20대"
            },
            "speechAct": "(단언) 주장하기",
            "morpheme": "맞아ㅠㅠ/UNKNOWN"
          },
          {
            "id": 21,
            "text": "3 : 유지비 너무 많이 드는 거 같애",
            "norm_text": "유지비 너무 많이 드는 거 같애",
            "speaker": {
              "id": "3번",
              "sex": "남성",
              "age": "20대"
            },
            "speechAct": "(단언) 주장하기",
            "morpheme": "유지비/NNG+너무/MAG+많이/MAG+드/VV+는/ETM+거/NNB+같/VA+애/EC"
          }
        ]
      }
    }
  ]
}