{
  "dataset": {
    "identifier": 129736,
    "name": "NATEON_42_05_set",
    "src_path": "/data/file/cubeManager/PROJECT001/84/txt20211104173553007829/NATEON_42_05_set/",
    "label_path": "/data/file/cubeManager/PROJECT001/84/txt20211104173553007829/NATEON_42_05_set/",
    "category": 2,
    "type": 0
  },
  "licenses": {
    "name": "Apache License 1.0",
    "url": "http://www.apache.org/licenses/LICENSE-1.0"
  },
  "info": [
    {
      "id": 137232,
      "filename": "NATEON_42_05.txt",
      "title": "NATEON_42_05",
      "mediatype": "메신저",
      "medianame": "네이트온",
      "category": "일상대화",
      "date": "2021-11-04",
      "size": 405,
      "annotations": {
        "subject": "군대",
        "speaker_type": "다자간 대화",
        "size": 405,
        "word_size": 142,
        "text": "1 : 내 동생 벌써 예비군 가더라?\n2 : 오 예비군 얼마나 다니지?\n3 : 아니\n3 : 벌써 전역을 했어?\n1 : 어 아니 시간이 훅훅 가네 진짜 키키\n2 : 그러니까\n2 : 시간 진짜 엄청 흘렀다 키키\n3 : 그래\n3 : 예비군은 얼마나 다녀야 되지?\n1 : 시간은 나도 잘 모르겠는데...\n2 : 그것도 5년 가야 되는 거 아니야?\n3 : 키키 너희 동생 아직 대학생 아니야?\n1 : 응 그래서 1박2일 안 한다고 하더라고\n2 : 아 맞아\n2 : 1박2일로 가는 것도 있더라 키키\n3 : 맞아\n3 : 대학생 아니면 자야 할걸?\n1 : 키키 진짜 말로만 들어도 최악이다\n2 : 그래도 예비군은 좋다고 그러던데 키키\n3 : 너희 동생한테 좀 잘해 줘\n1 : 안 그래도 잘해 주려고 했어...\n2 : 어 동생 잘 챙겨 항상 키키\n3 : 너 잘 못해 주고 있잖아!",
        "lines": [
          {
            "id": 1,
            "text": "1 : 내 동생 벌써 예비군 가더라?",
            "norm_text": "내 동생 벌써 예비군 가더라?",
            "speaker": {
              "id": "1번",
              "sex": "여성",
              "age": "20대"
            },
            "speechAct": "(단언) 진술하기",
            "morpheme": "내/NP+JKG+동생/NNG+벌써/MAG+예비/NNG+군가/NNG+더라/VCP+EF"
          },
          {
            "id": 2,
            "text": "2 : 오 예비군 얼마나 다니지?",
            "norm_text": "오 예비군 얼마나 다니지?",
            "speaker": {
              "id": "2번",
              "sex": "여성",
              "age": "20대"
            },
            "speechAct": "(지시) 질문하기",
            "morpheme": "오/NR+예비군/NNG+얼마나/MAG+다니/VV+지/EF"
          },
          {
            "id": 3,
            "text": "3 : 아니",
            "norm_text": "아니",
            "speaker": {
              "id": "3번",
              "sex": "남성",
              "age": "20대"
            },
            "speechAct": "턴토크 사인(관습적 반응)",
            "morpheme": "아니/IC"
          },
          {
            "id": 4,
            "text": "3 : 벌써 전역을 했어?",
            "norm_text": "벌써 전역을 했어?",
            "speaker": {
              "id": "3번",
              "sex": "남성",
              "age": "20대"
            },
            "speechAct": "(지시) 질문하기",
            "morpheme": "벌써/MAG+전역/NNG+을/JKO+했/VV+EP+어/EF"
          },
          {
            "id": 5,
            "text": "1 : 어 아니 시간이 훅훅 가네 진짜 키키",
            "norm_text": "어 아니 시간이 훅훅 가네 진짜 키키",
            "speaker": {
              "id": "1번",
              "sex": "여성",
              "age": "20대"
            },
            "speechAct": "(단언) 주장하기",
            "morpheme": "어/IC+아니/IC+시간/NNG+이/JKS+훅훅/MAG+가/VV+네/EF+진짜/MAG+키/NNG+키/XSV+ETN"
          },
          {
            "id": 6,
            "text": "2 : 그러니까",
            "norm_text": "그러니까",
            "speaker": {
              "id": "2번",
              "sex": "여성",
              "age": "20대"
            },
            "speechAct": "(단언) 주장하기",
            "morpheme": "그러니까/MAJ"
          },
          {
            "id": 7,
            "text": "2 : 시간 진짜 엄청 흘렀다 키키",
            "norm_text": "시간 진짜 엄청 흘렀다 키키",
            "speaker": {
              "id": "2번",
              "sex": "여성",
              "age": "20대"
            },
            "speechAct": "(단언) 주장하기",
            "morpheme": "시간/NNG+진짜/MAG+엄청/MAG+흘렀/VV+EP+다키키/NNP"
          },
          {
            "id": 8,
            "text": "3 : 그래",
            "norm_text": "그래",
            "speaker": {
              "id": "3번",
              "sex": "남성",
              "age": "20대"
            },
            "speechAct": "턴토크 사인(관습적 반응)",
            "morpheme": "그래/VA+EC"
          },
          {
            "id": 9,
            "text": "3 : 예비군은 얼마나 다녀야 되지?",
            "norm_text": "예비군은 얼마나 다녀야 되지?",
            "speaker": {
              "id": "3번",
              "sex": "남성",
              "age": "20대"
            },
            "speechAct": "(지시) 질문하기",
            "morpheme": "예비군/NNG+은/JX+얼마나/MAG+다녀야/VV+EC+되/VV+지/EF"
          },
          {
            "id": 10,
            "text": "1 : 시간은 나도 잘 모르겠는데...",
            "norm_text": "시간은 나도 잘 모르겠는데...",
            "speaker": {
              "id": "1번",
              "sex": "여성",
              "age": "20대"
            },
            "speechAct": "(단언) 진술하기",
            "morpheme": "시간/NNG+은/JX+나/NP+도/JX+잘/MAG+모르/VV+겠/EP+는데/EC+./SY+./SY"
          },
          {
            "id": 11,
            "text": "2 : 그것도 5년 가야 되는 거 아니야?",
            "norm_text": "그것도 5년 가야 되는 거 아니야?",
            "speaker": {
              "id": "2번",
              "sex": "여성",
              "age": "20대"
            },
            "speechAct": "(지시) 질문하기",
            "morpheme": "그것/NP+도/JX+5/SN+년/NNBC+가야/NNG+되/XSV+는/ETM+거/NNB+아니/VCN+야/EF"
          },
          {
            "id": 12,
            "text": "3 : 키키 너희 동생 아직 대학생 아니야?",
            "norm_text": "키키 너희 동생 아직 대학생 아니야?",
            "speaker": {
              "id": "3번",
              "sex": "남성",
              "age": "20대"
            },
            "speechAct": "(지시) 질문하기",
            "morpheme": "키/NNG+키/XSV+ETN+너희/NP+동생/NNG+아직/MAG+대학생/NNG+아니/VCN+야/EF"
          },
          {
            "id": 13,
            "text": "1 : 응 그래서 1박2일 안 한다고 하더라고",
            "norm_text": "응 그래서 1박2일 안 한다고 하더라고",
            "speaker": {
              "id": "1번",
              "sex": "여성",
              "age": "20대"
            },
            "speechAct": "(단언) 진술하기",
            "morpheme": "응/IC+그래서/MAJ+1/SN+박/NNBC+2/SN+일/NNBC+안/MAG+한다고/VV+EC+하/VV+더라고/EC"
          },
          {
            "id": 14,
            "text": "2 : 아 맞아",
            "norm_text": "아 맞아",
            "speaker": {
              "id": "2번",
              "sex": "여성",
              "age": "20대"
            },
            "speechAct": "(단언) 주장하기",
            "morpheme": "아/IC+맞/VV+아/EC"
          },
          {
            "id": 15,
            "text": "2 : 1박2일로 가는 것도 있더라 키키",
            "norm_text": "1박2일로 가는 것도 있더라 키키",
            "speaker": {
              "id": "2번",
              "sex": "여성",
              "age": "20대"
            },
            "speechAct": "(단언) 진술하기",
            "morpheme": "1/SN+박/NNBC+2/SN+일/NNBC+로/JKB+가/VV+는/ETM+것/NNB+도/JX+있/VA+더라/EC+키/NNG+키/XSV+ETN"
          },
          {
            "id": 16,
            "text": "3 : 맞아",
            "norm_text": "맞아",
            "speaker": {
              "id": "3번",
              "sex": "남성",
              "age": "20대"
            },
            "speechAct": "(단언) 주장하기",
            "morpheme": "맞/VV+아/EC"
          },
          {
            "id": 17,
            "text": "3 : 대학생 아니면 자야 할걸?",
            "norm_text": "대학생 아니면 자야 할걸?",
            "speaker": {
              "id": "3번",
              "sex": "남성",
              "age": "20대"
            },
            "speechAct": "(단언) 진술하기",
            "morpheme": "대학생/NNG+아니/VCN+면/EC+자/VV+야/EC+할걸/VX+EF"
          },
          {
            "id": 18,
            "text": "1 : 키키 진짜 말로만 들어도 최악이다",
            "norm_text": "키키 진짜 말로만 들어도 최악이다",
            "speaker": {
              "id": "1번",
              "sex": "여성",
              "age": "20대"
            },
            "speechAct": "(단언) 주장하기",
            "morpheme": "키/NNG+키/XSV+ETN+진짜/MAG+말/NNG+로/JKB+만들/VV+어도/EC+최악/NNG+이/VCP+다/EC"
          },
          {
            "id": 19,
            "text": "2 : 그래도 예비군은 좋다고 그러던데 키키",
            "norm_text": "그래도 예비군은 좋다고 그러던데 키키",
            "speaker": {
              "id": "2번",
              "sex": "여성",
              "age": "20대"
            },
            "speechAct": "(단언) 주장하기",
            "morpheme": "그래도/MAJ+예비군/NNG+은/JX+좋/VA+다고/EC+그러/VV+던데/EC+키/NNG+키/XSV+ETN"
          },
          {
            "id": 20,
            "text": "3 : 너희 동생한테 좀 잘해 줘",
            "norm_text": "너희 동생한테 좀 잘해 줘",
            "speaker": {
              "id": "3번",
              "sex": "남성",
              "age": "20대"
            },
            "speechAct": "(지시) 충고/제안하기",
            "morpheme": "너희/NP+동생/NNG+한테/JKB+좀/MAG+잘/MAG+해/VV+EC+줘/VX+EC"
          },
          {
            "id": 21,
            "text": "1 : 안 그래도 잘해 주려고 했어...",
            "norm_text": "안 그래도 잘해 주려고 했어...",
            "speaker": {
              "id": "1번",
              "sex": "여성",
              "age": "20대"
            },
            "speechAct": "(단언) 진술하기",
            "morpheme": "안/MAG+그래도/VV+EC+잘/MAG+해/VV+EC+주/VX+려고/EC+했/VX+EP+어/EF+./SY"
          },
          {
            "id": 22,
            "text": "2 : 어 동생 잘 챙겨 항상 키키",
            "norm_text": "어 동생 잘 챙겨 항상 키키",
            "speaker": {
              "id": "2번",
              "sex": "여성",
              "age": "20대"
            },
            "speechAct": "(지시) 충고/제안하기",
            "morpheme": "어/IC+동생/NNG+잘/MAG+챙겨/VV+EC+항상/MAG+키/NNG+키/XSV+ETN"
          },
          {
            "id": 23,
            "text": "3 : 너 잘 못해 주고 있잖아!",
            "norm_text": "너 잘 못해 주고 있잖아!",
            "speaker": {
              "id": "3번",
              "sex": "남성",
              "age": "20대"
            },
            "speechAct": "(단언) 주장하기",
            "morpheme": "너/NP+잘못/MAG+해/VV+EC+주/VX+고/EC+있/VX+잖아/EF"
          }
        ]
      }
    }
  ]
}