{
  "dataset": {
    "identifier": 18173,
    "name": "NATEON_26_06_set",
    "src_path": "/data/file/cubeManager/PROJECT001/7/txt20210826181628062677/NATEON_26_06_set/",
    "label_path": "/data/file/cubeManager/PROJECT001/7/txt20210826181628062677/NATEON_26_06_set/",
    "category": 2,
    "type": 0
  },
  "licenses": {
    "name": "Apache License 1.0",
    "url": "http://www.apache.org/licenses/LICENSE-1.0"
  },
  "info": [
    {
      "id": 724,
      "filename": "NATEON_26_06.txt",
      "title": "NATEON_26_06",
      "mediatype": "메신저",
      "medianame": "네이트온",
      "category": "일상대화",
      "date": "2021-08-26",
      "size": 1083,
      "annotations": {
        "subject": "교육",
        "speaker_type": "1:1",
        "size": 1083,
        "word_size": 325,
        "text": "1 : 너 예전에 학원 아르바이트 했었다고 했었잖아 이모님 학원에서!\n1 : 그때는 무슨 학원이었어?\n2 : 아 이모가 영어 어학원을 하셔서 거기서 했었어!\n1 : 우와 좋다!\n1 : 아이들이 다니는 곳이었어?\n1 : 아니면 성인들도 같이 다니는 학원이었어?\n2 : 거기는 아이들이 다니는 곳이어서 성인은 없었어!\n2 : 나는 사실 엄청 간단한 사무적인 거만 해서 큰 경험은 아니었지만 재미는 있었어! 하하\n1 : 오 그렇구나!\n1 : 어린 애들이었으면 귀여웠겠다 뭔가 키키\n2 : 그치 아무래도 고등학생들은 조금 다가가기 쉽지 않아서 키키\n2 : 그나마 좀 편했어.\n1 : 그러게. 그러고 보니 나도 어릴 때 처음 영어 학원 다니고 신세계였는데... 키키\n1 : 아니 영어를 초중고 10년 가까이 했는데 지금 다 까먹고 어쩌다 외국인이 뭐 길 물어보면 어버버야\n2 : 키키 너무 공감이야!\n2 : 사실 영어는 진짜 우리가 어렸을 때부터 거의 제일 먼저 배우는 외국어가 됐잖아?\n2 : 근데도 여전히 너무 어렵고 가물가물해.\n1 : 맞아. 게다가 입시 교육으로 하다 보니까 실생활에는 솔직히 쓸모가 딱히 없는 거 같아.\n1 : 그냥 문제 유형에 따라 거의 암기하다시피 하니까!\n2 : 맞아! 사실 시험을 위한 공부가 되어버려서 좀 문제가 있는 거 같아 ㅠㅠ\n2 : 막상 외국이나 외국인 만나면 입이 안 열리는 걸 보면 말이지.\n1 : 맞아 ㅠㅠ 몇 년 전에 토익 공부도 했었는데 수능 영어랑 딱히 다를 게 없더라.\n1 : 물론 난이도나 뭐 방식은 좀 다를 수는 있어도 결국은 그냥 문제 유형 외우고 그에 맞게 빨리 빨리 풀어야 하는 거 같더라고!\n2 : 그치 진짜 시험에 맞춰진 자격증 공부나 다름 없어서 하면서도 좀 그래 ㅠㅠ\n2 : 뭔가 일상에 도움이 되는 그런 공부를 하고 싶은데...\n1 : 맞아! 그러면 회화 공부를 해야 되려나?\n2 : 응! 아무래도 회화 공부가 일상에서 유용한 공부인 거 같긴 해!\n2 : 요즘은 온라인이나 전화로도 회화 공부하는 사람들도 있더라!\n1 : 오 맞아 맞아!\n1 : 요즘 영어도 그렇고 다른 언어들도 화상으로 하는 거 꽤 많던데 해보고 싶어.\n2 : 그치? 뭔가 직접 가기는 좀 부담스럽고 시간이 안 나면 화상으로 하는 것도 괜찮을 거 같아! 하하",
        "lines": [
          {
            "id": 1,
            "text": "1 : 너 예전에 학원 아르바이트 했었다고 했었잖아 이모님 학원에서!",
            "norm_text": "너 예전에 학원 아르바이트 했었다고 했었잖아 이모님 학원에서!",
            "speaker": {
              "id": "1번",
              "sex": "여성",
              "age": "30대"
            },
            "speechAct": "(단언) 진술하기",
            "morpheme": "너/NP+예전/NNG+에/JKB+학원/NNG+아르바이트/NNG+했었/XSV+EP+다고/EC+했었잖/VX+EP+EC+VX+아이모/NNP+님/XSN+학원/NNG+에서/JKB"
          },
          {
            "id": 2,
            "text": "1 : 그때는 무슨 학원이었어?",
            "norm_text": "그때는 무슨 학원이었어?",
            "speaker": {
              "id": "1번",
              "sex": "여성",
              "age": "30대"
            },
            "speechAct": "(지시) 질문하기",
            "morpheme": "그때/NNG+는/JX+무슨/MM+학원/NNG+이/VCP+었/EP+어/EF"
          },
          {
            "id": 3,
            "text": "2 : 아 이모가 영어 어학원을 하셔서 거기서 했었어!",
            "norm_text": "아 이모가 영어 어학원을 하셔서 거기서 했었어!",
            "speaker": {
              "id": "2번",
              "sex": "여성",
              "age": "20대"
            },
            "speechAct": "(단언) 진술하기",
            "morpheme": "아이모/NNP+가/JKS+영어/NNG+어/IC+학원/NNG+을/JKO+하/VV+셔서/EP+EC+거기/NP+서/JKB+했었/VV+EP+어/EF"
          },
          {
            "id": 4,
            "text": "1 : 우와 좋다!",
            "norm_text": "우와 좋다!",
            "speaker": {
              "id": "1번",
              "sex": "여성",
              "age": "30대"
            },
            "speechAct": "(단언) 주장하기",
            "morpheme": "우와/IC+좋/VA+다/EF"
          },
          {
            "id": 5,
            "text": "1 : 아이들이 다니는 곳이었어?",
            "norm_text": "아이들이 다니는 곳이었어?",
            "speaker": {
              "id": "1번",
              "sex": "여성",
              "age": "30대"
            },
            "speechAct": "(지시) 질문하기",
            "morpheme": "아이/NNG+들/XSN+이/JKS+다니/VV+는/ETM+곳/NNG+이/VCP+었/EP+어/EF"
          },
          {
            "id": 6,
            "text": "1 : 아니면 성인들도 같이 다니는 학원이었어?",
            "norm_text": "아니면 성인들도 같이 다니는 학원이었어?",
            "speaker": {
              "id": "1번",
              "sex": "여성",
              "age": "30대"
            },
            "speechAct": "(지시) 질문하기",
            "morpheme": "아니면/MAJ+성인/NNG+들/XSN+도/JX+같이/MAG+다니/VV+는/ETM+학원/NNG+이/VCP+었/EP+어/EF"
          },
          {
            "id": 7,
            "text": "2 : 거기는 아이들이 다니는 곳이어서 성인은 없었어!",
            "norm_text": "거기는 아이들이 다니는 곳이어서 성인은 없었어!",
            "speaker": {
              "id": "2번",
              "sex": "여성",
              "age": "20대"
            },
            "speechAct": "(단언) 진술하기",
            "morpheme": "거기/NP+는/JX+아이/NNG+들/XSN+이/JKS+다니/VV+는/ETM+곳/NNG+이/VCP+어서/EC+성인/NNG+은/JX+없/VA+었/EP+어/EF"
          },
          {
            "id": 8,
            "text": "2 : 나는 사실 엄청 간단한 사무적인 거만 해서 큰 경험은 아니었지만 재미는 있었어! 하하",
            "norm_text": "나는 사실 엄청 간단한 사무적인 거만 해서 큰 경험은 아니었지만 재미는 있었어! 하하",
            "speaker": {
              "id": "2번",
              "sex": "여성",
              "age": "20대"
            },
            "speechAct": "(단언) 주장하기",
            "morpheme": "나/NP+는/JX+사실/MAG+엄청/MAG+간단/XR+한/XSA+ETM+사무/NNG+적/XSN+인/VCP+ETM+거/NNB+만/JX+해서/VV+EC+큰/VA+ETM+경험/NNG+은/JX+아니/VCN+었/EP+지만/EC+재미/NNG+는/JX+있/VX+었/EP+어/EF+하하/MAG"
          },
          {
            "id": 9,
            "text": "1 : 오 그렇구나!",
            "norm_text": "오 그렇구나!",
            "speaker": {
              "id": "1번",
              "sex": "여성",
              "age": "30대"
            },
            "speechAct": "턴토크 사인(관습적 반응)",
            "morpheme": "오/NR+그렇/VA+구나/EF"
          },
          {
            "id": 10,
            "text": "1 : 어린 애들이었으면 귀여웠겠다 뭔가 키키",
            "norm_text": "어린 애들이었으면 귀여웠겠다 뭔가 키키",
            "speaker": {
              "id": "1번",
              "sex": "여성",
              "age": "30대"
            },
            "speechAct": "(단언) 주장하기",
            "morpheme": "어린애/NNG+들/XSN+이/VCP+었/EP+으면/EC+귀여웠/VA+EP+겠/EP+다/EF+뭔가/NP+VCP+EC+키/NNG+키/XSV+ETN"
          },
          {
            "id": 11,
            "text": "2 : 그치 아무래도 고등학생들은 조금 다가가기 쉽지 않아서 키키",
            "norm_text": "그치 아무래도 고등학생들은 조금 다가가기 쉽지 않아서 키키",
            "speaker": {
              "id": "2번",
              "sex": "여성",
              "age": "20대"
            },
            "speechAct": "(단언) 주장하기",
            "morpheme": "그치/IC+아무래도/MAG+고등/NNG+학생/NNG+들/XSN+은/JX+조금/MAG+다가가/VV+기/ETN+쉽/VA+지/EC+않/VX+아서/EC+키/NNG+키/XSV+ETN"
          },
          {
            "id": 12,
            "text": "2 : 그나마 좀 편했어.",
            "norm_text": "그나마 좀 편했어.",
            "speaker": {
              "id": "2번",
              "sex": "여성",
              "age": "20대"
            },
            "speechAct": "(단언) 주장하기",
            "morpheme": "그나마/MAG+좀/MAG+편했/VA+EP+어/EF"
          },
          {
            "id": 13,
            "text": "1 : 그러게. 그러고 보니 나도 어릴 때 처음 영어 학원 다니고 신세계였는데... 키키",
            "norm_text": "그러게. 그러고 보니 나도 어릴 때 처음 영어 학원 다니고 신세계였는데... 키키",
            "speaker": {
              "id": "1번",
              "sex": "여성",
              "age": "30대"
            },
            "speechAct": "(단언) 진술하기",
            "morpheme": "그러게/IC+그러/VV+고/EC+보/VX+니/EC+나/NP+도/JX+어릴/VA+ETM+때/NNG+처음/NNG+영어/NNG+학원/NNG+다니/VV+고/EC+신세계/NNG+였/VCP+EP+는데/EC+./SY+./SY+키/NNG+키/XSV+ETN"
          },
          {
            "id": 14,
            "text": "1 : 아니 영어를 초중고 10년 가까이 했는데 지금 다 까먹고 어쩌다 외국인이 뭐 길 물어보면 어버버야",
            "norm_text": "아니 영어를 초중고 10년 가까이 했는데 지금 다 까먹고 어쩌다 외국인이 뭐 길 물어보면 어버버야",
            "speaker": {
              "id": "1번",
              "sex": "여성",
              "age": "30대"
            },
            "speechAct": "(단언) 진술하기",
            "morpheme": "아니/IC+영어/NNG+를/JKO+초/XPN+중고/NNG+10/SN+년/NNBC+가까이/NNG+했/XSV+EP+는데/EC+지금/MAG+다/MAG+까먹/VV+고/EC+어쩌다/MAJ+외국인/NNG+이/JKS+뭐/IC+길/NNG+물/VV+어/EC+보/VX+면/EC+어버버/MAG+야/JX"
          },
          {
            "id": 15,
            "text": "2 : 키키 너무 공감이야!",
            "norm_text": "키키 너무 공감이야!",
            "speaker": {
              "id": "2번",
              "sex": "여성",
              "age": "20대"
            },
            "speechAct": "(단언) 주장하기",
            "morpheme": "키/NNG+키/NNG+너무/MAG+공감/NNG+이/VCP+야/EF"
          },
          {
            "id": 16,
            "text": "2 : 사실 영어는 진짜 우리가 어렸을 때부터 거의 제일 먼저 배우는 외국어가 됐잖아?",
            "norm_text": "사실 영어는 진짜 우리가 어렸을 때부터 거의 제일 먼저 배우는 외국어가 됐잖아?",
            "speaker": {
              "id": "2번",
              "sex": "여성",
              "age": "20대"
            },
            "speechAct": "(단언) 진술하기",
            "morpheme": "사실/MAG+영어/NNG+는/JX+진짜/MAG+우리/NP+가/JKS+어렸/VA+EP+을/ETM+때/NNG+부터/JX+거의/MAG+제일/MAG+먼저/MAG+배우/VV+는/ETM+외국어/NNG+가/JKS+됐/VV+EP+잖아/EF"
          },
          {
            "id": 17,
            "text": "2 : 근데도 여전히 너무 어렵고 가물가물해.",
            "norm_text": "근데도 여전히 너무 어렵고 가물가물해.",
            "speaker": {
              "id": "2번",
              "sex": "여성",
              "age": "20대"
            },
            "speechAct": "(단언) 주장하기",
            "morpheme": "근데도/MAJ+여전히/MAG+너무/MAG+어렵/VA+고/EC+가물가물/MAG+해/VV+EF"
          },
          {
            "id": 18,
            "text": "1 : 맞아. 게다가 입시 교육으로 하다 보니까 실생활에는 솔직히 쓸모가 딱히 없는 거 같아.",
            "norm_text": "맞아. 게다가 입시 교육으로 하다 보니까 실생활에는 솔직히 쓸모가 딱히 없는 거 같아.",
            "speaker": {
              "id": "1번",
              "sex": "여성",
              "age": "30대"
            },
            "speechAct": "(단언) 주장하기",
            "morpheme": "맞/VV+아/EF+게다가/MAG+입시/NNG+교육/NNG+으로/JKB+하/VV+다/EC+보/VX+니까/EC+실생활/NNG+에/JKB+는/JX+솔직히/MAG+쓸모/NNG+가/JKS+딱히/MAG+없/VA+는/ETM+거/NNB+같/VA+아/EF"
          },
          {
            "id": 19,
            "text": "1 : 그냥 문제 유형에 따라 거의 암기하다시피 하니까!",
            "norm_text": "그냥 문제 유형에 따라 거의 암기하다시피 하니까!",
            "speaker": {
              "id": "1번",
              "sex": "여성",
              "age": "30대"
            },
            "speechAct": "(단언) 진술하기",
            "morpheme": "그냥/MAG+문제/NNG+유형/NNG+에/JKB+따라/VV+EC+거의/MAG+암기/NNG+하/XSV+다시피/EC+하/VV+니까/EC"
          },
          {
            "id": 20,
            "text": "2 : 맞아! 사실 시험을 위한 공부가 되어버려서 좀 문제가 있는 거 같아 ㅠㅠ",
            "norm_text": "맞아! 사실 시험을 위한 공부가 되어버려서 좀 문제가 있는 거 같아 ㅠㅠ",
            "speaker": {
              "id": "2번",
              "sex": "여성",
              "age": "20대"
            },
            "speechAct": "(단언) 주장하기",
            "morpheme": "맞/VV+아/EF+사실/MAG+시험/NNG+을/JKO+위한/VV+ETM+공부/NNG+가/JKS+되/VV+어/EC+버려서/VX+EC+좀/MAG+문제/NNG+가/JKS+있/VA+는/ETM+거/NNB+같/VA+아/EC+ㅠㅠ/UNKNOWN"
          },
          {
            "id": 21,
            "text": "2 : 막상 외국이나 외국인 만나면 입이 안 열리는 걸 보면 말이지.",
            "norm_text": "막상 외국이나 외국인 만나면 입이 안 열리는 걸 보면 말이지.",
            "speaker": {
              "id": "2번",
              "sex": "여성",
              "age": "20대"
            },
            "speechAct": "(단언) 진술하기",
            "morpheme": "막상/MAG+외국/NNG+이나/JC+외국인/NNG+만나/VV+면/EC+입/NNG+이/JKS+안/MAG+열리/VV+는/ETM+걸/NNB+JKO+보/VV+면/EC+말/NNG+이/VCP+지/EF"
          },
          {
            "id": 22,
            "text": "1 : 맞아 ㅠㅠ 몇 년 전에 토익 공부도 했었는데 수능 영어랑 딱히 다를 게 없더라.",
            "norm_text": "맞아 ㅠㅠ 몇 년 전에 토익 공부도 했었는데 수능 영어랑 딱히 다를 게 없더라.",
            "speaker": {
              "id": "1번",
              "sex": "여성",
              "age": "30대"
            },
            "speechAct": "(단언) 진술하기",
            "morpheme": "맞/VV+아/EC+ㅠㅠ/UNKNOWN+몇/MM+년/NNBC+전/NNG+에/JKB+토익/NNG+공부/NNG+도/JX+했었/VV+EP+는데/EC+수능/NNG+영어/NNG+랑/JKB+딱히/MAG+다를/VA+ETM+게/NNB+JKS+없/VA+더라/EF"
          },
          {
            "id": 23,
            "text": "1 : 물론 난이도나 뭐 방식은 좀 다를 수는 있어도 결국은 그냥 문제 유형 외우고 그에 맞게 빨리 빨리 풀어야 하는 거 같더라고!",
            "norm_text": "물론 난이도나 뭐 방식은 좀 다를 수는 있어도 결국은 그냥 문제 유형 외우고 그에 맞게 빨리 빨리 풀어야 하는 거 같더라고!",
            "speaker": {
              "id": "1번",
              "sex": "여성",
              "age": "30대"
            },
            "speechAct": "(단언) 주장하기",
            "morpheme": "물론/MAG+난이도/NNG+나/JC+뭐/IC+방식/NNG+은/JX+좀/MAG+다를/VA+ETM+수/NNB+는/JX+있/VX+어도/EC+결국/NNG+은/JX+그냥/MAG+문제/NNG+유형/NNG+외우/VV+고/EC+그/NP+에/JKB+맞/VV+게/EC+빨리빨리/MAG+풀/VV+어야/EC+하/VV+는/ETM+거/NNB+같/VA+더라고/EF"
          },
          {
            "id": 24,
            "text": "2 : 그치 진짜 시험에 맞춰진 자격증 공부나 다름 없어서 하면서도 좀 그래 ㅠㅠ",
            "norm_text": "그치 진짜 시험에 맞춰진 자격증 공부나 다름 없어서 하면서도 좀 그래 ㅠㅠ",
            "speaker": {
              "id": "2번",
              "sex": "여성",
              "age": "20대"
            },
            "speechAct": "(단언) 주장하기",
            "morpheme": "그치/IC+진짜/MAG+시험/NNG+에/JKB+맞춰진/VV+EC+VX+ETM+자격증/NNG+공부/NNG+나/JX+다름없/VA+어서/EC+하/VV+면서/EC+도/JX+좀/MAG+그래/VA+EC+ㅠㅠ/UNKNOWN"
          },
          {
            "id": 25,
            "text": "2 : 뭔가 일상에 도움이 되는 그런 공부를 하고 싶은데...",
            "norm_text": "뭔가 일상에 도움이 되는 그런 공부를 하고 싶은데...",
            "speaker": {
              "id": "2번",
              "sex": "여성",
              "age": "20대"
            },
            "speechAct": "(단언) 주장하기",
            "morpheme": "뭔가/NP+VCP+EC+일상/NNG+에/JKB+도움/NNG+이/JKS+되/VV+는/ETM+그런/MM+공부/NNG+를/JKO+하/VV+고/EC+싶/VX+은데/EF+./SY"
          },
          {
            "id": 26,
            "text": "1 : 맞아! 그러면 회화 공부를 해야 되려나?",
            "norm_text": "맞아! 그러면 회화 공부를 해야 되려나?",
            "speaker": {
              "id": "1번",
              "sex": "여성",
              "age": "30대"
            },
            "speechAct": "(지시) 질문하기",
            "morpheme": "맞/VV+아/EF+그러면/MAJ+회화/NNG+공부/NNG+를/JKO+해야/VV+EC+되/VV+려나/EF"
          },
          {
            "id": 27,
            "text": "2 : 응! 아무래도 회화 공부가 일상에서 유용한 공부인 거 같긴 해!",
            "norm_text": "응! 아무래도 회화 공부가 일상에서 유용한 공부인 거 같긴 해!",
            "speaker": {
              "id": "2번",
              "sex": "여성",
              "age": "20대"
            },
            "speechAct": "(단언) 주장하기",
            "morpheme": "응/IC+아무래도/MAG+회화/NNG+공부/NNG+가/JKS+일상/NNG+에서/JKB+유용/XR+한/XSA+ETM+공부/NNG+인/VCP+ETM+거/NNB+같/VA+긴/ETN+JX+해/VX+EF"
          },
          {
            "id": 28,
            "text": "2 : 요즘은 온라인이나 전화로도 회화 공부하는 사람들도 있더라!",
            "norm_text": "요즘은 온라인이나 전화로도 회화 공부하는 사람들도 있더라!",
            "speaker": {
              "id": "2번",
              "sex": "여성",
              "age": "20대"
            },
            "speechAct": "(단언) 진술하기",
            "morpheme": "요즘/NNG+은/JX+온라인/NNG+이나/JC+전화/NNG+로/JKB+도/JX+회화/NNG+공부/NNG+하/XSV+는/ETM+사람/NNG+들/XSN+도/JX+있/VA+더라/EF"
          },
          {
            "id": 29,
            "text": "1 : 오 맞아 맞아!",
            "norm_text": "오 맞아 맞아!",
            "speaker": {
              "id": "1번",
              "sex": "여성",
              "age": "30대"
            },
            "speechAct": "(단언) 주장하기",
            "morpheme": "오/NR+맞/VV+아/EC+맞/VV+아/EF"
          },
          {
            "id": 30,
            "text": "1 : 요즘 영어도 그렇고 다른 언어들도 화상으로 하는 거 꽤 많던데 해보고 싶어.",
            "norm_text": "요즘 영어도 그렇고 다른 언어들도 화상으로 하는 거 꽤 많던데 해보고 싶어.",
            "speaker": {
              "id": "1번",
              "sex": "여성",
              "age": "30대"
            },
            "speechAct": "(단언) 주장하기",
            "morpheme": "요즘/NNG+영어/NNG+도/JX+그렇/VA+고/EC+다른/MM+언어/NNG+들/XSN+도/JX+화상/NNG+으로/JKB+하/VV+는/ETM+거/NNB+꽤/MAG+많/VA+던/ETM+데/NNB+해/VV+EC+보/VX+고/EC+싶/VX+어/EF"
          },
          {
            "id": 31,
            "text": "2 : 그치? 뭔가 직접 가기는 좀 부담스럽고 시간이 안 나면 화상으로 하는 것도 괜찮을 거 같아! 하하",
            "norm_text": "그치? 뭔가 직접 가기는 좀 부담스럽고 시간이 안 나면 화상으로 하는 것도 괜찮을 거 같아! 하하",
            "speaker": {
              "id": "2번",
              "sex": "여성",
              "age": "20대"
            },
            "speechAct": "(단언) 주장하기",
            "morpheme": "그치/IC+뭔가/NP+VCP+EC+직접/MAG+가/VV+기/ETN+는/JX+좀/MAG+부담/NNG+스럽/XSA+고/EC+시간/NNG+이/JKS+안/MAG+나/VV+면/EC+화상/NNG+으로/JKB+하/VV+는/ETM+것/NNB+도/JX+괜찮/VA+을/ETM+거/NNB+같/VA+아/EF+하하/MAG"
          }
        ]
      }
    }
  ]
}