{
  "dataset": {
    "identifier": 117646,
    "name": "NATEON_29_17_set",
    "src_path": "/data/file/cubeManager/PROJECT001/80/txt20211102103851085398/NATEON_29_17_set/",
    "label_path": "/data/file/cubeManager/PROJECT001/80/txt20211102103851085398/NATEON_29_17_set/",
    "category": 2,
    "type": 0
  },
  "licenses": {
    "name": "Apache License 1.0",
    "url": "http://www.apache.org/licenses/LICENSE-1.0"
  },
  "info": [
    {
      "id": 129880,
      "filename": "NATEON_29_17.txt",
      "title": "NATEON_29_17",
      "mediatype": "메신저",
      "medianame": "네이트온",
      "category": "일상대화",
      "date": "2021-11-02",
      "size": 410,
      "annotations": {
        "subject": "건강",
        "speaker_type": "다자간 대화",
        "size": 410,
        "word_size": 146,
        "text": "1 : 나 이번에 티눈 크게 났어 ㅠㅠ\n2 : 티눈? 그거 엄청 불편 한 거 같던데 ㅠㅠ\n2 : 어디에?\n3 : 티눈? 난 그거 없는데\n1 : 응, 그런 거 처음 나봐서 무서워\n2 : 그거 밴드형으로 붙여서 떨어트리는 것도 있던데!\n3 : 너 병원은 제때 간 거야?\n1 : 아니 약국에서 녹이는 거도 있다고 해서\n2 : 그럼 약국에 한번 가서 상담 받아 봐 ㅠㅠ\n3 : 약국 가지 말고 그냥 병원 가 ㅠ\n1 : 아, 고민이다 약국 갈지 병원 갈지\n2 : 티눈 사람들은 약국이랑 병원 중 어디 많이 가는데? ㅠㅠ\n3 : 나는 병원 완전 추천~\n1 : 음 블로그 찾아보니까 병원!\n2 : 아 그럼 한번 병원 가서 치료 받고 와봐!\n3 : 그럼 당연히 병원 가야지~\n1 : 알겠어 무섭지만 병원 다녀 올게 ㅠ\n2 : 웅 꼭 다 나아서 와 ㅠㅠ\n3 : 좋아 얼른 다녀 와!",
        "lines": [
          {
            "id": 1,
            "text": "1 : 나 이번에 티눈 크게 났어 ㅠㅠ",
            "norm_text": "나 이번에 티눈 크게 났어 ㅠㅠ",
            "speaker": {
              "id": "1번",
              "sex": "여성",
              "age": "20대"
            },
            "speechAct": "(단언) 진술하기",
            "morpheme": "나/NP+이번/NNG+에/JKB+티눈/NNG+크/VA+게/EC+났/VV+EP+어/EF+ㅠㅠ/UNKNOWN"
          },
          {
            "id": 2,
            "text": "2 : 티눈? 그거 엄청 불편 한 거 같던데 ㅠㅠ",
            "norm_text": "티눈? 그거 엄청 불편 한 거 같던데 ㅠㅠ",
            "speaker": {
              "id": "2번",
              "sex": "여성",
              "age": "20대"
            },
            "speechAct": "(단언) 주장하기",
            "morpheme": "티눈/NNG+?/SY+그거엄청불편한거같던데ㅠㅠ/UNKNOWN"
          },
          {
            "id": 3,
            "text": "2 : 어디에?",
            "norm_text": "어디에?",
            "speaker": {
              "id": "2번",
              "sex": "여성",
              "age": "20대"
            },
            "speechAct": "(지시) 질문하기",
            "morpheme": "어디/NP+에/JKB"
          },
          {
            "id": 4,
            "text": "3 : 티눈? 난 그거 없는데",
            "norm_text": "티눈? 난 그거 없는데",
            "speaker": {
              "id": "3번",
              "sex": "남성",
              "age": "20대"
            },
            "speechAct": "(단언) 진술하기",
            "morpheme": "티눈/NNG+난/NP+JX+그거/NP+없/VA+는데/EC"
          },
          {
            "id": 5,
            "text": "1 : 응, 그런 거 처음 나봐서 무서워",
            "norm_text": "응, 그런 거 처음 나봐서 무서워",
            "speaker": {
              "id": "1번",
              "sex": "여성",
              "age": "20대"
            },
            "speechAct": "(단언) 주장하기",
            "morpheme": "응/IC+,/SC+그런/MM+거/NNB+처음/MAG+나/NP+봐서/VV+EC+무서워/VA+EC"
          },
          {
            "id": 6,
            "text": "2 : 그거 밴드형으로 붙여서 떨어트리는 것도 있던데!",
            "norm_text": "그거 밴드형으로 붙여서 떨어트리는 것도 있던데!",
            "speaker": {
              "id": "2번",
              "sex": "여성",
              "age": "20대"
            },
            "speechAct": "(단언) 주장하기",
            "morpheme": "그거/NP+밴드/NNG+형/XSN+으로/JKB+붙여서/VV+EC+떨어트리/VV+는/ETM+것/NNB+도/JX+있/VA+던데/EF"
          },
          {
            "id": 7,
            "text": "3 : 너 병원은 제때 간 거야?",
            "norm_text": "너 병원은 제때 간 거야?",
            "speaker": {
              "id": "3번",
              "sex": "남성",
              "age": "20대"
            },
            "speechAct": "(지시) 질문하기",
            "morpheme": "너/NP+병원/NNG+은/JX+제때/NNG+간/VV+ETM+거/NNB+야/VCP+EF"
          },
          {
            "id": 8,
            "text": "1 : 아니 약국에서 녹이는 거도 있다고 해서",
            "norm_text": "아니 약국에서 녹이는 거도 있다고 해서",
            "speaker": {
              "id": "1번",
              "sex": "여성",
              "age": "20대"
            },
            "speechAct": "(단언) 주장하기",
            "morpheme": "아니/IC+약국/NNG+에서/JKB+녹이/VV+는/ETM+거/NNB+도/JX+있/VA+다고/EC+해서/VV+EC"
          },
          {
            "id": 9,
            "text": "2 : 그럼 약국에 한번 가서 상담 받아 봐 ㅠㅠ",
            "norm_text": "그럼 약국에 한번 가서 상담 받아 봐 ㅠㅠ",
            "speaker": {
              "id": "2번",
              "sex": "여성",
              "age": "20대"
            },
            "speechAct": "(지시) 충고/제안하기",
            "morpheme": "그럼/MAJ+약국/NNG+에/JKB+한/MM+번/NNBC+가/VV+서/EC+상담/NNG+받/VV+아/EC+봐/VX+EF+ㅠㅠ/UNKNOWN"
          },
          {
            "id": 10,
            "text": "3 : 약국 가지 말고 그냥 병원 가 ㅠ",
            "norm_text": "약국 가지 말고 그냥 병원 가 ㅠ",
            "speaker": {
              "id": "3번",
              "sex": "남성",
              "age": "20대"
            },
            "speechAct": "(지시) 충고/제안하기",
            "morpheme": "약국/NNG+가/VV+지/EC+말/VX+고/EC+그냥/MAG+병원/NNG+가ㅠ/UNKNOWN"
          },
          {
            "id": 11,
            "text": "1 : 아, 고민이다 약국 갈지 병원 갈지",
            "norm_text": "아, 고민이다 약국 갈지 병원 갈지",
            "speaker": {
              "id": "1번",
              "sex": "여성",
              "age": "20대"
            },
            "speechAct": "(단언) 주장하기",
            "morpheme": "아/IC+,/SC+고민/NNG+이/JKS+다/MAG+약국/NNG+갈지/VV+EC+병원/NNG+갈지/VV+EC"
          },
          {
            "id": 12,
            "text": "2 : 티눈 사람들은 약국이랑 병원 중 어디 많이 가는데? ㅠㅠ",
            "norm_text": "티눈 사람들은 약국이랑 병원 중 어디 많이 가는데? ㅠㅠ",
            "speaker": {
              "id": "2번",
              "sex": "여성",
              "age": "20대"
            },
            "speechAct": "(지시) 질문하기",
            "morpheme": "티눈/NNG+사람/NNG+들/XSN+은/JX+약국/NNG+이랑/JKB+병원/NNG+중/NNB+어디/NP+많이/MAG+가/VV+는데/EC+?/SY+ㅠㅠ/UNKNOWN"
          },
          {
            "id": 13,
            "text": "3 : 나는 병원 완전 추천~",
            "norm_text": "나는 병원 완전 추천~",
            "speaker": {
              "id": "3번",
              "sex": "남성",
              "age": "20대"
            },
            "speechAct": "(지시) 충고/제안하기",
            "morpheme": "나/NP+는/JX+병원/NNG+완전/NNG+추천/NNG+~/SY"
          },
          {
            "id": 14,
            "text": "1 : 음 블로그 찾아보니까 병원!",
            "norm_text": "음 블로그 찾아보니까 병원!",
            "speaker": {
              "id": "1번",
              "sex": "여성",
              "age": "20대"
            },
            "speechAct": "(단언) 진술하기",
            "morpheme": "음/IC+블로그/NNG+찾아보/VV+니까/EC+병원/NNG"
          },
          {
            "id": 15,
            "text": "2 : 아 그럼 한번 병원 가서 치료 받고 와봐!",
            "norm_text": "아 그럼 한번 병원 가서 치료 받고 와봐!",
            "speaker": {
              "id": "2번",
              "sex": "여성",
              "age": "20대"
            },
            "speechAct": "(지시) 충고/제안하기",
            "morpheme": "아/IC+그럼/MAJ+한/MM+번/NNBC+병원/NNG+가/VV+서/EC+치료/NNG+받/VV+고/EC+와봐/VV+EC+VX+EF"
          },
          {
            "id": 16,
            "text": "3 : 그럼 당연히 병원 가야지~",
            "norm_text": "그럼 당연히 병원 가야지~",
            "speaker": {
              "id": "3번",
              "sex": "남성",
              "age": "20대"
            },
            "speechAct": "(단언) 주장하기",
            "morpheme": "그럼/MAJ+당연히/MAG+병원/NNG+가야지/NNG+~/SY"
          },
          {
            "id": 17,
            "text": "1 : 알겠어 무섭지만 병원 다녀 올게 ㅠ",
            "norm_text": "알겠어 무섭지만 병원 다녀 올게 ㅠ",
            "speaker": {
              "id": "1번",
              "sex": "여성",
              "age": "20대"
            },
            "speechAct": "(언약) 약속하기(제3자와)/(개인적 수준)",
            "morpheme": "알/VV+겠/EP+어/EC+무섭/VA+지만/EC+병원/NNG+다녀올/VV+ETM+게/NNB+JKS+ㅠ/UNKNOWN"
          },
          {
            "id": 18,
            "text": "2 : 웅 꼭 다 나아서 와 ㅠㅠ",
            "norm_text": "웅 꼭 다 나아서 와 ㅠㅠ",
            "speaker": {
              "id": "2번",
              "sex": "여성",
              "age": "20대"
            },
            "speechAct": "(단언) 주장하기",
            "morpheme": "웅/IC+꼭/MAG+다/MAG+나/VV+아서/EC+와/VV+EC+ㅠㅠ/UNKNOWN"
          },
          {
            "id": 19,
            "text": "3 : 좋아 얼른 다녀 와!",
            "norm_text": "좋아 얼른 다녀 와!",
            "speaker": {
              "id": "3번",
              "sex": "남성",
              "age": "20대"
            },
            "speechAct": "(단언) 주장하기",
            "morpheme": "좋/VA+아/EC+얼른/MAG+다녀와/VV+EF"
          }
        ]
      }
    }
  ]
}