{
  "dataset": {
    "identifier": 16547,
    "name": "NATEON_22_15_set",
    "src_path": "/data/file/cubeManager/PROJECT001/7/txt20210826181651056295/NATEON_22_15_set/",
    "label_path": "/data/file/cubeManager/PROJECT001/7/txt20210826181651056295/NATEON_22_15_set/",
    "category": 2,
    "type": 0
  },
  "licenses": {
    "name": "Apache License 1.0",
    "url": "http://www.apache.org/licenses/LICENSE-1.0"
  },
  "info": [
    {
      "id": 754,
      "filename": "NATEON_22_15.txt",
      "title": "NATEON_22_15",
      "mediatype": "메신저",
      "medianame": "네이트온",
      "category": "일상대화",
      "date": "2021-08-26",
      "size": 874,
      "annotations": {
        "subject": "타 국가 이슈",
        "speaker_type": "1:1",
        "size": 874,
        "word_size": 250,
        "text": "1 : 요즘 중국 너무 괘씸한 거 같지 않아?\n2 : 맞아요 옛날엔 일본이 제일 싫었는데 이제는 일본하고 중국하고 어디 사라지게 해준다고 물어본다면 저는 중국이에요.\n1 : 경제적으로 미국이랑 싸우면서 시끄럽지\n1 : 차라리 패권 싸움으로 시끄럽기만 하면 보겠는데 요즘 도를 넘는 거 같아\n2 : 맞아요. 아주 자기들이 뭐라도 된 마냥... 중화사상도 너무 심하고 아주!\n1 : 요즘 그래서 뭘 하려고 하든 중국 자본이 들어갔는지부터 보게 되는 거 같아\n2 : 맞아요 요즘은 아주 드라마 쪽까지 엄청 내다보던데요.\n2 : 간 떨어지는 동거는 우리나라 웹툰 원작인데 중국 자본이래서 안 보고 있어요\n1 : 정말 그래서 전에 빈센조도 비빔밥이 중국어로 나오는 장면 보고 이 드라마를 계속 봐야 하나 고민도 했었다니까...\n2 : 빈센조도 중국 자본이었군요.\n2 : 몰랐어요... ㅠ\n2 : 요즘  진짜 여기저기 모르는 사이에 중국이 많이 침투한 것 같아요.\n1 : 우리나라만 그런 것도 아닌 거 같더라구.\n1 : 최근에 홍콩 얘기 들었어?\n2 : 네 얘기는 들었어요.\n2 : 중국 아주 괘씸해요\n2 : 진짜 하는 짓이 양아치예요.\n1 : 홍콩 보안법이 실제로 시행되고 있는 거 보고 너무 충격 받았었잖아.\n1 : 인권이 없었어.\n2 : 중국은 왜 그렇게 자기밖에 모를까요.\n2 : 교육도 거의 세뇌 수준이라 눈막귀막 중국인들하고 얘기하면 속 터질 것 같아요\n1 : 옛날에 일본이 하는 짓 보고 그렇게 욕을 하면서 본인들도 그대로 따라하고 있는 꼴이란...\n1 : 생각하는 게 너무 소국이야. 땅만 대국이고...\n2 : 맞아요 그리고 자꾸 하나의 중국 타령하는데 꼭 갈래갈래 찢어졌으면 좋겠어요. 정말\n1 : 홍콩도 대만도 위구르도 다 해방돼서 행복해졌음 좋겠어.\n2 : 네 모두가 행복한 세상이었으면 좋겠어요~",
        "lines": [
          {
            "id": 1,
            "text": "1 : 요즘 중국 너무 괘씸한 거 같지 않아?",
            "norm_text": "요즘 중국 너무 괘씸한 거 같지 않아?",
            "speaker": {
              "id": "1번",
              "sex": "여성",
              "age": "30대"
            },
            "speechAct": "(지시) 질문하기",
            "morpheme": "요즘/MAG+중국/NNP+너무/MAG+괘씸/XR+한/XSA+ETM+거/NNB+같/VA+지/EC+않/VX+아/EF"
          },
          {
            "id": 2,
            "text": "2 : 맞아요 옛날엔 일본이 제일 싫었는데 이제는 일본하고 중국하고 어디 사라지게 해준다고 물어본다면 저는 중국이에요.",
            "norm_text": "맞아요 옛날엔 일본이 제일 싫었는데 이제는 일본하고 중국하고 어디 사라지게 해준다고 물어본다면 저는 중국이에요.",
            "speaker": {
              "id": "2번",
              "sex": "여성",
              "age": "20대"
            },
            "speechAct": "(단언) 주장하기",
            "morpheme": "맞/VV+아요/EF+옛날/NNG+엔/JKB+JX+일본/NNP+이/JKS+제일/MAG+싫/VA+었/EP+는데/EC+이제/NNG+는/JX+일본/NNP+하고/JC+중국/NNP+하고/JC+어디/NP+사라지/VV+게/EC+해준다고/VX+EC+VX+EC+물/VV+어/EC+본다면/VX+EC+저/NP+는/JX+중국/NNP+이/VCP+에요/EF"
          },
          {
            "id": 3,
            "text": "1 : 경제적으로 미국이랑 싸우면서 시끄럽지",
            "norm_text": "경제적으로 미국이랑 싸우면서 시끄럽지",
            "speaker": {
              "id": "1번",
              "sex": "여성",
              "age": "30대"
            },
            "speechAct": "(단언) 주장하기",
            "morpheme": "경제/NNG+적/XSN+으로/JKB+미국/NNP+이랑/JKB+싸우/VV+면서/EC+시끄럽/VA+지/EC"
          },
          {
            "id": 4,
            "text": "1 : 차라리 패권 싸움으로 시끄럽기만 하면 보겠는데 요즘 도를 넘는 거 같아",
            "norm_text": "차라리 패권 싸움으로 시끄럽기만 하면 보겠는데 요즘 도를 넘는 거 같아",
            "speaker": {
              "id": "1번",
              "sex": "여성",
              "age": "30대"
            },
            "speechAct": "(단언) 주장하기",
            "morpheme": "차라리/MAG+패권/NNG+싸움/NNG+으로/JKB+시끄럽/VA+기/ETN+만/JX+하/VV+면/EC+보/VX+겠/EP+는데/EC+요즘/NNG+도/JX+를/JKO+넘/VV+는/ETM+거/NNB+같/VA+아/EC"
          },
          {
            "id": 5,
            "text": "2 : 맞아요. 아주 자기들이 뭐라도 된 마냥... 중화사상도 너무 심하고 아주!",
            "norm_text": "맞아요. 아주 자기들이 뭐라도 된 마냥... 중화사상도 너무 심하고 아주!",
            "speaker": {
              "id": "2번",
              "sex": "여성",
              "age": "20대"
            },
            "speechAct": "(단언) 주장하기",
            "morpheme": "맞/VV+아요/EF+아주/MAG+자기/NP+들/XSN+이/JKS+뭐/NP+라도/VCP+EC+된/VV+ETM+마냥/NNG+./SY+./SY+중화사상/NNG+도/JX+너무/MAG+심하/VA+고/EC+아주/MAG"
          },
          {
            "id": 6,
            "text": "1 : 요즘 그래서 뭘 하려고 하든 중국 자본이 들어갔는지부터 보게 되는 거 같아",
            "norm_text": "요즘 그래서 뭘 하려고 하든 중국 자본이 들어갔는지부터 보게 되는 거 같아",
            "speaker": {
              "id": "1번",
              "sex": "여성",
              "age": "30대"
            },
            "speechAct": "(단언) 진술하기",
            "morpheme": "요즘/MAG+그래서/MAJ+뭘/NP+JKO+하/VV+려고/EC+하/VV+든/EC+중국/NNP+자본/NNG+이/JKS+들어갔/VV+EP+는지/EC+부터/JX+보/VV+게/EC+되/VV+는/ETM+거/NNB+같/VA+아/EC"
          },
          {
            "id": 7,
            "text": "2 : 맞아요 요즘은 아주 드라마 쪽까지 엄청 내다보던데요.",
            "norm_text": "맞아요 요즘은 아주 드라마 쪽까지 엄청 내다보던데요.",
            "speaker": {
              "id": "2번",
              "sex": "여성",
              "age": "20대"
            },
            "speechAct": "(단언) 진술하기",
            "morpheme": "맞/VV+아요/EF+요즘/NNG+은/JX+아주/MAG+드라마/NNG+쪽/NNB+까지/JX+엄청/MAG+내다보/VV+던데요/EF"
          },
          {
            "id": 8,
            "text": "2 : 간 떨어지는 동거는 우리나라 웹툰 원작인데 중국 자본이래서 안 보고 있어요",
            "norm_text": "간 떨어지는 동거는 우리나라 웹툰 원작인데 중국 자본이래서 안 보고 있어요",
            "speaker": {
              "id": "2번",
              "sex": "여성",
              "age": "20대"
            },
            "speechAct": "(단언) 진술하기",
            "morpheme": "간/NNG+떨어지/VV+는/ETM+동거/NNG+는/JX+우리/NP+나라/NNG+웹툰/NNP+원작/NNG+인데/VCP+EC+중국/NNP+자본/NNG+이래서/VV+EC+안/MAG+보/VV+고/EC+있/VX+어요/EF"
          },
          {
            "id": 9,
            "text": "1 : 정말 그래서 전에 빈센조도 비빔밥이 중국어로 나오는 장면 보고 이 드라마를 계속 봐야 하나 고민도 했었다니까...",
            "norm_text": "정말 그래서 전에 빈센조도 비빔밥이 중국어로 나오는 장면 보고 이 드라마를 계속 봐야 하나 고민도 했었다니까...",
            "speaker": {
              "id": "1번",
              "sex": "여성",
              "age": "30대"
            },
            "speechAct": "(단언) 진술하기",
            "morpheme": "정말/MAG+그래서/MAJ+전/NNG+에/JKB+빈/VV+ETM+센조/NNP+도/JX+비빔밥/NNG+이/JKS+중국어/NNG+로/JKB+나오/VV+는/ETM+장면/NNG+보/VV+고/EC+이/MM+드라마/NNG+를/JKO+계속/MAG+봐야/VV+EC+하나/NR+고민/NNG+도/JX+했었/VV+EP+다니까/EF+./SY"
          },
          {
            "id": 10,
            "text": "2 : 빈센조도 중국 자본이었군요.",
            "norm_text": "빈센조도 중국 자본이었군요.",
            "speaker": {
              "id": "2번",
              "sex": "여성",
              "age": "20대"
            },
            "speechAct": "(단언) 주장하기",
            "morpheme": "빈센조/NNP+도/JX+중국/NNP+자본/NNG+이/VCP+었/EP+군요/EF"
          },
          {
            "id": 11,
            "text": "2 : 몰랐어요... ㅠ",
            "norm_text": "몰랐어요... ㅠ",
            "speaker": {
              "id": "2번",
              "sex": "여성",
              "age": "20대"
            },
            "speechAct": "(단언) 주장하기",
            "morpheme": "몰랐/VV+EP+어요/EF+./SY+ㅠ/UNKNOWN"
          },
          {
            "id": 12,
            "text": "2 : 요즘  진짜 여기저기 모르는 사이에 중국이 많이 침투한 것 같아요.",
            "norm_text": "요즘  진짜 여기저기 모르는 사이에 중국이 많이 침투한 것 같아요.",
            "speaker": {
              "id": "2번",
              "sex": "여성",
              "age": "20대"
            },
            "speechAct": "(단언) 주장하기",
            "morpheme": "요즘/MAG+진짜/MAG+여기저기/NNG+모르/VV+는/ETM+사이/NNG+에/JKB+중국/NNP+이/JKS+많이/MAG+침투/NNG+한/XSA+ETM+것/NNB+같/VA+아요/EF"
          },
          {
            "id": 13,
            "text": "1 : 우리나라만 그런 것도 아닌 거 같더라구.",
            "norm_text": "우리나라만 그런 것도 아닌 거 같더라구.",
            "speaker": {
              "id": "1번",
              "sex": "여성",
              "age": "30대"
            },
            "speechAct": "(단언) 주장하기",
            "morpheme": "우리/NP+나라/NNG+만/JX+그런/MM+것/NNB+도/JX+아닌/VCN+ETM+거/NNB+같/VA+더라구/EF"
          },
          {
            "id": 14,
            "text": "1 : 최근에 홍콩 얘기 들었어?",
            "norm_text": "최근에 홍콩 얘기 들었어?",
            "speaker": {
              "id": "1번",
              "sex": "여성",
              "age": "30대"
            },
            "speechAct": "(지시) 질문하기",
            "morpheme": "최근/NNG+에/JKB+홍콩/NNP+얘기/NNG+들/VV+었/EP+어/EF"
          },
          {
            "id": 15,
            "text": "2 : 네 얘기는 들었어요.",
            "norm_text": "네 얘기는 들었어요.",
            "speaker": {
              "id": "2번",
              "sex": "여성",
              "age": "20대"
            },
            "speechAct": "(단언) 주장하기",
            "morpheme": "네/IC+얘기/NNG+는/JX+들/VV+었/EP+어요/EF"
          },
          {
            "id": 16,
            "text": "2 : 중국 아주 괘씸해요",
            "norm_text": "중국 아주 괘씸해요",
            "speaker": {
              "id": "2번",
              "sex": "여성",
              "age": "20대"
            },
            "speechAct": "(표현) 부정감정 표현하기",
            "morpheme": "중국/NNP+아주/MAG+괘씸/XR+해요/XSA+EC"
          },
          {
            "id": 17,
            "text": "2 : 진짜 하는 짓이 양아치예요.",
            "norm_text": "진짜 하는 짓이 양아치예요.",
            "speaker": {
              "id": "2번",
              "sex": "여성",
              "age": "20대"
            },
            "speechAct": "(표현) 부정감정 표현하기",
            "morpheme": "진짜/NNG+하/XSV+는/ETM+짓/NNG+이/JKS+양아치/NNG+예요/VCP+EF"
          },
          {
            "id": 18,
            "text": "1 : 홍콩 보안법이 실제로 시행되고 있는 거 보고 너무 충격 받았었잖아.",
            "norm_text": "홍콩 보안법이 실제로 시행되고 있는 거 보고 너무 충격 받았었잖아.",
            "speaker": {
              "id": "1번",
              "sex": "여성",
              "age": "30대"
            },
            "speechAct": "(단언) 진술하기",
            "morpheme": "홍콩/NNP+보안법/NNG+이/JKS+실제로/MAG+시행/NNG+되/XSV+고/EC+있/VX+는/ETM+거/NNB+보고/JKB+너무/MAG+충격/NNG+받/VV+았었/EP+잖아/EF"
          },
          {
            "id": 19,
            "text": "1 : 인권이 없었어.",
            "norm_text": "인권이 없었어.",
            "speaker": {
              "id": "1번",
              "sex": "여성",
              "age": "30대"
            },
            "speechAct": "(단언) 주장하기",
            "morpheme": "인권/NNG+이/JKS+없/VA+었/EP+어/EF"
          },
          {
            "id": 20,
            "text": "2 : 중국은 왜 그렇게 자기밖에 모를까요.",
            "norm_text": "중국은 왜 그렇게 자기밖에 모를까요.",
            "speaker": {
              "id": "2번",
              "sex": "여성",
              "age": "20대"
            },
            "speechAct": "(단언) 주장하기",
            "morpheme": "중국/NNP+은/JX+왜/MAG+그렇게/MAG+자기/NP+밖에/JX+모를까요/VV+EF"
          },
          {
            "id": 21,
            "text": "2 : 교육도 거의 세뇌 수준이라 눈막귀막 중국인들하고 얘기하면 속 터질 것 같아요",
            "norm_text": "교육도 거의 세뇌 수준이라 눈막귀막 중국인들하고 얘기하면 속 터질 것 같아요",
            "speaker": {
              "id": "2번",
              "sex": "여성",
              "age": "20대"
            },
            "speechAct": "(단언) 주장하기",
            "morpheme": "교육/NNG+도/JX+거의/MAG+세뇌/NNG+수준/NNG+이/VCP+라/EC+눈/NNG+막/NNG+귀/NNG+막/NNG+중국인/NNG+들/XSN+하고/JKB+얘기/NNG+하/XSV+면/EC+속/NNG+터질/VV+ETM+것/NNB+같/VA+아요/EC"
          },
          {
            "id": 22,
            "text": "1 : 옛날에 일본이 하는 짓 보고 그렇게 욕을 하면서 본인들도 그대로 따라하고 있는 꼴이란...",
            "norm_text": "옛날에 일본이 하는 짓 보고 그렇게 욕을 하면서 본인들도 그대로 따라하고 있는 꼴이란...",
            "speaker": {
              "id": "1번",
              "sex": "여성",
              "age": "30대"
            },
            "speechAct": "(단언) 주장하기",
            "morpheme": "옛날/NNG+에/JKB+일본/NNP+이/JKS+하/VV+는/ETM+짓/NNB+보/VV+고/EC+그렇게/MAG+욕/NNG+을/JKO+하/VV+면서/EC+본인/NNG+들/XSN+도/JX+그대로/MAG+따라/VV+EC+하/VV+고/EC+있/VX+는/ETM+꼴/NNG+이란/JX+./SY+./SY"
          },
          {
            "id": 23,
            "text": "1 : 생각하는 게 너무 소국이야. 땅만 대국이고...",
            "norm_text": "생각하는 게 너무 소국이야. 땅만 대국이고...",
            "speaker": {
              "id": "1번",
              "sex": "여성",
              "age": "30대"
            },
            "speechAct": "(단언) 주장하기",
            "morpheme": "생각/NNG+하/XSV+는/ETM+게/NNB+JKS+너무/MAG+소국/NNG+이/VCP+야/EF+땅/NNG+만/JX+대국/NNG+이/VCP+고/EC+./SY+./SY"
          },
          {
            "id": 24,
            "text": "2 : 맞아요 그리고 자꾸 하나의 중국 타령하는데 꼭 갈래갈래 찢어졌으면 좋겠어요. 정말",
            "norm_text": "맞아요 그리고 자꾸 하나의 중국 타령하는데 꼭 갈래갈래 찢어졌으면 좋겠어요. 정말",
            "speaker": {
              "id": "2번",
              "sex": "여성",
              "age": "20대"
            },
            "speechAct": "(단언) 주장하기",
            "morpheme": "맞/VV+아요/EF+그리고/MAJ+자꾸/MAG+하나/NR+의/JKG+중국/NNP+타령/NNG+하/XSV+는데/EC+꼭/MAG+갈래갈래/MAG+찢어졌으면/VV+EP+EC+좋/VA+겠/EP+어요/EF+정말/MAG"
          },
          {
            "id": 25,
            "text": "1 : 홍콩도 대만도 위구르도 다 해방돼서 행복해졌음 좋겠어.",
            "norm_text": "홍콩도 대만도 위구르도 다 해방돼서 행복해졌음 좋겠어.",
            "speaker": {
              "id": "1번",
              "sex": "여성",
              "age": "30대"
            },
            "speechAct": "(단언) 주장하기",
            "morpheme": "홍콩/NNP+도/JX+대만/NNP+도/JX+위구르/NNP+도/JX+다/MAG+해방/NNG+돼서/XSV+EC+행복/NNG+해졌/XSA+EC+VX+EP+음/ETN+좋/VA+겠/EP+어/EF"
          },
          {
            "id": 26,
            "text": "2 : 네 모두가 행복한 세상이었으면 좋겠어요~",
            "norm_text": "네 모두가 행복한 세상이었으면 좋겠어요~",
            "speaker": {
              "id": "2번",
              "sex": "여성",
              "age": "20대"
            },
            "speechAct": "(단언) 주장하기",
            "morpheme": "네/IC+모두/NNG+가/JKS+행복/NNG+한/XSA+ETM+세상/NNG+이/VCP+었/EP+으면/EC+좋/VA+겠/EP+어요/EF+~/SY"
          }
        ]
      }
    }
  ]
}