{
  "dataset": {
    "identifier": 113360,
    "name": "NATEON_32_17_set",
    "src_path": "/data/file/cubeManager/PROJECT001/80/txt202111021733120835101/NATEON_32_17_set/",
    "label_path": "/data/file/cubeManager/PROJECT001/80/txt202111021733120835101/NATEON_32_17_set/",
    "category": 2,
    "type": 0
  },
  "licenses": {
    "name": "Apache License 1.0",
    "url": "http://www.apache.org/licenses/LICENSE-1.0"
  },
  "info": [
    {
      "id": 131849,
      "filename": "NATEON_32_17.txt",
      "title": "NATEON_32_17",
      "mediatype": "메신저",
      "medianame": "네이트온",
      "category": "일상대화",
      "date": "2021-11-02",
      "size": 398,
      "annotations": {
        "subject": "건강",
        "speaker_type": "다자간 대화",
        "size": 398,
        "word_size": 139,
        "text": "1 : 나 발 밟혀서 발톱 빠졌어\n2 : 헐 엄청 아프겠다 ㅠㅠ\n2 : 누가 밟았어!\n3 : 으아, 그거 진짜 아픈데\n1 : 엄마가ㅠㅠ\n1 : 지금 병원 왔어\n2 : 아 어머니... ㅠㅠ\n2 : 치료 잘 받고 와 ㅠㅠ\n3 : 아이고 어쩌다가 발을 밟혔어\n1 : 피가 너무 많이나서 바로 왔어ㅠ\n2 : 아 아프겠다 ㅠㅠ\n2 : 택시 불러서 간거야?\n3 : 아 아예 발톱이 들린거야?\n1 : 응 발톱이 아예 들려서 아빠차타고\n2 : 그거 발톱 자랄 때까지 엄청 고생 하던데 ㅠㅠ\n3 : 으... 진짜 아프겠는데 들렸으면\n1 : 내 인생 최악의 경험이었어\n2 : 으 생각만 해도 내가 다 아프다 ㅠㅠ\n3 : 키키 이제 엄마 옆으로 가지마\n1 : 안그래도 이제 좀 피해다녀야지\n2 : 일단 회복 잘 하고 있어 ㅠㅠ\n3 : 키키 아 엄마를 피해서 다닌대 키키",
        "lines": [
          {
            "id": 1,
            "text": "1 : 나 발 밟혀서 발톱 빠졌어",
            "norm_text": "나 발 밟혀서 발톱 빠졌어",
            "speaker": {
              "id": "1번",
              "sex": "여성",
              "age": "20대"
            },
            "speechAct": "(단언) 진술하기",
            "morpheme": "나발/NNG+밟혀서/VV+EC+발톱/NNG+빠졌/VV+EP+어/EC"
          },
          {
            "id": 2,
            "text": "2 : 헐 엄청 아프겠다 ㅠㅠ",
            "norm_text": "헐 엄청 아프겠다 ㅠㅠ",
            "speaker": {
              "id": "2번",
              "sex": "여성",
              "age": "20대"
            },
            "speechAct": "(단언) 주장하기",
            "morpheme": "헐/IC+엄청/MAG+아프/VA+겠/EP+다/EF+ㅠㅠ/UNKNOWN"
          },
          {
            "id": 3,
            "text": "2 : 누가 밟았어!",
            "norm_text": "누가 밟았어!",
            "speaker": {
              "id": "2번",
              "sex": "여성",
              "age": "20대"
            },
            "speechAct": "(단언) 주장하기",
            "morpheme": "누가/NP+JKS+밟/VV+았/EP+어/EF"
          },
          {
            "id": 4,
            "text": "3 : 으아, 그거 진짜 아픈데",
            "norm_text": "으아, 그거 진짜 아픈데",
            "speaker": {
              "id": "3번",
              "sex": "남성",
              "age": "20대"
            },
            "speechAct": "(단언) 주장하기",
            "morpheme": "으아/IC+,/SC+그거/NP+진짜/MAG+아픈데/VA+EC"
          },
          {
            "id": 5,
            "text": "1 : 엄마가ㅠㅠ",
            "norm_text": "엄마가ㅠㅠ",
            "speaker": {
              "id": "1번",
              "sex": "여성",
              "age": "20대"
            },
            "speechAct": "(단언) 주장하기",
            "morpheme": "엄마가ㅠㅠ/UNKNOWN"
          },
          {
            "id": 6,
            "text": "1 : 지금 병원 왔어",
            "norm_text": "지금 병원 왔어",
            "speaker": {
              "id": "1번",
              "sex": "여성",
              "age": "20대"
            },
            "speechAct": "(단언) 진술하기",
            "morpheme": "지금/MAG+병원/NNG+왔/VV+EP+어/EC"
          },
          {
            "id": 7,
            "text": "2 : 아 어머니... ㅠㅠ",
            "norm_text": "아 어머니... ㅠㅠ",
            "speaker": {
              "id": "2번",
              "sex": "여성",
              "age": "20대"
            },
            "speechAct": "(단언) 주장하기",
            "morpheme": "아/IC+어머니/NNG+./SY+./SY+ㅠㅠ/UNKNOWN"
          },
          {
            "id": 8,
            "text": "2 : 치료 잘 받고 와 ㅠㅠ",
            "norm_text": "치료 잘 받고 와 ㅠㅠ",
            "speaker": {
              "id": "2번",
              "sex": "여성",
              "age": "20대"
            },
            "speechAct": "(지시) 충고/제안하기",
            "morpheme": "치료잘받고와ㅠㅠ/UNKNOWN"
          },
          {
            "id": 9,
            "text": "3 : 아이고 어쩌다가 발을 밟혔어",
            "norm_text": "아이고 어쩌다가 발을 밟혔어",
            "speaker": {
              "id": "3번",
              "sex": "남성",
              "age": "20대"
            },
            "speechAct": "(단언) 주장하기",
            "morpheme": "아이고/IC+어쩌다가/MAG+발/NNG+을/JKO+밟혔/VV+EP+어/EC"
          },
          {
            "id": 10,
            "text": "1 : 피가 너무 많이나서 바로 왔어ㅠ",
            "norm_text": "피가 너무 많이나서 바로 왔어ㅠ",
            "speaker": {
              "id": "1번",
              "sex": "여성",
              "age": "20대"
            },
            "speechAct": "(단언) 주장하기",
            "morpheme": "피/NNG+가/JKS+너무/MAG+많이/MAG+나/NP+서/JKB+바로/MAG+왔/VV+EP+어ㅠ/UNKNOWN"
          },
          {
            "id": 11,
            "text": "2 : 아 아프겠다 ㅠㅠ",
            "norm_text": "아 아프겠다 ㅠㅠ",
            "speaker": {
              "id": "2번",
              "sex": "여성",
              "age": "20대"
            },
            "speechAct": "(단언) 주장하기",
            "morpheme": "아아프겠다ㅠㅠ/UNKNOWN"
          },
          {
            "id": 12,
            "text": "2 : 택시 불러서 간거야?",
            "norm_text": "택시 불러서 간거야?",
            "speaker": {
              "id": "2번",
              "sex": "여성",
              "age": "20대"
            },
            "speechAct": "(지시) 질문하기",
            "morpheme": "택시/NNG+불러서/VV+EC+간/VV+ETM+거/NNB+야/VCP+EF"
          },
          {
            "id": 13,
            "text": "3 : 아 아예 발톱이 들린거야?",
            "norm_text": "아 아예 발톱이 들린거야?",
            "speaker": {
              "id": "3번",
              "sex": "남성",
              "age": "20대"
            },
            "speechAct": "(지시) 질문하기",
            "morpheme": "아/IC+아예/MAG+발톱/NNG+이/JKS+들린/VV+ETM+거/NNB+야/VCP+EF"
          },
          {
            "id": 14,
            "text": "1 : 응 발톱이 아예 들려서 아빠차타고",
            "norm_text": "응 발톱이 아예 들려서 아빠차타고",
            "speaker": {
              "id": "1번",
              "sex": "여성",
              "age": "20대"
            },
            "speechAct": "(단언) 진술하기",
            "morpheme": "응/IC+발톱/NNG+이/JKS+아예/MAG+들려서/VV+EC+아빠/NNG+차/NNG+타/VV+고/EC"
          },
          {
            "id": 15,
            "text": "2 : 그거 발톱 자랄 때까지 엄청 고생 하던데 ㅠㅠ",
            "norm_text": "그거 발톱 자랄 때까지 엄청 고생 하던데 ㅠㅠ",
            "speaker": {
              "id": "2번",
              "sex": "여성",
              "age": "20대"
            },
            "speechAct": "(단언) 주장하기",
            "morpheme": "그거/NP+발톱/NNG+자랄/VV+ETM+때/NNG+까지/JX+엄청/MAG+고생/NNG+하/XSV+던데/EC+ㅠㅠ/UNKNOWN"
          },
          {
            "id": 16,
            "text": "3 : 으... 진짜 아프겠는데 들렸으면",
            "norm_text": "으... 진짜 아프겠는데 들렸으면",
            "speaker": {
              "id": "3번",
              "sex": "남성",
              "age": "20대"
            },
            "speechAct": "(단언) 주장하기",
            "morpheme": "으/IC+./SY+진짜/MAG+아프/VA+겠/EP+는데/EC+들렸으면/VV+EP+EC"
          },
          {
            "id": 17,
            "text": "1 : 내 인생 최악의 경험이었어",
            "norm_text": "내 인생 최악의 경험이었어",
            "speaker": {
              "id": "1번",
              "sex": "여성",
              "age": "20대"
            },
            "speechAct": "(단언) 주장하기",
            "morpheme": "내/NP+JKG+인생/NNG+최악/NNG+의/JKG+경험/NNG+이/VCP+었/EP+어/EC"
          },
          {
            "id": 18,
            "text": "2 : 으 생각만 해도 내가 다 아프다 ㅠㅠ",
            "norm_text": "으 생각만 해도 내가 다 아프다 ㅠㅠ",
            "speaker": {
              "id": "2번",
              "sex": "여성",
              "age": "20대"
            },
            "speechAct": "(단언) 주장하기",
            "morpheme": "으/IC+생각/NNG+만/JX+해도/VV+EC+내/NP+가/JKS+다/MAG+아프/VA+다/EF+ㅠㅠ/UNKNOWN"
          },
          {
            "id": 19,
            "text": "3 : 키키 이제 엄마 옆으로 가지마",
            "norm_text": "키키 이제 엄마 옆으로 가지마",
            "speaker": {
              "id": "3번",
              "sex": "남성",
              "age": "20대"
            },
            "speechAct": "(단언) 주장하기",
            "morpheme": "키/NNG+키/NNG+이제/MAG+엄마/NNG+옆/NNG+으로/JKB+가지/VV+마/EC"
          },
          {
            "id": 20,
            "text": "1 : 안그래도 이제 좀 피해다녀야지",
            "norm_text": "안그래도 이제 좀 피해다녀야지",
            "speaker": {
              "id": "1번",
              "sex": "여성",
              "age": "20대"
            },
            "speechAct": "(단언) 주장하기",
            "morpheme": "안/MAG+그래도/VV+EC+이제/MAG+좀/MAG+피해/VV+EC+다녀야지/VV+EC"
          },
          {
            "id": 21,
            "text": "2 : 일단 회복 잘 하고 있어 ㅠㅠ",
            "norm_text": "일단 회복 잘 하고 있어 ㅠㅠ",
            "speaker": {
              "id": "2번",
              "sex": "여성",
              "age": "20대"
            },
            "speechAct": "(단언) 주장하기",
            "morpheme": "일단/MAG+회복/NNG+잘/MAG+하/VV+고/EC+있/VX+어/EC+ㅠㅠ/UNKNOWN"
          },
          {
            "id": 22,
            "text": "3 : 키키 아 엄마를 피해서 다닌대 키키",
            "norm_text": "키키 아 엄마를 피해서 다닌대 키키",
            "speaker": {
              "id": "3번",
              "sex": "남성",
              "age": "20대"
            },
            "speechAct": "(단언) 주장하기",
            "morpheme": "키/NNG+키/VV+아/EC+엄마/NNG+를/JKO+피해서/VV+EC+다닌대/VV+EF+키/NNG+키/XSV+ETN"
          }
        ]
      }
    }
  ]
}