{
  "dataset": {
    "identifier": 112555,
    "name": "NATEON_34_16_set",
    "src_path": "/data/file/cubeManager/PROJECT001/80/txt20211103154238018449/NATEON_34_16_set/",
    "label_path": "/data/file/cubeManager/PROJECT001/80/txt20211103154238018449/NATEON_34_16_set/",
    "category": 2,
    "type": 0
  },
  "licenses": {
    "name": "Apache License 1.0",
    "url": "http://www.apache.org/licenses/LICENSE-1.0"
  },
  "info": [
    {
      "id": 135471,
      "filename": "NATEON_34_16.txt",
      "title": "NATEON_34_16",
      "mediatype": "메신저",
      "medianame": "네이트온",
      "category": "일상대화",
      "date": "2021-11-03",
      "size": 392,
      "annotations": {
        "subject": "미용",
        "speaker_type": "다자간 대화",
        "size": 392,
        "word_size": 135,
        "text": "1 : 나 이번에 네일 했어 하하\n2 : 오 가을에 어울리게 이쁜 거 했어?\n3 : 오 그거 좀 불편하지 않아?\n1 : 응 튀는 거 싫어서 단색으로\n2 : 웅 난 단색으로 깔끔한게 더 좋더라 하하\n3 : 단색이 더 튀는거 아니야?\n1 : 그래서 일부러 어두운색 했어\n2 : 오 굳굳 지금 날씨랑 딱 어울려!\n3 : 오 어두운색이면 좀 낫지\n1 : 응 겨울이기도 하고 분위기 내고 싶어서\n2 : 잘했어 하하\n2 : 좀 더 지나면 블링블링도 도전하자 키키\n3 : 너 패디큐어도 같이 했어?\n1 : 아니~ 겨울은 샌들은 안신으니까\n2 : 맞아 양말 두꺼운거 신어야 돼서 하면 안돼 키키\n3 : 맞아 굳이 할 필요 없지\n1 : 맞아 그건 주로 여름에 하더라\n2 : 와 나 방금 발톱 봤는데 깍아야겠당 하하\n3 : 여름엔 패디큐어 한번 해봐~",
        "lines": [
          {
            "id": 1,
            "text": "1 : 나 이번에 네일 했어 하하",
            "norm_text": "나 이번에 네일 했어 하하",
            "speaker": {
              "id": "1번",
              "sex": "여성",
              "age": "20대"
            },
            "speechAct": "(단언) 주장하기",
            "morpheme": "나/NP+이번/NNG+에/JKB+네일/NNG+했/XSV+EP+어/EC+하하/MAG"
          },
          {
            "id": 2,
            "text": "2 : 오 가을에 어울리게 이쁜 거 했어?",
            "norm_text": "오 가을에 어울리게 이쁜 거 했어?",
            "speaker": {
              "id": "2번",
              "sex": "여성",
              "age": "20대"
            },
            "speechAct": "(지시) 질문하기",
            "morpheme": "오/NR+가을/NNG+에/JKB+어울리/VV+게/EC+이쁜/VA+ETM+거/NNB+했/VV+EP+어/EF"
          },
          {
            "id": 3,
            "text": "3 : 오 그거 좀 불편하지 않아?",
            "norm_text": "오 그거 좀 불편하지 않아?",
            "speaker": {
              "id": "3번",
              "sex": "남성",
              "age": "20대"
            },
            "speechAct": "(지시) 질문하기",
            "morpheme": "오/IC+그거/NP+좀/MAG+불편/NNG+하/XSV+지/EC+않/VX+아/EF"
          },
          {
            "id": 4,
            "text": "1 : 응 튀는 거 싫어서 단색으로",
            "norm_text": "응 튀는 거 싫어서 단색으로",
            "speaker": {
              "id": "1번",
              "sex": "여성",
              "age": "20대"
            },
            "speechAct": "(단언) 주장하기",
            "morpheme": "응/IC+튀/VV+는/ETM+거/NNB+싫/VA+어서/EC+단색/NNG+으로/JKB"
          },
          {
            "id": 5,
            "text": "2 : 웅 난 단색으로 깔끔한게 더 좋더라 하하",
            "norm_text": "웅 난 단색으로 깔끔한게 더 좋더라 하하",
            "speaker": {
              "id": "2번",
              "sex": "여성",
              "age": "20대"
            },
            "speechAct": "(단언) 주장하기",
            "morpheme": "웅/IC+난/NP+JX+단색/NNG+으로/JKB+깔끔/XR+한/XSA+ETM+게/NNB+JKS+더/MAG+좋/VA+더라/EC+하하/MAG"
          },
          {
            "id": 6,
            "text": "3 : 단색이 더 튀는거 아니야?",
            "norm_text": "단색이 더 튀는거 아니야?",
            "speaker": {
              "id": "3번",
              "sex": "남성",
              "age": "20대"
            },
            "speechAct": "(지시) 질문하기",
            "morpheme": "단색/NNG+이/JKS+더/MAG+튀/VV+는/ETM+거/NNB+아니/VCN+야/EF"
          },
          {
            "id": 7,
            "text": "1 : 그래서 일부러 어두운색 했어",
            "norm_text": "그래서 일부러 어두운색 했어",
            "speaker": {
              "id": "1번",
              "sex": "여성",
              "age": "20대"
            },
            "speechAct": "(단언) 주장하기",
            "morpheme": "그래서/MAJ+일부러/MAG+어두운색/NNG+했/XSV+EP+어/EC"
          },
          {
            "id": 8,
            "text": "2 : 오 굳굳 지금 날씨랑 딱 어울려!",
            "norm_text": "오 굳굳 지금 날씨랑 딱 어울려!",
            "speaker": {
              "id": "2번",
              "sex": "여성",
              "age": "20대"
            },
            "speechAct": "(단언) 주장하기",
            "morpheme": "오/NR+굳/NNG+굳/NNG+지금/MAG+날씨/NNG+랑/JKB+딱/MAG+어울려/VV+EF"
          },
          {
            "id": 9,
            "text": "3 : 오 어두운색이면 좀 낫지",
            "norm_text": "오 어두운색이면 좀 낫지",
            "speaker": {
              "id": "3번",
              "sex": "남성",
              "age": "20대"
            },
            "speechAct": "(단언) 주장하기",
            "morpheme": "오/NR+어두운색/NNG+이/VCP+면/EC+좀/MAG+낫/VA+지/EC"
          },
          {
            "id": 10,
            "text": "1 : 응 겨울이기도 하고 분위기 내고 싶어서",
            "norm_text": "응 겨울이기도 하고 분위기 내고 싶어서",
            "speaker": {
              "id": "1번",
              "sex": "여성",
              "age": "20대"
            },
            "speechAct": "(단언) 주장하기",
            "morpheme": "응/IC+겨울/NNG+이/VCP+기/ETN+도/JX+하/VV+고/EC+분위기/NNG+내/VV+고/EC+싶/VX+어서/EC"
          },
          {
            "id": 11,
            "text": "2 : 잘했어 하하",
            "norm_text": "잘했어 하하",
            "speaker": {
              "id": "2번",
              "sex": "여성",
              "age": "20대"
            },
            "speechAct": "(단언) 주장하기",
            "morpheme": "잘/MAG+했/VV+EP+어/EC+하하/MAG"
          },
          {
            "id": 12,
            "text": "2 : 좀 더 지나면 블링블링도 도전하자 키키",
            "norm_text": "좀 더 지나면 블링블링도 도전하자 키키",
            "speaker": {
              "id": "2번",
              "sex": "여성",
              "age": "20대"
            },
            "speechAct": "(지시) 충고/제안하기",
            "morpheme": "좀/MAG+더/MAG+지나/VV+면/EC+블링/NNG+블링/NNG+도/JX+도전/NNG+하/XSV+자/EC+키/NNG+키/XSV+ETN"
          },
          {
            "id": 13,
            "text": "3 : 너 패디큐어도 같이 했어?",
            "norm_text": "너 패디큐어도 같이 했어?",
            "speaker": {
              "id": "3번",
              "sex": "남성",
              "age": "20대"
            },
            "speechAct": "(지시) 질문하기",
            "morpheme": "너/NP+패디/NNP+큐어/NNP+도/JX+같이/MAG+했/VV+EP+어/EF"
          },
          {
            "id": 14,
            "text": "1 : 아니~ 겨울은 샌들은 안신으니까",
            "norm_text": "아니~ 겨울은 샌들은 안신으니까",
            "speaker": {
              "id": "1번",
              "sex": "여성",
              "age": "20대"
            },
            "speechAct": "(단언) 주장하기",
            "morpheme": "아니/IC+~/SY+겨울/NNG+은/JX+샌/NNG+들/XSN+은/JX+안/MAG+신/VV+으니까/EC"
          },
          {
            "id": 15,
            "text": "2 : 맞아 양말 두꺼운거 신어야 돼서 하면 안돼 키키",
            "norm_text": "맞아 양말 두꺼운거 신어야 돼서 하면 안돼 키키",
            "speaker": {
              "id": "2번",
              "sex": "여성",
              "age": "20대"
            },
            "speechAct": "(단언) 주장하기",
            "morpheme": "맞/VV+아/EC+양말/NNG+두꺼운/VA+ETM+거/NNB+신/VV+어야/EC+돼서/VV+EC+하/VV+면/EC+안/MAG+돼/VV+EC+키/NNG+키/XSV+ETN"
          },
          {
            "id": 16,
            "text": "3 : 맞아 굳이 할 필요 없지",
            "norm_text": "맞아 굳이 할 필요 없지",
            "speaker": {
              "id": "3번",
              "sex": "남성",
              "age": "20대"
            },
            "speechAct": "(단언) 주장하기",
            "morpheme": "맞/VV+아/EC+굳이/MAG+할/VV+ETM+필요/NNG+없/VA+지/EC"
          },
          {
            "id": 17,
            "text": "1 : 맞아 그건 주로 여름에 하더라",
            "norm_text": "맞아 그건 주로 여름에 하더라",
            "speaker": {
              "id": "1번",
              "sex": "여성",
              "age": "20대"
            },
            "speechAct": "(단언) 진술하기",
            "morpheme": "맞/VV+아/EC+그건/NP+JX+주로/MAG+여름/NNG+에/JKB+하/VV+더라/EC"
          },
          {
            "id": 18,
            "text": "2 : 와 나 방금 발톱 봤는데 깍아야겠당 하하",
            "norm_text": "와 나 방금 발톱 봤는데 깍아야겠당 하하",
            "speaker": {
              "id": "2번",
              "sex": "여성",
              "age": "20대"
            },
            "speechAct": "(단언) 주장하기",
            "morpheme": "와나/NNP+방금/MAG+발톱/NNG+봤/VV+EP+는데/EC+깍/VV+아야/EC+겠/EP+당하/NNG+하/XSV"
          },
          {
            "id": 19,
            "text": "3 : 여름엔 패디큐어 한번 해봐~",
            "norm_text": "여름엔 패디큐어 한번 해봐~",
            "speaker": {
              "id": "3번",
              "sex": "남성",
              "age": "20대"
            },
            "speechAct": "(지시) 충고/제안하기",
            "morpheme": "여름엔패디큐어한번해봐/UNKNOWN+~/SY"
          }
        ]
      }
    }
  ]
}