{
  "dataset": {
    "identifier": 127948,
    "name": "NATEON_40_03_set",
    "src_path": "/data/file/cubeManager/PROJECT001/84/txt20211108181225083385/NATEON_40_03_set/",
    "label_path": "/data/file/cubeManager/PROJECT001/84/txt20211108181225083385/NATEON_40_03_set/",
    "category": 2,
    "type": 0
  },
  "licenses": {
    "name": "Apache License 1.0",
    "url": "http://www.apache.org/licenses/LICENSE-1.0"
  },
  "info": [
    {
      "id": 141907,
      "filename": "NATEON_40_03.txt",
      "title": "NATEON_40_03",
      "mediatype": "메신저",
      "medianame": "네이트온",
      "category": "일상대화",
      "date": "2021-11-08",
      "size": 386,
      "annotations": {
        "subject": "교통",
        "speaker_type": "다자간 대화",
        "size": 386,
        "word_size": 135,
        "text": "1 : 너희는 출퇴근 뭘로 해\n2 : 나는 자가용 타고 출퇴 해 키키\n3 : 나 택시 타고 가 아님 뚜벅이 키키\n1 : 나는 출퇴근 때문에 자동차 샀는데 별로\n2 : 왜 거기는 많이 막혀서 별로지?\n3 : 뚜벅이가 최고야\n3 : 애들아 걸어 다녀 키키\n1 : 밀리는 건 다 똑같더라\n2 : 맞아 차 많으면 교통 최고\n3 : 자동차 샀어 진짜 부럽다 키키\n1 : 뚜벅이는 도저히 못 하겠고 키키\n2 : 겨울엔 너무 추워서 못 걸어 키키\n3 : 뚜벅이 나랑 같이 하자고 제발여\n1 : 뚜벅이는 내가 제일 싫어하는거\n2 : 맞아 뚜벅이 걷는 거 힘들어 키키\n3 : 추워 나도 진짜 패딩 입고 걸어가잖아\n1 : 겨울은 춥고 여름은 덥고 최악 ㅠㅠ\n2 : 장갑이랑 목도리 하나 사라고 키키\n3 : 다같이 운동 겸 걸어가자 차가 없어",
        "lines": [
          {
            "id": 1,
            "text": "1 : 너희는 출퇴근 뭘로 해",
            "norm_text": "너희는 출퇴근 뭘로 해",
            "speaker": {
              "id": "1번",
              "sex": "여성",
              "age": "20대"
            },
            "speechAct": "(지시) 질문하기",
            "morpheme": "너희/NP+는/JX+출퇴근/NNG+뭘로/NP+JKB+해/VV+EC"
          },
          {
            "id": 2,
            "text": "2 : 나는 자가용 타고 출퇴 해 키키",
            "norm_text": "나는 자가용 타고 출퇴 해 키키",
            "speaker": {
              "id": "2번",
              "sex": "남성",
              "age": "20대"
            },
            "speechAct": "(단언) 진술하기",
            "morpheme": "나/NP+는/JX+자가용/NNG+타/VV+고/EC+출/VV+ETM+퇴/NNG+해/XSV+EC+키/NNG+키/XSV+ETN"
          },
          {
            "id": 3,
            "text": "3 : 나 택시 타고 가 아님 뚜벅이 키키",
            "norm_text": "나 택시 타고 가 아님 뚜벅이 키키",
            "speaker": {
              "id": "3번",
              "sex": "남성",
              "age": "20대"
            },
            "speechAct": "(단언) 진술하기",
            "morpheme": "나/NP+택시/NNG+타고/NNG+가/JKC+아님/VCN+EC+뚜벅/MAG+이키/IC+키/NNG"
          },
          {
            "id": 4,
            "text": "1 : 나는 출퇴근 때문에 자동차 샀는데 별로",
            "norm_text": "나는 출퇴근 때문에 자동차 샀는데 별로",
            "speaker": {
              "id": "1번",
              "sex": "여성",
              "age": "20대"
            },
            "speechAct": "(단언) 진술하기",
            "morpheme": "나/NP+는/JX+출퇴근/NNG+때문/NNB+에/JKB+자동차/NNG+샀/VV+EP+는데/EC+별로/MAG"
          },
          {
            "id": 5,
            "text": "2 : 왜 거기는 많이 막혀서 별로지?",
            "norm_text": "왜 거기는 많이 막혀서 별로지?",
            "speaker": {
              "id": "2번",
              "sex": "남성",
              "age": "20대"
            },
            "speechAct": "(지시) 질문하기",
            "morpheme": "왜/MAG+거기/NP+는/JX+많이/MAG+막혀서/VV+EC+별로/MAG+지/VCP+EF"
          },
          {
            "id": 6,
            "text": "3 : 뚜벅이가 최고야",
            "norm_text": "뚜벅이가 최고야",
            "speaker": {
              "id": "3번",
              "sex": "남성",
              "age": "20대"
            },
            "speechAct": "(단언) 주장하기",
            "morpheme": "뚜벅/MAG+이/NP+가/JKS+최고/NNG+야/VCP+EF"
          },
          {
            "id": 7,
            "text": "3 : 애들아 걸어 다녀 키키",
            "norm_text": "애들아 걸어 다녀 키키",
            "speaker": {
              "id": "3번",
              "sex": "남성",
              "age": "20대"
            },
            "speechAct": "(지시) 충고/제안하기",
            "morpheme": "애/NNG+들/XSN+아/JKV+걸/VV+어/EC+다녀/VV+EC+키/NNG+키/XSV+ETN"
          },
          {
            "id": 8,
            "text": "1 : 밀리는 건 다 똑같더라",
            "norm_text": "밀리는 건 다 똑같더라",
            "speaker": {
              "id": "1번",
              "sex": "여성",
              "age": "20대"
            },
            "speechAct": "(단언) 주장하기",
            "morpheme": "밀리/VV+는/ETM+건/NNB+JX+다/MAG+똑같/VA+더라/EC"
          },
          {
            "id": 9,
            "text": "2 : 맞아 차 많으면 교통 최고",
            "norm_text": "맞아 차 많으면 교통 최고",
            "speaker": {
              "id": "2번",
              "sex": "남성",
              "age": "20대"
            },
            "speechAct": "(단언) 주장하기",
            "morpheme": "맞/VV+아/EC+차/NNG+많/VA+으면/EC+교통/NNG+최고/NNG"
          },
          {
            "id": 10,
            "text": "3 : 자동차 샀어 진짜 부럽다 키키",
            "norm_text": "자동차 샀어 진짜 부럽다 키키",
            "speaker": {
              "id": "3번",
              "sex": "남성",
              "age": "20대"
            },
            "speechAct": "(단언) 주장하기",
            "morpheme": "자동차/NNG+샀/VV+EP+어/EF+진짜/MAG+부럽/VA+다키키/NNP"
          },
          {
            "id": 11,
            "text": "1 : 뚜벅이는 도저히 못 하겠고 키키",
            "norm_text": "뚜벅이는 도저히 못 하겠고 키키",
            "speaker": {
              "id": "1번",
              "sex": "여성",
              "age": "20대"
            },
            "speechAct": "(단언) 주장하기",
            "morpheme": "뚜벅/MAG+이/NP+는/JX+도저히/MAG+못/MAG+하/VV+겠/EP+고/EC+키/NNG+키/XSV+ETN"
          },
          {
            "id": 12,
            "text": "2 : 겨울엔 너무 추워서 못 걸어 키키",
            "norm_text": "겨울엔 너무 추워서 못 걸어 키키",
            "speaker": {
              "id": "2번",
              "sex": "남성",
              "age": "20대"
            },
            "speechAct": "(단언) 주장하기",
            "morpheme": "겨울/NNG+엔/JKB+JX+너무/MAG+추워서/VA+EC+못/MAG+걸/VV+어/EC+키/NNG+키/XSV+ETN"
          },
          {
            "id": 13,
            "text": "3 : 뚜벅이 나랑 같이 하자고 제발여",
            "norm_text": "뚜벅이 나랑 같이 하자고 제발여",
            "speaker": {
              "id": "3번",
              "sex": "남성",
              "age": "20대"
            },
            "speechAct": "(지시) 명령/요구하기",
            "morpheme": "뚜벅/MAG+이/IC+나/NP+랑/JKB+같이/MAG+하/VV+자고/EC+제발/MAG+여/NNG"
          },
          {
            "id": 14,
            "text": "1 : 뚜벅이는 내가 제일 싫어하는거",
            "norm_text": "뚜벅이는 내가 제일 싫어하는거",
            "speaker": {
              "id": "1번",
              "sex": "여성",
              "age": "20대"
            },
            "speechAct": "(단언) 주장하기",
            "morpheme": "뚜벅/MAG+이/NP+는/JX+내/NP+가/JKS+제일/MAG+싫/VA+어/EC+하/VV+는/ETM+거/NNB"
          },
          {
            "id": 15,
            "text": "2 : 맞아 뚜벅이 걷는 거 힘들어 키키",
            "norm_text": "맞아 뚜벅이 걷는 거 힘들어 키키",
            "speaker": {
              "id": "2번",
              "sex": "남성",
              "age": "20대"
            },
            "speechAct": "(단언) 주장하기",
            "morpheme": "맞/VV+아/EC+뚜벅/MAG+이/JKC+걷/VV+는/ETM+거/NNB+힘들/VA+어/EC+키/NNG+키/XSV+ETN"
          },
          {
            "id": 16,
            "text": "3 : 추워 나도 진짜 패딩 입고 걸어가잖아",
            "norm_text": "추워 나도 진짜 패딩 입고 걸어가잖아",
            "speaker": {
              "id": "3번",
              "sex": "남성",
              "age": "20대"
            },
            "speechAct": "(단언) 진술하기",
            "morpheme": "추워/VA+EC+나/NP+도/JX+진짜/MAG+패딩/NNG+입/VV+고/EC+걸어가/VV+잖아/EC"
          },
          {
            "id": 17,
            "text": "1 : 겨울은 춥고 여름은 덥고 최악 ㅠㅠ",
            "norm_text": "겨울은 춥고 여름은 덥고 최악 ㅠㅠ",
            "speaker": {
              "id": "1번",
              "sex": "여성",
              "age": "20대"
            },
            "speechAct": "(단언) 주장하기",
            "morpheme": "겨울/NNG+은/JX+춥/VA+고/EC+여름/NNG+은/JX+덥/VA+고/EC+최악/NNG+ㅠㅠ/UNKNOWN"
          },
          {
            "id": 18,
            "text": "2 : 장갑이랑 목도리 하나 사라고 키키",
            "norm_text": "장갑이랑 목도리 하나 사라고 키키",
            "speaker": {
              "id": "2번",
              "sex": "남성",
              "age": "20대"
            },
            "speechAct": "(지시) 충고/제안하기",
            "morpheme": "장갑/NNG+이랑/JKB+목도리/NNG+하나/NR+사/NR+라고/VCP+EC+키/NNG+키/XSV+ETN"
          },
          {
            "id": 19,
            "text": "3 : 다같이 운동 겸 걸어가자 차가 없어",
            "norm_text": "다같이 운동 겸 걸어가자 차가 없어",
            "speaker": {
              "id": "3번",
              "sex": "남성",
              "age": "20대"
            },
            "speechAct": "(지시) 충고/제안하기",
            "morpheme": "다/MAG+같이/MAG+운동/NNG+겸/NNB+걸어가/VV+EC+자차/NNG+가/JKS+없/VA+어/EC"
          }
        ]
      }
    }
  ]
}