{
  "dataset": {
    "identifier": 129769,
    "name": "NATEON_43_18_set",
    "src_path": "/data/file/cubeManager/PROJECT001/84/txt20211104173553037657/NATEON_43_18_set/",
    "label_path": "/data/file/cubeManager/PROJECT001/84/txt20211104173553037657/NATEON_43_18_set/",
    "category": 2,
    "type": 0
  },
  "licenses": {
    "name": "Apache License 1.0",
    "url": "http://www.apache.org/licenses/LICENSE-1.0"
  },
  "info": [
    {
      "id": 137265,
      "filename": "NATEON_43_18.txt",
      "title": "NATEON_43_18",
      "mediatype": "메신저",
      "medianame": "네이트온",
      "category": "일상대화",
      "date": "2021-11-04",
      "size": 472,
      "annotations": {
        "subject": "상거래 전반",
        "speaker_type": "다자간 대화",
        "size": 472,
        "word_size": 177,
        "text": "1 : 나 이번에 브랜디에서 옷 샀어 하하\n2 : 오 거기서 뭐 주문했어?\n3 : 아 진짜 무슨 옷 샀어 키키\n1 : 기디건!\n1 : 근데 사이즈를 잘못 선택한 거 있지 하하\n2 : 헐 그럼 품절해야겠네 키키\n3 : 나는 안마기 사고 싶다\n3 : 옷 말고 키키\n1 : 반품하려는데 돈이 아까워서 못 해 ㅠ\n2 : 갑자기 안마기? 키키\n2 : 어디 아파?\n2 : 반품 빨리 해\n2 : 안 하는 게 더 아까워\n3 : 목이 너무 뻐근해\n3 : 지금 안마기는 안 팔아? 키키\n3 : 옷 말고\n1 : 안마기?\n1 : 그건 따로 안 찾아봤는데 ㅠ\n2 : 거기 무슨 사이튼데 안마기도 팔아?\n3 : 아 진짜 옷 파는 곳이구나\n3 : 거기는\n1 : 응 하하 아마도 여기는 옷만 파는 건가 봐\n2 : 거기 내 여자친구도 자주 쓰는 쇼핑몰인 거 같던데 키키\n3 : 나도 겨울옷 하나 사 볼까 키키\n1 : 키키 응 이참에 겨울옷 사 봐\n2 : 응 너도 쇼핑해\n2 : 옷 너무 없어\n3 : 아 거기 남자 옷도 파나",
        "lines": [
          {
            "id": 1,
            "text": "1 : 나 이번에 브랜디에서 옷 샀어 하하",
            "norm_text": "나 이번에 브랜디에서 옷 샀어 하하",
            "speaker": {
              "id": "1번",
              "sex": "여성",
              "age": "20대"
            },
            "speechAct": "(단언) 진술하기",
            "morpheme": "나/NP+이번/NNG+에/JKB+브랜디/NNG+에서/JKB+옷/NNG+샀/VV+EP+어/EC+하하/MAG"
          },
          {
            "id": 2,
            "text": "2 : 오 거기서 뭐 주문했어?",
            "norm_text": "오 거기서 뭐 주문했어?",
            "speaker": {
              "id": "2번",
              "sex": "남성",
              "age": "20대"
            },
            "speechAct": "(지시) 질문하기",
            "morpheme": "오/IC+거기/NP+서/JKB+뭐/IC+주문/NNG+했/XSV+EP+어/EF"
          },
          {
            "id": 3,
            "text": "3 : 아 진짜 무슨 옷 샀어 키키",
            "norm_text": "아 진짜 무슨 옷 샀어 키키",
            "speaker": {
              "id": "3번",
              "sex": "남성",
              "age": "20대"
            },
            "speechAct": "(지시) 질문하기",
            "morpheme": "아/IC+진짜/MAG+무슨/MM+옷/NNG+샀/VV+EP+어/EC+키/NNG+키/XSV+ETN"
          },
          {
            "id": 4,
            "text": "1 : 기디건!",
            "norm_text": "기디건!",
            "speaker": {
              "id": "1번",
              "sex": "여성",
              "age": "20대"
            },
            "speechAct": "(단언) 진술하기",
            "morpheme": "기디/NNP+건/VCP+EF"
          },
          {
            "id": 5,
            "text": "1 : 근데 사이즈를 잘못 선택한 거 있지 하하",
            "norm_text": "근데 사이즈를 잘못 선택한 거 있지 하하",
            "speaker": {
              "id": "1번",
              "sex": "여성",
              "age": "20대"
            },
            "speechAct": "(단언) 진술하기",
            "morpheme": "근데/MAJ+사이즈/NNG+를/JKO+잘못/MAG+선택/NNG+한/XSA+ETM+거/NNB+있/VA+지/EC+하하/MAG"
          },
          {
            "id": 6,
            "text": "2 : 헐 그럼 품절해야겠네 키키",
            "norm_text": "헐 그럼 품절해야겠네 키키",
            "speaker": {
              "id": "2번",
              "sex": "남성",
              "age": "20대"
            },
            "speechAct": "(단언) 주장하기",
            "morpheme": "헐/IC+그럼/MAJ+품절/NNG+해야/XSV+EC+VX+겠/EP+네/EF+키/NNG+키/XSV+ETN"
          },
          {
            "id": 7,
            "text": "3 : 나는 안마기 사고 싶다",
            "norm_text": "나는 안마기 사고 싶다",
            "speaker": {
              "id": "3번",
              "sex": "남성",
              "age": "20대"
            },
            "speechAct": "(단언) 주장하기",
            "morpheme": "나/NP+는/JX+안/MAG+마/VV+기/ETN+사/VV+고/EC+싶/VX+다/EC"
          },
          {
            "id": 8,
            "text": "3 : 옷 말고 키키",
            "norm_text": "옷 말고 키키",
            "speaker": {
              "id": "3번",
              "sex": "남성",
              "age": "20대"
            },
            "speechAct": "(단언) 주장하기",
            "morpheme": "옷/NNG+말/VV+고/EC+키/NNG+키/XSV+ETN"
          },
          {
            "id": 9,
            "text": "1 : 반품하려는데 돈이 아까워서 못 해 ㅠ",
            "norm_text": "반품하려는데 돈이 아까워서 못 해 ㅠ",
            "speaker": {
              "id": "1번",
              "sex": "여성",
              "age": "20대"
            },
            "speechAct": "(단언) 주장하기",
            "morpheme": "반품/NNG+하/XSV+려는데/EC+돈/NNG+이/JKS+아까워서/VA+EC+못해/VX+EC+ㅠ/UNKNOWN"
          },
          {
            "id": 10,
            "text": "2 : 갑자기 안마기? 키키",
            "norm_text": "갑자기 안마기? 키키",
            "speaker": {
              "id": "2번",
              "sex": "남성",
              "age": "20대"
            },
            "speechAct": "(지시) 질문하기",
            "morpheme": "갑자기/MAG+안/MAG+마/VV+기/ETN+키/NNG+키/XSV+ETN"
          },
          {
            "id": 11,
            "text": "2 : 어디 아파?",
            "norm_text": "어디 아파?",
            "speaker": {
              "id": "2번",
              "sex": "남성",
              "age": "20대"
            },
            "speechAct": "(지시) 질문하기",
            "morpheme": "어디/NP+아파/VA+EF"
          },
          {
            "id": 12,
            "text": "2 : 반품 빨리 해",
            "norm_text": "반품 빨리 해",
            "speaker": {
              "id": "2번",
              "sex": "남성",
              "age": "20대"
            },
            "speechAct": "(지시) 충고/제안하기",
            "morpheme": "반품/NNG+빨리/MAG+해/VV+EC"
          },
          {
            "id": 13,
            "text": "2 : 안 하는 게 더 아까워",
            "norm_text": "안 하는 게 더 아까워",
            "speaker": {
              "id": "2번",
              "sex": "남성",
              "age": "20대"
            },
            "speechAct": "(단언) 주장하기",
            "morpheme": "안/MAG+하/VV+는/ETM+게/NNB+JKS+더/MAG+아까워/VA+EC"
          },
          {
            "id": 14,
            "text": "3 : 목이 너무 뻐근해",
            "norm_text": "목이 너무 뻐근해",
            "speaker": {
              "id": "3번",
              "sex": "남성",
              "age": "20대"
            },
            "speechAct": "(단언) 주장하기",
            "morpheme": "목/NNG+이/JKS+너무/MAG+뻐근/XR+해/XSA+EC"
          },
          {
            "id": 15,
            "text": "3 : 지금 안마기는 안 팔아? 키키",
            "norm_text": "지금 안마기는 안 팔아? 키키",
            "speaker": {
              "id": "3번",
              "sex": "남성",
              "age": "20대"
            },
            "speechAct": "(지시) 질문하기",
            "morpheme": "지금/MAG+안/MAG+마/VV+기/ETN+는/JX+안/MAG+팔/VV+아/EF+키/NNG+키/XSV+ETN"
          },
          {
            "id": 16,
            "text": "3 : 옷 말고",
            "norm_text": "옷 말고",
            "speaker": {
              "id": "3번",
              "sex": "남성",
              "age": "20대"
            },
            "speechAct": "(단언) 주장하기",
            "morpheme": "옷/NNG+말/VV+고/EC"
          },
          {
            "id": 17,
            "text": "1 : 안마기?",
            "norm_text": "안마기?",
            "speaker": {
              "id": "1번",
              "sex": "여성",
              "age": "20대"
            },
            "speechAct": "턴토크 사인(관습적 반응)",
            "morpheme": "안/MAG+마/VV+기/ETN"
          },
          {
            "id": 18,
            "text": "1 : 그건 따로 안 찾아봤는데 ㅠ",
            "norm_text": "그건 따로 안 찾아봤는데 ㅠ",
            "speaker": {
              "id": "1번",
              "sex": "여성",
              "age": "20대"
            },
            "speechAct": "(단언) 진술하기",
            "morpheme": "그건/NP+JX+따로/MAG+안/MAG+찾/VV+아/EC+봤/VX+EP+는데/EC+ㅠ/UNKNOWN"
          },
          {
            "id": 19,
            "text": "2 : 거기 무슨 사이튼데 안마기도 팔아?",
            "norm_text": "거기 무슨 사이튼데 안마기도 팔아?",
            "speaker": {
              "id": "2번",
              "sex": "남성",
              "age": "20대"
            },
            "speechAct": "(지시) 질문하기",
            "morpheme": "거기/NP+무슨/MM+사이/NNG+튼/VV+ETM+데/NNB+안/MAG+마/VV+기/ETN+도/JX+팔/VV+아/EF"
          },
          {
            "id": 20,
            "text": "3 : 아 진짜 옷 파는 곳이구나",
            "norm_text": "아 진짜 옷 파는 곳이구나",
            "speaker": {
              "id": "3번",
              "sex": "남성",
              "age": "20대"
            },
            "speechAct": "(단언) 주장하기",
            "morpheme": "아/IC+진짜/MAG+옷파/NNP+는/JX+곳/NNG+이/VCP+구나/EC"
          },
          {
            "id": 21,
            "text": "3 : 거기는",
            "norm_text": "거기는",
            "speaker": {
              "id": "3번",
              "sex": "남성",
              "age": "20대"
            },
            "speechAct": "(단언) 주장하기",
            "morpheme": "거기/NP+는/JX"
          },
          {
            "id": 22,
            "text": "1 : 응 하하 아마도 여기는 옷만 파는 건가 봐",
            "norm_text": "응 하하 아마도 여기는 옷만 파는 건가 봐",
            "speaker": {
              "id": "1번",
              "sex": "여성",
              "age": "20대"
            },
            "speechAct": "(단언) 진술하기",
            "morpheme": "응/IC+하하/MAG+아마도/MAG+여기/NP+는/JX+옷/NNG+만/JX+파/VV+는/ETM+건가/NNB+VCP+EC+봐/VX+EC"
          },
          {
            "id": 23,
            "text": "2 : 거기 내 여자친구도 자주 쓰는 쇼핑몰인 거 같던데 키키",
            "norm_text": "거기 내 여자친구도 자주 쓰는 쇼핑몰인 거 같던데 키키",
            "speaker": {
              "id": "2번",
              "sex": "남성",
              "age": "20대"
            },
            "speechAct": "(단언) 주장하기",
            "morpheme": "거기/NP+내/NP+JKG+여자/NNG+친구/NNG+도/JX+자주/MAG+쓰/VV+는/ETM+쇼핑몰/NNG+인/VCP+ETM+거/NNB+같/VA+던데/EC+키/NNG+키/XSV+ETN"
          },
          {
            "id": 24,
            "text": "3 : 나도 겨울옷 하나 사 볼까 키키",
            "norm_text": "나도 겨울옷 하나 사 볼까 키키",
            "speaker": {
              "id": "3번",
              "sex": "남성",
              "age": "20대"
            },
            "speechAct": "(단언) 주장하기",
            "morpheme": "나/NP+도/JX+겨울옷/NNG+하나/NR+사/NR+볼까/VV+EC+키/NNG+키/XSV+ETN"
          },
          {
            "id": 25,
            "text": "1 : 키키 응 이참에 겨울옷 사 봐",
            "norm_text": "키키 응 이참에 겨울옷 사 봐",
            "speaker": {
              "id": "1번",
              "sex": "여성",
              "age": "20대"
            },
            "speechAct": "(지시) 충고/제안하기",
            "morpheme": "키/NNG+키/XSV+ETN+응/IC+이/MM+참/NNB+에/JKB+겨울옷/NNG+사/VV+EC+봐/VX+EC"
          },
          {
            "id": 26,
            "text": "2 : 응 너도 쇼핑해",
            "norm_text": "응 너도 쇼핑해",
            "speaker": {
              "id": "2번",
              "sex": "남성",
              "age": "20대"
            },
            "speechAct": "(지시) 충고/제안하기",
            "morpheme": "응/IC+너/NP+도/JX+쇼핑/NNG+해/XSV+EC"
          },
          {
            "id": 27,
            "text": "2 : 옷 너무 없어",
            "norm_text": "옷 너무 없어",
            "speaker": {
              "id": "2번",
              "sex": "남성",
              "age": "20대"
            },
            "speechAct": "(단언) 주장하기",
            "morpheme": "옷/NNG+너무/MAG+없/VA+어/EC"
          },
          {
            "id": 28,
            "text": "3 : 아 거기 남자 옷도 파나",
            "norm_text": "아 거기 남자 옷도 파나",
            "speaker": {
              "id": "3번",
              "sex": "남성",
              "age": "20대"
            },
            "speechAct": "(지시) 질문하기",
            "morpheme": "아/IC+거기/NP+남자/NNG+옷/NNG+도/JX+파나/NNG"
          }
        ]
      }
    }
  ]
}