{
  "dataset": {
    "identifier": 118384,
    "name": "NATEON_28_07_set",
    "src_path": "/data/file/cubeManager/PROJECT001/80/txt20211102103851058869/NATEON_28_07_set/",
    "label_path": "/data/file/cubeManager/PROJECT001/80/txt20211102103851058869/NATEON_28_07_set/",
    "category": 2,
    "type": 0
  },
  "licenses": {
    "name": "Apache License 1.0",
    "url": "http://www.apache.org/licenses/LICENSE-1.0"
  },
  "info": [
    {
      "id": 129850,
      "filename": "NATEON_28_07.txt",
      "title": "NATEON_28_07",
      "mediatype": "메신저",
      "medianame": "네이트온",
      "category": "일상대화",
      "date": "2021-11-02",
      "size": 442,
      "annotations": {
        "subject": "가족",
        "speaker_type": "다자간 대화",
        "size": 442,
        "word_size": 149,
        "text": "1 : 다들 집에 가족사진 있어?\n2 : 아니 우리는 아직 안 찍었어 ㅠㅠ\n3 : 이번에 새로 찍으러 가려고~\n1 : 어? 나도 새로 찍으러 가려고!\n2 : 요즘 행사 같은 거 많이 하는 거 같은데 그거 했어?\n3 : 가족사진 찍는 곳 알아봤어?\n1 : 아니 아직 안 알아봤어 ㅠ\n2 : ㅠㅠ 요즘 막 인터넷 돌아다니던데 무료로 찍어준다고!\n3 : 인스타그램에 행사 같은 거 많이 하던데!\n1 : 근데 그런 거 사기 많다고 해서 ㅜ\n2 : 맞아 가면 몇 장 더 추가하면 돈 달라고 한다더라 ㅠㅠ\n3 : 아 근데 그런 말이 있긴 하더라\n1 : 응 그래서 내가 직접 알아보려고\n2 : 결국은 아까워서 50만 원? 이렇게 나간다는 거 같아\n3 : 그래 그런 건 직접 알아봐!\n1 : 응! 내가 찍고 다시 알려줄게~\n2 : 가족사진 찍고 부럽다 ㅠㅠ\n2 : 우리집도 가자고 해봐야겠어 하하\n3 : 그래 하하 예쁘게 사진 찍고 와~",
        "lines": [
          {
            "id": 1,
            "text": "1 : 다들 집에 가족사진 있어?",
            "norm_text": "다들 집에 가족사진 있어?",
            "speaker": {
              "id": "1번",
              "sex": "여성",
              "age": "20대"
            },
            "speechAct": "(지시) 질문하기",
            "morpheme": "다/MAG+들/XSN+집/NNG+에/JKB+가족/NNG+사진/NNG+있/VA+어/EF"
          },
          {
            "id": 2,
            "text": "2 : 아니 우리는 아직 안 찍었어 ㅠㅠ",
            "norm_text": "아니 우리는 아직 안 찍었어 ㅠㅠ",
            "speaker": {
              "id": "2번",
              "sex": "여성",
              "age": "20대"
            },
            "speechAct": "(단언) 진술하기",
            "morpheme": "아니/IC+우리/NP+는/JX+아직/MAG+안/MAG+찍/VV+었/EP+어/EF+ㅠㅠ/UNKNOWN"
          },
          {
            "id": 3,
            "text": "3 : 이번에 새로 찍으러 가려고~",
            "norm_text": "이번에 새로 찍으러 가려고~",
            "speaker": {
              "id": "3번",
              "sex": "남성",
              "age": "20대"
            },
            "speechAct": "(단언) 주장하기",
            "morpheme": "이번/NNG+에/JKB+새로/MAG+찍/VV+으러/EC+가/VX+려고/EC+~/SY"
          },
          {
            "id": 4,
            "text": "1 : 어? 나도 새로 찍으러 가려고!",
            "norm_text": "어? 나도 새로 찍으러 가려고!",
            "speaker": {
              "id": "1번",
              "sex": "여성",
              "age": "20대"
            },
            "speechAct": "(단언) 주장하기",
            "morpheme": "어/IC+나/NP+도/JX+새로/MAG+찍/VV+으러/EC+가/VX+려고/EF"
          },
          {
            "id": 5,
            "text": "2 : 요즘 행사 같은 거 많이 하는 거 같은데 그거 했어?",
            "norm_text": "요즘 행사 같은 거 많이 하는 거 같은데 그거 했어?",
            "speaker": {
              "id": "2번",
              "sex": "여성",
              "age": "20대"
            },
            "speechAct": "(지시) 질문하기",
            "morpheme": "요즘/NNG+행사/NNG+같/VA+은/ETM+거/NNB+많이/MAG+하/VV+는/ETM+거/NNB+같/VA+은데/EC+그거/NP+했/VV+EP+어/EF"
          },
          {
            "id": 6,
            "text": "3 : 가족사진 찍는 곳 알아봤어?",
            "norm_text": "가족사진 찍는 곳 알아봤어?",
            "speaker": {
              "id": "3번",
              "sex": "남성",
              "age": "20대"
            },
            "speechAct": "(지시) 질문하기",
            "morpheme": "가족/NNG+사진/NNG+찍/VV+는/ETM+곳/NNB+알/VV+아/EC+봤/VX+EP+어/EF"
          },
          {
            "id": 7,
            "text": "1 : 아니 아직 안 알아봤어 ㅠ",
            "norm_text": "아니 아직 안 알아봤어 ㅠ",
            "speaker": {
              "id": "1번",
              "sex": "여성",
              "age": "20대"
            },
            "speechAct": "(단언) 주장하기",
            "morpheme": "아니/IC+아직/MAG+안/MAG+알/VV+아/EC+봤/VX+EP+어ㅠ/UNKNOWN"
          },
          {
            "id": 8,
            "text": "2 : ㅠㅠ 요즘 막 인터넷 돌아다니던데 무료로 찍어준다고!",
            "norm_text": "ㅠㅠ 요즘 막 인터넷 돌아다니던데 무료로 찍어준다고!",
            "speaker": {
              "id": "2번",
              "sex": "여성",
              "age": "20대"
            },
            "speechAct": "(단언) 진술하기",
            "morpheme": "ㅠㅠ/UNKNOWN+요즘/NNG+막/NNG+인터넷/NNG+돌아다니/VV+던데/EC+무료/NNG+로/JKB+찍/VV+어/EC+준다고/VX+EF"
          },
          {
            "id": 9,
            "text": "3 : 인스타그램에 행사 같은 거 많이 하던데!",
            "norm_text": "인스타그램에 행사 같은 거 많이 하던데!",
            "speaker": {
              "id": "3번",
              "sex": "남성",
              "age": "20대"
            },
            "speechAct": "(단언) 진술하기",
            "morpheme": "인/NNG+스타/NNG+그램/NNG+에/JKB+행사/NNG+같/VA+은/ETM+거/NNB+많이/MAG+하/VV+던데/EF"
          },
          {
            "id": 10,
            "text": "1 : 근데 그런 거 사기 많다고 해서 ㅜ",
            "norm_text": "근데 그런 거 사기 많다고 해서 ㅜ",
            "speaker": {
              "id": "1번",
              "sex": "여성",
              "age": "20대"
            },
            "speechAct": "(단언) 진술하기",
            "morpheme": "근데/MAJ+그런/MM+거/NNB+사/VV+기/ETN+많/VA+다고/EC+해서/VV+EC+ㅜ/UNKNOWN"
          },
          {
            "id": 11,
            "text": "2 : 맞아 가면 몇 장 더 추가하면 돈 달라고 한다더라 ㅠㅠ",
            "norm_text": "맞아 가면 몇 장 더 추가하면 돈 달라고 한다더라 ㅠㅠ",
            "speaker": {
              "id": "2번",
              "sex": "여성",
              "age": "20대"
            },
            "speechAct": "(단언) 진술하기",
            "morpheme": "맞/VV+아/EC+가/VX+면/EC+몇/MM+장/NNBC+더/MAG+추가/NNG+하/XSV+면/EC+돈/NNG+달/VV+라고/EC+한다더라/VX+EF+ㅠㅠ/UNKNOWN"
          },
          {
            "id": 12,
            "text": "3 : 아 근데 그런 말이 있긴 하더라",
            "norm_text": "아 근데 그런 말이 있긴 하더라",
            "speaker": {
              "id": "3번",
              "sex": "남성",
              "age": "20대"
            },
            "speechAct": "(단언) 진술하기",
            "morpheme": "아/IC+근데/MAJ+그런/MM+말/NNG+이/JKS+있/VV+긴/ETN+JX+하/VX+더라/EC"
          },
          {
            "id": 13,
            "text": "1 : 응 그래서 내가 직접 알아보려고",
            "norm_text": "응 그래서 내가 직접 알아보려고",
            "speaker": {
              "id": "1번",
              "sex": "여성",
              "age": "20대"
            },
            "speechAct": "(단언) 주장하기",
            "morpheme": "응/IC+그래서/MAJ+내/NP+가/JKS+직접/MAG+알아보/VV+려고/EC"
          },
          {
            "id": 14,
            "text": "2 : 결국은 아까워서 50만 원? 이렇게 나간다는 거 같아",
            "norm_text": "결국은 아까워서 50만 원? 이렇게 나간다는 거 같아",
            "speaker": {
              "id": "2번",
              "sex": "여성",
              "age": "20대"
            },
            "speechAct": "(단언) 진술하기",
            "morpheme": "결국/MAG+은/JX+아까워서/VA+EC+50/SN+만/NR+원/NNBC+이렇게/MAG+나간다는/VV+ETM+거/NNB+같/VA+아/EC"
          },
          {
            "id": 15,
            "text": "3 : 그래 그런 건 직접 알아봐!",
            "norm_text": "그래 그런 건 직접 알아봐!",
            "speaker": {
              "id": "3번",
              "sex": "남성",
              "age": "20대"
            },
            "speechAct": "(지시) 충고/제안하기",
            "morpheme": "그래/IC+그런/MM+건/NNB+JX+직접/MAG+알아봐/VV+EF"
          },
          {
            "id": 16,
            "text": "1 : 응! 내가 찍고 다시 알려줄게~",
            "norm_text": "응! 내가 찍고 다시 알려줄게~",
            "speaker": {
              "id": "1번",
              "sex": "여성",
              "age": "20대"
            },
            "speechAct": "(단언) 주장하기",
            "morpheme": "응/IC+내/NP+가/JKS+찍/VV+고/EC+다시/MAG+알려/VV+EC+줄/VX+ETM+게/NNB+JKS+~/SY"
          },
          {
            "id": 17,
            "text": "2 : 가족사진 찍고 부럽다 ㅠㅠ",
            "norm_text": "가족사진 찍고 부럽다 ㅠㅠ",
            "speaker": {
              "id": "2번",
              "sex": "여성",
              "age": "20대"
            },
            "speechAct": "(단언) 주장하기",
            "morpheme": "가족/NNG+사진/NNG+찍/VV+고/EC+부럽/VA+다/EF+ㅠㅠ/UNKNOWN"
          },
          {
            "id": 18,
            "text": "2 : 우리집도 가자고 해봐야겠어 하하",
            "norm_text": "우리집도 가자고 해봐야겠어 하하",
            "speaker": {
              "id": "2번",
              "sex": "여성",
              "age": "20대"
            },
            "speechAct": "(단언) 주장하기",
            "morpheme": "우리/NP+집/NNG+도/JX+가/VV+자고/EC+해/VV+EC+봐야/VX+EC+VV+겠/EP+어/EC+하하/MAG"
          },
          {
            "id": 19,
            "text": "3 : 그래 하하 예쁘게 사진 찍고 와~",
            "norm_text": "그래 하하 예쁘게 사진 찍고 와~",
            "speaker": {
              "id": "3번",
              "sex": "남성",
              "age": "20대"
            },
            "speechAct": "(단언) 주장하기",
            "morpheme": "그래/IC+하하/MAG+예쁘/VA+게/EC+사진/NNG+찍/VV+고/EC+와/VV+EC+~/SY"
          }
        ]
      }
    }
  ]
}