{
  "dataset": {
    "identifier": 16755,
    "name": "NATEON_21_07_set",
    "src_path": "/data/file/cubeManager/PROJECT001/7/txt20210826181925013040/NATEON_21_07_set/",
    "label_path": "/data/file/cubeManager/PROJECT001/7/txt20210826181925013040/NATEON_21_07_set/",
    "category": 2,
    "type": 0
  },
  "licenses": {
    "name": "Apache License 1.0",
    "url": "http://www.apache.org/licenses/LICENSE-1.0"
  },
  "info": [
    {
      "id": 786,
      "filename": "NATEON_21_07.txt",
      "title": "NATEON_21_07",
      "mediatype": "메신저",
      "medianame": "네이트온",
      "category": "일상대화",
      "date": "2021-08-26",
      "size": 881,
      "annotations": {
        "subject": "가족",
        "speaker_type": "1:1",
        "size": 881,
        "word_size": 269,
        "text": "1 : 부모님과 관계가 좋나요?\n2 : 네 괜찮은 거 같아요\n2 : 부모님과 관계가 좋으신가요?\n1 : 네, 저도 나쁘지는 않은 거 같아요.\n1 : 뉴스에 보면 부모 혹은 가족을 살해했다는 사건이 종종 나오고 있는데 이런 문제를 어떻게 보시나요?\n2 : 그런 거 보면 진짜 어떤 생각으로 세상을 살아가는지 이해가 안 돼요\n2 : 이 문제에 대해서 어떻게 생각하세요?\n1 : 저도 그런 사건을 소식을 접할 때 마다 분노가 치밀어 오르네요.\n1 : 아무리 화가 난다고 하더라고 어떻게 그런 짓을 할 수 있는지 도저히 이해가 가지 않네요.\n2 : 네 맞아요\n2 : 저번에 형이 있다고 하셨는데 형이랑은 사이가 좋으신가요?\n1 : 어렸을 때 형한테 너무 많이 맞아서 그렇게 사이가 좋지는 않습니다.\n1 : 동생이 있다고 말씀하신 거 같은데 동생 분과는 나이 차이가 어떻게 되나요?\n2 : 저는 동생이 2명 있습니다\n2 : 남동생이랑은 2살 차이가 나고 여동생이랑은 15살 차이가 납니다.\n1 : 여동생 분과는 나이 차이가 많이 나시네요!\n2 : 네 제가 중 3 때 태어났어요\n2 : 이제 고등학교 1학년입니다\n2 : 부러워요 젊어서 하하\n1 : 남동생분이랑은 사이가 좋으신가요?\n2 : 저도 어릴 때 동생을 많이 때렸는데...\n2 : 그래도 사이는 나쁘지 않은 거 같아요\n2 : 동생이 착해요 부모님도 잘 도와주고 하하\n1 : 형제들은 비슷한가 보네요 하하\n1 : 가족들과 같이 여행 가셨던 적 있으세요?\n2 : 부산에 있을 때는 일 년에 한 번씩은 갔었는데 요즘에는 여행을 간 적이 없네요\n2 : 가족들과 여행 가신 적 있으세요?\n1 : 학생 때는 많이 갔는데 성인 되고 나서는 같이 여행을 간 기억이 없네요.\n1 : 기억에 남는 여행 장소가 있으세요?\n2 : 저는 어릴 때 여행 갔다가 귀신 본 기억이 남네요\n2 : 무서웠어요 크크",
        "lines": [
          {
            "id": 1,
            "text": "1 : 부모님과 관계가 좋나요?",
            "norm_text": "부모님과 관계가 좋나요?",
            "speaker": {
              "id": "1번",
              "sex": "남성",
              "age": "30대"
            },
            "speechAct": "(지시) 질문하기",
            "morpheme": "부모/NNG+님/XSN+과/JC+관계/NNG+가/JKS+좋/VA+나요/EF"
          },
          {
            "id": 2,
            "text": "2 : 네 괜찮은 거 같아요",
            "norm_text": "네 괜찮은 거 같아요",
            "speaker": {
              "id": "2번",
              "sex": "남성",
              "age": "30대"
            },
            "speechAct": "(단언) 주장하기",
            "morpheme": "네/IC+괜찮/VA+은/ETM+거/NNB+같/VA+아요/EC"
          },
          {
            "id": 3,
            "text": "2 : 부모님과 관계가 좋으신가요?",
            "norm_text": "부모님과 관계가 좋으신가요?",
            "speaker": {
              "id": "2번",
              "sex": "남성",
              "age": "30대"
            },
            "speechAct": "(지시) 질문하기",
            "morpheme": "부모/NNG+님/XSN+과/JC+관계/NNG+가/JKS+좋/VA+으신/EP+ETM+가요/NNG"
          },
          {
            "id": 4,
            "text": "1 : 네, 저도 나쁘지는 않은 거 같아요.",
            "norm_text": "네, 저도 나쁘지는 않은 거 같아요.",
            "speaker": {
              "id": "1번",
              "sex": "남성",
              "age": "30대"
            },
            "speechAct": "(단언) 주장하기",
            "morpheme": "네/IC+,/SC+저/NP+도/JX+나쁘/VA+지/EC+는/JX+않/VX+은/ETM+거/NNB+같/VA+아요/EF"
          },
          {
            "id": 5,
            "text": "1 : 뉴스에 보면 부모 혹은 가족을 살해했다는 사건이 종종 나오고 있는데 이런 문제를 어떻게 보시나요?",
            "norm_text": "뉴스에 보면 부모 혹은 가족을 살해했다는 사건이 종종 나오고 있는데 이런 문제를 어떻게 보시나요?",
            "speaker": {
              "id": "1번",
              "sex": "남성",
              "age": "30대"
            },
            "speechAct": "(지시) 질문하기",
            "morpheme": "뉴스/NNG+에/JKB+보/VV+면/EC+부모/NNG+혹은/MAJ+가족/NNG+을/JKO+살해/NNG+했/XSV+EP+다는/ETM+사건/NNG+이/JKS+종종/MAG+나오/VV+고/EC+있/VX+는데/EC+이런/MM+문제/NNG+를/JKO+어떻/VA+게/EC+보/VX+시/EP+나요/EF"
          },
          {
            "id": 6,
            "text": "2 : 그런 거 보면 진짜 어떤 생각으로 세상을 살아가는지 이해가 안 돼요",
            "norm_text": "그런 거 보면 진짜 어떤 생각으로 세상을 살아가는지 이해가 안 돼요",
            "speaker": {
              "id": "2번",
              "sex": "남성",
              "age": "30대"
            },
            "speechAct": "(단언) 주장하기",
            "morpheme": "그런/MM+거/NNB+보/VV+면/EC+진짜/MAG+어떤/MM+생각/NNG+으로/JKB+세상/NNG+을/JKO+살아가/VV+는지/EC+이해/NNG+가/JKS+안/MAG+돼요/VV+EC"
          },
          {
            "id": 7,
            "text": "2 : 이 문제에 대해서 어떻게 생각하세요?",
            "norm_text": "이 문제에 대해서 어떻게 생각하세요?",
            "speaker": {
              "id": "2번",
              "sex": "남성",
              "age": "30대"
            },
            "speechAct": "(지시) 질문하기",
            "morpheme": "이/MM+문제/NNG+에/JKB+대해서/VV+EC+어떻게/MAG+생각/NNG+하/XSV+세요/EP+EF"
          },
          {
            "id": 8,
            "text": "1 : 저도 그런 사건을 소식을 접할 때 마다 분노가 치밀어 오르네요.",
            "norm_text": "저도 그런 사건을 소식을 접할 때 마다 분노가 치밀어 오르네요.",
            "speaker": {
              "id": "1번",
              "sex": "남성",
              "age": "30대"
            },
            "speechAct": "(단언) 주장하기",
            "morpheme": "저/NP+도/JX+그런/MM+사건/NNG+을/JKO+소식/NNG+을/JKO+접할/VV+ETM+때/NNG+마다/JX+분노/NNG+가/JKS+치밀/VV+어/EC+오르/VV+네요/EF"
          },
          {
            "id": 9,
            "text": "1 : 아무리 화가 난다고 하더라고 어떻게 그런 짓을 할 수 있는지 도저히 이해가 가지 않네요.",
            "norm_text": "아무리 화가 난다고 하더라고 어떻게 그런 짓을 할 수 있는지 도저히 이해가 가지 않네요.",
            "speaker": {
              "id": "1번",
              "sex": "남성",
              "age": "30대"
            },
            "speechAct": "(단언) 주장하기",
            "morpheme": "아무리/MAG+화/NNG+가/JKS+난다고/VV+EC+하/VX+더라고/EF+어떻게/MAG+그런/MM+짓/NNB+을/JKO+할/VV+ETM+수/NNB+있/VV+는지/EC+도저히/MAG+이해/NNG+가/JKS+가/VV+지/EC+않/VX+네요/EF"
          },
          {
            "id": 10,
            "text": "2 : 네 맞아요",
            "norm_text": "네 맞아요",
            "speaker": {
              "id": "2번",
              "sex": "남성",
              "age": "30대"
            },
            "speechAct": "(단언) 주장하기",
            "morpheme": "네/IC+맞/VV+아요/EC"
          },
          {
            "id": 11,
            "text": "2 : 저번에 형이 있다고 하셨는데 형이랑은 사이가 좋으신가요?",
            "norm_text": "저번에 형이 있다고 하셨는데 형이랑은 사이가 좋으신가요?",
            "speaker": {
              "id": "2번",
              "sex": "남성",
              "age": "30대"
            },
            "speechAct": "(지시) 질문하기",
            "morpheme": "저번/NNG+에/JKB+형/NNG+이/JKS+있/VV+다고/EC+하/VX+셨/EP+EP+는데/EC+형/NNG+이랑/JKB+은/JX+사이/NNG+가/JKS+좋/VA+으신/EP+ETM+가요/NNG"
          },
          {
            "id": 12,
            "text": "1 : 어렸을 때 형한테 너무 많이 맞아서 그렇게 사이가 좋지는 않습니다.",
            "norm_text": "어렸을 때 형한테 너무 많이 맞아서 그렇게 사이가 좋지는 않습니다.",
            "speaker": {
              "id": "1번",
              "sex": "남성",
              "age": "30대"
            },
            "speechAct": "(단언) 주장하기",
            "morpheme": "어렸/VA+EP+을/ETM+때/NNG+형/XSN+한테/JKB+너무/MAG+많이/MAG+맞/VV+아서/EC+그렇게/MAG+사이/NNG+가/JKS+좋/VA+지/EC+는/JX+않/VX+습니다/EF"
          },
          {
            "id": 13,
            "text": "1 : 동생이 있다고 말씀하신 거 같은데 동생 분과는 나이 차이가 어떻게 되나요?",
            "norm_text": "동생이 있다고 말씀하신 거 같은데 동생 분과는 나이 차이가 어떻게 되나요?",
            "speaker": {
              "id": "1번",
              "sex": "남성",
              "age": "30대"
            },
            "speechAct": "(지시) 질문하기",
            "morpheme": "동생/NNG+이/JKS+있/VV+다고/EC+말씀/NNG+하/XSV+신/EP+ETM+거/NNB+같/VA+은데/EC+동생/NNG+분과/NNG+는/JX+나이/NNG+차이/NNG+가/JKS+어떻게/MAG+되/VV+나요/EF"
          },
          {
            "id": 14,
            "text": "2 : 저는 동생이 2명 있습니다",
            "norm_text": "저는 동생이 2명 있습니다",
            "speaker": {
              "id": "2번",
              "sex": "남성",
              "age": "30대"
            },
            "speechAct": "(단언) 진술하기",
            "morpheme": "저/NP+는/JX+동생/NNG+이/JKS+2/SN+명/NNBC+있/VA+습니다/EF"
          },
          {
            "id": 15,
            "text": "2 : 남동생이랑은 2살 차이가 나고 여동생이랑은 15살 차이가 납니다.",
            "norm_text": "남동생이랑은 2살 차이가 나고 여동생이랑은 15살 차이가 납니다.",
            "speaker": {
              "id": "2번",
              "sex": "남성",
              "age": "30대"
            },
            "speechAct": "(단언) 진술하기",
            "morpheme": "남동생/NNG+이랑/JKB+은/JX+2/SN+살/NNBC+차이/NNG+가/JKS+나/VV+고/EC+여동생/NNG+이랑/JKB+은/JX+15/SN+살/NNBC+차이/NNG+가/JKS+납니다/VV+EF"
          },
          {
            "id": 16,
            "text": "1 : 여동생 분과는 나이 차이가 많이 나시네요!",
            "norm_text": "여동생 분과는 나이 차이가 많이 나시네요!",
            "speaker": {
              "id": "1번",
              "sex": "남성",
              "age": "30대"
            },
            "speechAct": "(단언) 주장하기",
            "morpheme": "여동생/NNG+분과/NNG+는/JX+나이/NNG+차이/NNG+가/JKS+많이/MAG+나/VV+시/EP+네요/EF"
          },
          {
            "id": 17,
            "text": "2 : 네 제가 중 3 때 태어났어요",
            "norm_text": "네 제가 중 3 때 태어났어요",
            "speaker": {
              "id": "2번",
              "sex": "남성",
              "age": "30대"
            },
            "speechAct": "(단언) 진술하기",
            "morpheme": "네/IC+제/NP+JKG+가중/NNG+3/SN+때/NNG+태어났/VV+EP+어요/EF"
          },
          {
            "id": 18,
            "text": "2 : 이제 고등학교 1학년입니다",
            "norm_text": "이제 고등학교 1학년입니다",
            "speaker": {
              "id": "2번",
              "sex": "남성",
              "age": "30대"
            },
            "speechAct": "(단언) 진술하기",
            "morpheme": "이제/MAG+고등/NNG+학교/NNG+1/SN+학년/NNG+입니다/VCP+EC"
          },
          {
            "id": 19,
            "text": "2 : 부러워요 젊어서 하하",
            "norm_text": "부러워요 젊어서 하하",
            "speaker": {
              "id": "2번",
              "sex": "남성",
              "age": "30대"
            },
            "speechAct": "(단언) 주장하기",
            "morpheme": "부러워요/VA+EF+젊/VA+어서/EC+하하/MAG"
          },
          {
            "id": 20,
            "text": "1 : 남동생분이랑은 사이가 좋으신가요?",
            "norm_text": "남동생분이랑은 사이가 좋으신가요?",
            "speaker": {
              "id": "1번",
              "sex": "남성",
              "age": "30대"
            },
            "speechAct": "(지시) 질문하기",
            "morpheme": "남동생/NNG+분/XSN+이랑/JKB+은/JX+사이/NNG+가/JKS+좋/VA+으신/EP+ETM+가요/NNG"
          },
          {
            "id": 21,
            "text": "2 : 저도 어릴 때 동생을 많이 때렸는데...",
            "norm_text": "저도 어릴 때 동생을 많이 때렸는데...",
            "speaker": {
              "id": "2번",
              "sex": "남성",
              "age": "30대"
            },
            "speechAct": "(단언) 진술하기",
            "morpheme": "저/NP+도/JX+어릴/VA+ETM+때/NNG+동생/NNG+을/JKO+많이/MAG+때렸/VV+EP+는데/EC+./SY+./SY"
          },
          {
            "id": 22,
            "text": "2 : 그래도 사이는 나쁘지 않은 거 같아요",
            "norm_text": "그래도 사이는 나쁘지 않은 거 같아요",
            "speaker": {
              "id": "2번",
              "sex": "남성",
              "age": "30대"
            },
            "speechAct": "(단언) 주장하기",
            "morpheme": "그래도/MAJ+사이/NNG+는/JX+나쁘/VA+지/EC+않/VX+은/ETM+거/NNB+같/VA+아요/EC"
          },
          {
            "id": 23,
            "text": "2 : 동생이 착해요 부모님도 잘 도와주고 하하",
            "norm_text": "동생이 착해요 부모님도 잘 도와주고 하하",
            "speaker": {
              "id": "2번",
              "sex": "남성",
              "age": "30대"
            },
            "speechAct": "(단언) 주장하기",
            "morpheme": "동생/NNG+이/JKS+착해요/VA+EC+부모/NNG+님/XSN+도/JX+잘/MAG+도와/VV+EC+주/VX+고/EC+하하/MAG"
          },
          {
            "id": 24,
            "text": "1 : 형제들은 비슷한가 보네요 하하",
            "norm_text": "형제들은 비슷한가 보네요 하하",
            "speaker": {
              "id": "1번",
              "sex": "남성",
              "age": "30대"
            },
            "speechAct": "(단언) 주장하기",
            "morpheme": "형제/NNG+들/XSN+은/JX+비슷/XR+한가/XSA+EC+보/VX+네요/EF+하하/MAG"
          },
          {
            "id": 25,
            "text": "1 : 가족들과 같이 여행 가셨던 적 있으세요?",
            "norm_text": "가족들과 같이 여행 가셨던 적 있으세요?",
            "speaker": {
              "id": "1번",
              "sex": "남성",
              "age": "30대"
            },
            "speechAct": "(지시) 질문하기",
            "morpheme": "가족/NNG+들/XSN+과/JKB+같이/MAG+여행/NNG+가셨/VV+EP+던/ETM+적/NNB+있/VA+으세요/EF"
          },
          {
            "id": 26,
            "text": "2 : 부산에 있을 때는 일 년에 한 번씩은 갔었는데 요즘에는 여행을 간 적이 없네요",
            "norm_text": "부산에 있을 때는 일 년에 한 번씩은 갔었는데 요즘에는 여행을 간 적이 없네요",
            "speaker": {
              "id": "2번",
              "sex": "남성",
              "age": "30대"
            },
            "speechAct": "(단언) 진술하기",
            "morpheme": "부산/NNP+에/JKB+있/VV+을/ETM+때/NNG+는/JX+일/NR+년/NNBC+에/JKB+한/MM+번/NNBC+씩/XSN+은/JX+갔었/VV+EP+는데/EC+요즘/NNG+에/JKB+는/JX+여행/NNG+을/JKO+간/VV+ETM+적/NNB+이/JKS+없/VA+네요/EC"
          },
          {
            "id": 27,
            "text": "2 : 가족들과 여행 가신 적 있으세요?",
            "norm_text": "가족들과 여행 가신 적 있으세요?",
            "speaker": {
              "id": "2번",
              "sex": "남성",
              "age": "30대"
            },
            "speechAct": "(지시) 질문하기",
            "morpheme": "가족/NNG+들/XSN+과/JC+여행/NNG+가신/VV+ETM+적/NNB+있/VA+으세요/EF"
          },
          {
            "id": 28,
            "text": "1 : 학생 때는 많이 갔는데 성인 되고 나서는 같이 여행을 간 기억이 없네요.",
            "norm_text": "학생 때는 많이 갔는데 성인 되고 나서는 같이 여행을 간 기억이 없네요.",
            "speaker": {
              "id": "1번",
              "sex": "남성",
              "age": "30대"
            },
            "speechAct": "(단언) 진술하기",
            "morpheme": "학생/NNG+때/NNG+는/JX+많이/MAG+갔/VV+EP+는데/EC+성인/NNG+되/XSV+고/EC+나/VX+서/EC+는/JX+같이/MAG+여행/NNG+을/JKO+간/VV+ETM+기억/NNG+이/JKS+없/VA+네요/EF"
          },
          {
            "id": 29,
            "text": "1 : 기억에 남는 여행 장소가 있으세요?",
            "norm_text": "기억에 남는 여행 장소가 있으세요?",
            "speaker": {
              "id": "1번",
              "sex": "남성",
              "age": "30대"
            },
            "speechAct": "(지시) 질문하기",
            "morpheme": "기억/NNG+에/JKB+남/VV+는/ETM+여행/NNG+장소/NNG+가/JKS+있/VA+으세요/EF"
          },
          {
            "id": 30,
            "text": "2 : 저는 어릴 때 여행 갔다가 귀신 본 기억이 남네요",
            "norm_text": "저는 어릴 때 여행 갔다가 귀신 본 기억이 남네요",
            "speaker": {
              "id": "2번",
              "sex": "남성",
              "age": "30대"
            },
            "speechAct": "(단언) 주장하기",
            "morpheme": "저/NP+는/JX+어릴/VA+ETM+때/NNG+여행/NNG+갔/VV+EP+다가/EC+귀신/NNG+본/VV+ETM+기억/NNG+이/JKS+남/VV+네요/EC"
          },
          {
            "id": 31,
            "text": "2 : 무서웠어요 크크",
            "norm_text": "무서웠어요 크크",
            "speaker": {
              "id": "2번",
              "sex": "남성",
              "age": "30대"
            },
            "speechAct": "(단언) 주장하기",
            "morpheme": "무서웠/VA+EP+어요/EF+크크/IC"
          }
        ]
      }
    }
  ]
}