{
  "dataset": {
    "identifier": 124011,
    "name": "NATEON_45_14_set",
    "src_path": "/data/file/cubeManager/PROJECT001/84/txt20211105113423093227/NATEON_45_14_set/",
    "label_path": "/data/file/cubeManager/PROJECT001/84/txt20211105113423093227/NATEON_45_14_set/",
    "category": 2,
    "type": 0
  },
  "licenses": {
    "name": "Apache License 1.0",
    "url": "http://www.apache.org/licenses/LICENSE-1.0"
  },
  "info": [
    {
      "id": 138909,
      "filename": "NATEON_45_14.txt",
      "title": "NATEON_45_14",
      "mediatype": "메신저",
      "medianame": "네이트온",
      "category": "일상대화",
      "date": "2021-11-05",
      "size": 462,
      "annotations": {
        "subject": "사회이슈",
        "speaker_type": "다자간 대화",
        "size": 462,
        "word_size": 152,
        "text": "1 : 인구가 요즘 계속 줄어든대\n2 : 아 요즘 사람들이 애를 안 낳아서 그런가 보네\n3 : 그러다가 지방은 소멸 되겠다\n1 : 응 진짜 지방은 소멸 위기래\n2 : 아 맞아\n2 : 여기도 인구 별로 없어 ㅠㅠ\n3 : 아무래도 요즘은 다 서울 가니까\n1 : 응 그래서 시, 구, 군은 거의 10퍼센트 급감했대\n2 : 다 서울에 있으니 거긴 포화 상태고 여긴 부족하고 ㅠㅠ\n3 : 맞아 초등학교도 요즘 사라지잖아\n1 : 응 안 그래도 요즘 초등학교 잘 안 보여\n2 : 시골에 있는 초등학교는 아예 운영도 못 하더라\n3 : 이러다가 군 단위부터 없어지겠다\n1 : 응 그래서 다 통합하잖아\n2 : 다 통합하면 애들 학교 멀리서 다니고 그러려나 ㅠㅠ\n3 : ㅠㅠ 이러다 고향까지 없어 지겠어 ㅠ\n1 : 아무래도 통합하면 그런 일이 많겠지 ㅠ\n2 : 그것도 문제네 ㅠㅠ\n2 : 그러니 애 키우기 좋은 나라로 만들어야 되는데...\n3 : 인구가 줄어드는 건 슬픈 일이야ㅠ",
        "lines": [
          {
            "id": 1,
            "text": "1 : 인구가 요즘 계속 줄어든대",
            "norm_text": "인구가 요즘 계속 줄어든대",
            "speaker": {
              "id": "1번",
              "sex": "여성",
              "age": "20대"
            },
            "speechAct": "(단언) 진술하기",
            "morpheme": "인구/NNG+가/JKS+요즘/MAG+계속/MAG+줄어든/VV+ETM+대/NNG"
          },
          {
            "id": 2,
            "text": "2 : 아 요즘 사람들이 애를 안 낳아서 그런가 보네",
            "norm_text": "아 요즘 사람들이 애를 안 낳아서 그런가 보네",
            "speaker": {
              "id": "2번",
              "sex": "여성",
              "age": "20대"
            },
            "speechAct": "(단언) 주장하기",
            "morpheme": "아/IC+요즘/MAG+사람/NNG+들/XSN+이/JKS+애/NNG+를/JKO+안/MAG+낳/VV+아서/EC+그런가/VA+EC+보/VX+네/EC"
          },
          {
            "id": 3,
            "text": "3 : 그러다가 지방은 소멸 되겠다",
            "norm_text": "그러다가 지방은 소멸 되겠다",
            "speaker": {
              "id": "3번",
              "sex": "남성",
              "age": "20대"
            },
            "speechAct": "(단언) 주장하기",
            "morpheme": "그러다가/MAJ+지방/NNG+은/JX+소멸/NNG+되/XSV+겠/EP+다/EC"
          },
          {
            "id": 4,
            "text": "1 : 응 진짜 지방은 소멸 위기래",
            "norm_text": "응 진짜 지방은 소멸 위기래",
            "speaker": {
              "id": "1번",
              "sex": "여성",
              "age": "20대"
            },
            "speechAct": "(단언) 진술하기",
            "morpheme": "응/IC+진짜/MAG+지방/NNG+은/JX+소멸/NNG+위기/NNG+래/VCP+EC"
          },
          {
            "id": 5,
            "text": "2 : 아 맞아",
            "norm_text": "아 맞아",
            "speaker": {
              "id": "2번",
              "sex": "여성",
              "age": "20대"
            },
            "speechAct": "(단언) 주장하기",
            "morpheme": "아/IC+맞/VV+아/EC"
          },
          {
            "id": 6,
            "text": "2 : 여기도 인구 별로 없어 ㅠㅠ",
            "norm_text": "여기도 인구 별로 없어 ㅠㅠ",
            "speaker": {
              "id": "2번",
              "sex": "여성",
              "age": "20대"
            },
            "speechAct": "(단언) 진술하기",
            "morpheme": "여기/NP+도/JX+인구/NNG+별/XSN+로/JKB+없/VA+어/EC+ㅠㅠ/UNKNOWN"
          },
          {
            "id": 7,
            "text": "3 : 아무래도 요즘은 다 서울 가니까",
            "norm_text": "아무래도 요즘은 다 서울 가니까",
            "speaker": {
              "id": "3번",
              "sex": "남성",
              "age": "20대"
            },
            "speechAct": "(단언) 주장하기",
            "morpheme": "아무래도/MAG+요즘/NNG+은/JX+다/MAG+서울/NNP+가/VV+니까/EC"
          },
          {
            "id": 8,
            "text": "1 : 응 그래서 시, 구, 군은 거의 10퍼센트 급감했대",
            "norm_text": "응 그래서 시, 구, 군은 거의 10퍼센트 급감했대",
            "speaker": {
              "id": "1번",
              "sex": "여성",
              "age": "20대"
            },
            "speechAct": "(단언) 진술하기",
            "morpheme": "응/IC+그래서/MAJ+시/NNG+,/SC+구/NR+,/SC+군/NNG+은/JX+거의/MAG+10/SN+퍼센트/NNBC+급감/NNG+했/XSV+EP+대/EC"
          },
          {
            "id": 9,
            "text": "2 : 다 서울에 있으니 거긴 포화 상태고 여긴 부족하고 ㅠㅠ",
            "norm_text": "다 서울에 있으니 거긴 포화 상태고 여긴 부족하고 ㅠㅠ",
            "speaker": {
              "id": "2번",
              "sex": "여성",
              "age": "20대"
            },
            "speechAct": "(단언) 주장하기",
            "morpheme": "다/MAG+서울/NNP+에/JKB+있/VV+으니/EC+거긴/NP+JX+포화/NNG+상태/NNG+고/VCP+EC+여긴/NP+JX+부족/NNG+하/XSV+고/EC+ㅠㅠ/UNKNOWN"
          },
          {
            "id": 10,
            "text": "3 : 맞아 초등학교도 요즘 사라지잖아",
            "norm_text": "맞아 초등학교도 요즘 사라지잖아",
            "speaker": {
              "id": "3번",
              "sex": "남성",
              "age": "20대"
            },
            "speechAct": "(단언) 주장하기",
            "morpheme": "맞/VV+아/EC+초등/NNG+학교/NNG+도/JX+요즘/MAG+사라지/VV+잖아/EC"
          },
          {
            "id": 11,
            "text": "1 : 응 안 그래도 요즘 초등학교 잘 안 보여",
            "norm_text": "응 안 그래도 요즘 초등학교 잘 안 보여",
            "speaker": {
              "id": "1번",
              "sex": "여성",
              "age": "20대"
            },
            "speechAct": "(단언) 진술하기",
            "morpheme": "응/IC+안/MAG+그래도/VV+EC+요즘/NNG+초등/NNG+학교/NNG+잘/MAG+안/MAG+보여/VV+EC"
          },
          {
            "id": 12,
            "text": "2 : 시골에 있는 초등학교는 아예 운영도 못 하더라",
            "norm_text": "시골에 있는 초등학교는 아예 운영도 못 하더라",
            "speaker": {
              "id": "2번",
              "sex": "여성",
              "age": "20대"
            },
            "speechAct": "(단언) 진술하기",
            "morpheme": "시골/NNG+에/JKB+있/VV+는/ETM+초등/NNG+학교/NNG+는/JX+아예/MAG+운영/NNG+도/JX+못하/VX+더라/EC"
          },
          {
            "id": 13,
            "text": "3 : 이러다가 군 단위부터 없어지겠다",
            "norm_text": "이러다가 군 단위부터 없어지겠다",
            "speaker": {
              "id": "3번",
              "sex": "남성",
              "age": "20대"
            },
            "speechAct": "(단언) 주장하기",
            "morpheme": "이러/VV+다가/EC+군/VX+ETM+단위/NNG+부터/JX+없/VA+어/EC+지/VX+겠/EP+다/EC"
          },
          {
            "id": 14,
            "text": "1 : 응 그래서 다 통합하잖아",
            "norm_text": "응 그래서 다 통합하잖아",
            "speaker": {
              "id": "1번",
              "sex": "여성",
              "age": "20대"
            },
            "speechAct": "(단언) 주장하기",
            "morpheme": "응/IC+그래서/MAJ+다/MAG+통합/NNG+하/XSV+잖아/EC"
          },
          {
            "id": 15,
            "text": "2 : 다 통합하면 애들 학교 멀리서 다니고 그러려나 ㅠㅠ",
            "norm_text": "다 통합하면 애들 학교 멀리서 다니고 그러려나 ㅠㅠ",
            "speaker": {
              "id": "2번",
              "sex": "여성",
              "age": "20대"
            },
            "speechAct": "(단언) 주장하기",
            "morpheme": "다/MAG+통합/NNG+하/XSV+면/EC+애/NNG+들/XSN+학교/NNG+멀리서/MAG+다니/VV+고/EC+그러/VV+려나/EC+ㅠㅠ/UNKNOWN"
          },
          {
            "id": 16,
            "text": "3 : ㅠㅠ 이러다 고향까지 없어 지겠어 ㅠ",
            "norm_text": "ㅠㅠ 이러다 고향까지 없어 지겠어 ㅠ",
            "speaker": {
              "id": "3번",
              "sex": "남성",
              "age": "20대"
            },
            "speechAct": "(단언) 주장하기",
            "morpheme": "ㅠㅠ/UNKNOWN+이러/VV+다/EC+고향/NNG+까지/JX+없/VA+어/EC+지/VX+겠/EP+어ㅠ/UNKNOWN"
          },
          {
            "id": 17,
            "text": "1 : 아무래도 통합하면 그런 일이 많겠지 ㅠ",
            "norm_text": "아무래도 통합하면 그런 일이 많겠지 ㅠ",
            "speaker": {
              "id": "1번",
              "sex": "여성",
              "age": "20대"
            },
            "speechAct": "(단언) 주장하기",
            "morpheme": "아무래도/MAG+통합/NNG+하/XSV+면/EC+그런/MM+일/NNG+이/JKS+많/VA+겠/EP+지ㅠ/UNKNOWN"
          },
          {
            "id": 18,
            "text": "2 : 그것도 문제네 ㅠㅠ",
            "norm_text": "그것도 문제네 ㅠㅠ",
            "speaker": {
              "id": "2번",
              "sex": "여성",
              "age": "20대"
            },
            "speechAct": "(단언) 주장하기",
            "morpheme": "그것/NP+도/JX+문제/NNG+네/XSN+ㅠㅠ/UNKNOWN"
          },
          {
            "id": 19,
            "text": "2 : 그러니 애 키우기 좋은 나라로 만들어야 되는데...",
            "norm_text": "그러니 애 키우기 좋은 나라로 만들어야 되는데...",
            "speaker": {
              "id": "2번",
              "sex": "여성",
              "age": "20대"
            },
            "speechAct": "(단언) 주장하기",
            "morpheme": "그러/VV+니/EC+애/NNG+키우/VV+기/ETN+좋/VA+은/ETM+나라/NNG+로/JKB+만들/VV+어야/EC+되/VV+는데/EC+./SY+./SY"
          },
          {
            "id": 20,
            "text": "3 : 인구가 줄어드는 건 슬픈 일이야ㅠ",
            "norm_text": "인구가 줄어드는 건 슬픈 일이야ㅠ",
            "speaker": {
              "id": "3번",
              "sex": "남성",
              "age": "20대"
            },
            "speechAct": "(표현) 부정감정 표현하기",
            "morpheme": "인구/NNG+가/JKS+줄어드/VV+는/ETM+건/NNB+JX+슬픈/VA+ETM+일/NNG+이/VCP+야/EF+ㅠ/UNKNOWN"
          }
        ]
      }
    }
  ]
}