{
  "dataset": {
    "identifier": 513,
    "name": "NATEON_23_05_set",
    "src_path": "/data/file/cubeManager/PROJECT001/7/txt202108261821210583110/NATEON_23_05_set/",
    "label_path": "/data/file/cubeManager/PROJECT001/7/txt202108261821210583110/NATEON_23_05_set/",
    "category": 2,
    "type": 0
  },
  "licenses": {
    "name": "Apache License 1.0",
    "url": "http://www.apache.org/licenses/LICENSE-1.0"
  },
  "info": [
    {
      "id": 804,
      "filename": "NATEON_23_05.txt",
      "title": "NATEON_23_05",
      "mediatype": "메신저",
      "medianame": "네이트온",
      "category": "일상대화",
      "date": "2021-08-26",
      "size": 1369,
      "annotations": {
        "subject": "군대",
        "speaker_type": "1:1",
        "size": 1369,
        "word_size": 408,
        "text": "1 : 저는 어렸을 때 해병대 체험을 해봤는데 그 이후로는 한동안 빨간 모자가 보기 힘들었어요 키키\n1 : 무서워서 키키\n1 : 혹시 그런 체험 해보신 적이나 해보고 싶으신 의사있으세요?\n2 : 오오 키키\n2 : 그런거 약간 생생정보통이나 이런 데에서 봤을 때 재미 있겠다 생각했어요 키키\n2 : 가본 적은 없는데 걸스타우트? 했었어서 그런 캠핑같은 거는 한 적이 있네요!\n2 : 해병대 체험은 어떻게 가게 된거에요?\n1 : 초등학교때 태권도 시범단에서 단체로 가게 되었는데 갯벌에서 보트를 뒤집어놓고 그 밑 공간으로 지나가라는 훈련도 받고 지금 생각해보면 다녀오길 잘했어요\n1 : 그리고 티비에서 나오는 거 보면  요즘엔 화생방 훈련은 해보고 싶어요!\n2 : 우와... 뭔가 좀 본격적인 군대 체험이었네요 키키\n2 : 화생방... 전 정말 해보고 싶지 않습니다 ㅠㅠ\n2 : 진짜 따갑다던데!\n2 : 굳이 하고 싶은 거는 수류탄 던져보는 거랑 총 쏴보고는 싶은데 그걸 위해 해야 하는 훈련은 싫... 키키\n1 : 키키 맞아요\n1 : 그 훈련만은 딱 해보고 싶은 데 현실은 그 훈련까지 가는 과정이 힘들듯해요\n2 : 옛날에 진짜 사나이 봤었어요?\n2 : 한창 유행이었잖아요\n1 : 네네 처음에는 즐겨봤어요!\n1 : 거기 되게  부대 많이 나왔던 것 같은 데 쌤은 보셨어요?\n2 : 네\n2 : 저도 한창 그 김수로랑 샘해밍턴 나올 때는 되게 열심히 봤는데 좀 지나면서 약간 군대 미화라고 논란 생기고, 재미 좀 없어지고 할 때는 짤로만 봤던거 같아요\n1 : 맞아요!\n1 : 요즘 코로나 때문에 군인분들 휴가도 외출도 안돼서  힘들것 같아요 ㅠㅠ\n2 : 저 아는 동생도 해군인데 맨날 바다에서 뛰어내리고 싶다고 해서 참으라고 하는데 안쓰러워요 ㅠㅠ\n2 : 저는 여군 정말 잠깐 꿈꾼적 있는데 체력이 쓰레기라 바로 포기 했어요 키키\n2 : 혹시 여군 해보고 싶다.\n2 : 이런 적 있었어요?\n1 ; 맞아여 ㅠ\n1 : 나라 지키느라 고생하는...\n1 : 저도 꿈 꿈 꿈은 많이 꿨어요!\n1 : 근데 필기시험 있다고해서 저는 다가갈 수 없었어요 하하\n2 : 헉 필기가 있는 줄은 몰랐네요!\n2 : 저는 윗몸 일으키기 정말 하나도 못하는데 (당연하지만) 엄청 잘 해야 한대서 바로 포기했어요 키키\n2 : 만약에 필기 시험 없었으면 도전 했었을 것 같아요?\n1 : 네네\n1 : 체대입시 학원다닐 때  하던 종목들이 실기 시험 종목이랑 겹치는게 많고 점수기준이 체대 입시 기준 보다는 많이 낮아서 바로  도전했을  것 같아요!\n1 : 하지만 지금은 저도 못해요... 하하\n1 : 어렸을 때 저의 혼자만의 생각이였습니다!\n2 : 연예인들 중이 지금 군대 가신분 있나요?\n1 : 찾아보니까 프로듀서101 나온 한승우씨는 가신걸로 알고 장기용씨는 23일에 가신대여!\n2 : 오오 장기용 대신에 저희 친오빠가 대신 갔으면 좋겠네요 ㅠㅠ 하하",
        "lines": [
          {
            "id": 1,
            "text": "1 : 저는 어렸을 때 해병대 체험을 해봤는데 그 이후로는 한동안 빨간 모자가 보기 힘들었어요 키키",
            "norm_text": "저는 어렸을 때 해병대 체험을 해봤는데 그 이후로는 한동안 빨간 모자가 보기 힘들었어요 키키",
            "speaker": {
              "id": "1번",
              "sex": "여성",
              "age": "20대"
            },
            "speechAct": "(단언) 주장하기",
            "morpheme": "저/NP+는/JX+어렸/VA+EP+을/ETM+때/NNG+해병대/NNG+체험/NNG+을/JKO+해/VV+EC+봤/VX+EP+는데/EC+그/MM+이후/NNG+로/JKB+는/JX+한/MM+동안/NNG+빨간/VA+ETM+모자/NNG+가/JKS+보/VV+기/ETN+힘들/VA+었/EP+어요/EF+키/NNG+키/XSV+ETN"
          },
          {
            "id": 2,
            "text": "1 : 무서워서 키키",
            "norm_text": "무서워서 키키",
            "speaker": {
              "id": "1번",
              "sex": "여성",
              "age": "20대"
            },
            "speechAct": "(단언) 주장하기",
            "morpheme": "무서워서/VA+EC+키/NNG+키/XSV+ETN"
          },
          {
            "id": 3,
            "text": "1 : 혹시 그런 체험 해보신 적이나 해보고 싶으신 의사있으세요?",
            "norm_text": "혹시 그런 체험 해보신 적이나 해보고 싶으신 의사있으세요?",
            "speaker": {
              "id": "1번",
              "sex": "여성",
              "age": "20대"
            },
            "speechAct": "(지시) 질문하기",
            "morpheme": "혹시/MAG+그런/MM+체험/NNG+해/XSV+EC+보/VX+신/EP+ETM+적/NNB+이나/JX+해/VV+EC+보/VX+고/EC+싶/VX+으신/EP+ETM+의사/NNG+있/VA+으세요/EF"
          },
          {
            "id": 4,
            "text": "2 : 오오 키키",
            "norm_text": "오오 키키",
            "speaker": {
              "id": "2번",
              "sex": "여성",
              "age": "20대"
            },
            "speechAct": "(표현) 긍정감정 표현하기",
            "morpheme": "오/NR+오/NR+키/NNG+키/XSV+ETN"
          },
          {
            "id": 5,
            "text": "2 : 그런거 약간 생생정보통이나 이런 데에서 봤을 때 재미 있겠다 생각했어요 키키",
            "norm_text": "그런거 약간 생생정보통이나 이런 데에서 봤을 때 재미 있겠다 생각했어요 키키",
            "speaker": {
              "id": "2번",
              "sex": "여성",
              "age": "20대"
            },
            "speechAct": "(단언) 주장하기",
            "morpheme": "그런/MM+거/NNB+약간/MAG+생생/MAG+정보통/NNG+이나/JC+이런/MM+데/NNB+에서/JKB+봤/VV+EP+을/ETM+때/NNG+재미있/VA+겠/EP+다/EC+생각/NNG+했/XSV+EP+어요/EF+키/NNG+키/XSV+ETN"
          },
          {
            "id": 6,
            "text": "2 : 가본 적은 없는데 걸스타우트? 했었어서 그런 캠핑같은 거는 한 적이 있네요!",
            "norm_text": "가본 적은 없는데 걸스타우트? 했었어서 그런 캠핑같은 거는 한 적이 있네요!",
            "speaker": {
              "id": "2번",
              "sex": "여성",
              "age": "20대"
            },
            "speechAct": "(단언) 주장하기",
            "morpheme": "가본적/NNG+은/JX+없/VA+는데/EC+걸/NNB+JKO+스타우트/NNP+했었/VV+EP+어서/EC+그런/MM+캠핑/NNG+같/VA+은/ETM+거/NNB+는/JX+한/VV+ETM+적/NNB+이/JKS+있/VA+네요/EF"
          },
          {
            "id": 7,
            "text": "2 : 해병대 체험은 어떻게 가게 된거에요?",
            "norm_text": "해병대 체험은 어떻게 가게 된거에요?",
            "speaker": {
              "id": "2번",
              "sex": "여성",
              "age": "20대"
            },
            "speechAct": "(지시) 질문하기",
            "morpheme": "해병대/NNG+체험/NNG+은/JX+어떻게/MAG+가게/NNG+된/XSV+ETM+거/NNB+에요/VCP+EF"
          },
          {
            "id": 8,
            "text": "1 : 초등학교때 태권도 시범단에서 단체로 가게 되었는데 갯벌에서 보트를 뒤집어놓고 그 밑 공간으로 지나가라는 훈련도 받고 지금 생각해보면 다녀오길 잘했어요",
            "norm_text": "초등학교때 태권도 시범단에서 단체로 가게 되었는데 갯벌에서 보트를 뒤집어놓고 그 밑 공간으로 지나가라는 훈련도 받고 지금 생각해보면 다녀오길 잘했어요",
            "speaker": {
              "id": "1번",
              "sex": "여성",
              "age": "20대"
            },
            "speechAct": "(단언) 주장하기",
            "morpheme": "초등/NNG+학교/NNG+때/NNG+태권/NNG+도/JX+시범/NNG+단/NNG+에서/JKB+단체/NNG+로/JKB+가/VV+게/EC+되/VV+었/EP+는데/EC+갯벌/NNG+에서/JKB+보트/NNG+를/JKO+뒤집/VV+어/EC+놓/VX+고/EC+그/MM+밑/NNG+공간/NNG+으로/JKB+지나가/VV+라는/ETM+훈련/NNG+도/JX+받/VV+고/EC+지금/MAG+생각/NNG+해/XSV+EC+보/VX+면/EC+다녀오/VV+길/ETN+JKO+잘/MAG+했/VV+EP+어요/EF"
          },
          {
            "id": 9,
            "text": "1 : 그리고 티비에서 나오는 거 보면  요즘엔 화생방 훈련은 해보고 싶어요!",
            "norm_text": "그리고 티비에서 나오는 거 보면  요즘엔 화생방 훈련은 해보고 싶어요!",
            "speaker": {
              "id": "1번",
              "sex": "여성",
              "age": "20대"
            },
            "speechAct": "(단언) 주장하기",
            "morpheme": "그리고/MAJ+티비/NNG+에서/JKB+나오/VV+는/ETM+거/NNB+보/VV+면/EC+요즘/NNG+엔/JKB+JX+화생방/NNG+훈련/NNG+은/JX+해/VV+EC+보/VX+고/EC+싶/VX+어요/EF"
          },
          {
            "id": 10,
            "text": "2 : 우와... 뭔가 좀 본격적인 군대 체험이었네요 키키",
            "norm_text": "우와... 뭔가 좀 본격적인 군대 체험이었네요 키키",
            "speaker": {
              "id": "2번",
              "sex": "여성",
              "age": "20대"
            },
            "speechAct": "(단언) 주장하기",
            "morpheme": "우와/IC+./SY+뭔가/NP+VCP+EC+좀/MAG+본격/NNG+적/XSN+인/VCP+ETM+군대/NNG+체험/NNG+이/VCP+었/EP+네요/EF+키/NNG+키/XSV+ETN"
          },
          {
            "id": 11,
            "text": "2 : 화생방... 전 정말 해보고 싶지 않습니다 ㅠㅠ",
            "norm_text": "화생방... 전 정말 해보고 싶지 않습니다 ㅠㅠ",
            "speaker": {
              "id": "2번",
              "sex": "여성",
              "age": "20대"
            },
            "speechAct": "(단언) 주장하기",
            "morpheme": "화생방/NNG+./SY+./SY+전/NP+JX+정말/MAG+해/VV+EC+보/VX+고/EC+싶/VX+지/EC+않/VX+습니다/EF+ㅠㅠ/UNKNOWN"
          },
          {
            "id": 12,
            "text": "2 : 진짜 따갑다던데!",
            "norm_text": "진짜 따갑다던데!",
            "speaker": {
              "id": "2번",
              "sex": "여성",
              "age": "20대"
            },
            "speechAct": "(단언) 주장하기",
            "morpheme": "진짜/MAG+따갑/VA+다던데/EF"
          },
          {
            "id": 13,
            "text": "2 : 굳이 하고 싶은 거는 수류탄 던져보는 거랑 총 쏴보고는 싶은데 그걸 위해 해야 하는 훈련은 싫... 키키",
            "norm_text": "굳이 하고 싶은 거는 수류탄 던져보는 거랑 총 쏴보고는 싶은데 그걸 위해 해야 하는 훈련은 싫... 키키",
            "speaker": {
              "id": "2번",
              "sex": "여성",
              "age": "20대"
            },
            "speechAct": "(단언) 주장하기",
            "morpheme": "굳이/MAG+하/VV+고/EC+싶/VX+은/ETM+거/NNB+는/JX+수류탄/NNG+던져/VV+EC+보/VX+는/ETM+거/NNB+랑/JC+총/MM+쏴/VV+EC+보/VX+고는/EC+싶/VX+은데/EC+그걸/NP+JKO+위해/VV+EC+해야/VV+EC+하/VV+는/ETM+훈련/NNG+은/JX+싫/VA+./SY+키/NNG+키/XSV+ETN"
          },
          {
            "id": 14,
            "text": "1 : 키키 맞아요",
            "norm_text": "키키 맞아요",
            "speaker": {
              "id": "1번",
              "sex": "여성",
              "age": "20대"
            },
            "speechAct": "(단언) 주장하기",
            "morpheme": "키/NNG+키/XSV+ETN+맞/VV+아요/EC"
          },
          {
            "id": 15,
            "text": "1 : 그 훈련만은 딱 해보고 싶은 데 현실은 그 훈련까지 가는 과정이 힘들듯해요",
            "norm_text": "그 훈련만은 딱 해보고 싶은 데 현실은 그 훈련까지 가는 과정이 힘들듯해요",
            "speaker": {
              "id": "1번",
              "sex": "여성",
              "age": "20대"
            },
            "speechAct": "(단언) 주장하기",
            "morpheme": "그/MM+훈련/NNG+만/JX+은/JX+딱해/VA+EC+보/VX+고/EC+싶/VX+은데/EC+현실/NNG+은/JX+그/MM+훈련/NNG+까지/JX+가/VV+는/ETM+과정/NNG+이/JKS+힘들/VA+듯/EC+해요/VX+EC"
          },
          {
            "id": 16,
            "text": "2 : 옛날에 진짜 사나이 봤었어요?",
            "norm_text": "옛날에 진짜 사나이 봤었어요?",
            "speaker": {
              "id": "2번",
              "sex": "여성",
              "age": "20대"
            },
            "speechAct": "(지시) 질문하기",
            "morpheme": "옛날/NNG+에/JKB+진짜/MAG+사나이/NNG+봤었/VV+EP+어요/EF"
          },
          {
            "id": 17,
            "text": "2 : 한창 유행이었잖아요",
            "norm_text": "한창 유행이었잖아요",
            "speaker": {
              "id": "2번",
              "sex": "여성",
              "age": "20대"
            },
            "speechAct": "(단언) 주장하기",
            "morpheme": "한창/MAG+유행/NNG+이/VCP+었/EP+잖아요/EC"
          },
          {
            "id": 18,
            "text": "1 : 네네 처음에는 즐겨봤어요!",
            "norm_text": "네네 처음에는 즐겨봤어요!",
            "speaker": {
              "id": "1번",
              "sex": "여성",
              "age": "20대"
            },
            "speechAct": "(단언) 주장하기",
            "morpheme": "네/NP+네/XSN+처음/NNG+에/JKB+는/JX+즐겨/VV+EC+봤/VX+EP+어요/EF"
          },
          {
            "id": 19,
            "text": "1 : 거기 되게  부대 많이 나왔던 것 같은 데 쌤은 보셨어요?",
            "norm_text": "거기 되게  부대 많이 나왔던 것 같은 데 쌤은 보셨어요?",
            "speaker": {
              "id": "1번",
              "sex": "여성",
              "age": "20대"
            },
            "speechAct": "(지시) 질문하기",
            "morpheme": "거기/NP+되게/MAG+부대/NNG+많이/MAG+나왔/VV+EP+던/ETM+것/NNB+같/VA+은데/EC+쌤/NNG+은/JX+보/VV+셨/EP+EP+어요/EF"
          },
          {
            "id": 20,
            "text": "2 : 네",
            "norm_text": "네",
            "speaker": {
              "id": "2번",
              "sex": "여성",
              "age": "20대"
            },
            "speechAct": "(단언) 주장하기",
            "morpheme": "네/IC"
          },
          {
            "id": 21,
            "text": "2 : 저도 한창 그 김수로랑 샘해밍턴 나올 때는 되게 열심히 봤는데 좀 지나면서 약간 군대 미화라고 논란 생기고, 재미 좀 없어지고 할 때는 짤로만 봤던거 같아요",
            "norm_text": "저도 한창 그 김수로랑 샘해밍턴 나올 때는 되게 열심히 봤는데 좀 지나면서 약간 군대 미화라고 논란 생기고, 재미 좀 없어지고 할 때는 짤로만 봤던거 같아요",
            "speaker": {
              "id": "2번",
              "sex": "여성",
              "age": "20대"
            },
            "speechAct": "(단언) 주장하기",
            "morpheme": "저/NP+도/JX+한창/MAG+그/MM+김수로/NNP+랑/JC+샘/+해밍턴/+나올/VV+ETM+때/NNG+는/JX+되게/MAG+열심히/MAG+봤/VV+EP+는데/EC+좀/MAG+지나/VV+면서/EC+약간/MAG+군대/NNG+미화/NNG+라고/VCP+EC+논란/NNG+생기/VV+고/EC+,/SC+재미/NNG+좀/MAG+없/VA+어/EC+지/VX+고/EC+할/VX+ETM+때/NNG+는/JX+짤/VV+ETM+로/JKB+만/JX+봤/VV+EP+던/ETM+거/NNB+같/VA+아요/EC"
          },
          {
            "id": 22,
            "text": "1 : 맞아요!",
            "norm_text": "맞아요!",
            "speaker": {
              "id": "1번",
              "sex": "여성",
              "age": "20대"
            },
            "speechAct": "(단언) 주장하기",
            "morpheme": "맞/VV+아요/EF"
          },
          {
            "id": 23,
            "text": "1 : 요즘 코로나 때문에 군인분들 휴가도 외출도 안돼서  힘들것 같아요 ㅠㅠ",
            "norm_text": "요즘 코로나 때문에 군인분들 휴가도 외출도 안돼서  힘들것 같아요 ㅠㅠ",
            "speaker": {
              "id": "1번",
              "sex": "여성",
              "age": "20대"
            },
            "speechAct": "(단언) 주장하기",
            "morpheme": "요즘/NNG+코로나/NNG+때문/NNB+에/JKB+군인/NNG+분/XSN+들/XSN+휴가/NNG+도/JX+외출/NNG+도/JX+안/MAG+돼서/VV+EC+힘들/VA+ETM+것/NNB+같/VA+아요/EF+ㅠㅠ/UNKNOWN"
          },
          {
            "id": 24,
            "text": "2 : 저 아는 동생도 해군인데 맨날 바다에서 뛰어내리고 싶다고 해서 참으라고 하는데 안쓰러워요 ㅠㅠ",
            "norm_text": "저 아는 동생도 해군인데 맨날 바다에서 뛰어내리고 싶다고 해서 참으라고 하는데 안쓰러워요 ㅠㅠ",
            "speaker": {
              "id": "2번",
              "sex": "여성",
              "age": "20대"
            },
            "speechAct": "(단언) 주장하기",
            "morpheme": "저/NP+아/VV+는/ETM+동생/NNG+도/JX+해군/NNG+인데/VCP+EC+맨날/MAG+바다/NNG+에서/JKB+뛰어내리/VV+고/EC+싶/VX+다고/EC+해서/VV+EC+참으/VV+라고/EC+하/VV+는/ETM+데/NNB+안쓰러워/VA+EC+요/JX+ㅠㅠ/UNKNOWN"
          },
          {
            "id": 25,
            "text": "2 : 저는 여군 정말 잠깐 꿈꾼적 있는데 체력이 쓰레기라 바로 포기 했어요 키키",
            "norm_text": "저는 여군 정말 잠깐 꿈꾼적 있는데 체력이 쓰레기라 바로 포기 했어요 키키",
            "speaker": {
              "id": "2번",
              "sex": "여성",
              "age": "20대"
            },
            "speechAct": "(단언) 주장하기",
            "morpheme": "저/NP+는/JX+여군/NNG+정말/MAG+잠깐/MAG+꿈/NNG+꾼/XSN+적/XSN+있/VA+는데/EC+체력/NNG+이/JKS+쓰레기/NNG+라/VCP+EC+바로/MAG+포기/NNG+했/XSV+EP+어요/EF+키/NNG+키/XSV+ETN"
          },
          {
            "id": 26,
            "text": "2 : 혹시 여군 해보고 싶다.",
            "norm_text": "혹시 여군 해보고 싶다.",
            "speaker": {
              "id": "2번",
              "sex": "여성",
              "age": "20대"
            },
            "speechAct": "(지시) 질문하기",
            "morpheme": "혹시/MAG+여군/NNG+해/XSV+EC+보/VX+고/EC+싶/VX+다/EF"
          },
          {
            "id": 27,
            "text": "2 : 이런 적 있었어요?",
            "norm_text": "이런 적 있었어요?",
            "speaker": {
              "id": "2번",
              "sex": "여성",
              "age": "20대"
            },
            "speechAct": "(지시) 질문하기",
            "morpheme": "이런/MM+적/NNB+있/VA+었/EP+어요/EF"
          },
          {
            "id": 28,
            "text": "1 ; 맞아여 ㅠ",
            "norm_text": "맞아여 ㅠ",
            "speaker": {
              "id": "1번",
              "sex": "여성",
              "age": "20대"
            },
            "speechAct": "(단언) 주장하기",
            "morpheme": "맞아여ㅠ/UNKNOWN"
          },
          {
            "id": 29,
            "text": "1 : 나라 지키느라 고생하는...",
            "norm_text": "나라 지키느라 고생하는...",
            "speaker": {
              "id": "1번",
              "sex": "여성",
              "age": "20대"
            },
            "speechAct": "(단언) 주장하기",
            "morpheme": "나라/NNG+지키/VV+느라/EC+고생/NNG+하/XSV+는/ETM+./SY+./SY"
          },
          {
            "id": 30,
            "text": "1 : 저도 꿈 꿈 꿈은 많이 꿨어요!",
            "norm_text": "저도 꿈 꿈 꿈은 많이 꿨어요!",
            "speaker": {
              "id": "1번",
              "sex": "여성",
              "age": "20대"
            },
            "speechAct": "(단언) 주장하기",
            "morpheme": "저/NP+도/JX+꿈/NNG+꿈/NNG+꿈/NNG+은/JX+많이/MAG+꿨/VV+EP+어요/EF"
          },
          {
            "id": 31,
            "text": "1 : 근데 필기시험 있다고해서 저는 다가갈 수 없었어요 하하",
            "norm_text": "근데 필기시험 있다고해서 저는 다가갈 수 없었어요 하하",
            "speaker": {
              "id": "1번",
              "sex": "여성",
              "age": "20대"
            },
            "speechAct": "(단언) 주장하기",
            "morpheme": "근데/MAJ+필기/NNG+시험/NNG+있/VV+다고/EC+해서/VV+EC+저/NP+는/JX+다가갈/VV+ETM+수/NNB+없/VA+었/EP+어요/EF+하하/MAG"
          },
          {
            "id": 32,
            "text": "2 : 헉 필기가 있는 줄은 몰랐네요!",
            "norm_text": "헉 필기가 있는 줄은 몰랐네요!",
            "speaker": {
              "id": "2번",
              "sex": "여성",
              "age": "20대"
            },
            "speechAct": "(단언) 주장하기",
            "morpheme": "헉/IC+필기/NNG+가/JKS+있/VA+는/ETM+줄/NNB+은/JX+몰랐/VV+EP+네요/EF"
          },
          {
            "id": 33,
            "text": "2 : 저는 윗몸 일으키기 정말 하나도 못하는데 (당연하지만) 엄청 잘 해야 한대서 바로 포기했어요 키키",
            "norm_text": "저는 윗몸 일으키기 정말 하나도 못하는데 (당연하지만) 엄청 잘 해야 한대서 바로 포기했어요 키키",
            "speaker": {
              "id": "2번",
              "sex": "여성",
              "age": "20대"
            },
            "speechAct": "(단언) 주장하기",
            "morpheme": "저/NP+는/JX+윗몸/NNG+일으키/VV+기/ETN+정말/MAG+하나/NR+도/JX+못하/VX+는데/EC+당연/XR+하/XSA+지만/EC+엄청/MAG+잘/MAG+해야/VV+EC+한대서/VV+EC+바로/MAG+포기/NNG+했/XSV+EP+어요/EF+키/NNG+키/XSV+ETN"
          },
          {
            "id": 34,
            "text": "2 : 만약에 필기 시험 없었으면 도전 했었을 것 같아요?",
            "norm_text": "만약에 필기 시험 없었으면 도전 했었을 것 같아요?",
            "speaker": {
              "id": "2번",
              "sex": "여성",
              "age": "20대"
            },
            "speechAct": "(지시) 질문하기",
            "morpheme": "만약/NNG+에/JKB+필기/NNG+시험/NNG+없/VA+었/EP+으면/EC+도전/NNG+했었/XSV+EP+을/ETM+것/NNB+같/VA+아요/EF"
          },
          {
            "id": 35,
            "text": "1 : 네네",
            "norm_text": "네네",
            "speaker": {
              "id": "1번",
              "sex": "여성",
              "age": "20대"
            },
            "speechAct": "(단언) 주장하기",
            "morpheme": "네/NP+네/XSN"
          },
          {
            "id": 36,
            "text": "1 : 체대입시 학원다닐 때  하던 종목들이 실기 시험 종목이랑 겹치는게 많고 점수기준이 체대 입시 기준 보다는 많이 낮아서 바로  도전했을  것 같아요!",
            "norm_text": "체대입시 학원다닐 때  하던 종목들이 실기 시험 종목이랑 겹치는게 많고 점수기준이 체대 입시 기준 보다는 많이 낮아서 바로  도전했을  것 같아요!",
            "speaker": {
              "id": "1번",
              "sex": "여성",
              "age": "20대"
            },
            "speechAct": "(단언) 주장하기",
            "morpheme": "체대/NNG+입시/NNG+학원/NNG+다닐/VV+ETM+때/NNG+하/XSV+던/ETM+종목/NNG+들/XSN+이/JKS+실기/NNG+시험/NNG+종목/NNG+이랑/JKB+겹치/VV+는/ETM+게/NNB+JKS+많/VA+고/EC+점수/NNG+기준/NNG+이/JKS+체대/NNG+입시/NNG+기준/NNG+보다/JKB+는/JX+많이/MAG+낮/VA+아서/EC+바로/MAG+도전/NNG+했/XSV+EP+을/ETM+것/NNB+같/VA+아요/EF"
          },
          {
            "id": 37,
            "text": "1 : 하지만 지금은 저도 못해요... 하하",
            "norm_text": "하지만 지금은 저도 못해요... 하하",
            "speaker": {
              "id": "1번",
              "sex": "여성",
              "age": "20대"
            },
            "speechAct": "(단언) 주장하기",
            "morpheme": "하지만/MAJ+지금/MAG+은/JX+저/NP+도/JX+못/MAG+해요/VV+EF+./SY+하하/MAG"
          },
          {
            "id": 38,
            "text": "1 : 어렸을 때 저의 혼자만의 생각이였습니다!",
            "norm_text": "어렸을 때 저의 혼자만의 생각이였습니다!",
            "speaker": {
              "id": "1번",
              "sex": "여성",
              "age": "20대"
            },
            "speechAct": "(단언) 주장하기",
            "morpheme": "어렸/VA+EP+을/ETM+때/NNG+저/NP+의/JKG+혼자/NNG+만/JX+의/JKG+생각/NNG+이/VCP+였/EP+습니다/EF"
          },
          {
            "id": 39,
            "text": "2 : 연예인들 중이 지금 군대 가신분 있나요?",
            "norm_text": "연예인들 중이 지금 군대 가신분 있나요?",
            "speaker": {
              "id": "2번",
              "sex": "여성",
              "age": "20대"
            },
            "speechAct": "(지시) 질문하기",
            "morpheme": "연예인/NNG+들/XSN+중/NNB+이/JKS+지금/MAG+군대/NNG+가/JKS+신분/NNG+있/VA+나요/EF"
          },
          {
            "id": 40,
            "text": "1 : 찾아보니까 프로듀서101 나온 한승우씨는 가신걸로 알고 장기용씨는 23일에 가신대여!",
            "norm_text": "찾아보니까 프로듀서101 나온 한승우씨는 가신걸로 알고 장기용씨는 23일에 가신대여!",
            "speaker": {
              "id": "1번",
              "sex": "여성",
              "age": "20대"
            },
            "speechAct": "(단언) 주장하기",
            "morpheme": "찾아보/VV+니까/EC+프로듀서/NNG+101/SN+나온/VV+ETM+한승우/NNP+씨/NNB+는/JX+가신/VV+ETM+걸로/NNB+JKB+알/VV+고/EC+장기용/NNP+씨/NNB+는/JX+23/SN+일/NNBC+에/JKB+가신/VV+ETM+대여/NNG"
          },
          {
            "id": 41,
            "text": "2 : 오오 장기용 대신에 저희 친오빠가 대신 갔으면 좋겠네요 ㅠㅠ 하하",
            "norm_text": "오오 장기용 대신에 저희 친오빠가 대신 갔으면 좋겠네요 ㅠㅠ 하하",
            "speaker": {
              "id": "2번",
              "sex": "여성",
              "age": "20대"
            },
            "speechAct": "(단언) 주장하기",
            "morpheme": "오/NR+오/NR+장기/NNG+용/XSN+대신/NNG+에/JKB+저희/NP+친오빠/NNG+가/JKS+대신/NNG+갔/VV+EP+으면/EC+좋/VA+겠/EP+네요/EF+ㅠㅠ/UNKNOWN+하하/MAG"
          }
        ]
      }
    }
  ]
}