{
  "dataset": {
    "identifier": 129756,
    "name": "NATEON_43_05_set",
    "src_path": "/data/file/cubeManager/PROJECT001/84/txt20211104173553026175/NATEON_43_05_set/",
    "label_path": "/data/file/cubeManager/PROJECT001/84/txt20211104173553026175/NATEON_43_05_set/",
    "category": 2,
    "type": 0
  },
  "licenses": {
    "name": "Apache License 1.0",
    "url": "http://www.apache.org/licenses/LICENSE-1.0"
  },
  "info": [
    {
      "id": 137252,
      "filename": "NATEON_43_05.txt",
      "title": "NATEON_43_05",
      "mediatype": "메신저",
      "medianame": "네이트온",
      "category": "일상대화",
      "date": "2021-11-04",
      "size": 423,
      "annotations": {
        "subject": "군대",
        "speaker_type": "다자간 대화",
        "size": 423,
        "word_size": 155,
        "text": "1 : 이번에 내 동생이 크림 사다 줬지롱\n2 : 오 드디어 동생이 크림 사다 줬네 키키\n3 : 아 진짜 무슨 크림? 키키\n1 : 그 유명한 달팽이 크림...\n2 : 어 달팽이 그거 진짜 좋아 키키\n3 : 크림 뭔데 좋아\n3 : 아 알아 키키\n1 : 피엑스에서 그렇게 싸다네 이게\n2 : 나도 동생 사다 주고 그랬는데 저렴해서 키키\n3 : 나도 써 봤어 키키\n3 : 좋아 키키 그거\n1 : 나 다음엔 마유 크림 부탁할 거야\n2 : 마유 크림 그건 또 뭐야 키키\n2 : 그것도 있어?\n3 : 동생이 사다 주고 좋은 동생이네 키키\n1 : 마유 크림도 그렇게 좋대\n2 : 달팽이 크림보다 그게 더 좋대?\n3 : 내 껏도 부탁해도 되나용 키키\n3 : 제발\n1 : 키키 크림은 다 사 오라고 해야겠어\n2 : 어어\n2 : 그냥 다 쓸어서 오라고 그래 키키\n3 : 달팽이보다 좋은 거래?\n3 : 와 나도 좀 줘",
        "lines": [
          {
            "id": 1,
            "text": "1 : 이번에 내 동생이 크림 사다 줬지롱",
            "norm_text": "이번에 내 동생이 크림 사다 줬지롱",
            "speaker": {
              "id": "1번",
              "sex": "여성",
              "age": "20대"
            },
            "speechAct": "(단언) 진술하기",
            "morpheme": "이번/NNG+에/JKB+내/NP+JKG+동생/NNG+이/JKS+크림/NNG+사/VV+다/EC+줬/VX+EP+지롱/EC"
          },
          {
            "id": 2,
            "text": "2 : 오 드디어 동생이 크림 사다 줬네 키키",
            "norm_text": "오 드디어 동생이 크림 사다 줬네 키키",
            "speaker": {
              "id": "2번",
              "sex": "남성",
              "age": "20대"
            },
            "speechAct": "(단언) 주장하기",
            "morpheme": "오/IC+드디어/MAG+동생/NNG+이/JKS+크림/NNG+사/VV+다/EC+줬/VX+EP+네/EF+키/NNG+키/XSV+ETN"
          },
          {
            "id": 3,
            "text": "3 : 아 진짜 무슨 크림? 키키",
            "norm_text": "아 진짜 무슨 크림? 키키",
            "speaker": {
              "id": "3번",
              "sex": "남성",
              "age": "20대"
            },
            "speechAct": "(지시) 질문하기",
            "morpheme": "아/IC+진짜/MAG+무슨/MM+크림/NNG+?/SY+키/NNG+키/XSV+ETN"
          },
          {
            "id": 4,
            "text": "1 : 그 유명한 달팽이 크림...",
            "norm_text": "그 유명한 달팽이 크림...",
            "speaker": {
              "id": "1번",
              "sex": "여성",
              "age": "20대"
            },
            "speechAct": "(단언) 진술하기",
            "morpheme": "그/MM+유명/NNG+한/XSA+ETM+달팽이/NNG+크림/NNG+./SY+./SY"
          },
          {
            "id": 5,
            "text": "2 : 어 달팽이 그거 진짜 좋아 키키",
            "norm_text": "어 달팽이 그거 진짜 좋아 키키",
            "speaker": {
              "id": "2번",
              "sex": "남성",
              "age": "20대"
            },
            "speechAct": "(단언) 주장하기",
            "morpheme": "어/IC+달팽이/NNG+그거/NP+진짜/MAG+좋/VA+아/EC+키/NNG+키/XSV+ETN"
          },
          {
            "id": 6,
            "text": "3 : 크림 뭔데 좋아",
            "norm_text": "크림 뭔데 좋아",
            "speaker": {
              "id": "3번",
              "sex": "남성",
              "age": "20대"
            },
            "speechAct": "(단언) 주장하기",
            "morpheme": "크림/NNG+뭔데/NP+VCP+EC+좋/VA+아/EC"
          },
          {
            "id": 7,
            "text": "3 : 아 알아 키키",
            "norm_text": "아 알아 키키",
            "speaker": {
              "id": "3번",
              "sex": "남성",
              "age": "20대"
            },
            "speechAct": "(단언) 주장하기",
            "morpheme": "아/IC+알/VV+아/EC+키/NNG+키/XSV+ETN"
          },
          {
            "id": 8,
            "text": "1 : 피엑스에서 그렇게 싸다네 이게",
            "norm_text": "피엑스에서 그렇게 싸다네 이게",
            "speaker": {
              "id": "1번",
              "sex": "여성",
              "age": "20대"
            },
            "speechAct": "(단언) 진술하기",
            "morpheme": "피엑스/NNG+에서/JKB+그렇게/MAG+싸/VV+다네/EC+이게/NP+JKS"
          },
          {
            "id": 9,
            "text": "2 : 나도 동생 사다 주고 그랬는데 저렴해서 키키",
            "norm_text": "나도 동생 사다 주고 그랬는데 저렴해서 키키",
            "speaker": {
              "id": "2번",
              "sex": "남성",
              "age": "20대"
            },
            "speechAct": "(단언) 진술하기",
            "morpheme": "나/NP+도/JX+동생/NNG+사/VV+다/EC+주/VX+고/EC+그랬/VV+EP+는데/EC+저렴/XR+해서/XSA+EC+키/NNG+키/XSV+ETN"
          },
          {
            "id": 10,
            "text": "3 : 나도 써 봤어 키키",
            "norm_text": "나도 써 봤어 키키",
            "speaker": {
              "id": "3번",
              "sex": "남성",
              "age": "20대"
            },
            "speechAct": "(단언) 진술하기",
            "morpheme": "나/NP+도/JX+써/VV+EC+봤/VX+EP+어/EC+키/NNG+키/XSV+ETN"
          },
          {
            "id": 11,
            "text": "3 : 좋아 키키 그거",
            "norm_text": "좋아 키키 그거",
            "speaker": {
              "id": "3번",
              "sex": "남성",
              "age": "20대"
            },
            "speechAct": "(단언) 주장하기",
            "morpheme": "좋/VA+아/EC+키/NNG+키/XSV+ETN+그거/NP"
          },
          {
            "id": 12,
            "text": "1 : 나 다음엔 마유 크림 부탁할 거야",
            "norm_text": "나 다음엔 마유 크림 부탁할 거야",
            "speaker": {
              "id": "1번",
              "sex": "여성",
              "age": "20대"
            },
            "speechAct": "(언약) 약속하기(제3자와)/(개인적 수준)",
            "morpheme": "나/NP+다음/NNG+엔/JKB+JX+마유/NNG+크림/NNG+부탁/NNG+할/XSV+ETM+거/NNB+야/VCP+EF"
          },
          {
            "id": 13,
            "text": "2 : 마유 크림 그건 또 뭐야 키키",
            "norm_text": "마유 크림 그건 또 뭐야 키키",
            "speaker": {
              "id": "2번",
              "sex": "남성",
              "age": "20대"
            },
            "speechAct": "(지시) 질문하기",
            "morpheme": "마유/NNG+크림/NNG+그건/NP+JX+또/MAG+뭐/IC+야키/NNP+키/NNG"
          },
          {
            "id": 14,
            "text": "2 : 그것도 있어?",
            "norm_text": "그것도 있어?",
            "speaker": {
              "id": "2번",
              "sex": "남성",
              "age": "20대"
            },
            "speechAct": "(지시) 질문하기",
            "morpheme": "그것/NP+도/JX+있/VA+어/EF"
          },
          {
            "id": 15,
            "text": "3 : 동생이 사다 주고 좋은 동생이네 키키",
            "norm_text": "동생이 사다 주고 좋은 동생이네 키키",
            "speaker": {
              "id": "3번",
              "sex": "남성",
              "age": "20대"
            },
            "speechAct": "(단언) 주장하기",
            "morpheme": "동생/NNG+이/JKS+사/VV+다/EC+주/VX+고/EC+좋/VA+은/ETM+동생/NNG+이/JKS+네/MM+키/NNG+키/XSV+ETN"
          },
          {
            "id": 16,
            "text": "1 : 마유 크림도 그렇게 좋대",
            "norm_text": "마유 크림도 그렇게 좋대",
            "speaker": {
              "id": "1번",
              "sex": "여성",
              "age": "20대"
            },
            "speechAct": "(단언) 주장하기",
            "morpheme": "마유/NNG+크림/NNG+도/JX+그렇게/MAG+좋/VA+대/EC"
          },
          {
            "id": 17,
            "text": "2 : 달팽이 크림보다 그게 더 좋대?",
            "norm_text": "달팽이 크림보다 그게 더 좋대?",
            "speaker": {
              "id": "2번",
              "sex": "남성",
              "age": "20대"
            },
            "speechAct": "(지시) 질문하기",
            "morpheme": "달팽이/NNG+크림/NNG+보다/JKB+그게/NP+JKS+더/MAG+좋/VA+대/EF"
          },
          {
            "id": 18,
            "text": "3 : 내 껏도 부탁해도 되나용 키키",
            "norm_text": "내 껏도 부탁해도 되나용 키키",
            "speaker": {
              "id": "3번",
              "sex": "남성",
              "age": "20대"
            },
            "speechAct": "(지시) 부탁하기",
            "morpheme": "내/MM+껏/NNB+도/JX+부탁/NNG+해도/XSV+EC+되/VV+EC+나용/NNG+키/NNG+키/XSV+ETN"
          },
          {
            "id": 19,
            "text": "3 : 제발",
            "norm_text": "제발",
            "speaker": {
              "id": "3번",
              "sex": "남성",
              "age": "20대"
            },
            "speechAct": "(지시) 부탁하기",
            "morpheme": "제발/NNG"
          },
          {
            "id": 20,
            "text": "1 : 키키 크림은 다 사 오라고 해야겠어",
            "norm_text": "키키 크림은 다 사 오라고 해야겠어",
            "speaker": {
              "id": "1번",
              "sex": "여성",
              "age": "20대"
            },
            "speechAct": "(단언) 주장하기",
            "morpheme": "키/NNG+키/NNG+크림/NNG+은/JX+다사/NNG+오/VV+라고/EC+해야/VX+EC+VX+겠/EP+어/EC"
          },
          {
            "id": 21,
            "text": "2 : 어어",
            "norm_text": "어어",
            "speaker": {
              "id": "2번",
              "sex": "남성",
              "age": "20대"
            },
            "speechAct": "턴토크 사인(관습적 반응)",
            "morpheme": "어/IC+어/IC"
          },
          {
            "id": 22,
            "text": "2 : 그냥 다 쓸어서 오라고 그래 키키",
            "norm_text": "그냥 다 쓸어서 오라고 그래 키키",
            "speaker": {
              "id": "2번",
              "sex": "남성",
              "age": "20대"
            },
            "speechAct": "(지시) 충고/제안하기",
            "morpheme": "그냥/MAG+다/MAG+쓸/VV+어서/EC+오/VV+라고/EC+그래/VV+EC+키/NNG+키/XSV+ETN"
          },
          {
            "id": 23,
            "text": "3 : 달팽이보다 좋은 거래?",
            "norm_text": "달팽이보다 좋은 거래?",
            "speaker": {
              "id": "3번",
              "sex": "남성",
              "age": "20대"
            },
            "speechAct": "(지시) 질문하기",
            "morpheme": "달팽이/NNG+보다/JKB+좋/VA+은/ETM+거/NNB+래/VCP+EF"
          },
          {
            "id": 24,
            "text": "3 : 와 나도 좀 줘",
            "norm_text": "와 나도 좀 줘",
            "speaker": {
              "id": "3번",
              "sex": "남성",
              "age": "20대"
            },
            "speechAct": "(지시) 명령/요구하기",
            "morpheme": "와나/NNP+도/JX+좀/MAG+줘/VV+EC"
          }
        ]
      }
    }
  ]
}