{
  "dataset": {
    "identifier": 117587,
    "name": "NATEON_31_05_set",
    "src_path": "/data/file/cubeManager/PROJECT001/80/txt20211102113529067776/NATEON_31_05_set/",
    "label_path": "/data/file/cubeManager/PROJECT001/80/txt20211102113529067776/NATEON_31_05_set/",
    "category": 2,
    "type": 0
  },
  "licenses": {
    "name": "Apache License 1.0",
    "url": "http://www.apache.org/licenses/LICENSE-1.0"
  },
  "info": [
    {
      "id": 129988,
      "filename": "NATEON_31_05.txt",
      "title": "NATEON_31_05",
      "mediatype": "메신저",
      "medianame": "네이트온",
      "category": "일상대화",
      "date": "2021-11-02",
      "size": 479,
      "annotations": {
        "subject": "군대",
        "speaker_type": "다자간 대화",
        "size": 479,
        "word_size": 166,
        "text": "1 : 내 동기 이번에 군대에서 휴대폰 쓰다가 걸렸대!\n2 : 엥 군대에서 쓰는 거 가능한 거 아니야?\n3 : 아니\n3 : 휴대폰 쓸 수 있지 않아?\n1 : 내야 하는 시간이 있는데 안 지켰나 봐\n2 : 아아 그것도 시간이 정해져 있나 보네 ㅠㅠ\n2 : 영상 통화만 안 되는 줄!\n3 : 아 그럼 그건 문제지ㅠ\n1 : 응 나도 자세하게는 모르는데 그러더라고\n2 : 그럼 그거 걸리면 어떻게 되는 거야?\n3 : 새로운 규칙이 생기면 지키기 어려워 ㅠ\n1 : 걸리면 아마 징계를 받지 않을까?\n2 : 워메 ㅠㅠ\n2 : 가 있는 동안 규칙 잘 지키라고 그래!\n3 : 아마 휴가 못 나올 거 같은데~\n1 : 그러니까 아마 휴가가 없어질 거 같아\n2 : 아 휴가 짤리는 거 진짜 싫겠다 ㅠㅠ...\n3 : 와 그거 진짜 최악의 징곈데\n1 : 그러게\n1 : 안 그래도 엉엉 울더라 키키\n2 : 그래도 다른 곳 끌려 가는 것보단 낫지 ㅠㅠ\n2 : 위로 잘 해 줘...\n3 : 그래도 잘못했으니까 벌은 받아야지~",
        "lines": [
          {
            "id": 1,
            "text": "1 : 내 동기 이번에 군대에서 휴대폰 쓰다가 걸렸대!",
            "norm_text": "내 동기 이번에 군대에서 휴대폰 쓰다가 걸렸대!",
            "speaker": {
              "id": "1번",
              "sex": "여성",
              "age": "20대"
            },
            "speechAct": "(단언) 진술하기",
            "morpheme": "내/NP+JKG+동기/NNG+이번/NNG+에/JKB+군대/NNG+에서/JKB+휴대폰/NNG+쓰/VV+다가/EC+걸렸/VV+EP+대/EF"
          },
          {
            "id": 2,
            "text": "2 : 엥 군대에서 쓰는 거 가능한 거 아니야?",
            "norm_text": "엥 군대에서 쓰는 거 가능한 거 아니야?",
            "speaker": {
              "id": "2번",
              "sex": "여성",
              "age": "20대"
            },
            "speechAct": "(지시) 질문하기",
            "morpheme": "엥/IC+군대/NNG+에서/JKB+쓰/VV+는/ETM+거/NNB+가능/NNG+한/XSA+ETM+거/NNB+아니/VCN+야/EF"
          },
          {
            "id": 3,
            "text": "3 : 아니",
            "norm_text": "아니",
            "speaker": {
              "id": "3번",
              "sex": "남성",
              "age": "20대"
            },
            "speechAct": "(단언) 주장하기",
            "morpheme": "아니/IC"
          },
          {
            "id": 4,
            "text": "3 : 휴대폰 쓸 수 있지 않아?",
            "norm_text": "휴대폰 쓸 수 있지 않아?",
            "speaker": {
              "id": "3번",
              "sex": "남성",
              "age": "20대"
            },
            "speechAct": "(지시) 질문하기",
            "morpheme": "휴대폰/NNG+쓸/VV+ETM+수/NNB+있/VV+지/EC+않/VX+아/EF"
          },
          {
            "id": 5,
            "text": "1 : 내야 하는 시간이 있는데 안 지켰나 봐",
            "norm_text": "내야 하는 시간이 있는데 안 지켰나 봐",
            "speaker": {
              "id": "1번",
              "sex": "여성",
              "age": "20대"
            },
            "speechAct": "(단언) 진술하기",
            "morpheme": "내야/NNG+하/XSV+는/ETM+시간/NNG+이/JKS+있/VV+는데/EC+안/MAG+지켰/VV+EP+나/EC+봐/VX+EC"
          },
          {
            "id": 6,
            "text": "2 : 아아 그것도 시간이 정해져 있나 보네 ㅠㅠ",
            "norm_text": "아아 그것도 시간이 정해져 있나 보네 ㅠㅠ",
            "speaker": {
              "id": "2번",
              "sex": "여성",
              "age": "20대"
            },
            "speechAct": "(단언) 주장하기",
            "morpheme": "아아/IC+그것/NP+도/JX+시간/NNG+이/JKS+정해져/VV+EC+VX+EC+있/VX+나/EC+보/VX+네/EF+ㅠㅠ/UNKNOWN"
          },
          {
            "id": 7,
            "text": "2 : 영상 통화만 안 되는 줄!",
            "norm_text": "영상 통화만 안 되는 줄!",
            "speaker": {
              "id": "2번",
              "sex": "여성",
              "age": "20대"
            },
            "speechAct": "(단언) 주장하기",
            "morpheme": "영상/NNG+통화/NNG+만/JX+안/MAG+되/VV+는/ETM+줄/NNB"
          },
          {
            "id": 8,
            "text": "3 : 아 그럼 그건 문제지ㅠ",
            "norm_text": "아 그럼 그건 문제지ㅠ",
            "speaker": {
              "id": "3번",
              "sex": "남성",
              "age": "20대"
            },
            "speechAct": "(단언) 주장하기",
            "morpheme": "아/IC+그럼/MAJ+그건/NP+JX+문제/NNG+지ㅠ/UNKNOWN"
          },
          {
            "id": 9,
            "text": "1 : 응 나도 자세하게는 모르는데 그러더라고",
            "norm_text": "응 나도 자세하게는 모르는데 그러더라고",
            "speaker": {
              "id": "1번",
              "sex": "여성",
              "age": "20대"
            },
            "speechAct": "(단언) 주장하기",
            "morpheme": "응/IC+나/NP+도/JX+자세/XR+하/XSA+게/EC+는/JX+모르/VV+는/ETM+데/NNB+그러/VV+더라고/EC"
          },
          {
            "id": 10,
            "text": "2 : 그럼 그거 걸리면 어떻게 되는 거야?",
            "norm_text": "그럼 그거 걸리면 어떻게 되는 거야?",
            "speaker": {
              "id": "2번",
              "sex": "여성",
              "age": "20대"
            },
            "speechAct": "(지시) 질문하기",
            "morpheme": "그럼/MAJ+그거/NP+걸리/VV+면/EC+어떻게/MAG+되/VV+는/ETM+거/NNB+야/VCP+EF"
          },
          {
            "id": 11,
            "text": "3 : 새로운 규칙이 생기면 지키기 어려워 ㅠ",
            "norm_text": "새로운 규칙이 생기면 지키기 어려워 ㅠ",
            "speaker": {
              "id": "3번",
              "sex": "남성",
              "age": "20대"
            },
            "speechAct": "(단언) 주장하기",
            "morpheme": "새로운/VA+ETM+규칙/NNG+이/JKS+생기/VV+면/EC+지키/VV+기/ETN+어려워/VA+EC+ㅠ/UNKNOWN"
          },
          {
            "id": 12,
            "text": "1 : 걸리면 아마 징계를 받지 않을까?",
            "norm_text": "걸리면 아마 징계를 받지 않을까?",
            "speaker": {
              "id": "1번",
              "sex": "여성",
              "age": "20대"
            },
            "speechAct": "(단언) 주장하기",
            "morpheme": "걸리/VV+면/EC+아마/MAG+징계/NNG+를/JKO+받/VV+지/EC+않/VX+을까/EF"
          },
          {
            "id": 13,
            "text": "2 : 워메 ㅠㅠ",
            "norm_text": "워메 ㅠㅠ",
            "speaker": {
              "id": "2번",
              "sex": "여성",
              "age": "20대"
            },
            "speechAct": "(단언) 주장하기",
            "morpheme": "워메ㅠㅠ/UNKNOWN"
          },
          {
            "id": 14,
            "text": "2 : 가 있는 동안 규칙 잘 지키라고 그래!",
            "norm_text": "가 있는 동안 규칙 잘 지키라고 그래!",
            "speaker": {
              "id": "2번",
              "sex": "여성",
              "age": "20대"
            },
            "speechAct": "(단언) 주장하기",
            "morpheme": "가/VV+EC+있/VX+는/ETM+동안/NNG+규칙/NNG+잘/MAG+지키/VV+라고/EC+그래/VV+EF"
          },
          {
            "id": 15,
            "text": "3 : 아마 휴가 못 나올 거 같은데~",
            "norm_text": "아마 휴가 못 나올 거 같은데~",
            "speaker": {
              "id": "3번",
              "sex": "남성",
              "age": "20대"
            },
            "speechAct": "(단언) 주장하기",
            "morpheme": "아/IC+마휴/NNP+가/JKS+못/MAG+나올/VV+ETM+거/NNB+같/VA+은데/EC+~/SY"
          },
          {
            "id": 16,
            "text": "1 : 그러니까 아마 휴가가 없어질 거 같아",
            "norm_text": "그러니까 아마 휴가가 없어질 거 같아",
            "speaker": {
              "id": "1번",
              "sex": "여성",
              "age": "20대"
            },
            "speechAct": "(단언) 주장하기",
            "morpheme": "그러니까/MAJ+아마/MAG+휴가/NNG+가/JKS+없/VA+어/EC+질/VX+ETM+거/NNB+같/VA+아/EC"
          },
          {
            "id": 17,
            "text": "2 : 아 휴가 짤리는 거 진짜 싫겠다 ㅠㅠ...",
            "norm_text": "아 휴가 짤리는 거 진짜 싫겠다 ㅠㅠ...",
            "speaker": {
              "id": "2번",
              "sex": "여성",
              "age": "20대"
            },
            "speechAct": "(단언) 주장하기",
            "morpheme": "아휴가짤리는거진짜싫겠다ㅠㅠ/UNKNOWN+./SY"
          },
          {
            "id": 18,
            "text": "3 : 와 그거 진짜 최악의 징곈데",
            "norm_text": "와 그거 진짜 최악의 징곈데",
            "speaker": {
              "id": "3번",
              "sex": "남성",
              "age": "20대"
            },
            "speechAct": "(단언) 주장하기",
            "morpheme": "와/IC+그거/NP+진짜/MAG+최악/NNG+의/JKG+징곈/UNKNOWN+데/NNB"
          },
          {
            "id": 19,
            "text": "1 : 그러게",
            "norm_text": "그러게",
            "speaker": {
              "id": "1번",
              "sex": "여성",
              "age": "20대"
            },
            "speechAct": "(단언) 주장하기",
            "morpheme": "그러/VV+게/EC"
          },
          {
            "id": 20,
            "text": "1 : 안 그래도 엉엉 울더라 키키",
            "norm_text": "안 그래도 엉엉 울더라 키키",
            "speaker": {
              "id": "1번",
              "sex": "여성",
              "age": "20대"
            },
            "speechAct": "(단언) 진술하기",
            "morpheme": "안/MAG+그래도/VV+EC+엉엉/MAG+울/VV+더라/EC+키/NNG+키/XSV+ETN"
          },
          {
            "id": 21,
            "text": "2 : 그래도 다른 곳 끌려 가는 것보단 낫지 ㅠㅠ",
            "norm_text": "그래도 다른 곳 끌려 가는 것보단 낫지 ㅠㅠ",
            "speaker": {
              "id": "2번",
              "sex": "여성",
              "age": "20대"
            },
            "speechAct": "(단언) 주장하기",
            "morpheme": "그래도/MAJ+다른/MM+곳/NNB+끌려가/VV+는/ETM+것/NNB+보단/JKB+JX+낫/VA+지/EC+ㅠㅠ/UNKNOWN"
          },
          {
            "id": 22,
            "text": "2 : 위로 잘 해 줘...",
            "norm_text": "위로 잘 해 줘...",
            "speaker": {
              "id": "2번",
              "sex": "여성",
              "age": "20대"
            },
            "speechAct": "(단언) 주장하기",
            "morpheme": "위/NNG+로/JKB+잘/MAG+해/VV+EC+줘/VX+EF+./SY"
          },
          {
            "id": 23,
            "text": "3 : 그래도 잘못했으니까 벌은 받아야지~",
            "norm_text": "그래도 잘못했으니까 벌은 받아야지~",
            "speaker": {
              "id": "3번",
              "sex": "남성",
              "age": "20대"
            },
            "speechAct": "(단언) 주장하기",
            "morpheme": "그래도/MAJ+잘못/MAG+했/VV+EP+으니까/EC+벌/NNG+은/JX+받/VV+아야지/EC+~/SY"
          }
        ]
      }
    }
  ]
}