{
  "dataset": {
    "identifier": 124864,
    "name": "NATEON_45_02_set",
    "src_path": "/data/file/cubeManager/PROJECT001/84/txt20211105113423083617/NATEON_45_02_set/",
    "label_path": "/data/file/cubeManager/PROJECT001/84/txt20211105113423083617/NATEON_45_02_set/",
    "category": 2,
    "type": 0
  },
  "licenses": {
    "name": "Apache License 1.0",
    "url": "http://www.apache.org/licenses/LICENSE-1.0"
  },
  "info": [
    {
      "id": 138897,
      "filename": "NATEON_45_02.txt",
      "title": "NATEON_45_02",
      "mediatype": "메신저",
      "medianame": "네이트온",
      "category": "일상대화",
      "date": "2021-11-05",
      "size": 422,
      "annotations": {
        "subject": "주거와 생활",
        "speaker_type": "다자간 대화",
        "size": 422,
        "word_size": 153,
        "text": "1 : 나 이번에 이불커버 사려고ㅠ\n2 : 어 겨울 걸로 바꿔 줄 때 됐지 키키\n3 : 너 이불 커버 얼마 전에 샀잖아?\n1 : 응 근데 강아지가 물어 뜯었어 ㅠ\n2 : 헐 강아지 ㅠㅠ\n2 : 왜 그랬어 애기야...\n3 : 아이고 또 물어 뜯었나 보네 키키\n1 : 그래서 이참에 겨울 꺼 사려고...\n2 : 어어 그러니까 겨울 거 두툼한 거 사\n3 : 어디서 사려고 생각 중이야?\n1 : 음... 아마도 그냥 오프에서 살 거 같은데?\n2 : 난 이불 촉감 좋은 거 좋더라 키키 보돌보돌 한 거 키키\n3 : 맞아 푹신 푹신한 거 도톰하고\n1 : 맞아\n1 : 나도 그런 거 좋아하는데 하하\n2 : 어어 이불도 진짜 좋은 거 많아\n2 : 키키 오프에서 사\n3 : 이불이 그래야 잠이 잘 와\n1 : 응 그래서 지금 나가서 보려고\n2 : 응 이쁜 거 잘 고르고 하하\n3 : 그래 보고 사면 연락 줘!",
        "lines": [
          {
            "id": 1,
            "text": "1 : 나 이번에 이불커버 사려고ㅠ",
            "norm_text": "나 이번에 이불커버 사려고ㅠ",
            "speaker": {
              "id": "1번",
              "sex": "여성",
              "age": "20대"
            },
            "speechAct": "(단언) 주장하기",
            "morpheme": "나/NP+이번/NNG+에/JKB+이불/NNG+커버/NNG+사려/VV+EC+고ㅠ/UNKNOWN"
          },
          {
            "id": 2,
            "text": "2 : 어 겨울 걸로 바꿔 줄 때 됐지 키키",
            "norm_text": "어 겨울 걸로 바꿔 줄 때 됐지 키키",
            "speaker": {
              "id": "2번",
              "sex": "여성",
              "age": "20대"
            },
            "speechAct": "(단언) 주장하기",
            "morpheme": "어/IC+겨울/NNG+걸로/NNB+JKB+바꿔/VV+EC+줄/VX+ETM+때/NNG+됐/XSV+EP+지/EC+키/NNG+키/XSV+ETN"
          },
          {
            "id": 3,
            "text": "3 : 너 이불 커버 얼마 전에 샀잖아?",
            "norm_text": "너 이불 커버 얼마 전에 샀잖아?",
            "speaker": {
              "id": "3번",
              "sex": "남성",
              "age": "20대"
            },
            "speechAct": "(지시) 질문하기",
            "morpheme": "너/NP+이불/NNG+커버/NNG+얼마/NNG+전/NNG+에/JKB+샀/VV+EP+잖아/EF"
          },
          {
            "id": 4,
            "text": "1 : 응 근데 강아지가 물어 뜯었어 ㅠ",
            "norm_text": "응 근데 강아지가 물어 뜯었어 ㅠ",
            "speaker": {
              "id": "1번",
              "sex": "여성",
              "age": "20대"
            },
            "speechAct": "(단언) 진술하기",
            "morpheme": "응/IC+근데/MAJ+강아지/NNG+가/JKS+물어뜯/VV+었/EP+어ㅠ/UNKNOWN"
          },
          {
            "id": 5,
            "text": "2 : 헐 강아지 ㅠㅠ",
            "norm_text": "헐 강아지 ㅠㅠ",
            "speaker": {
              "id": "2번",
              "sex": "여성",
              "age": "20대"
            },
            "speechAct": "(단언) 주장하기",
            "morpheme": "헐강아지ㅠㅠ/UNKNOWN"
          },
          {
            "id": 6,
            "text": "2 : 왜 그랬어 애기야...",
            "norm_text": "왜 그랬어 애기야...",
            "speaker": {
              "id": "2번",
              "sex": "여성",
              "age": "20대"
            },
            "speechAct": "(단언) 주장하기",
            "morpheme": "왜/MAG+그랬/VV+EP+어/EC+애기/NNG+야/VCP+EF+./SY"
          },
          {
            "id": 7,
            "text": "3 : 아이고 또 물어 뜯었나 보네 키키",
            "norm_text": "아이고 또 물어 뜯었나 보네 키키",
            "speaker": {
              "id": "3번",
              "sex": "남성",
              "age": "20대"
            },
            "speechAct": "(단언) 주장하기",
            "morpheme": "아이고/IC+또/MAG+물어뜯/VV+었/EP+나/EC+보/VX+네/EF+키/NNG+키/XSV+ETN"
          },
          {
            "id": 8,
            "text": "1 : 그래서 이참에 겨울 꺼 사려고...",
            "norm_text": "그래서 이참에 겨울 꺼 사려고...",
            "speaker": {
              "id": "1번",
              "sex": "여성",
              "age": "20대"
            },
            "speechAct": "(단언) 주장하기",
            "morpheme": "그래서/MAJ+이/MM+참/NNB+에/JKB+겨울/NNG+꺼/VV+EC+사/VV+려고/EF+./SY"
          },
          {
            "id": 9,
            "text": "2 : 어어 그러니까 겨울 거 두툼한 거 사",
            "norm_text": "어어 그러니까 겨울 거 두툼한 거 사",
            "speaker": {
              "id": "2번",
              "sex": "여성",
              "age": "20대"
            },
            "speechAct": "(단언) 주장하기",
            "morpheme": "어/IC+어/IC+그러니까/MAJ+겨울/NNG+거/NNB+두툼/XR+한/XSA+ETM+거사/NNG"
          },
          {
            "id": 10,
            "text": "3 : 어디서 사려고 생각 중이야?",
            "norm_text": "어디서 사려고 생각 중이야?",
            "speaker": {
              "id": "3번",
              "sex": "남성",
              "age": "20대"
            },
            "speechAct": "(지시) 질문하기",
            "morpheme": "어디/NP+서/JKB+사/VV+려고/EC+생각/NNG+중/NNB+이/VCP+야/EF"
          },
          {
            "id": 11,
            "text": "1 : 음... 아마도 그냥 오프에서 살 거 같은데?",
            "norm_text": "음... 아마도 그냥 오프에서 살 거 같은데?",
            "speaker": {
              "id": "1번",
              "sex": "여성",
              "age": "20대"
            },
            "speechAct": "(단언) 주장하기",
            "morpheme": "음/IC+./SY+아마도/MAG+그냥/MAG+오프/NNG+에서/JKB+살/VV+ETM+거/NNB+같/VA+은데/EF"
          },
          {
            "id": 12,
            "text": "2 : 난 이불 촉감 좋은 거 좋더라 키키 보돌보돌 한 거 키키",
            "norm_text": "난 이불 촉감 좋은 거 좋더라 키키 보돌보돌 한 거 키키",
            "speaker": {
              "id": "2번",
              "sex": "여성",
              "age": "20대"
            },
            "speechAct": "(단언) 주장하기",
            "morpheme": "난/NP+JX+이/MM+불촉/NNG+감/XSN+좋/VA+은/ETM+거/NNB+좋/VA+더라/EC+키/NNG+키/NNG+보돌/NNG+보돌/NNG+한/XSA+ETM+거/NNB+키/NNG+키/XSV+ETN"
          },
          {
            "id": 13,
            "text": "3 : 맞아 푹신 푹신한 거 도톰하고",
            "norm_text": "맞아 푹신 푹신한 거 도톰하고",
            "speaker": {
              "id": "3번",
              "sex": "남성",
              "age": "20대"
            },
            "speechAct": "(단언) 주장하기",
            "morpheme": "맞/VV+아/EC+푹신/MAG+푹신/XR+한/XSA+ETM+거/NNB+도/JX+톰/NNG+하/XSV+고/EC"
          },
          {
            "id": 14,
            "text": "1 : 맞아",
            "norm_text": "맞아",
            "speaker": {
              "id": "1번",
              "sex": "여성",
              "age": "20대"
            },
            "speechAct": "(단언) 주장하기",
            "morpheme": "맞/VV+아/EC"
          },
          {
            "id": 15,
            "text": "1 : 나도 그런 거 좋아하는데 하하",
            "norm_text": "나도 그런 거 좋아하는데 하하",
            "speaker": {
              "id": "1번",
              "sex": "여성",
              "age": "20대"
            },
            "speechAct": "(단언) 주장하기",
            "morpheme": "나/NP+도/JX+그런/MM+거/NNB+좋/VA+아/EC+하/VV+는데/EC+하하/MAG"
          },
          {
            "id": 16,
            "text": "2 : 어어 이불도 진짜 좋은 거 많아",
            "norm_text": "어어 이불도 진짜 좋은 거 많아",
            "speaker": {
              "id": "2번",
              "sex": "여성",
              "age": "20대"
            },
            "speechAct": "(단언) 주장하기",
            "morpheme": "어/IC+어/IC+이불/NNG+도/JX+진짜/MAG+좋/VA+은/ETM+거/NNB+많/VA+아/EC"
          },
          {
            "id": 17,
            "text": "2 : 키키 오프에서 사",
            "norm_text": "키키 오프에서 사",
            "speaker": {
              "id": "2번",
              "sex": "여성",
              "age": "20대"
            },
            "speechAct": "(단언) 주장하기",
            "morpheme": "키/NNG+키/NNG+오프/NNG+에서/JKB+사/VV+EC"
          },
          {
            "id": 18,
            "text": "3 : 이불이 그래야 잠이 잘 와",
            "norm_text": "이불이 그래야 잠이 잘 와",
            "speaker": {
              "id": "3번",
              "sex": "남성",
              "age": "20대"
            },
            "speechAct": "(단언) 주장하기",
            "morpheme": "이불/NNG+이/JKS+그래야/VV+EC+잠/NNG+이/JKS+잘/MAG+와/VV+EC"
          },
          {
            "id": 19,
            "text": "1 : 응 그래서 지금 나가서 보려고",
            "norm_text": "응 그래서 지금 나가서 보려고",
            "speaker": {
              "id": "1번",
              "sex": "여성",
              "age": "20대"
            },
            "speechAct": "(단언) 주장하기",
            "morpheme": "응/IC+그래서/MAJ+지금/MAG+나가/VV+서/EC+보/VX+려고/EC"
          },
          {
            "id": 20,
            "text": "2 : 응 이쁜 거 잘 고르고 하하",
            "norm_text": "응 이쁜 거 잘 고르고 하하",
            "speaker": {
              "id": "2번",
              "sex": "여성",
              "age": "20대"
            },
            "speechAct": "(단언) 주장하기",
            "morpheme": "응/IC+이쁜/VA+ETM+거/NNB+잘/MAG+고르/VV+고/EC+하하/MAG"
          },
          {
            "id": 21,
            "text": "3 : 그래 보고 사면 연락 줘!",
            "norm_text": "그래 보고 사면 연락 줘!",
            "speaker": {
              "id": "3번",
              "sex": "남성",
              "age": "20대"
            },
            "speechAct": "(단언) 주장하기",
            "morpheme": "그래/VA+EC+보/VX+고/EC+사면/NNG+연락/NNG+줘/VV+EF"
          }
        ]
      }
    }
  ]
}