{
  "dataset": {
    "identifier": 127952,
    "name": "NATEON_40_07_set",
    "src_path": "/data/file/cubeManager/PROJECT001/84/txt20211108181225086533/NATEON_40_07_set/",
    "label_path": "/data/file/cubeManager/PROJECT001/84/txt20211108181225086533/NATEON_40_07_set/",
    "category": 2,
    "type": 0
  },
  "licenses": {
    "name": "Apache License 1.0",
    "url": "http://www.apache.org/licenses/LICENSE-1.0"
  },
  "info": [
    {
      "id": 141911,
      "filename": "NATEON_40_07.txt",
      "title": "NATEON_40_07",
      "mediatype": "메신저",
      "medianame": "네이트온",
      "category": "일상대화",
      "date": "2021-11-08",
      "size": 406,
      "annotations": {
        "subject": "가족",
        "speaker_type": "다자간 대화",
        "size": 406,
        "word_size": 144,
        "text": "1 : 가족 여행 안 가 너희?\n2 : 웅 우리는 잘 안 가 키키\n3 : 나 맨날 가 가족들이랑 키키\n1 : 왜 같이 여행 가면 좋은데\n2 : 너네 이번에 여행 가?\n3 : 나는 맨날 포항 가고 제주도 가고\n1 : 이번 기회에 가는 게 어때\n2 : 우리는 아빠가 움직이는 거 싫어해 키키\n3 : 제주도에 우리 할머니 살아서 맨날 놀러 가 키키\n1 : 키키 움직이는 거 싫어도 가면 좋은데\n2 : 대박 부럽다 나도 놀러 가고 싶어 ㅠㅠ\n3 : 다같이 놀러 가면 신나 재미있어\n1 : 키키 제주도는 나도 진짜 가고 싶다\n2 : 맞아 놀러 가면 좋은데 우리 아빠는 안 그래 ㅠㅠ\n3 : 진짜 가족들이랑 가면 많이 싸우긴 해 키키\n1 : 다음에 우리끼리 제주도 가자\n2 : 제주도 가서 고등어 회 먹어야 되는데 키키\n3 : 가족끼리 가면 엄마 아빠 너무 싸워 ㅠㅠ",
        "lines": [
          {
            "id": 1,
            "text": "1 : 가족 여행 안 가 너희?",
            "norm_text": "가족 여행 안 가 너희?",
            "speaker": {
              "id": "1번",
              "sex": "여성",
              "age": "20대"
            },
            "speechAct": "(지시) 질문하기",
            "morpheme": "가족/NNG+여행/NNG+안/MAG+가/VV+EC+너희/NP"
          },
          {
            "id": 2,
            "text": "2 : 웅 우리는 잘 안 가 키키",
            "norm_text": "웅 우리는 잘 안 가 키키",
            "speaker": {
              "id": "2번",
              "sex": "남성",
              "age": "20대"
            },
            "speechAct": "(단언) 진술하기",
            "morpheme": "웅/IC+우리/NP+는/JX+잘/MAG+안/MAG+가/VV+EC+키/NNG+키/XSV+ETN"
          },
          {
            "id": 3,
            "text": "3 : 나 맨날 가 가족들이랑 키키",
            "norm_text": "나 맨날 가 가족들이랑 키키",
            "speaker": {
              "id": "3번",
              "sex": "남성",
              "age": "20대"
            },
            "speechAct": "(단언) 진술하기",
            "morpheme": "나/NP+맨날/MAG+가/VV+EC+가족/NNG+들/XSN+이랑/JKB+키/NNG+키/XSV+ETN"
          },
          {
            "id": 4,
            "text": "1 : 왜 같이 여행 가면 좋은데",
            "norm_text": "왜 같이 여행 가면 좋은데",
            "speaker": {
              "id": "1번",
              "sex": "여성",
              "age": "20대"
            },
            "speechAct": "(단언) 주장하기",
            "morpheme": "왜/MAG+같이/MAG+여행/NNG+가/VV+면/EC+좋/VA+은데/EC"
          },
          {
            "id": 5,
            "text": "2 : 너네 이번에 여행 가?",
            "norm_text": "너네 이번에 여행 가?",
            "speaker": {
              "id": "2번",
              "sex": "남성",
              "age": "20대"
            },
            "speechAct": "(지시) 질문하기",
            "morpheme": "너/NP+네/XSN+이번/NNG+에/JKB+여행가/NNG"
          },
          {
            "id": 6,
            "text": "3 : 나는 맨날 포항 가고 제주도 가고",
            "norm_text": "나는 맨날 포항 가고 제주도 가고",
            "speaker": {
              "id": "3번",
              "sex": "남성",
              "age": "20대"
            },
            "speechAct": "(단언) 진술하기",
            "morpheme": "나/NP+는/JX+맨날/MAG+포항/NNG+가/VV+고/EC+제주/NNP+도/JX+가/VV+고/EC"
          },
          {
            "id": 7,
            "text": "1 : 이번 기회에 가는 게 어때",
            "norm_text": "이번 기회에 가는 게 어때",
            "speaker": {
              "id": "1번",
              "sex": "여성",
              "age": "20대"
            },
            "speechAct": "(지시) 충고/제안하기",
            "morpheme": "이번/NNG+기회/NNG+에/JKB+가/VV+는/ETM+게/NNB+JKS+어때/VA+EC"
          },
          {
            "id": 8,
            "text": "2 : 우리는 아빠가 움직이는 거 싫어해 키키",
            "norm_text": "우리는 아빠가 움직이는 거 싫어해 키키",
            "speaker": {
              "id": "2번",
              "sex": "남성",
              "age": "20대"
            },
            "speechAct": "(단언) 주장하기",
            "morpheme": "우리/NP+는/JX+아빠/NNG+가/JKS+움직이/VV+는/ETM+거/NNB+싫/VA+어/EC+해/VV+EC+키/NNG+키/XSV+ETN"
          },
          {
            "id": 9,
            "text": "3 : 제주도에 우리 할머니 살아서 맨날 놀러 가 키키",
            "norm_text": "제주도에 우리 할머니 살아서 맨날 놀러 가 키키",
            "speaker": {
              "id": "3번",
              "sex": "남성",
              "age": "20대"
            },
            "speechAct": "(단언) 진술하기",
            "morpheme": "제주도/NNP+에/JKB+우리/NP+할머니/NNG+살/VV+아서/EC+맨날/MAG+놀러/NNP+가/JKS+키/NNG+키/XSV+ETN"
          },
          {
            "id": 10,
            "text": "1 : 키키 움직이는 거 싫어도 가면 좋은데",
            "norm_text": "키키 움직이는 거 싫어도 가면 좋은데",
            "speaker": {
              "id": "1번",
              "sex": "여성",
              "age": "20대"
            },
            "speechAct": "(단언) 주장하기",
            "morpheme": "키/NNG+키/XSV+ETN+움직이/VV+는/ETM+거/NNB+싫/VA+어도/EC+가/VX+면/EC+좋/VA+은데/EC"
          },
          {
            "id": 11,
            "text": "2 : 대박 부럽다 나도 놀러 가고 싶어 ㅠㅠ",
            "norm_text": "대박 부럽다 나도 놀러 가고 싶어 ㅠㅠ",
            "speaker": {
              "id": "2번",
              "sex": "남성",
              "age": "20대"
            },
            "speechAct": "(단언) 주장하기",
            "morpheme": "대박/NNG+부럽/VA+다/EF+나/NP+도/JX+놀/VV+러/EC+가/VX+고/EC+싶/VX+어/EC+ㅠㅠ/UNKNOWN"
          },
          {
            "id": 12,
            "text": "3 : 다같이 놀러 가면 신나 재미있어",
            "norm_text": "다같이 놀러 가면 신나 재미있어",
            "speaker": {
              "id": "3번",
              "sex": "남성",
              "age": "20대"
            },
            "speechAct": "(단언) 주장하기",
            "morpheme": "다/MAG+같이/MAG+놀/VV+러/EC+가/VX+면/EC+신나/VV+EC+재미있/VA+어/EC"
          },
          {
            "id": 13,
            "text": "1 : 키키 제주도는 나도 진짜 가고 싶다",
            "norm_text": "키키 제주도는 나도 진짜 가고 싶다",
            "speaker": {
              "id": "1번",
              "sex": "여성",
              "age": "20대"
            },
            "speechAct": "(단언) 주장하기",
            "morpheme": "키키/NNP+제주도/NNP+는/JX+나/NP+도/JX+진짜/MAG+가/VV+고/EC+싶/VX+다/EC"
          },
          {
            "id": 14,
            "text": "2 : 맞아 놀러 가면 좋은데 우리 아빠는 안 그래 ㅠㅠ",
            "norm_text": "맞아 놀러 가면 좋은데 우리 아빠는 안 그래 ㅠㅠ",
            "speaker": {
              "id": "2번",
              "sex": "남성",
              "age": "20대"
            },
            "speechAct": "(단언) 진술하기",
            "morpheme": "맞/VV+아/EC+놀/VV+러/EC+가/VX+면/EC+좋/VA+은데/EC+우리/NP+아빠/NNG+는/JX+안/MAG+그래/VV+EC+ㅠㅠ/UNKNOWN"
          },
          {
            "id": 15,
            "text": "3 : 진짜 가족들이랑 가면 많이 싸우긴 해 키키",
            "norm_text": "진짜 가족들이랑 가면 많이 싸우긴 해 키키",
            "speaker": {
              "id": "3번",
              "sex": "남성",
              "age": "20대"
            },
            "speechAct": "(단언) 주장하기",
            "morpheme": "진짜/MAG+가족/NNG+들/XSN+이랑/JKB+가/VV+면/EC+많이/MAG+싸우/VV+긴/ETN+JX+해/VX+EC+키/NNG+키/XSV+ETN"
          },
          {
            "id": 16,
            "text": "1 : 다음에 우리끼리 제주도 가자",
            "norm_text": "다음에 우리끼리 제주도 가자",
            "speaker": {
              "id": "1번",
              "sex": "여성",
              "age": "20대"
            },
            "speechAct": "(지시) 충고/제안하기",
            "morpheme": "다음/NNG+에/JKB+우리/NP+끼리/XSN+제주/NNP+도/JX+가/VV+자/EC"
          },
          {
            "id": 17,
            "text": "2 : 제주도 가서 고등어 회 먹어야 되는데 키키",
            "norm_text": "제주도 가서 고등어 회 먹어야 되는데 키키",
            "speaker": {
              "id": "2번",
              "sex": "남성",
              "age": "20대"
            },
            "speechAct": "(단언) 주장하기",
            "morpheme": "제주도/NNP+가/JKS+서고/NNG+등/NNB+어회/NNG+먹/VV+어야/EC+되/VV+는데/EC+키/NNG+키/XSV+ETN"
          },
          {
            "id": 18,
            "text": "3 : 가족끼리 가면 엄마 아빠 너무 싸워 ㅠㅠ",
            "norm_text": "가족끼리 가면 엄마 아빠 너무 싸워 ㅠㅠ",
            "speaker": {
              "id": "3번",
              "sex": "남성",
              "age": "20대"
            },
            "speechAct": "(단언) 진술하기",
            "morpheme": "가족/NNG+끼리/XSN+가/VV+면/EC+엄마/NNG+아빠/NNG+너무/MAG+싸워/VV+EC+ㅠㅠ/UNKNOWN"
          }
        ]
      }
    }
  ]
}