{
  "dataset": {
    "identifier": 124209,
    "name": "NATEON_45_06_set",
    "src_path": "/data/file/cubeManager/PROJECT001/84/txt202111051134230868100/NATEON_45_06_set/",
    "label_path": "/data/file/cubeManager/PROJECT001/84/txt202111051134230868100/NATEON_45_06_set/",
    "category": 2,
    "type": 0
  },
  "licenses": {
    "name": "Apache License 1.0",
    "url": "http://www.apache.org/licenses/LICENSE-1.0"
  },
  "info": [
    {
      "id": 138901,
      "filename": "NATEON_45_06.txt",
      "title": "NATEON_45_06",
      "mediatype": "메신저",
      "medianame": "네이트온",
      "category": "일상대화",
      "date": "2021-11-05",
      "size": 413,
      "annotations": {
        "subject": "교육",
        "speaker_type": "다자간 대화",
        "size": 413,
        "word_size": 144,
        "text": "1 : 나 이번에 hsk6급 떨어졌어ㅠ\n2 : 그건 무슨 시험 본거야 ㅠㅠ\n3 : 아이고 너 준비 많이 했는데ㅠ\n1 : hsk는 중국어 능력 시험이야\n2 : 아 맞아 너 중국어 거기 전공이지 하하\n3 : 너 나중에 hskk도 본다며?\n1 : 그건 더 빡세게 준비해야지\n2 : 헐 더 열심히 해야겠네 ㅠㅠ\n2 : 놀지 말고 공부 집중하자!\n3 : 그래 성조도 더 빡세게 연습하고\n1 : 응 그건 말하기 시험이니까 더 떨려 ㅠ\n2 : 맞아 평소에 알던 것도 기억 안 날 거 같아 ㅠㅠ\n3 : 키키 그거 보고 다른 시험도 잘 준비해~\n1 : 응 안 그래도 그래야지 참 ㅠㅠ\n2 : 너 진짜 열심히 하는 거 같아 ㅠㅠ 멋있어\n3 : 떨어진 건 얼른 잊어 버리고@\n1 : 다들 위로해줘서 너무 고마워 ㅠ\n2 : 열심히 하니까 잘 할 수 있을 거야!\n3 : 아니야~ 내 친군데 뭘~",
        "lines": [
          {
            "id": 1,
            "text": "1 : 나 이번에 hsk6급 떨어졌어ㅠ",
            "norm_text": "나 이번에 hsk6급 떨어졌어ㅠ",
            "speaker": {
              "id": "1번",
              "sex": "여성",
              "age": "20대"
            },
            "speechAct": "(단언) 진술하기",
            "morpheme": "나/NP+이번/NNG+에/JKB+hsk/SL+6/SN+급떨어졌어ㅠ/UNKNOWN"
          },
          {
            "id": 2,
            "text": "2 : 그건 무슨 시험 본거야 ㅠㅠ",
            "norm_text": "그건 무슨 시험 본거야 ㅠㅠ",
            "speaker": {
              "id": "2번",
              "sex": "여성",
              "age": "20대"
            },
            "speechAct": "(지시) 질문하기",
            "morpheme": "그건/NP+JX+무슨/MM+시험/NNG+본/VV+ETM+거/NNB+야/VCP+EF+ㅠㅠ/UNKNOWN"
          },
          {
            "id": 3,
            "text": "3 : 아이고 너 준비 많이 했는데ㅠ",
            "norm_text": "아이고 너 준비 많이 했는데ㅠ",
            "speaker": {
              "id": "3번",
              "sex": "남성",
              "age": "20대"
            },
            "speechAct": "(단언) 주장하기",
            "morpheme": "아이고/IC+너/NP+준비/NNG+많이/MAG+했/VV+EP+는데/EC+ㅠ/UNKNOWN"
          },
          {
            "id": 4,
            "text": "1 : hsk는 중국어 능력 시험이야",
            "norm_text": "hsk는 중국어 능력 시험이야",
            "speaker": {
              "id": "1번",
              "sex": "여성",
              "age": "20대"
            },
            "speechAct": "(단언) 진술하기",
            "morpheme": "hsk/SL+는/JX+중국어/NNG+능력/NNG+시험/NNG+이/VCP+야/EC"
          },
          {
            "id": 5,
            "text": "2 : 아 맞아 너 중국어 거기 전공이지 하하",
            "norm_text": "아 맞아 너 중국어 거기 전공이지 하하",
            "speaker": {
              "id": "2번",
              "sex": "여성",
              "age": "20대"
            },
            "speechAct": "(단언) 진술하기",
            "morpheme": "아/IC+맞아/IC+너/NP+중국어/NNG+거기/NP+전공/NNG+이/JKS+지하/NNG+하/XSV"
          },
          {
            "id": 6,
            "text": "3 : 너 나중에 hskk도 본다며?",
            "norm_text": "너 나중에 hskk도 본다며?",
            "speaker": {
              "id": "3번",
              "sex": "남성",
              "age": "20대"
            },
            "speechAct": "(단언) 진술하기",
            "morpheme": "너/NP+나중/NNG+에/JKB+hskk/SL+도/JX+본다며/VV+EC"
          },
          {
            "id": 7,
            "text": "1 : 그건 더 빡세게 준비해야지",
            "norm_text": "그건 더 빡세게 준비해야지",
            "speaker": {
              "id": "1번",
              "sex": "여성",
              "age": "20대"
            },
            "speechAct": "(단언) 주장하기",
            "morpheme": "그건/NP+JX+더/MAG+빡세/VA+게/EC+준비/NNG+해야지/XSV+EC"
          },
          {
            "id": 8,
            "text": "2 : 헐 더 열심히 해야겠네 ㅠㅠ",
            "norm_text": "헐 더 열심히 해야겠네 ㅠㅠ",
            "speaker": {
              "id": "2번",
              "sex": "여성",
              "age": "20대"
            },
            "speechAct": "(언약) 약속하기(제3자와)/(개인적 수준)",
            "morpheme": "헐/IC+더/MAG+열심히/MAG+해야겠네/VV+EC+VX+EP+EF+ㅠㅠ/UNKNOWN"
          },
          {
            "id": 9,
            "text": "2 : 놀지 말고 공부 집중하자!",
            "norm_text": "놀지 말고 공부 집중하자!",
            "speaker": {
              "id": "2번",
              "sex": "여성",
              "age": "20대"
            },
            "speechAct": "(언약) 약속하기(제3자와)/(개인적 수준)",
            "morpheme": "놀/VV+지/EC+말/VX+고/EC+공부/NNG+집중/NNG+하/XSA+자/EF"
          },
          {
            "id": 10,
            "text": "3 : 그래 성조도 더 빡세게 연습하고",
            "norm_text": "그래 성조도 더 빡세게 연습하고",
            "speaker": {
              "id": "3번",
              "sex": "남성",
              "age": "20대"
            },
            "speechAct": "(단언) 주장하기",
            "morpheme": "그래/IC+성조/NNG+도/JX+더/MAG+빡세/VA+게/EC+연습/NNG+하/XSV+고/EC"
          },
          {
            "id": 11,
            "text": "1 : 응 그건 말하기 시험이니까 더 떨려 ㅠ",
            "norm_text": "응 그건 말하기 시험이니까 더 떨려 ㅠ",
            "speaker": {
              "id": "1번",
              "sex": "여성",
              "age": "20대"
            },
            "speechAct": "(표현) 부정감정 표현하기",
            "morpheme": "응/IC+그건/NP+JX+말/NNG+하/XSV+기/ETN+시험/NNG+이/VCP+니까/EC+더/MAG+떨려/VV+EC+ㅠ/UNKNOWN"
          },
          {
            "id": 12,
            "text": "2 : 맞아 평소에 알던 것도 기억 안 날 거 같아 ㅠㅠ",
            "norm_text": "맞아 평소에 알던 것도 기억 안 날 거 같아 ㅠㅠ",
            "speaker": {
              "id": "2번",
              "sex": "여성",
              "age": "20대"
            },
            "speechAct": "(단언) 주장하기",
            "morpheme": "맞/VV+아/EC+평소/NNG+에/JKB+알/VV+던/ETM+것/NNB+도/JX+기억/NNG+안/MAG+날/VV+ETM+거/NNB+같/VA+아/EC+ㅠㅠ/UNKNOWN"
          },
          {
            "id": 13,
            "text": "3 : 키키 그거 보고 다른 시험도 잘 준비해~",
            "norm_text": "키키 그거 보고 다른 시험도 잘 준비해~",
            "speaker": {
              "id": "3번",
              "sex": "남성",
              "age": "20대"
            },
            "speechAct": "(지시) 명령/요구하기",
            "morpheme": "키/NNG+키/XSV+ETN+그거/NP+보고/JKB+다른/MM+시험/NNG+도/JX+잘/MAG+준비/NNG+해/XSV+EC+~/SY"
          },
          {
            "id": 14,
            "text": "1 : 응 안 그래도 그래야지 참 ㅠㅠ",
            "norm_text": "응 안 그래도 그래야지 참 ㅠㅠ",
            "speaker": {
              "id": "1번",
              "sex": "여성",
              "age": "20대"
            },
            "speechAct": "(언약) 약속하기(제3자와)/(개인적 수준)",
            "morpheme": "응/IC+안/MAG+그래도/VV+EC+그래야지/VV+EF+참/IC+ㅠㅠ/UNKNOWN"
          },
          {
            "id": 15,
            "text": "2 : 너 진짜 열심히 하는 거 같아 ㅠㅠ 멋있어",
            "norm_text": "너 진짜 열심히 하는 거 같아 ㅠㅠ 멋있어",
            "speaker": {
              "id": "2번",
              "sex": "여성",
              "age": "20대"
            },
            "speechAct": "(단언) 주장하기",
            "morpheme": "너/NP+진짜/MAG+열심히/MAG+하/VV+는/ETM+거/NNB+같/VA+아/EC+ㅠㅠ/UNKNOWN+멋있/VA+어/EC"
          },
          {
            "id": 16,
            "text": "3 : 떨어진 건 얼른 잊어 버리고@",
            "norm_text": "떨어진 건 얼른 잊어 버리고@",
            "speaker": {
              "id": "3번",
              "sex": "남성",
              "age": "20대"
            },
            "speechAct": "(지시) 명령/요구하기",
            "morpheme": "떨어진/VV+ETM+건/NNB+JX+얼른/MAG+잊어버리/VV+고/EC+@/SY"
          },
          {
            "id": 17,
            "text": "1 : 다들 위로해줘서 너무 고마워 ㅠ",
            "norm_text": "다들 위로해줘서 너무 고마워 ㅠ",
            "speaker": {
              "id": "1번",
              "sex": "여성",
              "age": "20대"
            },
            "speechAct": "(표현) 감사하기",
            "morpheme": "다/MAG+들/XSN+위로/NNG+해/XSV+EC+줘서/VX+EC+너무/MAG+고마워/VA+EC+ㅠ/UNKNOWN"
          },
          {
            "id": 18,
            "text": "2 : 열심히 하니까 잘 할 수 있을 거야!",
            "norm_text": "열심히 하니까 잘 할 수 있을 거야!",
            "speaker": {
              "id": "2번",
              "sex": "여성",
              "age": "20대"
            },
            "speechAct": "(단언) 주장하기",
            "morpheme": "열심히/MAG+하/VV+니까/EC+잘/MAG+할/VV+ETM+수/NNB+있/VV+을/ETM+거/NNB+야/VCP+EF"
          },
          {
            "id": 19,
            "text": "3 : 아니야~ 내 친군데 뭘~",
            "norm_text": "아니야~ 내 친군데 뭘~",
            "speaker": {
              "id": "3번",
              "sex": "남성",
              "age": "20대"
            },
            "speechAct": "(단언) 주장하기",
            "morpheme": "아니야/IC+~/SY+내/NP+JKG+친군데/NNG+VCP+EC+뭘/NP+JKO+~/SY"
          }
        ]
      }
    }
  ]
}