{
  "dataset": {
    "identifier": 118447,
    "name": "NATEON_30_18_set",
    "src_path": "/data/file/cubeManager/PROJECT001/80/txt20211102113529062467/NATEON_30_18_set/",
    "label_path": "/data/file/cubeManager/PROJECT001/80/txt20211102113529062467/NATEON_30_18_set/",
    "category": 2,
    "type": 0
  },
  "licenses": {
    "name": "Apache License 1.0",
    "url": "http://www.apache.org/licenses/LICENSE-1.0"
  },
  "info": [
    {
      "id": 129981,
      "filename": "NATEON_30_18.txt",
      "title": "NATEON_30_18",
      "mediatype": "메신저",
      "medianame": "네이트온",
      "category": "일상대화",
      "date": "2021-11-02",
      "size": 483,
      "annotations": {
        "subject": "상거래 전반",
        "speaker_type": "다자간 대화",
        "size": 483,
        "word_size": 174,
        "text": "1 : 요즘 패딩 제일 저렴한 곳이 어디야?\n2 : 음 요즘 패딩 다 비싸지 않아?\n3 : 네이버 쇼핑에 쳐 봐!\n3 : 가격 비교\n1 : 오 요즘엔 사진 넣으면 바로 찾아 준다고 하던데\n2 : 맞아\n2 : 네이버 가격 비교 진짜 좋더라 키키\n3 : 응 맞아\n3 : 비슷한 옷으로 찾아 줘\n1 : 나 저번에 그 기능으로 사고 싶은 옷 찾았어\n2 : 사진으로 찾아보는 거는 나도 한 번도 안 해 봄\n2 : 어떻게 하는 거야?\n3 : 그거 사용하기 은근히 편리하더라\n1 : 미리 찍어 둔 사진이나 캡쳐한 사진으로 찾는 거야\n2 : 아 네이버에 사진 넣으면 알아서 찾아 줘?\n3 : 맞아\n3 : 앱에서 카메라 모양 누르면 됨~\n1 : 응 네이버 쇼핑 들어가면 카메라 모양!\n2 : 오 대박 그거 진짜 좋네 키키\n2 : 나도 한번 해 봐야겠다!\n3 : 요즘 신기한 기능 짱 많아\n1 : 키키 그러니까\n1 : 세상 편리하고 좋아\n2 : 요즘 진짜 스마트해졌어 키키\n2 : 세상 짱 좋음\n3 : 이런 거 없이 못 살아~",
        "lines": [
          {
            "id": 1,
            "text": "1 : 요즘 패딩 제일 저렴한 곳이 어디야?",
            "norm_text": "요즘 패딩 제일 저렴한 곳이 어디야?",
            "speaker": {
              "id": "1번",
              "sex": "여성",
              "age": "20대"
            },
            "speechAct": "(지시) 질문하기",
            "morpheme": "요즘/NNG+패딩/NNG+제일/MAG+저렴/XR+한/XSA+ETM+곳/NNG+이/JKS+어디/NP+야/VCP+EF"
          },
          {
            "id": 2,
            "text": "2 : 음 요즘 패딩 다 비싸지 않아?",
            "norm_text": "음 요즘 패딩 다 비싸지 않아?",
            "speaker": {
              "id": "2번",
              "sex": "여성",
              "age": "20대"
            },
            "speechAct": "(지시) 질문하기",
            "morpheme": "음/IC+요즘/MAG+패딩/NNG+다/MAG+비싸/VA+지/EC+않/VX+아/EF"
          },
          {
            "id": 3,
            "text": "3 : 네이버 쇼핑에 쳐 봐!",
            "norm_text": "네이버 쇼핑에 쳐 봐!",
            "speaker": {
              "id": "3번",
              "sex": "남성",
              "age": "20대"
            },
            "speechAct": "(지시) 충고/제안하기",
            "morpheme": "네이버/NNP+쇼핑/NNG+에/JKB+쳐/VV+EC+봐/VX+EF"
          },
          {
            "id": 4,
            "text": "3 : 가격 비교",
            "norm_text": "가격 비교",
            "speaker": {
              "id": "3번",
              "sex": "남성",
              "age": "20대"
            },
            "speechAct": "(단언) 진술하기",
            "morpheme": "가격/NNG+비교/NNG"
          },
          {
            "id": 5,
            "text": "1 : 오 요즘엔 사진 넣으면 바로 찾아 준다고 하던데",
            "norm_text": "오 요즘엔 사진 넣으면 바로 찾아 준다고 하던데",
            "speaker": {
              "id": "1번",
              "sex": "여성",
              "age": "20대"
            },
            "speechAct": "(단언) 진술하기",
            "morpheme": "오/NR+요즘/NNG+엔/JKB+JX+사진/NNG+넣/VV+으면/EC+바로/MAG+찾/VV+아/EC+준다고/VX+EC+하/VV+던데/EC"
          },
          {
            "id": 6,
            "text": "2 : 맞아",
            "norm_text": "맞아",
            "speaker": {
              "id": "2번",
              "sex": "여성",
              "age": "20대"
            },
            "speechAct": "(단언) 주장하기",
            "morpheme": "맞/VV+아/EC"
          },
          {
            "id": 7,
            "text": "2 : 네이버 가격 비교 진짜 좋더라 키키",
            "norm_text": "네이버 가격 비교 진짜 좋더라 키키",
            "speaker": {
              "id": "2번",
              "sex": "여성",
              "age": "20대"
            },
            "speechAct": "(단언) 주장하기",
            "morpheme": "네이버/NNP+가격/NNG+비교/NNG+진짜/MAG+좋/VA+더라/EC+키/NNG+키/XSV+ETN"
          },
          {
            "id": 8,
            "text": "3 : 응 맞아",
            "norm_text": "응 맞아",
            "speaker": {
              "id": "3번",
              "sex": "남성",
              "age": "20대"
            },
            "speechAct": "(단언) 주장하기",
            "morpheme": "응/IC+맞/VV+아/EC"
          },
          {
            "id": 9,
            "text": "3 : 비슷한 옷으로 찾아 줘",
            "norm_text": "비슷한 옷으로 찾아 줘",
            "speaker": {
              "id": "3번",
              "sex": "남성",
              "age": "20대"
            },
            "speechAct": "(단언) 주장하기",
            "morpheme": "비슷/XR+한/XSA+ETM+옷/NNG+으로/JKB+찾/VV+아/EC+줘/VX+EC"
          },
          {
            "id": 10,
            "text": "1 : 나 저번에 그 기능으로 사고 싶은 옷 찾았어",
            "norm_text": "나 저번에 그 기능으로 사고 싶은 옷 찾았어",
            "speaker": {
              "id": "1번",
              "sex": "여성",
              "age": "20대"
            },
            "speechAct": "(단언) 진술하기",
            "morpheme": "나/NP+저번/NNG+에/JKB+그/MM+기능/NNG+으로/JKB+사/VV+고/EC+싶/VX+은/ETM+옷/NNG+찾/VV+았/EP+어/EC"
          },
          {
            "id": 11,
            "text": "2 : 사진으로 찾아보는 거는 나도 한 번도 안 해 봄",
            "norm_text": "사진으로 찾아보는 거는 나도 한 번도 안 해 봄",
            "speaker": {
              "id": "2번",
              "sex": "여성",
              "age": "20대"
            },
            "speechAct": "(단언) 진술하기",
            "morpheme": "사진/NNG+으로/JKB+찾아보/VV+는/ETM+거/NNB+는/JX+나/NP+도/JX+한/MM+번/NNBC+도/JX+안/MAG+해봄/VV+EC+VX+ETN"
          },
          {
            "id": 12,
            "text": "2 : 어떻게 하는 거야?",
            "norm_text": "어떻게 하는 거야?",
            "speaker": {
              "id": "2번",
              "sex": "여성",
              "age": "20대"
            },
            "speechAct": "(지시) 질문하기",
            "morpheme": "어떻게/MAG+하/VV+는/ETM+거/NNB+야/VCP+EF"
          },
          {
            "id": 13,
            "text": "3 : 그거 사용하기 은근히 편리하더라",
            "norm_text": "그거 사용하기 은근히 편리하더라",
            "speaker": {
              "id": "3번",
              "sex": "남성",
              "age": "20대"
            },
            "speechAct": "(단언) 주장하기",
            "morpheme": "그거/NP+사용/NNG+하/XSV+기/ETN+은근히/MAG+편리/NNG+하/XSV+더라/EC"
          },
          {
            "id": 14,
            "text": "1 : 미리 찍어 둔 사진이나 캡쳐한 사진으로 찾는 거야",
            "norm_text": "미리 찍어 둔 사진이나 캡쳐한 사진으로 찾는 거야",
            "speaker": {
              "id": "1번",
              "sex": "여성",
              "age": "20대"
            },
            "speechAct": "(단언) 진술하기",
            "morpheme": "미리/MAG+찍/VV+어/EC+둔/VX+ETM+사진/NNG+이나/JC+캡쳐/NNP+한/MM+사진/NNG+으로/JKB+찾/VV+는/ETM+거/NNB+야/VCP+EF"
          },
          {
            "id": 15,
            "text": "2 : 아 네이버에 사진 넣으면 알아서 찾아 줘?",
            "norm_text": "아 네이버에 사진 넣으면 알아서 찾아 줘?",
            "speaker": {
              "id": "2번",
              "sex": "여성",
              "age": "20대"
            },
            "speechAct": "(지시) 질문하기",
            "morpheme": "아/IC+네이버/NNP+에/JKB+사진/NNG+넣/VV+으면/EC+알/VV+아서/EC+찾/VV+아/EC+줘/VX+EF"
          },
          {
            "id": 16,
            "text": "3 : 맞아",
            "norm_text": "맞아",
            "speaker": {
              "id": "3번",
              "sex": "남성",
              "age": "20대"
            },
            "speechAct": "(단언) 주장하기",
            "morpheme": "맞/VV+아/EC"
          },
          {
            "id": 17,
            "text": "3 : 앱에서 카메라 모양 누르면 됨~",
            "norm_text": "앱에서 카메라 모양 누르면 됨~",
            "speaker": {
              "id": "3번",
              "sex": "남성",
              "age": "20대"
            },
            "speechAct": "(단언) 진술하기",
            "morpheme": "앱/NNG+에서/JKB+카메라/NNG+모양/NNG+누르/VV+면/EC+됨/VV+ETN+~/SY"
          },
          {
            "id": 18,
            "text": "1 : 응 네이버 쇼핑 들어가면 카메라 모양!",
            "norm_text": "응 네이버 쇼핑 들어가면 카메라 모양!",
            "speaker": {
              "id": "1번",
              "sex": "여성",
              "age": "20대"
            },
            "speechAct": "(단언) 진술하기",
            "morpheme": "응/IC+네이버/NNP+쇼핑/NNG+들어가/VV+면/EC+카메라/NNG+모양/NNG"
          },
          {
            "id": 19,
            "text": "2 : 오 대박 그거 진짜 좋네 키키",
            "norm_text": "오 대박 그거 진짜 좋네 키키",
            "speaker": {
              "id": "2번",
              "sex": "여성",
              "age": "20대"
            },
            "speechAct": "(단언) 주장하기",
            "morpheme": "오/NR+대박/NNG+그거/NP+진짜/MAG+좋/VA+네/EF+키/NNG+키/XSV+ETN"
          },
          {
            "id": 20,
            "text": "2 : 나도 한번 해 봐야겠다!",
            "norm_text": "나도 한번 해 봐야겠다!",
            "speaker": {
              "id": "2번",
              "sex": "여성",
              "age": "20대"
            },
            "speechAct": "(단언) 주장하기",
            "morpheme": "나/NP+도/JX+한/MM+번/NNBC+해봐야겠다/VV+EC+VX+EC+VX+EP+EF"
          },
          {
            "id": 21,
            "text": "3 : 요즘 신기한 기능 짱 많아",
            "norm_text": "요즘 신기한 기능 짱 많아",
            "speaker": {
              "id": "3번",
              "sex": "남성",
              "age": "20대"
            },
            "speechAct": "(단언) 주장하기",
            "morpheme": "요즘/MAG+신기/XR+한/XSA+ETM+기능/NNG+짱/NNG+많/VA+아/EC"
          },
          {
            "id": 22,
            "text": "1 : 키키 그러니까",
            "norm_text": "키키 그러니까",
            "speaker": {
              "id": "1번",
              "sex": "여성",
              "age": "20대"
            },
            "speechAct": "(단언) 주장하기",
            "morpheme": "키/NNG+키/XSV+ETN+그러/VV+니까/EC"
          },
          {
            "id": 23,
            "text": "1 : 세상 편리하고 좋아",
            "norm_text": "세상 편리하고 좋아",
            "speaker": {
              "id": "1번",
              "sex": "여성",
              "age": "20대"
            },
            "speechAct": "(단언) 주장하기",
            "morpheme": "세상/NNG+편리/NNG+하/XSV+고/EC+좋/VA+아/EC"
          },
          {
            "id": 24,
            "text": "2 : 요즘 진짜 스마트해졌어 키키",
            "norm_text": "요즘 진짜 스마트해졌어 키키",
            "speaker": {
              "id": "2번",
              "sex": "여성",
              "age": "20대"
            },
            "speechAct": "(단언) 주장하기",
            "morpheme": "요즘/MAG+진짜/MAG+스마트/NNG+해졌/XSA+EC+VX+EP+어/EC+키/NNG+키/XSV+ETN"
          },
          {
            "id": 25,
            "text": "2 : 세상 짱 좋음",
            "norm_text": "세상 짱 좋음",
            "speaker": {
              "id": "2번",
              "sex": "여성",
              "age": "20대"
            },
            "speechAct": "(단언) 주장하기",
            "morpheme": "세상/NNG+짱/NNG+좋/VA+음/ETN"
          },
          {
            "id": 26,
            "text": "3 : 이런 거 없이 못 살아~",
            "norm_text": "이런 거 없이 못 살아~",
            "speaker": {
              "id": "3번",
              "sex": "남성",
              "age": "20대"
            },
            "speechAct": "(단언) 주장하기",
            "morpheme": "이런/MM+거/NNB+없이/MAG+못/MAG+살/VV+아/EC+~/SY"
          }
        ]
      }
    }
  ]
}