{
  "dataset": {
    "identifier": 123488,
    "name": "NATEON_44_14_set",
    "src_path": "/data/file/cubeManager/PROJECT001/84/txt20211105113423077018/NATEON_44_14_set/",
    "label_path": "/data/file/cubeManager/PROJECT001/84/txt20211105113423077018/NATEON_44_14_set/",
    "category": 2,
    "type": 0
  },
  "licenses": {
    "name": "Apache License 1.0",
    "url": "http://www.apache.org/licenses/LICENSE-1.0"
  },
  "info": [
    {
      "id": 138889,
      "filename": "NATEON_44_14.txt",
      "title": "NATEON_44_14",
      "mediatype": "메신저",
      "medianame": "네이트온",
      "category": "일상대화",
      "date": "2021-11-05",
      "size": 434,
      "annotations": {
        "subject": "사회이슈",
        "speaker_type": "다자간 대화",
        "size": 434,
        "word_size": 148,
        "text": "1 : 너희 배민 라이더 알지?\n2 : 배민은 아는데 라이더는 뭐야?\n3 : 어 나도 배민만 알아 키키\n1 : 배달의 민족 배달하는 사람\n2 : 아아 그건 알지 키키\n2 : 어플 생겼다는 줄\n3 : 왜 라이더 님 무슨 일 있어?\n1 : 오토바이로 배달 하는 사람을 라이더라고 해\n2 : 응 근데 그게 왜?\n3 : 배민 라이더 뭐 뜬 거 있어?\n1 : 근데 이 라이더들이 돈을 위해서 교통법도 잘 안지킨대\n2 : 아 맞아 요즘 오토바이 너무 험해\n3 : 오토바이 타는 사람들 막 타잖아\n1 : 많이 배달을 해야 돈이 되니까\n2 : 그치 그래서 한번에 돌리느냐고 배달도 엄청 늦게 오잖아\n3 : 맞아 그냥 기본 한 시간이야 예전하고 비교 됨 키키\n1 : 아무리 그래도 법은 잘 준수해줬으면 좋겠어 ㅠ\n2 : 맞아 법은 잘 지켜야지 ㅠㅠ\n3 : 차 타는 사람들은 오토바이 칠까 바 무서워 키키 갑자기 튀어 나오니까",
        "lines": [
          {
            "id": 1,
            "text": "1 : 너희 배민 라이더 알지?",
            "norm_text": "너희 배민 라이더 알지?",
            "speaker": {
              "id": "1번",
              "sex": "여성",
              "age": "20대"
            },
            "speechAct": "(지시) 질문하기",
            "morpheme": "너희/NP+배민/NNG+라이더/NNG+알/VV+지/EF"
          },
          {
            "id": 2,
            "text": "2 : 배민은 아는데 라이더는 뭐야?",
            "norm_text": "배민은 아는데 라이더는 뭐야?",
            "speaker": {
              "id": "2번",
              "sex": "여성",
              "age": "20대"
            },
            "speechAct": "(지시) 질문하기",
            "morpheme": "배민/NNG+은/JX+아/VV+는데/EC+라이더/NNG+는/JX+뭐/NP+야/VCP+EF"
          },
          {
            "id": 3,
            "text": "3 : 어 나도 배민만 알아 키키",
            "norm_text": "어 나도 배민만 알아 키키",
            "speaker": {
              "id": "3번",
              "sex": "남성",
              "age": "20대"
            },
            "speechAct": "(단언) 주장하기",
            "morpheme": "어/IC+나/NP+도/JX+배민/NNG+만/JX+알/VV+아/EC+키/NNG+키/XSV+ETN"
          },
          {
            "id": 4,
            "text": "1 : 배달의 민족 배달하는 사람",
            "norm_text": "배달의 민족 배달하는 사람",
            "speaker": {
              "id": "1번",
              "sex": "여성",
              "age": "20대"
            },
            "speechAct": "(단언) 진술하기",
            "morpheme": "배달/NNG+의/JKG+민족/NNG+배달/NNG+하/XSV+는/ETM+사람/NNG"
          },
          {
            "id": 5,
            "text": "2 : 아아 그건 알지 키키",
            "norm_text": "아아 그건 알지 키키",
            "speaker": {
              "id": "2번",
              "sex": "여성",
              "age": "20대"
            },
            "speechAct": "(단언) 주장하기",
            "morpheme": "아아/IC+그건/NP+JX+알/VV+지/EC+키/NNG+키/XSV+ETN"
          },
          {
            "id": 6,
            "text": "2 : 어플 생겼다는 줄",
            "norm_text": "어플 생겼다는 줄",
            "speaker": {
              "id": "2번",
              "sex": "여성",
              "age": "20대"
            },
            "speechAct": "(단언) 주장하기",
            "morpheme": "어/IC+플/NNG+생겼/VV+EP+다는/ETM+줄/NNB"
          },
          {
            "id": 7,
            "text": "3 : 왜 라이더 님 무슨 일 있어?",
            "norm_text": "왜 라이더 님 무슨 일 있어?",
            "speaker": {
              "id": "3번",
              "sex": "남성",
              "age": "20대"
            },
            "speechAct": "(지시) 질문하기",
            "morpheme": "왜/MAG+라이더/NNP+님/XSN+무슨/MM+일/NNG+있/VA+어/EF"
          },
          {
            "id": 8,
            "text": "1 : 오토바이로 배달 하는 사람을 라이더라고 해",
            "norm_text": "오토바이로 배달 하는 사람을 라이더라고 해",
            "speaker": {
              "id": "1번",
              "sex": "여성",
              "age": "20대"
            },
            "speechAct": "(단언) 진술하기",
            "morpheme": "오토바이/NNG+로/JKB+배달/NNG+하/XSV+는/ETM+사람/NNG+을/JKO+라이더/NNG+라고/VCP+EC+해/VV+EC"
          },
          {
            "id": 9,
            "text": "2 : 응 근데 그게 왜?",
            "norm_text": "응 근데 그게 왜?",
            "speaker": {
              "id": "2번",
              "sex": "여성",
              "age": "20대"
            },
            "speechAct": "(지시) 질문하기",
            "morpheme": "응/IC+근데/MAJ+그게/NP+JKS+왜/MAG"
          },
          {
            "id": 10,
            "text": "3 : 배민 라이더 뭐 뜬 거 있어?",
            "norm_text": "배민 라이더 뭐 뜬 거 있어?",
            "speaker": {
              "id": "3번",
              "sex": "남성",
              "age": "20대"
            },
            "speechAct": "(지시) 질문하기",
            "morpheme": "배민/NNG+라이더/NNG+뭐/IC+뜬/VV+ETM+거/NNB+있/VA+어/EF"
          },
          {
            "id": 11,
            "text": "1 : 근데 이 라이더들이 돈을 위해서 교통법도 잘 안지킨대",
            "norm_text": "근데 이 라이더들이 돈을 위해서 교통법도 잘 안지킨대",
            "speaker": {
              "id": "1번",
              "sex": "여성",
              "age": "20대"
            },
            "speechAct": "(단언) 진술하기",
            "morpheme": "근데/MAJ+이/MM+라이더/NNG+들/XSN+이/JKS+돈/NNG+을/JKO+위해서/VV+EC+교통/NNG+법/NNG+도/JX+잘/MAG+안/MAG+지킨/VV+ETM+대/NNG"
          },
          {
            "id": 12,
            "text": "2 : 아 맞아 요즘 오토바이 너무 험해",
            "norm_text": "아 맞아 요즘 오토바이 너무 험해",
            "speaker": {
              "id": "2번",
              "sex": "여성",
              "age": "20대"
            },
            "speechAct": "(단언) 주장하기",
            "morpheme": "아/IC+맞아/IC+요즘/MAG+오토바이/NNG+너무/MAG+험해/VA+EC"
          },
          {
            "id": 13,
            "text": "3 : 오토바이 타는 사람들 막 타잖아",
            "norm_text": "오토바이 타는 사람들 막 타잖아",
            "speaker": {
              "id": "3번",
              "sex": "남성",
              "age": "20대"
            },
            "speechAct": "(단언) 주장하기",
            "morpheme": "오토바이/NNG+타/VV+는/ETM+사람/NNG+들/XSN+막/NNG+타/VV+잖아/EC"
          },
          {
            "id": 14,
            "text": "1 : 많이 배달을 해야 돈이 되니까",
            "norm_text": "많이 배달을 해야 돈이 되니까",
            "speaker": {
              "id": "1번",
              "sex": "여성",
              "age": "20대"
            },
            "speechAct": "(단언) 주장하기",
            "morpheme": "많이/MAG+배달/NNG+을/JKO+해야/VV+EC+돈/NNG+이/JKS+되/VV+니까/EC"
          },
          {
            "id": 15,
            "text": "2 : 그치 그래서 한번에 돌리느냐고 배달도 엄청 늦게 오잖아",
            "norm_text": "그치 그래서 한번에 돌리느냐고 배달도 엄청 늦게 오잖아",
            "speaker": {
              "id": "2번",
              "sex": "여성",
              "age": "20대"
            },
            "speechAct": "(단언) 주장하기",
            "morpheme": "그치/IC+그래서/MAJ+한/MM+번/NNBC+에/JKB+돌리/VV+느냐고/EC+배달/NNG+도/JX+엄청/MAG+늦/VA+게/EC+오/VV+잖아/EC"
          },
          {
            "id": 16,
            "text": "3 : 맞아 그냥 기본 한 시간이야 예전하고 비교 됨 키키",
            "norm_text": "맞아 그냥 기본 한 시간이야 예전하고 비교 됨 키키",
            "speaker": {
              "id": "3번",
              "sex": "남성",
              "age": "20대"
            },
            "speechAct": "(단언) 주장하기",
            "morpheme": "맞/VV+아/EC+그냥/MAG+기본/NNG+한/XSA+ETM+시간/NNG+이/VCP+야/EC+예전/NNG+하/XSV+고/EC+비교/NNG+됨/XSV+ETN+키/NNG+키/XSV+ETN"
          },
          {
            "id": 17,
            "text": "1 : 아무리 그래도 법은 잘 준수해줬으면 좋겠어 ㅠ",
            "norm_text": "아무리 그래도 법은 잘 준수해줬으면 좋겠어 ㅠ",
            "speaker": {
              "id": "1번",
              "sex": "여성",
              "age": "20대"
            },
            "speechAct": "(단언) 주장하기",
            "morpheme": "아무리/MAG+그래도/VV+EC+법/NNG+은/JX+잘/MAG+준수/NNG+해줬으면/XSV+EC+VX+EP+EC+좋/VA+겠/EP+어ㅠ/UNKNOWN"
          },
          {
            "id": 18,
            "text": "2 : 맞아 법은 잘 지켜야지 ㅠㅠ",
            "norm_text": "맞아 법은 잘 지켜야지 ㅠㅠ",
            "speaker": {
              "id": "2번",
              "sex": "여성",
              "age": "20대"
            },
            "speechAct": "(단언) 주장하기",
            "morpheme": "맞/VV+아/EC+법/NNG+은/JX+잘/MAG+지켜야지/VV+EF+ㅠㅠ/UNKNOWN"
          },
          {
            "id": 19,
            "text": "3 : 차 타는 사람들은 오토바이 칠까 바 무서워 키키 갑자기 튀어 나오니까",
            "norm_text": "차 타는 사람들은 오토바이 칠까 바 무서워 키키 갑자기 튀어 나오니까",
            "speaker": {
              "id": "3번",
              "sex": "남성",
              "age": "20대"
            },
            "speechAct": "(단언) 주장하기",
            "morpheme": "차타/NNG+는/JX+사람/NNG+들/XSN+은/JX+오토바이/NNG+칠까/VV+EC+바/NNB+무서워/VA+EC+키/NNG+키/NNG+갑자기/MAG+튀어나오/VV+니까/EC"
          }
        ]
      }
    }
  ]
}