{
  "dataset": {
    "identifier": 129745,
    "name": "NATEON_42_14_set",
    "src_path": "/data/file/cubeManager/PROJECT001/84/txt20211104173553016697/NATEON_42_14_set/",
    "label_path": "/data/file/cubeManager/PROJECT001/84/txt20211104173553016697/NATEON_42_14_set/",
    "category": 2,
    "type": 0
  },
  "licenses": {
    "name": "Apache License 1.0",
    "url": "http://www.apache.org/licenses/LICENSE-1.0"
  },
  "info": [
    {
      "id": 137241,
      "filename": "NATEON_42_14.txt",
      "title": "NATEON_42_14",
      "mediatype": "메신저",
      "medianame": "네이트온",
      "category": "일상대화",
      "date": "2021-11-04",
      "size": 407,
      "annotations": {
        "subject": "사회이슈",
        "speaker_type": "다자간 대화",
        "size": 407,
        "word_size": 142,
        "text": "1 : 너희 허니버터 아몬드 알지\n2 : 응 그거 과자 말하는 거 맞지?\n3 : 어 그거\n3 : 내 최애\n1 : 이번에 이거 팝콘으로 나왔어\n2 : 어 허니버터 팝콘이 나온 거야?\n2 : 영화관에?\n3 : 오 어디에서 나온 건데 팝콘이?\n1 : 세븐일레븐에서 팝콘으로 출시했대\n2 : 와 거기 지금 새로운 거 엄청 나오네!\n3 : 아 팝콘으로 나왔으면 존맛이겠다 ㅠ\n1 : 근데 더 대박인 건 이거 이제 하와이로 수출된대\n2 : 와 대박 하와이로?\n2 : 인기가 좋아서?\n3 : 맛있는 건 역시 수출 잘되네\n1 : 응 하와이에서 인기가 좋아서 하하\n2 : 오 나도 사서 넷플 보면서 먹을래 키키\n3 : 이게 바로 k과자다 마!\n1 : 너희도 한번 사 먹어 봐 하하\n2 : 웅 나도 사 먹어 볼래\n2 : 허니버터 좋아하는데 하하\n3 : 응 지금 가서 있는지 볼께 하하",
        "lines": [
          {
            "id": 1,
            "text": "1 : 너희 허니버터 아몬드 알지",
            "norm_text": "너희 허니버터 아몬드 알지",
            "speaker": {
              "id": "1번",
              "sex": "여성",
              "age": "20대"
            },
            "speechAct": "(지시) 질문하기",
            "morpheme": "너희/NP+허/VV+니/EC+버터/NNG+아몬드/NNG+알/VV+지/EC"
          },
          {
            "id": 2,
            "text": "2 : 응 그거 과자 말하는 거 맞지?",
            "norm_text": "응 그거 과자 말하는 거 맞지?",
            "speaker": {
              "id": "2번",
              "sex": "여성",
              "age": "20대"
            },
            "speechAct": "(지시) 질문하기",
            "morpheme": "응/IC+그거/NP+과자/NNG+말/NNG+하/XSV+는/ETM+거/NNB+맞/VV+지/EF"
          },
          {
            "id": 3,
            "text": "3 : 어 그거",
            "norm_text": "어 그거",
            "speaker": {
              "id": "3번",
              "sex": "남성",
              "age": "20대"
            },
            "speechAct": "(단언) 주장하기",
            "morpheme": "어/IC+그거/NP"
          },
          {
            "id": 4,
            "text": "3 : 내 최애",
            "norm_text": "내 최애",
            "speaker": {
              "id": "3번",
              "sex": "남성",
              "age": "20대"
            },
            "speechAct": "(단언) 주장하기",
            "morpheme": "내/NP+JKG+최애/NNG"
          },
          {
            "id": 5,
            "text": "1 : 이번에 이거 팝콘으로 나왔어",
            "norm_text": "이번에 이거 팝콘으로 나왔어",
            "speaker": {
              "id": "1번",
              "sex": "여성",
              "age": "20대"
            },
            "speechAct": "(단언) 진술하기",
            "morpheme": "이번/NNG+에/JKB+이거/NP+팝콘/NNG+으로/JKB+나왔/VV+EP+어/EC"
          },
          {
            "id": 6,
            "text": "2 : 어 허니버터 팝콘이 나온 거야?",
            "norm_text": "어 허니버터 팝콘이 나온 거야?",
            "speaker": {
              "id": "2번",
              "sex": "여성",
              "age": "20대"
            },
            "speechAct": "(지시) 질문하기",
            "morpheme": "어허/IC+니/MM+버터/NNG+팝콘/NNG+이/JKS+나온/VV+ETM+거/NNB+야/VCP+EF"
          },
          {
            "id": 7,
            "text": "2 : 영화관에?",
            "norm_text": "영화관에?",
            "speaker": {
              "id": "2번",
              "sex": "여성",
              "age": "20대"
            },
            "speechAct": "(지시) 질문하기",
            "morpheme": "영화관/NNG+에/JKB"
          },
          {
            "id": 8,
            "text": "3 : 오 어디에서 나온 건데 팝콘이?",
            "norm_text": "오 어디에서 나온 건데 팝콘이?",
            "speaker": {
              "id": "3번",
              "sex": "남성",
              "age": "20대"
            },
            "speechAct": "(지시) 질문하기",
            "morpheme": "오/IC+어디/NP+에서/JKB+나온/VV+ETM+건데/NNB+VCP+EC+팝콘/NNG+이/JKS"
          },
          {
            "id": 9,
            "text": "1 : 세븐일레븐에서 팝콘으로 출시했대",
            "norm_text": "세븐일레븐에서 팝콘으로 출시했대",
            "speaker": {
              "id": "1번",
              "sex": "여성",
              "age": "20대"
            },
            "speechAct": "(단언) 진술하기",
            "morpheme": "세븐일레븐/NNP+에서/JKB+팝콘/NNG+으로/JKB+출시/NNG+했/XSV+EP+대/EC"
          },
          {
            "id": 10,
            "text": "2 : 와 거기 지금 새로운 거 엄청 나오네!",
            "norm_text": "와 거기 지금 새로운 거 엄청 나오네!",
            "speaker": {
              "id": "2번",
              "sex": "여성",
              "age": "20대"
            },
            "speechAct": "(단언) 주장하기",
            "morpheme": "와/IC+거기/NP+지금/MAG+새로운/VA+ETM+거/NNB+엄청/MAG+나오/VV+네/EF"
          },
          {
            "id": 11,
            "text": "3 : 아 팝콘으로 나왔으면 존맛이겠다 ㅠ",
            "norm_text": "아 팝콘으로 나왔으면 존맛이겠다 ㅠ",
            "speaker": {
              "id": "3번",
              "sex": "남성",
              "age": "20대"
            },
            "speechAct": "(단언) 주장하기",
            "morpheme": "아/IC+팝콘/NNG+으로/JKB+나왔/VV+EP+으면/EC+존/NNP+맛/NNG+이/VCP+겠/EP+다ㅠ/UNKNOWN"
          },
          {
            "id": 12,
            "text": "1 : 근데 더 대박인 건 이거 이제 하와이로 수출된대",
            "norm_text": "근데 더 대박인 건 이거 이제 하와이로 수출된대",
            "speaker": {
              "id": "1번",
              "sex": "여성",
              "age": "20대"
            },
            "speechAct": "(단언) 진술하기",
            "morpheme": "근데/MAJ+더/MAG+대박/NNG+인/VCP+ETM+건/NNB+JX+이거/NP+이제/MAG+하와이/NNP+로/JKB+수출/NNG+된/XSV+ETM+대/NNG"
          },
          {
            "id": 13,
            "text": "2 : 와 대박 하와이로?",
            "norm_text": "와 대박 하와이로?",
            "speaker": {
              "id": "2번",
              "sex": "여성",
              "age": "20대"
            },
            "speechAct": "(지시) 질문하기",
            "morpheme": "와대/NNG+박하/NNG+와/JC+이/NP+로/JKB"
          },
          {
            "id": 14,
            "text": "2 : 인기가 좋아서?",
            "norm_text": "인기가 좋아서?",
            "speaker": {
              "id": "2번",
              "sex": "여성",
              "age": "20대"
            },
            "speechAct": "(지시) 질문하기",
            "morpheme": "인기/NNG+가/JKS+좋/VA+아서/EC"
          },
          {
            "id": 15,
            "text": "3 : 맛있는 건 역시 수출 잘되네",
            "norm_text": "맛있는 건 역시 수출 잘되네",
            "speaker": {
              "id": "3번",
              "sex": "남성",
              "age": "20대"
            },
            "speechAct": "(단언) 주장하기",
            "morpheme": "맛있/VA+는/ETM+건/NNB+JX+역시/MAJ+수출/NNG+잘/MAG+되/VV+네/EC"
          },
          {
            "id": 16,
            "text": "1 : 응 하와이에서 인기가 좋아서 하하",
            "norm_text": "응 하와이에서 인기가 좋아서 하하",
            "speaker": {
              "id": "1번",
              "sex": "여성",
              "age": "20대"
            },
            "speechAct": "(단언) 진술하기",
            "morpheme": "응/IC+하와이/NNP+에서/JKB+인기/NNG+가/JKS+좋/VA+아서/EC+하하/MAG"
          },
          {
            "id": 17,
            "text": "2 : 오 나도 사서 넷플 보면서 먹을래 키키",
            "norm_text": "오 나도 사서 넷플 보면서 먹을래 키키",
            "speaker": {
              "id": "2번",
              "sex": "여성",
              "age": "20대"
            },
            "speechAct": "(언약) 약속하기(제3자와)/(개인적 수준)",
            "morpheme": "오/IC+나/NP+도/JX+사/VV+서/EC+넷/NR+플/NNG+보/VV+면서/EC+먹/VV+을래/EC+키/NNG+키/XSV+ETN"
          },
          {
            "id": 18,
            "text": "3 : 이게 바로 k과자다 마!",
            "norm_text": "이게 바로 k과자다 마!",
            "speaker": {
              "id": "3번",
              "sex": "남성",
              "age": "20대"
            },
            "speechAct": "(단언) 주장하기",
            "morpheme": "이게/NP+JKS+바로/MAG+k/SL+과자/NNG+다마/NNG"
          },
          {
            "id": 19,
            "text": "1 : 너희도 한번 사 먹어 봐 하하",
            "norm_text": "너희도 한번 사 먹어 봐 하하",
            "speaker": {
              "id": "1번",
              "sex": "여성",
              "age": "20대"
            },
            "speechAct": "(지시) 충고/제안하기",
            "morpheme": "너희/NP+도/JX+한/MM+번/NNBC+사/NR+먹/VV+어/EC+봐/VX+EF+하하/MAG"
          },
          {
            "id": 20,
            "text": "2 : 웅 나도 사 먹어 볼래",
            "norm_text": "웅 나도 사 먹어 볼래",
            "speaker": {
              "id": "2번",
              "sex": "여성",
              "age": "20대"
            },
            "speechAct": "(언약) 약속하기(제3자와)/(개인적 수준)",
            "morpheme": "웅/IC+나/NP+도/JX+사먹/VV+어/EC+볼래/VX+EC"
          },
          {
            "id": 21,
            "text": "2 : 허니버터 좋아하는데 하하",
            "norm_text": "허니버터 좋아하는데 하하",
            "speaker": {
              "id": "2번",
              "sex": "여성",
              "age": "20대"
            },
            "speechAct": "(단언) 주장하기",
            "morpheme": "허니/NNP+버터/NNG+좋/VA+아/EC+하/VV+는데/EC+하하/MAG"
          },
          {
            "id": 22,
            "text": "3 : 응 지금 가서 있는지 볼께 하하",
            "norm_text": "응 지금 가서 있는지 볼께 하하",
            "speaker": {
              "id": "3번",
              "sex": "남성",
              "age": "20대"
            },
            "speechAct": "(언약) 약속하기(제3자와)/(개인적 수준)",
            "morpheme": "응/IC+지금/MAG+가/VV+서/EC+있/VX+는지/EC+볼께/VX+EF+하하/MAG"
          }
        ]
      }
    }
  ]
}