{
  "dataset": {
    "identifier": 16600,
    "name": "NATEON_21_09_set",
    "src_path": "/data/file/cubeManager/PROJECT001/7/txt20210826181925014467/NATEON_21_09_set/",
    "label_path": "/data/file/cubeManager/PROJECT001/7/txt20210826181925014467/NATEON_21_09_set/",
    "category": 2,
    "type": 0
  },
  "licenses": {
    "name": "Apache License 1.0",
    "url": "http://www.apache.org/licenses/LICENSE-1.0"
  },
  "info": [
    {
      "id": 788,
      "filename": "NATEON_21_09.txt",
      "title": "NATEON_21_09",
      "mediatype": "메신저",
      "medianame": "네이트온",
      "category": "일상대화",
      "date": "2021-08-26",
      "size": 740,
      "annotations": {
        "subject": "반려동물",
        "speaker_type": "1:1",
        "size": 740,
        "word_size": 219,
        "text": "1 : 요즘 코로나 시대로 인해서 반려 동물을 많이 찾는다고 하는데 키우고 싶은 반려 동물이 있으세요?\n2 : 저는 강아지를 키우고 싶습니다!\n1 : 어떤 품종을 좋아하세요?\n2 : 저는 품종은 생각은 안 해봤는데 키우면 좀 덩치 큰 강아지를 키우고 싶어요 무섭게 생긴 애들 키키\n1 : 무겁게 생긴 애들은 무섭지 않을까요?\n2 : 좀 그런 개를 키우고 싶네요 예전부터 그랬어요 키키\n2 : 어떤 품종 강아지를 좋아하세요?\n1 : 저는 크고 귀여운 애들 키우고 싶어요!\n1 : 골든 리트리버 같은 애들이요.\n2 : 아 저번에 홍대에 갔다가 공원 같은 데서 노는 거 봤는데 엄청 귀엽더라고요 애교도 많이 부리고\n2 : 저번에 키우신다고 하셨는데 어떤 품종을 키우시나요?\n1 : 지금은 몰티즈를 키우고 있어요.\n1 : 귀엽긴 한데 너무 짖어서 귀가 아플 정도예요.\n2 : 아 몰티즈 너무 귀엽죠 키우신 지는 얼마나 되셨어요?\n1 : 원래 고양이만 키우다가 이번에 데려왔어요.\n1 : 이제 한 4개월 정도 된 거 같네요. 하하\n2 : 아 엄청 귀엽겠네요\n2 : 고양이는 어떤 종류를 키우시나요?\n1 : 고양이는 페르시안이에요!\n1 : 털이 엄청 많이 빠져요.\n1 : 혹시 고양이도 좋아하시나요?\n2 : 네 고양이도 좋아해요\n2 : 웃긴 게 옛날에 사귀었던 여자친구가 친칠라를 키웠고 저번에 만났던 여자친구가 몰티즈를 키웠었어요 키키\n1 : 오. 신기한 우연이네요.\n1 : 둘이 사이가 좋아서 같이 키우기가 좋은 거 같아요.\n2 : 아 부러워요\n2: 저도 빨리 키우고 싶어요!",
        "lines": [
          {
            "id": 1,
            "text": "1 : 요즘 코로나 시대로 인해서 반려 동물을 많이 찾는다고 하는데 키우고 싶은 반려 동물이 있으세요?",
            "norm_text": "요즘 코로나 시대로 인해서 반려 동물을 많이 찾는다고 하는데 키우고 싶은 반려 동물이 있으세요?",
            "speaker": {
              "id": "1번",
              "sex": "남성",
              "age": "30대"
            },
            "speechAct": "(지시) 질문하기",
            "morpheme": "요즘/NNG+코로나/NNG+시대/NNG+로/JKB+인해서/VV+EC+반려/NNG+동물/NNG+을/JKO+많이/MAG+찾/VV+는다고/EC+하/VV+는/ETM+데/NNB+키우/VV+고/EC+싶/VX+은/ETM+반려/NNG+동물/NNG+이/JKS+있/VA+으세요/EF"
          },
          {
            "id": 2,
            "text": "2 : 저는 강아지를 키우고 싶습니다!",
            "norm_text": "저는 강아지를 키우고 싶습니다!",
            "speaker": {
              "id": "2번",
              "sex": "남성",
              "age": "30대"
            },
            "speechAct": "(단언) 주장하기",
            "morpheme": "저/NP+는/JX+강아지/NNG+를/JKO+키우/VV+고/EC+싶/VX+습니다/EF"
          },
          {
            "id": 3,
            "text": "1 : 어떤 품종을 좋아하세요?",
            "norm_text": "어떤 품종을 좋아하세요?",
            "speaker": {
              "id": "1번",
              "sex": "남성",
              "age": "30대"
            },
            "speechAct": "(지시) 질문하기",
            "morpheme": "어떤/MM+품종/NNG+을/JKO+좋아하/VV+세요/EP+EF"
          },
          {
            "id": 4,
            "text": "2 : 저는 품종은 생각은 안 해봤는데 키우면 좀 덩치 큰 강아지를 키우고 싶어요 무섭게 생긴 애들 키키",
            "norm_text": "저는 품종은 생각은 안 해봤는데 키우면 좀 덩치 큰 강아지를 키우고 싶어요 무섭게 생긴 애들 키키",
            "speaker": {
              "id": "2번",
              "sex": "남성",
              "age": "30대"
            },
            "speechAct": "(단언) 진술하기",
            "morpheme": "저/NP+는/JX+품종/NNG+은/JX+생각/NNG+은/JX+안/MAG+해/VV+EC+봤/VX+EP+는데/EC+키우/VV+면/EC+좀/MAG+덩치/NNG+큰/VA+ETM+강아지/NNG+를/JKO+키우/VV+고/EC+싶/VX+어요/EF+무섭/VA+게/EC+생긴/VV+ETM+애/NNG+들/XSN+키/NNG+키/XSV+ETN"
          },
          {
            "id": 5,
            "text": "1 : 무겁게 생긴 애들은 무섭지 않을까요?",
            "norm_text": "무겁게 생긴 애들은 무섭지 않을까요?",
            "speaker": {
              "id": "1번",
              "sex": "남성",
              "age": "30대"
            },
            "speechAct": "(지시) 질문하기",
            "morpheme": "무겁/VA+게/EC+생긴/VV+ETM+애/NNG+들/XSN+은/JX+무섭/VA+지/EC+않/VX+을까요/EF"
          },
          {
            "id": 6,
            "text": "2 : 좀 그런 개를 키우고 싶네요 예전부터 그랬어요 키키",
            "norm_text": "좀 그런 개를 키우고 싶네요 예전부터 그랬어요 키키",
            "speaker": {
              "id": "2번",
              "sex": "남성",
              "age": "30대"
            },
            "speechAct": "(단언) 주장하기",
            "morpheme": "좀/MAG+그런/MM+개/NNG+를/JKO+키우/VV+고/EC+싶/VX+네요/EF+예전/NNG+부터/JX+그랬/VV+EP+어요/EF+키/NNG+키/XSV+ETN"
          },
          {
            "id": 7,
            "text": "2 : 어떤 품종 강아지를 좋아하세요?",
            "norm_text": "어떤 품종 강아지를 좋아하세요?",
            "speaker": {
              "id": "2번",
              "sex": "남성",
              "age": "30대"
            },
            "speechAct": "(지시) 질문하기",
            "morpheme": "어떤/MM+품종/NNG+강아지/NNG+를/JKO+좋아하/VV+세요/EP+EF"
          },
          {
            "id": 8,
            "text": "1 : 저는 크고 귀여운 애들 키우고 싶어요!",
            "norm_text": "저는 크고 귀여운 애들 키우고 싶어요!",
            "speaker": {
              "id": "1번",
              "sex": "남성",
              "age": "30대"
            },
            "speechAct": "(단언) 진술하기",
            "morpheme": "저/NP+는/JX+크/VA+고/EC+귀여운/VA+ETM+애/NNG+들/XSN+키우/VV+고/EC+싶/VX+어요/EF"
          },
          {
            "id": 9,
            "text": "1 : 골든 리트리버 같은 애들이요.",
            "norm_text": "골든 리트리버 같은 애들이요.",
            "speaker": {
              "id": "1번",
              "sex": "남성",
              "age": "30대"
            },
            "speechAct": "(단언) 주장하기",
            "morpheme": "골든/NNP+리트리버/NNP+같/VA+은/ETM+애/NNG+들/XSN+이/JKS+요/JX"
          },
          {
            "id": 10,
            "text": "2 : 아 저번에 홍대에 갔다가 공원 같은 데서 노는 거 봤는데 엄청 귀엽더라고요 애교도 많이 부리고",
            "norm_text": "아 저번에 홍대에 갔다가 공원 같은 데서 노는 거 봤는데 엄청 귀엽더라고요 애교도 많이 부리고",
            "speaker": {
              "id": "2번",
              "sex": "남성",
              "age": "30대"
            },
            "speechAct": "(단언) 진술하기",
            "morpheme": "아/IC+저번/NNG+에/JKB+홍대/NNG+에/JKB+갔/VV+EP+다가/EC+공원/NNG+같/VA+은/ETM+데/NNB+서/JKB+노/VV+는/ETM+거/NNB+봤/VV+EP+는데/EC+엄청/MAG+귀엽/VA+더라고요/EC+애교/NNG+도/JX+많이/MAG+부리/VV+고/EC"
          },
          {
            "id": 11,
            "text": "2 : 저번에 키우신다고 하셨는데 어떤 품종을 키우시나요?",
            "norm_text": "저번에 키우신다고 하셨는데 어떤 품종을 키우시나요?",
            "speaker": {
              "id": "2번",
              "sex": "남성",
              "age": "30대"
            },
            "speechAct": "(지시) 질문하기",
            "morpheme": "저번/NNG+에/JKB+키우/VV+신다고/EP+EC+하/VX+셨/EP+EP+는데/EC+어떤/MM+품종/NNG+을/JKO+키우/VV+시/EP+나요/EF"
          },
          {
            "id": 12,
            "text": "1 : 지금은 몰티즈를 키우고 있어요.",
            "norm_text": "지금은 몰티즈를 키우고 있어요.",
            "speaker": {
              "id": "1번",
              "sex": "남성",
              "age": "30대"
            },
            "speechAct": "(단언) 진술하기",
            "morpheme": "지금/MAG+은/JX+몰티즈/NNG+를/JKO+키우/VV+고/EC+있/VX+어요/EF"
          },
          {
            "id": 13,
            "text": "1 : 귀엽긴 한데 너무 짖어서 귀가 아플 정도예요.",
            "norm_text": "귀엽긴 한데 너무 짖어서 귀가 아플 정도예요.",
            "speaker": {
              "id": "1번",
              "sex": "남성",
              "age": "30대"
            },
            "speechAct": "(단언) 진술하기",
            "morpheme": "귀엽/VA+긴/ETN+JX+한데/VX+EC+너무/MAG+짖/VV+어서/EC+귀/NNG+가/JKS+아플/VA+ETM+정도/NNG+예요/VCP+EF"
          },
          {
            "id": 14,
            "text": "2 : 아 몰티즈 너무 귀엽죠 키우신 지는 얼마나 되셨어요?",
            "norm_text": "아 몰티즈 너무 귀엽죠 키우신 지는 얼마나 되셨어요?",
            "speaker": {
              "id": "2번",
              "sex": "남성",
              "age": "30대"
            },
            "speechAct": "(지시) 질문하기",
            "morpheme": "아/IC+몰티즈/NNG+너무/MAG+귀엽/VA+죠/EF+키우/VV+신지/EP+EC+는/JX+얼마나/MAG+되/VV+셨/EP+EP+어요/EF"
          },
          {
            "id": 15,
            "text": "1 : 원래 고양이만 키우다가 이번에 데려왔어요.",
            "norm_text": "원래 고양이만 키우다가 이번에 데려왔어요.",
            "speaker": {
              "id": "1번",
              "sex": "남성",
              "age": "30대"
            },
            "speechAct": "(단언) 진술하기",
            "morpheme": "원래/MAG+고양이/NNG+만/JX+키우/VV+다가/EC+이번/NNG+에/JKB+데려왔/VV+EP+어요/EF"
          },
          {
            "id": 16,
            "text": "1 : 이제 한 4개월 정도 된 거 같네요. 하하",
            "norm_text": "이제 한 4개월 정도 된 거 같네요. 하하",
            "speaker": {
              "id": "1번",
              "sex": "남성",
              "age": "30대"
            },
            "speechAct": "(단언) 진술하기",
            "morpheme": "이제/MAG+한/MM+4/SN+개월/NNBC+정도/NNG+된/XSV+ETM+거/NNB+같/VA+네요/EF+하하/MAG"
          },
          {
            "id": 17,
            "text": "2 : 아 엄청 귀엽겠네요",
            "norm_text": "아 엄청 귀엽겠네요",
            "speaker": {
              "id": "2번",
              "sex": "남성",
              "age": "30대"
            },
            "speechAct": "(단언) 주장하기",
            "morpheme": "아/IC+엄청/MAG+귀엽/VA+겠/EP+네요/EC"
          },
          {
            "id": 18,
            "text": "2 : 고양이는 어떤 종류를 키우시나요?",
            "norm_text": "고양이는 어떤 종류를 키우시나요?",
            "speaker": {
              "id": "2번",
              "sex": "남성",
              "age": "30대"
            },
            "speechAct": "(지시) 질문하기",
            "morpheme": "고양이/NNG+는/JX+어떤/MM+종류/NNG+를/JKO+키우/VV+시/EP+나요/EF"
          },
          {
            "id": 19,
            "text": "1 : 고양이는 페르시안이에요!",
            "norm_text": "고양이는 페르시안이에요!",
            "speaker": {
              "id": "1번",
              "sex": "남성",
              "age": "30대"
            },
            "speechAct": "(단언) 진술하기",
            "morpheme": "고양이/NNG+는/JX+페르시안/NNP+이/VCP+에요/EF"
          },
          {
            "id": 20,
            "text": "1 : 털이 엄청 많이 빠져요.",
            "norm_text": "털이 엄청 많이 빠져요.",
            "speaker": {
              "id": "1번",
              "sex": "남성",
              "age": "30대"
            },
            "speechAct": "(단언) 진술하기",
            "morpheme": "털/NNG+이/JKS+엄청/MAG+많이/MAG+빠져요/VV+EF"
          },
          {
            "id": 21,
            "text": "1 : 혹시 고양이도 좋아하시나요?",
            "norm_text": "혹시 고양이도 좋아하시나요?",
            "speaker": {
              "id": "1번",
              "sex": "남성",
              "age": "30대"
            },
            "speechAct": "(지시) 질문하기",
            "morpheme": "혹시/MAG+고양이/NNG+도/JX+좋/VA+아/EC+하/VX+시/EP+나요/EF"
          },
          {
            "id": 22,
            "text": "2 : 네 고양이도 좋아해요",
            "norm_text": "네 고양이도 좋아해요",
            "speaker": {
              "id": "2번",
              "sex": "남성",
              "age": "30대"
            },
            "speechAct": "(단언) 진술하기",
            "morpheme": "네/IC+고양이/NNG+도/JX+좋/VA+아/EC+해요/VX+EC"
          },
          {
            "id": 23,
            "text": "2 : 웃긴 게 옛날에 사귀었던 여자친구가 친칠라를 키웠고 저번에 만났던 여자친구가 몰티즈를 키웠었어요 키키",
            "norm_text": "웃긴 게 옛날에 사귀었던 여자친구가 친칠라를 키웠고 저번에 만났던 여자친구가 몰티즈를 키웠었어요 키키",
            "speaker": {
              "id": "2번",
              "sex": "남성",
              "age": "30대"
            },
            "speechAct": "(단언) 진술하기",
            "morpheme": "웃긴/VV+ETM+게/NNB+JKS+옛날/NNG+에/JKB+사귀/VV+었/EP+던/ETM+여자/NNG+친구/NNG+가/JKS+친칠라/NNG+를/JKO+키웠/VV+EP+고/EC+저번/NNG+에/JKB+만났/VV+EP+던/ETM+여자/NNG+친구/NNG+가/JKS+몰티즈/NNG+를/JKO+키웠었/VV+EP+어요/EF+키/NNG+키/XSV+ETN"
          },
          {
            "id": 24,
            "text": "1 : 오. 신기한 우연이네요.",
            "norm_text": "오. 신기한 우연이네요.",
            "speaker": {
              "id": "1번",
              "sex": "남성",
              "age": "30대"
            },
            "speechAct": "(표현) 긍정감정 표현하기",
            "morpheme": "오/IC+신기/XR+한/XSA+ETM+우연/NNG+이/VCP+네요/EF"
          },
          {
            "id": 25,
            "text": "1 : 둘이 사이가 좋아서 같이 키우기가 좋은 거 같아요.",
            "norm_text": "둘이 사이가 좋아서 같이 키우기가 좋은 거 같아요.",
            "speaker": {
              "id": "1번",
              "sex": "남성",
              "age": "30대"
            },
            "speechAct": "(단언) 진술하기",
            "morpheme": "둘/NR+이/NR+사이/NNG+가/JKS+좋/VA+아서/EC+같이/MAG+키우/VV+기/ETN+가/JKS+좋/VA+은/ETM+거/NNB+같/VA+아요/EF"
          },
          {
            "id": 26,
            "text": "2 : 아 부러워요",
            "norm_text": "아 부러워요",
            "speaker": {
              "id": "2번",
              "sex": "남성",
              "age": "30대"
            },
            "speechAct": "(표현) 긍정감정 표현하기",
            "morpheme": "아/IC+부러워요/VA+EF"
          },
          {
            "id": 27,
            "text": "2: 저도 빨리 키우고 싶어요!",
            "norm_text": "저도 빨리 키우고 싶어요!",
            "speaker": {
              "id": "2번",
              "sex": "남성",
              "age": "30대"
            },
            "speechAct": "(단언) 주장하기",
            "morpheme": "저/NP+도/JX+빨리/MAG+키우/VV+고/EC+싶/VX+어요/EF"
          }
        ]
      }
    }
  ]
}