{
  "dataset": {
    "identifier": 113516,
    "name": "NATEON_32_20_set",
    "src_path": "/data/file/cubeManager/PROJECT001/80/txt20211102173312085474/NATEON_32_20_set/",
    "label_path": "/data/file/cubeManager/PROJECT001/80/txt20211102173312085474/NATEON_32_20_set/",
    "category": 2,
    "type": 0
  },
  "licenses": {
    "name": "Apache License 1.0",
    "url": "http://www.apache.org/licenses/LICENSE-1.0"
  },
  "info": [
    {
      "id": 131852,
      "filename": "NATEON_32_20.txt",
      "title": "NATEON_32_20",
      "mediatype": "메신저",
      "medianame": "네이트온",
      "category": "일상대화",
      "date": "2021-11-02",
      "size": 425,
      "annotations": {
        "subject": "영화/만화",
        "speaker_type": "다자간 대화",
        "size": 425,
        "word_size": 140,
        "text": "1 : 나 이번에 느와르영화 빠졌어\n2 : 느와르영화는 유명한거 뭐 있어?\n3 : 느와르?\n3 : 맞아 유명한거 뭐 있어?\n1 : 아니 이제 한번 찾아보려고 ...\n2 : 레옹?\n2 : 그것도 느와르 영화로 봐야되는건가?\n3 : 키키 아 그러면서 뭘 빠지냐\n1 : 원래 찾아보면서 빠지는 거거든?\n2 : 난 정확하게 느와르가 뭔지 잘 모르겠어 ㅠㅠ\n2 : 어려워\n3 : 키키 그냥 다른 코메디 영화나 봐\n1 : 맞아...\n1 : 나는 가벼운 영화가 좋더라...\n2 : 이것저것 다 경험하고 보면 좋지~\n2 : 보고싶은거 다 봐!\n3 : 포레스트 영화 본적 있어?\n1 : 그거 약간 힐링물 아니야?\n2 : 아니 난 그거 본 적 없어 ㅠㅠ\n3 : 맞아 자연에 있는것으로 요리하고\n1 : 오, 자기전에 그걸로 힐링해야지\n2 : 오 좋은데?\n2 : 나도 한번 봐야겠다 키키\n3 : 영화볼땐 맥주 한잔도 함께~",
        "lines": [
          {
            "id": 1,
            "text": "1 : 나 이번에 느와르영화 빠졌어",
            "norm_text": "나 이번에 느와르영화 빠졌어",
            "speaker": {
              "id": "1번",
              "sex": "여성",
              "age": "20대"
            },
            "speechAct": "(단언) 주장하기",
            "morpheme": "나/NP+이번/NNG+에/JKB+느와르/NNP+영화/NNG+빠졌/VV+EP+어/EC"
          },
          {
            "id": 2,
            "text": "2 : 느와르영화는 유명한거 뭐 있어?",
            "norm_text": "느와르영화는 유명한거 뭐 있어?",
            "speaker": {
              "id": "2번",
              "sex": "여성",
              "age": "20대"
            },
            "speechAct": "(지시) 질문하기",
            "morpheme": "느와르/NNP+영화/NNG+는/JX+유명/NNG+한/XSA+ETM+거/NNB+뭐/IC+있/VA+어/EF"
          },
          {
            "id": 3,
            "text": "3 : 느와르?",
            "norm_text": "느와르?",
            "speaker": {
              "id": "3번",
              "sex": "남성",
              "age": "20대"
            },
            "speechAct": "(지시) 질문하기",
            "morpheme": "느와르/NNP"
          },
          {
            "id": 4,
            "text": "3 : 맞아 유명한거 뭐 있어?",
            "norm_text": "맞아 유명한거 뭐 있어?",
            "speaker": {
              "id": "3번",
              "sex": "남성",
              "age": "20대"
            },
            "speechAct": "(지시) 질문하기",
            "morpheme": "맞/VV+아/EC+유명/XR+한/XSA+ETM+거/NNB+뭐/IC+있/VA+어/EF"
          },
          {
            "id": 5,
            "text": "1 : 아니 이제 한번 찾아보려고 ...",
            "norm_text": "아니 이제 한번 찾아보려고 ...",
            "speaker": {
              "id": "1번",
              "sex": "여성",
              "age": "20대"
            },
            "speechAct": "(단언) 주장하기",
            "morpheme": "아니/IC+이제/MAG+한/MM+번/NNBC+찾아보/VV+려고/EF+./SY"
          },
          {
            "id": 6,
            "text": "2 : 레옹?",
            "norm_text": "레옹?",
            "speaker": {
              "id": "2번",
              "sex": "여성",
              "age": "20대"
            },
            "speechAct": "(지시) 질문하기",
            "morpheme": "레옹/NNP"
          },
          {
            "id": 7,
            "text": "2 : 그것도 느와르 영화로 봐야되는건가?",
            "norm_text": "그것도 느와르 영화로 봐야되는건가?",
            "speaker": {
              "id": "2번",
              "sex": "여성",
              "age": "20대"
            },
            "speechAct": "(지시) 질문하기",
            "morpheme": "그것/NP+도/JX+느와르/NNP+영화/NNG+로/JKB+봐야/VV+EC+되/VV+는/ETM+건가/NNB+VCP+EF"
          },
          {
            "id": 8,
            "text": "3 : 키키 아 그러면서 뭘 빠지냐",
            "norm_text": "키키 아 그러면서 뭘 빠지냐",
            "speaker": {
              "id": "3번",
              "sex": "남성",
              "age": "20대"
            },
            "speechAct": "(단언) 주장하기",
            "morpheme": "키/NNG+키/VV+아/EC+그러/VV+면서/EC+뭘/NP+JKO+빠지/VV+냐/EC"
          },
          {
            "id": 9,
            "text": "1 : 원래 찾아보면서 빠지는 거거든?",
            "norm_text": "원래 찾아보면서 빠지는 거거든?",
            "speaker": {
              "id": "1번",
              "sex": "여성",
              "age": "20대"
            },
            "speechAct": "(지시) 질문하기",
            "morpheme": "원래/MAG+찾아보/VV+면서/EC+빠지/VV+는/ETM+거/NNB+거든/VCP+EF"
          },
          {
            "id": 10,
            "text": "2 : 난 정확하게 느와르가 뭔지 잘 모르겠어 ㅠㅠ",
            "norm_text": "난 정확하게 느와르가 뭔지 잘 모르겠어 ㅠㅠ",
            "speaker": {
              "id": "2번",
              "sex": "여성",
              "age": "20대"
            },
            "speechAct": "(단언) 주장하기",
            "morpheme": "난/NP+JX+정확/NNG+하/XSV+게/EC+느와르/NNP+가/JKS+뭔지/NP+VCP+EC+잘/MAG+모르/VV+겠/EP+어/EF+ㅠㅠ/UNKNOWN"
          },
          {
            "id": 11,
            "text": "2 : 어려워",
            "norm_text": "어려워",
            "speaker": {
              "id": "2번",
              "sex": "여성",
              "age": "20대"
            },
            "speechAct": "(단언) 주장하기",
            "morpheme": "어려워/VA+EC"
          },
          {
            "id": 12,
            "text": "3 : 키키 그냥 다른 코메디 영화나 봐",
            "norm_text": "키키 그냥 다른 코메디 영화나 봐",
            "speaker": {
              "id": "3번",
              "sex": "남성",
              "age": "20대"
            },
            "speechAct": "(단언) 주장하기",
            "morpheme": "키/NNG+키/NNG+그냥/MAG+다른/MM+코메디/NNG+영화/NNG+나/JX+봐/VV+EC"
          },
          {
            "id": 13,
            "text": "1 : 맞아...",
            "norm_text": "맞아...",
            "speaker": {
              "id": "1번",
              "sex": "여성",
              "age": "20대"
            },
            "speechAct": "(단언) 주장하기",
            "morpheme": "맞/VV+아/EF+./SY"
          },
          {
            "id": 14,
            "text": "1 : 나는 가벼운 영화가 좋더라...",
            "norm_text": "나는 가벼운 영화가 좋더라...",
            "speaker": {
              "id": "1번",
              "sex": "여성",
              "age": "20대"
            },
            "speechAct": "(단언) 주장하기",
            "morpheme": "나/NP+는/JX+가벼운/VA+ETM+영화/NNG+가/JKS+좋/VA+더라/EF+./SY"
          },
          {
            "id": 15,
            "text": "2 : 이것저것 다 경험하고 보면 좋지~",
            "norm_text": "이것저것 다 경험하고 보면 좋지~",
            "speaker": {
              "id": "2번",
              "sex": "여성",
              "age": "20대"
            },
            "speechAct": "(단언) 주장하기",
            "morpheme": "이것저것/NNG+다/MAG+경험/NNG+하/XSV+고/EC+보/VX+면/EC+좋/VA+지/EC+~/SY"
          },
          {
            "id": 16,
            "text": "2 : 보고싶은거 다 봐!",
            "norm_text": "보고싶은거 다 봐!",
            "speaker": {
              "id": "2번",
              "sex": "여성",
              "age": "20대"
            },
            "speechAct": "(단언) 주장하기",
            "morpheme": "보/VV+고/EC+싶/VX+은/ETM+거/NNB+다/VCP+EC+봐/VX+EF"
          },
          {
            "id": 17,
            "text": "3 : 포레스트 영화 본적 있어?",
            "norm_text": "포레스트 영화 본적 있어?",
            "speaker": {
              "id": "3번",
              "sex": "남성",
              "age": "20대"
            },
            "speechAct": "(지시) 질문하기",
            "morpheme": "포레스트/NNP+영화/NNG+본/VV+ETM+적/NNB+있/VA+어/EF"
          },
          {
            "id": 18,
            "text": "1 : 그거 약간 힐링물 아니야?",
            "norm_text": "그거 약간 힐링물 아니야?",
            "speaker": {
              "id": "1번",
              "sex": "여성",
              "age": "20대"
            },
            "speechAct": "(지시) 질문하기",
            "morpheme": "그거/NP+약간/MAG+힐링/NNG+물/NNG+아니/VCN+야/EF"
          },
          {
            "id": 19,
            "text": "2 : 아니 난 그거 본 적 없어 ㅠㅠ",
            "norm_text": "아니 난 그거 본 적 없어 ㅠㅠ",
            "speaker": {
              "id": "2번",
              "sex": "여성",
              "age": "20대"
            },
            "speechAct": "(단언) 주장하기",
            "morpheme": "아니/IC+난/NP+JX+그거/NP+본/VV+ETM+적/NNB+없/VA+어/EC+ㅠㅠ/UNKNOWN"
          },
          {
            "id": 20,
            "text": "3 : 맞아 자연에 있는것으로 요리하고",
            "norm_text": "맞아 자연에 있는것으로 요리하고",
            "speaker": {
              "id": "3번",
              "sex": "남성",
              "age": "20대"
            },
            "speechAct": "(단언) 주장하기",
            "morpheme": "맞/VV+아/EC+자연/NNG+에/JKB+있/VV+는/ETM+것/NNB+으로/JKB+요리/NNG+하/XSV+고/EC"
          },
          {
            "id": 21,
            "text": "1 : 오, 자기전에 그걸로 힐링해야지",
            "norm_text": "오, 자기전에 그걸로 힐링해야지",
            "speaker": {
              "id": "1번",
              "sex": "여성",
              "age": "20대"
            },
            "speechAct": "(단언) 주장하기",
            "morpheme": "오/IC+,/SC+자기/NP+전/NNG+에/JKB+그걸/NP+JKO+로힐/NNG+링/JKO+해야지/VV+EC"
          },
          {
            "id": 22,
            "text": "2 : 오 좋은데?",
            "norm_text": "오 좋은데?",
            "speaker": {
              "id": "2번",
              "sex": "여성",
              "age": "20대"
            },
            "speechAct": "(지시) 질문하기",
            "morpheme": "오/NR+좋/VA+은데/EF"
          },
          {
            "id": 23,
            "text": "2 : 나도 한번 봐야겠다 키키",
            "norm_text": "나도 한번 봐야겠다 키키",
            "speaker": {
              "id": "2번",
              "sex": "여성",
              "age": "20대"
            },
            "speechAct": "(단언) 주장하기",
            "morpheme": "나/NP+도/JX+한/MM+번/NNBC+봐야/VV+EC+VX+겠/EP+다키키/NNP"
          },
          {
            "id": 24,
            "text": "3 : 영화볼땐 맥주 한잔도 함께~",
            "norm_text": "영화볼땐 맥주 한잔도 함께~",
            "speaker": {
              "id": "3번",
              "sex": "남성",
              "age": "20대"
            },
            "speechAct": "(단언) 주장하기",
            "morpheme": "영화/NNG+볼땐/VV+ETM+NNG+JX+맥주/NNG+한잔/NNG+도/JX+함께/MAG+~/SY"
          }
        ]
      }
    }
  ]
}