{
  "dataset": {
    "identifier": 117135,
    "name": "NATEON_30_07_set",
    "src_path": "/data/file/cubeManager/PROJECT001/80/txt20211102113529052836/NATEON_30_07_set/",
    "label_path": "/data/file/cubeManager/PROJECT001/80/txt20211102113529052836/NATEON_30_07_set/",
    "category": 2,
    "type": 0
  },
  "licenses": {
    "name": "Apache License 1.0",
    "url": "http://www.apache.org/licenses/LICENSE-1.0"
  },
  "info": [
    {
      "id": 129970,
      "filename": "NATEON_30_07.txt",
      "title": "NATEON_30_07",
      "mediatype": "메신저",
      "medianame": "네이트온",
      "category": "일상대화",
      "date": "2021-11-02",
      "size": 474,
      "annotations": {
        "subject": "가족",
        "speaker_type": "다자간 대화",
        "size": 474,
        "word_size": 178,
        "text": "1 : 아 동생이 나랑 똑같은 옷 샀어\n2 : 뭐야\n2 : 둘이 완전 커플 티네 키키\n2 :  같이 입고 다녀\n3 : 키키 아니\n3 : 근데 왜 이렇게 싫어해\n1 : 하... 그럼 맞춰서 산 줄 안다고\n2 : 유행은 같이 타니까 키키\n2 : 어쩔 수 없지 ㅠㅠ\n3 : 동생이랑 커플 티라고 생각하고 입어\n1 : 키키 아니야\n1 : 나 동생이랑 그렇게 안 친해\n2 : 그걸로 부모님도 맞춰서 가족 티 하자 키키\n3 : 그건 나도 그래 키키\n3 : 뭐 필요할 때만\n1 : 키키 맞아\n1 : 동생은 뭐 필요할 때 나 찾거든\n2 : 원래 가족이 그래 키키\n2 : 근데 또 없으면 이상하다고 키키\n3 : 모든 동생이 다 그렇지 키키\n1 : 키키 맞아\n1 : 오늘도 방에 불 꺼 달라고 하려고\n2 : 아 그거 진짜 귀찮은데 ㅠㅠ\n3 : 키키 오 그럼 나도 해 봐야지\n1 : 원래 동생은 언니 말 잘 들어야지!\n2 : 나는 내가 꺼 주는 입장이라...\n2 : 후 화가 나네 ㅎ\n3 : 너 진짜 못된 언니구나?",
        "lines": [
          {
            "id": 1,
            "text": "1 : 아 동생이 나랑 똑같은 옷 샀어",
            "norm_text": "아 동생이 나랑 똑같은 옷 샀어",
            "speaker": {
              "id": "1번",
              "sex": "여성",
              "age": "20대"
            },
            "speechAct": "(단언) 진술하기",
            "morpheme": "아동/NNG+생/XSN+이/JKS+나/NP+랑/JKB+똑같/VA+은/ETM+옷/NNG+샀/VV+EP+어/EC"
          },
          {
            "id": 2,
            "text": "2 : 뭐야",
            "norm_text": "뭐야",
            "speaker": {
              "id": "2번",
              "sex": "여성",
              "age": "20대"
            },
            "speechAct": "(단언) 주장하기",
            "morpheme": "뭐/NP+야/VCP+EF"
          },
          {
            "id": 3,
            "text": "2 : 둘이 완전 커플 티네 키키",
            "norm_text": "둘이 완전 커플 티네 키키",
            "speaker": {
              "id": "2번",
              "sex": "여성",
              "age": "20대"
            },
            "speechAct": "(단언) 주장하기",
            "morpheme": "둘/NR+이/JKS+완전/MAG+커플/NNG+티/NNG+네/XSN+키/NNG+키/XSV+ETN"
          },
          {
            "id": 4,
            "text": "2 :  같이 입고 다녀",
            "norm_text": "같이 입고 다녀",
            "speaker": {
              "id": "2번",
              "sex": "여성",
              "age": "20대"
            },
            "speechAct": "(지시) 충고/제안하기",
            "morpheme": "같이/MAG+입/VV+고/EC+다녀/VV+EC"
          },
          {
            "id": 5,
            "text": "3 : 키키 아니",
            "norm_text": "키키 아니",
            "speaker": {
              "id": "3번",
              "sex": "남성",
              "age": "20대"
            },
            "speechAct": "(단언) 주장하기",
            "morpheme": "키/NNG+키/XSV+ETN+아니/VCN"
          },
          {
            "id": 6,
            "text": "3 : 근데 왜 이렇게 싫어해",
            "norm_text": "근데 왜 이렇게 싫어해",
            "speaker": {
              "id": "3번",
              "sex": "남성",
              "age": "20대"
            },
            "speechAct": "(지시) 질문하기",
            "morpheme": "근데/MAJ+왜/MAG+이렇게/MAG+싫/VA+어/EC+해/VV+EC"
          },
          {
            "id": 7,
            "text": "1 : 하... 그럼 맞춰서 산 줄 안다고",
            "norm_text": "하... 그럼 맞춰서 산 줄 안다고",
            "speaker": {
              "id": "1번",
              "sex": "여성",
              "age": "20대"
            },
            "speechAct": "(단언) 주장하기",
            "morpheme": "하/IC+./SY+그럼/MAJ+맞춰서/VV+EC+산/VV+ETM+줄/NNB+안다고/VV+EC"
          },
          {
            "id": 8,
            "text": "2 : 유행은 같이 타니까 키키",
            "norm_text": "유행은 같이 타니까 키키",
            "speaker": {
              "id": "2번",
              "sex": "여성",
              "age": "20대"
            },
            "speechAct": "(단언) 주장하기",
            "morpheme": "유행/NNG+은/JX+같이/MAG+타/VV+니까/EC+키/NNG+키/XSV+ETN"
          },
          {
            "id": 9,
            "text": "2 : 어쩔 수 없지 ㅠㅠ",
            "norm_text": "어쩔 수 없지 ㅠㅠ",
            "speaker": {
              "id": "2번",
              "sex": "여성",
              "age": "20대"
            },
            "speechAct": "(단언) 주장하기",
            "morpheme": "어쩔수없지ㅠㅠ/UNKNOWN"
          },
          {
            "id": 10,
            "text": "3 : 동생이랑 커플 티라고 생각하고 입어",
            "norm_text": "동생이랑 커플 티라고 생각하고 입어",
            "speaker": {
              "id": "3번",
              "sex": "남성",
              "age": "20대"
            },
            "speechAct": "(지시) 충고/제안하기",
            "morpheme": "동생/NNG+이랑/JKB+커플/NNG+티/NNG+라고/VCP+EC+생각/NNG+하/XSV+고/EC+입/VV+어/EC"
          },
          {
            "id": 11,
            "text": "1 : 키키 아니야",
            "norm_text": "키키 아니야",
            "speaker": {
              "id": "1번",
              "sex": "여성",
              "age": "20대"
            },
            "speechAct": "(단언) 주장하기",
            "morpheme": "키/NNG+키/XSV+ETN+아니/VCN+야/EC"
          },
          {
            "id": 12,
            "text": "1 : 나 동생이랑 그렇게 안 친해",
            "norm_text": "나 동생이랑 그렇게 안 친해",
            "speaker": {
              "id": "1번",
              "sex": "여성",
              "age": "20대"
            },
            "speechAct": "(단언) 주장하기",
            "morpheme": "나/NP+동생/NNG+이랑/JKB+그렇게/MAG+안/MAG+친해/VA+EC"
          },
          {
            "id": 13,
            "text": "2 : 그걸로 부모님도 맞춰서 가족 티 하자 키키",
            "norm_text": "그걸로 부모님도 맞춰서 가족 티 하자 키키",
            "speaker": {
              "id": "2번",
              "sex": "여성",
              "age": "20대"
            },
            "speechAct": "(지시) 충고/제안하기",
            "morpheme": "그걸로/NP+JKB+부모/NNG+님/XSN+도/JX+맞춰서/VV+EC+가족/NNG+티하/NNG+자키/NNG+키/XSV+ETN"
          },
          {
            "id": 14,
            "text": "3 : 그건 나도 그래 키키",
            "norm_text": "그건 나도 그래 키키",
            "speaker": {
              "id": "3번",
              "sex": "남성",
              "age": "20대"
            },
            "speechAct": "(단언) 주장하기",
            "morpheme": "그건/NP+JX+나/NP+도/JX+그래/VA+EC+키/NNG+키/XSV+ETN"
          },
          {
            "id": 15,
            "text": "3 : 뭐 필요할 때만",
            "norm_text": "뭐 필요할 때만",
            "speaker": {
              "id": "3번",
              "sex": "남성",
              "age": "20대"
            },
            "speechAct": "(단언) 주장하기",
            "morpheme": "뭐/IC+필요/NNG+할/XSV+ETM+때/NNG+만/JX"
          },
          {
            "id": 16,
            "text": "1 : 키키 맞아",
            "norm_text": "키키 맞아",
            "speaker": {
              "id": "1번",
              "sex": "여성",
              "age": "20대"
            },
            "speechAct": "(단언) 주장하기",
            "morpheme": "키/NNG+키/XSV+ETN+맞/VV+아/EC"
          },
          {
            "id": 17,
            "text": "1 : 동생은 뭐 필요할 때 나 찾거든",
            "norm_text": "동생은 뭐 필요할 때 나 찾거든",
            "speaker": {
              "id": "1번",
              "sex": "여성",
              "age": "20대"
            },
            "speechAct": "(단언) 주장하기",
            "morpheme": "동생/NNG+은/JX+뭐/IC+필요/NNG+할/XSV+ETM+때/NNG+나/JX+찾/VV+거든/EC"
          },
          {
            "id": 18,
            "text": "2 : 원래 가족이 그래 키키",
            "norm_text": "원래 가족이 그래 키키",
            "speaker": {
              "id": "2번",
              "sex": "여성",
              "age": "20대"
            },
            "speechAct": "(단언) 주장하기",
            "morpheme": "원래/MAG+가족/NNG+이/JKS+그래/VA+EC+키/NNG+키/XSV+ETN"
          },
          {
            "id": 19,
            "text": "2 : 근데 또 없으면 이상하다고 키키",
            "norm_text": "근데 또 없으면 이상하다고 키키",
            "speaker": {
              "id": "2번",
              "sex": "여성",
              "age": "20대"
            },
            "speechAct": "(단언) 주장하기",
            "morpheme": "근데/MAJ+또/MAG+없/VA+으면/EC+이상/NNG+하/XSV+다고/EC+키/NNG+키/XSV+ETN"
          },
          {
            "id": 20,
            "text": "3 : 모든 동생이 다 그렇지 키키",
            "norm_text": "모든 동생이 다 그렇지 키키",
            "speaker": {
              "id": "3번",
              "sex": "남성",
              "age": "20대"
            },
            "speechAct": "(단언) 주장하기",
            "morpheme": "모든/MM+동생/NNG+이/JKS+다/MAG+그렇/VA+지/EC+키/NNG+키/XSV+ETN"
          },
          {
            "id": 21,
            "text": "1 : 키키 맞아",
            "norm_text": "키키 맞아",
            "speaker": {
              "id": "1번",
              "sex": "여성",
              "age": "20대"
            },
            "speechAct": "(단언) 주장하기",
            "morpheme": "키/NNG+키/XSV+ETN+맞/VV+아/EC"
          },
          {
            "id": 22,
            "text": "1 : 오늘도 방에 불 꺼 달라고 하려고",
            "norm_text": "오늘도 방에 불 꺼 달라고 하려고",
            "speaker": {
              "id": "1번",
              "sex": "여성",
              "age": "20대"
            },
            "speechAct": "(단언) 주장하기",
            "morpheme": "오늘/MAG+도방/NNG+에/JKB+불/NNG+꺼/VV+EC+달/VX+라고/EC+하/VV+려고/EC"
          },
          {
            "id": 23,
            "text": "2 : 아 그거 진짜 귀찮은데 ㅠㅠ",
            "norm_text": "아 그거 진짜 귀찮은데 ㅠㅠ",
            "speaker": {
              "id": "2번",
              "sex": "여성",
              "age": "20대"
            },
            "speechAct": "(단언) 주장하기",
            "morpheme": "아/IC+그거/NP+진짜/MAG+귀찮/VA+은데/EC+ㅠㅠ/UNKNOWN"
          },
          {
            "id": 24,
            "text": "3 : 키키 오 그럼 나도 해 봐야지",
            "norm_text": "키키 오 그럼 나도 해 봐야지",
            "speaker": {
              "id": "3번",
              "sex": "남성",
              "age": "20대"
            },
            "speechAct": "(단언) 주장하기",
            "morpheme": "키/NNG+키/XSV+ETN+오/NR+그럼/MAJ+나/NP+도/JX+해/VV+EC+봐야/VX+EC+VV+지/EC"
          },
          {
            "id": 25,
            "text": "1 : 원래 동생은 언니 말 잘 들어야지!",
            "norm_text": "원래 동생은 언니 말 잘 들어야지!",
            "speaker": {
              "id": "1번",
              "sex": "여성",
              "age": "20대"
            },
            "speechAct": "(단언) 주장하기",
            "morpheme": "원래/MAG+동생/NNG+은/JX+언니/NNG+말/NNG+잘/MAG+들/VV+어야지/EF"
          },
          {
            "id": 26,
            "text": "2 : 나는 내가 꺼 주는 입장이라...",
            "norm_text": "나는 내가 꺼 주는 입장이라...",
            "speaker": {
              "id": "2번",
              "sex": "여성",
              "age": "20대"
            },
            "speechAct": "(단언) 주장하기",
            "morpheme": "나/NP+는/JX+내/NP+가/JKS+꺼주/VV+는/ETM+입장/NNG+이/VCP+라/EF+./SY"
          },
          {
            "id": 27,
            "text": "2 : 후 화가 나네 ㅎ",
            "norm_text": "후 화가 나네 ㅎ",
            "speaker": {
              "id": "2번",
              "sex": "여성",
              "age": "20대"
            },
            "speechAct": "(단언) 주장하기",
            "morpheme": "후/NNG+화/XSN+가/JKS+나/NP+네/XSN+ㅎ/XSA"
          },
          {
            "id": 28,
            "text": "3 : 너 진짜 못된 언니구나?",
            "norm_text": "너 진짜 못된 언니구나?",
            "speaker": {
              "id": "3번",
              "sex": "남성",
              "age": "20대"
            },
            "speechAct": "(단언) 주장하기",
            "morpheme": "너/NP+진짜/MAG+못/MAG+된/VV+ETM+언니/NNG+구나/VCP+EF"
          }
        ]
      }
    }
  ]
}