{
  "dataset": {
    "identifier": 17862,
    "name": "NATEON_26_15_set",
    "src_path": "/data/file/cubeManager/PROJECT001/7/txt20210826181628068827/NATEON_26_15_set/",
    "label_path": "/data/file/cubeManager/PROJECT001/7/txt20210826181628068827/NATEON_26_15_set/",
    "category": 2,
    "type": 0
  },
  "licenses": {
    "name": "Apache License 1.0",
    "url": "http://www.apache.org/licenses/LICENSE-1.0"
  },
  "info": [
    {
      "id": 733,
      "filename": "NATEON_26_15.txt",
      "title": "NATEON_26_15",
      "mediatype": "메신저",
      "medianame": "네이트온",
      "category": "일상대화",
      "date": "2021-08-26",
      "size": 1133,
      "annotations": {
        "subject": "타 국가 이슈",
        "speaker_type": "1:1",
        "size": 1133,
        "word_size": 344,
        "text": "1 : 얼마 전에는 중국 침수 재난 있더니 ㅠ 지금은 또 그리스랑 터키 산불이 난리더라...\n2 : 전세계적으로 정말 난리구나.\n2 : 이게 잠깐이 아니라 계속 국가적으로 문제가 생기니까 점점 걱정이 커져 ㅠㅠ\n1 : 맞아. 그래서 김연경 팬들이 터키 산불 모금에 참여하기로 했대.\n1 : 에휴 진짜 남일 같지 않네\n2 : 아이고 그런 일이 있었구나.\n2 : 진짜 국가적 재난이 계속 이어지니까 다들 걱정이 크겠어.\n2 : 우리나라만 해도 자연 재해가 계속 생겨나잖아 유유\n1 : 그러게\n1 : 진짜 기후 위기 어마어마한 거 같아.\n1 : 그리스는 관광으로 먹고 사는 나라라서 지금 경제 상황도 매우 안 좋지 않나 우우\n2 : 맞아.\n2 : 그리스 파산했다고 뉴스 본 거 같은데 산불까지 났다니...\n2 : 특히 관광이 경제로 이어지는 나라들은 정말 큰 위기네.\n1 : 헉 파산까지 했어?\n1 : 그렇구나.\n1 : 심각하네 진짜 유유\n1 : 터키도 많이 심한가 봐.\n1 : 다른 유럽 국가들한테도 화재 진압 요청했대.\n2 : 와 화재 진압 요청까지 할 정도면 진짜 엄청 심각한 건데...\n2 : 불 같은 건 정말 너무 번지면 진압하기도 힘들고 날씨도 도와주지 않으면 꺼질 생각도 안 하는 거 같더라구... 우우\n1 : 그러게.\n1 : 거기 기후도 많이 건조한가 봐.\n1 : 빨리 피해 없이 끝났으면 좋겠다.\n1 : 예전에 호주에도 산불 엄청 심각하게 나지 않았나.\n2 : 건조하면 불 끄기가 진짜 쉽지 않겠어.\n2 : 맞아\n2 : 호주도 산불 엄청 심각했었지!\n2 : 그때 4개월 동안 진압이 안 됐었다고 본 거 같은데...\n1 : 그치?\n1 : 그때 코알라들 너무 불쌍했어 유유 사람들도 그렇지만...\n2 : 맞아\n2 : 코알라가 못 빠져나와서 크게 다쳐있다가 겨우 구조된 모습 뉴스로 봤었는데...\n2 : 이런 재해는 사람뿐만 아니라 자연이나 동식물도 다 큰 피해를 보니까...\n1 : 맞아 산 다 불에 타고 나면 환경에도 엄청 안 좋을 거고... 멀리 떨어진 나라들이지만 뭔가 마음이 안 좋다\n2 : 맞아 불이 꺼지더라도 그 영향이 너무 커서 회복하는 시간도 정말 오래 걸릴 텐데...\n1 : 그러게 빨리 잘 해결됐으면 좋겠다!\n1 : 다른 나라에서도 공동 진화 작업해 주고...\n2 : 정말 같이 도와서 얼른 해결됐으면 좋겠어.\n2 : 그래야 모두에게 오는 피해가 끝날 테니까... ㅠㅠ",
        "lines": [
          {
            "id": 1,
            "text": "1 : 얼마 전에는 중국 침수 재난 있더니 ㅠ 지금은 또 그리스랑 터키 산불이 난리더라...",
            "norm_text": "얼마 전에는 중국 침수 재난 있더니 ㅠ 지금은 또 그리스랑 터키 산불이 난리더라...",
            "speaker": {
              "id": "1번",
              "sex": "여성",
              "age": "30대"
            },
            "speechAct": "(단언) 진술하기",
            "morpheme": "얼마/NNG+전/NNG+에/JKB+는/JX+중국/NNP+침수/NNG+재난/NNG+있/VV+더니/EC+ㅠ/UNKNOWN+지금/NNG+은/JX+또/MAG+그리스/NNP+랑/JC+터키/NNP+산불/NNG+이/JKS+난리/NNG+더라/VCP+EF+./SY"
          },
          {
            "id": 2,
            "text": "2 : 전세계적으로 정말 난리구나.",
            "norm_text": "전세계적으로 정말 난리구나.",
            "speaker": {
              "id": "2번",
              "sex": "여성",
              "age": "20대"
            },
            "speechAct": "(단언) 진술하기",
            "morpheme": "전/MM+세계/NNG+적/XSN+으로/JKB+정말/MAG+난리/NNG+구나/VCP+EF"
          },
          {
            "id": 3,
            "text": "2 : 이게 잠깐이 아니라 계속 국가적으로 문제가 생기니까 점점 걱정이 커져 ㅠㅠ",
            "norm_text": "이게 잠깐이 아니라 계속 국가적으로 문제가 생기니까 점점 걱정이 커져 ㅠㅠ",
            "speaker": {
              "id": "2번",
              "sex": "여성",
              "age": "20대"
            },
            "speechAct": "(단언) 진술하기",
            "morpheme": "이게/NP+JKS+잠깐/NNG+이/JKC+아니/VCN+라/EC+계속/MAG+국가/NNG+적/XSN+으로/JKB+문제/NNG+가/JKS+생기/VV+니까/EC+점점/MAG+걱정/NNG+이/JKS+커져/VA+EC+VX+EC+ㅠㅠ/UNKNOWN"
          },
          {
            "id": 4,
            "text": "1 : 맞아. 그래서 김연경 팬들이 터키 산불 모금에 참여하기로 했대.",
            "norm_text": "맞아. 그래서 김연경 팬들이 터키 산불 모금에 참여하기로 했대.",
            "speaker": {
              "id": "1번",
              "sex": "여성",
              "age": "30대"
            },
            "speechAct": "(단언) 진술하기",
            "morpheme": "맞/VV+아/EF+그래서/MAJ+김연경/NNP+팬/NNG+들/XSN+이/JKS+터키/NNP+산불/NNG+모금/NNG+에/JKB+참여/NNG+하/XSV+기/ETN+로/JKB+했/VV+EP+대/EF"
          },
          {
            "id": 5,
            "text": "1 : 에휴 진짜 남일 같지 않네",
            "norm_text": "에휴 진짜 남일 같지 않네",
            "speaker": {
              "id": "1번",
              "sex": "여성",
              "age": "30대"
            },
            "speechAct": "(단언) 진술하기",
            "morpheme": "에휴/IC+진짜/MAG+남일/NNP+같/VA+지/EC+않/VX+네/EC"
          },
          {
            "id": 6,
            "text": "2 : 아이고 그런 일이 있었구나.",
            "norm_text": "아이고 그런 일이 있었구나.",
            "speaker": {
              "id": "2번",
              "sex": "여성",
              "age": "20대"
            },
            "speechAct": "(단언) 진술하기",
            "morpheme": "아이고/IC+그런/MM+일/NNG+이/JKS+있/VA+었/EP+구나/EF"
          },
          {
            "id": 7,
            "text": "2 : 진짜 국가적 재난이 계속 이어지니까 다들 걱정이 크겠어.",
            "norm_text": "진짜 국가적 재난이 계속 이어지니까 다들 걱정이 크겠어.",
            "speaker": {
              "id": "2번",
              "sex": "여성",
              "age": "20대"
            },
            "speechAct": "(단언) 진술하기",
            "morpheme": "진짜/MAG+국가/NNG+적/XSN+재난/NNG+이/JKS+계속/NNG+이/VCP+어/EC+지/VX+니까/EC+다/MAG+들/XSN+걱정/NNG+이/JKS+크/VA+겠/EP+어/EF"
          },
          {
            "id": 8,
            "text": "2 : 우리나라만 해도 자연 재해가 계속 생겨나잖아 유유",
            "norm_text": "우리나라만 해도 자연 재해가 계속 생겨나잖아 유유",
            "speaker": {
              "id": "2번",
              "sex": "여성",
              "age": "20대"
            },
            "speechAct": "(단언) 진술하기",
            "morpheme": "우리/NP+나라/NNG+만/JX+해도/VV+EC+자연재해/NNG+가/JKS+계속/MAG+생겨나/VV+잖아/EC+유유/NNG"
          },
          {
            "id": 9,
            "text": "1 : 그러게",
            "norm_text": "그러게",
            "speaker": {
              "id": "1번",
              "sex": "여성",
              "age": "30대"
            },
            "speechAct": "(단언) 진술하기",
            "morpheme": "그러/VV+게/EC"
          },
          {
            "id": 10,
            "text": "1 : 진짜 기후 위기 어마어마한 거 같아.",
            "norm_text": "진짜 기후 위기 어마어마한 거 같아.",
            "speaker": {
              "id": "1번",
              "sex": "여성",
              "age": "30대"
            },
            "speechAct": "(단언) 진술하기",
            "morpheme": "진짜/MAG+기후/NNG+위기/NNG+어마어마/XR+한/XSA+ETM+거/NNB+같/VA+아/EF"
          },
          {
            "id": 11,
            "text": "1 : 그리스는 관광으로 먹고 사는 나라라서 지금 경제 상황도 매우 안 좋지 않나 우우",
            "norm_text": "그리스는 관광으로 먹고 사는 나라라서 지금 경제 상황도 매우 안 좋지 않나 우우",
            "speaker": {
              "id": "1번",
              "sex": "여성",
              "age": "30대"
            },
            "speechAct": "(지시) 질문하기",
            "morpheme": "그리스/NNP+는/JX+관광/NNG+으로/JKB+먹/VV+고/EC+사/VV+는/ETM+나라/NNG+라서/VCP+EC+지금/MAG+경제/NNG+상황/NNG+도/JX+매우/MAG+안/MAG+좋/VA+지/EC+않/VX+나/EC+우우/NNG"
          },
          {
            "id": 12,
            "text": "2 : 맞아.",
            "norm_text": "맞아.",
            "speaker": {
              "id": "2번",
              "sex": "여성",
              "age": "20대"
            },
            "speechAct": "(단언) 주장하기",
            "morpheme": "맞/VV+아/EF"
          },
          {
            "id": 13,
            "text": "2 : 그리스 파산했다고 뉴스 본 거 같은데 산불까지 났다니...",
            "norm_text": "그리스 파산했다고 뉴스 본 거 같은데 산불까지 났다니...",
            "speaker": {
              "id": "2번",
              "sex": "여성",
              "age": "20대"
            },
            "speechAct": "(단언) 진술하기",
            "morpheme": "그리스/NNP+파산/NNG+했/XSV+EP+다고/EC+뉴스/NNG+본/VV+ETM+거/NNB+같/VA+은데/EC+산불/NNG+까지/JX+났/VV+EP+다니/EF+./SY"
          },
          {
            "id": 14,
            "text": "2 : 특히 관광이 경제로 이어지는 나라들은 정말 큰 위기네.",
            "norm_text": "특히 관광이 경제로 이어지는 나라들은 정말 큰 위기네.",
            "speaker": {
              "id": "2번",
              "sex": "여성",
              "age": "20대"
            },
            "speechAct": "(단언) 진술하기",
            "morpheme": "특히/MAG+관광/NNG+이/JKS+경제/NNG+로/JKB+이어지/VV+는/ETM+나라/NNG+들/XSN+은/JX+정말/MAG+큰/VA+ETM+위기/NNG+네/VCP+EF"
          },
          {
            "id": 15,
            "text": "1 : 헉 파산까지 했어?",
            "norm_text": "헉 파산까지 했어?",
            "speaker": {
              "id": "1번",
              "sex": "여성",
              "age": "30대"
            },
            "speechAct": "(지시) 질문하기",
            "morpheme": "헉/IC+파산/NNG+까지/JX+했/VV+EP+어/EF"
          },
          {
            "id": 16,
            "text": "1 : 그렇구나.",
            "norm_text": "그렇구나.",
            "speaker": {
              "id": "1번",
              "sex": "여성",
              "age": "30대"
            },
            "speechAct": "턴토크 사인(관습적 반응)",
            "morpheme": "그렇/VA+구나/EF"
          },
          {
            "id": 17,
            "text": "1 : 심각하네 진짜 유유",
            "norm_text": "심각하네 진짜 유유",
            "speaker": {
              "id": "1번",
              "sex": "여성",
              "age": "30대"
            },
            "speechAct": "(단언) 진술하기",
            "morpheme": "심각/XR+하/XSA+네/EF+진짜/MAG+유유/NNG"
          },
          {
            "id": 18,
            "text": "1 : 터키도 많이 심한가 봐.",
            "norm_text": "터키도 많이 심한가 봐.",
            "speaker": {
              "id": "1번",
              "sex": "여성",
              "age": "30대"
            },
            "speechAct": "(단언) 진술하기",
            "morpheme": "터키/NNP+도/JX+많이/MAG+심한가/VA+EC+봐/VX+EF"
          },
          {
            "id": 19,
            "text": "1 : 다른 유럽 국가들한테도 화재 진압 요청했대.",
            "norm_text": "다른 유럽 국가들한테도 화재 진압 요청했대.",
            "speaker": {
              "id": "1번",
              "sex": "여성",
              "age": "30대"
            },
            "speechAct": "(단언) 진술하기",
            "morpheme": "다른/MM+유럽/NNP+국가/NNG+들/XSN+한테/JKB+도/JX+화재/NNG+진압/NNG+요청/NNG+했/XSV+EP+대/EF"
          },
          {
            "id": 20,
            "text": "2 : 와 화재 진압 요청까지 할 정도면 진짜 엄청 심각한 건데...",
            "norm_text": "와 화재 진압 요청까지 할 정도면 진짜 엄청 심각한 건데...",
            "speaker": {
              "id": "2번",
              "sex": "여성",
              "age": "20대"
            },
            "speechAct": "(단언) 진술하기",
            "morpheme": "와화/NNG+재/XPN+진압/NNG+요청/NNG+까지/JX+할/VV+ETM+정도/NNG+면/VCP+EC+진짜/MAG+엄청/MAG+심각/XR+한/XSA+ETM+건데/NNB+VCP+EF+./SY"
          },
          {
            "id": 21,
            "text": "2 : 불 같은 건 정말 너무 번지면 진압하기도 힘들고 날씨도 도와주지 않으면 꺼질 생각도 안 하는 거 같더라구... 우우",
            "norm_text": "불 같은 건 정말 너무 번지면 진압하기도 힘들고 날씨도 도와주지 않으면 꺼질 생각도 안 하는 거 같더라구... 우우",
            "speaker": {
              "id": "2번",
              "sex": "여성",
              "age": "20대"
            },
            "speechAct": "(단언) 진술하기",
            "morpheme": "불/NNG+같/VA+은/ETM+건/NNB+JX+정말/MAG+너무/MAG+번지/VV+면/EC+진압/NNG+하/XSV+기/ETN+도/JX+힘들/VA+고/EC+날씨/NNG+도/JX+도와/VV+EC+주/VX+지/EC+않/VX+으면/EC+꺼질/VV+ETM+생각/NNG+도/JX+안/MAG+하/VV+는/ETM+거/NNB+같/VA+더라구/EF+./SY+우우/NNG"
          },
          {
            "id": 22,
            "text": "1 : 그러게.",
            "norm_text": "그러게.",
            "speaker": {
              "id": "1번",
              "sex": "여성",
              "age": "30대"
            },
            "speechAct": "턴토크 사인(관습적 반응)",
            "morpheme": "그러게/IC"
          },
          {
            "id": 23,
            "text": "1 : 거기 기후도 많이 건조한가 봐.",
            "norm_text": "거기 기후도 많이 건조한가 봐.",
            "speaker": {
              "id": "1번",
              "sex": "여성",
              "age": "30대"
            },
            "speechAct": "(단언) 진술하기",
            "morpheme": "거기/NP+기후/NNG+도/JX+많이/MAG+건조/NNG+한가/XSA+EC+봐/VX+EF"
          },
          {
            "id": 24,
            "text": "1 : 빨리 피해 없이 끝났으면 좋겠다.",
            "norm_text": "빨리 피해 없이 끝났으면 좋겠다.",
            "speaker": {
              "id": "1번",
              "sex": "여성",
              "age": "30대"
            },
            "speechAct": "(단언) 주장하기",
            "morpheme": "빨리/MAG+피해/VV+EC+없이/MAG+끝났으면/VV+EP+EC+좋/VA+겠/EP+다/EF"
          },
          {
            "id": 25,
            "text": "1 : 예전에 호주에도 산불 엄청 심각하게 나지 않았나.",
            "norm_text": "예전에 호주에도 산불 엄청 심각하게 나지 않았나.",
            "speaker": {
              "id": "1번",
              "sex": "여성",
              "age": "30대"
            },
            "speechAct": "(지시) 질문하기",
            "morpheme": "예전/NNG+에/JKB+호주/NNP+에/JKB+도/JX+산불/NNG+엄청/MAG+심각/XR+하/XSA+게/EC+나/VX+지/EC+않/VX+았/EP+나/EF"
          },
          {
            "id": 26,
            "text": "2 : 건조하면 불 끄기가 진짜 쉽지 않겠어.",
            "norm_text": "건조하면 불 끄기가 진짜 쉽지 않겠어.",
            "speaker": {
              "id": "2번",
              "sex": "여성",
              "age": "20대"
            },
            "speechAct": "(단언) 주장하기",
            "morpheme": "건조/NNG+하/XSV+면/EC+불/NNG+끄/VV+기/ETN+가/JKS+진짜/MAG+쉽/VA+지/EC+않/VX+겠/EP+어/EF"
          },
          {
            "id": 27,
            "text": "2 : 맞아",
            "norm_text": "맞아",
            "speaker": {
              "id": "2번",
              "sex": "여성",
              "age": "20대"
            },
            "speechAct": "(단언) 주장하기",
            "morpheme": "맞/VV+아/EC"
          },
          {
            "id": 28,
            "text": "2 : 호주도 산불 엄청 심각했었지!",
            "norm_text": "호주도 산불 엄청 심각했었지!",
            "speaker": {
              "id": "2번",
              "sex": "여성",
              "age": "20대"
            },
            "speechAct": "(단언) 진술하기",
            "morpheme": "호주/NNP+도/JX+산불/NNG+엄청/MAG+심각/XR+했었/XSA+EP+지/EF"
          },
          {
            "id": 29,
            "text": "2 : 그때 4개월 동안 진압이 안 됐었다고 본 거 같은데...",
            "norm_text": "그때 4개월 동안 진압이 안 됐었다고 본 거 같은데...",
            "speaker": {
              "id": "2번",
              "sex": "여성",
              "age": "20대"
            },
            "speechAct": "(단언) 진술하기",
            "morpheme": "그때/NNG+4/SN+개월/NNBC+동안/NNG+진압/NNG+이/JKS+안/MAG+됐었/VV+EP+다고/EC+본/VX+ETM+거/NNB+같/VA+은데/EF+./SY"
          },
          {
            "id": 30,
            "text": "1 : 그치?",
            "norm_text": "그치?",
            "speaker": {
              "id": "1번",
              "sex": "여성",
              "age": "30대"
            },
            "speechAct": "(지시) 질문하기",
            "morpheme": "그치/IC"
          },
          {
            "id": 31,
            "text": "1 : 그때 코알라들 너무 불쌍했어 유유 사람들도 그렇지만...",
            "norm_text": "그때 코알라들 너무 불쌍했어 유유 사람들도 그렇지만...",
            "speaker": {
              "id": "1번",
              "sex": "여성",
              "age": "30대"
            },
            "speechAct": "(단언) 주장하기",
            "morpheme": "그때/NNG+코알라/NNG+들/XSN+너무/MAG+불쌍/XR+했/XSA+EP+어/EC+유유/NNG+사람/NNG+들/XSN+도/JX+그렇/VA+지만/EC+./SY+./SY"
          },
          {
            "id": 32,
            "text": "2 : 맞아",
            "norm_text": "맞아",
            "speaker": {
              "id": "2번",
              "sex": "여성",
              "age": "20대"
            },
            "speechAct": "(단언) 주장하기",
            "morpheme": "맞/VV+아/EC"
          },
          {
            "id": 33,
            "text": "2 : 코알라가 못 빠져나와서 크게 다쳐있다가 겨우 구조된 모습 뉴스로 봤었는데...",
            "norm_text": "코알라가 못 빠져나와서 크게 다쳐있다가 겨우 구조된 모습 뉴스로 봤었는데...",
            "speaker": {
              "id": "2번",
              "sex": "여성",
              "age": "20대"
            },
            "speechAct": "(단언) 진술하기",
            "morpheme": "코알라/NNG+가/JKS+못/MAG+빠져/VV+EC+나와서/VV+EC+크/VA+게/EC+다쳐/VV+EC+있/VX+다가/EC+겨우/MAG+구조/NNG+된/XSV+ETM+모습/NNG+뉴스/NNG+로/JKB+봤었/VV+EP+는데/EC+./SY+./SY"
          },
          {
            "id": 34,
            "text": "2 : 이런 재해는 사람뿐만 아니라 자연이나 동식물도 다 큰 피해를 보니까...",
            "norm_text": "이런 재해는 사람뿐만 아니라 자연이나 동식물도 다 큰 피해를 보니까...",
            "speaker": {
              "id": "2번",
              "sex": "여성",
              "age": "20대"
            },
            "speechAct": "(단언) 진술하기",
            "morpheme": "이런/MM+재해/NNG+는/JX+사람/NNG+뿐/JX+만/JX+아니/VCN+라/EC+자연/NNG+이나/JC+동식물/NNG+도/JX+다/MAG+큰/VA+ETM+피해/NNG+를/JKO+보/VV+니까/EC+./SY+./SY"
          },
          {
            "id": 35,
            "text": "1 : 맞아 산 다 불에 타고 나면 환경에도 엄청 안 좋을 거고... 멀리 떨어진 나라들이지만 뭔가 마음이 안 좋다",
            "norm_text": "맞아 산 다 불에 타고 나면 환경에도 엄청 안 좋을 거고... 멀리 떨어진 나라들이지만 뭔가 마음이 안 좋다",
            "speaker": {
              "id": "1번",
              "sex": "여성",
              "age": "30대"
            },
            "speechAct": "(단언) 진술하기",
            "morpheme": "맞/VV+아/EC+산다/VV+EC+불/NNG+에/JKB+타/VV+고/EC+나/VX+면/EC+환경/NNG+에/JKB+도/JX+엄청/MAG+안/MAG+좋/VA+을/ETM+거/NNB+고/VCP+EC+./SY+./SY+멀리/MAG+떨어진/VV+ETM+나라/NNG+들/XSN+이/VCP+지만/EC+뭔가/NP+VCP+EC+마음/NNG+이/JKS+안/MAG+좋/VA+다/EC"
          },
          {
            "id": 36,
            "text": "2 : 맞아 불이 꺼지더라도 그 영향이 너무 커서 회복하는 시간도 정말 오래 걸릴 텐데...",
            "norm_text": "맞아 불이 꺼지더라도 그 영향이 너무 커서 회복하는 시간도 정말 오래 걸릴 텐데...",
            "speaker": {
              "id": "2번",
              "sex": "여성",
              "age": "20대"
            },
            "speechAct": "(단언) 진술하기",
            "morpheme": "맞/VV+아/EC+불/NNG+이/JKS+꺼지/VV+더라도/EC+그/MM+영향/NNG+이/JKS+너무/MAG+커서/VV+EC+회복/NNG+하/XSV+는/ETM+시간/NNG+도/JX+정말/MAG+오래/MAG+걸릴/VV+ETM+텐데/NNB+VCP+EF+./SY"
          },
          {
            "id": 37,
            "text": "1 : 그러게 빨리 잘 해결됐으면 좋겠다!",
            "norm_text": "그러게 빨리 잘 해결됐으면 좋겠다!",
            "speaker": {
              "id": "1번",
              "sex": "여성",
              "age": "30대"
            },
            "speechAct": "(단언) 주장하기",
            "morpheme": "그러게/IC+빨리/MAG+잘/MAG+해결/NNG+됐/XSV+EP+으면/EC+좋/VA+겠/EP+다/EF"
          },
          {
            "id": 38,
            "text": "1 : 다른 나라에서도 공동 진화 작업해 주고...",
            "norm_text": "다른 나라에서도 공동 진화 작업해 주고...",
            "speaker": {
              "id": "1번",
              "sex": "여성",
              "age": "30대"
            },
            "speechAct": "(단언) 주장하기",
            "morpheme": "다른/MM+나라/NNG+에서/JKB+도/JX+공동/NNG+진화/NNG+작업/NNG+해/XSV+EC+주/VX+고/EC+./SY+./SY"
          },
          {
            "id": 39,
            "text": "2 : 정말 같이 도와서 얼른 해결됐으면 좋겠어.",
            "norm_text": "정말 같이 도와서 얼른 해결됐으면 좋겠어.",
            "speaker": {
              "id": "2번",
              "sex": "여성",
              "age": "20대"
            },
            "speechAct": "(단언) 주장하기",
            "morpheme": "정말/MAG+같이/MAG+도와서/VV+EC+얼른/MAG+해결/NNG+됐/XSV+EP+으면/EC+좋/VA+겠/EP+어/EF"
          },
          {
            "id": 40,
            "text": "2 : 그래야 모두에게 오는 피해가 끝날 테니까... ㅠㅠ",
            "norm_text": "그래야 모두에게 오는 피해가 끝날 테니까... ㅠㅠ",
            "speaker": {
              "id": "2번",
              "sex": "여성",
              "age": "20대"
            },
            "speechAct": "(단언) 주장하기",
            "morpheme": "그래야/MAJ+모두/NNG+에게/JKB+오/VV+는/ETM+피해/NNG+가/JKS+끝날/VV+ETM+테/NNB+VCP+니까/EC+./SY+./SY+ㅠㅠ/UNKNOWN"
          }
        ]
      }
    }
  ]
}