{
  "dataset": {
    "identifier": 127935,
    "name": "NATEON_39_10_set",
    "src_path": "/data/file/cubeManager/PROJECT001/84/txt20211108181225072795/NATEON_39_10_set/",
    "label_path": "/data/file/cubeManager/PROJECT001/84/txt20211108181225072795/NATEON_39_10_set/",
    "category": 2,
    "type": 0
  },
  "licenses": {
    "name": "Apache License 1.0",
    "url": "http://www.apache.org/licenses/LICENSE-1.0"
  },
  "info": [
    {
      "id": 141894,
      "filename": "NATEON_39_10.txt",
      "title": "NATEON_39_10",
      "mediatype": "메신저",
      "medianame": "네이트온",
      "category": "일상대화",
      "date": "2021-11-08",
      "size": 412,
      "annotations": {
        "subject": "스포츠/레저",
        "speaker_type": "다자간 대화",
        "size": 412,
        "word_size": 147,
        "text": "1 : 너희 취미 생활이 뭐야?\n2 : 나는 취미는 아직 없어 키키\n3 : 나 취미 누워서 티비 보기...\n1 : 키키 야 그게 뭐야 다른 거 없어?\n2 : 아 그것도 취미야?\n2 : 나도 그럼 영화 보기 키키\n3 : 키키 아 그래도 이번에 뭐 좀 시작하려고\n1 : 너 뭘 시작하고 싶은데?\n2 : 나 십자수 이런 거 해보고 싶어 키키\n3 : 음.. 나는 이번에 배구?\n1 : 오 김연경 선수 보고 그래?\n2 : 식빵 언니 너무 좋아 키키 걸 크러쉬\n3 : 응 이번에 시합 하는 거 보니까 그래!\n1 : 맞아 나도 배구 하고 싶더라ㅠ\n2 : 근데 그것도 힘 엄청 드는 거 같아 키키\n3 : 남자 배구를 내가 유명해지도록 해보겠어\n1 : 오... 배구 하려면 손에 힘이 많아야 할 텐데\n2 : 어어 너가 한번 남자 배구 이끌어봐 키키\n3 : 응 계속 훈련 하고 하더라 ㅠ",
        "lines": [
          {
            "id": 1,
            "text": "1 : 너희 취미 생활이 뭐야?",
            "norm_text": "너희 취미 생활이 뭐야?",
            "speaker": {
              "id": "1번",
              "sex": "여성",
              "age": "20대"
            },
            "speechAct": "(지시) 질문하기",
            "morpheme": "너희/NP+취미/NNG+생활/NNG+이/JKS+뭐/NP+야/VCP+EF"
          },
          {
            "id": 2,
            "text": "2 : 나는 취미는 아직 없어 키키",
            "norm_text": "나는 취미는 아직 없어 키키",
            "speaker": {
              "id": "2번",
              "sex": "여성",
              "age": "20대"
            },
            "speechAct": "(단언) 진술하기",
            "morpheme": "나/NP+는/JX+취미/NNG+는/JX+아직/MAG+없/VA+어/EC+키/NNG+키/XSV+ETN"
          },
          {
            "id": 3,
            "text": "3 : 나 취미 누워서 티비 보기...",
            "norm_text": "나 취미 누워서 티비 보기...",
            "speaker": {
              "id": "3번",
              "sex": "남성",
              "age": "20대"
            },
            "speechAct": "(단언) 주장하기",
            "morpheme": "나취미누워서티비보기/UNKNOWN+./SY"
          },
          {
            "id": 4,
            "text": "1 : 키키 야 그게 뭐야 다른 거 없어?",
            "norm_text": "키키 야 그게 뭐야 다른 거 없어?",
            "speaker": {
              "id": "1번",
              "sex": "여성",
              "age": "20대"
            },
            "speechAct": "(지시) 질문하기",
            "morpheme": "키키/NNP+야/JKV+그게/NP+JKS+뭐/NP+야/VCP+EF+다른/MM+거/NNB+없/VA+어/EF"
          },
          {
            "id": 5,
            "text": "2 : 아 그것도 취미야?",
            "norm_text": "아 그것도 취미야?",
            "speaker": {
              "id": "2번",
              "sex": "여성",
              "age": "20대"
            },
            "speechAct": "(지시) 질문하기",
            "morpheme": "아/IC+그것/NP+도/JX+취미/NNG+야/VCP+EF"
          },
          {
            "id": 6,
            "text": "2 : 나도 그럼 영화 보기 키키",
            "norm_text": "나도 그럼 영화 보기 키키",
            "speaker": {
              "id": "2번",
              "sex": "여성",
              "age": "20대"
            },
            "speechAct": "(단언) 주장하기",
            "morpheme": "나/NP+도/JX+그럼/MAJ+영화/NNG+보/VV+기/ETN+키/NNG+키/XSV+ETN"
          },
          {
            "id": 7,
            "text": "3 : 키키 아 그래도 이번에 뭐 좀 시작하려고",
            "norm_text": "키키 아 그래도 이번에 뭐 좀 시작하려고",
            "speaker": {
              "id": "3번",
              "sex": "남성",
              "age": "20대"
            },
            "speechAct": "(단언) 주장하기",
            "morpheme": "키/NNG+키/VV+아/EC+그래도/VV+EC+이번/NNG+에/JKB+뭐/IC+좀/MAG+시작/NNG+하/XSV+려고/EC"
          },
          {
            "id": 8,
            "text": "1 : 너 뭘 시작하고 싶은데?",
            "norm_text": "너 뭘 시작하고 싶은데?",
            "speaker": {
              "id": "1번",
              "sex": "여성",
              "age": "20대"
            },
            "speechAct": "(지시) 질문하기",
            "morpheme": "너/NP+뭘/NP+JKO+시작/NNG+하/XSV+고/EC+싶/VX+은데/EF"
          },
          {
            "id": 9,
            "text": "2 : 나 십자수 이런 거 해보고 싶어 키키",
            "norm_text": "나 십자수 이런 거 해보고 싶어 키키",
            "speaker": {
              "id": "2번",
              "sex": "여성",
              "age": "20대"
            },
            "speechAct": "(단언) 주장하기",
            "morpheme": "나/NP+십자수/NNG+이런/MM+거/NNB+해/VV+EC+보/VX+고/EC+싶/VX+어/EC+키/NNG+키/XSV+ETN"
          },
          {
            "id": 10,
            "text": "3 : 음.. 나는 이번에 배구?",
            "norm_text": "음.. 나는 이번에 배구?",
            "speaker": {
              "id": "3번",
              "sex": "남성",
              "age": "20대"
            },
            "speechAct": "(단언) 주장하기",
            "morpheme": "음/IC+./SY+나/NP+는/JX+이번/NNG+에/JKB+배구/NNG"
          },
          {
            "id": 11,
            "text": "1 : 오 김연경 선수 보고 그래?",
            "norm_text": "오 김연경 선수 보고 그래?",
            "speaker": {
              "id": "1번",
              "sex": "여성",
              "age": "20대"
            },
            "speechAct": "(지시) 질문하기",
            "morpheme": "오/IC+김연경/NNP+선수/NNG+보/VV+고/EC+그래/VV+EF"
          },
          {
            "id": 12,
            "text": "2 : 식빵 언니 너무 좋아 키키 걸 크러쉬",
            "norm_text": "식빵 언니 너무 좋아 키키 걸 크러쉬",
            "speaker": {
              "id": "2번",
              "sex": "여성",
              "age": "20대"
            },
            "speechAct": "(단언) 주장하기",
            "morpheme": "식빵/NNG+언니/NNG+너무/MAG+좋/VA+아/EC+키/NNG+키/XSV+ETN+걸/NNB+JKO+크러쉬/NNP"
          },
          {
            "id": 13,
            "text": "3 : 응 이번에 시합 하는 거 보니까 그래!",
            "norm_text": "응 이번에 시합 하는 거 보니까 그래!",
            "speaker": {
              "id": "3번",
              "sex": "남성",
              "age": "20대"
            },
            "speechAct": "(단언) 진술하기",
            "morpheme": "응/IC+이번/NNG+에/JKB+시합/NNG+하/XSV+는/ETM+거/NNB+보/VV+니까/EC+그래/VV+EF"
          },
          {
            "id": 14,
            "text": "1 : 맞아 나도 배구 하고 싶더라ㅠ",
            "norm_text": "맞아 나도 배구 하고 싶더라ㅠ",
            "speaker": {
              "id": "1번",
              "sex": "여성",
              "age": "20대"
            },
            "speechAct": "(단언) 주장하기",
            "morpheme": "맞/VV+아/EC+나/NP+도/JX+배구/NNG+하/XSV+고/EC+싶/VX+더라/EF+ㅠ/UNKNOWN"
          },
          {
            "id": 15,
            "text": "2 : 근데 그것도 힘 엄청 드는 거 같아 키키",
            "norm_text": "근데 그것도 힘 엄청 드는 거 같아 키키",
            "speaker": {
              "id": "2번",
              "sex": "여성",
              "age": "20대"
            },
            "speechAct": "(단언) 진술하기",
            "morpheme": "근데/MAJ+그것/NP+도/JX+힘/NNG+엄청/MAG+드/VV+는/ETM+거/NNB+같/VA+아/EC+키/NNG+키/XSV+ETN"
          },
          {
            "id": 16,
            "text": "3 : 남자 배구를 내가 유명해지도록 해보겠어",
            "norm_text": "남자 배구를 내가 유명해지도록 해보겠어",
            "speaker": {
              "id": "3번",
              "sex": "남성",
              "age": "20대"
            },
            "speechAct": "(단언) 주장하기",
            "morpheme": "남자/NNG+배구/NNG+를/JKO+내/NP+가/JKS+유명/NNG+해/XSV+EC+지/VX+도록/EC+해/VV+EC+보/VX+겠/EP+어/EC"
          },
          {
            "id": 17,
            "text": "1 : 오... 배구 하려면 손에 힘이 많아야 할 텐데",
            "norm_text": "오... 배구 하려면 손에 힘이 많아야 할 텐데",
            "speaker": {
              "id": "1번",
              "sex": "여성",
              "age": "20대"
            },
            "speechAct": "(단언) 주장하기",
            "morpheme": "오/IC+./SY+배구/NNG+하/XSV+려면/EC+손/NNG+에/JKB+힘/NNG+이/JKS+많/VA+아야/EC+할/VX+ETM+텐데/NNB+VCP+EC"
          },
          {
            "id": 18,
            "text": "2 : 어어 너가 한번 남자 배구 이끌어봐 키키",
            "norm_text": "어어 너가 한번 남자 배구 이끌어봐 키키",
            "speaker": {
              "id": "2번",
              "sex": "여성",
              "age": "20대"
            },
            "speechAct": "(단언) 주장하기",
            "morpheme": "어/IC+어/IC+너/NP+가/JKS+한/MM+번/NNBC+남자/NNG+배구/NNG+이끌/VV+어/EC+봐/VX+EF+키/NNG+키/XSV+ETN"
          },
          {
            "id": 19,
            "text": "3 : 응 계속 훈련 하고 하더라 ㅠ",
            "norm_text": "응 계속 훈련 하고 하더라 ㅠ",
            "speaker": {
              "id": "3번",
              "sex": "남성",
              "age": "20대"
            },
            "speechAct": "(단언) 진술하기",
            "morpheme": "응/IC+계속/MAG+훈련/NNG+하/XSV+고/EC+하/VX+더라/EF+ㅠ/UNKNOWN"
          }
        ]
      }
    }
  ]
}