{
  "dataset": {
    "identifier": 127923,
    "name": "NATEON_38_18_set",
    "src_path": "/data/file/cubeManager/PROJECT001/84/txt20211108181225063292/NATEON_38_18_set/",
    "label_path": "/data/file/cubeManager/PROJECT001/84/txt20211108181225063292/NATEON_38_18_set/",
    "category": 2,
    "type": 0
  },
  "licenses": {
    "name": "Apache License 1.0",
    "url": "http://www.apache.org/licenses/LICENSE-1.0"
  },
  "info": [
    {
      "id": 141882,
      "filename": "NATEON_38_18.txt",
      "title": "NATEON_38_18",
      "mediatype": "메신저",
      "medianame": "네이트온",
      "category": "일상대화",
      "date": "2021-11-08",
      "size": 440,
      "annotations": {
        "subject": "상거래 전반",
        "speaker_type": "다자간 대화",
        "size": 440,
        "word_size": 150,
        "text": "1 : 와 나 직구로 산 거 벌써 왔어\n2 : 직구 그거 오는데 얼마나 걸렸어\n3 : 대부분 2주에서 3주 기다리지?\n1 : 키키 산지 일주일 정도 됐는데\n2 : 와 대박 엄청 빨리 왔네?\n3 : 거기도 해외 로켓배송 하는 거 아님?\n1 : 요즘엔 통관도 되게 빨리 된데\n2 : 오 직원들이 많이 늘어 났나?\n3 : 직구 하는 사람들 늘어나서 그런 듯 키키\n1 : 직구 하는 사람들이 많아서 그런가 봐\n2 : 응 그런가 봐\n2 : 근데 직구 예전 만큼 안 저렴해\n3 : 사람들이 무조건 저렴하다고 생각하고 사서 그런가 봐\n1 : 아무래도 직구 앱도 다양해졌고 사는 사람들도 많고!\n2 : 응 그래도 국내보단 저렴해서 사는데 ㅠㅠ\n3 : 그거 사람들이 수수료 받는 게 높아졌나 보네\n1 : 앱 전부 들어 가보고 가격 비교 해봐야 해\n2 : 응 맞아 다 비교 하는데 힘들어 ㅠㅠ\n3 : 어차피 국내보다 저렴한 거 그냥 사!",
        "lines": [
          {
            "id": 1,
            "text": "1 : 와 나 직구로 산 거 벌써 왔어",
            "norm_text": "와 나 직구로 산 거 벌써 왔어",
            "speaker": {
              "id": "1번",
              "sex": "여성",
              "age": "20대"
            },
            "speechAct": "(단언) 진술하기",
            "morpheme": "와나/NNP+직구/NNG+로/JKB+산/VV+ETM+거/NNB+벌써/MAG+왔/VV+EP+어/EC"
          },
          {
            "id": 2,
            "text": "2 : 직구 그거 오는데 얼마나 걸렸어",
            "norm_text": "직구 그거 오는데 얼마나 걸렸어",
            "speaker": {
              "id": "2번",
              "sex": "여성",
              "age": "20대"
            },
            "speechAct": "(지시) 질문하기",
            "morpheme": "직구/NNG+그거/NP+오/VV+는데/EC+얼마나/MAG+걸렸/VV+EP+어/EC"
          },
          {
            "id": 3,
            "text": "3 : 대부분 2주에서 3주 기다리지?",
            "norm_text": "대부분 2주에서 3주 기다리지?",
            "speaker": {
              "id": "3번",
              "sex": "남성",
              "age": "20대"
            },
            "speechAct": "(지시) 질문하기",
            "morpheme": "대부분/NNG+2/SN+주/NNBC+에서/JKB+3/SN+주/NNBC+기다리/VV+지/EF"
          },
          {
            "id": 4,
            "text": "1 : 키키 산지 일주일 정도 됐는데",
            "norm_text": "키키 산지 일주일 정도 됐는데",
            "speaker": {
              "id": "1번",
              "sex": "여성",
              "age": "20대"
            },
            "speechAct": "(단언) 진술하기",
            "morpheme": "키/NNG+키/NNG+산지/NNG+일/NR+주일/NNBC+정도/NNG+됐/XSV+EP+는데/EC"
          },
          {
            "id": 5,
            "text": "2 : 와 대박 엄청 빨리 왔네?",
            "norm_text": "와 대박 엄청 빨리 왔네?",
            "speaker": {
              "id": "2번",
              "sex": "여성",
              "age": "20대"
            },
            "speechAct": "(지시) 질문하기",
            "morpheme": "와/IC+대박/NNG+엄청/MAG+빨리/MAG+왔/VV+EP+네/EF"
          },
          {
            "id": 6,
            "text": "3 : 거기도 해외 로켓배송 하는 거 아님?",
            "norm_text": "거기도 해외 로켓배송 하는 거 아님?",
            "speaker": {
              "id": "3번",
              "sex": "남성",
              "age": "20대"
            },
            "speechAct": "(지시) 질문하기",
            "morpheme": "거기/NP+도/JX+해외/NNG+로켓/NNG+배송/NNG+하/XSV+는/ETM+거/NNB+아님/VCN+ETN"
          },
          {
            "id": 7,
            "text": "1 : 요즘엔 통관도 되게 빨리 된데",
            "norm_text": "요즘엔 통관도 되게 빨리 된데",
            "speaker": {
              "id": "1번",
              "sex": "여성",
              "age": "20대"
            },
            "speechAct": "(단언) 진술하기",
            "morpheme": "요즘/NNG+엔/JKB+JX+통관/NNG+도/JX+되게/MAG+빨리/MAG+된/VV+ETM+데/NNB"
          },
          {
            "id": 8,
            "text": "2 : 오 직원들이 많이 늘어 났나?",
            "norm_text": "오 직원들이 많이 늘어 났나?",
            "speaker": {
              "id": "2번",
              "sex": "여성",
              "age": "20대"
            },
            "speechAct": "(지시) 질문하기",
            "morpheme": "오/NR+직원/NNG+들/XSN+이/JKS+많이/MAG+늘어났/VV+EP+나/EF"
          },
          {
            "id": 9,
            "text": "3 : 직구 하는 사람들 늘어나서 그런 듯 키키",
            "norm_text": "직구 하는 사람들 늘어나서 그런 듯 키키",
            "speaker": {
              "id": "3번",
              "sex": "남성",
              "age": "20대"
            },
            "speechAct": "(단언) 진술하기",
            "morpheme": "직구/NNG+하/XSV+는/ETM+사람/NNG+들/XSN+늘어나/VV+서/EC+그런/MM+듯/NNB+키/NNG+키/XSV+ETN"
          },
          {
            "id": 10,
            "text": "1 : 직구 하는 사람들이 많아서 그런가 봐",
            "norm_text": "직구 하는 사람들이 많아서 그런가 봐",
            "speaker": {
              "id": "1번",
              "sex": "여성",
              "age": "20대"
            },
            "speechAct": "(단언) 진술하기",
            "morpheme": "직구/NNG+하/XSV+는/ETM+사람/NNG+들/XSN+이/JKS+많/VA+아서/EC+그런가/VA+EC+봐/VX+EC"
          },
          {
            "id": 11,
            "text": "2 : 응 그런가 봐",
            "norm_text": "응 그런가 봐",
            "speaker": {
              "id": "2번",
              "sex": "여성",
              "age": "20대"
            },
            "speechAct": "(단언) 진술하기",
            "morpheme": "응/IC+그런가/VA+EC+봐/VX+EC"
          },
          {
            "id": 12,
            "text": "2 : 근데 직구 예전 만큼 안 저렴해",
            "norm_text": "근데 직구 예전 만큼 안 저렴해",
            "speaker": {
              "id": "2번",
              "sex": "여성",
              "age": "20대"
            },
            "speechAct": "(단언) 주장하기",
            "morpheme": "근데/MAJ+직구/NNG+예전/NNG+만큼/JKB+안/MAG+저렴/XR+해/XSA+EC"
          },
          {
            "id": 13,
            "text": "3 : 사람들이 무조건 저렴하다고 생각하고 사서 그런가 봐",
            "norm_text": "사람들이 무조건 저렴하다고 생각하고 사서 그런가 봐",
            "speaker": {
              "id": "3번",
              "sex": "남성",
              "age": "20대"
            },
            "speechAct": "(단언) 주장하기",
            "morpheme": "사람/NNG+들/XSN+이/JKS+무조건/MAG+저렴/XR+하/XSA+다고/EC+생각/NNG+하/XSV+고/EC+사/VV+서/EC+그런가/VA+EC+봐/VX+EC"
          },
          {
            "id": 14,
            "text": "1 : 아무래도 직구 앱도 다양해졌고 사는 사람들도 많고!",
            "norm_text": "아무래도 직구 앱도 다양해졌고 사는 사람들도 많고!",
            "speaker": {
              "id": "1번",
              "sex": "여성",
              "age": "20대"
            },
            "speechAct": "(단언) 진술하기",
            "morpheme": "아무래도/MAG+직구/NNG+앱/NNG+도/JX+다양/XR+해졌/XSA+EC+VX+EP+고/EC+사/VV+는/ETM+사람/NNG+들/XSN+도/JX+많/VA+고/EC"
          },
          {
            "id": 15,
            "text": "2 : 응 그래도 국내보단 저렴해서 사는데 ㅠㅠ",
            "norm_text": "응 그래도 국내보단 저렴해서 사는데 ㅠㅠ",
            "speaker": {
              "id": "2번",
              "sex": "여성",
              "age": "20대"
            },
            "speechAct": "(단언) 진술하기",
            "morpheme": "응/IC+그래도/MAJ+국내/NNG+보단/JKB+JX+저렴/XR+해서/XSA+EC+사/VV+는데/EC+ㅠㅠ/UNKNOWN"
          },
          {
            "id": 16,
            "text": "3 : 그거 사람들이 수수료 받는 게 높아졌나 보네",
            "norm_text": "그거 사람들이 수수료 받는 게 높아졌나 보네",
            "speaker": {
              "id": "3번",
              "sex": "남성",
              "age": "20대"
            },
            "speechAct": "(단언) 진술하기",
            "morpheme": "그거/NP+사람/NNG+들/XSN+이/JKS+수수료/NNG+받/VV+는/ETM+게/NNB+JKS+높/VA+아/EC+졌/VX+EP+나/EC+보/VX+네/EC"
          },
          {
            "id": 17,
            "text": "1 : 앱 전부 들어 가보고 가격 비교 해봐야 해",
            "norm_text": "앱 전부 들어 가보고 가격 비교 해봐야 해",
            "speaker": {
              "id": "1번",
              "sex": "여성",
              "age": "20대"
            },
            "speechAct": "(단언) 주장하기",
            "morpheme": "앱/NNG+전부/MAG+들어가/VV+EC+보/VX+고/EC+가격/NNG+비교/NNG+해/XSV+EC+봐야/VX+EC+해/VV+EC"
          },
          {
            "id": 18,
            "text": "2 : 응 맞아 다 비교 하는데 힘들어 ㅠㅠ",
            "norm_text": "응 맞아 다 비교 하는데 힘들어 ㅠㅠ",
            "speaker": {
              "id": "2번",
              "sex": "여성",
              "age": "20대"
            },
            "speechAct": "(단언) 진술하기",
            "morpheme": "응/IC+맞/VV+아다/EC+비교/NNG+하/XSV+는/ETM+데/NNB+힘들/VA+어/EC+ㅠㅠ/UNKNOWN"
          },
          {
            "id": 19,
            "text": "3 : 어차피 국내보다 저렴한 거 그냥 사!",
            "norm_text": "어차피 국내보다 저렴한 거 그냥 사!",
            "speaker": {
              "id": "3번",
              "sex": "남성",
              "age": "20대"
            },
            "speechAct": "(지시) 명령/요구하기",
            "morpheme": "어차피/MAG+국내/NNG+보다/JKB+저렴/XR+한/XSA+ETM+거/NNB+그냥/MAG+사/VV+EF"
          }
        ]
      }
    }
  ]
}