{
  "dataset": {
    "identifier": 123781,
    "name": "NATEON_45_15_set",
    "src_path": "/data/file/cubeManager/PROJECT001/84/txt20211105113423094080/NATEON_45_15_set/",
    "label_path": "/data/file/cubeManager/PROJECT001/84/txt20211105113423094080/NATEON_45_15_set/",
    "category": 2,
    "type": 0
  },
  "licenses": {
    "name": "Apache License 1.0",
    "url": "http://www.apache.org/licenses/LICENSE-1.0"
  },
  "info": [
    {
      "id": 138910,
      "filename": "NATEON_45_15.txt",
      "title": "NATEON_45_15",
      "mediatype": "메신저",
      "medianame": "네이트온",
      "category": "일상대화",
      "date": "2021-11-05",
      "size": 429,
      "annotations": {
        "subject": "타 국가 이슈",
        "speaker_type": "다자간 대화",
        "size": 429,
        "word_size": 153,
        "text": "1 : 중국에 몸 접기 대회가 있대 키키\n2 : 몸 접기 대회? 유연성 대회 인가 봐 키키\n3 : 헐 몸 접기 대회?\n1 : 응 약간 유연성 대회?\n2 : 너무 웃기네 키키\n2 : 근데 유연한 사람 많아서 다 180도 접힐 거 같은데\n3 : 나는 그런 거 진짜 못해 ㅠ\n1 : 그래서 거기서 한 소녀가 우승했대 키키\n2 : 그 소녀는 어떻게 해서 우승 했대?\n3 : 와 소녀? 어려서 그런가 봐 하하\n1 : 애기니까 아직 뼈가 유연한가 봐\n2 : 와 궁금하다 이건\n2 : 진짜 사진 찾아야지 키키\n3 : 응 아기들은 뼈가 연하다고 들었어\n1 : 그래서 중국에서 오징어 소녀라고 불린대\n2 : 오징어 소녀 키키\n2 : 그 소녀 엄청 떴을 듯\n3 : 나도 사진 한번 찾아 봐야겠다 키키\n1 : 응 그래서 중국에서 완전 핫하데\n2 : 어 완전 연체동물일 듯 키키\n3 : 키키 그러니까\n3 : 얼마나 유연한 거야",
        "lines": [
          {
            "id": 1,
            "text": "1 : 중국에 몸 접기 대회가 있대 키키",
            "norm_text": "중국에 몸 접기 대회가 있대 키키",
            "speaker": {
              "id": "1번",
              "sex": "여성",
              "age": "20대"
            },
            "speechAct": "(단언) 진술하기",
            "morpheme": "중국/NNP+에/JKB+몸/NNG+접/VV+기/ETN+대회/NNG+가/JKS+있/VA+대/EF+키/NNG+키/XSV+ETN"
          },
          {
            "id": 2,
            "text": "2 : 몸 접기 대회? 유연성 대회 인가 봐 키키",
            "norm_text": "몸 접기 대회? 유연성 대회 인가 봐 키키",
            "speaker": {
              "id": "2번",
              "sex": "여성",
              "age": "20대"
            },
            "speechAct": "(단언) 주장하기",
            "morpheme": "몸/NNG+접/VV+기/ETN+대회/NNG+유연/XR+성/XSN+대회/NNG+인가/VCP+EC+봐/VX+EF+키/NNG+키/XSV+ETN"
          },
          {
            "id": 3,
            "text": "3 : 헐 몸 접기 대회?",
            "norm_text": "헐 몸 접기 대회?",
            "speaker": {
              "id": "3번",
              "sex": "남성",
              "age": "20대"
            },
            "speechAct": "(지시) 질문하기",
            "morpheme": "헐몸접기대회/UNKNOWN"
          },
          {
            "id": 4,
            "text": "1 : 응 약간 유연성 대회?",
            "norm_text": "응 약간 유연성 대회?",
            "speaker": {
              "id": "1번",
              "sex": "여성",
              "age": "20대"
            },
            "speechAct": "(단언) 주장하기",
            "morpheme": "응/IC+약간/MAG+유연/XR+성/XSN+대회/NNG"
          },
          {
            "id": 5,
            "text": "2 : 너무 웃기네 키키",
            "norm_text": "너무 웃기네 키키",
            "speaker": {
              "id": "2번",
              "sex": "여성",
              "age": "20대"
            },
            "speechAct": "(단언) 주장하기",
            "morpheme": "너무/MAG+웃기/VV+네/EF+키/NNG+키/XSV+ETN"
          },
          {
            "id": 6,
            "text": "2 : 근데 유연한 사람 많아서 다 180도 접힐 거 같은데",
            "norm_text": "근데 유연한 사람 많아서 다 180도 접힐 거 같은데",
            "speaker": {
              "id": "2번",
              "sex": "여성",
              "age": "20대"
            },
            "speechAct": "(단언) 주장하기",
            "morpheme": "근데/MAJ+유연/XR+한/XSA+ETM+사람/NNG+많/VA+아서/EC+다/MAG+180/SN+도/NNBC+접힐/VV+ETM+거/NNB+같/VA+은데/EC"
          },
          {
            "id": 7,
            "text": "3 : 나는 그런 거 진짜 못해 ㅠ",
            "norm_text": "나는 그런 거 진짜 못해 ㅠ",
            "speaker": {
              "id": "3번",
              "sex": "남성",
              "age": "20대"
            },
            "speechAct": "(단언) 주장하기",
            "morpheme": "나/NP+는/JX+그런/MM+거/NNB+진짜/MAG+못/MAG+해/VV+EC+ㅠ/UNKNOWN"
          },
          {
            "id": 8,
            "text": "1 : 그래서 거기서 한 소녀가 우승했대 키키",
            "norm_text": "그래서 거기서 한 소녀가 우승했대 키키",
            "speaker": {
              "id": "1번",
              "sex": "여성",
              "age": "20대"
            },
            "speechAct": "(단언) 진술하기",
            "morpheme": "그래서/MAJ+거기/NP+서/JKB+한/MM+소녀/NNG+가/JKS+우승/NNG+했/XSV+EP+대/XPN+키/NNG+키/XSV+ETN"
          },
          {
            "id": 9,
            "text": "2 : 그 소녀는 어떻게 해서 우승 했대?",
            "norm_text": "그 소녀는 어떻게 해서 우승 했대?",
            "speaker": {
              "id": "2번",
              "sex": "여성",
              "age": "20대"
            },
            "speechAct": "(지시) 질문하기",
            "morpheme": "그/MM+소녀/NNG+는/JX+어떻게/MAG+해서/VV+EC+우승/NNG+했/XSV+EP+대/EF"
          },
          {
            "id": 10,
            "text": "3 : 와 소녀? 어려서 그런가 봐 하하",
            "norm_text": "와 소녀? 어려서 그런가 봐 하하",
            "speaker": {
              "id": "3번",
              "sex": "남성",
              "age": "20대"
            },
            "speechAct": "(단언) 주장하기",
            "morpheme": "와/IC+소녀/NNG+어려서/VA+EC+그런가/VA+EC+봐/VX+EF+하하/MAG"
          },
          {
            "id": 11,
            "text": "1 : 애기니까 아직 뼈가 유연한가 봐",
            "norm_text": "애기니까 아직 뼈가 유연한가 봐",
            "speaker": {
              "id": "1번",
              "sex": "여성",
              "age": "20대"
            },
            "speechAct": "(단언) 주장하기",
            "morpheme": "애기/NNG+니까/VCP+EC+아직/MAG+뼈/NNG+가/JKS+유연/XR+한가/XSA+EC+봐/VX+EC"
          },
          {
            "id": 12,
            "text": "2 : 와 궁금하다 이건",
            "norm_text": "와 궁금하다 이건",
            "speaker": {
              "id": "2번",
              "sex": "여성",
              "age": "20대"
            },
            "speechAct": "(단언) 주장하기",
            "morpheme": "와/IC+궁금/XR+하/XSA+다/EF+이건/NP+JX"
          },
          {
            "id": 13,
            "text": "2 : 진짜 사진 찾아야지 키키",
            "norm_text": "진짜 사진 찾아야지 키키",
            "speaker": {
              "id": "2번",
              "sex": "여성",
              "age": "20대"
            },
            "speechAct": "(언약) 약속하기(제3자와)/(개인적 수준)",
            "morpheme": "진짜/MAG+사진/NNG+찾/VV+아야지/EC+키/NNG+키/XSV+ETN"
          },
          {
            "id": 14,
            "text": "3 : 응 아기들은 뼈가 연하다고 들었어",
            "norm_text": "응 아기들은 뼈가 연하다고 들었어",
            "speaker": {
              "id": "3번",
              "sex": "남성",
              "age": "20대"
            },
            "speechAct": "(단언) 진술하기",
            "morpheme": "응/IC+아기/NNG+들/XSN+은/JX+뼈/NNG+가/JKS+연하/VA+다고/EC+들/VX+었/EP+어/EC"
          },
          {
            "id": 15,
            "text": "1 : 그래서 중국에서 오징어 소녀라고 불린대",
            "norm_text": "그래서 중국에서 오징어 소녀라고 불린대",
            "speaker": {
              "id": "1번",
              "sex": "여성",
              "age": "20대"
            },
            "speechAct": "(단언) 진술하기",
            "morpheme": "그래서/MAJ+중국/NNP+에서/JKB+오징어/NNG+소녀/NNG+라고/VCP+EC+불린/VV+ETM+대/NNG"
          },
          {
            "id": 16,
            "text": "2 : 오징어 소녀 키키",
            "norm_text": "오징어 소녀 키키",
            "speaker": {
              "id": "2번",
              "sex": "여성",
              "age": "20대"
            },
            "speechAct": "턴토크 사인(관습적 반응)",
            "morpheme": "오징어/NNG+소녀/NNG+키/NNG+키/XSV+ETN"
          },
          {
            "id": 17,
            "text": "2 : 그 소녀 엄청 떴을 듯",
            "norm_text": "그 소녀 엄청 떴을 듯",
            "speaker": {
              "id": "2번",
              "sex": "여성",
              "age": "20대"
            },
            "speechAct": "(단언) 주장하기",
            "morpheme": "그/MM+소녀/NNG+엄청/MAG+떴/VV+EP+을/ETM+듯/NNB"
          },
          {
            "id": 18,
            "text": "3 : 나도 사진 한번 찾아 봐야겠다 키키",
            "norm_text": "나도 사진 한번 찾아 봐야겠다 키키",
            "speaker": {
              "id": "3번",
              "sex": "남성",
              "age": "20대"
            },
            "speechAct": "(언약) 약속하기(제3자와)/(개인적 수준)",
            "morpheme": "나/NP+도/JX+사진/NNG+한/MM+번/NNBC+찾/VV+아/EC+봐야/VX+EC+VV+겠/EP+다키키/NNP"
          },
          {
            "id": 19,
            "text": "1 : 응 그래서 중국에서 완전 핫하데",
            "norm_text": "응 그래서 중국에서 완전 핫하데",
            "speaker": {
              "id": "1번",
              "sex": "여성",
              "age": "20대"
            },
            "speechAct": "(단언) 진술하기",
            "morpheme": "응/IC+그래서/MAJ+중국/NNP+에서/JKB+완전/NNG+핫/NNG+하/XSV+데/EC"
          },
          {
            "id": 20,
            "text": "2 : 어 완전 연체동물일 듯 키키",
            "norm_text": "어 완전 연체동물일 듯 키키",
            "speaker": {
              "id": "2번",
              "sex": "여성",
              "age": "20대"
            },
            "speechAct": "(단언) 주장하기",
            "morpheme": "어/IC+완전/MAG+연체/NNG+동물/NNG+일/VCP+ETM+듯/NNB+키/NNG+키/XSV+ETN"
          },
          {
            "id": 21,
            "text": "3 : 키키 그러니까",
            "norm_text": "키키 그러니까",
            "speaker": {
              "id": "3번",
              "sex": "남성",
              "age": "20대"
            },
            "speechAct": "(단언) 주장하기",
            "morpheme": "키/NNG+키/XSV+ETN+그러/VV+니까/EC"
          },
          {
            "id": 22,
            "text": "3 : 얼마나 유연한 거야",
            "norm_text": "얼마나 유연한 거야",
            "speaker": {
              "id": "3번",
              "sex": "남성",
              "age": "20대"
            },
            "speechAct": "(단언) 주장하기",
            "morpheme": "얼마나/MAG+유연/XR+한/XSA+ETM+거/NNB+야/VCP+EF"
          }
        ]
      }
    }
  ]
}