{
  "dataset": {
    "identifier": 118100,
    "name": "NATEON_28_20_set",
    "src_path": "/data/file/cubeManager/PROJECT001/80/txt20211102103851071343/NATEON_28_20_set/",
    "label_path": "/data/file/cubeManager/PROJECT001/80/txt20211102103851071343/NATEON_28_20_set/",
    "category": 2,
    "type": 0
  },
  "licenses": {
    "name": "Apache License 1.0",
    "url": "http://www.apache.org/licenses/LICENSE-1.0"
  },
  "info": [
    {
      "id": 129863,
      "filename": "NATEON_28_20.txt",
      "title": "NATEON_28_20",
      "mediatype": "메신저",
      "medianame": "네이트온",
      "category": "일상대화",
      "date": "2021-11-02",
      "size": 432,
      "annotations": {
        "subject": "영화/만화",
        "speaker_type": "다자간 대화",
        "size": 432,
        "word_size": 151,
        "text": "1 : 나 이번에 일본 애니에 빠졌어\n2 : 일본 애니? 원피스 나루토 이런 거?\n3 : 나도 넷플릭스로 맨날 보는데!\n1 : 헐 나는 일곱 개의 대죄인가? 그거\n2 : 일곱 개의 대죄? 그거는 뭐야 하하\n3 : 나는 하이큐! 농구 애니야!\n1 : 그거 약간 영웅 애닌데 재밌어\n2 : 아 하이큐 그건 많이 떠 있더라!\n2 : 그건 보고 싶어 나도 ㅠㅠ\n3 : 오, 다음에 그거 챙겨 봐야겠다\n1 : 키키 응 우리 서로 공유해서 보자\n2 : 영웅 애니 오케이 메모!\n2 : 나도 잠 안 올 때 그거 봐야겠다 키키\n3 : 키키 시간 때우기 용으로 좋아\n1 : 맞아 헬스장에서 런닝 뛸 때 좋아\n2 : 난 맨날 원피스 나루토 이런 것만 봤다고 ㅠㅠ\n3 : 아, 너 진짜 옛날 사람이다!\n1 : 맞아 그건 너무 오래 된 거 아니야!\n2 : 췟 너무하네 옛날 사람이라니 ㅠㅠ\n3 : 키키 아싸 나는 요즘 사람이다!",
        "lines": [
          {
            "id": 1,
            "text": "1 : 나 이번에 일본 애니에 빠졌어",
            "norm_text": "나 이번에 일본 애니에 빠졌어",
            "speaker": {
              "id": "1번",
              "sex": "여성",
              "age": "20대"
            },
            "speechAct": "(단언) 진술하기",
            "morpheme": "나/NP+이번/NNG+에/JKB+일본/NNP+애니/NNP+에/JKB+빠졌/VV+EP+어/EC"
          },
          {
            "id": 2,
            "text": "2 : 일본 애니? 원피스 나루토 이런 거?",
            "norm_text": "일본 애니? 원피스 나루토 이런 거?",
            "speaker": {
              "id": "2번",
              "sex": "여성",
              "age": "20대"
            },
            "speechAct": "(지시) 질문하기",
            "morpheme": "일본/NNP+애/NNG+니/VCP+EF+원피스/NNG+나루/NNG+토/XSV+EC+이런/MM+거/NNB"
          },
          {
            "id": 3,
            "text": "3 : 나도 넷플릭스로 맨날 보는데!",
            "norm_text": "나도 넷플릭스로 맨날 보는데!",
            "speaker": {
              "id": "3번",
              "sex": "남성",
              "age": "20대"
            },
            "speechAct": "(단언) 진술하기",
            "morpheme": "나/NP+도/JX+넷플릭스/NNP+로/JKB+맨날/MAG+보/VV+는데/EC"
          },
          {
            "id": 4,
            "text": "1 : 헐 나는 일곱 개의 대죄인가? 그거",
            "norm_text": "헐 나는 일곱 개의 대죄인가? 그거",
            "speaker": {
              "id": "1번",
              "sex": "여성",
              "age": "20대"
            },
            "speechAct": "(단언) 진술하기",
            "morpheme": "헐/IC+나/NP+는/JX+일곱/NR+개/NNBC+의/JKG+대죄/NNG+인가/VCP+EF+그거/NP"
          },
          {
            "id": 5,
            "text": "2 : 일곱 개의 대죄? 그거는 뭐야 하하",
            "norm_text": "일곱 개의 대죄? 그거는 뭐야 하하",
            "speaker": {
              "id": "2번",
              "sex": "여성",
              "age": "20대"
            },
            "speechAct": "(지시) 질문하기",
            "morpheme": "일곱/NR+개/NNBC+의/JKG+대죄/NNG+그거/NP+는/JX+뭐/NP+야/JX+하하/MAG"
          },
          {
            "id": 6,
            "text": "3 : 나는 하이큐! 농구 애니야!",
            "norm_text": "나는 하이큐! 농구 애니야!",
            "speaker": {
              "id": "3번",
              "sex": "남성",
              "age": "20대"
            },
            "speechAct": "(단언) 진술하기",
            "morpheme": "나/NP+는/JX+하/IC+이큐/NNG+!/SY+농구/NNG+애/NNG+니/NP+야/VCP+EF"
          },
          {
            "id": 7,
            "text": "1 : 그거 약간 영웅 애닌데 재밌어",
            "norm_text": "그거 약간 영웅 애닌데 재밌어",
            "speaker": {
              "id": "1번",
              "sex": "여성",
              "age": "20대"
            },
            "speechAct": "(단언) 주장하기",
            "morpheme": "그거/NP+약간/MAG+영웅/NNG+애/NNG+닌/NNP+데/NNB+재밌/VA+어/EC"
          },
          {
            "id": 8,
            "text": "2 : 아 하이큐 그건 많이 떠 있더라!",
            "norm_text": "아 하이큐 그건 많이 떠 있더라!",
            "speaker": {
              "id": "2번",
              "sex": "여성",
              "age": "20대"
            },
            "speechAct": "(단언) 주장하기",
            "morpheme": "아하/IC+이큐/NNG+그건/NP+JX+많이/MAG+떠/VV+EC+있/VX+더라/EF"
          },
          {
            "id": 9,
            "text": "2 : 그건 보고 싶어 나도 ㅠㅠ",
            "norm_text": "그건 보고 싶어 나도 ㅠㅠ",
            "speaker": {
              "id": "2번",
              "sex": "여성",
              "age": "20대"
            },
            "speechAct": "(단언) 주장하기",
            "morpheme": "그건/NP+JX+보/VV+고/EC+싶/VX+어/EC+나/NP+도/JX+ㅠㅠ/UNKNOWN"
          },
          {
            "id": 10,
            "text": "3 : 오, 다음에 그거 챙겨 봐야겠다",
            "norm_text": "오, 다음에 그거 챙겨 봐야겠다",
            "speaker": {
              "id": "3번",
              "sex": "남성",
              "age": "20대"
            },
            "speechAct": "(언약) 약속하기(제3자와)/(개인적 수준)",
            "morpheme": "오/IC+,/SC+다음/NNG+에/JKB+그거/NP+챙겨/VV+EC+봐야/VX+EC+VV+겠/EP+다/EC"
          },
          {
            "id": 11,
            "text": "1 : 키키 응 우리 서로 공유해서 보자",
            "norm_text": "키키 응 우리 서로 공유해서 보자",
            "speaker": {
              "id": "1번",
              "sex": "여성",
              "age": "20대"
            },
            "speechAct": "(언약) 약속하기(제3자와)/(개인적 수준)",
            "morpheme": "키/NNG+키/XSV+ETN+응/IC+우리/NP+서로/MAG+공유/NNG+해서/XSV+EC+보/VX+자/EC"
          },
          {
            "id": 12,
            "text": "2 : 영웅 애니 오케이 메모!",
            "norm_text": "영웅 애니 오케이 메모!",
            "speaker": {
              "id": "2번",
              "sex": "여성",
              "age": "20대"
            },
            "speechAct": "(단언) 주장하기",
            "morpheme": "영웅/NNG+애니/NNP+오케이/NNP+메모/NNG"
          },
          {
            "id": 13,
            "text": "2 : 나도 잠 안 올 때 그거 봐야겠다 키키",
            "norm_text": "나도 잠 안 올 때 그거 봐야겠다 키키",
            "speaker": {
              "id": "2번",
              "sex": "여성",
              "age": "20대"
            },
            "speechAct": "(언약) 약속하기(제3자와)/(개인적 수준)",
            "morpheme": "나/NP+도/JX+잠/NNG+안/MAG+올/VV+ETM+때/NNG+그거/NP+VCP+봐야/EC+VX+EC+VX+겠/EP+다키키/NNP"
          },
          {
            "id": 14,
            "text": "3 : 키키 시간 때우기 용으로 좋아",
            "norm_text": "키키 시간 때우기 용으로 좋아",
            "speaker": {
              "id": "3번",
              "sex": "남성",
              "age": "20대"
            },
            "speechAct": "(단언) 주장하기",
            "morpheme": "키/NNG+키/NNG+시간/NNG+때/NNG+우기/NNG+용/XSN+으로/JKB+좋/VA+아/EC"
          },
          {
            "id": 15,
            "text": "1 : 맞아 헬스장에서 런닝 뛸 때 좋아",
            "norm_text": "맞아 헬스장에서 런닝 뛸 때 좋아",
            "speaker": {
              "id": "1번",
              "sex": "여성",
              "age": "20대"
            },
            "speechAct": "(단언) 주장하기",
            "morpheme": "맞/VV+아/EC+헬스/NNG+장/NNG+에서/JKB+런닝/NNG+뛸/VV+ETM+때/NNG+좋/VA+아/EC"
          },
          {
            "id": 16,
            "text": "2 : 난 맨날 원피스 나루토 이런 것만 봤다고 ㅠㅠ",
            "norm_text": "난 맨날 원피스 나루토 이런 것만 봤다고 ㅠㅠ",
            "speaker": {
              "id": "2번",
              "sex": "여성",
              "age": "20대"
            },
            "speechAct": "(단언) 진술하기",
            "morpheme": "난/NP+JX+맨날/MAG+원피스/NNG+나루/NNG+토/XSV+EC+이런/MM+것/NNB+만/JX+봤/VV+EP+다고/EC+ㅠㅠ/UNKNOWN"
          },
          {
            "id": 17,
            "text": "3 : 아, 너 진짜 옛날 사람이다!",
            "norm_text": "아, 너 진짜 옛날 사람이다!",
            "speaker": {
              "id": "3번",
              "sex": "남성",
              "age": "20대"
            },
            "speechAct": "(단언) 주장하기",
            "morpheme": "아/IC+,/SC+너/NP+진짜/MAG+옛날/NNG+사람/NNG+이/VCP+다/EF"
          },
          {
            "id": 18,
            "text": "1 : 맞아 그건 너무 오래 된 거 아니야!",
            "norm_text": "맞아 그건 너무 오래 된 거 아니야!",
            "speaker": {
              "id": "1번",
              "sex": "여성",
              "age": "20대"
            },
            "speechAct": "(단언) 주장하기",
            "morpheme": "맞/VV+아/EC+그건/NP+JX+너무/MAG+오래/MAG+된/VV+ETM+거/NNB+아니/VCN+야/EF"
          },
          {
            "id": 19,
            "text": "2 : 췟 너무하네 옛날 사람이라니 ㅠㅠ",
            "norm_text": "췟 너무하네 옛날 사람이라니 ㅠㅠ",
            "speaker": {
              "id": "2번",
              "sex": "여성",
              "age": "20대"
            },
            "speechAct": "(단언) 주장하기",
            "morpheme": "췟/UNKNOWN+너무/MAG+하/VV+네/EF+옛날/NNG+사람/NNG+이/VCP+라니/EC+ㅠㅠ/UNKNOWN"
          },
          {
            "id": 20,
            "text": "3 : 키키 아싸 나는 요즘 사람이다!",
            "norm_text": "키키 아싸 나는 요즘 사람이다!",
            "speaker": {
              "id": "3번",
              "sex": "남성",
              "age": "20대"
            },
            "speechAct": "(단언) 주장하기",
            "morpheme": "키/NNG+키/XSV+ETN+아싸/IC+나/NP+는/JX+요즘/NNG+사람/NNG+이/VCP+다/EF"
          }
        ]
      }
    }
  ]
}