{
  "dataset": {
    "identifier": 127928,
    "name": "NATEON_39_03_set",
    "src_path": "/data/file/cubeManager/PROJECT001/84/txt20211108181225067363/NATEON_39_03_set/",
    "label_path": "/data/file/cubeManager/PROJECT001/84/txt20211108181225067363/NATEON_39_03_set/",
    "category": 2,
    "type": 0
  },
  "licenses": {
    "name": "Apache License 1.0",
    "url": "http://www.apache.org/licenses/LICENSE-1.0"
  },
  "info": [
    {
      "id": 141887,
      "filename": "NATEON_39_03.txt",
      "title": "NATEON_39_03",
      "mediatype": "메신저",
      "medianame": "네이트온",
      "category": "일상대화",
      "date": "2021-11-08",
      "size": 377,
      "annotations": {
        "subject": "교통",
        "speaker_type": "다자간 대화",
        "size": 377,
        "word_size": 138,
        "text": "1 : 이번에 전기차 사고 싶더라 ㅠ\n2 : 어 전기차 진짜 조용하더라 키키\n3 : 전기차 충전소가 별로 없어서 ㅠ\n1 : 응 소음도 별로 없고 좋더라고\n2 : 맞아 그래서 지나가는 거 못 느껴 키키\n3 : 맞아 소음 없는 건 좋더라\n1 : 맞아 충전소 없는 건 좀 불편하지 ㅠ\n2 : 응 맞아\n2 : 충전소는 아직 부족해 ㅠㅠ\n3 : 응 그래도 국가 지원 받을 수 있잖아\n1 : 맞아 그래서 더 많이 사는 거 같던데\n2 : 국가 지원 많이 나와?\n3 : 막상 타보면 불편한 거 못 느낀대\n1 : 응 어느 정도 나오는 거 같더라\n2 : 그치 다 익숙해져 가니까 키키\n3 : 그러니까 갑자기 나도 사고 싶다\n1 : 키키 너희도 같이 보러 갈래?\n2 : 웅 나도 한번 구경 갈래 키키\n3 : 응 나 지금 나갈께",
        "lines": [
          {
            "id": 1,
            "text": "1 : 이번에 전기차 사고 싶더라 ㅠ",
            "norm_text": "이번에 전기차 사고 싶더라 ㅠ",
            "speaker": {
              "id": "1번",
              "sex": "여성",
              "age": "20대"
            },
            "speechAct": "(단언) 주장하기",
            "morpheme": "이번/NNG+에/JKB+전기차/NNP+사/VV+고/EC+싶/VX+더라/EF+ㅠ/UNKNOWN"
          },
          {
            "id": 2,
            "text": "2 : 어 전기차 진짜 조용하더라 키키",
            "norm_text": "어 전기차 진짜 조용하더라 키키",
            "speaker": {
              "id": "2번",
              "sex": "여성",
              "age": "20대"
            },
            "speechAct": "(단언) 진술하기",
            "morpheme": "어/IC+전기차/NNP+진짜/MAG+조용/XR+하/XSA+더라/EC+키/NNG+키/XSV+ETN"
          },
          {
            "id": 3,
            "text": "3 : 전기차 충전소가 별로 없어서 ㅠ",
            "norm_text": "전기차 충전소가 별로 없어서 ㅠ",
            "speaker": {
              "id": "3번",
              "sex": "남성",
              "age": "20대"
            },
            "speechAct": "(단언) 진술하기",
            "morpheme": "전기차/NNP+충전/NNG+소/NNG+가/JKS+별로/MAG+없/VA+어서/EC+ㅠ/UNKNOWN"
          },
          {
            "id": 4,
            "text": "1 : 응 소음도 별로 없고 좋더라고",
            "norm_text": "응 소음도 별로 없고 좋더라고",
            "speaker": {
              "id": "1번",
              "sex": "여성",
              "age": "20대"
            },
            "speechAct": "(단언) 진술하기",
            "morpheme": "응/IC+소음/NNG+도/JX+별로/MAG+없/VA+고/EC+좋/VA+더라고/EC"
          },
          {
            "id": 5,
            "text": "2 : 맞아 그래서 지나가는 거 못 느껴 키키",
            "norm_text": "맞아 그래서 지나가는 거 못 느껴 키키",
            "speaker": {
              "id": "2번",
              "sex": "여성",
              "age": "20대"
            },
            "speechAct": "(단언) 진술하기",
            "morpheme": "맞아/IC+그래서/MAJ+지나가/VV+는/ETM+거/NNB+못/MAG+느껴/VV+EC+키/NNG+키/XSV+ETN"
          },
          {
            "id": 6,
            "text": "3 : 맞아 소음 없는 건 좋더라",
            "norm_text": "맞아 소음 없는 건 좋더라",
            "speaker": {
              "id": "3번",
              "sex": "남성",
              "age": "20대"
            },
            "speechAct": "(단언) 진술하기",
            "morpheme": "맞/VV+아/EC+소음/NNG+없/VA+는/ETM+건/NNB+JX+좋/VA+더라/EC"
          },
          {
            "id": 7,
            "text": "1 : 맞아 충전소 없는 건 좀 불편하지 ㅠ",
            "norm_text": "맞아 충전소 없는 건 좀 불편하지 ㅠ",
            "speaker": {
              "id": "1번",
              "sex": "여성",
              "age": "20대"
            },
            "speechAct": "(지시) 질문하기",
            "morpheme": "맞/XPN+아충/NNG+전소/NNG+없/VA+는/ETM+건/NNB+JX+좀/MAG+불편/NNG+하/XSV+지/EC+ㅠ/UNKNOWN"
          },
          {
            "id": 8,
            "text": "2 : 응 맞아",
            "norm_text": "응 맞아",
            "speaker": {
              "id": "2번",
              "sex": "여성",
              "age": "20대"
            },
            "speechAct": "(단언) 진술하기",
            "morpheme": "응/IC+맞/VV+아/EC"
          },
          {
            "id": 9,
            "text": "2 : 충전소는 아직 부족해 ㅠㅠ",
            "norm_text": "충전소는 아직 부족해 ㅠㅠ",
            "speaker": {
              "id": "2번",
              "sex": "여성",
              "age": "20대"
            },
            "speechAct": "(단언) 주장하기",
            "morpheme": "충전/NNG+소/NNG+는/JX+아직/MAG+부족/NNG+해/XSV+EC+ㅠㅠ/UNKNOWN"
          },
          {
            "id": 10,
            "text": "3 : 응 그래도 국가 지원 받을 수 있잖아",
            "norm_text": "응 그래도 국가 지원 받을 수 있잖아",
            "speaker": {
              "id": "3번",
              "sex": "남성",
              "age": "20대"
            },
            "speechAct": "(단언) 주장하기",
            "morpheme": "응/IC+그래도/MAJ+국가/NNG+지원/NNG+받/VV+을/ETM+수/NNB+있/VV+잖아/EC"
          },
          {
            "id": 11,
            "text": "1 : 맞아 그래서 더 많이 사는 거 같던데",
            "norm_text": "맞아 그래서 더 많이 사는 거 같던데",
            "speaker": {
              "id": "1번",
              "sex": "여성",
              "age": "20대"
            },
            "speechAct": "(단언) 진술하기",
            "morpheme": "맞아/IC+그래서/MAJ+더/MAG+많이/MAG+사/VV+는/ETM+거/NNB+같/VA+던데/EC"
          },
          {
            "id": 12,
            "text": "2 : 국가 지원 많이 나와?",
            "norm_text": "국가 지원 많이 나와?",
            "speaker": {
              "id": "2번",
              "sex": "여성",
              "age": "20대"
            },
            "speechAct": "(지시) 질문하기",
            "morpheme": "국가/NNG+지원/NNG+많이/MAG+나와/VV+EF"
          },
          {
            "id": 13,
            "text": "3 : 막상 타보면 불편한 거 못 느낀대",
            "norm_text": "막상 타보면 불편한 거 못 느낀대",
            "speaker": {
              "id": "3번",
              "sex": "남성",
              "age": "20대"
            },
            "speechAct": "(단언) 진술하기",
            "morpheme": "막상/MAG+타/VV+EC+보/VX+면/EC+불편/NNG+한/XSA+ETM+거/NNB+못/MAG+느낀/VV+ETM+대/NNG"
          },
          {
            "id": 14,
            "text": "1 : 응 어느 정도 나오는 거 같더라",
            "norm_text": "응 어느 정도 나오는 거 같더라",
            "speaker": {
              "id": "1번",
              "sex": "여성",
              "age": "20대"
            },
            "speechAct": "(단언) 진술하기",
            "morpheme": "응/IC+어느/MM+정도/NNG+나오/VV+는/ETM+거/NNB+같/VA+더라/EC"
          },
          {
            "id": 15,
            "text": "2 : 그치 다 익숙해져 가니까 키키",
            "norm_text": "그치 다 익숙해져 가니까 키키",
            "speaker": {
              "id": "2번",
              "sex": "여성",
              "age": "20대"
            },
            "speechAct": "(단언) 주장하기",
            "morpheme": "그치/IC+다/MAG+익숙/XR+해져/XSA+EC+VX+EC+가/VX+니까/EC+키/NNG+키/XSV+ETN"
          },
          {
            "id": 16,
            "text": "3 : 그러니까 갑자기 나도 사고 싶다",
            "norm_text": "그러니까 갑자기 나도 사고 싶다",
            "speaker": {
              "id": "3번",
              "sex": "남성",
              "age": "20대"
            },
            "speechAct": "(단언) 주장하기",
            "morpheme": "그러니까/MAJ+갑자기/MAG+나/NP+도/JX+사/VV+고/EC+싶/VX+다/EC"
          },
          {
            "id": 17,
            "text": "1 : 키키 너희도 같이 보러 갈래?",
            "norm_text": "키키 너희도 같이 보러 갈래?",
            "speaker": {
              "id": "1번",
              "sex": "여성",
              "age": "20대"
            },
            "speechAct": "(지시) 질문하기",
            "morpheme": "키/NNG+키/XSV+ETN+너희/NP+도/JX+같이/MAG+보/VV+러/EC+갈래/VV+EF"
          },
          {
            "id": 18,
            "text": "2 : 웅 나도 한번 구경 갈래 키키",
            "norm_text": "웅 나도 한번 구경 갈래 키키",
            "speaker": {
              "id": "2번",
              "sex": "여성",
              "age": "20대"
            },
            "speechAct": "(지시) 명령/요구하기",
            "morpheme": "웅/IC+나/NP+도/JX+한/MM+번/NNBC+구경/NNG+갈래/NNG+키/NNG+키/XSV+ETN"
          },
          {
            "id": 19,
            "text": "3 : 응 나 지금 나갈께",
            "norm_text": "응 나 지금 나갈께",
            "speaker": {
              "id": "3번",
              "sex": "남성",
              "age": "20대"
            },
            "speechAct": "(언약) 약속하기(제3자와)/(개인적 수준)",
            "morpheme": "응/IC+나/NP+지금/MAG+나/NP+갈께/VV+EC"
          }
        ]
      }
    }
  ]
}