{
  "dataset": {
    "identifier": 548,
    "name": "NATEON_24_19_set",
    "src_path": "/data/file/cubeManager/PROJECT001/7/txt20210827181432067289/NATEON_24_19_set/",
    "label_path": "/data/file/cubeManager/PROJECT001/7/txt20210827181432067289/NATEON_24_19_set/",
    "category": 2,
    "type": 0
  },
  "licenses": {
    "name": "Apache License 1.0",
    "url": "http://www.apache.org/licenses/LICENSE-1.0"
  },
  "info": [
    {
      "id": 866,
      "filename": "NATEON_24_19.txt",
      "title": "NATEON_24_19",
      "mediatype": "메신저",
      "medianame": "네이트온",
      "category": "일상대화",
      "date": "2021-08-27",
      "size": 959,
      "annotations": {
        "subject": "방송/연예",
        "speaker_type": "1:1",
        "size": 959,
        "word_size": 307,
        "text": "1 : 요즘에 보고 있는 TV 프로그램이나 드라마 있어?\n2 : 나는 나 혼자 산다 잘 챙겨 보고 드라마는 요즘 잘 안 보게 되는 것 같아\n2 : 너는 뭐 즐겨봐?\n1 : 나도 나 혼자 산다 좋아해!\n1 : 드라마는 넷플릭스에서 주로 보는데 얼마 전까지는 빈센조 봤었어\n2 : 아 빈센조 유명했지\n2 : 안 봤는데 송중기만 찾아 봤었다 하하\n2 : 인생 드라마나 영화는 뭐가 있어?\n1 : 내 인생 드라마 중 하나는 나의 아저씨 그리구 영화는 어바웃 타임이야!\n1 : 진짜 몇 번을 봐도 재밌어 ㅠㅠ!\n1 : 너는 인생 드라마나 영화 있어?\n2 : 음 드라마는 동백꽃 필 무렵이고 영화는 비포 시리즈야\n2 : 진짜 로맨틱 하더라 하하\n2 : 요즘 나오는 아이돌도 많이 알아?\n1 : 몇몇은 아는데 다는 몰라...\n1 : 너무 새로 많이 나와서 하하\n1 : 좋아하는 가수 있어?\n2 : 나는 요즘 누가 나오는지도 모르겠다\n2 : 나이 먹어 가니까 확실히 아이돌에 관심이 없어지는 것 같아\n1 : 맞아 슬프다...\n1 : 여름되니까 생각하는 드라마인데 로맨스가 필요해라는 드라마 알아?\n1 : 정유미 나오는 거\n2 : 로맨스가 필요해...\n2 : 그건 시즌별로 김정훈 조여정 뭐 김소연 성준 이런 애들 나온 거 아닌가?\n2 : 너가 말하는 건 연애의 발견 아냐?\n1 : 연애의 발견도 정유미 나오는데 로맨스가 필요해2는 정유미랑 이진욱 나와!\n1 : 진짜 재밌는데 이것두...\n2 : 아 그래?\n2 : 거기서도 나오다니 내가 안 본 시즌에 나왔나 보네\n2 : 근데 이 정도면 정유미는 로맨스물 전문가 아냐?\n1 : 거의 그렇다고 볼 수 있지 하하\n1 : 그 시즌이 제일 재밌는데 그걸 안 보다니\n1 : 당장 봐!\n2 : 주말에 정주행이라도 해야 하나...\n2 : 드라마 보면 그 배우들한테 또 빠질 것 같아 하하\n1 : 응 맞아\n1 : 그래도 그건 꼭 봐야 돼\n1 : 정유미도 정유미인데 이진욱이 진짜 짱임...\n2 : 이진욱 드라마 나올 때면 항상 멋있게 나오더라\n2 : 나중에 볼게!",
        "lines": [
          {
            "id": 1,
            "text": "1 : 요즘에 보고 있는 TV 프로그램이나 드라마 있어?",
            "norm_text": "요즘에 보고 있는 TV 프로그램이나 드라마 있어?",
            "speaker": {
              "id": "1번",
              "sex": "여성",
              "age": "20대"
            },
            "speechAct": "(지시) 질문하기",
            "morpheme": "요즘/NNG+에/JKB+보/VV+고/EC+있/VX+는/ETM+TV/SL+프로그램/NNG+이/JKS+나드/VV+라마/EC+있/VX+어/EF"
          },
          {
            "id": 2,
            "text": "2 : 나는 나 혼자 산다 잘 챙겨 보고 드라마는 요즘 잘 안 보게 되는 것 같아",
            "norm_text": "나는 나 혼자 산다 잘 챙겨 보고 드라마는 요즘 잘 안 보게 되는 것 같아",
            "speaker": {
              "id": "2번",
              "sex": "여성",
              "age": "20대"
            },
            "speechAct": "(단언) 진술하기",
            "morpheme": "나/NP+는/JX+나/NP+혼자/MAG+산다/VV+EC+잘/MAG+챙겨/VV+EC+보/VX+고/EC+드라마/NNG+는/JX+요즘/MAG+잘/MAG+안/MAG+보/VV+게/EC+되/VV+는/ETM+것/NNB+같/VA+아/EC"
          },
          {
            "id": 3,
            "text": "2 : 너는 뭐 즐겨봐?",
            "norm_text": "너는 뭐 즐겨봐?",
            "speaker": {
              "id": "2번",
              "sex": "여성",
              "age": "20대"
            },
            "speechAct": "(지시) 질문하기",
            "morpheme": "너/NP+는/JX+뭐/IC+즐겨/VV+EC+봐/VX+EF"
          },
          {
            "id": 4,
            "text": "1 : 나도 나 혼자 산다 좋아해!",
            "norm_text": "나도 나 혼자 산다 좋아해!",
            "speaker": {
              "id": "1번",
              "sex": "여성",
              "age": "20대"
            },
            "speechAct": "(단언) 주장하기",
            "morpheme": "나/NP+도/JX+나/NP+혼자/MAG+산다/VV+EC+좋/VA+아/EC+해/VX+EF"
          },
          {
            "id": 5,
            "text": "1 : 드라마는 넷플릭스에서 주로 보는데 얼마 전까지는 빈센조 봤었어",
            "norm_text": "드라마는 넷플릭스에서 주로 보는데 얼마 전까지는 빈센조 봤었어",
            "speaker": {
              "id": "1번",
              "sex": "여성",
              "age": "20대"
            },
            "speechAct": "(단언) 진술하기",
            "morpheme": "드라마/NNG+는/JX+넷플릭스/NNP+에서/JKB+주로/MAG+보/VV+는데/EC+얼마/NNG+전/NNG+까지/JX+는/JX+빈센조/NNP+봤었/VV+EP+어/EC"
          },
          {
            "id": 6,
            "text": "2 : 아 빈센조 유명했지",
            "norm_text": "아 빈센조 유명했지",
            "speaker": {
              "id": "2번",
              "sex": "여성",
              "age": "20대"
            },
            "speechAct": "(단언) 주장하기",
            "morpheme": "아/IC+빈센조/NNP+유명/NNG+했/XSV+EP+지/EC"
          },
          {
            "id": 7,
            "text": "2 : 안 봤는데 송중기만 찾아 봤었다 하하",
            "norm_text": "안 봤는데 송중기만 찾아 봤었다 하하",
            "speaker": {
              "id": "2번",
              "sex": "여성",
              "age": "20대"
            },
            "speechAct": "(단언) 진술하기",
            "morpheme": "안/MAG+봤/VV+EP+는데/EC+송중기/NNP+만/JX+찾/VV+아/EC+봤었/VX+EP+다/EF+하하/MAG"
          },
          {
            "id": 8,
            "text": "2 : 인생 드라마나 영화는 뭐가 있어?",
            "norm_text": "인생 드라마나 영화는 뭐가 있어?",
            "speaker": {
              "id": "2번",
              "sex": "여성",
              "age": "20대"
            },
            "speechAct": "(지시) 질문하기",
            "morpheme": "인생/NNG+드라마/NNG+나/JC+영화/NNG+는/JX+뭐/NP+가/JKS+있/VA+어/EF"
          },
          {
            "id": 9,
            "text": "1 : 내 인생 드라마 중 하나는 나의 아저씨 그리구 영화는 어바웃 타임이야!",
            "norm_text": "내 인생 드라마 중 하나는 나의 아저씨 그리구 영화는 어바웃 타임이야!",
            "speaker": {
              "id": "1번",
              "sex": "여성",
              "age": "20대"
            },
            "speechAct": "(단언) 주장하기",
            "morpheme": "내/NP+JKG+인생/NNG+드라마/NNG+중/NNB+하나/NR+는/JX+나/NP+의/JKG+아저씨/NNG+그리구/MAJ+영화/NNG+는/JX+어/IC+바웃/UNKNOWN+타임/NNG+이/VCP+야/EF"
          },
          {
            "id": 10,
            "text": "1 : 진짜 몇 번을 봐도 재밌어 ㅠㅠ!",
            "norm_text": "진짜 몇 번을 봐도 재밌어 ㅠㅠ!",
            "speaker": {
              "id": "1번",
              "sex": "여성",
              "age": "20대"
            },
            "speechAct": "(단언) 주장하기",
            "morpheme": "진짜/MAG+몇/MM+번/NNBC+을/JKO+봐도/VV+EC+재밌/VA+어/EC+ㅠㅠ/UNKNOWN"
          },
          {
            "id": 11,
            "text": "1 : 너는 인생 드라마나 영화 있어?",
            "norm_text": "너는 인생 드라마나 영화 있어?",
            "speaker": {
              "id": "1번",
              "sex": "여성",
              "age": "20대"
            },
            "speechAct": "(지시) 질문하기",
            "morpheme": "너/NP+는/JX+인생/NNG+드라마/NNG+나/JC+영화/NNG+있/VA+어/EF"
          },
          {
            "id": 12,
            "text": "2 : 음 드라마는 동백꽃 필 무렵이고 영화는 비포 시리즈야",
            "norm_text": "음 드라마는 동백꽃 필 무렵이고 영화는 비포 시리즈야",
            "speaker": {
              "id": "2번",
              "sex": "여성",
              "age": "20대"
            },
            "speechAct": "(단언) 주장하기",
            "morpheme": "음/IC+드라마/NNG+는/JX+동백/NNG+꽃필/VV+ETM+무렵/NNB+이/VCP+고/EC+영화/NNG+는/JX+비포/NNG+시리즈/NNG+야/VCP+EF"
          },
          {
            "id": 13,
            "text": "2 : 진짜 로맨틱 하더라 하하",
            "norm_text": "진짜 로맨틱 하더라 하하",
            "speaker": {
              "id": "2번",
              "sex": "여성",
              "age": "20대"
            },
            "speechAct": "(단언) 주장하기",
            "morpheme": "진짜/MAG+로맨틱/XR+하/XSA+더라/EF+하하/MAG"
          },
          {
            "id": 14,
            "text": "2 : 요즘 나오는 아이돌도 많이 알아?",
            "norm_text": "요즘 나오는 아이돌도 많이 알아?",
            "speaker": {
              "id": "2번",
              "sex": "여성",
              "age": "20대"
            },
            "speechAct": "(지시) 질문하기",
            "morpheme": "요즘/MAG+나오/VV+는/ETM+아이돌/NNP+도/JX+많이/MAG+알/VV+아/EF"
          },
          {
            "id": 15,
            "text": "1 : 몇몇은 아는데 다는 몰라...",
            "norm_text": "몇몇은 아는데 다는 몰라...",
            "speaker": {
              "id": "1번",
              "sex": "여성",
              "age": "20대"
            },
            "speechAct": "(단언) 진술하기",
            "morpheme": "몇몇/NR+은/JX+아/VV+는/ETM+데/NNB+다/JX+는/JX+몰라/VV+EF+./SY"
          },
          {
            "id": 16,
            "text": "1 : 너무 새로 많이 나와서 하하",
            "norm_text": "너무 새로 많이 나와서 하하",
            "speaker": {
              "id": "1번",
              "sex": "여성",
              "age": "20대"
            },
            "speechAct": "(단언) 주장하기",
            "morpheme": "너무/MAG+새로/MAG+많이/MAG+나와서/VV+EC+하하/MAG"
          },
          {
            "id": 17,
            "text": "1 : 좋아하는 가수 있어?",
            "norm_text": "좋아하는 가수 있어?",
            "speaker": {
              "id": "1번",
              "sex": "여성",
              "age": "20대"
            },
            "speechAct": "(지시) 질문하기",
            "morpheme": "좋/VA+아/EC+하/VV+는/ETM+가수/NNG+있/VA+어/EF"
          },
          {
            "id": 18,
            "text": "2 : 나는 요즘 누가 나오는지도 모르겠다",
            "norm_text": "나는 요즘 누가 나오는지도 모르겠다",
            "speaker": {
              "id": "2번",
              "sex": "여성",
              "age": "20대"
            },
            "speechAct": "(단언) 진술하기",
            "morpheme": "나/NP+는/JX+요즘/MAG+누가/NP+JKS+나오/VV+는지/EC+도/JX+모르/VV+겠/EP+다/EC"
          },
          {
            "id": 19,
            "text": "2 : 나이 먹어 가니까 확실히 아이돌에 관심이 없어지는 것 같아",
            "norm_text": "나이 먹어 가니까 확실히 아이돌에 관심이 없어지는 것 같아",
            "speaker": {
              "id": "2번",
              "sex": "여성",
              "age": "20대"
            },
            "speechAct": "(단언) 주장하기",
            "morpheme": "나이/NNG+먹/VV+어/EC+가/VX+니까/EC+확실히/MAG+아이돌/NNP+에/JKB+관심/NNG+이/JKS+없/VA+어/EC+지/VX+는/ETM+것/NNB+같/VA+아/EC"
          },
          {
            "id": 20,
            "text": "1 : 맞아 슬프다...",
            "norm_text": "맞아 슬프다...",
            "speaker": {
              "id": "1번",
              "sex": "여성",
              "age": "20대"
            },
            "speechAct": "(단언) 진술하기",
            "morpheme": "맞/VV+아/EC+슬프/VA+다/EF+./SY"
          },
          {
            "id": 21,
            "text": "1 : 여름되니까 생각하는 드라마인데 로맨스가 필요해라는 드라마 알아?",
            "norm_text": "여름되니까 생각하는 드라마인데 로맨스가 필요해라는 드라마 알아?",
            "speaker": {
              "id": "1번",
              "sex": "여성",
              "age": "20대"
            },
            "speechAct": "(지시) 질문하기",
            "morpheme": "여름/NNG+되/XSV+니까/EC+생각/NNG+하/XSV+는/ETM+드라마/NNG+인데/VCP+EC+로맨스/NNG+가/JKS+필요/NNG+해/XSV+EF+라는/ETM+드라마/NNG+알/VV+아/EF"
          },
          {
            "id": 22,
            "text": "1 : 정유미 나오는 거",
            "norm_text": "정유미 나오는 거",
            "speaker": {
              "id": "1번",
              "sex": "여성",
              "age": "20대"
            },
            "speechAct": "(단언) 진술하기",
            "morpheme": "정유미/NNP+나오/VV+는/ETM+거/NNB"
          },
          {
            "id": 23,
            "text": "2 : 로맨스가 필요해...",
            "norm_text": "로맨스가 필요해...",
            "speaker": {
              "id": "2번",
              "sex": "여성",
              "age": "20대"
            },
            "speechAct": "(단언) 진술하기",
            "morpheme": "로맨스/NNG+가/JKS+필요/NNG+해/XSV+EF+./SY"
          },
          {
            "id": 24,
            "text": "2 : 그건 시즌별로 김정훈 조여정 뭐 김소연 성준 이런 애들 나온 거 아닌가?",
            "norm_text": "그건 시즌별로 김정훈 조여정 뭐 김소연 성준 이런 애들 나온 거 아닌가?",
            "speaker": {
              "id": "2번",
              "sex": "여성",
              "age": "20대"
            },
            "speechAct": "(단언) 진술하기",
            "morpheme": "그건/NP+JX+시즌/NNG+별/XSN+로/JKB+김정훈/NNP+조여정/NNP+뭐/IC+김소연/NNP+성준/NNP+이런/MM+애/NNG+들/XSN+나온/VV+ETM+거/NNB+아닌가/VCN+EF"
          },
          {
            "id": 25,
            "text": "2 : 너가 말하는 건 연애의 발견 아냐?",
            "norm_text": "너가 말하는 건 연애의 발견 아냐?",
            "speaker": {
              "id": "2번",
              "sex": "여성",
              "age": "20대"
            },
            "speechAct": "(지시) 질문하기",
            "morpheme": "너/NP+가/JKS+말/NNG+하/XSV+는/ETM+건/NNB+JX+연애/NNG+의/JKG+발견/NNG+아냐/VCN+EF"
          },
          {
            "id": 26,
            "text": "1 : 연애의 발견도 정유미 나오는데 로맨스가 필요해2는 정유미랑 이진욱 나와!",
            "norm_text": "연애의 발견도 정유미 나오는데 로맨스가 필요해2는 정유미랑 이진욱 나와!",
            "speaker": {
              "id": "1번",
              "sex": "여성",
              "age": "20대"
            },
            "speechAct": "(단언) 진술하기",
            "morpheme": "연애/NNG+의/JKG+발견/NNG+도/JX+정유미/NNP+나오/VV+는데/EC+로맨스/NNG+가/JKS+필요/NNG+해/XSV+EC+2/SN+는/JX+정유미/NNP+랑/JC+이진욱/NNP+나와/VV+EF"
          },
          {
            "id": 27,
            "text": "1 : 진짜 재밌는데 이것두...",
            "norm_text": "진짜 재밌는데 이것두...",
            "speaker": {
              "id": "1번",
              "sex": "여성",
              "age": "20대"
            },
            "speechAct": "(단언) 주장하기",
            "morpheme": "진짜/MAG+재밌/VA+는데/EC+이것/NP+두/JX+./SY"
          },
          {
            "id": 28,
            "text": "2 : 아 그래?",
            "norm_text": "아 그래?",
            "speaker": {
              "id": "2번",
              "sex": "여성",
              "age": "20대"
            },
            "speechAct": "턴토크 사인(관습적 반응)",
            "morpheme": "아/IC+그래/IC"
          },
          {
            "id": 29,
            "text": "2 : 거기서도 나오다니 내가 안 본 시즌에 나왔나 보네",
            "norm_text": "거기서도 나오다니 내가 안 본 시즌에 나왔나 보네",
            "speaker": {
              "id": "2번",
              "sex": "여성",
              "age": "20대"
            },
            "speechAct": "(지시) 질문하기",
            "morpheme": "거기/NP+서/JKB+도/JX+나오/VV+다니/EC+내/NP+가/JKS+안/MAG+본/VV+ETM+시즌/NNG+에/JKB+나왔/VV+EP+나/EC+보/VX+네/EC"
          },
          {
            "id": 30,
            "text": "2 : 근데 이 정도면 정유미는 로맨스물 전문가 아냐?",
            "norm_text": "근데 이 정도면 정유미는 로맨스물 전문가 아냐?",
            "speaker": {
              "id": "2번",
              "sex": "여성",
              "age": "20대"
            },
            "speechAct": "(지시) 질문하기",
            "morpheme": "근데/MAJ+이/MM+정도/NNG+면/VCP+EC+정유미/NNP+는/JX+로맨스/NNG+물/NNG+전문/NNG+가/JKC+아냐/VCN+EF"
          },
          {
            "id": 31,
            "text": "1 : 거의 그렇다고 볼 수 있지 하하",
            "norm_text": "거의 그렇다고 볼 수 있지 하하",
            "speaker": {
              "id": "1번",
              "sex": "여성",
              "age": "20대"
            },
            "speechAct": "(단언) 주장하기",
            "morpheme": "거의/MAG+그렇/VA+다고/EC+볼/VX+ETM+수/NNB+있/VV+지/EC+하하/MAG"
          },
          {
            "id": 32,
            "text": "1 : 그 시즌이 제일 재밌는데 그걸 안 보다니",
            "norm_text": "그 시즌이 제일 재밌는데 그걸 안 보다니",
            "speaker": {
              "id": "1번",
              "sex": "여성",
              "age": "20대"
            },
            "speechAct": "(단언) 주장하기",
            "morpheme": "그/MM+시즌/NNG+이/JKS+제일/MAG+재밌/VA+는데/EC+그걸/NP+JKO+안/MAG+보/VV+다니/EC"
          },
          {
            "id": 33,
            "text": "1 : 당장 봐!",
            "norm_text": "당장 봐!",
            "speaker": {
              "id": "1번",
              "sex": "여성",
              "age": "20대"
            },
            "speechAct": "(지시) 충고/제안하기",
            "morpheme": "당장/NNG+봐/VV+EF"
          },
          {
            "id": 34,
            "text": "2 : 주말에 정주행이라도 해야 하나...",
            "norm_text": "주말에 정주행이라도 해야 하나...",
            "speaker": {
              "id": "2번",
              "sex": "여성",
              "age": "20대"
            },
            "speechAct": "(단언) 주장하기",
            "morpheme": "주말/NNG+에/JKB+정주/NNG+행이/NNG+라도/VCP+EC+해야/VV+EC+하나/NR+./SY"
          },
          {
            "id": 35,
            "text": "2 : 드라마 보면 그 배우들한테 또 빠질 것 같아 하하",
            "norm_text": "드라마 보면 그 배우들한테 또 빠질 것 같아 하하",
            "speaker": {
              "id": "2번",
              "sex": "여성",
              "age": "20대"
            },
            "speechAct": "(단언) 주장하기",
            "morpheme": "드라마/NNG+보/VV+면/EC+그/MM+배우/NNG+들/XSN+한테/JKB+또/MAG+빠질/VV+ETM+것/NNB+같/VA+아/EC+하하/MAG"
          },
          {
            "id": 36,
            "text": "1 : 응 맞아",
            "norm_text": "응 맞아",
            "speaker": {
              "id": "1번",
              "sex": "여성",
              "age": "20대"
            },
            "speechAct": "(단언) 주장하기",
            "morpheme": "응/IC+맞/VV+아/EC"
          },
          {
            "id": 37,
            "text": "1 : 그래도 그건 꼭 봐야 돼",
            "norm_text": "그래도 그건 꼭 봐야 돼",
            "speaker": {
              "id": "1번",
              "sex": "여성",
              "age": "20대"
            },
            "speechAct": "(단언) 주장하기",
            "morpheme": "그래도/MAJ+그건/NP+JX+꼭/MAG+봐야/VV+EC+돼/VV+EC"
          },
          {
            "id": 38,
            "text": "1 : 정유미도 정유미인데 이진욱이 진짜 짱임...",
            "norm_text": "정유미도 정유미인데 이진욱이 진짜 짱임...",
            "speaker": {
              "id": "1번",
              "sex": "여성",
              "age": "20대"
            },
            "speechAct": "(단언) 주장하기",
            "morpheme": "정유미/NNP+도/JX+정유미/NNP+인데/VCP+EC+이진욱/NNP+이/JKS+진짜/MAG+짱/NNG+임/VCP+ETN+./SY"
          },
          {
            "id": 39,
            "text": "2 : 이진욱 드라마 나올 때면 항상 멋있게 나오더라",
            "norm_text": "이진욱 드라마 나올 때면 항상 멋있게 나오더라",
            "speaker": {
              "id": "2번",
              "sex": "여성",
              "age": "20대"
            },
            "speechAct": "(단언) 주장하기",
            "morpheme": "이진욱/NNP+드라마/NNG+나올/VV+ETM+때/NNG+면/VCP+EC+항상/MAG+멋있/VA+게/EC+나오/VV+더라/EC"
          },
          {
            "id": 40,
            "text": "2 : 나중에 볼게!",
            "norm_text": "나중에 볼게!",
            "speaker": {
              "id": "2번",
              "sex": "여성",
              "age": "20대"
            },
            "speechAct": "(단언) 주장하기",
            "morpheme": "나중/NNG+에/JKB+볼/VV+ETM+게/NNB+JKS"
          }
        ]
      }
    }
  ]
}