{
  "dataset": {
    "identifier": 98215,
    "name": "NATEON_27_09_set",
    "src_path": "/data/file/cubeManager/PROJECT001/77/txt20211027152211009346/NATEON_27_09_set/",
    "label_path": "/data/file/cubeManager/PROJECT001/77/txt20211027152211009346/NATEON_27_09_set/",
    "category": 2,
    "type": 0
  },
  "licenses": {
    "name": "Apache License 1.0",
    "url": "http://www.apache.org/licenses/LICENSE-1.0"
  },
  "info": [
    {
      "id": 99450,
      "filename": "NATEON_27_09.txt",
      "title": "NATEON_27_09",
      "mediatype": "메신저",
      "medianame": "네이트온",
      "category": "일상대화",
      "date": "2021-10-27",
      "size": 515,
      "annotations": {
        "subject": "반려동물",
        "speaker_type": "다자간 대화",
        "size": 515,
        "word_size": 170,
        "text": "1 : 나 이번에 유기견 입양했어!\n2 : 유기견?\n2 : 사이트에서 데리고 온 거야?\n2 : 아니면 길에서?\n3 : 우와\n3 : 고양이?\n3 : 강아지?\n3 : 어떤 동물\n1 : 인스타그램 보고 바로 데리고 왔지 하하\n2 : 아 요즘은 인스타에서도 분양을 하는 거야?\n3 : 가정분양 하면 스트레스 많이 안받는다더라\n1 : 임시 보호소에서 인스타그램을 운영하더라고!\n2 : 아 요즘은 사람들이 인스타 많이 하니까 운영 그렇게 하나보다!\n3 : 요즘 많이 발전한 거 같아\n1 : 응 일반 펫샵에서 데리고 오는 거보다 더 나은 거 같아~\n2 : 맞아\n2 : 일반 펫샵은 공장이기도 하고 ㅠㅠ 애들이 약해서 안쓰러워 ㅠㅠ\n3 : 아 절차가 까다롭진 않았어?\n1 : 맞아 ㅠㅠ\n1 : 얼마 전에 티비로 봤는데 정말 끔찍하더라,\n1 : 절차는 간단해\n2 : 유기견이니까 상처 더 받지않게 잘 돌봐줘 ㅠㅠ\n3 : 그래\n3 : 상처 안 받게 돌봐\n1 : 나는 사랑으로 잘 돌봐줄 거야\n2 : 맞아\n2 : 그 애는 주인 잘 만나서 다행이다 하하\n3 : 너같이 좋은 주인이 나타났으니",
        "lines": [
          {
            "id": 1,
            "text": "1 : 나 이번에 유기견 입양했어!",
            "norm_text": "나 이번에 유기견 입양했어!",
            "speaker": {
              "id": "1번",
              "sex": "여성",
              "age": "20대"
            },
            "speechAct": "(단언) 진술하기",
            "morpheme": "나/NP+이번/NNG+에/JKB+유기/NNG+견/NNG+입양/NNG+했/XSV+EP+어/EF"
          },
          {
            "id": 2,
            "text": "2 : 유기견?",
            "norm_text": "유기견?",
            "speaker": {
              "id": "2번",
              "sex": "여성",
              "age": "20대"
            },
            "speechAct": "턴토크 사인(관습적 반응)",
            "morpheme": "유기/NNG+견/NNG"
          },
          {
            "id": 3,
            "text": "2 : 사이트에서 데리고 온 거야?",
            "norm_text": "사이트에서 데리고 온 거야?",
            "speaker": {
              "id": "2번",
              "sex": "여성",
              "age": "20대"
            },
            "speechAct": "(지시) 질문하기",
            "morpheme": "사이트/NNG+에서/JKB+데리/VV+고/EC+온/VX+ETM+거/NNB+야/VCP+EF"
          },
          {
            "id": 4,
            "text": "2 : 아니면 길에서?",
            "norm_text": "아니면 길에서?",
            "speaker": {
              "id": "2번",
              "sex": "여성",
              "age": "20대"
            },
            "speechAct": "(지시) 질문하기",
            "morpheme": "아니면/MAJ+길/NNG+에서/JKB"
          },
          {
            "id": 5,
            "text": "3 : 우와",
            "norm_text": "우와",
            "speaker": {
              "id": "3번",
              "sex": "남성",
              "age": "20대"
            },
            "speechAct": "턴토크 사인(관습적 반응)",
            "morpheme": "우와/NNG"
          },
          {
            "id": 6,
            "text": "3 : 고양이?",
            "norm_text": "고양이?",
            "speaker": {
              "id": "3번",
              "sex": "남성",
              "age": "20대"
            },
            "speechAct": "(지시) 질문하기",
            "morpheme": "고양이/NNG"
          },
          {
            "id": 7,
            "text": "3 : 강아지?",
            "norm_text": "강아지?",
            "speaker": {
              "id": "3번",
              "sex": "남성",
              "age": "20대"
            },
            "speechAct": "(지시) 질문하기",
            "morpheme": "강아지/NNG"
          },
          {
            "id": 8,
            "text": "3 : 어떤 동물",
            "norm_text": "어떤 동물",
            "speaker": {
              "id": "3번",
              "sex": "남성",
              "age": "20대"
            },
            "speechAct": "(지시) 질문하기",
            "morpheme": "어떤/MM+동물/NNG"
          },
          {
            "id": 9,
            "text": "1 : 인스타그램 보고 바로 데리고 왔지 하하",
            "norm_text": "인스타그램 보고 바로 데리고 왔지 하하",
            "speaker": {
              "id": "1번",
              "sex": "여성",
              "age": "20대"
            },
            "speechAct": "(단언) 진술하기",
            "morpheme": "인/NNG+스타/NNG+그램/NNG+보/VV+고/EC+바로/MAG+데리/VV+고/EC+왔/VX+EP+지/EC+하하/MAG"
          },
          {
            "id": 10,
            "text": "2 : 아 요즘은 인스타에서도 분양을 하는 거야?",
            "norm_text": "아 요즘은 인스타에서도 분양을 하는 거야?",
            "speaker": {
              "id": "2번",
              "sex": "여성",
              "age": "20대"
            },
            "speechAct": "(지시) 질문하기",
            "morpheme": "아/IC+요즘/NNG+은/JX+인/VCP+ETM+스타/NNG+에서/JKB+도/JX+분양/NNG+을/JKO+하/VV+는/ETM+거/NNB+야/VCP+EF"
          },
          {
            "id": 11,
            "text": "3 : 가정분양 하면 스트레스 많이 안받는다더라",
            "norm_text": "가정분양 하면 스트레스 많이 안받는다더라",
            "speaker": {
              "id": "3번",
              "sex": "남성",
              "age": "20대"
            },
            "speechAct": "(단언) 진술하기",
            "morpheme": "가정/NNG+분양/NNG+하/XSV+면/EC+스트레스/NNG+많이/MAG+안/MAG+받/VV+는다더라/EF"
          },
          {
            "id": 12,
            "text": "1 : 임시 보호소에서 인스타그램을 운영하더라고!",
            "norm_text": "임시 보호소에서 인스타그램을 운영하더라고!",
            "speaker": {
              "id": "1번",
              "sex": "여성",
              "age": "20대"
            },
            "speechAct": "(단언) 진술하기",
            "morpheme": "임시/NNG+보호/NNG+소/NNG+에서/JKB+인/VCP+ETM+스타/NNG+그램/NNG+을/JKO+운영/NNG+하/XSA+더라고/EF"
          },
          {
            "id": 13,
            "text": "2 : 아 요즘은 사람들이 인스타 많이 하니까 운영 그렇게 하나보다!",
            "norm_text": "아 요즘은 사람들이 인스타 많이 하니까 운영 그렇게 하나보다!",
            "speaker": {
              "id": "2번",
              "sex": "여성",
              "age": "20대"
            },
            "speechAct": "(단언) 진술하기",
            "morpheme": "아/IC+요즘/NNG+은/JX+사람/NNG+들/XSN+이/JKS+인/NNG+스타/NNG+많이/MAG+하/VV+니까/EC+운영/NNG+그렇게/MAG+하나/NR+보/VV+다/EF"
          },
          {
            "id": 14,
            "text": "3 : 요즘 많이 발전한 거 같아",
            "norm_text": "요즘 많이 발전한 거 같아",
            "speaker": {
              "id": "3번",
              "sex": "남성",
              "age": "20대"
            },
            "speechAct": "(단언) 진술하기",
            "morpheme": "요즘/MAG+많이/MAG+발전/NNG+한/XSA+ETM+거/NNB+같/VA+아/EC"
          },
          {
            "id": 15,
            "text": "1 : 응 일반 펫샵에서 데리고 오는 거보다 더 나은 거 같아~",
            "norm_text": "응 일반 펫샵에서 데리고 오는 거보다 더 나은 거 같아~",
            "speaker": {
              "id": "1번",
              "sex": "여성",
              "age": "20대"
            },
            "speechAct": "(단언) 주장하기",
            "morpheme": "응/IC+일반/NNG+펫/NNP+샵/NNP+에서/JKB+데리/VV+고/EC+오/VV+는/ETM+거/NNB+보다/JKB+더/MAG+나/VA+은/ETM+거/NNB+같/VA+아/EC+~/SY"
          },
          {
            "id": 16,
            "text": "2 : 맞아",
            "norm_text": "맞아",
            "speaker": {
              "id": "2번",
              "sex": "여성",
              "age": "20대"
            },
            "speechAct": "턴토크 사인(관습적 반응)",
            "morpheme": "맞/VV+아/EC"
          },
          {
            "id": 17,
            "text": "2 : 일반 펫샵은 공장이기도 하고 ㅠㅠ 애들이 약해서 안쓰러워 ㅠㅠ",
            "norm_text": "일반 펫샵은 공장이기도 하고 ㅠㅠ 애들이 약해서 안쓰러워 ㅠㅠ",
            "speaker": {
              "id": "2번",
              "sex": "여성",
              "age": "20대"
            },
            "speechAct": "(단언) 진술하기",
            "morpheme": "일반/NNG+펫/NNP+샵/NNP+은/JX+공장/NNG+이/VCP+기/ETN+도/JX+하/VV+고/EC+ㅠㅠ/UNKNOWN+애/NNG+들/XSN+이/JKS+약해서/VA+EC+안쓰러워/VA+EC+ㅠㅠ/UNKNOWN"
          },
          {
            "id": 18,
            "text": "3 : 아 절차가 까다롭진 않았어?",
            "norm_text": "아 절차가 까다롭진 않았어?",
            "speaker": {
              "id": "3번",
              "sex": "남성",
              "age": "20대"
            },
            "speechAct": "(지시) 질문하기",
            "morpheme": "아/IC+절차/NNG+가/JKS+까다롭/VA+진/EC+JX+않/VX+았/EP+어/EF"
          },
          {
            "id": 19,
            "text": "1 : 맞아 ㅠㅠ",
            "norm_text": "맞아 ㅠㅠ",
            "speaker": {
              "id": "1번",
              "sex": "여성",
              "age": "20대"
            },
            "speechAct": "턴토크 사인(관습적 반응)",
            "morpheme": "맞아ㅠㅠ/UNKNOWN"
          },
          {
            "id": 20,
            "text": "1 : 얼마 전에 티비로 봤는데 정말 끔찍하더라,",
            "norm_text": "얼마 전에 티비로 봤는데 정말 끔찍하더라,",
            "speaker": {
              "id": "1번",
              "sex": "여성",
              "age": "20대"
            },
            "speechAct": "(단언) 진술하기",
            "morpheme": "얼마/NNG+전/NNG+에/JKB+티비/NNG+로/JKB+봤/VV+EP+는데/EC+정말/MAG+끔찍/XR+하/XSA+더라/EF+,/SC"
          },
          {
            "id": 21,
            "text": "1 : 절차는 간단해",
            "norm_text": "절차는 간단해",
            "speaker": {
              "id": "1번",
              "sex": "여성",
              "age": "20대"
            },
            "speechAct": "(단언) 주장하기",
            "morpheme": "절차/NNG+는/JX+간단/XR+해/XSA+EC"
          },
          {
            "id": 22,
            "text": "2 : 유기견이니까 상처 더 받지않게 잘 돌봐줘 ㅠㅠ",
            "norm_text": "유기견이니까 상처 더 받지않게 잘 돌봐줘 ㅠㅠ",
            "speaker": {
              "id": "2번",
              "sex": "여성",
              "age": "20대"
            },
            "speechAct": "(단언) 진술하기",
            "morpheme": "유기/NNG+견/NNG+이/VCP+니까/EC+상처/NNG+더/MAG+받/VV+지/EC+않/VX+게/EC+잘/MAG+돌봐/VV+EC+줘/VX+EF+ㅠㅠ/UNKNOWN"
          },
          {
            "id": 23,
            "text": "3 : 그래",
            "norm_text": "그래",
            "speaker": {
              "id": "3번",
              "sex": "남성",
              "age": "20대"
            },
            "speechAct": "턴토크 사인(관습적 반응)",
            "morpheme": "그래/VA+EC"
          },
          {
            "id": 24,
            "text": "3 : 상처 안 받게 돌봐",
            "norm_text": "상처 안 받게 돌봐",
            "speaker": {
              "id": "3번",
              "sex": "남성",
              "age": "20대"
            },
            "speechAct": "(단언) 주장하기",
            "morpheme": "상처/NNG+안/MAG+받/VV+게/EC+돌봐/VV+EC"
          },
          {
            "id": 25,
            "text": "1 : 나는 사랑으로 잘 돌봐줄 거야",
            "norm_text": "나는 사랑으로 잘 돌봐줄 거야",
            "speaker": {
              "id": "1번",
              "sex": "여성",
              "age": "20대"
            },
            "speechAct": "(단언) 주장하기",
            "morpheme": "나/NP+는/JX+사랑/NNG+으로/JKB+잘/MAG+돌봐/VV+EC+줄/VX+ETM+거/NNB+야/VCP+EF"
          },
          {
            "id": 26,
            "text": "2 : 맞아",
            "norm_text": "맞아",
            "speaker": {
              "id": "2번",
              "sex": "여성",
              "age": "20대"
            },
            "speechAct": "턴토크 사인(관습적 반응)",
            "morpheme": "맞/VV+아/EC"
          },
          {
            "id": 27,
            "text": "2 : 그 애는 주인 잘 만나서 다행이다 하하",
            "norm_text": "그 애는 주인 잘 만나서 다행이다 하하",
            "speaker": {
              "id": "2번",
              "sex": "여성",
              "age": "20대"
            },
            "speechAct": "(단언) 진술하기",
            "morpheme": "그/MM+애/NNG+는/JX+주인/NNG+잘/MAG+만나/VV+서/EC+다행/NNG+이/JKS+다/MAG+하하/MAG"
          },
          {
            "id": 28,
            "text": "3 : 너같이 좋은 주인이 나타났으니",
            "norm_text": "너같이 좋은 주인이 나타났으니",
            "speaker": {
              "id": "3번",
              "sex": "남성",
              "age": "20대"
            },
            "speechAct": "(단언) 진술하기",
            "morpheme": "너/NP+같이/MAG+좋/VA+은/ETM+주인/NNG+이/JKS+나타났으니/VV+EP+EC"
          }
        ]
      }
    }
  ]
}