{
  "dataset": {
    "identifier": 111785,
    "name": "NATEON_34_12_set",
    "src_path": "/data/file/cubeManager/PROJECT001/80/txt202111031542380152110/NATEON_34_12_set/",
    "label_path": "/data/file/cubeManager/PROJECT001/80/txt202111031542380152110/NATEON_34_12_set/",
    "category": 2,
    "type": 0
  },
  "licenses": {
    "name": "Apache License 1.0",
    "url": "http://www.apache.org/licenses/LICENSE-1.0"
  },
  "info": [
    {
      "id": 135467,
      "filename": "NATEON_34_12.txt",
      "title": "NATEON_34_12",
      "mediatype": "메신저",
      "medianame": "네이트온",
      "category": "일상대화",
      "date": "2021-11-03",
      "size": 383,
      "annotations": {
        "subject": "여행",
        "speaker_type": "다자간 대화",
        "size": 383,
        "word_size": 128,
        "text": "1 : 내 친구 이번에 독일마을 갔데\n2 : 요즘 거기 사람들 많이 가네\n3 : 거기 남해에 있는곳 아니야?\n1 : 응 아무래도 유명한 관광지라 하하\n2 : 맞아 그리고 따뜻하니 내려 가나봐 키키\n3 : 그러게 하하\n3 : 유명해지면 사람 엄청 많아\n1 : 응 난 남해 안가봤는데 ㅠㅠ\n2 : 맞아 나도 멀리 밑에까지 놀러 간 적은 없어 ㅠㅠ\n3 : 남해 한번도 안가봤어?\n1 : 응! 아직 한번도 안가봤어\n2 : 어 ㅠㅠ 한번 놀러 가고 싶다 ㅠㅠ\n3 : 다음에 차로 같이 가자 하하\n1 : 맞아 남해는 멀어서 차타고 가야해\n2 : 거기 교통으로는 가기 불편해? ㅠㅠ\n3 : 아무래도 불편하지 않을까?\n1 : 그래 우리 자차로 여행하자\n2 : 오 구래 좋아 놀러가자! 레고레고~\n3 : 그래 자차로 여행하는게 짱이지",
        "lines": [
          {
            "id": 1,
            "text": "1 : 내 친구 이번에 독일마을 갔데",
            "norm_text": "내 친구 이번에 독일마을 갔데",
            "speaker": {
              "id": "1번",
              "sex": "여성",
              "age": "20대"
            },
            "speechAct": "(단언) 진술하기",
            "morpheme": "내/NP+JKG+친구/NNG+이번/NNG+에/JKB+독일/NNP+마을/NNG+갔/VV+EP+데/EC"
          },
          {
            "id": 2,
            "text": "2 : 요즘 거기 사람들 많이 가네",
            "norm_text": "요즘 거기 사람들 많이 가네",
            "speaker": {
              "id": "2번",
              "sex": "여성",
              "age": "20대"
            },
            "speechAct": "(단언) 진술하기",
            "morpheme": "요즘/MAG+거기/NP+사람/NNG+들/XSN+많이/MAG+가네/NNP"
          },
          {
            "id": 3,
            "text": "3 : 거기 남해에 있는곳 아니야?",
            "norm_text": "거기 남해에 있는곳 아니야?",
            "speaker": {
              "id": "3번",
              "sex": "남성",
              "age": "20대"
            },
            "speechAct": "(단언) 주장하기",
            "morpheme": "거기/NP+남해/NNP+에/JKB+있/VV+는/ETM+곳/NNB+아니/VCN+야/EF"
          },
          {
            "id": 4,
            "text": "1 : 응 아무래도 유명한 관광지라 하하",
            "norm_text": "응 아무래도 유명한 관광지라 하하",
            "speaker": {
              "id": "1번",
              "sex": "여성",
              "age": "20대"
            },
            "speechAct": "(단언) 주장하기",
            "morpheme": "응/IC+아무래도/MAG+유명/XR+한/XSA+ETM+관광지/NNG+라/VCP+EC+하하/MAG"
          },
          {
            "id": 5,
            "text": "2 : 맞아 그리고 따뜻하니 내려 가나봐 키키",
            "norm_text": "맞아 그리고 따뜻하니 내려 가나봐 키키",
            "speaker": {
              "id": "2번",
              "sex": "여성",
              "age": "20대"
            },
            "speechAct": "(단언) 진술하기",
            "morpheme": "맞아/IC+그리고/MAJ+따뜻/XR+하/XSA+니/EC+내려가/VV+나/EC+봐/VX+EF+키/NNG+키/XSV+ETN"
          },
          {
            "id": 6,
            "text": "3 : 그러게 하하",
            "norm_text": "그러게 하하",
            "speaker": {
              "id": "3번",
              "sex": "남성",
              "age": "20대"
            },
            "speechAct": "턴토크 사인(관습적 반응)",
            "morpheme": "그러게/IC+하하/MAG"
          },
          {
            "id": 7,
            "text": "3 : 유명해지면 사람 엄청 많아",
            "norm_text": "유명해지면 사람 엄청 많아",
            "speaker": {
              "id": "3번",
              "sex": "남성",
              "age": "20대"
            },
            "speechAct": "(단언) 진술하기",
            "morpheme": "유명/NNG+해/XSV+EC+지/VX+면/EC+사람/NNG+엄청/MAG+많/VA+아/EC"
          },
          {
            "id": 8,
            "text": "1 : 응 난 남해 안가봤는데 ㅠㅠ",
            "norm_text": "응 난 남해 안가봤는데 ㅠㅠ",
            "speaker": {
              "id": "1번",
              "sex": "여성",
              "age": "20대"
            },
            "speechAct": "(단언) 진술하기",
            "morpheme": "응/IC+난/NP+JX+남해안/NNP+가/JKS+봤/VV+EP+는데/EC+ㅠㅠ/UNKNOWN"
          },
          {
            "id": 9,
            "text": "2 : 맞아 나도 멀리 밑에까지 놀러 간 적은 없어 ㅠㅠ",
            "norm_text": "맞아 나도 멀리 밑에까지 놀러 간 적은 없어 ㅠㅠ",
            "speaker": {
              "id": "2번",
              "sex": "여성",
              "age": "20대"
            },
            "speechAct": "(단언) 진술하기",
            "morpheme": "맞/VV+아/EC+나/NP+도/JX+멀리/MAG+밑/NNG+에/JKB+까지/JX+놀/VV+러/EC+간적/NNG+은/JX+없/VA+어/EC+ㅠㅠ/UNKNOWN"
          },
          {
            "id": 10,
            "text": "3 : 남해 한번도 안가봤어?",
            "norm_text": "남해 한번도 안가봤어?",
            "speaker": {
              "id": "3번",
              "sex": "남성",
              "age": "20대"
            },
            "speechAct": "(지시) 질문하기",
            "morpheme": "남/NNG+해/XSV+EC+한/MM+번/NNBC+도/JX+안/MAG+가/VV+EC+봤/VX+EP+어/EF"
          },
          {
            "id": 11,
            "text": "1 : 응! 아직 한번도 안가봤어",
            "norm_text": "응! 아직 한번도 안가봤어",
            "speaker": {
              "id": "1번",
              "sex": "여성",
              "age": "20대"
            },
            "speechAct": "(단언) 주장하기",
            "morpheme": "응/IC+아직/MAG+한/MM+번/NNBC+도/JX+안/MAG+가/VV+EC+봤/VX+EP+어/EC"
          },
          {
            "id": 12,
            "text": "2 : 어 ㅠㅠ 한번 놀러 가고 싶다 ㅠㅠ",
            "norm_text": "어 ㅠㅠ 한번 놀러 가고 싶다 ㅠㅠ",
            "speaker": {
              "id": "2번",
              "sex": "여성",
              "age": "20대"
            },
            "speechAct": "(단언) 진술하기",
            "morpheme": "어/IC+ㅠㅠ/UNKNOWN+한/MM+번/NNBC+놀/VV+러/EC+가/VX+고/EC+싶/VX+다/EF+ㅠㅠ/UNKNOWN"
          },
          {
            "id": 13,
            "text": "3 : 다음에 차로 같이 가자 하하",
            "norm_text": "다음에 차로 같이 가자 하하",
            "speaker": {
              "id": "3번",
              "sex": "남성",
              "age": "20대"
            },
            "speechAct": "(단언) 주장하기",
            "morpheme": "다음/NNG+에/JKB+차/NNG+로/JKB+같이/MAG+가/VV+자/EC+하하/MAG"
          },
          {
            "id": 14,
            "text": "1 : 맞아 남해는 멀어서 차타고 가야해",
            "norm_text": "맞아 남해는 멀어서 차타고 가야해",
            "speaker": {
              "id": "1번",
              "sex": "여성",
              "age": "20대"
            },
            "speechAct": "(단언) 주장하기",
            "morpheme": "맞/VV+아/EC+남해/NNP+는/JX+멀/VA+어서/EC+차/NNG+타/VV+고/EC+가/VX+야/EC+해/VV+EC"
          },
          {
            "id": 15,
            "text": "2 : 거기 교통으로는 가기 불편해? ㅠㅠ",
            "norm_text": "거기 교통으로는 가기 불편해? ㅠㅠ",
            "speaker": {
              "id": "2번",
              "sex": "여성",
              "age": "20대"
            },
            "speechAct": "(단언) 주장하기",
            "morpheme": "거기/NP+교통/NNG+으로/JKB+는/JX+가/VV+기/ETN+불편/NNG+해/XSV+EF+ㅠㅠ/UNKNOWN"
          },
          {
            "id": 16,
            "text": "3 : 아무래도 불편하지 않을까?",
            "norm_text": "아무래도 불편하지 않을까?",
            "speaker": {
              "id": "3번",
              "sex": "남성",
              "age": "20대"
            },
            "speechAct": "(단언) 주장하기",
            "morpheme": "아무래도/MAG+불편/NNG+하/XSV+지/EC+않/VX+을까/EF"
          },
          {
            "id": 17,
            "text": "1 : 그래 우리 자차로 여행하자",
            "norm_text": "그래 우리 자차로 여행하자",
            "speaker": {
              "id": "1번",
              "sex": "여성",
              "age": "20대"
            },
            "speechAct": "(단언) 진술하기",
            "morpheme": "그래/IC+우리/NP+자차/NNG+로/JKB+여행/NNG+하/XSV+자/EC"
          },
          {
            "id": 18,
            "text": "2 : 오 구래 좋아 놀러가자! 레고레고~",
            "norm_text": "오 구래 좋아 놀러가자! 레고레고~",
            "speaker": {
              "id": "2번",
              "sex": "여성",
              "age": "20대"
            },
            "speechAct": "(단언) 주장하기",
            "morpheme": "오구래/NNG+좋/VA+아/EC+놀/VV+러/EC+가/VX+자/EF+레고/NNP+레고/NNP+~/SY"
          },
          {
            "id": 19,
            "text": "3 : 그래 자차로 여행하는게 짱이지",
            "norm_text": "그래 자차로 여행하는게 짱이지",
            "speaker": {
              "id": "3번",
              "sex": "남성",
              "age": "20대"
            },
            "speechAct": "(단언) 진술하기",
            "morpheme": "그래/IC+자차/NNG+로/JKB+여행/NNG+하/XSV+는/ETM+게/NNB+JKS+짱/NNG+이/VCP+지/EC"
          }
        ]
      }
    }
  ]
}