{
  "dataset": {
    "identifier": 129759,
    "name": "NATEON_43_08_set",
    "src_path": "/data/file/cubeManager/PROJECT001/84/txt20211104173553028584/NATEON_43_08_set/",
    "label_path": "/data/file/cubeManager/PROJECT001/84/txt20211104173553028584/NATEON_43_08_set/",
    "category": 2,
    "type": 0
  },
  "licenses": {
    "name": "Apache License 1.0",
    "url": "http://www.apache.org/licenses/LICENSE-1.0"
  },
  "info": [
    {
      "id": 137255,
      "filename": "NATEON_43_08.txt",
      "title": "NATEON_43_08",
      "mediatype": "메신저",
      "medianame": "네이트온",
      "category": "일상대화",
      "date": "2021-11-04",
      "size": 417,
      "annotations": {
        "subject": "연애/결혼",
        "speaker_type": "다자간 대화",
        "size": 417,
        "word_size": 155,
        "text": "1 : 너 도대체 프로포즈 언제 할래\n2 : 맞아\n2 : 여자친구 만난 지 꽤 됐잖아\n3 : 아 안 돼\n3 : 여자친구가 싫어해 키키\n1 : 니 여자친구 내 친군 거 알지\n2 : 맨날 다 싫어한대\n2 :  좀 잘해 줘\n3 : 여자친구가 나랑 결혼하기 싫어해 키키\n1 : 내 친구가 은근 기다려\n2 : 기다린대\n2 : 얼릉 결혼하자고 해 봐\n3 : 진짜 미안\n3 : 안 할래 그냥\n1 : 나한테 계속 물어보던데 니가 안 한다고?\n2 : 야 그럼 빨리 정리해\n2  : 상처 주지 말고 키키\n3 : 돈이 없어 키키\n3 : 준비가 안 됐어\n1 : 결혼에 대한 부담감이 느껴지는 거야?\n2 : 그런 거 같은데 돈도 있긴 해야지 키키\n3 : 금전적인 여유가 없다 나는\n1 : 아무래도 가장이 되는 거니까 그럴 수 있지\n2 : 여자친구랑 얘기 한번 잘해 봐\n3 : 돈이 있어야 가장이 될 수 있지 ㅠㅠ",
        "lines": [
          {
            "id": 1,
            "text": "1 : 너 도대체 프로포즈 언제 할래",
            "norm_text": "너 도대체 프로포즈 언제 할래",
            "speaker": {
              "id": "1번",
              "sex": "여성",
              "age": "20대"
            },
            "speechAct": "(지시) 질문하기",
            "morpheme": "너/NP+도대체/MAG+프로/NNG+포즈/NNG+언제/MAG+할래/VV+EC"
          },
          {
            "id": 2,
            "text": "2 : 맞아",
            "norm_text": "맞아",
            "speaker": {
              "id": "2번",
              "sex": "남성",
              "age": "20대"
            },
            "speechAct": "(단언) 주장하기",
            "morpheme": "맞/VV+아/EC"
          },
          {
            "id": 3,
            "text": "2 : 여자친구 만난 지 꽤 됐잖아",
            "norm_text": "여자친구 만난 지 꽤 됐잖아",
            "speaker": {
              "id": "2번",
              "sex": "남성",
              "age": "20대"
            },
            "speechAct": "(단언) 주장하기",
            "morpheme": "여자/NNG+친구/NNG+만난/VV+ETM+지/NNB+꽤/MAG+됐/VV+EP+잖아/EC"
          },
          {
            "id": 4,
            "text": "3 : 아 안 돼",
            "norm_text": "아 안 돼",
            "speaker": {
              "id": "3번",
              "sex": "남성",
              "age": "20대"
            },
            "speechAct": "(단언) 주장하기",
            "morpheme": "아안/NNG+돼/XSV+EC"
          },
          {
            "id": 5,
            "text": "3 : 여자친구가 싫어해 키키",
            "norm_text": "여자친구가 싫어해 키키",
            "speaker": {
              "id": "3번",
              "sex": "남성",
              "age": "20대"
            },
            "speechAct": "(단언) 주장하기",
            "morpheme": "여자/NNG+친구/NNG+가/JKS+싫/VA+어/EC+해/VV+EC+키/NNG+키/XSV+ETN"
          },
          {
            "id": 6,
            "text": "1 : 니 여자친구 내 친군 거 알지",
            "norm_text": "니 여자친구 내 친군 거 알지",
            "speaker": {
              "id": "1번",
              "sex": "여성",
              "age": "20대"
            },
            "speechAct": "(단언) 진술하기",
            "morpheme": "니/MM+여자/NNG+친구/NNG+내/NNB+친군/NNG+VCP+ETM+거/NNB+알/VV+지/EC"
          },
          {
            "id": 7,
            "text": "2 : 맨날 다 싫어한대",
            "norm_text": "맨날 다 싫어한대",
            "speaker": {
              "id": "2번",
              "sex": "남성",
              "age": "20대"
            },
            "speechAct": "(단언) 주장하기",
            "morpheme": "맨날/MAG+다/MAG+싫/VA+어/EC+한대/VV+EC"
          },
          {
            "id": 8,
            "text": "2 :  좀 잘해 줘",
            "norm_text": "좀 잘해 줘",
            "speaker": {
              "id": "2번",
              "sex": "남성",
              "age": "20대"
            },
            "speechAct": "(단언) 주장하기",
            "morpheme": "좀/MAG+잘/MAG+해/VV+EC+줘/VX+EC"
          },
          {
            "id": 9,
            "text": "3 : 여자친구가 나랑 결혼하기 싫어해 키키",
            "norm_text": "여자친구가 나랑 결혼하기 싫어해 키키",
            "speaker": {
              "id": "3번",
              "sex": "남성",
              "age": "20대"
            },
            "speechAct": "(단언) 주장하기",
            "morpheme": "여자/NNG+친구/NNG+가/JKS+나/NP+랑/JKB+결혼/NNG+하/XSV+기/ETN+싫/VA+어/EC+해/VV+EC+키/NNG+키/XSV+ETN"
          },
          {
            "id": 10,
            "text": "1 : 내 친구가 은근 기다려",
            "norm_text": "내 친구가 은근 기다려",
            "speaker": {
              "id": "1번",
              "sex": "여성",
              "age": "20대"
            },
            "speechAct": "(단언) 주장하기",
            "morpheme": "내/NP+JKG+친구/NNG+가/JKS+은근/NNG+기다려/VV+EC"
          },
          {
            "id": 11,
            "text": "2 : 기다린대",
            "norm_text": "기다린대",
            "speaker": {
              "id": "2번",
              "sex": "남성",
              "age": "20대"
            },
            "speechAct": "(단언) 주장하기",
            "morpheme": "기다린대/VV+EC"
          },
          {
            "id": 12,
            "text": "2 : 얼릉 결혼하자고 해 봐",
            "norm_text": "얼릉 결혼하자고 해 봐",
            "speaker": {
              "id": "2번",
              "sex": "남성",
              "age": "20대"
            },
            "speechAct": "(지시) 충고/제안하기",
            "morpheme": "얼릉/MAG+결혼/NNG+하/XSV+자고/EC+해/VV+EC+봐/VX+EC"
          },
          {
            "id": 13,
            "text": "3 : 진짜 미안",
            "norm_text": "진짜 미안",
            "speaker": {
              "id": "3번",
              "sex": "남성",
              "age": "20대"
            },
            "speechAct": "(표현) 사과하기",
            "morpheme": "진짜/MAG+미안/NNG"
          },
          {
            "id": 14,
            "text": "3 : 안 할래 그냥",
            "norm_text": "안 할래 그냥",
            "speaker": {
              "id": "3번",
              "sex": "남성",
              "age": "20대"
            },
            "speechAct": "(단언) 주장하기",
            "morpheme": "안/MAG+할래/VV+EC+그냥/MAG"
          },
          {
            "id": 15,
            "text": "1 : 나한테 계속 물어보던데 니가 안 한다고?",
            "norm_text": "나한테 계속 물어보던데 니가 안 한다고?",
            "speaker": {
              "id": "1번",
              "sex": "여성",
              "age": "20대"
            },
            "speechAct": "(지시) 질문하기",
            "morpheme": "나/NP+한테/JKB+계속/MAG+물/VV+어/EC+보/VX+던데/EC+니/NP+가/JKS+안/MAG+한다고/VV+EF"
          },
          {
            "id": 16,
            "text": "2 : 야 그럼 빨리 정리해",
            "norm_text": "야 그럼 빨리 정리해",
            "speaker": {
              "id": "2번",
              "sex": "남성",
              "age": "20대"
            },
            "speechAct": "(지시) 충고/제안하기",
            "morpheme": "야/IC+그럼/MAJ+빨리/MAG+정리/NNG+해/XSV+EC"
          },
          {
            "id": 17,
            "text": "2  : 상처 주지 말고 키키",
            "norm_text": ": 상처 주지 말고 키키",
            "speaker": {
              "id": "2번",
              "sex": "남성",
              "age": "20대"
            },
            "speechAct": "(단언) 주장하기",
            "morpheme": ":/SC+상처/NNG+주/VV+지/EC+말/VX+고/EC+키/NNG+키/XSV+ETN"
          },
          {
            "id": 18,
            "text": "3 : 돈이 없어 키키",
            "norm_text": "돈이 없어 키키",
            "speaker": {
              "id": "3번",
              "sex": "남성",
              "age": "20대"
            },
            "speechAct": "(단언) 주장하기",
            "morpheme": "돈/NNG+이/JKS+없/VA+어/EC+키/NNG+키/XSV+ETN"
          },
          {
            "id": 19,
            "text": "3 : 준비가 안 됐어",
            "norm_text": "준비가 안 됐어",
            "speaker": {
              "id": "3번",
              "sex": "남성",
              "age": "20대"
            },
            "speechAct": "(단언) 주장하기",
            "morpheme": "준비/NNG+가/JKS+안/MAG+됐/VV+EP+어/EC"
          },
          {
            "id": 20,
            "text": "1 : 결혼에 대한 부담감이 느껴지는 거야?",
            "norm_text": "결혼에 대한 부담감이 느껴지는 거야?",
            "speaker": {
              "id": "1번",
              "sex": "여성",
              "age": "20대"
            },
            "speechAct": "(지시) 질문하기",
            "morpheme": "결혼/NNG+에/JKB+대한/VV+ETM+부담/NNG+감/XSN+이/JKS+느껴/VV+EC+지/VX+는/ETM+거/NNB+야/VCP+EF"
          },
          {
            "id": 21,
            "text": "2 : 그런 거 같은데 돈도 있긴 해야지 키키",
            "norm_text": "그런 거 같은데 돈도 있긴 해야지 키키",
            "speaker": {
              "id": "2번",
              "sex": "남성",
              "age": "20대"
            },
            "speechAct": "(단언) 주장하기",
            "morpheme": "그런/MM+거/NNB+같/VA+은데/EC+돈/NNG+도/JX+있/VX+긴/ETN+JX+해야지/VX+EC+키/NNG+키/XSV+ETN"
          },
          {
            "id": 22,
            "text": "3 : 금전적인 여유가 없다 나는",
            "norm_text": "금전적인 여유가 없다 나는",
            "speaker": {
              "id": "3번",
              "sex": "남성",
              "age": "20대"
            },
            "speechAct": "(단언) 주장하기",
            "morpheme": "금전/NNG+적/XSN+인/VCP+ETM+여유/NNG+가/JKS+없/VA+다/EC+나/VX+는/ETM"
          },
          {
            "id": 23,
            "text": "1 : 아무래도 가장이 되는 거니까 그럴 수 있지",
            "norm_text": "아무래도 가장이 되는 거니까 그럴 수 있지",
            "speaker": {
              "id": "1번",
              "sex": "여성",
              "age": "20대"
            },
            "speechAct": "(단언) 주장하기",
            "morpheme": "아무래도/MAG+가장/NNG+이/JKS+되/VV+는/ETM+거/NNB+니까/VCP+EC+그럴/VV+ETM+수/NNB+있/VV+지/EC"
          },
          {
            "id": 24,
            "text": "2 : 여자친구랑 얘기 한번 잘해 봐",
            "norm_text": "여자친구랑 얘기 한번 잘해 봐",
            "speaker": {
              "id": "2번",
              "sex": "남성",
              "age": "20대"
            },
            "speechAct": "(지시) 충고/제안하기",
            "morpheme": "여자/NNG+친구/NNG+랑/JKB+얘기/NNG+한/MM+번/NNBC+잘/MAG+해/VV+EC+봐/VX+EC"
          },
          {
            "id": 25,
            "text": "3 : 돈이 있어야 가장이 될 수 있지 ㅠㅠ",
            "norm_text": "돈이 있어야 가장이 될 수 있지 ㅠㅠ",
            "speaker": {
              "id": "3번",
              "sex": "남성",
              "age": "20대"
            },
            "speechAct": "(단언) 주장하기",
            "morpheme": "돈/NNG+이/JKS+있/VV+어야/EC+가장/NNG+이/JKS+될/VV+ETM+수/NNB+있/VV+지/EC+ㅠㅠ/UNKNOWN"
          }
        ]
      }
    }
  ]
}