{
  "dataset": {
    "identifier": 127946,
    "name": "NATEON_40_01_set",
    "src_path": "/data/file/cubeManager/PROJECT001/84/txt20211108181225081737/NATEON_40_01_set/",
    "label_path": "/data/file/cubeManager/PROJECT001/84/txt20211108181225081737/NATEON_40_01_set/",
    "category": 2,
    "type": 0
  },
  "licenses": {
    "name": "Apache License 1.0",
    "url": "http://www.apache.org/licenses/LICENSE-1.0"
  },
  "info": [
    {
      "id": 141905,
      "filename": "NATEON_40_01.txt",
      "title": "NATEON_40_01",
      "mediatype": "메신저",
      "medianame": "네이트온",
      "category": "일상대화",
      "date": "2021-11-08",
      "size": 392,
      "annotations": {
        "subject": "식음료",
        "speaker_type": "다자간 대화",
        "size": 392,
        "word_size": 141,
        "text": "1 : 너희 저녁 뭐 먹었어\n2 : 나는 그냥 김밥 두 줄 먹었어 키키\n3 : 나 삼겹살 먹었어 개꿀\n1 : 나 시간이 애매해서 안 먹음 ㅠㅠ\n2 : 헐 엄청 배고프겠네 뭐 좀 먹어 키키\n3 : 김밥 맛있었어? 나는 맛이 없어 김밥\n1 : 나 내일 김밥 사 먹어야겠다\n2 : 어어 김밥이 간단하게 먹기 좋아 키키\n3 : 삼겹살 개 꿀맛 같이 구어 먹자\n1 : 아니면 지금 샐러드 시킬까\n2 : 샐러드 배 안 차 먹지 마 키키\n3 : 간단하게 먹기는 좋지 샐러드 키키\n1 : 샐러드 종류도 너무 많아 키키\n2 : 맞아 그거 새우 올라간 거 맛있더라 키키\n3 : 다같이 만나서 삼겹살이나 먹자\n3 : 약속 잡아\n1 : 그냥 집에 있는 바나나 먹어야지\n2 : 바나나도 배 안 차 다른 거 먹어 키키\n3 : 삼겹살이 최고야 기름기 키키 좔좔",
        "lines": [
          {
            "id": 1,
            "text": "1 : 너희 저녁 뭐 먹었어",
            "norm_text": "너희 저녁 뭐 먹었어",
            "speaker": {
              "id": "1번",
              "sex": "여성",
              "age": "20대"
            },
            "speechAct": "(지시) 질문하기",
            "morpheme": "너희/NP+저녁/NNG+뭐/IC+먹/VV+었/EP+어/EC"
          },
          {
            "id": 2,
            "text": "2 : 나는 그냥 김밥 두 줄 먹었어 키키",
            "norm_text": "나는 그냥 김밥 두 줄 먹었어 키키",
            "speaker": {
              "id": "2번",
              "sex": "남성",
              "age": "20대"
            },
            "speechAct": "(단언) 진술하기",
            "morpheme": "나/NP+는/JX+그냥/MAG+김밥/NNG+두/JX+줄/NNG+먹/VV+었/EP+어/EC+키/NNG+키/XSV+ETN"
          },
          {
            "id": 3,
            "text": "3 : 나 삼겹살 먹었어 개꿀",
            "norm_text": "나 삼겹살 먹었어 개꿀",
            "speaker": {
              "id": "3번",
              "sex": "남성",
              "age": "20대"
            },
            "speechAct": "(단언) 진술하기",
            "morpheme": "나/NP+삼겹살/NNG+먹/VV+었/EP+어/EC+개꿀/NNG"
          },
          {
            "id": 4,
            "text": "1 : 나 시간이 애매해서 안 먹음 ㅠㅠ",
            "norm_text": "나 시간이 애매해서 안 먹음 ㅠㅠ",
            "speaker": {
              "id": "1번",
              "sex": "여성",
              "age": "20대"
            },
            "speechAct": "(단언) 진술하기",
            "morpheme": "나/NP+시간/NNG+이/JKS+애매/XR+해서/XSA+EC+안/MAG+먹/VV+음/ETN+ㅠㅠ/UNKNOWN"
          },
          {
            "id": 5,
            "text": "2 : 헐 엄청 배고프겠네 뭐 좀 먹어 키키",
            "norm_text": "헐 엄청 배고프겠네 뭐 좀 먹어 키키",
            "speaker": {
              "id": "2번",
              "sex": "남성",
              "age": "20대"
            },
            "speechAct": "(지시) 충고/제안하기",
            "morpheme": "헐/IC+엄청/MAG+배고프/VA+겠/EP+네/EF+뭐/IC+좀/MAG+먹/VV+어/EC+키/NNG+키/XSV+ETN"
          },
          {
            "id": 6,
            "text": "3 : 김밥 맛있었어? 나는 맛이 없어 김밥",
            "norm_text": "김밥 맛있었어? 나는 맛이 없어 김밥",
            "speaker": {
              "id": "3번",
              "sex": "남성",
              "age": "20대"
            },
            "speechAct": "(지시) 질문하기",
            "morpheme": "김밥/NNG+맛있/VA+었/EP+어/EF+나/NP+는/JX+맛/NNG+이/JKS+없/VA+어/EC+김밥/NNG"
          },
          {
            "id": 7,
            "text": "1 : 나 내일 김밥 사 먹어야겠다",
            "norm_text": "나 내일 김밥 사 먹어야겠다",
            "speaker": {
              "id": "1번",
              "sex": "여성",
              "age": "20대"
            },
            "speechAct": "(언약) 약속하기(제3자와)/(개인적 수준)",
            "morpheme": "나/NP+내일/MAG+김밥/NNG+사먹/VV+어야/EC+겠다/VX+EP+EC"
          },
          {
            "id": 8,
            "text": "2 : 어어 김밥이 간단하게 먹기 좋아 키키",
            "norm_text": "어어 김밥이 간단하게 먹기 좋아 키키",
            "speaker": {
              "id": "2번",
              "sex": "남성",
              "age": "20대"
            },
            "speechAct": "(단언) 주장하기",
            "morpheme": "어/IC+어/IC+김밥/NNG+이/JKS+간단/XR+하/XSA+게/EC+먹/VV+기/ETN+좋/VA+아/EC+키/NNG+키/XSV+ETN"
          },
          {
            "id": 9,
            "text": "3 : 삼겹살 개 꿀맛 같이 구어 먹자",
            "norm_text": "삼겹살 개 꿀맛 같이 구어 먹자",
            "speaker": {
              "id": "3번",
              "sex": "남성",
              "age": "20대"
            },
            "speechAct": "(지시) 충고/제안하기",
            "morpheme": "삼겹살/NNG+개꿀/NNG+맛/NNG+같이/JKB+구어/NNG+먹/VV+자/EC"
          },
          {
            "id": 10,
            "text": "1 : 아니면 지금 샐러드 시킬까",
            "norm_text": "아니면 지금 샐러드 시킬까",
            "speaker": {
              "id": "1번",
              "sex": "여성",
              "age": "20대"
            },
            "speechAct": "(지시) 질문하기",
            "morpheme": "아니면/MAJ+지금/MAG+샐러드/NNG+시킬까/XSV+EC"
          },
          {
            "id": 11,
            "text": "2 : 샐러드 배 안 차 먹지 마 키키",
            "norm_text": "샐러드 배 안 차 먹지 마 키키",
            "speaker": {
              "id": "2번",
              "sex": "남성",
              "age": "20대"
            },
            "speechAct": "(단언) 반박하기",
            "morpheme": "샐러드/NNG+배/NNB+JKC+안/MAG+차/VV+EC+먹/VV+지/EC+마키/NNG+키/XSV+ETN"
          },
          {
            "id": 12,
            "text": "3 : 간단하게 먹기는 좋지 샐러드 키키",
            "norm_text": "간단하게 먹기는 좋지 샐러드 키키",
            "speaker": {
              "id": "3번",
              "sex": "남성",
              "age": "20대"
            },
            "speechAct": "(단언) 주장하기",
            "morpheme": "간단/XR+하/XSA+게/EC+먹/VV+기/ETN+는/JX+좋/VA+지/EC+샐러드/NNG+키/NNG+키/XSV+ETN"
          },
          {
            "id": 13,
            "text": "1 : 샐러드 종류도 너무 많아 키키",
            "norm_text": "샐러드 종류도 너무 많아 키키",
            "speaker": {
              "id": "1번",
              "sex": "여성",
              "age": "20대"
            },
            "speechAct": "(단언) 주장하기",
            "morpheme": "샐러드/NNG+종류/NNG+도/JX+너무/MAG+많/VA+아/EC+키/NNG+키/XSV+ETN"
          },
          {
            "id": 14,
            "text": "2 : 맞아 그거 새우 올라간 거 맛있더라 키키",
            "norm_text": "맞아 그거 새우 올라간 거 맛있더라 키키",
            "speaker": {
              "id": "2번",
              "sex": "남성",
              "age": "20대"
            },
            "speechAct": "(단언) 주장하기",
            "morpheme": "맞/VV+아/EC+그거/NP+새우/NNG+올라간/VV+ETM+거/NNB+맛있/VA+더라/EC+키/NNG+키/XSV+ETN"
          },
          {
            "id": 15,
            "text": "3 : 다같이 만나서 삼겹살이나 먹자",
            "norm_text": "다같이 만나서 삼겹살이나 먹자",
            "speaker": {
              "id": "3번",
              "sex": "남성",
              "age": "20대"
            },
            "speechAct": "(지시) 명령/요구하기",
            "morpheme": "다/MAG+같이/MAG+만나/VV+서/EC+삼겹살/NNG+이나/JX+먹/VV+자/EC"
          },
          {
            "id": 16,
            "text": "3 : 약속 잡아",
            "norm_text": "약속 잡아",
            "speaker": {
              "id": "3번",
              "sex": "남성",
              "age": "20대"
            },
            "speechAct": "(지시) 명령/요구하기",
            "morpheme": "약속/NNG+잡/VV+아/EC"
          },
          {
            "id": 17,
            "text": "1 : 그냥 집에 있는 바나나 먹어야지",
            "norm_text": "그냥 집에 있는 바나나 먹어야지",
            "speaker": {
              "id": "1번",
              "sex": "여성",
              "age": "20대"
            },
            "speechAct": "(단언) 주장하기",
            "morpheme": "그냥/MAG+집/NNG+에/JKB+있/VV+는/ETM+바나나/NNG+먹/VV+어야지/EC"
          },
          {
            "id": 18,
            "text": "2 : 바나나도 배 안 차 다른 거 먹어 키키",
            "norm_text": "바나나도 배 안 차 다른 거 먹어 키키",
            "speaker": {
              "id": "2번",
              "sex": "남성",
              "age": "20대"
            },
            "speechAct": "(단언) 반박하기",
            "morpheme": "바나나/NNG+도배/NNG+안/MAG+차/VV+EC+다른/MM+거/NNB+먹/VV+어/EC+키/NNG+키/XSV+ETN"
          },
          {
            "id": 19,
            "text": "3 : 삼겹살이 최고야 기름기 키키 좔좔",
            "norm_text": "삼겹살이 최고야 기름기 키키 좔좔",
            "speaker": {
              "id": "3번",
              "sex": "남성",
              "age": "20대"
            },
            "speechAct": "(단언) 주장하기",
            "morpheme": "삼겹살/NNG+이/JKS+최고/NNG+야/VCP+EF+기름기/NNG+키/NNG+키/XSV+ETN+좔좔/MAG"
          }
        ]
      }
    }
  ]
}