{
  "dataset": {
    "identifier": 127917,
    "name": "NATEON_38_12_set",
    "src_path": "/data/file/cubeManager/PROJECT001/84/txt20211108181225058222/NATEON_38_12_set/",
    "label_path": "/data/file/cubeManager/PROJECT001/84/txt20211108181225058222/NATEON_38_12_set/",
    "category": 2,
    "type": 0
  },
  "licenses": {
    "name": "Apache License 1.0",
    "url": "http://www.apache.org/licenses/LICENSE-1.0"
  },
  "info": [
    {
      "id": 141876,
      "filename": "NATEON_38_12.txt",
      "title": "NATEON_38_12",
      "mediatype": "메신저",
      "medianame": "네이트온",
      "category": "일상대화",
      "date": "2021-11-08",
      "size": 434,
      "annotations": {
        "subject": "여행",
        "speaker_type": "다자간 대화",
        "size": 434,
        "word_size": 154,
        "text": "1 : 나 오빠네처럼 태안 놀러 가려고\n2 : 오 너도 드디어 태안 가는구나 키키\n3 : 태안 좋아 꼭 가 키키\n1 : 태안 여행지 좀 추천해줘\n2 : 좋은데 알려줘 나도 알아두게 키키\n3 : 난 거기서 바다 보고 빛 축제랑 카트 탔어 키키\n1 : 거기는 가면 사람 많아?\n2 : 태안은 사람 별로 없을 거 같아 키키\n3 : 많은 데는 있고 넉넉해 키키 많이 복잡 하지는 않아\n1 : 태안에도 루지가 있어?\n1 : 카트랑 다른 거야?\n2 : 오 넉넉하면 내가 딱 좋아하는 스타일 키키\n3 : 루지는 아니고 카트 라이더 체험장 있어 키키\n1 : 오오... 나 카트 진짜 좋아하는데\n2 : 그럼 너 태안 가서 카트 타면 되겠다 키키\n3 : 가서 타 키키\n3 : 근데 그거 등 엄청 아파 키키\n1 : 다음에 태안 놀러 가서 연락 할께 하하\n2 : 가서 카트 타고 영상 해줘 키키\n3 : 응 가서 연락해 알려줄게 키키",
        "lines": [
          {
            "id": 1,
            "text": "1 : 나 오빠네처럼 태안 놀러 가려고",
            "norm_text": "나 오빠네처럼 태안 놀러 가려고",
            "speaker": {
              "id": "1번",
              "sex": "여성",
              "age": "20대"
            },
            "speechAct": "(단언) 주장하기",
            "morpheme": "나/NP+오빠/NNG+네/XSN+처럼/JKB+태안/NNG+놀/VV+러/EC+가/VX+려고/EC"
          },
          {
            "id": 2,
            "text": "2 : 오 너도 드디어 태안 가는구나 키키",
            "norm_text": "오 너도 드디어 태안 가는구나 키키",
            "speaker": {
              "id": "2번",
              "sex": "여성",
              "age": "20대"
            },
            "speechAct": "(단언) 진술하기",
            "morpheme": "오너/NNG+도/JX+드디어/MAG+태안/NNG+가/VV+는구나/EF+키/NNG+키/XSV+ETN"
          },
          {
            "id": 3,
            "text": "3 : 태안 좋아 꼭 가 키키",
            "norm_text": "태안 좋아 꼭 가 키키",
            "speaker": {
              "id": "3번",
              "sex": "남성",
              "age": "20대"
            },
            "speechAct": "(단언) 주장하기",
            "morpheme": "태안좋아꼭가키키/UNKNOWN"
          },
          {
            "id": 4,
            "text": "1 : 태안 여행지 좀 추천해줘",
            "norm_text": "태안 여행지 좀 추천해줘",
            "speaker": {
              "id": "1번",
              "sex": "여성",
              "age": "20대"
            },
            "speechAct": "(지시) 부탁하기",
            "morpheme": "태안/NNP+여행지/NNG+좀/MAG+추천/NNG+해/XSV+EC+줘/VX+EC"
          },
          {
            "id": 5,
            "text": "2 : 좋은데 알려줘 나도 알아두게 키키",
            "norm_text": "좋은데 알려줘 나도 알아두게 키키",
            "speaker": {
              "id": "2번",
              "sex": "여성",
              "age": "20대"
            },
            "speechAct": "(지시) 부탁하기",
            "morpheme": "좋/VA+은/ETM+데/NNB+알려줘/VV+EC+VX+EC+나/NP+도/JX+알/VV+아/EC+두/VX+게/EC+키/NNG+키/XSV+ETN"
          },
          {
            "id": 6,
            "text": "3 : 난 거기서 바다 보고 빛 축제랑 카트 탔어 키키",
            "norm_text": "난 거기서 바다 보고 빛 축제랑 카트 탔어 키키",
            "speaker": {
              "id": "3번",
              "sex": "남성",
              "age": "20대"
            },
            "speechAct": "(단언) 진술하기",
            "morpheme": "난/NP+JX+거기/NP+서/JKB+바다/NNG+보고/JKB+빛/NNG+축제/NNG+랑/JKB+카트/NNG+탔/VV+EP+어/EC+키/NNG+키/XSV+ETN"
          },
          {
            "id": 7,
            "text": "1 : 거기는 가면 사람 많아?",
            "norm_text": "거기는 가면 사람 많아?",
            "speaker": {
              "id": "1번",
              "sex": "여성",
              "age": "20대"
            },
            "speechAct": "(지시) 질문하기",
            "morpheme": "거기/NP+는/JX+가/VV+면/EC+사람/NNG+많/VA+아/EF"
          },
          {
            "id": 8,
            "text": "2 : 태안은 사람 별로 없을 거 같아 키키",
            "norm_text": "태안은 사람 별로 없을 거 같아 키키",
            "speaker": {
              "id": "2번",
              "sex": "여성",
              "age": "20대"
            },
            "speechAct": "(단언) 주장하기",
            "morpheme": "태안/NNP+은/JX+사람/NNG+별/XSN+로/JKB+없/VA+을/ETM+거/NNB+같/VA+아/EC+키/NNG+키/XSV+ETN"
          },
          {
            "id": 9,
            "text": "3 : 많은 데는 있고 넉넉해 키키 많이 복잡 하지는 않아",
            "norm_text": "많은 데는 있고 넉넉해 키키 많이 복잡 하지는 않아",
            "speaker": {
              "id": "3번",
              "sex": "남성",
              "age": "20대"
            },
            "speechAct": "(단언) 진술하기",
            "morpheme": "많/VA+은/ETM+데/NNB+는/JX+있/VX+고/EC+넉넉/XR+해/XSA+EC+키/NNG+키/NNG+많이/MAG+복잡/XR+하/XSA+지/EC+는/JX+않/VX+아/EC"
          },
          {
            "id": 10,
            "text": "1 : 태안에도 루지가 있어?",
            "norm_text": "태안에도 루지가 있어?",
            "speaker": {
              "id": "1번",
              "sex": "여성",
              "age": "20대"
            },
            "speechAct": "(지시) 질문하기",
            "morpheme": "태안/NNP+에/JKB+도/JX+루지/NNG+가/JKS+있/VA+어/EF"
          },
          {
            "id": 11,
            "text": "1 : 카트랑 다른 거야?",
            "norm_text": "카트랑 다른 거야?",
            "speaker": {
              "id": "1번",
              "sex": "여성",
              "age": "20대"
            },
            "speechAct": "(지시) 질문하기",
            "morpheme": "카트/NNG+랑/JKB+다른/VA+ETM+거/NNB+야/VCP+EF"
          },
          {
            "id": 12,
            "text": "2 : 오 넉넉하면 내가 딱 좋아하는 스타일 키키",
            "norm_text": "오 넉넉하면 내가 딱 좋아하는 스타일 키키",
            "speaker": {
              "id": "2번",
              "sex": "여성",
              "age": "20대"
            },
            "speechAct": "(단언) 진술하기",
            "morpheme": "오/NR+넉/NR+넉/NR+하/VV+면/EC+내/NP+가/JKS+딱/MAG+좋/VA+아/EC+하/VV+는/ETM+스타일/NNG+키/NNG+키/XSV+ETN"
          },
          {
            "id": 13,
            "text": "3 : 루지는 아니고 카트 라이더 체험장 있어 키키",
            "norm_text": "루지는 아니고 카트 라이더 체험장 있어 키키",
            "speaker": {
              "id": "3번",
              "sex": "남성",
              "age": "20대"
            },
            "speechAct": "(단언) 진술하기",
            "morpheme": "루지/NNG+는/JX+아니/VCN+고/EC+카트라이더/NNP+체험/NNG+장/NNG+있/VV+어/EC+키/NNG+키/XSV+ETN"
          },
          {
            "id": 14,
            "text": "1 : 오오... 나 카트 진짜 좋아하는데",
            "norm_text": "오오... 나 카트 진짜 좋아하는데",
            "speaker": {
              "id": "1번",
              "sex": "여성",
              "age": "20대"
            },
            "speechAct": "(단언) 진술하기",
            "morpheme": "오오/IC+./SY+나/NP+카트/NNG+진짜/MAG+좋/VA+아/EC+하/VV+는데/EC"
          },
          {
            "id": 15,
            "text": "2 : 그럼 너 태안 가서 카트 타면 되겠다 키키",
            "norm_text": "그럼 너 태안 가서 카트 타면 되겠다 키키",
            "speaker": {
              "id": "2번",
              "sex": "여성",
              "age": "20대"
            },
            "speechAct": "(단언) 주장하기",
            "morpheme": "그럼/MAJ+너/NP+태안/NNG+가/VV+서/EC+카트/NNG+타/VV+면/EC+되/VV+겠/EP+다키키/NNP"
          },
          {
            "id": 16,
            "text": "3 : 가서 타 키키",
            "norm_text": "가서 타 키키",
            "speaker": {
              "id": "3번",
              "sex": "남성",
              "age": "20대"
            },
            "speechAct": "(지시) 명령/요구하기",
            "morpheme": "가/VV+서/EC+타/MM+키/NNG+키/XSV+ETN"
          },
          {
            "id": 17,
            "text": "3 : 근데 그거 등 엄청 아파 키키",
            "norm_text": "근데 그거 등 엄청 아파 키키",
            "speaker": {
              "id": "3번",
              "sex": "남성",
              "age": "20대"
            },
            "speechAct": "(단언) 진술하기",
            "morpheme": "근데/MAJ+그거/NP+등/NNB+엄청/MAG+아파/VA+EC+키/NNG+키/XSV+ETN"
          },
          {
            "id": 18,
            "text": "1 : 다음에 태안 놀러 가서 연락 할께 하하",
            "norm_text": "다음에 태안 놀러 가서 연락 할께 하하",
            "speaker": {
              "id": "1번",
              "sex": "여성",
              "age": "20대"
            },
            "speechAct": "(언약) 약속하기(제3자와)/(개인적 수준)",
            "morpheme": "다음/NNG+에/JKB+태안/NNG+놀/VV+러/EC+가/VX+서/EC+연락/NNG+할께/XSV+EC+하하/MAG"
          },
          {
            "id": 19,
            "text": "2 : 가서 카트 타고 영상 해줘 키키",
            "norm_text": "가서 카트 타고 영상 해줘 키키",
            "speaker": {
              "id": "2번",
              "sex": "여성",
              "age": "20대"
            },
            "speechAct": "(지시) 명령/요구하기",
            "morpheme": "가/VV+서/EC+카트/NNG+타/VV+고/EC+영상/NNG+해/XSV+EC+줘/VX+EC+키/NNG+키/XSV+ETN"
          },
          {
            "id": 20,
            "text": "3 : 응 가서 연락해 알려줄게 키키",
            "norm_text": "응 가서 연락해 알려줄게 키키",
            "speaker": {
              "id": "3번",
              "sex": "남성",
              "age": "20대"
            },
            "speechAct": "(언약) 약속하기(제3자와)/(개인적 수준)",
            "morpheme": "응가/NNG+서/JKB+연락/NNG+해/XSV+EC+알려/VV+EC+줄/VX+ETM+게/NNB+JKS+키/NNG+키/XSV+ETN"
          }
        ]
      }
    }
  ]
}