{
  "dataset": {
    "identifier": 530,
    "name": "NATEON_24_01_set",
    "src_path": "/data/file/cubeManager/PROJECT001/7/txt20210827181432054462/NATEON_24_01_set/",
    "label_path": "/data/file/cubeManager/PROJECT001/7/txt20210827181432054462/NATEON_24_01_set/",
    "category": 2,
    "type": 0
  },
  "licenses": {
    "name": "Apache License 1.0",
    "url": "http://www.apache.org/licenses/LICENSE-1.0"
  },
  "info": [
    {
      "id": 848,
      "filename": "NATEON_24_01.txt",
      "title": "NATEON_24_01",
      "mediatype": "메신저",
      "medianame": "네이트온",
      "category": "일상대화",
      "date": "2021-08-27",
      "size": 557,
      "annotations": {
        "subject": "식음료",
        "speaker_type": "1:1",
        "size": 557,
        "word_size": 187,
        "text": "1 : 평소에 음료 어떤 거 마셔?\n2 : 나는 달달한 음료를 주로 마셔\n2 : 너는 어떤 거 마셔?\n1 : 나는 아이스 아메리카노도 좋아하고 달달한 것도 가끔 마셔!\n2 : 제일 좋아하는 음식은 뭐야?\n1 : 떡볶이 제일 좋아해\n1 : 너는?\n2 : 나도 떡볶이 좋아하고 곱창도 완전 좋아해!\n2 : 그럼 안 먹는 음식은 있어?\n1 : 안 먹는 음식은 딱히 없는 거 같애 키키\n1 : 다 잘 먹어\n2 : 나도 안 먹는 음식은 거의 없지만 맛있는 것만 먹는다!\n1 : 우리 저번에 배달시켜서 먹은 노티드 진짜 맛있었지?\n2 : 맞아 먹어본 도넛 중에 진짜 손꼽히더라\n2 : 오늘 점심은 뭐 먹을 거야?\n1 : 나는 스타벅스에서 단호박 샌드위치 사왔지~\n1 : 넌 뭐 먹을 거야?\n2 : 나는 못 사와서 뭐 먹을지 모르겠다\n2 : 추천 좀 해줘!\n1 : 컵밥도 종류가 다양해서 먹을 거 꽤 많던데 컵밥은 어때?\n2 : 컵밥 좋지\n2 : 이제 주말인데 저녁엔 뭐 먹을 거야?\n1 : 오늘 저녁은 양꼬치 먹으러 갈까 생각 중이야!\n1 : 양꼬치 좋아해?\n2 : 완전 좋아하지\n2 : 역삼에 맛있는 데가 있는데 안 정했으면 거기로 가는 거 추천해!",
        "lines": [
          {
            "id": 1,
            "text": "1 : 평소에 음료 어떤 거 마셔?",
            "norm_text": "평소에 음료 어떤 거 마셔?",
            "speaker": {
              "id": "1번",
              "sex": "여성",
              "age": "20대"
            },
            "speechAct": "(지시) 질문하기",
            "morpheme": "평소/NNG+에/JKB+음료/NNG+어떤/MM+거/NNB+마셔/VV+EF"
          },
          {
            "id": 2,
            "text": "2 : 나는 달달한 음료를 주로 마셔",
            "norm_text": "나는 달달한 음료를 주로 마셔",
            "speaker": {
              "id": "2번",
              "sex": "여성",
              "age": "20대"
            },
            "speechAct": "(단언) 주장하기",
            "morpheme": "나/NP+는/JX+달달/MAG+한/XSA+ETM+음료/NNG+를/JKO+주로/MAG+마셔/VV+EC"
          },
          {
            "id": 3,
            "text": "2 : 너는 어떤 거 마셔?",
            "norm_text": "너는 어떤 거 마셔?",
            "speaker": {
              "id": "2번",
              "sex": "여성",
              "age": "20대"
            },
            "speechAct": "(지시) 질문하기",
            "morpheme": "너/NP+는/JX+어떤/MM+거/NNB+마셔/VV+EF"
          },
          {
            "id": 4,
            "text": "1 : 나는 아이스 아메리카노도 좋아하고 달달한 것도 가끔 마셔!",
            "norm_text": "나는 아이스 아메리카노도 좋아하고 달달한 것도 가끔 마셔!",
            "speaker": {
              "id": "1번",
              "sex": "여성",
              "age": "20대"
            },
            "speechAct": "(단언) 주장하기",
            "morpheme": "나/NP+는/JX+아이스/NNP+아메리카노/NNP+도/JX+좋/VA+아/EC+하/VV+고/EC+달달/MAG+한/XSA+ETM+것/NNB+도/JX+가끔/MAG+마셔/VV+EF"
          },
          {
            "id": 5,
            "text": "2 : 제일 좋아하는 음식은 뭐야?",
            "norm_text": "제일 좋아하는 음식은 뭐야?",
            "speaker": {
              "id": "2번",
              "sex": "여성",
              "age": "20대"
            },
            "speechAct": "(지시) 질문하기",
            "morpheme": "제일/MAG+좋/VA+아/EC+하/VV+는/ETM+음식/NNG+은/JX+뭐/NP+야/VCP+EF"
          },
          {
            "id": 6,
            "text": "1 : 떡볶이 제일 좋아해",
            "norm_text": "떡볶이 제일 좋아해",
            "speaker": {
              "id": "1번",
              "sex": "여성",
              "age": "20대"
            },
            "speechAct": "(단언) 주장하기",
            "morpheme": "떡볶이/NNG+제일/MAG+좋아해/VV+EC"
          },
          {
            "id": 7,
            "text": "1 : 너는?",
            "norm_text": "너는?",
            "speaker": {
              "id": "1번",
              "sex": "여성",
              "age": "20대"
            },
            "speechAct": "(지시) 질문하기",
            "morpheme": "너/NP+는/JX"
          },
          {
            "id": 8,
            "text": "2 : 나도 떡볶이 좋아하고 곱창도 완전 좋아해!",
            "norm_text": "나도 떡볶이 좋아하고 곱창도 완전 좋아해!",
            "speaker": {
              "id": "2번",
              "sex": "여성",
              "age": "20대"
            },
            "speechAct": "(단언) 주장하기",
            "morpheme": "나/NP+도/JX+떡볶이/NNG+좋/VA+아/EC+하/VV+고/EC+곱창/NNG+도/JX+완전/MAG+좋/VA+아/EC+해/VX+EF"
          },
          {
            "id": 9,
            "text": "2 : 그럼 안 먹는 음식은 있어?",
            "norm_text": "그럼 안 먹는 음식은 있어?",
            "speaker": {
              "id": "2번",
              "sex": "여성",
              "age": "20대"
            },
            "speechAct": "(지시) 질문하기",
            "morpheme": "그럼/MAJ+안/MAG+먹/VV+는/ETM+음식/NNG+은/JX+있/VA+어/EF"
          },
          {
            "id": 10,
            "text": "1 : 안 먹는 음식은 딱히 없는 거 같애 키키",
            "norm_text": "안 먹는 음식은 딱히 없는 거 같애 키키",
            "speaker": {
              "id": "1번",
              "sex": "여성",
              "age": "20대"
            },
            "speechAct": "(단언) 주장하기",
            "morpheme": "안/MAG+먹/VV+는/ETM+음식/NNG+은/JX+딱히/MAG+없/VA+는/ETM+거/NNB+같/VA+애/EF+키/NNG+키/XSV+ETN"
          },
          {
            "id": 11,
            "text": "1 : 다 잘 먹어",
            "norm_text": "다 잘 먹어",
            "speaker": {
              "id": "1번",
              "sex": "여성",
              "age": "20대"
            },
            "speechAct": "(단언) 주장하기",
            "morpheme": "다/MAG+잘/MAG+먹/VV+어/EC"
          },
          {
            "id": 12,
            "text": "2 : 나도 안 먹는 음식은 거의 없지만 맛있는 것만 먹는다!",
            "norm_text": "나도 안 먹는 음식은 거의 없지만 맛있는 것만 먹는다!",
            "speaker": {
              "id": "2번",
              "sex": "여성",
              "age": "20대"
            },
            "speechAct": "(단언) 주장하기",
            "morpheme": "나/NP+도/JX+안/MAG+먹/VV+는/ETM+음식/NNG+은/JX+거의/MAG+없/VA+지만/EC+맛있/VA+는/ETM+것/NNB+만/JX+먹/VV+는다/EF"
          },
          {
            "id": 13,
            "text": "1 : 우리 저번에 배달시켜서 먹은 노티드 진짜 맛있었지?",
            "norm_text": "우리 저번에 배달시켜서 먹은 노티드 진짜 맛있었지?",
            "speaker": {
              "id": "1번",
              "sex": "여성",
              "age": "20대"
            },
            "speechAct": "(지시) 질문하기",
            "morpheme": "우리/NP+저번/NNG+에/JKB+배달/NNG+시켜서/XSV+EC+먹/VV+은/ETM+노티/NNG+드/NNG+진짜/MAG+맛있/VA+었/EP+지/EF"
          },
          {
            "id": 14,
            "text": "2 : 맞아 먹어본 도넛 중에 진짜 손꼽히더라",
            "norm_text": "맞아 먹어본 도넛 중에 진짜 손꼽히더라",
            "speaker": {
              "id": "2번",
              "sex": "여성",
              "age": "20대"
            },
            "speechAct": "(단언) 주장하기",
            "morpheme": "맞/VV+아/EC+먹/VV+어/EC+본/VX+ETM+도넛/NNG+중/NNB+에/JKB+진짜/MAG+손꼽히/VV+더라/EC"
          },
          {
            "id": 15,
            "text": "2 : 오늘 점심은 뭐 먹을 거야?",
            "norm_text": "오늘 점심은 뭐 먹을 거야?",
            "speaker": {
              "id": "2번",
              "sex": "여성",
              "age": "20대"
            },
            "speechAct": "(지시) 질문하기",
            "morpheme": "오늘/MAG+점심/NNG+은/JX+뭐/IC+먹/VV+을/ETM+거/NNB+야/VCP+EF"
          },
          {
            "id": 16,
            "text": "1 : 나는 스타벅스에서 단호박 샌드위치 사왔지~",
            "norm_text": "나는 스타벅스에서 단호박 샌드위치 사왔지~",
            "speaker": {
              "id": "1번",
              "sex": "여성",
              "age": "20대"
            },
            "speechAct": "(단언) 진술하기",
            "morpheme": "나/NP+는/JX+스타/NNG+벅스/NNP+에서/JKB+단호박/NNG+샌드위치/NNG+사/VV+EC+왔/VX+EP+지/EC+~/SY"
          },
          {
            "id": 17,
            "text": "1 : 넌 뭐 먹을 거야?",
            "norm_text": "넌 뭐 먹을 거야?",
            "speaker": {
              "id": "1번",
              "sex": "여성",
              "age": "20대"
            },
            "speechAct": "(지시) 질문하기",
            "morpheme": "넌/NP+JX+뭐/NP+먹/VV+을/ETM+거/NNB+야/VCP+EF"
          },
          {
            "id": 18,
            "text": "2 : 나는 못 사와서 뭐 먹을지 모르겠다",
            "norm_text": "나는 못 사와서 뭐 먹을지 모르겠다",
            "speaker": {
              "id": "2번",
              "sex": "여성",
              "age": "20대"
            },
            "speechAct": "(단언) 주장하기",
            "morpheme": "나/NP+는/JX+못/MAG+사/VV+EC+와서/VV+EC+뭐/IC+먹/VV+을지/EC+모르/VV+겠/EP+다/EC"
          },
          {
            "id": 19,
            "text": "2 : 추천 좀 해줘!",
            "norm_text": "추천 좀 해줘!",
            "speaker": {
              "id": "2번",
              "sex": "여성",
              "age": "20대"
            },
            "speechAct": "(지시) 부탁하기",
            "morpheme": "추천/NNG+좀/MAG+해/VV+EC+줘/VX+EF"
          },
          {
            "id": 20,
            "text": "1 : 컵밥도 종류가 다양해서 먹을 거 꽤 많던데 컵밥은 어때?",
            "norm_text": "컵밥도 종류가 다양해서 먹을 거 꽤 많던데 컵밥은 어때?",
            "speaker": {
              "id": "1번",
              "sex": "여성",
              "age": "20대"
            },
            "speechAct": "(지시) 충고/제안하기",
            "morpheme": "컵/NNG+밥/NNG+도/JX+종류/NNG+가/JKS+다양/NNG+해서/XSV+EC+먹/VV+을/ETM+거/NNB+꽤/MAG+많/VA+던데/EC+컵/NNG+밥/NNG+은/JX+어때/VA+EF"
          },
          {
            "id": 21,
            "text": "2 : 컵밥 좋지",
            "norm_text": "컵밥 좋지",
            "speaker": {
              "id": "2번",
              "sex": "여성",
              "age": "20대"
            },
            "speechAct": "(단언) 주장하기",
            "morpheme": "컵/NNG+밥/NNG+좋/VA+지/EC"
          },
          {
            "id": 22,
            "text": "2 : 이제 주말인데 저녁엔 뭐 먹을 거야?",
            "norm_text": "이제 주말인데 저녁엔 뭐 먹을 거야?",
            "speaker": {
              "id": "2번",
              "sex": "여성",
              "age": "20대"
            },
            "speechAct": "(지시) 질문하기",
            "morpheme": "이제/MAG+주말/NNG+인데/VCP+EC+저녁/NNG+엔/JKB+JX+뭐/NP+먹/VV+을/ETM+거/NNB+야/VCP+EF"
          },
          {
            "id": 23,
            "text": "1 : 오늘 저녁은 양꼬치 먹으러 갈까 생각 중이야!",
            "norm_text": "오늘 저녁은 양꼬치 먹으러 갈까 생각 중이야!",
            "speaker": {
              "id": "1번",
              "sex": "여성",
              "age": "20대"
            },
            "speechAct": "(단언) 주장하기",
            "morpheme": "오늘/MAG+저녁/NNG+은/JX+양/MM+꼬치/NNG+먹/VV+으러/EC+갈까/VV+EC+생각/NNG+중/NNB+이/VCP+야/EF"
          },
          {
            "id": 24,
            "text": "1 : 양꼬치 좋아해?",
            "norm_text": "양꼬치 좋아해?",
            "speaker": {
              "id": "1번",
              "sex": "여성",
              "age": "20대"
            },
            "speechAct": "(지시) 질문하기",
            "morpheme": "양/MM+꼬치/NNG+좋/VA+아/EC+해/VX+EF"
          },
          {
            "id": 25,
            "text": "2 : 완전 좋아하지",
            "norm_text": "완전 좋아하지",
            "speaker": {
              "id": "2번",
              "sex": "여성",
              "age": "20대"
            },
            "speechAct": "(단언) 주장하기",
            "morpheme": "완전/MAG+좋/VA+아/EC+하/VV+지/EC"
          },
          {
            "id": 26,
            "text": "2 : 역삼에 맛있는 데가 있는데 안 정했으면 거기로 가는 거 추천해!",
            "norm_text": "역삼에 맛있는 데가 있는데 안 정했으면 거기로 가는 거 추천해!",
            "speaker": {
              "id": "2번",
              "sex": "여성",
              "age": "20대"
            },
            "speechAct": "(단언) 주장하기",
            "morpheme": "역삼/NNG+에/JKB+맛있/VA+는/ETM+데/NNB+가/JKS+있/VA+는데/EC+안정/NNG+했/XSV+EP+으면/EC+거기/NP+로/JKB+가/VV+는/ETM+거/NNB+추천/NNG+해/XSV+EF"
          }
        ]
      }
    }
  ]
}