{
  "dataset": {
    "identifier": 128854,
    "name": "NATEON_25_14_set",
    "src_path": "/data/file/cubeManager/PROJECT001/84/txt20211109145245012450/NATEON_25_14_set/",
    "label_path": "/data/file/cubeManager/PROJECT001/84/txt20211109145245012450/NATEON_25_14_set/",
    "category": 2,
    "type": 0
  },
  "licenses": {
    "name": "Apache License 1.0",
    "url": "http://www.apache.org/licenses/LICENSE-1.0"
  },
  "info": [
    {
      "id": 143359,
      "filename": "NATEON_25_14.txt",
      "title": "NATEON_25_14",
      "mediatype": "메신저",
      "medianame": "네이트온",
      "category": "일상대화",
      "date": "2021-11-09",
      "size": 647,
      "annotations": {
        "subject": "사회이슈",
        "speaker_type": "1:1",
        "size": 647,
        "word_size": 203,
        "text": "1 : 언니 코로나 백신 종류가 뭐 뭐가 있더라?\n2 : 내가 아는 건 우선 모더나랑 화이자랑 또 뭐 있었지?\n1 : 아스트라제네카랑 얀센이 있어!\n2 : 아 맞다 맞다! 그거 다 2번씩 맞는 건가?\n1 : 아마 아스트라제네카는 1차, 2차 접종을 해야 되는 걸로 알고 있어.\n1 : 다른 건 어떻지?\n2 : 얀센은 아마 1번일 걸?\n2 : 근데 2차 맞는 기간은 다 달랐던 거 같은데 맞나...?\n1 : 아마 그럴걸?\n1 : 2차 맞는 기간이 얼마 후인데?\n2 : 잘 모르는데... 아스트라제네카는 6주 뒤에 맞았던 거 같아.\n2 : 너는 이번에 백신 신청하면 뭐 맞아?\n1 : 이번에 우리 신청하는 백신은 종류가 무엇이지?\n2 : 아 백신을 신청하는 거야?\n2 : 그냥 주사만 신청하면 알아서 주는 거 아니었어?\n1 : 아~ 이번에 우리가 맞는 종류는 화이자랑, 모더나래. 물량에 따라 달라지는 거 같더라고?\n2 : 아! 우리는 아스트라는 아니구나 청년들 부작용 많다고 했었다.\n2 : 넌 더 맞고 싶은 백신 있어?\n1 : 화이자가 1 순위이긴 한데 물량이 없다면 아마 모더나...?\n1 : 언니는?\n2 : 모더나가 더 예방률?이 좋다고 본 거 같아서 그거 맞고 싶어 난!\n1 : 그렇구나!\n1 : 신청 시작이 벌써 다음 주야! 떨린다.\n1 : 언니는 긴장 안 돼?\n2 : 응 나는 긴장 안 돼!",
        "lines": [
          {
            "id": 1,
            "text": "1 : 언니 코로나 백신 종류가 뭐 뭐가 있더라?",
            "norm_text": "언니 코로나 백신 종류가 뭐 뭐가 있더라?",
            "speaker": {
              "id": "1번",
              "sex": "여성",
              "age": "20대"
            },
            "speechAct": "(지시) 질문하기",
            "morpheme": "언니/NNG+코로나/NNG+백신/NNG+종류/NNG+가/JKS+뭐뭐/NP+가/JKS+있/VA+더라/EF"
          },
          {
            "id": 2,
            "text": "2 : 내가 아는 건 우선 모더나랑 화이자랑 또 뭐 있었지?",
            "norm_text": "내가 아는 건 우선 모더나랑 화이자랑 또 뭐 있었지?",
            "speaker": {
              "id": "2번",
              "sex": "여성",
              "age": "20대"
            },
            "speechAct": "(지시) 질문하기",
            "morpheme": "내/NP+가/JKS+아/VV+는/ETM+건/NNB+JX+우선/MAG+모/IC+더/MAG+나/NP+랑/JC+화이자/NNP+랑/JC+또/MAG+뭐/IC+있/VA+었/EP+지/EF"
          },
          {
            "id": 3,
            "text": "1 : 아스트라제네카랑 얀센이 있어!",
            "norm_text": "아스트라제네카랑 얀센이 있어!",
            "speaker": {
              "id": "1번",
              "sex": "여성",
              "age": "20대"
            },
            "speechAct": "(단언) 진술하기",
            "morpheme": "아스트라/NNP+제/NP+네/XSN+카/NNG+랑/JKB+얀센/NNG+이/JKS+있/VA+어/EF"
          },
          {
            "id": 4,
            "text": "2 : 아 맞다 맞다! 그거 다 2번씩 맞는 건가?",
            "norm_text": "아 맞다 맞다! 그거 다 2번씩 맞는 건가?",
            "speaker": {
              "id": "2번",
              "sex": "여성",
              "age": "20대"
            },
            "speechAct": "(지시) 질문하기",
            "morpheme": "아/IC+맞/VV+다/EC+맞/VV+다/EF+그거/NP+다/JX+2/SN+번/NNBC+씩/XSN+맞/VV+는/ETM+건가/NNB+VCP+EF"
          },
          {
            "id": 5,
            "text": "1 : 아마 아스트라제네카는 1차, 2차 접종을 해야 되는 걸로 알고 있어.",
            "norm_text": "아마 아스트라제네카는 1차, 2차 접종을 해야 되는 걸로 알고 있어.",
            "speaker": {
              "id": "1번",
              "sex": "여성",
              "age": "20대"
            },
            "speechAct": "(단언) 진술하기",
            "morpheme": "아마/MAG+아스트라/NNP+제/NP+네/XSN+카/NNG+는/JX+1/SN+차/NNBC+,/SC+2/SN+차/NNBC+접종/NNG+을/JKO+해야/VV+EC+되/VV+는/ETM+걸로/NNB+JKB+알/VV+고/EC+있/VX+어/EF"
          },
          {
            "id": 6,
            "text": "1 : 다른 건 어떻지?",
            "norm_text": "다른 건 어떻지?",
            "speaker": {
              "id": "1번",
              "sex": "여성",
              "age": "20대"
            },
            "speechAct": "(지시) 질문하기",
            "morpheme": "다른/MM+건/NNB+JX+어떻/VA+지/EF"
          },
          {
            "id": 7,
            "text": "2 : 얀센은 아마 1번일 걸?",
            "norm_text": "얀센은 아마 1번일 걸?",
            "speaker": {
              "id": "2번",
              "sex": "여성",
              "age": "20대"
            },
            "speechAct": "(단언) 진술하기",
            "morpheme": "얀센/NNP+은/JX+아마/MAG+1/SN+번/NNBC+일걸/VCP+EF"
          },
          {
            "id": 8,
            "text": "2 : 근데 2차 맞는 기간은 다 달랐던 거 같은데 맞나...?",
            "norm_text": "근데 2차 맞는 기간은 다 달랐던 거 같은데 맞나...?",
            "speaker": {
              "id": "2번",
              "sex": "여성",
              "age": "20대"
            },
            "speechAct": "(지시) 질문하기",
            "morpheme": "근데/MAJ+2/SN+차/NNBC+맞/VV+는/ETM+기간/NNG+은/JX+다/MAG+달랐/VA+EP+던/ETM+거/NNB+같/VA+은/ETM+데/NNB+맞/VV+나/EF+./SY+./SY"
          },
          {
            "id": 9,
            "text": "1 : 아마 그럴걸?",
            "norm_text": "아마 그럴걸?",
            "speaker": {
              "id": "1번",
              "sex": "여성",
              "age": "20대"
            },
            "speechAct": "(단언) 진술하기",
            "morpheme": "아마/MAG+그럴걸/VV+EF"
          },
          {
            "id": 10,
            "text": "1 : 2차 맞는 기간이 얼마 후인데?",
            "norm_text": "2차 맞는 기간이 얼마 후인데?",
            "speaker": {
              "id": "1번",
              "sex": "여성",
              "age": "20대"
            },
            "speechAct": "(지시) 질문하기",
            "morpheme": "2/SN+차/NNBC+맞/VV+는/ETM+기간/NNG+이/JKS+얼마/NNG+후/NNG+인데/VCP+EF"
          },
          {
            "id": 11,
            "text": "2 : 잘 모르는데... 아스트라제네카는 6주 뒤에 맞았던 거 같아.",
            "norm_text": "잘 모르는데... 아스트라제네카는 6주 뒤에 맞았던 거 같아.",
            "speaker": {
              "id": "2번",
              "sex": "여성",
              "age": "20대"
            },
            "speechAct": "(단언) 진술하기",
            "morpheme": "잘/MAG+모르/VV+는데/EC+./SY+./SY+아스트라/NNP+제/NP+네/XSN+카/NNG+는/JX+6/SN+주/NNBC+뒤/NNG+에/JKB+맞/VV+았/EP+던/ETM+거/NNB+같/VA+아/EF"
          },
          {
            "id": 12,
            "text": "2 : 너는 이번에 백신 신청하면 뭐 맞아?",
            "norm_text": "너는 이번에 백신 신청하면 뭐 맞아?",
            "speaker": {
              "id": "2번",
              "sex": "여성",
              "age": "20대"
            },
            "speechAct": "(지시) 질문하기",
            "morpheme": "너/NP+는/JX+이번/NNG+에/JKB+백신/NNG+신청/NNG+하/XSV+면/EC+뭐/IC+맞/VV+아/EF"
          },
          {
            "id": 13,
            "text": "1 : 이번에 우리 신청하는 백신은 종류가 무엇이지?",
            "norm_text": "이번에 우리 신청하는 백신은 종류가 무엇이지?",
            "speaker": {
              "id": "1번",
              "sex": "여성",
              "age": "20대"
            },
            "speechAct": "(지시) 질문하기",
            "morpheme": "이번/NNG+에/JKB+우리/NP+신청/NNG+하/XSV+는/ETM+백신/NNG+은/JX+종류/NNG+가/JKS+무엇/NP+이/VCP+지/EF"
          },
          {
            "id": 14,
            "text": "2 : 아 백신을 신청하는 거야?",
            "norm_text": "아 백신을 신청하는 거야?",
            "speaker": {
              "id": "2번",
              "sex": "여성",
              "age": "20대"
            },
            "speechAct": "(지시) 질문하기",
            "morpheme": "아/IC+백신/NNG+을/JKO+신청/NNG+하/XSV+는/ETM+거/NNB+야/VCP+EF"
          },
          {
            "id": 15,
            "text": "2 : 그냥 주사만 신청하면 알아서 주는 거 아니었어?",
            "norm_text": "그냥 주사만 신청하면 알아서 주는 거 아니었어?",
            "speaker": {
              "id": "2번",
              "sex": "여성",
              "age": "20대"
            },
            "speechAct": "(지시) 질문하기",
            "morpheme": "그냥/MAG+주사/NNG+만/JX+신청/NNG+하/XSV+면/EC+알/VV+아서/EC+주/VX+는/ETM+거/NNB+아니/VCN+었/EP+어/EF"
          },
          {
            "id": 16,
            "text": "1 : 아~ 이번에 우리가 맞는 종류는 화이자랑, 모더나래. 물량에 따라 달라지는 거 같더라고?",
            "norm_text": "아~ 이번에 우리가 맞는 종류는 화이자랑, 모더나래. 물량에 따라 달라지는 거 같더라고?",
            "speaker": {
              "id": "1번",
              "sex": "여성",
              "age": "20대"
            },
            "speechAct": "(단언) 진술하기",
            "morpheme": "아/IC+~/SY+이번/NNG+에/JKB+우리/NP+가/JKS+맞/VV+는/ETM+종류/NNG+는/JX+화이자/NNP+랑/JC+,/SC+모더/NNP+나래/NNG+./SY+물량/NNG+에/JKB+따라/VV+EC+달라지/VV+는/ETM+거/NNB+같/VA+더라고/EF"
          },
          {
            "id": 17,
            "text": "2 : 아! 우리는 아스트라는 아니구나 청년들 부작용 많다고 했었다.",
            "norm_text": "아! 우리는 아스트라는 아니구나 청년들 부작용 많다고 했었다.",
            "speaker": {
              "id": "2번",
              "sex": "여성",
              "age": "20대"
            },
            "speechAct": "(단언) 진술하기",
            "morpheme": "아/IC+우리/NP+는/JX+아스트라/NNP+는/JX+아니/VCN+구나/EC+청년/NNG+들/XSN+부작용/NNG+많/VA+다고/EC+했었/VX+EP+다/EF"
          },
          {
            "id": 18,
            "text": "2 : 넌 더 맞고 싶은 백신 있어?",
            "norm_text": "넌 더 맞고 싶은 백신 있어?",
            "speaker": {
              "id": "2번",
              "sex": "여성",
              "age": "20대"
            },
            "speechAct": "(지시) 질문하기",
            "morpheme": "넌/NP+JX+더/MAG+맞/VV+고/EC+싶/VX+은/ETM+백신/NNG+있/VA+어/EF"
          },
          {
            "id": 19,
            "text": "1 : 화이자가 1 순위이긴 한데 물량이 없다면 아마 모더나...?",
            "norm_text": "화이자가 1 순위이긴 한데 물량이 없다면 아마 모더나...?",
            "speaker": {
              "id": "1번",
              "sex": "여성",
              "age": "20대"
            },
            "speechAct": "(단언) 진술하기",
            "morpheme": "화이자/NNP+가/JKS+1/SN+순위이긴한데물량이없다면아마모더나/UNKNOWN+./SY+./SY"
          },
          {
            "id": 20,
            "text": "1 : 언니는?",
            "norm_text": "언니는?",
            "speaker": {
              "id": "1번",
              "sex": "여성",
              "age": "20대"
            },
            "speechAct": "(지시) 질문하기",
            "morpheme": "언니/NNG+는/JX"
          },
          {
            "id": 21,
            "text": "2 : 모더나가 더 예방률?이 좋다고 본 거 같아서 그거 맞고 싶어 난!",
            "norm_text": "모더나가 더 예방률?이 좋다고 본 거 같아서 그거 맞고 싶어 난!",
            "speaker": {
              "id": "2번",
              "sex": "여성",
              "age": "20대"
            },
            "speechAct": "(단언) 진술하기",
            "morpheme": "모더/NNP+나/NP+가/JKS+더/MAG+예방/NNG+률/XSN+?/SY+이/JKS+좋/VA+다고/EC+본/VX+ETM+거/NNB+같/VA+아서/EC+그거/NP+맞/VV+고/EC+싶/VX+어/EC+난/NP+JX"
          },
          {
            "id": 22,
            "text": "1 : 그렇구나!",
            "norm_text": "그렇구나!",
            "speaker": {
              "id": "1번",
              "sex": "여성",
              "age": "20대"
            },
            "speechAct": "(표현) 긍정감정 표현하기",
            "morpheme": "그렇/VA+구나/EF"
          },
          {
            "id": 23,
            "text": "1 : 신청 시작이 벌써 다음 주야! 떨린다.",
            "norm_text": "신청 시작이 벌써 다음 주야! 떨린다.",
            "speaker": {
              "id": "1번",
              "sex": "여성",
              "age": "20대"
            },
            "speechAct": "(단언) 주장하기",
            "morpheme": "신청/NNG+시작/NNG+이/JKS+벌써/MAG+다음/NNG+주/VV+야/EF+떨린다/VV+EF"
          },
          {
            "id": 24,
            "text": "1 : 언니는 긴장 안 돼?",
            "norm_text": "언니는 긴장 안 돼?",
            "speaker": {
              "id": "1번",
              "sex": "여성",
              "age": "20대"
            },
            "speechAct": "(지시) 질문하기",
            "morpheme": "언니/NNG+는/JX+긴장/NNG+안/MAG+돼/VV+EF"
          },
          {
            "id": 25,
            "text": "2 : 응 나는 긴장 안 돼!",
            "norm_text": "응 나는 긴장 안 돼!",
            "speaker": {
              "id": "2번",
              "sex": "여성",
              "age": "20대"
            },
            "speechAct": "(단언) 진술하기",
            "morpheme": "응/IC+나/NP+는/JX+긴장/NNG+안/MAG+돼/VV+EF"
          }
        ]
      }
    }
  ]
}