{
  "dataset": {
    "identifier": 129757,
    "name": "NATEON_43_06_set",
    "src_path": "/data/file/cubeManager/PROJECT001/84/txt20211104173553026995/NATEON_43_06_set/",
    "label_path": "/data/file/cubeManager/PROJECT001/84/txt20211104173553026995/NATEON_43_06_set/",
    "category": 2,
    "type": 0
  },
  "licenses": {
    "name": "Apache License 1.0",
    "url": "http://www.apache.org/licenses/LICENSE-1.0"
  },
  "info": [
    {
      "id": 137253,
      "filename": "NATEON_43_06.txt",
      "title": "NATEON_43_06",
      "mediatype": "메신저",
      "medianame": "네이트온",
      "category": "일상대화",
      "date": "2021-11-04",
      "size": 381,
      "annotations": {
        "subject": "교육",
        "speaker_type": "다자간 대화",
        "size": 381,
        "word_size": 144,
        "text": "1 : 나 컴활 또 떨어졌다...\n3 : 아 진짜 왜케 떨어져 키키\n2 : 헐 열심히 했는데 아쉽게 됐네 ㅠㅠ\n1 : 1급이 이렇게 어려울 줄이야...\n2 : 다음에 또 공부해서 붙으면 되지\n3 : 그 정도면 그만해 이제 키키\n1 : 실기가 왜 이렇게 어려운 거야\n2 : 나도 자격증 많이 떨어져 키키\n2 : 괜찮아\n3 : 아니야\n3 : 나는 포기할래 그냥\n1 : 나 실기 꼭 붙고 싶어 ㅠ\n2 : 몇 번 하다 보면 붙는 날이 올 거야 키키\n3 : 자격증 다른 거 하자\n3 : 그거 말고\n1 : 이거 따야 가산점 준대 ㅠ\n2 : 어 하던 거 그냥 해야지 ㅠㅠ\n3 : 실기 열심히 한번 해 봐 그럼\n1 : 이번만 다시 도전해 본다\n2 : 어 화이팅 해\n2 : 이번에 붙을 듯 키키\n3 : 도전하자\n3 : 열심히\n3 : 화이팅",
        "lines": [
          {
            "id": 1,
            "text": "1 : 나 컴활 또 떨어졌다...",
            "norm_text": "나 컴활 또 떨어졌다...",
            "speaker": {
              "id": "1번",
              "sex": "여성",
              "age": "20대"
            },
            "speechAct": "(단언) 진술하기",
            "morpheme": "나컴활또떨어졌다/UNKNOWN+./SY"
          },
          {
            "id": 2,
            "text": "3 : 아 진짜 왜케 떨어져 키키",
            "norm_text": "아 진짜 왜케 떨어져 키키",
            "speaker": {
              "id": "3번",
              "sex": "남성",
              "age": "20대"
            },
            "speechAct": "(단언) 주장하기",
            "morpheme": "아/IC+진짜/MAG+왜/MAG+케/XSA+EC+떨어져/VV+EC+키/NNG+키/XSV+ETN"
          },
          {
            "id": 3,
            "text": "2 : 헐 열심히 했는데 아쉽게 됐네 ㅠㅠ",
            "norm_text": "헐 열심히 했는데 아쉽게 됐네 ㅠㅠ",
            "speaker": {
              "id": "2번",
              "sex": "남성",
              "age": "20대"
            },
            "speechAct": "(단언) 주장하기",
            "morpheme": "헐/IC+열심히/MAG+했/VV+EP+는데/EC+아쉽/VA+게/EC+됐/VV+EP+네/EF+ㅠㅠ/UNKNOWN"
          },
          {
            "id": 4,
            "text": "1 : 1급이 이렇게 어려울 줄이야...",
            "norm_text": "1급이 이렇게 어려울 줄이야...",
            "speaker": {
              "id": "1번",
              "sex": "여성",
              "age": "20대"
            },
            "speechAct": "(단언) 주장하기",
            "morpheme": "1/SN+급/NNG+이/JKS+이렇게/MAG+어려울/VA+ETM+줄/NNB+이/VCP+야/EF+./SY"
          },
          {
            "id": 5,
            "text": "2 : 다음에 또 공부해서 붙으면 되지",
            "norm_text": "다음에 또 공부해서 붙으면 되지",
            "speaker": {
              "id": "2번",
              "sex": "남성",
              "age": "20대"
            },
            "speechAct": "(지시) 충고/제안하기",
            "morpheme": "다음/NNG+에/JKB+또/MAG+공부/NNG+해서/XSV+EC+붙/VV+으면/EC+되/VV+지/EC"
          },
          {
            "id": 6,
            "text": "3 : 그 정도면 그만해 이제 키키",
            "norm_text": "그 정도면 그만해 이제 키키",
            "speaker": {
              "id": "3번",
              "sex": "남성",
              "age": "20대"
            },
            "speechAct": "(단언) 주장하기",
            "morpheme": "그/MM+정도/NNG+면/VCP+EC+그만/MAG+해/VV+EC+이제/MAG+키/NNG+키/XSV+ETN"
          },
          {
            "id": 7,
            "text": "1 : 실기가 왜 이렇게 어려운 거야",
            "norm_text": "실기가 왜 이렇게 어려운 거야",
            "speaker": {
              "id": "1번",
              "sex": "여성",
              "age": "20대"
            },
            "speechAct": "(단언) 주장하기",
            "morpheme": "실기/NNG+가/JKS+왜/MAG+이렇게/MAG+어려운/VA+ETM+거/NNB+야/VCP+EF"
          },
          {
            "id": 8,
            "text": "2 : 나도 자격증 많이 떨어져 키키",
            "norm_text": "나도 자격증 많이 떨어져 키키",
            "speaker": {
              "id": "2번",
              "sex": "남성",
              "age": "20대"
            },
            "speechAct": "(단언) 주장하기",
            "morpheme": "나/NP+도/JX+자격증/NNG+많이/MAG+떨어져/VV+EC+키/NNG+키/XSV+ETN"
          },
          {
            "id": 9,
            "text": "2 : 괜찮아",
            "norm_text": "괜찮아",
            "speaker": {
              "id": "2번",
              "sex": "남성",
              "age": "20대"
            },
            "speechAct": "(단언) 주장하기",
            "morpheme": "괜찮/VA+아/EC"
          },
          {
            "id": 10,
            "text": "3 : 아니야",
            "norm_text": "아니야",
            "speaker": {
              "id": "3번",
              "sex": "남성",
              "age": "20대"
            },
            "speechAct": "(단언) 주장하기",
            "morpheme": "아니/VCN+야/EC"
          },
          {
            "id": 11,
            "text": "3 : 나는 포기할래 그냥",
            "norm_text": "나는 포기할래 그냥",
            "speaker": {
              "id": "3번",
              "sex": "남성",
              "age": "20대"
            },
            "speechAct": "(단언) 주장하기",
            "morpheme": "나/NP+는/JX+포기/NNG+할래/XSV+EC+그냥/MAG"
          },
          {
            "id": 12,
            "text": "1 : 나 실기 꼭 붙고 싶어 ㅠ",
            "norm_text": "나 실기 꼭 붙고 싶어 ㅠ",
            "speaker": {
              "id": "1번",
              "sex": "여성",
              "age": "20대"
            },
            "speechAct": "(단언) 주장하기",
            "morpheme": "나/NP+실기/NNG+꼭/MAG+붙/VV+고/EC+싶/VX+어/EC+ㅠ/UNKNOWN"
          },
          {
            "id": 13,
            "text": "2 : 몇 번 하다 보면 붙는 날이 올 거야 키키",
            "norm_text": "몇 번 하다 보면 붙는 날이 올 거야 키키",
            "speaker": {
              "id": "2번",
              "sex": "남성",
              "age": "20대"
            },
            "speechAct": "(지시) 충고/제안하기",
            "morpheme": "몇/MM+번/NNBC+하/VV+다/EC+보/VX+면/EC+붙/VX+는/ETM+날/NNG+이/JKS+올/VV+ETM+거/NNB+야/VCP+EF+키/NNG+키/XSV+ETN"
          },
          {
            "id": 14,
            "text": "3 : 자격증 다른 거 하자",
            "norm_text": "자격증 다른 거 하자",
            "speaker": {
              "id": "3번",
              "sex": "남성",
              "age": "20대"
            },
            "speechAct": "(지시) 충고/제안하기",
            "morpheme": "자격증/NNG+다른/VA+ETM+거/NNB+하/VV+자/EC"
          },
          {
            "id": 15,
            "text": "3 : 그거 말고",
            "norm_text": "그거 말고",
            "speaker": {
              "id": "3번",
              "sex": "남성",
              "age": "20대"
            },
            "speechAct": "(단언) 주장하기",
            "morpheme": "그거/NP+말/VV+고/EC"
          },
          {
            "id": 16,
            "text": "1 : 이거 따야 가산점 준대 ㅠ",
            "norm_text": "이거 따야 가산점 준대 ㅠ",
            "speaker": {
              "id": "1번",
              "sex": "여성",
              "age": "20대"
            },
            "speechAct": "(단언) 진술하기",
            "morpheme": "이거/NP+따/JKB+야/JX+가산점/NNG+준대/VV+EF+ㅠ/UNKNOWN"
          },
          {
            "id": 17,
            "text": "2 : 어 하던 거 그냥 해야지 ㅠㅠ",
            "norm_text": "어 하던 거 그냥 해야지 ㅠㅠ",
            "speaker": {
              "id": "2번",
              "sex": "남성",
              "age": "20대"
            },
            "speechAct": "(단언) 주장하기",
            "morpheme": "어/IC+하/VV+던/ETM+거/NNB+그냥/MAG+해야지/VV+EF+ㅠㅠ/UNKNOWN"
          },
          {
            "id": 18,
            "text": "3 : 실기 열심히 한번 해 봐 그럼",
            "norm_text": "실기 열심히 한번 해 봐 그럼",
            "speaker": {
              "id": "3번",
              "sex": "남성",
              "age": "20대"
            },
            "speechAct": "(지시) 충고/제안하기",
            "morpheme": "실기/NNG+열심히/MAG+한번/MAG+해/VV+EC+봐/VX+EF+그럼/MAJ"
          },
          {
            "id": 19,
            "text": "1 : 이번만 다시 도전해 본다",
            "norm_text": "이번만 다시 도전해 본다",
            "speaker": {
              "id": "1번",
              "sex": "여성",
              "age": "20대"
            },
            "speechAct": "(단언) 주장하기",
            "morpheme": "이번/NNG+만/JX+다시/MAG+도전/NNG+해본다/XSV+EC+VX+EC"
          },
          {
            "id": 20,
            "text": "2 : 어 화이팅 해",
            "norm_text": "어 화이팅 해",
            "speaker": {
              "id": "2번",
              "sex": "남성",
              "age": "20대"
            },
            "speechAct": "(단언) 주장하기",
            "morpheme": "어/IC+화이팅/IC+해/VV+EC"
          },
          {
            "id": 21,
            "text": "2 : 이번에 붙을 듯 키키",
            "norm_text": "이번에 붙을 듯 키키",
            "speaker": {
              "id": "2번",
              "sex": "남성",
              "age": "20대"
            },
            "speechAct": "(단언) 주장하기",
            "morpheme": "이번/NNG+에/JKB+붙/VV+을/ETM+듯/NNB+키/NNG+키/XSV+ETN"
          },
          {
            "id": 22,
            "text": "3 : 도전하자",
            "norm_text": "도전하자",
            "speaker": {
              "id": "3번",
              "sex": "남성",
              "age": "20대"
            },
            "speechAct": "(지시) 충고/제안하기",
            "morpheme": "도전/NNG+하/XSV+자/EC"
          },
          {
            "id": 23,
            "text": "3 : 열심히",
            "norm_text": "열심히",
            "speaker": {
              "id": "3번",
              "sex": "남성",
              "age": "20대"
            },
            "speechAct": "(단언) 주장하기",
            "morpheme": "열심히/MAG"
          },
          {
            "id": 24,
            "text": "3 : 화이팅",
            "norm_text": "화이팅",
            "speaker": {
              "id": "3번",
              "sex": "남성",
              "age": "20대"
            },
            "speechAct": "(단언) 주장하기",
            "morpheme": "화이팅/NNP"
          }
        ]
      }
    }
  ]
}