{
  "dataset": {
    "identifier": 127959,
    "name": "NATEON_40_14_set",
    "src_path": "/data/file/cubeManager/PROJECT001/84/txt20211108181225091370/NATEON_40_14_set/",
    "label_path": "/data/file/cubeManager/PROJECT001/84/txt20211108181225091370/NATEON_40_14_set/",
    "category": 2,
    "type": 0
  },
  "licenses": {
    "name": "Apache License 1.0",
    "url": "http://www.apache.org/licenses/LICENSE-1.0"
  },
  "info": [
    {
      "id": 141918,
      "filename": "NATEON_40_14.txt",
      "title": "NATEON_40_14",
      "mediatype": "메신저",
      "medianame": "네이트온",
      "category": "일상대화",
      "date": "2021-11-08",
      "size": 405,
      "annotations": {
        "subject": "사회이슈",
        "speaker_type": "다자간 대화",
        "size": 405,
        "word_size": 146,
        "text": "1 : 삼성전자 소식 들었냐 다들\n2 : 아 거기 얘기 하지 말거래이\n3 : 아니 뭐야 그건 또 삼성전자 키키\n1 : 폴더블폰 매출 신기록 나왔대\n2 : 아 진짜?\n2 : 난 주식 말하는 줄 키키\n3 : 그건 뭔데 진짜 나는 몰라\n1 : 다들 주가 올라가는 소리 들리냐~\n2 : 와 드디어 올라가나요 ㅠㅠ 제발 제발...\n3 : 주식 주식 말하는 거야 난 잘 몰라 주식\n1 : 나 이번에 플립 샀잖어 ㅎ\n2 : 나 지금 거기 너무 떡락이야\n2 : 폰 좋아?\n3 : 아 플립 나도 갖고 싶은데 ㅠㅠ\n1 : 플립을 두고 폴더블 폰 이라고 하는 거야\n2 : 난 그거 1샀다가 아이폰 옴 키키\n3 : 플립 갖고 싶어 ㅠㅠ\n3 : 어때 좋아?\n1 : 내가 플립을 샀다는 건 진짜 핫하다는 것\n2 : 그거 이쁘긴 하더라 꾸미면 키키\n3 : 아이폰 좋은데 플립도 갖고 싶다",
        "lines": [
          {
            "id": 1,
            "text": "1 : 삼성전자 소식 들었냐 다들",
            "norm_text": "삼성전자 소식 들었냐 다들",
            "speaker": {
              "id": "1번",
              "sex": "여성",
              "age": "20대"
            },
            "speechAct": "(지시) 질문하기",
            "morpheme": "삼성전자/NNP+소식/NNG+들/VV+었/EP+냐/EF+다/MAG+들/XSN"
          },
          {
            "id": 2,
            "text": "2 : 아 거기 얘기 하지 말거래이",
            "norm_text": "아 거기 얘기 하지 말거래이",
            "speaker": {
              "id": "2번",
              "sex": "남성",
              "age": "20대"
            },
            "speechAct": "(단언) 주장하기",
            "morpheme": "아/IC+거기/NP+얘기/NNG+하/XSV+지/EC+말/VX+거래이/EF"
          },
          {
            "id": 3,
            "text": "3 : 아니 뭐야 그건 또 삼성전자 키키",
            "norm_text": "아니 뭐야 그건 또 삼성전자 키키",
            "speaker": {
              "id": "3번",
              "sex": "남성",
              "age": "20대"
            },
            "speechAct": "(지시) 질문하기",
            "morpheme": "아니/IC+뭐/NP+야/VCP+EF+그건/NP+JX+또/MAG+삼성전자/NNP+키/NNG+키/XSV+ETN"
          },
          {
            "id": 4,
            "text": "1 : 폴더블폰 매출 신기록 나왔대",
            "norm_text": "폴더블폰 매출 신기록 나왔대",
            "speaker": {
              "id": "1번",
              "sex": "여성",
              "age": "20대"
            },
            "speechAct": "(단언) 진술하기",
            "morpheme": "폴/NNG+더블/NNG+폰/NNG+매출/NNG+신기록/NNG+나왔/VV+EP+대/EC"
          },
          {
            "id": 5,
            "text": "2 : 아 진짜?",
            "norm_text": "아 진짜?",
            "speaker": {
              "id": "2번",
              "sex": "남성",
              "age": "20대"
            },
            "speechAct": "턴토크 사인(관습적 반응)",
            "morpheme": "아/IC+진짜/MAG"
          },
          {
            "id": 6,
            "text": "2 : 난 주식 말하는 줄 키키",
            "norm_text": "난 주식 말하는 줄 키키",
            "speaker": {
              "id": "2번",
              "sex": "남성",
              "age": "20대"
            },
            "speechAct": "(단언) 주장하기",
            "morpheme": "난/NP+JX+주식/NNG+말/NNG+하/XSV+는/ETM+줄/NNB+키/NNG+키/XSV+ETN"
          },
          {
            "id": 7,
            "text": "3 : 그건 뭔데 진짜 나는 몰라",
            "norm_text": "그건 뭔데 진짜 나는 몰라",
            "speaker": {
              "id": "3번",
              "sex": "남성",
              "age": "20대"
            },
            "speechAct": "(지시) 질문하기",
            "morpheme": "그건/NP+JX+뭔데/NP+VCP+EC+진짜/MAG+나/NP+는/JX+몰라/VV+EC"
          },
          {
            "id": 8,
            "text": "1 : 다들 주가 올라가는 소리 들리냐~",
            "norm_text": "다들 주가 올라가는 소리 들리냐~",
            "speaker": {
              "id": "1번",
              "sex": "여성",
              "age": "20대"
            },
            "speechAct": "(단언) 주장하기",
            "morpheme": "다/MAG+들/XSN+주/NNG+가/JKS+올라가/VV+는/ETM+소리/NNG+들리/VV+냐/EC+~/SY"
          },
          {
            "id": 9,
            "text": "2 : 와 드디어 올라가나요 ㅠㅠ 제발 제발...",
            "norm_text": "와 드디어 올라가나요 ㅠㅠ 제발 제발...",
            "speaker": {
              "id": "2번",
              "sex": "남성",
              "age": "20대"
            },
            "speechAct": "(단언) 진술하기",
            "morpheme": "와드디어올라가나요ㅠㅠ제발제발/UNKNOWN+./SY"
          },
          {
            "id": 10,
            "text": "3 : 주식 주식 말하는 거야 난 잘 몰라 주식",
            "norm_text": "주식 주식 말하는 거야 난 잘 몰라 주식",
            "speaker": {
              "id": "3번",
              "sex": "남성",
              "age": "20대"
            },
            "speechAct": "(단언) 진술하기",
            "morpheme": "주식/NNG+주식/NNG+말/NNG+하/XSV+는/ETM+거/NNB+야/VCP+EF+난/NP+JX+잘/MAG+몰라/VV+EC+주식/NNG"
          },
          {
            "id": 11,
            "text": "1 : 나 이번에 플립 샀잖어 ㅎ",
            "norm_text": "나 이번에 플립 샀잖어 ㅎ",
            "speaker": {
              "id": "1번",
              "sex": "여성",
              "age": "20대"
            },
            "speechAct": "(단언) 진술하기",
            "morpheme": "나/NP+이번/NNG+에/JKB+플립/NNP+샀/VV+EP+잖어/EF+ㅎ/XSA"
          },
          {
            "id": 12,
            "text": "2 : 나 지금 거기 너무 떡락이야",
            "norm_text": "나 지금 거기 너무 떡락이야",
            "speaker": {
              "id": "2번",
              "sex": "남성",
              "age": "20대"
            },
            "speechAct": "(단언) 진술하기",
            "morpheme": "나/NP+지금/MAG+거기/NP+너무/MAG+떡/NNG+락/NNG+이/VCP+야/EC"
          },
          {
            "id": 13,
            "text": "2 : 폰 좋아?",
            "norm_text": "폰 좋아?",
            "speaker": {
              "id": "2번",
              "sex": "남성",
              "age": "20대"
            },
            "speechAct": "(지시) 질문하기",
            "morpheme": "폰/NNG+좋/VA+아/EF"
          },
          {
            "id": 14,
            "text": "3 : 아 플립 나도 갖고 싶은데 ㅠㅠ",
            "norm_text": "아 플립 나도 갖고 싶은데 ㅠㅠ",
            "speaker": {
              "id": "3번",
              "sex": "남성",
              "age": "20대"
            },
            "speechAct": "(단언) 주장하기",
            "morpheme": "아/IC+플립/NNP+나/NP+도/JX+갖/VX+고/EC+싶/VX+은데/EC+ㅠㅠ/UNKNOWN"
          },
          {
            "id": 15,
            "text": "1 : 플립을 두고 폴더블 폰 이라고 하는 거야",
            "norm_text": "플립을 두고 폴더블 폰 이라고 하는 거야",
            "speaker": {
              "id": "1번",
              "sex": "여성",
              "age": "20대"
            },
            "speechAct": "(단언) 주장하기",
            "morpheme": "플립/NNP+을/JKO+두/VV+고/EC+폴/NNG+더블/NNG+폰/NNG+이/VCP+라고/EC+하/VV+는/ETM+거/NNB+야/VCP+EF"
          },
          {
            "id": 16,
            "text": "2 : 난 그거 1샀다가 아이폰 옴 키키",
            "norm_text": "난 그거 1샀다가 아이폰 옴 키키",
            "speaker": {
              "id": "2번",
              "sex": "남성",
              "age": "20대"
            },
            "speechAct": "(단언) 진술하기",
            "morpheme": "난/NP+JX+그거/NP+1/SN+샀다가아이폰옴키키/UNKNOWN"
          },
          {
            "id": 17,
            "text": "3 : 플립 갖고 싶어 ㅠㅠ",
            "norm_text": "플립 갖고 싶어 ㅠㅠ",
            "speaker": {
              "id": "3번",
              "sex": "남성",
              "age": "20대"
            },
            "speechAct": "(단언) 주장하기",
            "morpheme": "플립갖고싶어ㅠㅠ/UNKNOWN"
          },
          {
            "id": 18,
            "text": "3 : 어때 좋아?",
            "norm_text": "어때 좋아?",
            "speaker": {
              "id": "3번",
              "sex": "남성",
              "age": "20대"
            },
            "speechAct": "(지시) 질문하기",
            "morpheme": "어때/VA+EC+좋/VA+아/EF"
          },
          {
            "id": 19,
            "text": "1 : 내가 플립을 샀다는 건 진짜 핫하다는 것",
            "norm_text": "내가 플립을 샀다는 건 진짜 핫하다는 것",
            "speaker": {
              "id": "1번",
              "sex": "여성",
              "age": "20대"
            },
            "speechAct": "(단언) 주장하기",
            "morpheme": "내/NP+가/JKS+플립/NNP+을/JKO+샀/VV+EP+다는/ETM+건/NNB+JX+진짜/MAG+핫/NNG+하/XSA+다는/ETM+것/NNB"
          },
          {
            "id": 20,
            "text": "2 : 그거 이쁘긴 하더라 꾸미면 키키",
            "norm_text": "그거 이쁘긴 하더라 꾸미면 키키",
            "speaker": {
              "id": "2번",
              "sex": "남성",
              "age": "20대"
            },
            "speechAct": "(단언) 주장하기",
            "morpheme": "그거/NP+이쁘/VA+긴/ETN+JX+하/VX+더라/EC+꾸미/VV+면/EC+키/NNG+키/XSV+ETN"
          },
          {
            "id": 21,
            "text": "3 : 아이폰 좋은데 플립도 갖고 싶다",
            "norm_text": "아이폰 좋은데 플립도 갖고 싶다",
            "speaker": {
              "id": "3번",
              "sex": "남성",
              "age": "20대"
            },
            "speechAct": "(단언) 주장하기",
            "morpheme": "아이폰/NNP+좋/VA+은데/EC+플/VX+ETM+립도/NNG+갖/VV+고/EC+싶/VX+다/EC"
          }
        ]
      }
    }
  ]
}