{
  "dataset": {
    "identifier": 116861,
    "name": "NATEON_31_07_set",
    "src_path": "/data/file/cubeManager/PROJECT001/80/txt20211102113529069442/NATEON_31_07_set/",
    "label_path": "/data/file/cubeManager/PROJECT001/80/txt20211102113529069442/NATEON_31_07_set/",
    "category": 2,
    "type": 0
  },
  "licenses": {
    "name": "Apache License 1.0",
    "url": "http://www.apache.org/licenses/LICENSE-1.0"
  },
  "info": [
    {
      "id": 129990,
      "filename": "NATEON_31_07.txt",
      "title": "NATEON_31_07",
      "mediatype": "메신저",
      "medianame": "네이트온",
      "category": "일상대화",
      "date": "2021-11-02",
      "size": 469,
      "annotations": {
        "subject": "가족",
        "speaker_type": "다자간 대화",
        "size": 469,
        "word_size": 167,
        "text": "1 : 가족들이랑 커플 티 맞춰 봤어?\n2 : 아니\n2 : 안 해 봤는데 너는 해 봤어?\n3 : 아니~\n3 : 할 생각은 있어!\n1 : 이번에 여행 가는데 한번 사 보려고!\n2 : 웅 좋은 생각이다\n2 : 어떤 걸로 하려고?~\n3 : 오 그거 진짜 좋은 생각이다 하하\n1 : 음 브랜드는 생각해 본 게 없어 ㅠㅠ\n2 : 우리는 예전에 청바지에 흰 티로만 해서 갔었어 키키\n3 : 브랜드보단 그냥 네이버 쇼핑에서 보는 게 어때?\n1 : 응 브랜드는 아무래도 값이 나가서! 그렇게 하려고\n2 : 맞아 요즘은 보세도 이쁜 거 많던데!\n3 : 응 하하 은근 보세가 이쁜 거 많아\n1 : 맞아 하하\n1 : 너희 둘 다 보는 눈이 있네\n2 : 웅 아니면 색 맞춰서 가는 것도 나쁘지 않을 거 같아 하하\n3 : 당연하지\n3 : 내가 누구 친군데!\n1 : 응 하하 안 그래도 부모님 모시고 가서 보려고\n2 : 나도 한번 말 나온 김에 우리 집도 봐야겠다 키키\n3 : 응 직접 보고 사도록 해~",
        "lines": [
          {
            "id": 1,
            "text": "1 : 가족들이랑 커플 티 맞춰 봤어?",
            "norm_text": "가족들이랑 커플 티 맞춰 봤어?",
            "speaker": {
              "id": "1번",
              "sex": "여성",
              "age": "20대"
            },
            "speechAct": "(지시) 질문하기",
            "morpheme": "가족/NNG+들/XSN+이랑/JKB+커플/NNG+티/VV+맞춰/EC+VV+EC+봤/VX+EP+어/EF"
          },
          {
            "id": 2,
            "text": "2 : 아니",
            "norm_text": "아니",
            "speaker": {
              "id": "2번",
              "sex": "여성",
              "age": "20대"
            },
            "speechAct": "(단언) 주장하기",
            "morpheme": "아니/IC"
          },
          {
            "id": 3,
            "text": "2 : 안 해 봤는데 너는 해 봤어?",
            "norm_text": "안 해 봤는데 너는 해 봤어?",
            "speaker": {
              "id": "2번",
              "sex": "여성",
              "age": "20대"
            },
            "speechAct": "(지시) 질문하기",
            "morpheme": "안/MAG+해/VV+EC+봤/VX+EP+는데/EC+너/NP+는/JX+해/VV+EC+봤/VX+EP+어/EF"
          },
          {
            "id": 4,
            "text": "3 : 아니~",
            "norm_text": "아니~",
            "speaker": {
              "id": "3번",
              "sex": "남성",
              "age": "20대"
            },
            "speechAct": "(단언) 주장하기",
            "morpheme": "아니/IC+~/SY"
          },
          {
            "id": 5,
            "text": "3 : 할 생각은 있어!",
            "norm_text": "할 생각은 있어!",
            "speaker": {
              "id": "3번",
              "sex": "남성",
              "age": "20대"
            },
            "speechAct": "(단언) 주장하기",
            "morpheme": "할/VV+ETM+생각/NNG+은/JX+있/VA+어/EF"
          },
          {
            "id": 6,
            "text": "1 : 이번에 여행 가는데 한번 사 보려고!",
            "norm_text": "이번에 여행 가는데 한번 사 보려고!",
            "speaker": {
              "id": "1번",
              "sex": "여성",
              "age": "20대"
            },
            "speechAct": "(단언) 주장하기",
            "morpheme": "이번/NNG+에/JKB+여행/NNG+가/VV+는데/EC+한/MM+번/NNBC+사/VV+EC+보/VX+려고/EF"
          },
          {
            "id": 7,
            "text": "2 : 웅 좋은 생각이다",
            "norm_text": "웅 좋은 생각이다",
            "speaker": {
              "id": "2번",
              "sex": "여성",
              "age": "20대"
            },
            "speechAct": "(단언) 주장하기",
            "morpheme": "웅/IC+좋/VA+은/ETM+생각/NNG+이/VCP+다/EC"
          },
          {
            "id": 8,
            "text": "2 : 어떤 걸로 하려고?~",
            "norm_text": "어떤 걸로 하려고?~",
            "speaker": {
              "id": "2번",
              "sex": "여성",
              "age": "20대"
            },
            "speechAct": "(지시) 질문하기",
            "morpheme": "어떤/MM+걸로/NNB+JKB+하/VV+려고/EF+~/SY"
          },
          {
            "id": 9,
            "text": "3 : 오 그거 진짜 좋은 생각이다 하하",
            "norm_text": "오 그거 진짜 좋은 생각이다 하하",
            "speaker": {
              "id": "3번",
              "sex": "남성",
              "age": "20대"
            },
            "speechAct": "(단언) 주장하기",
            "morpheme": "오/IC+그거/NP+진짜/MAG+좋/VA+은/ETM+생각/NNG+이/JKS+다/MAG+하하/MAG"
          },
          {
            "id": 10,
            "text": "1 : 음 브랜드는 생각해 본 게 없어 ㅠㅠ",
            "norm_text": "음 브랜드는 생각해 본 게 없어 ㅠㅠ",
            "speaker": {
              "id": "1번",
              "sex": "여성",
              "age": "20대"
            },
            "speechAct": "(단언) 주장하기",
            "morpheme": "음/IC+브랜드/NNG+는/JX+생각/NNG+해/XSV+EC+본/VX+ETM+게/NNB+JKS+없/VA+어/EC+ㅠㅠ/UNKNOWN"
          },
          {
            "id": 11,
            "text": "2 : 우리는 예전에 청바지에 흰 티로만 해서 갔었어 키키",
            "norm_text": "우리는 예전에 청바지에 흰 티로만 해서 갔었어 키키",
            "speaker": {
              "id": "2번",
              "sex": "여성",
              "age": "20대"
            },
            "speechAct": "(단언) 진술하기",
            "morpheme": "우리/NP+는/JX+예전/NNG+에/JKB+청바지/NNG+에/JKB+흰/VA+ETM+티/NNG+로/JKB+만/JX+해서/VV+EC+갔었/VV+EP+어/EC+키/NNG+키/XSV+ETN"
          },
          {
            "id": 12,
            "text": "3 : 브랜드보단 그냥 네이버 쇼핑에서 보는 게 어때?",
            "norm_text": "브랜드보단 그냥 네이버 쇼핑에서 보는 게 어때?",
            "speaker": {
              "id": "3번",
              "sex": "남성",
              "age": "20대"
            },
            "speechAct": "(지시) 충고/제안하기",
            "morpheme": "브랜드/NNG+보단/JKB+JX+그냥/MAG+네이버/NNP+쇼핑/NNG+에서/JKB+보/VV+는/ETM+게/NNB+JKS+어때/VA+EF"
          },
          {
            "id": 13,
            "text": "1 : 응 브랜드는 아무래도 값이 나가서! 그렇게 하려고",
            "norm_text": "응 브랜드는 아무래도 값이 나가서! 그렇게 하려고",
            "speaker": {
              "id": "1번",
              "sex": "여성",
              "age": "20대"
            },
            "speechAct": "(단언) 주장하기",
            "morpheme": "응/IC+브랜드/NNG+는/JX+아무래도/MAG+값/NNG+이/JKS+나가/VV+서/EC+그렇게/MAG+하/VV+려고/EC"
          },
          {
            "id": 14,
            "text": "2 : 맞아 요즘은 보세도 이쁜 거 많던데!",
            "norm_text": "맞아 요즘은 보세도 이쁜 거 많던데!",
            "speaker": {
              "id": "2번",
              "sex": "여성",
              "age": "20대"
            },
            "speechAct": "(단언) 진술하기",
            "morpheme": "맞/VV+아/EC+요즘/NNG+은/JX+보세/NNG+도/JX+이쁜/VA+ETM+거/NNB+많/VA+던데/EF"
          },
          {
            "id": 15,
            "text": "3 : 응 하하 은근 보세가 이쁜 거 많아",
            "norm_text": "응 하하 은근 보세가 이쁜 거 많아",
            "speaker": {
              "id": "3번",
              "sex": "남성",
              "age": "20대"
            },
            "speechAct": "(단언) 주장하기",
            "morpheme": "응/IC+하하/MAG+은근/NNG+보세/NNG+가/JKS+이쁜/VA+ETM+거/NNB+많/VA+아/EC"
          },
          {
            "id": 16,
            "text": "1 : 맞아 하하",
            "norm_text": "맞아 하하",
            "speaker": {
              "id": "1번",
              "sex": "여성",
              "age": "20대"
            },
            "speechAct": "(단언) 주장하기",
            "morpheme": "맞/VV+아/EC+하하/MAG"
          },
          {
            "id": 17,
            "text": "1 : 너희 둘 다 보는 눈이 있네",
            "norm_text": "너희 둘 다 보는 눈이 있네",
            "speaker": {
              "id": "1번",
              "sex": "여성",
              "age": "20대"
            },
            "speechAct": "(단언) 주장하기",
            "morpheme": "너희/NP+둘/NR+다보/NNG+는/JX+눈/NNG+이/JKS+있/VV+네/EC"
          },
          {
            "id": 18,
            "text": "2 : 웅 아니면 색 맞춰서 가는 것도 나쁘지 않을 거 같아 하하",
            "norm_text": "웅 아니면 색 맞춰서 가는 것도 나쁘지 않을 거 같아 하하",
            "speaker": {
              "id": "2번",
              "sex": "여성",
              "age": "20대"
            },
            "speechAct": "(단언) 주장하기",
            "morpheme": "웅/IC+아니/IC+면색/NNG+맞춰서/VV+EC+가/VX+는/ETM+것/NNB+도/JX+나쁘/VA+지/EC+않/VX+을/ETM+거/NNB+같/VA+아/EC+하하/MAG"
          },
          {
            "id": 19,
            "text": "3 : 당연하지",
            "norm_text": "당연하지",
            "speaker": {
              "id": "3번",
              "sex": "남성",
              "age": "20대"
            },
            "speechAct": "(단언) 주장하기",
            "morpheme": "당연/XR+하/XSA+지/EC"
          },
          {
            "id": 20,
            "text": "3 : 내가 누구 친군데!",
            "norm_text": "내가 누구 친군데!",
            "speaker": {
              "id": "3번",
              "sex": "남성",
              "age": "20대"
            },
            "speechAct": "(단언) 주장하기",
            "morpheme": "내/NP+가/JKS+누구/NP+친군데/NNG+VCP+EF"
          },
          {
            "id": 21,
            "text": "1 : 응 하하 안 그래도 부모님 모시고 가서 보려고",
            "norm_text": "응 하하 안 그래도 부모님 모시고 가서 보려고",
            "speaker": {
              "id": "1번",
              "sex": "여성",
              "age": "20대"
            },
            "speechAct": "(단언) 주장하기",
            "morpheme": "응/IC+하하/MAG+안/MAG+그래도/VV+EC+부모/NNG+님/XSN+모시/VV+고/EC+가/VX+서/EC+보/VX+려고/EC"
          },
          {
            "id": 22,
            "text": "2 : 나도 한번 말 나온 김에 우리 집도 봐야겠다 키키",
            "norm_text": "나도 한번 말 나온 김에 우리 집도 봐야겠다 키키",
            "speaker": {
              "id": "2번",
              "sex": "여성",
              "age": "20대"
            },
            "speechAct": "(단언) 주장하기",
            "morpheme": "나/NP+도/JX+한/MM+번/NNBC+말/NNG+나온/VV+ETM+김/NNB+에/JKB+우리/NP+집/NNG+도/JX+봐야/VX+EC+VV+겠/EP+다키키/NNP"
          },
          {
            "id": 23,
            "text": "3 : 응 직접 보고 사도록 해~",
            "norm_text": "응 직접 보고 사도록 해~",
            "speaker": {
              "id": "3번",
              "sex": "남성",
              "age": "20대"
            },
            "speechAct": "(지시) 충고/제안하기",
            "morpheme": "응/IC+직접/MAG+보/VV+고/EC+사/VV+도록/EC+해/VV+EC+~/SY"
          }
        ]
      }
    }
  ]
}