{
  "dataset": {
    "identifier": 127949,
    "name": "NATEON_40_04_set",
    "src_path": "/data/file/cubeManager/PROJECT001/84/txt20211108181225084150/NATEON_40_04_set/",
    "label_path": "/data/file/cubeManager/PROJECT001/84/txt20211108181225084150/NATEON_40_04_set/",
    "category": 2,
    "type": 0
  },
  "licenses": {
    "name": "Apache License 1.0",
    "url": "http://www.apache.org/licenses/LICENSE-1.0"
  },
  "info": [
    {
      "id": 141908,
      "filename": "NATEON_40_04.txt",
      "title": "NATEON_40_04",
      "mediatype": "메신저",
      "medianame": "네이트온",
      "category": "일상대화",
      "date": "2021-11-08",
      "size": 406,
      "annotations": {
        "subject": "회사/아르바이트",
        "speaker_type": "다자간 대화",
        "size": 406,
        "word_size": 141,
        "text": "1 : 내 친구 이번에 취뽀!\n2 : 오 대박 보너스 받았대?\n3 : 취뽀가 뭐야 나 무슨 말인지 몰라\n1 : 그렇게 기도 하더니 취직했어\n2 : 엥 취업 보너스 아니야? 키키\n3 : 웅 취업 보너스야? 나만 몰랐어\n1 : 너희 취뽀도 모르냐, 촌스럽다!\n2 : 나도 몰라 난 줄임말인 줄 알았는데 키키 뭐야\n3 : 웅 진짜 나만 뒤 떨어 지는 거 같아\n1 : 취뽀는 좋은데 취직했다는 말이야;\n2 : 와 대박 그런 언어 있는 줄 몰랐네 키키\n3 : 아 진짜 취직했다는 말이야? 키키\n1 : 키키 너희들 취직은 언제 할 거야\n2 : 오 그 친구 축하 해줘야겠네\n2 : 키키 나도 해야지\n3 : 아 나 너무 힘들어 이직하고 싶어...\n1 : 나는 이번에 다시 공기업 도전!\n2 : 나는 공무원 되고 싶다 키키\n3 : 진짜 너무 힘들어 나 일 못 따라가겠어 키키",
        "lines": [
          {
            "id": 1,
            "text": "1 : 내 친구 이번에 취뽀!",
            "norm_text": "내 친구 이번에 취뽀!",
            "speaker": {
              "id": "1번",
              "sex": "여성",
              "age": "20대"
            },
            "speechAct": "(단언) 진술하기",
            "morpheme": "내/NP+JKG+친구/NNG+이번/NNG+에취/MAG+뽀/MAG"
          },
          {
            "id": 2,
            "text": "2 : 오 대박 보너스 받았대?",
            "norm_text": "오 대박 보너스 받았대?",
            "speaker": {
              "id": "2번",
              "sex": "남성",
              "age": "20대"
            },
            "speechAct": "(지시) 질문하기",
            "morpheme": "오대/MM+박보/NNG+너스/NNG+받/VV+았/EP+대/EF"
          },
          {
            "id": 3,
            "text": "3 : 취뽀가 뭐야 나 무슨 말인지 몰라",
            "norm_text": "취뽀가 뭐야 나 무슨 말인지 몰라",
            "speaker": {
              "id": "3번",
              "sex": "남성",
              "age": "20대"
            },
            "speechAct": "(지시) 질문하기",
            "morpheme": "취뽀/UNKNOWN+가/JKS+뭐/NP+야/VCP+EF+나/NP+무슨/MM+말/NNG+인지/VCP+EC+몰라/VV+EC"
          },
          {
            "id": 4,
            "text": "1 : 그렇게 기도 하더니 취직했어",
            "norm_text": "그렇게 기도 하더니 취직했어",
            "speaker": {
              "id": "1번",
              "sex": "여성",
              "age": "20대"
            },
            "speechAct": "(단언) 진술하기",
            "morpheme": "그렇게/MAG+기도/NNG+하/XSV+더니/EC+취직/NNG+했/XSV+EP+어/EC"
          },
          {
            "id": 5,
            "text": "2 : 엥 취업 보너스 아니야? 키키",
            "norm_text": "엥 취업 보너스 아니야? 키키",
            "speaker": {
              "id": "2번",
              "sex": "남성",
              "age": "20대"
            },
            "speechAct": "(지시) 질문하기",
            "morpheme": "엥/IC+취업/NNG+보너스/NNG+아니/VCN+야/EF+키/NNG+키/XSV+ETN"
          },
          {
            "id": 6,
            "text": "3 : 웅 취업 보너스야? 나만 몰랐어",
            "norm_text": "웅 취업 보너스야? 나만 몰랐어",
            "speaker": {
              "id": "3번",
              "sex": "남성",
              "age": "20대"
            },
            "speechAct": "(지시) 질문하기",
            "morpheme": "웅취/NNP+업보/NNG+너스/NNG+야/VCP+EF+나/NP+만/JX+몰랐/VV+EP+어/EC"
          },
          {
            "id": 7,
            "text": "1 : 너희 취뽀도 모르냐, 촌스럽다!",
            "norm_text": "너희 취뽀도 모르냐, 촌스럽다!",
            "speaker": {
              "id": "1번",
              "sex": "여성",
              "age": "20대"
            },
            "speechAct": "(단언) 주장하기",
            "morpheme": "너희취뽀도모르냐/UNKNOWN+,/SC+촌/NNG+스럽/XSA+다/EF"
          },
          {
            "id": 8,
            "text": "2 : 나도 몰라 난 줄임말인 줄 알았는데 키키 뭐야",
            "norm_text": "나도 몰라 난 줄임말인 줄 알았는데 키키 뭐야",
            "speaker": {
              "id": "2번",
              "sex": "남성",
              "age": "20대"
            },
            "speechAct": "(단언) 주장하기",
            "morpheme": "나/NP+도/JX+몰라/VV+EC+난/VX+ETM+줄/NNB+임/VCP+ETN+말/NNG+인/VCP+ETM+줄/NNB+알/VV+았/EP+는데/EC+키/NNG+키/XSV+ETN+뭐/NP+야/VCP+EF"
          },
          {
            "id": 9,
            "text": "3 : 웅 진짜 나만 뒤 떨어 지는 거 같아",
            "norm_text": "웅 진짜 나만 뒤 떨어 지는 거 같아",
            "speaker": {
              "id": "3번",
              "sex": "남성",
              "age": "20대"
            },
            "speechAct": "(단언) 주장하기",
            "morpheme": "웅/IC+진짜/MAG+나/NP+만/JX+뒤떨어지/VV+는/ETM+거/NNB+같/VA+아/EC"
          },
          {
            "id": 10,
            "text": "1 : 취뽀는 좋은데 취직했다는 말이야;",
            "norm_text": "취뽀는 좋은데 취직했다는 말이야;",
            "speaker": {
              "id": "1번",
              "sex": "여성",
              "age": "20대"
            },
            "speechAct": "(단언) 주장하기",
            "morpheme": "취/NNG+뽀/VV+는/ETM+좋/VA+은데/EC+취직/NNG+했/XSV+EP+다는/ETM+말/NNG+이/VCP+야/EC+;/SY"
          },
          {
            "id": 11,
            "text": "2 : 와 대박 그런 언어 있는 줄 몰랐네 키키",
            "norm_text": "와 대박 그런 언어 있는 줄 몰랐네 키키",
            "speaker": {
              "id": "2번",
              "sex": "남성",
              "age": "20대"
            },
            "speechAct": "(단언) 주장하기",
            "morpheme": "와/IC+대박/NNG+그런/MM+언어/NNG+있/VA+는/ETM+줄/NNB+몰랐/VV+EP+네/EF+키/NNG+키/XSV+ETN"
          },
          {
            "id": 12,
            "text": "3 : 아 진짜 취직했다는 말이야? 키키",
            "norm_text": "아 진짜 취직했다는 말이야? 키키",
            "speaker": {
              "id": "3번",
              "sex": "남성",
              "age": "20대"
            },
            "speechAct": "(지시) 질문하기",
            "morpheme": "아/IC+진짜/MAG+취직/NNG+했/XSV+EP+다는/ETM+말/NNG+이/VCP+야/EF+키/NNG+키/XSV+ETN"
          },
          {
            "id": 13,
            "text": "1 : 키키 너희들 취직은 언제 할 거야",
            "norm_text": "키키 너희들 취직은 언제 할 거야",
            "speaker": {
              "id": "1번",
              "sex": "여성",
              "age": "20대"
            },
            "speechAct": "(지시) 질문하기",
            "morpheme": "키/NNG+키/XSV+ETN+너희/NP+들/XSN+취직/NNG+은/JX+언제/MAG+할/VV+ETM+거/NNB+야/VCP+EF"
          },
          {
            "id": 14,
            "text": "2 : 오 그 친구 축하 해줘야겠네",
            "norm_text": "오 그 친구 축하 해줘야겠네",
            "speaker": {
              "id": "2번",
              "sex": "남성",
              "age": "20대"
            },
            "speechAct": "(단언) 주장하기",
            "morpheme": "오/IC+그/MM+친구/NNG+축하/NNG+해/XSV+EC+줘야/VX+EC+VX+겠/EP+네/EF"
          },
          {
            "id": 15,
            "text": "2 : 키키 나도 해야지",
            "norm_text": "키키 나도 해야지",
            "speaker": {
              "id": "2번",
              "sex": "남성",
              "age": "20대"
            },
            "speechAct": "(단언) 주장하기",
            "morpheme": "키/NNG+키나/XSA+ETN+JX+도/JX+해야지/VV+EC"
          },
          {
            "id": 16,
            "text": "3 : 아 나 너무 힘들어 이직하고 싶어...",
            "norm_text": "아 나 너무 힘들어 이직하고 싶어...",
            "speaker": {
              "id": "3번",
              "sex": "남성",
              "age": "20대"
            },
            "speechAct": "(단언) 주장하기",
            "morpheme": "아/IC+나/NP+너무/MAG+힘들/VA+어/EC+이직/NNG+하/XSV+고/EC+싶/VX+어/EF+./SY"
          },
          {
            "id": 17,
            "text": "1 : 나는 이번에 다시 공기업 도전!",
            "norm_text": "나는 이번에 다시 공기업 도전!",
            "speaker": {
              "id": "1번",
              "sex": "여성",
              "age": "20대"
            },
            "speechAct": "(단언) 주장하기",
            "morpheme": "나/NP+는/JX+이번/NNG+에/JKB+다시/MAG+공기업/NNG+도전/NNG"
          },
          {
            "id": 18,
            "text": "2 : 나는 공무원 되고 싶다 키키",
            "norm_text": "나는 공무원 되고 싶다 키키",
            "speaker": {
              "id": "2번",
              "sex": "남성",
              "age": "20대"
            },
            "speechAct": "(단언) 주장하기",
            "morpheme": "나/NP+는/JX+공무원/NNG+되/XSV+고/EC+싶/VX+다키키/NNP"
          },
          {
            "id": 19,
            "text": "3 : 진짜 너무 힘들어 나 일 못 따라가겠어 키키",
            "norm_text": "진짜 너무 힘들어 나 일 못 따라가겠어 키키",
            "speaker": {
              "id": "3번",
              "sex": "남성",
              "age": "20대"
            },
            "speechAct": "(단언) 주장하기",
            "morpheme": "진짜/MAG+너무/MAG+힘들/VA+어나/EC+일/NNG+못/MAG+따라가/VV+겠/EP+어/EC+키/NNG+키/XSV+ETN"
          }
        ]
      }
    }
  ]
}