{
  "dataset": {
    "identifier": 127955,
    "name": "NATEON_40_10_set",
    "src_path": "/data/file/cubeManager/PROJECT001/84/txt20211108181225088828/NATEON_40_10_set/",
    "label_path": "/data/file/cubeManager/PROJECT001/84/txt20211108181225088828/NATEON_40_10_set/",
    "category": 2,
    "type": 0
  },
  "licenses": {
    "name": "Apache License 1.0",
    "url": "http://www.apache.org/licenses/LICENSE-1.0"
  },
  "info": [
    {
      "id": 141914,
      "filename": "NATEON_40_10.txt",
      "title": "NATEON_40_10",
      "mediatype": "메신저",
      "medianame": "네이트온",
      "category": "일상대화",
      "date": "2021-11-08",
      "size": 370,
      "annotations": {
        "subject": "스포츠/레저",
        "speaker_type": "다자간 대화",
        "size": 370,
        "word_size": 139,
        "text": "1 : 너 저번에 보드 한다고 안 했나?\n2 : 어 맞아 나 보드 배우고 있어 키키\n3 : 웅 나 보드 타 키키 웨이크\n1 : 나 이번에 보드 배워 보려고!\n2 : 오 좋은 생각 같이 가자 키키\n3 : 보드 진짜 재미있어 한번 해봐\n1 : 나 장비도 같이 샀지!\n2 : 그거 재밌어 너도 좋아 할 거야 키키\n3 : 저기 부여 빠지 가서 해 키키\n1 : 근데 아직도 좀 무서워\n2 : 아니야 하면 다 하더라고 키키\n3 : 아 아니야 하다 보면 늘어\n1 : 무릎에 멍 많이 들었어\n2 : 무서울 거 하나도 없어 괜찮아 키키\n3 : 아 진짜 무릎에?\n3 : 난 코 잘못 되는 줄\n1 : 이젠 팔에도 멍 들 거 같아\n2 : 처음에 다 다치면서 배우는 거야 키키\n3 : 조심해 망가지것다 몸 키키 조심해",
        "lines": [
          {
            "id": 1,
            "text": "1 : 너 저번에 보드 한다고 안 했나?",
            "norm_text": "너 저번에 보드 한다고 안 했나?",
            "speaker": {
              "id": "1번",
              "sex": "여성",
              "age": "20대"
            },
            "speechAct": "(지시) 질문하기",
            "morpheme": "너/NP+저번/NNG+에/JKB+보/VV+드/EC+한다고/VX+EC+안/MAG+했/VV+EP+나/EF"
          },
          {
            "id": 2,
            "text": "2 : 어 맞아 나 보드 배우고 있어 키키",
            "norm_text": "어 맞아 나 보드 배우고 있어 키키",
            "speaker": {
              "id": "2번",
              "sex": "남성",
              "age": "20대"
            },
            "speechAct": "(단언) 진술하기",
            "morpheme": "어/IC+맞/VV+아나/EC+보/VX+드/EC+배우/VV+고/EC+있/VX+어/EC+키/NNG+키/XSV+ETN"
          },
          {
            "id": 3,
            "text": "3 : 웅 나 보드 타 키키 웨이크",
            "norm_text": "웅 나 보드 타 키키 웨이크",
            "speaker": {
              "id": "3번",
              "sex": "남성",
              "age": "20대"
            },
            "speechAct": "(단언) 진술하기",
            "morpheme": "웅/IC+나/NP+보드/NNP+타키/NNP+키/NNP+웨이크/NNP"
          },
          {
            "id": 4,
            "text": "1 : 나 이번에 보드 배워 보려고!",
            "norm_text": "나 이번에 보드 배워 보려고!",
            "speaker": {
              "id": "1번",
              "sex": "여성",
              "age": "20대"
            },
            "speechAct": "(단언) 주장하기",
            "morpheme": "나/NP+이번/NNG+에/JKB+보/VV+드/EC+배워/VV+EC+보/VX+려고/EF"
          },
          {
            "id": 5,
            "text": "2 : 오 좋은 생각 같이 가자 키키",
            "norm_text": "오 좋은 생각 같이 가자 키키",
            "speaker": {
              "id": "2번",
              "sex": "남성",
              "age": "20대"
            },
            "speechAct": "(지시) 충고/제안하기",
            "morpheme": "오/NR+좋/VA+은/ETM+생각/NNG+같이/JKB+가/JKS+자키/NNG+키/XSV+ETN"
          },
          {
            "id": 6,
            "text": "3 : 보드 진짜 재미있어 한번 해봐",
            "norm_text": "보드 진짜 재미있어 한번 해봐",
            "speaker": {
              "id": "3번",
              "sex": "남성",
              "age": "20대"
            },
            "speechAct": "(지시) 충고/제안하기",
            "morpheme": "보드/NNP+진짜/MAG+재미있/VA+어/EC+한/MM+번/NNBC+해/VV+EC+봐/VX+EC"
          },
          {
            "id": 7,
            "text": "1 : 나 장비도 같이 샀지!",
            "norm_text": "나 장비도 같이 샀지!",
            "speaker": {
              "id": "1번",
              "sex": "여성",
              "age": "20대"
            },
            "speechAct": "(단언) 주장하기",
            "morpheme": "나/NP+장비/NNG+도/JX+같이/MAG+샀/VV+EP+지/EF"
          },
          {
            "id": 8,
            "text": "2 : 그거 재밌어 너도 좋아 할 거야 키키",
            "norm_text": "그거 재밌어 너도 좋아 할 거야 키키",
            "speaker": {
              "id": "2번",
              "sex": "남성",
              "age": "20대"
            },
            "speechAct": "(단언) 주장하기",
            "morpheme": "그거/NP+재밌/VA+어/EC+너/NP+도/JX+좋/VA+아/EC+할/VX+ETM+거/NNB+야/VCP+EF+키/NNG+키/XSV+ETN"
          },
          {
            "id": 9,
            "text": "3 : 저기 부여 빠지 가서 해 키키",
            "norm_text": "저기 부여 빠지 가서 해 키키",
            "speaker": {
              "id": "3번",
              "sex": "남성",
              "age": "20대"
            },
            "speechAct": "(지시) 충고/제안하기",
            "morpheme": "저기/NP+부여/NNG+빠/VV+지가/EC+JKS+서해/NNP+키/NNG+키/XSV+ETN"
          },
          {
            "id": 10,
            "text": "1 : 근데 아직도 좀 무서워",
            "norm_text": "근데 아직도 좀 무서워",
            "speaker": {
              "id": "1번",
              "sex": "여성",
              "age": "20대"
            },
            "speechAct": "(단언) 주장하기",
            "morpheme": "근데/MAJ+아직/MAG+도/JX+좀/MAG+무서워/VA+EC"
          },
          {
            "id": 11,
            "text": "2 : 아니야 하면 다 하더라고 키키",
            "norm_text": "아니야 하면 다 하더라고 키키",
            "speaker": {
              "id": "2번",
              "sex": "남성",
              "age": "20대"
            },
            "speechAct": "(단언) 주장하기",
            "morpheme": "아니야/IC+하/VV+면/EC+다/MAG+하/VV+더라고/EC+키/NNG+키/XSV+ETN"
          },
          {
            "id": 12,
            "text": "3 : 아 아니야 하다 보면 늘어",
            "norm_text": "아 아니야 하다 보면 늘어",
            "speaker": {
              "id": "3번",
              "sex": "남성",
              "age": "20대"
            },
            "speechAct": "(단언) 주장하기",
            "morpheme": "아/IC+아니야/IC+하/VV+다/EC+보/VX+면/EC+늘/VV+어/EC"
          },
          {
            "id": 13,
            "text": "1 : 무릎에 멍 많이 들었어",
            "norm_text": "무릎에 멍 많이 들었어",
            "speaker": {
              "id": "1번",
              "sex": "여성",
              "age": "20대"
            },
            "speechAct": "(단언) 진술하기",
            "morpheme": "무릎/NNG+에/JKB+멍/MAG+많이/MAG+들/VV+었/EP+어/EC"
          },
          {
            "id": 14,
            "text": "2 : 무서울 거 하나도 없어 괜찮아 키키",
            "norm_text": "무서울 거 하나도 없어 괜찮아 키키",
            "speaker": {
              "id": "2번",
              "sex": "남성",
              "age": "20대"
            },
            "speechAct": "(단언) 주장하기",
            "morpheme": "무서울/VA+ETM+거/NNB+하나/NR+도/JX+없/VA+어/EC+괜찮/VA+아/EC+키/NNG+키/XSV+ETN"
          },
          {
            "id": 15,
            "text": "3 : 아 진짜 무릎에?",
            "norm_text": "아 진짜 무릎에?",
            "speaker": {
              "id": "3번",
              "sex": "남성",
              "age": "20대"
            },
            "speechAct": "(지시) 질문하기",
            "morpheme": "아/IC+진짜/MAG+무릎/NNG+에/JKB"
          },
          {
            "id": 16,
            "text": "3 : 난 코 잘못 되는 줄",
            "norm_text": "난 코 잘못 되는 줄",
            "speaker": {
              "id": "3번",
              "sex": "남성",
              "age": "20대"
            },
            "speechAct": "(단언) 진술하기",
            "morpheme": "난/NP+JX+코/NNG+잘못/MAG+되/VV+는/ETM+줄/NNB"
          },
          {
            "id": 17,
            "text": "1 : 이젠 팔에도 멍 들 거 같아",
            "norm_text": "이젠 팔에도 멍 들 거 같아",
            "speaker": {
              "id": "1번",
              "sex": "여성",
              "age": "20대"
            },
            "speechAct": "(단언) 주장하기",
            "morpheme": "이젠/NNG+JX+팔/NNG+에/JKB+도/JX+멍들/VV+ETM+거/NNB+같/VA+아/EC"
          },
          {
            "id": 18,
            "text": "2 : 처음에 다 다치면서 배우는 거야 키키",
            "norm_text": "처음에 다 다치면서 배우는 거야 키키",
            "speaker": {
              "id": "2번",
              "sex": "남성",
              "age": "20대"
            },
            "speechAct": "(단언) 주장하기",
            "morpheme": "처음/NNG+에다/JKB+다치/VV+면서/EC+배우/VV+는/ETM+거/NNB+야/VCP+EF+키/NNG+키/XSV+ETN"
          },
          {
            "id": 19,
            "text": "3 : 조심해 망가지것다 몸 키키 조심해",
            "norm_text": "조심해 망가지것다 몸 키키 조심해",
            "speaker": {
              "id": "3번",
              "sex": "남성",
              "age": "20대"
            },
            "speechAct": "(지시) 충고/제안하기",
            "morpheme": "조심/NNG+해/XSV+EC+망가지/VV+것다/EC+몸/NNG+키/NNG+키/NNG+조심/NNG+해/XSV+EC"
          }
        ]
      }
    }
  ]
}