{
  "dataset": {
    "identifier": 523,
    "name": "NATEON_23_15_set",
    "src_path": "/data/file/cubeManager/PROJECT001/7/txt20210826182121065052/NATEON_23_15_set/",
    "label_path": "/data/file/cubeManager/PROJECT001/7/txt20210826182121065052/NATEON_23_15_set/",
    "category": 2,
    "type": 0
  },
  "licenses": {
    "name": "Apache License 1.0",
    "url": "http://www.apache.org/licenses/LICENSE-1.0"
  },
  "info": [
    {
      "id": 814,
      "filename": "NATEON_23_15.txt",
      "title": "NATEON_23_15",
      "mediatype": "메신저",
      "medianame": "네이트온",
      "category": "일상대화",
      "date": "2021-08-26",
      "size": 716,
      "annotations": {
        "subject": "타 국가 이슈",
        "speaker_type": "1:1",
        "size": 716,
        "word_size": 206,
        "text": "1 : 터키에 산불이 크게 났는데 우리나라 국민들이 김연경 선수이름으로 기부하고 있대요!\n1 : 요즘 산불이 많네요 ㅠ\n2 : 오와 김연경 선수로 기부한거는 몰랐네요 ㅠㅠ\n2 : 진짜 지구 온난화 때문인가...\n1 : 지구가 아파하고 있다는 게 맞나봐요\n1 : 호주도 산불나고 이스라엘은 코로나 확진자가 심하게 늘었다고 하더라고요 ㅠ\n2 : 호주도 산불 났었어요?\n2 : 옛날인가?\n1 : 올림픽이 열린 도쿄에서도 확진자가 많이 나왔더라고요\n2 : 헐랭 그거 듣긴 했는데 일본에서는 올림픽때문 아니라고 주장 한다던데요\n1 : 미국은 성인55%가 2차까지  백신접송 완료했다고 하네요!\n2 : 헐 진짜 부럽다...\n2 : 우리나라는 아직 30%대 인걸로 들었는데 ㅠㅠ\n2 : 혹시 주변에 백신 맞은 친구 있어요?\n1 : 네네!\n1 : 조금있어요!\n1 : 영국에서 여자가 클럽에서 낯선 남성이 건넨 술 마시고 전신 마비가 됐대요 오마이갓\n2 : 키키 쌤도 낯선 남자가 과자 줘도 싫다고 해야해요 ㅠㅠ\n2 : 무서운 세상...\n1 : 영국에서  강아지들끼리 싸우다가 주인끼리 싸우게  됐대요\n1 : 마음이 아프네요 ㅠ\n2 : 보통 타 국가이슈에 대해서는 어디에서 뉴스를 얻어오시는 편이에요?\n1 : 네이버요!\n1 : 네이버에 세계 들어가면  있더라고요!\n2 : 아하 좋네요\n2 : 그렇게 세계에 대해서 알아가는 모습!\n1 : 잉글랜드는 축구에서 55년만에 독일 징크스를 깼대요!\n2 : 대박이다!\n2 : 저도 얼른 슬럼프 깨고 싶네요!",
        "lines": [
          {
            "id": 1,
            "text": "1 : 터키에 산불이 크게 났는데 우리나라 국민들이 김연경 선수이름으로 기부하고 있대요!",
            "norm_text": "터키에 산불이 크게 났는데 우리나라 국민들이 김연경 선수이름으로 기부하고 있대요!",
            "speaker": {
              "id": "1번",
              "sex": "여성",
              "age": "10대"
            },
            "speechAct": "(단언) 진술하기",
            "morpheme": "터키/NNP+에/JKB+산불/NNG+이/JKS+크/VA+게/EC+났/VV+EP+는데/EC+우리/NP+나라/NNG+국민/NNG+들/XSN+이/JKS+김연경/NNP+선수/NNG+이름/NNG+으로/JKB+기부/NNG+하/XSV+고/EC+있/VX+대요/EF"
          },
          {
            "id": 2,
            "text": "1 : 요즘 산불이 많네요 ㅠ",
            "norm_text": "요즘 산불이 많네요 ㅠ",
            "speaker": {
              "id": "1번",
              "sex": "여성",
              "age": "10대"
            },
            "speechAct": "(단언) 주장하기",
            "morpheme": "요즘/NNG+산불/NNG+이/JKS+많/VA+네요/EF+ㅠ/UNKNOWN"
          },
          {
            "id": 3,
            "text": "2 : 오와 김연경 선수로 기부한거는 몰랐네요 ㅠㅠ",
            "norm_text": "오와 김연경 선수로 기부한거는 몰랐네요 ㅠㅠ",
            "speaker": {
              "id": "2번",
              "sex": "여성",
              "age": "20대"
            },
            "speechAct": "(단언) 주장하기",
            "morpheme": "오와/IC+김연경/NNP+선수/NNG+로/JKB+기부/NNG+한/XSA+ETM+거/NNB+는/JX+몰랐/VV+EP+네요/EF+ㅠㅠ/UNKNOWN"
          },
          {
            "id": 4,
            "text": "2 : 진짜 지구 온난화 때문인가...",
            "norm_text": "진짜 지구 온난화 때문인가...",
            "speaker": {
              "id": "2번",
              "sex": "여성",
              "age": "20대"
            },
            "speechAct": "(단언) 주장하기",
            "morpheme": "진짜/MAG+지구/NNG+온난/NNG+화/XSN+때문/NNB+인가/VCP+EF+./SY"
          },
          {
            "id": 5,
            "text": "1 : 지구가 아파하고 있다는 게 맞나봐요",
            "norm_text": "지구가 아파하고 있다는 게 맞나봐요",
            "speaker": {
              "id": "1번",
              "sex": "여성",
              "age": "10대"
            },
            "speechAct": "(단언) 주장하기",
            "morpheme": "지구/NNG+가/JKS+아파하/VV+고/EC+있/VX+다는/ETM+게/NNB+JKS+맞/VV+나/EC+봐요/VX+EC"
          },
          {
            "id": 6,
            "text": "1 : 호주도 산불나고 이스라엘은 코로나 확진자가 심하게 늘었다고 하더라고요 ㅠ",
            "norm_text": "호주도 산불나고 이스라엘은 코로나 확진자가 심하게 늘었다고 하더라고요 ㅠ",
            "speaker": {
              "id": "1번",
              "sex": "여성",
              "age": "10대"
            },
            "speechAct": "(단언) 진술하기",
            "morpheme": "호주/NNP+도산/NNG+불나/VV+고/EC+이스라엘/NNP+은/JX+코로나/NNG+확진/NNG+자/XSN+가/JKS+심하/VA+게/EC+늘/VV+었/EP+다고/EC+하/VX+더라고/EF+요ㅠ/UNKNOWN"
          },
          {
            "id": 7,
            "text": "2 : 호주도 산불 났었어요?",
            "norm_text": "호주도 산불 났었어요?",
            "speaker": {
              "id": "2번",
              "sex": "여성",
              "age": "20대"
            },
            "speechAct": "(지시) 질문하기",
            "morpheme": "호주/NNP+도/JX+산불/NNG+났었/VV+EP+어요/EF"
          },
          {
            "id": 8,
            "text": "2 : 옛날인가?",
            "norm_text": "옛날인가?",
            "speaker": {
              "id": "2번",
              "sex": "여성",
              "age": "20대"
            },
            "speechAct": "(지시) 질문하기",
            "morpheme": "옛날/NNG+인가/VCP+EF"
          },
          {
            "id": 9,
            "text": "1 : 올림픽이 열린 도쿄에서도 확진자가 많이 나왔더라고요",
            "norm_text": "올림픽이 열린 도쿄에서도 확진자가 많이 나왔더라고요",
            "speaker": {
              "id": "1번",
              "sex": "여성",
              "age": "10대"
            },
            "speechAct": "(단언) 진술하기",
            "morpheme": "올림픽/NNP+이/JKS+열린/VV+ETM+도쿄/NNP+에서/JKB+도/JX+확진/NNG+자/XSN+가/JKS+많이/MAG+나왔/VV+EP+더라고요/EC"
          },
          {
            "id": 10,
            "text": "2 : 헐랭 그거 듣긴 했는데 일본에서는 올림픽때문 아니라고 주장 한다던데요",
            "norm_text": "헐랭 그거 듣긴 했는데 일본에서는 올림픽때문 아니라고 주장 한다던데요",
            "speaker": {
              "id": "2번",
              "sex": "여성",
              "age": "20대"
            },
            "speechAct": "(단언) 진술하기",
            "morpheme": "헐랭/NNP+그거/NP+듣/VV+긴/ETN+JX+했/VX+EP+는데/EC+일본/NNP+에서/JKB+는/JX+올림픽/NNP+때문/NNB+아니/VCN+라고/EC+주장/NNG+한다던/XSV+ETM+데/NNB+요/VCP+EC"
          },
          {
            "id": 11,
            "text": "1 : 미국은 성인55%가 2차까지  백신접송 완료했다고 하네요!",
            "norm_text": "미국은 성인55%가 2차까지  백신접송 완료했다고 하네요!",
            "speaker": {
              "id": "1번",
              "sex": "여성",
              "age": "10대"
            },
            "speechAct": "(단언) 진술하기",
            "morpheme": "미국/NNP+은/JX+성인/NNG+55/SN+%/SY+가/JKS+2/SN+차/NNBC+까지/JX+백신/NNG+접송/NNG+완료/NNG+했/XSV+EP+다고/EC+하/VX+네요/EF"
          },
          {
            "id": 12,
            "text": "2 : 헐 진짜 부럽다...",
            "norm_text": "헐 진짜 부럽다...",
            "speaker": {
              "id": "2번",
              "sex": "여성",
              "age": "20대"
            },
            "speechAct": "(표현) 긍정감정 표현하기",
            "morpheme": "헐/IC+진짜/MAG+부럽/VA+다/EF+./SY"
          },
          {
            "id": 13,
            "text": "2 : 우리나라는 아직 30%대 인걸로 들었는데 ㅠㅠ",
            "norm_text": "우리나라는 아직 30%대 인걸로 들었는데 ㅠㅠ",
            "speaker": {
              "id": "2번",
              "sex": "여성",
              "age": "20대"
            },
            "speechAct": "(단언) 진술하기",
            "morpheme": "우리/NP+나라/NNG+는/JX+아직/MAG+30/SN+%/SY+대/XSN+인/VCP+ETM+걸로/NNB+JKB+들/VV+었/EP+는데/EC+ㅠㅠ/UNKNOWN"
          },
          {
            "id": 14,
            "text": "2 : 혹시 주변에 백신 맞은 친구 있어요?",
            "norm_text": "혹시 주변에 백신 맞은 친구 있어요?",
            "speaker": {
              "id": "2번",
              "sex": "여성",
              "age": "20대"
            },
            "speechAct": "(지시) 질문하기",
            "morpheme": "혹시/MAG+주변/NNG+에/JKB+백신/NNG+맞/VV+은/ETM+친구/NNG+있/VA+어요/EF"
          },
          {
            "id": 15,
            "text": "1 : 네네!",
            "norm_text": "네네!",
            "speaker": {
              "id": "1번",
              "sex": "여성",
              "age": "10대"
            },
            "speechAct": "(단언) 주장하기",
            "morpheme": "네네/IC"
          },
          {
            "id": 16,
            "text": "1 : 조금있어요!",
            "norm_text": "조금있어요!",
            "speaker": {
              "id": "1번",
              "sex": "여성",
              "age": "10대"
            },
            "speechAct": "(단언) 주장하기",
            "morpheme": "조금/MAG+있/VV+어요/EF"
          },
          {
            "id": 17,
            "text": "1 : 영국에서 여자가 클럽에서 낯선 남성이 건넨 술 마시고 전신 마비가 됐대요 오마이갓",
            "norm_text": "영국에서 여자가 클럽에서 낯선 남성이 건넨 술 마시고 전신 마비가 됐대요 오마이갓",
            "speaker": {
              "id": "1번",
              "sex": "여성",
              "age": "10대"
            },
            "speechAct": "(단언) 진술하기",
            "morpheme": "영국/NNP+에서/JKB+여자/NNG+가/JKS+클럽/NNG+에서/JKB+낯선/VA+ETM+남성/NNG+이/JKS+건넨/VV+ETM+술/NNG+마시/VV+고/EC+전신/NNG+마비/NNG+가/JKS+됐/VV+EP+대요/EF+오마이갓/IC"
          },
          {
            "id": 18,
            "text": "2 : 키키 쌤도 낯선 남자가 과자 줘도 싫다고 해야해요 ㅠㅠ",
            "norm_text": "키키 쌤도 낯선 남자가 과자 줘도 싫다고 해야해요 ㅠㅠ",
            "speaker": {
              "id": "2번",
              "sex": "여성",
              "age": "20대"
            },
            "speechAct": "(지시) 충고/제안하기",
            "morpheme": "키/NNG+키/NNG+쌤/NNG+도/JX+낯선/VA+ETM+남자/NNG+가/JKS+과자/NNG+줘도/VV+EC+싫/VA+다고/EC+해야/VV+EC+해요/VX+EF+ㅠㅠ/UNKNOWN"
          },
          {
            "id": 19,
            "text": "2 : 무서운 세상...",
            "norm_text": "무서운 세상...",
            "speaker": {
              "id": "2번",
              "sex": "여성",
              "age": "20대"
            },
            "speechAct": "(표현) 부정감정 표현하기",
            "morpheme": "무서운/VA+ETM+세상/NNG+./SY+./SY"
          },
          {
            "id": 20,
            "text": "1 : 영국에서  강아지들끼리 싸우다가 주인끼리 싸우게  됐대요",
            "norm_text": "영국에서  강아지들끼리 싸우다가 주인끼리 싸우게  됐대요",
            "speaker": {
              "id": "1번",
              "sex": "여성",
              "age": "10대"
            },
            "speechAct": "(단언) 진술하기",
            "morpheme": "영국/NNP+에서/JKB+강아지/NNG+들/XSN+끼리/XSN+싸우/VV+다가/EC+주인/NNG+끼리/XSN+싸우/VV+게/EC+됐/VV+EP+대요/EC"
          },
          {
            "id": 21,
            "text": "1 : 마음이 아프네요 ㅠ",
            "norm_text": "마음이 아프네요 ㅠ",
            "speaker": {
              "id": "1번",
              "sex": "여성",
              "age": "10대"
            },
            "speechAct": "(표현) 부정감정 표현하기",
            "morpheme": "마음/NNG+이/JKS+아프/VA+네요/EF+ㅠ/UNKNOWN"
          },
          {
            "id": 22,
            "text": "2 : 보통 타 국가이슈에 대해서는 어디에서 뉴스를 얻어오시는 편이에요?",
            "norm_text": "보통 타 국가이슈에 대해서는 어디에서 뉴스를 얻어오시는 편이에요?",
            "speaker": {
              "id": "2번",
              "sex": "여성",
              "age": "20대"
            },
            "speechAct": "(지시) 질문하기",
            "morpheme": "보통/MAJ+타/MM+국가/NNG+이슈/NNG+에/JKB+대해서/VV+EC+는/JX+어디/NP+에서/JKB+뉴스/NNG+를/JKO+얻/VV+어/EC+오/VX+시/EP+는/ETM+편/NNB+이/VCP+에요/EF"
          },
          {
            "id": 23,
            "text": "1 : 네이버요!",
            "norm_text": "네이버요!",
            "speaker": {
              "id": "1번",
              "sex": "여성",
              "age": "10대"
            },
            "speechAct": "(단언) 주장하기",
            "morpheme": "네이버/NNP+요/JX"
          },
          {
            "id": 24,
            "text": "1 : 네이버에 세계 들어가면  있더라고요!",
            "norm_text": "네이버에 세계 들어가면  있더라고요!",
            "speaker": {
              "id": "1번",
              "sex": "여성",
              "age": "10대"
            },
            "speechAct": "(단언) 주장하기",
            "morpheme": "네이버/NNP+에/JKB+세계/NNG+들어가/VV+면/EC+있/VX+더라고요/EF"
          },
          {
            "id": 25,
            "text": "2 : 아하 좋네요",
            "norm_text": "아하 좋네요",
            "speaker": {
              "id": "2번",
              "sex": "여성",
              "age": "20대"
            },
            "speechAct": "(표현) 긍정감정 표현하기",
            "morpheme": "아하/IC+좋/VA+네요/EC"
          },
          {
            "id": 26,
            "text": "2 : 그렇게 세계에 대해서 알아가는 모습!",
            "norm_text": "그렇게 세계에 대해서 알아가는 모습!",
            "speaker": {
              "id": "2번",
              "sex": "여성",
              "age": "20대"
            },
            "speechAct": "(단언) 진술하기",
            "morpheme": "그렇게/MAG+세계/NNG+에/JKB+대해서/VV+EC+알/VV+아/EC+가/VX+는/ETM+모습/NNG"
          },
          {
            "id": 27,
            "text": "1 : 잉글랜드는 축구에서 55년만에 독일 징크스를 깼대요!",
            "norm_text": "잉글랜드는 축구에서 55년만에 독일 징크스를 깼대요!",
            "speaker": {
              "id": "1번",
              "sex": "여성",
              "age": "10대"
            },
            "speechAct": "(단언) 진술하기",
            "morpheme": "잉글랜드/NNP+는/JX+축구/NNG+에서/JKB+55/SN+년/NNBC+만/NNB+에/JKB+독일/NNP+징크스/NNG+를/JKO+깼/VV+EP+대요/EF"
          },
          {
            "id": 28,
            "text": "2 : 대박이다!",
            "norm_text": "대박이다!",
            "speaker": {
              "id": "2번",
              "sex": "여성",
              "age": "20대"
            },
            "speechAct": "(표현) 긍정감정 표현하기",
            "morpheme": "대박/NNG+이/VCP+다/EF"
          },
          {
            "id": 29,
            "text": "2 : 저도 얼른 슬럼프 깨고 싶네요!",
            "norm_text": "저도 얼른 슬럼프 깨고 싶네요!",
            "speaker": {
              "id": "2번",
              "sex": "여성",
              "age": "20대"
            },
            "speechAct": "(단언) 주장하기",
            "morpheme": "저/NP+도/JX+얼른/MAG+슬럼프/NNG+깨/VV+고/EC+싶/VX+네요/EF"
          }
        ]
      }
    }
  ]
}