{
  "dataset": {
    "identifier": 99214,
    "name": "NATEON_27_20_set",
    "src_path": "/data/file/cubeManager/PROJECT001/77/txt20211027152211015950/NATEON_27_20_set/",
    "label_path": "/data/file/cubeManager/PROJECT001/77/txt20211027152211015950/NATEON_27_20_set/",
    "category": 2,
    "type": 0
  },
  "licenses": {
    "name": "Apache License 1.0",
    "url": "http://www.apache.org/licenses/LICENSE-1.0"
  },
  "info": [
    {
      "id": 99461,
      "filename": "NATEON_27_20.txt",
      "title": "NATEON_27_20",
      "mediatype": "메신저",
      "medianame": "네이트온",
      "category": "일상대화",
      "date": "2021-10-27",
      "size": 453,
      "annotations": {
        "subject": "영화/만화",
        "speaker_type": "다자간 대화",
        "size": 453,
        "word_size": 157,
        "text": "1 : 나 이번에 베놈2 보고 왔어!\n2 : 오 그거 나도 이번에 보고 왔지!\n3 : 난 영화 못본지 오래됐어\n1 : 난 진짜 마블 영화가 내 타입,\n2 : 나도 마블영화 맨날 뿌셔 하하\n2 : 마동석 그건 언제 나온다 했지?\n3 : 난 마블 영화는 취향이 아니더라\n1 : 그거 11월에 개봉하는 거 아닌가?\n2 : 웅 그것도 보러 꼭 갈 거야 키키\n3 : 난 한국 영화가 재밌던데!\n1 : 한국 영화?\n1 : 요즘에 뭐 개봉했어?\n2 : 한국 영화도 재밌는거 많지~\n2 : 난 보이스 재밌게 봤어!\n3 : 종류가 너무 많아서 못 말하겠다 키키\n1 : 키키 요즘엔 넷플릭스로도 많이 보던데\n2 : 키키 맞아 극한직업 넷플에 나와서 다시보기 했지롱 하하\n3 : 맞아\n3 : 이번에 오징어 게임 다들 봤어?\n1 : 아 둘다 너무 유명한 거라 벌써 봤지~\n2 : 맞아\n2 : 오겜 안본 사람 진짜 없을 듯 하하\n3 : 나 그래서 달고나 만들어 먹었어 키키",
        "lines": [
          {
            "id": 1,
            "text": "1 : 나 이번에 베놈2 보고 왔어!",
            "norm_text": "나 이번에 베놈2 보고 왔어!",
            "speaker": {
              "id": "1번",
              "sex": "여성",
              "age": "20대"
            },
            "speechAct": "(단언) 진술하기",
            "morpheme": "나/NP+이번/NNG+에/JKB+베/NNG+놈/NNB+2/SN+보/VV+고/EC+왔/VX+EP+어/EF"
          },
          {
            "id": 2,
            "text": "2 : 오 그거 나도 이번에 보고 왔지!",
            "norm_text": "오 그거 나도 이번에 보고 왔지!",
            "speaker": {
              "id": "2번",
              "sex": "여성",
              "age": "20대"
            },
            "speechAct": "(단언) 진술하기",
            "morpheme": "오/IC+그거/NP+나/NP+도/JX+이번/NNG+에/JKB+보/VV+고/EC+왔/VX+EP+지/EF"
          },
          {
            "id": 3,
            "text": "3 : 난 영화 못본지 오래됐어",
            "norm_text": "난 영화 못본지 오래됐어",
            "speaker": {
              "id": "3번",
              "sex": "남성",
              "age": "20대"
            },
            "speechAct": "(단언) 주장하기",
            "morpheme": "난/NP+JX+영화/NNG+못/MAG+본/VV+ETM+지/NNB+오래/MAG+됐/VV+EP+어/EC"
          },
          {
            "id": 4,
            "text": "1 : 난 진짜 마블 영화가 내 타입,",
            "norm_text": "난 진짜 마블 영화가 내 타입,",
            "speaker": {
              "id": "1번",
              "sex": "여성",
              "age": "20대"
            },
            "speechAct": "(단언) 주장하기",
            "morpheme": "난/NP+JX+진짜/MAG+마블/NNG+영화/NNG+가/JKS+내/NP+JKG+타입/NNG+,/SC"
          },
          {
            "id": 5,
            "text": "2 : 나도 마블영화 맨날 뿌셔 하하",
            "norm_text": "나도 마블영화 맨날 뿌셔 하하",
            "speaker": {
              "id": "2번",
              "sex": "여성",
              "age": "20대"
            },
            "speechAct": "(단언) 주장하기",
            "morpheme": "나/NP+도/JX+마블/NNG+영화/NNG+맨날/MAG+뿌셔/VV+EC+하하/MAG"
          },
          {
            "id": 6,
            "text": "2 : 마동석 그건 언제 나온다 했지?",
            "norm_text": "마동석 그건 언제 나온다 했지?",
            "speaker": {
              "id": "2번",
              "sex": "여성",
              "age": "20대"
            },
            "speechAct": "(지시) 질문하기",
            "morpheme": "마동석/NNP+그건/NP+JX+언제나/MAG+온다/VV+EC+했/VX+EP+지/EF"
          },
          {
            "id": 7,
            "text": "3 : 난 마블 영화는 취향이 아니더라",
            "norm_text": "난 마블 영화는 취향이 아니더라",
            "speaker": {
              "id": "3번",
              "sex": "남성",
              "age": "20대"
            },
            "speechAct": "(단언) 주장하기",
            "morpheme": "난/NP+JX+마블/NNG+영화/NNG+는/JX+취향/NNG+이/JKC+아니/VCN+더라/EC"
          },
          {
            "id": 8,
            "text": "1 : 그거 11월에 개봉하는 거 아닌가?",
            "norm_text": "그거 11월에 개봉하는 거 아닌가?",
            "speaker": {
              "id": "1번",
              "sex": "여성",
              "age": "20대"
            },
            "speechAct": "(지시) 질문하기",
            "morpheme": "그거/NP+11/SN+월/NNBC+에/JKB+개봉/NNG+하/XSV+는/ETM+거/NNB+아닌가/VCN+EF"
          },
          {
            "id": 9,
            "text": "2 : 웅 그것도 보러 꼭 갈 거야 키키",
            "norm_text": "웅 그것도 보러 꼭 갈 거야 키키",
            "speaker": {
              "id": "2번",
              "sex": "여성",
              "age": "20대"
            },
            "speechAct": "(단언) 주장하기",
            "morpheme": "웅/IC+그것/NP+도/JX+보/VV+러/EC+꼭/MAG+갈/VV+ETM+거/NNB+야/VCP+EF+키/NNG+키/XSV+ETN"
          },
          {
            "id": 10,
            "text": "3 : 난 한국 영화가 재밌던데!",
            "norm_text": "난 한국 영화가 재밌던데!",
            "speaker": {
              "id": "3번",
              "sex": "남성",
              "age": "20대"
            },
            "speechAct": "(단언) 주장하기",
            "morpheme": "난/NP+JX+한국/NNP+영화/NNG+가/JKS+재밌/VA+던데/EF"
          },
          {
            "id": 11,
            "text": "1 : 한국 영화?",
            "norm_text": "한국 영화?",
            "speaker": {
              "id": "1번",
              "sex": "여성",
              "age": "20대"
            },
            "speechAct": "(지시) 질문하기",
            "morpheme": "한국/NNP+영화/NNG"
          },
          {
            "id": 12,
            "text": "1 : 요즘에 뭐 개봉했어?",
            "norm_text": "요즘에 뭐 개봉했어?",
            "speaker": {
              "id": "1번",
              "sex": "여성",
              "age": "20대"
            },
            "speechAct": "(지시) 질문하기",
            "morpheme": "요즘/NNG+에/JKB+뭐/IC+개봉/NNG+했/XSV+EP+어/EF"
          },
          {
            "id": 13,
            "text": "2 : 한국 영화도 재밌는거 많지~",
            "norm_text": "한국 영화도 재밌는거 많지~",
            "speaker": {
              "id": "2번",
              "sex": "여성",
              "age": "20대"
            },
            "speechAct": "(단언) 주장하기",
            "morpheme": "한국/NNP+영화/NNG+도/JX+재밌/VA+는/ETM+거/NNB+많/VA+지/EC+~/SY"
          },
          {
            "id": 14,
            "text": "2 : 난 보이스 재밌게 봤어!",
            "norm_text": "난 보이스 재밌게 봤어!",
            "speaker": {
              "id": "2번",
              "sex": "여성",
              "age": "20대"
            },
            "speechAct": "(단언) 주장하기",
            "morpheme": "난/NP+JX+보이스/NNP+재밌/VA+게/EC+봤/VX+EP+어/EF"
          },
          {
            "id": 15,
            "text": "3 : 종류가 너무 많아서 못 말하겠다 키키",
            "norm_text": "종류가 너무 많아서 못 말하겠다 키키",
            "speaker": {
              "id": "3번",
              "sex": "남성",
              "age": "20대"
            },
            "speechAct": "(단언) 주장하기",
            "morpheme": "종류/NNG+가/JKS+너무/MAG+많/VA+아서/EC+못/MAG+말/NNG+하/XSV+겠/EP+다키키/NNP"
          },
          {
            "id": 16,
            "text": "1 : 키키 요즘엔 넷플릭스로도 많이 보던데",
            "norm_text": "키키 요즘엔 넷플릭스로도 많이 보던데",
            "speaker": {
              "id": "1번",
              "sex": "여성",
              "age": "20대"
            },
            "speechAct": "(단언) 주장하기",
            "morpheme": "키/NNG+키/NNG+요즘/NNG+엔/JKB+JX+넷플릭스/NNP+로/JKB+도/JX+많이/MAG+보/VV+던데/EC"
          },
          {
            "id": 17,
            "text": "2 : 키키 맞아 극한직업 넷플에 나와서 다시보기 했지롱 하하",
            "norm_text": "키키 맞아 극한직업 넷플에 나와서 다시보기 했지롱 하하",
            "speaker": {
              "id": "2번",
              "sex": "여성",
              "age": "20대"
            },
            "speechAct": "(단언) 주장하기",
            "morpheme": "키/NNG+키/XSV+ETN+맞/VV+아/EC+극한/VV+ETM+직업/NNG+넷/NR+플/NNG+에/JKB+나와서/VV+EC+다시/MAG+보/VV+기/ETN+했/VV+EP+지롱/EC+하하/MAG"
          },
          {
            "id": 18,
            "text": "3 : 맞아",
            "norm_text": "맞아",
            "speaker": {
              "id": "3번",
              "sex": "남성",
              "age": "20대"
            },
            "speechAct": "(단언) 주장하기",
            "morpheme": "맞/VV+아/EC"
          },
          {
            "id": 19,
            "text": "3 : 이번에 오징어 게임 다들 봤어?",
            "norm_text": "이번에 오징어 게임 다들 봤어?",
            "speaker": {
              "id": "3번",
              "sex": "남성",
              "age": "20대"
            },
            "speechAct": "(지시) 질문하기",
            "morpheme": "이번/NNG+에/JKB+오징어/NNG+게임/NNG+다/NNG+들/XSN+봤/VV+EP+어/EF"
          },
          {
            "id": 20,
            "text": "1 : 아 둘다 너무 유명한 거라 벌써 봤지~",
            "norm_text": "아 둘다 너무 유명한 거라 벌써 봤지~",
            "speaker": {
              "id": "1번",
              "sex": "여성",
              "age": "20대"
            },
            "speechAct": "(단언) 주장하기",
            "morpheme": "아/IC+둘/NR+다/MAG+너무/MAG+유명/NNG+한/XSA+ETM+거/NNB+라/VCP+EC+벌써/MAG+봤/VV+EP+지/EC+~/SY"
          },
          {
            "id": 21,
            "text": "2 : 맞아",
            "norm_text": "맞아",
            "speaker": {
              "id": "2번",
              "sex": "여성",
              "age": "20대"
            },
            "speechAct": "(단언) 주장하기",
            "morpheme": "맞/VV+아/EC"
          },
          {
            "id": 22,
            "text": "2 : 오겜 안본 사람 진짜 없을 듯 하하",
            "norm_text": "오겜 안본 사람 진짜 없을 듯 하하",
            "speaker": {
              "id": "2번",
              "sex": "여성",
              "age": "20대"
            },
            "speechAct": "(단언) 주장하기",
            "morpheme": "오/IC+겜/NNP+안/MAG+본/VV+ETM+사람/NNG+진짜/MAG+없/VA+을/ETM+듯/NNB+하/XSA+하/XSA"
          },
          {
            "id": 23,
            "text": "3 : 나 그래서 달고나 만들어 먹었어 키키",
            "norm_text": "나 그래서 달고나 만들어 먹었어 키키",
            "speaker": {
              "id": "3번",
              "sex": "남성",
              "age": "20대"
            },
            "speechAct": "(단언) 진술하기",
            "morpheme": "나/NP+그래서/VV+EC+달/VX+고/EC+나/JX+만들/VV+어/EC+먹/VV+었/EP+어/EC+키/NNG+키/XSV+ETN"
          }
        ]
      }
    }
  ]
}