{
  "dataset": {
    "identifier": 123633,
    "name": "NATEON_44_20_set",
    "src_path": "/data/file/cubeManager/PROJECT001/84/txt20211105113423082011/NATEON_44_20_set/",
    "label_path": "/data/file/cubeManager/PROJECT001/84/txt20211105113423082011/NATEON_44_20_set/",
    "category": 2,
    "type": 0
  },
  "licenses": {
    "name": "Apache License 1.0",
    "url": "http://www.apache.org/licenses/LICENSE-1.0"
  },
  "info": [
    {
      "id": 138895,
      "filename": "NATEON_44_20.txt",
      "title": "NATEON_44_20",
      "mediatype": "메신저",
      "medianame": "네이트온",
      "category": "일상대화",
      "date": "2021-11-05",
      "size": 461,
      "annotations": {
        "subject": "영화/만화",
        "speaker_type": "다자간 대화",
        "size": 461,
        "word_size": 161,
        "text": "1 : 너희 박찬욱 감독 알아?\n2 : 아니 박찬욱 그분은 어디 감독 님이셔?\n3 : 나도 그분 성함은 처음 듣는데 키키\n1 : 박찬욱 감독 몰라 너희?\n2 : 응 나 몰라 그분 뭐 하신 분인데?\n3 : 알려줘 우리 잘 모르잖아 너가 제일 똑똑해\n1 : 아니 너희 영화 아가씨 몰라...?\n2 : 아 그거 알아 민희? 그 사람 나온 거 키키\n3 : 아가씨 들어만 보고 보지는 않았어 키키\n1 : 그래 엄청 유명한 분이신데 어떻게 모르냐\n2 : 키키 그분이 그거 찍으신 감독 님이야?\n3 : 그런가 보네 키키\n3 : 근데 그 감독 님 새로 영화 내신데?\n1 : 그래 너희한테 추천 받으려고 한 내가 바보다..\n2 : 맞아\n2 : 우리한테 너가 추천 해줘야 해 ...\n3 : 맞아\n3 : 알고 지낸 게 몇 년인데 ...\n1 : 그냥 내가 네이버에 찾아서 볼께...\n2 : 응...\n2 : 너가 찾아서 좋은 거 우리 알려 줘\n3 : 맞아\n3 : 너가 우리 정신적 지주야",
        "lines": [
          {
            "id": 1,
            "text": "1 : 너희 박찬욱 감독 알아?",
            "norm_text": "너희 박찬욱 감독 알아?",
            "speaker": {
              "id": "1번",
              "sex": "여성",
              "age": "20대"
            },
            "speechAct": "(지시) 질문하기",
            "morpheme": "너희/NP+박찬욱/NNP+감독/NNG+알/VV+아/EF"
          },
          {
            "id": 2,
            "text": "2 : 아니 박찬욱 그분은 어디 감독 님이셔?",
            "norm_text": "아니 박찬욱 그분은 어디 감독 님이셔?.,",
            "speaker": {
              "id": "2번",
              "sex": "여성",
              "age": "20대"
            },
            "speechAct": "(지시) 질문하기",
            "morpheme": "아니/IC+박찬욱/NNP+그/MM+분/NNB+은/JX+어디/NP+감독/NNG+님/XSN+이/VCP+셔/EP+EF"
          },
          {
            "id": 3,
            "text": "3 : 나도 그분 성함은 처음 듣는데 키키",
            "norm_text": "나도 그분 성함은 처음 듣는데 키키",
            "speaker": {
              "id": "3번",
              "sex": "남성",
              "age": "20대"
            },
            "speechAct": "(단언) 주장하기",
            "morpheme": "나/NP+도/JX+그/MM+분성/NNG+함/XSV+ETN+은/JX+처음/MAG+듣/VV+는데/EC+키/NNG+키/XSV+ETN"
          },
          {
            "id": 4,
            "text": "1 : 박찬욱 감독 몰라 너희?",
            "norm_text": "박찬욱 감독 몰라 너희?",
            "speaker": {
              "id": "1번",
              "sex": "여성",
              "age": "20대"
            },
            "speechAct": "(지시) 질문하기",
            "morpheme": "박찬욱/NNP+감독/NNG+몰라/VV+EF+너희/NP"
          },
          {
            "id": 5,
            "text": "2 : 응 나 몰라 그분 뭐 하신 분인데?",
            "norm_text": "응 나 몰라 그분 뭐 하신 분인데?",
            "speaker": {
              "id": "2번",
              "sex": "여성",
              "age": "20대"
            },
            "speechAct": "(지시) 질문하기",
            "morpheme": "응/IC+나/NP+몰라/VV+EF+그분/NP+뭐/IC+하/VV+신/EP+ETM+분/NNB+인데/VCP+EF"
          },
          {
            "id": 6,
            "text": "3 : 알려줘 우리 잘 모르잖아 너가 제일 똑똑해",
            "norm_text": "알려줘 우리 잘 모르잖아 너가 제일 똑똑해",
            "speaker": {
              "id": "3번",
              "sex": "남성",
              "age": "20대"
            },
            "speechAct": "(단언) 주장하기",
            "morpheme": "알려줘/VV+EC+VX+EC+우리/NP+잘/MAG+모르/VV+잖아/EF+너/NP+가/JKS+제일/MAG+똑똑/XR+해/XSA+EC"
          },
          {
            "id": 7,
            "text": "1 : 아니 너희 영화 아가씨 몰라...?",
            "norm_text": "아니 너희 영화 아가씨 몰라...?",
            "speaker": {
              "id": "1번",
              "sex": "여성",
              "age": "20대"
            },
            "speechAct": "(지시) 질문하기",
            "morpheme": "아니/IC+너희/NP+영화/NNG+아가씨/NNG+몰라/VV+EF+./SY+./SY"
          },
          {
            "id": 8,
            "text": "2 : 아 그거 알아 민희? 그 사람 나온 거 키키",
            "norm_text": "아 그거 알아 민희? 그 사람 나온 거 키키",
            "speaker": {
              "id": "2번",
              "sex": "여성",
              "age": "20대"
            },
            "speechAct": "(지시) 질문하기",
            "morpheme": "아/IC+그거/NP+알/VV+아/EC+민희/NNP+그/MM+사람/NNG+나온/VV+ETM+거/NNB+키/NNG+키/XSV+ETN"
          },
          {
            "id": 9,
            "text": "3 : 아가씨 들어만 보고 보지는 않았어 키키",
            "norm_text": "아가씨 들어만 보고 보지는 않았어 키키",
            "speaker": {
              "id": "3번",
              "sex": "남성",
              "age": "20대"
            },
            "speechAct": "(단언) 주장하기",
            "morpheme": "아가씨/NNG+들/VV+어/EC+만/JX+보/VV+고/EC+보/VX+지/EC+는/JX+않/VX+았/EP+어/EC+키/NNG+키/XSV+ETN"
          },
          {
            "id": 10,
            "text": "1 : 그래 엄청 유명한 분이신데 어떻게 모르냐",
            "norm_text": "그래 엄청 유명한 분이신데 어떻게 모르냐",
            "speaker": {
              "id": "1번",
              "sex": "여성",
              "age": "20대"
            },
            "speechAct": "(단언) 주장하기",
            "morpheme": "그래/IC+엄청/MAG+유명/NNG+한/MM+분/NNBC+이/JKS+신데/VA+EC+어떻게/MAG+모르/VV+냐/EC"
          },
          {
            "id": 11,
            "text": "2 : 키키 그분이 그거 찍으신 감독 님이야?",
            "norm_text": "키키 그분이 그거 찍으신 감독 님이야?",
            "speaker": {
              "id": "2번",
              "sex": "여성",
              "age": "20대"
            },
            "speechAct": "(지시) 질문하기",
            "morpheme": "키/NNG+키/XSV+ETN+그분/NP+이/JKS+그거/NP+찍/VV+으신/EP+ETM+감독/NNG+님/XSN+이/VCP+야/EF"
          },
          {
            "id": 12,
            "text": "3 : 그런가 보네 키키",
            "norm_text": "그런가 보네 키키",
            "speaker": {
              "id": "3번",
              "sex": "남성",
              "age": "20대"
            },
            "speechAct": "(단언) 주장하기",
            "morpheme": "그런가/VA+EC+보/VX+네/EF+키/NNG+키/XSV+ETN"
          },
          {
            "id": 13,
            "text": "3 : 근데 그 감독 님 새로 영화 내신데?",
            "norm_text": "근데 그 감독 님 새로 영화 내신데?",
            "speaker": {
              "id": "3번",
              "sex": "남성",
              "age": "20대"
            },
            "speechAct": "(지시) 질문하기",
            "morpheme": "근데/MAJ+그/MM+감독/NNG+님/XSN+새로/MAG+영화/NNG+내/NNB+신데/VCP+EP+EF"
          },
          {
            "id": 14,
            "text": "1 : 그래 너희한테 추천 받으려고 한 내가 바보다..",
            "norm_text": "그래 너희한테 추천 받으려고 한 내가 바보다..",
            "speaker": {
              "id": "1번",
              "sex": "여성",
              "age": "20대"
            },
            "speechAct": "(단언) 주장하기",
            "morpheme": "그래너희한테추천받으려고한내가바보다/UNKNOWN+./SY"
          },
          {
            "id": 15,
            "text": "2 : 맞아",
            "norm_text": "맞아",
            "speaker": {
              "id": "2번",
              "sex": "여성",
              "age": "20대"
            },
            "speechAct": "(단언) 주장하기",
            "morpheme": "맞/VV+아/EC"
          },
          {
            "id": 16,
            "text": "2 : 우리한테 너가 추천 해줘야 해 ...",
            "norm_text": "우리한테 너가 추천 해줘야 해 ...",
            "speaker": {
              "id": "2번",
              "sex": "여성",
              "age": "20대"
            },
            "speechAct": "(지시) 충고/제안하기",
            "morpheme": "우리/NP+한테/JKB+너/NP+가/JKS+추천/NNG+해/XSV+EC+줘야/VX+EC+해/VX+EF+./SY"
          },
          {
            "id": 17,
            "text": "3 : 맞아",
            "norm_text": "맞아",
            "speaker": {
              "id": "3번",
              "sex": "남성",
              "age": "20대"
            },
            "speechAct": "(단언) 주장하기",
            "morpheme": "맞/VV+아/EC"
          },
          {
            "id": 18,
            "text": "3 : 알고 지낸 게 몇 년인데 ...",
            "norm_text": "알고 지낸 게 몇 년인데 ...",
            "speaker": {
              "id": "3번",
              "sex": "남성",
              "age": "20대"
            },
            "speechAct": "(단언) 주장하기",
            "morpheme": "알/VV+고/EC+지낸/VV+ETM+게/NNB+JKS+몇/MM+년/NNBC+인데/VCP+EC+./SY+./SY"
          },
          {
            "id": 19,
            "text": "1 : 그냥 내가 네이버에 찾아서 볼께...",
            "norm_text": "그냥 내가 네이버에 찾아서 볼께...",
            "speaker": {
              "id": "1번",
              "sex": "여성",
              "age": "20대"
            },
            "speechAct": "(지시) 충고/제안하기",
            "morpheme": "그냥/MAG+내/NP+가/JKS+네이버/NNP+에/JKB+찾/VV+아서/EC+볼께/VX+EF+./SY"
          },
          {
            "id": 20,
            "text": "2 : 응...",
            "norm_text": "응...",
            "speaker": {
              "id": "2번",
              "sex": "여성",
              "age": "20대"
            },
            "speechAct": "(단언) 주장하기",
            "morpheme": "응/IC+./SY"
          },
          {
            "id": 21,
            "text": "2 : 너가 찾아서 좋은 거 우리 알려 줘",
            "norm_text": "너가 찾아서 좋은 거 우리 알려 줘",
            "speaker": {
              "id": "2번",
              "sex": "여성",
              "age": "20대"
            },
            "speechAct": "(지시) 부탁하기",
            "morpheme": "너/NP+가/JKS+찾/VV+아서/EC+좋/VA+은/ETM+거/NNB+우리/NP+알려줘/VV+EC+VX+EC"
          },
          {
            "id": 22,
            "text": "3 : 맞아",
            "norm_text": "맞아",
            "speaker": {
              "id": "3번",
              "sex": "남성",
              "age": "20대"
            },
            "speechAct": "(단언) 주장하기",
            "morpheme": "맞/VV+아/EC"
          },
          {
            "id": 23,
            "text": "3 : 너가 우리 정신적 지주야",
            "norm_text": "너가 우리 정신적 지주야",
            "speaker": {
              "id": "3번",
              "sex": "남성",
              "age": "20대"
            },
            "speechAct": "(단언) 주장하기",
            "morpheme": "너/NP+가/JKS+우리/NP+정신/NNG+적/XSN+지/VCP+EC+주/VX+야/EC"
          }
        ]
      }
    }
  ]
}