{
  "dataset": {
    "identifier": 118048,
    "name": "NATEON_28_12_set",
    "src_path": "/data/file/cubeManager/PROJECT001/80/txt20211102103851063616/NATEON_28_12_set/",
    "label_path": "/data/file/cubeManager/PROJECT001/80/txt20211102103851063616/NATEON_28_12_set/",
    "category": 2,
    "type": 0
  },
  "licenses": {
    "name": "Apache License 1.0",
    "url": "http://www.apache.org/licenses/LICENSE-1.0"
  },
  "info": [
    {
      "id": 129855,
      "filename": "NATEON_28_12.txt",
      "title": "NATEON_28_12",
      "mediatype": "메신저",
      "medianame": "네이트온",
      "category": "일상대화",
      "date": "2021-11-02",
      "size": 375,
      "annotations": {
        "subject": "여행",
        "speaker_type": "다자간 대화",
        "size": 375,
        "word_size": 129,
        "text": "1 : 다들 위드코로나 하면 여행 갈 꺼야?\n2 : 웅 난 진짜 그때를 기다리고 있는 중 키키\n3 : 위험 할 거 같은데 그래도 너무 가고 싶어 ㅠ\n1 : 간다면 어디로 갈 거 같아?\n2 : 나 원래 해외 가고 싶었는데 국내도 좋을 거 같아 하하 넌?\n3 : 음... 나는 남해로 가고 싶어!\n1 : 오 둘 다 국내네?\n2 : 웅 국내도 이쁜 데 많더라고!\n3 : 아직은 해외보다 국내가 낫지!\n3 : 응 하하 해외 같은 여행지 정말 많더라\n1 : 맞아 국내 여행 다 뿌시자!\n2 : 해외 같은 여행지 알아내면 서로 공유 해주자~\n3 : 키키 그래 여행지 서로 공유하자!\n1 : 응~ 그럼 다음에 내가 공유 할께\n2 : 나 오늘부터 여행지 검색 들어간다~\n3 : 그래! 나도 바로 검색해 봐야겠다!",
        "lines": [
          {
            "id": 1,
            "text": "1 : 다들 위드코로나 하면 여행 갈 꺼야?",
            "norm_text": "다들 위드코로나 하면 여행 갈 꺼야?",
            "speaker": {
              "id": "1번",
              "sex": "여성",
              "age": "20대"
            },
            "speechAct": "(지시) 질문하기",
            "morpheme": "다/MAG+들/XSN+위드/NNP+코로나/NNG+하/XSV+면/EC+여행/NNG+갈/VV+ETM+꺼/NNB+VCP+야/EF"
          },
          {
            "id": 2,
            "text": "2 : 웅 난 진짜 그때를 기다리고 있는 중 키키",
            "norm_text": "웅 난 진짜 그때를 기다리고 있는 중 키키",
            "speaker": {
              "id": "2번",
              "sex": "여성",
              "age": "20대"
            },
            "speechAct": "(단언) 주장하기",
            "morpheme": "웅/IC+난/NP+JX+진짜/MAG+그때/NNG+를/JKO+기다리/VV+고/EC+있/VX+는/ETM+중키/NNG+키/XSV+ETN"
          },
          {
            "id": 3,
            "text": "3 : 위험 할 거 같은데 그래도 너무 가고 싶어 ㅠ",
            "norm_text": "위험 할 거 같은데 그래도 너무 가고 싶어 ㅠ",
            "speaker": {
              "id": "3번",
              "sex": "남성",
              "age": "20대"
            },
            "speechAct": "(단언) 주장하기",
            "morpheme": "위험/NNG+할/XSV+ETM+거/NNB+같/VA+은/ETM+데/NNB+그래도/VV+EC+너무/MAG+가/VV+고/EC+싶/VX+어/EC+ㅠ/UNKNOWN"
          },
          {
            "id": 4,
            "text": "1 : 간다면 어디로 갈 거 같아?",
            "norm_text": "간다면 어디로 갈 거 같아?",
            "speaker": {
              "id": "1번",
              "sex": "여성",
              "age": "20대"
            },
            "speechAct": "(지시) 질문하기",
            "morpheme": "간다면/VV+EC+어디/NP+로/JKB+갈/VV+ETM+거/NNB+같/VA+아/EF"
          },
          {
            "id": 5,
            "text": "2 : 나 원래 해외 가고 싶었는데 국내도 좋을 거 같아 하하 넌?",
            "norm_text": "나 원래 해외 가고 싶었는데 국내도 좋을 거 같아 하하 넌?",
            "speaker": {
              "id": "2번",
              "sex": "여성",
              "age": "20대"
            },
            "speechAct": "(지시) 질문하기",
            "morpheme": "나/NP+원래/MAG+해외/NNG+가/VV+고/EC+싶/VX+었/EP+는데/EC+국내/NNG+도/JX+좋/VA+을/ETM+거/NNB+같/VA+아/EC+하하/MAG+넌/NP+JX"
          },
          {
            "id": 6,
            "text": "3 : 음... 나는 남해로 가고 싶어!",
            "norm_text": "음... 나는 남해로 가고 싶어!",
            "speaker": {
              "id": "3번",
              "sex": "남성",
              "age": "20대"
            },
            "speechAct": "(단언) 주장하기",
            "morpheme": "음/IC+./SY+나/NP+는/JX+남해/NNP+로/JKB+가/VV+고/EC+싶/VX+어/EF"
          },
          {
            "id": 7,
            "text": "1 : 오 둘 다 국내네?",
            "norm_text": "오 둘 다 국내네?",
            "speaker": {
              "id": "1번",
              "sex": "여성",
              "age": "20대"
            },
            "speechAct": "(단언) 진술하기",
            "morpheme": "오/NR+둘/NR+다/MAG+국내/NNG+네/VCP+EF"
          },
          {
            "id": 8,
            "text": "2 : 웅 국내도 이쁜 데 많더라고!",
            "norm_text": "웅 국내도 이쁜 데 많더라고!",
            "speaker": {
              "id": "2번",
              "sex": "여성",
              "age": "20대"
            },
            "speechAct": "(단언) 주장하기",
            "morpheme": "웅/IC+국내/NNG+도/JX+이쁜데/VA+EC+많/VA+더라고/EF"
          },
          {
            "id": 9,
            "text": "3 : 아직은 해외보다 국내가 낫지!",
            "norm_text": "아직은 해외보다 국내가 낫지!",
            "speaker": {
              "id": "3번",
              "sex": "남성",
              "age": "20대"
            },
            "speechAct": "(단언) 주장하기",
            "morpheme": "아직/MAG+은/JX+해외/NNG+보다/JKB+국내/NNG+가/JKS+낫/VA+지/EF"
          },
          {
            "id": 10,
            "text": "3 : 응 하하 해외 같은 여행지 정말 많더라",
            "norm_text": "응 하하 해외 같은 여행지 정말 많더라",
            "speaker": {
              "id": "3번",
              "sex": "남성",
              "age": "20대"
            },
            "speechAct": "(단언) 주장하기",
            "morpheme": "응/IC+하하/MAG+해외/NNG+같/VA+은/ETM+여행지/NNG+정말/MAG+많/VA+더라/EC"
          },
          {
            "id": 11,
            "text": "1 : 맞아 국내 여행 다 뿌시자!",
            "norm_text": "맞아 국내 여행 다 뿌시자!",
            "speaker": {
              "id": "1번",
              "sex": "여성",
              "age": "20대"
            },
            "speechAct": "(단언) 주장하기",
            "morpheme": "맞/VV+아/EC+국내/NNG+여행/NNG+다/MAG+뿌시/VV+자/EF"
          },
          {
            "id": 12,
            "text": "2 : 해외 같은 여행지 알아내면 서로 공유 해주자~",
            "norm_text": "해외 같은 여행지 알아내면 서로 공유 해주자~",
            "speaker": {
              "id": "2번",
              "sex": "여성",
              "age": "20대"
            },
            "speechAct": "(지시) 충고/제안하기",
            "morpheme": "해외/NNG+같/VA+은/ETM+여행지/NNG+알아내/VV+면/EC+서로/MAG+공유/NNG+해/XSV+EC+주/VX+자/EC+~/SY"
          },
          {
            "id": 13,
            "text": "3 : 키키 그래 여행지 서로 공유하자!",
            "norm_text": "키키 그래 여행지 서로 공유하자!",
            "speaker": {
              "id": "3번",
              "sex": "남성",
              "age": "20대"
            },
            "speechAct": "(언약) 약속하기(제3자와)/(개인적 수준)",
            "morpheme": "키/NNG+키/XSV+ETN+그래/VA+EC+여행지/NNG+서로/MAG+공유/NNG+하/XSA+자/EF"
          },
          {
            "id": 14,
            "text": "1 : 응~ 그럼 다음에 내가 공유 할께",
            "norm_text": "응~ 그럼 다음에 내가 공유 할께",
            "speaker": {
              "id": "1번",
              "sex": "여성",
              "age": "20대"
            },
            "speechAct": "(언약) 약속하기(제3자와)/(개인적 수준)",
            "morpheme": "응/IC+~/SY+그럼/MAJ+다음/NNG+에/JKB+내/NP+가/JKS+공유/NNG+할께/XSV+EC"
          },
          {
            "id": 15,
            "text": "2 : 나 오늘부터 여행지 검색 들어간다~",
            "norm_text": "나 오늘부터 여행지 검색 들어간다~",
            "speaker": {
              "id": "2번",
              "sex": "여성",
              "age": "20대"
            },
            "speechAct": "(언약) 약속하기(제3자와)/(개인적 수준)",
            "morpheme": "나/NP+오늘/NNG+부터/JX+여행지/NNG+검색/NNG+들어간다/VV+EC+~/SY"
          },
          {
            "id": 16,
            "text": "3 : 그래! 나도 바로 검색해 봐야겠다!",
            "norm_text": "그래! 나도 바로 검색해 봐야겠다!",
            "speaker": {
              "id": "3번",
              "sex": "남성",
              "age": "20대"
            },
            "speechAct": "(언약) 약속하기(제3자와)/(개인적 수준)",
            "morpheme": "그래/IC+나/NP+도/JX+바로/MAG+검색/NNG+해봐야/XSV+EC+VX+EC+VX+겠/EP+다/EF"
          }
        ]
      }
    }
  ]
}