{
  "dataset": {
    "identifier": 118519,
    "name": "NATEON_28_19_set",
    "src_path": "/data/file/cubeManager/PROJECT001/80/txt20211102103851070338/NATEON_28_19_set/",
    "label_path": "/data/file/cubeManager/PROJECT001/80/txt20211102103851070338/NATEON_28_19_set/",
    "category": 2,
    "type": 0
  },
  "licenses": {
    "name": "Apache License 1.0",
    "url": "http://www.apache.org/licenses/LICENSE-1.0"
  },
  "info": [
    {
      "id": 129862,
      "filename": "NATEON_28_19.txt",
      "title": "NATEON_28_19",
      "mediatype": "메신저",
      "medianame": "네이트온",
      "category": "일상대화",
      "date": "2021-11-02",
      "size": 434,
      "annotations": {
        "subject": "방송/연예",
        "speaker_type": "다자간 대화",
        "size": 434,
        "word_size": 154,
        "text": "1 : 이번에 김선호 사건 봤어?\n2 : 어 그거 진짜 장난 아니더라 키키\n3 : 응 그거 때문에 난리던데\n1 : 나도 보고 진짜 충격 먹었어\n2 : 아니 근데 이게 사실이라는 거야 아니라는 거야 ㅠㅠ\n3 : 근데 거의 사실이라고 하던데?\n1 : 응 소속사에서 사실이라고 인정 했데 ㅠ\n2 : 와 대박 이제 뜨고 있는데 바로 터지네 ㅠㅠ\n3 : 그냥 입장문을 빨리 내지 ㅠ\n1 : 그러게 그래서 여론이 더 안 좋나 봐\n2 : 공인도 진짜 할게 안 돼는 거 같아 ㅠㅠ\n3 : 나도 여론 안 좋은 사람 중 한 명!\n1 : 그러게 진짜 착하게 살아야 해\n2 : 난 갯차 안 봐서 아직 김선호한테 안 빠짐 하하\n2 : 맞아 인성도 좋아야 해!\n3 : 맞아 나도 나를 좀 뒤돌아 봐야겠어\n1 : 키키 그러니까 우리는 인성 다 좋잖아~\n2 : 잘 못 한 거 있음 얼릉 사과하자 키키\n3 : 맞아 우리는 걱정할 거 없어~",
        "lines": [
          {
            "id": 1,
            "text": "1 : 이번에 김선호 사건 봤어?",
            "norm_text": "이번에 김선호 사건 봤어?",
            "speaker": {
              "id": "1번",
              "sex": "여성",
              "age": "20대"
            },
            "speechAct": "(지시) 질문하기",
            "morpheme": "이번/NNG+에/JKB+김선호/NNP+사건/NNG+봤/VV+EP+어/EF"
          },
          {
            "id": 2,
            "text": "2 : 어 그거 진짜 장난 아니더라 키키",
            "norm_text": "어 그거 진짜 장난 아니더라 키키",
            "speaker": {
              "id": "2번",
              "sex": "여성",
              "age": "20대"
            },
            "speechAct": "(단언) 주장하기",
            "morpheme": "어/IC+그거/NP+진짜/MAG+장난/NNG+아니/VCN+더라/EC+키/NNG+키/XSV+ETN"
          },
          {
            "id": 3,
            "text": "3 : 응 그거 때문에 난리던데",
            "norm_text": "응 그거 때문에 난리던데",
            "speaker": {
              "id": "3번",
              "sex": "남성",
              "age": "20대"
            },
            "speechAct": "(단언) 진술하기",
            "morpheme": "응/IC+그거/NP+때문/NNB+에/JKB+난리/NNG+던데/VCP+EC"
          },
          {
            "id": 4,
            "text": "1 : 나도 보고 진짜 충격 먹었어",
            "norm_text": "나도 보고 진짜 충격 먹었어",
            "speaker": {
              "id": "1번",
              "sex": "여성",
              "age": "20대"
            },
            "speechAct": "(단언) 주장하기",
            "morpheme": "나/NP+도/JX+보/VV+고/EC+진짜/MAG+충격/NNG+먹/VV+었/EP+어/EC"
          },
          {
            "id": 5,
            "text": "2 : 아니 근데 이게 사실이라는 거야 아니라는 거야 ㅠㅠ",
            "norm_text": "아니 근데 이게 사실이라는 거야 아니라는 거야 ㅠㅠ",
            "speaker": {
              "id": "2번",
              "sex": "여성",
              "age": "20대"
            },
            "speechAct": "(지시) 질문하기",
            "morpheme": "아니/IC+근데/MAJ+이게/NP+JKS+사실/NNG+이/VCP+라는/ETM+거/NNB+야/VCP+EF+아니/VCN+라는/ETM+거/NNB+야/VCP+EF+ㅠㅠ/UNKNOWN"
          },
          {
            "id": 6,
            "text": "3 : 근데 거의 사실이라고 하던데?",
            "norm_text": "근데 거의 사실이라고 하던데?",
            "speaker": {
              "id": "3번",
              "sex": "남성",
              "age": "20대"
            },
            "speechAct": "(지시) 질문하기",
            "morpheme": "근데/MAJ+거의/MAG+사실/NNG+이/VCP+라고/EC+하/VX+던데/EF"
          },
          {
            "id": 7,
            "text": "1 : 응 소속사에서 사실이라고 인정 했데 ㅠ",
            "norm_text": "응 소속사에서 사실이라고 인정 했데 ㅠ",
            "speaker": {
              "id": "1번",
              "sex": "여성",
              "age": "20대"
            },
            "speechAct": "(단언) 진술하기",
            "morpheme": "응소/NNG+속사/NNG+에서/JKB+사실/NNG+이/VCP+라고/EC+인정/NNG+했/XSV+EP+데ㅠ/UNKNOWN"
          },
          {
            "id": 8,
            "text": "2 : 와 대박 이제 뜨고 있는데 바로 터지네 ㅠㅠ",
            "norm_text": "와 대박 이제 뜨고 있는데 바로 터지네 ㅠㅠ",
            "speaker": {
              "id": "2번",
              "sex": "여성",
              "age": "20대"
            },
            "speechAct": "(단언) 주장하기",
            "morpheme": "와/IC+대박/NNG+이제/MAG+뜨/VV+고/EC+있/VX+는데/EC+바로/MAG+터지/VV+네/EF+ㅠㅠ/UNKNOWN"
          },
          {
            "id": 9,
            "text": "3 : 그냥 입장문을 빨리 내지 ㅠ",
            "norm_text": "그냥 입장문을 빨리 내지 ㅠ",
            "speaker": {
              "id": "3번",
              "sex": "남성",
              "age": "20대"
            },
            "speechAct": "(단언) 주장하기",
            "morpheme": "그냥/MAG+입장/NNG+문/NNG+을/JKO+빨리/MAG+내지/NNP+ㅠ/UNKNOWN"
          },
          {
            "id": 10,
            "text": "1 : 그러게 그래서 여론이 더 안 좋나 봐",
            "norm_text": "그러게 그래서 여론이 더 안 좋나 봐",
            "speaker": {
              "id": "1번",
              "sex": "여성",
              "age": "20대"
            },
            "speechAct": "(단언) 주장하기",
            "morpheme": "그러게/IC+그래서/MAJ+여론/NNG+이/JKS+더/MAG+안/MAG+좋/VA+나/EC+봐/VX+EC"
          },
          {
            "id": 11,
            "text": "2 : 공인도 진짜 할게 안 돼는 거 같아 ㅠㅠ",
            "norm_text": "공인도 진짜 할게 안 돼는 거 같아 ㅠㅠ",
            "speaker": {
              "id": "2번",
              "sex": "여성",
              "age": "20대"
            },
            "speechAct": "(단언) 주장하기",
            "morpheme": "공인/NNG+도/JX+진짜/MAG+할/VV+ETM+게/NNB+JKS+안/MAG+돼/VV+는/ETM+거/NNB+같/VA+아/EC+ㅠㅠ/UNKNOWN"
          },
          {
            "id": 12,
            "text": "3 : 나도 여론 안 좋은 사람 중 한 명!",
            "norm_text": "나도 여론 안 좋은 사람 중 한 명!",
            "speaker": {
              "id": "3번",
              "sex": "남성",
              "age": "20대"
            },
            "speechAct": "(단언) 진술하기",
            "morpheme": "나/NP+도/JX+여론/NNG+안/MAG+좋/VA+은/ETM+사람/NNG+중/NNB+한/MM+명/NNBC"
          },
          {
            "id": 13,
            "text": "1 : 그러게 진짜 착하게 살아야 해",
            "norm_text": "그러게 진짜 착하게 살아야 해",
            "speaker": {
              "id": "1번",
              "sex": "여성",
              "age": "20대"
            },
            "speechAct": "(단언) 주장하기",
            "morpheme": "그러게/MAJ+진짜/MAG+착하/VA+게/EC+살/VV+아야/EC+해/VV+EC"
          },
          {
            "id": 14,
            "text": "2 : 난 갯차 안 봐서 아직 김선호한테 안 빠짐 하하",
            "norm_text": "난 갯차 안 봐서 아직 김선호한테 안 빠짐 하하",
            "speaker": {
              "id": "2번",
              "sex": "여성",
              "age": "20대"
            },
            "speechAct": "(단언) 진술하기",
            "morpheme": "난/NP+JX+갯/NNP+차/NNG+안/MAG+봐서/VV+EC+아직/MAG+김선호/NNP+한테/JKB+안/MAG+빠짐/VV+ETN+하하/MAG"
          },
          {
            "id": 15,
            "text": "2 : 맞아 인성도 좋아야 해!",
            "norm_text": "맞아 인성도 좋아야 해!",
            "speaker": {
              "id": "2번",
              "sex": "여성",
              "age": "20대"
            },
            "speechAct": "(단언) 주장하기",
            "morpheme": "맞/VV+아/EC+인성/NNG+도/JX+좋/VA+아야/EC+해/VX+EF"
          },
          {
            "id": 16,
            "text": "3 : 맞아 나도 나를 좀 뒤돌아 봐야겠어",
            "norm_text": "맞아 나도 나를 좀 뒤돌아 봐야겠어",
            "speaker": {
              "id": "3번",
              "sex": "남성",
              "age": "20대"
            },
            "speechAct": "(단언) 주장하기",
            "morpheme": "맞/VV+아/EC+나/NP+도/JX+나/NP+를/JKO+좀/MAG+뒤돌/VV+아/EC+봐야/VX+EC+VV+겠/EP+어/EC"
          },
          {
            "id": 17,
            "text": "1 : 키키 그러니까 우리는 인성 다 좋잖아~",
            "norm_text": "키키 그러니까 우리는 인성 다 좋잖아~",
            "speaker": {
              "id": "1번",
              "sex": "여성",
              "age": "20대"
            },
            "speechAct": "(단언) 주장하기",
            "morpheme": "키/NNG+키/XSV+ETN+그러니까/MAJ+우리/NP+는/JX+인성/NNG+다/MAG+좋/VA+잖아/EC+~/SY"
          },
          {
            "id": 18,
            "text": "2 : 잘 못 한 거 있음 얼릉 사과하자 키키",
            "norm_text": "잘 못 한 거 있음 얼릉 사과하자 키키",
            "speaker": {
              "id": "2번",
              "sex": "여성",
              "age": "20대"
            },
            "speechAct": "(단언) 주장하기",
            "morpheme": "잘못/MAG+한/XSA+ETM+거/NNB+있/VA+음/ETN+얼릉/MAG+사과/NNG+하/XSV+자/EC+키/NNG+키/XSV+ETN"
          },
          {
            "id": 19,
            "text": "3 : 맞아 우리는 걱정할 거 없어~",
            "norm_text": "맞아 우리는 걱정할 거 없어~",
            "speaker": {
              "id": "3번",
              "sex": "남성",
              "age": "20대"
            },
            "speechAct": "(단언) 주장하기",
            "morpheme": "맞/VV+아/EC+우리/NP+는/JX+걱정/NNG+할/XSV+ETM+거/NNB+없/VA+어/EC+~/SY"
          }
        ]
      }
    }
  ]
}