{
  "dataset": {
    "identifier": 117438,
    "name": "NATEON_29_04_set",
    "src_path": "/data/file/cubeManager/PROJECT001/80/txt20211102103851074812/NATEON_29_04_set/",
    "label_path": "/data/file/cubeManager/PROJECT001/80/txt20211102103851074812/NATEON_29_04_set/",
    "category": 2,
    "type": 0
  },
  "licenses": {
    "name": "Apache License 1.0",
    "url": "http://www.apache.org/licenses/LICENSE-1.0"
  },
  "info": [
    {
      "id": 129867,
      "filename": "NATEON_29_04.txt",
      "title": "NATEON_29_04",
      "mediatype": "메신저",
      "medianame": "네이트온",
      "category": "일상대화",
      "date": "2021-11-02",
      "size": 411,
      "annotations": {
        "subject": "회사/아르바이트",
        "speaker_type": "다자간 대화",
        "size": 411,
        "word_size": 145,
        "text": "1 : 하, 나 이번에 또 서류 떨어졌어\n2 : 헉 ㅠㅠ 그럼 자소서 다시 새로 쓰려고?\n3 : 너 이번엔 어디 넣었는데?\n1 : 응 완전히 갈아 엎어야겠어 ㅠ\n2 : 그래도 너 잘 하는데 ㅠㅠ\n2 : 거기 보는 눈이 없네\n3 : 아이고 너도 참 고생이다 ㅠ\n1 : 맞아, 상반기에도 넣었는데 짜증나 ㅠ\n2 : 거기가 마음에 들어서 계속 지원 하는 거야?\n3 : 진짜 완전 짜증 날만하다!\n1 : 응, 난 여기 꼭 다니고 싶어\n2 : 그럼 내년에 다시 도전 하려고?\n3 : 그런 곳에 취직하면 성취감 장난 아닐 거야\n1 : 그러니까 난 꼭 거기 취직할 거야\n2 : 계속 하다 보면 붙을 거야! 할 수 있어 ㅠㅠ\n3 : 맞아 자격증을 더 따보는 건 어때?\n1 : 음 그럴까? 더 따야 하나?\n2 : 웅 새로 작성하고 더 공부 해봐 ㅠㅠ\n3 : 아무래도 더 있으면 좋지!",
        "lines": [
          {
            "id": 1,
            "text": "1 : 하, 나 이번에 또 서류 떨어졌어",
            "norm_text": "하, 나 이번에 또 서류 떨어졌어",
            "speaker": {
              "id": "1번",
              "sex": "여성",
              "age": "20대"
            },
            "speechAct": "(단언) 진술하기",
            "morpheme": "하/IC+,/SC+나/NP+이번/NNG+에/JKB+또/MAG+서류/NNG+떨어졌/VV+EP+어/EC"
          },
          {
            "id": 2,
            "text": "2 : 헉 ㅠㅠ 그럼 자소서 다시 새로 쓰려고?",
            "norm_text": "헉 ㅠㅠ 그럼 자소서 다시 새로 쓰려고?",
            "speaker": {
              "id": "2번",
              "sex": "여성",
              "age": "20대"
            },
            "speechAct": "(지시) 질문하기",
            "morpheme": "헉/IC+ㅠㅠ/UNKNOWN+그럼/MAJ+자/VV+소서/EF+다시/MAG+새로/MAG+쓰/VV+려고/EF"
          },
          {
            "id": 3,
            "text": "3 : 너 이번엔 어디 넣었는데?",
            "norm_text": "너 이번엔 어디 넣었는데?",
            "speaker": {
              "id": "3번",
              "sex": "남성",
              "age": "20대"
            },
            "speechAct": "(지시) 질문하기",
            "morpheme": "너/NP+이번/NNG+엔/JKB+JX+어디/NP+넣/VV+었/EP+는데/EF"
          },
          {
            "id": 4,
            "text": "1 : 응 완전히 갈아 엎어야겠어 ㅠ",
            "norm_text": "응 완전히 갈아 엎어야겠어 ㅠ",
            "speaker": {
              "id": "1번",
              "sex": "여성",
              "age": "20대"
            },
            "speechAct": "(언약) 약속하기(제3자와)/(개인적 수준)",
            "morpheme": "응/IC+완전히/MAG+갈아엎/VV+어야/EC+겠어/VX+EP+EF+ㅠ/UNKNOWN"
          },
          {
            "id": 5,
            "text": "2 : 그래도 너 잘 하는데 ㅠㅠ",
            "norm_text": "그래도 너 잘 하는데 ㅠㅠ",
            "speaker": {
              "id": "2번",
              "sex": "여성",
              "age": "20대"
            },
            "speechAct": "(단언) 주장하기",
            "morpheme": "그래도/MAJ+너/NP+잘/MAG+하/VV+는데/EC+ㅠㅠ/UNKNOWN"
          },
          {
            "id": 6,
            "text": "2 : 거기 보는 눈이 없네",
            "norm_text": "거기 보는 눈이 없네",
            "speaker": {
              "id": "2번",
              "sex": "여성",
              "age": "20대"
            },
            "speechAct": "(단언) 주장하기",
            "morpheme": "거기/NP+보/VV+는/ETM+눈/NNG+이/JKS+없/VA+네/EC"
          },
          {
            "id": 7,
            "text": "3 : 아이고 너도 참 고생이다 ㅠ",
            "norm_text": "아이고 너도 참 고생이다 ㅠ",
            "speaker": {
              "id": "3번",
              "sex": "남성",
              "age": "20대"
            },
            "speechAct": "(단언) 주장하기",
            "morpheme": "아이고/IC+너/NP+도/JX+참고/NNG+생/XSN+이/VCP+다/EF+ㅠ/UNKNOWN"
          },
          {
            "id": 8,
            "text": "1 : 맞아, 상반기에도 넣었는데 짜증나 ㅠ",
            "norm_text": "맞아, 상반기에도 넣었는데 짜증나 ㅠ",
            "speaker": {
              "id": "1번",
              "sex": "여성",
              "age": "20대"
            },
            "speechAct": "(단언) 주장하기",
            "morpheme": "맞/VV+아/EC+,/SC+상반기에도넣었는데짜증나ㅠ/UNKNOWN"
          },
          {
            "id": 9,
            "text": "2 : 거기가 마음에 들어서 계속 지원 하는 거야?",
            "norm_text": "거기가 마음에 들어서 계속 지원 하는 거야?",
            "speaker": {
              "id": "2번",
              "sex": "여성",
              "age": "20대"
            },
            "speechAct": "(지시) 질문하기",
            "morpheme": "거기/NP+가/JKS+마음/NNG+에/JKB+들/VV+어서/EC+계속/MAG+지원/NNG+하/XSV+는/ETM+거/NNB+야/VCP+EF"
          },
          {
            "id": 10,
            "text": "3 : 진짜 완전 짜증 날만하다!",
            "norm_text": "진짜 완전 짜증 날만하다!",
            "speaker": {
              "id": "3번",
              "sex": "남성",
              "age": "20대"
            },
            "speechAct": "(단언) 주장하기",
            "morpheme": "진짜/MAG+완전/MAG+짜증/NNG+날/NNG+만/JX+하/VV+다/EF"
          },
          {
            "id": 11,
            "text": "1 : 응, 난 여기 꼭 다니고 싶어",
            "norm_text": "응, 난 여기 꼭 다니고 싶어",
            "speaker": {
              "id": "1번",
              "sex": "여성",
              "age": "20대"
            },
            "speechAct": "(단언) 주장하기",
            "morpheme": "응/IC+,/SC+난/NP+JX+여기/NP+꼭/MAG+다니/VV+고/EC+싶/VX+어/EC"
          },
          {
            "id": 12,
            "text": "2 : 그럼 내년에 다시 도전 하려고?",
            "norm_text": "그럼 내년에 다시 도전 하려고?",
            "speaker": {
              "id": "2번",
              "sex": "여성",
              "age": "20대"
            },
            "speechAct": "(지시) 질문하기",
            "morpheme": "그럼/MAJ+내년/NNG+에/JKB+다시/MAG+도전/NNG+하/XSA+려고/EF"
          },
          {
            "id": 13,
            "text": "3 : 그런 곳에 취직하면 성취감 장난 아닐 거야",
            "norm_text": "그런 곳에 취직하면 성취감 장난 아닐 거야",
            "speaker": {
              "id": "3번",
              "sex": "남성",
              "age": "20대"
            },
            "speechAct": "(단언) 주장하기",
            "morpheme": "그런/MM+곳/NNG+에/JKB+취직/NNG+하/XSV+면/EC+성취감/NNG+장난/NNG+아닐/VCN+ETM+거/NNB+야/VCP+EF"
          },
          {
            "id": 14,
            "text": "1 : 그러니까 난 꼭 거기 취직할 거야",
            "norm_text": "그러니까 난 꼭 거기 취직할 거야",
            "speaker": {
              "id": "1번",
              "sex": "여성",
              "age": "20대"
            },
            "speechAct": "(언약) 약속하기(제3자와)/(개인적 수준)",
            "morpheme": "그러니까/MAJ+난/NP+JX+꼭/MAG+거기/NP+취직/NNG+할/XSV+ETM+거/NNB+야/VCP+EF"
          },
          {
            "id": 15,
            "text": "2 : 계속 하다 보면 붙을 거야! 할 수 있어 ㅠㅠ",
            "norm_text": "계속 하다 보면 붙을 거야! 할 수 있어 ㅠㅠ",
            "speaker": {
              "id": "2번",
              "sex": "여성",
              "age": "20대"
            },
            "speechAct": "(단언) 주장하기",
            "morpheme": "계속/NNG+하/XSV+다/EC+보/VX+면/EC+붙/VV+을/ETM+거/NNB+야/VCP+EF+할/VV+ETM+수/NNB+있/VV+어/EC+ㅠㅠ/UNKNOWN"
          },
          {
            "id": 16,
            "text": "3 : 맞아 자격증을 더 따보는 건 어때?",
            "norm_text": "맞아 자격증을 더 따보는 건 어때?",
            "speaker": {
              "id": "3번",
              "sex": "남성",
              "age": "20대"
            },
            "speechAct": "(지시) 충고/제안하기",
            "morpheme": "맞/VV+아/EC+자격증/NNG+을/JKO+더/MAG+따/VV+EC+보/VX+는/ETM+건/NNB+JX+어때/VA+EF"
          },
          {
            "id": 17,
            "text": "1 : 음 그럴까? 더 따야 하나?",
            "norm_text": "음 그럴까? 더 따야 하나?",
            "speaker": {
              "id": "1번",
              "sex": "여성",
              "age": "20대"
            },
            "speechAct": "(단언) 주장하기",
            "morpheme": "음/IC+그럴까/VV+EF+더/MAG+따/VV+야/EF+하나/NR"
          },
          {
            "id": 18,
            "text": "2 : 웅 새로 작성하고 더 공부 해봐 ㅠㅠ",
            "norm_text": "웅 새로 작성하고 더 공부 해봐 ㅠㅠ",
            "speaker": {
              "id": "2번",
              "sex": "여성",
              "age": "20대"
            },
            "speechAct": "(지시) 충고/제안하기",
            "morpheme": "웅/IC+새로/MAG+작성/NNG+하/XSV+고/EC+더/MAG+공부/NNG+해/XSV+EC+봐/VX+EF+ㅠㅠ/UNKNOWN"
          },
          {
            "id": 19,
            "text": "3 : 아무래도 더 있으면 좋지!",
            "norm_text": "아무래도 더 있으면 좋지!",
            "speaker": {
              "id": "3번",
              "sex": "남성",
              "age": "20대"
            },
            "speechAct": "(단언) 주장하기",
            "morpheme": "아무래도/MAG+더/MAG+있/VA+으면/EC+좋/VA+지/EF"
          }
        ]
      }
    }
  ]
}