{
  "dataset": {
    "identifier": 124318,
    "name": "NATEON_45_17_set",
    "src_path": "/data/file/cubeManager/PROJECT001/84/txt20211105113423095666/NATEON_45_17_set/",
    "label_path": "/data/file/cubeManager/PROJECT001/84/txt20211105113423095666/NATEON_45_17_set/",
    "category": 2,
    "type": 0
  },
  "licenses": {
    "name": "Apache License 1.0",
    "url": "http://www.apache.org/licenses/LICENSE-1.0"
  },
  "info": [
    {
      "id": 138912,
      "filename": "NATEON_45_17.txt",
      "title": "NATEON_45_17",
      "mediatype": "메신저",
      "medianame": "네이트온",
      "category": "일상대화",
      "date": "2021-11-05",
      "size": 422,
      "annotations": {
        "subject": "건강",
        "speaker_type": "다자간 대화",
        "size": 422,
        "word_size": 145,
        "text": "1 : 나 요즘 계속 현미밥 먹어\n2 : 현미밥? 왜 다이어트 하고 있어?\n3 : 야 갑자기 웬 현미밥이야?\n1 : 흰 쌀밥은 몸에 안 좋다고 해서\n2 : 헐 흰 밥은 몸에 안 좋아?\n3 : 맞아\n3 : 흰색으로 된 음식은 몸에 안 좋다며?\n1 : 응 그래서 흰색은 피하는 중이야\n2 : 헐... 나 그거 아예 몰랐네 ㅠㅠ\n3 : 응 흰쌀로만 된 밥은 안 좋대\n1 : 응 혈당이 엄청 올라간다고 하던데\n2 : 아 진짜? 나도 그럼 현미밥으로 바꿔야겠다 ㅠㅠ\n3 : 맞아 그래서 잡곡밥이 제일 좋대\n1 : 응 하하\n1 : 그래서 현미밥이나 잡곡밥으로 챙겨 먹어\n2 : 잡곡밥? 그거 나도 사서 엄마랑 먹어야겠다 키키\n3 : 설탕도 알룰로스인가 그걸로 대체해서 먹잖아\n1 : 응 맞아 하하\n1 : 그건 대중화 됐더라\n2 : 와 요즘 진짜 대체품 많아졌다 하하\n3 : 응 하하 몸에 좋게 먹어야지",
        "lines": [
          {
            "id": 1,
            "text": "1 : 나 요즘 계속 현미밥 먹어",
            "norm_text": "나 요즘 계속 현미밥 먹어",
            "speaker": {
              "id": "1번",
              "sex": "여성",
              "age": "20대"
            },
            "speechAct": "(단언) 진술하기",
            "morpheme": "나/NP+요즘/MAG+계속/MAG+현미밥/NNG+먹/VV+어/EC"
          },
          {
            "id": 2,
            "text": "2 : 현미밥? 왜 다이어트 하고 있어?",
            "norm_text": "현미밥? 왜 다이어트 하고 있어?",
            "speaker": {
              "id": "2번",
              "sex": "여성",
              "age": "20대"
            },
            "speechAct": "(지시) 질문하기",
            "morpheme": "현미밥/NNG+왜/MAG+다이어트/NNG+하/XSV+고/EC+있/VX+어/EF"
          },
          {
            "id": 3,
            "text": "3 : 야 갑자기 웬 현미밥이야?",
            "norm_text": "야 갑자기 웬 현미밥이야?",
            "speaker": {
              "id": "3번",
              "sex": "남성",
              "age": "20대"
            },
            "speechAct": "(지시) 질문하기",
            "morpheme": "야/IC+갑자기/MAG+웬/MM+현미밥/NNG+이/VCP+야/EF"
          },
          {
            "id": 4,
            "text": "1 : 흰 쌀밥은 몸에 안 좋다고 해서",
            "norm_text": "흰 쌀밥은 몸에 안 좋다고 해서",
            "speaker": {
              "id": "1번",
              "sex": "여성",
              "age": "20대"
            },
            "speechAct": "(단언) 진술하기",
            "morpheme": "흰쌀밥/NNG+은/JX+몸/NNG+에/JKB+안/MAG+좋/VA+다고/EC+해서/VV+EC"
          },
          {
            "id": 5,
            "text": "2 : 헐 흰 밥은 몸에 안 좋아?",
            "norm_text": "헐 흰 밥은 몸에 안 좋아?",
            "speaker": {
              "id": "2번",
              "sex": "여성",
              "age": "20대"
            },
            "speechAct": "(지시) 질문하기",
            "morpheme": "헐/IC+흰밥/NNG+은/JX+몸/NNG+에/JKB+안/MAG+좋/VA+아/EF"
          },
          {
            "id": 6,
            "text": "3 : 맞아",
            "norm_text": "맞아",
            "speaker": {
              "id": "3번",
              "sex": "남성",
              "age": "20대"
            },
            "speechAct": "(단언) 주장하기",
            "morpheme": "맞/VV+아/EC"
          },
          {
            "id": 7,
            "text": "3 : 흰색으로 된 음식은 몸에 안 좋다며?",
            "norm_text": "흰색으로 된 음식은 몸에 안 좋다며?",
            "speaker": {
              "id": "3번",
              "sex": "남성",
              "age": "20대"
            },
            "speechAct": "(지시) 질문하기",
            "morpheme": "흰색/NNG+으로/JKB+된/VV+ETM+음식/NNG+은/JX+몸/NNG+에/JKB+안/MAG+좋/VA+다며/EF"
          },
          {
            "id": 8,
            "text": "1 : 응 그래서 흰색은 피하는 중이야",
            "norm_text": "응 그래서 흰색은 피하는 중이야",
            "speaker": {
              "id": "1번",
              "sex": "여성",
              "age": "20대"
            },
            "speechAct": "(단언) 진술하기",
            "morpheme": "응/IC+그래서/MAJ+흰색/NNG+은/JX+피하/VV+는/ETM+중/NNB+이/VCP+야/EC"
          },
          {
            "id": 9,
            "text": "2 : 헐... 나 그거 아예 몰랐네 ㅠㅠ",
            "norm_text": "헐... 나 그거 아예 몰랐네 ㅠㅠ",
            "speaker": {
              "id": "2번",
              "sex": "여성",
              "age": "20대"
            },
            "speechAct": "(단언) 주장하기",
            "morpheme": "헐/IC+./SY+나그거아예몰랐네ㅠㅠ/UNKNOWN"
          },
          {
            "id": 10,
            "text": "3 : 응 흰쌀로만 된 밥은 안 좋대",
            "norm_text": "응 흰쌀로만 된 밥은 안 좋대",
            "speaker": {
              "id": "3번",
              "sex": "남성",
              "age": "20대"
            },
            "speechAct": "(단언) 진술하기",
            "morpheme": "응/IC+흰쌀/NNG+로/JKB+만/JX+된/VV+ETM+밥/NNG+은/JX+안/MAG+좋/VA+대/EC"
          },
          {
            "id": 11,
            "text": "1 : 응 혈당이 엄청 올라간다고 하던데",
            "norm_text": "응 혈당이 엄청 올라간다고 하던데",
            "speaker": {
              "id": "1번",
              "sex": "여성",
              "age": "20대"
            },
            "speechAct": "(단언) 진술하기",
            "morpheme": "응/IC+혈당/NNG+이/JKS+엄청/MAG+올라간다고/VV+EC+하/VV+던데/EC"
          },
          {
            "id": 12,
            "text": "2 : 아 진짜? 나도 그럼 현미밥으로 바꿔야겠다 ㅠㅠ",
            "norm_text": "아 진짜? 나도 그럼 현미밥으로 바꿔야겠다 ㅠㅠ",
            "speaker": {
              "id": "2번",
              "sex": "여성",
              "age": "20대"
            },
            "speechAct": "(단언) 주장하기",
            "morpheme": "아/IC+진짜/MAG+나도그럼현미밥으로바꿔야겠다ㅠㅠ/UNKNOWN"
          },
          {
            "id": 13,
            "text": "3 : 맞아 그래서 잡곡밥이 제일 좋대",
            "norm_text": "맞아 그래서 잡곡밥이 제일 좋대",
            "speaker": {
              "id": "3번",
              "sex": "남성",
              "age": "20대"
            },
            "speechAct": "(단언) 진술하기",
            "morpheme": "맞아/IC+그래서/MAJ+잡곡밥/NNG+이/JKS+제일/MAG+좋/VA+대/EC"
          },
          {
            "id": 14,
            "text": "1 : 응 하하",
            "norm_text": "응 하하",
            "speaker": {
              "id": "1번",
              "sex": "여성",
              "age": "20대"
            },
            "speechAct": "(단언) 주장하기",
            "morpheme": "응/IC+하하/MAG"
          },
          {
            "id": 15,
            "text": "1 : 그래서 현미밥이나 잡곡밥으로 챙겨 먹어",
            "norm_text": "그래서 현미밥이나 잡곡밥으로 챙겨 먹어",
            "speaker": {
              "id": "1번",
              "sex": "여성",
              "age": "20대"
            },
            "speechAct": "(단언) 진술하기",
            "morpheme": "그래서/MAJ+현미밥/NNG+이나/JC+잡곡밥/NNG+으로/JKB+챙겨/VV+EC+먹/VV+어/EC"
          },
          {
            "id": 16,
            "text": "2 : 잡곡밥? 그거 나도 사서 엄마랑 먹어야겠다 키키",
            "norm_text": "잡곡밥? 그거 나도 사서 엄마랑 먹어야겠다 키키",
            "speaker": {
              "id": "2번",
              "sex": "여성",
              "age": "20대"
            },
            "speechAct": "(단언) 주장하기",
            "morpheme": "잡곡밥/NNG+?/SY+그거나도사서엄마랑먹어야겠다키키/UNKNOWN"
          },
          {
            "id": 17,
            "text": "3 : 설탕도 알룰로스인가 그걸로 대체해서 먹잖아",
            "norm_text": "설탕도 알룰로스인가 그걸로 대체해서 먹잖아",
            "speaker": {
              "id": "3번",
              "sex": "남성",
              "age": "20대"
            },
            "speechAct": "(단언) 진술하기",
            "morpheme": "설탕/NNG+도/JX+알/VV+ETM+룰/NNG+로스/NNG+인가/VCP+EC+그걸로/NP+JKB+대체/NNG+해서/XSV+EC+먹/VV+잖아/EC"
          },
          {
            "id": 18,
            "text": "1 : 응 맞아 하하",
            "norm_text": "응 맞아 하하",
            "speaker": {
              "id": "1번",
              "sex": "여성",
              "age": "20대"
            },
            "speechAct": "(단언) 주장하기",
            "morpheme": "응/IC+맞/VV+아/EC+하하/MAG"
          },
          {
            "id": 19,
            "text": "1 : 그건 대중화 됐더라",
            "norm_text": "그건 대중화 됐더라",
            "speaker": {
              "id": "1번",
              "sex": "여성",
              "age": "20대"
            },
            "speechAct": "(단언) 진술하기",
            "morpheme": "그건/NP+JX+대중/NNG+화/XSN+됐/XSV+EP+더라/EC"
          },
          {
            "id": 20,
            "text": "2 : 와 요즘 진짜 대체품 많아졌다 하하",
            "norm_text": "와 요즘 진짜 대체품 많아졌다 하하",
            "speaker": {
              "id": "2번",
              "sex": "여성",
              "age": "20대"
            },
            "speechAct": "(단언) 주장하기",
            "morpheme": "와/IC+요즘/MAG+진짜/MAG+대체/MAG+품/NNG+많/VA+아/EC+졌/VX+EP+다/EF+하하/MAG"
          },
          {
            "id": 21,
            "text": "3 : 응 하하 몸에 좋게 먹어야지",
            "norm_text": "응 하하 몸에 좋게 먹어야지",
            "speaker": {
              "id": "3번",
              "sex": "남성",
              "age": "20대"
            },
            "speechAct": "(단언) 주장하기",
            "morpheme": "응/IC+하하/MAG+몸/NNG+에/JKB+좋/VA+게/EC+먹/VV+어야지/EC"
          }
        ]
      }
    }
  ]
}