{
  "dataset": {
    "identifier": 507,
    "name": "NATEON_21_19_set",
    "src_path": "/data/file/cubeManager/PROJECT001/7/txt20210826181925021484/NATEON_21_19_set/",
    "label_path": "/data/file/cubeManager/PROJECT001/7/txt20210826181925021484/NATEON_21_19_set/",
    "category": 2,
    "type": 0
  },
  "licenses": {
    "name": "Apache License 1.0",
    "url": "http://www.apache.org/licenses/LICENSE-1.0"
  },
  "info": [
    {
      "id": 798,
      "filename": "NATEON_21_19.txt",
      "title": "NATEON_21_19",
      "mediatype": "메신저",
      "medianame": "네이트온",
      "category": "일상대화",
      "date": "2021-08-26",
      "size": 514,
      "annotations": {
        "subject": "방송/연예",
        "speaker_type": "1:1",
        "size": 514,
        "word_size": 157,
        "text": "1 : 좋아하는 TV 프로그램 있으세요?\n2 : 저는 개그콘서트를 좋아합니다.\n1 : 개그콘서트 종방하지 않았나요?\n2 : 네\n2 : 종방했는데 어릴 때 재밌게 봤던 기억이 있어서요.\n1 : 그 중에서 어떤 프로를 좋아하셨나요?\n2 : 갑자기 말하려니 기억이 안 나네요\n2 : 혹시 직접 가셔서 방청을 하신 적이 있으신가요?\n1 : 방청하고 싶었는데 그 당시에 워낙 인기가 많아서 못 갔어요.\n1 : 가신 적 있으세요?\n2 : 저는 개콘이랑 안녕하세요 방청을 가봤습니다.\n1 : 오 어떻게 신청하셨어요?\n2 : 그냥 홈페이지에서 신청을 했어요!\n1 : 한번에 당첨이 된 건가요?\n2 : 네 제가 갈 때쯤에는 둘 다 거의 끝물이었던 거 같아요 키키\n1 : 아 저도 한번 가보고 싶었는데 연예인들도 보셨나요?\n2 : 네\n2 : 그때 출연자 분들 봤어요\n2 : 이영자랑 신동엽이랑 컬투랑 등등 키키\n1 : 나중에 저도 기회가 되면 가보고 싶네요.\n1 : 신청 방법 좀 알려주세요.\n2 : 네 알겠습니다\n2 : 요즘에는 코로나 때문에 방청은 안 하는 거 같더라고요.",
        "lines": [
          {
            "id": 1,
            "text": "1 : 좋아하는 TV 프로그램 있으세요?",
            "norm_text": "좋아하는 TV 프로그램 있으세요?",
            "speaker": {
              "id": "1번",
              "sex": "남성",
              "age": "30대"
            },
            "speechAct": "(지시) 질문하기",
            "morpheme": "좋/VA+아/EC+하/VV+는/ETM+TV/SL+프로그램/NNG+있/VA+으세요/EF"
          },
          {
            "id": 2,
            "text": "2 : 저는 개그콘서트를 좋아합니다.",
            "norm_text": "저는 개그콘서트를 좋아합니다.",
            "speaker": {
              "id": "2번",
              "sex": "남성",
              "age": "30대"
            },
            "speechAct": "(단언) 주장하기",
            "morpheme": "저/NP+는/JX+개그콘서트/NNP+를/JKO+좋/VA+아/EC+합니다/VX+EF"
          },
          {
            "id": 3,
            "text": "1 : 개그콘서트 종방하지 않았나요?",
            "norm_text": "개그콘서트 종방하지 않았나요?",
            "speaker": {
              "id": "1번",
              "sex": "남성",
              "age": "30대"
            },
            "speechAct": "(지시) 질문하기",
            "morpheme": "개그콘서트/NNP+종방/NNG+하/XSV+지/EC+않/VX+았/EP+나요/EF"
          },
          {
            "id": 4,
            "text": "2 : 네",
            "norm_text": "네",
            "speaker": {
              "id": "2번",
              "sex": "남성",
              "age": "30대"
            },
            "speechAct": "(단언) 주장하기",
            "morpheme": "네/IC"
          },
          {
            "id": 5,
            "text": "2 : 종방했는데 어릴 때 재밌게 봤던 기억이 있어서요.",
            "norm_text": "종방했는데 어릴 때 재밌게 봤던 기억이 있어서요.",
            "speaker": {
              "id": "2번",
              "sex": "남성",
              "age": "30대"
            },
            "speechAct": "(단언) 주장하기",
            "morpheme": "종방/NNG+했/XSV+EP+는데/EC+어릴/VA+ETM+때/NNG+재밌/VA+게/EC+봤/VX+EP+던/ETM+기억/NNG+이/JKS+있/VA+어서요/EF"
          },
          {
            "id": 6,
            "text": "1 : 그 중에서 어떤 프로를 좋아하셨나요?",
            "norm_text": "그 중에서 어떤 프로를 좋아하셨나요?",
            "speaker": {
              "id": "1번",
              "sex": "남성",
              "age": "30대"
            },
            "speechAct": "(지시) 질문하기",
            "morpheme": "그/MM+중/NNB+에서/JKB+어떤/MM+프로/NNG+를/JKO+좋아하/VV+셨/EP+EP+나요/EF"
          },
          {
            "id": 7,
            "text": "2 : 갑자기 말하려니 기억이 안 나네요",
            "norm_text": "갑자기 말하려니 기억이 안 나네요",
            "speaker": {
              "id": "2번",
              "sex": "남성",
              "age": "30대"
            },
            "speechAct": "(단언) 주장하기",
            "morpheme": "갑자기/MAG+말/NNG+하/XSV+려니/EC+기억/NNG+이/JKS+안/MAG+나/VV+네요/EC"
          },
          {
            "id": 8,
            "text": "2 : 혹시 직접 가셔서 방청을 하신 적이 있으신가요?",
            "norm_text": "혹시 직접 가셔서 방청을 하신 적이 있으신가요?",
            "speaker": {
              "id": "2번",
              "sex": "남성",
              "age": "30대"
            },
            "speechAct": "(지시) 질문하기",
            "morpheme": "혹시/MAG+직접/MAG+가셔서/VV+EC+방청/NNG+을/JKO+하/VV+신/EP+ETM+적/NNB+이/JKS+있/VA+으신/EP+ETM+가요/NNG"
          },
          {
            "id": 9,
            "text": "1 : 방청하고 싶었는데 그 당시에 워낙 인기가 많아서 못 갔어요.",
            "norm_text": "방청하고 싶었는데 그 당시에 워낙 인기가 많아서 못 갔어요.",
            "speaker": {
              "id": "1번",
              "sex": "남성",
              "age": "30대"
            },
            "speechAct": "(단언) 주장하기",
            "morpheme": "방청/NNG+하/XSV+고/EC+싶/VX+었/EP+는데/EC+그/MM+당시/NNG+에/JKB+워낙/MAG+인기/NNG+가/JKS+많/VA+아서/EC+못/MAG+갔/VV+EP+어요/EF"
          },
          {
            "id": 10,
            "text": "1 : 가신 적 있으세요?",
            "norm_text": "가신 적 있으세요?",
            "speaker": {
              "id": "1번",
              "sex": "남성",
              "age": "30대"
            },
            "speechAct": "(지시) 질문하기",
            "morpheme": "가신/VV+ETM+적/NNB+있/VA+으세요/EF"
          },
          {
            "id": 11,
            "text": "2 : 저는 개콘이랑 안녕하세요 방청을 가봤습니다.",
            "norm_text": "저는 개콘이랑 안녕하세요 방청을 가봤습니다.",
            "speaker": {
              "id": "2번",
              "sex": "남성",
              "age": "30대"
            },
            "speechAct": "(단언) 주장하기",
            "morpheme": "저/NP+는/JX+개콘/NNP+이랑/JC+안녕/NNG+하/XSV+세요/EP+EF+방청/NNG+을/JKO+가/VV+EC+봤/VX+EP+습니다/EF"
          },
          {
            "id": 12,
            "text": "1 : 오 어떻게 신청하셨어요?",
            "norm_text": "오 어떻게 신청하셨어요?",
            "speaker": {
              "id": "1번",
              "sex": "남성",
              "age": "30대"
            },
            "speechAct": "(지시) 질문하기",
            "morpheme": "오/IC+어떻게/MAG+신청/NNG+하/XSV+셨/EP+EP+어요/EF"
          },
          {
            "id": 13,
            "text": "2 : 그냥 홈페이지에서 신청을 했어요!",
            "norm_text": "그냥 홈페이지에서 신청을 했어요!",
            "speaker": {
              "id": "2번",
              "sex": "남성",
              "age": "30대"
            },
            "speechAct": "(단언) 주장하기",
            "morpheme": "그냥/MAG+홈페이지/NNG+에서/JKB+신청/NNG+을/JKO+했/VV+EP+어요/EF"
          },
          {
            "id": 14,
            "text": "1 : 한번에 당첨이 된 건가요?",
            "norm_text": "한번에 당첨이 된 건가요?",
            "speaker": {
              "id": "1번",
              "sex": "남성",
              "age": "30대"
            },
            "speechAct": "(지시) 질문하기",
            "morpheme": "한/MM+번/NNBC+에/JKB+당첨/NNG+이/JKS+된/VV+ETM+건가요/NNB+VCP+EF"
          },
          {
            "id": 15,
            "text": "2 : 네 제가 갈 때쯤에는 둘 다 거의 끝물이었던 거 같아요 키키",
            "norm_text": "네 제가 갈 때쯤에는 둘 다 거의 끝물이었던 거 같아요 키키",
            "speaker": {
              "id": "2번",
              "sex": "남성",
              "age": "30대"
            },
            "speechAct": "(단언) 주장하기",
            "morpheme": "네/IC+제/NP+가/JKS+갈/VV+ETM+때/NNG+쯤/XSN+에/JKB+는/JX+둘/NR+다/MAG+거의/MAG+끝물/NNG+이/VCP+었/EP+던/ETM+거/NNB+같/VA+아요/EF+키/NNG+키/XSV+ETN"
          },
          {
            "id": 16,
            "text": "1 : 아 저도 한번 가보고 싶었는데 연예인들도 보셨나요?",
            "norm_text": "아 저도 한번 가보고 싶었는데 연예인들도 보셨나요?",
            "speaker": {
              "id": "1번",
              "sex": "남성",
              "age": "30대"
            },
            "speechAct": "(지시) 질문하기",
            "morpheme": "아/IC+저/NP+도/JX+한/MM+번/NNBC+가/JKS+보/VV+고/EC+싶/VX+었/EP+는데/EC+연예인/NNG+들/XSN+도/JX+보/VV+셨/EP+EP+나요/EF"
          },
          {
            "id": 17,
            "text": "2 : 네",
            "norm_text": "네",
            "speaker": {
              "id": "2번",
              "sex": "남성",
              "age": "30대"
            },
            "speechAct": "(단언) 주장하기",
            "morpheme": "네/IC"
          },
          {
            "id": 18,
            "text": "2 : 그때 출연자 분들 봤어요",
            "norm_text": "그때 출연자 분들 봤어요",
            "speaker": {
              "id": "2번",
              "sex": "남성",
              "age": "30대"
            },
            "speechAct": "(단언) 주장하기",
            "morpheme": "그때/NNG+출연/NNG+자분/NNG+들/XSN+봤/VV+EP+어요/EF"
          },
          {
            "id": 19,
            "text": "2 : 이영자랑 신동엽이랑 컬투랑 등등 키키",
            "norm_text": "이영자랑 신동엽이랑 컬투랑 등등 키키",
            "speaker": {
              "id": "2번",
              "sex": "남성",
              "age": "30대"
            },
            "speechAct": "(단언) 주장하기",
            "morpheme": "이영자/NNP+랑/JC+신동엽/NNP+이랑/JC+컬투/NNP+랑/JC+등등/NNB+키/NNG+키/XSV+ETN"
          },
          {
            "id": 20,
            "text": "1 : 나중에 저도 기회가 되면 가보고 싶네요.",
            "norm_text": "나중에 저도 기회가 되면 가보고 싶네요.",
            "speaker": {
              "id": "1번",
              "sex": "남성",
              "age": "30대"
            },
            "speechAct": "(단언) 주장하기",
            "morpheme": "나중/NNG+에/JKB+저/NP+도/JX+기회/NNG+가/JKS+되/VV+면/EC+가/JKS+보/VV+고/EC+싶/VX+네요/EF"
          },
          {
            "id": 21,
            "text": "1 : 신청 방법 좀 알려주세요.",
            "norm_text": "신청 방법 좀 알려주세요.",
            "speaker": {
              "id": "1번",
              "sex": "남성",
              "age": "30대"
            },
            "speechAct": "(지시) 부탁하기",
            "morpheme": "신청/NNG+방법/NNG+좀/MAG+알려/VV+EC+주/VX+세요/EP+EF"
          },
          {
            "id": 22,
            "text": "2 : 네 알겠습니다",
            "norm_text": "네 알겠습니다",
            "speaker": {
              "id": "2번",
              "sex": "남성",
              "age": "30대"
            },
            "speechAct": "(단언) 주장하기",
            "morpheme": "네/IC+알/VV+겠/EP+습니다/EF"
          },
          {
            "id": 23,
            "text": "2 : 요즘에는 코로나 때문에 방청은 안 하는 거 같더라고요.",
            "norm_text": "요즘에는 코로나 때문에 방청은 안 하는 거 같더라고요.",
            "speaker": {
              "id": "2번",
              "sex": "남성",
              "age": "30대"
            },
            "speechAct": "(단언) 주장하기",
            "morpheme": "요즘/NNG+에/JKB+는/JX+코로나/NNG+때문/NNB+에/JKB+방청/NNG+은/JX+안/MAG+하/VV+는/ETM+거/NNB+같/VA+더라고요/EF"
          }
        ]
      }
    }
  ]
}