{
  "dataset": {
    "identifier": 129712,
    "name": "NATEON_41_02_set",
    "src_path": "/data/file/cubeManager/PROJECT001/84/txt202111041735520854102/NATEON_41_02_set/",
    "label_path": "/data/file/cubeManager/PROJECT001/84/txt202111041735520854102/NATEON_41_02_set/",
    "category": 2,
    "type": 0
  },
  "licenses": {
    "name": "Apache License 1.0",
    "url": "http://www.apache.org/licenses/LICENSE-1.0"
  },
  "info": [
    {
      "id": 137209,
      "filename": "NATEON_41_02.txt",
      "title": "NATEON_41_02",
      "mediatype": "메신저",
      "medianame": "네이트온",
      "category": "일상대화",
      "date": "2021-11-04",
      "size": 416,
      "annotations": {
        "subject": "주거와 생활",
        "speaker_type": "다자간 대화",
        "size": 416,
        "word_size": 156,
        "text": "1 : 아... 나 집에 중문 달아야겠어\n2 : 중문 그거 200만 원 하는 거 같더라\n3 : 왜 바람이 많이 들어와?\n1 : 중문 없으니까 집이 너무 춥다\n2 : 맞아\n2 : 중문 있고 없고 차이가 크대!\n3 : 어어\n3 : 중문 할 거면 더 추워지기 전에 해 키키\n1 : 전에 리모델링 할 때 중문 할 걸 그랬어\n2 : 아 그때 추가해서 하지 그랬어 ㅠㅠ\n3 : 맞아\n3 : 한 번에 해야 더 저렴한데\n1 : 너희 집에도 다 중문 있어?\n2 : 응 우리 집은 중문 있어 키키\n3 : 우리 집도 이번에 리모델링 하면서 했어 키키\n1 : 오오 너는 할 때 얼마 들었어?\n2 : 맞아\n2 : 중문 요즘 얼마냐\n3 : 우리 한 번에 해서 잘 모르겠다 ㅠㅠ\n1 : 나도 그럼 견적 먼저 빼 봐야겠다\n2 : 응 요즘은 또 다를 수 있으니까!\n3 : 응 한번 알아봐 바\n3 : 이쁜 걸로 하하",
        "lines": [
          {
            "id": 1,
            "text": "1 : 아... 나 집에 중문 달아야겠어",
            "norm_text": "아... 나 집에 중문 달아야겠어",
            "speaker": {
              "id": "1번",
              "sex": "여성",
              "age": "20대"
            },
            "speechAct": "(단언) 진술하기",
            "morpheme": "아/IC+./SY+나/NP+집/NNG+에/JKB+중문/NNG+달/VV+아야/EC+겠어/VX+EP+EC"
          },
          {
            "id": 2,
            "text": "2 : 중문 그거 200만 원 하는 거 같더라",
            "norm_text": "중문 그거 200만 원 하는 거 같더라",
            "speaker": {
              "id": "2번",
              "sex": "여성",
              "age": "20대"
            },
            "speechAct": "(단언) 진술하기",
            "morpheme": "중문/NNG+그거/NP+200/SN+만/NR+원/NNBC+하/VV+는/ETM+거/NNB+같/VA+더라/EC"
          },
          {
            "id": 3,
            "text": "3 : 왜 바람이 많이 들어와?",
            "norm_text": "왜 바람이 많이 들어와?",
            "speaker": {
              "id": "3번",
              "sex": "남성",
              "age": "20대"
            },
            "speechAct": "(지시) 질문하기",
            "morpheme": "왜/MAG+바람/NNG+이/JKS+많이/MAG+들어와/VV+EF"
          },
          {
            "id": 4,
            "text": "1 : 중문 없으니까 집이 너무 춥다",
            "norm_text": "중문 없으니까 집이 너무 춥다",
            "speaker": {
              "id": "1번",
              "sex": "여성",
              "age": "20대"
            },
            "speechAct": "(단언) 진술하기",
            "morpheme": "중문/NNG+없/VA+으니까/EC+집/NNG+이/JKS+너무/MAG+춥/VA+다/EC"
          },
          {
            "id": 5,
            "text": "2 : 맞아",
            "norm_text": "맞아",
            "speaker": {
              "id": "2번",
              "sex": "여성",
              "age": "20대"
            },
            "speechAct": "(단언) 주장하기",
            "morpheme": "맞/VV+아/EC"
          },
          {
            "id": 6,
            "text": "2 : 중문 있고 없고 차이가 크대!",
            "norm_text": "중문 있고 없고 차이가 크대!",
            "speaker": {
              "id": "2번",
              "sex": "여성",
              "age": "20대"
            },
            "speechAct": "(단언) 진술하기",
            "morpheme": "중문/NNG+있/VV+고/EC+없/VA+고/EC+차이/NNG+가/JKS+크/VA+대/EF"
          },
          {
            "id": 7,
            "text": "3 : 어어",
            "norm_text": "어어",
            "speaker": {
              "id": "3번",
              "sex": "남성",
              "age": "20대"
            },
            "speechAct": "(단언) 주장하기",
            "morpheme": "어/IC+어/IC"
          },
          {
            "id": 8,
            "text": "3 : 중문 할 거면 더 추워지기 전에 해 키키",
            "norm_text": "중문 할 거면 더 추워지기 전에 해 키키",
            "speaker": {
              "id": "3번",
              "sex": "남성",
              "age": "20대"
            },
            "speechAct": "(지시) 충고/제안하기",
            "morpheme": "중문/NNG+할/XSV+ETM+거/NNB+면/VCP+EC+더/MAG+추워/VA+EC+지/VX+기/ETN+전/NNG+에/JKB+해/VV+EC+키/NNG+키/XSV+ETN"
          },
          {
            "id": 9,
            "text": "1 : 전에 리모델링 할 때 중문 할 걸 그랬어",
            "norm_text": "전에 리모델링 할 때 중문 할 걸 그랬어",
            "speaker": {
              "id": "1번",
              "sex": "여성",
              "age": "20대"
            },
            "speechAct": "(단언) 진술하기",
            "morpheme": "전/NNG+에/JKB+리모/NNP+델/NNB+JKO+링/JKO+할/VV+ETM+때/NNG+중문/NNG+할/XSV+ETM+걸/NNB+JKO+그랬/VV+EP+어/EC"
          },
          {
            "id": 10,
            "text": "2 : 아 그때 추가해서 하지 그랬어 ㅠㅠ",
            "norm_text": "아 그때 추가해서 하지 그랬어 ㅠㅠ",
            "speaker": {
              "id": "2번",
              "sex": "여성",
              "age": "20대"
            },
            "speechAct": "(단언) 주장하기",
            "morpheme": "아/IC+그때/NNG+추가/NNG+해서/XSV+EC+하/VV+지/EC+그랬/VV+EP+어/EF+ㅠㅠ/UNKNOWN"
          },
          {
            "id": 11,
            "text": "3 : 맞아",
            "norm_text": "맞아",
            "speaker": {
              "id": "3번",
              "sex": "남성",
              "age": "20대"
            },
            "speechAct": "(단언) 주장하기",
            "morpheme": "맞/VV+아/EC"
          },
          {
            "id": 12,
            "text": "3 : 한 번에 해야 더 저렴한데",
            "norm_text": "한 번에 해야 더 저렴한데",
            "speaker": {
              "id": "3번",
              "sex": "남성",
              "age": "20대"
            },
            "speechAct": "(단언) 주장하기",
            "morpheme": "한/MM+번/NNBC+에/JKB+해야/VV+EC+더/MAG+저렴/XR+한데/XSA+EC"
          },
          {
            "id": 13,
            "text": "1 : 너희 집에도 다 중문 있어?",
            "norm_text": "너희 집에도 다 중문 있어?",
            "speaker": {
              "id": "1번",
              "sex": "여성",
              "age": "20대"
            },
            "speechAct": "(지시) 질문하기",
            "morpheme": "너희/NP+집/NNG+에/JKB+도/JX+다/MAG+중문/NNG+있/VA+어/EF"
          },
          {
            "id": 14,
            "text": "2 : 응 우리 집은 중문 있어 키키",
            "norm_text": "응 우리 집은 중문 있어 키키",
            "speaker": {
              "id": "2번",
              "sex": "여성",
              "age": "20대"
            },
            "speechAct": "(단언) 진술하기",
            "morpheme": "응/IC+우리/NP+집/NNG+은/JX+중문/NNG+있/VV+어/EC+키/NNG+키/XSV+ETN"
          },
          {
            "id": 15,
            "text": "3 : 우리 집도 이번에 리모델링 하면서 했어 키키",
            "norm_text": "우리 집도 이번에 리모델링 하면서 했어 키키",
            "speaker": {
              "id": "3번",
              "sex": "남성",
              "age": "20대"
            },
            "speechAct": "(단언) 진술하기",
            "morpheme": "우리/NP+집/NNG+도/JX+이번/NNG+에/JKB+리모/NNP+델/NNB+JKO+링/JKO+하/VV+면서/EC+했/VX+EP+어/EC+키/NNG+키/XSV+ETN"
          },
          {
            "id": 16,
            "text": "1 : 오오 너는 할 때 얼마 들었어?",
            "norm_text": "오오 너는 할 때 얼마 들었어?",
            "speaker": {
              "id": "1번",
              "sex": "여성",
              "age": "20대"
            },
            "speechAct": "(지시) 질문하기",
            "morpheme": "오오/IC+너/NP+는/JX+할/VV+ETM+때/NNG+얼마/NNG+들/VV+었/EP+어/EF"
          },
          {
            "id": 17,
            "text": "2 : 맞아",
            "norm_text": "맞아",
            "speaker": {
              "id": "2번",
              "sex": "여성",
              "age": "20대"
            },
            "speechAct": "(단언) 주장하기",
            "morpheme": "맞/VV+아/EC"
          },
          {
            "id": 18,
            "text": "2 : 중문 요즘 얼마냐",
            "norm_text": "중문 요즘 얼마냐",
            "speaker": {
              "id": "2번",
              "sex": "여성",
              "age": "20대"
            },
            "speechAct": "(지시) 질문하기",
            "morpheme": "중문/NNG+요즘/NNG+얼마/NNG+냐/VCP+EC"
          },
          {
            "id": 19,
            "text": "3 : 우리 한 번에 해서 잘 모르겠다 ㅠㅠ",
            "norm_text": "우리 한 번에 해서 잘 모르겠다 ㅠㅠ",
            "speaker": {
              "id": "3번",
              "sex": "남성",
              "age": "20대"
            },
            "speechAct": "(단언) 진술하기",
            "morpheme": "우리/NP+한/MM+번/NNBC+에/JKB+해서/VV+EC+잘/MAG+모르/VV+겠/EP+다/EF+ㅠㅠ/UNKNOWN"
          },
          {
            "id": 20,
            "text": "1 : 나도 그럼 견적 먼저 빼 봐야겠다",
            "norm_text": "나도 그럼 견적 먼저 빼 봐야겠다",
            "speaker": {
              "id": "1번",
              "sex": "여성",
              "age": "20대"
            },
            "speechAct": "(언약) 약속하기(제3자와)/(개인적 수준)",
            "morpheme": "나/NP+도/JX+그럼/MAJ+견적/NNG+먼저/MAG+빼/VV+봐야/EC+VX+EC+VX+겠/EP+다/EC"
          },
          {
            "id": 21,
            "text": "2 : 응 요즘은 또 다를 수 있으니까!",
            "norm_text": "응 요즘은 또 다를 수 있으니까!",
            "speaker": {
              "id": "2번",
              "sex": "여성",
              "age": "20대"
            },
            "speechAct": "(단언) 주장하기",
            "morpheme": "응/IC+요즘/NNG+은/JX+또/MAG+다를/VA+ETM+수/NNB+있/VV+으니까/EC"
          },
          {
            "id": 22,
            "text": "3 : 응 한번 알아봐 바",
            "norm_text": "응 한번 알아봐 바",
            "speaker": {
              "id": "3번",
              "sex": "남성",
              "age": "20대"
            },
            "speechAct": "(지시) 충고/제안하기",
            "morpheme": "응/IC+한/MM+번/NNBC+알아봐/VV+EC+바/NNG"
          },
          {
            "id": 23,
            "text": "3 : 이쁜 걸로 하하",
            "norm_text": "이쁜 걸로 하하",
            "speaker": {
              "id": "3번",
              "sex": "남성",
              "age": "20대"
            },
            "speechAct": "(지시) 충고/제안하기",
            "morpheme": "이쁜/VA+ETM+걸로/NNB+JKB+하하/MAG"
          }
        ]
      }
    }
  ]
}