{
  "dataset": {
    "identifier": 116858,
    "name": "NATEON_31_16_set",
    "src_path": "/data/file/cubeManager/PROJECT001/80/txt20211102113529077046/NATEON_31_16_set/",
    "label_path": "/data/file/cubeManager/PROJECT001/80/txt20211102113529077046/NATEON_31_16_set/",
    "category": 2,
    "type": 0
  },
  "licenses": {
    "name": "Apache License 1.0",
    "url": "http://www.apache.org/licenses/LICENSE-1.0"
  },
  "info": [
    {
      "id": 129999,
      "filename": "NATEON_31_16.txt",
      "title": "NATEON_31_16",
      "mediatype": "메신저",
      "medianame": "네이트온",
      "category": "일상대화",
      "date": "2021-11-02",
      "size": 506,
      "annotations": {
        "subject": "미용",
        "speaker_type": "다자간 대화",
        "size": 506,
        "word_size": 176,
        "text": "1 : 나 기분이 너무 다운 돼서 염색하러 가려고\n2 : 왜 기분이 다운이야 ㅠㅠ\n2 : 밝은 색 하려고?\n3 : 기분이 다운 되면 고기 앞에 가야지\n1 : 지금은 고기보단 염색이 우선이야!\n2 : 키키 맞아\n2 : 고기 앞을 가야지\n2 : 왜 미용실을 가!\n3 : 아 밝은색으로 염색해야 기분 전환되고 좋지!\n1 : 그렇지\n1 : 역시 내 마음을 잘 아는구나 ㅠ\n2 : 탈색해서 밝게 빼려고?\n2 : 아니면 염색만?\n3 : 그럼 염색하고 고기 먹으러 가자 키키\n1 : 음 탈색 하니까 너무 머릿결이 안 좋아지더라고 ㅠ\n2 : 맞아 ㅠㅠ\n2 : 탈색하면 결 상해서 고민 많이 됨 ㅠㅠ\n3 : 탈색은 절대 하지 마 ㅠ\n3 : 머리카락에 치명적이야\n1 : 응 그래서 그냥 밝은색으로만 하려고!\n2 : 근데 탈색을 해야 색이 이쁘게 나와 ㅠㅠ\n2 : 고민이야 항상\n3 : 그래 하하\n3 : 그냥 밝은색으로 두 번 해!\n1 : 키키 그럴까?\n1 : 아예 색을 섞어야겠다\n2 : 오 밝은색 두 번 그것도 좋은 방법인 듯!\n3 : 오, 역시 내 답이 채택됐군 키키",
        "lines": [
          {
            "id": 1,
            "text": "1 : 나 기분이 너무 다운 돼서 염색하러 가려고",
            "norm_text": "나 기분이 너무 다운 돼서 염색하러 가려고",
            "speaker": {
              "id": "1번",
              "sex": "여성",
              "age": "20대"
            },
            "speechAct": "(단언) 주장하기",
            "morpheme": "나/NP+기분/NNG+이/JKS+너무/MAG+다운/NNG+돼서/XSV+EC+염색/NNG+하/XSV+러/EC+가/VX+려고/EC"
          },
          {
            "id": 2,
            "text": "2 : 왜 기분이 다운이야 ㅠㅠ",
            "norm_text": "왜 기분이 다운이야 ㅠㅠ",
            "speaker": {
              "id": "2번",
              "sex": "여성",
              "age": "20대"
            },
            "speechAct": "(단언) 주장하기",
            "morpheme": "왜/MAG+기분/NNG+이/JKS+다운/NNG+이/VCP+야/EF+ㅠㅠ/UNKNOWN"
          },
          {
            "id": 3,
            "text": "2 : 밝은 색 하려고?",
            "norm_text": "밝은 색 하려고?",
            "speaker": {
              "id": "2번",
              "sex": "여성",
              "age": "20대"
            },
            "speechAct": "(지시) 질문하기",
            "morpheme": "밝은색/NNG+하/XSA+려고/EF"
          },
          {
            "id": 4,
            "text": "3 : 기분이 다운 되면 고기 앞에 가야지",
            "norm_text": "기분이 다운 되면 고기 앞에 가야지",
            "speaker": {
              "id": "3번",
              "sex": "남성",
              "age": "20대"
            },
            "speechAct": "(단언) 주장하기",
            "morpheme": "기분/NNG+이/JKS+다운/NNG+되/XSV+면/EC+고기/NNG+앞/NNG+에/JKB+가/VV+야지/EC"
          },
          {
            "id": 5,
            "text": "1 : 지금은 고기보단 염색이 우선이야!",
            "norm_text": "지금은 고기보단 염색이 우선이야!",
            "speaker": {
              "id": "1번",
              "sex": "여성",
              "age": "20대"
            },
            "speechAct": "(단언) 주장하기",
            "morpheme": "지금/MAG+은/JX+고기/NNG+보단/JKB+JX+염색/NNG+이/JKS+우선/MAG+이/NP+야/VCP+EF"
          },
          {
            "id": 6,
            "text": "2 : 키키 맞아",
            "norm_text": "키키 맞아",
            "speaker": {
              "id": "2번",
              "sex": "여성",
              "age": "20대"
            },
            "speechAct": "(단언) 주장하기",
            "morpheme": "키/NNG+키/XSV+ETN+맞/VV+아/EC"
          },
          {
            "id": 7,
            "text": "2 : 고기 앞을 가야지",
            "norm_text": "고기 앞을 가야지",
            "speaker": {
              "id": "2번",
              "sex": "여성",
              "age": "20대"
            },
            "speechAct": "(단언) 주장하기",
            "morpheme": "고기/NNG+앞/NNG+을/JKO+가/VV+야지/EC"
          },
          {
            "id": 8,
            "text": "2 : 왜 미용실을 가!",
            "norm_text": "왜 미용실을 가!",
            "speaker": {
              "id": "2번",
              "sex": "여성",
              "age": "20대"
            },
            "speechAct": "(단언) 주장하기",
            "morpheme": "왜/MAG+미용실/NNG+을/JKO+가/VV+EF"
          },
          {
            "id": 9,
            "text": "3 : 아 밝은색으로 염색해야 기분 전환되고 좋지!",
            "norm_text": "아 밝은색으로 염색해야 기분 전환되고 좋지!",
            "speaker": {
              "id": "3번",
              "sex": "남성",
              "age": "20대"
            },
            "speechAct": "(단언) 주장하기",
            "morpheme": "아/IC+밝은색/NNG+으로/JKB+염색/NNG+해야/XSV+EC+기분/NNG+전환/NNG+되/XSV+고/EC+좋/VA+지/EF"
          },
          {
            "id": 10,
            "text": "1 : 그렇지",
            "norm_text": "그렇지",
            "speaker": {
              "id": "1번",
              "sex": "여성",
              "age": "20대"
            },
            "speechAct": "(단언) 주장하기",
            "morpheme": "그렇/VA+지/EC"
          },
          {
            "id": 11,
            "text": "1 : 역시 내 마음을 잘 아는구나 ㅠ",
            "norm_text": "역시 내 마음을 잘 아는구나 ㅠ",
            "speaker": {
              "id": "1번",
              "sex": "여성",
              "age": "20대"
            },
            "speechAct": "(단언) 주장하기",
            "morpheme": "역시/MAJ+내/MM+마음/NNG+을/JKO+잘/MAG+아/VV+는구나/EF+ㅠ/UNKNOWN"
          },
          {
            "id": 12,
            "text": "2 : 탈색해서 밝게 빼려고?",
            "norm_text": "탈색해서 밝게 빼려고?",
            "speaker": {
              "id": "2번",
              "sex": "여성",
              "age": "20대"
            },
            "speechAct": "(지시) 질문하기",
            "morpheme": "탈색/NNG+해서/XSV+EC+밝/VA+게/EC+빼/VV+려고/EF"
          },
          {
            "id": 13,
            "text": "2 : 아니면 염색만?",
            "norm_text": "아니면 염색만?",
            "speaker": {
              "id": "2번",
              "sex": "여성",
              "age": "20대"
            },
            "speechAct": "(지시) 질문하기",
            "morpheme": "아니면/MAJ+염색/NNG+만/JX"
          },
          {
            "id": 14,
            "text": "3 : 그럼 염색하고 고기 먹으러 가자 키키",
            "norm_text": "그럼 염색하고 고기 먹으러 가자 키키",
            "speaker": {
              "id": "3번",
              "sex": "남성",
              "age": "20대"
            },
            "speechAct": "(단언) 주장하기",
            "morpheme": "그럼/MAJ+염색/NNG+하/XSV+고/EC+고기/NNG+먹/VV+으러/EC+가/JKS+자키/NNG+키/XSV+ETN"
          },
          {
            "id": 15,
            "text": "1 : 음 탈색 하니까 너무 머릿결이 안 좋아지더라고 ㅠ",
            "norm_text": "음 탈색 하니까 너무 머릿결이 안 좋아지더라고 ㅠ",
            "speaker": {
              "id": "1번",
              "sex": "여성",
              "age": "20대"
            },
            "speechAct": "(단언) 진술하기",
            "morpheme": "음/IC+탈색/NNG+하/XSV+니까/EC+너무/MAG+머릿결/NNG+이/JKS+안/MAG+좋/VA+아/EC+지/VX+더라고/EF+ㅠ/UNKNOWN"
          },
          {
            "id": 16,
            "text": "2 : 맞아 ㅠㅠ",
            "norm_text": "맞아 ㅠㅠ",
            "speaker": {
              "id": "2번",
              "sex": "여성",
              "age": "20대"
            },
            "speechAct": "(단언) 주장하기",
            "morpheme": "맞아ㅠㅠ/UNKNOWN"
          },
          {
            "id": 17,
            "text": "2 : 탈색하면 결 상해서 고민 많이 됨 ㅠㅠ",
            "norm_text": "탈색하면 결 상해서 고민 많이 됨 ㅠㅠ",
            "speaker": {
              "id": "2번",
              "sex": "여성",
              "age": "20대"
            },
            "speechAct": "(단언) 주장하기",
            "morpheme": "탈색/NNG+하/XSV+면/EC+결상/NNG+해서/XSV+EC+고민/NNG+많이/MAG+됨/VV+ETN+ㅠㅠ/UNKNOWN"
          },
          {
            "id": 18,
            "text": "3 : 탈색은 절대 하지 마 ㅠ",
            "norm_text": "탈색은 절대 하지 마 ㅠ",
            "speaker": {
              "id": "3번",
              "sex": "남성",
              "age": "20대"
            },
            "speechAct": "(지시) 충고/제안하기",
            "morpheme": "탈색/NNG+은/JX+절대/NNG+하/XSV+지/EC+마ㅠ/UNKNOWN"
          },
          {
            "id": 19,
            "text": "3 : 머리카락에 치명적이야",
            "norm_text": "머리카락에 치명적이야",
            "speaker": {
              "id": "3번",
              "sex": "남성",
              "age": "20대"
            },
            "speechAct": "(단언) 진술하기",
            "morpheme": "머리카락/NNG+에/JKB+치명/NNG+적/XSN+이/VCP+야/EC"
          },
          {
            "id": 20,
            "text": "1 : 응 그래서 그냥 밝은색으로만 하려고!",
            "norm_text": "응 그래서 그냥 밝은색으로만 하려고!",
            "speaker": {
              "id": "1번",
              "sex": "여성",
              "age": "20대"
            },
            "speechAct": "(단언) 주장하기",
            "morpheme": "응/IC+그래서/MAJ+그냥/MAG+밝은색/NNG+으로/JKB+만/JX+하/VV+려고/EF"
          },
          {
            "id": 21,
            "text": "2 : 근데 탈색을 해야 색이 이쁘게 나와 ㅠㅠ",
            "norm_text": "근데 탈색을 해야 색이 이쁘게 나와 ㅠㅠ",
            "speaker": {
              "id": "2번",
              "sex": "여성",
              "age": "20대"
            },
            "speechAct": "(단언) 주장하기",
            "morpheme": "근데/MAJ+탈색/NNG+을/JKO+해야/VV+EC+색/NNG+이/JKS+이쁘/VA+게/EC+나와/VV+EC+ㅠㅠ/UNKNOWN"
          },
          {
            "id": 22,
            "text": "2 : 고민이야 항상",
            "norm_text": "고민이야 항상",
            "speaker": {
              "id": "2번",
              "sex": "여성",
              "age": "20대"
            },
            "speechAct": "(단언) 주장하기",
            "morpheme": "고민/NNG+이/VCP+야/EF+항상/MAG"
          },
          {
            "id": 23,
            "text": "3 : 그래 하하",
            "norm_text": "그래 하하",
            "speaker": {
              "id": "3번",
              "sex": "남성",
              "age": "20대"
            },
            "speechAct": "(단언) 주장하기",
            "morpheme": "그래/IC+하하/MAG"
          },
          {
            "id": 24,
            "text": "3 : 그냥 밝은색으로 두 번 해!",
            "norm_text": "그냥 밝은색으로 두 번 해!",
            "speaker": {
              "id": "3번",
              "sex": "남성",
              "age": "20대"
            },
            "speechAct": "(지시) 충고/제안하기",
            "morpheme": "그냥/MAG+밝은색/NNG+으로/JKB+두/MM+번/NNBC+해/VV+EF"
          },
          {
            "id": 25,
            "text": "1 : 키키 그럴까?",
            "norm_text": "키키 그럴까?",
            "speaker": {
              "id": "1번",
              "sex": "여성",
              "age": "20대"
            },
            "speechAct": "(단언) 주장하기",
            "morpheme": "키/NNG+키/XSV+ETN+그럴까/VV+EF"
          },
          {
            "id": 26,
            "text": "1 : 아예 색을 섞어야겠다",
            "norm_text": "아예 색을 섞어야겠다",
            "speaker": {
              "id": "1번",
              "sex": "여성",
              "age": "20대"
            },
            "speechAct": "(단언) 주장하기",
            "morpheme": "아예/MAG+색/NNG+을/JKO+섞/VV+어야/EC+겠다/VX+EP+EC"
          },
          {
            "id": 27,
            "text": "2 : 오 밝은색 두 번 그것도 좋은 방법인 듯!",
            "norm_text": "오 밝은색 두 번 그것도 좋은 방법인 듯!",
            "speaker": {
              "id": "2번",
              "sex": "여성",
              "age": "20대"
            },
            "speechAct": "(단언) 주장하기",
            "morpheme": "오/NR+밝은색/NNG+두/MM+번/NNBC+그것/NP+도/JX+좋/VA+은/ETM+방법/NNG+인듯/VCP+EF"
          },
          {
            "id": 28,
            "text": "3 : 오, 역시 내 답이 채택됐군 키키",
            "norm_text": "오, 역시 내 답이 채택됐군 키키",
            "speaker": {
              "id": "3번",
              "sex": "남성",
              "age": "20대"
            },
            "speechAct": "(단언) 주장하기",
            "morpheme": "오/IC+,/SC+역시내답이채택됐군키키/UNKNOWN"
          }
        ]
      }
    }
  ]
}