{
  "dataset": {
    "identifier": 111753,
    "name": "NATEON_35_07_set",
    "src_path": "/data/file/cubeManager/PROJECT001/80/txt20211103154238027059/NATEON_35_07_set/",
    "label_path": "/data/file/cubeManager/PROJECT001/80/txt20211103154238027059/NATEON_35_07_set/",
    "category": 2,
    "type": 0
  },
  "licenses": {
    "name": "Apache License 1.0",
    "url": "http://www.apache.org/licenses/LICENSE-1.0"
  },
  "info": [
    {
      "id": 135482,
      "filename": "NATEON_35_07.txt",
      "title": "NATEON_35_07",
      "mediatype": "메신저",
      "medianame": "네이트온",
      "category": "일상대화",
      "date": "2021-11-03",
      "size": 377,
      "annotations": {
        "subject": "가족",
        "speaker_type": "다자간 대화",
        "size": 377,
        "word_size": 130,
        "text": "1 : 나 오늘 가족사진 찍으러 왔어 하하\n2 : 오 대박 지금 꾸미고 있어?\n3 : 와 얼마전에 간다고 하더니\n1 : 응 다같이 미용실 왔어 하하\n2 : 오 엄마 엄청 이쁘게 해달라고 그래!\n3 : 아까는 가족사진 찍으러 갔다며?\n1 : 여기 안에 미용실도 다 있어!\n2 : 요즘 사진관 되게 좋게 잘 되있더라고!\n3 : 오, 시설이 되게 좋네\n1 : 응 다 찍고 소개시켜줄께\n2 : 웅 거기 포토샵 잘 하나 보고 키키\n3 : 응 나도 가족사진 찍어야해\n1 : 아마도 퀄리티가 진짜 좋을 거 같아\n2 : 사진 퀄 좋게 나오면 기분이 좋쥬\n3 : 맞아 사진의 꽃은 포토샵이지\n1 : 포토샵은 필수로 꼭 봐줘야지\n2 : 맞아 못 나와도 포토샵으로 살릴 수 있다고 키키\n3 : 응 키키 특히 너가 제일 중요해",
        "lines": [
          {
            "id": 1,
            "text": "1 : 나 오늘 가족사진 찍으러 왔어 하하",
            "norm_text": "나 오늘 가족사진 찍으러 왔어 하하",
            "speaker": {
              "id": "1번",
              "sex": "여성",
              "age": "20대"
            },
            "speechAct": "(단언) 진술하기",
            "morpheme": "나/NP+오늘/MAG+가족/NNG+사진/NNG+찍/VV+으러/EC+왔/VX+EP+어/EC+하하/MAG"
          },
          {
            "id": 2,
            "text": "2 : 오 대박 지금 꾸미고 있어?",
            "norm_text": "오 대박 지금 꾸미고 있어?",
            "speaker": {
              "id": "2번",
              "sex": "여성",
              "age": "20대"
            },
            "speechAct": "(지시) 질문하기",
            "morpheme": "오/NR+대박/NNG+지금/MAG+꾸미/VV+고/EC+있/VX+어/EF"
          },
          {
            "id": 3,
            "text": "3 : 와 얼마전에 간다고 하더니",
            "norm_text": "와 얼마전에 간다고 하더니",
            "speaker": {
              "id": "3번",
              "sex": "남성",
              "age": "20대"
            },
            "speechAct": "(단언) 주장하기",
            "morpheme": "와/IC+얼마/NNG+전/NNG+에/JKB+간다고/VV+EC+하/VV+더니/EC"
          },
          {
            "id": 4,
            "text": "1 : 응 다같이 미용실 왔어 하하",
            "norm_text": "응 다같이 미용실 왔어 하하",
            "speaker": {
              "id": "1번",
              "sex": "여성",
              "age": "20대"
            },
            "speechAct": "(단언) 진술하기",
            "morpheme": "응/IC+다/MAG+같이/MAG+미용실/NNG+왔/VV+EP+어/EC+하하/MAG"
          },
          {
            "id": 5,
            "text": "2 : 오 엄마 엄청 이쁘게 해달라고 그래!",
            "norm_text": "오 엄마 엄청 이쁘게 해달라고 그래!",
            "speaker": {
              "id": "2번",
              "sex": "여성",
              "age": "20대"
            },
            "speechAct": "(단언) 주장하기",
            "morpheme": "오/NR+엄마/NNG+엄청/MAG+이쁘/VA+게/EC+해/VV+EC+달/VX+라고/EC+그래/VV+EF"
          },
          {
            "id": 6,
            "text": "3 : 아까는 가족사진 찍으러 갔다며?",
            "norm_text": "아까는 가족사진 찍으러 갔다며?",
            "speaker": {
              "id": "3번",
              "sex": "남성",
              "age": "20대"
            },
            "speechAct": "(단언) 진술하기",
            "morpheme": "아까/NNG+는/JX+가족/NNG+사진/NNG+찍/VV+으러/EC+갔/VV+EP+다며/EF"
          },
          {
            "id": 7,
            "text": "1 : 여기 안에 미용실도 다 있어!",
            "norm_text": "여기 안에 미용실도 다 있어!",
            "speaker": {
              "id": "1번",
              "sex": "여성",
              "age": "20대"
            },
            "speechAct": "(단언) 진술하기",
            "morpheme": "여기/NP+안/NNG+에/JKB+미용실/NNG+도/JX+다/MAG+있/VA+어/EF"
          },
          {
            "id": 8,
            "text": "2 : 요즘 사진관 되게 좋게 잘 되있더라고!",
            "norm_text": "요즘 사진관 되게 좋게 잘 되있더라고!",
            "speaker": {
              "id": "2번",
              "sex": "여성",
              "age": "20대"
            },
            "speechAct": "(단언) 진술하기",
            "morpheme": "요즘/NNG+사진관/NNG+되게/MAG+좋/VA+게/EC+잘/MAG+되/VV+EC+있/VX+더라고/EF"
          },
          {
            "id": 9,
            "text": "3 : 오, 시설이 되게 좋네",
            "norm_text": "오, 시설이 되게 좋네",
            "speaker": {
              "id": "3번",
              "sex": "남성",
              "age": "20대"
            },
            "speechAct": "(단언) 진술하기",
            "morpheme": "오/IC+,/SC+시설/NNG+이/JKS+되게/MAG+좋/VA+네/EC"
          },
          {
            "id": 10,
            "text": "1 : 응 다 찍고 소개시켜줄께",
            "norm_text": "응 다 찍고 소개시켜줄께",
            "speaker": {
              "id": "1번",
              "sex": "여성",
              "age": "20대"
            },
            "speechAct": "(단언) 주장하기",
            "morpheme": "응/IC+다/MAG+찍/VV+고/EC+소개/NNG+시켜/XSV+EC+줄께/VX+EC"
          },
          {
            "id": 11,
            "text": "2 : 웅 거기 포토샵 잘 하나 보고 키키",
            "norm_text": "웅 거기 포토샵 잘 하나 보고 키키",
            "speaker": {
              "id": "2번",
              "sex": "여성",
              "age": "20대"
            },
            "speechAct": "(단언) 주장하기",
            "morpheme": "웅/IC+거기/NP+포토샵/NNP+잘/MAG+하나/NR+보/VV+고/EC+키/NNG+키/XSV+ETN"
          },
          {
            "id": 12,
            "text": "3 : 응 나도 가족사진 찍어야해",
            "norm_text": "응 나도 가족사진 찍어야해",
            "speaker": {
              "id": "3번",
              "sex": "남성",
              "age": "20대"
            },
            "speechAct": "(단언) 주장하기",
            "morpheme": "응/IC+나/NP+도/JX+가족/NNG+사진/NNG+찍/VV+어야/EC+해/VV+EC"
          },
          {
            "id": 13,
            "text": "1 : 아마도 퀄리티가 진짜 좋을 거 같아",
            "norm_text": "아마도 퀄리티가 진짜 좋을 거 같아",
            "speaker": {
              "id": "1번",
              "sex": "여성",
              "age": "20대"
            },
            "speechAct": "(단언) 주장하기",
            "morpheme": "아마도/MAG+퀄리티/NNP+가/JKS+진짜/MAG+좋/VA+을/ETM+거/NNB+같/VA+아/EC"
          },
          {
            "id": 14,
            "text": "2 : 사진 퀄 좋게 나오면 기분이 좋쥬",
            "norm_text": "사진 퀄 좋게 나오면 기분이 좋쥬",
            "speaker": {
              "id": "2번",
              "sex": "여성",
              "age": "20대"
            },
            "speechAct": "(단언) 진술하기",
            "morpheme": "사진/NNG+퀄/UNKNOWN+좋/VA+게/EC+나오/VV+면/EC+기분/NNG+이/JKS+좋/VA+쥬/EC"
          },
          {
            "id": 15,
            "text": "3 : 맞아 사진의 꽃은 포토샵이지",
            "norm_text": "맞아 사진의 꽃은 포토샵이지",
            "speaker": {
              "id": "3번",
              "sex": "남성",
              "age": "20대"
            },
            "speechAct": "(단언) 주장하기",
            "morpheme": "맞/VV+아/EC+사진/NNG+의/JKG+꽃/NNG+은/JX+포토샵/NNP+이/VCP+지/EC"
          },
          {
            "id": 16,
            "text": "1 : 포토샵은 필수로 꼭 봐줘야지",
            "norm_text": "포토샵은 필수로 꼭 봐줘야지",
            "speaker": {
              "id": "1번",
              "sex": "여성",
              "age": "20대"
            },
            "speechAct": "(단언) 주장하기",
            "morpheme": "포토샵/NNP+은/JX+필수/NNG+로/JKB+꼭/MAG+봐/VV+EC+줘야지/VX+EC"
          },
          {
            "id": 17,
            "text": "2 : 맞아 못 나와도 포토샵으로 살릴 수 있다고 키키",
            "norm_text": "맞아 못 나와도 포토샵으로 살릴 수 있다고 키키",
            "speaker": {
              "id": "2번",
              "sex": "여성",
              "age": "20대"
            },
            "speechAct": "(단언) 진술하기",
            "morpheme": "맞/VV+아/EC+못/MAG+나와도/VV+EC+포토샵/NNP+으로/JKB+살릴/VV+ETM+수/NNB+있/VV+다고/EC+키/NNG+키/XSV+ETN"
          },
          {
            "id": 18,
            "text": "3 : 응 키키 특히 너가 제일 중요해",
            "norm_text": "응 키키 특히 너가 제일 중요해",
            "speaker": {
              "id": "3번",
              "sex": "남성",
              "age": "20대"
            },
            "speechAct": "(단언) 주장하기",
            "morpheme": "응/IC+키/NNG+키/NNG+특히/MAG+너/NP+가/JKS+제일/MAG+중요/NNG+해/XSV+EC"
          }
        ]
      }
    }
  ]
}