{
  "dataset": {
    "identifier": 123830,
    "name": "NATEON_45_11_set",
    "src_path": "/data/file/cubeManager/PROJECT001/84/txt20211105113423090756/NATEON_45_11_set/",
    "label_path": "/data/file/cubeManager/PROJECT001/84/txt20211105113423090756/NATEON_45_11_set/",
    "category": 2,
    "type": 0
  },
  "licenses": {
    "name": "Apache License 1.0",
    "url": "http://www.apache.org/licenses/LICENSE-1.0"
  },
  "info": [
    {
      "id": 138906,
      "filename": "NATEON_45_11.txt",
      "title": "NATEON_45_11",
      "mediatype": "메신저",
      "medianame": "네이트온",
      "category": "일상대화",
      "date": "2021-11-05",
      "size": 381,
      "annotations": {
        "subject": "게임",
        "speaker_type": "다자간 대화",
        "size": 381,
        "word_size": 139,
        "text": "1 : 나 이번에 달고나 키트 샀어!\n2 : 헉 모양 찍는 거 그거 샀어?\n3 : 오 그걸로 뭐 하려고?\n1 : 응 하하\n1 : 동생이랑 내기 게임 하려고 키키\n2 : 모양 어떤 거 주문 했어 키키\n3 : 먼저 하는 사람 소원 들어주기?\n1 : 모양 세가지 왔는데 귀여워 하하\n2 : 동그라미 별 우산 이렇게 샀어?\n3 : 무슨 무슨 모양 왔는데?\n1 : 하트 별 동그라미 이렇게 하하\n2 : 헐 하트 왠지 어려울 거 같아 ㅠㅠ\n3 : 야 모양이 너무 쉬운 거 아니야?\n1 : 그러니까 ㅠ 나는 우산 모양 하고 싶은데\n2 : 우산 나도 한번 해보고 싶더라 키키\n3 : 키키 너 우산 모양 하면 울 껄\n1 : 진짜 오겜이었으면 난 죽었다 키키\n2 : 맞아 우리 다 죽었어 그냥 키키\n3 : 키키 그거에 저도 한 표~",
        "lines": [
          {
            "id": 1,
            "text": "1 : 나 이번에 달고나 키트 샀어!",
            "norm_text": "나 이번에 달고나 키트 샀어!",
            "speaker": {
              "id": "1번",
              "sex": "여성",
              "age": "20대"
            },
            "speechAct": "(단언) 진술하기",
            "morpheme": "나/NP+이번/NNG+에/JKB+달고나/NNP+키트/NNP+샀/VV+EP+어/EF"
          },
          {
            "id": 2,
            "text": "2 : 헉 모양 찍는 거 그거 샀어?",
            "norm_text": "헉 모양 찍는 거 그거 샀어?",
            "speaker": {
              "id": "2번",
              "sex": "여성",
              "age": "20대"
            },
            "speechAct": "(지시) 질문하기",
            "morpheme": "헉/IC+모양/NNG+찍/VV+는/ETM+거/NNB+그거/NP+샀/VV+EP+어/EF"
          },
          {
            "id": 3,
            "text": "3 : 오 그걸로 뭐 하려고?",
            "norm_text": "오 그걸로 뭐 하려고?",
            "speaker": {
              "id": "3번",
              "sex": "남성",
              "age": "20대"
            },
            "speechAct": "(지시) 질문하기",
            "morpheme": "오/IC+그걸로/NP+JKB+뭐/IC+하/VV+려고/EF"
          },
          {
            "id": 4,
            "text": "1 : 응 하하",
            "norm_text": "응 하하",
            "speaker": {
              "id": "1번",
              "sex": "여성",
              "age": "20대"
            },
            "speechAct": "(단언) 진술하기",
            "morpheme": "응/IC+하하/MAG"
          },
          {
            "id": 5,
            "text": "1 : 동생이랑 내기 게임 하려고 키키",
            "norm_text": "동생이랑 내기 게임 하려고 키키",
            "speaker": {
              "id": "1번",
              "sex": "여성",
              "age": "20대"
            },
            "speechAct": "(단언) 진술하기",
            "morpheme": "동생/NNG+이랑/JC+내기/NNP+게임/NNG+하/XSV+려고/EC+키/NNG+키/XSV+ETN"
          },
          {
            "id": 6,
            "text": "2 : 모양 어떤 거 주문 했어 키키",
            "norm_text": "모양 어떤 거 주문 했어 키키",
            "speaker": {
              "id": "2번",
              "sex": "여성",
              "age": "20대"
            },
            "speechAct": "(지시) 질문하기",
            "morpheme": "모양/NNG+어떤/MM+거/NNB+주문/NNG+했/XSV+EP+어/EC+키/NNG+키/XSV+ETN"
          },
          {
            "id": 7,
            "text": "3 : 먼저 하는 사람 소원 들어주기?",
            "norm_text": "먼저 하는 사람 소원 들어주기?",
            "speaker": {
              "id": "3번",
              "sex": "남성",
              "age": "20대"
            },
            "speechAct": "(지시) 질문하기",
            "morpheme": "먼저/MAG+하/VV+는/ETM+사람/NNG+소원/NNG+들/VV+어/EC+주/VX+기/ETN"
          },
          {
            "id": 8,
            "text": "1 : 모양 세가지 왔는데 귀여워 하하",
            "norm_text": "모양 세가지 왔는데 귀여워 하하",
            "speaker": {
              "id": "1번",
              "sex": "여성",
              "age": "20대"
            },
            "speechAct": "(단언) 주장하기",
            "morpheme": "모양/NNG+세/MM+가지/NNBC+왔/VV+EP+는데/EC+귀여워/VA+EC+하하/MAG"
          },
          {
            "id": 9,
            "text": "2 : 동그라미 별 우산 이렇게 샀어?",
            "norm_text": "동그라미 별 우산 이렇게 샀어?",
            "speaker": {
              "id": "2번",
              "sex": "여성",
              "age": "20대"
            },
            "speechAct": "(지시) 질문하기",
            "morpheme": "동그라미/NNG+별/XSN+우산/NNG+이렇게/MAG+샀/VV+EP+어/EF"
          },
          {
            "id": 10,
            "text": "3 : 무슨 무슨 모양 왔는데?",
            "norm_text": "무슨 무슨 모양 왔는데?",
            "speaker": {
              "id": "3번",
              "sex": "남성",
              "age": "20대"
            },
            "speechAct": "(지시) 질문하기",
            "morpheme": "무슨/MM+무슨/MM+모양/NNG+왔/VV+EP+는데/EF"
          },
          {
            "id": 11,
            "text": "1 : 하트 별 동그라미 이렇게 하하",
            "norm_text": "하트 별 동그라미 이렇게 하하",
            "speaker": {
              "id": "1번",
              "sex": "여성",
              "age": "20대"
            },
            "speechAct": "(단언) 진술하기",
            "morpheme": "하트/NNG+별/XSN+동그라미/NNG+이렇게/MAG+하하/MAG"
          },
          {
            "id": 12,
            "text": "2 : 헐 하트 왠지 어려울 거 같아 ㅠㅠ",
            "norm_text": "헐 하트 왠지 어려울 거 같아 ㅠㅠ",
            "speaker": {
              "id": "2번",
              "sex": "여성",
              "age": "20대"
            },
            "speechAct": "(단언) 주장하기",
            "morpheme": "헐/IC+하트/NNG+왠지/MAG+어려울/VA+ETM+거/NNB+같/VA+아/EC+ㅠㅠ/UNKNOWN"
          },
          {
            "id": 13,
            "text": "3 : 야 모양이 너무 쉬운 거 아니야?",
            "norm_text": "야 모양이 너무 쉬운 거 아니야?",
            "speaker": {
              "id": "3번",
              "sex": "남성",
              "age": "20대"
            },
            "speechAct": "(단언) 주장하기",
            "morpheme": "야/IC+모양/NNG+이/JKS+너무/MAG+쉬운/VA+ETM+거/NNB+아니/VCN+야/EF"
          },
          {
            "id": 14,
            "text": "1 : 그러니까 ㅠ 나는 우산 모양 하고 싶은데",
            "norm_text": "그러니까 ㅠ 나는 우산 모양 하고 싶은데",
            "speaker": {
              "id": "1번",
              "sex": "여성",
              "age": "20대"
            },
            "speechAct": "(단언) 주장하기",
            "morpheme": "그러니까/MAJ+ㅠ/UNKNOWN+나/NP+는/JX+우산/NNG+모양/NNG+하/XSV+고/EC+싶/VX+은데/EC"
          },
          {
            "id": 15,
            "text": "2 : 우산 나도 한번 해보고 싶더라 키키",
            "norm_text": "우산 나도 한번 해보고 싶더라 키키",
            "speaker": {
              "id": "2번",
              "sex": "여성",
              "age": "20대"
            },
            "speechAct": "(단언) 주장하기",
            "morpheme": "우산/NNG+나/NP+도/JX+한/MM+번/NNBC+해/VV+EC+보/VX+고/EC+싶/VX+더라/EC+키/NNG+키/XSV+ETN"
          },
          {
            "id": 16,
            "text": "3 : 키키 너 우산 모양 하면 울 껄",
            "norm_text": "키키 너 우산 모양 하면 울 껄",
            "speaker": {
              "id": "3번",
              "sex": "남성",
              "age": "20대"
            },
            "speechAct": "(단언) 주장하기",
            "morpheme": "키/NNG+키너/NNP+우산/NNG+모양/NNG+하/XSV+면/EC+울껄/UNKNOWN"
          },
          {
            "id": 17,
            "text": "1 : 진짜 오겜이었으면 난 죽었다 키키",
            "norm_text": "진짜 오겜이었으면 난 죽었다 키키",
            "speaker": {
              "id": "1번",
              "sex": "여성",
              "age": "20대"
            },
            "speechAct": "(단언) 주장하기",
            "morpheme": "진짜/MAG+오/IC+겜/NNP+이/VCP+었/EP+으면/EC+난/NP+JX+죽/VV+었/EP+다키키/NNP"
          },
          {
            "id": 18,
            "text": "2 : 맞아 우리 다 죽었어 그냥 키키",
            "norm_text": "맞아 우리 다 죽었어 그냥 키키",
            "speaker": {
              "id": "2번",
              "sex": "여성",
              "age": "20대"
            },
            "speechAct": "(단언) 주장하기",
            "morpheme": "맞/VV+아/EC+우리/NP+다/JX+죽/VV+었/EP+어/EC+그냥/MAG+키/NNG+키/XSV+ETN"
          },
          {
            "id": 19,
            "text": "3 : 키키 그거에 저도 한 표~",
            "norm_text": "키키 그거에 저도 한 표~",
            "speaker": {
              "id": "3번",
              "sex": "남성",
              "age": "20대"
            },
            "speechAct": "(단언) 주장하기",
            "morpheme": "키/NNG+키/XSV+ETN+그거/NP+에/JKB+저/NP+도/JX+한/MM+표/NNG+~/SY"
          }
        ]
      }
    }
  ]
}