{
  "dataset": {
    "identifier": 129713,
    "name": "NATEON_41_03_set",
    "src_path": "/data/file/cubeManager/PROJECT001/84/txt202111041735520864106/NATEON_41_03_set/",
    "label_path": "/data/file/cubeManager/PROJECT001/84/txt202111041735520864106/NATEON_41_03_set/",
    "category": 2,
    "type": 0
  },
  "licenses": {
    "name": "Apache License 1.0",
    "url": "http://www.apache.org/licenses/LICENSE-1.0"
  },
  "info": [
    {
      "id": 137210,
      "filename": "NATEON_41_03.txt",
      "title": "NATEON_41_03",
      "mediatype": "메신저",
      "medianame": "네이트온",
      "category": "일상대화",
      "date": "2021-11-04",
      "size": 493,
      "annotations": {
        "subject": "교통",
        "speaker_type": "다자간 대화",
        "size": 493,
        "word_size": 173,
        "text": "1 : 나는야 오늘도 뚜벅이 회사원~\n2 : 맞아\n2 : 오늘도 뚜벅뚜벅 걸어갑니다 키키\n3 : 원래 뚜벅이가 좋은 거야 키키\n3 : 돈 안 들고\n1 : 이제는 회사 빨리 가는 길을 찾았다!\n2 : 오 드디어 지름길을 찾은 거야?\n3 : 맞아\n3 : 회사 가는 길은 무조건 간편해야 함 키키\n1 : 전엔 길을 못 찾아서 20분이었는데 이제는 15분!\n2 : 오 5분이나 아침에 더 잘 수 있겠다 키키\n3 : 아침에 1분이 진짜 소중한 거 알지 키키\n1 : 우리 집 옆에 샛길이 있었는데 내가 그걸 몰랐어 키키\n2 : 아고 길치!\n2 : 이래서 길 잘 아는 사람이 중요해\n3 : 맞아\n3 : 그래서 나도 놀 때 길 잘 아는 애 데리고 감 키키\n1 : 아침 5분이 너무 소중하다...\n2 : 응 이제 그 시간이면 편하게 준비할 수 있어 키키\n3 : 맞아\n3 : 아침 1분 1초가 소중해 키키\n1 : 내일은 1분 더 단축시켜 봐야지 키키\n2 : 어어 빠른 걸음으로 달려가 키키\n3 : 키키 경보 하면서 가는 거 아닌가 몰라 키키",
        "lines": [
          {
            "id": 1,
            "text": "1 : 나는야 오늘도 뚜벅이 회사원~",
            "norm_text": "나는야 오늘도 뚜벅이 회사원~",
            "speaker": {
              "id": "1번",
              "sex": "여성",
              "age": "20대"
            },
            "speechAct": "(단언) 주장하기",
            "morpheme": "나/NP+는/JX+야/IC+오늘/NNG+도/JX+뚜벅/MAG+이/MM+회사원/NNG+~/SY"
          },
          {
            "id": 2,
            "text": "2 : 맞아",
            "norm_text": "맞아",
            "speaker": {
              "id": "2번",
              "sex": "여성",
              "age": "20대"
            },
            "speechAct": "(단언) 주장하기",
            "morpheme": "맞/VV+아/EC"
          },
          {
            "id": 3,
            "text": "2 : 오늘도 뚜벅뚜벅 걸어갑니다 키키",
            "norm_text": "오늘도 뚜벅뚜벅 걸어갑니다 키키",
            "speaker": {
              "id": "2번",
              "sex": "여성",
              "age": "20대"
            },
            "speechAct": "(단언) 주장하기",
            "morpheme": "오늘/NNG+도/JX+뚜벅뚜벅/MAG+걸어갑니다/VV+EF+키/NNG+키/XSV+ETN"
          },
          {
            "id": 4,
            "text": "3 : 원래 뚜벅이가 좋은 거야 키키",
            "norm_text": "원래 뚜벅이가 좋은 거야 키키",
            "speaker": {
              "id": "3번",
              "sex": "남성",
              "age": "20대"
            },
            "speechAct": "(단언) 주장하기",
            "morpheme": "원래/MAG+뚜벅/MAG+이/NP+가/JKS+좋/VA+은/ETM+거/NNB+야/VCP+EF+키/NNG+키/XSV+ETN"
          },
          {
            "id": 5,
            "text": "3 : 돈 안 들고",
            "norm_text": "돈 안 들고",
            "speaker": {
              "id": "3번",
              "sex": "남성",
              "age": "20대"
            },
            "speechAct": "(단언) 주장하기",
            "morpheme": "돈/NNG+안/MAG+들/VV+고/EC"
          },
          {
            "id": 6,
            "text": "1 : 이제는 회사 빨리 가는 길을 찾았다!",
            "norm_text": "이제는 회사 빨리 가는 길을 찾았다!",
            "speaker": {
              "id": "1번",
              "sex": "여성",
              "age": "20대"
            },
            "speechAct": "(단언) 진술하기",
            "morpheme": "이제/NNG+는/JX+회사/NNG+빨리/MAG+가/VV+는/ETM+길/NNG+을/JKO+찾/VV+았/EP+다/EF"
          },
          {
            "id": 7,
            "text": "2 : 오 드디어 지름길을 찾은 거야?",
            "norm_text": "오 드디어 지름길을 찾은 거야?",
            "speaker": {
              "id": "2번",
              "sex": "여성",
              "age": "20대"
            },
            "speechAct": "(지시) 질문하기",
            "morpheme": "오/IC+드디어/MAG+지름길/NNG+을/JKO+찾/VV+은/ETM+거/NNB+야/VCP+EF"
          },
          {
            "id": 8,
            "text": "3 : 맞아",
            "norm_text": "맞아",
            "speaker": {
              "id": "3번",
              "sex": "남성",
              "age": "20대"
            },
            "speechAct": "(단언) 주장하기",
            "morpheme": "맞/VV+아/EC"
          },
          {
            "id": 9,
            "text": "3 : 회사 가는 길은 무조건 간편해야 함 키키",
            "norm_text": "회사 가는 길은 무조건 간편해야 함 키키",
            "speaker": {
              "id": "3번",
              "sex": "남성",
              "age": "20대"
            },
            "speechAct": "(단언) 주장하기",
            "morpheme": "회사/NNG+가/VV+는/ETM+길/NNG+은/JX+무조건/MAG+간편/XR+해야/XSA+EC+함/VX+ETN+키/NNG+키/XSV+ETN"
          },
          {
            "id": 10,
            "text": "1 : 전엔 길을 못 찾아서 20분이었는데 이제는 15분!",
            "norm_text": "전엔 길을 못 찾아서 20분이었는데 이제는 15분!",
            "speaker": {
              "id": "1번",
              "sex": "여성",
              "age": "20대"
            },
            "speechAct": "(단언) 진술하기",
            "morpheme": "전/MM+엔길/NNG+을/JKO+못/MAG+찾/VV+아서/EC+20/SN+분/NNBC+이/VCP+었/EP+는데/EC+이제/NNG+는/JX+15/SN+분/NNBC"
          },
          {
            "id": 11,
            "text": "2 : 오 5분이나 아침에 더 잘 수 있겠다 키키",
            "norm_text": "오 5분이나 아침에 더 잘 수 있겠다 키키",
            "speaker": {
              "id": "2번",
              "sex": "여성",
              "age": "20대"
            },
            "speechAct": "(단언) 주장하기",
            "morpheme": "오/NR+5/SN+분/NNBC+이나/JC+아침/NNG+에/JKB+더/MAG+잘/VV+ETM+수/NNB+있/VV+겠/EP+다키키/NNP"
          },
          {
            "id": 12,
            "text": "3 : 아침에 1분이 진짜 소중한 거 알지 키키",
            "norm_text": "아침에 1분이 진짜 소중한 거 알지 키키",
            "speaker": {
              "id": "3번",
              "sex": "남성",
              "age": "20대"
            },
            "speechAct": "(단언) 주장하기",
            "morpheme": "아침/NNG+에/JKB+1/SN+분/NNBC+이/JKS+진짜/MAG+소중/XR+한/XSA+ETM+거/NNB+알/VV+지/EC+키/NNG+키/XSV+ETN"
          },
          {
            "id": 13,
            "text": "1 : 우리 집 옆에 샛길이 있었는데 내가 그걸 몰랐어 키키",
            "norm_text": "우리 집 옆에 샛길이 있었는데 내가 그걸 몰랐어 키키",
            "speaker": {
              "id": "1번",
              "sex": "여성",
              "age": "20대"
            },
            "speechAct": "(단언) 진술하기",
            "morpheme": "우리/NP+집/NNG+옆/NNG+에/JKB+샛길/NNG+이/JKS+있/VA+었/EP+는데/EC+내/NP+가/JKS+그걸/NP+JKO+몰랐/VV+EP+어/EC+키/NNG+키/XSV+ETN"
          },
          {
            "id": 14,
            "text": "2 : 아고 길치!",
            "norm_text": "아고 길치!",
            "speaker": {
              "id": "2번",
              "sex": "여성",
              "age": "20대"
            },
            "speechAct": "(단언) 주장하기",
            "morpheme": "아고/IC+길치/NNG"
          },
          {
            "id": 15,
            "text": "2 : 이래서 길 잘 아는 사람이 중요해",
            "norm_text": "이래서 길 잘 아는 사람이 중요해",
            "speaker": {
              "id": "2번",
              "sex": "여성",
              "age": "20대"
            },
            "speechAct": "(단언) 주장하기",
            "morpheme": "이래서/VV+EC+길/NNG+잘/MAG+아/VV+는/ETM+사람/NNG+이/JKS+중요/NNG+해/XSV+EC"
          },
          {
            "id": 16,
            "text": "3 : 맞아",
            "norm_text": "맞아",
            "speaker": {
              "id": "3번",
              "sex": "남성",
              "age": "20대"
            },
            "speechAct": "(단언) 주장하기",
            "morpheme": "맞/VV+아/EC"
          },
          {
            "id": 17,
            "text": "3 : 그래서 나도 놀 때 길 잘 아는 애 데리고 감 키키",
            "norm_text": "그래서 나도 놀 때 길 잘 아는 애 데리고 감 키키",
            "speaker": {
              "id": "3번",
              "sex": "남성",
              "age": "20대"
            },
            "speechAct": "(단언) 진술하기",
            "morpheme": "그래서/MAJ+나/NP+도/JX+놀/VV+ETM+때/NNG+길/NNG+잘/MAG+아/VV+는/ETM+애/NNG+데리/VV+고/EC+감/VX+ETN+키/NNG+키/XSV+ETN"
          },
          {
            "id": 18,
            "text": "1 : 아침 5분이 너무 소중하다...",
            "norm_text": "아침 5분이 너무 소중하다...",
            "speaker": {
              "id": "1번",
              "sex": "여성",
              "age": "20대"
            },
            "speechAct": "(단언) 주장하기",
            "morpheme": "아침/NNG+5/SN+분/NNBC+이/JKS+너무/MAG+소중/XR+하/XSA+다/EF+./SY"
          },
          {
            "id": 19,
            "text": "2 : 응 이제 그 시간이면 편하게 준비할 수 있어 키키",
            "norm_text": "응 이제 그 시간이면 편하게 준비할 수 있어 키키",
            "speaker": {
              "id": "2번",
              "sex": "여성",
              "age": "20대"
            },
            "speechAct": "(단언) 주장하기",
            "morpheme": "응/IC+이제/MAG+그/MM+시간/NNG+이/VCP+면/EC+편하/VA+게/EC+준비/NNG+할/XSV+ETM+수/NNB+있/VV+어/EC+키/NNG+키/XSV+ETN"
          },
          {
            "id": 20,
            "text": "3 : 맞아",
            "norm_text": "맞아",
            "speaker": {
              "id": "3번",
              "sex": "남성",
              "age": "20대"
            },
            "speechAct": "(단언) 주장하기",
            "morpheme": "맞/VV+아/EC"
          },
          {
            "id": 21,
            "text": "3 : 아침 1분 1초가 소중해 키키",
            "norm_text": "아침 1분 1초가 소중해 키키",
            "speaker": {
              "id": "3번",
              "sex": "남성",
              "age": "20대"
            },
            "speechAct": "(단언) 주장하기",
            "morpheme": "아침/NNG+1/SN+분/NNBC+1/SN+초/NNBC+가/JKS+소중/XR+해/XSA+EC+키/NNG+키/XSV+ETN"
          },
          {
            "id": 22,
            "text": "1 : 내일은 1분 더 단축시켜 봐야지 키키",
            "norm_text": "내일은 1분 더 단축시켜 봐야지 키키",
            "speaker": {
              "id": "1번",
              "sex": "여성",
              "age": "20대"
            },
            "speechAct": "(단언) 주장하기",
            "morpheme": "내일/NNG+은/JX+1/SN+분/NNBC+더/MAG+단축/NNG+시켜/XSV+EC+봐야/VX+EC+VV+지/EC+키/NNG+키/XSV+ETN"
          },
          {
            "id": 23,
            "text": "2 : 어어 빠른 걸음으로 달려가 키키",
            "norm_text": "어어 빠른 걸음으로 달려가 키키",
            "speaker": {
              "id": "2번",
              "sex": "여성",
              "age": "20대"
            },
            "speechAct": "(단언) 주장하기",
            "morpheme": "어/IC+어/IC+빠른/VA+ETM+걸음/NNG+으로/JKB+달려가/VV+EC+키/NNG+키/XSV+ETN"
          },
          {
            "id": 24,
            "text": "3 : 키키 경보 하면서 가는 거 아닌가 몰라 키키",
            "norm_text": "키키 경보 하면서 가는 거 아닌가 몰라 키키",
            "speaker": {
              "id": "3번",
              "sex": "남성",
              "age": "20대"
            },
            "speechAct": "(단언) 주장하기",
            "morpheme": "키/NNG+키/NNG+경보/NNG+하/XSV+면서/EC+가/VX+는/ETM+거/NNB+아닌가/VCN+EC+몰라/VV+EC+키/NNG+키/XSV+ETN"
          }
        ]
      }
    }
  ]
}