{
  "dataset": {
    "identifier": 113180,
    "name": "NATEON_35_17_set",
    "src_path": "/data/file/cubeManager/PROJECT001/80/txt20211103154238045518/NATEON_35_17_set/",
    "label_path": "/data/file/cubeManager/PROJECT001/80/txt20211103154238045518/NATEON_35_17_set/",
    "category": 2,
    "type": 0
  },
  "licenses": {
    "name": "Apache License 1.0",
    "url": "http://www.apache.org/licenses/LICENSE-1.0"
  },
  "info": [
    {
      "id": 135492,
      "filename": "NATEON_35_17.txt",
      "title": "NATEON_35_17",
      "mediatype": "메신저",
      "medianame": "네이트온",
      "category": "일상대화",
      "date": "2021-11-03",
      "size": 400,
      "annotations": {
        "subject": "건강",
        "speaker_type": "다자간 대화",
        "size": 400,
        "word_size": 143,
        "text": "1 : 나 비염 너무 심해서 수술하려고 ㅠ\n2 : 아 비염 ㅠㅠ\n2 : 그거 엄청 불편하다고 하더라 ㅠㅠ\n3 : 비염이 진짜 최악의 질병이지\n1 : 응 ㅠ 진짜 못 살거같아 ㅠㅠ\n2 : 축농증?\n2 ; 그거 수술 한다는 거 맞지?\n3 : 나중엔 후각도 망가진데 심하면\n1 : 아니 아예 비염 수술이 있어\n2 : 아 진짜?\n2 ;  우리 아빠도 그거 추천 해줘야겠다 키키\n3 : 나는 어릴 때 비염 수술 했어\n1 : 헐 어때?\n1 ; 많이 아파?\n2 : 그거 수술 하면 좋아져? 어때?\n3 : 심하면 다시 돌아오는 거 같아 ㅠ\n1 : 아, 그럼 고민 좀 되는데\n2 : 다시 돌아오면 수술 의미가 없는데 ㅠㅠ\n3 : 그래도 가서 상담 받아봐\n1 : 응 가서 상담 받아봐야겠다\n2 : 가서 받고 견적 나오면 나도 알려 줘~\n3 : 응 상담은 무료니까 언제든!",
        "lines": [
          {
            "id": 1,
            "text": "1 : 나 비염 너무 심해서 수술하려고 ㅠ",
            "norm_text": "나 비염 너무 심해서 수술하려고 ㅠ",
            "speaker": {
              "id": "1번",
              "sex": "여성",
              "age": "20대"
            },
            "speechAct": "(단언) 주장하기",
            "morpheme": "나/NP+비염/NNG+너무/MAG+심해서/VA+EC+수술/NNG+하/XSV+려고/EC+ㅠ/UNKNOWN"
          },
          {
            "id": 2,
            "text": "2 : 아 비염 ㅠㅠ",
            "norm_text": "아 비염 ㅠㅠ",
            "speaker": {
              "id": "2번",
              "sex": "여성",
              "age": "20대"
            },
            "speechAct": "(단언) 주장하기",
            "morpheme": "아비염ㅠㅠ/UNKNOWN"
          },
          {
            "id": 3,
            "text": "2 : 그거 엄청 불편하다고 하더라 ㅠㅠ",
            "norm_text": "그거 엄청 불편하다고 하더라 ㅠㅠ",
            "speaker": {
              "id": "2번",
              "sex": "여성",
              "age": "20대"
            },
            "speechAct": "(단언) 주장하기",
            "morpheme": "그거/NP+엄청/MAG+불편/NNG+하/XSV+다고/EC+하/VX+더라/EF+ㅠㅠ/UNKNOWN"
          },
          {
            "id": 4,
            "text": "3 : 비염이 진짜 최악의 질병이지",
            "norm_text": "비염이 진짜 최악의 질병이지",
            "speaker": {
              "id": "3번",
              "sex": "남성",
              "age": "20대"
            },
            "speechAct": "(단언) 주장하기",
            "morpheme": "비염/NNG+이/JKS+진짜/MAG+최악/NNG+의/JKG+질병/NNG+이/VCP+지/EC"
          },
          {
            "id": 5,
            "text": "1 : 응 ㅠ 진짜 못 살거같아 ㅠㅠ",
            "norm_text": "응 ㅠ 진짜 못 살거같아 ㅠㅠ",
            "speaker": {
              "id": "1번",
              "sex": "여성",
              "age": "20대"
            },
            "speechAct": "(단언) 주장하기",
            "morpheme": "응ㅠ/UNKNOWN+진짜/MAG+못/MAG+살/VV+ETM+거/NNB+같/VA+아/EC+ㅠㅠ/UNKNOWN"
          },
          {
            "id": 6,
            "text": "2 : 축농증?",
            "norm_text": "축농증?",
            "speaker": {
              "id": "2번",
              "sex": "여성",
              "age": "20대"
            },
            "speechAct": "(단언) 주장하기",
            "morpheme": "축농증/NNG"
          },
          {
            "id": 7,
            "text": "2 ; 그거 수술 한다는 거 맞지?",
            "norm_text": "그거 수술 한다는 거 맞지?",
            "speaker": {
              "id": "2번",
              "sex": "여성",
              "age": "20대"
            },
            "speechAct": "(단언) 주장하기",
            "morpheme": "그거/NP+수술/NNG+한다는/XSV+ETM+거/NNB+맞/VV+지/EF"
          },
          {
            "id": 8,
            "text": "3 : 나중엔 후각도 망가진데 심하면",
            "norm_text": "나중엔 후각도 망가진데 심하면",
            "speaker": {
              "id": "3번",
              "sex": "남성",
              "age": "20대"
            },
            "speechAct": "(단언) 주장하기",
            "morpheme": "나중/NNG+엔/JKB+JX+후각/NNG+도/JX+망가진/VV+ETM+데/NNB+심하/VA+면/EC"
          },
          {
            "id": 9,
            "text": "1 : 아니 아예 비염 수술이 있어",
            "norm_text": "아니 아예 비염 수술이 있어",
            "speaker": {
              "id": "1번",
              "sex": "여성",
              "age": "20대"
            },
            "speechAct": "(단언) 주장하기",
            "morpheme": "아니/IC+아예/MAG+비염/NNG+수술/NNG+이/JKS+있/VV+어/EC"
          },
          {
            "id": 10,
            "text": "2 : 아 진짜?",
            "norm_text": "아 진짜?",
            "speaker": {
              "id": "2번",
              "sex": "여성",
              "age": "20대"
            },
            "speechAct": "(단언) 주장하기",
            "morpheme": "아/IC+진짜/MAG"
          },
          {
            "id": 11,
            "text": "2 ;  우리 아빠도 그거 추천 해줘야겠다 키키",
            "norm_text": "우리 아빠도 그거 추천 해줘야겠다 키키",
            "speaker": {
              "id": "2번",
              "sex": "여성",
              "age": "20대"
            },
            "speechAct": "(단언) 주장하기",
            "morpheme": "우리/NP+아빠/NNG+도/JX+그거/NP+추천/NNG+해/XSV+EC+줘야/VX+EC+VX+겠/EP+다키키/NNP"
          },
          {
            "id": 12,
            "text": "3 : 나는 어릴 때 비염 수술 했어",
            "norm_text": "나는 어릴 때 비염 수술 했어",
            "speaker": {
              "id": "3번",
              "sex": "남성",
              "age": "20대"
            },
            "speechAct": "(단언) 진술하기",
            "morpheme": "나/NP+는/JX+어릴/VA+ETM+때/NNG+비염/NNG+수술/NNG+했/XSV+EP+어/EC"
          },
          {
            "id": 13,
            "text": "1 : 헐 어때?",
            "norm_text": "헐 어때?",
            "speaker": {
              "id": "1번",
              "sex": "여성",
              "age": "20대"
            },
            "speechAct": "(단언) 주장하기",
            "morpheme": "헐/VV+JKO+어때/VA+EF"
          },
          {
            "id": 14,
            "text": "1 ; 많이 아파?",
            "norm_text": "많이 아파?",
            "speaker": {
              "id": "1번",
              "sex": "여성",
              "age": "20대"
            },
            "speechAct": "(단언) 주장하기",
            "morpheme": "많이/MAG+아파/VA+EF"
          },
          {
            "id": 15,
            "text": "2 : 그거 수술 하면 좋아져? 어때?",
            "norm_text": "그거 수술 하면 좋아져? 어때?",
            "speaker": {
              "id": "2번",
              "sex": "여성",
              "age": "20대"
            },
            "speechAct": "(단언) 주장하기",
            "morpheme": "그거/NP+수술/NNG+하/XSV+면/EC+좋/VA+아/EC+져/VX+EF+어때/VA+EF"
          },
          {
            "id": 16,
            "text": "3 : 심하면 다시 돌아오는 거 같아 ㅠ",
            "norm_text": "심하면 다시 돌아오는 거 같아 ㅠ",
            "speaker": {
              "id": "3번",
              "sex": "남성",
              "age": "20대"
            },
            "speechAct": "(단언) 주장하기",
            "morpheme": "심하/VA+면/EC+다시/MAG+돌아오/VV+는/ETM+거/NNB+같/VA+아/EC+ㅠ/UNKNOWN"
          },
          {
            "id": 17,
            "text": "1 : 아, 그럼 고민 좀 되는데",
            "norm_text": "아, 그럼 고민 좀 되는데",
            "speaker": {
              "id": "1번",
              "sex": "여성",
              "age": "20대"
            },
            "speechAct": "(단언) 주장하기",
            "morpheme": "아/IC+,/SC+그럼/MAJ+고민/NNG+좀/MAG+되/VV+는데/EC"
          },
          {
            "id": 18,
            "text": "2 : 다시 돌아오면 수술 의미가 없는데 ㅠㅠ",
            "norm_text": "다시 돌아오면 수술 의미가 없는데 ㅠㅠ",
            "speaker": {
              "id": "2번",
              "sex": "여성",
              "age": "20대"
            },
            "speechAct": "(단언) 주장하기",
            "morpheme": "다시/MAG+돌아오/VV+면/EC+수술/NNG+의미/NNG+가/JKS+없/VA+는데/EC+ㅠㅠ/UNKNOWN"
          },
          {
            "id": 19,
            "text": "3 : 그래도 가서 상담 받아봐",
            "norm_text": "그래도 가서 상담 받아봐",
            "speaker": {
              "id": "3번",
              "sex": "남성",
              "age": "20대"
            },
            "speechAct": "(단언) 주장하기",
            "morpheme": "그래도/VV+EC+가/VX+서/EC+상담/NNG+받/VV+아/EC+봐/VX+EC"
          },
          {
            "id": 20,
            "text": "1 : 응 가서 상담 받아봐야겠다",
            "norm_text": "응 가서 상담 받아봐야겠다",
            "speaker": {
              "id": "1번",
              "sex": "여성",
              "age": "20대"
            },
            "speechAct": "(단언) 주장하기",
            "morpheme": "응가/NNG+서/JKB+상담/NNG+받/VV+아/EC+봐야/VX+EC+VV+겠/EP+다/EC"
          },
          {
            "id": 21,
            "text": "2 : 가서 받고 견적 나오면 나도 알려 줘~",
            "norm_text": "가서 받고 견적 나오면 나도 알려 줘~",
            "speaker": {
              "id": "2번",
              "sex": "여성",
              "age": "20대"
            },
            "speechAct": "(단언) 주장하기",
            "morpheme": "가/VV+서/EC+받/VV+고/EC+견적/NNG+나오/VV+면/EC+나/NP+도/JX+알려줘/VV+EC+VX+EC+~/SY"
          },
          {
            "id": 22,
            "text": "3 : 응 상담은 무료니까 언제든!",
            "norm_text": "응 상담은 무료니까 언제든!",
            "speaker": {
              "id": "3번",
              "sex": "남성",
              "age": "20대"
            },
            "speechAct": "(단언) 주장하기",
            "morpheme": "응/IC+상담/NNG+은/JX+무료/NNG+니까/VCP+EC+언제/NP+든/VCP+EF"
          }
        ]
      }
    }
  ]
}