{
  "dataset": {
    "identifier": 114182,
    "name": "NATEON_37_03_set",
    "src_path": "/data/file/cubeManager/PROJECT001/80/txt20211103151015014321/NATEON_37_03_set/",
    "label_path": "/data/file/cubeManager/PROJECT001/80/txt20211103151015014321/NATEON_37_03_set/",
    "category": 2,
    "type": 0
  },
  "licenses": {
    "name": "Apache License 1.0",
    "url": "http://www.apache.org/licenses/LICENSE-1.0"
  },
  "info": [
    {
      "id": 134446,
      "filename": "NATEON_37_03.txt",
      "title": "NATEON_37_03",
      "mediatype": "메신저",
      "medianame": "네이트온",
      "category": "일상대화",
      "date": "2021-11-03",
      "size": 418,
      "annotations": {
        "subject": "교통",
        "speaker_type": "다자간 대화",
        "size": 418,
        "word_size": 148,
        "text": "1 : 나 서울 가려고 공항 왔어 하하\n2 : 서울?\n2 : 비행기 타고 올라 가려고?\n3 : 오 비행기 타고 서울 가는 거야?\n1 : 응 하하 서울 갈 땐 무조건 비행기\n2 : 기차보다 비행기가 더 괜찮아?\n3 : 기차보다 훨씬 빨리 도착하겠네\n1 : 응 거의 40분 정도 걸려 하하\n2 : 오 엄청 빠르다 키키\n2 : 근데 거기 수속도 밟아야 되는 거 아니야?\n3 : 와 그러면 진짜 빠르다\n1 : 응 가격도 훨씬 저렴해 하하\n2 : 서울 가는 비행기 금액은 어떻게 되는데?\n3 : 가격은 보통 어느 정도 해?\n1 : 가격대는 잘 잡으면 거의 편도 2만 원?\n2 : 와 대박 기차보다 훨씬 좋은데?!\n3 : 와 그럼 왕복 5만 원도 안 되네?\n1 : 응 그래서 비행기를 자주 타 하하\n2 : 어어 나 같아도 비행기 타고 서울 갈 듯 키키\n3 : 나도 다음엔 비행기 타야겠다 하하",
        "lines": [
          {
            "id": 1,
            "text": "1 : 나 서울 가려고 공항 왔어 하하",
            "norm_text": "나 서울 가려고 공항 왔어 하하",
            "speaker": {
              "id": "1번",
              "sex": "여성",
              "age": "20대"
            },
            "speechAct": "(단언) 진술하기",
            "morpheme": "나/NP+서울/NNP+가/VV+려고/EC+공항/NNG+왔/VV+EP+어/EC+하하/MAG"
          },
          {
            "id": 2,
            "text": "2 : 서울?",
            "norm_text": "서울?",
            "speaker": {
              "id": "2번",
              "sex": "여성",
              "age": "20대"
            },
            "speechAct": "턴토크 사인(관습적 반응)",
            "morpheme": "서울/NNP"
          },
          {
            "id": 3,
            "text": "2 : 비행기 타고 올라 가려고?",
            "norm_text": "비행기 타고 올라 가려고?",
            "speaker": {
              "id": "2번",
              "sex": "여성",
              "age": "20대"
            },
            "speechAct": "(지시) 질문하기",
            "morpheme": "비행기/NNG+타/VV+고/EC+올라가/VV+려고/EF"
          },
          {
            "id": 4,
            "text": "3 : 오 비행기 타고 서울 가는 거야?",
            "norm_text": "오 비행기 타고 서울 가는 거야?",
            "speaker": {
              "id": "3번",
              "sex": "남성",
              "age": "20대"
            },
            "speechAct": "(지시) 질문하기",
            "morpheme": "오/NR+비행기/NNG+타/VV+고/EC+서울/NNP+가/VV+는/ETM+거/NNB+야/VCP+EF"
          },
          {
            "id": 5,
            "text": "1 : 응 하하 서울 갈 땐 무조건 비행기",
            "norm_text": "응 하하 서울 갈 땐 무조건 비행기",
            "speaker": {
              "id": "1번",
              "sex": "여성",
              "age": "20대"
            },
            "speechAct": "(단언) 진술하기",
            "morpheme": "응/IC+하하/MAG+서울/NNP+갈/VV+ETM+땐/NNG+JX+무조건/MAG+비행기/NNG"
          },
          {
            "id": 6,
            "text": "2 : 기차보다 비행기가 더 괜찮아?",
            "norm_text": "기차보다 비행기가 더 괜찮아?",
            "speaker": {
              "id": "2번",
              "sex": "여성",
              "age": "20대"
            },
            "speechAct": "(지시) 질문하기",
            "morpheme": "기차/NNG+보다/JKB+비행기/NNG+가/JKS+더/MAG+괜찮/VA+아/EF"
          },
          {
            "id": 7,
            "text": "3 : 기차보다 훨씬 빨리 도착하겠네",
            "norm_text": "기차보다 훨씬 빨리 도착하겠네",
            "speaker": {
              "id": "3번",
              "sex": "남성",
              "age": "20대"
            },
            "speechAct": "(단언) 주장하기",
            "morpheme": "기차/NNG+보다/JKB+훨씬/MAG+빨리/MAG+도착/NNG+하/XSV+겠/EP+네/EF"
          },
          {
            "id": 8,
            "text": "1 : 응 거의 40분 정도 걸려 하하",
            "norm_text": "응 거의 40분 정도 걸려 하하",
            "speaker": {
              "id": "1번",
              "sex": "여성",
              "age": "20대"
            },
            "speechAct": "(단언) 진술하기",
            "morpheme": "응/IC+거의/MAG+40/SN+분/NNBC+정도/NNG+걸려/VV+EC+하하/MAG"
          },
          {
            "id": 9,
            "text": "2 : 오 엄청 빠르다 키키",
            "norm_text": "오 엄청 빠르다 키키",
            "speaker": {
              "id": "2번",
              "sex": "여성",
              "age": "20대"
            },
            "speechAct": "(단언) 주장하기",
            "morpheme": "오/IC+엄청/MAG+빠르/VA+다키키/NNP"
          },
          {
            "id": 10,
            "text": "2 : 근데 거기 수속도 밟아야 되는 거 아니야?",
            "norm_text": "근데 거기 수속도 밟아야 되는 거 아니야?",
            "speaker": {
              "id": "2번",
              "sex": "여성",
              "age": "20대"
            },
            "speechAct": "(지시) 질문하기",
            "morpheme": "근데/MAJ+거기/NP+수속/NNG+도/JX+밟/VV+아야/EC+되/VV+는/ETM+거/NNB+아니/VCN+야/EF"
          },
          {
            "id": 11,
            "text": "3 : 와 그러면 진짜 빠르다",
            "norm_text": "와 그러면 진짜 빠르다",
            "speaker": {
              "id": "3번",
              "sex": "남성",
              "age": "20대"
            },
            "speechAct": "(단언) 주장하기",
            "morpheme": "와/IC+그러면/MAJ+진짜/MAG+빠르/VA+다/EC"
          },
          {
            "id": 12,
            "text": "1 : 응 가격도 훨씬 저렴해 하하",
            "norm_text": "응 가격도 훨씬 저렴해 하하",
            "speaker": {
              "id": "1번",
              "sex": "여성",
              "age": "20대"
            },
            "speechAct": "(단언) 진술하기",
            "morpheme": "응/IC+가격/NNG+도/JX+훨씬/MAG+저렴/XR+해/XSA+EC+하하/MAG"
          },
          {
            "id": 13,
            "text": "2 : 서울 가는 비행기 금액은 어떻게 되는데?",
            "norm_text": "서울 가는 비행기 금액은 어떻게 되는데?",
            "speaker": {
              "id": "2번",
              "sex": "여성",
              "age": "20대"
            },
            "speechAct": "(지시) 질문하기",
            "morpheme": "서울/NNP+가/VV+는/ETM+비행기/NNG+금액/NNG+은/JX+어떻게/MAG+되/VV+는데/EC"
          },
          {
            "id": 14,
            "text": "3 : 가격은 보통 어느 정도 해?",
            "norm_text": "가격은 보통 어느 정도 해?",
            "speaker": {
              "id": "3번",
              "sex": "남성",
              "age": "20대"
            },
            "speechAct": "(지시) 질문하기",
            "morpheme": "가격/NNG+은/JX+보통/MAJ+어느/MM+정도/NNG+해/XSV+EF"
          },
          {
            "id": 15,
            "text": "1 : 가격대는 잘 잡으면 거의 편도 2만 원?",
            "norm_text": "가격대는 잘 잡으면 거의 편도 2만 원?",
            "speaker": {
              "id": "1번",
              "sex": "여성",
              "age": "20대"
            },
            "speechAct": "(단언) 진술하기",
            "morpheme": "가격대/NNG+는/JX+잘/MAG+잡/VV+으면/EC+거의/MAG+편도/NNG+2/SN+만/NR+원/NNBC"
          },
          {
            "id": 16,
            "text": "2 : 와 대박 기차보다 훨씬 좋은데?!",
            "norm_text": "와 대박 기차보다 훨씬 좋은데?!",
            "speaker": {
              "id": "2번",
              "sex": "여성",
              "age": "20대"
            },
            "speechAct": "(단언) 주장하기",
            "morpheme": "와대/NNG+박기/NNG+차/NNG+보다/JKB+훨씬/MAG+좋/VA+은데/EC+?/SY"
          },
          {
            "id": 17,
            "text": "3 : 와 그럼 왕복 5만 원도 안 되네?",
            "norm_text": "와 그럼 왕복 5만 원도 안 되네?",
            "speaker": {
              "id": "3번",
              "sex": "남성",
              "age": "20대"
            },
            "speechAct": "(단언) 주장하기",
            "morpheme": "와/IC+그럼/MAJ+왕복/NNG+5/SN+만/NR+원/NNBC+도/JX+안/MAG+되/VV+네/EF"
          },
          {
            "id": 18,
            "text": "1 : 응 그래서 비행기를 자주 타 하하",
            "norm_text": "응 그래서 비행기를 자주 타 하하",
            "speaker": {
              "id": "1번",
              "sex": "여성",
              "age": "20대"
            },
            "speechAct": "(단언) 진술하기",
            "morpheme": "응/IC+그래서/MAJ+비행기/NNG+를/JKO+자주/MAG+타하/NNG+하/XSV"
          },
          {
            "id": 19,
            "text": "2 : 어어 나 같아도 비행기 타고 서울 갈 듯 키키",
            "norm_text": "어어 나 같아도 비행기 타고 서울 갈 듯 키키",
            "speaker": {
              "id": "2번",
              "sex": "여성",
              "age": "20대"
            },
            "speechAct": "(단언) 주장하기",
            "morpheme": "어/IC+어/IC+나/NP+같/VA+아도/EC+비행기/NNG+타/VV+고/EC+서울/NNP+갈/VV+ETM+듯/NNB+키/NNG+키/XSV+ETN"
          },
          {
            "id": 20,
            "text": "3 : 나도 다음엔 비행기 타야겠다 하하",
            "norm_text": "나도 다음엔 비행기 타야겠다 하하",
            "speaker": {
              "id": "3번",
              "sex": "남성",
              "age": "20대"
            },
            "speechAct": "(언약) 약속하기(제3자와)/(개인적 수준)",
            "morpheme": "나/NP+도/JX+다음/NNG+엔/JKB+JX+비행기/NNG+타/VV+야겠다/EC+VX+EP+EC+하하/MAG"
          }
        ]
      }
    }
  ]
}