{
  "dataset": {
    "identifier": 117525,
    "name": "NATEON_29_12_set",
    "src_path": "/data/file/cubeManager/PROJECT001/80/txt20211102103851081251/NATEON_29_12_set/",
    "label_path": "/data/file/cubeManager/PROJECT001/80/txt20211102103851081251/NATEON_29_12_set/",
    "category": 2,
    "type": 0
  },
  "licenses": {
    "name": "Apache License 1.0",
    "url": "http://www.apache.org/licenses/LICENSE-1.0"
  },
  "info": [
    {
      "id": 129875,
      "filename": "NATEON_29_12.txt",
      "title": "NATEON_29_12",
      "mediatype": "메신저",
      "medianame": "네이트온",
      "category": "일상대화",
      "date": "2021-11-02",
      "size": 466,
      "annotations": {
        "subject": "여행",
        "speaker_type": "다자간 대화",
        "size": 466,
        "word_size": 167,
        "text": "1 : 아 나 이번에 비 와서 제주도 못 갔어ㅠ\n2 : 헉 티켓 그런 거 다 취소 한 거야? ㅠㅠ\n3 : 비행기가 아무래도 날씨 영향을 받으니까\n1 : 응 그냥 기차 타고 다른 곳 갈 걸...\n2 : 에고 시간 날렸네 ㅠㅠ\n2 : 더 좋은 기회가 오겠지 ㅠㅠ\n3 : 그래도 기차보단 비행기가 낫잖아\n1 : 응 여행 분위기는 비행기가 더 나지\n2 : 요즘 코로나 때문에 기차 여행도 없지 않아? ㅠㅠ\n3 : 응 아무래도 띄어 앉기 때문에\n1 : 좌석도 너무 없더라 ㅠㅠ\n1 : 빨리 예약해야해\n2 : 맞아 명절 이럴 때는 자리도 없을 거 같아 ㅠㅠ\n3 : 우리 이참에 기차 여행이나 가자\n1 : 오 좋은데 무슨 청춘? 그걸로 저렴하게 탈 수 있던데\n2 : 그거 지금도 갈 수 있는 건가?\n3 : 응 20대면 할인 받아서 탈 수 있어\n1 : 오, 할인 받는 여행은 언제든 환영\n2 : 갈 수 있으면 나 가고 싶어 ㅠㅠ\n2 : 나 갈래 ㅠㅠ\n3 : 키키 그래 다 같이 가보자",
        "lines": [
          {
            "id": 1,
            "text": "1 : 아 나 이번에 비 와서 제주도 못 갔어ㅠ",
            "norm_text": "아 나 이번에 비 와서 제주도 못 갔어ㅠ",
            "speaker": {
              "id": "1번",
              "sex": "여성",
              "age": "20대"
            },
            "speechAct": "(단언) 진술하기",
            "morpheme": "아/IC+나/NP+이번/NNG+에/JKB+비/VV+EC+와서/VV+EC+제주/NNP+도/JX+못/MAG+갔/VV+EP+어ㅠ/UNKNOWN"
          },
          {
            "id": 2,
            "text": "2 : 헉 티켓 그런 거 다 취소 한 거야? ㅠㅠ",
            "norm_text": "헉 티켓 그런 거 다 취소 한 거야? ㅠㅠ",
            "speaker": {
              "id": "2번",
              "sex": "여성",
              "age": "20대"
            },
            "speechAct": "(지시) 질문하기",
            "morpheme": "헉/IC+티켓/NNG+그런/MM+거/NNB+다/MAG+취소/NNG+한/XSA+ETM+거/NNB+야/VCP+EF+ㅠㅠ/UNKNOWN"
          },
          {
            "id": 3,
            "text": "3 : 비행기가 아무래도 날씨 영향을 받으니까",
            "norm_text": "비행기가 아무래도 날씨 영향을 받으니까",
            "speaker": {
              "id": "3번",
              "sex": "남성",
              "age": "20대"
            },
            "speechAct": "(단언) 주장하기",
            "morpheme": "비행기/NNG+가/JKS+아무래도/MAG+날씨/NNG+영향/NNG+을/JKO+받/VV+으니까/EC"
          },
          {
            "id": 4,
            "text": "1 : 응 그냥 기차 타고 다른 곳 갈 걸...",
            "norm_text": "응 그냥 기차 타고 다른 곳 갈 걸...",
            "speaker": {
              "id": "1번",
              "sex": "여성",
              "age": "20대"
            },
            "speechAct": "(단언) 주장하기",
            "morpheme": "응/IC+그냥/MAG+기차/NNG+타/VV+고/EC+다른/MM+곳/NNB+갈걸/VV+EF+./SY"
          },
          {
            "id": 5,
            "text": "2 : 에고 시간 날렸네 ㅠㅠ",
            "norm_text": "에고 시간 날렸네 ㅠㅠ",
            "speaker": {
              "id": "2번",
              "sex": "여성",
              "age": "20대"
            },
            "speechAct": "(단언) 주장하기",
            "morpheme": "에고/IC+시간/NNG+날렸/VV+EP+네/EF+ㅠㅠ/UNKNOWN"
          },
          {
            "id": 6,
            "text": "2 : 더 좋은 기회가 오겠지 ㅠㅠ",
            "norm_text": "더 좋은 기회가 오겠지 ㅠㅠ",
            "speaker": {
              "id": "2번",
              "sex": "여성",
              "age": "20대"
            },
            "speechAct": "(단언) 주장하기",
            "morpheme": "더/MAG+좋/VA+은/ETM+기회/NNG+가/JKS+오/VV+겠/EP+지/EF+ㅠㅠ/UNKNOWN"
          },
          {
            "id": 7,
            "text": "3 : 그래도 기차보단 비행기가 낫잖아",
            "norm_text": "그래도 기차보단 비행기가 낫잖아",
            "speaker": {
              "id": "3번",
              "sex": "남성",
              "age": "20대"
            },
            "speechAct": "(단언) 주장하기",
            "morpheme": "그래도/MAJ+기차/NNG+보단/JKB+JX+비행기/NNG+가/JKS+낫/VV+잖아/EC"
          },
          {
            "id": 8,
            "text": "1 : 응 여행 분위기는 비행기가 더 나지",
            "norm_text": "응 여행 분위기는 비행기가 더 나지",
            "speaker": {
              "id": "1번",
              "sex": "여성",
              "age": "20대"
            },
            "speechAct": "(단언) 주장하기",
            "morpheme": "응/IC+여행/NNG+분위기/NNG+는/JX+비행기/NNG+가/JKS+더나/VV+지/EC"
          },
          {
            "id": 9,
            "text": "2 : 요즘 코로나 때문에 기차 여행도 없지 않아? ㅠㅠ",
            "norm_text": "요즘 코로나 때문에 기차 여행도 없지 않아? ㅠㅠ",
            "speaker": {
              "id": "2번",
              "sex": "여성",
              "age": "20대"
            },
            "speechAct": "(지시) 질문하기",
            "morpheme": "요즘/NNG+코로나/NNG+때문/NNB+에/JKB+기차/NNG+여행/NNG+도/JX+없/VA+지/EC+않/VX+아/EF+ㅠㅠ/UNKNOWN"
          },
          {
            "id": 10,
            "text": "3 : 응 아무래도 띄어 앉기 때문에",
            "norm_text": "응 아무래도 띄어 앉기 때문에",
            "speaker": {
              "id": "3번",
              "sex": "남성",
              "age": "20대"
            },
            "speechAct": "(단언) 주장하기",
            "morpheme": "응/IC+아무래도/MAG+띄/VV+어/EC+앉/VV+기/ETN+때문/NNB+에/JKB"
          },
          {
            "id": 11,
            "text": "1 : 좌석도 너무 없더라 ㅠㅠ",
            "norm_text": "좌석도 너무 없더라 ㅠㅠ",
            "speaker": {
              "id": "1번",
              "sex": "여성",
              "age": "20대"
            },
            "speechAct": "(단언) 진술하기",
            "morpheme": "좌석/NNG+도/JX+너무/MAG+없/VA+더라/EF+ㅠㅠ/UNKNOWN"
          },
          {
            "id": 12,
            "text": "1 : 빨리 예약해야해",
            "norm_text": "빨리 예약해야해",
            "speaker": {
              "id": "1번",
              "sex": "여성",
              "age": "20대"
            },
            "speechAct": "(단언) 주장하기",
            "morpheme": "빨리/MAG+예약/NNG+해야/XSV+EC+해/VV+EC"
          },
          {
            "id": 13,
            "text": "2 : 맞아 명절 이럴 때는 자리도 없을 거 같아 ㅠㅠ",
            "norm_text": "맞아 명절 이럴 때는 자리도 없을 거 같아 ㅠㅠ",
            "speaker": {
              "id": "2번",
              "sex": "여성",
              "age": "20대"
            },
            "speechAct": "(단언) 주장하기",
            "morpheme": "맞/VV+아/EC+명절/NNG+이럴/VA+ETM+때/NNG+는/JX+자리/NNG+도/JX+없/VA+을/ETM+거/NNB+같/VA+아/EC+ㅠㅠ/UNKNOWN"
          },
          {
            "id": 14,
            "text": "3 : 우리 이참에 기차 여행이나 가자",
            "norm_text": "우리 이참에 기차 여행이나 가자",
            "speaker": {
              "id": "3번",
              "sex": "남성",
              "age": "20대"
            },
            "speechAct": "(지시) 충고/제안하기",
            "morpheme": "우리/NP+이참/NNG+에/JKB+기차/NNG+여행/NNG+이/JKS+나가/VV+자/EC"
          },
          {
            "id": 15,
            "text": "1 : 오 좋은데 무슨 청춘? 그걸로 저렴하게 탈 수 있던데",
            "norm_text": "오 좋은데 무슨 청춘? 그걸로 저렴하게 탈 수 있던데",
            "speaker": {
              "id": "1번",
              "sex": "여성",
              "age": "20대"
            },
            "speechAct": "(단언) 주장하기",
            "morpheme": "오/NR+좋/VA+은데/EC+무슨/MM+청춘/NNG+그걸로/NP+JKB+저렴/XR+하/XSA+게/EC+탈/VV+ETM+수/NNB+있/VV+던데/EC"
          },
          {
            "id": 16,
            "text": "2 : 그거 지금도 갈 수 있는 건가?",
            "norm_text": "그거 지금도 갈 수 있는 건가?",
            "speaker": {
              "id": "2번",
              "sex": "여성",
              "age": "20대"
            },
            "speechAct": "(단언) 주장하기",
            "morpheme": "그거/NP+지금/MAG+도/JX+갈/VV+ETM+수/NNB+있/VV+는/ETM+건가/NNB+VCP+EF"
          },
          {
            "id": 17,
            "text": "3 : 응 20대면 할인 받아서 탈 수 있어",
            "norm_text": "응 20대면 할인 받아서 탈 수 있어",
            "speaker": {
              "id": "3번",
              "sex": "남성",
              "age": "20대"
            },
            "speechAct": "(단언) 주장하기",
            "morpheme": "응/IC+20/SN+대면/NNG+할인/NNG+받/VV+아서/EC+탈/VV+ETM+수/NNB+있/VV+어/EC"
          },
          {
            "id": 18,
            "text": "1 : 오, 할인 받는 여행은 언제든 환영",
            "norm_text": "오, 할인 받는 여행은 언제든 환영",
            "speaker": {
              "id": "1번",
              "sex": "여성",
              "age": "20대"
            },
            "speechAct": "(단언) 주장하기",
            "morpheme": "오/IC+,/SC+할인/NNG+받/VV+는/ETM+여행/NNG+은/JX+언제/MAG+든/VV+ETM+환영/NNG"
          },
          {
            "id": 19,
            "text": "2 : 갈 수 있으면 나 가고 싶어 ㅠㅠ",
            "norm_text": "갈 수 있으면 나 가고 싶어 ㅠㅠ",
            "speaker": {
              "id": "2번",
              "sex": "여성",
              "age": "20대"
            },
            "speechAct": "(단언) 주장하기",
            "morpheme": "갈/VV+ETM+수/NNB+있/VV+으면/EC+나가/VX+고/EC+싶/VX+어/EC+ㅠㅠ/UNKNOWN"
          },
          {
            "id": 20,
            "text": "2 : 나 갈래 ㅠㅠ",
            "norm_text": "나 갈래 ㅠㅠ",
            "speaker": {
              "id": "2번",
              "sex": "여성",
              "age": "20대"
            },
            "speechAct": "(단언) 주장하기",
            "morpheme": "나갈래ㅠㅠ/UNKNOWN"
          },
          {
            "id": 21,
            "text": "3 : 키키 그래 다 같이 가보자",
            "norm_text": "키키 그래 다 같이 가보자",
            "speaker": {
              "id": "3번",
              "sex": "남성",
              "age": "20대"
            },
            "speechAct": "(언약) 약속하기(제3자와)/(개인적 수준)",
            "morpheme": "키/NNG+키/XSV+ETN+그래/JX+다/MAG+같이/MAG+가/VV+EC+보/VX+자/EC"
          }
        ]
      }
    }
  ]
}