{
  "dataset": {
    "identifier": 113163,
    "name": "NATEON_36_13_set",
    "src_path": "/data/file/cubeManager/PROJECT001/80/txt20211103174750040260/NATEON_36_13_set/",
    "label_path": "/data/file/cubeManager/PROJECT001/80/txt20211103174750040260/NATEON_36_13_set/",
    "category": 2,
    "type": 0
  },
  "licenses": {
    "name": "Apache License 1.0",
    "url": "http://www.apache.org/licenses/LICENSE-1.0"
  },
  "info": [
    {
      "id": 136255,
      "filename": "NATEON_36_13.txt",
      "title": "NATEON_36_13",
      "mediatype": "메신저",
      "medianame": "네이트온",
      "category": "일상대화",
      "date": "2021-11-03",
      "size": 394,
      "annotations": {
        "subject": "계절/날씨",
        "speaker_type": "다자간 대화",
        "size": 394,
        "word_size": 138,
        "text": "1 : 와 그새 좀 추워졌네\n2 : 어 그러니까 지금 날씨 장난 아냐 ㅠㅠ\n3 : 나 오늘 후리스 꺼냈잖아 키키\n1 : 밖에 낙엽은 있던데 가을이냐 겨울이냐\n2 : 나 기모 맨투맨 입고 다닌 지 오래 된 듯 키키\n3 : 가을이냐 겨울이냐 그것이 문제로다 키키\n1 : 키키 진짜 그것이 문제로다이다 키키\n2 : 이게 날씨가 애매해 겨울이 찾아 오는 거 같아 키키\n3 : 그러니까 가을이라고 하기엔 춥다\n1 : 응 벌써 국화빵 팔더라\n2 : 대박 나 계란빵 먹고 싶어 키키\n3 : 내가 또 국화빵 진짜 좋아하지\n1 : 맞아... 나도 빵순이라 다 좋아해 ㅠ\n2 : 웅 길에서 파는 거 다 맛있어 키키\n3 : 나는 빵돌이라 다 좋아해\n1 : 다들 모여 사러 가게!\n2 : 좋아 다들 천 원씩 들고 나와 키키\n3 : 그래 지금 옷 입고 나갈게",
        "lines": [
          {
            "id": 1,
            "text": "1 : 와 그새 좀 추워졌네",
            "norm_text": "와 그새 좀 추워졌네",
            "speaker": {
              "id": "1번",
              "sex": "여성",
              "age": "20대"
            },
            "speechAct": "(단언) 주장하기",
            "morpheme": "와/IC+그새/MAG+좀/MAG+추워졌/VA+EC+VX+EP+네/EF"
          },
          {
            "id": 2,
            "text": "2 : 어 그러니까 지금 날씨 장난 아냐 ㅠㅠ",
            "norm_text": "어 그러니까 지금 날씨 장난 아냐 ㅠㅠ",
            "speaker": {
              "id": "2번",
              "sex": "여성",
              "age": "20대"
            },
            "speechAct": "(단언) 주장하기",
            "morpheme": "어/IC+그러니까/MAJ+지금/MAG+날씨/NNG+장난/NNG+아냐/VCN+EF+ㅠㅠ/UNKNOWN"
          },
          {
            "id": 3,
            "text": "3 : 나 오늘 후리스 꺼냈잖아 키키",
            "norm_text": "나 오늘 후리스 꺼냈잖아 키키",
            "speaker": {
              "id": "3번",
              "sex": "남성",
              "age": "20대"
            },
            "speechAct": "(단언) 주장하기",
            "morpheme": "나/NP+오늘/MAG+후/NNG+리스/NNG+꺼냈/VV+EP+잖아/EF+키/NNG+키/XSV+ETN"
          },
          {
            "id": 4,
            "text": "1 : 밖에 낙엽은 있던데 가을이냐 겨울이냐",
            "norm_text": "밖에 낙엽은 있던데 가을이냐 겨울이냐",
            "speaker": {
              "id": "1번",
              "sex": "여성",
              "age": "20대"
            },
            "speechAct": "(단언) 주장하기",
            "morpheme": "밖/NNG+에/JKB+낙엽/NNG+은/JX+있/VA+던데/EC+가을/NNG+이/VCP+냐/EC+겨울/NNG+이/VCP+냐/EC"
          },
          {
            "id": 5,
            "text": "2 : 나 기모 맨투맨 입고 다닌 지 오래 된 듯 키키",
            "norm_text": "나 기모 맨투맨 입고 다닌 지 오래 된 듯 키키",
            "speaker": {
              "id": "2번",
              "sex": "여성",
              "age": "20대"
            },
            "speechAct": "(단언) 주장하기",
            "morpheme": "나/NP+기모/NNG+맨투맨/NNG+입/VV+고/EC+다닌지/VV+EC+오래/MAG+된/VV+ETM+듯/NNB+키/NNG+키/XSV+ETN"
          },
          {
            "id": 6,
            "text": "3 : 가을이냐 겨울이냐 그것이 문제로다 키키",
            "norm_text": "가을이냐 겨울이냐 그것이 문제로다 키키",
            "speaker": {
              "id": "3번",
              "sex": "남성",
              "age": "20대"
            },
            "speechAct": "(단언) 주장하기",
            "morpheme": "가을/NNG+이/VCP+냐/EC+겨울/NNG+이/VCP+냐/EF+그것/NP+이/JKS+문제/NNG+로/JKB+다키키/NNP"
          },
          {
            "id": 7,
            "text": "1 : 키키 진짜 그것이 문제로다이다 키키",
            "norm_text": "키키 진짜 그것이 문제로다이다 키키",
            "speaker": {
              "id": "1번",
              "sex": "여성",
              "age": "20대"
            },
            "speechAct": "(단언) 주장하기",
            "morpheme": "키/NNG+키/XSV+ETN+진짜/MAG+그것/NP+이/JKS+문제/NNG+로/JKB+다/MAG+이/MM+다키키/NNP"
          },
          {
            "id": 8,
            "text": "2 : 이게 날씨가 애매해 겨울이 찾아 오는 거 같아 키키",
            "norm_text": "이게 날씨가 애매해 겨울이 찾아 오는 거 같아 키키",
            "speaker": {
              "id": "2번",
              "sex": "여성",
              "age": "20대"
            },
            "speechAct": "(단언) 주장하기",
            "morpheme": "이게/NP+JKS+날씨/NNG+가/JKS+애매/XR+해/XSA+EC+겨울/NNG+이/JKS+찾아오/VV+는/ETM+거/NNB+같/VA+아/EC+키/NNG+키/XSV+ETN"
          },
          {
            "id": 9,
            "text": "3 : 그러니까 가을이라고 하기엔 춥다",
            "norm_text": "그러니까 가을이라고 하기엔 춥다",
            "speaker": {
              "id": "3번",
              "sex": "남성",
              "age": "20대"
            },
            "speechAct": "(단언) 주장하기",
            "morpheme": "그러니까/MAJ+가을/NNG+이/VCP+라고/EC+하/VV+기엔/EC+JX+춥/VA+다/EC"
          },
          {
            "id": 10,
            "text": "1 : 응 벌써 국화빵 팔더라",
            "norm_text": "응 벌써 국화빵 팔더라",
            "speaker": {
              "id": "1번",
              "sex": "여성",
              "age": "20대"
            },
            "speechAct": "(단언) 주장하기",
            "morpheme": "응/IC+벌써/MAG+국화빵/NNG+팔/VV+더라/EC"
          },
          {
            "id": 11,
            "text": "2 : 대박 나 계란빵 먹고 싶어 키키",
            "norm_text": "대박 나 계란빵 먹고 싶어 키키",
            "speaker": {
              "id": "2번",
              "sex": "여성",
              "age": "20대"
            },
            "speechAct": "(단언) 주장하기",
            "morpheme": "대박/NNP+나/JC+계란빵/NNG+먹/VV+고/EC+싶/VX+어/EC+키/NNG+키/XSV+ETN"
          },
          {
            "id": 12,
            "text": "3 : 내가 또 국화빵 진짜 좋아하지",
            "norm_text": "내가 또 국화빵 진짜 좋아하지",
            "speaker": {
              "id": "3번",
              "sex": "남성",
              "age": "20대"
            },
            "speechAct": "(단언) 주장하기",
            "morpheme": "내/NP+가/JKS+또/MAG+국화빵/NNG+진짜/MAG+좋/VA+아/EC+하/VV+지/EC"
          },
          {
            "id": 13,
            "text": "1 : 맞아... 나도 빵순이라 다 좋아해 ㅠ",
            "norm_text": "맞아... 나도 빵순이라 다 좋아해 ㅠ",
            "speaker": {
              "id": "1번",
              "sex": "여성",
              "age": "20대"
            },
            "speechAct": "(단언) 주장하기",
            "morpheme": "맞/VV+아/EF+./SY+나도빵순이라다좋아해ㅠ/UNKNOWN"
          },
          {
            "id": 14,
            "text": "2 : 웅 길에서 파는 거 다 맛있어 키키",
            "norm_text": "웅 길에서 파는 거 다 맛있어 키키",
            "speaker": {
              "id": "2번",
              "sex": "여성",
              "age": "20대"
            },
            "speechAct": "(단언) 주장하기",
            "morpheme": "웅/IC+길/NNG+에서/JKB+파/VV+는/ETM+거/NNB+다/MAG+맛있/VA+어/EC+키/NNG+키/XSV+ETN"
          },
          {
            "id": 15,
            "text": "3 : 나는 빵돌이라 다 좋아해",
            "norm_text": "나는 빵돌이라 다 좋아해",
            "speaker": {
              "id": "3번",
              "sex": "남성",
              "age": "20대"
            },
            "speechAct": "(단언) 주장하기",
            "morpheme": "나/NP+는/JX+빵/NNG+돌/NNG+이/VCP+라/EC+다/MAG+좋/VA+아/EC+해/VV+EC"
          },
          {
            "id": 16,
            "text": "1 : 다들 모여 사러 가게!",
            "norm_text": "다들 모여 사러 가게!",
            "speaker": {
              "id": "1번",
              "sex": "여성",
              "age": "20대"
            },
            "speechAct": "(단언) 주장하기",
            "morpheme": "다/MAG+들/XSN+모여사/VV+EC+VV+러/EC+가/VX+게/EC"
          },
          {
            "id": 17,
            "text": "2 : 좋아 다들 천 원씩 들고 나와 키키",
            "norm_text": "좋아 다들 천 원씩 들고 나와 키키",
            "speaker": {
              "id": "2번",
              "sex": "여성",
              "age": "20대"
            },
            "speechAct": "(단언) 주장하기",
            "morpheme": "좋/VA+아다/EC+들/XSN+천/NR+원/NNBC+씩/XSN+들/VV+고/EC+나와/VV+EC+키/NNG+키/XSV+ETN"
          },
          {
            "id": 18,
            "text": "3 : 그래 지금 옷 입고 나갈게",
            "norm_text": "그래 지금 옷 입고 나갈게",
            "speaker": {
              "id": "3번",
              "sex": "남성",
              "age": "20대"
            },
            "speechAct": "(단언) 주장하기",
            "morpheme": "그래/IC+지금/MAG+옷/NNG+입/VV+고/EC+나갈/VX+게/EC"
          }
        ]
      }
    }
  ]
}