{
  "dataset": {
    "identifier": 18106,
    "name": "NATEON_26_10_set",
    "src_path": "/data/file/cubeManager/PROJECT001/7/txt20210826181628065320/NATEON_26_10_set/",
    "label_path": "/data/file/cubeManager/PROJECT001/7/txt20210826181628065320/NATEON_26_10_set/",
    "category": 2,
    "type": 0
  },
  "licenses": {
    "name": "Apache License 1.0",
    "url": "http://www.apache.org/licenses/LICENSE-1.0"
  },
  "info": [
    {
      "id": 728,
      "filename": "NATEON_26_10.txt",
      "title": "NATEON_26_10",
      "mediatype": "메신저",
      "medianame": "네이트온",
      "category": "일상대화",
      "date": "2021-08-26",
      "size": 750,
      "annotations": {
        "subject": "스포츠/레저",
        "speaker_type": "1:1",
        "size": 750,
        "word_size": 242,
        "text": "1 : 오늘 저녁에 올림픽 여자 배구 4강전 한대!\n2 : 헉 오늘 저녁이었구나!\n2 : 퇴근하고 가서 볼 수 있으려나!\n1 : 응응 아 오늘 9시다!\n1 : 퇴근하고 가서 볼 수 있겠는데!\n2 : 시간 완전 좋다! 키키\n2 : 이전에는 오전에 하고 그래서 못 본 게 너무 아쉬웠는데 ㅠㅠ\n1 : 맞아! 브라질이 세계 2위 국가래.\n1 : 그래도 연경신이 있다면!\n2 : 브라질 정말 잘 할 텐데... 맞아!\n2 : 그래도 이전 경기 같이 했던 국가들도 잘하는 곳이었는데도 이겼으니까!\n1 : 맞아! 이번 올림픽 경기 생중계로 보는 건 진짜 처음이겠다. 키키\n1 : 양궁도 항상 인터넷에 클립으로만 봤거든\n2 : 오 사실 나도 그래 키키\n2 : 항상 결과 알고 나서 나중에 봤었는데...\n2 : 근데 운동 경기 생중계 보면 정말 너무 너무 긴장 돼.\n1 : 맞아! 스포츠 경기 보는 거 좋아해?\n2 : 나 내가 좋아하거나 흥미가 가는 경기들은 올림픽 할 때 종종 보는 거 같아!\n1 : 오 그렇구나!\n1 : 어떤 종목 좋아해?!\n2 : 음 나는 주로 양궁이나 쇼트트랙을 자주 보는 거 같아!\n2 : 넌?\n1 : 와 쇼트트랙!\n1 : 나는 수영이나 양궁 봤었어!\n1 : 우리 둘 다 뭔가 빠르게 진행되는 종목을 좋아하네 키키\n2 : 키키 말하고 보니 그렇네!\n2 : 뭔가 박진감도 넘치고 긴장도 되는데 재밌는 거 같아!\n1 : 맞아! 오늘 9시 배구도 재밌게 보자!\n1 : 금요일이고 하니 더 기대되고 신난다 키키\n2 : 그러자 진짜 오늘 마침 딱 금요일이어서 조금은 맘 편하게 볼 수 있겠다!",
        "lines": [
          {
            "id": 1,
            "text": "1 : 오늘 저녁에 올림픽 여자 배구 4강전 한대!",
            "norm_text": "오늘 저녁에 올림픽 여자 배구 4강전 한대!",
            "speaker": {
              "id": "1번",
              "sex": "여성",
              "age": "30대"
            },
            "speechAct": "(단언) 진술하기",
            "morpheme": "오늘/MAG+저녁/NNG+에/JKB+올림픽/NNP+여자/NNG+배구/NNG+4/SN+강전/NNG+한대/XSV+EF"
          },
          {
            "id": 2,
            "text": "2 : 헉 오늘 저녁이었구나!",
            "norm_text": "헉 오늘 저녁이었구나!",
            "speaker": {
              "id": "2번",
              "sex": "여성",
              "age": "20대"
            },
            "speechAct": "(단언) 주장하기",
            "morpheme": "헉/IC+오늘/MAG+저녁/NNG+이/VCP+었/EP+구나/EF"
          },
          {
            "id": 3,
            "text": "2 : 퇴근하고 가서 볼 수 있으려나!",
            "norm_text": "퇴근하고 가서 볼 수 있으려나!",
            "speaker": {
              "id": "2번",
              "sex": "여성",
              "age": "20대"
            },
            "speechAct": "(단언) 주장하기",
            "morpheme": "퇴근/NNG+하/XSV+고/EC+가/VX+서/EC+볼/VX+ETM+수/NNB+있/VV+으려나/EF"
          },
          {
            "id": 4,
            "text": "1 : 응응 아 오늘 9시다!",
            "norm_text": "응응 아 오늘 9시다!",
            "speaker": {
              "id": "1번",
              "sex": "여성",
              "age": "30대"
            },
            "speechAct": "(단언) 진술하기",
            "morpheme": "응/IC+응아/MAG+오늘/MAG+9/SN+시/NNBC+다/VCP+EF"
          },
          {
            "id": 5,
            "text": "1 : 퇴근하고 가서 볼 수 있겠는데!",
            "norm_text": "퇴근하고 가서 볼 수 있겠는데!",
            "speaker": {
              "id": "1번",
              "sex": "여성",
              "age": "30대"
            },
            "speechAct": "(단언) 주장하기",
            "morpheme": "퇴근/NNG+하/XSV+고/EC+가/VX+서/EC+볼/VX+ETM+수/NNB+있/VV+겠/EP+는데/EF"
          },
          {
            "id": 6,
            "text": "2 : 시간 완전 좋다! 키키",
            "norm_text": "시간 완전 좋다! 키키",
            "speaker": {
              "id": "2번",
              "sex": "여성",
              "age": "20대"
            },
            "speechAct": "(단언) 주장하기",
            "morpheme": "시간/NNG+완전/NNG+좋/VA+다/EF+키/NNG+키/XSV+ETN"
          },
          {
            "id": 7,
            "text": "2 : 이전에는 오전에 하고 그래서 못 본 게 너무 아쉬웠는데 ㅠㅠ",
            "norm_text": "이전에는 오전에 하고 그래서 못 본 게 너무 아쉬웠는데 ㅠㅠ",
            "speaker": {
              "id": "2번",
              "sex": "여성",
              "age": "20대"
            },
            "speechAct": "(표현) 부정감정 표현하기",
            "morpheme": "이전/NNG+에/JKB+는/JX+오전/NNG+에/JKB+하/VV+고/EC+그래서/MAJ+못/MAG+본/VV+ETM+게/NNB+JKS+너무/MAG+아쉬웠/VA+EP+는데/EC+ㅠㅠ/UNKNOWN"
          },
          {
            "id": 8,
            "text": "1 : 맞아! 브라질이 세계 2위 국가래.",
            "norm_text": "맞아! 브라질이 세계 2위 국가래.",
            "speaker": {
              "id": "1번",
              "sex": "여성",
              "age": "30대"
            },
            "speechAct": "(단언) 진술하기",
            "morpheme": "맞/VV+아/EF+브라질/NNP+이/JKS+세계/NNG+2/SN+위/NNBC+국가/NNG+래/VCP+EF"
          },
          {
            "id": 9,
            "text": "1 : 그래도 연경신이 있다면!",
            "norm_text": "그래도 연경신이 있다면!",
            "speaker": {
              "id": "1번",
              "sex": "여성",
              "age": "30대"
            },
            "speechAct": "(단언) 주장하기",
            "morpheme": "그래도/MAJ+연경/NNG+신/NNG+이/JKS+있/VA+다면/EF"
          },
          {
            "id": 10,
            "text": "2 : 브라질 정말 잘 할 텐데... 맞아!",
            "norm_text": "브라질 정말 잘 할 텐데... 맞아!",
            "speaker": {
              "id": "2번",
              "sex": "여성",
              "age": "20대"
            },
            "speechAct": "(단언) 주장하기",
            "morpheme": "브라질/NNP+정말/MAG+잘/MAG+할/VV+ETM+텐데/NNB+VCP+EF+./SY+맞/VV+아/EF"
          },
          {
            "id": 11,
            "text": "2 : 그래도 이전 경기 같이 했던 국가들도 잘하는 곳이었는데도 이겼으니까!",
            "norm_text": "그래도 이전 경기 같이 했던 국가들도 잘하는 곳이었는데도 이겼으니까!",
            "speaker": {
              "id": "2번",
              "sex": "여성",
              "age": "20대"
            },
            "speechAct": "(단언) 진술하기",
            "morpheme": "그래도/MAJ+이전/NNG+경기/NNG+같이/JKB+했/VV+EP+던/ETM+국가/NNG+들/XSN+도/JX+잘/MAG+하/VV+는/ETM+곳/NNG+이/VCP+었/EP+는데도/EC+이겼/VV+EP+으니까/EF"
          },
          {
            "id": 12,
            "text": "1 : 맞아! 이번 올림픽 경기 생중계로 보는 건 진짜 처음이겠다. 키키",
            "norm_text": "맞아! 이번 올림픽 경기 생중계로 보는 건 진짜 처음이겠다. 키키",
            "speaker": {
              "id": "1번",
              "sex": "여성",
              "age": "30대"
            },
            "speechAct": "(단언) 주장하기",
            "morpheme": "맞/VV+아/EF+이번/NNG+올림픽경기/NNP+생중/NNG+계/XSN+로/JKB+보/VV+는/ETM+건/NNB+JX+진짜/MAG+처음/NNG+이/VCP+겠/EP+다/EF+키/NNG+키/XSV+ETN"
          },
          {
            "id": 13,
            "text": "1 : 양궁도 항상 인터넷에 클립으로만 봤거든",
            "norm_text": "양궁도 항상 인터넷에 클립으로만 봤거든",
            "speaker": {
              "id": "1번",
              "sex": "여성",
              "age": "30대"
            },
            "speechAct": "(단언) 진술하기",
            "morpheme": "양궁/NNG+도/JX+항상/MAG+인터넷/NNG+에/JKB+클립/NNG+으로/JKB+만/JX+봤/VV+EP+거든/EC"
          },
          {
            "id": 14,
            "text": "2 : 오 사실 나도 그래 키키",
            "norm_text": "오 사실 나도 그래 키키",
            "speaker": {
              "id": "2번",
              "sex": "여성",
              "age": "20대"
            },
            "speechAct": "(단언) 주장하기",
            "morpheme": "오/IC+사실/MAG+나/NP+도/JX+그래/VA+EC+키/NNG+키/XSV+ETN"
          },
          {
            "id": 15,
            "text": "2 : 항상 결과 알고 나서 나중에 봤었는데...",
            "norm_text": "항상 결과 알고 나서 나중에 봤었는데...",
            "speaker": {
              "id": "2번",
              "sex": "여성",
              "age": "20대"
            },
            "speechAct": "(단언) 주장하기",
            "morpheme": "항상/MAG+결과/NNG+알/VV+고/EC+나/VX+서/EC+나중/NNG+에/JKB+봤었/VV+EP+는데/EC+./SY+./SY"
          },
          {
            "id": 16,
            "text": "2 : 근데 운동 경기 생중계 보면 정말 너무 너무 긴장 돼.",
            "norm_text": "근데 운동 경기 생중계 보면 정말 너무 너무 긴장 돼.",
            "speaker": {
              "id": "2번",
              "sex": "여성",
              "age": "20대"
            },
            "speechAct": "(단언) 주장하기",
            "morpheme": "근데/MAJ+운동/NNG+경기/NNG+생중/NNG+계/XSN+보/VV+면/EC+정말/MAG+너무너무/MAG+긴장/NNG+돼/XSV+EF"
          },
          {
            "id": 17,
            "text": "1 : 맞아! 스포츠 경기 보는 거 좋아해?",
            "norm_text": "맞아! 스포츠 경기 보는 거 좋아해?",
            "speaker": {
              "id": "1번",
              "sex": "여성",
              "age": "30대"
            },
            "speechAct": "(지시) 질문하기",
            "morpheme": "맞/VV+아/EF+스포츠/NNG+경기/NNG+보/VV+는/ETM+거/NNB+좋/VA+아/EC+해/VX+EF"
          },
          {
            "id": 18,
            "text": "2 : 나 내가 좋아하거나 흥미가 가는 경기들은 올림픽 할 때 종종 보는 거 같아!",
            "norm_text": "나 내가 좋아하거나 흥미가 가는 경기들은 올림픽 할 때 종종 보는 거 같아!",
            "speaker": {
              "id": "2번",
              "sex": "여성",
              "age": "20대"
            },
            "speechAct": "(단언) 주장하기",
            "morpheme": "나/NP+내/NP+가/JKS+좋/VA+아/EC+하/VV+거나/EC+흥미/NNG+가/JKS+가/VV+는/ETM+경기/NNG+들/XSN+은/JX+올림픽/NNP+할/VV+ETM+때/NNG+종종/MAG+보/VV+는/ETM+거/NNB+같/VA+아/EF"
          },
          {
            "id": 19,
            "text": "1 : 오 그렇구나!",
            "norm_text": "오 그렇구나!",
            "speaker": {
              "id": "1번",
              "sex": "여성",
              "age": "30대"
            },
            "speechAct": "턴토크 사인(관습적 반응)",
            "morpheme": "오/NR+그렇/VA+구나/EF"
          },
          {
            "id": 20,
            "text": "1 : 어떤 종목 좋아해?!",
            "norm_text": "어떤 종목 좋아해?!",
            "speaker": {
              "id": "1번",
              "sex": "여성",
              "age": "30대"
            },
            "speechAct": "(지시) 질문하기",
            "morpheme": "어떤/MM+종목/NNG+좋/VA+아/EC+해/VV+EC+?/SY"
          },
          {
            "id": 21,
            "text": "2 : 음 나는 주로 양궁이나 쇼트트랙을 자주 보는 거 같아!",
            "norm_text": "음 나는 주로 양궁이나 쇼트트랙을 자주 보는 거 같아!",
            "speaker": {
              "id": "2번",
              "sex": "여성",
              "age": "20대"
            },
            "speechAct": "(단언) 주장하기",
            "morpheme": "음/IC+나/NP+는/JX+주로/MAG+양궁/NNG+이나/JC+쇼트트랙/NNP+을/JKO+자주/MAG+보/VV+는/ETM+거/NNB+같/VA+아/EF"
          },
          {
            "id": 22,
            "text": "2 : 넌?",
            "norm_text": "넌?",
            "speaker": {
              "id": "2번",
              "sex": "여성",
              "age": "20대"
            },
            "speechAct": "(지시) 질문하기",
            "morpheme": "넌/NP+JX"
          },
          {
            "id": 23,
            "text": "1 : 와 쇼트트랙!",
            "norm_text": "와 쇼트트랙!",
            "speaker": {
              "id": "1번",
              "sex": "여성",
              "age": "30대"
            },
            "speechAct": "(단언) 진술하기",
            "morpheme": "와/IC+쇼트트랙/NNP"
          },
          {
            "id": 24,
            "text": "1 : 나는 수영이나 양궁 봤었어!",
            "norm_text": "나는 수영이나 양궁 봤었어!",
            "speaker": {
              "id": "1번",
              "sex": "여성",
              "age": "30대"
            },
            "speechAct": "(단언) 진술하기",
            "morpheme": "나/NP+는/JX+수영/NNG+이나/JC+양궁/NNG+봤었/VV+EP+어/EF"
          },
          {
            "id": 25,
            "text": "1 : 우리 둘 다 뭔가 빠르게 진행되는 종목을 좋아하네 키키",
            "norm_text": "우리 둘 다 뭔가 빠르게 진행되는 종목을 좋아하네 키키",
            "speaker": {
              "id": "1번",
              "sex": "여성",
              "age": "30대"
            },
            "speechAct": "(단언) 주장하기",
            "morpheme": "우리/NP+둘/NR+다/MAG+뭔가/NP+VCP+EC+빠르/VA+게/EC+진행/NNG+되/XSV+는/ETM+종목/NNG+을/JKO+좋아하/VV+네/EF+키/NNG+키/XSV+ETN"
          },
          {
            "id": 26,
            "text": "2 : 키키 말하고 보니 그렇네!",
            "norm_text": "키키 말하고 보니 그렇네!",
            "speaker": {
              "id": "2번",
              "sex": "여성",
              "age": "20대"
            },
            "speechAct": "(단언) 주장하기",
            "morpheme": "키/NNG+키/NNG+말/NNG+하/XSV+고/EC+보/VX+니/EC+그렇/VA+네/EF"
          },
          {
            "id": 27,
            "text": "2 : 뭔가 박진감도 넘치고 긴장도 되는데 재밌는 거 같아!",
            "norm_text": "뭔가 박진감도 넘치고 긴장도 되는데 재밌는 거 같아!",
            "speaker": {
              "id": "2번",
              "sex": "여성",
              "age": "20대"
            },
            "speechAct": "(단언) 진술하기",
            "morpheme": "뭔가/NP+VCP+EC+박진감/NNG+도/JX+넘치/VV+고/EC+긴장/NNG+도/JX+되/VV+는/ETM+데/NNB+재밌/VA+는/ETM+거/NNB+같/VA+아/EF"
          },
          {
            "id": 28,
            "text": "1 : 맞아! 오늘 9시 배구도 재밌게 보자!",
            "norm_text": "맞아! 오늘 9시 배구도 재밌게 보자!",
            "speaker": {
              "id": "1번",
              "sex": "여성",
              "age": "30대"
            },
            "speechAct": "(단언) 주장하기",
            "morpheme": "맞/VV+아/EF+오늘/MAG+9/SN+시/NNBC+배구/NNG+도/JX+재밌/VA+게/EC+보/VX+자/EF"
          },
          {
            "id": 29,
            "text": "1 : 금요일이고 하니 더 기대되고 신난다 키키",
            "norm_text": "금요일이고 하니 더 기대되고 신난다 키키",
            "speaker": {
              "id": "1번",
              "sex": "여성",
              "age": "30대"
            },
            "speechAct": "(단언) 주장하기",
            "morpheme": "금요일/NNG+이/VCP+고/EC+하/VV+니/EC+더/MAG+기대/NNG+되/XSV+고/EC+신난다/VV+EC+키/NNG+키/XSV+ETN"
          },
          {
            "id": 30,
            "text": "2 : 그러자 진짜 오늘 마침 딱 금요일이어서 조금은 맘 편하게 볼 수 있겠다!",
            "norm_text": "그러자 진짜 오늘 마침 딱 금요일이어서 조금은 맘 편하게 볼 수 있겠다!",
            "speaker": {
              "id": "2번",
              "sex": "여성",
              "age": "20대"
            },
            "speechAct": "(지시) 충고/제안하기",
            "morpheme": "그러/VV+자/EC+진짜/MAG+오늘/MAG+마침/MAG+딱/MAG+금요일/NNG+이/VCP+어서/EC+조금/NNG+은/JX+맘/NNG+편하/VA+게/EC+볼/VX+ETM+수/NNB+있/VV+겠/EP+다/EF"
          }
        ]
      }
    }
  ]
}