{
  "dataset": {
    "identifier": 127944,
    "name": "NATEON_39_19_set",
    "src_path": "/data/file/cubeManager/PROJECT001/84/txt20211108181225080150/NATEON_39_19_set/",
    "label_path": "/data/file/cubeManager/PROJECT001/84/txt20211108181225080150/NATEON_39_19_set/",
    "category": 2,
    "type": 0
  },
  "licenses": {
    "name": "Apache License 1.0",
    "url": "http://www.apache.org/licenses/LICENSE-1.0"
  },
  "info": [
    {
      "id": 141903,
      "filename": "NATEON_39_19.txt",
      "title": "NATEON_39_19",
      "mediatype": "메신저",
      "medianame": "네이트온",
      "category": "일상대화",
      "date": "2021-11-08",
      "size": 402,
      "annotations": {
        "subject": "방송/연예",
        "speaker_type": "다자간 대화",
        "size": 402,
        "word_size": 141,
        "text": "1 : 나 길가다가 아이돌 봤어!\n2 : 오 대박 아이돌 누구 봄?\n3 : 헐 웬 아이돌이야 갑자기!\n1 : 오마이걸! 내가 진짜 좋아하는데 ㅠ\n2 : 헐 나도 오마이걸 진짜 좋아해 ㅠㅠ\n3 : 헐 너사인은 받은  거야?\n1 : 아니... 나 완전 얼어 있었지 키키\n2 : 대박 ㅠㅠ 가서 사인 받고 와야지 ㅠㅠ\n3 : ㅋㅋ야 사인을 받았어야지 너!\n1 : 아니 몸이 완전히 굳더라고 키키\n2 : 맞아 엄청 좋아하면 굳어\n2 : 키키 나도 그런 적 있어\n3 : 그래도 이름은 계속 외쳤어?\n1 : 어 오마이걸 연호 했다 내가 키키\n2 : 키키 오마이걸 노래 하나 지금 틀어야겠다\n3 : 키키 니 이름도 크게 말하지\n1 : 아, 그건 아쉽게 못 했어 ㅠ\n2 : 다음엔 긴장 하지 말고 가서 꼭 사인 받아 키키\n3 : 키키 다음 번에 보면 니 이름 외쳐!",
        "lines": [
          {
            "id": 1,
            "text": "1 : 나 길가다가 아이돌 봤어!",
            "norm_text": "나 길가다가 아이돌 봤어!",
            "speaker": {
              "id": "1번",
              "sex": "여성",
              "age": "20대"
            },
            "speechAct": "(단언) 진술하기",
            "morpheme": "나/VV+길/ETN+JKO+가/VV+다가/EC+아이돌/NNP+봤/VV+EP+어/EF"
          },
          {
            "id": 2,
            "text": "2 : 오 대박 아이돌 누구 봄?",
            "norm_text": "오 대박 아이돌 누구 봄?",
            "speaker": {
              "id": "2번",
              "sex": "여성",
              "age": "20대"
            },
            "speechAct": "(지시) 질문하기",
            "morpheme": "오/NR+대/NNBC+박/NNP+아이돌/NNP+누구/NP+봄/NNG"
          },
          {
            "id": 3,
            "text": "3 : 헐 웬 아이돌이야 갑자기!",
            "norm_text": "헐 웬 아이돌이야 갑자기!",
            "speaker": {
              "id": "3번",
              "sex": "남성",
              "age": "20대"
            },
            "speechAct": "(지시) 질문하기",
            "morpheme": "헐/IC+웬/MM+아이돌/NNP+이/VCP+야/EF+갑자기/MAG"
          },
          {
            "id": 4,
            "text": "1 : 오마이걸! 내가 진짜 좋아하는데 ㅠ",
            "norm_text": "오마이걸! 내가 진짜 좋아하는데 ㅠ",
            "speaker": {
              "id": "1번",
              "sex": "여성",
              "age": "20대"
            },
            "speechAct": "(단언) 주장하기",
            "morpheme": "오마/IC+이걸/NP+JKO+내/NP+가/JKS+진짜/MAG+좋/VA+아/EC+하/VV+는/ETM+데ㅠ/UNKNOWN"
          },
          {
            "id": 5,
            "text": "2 : 헐 나도 오마이걸 진짜 좋아해 ㅠㅠ",
            "norm_text": "헐 나도 오마이걸 진짜 좋아해 ㅠㅠ",
            "speaker": {
              "id": "2번",
              "sex": "여성",
              "age": "20대"
            },
            "speechAct": "(단언) 주장하기",
            "morpheme": "헐/IC+나/NP+도/JX+오마/IC+이걸/NP+JKO+진짜/MAG+좋/VA+아/EC+해/VV+EC+ㅠㅠ/UNKNOWN"
          },
          {
            "id": 6,
            "text": "3 : 헐 너사인은 받은  거야?",
            "norm_text": "헐 너사인은 받은  거야?",
            "speaker": {
              "id": "3번",
              "sex": "남성",
              "age": "20대"
            },
            "speechAct": "(지시) 질문하기",
            "morpheme": "헐/IC+너/NP+사인/NNG+은/JX+받/VV+은/ETM+거/NNB+야/VCP+EF"
          },
          {
            "id": 7,
            "text": "1 : 아니... 나 완전 얼어 있었지 키키",
            "norm_text": "아니... 나 완전 얼어 있었지 키키",
            "speaker": {
              "id": "1번",
              "sex": "여성",
              "age": "20대"
            },
            "speechAct": "(단언) 진술하기",
            "morpheme": "아니/IC+./SY+나완전얼어있었지키키/UNKNOWN"
          },
          {
            "id": 8,
            "text": "2 : 대박 ㅠㅠ 가서 사인 받고 와야지 ㅠㅠ",
            "norm_text": "대박 ㅠㅠ 가서 사인 받고 와야지 ㅠㅠ",
            "speaker": {
              "id": "2번",
              "sex": "여성",
              "age": "20대"
            },
            "speechAct": "(단언) 주장하기",
            "morpheme": "대박/NNG+ㅠㅠ/UNKNOWN+가/VV+서/EC+사인/NNG+JX+받/VV+고/EC+와야/VX+EC+VX+지/EF+ㅠㅠ/UNKNOWN"
          },
          {
            "id": 9,
            "text": "3 : ㅋㅋ야 사인을 받았어야지 너!",
            "norm_text": "ㅋㅋ야 사인을 받았어야지 너!",
            "speaker": {
              "id": "3번",
              "sex": "남성",
              "age": "20대"
            },
            "speechAct": "(단언) 주장하기",
            "morpheme": "ㅋㅋ/UNKNOWN+야사/NNG+인/XSN+을/JKO+받/VV+았/EP+어야지/EF+너/NP"
          },
          {
            "id": 10,
            "text": "1 : 아니 몸이 완전히 굳더라고 키키",
            "norm_text": "아니 몸이 완전히 굳더라고 키키",
            "speaker": {
              "id": "1번",
              "sex": "여성",
              "age": "20대"
            },
            "speechAct": "(단언) 진술하기",
            "morpheme": "아니/IC+몸/NNG+이/JKS+완전히/MAG+굳/VA+더라고/EC+키/NNG+키/XSV+ETN"
          },
          {
            "id": 11,
            "text": "2 : 맞아 엄청 좋아하면 굳어",
            "norm_text": "맞아 엄청 좋아하면 굳어",
            "speaker": {
              "id": "2번",
              "sex": "여성",
              "age": "20대"
            },
            "speechAct": "(단언) 주장하기",
            "morpheme": "맞/VV+아/EC+엄청/MAG+좋/VA+아/EC+하/VV+면/EC+굳/VA+어/EC"
          },
          {
            "id": 12,
            "text": "2 : 키키 나도 그런 적 있어",
            "norm_text": "키키 나도 그런 적 있어",
            "speaker": {
              "id": "2번",
              "sex": "여성",
              "age": "20대"
            },
            "speechAct": "(단언) 주장하기",
            "morpheme": "키/NNG+키나/XSA+ETN+JX+도/JX+그런/VA+ETM+적/NNB+있/VA+어/EC"
          },
          {
            "id": 13,
            "text": "3 : 그래도 이름은 계속 외쳤어?",
            "norm_text": "그래도 이름은 계속 외쳤어?",
            "speaker": {
              "id": "3번",
              "sex": "남성",
              "age": "20대"
            },
            "speechAct": "(지시) 질문하기",
            "morpheme": "그래도/MAJ+이름/NNG+은/JX+계속/MAG+외쳤/VV+EP+어/EF"
          },
          {
            "id": 14,
            "text": "1 : 어 오마이걸 연호 했다 내가 키키",
            "norm_text": "어 오마이걸 연호 했다 내가 키키",
            "speaker": {
              "id": "1번",
              "sex": "여성",
              "age": "20대"
            },
            "speechAct": "(단언) 진술하기",
            "morpheme": "어/IC+오마/IC+이걸/NP+JKO+연호/NNG+했/XSV+EP+다/EF+내/NP+가/JKS+키/NNG+키/XSV+ETN"
          },
          {
            "id": 15,
            "text": "2 : 키키 오마이걸 노래 하나 지금 틀어야겠다",
            "norm_text": "키키 오마이걸 노래 하나 지금 틀어야겠다",
            "speaker": {
              "id": "2번",
              "sex": "여성",
              "age": "20대"
            },
            "speechAct": "(단언) 주장하기",
            "morpheme": "키/NNG+키/VV+오마/EC+이걸/NP+JKO+노래/NNG+하나/NR+지금/MAG+틀/VV+어야/EC+겠다/VX+EP+EC"
          },
          {
            "id": 16,
            "text": "3 : 키키 니 이름도 크게 말하지",
            "norm_text": "키키 니 이름도 크게 말하지",
            "speaker": {
              "id": "3번",
              "sex": "남성",
              "age": "20대"
            },
            "speechAct": "(지시) 충고/제안하기",
            "morpheme": "키/NNG+키/VV+니/EC+이름/NNG+도/JX+크/VA+게/EC+말/NNG+하/XSV+지/EC"
          },
          {
            "id": 17,
            "text": "1 : 아, 그건 아쉽게 못 했어 ㅠ",
            "norm_text": "아, 그건 아쉽게 못 했어 ㅠ",
            "speaker": {
              "id": "1번",
              "sex": "여성",
              "age": "20대"
            },
            "speechAct": "(단언) 진술하기",
            "morpheme": "아/IC+,/SC+그건/NP+JX+아쉽/VA+게/EC+못했/VX+EP+어ㅠ/UNKNOWN"
          },
          {
            "id": 18,
            "text": "2 : 다음엔 긴장 하지 말고 가서 꼭 사인 받아 키키",
            "norm_text": "다음엔 긴장 하지 말고 가서 꼭 사인 받아 키키",
            "speaker": {
              "id": "2번",
              "sex": "여성",
              "age": "20대"
            },
            "speechAct": "(지시) 충고/제안하기",
            "morpheme": "다음/NNG+엔/JKB+JX+긴장/NNG+하/XSV+지/EC+말/VX+고/EC+가/VX+서/EC+꼭/MAG+사인/NNG+JX+받/VV+아/EC+키/NNG+키/XSV+ETN"
          },
          {
            "id": 19,
            "text": "3 : 키키 다음 번에 보면 니 이름 외쳐!",
            "norm_text": "키키 다음 번에 보면 니 이름 외쳐!",
            "speaker": {
              "id": "3번",
              "sex": "남성",
              "age": "20대"
            },
            "speechAct": "(지시) 명령/요구하기",
            "morpheme": "키/NNG+키/NNG+다음/NNG+번/NNBC+에/JKB+보/VV+면/EC+니/MM+이름/NNG+외쳐/VV+EC"
          }
        ]
      }
    }
  ]
}