{
  "dataset": {
    "identifier": 526,
    "name": "NATEON_23_18_set",
    "src_path": "/data/file/cubeManager/PROJECT001/7/txt20210826182121067025/NATEON_23_18_set/",
    "label_path": "/data/file/cubeManager/PROJECT001/7/txt20210826182121067025/NATEON_23_18_set/",
    "category": 2,
    "type": 0
  },
  "licenses": {
    "name": "Apache License 1.0",
    "url": "http://www.apache.org/licenses/LICENSE-1.0"
  },
  "info": [
    {
      "id": 817,
      "filename": "NATEON_23_18.txt",
      "title": "NATEON_23_18",
      "mediatype": "메신저",
      "medianame": "네이트온",
      "category": "일상대화",
      "date": "2021-08-26",
      "size": 677,
      "annotations": {
        "subject": "상거래 전반",
        "speaker_type": "1:1",
        "size": 677,
        "word_size": 204,
        "text": "1 : 전자랜드 이런 곳 가서 직접 구매 해보셨어요\n2 ; 쓰읍 아니요\n2 : 하이마트 같은 곳을 말하시는 건가요?\n1 : 네네!\n1 : 직접가서 사시는 편이신지  온라인으로  사시는 편이신지요!\n2 : 저는 주로 직접가서 사는 편인데 사 봤던 거는 온라인으로 사요!\n2 : 쌤은요?\n1 : 저도 온라인으로 다 구매해요!\n1 : 요즘엔 상세페이지가 잘 나와있어서 괜찮은 것 같아요\n2 : 맞아요\n2 : 뭐지 어제 남친이랑 통화하는데 오늘의 집으로 커튼 고르고 있더라고요 키키\n1 : 아! 거기 침대도 이쁘고 다이쁘더라고요!\n1 : 저는 가구 말고는 아이디어스 자주 이용해요!\n2 : 오오오 아이디어스 사 본 것 중에 추천하는 거 있나요?\n1 : 어머니 아버지 선물하기에 좋은 것들이 많더라고요!\n1 : 선물용 토퍼가 많아요!\n2 : 토퍼가 뭔지 여쭈어봐도 괜찮나요?\n1 : 음! 메시지가 적혀있는 장식품?\n1 : 제가 원하는 문구로 설정할 수 있어요!\n2 : 아아아아 그거 알아요 맞아요\n2 : 그거 아이디어스로 많이 사더라고요 키키\n2 : 뭐지 그 돈 나가는 총 이런 것도 많이 사는 듯 하더라고요?\n1 : 아아 맞아요 맞아요!\n1 : 가격 비교할 때는 에누리닷컴 자주 이용해요!\n2 : 에누리 닷컴 처음 들어보는데 왠지 믿음이 가는 추천이군요!\n1 : 최저가 찾기에 딱 좋아요 한번 사용해보세요!\n2 : 그럴게요!\n2 : 좋은  정보 알려줘서 고맙습니다!",
        "lines": [
          {
            "id": 1,
            "text": "1 : 전자랜드 이런 곳 가서 직접 구매 해보셨어요",
            "norm_text": "전자랜드 이런 곳 가서 직접 구매 해보셨어요",
            "speaker": {
              "id": "1번",
              "sex": "여성",
              "age": "20대"
            },
            "speechAct": "(지시) 질문하기",
            "morpheme": "전/MM+자랜드/NNP+이런/MM+곳/NNB+가/VV+서/EC+직접/MAG+구매/NNG+해/XSV+EC+보/VX+셨/EP+EP+어요/EF"
          },
          {
            "id": 2,
            "text": "2 ; 쓰읍 아니요",
            "norm_text": "쓰읍 아니요",
            "speaker": {
              "id": "2번",
              "sex": "여성",
              "age": "20대"
            },
            "speechAct": "(단언) 진술하기",
            "morpheme": "쓰/VV+읍/EC+아니/VCN+요/EC"
          },
          {
            "id": 3,
            "text": "2 : 하이마트 같은 곳을 말하시는 건가요?",
            "norm_text": "하이마트 같은 곳을 말하시는 건가요?",
            "speaker": {
              "id": "2번",
              "sex": "여성",
              "age": "20대"
            },
            "speechAct": "(지시) 질문하기",
            "morpheme": "하이/IC+마트/NNG+같/VA+은/ETM+곳/NNG+을/JKO+말/NNG+하/XSV+시/EP+는/ETM+건가요/NNB+VCP+EF"
          },
          {
            "id": 4,
            "text": "1 : 네네!",
            "norm_text": "네네!",
            "speaker": {
              "id": "1번",
              "sex": "여성",
              "age": "20대"
            },
            "speechAct": "(단언) 주장하기",
            "morpheme": "네네/IC"
          },
          {
            "id": 5,
            "text": "1 : 직접가서 사시는 편이신지  온라인으로  사시는 편이신지요!",
            "norm_text": "직접가서 사시는 편이신지  온라인으로  사시는 편이신지요!",
            "speaker": {
              "id": "1번",
              "sex": "여성",
              "age": "20대"
            },
            "speechAct": "(지시) 질문하기",
            "morpheme": "직접/MAG+가/VV+서/EC+사/VV+시/EP+는/ETM+편/NNB+이/VCP+신지/EP+EC+온라인/NNG+으로/JKB+사/VV+시/EP+는/ETM+편/NNB+이/VCP+신지요/EP+EF"
          },
          {
            "id": 6,
            "text": "2 : 저는 주로 직접가서 사는 편인데 사 봤던 거는 온라인으로 사요!",
            "norm_text": "저는 주로 직접가서 사는 편인데 사 봤던 거는 온라인으로 사요!",
            "speaker": {
              "id": "2번",
              "sex": "여성",
              "age": "20대"
            },
            "speechAct": "(단언) 진술하기",
            "morpheme": "저/NP+는/JX+주로/MAG+직접/MAG+가/VV+서/EC+사/VV+는/ETM+편/NNB+인데/VCP+EC+사/VV+EC+봤/VX+EP+던/ETM+거/NNB+는/JX+온라인/NNG+으로/JKB+사요/NNG"
          },
          {
            "id": 7,
            "text": "2 : 쌤은요?",
            "norm_text": "쌤은요?",
            "speaker": {
              "id": "2번",
              "sex": "여성",
              "age": "20대"
            },
            "speechAct": "(지시) 질문하기",
            "morpheme": "쌤/NNG+은/JX+요/JX"
          },
          {
            "id": 8,
            "text": "1 : 저도 온라인으로 다 구매해요!",
            "norm_text": "저도 온라인으로 다 구매해요!",
            "speaker": {
              "id": "1번",
              "sex": "여성",
              "age": "20대"
            },
            "speechAct": "(단언) 진술하기",
            "morpheme": "저/NP+도/JX+온라인/NNG+으로/JKB+다/MAG+구매/NNG+해요/XSV+EF"
          },
          {
            "id": 9,
            "text": "1 : 요즘엔 상세페이지가 잘 나와있어서 괜찮은 것 같아요",
            "norm_text": "요즘엔 상세페이지가 잘 나와있어서 괜찮은 것 같아요",
            "speaker": {
              "id": "1번",
              "sex": "여성",
              "age": "20대"
            },
            "speechAct": "(단언) 주장하기",
            "morpheme": "요즘/NNG+엔/JKB+JX+상세/NNG+페이지/NNG+가/JKS+잘/MAG+나와/VV+EC+있/VX+어서/EC+괜찮/VA+은/ETM+것/NNB+같/VA+아요/EC"
          },
          {
            "id": 10,
            "text": "2 : 맞아요",
            "norm_text": "맞아요",
            "speaker": {
              "id": "2번",
              "sex": "여성",
              "age": "20대"
            },
            "speechAct": "(단언) 주장하기",
            "morpheme": "맞/VV+아요/EC"
          },
          {
            "id": 11,
            "text": "2 : 뭐지 어제 남친이랑 통화하는데 오늘의 집으로 커튼 고르고 있더라고요 키키",
            "norm_text": "뭐지 어제 남친이랑 통화하는데 오늘의 집으로 커튼 고르고 있더라고요 키키",
            "speaker": {
              "id": "2번",
              "sex": "여성",
              "age": "20대"
            },
            "speechAct": "(단언) 진술하기",
            "morpheme": "뭐/NP+지/VCP+EF+어제/MAG+남친/NNG+이랑/JKB+통화/NNG+하/XSV+는/ETM+데/NNB+오늘/NNG+의/JKG+집/NNG+으로/JKB+커튼/NNG+고르/VA+고/EC+있/VX+더라고요/EC+키/NNG+키/XSV+ETN"
          },
          {
            "id": 12,
            "text": "1 : 아! 거기 침대도 이쁘고 다이쁘더라고요!",
            "norm_text": "아! 거기 침대도 이쁘고 다이쁘더라고요!",
            "speaker": {
              "id": "1번",
              "sex": "여성",
              "age": "20대"
            },
            "speechAct": "(단언) 주장하기",
            "morpheme": "아/IC+거기/NP+침대/NNG+도/JX+이쁘/VA+고/EC+다/MAG+이쁘/VA+더라고요/EF"
          },
          {
            "id": 13,
            "text": "1 : 저는 가구 말고는 아이디어스 자주 이용해요!",
            "norm_text": "저는 가구 말고는 아이디어스 자주 이용해요!",
            "speaker": {
              "id": "1번",
              "sex": "여성",
              "age": "20대"
            },
            "speechAct": "(단언) 진술하기",
            "morpheme": "저/NP+는/JX+가/VV+구/EC+말/VX+고/EC+는/JX+아이디/NNG+어스/NNG+자주/MAG+이용/NNG+해요/XSV+EF"
          },
          {
            "id": 14,
            "text": "2 : 오오오 아이디어스 사 본 것 중에 추천하는 거 있나요?",
            "norm_text": "오오오 아이디어스 사 본 것 중에 추천하는 거 있나요?",
            "speaker": {
              "id": "2번",
              "sex": "여성",
              "age": "20대"
            },
            "speechAct": "(지시) 질문하기",
            "morpheme": "오/NR+오/NR+오/NR+아이디/NNG+어스/NNG+사/VV+EC+본/VX+ETM+것/NNB+중/NNB+에/JKB+추천/NNG+하/XSV+는/ETM+거/NNB+있/VA+나요/EF"
          },
          {
            "id": 15,
            "text": "1 : 어머니 아버지 선물하기에 좋은 것들이 많더라고요!",
            "norm_text": "어머니 아버지 선물하기에 좋은 것들이 많더라고요!",
            "speaker": {
              "id": "1번",
              "sex": "여성",
              "age": "20대"
            },
            "speechAct": "(단언) 주장하기",
            "morpheme": "어머니/NNG+아버지/NNG+선물/NNG+하/XSV+기/ETN+에/JKB+좋/VA+은/ETM+것/NNB+들/XSN+이/JKS+많/VA+더라고요/EF"
          },
          {
            "id": 16,
            "text": "1 : 선물용 토퍼가 많아요!",
            "norm_text": "선물용 토퍼가 많아요!",
            "speaker": {
              "id": "1번",
              "sex": "여성",
              "age": "20대"
            },
            "speechAct": "(단언) 주장하기",
            "morpheme": "선물/NNG+용/XSN+토퍼/NNG+가/JKS+많/VA+아요/EF"
          },
          {
            "id": 17,
            "text": "2 : 토퍼가 뭔지 여쭈어봐도 괜찮나요?",
            "norm_text": "토퍼가 뭔지 여쭈어봐도 괜찮나요?",
            "speaker": {
              "id": "2번",
              "sex": "여성",
              "age": "20대"
            },
            "speechAct": "(지시) 질문하기",
            "morpheme": "토퍼/NNG+가/JKS+뭔지/NP+VCP+EC+여쭈/VV+어/EC+봐도/VX+EC+괜찮/VA+나요/EF"
          },
          {
            "id": 18,
            "text": "1 : 음! 메시지가 적혀있는 장식품?",
            "norm_text": "음! 메시지가 적혀있는 장식품?",
            "speaker": {
              "id": "1번",
              "sex": "여성",
              "age": "20대"
            },
            "speechAct": "(단언) 주장하기",
            "morpheme": "음/IC+메시지/NNG+가/JKS+적혀/VV+EC+있/VX+는/ETM+장식품/NNG"
          },
          {
            "id": 19,
            "text": "1 : 제가 원하는 문구로 설정할 수 있어요!",
            "norm_text": "제가 원하는 문구로 설정할 수 있어요!",
            "speaker": {
              "id": "1번",
              "sex": "여성",
              "age": "20대"
            },
            "speechAct": "(단언) 진술하기",
            "morpheme": "제/NP+가/JKS+원/NNG+하/XSV+는/ETM+문구/NNG+로/JKB+설정/NNG+할/XSV+ETM+수/NNB+있/VV+어요/EF"
          },
          {
            "id": 20,
            "text": "2 : 아아아아 그거 알아요 맞아요",
            "norm_text": "아아아아 그거 알아요 맞아요",
            "speaker": {
              "id": "2번",
              "sex": "여성",
              "age": "20대"
            },
            "speechAct": "(단언) 주장하기",
            "morpheme": "아아아아/IC+그거/NP+알/VV+아요/EF+맞/VV+아요/EC"
          },
          {
            "id": 21,
            "text": "2 : 그거 아이디어스로 많이 사더라고요 키키",
            "norm_text": "그거 아이디어스로 많이 사더라고요 키키",
            "speaker": {
              "id": "2번",
              "sex": "여성",
              "age": "20대"
            },
            "speechAct": "(단언) 주장하기",
            "morpheme": "그거/NP+아이디/NNG+어스/NNG+로/JKB+많이/MAG+사/VV+더라고요/EC+키/NNG+키/XSV+ETN"
          },
          {
            "id": 22,
            "text": "2 : 뭐지 그 돈 나가는 총 이런 것도 많이 사는 듯 하더라고요?",
            "norm_text": "뭐지 그 돈 나가는 총 이런 것도 많이 사는 듯 하더라고요?",
            "speaker": {
              "id": "2번",
              "sex": "여성",
              "age": "20대"
            },
            "speechAct": "(단언) 주장하기",
            "morpheme": "뭐/IC+지그/NNG+돈/NNG+나가/VV+는/ETM+총/MM+이런/MM+것/NNB+도/JX+많이/MAG+사/VV+는/ETM+듯/NNB+하/XSA+더라고요/EF"
          },
          {
            "id": 23,
            "text": "1 : 아아 맞아요 맞아요!",
            "norm_text": "아아 맞아요 맞아요!",
            "speaker": {
              "id": "1번",
              "sex": "여성",
              "age": "20대"
            },
            "speechAct": "(단언) 주장하기",
            "morpheme": "아아/IC+맞/VV+아요/EF+맞/VV+아요/EF"
          },
          {
            "id": 24,
            "text": "1 : 가격 비교할 때는 에누리닷컴 자주 이용해요!",
            "norm_text": "가격 비교할 때는 에누리닷컴 자주 이용해요!",
            "speaker": {
              "id": "1번",
              "sex": "여성",
              "age": "20대"
            },
            "speechAct": "(단언) 주장하기",
            "morpheme": "가격/NNG+비교/NNG+할/XSV+ETM+때/NNG+는/JX+에누리/NNG+닷컴/NNP+자주/MAG+이용/NNG+해요/XSV+EF"
          },
          {
            "id": 25,
            "text": "2 : 에누리 닷컴 처음 들어보는데 왠지 믿음이 가는 추천이군요!",
            "norm_text": "에누리 닷컴 처음 들어보는데 왠지 믿음이 가는 추천이군요!",
            "speaker": {
              "id": "2번",
              "sex": "여성",
              "age": "20대"
            },
            "speechAct": "(단언) 주장하기",
            "morpheme": "에누리/NNG+닷컴/NNP+처음/NNG+들/VV+어/EC+보/VX+는데/EC+왠지/MAG+믿음/NNG+이/JKS+가/VV+는/ETM+추천/NNG+이/VCP+군요/EF"
          },
          {
            "id": 26,
            "text": "1 : 최저가 찾기에 딱 좋아요 한번 사용해보세요!",
            "norm_text": "최저가 찾기에 딱 좋아요 한번 사용해보세요!",
            "speaker": {
              "id": "1번",
              "sex": "여성",
              "age": "20대"
            },
            "speechAct": "(단언) 주장하기",
            "morpheme": "최저/NNG+가/JKS+찾/VV+기/ETN+에/JKB+딱/MAG+좋/VA+아요/EF+한번/MAG+사용/NNG+해/XSV+EC+보/VX+세요/EP+EF"
          },
          {
            "id": 27,
            "text": "2 : 그럴게요!",
            "norm_text": "그럴게요!",
            "speaker": {
              "id": "2번",
              "sex": "여성",
              "age": "20대"
            },
            "speechAct": "(단언) 주장하기",
            "morpheme": "그럴게요/VV+EF"
          },
          {
            "id": 28,
            "text": "2 : 좋은  정보 알려줘서 고맙습니다!",
            "norm_text": "좋은  정보 알려줘서 고맙습니다!",
            "speaker": {
              "id": "2번",
              "sex": "여성",
              "age": "20대"
            },
            "speechAct": "(표현) 사과하기",
            "morpheme": "좋/VA+은/ETM+정보/NNG+알려/VV+EC+줘서/VX+EC+고맙/VA+습니다/EF"
          }
        ]
      }
    }
  ]
}