{
  "dataset": {
    "identifier": 113896,
    "name": "NATEON_36_03_set",
    "src_path": "/data/file/cubeManager/PROJECT001/80/txt20211103174750032561/NATEON_36_03_set/",
    "label_path": "/data/file/cubeManager/PROJECT001/80/txt20211103174750032561/NATEON_36_03_set/",
    "category": 2,
    "type": 0
  },
  "licenses": {
    "name": "Apache License 1.0",
    "url": "http://www.apache.org/licenses/LICENSE-1.0"
  },
  "info": [
    {
      "id": 136245,
      "filename": "NATEON_36_03.txt",
      "title": "NATEON_36_03",
      "mediatype": "메신저",
      "medianame": "네이트온",
      "category": "일상대화",
      "date": "2021-11-03",
      "size": 396,
      "annotations": {
        "subject": "교통",
        "speaker_type": "다자간 대화",
        "size": 396,
        "word_size": 139,
        "text": "1 : 나 오늘 출근 아빠가 태워줌~\n2 : 오 아빠 차 개이득~\n3 : 아버님 이번에 차 바꿨다며\n1 : 응 이번에 좀 큰 걸로 바꿨지!\n2 : 대박 아버님 신차 하나 뽑으셨어?\n3 : 오 어떤 종류로 뽑았어?!\n1 : 이번에 suv로 뽑았는데 너무 커 ㅠ\n2 : 헐 부럽다 ㅠㅠ\n2 : 그거 차 어때 좋아?\n3 : 키키 아버님 그래도 베스트 드라이버~\n1 : 응 나는 그런 차 주차 못해\n2 : 원래 가족 단위로 타려면 큰 차 사더라 ㅠㅠ\n2 : 아버님이라 가능 키키\n3 : 키키 요즘은 자동 주차도 있다던데\n1 : 응 그래도 나는 못해\n2 : 어 맞아 그거 기능 있는 거 있더라\n3 : 키키 나도 아직 주차는 어려워\n1 : 얼른 운전 연습이나 해야지...\n2 : 웅 운전 연습해서 우리도 끌고 다니자 키키\n3 : 해서 얼른 우리 태워줘!",
        "lines": [
          {
            "id": 1,
            "text": "1 : 나 오늘 출근 아빠가 태워줌~",
            "norm_text": "나 오늘 출근 아빠가 태워줌~",
            "speaker": {
              "id": "1번",
              "sex": "여성",
              "age": "20대"
            },
            "speechAct": "(단언) 진술하기",
            "morpheme": "나/NP+오늘/MAG+출근/NNG+아빠/NNG+가/JKS+태워/VV+EC+줌/VX+ETN+~/SY"
          },
          {
            "id": 2,
            "text": "2 : 오 아빠 차 개이득~",
            "norm_text": "오 아빠 차 개이득~",
            "speaker": {
              "id": "2번",
              "sex": "여성",
              "age": "20대"
            },
            "speechAct": "(단언) 주장하기",
            "morpheme": "오/NR+아빠/NNG+차개/NNP+이득/NNG+~/SY"
          },
          {
            "id": 3,
            "text": "3 : 아버님 이번에 차 바꿨다며",
            "norm_text": "아버님 이번에 차 바꿨다며",
            "speaker": {
              "id": "3번",
              "sex": "남성",
              "age": "20대"
            },
            "speechAct": "(단언) 주장하기",
            "morpheme": "아버님/NNG+이번/NNG+에/JKB+차/NNG+바꿨/VV+EP+다며/EC"
          },
          {
            "id": 4,
            "text": "1 : 응 이번에 좀 큰 걸로 바꿨지!",
            "norm_text": "응 이번에 좀 큰 걸로 바꿨지!",
            "speaker": {
              "id": "1번",
              "sex": "여성",
              "age": "20대"
            },
            "speechAct": "(단언) 진술하기",
            "morpheme": "응/IC+이번/NNG+에/JKB+좀/MAG+큰/VA+ETM+걸로/NNB+JKB+바꿨/VV+EP+지/EF"
          },
          {
            "id": 5,
            "text": "2 : 대박 아버님 신차 하나 뽑으셨어?",
            "norm_text": "대박 아버님 신차 하나 뽑으셨어?",
            "speaker": {
              "id": "2번",
              "sex": "여성",
              "age": "20대"
            },
            "speechAct": "(지시) 질문하기",
            "morpheme": "대박/NNG+아버님/NNG+신차/NNG+하나/NR+뽑/VV+으셨/EP+EP+어/EF"
          },
          {
            "id": 6,
            "text": "3 : 오 어떤 종류로 뽑았어?!",
            "norm_text": "오 어떤 종류로 뽑았어?!",
            "speaker": {
              "id": "3번",
              "sex": "남성",
              "age": "20대"
            },
            "speechAct": "(지시) 질문하기",
            "morpheme": "오/IC+어떤/MM+종류/NNG+로/JKB+뽑/VV+았/EP+어/EC+?/SY"
          },
          {
            "id": 7,
            "text": "1 : 이번에 suv로 뽑았는데 너무 커 ㅠ",
            "norm_text": "이번에 suv로 뽑았는데 너무 커 ㅠ",
            "speaker": {
              "id": "1번",
              "sex": "여성",
              "age": "20대"
            },
            "speechAct": "(단언) 주장하기",
            "morpheme": "이번/NNG+에/JKB+suv/SL+로뽑았는데너무커ㅠ/UNKNOWN"
          },
          {
            "id": 8,
            "text": "2 : 헐 부럽다 ㅠㅠ",
            "norm_text": "헐 부럽다 ㅠㅠ",
            "speaker": {
              "id": "2번",
              "sex": "여성",
              "age": "20대"
            },
            "speechAct": "(단언) 주장하기",
            "morpheme": "헐부럽다ㅠㅠ/UNKNOWN"
          },
          {
            "id": 9,
            "text": "2 : 그거 차 어때 좋아?",
            "norm_text": "그거 차 어때 좋아?",
            "speaker": {
              "id": "2번",
              "sex": "여성",
              "age": "20대"
            },
            "speechAct": "(지시) 질문하기",
            "morpheme": "그거/NP+차어/NNG+때/NNG+좋/VA+아/EF"
          },
          {
            "id": 10,
            "text": "3 : 키키 아버님 그래도 베스트 드라이버~",
            "norm_text": "키키 아버님 그래도 베스트 드라이버~",
            "speaker": {
              "id": "3번",
              "sex": "남성",
              "age": "20대"
            },
            "speechAct": "(단언) 주장하기",
            "morpheme": "키키아버님그래도베스트드라이버/UNKNOWN+~/SY"
          },
          {
            "id": 11,
            "text": "1 : 응 나는 그런 차 주차 못해",
            "norm_text": "응 나는 그런 차 주차 못해",
            "speaker": {
              "id": "1번",
              "sex": "여성",
              "age": "20대"
            },
            "speechAct": "(단언) 주장하기",
            "morpheme": "응/IC+나/NP+는/JX+그런/MM+차/NNG+주차/NNG+못/MAG+해/VV+EC"
          },
          {
            "id": 12,
            "text": "2 : 원래 가족 단위로 타려면 큰 차 사더라 ㅠㅠ",
            "norm_text": "원래 가족 단위로 타려면 큰 차 사더라 ㅠㅠ",
            "speaker": {
              "id": "2번",
              "sex": "여성",
              "age": "20대"
            },
            "speechAct": "(단언) 진술하기",
            "morpheme": "원래/MAG+가족/NNG+단위/NNG+로/JKB+타/VV+려면/EC+큰/VA+ETM+차사/NNG+더라/VCP+EF+ㅠㅠ/UNKNOWN"
          },
          {
            "id": 13,
            "text": "2 : 아버님이라 가능 키키",
            "norm_text": "아버님이라 가능 키키",
            "speaker": {
              "id": "2번",
              "sex": "여성",
              "age": "20대"
            },
            "speechAct": "(단언) 주장하기",
            "morpheme": "아버님/NNG+이/VCP+라/EC+가능/NNG+키/NNG+키/XSV+ETN"
          },
          {
            "id": 14,
            "text": "3 : 키키 요즘은 자동 주차도 있다던데",
            "norm_text": "키키 요즘은 자동 주차도 있다던데",
            "speaker": {
              "id": "3번",
              "sex": "남성",
              "age": "20대"
            },
            "speechAct": "(단언) 진술하기",
            "morpheme": "키/NNG+키/NNG+요즘/NNG+은/JX+자동/NNG+주차/NNG+도/JX+있/VA+다던데/EC"
          },
          {
            "id": 15,
            "text": "1 : 응 그래도 나는 못해",
            "norm_text": "응 그래도 나는 못해",
            "speaker": {
              "id": "1번",
              "sex": "여성",
              "age": "20대"
            },
            "speechAct": "(단언) 주장하기",
            "morpheme": "응/IC+그래도/MAJ+나/NP+는/JX+못/MAG+해/VV+EC"
          },
          {
            "id": 16,
            "text": "2 : 어 맞아 그거 기능 있는 거 있더라",
            "norm_text": "어 맞아 그거 기능 있는 거 있더라",
            "speaker": {
              "id": "2번",
              "sex": "여성",
              "age": "20대"
            },
            "speechAct": "(단언) 진술하기",
            "morpheme": "어/IC+맞아/IC+그거/NP+기능/NNG+있/VA+는/ETM+거/NNB+있/VA+더라/EC"
          },
          {
            "id": 17,
            "text": "3 : 키키 나도 아직 주차는 어려워",
            "norm_text": "키키 나도 아직 주차는 어려워",
            "speaker": {
              "id": "3번",
              "sex": "남성",
              "age": "20대"
            },
            "speechAct": "(단언) 주장하기",
            "morpheme": "키/NNG+키나/XSA+ETN+JX+도/JX+아직/MAG+주차/NNG+는/JX+어려워/VA+EC"
          },
          {
            "id": 18,
            "text": "1 : 얼른 운전 연습이나 해야지...",
            "norm_text": "얼른 운전 연습이나 해야지...",
            "speaker": {
              "id": "1번",
              "sex": "여성",
              "age": "20대"
            },
            "speechAct": "(단언) 주장하기",
            "morpheme": "얼른/MAG+운전/NNG+연습/NNG+이나/JX+해야지/VV+EF+./SY"
          },
          {
            "id": 19,
            "text": "2 : 웅 운전 연습해서 우리도 끌고 다니자 키키",
            "norm_text": "웅 운전 연습해서 우리도 끌고 다니자 키키",
            "speaker": {
              "id": "2번",
              "sex": "여성",
              "age": "20대"
            },
            "speechAct": "(단언) 주장하기",
            "morpheme": "웅/IC+운전/NNG+연습/NNG+해서/XSV+EC+우리/NP+도/JX+끌/VV+고/EC+다니자키/NNP+키/NNG"
          },
          {
            "id": 20,
            "text": "3 : 해서 얼른 우리 태워줘!",
            "norm_text": "해서 얼른 우리 태워줘!",
            "speaker": {
              "id": "3번",
              "sex": "남성",
              "age": "20대"
            },
            "speechAct": "(단언) 주장하기",
            "morpheme": "해서/VV+EC+얼른/MAG+우리/NP+태워/VV+EC+줘/VX+EF"
          }
        ]
      }
    }
  ]
}