{
  "dataset": {
    "identifier": 129767,
    "name": "NATEON_43_16_set",
    "src_path": "/data/file/cubeManager/PROJECT001/84/txt20211104173553035647/NATEON_43_16_set/",
    "label_path": "/data/file/cubeManager/PROJECT001/84/txt20211104173553035647/NATEON_43_16_set/",
    "category": 2,
    "type": 0
  },
  "licenses": {
    "name": "Apache License 1.0",
    "url": "http://www.apache.org/licenses/LICENSE-1.0"
  },
  "info": [
    {
      "id": 137263,
      "filename": "NATEON_43_16.txt",
      "title": "NATEON_43_16",
      "mediatype": "메신저",
      "medianame": "네이트온",
      "category": "일상대화",
      "date": "2021-11-04",
      "size": 442,
      "annotations": {
        "subject": "미용",
        "speaker_type": "다자간 대화",
        "size": 442,
        "word_size": 174,
        "text": "1 : 나 오늘 눈썹 문신 하러 옴 하하\n2 : 헐 그거 엄청 아프다고 그러던데\n3 : 아 진짜\n3 : 나도 했는데 키키\n1 : 무섭다,\n1 : 피부 긁는 거라고 하던데\n2 : 와 너는 언제 했어 키키\n2 : 안 아파?\n3 : 진짜 아파 엄청 아파 키키\n3 : 나 어제\n1 : 요즘은 남자들도 많이 하더라?\n2 : 맞아\n2 : 남자들도 잘 꾸미고 다니잖아 키키\n3 : 나 어제 했어 키키\n3 :  졸라 아파\n1 : 해 놓으면 거의 반영구니까\n2 : 나만 안 하나 봐 ㅠㅠ\n2 : 나도 좀 해야 되나 키키\n3 : 진짜 짱구야 지금 키키\n3 : 이상해\n1 : 키키 그거 며칠은 기다려야 해 좀\n2 : 짱구래 키키\n2 : 궁금하다\n2 : 사진 좀 보내 봐 바 키키\n3 : 너는 눈썹 진하잖아\n3 : 안 해도 돼\n1 : 아니야\n1 : 나도 좀 해야 해\n2 : 에이 본인이 하고 싶으면 하는 거지 키키\n3 : 진짜 웃겨\n3 : 니네 보면 빵 터질걸 키키",
        "lines": [
          {
            "id": 1,
            "text": "1 : 나 오늘 눈썹 문신 하러 옴 하하",
            "norm_text": "나 오늘 눈썹 문신 하러 옴 하하",
            "speaker": {
              "id": "1번",
              "sex": "여성",
              "age": "20대"
            },
            "speechAct": "(단언) 진술하기",
            "morpheme": "나/NP+오늘/MAG+눈썹/NNG+문신/NNG+하/XSV+러/EC+옴/VX+ETN+하하/MAG"
          },
          {
            "id": 2,
            "text": "2 : 헐 그거 엄청 아프다고 그러던데",
            "norm_text": "헐 그거 엄청 아프다고 그러던데",
            "speaker": {
              "id": "2번",
              "sex": "남성",
              "age": "20대"
            },
            "speechAct": "(단언) 주장하기",
            "morpheme": "헐/IC+그거/NP+엄청/MAG+아프/VA+다고/EC+그러/VV+던데/EC"
          },
          {
            "id": 3,
            "text": "3 : 아 진짜",
            "norm_text": "아 진짜",
            "speaker": {
              "id": "3번",
              "sex": "남성",
              "age": "20대"
            },
            "speechAct": "(단언) 주장하기",
            "morpheme": "아/IC+진짜/MAG"
          },
          {
            "id": 4,
            "text": "3 : 나도 했는데 키키",
            "norm_text": "나도 했는데 키키",
            "speaker": {
              "id": "3번",
              "sex": "남성",
              "age": "20대"
            },
            "speechAct": "(단언) 진술하기",
            "morpheme": "나/NP+도/JX+했/VV+EP+는데/EC+키/NNG+키/XSV+ETN"
          },
          {
            "id": 5,
            "text": "1 : 무섭다,",
            "norm_text": "무섭다,",
            "speaker": {
              "id": "1번",
              "sex": "여성",
              "age": "20대"
            },
            "speechAct": "(단언) 주장하기",
            "morpheme": "무섭/VA+다/EF+,/SC"
          },
          {
            "id": 6,
            "text": "1 : 피부 긁는 거라고 하던데",
            "norm_text": "피부 긁는 거라고 하던데",
            "speaker": {
              "id": "1번",
              "sex": "여성",
              "age": "20대"
            },
            "speechAct": "(단언) 진술하기",
            "morpheme": "피부/NNG+긁/VV+는/ETM+거/NNB+라고/VCP+EC+하/VV+던데/EC"
          },
          {
            "id": 7,
            "text": "2 : 와 너는 언제 했어 키키",
            "norm_text": "와 너는 언제 했어 키키",
            "speaker": {
              "id": "2번",
              "sex": "남성",
              "age": "20대"
            },
            "speechAct": "(지시) 질문하기",
            "morpheme": "와/IC+너/NP+는/JX+언제/MAG+했/VV+EP+어/EC+키/NNG+키/XSV+ETN"
          },
          {
            "id": 8,
            "text": "2 : 안 아파?",
            "norm_text": "안 아파?",
            "speaker": {
              "id": "2번",
              "sex": "남성",
              "age": "20대"
            },
            "speechAct": "(지시) 질문하기",
            "morpheme": "안/MAG+아파/VA+EF"
          },
          {
            "id": 9,
            "text": "3 : 진짜 아파 엄청 아파 키키",
            "norm_text": "진짜 아파 엄청 아파 키키",
            "speaker": {
              "id": "3번",
              "sex": "남성",
              "age": "20대"
            },
            "speechAct": "(단언) 주장하기",
            "morpheme": "진짜/MAG+아파/VA+EC+엄청/MAG+아파/VA+EC+키/NNG+키/XSV+ETN"
          },
          {
            "id": 10,
            "text": "3 : 나 어제",
            "norm_text": "나 어제",
            "speaker": {
              "id": "3번",
              "sex": "남성",
              "age": "20대"
            },
            "speechAct": "(단언) 진술하기",
            "morpheme": "나/NP+어제/NNG"
          },
          {
            "id": 11,
            "text": "1 : 요즘은 남자들도 많이 하더라?",
            "norm_text": "요즘은 남자들도 많이 하더라?",
            "speaker": {
              "id": "1번",
              "sex": "여성",
              "age": "20대"
            },
            "speechAct": "(단언) 진술하기",
            "morpheme": "요즘/NNG+은/JX+남자/NNG+들/XSN+도/JX+많이/MAG+하/VV+더라/EF"
          },
          {
            "id": 12,
            "text": "2 : 맞아",
            "norm_text": "맞아",
            "speaker": {
              "id": "2번",
              "sex": "남성",
              "age": "20대"
            },
            "speechAct": "(단언) 주장하기",
            "morpheme": "맞/VV+아/EC"
          },
          {
            "id": 13,
            "text": "2 : 남자들도 잘 꾸미고 다니잖아 키키",
            "norm_text": "남자들도 잘 꾸미고 다니잖아 키키",
            "speaker": {
              "id": "2번",
              "sex": "남성",
              "age": "20대"
            },
            "speechAct": "(단언) 주장하기",
            "morpheme": "남자/NNG+들/XSN+도/JX+잘/MAG+꾸미/VV+고/EC+다니/VV+잖아/EC+키/NNG+키/XSV+ETN"
          },
          {
            "id": 14,
            "text": "3 : 나 어제 했어 키키",
            "norm_text": "나 어제 했어 키키",
            "speaker": {
              "id": "3번",
              "sex": "남성",
              "age": "20대"
            },
            "speechAct": "(단언) 진술하기",
            "morpheme": "나/NP+어제/NNG+했/XSV+EP+어/EC+키/NNG+키/XSV+ETN"
          },
          {
            "id": 15,
            "text": "3 :  졸라 아파",
            "norm_text": "졸라 아파",
            "speaker": {
              "id": "3번",
              "sex": "남성",
              "age": "20대"
            },
            "speechAct": "(단언) 주장하기",
            "morpheme": "졸라/MAG+아파/VA+EC"
          },
          {
            "id": 16,
            "text": "1 : 해 놓으면 거의 반영구니까",
            "norm_text": "해 놓으면 거의 반영구니까",
            "speaker": {
              "id": "1번",
              "sex": "여성",
              "age": "20대"
            },
            "speechAct": "(단언) 진술하기",
            "morpheme": "해/VV+EC+놓/VX+으면/EC+거의/MAG+반영구/NNG+니까/VCP+EC"
          },
          {
            "id": 17,
            "text": "2 : 나만 안 하나 봐 ㅠㅠ",
            "norm_text": "나만 안 하나 봐 ㅠㅠ",
            "speaker": {
              "id": "2번",
              "sex": "남성",
              "age": "20대"
            },
            "speechAct": "(단언) 주장하기",
            "morpheme": "나/NP+만/JX+안/MAG+하/VV+나/EC+봐/VX+EF+ㅠㅠ/UNKNOWN"
          },
          {
            "id": 18,
            "text": "2 : 나도 좀 해야 되나 키키",
            "norm_text": "나도 좀 해야 되나 키키",
            "speaker": {
              "id": "2번",
              "sex": "남성",
              "age": "20대"
            },
            "speechAct": "(단언) 주장하기",
            "morpheme": "나/NP+도/JX+좀/MAG+해야/VV+EC+되/VV+나/EC+키/NNG+키/XSV+ETN"
          },
          {
            "id": 19,
            "text": "3 : 진짜 짱구야 지금 키키",
            "norm_text": "진짜 짱구야 지금 키키",
            "speaker": {
              "id": "3번",
              "sex": "남성",
              "age": "20대"
            },
            "speechAct": "(단언) 주장하기",
            "morpheme": "진짜/MAG+짱구/NNG+야/VCP+EF+지금/MAG+키/NNG+키/XSV+ETN"
          },
          {
            "id": 20,
            "text": "3 : 이상해",
            "norm_text": "이상해",
            "speaker": {
              "id": "3번",
              "sex": "남성",
              "age": "20대"
            },
            "speechAct": "(단언) 주장하기",
            "morpheme": "이상/NNG+해/XSV+EC"
          },
          {
            "id": 21,
            "text": "1 : 키키 그거 며칠은 기다려야 해 좀",
            "norm_text": "키키 그거 며칠은 기다려야 해 좀",
            "speaker": {
              "id": "1번",
              "sex": "여성",
              "age": "20대"
            },
            "speechAct": "(단언) 주장하기",
            "morpheme": "키/NNG+키/XSV+ETN+그거/NP+며칠/NNG+은/JX+기다려야/VV+EC+해/VV+EC+좀/MAG"
          },
          {
            "id": 22,
            "text": "2 : 짱구래 키키",
            "norm_text": "짱구래 키키",
            "speaker": {
              "id": "2번",
              "sex": "남성",
              "age": "20대"
            },
            "speechAct": "턴토크 사인(관습적 반응)",
            "morpheme": "짱구/NNG+래키/NNP+키/NNG"
          },
          {
            "id": 23,
            "text": "2 : 궁금하다",
            "norm_text": "궁금하다",
            "speaker": {
              "id": "2번",
              "sex": "남성",
              "age": "20대"
            },
            "speechAct": "(단언) 주장하기",
            "morpheme": "궁금/XR+하/XSA+다/EC"
          },
          {
            "id": 24,
            "text": "2 : 사진 좀 보내 봐 바 키키",
            "norm_text": "사진 좀 보내 봐 바 키키",
            "speaker": {
              "id": "2번",
              "sex": "남성",
              "age": "20대"
            },
            "speechAct": "(지시) 명령/요구하기",
            "morpheme": "사진/NNG+좀/MAG+보내/VV+EC+봐/VX+EF+바키/NNP+키/NNG"
          },
          {
            "id": 25,
            "text": "3 : 너는 눈썹 진하잖아",
            "norm_text": "너는 눈썹 진하잖아",
            "speaker": {
              "id": "3번",
              "sex": "남성",
              "age": "20대"
            },
            "speechAct": "(단언) 주장하기",
            "morpheme": "너/NP+는/JX+눈썹/NNG+진하/VA+잖아/EC"
          },
          {
            "id": 26,
            "text": "3 : 안 해도 돼",
            "norm_text": "안 해도 돼",
            "speaker": {
              "id": "3번",
              "sex": "남성",
              "age": "20대"
            },
            "speechAct": "(단언) 주장하기",
            "morpheme": "안/MAG+해도/VV+EC+돼/VV+EC"
          },
          {
            "id": 27,
            "text": "1 : 아니야",
            "norm_text": "아니야",
            "speaker": {
              "id": "1번",
              "sex": "여성",
              "age": "20대"
            },
            "speechAct": "(단언) 주장하기",
            "morpheme": "아니/VCN+야/EC"
          },
          {
            "id": 28,
            "text": "1 : 나도 좀 해야 해",
            "norm_text": "나도 좀 해야 해",
            "speaker": {
              "id": "1번",
              "sex": "여성",
              "age": "20대"
            },
            "speechAct": "(단언) 주장하기",
            "morpheme": "나/NP+도/JX+좀/MAG+해야/VV+EC+해/VV+EC"
          },
          {
            "id": 29,
            "text": "2 : 에이 본인이 하고 싶으면 하는 거지 키키",
            "norm_text": "에이 본인이 하고 싶으면 하는 거지 키키",
            "speaker": {
              "id": "2번",
              "sex": "남성",
              "age": "20대"
            },
            "speechAct": "(단언) 주장하기",
            "morpheme": "에이/NNG+본인/NNG+이/JKS+하/VV+고/EC+싶/VX+으면/EC+하/VV+는/ETM+거/NNB+지/VCP+EC+키/NNG+키/XSV+ETN"
          },
          {
            "id": 30,
            "text": "3 : 진짜 웃겨",
            "norm_text": "진짜 웃겨",
            "speaker": {
              "id": "3번",
              "sex": "남성",
              "age": "20대"
            },
            "speechAct": "(단언) 주장하기",
            "morpheme": "진짜/MAG+웃겨/VV+EC"
          },
          {
            "id": 31,
            "text": "3 : 니네 보면 빵 터질걸 키키",
            "norm_text": "니네 보면 빵 터질걸 키키",
            "speaker": {
              "id": "3번",
              "sex": "남성",
              "age": "20대"
            },
            "speechAct": "(단언) 주장하기",
            "morpheme": "니/NP+네/XSN+보/VV+면/EC+빵/NNG+터질/VV+ETM+걸/NNB+JKO+키/NNG+키/XSV+ETN"
          }
        ]
      }
    }
  ]
}