{
  "dataset": {
    "identifier": 113810,
    "name": "NATEON_32_14_set",
    "src_path": "/data/file/cubeManager/PROJECT001/80/txt20211102173312081444/NATEON_32_14_set/",
    "label_path": "/data/file/cubeManager/PROJECT001/80/txt20211102173312081444/NATEON_32_14_set/",
    "category": 2,
    "type": 0
  },
  "licenses": {
    "name": "Apache License 1.0",
    "url": "http://www.apache.org/licenses/LICENSE-1.0"
  },
  "info": [
    {
      "id": 131846,
      "filename": "NATEON_32_14.txt",
      "title": "NATEON_32_14",
      "mediatype": "메신저",
      "medianame": "네이트온",
      "category": "일상대화",
      "date": "2021-11-02",
      "size": 419,
      "annotations": {
        "subject": "사회이슈",
        "speaker_type": "다자간 대화",
        "size": 419,
        "word_size": 145,
        "text": "1 : 아니 성범죄자들 요즘 안되겠네\n2 : 요즘도 아냐\n2 : 그 사람들은 그냥 안돼ㅡㅡ\n3 : 아니 또 왜?\n3 : 무슨 일 있어?\n1 : 전자발찌 끊고 도주했데 또\n2 : 헐 전자발찌 좀 튼튼하게는 못 만드나?\n3 : 아... 진짜 안되겠네\n3 : 정신이 안좋네\n1 : 그러니까\n1 : 그러면서 전자발찌가 크다고 하잖아\n2 : 내말이\n2 : 못 끊게 만들어야지\n3 : 크킨 뭐가 커\n3 : 더 크게 만들어야지\n1 : 맞아\n1 : 나는 그거 철로 만들어야된다고 생각해\n2 : 맞아\n2 : 완전 티 팍팍나게 만들어야지\n3 : 맞아\n3 : 무게도 무겁게 만들어야지\n1 : 범죄의 크기를 떠나서 너무 나빠\n2 : 근데 도망 친 사람은 잡혔대?\n3 : 맞아 그 범인은 잡힌거야?\n1 : 아니 아직 안잡힌거 같던데\n2 : 빨리 잡아야 할텐데\n2 : 무서워서 살겠냐고 ㅠㅠ\n3 : 아이고 참 큰일이다 큰일",
        "lines": [
          {
            "id": 1,
            "text": "1 : 아니 성범죄자들 요즘 안되겠네",
            "norm_text": "아니 성범죄자들 요즘 안되겠네",
            "speaker": {
              "id": "1번",
              "sex": "여성",
              "age": "20대"
            },
            "speechAct": "(단언) 주장하기",
            "morpheme": "아니/IC+성범죄/NNG+자/XSN+들/XSN+요즘/MAG+안/MAG+되/VV+겠/EP+네/EF"
          },
          {
            "id": 2,
            "text": "2 : 요즘도 아냐",
            "norm_text": "요즘도 아냐",
            "speaker": {
              "id": "2번",
              "sex": "여성",
              "age": "20대"
            },
            "speechAct": "(단언) 주장하기",
            "morpheme": "요즘/NNG+도/JX+아냐/VCN+EC"
          },
          {
            "id": 3,
            "text": "2 : 그 사람들은 그냥 안돼ㅡㅡ",
            "norm_text": "그 사람들은 그냥 안돼ㅡㅡ",
            "speaker": {
              "id": "2번",
              "sex": "여성",
              "age": "20대"
            },
            "speechAct": "(단언) 주장하기",
            "morpheme": "그/MM+사람/NNG+들/XSN+은/JX+그냥/MAG+안/MAG+돼/VV+EF+ㅡㅡ/UNKNOWN"
          },
          {
            "id": 4,
            "text": "3 : 아니 또 왜?",
            "norm_text": "아니 또 왜?",
            "speaker": {
              "id": "3번",
              "sex": "남성",
              "age": "20대"
            },
            "speechAct": "턴토크 사인(관습적 반응)",
            "morpheme": "아니/IC+또/MAG+왜/MAG"
          },
          {
            "id": 5,
            "text": "3 : 무슨 일 있어?",
            "norm_text": "무슨 일 있어?",
            "speaker": {
              "id": "3번",
              "sex": "남성",
              "age": "20대"
            },
            "speechAct": "(지시) 질문하기",
            "morpheme": "무슨/MM+일/NNG+있/VA+어/EF"
          },
          {
            "id": 6,
            "text": "1 : 전자발찌 끊고 도주했데 또",
            "norm_text": "전자발찌 끊고 도주했데 또",
            "speaker": {
              "id": "1번",
              "sex": "여성",
              "age": "20대"
            },
            "speechAct": "(단언) 진술하기",
            "morpheme": "전자/NNG+발찌/NNG+끊/VV+고/EC+도주/NNG+했/XSV+EP+데/NNB+또/MAG"
          },
          {
            "id": 7,
            "text": "2 : 헐 전자발찌 좀 튼튼하게는 못 만드나?",
            "norm_text": "헐 전자발찌 좀 튼튼하게는 못 만드나?",
            "speaker": {
              "id": "2번",
              "sex": "여성",
              "age": "20대"
            },
            "speechAct": "(단언) 주장하기",
            "morpheme": "헐/IC+전자/NNG+발찌/NNG+좀/MAG+튼튼/XR+하/XSA+게/EC+는/JX+못/MAG+만드/VV+나/EF"
          },
          {
            "id": 8,
            "text": "3 : 아... 진짜 안되겠네",
            "norm_text": "아... 진짜 안되겠네",
            "speaker": {
              "id": "3번",
              "sex": "남성",
              "age": "20대"
            },
            "speechAct": "(단언) 주장하기",
            "morpheme": "아/IC+./SY+진짜/MAG+안/MAG+되/VV+겠/EP+네/EF"
          },
          {
            "id": 9,
            "text": "3 : 정신이 안좋네",
            "norm_text": "정신이 안좋네",
            "speaker": {
              "id": "3번",
              "sex": "남성",
              "age": "20대"
            },
            "speechAct": "(단언) 주장하기",
            "morpheme": "정신/NNG+이/JKS+안/MAG+좋/VA+네/EC"
          },
          {
            "id": 10,
            "text": "1 : 그러니까",
            "norm_text": "그러니까",
            "speaker": {
              "id": "1번",
              "sex": "여성",
              "age": "20대"
            },
            "speechAct": "(단언) 주장하기",
            "morpheme": "그러니까/MAJ"
          },
          {
            "id": 11,
            "text": "1 : 그러면서 전자발찌가 크다고 하잖아",
            "norm_text": "그러면서 전자발찌가 크다고 하잖아",
            "speaker": {
              "id": "1번",
              "sex": "여성",
              "age": "20대"
            },
            "speechAct": "(단언) 진술하기",
            "morpheme": "그러/VV+면서/EC+전자/NNG+발찌/NNG+가/JKS+크/VA+다고/EC+하/VV+잖아/EC"
          },
          {
            "id": 12,
            "text": "2 : 내말이",
            "norm_text": "내말이",
            "speaker": {
              "id": "2번",
              "sex": "여성",
              "age": "20대"
            },
            "speechAct": "(단언) 주장하기",
            "morpheme": "내말이/NP+JKG+NNG+JKS"
          },
          {
            "id": 13,
            "text": "2 : 못 끊게 만들어야지",
            "norm_text": "못 끊게 만들어야지",
            "speaker": {
              "id": "2번",
              "sex": "여성",
              "age": "20대"
            },
            "speechAct": "N/A",
            "morpheme": "못/MAG+끊/VV+게/EC+만들/VV+어야지/EC"
          },
          {
            "id": 14,
            "text": "3 : 크킨 뭐가 커",
            "norm_text": "크킨 뭐가 커",
            "speaker": {
              "id": "3번",
              "sex": "남성",
              "age": "20대"
            },
            "speechAct": "(단언) 주장하기",
            "morpheme": "크/VA+킨/XSV+ETN+JX+뭐/NP+가/JKS+커/VA+EC"
          },
          {
            "id": 15,
            "text": "3 : 더 크게 만들어야지",
            "norm_text": "더 크게 만들어야지",
            "speaker": {
              "id": "3번",
              "sex": "남성",
              "age": "20대"
            },
            "speechAct": "(단언) 주장하기",
            "morpheme": "더/MAG+크/VA+게/EC+만들/VV+어야지/EC"
          },
          {
            "id": 16,
            "text": "1 : 맞아",
            "norm_text": "맞아",
            "speaker": {
              "id": "1번",
              "sex": "여성",
              "age": "20대"
            },
            "speechAct": "(단언) 주장하기",
            "morpheme": "맞/VV+아/EC"
          },
          {
            "id": 17,
            "text": "1 : 나는 그거 철로 만들어야된다고 생각해",
            "norm_text": "나는 그거 철로 만들어야된다고 생각해",
            "speaker": {
              "id": "1번",
              "sex": "여성",
              "age": "20대"
            },
            "speechAct": "(단언) 주장하기",
            "morpheme": "나/NP+는/JX+그/MM+거철/NNG+로/JKB+만들/VV+어야/EC+된다고/VV+EC+생각/NNG+해/XSV+EC"
          },
          {
            "id": 18,
            "text": "2 : 맞아",
            "norm_text": "맞아",
            "speaker": {
              "id": "2번",
              "sex": "여성",
              "age": "20대"
            },
            "speechAct": "(단언) 주장하기",
            "morpheme": "맞/VV+아/EC"
          },
          {
            "id": 19,
            "text": "2 : 완전 티 팍팍나게 만들어야지",
            "norm_text": "완전 티 팍팍나게 만들어야지",
            "speaker": {
              "id": "2번",
              "sex": "여성",
              "age": "20대"
            },
            "speechAct": "(단언) 주장하기",
            "morpheme": "완전/NNG+티/NNG+팍팍/MAG+나/VV+게/EC+만들/VV+어야지/EC"
          },
          {
            "id": 20,
            "text": "3 : 맞아",
            "norm_text": "맞아",
            "speaker": {
              "id": "3번",
              "sex": "남성",
              "age": "20대"
            },
            "speechAct": "(단언) 주장하기",
            "morpheme": "맞/VV+아/EC"
          },
          {
            "id": 21,
            "text": "3 : 무게도 무겁게 만들어야지",
            "norm_text": "무게도 무겁게 만들어야지",
            "speaker": {
              "id": "3번",
              "sex": "남성",
              "age": "20대"
            },
            "speechAct": "(단언) 주장하기",
            "morpheme": "무게/NNG+도/JX+무겁/VA+게/EC+만들/VV+어야지/EC"
          },
          {
            "id": 22,
            "text": "1 : 범죄의 크기를 떠나서 너무 나빠",
            "norm_text": "범죄의 크기를 떠나서 너무 나빠",
            "speaker": {
              "id": "1번",
              "sex": "여성",
              "age": "20대"
            },
            "speechAct": "(단언) 주장하기",
            "morpheme": "범죄/NNG+의/JKG+크기/NNG+를/JKO+떠나/VV+서/EC+너무/MAG+나빠/VA+EC"
          },
          {
            "id": 23,
            "text": "2 : 근데 도망 친 사람은 잡혔대?",
            "norm_text": "근데 도망 친 사람은 잡혔대?",
            "speaker": {
              "id": "2번",
              "sex": "여성",
              "age": "20대"
            },
            "speechAct": "(지시) 질문하기",
            "morpheme": "근데/MAJ+도/JX+망친/VV+ETM+사람/NNG+은/JX+잡혔/VV+EP+대/EF"
          },
          {
            "id": 24,
            "text": "3 : 맞아 그 범인은 잡힌거야?",
            "norm_text": "맞아 그 범인은 잡힌거야?",
            "speaker": {
              "id": "3번",
              "sex": "남성",
              "age": "20대"
            },
            "speechAct": "(지시) 질문하기",
            "morpheme": "맞/VV+아/EC+그/MM+범인/NNG+은/JX+잡힌/VV+ETM+거/NNB+야/VCP+EF"
          },
          {
            "id": 25,
            "text": "1 : 아니 아직 안잡힌거 같던데",
            "norm_text": "아니 아직 안잡힌거 같던데",
            "speaker": {
              "id": "1번",
              "sex": "여성",
              "age": "20대"
            },
            "speechAct": "(단언) 진술하기",
            "morpheme": "아니/IC+아직/MAG+안/MAG+잡힌/VV+ETM+거/NNB+같/VA+던데/EC"
          },
          {
            "id": 26,
            "text": "2 : 빨리 잡아야 할텐데",
            "norm_text": "빨리 잡아야 할텐데",
            "speaker": {
              "id": "2번",
              "sex": "여성",
              "age": "20대"
            },
            "speechAct": "(단언) 주장하기",
            "morpheme": "빨리/MAG+잡/VV+아야/EC+할/VX+ETM+텐데/NNB+VCP+EC"
          },
          {
            "id": 27,
            "text": "2 : 무서워서 살겠냐고 ㅠㅠ",
            "norm_text": "무서워서 살겠냐고 ㅠㅠ",
            "speaker": {
              "id": "2번",
              "sex": "여성",
              "age": "20대"
            },
            "speechAct": "(단언) 주장하기",
            "morpheme": "무서워서/VA+EC+살/VV+겠/EP+냐고/EC+ㅠㅠ/UNKNOWN"
          },
          {
            "id": 28,
            "text": "3 : 아이고 참 큰일이다 큰일",
            "norm_text": "아이고 참 큰일이다 큰일",
            "speaker": {
              "id": "3번",
              "sex": "남성",
              "age": "20대"
            },
            "speechAct": "(단언) 주장하기",
            "morpheme": "아이/IC+고참/NNG+큰일/NNG+이/JKS+다/MAG+큰일/NNG"
          }
        ]
      }
    }
  ]
}