{
  "dataset": {
    "identifier": 113087,
    "name": "NATEON_36_05_set",
    "src_path": "/data/file/cubeManager/PROJECT001/80/txt202111031747500340109/NATEON_36_05_set/",
    "label_path": "/data/file/cubeManager/PROJECT001/80/txt202111031747500340109/NATEON_36_05_set/",
    "category": 2,
    "type": 0
  },
  "licenses": {
    "name": "Apache License 1.0",
    "url": "http://www.apache.org/licenses/LICENSE-1.0"
  },
  "info": [
    {
      "id": 136247,
      "filename": "NATEON_36_05.txt",
      "title": "NATEON_36_05",
      "mediatype": "메신저",
      "medianame": "네이트온",
      "category": "일상대화",
      "date": "2021-11-03",
      "size": 402,
      "annotations": {
        "subject": "군대",
        "speaker_type": "다자간 대화",
        "size": 402,
        "word_size": 142,
        "text": "1 : 내 남친 알고 보니까 해군 전역했대 키키\n2 : 와 대박 거기 바닷가라 그런가?\n3 : 오 나는 육군 전역인데\n1 : 그래서 바다는 보기 싫대\n2 : 부산은 해군 많이 가?\n3 : 아 질리도록 바다 봤겠네 키키\n1 : 아니 꼭 그런 건 아니야 하하\n2 : 우린 여기 훈련소 있어서 거기로 많이 가더라고 키키\n3 : 부산 사람은 뭐 다 해군이냐 키키\n1 : 남자친구는 악기 해서 군악대 들어갔대\n2 : 그래도 다 수영 잘 하고 그럴 거 같아 키키\n2 : 군악대 멋있다\n3 : 오 완전 신기하다 키키 군악대?\n1 : 응 나도 듣고 깜짝 놀랬다\n2 : 군악대 영상 보니까 엄청 멋있던데 키키\n3 : 군악대 들어간 친구 처음 본다\n1 : 응 그래서 행사 때마다 불려갔대\n2 : 웅 그래서 바깥 공기 쐬는 게 어디야 ㅋ\n3 : 키키 니 남친 고생 했겠다",
        "lines": [
          {
            "id": 1,
            "text": "1 : 내 남친 알고 보니까 해군 전역했대 키키",
            "norm_text": "내 남친 알고 보니까 해군 전역했대 키키",
            "speaker": {
              "id": "1번",
              "sex": "여성",
              "age": "20대"
            },
            "speechAct": "(단언) 주장하기",
            "morpheme": "내/NP+JKG+남친/NNG+알/VV+고/EC+보/VX+니까/EC+해군/NNG+전역/NNG+했/XSV+EP+대/XPN+키/NNG+키/XSV+ETN"
          },
          {
            "id": 2,
            "text": "2 : 와 대박 거기 바닷가라 그런가?",
            "norm_text": "와 대박 거기 바닷가라 그런가?",
            "speaker": {
              "id": "2번",
              "sex": "여성",
              "age": "20대"
            },
            "speechAct": "(단언) 주장하기",
            "morpheme": "와/IC+대박/NNG+거기/NP+바닷가/NNG+라/VCP+EC+그런가/VA+EF"
          },
          {
            "id": 3,
            "text": "3 : 오 나는 육군 전역인데",
            "norm_text": "오 나는 육군 전역인데",
            "speaker": {
              "id": "3번",
              "sex": "남성",
              "age": "20대"
            },
            "speechAct": "(단언) 주장하기",
            "morpheme": "오/IC+나/NP+는/JX+육군/NNG+전역/NNG+인데/VCP+EC"
          },
          {
            "id": 4,
            "text": "1 : 그래서 바다는 보기 싫대",
            "norm_text": "그래서 바다는 보기 싫대",
            "speaker": {
              "id": "1번",
              "sex": "여성",
              "age": "20대"
            },
            "speechAct": "(단언) 주장하기",
            "morpheme": "그래서/MAJ+바다/NNG+는/JX+보/VV+기/ETN+싫/VA+대/EC"
          },
          {
            "id": 5,
            "text": "2 : 부산은 해군 많이 가?",
            "norm_text": "부산은 해군 많이 가?",
            "speaker": {
              "id": "2번",
              "sex": "여성",
              "age": "20대"
            },
            "speechAct": "(지시) 질문하기",
            "morpheme": "부산/NNP+은/JX+해군/NNG+많이/MAG+가/VV+EF"
          },
          {
            "id": 6,
            "text": "3 : 아 질리도록 바다 봤겠네 키키",
            "norm_text": "아 질리도록 바다 봤겠네 키키",
            "speaker": {
              "id": "3번",
              "sex": "남성",
              "age": "20대"
            },
            "speechAct": "(단언) 주장하기",
            "morpheme": "아/IC+질리/VV+도록/EC+바다/NNG+봤/VV+EP+겠/EP+네/EF+키/NNG+키/XSV+ETN"
          },
          {
            "id": 7,
            "text": "1 : 아니 꼭 그런 건 아니야 하하",
            "norm_text": "아니 꼭 그런 건 아니야 하하",
            "speaker": {
              "id": "1번",
              "sex": "여성",
              "age": "20대"
            },
            "speechAct": "(단언) 주장하기",
            "morpheme": "아니/IC+꼭/MAG+그런/MM+건/NNB+JX+아니/VCN+야/EC+하하/MAG"
          },
          {
            "id": 8,
            "text": "2 : 우린 여기 훈련소 있어서 거기로 많이 가더라고 키키",
            "norm_text": "우린 여기 훈련소 있어서 거기로 많이 가더라고 키키",
            "speaker": {
              "id": "2번",
              "sex": "여성",
              "age": "20대"
            },
            "speechAct": "(단언) 주장하기",
            "morpheme": "우린/NP+JX+여기/NP+훈련소/NNG+있/VV+어서/EC+거기/NP+로/JKB+많이/MAG+가/VV+더라고/EC+키/NNG+키/XSV+ETN"
          },
          {
            "id": 9,
            "text": "3 : 부산 사람은 뭐 다 해군이냐 키키",
            "norm_text": "부산 사람은 뭐 다 해군이냐 키키",
            "speaker": {
              "id": "3번",
              "sex": "남성",
              "age": "20대"
            },
            "speechAct": "(단언) 주장하기",
            "morpheme": "부산/NNP+사람/NNG+은/JX+뭐/IC+다/MAG+해군/NNG+이냐키/NNP+키/NNG"
          },
          {
            "id": 10,
            "text": "1 : 남자친구는 악기 해서 군악대 들어갔대",
            "norm_text": "남자친구는 악기 해서 군악대 들어갔대",
            "speaker": {
              "id": "1번",
              "sex": "여성",
              "age": "20대"
            },
            "speechAct": "(단언) 주장하기",
            "morpheme": "남자/NNG+친구/NNG+는/JX+악기/NNG+해서/XSV+EC+군악대/NNG+들어갔/VV+EP+대/EC"
          },
          {
            "id": 11,
            "text": "2 : 그래도 다 수영 잘 하고 그럴 거 같아 키키",
            "norm_text": "그래도 다 수영 잘 하고 그럴 거 같아 키키",
            "speaker": {
              "id": "2번",
              "sex": "여성",
              "age": "20대"
            },
            "speechAct": "(단언) 주장하기",
            "morpheme": "그래도/MAJ+다/MAG+수영/NNG+잘/MAG+하/VV+고/EC+그럴/VV+ETM+거/NNB+같/VA+아/EC+키/NNG+키/XSV+ETN"
          },
          {
            "id": 12,
            "text": "2 : 군악대 멋있다",
            "norm_text": "군악대 멋있다",
            "speaker": {
              "id": "2번",
              "sex": "여성",
              "age": "20대"
            },
            "speechAct": "(단언) 주장하기",
            "morpheme": "군악대/NNG+멋있/VA+다/EC"
          },
          {
            "id": 13,
            "text": "3 : 오 완전 신기하다 키키 군악대?",
            "norm_text": "오 완전 신기하다 키키 군악대?",
            "speaker": {
              "id": "3번",
              "sex": "남성",
              "age": "20대"
            },
            "speechAct": "(지시) 질문하기",
            "morpheme": "오/IC+완전/MAG+신기/XR+하/XSA+다키키/NNP+군악대/NNG"
          },
          {
            "id": 14,
            "text": "1 : 응 나도 듣고 깜짝 놀랬다",
            "norm_text": "응 나도 듣고 깜짝 놀랬다",
            "speaker": {
              "id": "1번",
              "sex": "여성",
              "age": "20대"
            },
            "speechAct": "(단언) 주장하기",
            "morpheme": "응/IC+나/NP+도/JX+듣/VV+고/EC+깜짝/MAG+놀랬/VV+EP+다/EC"
          },
          {
            "id": 15,
            "text": "2 : 군악대 영상 보니까 엄청 멋있던데 키키",
            "norm_text": "군악대 영상 보니까 엄청 멋있던데 키키",
            "speaker": {
              "id": "2번",
              "sex": "여성",
              "age": "20대"
            },
            "speechAct": "(단언) 주장하기",
            "morpheme": "군악대/NNG+영상/NNG+보/VV+니까/EC+엄청/MAG+멋있/VA+던데/EC+키/NNG+키/XSV+ETN"
          },
          {
            "id": 16,
            "text": "3 : 군악대 들어간 친구 처음 본다",
            "norm_text": "군악대 들어간 친구 처음 본다",
            "speaker": {
              "id": "3번",
              "sex": "남성",
              "age": "20대"
            },
            "speechAct": "(단언) 주장하기",
            "morpheme": "군악대/NNG+들어간/VV+ETM+친구/NNG+처음/NNG+본다/VV+EC"
          },
          {
            "id": 17,
            "text": "1 : 응 그래서 행사 때마다 불려갔대",
            "norm_text": "응 그래서 행사 때마다 불려갔대",
            "speaker": {
              "id": "1번",
              "sex": "여성",
              "age": "20대"
            },
            "speechAct": "(단언) 주장하기",
            "morpheme": "응/IC+그래서/MAJ+행사/NNG+때/NNG+마다/JX+불려갔/VV+EC+VX+EP+대/EC"
          },
          {
            "id": 18,
            "text": "2 : 웅 그래서 바깥 공기 쐬는 게 어디야 ㅋ",
            "norm_text": "웅 그래서 바깥 공기 쐬는 게 어디야 ㅋ",
            "speaker": {
              "id": "2번",
              "sex": "여성",
              "age": "20대"
            },
            "speechAct": "(단언) 주장하기",
            "morpheme": "웅/IC+그래서/MAJ+바깥공기/NNG+쐬/VV+는/ETM+게/NNB+JKS+어디/NP+야/VCP+EF+ㅋ/UNKNOWN"
          },
          {
            "id": 19,
            "text": "3 : 키키 니 남친 고생 했겠다",
            "norm_text": "키키 니 남친 고생 했겠다",
            "speaker": {
              "id": "3번",
              "sex": "남성",
              "age": "20대"
            },
            "speechAct": "(단언) 주장하기",
            "morpheme": "키/NNG+키/VV+니/EC+남친/NNG+고생/NNG+했/XSV+EP+겠/EP+다/EC"
          }
        ]
      }
    }
  ]
}