{
  "dataset": {
    "identifier": 124027,
    "name": "NATEON_45_10_set",
    "src_path": "/data/file/cubeManager/PROJECT001/84/txt20211105113423090079/NATEON_45_10_set/",
    "label_path": "/data/file/cubeManager/PROJECT001/84/txt20211105113423090079/NATEON_45_10_set/",
    "category": 2,
    "type": 0
  },
  "licenses": {
    "name": "Apache License 1.0",
    "url": "http://www.apache.org/licenses/LICENSE-1.0"
  },
  "info": [
    {
      "id": 138905,
      "filename": "NATEON_45_10.txt",
      "title": "NATEON_45_10",
      "mediatype": "메신저",
      "medianame": "네이트온",
      "category": "일상대화",
      "date": "2021-11-05",
      "size": 432,
      "annotations": {
        "subject": "스포츠/레저",
        "speaker_type": "다자간 대화",
        "size": 432,
        "word_size": 146,
        "text": "1 : 나 캠핑용품 사러왔는데 비싸네\n2 : 캠핑용품 엄청 비싸 ㅠㅠ 가성비 템으로 사야 해\n3 : 야 그 용품이 제일 비싸 키키\n1 : 아니 나는 10만원 생각하고 왔는데...\n2 : 뭐 사러 갔는데...\n2 : 그건 얼만데...\n3 : 10만원 생각했는데 그게 아니지?\n1 : 나 그냥 테이블만 사고 싶었는데 비싸다 ㅠ\n2 : 테이블? 그건 왠지 비쌀거 같아 ㅠㅠ\n3 : 그거 아마 캠핑용이라 그럴 거야\n1 : 응 가벼운 소재라는데 그래서 비싼가 봐\n2 : 가볍고 튼튼하고 그러면 가격 나갈 듯 ㅠㅠ\n3 : 그냥 집에서 캠핑 하는 게 어때\n1 : 집에서 캠핑을 어떻게 해?\n2 : 집 안에서 텐트 치고 노는 거야?\n3 : 그냥 원터치 텐트  치고 노는 거지!\n1 : 요즘 애기들 데리고 그렇게 많이 하더라\n2 : 맞아\n2 : 나도 어릴 때 그렇게 놀았어 키키\n3 : 하하 응 애기 있는 집은 그렇게 하지",
        "lines": [
          {
            "id": 1,
            "text": "1 : 나 캠핑용품 사러왔는데 비싸네",
            "norm_text": "나 캠핑용품 사러왔는데 비싸네",
            "speaker": {
              "id": "1번",
              "sex": "여성",
              "age": "20대"
            },
            "speechAct": "(단언) 주장하기",
            "morpheme": "나/NP+캠핑/NNG+용품/NNG+사/VV+러/EC+왔/VX+EP+는데/EC+비싸/VA+네/EC"
          },
          {
            "id": 2,
            "text": "2 : 캠핑용품 엄청 비싸 ㅠㅠ 가성비 템으로 사야 해",
            "norm_text": "캠핑용품 엄청 비싸 ㅠㅠ 가성비 템으로 사야 해",
            "speaker": {
              "id": "2번",
              "sex": "여성",
              "age": "20대"
            },
            "speechAct": "(단언) 주장하기",
            "morpheme": "캠핑/NNG+용품/NNG+엄청/MAG+비싸/VA+EF+ㅠㅠ/UNKNOWN+가/JKS+성비/NNG+템/NNG+으로/JKB+사/VV+야/EC+해/VV+EC"
          },
          {
            "id": 3,
            "text": "3 : 야 그 용품이 제일 비싸 키키",
            "norm_text": "야 그 용품이 제일 비싸 키키",
            "speaker": {
              "id": "3번",
              "sex": "남성",
              "age": "20대"
            },
            "speechAct": "(단언) 주장하기",
            "morpheme": "야/IC+그/MM+용품/NNG+이/JKS+제일/MAG+비싸/VA+EC+키/NNG+키/XSV+ETN"
          },
          {
            "id": 4,
            "text": "1 : 아니 나는 10만원 생각하고 왔는데...",
            "norm_text": "아니 나는 10만원 생각하고 왔는데...",
            "speaker": {
              "id": "1번",
              "sex": "여성",
              "age": "20대"
            },
            "speechAct": "(단언) 진술하기",
            "morpheme": "아니/IC+나/NP+는/JX+10/SN+만/NR+원/NNBC+생각/NNG+하/XSV+고/EC+왔/VX+EP+는데/EC+./SY+./SY"
          },
          {
            "id": 5,
            "text": "2 : 뭐 사러 갔는데...",
            "norm_text": "뭐 사러 갔는데...",
            "speaker": {
              "id": "2번",
              "sex": "여성",
              "age": "20대"
            },
            "speechAct": "(지시) 질문하기",
            "morpheme": "뭐/IC+사/VV+러/EC+갔/VV+EP+는데/EC+./SY+./SY"
          },
          {
            "id": 6,
            "text": "2 : 그건 얼만데...",
            "norm_text": "그건 얼만데...",
            "speaker": {
              "id": "2번",
              "sex": "여성",
              "age": "20대"
            },
            "speechAct": "(지시) 질문하기",
            "morpheme": "그건/NP+JX+얼만데/NNG+VCP+EF+./SY"
          },
          {
            "id": 7,
            "text": "3 : 10만원 생각했는데 그게 아니지?",
            "norm_text": "10만원 생각했는데 그게 아니지?",
            "speaker": {
              "id": "3번",
              "sex": "남성",
              "age": "20대"
            },
            "speechAct": "(지시) 질문하기",
            "morpheme": "10/SN+만/NR+원/NNBC+생각/NNG+했/XSV+EP+는데/EC+그게/NP+JKC+아니/VCN+지/EF"
          },
          {
            "id": 8,
            "text": "1 : 나 그냥 테이블만 사고 싶었는데 비싸다 ㅠ",
            "norm_text": "나 그냥 테이블만 사고 싶었는데 비싸다 ㅠ",
            "speaker": {
              "id": "1번",
              "sex": "여성",
              "age": "20대"
            },
            "speechAct": "(단언) 주장하기",
            "morpheme": "나/NP+그냥/MAG+테이블/NNG+만/JX+사/VV+고/EC+싶/VX+었/EP+는데/EC+비싸/VA+다/EF+ㅠ/UNKNOWN"
          },
          {
            "id": 9,
            "text": "2 : 테이블? 그건 왠지 비쌀거 같아 ㅠㅠ",
            "norm_text": "테이블? 그건 왠지 비쌀거 같아 ㅠㅠ",
            "speaker": {
              "id": "2번",
              "sex": "여성",
              "age": "20대"
            },
            "speechAct": "(단언) 주장하기",
            "morpheme": "테이블/NNG+?/SY+그건왠지비쌀거같아ㅠㅠ/UNKNOWN"
          },
          {
            "id": 10,
            "text": "3 : 그거 아마 캠핑용이라 그럴 거야",
            "norm_text": "그거 아마 캠핑용이라 그럴 거야",
            "speaker": {
              "id": "3번",
              "sex": "남성",
              "age": "20대"
            },
            "speechAct": "(단언) 주장하기",
            "morpheme": "그거/NP+아마/MAG+캠핑/NNG+용/XSN+이/VCP+라/EC+그럴/VV+ETM+거/NNB+야/VCP+EF"
          },
          {
            "id": 11,
            "text": "1 : 응 가벼운 소재라는데 그래서 비싼가 봐",
            "norm_text": "응 가벼운 소재라는데 그래서 비싼가 봐",
            "speaker": {
              "id": "1번",
              "sex": "여성",
              "age": "20대"
            },
            "speechAct": "(단언) 주장하기",
            "morpheme": "응/IC+가벼운/VA+ETM+소재/NNG+라는/VCP+ETM+데/NNB+그래서/VV+EC+비싼가/VA+EC+봐/VX+EC"
          },
          {
            "id": 12,
            "text": "2 : 가볍고 튼튼하고 그러면 가격 나갈 듯 ㅠㅠ",
            "norm_text": "가볍고 튼튼하고 그러면 가격 나갈 듯 ㅠㅠ",
            "speaker": {
              "id": "2번",
              "sex": "여성",
              "age": "20대"
            },
            "speechAct": "(단언) 주장하기",
            "morpheme": "가볍/VA+고/EC+튼튼/XR+하/XSA+고/EC+그러/VV+면/EC+가격/NNG+나갈/VV+ETM+듯/NNB+ㅠㅠ/UNKNOWN"
          },
          {
            "id": 13,
            "text": "3 : 그냥 집에서 캠핑 하는 게 어때",
            "norm_text": "그냥 집에서 캠핑 하는 게 어때",
            "speaker": {
              "id": "3번",
              "sex": "남성",
              "age": "20대"
            },
            "speechAct": "(지시) 충고/제안하기",
            "morpheme": "그냥/MAG+집/NNG+에서/JKB+캠핑/NNG+하/XSV+는/ETM+게/NNB+JKS+어때/VA+EC"
          },
          {
            "id": 14,
            "text": "1 : 집에서 캠핑을 어떻게 해?",
            "norm_text": "집에서 캠핑을 어떻게 해?",
            "speaker": {
              "id": "1번",
              "sex": "여성",
              "age": "20대"
            },
            "speechAct": "(지시) 질문하기",
            "morpheme": "집/NNG+에서/JKB+캠핑/NNG+을/JKO+어떻게/MAG+해/VV+EF"
          },
          {
            "id": 15,
            "text": "2 : 집 안에서 텐트 치고 노는 거야?",
            "norm_text": "집 안에서 텐트 치고 노는 거야?",
            "speaker": {
              "id": "2번",
              "sex": "여성",
              "age": "20대"
            },
            "speechAct": "(지시) 질문하기",
            "morpheme": "집안/NNG+에서/JKB+텐트/NNG+치/VV+고/EC+노/VX+는/ETM+거/NNB+야/VCP+EF"
          },
          {
            "id": 16,
            "text": "3 : 그냥 원터치 텐트  치고 노는 거지!",
            "norm_text": "그냥 원터치 텐트  치고 노는 거지!",
            "speaker": {
              "id": "3번",
              "sex": "남성",
              "age": "20대"
            },
            "speechAct": "(단언) 주장하기",
            "morpheme": "그냥/MAG+원터치/NNG+텐트/NNG+치/VV+고/EC+노/VX+는/ETM+거/NNB+지/VCP+EF"
          },
          {
            "id": 17,
            "text": "1 : 요즘 애기들 데리고 그렇게 많이 하더라",
            "norm_text": "요즘 애기들 데리고 그렇게 많이 하더라",
            "speaker": {
              "id": "1번",
              "sex": "여성",
              "age": "20대"
            },
            "speechAct": "(단언) 진술하기",
            "morpheme": "요즘/NNG+애기/NNG+들/XSN+데리/VV+고/EC+그렇게/MAG+많이/MAG+하/VV+더라/EC"
          },
          {
            "id": 18,
            "text": "2 : 맞아",
            "norm_text": "맞아",
            "speaker": {
              "id": "2번",
              "sex": "여성",
              "age": "20대"
            },
            "speechAct": "(단언) 주장하기",
            "morpheme": "맞/VV+아/EC"
          },
          {
            "id": 19,
            "text": "2 : 나도 어릴 때 그렇게 놀았어 키키",
            "norm_text": "나도 어릴 때 그렇게 놀았어 키키",
            "speaker": {
              "id": "2번",
              "sex": "여성",
              "age": "20대"
            },
            "speechAct": "(단언) 진술하기",
            "morpheme": "나/NP+도/JX+어릴/VA+ETM+때/NNG+그렇게/MAG+놀/VV+았/EP+어/EC+키/NNG+키/XSV+ETN"
          },
          {
            "id": 20,
            "text": "3 : 하하 응 애기 있는 집은 그렇게 하지",
            "norm_text": "하하 응 애기 있는 집은 그렇게 하지",
            "speaker": {
              "id": "3번",
              "sex": "남성",
              "age": "20대"
            },
            "speechAct": "(단언) 주장하기",
            "morpheme": "하하/MAG+응/IC+애기/NNG+있/VA+는/ETM+집/NNG+은/JX+그렇게/MAG+하/VV+지/EC"
          }
        ]
      }
    }
  ]
}