{
  "dataset": {
    "identifier": 17644,
    "name": "NATEON_26_17_set",
    "src_path": "/data/file/cubeManager/PROJECT001/7/txt20210826181628070270/NATEON_26_17_set/",
    "label_path": "/data/file/cubeManager/PROJECT001/7/txt20210826181628070270/NATEON_26_17_set/",
    "category": 2,
    "type": 0
  },
  "licenses": {
    "name": "Apache License 1.0",
    "url": "http://www.apache.org/licenses/LICENSE-1.0"
  },
  "info": [
    {
      "id": 735,
      "filename": "NATEON_26_17.txt",
      "title": "NATEON_26_17",
      "mediatype": "메신저",
      "medianame": "네이트온",
      "category": "일상대화",
      "date": "2021-08-26",
      "size": 981,
      "annotations": {
        "subject": "건강",
        "speaker_type": "1:1",
        "size": 981,
        "word_size": 284,
        "text": "1 : 요즘 올림픽 선수들 보니까 피지컬 진짜 장난 아니더라.\n1 : 운동선수라지만 너무 부러워\n2 : 나도 보면서 진짜 그 생각했어.\n2 : 그렇게 되기까지 정말 얼마나 노력했을지 느껴지면서 대단하고 부럽더라.\n1 : 그치? 키도 다들 훤칠하고... 너무 멋있어.\n1 : 키는 타고 나는 거라 참 ㅠㅠ\n2 : 맞아 맞아. 요즘은 자기 몸 관리하고 가꾸는 사람들도 많아서 또 길 가다가도 멋진 사람들 많더라.\n1 : 맞아! 바디 프로필도 엄청 유행하던데!\n2 : 오오 내가 아는 언니도 최근에 그거 했었는데 진짜 너무너무 힘들었대 ㅠㅠ\n1 : 어 진짜? 아이고... 고생 많았겠어.\n1 : 식단 조절도 엄청 해야 되잖아!\n2 : 응 맞아! 보니까 진짜 엄청 신경 써서 챙겨 먹어야 하고 또 외식도 거의 못하고 장난이 아니더라고...\n1 : 그러게. 그래도 건강에는 좋은 거 같아!\n1 : 여자들이 팔 근육 키우기가 그렇게 힘들다던데 팔 근육 있는 사람들 진짜 너무 멋짐.\n2 : 맞아! 그렇게까지 안 하더라도 꾸준히 운동하면 정말 건강에 좋을 거 같아!\n2 : 맞아 여자들은 상체 근육 키우기 힘들다고 들었는데 그 정도면 정말 얼마나 노력을 했을지...\n1 : 맞아. 내가 구독 중인 유튜버도 40대 언니인데 아이 둘 낳고도 몸매가 대박이야.\n1 : 근육질에다가 키도 크고... 부럽 ㅠㅠ\n2 : 와... 진짜 출산하고 나면 체질도 그렇고 몸도 정말 많이 달라진다던데 그렇게 운동도 하는 분들 보면 존경스러워. ㅠㅠ\n1 : 그러게 말이야.\n1 : 출산하고 나면 몸이 완전 망가진다고 하더라.\n1 : 대단해!\n1 : 운동은 진짜 생활하면서 필수인데 실천하기가 힘들지\n2 : 맞아 출산 전이랑 후랑 그 차이가 정말 크다던데...\n2 : 사실 나도 요즘 운동을 아예 못하니까 가뜩이나 안 좋은 체력이 더 안 좋아지는 걸 느끼거든.운동은 정말 필수 요소인 거 같아.\n1 : 맞아. 시간을 어떻게든 내서라도 꼭 해야 되는 거 같아. 의무감을 가지고!\n2 : 정말! 우리의 건강을 위해서라도 틈틈이 노력해보자!",
        "lines": [
          {
            "id": 1,
            "text": "1 : 요즘 올림픽 선수들 보니까 피지컬 진짜 장난 아니더라.",
            "norm_text": "요즘 올림픽 선수들 보니까 피지컬 진짜 장난 아니더라.",
            "speaker": {
              "id": "1번",
              "sex": "여성",
              "age": "30대"
            },
            "speechAct": "(단언) 주장하기",
            "morpheme": "요즘/MAG+올림픽/NNP+선수/NNG+들/XSN+보/VV+니까/EC+피지컬/NNP+진짜/MAG+장난/NNG+아니/VCN+더라/EF"
          },
          {
            "id": 2,
            "text": "1 : 운동선수라지만 너무 부러워",
            "norm_text": "운동선수라지만 너무 부러워",
            "speaker": {
              "id": "1번",
              "sex": "여성",
              "age": "30대"
            },
            "speechAct": "(단언) 주장하기",
            "morpheme": "운동/NNG+선수/NNG+라지만/VCP+EC+너무/MAG+부러워/VA+EC"
          },
          {
            "id": 3,
            "text": "2 : 나도 보면서 진짜 그 생각했어.",
            "norm_text": "나도 보면서 진짜 그 생각했어.",
            "speaker": {
              "id": "2번",
              "sex": "여성",
              "age": "20대"
            },
            "speechAct": "(단언) 주장하기",
            "morpheme": "나/NP+도/JX+보/VV+면서/EC+진짜/MAG+그/MM+생각/NNG+했/XSV+EP+어/EF"
          },
          {
            "id": 4,
            "text": "2 : 그렇게 되기까지 정말 얼마나 노력했을지 느껴지면서 대단하고 부럽더라.",
            "norm_text": "그렇게 되기까지 정말 얼마나 노력했을지 느껴지면서 대단하고 부럽더라.",
            "speaker": {
              "id": "2번",
              "sex": "여성",
              "age": "20대"
            },
            "speechAct": "(단언) 주장하기",
            "morpheme": "그렇게/MAG+되/VV+기/ETN+까지/JX+정말/MAG+얼마나/MAG+노력/NNG+했/XSV+EP+을지/EC+느껴/VV+EC+지/VX+면서/EC+대단/XR+하/XSA+고/EC+부럽/VA+더라/EF"
          },
          {
            "id": 5,
            "text": "1 : 그치? 키도 다들 훤칠하고... 너무 멋있어.",
            "norm_text": "그치? 키도 다들 훤칠하고... 너무 멋있어.",
            "speaker": {
              "id": "1번",
              "sex": "여성",
              "age": "30대"
            },
            "speechAct": "(단언) 주장하기",
            "morpheme": "그치/IC+키/NNG+도/JX+다/MAG+들/XSN+훤칠/XR+하/XSA+고/EC+./SY+./SY+너무/MAG+멋있/VA+어/EF"
          },
          {
            "id": 6,
            "text": "1 : 키는 타고 나는 거라 참 ㅠㅠ",
            "norm_text": "키는 타고 나는 거라 참 ㅠㅠ",
            "speaker": {
              "id": "1번",
              "sex": "여성",
              "age": "30대"
            },
            "speechAct": "(단언) 주장하기",
            "morpheme": "키/NNG+는/JX+타/VV+고/EC+나/VX+는/ETM+거/NNB+라/VCP+EC+참/MAG+ㅠㅠ/UNKNOWN"
          },
          {
            "id": 7,
            "text": "2 : 맞아 맞아. 요즘은 자기 몸 관리하고 가꾸는 사람들도 많아서 또 길 가다가도 멋진 사람들 많더라.",
            "norm_text": "맞아 맞아. 요즘은 자기 몸 관리하고 가꾸는 사람들도 많아서 또 길 가다가도 멋진 사람들 많더라.",
            "speaker": {
              "id": "2번",
              "sex": "여성",
              "age": "20대"
            },
            "speechAct": "(단언) 주장하기",
            "morpheme": "맞/VV+아/EC+맞/VV+아/EF+요즘/NNG+은/JX+자기/NP+몸/NNG+관리/NNG+하/XSV+고/EC+가꾸/VV+는/ETM+사람/NNG+들/XSN+도/JX+많/VA+아서/EC+또/MAG+길/NNG+가/VV+다가/EC+도/JX+멋진/VA+ETM+사람/NNG+들/XSN+많/VA+더라/EF"
          },
          {
            "id": 8,
            "text": "1 : 맞아! 바디 프로필도 엄청 유행하던데!",
            "norm_text": "맞아! 바디 프로필도 엄청 유행하던데!",
            "speaker": {
              "id": "1번",
              "sex": "여성",
              "age": "30대"
            },
            "speechAct": "(단언) 주장하기",
            "morpheme": "맞/VV+아/EF+바디/NNG+프로필/NNG+도/JX+엄청/MAG+유행/NNG+하/XSA+던데/EF"
          },
          {
            "id": 9,
            "text": "2 : 오오 내가 아는 언니도 최근에 그거 했었는데 진짜 너무너무 힘들었대 ㅠㅠ",
            "norm_text": "오오 내가 아는 언니도 최근에 그거 했었는데 진짜 너무너무 힘들었대 ㅠㅠ",
            "speaker": {
              "id": "2번",
              "sex": "여성",
              "age": "20대"
            },
            "speechAct": "(단언) 주장하기",
            "morpheme": "오오/IC+내/NP+가/JKS+아/VV+는/ETM+언니/NNG+도/JX+최근/NNG+에/JKB+그거/NP+했었/VV+EP+는데/EC+진짜/MAG+너무너무/MAG+힘들/VA+었/EP+대/EF+ㅠㅠ/UNKNOWN"
          },
          {
            "id": 10,
            "text": "1 : 어 진짜? 아이고... 고생 많았겠어.",
            "norm_text": "어 진짜? 아이고... 고생 많았겠어.",
            "speaker": {
              "id": "1번",
              "sex": "여성",
              "age": "30대"
            },
            "speechAct": "(단언) 주장하기",
            "morpheme": "어/IC+진짜/MAG+아이고/IC+./SY+고생/NNG+많/VA+았/EP+겠/EP+어/EF"
          },
          {
            "id": 11,
            "text": "1 : 식단 조절도 엄청 해야 되잖아!",
            "norm_text": "식단 조절도 엄청 해야 되잖아!",
            "speaker": {
              "id": "1번",
              "sex": "여성",
              "age": "30대"
            },
            "speechAct": "(단언) 주장하기",
            "morpheme": "식단/NNG+조절/NNG+도/JX+엄청/MAG+해야/VV+EC+되/VV+잖아/EF"
          },
          {
            "id": 12,
            "text": "2 : 응 맞아! 보니까 진짜 엄청 신경 써서 챙겨 먹어야 하고 또 외식도 거의 못하고 장난이 아니더라고...",
            "norm_text": "응 맞아! 보니까 진짜 엄청 신경 써서 챙겨 먹어야 하고 또 외식도 거의 못하고 장난이 아니더라고...",
            "speaker": {
              "id": "2번",
              "sex": "여성",
              "age": "20대"
            },
            "speechAct": "(단언) 주장하기",
            "morpheme": "응/IC+맞/VV+아/EF+보/VV+니까/EC+진짜/MAG+엄청/MAG+신경/NNG+써서/VV+EC+챙겨/VV+EC+먹/VV+어야/EC+하/VV+고/EC+또/MAG+외식/NNG+도/JX+거의/MAG+못/MAG+하/VV+고/EC+장난/NNG+이/JKC+아니/VCN+더라고/EF+./SY"
          },
          {
            "id": 13,
            "text": "1 : 그러게. 그래도 건강에는 좋은 거 같아!",
            "norm_text": "그러게. 그래도 건강에는 좋은 거 같아!",
            "speaker": {
              "id": "1번",
              "sex": "여성",
              "age": "30대"
            },
            "speechAct": "(단언) 주장하기",
            "morpheme": "그러게/IC+그래도/MAJ+건강/NNG+에/JKB+는/JX+좋/VA+은/ETM+거/NNB+같/VA+아/EF"
          },
          {
            "id": 14,
            "text": "1 : 여자들이 팔 근육 키우기가 그렇게 힘들다던데 팔 근육 있는 사람들 진짜 너무 멋짐.",
            "norm_text": "여자들이 팔 근육 키우기가 그렇게 힘들다던데 팔 근육 있는 사람들 진짜 너무 멋짐.",
            "speaker": {
              "id": "1번",
              "sex": "여성",
              "age": "30대"
            },
            "speechAct": "(단언) 주장하기",
            "morpheme": "여자/NNG+들/XSN+이/JKS+팔/VV+ETM+근육/NNG+키우/VV+기/ETN+가/JKS+그렇게/MAG+힘들/VA+다던데/EC+팔/VV+ETM+근육/NNG+있/VA+는/ETM+사람/NNG+들/XSN+진짜/MAG+너무/MAG+멋/NNG+짐/NNG"
          },
          {
            "id": 15,
            "text": "2 : 맞아! 그렇게까지 안 하더라도 꾸준히 운동하면 정말 건강에 좋을 거 같아!",
            "norm_text": "맞아! 그렇게까지 안 하더라도 꾸준히 운동하면 정말 건강에 좋을 거 같아!",
            "speaker": {
              "id": "2번",
              "sex": "여성",
              "age": "20대"
            },
            "speechAct": "(단언) 주장하기",
            "morpheme": "맞/VV+아/EF+그렇게/MAG+까지/JX+안/MAG+하/VV+더라도/EC+꾸준히/MAG+운동/NNG+하/XSV+면/EC+정말/MAG+건강/NNG+에/JKB+좋/VA+을/ETM+거/NNB+같/VA+아/EF"
          },
          {
            "id": 16,
            "text": "2 : 맞아 여자들은 상체 근육 키우기 힘들다고 들었는데 그 정도면 정말 얼마나 노력을 했을지...",
            "norm_text": "맞아 여자들은 상체 근육 키우기 힘들다고 들었는데 그 정도면 정말 얼마나 노력을 했을지...",
            "speaker": {
              "id": "2번",
              "sex": "여성",
              "age": "20대"
            },
            "speechAct": "(단언) 주장하기",
            "morpheme": "맞/VV+아/EC+여자/NNG+들/XSN+은/JX+상체/NNG+근육/NNG+키우/VV+기/ETN+힘들/VA+다고/EC+들/VX+었/EP+는데/EC+그/MM+정도/NNG+면/VCP+EC+정말/MAG+얼마나/MAG+노력/NNG+을/JKO+했/VV+EP+을지/EF+./SY"
          },
          {
            "id": 17,
            "text": "1 : 맞아. 내가 구독 중인 유튜버도 40대 언니인데 아이 둘 낳고도 몸매가 대박이야.",
            "norm_text": "맞아. 내가 구독 중인 유튜버도 40대 언니인데 아이 둘 낳고도 몸매가 대박이야.",
            "speaker": {
              "id": "1번",
              "sex": "여성",
              "age": "30대"
            },
            "speechAct": "(단언) 주장하기",
            "morpheme": "맞/VV+아/EF+내/NP+가/JKS+구독/NNG+중/NNB+인/VCP+ETM+유/NNP+튜버/NNP+도/JX+40/SN+대/NNBC+언니/NNG+인데/VCP+EC+아이/NNG+둘/NR+낳/VV+고/EC+도/JX+몸매/NNG+가/JKS+대박/NNG+이/VCP+야/EF"
          },
          {
            "id": 18,
            "text": "1 : 근육질에다가 키도 크고... 부럽 ㅠㅠ",
            "norm_text": "근육질에다가 키도 크고... 부럽 ㅠㅠ",
            "speaker": {
              "id": "1번",
              "sex": "여성",
              "age": "30대"
            },
            "speechAct": "(단언) 주장하기",
            "morpheme": "근육질/NNG+에다가/JKB+키/NNG+도/JX+크/VA+고/EC+./SY+./SY+부럽ㅠㅠ/UNKNOWN"
          },
          {
            "id": 19,
            "text": "2 : 와... 진짜 출산하고 나면 체질도 그렇고 몸도 정말 많이 달라진다던데 그렇게 운동도 하는 분들 보면 존경스러워. ㅠㅠ",
            "norm_text": "와... 진짜 출산하고 나면 체질도 그렇고 몸도 정말 많이 달라진다던데 그렇게 운동도 하는 분들 보면 존경스러워. ㅠㅠ",
            "speaker": {
              "id": "2번",
              "sex": "여성",
              "age": "20대"
            },
            "speechAct": "(단언) 주장하기",
            "morpheme": "와/IC+./SY+진짜/MAG+출산/NNG+하/XSV+고/EC+나/VX+면/EC+체질/NNG+도/JX+그렇/VA+고/EC+몸/NNG+도/JX+정말/MAG+많이/MAG+달라진다/VA+EC+VX+EC+던데/VV+EC+그렇게/MAG+운동/NNG+도/JX+하/VV+는/ETM+분/NNB+들/XSN+보/VV+면/EC+존경/NNG+스러워/XSA+EF+ㅠㅠ/UNKNOWN"
          },
          {
            "id": 20,
            "text": "1 : 그러게 말이야.",
            "norm_text": "그러게 말이야.",
            "speaker": {
              "id": "1번",
              "sex": "여성",
              "age": "30대"
            },
            "speechAct": "턴토크 사인(관습적 반응)",
            "morpheme": "그러/VV+게/EC+말/NNG+이/VCP+야/EF"
          },
          {
            "id": 21,
            "text": "1 : 출산하고 나면 몸이 완전 망가진다고 하더라.",
            "norm_text": "출산하고 나면 몸이 완전 망가진다고 하더라.",
            "speaker": {
              "id": "1번",
              "sex": "여성",
              "age": "30대"
            },
            "speechAct": "(단언) 주장하기",
            "morpheme": "출산/NNG+하/XSV+고/EC+나/VX+면/EC+몸/NNG+이/JKS+완전/MAG+망가/NNG+진다고/XSV+EC+하/VX+더라/EF"
          },
          {
            "id": 22,
            "text": "1 : 대단해!",
            "norm_text": "대단해!",
            "speaker": {
              "id": "1번",
              "sex": "여성",
              "age": "30대"
            },
            "speechAct": "(단언) 주장하기",
            "morpheme": "대단/XR+해/XSA+EF"
          },
          {
            "id": 23,
            "text": "1 : 운동은 진짜 생활하면서 필수인데 실천하기가 힘들지",
            "norm_text": "운동은 진짜 생활하면서 필수인데 실천하기가 힘들지",
            "speaker": {
              "id": "1번",
              "sex": "여성",
              "age": "30대"
            },
            "speechAct": "(단언) 주장하기",
            "morpheme": "운동/NNG+은/JX+진짜/MAG+생활/NNG+하/XSV+면서/EC+필수/NNG+인데/VCP+EC+실천/NNG+하/XSV+기/ETN+가/JKS+힘들/VA+지/EC"
          },
          {
            "id": 24,
            "text": "2 : 맞아 출산 전이랑 후랑 그 차이가 정말 크다던데...",
            "norm_text": "맞아 출산 전이랑 후랑 그 차이가 정말 크다던데...",
            "speaker": {
              "id": "2번",
              "sex": "여성",
              "age": "20대"
            },
            "speechAct": "(단언) 주장하기",
            "morpheme": "맞/VV+아/EC+출산/NNG+전이/NNG+랑/JKB+후/NNG+랑/JC+그/MM+차이/NNG+가/JKS+정말/MAG+크/VA+다던데/EF+./SY"
          },
          {
            "id": 25,
            "text": "2 : 사실 나도 요즘 운동을 아예 못하니까 가뜩이나 안 좋은 체력이 더 안 좋아지는 걸 느끼거든.운동은 정말 필수 요소인 거 같아.",
            "norm_text": "사실 나도 요즘 운동을 아예 못하니까 가뜩이나 안 좋은 체력이 더 안 좋아지는 걸 느끼거든.운동은 정말 필수 요소인 거 같아.",
            "speaker": {
              "id": "2번",
              "sex": "여성",
              "age": "20대"
            },
            "speechAct": "(단언) 주장하기",
            "morpheme": "사실/MAG+나/NP+도/JX+요즘/NNG+운동/NNG+을/JKO+아예/MAG+못/MAG+하/VV+니까/EC+가뜩이나/MAG+안/MAG+좋/VA+은/ETM+체력/NNG+이/JKS+더/MAG+안/MAG+좋/VA+아/EC+지/VX+는/ETM+걸/NNB+JKO+느끼/VV+거든/EF+운동/NNG+은/JX+정말/MAG+필수/NNG+요소/NNG+인/VCP+ETM+거/NNB+같/VA+아/EF"
          },
          {
            "id": 26,
            "text": "1 : 맞아. 시간을 어떻게든 내서라도 꼭 해야 되는 거 같아. 의무감을 가지고!",
            "norm_text": "맞아. 시간을 어떻게든 내서라도 꼭 해야 되는 거 같아. 의무감을 가지고!",
            "speaker": {
              "id": "1번",
              "sex": "여성",
              "age": "30대"
            },
            "speechAct": "(단언) 주장하기",
            "morpheme": "맞/VV+아/EF+시간/NNG+을/JKO+어떻게/MAG+든/JX+내/NP+서/JKB+라도/VCP+EC+꼭/MAG+해야/VV+EC+되/VV+는/ETM+거/NNB+같/VA+아/EF+의무감/NNG+을/JKO+가지/VV+고/EC"
          },
          {
            "id": 27,
            "text": "2 : 정말! 우리의 건강을 위해서라도 틈틈이 노력해보자!",
            "norm_text": "정말! 우리의 건강을 위해서라도 틈틈이 노력해보자!",
            "speaker": {
              "id": "2번",
              "sex": "여성",
              "age": "20대"
            },
            "speechAct": "(지시) 충고/제안하기",
            "morpheme": "정말/MAG+우리/NP+의/JKG+건강/NNG+을/JKO+위해서/VV+EC+VCP+라도/EC+틈틈이/MAG+노력/NNG+해/XSV+EC+보/VX+자/EF"
          }
        ]
      }
    }
  ]
}