{
  "dataset": {
    "identifier": 117287,
    "name": "NATEON_29_01_set",
    "src_path": "/data/file/cubeManager/PROJECT001/80/txt20211102103851072286/NATEON_29_01_set/",
    "label_path": "/data/file/cubeManager/PROJECT001/80/txt20211102103851072286/NATEON_29_01_set/",
    "category": 2,
    "type": 0
  },
  "licenses": {
    "name": "Apache License 1.0",
    "url": "http://www.apache.org/licenses/LICENSE-1.0"
  },
  "info": [
    {
      "id": 129864,
      "filename": "NATEON_29_01.txt",
      "title": "NATEON_29_01",
      "mediatype": "메신저",
      "medianame": "네이트온",
      "category": "일상대화",
      "date": "2021-11-02",
      "size": 342,
      "annotations": {
        "subject": "식음료",
        "speaker_type": "다자간 대화",
        "size": 342,
        "word_size": 115,
        "text": "1 : 응 내 옆에서, 맥도날드 먹어,\n2 : 나도 맥도날드 베토디 그거 좋아 하는데 키키\n3 : 너도 같이 시켜 먹지 그래?\n1 : 내 동생은 빅맥 좋아하더라 맥날에서\n2 : 그러게 왜 너는 안 시켰어?\n3 : 어 나도 빅맥 좋아하는데\n1 : 나는 다이어트 하느라 안 시켰지 ㅠㅠ\n2 : 난 맥날 치킨너겟 이것도 짱 좋아함!\n3 : 키키 야 말도 안되는 소리 마\n1 : 아 치킨너겟도 같이 시켰더라 하하...\n2 : 아 역시 먹을 줄 아네 키키\n2 : 옆에서 괴롭겠다 ㅠㅠ\n3 : 그럼 너도 다시 시켜야지...\n1 : 안 그래도 벌써 배달 앱 켰어...\n2 : 너는 더 맛있는 거 시켜서 먹어...\n3 : 그래 배달은 진짜 지옥이야...",
        "lines": [
          {
            "id": 1,
            "text": "1 : 응 내 옆에서, 맥도날드 먹어,",
            "norm_text": "응 내 옆에서, 맥도날드 먹어,",
            "speaker": {
              "id": "1번",
              "sex": "여성",
              "age": "20대"
            },
            "speechAct": "(단언) 진술하기",
            "morpheme": "응/IC+내/NP+JKG+옆/NNG+에서/JKB+,/SC+맥도날드/NNP+먹/VV+어/EF+,/SC"
          },
          {
            "id": 2,
            "text": "2 : 나도 맥도날드 베토디 그거 좋아 하는데 키키",
            "norm_text": "나도 맥도날드 베토디 그거 좋아 하는데 키키",
            "speaker": {
              "id": "2번",
              "sex": "여성",
              "age": "20대"
            },
            "speechAct": "(단언) 주장하기",
            "morpheme": "나/NP+도/JX+맥도날드/NNP+베토/NNP+디/NNG+그거/NP+좋/VA+아/EC+하/VV+는데/EC+키/NNG+키/XSV+ETN"
          },
          {
            "id": 3,
            "text": "3 : 너도 같이 시켜 먹지 그래?",
            "norm_text": "너도 같이 시켜 먹지 그래?",
            "speaker": {
              "id": "3번",
              "sex": "남성",
              "age": "20대"
            },
            "speechAct": "(지시) 질문하기",
            "morpheme": "너/NP+도/JX+같이/MAG+시켜/VV+EC+먹/VV+지그래/EF"
          },
          {
            "id": 4,
            "text": "1 : 내 동생은 빅맥 좋아하더라 맥날에서",
            "norm_text": "내 동생은 빅맥 좋아하더라 맥날에서",
            "speaker": {
              "id": "1번",
              "sex": "여성",
              "age": "20대"
            },
            "speechAct": "(단언) 진술하기",
            "morpheme": "내/NP+JKG+동생/NNG+은/JX+빅맥/NNP+좋/VA+아/EC+하/VV+더라/EC+맥/NNG+날/NNG+에서/JKB"
          },
          {
            "id": 5,
            "text": "2 : 그러게 왜 너는 안 시켰어?",
            "norm_text": "그러게 왜 너는 안 시켰어?",
            "speaker": {
              "id": "2번",
              "sex": "여성",
              "age": "20대"
            },
            "speechAct": "(지시) 질문하기",
            "morpheme": "그러게/MAJ+왜/MAG+너/NP+는/JX+안/MAG+시켰/VV+EP+어/EF"
          },
          {
            "id": 6,
            "text": "3 : 어 나도 빅맥 좋아하는데",
            "norm_text": "어 나도 빅맥 좋아하는데",
            "speaker": {
              "id": "3번",
              "sex": "남성",
              "age": "20대"
            },
            "speechAct": "(단언) 주장하기",
            "morpheme": "어/IC+나/NP+도/JX+빅맥/NNP+좋/VA+아/EC+하/VV+는데/EC"
          },
          {
            "id": 7,
            "text": "1 : 나는 다이어트 하느라 안 시켰지 ㅠㅠ",
            "norm_text": "나는 다이어트 하느라 안 시켰지 ㅠㅠ",
            "speaker": {
              "id": "1번",
              "sex": "여성",
              "age": "20대"
            },
            "speechAct": "(단언) 주장하기",
            "morpheme": "나/NP+는/JX+다이어트/NNG+하/XSV+느라/EC+안/MAG+시켰/VV+EP+지/EF+ㅠㅠ/UNKNOWN"
          },
          {
            "id": 8,
            "text": "2 : 난 맥날 치킨너겟 이것도 짱 좋아함!",
            "norm_text": "난 맥날 치킨너겟 이것도 짱 좋아함!",
            "speaker": {
              "id": "2번",
              "sex": "여성",
              "age": "20대"
            },
            "speechAct": "(단언) 주장하기",
            "morpheme": "난맥/NNG+날/NNG+치킨/VV+ETM+너겟/NNP+이것/NP+도/JX+짱/MAG+좋아함/VV+ETN"
          },
          {
            "id": 9,
            "text": "3 : 키키 야 말도 안되는 소리 마",
            "norm_text": "키키 야 말도 안되는 소리 마",
            "speaker": {
              "id": "3번",
              "sex": "남성",
              "age": "20대"
            },
            "speechAct": "(지시) 명령/요구하기",
            "morpheme": "키/NNG+키/XSV+ETN+야/JX+말/NNG+도/JX+안/MAG+되/VV+는/ETM+소리/NNG+마/NNG"
          },
          {
            "id": 10,
            "text": "1 : 아 치킨너겟도 같이 시켰더라 하하...",
            "norm_text": "아 치킨너겟도 같이 시켰더라 하하...",
            "speaker": {
              "id": "1번",
              "sex": "여성",
              "age": "20대"
            },
            "speechAct": "(단언) 진술하기",
            "morpheme": "아치/NNG+킨/XSV+ETN+JX+너겟/NNP+도/JX+같이/MAG+시켰/VV+EP+더라/EF+하하/IC+./SY"
          },
          {
            "id": 11,
            "text": "2 : 아 역시 먹을 줄 아네 키키",
            "norm_text": "아 역시 먹을 줄 아네 키키",
            "speaker": {
              "id": "2번",
              "sex": "여성",
              "age": "20대"
            },
            "speechAct": "(단언) 주장하기",
            "morpheme": "아역/NNG+시먹/NNG+을/JKO+줄/VV+ETM+아네/NNG+키/NNG+키/XSV+ETN"
          },
          {
            "id": 12,
            "text": "2 : 옆에서 괴롭겠다 ㅠㅠ",
            "norm_text": "옆에서 괴롭겠다 ㅠㅠ",
            "speaker": {
              "id": "2번",
              "sex": "여성",
              "age": "20대"
            },
            "speechAct": "(단언) 주장하기",
            "morpheme": "옆/NNG+에서/JKB+괴롭/VA+겠/EP+다/EF+ㅠㅠ/UNKNOWN"
          },
          {
            "id": 13,
            "text": "3 : 그럼 너도 다시 시켜야지...",
            "norm_text": "그럼 너도 다시 시켜야지...",
            "speaker": {
              "id": "3번",
              "sex": "남성",
              "age": "20대"
            },
            "speechAct": "(단언) 주장하기",
            "morpheme": "그럼/MAJ+너/NP+도/JX+다시/MAG+시켜야/VV+EC+VX+지/EF+./SY"
          },
          {
            "id": 14,
            "text": "1 : 안 그래도 벌써 배달 앱 켰어...",
            "norm_text": "안 그래도 벌써 배달 앱 켰어...",
            "speaker": {
              "id": "1번",
              "sex": "여성",
              "age": "20대"
            },
            "speechAct": "(단언) 진술하기",
            "morpheme": "안/MAG+그래도/VV+EC+벌써/MAG+배달/NNG+앱/NNG+켰/VV+EP+어/EF+./SY"
          },
          {
            "id": 15,
            "text": "2 : 너는 더 맛있는 거 시켜서 먹어...",
            "norm_text": "너는 더 맛있는 거 시켜서 먹어...",
            "speaker": {
              "id": "2번",
              "sex": "여성",
              "age": "20대"
            },
            "speechAct": "(지시) 충고/제안하기",
            "morpheme": "너/NP+는/JX+더/MAG+맛있/VA+는/ETM+거/NNB+시켜서/VV+EC+먹/VV+어/EF+./SY"
          },
          {
            "id": 16,
            "text": "3 : 그래 배달은 진짜 지옥이야...",
            "norm_text": "그래 배달은 진짜 지옥이야...",
            "speaker": {
              "id": "3번",
              "sex": "남성",
              "age": "20대"
            },
            "speechAct": "(단언) 주장하기",
            "morpheme": "그래/IC+배달/NNG+은/JX+진짜/MAG+지옥/NNG+이/VCP+야/EF+./SY"
          }
        ]
      }
    }
  ]
}