{
  "dataset": {
    "identifier": 123535,
    "name": "NATEON_44_01_set",
    "src_path": "/data/file/cubeManager/PROJECT001/84/txt20211105113423066679/NATEON_44_01_set/",
    "label_path": "/data/file/cubeManager/PROJECT001/84/txt20211105113423066679/NATEON_44_01_set/",
    "category": 2,
    "type": 0
  },
  "licenses": {
    "name": "Apache License 1.0",
    "url": "http://www.apache.org/licenses/LICENSE-1.0"
  },
  "info": [
    {
      "id": 138876,
      "filename": "NATEON_44_01.txt",
      "title": "NATEON_44_01",
      "mediatype": "메신저",
      "medianame": "네이트온",
      "category": "일상대화",
      "date": "2021-11-05",
      "size": 413,
      "annotations": {
        "subject": "식음료",
        "speaker_type": "다자간 대화",
        "size": 413,
        "word_size": 146,
        "text": "1 : 나 굽네 치킨 시켰어 키키\n2 : 아니 너 건강 챙긴다고 안 먹는다메\n3 : 그거 그냥 하는 말이야 왜 그걸 믿어\n1 : 굽네에 고추 바사삭~ 피자~\n2 : 오 그거 맛있겠다\n2 : 키키 피자 좋지\n3 : 굽네 피자도 많이 유명 하더라 키키\n1 : 굽네 치킨에 피자도 같이 팔더라고?\n2 : 응 그거 진짜 유명해 꼭 먹어 봐\n3 : 나도 오늘 굽네 피자 먹어볼까 키키\n1 : 나 이번에 피자는 처음 먹어봐 키키\n2 : 응응 난 굽네 볼케이노 좋아 하는데\n3 : 와 그거 매워서 어떻게 먹냐 키키\n1 : 쉬림프 피자가 맛있다고 하더라\n2 : 어어 본인 입맛에 맞춰서 시키면 돼\n3 : 그럼 나는 쉬림프 시켜서 먹어 볼게 키키\n1 : 나 다음에는 볼케이노 따라 먹어봐야지\n2 : 응 그거 먹어 양념 하나 추가해서 밥 비벼 먹고 키키\n3 : 야 그거 못 먹어 매워 ㅠㅠ",
        "lines": [
          {
            "id": 1,
            "text": "1 : 나 굽네 치킨 시켰어 키키",
            "norm_text": "나 굽네 치킨 시켰어 키키",
            "speaker": {
              "id": "1번",
              "sex": "여성",
              "age": "20대"
            },
            "speechAct": "(단언) 진술하기",
            "morpheme": "나/NP+굽/VV+네/EF+치킨/NNG+시켰/XSV+EP+어/EC+키/NNG+키/XSV+ETN"
          },
          {
            "id": 2,
            "text": "2 : 아니 너 건강 챙긴다고 안 먹는다메",
            "norm_text": "아니 너 건강 챙긴다고 안 먹는다메",
            "speaker": {
              "id": "2번",
              "sex": "여성",
              "age": "20대"
            },
            "speechAct": "(단언) 진술하기",
            "morpheme": "아니/IC+너/NP+건강/NNG+챙긴다고/VV+EC+안/MAG+먹/VV+는다/EC+메/VV+EC"
          },
          {
            "id": 3,
            "text": "3 : 그거 그냥 하는 말이야 왜 그걸 믿어",
            "norm_text": "그거 그냥 하는 말이야 왜 그걸 믿어",
            "speaker": {
              "id": "3번",
              "sex": "남성",
              "age": "20대"
            },
            "speechAct": "(단언) 주장하기",
            "morpheme": "그거/NP+그냥/MAG+하/VV+는/ETM+말/NNG+이/VCP+야/EF+왜/MAG+그걸/NP+JKO+믿/VV+어/EC"
          },
          {
            "id": 4,
            "text": "1 : 굽네에 고추 바사삭~ 피자~",
            "norm_text": "굽네에 고추 바사삭~ 피자~",
            "speaker": {
              "id": "1번",
              "sex": "여성",
              "age": "20대"
            },
            "speechAct": "(단언) 주장하기",
            "morpheme": "굽/NNG+네/XSN+에/JKB+고추/NNG+바사삭/MAG+~/SY+피자/NNG+~/SY"
          },
          {
            "id": 5,
            "text": "2 : 오 그거 맛있겠다",
            "norm_text": "오 그거 맛있겠다",
            "speaker": {
              "id": "2번",
              "sex": "여성",
              "age": "20대"
            },
            "speechAct": "(단언) 주장하기",
            "morpheme": "오/IC+그거/NP+맛있/VA+겠/EP+다/EC"
          },
          {
            "id": 6,
            "text": "2 : 키키 피자 좋지",
            "norm_text": "키키 피자 좋지",
            "speaker": {
              "id": "2번",
              "sex": "여성",
              "age": "20대"
            },
            "speechAct": "(단언) 주장하기",
            "morpheme": "키/NNG+키/NNG+피자/NNG+좋/VA+지/EC"
          },
          {
            "id": 7,
            "text": "3 : 굽네 피자도 많이 유명 하더라 키키",
            "norm_text": "굽네 피자도 많이 유명 하더라 키키",
            "speaker": {
              "id": "3번",
              "sex": "남성",
              "age": "20대"
            },
            "speechAct": "(단언) 주장하기",
            "morpheme": "굽/NNG+네/XSN+피자/NNG+도/JX+많이/MAG+유명/NNG+하/XSV+더라/EC+키/NNG+키/XSV+ETN"
          },
          {
            "id": 8,
            "text": "1 : 굽네 치킨에 피자도 같이 팔더라고?",
            "norm_text": "굽네 치킨에 피자도 같이 팔더라고?",
            "speaker": {
              "id": "1번",
              "sex": "여성",
              "age": "20대"
            },
            "speechAct": "(단언) 진술하기",
            "morpheme": "굽/NNG+네/XSN+치킨/NNG+에/JKB+피자/NNG+도/JX+같이/MAG+팔/VV+더라고/EF"
          },
          {
            "id": 9,
            "text": "2 : 응 그거 진짜 유명해 꼭 먹어 봐",
            "norm_text": "응 그거 진짜 유명해 꼭 먹어 봐",
            "speaker": {
              "id": "2번",
              "sex": "여성",
              "age": "20대"
            },
            "speechAct": "(지시) 충고/제안하기",
            "morpheme": "응/IC+그거/NP+진짜/MAG+유명/NNG+해/XSV+EC+꼭/MAG+먹/VV+어/EC+봐/VX+EC"
          },
          {
            "id": 10,
            "text": "3 : 나도 오늘 굽네 피자 먹어볼까 키키",
            "norm_text": "나도 오늘 굽네 피자 먹어볼까 키키",
            "speaker": {
              "id": "3번",
              "sex": "남성",
              "age": "20대"
            },
            "speechAct": "(단언) 주장하기",
            "morpheme": "나/NP+도/JX+오늘/MAG+굽/VV+네/EF+피자/NNG+먹/VV+어/EC+볼까/VX+EC+키/NNG+키/XSV+ETN"
          },
          {
            "id": 11,
            "text": "1 : 나 이번에 피자는 처음 먹어봐 키키",
            "norm_text": "나 이번에 피자는 처음 먹어봐 키키",
            "speaker": {
              "id": "1번",
              "sex": "여성",
              "age": "20대"
            },
            "speechAct": "(단언) 주장하기",
            "morpheme": "나/NP+이번/NNG+에/JKB+피자/NNG+는/JX+처음/MAG+먹/VV+어/EC+봐/VX+EF+키/NNG+키/XSV+ETN"
          },
          {
            "id": 12,
            "text": "2 : 응응 난 굽네 볼케이노 좋아 하는데",
            "norm_text": "응응 난 굽네 볼케이노 좋아 하는데",
            "speaker": {
              "id": "2번",
              "sex": "여성",
              "age": "20대"
            },
            "speechAct": "(단언) 주장하기",
            "morpheme": "응/IC+응/IC+난/NP+JX+굽/VV+네/EF+볼케이노/NNP+좋/VA+아/EC+하/VV+는데/EC"
          },
          {
            "id": 13,
            "text": "3 : 와 그거 매워서 어떻게 먹냐 키키",
            "norm_text": "와 그거 매워서 어떻게 먹냐 키키",
            "speaker": {
              "id": "3번",
              "sex": "남성",
              "age": "20대"
            },
            "speechAct": "(단언) 주장하기",
            "morpheme": "와/IC+그거/NP+매워서/VA+EC+어떻게/MAG+먹/VV+냐/EC+키/NNG+키/XSV+ETN"
          },
          {
            "id": 14,
            "text": "1 : 쉬림프 피자가 맛있다고 하더라",
            "norm_text": "쉬림프 피자가 맛있다고 하더라",
            "speaker": {
              "id": "1번",
              "sex": "여성",
              "age": "20대"
            },
            "speechAct": "(단언) 주장하기",
            "morpheme": "쉬/MAG+림프/NNG+피자/NNG+가/JKS+맛있/VA+다고/EC+하/VV+더라/EC"
          },
          {
            "id": 15,
            "text": "2 : 어어 본인 입맛에 맞춰서 시키면 돼",
            "norm_text": "어어 본인 입맛에 맞춰서 시키면 돼",
            "speaker": {
              "id": "2번",
              "sex": "여성",
              "age": "20대"
            },
            "speechAct": "(단언) 주장하기",
            "morpheme": "어/IC+어/IC+본인/NNG+입맛/NNG+에/JKB+맞춰서/VV+EC+시키/VV+면/EC+돼/VV+EC"
          },
          {
            "id": 16,
            "text": "3 : 그럼 나는 쉬림프 시켜서 먹어 볼게 키키",
            "norm_text": "그럼 나는 쉬림프 시켜서 먹어 볼게 키키",
            "speaker": {
              "id": "3번",
              "sex": "남성",
              "age": "20대"
            },
            "speechAct": "(언약) 약속하기(제3자와)/(개인적 수준)",
            "morpheme": "그럼/MAJ+나/NP+는/JX+쉬/MAG+림프/NNG+시켜서/XSV+EC+먹/VV+어/EC+볼/VX+ETM+게/NNB+JKS+키/NNG+키/XSV+ETN"
          },
          {
            "id": 17,
            "text": "1 : 나 다음에는 볼케이노 따라 먹어봐야지",
            "norm_text": "나 다음에는 볼케이노 따라 먹어봐야지",
            "speaker": {
              "id": "1번",
              "sex": "여성",
              "age": "20대"
            },
            "speechAct": "(언약) 약속하기(제3자와)/(개인적 수준)",
            "morpheme": "나/NP+다음/NNG+에/JKB+는/JX+볼케이노/NNP+따라/VV+EC+먹/VV+어/EC+봐야/VX+EC+VV+지/EC"
          },
          {
            "id": 18,
            "text": "2 : 응 그거 먹어 양념 하나 추가해서 밥 비벼 먹고 키키",
            "norm_text": "응 그거 먹어 양념 하나 추가해서 밥 비벼 먹고 키키",
            "speaker": {
              "id": "2번",
              "sex": "여성",
              "age": "20대"
            },
            "speechAct": "(지시) 충고/제안하기",
            "morpheme": "응/IC+그거/NP+먹/VV+어/EC+양념/NNG+하나/NR+추가/NNG+해서/XSV+EC+밥/NNG+비벼/VV+EC+먹/VV+고/EC+키/NNG+키/XSV+ETN"
          },
          {
            "id": 19,
            "text": "3 : 야 그거 못 먹어 매워 ㅠㅠ",
            "norm_text": "야 그거 못 먹어 매워 ㅠㅠ",
            "speaker": {
              "id": "3번",
              "sex": "남성",
              "age": "20대"
            },
            "speechAct": "(단언) 주장하기",
            "morpheme": "야/IC+그거/NP+못/MAG+먹/VV+어/EC+매워/VV+EC+ㅠㅠ/UNKNOWN"
          }
        ]
      }
    }
  ]
}