{
  "dataset": {
    "identifier": 16617,
    "name": "NATEON_21_05_set",
    "src_path": "/data/file/cubeManager/PROJECT001/7/txt202108261819250116100/NATEON_21_05_set/",
    "label_path": "/data/file/cubeManager/PROJECT001/7/txt202108261819250116100/NATEON_21_05_set/",
    "category": 2,
    "type": 0
  },
  "licenses": {
    "name": "Apache License 1.0",
    "url": "http://www.apache.org/licenses/LICENSE-1.0"
  },
  "info": [
    {
      "id": 784,
      "filename": "NATEON_21_05.txt",
      "title": "NATEON_21_05",
      "mediatype": "메신저",
      "medianame": "네이트온",
      "category": "일상대화",
      "date": "2021-08-26",
      "size": 920,
      "annotations": {
        "subject": "군대",
        "speaker_type": "1:1",
        "size": 920,
        "word_size": 288,
        "text": "1 : 군대에 다녀오셨나요?\n2 : 네 군대에 다녀왔습니다\n2 : 군대에 다녀오셨나요?\n1 : 네, 저도 군대에 다녀왔습니다!\n1 : 언제 다녀오셨어요?\n2 : 저는 2015년 8월 11일에 전역했습니다.\n2 : 생일날 전역을 해서 신기했어요 키키\n2 : 언제 다녀오셨어요?\n1 : 오. 제가 더 빨리 다녀왔네요!\n1 : 저는 11년 5월에 전역했어요.\n1 : 군대에 늦게 가신 이유가 있으세요?\n2 : 아 그때 몸이 좀 안 좋아서 군대 갔다가 재검을 받았어요.\n1 : 아 그렇군요.\n1 : 늦게 가서 불편한 점은 없었나요?\n2 : 오히려 늦게 간 게 더 좋은 거 같았어요\n2 : 제 나이부터 딱 나이 대우를 해주더라고요 키키\n2 : 그래서 편했어요!\n1 : 맞아요, 갈 거면 늦게 가라는 말도 있잖아요 ㅎ\n1 : 군대에서 운동 같은 거도 많이 하셨나요?\n2 : 저는 군대에서 거의 다이어트 위주로 운동을 한 거 같아요\n2 : 탁구나 줄넘기나 헬스도 좀 하려고 했는데 미루다가 아무것도 못했네요\n2 : 군대에서 운동 좀 하셨나요?\n1 : 저는 틈틈이 했던 거 같아요.\n1 : 많은 운동 중에서도 특히 족구를 많이 했어요.\n1 : 족구 좋아하시나요?\n2 : 네 족구 너무 좋아해요\n2 : 저도 거의 주말이랑 일과 끝나고 족구를 많이 한 거 같아요\n2 : 족구 하실 때 포지션이 어디이신가요?\n1 : 저는 수비를 더 잘했지만 공격이 더 재미있어 나중에 짬이 됐을 때 계속 공격만 했어요.\n1 : 포지션이 어떻게 되세요?\n2 : 저는 토스를 주로 했어요\n2 : 공격이 재밌긴 한데 지는 게 싫어서 토스를 주로 한 거 같아요 키키\n2 : 공격은 잘 안 되더라고요...\n1 : 오 저랑 같이 하시면 최고의 팀이 될 수 있겠네요 키키\n1 : 훈련 중에 가장 힘들었던 훈련이 어떤 건가요?\n2 : 저는 방독면 쓰고 했던 훈련이 너무 힘들었어요\n2 : 완전 6월쯤에 한 거 같은데 강원도 그때 완전 덥잖아요. 죽을 뻔...",
        "lines": [
          {
            "id": 1,
            "text": "1 : 군대에 다녀오셨나요?",
            "norm_text": "군대에 다녀오셨나요?",
            "speaker": {
              "id": "1번",
              "sex": "남성",
              "age": "30대"
            },
            "speechAct": "(지시) 질문하기",
            "morpheme": "군대/NNG+에/JKB+다녀오/VV+셨/EP+EP+나요/EF"
          },
          {
            "id": 2,
            "text": "2 : 네 군대에 다녀왔습니다",
            "norm_text": "네 군대에 다녀왔습니다",
            "speaker": {
              "id": "2번",
              "sex": "남성",
              "age": "30대"
            },
            "speechAct": "(단언) 진술하기",
            "morpheme": "네/IC+군대/NNG+에/JKB+다녀왔/VV+EP+습니다/EF"
          },
          {
            "id": 3,
            "text": "2 : 군대에 다녀오셨나요?",
            "norm_text": "군대에 다녀오셨나요?",
            "speaker": {
              "id": "2번",
              "sex": "남성",
              "age": "30대"
            },
            "speechAct": "(지시) 질문하기",
            "morpheme": "군대/NNG+에/JKB+다녀오/VV+셨/EP+EP+나요/EF"
          },
          {
            "id": 4,
            "text": "1 : 네, 저도 군대에 다녀왔습니다!",
            "norm_text": "네, 저도 군대에 다녀왔습니다!",
            "speaker": {
              "id": "1번",
              "sex": "남성",
              "age": "30대"
            },
            "speechAct": "(단언) 진술하기",
            "morpheme": "네/IC+,/SC+저/NP+도/JX+군대/NNG+에/JKB+다녀왔/VV+EP+습니다/EF"
          },
          {
            "id": 5,
            "text": "1 : 언제 다녀오셨어요?",
            "norm_text": "언제 다녀오셨어요?",
            "speaker": {
              "id": "1번",
              "sex": "남성",
              "age": "30대"
            },
            "speechAct": "(지시) 질문하기",
            "morpheme": "언제/MAG+다녀오/VV+셨/EP+EP+어요/EF"
          },
          {
            "id": 6,
            "text": "2 : 저는 2015년 8월 11일에 전역했습니다.",
            "norm_text": "저는 2015년 8월 11일에 전역했습니다.",
            "speaker": {
              "id": "2번",
              "sex": "남성",
              "age": "30대"
            },
            "speechAct": "(단언) 진술하기",
            "morpheme": "저/NP+는/JX+2015/SN+년/NNBC+8/SN+월/NNBC+11/SN+일/NNBC+에/JKB+전역/NNG+했/XSV+EP+습니다/EF"
          },
          {
            "id": 7,
            "text": "2 : 생일날 전역을 해서 신기했어요 키키",
            "norm_text": "생일날 전역을 해서 신기했어요 키키",
            "speaker": {
              "id": "2번",
              "sex": "남성",
              "age": "30대"
            },
            "speechAct": "(단언) 주장하기",
            "morpheme": "생일날/NNG+전역/NNG+을/JKO+해서/VV+EC+신기/XR+했/XSA+EP+어요/EF+키/NNG+키/XSV+ETN"
          },
          {
            "id": 8,
            "text": "2 : 언제 다녀오셨어요?",
            "norm_text": "언제 다녀오셨어요?",
            "speaker": {
              "id": "2번",
              "sex": "남성",
              "age": "30대"
            },
            "speechAct": "(지시) 질문하기",
            "morpheme": "언제/MAG+다녀오/VV+셨/EP+EP+어요/EF"
          },
          {
            "id": 9,
            "text": "1 : 오. 제가 더 빨리 다녀왔네요!",
            "norm_text": "오. 제가 더 빨리 다녀왔네요!",
            "speaker": {
              "id": "1번",
              "sex": "남성",
              "age": "30대"
            },
            "speechAct": "(단언) 주장하기",
            "morpheme": "오/IC+제/NP+가/JKS+더/MAG+빨리/MAG+다녀왔/VV+EP+네요/EF"
          },
          {
            "id": 10,
            "text": "1 : 저는 11년 5월에 전역했어요.",
            "norm_text": "저는 11년 5월에 전역했어요.",
            "speaker": {
              "id": "1번",
              "sex": "남성",
              "age": "30대"
            },
            "speechAct": "(단언) 진술하기",
            "morpheme": "저/NP+는/JX+11/SN+년/NNBC+5/SN+월/NNBC+에/JKB+전역/NNG+했/XSV+EP+어요/EF"
          },
          {
            "id": 11,
            "text": "1 : 군대에 늦게 가신 이유가 있으세요?",
            "norm_text": "군대에 늦게 가신 이유가 있으세요?",
            "speaker": {
              "id": "1번",
              "sex": "남성",
              "age": "30대"
            },
            "speechAct": "(지시) 질문하기",
            "morpheme": "군대/NNG+에/JKB+늦/VA+게/EC+가신/VV+ETM+이유/NNG+가/JKS+있/VA+으세요/EF"
          },
          {
            "id": 12,
            "text": "2 : 아 그때 몸이 좀 안 좋아서 군대 갔다가 재검을 받았어요.",
            "norm_text": "아 그때 몸이 좀 안 좋아서 군대 갔다가 재검을 받았어요.",
            "speaker": {
              "id": "2번",
              "sex": "남성",
              "age": "30대"
            },
            "speechAct": "(단언) 진술하기",
            "morpheme": "아/IC+그때/NNG+몸/NNG+이/JKS+좀/MAG+안/MAG+좋/VA+아서/EC+군대/NNG+갔/VV+EP+다가/EC+재/XPN+검/NNG+을/JKO+받/VV+았/EP+어요/EF"
          },
          {
            "id": 13,
            "text": "1 : 아 그렇군요.",
            "norm_text": "아 그렇군요.",
            "speaker": {
              "id": "1번",
              "sex": "남성",
              "age": "30대"
            },
            "speechAct": "(표현) 긍정감정 표현하기",
            "morpheme": "아/IC+그렇/VA+군요/EF"
          },
          {
            "id": 14,
            "text": "1 : 늦게 가서 불편한 점은 없었나요?",
            "norm_text": "늦게 가서 불편한 점은 없었나요?",
            "speaker": {
              "id": "1번",
              "sex": "남성",
              "age": "30대"
            },
            "speechAct": "(지시) 질문하기",
            "morpheme": "늦/VA+게/EC+가/VX+서/EC+불편/NNG+한/XSA+ETM+점/NNG+은/JX+없/VA+었/EP+나요/EF"
          },
          {
            "id": 15,
            "text": "2 : 오히려 늦게 간 게 더 좋은 거 같았어요",
            "norm_text": "오히려 늦게 간 게 더 좋은 거 같았어요",
            "speaker": {
              "id": "2번",
              "sex": "남성",
              "age": "30대"
            },
            "speechAct": "(단언) 진술하기",
            "morpheme": "오히려/MAJ+늦/VA+게/EC+간/VV+ETM+게/NNB+JKS+더/MAG+좋/VA+은/ETM+거/NNB+같/VA+았/EP+어요/EF"
          },
          {
            "id": 16,
            "text": "2 : 제 나이부터 딱 나이 대우를 해주더라고요 키키",
            "norm_text": "제 나이부터 딱 나이 대우를 해주더라고요 키키",
            "speaker": {
              "id": "2번",
              "sex": "남성",
              "age": "30대"
            },
            "speechAct": "(단언) 진술하기",
            "morpheme": "제/NP+JKG+나이/NNG+부터/JX+딱/MAG+나이/NNG+대우/NNG+를/JKO+해/VV+EC+주/VX+더라고요/EC+키/NNG+키/XSV+ETN"
          },
          {
            "id": 17,
            "text": "2 : 그래서 편했어요!",
            "norm_text": "그래서 편했어요!",
            "speaker": {
              "id": "2번",
              "sex": "남성",
              "age": "30대"
            },
            "speechAct": "(단언) 주장하기",
            "morpheme": "그래서/MAJ+편했/VA+EP+어요/EF"
          },
          {
            "id": 18,
            "text": "1 : 맞아요, 갈 거면 늦게 가라는 말도 있잖아요 ㅎ",
            "norm_text": "맞아요, 갈 거면 늦게 가라는 말도 있잖아요 ㅎ",
            "speaker": {
              "id": "1번",
              "sex": "남성",
              "age": "30대"
            },
            "speechAct": "(단언) 진술하기",
            "morpheme": "맞/VV+아요/EF+,/SC+갈/VV+ETM+거/NNB+면/VCP+EC+늦/VA+게/EC+가/VX+라는/ETM+말/NNG+도/JX+있/VA+잖아요/EF+ㅎ/XSA"
          },
          {
            "id": 19,
            "text": "1 : 군대에서 운동 같은 거도 많이 하셨나요?",
            "norm_text": "군대에서 운동 같은 거도 많이 하셨나요?",
            "speaker": {
              "id": "1번",
              "sex": "남성",
              "age": "30대"
            },
            "speechAct": "(지시) 질문하기",
            "morpheme": "군대/NNG+에서/JKB+운동/NNG+같/VA+은/ETM+거/NNB+도/JX+많이/MAG+하/VV+셨/EP+EP+나요/EF"
          },
          {
            "id": 20,
            "text": "2 : 저는 군대에서 거의 다이어트 위주로 운동을 한 거 같아요",
            "norm_text": "저는 군대에서 거의 다이어트 위주로 운동을 한 거 같아요",
            "speaker": {
              "id": "2번",
              "sex": "남성",
              "age": "30대"
            },
            "speechAct": "(단언) 진술하기",
            "morpheme": "저/NP+는/JX+군대/NNG+에서/JKB+거의/MAG+다이어트/NNG+위주/NNG+로/JKB+운동/NNG+을/JKO+한/VV+ETM+거/NNB+같/VA+아요/EC"
          },
          {
            "id": 21,
            "text": "2 : 탁구나 줄넘기나 헬스도 좀 하려고 했는데 미루다가 아무것도 못했네요",
            "norm_text": "탁구나 줄넘기나 헬스도 좀 하려고 했는데 미루다가 아무것도 못했네요",
            "speaker": {
              "id": "2번",
              "sex": "남성",
              "age": "30대"
            },
            "speechAct": "(단언) 진술하기",
            "morpheme": "탁구/NNG+나/JC+줄넘기/NNG+나/JC+헬스/NNG+도/JX+좀/MAG+하/VV+려고/EC+했/VX+EP+는데/EC+미루/VV+다가/EC+아무것/NP+도/JX+못/MAG+했/VV+EP+네요/EC"
          },
          {
            "id": 22,
            "text": "2 : 군대에서 운동 좀 하셨나요?",
            "norm_text": "군대에서 운동 좀 하셨나요?",
            "speaker": {
              "id": "2번",
              "sex": "남성",
              "age": "30대"
            },
            "speechAct": "(지시) 질문하기",
            "morpheme": "군대/NNG+에서/JKB+운동/NNG+좀/MAG+하/VV+셨/EP+EP+나요/EF"
          },
          {
            "id": 23,
            "text": "1 : 저는 틈틈이 했던 거 같아요.",
            "norm_text": "저는 틈틈이 했던 거 같아요.",
            "speaker": {
              "id": "1번",
              "sex": "남성",
              "age": "30대"
            },
            "speechAct": "(단언) 진술하기",
            "morpheme": "저/NP+는/JX+틈틈이/MAG+했/VV+EP+던/ETM+거/NNB+같/VA+아요/EF"
          },
          {
            "id": 24,
            "text": "1 : 많은 운동 중에서도 특히 족구를 많이 했어요.",
            "norm_text": "많은 운동 중에서도 특히 족구를 많이 했어요.",
            "speaker": {
              "id": "1번",
              "sex": "남성",
              "age": "30대"
            },
            "speechAct": "(단언) 진술하기",
            "morpheme": "많/VA+은/ETM+운동/NNG+중/NNB+에서/JKB+도/JX+특히/MAG+족구/NNG+를/JKO+많이/MAG+했/VV+EP+어요/EF"
          },
          {
            "id": 25,
            "text": "1 : 족구 좋아하시나요?",
            "norm_text": "족구 좋아하시나요?",
            "speaker": {
              "id": "1번",
              "sex": "남성",
              "age": "30대"
            },
            "speechAct": "(지시) 질문하기",
            "morpheme": "족구/NNG+좋/VA+아/EC+하/VX+시/EP+나요/EF"
          },
          {
            "id": 26,
            "text": "2 : 네 족구 너무 좋아해요",
            "norm_text": "네 족구 너무 좋아해요",
            "speaker": {
              "id": "2번",
              "sex": "남성",
              "age": "30대"
            },
            "speechAct": "(단언) 주장하기",
            "morpheme": "네/IC+족구/NNG+너무/MAG+좋/VA+아/EC+해요/VX+EC"
          },
          {
            "id": 27,
            "text": "2 : 저도 거의 주말이랑 일과 끝나고 족구를 많이 한 거 같아요",
            "norm_text": "저도 거의 주말이랑 일과 끝나고 족구를 많이 한 거 같아요",
            "speaker": {
              "id": "2번",
              "sex": "남성",
              "age": "30대"
            },
            "speechAct": "(단언) 진술하기",
            "morpheme": "저/NP+도/JX+거의/MAG+주말/NNG+이랑/JKB+일/NNG+과/JC+끝/NNG+나/VV+고/EC+족구/NNG+를/JKO+많이/MAG+한/XSA+ETM+거/NNB+같/VA+아요/EC"
          },
          {
            "id": 28,
            "text": "2 : 족구 하실 때 포지션이 어디이신가요?",
            "norm_text": "족구 하실 때 포지션이 어디이신가요?",
            "speaker": {
              "id": "2번",
              "sex": "남성",
              "age": "30대"
            },
            "speechAct": "(지시) 질문하기",
            "morpheme": "족구/NNG+하/XSV+실/EP+ETM+때/NNG+포지션/NNG+이/JKS+어디/NP+이/VCP+신가요/EP+EF"
          },
          {
            "id": 29,
            "text": "1 : 저는 수비를 더 잘했지만 공격이 더 재미있어 나중에 짬이 됐을 때 계속 공격만 했어요.",
            "norm_text": "저는 수비를 더 잘했지만 공격이 더 재미있어 나중에 짬이 됐을 때 계속 공격만 했어요.",
            "speaker": {
              "id": "1번",
              "sex": "남성",
              "age": "30대"
            },
            "speechAct": "(단언) 주장하기",
            "morpheme": "저/NP+는/JX+수비/NNG+를/JKO+더/MAG+잘/MAG+했/VV+EP+지만/EC+공격/NNG+이/JKS+더/MAG+재미있/VA+어/EC+나중/NNG+에/JKB+짬/NNG+이/JKS+됐/VV+EP+을/ETM+때/NNG+계속/MAG+공격/NNG+만/JX+했/VV+EP+어요/EF"
          },
          {
            "id": 30,
            "text": "1 : 포지션이 어떻게 되세요?",
            "norm_text": "포지션이 어떻게 되세요?",
            "speaker": {
              "id": "1번",
              "sex": "남성",
              "age": "30대"
            },
            "speechAct": "(지시) 질문하기",
            "morpheme": "포지션/NNG+이/JKS+어떻게/MAG+되/VV+세요/EP+EF"
          },
          {
            "id": 31,
            "text": "2 : 저는 토스를 주로 했어요",
            "norm_text": "저는 토스를 주로 했어요",
            "speaker": {
              "id": "2번",
              "sex": "남성",
              "age": "30대"
            },
            "speechAct": "(단언) 진술하기",
            "morpheme": "저/NP+는/JX+토스/NNG+를/JKO+주로/MAG+했/VV+EP+어요/EF"
          },
          {
            "id": 32,
            "text": "2 : 공격이 재밌긴 한데 지는 게 싫어서 토스를 주로 한 거 같아요 키키",
            "norm_text": "공격이 재밌긴 한데 지는 게 싫어서 토스를 주로 한 거 같아요 키키",
            "speaker": {
              "id": "2번",
              "sex": "남성",
              "age": "30대"
            },
            "speechAct": "(단언) 진술하기",
            "morpheme": "공격/NNG+이/JKS+재밌/VA+긴/ETN+JX+한데/VX+EC+지/VX+는/ETM+게/NNB+JKS+싫/VA+어서/EC+토스/NNG+를/JKO+주로/MAG+한/XSA+ETM+거/NNB+같/VA+아요/EF+키/NNG+키/XSV+ETN"
          },
          {
            "id": 33,
            "text": "2 : 공격은 잘 안 되더라고요...",
            "norm_text": "공격은 잘 안 되더라고요...",
            "speaker": {
              "id": "2번",
              "sex": "남성",
              "age": "30대"
            },
            "speechAct": "(단언) 주장하기",
            "morpheme": "공격/NNG+은/JX+잘/MAG+안/MAG+되/VV+더라고요/EF+./SY"
          },
          {
            "id": 34,
            "text": "1 : 오 저랑 같이 하시면 최고의 팀이 될 수 있겠네요 키키",
            "norm_text": "오 저랑 같이 하시면 최고의 팀이 될 수 있겠네요 키키",
            "speaker": {
              "id": "1번",
              "sex": "남성",
              "age": "30대"
            },
            "speechAct": "(단언) 주장하기",
            "morpheme": "오저/NNG+랑/JKB+같이/MAG+하/VV+시/EP+면/EC+최고/NNG+의/JKG+팀/NNG+이/JKS+될/VV+ETM+수/NNB+있/VV+겠/EP+네요/EF+키/NNG+키/XSV+ETN"
          },
          {
            "id": 35,
            "text": "1 : 훈련 중에 가장 힘들었던 훈련이 어떤 건가요?",
            "norm_text": "훈련 중에 가장 힘들었던 훈련이 어떤 건가요?",
            "speaker": {
              "id": "1번",
              "sex": "남성",
              "age": "30대"
            },
            "speechAct": "(지시) 질문하기",
            "morpheme": "훈련/NNG+중/NNB+에/JKB+가장/MAG+힘들/VA+었/EP+던/ETM+훈련/NNG+이/JKS+어떤/MM+건가요/NNB+VCP+EF"
          },
          {
            "id": 36,
            "text": "2 : 저는 방독면 쓰고 했던 훈련이 너무 힘들었어요",
            "norm_text": "저는 방독면 쓰고 했던 훈련이 너무 힘들었어요",
            "speaker": {
              "id": "2번",
              "sex": "남성",
              "age": "30대"
            },
            "speechAct": "(단언) 진술하기",
            "morpheme": "저/NP+는/JX+방독면/NNG+쓰/VV+고/EC+했/VX+EP+던/ETM+훈련/NNG+이/JKS+너무/MAG+힘들/VA+었/EP+어요/EF"
          },
          {
            "id": 37,
            "text": "2 : 완전 6월쯤에 한 거 같은데 강원도 그때 완전 덥잖아요. 죽을 뻔...",
            "norm_text": "완전 6월쯤에 한 거 같은데 강원도 그때 완전 덥잖아요. 죽을 뻔...",
            "speaker": {
              "id": "2번",
              "sex": "남성",
              "age": "30대"
            },
            "speechAct": "(단언) 진술하기",
            "morpheme": "완전/NNG+6/SN+월/NNBC+쯤/XSN+에/JKB+한/VV+ETM+거/NNB+같/VA+은데/EC+강원도/NNP+그때/NNG+완전/NNG+덥/VA+잖아요/EF+죽/VV+을/ETM+뻔/NNB+./SY"
          }
        ]
      }
    }
  ]
}