{
  "dataset": {
    "identifier": 515,
    "name": "NATEON_23_07_set",
    "src_path": "/data/file/cubeManager/PROJECT001/7/txt20210826182121059683/NATEON_23_07_set/",
    "label_path": "/data/file/cubeManager/PROJECT001/7/txt20210826182121059683/NATEON_23_07_set/",
    "category": 2,
    "type": 0
  },
  "licenses": {
    "name": "Apache License 1.0",
    "url": "http://www.apache.org/licenses/LICENSE-1.0"
  },
  "info": [
    {
      "id": 806,
      "filename": "NATEON_23_07.txt",
      "title": "NATEON_23_07",
      "mediatype": "메신저",
      "medianame": "네이트온",
      "category": "일상대화",
      "date": "2021-08-26",
      "size": 878,
      "annotations": {
        "subject": "가족",
        "speaker_type": "1:1",
        "size": 878,
        "word_size": 272,
        "text": "1 : 부모님 두 분 나이차는 얼마나 나세요?\n2 : 한살 차이세요!\n2 : 아빠가 빠른이라고 주장하시는데 엄마가 쓸데 없는 소리 하지말래요\n1 : 아 키키\n1 : 저희집도 한살차이세요!\n1 : 오빠 있으시다고 들었는데 언니 있는 친구들 부럽기도 해요?\n2 : 저는 언니 보다 오빠가 더 좋은 것 같아요!\n2 : 근데 사실 오빠나 언니나 뭐 사이 좋으면 좋고 안 좋으면 안 좋은 건 매 한 가지 인것 같더라고요? 키키\n2 : 저는 사이가 좋은 편이라 하하\n1 : 오 부러워요!\n1 : 저는 형제가 없어서  TV에서만 보는 형제의 모습을 알 수 있어요 키키\n1 : TV에서  보면  어렸을 때  막 TV 채널 내가 가지려고  리모컨으로  싸우던데 실제로도  그런 일이 있나요?\n2 : 어휴 그냥 말만 하다가도 엄청 싸워요 키키\n2 : 사실 둘다 어른 돼서 사이 좋은 거지 어렸을 때 엄청 싸웠어요\n1 : 아 키키 TV가 실제였네요!\n1 : 부모님과 코로나전에는 자주 여행다니셨어요?\n2 : 네\n2 : 오빠는 바쁘다고 같이 안가고  부모님과 저랑 셋이서 많이  놀러 다녔어요 키키\n2 : 쌤은요?\n1 : 저희는 초등학교때 이후로 가본적이 없어요...\n1 : 하하 시골이 광천이랑 남해쪽이라 추석 설날에 가는걸로 여행이라고 느끼게 되는 것 같아요!\n1 : 오빠분이랑 나이는 얼마나 차이나세요?\n2 : 오빠랑은 3살 차이나요!\n2 : 94년생인데 제가 개띠랑 잘 안맞더라고요^^\n1 : 아 키키\n1 : 가족끼리 식사는 다 같이 하시는 편이신가요?\n2 : 네\n2 : 되도록 이면 저녁은 다 같이 먹으려고 해요!\n1 : 아버지 어머니 맞벌이세요?\n2 : 아니요!\n2: 아버지만 일하시고 어머니는 가정부세요!\n1 : 다른 가족분들 고모 이모 분들도 자주 만나시는 편이세요?\n2 : 요즘 코로나라 다들 안 본지 엄청 오래 되었어요 ㅠㅠ 하하",
        "lines": [
          {
            "id": 1,
            "text": "1 : 부모님 두 분 나이차는 얼마나 나세요?",
            "norm_text": "부모님 두 분 나이차는 얼마나 나세요?",
            "speaker": {
              "id": "1번",
              "sex": "여성",
              "age": "20대"
            },
            "speechAct": "(지시) 질문하기",
            "morpheme": "부모/NNG+님/XSN+두/JX+분나/NNG+이/NR+차/NNBC+는/JX+얼마나/MAG+나/VV+세요/EP+EF"
          },
          {
            "id": 2,
            "text": "2 : 한살 차이세요!",
            "norm_text": "한살 차이세요!",
            "speaker": {
              "id": "2번",
              "sex": "여성",
              "age": "20대"
            },
            "speechAct": "(단언) 진술하기",
            "morpheme": "한/MM+살/NNBC+차이/VV+세요/EP+EF"
          },
          {
            "id": 3,
            "text": "2 : 아빠가 빠른이라고 주장하시는데 엄마가 쓸데 없는 소리 하지말래요",
            "norm_text": "아빠가 빠른이라고 주장하시는데 엄마가 쓸데 없는 소리 하지말래요",
            "speaker": {
              "id": "2번",
              "sex": "여성",
              "age": "20대"
            },
            "speechAct": "(단언) 주장하기",
            "morpheme": "아빠/NNG+가/JKS+빠른/VA+ETM+이라고/JKQ+주장/NNG+하/XSV+시/EP+는데/EC+엄마/NNG+가/JKS+쓸데없/VA+는/ETM+소리/NNG+하/XSV+지/EC+말/VX+래요/EC"
          },
          {
            "id": 4,
            "text": "1 : 아 키키",
            "norm_text": "아 키키",
            "speaker": {
              "id": "1번",
              "sex": "여성",
              "age": "20대"
            },
            "speechAct": "(단언) 주장하기",
            "morpheme": "아키/NNP+키/NNG"
          },
          {
            "id": 5,
            "text": "1 : 저희집도 한살차이세요!",
            "norm_text": "저희집도 한살차이세요!",
            "speaker": {
              "id": "1번",
              "sex": "여성",
              "age": "20대"
            },
            "speechAct": "(단언) 진술하기",
            "morpheme": "저희/NP+집/NNG+도/JX+한/MM+살/NNBC+차이/VV+세요/EP+EF"
          },
          {
            "id": 6,
            "text": "1 : 오빠 있으시다고 들었는데 언니 있는 친구들 부럽기도 해요?",
            "norm_text": "오빠 있으시다고 들었는데 언니 있는 친구들 부럽기도 해요?",
            "speaker": {
              "id": "1번",
              "sex": "여성",
              "age": "20대"
            },
            "speechAct": "(지시) 질문하기",
            "morpheme": "오빠/NNG+있/VV+으시/EP+다고/EC+들/VX+었/EP+는데/EC+언니/NNG+있/VA+는/ETM+친구/NNG+들/XSN+부럽/VA+기/ETN+도/JX+해요/VV+EF"
          },
          {
            "id": 7,
            "text": "2 : 저는 언니 보다 오빠가 더 좋은 것 같아요!",
            "norm_text": "저는 언니 보다 오빠가 더 좋은 것 같아요!",
            "speaker": {
              "id": "2번",
              "sex": "여성",
              "age": "20대"
            },
            "speechAct": "N/A",
            "morpheme": "저/NP+는/JX+언니/NNG+보다/JKB+오빠/NNG+가/JKS+더/MAG+좋/VA+은/ETM+것/NNB+같/VA+아요/EF"
          },
          {
            "id": 8,
            "text": "2 : 근데 사실 오빠나 언니나 뭐 사이 좋으면 좋고 안 좋으면 안 좋은 건 매 한 가지 인것 같더라고요? 키키",
            "norm_text": "근데 사실 오빠나 언니나 뭐 사이 좋으면 좋고 안 좋으면 안 좋은 건 매 한 가지 인것 같더라고요? 키키",
            "speaker": {
              "id": "2번",
              "sex": "여성",
              "age": "20대"
            },
            "speechAct": "(단언) 주장하기",
            "morpheme": "근데/MAJ+사실/MAG+오빠/NNG+나/JC+언니/NNG+나/JC+뭐/IC+사이/NNG+좋/VA+으면/EC+좋/VA+고/EC+안/MAG+좋/VA+으면/EC+안/MAG+좋/VA+은/ETM+건/NNB+JX+매한가지/NNG+인/VCP+ETM+것/NNB+같/VA+더라고요/EF+키/NNG+키/XSV+ETN"
          },
          {
            "id": 9,
            "text": "2 : 저는 사이가 좋은 편이라 하하",
            "norm_text": "저는 사이가 좋은 편이라 하하",
            "speaker": {
              "id": "2번",
              "sex": "여성",
              "age": "20대"
            },
            "speechAct": "(단언) 주장하기",
            "morpheme": "저/NP+는/JX+사이/NNG+가/JKS+좋/VA+은/ETM+편/NNB+이/VCP+라/EC+하하/MAG"
          },
          {
            "id": 10,
            "text": "1 : 오 부러워요!",
            "norm_text": "오 부러워요!",
            "speaker": {
              "id": "1번",
              "sex": "여성",
              "age": "20대"
            },
            "speechAct": "(표현) 긍정감정 표현하기",
            "morpheme": "오/NR+부러워요/VA+EF"
          },
          {
            "id": 11,
            "text": "1 : 저는 형제가 없어서  TV에서만 보는 형제의 모습을 알 수 있어요 키키",
            "norm_text": "저는 형제가 없어서  TV에서만 보는 형제의 모습을 알 수 있어요 키키",
            "speaker": {
              "id": "1번",
              "sex": "여성",
              "age": "20대"
            },
            "speechAct": "(단언) 주장하기",
            "morpheme": "저/NP+는/JX+형제/NNG+가/JKS+없/VA+어서/EC+TV/SL+에서/JKB+만/JX+보/VV+는/ETM+형제/NNG+의/JKG+모습/NNG+을/JKO+알/VV+ETM+수/NNB+있/VV+어/EC+요키/NNP+키/NNG"
          },
          {
            "id": 12,
            "text": "1 : TV에서  보면  어렸을 때  막 TV 채널 내가 가지려고  리모컨으로  싸우던데 실제로도  그런 일이 있나요?",
            "norm_text": "TV에서  보면  어렸을 때  막 TV 채널 내가 가지려고  리모컨으로  싸우던데 실제로도  그런 일이 있나요?",
            "speaker": {
              "id": "1번",
              "sex": "여성",
              "age": "20대"
            },
            "speechAct": "(지시) 질문하기",
            "morpheme": "TV/SL+에서/JKB+보/VV+면/EC+어렸/VA+EP+을/ETM+때/NNG+막/NNG+TV/SL+채널/NNG+내/NP+가/JKS+가지/VV+려고/EC+리모컨/NNG+으로/JKB+싸우/VV+던데/EC+실제로/MAG+도/JX+그런/MM+일/NNG+이/JKS+있/VA+나요/EF"
          },
          {
            "id": 13,
            "text": "2 : 어휴 그냥 말만 하다가도 엄청 싸워요 키키",
            "norm_text": "어휴 그냥 말만 하다가도 엄청 싸워요 키키",
            "speaker": {
              "id": "2번",
              "sex": "여성",
              "age": "20대"
            },
            "speechAct": "(단언) 주장하기",
            "morpheme": "어휴/IC+그냥/MAG+말/NNG+만/JX+하/VV+다가/EC+도/JX+엄청/MAG+싸워/VV+EC+요키/NNP+키/NNG"
          },
          {
            "id": 14,
            "text": "2 : 사실 둘다 어른 돼서 사이 좋은 거지 어렸을 때 엄청 싸웠어요",
            "norm_text": "사실 둘다 어른 돼서 사이 좋은 거지 어렸을 때 엄청 싸웠어요",
            "speaker": {
              "id": "2번",
              "sex": "여성",
              "age": "20대"
            },
            "speechAct": "(단언) 진술하기",
            "morpheme": "사실/MAG+둘/NR+다/MAG+어른/NNG+돼서/XSV+EC+사이/NNG+좋/VA+은/ETM+거/NNB+지/VCP+EF+어렸/VA+EP+을/ETM+때/NNG+엄청/MAG+싸웠/VV+EP+어요/EF"
          },
          {
            "id": 15,
            "text": "1 : 아 키키 TV가 실제였네요!",
            "norm_text": "아 키키 TV가 실제였네요!",
            "speaker": {
              "id": "1번",
              "sex": "여성",
              "age": "20대"
            },
            "speechAct": "(단언) 주장하기",
            "morpheme": "아키/NNP+키/NNG+TV/SL+가/JKS+실제/NNG+였/VCP+EP+네요/EF"
          },
          {
            "id": 16,
            "text": "1 : 부모님과 코로나전에는 자주 여행다니셨어요?",
            "norm_text": "부모님과 코로나전에는 자주 여행다니셨어요?",
            "speaker": {
              "id": "1번",
              "sex": "여성",
              "age": "20대"
            },
            "speechAct": "(지시) 질문하기",
            "morpheme": "부모/NNG+님/XSN+과/JC+코/NNG+로/JKB+나전/NNG+에/JKB+는/JX+자주/MAG+여행/NNG+다니/VV+셨/EP+EP+어요/EF"
          },
          {
            "id": 17,
            "text": "2 : 네",
            "norm_text": "네",
            "speaker": {
              "id": "2번",
              "sex": "여성",
              "age": "20대"
            },
            "speechAct": "(단언) 주장하기",
            "morpheme": "네/IC"
          },
          {
            "id": 18,
            "text": "2 : 오빠는 바쁘다고 같이 안가고  부모님과 저랑 셋이서 많이  놀러 다녔어요 키키",
            "norm_text": "오빠는 바쁘다고 같이 안가고  부모님과 저랑 셋이서 많이  놀러 다녔어요 키키",
            "speaker": {
              "id": "2번",
              "sex": "여성",
              "age": "20대"
            },
            "speechAct": "(단언) 진술하기",
            "morpheme": "오빠/NNG+는/JX+바쁘/VA+다고/EC+같이/MAG+안/MAG+가/VV+고/EC+부모/NNG+님/XSN+과/JC+저/NP+랑/JC+셋/NR+이/XSN+서/JKS+많이/MAG+놀/VV+러/EC+다녔/VV+EP+어요/EF+키/NNG+키/XSV+ETN"
          },
          {
            "id": 19,
            "text": "2 : 쌤은요?",
            "norm_text": "쌤은요?",
            "speaker": {
              "id": "2번",
              "sex": "여성",
              "age": "20대"
            },
            "speechAct": "(지시) 질문하기",
            "morpheme": "쌤/NNG+은/JX+요/JX"
          },
          {
            "id": 20,
            "text": "1 : 저희는 초등학교때 이후로 가본적이 없어요...",
            "norm_text": "저희는 초등학교때 이후로 가본적이 없어요...",
            "speaker": {
              "id": "1번",
              "sex": "여성",
              "age": "20대"
            },
            "speechAct": "(단언) 진술하기",
            "morpheme": "저희/NP+는/JX+초등/NNG+학교/NNG+때/NNG+이후/NNG+로/JKB+가본적/NNG+이/JKS+없/VA+어요/EF+./SY"
          },
          {
            "id": 21,
            "text": "1 : 하하 시골이 광천이랑 남해쪽이라 추석 설날에 가는걸로 여행이라고 느끼게 되는 것 같아요!",
            "norm_text": "하하 시골이 광천이랑 남해쪽이라 추석 설날에 가는걸로 여행이라고 느끼게 되는 것 같아요!",
            "speaker": {
              "id": "1번",
              "sex": "여성",
              "age": "20대"
            },
            "speechAct": "(단언) 주장하기",
            "morpheme": "하하/MAG+시골/NNG+이광천/NNP+이랑/JC+남해/NNP+쪽/NNB+이/VCP+라/EC+추석/NNG+설날/NNG+에/JKB+가/VV+는/ETM+걸로/NNB+JKB+여행/NNG+이/VCP+라고/EC+느끼/VV+게/EC+되/VV+는/ETM+것/NNB+같/VA+아요/EF"
          },
          {
            "id": 22,
            "text": "1 : 오빠분이랑 나이는 얼마나 차이나세요?",
            "norm_text": "오빠분이랑 나이는 얼마나 차이나세요?",
            "speaker": {
              "id": "1번",
              "sex": "여성",
              "age": "20대"
            },
            "speechAct": "(지시) 질문하기",
            "morpheme": "오빠/NNG+분/XSN+이랑/JC+나이/NNG+는/JX+얼마나/MAG+차이/NNG+나/JC+세요/EP+EF"
          },
          {
            "id": 23,
            "text": "2 : 오빠랑은 3살 차이나요!",
            "norm_text": "오빠랑은 3살 차이나요!",
            "speaker": {
              "id": "2번",
              "sex": "여성",
              "age": "20대"
            },
            "speechAct": "(단언) 진술하기",
            "morpheme": "오빠/NNG+랑/JKB+은/JX+3/SN+살/NNBC+차이/VV+나요/EF"
          },
          {
            "id": 24,
            "text": "2 : 94년생인데 제가 개띠랑 잘 안맞더라고요^^",
            "norm_text": "94년생인데 제가 개띠랑 잘 안맞더라고요^^",
            "speaker": {
              "id": "2번",
              "sex": "여성",
              "age": "20대"
            },
            "speechAct": "(단언) 주장하기",
            "morpheme": "94/SN+년/NNBC+생/XSN+인데/VCP+EC+제/NP+가/JKS+개띠/NNG+랑/JKB+잘/MAG+안/MAG+맞/VV+더라고요/EC+^/SY+^/SY"
          },
          {
            "id": 25,
            "text": "1 : 아 키키",
            "norm_text": "아 키키",
            "speaker": {
              "id": "1번",
              "sex": "여성",
              "age": "20대"
            },
            "speechAct": "(표현) 긍정감정 표현하기",
            "morpheme": "아키/NNP+키/NNG"
          },
          {
            "id": 26,
            "text": "1 : 가족끼리 식사는 다 같이 하시는 편이신가요?",
            "norm_text": "가족끼리 식사는 다 같이 하시는 편이신가요?",
            "speaker": {
              "id": "1번",
              "sex": "여성",
              "age": "20대"
            },
            "speechAct": "(지시) 질문하기",
            "morpheme": "가족/NNG+끼리/XSN+식사/NNG+는/JX+다/MAG+같이/MAG+하/VV+시/EP+는/ETM+편/NNB+이/VCP+신가요/EP+EF"
          },
          {
            "id": 27,
            "text": "2 : 네",
            "norm_text": "네",
            "speaker": {
              "id": "2번",
              "sex": "여성",
              "age": "20대"
            },
            "speechAct": "(단언) 주장하기",
            "morpheme": "네/IC"
          },
          {
            "id": 28,
            "text": "2 : 되도록 이면 저녁은 다 같이 먹으려고 해요!",
            "norm_text": "되도록 이면 저녁은 다 같이 먹으려고 해요!",
            "speaker": {
              "id": "2번",
              "sex": "여성",
              "age": "20대"
            },
            "speechAct": "(단언) 진술하기",
            "morpheme": "되도록/MAG+이/VCP+면/EC+저녁/NNG+은/JX+다/MAG+같이/MAG+먹/VV+으려고/EC+해요/VX+EF"
          },
          {
            "id": 29,
            "text": "1 : 아버지 어머니 맞벌이세요?",
            "norm_text": "아버지 어머니 맞벌이세요?",
            "speaker": {
              "id": "1번",
              "sex": "여성",
              "age": "20대"
            },
            "speechAct": "(지시) 질문하기",
            "morpheme": "아버지/NNG+어머니/NNG+맞벌이/NNG+세요/VCP+EP+EF"
          },
          {
            "id": 30,
            "text": "2 : 아니요!",
            "norm_text": "아니요!",
            "speaker": {
              "id": "2번",
              "sex": "여성",
              "age": "20대"
            },
            "speechAct": "(단언) 주장하기",
            "morpheme": "아니요/IC"
          },
          {
            "id": 31,
            "text": "2: 아버지만 일하시고 어머니는 가정부세요!",
            "norm_text": "아버지만 일하시고 어머니는 가정부세요!",
            "speaker": {
              "id": "2번",
              "sex": "여성",
              "age": "20대"
            },
            "speechAct": "(단언) 진술하기",
            "morpheme": "아버지/NNG+만일/NNG+하/XSV+시/EP+고/EC+어머니/NNG+는/JX+가정/NNG+부세요/VV+EP+EF"
          },
          {
            "id": 32,
            "text": "1 : 다른 가족분들 고모 이모 분들도 자주 만나시는 편이세요?",
            "norm_text": "다른 가족분들 고모 이모 분들도 자주 만나시는 편이세요?",
            "speaker": {
              "id": "1번",
              "sex": "여성",
              "age": "20대"
            },
            "speechAct": "(지시) 질문하기",
            "morpheme": "다른/MM+가족/NNG+분/XSN+들/XSN+고모/NNG+이모/NNG+분/NNB+들/XSN+도/JX+자주/MAG+만나/VV+시/EP+는/ETM+편/NNB+이/VCP+세요/EP+EF"
          },
          {
            "id": 33,
            "text": "2 : 요즘 코로나라 다들 안 본지 엄청 오래 되었어요 ㅠㅠ 하하",
            "norm_text": "요즘 코로나라 다들 안 본지 엄청 오래 되었어요 ㅠㅠ 하하",
            "speaker": {
              "id": "2번",
              "sex": "여성",
              "age": "20대"
            },
            "speechAct": "(단언) 주장하기",
            "morpheme": "요즘/NNG+코로나/NNG+라다/NNG+들/XSN+안/MAG+본/VV+ETM+지/NNB+엄청/MAG+오래/MAG+되/VV+었/EP+어요/EF+ㅠㅠ/UNKNOWN+하하/MAG"
          }
        ]
      }
    }
  ]
}