{
  "dataset": {
    "identifier": 112914,
    "name": "NATEON_34_13_set",
    "src_path": "/data/file/cubeManager/PROJECT001/80/txt20211103154238016048/NATEON_34_13_set/",
    "label_path": "/data/file/cubeManager/PROJECT001/80/txt20211103154238016048/NATEON_34_13_set/",
    "category": 2,
    "type": 0
  },
  "licenses": {
    "name": "Apache License 1.0",
    "url": "http://www.apache.org/licenses/LICENSE-1.0"
  },
  "info": [
    {
      "id": 135468,
      "filename": "NATEON_34_13.txt",
      "title": "NATEON_34_13",
      "mediatype": "메신저",
      "medianame": "네이트온",
      "category": "일상대화",
      "date": "2021-11-03",
      "size": 406,
      "annotations": {
        "subject": "계절/날씨",
        "speaker_type": "다자간 대화",
        "size": 406,
        "word_size": 142,
        "text": "1 : 나 이번에 패딩 마련했어\n2 : 역시 빨라 키키 뭐든 유행 선두주자야\n3 : 너 벌써 패딩 입으려고?\n1 : 응 이번에 한라산 가는데 눈 내렸더라고\n2 : 아 한라산?\n2 : 산 가려면 따숩게 입긴 해야지 ㅠㅠ\n3 : 와, 역시 한라산이 눈이 제일 빨리 내려\n1 : 부산은 눈이 잘 안와서 눈 구경 해야해 하하\n2 : 아 맞아 부산은 눈 잘 안오긴 하더라 ㅠㅠ\n3 : 키키 그렇지 부산엔 눈이 안오잖아\n1 : 응 근데 요즘 온난화 때문에 오기도 하더라\n2 : 아 거기도 좀 춥고 그래?\n3 : 맞아 요즘 온난화가 심해서 그렇지\n1 : 응 부산도 이제 진짜 추워\n2 : 아이고 패딩 사길 잘한 거 같네!\n3 : 우리 다들 따뜻하게 입고 다니자\n1 : 응 ㅠㅠ 눈만 왔으면 좋겠다\n2 : 다들 감기도 조심하고 ㅠㅠ 몸 챙기자!\n3 : 나는 눈 진짜 싫어!",
        "lines": [
          {
            "id": 1,
            "text": "1 : 나 이번에 패딩 마련했어",
            "norm_text": "나 이번에 패딩 마련했어",
            "speaker": {
              "id": "1번",
              "sex": "여성",
              "age": "20대"
            },
            "speechAct": "(단언) 주장하기",
            "morpheme": "나/NP+이번/NNG+에/JKB+패딩/NNG+마련/NNG+했/XSV+EP+어/EC"
          },
          {
            "id": 2,
            "text": "2 : 역시 빨라 키키 뭐든 유행 선두주자야",
            "norm_text": "역시 빨라 키키 뭐든 유행 선두주자야",
            "speaker": {
              "id": "2번",
              "sex": "여성",
              "age": "20대"
            },
            "speechAct": "(단언) 주장하기",
            "morpheme": "역시/MAJ+빨라/VA+EC+키/NNG+키/XSV+ETN+뭐/NP+든/VCP+EC+유행/NNG+선두/NNG+주자/NNP+야/JKV"
          },
          {
            "id": 3,
            "text": "3 : 너 벌써 패딩 입으려고?",
            "norm_text": "너 벌써 패딩 입으려고?",
            "speaker": {
              "id": "3번",
              "sex": "남성",
              "age": "20대"
            },
            "speechAct": "(지시) 질문하기",
            "morpheme": "너/NP+벌써/MAG+패딩/NNG+입/VV+으려고/EF"
          },
          {
            "id": 4,
            "text": "1 : 응 이번에 한라산 가는데 눈 내렸더라고",
            "norm_text": "응 이번에 한라산 가는데 눈 내렸더라고",
            "speaker": {
              "id": "1번",
              "sex": "여성",
              "age": "20대"
            },
            "speechAct": "(단언) 주장하기",
            "morpheme": "응/IC+이번/NNG+에/JKB+한/MM+라산/NNG+가/VV+는데/EC+눈/NNG+내렸/VV+EP+더라고/EC"
          },
          {
            "id": 5,
            "text": "2 : 아 한라산?",
            "norm_text": "아 한라산?",
            "speaker": {
              "id": "2번",
              "sex": "여성",
              "age": "20대"
            },
            "speechAct": "(단언) 주장하기",
            "morpheme": "아/IC+한라산/NNP"
          },
          {
            "id": 6,
            "text": "2 : 산 가려면 따숩게 입긴 해야지 ㅠㅠ",
            "norm_text": "산 가려면 따숩게 입긴 해야지 ㅠㅠ",
            "speaker": {
              "id": "2번",
              "sex": "여성",
              "age": "20대"
            },
            "speechAct": "(단언) 주장하기",
            "morpheme": "산/NNG+가/VV+려면/EC+따숩/VA+게/EC+입/VV+긴/ETN+JX+해야지/VX+EC+ㅠㅠ/UNKNOWN"
          },
          {
            "id": 7,
            "text": "3 : 와, 역시 한라산이 눈이 제일 빨리 내려",
            "norm_text": "와, 역시 한라산이 눈이 제일 빨리 내려",
            "speaker": {
              "id": "3번",
              "sex": "남성",
              "age": "20대"
            },
            "speechAct": "(단언) 주장하기",
            "morpheme": "와/IC+,/SC+역시/MAJ+한/MM+라산/NNG+이/JKS+눈/NNG+이/JKS+제일/MAG+빨리/MAG+내려/VV+EC"
          },
          {
            "id": 8,
            "text": "1 : 부산은 눈이 잘 안와서 눈 구경 해야해 하하",
            "norm_text": "부산은 눈이 잘 안와서 눈 구경 해야해 하하",
            "speaker": {
              "id": "1번",
              "sex": "여성",
              "age": "20대"
            },
            "speechAct": "(단언) 주장하기",
            "morpheme": "부산/NNP+은/JX+눈/NNG+이/JKS+잘/MAG+안/MAG+와서/VV+EC+눈/NNG+구경/NNG+해야/XSV+EC+해하/NNG+하/XSV"
          },
          {
            "id": 9,
            "text": "2 : 아 맞아 부산은 눈 잘 안오긴 하더라 ㅠㅠ",
            "norm_text": "아 맞아 부산은 눈 잘 안오긴 하더라 ㅠㅠ",
            "speaker": {
              "id": "2번",
              "sex": "여성",
              "age": "20대"
            },
            "speechAct": "(단언) 주장하기",
            "morpheme": "아/IC+맞/VV+아/EC+부산/NNP+은/JX+눈/NNG+잘/MAG+안/MAG+오/VV+긴/ETN+JX+하/VX+더라/EF+ㅠㅠ/UNKNOWN"
          },
          {
            "id": 10,
            "text": "3 : 키키 그렇지 부산엔 눈이 안오잖아",
            "norm_text": "키키 그렇지 부산엔 눈이 안오잖아",
            "speaker": {
              "id": "3번",
              "sex": "남성",
              "age": "20대"
            },
            "speechAct": "(단언) 주장하기",
            "morpheme": "키/NNG+키/XSV+ETN+그렇/VA+지/EC+부산/NNP+엔/JKB+JX+눈/NNG+이/JKS+안/MAG+오/VV+잖아/EC"
          },
          {
            "id": 11,
            "text": "1 : 응 근데 요즘 온난화 때문에 오기도 하더라",
            "norm_text": "응 근데 요즘 온난화 때문에 오기도 하더라",
            "speaker": {
              "id": "1번",
              "sex": "여성",
              "age": "20대"
            },
            "speechAct": "(단언) 주장하기",
            "morpheme": "응/IC+근데/MAJ+요즘/MAG+온난/NNG+화/XSN+때문/NNB+에/JKB+오/VV+기/ETN+도/JX+하/VV+더라/EC"
          },
          {
            "id": 12,
            "text": "2 : 아 거기도 좀 춥고 그래?",
            "norm_text": "아 거기도 좀 춥고 그래?",
            "speaker": {
              "id": "2번",
              "sex": "여성",
              "age": "20대"
            },
            "speechAct": "(지시) 질문하기",
            "morpheme": "아/IC+거기/NP+도/JX+좀/MAG+춥/VA+고/EC+그래/VV+EF"
          },
          {
            "id": 13,
            "text": "3 : 맞아 요즘 온난화가 심해서 그렇지",
            "norm_text": "맞아 요즘 온난화가 심해서 그렇지",
            "speaker": {
              "id": "3번",
              "sex": "남성",
              "age": "20대"
            },
            "speechAct": "(단언) 주장하기",
            "morpheme": "맞/VV+아/EC+요즘/NNG+온난화/NNG+가/JKS+심해서/VA+EC+그렇/VA+지/EC"
          },
          {
            "id": 14,
            "text": "1 : 응 부산도 이제 진짜 추워",
            "norm_text": "응 부산도 이제 진짜 추워",
            "speaker": {
              "id": "1번",
              "sex": "여성",
              "age": "20대"
            },
            "speechAct": "(단언) 주장하기",
            "morpheme": "응/IC+부산/NNP+도/JX+이제/MAG+진짜/MAG+추워/VA+EC"
          },
          {
            "id": 15,
            "text": "2 : 아이고 패딩 사길 잘한 거 같네!",
            "norm_text": "아이고 패딩 사길 잘한 거 같네!",
            "speaker": {
              "id": "2번",
              "sex": "여성",
              "age": "20대"
            },
            "speechAct": "(단언) 주장하기",
            "morpheme": "아이고/IC+패딩/NNG+사/VV+길/ETN+JKO+잘/MAG+한/XSA+ETM+거/NNB+같/VA+네/EF"
          },
          {
            "id": 16,
            "text": "3 : 우리 다들 따뜻하게 입고 다니자",
            "norm_text": "우리 다들 따뜻하게 입고 다니자",
            "speaker": {
              "id": "3번",
              "sex": "남성",
              "age": "20대"
            },
            "speechAct": "(단언) 주장하기",
            "morpheme": "우리/NP+다/MAG+들/XSN+따뜻/XR+하/XSA+게/EC+입/VV+고/EC+다니/VV+자/EC"
          },
          {
            "id": 17,
            "text": "1 : 응 ㅠㅠ 눈만 왔으면 좋겠다",
            "norm_text": "응 ㅠㅠ 눈만 왔으면 좋겠다",
            "speaker": {
              "id": "1번",
              "sex": "여성",
              "age": "20대"
            },
            "speechAct": "(단언) 주장하기",
            "morpheme": "응/IC+ㅠㅠ/UNKNOWN+눈/NNG+만/JX+왔/VV+EP+으면/EC+좋/VA+겠/EP+다/EC"
          },
          {
            "id": 18,
            "text": "2 : 다들 감기도 조심하고 ㅠㅠ 몸 챙기자!",
            "norm_text": "다들 감기도 조심하고 ㅠㅠ 몸 챙기자!",
            "speaker": {
              "id": "2번",
              "sex": "여성",
              "age": "20대"
            },
            "speechAct": "(단언) 주장하기",
            "morpheme": "다/MAG+들/XSN+감기/NNG+도/JX+조심/NNG+하/XSV+고/EC+ㅠㅠ/UNKNOWN+몸/NNG+챙기/VV+자/EF"
          },
          {
            "id": 19,
            "text": "3 : 나는 눈 진짜 싫어!",
            "norm_text": "나는 눈 진짜 싫어!",
            "speaker": {
              "id": "3번",
              "sex": "남성",
              "age": "20대"
            },
            "speechAct": "(단언) 주장하기",
            "morpheme": "나/NP+는/JX+눈/NNG+진짜/MAG+싫/VA+어/EF"
          }
        ]
      }
    }
  ]
}