{
  "dataset": {
    "identifier": 18279,
    "name": "NATEON_26_02_set",
    "src_path": "/data/file/cubeManager/PROJECT001/7/txt20210826181628060058/NATEON_26_02_set/",
    "label_path": "/data/file/cubeManager/PROJECT001/7/txt20210826181628060058/NATEON_26_02_set/",
    "category": 2,
    "type": 0
  },
  "licenses": {
    "name": "Apache License 1.0",
    "url": "http://www.apache.org/licenses/LICENSE-1.0"
  },
  "info": [
    {
      "id": 720,
      "filename": "NATEON_26_02.txt",
      "title": "NATEON_26_02",
      "mediatype": "메신저",
      "medianame": "네이트온",
      "category": "일상대화",
      "date": "2021-08-26",
      "size": 1273,
      "annotations": {
        "subject": "주거와 생활",
        "speaker_type": "1:1",
        "size": 1273,
        "word_size": 401,
        "text": "1 : 부동산 이런 데 관심 많아?\n2 : 나는 아직 독립을 안 해서 그런지 크게 관심은 없는데 이제 슬슬 관심 가져야 할 거 같긴 해 ㅠㅠ\n1 : 맞아! 나도 가족들이랑 살 때는 그냥 그런가 보다 했거든.\n1 : 근데 따로 나와 사니까 관심이 저절로 가더라.\n1 : 집값 미쳤다고 매일 뉴스 나오기도 하고 ㅠ\n2 : 그치! 아무래도 독립을 하고 나면 집 구할 때는 필수적인 요소다 보니까 잘 알아보고 공부도 해두고 해야 할 거 같아.\n1 : 맞아. 난 원래 아파트에 오래 살았었거든.\n1 : 근데 요즘 아파트 값이 너무 비싸서 다시 아파트 살 수 있을까 싶어.\n2 : 맞아 나도 잘은 모르지만 요즘 아파트 값이 말도 안 되게 올랐다는 거는 너무 잘 알고 있거든.\n2 : 집 구하기가 이렇게 어려우면 앞으로 어떡하라는 건지... ㅠㅠ\n1 : 그러게 말이야.\n1 : 확실히 아파트가 나중에 매매할 때 손해가 없고 오히려 오르니까... 사람들이 빌라보다 더 아파트를 선호하는 거 같아!\n1 : 나만 해도 그렇긴 하거든 키키\n2 : 맞아 맞아.\n2 : 근데 요즘 같이 이런 때는 젊은 세대나 신혼부부들은 아파트 내 집 마련이나 전세는 꿈도 못 꾸겠어.\n1 : 맞아. 부모님 세대 때만 해도 월급 몇 달 치 모으면 집 하나 살 수 있었다고 하던데 요즘은 10년 20년 모아도 겨우 살까 말까 하니까 ㅠㅠ\n2 : 그렇게 말이야.\n2 : 요즘은 그런 게 꿈 속 이야기가 돼 버린 느낌이야 ㅠㅠ\n2 : 열심히 모으면 그래도 살 수 있을 거라는 희망이라도 있어야 하는데 이제는 그런 것조차 생각할 수 없을 거 같은 느낌?\n1 : 맞아. 특히 서울은 진짜 ㅠㅠ\n1 : 난 사실 아파트도 그렇지만 집 살 수 있다면 주택 사고 싶거든 하하\n1 : 단독 주택 생활 로망이 있어!\n2 : 나도! 진짜 아마 다들 주택에 대한 로망이 있지 않을까 싶어 하하\n2 : 너무 크지 않아도 아늑한 공간이면 얼마나 좋을까!\n1 : 맞아 넓은 집은 청소하기만 힘들고 키키\n1 : 한 20평대도 괜찮을 거 같아!\n1 : 요즘 그렇게도 많이 짓는 거 같더라.\n2: 키키 그치! 주택은 청소나 정원 관리가 진짜 힘들어서 사실 너무 큰 곳도 그렇게 좋지만은 않은 것 같아...\n2 : 20평대 주택도 많이 짓는구나!\n2 : 어떤 느낌인지 궁금해!\n1 : 맞아! 근데 덜컥 주택 사는 것보다 먼저 그 주택 짓고 싶은 지역 가서 전세나 월세로 꼭 1년 정도는 살아 보고 결정하라 그러더라고.\n1 : 생각보다 자기 생활이랑 안 맞을 수도 있으니까...\n2 : 오 그거 되게 좋은 방법이다!\n2 : 아무리 살고 싶었어도 안 맞을 수 있으니까 시도해 보고 결정하는 게 좋은 거 같아 하하",
        "lines": [
          {
            "id": 1,
            "text": "1 : 부동산 이런 데 관심 많아?",
            "norm_text": "부동산 이런 데 관심 많아?",
            "speaker": {
              "id": "1번",
              "sex": "여성",
              "age": "30대"
            },
            "speechAct": "(지시) 질문하기",
            "morpheme": "부동산/NNG+이런/MM+데/NNB+관심/NNG+많/VA+아/EF"
          },
          {
            "id": 2,
            "text": "2 : 나는 아직 독립을 안 해서 그런지 크게 관심은 없는데 이제 슬슬 관심 가져야 할 거 같긴 해 ㅠㅠ",
            "norm_text": "나는 아직 독립을 안 해서 그런지 크게 관심은 없는데 이제 슬슬 관심 가져야 할 거 같긴 해 ㅠㅠ",
            "speaker": {
              "id": "2번",
              "sex": "여성",
              "age": "20대"
            },
            "speechAct": "(단언) 주장하기",
            "morpheme": "나/NP+는/JX+아직/MAG+독립/NNG+을/JKO+안/MAG+해서/VV+EC+그런지/VA+EC+크/VA+게/EC+관심/NNG+은/JX+없/VA+는데/EC+이제/MAG+슬슬/MAG+관심/NNG+가져야/VV+EC+할/VX+ETM+거/NNB+같/VA+긴/ETN+JX+해/VX+EF+ㅠㅠ/UNKNOWN"
          },
          {
            "id": 3,
            "text": "1 : 맞아! 나도 가족들이랑 살 때는 그냥 그런가 보다 했거든.",
            "norm_text": "맞아! 나도 가족들이랑 살 때는 그냥 그런가 보다 했거든.",
            "speaker": {
              "id": "1번",
              "sex": "여성",
              "age": "30대"
            },
            "speechAct": "(단언) 주장하기",
            "morpheme": "맞/VV+아/EF+나/NP+도/JX+가족/NNG+들/XSN+이랑/JKB+살/VV+ETM+때/NNG+는/JX+그냥/MAG+그런가보다/VA+EC+VX+EC+했/VX+EP+거든/EF"
          },
          {
            "id": 4,
            "text": "1 : 근데 따로 나와 사니까 관심이 저절로 가더라.",
            "norm_text": "근데 따로 나와 사니까 관심이 저절로 가더라.",
            "speaker": {
              "id": "1번",
              "sex": "여성",
              "age": "30대"
            },
            "speechAct": "(단언) 주장하기",
            "morpheme": "근데/MAJ+따로/MAG+나와/VV+EC+사/VV+니까/EC+관심/NNG+이/JKS+저절로/MAG+가/VV+더라/EF"
          },
          {
            "id": 5,
            "text": "1 : 집값 미쳤다고 매일 뉴스 나오기도 하고 ㅠ",
            "norm_text": "집값 미쳤다고 매일 뉴스 나오기도 하고 ㅠ",
            "speaker": {
              "id": "1번",
              "sex": "여성",
              "age": "30대"
            },
            "speechAct": "(단언) 진술하기",
            "morpheme": "집값/NNG+미쳤/VV+EP+다고/EC+매일/MAG+뉴스/NNG+나오/VV+기/ETN+도/JX+하/VV+고/EC+ㅠ/UNKNOWN"
          },
          {
            "id": 6,
            "text": "2 : 그치! 아무래도 독립을 하고 나면 집 구할 때는 필수적인 요소다 보니까 잘 알아보고 공부도 해두고 해야 할 거 같아.",
            "norm_text": "그치! 아무래도 독립을 하고 나면 집 구할 때는 필수적인 요소다 보니까 잘 알아보고 공부도 해두고 해야 할 거 같아.",
            "speaker": {
              "id": "2번",
              "sex": "여성",
              "age": "20대"
            },
            "speechAct": "(단언) 주장하기",
            "morpheme": "그치/IC+아무래도/MAG+독립/NNG+을/JKO+하/VV+고/EC+나/VX+면/EC+집구/NNG+할/XSV+ETM+때/NNG+는/JX+필수/NNG+적/XSN+인/VCP+ETM+요소/NNG+다/VCP+EC+보/VX+니까/EC+잘/MAG+알아보/VV+고/EC+공부/NNG+도/JX+해/VV+EC+두/VX+고/EC+해야/VV+EC+할/VX+ETM+거/NNB+같/VA+아/EF"
          },
          {
            "id": 7,
            "text": "1 : 맞아. 난 원래 아파트에 오래 살았었거든.",
            "norm_text": "맞아. 난 원래 아파트에 오래 살았었거든.",
            "speaker": {
              "id": "1번",
              "sex": "여성",
              "age": "30대"
            },
            "speechAct": "(단언) 주장하기",
            "morpheme": "맞/VV+아/EF+난/NP+JX+원래/MAG+아파트/NNG+에/JKB+오래/MAG+살/VV+았었/EP+거든/EF"
          },
          {
            "id": 8,
            "text": "1 : 근데 요즘 아파트 값이 너무 비싸서 다시 아파트 살 수 있을까 싶어.",
            "norm_text": "근데 요즘 아파트 값이 너무 비싸서 다시 아파트 살 수 있을까 싶어.",
            "speaker": {
              "id": "1번",
              "sex": "여성",
              "age": "30대"
            },
            "speechAct": "(단언) 주장하기",
            "morpheme": "근데/MAJ+요즘/MAG+아파트/NNG+값/NNG+이/JKS+너무/MAG+비싸/VA+서/EC+다시/MAG+아파트/NNG+살/VV+ETM+수/NNB+있/VV+을까/EC+싶/VX+어/EF"
          },
          {
            "id": 9,
            "text": "2 : 맞아 나도 잘은 모르지만 요즘 아파트 값이 말도 안 되게 올랐다는 거는 너무 잘 알고 있거든.",
            "norm_text": "맞아 나도 잘은 모르지만 요즘 아파트 값이 말도 안 되게 올랐다는 거는 너무 잘 알고 있거든.",
            "speaker": {
              "id": "2번",
              "sex": "여성",
              "age": "20대"
            },
            "speechAct": "(단언) 주장하기",
            "morpheme": "맞/VV+아/EC+나/NP+도/JX+잘/MAG+은/JX+모르/VV+지만/EC+요즘/NNG+아파트/NNG+값/NNG+이/JKS+말/NNG+도/JX+안/MAG+되/VV+게/EC+올랐/VV+EP+다는/ETM+거/NNB+는/JX+너무/MAG+잘/MAG+알/VV+고/EC+있/VX+거든/EF"
          },
          {
            "id": 10,
            "text": "2 : 집 구하기가 이렇게 어려우면 앞으로 어떡하라는 건지... ㅠㅠ",
            "norm_text": "집 구하기가 이렇게 어려우면 앞으로 어떡하라는 건지... ㅠㅠ",
            "speaker": {
              "id": "2번",
              "sex": "여성",
              "age": "20대"
            },
            "speechAct": "(단언) 주장하기",
            "morpheme": "집구/NNG+하/XSV+기/ETN+가/JKS+이렇게/MAG+어려우/VA+면/EC+앞/NNG+으로/JKB+어떡하/VV+라는/ETM+건지/NNB+VCP+EC+./SY+./SY+ㅠㅠ/UNKNOWN"
          },
          {
            "id": 11,
            "text": "1 : 그러게 말이야.",
            "norm_text": "그러게 말이야.",
            "speaker": {
              "id": "1번",
              "sex": "여성",
              "age": "30대"
            },
            "speechAct": "(단언) 주장하기",
            "morpheme": "그러/VV+게/EC+말/NNG+이/VCP+야/EF"
          },
          {
            "id": 12,
            "text": "1 : 확실히 아파트가 나중에 매매할 때 손해가 없고 오히려 오르니까... 사람들이 빌라보다 더 아파트를 선호하는 거 같아!",
            "norm_text": "확실히 아파트가 나중에 매매할 때 손해가 없고 오히려 오르니까... 사람들이 빌라보다 더 아파트를 선호하는 거 같아!",
            "speaker": {
              "id": "1번",
              "sex": "여성",
              "age": "30대"
            },
            "speechAct": "(단언) 주장하기",
            "morpheme": "확실히/MAG+아파트/NNG+가/JKS+나중/NNG+에/JKB+매매/NNG+할/XSV+ETM+때/NNG+손해/NNG+가/JKS+없/VA+고/EC+오히려/MAJ+오르/VV+니까/EC+./SY+./SY+사람/NNG+들/XSN+이/JKS+빌라/NNG+보다/JKB+더/MAG+아파트/NNG+를/JKO+선호/NNG+하/XSV+는/ETM+거/NNB+같/VA+아/EF"
          },
          {
            "id": 13,
            "text": "1 : 나만 해도 그렇긴 하거든 키키",
            "norm_text": "나만 해도 그렇긴 하거든 키키",
            "speaker": {
              "id": "1번",
              "sex": "여성",
              "age": "30대"
            },
            "speechAct": "(단언) 주장하기",
            "morpheme": "나/NP+만/JX+해도/VV+EC+그렇/VA+긴/ETN+JX+하/VX+거든/EF+키/NNG+키/XSV+ETN"
          },
          {
            "id": 14,
            "text": "2 : 맞아 맞아.",
            "norm_text": "맞아 맞아.",
            "speaker": {
              "id": "2번",
              "sex": "여성",
              "age": "20대"
            },
            "speechAct": "(단언) 주장하기",
            "morpheme": "맞/VV+아/EC+맞/VV+아/EF"
          },
          {
            "id": 15,
            "text": "2 : 근데 요즘 같이 이런 때는 젊은 세대나 신혼부부들은 아파트 내 집 마련이나 전세는 꿈도 못 꾸겠어.",
            "norm_text": "근데 요즘 같이 이런 때는 젊은 세대나 신혼부부들은 아파트 내 집 마련이나 전세는 꿈도 못 꾸겠어.",
            "speaker": {
              "id": "2번",
              "sex": "여성",
              "age": "20대"
            },
            "speechAct": "(단언) 주장하기",
            "morpheme": "근데/MAJ+요즘/MAG+같이/MAG+이런/MM+때/NNG+는/JX+젊/VA+은/ETM+세대/NNG+나/JC+신혼/NNG+부부/NNG+들/XSN+은/JX+아파트/NNG+내/NNB+집/NNG+마련/NNG+이나/JC+전세/NNG+는/JX+꿈/NNG+도/JX+못/MAG+꾸/VV+겠/EP+어/EF"
          },
          {
            "id": 16,
            "text": "1 : 맞아. 부모님 세대 때만 해도 월급 몇 달 치 모으면 집 하나 살 수 있었다고 하던데 요즘은 10년 20년 모아도 겨우 살까 말까 하니까 ㅠㅠ",
            "norm_text": "맞아. 부모님 세대 때만 해도 월급 몇 달 치 모으면 집 하나 살 수 있었다고 하던데 요즘은 10년 20년 모아도 겨우 살까 말까 하니까 ㅠㅠ",
            "speaker": {
              "id": "1번",
              "sex": "여성",
              "age": "30대"
            },
            "speechAct": "(단언) 주장하기",
            "morpheme": "맞/VV+아/EF+부모/NNG+님/XSN+세대/NNG+때/NNG+만/JX+해도/VV+EC+월급/NNG+몇/MM+달치/NNG+모으/VV+면/EC+집/NNG+하나/NR+살/NNBC+ETM+수/NNB+있/VV+었/EP+다고/EC+하/VV+던데/EC+요즘/NNG+은/JX+10/SN+년/NNBC+20/SN+년/NNBC+모아도/VV+EC+겨우/MAG+살/VV+까말까/EC+VV+EC+하/VV+니까/EC+ㅠㅠ/UNKNOWN"
          },
          {
            "id": 17,
            "text": "2 : 그렇게 말이야.",
            "norm_text": "그렇게 말이야.",
            "speaker": {
              "id": "2번",
              "sex": "여성",
              "age": "20대"
            },
            "speechAct": "(단언) 주장하기",
            "morpheme": "그렇게/MAG+말/NNG+이/VCP+야/EF"
          },
          {
            "id": 18,
            "text": "2 : 요즘은 그런 게 꿈 속 이야기가 돼 버린 느낌이야 ㅠㅠ",
            "norm_text": "요즘은 그런 게 꿈 속 이야기가 돼 버린 느낌이야 ㅠㅠ",
            "speaker": {
              "id": "2번",
              "sex": "여성",
              "age": "20대"
            },
            "speechAct": "(단언) 주장하기",
            "morpheme": "요즘/NNG+은/JX+그런/MM+게/NNB+JKS+꿈속/NNG+이야기/NNG+가/JKS+돼버린/VV+EC+VX+ETM+느낌/NNG+이/VCP+야/EF+ㅠㅠ/UNKNOWN"
          },
          {
            "id": 19,
            "text": "2 : 열심히 모으면 그래도 살 수 있을 거라는 희망이라도 있어야 하는데 이제는 그런 것조차 생각할 수 없을 거 같은 느낌?",
            "norm_text": "열심히 모으면 그래도 살 수 있을 거라는 희망이라도 있어야 하는데 이제는 그런 것조차 생각할 수 없을 거 같은 느낌?",
            "speaker": {
              "id": "2번",
              "sex": "여성",
              "age": "20대"
            },
            "speechAct": "(단언) 주장하기",
            "morpheme": "열심히/MAG+모으/VV+면/EC+그래도/VV+EC+살/VV+ETM+수/NNB+있/VV+을/ETM+거/NNB+라는/VCP+ETM+희망/NNG+이/VCP+라도/EC+있/VX+어야/EC+하/VV+는데/EC+이제/NNG+는/JX+그런/MM+것/NNB+조차/JX+생각/NNG+할/XSV+ETM+수/NNB+없/VA+을/ETM+거/NNB+같/VA+은/ETM+느낌/NNG"
          },
          {
            "id": 20,
            "text": "1 : 맞아. 특히 서울은 진짜 ㅠㅠ",
            "norm_text": "맞아. 특히 서울은 진짜 ㅠㅠ",
            "speaker": {
              "id": "1번",
              "sex": "여성",
              "age": "30대"
            },
            "speechAct": "(단언) 주장하기",
            "morpheme": "맞/VV+아/EF+특히/MAG+서울/NNP+은/JX+진짜/MAG+ㅠㅠ/UNKNOWN"
          },
          {
            "id": 21,
            "text": "1 : 난 사실 아파트도 그렇지만 집 살 수 있다면 주택 사고 싶거든 하하",
            "norm_text": "난 사실 아파트도 그렇지만 집 살 수 있다면 주택 사고 싶거든 하하",
            "speaker": {
              "id": "1번",
              "sex": "여성",
              "age": "30대"
            },
            "speechAct": "(단언) 주장하기",
            "morpheme": "난/NP+JX+사실/MAG+아파트/NNG+도/JX+그렇/VA+지만/EC+집/NNG+살/VV+ETM+수/NNB+있/VV+다면/EC+주택/NNG+사/VV+고/EC+싶/VX+거든/EF+하하/MAG"
          },
          {
            "id": 22,
            "text": "1 : 단독 주택 생활 로망이 있어!",
            "norm_text": "단독 주택 생활 로망이 있어!",
            "speaker": {
              "id": "1번",
              "sex": "여성",
              "age": "30대"
            },
            "speechAct": "(단언) 주장하기",
            "morpheme": "단독/NNG+주택/NNG+생활/NNG+로망/NNG+이/JKS+있/VA+어/EF"
          },
          {
            "id": 23,
            "text": "2 : 나도! 진짜 아마 다들 주택에 대한 로망이 있지 않을까 싶어 하하",
            "norm_text": "나도! 진짜 아마 다들 주택에 대한 로망이 있지 않을까 싶어 하하",
            "speaker": {
              "id": "2번",
              "sex": "여성",
              "age": "20대"
            },
            "speechAct": "(단언) 주장하기",
            "morpheme": "나/NP+도/JX+진짜/MAG+아마/MAG+다/MAG+들/XSN+주택/NNG+에/JKB+대한/VV+ETM+로망/NNG+이/JKS+있/VV+지/EC+않/VX+을까/EC+싶/VX+어/EC+하하/MAG"
          },
          {
            "id": 24,
            "text": "2 : 너무 크지 않아도 아늑한 공간이면 얼마나 좋을까!",
            "norm_text": "너무 크지 않아도 아늑한 공간이면 얼마나 좋을까!",
            "speaker": {
              "id": "2번",
              "sex": "여성",
              "age": "20대"
            },
            "speechAct": "(단언) 주장하기",
            "morpheme": "너무/MAG+크/VA+지/EC+않/VX+아도/EC+아늑/XR+한/XSA+ETM+공간/NNG+이/VCP+면/EC+얼마나/MAG+좋/VA+을까/EF"
          },
          {
            "id": 25,
            "text": "1 : 맞아 넓은 집은 청소하기만 힘들고 키키",
            "norm_text": "맞아 넓은 집은 청소하기만 힘들고 키키",
            "speaker": {
              "id": "1번",
              "sex": "여성",
              "age": "30대"
            },
            "speechAct": "(단언) 주장하기",
            "morpheme": "맞/VV+아/EC+넓/VA+은/ETM+집/NNG+은/JX+청소/NNG+하/XSV+기/ETN+만/JX+힘들/VA+고/EC+키/NNG+키/XSV+ETN"
          },
          {
            "id": 26,
            "text": "1 : 한 20평대도 괜찮을 거 같아!",
            "norm_text": "한 20평대도 괜찮을 거 같아!",
            "speaker": {
              "id": "1번",
              "sex": "여성",
              "age": "30대"
            },
            "speechAct": "(단언) 주장하기",
            "morpheme": "한/MM+20/SN+평/NNBC+대/XSN+도/JX+괜찮/VA+을/ETM+거/NNB+같/VA+아/EF"
          },
          {
            "id": 27,
            "text": "1 : 요즘 그렇게도 많이 짓는 거 같더라.",
            "norm_text": "요즘 그렇게도 많이 짓는 거 같더라.",
            "speaker": {
              "id": "1번",
              "sex": "여성",
              "age": "30대"
            },
            "speechAct": "(단언) 주장하기",
            "morpheme": "요즘/MAG+그렇게/MAG+도/JX+많이/MAG+짓/VV+는/ETM+거/NNB+같/VA+더라/EF"
          },
          {
            "id": 28,
            "text": "2: 키키 그치! 주택은 청소나 정원 관리가 진짜 힘들어서 사실 너무 큰 곳도 그렇게 좋지만은 않은 것 같아...",
            "norm_text": "키키 그치! 주택은 청소나 정원 관리가 진짜 힘들어서 사실 너무 큰 곳도 그렇게 좋지만은 않은 것 같아...",
            "speaker": {
              "id": "2번",
              "sex": "여성",
              "age": "20대"
            },
            "speechAct": "(단언) 주장하기",
            "morpheme": "키/NNG+키/XSV+ETN+그치/IC+주택/NNG+은/JX+청소/NNG+나/JC+정원/NNG+관리/NNG+가/JKS+진짜/MAG+힘들/VA+어서/EC+사실/MAG+너무/MAG+큰/VA+ETM+곳/NNG+도/JX+그렇게/MAG+좋/VA+지만은/EC+않/VX+은/ETM+것/NNB+같/VA+아/EF+./SY"
          },
          {
            "id": 29,
            "text": "2 : 20평대 주택도 많이 짓는구나!",
            "norm_text": "20평대 주택도 많이 짓는구나!",
            "speaker": {
              "id": "2번",
              "sex": "여성",
              "age": "20대"
            },
            "speechAct": "(단언) 주장하기",
            "morpheme": "20/SN+평/NNBC+대/XSN+주택/NNG+도/JX+많이/MAG+짓/VV+는구나/EF"
          },
          {
            "id": 30,
            "text": "2 : 어떤 느낌인지 궁금해!",
            "norm_text": "어떤 느낌인지 궁금해!",
            "speaker": {
              "id": "2번",
              "sex": "여성",
              "age": "20대"
            },
            "speechAct": "(단언) 주장하기",
            "morpheme": "어떤/MM+느낌/NNG+인지/VCP+EC+궁금/XR+해/XSA+EF"
          },
          {
            "id": 31,
            "text": "1 : 맞아! 근데 덜컥 주택 사는 것보다 먼저 그 주택 짓고 싶은 지역 가서 전세나 월세로 꼭 1년 정도는 살아 보고 결정하라 그러더라고.",
            "norm_text": "맞아! 근데 덜컥 주택 사는 것보다 먼저 그 주택 짓고 싶은 지역 가서 전세나 월세로 꼭 1년 정도는 살아 보고 결정하라 그러더라고.",
            "speaker": {
              "id": "1번",
              "sex": "여성",
              "age": "30대"
            },
            "speechAct": "(단언) 주장하기",
            "morpheme": "맞/VV+아/EF+근데/MAJ+덜컥/MAG+주택/NNG+사/VV+는/ETM+것/NNB+보다/JKB+먼저/MAG+그/MM+주택/NNG+짓/VV+고/EC+싶/VX+은/ETM+지역/NNG+가/VV+서/EC+전세/NNG+나/JC+월세/NNG+로/JKB+꼭/MAG+1/SN+년/NNBC+정도/NNG+는/JX+살/VV+아/EC+보/VX+고/EC+결정/NNG+하/XSV+라/EC+그러/VV+더라고/EF"
          },
          {
            "id": 32,
            "text": "1 : 생각보다 자기 생활이랑 안 맞을 수도 있으니까...",
            "norm_text": "생각보다 자기 생활이랑 안 맞을 수도 있으니까...",
            "speaker": {
              "id": "1번",
              "sex": "여성",
              "age": "30대"
            },
            "speechAct": "(단언) 주장하기",
            "morpheme": "생각/NNG+보다/JKB+자기/NP+생활/NNG+이랑/JC+안/MAG+맞/VV+을/ETM+수/NNB+도/JX+있/VA+으니까/EC+./SY+./SY"
          },
          {
            "id": 33,
            "text": "2 : 오 그거 되게 좋은 방법이다!",
            "norm_text": "오 그거 되게 좋은 방법이다!",
            "speaker": {
              "id": "2번",
              "sex": "여성",
              "age": "20대"
            },
            "speechAct": "(단언) 주장하기",
            "morpheme": "오/IC+그거/NP+되게/MAG+좋/VA+은/ETM+방법/NNG+이/VCP+다/EF"
          },
          {
            "id": 34,
            "text": "2 : 아무리 살고 싶었어도 안 맞을 수 있으니까 시도해 보고 결정하는 게 좋은 거 같아 하하",
            "norm_text": "아무리 살고 싶었어도 안 맞을 수 있으니까 시도해 보고 결정하는 게 좋은 거 같아 하하",
            "speaker": {
              "id": "2번",
              "sex": "여성",
              "age": "20대"
            },
            "speechAct": "(단언) 주장하기",
            "morpheme": "아무리/MAG+살/VV+고/EC+싶/VX+었/EP+어도/EC+안/MAG+맞/VV+을/ETM+수/NNB+있/VV+으니까/EC+시도/NNG+해/XSV+EC+보/VX+고/EC+결정/NNG+하/XSV+는/ETM+게/NNB+JKS+좋/VA+은/ETM+거/NNB+같/VA+아/EC+하하/MAG"
          }
        ]
      }
    }
  ]
}