{
  "dataset": {
    "identifier": 127918,
    "name": "NATEON_38_13_set",
    "src_path": "/data/file/cubeManager/PROJECT001/84/txt20211108181225059086/NATEON_38_13_set/",
    "label_path": "/data/file/cubeManager/PROJECT001/84/txt20211108181225059086/NATEON_38_13_set/",
    "category": 2,
    "type": 0
  },
  "licenses": {
    "name": "Apache License 1.0",
    "url": "http://www.apache.org/licenses/LICENSE-1.0"
  },
  "info": [
    {
      "id": 141877,
      "filename": "NATEON_38_13.txt",
      "title": "NATEON_38_13",
      "mediatype": "메신저",
      "medianame": "네이트온",
      "category": "일상대화",
      "date": "2021-11-08",
      "size": 432,
      "annotations": {
        "subject": "계절/날씨",
        "speaker_type": "다자간 대화",
        "size": 432,
        "word_size": 147,
        "text": "1 : 이제 수면 바지를 꺼냈습니다.\n2 : 나도 두꺼운 잠 옷 꺼냈어...\n3 : 나는 잠 옷이 없는데...\n1 : 엄마는 진작에 수면 양말을 신었지 키키\n2 : 키키 그럼 그거 겨울에 필수지 키키\n3 : 그냥 이불 덮고 자...\n1 : 전기장판에 차가운 귤 계절이 왔다...\n2 : 웅 귤 까먹고 집에 뒹굴 거려야지 키키\n3 : 집콕 할 때 볼 영화 찾아 놔야지 키키\n1 : 밖에서 엄청 바람맞다가 들어오면 볼 빨개져\n2 : 맞아 그러고 집 딱 들어오면 녹잖아 키키\n3 : 나만 느끼는 기분 아니였구나 키키\n1 : 이제 곧 쎈 바람들이 불겠지 ㅠ\n2 : 그러니까 ㅠㅠ 엄청 추울 거 같아서 싫어 ㅠㅠ\n3 : 왜 그 찬 공기가 좋지 않아?\n1 : 겨울이니까 크림도 묵직한 걸로 바꿔야지 ㅠ\n2 : 맞아 관리 해줘야 해 키키\n2 : 찬 공기 나는 싫어 ㅠㅠ\n3 : 난 답답해서 여름보단 겨울이 좋던데 키키",
        "lines": [
          {
            "id": 1,
            "text": "1 : 이제 수면 바지를 꺼냈습니다.",
            "norm_text": "이제 수면 바지를 꺼냈습니다.",
            "speaker": {
              "id": "1번",
              "sex": "여성",
              "age": "20대"
            },
            "speechAct": "(단언) 진술하기",
            "morpheme": "이제/MAG+수면/NNG+바지/NNG+를/JKO+꺼냈/VV+EP+습니다/EF"
          },
          {
            "id": 2,
            "text": "2 : 나도 두꺼운 잠 옷 꺼냈어...",
            "norm_text": "나도 두꺼운 잠 옷 꺼냈어...",
            "speaker": {
              "id": "2번",
              "sex": "여성",
              "age": "20대"
            },
            "speechAct": "(단언) 진술하기",
            "morpheme": "나/NP+도/JX+두꺼운/VA+ETM+잠옷/NNG+꺼냈/VV+EP+어/EF+./SY"
          },
          {
            "id": 3,
            "text": "3 : 나는 잠 옷이 없는데...",
            "norm_text": "나는 잠 옷이 없는데...",
            "speaker": {
              "id": "3번",
              "sex": "남성",
              "age": "20대"
            },
            "speechAct": "(단언) 진술하기",
            "morpheme": "나/NP+는/JX+잠옷/NNG+이/JKS+없/VA+는데/EC+./SY+./SY"
          },
          {
            "id": 4,
            "text": "1 : 엄마는 진작에 수면 양말을 신었지 키키",
            "norm_text": "엄마는 진작에 수면 양말을 신었지 키키",
            "speaker": {
              "id": "1번",
              "sex": "여성",
              "age": "20대"
            },
            "speechAct": "(단언) 진술하기",
            "morpheme": "엄마/NNG+는/JX+진작/NNG+에/JKB+수면/NNG+양말/NNG+을/JKO+신/VV+었/EP+지/EC+키/NNG+키/XSV+ETN"
          },
          {
            "id": 5,
            "text": "2 : 키키 그럼 그거 겨울에 필수지 키키",
            "norm_text": "키키 그럼 그거 겨울에 필수지 키키",
            "speaker": {
              "id": "2번",
              "sex": "여성",
              "age": "20대"
            },
            "speechAct": "(단언) 주장하기",
            "morpheme": "키/NNG+키/XSV+ETN+그럼/MAJ+그거/NP+겨울/NNG+에/JKB+필/VV+ETM+수지/NNG+키/NNG+키/XSV+ETN"
          },
          {
            "id": 6,
            "text": "3 : 그냥 이불 덮고 자...",
            "norm_text": "그냥 이불 덮고 자...",
            "speaker": {
              "id": "3번",
              "sex": "남성",
              "age": "20대"
            },
            "speechAct": "(단언) 주장하기",
            "morpheme": "그냥/MAG+이불/NNG+덮/VV+고자/EF+./SY"
          },
          {
            "id": 7,
            "text": "1 : 전기장판에 차가운 귤 계절이 왔다...",
            "norm_text": "전기장판에 차가운 귤 계절이 왔다...",
            "speaker": {
              "id": "1번",
              "sex": "여성",
              "age": "20대"
            },
            "speechAct": "(단언) 진술하기",
            "morpheme": "전기장판/NNG+에/JKB+차가운/VA+ETM+귤/NNG+계절/NNG+이/JKS+왔/VV+EP+다/EF+./SY"
          },
          {
            "id": 8,
            "text": "2 : 웅 귤 까먹고 집에 뒹굴 거려야지 키키",
            "norm_text": "웅 귤 까먹고 집에 뒹굴 거려야지 키키",
            "speaker": {
              "id": "2번",
              "sex": "여성",
              "age": "20대"
            },
            "speechAct": "(단언) 주장하기",
            "morpheme": "웅/IC+귤/NNG+까먹/VV+고/EC+집/NNG+에/JKB+뒹굴/VV+ETM+거/NNB+려/VCP+EC+야지/NNG+키/NNG+키/XSV+ETN"
          },
          {
            "id": 9,
            "text": "3 : 집콕 할 때 볼 영화 찾아 놔야지 키키",
            "norm_text": "집콕 할 때 볼 영화 찾아 놔야지 키키",
            "speaker": {
              "id": "3번",
              "sex": "남성",
              "age": "20대"
            },
            "speechAct": "(단언) 주장하기",
            "morpheme": "집/NNG+콕/NNG+할/XSV+ETM+때/NNG+볼/VV+ETM+영화/NNG+찾/VV+아/EC+놔야/VX+EC+VX+지/EC+키/NNG+키/XSV+ETN"
          },
          {
            "id": 10,
            "text": "1 : 밖에서 엄청 바람맞다가 들어오면 볼 빨개져",
            "norm_text": "밖에서 엄청 바람맞다가 들어오면 볼 빨개져",
            "speaker": {
              "id": "1번",
              "sex": "여성",
              "age": "20대"
            },
            "speechAct": "(단언) 진술하기",
            "morpheme": "밖/NNG+에서/JKB+엄청/MAG+바람맞/VV+다가/EC+들어오/VV+면/EC+볼/VX+ETM+빨개져/VA+EC+VX+EC"
          },
          {
            "id": 11,
            "text": "2 : 맞아 그러고 집 딱 들어오면 녹잖아 키키",
            "norm_text": "맞아 그러고 집 딱 들어오면 녹잖아 키키",
            "speaker": {
              "id": "2번",
              "sex": "여성",
              "age": "20대"
            },
            "speechAct": "(단언) 진술하기",
            "morpheme": "맞/VV+아/EC+그러/VV+고/EC+집/NNG+딱/MAG+들어오/VV+면/EC+녹/VV+잖아/EC+키/NNG+키/XSV+ETN"
          },
          {
            "id": 12,
            "text": "3 : 나만 느끼는 기분 아니였구나 키키",
            "norm_text": "나만 느끼는 기분 아니였구나 키키",
            "speaker": {
              "id": "3번",
              "sex": "남성",
              "age": "20대"
            },
            "speechAct": "(단언) 진술하기",
            "morpheme": "나/NP+만/JX+느끼/VV+는/ETM+기분/NNG+아니/VCN+였/EP+구나/EF+키/NNG+키/XSV+ETN"
          },
          {
            "id": 13,
            "text": "1 : 이제 곧 쎈 바람들이 불겠지 ㅠ",
            "norm_text": "이제 곧 쎈 바람들이 불겠지 ㅠ",
            "speaker": {
              "id": "1번",
              "sex": "여성",
              "age": "20대"
            },
            "speechAct": "(단언) 주장하기",
            "morpheme": "이제/MAG+곧/MAG+쎈/VA+ETM+바람/NNG+들/XSN+이/JKS+불/VV+겠/EP+지ㅠ/UNKNOWN"
          },
          {
            "id": 14,
            "text": "2 : 그러니까 ㅠㅠ 엄청 추울 거 같아서 싫어 ㅠㅠ",
            "norm_text": "그러니까 ㅠㅠ 엄청 추울 거 같아서 싫어 ㅠㅠ",
            "speaker": {
              "id": "2번",
              "sex": "여성",
              "age": "20대"
            },
            "speechAct": "(단언) 주장하기",
            "morpheme": "그러니까/MAJ+ㅠㅠ/UNKNOWN+엄청/MAG+추울/VA+ETM+거/NNB+같/VA+아서/EC+싫/VA+어/EC+ㅠㅠ/UNKNOWN"
          },
          {
            "id": 15,
            "text": "3 : 왜 그 찬 공기가 좋지 않아?",
            "norm_text": "왜 그 찬 공기가 좋지 않아?",
            "speaker": {
              "id": "3번",
              "sex": "남성",
              "age": "20대"
            },
            "speechAct": "(지시) 질문하기",
            "morpheme": "왜/MAG+그/MM+찬/VA+ETM+공기/NNG+가/JKS+좋/VA+지/EC+않/VX+아/EF"
          },
          {
            "id": 16,
            "text": "1 : 겨울이니까 크림도 묵직한 걸로 바꿔야지 ㅠ",
            "norm_text": "겨울이니까 크림도 묵직한 걸로 바꿔야지 ㅠ",
            "speaker": {
              "id": "1번",
              "sex": "여성",
              "age": "20대"
            },
            "speechAct": "(단언) 주장하기",
            "morpheme": "겨울/NNG+이/VCP+니까/EC+크림/NNG+도/JX+묵직/XR+한/XSA+ETM+걸로/NNB+JKB+바꿔야/VV+EC+지ㅠ/UNKNOWN"
          },
          {
            "id": 17,
            "text": "2 : 맞아 관리 해줘야 해 키키",
            "norm_text": "맞아 관리 해줘야 해 키키",
            "speaker": {
              "id": "2번",
              "sex": "여성",
              "age": "20대"
            },
            "speechAct": "(단언) 주장하기",
            "morpheme": "맞/VV+아/EC+관리/NNG+해/XSV+EC+줘야해/VX+EC+VX+EC+키/NNG+키/XSV+ETN"
          },
          {
            "id": 18,
            "text": "2 : 찬 공기 나는 싫어 ㅠㅠ",
            "norm_text": "찬 공기 나는 싫어 ㅠㅠ",
            "speaker": {
              "id": "2번",
              "sex": "여성",
              "age": "20대"
            },
            "speechAct": "(단언) 주장하기",
            "morpheme": "찬/VA+ETM+공기/NNG+나/NP+는/JX+싫/VA+어/EC+ㅠㅠ/UNKNOWN"
          },
          {
            "id": 19,
            "text": "3 : 난 답답해서 여름보단 겨울이 좋던데 키키",
            "norm_text": "난 답답해서 여름보단 겨울이 좋던데 키키",
            "speaker": {
              "id": "3번",
              "sex": "남성",
              "age": "20대"
            },
            "speechAct": "(단언) 주장하기",
            "morpheme": "난/NP+JX+답답/XR+해서/XSA+EC+여름/NNG+보단/JKB+JX+겨울/NNG+이/JKS+좋/VA+던데/EC+키/NNG+키/XSV+ETN"
          }
        ]
      }
    }
  ]
}