{
  "dataset": {
    "identifier": 538,
    "name": "NATEON_24_09_set",
    "src_path": "/data/file/cubeManager/PROJECT001/7/txt20210827181432060314/NATEON_24_09_set/",
    "label_path": "/data/file/cubeManager/PROJECT001/7/txt20210827181432060314/NATEON_24_09_set/",
    "category": 2,
    "type": 0
  },
  "licenses": {
    "name": "Apache License 1.0",
    "url": "http://www.apache.org/licenses/LICENSE-1.0"
  },
  "info": [
    {
      "id": 856,
      "filename": "NATEON_24_09.txt",
      "title": "NATEON_24_09",
      "mediatype": "메신저",
      "medianame": "네이트온",
      "category": "일상대화",
      "date": "2021-08-27",
      "size": 1037,
      "annotations": {
        "subject": "반려동물",
        "speaker_type": "1:1",
        "size": 1037,
        "word_size": 325,
        "text": "1 : 강아지나 고양이 좋아해?\n1 : 키우고 있는 동물 있어?\n2 : 어릴 때는 매번 키웠었는데 지금은 아무것도 안 키워\n2 : 강아지 너무 키우고 싶어 ㅠㅠ\n2 : 너는 어떤 반려동물 좋아해?\n1 : 나도 강아지 제일 좋아해!\n1 : 어릴 때 키웠었는데 지금은 안 키워...\n1 : 마음은 키우고 싶은데 여러모로 생각하면 쉽게 못 키우겠어 ㅠㅠ\n2 : 그치 강아지나 고양이 키우는 것도 사람 한 명 키우는 거랑 같다는데 가뜩이나 신혼이면 더 힘들지\n2 : 어렸을 때 주변에서 특이한 동물 키운 친구 없었어?\n1 : 사촌 동생이 토끼 두 마리 키웠었어!\n1 : 나는 파충류 같은 종류는 무서워서 그런 동물 키우는 친구들은 이해가 안 됐어 ㅠㅠ\n1 : 강아지 말고 다른 동물도 좋아해?\n2 : 나도 파충류는 별로 정이 안 가더라\n2 : 강아지처럼 귀엽게 생긴 동물들은 대부분 좋아해\n2 : 강아지만큼 귀여운 건 없지만 하하\n2 : 어떤 종 키웠었어?\n1 : 나는 말티즈랑 요크셔 키웠었어!\n1 : 너는?\n2 : 나는 말티즈만 여러 마리 키웠어!\n1 : 우와 몇 마리 키웠는데?\n1 : 여러 마리 키우면 더 좋을 거 같애 하하\n2 : 아 아니 한 번에 여러 마리 키운 건 아니고 각각 한 애들씩 여러 번 키웠다는 거야...\n2 : 마음은 같이 여러 마리 키우고 싶었는데 돈이 진짜 많이 들더라고...\n1 : 그치 내 친구는 이탈리안그레이하운드라고 다리 긴 강아지 키우는데 다리 부러질 때마다 병원 가면 200만 원씩 든대...\n1 : 벌써 두 번 부러졌어\n2 : 한 번 병원 가는데 200만 원이라고?\n2 : 그럼 어떻게 키워 진짜로\n2 : 사람보다 더 많이 들어가네...\n1 : 그치 강아지도 보험이 있는 거 같은데 돈 아까우니까 안 들었었대...\n1 : 근데 돈이 엄청나게 나감 ㅠ\n1 : 대형견도 좋아하는 편이야?\n2 : 아 아니 나 대형견은 안 좋아해\n2 : 귀여운 애들이어도 크면 무섭더라고\n2 : 특히나 요즘은 물림 사고도 많잖아...\n1 : 아 그렇긴 해...\n1 : 사나운 대형견들 말고 리트리버 같은 애들은 좋아해 난!\n1 : 귀엽잖아 대형견이어도\n2 : 그래도 귀여운 거는 인정\n2 : 나중에 한번 키워봐!",
        "lines": [
          {
            "id": 1,
            "text": "1 : 강아지나 고양이 좋아해?",
            "norm_text": "강아지나 고양이 좋아해?",
            "speaker": {
              "id": "1번",
              "sex": "여성",
              "age": "20대"
            },
            "speechAct": "(지시) 질문하기",
            "morpheme": "강아지/NNG+나/JC+고양이/NNG+좋/VA+아/EC+해/VX+EF"
          },
          {
            "id": 2,
            "text": "1 : 키우고 있는 동물 있어?",
            "norm_text": "키우고 있는 동물 있어?",
            "speaker": {
              "id": "1번",
              "sex": "여성",
              "age": "20대"
            },
            "speechAct": "(지시) 질문하기",
            "morpheme": "키우/VV+고/EC+있/VX+는/ETM+동물/NNG+있/VA+어/EF"
          },
          {
            "id": 3,
            "text": "2 : 어릴 때는 매번 키웠었는데 지금은 아무것도 안 키워",
            "norm_text": "어릴 때는 매번 키웠었는데 지금은 아무것도 안 키워",
            "speaker": {
              "id": "2번",
              "sex": "여성",
              "age": "20대"
            },
            "speechAct": "(단언) 진술하기",
            "morpheme": "어릴/VA+ETM+때/NNG+는/JX+매번/MAG+키웠었/VV+EP+는데/EC+지금/MAG+은/JX+아무것/NNG+도/JX+안/MAG+키워/VV+EC"
          },
          {
            "id": 4,
            "text": "2 : 강아지 너무 키우고 싶어 ㅠㅠ",
            "norm_text": "강아지 너무 키우고 싶어 ㅠㅠ",
            "speaker": {
              "id": "2번",
              "sex": "여성",
              "age": "20대"
            },
            "speechAct": "(단언) 주장하기",
            "morpheme": "강아지/NNG+너무/MAG+키우/VV+고/EC+싶/VX+어/EC+ㅠㅠ/UNKNOWN"
          },
          {
            "id": 5,
            "text": "2 : 너는 어떤 반려동물 좋아해?",
            "norm_text": "너는 어떤 반려동물 좋아해?",
            "speaker": {
              "id": "2번",
              "sex": "여성",
              "age": "20대"
            },
            "speechAct": "(지시) 질문하기",
            "morpheme": "너/NP+는/JX+어떤/MM+반려/NNG+동물/NNG+좋/VA+아/EC+해/VX+EF"
          },
          {
            "id": 6,
            "text": "1 : 나도 강아지 제일 좋아해!",
            "norm_text": "나도 강아지 제일 좋아해!",
            "speaker": {
              "id": "1번",
              "sex": "여성",
              "age": "20대"
            },
            "speechAct": "(단언) 주장하기",
            "morpheme": "나/NP+도/JX+강아지/NNG+제일/MAG+좋/VA+아/EC+해/VX+EF"
          },
          {
            "id": 7,
            "text": "1 : 어릴 때 키웠었는데 지금은 안 키워...",
            "norm_text": "어릴 때 키웠었는데 지금은 안 키워...",
            "speaker": {
              "id": "1번",
              "sex": "여성",
              "age": "20대"
            },
            "speechAct": "(단언) 진술하기",
            "morpheme": "어릴/VA+ETM+때/NNG+키웠었/VV+EP+는데/EC+지금/MAG+은/JX+안/MAG+키워/VV+EF+./SY"
          },
          {
            "id": 8,
            "text": "1 : 마음은 키우고 싶은데 여러모로 생각하면 쉽게 못 키우겠어 ㅠㅠ",
            "norm_text": "마음은 키우고 싶은데 여러모로 생각하면 쉽게 못 키우겠어 ㅠㅠ",
            "speaker": {
              "id": "1번",
              "sex": "여성",
              "age": "20대"
            },
            "speechAct": "(단언) 주장하기",
            "morpheme": "마음/NNG+은/JX+키우/VV+고/EC+싶/VX+은데/EC+여러모로/MAG+생각/NNG+하/XSV+면/EC+쉽/VA+게/EC+못/MAG+키우/VV+겠/EP+어/EF+ㅠㅠ/UNKNOWN"
          },
          {
            "id": 9,
            "text": "2 : 그치 강아지나 고양이 키우는 것도 사람 한 명 키우는 거랑 같다는데 가뜩이나 신혼이면 더 힘들지",
            "norm_text": "그치 강아지나 고양이 키우는 것도 사람 한 명 키우는 거랑 같다는데 가뜩이나 신혼이면 더 힘들지",
            "speaker": {
              "id": "2번",
              "sex": "여성",
              "age": "20대"
            },
            "speechAct": "(단언) 주장하기",
            "morpheme": "그치/IC+강아지/NNG+나/JC+고양이/NNG+키우/VV+는/ETM+것/NNB+도/JX+사람/NNG+한/MM+명/NNBC+키우/VV+는/ETM+거/NNB+랑/JKB+같/VA+다는데/EC+가뜩이나/MAG+신혼/NNG+이/VCP+면/EC+더/MAG+힘들/VA+지/EC"
          },
          {
            "id": 10,
            "text": "2 : 어렸을 때 주변에서 특이한 동물 키운 친구 없었어?",
            "norm_text": "어렸을 때 주변에서 특이한 동물 키운 친구 없었어?",
            "speaker": {
              "id": "2번",
              "sex": "여성",
              "age": "20대"
            },
            "speechAct": "(지시) 질문하기",
            "morpheme": "어렸/VA+EP+을/ETM+때/NNG+주변/NNG+에서/JKB+특이/NNG+한/XSA+ETM+동물/NNG+키운/VV+ETM+친구/NNG+없/VA+었/EP+어/EF"
          },
          {
            "id": 11,
            "text": "1 : 사촌 동생이 토끼 두 마리 키웠었어!",
            "norm_text": "사촌 동생이 토끼 두 마리 키웠었어!",
            "speaker": {
              "id": "1번",
              "sex": "여성",
              "age": "20대"
            },
            "speechAct": "(단언) 진술하기",
            "morpheme": "사촌/NNG+동생/NNG+이/JKS+토끼/NNG+두/MM+마리/NNBC+키웠었/VV+EP+어/EF"
          },
          {
            "id": 12,
            "text": "1 : 나는 파충류 같은 종류는 무서워서 그런 동물 키우는 친구들은 이해가 안 됐어 ㅠㅠ",
            "norm_text": "나는 파충류 같은 종류는 무서워서 그런 동물 키우는 친구들은 이해가 안 됐어 ㅠㅠ",
            "speaker": {
              "id": "1번",
              "sex": "여성",
              "age": "20대"
            },
            "speechAct": "(단언) 주장하기",
            "morpheme": "나/NP+는/JX+파충류/NNG+같/VA+은/ETM+종류/NNG+는/JX+무서워서/VA+EC+그런/MM+동물/NNG+키우/VV+는/ETM+친구/NNG+들/XSN+은/JX+이해/NNG+가/JKS+안/MAG+됐/VV+EP+어/EF+ㅠㅠ/UNKNOWN"
          },
          {
            "id": 13,
            "text": "1 : 강아지 말고 다른 동물도 좋아해?",
            "norm_text": "강아지 말고 다른 동물도 좋아해?",
            "speaker": {
              "id": "1번",
              "sex": "여성",
              "age": "20대"
            },
            "speechAct": "(지시) 질문하기",
            "morpheme": "강아지/NNG+말/VV+고/EC+다른/MM+동물/NNG+도/JX+좋/VA+아/EC+해/VX+EF"
          },
          {
            "id": 14,
            "text": "2 : 나도 파충류는 별로 정이 안 가더라",
            "norm_text": "나도 파충류는 별로 정이 안 가더라",
            "speaker": {
              "id": "2번",
              "sex": "여성",
              "age": "20대"
            },
            "speechAct": "(단언) 주장하기",
            "morpheme": "나/NP+도/JX+파충류/NNG+는/JX+별로/MAG+정/NNG+이/JKS+안/MAG+가/VV+더라/EC"
          },
          {
            "id": 15,
            "text": "2 : 강아지처럼 귀엽게 생긴 동물들은 대부분 좋아해",
            "norm_text": "강아지처럼 귀엽게 생긴 동물들은 대부분 좋아해",
            "speaker": {
              "id": "2번",
              "sex": "여성",
              "age": "20대"
            },
            "speechAct": "(단언) 주장하기",
            "morpheme": "강아지/NNG+처럼/JKB+귀엽/VA+게/EC+생긴/VV+ETM+동물/NNG+들/XSN+은/JX+대부분/NNG+좋/VA+아/EC+해/VV+EC"
          },
          {
            "id": 16,
            "text": "2 : 강아지만큼 귀여운 건 없지만 하하",
            "norm_text": "강아지만큼 귀여운 건 없지만 하하",
            "speaker": {
              "id": "2번",
              "sex": "여성",
              "age": "20대"
            },
            "speechAct": "(단언) 주장하기",
            "morpheme": "강아지/NNG+만큼/JKB+귀여운/VA+ETM+건/NNB+JX+없/VA+지만/EC+하하/MAG"
          },
          {
            "id": 17,
            "text": "2 : 어떤 종 키웠었어?",
            "norm_text": "어떤 종 키웠었어?",
            "speaker": {
              "id": "2번",
              "sex": "여성",
              "age": "20대"
            },
            "speechAct": "(지시) 질문하기",
            "morpheme": "어떤/MM+종/NNG+키웠었/VV+EP+어/EF"
          },
          {
            "id": 18,
            "text": "1 : 나는 말티즈랑 요크셔 키웠었어!",
            "norm_text": "나는 말티즈랑 요크셔 키웠었어!",
            "speaker": {
              "id": "1번",
              "sex": "여성",
              "age": "20대"
            },
            "speechAct": "(단언) 진술하기",
            "morpheme": "나/NP+는/JX+말/NNG+티즈/NNP+랑/JC+요크셔/NNG+키웠었/VV+EP+어/EF"
          },
          {
            "id": 19,
            "text": "1 : 너는?",
            "norm_text": "너는?",
            "speaker": {
              "id": "1번",
              "sex": "여성",
              "age": "20대"
            },
            "speechAct": "(지시) 질문하기",
            "morpheme": "너/NP+는/JX"
          },
          {
            "id": 20,
            "text": "2 : 나는 말티즈만 여러 마리 키웠어!",
            "norm_text": "나는 말티즈만 여러 마리 키웠어!",
            "speaker": {
              "id": "2번",
              "sex": "여성",
              "age": "20대"
            },
            "speechAct": "(단언) 진술하기",
            "morpheme": "나/NP+는/JX+말/NNG+티즈/NNP+만/JX+여러/MM+마리/NNBC+키웠/VV+EP+어/EF"
          },
          {
            "id": 21,
            "text": "1 : 우와 몇 마리 키웠는데?",
            "norm_text": "우와 몇 마리 키웠는데?",
            "speaker": {
              "id": "1번",
              "sex": "여성",
              "age": "20대"
            },
            "speechAct": "(지시) 질문하기",
            "morpheme": "우와/IC+몇/MM+마리/NNBC+키웠/VV+EP+는데/EF"
          },
          {
            "id": 22,
            "text": "1 : 여러 마리 키우면 더 좋을 거 같애 하하",
            "norm_text": "여러 마리 키우면 더 좋을 거 같애 하하",
            "speaker": {
              "id": "1번",
              "sex": "여성",
              "age": "20대"
            },
            "speechAct": "(단언) 주장하기",
            "morpheme": "여러/MM+마리/NNBC+키우/VV+면/EC+더/MAG+좋/VA+을/ETM+거/NNB+같/VA+애/EF+하하/MAG"
          },
          {
            "id": 23,
            "text": "2 : 아 아니 한 번에 여러 마리 키운 건 아니고 각각 한 애들씩 여러 번 키웠다는 거야...",
            "norm_text": "아 아니 한 번에 여러 마리 키운 건 아니고 각각 한 애들씩 여러 번 키웠다는 거야...",
            "speaker": {
              "id": "2번",
              "sex": "여성",
              "age": "20대"
            },
            "speechAct": "(단언) 진술하기",
            "morpheme": "아/IC+아니/IC+한/MM+번/NNBC+에/JKB+여러/MM+마리/NNBC+키운/VV+ETM+건/NNB+JX+아니/VCN+고/EC+각각/MAG+한/XSA+ETM+애/NNG+들/XSN+씩/JKB+여러/MM+번/NNBC+키웠/VV+EP+다는/ETM+거/NNB+야/VCP+EF+./SY"
          },
          {
            "id": 24,
            "text": "2 : 마음은 같이 여러 마리 키우고 싶었는데 돈이 진짜 많이 들더라고...",
            "norm_text": "마음은 같이 여러 마리 키우고 싶었는데 돈이 진짜 많이 들더라고...",
            "speaker": {
              "id": "2번",
              "sex": "여성",
              "age": "20대"
            },
            "speechAct": "(단언) 진술하기",
            "morpheme": "마음/NNG+은/JX+같이/MAG+여러/MM+마리/NNBC+키우/VV+고/EC+싶/VX+었/EP+는데/EC+돈/NNG+이/JKS+진짜/MAG+많이/MAG+들/VV+더라고/EF+./SY"
          },
          {
            "id": 25,
            "text": "1 : 그치 내 친구는 이탈리안그레이하운드라고 다리 긴 강아지 키우는데 다리 부러질 때마다 병원 가면 200만 원씩 든대...",
            "norm_text": "그치 내 친구는 이탈리안그레이하운드라고 다리 긴 강아지 키우는데 다리 부러질 때마다 병원 가면 200만 원씩 든대...",
            "speaker": {
              "id": "1번",
              "sex": "여성",
              "age": "20대"
            },
            "speechAct": "(단언) 진술하기",
            "morpheme": "그치/IC+내/NP+JKG+친구/NNG+는/JX+이탈리안/NNP+그레이하운드/NNG+라고/VCP+EC+다리/VV+긴/ETN+JX+강아지/NNG+키우/VV+는데/EC+다리/NNG+부러질/VV+ETM+때/NNG+마다/JX+병원/NNG+가/VV+면/EC+200/SN+만/NR+원/NNBC+씩/XSN+든대/EF+./SY"
          },
          {
            "id": 26,
            "text": "1 : 벌써 두 번 부러졌어",
            "norm_text": "벌써 두 번 부러졌어",
            "speaker": {
              "id": "1번",
              "sex": "여성",
              "age": "20대"
            },
            "speechAct": "(단언) 진술하기",
            "morpheme": "벌써/MAG+두/MM+번/NNBC+부러졌/VV+EP+어/EC"
          },
          {
            "id": 27,
            "text": "2 : 한 번 병원 가는데 200만 원이라고?",
            "norm_text": "한 번 병원 가는데 200만 원이라고?",
            "speaker": {
              "id": "2번",
              "sex": "여성",
              "age": "20대"
            },
            "speechAct": "(지시) 질문하기",
            "morpheme": "한/MM+번/NNBC+병원/NNG+가/VV+는/ETM+데/NNB+200/SN+만/NR+원/NNBC+이/VCP+라고/EF"
          },
          {
            "id": 28,
            "text": "2 : 그럼 어떻게 키워 진짜로",
            "norm_text": "그럼 어떻게 키워 진짜로",
            "speaker": {
              "id": "2번",
              "sex": "여성",
              "age": "20대"
            },
            "speechAct": "(단언) 주장하기",
            "morpheme": "그럼/MAJ+어떻게/MAG+키워/VV+EC+진짜/NNG+로/JKB"
          },
          {
            "id": 29,
            "text": "2 : 사람보다 더 많이 들어가네...",
            "norm_text": "사람보다 더 많이 들어가네...",
            "speaker": {
              "id": "2번",
              "sex": "여성",
              "age": "20대"
            },
            "speechAct": "(단언) 주장하기",
            "morpheme": "사람/NNG+보다/JKB+더/MAG+많이/MAG+들어가/VV+네/EF+./SY"
          },
          {
            "id": 30,
            "text": "1 : 그치 강아지도 보험이 있는 거 같은데 돈 아까우니까 안 들었었대...",
            "norm_text": "그치 강아지도 보험이 있는 거 같은데 돈 아까우니까 안 들었었대...",
            "speaker": {
              "id": "1번",
              "sex": "여성",
              "age": "20대"
            },
            "speechAct": "(단언) 진술하기",
            "morpheme": "그치/IC+강아지/NNG+도/JX+보험/NNG+이/JKS+있/VA+는/ETM+거/NNB+같/VA+은데/EC+돈/NNG+아까우/VA+니까/EC+안/MAG+들/VV+었었/EP+대/EF+./SY"
          },
          {
            "id": 31,
            "text": "1 : 근데 돈이 엄청나게 나감 ㅠ",
            "norm_text": "근데 돈이 엄청나게 나감 ㅠ",
            "speaker": {
              "id": "1번",
              "sex": "여성",
              "age": "20대"
            },
            "speechAct": "(단언) 진술하기",
            "morpheme": "근데/MAJ+돈/NNG+이/JKS+엄청나/VA+게/EC+나감/VX+ETN+ㅠ/UNKNOWN"
          },
          {
            "id": 32,
            "text": "1 : 대형견도 좋아하는 편이야?",
            "norm_text": "대형견도 좋아하는 편이야?",
            "speaker": {
              "id": "1번",
              "sex": "여성",
              "age": "20대"
            },
            "speechAct": "(지시) 질문하기",
            "morpheme": "대형/NNG+견/NNG+도/JX+좋/VA+아/EC+하/VV+는/ETM+편/NNB+이/VCP+야/EF"
          },
          {
            "id": 33,
            "text": "2 : 아 아니 나 대형견은 안 좋아해",
            "norm_text": "아 아니 나 대형견은 안 좋아해",
            "speaker": {
              "id": "2번",
              "sex": "여성",
              "age": "20대"
            },
            "speechAct": "(단언) 주장하기",
            "morpheme": "아/IC+아니/IC+나대/NNG+형/XSN+견/NNG+은/JX+안/MAG+좋아해/VV+EC"
          },
          {
            "id": 34,
            "text": "2 : 귀여운 애들이어도 크면 무섭더라고",
            "norm_text": "귀여운 애들이어도 크면 무섭더라고",
            "speaker": {
              "id": "2번",
              "sex": "여성",
              "age": "20대"
            },
            "speechAct": "(단언) 주장하기",
            "morpheme": "귀여운/VA+ETM+애/NNG+들/XSN+이/VCP+어도/EC+크/VA+면/EC+무섭/VA+더라고/EC"
          },
          {
            "id": 35,
            "text": "2 : 특히나 요즘은 물림 사고도 많잖아...",
            "norm_text": "특히나 요즘은 물림 사고도 많잖아...",
            "speaker": {
              "id": "2번",
              "sex": "여성",
              "age": "20대"
            },
            "speechAct": "(단언) 진술하기",
            "morpheme": "특히/MAG+나/JX+요즘/NNG+은/JX+물림/NNG+사고/NNG+도/JX+많/VA+잖아/EF+./SY"
          },
          {
            "id": 36,
            "text": "1 : 아 그렇긴 해...",
            "norm_text": "아 그렇긴 해...",
            "speaker": {
              "id": "1번",
              "sex": "여성",
              "age": "20대"
            },
            "speechAct": "(단언) 주장하기",
            "morpheme": "아/IC+그렇/VA+긴/ETN+JX+해/VX+EF+./SY"
          },
          {
            "id": 37,
            "text": "1 : 사나운 대형견들 말고 리트리버 같은 애들은 좋아해 난!",
            "norm_text": "사나운 대형견들 말고 리트리버 같은 애들은 좋아해 난!",
            "speaker": {
              "id": "1번",
              "sex": "여성",
              "age": "20대"
            },
            "speechAct": "(단언) 주장하기",
            "morpheme": "사나운/VA+ETM+대형/NNG+견/NNG+들/XSN+말/VV+고/EC+리트리버/NNP+같/VA+은/ETM+애/NNG+들/XSN+은/JX+좋/VA+아/EC+해난/NNG"
          },
          {
            "id": 38,
            "text": "1 : 귀엽잖아 대형견이어도",
            "norm_text": "귀엽잖아 대형견이어도",
            "speaker": {
              "id": "1번",
              "sex": "여성",
              "age": "20대"
            },
            "speechAct": "(단언) 주장하기",
            "morpheme": "귀엽/VA+잖아/EC+대형/NNG+견/NNG+이/VCP+어도/EC"
          },
          {
            "id": 39,
            "text": "2 : 그래도 귀여운 거는 인정",
            "norm_text": "그래도 귀여운 거는 인정",
            "speaker": {
              "id": "2번",
              "sex": "여성",
              "age": "20대"
            },
            "speechAct": "(단언) 주장하기",
            "morpheme": "그래도/MAJ+귀여운/VA+ETM+거/NNB+는/JX+인정/NNG"
          },
          {
            "id": 40,
            "text": "2 : 나중에 한번 키워봐!",
            "norm_text": "나중에 한번 키워봐!",
            "speaker": {
              "id": "2번",
              "sex": "여성",
              "age": "20대"
            },
            "speechAct": "(지시) 충고/제안하기",
            "morpheme": "나중/NNG+에/JKB+한/MM+번/NNBC+키워/VV+EC+봐/VX+EF"
          }
        ]
      }
    }
  ]
}