{
  "dataset": {
    "identifier": 114590,
    "name": "NATEON_34_08_set",
    "src_path": "/data/file/cubeManager/PROJECT001/80/txt20211103154238011948/NATEON_34_08_set/",
    "label_path": "/data/file/cubeManager/PROJECT001/80/txt20211103154238011948/NATEON_34_08_set/",
    "category": 2,
    "type": 0
  },
  "licenses": {
    "name": "Apache License 1.0",
    "url": "http://www.apache.org/licenses/LICENSE-1.0"
  },
  "info": [
    {
      "id": 135463,
      "filename": "NATEON_34_08.txt",
      "title": "NATEON_34_08",
      "mediatype": "메신저",
      "medianame": "네이트온",
      "category": "일상대화",
      "date": "2021-11-03",
      "size": 431,
      "annotations": {
        "subject": "연애/결혼",
        "speaker_type": "다자간 대화",
        "size": 431,
        "word_size": 155,
        "text": "1 : 이번에 내 친구 결혼한데...\n2 : 친한 친구야?\n2 : 기분이 어때...\n3 : 헐 그럼 엄청 어린 거 아니야?\n1 : 응 시집을 좀 일찍 가네 하하\n1 : 기분 묘해\n2 : 그럼 친구들 중엔 처음으로 가는 거야?\n3 : 그러게 내 친구가 가면 묘할 거 같다\n1 : 응 첫 번째로 시집 가는 거야\n2 : 이미 난 보내봤지 ㅠㅠ\n2 ; 그거 기분 이상해 키키 눈물 나\n3 : 오, 축의금 많이 내야겠는데\n1 : 키키 아 진짜 축의금 많이 내야지\n2 : 그럼 친한 친구 갈 때는 아끼지 말고 내야 함 키키\n3 : 키키 결혼의 꽃은 축의금인 거 몰라?\n1 : 안그래도 많이 내려고 했거든\n2 : 그거 돈 봉투 세면서 잠 들어야 된다고 키키\n3 : 키키 맞아\n3 : 그래도 친구 잘 뒀네~\n1 : 그러니까 내 친구 복 받았어~\n2 : 가기 전에 브라이덜 샤워 그것도 꼭 하고!\n3 : 그래 큰 복 받았지~",
        "lines": [
          {
            "id": 1,
            "text": "1 : 이번에 내 친구 결혼한데...",
            "norm_text": "이번에 내 친구 결혼한데...",
            "speaker": {
              "id": "1번",
              "sex": "여성",
              "age": "20대"
            },
            "speechAct": "(단언) 진술하기",
            "morpheme": "이번/NNG+에/JKB+내/NP+JKG+친구/NNG+결혼/NNG+한데/XSA+EF+./SY"
          },
          {
            "id": 2,
            "text": "2 : 친한 친구야?",
            "norm_text": "친한 친구야?",
            "speaker": {
              "id": "2번",
              "sex": "여성",
              "age": "20대"
            },
            "speechAct": "(지시) 질문하기",
            "morpheme": "친한/VA+ETM+친구/NNG+야/VCP+EF"
          },
          {
            "id": 3,
            "text": "2 : 기분이 어때...",
            "norm_text": "기분이 어때...",
            "speaker": {
              "id": "2번",
              "sex": "여성",
              "age": "20대"
            },
            "speechAct": "(지시) 질문하기",
            "morpheme": "기분/NNG+이/JKS+어때/VA+EF+./SY"
          },
          {
            "id": 4,
            "text": "3 : 헐 그럼 엄청 어린 거 아니야?",
            "norm_text": "헐 그럼 엄청 어린 거 아니야?",
            "speaker": {
              "id": "3번",
              "sex": "남성",
              "age": "20대"
            },
            "speechAct": "(지시) 질문하기",
            "morpheme": "헐/IC+그럼/MAJ+엄청/MAG+어린/VA+ETM+거/NNB+아니/VCN+야/EF"
          },
          {
            "id": 5,
            "text": "1 : 응 시집을 좀 일찍 가네 하하",
            "norm_text": "응 시집을 좀 일찍 가네 하하",
            "speaker": {
              "id": "1번",
              "sex": "여성",
              "age": "20대"
            },
            "speechAct": "(단언) 진술하기",
            "morpheme": "응/IC+시집/NNG+을/JKO+좀/MAG+일찍/MAG+가네/NNP+하하/NNP"
          },
          {
            "id": 6,
            "text": "1 : 기분 묘해",
            "norm_text": "기분 묘해",
            "speaker": {
              "id": "1번",
              "sex": "여성",
              "age": "20대"
            },
            "speechAct": "(단언) 주장하기",
            "morpheme": "기분/NNG+묘/NNG+해/XSV+EC"
          },
          {
            "id": 7,
            "text": "2 : 그럼 친구들 중엔 처음으로 가는 거야?",
            "norm_text": "그럼 친구들 중엔 처음으로 가는 거야?",
            "speaker": {
              "id": "2번",
              "sex": "여성",
              "age": "20대"
            },
            "speechAct": "(지시) 질문하기",
            "morpheme": "그럼/MAJ+친구/NNG+들/XSN+중/NNB+엔/JKB+JX+처음/NNG+으로/JKB+가/VV+는/ETM+거/NNB+야/VCP+EF"
          },
          {
            "id": 8,
            "text": "3 : 그러게 내 친구가 가면 묘할 거 같다",
            "norm_text": "그러게 내 친구가 가면 묘할 거 같다",
            "speaker": {
              "id": "3번",
              "sex": "남성",
              "age": "20대"
            },
            "speechAct": "(단언) 진술하기",
            "morpheme": "그러게/IC+내/NP+JKG+친구/NNG+가/JKS+가/VV+면/EC+묘/NNG+할/XSV+ETM+거/NNB+같/VA+다/EC"
          },
          {
            "id": 9,
            "text": "1 : 응 첫 번째로 시집 가는 거야",
            "norm_text": "응 첫 번째로 시집 가는 거야",
            "speaker": {
              "id": "1번",
              "sex": "여성",
              "age": "20대"
            },
            "speechAct": "(단언) 진술하기",
            "morpheme": "응/IC+첫/MM+번/NNBC+째/XSN+로/JKB+시집가/VV+는/ETM+거/NNB+야/VCP+EF"
          },
          {
            "id": 10,
            "text": "2 : 이미 난 보내봤지 ㅠㅠ",
            "norm_text": "이미 난 보내봤지 ㅠㅠ",
            "speaker": {
              "id": "2번",
              "sex": "여성",
              "age": "20대"
            },
            "speechAct": "(단언) 진술하기",
            "morpheme": "이미/MAG+난/NP+JX+보내/VV+EC+봤/VX+EP+지/EF+ㅠㅠ/UNKNOWN"
          },
          {
            "id": 11,
            "text": "2 ; 그거 기분 이상해 키키 눈물 나",
            "norm_text": "그거 기분 이상해 키키 눈물 나",
            "speaker": {
              "id": "2번",
              "sex": "여성",
              "age": "20대"
            },
            "speechAct": "(단언) 진술하기",
            "morpheme": "그거/NP+기분/NNG+이상/NNG+해/XSV+EC+키/NNG+키/XSV+ETN+눈물나/VV"
          },
          {
            "id": 12,
            "text": "3 : 오, 축의금 많이 내야겠는데",
            "norm_text": "오, 축의금 많이 내야겠는데",
            "speaker": {
              "id": "3번",
              "sex": "남성",
              "age": "20대"
            },
            "speechAct": "(단언) 주장하기",
            "morpheme": "오/IC+,/SC+축의금/NNG+많이/MAG+내/VV+야/EC+겠는데/VX+EP+EC"
          },
          {
            "id": 13,
            "text": "1 : 키키 아 진짜 축의금 많이 내야지",
            "norm_text": "키키 아 진짜 축의금 많이 내야지",
            "speaker": {
              "id": "1번",
              "sex": "여성",
              "age": "20대"
            },
            "speechAct": "(단언) 진술하기",
            "morpheme": "키/NNG+키/VV+아/EC+진짜/MAG+축의금/NNG+많이/MAG+내/VV+야지/EC"
          },
          {
            "id": 14,
            "text": "2 : 그럼 친한 친구 갈 때는 아끼지 말고 내야 함 키키",
            "norm_text": "그럼 친한 친구 갈 때는 아끼지 말고 내야 함 키키",
            "speaker": {
              "id": "2번",
              "sex": "여성",
              "age": "20대"
            },
            "speechAct": "(단언) 진술하기",
            "morpheme": "그럼/MAJ+친한/VA+ETM+친구/NNG+갈/VV+ETM+때/NNG+는/JX+아끼/VV+지/EC+말/VX+고/EC+내/VX+야/EC+함/VX+ETN+키/NNG+키/XSV+ETN"
          },
          {
            "id": 15,
            "text": "3 : 키키 결혼의 꽃은 축의금인 거 몰라?",
            "norm_text": "키키 결혼의 꽃은 축의금인 거 몰라?",
            "speaker": {
              "id": "3번",
              "sex": "남성",
              "age": "20대"
            },
            "speechAct": "(지시) 질문하기",
            "morpheme": "키/NNG+키/NNG+결혼/NNG+의/JKG+꽃/NNG+은/JX+축의금/NNG+인/VCP+ETM+거/NNB+몰라/VV+EF"
          },
          {
            "id": 16,
            "text": "1 : 안그래도 많이 내려고 했거든",
            "norm_text": "안그래도 많이 내려고 했거든",
            "speaker": {
              "id": "1번",
              "sex": "여성",
              "age": "20대"
            },
            "speechAct": "(단언) 진술하기",
            "morpheme": "안/MAG+그래도/VV+EC+많이/MAG+내/VV+려고/EC+했/VX+EP+거든/EC"
          },
          {
            "id": 17,
            "text": "2 : 그거 돈 봉투 세면서 잠 들어야 된다고 키키",
            "norm_text": "그거 돈 봉투 세면서 잠 들어야 된다고 키키",
            "speaker": {
              "id": "2번",
              "sex": "여성",
              "age": "20대"
            },
            "speechAct": "(단언) 주장하기",
            "morpheme": "그거/NP+돈/NNG+봉투/NNG+세/VA+면서/EC+잠들/VV+어야/EC+된다고/VV+EC+키/NNG+키/XSV+ETN"
          },
          {
            "id": 18,
            "text": "3 : 키키 맞아",
            "norm_text": "키키 맞아",
            "speaker": {
              "id": "3번",
              "sex": "남성",
              "age": "20대"
            },
            "speechAct": "(단언) 주장하기",
            "morpheme": "키/NNG+키/XSV+ETN+맞/VV+아/EC"
          },
          {
            "id": 19,
            "text": "3 : 그래도 친구 잘 뒀네~",
            "norm_text": "그래도 친구 잘 뒀네~",
            "speaker": {
              "id": "3번",
              "sex": "남성",
              "age": "20대"
            },
            "speechAct": "(단언) 진술하기",
            "morpheme": "그래도/MAJ+친구/NNG+잘/MAG+뒀/VV+EP+네/EF+~/SY"
          },
          {
            "id": 20,
            "text": "1 : 그러니까 내 친구 복 받았어~",
            "norm_text": "그러니까 내 친구 복 받았어~",
            "speaker": {
              "id": "1번",
              "sex": "여성",
              "age": "20대"
            },
            "speechAct": "(지시) 명령/요구하기",
            "morpheme": "그러니까/MAJ+내/MM+친구/NNG+복/NNG+받/VV+았/EP+어/EC+~/SY"
          },
          {
            "id": 21,
            "text": "2 : 가기 전에 브라이덜 샤워 그것도 꼭 하고!",
            "norm_text": "가기 전에 브라이덜 샤워 그것도 꼭 하고!",
            "speaker": {
              "id": "2번",
              "sex": "여성",
              "age": "20대"
            },
            "speechAct": "(지시) 충고/제안하기",
            "morpheme": "가/VV+기/ETN+전/NNG+에/JKB+브라/NNP+이/JKS+덜/MAG+샤워/NNG+그것/NP+도/JX+꼭/MAG+하/VV+고/EC"
          },
          {
            "id": 22,
            "text": "3 : 그래 큰 복 받았지~",
            "norm_text": "그래 큰 복 받았지~",
            "speaker": {
              "id": "3번",
              "sex": "남성",
              "age": "20대"
            },
            "speechAct": "(단언) 주장하기",
            "morpheme": "그래/IC+큰/VA+ETM+복/NNG+받/VV+았/EP+지/EC+~/SY"
          }
        ]
      }
    }
  ]
}