{
  "dataset": {
    "identifier": 16519,
    "name": "NATEON_22_17_set",
    "src_path": "/data/file/cubeManager/PROJECT001/7/txt20210826181651057520/NATEON_22_17_set/",
    "label_path": "/data/file/cubeManager/PROJECT001/7/txt20210826181651057520/NATEON_22_17_set/",
    "category": 2,
    "type": 0
  },
  "licenses": {
    "name": "Apache License 1.0",
    "url": "http://www.apache.org/licenses/LICENSE-1.0"
  },
  "info": [
    {
      "id": 756,
      "filename": "NATEON_22_17.txt",
      "title": "NATEON_22_17",
      "mediatype": "메신저",
      "medianame": "네이트온",
      "category": "일상대화",
      "date": "2021-08-26",
      "size": 531,
      "annotations": {
        "subject": "건강",
        "speaker_type": "1:1",
        "size": 531,
        "word_size": 172,
        "text": "1 : 요즘 더워서 식중독 걸리기 쉬운 거 같아.\n1 : 위생 많이 신경 써?\n2 : 저는 소독 많이 하고 신경 쓰는 편이에요\n2 : 언니는요?\n1 : 코로나 때문에 알코올 스왑으로 뭐 자주 닦는 편이야.\n1 : 음식은 꼬박꼬박 냉장고행 하고!\n2 : 저도 식중독 무서워서 먹는 거랑 관리 잘 하는 편이에요.\n1 : 건강 때문에 챙겨 먹는 영양제 같은 거 있어?\n2 : 저는 마그네슘 먹어요\n2 : 언니는 뭐 먹어요?\n1 : 비타민이랑 오메가 정도 챙겨 먹어\n1 : 마그네슘은 어디에 좋아?\n2 : 불면이랑 불안에 좋대요\n2 : 비타민이랑 오메가는 비싸요?\n1 : 요즘은 많이 판매해서 저렴한 것도 많은 거 같아\n2 : 저도 마그네슘은 생각보다 안 비싸더라고요.\n1 : 운동 같은 건 챙겨 하는 거 있어?\n2 : 저는 걷기하고 있어요\n2 : 언니는 하는 운동 있어요?\n1 : 아침 저녁으로 스트레칭 정도 얼마나 걸어?\n2 : 저는 하루에 30분씩 걸어요.\n2 : 언니는 얼마나 스트레칭해요?\n1 : 한 번 할 때 30분씩 해 키키\n1 : 우리 건강하자\n2 : 건강합시다. 우리~\n2 : 파이팅!",
        "lines": [
          {
            "id": 1,
            "text": "1 : 요즘 더워서 식중독 걸리기 쉬운 거 같아.",
            "norm_text": "요즘 더워서 식중독 걸리기 쉬운 거 같아.",
            "speaker": {
              "id": "1번",
              "sex": "여성",
              "age": "30대"
            },
            "speechAct": "(단언) 주장하기",
            "morpheme": "요즘/MAG+더워서/VA+EC+식중독/NNG+걸리/VV+기/ETN+쉬운/VA+ETM+거/NNB+같/VA+아/EF"
          },
          {
            "id": 2,
            "text": "1 : 위생 많이 신경 써?",
            "norm_text": "위생 많이 신경 써?",
            "speaker": {
              "id": "1번",
              "sex": "여성",
              "age": "30대"
            },
            "speechAct": "(지시) 질문하기",
            "morpheme": "위생/NNG+많이/MAG+신경/NNG+써/VV+EF"
          },
          {
            "id": 3,
            "text": "2 : 저는 소독 많이 하고 신경 쓰는 편이에요",
            "norm_text": "저는 소독 많이 하고 신경 쓰는 편이에요",
            "speaker": {
              "id": "2번",
              "sex": "여성",
              "age": "20대"
            },
            "speechAct": "(단언) 진술하기",
            "morpheme": "저/NP+는/JX+소독/NNG+많이/MAG+하/VV+고/EC+신경/NNG+쓰/VV+는/ETM+편/NNB+이/VCP+에요/EF"
          },
          {
            "id": 4,
            "text": "2 : 언니는요?",
            "norm_text": "언니는요?",
            "speaker": {
              "id": "2번",
              "sex": "여성",
              "age": "20대"
            },
            "speechAct": "(지시) 질문하기",
            "morpheme": "언니/NNG+는/JX+요/JX"
          },
          {
            "id": 5,
            "text": "1 : 코로나 때문에 알코올 스왑으로 뭐 자주 닦는 편이야.",
            "norm_text": "코로나 때문에 알코올 스왑으로 뭐 자주 닦는 편이야.",
            "speaker": {
              "id": "1번",
              "sex": "여성",
              "age": "30대"
            },
            "speechAct": "(단언) 진술하기",
            "morpheme": "코로나/NNG+때문/NNB+에/JKB+알코올/NNG+스왑/NNP+으로/JKB+뭐/IC+자주/MAG+닦/VV+는/ETM+편/NNB+이/VCP+야/EF"
          },
          {
            "id": 6,
            "text": "1 : 음식은 꼬박꼬박 냉장고행 하고!",
            "norm_text": "음식은 꼬박꼬박 냉장고행 하고!",
            "speaker": {
              "id": "1번",
              "sex": "여성",
              "age": "30대"
            },
            "speechAct": "(단언) 진술하기",
            "morpheme": "음식/NNG+은/JX+꼬박꼬박/MAG+냉장/NNG+고행/NNG+하/XSV+고/EC"
          },
          {
            "id": 7,
            "text": "2 : 저도 식중독 무서워서 먹는 거랑 관리 잘 하는 편이에요.",
            "norm_text": "저도 식중독 무서워서 먹는 거랑 관리 잘 하는 편이에요.",
            "speaker": {
              "id": "2번",
              "sex": "여성",
              "age": "20대"
            },
            "speechAct": "(단언) 주장하기",
            "morpheme": "저/NP+도/JX+식중독/NNG+무서워서/VA+EC+먹/VV+는/ETM+거/NNB+랑/JC+관리/NNG+잘/MAG+하/VV+는/ETM+편/NNB+이/VCP+에요/EF"
          },
          {
            "id": 8,
            "text": "1 : 건강 때문에 챙겨 먹는 영양제 같은 거 있어?",
            "norm_text": "건강 때문에 챙겨 먹는 영양제 같은 거 있어?",
            "speaker": {
              "id": "1번",
              "sex": "여성",
              "age": "30대"
            },
            "speechAct": "(지시) 질문하기",
            "morpheme": "건강/NNG+때문/NNB+에/JKB+챙겨/VV+EC+먹/VV+는/ETM+영양제/NNG+같/VA+은/ETM+거/NNB+있/VA+어/EF"
          },
          {
            "id": 9,
            "text": "2 : 저는 마그네슘 먹어요",
            "norm_text": "저는 마그네슘 먹어요",
            "speaker": {
              "id": "2번",
              "sex": "여성",
              "age": "20대"
            },
            "speechAct": "(단언) 진술하기",
            "morpheme": "저/NP+는/JX+마그네슘/NNG+먹/VV+어요/EF"
          },
          {
            "id": 10,
            "text": "2 : 언니는 뭐 먹어요?",
            "norm_text": "언니는 뭐 먹어요?",
            "speaker": {
              "id": "2번",
              "sex": "여성",
              "age": "20대"
            },
            "speechAct": "(지시) 질문하기",
            "morpheme": "언니/NNG+는/JX+뭐/IC+먹/VV+어요/EF"
          },
          {
            "id": 11,
            "text": "1 : 비타민이랑 오메가 정도 챙겨 먹어",
            "norm_text": "비타민이랑 오메가 정도 챙겨 먹어",
            "speaker": {
              "id": "1번",
              "sex": "여성",
              "age": "30대"
            },
            "speechAct": "(단언) 진술하기",
            "morpheme": "비타민/NNG+이랑/JKB+오메가/NNG+정도/NNG+챙겨/VV+EC+먹/VV+어/EC"
          },
          {
            "id": 12,
            "text": "1 : 마그네슘은 어디에 좋아?",
            "norm_text": "마그네슘은 어디에 좋아?",
            "speaker": {
              "id": "1번",
              "sex": "여성",
              "age": "30대"
            },
            "speechAct": "(지시) 질문하기",
            "morpheme": "마그네슘/NNG+은/JX+어디/NP+에/JKB+좋/VA+아/EF"
          },
          {
            "id": 13,
            "text": "2 : 불면이랑 불안에 좋대요",
            "norm_text": "불면이랑 불안에 좋대요",
            "speaker": {
              "id": "2번",
              "sex": "여성",
              "age": "20대"
            },
            "speechAct": "(단언) 진술하기",
            "morpheme": "불면/NNG+이랑/JKB+불안/NNG+에/JKB+좋/VA+대요/EC"
          },
          {
            "id": 14,
            "text": "2 : 비타민이랑 오메가는 비싸요?",
            "norm_text": "비타민이랑 오메가는 비싸요?",
            "speaker": {
              "id": "2번",
              "sex": "여성",
              "age": "20대"
            },
            "speechAct": "(지시) 질문하기",
            "morpheme": "비타민/NNG+이랑/JKB+오메가/NNG+는/JX+비싸/VA+요/EF"
          },
          {
            "id": 15,
            "text": "1 : 요즘은 많이 판매해서 저렴한 것도 많은 거 같아",
            "norm_text": "요즘은 많이 판매해서 저렴한 것도 많은 거 같아",
            "speaker": {
              "id": "1번",
              "sex": "여성",
              "age": "30대"
            },
            "speechAct": "(단언) 진술하기",
            "morpheme": "요즘/NNG+은/JX+많이/MAG+판매/NNG+해서/XSV+EC+저렴/XR+한/XSA+ETM+것/NNB+도/JX+많/VA+은/ETM+거/NNB+같/VA+아/EC"
          },
          {
            "id": 16,
            "text": "2 : 저도 마그네슘은 생각보다 안 비싸더라고요.",
            "norm_text": "저도 마그네슘은 생각보다 안 비싸더라고요.",
            "speaker": {
              "id": "2번",
              "sex": "여성",
              "age": "20대"
            },
            "speechAct": "(단언) 주장하기",
            "morpheme": "저/NP+도/JX+마그네슘/NNG+은/JX+생각/NNG+보다/JKB+안/MAG+비싸/VA+더라고요/EF"
          },
          {
            "id": 17,
            "text": "1 : 운동 같은 건 챙겨 하는 거 있어?",
            "norm_text": "운동 같은 건 챙겨 하는 거 있어?",
            "speaker": {
              "id": "1번",
              "sex": "여성",
              "age": "30대"
            },
            "speechAct": "(지시) 질문하기",
            "morpheme": "운동/NNG+같/VA+은/ETM+건/NNB+JX+챙겨/VV+EC+하/VV+는/ETM+거/NNB+있/VA+어/EF"
          },
          {
            "id": 18,
            "text": "2 : 저는 걷기하고 있어요",
            "norm_text": "저는 걷기하고 있어요",
            "speaker": {
              "id": "2번",
              "sex": "여성",
              "age": "20대"
            },
            "speechAct": "(단언) 진술하기",
            "morpheme": "저/NP+는/JX+걷기/NNG+하/XSV+고/EC+있/VX+어요/EF"
          },
          {
            "id": 19,
            "text": "2 : 언니는 하는 운동 있어요?",
            "norm_text": "언니는 하는 운동 있어요?",
            "speaker": {
              "id": "2번",
              "sex": "여성",
              "age": "20대"
            },
            "speechAct": "(지시) 질문하기",
            "morpheme": "언니/NNG+는/JX+하/VV+는/ETM+운동/NNG+있/VA+어요/EF"
          },
          {
            "id": 20,
            "text": "1 : 아침 저녁으로 스트레칭 정도 얼마나 걸어?",
            "norm_text": "아침 저녁으로 스트레칭 정도 얼마나 걸어?",
            "speaker": {
              "id": "1번",
              "sex": "여성",
              "age": "30대"
            },
            "speechAct": "(지시) 질문하기",
            "morpheme": "아침/NNG+저녁/NNG+으로/JKB+스트레칭/NNG+정도/NNG+얼마나/MAG+걸/VV+어/EF"
          },
          {
            "id": 21,
            "text": "2 : 저는 하루에 30분씩 걸어요.",
            "norm_text": "저는 하루에 30분씩 걸어요.",
            "speaker": {
              "id": "2번",
              "sex": "여성",
              "age": "20대"
            },
            "speechAct": "(단언) 진술하기",
            "morpheme": "저/NP+는/JX+하루/NNG+에/JKB+30/SN+분/NNBC+씩/XSN+걸/VV+어요/EF"
          },
          {
            "id": 22,
            "text": "2 : 언니는 얼마나 스트레칭해요?",
            "norm_text": "언니는 얼마나 스트레칭해요?",
            "speaker": {
              "id": "2번",
              "sex": "여성",
              "age": "20대"
            },
            "speechAct": "(지시) 질문하기",
            "morpheme": "언니/NNG+는/JX+얼마나/MAG+스트레칭/NNG+해요/XSV+EF"
          },
          {
            "id": 23,
            "text": "1 : 한 번 할 때 30분씩 해 키키",
            "norm_text": "한 번 할 때 30분씩 해 키키",
            "speaker": {
              "id": "1번",
              "sex": "여성",
              "age": "30대"
            },
            "speechAct": "(단언) 진술하기",
            "morpheme": "한/MM+번/NNBC+할/VV+ETM+때/NNG+30/SN+분/NNBC+씩/XSN+해/VV+EC+키/NNG+키/XSV+ETN"
          },
          {
            "id": 24,
            "text": "1 : 우리 건강하자",
            "norm_text": "우리 건강하자",
            "speaker": {
              "id": "1번",
              "sex": "여성",
              "age": "30대"
            },
            "speechAct": "(지시) 충고/제안하기",
            "morpheme": "우리/NP+건강/NNG+하/XSV+자/EC"
          },
          {
            "id": 25,
            "text": "2 : 건강합시다. 우리~",
            "norm_text": "건강합시다. 우리~",
            "speaker": {
              "id": "2번",
              "sex": "여성",
              "age": "20대"
            },
            "speechAct": "(지시) 충고/제안하기",
            "morpheme": "건강/NNG+합시다/XSV+EF+우리/NP+~/SY"
          },
          {
            "id": 26,
            "text": "2 : 파이팅!",
            "norm_text": "파이팅!",
            "speaker": {
              "id": "2번",
              "sex": "여성",
              "age": "20대"
            },
            "speechAct": "턴토크 사인(관습적 반응)",
            "morpheme": "파이팅/IC"
          }
        ]
      }
    }
  ]
}