{
  "dataset": {
    "identifier": 127924,
    "name": "NATEON_38_19_set",
    "src_path": "/data/file/cubeManager/PROJECT001/84/txt20211108181225064086/NATEON_38_19_set/",
    "label_path": "/data/file/cubeManager/PROJECT001/84/txt20211108181225064086/NATEON_38_19_set/",
    "category": 2,
    "type": 0
  },
  "licenses": {
    "name": "Apache License 1.0",
    "url": "http://www.apache.org/licenses/LICENSE-1.0"
  },
  "info": [
    {
      "id": 141883,
      "filename": "NATEON_38_19.txt",
      "title": "NATEON_38_19",
      "mediatype": "메신저",
      "medianame": "네이트온",
      "category": "일상대화",
      "date": "2021-11-08",
      "size": 421,
      "annotations": {
        "subject": "방송/연예",
        "speaker_type": "다자간 대화",
        "size": 421,
        "word_size": 152,
        "text": "1 : 아니 요즘 김국진 왜 이렇게 웃기냐\n2 : 김국진? 너 라스 본 거야?\n3 : 김국진 그 분 은근 웃겨\n1 : 키키 라스 나오는데 제일 웃겨\n2 : 키키 나 그 라스에서 촛불 치는 거 그거 밖에 기억 안나\n3 : 진짜 그 짤 너무 유명하지 키키\n1 : 한 마디씩 던지는데 그게 묘하게 웃기네\n2 : 맞아 이번에 김민경이랑 허벅지 씨름 봤어?\n3 : 어 나 그거 봤는데 붕 뜨더라 키키\n1 : 키키 아니 나 그짤 10번 돌려봤다고\n2 : 맞아 그 짤은 진짜 잊을 수가 없어 키키\n3 : 국진 형님이 은근 짤 탄생 시켜 키키\n1 : 키키 김국진 짤 제조기네 완전\n2 : 응 맞아 완전 제조기야 키키 너무 웃겨\n3 : 유튭 가서 국진 형님 짤 보고 와야지 키키\n1 : 아 그 짤 한번 더 보러가야겠다\n2 : 응 다같이 다시 보러 가자 키키\n3 : 오늘 조회수 많이 올라 가겠네 키키",
        "lines": [
          {
            "id": 1,
            "text": "1 : 아니 요즘 김국진 왜 이렇게 웃기냐",
            "norm_text": "아니 요즘 김국진 왜 이렇게 웃기냐",
            "speaker": {
              "id": "1번",
              "sex": "여성",
              "age": "20대"
            },
            "speechAct": "(단언) 주장하기",
            "morpheme": "아니/IC+요즘/MAG+김국진/NNP+왜/MAG+이렇게/MAG+웃기/VV+냐/EC"
          },
          {
            "id": 2,
            "text": "2 : 김국진? 너 라스 본 거야?",
            "norm_text": "김국진? 너 라스 본 거야?",
            "speaker": {
              "id": "2번",
              "sex": "여성",
              "age": "20대"
            },
            "speechAct": "(지시) 질문하기",
            "morpheme": "김국진/NNP+너/NP+라스본/NNP+거/NNB+야/VCP+EF"
          },
          {
            "id": 3,
            "text": "3 : 김국진 그 분 은근 웃겨",
            "norm_text": "김국진 그 분 은근 웃겨",
            "speaker": {
              "id": "3번",
              "sex": "남성",
              "age": "20대"
            },
            "speechAct": "(단언) 진술하기",
            "morpheme": "김국진/NNP+그/MM+분/NNB+은/JX+근/NP+JX+웃겨/VV+EC"
          },
          {
            "id": 4,
            "text": "1 : 키키 라스 나오는데 제일 웃겨",
            "norm_text": "키키 라스 나오는데 제일 웃겨",
            "speaker": {
              "id": "1번",
              "sex": "여성",
              "age": "20대"
            },
            "speechAct": "(단언) 진술하기",
            "morpheme": "키/NNG+키/NNG+라스/NNG+나오/VV+는데/EC+제일/MAG+웃겨/VV+EC"
          },
          {
            "id": 5,
            "text": "2 : 키키 나 그 라스에서 촛불 치는 거 그거 밖에 기억 안나",
            "norm_text": "키키 나 그 라스에서 촛불 치는 거 그거 밖에 기억 안나",
            "speaker": {
              "id": "2번",
              "sex": "여성",
              "age": "20대"
            },
            "speechAct": "(지시) 질문하기",
            "morpheme": "키/NNG+키나/XSA+ETN+JX+그라스/NNG+에서/JKB+촛불/NNG+치/VV+는/ETM+거/NNB+그거/NP+밖에/JX+기억/NNG+안/MAG+나/VV+EC"
          },
          {
            "id": 6,
            "text": "3 : 진짜 그 짤 너무 유명하지 키키",
            "norm_text": "진짜 그 짤 너무 유명하지 키키",
            "speaker": {
              "id": "3번",
              "sex": "남성",
              "age": "20대"
            },
            "speechAct": "(단언) 주장하기",
            "morpheme": "진짜/MAG+그/MM+짤/VV+ETM+너무/MAG+유명/NNG+하/XSV+지/EC+키/NNG+키/XSV+ETN"
          },
          {
            "id": 7,
            "text": "1 : 한 마디씩 던지는데 그게 묘하게 웃기네",
            "norm_text": "한 마디씩 던지는데 그게 묘하게 웃기네",
            "speaker": {
              "id": "1번",
              "sex": "여성",
              "age": "20대"
            },
            "speechAct": "(단언) 진술하기",
            "morpheme": "한마디/NNG+씩/XSN+던지/VV+는데/EC+그게/NP+JKS+묘하/VA+게/EC+웃기/VV+네/EC"
          },
          {
            "id": 8,
            "text": "2 : 맞아 이번에 김민경이랑 허벅지 씨름 봤어?",
            "norm_text": "맞아 이번에 김민경이랑 허벅지 씨름 봤어?",
            "speaker": {
              "id": "2번",
              "sex": "여성",
              "age": "20대"
            },
            "speechAct": "(지시) 질문하기",
            "morpheme": "맞/VV+아/EC+이번/NNG+에/JKB+김민경/NNP+이랑/JC+허벅지/NNG+씨름/NNG+봤/VV+EP+어/EF"
          },
          {
            "id": 9,
            "text": "3 : 어 나 그거 봤는데 붕 뜨더라 키키",
            "norm_text": "어 나 그거 봤는데 붕 뜨더라 키키",
            "speaker": {
              "id": "3번",
              "sex": "남성",
              "age": "20대"
            },
            "speechAct": "(단언) 진술하기",
            "morpheme": "어/IC+나/NP+그거/NP+봤/VV+EP+는데/EC+붕/MAG+뜨/VV+더라/EC+키/NNG+키/XSV+ETN"
          },
          {
            "id": 10,
            "text": "1 : 키키 아니 나 그짤 10번 돌려봤다고",
            "norm_text": "키키 아니 나 그짤 10번 돌려봤다고",
            "speaker": {
              "id": "1번",
              "sex": "여성",
              "age": "20대"
            },
            "speechAct": "(단언) 주장하기",
            "morpheme": "키/NNG+키/XSV+ETN+아니/VCN+나/EC+그/IC+짤/VV+ETM+10/SN+번/NNBC+돌려/VV+EC+봤/VX+EP+다고/EC"
          },
          {
            "id": 11,
            "text": "2 : 맞아 그 짤은 진짜 잊을 수가 없어 키키",
            "norm_text": "맞아 그 짤은 진짜 잊을 수가 없어 키키",
            "speaker": {
              "id": "2번",
              "sex": "여성",
              "age": "20대"
            },
            "speechAct": "(단언) 진술하기",
            "morpheme": "맞아/IC+그/IC+짤/VV+은/ETM+진짜/MAG+잊/VV+을/ETM+수/NNB+가/JKS+없/VA+어/EC+키/NNG+키/XSV+ETN"
          },
          {
            "id": 12,
            "text": "3 : 국진 형님이 은근 짤 탄생 시켜 키키",
            "norm_text": "국진 형님이 은근 짤 탄생 시켜 키키",
            "speaker": {
              "id": "3번",
              "sex": "남성",
              "age": "20대"
            },
            "speechAct": "(단언) 진술하기",
            "morpheme": "국진/NNP+형/NNG+님/XSN+이/JKS+은근/NNG+짤/VV+ETM+탄생/NNG+시켜/XSV+EC+키/NNG+키/XSV+ETN"
          },
          {
            "id": 13,
            "text": "1 : 키키 김국진 짤 제조기네 완전",
            "norm_text": "키키 김국진 짤 제조기네 완전",
            "speaker": {
              "id": "1번",
              "sex": "여성",
              "age": "20대"
            },
            "speechAct": "(단언) 주장하기",
            "morpheme": "키키/NNP+김국진/NNP+짤/VV+ETM+제/MM+조기/NP+네/XSN+완전/NNG"
          },
          {
            "id": 14,
            "text": "2 : 응 맞아 완전 제조기야 키키 너무 웃겨",
            "norm_text": "응 맞아 완전 제조기야 키키 너무 웃겨",
            "speaker": {
              "id": "2번",
              "sex": "여성",
              "age": "20대"
            },
            "speechAct": "(단언) 진술하기",
            "morpheme": "응/IC+맞/VV+아/EC+완전/NNG+제/XSN+조기/VV+야/EC+키/NNG+키/NNG+너무/MAG+웃겨/VV+EC"
          },
          {
            "id": 15,
            "text": "3 : 유튭 가서 국진 형님 짤 보고 와야지 키키",
            "norm_text": "유튭 가서 국진 형님 짤 보고 와야지 키키",
            "speaker": {
              "id": "3번",
              "sex": "남성",
              "age": "20대"
            },
            "speechAct": "(단언) 주장하기",
            "morpheme": "유튭/UNKNOWN+가/JKS+서국/NNG+진형/NNG+님/XSN+짤/VV+ETM+보고/NNG+와/JC+야지/NNG+키/NNG+키/XSV+ETN"
          },
          {
            "id": 16,
            "text": "1 : 아 그 짤 한번 더 보러가야겠다",
            "norm_text": "아 그 짤 한번 더 보러가야겠다",
            "speaker": {
              "id": "1번",
              "sex": "여성",
              "age": "20대"
            },
            "speechAct": "(단언) 주장하기",
            "morpheme": "아/IC+그/IC+짤/VV+ETM+한/MM+번/NNBC+더/MAG+보/VV+러/EC+가/VX+야겠다/EC+VX+EP+EC"
          },
          {
            "id": 17,
            "text": "2 : 응 다같이 다시 보러 가자 키키",
            "norm_text": "응 다같이 다시 보러 가자 키키",
            "speaker": {
              "id": "2번",
              "sex": "여성",
              "age": "20대"
            },
            "speechAct": "(단언) 주장하기",
            "morpheme": "응/IC+다/MAG+같이/MAG+다시/MAG+보/VV+러/EC+가/JKS+자키/NNG+키/XSV+ETN"
          },
          {
            "id": 18,
            "text": "3 : 오늘 조회수 많이 올라 가겠네 키키",
            "norm_text": "오늘 조회수 많이 올라 가겠네 키키",
            "speaker": {
              "id": "3번",
              "sex": "남성",
              "age": "20대"
            },
            "speechAct": "(단언) 진술하기",
            "morpheme": "오늘/MAG+조/NNG+회수/NNG+많이/MAG+올라가/VV+겠/EP+네/EF+키/NNG+키/XSV+ETN"
          }
        ]
      }
    }
  ]
}