{
  "dataset": {
    "identifier": 539,
    "name": "NATEON_24_10_set",
    "src_path": "/data/file/cubeManager/PROJECT001/7/txt20210827181432061072/NATEON_24_10_set/",
    "label_path": "/data/file/cubeManager/PROJECT001/7/txt20210827181432061072/NATEON_24_10_set/",
    "category": 2,
    "type": 0
  },
  "licenses": {
    "name": "Apache License 1.0",
    "url": "http://www.apache.org/licenses/LICENSE-1.0"
  },
  "info": [
    {
      "id": 857,
      "filename": "NATEON_24_10.txt",
      "title": "NATEON_24_10",
      "mediatype": "메신저",
      "medianame": "네이트온",
      "category": "일상대화",
      "date": "2021-08-27",
      "size": 923,
      "annotations": {
        "subject": "스포츠/레저",
        "speaker_type": "1:1",
        "size": 923,
        "word_size": 307,
        "text": "1 : 평소에 운동하는 거 좋아해?\n2 : 응 나 활동적인 거 좋아해\n2 : 너는 어떤 운동을 잘 해?\n1 : 나는 배드민턴 같이 점수가 걸려 있는 운동이 재밌어서 잘 하게 되는 거 같아!\n1 : 등산이나 낚시 같은 것도 좋아해?\n2 : 등산은 하고 나면 몸이 너무 개운해져서 좋고 낚시도 한 번 해 봤는데 사색에 잠기게 돼서 뭔가 힐링되더라 키키\n2 : 너는 등산 잘해?\n1 : 체력이 별로 안 좋아서 낮은 산은 괜찮은데 좀 높은 산은 힘들어서 잘 못 가 ㅠㅠ\n1 : 낚시도 어릴 때 말고는 제대로 해 본 적이 없어서 가보고 싶어\n2 : 등산은 꾸준히 할수록 산 타는 실력도 체력도 는다고 하던데 맞는 말 같애\n2 : 은근 운동 안 하나 보네!\n2 : 그럼 유독 잘하는 운동이 있어?\n1 : 아니 옛날에는 달리기도 잘 했는데 요즘은 그저 그런 거 같아 키키\n1 : 너는 잘하는 운동이 뭐야?\n2 : 나는 사실 배드민턴 선수급이야^^\n2 : 이거는 좀 어때\n2 : 잘해?\n1 : 응 배드민턴은 좀 하지!\n1 : 요가 해 본 적 있어?\n2 : 어려서 학교 특별 활동 이런 걸로 했는데 하는 내내 잠만 잤다...\n2 : 난 몸이 원체 뻣뻣해서 요가가 쉽지 않더라고\n2 : 자세 이런 것도 너무 어렵지 않아?\n1 : 응 맞아... 나도 유연하지가 않아서 힘들더라고 ㅠ\n1 : 기구 필라테스는 해 봤어?\n2 : 필라테스는 아예 안 해봤어\n2 : 그냥 하고 싶다는 생각만 있을 뿐!\n2 : 너는 해 봤어?\n1 : 아니 나도 안 해봤어!\n1 : 기구 필라테스는 가격대가 좀 있더라고\n1 : 그래서 맨날 해볼까 고민만 하고 안 해봤지~\n1 : 내일 상담받으러 가볼래?\n2 : 아 그래?\n2 : 나도 생각만 계속 하고 막상 실천에 옮기지는 못하고 있었는데 그럼 한번 상담 받아볼까?\n1 : 그래 혼자보다 두 명이 같이 등록하면 더 싸게 해줄 수도 있잖아?\n2 : 맞아맞아 그럴 수 있지\n2 : 그럼 같이 상담받고 생각해 보자!",
        "lines": [
          {
            "id": 1,
            "text": "1 : 평소에 운동하는 거 좋아해?",
            "norm_text": "평소에 운동하는 거 좋아해?",
            "speaker": {
              "id": "1번",
              "sex": "여성",
              "age": "20대"
            },
            "speechAct": "(지시) 질문하기",
            "morpheme": "평소/NNG+에/JKB+운동/NNG+하/XSV+는/ETM+거/NNB+좋/VA+아/EC+해/VX+EF"
          },
          {
            "id": 2,
            "text": "2 : 응 나 활동적인 거 좋아해",
            "norm_text": "응 나 활동적인 거 좋아해",
            "speaker": {
              "id": "2번",
              "sex": "여성",
              "age": "20대"
            },
            "speechAct": "(단언) 주장하기",
            "morpheme": "응/IC+나/NP+활동/NNG+적/XSN+인/VCP+ETM+거/NNB+좋/VA+아/EC+해/VV+EC"
          },
          {
            "id": 3,
            "text": "2 : 너는 어떤 운동을 잘 해?",
            "norm_text": "너는 어떤 운동을 잘 해?",
            "speaker": {
              "id": "2번",
              "sex": "여성",
              "age": "20대"
            },
            "speechAct": "(지시) 질문하기",
            "morpheme": "너/NP+는/JX+어떤/MM+운동/NNG+을/JKO+잘/MAG+해/VV+EF"
          },
          {
            "id": 4,
            "text": "1 : 나는 배드민턴 같이 점수가 걸려 있는 운동이 재밌어서 잘 하게 되는 거 같아!",
            "norm_text": "나는 배드민턴 같이 점수가 걸려 있는 운동이 재밌어서 잘 하게 되는 거 같아!",
            "speaker": {
              "id": "1번",
              "sex": "여성",
              "age": "20대"
            },
            "speechAct": "(단언) 주장하기",
            "morpheme": "나/NP+는/JX+배드민턴/NNG+같이/JKB+점수/NNG+가/JKS+걸려/VV+EC+있/VX+는/ETM+운동/NNG+이/JKS+재밌/VA+어서/EC+잘/MAG+하/VV+게/EC+되/VV+는/ETM+거/NNB+같/VA+아/EF"
          },
          {
            "id": 5,
            "text": "1 : 등산이나 낚시 같은 것도 좋아해?",
            "norm_text": "등산이나 낚시 같은 것도 좋아해?",
            "speaker": {
              "id": "1번",
              "sex": "여성",
              "age": "20대"
            },
            "speechAct": "(지시) 질문하기",
            "morpheme": "등산/NNG+이나/JC+낚시/NNG+같/VA+은/ETM+것/NNB+도/JX+좋/VA+아/EC+해/VX+EF"
          },
          {
            "id": 6,
            "text": "2 : 등산은 하고 나면 몸이 너무 개운해져서 좋고 낚시도 한 번 해 봤는데 사색에 잠기게 돼서 뭔가 힐링되더라 키키",
            "norm_text": "등산은 하고 나면 몸이 너무 개운해져서 좋고 낚시도 한 번 해 봤는데 사색에 잠기게 돼서 뭔가 힐링되더라 키키",
            "speaker": {
              "id": "2번",
              "sex": "여성",
              "age": "20대"
            },
            "speechAct": "(단언) 주장하기",
            "morpheme": "등산/NNG+은/JX+하/VV+고/EC+나/VX+면/EC+몸/NNG+이/JKS+너무/MAG+개운/XR+해져서/XSA+EC+VX+EC+좋/VA+고/EC+낚시/NNG+도/JX+한/MM+번/NNBC+해/VV+EC+봤/VX+EP+는데/EC+사색/NNG+에/JKB+잠기/VV+게/EC+돼서/VV+EC+뭔가/NP+VCP+EC+힐링/NNG+되/XSV+더라/EC+키/NNG+키/XSV+ETN"
          },
          {
            "id": 7,
            "text": "2 : 너는 등산 잘해?",
            "norm_text": "너는 등산 잘해?",
            "speaker": {
              "id": "2번",
              "sex": "여성",
              "age": "20대"
            },
            "speechAct": "(지시) 질문하기",
            "morpheme": "너/NP+는/JX+등산/NNG+잘/MAG+해/VV+EF"
          },
          {
            "id": 8,
            "text": "1 : 체력이 별로 안 좋아서 낮은 산은 괜찮은데 좀 높은 산은 힘들어서 잘 못 가 ㅠㅠ",
            "norm_text": "체력이 별로 안 좋아서 낮은 산은 괜찮은데 좀 높은 산은 힘들어서 잘 못 가 ㅠㅠ",
            "speaker": {
              "id": "1번",
              "sex": "여성",
              "age": "20대"
            },
            "speechAct": "(단언) 주장하기",
            "morpheme": "체력/NNG+이/JKS+별로/MAG+안/MAG+좋/VA+아서/EC+낮/VA+은/ETM+산/NNG+은/JX+괜찮/VA+은데/EC+좀/MAG+높/VA+은/ETM+산/NNG+은/JX+힘들/VA+어서/EC+잘못/MAG+가/VV+EC+ㅠㅠ/UNKNOWN"
          },
          {
            "id": 9,
            "text": "1 : 낚시도 어릴 때 말고는 제대로 해 본 적이 없어서 가보고 싶어",
            "norm_text": "낚시도 어릴 때 말고는 제대로 해 본 적이 없어서 가보고 싶어",
            "speaker": {
              "id": "1번",
              "sex": "여성",
              "age": "20대"
            },
            "speechAct": "(단언) 주장하기",
            "morpheme": "낚시/NNG+도/JX+어릴/VA+ETM+때/NNG+말/VV+고/EC+는/JX+제대로/MAG+해/VV+EC+본/VX+ETM+적/NNB+이/JKS+없/VA+어서/EC+가/JKS+보/VV+고/EC+싶/VX+어/EC"
          },
          {
            "id": 10,
            "text": "2 : 등산은 꾸준히 할수록 산 타는 실력도 체력도 는다고 하던데 맞는 말 같애",
            "norm_text": "등산은 꾸준히 할수록 산 타는 실력도 체력도 는다고 하던데 맞는 말 같애",
            "speaker": {
              "id": "2번",
              "sex": "여성",
              "age": "20대"
            },
            "speechAct": "(단언) 주장하기",
            "morpheme": "등산/NNG+은/JX+꾸준히/MAG+할수록/XSV+EC+산타/NNG+는/JX+실력/NNG+도/JX+체력/NNG+도/JX+는다고/VV+EC+하/VX+던/ETM+데/NNB+맞/VV+는/ETM+말/NNG+같/VA+애/EC"
          },
          {
            "id": 11,
            "text": "2 : 은근 운동 안 하나 보네!",
            "norm_text": "은근 운동 안 하나 보네!",
            "speaker": {
              "id": "2번",
              "sex": "여성",
              "age": "20대"
            },
            "speechAct": "(단언) 주장하기",
            "morpheme": "은근/NNG+운동/NNG+안/MAG+하/VV+나/EC+보/VX+네/EF"
          },
          {
            "id": 12,
            "text": "2 : 그럼 유독 잘하는 운동이 있어?",
            "norm_text": "그럼 유독 잘하는 운동이 있어?",
            "speaker": {
              "id": "2번",
              "sex": "여성",
              "age": "20대"
            },
            "speechAct": "(지시) 질문하기",
            "morpheme": "그럼/MAJ+유독/MAG+잘/MAG+하/VV+는/ETM+운동/NNG+이/JKS+있/VA+어/EF"
          },
          {
            "id": 13,
            "text": "1 : 아니 옛날에는 달리기도 잘 했는데 요즘은 그저 그런 거 같아 키키",
            "norm_text": "아니 옛날에는 달리기도 잘 했는데 요즘은 그저 그런 거 같아 키키",
            "speaker": {
              "id": "1번",
              "sex": "여성",
              "age": "20대"
            },
            "speechAct": "(단언) 진술하기",
            "morpheme": "아니/IC+옛날/NNG+에/JKB+는/JX+달리/VV+기/ETN+도/JX+잘/MAG+했/VV+EP+는데/EC+요즘/NNG+은/JX+그저/MAG+그런/MM+거/NNB+같/VA+아/EC+키/NNG+키/XSV+ETN"
          },
          {
            "id": 14,
            "text": "1 : 너는 잘하는 운동이 뭐야?",
            "norm_text": "너는 잘하는 운동이 뭐야?",
            "speaker": {
              "id": "1번",
              "sex": "여성",
              "age": "20대"
            },
            "speechAct": "(지시) 질문하기",
            "morpheme": "너/NP+는/JX+잘/MAG+하/VV+는/ETM+운동/NNG+이/JKS+뭐/NP+야/VCP+EF"
          },
          {
            "id": 15,
            "text": "2 : 나는 사실 배드민턴 선수급이야^^",
            "norm_text": "나는 사실 배드민턴 선수급이야^^",
            "speaker": {
              "id": "2번",
              "sex": "여성",
              "age": "20대"
            },
            "speechAct": "(단언) 주장하기",
            "morpheme": "나/NP+는/JX+사실/MAG+배드민턴/NNG+선수/NNG+급/NNG+이/VCP+야/EC+^/SY+^/SY"
          },
          {
            "id": 16,
            "text": "2 : 이거는 좀 어때",
            "norm_text": "이거는 좀 어때",
            "speaker": {
              "id": "2번",
              "sex": "여성",
              "age": "20대"
            },
            "speechAct": "(지시) 질문하기",
            "morpheme": "이거/NP+는/JX+좀/MAG+어때/VA+EC"
          },
          {
            "id": 17,
            "text": "2 : 잘해?",
            "norm_text": "잘해?",
            "speaker": {
              "id": "2번",
              "sex": "여성",
              "age": "20대"
            },
            "speechAct": "(지시) 질문하기",
            "morpheme": "잘/MAG+해/VV+EF"
          },
          {
            "id": 18,
            "text": "1 : 응 배드민턴은 좀 하지!",
            "norm_text": "응 배드민턴은 좀 하지!",
            "speaker": {
              "id": "1번",
              "sex": "여성",
              "age": "20대"
            },
            "speechAct": "(단언) 주장하기",
            "morpheme": "응/IC+배드민턴/NNG+은/JX+좀/MAG+하/VV+지/EF"
          },
          {
            "id": 19,
            "text": "1 : 요가 해 본 적 있어?",
            "norm_text": "요가 해 본 적 있어?",
            "speaker": {
              "id": "1번",
              "sex": "여성",
              "age": "20대"
            },
            "speechAct": "(지시) 질문하기",
            "morpheme": "요가/NNG+해/XSV+EC+본/VX+ETM+적/NNB+있/VA+어/EF"
          },
          {
            "id": 20,
            "text": "2 : 어려서 학교 특별 활동 이런 걸로 했는데 하는 내내 잠만 잤다...",
            "norm_text": "어려서 학교 특별 활동 이런 걸로 했는데 하는 내내 잠만 잤다...",
            "speaker": {
              "id": "2번",
              "sex": "여성",
              "age": "20대"
            },
            "speechAct": "(단언) 진술하기",
            "morpheme": "어려서/VA+EC+학교/NNG+특별/NNG+활동/NNG+이런/MM+걸로/NNB+JKB+했/VV+EP+는데/EC+하/VV+는/ETM+내내/MAG+잠/NNG+만/JX+잤/VV+EP+다/EF+./SY"
          },
          {
            "id": 21,
            "text": "2 : 난 몸이 원체 뻣뻣해서 요가가 쉽지 않더라고",
            "norm_text": "난 몸이 원체 뻣뻣해서 요가가 쉽지 않더라고",
            "speaker": {
              "id": "2번",
              "sex": "여성",
              "age": "20대"
            },
            "speechAct": "(단언) 주장하기",
            "morpheme": "난/NP+JX+몸/NNG+이/JKS+원체/MAG+뻣뻣/XR+해서/XSA+EC+요가/NNG+가/JKS+쉽/VA+지/EC+않/VX+더라고/EC"
          },
          {
            "id": 22,
            "text": "2 : 자세 이런 것도 너무 어렵지 않아?",
            "norm_text": "자세 이런 것도 너무 어렵지 않아?",
            "speaker": {
              "id": "2번",
              "sex": "여성",
              "age": "20대"
            },
            "speechAct": "(지시) 질문하기",
            "morpheme": "자세/MAG+이런/MM+것/NNB+도/JX+너무/MAG+어렵/VA+지/EC+않/VX+아/EF"
          },
          {
            "id": 23,
            "text": "1 : 응 맞아... 나도 유연하지가 않아서 힘들더라고 ㅠ",
            "norm_text": "응 맞아... 나도 유연하지가 않아서 힘들더라고 ㅠ",
            "speaker": {
              "id": "1번",
              "sex": "여성",
              "age": "20대"
            },
            "speechAct": "(단언) 주장하기",
            "morpheme": "응/IC+맞/VV+아/EF+./SY+나/NP+도/JX+유연/XR+하/XSA+지/EC+가/JX+않/VX+아서/EC+힘들/VA+더라고/EF+ㅠ/UNKNOWN"
          },
          {
            "id": 24,
            "text": "1 : 기구 필라테스는 해 봤어?",
            "norm_text": "기구 필라테스는 해 봤어?",
            "speaker": {
              "id": "1번",
              "sex": "여성",
              "age": "20대"
            },
            "speechAct": "(지시) 질문하기",
            "morpheme": "기구/NNG+필라테스/NNP+는/JX+해/VV+EC+봤/VX+EP+어/EF"
          },
          {
            "id": 25,
            "text": "2 : 필라테스는 아예 안 해봤어",
            "norm_text": "필라테스는 아예 안 해봤어",
            "speaker": {
              "id": "2번",
              "sex": "여성",
              "age": "20대"
            },
            "speechAct": "(단언) 진술하기",
            "morpheme": "필라테스/NNP+는/JX+아예/MAG+안/MAG+해/VV+EC+봤/VX+EP+어/EC"
          },
          {
            "id": 26,
            "text": "2 : 그냥 하고 싶다는 생각만 있을 뿐!",
            "norm_text": "그냥 하고 싶다는 생각만 있을 뿐!",
            "speaker": {
              "id": "2번",
              "sex": "여성",
              "age": "20대"
            },
            "speechAct": "(단언) 주장하기",
            "morpheme": "그냥/MAG+하/VV+고/EC+싶/VX+다는/ETM+생각/NNG+만/JX+있/VV+을/ETM+뿐/NNB"
          },
          {
            "id": 27,
            "text": "2 : 너는 해 봤어?",
            "norm_text": "너는 해 봤어?",
            "speaker": {
              "id": "2번",
              "sex": "여성",
              "age": "20대"
            },
            "speechAct": "(지시) 질문하기",
            "morpheme": "너/NP+는/JX+해/VV+EC+봤/VX+EP+어/EF"
          },
          {
            "id": 28,
            "text": "1 : 아니 나도 안 해봤어!",
            "norm_text": "아니 나도 안 해봤어!",
            "speaker": {
              "id": "1번",
              "sex": "여성",
              "age": "20대"
            },
            "speechAct": "(단언) 진술하기",
            "morpheme": "아니/IC+나/NP+도/JX+안/MAG+해/VV+EC+봤/VX+EP+어/EF"
          },
          {
            "id": 29,
            "text": "1 : 기구 필라테스는 가격대가 좀 있더라고",
            "norm_text": "기구 필라테스는 가격대가 좀 있더라고",
            "speaker": {
              "id": "1번",
              "sex": "여성",
              "age": "20대"
            },
            "speechAct": "(단언) 진술하기",
            "morpheme": "기구/NNG+필라테스/NNP+는/JX+가격대/NNG+가/JKS+좀/MAG+있/VA+더라고/EC"
          },
          {
            "id": 30,
            "text": "1 : 그래서 맨날 해볼까 고민만 하고 안 해봤지~",
            "norm_text": "그래서 맨날 해볼까 고민만 하고 안 해봤지~",
            "speaker": {
              "id": "1번",
              "sex": "여성",
              "age": "20대"
            },
            "speechAct": "(단언) 주장하기",
            "morpheme": "그래서/MAJ+맨날/MAG+해볼까/VV+EC+VX+EC+고민/NNG+만/JX+하/VV+고/EC+안/MAG+해/VV+EC+봤/VX+EP+지/EC+~/SY"
          },
          {
            "id": 31,
            "text": "1 : 내일 상담받으러 가볼래?",
            "norm_text": "내일 상담받으러 가볼래?",
            "speaker": {
              "id": "1번",
              "sex": "여성",
              "age": "20대"
            },
            "speechAct": "(지시) 질문하기",
            "morpheme": "내일/MAG+상담/NNG+받/VV+으러/EC+가/VX+볼래/EC+VX+EF"
          },
          {
            "id": 32,
            "text": "2 : 아 그래?",
            "norm_text": "아 그래?",
            "speaker": {
              "id": "2번",
              "sex": "여성",
              "age": "20대"
            },
            "speechAct": "턴토크 사인(관습적 반응)",
            "morpheme": "아/IC+그래/IC"
          },
          {
            "id": 33,
            "text": "2 : 나도 생각만 계속 하고 막상 실천에 옮기지는 못하고 있었는데 그럼 한번 상담 받아볼까?",
            "norm_text": "나도 생각만 계속 하고 막상 실천에 옮기지는 못하고 있었는데 그럼 한번 상담 받아볼까?",
            "speaker": {
              "id": "2번",
              "sex": "여성",
              "age": "20대"
            },
            "speechAct": "(지시) 질문하기",
            "morpheme": "나/NP+도/JX+생각/NNG+만/JX+계속/NNG+하/XSV+고/EC+막상/MAG+실천/NNG+에/JKB+옮기/VV+지/EC+는/JX+못하/VX+고/EC+있/VX+었/EP+는데/EC+그럼/MAJ+한/MM+번/NNBC+상담/NNG+받/VV+아/EC+볼까/VX+EF"
          },
          {
            "id": 34,
            "text": "1 : 그래 혼자보다 두 명이 같이 등록하면 더 싸게 해줄 수도 있잖아?",
            "norm_text": "그래 혼자보다 두 명이 같이 등록하면 더 싸게 해줄 수도 있잖아?",
            "speaker": {
              "id": "1번",
              "sex": "여성",
              "age": "20대"
            },
            "speechAct": "(단언) 주장하기",
            "morpheme": "그래/IC+혼자/NNG+보다/JKB+두/MM+명/NNBC+이/JKS+같이/MAG+등록/NNG+하/XSV+면/EC+더/MAG+싸/VA+게/EC+해/VV+EC+줄/VX+ETM+수/NNB+도/JX+있/VA+잖아/EF"
          },
          {
            "id": 35,
            "text": "2 : 맞아맞아 그럴 수 있지",
            "norm_text": "맞아맞아 그럴 수 있지",
            "speaker": {
              "id": "2번",
              "sex": "여성",
              "age": "20대"
            },
            "speechAct": "(단언) 주장하기",
            "morpheme": "맞/VV+아/EC+맞/VV+아/EC+그럴/VV+ETM+수/NNB+있/VV+지/EC"
          },
          {
            "id": 36,
            "text": "2 : 그럼 같이 상담받고 생각해 보자!",
            "norm_text": "그럼 같이 상담받고 생각해 보자!",
            "speaker": {
              "id": "2번",
              "sex": "여성",
              "age": "20대"
            },
            "speechAct": "(언약) 약속하기(제3자와)/(개인적 수준)",
            "morpheme": "그럼/MAJ+같이/MAG+상담/NNG+받/VV+고/EC+생각/NNG+해/XSV+EC+보/VX+자/EF"
          }
        ]
      }
    }
  ]
}