{
  "dataset": {
    "identifier": 128843,
    "name": "NATEON_25_03_set",
    "src_path": "/data/file/cubeManager/PROJECT001/84/txt20211109145245004153/NATEON_25_03_set/",
    "label_path": "/data/file/cubeManager/PROJECT001/84/txt20211109145245004153/NATEON_25_03_set/",
    "category": 2,
    "type": 0
  },
  "licenses": {
    "name": "Apache License 1.0",
    "url": "http://www.apache.org/licenses/LICENSE-1.0"
  },
  "info": [
    {
      "id": 143348,
      "filename": "NATEON_25_03.txt",
      "title": "NATEON_25_03",
      "mediatype": "메신저",
      "medianame": "네이트온",
      "category": "일상대화",
      "date": "2021-11-09",
      "size": 720,
      "annotations": {
        "subject": "교통",
        "speaker_type": "1:1",
        "size": 720,
        "word_size": 234,
        "text": "1 : 언니는 비행기 타는 거 무서워 해?\n2 : 응 나는 무서워해서 비행기 이륙할 때 좀 떠는 편이야...\n2 : 너는?\n1 : 난 타는 거는 안 무서운데 장시간 비행은 귀가 너무 아파서 무서워... ㅠㅠ\n2 : 아! 귀가 아프구나...\n2 : 나는 귀가 아픈 적은 없었는데...\n2 : 비행기 좌석은 그럼 어느 쪽을 좋아해?\n1 : 나는 창가 쪽! 하늘 보는 게 좋아서!\n1 : 언니는?\n2 : 나는 화장실 가는데 편하고 싶어서 복도 쪽에 앉는 편이야 거의!\n1 : 그렇구나. 하긴 그렇기도 하겠다.\n1 : 그러면 기차는 자주 타 봤어?\n2 : 나는 사실 기차 타는 걸 제일 좋아해\n2 : 난 지난달까지는 통근 열차를 타고 다녔어~\n1 : 오, 기차 마스터네!\n1 : 기차도 그러면 복도 쪽 좌석을 좋아하겠네?\n2 : 아니 기차는 또 특이하게 창문 쪽이 좋아! 기차는 화장실이 중요하지 않기 때문에...\n2 : 너는?\n1 : 오, 복합적이네.\n1 : 나는 기차도 창가. 버스도 창가. 그래서 지하철도 야외로 나오면 좋더라!\n2 : 3호선도 야외가 있어?\n2 : 궁금해 2호선 야외만 겪어 봤어 하하\n1 : 응! 한강 건널 때랑 종종 야외인 구간이 있어서 그 구간이 좋아!\n2 : 아 몰랐어!\n2 : 그 구간 되면 다들 사진 찍는 거 알지?\n2 : 너도 그 사람들 중 한 명이니?\n1 : 맞아 맞아! 찍은 적이 있긴 한데 거의 안 찍고 눈으로 담아.\n1 : 이런 나, 멋지지?\n2 : 응, 나도 거의 안 찍고 남이 찍은 거만 보는 편!",
        "lines": [
          {
            "id": 1,
            "text": "1 : 언니는 비행기 타는 거 무서워 해?",
            "norm_text": "언니는 비행기 타는 거 무서워 해?",
            "speaker": {
              "id": "1번",
              "sex": "여성",
              "age": "20대"
            },
            "speechAct": "(지시) 질문하기",
            "morpheme": "언니/NNG+는/JX+비행기/NNG+타/VV+는/ETM+거/NNB+무서워해/VV+EF"
          },
          {
            "id": 2,
            "text": "2 : 응 나는 무서워해서 비행기 이륙할 때 좀 떠는 편이야...",
            "norm_text": "응 나는 무서워해서 비행기 이륙할 때 좀 떠는 편이야...",
            "speaker": {
              "id": "2번",
              "sex": "여성",
              "age": "20대"
            },
            "speechAct": "(단언) 진술하기",
            "morpheme": "응/IC+나/NP+는/JX+무서워해서/VV+EC+비행기/NNG+이륙/NNG+할/XSV+ETM+때/NNG+좀/MAG+떠/VV+는/ETM+편/NNB+이/VCP+야/EF+./SY"
          },
          {
            "id": 3,
            "text": "2 : 너는?",
            "norm_text": "너는?",
            "speaker": {
              "id": "2번",
              "sex": "여성",
              "age": "20대"
            },
            "speechAct": "(지시) 질문하기",
            "morpheme": "너/NP+는/JX"
          },
          {
            "id": 4,
            "text": "1 : 난 타는 거는 안 무서운데 장시간 비행은 귀가 너무 아파서 무서워... ㅠㅠ",
            "norm_text": "난 타는 거는 안 무서운데 장시간 비행은 귀가 너무 아파서 무서워... ㅠㅠ",
            "speaker": {
              "id": "1번",
              "sex": "여성",
              "age": "20대"
            },
            "speechAct": "(단언) 진술하기",
            "morpheme": "난/NP+JX+타/VV+는/ETM+거/NNB+는/JX+안/MAG+무서운/VA+ETM+데/NNB+장시간/NNG+비행/NNG+은/JX+귀/NNG+가/JKS+너무/MAG+아파서/VA+EC+무서워/VA+EF+./SY+ㅠㅠ/UNKNOWN"
          },
          {
            "id": 5,
            "text": "2 : 아! 귀가 아프구나...",
            "norm_text": "아! 귀가 아프구나...",
            "speaker": {
              "id": "2번",
              "sex": "여성",
              "age": "20대"
            },
            "speechAct": "(단언) 진술하기",
            "morpheme": "아/IC+귀/NNG+가/JKS+아프/VA+구나/EF+./SY"
          },
          {
            "id": 6,
            "text": "2 : 나는 귀가 아픈 적은 없었는데...",
            "norm_text": "나는 귀가 아픈 적은 없었는데...",
            "speaker": {
              "id": "2번",
              "sex": "여성",
              "age": "20대"
            },
            "speechAct": "(단언) 진술하기",
            "morpheme": "나/NP+는/JX+귀/NNG+가/JKS+아픈/VA+ETM+적/NNB+은/JX+없/VA+었/EP+는데/EC+./SY+./SY"
          },
          {
            "id": 7,
            "text": "2 : 비행기 좌석은 그럼 어느 쪽을 좋아해?",
            "norm_text": "비행기 좌석은 그럼 어느 쪽을 좋아해?",
            "speaker": {
              "id": "2번",
              "sex": "여성",
              "age": "20대"
            },
            "speechAct": "(지시) 질문하기",
            "morpheme": "비행기/NNG+좌석/NNG+은/JX+그럼/MAJ+어느/MM+쪽/NNB+을/JKO+좋아해/VV+EF"
          },
          {
            "id": 8,
            "text": "1 : 나는 창가 쪽! 하늘 보는 게 좋아서!",
            "norm_text": "나는 창가 쪽! 하늘 보는 게 좋아서!",
            "speaker": {
              "id": "1번",
              "sex": "여성",
              "age": "20대"
            },
            "speechAct": "(단언) 진술하기",
            "morpheme": "나/NP+는/JX+창가/NNG+쪽/NNB+하늘/NNG+보/VV+는/ETM+게/NNB+JKS+좋/VA+아서/EC"
          },
          {
            "id": 9,
            "text": "1 : 언니는?",
            "norm_text": "언니는?",
            "speaker": {
              "id": "1번",
              "sex": "여성",
              "age": "20대"
            },
            "speechAct": "(지시) 질문하기",
            "morpheme": "언니/NNG+는/JX"
          },
          {
            "id": 10,
            "text": "2 : 나는 화장실 가는데 편하고 싶어서 복도 쪽에 앉는 편이야 거의!",
            "norm_text": "나는 화장실 가는데 편하고 싶어서 복도 쪽에 앉는 편이야 거의!",
            "speaker": {
              "id": "2번",
              "sex": "여성",
              "age": "20대"
            },
            "speechAct": "(단언) 진술하기",
            "morpheme": "나/NP+는/JX+화장실/NNG+가/VV+는/ETM+데/NNB+편하/VA+고/EC+싶/VX+어서/EC+복도/NNG+쪽/NNB+에/JKB+앉/VV+는/ETM+편/NNB+이야/JX+거의/MAG"
          },
          {
            "id": 11,
            "text": "1 : 그렇구나. 하긴 그렇기도 하겠다.",
            "norm_text": "그렇구나. 하긴 그렇기도 하겠다.",
            "speaker": {
              "id": "1번",
              "sex": "여성",
              "age": "20대"
            },
            "speechAct": "(단언) 진술하기",
            "morpheme": "그렇/VA+구나/EF+하/VV+긴/ETN+JX+그렇/VA+기/ETN+도/JX+하/VV+겠/EP+다/EF"
          },
          {
            "id": 12,
            "text": "1 : 그러면 기차는 자주 타 봤어?",
            "norm_text": "그러면 기차는 자주 타 봤어?",
            "speaker": {
              "id": "1번",
              "sex": "여성",
              "age": "20대"
            },
            "speechAct": "(지시) 질문하기",
            "morpheme": "그러면/MAJ+기차/NNG+는/JX+자주/MAG+타/VV+EC+봤/VX+EP+어/EF"
          },
          {
            "id": 13,
            "text": "2 : 나는 사실 기차 타는 걸 제일 좋아해",
            "norm_text": "나는 사실 기차 타는 걸 제일 좋아해",
            "speaker": {
              "id": "2번",
              "sex": "여성",
              "age": "20대"
            },
            "speechAct": "(단언) 주장하기",
            "morpheme": "나/NP+는/JX+사실/MAG+기차/NNG+타/VV+는/ETM+걸/NNB+JKO+제일/MAG+좋아해/VV+EC"
          },
          {
            "id": 14,
            "text": "2 : 난 지난달까지는 통근 열차를 타고 다녔어~",
            "norm_text": "난 지난달까지는 통근 열차를 타고 다녔어~",
            "speaker": {
              "id": "2번",
              "sex": "여성",
              "age": "20대"
            },
            "speechAct": "(단언) 진술하기",
            "morpheme": "난/NP+JX+지난달/NNG+까지/JX+는/JX+통근열차/NNP+를/JKO+타/VV+고/EC+다녔/VV+EP+어/EC+~/SY"
          },
          {
            "id": 15,
            "text": "1 : 오, 기차 마스터네!",
            "norm_text": "오, 기차 마스터네!",
            "speaker": {
              "id": "1번",
              "sex": "여성",
              "age": "20대"
            },
            "speechAct": "(지시) 질문하기",
            "morpheme": "오/IC+,/SC+기차/NNG+마스터/NNG+네/VCP+EF"
          },
          {
            "id": 16,
            "text": "1 : 기차도 그러면 복도 쪽 좌석을 좋아하겠네?",
            "norm_text": "기차도 그러면 복도 쪽 좌석을 좋아하겠네?",
            "speaker": {
              "id": "1번",
              "sex": "여성",
              "age": "20대"
            },
            "speechAct": "(지시) 질문하기",
            "morpheme": "기차/NNG+도/JX+그러/VV+면/EC+복도/NNG+쪽/NNB+좌석/NNG+을/JKO+좋아하/VV+겠/EP+네/EF"
          },
          {
            "id": 17,
            "text": "2 : 아니 기차는 또 특이하게 창문 쪽이 좋아! 기차는 화장실이 중요하지 않기 때문에...",
            "norm_text": "아니 기차는 또 특이하게 창문 쪽이 좋아! 기차는 화장실이 중요하지 않기 때문에...",
            "speaker": {
              "id": "2번",
              "sex": "여성",
              "age": "20대"
            },
            "speechAct": "(단언) 진술하기",
            "morpheme": "아니/IC+기차/NNG+는/JX+또/MAG+특이/NNG+하/XSV+게/EC+창문/NNG+쪽/NNB+이/JKS+좋/VA+아/EF+기차/NNG+는/JX+화장실/NNG+이/JKS+중요/NNG+하/XSV+지/EC+않/VX+기/ETN+때문/NNB+에/JKB+./SY"
          },
          {
            "id": 18,
            "text": "2 : 너는?",
            "norm_text": "너는?",
            "speaker": {
              "id": "2번",
              "sex": "여성",
              "age": "20대"
            },
            "speechAct": "(지시) 질문하기",
            "morpheme": "너/NP+는/JX"
          },
          {
            "id": 19,
            "text": "1 : 오, 복합적이네.",
            "norm_text": "오, 복합적이네.",
            "speaker": {
              "id": "1번",
              "sex": "여성",
              "age": "20대"
            },
            "speechAct": "(단언) 진술하기",
            "morpheme": "오/IC+,/SC+복합/NNG+적/XSN+이/VCP+네/EF"
          },
          {
            "id": 20,
            "text": "1 : 나는 기차도 창가. 버스도 창가. 그래서 지하철도 야외로 나오면 좋더라!",
            "norm_text": "나는 기차도 창가. 버스도 창가. 그래서 지하철도 야외로 나오면 좋더라!",
            "speaker": {
              "id": "1번",
              "sex": "여성",
              "age": "20대"
            },
            "speechAct": "(단언) 주장하기",
            "morpheme": "나/NP+는/JX+기차/NNG+도/JX+창가/NNG+./SY+버스/NNG+도/JX+창가/NNG+그래서/MAJ+지하철/NNG+도/JX+야외/NNG+로/JKB+나오/VV+면/EC+좋/VA+더라/EF"
          },
          {
            "id": 21,
            "text": "2 : 3호선도 야외가 있어?",
            "norm_text": "3호선도 야외가 있어?",
            "speaker": {
              "id": "2번",
              "sex": "여성",
              "age": "20대"
            },
            "speechAct": "(지시) 질문하기",
            "morpheme": "3/SN+호/NNBC+선/NNG+도/JX+야외/NNG+가/JKS+있/VA+어/EF"
          },
          {
            "id": 22,
            "text": "2 : 궁금해 2호선 야외만 겪어 봤어 하하",
            "norm_text": "궁금해 2호선 야외만 겪어 봤어 하하",
            "speaker": {
              "id": "2번",
              "sex": "여성",
              "age": "20대"
            },
            "speechAct": "(단언) 진술하기",
            "morpheme": "궁금/XR+해/XSA+EC+2/SN+호/NNBC+선야/NNG+외/NNB+만/JX+겪/VV+어/EC+봤/VX+EP+어/EC+하하/MAG"
          },
          {
            "id": 23,
            "text": "1 : 응! 한강 건널 때랑 종종 야외인 구간이 있어서 그 구간이 좋아!",
            "norm_text": "응! 한강 건널 때랑 종종 야외인 구간이 있어서 그 구간이 좋아!",
            "speaker": {
              "id": "1번",
              "sex": "여성",
              "age": "20대"
            },
            "speechAct": "(단언) 주장하기",
            "morpheme": "응/IC+한강건널때랑종종야외인구간이있어서그구간이좋아/UNKNOWN"
          },
          {
            "id": 24,
            "text": "2 : 아 몰랐어!",
            "norm_text": "아 몰랐어!",
            "speaker": {
              "id": "2번",
              "sex": "여성",
              "age": "20대"
            },
            "speechAct": "(단언) 진술하기",
            "morpheme": "아/IC+몰랐/VV+EP+어/EF"
          },
          {
            "id": 25,
            "text": "2 : 그 구간 되면 다들 사진 찍는 거 알지?",
            "norm_text": "그 구간 되면 다들 사진 찍는 거 알지?",
            "speaker": {
              "id": "2번",
              "sex": "여성",
              "age": "20대"
            },
            "speechAct": "(지시) 질문하기",
            "morpheme": "그/MM+구간/NNG+되/XSV+면/EC+다/MAG+들/XSN+사진/NNG+찍/VV+는/ETM+거/NNB+알/VV+지/EF"
          },
          {
            "id": 26,
            "text": "2 : 너도 그 사람들 중 한 명이니?",
            "norm_text": "너도 그 사람들 중 한 명이니?",
            "speaker": {
              "id": "2번",
              "sex": "여성",
              "age": "20대"
            },
            "speechAct": "(지시) 질문하기",
            "morpheme": "너/NP+도/JX+그/MM+사람/NNG+들/XSN+중/NNB+한/MM+명/NNBC+이/VCP+니/EF"
          },
          {
            "id": 27,
            "text": "1 : 맞아 맞아! 찍은 적이 있긴 한데 거의 안 찍고 눈으로 담아.",
            "norm_text": "맞아 맞아! 찍은 적이 있긴 한데 거의 안 찍고 눈으로 담아.",
            "speaker": {
              "id": "1번",
              "sex": "여성",
              "age": "20대"
            },
            "speechAct": "(단언) 진술하기",
            "morpheme": "맞/VV+아/EC+맞/VV+아/EF+찍/VV+은/ETM+적/NNB+이/JKS+있/VV+긴/ETN+JX+한데/VX+EC+거의/MAG+안/MAG+찍/VV+고/EC+눈/NNG+으로/JKB+담/VV+아/EF"
          },
          {
            "id": 28,
            "text": "1 : 이런 나, 멋지지?",
            "norm_text": "이런 나, 멋지지?",
            "speaker": {
              "id": "1번",
              "sex": "여성",
              "age": "20대"
            },
            "speechAct": "(지시) 질문하기",
            "morpheme": "이런/MM+나/NP+,/SC+멋지/VA+지/EF"
          },
          {
            "id": 29,
            "text": "2 : 응, 나도 거의 안 찍고 남이 찍은 거만 보는 편!",
            "norm_text": "응, 나도 거의 안 찍고 남이 찍은 거만 보는 편!",
            "speaker": {
              "id": "2번",
              "sex": "여성",
              "age": "20대"
            },
            "speechAct": "(단언) 진술하기",
            "morpheme": "응/IC+,/SC+나/NP+도/JX+거의/MAG+안/MAG+찍/VV+고/EC+남/NNG+이/JKS+찍/VV+은/ETM+거/NNB+만/JX+보/VV+는/ETM+편/NNB"
          }
        ]
      }
    }
  ]
}