{
  "dataset": {
    "identifier": 118283,
    "name": "NATEON_29_16_set",
    "src_path": "/data/file/cubeManager/PROJECT001/80/txt20211102103851084540/NATEON_29_16_set/",
    "label_path": "/data/file/cubeManager/PROJECT001/80/txt20211102103851084540/NATEON_29_16_set/",
    "category": 2,
    "type": 0
  },
  "licenses": {
    "name": "Apache License 1.0",
    "url": "http://www.apache.org/licenses/LICENSE-1.0"
  },
  "info": [
    {
      "id": 129879,
      "filename": "NATEON_29_16.txt",
      "title": "NATEON_29_16",
      "mediatype": "메신저",
      "medianame": "네이트온",
      "category": "일상대화",
      "date": "2021-11-02",
      "size": 416,
      "annotations": {
        "subject": "미용",
        "speaker_type": "다자간 대화",
        "size": 416,
        "word_size": 143,
        "text": "1 : 나 이번에 헬스장 1년 권 끊었어\n2 : 헉 너무 기간 길게 잡은 거 아니야?\n3 : 아 가격은 부담스럽지 않고?\n1 : 아 그런가...?\n1 : 너무 홧김에 했나?\n2 : 1년 꾸준하게 다닐 수 있겠어? ㅠㅠ\n3 : 다이어트 하려고 너 또 그러는 거야?\n1 : 나 이번에 식단도 진짜 제대로 할 거야\n2 : 너 지금도 날씬하고 이뻐 괜찮아\n3 : 키키 너 이번엔 의지가 대단한데?\n1 : 응, 이번에 나 의지 장난 아니야\n2 : 거기서 뭘 더 뺀다고 그래 ㅠㅠ\n2 : 지금도 충분 해!\n3 : 내가 다니는 헬스장도 좋은데!\n1 : 이번엔 건강 목적도 있어\n2 : 그럼 1년 끊었으니까 꾸준하게 잘 다녀!\n3 : 그거 정말 좋은 의지네!\n1 : 응 하하 다들 내 변화된 모습 기대해\n2 : 안 가면 빨리 가라고 내가 채찍질 해야겠다 하하\n3 : 역시 내 친구 멋지다니까~",
        "lines": [
          {
            "id": 1,
            "text": "1 : 나 이번에 헬스장 1년 권 끊었어",
            "norm_text": "나 이번에 헬스장 1년 권 끊었어",
            "speaker": {
              "id": "1번",
              "sex": "여성",
              "age": "20대"
            },
            "speechAct": "(단언) 진술하기",
            "morpheme": "나/NP+이번/NNG+에/JKB+헬스/NNG+장/NNG+1/SN+년/NNBC+권/NNBC+끊/VV+었/EP+어/EC"
          },
          {
            "id": 2,
            "text": "2 : 헉 너무 기간 길게 잡은 거 아니야?",
            "norm_text": "헉 너무 기간 길게 잡은 거 아니야?",
            "speaker": {
              "id": "2번",
              "sex": "여성",
              "age": "20대"
            },
            "speechAct": "(단언) 주장하기",
            "morpheme": "헉/IC+너무/MAG+기간/NNG+길/VA+게/EC+잡/VV+은/ETM+거/NNB+아니/VCN+야/EF"
          },
          {
            "id": 3,
            "text": "3 : 아 가격은 부담스럽지 않고?",
            "norm_text": "아 가격은 부담스럽지 않고?",
            "speaker": {
              "id": "3번",
              "sex": "남성",
              "age": "20대"
            },
            "speechAct": "(지시) 질문하기",
            "morpheme": "아/IC+가격/NNG+은/JX+부담/NNG+스럽/XSA+지/EC+않/VX+고/EC"
          },
          {
            "id": 4,
            "text": "1 : 아 그런가...?",
            "norm_text": "아 그런가...?",
            "speaker": {
              "id": "1번",
              "sex": "여성",
              "age": "20대"
            },
            "speechAct": "(단언) 주장하기",
            "morpheme": "아/IC+그런가/VA+EF+./SY+./SY"
          },
          {
            "id": 5,
            "text": "1 : 너무 홧김에 했나?",
            "norm_text": "너무 홧김에 했나?",
            "speaker": {
              "id": "1번",
              "sex": "여성",
              "age": "20대"
            },
            "speechAct": "(단언) 주장하기",
            "morpheme": "너무/MAG+홧김/NNG+에/JKB+했/VV+EP+나/EF"
          },
          {
            "id": 6,
            "text": "2 : 1년 꾸준하게 다닐 수 있겠어? ㅠㅠ",
            "norm_text": "1년 꾸준하게 다닐 수 있겠어? ㅠㅠ",
            "speaker": {
              "id": "2번",
              "sex": "여성",
              "age": "20대"
            },
            "speechAct": "(지시) 질문하기",
            "morpheme": "1/SN+년/NNBC+꾸준/XR+하/XSA+게/EC+다닐/VV+ETM+수/NNB+있/VV+겠/EP+어/EF+ㅠㅠ/UNKNOWN"
          },
          {
            "id": 7,
            "text": "3 : 다이어트 하려고 너 또 그러는 거야?",
            "norm_text": "다이어트 하려고 너 또 그러는 거야?",
            "speaker": {
              "id": "3번",
              "sex": "남성",
              "age": "20대"
            },
            "speechAct": "(지시) 질문하기",
            "morpheme": "다이어트/NNG+하/XSV+려고/EC+너/NP+또/MAG+그러/VV+는/ETM+거/NNB+야/VCP+EF"
          },
          {
            "id": 8,
            "text": "1 : 나 이번에 식단도 진짜 제대로 할 거야",
            "norm_text": "나 이번에 식단도 진짜 제대로 할 거야",
            "speaker": {
              "id": "1번",
              "sex": "여성",
              "age": "20대"
            },
            "speechAct": "(언약) 약속하기(제3자와)/(개인적 수준)",
            "morpheme": "나/NP+이번/NNG+에/JKB+식단/NNG+도/JX+진짜/MAG+제대로/MAG+할/VV+ETM+거/NNB+야/VCP+EF"
          },
          {
            "id": 9,
            "text": "2 : 너 지금도 날씬하고 이뻐 괜찮아",
            "norm_text": "너 지금도 날씬하고 이뻐 괜찮아",
            "speaker": {
              "id": "2번",
              "sex": "여성",
              "age": "20대"
            },
            "speechAct": "(단언) 주장하기",
            "morpheme": "너/NP+지금/MAG+도/JX+날씬/XR+하/XSA+고/EC+이뻐/VA+EC+괜찮/VA+아/EC"
          },
          {
            "id": 10,
            "text": "3 : 키키 너 이번엔 의지가 대단한데?",
            "norm_text": "키키 너 이번엔 의지가 대단한데?",
            "speaker": {
              "id": "3번",
              "sex": "남성",
              "age": "20대"
            },
            "speechAct": "(단언) 주장하기",
            "morpheme": "키/NNG+키너/NNP+이번/NNG+엔/JKB+JX+의지/NNG+가/JKS+대단/XR+한데/XSA+EF"
          },
          {
            "id": 11,
            "text": "1 : 응, 이번에 나 의지 장난 아니야",
            "norm_text": "응, 이번에 나 의지 장난 아니야",
            "speaker": {
              "id": "1번",
              "sex": "여성",
              "age": "20대"
            },
            "speechAct": "(단언) 주장하기",
            "morpheme": "응/IC+,/SC+이번/NNG+에/JKB+나/NP+의/JKG+지장/NNG+난/NP+JX+아니/VCN+야/EC"
          },
          {
            "id": 12,
            "text": "2 : 거기서 뭘 더 뺀다고 그래 ㅠㅠ",
            "norm_text": "거기서 뭘 더 뺀다고 그래 ㅠㅠ",
            "speaker": {
              "id": "2번",
              "sex": "여성",
              "age": "20대"
            },
            "speechAct": "(단언) 주장하기",
            "morpheme": "거기/NP+서/JKB+뭘/NP+JKO+더/MAG+뺀다고/VV+EC+그래/VV+EC+ㅠㅠ/UNKNOWN"
          },
          {
            "id": 13,
            "text": "2 : 지금도 충분 해!",
            "norm_text": "지금도 충분 해!",
            "speaker": {
              "id": "2번",
              "sex": "여성",
              "age": "20대"
            },
            "speechAct": "(단언) 주장하기",
            "morpheme": "지금/NNG+도/JX+충분/XR+해/XSA+EF"
          },
          {
            "id": 14,
            "text": "3 : 내가 다니는 헬스장도 좋은데!",
            "norm_text": "내가 다니는 헬스장도 좋은데!",
            "speaker": {
              "id": "3번",
              "sex": "남성",
              "age": "20대"
            },
            "speechAct": "(단언) 주장하기",
            "morpheme": "내/NP+가/JKS+다니/VV+는/ETM+헬스/NNG+장/NNG+도/JX+좋/VA+은데/EF"
          },
          {
            "id": 15,
            "text": "1 : 이번엔 건강 목적도 있어",
            "norm_text": "이번엔 건강 목적도 있어",
            "speaker": {
              "id": "1번",
              "sex": "여성",
              "age": "20대"
            },
            "speechAct": "(단언) 주장하기",
            "morpheme": "이번/NNG+엔/JKB+JX+건강/NNG+목적/NNG+도/JX+있/VA+어/EC"
          },
          {
            "id": 16,
            "text": "2 : 그럼 1년 끊었으니까 꾸준하게 잘 다녀!",
            "norm_text": "그럼 1년 끊었으니까 꾸준하게 잘 다녀!",
            "speaker": {
              "id": "2번",
              "sex": "여성",
              "age": "20대"
            },
            "speechAct": "(지시) 충고/제안하기",
            "morpheme": "그럼/MAJ+1/SN+년/NNBC+끊/VV+었/EP+으니까/EC+꾸준/XR+하/XSA+게/EC+잘/MAG+다녀/VV+EF"
          },
          {
            "id": 17,
            "text": "3 : 그거 정말 좋은 의지네!",
            "norm_text": "그거 정말 좋은 의지네!",
            "speaker": {
              "id": "3번",
              "sex": "남성",
              "age": "20대"
            },
            "speechAct": "(단언) 주장하기",
            "morpheme": "그거/NP+정말/MAG+좋/VA+은/ETM+의지/NNG+네/VCP+EF"
          },
          {
            "id": 18,
            "text": "1 : 응 하하 다들 내 변화된 모습 기대해",
            "norm_text": "응 하하 다들 내 변화된 모습 기대해",
            "speaker": {
              "id": "1번",
              "sex": "여성",
              "age": "20대"
            },
            "speechAct": "(단언) 주장하기",
            "morpheme": "응/IC+하하/MAG+다/MAG+들내/NNG+변화/NNG+된/XSV+ETM+모습/NNG+기대/NNG+해/XSV+EC"
          },
          {
            "id": 19,
            "text": "2 : 안 가면 빨리 가라고 내가 채찍질 해야겠다 하하",
            "norm_text": "안 가면 빨리 가라고 내가 채찍질 해야겠다 하하",
            "speaker": {
              "id": "2번",
              "sex": "여성",
              "age": "20대"
            },
            "speechAct": "(언약) 약속하기(제3자와)/(개인적 수준)",
            "morpheme": "안/MAG+가/VV+면/EC+빨리/MAG+가/VV+라고/EC+내/NP+가/JKS+채찍/NNG+질/XSN+해야/XSV+EC+VX+겠/EP+다/EF+하하/MAG"
          },
          {
            "id": 20,
            "text": "3 : 역시 내 친구 멋지다니까~",
            "norm_text": "역시 내 친구 멋지다니까~",
            "speaker": {
              "id": "3번",
              "sex": "남성",
              "age": "20대"
            },
            "speechAct": "(단언) 주장하기",
            "morpheme": "역시/MAJ+내/MM+친구/NNG+멋지/VA+다니까/EC+~/SY"
          }
        ]
      }
    }
  ]
}