{
  "dataset": {
    "identifier": 112634,
    "name": "NATEON_35_04_set",
    "src_path": "/data/file/cubeManager/PROJECT001/80/txt20211103154238024688/NATEON_35_04_set/",
    "label_path": "/data/file/cubeManager/PROJECT001/80/txt20211103154238024688/NATEON_35_04_set/",
    "category": 2,
    "type": 0
  },
  "licenses": {
    "name": "Apache License 1.0",
    "url": "http://www.apache.org/licenses/LICENSE-1.0"
  },
  "info": [
    {
      "id": 135479,
      "filename": "NATEON_35_04.txt",
      "title": "NATEON_35_04",
      "mediatype": "메신저",
      "medianame": "네이트온",
      "category": "일상대화",
      "date": "2021-11-03",
      "size": 409,
      "annotations": {
        "subject": "회사/아르바이트",
        "speaker_type": "다자간 대화",
        "size": 409,
        "word_size": 140,
        "text": "1 : 요즘 연봉 다 높게 책정되나?\n2 : 요즘 연봉 잘 안 오르지 않아?\n3 : 왜?\n3 ; 거의 요즘은 다 맞춰주지 않아?\n1 : 아니 새로 들어온 신입이랑 연봉이 비슷한 거같아\n2 : 아 뭐지 그건 좀 아닌거 같은데 물어봐바\n3 : 헐 그건 어떻게 알았어?\n1 : 얘기하다가 보니까 그런 거 같더라고ㅠ\n2 : 헐 뭔가 그러면 기분 상해 ㅠㅠ\n3 : 진짜 기분 나쁘겠는데 그건\n1 : 그래서 내일 선임한테 물어보려고 ㅠ\n2 : 어어 한번 물어봐바 ㅠㅠ\n2 : 비슷하면 기분 엄청 상할 거 같아 난 ㅠㅠ\n3 : 아 다시 협상 가능한지?\n1 : 응 내일 바로 물어볼거야\n2 : 내가 한게 있는데 신입이랑 같으면 억울하지\n3 : 그래 그런 건 바로바로 물어봐\n1 : 응 그래서 바로 협상 할거야\n2 : 웅 비슷하면 바로 연봉 올려버려!\n3 : 응 잘 해결되길 바랄게",
        "lines": [
          {
            "id": 1,
            "text": "1 : 요즘 연봉 다 높게 책정되나?",
            "norm_text": "요즘 연봉 다 높게 책정되나?",
            "speaker": {
              "id": "1번",
              "sex": "여성",
              "age": "20대"
            },
            "speechAct": "(지시) 질문하기",
            "morpheme": "요즘/NNG+연봉/NNG+다/MAG+높/VA+게/EC+책정/NNG+되/XSV+나/EF"
          },
          {
            "id": 2,
            "text": "2 : 요즘 연봉 잘 안 오르지 않아?",
            "norm_text": "요즘 연봉 잘 안 오르지 않아?",
            "speaker": {
              "id": "2번",
              "sex": "여성",
              "age": "20대"
            },
            "speechAct": "(지시) 질문하기",
            "morpheme": "요즘/NNG+연봉/NNG+잘/MAG+안/MAG+오르/VV+지/EC+않/VX+아/EF"
          },
          {
            "id": 3,
            "text": "3 : 왜?",
            "norm_text": "왜?",
            "speaker": {
              "id": "3번",
              "sex": "남성",
              "age": "20대"
            },
            "speechAct": "(지시) 질문하기",
            "morpheme": "왜/MAG"
          },
          {
            "id": 4,
            "text": "3 ; 거의 요즘은 다 맞춰주지 않아?",
            "norm_text": "거의 요즘은 다 맞춰주지 않아?",
            "speaker": {
              "id": "3번",
              "sex": "남성",
              "age": "20대"
            },
            "speechAct": "(지시) 질문하기",
            "morpheme": "거의/MAG+요즘/NNG+은/JX+다/MAG+맞춰/VV+EC+주/VX+지/EC+않/VX+아/EF"
          },
          {
            "id": 5,
            "text": "1 : 아니 새로 들어온 신입이랑 연봉이 비슷한 거같아",
            "norm_text": "아니 새로 들어온 신입이랑 연봉이 비슷한 거같아",
            "speaker": {
              "id": "1번",
              "sex": "여성",
              "age": "20대"
            },
            "speechAct": "(단언) 주장하기",
            "morpheme": "아니/IC+새로/MAG+들어온/VV+ETM+신입/NNG+이랑/JKB+연봉/NNG+이/JKS+비슷/XR+한/XSA+ETM+거/NNB+같/VA+아/EC"
          },
          {
            "id": 6,
            "text": "2 : 아 뭐지 그건 좀 아닌거 같은데 물어봐바",
            "norm_text": "아 뭐지 그건 좀 아닌거 같은데 물어봐바",
            "speaker": {
              "id": "2번",
              "sex": "여성",
              "age": "20대"
            },
            "speechAct": "(지시) 충고/제안하기",
            "morpheme": "아/IC+뭐/NP+지/VCP+EF+그건/NP+JX+좀/MAG+아닌/VCN+ETM+거/NNB+같/VA+은/ETM+데/NNB+물/VV+어/EC+봐/VX+바/EC"
          },
          {
            "id": 7,
            "text": "3 : 헐 그건 어떻게 알았어?",
            "norm_text": "헐 그건 어떻게 알았어?",
            "speaker": {
              "id": "3번",
              "sex": "남성",
              "age": "20대"
            },
            "speechAct": "(지시) 질문하기",
            "morpheme": "헐/IC+그건/NP+JX+어떻/VA+게/EC+알/VV+았/EP+어/EF"
          },
          {
            "id": 8,
            "text": "1 : 얘기하다가 보니까 그런 거 같더라고ㅠ",
            "norm_text": "얘기하다가 보니까 그런 거 같더라고ㅠ",
            "speaker": {
              "id": "1번",
              "sex": "여성",
              "age": "20대"
            },
            "speechAct": "(단언) 주장하기",
            "morpheme": "얘기/NNG+하/XSV+다가/EC+보/VX+니까/EC+그런/MM+거/NNB+같/VA+더라고/EF+ㅠ/UNKNOWN"
          },
          {
            "id": 9,
            "text": "2 : 헐 뭔가 그러면 기분 상해 ㅠㅠ",
            "norm_text": "헐 뭔가 그러면 기분 상해 ㅠㅠ",
            "speaker": {
              "id": "2번",
              "sex": "여성",
              "age": "20대"
            },
            "speechAct": "(단언) 주장하기",
            "morpheme": "헐/IC+뭔가/NP+VCP+EC+그러/VV+면/EC+기분/NNG+상해/VV+EC+ㅠㅠ/UNKNOWN"
          },
          {
            "id": 10,
            "text": "3 : 진짜 기분 나쁘겠는데 그건",
            "norm_text": "진짜 기분 나쁘겠는데 그건",
            "speaker": {
              "id": "3번",
              "sex": "남성",
              "age": "20대"
            },
            "speechAct": "(단언) 주장하기",
            "morpheme": "진짜/MAG+기분/NNG+나쁘/VA+겠/EP+는데/EC+그건/NP+JX"
          },
          {
            "id": 11,
            "text": "1 : 그래서 내일 선임한테 물어보려고 ㅠ",
            "norm_text": "그래서 내일 선임한테 물어보려고 ㅠ",
            "speaker": {
              "id": "1번",
              "sex": "여성",
              "age": "20대"
            },
            "speechAct": "(단언) 주장하기",
            "morpheme": "그래서/MAJ+내일/MAG+선임/NNG+한테/JKB+물/VV+어/EC+보/VX+려고/EC+ㅠ/UNKNOWN"
          },
          {
            "id": 12,
            "text": "2 : 어어 한번 물어봐바 ㅠㅠ",
            "norm_text": "어어 한번 물어봐바 ㅠㅠ",
            "speaker": {
              "id": "2번",
              "sex": "여성",
              "age": "20대"
            },
            "speechAct": "(지시) 충고/제안하기",
            "morpheme": "어/IC+어/IC+한/MM+번/NNBC+물/VV+어/EC+봐/VX+바/EC+ㅠㅠ/UNKNOWN"
          },
          {
            "id": 13,
            "text": "2 : 비슷하면 기분 엄청 상할 거 같아 난 ㅠㅠ",
            "norm_text": "비슷하면 기분 엄청 상할 거 같아 난 ㅠㅠ",
            "speaker": {
              "id": "2번",
              "sex": "여성",
              "age": "20대"
            },
            "speechAct": "(단언) 주장하기",
            "morpheme": "비슷/XR+하/XSA+면/EC+기분/NNG+엄청/MAG+상할/VV+ETM+거/NNB+같/VA+아/EC+난/NP+JX+ㅠㅠ/UNKNOWN"
          },
          {
            "id": 14,
            "text": "3 : 아 다시 협상 가능한지?",
            "norm_text": "아 다시 협상 가능한지?",
            "speaker": {
              "id": "3번",
              "sex": "남성",
              "age": "20대"
            },
            "speechAct": "(지시) 질문하기",
            "morpheme": "아/IC+다시/MAG+협상/NNG+가능/NNG+한지/XSA+EF"
          },
          {
            "id": 15,
            "text": "1 : 응 내일 바로 물어볼거야",
            "norm_text": "응 내일 바로 물어볼거야",
            "speaker": {
              "id": "1번",
              "sex": "여성",
              "age": "20대"
            },
            "speechAct": "(단언) 주장하기",
            "morpheme": "응/IC+내일/MAG+바로/MAG+물어볼/VV+ETM+거/NNB+야/VCP+EF"
          },
          {
            "id": 16,
            "text": "2 : 내가 한게 있는데 신입이랑 같으면 억울하지",
            "norm_text": "내가 한게 있는데 신입이랑 같으면 억울하지",
            "speaker": {
              "id": "2번",
              "sex": "여성",
              "age": "20대"
            },
            "speechAct": "(단언) 주장하기",
            "morpheme": "내/NP+가/JKS+한/VV+ETM+게/NNB+JKS+있/VA+는데/EC+신입/NNG+이랑/JKB+같/VA+으면/EC+억울/XR+하/XSA+지/EC"
          },
          {
            "id": 17,
            "text": "3 : 그래 그런 건 바로바로 물어봐",
            "norm_text": "그래 그런 건 바로바로 물어봐",
            "speaker": {
              "id": "3번",
              "sex": "남성",
              "age": "20대"
            },
            "speechAct": "(단언) 주장하기",
            "morpheme": "그래/IC+그런/MM+건/NNB+JX+바로/MAG+바로/MAG+물어봐/VV+EC"
          },
          {
            "id": 18,
            "text": "1 : 응 그래서 바로 협상 할거야",
            "norm_text": "응 그래서 바로 협상 할거야",
            "speaker": {
              "id": "1번",
              "sex": "여성",
              "age": "20대"
            },
            "speechAct": "(단언) 주장하기",
            "morpheme": "응/IC+그래서/MAJ+바로/MAG+협상/NNG+할/XSV+ETM+거/NNB+야/VCP+EF"
          },
          {
            "id": 19,
            "text": "2 : 웅 비슷하면 바로 연봉 올려버려!",
            "norm_text": "웅 비슷하면 바로 연봉 올려버려!",
            "speaker": {
              "id": "2번",
              "sex": "여성",
              "age": "20대"
            },
            "speechAct": "(단언) 주장하기",
            "morpheme": "웅/IC+비슷/XR+하/XSA+면/EC+바로/MAG+연봉/NNG+올려/VV+EC+버려/VX+EF"
          },
          {
            "id": 20,
            "text": "3 : 응 잘 해결되길 바랄게",
            "norm_text": "응 잘 해결되길 바랄게",
            "speaker": {
              "id": "3번",
              "sex": "남성",
              "age": "20대"
            },
            "speechAct": "(단언) 주장하기",
            "morpheme": "응/IC+잘/MAG+해결/NNG+되/XSV+길/ETN+JKO+바랄/VV+ETM+게/NNB+JKS"
          }
        ]
      }
    }
  ]
}