{
  "dataset": {
    "identifier": 129716,
    "name": "NATEON_41_05_set",
    "src_path": "/data/file/cubeManager/PROJECT001/84/txt20211104173552088470/NATEON_41_05_set/",
    "label_path": "/data/file/cubeManager/PROJECT001/84/txt20211104173552088470/NATEON_41_05_set/",
    "category": 2,
    "type": 0
  },
  "licenses": {
    "name": "Apache License 1.0",
    "url": "http://www.apache.org/licenses/LICENSE-1.0"
  },
  "info": [
    {
      "id": 137212,
      "filename": "NATEON_41_05.txt",
      "title": "NATEON_41_05",
      "mediatype": "메신저",
      "medianame": "네이트온",
      "category": "일상대화",
      "date": "2021-11-04",
      "size": 438,
      "annotations": {
        "subject": "군대",
        "speaker_type": "다자간 대화",
        "size": 438,
        "word_size": 166,
        "text": "1 : 오늘 내 남친 예비군 감 키키\n2 : 오 예비군 갔으면 너는 뭐 하려고\n3 : 그거 그날 올 텐데\n3 : 1박 2일이야?\n1 : 그래서 피엑스에서 겁나 뭐 사 오라고 했어\n2 : 아 맞아\n2 : 갈 때 사 오라고 시켜야 해 키키\n3 : 아 그럼 나도 하나 부탁하자 키키\n1 : 오빠는 회사원이라 1박 2일!\n2 : 아아 그럼 연락도 지금 안 돼?\n3 : 크림 하나만 사 오라고 해라\n3 : 엄마 드리게 키키\n1 : 아니 키키\n1 : 연락 잘 되던데?\n2 : 뭐야 키키\n2 : 그럼 몰래 놀지도 못 하겠네\n3 : 예비군 간 거지 군대 간 게 아니야\n1 : 크림 말고 뭐 필요한 거 있어?\n2 : 어 그럼 나도 과자 몇 개만 하하\n3 : 냉동 식품 사고 싶은데 키키\n3 : 그건 녹으니까 패스\n1 : 필요한 거 있으면 지금 다 말해 키키\n2 : 나 그럼 요즘 추워서 후리스 키키\n3 : 낡은 거 괜찮으면 내 거 줄게 키키",
        "lines": [
          {
            "id": 1,
            "text": "1 : 오늘 내 남친 예비군 감 키키",
            "norm_text": "오늘 내 남친 예비군 감 키키",
            "speaker": {
              "id": "1번",
              "sex": "여성",
              "age": "20대"
            },
            "speechAct": "(단언) 진술하기",
            "morpheme": "오늘/MAG+내/NP+JKG+남친/NNG+예비/NNG+군감/NNG+키/NNG+키/XSV+ETN"
          },
          {
            "id": 2,
            "text": "2 : 오 예비군 갔으면 너는 뭐 하려고",
            "norm_text": "오 예비군 갔으면 너는 뭐 하려고",
            "speaker": {
              "id": "2번",
              "sex": "여성",
              "age": "20대"
            },
            "speechAct": "(지시) 질문하기",
            "morpheme": "오/NR+예비군/NNG+갔/VV+EP+으면/EC+너/NP+는/JX+뭐/IC+하/VV+려고/EC"
          },
          {
            "id": 3,
            "text": "3 : 그거 그날 올 텐데",
            "norm_text": "그거 그날 올 텐데",
            "speaker": {
              "id": "3번",
              "sex": "남성",
              "age": "20대"
            },
            "speechAct": "(단언) 주장하기",
            "morpheme": "그거/NP+그날/NNG+올/VV+ETM+텐데/NNB+VCP+EC"
          },
          {
            "id": 4,
            "text": "3 : 1박 2일이야?",
            "norm_text": "1박 2일이야?",
            "speaker": {
              "id": "3번",
              "sex": "남성",
              "age": "20대"
            },
            "speechAct": "(지시) 질문하기",
            "morpheme": "1/SN+박/NNBC+2/SN+일/NNBC+이/VCP+야/EF"
          },
          {
            "id": 5,
            "text": "1 : 그래서 피엑스에서 겁나 뭐 사 오라고 했어",
            "norm_text": "그래서 피엑스에서 겁나 뭐 사 오라고 했어",
            "speaker": {
              "id": "1번",
              "sex": "여성",
              "age": "20대"
            },
            "speechAct": "(단언) 진술하기",
            "morpheme": "그래서/MAJ+피엑스/NNG+에서/JKB+겁나/VV+EF+뭐/IC+사오/NNG+라고/VCP+EC+했/VX+EP+어/EC"
          },
          {
            "id": 6,
            "text": "2 : 아 맞아",
            "norm_text": "아 맞아",
            "speaker": {
              "id": "2번",
              "sex": "여성",
              "age": "20대"
            },
            "speechAct": "(단언) 주장하기",
            "morpheme": "아/IC+맞/VV+아/EC"
          },
          {
            "id": 7,
            "text": "2 : 갈 때 사 오라고 시켜야 해 키키",
            "norm_text": "갈 때 사 오라고 시켜야 해 키키",
            "speaker": {
              "id": "2번",
              "sex": "여성",
              "age": "20대"
            },
            "speechAct": "(단언) 주장하기",
            "morpheme": "갈/VV+ETM+때/NNG+사오/NNG+라고/VCP+EC+시켜야/VV+EC+해/VV+EC+키/NNG+키/XSV+ETN"
          },
          {
            "id": 8,
            "text": "3 : 아 그럼 나도 하나 부탁하자 키키",
            "norm_text": "아 그럼 나도 하나 부탁하자 키키",
            "speaker": {
              "id": "3번",
              "sex": "남성",
              "age": "20대"
            },
            "speechAct": "(지시) 부탁하기",
            "morpheme": "아/IC+그럼/MAJ+나/NP+도/JX+하나/NR+부탁/NNG+하/XSV+자/EC+키/NNG+키/XSV+ETN"
          },
          {
            "id": 9,
            "text": "1 : 오빠는 회사원이라 1박 2일!",
            "norm_text": "오빠는 회사원이라 1박 2일!",
            "speaker": {
              "id": "1번",
              "sex": "여성",
              "age": "20대"
            },
            "speechAct": "(단언) 진술하기",
            "morpheme": "오빠/NNG+는/JX+회사원/NNG+이/VCP+라/EC+1/SN+박/NNBC+2/SN+일/NNBC"
          },
          {
            "id": 10,
            "text": "2 : 아아 그럼 연락도 지금 안 돼?",
            "norm_text": "아아 그럼 연락도 지금 안 돼?",
            "speaker": {
              "id": "2번",
              "sex": "여성",
              "age": "20대"
            },
            "speechAct": "(지시) 질문하기",
            "morpheme": "아아/IC+그럼/MAJ+연락/NNG+도/JX+지금/MAG+안/MAG+돼/VV+EF"
          },
          {
            "id": 11,
            "text": "3 : 크림 하나만 사 오라고 해라",
            "norm_text": "크림 하나만 사 오라고 해라",
            "speaker": {
              "id": "3번",
              "sex": "남성",
              "age": "20대"
            },
            "speechAct": "(지시) 명령/요구하기",
            "morpheme": "크림/NNG+하나/NR+만/NR+사/NR+오/NR+라고/VCP+EC+해라/VX+EC"
          },
          {
            "id": 12,
            "text": "3 : 엄마 드리게 키키",
            "norm_text": "엄마 드리게 키키",
            "speaker": {
              "id": "3번",
              "sex": "남성",
              "age": "20대"
            },
            "speechAct": "(단언) 진술하기",
            "morpheme": "엄마/NNG+드리/VV+게/EC+키/NNG+키/XSV+ETN"
          },
          {
            "id": 13,
            "text": "1 : 아니 키키",
            "norm_text": "아니 키키",
            "speaker": {
              "id": "1번",
              "sex": "여성",
              "age": "20대"
            },
            "speechAct": "(단언) 진술하기",
            "morpheme": "아니/IC+키/NNG+키/XSV+ETN"
          },
          {
            "id": 14,
            "text": "1 : 연락 잘 되던데?",
            "norm_text": "연락 잘 되던데?",
            "speaker": {
              "id": "1번",
              "sex": "여성",
              "age": "20대"
            },
            "speechAct": "(단언) 진술하기",
            "morpheme": "연락/NNG+잘/MAG+되/VV+던데/EF"
          },
          {
            "id": 15,
            "text": "2 : 뭐야 키키",
            "norm_text": "뭐야 키키",
            "speaker": {
              "id": "2번",
              "sex": "여성",
              "age": "20대"
            },
            "speechAct": "턴토크 사인(관습적 반응)",
            "morpheme": "뭐/IC+야키/NNP+키/NNG"
          },
          {
            "id": 16,
            "text": "2 : 그럼 몰래 놀지도 못 하겠네",
            "norm_text": "그럼 몰래 놀지도 못 하겠네",
            "speaker": {
              "id": "2번",
              "sex": "여성",
              "age": "20대"
            },
            "speechAct": "(단언) 주장하기",
            "morpheme": "그럼/MAJ+몰래/MAG+놀/VV+지/EC+도/JX+못하/VX+겠/EP+네/EF"
          },
          {
            "id": 17,
            "text": "3 : 예비군 간 거지 군대 간 게 아니야",
            "norm_text": "예비군 간 거지 군대 간 게 아니야",
            "speaker": {
              "id": "3번",
              "sex": "남성",
              "age": "20대"
            },
            "speechAct": "(단언) 진술하기",
            "morpheme": "예비군/NNG+간/NNB+거지/NNG+군대/NNG+간/VV+ETM+게/NNB+JKC+아니/VCN+야/EC"
          },
          {
            "id": 18,
            "text": "1 : 크림 말고 뭐 필요한 거 있어?",
            "norm_text": "크림 말고 뭐 필요한 거 있어?",
            "speaker": {
              "id": "1번",
              "sex": "여성",
              "age": "20대"
            },
            "speechAct": "(지시) 질문하기",
            "morpheme": "크림/NNG+말/VV+고/EC+뭐/IC+필요/NNG+한/XSA+ETM+거/NNB+있/VA+어/EF"
          },
          {
            "id": 19,
            "text": "2 : 어 그럼 나도 과자 몇 개만 하하",
            "norm_text": "어 그럼 나도 과자 몇 개만 하하",
            "speaker": {
              "id": "2번",
              "sex": "여성",
              "age": "20대"
            },
            "speechAct": "(지시) 명령/요구하기",
            "morpheme": "어/IC+그럼/MAJ+나/NP+도/JX+과자/NNG+몇/MM+개/NNBC+만/JX+하하/MAG"
          },
          {
            "id": 20,
            "text": "3 : 냉동 식품 사고 싶은데 키키",
            "norm_text": "냉동 식품 사고 싶은데 키키",
            "speaker": {
              "id": "3번",
              "sex": "남성",
              "age": "20대"
            },
            "speechAct": "(단언) 주장하기",
            "morpheme": "냉동/NNG+식품/NNG+사/VV+고/EC+싶/VX+은데/EC+키/NNG+키/XSV+ETN"
          },
          {
            "id": 21,
            "text": "3 : 그건 녹으니까 패스",
            "norm_text": "그건 녹으니까 패스",
            "speaker": {
              "id": "3번",
              "sex": "남성",
              "age": "20대"
            },
            "speechAct": "(단언) 주장하기",
            "morpheme": "그건/NP+JX+녹/VV+으니까/EC+패스/NNG"
          },
          {
            "id": 22,
            "text": "1 : 필요한 거 있으면 지금 다 말해 키키",
            "norm_text": "필요한 거 있으면 지금 다 말해 키키",
            "speaker": {
              "id": "1번",
              "sex": "여성",
              "age": "20대"
            },
            "speechAct": "(지시) 충고/제안하기",
            "morpheme": "필요/NNG+한/XSA+ETM+거/NNB+있/VA+으면/EC+지금/MAG+다/MAG+말/NNG+해/XSV+EC+키/NNG+키/XSV+ETN"
          },
          {
            "id": 23,
            "text": "2 : 나 그럼 요즘 추워서 후리스 키키",
            "norm_text": "나 그럼 요즘 추워서 후리스 키키",
            "speaker": {
              "id": "2번",
              "sex": "여성",
              "age": "20대"
            },
            "speechAct": "(지시) 명령/요구하기",
            "morpheme": "나/NP+그럼/MAJ+요즘/MAG+추워서/VA+EC+후리/NNP+스키키/NNP"
          },
          {
            "id": 24,
            "text": "3 : 낡은 거 괜찮으면 내 거 줄게 키키",
            "norm_text": "낡은 거 괜찮으면 내 거 줄게 키키",
            "speaker": {
              "id": "3번",
              "sex": "남성",
              "age": "20대"
            },
            "speechAct": "(지시) 충고/제안하기",
            "morpheme": "낡/VA+은/ETM+거/NNB+괜찮/VA+으면/EC+내/VX+거/EC+줄/VX+ETM+게/NNB+JKS+키/NNG+키/XSV+ETN"
          }
        ]
      }
    }
  ]
}