{
  "dataset": {
    "identifier": 116789,
    "name": "NATEON_30_01_set",
    "src_path": "/data/file/cubeManager/PROJECT001/80/txt20211102113529047979/NATEON_30_01_set/",
    "label_path": "/data/file/cubeManager/PROJECT001/80/txt20211102113529047979/NATEON_30_01_set/",
    "category": 2,
    "type": 0
  },
  "licenses": {
    "name": "Apache License 1.0",
    "url": "http://www.apache.org/licenses/LICENSE-1.0"
  },
  "info": [
    {
      "id": 129964,
      "filename": "NATEON_30_01.txt",
      "title": "NATEON_30_01",
      "mediatype": "메신저",
      "medianame": "네이트온",
      "category": "일상대화",
      "date": "2021-11-02",
      "size": 438,
      "annotations": {
        "subject": "식음료",
        "speaker_type": "다자간 대화",
        "size": 438,
        "word_size": 159,
        "text": "1 : 나 늦은 점심으로 마라탕~\n2 : 오 마라탕\n2 : 나도 진짜 좋아하는데 키키\n3 : 헐 점심으로 마라탕을 먹는다고?\n1 : 키키 응 나 마라탕 짱 좋아해 ㅠ\n2 : 나도 가끔 점심에 마라탕 먹어 키키\n2 : 좋아\n3 : 나는 꿔바로우가 더 맛있어 하하\n1 : 대신에 덜 맵게 먹으려고\n2 : 아 그것도 같이 먹으면 좋은데 ㅠㅠ\n3 : 응 점심이니까 맵지 않게 먹어\n1 : 맞아\n1 : 저녁이면 그냥 맵게 먹는데 ㅠㅠ\n2 : 나는 맵찔이라서 항상 덜 맵게 ㅠㅠ\n3 : 나는 맵찔이라 매운 거 못 먹어 ㅜ\n1 : 키키 둘 다 맵찔이구나? 헷\n2 : 여기 맵찔이 천국이네 키키\n2 : 그래도 살짝 매콤하게 먹긴 해 키키\n3 : 그래도 쟤보다는 더 잘 먹는다!\n1 : 아니야,\n1 : 그래도 내가 볼 땐 둘 다 맵찔이\n2 : 와 왜 나 무시해\n2 : 나도 나름 먹어?! 키키\n3 : 너가 보면 그렇지...\n3 : 우리 둘 다",
        "lines": [
          {
            "id": 1,
            "text": "1 : 나 늦은 점심으로 마라탕~",
            "norm_text": "나 늦은 점심으로 마라탕~",
            "speaker": {
              "id": "1번",
              "sex": "여성",
              "age": "20대"
            },
            "speechAct": "(단언) 진술하기",
            "morpheme": "나/NP+늦/VA+은/ETM+점심/NNG+으로/JKB+마라/VV+EC+탕/NNG+~/SY"
          },
          {
            "id": 2,
            "text": "2 : 오 마라탕",
            "norm_text": "오 마라탕",
            "speaker": {
              "id": "2번",
              "sex": "여성",
              "age": "20대"
            },
            "speechAct": "(단언) 주장하기",
            "morpheme": "오마라/NNP+탕/NNG"
          },
          {
            "id": 3,
            "text": "2 : 나도 진짜 좋아하는데 키키",
            "norm_text": "나도 진짜 좋아하는데 키키",
            "speaker": {
              "id": "2번",
              "sex": "여성",
              "age": "20대"
            },
            "speechAct": "(단언) 주장하기",
            "morpheme": "나/NP+도/JX+진짜/MAG+좋/VA+아/EC+하/VV+는데/EC+키/NNG+키/XSV+ETN"
          },
          {
            "id": 4,
            "text": "3 : 헐 점심으로 마라탕을 먹는다고?",
            "norm_text": "헐 점심으로 마라탕을 먹는다고?",
            "speaker": {
              "id": "3번",
              "sex": "남성",
              "age": "20대"
            },
            "speechAct": "(지시) 질문하기",
            "morpheme": "헐/IC+점심/NNG+으로/JKB+마라/VV+EC+탕/NNG+을/JKO+먹/VV+는다고/EF"
          },
          {
            "id": 5,
            "text": "1 : 키키 응 나 마라탕 짱 좋아해 ㅠ",
            "norm_text": "키키 응 나 마라탕 짱 좋아해 ㅠ",
            "speaker": {
              "id": "1번",
              "sex": "여성",
              "age": "20대"
            },
            "speechAct": "(단언) 주장하기",
            "morpheme": "키/NNG+키/XSV+ETN+응/IC+나마/NNG+라/VCP+EC+탕/NNG+짱/NNG+좋/VA+아/EC+해ㅠ/UNKNOWN"
          },
          {
            "id": 6,
            "text": "2 : 나도 가끔 점심에 마라탕 먹어 키키",
            "norm_text": "나도 가끔 점심에 마라탕 먹어 키키",
            "speaker": {
              "id": "2번",
              "sex": "여성",
              "age": "20대"
            },
            "speechAct": "(단언) 진술하기",
            "morpheme": "나/NP+도/JX+가끔/MAG+점심/NNG+에/JKB+마라/VV+EC+탕/MAG+먹/VV+어/EC+키/NNG+키/XSV+ETN"
          },
          {
            "id": 7,
            "text": "2 : 좋아",
            "norm_text": "좋아",
            "speaker": {
              "id": "2번",
              "sex": "여성",
              "age": "20대"
            },
            "speechAct": "(단언) 주장하기",
            "morpheme": "좋/VA+아/EC"
          },
          {
            "id": 8,
            "text": "3 : 나는 꿔바로우가 더 맛있어 하하",
            "norm_text": "나는 꿔바로우가 더 맛있어 하하",
            "speaker": {
              "id": "3번",
              "sex": "남성",
              "age": "20대"
            },
            "speechAct": "(단언) 주장하기",
            "morpheme": "나/NP+는/JX+꿔/VV+EC+바로우/NNP+가/JKS+더/MAG+맛있/VA+어/EC+하하/MAG"
          },
          {
            "id": 9,
            "text": "1 : 대신에 덜 맵게 먹으려고",
            "norm_text": "대신에 덜 맵게 먹으려고",
            "speaker": {
              "id": "1번",
              "sex": "여성",
              "age": "20대"
            },
            "speechAct": "(단언) 주장하기",
            "morpheme": "대신/NNG+에/JKB+덜/MAG+맵/VA+게/EC+먹/VV+으려고/EC"
          },
          {
            "id": 10,
            "text": "2 : 아 그것도 같이 먹으면 좋은데 ㅠㅠ",
            "norm_text": "아 그것도 같이 먹으면 좋은데 ㅠㅠ",
            "speaker": {
              "id": "2번",
              "sex": "여성",
              "age": "20대"
            },
            "speechAct": "(단언) 주장하기",
            "morpheme": "아/IC+그것/NP+도/JX+같이/MAG+먹/VV+으면/EC+좋/VA+은데/EC+ㅠㅠ/UNKNOWN"
          },
          {
            "id": 11,
            "text": "3 : 응 점심이니까 맵지 않게 먹어",
            "norm_text": "응 점심이니까 맵지 않게 먹어",
            "speaker": {
              "id": "3번",
              "sex": "남성",
              "age": "20대"
            },
            "speechAct": "(단언) 주장하기",
            "morpheme": "응/IC+점심/NNG+이/VCP+니까/EC+맵/VA+지/EC+않/VX+게/EC+먹/VV+어/EC"
          },
          {
            "id": 12,
            "text": "1 : 맞아",
            "norm_text": "맞아",
            "speaker": {
              "id": "1번",
              "sex": "여성",
              "age": "20대"
            },
            "speechAct": "(단언) 주장하기",
            "morpheme": "맞/VV+아/EC"
          },
          {
            "id": 13,
            "text": "1 : 저녁이면 그냥 맵게 먹는데 ㅠㅠ",
            "norm_text": "저녁이면 그냥 맵게 먹는데 ㅠㅠ",
            "speaker": {
              "id": "1번",
              "sex": "여성",
              "age": "20대"
            },
            "speechAct": "(단언) 주장하기",
            "morpheme": "저녁/NNG+이/VCP+면/EC+그냥/MAG+맵/VA+게/EC+먹/VV+는데/EC+ㅠㅠ/UNKNOWN"
          },
          {
            "id": 14,
            "text": "2 : 나는 맵찔이라서 항상 덜 맵게 ㅠㅠ",
            "norm_text": "나는 맵찔이라서 항상 덜 맵게 ㅠㅠ",
            "speaker": {
              "id": "2번",
              "sex": "여성",
              "age": "20대"
            },
            "speechAct": "(단언) 주장하기",
            "morpheme": "나/NP+는/JX+맵/NNG+찔/VV+ETM+이/NNB+라서/VCP+EC+항상/MAG+덜/MAG+맵/VA+게/EC+ㅠㅠ/UNKNOWN"
          },
          {
            "id": 15,
            "text": "3 : 나는 맵찔이라 매운 거 못 먹어 ㅜ",
            "norm_text": "나는 맵찔이라 매운 거 못 먹어 ㅜ",
            "speaker": {
              "id": "3번",
              "sex": "남성",
              "age": "20대"
            },
            "speechAct": "(단언) 주장하기",
            "morpheme": "나/NP+는/JX+맵/NNG+찔/VV+ETM+이라/JKQ+매운/VA+ETM+거/NNB+못/MAG+먹/VV+어/EC+ㅜ/UNKNOWN"
          },
          {
            "id": 16,
            "text": "1 : 키키 둘 다 맵찔이구나? 헷",
            "norm_text": "키키 둘 다 맵찔이구나? 헷",
            "speaker": {
              "id": "1번",
              "sex": "여성",
              "age": "20대"
            },
            "speechAct": "(단언) 주장하기",
            "morpheme": "키키둘다맵찔이구나/UNKNOWN+?/SY+헷/XPN"
          },
          {
            "id": 17,
            "text": "2 : 여기 맵찔이 천국이네 키키",
            "norm_text": "여기 맵찔이 천국이네 키키",
            "speaker": {
              "id": "2번",
              "sex": "여성",
              "age": "20대"
            },
            "speechAct": "(단언) 주장하기",
            "morpheme": "여기/NP+맵/NNG+찔/VV+ETM+이/MM+천국/NNG+이/JKS+네/MM+키/NNG+키/XSV+ETN"
          },
          {
            "id": 18,
            "text": "2 : 그래도 살짝 매콤하게 먹긴 해 키키",
            "norm_text": "그래도 살짝 매콤하게 먹긴 해 키키",
            "speaker": {
              "id": "2번",
              "sex": "여성",
              "age": "20대"
            },
            "speechAct": "(단언) 주장하기",
            "morpheme": "그래도/MAJ+살짝/MAG+매콤/XR+하/XSA+게/EC+먹/VV+긴/ETN+JX+해/VX+EC+키/NNG+키/XSV+ETN"
          },
          {
            "id": 19,
            "text": "3 : 그래도 쟤보다는 더 잘 먹는다!",
            "norm_text": "그래도 쟤보다는 더 잘 먹는다!",
            "speaker": {
              "id": "3번",
              "sex": "남성",
              "age": "20대"
            },
            "speechAct": "(단언) 주장하기",
            "morpheme": "그래도/MAJ+쟤/NP+보다/JKB+는/JX+더/MAG+잘/MAG+먹/VV+는다/EF"
          },
          {
            "id": 20,
            "text": "1 : 아니야,",
            "norm_text": "아니야,",
            "speaker": {
              "id": "1번",
              "sex": "여성",
              "age": "20대"
            },
            "speechAct": "(단언) 반박하기",
            "morpheme": "아니야/IC+,/SC"
          },
          {
            "id": 21,
            "text": "1 : 그래도 내가 볼 땐 둘 다 맵찔이",
            "norm_text": "그래도 내가 볼 땐 둘 다 맵찔이",
            "speaker": {
              "id": "1번",
              "sex": "여성",
              "age": "20대"
            },
            "speechAct": "(단언) 주장하기",
            "morpheme": "그래도/MAJ+내/NP+가/JKS+볼땐/VV+ETM+NNG+JX+둘/NR+다/MAG+맵/NNG+찔/VV+ETM+이/MM"
          },
          {
            "id": 22,
            "text": "2 : 와 왜 나 무시해",
            "norm_text": "와 왜 나 무시해",
            "speaker": {
              "id": "2번",
              "sex": "여성",
              "age": "20대"
            },
            "speechAct": "(단언) 주장하기",
            "morpheme": "와/IC+왜/MAG+나무/NNG+시/XSN+해/XSV+EC"
          },
          {
            "id": 23,
            "text": "2 : 나도 나름 먹어?! 키키",
            "norm_text": "나도 나름 먹어?! 키키",
            "speaker": {
              "id": "2번",
              "sex": "여성",
              "age": "20대"
            },
            "speechAct": "(단언) 주장하기",
            "morpheme": "나/NP+도/JX+나름/NNB+먹/VV+어/EF+!/SY+키/NNG+키/XSV+ETN"
          },
          {
            "id": 24,
            "text": "3 : 너가 보면 그렇지...",
            "norm_text": "너가 보면 그렇지...",
            "speaker": {
              "id": "3번",
              "sex": "남성",
              "age": "20대"
            },
            "speechAct": "(단언) 주장하기",
            "morpheme": "너/NP+가/JKS+보/VV+면/EC+그렇/VA+지/EF+./SY"
          },
          {
            "id": 25,
            "text": "3 : 우리 둘 다",
            "norm_text": "우리 둘 다",
            "speaker": {
              "id": "3번",
              "sex": "남성",
              "age": "20대"
            },
            "speechAct": "(단언) 주장하기",
            "morpheme": "우리/NP+둘/NR+다/NNG"
          }
        ]
      }
    }
  ]
}