{
  "dataset": {
    "identifier": 525,
    "name": "NATEON_23_17_set",
    "src_path": "/data/file/cubeManager/PROJECT001/7/txt20210826182121066442/NATEON_23_17_set/",
    "label_path": "/data/file/cubeManager/PROJECT001/7/txt20210826182121066442/NATEON_23_17_set/",
    "category": 2,
    "type": 0
  },
  "licenses": {
    "name": "Apache License 1.0",
    "url": "http://www.apache.org/licenses/LICENSE-1.0"
  },
  "info": [
    {
      "id": 816,
      "filename": "NATEON_23_17.txt",
      "title": "NATEON_23_17",
      "mediatype": "메신저",
      "medianame": "네이트온",
      "category": "일상대화",
      "date": "2021-08-26",
      "size": 592,
      "annotations": {
        "subject": "건강",
        "speaker_type": "1:1",
        "size": 592,
        "word_size": 182,
        "text": "1 : 건강을 자주 신경 쓰시는 편이신가요?\n2 : 네!\n2 : 제가 장이 쓰레기라 좀 챙기는 편이에요!\n1 : 매년 건강검진은 받으시고 계세요?\n2 : 요번에 한 번 받아봤어요!\n2 : 쌤은 받아보셨나요?\n1 : 저는 16년도부터 계속 매년 받았어요!\n1 : 내 몸뚱아리가 어떤가!\n1 : 내시경은 해보섰어요?\n2 : 내시경 해봤어요!\n2 : 요번에 위랑 대장 다 내봤어요\n1 : 헐 그 수면내시경 하신거예요?\n2 : 네!\n2 : 선생님 수면 내시경 해 본 경험 있나요?\n1 : 아니요!\n1 : 저는 수면내시경 끝나면 헛소리 하는게 무서워서 안 해봤어요 ㅠ\n1 : 헛소리 안 하셨어요?\n2 : 키키 헛소리 했는지 안 했는지도 모르던데요?\n2 : 뭔가 주변사람이 있어야 알 수 있을 듯?\n1 : 아아! 혹시 간호사 선생님께 헛소리 할까봐 아직 도전은 안해봤어요!\n1 : 결과는 괜찮으셨어요?\n2 : 아니\n2 : 맨날 좀 체하고 장염 잘 걸려서 한 건데 지금처럼 잘 지내면 된대요 어이없어요 정말\n1 : 어머 생각보다 괜찮았나봐여!\n1 : 다행이에요!\n2 : 뭐 이상이 있거나 하지는 않은 거 보니까 스트레스래요!\n1 : 스트레스가 모든 병의 원인이죠 ㅠ\n2 : 요즘에도 스트레스 많이 받아서 걱정이에요 ㅠㅠ",
        "lines": [
          {
            "id": 1,
            "text": "1 : 건강을 자주 신경 쓰시는 편이신가요?",
            "norm_text": "건강을 자주 신경 쓰시는 편이신가요?",
            "speaker": {
              "id": "1번",
              "sex": "여성",
              "age": "20대"
            },
            "speechAct": "(지시) 질문하기",
            "morpheme": "건강/NNG+을/JKO+자주/MAG+신경/NNG+쓰/VV+시/EP+는/ETM+편/NNB+이/VCP+신가요/EP+EF"
          },
          {
            "id": 2,
            "text": "2 : 네!",
            "norm_text": "네!",
            "speaker": {
              "id": "2번",
              "sex": "여성",
              "age": "20대"
            },
            "speechAct": "(단언) 주장하기",
            "morpheme": "네/IC"
          },
          {
            "id": 3,
            "text": "2 : 제가 장이 쓰레기라 좀 챙기는 편이에요!",
            "norm_text": "제가 장이 쓰레기라 좀 챙기는 편이에요!",
            "speaker": {
              "id": "2번",
              "sex": "여성",
              "age": "20대"
            },
            "speechAct": "(단언) 주장하기",
            "morpheme": "제/NP+가/JKS+장/NNG+이/JKS+쓰레기/NNG+라/VCP+EC+좀/MAG+챙기/VV+는/ETM+편/NNB+이/VCP+에요/EF"
          },
          {
            "id": 4,
            "text": "1 : 매년 건강검진은 받으시고 계세요?",
            "norm_text": "매년 건강검진은 받으시고 계세요?",
            "speaker": {
              "id": "1번",
              "sex": "여성",
              "age": "20대"
            },
            "speechAct": "(지시) 질문하기",
            "morpheme": "매년/MAG+건강/NNG+검진/NNG+은/JX+받/VV+으시/EP+고/EC+계세요/VX+EF"
          },
          {
            "id": 5,
            "text": "2 : 요번에 한 번 받아봤어요!",
            "norm_text": "요번에 한 번 받아봤어요!",
            "speaker": {
              "id": "2번",
              "sex": "여성",
              "age": "20대"
            },
            "speechAct": "(단언) 주장하기",
            "morpheme": "요번/NNG+에/JKB+한/MM+번/NNBC+받/VV+아/EC+봤/VX+EP+어요/EF"
          },
          {
            "id": 6,
            "text": "2 : 쌤은 받아보셨나요?",
            "norm_text": "쌤은 받아보셨나요?",
            "speaker": {
              "id": "2번",
              "sex": "여성",
              "age": "20대"
            },
            "speechAct": "(지시) 질문하기",
            "morpheme": "쌤/NNG+은/JX+받/VV+아/EC+보/VX+셨/EP+EP+나요/EF"
          },
          {
            "id": 7,
            "text": "1 : 저는 16년도부터 계속 매년 받았어요!",
            "norm_text": "저는 16년도부터 계속 매년 받았어요!",
            "speaker": {
              "id": "1번",
              "sex": "여성",
              "age": "20대"
            },
            "speechAct": "(단언) 주장하기",
            "morpheme": "저/NP+는/JX+16/SN+년/NNBC+도/JX+부터/JX+계속/MAG+매년/MAG+받/VV+았/EP+어요/EF"
          },
          {
            "id": 8,
            "text": "1 : 내 몸뚱아리가 어떤가!",
            "norm_text": "내 몸뚱아리가 어떤가!",
            "speaker": {
              "id": "1번",
              "sex": "여성",
              "age": "20대"
            },
            "speechAct": "(단언) 주장하기",
            "morpheme": "내/NP+JKG+몸뚱아리/NNG+가/JKS+어떤가/MM+EC"
          },
          {
            "id": 9,
            "text": "1 : 내시경은 해보섰어요?",
            "norm_text": "내시경은 해보섰어요?",
            "speaker": {
              "id": "1번",
              "sex": "여성",
              "age": "20대"
            },
            "speechAct": "(지시) 질문하기",
            "morpheme": "내시경/NNG+은/JX+해/VV+EC+보/VX+섰/EP+EP+어요/EF"
          },
          {
            "id": 10,
            "text": "2 : 내시경 해봤어요!",
            "norm_text": "내시경 해봤어요!",
            "speaker": {
              "id": "2번",
              "sex": "여성",
              "age": "20대"
            },
            "speechAct": "(단언) 주장하기",
            "morpheme": "내시경/NNG+해/XSV+EC+봤/VX+EP+어요/EF"
          },
          {
            "id": 11,
            "text": "2 : 요번에 위랑 대장 다 내봤어요",
            "norm_text": "요번에 위랑 대장 다 내봤어요",
            "speaker": {
              "id": "2번",
              "sex": "여성",
              "age": "20대"
            },
            "speechAct": "(단언) 진술하기",
            "morpheme": "요번/NNG+에/JKB+위/NNG+랑/JKB+대장/NNG+다/MAG+내봤/VV+EP+어요/EF"
          },
          {
            "id": 12,
            "text": "1 : 헐 그 수면내시경 하신거예요?",
            "norm_text": "헐 그 수면내시경 하신거예요?",
            "speaker": {
              "id": "1번",
              "sex": "여성",
              "age": "20대"
            },
            "speechAct": "(지시) 질문하기",
            "morpheme": "헐/IC+그/MM+수면/NNG+내시경/NNG+하/XSV+신/EP+ETM+거/NNB+예요/VCP+EF"
          },
          {
            "id": 13,
            "text": "2 : 네!",
            "norm_text": "네!",
            "speaker": {
              "id": "2번",
              "sex": "여성",
              "age": "20대"
            },
            "speechAct": "(단언) 주장하기",
            "morpheme": "네/IC"
          },
          {
            "id": 14,
            "text": "2 : 선생님 수면 내시경 해 본 경험 있나요?",
            "norm_text": "선생님 수면 내시경 해 본 경험 있나요?",
            "speaker": {
              "id": "2번",
              "sex": "여성",
              "age": "20대"
            },
            "speechAct": "(지시) 질문하기",
            "morpheme": "선생/NNG+님/XSN+수면/NNG+내시경/NNG+해/XSV+EC+본/VX+ETM+경험/NNG+있/VA+나요/EF"
          },
          {
            "id": 15,
            "text": "1 : 아니요!",
            "norm_text": "아니요!",
            "speaker": {
              "id": "1번",
              "sex": "여성",
              "age": "20대"
            },
            "speechAct": "(단언) 주장하기",
            "morpheme": "아니요/IC"
          },
          {
            "id": 16,
            "text": "1 : 저는 수면내시경 끝나면 헛소리 하는게 무서워서 안 해봤어요 ㅠ",
            "norm_text": "저는 수면내시경 끝나면 헛소리 하는게 무서워서 안 해봤어요 ㅠ",
            "speaker": {
              "id": "1번",
              "sex": "여성",
              "age": "20대"
            },
            "speechAct": "(단언) 주장하기",
            "morpheme": "저/NP+는/JX+수면/NNG+내시경/NNG+끝/NNG+나/VV+면/EC+헛/XPN+소리/NNG+하/XSV+는/ETM+게/NNB+JKS+무서워서/VA+EC+안/MAG+해/VV+EC+봤/VX+EP+어요/EF+ㅠ/UNKNOWN"
          },
          {
            "id": 17,
            "text": "1 : 헛소리 안 하셨어요?",
            "norm_text": "헛소리 안 하셨어요?",
            "speaker": {
              "id": "1번",
              "sex": "여성",
              "age": "20대"
            },
            "speechAct": "(지시) 질문하기",
            "morpheme": "헛/XPN+소리/NNG+안/MAG+하/VV+셨/EP+EP+어요/EF"
          },
          {
            "id": 18,
            "text": "2 : 키키 헛소리 했는지 안 했는지도 모르던데요?",
            "norm_text": "키키 헛소리 했는지 안 했는지도 모르던데요?",
            "speaker": {
              "id": "2번",
              "sex": "여성",
              "age": "20대"
            },
            "speechAct": "(단언) 주장하기",
            "morpheme": "키/NNG+키/XSV+ETN+헛/XPN+소리/NNG+했/XSV+EP+는지/EC+안/MAG+했/VV+EP+는지/EC+도/JX+모르/VV+던데요/EF"
          },
          {
            "id": 19,
            "text": "2 : 뭔가 주변사람이 있어야 알 수 있을 듯?",
            "norm_text": "뭔가 주변사람이 있어야 알 수 있을 듯?",
            "speaker": {
              "id": "2번",
              "sex": "여성",
              "age": "20대"
            },
            "speechAct": "(단언) 주장하기",
            "morpheme": "뭔가/NP+VCP+EC+주변/NNG+사람/NNG+이/JKS+있/VV+어야/EC+알/VV+ETM+수/NNB+있/VV+을/ETM+듯/NNB"
          },
          {
            "id": 20,
            "text": "1 : 아아! 혹시 간호사 선생님께 헛소리 할까봐 아직 도전은 안해봤어요!",
            "norm_text": "아아! 혹시 간호사 선생님께 헛소리 할까봐 아직 도전은 안해봤어요!",
            "speaker": {
              "id": "1번",
              "sex": "여성",
              "age": "20대"
            },
            "speechAct": "(단언) 주장하기",
            "morpheme": "아아/IC+혹시/MAG+간호사/NNG+선생/NNG+님/XSN+께/JKB+헛/XPN+소리/NNG+할까봐/XSV+EC+VX+EC+아직/MAG+도전/NNG+은/JX+안/MAG+해/VV+EC+봤/VX+EP+어요/EF"
          },
          {
            "id": 21,
            "text": "1 : 결과는 괜찮으셨어요?",
            "norm_text": "결과는 괜찮으셨어요?",
            "speaker": {
              "id": "1번",
              "sex": "여성",
              "age": "20대"
            },
            "speechAct": "(지시) 질문하기",
            "morpheme": "결과/NNG+는/JX+괜찮/VA+으셨어요/EP+EP+EF"
          },
          {
            "id": 22,
            "text": "2 : 아니",
            "norm_text": "아니",
            "speaker": {
              "id": "2번",
              "sex": "여성",
              "age": "20대"
            },
            "speechAct": "(단언) 주장하기",
            "morpheme": "아니/IC"
          },
          {
            "id": 23,
            "text": "2 : 맨날 좀 체하고 장염 잘 걸려서 한 건데 지금처럼 잘 지내면 된대요 어이없어요 정말",
            "norm_text": "맨날 좀 체하고 장염 잘 걸려서 한 건데 지금처럼 잘 지내면 된대요 어이없어요 정말",
            "speaker": {
              "id": "2번",
              "sex": "여성",
              "age": "20대"
            },
            "speechAct": "(단언) 주장하기",
            "morpheme": "맨날/MAG+좀/MAG+체하/VV+고/EC+장염/NNG+잘/MAG+걸려서/VV+EC+한건데/VX+ETM+NNB+VCP+EC+지금/NNG+처럼/JKB+잘/MAG+지내/VV+면/EC+된대요/VV+EC+어이없/VA+어요/EF+정말/MAG"
          },
          {
            "id": 24,
            "text": "1 : 어머 생각보다 괜찮았나봐여!",
            "norm_text": "어머 생각보다 괜찮았나봐여!",
            "speaker": {
              "id": "1번",
              "sex": "여성",
              "age": "20대"
            },
            "speechAct": "(단언) 주장하기",
            "morpheme": "어머/IC+생각/NNG+보다/JKB+괜찮/VA+았/EP+나/EC+봐/VX+EF+여/JKS+EF"
          },
          {
            "id": 25,
            "text": "1 : 다행이에요!",
            "norm_text": "다행이에요!",
            "speaker": {
              "id": "1번",
              "sex": "여성",
              "age": "20대"
            },
            "speechAct": "(표현) 긍정감정 표현하기",
            "morpheme": "다행/NNG+이/VCP+에요/EF"
          },
          {
            "id": 26,
            "text": "2 : 뭐 이상이 있거나 하지는 않은 거 보니까 스트레스래요!",
            "norm_text": "뭐 이상이 있거나 하지는 않은 거 보니까 스트레스래요!",
            "speaker": {
              "id": "2번",
              "sex": "여성",
              "age": "20대"
            },
            "speechAct": "(단언) 진술하기",
            "morpheme": "뭐/IC+이상/NNG+이/JKS+있/VV+거나/EC+하/VV+지/EC+는/JX+않/VX+은/ETM+거/NNB+보/VV+니까/EC+스트레스/NNG+래요/VCP+EF"
          },
          {
            "id": 27,
            "text": "1 : 스트레스가 모든 병의 원인이죠 ㅠ",
            "norm_text": "스트레스가 모든 병의 원인이죠 ㅠ",
            "speaker": {
              "id": "1번",
              "sex": "여성",
              "age": "20대"
            },
            "speechAct": "(단언) 주장하기",
            "morpheme": "스트레스/NNG+가/JKS+모든/MM+병/NNG+의/JKG+원인/NNG+이/JKS+죠ㅠ/UNKNOWN"
          },
          {
            "id": 28,
            "text": "2 : 요즘에도 스트레스 많이 받아서 걱정이에요 ㅠㅠ",
            "norm_text": "요즘에도 스트레스 많이 받아서 걱정이에요 ㅠㅠ",
            "speaker": {
              "id": "2번",
              "sex": "여성",
              "age": "20대"
            },
            "speechAct": "(단언) 주장하기",
            "morpheme": "요즘/NNG+에/JKB+도/JX+스트레스/NNG+많이/MAG+받/VV+아서/EC+걱정/NNG+이/VCP+에요/EF+ㅠㅠ/UNKNOWN"
          }
        ]
      }
    }
  ]
}