{
  "dataset": {
    "identifier": 129770,
    "name": "NATEON_43_19_set",
    "src_path": "/data/file/cubeManager/PROJECT001/84/txt20211104173553038588/NATEON_43_19_set/",
    "label_path": "/data/file/cubeManager/PROJECT001/84/txt20211104173553038588/NATEON_43_19_set/",
    "category": 2,
    "type": 0
  },
  "licenses": {
    "name": "Apache License 1.0",
    "url": "http://www.apache.org/licenses/LICENSE-1.0"
  },
  "info": [
    {
      "id": 137266,
      "filename": "NATEON_43_19.txt",
      "title": "NATEON_43_19",
      "mediatype": "메신저",
      "medianame": "네이트온",
      "category": "일상대화",
      "date": "2021-11-04",
      "size": 418,
      "annotations": {
        "subject": "영화/만화",
        "speaker_type": "다자간 대화",
        "size": 418,
        "word_size": 155,
        "text": "1 : 나 꼬꼬무 보는데 몰입력 짱이야\n2 : 아 그거 진짜 장난 아니지 키키\n3 : 아 꼬꼬무가 뭐야\n3 : 몰입해?\n1 : 손에 땀을 쥐고 본다\n2 : 꼬리에 꼬리를 무는 이야기 키키\n3 : 그게 뭔데?\n3 : 꼬꼬무야 그게?\n1 : 이거 약간 스토리텔링 다큐?\n2 : 맞아\n2 : 근데 장난 아냐\n2 : 몰입하고 집중하게 됨\n3 : 아 우리 엄마가 좋아하는 건데 키키\n3 :재밌대\n1 : 몰입력이 진짜 장난 아니야...\n2 : 어 이거 인기 쩌는데\n2 : 아직도 안 봄?\n3 : 아 진짜\n3 : 나는 안 봐\n3 : 맨날 보다 잠들어 키키\n1 : 맨날 패널 바뀌면서 쩔어 키키\n2 : 가끔 밤에 보다가 잠 못 자 키키\n3 : 웅 나 그런 거 잘 안 봐 ㅠㅠ\n1 : 나중에 재방송으로 다시 봐야지\n2 : 나중에 그것도 몰아서 봐야겠어 키키\n3 : 아 나도 봐 볼게\n3 : 얼마나 재미있나 키키",
        "lines": [
          {
            "id": 1,
            "text": "1 : 나 꼬꼬무 보는데 몰입력 짱이야",
            "norm_text": "나 꼬꼬무 보는데 몰입력 짱이야",
            "speaker": {
              "id": "1번",
              "sex": "여성",
              "age": "20대"
            },
            "speechAct": "(단언) 주장하기",
            "morpheme": "나/NP+꼬꼬/MAG+무보/NNG+는/JX+데몰/NNP+입력/NNG+짱/NNG+이/VCP+야/EC"
          },
          {
            "id": 2,
            "text": "2 : 아 그거 진짜 장난 아니지 키키",
            "norm_text": "아 그거 진짜 장난 아니지 키키",
            "speaker": {
              "id": "2번",
              "sex": "남성",
              "age": "20대"
            },
            "speechAct": "(단언) 주장하기",
            "morpheme": "아/IC+그거/NP+진짜/MAG+장난/NNG+아니/VCN+지/EC+키/NNG+키/XSV+ETN"
          },
          {
            "id": 3,
            "text": "3 : 아 꼬꼬무가 뭐야",
            "norm_text": "아 꼬꼬무가 뭐야",
            "speaker": {
              "id": "3번",
              "sex": "남성",
              "age": "20대"
            },
            "speechAct": "(지시) 질문하기",
            "morpheme": "아/IC+꼬꼬/MAG+무/NNG+가/JKS+뭐/NP+야/VCP+EF"
          },
          {
            "id": 4,
            "text": "3 : 몰입해?",
            "norm_text": "몰입해?",
            "speaker": {
              "id": "3번",
              "sex": "남성",
              "age": "20대"
            },
            "speechAct": "(지시) 질문하기",
            "morpheme": "몰입/NNG+해/XSV+EF"
          },
          {
            "id": 5,
            "text": "1 : 손에 땀을 쥐고 본다",
            "norm_text": "손에 땀을 쥐고 본다",
            "speaker": {
              "id": "1번",
              "sex": "여성",
              "age": "20대"
            },
            "speechAct": "(단언) 주장하기",
            "morpheme": "손/NNG+에/JKB+땀/NNG+을/JKO+쥐/VV+고/EC+본다/VV+EC"
          },
          {
            "id": 6,
            "text": "2 : 꼬리에 꼬리를 무는 이야기 키키",
            "norm_text": "꼬리에 꼬리를 무는 이야기 키키",
            "speaker": {
              "id": "2번",
              "sex": "남성",
              "age": "20대"
            },
            "speechAct": "(단언) 진술하기",
            "morpheme": "꼬리/NNG+에/JKB+꼬리/NNG+를/JKO+무/VV+는/ETM+이야기/NNG+키/NNG+키/XSV+ETN"
          },
          {
            "id": 7,
            "text": "3 : 그게 뭔데?",
            "norm_text": "그게 뭔데?",
            "speaker": {
              "id": "3번",
              "sex": "남성",
              "age": "20대"
            },
            "speechAct": "(지시) 질문하기",
            "morpheme": "그게/NP+JKS+뭔데/NP+VCP+EF"
          },
          {
            "id": 8,
            "text": "3 : 꼬꼬무야 그게?",
            "norm_text": "꼬꼬무야 그게?",
            "speaker": {
              "id": "3번",
              "sex": "남성",
              "age": "20대"
            },
            "speechAct": "(지시) 질문하기",
            "morpheme": "꼬꼬/MAG+무야/NNG+그게/NP+JKS"
          },
          {
            "id": 9,
            "text": "1 : 이거 약간 스토리텔링 다큐?",
            "norm_text": "이거 약간 스토리텔링 다큐?",
            "speaker": {
              "id": "1번",
              "sex": "여성",
              "age": "20대"
            },
            "speechAct": "(단언) 진술하기",
            "morpheme": "이거/NP+약간/MAG+스토리텔링/NNP+다큐/NNG"
          },
          {
            "id": 10,
            "text": "2 : 맞아",
            "norm_text": "맞아",
            "speaker": {
              "id": "2번",
              "sex": "남성",
              "age": "20대"
            },
            "speechAct": "(단언) 주장하기",
            "morpheme": "맞/VV+아/EC"
          },
          {
            "id": 11,
            "text": "2 : 근데 장난 아냐",
            "norm_text": "근데 장난 아냐",
            "speaker": {
              "id": "2번",
              "sex": "남성",
              "age": "20대"
            },
            "speechAct": "(단언) 주장하기",
            "morpheme": "근데/MAJ+장난/NNG+아냐/VCN+EC"
          },
          {
            "id": 12,
            "text": "2 : 몰입하고 집중하게 됨",
            "norm_text": "몰입하고 집중하게 됨",
            "speaker": {
              "id": "2번",
              "sex": "남성",
              "age": "20대"
            },
            "speechAct": "(단언) 주장하기",
            "morpheme": "몰입/NNG+하/XSV+고/EC+집중/NNG+하/XSV+게/EC+됨/VV+ETN"
          },
          {
            "id": 13,
            "text": "3 : 아 우리 엄마가 좋아하는 건데 키키",
            "norm_text": "아 우리 엄마가 좋아하는 건데 키키",
            "speaker": {
              "id": "3번",
              "sex": "남성",
              "age": "20대"
            },
            "speechAct": "(단언) 주장하기",
            "morpheme": "아/IC+우리/NP+엄마/NNG+가/JKS+좋/VA+아/EC+하/VV+는/ETM+건데/NNB+VCP+EC+키/NNG+키/XSV+ETN"
          },
          {
            "id": 14,
            "text": "3 :재밌대",
            "norm_text": "재밌대",
            "speaker": {
              "id": "3번",
              "sex": "남성",
              "age": "20대"
            },
            "speechAct": "(단언) 주장하기",
            "morpheme": "재밌/VA+대/EC"
          },
          {
            "id": 15,
            "text": "1 : 몰입력이 진짜 장난 아니야...",
            "norm_text": "몰입력이 진짜 장난 아니야...",
            "speaker": {
              "id": "1번",
              "sex": "여성",
              "age": "20대"
            },
            "speechAct": "(단언) 주장하기",
            "morpheme": "몰입/NNG+력/XSN+이/JKS+진짜/MAG+장난/NNG+아니/VCN+야/EF+./SY"
          },
          {
            "id": 16,
            "text": "2 : 어 이거 인기 쩌는데",
            "norm_text": "어 이거 인기 쩌는데",
            "speaker": {
              "id": "2번",
              "sex": "남성",
              "age": "20대"
            },
            "speechAct": "(단언) 주장하기",
            "morpheme": "어/IC+이거/NP+인기/VCP+EC+쩌/MAG+는데/VV+EC"
          },
          {
            "id": 17,
            "text": "2 : 아직도 안 봄?",
            "norm_text": "아직도 안 봄?",
            "speaker": {
              "id": "2번",
              "sex": "남성",
              "age": "20대"
            },
            "speechAct": "(지시) 질문하기",
            "morpheme": "아직/MAG+도/JX+안/MAG+봄/VV+ETN"
          },
          {
            "id": 18,
            "text": "3 : 아 진짜",
            "norm_text": "아 진짜",
            "speaker": {
              "id": "3번",
              "sex": "남성",
              "age": "20대"
            },
            "speechAct": "턴토크 사인(관습적 반응)",
            "morpheme": "아/IC+진짜/MAG"
          },
          {
            "id": 19,
            "text": "3 : 나는 안 봐",
            "norm_text": "나는 안 봐",
            "speaker": {
              "id": "3번",
              "sex": "남성",
              "age": "20대"
            },
            "speechAct": "(단언) 주장하기",
            "morpheme": "나/NP+는/JX+안/MAG+봐/VV+EC"
          },
          {
            "id": 20,
            "text": "3 : 맨날 보다 잠들어 키키",
            "norm_text": "맨날 보다 잠들어 키키",
            "speaker": {
              "id": "3번",
              "sex": "남성",
              "age": "20대"
            },
            "speechAct": "(단언) 주장하기",
            "morpheme": "맨날/MAG+보다/MAG+잠들/VV+어/EC+키/NNG+키/XSV+ETN"
          },
          {
            "id": 21,
            "text": "1 : 맨날 패널 바뀌면서 쩔어 키키",
            "norm_text": "맨날 패널 바뀌면서 쩔어 키키",
            "speaker": {
              "id": "1번",
              "sex": "여성",
              "age": "20대"
            },
            "speechAct": "(단언) 주장하기",
            "morpheme": "맨날/MAG+패널/NNG+바뀌/VV+면서/EC+쩔/VV+어/EC+키/NNG+키/XSV+ETN"
          },
          {
            "id": 22,
            "text": "2 : 가끔 밤에 보다가 잠 못 자 키키",
            "norm_text": "가끔 밤에 보다가 잠 못 자 키키",
            "speaker": {
              "id": "2번",
              "sex": "남성",
              "age": "20대"
            },
            "speechAct": "(단언) 진술하기",
            "morpheme": "가끔/MAG+밤/NNG+에/JKB+보/VV+다가/EC+잠/NNG+못자/NNG+키/NNG+키/XSV+ETN"
          },
          {
            "id": 23,
            "text": "3 : 웅 나 그런 거 잘 안 봐 ㅠㅠ",
            "norm_text": "웅 나 그런 거 잘 안 봐 ㅠㅠ",
            "speaker": {
              "id": "3번",
              "sex": "남성",
              "age": "20대"
            },
            "speechAct": "(단언) 주장하기",
            "morpheme": "웅/IC+나/NP+그런/MM+거/NNB+잘/MAG+안/MAG+봐/VV+EC+ㅠㅠ/UNKNOWN"
          },
          {
            "id": 24,
            "text": "1 : 나중에 재방송으로 다시 봐야지",
            "norm_text": "나중에 재방송으로 다시 봐야지",
            "speaker": {
              "id": "1번",
              "sex": "여성",
              "age": "20대"
            },
            "speechAct": "(언약) 약속하기(제3자와)/(개인적 수준)",
            "morpheme": "나중/NNG+에/JKB+재방송/NNG+으로/JKB+다시/MAG+봐야지/VV+EC"
          },
          {
            "id": 25,
            "text": "2 : 나중에 그것도 몰아서 봐야겠어 키키",
            "norm_text": "나중에 그것도 몰아서 봐야겠어 키키",
            "speaker": {
              "id": "2번",
              "sex": "남성",
              "age": "20대"
            },
            "speechAct": "(언약) 약속하기(제3자와)/(개인적 수준)",
            "morpheme": "나중/NNG+에/JKB+그것/NP+도/JX+몰/VV+아서/EC+봐야/VX+EC+VV+겠/EP+어/EC+키/NNG+키/XSV+ETN"
          },
          {
            "id": 26,
            "text": "3 : 아 나도 봐 볼게",
            "norm_text": "아 나도 봐 볼게",
            "speaker": {
              "id": "3번",
              "sex": "남성",
              "age": "20대"
            },
            "speechAct": "(언약) 약속하기(제3자와)/(개인적 수준)",
            "morpheme": "아/IC+나/NP+도/JX+봐/VV+EC+볼/VX+게/EC"
          },
          {
            "id": 27,
            "text": "3 : 얼마나 재미있나 키키",
            "norm_text": "얼마나 재미있나 키키",
            "speaker": {
              "id": "3번",
              "sex": "남성",
              "age": "20대"
            },
            "speechAct": "(단언) 주장하기",
            "morpheme": "얼마나/MAG+재미있/VA+나/EC+키/NNG+키/XSV+ETN"
          }
        ]
      }
    }
  ]
}