{
  "dataset": {
    "identifier": 18135,
    "name": "NATEON_26_07_set",
    "src_path": "/data/file/cubeManager/PROJECT001/7/txt20210826181628063312/NATEON_26_07_set/",
    "label_path": "/data/file/cubeManager/PROJECT001/7/txt20210826181628063312/NATEON_26_07_set/",
    "category": 2,
    "type": 0
  },
  "licenses": {
    "name": "Apache License 1.0",
    "url": "http://www.apache.org/licenses/LICENSE-1.0"
  },
  "info": [
    {
      "id": 725,
      "filename": "NATEON_26_07.txt",
      "title": "NATEON_26_07",
      "mediatype": "메신저",
      "medianame": "네이트온",
      "category": "일상대화",
      "date": "2021-08-26",
      "size": 1180,
      "annotations": {
        "subject": "가족",
        "speaker_type": "1:1",
        "size": 1180,
        "word_size": 366,
        "text": "1 : 우리 가족들은 막 뭉치는 힘은 없는 거 같아 키키\n1 : 개인주의적인 성향들이 강하거든...\n1 : 나는 그닥인데 언니랑 동생이 진짜 그런 게 강해...\n1 : 넌 어때?\n2 : 아 정말?\n2 : 우리 가족은 그래도 뭉치려고 하는 편인 거 같긴 해!\n2 : 나만 해도 가족들이랑 있는 게 좋아서 대학생 때도 독립 생각이 별로 없었거든 키키\n1 : 오 그렇구나!\n1 : 좋다 ㅠㅠ 가족들한테 힘 얻는 게 크지!\n2 : 응응 ㅠㅠ 근데 요즘엔 그동안 너무 가족한테 많이 의지해서 독립심이 없게 지내왔나? 하는 생각도 좀 들더라구...\n1 : 에이 아니야!\n1 : 나는 가족들이랑 좀 데면데면하게 지냈어도 독립심 없는데 뭐!\n1 : 그리고 나중에는 진짜 독립해서 따로 살게 될 수도 있으니까 지금을 즐겨 하하\n2 : 키키 그래도 되겠지?\n2 : 사실 나중을 생각하면 같이 지낼 수 있을 때 지내는 게 좋은 거 같긴 하더라.\n2 : 생각보다 같이 지낼 수 있는 시간이 짧더라구. ㅠㅠ\n1 : 맞아 맞아! 이건 좀 다른 얘기긴 한데 요즘 시대에서 가족의 정의도 많이 달라지는 거 같아!\n2 : 맞아 정말 그런 거 같더라!\n2 : 확실히 점점 달라지는 게 느껴지는 게 나 어릴 때랑 지금이랑은 또 사뭇 달라졌거든!\n1 : 맞아! 예전에는 가족이라 하면 무조건 피 나눈 혈연을 의미했는데 요즘은 뭐 예를 들어 쉼터나 고아원에서 같이 지낸 친구도 친구를 넘어 가족이라 할 수 있더라!\n2 : 오오 맞아 생각해보니 그러네!\n2 : 그리고 요즘에는 입양 가족들도 이전보다 많이 인식이 달라져서 다른 사람들도 정말 가족이라고 말하고 또 생각하는 거 같아!\n1 : 맞아 진짜 집에서 같이 생활하고 일상을 공유하고 또 마음을 나눈다면 그게 진짜 가족이지! 키키\n1 : 나도 조만간 가족들 보러 가야겠다.\n1 : 서먹서먹한 가족들 보러 키키\n2 : 맞아 맞아! 키키 서먹서먹해도 역시 가족은 가족이지!\n2 : 지금 집이랑 가까이 있어?\n1 : 음 차로 한 삼십 분쯤 걸려!\n1 : 많이 멀진 않아서 그래도 한 달에 한두 번씩은 가는 거 같아!\n2 : 오! 진짜 그 정도면 정말 괜찮다!\n2 : 가까워도 잘 못 갈 수도 있는데 그래도 한 달에 한두 번씩이면 부모님도 좋아하시겠어!\n1 : 응! 뭐 언젠가 이사 간다 해도 너무 멀리 떨어지지 않는 곳에서 살고 싶어!\n2 : 너무 좋다!\n2 : 나도 독립하더라도 좀 가까운 곳에 살고 싶어 ㅠㅠ\n2 : 너무 멀어지면 좀 아쉽고 그럴 거 같아.",
        "lines": [
          {
            "id": 1,
            "text": "1 : 우리 가족들은 막 뭉치는 힘은 없는 거 같아 키키",
            "norm_text": "우리 가족들은 막 뭉치는 힘은 없는 거 같아 키키",
            "speaker": {
              "id": "1번",
              "sex": "여성",
              "age": "30대"
            },
            "speechAct": "(단언) 주장하기",
            "morpheme": "우리/NP+가족/NNG+들/XSN+은/JX+막/MAJ+뭉치/VV+는/ETM+힘/NNG+은/JX+없/VA+는/ETM+거/NNB+같/VA+아/EC+키/NNG+키/XSV+ETN"
          },
          {
            "id": 2,
            "text": "1 : 개인주의적인 성향들이 강하거든...",
            "norm_text": "개인주의적인 성향들이 강하거든...",
            "speaker": {
              "id": "1번",
              "sex": "여성",
              "age": "30대"
            },
            "speechAct": "(단언) 진술하기",
            "morpheme": "개인주의/NNG+적/XSN+인/VCP+ETM+성향/NNG+들/XSN+이/JKS+강하/VA+거든/EF+./SY"
          },
          {
            "id": 3,
            "text": "1 : 나는 그닥인데 언니랑 동생이 진짜 그런 게 강해...",
            "norm_text": "나는 그닥인데 언니랑 동생이 진짜 그런 게 강해...",
            "speaker": {
              "id": "1번",
              "sex": "여성",
              "age": "30대"
            },
            "speechAct": "(단언) 진술하기",
            "morpheme": "나/NP+는/JX+그/MM+닥/NNG+인데/VCP+EC+언니/NNG+랑/JKB+동생/NNG+이/JKS+진짜/MAG+그런/MM+게/NNB+JKS+강해/VA+EF+./SY"
          },
          {
            "id": 4,
            "text": "1 : 넌 어때?",
            "norm_text": "넌 어때?",
            "speaker": {
              "id": "1번",
              "sex": "여성",
              "age": "30대"
            },
            "speechAct": "(지시) 질문하기",
            "morpheme": "넌/NP+JX+어때/VA+EF"
          },
          {
            "id": 5,
            "text": "2 : 아 정말?",
            "norm_text": "아 정말?",
            "speaker": {
              "id": "2번",
              "sex": "여성",
              "age": "20대"
            },
            "speechAct": "턴토크 사인(관습적 반응)",
            "morpheme": "아/IC+정말/MAG"
          },
          {
            "id": 6,
            "text": "2 : 우리 가족은 그래도 뭉치려고 하는 편인 거 같긴 해!",
            "norm_text": "우리 가족은 그래도 뭉치려고 하는 편인 거 같긴 해!",
            "speaker": {
              "id": "2번",
              "sex": "여성",
              "age": "20대"
            },
            "speechAct": "(단언) 주장하기",
            "morpheme": "우리/NP+가족/NNG+은/JX+그래도/VV+EC+뭉치/VV+려고/EC+하/VV+는/ETM+편/NNB+인/VCP+ETM+거/NNB+같/VA+긴/ETN+JX+해/VX+EF"
          },
          {
            "id": 7,
            "text": "2 : 나만 해도 가족들이랑 있는 게 좋아서 대학생 때도 독립 생각이 별로 없었거든 키키",
            "norm_text": "나만 해도 가족들이랑 있는 게 좋아서 대학생 때도 독립 생각이 별로 없었거든 키키",
            "speaker": {
              "id": "2번",
              "sex": "여성",
              "age": "20대"
            },
            "speechAct": "(단언) 주장하기",
            "morpheme": "나/NP+만/JX+해도/VV+EC+가족/NNG+들/XSN+이랑/JKB+있/VA+는/ETM+게/NNB+JKS+좋/VA+아서/EC+대학생/NNG+때/NNG+도/JX+독립/NNG+생각/NNG+이/JKS+별로/MAG+없/VA+었/EP+거든/EF+키/NNG+키/XSV+ETN"
          },
          {
            "id": 8,
            "text": "1 : 오 그렇구나!",
            "norm_text": "오 그렇구나!",
            "speaker": {
              "id": "1번",
              "sex": "여성",
              "age": "30대"
            },
            "speechAct": "턴토크 사인(관습적 반응)",
            "morpheme": "오/NR+그렇/VA+구나/EF"
          },
          {
            "id": 9,
            "text": "1 : 좋다 ㅠㅠ 가족들한테 힘 얻는 게 크지!",
            "norm_text": "좋다 ㅠㅠ 가족들한테 힘 얻는 게 크지!",
            "speaker": {
              "id": "1번",
              "sex": "여성",
              "age": "30대"
            },
            "speechAct": "(단언) 주장하기",
            "morpheme": "좋/VA+다/EF+ㅠㅠ/UNKNOWN+가족/NNG+들/XSN+한테/JKB+힘/NNG+얻/VV+는/ETM+게/NNB+JKS+크/VA+지/EF"
          },
          {
            "id": 10,
            "text": "2 : 응응 ㅠㅠ 근데 요즘엔 그동안 너무 가족한테 많이 의지해서 독립심이 없게 지내왔나? 하는 생각도 좀 들더라구...",
            "norm_text": "응응 ㅠㅠ 근데 요즘엔 그동안 너무 가족한테 많이 의지해서 독립심이 없게 지내왔나? 하는 생각도 좀 들더라구...",
            "speaker": {
              "id": "2번",
              "sex": "여성",
              "age": "20대"
            },
            "speechAct": "(단언) 주장하기",
            "morpheme": "응/IC+응/IC+ㅠㅠ/UNKNOWN+근데/MAJ+요즘/NNG+엔/JKB+JX+그동안/NNG+너무/MAG+가족/NNG+한테/JKB+많이/MAG+의지/NNG+해서/XSV+EC+독립심/NNG+이/JKS+없/VA+게/EC+지내/VV+EC+왔/VX+EP+나/EF+하/VV+는/ETM+생각/NNG+도/JX+좀/MAG+들/VV+더라구/EF+./SY"
          },
          {
            "id": 11,
            "text": "1 : 에이 아니야!",
            "norm_text": "에이 아니야!",
            "speaker": {
              "id": "1번",
              "sex": "여성",
              "age": "30대"
            },
            "speechAct": "(표현) 부정감정 표현하기",
            "morpheme": "에이/NNG+아니/VCN+야/EF"
          },
          {
            "id": 12,
            "text": "1 : 나는 가족들이랑 좀 데면데면하게 지냈어도 독립심 없는데 뭐!",
            "norm_text": "나는 가족들이랑 좀 데면데면하게 지냈어도 독립심 없는데 뭐!",
            "speaker": {
              "id": "1번",
              "sex": "여성",
              "age": "30대"
            },
            "speechAct": "(단언) 진술하기",
            "morpheme": "나/NP+는/JX+가족/NNG+들/XSN+이랑/JKB+좀/MAG+데면데면/MAG+하/VV+게/EC+지냈/VV+EP+어도/EC+독립심/NNG+없/VA+는데/EC+뭐/IC"
          },
          {
            "id": 13,
            "text": "1 : 그리고 나중에는 진짜 독립해서 따로 살게 될 수도 있으니까 지금을 즐겨 하하",
            "norm_text": "그리고 나중에는 진짜 독립해서 따로 살게 될 수도 있으니까 지금을 즐겨 하하",
            "speaker": {
              "id": "1번",
              "sex": "여성",
              "age": "30대"
            },
            "speechAct": "(지시) 충고/제안하기",
            "morpheme": "그리고/MAJ+나중/NNG+에/JKB+는/JX+진짜/MAG+독립/NNG+해서/XSV+EC+따로/MAG+살/VV+게/EC+될/VV+ETM+수/NNB+도/JX+있/VA+으니까/EC+지금/NNG+을/JKO+즐겨/VV+EC+하하/MAG"
          },
          {
            "id": 14,
            "text": "2 : 키키 그래도 되겠지?",
            "norm_text": "키키 그래도 되겠지?",
            "speaker": {
              "id": "2번",
              "sex": "여성",
              "age": "20대"
            },
            "speechAct": "(단언) 주장하기",
            "morpheme": "키/NNG+키/XSV+ETN+그래도/VV+EC+되/VV+겠/EP+지/EF"
          },
          {
            "id": 15,
            "text": "2 : 사실 나중을 생각하면 같이 지낼 수 있을 때 지내는 게 좋은 거 같긴 하더라.",
            "norm_text": "사실 나중을 생각하면 같이 지낼 수 있을 때 지내는 게 좋은 거 같긴 하더라.",
            "speaker": {
              "id": "2번",
              "sex": "여성",
              "age": "20대"
            },
            "speechAct": "(단언) 주장하기",
            "morpheme": "사실/MAG+나중/NNG+을/JKO+생각/NNG+하/XSV+면/EC+같이/MAG+지낼/VV+ETM+수/NNB+있/VV+을/ETM+때/NNG+지내/VV+는/ETM+게/NNB+JKS+좋/VA+은/ETM+거/NNB+같/VA+긴/ETN+JX+하/VX+더라/EF"
          },
          {
            "id": 16,
            "text": "2 : 생각보다 같이 지낼 수 있는 시간이 짧더라구. ㅠㅠ",
            "norm_text": "생각보다 같이 지낼 수 있는 시간이 짧더라구. ㅠㅠ",
            "speaker": {
              "id": "2번",
              "sex": "여성",
              "age": "20대"
            },
            "speechAct": "(단언) 진술하기",
            "morpheme": "생각/NNG+보다/JKB+같이/MAG+지낼/VV+ETM+수/NNB+있/VV+는/ETM+시간/NNG+이/JKS+짧/VA+더라구/EF+ㅠㅠ/UNKNOWN"
          },
          {
            "id": 17,
            "text": "1 : 맞아 맞아! 이건 좀 다른 얘기긴 한데 요즘 시대에서 가족의 정의도 많이 달라지는 거 같아!",
            "norm_text": "맞아 맞아! 이건 좀 다른 얘기긴 한데 요즘 시대에서 가족의 정의도 많이 달라지는 거 같아!",
            "speaker": {
              "id": "1번",
              "sex": "여성",
              "age": "30대"
            },
            "speechAct": "(단언) 주장하기",
            "morpheme": "맞/VV+아/EC+맞/VV+아/EF+이건/NP+JX+좀/MAG+다른/MM+얘기/NNG+긴/VCP+ETN+JX+한데/VX+EC+요즘/NNG+시대/NNG+에서/JKB+가족/NNG+의/JKG+정의/NNG+도/JX+많이/MAG+달라지/VV+는/ETM+거/NNB+같/VA+아/EF"
          },
          {
            "id": 18,
            "text": "2 : 맞아 정말 그런 거 같더라!",
            "norm_text": "맞아 정말 그런 거 같더라!",
            "speaker": {
              "id": "2번",
              "sex": "여성",
              "age": "20대"
            },
            "speechAct": "(단언) 주장하기",
            "morpheme": "맞/VV+아/EC+정말/MAG+그런/MM+거/NNB+같/VA+더라/EF"
          },
          {
            "id": 19,
            "text": "2 : 확실히 점점 달라지는 게 느껴지는 게 나 어릴 때랑 지금이랑은 또 사뭇 달라졌거든!",
            "norm_text": "확실히 점점 달라지는 게 느껴지는 게 나 어릴 때랑 지금이랑은 또 사뭇 달라졌거든!",
            "speaker": {
              "id": "2번",
              "sex": "여성",
              "age": "20대"
            },
            "speechAct": "(단언) 진술하기",
            "morpheme": "확실히/MAG+점점/MAG+달라지/VV+는/ETM+게/NNB+JKS+느껴/VV+EC+지/VX+는/ETM+게/NNB+JKS+나/NP+어릴/VA+ETM+때/NNG+랑/JKB+지금/NNG+이랑/JKB+은/JX+또/MAG+사뭇/MAG+달라졌/VV+EP+거든/EF"
          },
          {
            "id": 20,
            "text": "1 : 맞아! 예전에는 가족이라 하면 무조건 피 나눈 혈연을 의미했는데 요즘은 뭐 예를 들어 쉼터나 고아원에서 같이 지낸 친구도 친구를 넘어 가족이라 할 수 있더라!",
            "norm_text": "맞아! 예전에는 가족이라 하면 무조건 피 나눈 혈연을 의미했는데 요즘은 뭐 예를 들어 쉼터나 고아원에서 같이 지낸 친구도 친구를 넘어 가족이라 할 수 있더라!",
            "speaker": {
              "id": "1번",
              "sex": "여성",
              "age": "30대"
            },
            "speechAct": "(단언) 진술하기",
            "morpheme": "맞/VV+아/EF+예전/NNG+에/JKB+는/JX+가족/NNG+이/VCP+라/EC+하/VV+면/EC+무조건/MAG+피나/VV+눈/EF+혈연/NNG+을/JKO+의미/NNG+했/XSV+EP+는데/EC+요즘/NNG+은/JX+뭐/IC+예/NNG+를/JKO+들/VV+어/EC+쉼터/NNG+나/JC+고아원/NNG+에서/JKB+같이/MAG+지낸/VV+ETM+친구/NNG+도/JX+친구/NNG+를/JKO+넘/VV+어/EC+가족/NNG+이/VCP+라/EC+할/VX+ETM+수/NNB+있/VV+더라/EF"
          },
          {
            "id": 21,
            "text": "2 : 오오 맞아 생각해보니 그러네!",
            "norm_text": "오오 맞아 생각해보니 그러네!",
            "speaker": {
              "id": "2번",
              "sex": "여성",
              "age": "20대"
            },
            "speechAct": "(단언) 주장하기",
            "morpheme": "오/NR+오/NR+맞/VV+아/EC+생각/NNG+해/XSV+EC+보/VX+니/EC+그러/VV+네/EF"
          },
          {
            "id": 22,
            "text": "2 : 그리고 요즘에는 입양 가족들도 이전보다 많이 인식이 달라져서 다른 사람들도 정말 가족이라고 말하고 또 생각하는 거 같아!",
            "norm_text": "그리고 요즘에는 입양 가족들도 이전보다 많이 인식이 달라져서 다른 사람들도 정말 가족이라고 말하고 또 생각하는 거 같아!",
            "speaker": {
              "id": "2번",
              "sex": "여성",
              "age": "20대"
            },
            "speechAct": "(단언) 주장하기",
            "morpheme": "그리고/MAJ+요즘/NNG+에/JKB+는/JX+입양/NNG+가족/NNG+들/XSN+도/JX+이전/NNG+보다/JKB+많이/MAG+인식/NNG+이/JKS+달라져서/VV+EC+다른/MM+사람/NNG+들/XSN+도/JX+정말/MAG+가족/NNG+이/VCP+라고/EC+말/NNG+하/XSV+고/EC+또/MAG+생각/NNG+하/XSV+는/ETM+거/NNB+같/VA+아/EF"
          },
          {
            "id": 23,
            "text": "1 : 맞아 진짜 집에서 같이 생활하고 일상을 공유하고 또 마음을 나눈다면 그게 진짜 가족이지! 키키",
            "norm_text": "맞아 진짜 집에서 같이 생활하고 일상을 공유하고 또 마음을 나눈다면 그게 진짜 가족이지! 키키",
            "speaker": {
              "id": "1번",
              "sex": "여성",
              "age": "30대"
            },
            "speechAct": "(단언) 주장하기",
            "morpheme": "맞/VV+아/EC+진짜/MAG+집/NNG+에서/JKB+같이/MAG+생활/NNG+하/XSV+고/EC+일상/NNG+을/JKO+공유/NNG+하/XSV+고/EC+또/MAG+마음/NNG+을/JKO+나눈다면/VV+EC+그게/NP+JKS+진짜/MAG+가족/NNG+이/VCP+지/EF+키/NNG+키/XSV+ETN"
          },
          {
            "id": 24,
            "text": "1 : 나도 조만간 가족들 보러 가야겠다.",
            "norm_text": "나도 조만간 가족들 보러 가야겠다.",
            "speaker": {
              "id": "1번",
              "sex": "여성",
              "age": "30대"
            },
            "speechAct": "(단언) 주장하기",
            "morpheme": "나/NP+도/JX+조만간/MAG+가족/NNG+들/XSN+보/VV+러/EC+가/VX+야겠다/EC+VX+EP+EF"
          },
          {
            "id": 25,
            "text": "1 : 서먹서먹한 가족들 보러 키키",
            "norm_text": "서먹서먹한 가족들 보러 키키",
            "speaker": {
              "id": "1번",
              "sex": "여성",
              "age": "30대"
            },
            "speechAct": "(단언) 주장하기",
            "morpheme": "서먹서먹/XR+한/XSA+ETM+가족/NNG+들/XSN+보러/JKB+키/NNG+키/XSV+ETN"
          },
          {
            "id": 26,
            "text": "2 : 맞아 맞아! 키키 서먹서먹해도 역시 가족은 가족이지!",
            "norm_text": "맞아 맞아! 키키 서먹서먹해도 역시 가족은 가족이지!",
            "speaker": {
              "id": "2번",
              "sex": "여성",
              "age": "20대"
            },
            "speechAct": "(단언) 주장하기",
            "morpheme": "맞/VV+아/EC+맞/VV+아/EF+키/NNG+키/XSV+ETN+서먹서먹/XR+해도/XSA+EC+역시/MAJ+가족/NNG+은/JX+가족/NNG+이/VCP+지/EF"
          },
          {
            "id": 27,
            "text": "2 : 지금 집이랑 가까이 있어?",
            "norm_text": "지금 집이랑 가까이 있어?",
            "speaker": {
              "id": "2번",
              "sex": "여성",
              "age": "20대"
            },
            "speechAct": "(지시) 질문하기",
            "morpheme": "지금/MAG+집/NNG+이랑/JKB+가까이/MAG+있/VV+어/EF"
          },
          {
            "id": 28,
            "text": "1 : 음 차로 한 삼십 분쯤 걸려!",
            "norm_text": "음 차로 한 삼십 분쯤 걸려!",
            "speaker": {
              "id": "1번",
              "sex": "여성",
              "age": "30대"
            },
            "speechAct": "(단언) 진술하기",
            "morpheme": "음차/NNG+로/JKB+한/MM+삼/NR+십/NR+분/NNBC+쯤/XSN+걸려/VV+EF"
          },
          {
            "id": 29,
            "text": "1 : 많이 멀진 않아서 그래도 한 달에 한두 번씩은 가는 거 같아!",
            "norm_text": "많이 멀진 않아서 그래도 한 달에 한두 번씩은 가는 거 같아!",
            "speaker": {
              "id": "1번",
              "sex": "여성",
              "age": "30대"
            },
            "speechAct": "(단언) 주장하기",
            "morpheme": "많이/MAG+멀/VA+진/EC+JX+않/VX+아서/EC+그래도/VV+EC+한/MM+달/NNG+에/JKB+한두/MM+번/NNBC+씩/XSN+은/JX+가/VV+는/ETM+거/NNB+같/VA+아/EF"
          },
          {
            "id": 30,
            "text": "2 : 오! 진짜 그 정도면 정말 괜찮다!",
            "norm_text": "오! 진짜 그 정도면 정말 괜찮다!",
            "speaker": {
              "id": "2번",
              "sex": "여성",
              "age": "20대"
            },
            "speechAct": "(표현) 긍정감정 표현하기",
            "morpheme": "오/IC+진짜/MAG+그/MM+정도/NNG+면/VCP+EC+정말/MAG+괜찮/VA+다/EF"
          },
          {
            "id": 31,
            "text": "2 : 가까워도 잘 못 갈 수도 있는데 그래도 한 달에 한두 번씩이면 부모님도 좋아하시겠어!",
            "norm_text": "가까워도 잘 못 갈 수도 있는데 그래도 한 달에 한두 번씩이면 부모님도 좋아하시겠어!",
            "speaker": {
              "id": "2번",
              "sex": "여성",
              "age": "20대"
            },
            "speechAct": "(단언) 주장하기",
            "morpheme": "가까워도/VA+EC+잘못/MAG+갈/VV+ETM+수/NNB+도/JX+있/VX+는/ETM+데/NNB+그래도/VV+EC+한/MM+달/NNG+에/JKB+한두/MM+번/NNBC+씩/XSN+이/VCP+면/EC+부모/NNG+님/XSN+도/JX+좋/VA+아/EC+하/VX+시/EP+겠/EP+어/EF"
          },
          {
            "id": 32,
            "text": "1 : 응! 뭐 언젠가 이사 간다 해도 너무 멀리 떨어지지 않는 곳에서 살고 싶어!",
            "norm_text": "응! 뭐 언젠가 이사 간다 해도 너무 멀리 떨어지지 않는 곳에서 살고 싶어!",
            "speaker": {
              "id": "1번",
              "sex": "여성",
              "age": "30대"
            },
            "speechAct": "(단언) 주장하기",
            "morpheme": "응/IC+뭐/IC+언젠가/MAG+이사/NNG+간다해도/VV+EC+XSV+EC+너무/MAG+멀리/MAG+떨어지/VV+지/EC+않/VX+는/ETM+곳/NNG+에서/JKB+살/VV+고/EC+싶/VX+어/EF"
          },
          {
            "id": 33,
            "text": "2 : 너무 좋다!",
            "norm_text": "너무 좋다!",
            "speaker": {
              "id": "2번",
              "sex": "여성",
              "age": "20대"
            },
            "speechAct": "(표현) 긍정감정 표현하기",
            "morpheme": "너무/MAG+좋/VA+다/EF"
          },
          {
            "id": 34,
            "text": "2 : 나도 독립하더라도 좀 가까운 곳에 살고 싶어 ㅠㅠ",
            "norm_text": "나도 독립하더라도 좀 가까운 곳에 살고 싶어 ㅠㅠ",
            "speaker": {
              "id": "2번",
              "sex": "여성",
              "age": "20대"
            },
            "speechAct": "(단언) 주장하기",
            "morpheme": "나/NP+도/JX+독립/NNG+하/XSV+더라도/EC+좀/MAG+가까운/VA+ETM+곳/NNG+에/JKB+살/VV+고/EC+싶/VX+어/EC+ㅠㅠ/UNKNOWN"
          },
          {
            "id": 35,
            "text": "2 : 너무 멀어지면 좀 아쉽고 그럴 거 같아.",
            "norm_text": "너무 멀어지면 좀 아쉽고 그럴 거 같아.",
            "speaker": {
              "id": "2번",
              "sex": "여성",
              "age": "20대"
            },
            "speechAct": "(단언) 주장하기",
            "morpheme": "너무/MAG+멀/VA+어/EC+지/VX+면/EC+좀/MAG+아쉽/VA+고/EC+그럴/VV+ETM+거/NNB+같/VA+아/EF"
          }
        ]
      }
    }
  ]
}