{
  "dataset": {
    "identifier": 18110,
    "name": "NATEON_26_09_set",
    "src_path": "/data/file/cubeManager/PROJECT001/7/txt20210826181628064635/NATEON_26_09_set/",
    "label_path": "/data/file/cubeManager/PROJECT001/7/txt20210826181628064635/NATEON_26_09_set/",
    "category": 2,
    "type": 0
  },
  "licenses": {
    "name": "Apache License 1.0",
    "url": "http://www.apache.org/licenses/LICENSE-1.0"
  },
  "info": [
    {
      "id": 727,
      "filename": "NATEON_26_09.txt",
      "title": "NATEON_26_09",
      "mediatype": "메신저",
      "medianame": "네이트온",
      "category": "일상대화",
      "date": "2021-08-26",
      "size": 1008,
      "annotations": {
        "subject": "반려동물",
        "speaker_type": "1:1",
        "size": 1008,
        "word_size": 310,
        "text": "1 : 요즘 반려동물 시장이 진짜 커지고 있대!\n2 : 오 정말?\n2 : 사람들이 점점 다양한 동물들을 키우는 건가?\n1 : 그런 거 같아!\n1 : 근데 확실히 길가 다녀봐도 강아지 산책 시키는 사람들이 더 많아진 느낌이야\n2 : 맞아 그건 그래!\n2 : 우리 동네에도 강아지 산책 시키는 모습 정말 많이 보이거든!\n1 : 그치?\n1 : 난 강아지는 안 키우지만 그 강형욱? 그 사람이 확실히 반려동물 문화를 좀 바꾼 거 같기도 해 키키\n2 : 아 진짜 생각해보니 그렇네! 키키\n2 : 나도 강아지를 키우지는 않지만 그 사람 영상은 종종 봤거든!\n2 : 사람들이 좀 책임감 갖게 된 것도 같아!\n1 : 맞아! 나도 잘 몰랐는데 강아지 매일매일 산책시켜줘야 한다고...\n1 : 안 그러면 스트레스 받고 그게 뭐 공격성으로 나올 수가 있다고 한다더라!\n2 : 헉 그렇구나!\n2 : 하긴 요즘 워낙 바쁘게 다들 사니까 강아지가 혼자 집에만 있는 경우가 진짜 많은 거 같아 ㅠㅠ\n1 : 맞아. 그래서 내 친구는 애견 미용샵 사장인데 샵에 항상 데리고 다니더라고!\n2 : 오 진짜 그렇게 데리고 다니시는구나!\n2 : 일하는 곳에 데리고 갈 수 있는 사람들은 그렇게 같이 나가는 것도 괜찮겠다!\n2 : 요즘은 애견 동반 가능 카페도 좀 있어서 같이 데리고 나가기도 하던데!\n1 : 그렇더라,\n1 : 경기도 근교 이런 데만 가봐도 애견 동반 카페나 식당도 꽤 있더라고!\n1 : 반려견 있는 사람들은 그런 데로 자주 가더라!\n2 : 오 맞아!\n2 : 또 펜션 같은 데도 있던데 식당도 있는 줄은 몰랐어!\n2 : 되게 새로운 것들이 많이 생기고 있구나 요즘 하하\n1 : 맞아! 문화가 많이 바뀌고 있는 거 같아!\n1 : 그만큼 동물권 보장도 좀 법적으로 되고... 인식이 좋아졌으면 좋겠어 ㅠㅠ\n2 : 그치 이전에는 동물 관련된 사건 사고가 일어나도 대처가 잘 안 됐던 거 같은데 요즘에는 많이 좋아지고 있는 거 같아서 다행이야!\n1 : 맞아. 동물도 같이 공존하는 생명체인데 생명 존중을 좀 해야지!\n2 : 공감이야!\n2 : 앞으로도 사람들 인식이 더 나아졌으면 좋겠어!",
        "lines": [
          {
            "id": 1,
            "text": "1 : 요즘 반려동물 시장이 진짜 커지고 있대!",
            "norm_text": "요즘 반려동물 시장이 진짜 커지고 있대!",
            "speaker": {
              "id": "1번",
              "sex": "여성",
              "age": "30대"
            },
            "speechAct": "(단언) 진술하기",
            "morpheme": "요즘/NNG+반려/NNG+동물/NNG+시장/NNG+이/JKS+진짜/MAG+커/VA+EC+지/VX+고/EC+있/VX+대/EF"
          },
          {
            "id": 2,
            "text": "2 : 오 정말?",
            "norm_text": "오 정말?",
            "speaker": {
              "id": "2번",
              "sex": "여성",
              "age": "20대"
            },
            "speechAct": "(지시) 질문하기",
            "morpheme": "오/IC+정말/MAG"
          },
          {
            "id": 3,
            "text": "2 : 사람들이 점점 다양한 동물들을 키우는 건가?",
            "norm_text": "사람들이 점점 다양한 동물들을 키우는 건가?",
            "speaker": {
              "id": "2번",
              "sex": "여성",
              "age": "20대"
            },
            "speechAct": "(지시) 질문하기",
            "morpheme": "사람/NNG+들/XSN+이/JKS+점점/MAG+다양/XR+한/XSA+ETM+동물/NNG+들/XSN+을/JKO+키우/VV+는/ETM+건가/NNB+VCP+EF"
          },
          {
            "id": 4,
            "text": "1 : 그런 거 같아!",
            "norm_text": "그런 거 같아!",
            "speaker": {
              "id": "1번",
              "sex": "여성",
              "age": "30대"
            },
            "speechAct": "(단언) 주장하기",
            "morpheme": "그런/MM+거/NNB+같/VA+아/EF"
          },
          {
            "id": 5,
            "text": "1 : 근데 확실히 길가 다녀봐도 강아지 산책 시키는 사람들이 더 많아진 느낌이야",
            "norm_text": "근데 확실히 길가 다녀봐도 강아지 산책 시키는 사람들이 더 많아진 느낌이야",
            "speaker": {
              "id": "1번",
              "sex": "여성",
              "age": "30대"
            },
            "speechAct": "(단언) 주장하기",
            "morpheme": "근데/MAJ+확실히/MAG+길/NNG+가/JKC+다녀봐도/VV+EC+VX+EC+강아지/NNG+산책/NNG+시키/XSV+는/ETM+사람/NNG+들/XSN+이/JKS+더/MAG+많/VA+아/EC+진/VX+ETM+느낌/NNG+이/VCP+야/EC"
          },
          {
            "id": 6,
            "text": "2 : 맞아 그건 그래!",
            "norm_text": "맞아 그건 그래!",
            "speaker": {
              "id": "2번",
              "sex": "여성",
              "age": "20대"
            },
            "speechAct": "(단언) 주장하기",
            "morpheme": "맞/VV+아/EC+그건/NP+JX+그래/VA+EF"
          },
          {
            "id": 7,
            "text": "2 : 우리 동네에도 강아지 산책 시키는 모습 정말 많이 보이거든!",
            "norm_text": "우리 동네에도 강아지 산책 시키는 모습 정말 많이 보이거든!",
            "speaker": {
              "id": "2번",
              "sex": "여성",
              "age": "20대"
            },
            "speechAct": "(단언) 주장하기",
            "morpheme": "우리/NP+동네/NNG+에/JKB+도/JX+강아지/NNG+산책/NNG+시키/XSV+는/ETM+모습/NNG+정말/MAG+많이/MAG+보이/VV+거든/EF"
          },
          {
            "id": 8,
            "text": "1 : 그치?",
            "norm_text": "그치?",
            "speaker": {
              "id": "1번",
              "sex": "여성",
              "age": "30대"
            },
            "speechAct": "(단언) 주장하기",
            "morpheme": "그치/IC"
          },
          {
            "id": 9,
            "text": "1 : 난 강아지는 안 키우지만 그 강형욱? 그 사람이 확실히 반려동물 문화를 좀 바꾼 거 같기도 해 키키",
            "norm_text": "난 강아지는 안 키우지만 그 강형욱? 그 사람이 확실히 반려동물 문화를 좀 바꾼 거 같기도 해 키키",
            "speaker": {
              "id": "1번",
              "sex": "여성",
              "age": "30대"
            },
            "speechAct": "(단언) 주장하기",
            "morpheme": "난/NP+JX+강아지/NNG+는/JX+안/MAG+키우/VV+지만/EC+그/MM+강형욱/NNP+그/MM+사람/NNG+이/JKS+확실히/MAG+반려/NNG+동물/NNG+문화/NNG+를/JKO+좀/MAG+바꾼/VV+ETM+거/NNB+같/VA+기/ETN+도/JX+해/VV+EC+키/NNG+키/XSV+ETN"
          },
          {
            "id": 10,
            "text": "2 : 아 진짜 생각해보니 그렇네! 키키",
            "norm_text": "아 진짜 생각해보니 그렇네! 키키",
            "speaker": {
              "id": "2번",
              "sex": "여성",
              "age": "20대"
            },
            "speechAct": "(단언) 주장하기",
            "morpheme": "아/IC+진짜/MAG+생각/NNG+해/XSV+EC+보/VX+니/EC+그렇/VA+네/EF+키/NNG+키/XSV+ETN"
          },
          {
            "id": 11,
            "text": "2 : 나도 강아지를 키우지는 않지만 그 사람 영상은 종종 봤거든!",
            "norm_text": "나도 강아지를 키우지는 않지만 그 사람 영상은 종종 봤거든!",
            "speaker": {
              "id": "2번",
              "sex": "여성",
              "age": "20대"
            },
            "speechAct": "(단언) 진술하기",
            "morpheme": "나/NP+도/JX+강아지/NNG+를/JKO+키우/VV+지/EC+는/JX+않/VX+지만/EC+그/MM+사람/NNG+영상/NNG+은/JX+종종/MAG+봤/VV+EP+거든/EF"
          },
          {
            "id": 12,
            "text": "2 : 사람들이 좀 책임감 갖게 된 것도 같아!",
            "norm_text": "사람들이 좀 책임감 갖게 된 것도 같아!",
            "speaker": {
              "id": "2번",
              "sex": "여성",
              "age": "20대"
            },
            "speechAct": "(단언) 주장하기",
            "morpheme": "사람/NNG+들/XSN+이/JKS+좀/MAG+책임/NNG+감/XSN+갖/VV+게/EC+된/VV+ETM+것/NNB+도/JX+같/VA+아/EF"
          },
          {
            "id": 13,
            "text": "1 : 맞아! 나도 잘 몰랐는데 강아지 매일매일 산책시켜줘야 한다고...",
            "norm_text": "맞아! 나도 잘 몰랐는데 강아지 매일매일 산책시켜줘야 한다고...",
            "speaker": {
              "id": "1번",
              "sex": "여성",
              "age": "30대"
            },
            "speechAct": "(단언) 진술하기",
            "morpheme": "맞/VV+아/EF+나/NP+도/JX+잘/MAG+몰랐/VV+EP+는데/EC+강아지/NNG+매일/MAG+매일/MAG+산책/NNG+시켜/XSV+EC+줘야/VX+EC+한다고/VX+EF+./SY"
          },
          {
            "id": 14,
            "text": "1 : 안 그러면 스트레스 받고 그게 뭐 공격성으로 나올 수가 있다고 한다더라!",
            "norm_text": "안 그러면 스트레스 받고 그게 뭐 공격성으로 나올 수가 있다고 한다더라!",
            "speaker": {
              "id": "1번",
              "sex": "여성",
              "age": "30대"
            },
            "speechAct": "(단언) 진술하기",
            "morpheme": "안/MAG+그러/VV+면/EC+스트레스/NNG+받/VV+고/EC+그게/NP+JKS+뭐/IC+공격/NNG+성/XSN+으로/JKB+나올/VV+ETM+수/NNB+가/JKS+있/VA+다고/EC+한다더라/VX+EF"
          },
          {
            "id": 15,
            "text": "2 : 헉 그렇구나!",
            "norm_text": "헉 그렇구나!",
            "speaker": {
              "id": "2번",
              "sex": "여성",
              "age": "20대"
            },
            "speechAct": "턴토크 사인(관습적 반응)",
            "morpheme": "헉/IC+그렇/VA+구나/EF"
          },
          {
            "id": 16,
            "text": "2 : 하긴 요즘 워낙 바쁘게 다들 사니까 강아지가 혼자 집에만 있는 경우가 진짜 많은 거 같아 ㅠㅠ",
            "norm_text": "하긴 요즘 워낙 바쁘게 다들 사니까 강아지가 혼자 집에만 있는 경우가 진짜 많은 거 같아 ㅠㅠ",
            "speaker": {
              "id": "2번",
              "sex": "여성",
              "age": "20대"
            },
            "speechAct": "(단언) 주장하기",
            "morpheme": "하긴/MAJ+요즘/MAG+워낙/MAG+바쁘/VA+게/EC+다/MAG+들/XSN+사/VV+니까/EC+강아지/NNG+가/JKS+혼자/NNG+집/NNG+에/JKB+만/JX+있/VX+는/ETM+경우/NNG+가/JKS+진짜/MAG+많/VA+은/ETM+거/NNB+같/VA+아/EC+ㅠㅠ/UNKNOWN"
          },
          {
            "id": 17,
            "text": "1 : 맞아. 그래서 내 친구는 애견 미용샵 사장인데 샵에 항상 데리고 다니더라고!",
            "norm_text": "맞아. 그래서 내 친구는 애견 미용샵 사장인데 샵에 항상 데리고 다니더라고!",
            "speaker": {
              "id": "1번",
              "sex": "여성",
              "age": "30대"
            },
            "speechAct": "(단언) 진술하기",
            "morpheme": "맞/VV+아/EF+그래서/MAJ+내/MM+친구/NNG+는/JX+애견/NNG+미용/NNG+샵/NNP+사장/NNG+인데/VCP+EC+샵/NNP+에/JKB+항상/MAG+데리/VV+고/EC+다니/VV+더라고/EF"
          },
          {
            "id": 18,
            "text": "2 : 오 진짜 그렇게 데리고 다니시는구나!",
            "norm_text": "오 진짜 그렇게 데리고 다니시는구나!",
            "speaker": {
              "id": "2번",
              "sex": "여성",
              "age": "20대"
            },
            "speechAct": "(단언) 주장하기",
            "morpheme": "오/IC+진짜/MAG+그렇게/MAG+데리/VV+고/EC+다니/VV+시/EP+는구나/EF"
          },
          {
            "id": 19,
            "text": "2 : 일하는 곳에 데리고 갈 수 있는 사람들은 그렇게 같이 나가는 것도 괜찮겠다!",
            "norm_text": "일하는 곳에 데리고 갈 수 있는 사람들은 그렇게 같이 나가는 것도 괜찮겠다!",
            "speaker": {
              "id": "2번",
              "sex": "여성",
              "age": "20대"
            },
            "speechAct": "(단언) 주장하기",
            "morpheme": "일/NNG+하/XSV+는/ETM+곳/NNG+에/JKB+데리/VV+고/EC+갈/VX+ETM+수/NNB+있/VV+는/ETM+사람/NNG+들/XSN+은/JX+그렇게/MAG+같이/MAG+나가/VV+는/ETM+것/NNB+도/JX+괜찮/VA+겠/EP+다/EF"
          },
          {
            "id": 20,
            "text": "2 : 요즘은 애견 동반 가능 카페도 좀 있어서 같이 데리고 나가기도 하던데!",
            "norm_text": "요즘은 애견 동반 가능 카페도 좀 있어서 같이 데리고 나가기도 하던데!",
            "speaker": {
              "id": "2번",
              "sex": "여성",
              "age": "20대"
            },
            "speechAct": "(단언) 진술하기",
            "morpheme": "요즘/NNG+은/JX+애견/NNG+동반/NNG+가능/NNG+카페/NNG+도/JX+좀/MAG+있/VA+어서/EC+같이/MAG+데리/VV+고/EC+나가/VX+기/ETN+도/JX+하/VV+던데/EF"
          },
          {
            "id": 21,
            "text": "1 : 그렇더라,",
            "norm_text": "그렇더라,",
            "speaker": {
              "id": "1번",
              "sex": "여성",
              "age": "30대"
            },
            "speechAct": "(단언) 진술하기",
            "morpheme": "그렇/VA+더라/EF+,/SC"
          },
          {
            "id": 22,
            "text": "1 : 경기도 근교 이런 데만 가봐도 애견 동반 카페나 식당도 꽤 있더라고!",
            "norm_text": "경기도 근교 이런 데만 가봐도 애견 동반 카페나 식당도 꽤 있더라고!",
            "speaker": {
              "id": "1번",
              "sex": "여성",
              "age": "30대"
            },
            "speechAct": "(단언) 진술하기",
            "morpheme": "경기도/NNP+근교/NNG+이런/MM+데/NNB+만/JX+가/JKS+봐도/VV+EC+애견/NNG+동반/NNG+카페/NNG+나/JC+식당/NNG+도/JX+꽤/MAG+있/VA+더라고/EF"
          },
          {
            "id": 23,
            "text": "1 : 반려견 있는 사람들은 그런 데로 자주 가더라!",
            "norm_text": "반려견 있는 사람들은 그런 데로 자주 가더라!",
            "speaker": {
              "id": "1번",
              "sex": "여성",
              "age": "30대"
            },
            "speechAct": "(단언) 진술하기",
            "morpheme": "반려/NNG+견/NNG+있/VA+는/ETM+사람/NNG+들/XSN+은/JX+그런/MM+데/NNB+로/JKB+자주/MAG+가/VV+더라/EF"
          },
          {
            "id": 24,
            "text": "2 : 오 맞아!",
            "norm_text": "오 맞아!",
            "speaker": {
              "id": "2번",
              "sex": "여성",
              "age": "20대"
            },
            "speechAct": "(단언) 진술하기",
            "morpheme": "오/NR+맞/VV+아/EF"
          },
          {
            "id": 25,
            "text": "2 : 또 펜션 같은 데도 있던데 식당도 있는 줄은 몰랐어!",
            "norm_text": "또 펜션 같은 데도 있던데 식당도 있는 줄은 몰랐어!",
            "speaker": {
              "id": "2번",
              "sex": "여성",
              "age": "20대"
            },
            "speechAct": "(단언) 주장하기",
            "morpheme": "또/MAG+펜션/NNG+같/VA+은데도/EC+있/VX+던/ETM+데/NNB+식당/NNG+도/JX+있/VX+는/ETM+줄/NNB+은/JX+몰랐/VV+EP+어/EF"
          },
          {
            "id": 26,
            "text": "2 : 되게 새로운 것들이 많이 생기고 있구나 요즘 하하",
            "norm_text": "되게 새로운 것들이 많이 생기고 있구나 요즘 하하",
            "speaker": {
              "id": "2번",
              "sex": "여성",
              "age": "20대"
            },
            "speechAct": "(단언) 주장하기",
            "morpheme": "되게/MAG+새로운/VA+ETM+것/NNB+들/XSN+이/JKS+많이/MAG+생기/VV+고/EC+있/VX+구나/EF+요즘/MAG+하하/MAG"
          },
          {
            "id": 27,
            "text": "1 : 맞아! 문화가 많이 바뀌고 있는 거 같아!",
            "norm_text": "맞아! 문화가 많이 바뀌고 있는 거 같아!",
            "speaker": {
              "id": "1번",
              "sex": "여성",
              "age": "30대"
            },
            "speechAct": "(단언) 주장하기",
            "morpheme": "맞/VV+아/EF+문화/NNG+가/JKS+많이/MAG+바뀌/VV+고/EC+있/VX+는/ETM+거/NNB+같/VA+아/EF"
          },
          {
            "id": 28,
            "text": "1 : 그만큼 동물권 보장도 좀 법적으로 되고... 인식이 좋아졌으면 좋겠어 ㅠㅠ",
            "norm_text": "그만큼 동물권 보장도 좀 법적으로 되고... 인식이 좋아졌으면 좋겠어 ㅠㅠ",
            "speaker": {
              "id": "1번",
              "sex": "여성",
              "age": "30대"
            },
            "speechAct": "(단언) 주장하기",
            "morpheme": "그만큼/MAG+동물/NNG+권/XSN+보장/NNG+도/JX+좀/MAG+법/NNG+적/XSN+으로/JKB+되/VV+고/EC+./SY+./SY+인식/NNG+이/JKS+좋/VA+아/EC+졌으면/VX+EP+EC+좋/VA+겠/EP+어/EF+ㅠㅠ/UNKNOWN"
          },
          {
            "id": 29,
            "text": "2 : 그치 이전에는 동물 관련된 사건 사고가 일어나도 대처가 잘 안 됐던 거 같은데 요즘에는 많이 좋아지고 있는 거 같아서 다행이야!",
            "norm_text": "그치 이전에는 동물 관련된 사건 사고가 일어나도 대처가 잘 안 됐던 거 같은데 요즘에는 많이 좋아지고 있는 거 같아서 다행이야!",
            "speaker": {
              "id": "2번",
              "sex": "여성",
              "age": "20대"
            },
            "speechAct": "(단언) 주장하기",
            "morpheme": "그치/IC+이전/NNG+에/JKB+는/JX+동물/NNG+관련/NNG+된/XSV+ETM+사건/NNG+사고/NNG+가/JKS+일어나/VV+EC+도/JX+대처/NNG+가/JKS+잘/MAG+안/MAG+됐/VV+EP+던/ETM+거/NNB+같/VA+은데/EC+요즘/NNG+에/JKB+는/JX+많이/MAG+좋/VA+아/EC+지/VX+고/EC+있/VX+는/ETM+거/NNB+같/VA+아서/EC+다행/NNG+이/VCP+야/EF"
          },
          {
            "id": 30,
            "text": "1 : 맞아. 동물도 같이 공존하는 생명체인데 생명 존중을 좀 해야지!",
            "norm_text": "맞아. 동물도 같이 공존하는 생명체인데 생명 존중을 좀 해야지!",
            "speaker": {
              "id": "1번",
              "sex": "여성",
              "age": "30대"
            },
            "speechAct": "(단언) 주장하기",
            "morpheme": "맞/VV+아/EF+동물/NNG+도/JX+같이/MAG+공존/NNG+하/XSV+는/ETM+생명체/NNG+인데/VCP+EC+생명/NNG+존중/NNG+을/JKO+좀/MAG+해야지/VV+EF"
          },
          {
            "id": 31,
            "text": "2 : 공감이야!",
            "norm_text": "공감이야!",
            "speaker": {
              "id": "2번",
              "sex": "여성",
              "age": "20대"
            },
            "speechAct": "(단언) 주장하기",
            "morpheme": "공감/NNG+이/VCP+야/EF"
          },
          {
            "id": 32,
            "text": "2 : 앞으로도 사람들 인식이 더 나아졌으면 좋겠어!",
            "norm_text": "앞으로도 사람들 인식이 더 나아졌으면 좋겠어!",
            "speaker": {
              "id": "2번",
              "sex": "여성",
              "age": "20대"
            },
            "speechAct": "(단언) 주장하기",
            "morpheme": "앞/NNG+으로/JKB+도/JX+사람/NNG+들/XSN+인식/NNG+이/JKS+더/MAG+나아졌으면/VV+EP+EC+좋/VA+겠/EP+어/EF"
          }
        ]
      }
    }
  ]
}