{
  "dataset": {
    "identifier": 17519,
    "name": "NATEON_26_20_set",
    "src_path": "/data/file/cubeManager/PROJECT001/7/txt20210826181628072186/NATEON_26_20_set/",
    "label_path": "/data/file/cubeManager/PROJECT001/7/txt20210826181628072186/NATEON_26_20_set/",
    "category": 2,
    "type": 0
  },
  "licenses": {
    "name": "Apache License 1.0",
    "url": "http://www.apache.org/licenses/LICENSE-1.0"
  },
  "info": [
    {
      "id": 738,
      "filename": "NATEON_26_20.txt",
      "title": "NATEON_26_20",
      "mediatype": "메신저",
      "medianame": "네이트온",
      "category": "일상대화",
      "date": "2021-08-26",
      "size": 756,
      "annotations": {
        "subject": "영화/만화",
        "speaker_type": "1:1",
        "size": 756,
        "word_size": 246,
        "text": "1 : 요즘 영화관 안 간 지 오래됐네.\n1 : 그냥 집에서 옛날 영화들 또 보고 또 보고 하는 거 같아.\n2 : 맞아\n2 : 안 그래도 최근에 밖에 나갈 일이 있어서 갔다가 영화관 있길래 잠깐 올라갔다가 와봤거든.\n2 : 진짜 텅 비어있더라.\n1 : 그치? 유유\n1 : 참 안타까운 현실이야.\n1 : 그래서 요즘 넷플릭스로 미야자키 하야오 감독 애니메이션 많이 봤던 거 같아.\n2 : 오오 그랬구나!\n2 : 어떤 작품 봤었어?\n1 : 대부분 본 거 같은데 제일 좋았던 건 센과 치히로의 행방불명이었어!\n2 : 오오 그건 진짜 센세이션 했던 애니메이션이었는데...\n2 : 어릴 때 봤었을 때 되게 신기했었어.\n1 : 그치?\n1 : 고양이의 보은이라는 것도 혹시 봤어?\n2 : 오 나 그거 봤어!\n2:  그거도 되게 유명한 애니더라구!\n2 : 그래서 궁금해서 봤었어! 하하\n1 : 그치?\n1 : 고양이들 너무 귀엽지 않아?\n1 : 귀를 기울이면은 봤어?\n2 : 응응 넘 귀여워 유유\n2 : 응 그것도 봤어!\n1 : 오 너도 많이 봤구나??\n1 : 미야자키 하야오 애니 음악도 너무 좋은 거 같지 않아?\n2 : 응응 나도 꽤 본 거 같네 크크\n2 :  맞아\n2 : 개인적으로 ost들도 너무 좋아.\n1 : 맞아!!!\n1 : 히사이시 조였나... 음악 감독이...\n1 : 영화 음악 너무 잘 만드는 거 같아...\n2 : 역시 좋은 애니에 좋은 음악까지...\n2 : 중요한 역할을 하는 거 같아!\n1 : 맞아! 하울의 움직이는 성도 너무 좋았어!\n2 : 헉 나 진짜 좋아하는 애니야.\n2 : 조만간 또 한번 봐야겠다 키키",
        "lines": [
          {
            "id": 1,
            "text": "1 : 요즘 영화관 안 간 지 오래됐네.",
            "norm_text": "요즘 영화관 안 간 지 오래됐네.",
            "speaker": {
              "id": "1번",
              "sex": "여성",
              "age": "30대"
            },
            "speechAct": "(단언) 진술하기",
            "morpheme": "요즘/NNG+영화관/NNG+안/MAG+간지/VV+EC+오래/MAG+됐/VV+EP+네/EF"
          },
          {
            "id": 2,
            "text": "1 : 그냥 집에서 옛날 영화들 또 보고 또 보고 하는 거 같아.",
            "norm_text": "그냥 집에서 옛날 영화들 또 보고 또 보고 하는 거 같아.",
            "speaker": {
              "id": "1번",
              "sex": "여성",
              "age": "30대"
            },
            "speechAct": "(단언) 진술하기",
            "morpheme": "그냥/MAG+집/NNG+에서/JKB+옛날/NNG+영화/NNG+들/XSN+또/MAG+보/VV+고/EC+또/MAG+보고/NNG+하/XSV+는/ETM+거/NNB+같/VA+아/EF"
          },
          {
            "id": 3,
            "text": "2 : 맞아",
            "norm_text": "맞아",
            "speaker": {
              "id": "2번",
              "sex": "여성",
              "age": "20대"
            },
            "speechAct": "(단언) 진술하기",
            "morpheme": "맞/VV+아/EC"
          },
          {
            "id": 4,
            "text": "2 : 안 그래도 최근에 밖에 나갈 일이 있어서 갔다가 영화관 있길래 잠깐 올라갔다가 와봤거든.",
            "norm_text": "안 그래도 최근에 밖에 나갈 일이 있어서 갔다가 영화관 있길래 잠깐 올라갔다가 와봤거든.",
            "speaker": {
              "id": "2번",
              "sex": "여성",
              "age": "20대"
            },
            "speechAct": "(단언) 진술하기",
            "morpheme": "안/MAG+그래도/VV+EC+최근/NNG+에/JKB+밖에/JX+나갈/VV+ETM+일/NNG+이/JKS+있/VV+어서/EC+갔/VV+EP+다가/EC+영화관/NNG+있/VV+길래/EC+잠깐/MAG+올라갔/VV+EP+다가/EC+와/VV+EC+봤/VX+EP+거든/EF"
          },
          {
            "id": 5,
            "text": "2 : 진짜 텅 비어있더라.",
            "norm_text": "진짜 텅 비어있더라.",
            "speaker": {
              "id": "2번",
              "sex": "여성",
              "age": "20대"
            },
            "speechAct": "(단언) 진술하기",
            "morpheme": "진짜/MAG+텅/MAG+비/VV+어/EC+있/VX+더라/EF"
          },
          {
            "id": 6,
            "text": "1 : 그치? 유유",
            "norm_text": "그치? 유유",
            "speaker": {
              "id": "1번",
              "sex": "여성",
              "age": "30대"
            },
            "speechAct": "(표현) 부정감정 표현하기",
            "morpheme": "그치/IC+유유/NNG"
          },
          {
            "id": 7,
            "text": "1 : 참 안타까운 현실이야.",
            "norm_text": "참 안타까운 현실이야.",
            "speaker": {
              "id": "1번",
              "sex": "여성",
              "age": "30대"
            },
            "speechAct": "(단언) 주장하기",
            "morpheme": "참/MAG+안타까운/VA+ETM+현실/NNG+이/VCP+야/EF"
          },
          {
            "id": 8,
            "text": "1 : 그래서 요즘 넷플릭스로 미야자키 하야오 감독 애니메이션 많이 봤던 거 같아.",
            "norm_text": "그래서 요즘 넷플릭스로 미야자키 하야오 감독 애니메이션 많이 봤던 거 같아.",
            "speaker": {
              "id": "1번",
              "sex": "여성",
              "age": "30대"
            },
            "speechAct": "(단언) 진술하기",
            "morpheme": "그래서/MAJ+요즘/MAG+넷플릭스/NNP+로/JKB+미야자키/+하야오/+감독/NNG+애니메이션/NNG+많이/MAG+봤/VV+EP+던/ETM+거/NNB+같/VA+아/EF"
          },
          {
            "id": 9,
            "text": "2 : 오오 그랬구나!",
            "norm_text": "오오 그랬구나!",
            "speaker": {
              "id": "2번",
              "sex": "여성",
              "age": "20대"
            },
            "speechAct": "(단언) 진술하기",
            "morpheme": "오/NR+오/NR+그랬/VV+EP+구나/EF"
          },
          {
            "id": 10,
            "text": "2 : 어떤 작품 봤었어?",
            "norm_text": "어떤 작품 봤었어?",
            "speaker": {
              "id": "2번",
              "sex": "여성",
              "age": "20대"
            },
            "speechAct": "(지시) 질문하기",
            "morpheme": "어떤/MM+작품/NNG+봤었/VV+EP+어/EF"
          },
          {
            "id": 11,
            "text": "1 : 대부분 본 거 같은데 제일 좋았던 건 센과 치히로의 행방불명이었어!",
            "norm_text": "대부분 본 거 같은데 제일 좋았던 건 센과 치히로의 행방불명이었어!",
            "speaker": {
              "id": "1번",
              "sex": "여성",
              "age": "30대"
            },
            "speechAct": "(단언) 주장하기",
            "morpheme": "대부분/NNG+본/VV+ETM+거/NNB+같/VA+은데/EC+제일/MAG+좋/VA+았/EP+던/ETM+건/NNB+JX+센/VA+ETM+과치/NNG+히로/NNG+의/JKG+행방불명/NNG+이/VCP+었/EP+어/EF"
          },
          {
            "id": 12,
            "text": "2 : 오오 그건 진짜 센세이션 했던 애니메이션이었는데...",
            "norm_text": "오오 그건 진짜 센세이션 했던 애니메이션이었는데...",
            "speaker": {
              "id": "2번",
              "sex": "여성",
              "age": "20대"
            },
            "speechAct": "(단언) 주장하기",
            "morpheme": "오오/IC+그건/NP+JX+진짜/MAG+센세이션/NNP+했/VV+EP+던/ETM+애니메이션/NNG+이/VCP+었/EP+는데/EC+./SY+./SY"
          },
          {
            "id": 13,
            "text": "2 : 어릴 때 봤었을 때 되게 신기했었어.",
            "norm_text": "어릴 때 봤었을 때 되게 신기했었어.",
            "speaker": {
              "id": "2번",
              "sex": "여성",
              "age": "20대"
            },
            "speechAct": "(단언) 주장하기",
            "morpheme": "어릴/VA+ETM+때/NNG+봤었/VV+EP+을/ETM+때/NNG+되게/MAG+신기/XR+했었/XSA+EP+어/EF"
          },
          {
            "id": 14,
            "text": "1 : 그치?",
            "norm_text": "그치?",
            "speaker": {
              "id": "1번",
              "sex": "여성",
              "age": "30대"
            },
            "speechAct": "(지시) 질문하기",
            "morpheme": "그치/IC"
          },
          {
            "id": 15,
            "text": "1 : 고양이의 보은이라는 것도 혹시 봤어?",
            "norm_text": "고양이의 보은이라는 것도 혹시 봤어?",
            "speaker": {
              "id": "1번",
              "sex": "여성",
              "age": "30대"
            },
            "speechAct": "(지시) 질문하기",
            "morpheme": "고양이/NNG+의/JKG+보은/NNG+이/VCP+라는/ETM+것/NNB+도/JX+혹시/MAG+봤/VV+EP+어/EF"
          },
          {
            "id": 16,
            "text": "2 : 오 나 그거 봤어!",
            "norm_text": "오 나 그거 봤어!",
            "speaker": {
              "id": "2번",
              "sex": "여성",
              "age": "20대"
            },
            "speechAct": "(단언) 주장하기",
            "morpheme": "오/VV+나/EC+그거/NP+봤/VV+EP+어/EF"
          },
          {
            "id": 17,
            "text": "2:  그거도 되게 유명한 애니더라구!",
            "norm_text": "그거도 되게 유명한 애니더라구!",
            "speaker": {
              "id": "2번",
              "sex": "여성",
              "age": "20대"
            },
            "speechAct": "(단언) 주장하기",
            "morpheme": "그거/NP+도/JX+되게/MAG+유명/NNG+한/XSA+ETM+애/NNG+니더/NNG+라구/VCP+EF"
          },
          {
            "id": 18,
            "text": "2 : 그래서 궁금해서 봤었어! 하하",
            "norm_text": "그래서 궁금해서 봤었어! 하하",
            "speaker": {
              "id": "2번",
              "sex": "여성",
              "age": "20대"
            },
            "speechAct": "(단언) 주장하기",
            "morpheme": "그래서/MAJ+궁금/XR+해서/XSA+EC+봤었/VX+EP+어/EF+하하/MAG"
          },
          {
            "id": 19,
            "text": "1 : 그치?",
            "norm_text": "그치?",
            "speaker": {
              "id": "1번",
              "sex": "여성",
              "age": "30대"
            },
            "speechAct": "(단언) 주장하기",
            "morpheme": "그치/IC"
          },
          {
            "id": 20,
            "text": "1 : 고양이들 너무 귀엽지 않아?",
            "norm_text": "고양이들 너무 귀엽지 않아?",
            "speaker": {
              "id": "1번",
              "sex": "여성",
              "age": "30대"
            },
            "speechAct": "(지시) 질문하기",
            "morpheme": "고양이/NNG+들/XSN+너무/MAG+귀엽/VA+지/EC+않/VX+아/EF"
          },
          {
            "id": 21,
            "text": "1 : 귀를 기울이면은 봤어?",
            "norm_text": "귀를 기울이면은 봤어?",
            "speaker": {
              "id": "1번",
              "sex": "여성",
              "age": "30대"
            },
            "speechAct": "(지시) 질문하기",
            "morpheme": "귀/NNG+를/JKO+기울이/VV+면은/EC+봤/VX+EP+어/EF"
          },
          {
            "id": 22,
            "text": "2 : 응응 넘 귀여워 유유",
            "norm_text": "응응 넘 귀여워 유유",
            "speaker": {
              "id": "2번",
              "sex": "여성",
              "age": "20대"
            },
            "speechAct": "(표현) 긍정감정 표현하기",
            "morpheme": "응응넘귀여워유유/UNKNOWN"
          },
          {
            "id": 23,
            "text": "2 : 응 그것도 봤어!",
            "norm_text": "응 그것도 봤어!",
            "speaker": {
              "id": "2번",
              "sex": "여성",
              "age": "20대"
            },
            "speechAct": "(단언) 진술하기",
            "morpheme": "응/IC+그것/NP+도/JX+봤/VV+EP+어/EF"
          },
          {
            "id": 24,
            "text": "1 : 오 너도 많이 봤구나??",
            "norm_text": "오 너도 많이 봤구나??",
            "speaker": {
              "id": "1번",
              "sex": "여성",
              "age": "30대"
            },
            "speechAct": "(지시) 질문하기",
            "morpheme": "오너/NNG+도/JX+많이/MAG+봤/VV+EP+구나/EF+?/SY"
          },
          {
            "id": 25,
            "text": "1 : 미야자키 하야오 애니 음악도 너무 좋은 거 같지 않아?",
            "norm_text": "미야자키 하야오 애니 음악도 너무 좋은 거 같지 않아?",
            "speaker": {
              "id": "1번",
              "sex": "여성",
              "age": "30대"
            },
            "speechAct": "(지시) 질문하기",
            "morpheme": "미야자키/+하야오/+애니/NNP+음악/NNG+도/JX+너무/MAG+좋/VA+은/ETM+거/NNB+같/VA+지/EC+않/VX+아/EF"
          },
          {
            "id": 26,
            "text": "2 : 응응 나도 꽤 본 거 같네 크크",
            "norm_text": "응응 나도 꽤 본 거 같네 크크",
            "speaker": {
              "id": "2번",
              "sex": "여성",
              "age": "20대"
            },
            "speechAct": "(단언) 진술하기",
            "morpheme": "응/IC+응/IC+나/NP+도/JX+꽤/MAG+본/VV+ETM+거/NNB+같/VA+네/EF+크크/IC"
          },
          {
            "id": 27,
            "text": "2 :  맞아",
            "norm_text": "맞아",
            "speaker": {
              "id": "2번",
              "sex": "여성",
              "age": "20대"
            },
            "speechAct": "턴토크 사인(관습적 반응)",
            "morpheme": "맞/VV+아/EC"
          },
          {
            "id": 28,
            "text": "2 : 개인적으로 ost들도 너무 좋아.",
            "norm_text": "개인적으로 ost들도 너무 좋아.",
            "speaker": {
              "id": "2번",
              "sex": "여성",
              "age": "20대"
            },
            "speechAct": "(단언) 주장하기",
            "morpheme": "개인/NNG+적/XSN+으로/JKB+ost/SL+들/XSN+도/JX+너무/MAG+좋/VA+아/EF"
          },
          {
            "id": 29,
            "text": "1 : 맞아!!!",
            "norm_text": "맞아!!!",
            "speaker": {
              "id": "1번",
              "sex": "여성",
              "age": "30대"
            },
            "speechAct": "(단언) 주장하기",
            "morpheme": "맞/VV+아/EF+!/SY"
          },
          {
            "id": 30,
            "text": "1 : 히사이시 조였나... 음악 감독이...",
            "norm_text": "히사이시 조였나... 음악 감독이...",
            "speaker": {
              "id": "1번",
              "sex": "여성",
              "age": "30대"
            },
            "speechAct": "(단언) 주장하기",
            "morpheme": "히사이시/+조/+였/VCP+EP+나/EF+./SY+음악/NNG+감독/NNG+이/JKS+./SY+./SY"
          },
          {
            "id": 31,
            "text": "1 : 영화 음악 너무 잘 만드는 거 같아...",
            "norm_text": "영화 음악 너무 잘 만드는 거 같아...",
            "speaker": {
              "id": "1번",
              "sex": "여성",
              "age": "30대"
            },
            "speechAct": "(단언) 주장하기",
            "morpheme": "영화/NNG+음악/NNG+너무/MAG+잘/MAG+만드/VV+는/ETM+거/NNB+같/VA+아/EF+./SY"
          },
          {
            "id": 32,
            "text": "2 : 역시 좋은 애니에 좋은 음악까지...",
            "norm_text": "역시 좋은 애니에 좋은 음악까지...",
            "speaker": {
              "id": "2번",
              "sex": "여성",
              "age": "20대"
            },
            "speechAct": "(단언) 주장하기",
            "morpheme": "역시/MAJ+좋/VA+은/ETM+애/NNG+니/NP+에/JKB+좋/VA+은/ETM+음악/NNG+까지/JX+./SY"
          },
          {
            "id": 33,
            "text": "2 : 중요한 역할을 하는 거 같아!",
            "norm_text": "중요한 역할을 하는 거 같아!",
            "speaker": {
              "id": "2번",
              "sex": "여성",
              "age": "20대"
            },
            "speechAct": "(단언) 주장하기",
            "morpheme": "중요/NNG+한/XSA+ETM+역할/NNG+을/JKO+하/VV+는/ETM+거/NNB+같/VA+아/EF"
          },
          {
            "id": 34,
            "text": "1 : 맞아! 하울의 움직이는 성도 너무 좋았어!",
            "norm_text": "맞아! 하울의 움직이는 성도 너무 좋았어!",
            "speaker": {
              "id": "1번",
              "sex": "여성",
              "age": "30대"
            },
            "speechAct": "(단언) 주장하기",
            "morpheme": "맞/VV+아/EF+하울/NNP+의/JKG+움직이/VV+는/ETM+성/NNG+도/JX+너무/MAG+좋/VA+았/EP+어/EF"
          },
          {
            "id": 35,
            "text": "2 : 헉 나 진짜 좋아하는 애니야.",
            "norm_text": "헉 나 진짜 좋아하는 애니야.",
            "speaker": {
              "id": "2번",
              "sex": "여성",
              "age": "20대"
            },
            "speechAct": "(단언) 주장하기",
            "morpheme": "헉/IC+나/NP+진짜/MAG+좋/VA+아/EC+하/VV+는/ETM+애/NNG+니/NP+야/VCP+EF"
          },
          {
            "id": 36,
            "text": "2 : 조만간 또 한번 봐야겠다 키키",
            "norm_text": "조만간 또 한번 봐야겠다 키키",
            "speaker": {
              "id": "2번",
              "sex": "여성",
              "age": "20대"
            },
            "speechAct": "(단언) 주장하기",
            "morpheme": "조만간/MAG+또/MAG+한/MM+번/NNBC+봐야/VV+EC+VX+겠/EP+다키키/NNP"
          }
        ]
      }
    }
  ]
}