{
  "dataset": {
    "identifier": 129752,
    "name": "NATEON_43_01_set",
    "src_path": "/data/file/cubeManager/PROJECT001/84/txt20211104173553022836/NATEON_43_01_set/",
    "label_path": "/data/file/cubeManager/PROJECT001/84/txt20211104173553022836/NATEON_43_01_set/",
    "category": 2,
    "type": 0
  },
  "licenses": {
    "name": "Apache License 1.0",
    "url": "http://www.apache.org/licenses/LICENSE-1.0"
  },
  "info": [
    {
      "id": 137248,
      "filename": "NATEON_43_01.txt",
      "title": "NATEON_43_01",
      "mediatype": "메신저",
      "medianame": "네이트온",
      "category": "일상대화",
      "date": "2021-11-04",
      "size": 423,
      "annotations": {
        "subject": "식음료",
        "speaker_type": "다자간 대화",
        "size": 423,
        "word_size": 159,
        "text": "1 : 나 방금 편의점 배달 시켰어\n2 : 편의점도 거긴 배달됨?\n3 : 아 진짜\n3 : 머 시켰어?\n1 : 최소 주문 금액 근데 만 원 하하\n1 : 컵라면~\n2 : 여기는 촌이라서 배달 없는데 부럽다 ㅠㅠ\n3 : 배달도 돼\n3 : 진짜 신기하다 키키\n1 : 키키 야 촌에도 보통 배달은 돼!\n2 : 와 그래도 똑같네 만 원만 채우면 키키\n3 : 아 진짜 부럽다 배달도 되고 키키\n1 : 거기에 배민 같은 거 없어?\n2 : 아냐\n2 : 여긴 편의점 배달 없어 ㅠㅠ\n2 :  배민만 있어 ㅠㅠ\n3 : 아 진짜 배고프다\n3 : 나도 뭐 먹고 싶은데\n1 : 보통은 배민 다 있잖아 하하\n2 : 배민에 편의점 배달이 아예 없어 ㅠㅠ\n3 : 배민 있긴 한데\n3 : 촌이라 안 와 잘\n1 : 아아 편의점 배달되면 좋은데 ㅠ\n2 : 어 그거 있으면 좋을 거 같은데 ㅠㅠ\n3 : 진짜 좋다\n3 : 편의점도 되고 키키",
        "lines": [
          {
            "id": 1,
            "text": "1 : 나 방금 편의점 배달 시켰어",
            "norm_text": "나 방금 편의점 배달 시켰어",
            "speaker": {
              "id": "1번",
              "sex": "여성",
              "age": "20대"
            },
            "speechAct": "(단언) 진술하기",
            "morpheme": "나/NP+방금/MAG+편의점/NNG+배달/NNG+시켰/XSV+EP+어/EC"
          },
          {
            "id": 2,
            "text": "2 : 편의점도 거긴 배달됨?",
            "norm_text": "편의점도 거긴 배달됨?",
            "speaker": {
              "id": "2번",
              "sex": "남성",
              "age": "20대"
            },
            "speechAct": "(지시) 질문하기",
            "morpheme": "편의점/NNG+도/JX+거긴/NP+JX+배달/NNG+됨/XSV+ETN"
          },
          {
            "id": 3,
            "text": "3 : 아 진짜",
            "norm_text": "아 진짜",
            "speaker": {
              "id": "3번",
              "sex": "남성",
              "age": "20대"
            },
            "speechAct": "턴토크 사인(관습적 반응)",
            "morpheme": "아/IC+진짜/MAG"
          },
          {
            "id": 4,
            "text": "3 : 머 시켰어?",
            "norm_text": "머 시켰어?",
            "speaker": {
              "id": "3번",
              "sex": "남성",
              "age": "20대"
            },
            "speechAct": "(지시) 질문하기",
            "morpheme": "머/NP+시켰/VV+EP+어/EF"
          },
          {
            "id": 5,
            "text": "1 : 최소 주문 금액 근데 만 원 하하",
            "norm_text": "최소 주문 금액 근데 만 원 하하",
            "speaker": {
              "id": "1번",
              "sex": "여성",
              "age": "20대"
            },
            "speechAct": "(단언) 진술하기",
            "morpheme": "최소/NNG+주문/NNG+금액/NNG+근데/MAJ+만/NR+원/NNBC+하하/MAG"
          },
          {
            "id": 6,
            "text": "1 : 컵라면~",
            "norm_text": "컵라면~",
            "speaker": {
              "id": "1번",
              "sex": "여성",
              "age": "20대"
            },
            "speechAct": "(단언) 진술하기",
            "morpheme": "컵라면/NNG+~/SY"
          },
          {
            "id": 7,
            "text": "2 : 여기는 촌이라서 배달 없는데 부럽다 ㅠㅠ",
            "norm_text": "여기는 촌이라서 배달 없는데 부럽다 ㅠㅠ",
            "speaker": {
              "id": "2번",
              "sex": "남성",
              "age": "20대"
            },
            "speechAct": "(단언) 진술하기",
            "morpheme": "여기/NP+는/JX+촌/NNG+이/VCP+라서/EC+배달/NNG+없/VA+는데/EC+부럽/VA+다/EF+ㅠㅠ/UNKNOWN"
          },
          {
            "id": 8,
            "text": "3 : 배달도 돼",
            "norm_text": "배달도 돼",
            "speaker": {
              "id": "3번",
              "sex": "남성",
              "age": "20대"
            },
            "speechAct": "턴토크 사인(관습적 반응)",
            "morpheme": "배달/NNG+도/JX+돼/VV+EC"
          },
          {
            "id": 9,
            "text": "3 : 진짜 신기하다 키키",
            "norm_text": "진짜 신기하다 키키",
            "speaker": {
              "id": "3번",
              "sex": "남성",
              "age": "20대"
            },
            "speechAct": "(단언) 주장하기",
            "morpheme": "진짜/MAG+신기/XR+하/XSA+다키키/NNP"
          },
          {
            "id": 10,
            "text": "1 : 키키 야 촌에도 보통 배달은 돼!",
            "norm_text": "키키 야 촌에도 보통 배달은 돼!",
            "speaker": {
              "id": "1번",
              "sex": "여성",
              "age": "20대"
            },
            "speechAct": "(단언) 주장하기",
            "morpheme": "키키/NNP+야촌/NNP+에/JKB+도/JX+보통/NNG+배달/NNG+은/JX+돼/VV+EF"
          },
          {
            "id": 11,
            "text": "2 : 와 그래도 똑같네 만 원만 채우면 키키",
            "norm_text": "와 그래도 똑같네 만 원만 채우면 키키",
            "speaker": {
              "id": "2번",
              "sex": "남성",
              "age": "20대"
            },
            "speechAct": "(단언) 주장하기",
            "morpheme": "와/IC+그래도/MAJ+똑같/VA+네/EF+만/NR+원/NNBC+만/JX+채우/VV+면/EC+키/NNG+키/XSV+ETN"
          },
          {
            "id": 12,
            "text": "3 : 아 진짜 부럽다 배달도 되고 키키",
            "norm_text": "아 진짜 부럽다 배달도 되고 키키",
            "speaker": {
              "id": "3번",
              "sex": "남성",
              "age": "20대"
            },
            "speechAct": "(단언) 주장하기",
            "morpheme": "아/IC+진짜/MAG+부럽/VA+다/EC+배달/NNG+도/JX+되/VV+고/EC+키/NNG+키/XSV+ETN"
          },
          {
            "id": 13,
            "text": "1 : 거기에 배민 같은 거 없어?",
            "norm_text": "거기에 배민 같은 거 없어?",
            "speaker": {
              "id": "1번",
              "sex": "여성",
              "age": "20대"
            },
            "speechAct": "(지시) 질문하기",
            "morpheme": "거기/NP+에/JKB+배민/NNG+같/VA+은/ETM+거/NNB+없/VA+어/EF"
          },
          {
            "id": 14,
            "text": "2 : 아냐",
            "norm_text": "아냐",
            "speaker": {
              "id": "2번",
              "sex": "남성",
              "age": "20대"
            },
            "speechAct": "(단언) 진술하기",
            "morpheme": "아냐/VCN+EC"
          },
          {
            "id": 15,
            "text": "2 : 여긴 편의점 배달 없어 ㅠㅠ",
            "norm_text": "여긴 편의점 배달 없어 ㅠㅠ",
            "speaker": {
              "id": "2번",
              "sex": "남성",
              "age": "20대"
            },
            "speechAct": "(단언) 진술하기",
            "morpheme": "여긴/NP+JX+편의점/NNG+배달/NNG+없/VA+어/EC+ㅠㅠ/UNKNOWN"
          },
          {
            "id": 16,
            "text": "2 :  배민만 있어 ㅠㅠ",
            "norm_text": "배민만 있어 ㅠㅠ",
            "speaker": {
              "id": "2번",
              "sex": "남성",
              "age": "20대"
            },
            "speechAct": "(단언) 진술하기",
            "morpheme": "배민만있어ㅠㅠ/UNKNOWN"
          },
          {
            "id": 17,
            "text": "3 : 아 진짜 배고프다",
            "norm_text": "아 진짜 배고프다",
            "speaker": {
              "id": "3번",
              "sex": "남성",
              "age": "20대"
            },
            "speechAct": "(단언) 주장하기",
            "morpheme": "아/IC+진짜/MAG+배고프/VA+다/EC"
          },
          {
            "id": 18,
            "text": "3 : 나도 뭐 먹고 싶은데",
            "norm_text": "나도 뭐 먹고 싶은데",
            "speaker": {
              "id": "3번",
              "sex": "남성",
              "age": "20대"
            },
            "speechAct": "(단언) 주장하기",
            "morpheme": "나/NP+도/JX+뭐/IC+먹/VV+고/EC+싶/VX+은데/EC"
          },
          {
            "id": 19,
            "text": "1 : 보통은 배민 다 있잖아 하하",
            "norm_text": "보통은 배민 다 있잖아 하하",
            "speaker": {
              "id": "1번",
              "sex": "여성",
              "age": "20대"
            },
            "speechAct": "(단언) 주장하기",
            "morpheme": "보통/NNG+은/JX+배민/NNG+다/MAG+있/VA+잖아/EC+하하/MAG"
          },
          {
            "id": 20,
            "text": "2 : 배민에 편의점 배달이 아예 없어 ㅠㅠ",
            "norm_text": "배민에 편의점 배달이 아예 없어 ㅠㅠ",
            "speaker": {
              "id": "2번",
              "sex": "남성",
              "age": "20대"
            },
            "speechAct": "(단언) 진술하기",
            "morpheme": "배민/NNG+에/JKB+편의점/NNG+배달/NNG+이/JKS+아예/MAG+없/VA+어/EC+ㅠㅠ/UNKNOWN"
          },
          {
            "id": 21,
            "text": "3 : 배민 있긴 한데",
            "norm_text": "배민 있긴 한데",
            "speaker": {
              "id": "3번",
              "sex": "남성",
              "age": "20대"
            },
            "speechAct": "(단언) 진술하기",
            "morpheme": "배민/NNG+있/VV+긴/ETN+JX+한데/VX+EC"
          },
          {
            "id": 22,
            "text": "3 : 촌이라 안 와 잘",
            "norm_text": "촌이라 안 와 잘",
            "speaker": {
              "id": "3번",
              "sex": "남성",
              "age": "20대"
            },
            "speechAct": "(단언) 진술하기",
            "morpheme": "촌/NNG+이/VCP+라/EC+안/MAG+와/VV+EC+잘/MAG"
          },
          {
            "id": 23,
            "text": "1 : 아아 편의점 배달되면 좋은데 ㅠ",
            "norm_text": "아아 편의점 배달되면 좋은데 ㅠ",
            "speaker": {
              "id": "1번",
              "sex": "여성",
              "age": "20대"
            },
            "speechAct": "(단언) 주장하기",
            "morpheme": "아아/IC+편의점/NNG+배달/NNG+되/XSV+면/EC+좋/VA+은/ETM+데ㅠ/UNKNOWN"
          },
          {
            "id": 24,
            "text": "2 : 어 그거 있으면 좋을 거 같은데 ㅠㅠ",
            "norm_text": "어 그거 있으면 좋을 거 같은데 ㅠㅠ",
            "speaker": {
              "id": "2번",
              "sex": "남성",
              "age": "20대"
            },
            "speechAct": "(단언) 주장하기",
            "morpheme": "어/IC+그거/NP+있/VA+으면/EC+좋/VA+을/ETM+거/NNB+같/VA+은데/EC+ㅠㅠ/UNKNOWN"
          },
          {
            "id": 25,
            "text": "3 : 진짜 좋다",
            "norm_text": "진짜 좋다",
            "speaker": {
              "id": "3번",
              "sex": "남성",
              "age": "20대"
            },
            "speechAct": "(단언) 주장하기",
            "morpheme": "진짜/MAG+좋/VA+다/EC"
          },
          {
            "id": 26,
            "text": "3 : 편의점도 되고 키키",
            "norm_text": "편의점도 되고 키키",
            "speaker": {
              "id": "3번",
              "sex": "남성",
              "age": "20대"
            },
            "speechAct": "(단언) 주장하기",
            "morpheme": "편의점/NNG+도/JX+되/VV+고/EC+키/NNG+키/XSV+ETN"
          }
        ]
      }
    }
  ]
}