{
  "dataset": {
    "identifier": 123529,
    "name": "NATEON_44_04_set",
    "src_path": "/data/file/cubeManager/PROJECT001/84/txt20211105113423069123/NATEON_44_04_set/",
    "label_path": "/data/file/cubeManager/PROJECT001/84/txt20211105113423069123/NATEON_44_04_set/",
    "category": 2,
    "type": 0
  },
  "licenses": {
    "name": "Apache License 1.0",
    "url": "http://www.apache.org/licenses/LICENSE-1.0"
  },
  "info": [
    {
      "id": 138879,
      "filename": "NATEON_44_04.txt",
      "title": "NATEON_44_04",
      "mediatype": "메신저",
      "medianame": "네이트온",
      "category": "일상대화",
      "date": "2021-11-05",
      "size": 397,
      "annotations": {
        "subject": "회사/아르바이트",
        "speaker_type": "다자간 대화",
        "size": 397,
        "word_size": 142,
        "text": "1 : 오늘 팀원들 다같이 회식한다...\n2 : 헐 회식 업무의 연장이잖아...\n3 : 아 나 회식 너무 싫어 키키\n1 : 회의 끝나고 다같이 저녁 먹으러 왔어 키키\n2 : 회식 가면 주로 뭐 먹어?\n3 : 아 그냥 집 보내주는 게 선물인데 키키\n1 : 음 그냥 간단하게 삼겹살?\n2 : 그래도 공짜 고기는 좋긴 해 키키\n3 : 근데 먹다 체해 일 얘기 하는 거 싫어 키키\n1 : 회의 결과가 좋게 나와서 사주신데 키키\n2 : 오 그럼 오늘 분위기는 좋겠네\n3 : 그럼 오늘은 갈 만 하네 키키\n1 : 키키 어 오늘 과장님 말 엄청 많네\n2 : 지금 과장 님 엄청 신나셨나 보다 키키\n3 : 이럴 때 옆에서 장단 잘 맞춰줘 키키\n1 : 밥만 먹고 슬 빠져야겠다\n2 : 응 술 마시지 말고 몰래 도망가\n3 : 원래 회식은 도망 가줘야 함 키키",
        "lines": [
          {
            "id": 1,
            "text": "1 : 오늘 팀원들 다같이 회식한다...",
            "norm_text": "오늘 팀원들 다같이 회식한다...",
            "speaker": {
              "id": "1번",
              "sex": "여성",
              "age": "20대"
            },
            "speechAct": "(단언) 진술하기",
            "morpheme": "오늘/MAG+팀원/NNG+들/XSN+다/MAG+같이/MAG+회식/NNG+한다/XSV+EF+./SY"
          },
          {
            "id": 2,
            "text": "2 : 헐 회식 업무의 연장이잖아...",
            "norm_text": "헐 회식 업무의 연장이잖아...",
            "speaker": {
              "id": "2번",
              "sex": "여성",
              "age": "20대"
            },
            "speechAct": "(단언) 주장하기",
            "morpheme": "헐/IC+회식/NNG+업무/NNG+의/JKG+연장/NNG+이/VCP+잖아/EF+./SY"
          },
          {
            "id": 3,
            "text": "3 : 아 나 회식 너무 싫어 키키",
            "norm_text": "아 나 회식 너무 싫어 키키",
            "speaker": {
              "id": "3번",
              "sex": "남성",
              "age": "20대"
            },
            "speechAct": "(단언) 주장하기",
            "morpheme": "아/IC+나/NP+회식/NNG+너무/MAG+싫/VA+어/EC+키/NNG+키/XSV+ETN"
          },
          {
            "id": 4,
            "text": "1 : 회의 끝나고 다같이 저녁 먹으러 왔어 키키",
            "norm_text": "회의 끝나고 다같이 저녁 먹으러 왔어 키키",
            "speaker": {
              "id": "1번",
              "sex": "여성",
              "age": "20대"
            },
            "speechAct": "(단언) 진술하기",
            "morpheme": "회의/NNG+끝/NNG+나/VV+고/EC+다/MAG+같이/MAG+저녁/NNG+먹/VV+으러/EC+왔/VX+EP+어/EC+키/NNG+키/XSV+ETN"
          },
          {
            "id": 5,
            "text": "2 : 회식 가면 주로 뭐 먹어?",
            "norm_text": "회식 가면 주로 뭐 먹어?",
            "speaker": {
              "id": "2번",
              "sex": "여성",
              "age": "20대"
            },
            "speechAct": "(지시) 질문하기",
            "morpheme": "회식/NNG+가/VV+면/EC+주로/MAG+뭐/IC+먹/VV+어/EF"
          },
          {
            "id": 6,
            "text": "3 : 아 그냥 집 보내주는 게 선물인데 키키",
            "norm_text": "아 그냥 집 보내주는 게 선물인데 키키",
            "speaker": {
              "id": "3번",
              "sex": "남성",
              "age": "20대"
            },
            "speechAct": "(단언) 주장하기",
            "morpheme": "아/IC+그냥/MAG+집/NNG+보내/VV+EC+주/VX+는/ETM+게/NNB+JKS+선물/NNG+인데/VCP+EC+키/NNG+키/XSV+ETN"
          },
          {
            "id": 7,
            "text": "1 : 음 그냥 간단하게 삼겹살?",
            "norm_text": "음 그냥 간단하게 삼겹살?",
            "speaker": {
              "id": "1번",
              "sex": "여성",
              "age": "20대"
            },
            "speechAct": "(단언) 진술하기",
            "morpheme": "음/IC+그냥/MAG+간단/XR+하/XSA+게/EC+삼겹살/NNG"
          },
          {
            "id": 8,
            "text": "2 : 그래도 공짜 고기는 좋긴 해 키키",
            "norm_text": "그래도 공짜 고기는 좋긴 해 키키",
            "speaker": {
              "id": "2번",
              "sex": "여성",
              "age": "20대"
            },
            "speechAct": "(단언) 주장하기",
            "morpheme": "그래도/MAJ+공짜/NNG+고기/NNG+는/JX+좋/VA+긴/ETN+JX+해/VX+EC+키/NNG+키/XSV+ETN"
          },
          {
            "id": 9,
            "text": "3 : 근데 먹다 체해 일 얘기 하는 거 싫어 키키",
            "norm_text": "근데 먹다 체해 일 얘기 하는 거 싫어 키키",
            "speaker": {
              "id": "3번",
              "sex": "남성",
              "age": "20대"
            },
            "speechAct": "(단언) 주장하기",
            "morpheme": "근데/MAJ+먹/VV+다/EC+체해/VV+EC+일/NR+얘기/NNG+하/XSV+는/ETM+거/NNB+싫/VA+어/EC+키/NNG+키/XSV+ETN"
          },
          {
            "id": 10,
            "text": "1 : 회의 결과가 좋게 나와서 사주신데 키키",
            "norm_text": "회의 결과가 좋게 나와서 사주신데 키키",
            "speaker": {
              "id": "1번",
              "sex": "여성",
              "age": "20대"
            },
            "speechAct": "(단언) 진술하기",
            "morpheme": "회의/NNG+결과/NNG+가/JKS+좋/VA+게/EC+나와서/VV+EC+사/VV+EC+주/VX+신데/EP+EC+키/NNG+키/XSV+ETN"
          },
          {
            "id": 11,
            "text": "2 : 오 그럼 오늘 분위기는 좋겠네",
            "norm_text": "오 그럼 오늘 분위기는 좋겠네",
            "speaker": {
              "id": "2번",
              "sex": "여성",
              "age": "20대"
            },
            "speechAct": "(단언) 주장하기",
            "morpheme": "오/IC+그럼/MAJ+오늘/MAG+분위기/NNG+는/JX+좋/VA+겠/EP+네/EF"
          },
          {
            "id": 12,
            "text": "3 : 그럼 오늘은 갈 만 하네 키키",
            "norm_text": "그럼 오늘은 갈 만 하네 키키",
            "speaker": {
              "id": "3번",
              "sex": "남성",
              "age": "20대"
            },
            "speechAct": "(단언) 주장하기",
            "morpheme": "그럼/MAJ+오늘/NNG+은/JX+갈만/NNG+하/XSV+네/EC+키/NNG+키/XSV+ETN"
          },
          {
            "id": 13,
            "text": "1 : 키키 어 오늘 과장님 말 엄청 많네",
            "norm_text": "키키 어 오늘 과장님 말 엄청 많네",
            "speaker": {
              "id": "1번",
              "sex": "여성",
              "age": "20대"
            },
            "speechAct": "(단언) 진술하기",
            "morpheme": "키/NNG+키어/NNG+오늘/NNG+과장/NNG+님/XSN+말/NNG+엄청/MAG+많/VA+네/EC"
          },
          {
            "id": 14,
            "text": "2 : 지금 과장 님 엄청 신나셨나 보다 키키",
            "norm_text": "지금 과장 님 엄청 신나셨나 보다 키키",
            "speaker": {
              "id": "2번",
              "sex": "여성",
              "age": "20대"
            },
            "speechAct": "(단언) 주장하기",
            "morpheme": "지금/MAG+과장/NNG+님/XSN+엄청/MAG+신나/VV+셨/EP+EP+나/NP+보다/JKB+키/NNG+키/XSV+ETN"
          },
          {
            "id": 15,
            "text": "3 : 이럴 때 옆에서 장단 잘 맞춰줘 키키",
            "norm_text": "이럴 때 옆에서 장단 잘 맞춰줘 키키",
            "speaker": {
              "id": "3번",
              "sex": "남성",
              "age": "20대"
            },
            "speechAct": "(지시) 충고/제안하기",
            "morpheme": "이럴/VA+ETM+때/NNG+옆/NNG+에서/JKB+장단/NNG+잘/MAG+맞춰/VV+EC+줘/VX+EC+키/NNG+키/XSV+ETN"
          },
          {
            "id": 16,
            "text": "1 : 밥만 먹고 슬 빠져야겠다",
            "norm_text": "밥만 먹고 슬 빠져야겠다",
            "speaker": {
              "id": "1번",
              "sex": "여성",
              "age": "20대"
            },
            "speechAct": "(단언) 주장하기",
            "morpheme": "밥/NNG+만/JX+먹/VV+고/EC+슬/MAG+빠져야/VV+EC+VX+겠/EP+다/EC"
          },
          {
            "id": 17,
            "text": "2 : 응 술 마시지 말고 몰래 도망가",
            "norm_text": "응 술 마시지 말고 몰래 도망가",
            "speaker": {
              "id": "2번",
              "sex": "여성",
              "age": "20대"
            },
            "speechAct": "(지시) 충고/제안하기",
            "morpheme": "응/IC+술/NNG+마시/VV+지/EC+말/VX+고/EC+몰래/MAG+도망가/VV+EC"
          },
          {
            "id": 18,
            "text": "3 : 원래 회식은 도망 가줘야 함 키키",
            "norm_text": "원래 회식은 도망 가줘야 함 키키",
            "speaker": {
              "id": "3번",
              "sex": "남성",
              "age": "20대"
            },
            "speechAct": "(단언) 주장하기",
            "morpheme": "원래/MAG+회식/NNG+은/JX+도망가/VV+EC+줘야/VX+EC+함/VX+ETN+키/NNG+키/XSV+ETN"
          }
        ]
      }
    }
  ]
}