{
  "dataset": {
    "identifier": 112120,
    "name": "NATEON_32_11_set",
    "src_path": "/data/file/cubeManager/PROJECT001/80/txt20211102173312078555/NATEON_32_11_set/",
    "label_path": "/data/file/cubeManager/PROJECT001/80/txt20211102173312078555/NATEON_32_11_set/",
    "category": 2,
    "type": 0
  },
  "licenses": {
    "name": "Apache License 1.0",
    "url": "http://www.apache.org/licenses/LICENSE-1.0"
  },
  "info": [
    {
      "id": 131843,
      "filename": "NATEON_32_11.txt",
      "title": "NATEON_32_11",
      "mediatype": "메신저",
      "medianame": "네이트온",
      "category": "일상대화",
      "date": "2021-11-02",
      "size": 395,
      "annotations": {
        "subject": "게임",
        "speaker_type": "다자간 대화",
        "size": 395,
        "word_size": 133,
        "text": "1 : 내 동생 옆에서 카트한다...\n2 : 오 모바일 요즘 유행이던데\n2 : 모바일?\n3 : 요즘 폰으로도 카트 많이 하던데\n1 : 응 옆에서 현질하고 장난 아니야\n2 : 헐 현질은 하지말라고 말려 ㅠㅠ\n3 : 헐 게임에 현질을 해?\n1 : 아니 이번에 새로운 캐릭터 사야한다고 키키\n2 : 게임에 돈 쓰는것 만큼 아까운게 없어 ㅠㅠ\n3 : 그 새로운 캐릭터가 뭔데 키키\n1 : 배찐데 무슨 할로윈 코스튬\n2 : 캐릭터가 좋으면 게임이 더 잘 돼?\n3 : 아 곧 할로윈이라 나왔나보네\n1 : 아니 꼭 그런것도 아니야ㅠ\n2 : 아 그럼 하지 말라고 해 ㅠㅠ\n2 : 돈 아까워\n3 : 그런데 굳이 왜 사려는거야?\n1 : 그냥 배찌가 귀여워서,, 하,,\n2 : 아 수집 욕심이 생기면 그럴 수 있지 ...\n3 : 키키 정말 말도 안되는 이유다!",
        "lines": [
          {
            "id": 1,
            "text": "1 : 내 동생 옆에서 카트한다...",
            "norm_text": "내 동생 옆에서 카트한다...",
            "speaker": {
              "id": "1번",
              "sex": "여성",
              "age": "20대"
            },
            "speechAct": "(단언) 진술하기",
            "morpheme": "내/NP+JKG+동생/NNG+옆/NNG+에서/JKB+카트/NNG+한다/XSV+EF+./SY"
          },
          {
            "id": 2,
            "text": "2 : 오 모바일 요즘 유행이던데",
            "norm_text": "오 모바일 요즘 유행이던데",
            "speaker": {
              "id": "2번",
              "sex": "여성",
              "age": "20대"
            },
            "speechAct": "(단언) 진술하기",
            "morpheme": "오/IC+모바일/NNP+요즘/NNG+유행/NNG+이/JKS+던데/VV+EC"
          },
          {
            "id": 3,
            "text": "2 : 모바일?",
            "norm_text": "모바일?",
            "speaker": {
              "id": "2번",
              "sex": "여성",
              "age": "20대"
            },
            "speechAct": "턴토크 사인(관습적 반응)",
            "morpheme": "모바일/NNP"
          },
          {
            "id": 4,
            "text": "3 : 요즘 폰으로도 카트 많이 하던데",
            "norm_text": "요즘 폰으로도 카트 많이 하던데",
            "speaker": {
              "id": "3번",
              "sex": "남성",
              "age": "20대"
            },
            "speechAct": "(단언) 진술하기",
            "morpheme": "요즘/NNG+폰/NNG+으로/JKB+도/JX+카트/NNG+많이/MAG+하/VV+던데/EC"
          },
          {
            "id": 5,
            "text": "1 : 응 옆에서 현질하고 장난 아니야",
            "norm_text": "응 옆에서 현질하고 장난 아니야",
            "speaker": {
              "id": "1번",
              "sex": "여성",
              "age": "20대"
            },
            "speechAct": "(단언) 진술하기",
            "morpheme": "응/IC+옆/NNG+에서/JKB+현질/NNG+하/XSV+고/EC+장난/NNG+아니/VCN+야/EC"
          },
          {
            "id": 6,
            "text": "2 : 헐 현질은 하지말라고 말려 ㅠㅠ",
            "norm_text": "헐 현질은 하지말라고 말려 ㅠㅠ",
            "speaker": {
              "id": "2번",
              "sex": "여성",
              "age": "20대"
            },
            "speechAct": "(단언) 주장하기",
            "morpheme": "헐/IC+현질/NNG+은/JX+하/VV+지/EC+말/VX+라고/EC+말려/VV+EC+ㅠㅠ/UNKNOWN"
          },
          {
            "id": 7,
            "text": "3 : 헐 게임에 현질을 해?",
            "norm_text": "헐 게임에 현질을 해?",
            "speaker": {
              "id": "3번",
              "sex": "남성",
              "age": "20대"
            },
            "speechAct": "(단언) 주장하기",
            "morpheme": "헐/IC+게임/NNG+에/JKB+현질/NNG+을/JKO+해/VV+EF"
          },
          {
            "id": 8,
            "text": "1 : 아니 이번에 새로운 캐릭터 사야한다고 키키",
            "norm_text": "아니 이번에 새로운 캐릭터 사야한다고 키키",
            "speaker": {
              "id": "1번",
              "sex": "여성",
              "age": "20대"
            },
            "speechAct": "(단언) 진술하기",
            "morpheme": "아니/IC+이번/NNG+에/JKB+새로운/VA+ETM+캐릭터/NNG+사/VV+야/EC+한다고/VX+EC+키/NNG+키/XSV+ETN"
          },
          {
            "id": 9,
            "text": "2 : 게임에 돈 쓰는것 만큼 아까운게 없어 ㅠㅠ",
            "norm_text": "게임에 돈 쓰는것 만큼 아까운게 없어 ㅠㅠ",
            "speaker": {
              "id": "2번",
              "sex": "여성",
              "age": "20대"
            },
            "speechAct": "(단언) 진술하기",
            "morpheme": "게임/NNG+에/JKB+돈/NNG+쓰/VV+는/ETM+것/NNB+만큼/JKB+아까운/VA+ETM+게/NNB+JKS+없/VA+어/EC+ㅠㅠ/UNKNOWN"
          },
          {
            "id": 10,
            "text": "3 : 그 새로운 캐릭터가 뭔데 키키",
            "norm_text": "그 새로운 캐릭터가 뭔데 키키",
            "speaker": {
              "id": "3번",
              "sex": "남성",
              "age": "20대"
            },
            "speechAct": "(지시) 질문하기",
            "morpheme": "그/MM+새로운/VA+ETM+캐릭터/NNG+가/JKS+뭔데/NP+VCP+EC+키/NNG+키/XSV+ETN"
          },
          {
            "id": 11,
            "text": "1 : 배찐데 무슨 할로윈 코스튬",
            "norm_text": "배찐데 무슨 할로윈 코스튬",
            "speaker": {
              "id": "1번",
              "sex": "여성",
              "age": "20대"
            },
            "speechAct": "(단언) 진술하기",
            "morpheme": "배/NNG+찐/VV+ETM+데/NNB+무슨/MM+할로윈/NNG+코스튬/NNG"
          },
          {
            "id": 12,
            "text": "2 : 캐릭터가 좋으면 게임이 더 잘 돼?",
            "norm_text": "캐릭터가 좋으면 게임이 더 잘 돼?",
            "speaker": {
              "id": "2번",
              "sex": "여성",
              "age": "20대"
            },
            "speechAct": "(지시) 질문하기",
            "morpheme": "캐릭터/NNG+가/JKS+좋/VA+으면/EC+게임/NNG+이/JKS+더/MAG+잘/MAG+돼/VV+EF"
          },
          {
            "id": 13,
            "text": "3 : 아 곧 할로윈이라 나왔나보네",
            "norm_text": "아 곧 할로윈이라 나왔나보네",
            "speaker": {
              "id": "3번",
              "sex": "남성",
              "age": "20대"
            },
            "speechAct": "(단언) 진술하기",
            "morpheme": "아/IC+곧/MAG+할로윈/NNG+이/VCP+라/EC+나왔/VV+EP+나/EC+보/VX+네/EC"
          },
          {
            "id": 14,
            "text": "1 : 아니 꼭 그런것도 아니야ㅠ",
            "norm_text": "아니 꼭 그런것도 아니야ㅠ",
            "speaker": {
              "id": "1번",
              "sex": "여성",
              "age": "20대"
            },
            "speechAct": "(단언) 진술하기",
            "morpheme": "아니/IC+꼭/MAG+그런/MM+것/NNB+도/JX+아니/VCN+야/EC+ㅠ/UNKNOWN"
          },
          {
            "id": 15,
            "text": "2 : 아 그럼 하지 말라고 해 ㅠㅠ",
            "norm_text": "아 그럼 하지 말라고 해 ㅠㅠ",
            "speaker": {
              "id": "2번",
              "sex": "여성",
              "age": "20대"
            },
            "speechAct": "(단언) 주장하기",
            "morpheme": "아/IC+그럼/MAJ+하/VV+지/EC+말/VX+라고/EC+해/VV+EC+ㅠㅠ/UNKNOWN"
          },
          {
            "id": 16,
            "text": "2 : 돈 아까워",
            "norm_text": "돈 아까워",
            "speaker": {
              "id": "2번",
              "sex": "여성",
              "age": "20대"
            },
            "speechAct": "(단언) 주장하기",
            "morpheme": "돈/NNG+아까워/VA+EC"
          },
          {
            "id": 17,
            "text": "3 : 그런데 굳이 왜 사려는거야?",
            "norm_text": "그런데 굳이 왜 사려는거야?",
            "speaker": {
              "id": "3번",
              "sex": "남성",
              "age": "20대"
            },
            "speechAct": "(지시) 질문하기",
            "morpheme": "그런데/MAJ+굳이/MAG+왜/MAG+사/VV+려는/ETM+거/NNB+야/VCP+EF"
          },
          {
            "id": 18,
            "text": "1 : 그냥 배찌가 귀여워서,, 하,,",
            "norm_text": "그냥 배찌가 귀여워서,, 하,,",
            "speaker": {
              "id": "1번",
              "sex": "여성",
              "age": "20대"
            },
            "speechAct": "(단언) 진술하기",
            "morpheme": "그냥/MAG+배/NNG+찌/NNG+가/JKS+귀여워서/VA+EC+,/SY+,/SC+하/IC+,/SC+,/SC"
          },
          {
            "id": 19,
            "text": "2 : 아 수집 욕심이 생기면 그럴 수 있지 ...",
            "norm_text": "아 수집 욕심이 생기면 그럴 수 있지 ...",
            "speaker": {
              "id": "2번",
              "sex": "여성",
              "age": "20대"
            },
            "speechAct": "(단언) 진술하기",
            "morpheme": "아/IC+수집/NNG+욕심/NNG+이/JKS+생기/VV+면/EC+그럴/VV+ETM+수/NNB+있/VV+지/EF+./SY"
          },
          {
            "id": 20,
            "text": "3 : 키키 정말 말도 안되는 이유다!",
            "norm_text": "키키 정말 말도 안되는 이유다!",
            "speaker": {
              "id": "3번",
              "sex": "남성",
              "age": "20대"
            },
            "speechAct": "(단언) 주장하기",
            "morpheme": "키/NNG+키/XSV+ETN+정말/MAG+말/NNG+도/JX+안/MAG+되/VV+는/ETM+이유/NNG+다/VCP+EF"
          }
        ]
      }
    }
  ]
}