{
  "dataset": {
    "identifier": 532,
    "name": "NATEON_24_03_set",
    "src_path": "/data/file/cubeManager/PROJECT001/7/txt20210827181432056150/NATEON_24_03_set/",
    "label_path": "/data/file/cubeManager/PROJECT001/7/txt20210827181432056150/NATEON_24_03_set/",
    "category": 2,
    "type": 0
  },
  "licenses": {
    "name": "Apache License 1.0",
    "url": "http://www.apache.org/licenses/LICENSE-1.0"
  },
  "info": [
    {
      "id": 850,
      "filename": "NATEON_24_03.txt",
      "title": "NATEON_24_03",
      "mediatype": "메신저",
      "medianame": "네이트온",
      "category": "일상대화",
      "date": "2021-08-27",
      "size": 940,
      "annotations": {
        "subject": "교통",
        "speaker_type": "1:1",
        "size": 940,
        "word_size": 314,
        "text": "1 : 회사 출근할 때 보통 뭐 타고 와?\n2 : 나는 버스랑 지하철을 타\n2 : 출퇴근 시간이 얼마나 돼?\n1 : 나는 버스 타고 30분 정도 걸려!\n1 : 평소에 운전은 해?\n2 : 아니 면허는 있지만 거의 안 해...\n2 : 너는 면허 땄어?\n1 : 응! 면허는 대학교 들어가자마자 땄는데 오랫동안 장롱에 박아뒀다가 키키\n1 : 다시 하게 된 지는 4년 정도 됐어\n1 : 나중에 차 사면 어떤 거 사고 싶어?\n2 : 나는 어릴 때부터 갖고 싶은 차가 있었어\n2 : 지프 랭글러 좋아해\n2 : 나중에 경제력이 생기면 사야지 하하\n2 : 너는 그럼 차 있어?\n1 : 응 있는데 집에서 쓰던 승용차 받은 거라\n1 : 나도 나중에는 SUV 사고 싶어!\n2 : 그래도 차 있으면 어디 다니기도 편하고 좋겠다 그치?\n1 : 응응 그치 더울 때나 추울 때 특히 더 좋은 거 같아!\n1 : 차 타고 다니는 거에 적응되니까 대중교통 타고 다닐 때 너무 힘들어 ㅠㅠ\n2 : 평소에 대중교통은 어떤 이동 수단 좋아해?\n1 : 나는 지하철보다는 버스가 바깥 구경도 할 수 있고 더 좋은 거 같아!\n1 : 평소에 길 잘 찾는 편이야? 아니면 길치야?\n2 : 나는 엄청난 길치야\n2 : 길도 모르면서 혼자 막 갈 때가 많아\n2 : 그래서 놀림 좀 당했지 하하\n2 : 버스 그럼 오래 타는 것도 괜찮아?\n1 : 너무 오래는 좀 힘들지 키키\n1 : 그래도 앉아서 가는 거면 어느 정도는 괜찮아!\n1 : 너는 버스랑 지하철 중에는 어떤 게 더 나아?\n2 : 나도 당연히 버스지!\n2 : 나는 답답한 걸 못 참아서 지하철은 불편해 해\n2 : 버스 타고 다니면서 창밖 보면 은근 힐링이더라고\n2 : 지하철은 어떤 게 별로야?\n1 : 계단 오르락내리락하는 게 힘들어 하하\n1 : 그래도 버스처럼 막히거나 할 때가 없어서 약속 시간 정해져 있을 때는 많이 타는 편이야!\n1 : 너는 어떤 점이 별로야?\n2 : 지하철은 밖이 거의 안 보이고 꽉 막혀 있다는 점이 너무 싫더라고!",
        "lines": [
          {
            "id": 1,
            "text": "1 : 회사 출근할 때 보통 뭐 타고 와?",
            "norm_text": "회사 출근할 때 보통 뭐 타고 와?",
            "speaker": {
              "id": "1번",
              "sex": "여성",
              "age": "20대"
            },
            "speechAct": "(지시) 질문하기",
            "morpheme": "회사/NNG+출근/NNG+할/XSV+ETM+때/NNG+보통/NNG+뭐/IC+타/VV+고/EC+와/VX+EF"
          },
          {
            "id": 2,
            "text": "2 : 나는 버스랑 지하철을 타",
            "norm_text": "나는 버스랑 지하철을 타",
            "speaker": {
              "id": "2번",
              "sex": "여성",
              "age": "20대"
            },
            "speechAct": "(단언) 진술하기",
            "morpheme": "나/NP+는/JX+버스/NNG+랑/JKB+지하철/NNG+을/JKO+타/VV+EC"
          },
          {
            "id": 3,
            "text": "2 : 출퇴근 시간이 얼마나 돼?",
            "norm_text": "출퇴근 시간이 얼마나 돼?",
            "speaker": {
              "id": "2번",
              "sex": "여성",
              "age": "20대"
            },
            "speechAct": "(지시) 질문하기",
            "morpheme": "출퇴근/NNG+시간/NNG+이/JKS+얼마나/MAG+돼/VV+EF"
          },
          {
            "id": 4,
            "text": "1 : 나는 버스 타고 30분 정도 걸려!",
            "norm_text": "나는 버스 타고 30분 정도 걸려!",
            "speaker": {
              "id": "1번",
              "sex": "여성",
              "age": "20대"
            },
            "speechAct": "(단언) 진술하기",
            "morpheme": "나/NP+는/JX+버스/NNG+타/VV+고/EC+30/SN+분/NNBC+정도/NNG+걸려/VV+EF"
          },
          {
            "id": 5,
            "text": "1 : 평소에 운전은 해?",
            "norm_text": "평소에 운전은 해?",
            "speaker": {
              "id": "1번",
              "sex": "여성",
              "age": "20대"
            },
            "speechAct": "(지시) 질문하기",
            "morpheme": "평소/NNG+에/JKB+운전/NNG+은/JX+해/VV+EF"
          },
          {
            "id": 6,
            "text": "2 : 아니 면허는 있지만 거의 안 해...",
            "norm_text": "아니 면허는 있지만 거의 안 해...",
            "speaker": {
              "id": "2번",
              "sex": "여성",
              "age": "20대"
            },
            "speechAct": "(단언) 진술하기",
            "morpheme": "아니/IC+면허/NNG+는/JX+있/VX+지만/EC+거의/MAG+안/MAG+해/VV+EF+./SY"
          },
          {
            "id": 7,
            "text": "2 : 너는 면허 땄어?",
            "norm_text": "너는 면허 땄어?",
            "speaker": {
              "id": "2번",
              "sex": "여성",
              "age": "20대"
            },
            "speechAct": "(지시) 질문하기",
            "morpheme": "너/NP+는/JX+면허/NNG+땄/VV+EP+어/EF"
          },
          {
            "id": 8,
            "text": "1 : 응! 면허는 대학교 들어가자마자 땄는데 오랫동안 장롱에 박아뒀다가 키키",
            "norm_text": "응! 면허는 대학교 들어가자마자 땄는데 오랫동안 장롱에 박아뒀다가 키키",
            "speaker": {
              "id": "1번",
              "sex": "여성",
              "age": "20대"
            },
            "speechAct": "(단언) 진술하기",
            "morpheme": "응/IC+면허/VV+는/ETM+대학교/NNG+들어가/VV+자마자/EC+땄/VV+EP+는데/EC+오랫동안/NNG+장롱/NNG+에/JKB+박/VV+아/EC+뒀/VX+EP+다가/EC+키/NNG+키/XSV+ETN"
          },
          {
            "id": 9,
            "text": "1 : 다시 하게 된 지는 4년 정도 됐어",
            "norm_text": "다시 하게 된 지는 4년 정도 됐어",
            "speaker": {
              "id": "1번",
              "sex": "여성",
              "age": "20대"
            },
            "speechAct": "(단언) 진술하기",
            "morpheme": "다시/MAG+하/VV+게/EC+된지/VV+EC+는/JX+4/SN+년/NNBC+정도/NNG+됐/XSV+EP+어/EC"
          },
          {
            "id": 10,
            "text": "1 : 나중에 차 사면 어떤 거 사고 싶어?",
            "norm_text": "나중에 차 사면 어떤 거 사고 싶어?",
            "speaker": {
              "id": "1번",
              "sex": "여성",
              "age": "20대"
            },
            "speechAct": "(지시) 질문하기",
            "morpheme": "나중/NNG+에/JKB+차사/NNG+면/VCP+EC+어떤/MM+거/NNB+사/VV+고/EC+싶/VX+어/EF"
          },
          {
            "id": 11,
            "text": "2 : 나는 어릴 때부터 갖고 싶은 차가 있었어",
            "norm_text": "나는 어릴 때부터 갖고 싶은 차가 있었어",
            "speaker": {
              "id": "2번",
              "sex": "여성",
              "age": "20대"
            },
            "speechAct": "(단언) 주장하기",
            "morpheme": "나/NP+는/JX+어릴/VA+ETM+때/NNG+부터/JX+갖/VV+고/EC+싶/VX+은/ETM+차/NNG+가/JKS+있/VA+었/EP+어/EC"
          },
          {
            "id": 12,
            "text": "2 : 지프 랭글러 좋아해",
            "norm_text": "지프 랭글러 좋아해",
            "speaker": {
              "id": "2번",
              "sex": "여성",
              "age": "20대"
            },
            "speechAct": "(단언) 주장하기",
            "morpheme": "지프/NNG+랭/NNG+글러/VA+EC+좋아해/VV+EC"
          },
          {
            "id": 13,
            "text": "2 : 나중에 경제력이 생기면 사야지 하하",
            "norm_text": "나중에 경제력이 생기면 사야지 하하",
            "speaker": {
              "id": "2번",
              "sex": "여성",
              "age": "20대"
            },
            "speechAct": "(단언) 주장하기",
            "morpheme": "나중/NNG+에/JKB+경제력/NNG+이/JKS+생기/VV+면/EC+사/VV+야/EC+지하/NNG+하/XSV"
          },
          {
            "id": 14,
            "text": "2 : 너는 그럼 차 있어?",
            "norm_text": "너는 그럼 차 있어?",
            "speaker": {
              "id": "2번",
              "sex": "여성",
              "age": "20대"
            },
            "speechAct": "(지시) 질문하기",
            "morpheme": "너/NP+는/JX+그럼/MAJ+차/VV+EC+있/VX+어/EF"
          },
          {
            "id": 15,
            "text": "1 : 응 있는데 집에서 쓰던 승용차 받은 거라",
            "norm_text": "응 있는데 집에서 쓰던 승용차 받은 거라",
            "speaker": {
              "id": "1번",
              "sex": "여성",
              "age": "20대"
            },
            "speechAct": "(단언) 진술하기",
            "morpheme": "응/IC+있/VA+는데/EC+집/NNG+에서/JKB+쓰/VV+던/ETM+승용차/NNG+받/VV+은/ETM+거/NNB+라/VCP+EC"
          },
          {
            "id": 16,
            "text": "1 : 나도 나중에는 SUV 사고 싶어!",
            "norm_text": "나도 나중에는 SUV 사고 싶어!",
            "speaker": {
              "id": "1번",
              "sex": "여성",
              "age": "20대"
            },
            "speechAct": "(단언) 주장하기",
            "morpheme": "나/NP+도/JX+나중/NNG+에/JKB+는/JX+SUV/SL+사/VV+고/EC+싶/VX+어/EF"
          },
          {
            "id": 17,
            "text": "2 : 그래도 차 있으면 어디 다니기도 편하고 좋겠다 그치?",
            "norm_text": "그래도 차 있으면 어디 다니기도 편하고 좋겠다 그치?",
            "speaker": {
              "id": "2번",
              "sex": "여성",
              "age": "20대"
            },
            "speechAct": "(지시) 질문하기",
            "morpheme": "그래도/MAJ+차/VV+EC+있/VX+으면/EC+어디/NP+다니/VV+기/ETN+도/JX+편하/VA+고/EC+좋/VA+겠/EP+다/EF+그치/IC"
          },
          {
            "id": 18,
            "text": "1 : 응응 그치 더울 때나 추울 때 특히 더 좋은 거 같아!",
            "norm_text": "응응 그치 더울 때나 추울 때 특히 더 좋은 거 같아!",
            "speaker": {
              "id": "1번",
              "sex": "여성",
              "age": "20대"
            },
            "speechAct": "(단언) 주장하기",
            "morpheme": "응/IC+응/IC+그치/IC+더울/VA+ETM+때/NNG+나/JX+추울/VA+ETM+때/NNG+특히/MAG+더/MAG+좋/VA+은/ETM+거/NNB+같/VA+아/EF"
          },
          {
            "id": 19,
            "text": "1 : 차 타고 다니는 거에 적응되니까 대중교통 타고 다닐 때 너무 힘들어 ㅠㅠ",
            "norm_text": "차 타고 다니는 거에 적응되니까 대중교통 타고 다닐 때 너무 힘들어 ㅠㅠ",
            "speaker": {
              "id": "1번",
              "sex": "여성",
              "age": "20대"
            },
            "speechAct": "(단언) 주장하기",
            "morpheme": "차/NNG+타/VV+고/EC+다니/VV+는/ETM+거/NNB+에/JKB+적응/NNG+되/XSV+니까/EC+대중교통/NNG+타/VV+고/EC+다닐/VV+ETM+때/NNG+너무/MAG+힘들/VA+어/EC+ㅠㅠ/UNKNOWN"
          },
          {
            "id": 20,
            "text": "2 : 평소에 대중교통은 어떤 이동 수단 좋아해?",
            "norm_text": "평소에 대중교통은 어떤 이동 수단 좋아해?",
            "speaker": {
              "id": "2번",
              "sex": "여성",
              "age": "20대"
            },
            "speechAct": "(지시) 질문하기",
            "morpheme": "평소/NNG+에/JKB+대중교통/NNG+은/JX+어떤/MM+이동/NNG+수단/NNG+좋/VA+아/EC+해/VX+EF"
          },
          {
            "id": 21,
            "text": "1 : 나는 지하철보다는 버스가 바깥 구경도 할 수 있고 더 좋은 거 같아!",
            "norm_text": "나는 지하철보다는 버스가 바깥 구경도 할 수 있고 더 좋은 거 같아!",
            "speaker": {
              "id": "1번",
              "sex": "여성",
              "age": "20대"
            },
            "speechAct": "(단언) 주장하기",
            "morpheme": "나/NP+는/JX+지하철/NNG+보다/JKB+는/JX+버스/NNG+가/JKS+바깥/NNG+구경/NNG+도/JX+할/VV+ETM+수/NNB+있/VV+고/EC+더/MAG+좋/VA+은/ETM+거/NNB+같/VA+아/EF"
          },
          {
            "id": 22,
            "text": "1 : 평소에 길 잘 찾는 편이야? 아니면 길치야?",
            "norm_text": "평소에 길 잘 찾는 편이야? 아니면 길치야?",
            "speaker": {
              "id": "1번",
              "sex": "여성",
              "age": "20대"
            },
            "speechAct": "(지시) 질문하기",
            "morpheme": "평소/NNG+에/JKB+길/NNG+잘/MAG+찾/VV+는/ETM+편/NNB+이/VCP+야/EF+아니면/MAJ+길치/NNG+야/VCP+EF"
          },
          {
            "id": 23,
            "text": "2 : 나는 엄청난 길치야",
            "norm_text": "나는 엄청난 길치야",
            "speaker": {
              "id": "2번",
              "sex": "여성",
              "age": "20대"
            },
            "speechAct": "(단언) 주장하기",
            "morpheme": "나/NP+는/JX+엄청난/VA+ETM+길/NNG+치/VV+야/EC"
          },
          {
            "id": 24,
            "text": "2 : 길도 모르면서 혼자 막 갈 때가 많아",
            "norm_text": "길도 모르면서 혼자 막 갈 때가 많아",
            "speaker": {
              "id": "2번",
              "sex": "여성",
              "age": "20대"
            },
            "speechAct": "(단언) 주장하기",
            "morpheme": "길/NNG+도/JX+모르/VV+면서/EC+혼자/MAG+막/VV+갈/EC+VX+ETM+때/NNG+가/JKS+많/VA+아/EC"
          },
          {
            "id": 25,
            "text": "2 : 그래서 놀림 좀 당했지 하하",
            "norm_text": "그래서 놀림 좀 당했지 하하",
            "speaker": {
              "id": "2번",
              "sex": "여성",
              "age": "20대"
            },
            "speechAct": "(단언) 주장하기",
            "morpheme": "그래서/MAJ+놀림/NNG+좀/MAG+당했/VV+EP+지/EC+하하/MAG"
          },
          {
            "id": 26,
            "text": "2 : 버스 그럼 오래 타는 것도 괜찮아?",
            "norm_text": "버스 그럼 오래 타는 것도 괜찮아?",
            "speaker": {
              "id": "2번",
              "sex": "여성",
              "age": "20대"
            },
            "speechAct": "(지시) 질문하기",
            "morpheme": "버스/NNG+그럼/MAJ+오래/MAG+타/VV+는/ETM+것/NNB+도/JX+괜찮/VA+아/EF"
          },
          {
            "id": 27,
            "text": "1 : 너무 오래는 좀 힘들지 키키",
            "norm_text": "너무 오래는 좀 힘들지 키키",
            "speaker": {
              "id": "1번",
              "sex": "여성",
              "age": "20대"
            },
            "speechAct": "(단언) 주장하기",
            "morpheme": "너무/MAG+오래/MAG+는/JX+좀/MAG+힘들/VA+지/EC+키/NNG+키/XSV+ETN"
          },
          {
            "id": 28,
            "text": "1 : 그래도 앉아서 가는 거면 어느 정도는 괜찮아!",
            "norm_text": "그래도 앉아서 가는 거면 어느 정도는 괜찮아!",
            "speaker": {
              "id": "1번",
              "sex": "여성",
              "age": "20대"
            },
            "speechAct": "(단언) 주장하기",
            "morpheme": "그래도/MAJ+앉/VV+아서/EC+가/VX+는/ETM+거/NNB+면/VCP+EC+어느/MM+정도/NNG+는/JX+괜찮/VA+아/EF"
          },
          {
            "id": 29,
            "text": "1 : 너는 버스랑 지하철 중에는 어떤 게 더 나아?",
            "norm_text": "너는 버스랑 지하철 중에는 어떤 게 더 나아?",
            "speaker": {
              "id": "1번",
              "sex": "여성",
              "age": "20대"
            },
            "speechAct": "(지시) 질문하기",
            "morpheme": "너/NP+는/JX+버스/NNG+랑/JKB+지하철/NNG+중/NNB+에/JKB+는/JX+어떤/MM+게/NNB+JKS+더/MAG+나아/VA+EF"
          },
          {
            "id": 30,
            "text": "2 : 나도 당연히 버스지!",
            "norm_text": "나도 당연히 버스지!",
            "speaker": {
              "id": "2번",
              "sex": "여성",
              "age": "20대"
            },
            "speechAct": "(단언) 주장하기",
            "morpheme": "나/NP+도/JX+당연히/MAG+버스/NNG+지/VCP+EF"
          },
          {
            "id": 31,
            "text": "2 : 나는 답답한 걸 못 참아서 지하철은 불편해 해",
            "norm_text": "나는 답답한 걸 못 참아서 지하철은 불편해 해",
            "speaker": {
              "id": "2번",
              "sex": "여성",
              "age": "20대"
            },
            "speechAct": "(단언) 주장하기",
            "morpheme": "나/NP+는/JX+답답/XR+한/XSA+ETM+걸/NNB+JKO+못/MAG+참/VV+아서/EC+지하철/NNG+은/JX+불편/NNG+해해/XSA+EC+VX+EC"
          },
          {
            "id": 32,
            "text": "2 : 버스 타고 다니면서 창밖 보면 은근 힐링이더라고",
            "norm_text": "버스 타고 다니면서 창밖 보면 은근 힐링이더라고",
            "speaker": {
              "id": "2번",
              "sex": "여성",
              "age": "20대"
            },
            "speechAct": "(단언) 주장하기",
            "morpheme": "버스/NNG+타/VV+고/EC+다니/VV+면서/EC+창밖/NNG+보/VV+면/EC+은근/NNG+힐링/NNG+이/VCP+더라고/EC"
          },
          {
            "id": 33,
            "text": "2 : 지하철은 어떤 게 별로야?",
            "norm_text": "지하철은 어떤 게 별로야?",
            "speaker": {
              "id": "2번",
              "sex": "여성",
              "age": "20대"
            },
            "speechAct": "(지시) 질문하기",
            "morpheme": "지하철/NNG+은/JX+어떤/MM+게/NNB+JKS+별로/MAG+야/VCP+EF"
          },
          {
            "id": 34,
            "text": "1 : 계단 오르락내리락하는 게 힘들어 하하",
            "norm_text": "계단 오르락내리락하는 게 힘들어 하하",
            "speaker": {
              "id": "1번",
              "sex": "여성",
              "age": "20대"
            },
            "speechAct": "(단언) 주장하기",
            "morpheme": "계단/NNG+오르락내리락/MAG+하/VV+는/ETM+게/NNB+JKS+힘들/VA+어/EC+하하/MAG"
          },
          {
            "id": 35,
            "text": "1 : 그래도 버스처럼 막히거나 할 때가 없어서 약속 시간 정해져 있을 때는 많이 타는 편이야!",
            "norm_text": "그래도 버스처럼 막히거나 할 때가 없어서 약속 시간 정해져 있을 때는 많이 타는 편이야!",
            "speaker": {
              "id": "1번",
              "sex": "여성",
              "age": "20대"
            },
            "speechAct": "(단언) 주장하기",
            "morpheme": "그래도/MAJ+버스/NNG+처럼/JKB+막히/VV+거나/EC+할/VX+ETM+때/NNG+가/JKS+없/VA+어서/EC+약속/NNG+시간/NNG+정해져/VV+EC+VX+EC+있/VX+을/ETM+때/NNG+는/JX+많이/MAG+타/VV+는/ETM+편/NNB+이/VCP+야/EF"
          },
          {
            "id": 36,
            "text": "1 : 너는 어떤 점이 별로야?",
            "norm_text": "너는 어떤 점이 별로야?",
            "speaker": {
              "id": "1번",
              "sex": "여성",
              "age": "20대"
            },
            "speechAct": "(지시) 질문하기",
            "morpheme": "너/NP+는/JX+어떤/MM+점/NNG+이/JKS+별로/MAG+야/VCP+EF"
          },
          {
            "id": 37,
            "text": "2 : 지하철은 밖이 거의 안 보이고 꽉 막혀 있다는 점이 너무 싫더라고!",
            "norm_text": "지하철은 밖이 거의 안 보이고 꽉 막혀 있다는 점이 너무 싫더라고!",
            "speaker": {
              "id": "2번",
              "sex": "여성",
              "age": "20대"
            },
            "speechAct": "(단언) 주장하기",
            "morpheme": "지하철/NNG+은/JX+밖/NNG+이/JKS+거의/MAG+안/MAG+보이/VV+고/EC+꽉/MAG+막혀/VV+EC+있/VX+다는/ETM+점/NNG+이/JKS+너무/MAG+싫/VA+더라고/EF"
          }
        ]
      }
    }
  ]
}