{
  "dataset": {
    "identifier": 17376,
    "name": "NATEON_22_04_set",
    "src_path": "/data/file/cubeManager/PROJECT001/7/txt20210826181651048892/NATEON_22_04_set/",
    "label_path": "/data/file/cubeManager/PROJECT001/7/txt20210826181651048892/NATEON_22_04_set/",
    "category": 2,
    "type": 0
  },
  "licenses": {
    "name": "Apache License 1.0",
    "url": "http://www.apache.org/licenses/LICENSE-1.0"
  },
  "info": [
    {
      "id": 743,
      "filename": "NATEON_22_04.txt",
      "title": "NATEON_22_04",
      "mediatype": "메신저",
      "medianame": "네이트온",
      "category": "일상대화",
      "date": "2021-08-26",
      "size": 832,
      "annotations": {
        "subject": "회사/아르바이트",
        "speaker_type": "1:1",
        "size": 832,
        "word_size": 252,
        "text": "1 : 대학생 때 직장 생활에 대한 로망 있었어?\n2 : 음 돈 버는 멋진 사람인 느낌?\n2 : 사실 어렸을 때부터 일하는 거에 대한 막연한 두려움이 있었어요.\n2 : 언니는 무슨 로망이 있었어요?\n1 : 월급 받고 사고 싶은 거 다 사는 로망이 있었는데 그렇지는 않더라구.\n2 : 그죠. 로망이랑 현실은 확실히 다른 것 같아요. ㅠㅠ\n2 : 언니는 지금까지 어떤 알바를 해봤어요?\n1 : 문구점 알바 했었던 게 생각나는데 너는 제일 처음 한 알바는 뭐였어?\n2 : 첫 알바가 편의점이었어요. 제대로 일한 건\n2 : 그전엔 단기 아르바이트만 했었어요\n2 : 언니는 단기로 많이 했어요 장기로 많이 했어요?\n1 : 난 대부분 잠깐잠깐이었는데 문구점은 2년 가까이 했었어.\n2 : 문구점은 어때요?\n2 : 일이 어렵지는 않았어요?\n1 : 등하굣길에 잠깐 하는 거라 재밌었어.\n1 : 문구점에서 파는 간식도 얻어먹을 수 있었고!\n2 : 오오 좋았겠어요!\n2 : 저도 편의점 알바할 때는 뭘 공짜로 먹은 건 아니지만 늘 끝날 때 뭐 사 먹으면서 퇴근했었어요 키키\n1 : 먹는 게 최고지!\n1 : 편의점 업무는 어떤 게 있어?\n2 : 발주한 물품 들어오면 정리하고 청소하고 카운터 업무 보고  저희 로또까지 해서 로또까지 했어요~\n2 : 혹시 더 편의점에 대해서 궁금한 거 있으세요?\n1 : 편의점은 도난 사건이 많아서 알바생이 늘 메꿔야 한다던데 그게 진짜야?\n2 : 음 그런 건 아니고 시재가 비면 채워 넣는다고 들었는데 저희 사장님은 그렇지는 않았어요\n2 : 아 생각해보니까 민증 검사하는 게 좀 힘들었어요\n1 : 그랬을 거 같아.\n1 : 게다가 진상도 많았을 거 같고 네가 정말 고생이 많았네.\n2 : 그래도 좋은 경험이었던 것 같아요~",
        "lines": [
          {
            "id": 1,
            "text": "1 : 대학생 때 직장 생활에 대한 로망 있었어?",
            "norm_text": "대학생 때 직장 생활에 대한 로망 있었어?",
            "speaker": {
              "id": "1번",
              "sex": "여성",
              "age": "30대"
            },
            "speechAct": "(지시) 질문하기",
            "morpheme": "대학생/NNG+때/NNG+직장/NNG+생활/NNG+에/JKB+대한/VV+ETM+로망/NNG+있/VV+었/EP+어/EF"
          },
          {
            "id": 2,
            "text": "2 : 음 돈 버는 멋진 사람인 느낌?",
            "norm_text": "음 돈 버는 멋진 사람인 느낌?",
            "speaker": {
              "id": "2번",
              "sex": "여성",
              "age": "20대"
            },
            "speechAct": "(단언) 주장하기",
            "morpheme": "음/IC+돈/NNG+버/VV+는/ETM+멋진/VA+ETM+사람/NNG+인/VCP+ETM+느낌/NNG"
          },
          {
            "id": 3,
            "text": "2 : 사실 어렸을 때부터 일하는 거에 대한 막연한 두려움이 있었어요.",
            "norm_text": "사실 어렸을 때부터 일하는 거에 대한 막연한 두려움이 있었어요.",
            "speaker": {
              "id": "2번",
              "sex": "여성",
              "age": "20대"
            },
            "speechAct": "(단언) 주장하기",
            "morpheme": "사실/MAG+어렸/VA+EP+을/ETM+때/NNG+부터/JX+일/NNG+하/XSV+는/ETM+거/NNB+에/JKB+대한/VV+ETM+막연/XR+한/XSA+ETM+두려움/NNG+이/JKS+있/VA+었/EP+어요/EF"
          },
          {
            "id": 4,
            "text": "2 : 언니는 무슨 로망이 있었어요?",
            "norm_text": "언니는 무슨 로망이 있었어요?",
            "speaker": {
              "id": "2번",
              "sex": "여성",
              "age": "20대"
            },
            "speechAct": "(지시) 질문하기",
            "morpheme": "언니/NNG+는/JX+무슨/MM+로망/NNG+이/JKS+있/VA+었/EP+어요/EF"
          },
          {
            "id": 5,
            "text": "1 : 월급 받고 사고 싶은 거 다 사는 로망이 있었는데 그렇지는 않더라구.",
            "norm_text": "월급 받고 사고 싶은 거 다 사는 로망이 있었는데 그렇지는 않더라구.",
            "speaker": {
              "id": "1번",
              "sex": "여성",
              "age": "30대"
            },
            "speechAct": "(단언) 주장하기",
            "morpheme": "월급/NNG+받/VV+고/EC+사/VV+고/EC+싶/VX+은/ETM+거/NNB+다/MAG+사/VV+는/ETM+로망/NNG+이/JKS+있/VA+었/EP+는데/EC+그렇/VA+지/EC+는/JX+않/VX+더라구/EF"
          },
          {
            "id": 6,
            "text": "2 : 그죠. 로망이랑 현실은 확실히 다른 것 같아요. ㅠㅠ",
            "norm_text": "그죠. 로망이랑 현실은 확실히 다른 것 같아요. ㅠㅠ",
            "speaker": {
              "id": "2번",
              "sex": "여성",
              "age": "20대"
            },
            "speechAct": "(단언) 주장하기",
            "morpheme": "그죠/IC+로망/NNG+이랑/JKB+현실/NNG+은/JX+확실히/MAG+다른/MM+것/NNB+같/VA+아요/EF+ㅠㅠ/UNKNOWN"
          },
          {
            "id": 7,
            "text": "2 : 언니는 지금까지 어떤 알바를 해봤어요?",
            "norm_text": "언니는 지금까지 어떤 알바를 해봤어요?",
            "speaker": {
              "id": "2번",
              "sex": "여성",
              "age": "20대"
            },
            "speechAct": "(지시) 질문하기",
            "morpheme": "언니/NNG+는/JX+지금/NNG+까지/JX+어떤/MM+알바/NNP+를/JKO+해/VV+EC+봤/VX+EP+어요/EF"
          },
          {
            "id": 8,
            "text": "1 : 문구점 알바 했었던 게 생각나는데 너는 제일 처음 한 알바는 뭐였어?",
            "norm_text": "문구점 알바 했었던 게 생각나는데 너는 제일 처음 한 알바는 뭐였어?",
            "speaker": {
              "id": "1번",
              "sex": "여성",
              "age": "30대"
            },
            "speechAct": "(지시) 질문하기",
            "morpheme": "문구점/NNG+알/VV+ETM+바/NNB+했었/VV+EP+던/ETM+게/NNB+JKS+생각/NNG+나/VV+는데/EC+너/NP+는/JX+제일/MAG+처음/NNG+한/XSA+ETM+알바/NNP+는/JX+뭐/NP+였/VCP+EP+어/EF"
          },
          {
            "id": 9,
            "text": "2 : 첫 알바가 편의점이었어요. 제대로 일한 건",
            "norm_text": "첫 알바가 편의점이었어요. 제대로 일한 건",
            "speaker": {
              "id": "2번",
              "sex": "여성",
              "age": "20대"
            },
            "speechAct": "(단언) 진술하기",
            "morpheme": "첫/MM+알바/NNP+가/JKS+편의점/NNG+이/VCP+었/EP+어요/EF+제대로/MAG+일/NNG+한/XSA+ETM+건/NNB+JX"
          },
          {
            "id": 10,
            "text": "2 : 그전엔 단기 아르바이트만 했었어요",
            "norm_text": "그전엔 단기 아르바이트만 했었어요",
            "speaker": {
              "id": "2번",
              "sex": "여성",
              "age": "20대"
            },
            "speechAct": "(단언) 진술하기",
            "morpheme": "그/MM+전/NNG+엔/JKB+JX+단기/NNG+아르바이트/NNG+만/JX+했었/VV+EP+어요/EF"
          },
          {
            "id": 11,
            "text": "2 : 언니는 단기로 많이 했어요 장기로 많이 했어요?",
            "norm_text": "언니는 단기로 많이 했어요 장기로 많이 했어요?",
            "speaker": {
              "id": "2번",
              "sex": "여성",
              "age": "20대"
            },
            "speechAct": "(지시) 질문하기",
            "morpheme": "언니/NNG+는/JX+단기/NNG+로/JKB+많이/MAG+했/VV+EP+어요/EF+장기/NNG+로/JKB+많이/MAG+했/VV+EP+어요/EF"
          },
          {
            "id": 12,
            "text": "1 : 난 대부분 잠깐잠깐이었는데 문구점은 2년 가까이 했었어.",
            "norm_text": "난 대부분 잠깐잠깐이었는데 문구점은 2년 가까이 했었어.",
            "speaker": {
              "id": "1번",
              "sex": "여성",
              "age": "30대"
            },
            "speechAct": "(단언) 진술하기",
            "morpheme": "난/NP+JX+대부분/NNG+잠깐/MAG+잠깐/NNG+이/VCP+었/EP+는데/EC+문구점/NNG+은/JX+2/SN+년/NNBC+가까이/MAG+했었/VV+EP+어/EF"
          },
          {
            "id": 13,
            "text": "2 : 문구점은 어때요?",
            "norm_text": "문구점은 어때요?",
            "speaker": {
              "id": "2번",
              "sex": "여성",
              "age": "20대"
            },
            "speechAct": "(지시) 질문하기",
            "morpheme": "문구점/NNG+은/JX+어때요/VA+EF"
          },
          {
            "id": 14,
            "text": "2 : 일이 어렵지는 않았어요?",
            "norm_text": "일이 어렵지는 않았어요?",
            "speaker": {
              "id": "2번",
              "sex": "여성",
              "age": "20대"
            },
            "speechAct": "(지시) 질문하기",
            "morpheme": "일/NNG+이/JKS+어렵/VA+지/EC+는/JX+않/VX+았/EP+어요/EF"
          },
          {
            "id": 15,
            "text": "1 : 등하굣길에 잠깐 하는 거라 재밌었어.",
            "norm_text": "등하굣길에 잠깐 하는 거라 재밌었어.",
            "speaker": {
              "id": "1번",
              "sex": "여성",
              "age": "30대"
            },
            "speechAct": "(단언) 주장하기",
            "morpheme": "등/NNB+하굣길/NNG+에/JKB+잠깐/NNG+하/XSV+는/ETM+거/NNB+라/VCP+EC+재밌/VA+었/EP+어/EF"
          },
          {
            "id": 16,
            "text": "1 : 문구점에서 파는 간식도 얻어먹을 수 있었고!",
            "norm_text": "문구점에서 파는 간식도 얻어먹을 수 있었고!",
            "speaker": {
              "id": "1번",
              "sex": "여성",
              "age": "30대"
            },
            "speechAct": "(단언) 진술하기",
            "morpheme": "문구점/NNG+에서/JKB+파/VV+는/ETM+간식/NNG+도/JX+얻어먹/VV+을/ETM+수/NNB+있/VV+었/EP+고/EC"
          },
          {
            "id": 17,
            "text": "2 : 오오 좋았겠어요!",
            "norm_text": "오오 좋았겠어요!",
            "speaker": {
              "id": "2번",
              "sex": "여성",
              "age": "20대"
            },
            "speechAct": "(단언) 주장하기",
            "morpheme": "오오/IC+좋/VA+았/EP+겠/EP+어요/EF"
          },
          {
            "id": 18,
            "text": "2 : 저도 편의점 알바할 때는 뭘 공짜로 먹은 건 아니지만 늘 끝날 때 뭐 사 먹으면서 퇴근했었어요 키키",
            "norm_text": "저도 편의점 알바할 때는 뭘 공짜로 먹은 건 아니지만 늘 끝날 때 뭐 사 먹으면서 퇴근했었어요 키키",
            "speaker": {
              "id": "2번",
              "sex": "여성",
              "age": "20대"
            },
            "speechAct": "(단언) 진술하기",
            "morpheme": "저/NP+도/JX+편의점/NNG+알/VV+ETM+바/NNB+할/VV+ETM+때/NNG+는/JX+뭘/NP+JKO+공짜/NNG+로/JKB+먹/VV+은/ETM+건/NNB+JX+아니/VCN+지만/EC+늘/MAG+끝/NNG+날/NNG+때/NNG+뭐/IC+사먹/VV+으면서/EC+퇴근/NNG+했었어요/XSV+EP+EF+키/NNG+키/XSV+ETN"
          },
          {
            "id": 19,
            "text": "1 : 먹는 게 최고지!",
            "norm_text": "먹는 게 최고지!",
            "speaker": {
              "id": "1번",
              "sex": "여성",
              "age": "30대"
            },
            "speechAct": "(단언) 주장하기",
            "morpheme": "먹/VV+는/ETM+게/NNB+JKS+최고/NNG+지/VCP+EF"
          },
          {
            "id": 20,
            "text": "1 : 편의점 업무는 어떤 게 있어?",
            "norm_text": "편의점 업무는 어떤 게 있어?",
            "speaker": {
              "id": "1번",
              "sex": "여성",
              "age": "30대"
            },
            "speechAct": "(지시) 질문하기",
            "morpheme": "편의점/NNG+업무/NNG+는/JX+어떤/MM+게/NNB+JKS+있/VA+어/EF"
          },
          {
            "id": 21,
            "text": "2 : 발주한 물품 들어오면 정리하고 청소하고 카운터 업무 보고  저희 로또까지 해서 로또까지 했어요~",
            "norm_text": "발주한 물품 들어오면 정리하고 청소하고 카운터 업무 보고  저희 로또까지 해서 로또까지 했어요~",
            "speaker": {
              "id": "2번",
              "sex": "여성",
              "age": "20대"
            },
            "speechAct": "(단언) 진술하기",
            "morpheme": "발주/NNG+한/XSA+ETM+물품/NNG+들어오/VV+면/EC+정리/NNG+하/XSV+고/EC+청소/NNG+하/XSV+고/EC+카운터/NNG+업무/NNG+보/VV+고/EC+저희/NP+로또/NNP+까지/JX+해서/VV+EC+로또/NNP+까지/JX+했/VV+EP+어요/EF+~/SY"
          },
          {
            "id": 22,
            "text": "2 : 혹시 더 편의점에 대해서 궁금한 거 있으세요?",
            "norm_text": "혹시 더 편의점에 대해서 궁금한 거 있으세요?",
            "speaker": {
              "id": "2번",
              "sex": "여성",
              "age": "20대"
            },
            "speechAct": "(지시) 질문하기",
            "morpheme": "혹시/MAG+더/MAG+편의점/NNG+에/JKB+대해서/VV+EC+궁금/XR+한/XSA+ETM+거/NNB+있/VA+으세요/EF"
          },
          {
            "id": 23,
            "text": "1 : 편의점은 도난 사건이 많아서 알바생이 늘 메꿔야 한다던데 그게 진짜야?",
            "norm_text": "편의점은 도난 사건이 많아서 알바생이 늘 메꿔야 한다던데 그게 진짜야?",
            "speaker": {
              "id": "1번",
              "sex": "여성",
              "age": "30대"
            },
            "speechAct": "(지시) 질문하기",
            "morpheme": "편의점/NNG+은/JX+도난/NNG+사건/NNG+이/JKS+많/VA+아서/EC+알/VV+ETM+바/NNB+생/XSN+이/JKS+늘메/NNG+꿔야/VV+EC+한다던데/VX+EF+그게/NP+JKS+진짜/NNG+야/VCP+EF"
          },
          {
            "id": 24,
            "text": "2 : 음 그런 건 아니고 시재가 비면 채워 넣는다고 들었는데 저희 사장님은 그렇지는 않았어요",
            "norm_text": "음 그런 건 아니고 시재가 비면 채워 넣는다고 들었는데 저희 사장님은 그렇지는 않았어요",
            "speaker": {
              "id": "2번",
              "sex": "여성",
              "age": "20대"
            },
            "speechAct": "(단언) 진술하기",
            "morpheme": "음/IC+그런/MM+건/NNB+JX+아니/VCN+고/EC+시재/NNG+가/JKS+비/VV+면/EC+채워/VV+EC+넣/VV+는다고/EC+들/VX+었/EP+는데/EC+저희/NP+사장/NNG+님/XSN+은/JX+그렇/VA+지/EC+는/JX+않/VX+았/EP+어요/EF"
          },
          {
            "id": 25,
            "text": "2 : 아 생각해보니까 민증 검사하는 게 좀 힘들었어요",
            "norm_text": "아 생각해보니까 민증 검사하는 게 좀 힘들었어요",
            "speaker": {
              "id": "2번",
              "sex": "여성",
              "age": "20대"
            },
            "speechAct": "(단언) 주장하기",
            "morpheme": "아/IC+생각/NNG+해/XSV+EC+보/VX+니까/EC+민증/UNKNOWN+검사/NNG+하/XSV+는/ETM+게/NNB+JKS+좀/MAG+힘들/VA+었/EP+어요/EF"
          },
          {
            "id": 26,
            "text": "1 : 그랬을 거 같아.",
            "norm_text": "그랬을 거 같아.",
            "speaker": {
              "id": "1번",
              "sex": "여성",
              "age": "30대"
            },
            "speechAct": "(단언) 주장하기",
            "morpheme": "그랬/VV+EP+을/ETM+거/NNB+같/VA+아/EF"
          },
          {
            "id": 27,
            "text": "1 : 게다가 진상도 많았을 거 같고 네가 정말 고생이 많았네.",
            "norm_text": "게다가 진상도 많았을 거 같고 네가 정말 고생이 많았네.",
            "speaker": {
              "id": "1번",
              "sex": "여성",
              "age": "30대"
            },
            "speechAct": "(단언) 주장하기",
            "morpheme": "게다가/MAG+진상/NNG+도/JX+많/VA+았/EP+을/ETM+거/NNB+같/VA+고/EC+네/NP+가/JKS+정말/MAG+고생/NNG+이/JKS+많/VA+았/EP+네/EF"
          },
          {
            "id": 28,
            "text": "2 : 그래도 좋은 경험이었던 것 같아요~",
            "norm_text": "그래도 좋은 경험이었던 것 같아요~",
            "speaker": {
              "id": "2번",
              "sex": "여성",
              "age": "20대"
            },
            "speechAct": "(단언) 주장하기",
            "morpheme": "그래도/MAJ+좋/VA+은/ETM+경험/NNG+이/VCP+었/EP+던/ETM+것/NNB+같/VA+아요/EF+~/SY"
          }
        ]
      }
    }
  ]
}