{
  "dataset": {
    "identifier": 112936,
    "name": "NATEON_32_02_set",
    "src_path": "/data/file/cubeManager/PROJECT001/80/txt20211102173312072124/NATEON_32_02_set/",
    "label_path": "/data/file/cubeManager/PROJECT001/80/txt20211102173312072124/NATEON_32_02_set/",
    "category": 2,
    "type": 0
  },
  "licenses": {
    "name": "Apache License 1.0",
    "url": "http://www.apache.org/licenses/LICENSE-1.0"
  },
  "info": [
    {
      "id": 131834,
      "filename": "NATEON_32_02.txt",
      "title": "NATEON_32_02",
      "mediatype": "메신저",
      "medianame": "네이트온",
      "category": "일상대화",
      "date": "2021-11-02",
      "size": 467,
      "annotations": {
        "subject": "주거와 생활",
        "speaker_type": "다자간 대화",
        "size": 467,
        "word_size": 155,
        "text": "1 : 나도 내가 가구 만들어보고 싶어\n2 : 오 가구 만드는거?\n2 : 관심 있어?\n3 : 요즘 그런 클래스 있지 않아?\n1 : 응 요즘 그런거 배워보고 싶어ㅠㅠ\n2 : 맞아 원데이 클래스 그런거 있을텐데 체험 한번 해봐!\n3 : 할때 손 안다치게 조심해야 될거같아\n1 : 응 안그래도 손장갑사서 가려고 하하\n2 : 응 요즘 가구 배우는거 사람들 많이 하더라!\n3 : 응 같이 갈 친구 있어?\n1 : 아니~\n1 : 이건 내 가구 만들러 가는거라 나 혼자!\n2 : 나도 체험 좋아 하는데 키키\n2 : 나랑도 같이 가자!\n3 : 하하 그래?\n3 : 나도 같이 가고싶다\n1 : 응 식탁 하나 만들면 집 분위기도 바뀔거같아\n2 : 맞아 그리고 직접 만든거면 의미 있잖아!\n3 : 오... 나는 조그마한 의자 하나 만들어야지\n1 : 오 그거도 좋은데?\n1 : 그럼 미리 식탁보 사야지 하하\n2 : 처음에 소소하게 만들고 점점 크게 넓혀가자 키키\n3 : 식탁보는 체크가 제일 이쁘더라",
        "lines": [
          {
            "id": 1,
            "text": "1 : 나도 내가 가구 만들어보고 싶어",
            "norm_text": "나도 내가 가구 만들어보고 싶어",
            "speaker": {
              "id": "1번",
              "sex": "여성",
              "age": "20대"
            },
            "speechAct": "(단언) 주장하기",
            "morpheme": "나/NP+도/JX+내/NP+가/JKS+가/VV+구/EC+만들/VV+어/EC+보/VX+고/EC+싶/VX+어/EC"
          },
          {
            "id": 2,
            "text": "2 : 오 가구 만드는거?",
            "norm_text": "오 가구 만드는거?",
            "speaker": {
              "id": "2번",
              "sex": "여성",
              "age": "20대"
            },
            "speechAct": "턴토크 사인(관습적 반응)",
            "morpheme": "오가/VV+구/EC+만드/VV+는/ETM+거/NNB"
          },
          {
            "id": 3,
            "text": "2 : 관심 있어?",
            "norm_text": "관심 있어?",
            "speaker": {
              "id": "2번",
              "sex": "여성",
              "age": "20대"
            },
            "speechAct": "(지시) 질문하기",
            "morpheme": "관심/NNG+있/VA+어/EF"
          },
          {
            "id": 4,
            "text": "3 : 요즘 그런 클래스 있지 않아?",
            "norm_text": "요즘 그런 클래스 있지 않아?",
            "speaker": {
              "id": "3번",
              "sex": "남성",
              "age": "30대"
            },
            "speechAct": "(지시) 질문하기",
            "morpheme": "요즘/MAG+그런/MM+클래스/NNP+있/VA+지/EC+않/VX+아/EF"
          },
          {
            "id": 5,
            "text": "1 : 응 요즘 그런거 배워보고 싶어ㅠㅠ",
            "norm_text": "응 요즘 그런거 배워보고 싶어ㅠㅠ",
            "speaker": {
              "id": "1번",
              "sex": "여성",
              "age": "20대"
            },
            "speechAct": "(단언) 주장하기",
            "morpheme": "응/IC+요즘/MAG+그런/MM+거/NNB+배워/VV+EC+보/VX+고/EC+싶/VX+어/EC+ㅠㅠ/UNKNOWN"
          },
          {
            "id": 6,
            "text": "2 : 맞아 원데이 클래스 그런거 있을텐데 체험 한번 해봐!",
            "norm_text": "맞아 원데이 클래스 그런거 있을텐데 체험 한번 해봐!",
            "speaker": {
              "id": "2번",
              "sex": "여성",
              "age": "20대"
            },
            "speechAct": "(지시) 충고/제안하기",
            "morpheme": "맞/XPN+아원/NNG+데이/NNG+클래스/NNP+그런/MM+거/NNB+있/VA+을/ETM+텐데/NNB+VCP+EC+체험/NNG+한/MM+번/NNBC+해/VV+EC+봐/VX+EF"
          },
          {
            "id": 7,
            "text": "3 : 할때 손 안다치게 조심해야 될거같아",
            "norm_text": "할때 손 안다치게 조심해야 될거같아",
            "speaker": {
              "id": "3번",
              "sex": "남성",
              "age": "30대"
            },
            "speechAct": "(단언) 주장하기",
            "morpheme": "할/VV+ETM+때/NNG+손/NNG+안/MAG+다치/VV+게/EC+조심/NNG+해야/XSV+EC+될/VV+ETM+거/NNB+같/VA+아/EC"
          },
          {
            "id": 8,
            "text": "1 : 응 안그래도 손장갑사서 가려고 하하",
            "norm_text": "응 안그래도 손장갑사서 가려고 하하",
            "speaker": {
              "id": "1번",
              "sex": "여성",
              "age": "20대"
            },
            "speechAct": "(단언) 진술하기",
            "morpheme": "응/IC+안/MAG+그래도/VV+EC+손/NNG+장갑/NNG+사/VV+서/EC+가/VX+려고/EC+하하/MAG"
          },
          {
            "id": 9,
            "text": "2 : 응 요즘 가구 배우는거 사람들 많이 하더라!",
            "norm_text": "응 요즘 가구 배우는거 사람들 많이 하더라!",
            "speaker": {
              "id": "2번",
              "sex": "여성",
              "age": "20대"
            },
            "speechAct": "(단언) 진술하기",
            "morpheme": "응/IC+요즘/MAG+가/VV+구/EC+배우/VV+는/ETM+거/NNB+사람/NNG+들/XSN+많이/MAG+하/VV+더라/EF"
          },
          {
            "id": 10,
            "text": "3 : 응 같이 갈 친구 있어?",
            "norm_text": "응 같이 갈 친구 있어?",
            "speaker": {
              "id": "3번",
              "sex": "남성",
              "age": "30대"
            },
            "speechAct": "(지시) 질문하기",
            "morpheme": "응/IC+같이/MAG+갈/VV+ETM+친구/NNG+있/VA+어/EF"
          },
          {
            "id": 11,
            "text": "1 : 아니~",
            "norm_text": "아니~",
            "speaker": {
              "id": "1번",
              "sex": "여성",
              "age": "20대"
            },
            "speechAct": "턴토크 사인(관습적 반응)",
            "morpheme": "아니/IC+~/SY"
          },
          {
            "id": 12,
            "text": "1 : 이건 내 가구 만들러 가는거라 나 혼자!",
            "norm_text": "이건 내 가구 만들러 가는거라 나 혼자!",
            "speaker": {
              "id": "1번",
              "sex": "여성",
              "age": "20대"
            },
            "speechAct": "(단언) 주장하기",
            "morpheme": "이건/NP+JX+내/NP+JKG+가구/NNG+만/JX+들러가/VV+는/ETM+거/NNB+라나/VCP+EC+혼자/NNG"
          },
          {
            "id": 13,
            "text": "2 : 나도 체험 좋아 하는데 키키",
            "norm_text": "나도 체험 좋아 하는데 키키",
            "speaker": {
              "id": "2번",
              "sex": "여성",
              "age": "20대"
            },
            "speechAct": "(단언) 주장하기",
            "morpheme": "나/NP+도/JX+체험/NNG+좋/VA+아/EC+하/VV+는데/EC+키/NNG+키/XSV+ETN"
          },
          {
            "id": 14,
            "text": "2 : 나랑도 같이 가자!",
            "norm_text": "나랑도 같이 가자!",
            "speaker": {
              "id": "2번",
              "sex": "여성",
              "age": "20대"
            },
            "speechAct": "(지시) 충고/제안하기",
            "morpheme": "나/NP+랑/JKB+도/JX+같이/MAG+가/VV+자/EF"
          },
          {
            "id": 15,
            "text": "3 : 하하 그래?",
            "norm_text": "하하 그래?",
            "speaker": {
              "id": "3번",
              "sex": "남성",
              "age": "30대"
            },
            "speechAct": "턴토크 사인(관습적 반응)",
            "morpheme": "하하/MAG+그래/VV+EF"
          },
          {
            "id": 16,
            "text": "3 : 나도 같이 가고싶다",
            "norm_text": "나도 같이 가고싶다",
            "speaker": {
              "id": "3번",
              "sex": "남성",
              "age": "30대"
            },
            "speechAct": "(단언) 주장하기",
            "morpheme": "나/NP+도/JX+같이/MAG+가/VV+고/EC+싶/VX+다/EC"
          },
          {
            "id": 17,
            "text": "1 : 응 식탁 하나 만들면 집 분위기도 바뀔거같아",
            "norm_text": "응 식탁 하나 만들면 집 분위기도 바뀔거같아",
            "speaker": {
              "id": "1번",
              "sex": "여성",
              "age": "20대"
            },
            "speechAct": "(단언) 주장하기",
            "morpheme": "응/IC+식탁/NNG+하나/NR+만들/VV+면/EC+집/NNG+분위기/NNG+도/JX+바뀔/VV+ETM+거/NNB+같/VA+아/EC"
          },
          {
            "id": 18,
            "text": "2 : 맞아 그리고 직접 만든거면 의미 있잖아!",
            "norm_text": "맞아 그리고 직접 만든거면 의미 있잖아!",
            "speaker": {
              "id": "2번",
              "sex": "여성",
              "age": "20대"
            },
            "speechAct": "(단언) 주장하기",
            "morpheme": "맞아/IC+그리고/MAJ+직접/MAG+만든/VV+ETM+거/NNB+면/VCP+EC+의미/NNG+있/VA+잖아/EF"
          },
          {
            "id": 19,
            "text": "3 : 오... 나는 조그마한 의자 하나 만들어야지",
            "norm_text": "오... 나는 조그마한 의자 하나 만들어야지",
            "speaker": {
              "id": "3번",
              "sex": "남성",
              "age": "30대"
            },
            "speechAct": "(단언) 주장하기",
            "morpheme": "오/IC+./SY+나/NP+는/JX+조그마/XR+한/XSA+ETM+의자/NNG+하나/NR+만들/VV+어야지/EC"
          },
          {
            "id": 20,
            "text": "1 : 오 그거도 좋은데?",
            "norm_text": "오 그거도 좋은데?",
            "speaker": {
              "id": "1번",
              "sex": "여성",
              "age": "20대"
            },
            "speechAct": "(단언) 주장하기",
            "morpheme": "오/IC+그거/NP+도/JX+좋/VA+은데/EF"
          },
          {
            "id": 21,
            "text": "1 : 그럼 미리 식탁보 사야지 하하",
            "norm_text": "그럼 미리 식탁보 사야지 하하",
            "speaker": {
              "id": "1번",
              "sex": "여성",
              "age": "20대"
            },
            "speechAct": "(단언) 주장하기",
            "morpheme": "그럼/MAJ+미리/MAG+식탁보/NNG+사/VV+야/EC+지하/NNG+하/XSV"
          },
          {
            "id": 22,
            "text": "2 : 처음에 소소하게 만들고 점점 크게 넓혀가자 키키",
            "norm_text": "처음에 소소하게 만들고 점점 크게 넓혀가자 키키",
            "speaker": {
              "id": "2번",
              "sex": "여성",
              "age": "20대"
            },
            "speechAct": "(단언) 주장하기",
            "morpheme": "처음/NNG+에/JKB+소소/NNG+하/XSV+게/EC+만들/VV+고/EC+점점/MAG+크/VA+게/EC+넓혀/VV+EC+가/JKS+자키/NNG+키/XSV+ETN"
          },
          {
            "id": 23,
            "text": "3 : 식탁보는 체크가 제일 이쁘더라",
            "norm_text": "식탁보는 체크가 제일 이쁘더라",
            "speaker": {
              "id": "3번",
              "sex": "남성",
              "age": "30대"
            },
            "speechAct": "(단언) 주장하기",
            "morpheme": "식탁보/NNG+는/JX+체크/NNG+가/JKS+제일/MAG+이쁘/VA+더라/EC"
          }
        ]
      }
    }
  ]
}