{
  "dataset": {
    "identifier": 8071,
    "name": "NATEON_22_19_set",
    "src_path": "/data/file/cubeManager/PROJECT001/7/txt20210826181651058819/NATEON_22_19_set/",
    "label_path": "/data/file/cubeManager/PROJECT001/7/txt20210826181651058819/NATEON_22_19_set/",
    "category": 2,
    "type": 0
  },
  "licenses": {
    "name": "Apache License 1.0",
    "url": "http://www.apache.org/licenses/LICENSE-1.0"
  },
  "info": [
    {
      "id": 758,
      "filename": "NATEON_22_19.txt",
      "title": "NATEON_22_19",
      "mediatype": "메신저",
      "medianame": "네이트온",
      "category": "일상대화",
      "date": "2021-08-26",
      "size": 511,
      "annotations": {
        "subject": "방송/연예",
        "speaker_type": "1:1",
        "size": 511,
        "word_size": 165,
        "text": "1 : TV 프로그램 뭐 좋아해?\n2 : 저는 런닝맨 좋아해요\n2 : 언니는요?\n1 : 나는 요즘 챙겨 보는 게 없어.\n1 : 좋아하는 개그맨 있어?\n2 : 유재석 좋아해요\n2 : 언니는 유재석 어때요?\n1 : 유재석 너무 좋은 사람 같아.\n1 : 난 네가 광수 좋아하는 줄 알았는데\n2 : 광수도 좋은데 첫 번째는 유재석이에요 키키\n2 : 언니는 광수는 어때요?\n1 : 광수 재밌기만 했었는데 모델 사진 보니까 멋있어 보여서 놀랐어\n2 : 그렇죠? 언니 혹시 런닝맨 본 적은 있으세요?\n1 : 초반에 엄청 챙겨 봤었어\n1 : 월요 커플 너무 좋아해서 키키\n2 : 아 저도 강개리 진짜 좋아했어요...\n2 : 언니도 개리 좋아했어요?\n1 : 너무 스윗해서 좋았었어 키키\n1 : 실제는 어떤지 모르겠지만\n2 : 저도요\n2 : 런닝맨 나간다고 했을 때 얼마나 슬펐는지 ㅠㅠ\n1 : 맞아... 요즘은 광수 안 나오지?\n2 : 네 언니 무한도전은 좋아했어요?\n1 : 무한도전은 너무 추억이야\n1 : 엄청 그리워~\n2 : 저도 너무 그리워요~\n1 : 다시  보고 싶다.",
        "lines": [
          {
            "id": 1,
            "text": "1 : TV 프로그램 뭐 좋아해?",
            "norm_text": "TV 프로그램 뭐 좋아해?",
            "speaker": {
              "id": "1번",
              "sex": "여성",
              "age": "30대"
            },
            "speechAct": "(지시) 질문하기",
            "morpheme": "TV/SL+프로그램/NNG+뭐/IC+좋/VA+아/EC+해/VX+EF"
          },
          {
            "id": 2,
            "text": "2 : 저는 런닝맨 좋아해요",
            "norm_text": "저는 런닝맨 좋아해요",
            "speaker": {
              "id": "2번",
              "sex": "여성",
              "age": "20대"
            },
            "speechAct": "(단언) 주장하기",
            "morpheme": "저/NP+는/JX+런닝맨/NNP+좋/VA+아/EC+해요/VX+EC"
          },
          {
            "id": 3,
            "text": "2 : 언니는요?",
            "norm_text": "언니는요?",
            "speaker": {
              "id": "2번",
              "sex": "여성",
              "age": "20대"
            },
            "speechAct": "(지시) 질문하기",
            "morpheme": "언니/NNG+는/JX+요/JX"
          },
          {
            "id": 4,
            "text": "1 : 나는 요즘 챙겨 보는 게 없어.",
            "norm_text": "나는 요즘 챙겨 보는 게 없어.",
            "speaker": {
              "id": "1번",
              "sex": "여성",
              "age": "30대"
            },
            "speechAct": "(단언) 진술하기",
            "morpheme": "나/NP+는/JX+요즘/MAG+챙겨/VV+EC+보/VX+는/ETM+게/NNB+JKS+없/VA+어/EF"
          },
          {
            "id": 5,
            "text": "1 : 좋아하는 개그맨 있어?",
            "norm_text": "좋아하는 개그맨 있어?",
            "speaker": {
              "id": "1번",
              "sex": "여성",
              "age": "30대"
            },
            "speechAct": "(지시) 질문하기",
            "morpheme": "좋/VA+아/EC+하/VV+는/ETM+개그맨/NNG+있/VA+어/EF"
          },
          {
            "id": 6,
            "text": "2 : 유재석 좋아해요",
            "norm_text": "유재석 좋아해요",
            "speaker": {
              "id": "2번",
              "sex": "여성",
              "age": "20대"
            },
            "speechAct": "(단언) 주장하기",
            "morpheme": "유재석/NNP+좋/VA+아/EC+해요/VX+EC"
          },
          {
            "id": 7,
            "text": "2 : 언니는 유재석 어때요?",
            "norm_text": "언니는 유재석 어때요?",
            "speaker": {
              "id": "2번",
              "sex": "여성",
              "age": "20대"
            },
            "speechAct": "(지시) 질문하기",
            "morpheme": "언니/NNG+는/JX+유재석/NNP+어때요/VA+EF"
          },
          {
            "id": 8,
            "text": "1 : 유재석 너무 좋은 사람 같아.",
            "norm_text": "유재석 너무 좋은 사람 같아.",
            "speaker": {
              "id": "1번",
              "sex": "여성",
              "age": "30대"
            },
            "speechAct": "(단언) 주장하기",
            "morpheme": "유재석/NNP+너무/MAG+좋/VA+은/ETM+사람/NNG+같/VA+아/EF"
          },
          {
            "id": 9,
            "text": "1 : 난 네가 광수 좋아하는 줄 알았는데",
            "norm_text": "난 네가 광수 좋아하는 줄 알았는데",
            "speaker": {
              "id": "1번",
              "sex": "여성",
              "age": "30대"
            },
            "speechAct": "(단언) 주장하기",
            "morpheme": "난/NP+JX+네/NP+가/JKS+광수/NNG+좋/VA+아/EC+하/VV+는/ETM+줄/NNB+알/VV+았/EP+는데/EC"
          },
          {
            "id": 10,
            "text": "2 : 광수도 좋은데 첫 번째는 유재석이에요 키키",
            "norm_text": "광수도 좋은데 첫 번째는 유재석이에요 키키",
            "speaker": {
              "id": "2번",
              "sex": "여성",
              "age": "20대"
            },
            "speechAct": "(단언) 주장하기",
            "morpheme": "광수/NNG+도/JX+좋/VA+은데/EC+첫/MM+번/NNBC+째/XSN+는/JX+유재석/NNP+이/XSN+에/JKB+요키/NNP+키/NNG"
          },
          {
            "id": 11,
            "text": "2 : 언니는 광수는 어때요?",
            "norm_text": "언니는 광수는 어때요?",
            "speaker": {
              "id": "2번",
              "sex": "여성",
              "age": "20대"
            },
            "speechAct": "(지시) 질문하기",
            "morpheme": "언니/NNG+는/JX+광수/NNG+는/JX+어때요/VA+EF"
          },
          {
            "id": 12,
            "text": "1 : 광수 재밌기만 했었는데 모델 사진 보니까 멋있어 보여서 놀랐어",
            "norm_text": "광수 재밌기만 했었는데 모델 사진 보니까 멋있어 보여서 놀랐어",
            "speaker": {
              "id": "1번",
              "sex": "여성",
              "age": "30대"
            },
            "speechAct": "(단언) 진술하기",
            "morpheme": "광수/NNG+재밌/VA+기/ETN+만/JX+했었/VV+EP+는데/EC+모델/NNG+사진/NNG+보/VV+니까/EC+멋있/VA+어/EC+보여서/VV+EC+놀랐/VV+EP+어/EC"
          },
          {
            "id": 13,
            "text": "2 : 그렇죠? 언니 혹시 런닝맨 본 적은 있으세요?",
            "norm_text": "그렇죠? 언니 혹시 런닝맨 본 적은 있으세요?",
            "speaker": {
              "id": "2번",
              "sex": "여성",
              "age": "20대"
            },
            "speechAct": "(지시) 질문하기",
            "morpheme": "그렇/VA+죠/EF+언니/NNG+혹시/MAG+런닝맨/NNP+본적/NNG+은/JX+있/VA+으세요/EF"
          },
          {
            "id": 14,
            "text": "1 : 초반에 엄청 챙겨 봤었어",
            "norm_text": "초반에 엄청 챙겨 봤었어",
            "speaker": {
              "id": "1번",
              "sex": "여성",
              "age": "30대"
            },
            "speechAct": "(단언) 진술하기",
            "morpheme": "초반/NNG+에/JKB+엄청/MAG+챙겨/VV+EC+봤었/VX+EP+어/EC"
          },
          {
            "id": 15,
            "text": "1 : 월요 커플 너무 좋아해서 키키",
            "norm_text": "월요 커플 너무 좋아해서 키키",
            "speaker": {
              "id": "1번",
              "sex": "여성",
              "age": "30대"
            },
            "speechAct": "(단언) 주장하기",
            "morpheme": "월요/NNG+커플/NNG+너무/MAG+좋/VA+아/EC+해서/VV+EC+키/NNG+키/XSV+ETN"
          },
          {
            "id": 16,
            "text": "2 : 아 저도 강개리 진짜 좋아했어요...",
            "norm_text": "아 저도 강개리 진짜 좋아했어요...",
            "speaker": {
              "id": "2번",
              "sex": "여성",
              "age": "20대"
            },
            "speechAct": "(단언) 진술하기",
            "morpheme": "아/IC+저/MM+도강/NNG+개리/NNG+진짜/MAG+좋/VA+아/EC+했/VX+EP+어요/EF+./SY"
          },
          {
            "id": 17,
            "text": "2 : 언니도 개리 좋아했어요?",
            "norm_text": "언니도 개리 좋아했어요?",
            "speaker": {
              "id": "2번",
              "sex": "여성",
              "age": "20대"
            },
            "speechAct": "(지시) 질문하기",
            "morpheme": "언니/NNG+도/JX+개리/NNG+좋/VA+아/EC+했/VX+EP+어요/EF"
          },
          {
            "id": 18,
            "text": "1 : 너무 스윗해서 좋았었어 키키",
            "norm_text": "너무 스윗해서 좋았었어 키키",
            "speaker": {
              "id": "1번",
              "sex": "여성",
              "age": "30대"
            },
            "speechAct": "(단언) 진술하기",
            "morpheme": "너무/MAG+스윗/NNP+해서/VV+EC+좋/VA+았었/EP+어/EC+키/NNG+키/XSV+ETN"
          },
          {
            "id": 19,
            "text": "1 : 실제는 어떤지 모르겠지만",
            "norm_text": "실제는 어떤지 모르겠지만",
            "speaker": {
              "id": "1번",
              "sex": "여성",
              "age": "30대"
            },
            "speechAct": "(단언) 주장하기",
            "morpheme": "실제/NNG+는/JX+어떤지/VA+EC+모르/VV+겠/EP+지만/EC"
          },
          {
            "id": 20,
            "text": "2 : 저도요",
            "norm_text": "저도요",
            "speaker": {
              "id": "2번",
              "sex": "여성",
              "age": "20대"
            },
            "speechAct": "(단언) 주장하기",
            "morpheme": "저/MM+도요/NNG"
          },
          {
            "id": 21,
            "text": "2 : 런닝맨 나간다고 했을 때 얼마나 슬펐는지 ㅠㅠ",
            "norm_text": "런닝맨 나간다고 했을 때 얼마나 슬펐는지 ㅠㅠ",
            "speaker": {
              "id": "2번",
              "sex": "여성",
              "age": "20대"
            },
            "speechAct": "(단언) 주장하기",
            "morpheme": "런닝맨/NNP+나간다고/VV+EC+했/VX+EP+을/ETM+때/NNG+얼마나/MAG+슬펐/VA+EP+는지/EC+ㅠㅠ/UNKNOWN"
          },
          {
            "id": 22,
            "text": "1 : 맞아... 요즘은 광수 안 나오지?",
            "norm_text": "맞아... 요즘은 광수 안 나오지?",
            "speaker": {
              "id": "1번",
              "sex": "여성",
              "age": "30대"
            },
            "speechAct": "(지시) 질문하기",
            "morpheme": "맞/VV+아/EF+./SY+요즘/NNG+은/JX+광수/NNG+안/MAG+나오/VV+지/EF"
          },
          {
            "id": 23,
            "text": "2 : 네 언니 무한도전은 좋아했어요?",
            "norm_text": "네 언니 무한도전은 좋아했어요?",
            "speaker": {
              "id": "2번",
              "sex": "여성",
              "age": "20대"
            },
            "speechAct": "(지시) 질문하기",
            "morpheme": "네/IC+언니/NNG+무한도전/NNP+은/JX+좋/VA+아/EC+했/VX+EP+어요/EF"
          },
          {
            "id": 24,
            "text": "1 : 무한도전은 너무 추억이야",
            "norm_text": "무한도전은 너무 추억이야",
            "speaker": {
              "id": "1번",
              "sex": "여성",
              "age": "30대"
            },
            "speechAct": "(단언) 주장하기",
            "morpheme": "무한도전/NNP+은/JX+너무/MAG+추억/NNG+이/VCP+야/EC"
          },
          {
            "id": 25,
            "text": "1 : 엄청 그리워~",
            "norm_text": "엄청 그리워~",
            "speaker": {
              "id": "1번",
              "sex": "여성",
              "age": "30대"
            },
            "speechAct": "(단언) 주장하기",
            "morpheme": "엄청/MAG+그리워/VA+EC+~/SY"
          },
          {
            "id": 26,
            "text": "2 : 저도 너무 그리워요~",
            "norm_text": "저도 너무 그리워요~",
            "speaker": {
              "id": "2번",
              "sex": "여성",
              "age": "20대"
            },
            "speechAct": "(단언) 주장하기",
            "morpheme": "저/NP+도/JX+너무/MAG+그리워/VA+EC+요/JX+~/SY"
          },
          {
            "id": 27,
            "text": "1 : 다시  보고 싶다.",
            "norm_text": "다시  보고 싶다.",
            "speaker": {
              "id": "1번",
              "sex": "여성",
              "age": "30대"
            },
            "speechAct": "(단언) 주장하기",
            "morpheme": "다시/MAG+보/VV+고/EC+싶/VX+다/EF"
          }
        ]
      }
    }
  ]
}