{
  "dataset": {
    "identifier": 16624,
    "name": "NATEON_22_08_set",
    "src_path": "/data/file/cubeManager/PROJECT001/7/txt20210826181651051482/NATEON_22_08_set/",
    "label_path": "/data/file/cubeManager/PROJECT001/7/txt20210826181651051482/NATEON_22_08_set/",
    "category": 2,
    "type": 0
  },
  "licenses": {
    "name": "Apache License 1.0",
    "url": "http://www.apache.org/licenses/LICENSE-1.0"
  },
  "info": [
    {
      "id": 747,
      "filename": "NATEON_22_08.txt",
      "title": "NATEON_22_08",
      "mediatype": "메신저",
      "medianame": "네이트온",
      "category": "일상대화",
      "date": "2021-08-26",
      "size": 892,
      "annotations": {
        "subject": "연애/결혼",
        "speaker_type": "1:1",
        "size": 892,
        "word_size": 260,
        "text": "1 : 독박 육아라고 하던가?\n1 : 어떻게 생각해?\n2 : 저는 이게 좋고 안 좋고의 문제인지는 모르겠지만 진짜 안 좋다고 생각해요.\n2 : 아이 육아는 둘이서 같이 해야 된다고 생각하거든요...ㅠㅠ\n1 : 나도 그렇게는 생각하는데 출산을 하고 한쪽이 육아 휴직을 하게 되면 주중에는 독박 육아라는 게 너무 자연스러운 흐름인 거 같아.\n2 : 그렇죠 아무래도 현실적으로는 그런 것 같아요.\n2 : 근데 이제 노력의 차이일 수도 있다고 생각해요\n2 : 정확하게 반반으로 나눠서 할 수 있는 문제는 아니기 때문에 같이 육아하려는 노력이 보인다면 괜찮은 것 같아요\n1 : 주변에 결혼하고 혼자서 육아를 도맡아 하는 친구가 있니?\n2 : 아니요 아직은 주변에 결혼 자체를 한 친구가 없어서 없어요.\n2 : 친구의 친구 이야기를 듣기는 했어요.\n1 : 어떤 이야기를 들었었어?\n2 : 아기를 갖고 집에서 전업주부로 지낸다는 이야기요.\n2 : 근데 뭐 그쪽은 본인이 원해서 하는 것 같아서 문제는 없는 것 같더라고요.\n1 : 다행이다  내 친구는 본인이 원해서 전업주부를 하는 건데도 스트레스를 너무 많이 받더라구...\n2 : 저는 친구의 친구 이야기라서 걸러들어서 그럴지도 몰라요.하하\n2 : 사실 아이 키운다는 게 보통 힘든 게 아니잖아요.\n1 : 맞아 맞아. 너는 결혼에 대해서는 어떻게 생각해?\n2 : 저는 하는 사람들은 좋다고 생각하지만 제가 저 스스로한테 결혼하는 거에 대해서는 조금 의문이 들어요.\n2 : 별로 하고 싶지 않아요.\n1 : 어떤 점에서 의문이 들었던 거야?\n2 : 음 꼭 결혼을 해야만 하는가 하는 의문이라고 해야 하나.\n2 : 연애만 하는 건 어떨까 하는 그런 의문이요 하하\n1 : 친구 중에 연애만 하는 친구도 있어 키키\n1 : 결혼은 선택 연애는 필수라잖아~\n2 : 키키 노래 가사로도 있는 거 보면 명언인가 봐요.",
        "lines": [
          {
            "id": 1,
            "text": "1 : 독박 육아라고 하던가?",
            "norm_text": "독박 육아라고 하던가?",
            "speaker": {
              "id": "1번",
              "sex": "여성",
              "age": "30대"
            },
            "speechAct": "(지시) 질문하기",
            "morpheme": "독박/NNG+육아/NNG+라고/VCP+EC+하/VX+던가/EF"
          },
          {
            "id": 2,
            "text": "1 : 어떻게 생각해?",
            "norm_text": "어떻게 생각해?",
            "speaker": {
              "id": "1번",
              "sex": "여성",
              "age": "30대"
            },
            "speechAct": "(지시) 질문하기",
            "morpheme": "어떻게/MAG+생각/NNG+해/XSV+EF"
          },
          {
            "id": 3,
            "text": "2 : 저는 이게 좋고 안 좋고의 문제인지는 모르겠지만 진짜 안 좋다고 생각해요.",
            "norm_text": "저는 이게 좋고 안 좋고의 문제인지는 모르겠지만 진짜 안 좋다고 생각해요.",
            "speaker": {
              "id": "2번",
              "sex": "여성",
              "age": "20대"
            },
            "speechAct": "(단언) 주장하기",
            "morpheme": "저/NP+는/JX+이게/NP+JKS+좋/VA+고/EC+안/MAG+좋/VA+고/EC+의/JKG+문제/NNG+인지/VCP+EC+는/JX+모르/VV+겠/EP+지만/EC+진짜/MAG+안/MAG+좋/VA+다고/EC+생각/NNG+해요/XSV+EF"
          },
          {
            "id": 4,
            "text": "2 : 아이 육아는 둘이서 같이 해야 된다고 생각하거든요...ㅠㅠ",
            "norm_text": "아이 육아는 둘이서 같이 해야 된다고 생각하거든요...ㅠㅠ",
            "speaker": {
              "id": "2번",
              "sex": "여성",
              "age": "20대"
            },
            "speechAct": "(단언) 주장하기",
            "morpheme": "아이/IC+육아/NNG+는/JX+둘/NR+이/XSN+서/JKS+같이/MAG+해야/VV+EC+된다고/VV+EC+생각/NNG+하/XSA+거든요/EF+./SY+ㅠㅠ/UNKNOWN"
          },
          {
            "id": 5,
            "text": "1 : 나도 그렇게는 생각하는데 출산을 하고 한쪽이 육아 휴직을 하게 되면 주중에는 독박 육아라는 게 너무 자연스러운 흐름인 거 같아.",
            "norm_text": "나도 그렇게는 생각하는데 출산을 하고 한쪽이 육아 휴직을 하게 되면 주중에는 독박 육아라는 게 너무 자연스러운 흐름인 거 같아.",
            "speaker": {
              "id": "1번",
              "sex": "여성",
              "age": "30대"
            },
            "speechAct": "(단언) 주장하기",
            "morpheme": "나/NP+도/JX+그렇게/MAG+는/JX+생각/NNG+하/XSV+는/ETM+데/NNB+출산/NNG+을/JKO+하/VV+고/EC+한쪽/NNG+이/JKS+육아/NNG+휴직/NNG+을/JKO+하/VV+게/EC+되/VV+면/EC+주/VX+중/NNB+에/JKB+는/JX+독박/NNG+육아/NNG+라는/VCP+ETM+게/NNB+JKS+너무/MAG+자연/NNG+스러운/XSA+ETM+흐름/NNG+인/VCP+ETM+거/NNB+같/VA+아/EF"
          },
          {
            "id": 6,
            "text": "2 : 그렇죠 아무래도 현실적으로는 그런 것 같아요.",
            "norm_text": "그렇죠 아무래도 현실적으로는 그런 것 같아요.",
            "speaker": {
              "id": "2번",
              "sex": "여성",
              "age": "20대"
            },
            "speechAct": "(단언) 진술하기",
            "morpheme": "그렇/VA+죠/EF+아무래도/MAG+현실/NNG+적/XSN+으로/JKB+는/JX+그런/MM+것/NNB+같/VA+아요/EF"
          },
          {
            "id": 7,
            "text": "2 : 근데 이제 노력의 차이일 수도 있다고 생각해요",
            "norm_text": "근데 이제 노력의 차이일 수도 있다고 생각해요",
            "speaker": {
              "id": "2번",
              "sex": "여성",
              "age": "20대"
            },
            "speechAct": "(단언) 주장하기",
            "morpheme": "근데/MAJ+이제/MAG+노력/NNG+의/JKG+차이/NNG+일/VCP+ETM+수/NNB+도/JX+있/VA+다고/EC+생각/NNG+해요/XSV+EC"
          },
          {
            "id": 8,
            "text": "2 : 정확하게 반반으로 나눠서 할 수 있는 문제는 아니기 때문에 같이 육아하려는 노력이 보인다면 괜찮은 것 같아요",
            "norm_text": "정확하게 반반으로 나눠서 할 수 있는 문제는 아니기 때문에 같이 육아하려는 노력이 보인다면 괜찮은 것 같아요",
            "speaker": {
              "id": "2번",
              "sex": "여성",
              "age": "20대"
            },
            "speechAct": "(단언) 주장하기",
            "morpheme": "정확/NNG+하/XSV+게/EC+반반/NNG+으로/JKB+나눠서/VV+EC+할/VX+ETM+수/NNB+있/VV+는/ETM+문제/NNG+는/JX+아니/VCN+기/ETN+때문/NNB+에/JKB+같이/MAG+육아/NNG+하/XSV+려는/ETM+노력/NNG+이/JKS+보인다면/VV+EC+괜찮/VA+은/ETM+것/NNB+같/VA+아요/EC"
          },
          {
            "id": 9,
            "text": "1 : 주변에 결혼하고 혼자서 육아를 도맡아 하는 친구가 있니?",
            "norm_text": "주변에 결혼하고 혼자서 육아를 도맡아 하는 친구가 있니?",
            "speaker": {
              "id": "1번",
              "sex": "여성",
              "age": "30대"
            },
            "speechAct": "(지시) 질문하기",
            "morpheme": "주변/NNG+에/JKB+결혼/NNG+하/XSV+고/EC+혼자/NNG+서/JKB+육아/NNG+를/JKO+도맡/VV+아/EC+하/VV+는/ETM+친구/NNG+가/JKS+있/VA+니/EF"
          },
          {
            "id": 10,
            "text": "2 : 아니요 아직은 주변에 결혼 자체를 한 친구가 없어서 없어요.",
            "norm_text": "아니요 아직은 주변에 결혼 자체를 한 친구가 없어서 없어요.",
            "speaker": {
              "id": "2번",
              "sex": "여성",
              "age": "20대"
            },
            "speechAct": "(단언) 진술하기",
            "morpheme": "아니요/IC+아직/MAG+은/JX+주변/NNG+에/JKB+결혼/NNG+자체/NNG+를/JKO+한/VV+ETM+친구/NNG+가/JKS+없/VA+어서/EC+없/VA+어요/EF"
          },
          {
            "id": 11,
            "text": "2 : 친구의 친구 이야기를 듣기는 했어요.",
            "norm_text": "친구의 친구 이야기를 듣기는 했어요.",
            "speaker": {
              "id": "2번",
              "sex": "여성",
              "age": "20대"
            },
            "speechAct": "(단언) 진술하기",
            "morpheme": "친구/NNG+의/JKG+친구/NNG+이야기/NNG+를/JKO+듣/VV+기/ETN+는/JX+했/VV+EP+어요/EF"
          },
          {
            "id": 12,
            "text": "1 : 어떤 이야기를 들었었어?",
            "norm_text": "어떤 이야기를 들었었어?",
            "speaker": {
              "id": "1번",
              "sex": "여성",
              "age": "30대"
            },
            "speechAct": "(지시) 질문하기",
            "morpheme": "어떤/MM+이야기/NNG+를/JKO+들/VV+었었/EP+어/EF"
          },
          {
            "id": 13,
            "text": "2 : 아기를 갖고 집에서 전업주부로 지낸다는 이야기요.",
            "norm_text": "아기를 갖고 집에서 전업주부로 지낸다는 이야기요.",
            "speaker": {
              "id": "2번",
              "sex": "여성",
              "age": "20대"
            },
            "speechAct": "(단언) 진술하기",
            "morpheme": "아기/NNG+를/JKO+갖/VV+고/EC+집/NNG+에서/JKB+전업주부/NNG+로/JKB+지낸다는/VV+ETM+이야기/NNG+요/JX"
          },
          {
            "id": 14,
            "text": "2 : 근데 뭐 그쪽은 본인이 원해서 하는 것 같아서 문제는 없는 것 같더라고요.",
            "norm_text": "근데 뭐 그쪽은 본인이 원해서 하는 것 같아서 문제는 없는 것 같더라고요.",
            "speaker": {
              "id": "2번",
              "sex": "여성",
              "age": "20대"
            },
            "speechAct": "(단언) 진술하기",
            "morpheme": "근데/MAJ+뭐/IC+그쪽/NP+은/JX+본인/NNG+이/JKS+원해서/VV+EC+하/VV+는/ETM+것/NNB+같/VA+아서/EC+문제/NNG+는/JX+없/VA+는/ETM+것/NNB+같/VA+더라고요/EF"
          },
          {
            "id": 15,
            "text": "1 : 다행이다  내 친구는 본인이 원해서 전업주부를 하는 건데도 스트레스를 너무 많이 받더라구...",
            "norm_text": "다행이다  내 친구는 본인이 원해서 전업주부를 하는 건데도 스트레스를 너무 많이 받더라구...",
            "speaker": {
              "id": "1번",
              "sex": "여성",
              "age": "30대"
            },
            "speechAct": "(단언) 진술하기",
            "morpheme": "다행/NNG+이/VCP+다/EF+내/NP+JKG+친구/NNG+는/JX+본인/NNG+이/JKS+원해서/VV+EC+전업주부/NNG+를/JKO+하/VV+는/ETM+건데/NNB+VCP+EC+도/JX+스트레스/NNG+를/JKO+너무/MAG+많이/MAG+받/VV+더라구/EF+./SY"
          },
          {
            "id": 16,
            "text": "2 : 저는 친구의 친구 이야기라서 걸러들어서 그럴지도 몰라요.하하",
            "norm_text": "저는 친구의 친구 이야기라서 걸러들어서 그럴지도 몰라요.하하",
            "speaker": {
              "id": "2번",
              "sex": "여성",
              "age": "20대"
            },
            "speechAct": "(단언) 진술하기",
            "morpheme": "저/NP+는/JX+친구/NNG+의/JKG+친구/NNG+이야기/NNG+라서/VCP+EC+걸러/VV+EC+들/VV+어서/EC+그럴지/VV+EC+도/JX+몰라요/VV+EF+하하/MAG"
          },
          {
            "id": 17,
            "text": "2 : 사실 아이 키운다는 게 보통 힘든 게 아니잖아요.",
            "norm_text": "사실 아이 키운다는 게 보통 힘든 게 아니잖아요.",
            "speaker": {
              "id": "2번",
              "sex": "여성",
              "age": "20대"
            },
            "speechAct": "(단언) 진술하기",
            "morpheme": "사실/MAG+아이/NNG+키운다는/VV+ETM+게/NNB+JKS+보통/NNG+힘든/VA+ETM+게/NNB+JKC+아니/VCN+잖아요/EC+VX+EF"
          },
          {
            "id": 18,
            "text": "1 : 맞아 맞아. 너는 결혼에 대해서는 어떻게 생각해?",
            "norm_text": "맞아 맞아. 너는 결혼에 대해서는 어떻게 생각해?",
            "speaker": {
              "id": "1번",
              "sex": "여성",
              "age": "30대"
            },
            "speechAct": "(지시) 질문하기",
            "morpheme": "맞/VV+아/EC+맞/VV+아/EF+너/NP+는/JX+결혼/NNG+에/JKB+대해서/VV+EC+는/JX+어떻게/MAG+생각/NNG+해/XSV+EF"
          },
          {
            "id": 19,
            "text": "2 : 저는 하는 사람들은 좋다고 생각하지만 제가 저 스스로한테 결혼하는 거에 대해서는 조금 의문이 들어요.",
            "norm_text": "저는 하는 사람들은 좋다고 생각하지만 제가 저 스스로한테 결혼하는 거에 대해서는 조금 의문이 들어요.",
            "speaker": {
              "id": "2번",
              "sex": "여성",
              "age": "20대"
            },
            "speechAct": "(단언) 주장하기",
            "morpheme": "저/NP+는/JX+하/VV+는/ETM+사람/NNG+들/XSN+은/JX+좋/VA+다고/EC+생각/NNG+하/XSV+지만/EC+제/NP+가/JKS+저/MM+스스로/NNG+한테/JKB+결혼/NNG+하/XSV+는/ETM+거/NNB+에/JKB+대해서/VV+EC+는/JX+조금/NNG+의/JKG+문/NNG+이/JKS+들/VV+어요/EF"
          },
          {
            "id": 20,
            "text": "2 : 별로 하고 싶지 않아요.",
            "norm_text": "별로 하고 싶지 않아요.",
            "speaker": {
              "id": "2번",
              "sex": "여성",
              "age": "20대"
            },
            "speechAct": "(단언) 주장하기",
            "morpheme": "별로/MAG+하/VV+고/EC+싶/VX+지/EC+않/VX+아요/EF"
          },
          {
            "id": 21,
            "text": "1 : 어떤 점에서 의문이 들었던 거야?",
            "norm_text": "어떤 점에서 의문이 들었던 거야?",
            "speaker": {
              "id": "1번",
              "sex": "여성",
              "age": "30대"
            },
            "speechAct": "(지시) 질문하기",
            "morpheme": "어떤/MM+점/NNG+에서/JKB+의/JKG+문/NNG+이/JKS+들/VV+었/EP+던/ETM+거/NNB+야/VCP+EF"
          },
          {
            "id": 22,
            "text": "2 : 음 꼭 결혼을 해야만 하는가 하는 의문이라고 해야 하나.",
            "norm_text": "음 꼭 결혼을 해야만 하는가 하는 의문이라고 해야 하나.",
            "speaker": {
              "id": "2번",
              "sex": "여성",
              "age": "20대"
            },
            "speechAct": "(단언) 진술하기",
            "morpheme": "음/IC+꼭/MAG+결혼/NNG+을/JKO+해야/VV+EC+만/JX+하/VV+는가/EC+하/VV+는/ETM+의문/NNG+이/VCP+라고/EC+해야/VV+EC+하나/NR"
          },
          {
            "id": 23,
            "text": "2 : 연애만 하는 건 어떨까 하는 그런 의문이요 하하",
            "norm_text": "연애만 하는 건 어떨까 하는 그런 의문이요 하하",
            "speaker": {
              "id": "2번",
              "sex": "여성",
              "age": "20대"
            },
            "speechAct": "(단언) 진술하기",
            "morpheme": "연애/NNG+만/JX+하/VV+는/ETM+건/NNB+JX+어떨까/VA+EC+하/VV+는/ETM+그런/MM+의문/NNG+이/JKS+요하/NNG+하/XSV"
          },
          {
            "id": 24,
            "text": "1 : 친구 중에 연애만 하는 친구도 있어 키키",
            "norm_text": "친구 중에 연애만 하는 친구도 있어 키키",
            "speaker": {
              "id": "1번",
              "sex": "여성",
              "age": "30대"
            },
            "speechAct": "(단언) 진술하기",
            "morpheme": "친구/NNG+중/NNB+에/JKB+연애/NNG+만/JX+하/VV+는/ETM+친구/NNG+도/JX+있/VA+어/EC+키/NNG+키/XSV+ETN"
          },
          {
            "id": 25,
            "text": "1 : 결혼은 선택 연애는 필수라잖아~",
            "norm_text": "결혼은 선택 연애는 필수라잖아~",
            "speaker": {
              "id": "1번",
              "sex": "여성",
              "age": "30대"
            },
            "speechAct": "(단언) 주장하기",
            "morpheme": "결혼/NNG+은/JX+선택/NNG+연애/NNG+는/JX+필수/NNG+라/VCP+EC+잖아/VCP+EC+VX+EC+~/SY"
          },
          {
            "id": 26,
            "text": "2 : 키키 노래 가사로도 있는 거 보면 명언인가 봐요.",
            "norm_text": "키키 노래 가사로도 있는 거 보면 명언인가 봐요.",
            "speaker": {
              "id": "2번",
              "sex": "여성",
              "age": "20대"
            },
            "speechAct": "(단언) 진술하기",
            "morpheme": "키/NNG+키/NNG+노래/NNG+가/JKS+사로/VV+도/EC+있/VX+는/ETM+거/NNB+보/VV+면/EC+명언/NNG+인가/VCP+EC+봐요/VX+EF"
          }
        ]
      }
    }
  ]
}