{
  "dataset": {
    "identifier": 124167,
    "name": "NATEON_45_19_set",
    "src_path": "/data/file/cubeManager/PROJECT001/84/txt20211105113423097239/NATEON_45_19_set/",
    "label_path": "/data/file/cubeManager/PROJECT001/84/txt20211105113423097239/NATEON_45_19_set/",
    "category": 2,
    "type": 0
  },
  "licenses": {
    "name": "Apache License 1.0",
    "url": "http://www.apache.org/licenses/LICENSE-1.0"
  },
  "info": [
    {
      "id": 138914,
      "filename": "NATEON_45_19.txt",
      "title": "NATEON_45_19",
      "mediatype": "메신저",
      "medianame": "네이트온",
      "category": "일상대화",
      "date": "2021-11-05",
      "size": 438,
      "annotations": {
        "subject": "방송/연예",
        "speaker_type": "다자간 대화",
        "size": 438,
        "word_size": 150,
        "text": "1 : 너희 이것은 실화다 봐?\n2 : 하하 알다시피 제가 티비를 잘 안 봐서... 머쓱\n3 : 그거 재연 드라마 아니야?\n1 : 이거 엄마 보고 있는데 재밌네 키키\n2 : 키키 아 다큐 그런 거 아니고 드라마야?\n3 : 그냥 킬링 타임용으로 좋아\n1 : 응 다큐는 아니고 실제 법정 이야기를 재연하는 거야\n2 : 아 법정 이야기 재연?\n2 : 오 괜찮은데 그런 거 좋아해 키키\n3 : 그래서 보면서 막 욕하잖아 키키\n1 : 맞아 엄마 옆에서 계속 욕해 키키\n2 : 키키 맞아 보면 화 나서 욕하면서 본다고 키키\n3 : 나는 예전부터 재연 드라마가 재밌더라 키키\n1 : 응 실화 바탕으로 한 게 재밌어\n2 : 맞아 영화도 실화로 만든 거 재밌잖아\n3 : 응 뭐든 실화가 있으면 몰입력 쩔어\n1 : 키키 그건 완전 맞는 말이다\n2 : 맞아 뭔가 실화라고 하면 헐? 하면서 본다고 키키\n3 : 응 하하 그게 훨씬 재밌지",
        "lines": [
          {
            "id": 1,
            "text": "1 : 너희 이것은 실화다 봐?",
            "norm_text": "너희 이것은 실화다 봐?",
            "speaker": {
              "id": "1번",
              "sex": "여성",
              "age": "20대"
            },
            "speechAct": "(지시) 질문하기",
            "morpheme": "너희/NP+이것/NP+은/JX+실화/NNG+다/VCP+EC+봐/VX+EF"
          },
          {
            "id": 2,
            "text": "2 : 하하 알다시피 제가 티비를 잘 안 봐서... 머쓱",
            "norm_text": "하하 알다시피 제가 티비를 잘 안 봐서... 머쓱",
            "speaker": {
              "id": "2번",
              "sex": "여성",
              "age": "20대"
            },
            "speechAct": "(단언) 진술하기",
            "morpheme": "하하/MAG+알/VV+다시피/EC+제/NP+가/JKS+티비/NNG+를/JKO+잘/MAG+안/MAG+봐서/VV+EF+./SY+머쓱/XR"
          },
          {
            "id": 3,
            "text": "3 : 그거 재연 드라마 아니야?",
            "norm_text": "그거 재연 드라마 아니야?",
            "speaker": {
              "id": "3번",
              "sex": "남성",
              "age": "20대"
            },
            "speechAct": "(단언) 주장하기",
            "morpheme": "그거/NP+재연/NNG+드라마/NNG+아니/VCN+야/EF"
          },
          {
            "id": 4,
            "text": "1 : 이거 엄마 보고 있는데 재밌네 키키",
            "norm_text": "이거 엄마 보고 있는데 재밌네 키키",
            "speaker": {
              "id": "1번",
              "sex": "여성",
              "age": "20대"
            },
            "speechAct": "(단언) 주장하기",
            "morpheme": "이거/NP+엄마/NNG+보/VV+고/EC+있/VX+는/ETM+데/NNB+재밌/VA+네/EF+키/NNG+키/XSV+ETN"
          },
          {
            "id": 5,
            "text": "2 : 키키 아 다큐 그런 거 아니고 드라마야?",
            "norm_text": "키키 아 다큐 그런 거 아니고 드라마야?",
            "speaker": {
              "id": "2번",
              "sex": "여성",
              "age": "20대"
            },
            "speechAct": "(지시) 질문하기",
            "morpheme": "키/NNG+키/VV+아/EC+다큐/NNG+그런/MM+거/NNB+아니/VCN+고/EC+드라마/NNG+야/VCP+EF"
          },
          {
            "id": 6,
            "text": "3 : 그냥 킬링 타임용으로 좋아",
            "norm_text": "그냥 킬링 타임용으로 좋아",
            "speaker": {
              "id": "3번",
              "sex": "남성",
              "age": "20대"
            },
            "speechAct": "(단언) 주장하기",
            "morpheme": "그냥/MAG+킬링/NNP+타임/NNG+용/XSN+으로/JKB+좋/VA+아/EC"
          },
          {
            "id": 7,
            "text": "1 : 응 다큐는 아니고 실제 법정 이야기를 재연하는 거야",
            "norm_text": "응 다큐는 아니고 실제 법정 이야기를 재연하는 거야",
            "speaker": {
              "id": "1번",
              "sex": "여성",
              "age": "20대"
            },
            "speechAct": "(단언) 진술하기",
            "morpheme": "응/IC+다큐/NNG+는/JX+아니/VCN+고/EC+실제/NNG+법정/NNG+이야기/NNG+를/JKO+재연/NNG+하/XSV+는/ETM+거/NNB+야/VCP+EF"
          },
          {
            "id": 8,
            "text": "2 : 아 법정 이야기 재연?",
            "norm_text": "아 법정 이야기 재연?",
            "speaker": {
              "id": "2번",
              "sex": "여성",
              "age": "20대"
            },
            "speechAct": "(지시) 질문하기",
            "morpheme": "아/IC+법정/NNG+이야기/NNG+재연/NNG"
          },
          {
            "id": 9,
            "text": "2 : 오 괜찮은데 그런 거 좋아해 키키",
            "norm_text": "오 괜찮은데 그런 거 좋아해 키키",
            "speaker": {
              "id": "2번",
              "sex": "여성",
              "age": "20대"
            },
            "speechAct": "(단언) 주장하기",
            "morpheme": "오/NR+괜찮/VA+은데/EC+그런/MM+거/NNB+좋/VA+아/EC+해/VV+EC+키/NNG+키/XSV+ETN"
          },
          {
            "id": 10,
            "text": "3 : 그래서 보면서 막 욕하잖아 키키",
            "norm_text": "그래서 보면서 막 욕하잖아 키키",
            "speaker": {
              "id": "3번",
              "sex": "남성",
              "age": "20대"
            },
            "speechAct": "(단언) 주장하기",
            "morpheme": "그래서/MAJ+보/VV+면서/EC+막/NNG+욕/NNG+하/XSV+잖아/EC+키/NNG+키/XSV+ETN"
          },
          {
            "id": 11,
            "text": "1 : 맞아 엄마 옆에서 계속 욕해 키키",
            "norm_text": "맞아 엄마 옆에서 계속 욕해 키키",
            "speaker": {
              "id": "1번",
              "sex": "여성",
              "age": "20대"
            },
            "speechAct": "(단언) 진술하기",
            "morpheme": "맞/VV+아/EC+엄마/NNG+옆/NNG+에서/JKB+계속/MAG+욕해/VV+EC+키/NNG+키/XSV+ETN"
          },
          {
            "id": 12,
            "text": "2 : 키키 맞아 보면 화 나서 욕하면서 본다고 키키",
            "norm_text": "키키 맞아 보면 화 나서 욕하면서 본다고 키키",
            "speaker": {
              "id": "2번",
              "sex": "여성",
              "age": "20대"
            },
            "speechAct": "(단언) 주장하기",
            "morpheme": "키/NNG+키/XSV+ETN+맞/VV+아/EC+보/VX+면/EC+화나/VV+서/EC+욕하/VV+면서/EC+본다고/VX+EC+키/NNG+키/XSV+ETN"
          },
          {
            "id": 13,
            "text": "3 : 나는 예전부터 재연 드라마가 재밌더라 키키",
            "norm_text": "나는 예전부터 재연 드라마가 재밌더라 키키",
            "speaker": {
              "id": "3번",
              "sex": "남성",
              "age": "20대"
            },
            "speechAct": "(단언) 진술하기",
            "morpheme": "나/NP+는/JX+예전/NNG+부터/JX+재연/NNG+드라마/NNG+가/JKS+재밌/VA+더라/EC+키/NNG+키/XSV+ETN"
          },
          {
            "id": 14,
            "text": "1 : 응 실화 바탕으로 한 게 재밌어",
            "norm_text": "응 실화 바탕으로 한 게 재밌어",
            "speaker": {
              "id": "1번",
              "sex": "여성",
              "age": "20대"
            },
            "speechAct": "(단언) 주장하기",
            "morpheme": "응/IC+실화/NNG+바탕/NNG+으로/JKB+한/VV+ETM+게/NNB+JKS+재밌/VA+어/EC"
          },
          {
            "id": 15,
            "text": "2 : 맞아 영화도 실화로 만든 거 재밌잖아",
            "norm_text": "맞아 영화도 실화로 만든 거 재밌잖아",
            "speaker": {
              "id": "2번",
              "sex": "여성",
              "age": "20대"
            },
            "speechAct": "(단언) 주장하기",
            "morpheme": "맞/VV+아/EC+영화/NNG+도/JX+실화/NNG+로/JKB+만든/VV+ETM+거/NNB+재밌/VA+잖아/EC"
          },
          {
            "id": 16,
            "text": "3 : 응 뭐든 실화가 있으면 몰입력 쩔어",
            "norm_text": "응 뭐든 실화가 있으면 몰입력 쩔어",
            "speaker": {
              "id": "3번",
              "sex": "남성",
              "age": "20대"
            },
            "speechAct": "(단언) 주장하기",
            "morpheme": "응/IC+뭐/IC+든/VV+ETM+실화/NNG+가/JKS+있/VA+으면/EC+몰입/NNG+력/XSN+쩔/VA+어/EC"
          },
          {
            "id": 17,
            "text": "1 : 키키 그건 완전 맞는 말이다",
            "norm_text": "키키 그건 완전 맞는 말이다",
            "speaker": {
              "id": "1번",
              "sex": "여성",
              "age": "20대"
            },
            "speechAct": "(단언) 주장하기",
            "morpheme": "키/NNG+키/XSV+ETN+그건/NP+JX+완전/MAG+맞/VV+는/ETM+말/NNG+이/VCP+다/EC"
          },
          {
            "id": 18,
            "text": "2 : 맞아 뭔가 실화라고 하면 헐? 하면서 본다고 키키",
            "norm_text": "맞아 뭔가 실화라고 하면 헐? 하면서 본다고 키키",
            "speaker": {
              "id": "2번",
              "sex": "여성",
              "age": "20대"
            },
            "speechAct": "(단언) 주장하기",
            "morpheme": "맞/VV+아/EC+뭔가/NP+VCP+EC+실화/NNG+라고/VCP+EC+하/VV+면/EC+헐/VX+ETM+하/VV+면서/EC+본다고/VX+EC+키/NNG+키/XSV+ETN"
          },
          {
            "id": 19,
            "text": "3 : 응 하하 그게 훨씬 재밌지",
            "norm_text": "응 하하 그게 훨씬 재밌지",
            "speaker": {
              "id": "3번",
              "sex": "남성",
              "age": "20대"
            },
            "speechAct": "(단언) 주장하기",
            "morpheme": "응/IC+하하/MAG+그게/NP+JKS+훨씬/MAG+재밌/VA+지/EC"
          }
        ]
      }
    }
  ]
}