{
  "dataset": {
    "identifier": 117482,
    "name": "NATEON_29_14_set",
    "src_path": "/data/file/cubeManager/PROJECT001/80/txt202111021038510829100/NATEON_29_14_set/",
    "label_path": "/data/file/cubeManager/PROJECT001/80/txt202111021038510829100/NATEON_29_14_set/",
    "category": 2,
    "type": 0
  },
  "licenses": {
    "name": "Apache License 1.0",
    "url": "http://www.apache.org/licenses/LICENSE-1.0"
  },
  "info": [
    {
      "id": 129877,
      "filename": "NATEON_29_14.txt",
      "title": "NATEON_29_14",
      "mediatype": "메신저",
      "medianame": "네이트온",
      "category": "일상대화",
      "date": "2021-11-02",
      "size": 442,
      "annotations": {
        "subject": "사회이슈",
        "speaker_type": "다자간 대화",
        "size": 442,
        "word_size": 146,
        "text": "1 : 의료진 부스터샷 맞기로 했다면서?\n2 : 아 진짜?\n2 : 의료진이 항상 먼저 고생이네 ㅠㅠ\n3 : 응 내 동생도 간호산데 신청 받더라\n1 : 응,, 아무래도 많이 노출 되 있어서\n2 : 그거 근데 맞아도 안전 한 거는 맞아? ㅠㅠ\n3 : 그건 그렇지... 노고가 많아\n1 : 응 그래도 인증 받은 거니까\n2 : 부스터샷은 젊은 사람들한테 안 좋다는 말이 너무 많아서 ㅠㅠ\n3 : 아직 불안해 하는 사람들이 많더라\n1 : 그래서 의료진들이 먼저 맞는 거 아닐까?\n2 : 그러니까 ㅠㅠ 난 그거 아직 맞기엔 좀 무서워...\n3 : 의료진들이 항상 고생 많으신 거 같아\n1 : 맞아... 항상 고마움을 많이 느끼지\n2 : 맞아 이런 거 보면 감사하고 미안하고 ㅠㅠ\n3 : 응 난 그래서 항상 인사 드려\n1 : 맞아 이 기회에 더 감사함을 느끼네\n2 : 응 나도 이번에 많이 느꼈어 ㅠㅠ\n3 : 우리 더 나아지기를 바라자",
        "lines": [
          {
            "id": 1,
            "text": "1 : 의료진 부스터샷 맞기로 했다면서?",
            "norm_text": "의료진 부스터샷 맞기로 했다면서?",
            "speaker": {
              "id": "1번",
              "sex": "여성",
              "age": "20대"
            },
            "speechAct": "(지시) 질문하기",
            "morpheme": "의료진/NNG+부스터/NNG+샷/NNG+맞/VV+기/ETN+로/JKB+했/VV+EP+다면서/EF"
          },
          {
            "id": 2,
            "text": "2 : 아 진짜?",
            "norm_text": "아 진짜?",
            "speaker": {
              "id": "2번",
              "sex": "여성",
              "age": "20대"
            },
            "speechAct": "턴토크 사인(관습적 반응)",
            "morpheme": "아/IC+진짜/MAG"
          },
          {
            "id": 3,
            "text": "2 : 의료진이 항상 먼저 고생이네 ㅠㅠ",
            "norm_text": "의료진이 항상 먼저 고생이네 ㅠㅠ",
            "speaker": {
              "id": "2번",
              "sex": "여성",
              "age": "20대"
            },
            "speechAct": "(단언) 주장하기",
            "morpheme": "의료진/NNG+이/JKS+항상/MAG+먼저/MAG+고생/NNG+이/VCP+네/EF+ㅠㅠ/UNKNOWN"
          },
          {
            "id": 4,
            "text": "3 : 응 내 동생도 간호산데 신청 받더라",
            "norm_text": "응 내 동생도 간호산데 신청 받더라",
            "speaker": {
              "id": "3번",
              "sex": "남성",
              "age": "20대"
            },
            "speechAct": "(단언) 진술하기",
            "morpheme": "응/IC+내/NP+JKG+동생/NNG+도/JX+간호산데/NNG+VCP+EC+신청/NNG+받/VV+더라/EC"
          },
          {
            "id": 5,
            "text": "1 : 응,, 아무래도 많이 노출 되 있어서",
            "norm_text": "응,, 아무래도 많이 노출 되 있어서",
            "speaker": {
              "id": "1번",
              "sex": "여성",
              "age": "20대"
            },
            "speechAct": "(단언) 주장하기",
            "morpheme": "응/IC+,/SC+,/SC+아무래도/MAG+많이/MAG+노출/NNG+되/XSV+EC+있/VX+어서/EC"
          },
          {
            "id": 6,
            "text": "2 : 그거 근데 맞아도 안전 한 거는 맞아? ㅠㅠ",
            "norm_text": "그거 근데 맞아도 안전 한 거는 맞아? ㅠㅠ",
            "speaker": {
              "id": "2번",
              "sex": "여성",
              "age": "20대"
            },
            "speechAct": "(지시) 질문하기",
            "morpheme": "그거/NP+근데/MAJ+맞/VV+아도/EC+안전/NNG+한/XSA+ETM+거/NNB+는/JX+맞/VV+아/EF+ㅠㅠ/UNKNOWN"
          },
          {
            "id": 7,
            "text": "3 : 그건 그렇지... 노고가 많아",
            "norm_text": "그건 그렇지... 노고가 많아",
            "speaker": {
              "id": "3번",
              "sex": "남성",
              "age": "20대"
            },
            "speechAct": "(단언) 주장하기",
            "morpheme": "그건/NP+JX+그렇/VA+지/EF+./SY+노고/NNG+가/JKS+많/VA+아/EC"
          },
          {
            "id": 8,
            "text": "1 : 응 그래도 인증 받은 거니까",
            "norm_text": "응 그래도 인증 받은 거니까",
            "speaker": {
              "id": "1번",
              "sex": "여성",
              "age": "20대"
            },
            "speechAct": "(단언) 주장하기",
            "morpheme": "응/IC+그래도/MAJ+인증/NNG+받/VV+은/ETM+거/NNB+니까/VCP+EC"
          },
          {
            "id": 9,
            "text": "2 : 부스터샷은 젊은 사람들한테 안 좋다는 말이 너무 많아서 ㅠㅠ",
            "norm_text": "부스터샷은 젊은 사람들한테 안 좋다는 말이 너무 많아서 ㅠㅠ",
            "speaker": {
              "id": "2번",
              "sex": "여성",
              "age": "20대"
            },
            "speechAct": "(단언) 주장하기",
            "morpheme": "부스터/NNG+샷/NNG+은/JX+젊/VA+은/ETM+사람/NNG+들/XSN+한테/JKB+안/MAG+좋/VA+다는/ETM+말/NNG+이/JKS+너무/MAG+많/VA+아서/EC+ㅠㅠ/UNKNOWN"
          },
          {
            "id": 10,
            "text": "3 : 아직 불안해 하는 사람들이 많더라",
            "norm_text": "아직 불안해 하는 사람들이 많더라",
            "speaker": {
              "id": "3번",
              "sex": "남성",
              "age": "20대"
            },
            "speechAct": "(단언) 주장하기",
            "morpheme": "아직/MAG+불안/NNG+해/XSV+EC+하/VV+는/ETM+사람/NNG+들/XSN+이/JKS+많/VA+더라/EC"
          },
          {
            "id": 11,
            "text": "1 : 그래서 의료진들이 먼저 맞는 거 아닐까?",
            "norm_text": "그래서 의료진들이 먼저 맞는 거 아닐까?",
            "speaker": {
              "id": "1번",
              "sex": "여성",
              "age": "20대"
            },
            "speechAct": "(단언) 주장하기",
            "morpheme": "그래서/MAJ+의료진/NNG+들/XSN+이/JKS+먼저/MAG+맞/VV+는/ETM+거/NNB+아닐까/VCN+EF"
          },
          {
            "id": 12,
            "text": "2 : 그러니까 ㅠㅠ 난 그거 아직 맞기엔 좀 무서워...",
            "norm_text": "그러니까 ㅠㅠ 난 그거 아직 맞기엔 좀 무서워...",
            "speaker": {
              "id": "2번",
              "sex": "여성",
              "age": "20대"
            },
            "speechAct": "(단언) 주장하기",
            "morpheme": "그러니까/MAJ+ㅠㅠ/UNKNOWN+난/NP+JX+그거/NP+아직/MAG+맞/VV+기/ETN+엔/JKB+JX+좀/MAG+무서워/VA+EF+./SY"
          },
          {
            "id": 13,
            "text": "3 : 의료진들이 항상 고생 많으신 거 같아",
            "norm_text": "의료진들이 항상 고생 많으신 거 같아",
            "speaker": {
              "id": "3번",
              "sex": "남성",
              "age": "20대"
            },
            "speechAct": "(단언) 주장하기",
            "morpheme": "의료진/NNG+들/XSN+이/JKS+항상/MAG+고생/NNG+많/VA+으신/EP+ETM+거/NNB+같/VA+아/EC"
          },
          {
            "id": 14,
            "text": "1 : 맞아... 항상 고마움을 많이 느끼지",
            "norm_text": "맞아... 항상 고마움을 많이 느끼지",
            "speaker": {
              "id": "1번",
              "sex": "여성",
              "age": "20대"
            },
            "speechAct": "(단언) 주장하기",
            "morpheme": "맞/VV+아/EF+./SY+항상/MAG+고마움/NNG+을/JKO+많이/MAG+느끼/VV+지/EC"
          },
          {
            "id": 15,
            "text": "2 : 맞아 이런 거 보면 감사하고 미안하고 ㅠㅠ",
            "norm_text": "맞아 이런 거 보면 감사하고 미안하고 ㅠㅠ",
            "speaker": {
              "id": "2번",
              "sex": "여성",
              "age": "20대"
            },
            "speechAct": "(단언) 주장하기",
            "morpheme": "맞/VV+아/EC+이런/MM+거/NNB+보/VV+면/EC+감사/NNG+하/XSV+고/EC+미안/NNG+하/XSV+고/EC+ㅠㅠ/UNKNOWN"
          },
          {
            "id": 16,
            "text": "3 : 응 난 그래서 항상 인사 드려",
            "norm_text": "응 난 그래서 항상 인사 드려",
            "speaker": {
              "id": "3번",
              "sex": "남성",
              "age": "20대"
            },
            "speechAct": "(단언) 진술하기",
            "morpheme": "응/IC+난/NP+JX+그래서/MAJ+항상/MAG+인사/NNG+드려/VV+EC"
          },
          {
            "id": 17,
            "text": "1 : 맞아 이 기회에 더 감사함을 느끼네",
            "norm_text": "맞아 이 기회에 더 감사함을 느끼네",
            "speaker": {
              "id": "1번",
              "sex": "여성",
              "age": "20대"
            },
            "speechAct": "(단언) 주장하기",
            "morpheme": "맞/VV+아/EC+이/MM+기회/NNG+에/JKB+더/MAG+감사/NNG+함/XSV+ETN+을/JKO+느끼/VV+네/EC"
          },
          {
            "id": 18,
            "text": "2 : 응 나도 이번에 많이 느꼈어 ㅠㅠ",
            "norm_text": "응 나도 이번에 많이 느꼈어 ㅠㅠ",
            "speaker": {
              "id": "2번",
              "sex": "여성",
              "age": "20대"
            },
            "speechAct": "(단언) 주장하기",
            "morpheme": "응/IC+나/NP+도/JX+이번/NNG+에/JKB+많이/MAG+느꼈/VV+EP+어/EF+ㅠㅠ/UNKNOWN"
          },
          {
            "id": 19,
            "text": "3 : 우리 더 나아지기를 바라자",
            "norm_text": "우리 더 나아지기를 바라자",
            "speaker": {
              "id": "3번",
              "sex": "남성",
              "age": "20대"
            },
            "speechAct": "(단언) 주장하기",
            "morpheme": "우리/NP+더/MAG+나아지/VV+기/ETN+를/JKO+바라/VV+자/EC"
          }
        ]
      }
    }
  ]
}