{
  "dataset": {
    "identifier": 127942,
    "name": "NATEON_39_17_set",
    "src_path": "/data/file/cubeManager/PROJECT001/84/txt20211108181225078697/NATEON_39_17_set/",
    "label_path": "/data/file/cubeManager/PROJECT001/84/txt20211108181225078697/NATEON_39_17_set/",
    "category": 2,
    "type": 0
  },
  "licenses": {
    "name": "Apache License 1.0",
    "url": "http://www.apache.org/licenses/LICENSE-1.0"
  },
  "info": [
    {
      "id": 141901,
      "filename": "NATEON_39_17.txt",
      "title": "NATEON_39_17",
      "mediatype": "메신저",
      "medianame": "네이트온",
      "category": "일상대화",
      "date": "2021-11-08",
      "size": 426,
      "annotations": {
        "subject": "건강",
        "speaker_type": "다자간 대화",
        "size": 426,
        "word_size": 154,
        "text": "1 : 나 요즘 속이 너무 안 좋아서 병원 왔어\n2 : 속이 안 좋아?\n2 : 병원에서 별말 없어?\n3 : 결국엔 약국 약으로 안 됐구나?\n1 : 응 너무 심해져서 병원으로 왔어 ㅠ\n2 : 그냥 처음부터 병원 바로 가지 그랬어 ㅠㅠ\n3 : 에휴 그래서 병명은 뭐래?\n1 : 그러게 괜히 고집 피웠나 봐 ㅠ\n1 : 아직 몰라\n2 : 위염 걸린 거 아냐? 속 쓰리면 위염인 거 같던데 ㅠㅠ\n3 : 으이그 병원에 사람들은 많아?\n1 : 위염인 거 같긴 해 사람 많지!\n2 : 지금 병원 다니는 것도 조심히 다녀야 해 ㅠㅠ\n3 : 가서 주사도 한대 맞고 와\n1 : 응 주사도 맞아야지 ㅠ 마스크 잘 꼈어!\n2 : 어어 잘 했어 ㅠㅠ 약 잘 처방 받고 꾸준히 먹어\n3 : 그래 병원은 항상 조심해야 돼\n1 : 응 진료 받고 연락 할께 ㅠ\n2 : 어어 조심히 받고 와 ㅠㅠ\n3 : 응 그래 조심해서 다녀와!",
        "lines": [
          {
            "id": 1,
            "text": "1 : 나 요즘 속이 너무 안 좋아서 병원 왔어",
            "norm_text": "나 요즘 속이 너무 안 좋아서 병원 왔어",
            "speaker": {
              "id": "1번",
              "sex": "여성",
              "age": "20대"
            },
            "speechAct": "(단언) 진술하기",
            "morpheme": "나/NP+요즘/MAG+속/NNG+이/JKS+너무/MAG+안/MAG+좋/VA+아서/EC+병원/NNG+왔/VV+EP+어/EC"
          },
          {
            "id": 2,
            "text": "2 : 속이 안 좋아?",
            "norm_text": "속이 안 좋아?",
            "speaker": {
              "id": "2번",
              "sex": "여성",
              "age": "20대"
            },
            "speechAct": "(지시) 질문하기",
            "morpheme": "속/NNG+이/JKS+안/MAG+좋/VA+아/EF"
          },
          {
            "id": 3,
            "text": "2 : 병원에서 별말 없어?",
            "norm_text": "병원에서 별말 없어?",
            "speaker": {
              "id": "2번",
              "sex": "여성",
              "age": "20대"
            },
            "speechAct": "(지시) 질문하기",
            "morpheme": "병원/NNG+에서/JKB+별/MM+말/NNG+없/VA+어/EF"
          },
          {
            "id": 4,
            "text": "3 : 결국엔 약국 약으로 안 됐구나?",
            "norm_text": "결국엔 약국 약으로 안 됐구나?",
            "speaker": {
              "id": "3번",
              "sex": "남성",
              "age": "20대"
            },
            "speechAct": "(지시) 질문하기",
            "morpheme": "결국/NNG+엔/JKB+JX+약국/NNG+약/NNG+으로/JKB+안/MAG+됐/VV+EP+구나/EF"
          },
          {
            "id": 5,
            "text": "1 : 응 너무 심해져서 병원으로 왔어 ㅠ",
            "norm_text": "응 너무 심해져서 병원으로 왔어 ㅠ",
            "speaker": {
              "id": "1번",
              "sex": "여성",
              "age": "20대"
            },
            "speechAct": "(단언) 진술하기",
            "morpheme": "응/IC+너무/MAG+심해져서/VA+EC+VX+EC+병원/NNG+으로/JKB+왔/VV+EP+어ㅠ/UNKNOWN"
          },
          {
            "id": 6,
            "text": "2 : 그냥 처음부터 병원 바로 가지 그랬어 ㅠㅠ",
            "norm_text": "그냥 처음부터 병원 바로 가지 그랬어 ㅠㅠ",
            "speaker": {
              "id": "2번",
              "sex": "여성",
              "age": "20대"
            },
            "speechAct": "(단언) 주장하기",
            "morpheme": "그냥/MAG+처음/NNG+부터/JX+병원/NNG+바로/MAG+가/VV+지/EC+그랬/VV+EP+어/EF+ㅠㅠ/UNKNOWN"
          },
          {
            "id": 7,
            "text": "3 : 에휴 그래서 병명은 뭐래?",
            "norm_text": "에휴 그래서 병명은 뭐래?",
            "speaker": {
              "id": "3번",
              "sex": "남성",
              "age": "20대"
            },
            "speechAct": "(지시) 질문하기",
            "morpheme": "에휴/IC+그래서/MAJ+병명/NNG+은/JX+뭐/NP+래/VCP+EF"
          },
          {
            "id": 8,
            "text": "1 : 그러게 괜히 고집 피웠나 봐 ㅠ",
            "norm_text": "그러게 괜히 고집 피웠나 봐 ㅠ",
            "speaker": {
              "id": "1번",
              "sex": "여성",
              "age": "20대"
            },
            "speechAct": "(단언) 주장하기",
            "morpheme": "그러게/IC+괜히/MAG+고집/NNG+피웠/VV+EP+나/EC+봐/VX+EF+ㅠ/UNKNOWN"
          },
          {
            "id": 9,
            "text": "1 : 아직 몰라",
            "norm_text": "아직 몰라",
            "speaker": {
              "id": "1번",
              "sex": "여성",
              "age": "20대"
            },
            "speechAct": "(단언) 주장하기",
            "morpheme": "아직/MAG+몰라/VV+EC"
          },
          {
            "id": 10,
            "text": "2 : 위염 걸린 거 아냐? 속 쓰리면 위염인 거 같던데 ㅠㅠ",
            "norm_text": "위염 걸린 거 아냐? 속 쓰리면 위염인 거 같던데 ㅠㅠ",
            "speaker": {
              "id": "2번",
              "sex": "여성",
              "age": "20대"
            },
            "speechAct": "(단언) 주장하기",
            "morpheme": "위염/NNG+걸린/VV+ETM+거/NNB+아냐/VCN+EF+속쓰리면위염인거같던데ㅠㅠ/UNKNOWN"
          },
          {
            "id": 11,
            "text": "3 : 으이그 병원에 사람들은 많아?",
            "norm_text": "으이그 병원에 사람들은 많아?",
            "speaker": {
              "id": "3번",
              "sex": "남성",
              "age": "20대"
            },
            "speechAct": "(지시) 질문하기",
            "morpheme": "으이그/IC+병원/NNG+에/JKB+사람/NNG+들/XSN+은/JX+많/VA+아/EF"
          },
          {
            "id": 12,
            "text": "1 : 위염인 거 같긴 해 사람 많지!",
            "norm_text": "위염인 거 같긴 해 사람 많지!",
            "speaker": {
              "id": "1번",
              "sex": "여성",
              "age": "20대"
            },
            "speechAct": "(단언) 진술하기",
            "morpheme": "위염/NNG+인/VCP+ETM+거/NNB+같/VA+긴/ETN+JX+해/VX+EC+사람/NNG+많/VA+지/EF"
          },
          {
            "id": 13,
            "text": "2 : 지금 병원 다니는 것도 조심히 다녀야 해 ㅠㅠ",
            "norm_text": "지금 병원 다니는 것도 조심히 다녀야 해 ㅠㅠ",
            "speaker": {
              "id": "2번",
              "sex": "여성",
              "age": "20대"
            },
            "speechAct": "(단언) 주장하기",
            "morpheme": "지금/MAG+병원/NNG+다니/VV+는/ETM+것/NNB+도/JX+조심히/MAG+다녀야/VV+EC+해/VV+EC+ㅠㅠ/UNKNOWN"
          },
          {
            "id": 14,
            "text": "3 : 가서 주사도 한대 맞고 와",
            "norm_text": "가서 주사도 한대 맞고 와",
            "speaker": {
              "id": "3번",
              "sex": "남성",
              "age": "20대"
            },
            "speechAct": "(단언) 주장하기",
            "morpheme": "가/VV+서/EC+주사/NNG+도/JX+한/MM+대/NNBC+맞/VV+고/EC+와/VV+EC"
          },
          {
            "id": 15,
            "text": "1 : 응 주사도 맞아야지 ㅠ 마스크 잘 꼈어!",
            "norm_text": "응 주사도 맞아야지 ㅠ 마스크 잘 꼈어!",
            "speaker": {
              "id": "1번",
              "sex": "여성",
              "age": "20대"
            },
            "speechAct": "(단언) 주장하기",
            "morpheme": "응/IC+주사/NNG+도/JX+맞/VV+아야/EC+지ㅠ/UNKNOWN+마스크/IC+잘/MAG+꼈/VV+EP+어/EF"
          },
          {
            "id": 16,
            "text": "2 : 어어 잘 했어 ㅠㅠ 약 잘 처방 받고 꾸준히 먹어",
            "norm_text": "어어 잘 했어 ㅠㅠ 약 잘 처방 받고 꾸준히 먹어",
            "speaker": {
              "id": "2번",
              "sex": "여성",
              "age": "20대"
            },
            "speechAct": "(단언) 주장하기",
            "morpheme": "어/IC+어/IC+잘/MAG+했/VV+EP+어/EF+ㅠㅠ/UNKNOWN+약잘/NNG+VCP+ETM+처방/NNG+받/VV+고/EC+꾸준히/MAG+먹/VV+어/EC"
          },
          {
            "id": 17,
            "text": "3 : 그래 병원은 항상 조심해야 돼",
            "norm_text": "그래 병원은 항상 조심해야 돼",
            "speaker": {
              "id": "3번",
              "sex": "남성",
              "age": "20대"
            },
            "speechAct": "(단언) 주장하기",
            "morpheme": "그래/IC+병원/NNG+은/JX+항상/MAG+조심/NNG+해야/XSV+EC+돼/VV+EC"
          },
          {
            "id": 18,
            "text": "1 : 응 진료 받고 연락 할께 ㅠ",
            "norm_text": "응 진료 받고 연락 할께 ㅠ",
            "speaker": {
              "id": "1번",
              "sex": "여성",
              "age": "20대"
            },
            "speechAct": "(단언) 주장하기",
            "morpheme": "응/IC+진료/NNG+받/VV+고/EC+연락/NNG+할/XSV+ETM+께ㅠ/UNKNOWN"
          },
          {
            "id": 19,
            "text": "2 : 어어 조심히 받고 와 ㅠㅠ",
            "norm_text": "어어 조심히 받고 와 ㅠㅠ",
            "speaker": {
              "id": "2번",
              "sex": "여성",
              "age": "20대"
            },
            "speechAct": "(단언) 주장하기",
            "morpheme": "어/IC+어/IC+조심히/MAG+받/VV+고/EC+와/VV+EC+ㅠㅠ/UNKNOWN"
          },
          {
            "id": 20,
            "text": "3 : 응 그래 조심해서 다녀와!",
            "norm_text": "응 그래 조심해서 다녀와!",
            "speaker": {
              "id": "3번",
              "sex": "남성",
              "age": "20대"
            },
            "speechAct": "(단언) 주장하기",
            "morpheme": "응/IC+그래/IC+조심/NNG+해서/XSV+EC+다녀와/VV+EF"
          }
        ]
      }
    }
  ]
}