{
  "dataset": {
    "identifier": 18099,
    "name": "NATEON_26_11_set",
    "src_path": "/data/file/cubeManager/PROJECT001/7/txt20210826181628066186/NATEON_26_11_set/",
    "label_path": "/data/file/cubeManager/PROJECT001/7/txt20210826181628066186/NATEON_26_11_set/",
    "category": 2,
    "type": 0
  },
  "licenses": {
    "name": "Apache License 1.0",
    "url": "http://www.apache.org/licenses/LICENSE-1.0"
  },
  "info": [
    {
      "id": 729,
      "filename": "NATEON_26_11.txt",
      "title": "NATEON_26_11",
      "mediatype": "메신저",
      "medianame": "네이트온",
      "category": "일상대화",
      "date": "2021-08-26",
      "size": 1387,
      "annotations": {
        "subject": "게임",
        "speaker_type": "1:1",
        "size": 1387,
        "word_size": 426,
        "text": "1 : 너 혹시 심즈라는 게임 알아?\n2 : 아 해보지는 않았는데 온라인에 올라온 사진 같은 걸로 본 적은 있어!\n1 : 오 나는 심즈 되게 오래 했었거든 키키\n1 : 나 초등학생 때 심즈 1인가 2였나 나왔었는데 지금은 4까지 나왔어.\n2 : 아 정말? 키키\n2 : 내 주변 애들이 관심이 없었던 건가 나는 잘 몰랐었던 거 같아!\n2 : 그건 뭘 하는 게임이야?\n1 : 아 이게 인생 시뮬레이션 게임?이라고 해야 하나 키키\n1 : 콘텐츠가 다양해!\n1 : 일단 심이라고 해서 캐릭터를 만드는데 마치 진짜 사람처럼 성향도 내가 설정할 수 있어!\n1 : 뭐 예를 들어 깔끔함 똑똑함 예술가의 기질 야비함 게으름 뭐 이런 식으로!\n1 : 그래서 그 심들로 다른 심들이랑 친구로 지내기도 하고 연인으로 지내기도 하고 가족도 만들고 직장도 다니고 휴가도 다니고 그런... 진짜 사람 인생처럼 플레이 하는 게임이야!\n2 : 오 대박!\n2 : 약간 내가 만들어가는 느낌의 게임이구나!\n2 : 뭔가 내가 성장시키는 아니면 같이 커가는 기분이라 되게 재밌을 거 같다 키키\n2 : 그게 벌써 4까지 나왔다니 인기가 아직도 여전한가 봐!\n1 : 오 맞아!\n1 : 그리고 집도 만들고 집안 인테리어도 할 수 있어서 성인들도 많이 하는 게임이야.\n1 : 주로 여자들이 많이 하는 거 같아!\n2 : 오 생각보다 되게 구체적이고 디테일한 게임이겠는데?\n2 : 그 게임 캐릭터는 성인만 있는 거야 아니면 아이들도 있어?\n1 : 엇 아이들도 있고 심지어 고양이랑 강아지도 키울 수 있어! 키키\n1 : 아이들도 키우면서 독립심이나 예절 이런 걸 키울 수 있도록 해놨어!\n1 : 되게 재밌어 키키\n2 : 오 진짜 신기하다 키키\n2 : 엄청 재밌을 거 같아!\n2 : 전에 본 건데 팬들이 자기가 좋아하는 연예인 모습이랑 비슷하게 심즈 캐릭터를 만들어서 올린 거도 본 적이 있거든!\n1 : 오 맞아 맞아!\n1 : 그렇게도 많이 하더라!\n1 : 그 심 외모 예쁘고 잘생기게 꾸미는 재미로 하는 사람들도 많더라고! 키키\n1 : 다만 무료 게임이 아니란 게 좀 아쉬워.\n2 : 헉 무료 게임이 아니야?\n2 : 이럴 수가\n2 : 무료 게임인 줄 알았어!\n1 : 응 유료 게임이야 ㅠㅠ\n1 : 심지어 오리지널 판이 있고 뭐 더 다양하고 재미있게 하려면 확장팩이라는 걸 사야 하거든.\n1 : 그래서 여러 개 사면 엄청 비싸더라고 ㅠ\n2 : 헉 그렇구나.\n2 : 돈이 들어가는 게임이면 확실히 이것저것 사다보면 돈 많이 나가겠다. ㅜㅜ\n1 : 맞아! 근데 요즘 모바일도 무료 게임이라 해도 더 재미있게 하려면 과금 체계가 있더라!\n1 : 현금으로 뭐 구입해야 하고 이런 뭐... 키키\n1 : 게임 회사들도 먹고 살아야 하니까 그런 거겠지?\n2 : 맞아 아무래도 무료로만 하게 되면 한계가 있을 테니까...\n2 : 나도 예전에 캐릭터 예쁘게 꾸미고 싶어서 현금으로 조금씩 구매하고 했었던 게 기억나네 하하",
        "lines": [
          {
            "id": 1,
            "text": "1 : 너 혹시 심즈라는 게임 알아?",
            "norm_text": "너 혹시 심즈라는 게임 알아?",
            "speaker": {
              "id": "1번",
              "sex": "여성",
              "age": "30대"
            },
            "speechAct": "(지시) 질문하기",
            "morpheme": "너/NP+혹시/MAG+심즈/NNP+라는/VCP+ETM+게임/NNG+알/VV+아/EF"
          },
          {
            "id": 2,
            "text": "2 : 아 해보지는 않았는데 온라인에 올라온 사진 같은 걸로 본 적은 있어!",
            "norm_text": "아 해보지는 않았는데 온라인에 올라온 사진 같은 걸로 본 적은 있어!",
            "speaker": {
              "id": "2번",
              "sex": "여성",
              "age": "20대"
            },
            "speechAct": "(단언) 진술하기",
            "morpheme": "아/IC+해/VV+EC+보/VX+지/EC+는/JX+않/VX+았/EP+는데/EC+온라인/NNG+에/JKB+올라온/VV+ETM+사진/NNG+같/VA+은/ETM+걸로/NNB+JKB+본적/NNG+은/JX+있/VA+어/EF"
          },
          {
            "id": 3,
            "text": "1 : 오 나는 심즈 되게 오래 했었거든 키키",
            "norm_text": "오 나는 심즈 되게 오래 했었거든 키키",
            "speaker": {
              "id": "1번",
              "sex": "여성",
              "age": "30대"
            },
            "speechAct": "(단언) 진술하기",
            "morpheme": "오/IC+나/NP+는/JX+심즈/NNP+되게/MAG+오래/MAG+했었/VV+EP+거든/EF+키/NNG+키/XSV+ETN"
          },
          {
            "id": 4,
            "text": "1 : 나 초등학생 때 심즈 1인가 2였나 나왔었는데 지금은 4까지 나왔어.",
            "norm_text": "나 초등학생 때 심즈 1인가 2였나 나왔었는데 지금은 4까지 나왔어.",
            "speaker": {
              "id": "1번",
              "sex": "여성",
              "age": "30대"
            },
            "speechAct": "(단언) 진술하기",
            "morpheme": "나/NP+초등학생/NNG+때/NNG+심즈/NNP+1/SN+인가/VCP+EC+2/SN+였/VCP+EP+나/EC+나왔었/VV+EP+는데/EC+지금/MAG+은/JX+4/SN+까지/JX+나왔/VV+EP+어/EF"
          },
          {
            "id": 5,
            "text": "2 : 아 정말? 키키",
            "norm_text": "아 정말? 키키",
            "speaker": {
              "id": "2번",
              "sex": "여성",
              "age": "20대"
            },
            "speechAct": "(단언) 주장하기",
            "morpheme": "아/IC+정말/MAG+키/NNG+키/XSV+ETN"
          },
          {
            "id": 6,
            "text": "2 : 내 주변 애들이 관심이 없었던 건가 나는 잘 몰랐었던 거 같아!",
            "norm_text": "내 주변 애들이 관심이 없었던 건가 나는 잘 몰랐었던 거 같아!",
            "speaker": {
              "id": "2번",
              "sex": "여성",
              "age": "20대"
            },
            "speechAct": "(단언) 주장하기",
            "morpheme": "내/NP+JKG+주변/NNG+애/NNG+들/XSN+이/JKS+관심/NNG+이/JKS+없/VA+었/EP+던/ETM+건가/NNB+VCP+EC+나/NP+는/JX+잘/MAG+몰랐었/VV+EP+던/ETM+거/NNB+같/VA+아/EF"
          },
          {
            "id": 7,
            "text": "2 : 그건 뭘 하는 게임이야?",
            "norm_text": "그건 뭘 하는 게임이야?",
            "speaker": {
              "id": "2번",
              "sex": "여성",
              "age": "20대"
            },
            "speechAct": "(지시) 질문하기",
            "morpheme": "그건/NP+JX+뭘/NP+JKO+하/VV+는/ETM+게임/NNG+이/VCP+야/EF"
          },
          {
            "id": 8,
            "text": "1 : 아 이게 인생 시뮬레이션 게임?이라고 해야 하나 키키",
            "norm_text": "아 이게 인생 시뮬레이션 게임?이라고 해야 하나 키키",
            "speaker": {
              "id": "1번",
              "sex": "여성",
              "age": "30대"
            },
            "speechAct": "(단언) 주장하기",
            "morpheme": "아/IC+이게/NP+JKS+인생/NNG+시뮬레이션/NNG+게임/NNG+?/SY+이라고/JKQ+해야/VV+EC+하나/NR+키/NNG+키/XSV+ETN"
          },
          {
            "id": 9,
            "text": "1 : 콘텐츠가 다양해!",
            "norm_text": "콘텐츠가 다양해!",
            "speaker": {
              "id": "1번",
              "sex": "여성",
              "age": "30대"
            },
            "speechAct": "(단언) 진술하기",
            "morpheme": "콘텐츠/NNG+가/JKS+다양/NNG+해/XSV+EF"
          },
          {
            "id": 10,
            "text": "1 : 일단 심이라고 해서 캐릭터를 만드는데 마치 진짜 사람처럼 성향도 내가 설정할 수 있어!",
            "norm_text": "일단 심이라고 해서 캐릭터를 만드는데 마치 진짜 사람처럼 성향도 내가 설정할 수 있어!",
            "speaker": {
              "id": "1번",
              "sex": "여성",
              "age": "30대"
            },
            "speechAct": "(단언) 진술하기",
            "morpheme": "일단/MAG+심이/NNG+라고/VCP+EC+해서/VV+EC+캐릭터/NNG+를/JKO+만드/VV+는데/EC+마치/MAG+진짜/MAG+사람/NNG+처럼/JKB+성향/NNG+도/JX+내/NP+가/JKS+설정/NNG+할/XSV+ETM+수/NNB+있/VV+어/EF"
          },
          {
            "id": 11,
            "text": "1 : 뭐 예를 들어 깔끔함 똑똑함 예술가의 기질 야비함 게으름 뭐 이런 식으로!",
            "norm_text": "뭐 예를 들어 깔끔함 똑똑함 예술가의 기질 야비함 게으름 뭐 이런 식으로!",
            "speaker": {
              "id": "1번",
              "sex": "여성",
              "age": "30대"
            },
            "speechAct": "(단언) 진술하기",
            "morpheme": "뭐/IC+예/NNG+를/JKO+들/VV+어/EC+깔끔/XR+함/XSA+ETN+똑똑/XR+함/XSA+ETN+예술가/NNG+의/JKG+기질/NNG+JKO+야비/XR+함/XSA+ETN+게으름/NNG+뭐/IC+이런/MM+식/NNB+으로/JKB"
          },
          {
            "id": 12,
            "text": "1 : 그래서 그 심들로 다른 심들이랑 친구로 지내기도 하고 연인으로 지내기도 하고 가족도 만들고 직장도 다니고 휴가도 다니고 그런... 진짜 사람 인생처럼 플레이 하는 게임이야!",
            "norm_text": "그래서 그 심들로 다른 심들이랑 친구로 지내기도 하고 연인으로 지내기도 하고 가족도 만들고 직장도 다니고 휴가도 다니고 그런... 진짜 사람 인생처럼 플레이 하는 게임이야!",
            "speaker": {
              "id": "1번",
              "sex": "여성",
              "age": "30대"
            },
            "speechAct": "(단언) 진술하기",
            "morpheme": "그래서/MAJ+그/MM+심/NNG+들/XSN+로/JKB+다른/MM+심/NNG+들/XSN+이랑/JKB+친구/NNG+로/JKB+지내/VV+기/ETN+도/JX+하/VV+고/EC+연인/NNG+으로/JKB+지내/VV+기/ETN+도/JX+하/VV+고/EC+가족/NNG+도/JX+만들/VV+고/EC+직장/NNG+도/JX+다니/VV+고/EC+휴가/NNG+도/JX+다니/VV+고/EC+그런/MM+./SY+진짜/MAG+사람/NNG+인생/NNG+처럼/JKB+플레이/NNG+하/XSV+는/ETM+게임/NNG+이/VCP+야/EF"
          },
          {
            "id": 13,
            "text": "2 : 오 대박!",
            "norm_text": "오 대박!",
            "speaker": {
              "id": "2번",
              "sex": "여성",
              "age": "20대"
            },
            "speechAct": "(표현) 긍정감정 표현하기",
            "morpheme": "오/NR+대박/NNG"
          },
          {
            "id": 14,
            "text": "2 : 약간 내가 만들어가는 느낌의 게임이구나!",
            "norm_text": "약간 내가 만들어가는 느낌의 게임이구나!",
            "speaker": {
              "id": "2번",
              "sex": "여성",
              "age": "20대"
            },
            "speechAct": "(단언) 주장하기",
            "morpheme": "약간/MAG+내/NP+가/JKS+만들/VV+어/EC+가/VX+는/ETM+느낌/NNG+의/JKG+게임/NNG+이/VCP+구나/EF"
          },
          {
            "id": 15,
            "text": "2 : 뭔가 내가 성장시키는 아니면 같이 커가는 기분이라 되게 재밌을 거 같다 키키",
            "norm_text": "뭔가 내가 성장시키는 아니면 같이 커가는 기분이라 되게 재밌을 거 같다 키키",
            "speaker": {
              "id": "2번",
              "sex": "여성",
              "age": "20대"
            },
            "speechAct": "(단언) 주장하기",
            "morpheme": "뭔가/NP+VCP+EC+내/NP+가/JKS+성장/NNG+시키/XSV+는/ETM+아니/VCN+면/EC+같이/MAG+커/VV+EC+가/VX+는/ETM+기분/NNG+이/VCP+라/EC+되게/MAG+재밌/VA+을/ETM+거/NNB+같/VA+다키키/NNP"
          },
          {
            "id": 16,
            "text": "2 : 그게 벌써 4까지 나왔다니 인기가 아직도 여전한가 봐!",
            "norm_text": "그게 벌써 4까지 나왔다니 인기가 아직도 여전한가 봐!",
            "speaker": {
              "id": "2번",
              "sex": "여성",
              "age": "20대"
            },
            "speechAct": "(단언) 주장하기",
            "morpheme": "그게/NP+JKS+벌써/MAG+4/SN+까지/JX+나왔/VV+EP+다니/EC+인기/NNG+가/JKS+아직/MAG+도/JX+여전/XR+한가/XSA+EC+봐/VX+EF"
          },
          {
            "id": 17,
            "text": "1 : 오 맞아!",
            "norm_text": "오 맞아!",
            "speaker": {
              "id": "1번",
              "sex": "여성",
              "age": "30대"
            },
            "speechAct": "(단언) 진술하기",
            "morpheme": "오/NR+맞/VV+아/EF"
          },
          {
            "id": 18,
            "text": "1 : 그리고 집도 만들고 집안 인테리어도 할 수 있어서 성인들도 많이 하는 게임이야.",
            "norm_text": "그리고 집도 만들고 집안 인테리어도 할 수 있어서 성인들도 많이 하는 게임이야.",
            "speaker": {
              "id": "1번",
              "sex": "여성",
              "age": "30대"
            },
            "speechAct": "(단언) 진술하기",
            "morpheme": "그리고/MAJ+집/NNG+도/JX+만들/VV+고/EC+집안/NNG+인/VCP+ETM+테/NNB+VCP+리/EP+어도/EC+할/VX+ETM+수/NNB+있/VV+어서/EC+성인/NNG+들/XSN+도/JX+많이/MAG+하/VV+는/ETM+게임/NNG+이/VCP+야/EF"
          },
          {
            "id": 19,
            "text": "1 : 주로 여자들이 많이 하는 거 같아!",
            "norm_text": "주로 여자들이 많이 하는 거 같아!",
            "speaker": {
              "id": "1번",
              "sex": "여성",
              "age": "30대"
            },
            "speechAct": "(단언) 주장하기",
            "morpheme": "주로/MAG+여자/NNG+들/XSN+이/JKS+많이/MAG+하/VV+는/ETM+거/NNB+같/VA+아/EF"
          },
          {
            "id": 20,
            "text": "2 : 오 생각보다 되게 구체적이고 디테일한 게임이겠는데?",
            "norm_text": "오 생각보다 되게 구체적이고 디테일한 게임이겠는데?",
            "speaker": {
              "id": "2번",
              "sex": "여성",
              "age": "20대"
            },
            "speechAct": "(지시) 질문하기",
            "morpheme": "오/NR+생각/NNG+보다/JKB+되게/MAG+구체/NNG+적/XSN+이/VCP+고/EC+디테일/NNG+한/XSA+ETM+게임/NNG+이/VCP+겠/EP+는데/EF"
          },
          {
            "id": 21,
            "text": "2 : 그 게임 캐릭터는 성인만 있는 거야 아니면 아이들도 있어?",
            "norm_text": "그 게임 캐릭터는 성인만 있는 거야 아니면 아이들도 있어?",
            "speaker": {
              "id": "2번",
              "sex": "여성",
              "age": "20대"
            },
            "speechAct": "(지시) 질문하기",
            "morpheme": "그/MM+게임/NNG+캐릭터/NNG+는/JX+성인/NNG+만/JX+있/VX+는/ETM+거/NNB+야/VCP+EF+아니/VCN+면/EC+아이/NNG+들/XSN+도/JX+있/VA+어/EF"
          },
          {
            "id": 22,
            "text": "1 : 엇 아이들도 있고 심지어 고양이랑 강아지도 키울 수 있어! 키키",
            "norm_text": "엇 아이들도 있고 심지어 고양이랑 강아지도 키울 수 있어! 키키",
            "speaker": {
              "id": "1번",
              "sex": "여성",
              "age": "30대"
            },
            "speechAct": "(단언) 진술하기",
            "morpheme": "엇/IC+아이/NNG+들/XSN+도/JX+있/VA+고/EC+심지어/MAG+고양이/NNG+랑/JKB+강아지/NNG+도/JX+키울/VV+ETM+수/NNB+있/VV+어/EF+키/NNG+키/XSV+ETN"
          },
          {
            "id": 23,
            "text": "1 : 아이들도 키우면서 독립심이나 예절 이런 걸 키울 수 있도록 해놨어!",
            "norm_text": "아이들도 키우면서 독립심이나 예절 이런 걸 키울 수 있도록 해놨어!",
            "speaker": {
              "id": "1번",
              "sex": "여성",
              "age": "30대"
            },
            "speechAct": "(단언) 진술하기",
            "morpheme": "아이/NNG+들/XSN+도/JX+키우/VV+면서/EC+독립심/NNG+이나/JC+예절/NNG+이런/MM+걸/NNB+JKO+키울/VV+ETM+수/NNB+있/VV+도록/EC+해놨/VX+EC+VX+EP+어/EF"
          },
          {
            "id": 24,
            "text": "1 : 되게 재밌어 키키",
            "norm_text": "되게 재밌어 키키",
            "speaker": {
              "id": "1번",
              "sex": "여성",
              "age": "30대"
            },
            "speechAct": "(단언) 주장하기",
            "morpheme": "되게/MAG+재밌/VA+어/EC+키/NNG+키/XSV+ETN"
          },
          {
            "id": 25,
            "text": "2 : 오 진짜 신기하다 키키",
            "norm_text": "오 진짜 신기하다 키키",
            "speaker": {
              "id": "2번",
              "sex": "여성",
              "age": "20대"
            },
            "speechAct": "(단언) 주장하기",
            "morpheme": "오/IC+진짜/MAG+신기/XR+하/XSA+다키키/NNP"
          },
          {
            "id": 26,
            "text": "2 : 엄청 재밌을 거 같아!",
            "norm_text": "엄청 재밌을 거 같아!",
            "speaker": {
              "id": "2번",
              "sex": "여성",
              "age": "20대"
            },
            "speechAct": "(단언) 주장하기",
            "morpheme": "엄청/MAG+재밌/VA+을/ETM+거/NNB+같/VA+아/EF"
          },
          {
            "id": 27,
            "text": "2 : 전에 본 건데 팬들이 자기가 좋아하는 연예인 모습이랑 비슷하게 심즈 캐릭터를 만들어서 올린 거도 본 적이 있거든!",
            "norm_text": "전에 본 건데 팬들이 자기가 좋아하는 연예인 모습이랑 비슷하게 심즈 캐릭터를 만들어서 올린 거도 본 적이 있거든!",
            "speaker": {
              "id": "2번",
              "sex": "여성",
              "age": "20대"
            },
            "speechAct": "(단언) 진술하기",
            "morpheme": "전/NNG+에/JKB+본/VV+ETM+건데/NNB+VCP+EC+팬/NNG+들/XSN+이/JKS+자기/NP+가/JKS+좋/VA+아/EC+하/VV+는/ETM+연예인/NNG+모습/NNG+이랑/JC+비슷/XR+하/XSA+게/EC+심즈/NNP+캐릭터/NNG+를/JKO+만들/VV+어서/EC+올린/VV+ETM+거/NNB+도/JX+본/VX+ETM+적/NNB+이/JKS+있/VA+거든/EF"
          },
          {
            "id": 28,
            "text": "1 : 오 맞아 맞아!",
            "norm_text": "오 맞아 맞아!",
            "speaker": {
              "id": "1번",
              "sex": "여성",
              "age": "30대"
            },
            "speechAct": "(단언) 주장하기",
            "morpheme": "오/NR+맞/VV+아/EC+맞/VV+아/EF"
          },
          {
            "id": 29,
            "text": "1 : 그렇게도 많이 하더라!",
            "norm_text": "그렇게도 많이 하더라!",
            "speaker": {
              "id": "1번",
              "sex": "여성",
              "age": "30대"
            },
            "speechAct": "(단언) 주장하기",
            "morpheme": "그렇게/MAG+도/JX+많이/MAG+하/VV+더라/EF"
          },
          {
            "id": 30,
            "text": "1 : 그 심 외모 예쁘고 잘생기게 꾸미는 재미로 하는 사람들도 많더라고! 키키",
            "norm_text": "그 심 외모 예쁘고 잘생기게 꾸미는 재미로 하는 사람들도 많더라고! 키키",
            "speaker": {
              "id": "1번",
              "sex": "여성",
              "age": "30대"
            },
            "speechAct": "(단언) 진술하기",
            "morpheme": "그/MM+심외/NNG+모/MM+예쁘/VA+고/EC+잘/MAG+생기/VV+게/EC+꾸미/VV+는/ETM+재미/NNG+로/JKB+하/VV+는/ETM+사람/NNG+들/XSN+도/JX+많/VA+더라고/EF+키/NNG+키/XSV+ETN"
          },
          {
            "id": 31,
            "text": "1 : 다만 무료 게임이 아니란 게 좀 아쉬워.",
            "norm_text": "다만 무료 게임이 아니란 게 좀 아쉬워.",
            "speaker": {
              "id": "1번",
              "sex": "여성",
              "age": "30대"
            },
            "speechAct": "(단언) 주장하기",
            "morpheme": "다만/MAJ+무료/NNG+게임/NNG+이/JKC+아니/VCN+란/ETM+게/NNB+JKS+좀/MAG+아쉬워/VA+EF"
          },
          {
            "id": 32,
            "text": "2 : 헉 무료 게임이 아니야?",
            "norm_text": "헉 무료 게임이 아니야?",
            "speaker": {
              "id": "2번",
              "sex": "여성",
              "age": "20대"
            },
            "speechAct": "(지시) 질문하기",
            "morpheme": "헉/IC+무료/NNG+게임/NNG+이/JKC+아니/VCN+야/EF"
          },
          {
            "id": 33,
            "text": "2 : 이럴 수가",
            "norm_text": "이럴 수가",
            "speaker": {
              "id": "2번",
              "sex": "여성",
              "age": "20대"
            },
            "speechAct": "턴토크 사인(관습적 반응)",
            "morpheme": "이럴/VA+ETM+수/NNB+가/JKS"
          },
          {
            "id": 34,
            "text": "2 : 무료 게임인 줄 알았어!",
            "norm_text": "무료 게임인 줄 알았어!",
            "speaker": {
              "id": "2번",
              "sex": "여성",
              "age": "20대"
            },
            "speechAct": "(단언) 주장하기",
            "morpheme": "무료/NNG+게임/NNG+인/VCP+ETM+줄/NNB+알/VV+았/EP+어/EF"
          },
          {
            "id": 35,
            "text": "1 : 응 유료 게임이야 ㅠㅠ",
            "norm_text": "응 유료 게임이야 ㅠㅠ",
            "speaker": {
              "id": "1번",
              "sex": "여성",
              "age": "30대"
            },
            "speechAct": "(단언) 진술하기",
            "morpheme": "응/IC+유료/NNG+게임/NNG+이/VCP+야/EF+ㅠㅠ/UNKNOWN"
          },
          {
            "id": 36,
            "text": "1 : 심지어 오리지널 판이 있고 뭐 더 다양하고 재미있게 하려면 확장팩이라는 걸 사야 하거든.",
            "norm_text": "심지어 오리지널 판이 있고 뭐 더 다양하고 재미있게 하려면 확장팩이라는 걸 사야 하거든.",
            "speaker": {
              "id": "1번",
              "sex": "여성",
              "age": "30대"
            },
            "speechAct": "(단언) 진술하기",
            "morpheme": "심지어/MAG+오리/VV+지/EC+널판/NNG+이/JKS+있/VV+고/EC+뭐/IC+더/MAG+다양/NNG+하/XSV+고/EC+재미있/VA+게/EC+하/VV+려면/EC+확장팩/NNP+이/VCP+라는/ETM+걸/NNB+JKO+사/VV+야/EC+하/VX+거든/EF"
          },
          {
            "id": 37,
            "text": "1 : 그래서 여러 개 사면 엄청 비싸더라고 ㅠ",
            "norm_text": "그래서 여러 개 사면 엄청 비싸더라고 ㅠ",
            "speaker": {
              "id": "1번",
              "sex": "여성",
              "age": "30대"
            },
            "speechAct": "(표현) 부정감정 표현하기",
            "morpheme": "그래서/MAJ+여러/MM+개/NNBC+사면/NNG+엄청/MAG+비싸/VA+더라고/EF+ㅠ/UNKNOWN"
          },
          {
            "id": 38,
            "text": "2 : 헉 그렇구나.",
            "norm_text": "헉 그렇구나.",
            "speaker": {
              "id": "2번",
              "sex": "여성",
              "age": "20대"
            },
            "speechAct": "(단언) 주장하기",
            "morpheme": "헉/IC+그렇/VA+구나/EF"
          },
          {
            "id": 39,
            "text": "2 : 돈이 들어가는 게임이면 확실히 이것저것 사다보면 돈 많이 나가겠다. ㅜㅜ",
            "norm_text": "돈이 들어가는 게임이면 확실히 이것저것 사다보면 돈 많이 나가겠다. ㅜㅜ",
            "speaker": {
              "id": "2번",
              "sex": "여성",
              "age": "20대"
            },
            "speechAct": "(표현) 부정감정 표현하기",
            "morpheme": "돈/NNG+이/JKS+들어가/VV+는/ETM+게임/NNG+이/VCP+면/EC+확실히/MAG+이것저것/MAG+사/VV+다/EC+보/VX+면/EC+돈/NNG+많이/MAG+나가/VV+겠/EP+다/EF+ㅜㅜ/UNKNOWN"
          },
          {
            "id": 40,
            "text": "1 : 맞아! 근데 요즘 모바일도 무료 게임이라 해도 더 재미있게 하려면 과금 체계가 있더라!",
            "norm_text": "맞아! 근데 요즘 모바일도 무료 게임이라 해도 더 재미있게 하려면 과금 체계가 있더라!",
            "speaker": {
              "id": "1번",
              "sex": "여성",
              "age": "30대"
            },
            "speechAct": "(단언) 진술하기",
            "morpheme": "맞/VV+아/EF+근데/MAJ+요즘/MAG+모바일/NNP+도/JX+무료/NNG+게임/NNG+이/VCP+라/EC+해도/VV+EC+더/MAG+재미있/VA+게/EC+하/VV+려면/EC+과금/NNG+체계/NNG+가/JKS+있/VA+더라/EF"
          },
          {
            "id": 41,
            "text": "1 : 현금으로 뭐 구입해야 하고 이런 뭐... 키키",
            "norm_text": "현금으로 뭐 구입해야 하고 이런 뭐... 키키",
            "speaker": {
              "id": "1번",
              "sex": "여성",
              "age": "30대"
            },
            "speechAct": "(단언) 진술하기",
            "morpheme": "현금/NNG+으로/JKB+뭐/IC+구입/NNG+해야/XSV+EC+하/VV+고/EC+이런/MM+뭐/IC+./SY+키/NNG+키/XSV+ETN"
          },
          {
            "id": 42,
            "text": "1 : 게임 회사들도 먹고 살아야 하니까 그런 거겠지?",
            "norm_text": "게임 회사들도 먹고 살아야 하니까 그런 거겠지?",
            "speaker": {
              "id": "1번",
              "sex": "여성",
              "age": "30대"
            },
            "speechAct": "(지시) 질문하기",
            "morpheme": "게임/NNG+회사/NNG+들/XSN+도/JX+먹/VV+고/EC+살/VV+아야/EC+하/VV+니까/EC+그런/MM+거/NNB+겠/VCP+EP+지/EF"
          },
          {
            "id": 43,
            "text": "2 : 맞아 아무래도 무료로만 하게 되면 한계가 있을 테니까...",
            "norm_text": "맞아 아무래도 무료로만 하게 되면 한계가 있을 테니까...",
            "speaker": {
              "id": "2번",
              "sex": "여성",
              "age": "20대"
            },
            "speechAct": "(단언) 주장하기",
            "morpheme": "맞/VV+아/EC+아무래도/MAG+무료/NNG+로/JKB+만/JX+하/VV+게/EC+되/VV+면/EC+한계/NNG+가/JKS+있/VV+을/ETM+테/NNB+VCP+니까/EC+./SY+./SY"
          },
          {
            "id": 44,
            "text": "2 : 나도 예전에 캐릭터 예쁘게 꾸미고 싶어서 현금으로 조금씩 구매하고 했었던 게 기억나네 하하",
            "norm_text": "나도 예전에 캐릭터 예쁘게 꾸미고 싶어서 현금으로 조금씩 구매하고 했었던 게 기억나네 하하",
            "speaker": {
              "id": "2번",
              "sex": "여성",
              "age": "20대"
            },
            "speechAct": "(단언) 진술하기",
            "morpheme": "나/NP+도/JX+예전/NNG+에/JKB+캐릭터/NNG+예쁘/VA+게/EC+꾸미/VV+고/EC+싶/VX+어서/EC+현금/NNG+으로/JKB+조금/NNG+씩/XSN+구매/NNG+하/XSV+고/EC+했었/VX+EP+던/ETM+게/NNB+JKS+기억/NNG+나/NP+네/XSN+하하/MAG"
          }
        ]
      }
    }
  ]
}