{
  "dataset": {
    "identifier": 112664,
    "name": "NATEON_36_08_set",
    "src_path": "/data/file/cubeManager/PROJECT001/80/txt20211103174750036481/NATEON_36_08_set/",
    "label_path": "/data/file/cubeManager/PROJECT001/80/txt20211103174750036481/NATEON_36_08_set/",
    "category": 2,
    "type": 0
  },
  "licenses": {
    "name": "Apache License 1.0",
    "url": "http://www.apache.org/licenses/LICENSE-1.0"
  },
  "info": [
    {
      "id": 136250,
      "filename": "NATEON_36_08.txt",
      "title": "NATEON_36_08",
      "mediatype": "메신저",
      "medianame": "네이트온",
      "category": "일상대화",
      "date": "2021-11-03",
      "size": 431,
      "annotations": {
        "subject": "연애/결혼",
        "speaker_type": "다자간 대화",
        "size": 431,
        "word_size": 145,
        "text": "1 : 내 동생이 먼저 시집가다니...\n2 : 아 동생 이번에 결혼 해?\n3 : 결국엔 너보다... 빨리 가는구나...\n1 : 응.. 나보다 먼저 가다니^^\n2 : 그러게 너네 동생 나보다도 일찍 가네... 우울\n3 : 키키 너도 충격이 엄청 크네\n1 : 내 동생이 벌써 시집을 가냐 어떻게\n2 : 그러니까 동생도 이제 다 큰 거야 키키\n3 : 그러니까 들으니까 핵 소름이다\n1 : 내 말이 항상 어리게만 봤는데\n2 : 아직 우리한테는 애기처럼 보이는데 키키\n2 : 어른 다 됐네 키키\n3 : 이제 동생 어리게 보지 마\n1 : 그러니까 이제 좀 잘 해줘야겠네 키키\n2 : 나중에 어엿한 아빠 돼 있어도 신기 할 듯 키키\n3 : 키키 그러니까 너희 동생 이제 어른이네 완전\n1 : 어, 가전제품 하나 사 줘야지\n2 : 응 그치 하나 넣어 줘야지...\n2 : 내 돈 안녕\n3 : 그래 좋은 걸로 하나 사주라!",
        "lines": [
          {
            "id": 1,
            "text": "1 : 내 동생이 먼저 시집가다니...",
            "norm_text": "내 동생이 먼저 시집가다니...",
            "speaker": {
              "id": "1번",
              "sex": "여성",
              "age": "20대"
            },
            "speechAct": "(단언) 주장하기",
            "morpheme": "내/NP+JKG+동생/NNG+이/JKS+먼저/MAG+시집가/VV+다니/EF+./SY"
          },
          {
            "id": 2,
            "text": "2 : 아 동생 이번에 결혼 해?",
            "norm_text": "아 동생 이번에 결혼 해?",
            "speaker": {
              "id": "2번",
              "sex": "여성",
              "age": "20대"
            },
            "speechAct": "(지시) 질문하기",
            "morpheme": "아동/NNG+생/XSN+이번/NNG+에/JKB+결혼/NNG+해/XSV+EF"
          },
          {
            "id": 3,
            "text": "3 : 결국엔 너보다... 빨리 가는구나...",
            "norm_text": "결국엔 너보다... 빨리 가는구나...",
            "speaker": {
              "id": "3번",
              "sex": "남성",
              "age": "20대"
            },
            "speechAct": "(단언) 주장하기",
            "morpheme": "결국/NNG+엔/JKB+JX+너/NP+보다/JKB+./SY+빨리/MAG+가/VV+는구나/EF+./SY"
          },
          {
            "id": 4,
            "text": "1 : 응.. 나보다 먼저 가다니^^",
            "norm_text": "응.. 나보다 먼저 가다니^^",
            "speaker": {
              "id": "1번",
              "sex": "여성",
              "age": "20대"
            },
            "speechAct": "(단언) 주장하기",
            "morpheme": "응/IC+./SY+나/NP+보다/JKB+먼저/MAG+가/VV+다니/EC+^/SY+^/SY"
          },
          {
            "id": 5,
            "text": "2 : 그러게 너네 동생 나보다도 일찍 가네... 우울",
            "norm_text": "그러게 너네 동생 나보다도 일찍 가네... 우울",
            "speaker": {
              "id": "2번",
              "sex": "여성",
              "age": "20대"
            },
            "speechAct": "(단언) 주장하기",
            "morpheme": "그러게/IC+너/NP+네/XSN+동생/NNG+나/NP+보다/JKB+도/JX+일찍/MAG+가/VV+네/EF+./SY+우울/NNG"
          },
          {
            "id": 6,
            "text": "3 : 키키 너도 충격이 엄청 크네",
            "norm_text": "키키 너도 충격이 엄청 크네",
            "speaker": {
              "id": "3번",
              "sex": "남성",
              "age": "20대"
            },
            "speechAct": "(단언) 주장하기",
            "morpheme": "키/NNG+키/XSV+ETN+너/NP+도/JX+충격/NNG+이/JKS+엄청/MAG+크/VA+네/EC"
          },
          {
            "id": 7,
            "text": "1 : 내 동생이 벌써 시집을 가냐 어떻게",
            "norm_text": "내 동생이 벌써 시집을 가냐 어떻게",
            "speaker": {
              "id": "1번",
              "sex": "여성",
              "age": "20대"
            },
            "speechAct": "(단언) 주장하기",
            "morpheme": "내/NP+JKG+동생/NNG+이/JKS+벌써/MAG+시집/NNG+을/JKO+가/VV+냐/EC+어떻/VA+게/EC"
          },
          {
            "id": 8,
            "text": "2 : 그러니까 동생도 이제 다 큰 거야 키키",
            "norm_text": "그러니까 동생도 이제 다 큰 거야 키키",
            "speaker": {
              "id": "2번",
              "sex": "여성",
              "age": "20대"
            },
            "speechAct": "(단언) 주장하기",
            "morpheme": "그러니까/MAJ+동생/NNG+도/JX+이제/MAG+다/MAG+큰/VA+ETM+거/NNB+야/VCP+EF+키/NNG+키/XSV+ETN"
          },
          {
            "id": 9,
            "text": "3 : 그러니까 들으니까 핵 소름이다",
            "norm_text": "그러니까 들으니까 핵 소름이다",
            "speaker": {
              "id": "3번",
              "sex": "남성",
              "age": "20대"
            },
            "speechAct": "(단언) 주장하기",
            "morpheme": "그러니까/MAJ+들으니까/VV+EC+핵/NNG+소름/NNG+이/VCP+다/EC"
          },
          {
            "id": 10,
            "text": "1 : 내 말이 항상 어리게만 봤는데",
            "norm_text": "내 말이 항상 어리게만 봤는데",
            "speaker": {
              "id": "1번",
              "sex": "여성",
              "age": "20대"
            },
            "speechAct": "(단언) 주장하기",
            "morpheme": "내말이/NP+JKG+NNG+JKS+항상/MAG+어리/VA+게/EC+만/JX+봤/VV+EP+는데/EC"
          },
          {
            "id": 11,
            "text": "2 : 아직 우리한테는 애기처럼 보이는데 키키",
            "norm_text": "아직 우리한테는 애기처럼 보이는데 키키",
            "speaker": {
              "id": "2번",
              "sex": "여성",
              "age": "20대"
            },
            "speechAct": "(단언) 주장하기",
            "morpheme": "아직/MAG+우리/NP+한테/JKB+는/JX+애기/NNG+처럼/JKB+보이/VV+는데/EC+키/NNG+키/XSV+ETN"
          },
          {
            "id": 12,
            "text": "2 : 어른 다 됐네 키키",
            "norm_text": "어른 다 됐네 키키",
            "speaker": {
              "id": "2번",
              "sex": "여성",
              "age": "20대"
            },
            "speechAct": "(단언) 주장하기",
            "morpheme": "어른/NNG+다/MAG+됐/VV+EP+네/EF+키/NNG+키/XSV+ETN"
          },
          {
            "id": 13,
            "text": "3 : 이제 동생 어리게 보지 마",
            "norm_text": "이제 동생 어리게 보지 마",
            "speaker": {
              "id": "3번",
              "sex": "남성",
              "age": "20대"
            },
            "speechAct": "(단언) 주장하기",
            "morpheme": "이제/MAG+동생/NNG+어리/VA+게/EC+보/VX+지/EC+마/VX+EC"
          },
          {
            "id": 14,
            "text": "1 : 그러니까 이제 좀 잘 해줘야겠네 키키",
            "norm_text": "그러니까 이제 좀 잘 해줘야겠네 키키",
            "speaker": {
              "id": "1번",
              "sex": "여성",
              "age": "20대"
            },
            "speechAct": "(단언) 주장하기",
            "morpheme": "그러니까/MAJ+이제/MAG+좀/MAG+잘/MAG+해줘야/VV+EC+VX+EC+VX+겠/EP+네/EF+키/NNG+키/XSV+ETN"
          },
          {
            "id": 15,
            "text": "2 : 나중에 어엿한 아빠 돼 있어도 신기 할 듯 키키",
            "norm_text": "나중에 어엿한 아빠 돼 있어도 신기 할 듯 키키",
            "speaker": {
              "id": "2번",
              "sex": "여성",
              "age": "20대"
            },
            "speechAct": "(단언) 주장하기",
            "morpheme": "나중/NNG+에/JKB+어엿/XR+한/XSA+ETM+아빠/NNG+돼/XSV+EC+있/VX+어도/EC+신기/NNG+할/XSV+ETM+듯/NNB+키/NNG+키/XSV+ETN"
          },
          {
            "id": 16,
            "text": "3 : 키키 그러니까 너희 동생 이제 어른이네 완전",
            "norm_text": "키키 그러니까 너희 동생 이제 어른이네 완전",
            "speaker": {
              "id": "3번",
              "sex": "남성",
              "age": "20대"
            },
            "speechAct": "(단언) 주장하기",
            "morpheme": "키/NNG+키/XSV+ETN+그러니까/MAJ+너희/NP+동생/NNG+이제/MAG+어른/NNG+이/JKS+네/MM+완전/NNG"
          },
          {
            "id": 17,
            "text": "1 : 어, 가전제품 하나 사 줘야지",
            "norm_text": "어, 가전제품 하나 사 줘야지",
            "speaker": {
              "id": "1번",
              "sex": "여성",
              "age": "20대"
            },
            "speechAct": "(단언) 주장하기",
            "morpheme": "어/IC+,/SC+가전제품/NNG+하나/NR+사/NR+줘야지/VV+EC"
          },
          {
            "id": 18,
            "text": "2 : 응 그치 하나 넣어 줘야지...",
            "norm_text": "응 그치 하나 넣어 줘야지...",
            "speaker": {
              "id": "2번",
              "sex": "여성",
              "age": "20대"
            },
            "speechAct": "(단언) 주장하기",
            "morpheme": "응/IC+그치/IC+하나/NR+넣/VV+어/EC+줘야지/VX+EF+./SY"
          },
          {
            "id": 19,
            "text": "2 : 내 돈 안녕",
            "norm_text": "내 돈 안녕",
            "speaker": {
              "id": "2번",
              "sex": "여성",
              "age": "20대"
            },
            "speechAct": "(단언) 주장하기",
            "morpheme": "내/NP+JKG+돈/NNG+안녕/NNG"
          },
          {
            "id": 20,
            "text": "3 : 그래 좋은 걸로 하나 사주라!",
            "norm_text": "그래 좋은 걸로 하나 사주라!",
            "speaker": {
              "id": "3번",
              "sex": "남성",
              "age": "20대"
            },
            "speechAct": "(단언) 주장하기",
            "morpheme": "그래/IC+좋/VA+은/ETM+걸로/NNB+JKB+하나/NR+사/NR+주/NNBC+라/VCP+EF"
          }
        ]
      }
    }
  ]
}