{
  "dataset": {
    "identifier": 124866,
    "name": "NATEON_45_09_set",
    "src_path": "/data/file/cubeManager/PROJECT001/84/txt20211105113423089236/NATEON_45_09_set/",
    "label_path": "/data/file/cubeManager/PROJECT001/84/txt20211105113423089236/NATEON_45_09_set/",
    "category": 2,
    "type": 0
  },
  "licenses": {
    "name": "Apache License 1.0",
    "url": "http://www.apache.org/licenses/LICENSE-1.0"
  },
  "info": [
    {
      "id": 138904,
      "filename": "NATEON_45_09.txt",
      "title": "NATEON_45_09",
      "mediatype": "메신저",
      "medianame": "네이트온",
      "category": "일상대화",
      "date": "2021-11-05",
      "size": 377,
      "annotations": {
        "subject": "반려동물",
        "speaker_type": "다자간 대화",
        "size": 377,
        "word_size": 138,
        "text": "1 : 나 펫 용품 샵 왔어\n2 : 강아지 용품 사러 갔어?\n3 : 오 강아지 용품 사려고?\n1 : 응 하하 이번에 강아지 옷 사주려고\n2 : 오 강아지 옷 이쁜 거 많아?\n3 : 오 겨울이니까 패딩 어때 하하\n1 : 응 ㅠㅠ 그래서 뭘 사줘야 할까\n2 : 음 강아지 몽클 패딩도 있더라 키키\n3 : 겨울이니까 양말? 그런 건 어때\n1 : 우리 애기는 양말은 안 신더라 ㅠ\n2 : 맞아\n2 : 강아지들 발에 뭐 신기는 거 싫어 하더라 키키\n3 : 음 그럼 귀마개나 패딩!\n1 : 아 패딩 좋다 그걸로 볼까?\n2 : 귀마개 완전 귀여울 거 같아 ㅠㅠ\n3 : 응 요즘 그런 거 많이 입히더라\n1 : 그래 그런 종류로 봐야겠다 하하\n2 : 패딩이랑 귀마개 둘 다 사자!\n3 : 응 하하\n3 : 강아지도 좋아 하겠다",
        "lines": [
          {
            "id": 1,
            "text": "1 : 나 펫 용품 샵 왔어",
            "norm_text": "나 펫 용품 샵 왔어",
            "speaker": {
              "id": "1번",
              "sex": "여성",
              "age": "20대"
            },
            "speechAct": "(단언) 진술하기",
            "morpheme": "나펫용품샵왔어/UNKNOWN"
          },
          {
            "id": 2,
            "text": "2 : 강아지 용품 사러 갔어?",
            "norm_text": "강아지 용품 사러 갔어?",
            "speaker": {
              "id": "2번",
              "sex": "여성",
              "age": "20대"
            },
            "speechAct": "(지시) 질문하기",
            "morpheme": "강아지/NNG+용품/NNG+사/VV+러/EC+갔/VV+EP+어/EF"
          },
          {
            "id": 3,
            "text": "3 : 오 강아지 용품 사려고?",
            "norm_text": "오 강아지 용품 사려고?",
            "speaker": {
              "id": "3번",
              "sex": "남성",
              "age": "20대"
            },
            "speechAct": "(지시) 질문하기",
            "morpheme": "오/NR+강아지/NNG+용품/NNG+사/VV+려고/EF"
          },
          {
            "id": 4,
            "text": "1 : 응 하하 이번에 강아지 옷 사주려고",
            "norm_text": "응 하하 이번에 강아지 옷 사주려고",
            "speaker": {
              "id": "1번",
              "sex": "여성",
              "age": "20대"
            },
            "speechAct": "(단언) 진술하기",
            "morpheme": "응/IC+하하/MAG+이번/NNG+에/JKB+강아지/NNG+옷/NNG+사/VV+EC+주/VX+려고/EC"
          },
          {
            "id": 5,
            "text": "2 : 오 강아지 옷 이쁜 거 많아?",
            "norm_text": "오 강아지 옷 이쁜 거 많아?",
            "speaker": {
              "id": "2번",
              "sex": "여성",
              "age": "20대"
            },
            "speechAct": "(지시) 질문하기",
            "morpheme": "오/NR+강아지/NNG+옷/NNG+이쁜/VA+ETM+거/NNB+많/VA+아/EF"
          },
          {
            "id": 6,
            "text": "3 : 오 겨울이니까 패딩 어때 하하",
            "norm_text": "오 겨울이니까 패딩 어때 하하",
            "speaker": {
              "id": "3번",
              "sex": "남성",
              "age": "20대"
            },
            "speechAct": "(지시) 질문하기",
            "morpheme": "오/NR+겨울/NNG+이/VCP+니까/EC+패딩/NNG+어때/VA+EC+하하/MAG"
          },
          {
            "id": 7,
            "text": "1 : 응 ㅠㅠ 그래서 뭘 사줘야 할까",
            "norm_text": "응 ㅠㅠ 그래서 뭘 사줘야 할까",
            "speaker": {
              "id": "1번",
              "sex": "여성",
              "age": "20대"
            },
            "speechAct": "(지시) 질문하기",
            "morpheme": "응/IC+ㅠㅠ/UNKNOWN+그래서/MAJ+뭘/NP+JKO+사/VV+EC+줘야/VX+EC+할까/VX+EC"
          },
          {
            "id": 8,
            "text": "2 : 음 강아지 몽클 패딩도 있더라 키키",
            "norm_text": "음 강아지 몽클 패딩도 있더라 키키",
            "speaker": {
              "id": "2번",
              "sex": "여성",
              "age": "20대"
            },
            "speechAct": "(단언) 진술하기",
            "morpheme": "음/IC+강아지/NNG+몽클/NNG+패딩/NNG+도/JX+있/VA+더라/EC+키/NNG+키/XSV+ETN"
          },
          {
            "id": 9,
            "text": "3 : 겨울이니까 양말? 그런 건 어때",
            "norm_text": "겨울이니까 양말? 그런 건 어때",
            "speaker": {
              "id": "3번",
              "sex": "남성",
              "age": "20대"
            },
            "speechAct": "(지시) 질문하기",
            "morpheme": "겨울/NNG+이/VCP+니까/EC+양말/NNG+그런/MM+건/NNB+JX+어때/VA+EC"
          },
          {
            "id": 10,
            "text": "1 : 우리 애기는 양말은 안 신더라 ㅠ",
            "norm_text": "우리 애기는 양말은 안 신더라 ㅠ",
            "speaker": {
              "id": "1번",
              "sex": "여성",
              "age": "20대"
            },
            "speechAct": "(단언) 진술하기",
            "morpheme": "우리/NP+애기/NNG+는/JX+양말/NNG+은/JX+안/MAG+신/VV+더라/EF+ㅠ/UNKNOWN"
          },
          {
            "id": 11,
            "text": "2 : 맞아",
            "norm_text": "맞아",
            "speaker": {
              "id": "2번",
              "sex": "여성",
              "age": "20대"
            },
            "speechAct": "(단언) 주장하기",
            "morpheme": "맞/VV+아/EC"
          },
          {
            "id": 12,
            "text": "2 : 강아지들 발에 뭐 신기는 거 싫어 하더라 키키",
            "norm_text": "강아지들 발에 뭐 신기는 거 싫어 하더라 키키",
            "speaker": {
              "id": "2번",
              "sex": "여성",
              "age": "20대"
            },
            "speechAct": "(단언) 진술하기",
            "morpheme": "강아지/NNG+들/XSN+발/NNG+에/JKB+뭐/IC+신기/VV+는/ETM+거/NNB+싫/VA+어/EC+하/VV+더라/EC+키/NNG+키/XSV+ETN"
          },
          {
            "id": 13,
            "text": "3 : 음 그럼 귀마개나 패딩!",
            "norm_text": "음 그럼 귀마개나 패딩!",
            "speaker": {
              "id": "3번",
              "sex": "남성",
              "age": "20대"
            },
            "speechAct": "(단언) 주장하기",
            "morpheme": "음/IC+그럼/MAJ+귀마개/NNG+나/JC+패딩/NNG"
          },
          {
            "id": 14,
            "text": "1 : 아 패딩 좋다 그걸로 볼까?",
            "norm_text": "아 패딩 좋다 그걸로 볼까?",
            "speaker": {
              "id": "1번",
              "sex": "여성",
              "age": "20대"
            },
            "speechAct": "(지시) 질문하기",
            "morpheme": "아/IC+패딩/NNG+좋/VA+다/EF+그걸로/NP+JKB+볼까/VV+EF"
          },
          {
            "id": 15,
            "text": "2 : 귀마개 완전 귀여울 거 같아 ㅠㅠ",
            "norm_text": "귀마개 완전 귀여울 거 같아 ㅠㅠ",
            "speaker": {
              "id": "2번",
              "sex": "여성",
              "age": "20대"
            },
            "speechAct": "(단언) 주장하기",
            "morpheme": "귀마개/NNG+완전/NNG+귀여울/VA+ETM+거/NNB+같/VA+아/EC+ㅠㅠ/UNKNOWN"
          },
          {
            "id": 16,
            "text": "3 : 응 요즘 그런 거 많이 입히더라",
            "norm_text": "응 요즘 그런 거 많이 입히더라",
            "speaker": {
              "id": "3번",
              "sex": "남성",
              "age": "20대"
            },
            "speechAct": "(단언) 진술하기",
            "morpheme": "응/IC+요즘/MAG+그런/MM+거/NNB+많이/MAG+입히/VV+더라/EC"
          },
          {
            "id": 17,
            "text": "1 : 그래 그런 종류로 봐야겠다 하하",
            "norm_text": "그래 그런 종류로 봐야겠다 하하",
            "speaker": {
              "id": "1번",
              "sex": "여성",
              "age": "20대"
            },
            "speechAct": "(단언) 주장하기",
            "morpheme": "그래/IC+그런/MM+종류/NNG+로/JKB+봐야겠다/VV+EC+VX+EP+EF+하하/MAG"
          },
          {
            "id": 18,
            "text": "2 : 패딩이랑 귀마개 둘 다 사자!",
            "norm_text": "패딩이랑 귀마개 둘 다 사자!",
            "speaker": {
              "id": "2번",
              "sex": "여성",
              "age": "20대"
            },
            "speechAct": "(단언) 주장하기",
            "morpheme": "패딩/NNG+이랑/JKB+귀마개/NNG+둘/NR+다사/NNG+자/XSN"
          },
          {
            "id": 19,
            "text": "3 : 응 하하",
            "norm_text": "응 하하",
            "speaker": {
              "id": "3번",
              "sex": "남성",
              "age": "20대"
            },
            "speechAct": "(단언) 주장하기",
            "morpheme": "응/IC+하하/MAG"
          },
          {
            "id": 20,
            "text": "3 : 강아지도 좋아 하겠다",
            "norm_text": "강아지도 좋아 하겠다",
            "speaker": {
              "id": "3번",
              "sex": "남성",
              "age": "20대"
            },
            "speechAct": "(단언) 주장하기",
            "morpheme": "강아지/NNG+도/JX+좋/VA+아/EC+하/VX+겠/EP+다/EC"
          }
        ]
      }
    }
  ]
}