{
  "dataset": {
    "identifier": 113310,
    "name": "NATEON_33_13_set",
    "src_path": "/data/file/cubeManager/PROJECT001/80/txt20211102173312094861/NATEON_33_13_set/",
    "label_path": "/data/file/cubeManager/PROJECT001/80/txt20211102173312094861/NATEON_33_13_set/",
    "category": 2,
    "type": 0
  },
  "licenses": {
    "name": "Apache License 1.0",
    "url": "http://www.apache.org/licenses/LICENSE-1.0"
  },
  "info": [
    {
      "id": 131865,
      "filename": "NATEON_33_13.txt",
      "title": "NATEON_33_13",
      "mediatype": "메신저",
      "medianame": "네이트온",
      "category": "일상대화",
      "date": "2021-11-02",
      "size": 442,
      "annotations": {
        "subject": "계절/날씨",
        "speaker_type": "다자간 대화",
        "size": 442,
        "word_size": 144,
        "text": "1 : 나 오늘 집가는길에 미끌어질뻔 했어ㅠㅠ\n2 : 헐랭 왜 어디 얼어 있었어?\n3 : 헐 어쩌다가 항상 다치네\n1 : 아니 날이 좀 추워지니까 물이 얼었더라ㅠ\n2 : 아니 맨날 삐끗하면 발목 강화 시켜야 되는거 아니야?\n3 : 아이고 신발에 미끄럼 방지 없었어?\n1 : 그러게 나 발목 운동 좀 해야겠다ㅠ\n2 : 바닥을 보고 다니라고 할 수도 없고 ㅠㅠ\n3 : 그러니까ㅠ\n3 : 이제 더 추워지면 더 얼텐데\n1 : 그러게 다음에는 바닥보고 다녀야겠다 키키\n2 : 맞아 겨울 되면 너 진짜 조심히 다녀 ㅠㅠ\n3 : 그래도 추워지면 붕어빵이 있으니까!\n1 : 맞아... 그래도 붕어빵 때문에 참는다\n2 : 이제 진짜 붕어빵 계절이 슬슬 다가 오는 듯 키키\n3 : ㅌ 키키 나는 슈크림 든걸로 사먹을거야\n1 : 나는 팥파라서 슈크림 안먹어\n2 : 나는 김치 붕어빵 있는 곳 찾아 갈래 하하\n3 : 음 그럼 나는 특이한 피자!",
        "lines": [
          {
            "id": 1,
            "text": "1 : 나 오늘 집가는길에 미끌어질뻔 했어ㅠㅠ",
            "norm_text": "나 오늘 집가는길에 미끌어질뻔 했어ㅠㅠ",
            "speaker": {
              "id": "1번",
              "sex": "여성",
              "age": "20대"
            },
            "speechAct": "(단언) 주장하기",
            "morpheme": "나/NP+오늘/MAG+집/NNG+가/VV+는/ETM+길/NNG+에/JKB+미끌/VV+어/EC+질/VX+EC+뻔했/VX+EP+어/EF+ㅠㅠ/UNKNOWN"
          },
          {
            "id": 2,
            "text": "2 : 헐랭 왜 어디 얼어 있었어?",
            "norm_text": "헐랭 왜 어디 얼어 있었어?",
            "speaker": {
              "id": "2번",
              "sex": "여성",
              "age": "20대"
            },
            "speechAct": "(지시) 질문하기",
            "morpheme": "헐랭/NNP+왜/MAG+어디/NP+얼/VV+어/EC+있/VX+었/EP+어/EF"
          },
          {
            "id": 3,
            "text": "3 : 헐 어쩌다가 항상 다치네",
            "norm_text": "헐 어쩌다가 항상 다치네",
            "speaker": {
              "id": "3번",
              "sex": "남성",
              "age": "20대"
            },
            "speechAct": "(단언) 주장하기",
            "morpheme": "헐/IC+어쩌다가/MAG+항상/MAG+다치/VV+네/EC"
          },
          {
            "id": 4,
            "text": "1 : 아니 날이 좀 추워지니까 물이 얼었더라ㅠ",
            "norm_text": "아니 날이 좀 추워지니까 물이 얼었더라ㅠ",
            "speaker": {
              "id": "1번",
              "sex": "여성",
              "age": "20대"
            },
            "speechAct": "(단언) 주장하기",
            "morpheme": "아니/IC+날/NNG+이/JKS+좀/MAG+추워/VA+EC+지/VX+니까/EC+물/NNG+이/JKS+얼/VV+었/EP+더라/EF+ㅠ/UNKNOWN"
          },
          {
            "id": 5,
            "text": "2 : 아니 맨날 삐끗하면 발목 강화 시켜야 되는거 아니야?",
            "norm_text": "아니 맨날 삐끗하면 발목 강화 시켜야 되는거 아니야?",
            "speaker": {
              "id": "2번",
              "sex": "여성",
              "age": "20대"
            },
            "speechAct": "(지시) 질문하기",
            "morpheme": "아니/IC+맨날/MAG+삐끗/MAG+하/VV+면/EC+발목/NNG+강화/NNG+시켜야/XSV+EC+되/VV+는/ETM+거/NNB+아니/VCN+야/EF"
          },
          {
            "id": 6,
            "text": "3 : 아이고 신발에 미끄럼 방지 없었어?",
            "norm_text": "아이고 신발에 미끄럼 방지 없었어?",
            "speaker": {
              "id": "3번",
              "sex": "남성",
              "age": "20대"
            },
            "speechAct": "(지시) 질문하기",
            "morpheme": "아이고/IC+신발/NNG+에/JKB+미끄럼/NNG+방지/NNG+없/VA+었/EP+어/EF"
          },
          {
            "id": 7,
            "text": "1 : 그러게 나 발목 운동 좀 해야겠다ㅠ",
            "norm_text": "그러게 나 발목 운동 좀 해야겠다ㅠ",
            "speaker": {
              "id": "1번",
              "sex": "여성",
              "age": "20대"
            },
            "speechAct": "(단언) 주장하기",
            "morpheme": "그러게/IC+나/NP+발목/NNG+운동/NNG+좀/MAG+해야/VV+EC+VX+겠/EP+다ㅠ/UNKNOWN"
          },
          {
            "id": 8,
            "text": "2 : 바닥을 보고 다니라고 할 수도 없고 ㅠㅠ",
            "norm_text": "바닥을 보고 다니라고 할 수도 없고 ㅠㅠ",
            "speaker": {
              "id": "2번",
              "sex": "여성",
              "age": "20대"
            },
            "speechAct": "(단언) 주장하기",
            "morpheme": "바닥/NNG+을/JKO+보/VV+고/EC+다니/VV+라고/EC+할/VX+ETM+수/NNB+도/JX+없/VA+고/EC+ㅠㅠ/UNKNOWN"
          },
          {
            "id": 9,
            "text": "3 : 그러니까ㅠ",
            "norm_text": "그러니까ㅠ",
            "speaker": {
              "id": "3번",
              "sex": "남성",
              "age": "20대"
            },
            "speechAct": "(단언) 주장하기",
            "morpheme": "그러니까/MAJ+ㅠ/UNKNOWN"
          },
          {
            "id": 10,
            "text": "3 : 이제 더 추워지면 더 얼텐데",
            "norm_text": "이제 더 추워지면 더 얼텐데",
            "speaker": {
              "id": "3번",
              "sex": "남성",
              "age": "20대"
            },
            "speechAct": "(단언) 주장하기",
            "morpheme": "이제/MAG+더/MAG+추워/VA+EC+지/VX+면/EC+더/MAG+얼/VV+ETM+텐데/NNB+VCP+EC"
          },
          {
            "id": 11,
            "text": "1 : 그러게 다음에는 바닥보고 다녀야겠다 키키",
            "norm_text": "그러게 다음에는 바닥보고 다녀야겠다 키키",
            "speaker": {
              "id": "1번",
              "sex": "여성",
              "age": "20대"
            },
            "speechAct": "(단언) 주장하기",
            "morpheme": "그러/VV+게/EC+다음/NNG+에/JKB+는/JX+바닥/NNG+보/VV+고/EC+다녀야/VV+EC+겠/EP+다키키/NNP"
          },
          {
            "id": 12,
            "text": "2 : 맞아 겨울 되면 너 진짜 조심히 다녀 ㅠㅠ",
            "norm_text": "맞아 겨울 되면 너 진짜 조심히 다녀 ㅠㅠ",
            "speaker": {
              "id": "2번",
              "sex": "여성",
              "age": "20대"
            },
            "speechAct": "(단언) 주장하기",
            "morpheme": "맞/VV+아/EC+겨울/NNG+되/XSV+면/EC+너/NP+진짜/MAG+조심히/MAG+다녀/VV+EF+ㅠㅠ/UNKNOWN"
          },
          {
            "id": 13,
            "text": "3 : 그래도 추워지면 붕어빵이 있으니까!",
            "norm_text": "그래도 추워지면 붕어빵이 있으니까!",
            "speaker": {
              "id": "3번",
              "sex": "남성",
              "age": "20대"
            },
            "speechAct": "(단언) 주장하기",
            "morpheme": "그래도/MAJ+추워/VA+EC+지/VX+면/EC+붕어빵/NNG+이/JKS+있/VV+으니까/EC"
          },
          {
            "id": 14,
            "text": "1 : 맞아... 그래도 붕어빵 때문에 참는다",
            "norm_text": "맞아... 그래도 붕어빵 때문에 참는다",
            "speaker": {
              "id": "1번",
              "sex": "여성",
              "age": "20대"
            },
            "speechAct": "(단언) 주장하기",
            "morpheme": "맞/VV+아/EF+./SY+그래도/MAJ+붕어빵/NNG+때문/NNB+에/JKB+참/VV+는다/EC"
          },
          {
            "id": 15,
            "text": "2 : 이제 진짜 붕어빵 계절이 슬슬 다가 오는 듯 키키",
            "norm_text": "이제 진짜 붕어빵 계절이 슬슬 다가 오는 듯 키키",
            "speaker": {
              "id": "2번",
              "sex": "여성",
              "age": "20대"
            },
            "speechAct": "(단언) 주장하기",
            "morpheme": "이제/MAG+진짜/MAG+붕어빵/NNG+계절/NNG+이/JKS+슬슬/MAG+다가오/VV+는/ETM+듯/NNB+키/NNG+키/XSV+ETN"
          },
          {
            "id": 16,
            "text": "3 : ㅌ 키키 나는 슈크림 든걸로 사먹을거야",
            "norm_text": "ㅌ 키키 나는 슈크림 든걸로 사먹을거야",
            "speaker": {
              "id": "3번",
              "sex": "남성",
              "age": "20대"
            },
            "speechAct": "(단언) 주장하기",
            "morpheme": "ㅌ키/UNKNOWN+키나/NNG+는/JX+슈크림/NNG+든/VV+ETM+걸로/NNB+JKB+사먹/VV+을/ETM+거/NNB+야/VCP+EF"
          },
          {
            "id": 17,
            "text": "1 : 나는 팥파라서 슈크림 안먹어",
            "norm_text": "나는 팥파라서 슈크림 안먹어",
            "speaker": {
              "id": "1번",
              "sex": "여성",
              "age": "20대"
            },
            "speechAct": "(단언) 주장하기",
            "morpheme": "나/NP+는/JX+팥/NNG+파라/VA+서/EC+슈크림/NNG+안/MAG+먹/VV+어/EC"
          },
          {
            "id": 18,
            "text": "2 : 나는 김치 붕어빵 있는 곳 찾아 갈래 하하",
            "norm_text": "나는 김치 붕어빵 있는 곳 찾아 갈래 하하",
            "speaker": {
              "id": "2번",
              "sex": "여성",
              "age": "20대"
            },
            "speechAct": "(단언) 주장하기",
            "morpheme": "나/NP+는/JX+김치/NNG+붕어빵/NNG+있/VA+는/ETM+곳/NNB+찾아갈래/VV+EF+하하/MAG"
          },
          {
            "id": 19,
            "text": "3 : 음 그럼 나는 특이한 피자!",
            "norm_text": "음 그럼 나는 특이한 피자!",
            "speaker": {
              "id": "3번",
              "sex": "남성",
              "age": "20대"
            },
            "speechAct": "(단언) 주장하기",
            "morpheme": "음/IC+그럼/MAJ+나/NP+는/JX+특이/NNG+한/XSA+ETM+피자/NNG"
          }
        ]
      }
    }
  ]
}