{
  "dataset": {
    "identifier": 123484,
    "name": "NATEON_44_15_set",
    "src_path": "/data/file/cubeManager/PROJECT001/84/txt20211105113423077860/NATEON_44_15_set/",
    "label_path": "/data/file/cubeManager/PROJECT001/84/txt20211105113423077860/NATEON_44_15_set/",
    "category": 2,
    "type": 0
  },
  "licenses": {
    "name": "Apache License 1.0",
    "url": "http://www.apache.org/licenses/LICENSE-1.0"
  },
  "info": [
    {
      "id": 138890,
      "filename": "NATEON_44_15.txt",
      "title": "NATEON_44_15",
      "mediatype": "메신저",
      "medianame": "네이트온",
      "category": "일상대화",
      "date": "2021-11-05",
      "size": 425,
      "annotations": {
        "subject": "타 국가 이슈",
        "speaker_type": "다자간 대화",
        "size": 425,
        "word_size": 151,
        "text": "1 : 너희 일론 머스크 알아?\n2 : 어 그럼 요즘 되게 핫한 인물이잖아 키키\n3 : 맞아 그분 모르는 사람 없을 걸 키키\n1 : 얼마 전에 전세계 최고 부자 됐잖아 키키\n2 : 엥 지금 최고 부자 됐어?\n3 : 와 진짜 그 사람 돈 많이 벌긴 했나 봐\n1 : 원래 부자였는데 전세계 최고 부자\n2 : 아 진짜 부럽다 ㅠㅠ 역시 돈이 돈을 벌어\n3 : 그래서 있는 사람들만 돈 불어 난데 키키\n1 : 전재산이 3000억 달러라고 하네 키키\n2 : 헐 3000억이면 죽을 때까지 다 쓸 수는 있을 까 키키\n3 : 그 정도면 3대 까지 먹고 살겠어 키키\n1 : 아마 테슬라 주식의 힘도 큰가 봐\n2 : 맞아\n2 : 주식 자꾸 올라가니까 키키\n3 : 너네는 테슬라 주식 샀어?\n1 : 저도 테슬라 한 주만 주세요...\n2 : 아니 난 해외 주식은 안 해 ㅠㅠ\n3 : 나도 국내에만 투자 하고 있어",
        "lines": [
          {
            "id": 1,
            "text": "1 : 너희 일론 머스크 알아?",
            "norm_text": "너희 일론 머스크 알아?",
            "speaker": {
              "id": "1번",
              "sex": "여성",
              "age": "20대"
            },
            "speechAct": "(지시) 질문하기",
            "morpheme": "너희/NP+일/NNG+론/XSN+머스크/NNG+알/VV+아/EF"
          },
          {
            "id": 2,
            "text": "2 : 어 그럼 요즘 되게 핫한 인물이잖아 키키",
            "norm_text": "어 그럼 요즘 되게 핫한 인물이잖아 키키",
            "speaker": {
              "id": "2번",
              "sex": "여성",
              "age": "20대"
            },
            "speechAct": "(단언) 주장하기",
            "morpheme": "어/IC+그럼/MAJ+요즘/MAG+되게/MAG+핫/NNG+한/XSA+ETM+인물/NNG+이/VCP+잖아/EC+키/NNG+키/XSV+ETN"
          },
          {
            "id": 3,
            "text": "3 : 맞아 그분 모르는 사람 없을 걸 키키",
            "norm_text": "맞아 그분 모르는 사람 없을 걸 키키",
            "speaker": {
              "id": "3번",
              "sex": "남성",
              "age": "20대"
            },
            "speechAct": "(단언) 주장하기",
            "morpheme": "맞/VV+아/EC+그분/NP+모르/VV+는/ETM+사람/NNG+없/VA+을/ETM+걸/NNB+JKO+키/NNG+키/XSV+ETN"
          },
          {
            "id": 4,
            "text": "1 : 얼마 전에 전세계 최고 부자 됐잖아 키키",
            "norm_text": "얼마 전에 전세계 최고 부자 됐잖아 키키",
            "speaker": {
              "id": "1번",
              "sex": "여성",
              "age": "20대"
            },
            "speechAct": "(단언) 주장하기",
            "morpheme": "얼마/NNG+전/NNG+에/JKB+전/MM+세계/NNG+최고/NNG+부자/NNG+됐/XSV+EP+잖아/EF+키/NNG+키/XSV+ETN"
          },
          {
            "id": 5,
            "text": "2 : 엥 지금 최고 부자 됐어?",
            "norm_text": "엥 지금 최고 부자 됐어?",
            "speaker": {
              "id": "2번",
              "sex": "여성",
              "age": "20대"
            },
            "speechAct": "(지시) 질문하기",
            "morpheme": "엥/IC+지금/MAG+최고/NNG+부자/NNG+됐/XSV+EP+어/EF"
          },
          {
            "id": 6,
            "text": "3 : 와 진짜 그 사람 돈 많이 벌긴 했나 봐",
            "norm_text": "와 진짜 그 사람 돈 많이 벌긴 했나 봐",
            "speaker": {
              "id": "3번",
              "sex": "남성",
              "age": "20대"
            },
            "speechAct": "(단언) 주장하기",
            "morpheme": "와/IC+진짜/MAG+그/MM+사람/NNG+돈/NNG+많이/MAG+벌/VV+긴/ETN+JX+했/VX+EP+나/EC+봐/VX+EC"
          },
          {
            "id": 7,
            "text": "1 : 원래 부자였는데 전세계 최고 부자",
            "norm_text": "원래 부자였는데 전세계 최고 부자",
            "speaker": {
              "id": "1번",
              "sex": "여성",
              "age": "20대"
            },
            "speechAct": "(단언) 진술하기",
            "morpheme": "원래/MAG+부자/NNG+였/VCP+EP+는데/EC+전/MM+세계/NNG+최고/NNG+부자/NNG"
          },
          {
            "id": 8,
            "text": "2 : 아 진짜 부럽다 ㅠㅠ 역시 돈이 돈을 벌어",
            "norm_text": "아 진짜 부럽다 ㅠㅠ 역시 돈이 돈을 벌어",
            "speaker": {
              "id": "2번",
              "sex": "여성",
              "age": "20대"
            },
            "speechAct": "(단언) 주장하기",
            "morpheme": "아/IC+진짜/MAG+부럽/VA+다/EF+ㅠㅠ/UNKNOWN+역시/MAJ+돈/NNG+이/JKS+돈/NNG+을/JKO+벌/VV+어/EC"
          },
          {
            "id": 9,
            "text": "3 : 그래서 있는 사람들만 돈 불어 난데 키키",
            "norm_text": "그래서 있는 사람들만 돈 불어 난데 키키",
            "speaker": {
              "id": "3번",
              "sex": "남성",
              "age": "20대"
            },
            "speechAct": "(단언) 주장하기",
            "morpheme": "그래서/MAJ+있/VA+는/ETM+사람/NNG+들/XSN+만/JX+돈/NNG+불어난/VV+ETM+데/NNB+키/NNG+키/XSV+ETN"
          },
          {
            "id": 10,
            "text": "1 : 전재산이 3000억 달러라고 하네 키키",
            "norm_text": "전재산이 3000억 달러라고 하네 키키",
            "speaker": {
              "id": "1번",
              "sex": "여성",
              "age": "20대"
            },
            "speechAct": "(단언) 진술하기",
            "morpheme": "전/MM+재산/NNG+이/JKS+3000/SN+억/NR+달러/NNBC+라고/VCP+EC+하/VX+네/EF+키/NNG+키/XSV+ETN"
          },
          {
            "id": 11,
            "text": "2 : 헐 3000억이면 죽을 때까지 다 쓸 수는 있을 까 키키",
            "norm_text": "헐 3000억이면 죽을 때까지 다 쓸 수는 있을 까 키키",
            "speaker": {
              "id": "2번",
              "sex": "여성",
              "age": "20대"
            },
            "speechAct": "(단언) 주장하기",
            "morpheme": "헐/VV+ETM+3000/SN+억/NR+이/VCP+면/EC+죽/VV+을/ETM+때/NNG+까지/JX+다/MAG+쓸/VV+ETM+수/NNB+는/JX+있/VX+을까/EC+키/NNG+키/XSV+ETN"
          },
          {
            "id": 12,
            "text": "3 : 그 정도면 3대 까지 먹고 살겠어 키키",
            "norm_text": "그 정도면 3대 까지 먹고 살겠어 키키",
            "speaker": {
              "id": "3번",
              "sex": "남성",
              "age": "20대"
            },
            "speechAct": "(단언) 주장하기",
            "morpheme": "그/MM+정도/NNG+면/VCP+EC+3/SN+대/NNBC+까지/JX+먹/VV+고/EC+살/VV+겠/EP+어/EC+키/NNG+키/XSV+ETN"
          },
          {
            "id": 13,
            "text": "1 : 아마 테슬라 주식의 힘도 큰가 봐",
            "norm_text": "아마 테슬라 주식의 힘도 큰가 봐",
            "speaker": {
              "id": "1번",
              "sex": "여성",
              "age": "20대"
            },
            "speechAct": "(단언) 주장하기",
            "morpheme": "아마/MAG+테슬라/NNP+주식/NNG+의/JKG+힘/NNG+도/JX+큰가/VA+EC+봐/VX+EC"
          },
          {
            "id": 14,
            "text": "2 : 맞아",
            "norm_text": "맞아",
            "speaker": {
              "id": "2번",
              "sex": "여성",
              "age": "20대"
            },
            "speechAct": "(단언) 주장하기",
            "morpheme": "맞/VV+아/EC"
          },
          {
            "id": 15,
            "text": "2 : 주식 자꾸 올라가니까 키키",
            "norm_text": "주식 자꾸 올라가니까 키키",
            "speaker": {
              "id": "2번",
              "sex": "여성",
              "age": "20대"
            },
            "speechAct": "(단언) 주장하기",
            "morpheme": "주식/NNG+자꾸/MAG+올라가/VV+니까/EC+키/NNG+키/XSV+ETN"
          },
          {
            "id": 16,
            "text": "3 : 너네는 테슬라 주식 샀어?",
            "norm_text": "너네는 테슬라 주식 샀어?",
            "speaker": {
              "id": "3번",
              "sex": "남성",
              "age": "20대"
            },
            "speechAct": "(지시) 질문하기",
            "morpheme": "너/NP+네/XSN+는/JX+테슬라/NNP+주식/NNG+샀/VV+EP+어/EF"
          },
          {
            "id": 17,
            "text": "1 : 저도 테슬라 한 주만 주세요...",
            "norm_text": "저도 테슬라 한 주만 주세요...",
            "speaker": {
              "id": "1번",
              "sex": "여성",
              "age": "20대"
            },
            "speechAct": "(단언) 주장하기",
            "morpheme": "저/NP+도/JX+테슬라/NNP+한/MM+주/NNBC+만/JX+주/VX+세요/EP+EF+./SY"
          },
          {
            "id": 18,
            "text": "2 : 아니 난 해외 주식은 안 해 ㅠㅠ",
            "norm_text": "아니 난 해외 주식은 안 해 ㅠㅠ",
            "speaker": {
              "id": "2번",
              "sex": "여성",
              "age": "20대"
            },
            "speechAct": "(단언) 주장하기",
            "morpheme": "아니/IC+난/NP+JX+해외/NNG+주식/NNG+은/JX+안/MAG+해/VV+EC+ㅠㅠ/UNKNOWN"
          },
          {
            "id": 19,
            "text": "3 : 나도 국내에만 투자 하고 있어",
            "norm_text": "나도 국내에만 투자 하고 있어",
            "speaker": {
              "id": "3번",
              "sex": "남성",
              "age": "20대"
            },
            "speechAct": "(단언) 주장하기",
            "morpheme": "나/NP+도/JX+국내/NNG+에/JKB+만/JX+투자/NNG+하/XSV+고/EC+있/VX+어/EC"
          }
        ]
      }
    }
  ]
}