{
  "dataset": {
    "identifier": 113939,
    "name": "NATEON_36_11_set",
    "src_path": "/data/file/cubeManager/PROJECT001/80/txt20211103174750038767/NATEON_36_11_set/",
    "label_path": "/data/file/cubeManager/PROJECT001/80/txt20211103174750038767/NATEON_36_11_set/",
    "category": 2,
    "type": 0
  },
  "licenses": {
    "name": "Apache License 1.0",
    "url": "http://www.apache.org/licenses/LICENSE-1.0"
  },
  "info": [
    {
      "id": 136253,
      "filename": "NATEON_36_11.txt",
      "title": "NATEON_36_11",
      "mediatype": "메신저",
      "medianame": "네이트온",
      "category": "일상대화",
      "date": "2021-11-03",
      "size": 392,
      "annotations": {
        "subject": "게임",
        "speaker_type": "다자간 대화",
        "size": 392,
        "word_size": 148,
        "text": "1 : 나 이제 카트 질렸어 ㅠ\n2 : 오 드디어?\n2 : 안 한다 더니 키키 시작 했네\n3 : 그럼 무슨 게임 하고 싶은데\n1 : 응 시작했는데 며칠 만에 질림\n2 : 뭐야 근데 현질 했어?\n3 : 키키 그러게 너 현질 했다며\n1 : 현질 하니까 엄청 질렸나 봐 아마도...\n2 : 꾸준히 해봐 키키\n2 : 돈 지른 거 아까워 ㅠ\n2 : 한 달 더 해\n3 : 에이 그러면 너무 돈 아깝지\n1 : 아니야 이제 다른 게임 할래 ㅠ\n2 : 이번엔 무슨 게임 해 보려고?\n3 : 너 좋은 차도 엄청 많잖아\n1 : 아 그건 그렇네 차들은 어째?\n2 : 그 차들은 이제 창고로 들어가야지 키키\n3 : 그 차들 나한테 선물 못해?\n1 : 내가 산 건 선물 안 되던데 ㅠ\n2 : 그냥 생각날 때 한번씩 해 줘 키키\n3 : 에이 그럼 카트나 계속해 ㅠ",
        "lines": [
          {
            "id": 1,
            "text": "1 : 나 이제 카트 질렸어 ㅠ",
            "norm_text": "나 이제 카트 질렸어 ㅠ",
            "speaker": {
              "id": "1번",
              "sex": "여성",
              "age": "20대"
            },
            "speechAct": "(단언) 진술하기",
            "morpheme": "나/NP+이제/MAG+카트/NNG+질렸/VV+EP+어ㅠ/UNKNOWN"
          },
          {
            "id": 2,
            "text": "2 : 오 드디어?",
            "norm_text": "오 드디어?",
            "speaker": {
              "id": "2번",
              "sex": "여성",
              "age": "20대"
            },
            "speechAct": "(지시) 질문하기",
            "morpheme": "오/IC+드디어/MAG"
          },
          {
            "id": 3,
            "text": "2 : 안 한다 더니 키키 시작 했네",
            "norm_text": "안 한다 더니 키키 시작 했네",
            "speaker": {
              "id": "2번",
              "sex": "여성",
              "age": "20대"
            },
            "speechAct": "(단언) 진술하기",
            "morpheme": "안/MAG+한다더니/VV+EC+키/NNG+키/NNG+시작/NNG+했/XSV+EP+네/EF"
          },
          {
            "id": 4,
            "text": "3 : 그럼 무슨 게임 하고 싶은데",
            "norm_text": "그럼 무슨 게임 하고 싶은데",
            "speaker": {
              "id": "3번",
              "sex": "남성",
              "age": "20대"
            },
            "speechAct": "(지시) 질문하기",
            "morpheme": "그럼/MAJ+무슨/MM+게임/NNG+하/XSV+고/EC+싶/VX+은데/EC"
          },
          {
            "id": 5,
            "text": "1 : 응 시작했는데 며칠 만에 질림",
            "norm_text": "응 시작했는데 며칠 만에 질림",
            "speaker": {
              "id": "1번",
              "sex": "여성",
              "age": "20대"
            },
            "speechAct": "(단언) 진술하기",
            "morpheme": "응/IC+시작/NNG+했/XSV+EP+는데/EC+며칠/NNG+만/NNB+에/JKB+질림/VV+ETN"
          },
          {
            "id": 6,
            "text": "2 : 뭐야 근데 현질 했어?",
            "norm_text": "뭐야 근데 현질 했어?",
            "speaker": {
              "id": "2번",
              "sex": "여성",
              "age": "20대"
            },
            "speechAct": "(지시) 질문하기",
            "morpheme": "뭐/NP+야/VCP+EF+근데/MAJ+현질/NNG+했/XSV+EP+어/EF"
          },
          {
            "id": 7,
            "text": "3 : 키키 그러게 너 현질 했다며",
            "norm_text": "키키 그러게 너 현질 했다며",
            "speaker": {
              "id": "3번",
              "sex": "남성",
              "age": "20대"
            },
            "speechAct": "(단언) 진술하기",
            "morpheme": "키/NNG+키/XSV+ETN+그러/VV+게/EC+너/NP+현질/NNG+했/XSV+EP+다며/EC"
          },
          {
            "id": 8,
            "text": "1 : 현질 하니까 엄청 질렸나 봐 아마도...",
            "norm_text": "현질 하니까 엄청 질렸나 봐 아마도...",
            "speaker": {
              "id": "1번",
              "sex": "여성",
              "age": "20대"
            },
            "speechAct": "(단언) 주장하기",
            "morpheme": "현질/NNG+하/XSV+니까/EC+엄청/MAG+질렸/VV+EP+나/EC+봐/VX+EF+아마도/MAG+./SY"
          },
          {
            "id": 9,
            "text": "2 : 꾸준히 해봐 키키",
            "norm_text": "꾸준히 해봐 키키",
            "speaker": {
              "id": "2번",
              "sex": "여성",
              "age": "20대"
            },
            "speechAct": "(지시) 충고/제안하기",
            "morpheme": "꾸준히/MAG+해/VV+EC+봐/VX+EF+키/NNG+키/XSV+ETN"
          },
          {
            "id": 10,
            "text": "2 : 돈 지른 거 아까워 ㅠ",
            "norm_text": "돈 지른 거 아까워 ㅠ",
            "speaker": {
              "id": "2번",
              "sex": "여성",
              "age": "20대"
            },
            "speechAct": "(단언) 주장하기",
            "morpheme": "돈지른거아까워ㅠ/UNKNOWN"
          },
          {
            "id": 11,
            "text": "2 : 한 달 더 해",
            "norm_text": "한 달 더 해",
            "speaker": {
              "id": "2번",
              "sex": "여성",
              "age": "20대"
            },
            "speechAct": "(지시) 충고/제안하기",
            "morpheme": "한/MM+달/NNBC+더/MAG+해/VV+EC"
          },
          {
            "id": 12,
            "text": "3 : 에이 그러면 너무 돈 아깝지",
            "norm_text": "에이 그러면 너무 돈 아깝지",
            "speaker": {
              "id": "3번",
              "sex": "남성",
              "age": "20대"
            },
            "speechAct": "(단언) 주장하기",
            "morpheme": "에이/IC+그러면/MAJ+너무/MAG+돈/NNG+아깝/VA+지/EC"
          },
          {
            "id": 13,
            "text": "1 : 아니야 이제 다른 게임 할래 ㅠ",
            "norm_text": "아니야 이제 다른 게임 할래 ㅠ",
            "speaker": {
              "id": "1번",
              "sex": "여성",
              "age": "20대"
            },
            "speechAct": "(단언) 주장하기",
            "morpheme": "아니야/IC+이제/MAG+다른/MM+게임/NNG+할/XSV+ETM+래ㅠ/UNKNOWN"
          },
          {
            "id": 14,
            "text": "2 : 이번엔 무슨 게임 해 보려고?",
            "norm_text": "이번엔 무슨 게임 해 보려고?",
            "speaker": {
              "id": "2번",
              "sex": "여성",
              "age": "20대"
            },
            "speechAct": "(지시) 질문하기",
            "morpheme": "이번/NNG+엔/JKB+JX+무슨/MM+게임/NNG+해/XSV+EC+보/VX+려고/EF"
          },
          {
            "id": 15,
            "text": "3 : 너 좋은 차도 엄청 많잖아",
            "norm_text": "너 좋은 차도 엄청 많잖아",
            "speaker": {
              "id": "3번",
              "sex": "남성",
              "age": "20대"
            },
            "speechAct": "(단언) 진술하기",
            "morpheme": "너/NP+좋/VA+은/ETM+차/NNG+도/JX+엄청/MAG+많/VA+잖아/EC"
          },
          {
            "id": 16,
            "text": "1 : 아 그건 그렇네 차들은 어째?",
            "norm_text": "아 그건 그렇네 차들은 어째?",
            "speaker": {
              "id": "1번",
              "sex": "여성",
              "age": "20대"
            },
            "speechAct": "(지시) 질문하기",
            "morpheme": "아/IC+그건/NP+JX+그렇/VA+네/EF+차/NNG+들/XSN+은/JX+어째/VV+EF"
          },
          {
            "id": 17,
            "text": "2 : 그 차들은 이제 창고로 들어가야지 키키",
            "norm_text": "그 차들은 이제 창고로 들어가야지 키키",
            "speaker": {
              "id": "2번",
              "sex": "여성",
              "age": "20대"
            },
            "speechAct": "(단언) 주장하기",
            "morpheme": "그/MM+차/NNG+들/XSN+은/JX+이제/MAG+창고/NNG+로/JKB+들어가/VV+야지/EC+키/NNG+키/XSV+ETN"
          },
          {
            "id": 18,
            "text": "3 : 그 차들 나한테 선물 못해?",
            "norm_text": "그 차들 나한테 선물 못해?",
            "speaker": {
              "id": "3번",
              "sex": "남성",
              "age": "20대"
            },
            "speechAct": "(지시) 질문하기",
            "morpheme": "그/MM+차/NNG+들/XSN+나/NP+한테/JKB+선물/NNG+못/MAG+해/VV+EF"
          },
          {
            "id": 19,
            "text": "1 : 내가 산 건 선물 안 되던데 ㅠ",
            "norm_text": "내가 산 건 선물 안 되던데 ㅠ",
            "speaker": {
              "id": "1번",
              "sex": "여성",
              "age": "20대"
            },
            "speechAct": "(단언) 진술하기",
            "morpheme": "내/NP+가/JKS+산/VV+ETM+건/NNB+JX+선물/NNG+안/MAG+되/VV+던/ETM+데ㅠ/UNKNOWN"
          },
          {
            "id": 20,
            "text": "2 : 그냥 생각날 때 한번씩 해 줘 키키",
            "norm_text": "그냥 생각날 때 한번씩 해 줘 키키",
            "speaker": {
              "id": "2번",
              "sex": "여성",
              "age": "20대"
            },
            "speechAct": "(지시) 충고/제안하기",
            "morpheme": "그냥/MAG+생각/NNG+날/NNG+때/NNG+한/MM+번/NNBC+씩/XSN+해/VV+EC+줘/VX+EC+키/NNG+키/XSV+ETN"
          },
          {
            "id": 21,
            "text": "3 : 에이 그럼 카트나 계속해 ㅠ",
            "norm_text": "에이 그럼 카트나 계속해 ㅠ",
            "speaker": {
              "id": "3번",
              "sex": "남성",
              "age": "20대"
            },
            "speechAct": "(지시) 충고/제안하기",
            "morpheme": "에이/IC+그럼/MAJ+카트/NNG+나/JC+계속/NNG+해/XSV+EC+ㅠ/UNKNOWN"
          }
        ]
      }
    }
  ]
}