{
  "dataset": {
    "identifier": 118589,
    "name": "NATEON_30_20_set",
    "src_path": "/data/file/cubeManager/PROJECT001/80/txt20211102113529063858/NATEON_30_20_set/",
    "label_path": "/data/file/cubeManager/PROJECT001/80/txt20211102113529063858/NATEON_30_20_set/",
    "category": 2,
    "type": 0
  },
  "licenses": {
    "name": "Apache License 1.0",
    "url": "http://www.apache.org/licenses/LICENSE-1.0"
  },
  "info": [
    {
      "id": 129983,
      "filename": "NATEON_30_20.txt",
      "title": "NATEON_30_20",
      "mediatype": "메신저",
      "medianame": "네이트온",
      "category": "일상대화",
      "date": "2021-11-02",
      "size": 432,
      "annotations": {
        "subject": "영화/만화",
        "speaker_type": "다자간 대화",
        "size": 432,
        "word_size": 151,
        "text": "1 : 나 오스틴의 비밀 상담소 보려고\n2 : 그건 어디 나라 영화야?\n3 : 그거 안 그래도 엄청 유명하던데!\n1 : 그거 미국 시즌제 드라마 아니야?\n2 : 아 그것도 오겜처럼 그런 느낌인 거야?\n3 : 음 아니면 약간 힐링물인가?\n1 : 나도 정확하게는 잘 몰라...\n2 : 나도 이름은 들어 본 거 같다 키키\n2 : 유명한 거 같아!\n3 : 친구가 추천해 줘서 그냥 보는구나?\n1 : 아니면 키싱 부스 시즌2 보려고 ㅠ\n2 : 아냐\n2 : 저거 한번 보고 후기 알려 줘라 하하\n3 : 그거 시즌3까지 나왔는데 안 봤어?\n1 : 응 뭐가 더 재밌을까\n2 : 음 아니면 보던 거 다 보고 보는 것도 좋을 거 같아!\n3 : 나는 키싱 부스 시즌2 추천!\n1 : 그럼 내가 내 마음대로 보고 추천해 줄께!\n2 : 오케이\n2 : 보고선 재밌는 거 알려 줘~\n3 : 키키 알았어\n3 : 그럼 키싱 부스는 내가 볼께",
        "lines": [
          {
            "id": 1,
            "text": "1 : 나 오스틴의 비밀 상담소 보려고",
            "norm_text": "나 오스틴의 비밀 상담소 보려고",
            "speaker": {
              "id": "1번",
              "sex": "여성",
              "age": "20대"
            },
            "speechAct": "(단언) 주장하기",
            "morpheme": "나오스/NNG+틴/NNG+의/JKG+비밀/NNG+상담소/NNG+보/VV+려고/EC"
          },
          {
            "id": 2,
            "text": "2 : 그건 어디 나라 영화야?",
            "norm_text": "그건 어디 나라 영화야?",
            "speaker": {
              "id": "2번",
              "sex": "여성",
              "age": "20대"
            },
            "speechAct": "(지시) 질문하기",
            "morpheme": "그건/NP+JX+어디/NP+나라/NNG+영화/NNG+야/VCP+EF"
          },
          {
            "id": 3,
            "text": "3 : 그거 안 그래도 엄청 유명하던데!",
            "norm_text": "그거 안 그래도 엄청 유명하던데!",
            "speaker": {
              "id": "3번",
              "sex": "남성",
              "age": "20대"
            },
            "speechAct": "(단언) 주장하기",
            "morpheme": "그거/NP+안/MAG+그래도/VV+EC+엄청/MAG+유명/NNG+하/XSA+던데/EF"
          },
          {
            "id": 4,
            "text": "1 : 그거 미국 시즌제 드라마 아니야?",
            "norm_text": "그거 미국 시즌제 드라마 아니야?",
            "speaker": {
              "id": "1번",
              "sex": "여성",
              "age": "20대"
            },
            "speechAct": "(지시) 질문하기",
            "morpheme": "그거/NP+미국/NNP+시즌/NNG+제/XSN+드라마/NNG+아니/VCN+야/EF"
          },
          {
            "id": 5,
            "text": "2 : 아 그것도 오겜처럼 그런 느낌인 거야?",
            "norm_text": "아 그것도 오겜처럼 그런 느낌인 거야?",
            "speaker": {
              "id": "2번",
              "sex": "여성",
              "age": "20대"
            },
            "speechAct": "(지시) 질문하기",
            "morpheme": "아/IC+그것/NP+도/JX+오/IC+겜/NNP+처럼/JKB+그런/MM+느낌/NNG+인/VCP+ETM+거/NNB+야/VCP+EF"
          },
          {
            "id": 6,
            "text": "3 : 음 아니면 약간 힐링물인가?",
            "norm_text": "음 아니면 약간 힐링물인가?",
            "speaker": {
              "id": "3번",
              "sex": "남성",
              "age": "20대"
            },
            "speechAct": "(지시) 질문하기",
            "morpheme": "음/IC+아니면/MAJ+약간/MAG+힐링/NNG+물/NNG+인가/VCP+EF"
          },
          {
            "id": 7,
            "text": "1 : 나도 정확하게는 잘 몰라...",
            "norm_text": "나도 정확하게는 잘 몰라...",
            "speaker": {
              "id": "1번",
              "sex": "여성",
              "age": "20대"
            },
            "speechAct": "(단언) 주장하기",
            "morpheme": "나/NP+도/JX+정확/NNG+하/XSV+게/EC+는/JX+잘/MAG+몰라/VV+EF+./SY"
          },
          {
            "id": 8,
            "text": "2 : 나도 이름은 들어 본 거 같다 키키",
            "norm_text": "나도 이름은 들어 본 거 같다 키키",
            "speaker": {
              "id": "2번",
              "sex": "여성",
              "age": "20대"
            },
            "speechAct": "(단언) 주장하기",
            "morpheme": "나/NP+도/JX+이름/NNG+은/JX+들/VV+어/EC+본/VX+ETM+거/NNB+같/VA+다키키/NNP"
          },
          {
            "id": 9,
            "text": "2 : 유명한 거 같아!",
            "norm_text": "유명한 거 같아!",
            "speaker": {
              "id": "2번",
              "sex": "여성",
              "age": "20대"
            },
            "speechAct": "(단언) 주장하기",
            "morpheme": "유명/NNG+한/XSA+ETM+거/NNB+같/VA+아/EF"
          },
          {
            "id": 10,
            "text": "3 : 친구가 추천해 줘서 그냥 보는구나?",
            "norm_text": "친구가 추천해 줘서 그냥 보는구나?",
            "speaker": {
              "id": "3번",
              "sex": "남성",
              "age": "20대"
            },
            "speechAct": "(지시) 질문하기",
            "morpheme": "친구/NNG+가/JKS+추천/NNG+해/XSV+EC+줘서/VX+EC+그냥/MAG+보/VV+는구나/EF"
          },
          {
            "id": 11,
            "text": "1 : 아니면 키싱 부스 시즌2 보려고 ㅠ",
            "norm_text": "아니면 키싱 부스 시즌2 보려고 ㅠ",
            "speaker": {
              "id": "1번",
              "sex": "여성",
              "age": "20대"
            },
            "speechAct": "(단언) 주장하기",
            "morpheme": "아니면키싱부스시즌/UNKNOWN+2/SN+보려고ㅠ/UNKNOWN"
          },
          {
            "id": 12,
            "text": "2 : 아냐",
            "norm_text": "아냐",
            "speaker": {
              "id": "2번",
              "sex": "여성",
              "age": "20대"
            },
            "speechAct": "(단언) 주장하기",
            "morpheme": "아냐/VCN+EC"
          },
          {
            "id": 13,
            "text": "2 : 저거 한번 보고 후기 알려 줘라 하하",
            "norm_text": "저거 한번 보고 후기 알려 줘라 하하",
            "speaker": {
              "id": "2번",
              "sex": "여성",
              "age": "20대"
            },
            "speechAct": "(단언) 주장하기",
            "morpheme": "저거/NP+한번/MAG+보/VV+고/EC+후기/NNG+알려/VV+EC+줘라/VX+EC+하하/MAG"
          },
          {
            "id": 14,
            "text": "3 : 그거 시즌3까지 나왔는데 안 봤어?",
            "norm_text": "그거 시즌3까지 나왔는데 안 봤어?",
            "speaker": {
              "id": "3번",
              "sex": "남성",
              "age": "20대"
            },
            "speechAct": "(지시) 질문하기",
            "morpheme": "그거/NP+시즌/NNG+3/SN+까지/JX+나왔/VV+EP+는데/EC+안/MAG+봤/VV+EP+어/EF"
          },
          {
            "id": 15,
            "text": "1 : 응 뭐가 더 재밌을까",
            "norm_text": "응 뭐가 더 재밌을까",
            "speaker": {
              "id": "1번",
              "sex": "여성",
              "age": "20대"
            },
            "speechAct": "(지시) 질문하기",
            "morpheme": "응/IC+뭐/NP+가/JKS+더/MAG+재밌/VA+을까/EC"
          },
          {
            "id": 16,
            "text": "2 : 음 아니면 보던 거 다 보고 보는 것도 좋을 거 같아!",
            "norm_text": "음 아니면 보던 거 다 보고 보는 것도 좋을 거 같아!",
            "speaker": {
              "id": "2번",
              "sex": "여성",
              "age": "20대"
            },
            "speechAct": "(단언) 주장하기",
            "morpheme": "음/IC+아니/VCN+면/EC+보/VX+던/ETM+거/NNB+다/VCP+EC+보/VX+고/EC+보/VX+는/ETM+것/NNB+도/JX+좋/VA+을/ETM+거/NNB+같/VA+아/EF"
          },
          {
            "id": 17,
            "text": "3 : 나는 키싱 부스 시즌2 추천!",
            "norm_text": "나는 키싱 부스 시즌2 추천!",
            "speaker": {
              "id": "3번",
              "sex": "남성",
              "age": "20대"
            },
            "speechAct": "(단언) 주장하기",
            "morpheme": "나는키싱부스시즌/UNKNOWN+2/SN+추천/NNG"
          },
          {
            "id": 18,
            "text": "1 : 그럼 내가 내 마음대로 보고 추천해 줄께!",
            "norm_text": "그럼 내가 내 마음대로 보고 추천해 줄께!",
            "speaker": {
              "id": "1번",
              "sex": "여성",
              "age": "20대"
            },
            "speechAct": "(단언) 주장하기",
            "morpheme": "그럼/MAJ+내/NP+가/JKS+내/NP+JKG+마음/NNG+대로/JKB+보/VV+고/EC+추천/NNG+해줄께/XSV+EC+VX+EF"
          },
          {
            "id": 19,
            "text": "2 : 오케이",
            "norm_text": "오케이",
            "speaker": {
              "id": "2번",
              "sex": "여성",
              "age": "20대"
            },
            "speechAct": "(단언) 주장하기",
            "morpheme": "오케이/NNG"
          },
          {
            "id": 20,
            "text": "2 : 보고선 재밌는 거 알려 줘~",
            "norm_text": "보고선 재밌는 거 알려 줘~",
            "speaker": {
              "id": "2번",
              "sex": "여성",
              "age": "20대"
            },
            "speechAct": "(단언) 주장하기",
            "morpheme": "보/VV+고선/EC+JX+재밌/VA+는/ETM+거/NNB+알려줘/VV+EC+VX+EC+~/SY"
          },
          {
            "id": 21,
            "text": "3 : 키키 알았어",
            "norm_text": "키키 알았어",
            "speaker": {
              "id": "3번",
              "sex": "남성",
              "age": "20대"
            },
            "speechAct": "(단언) 주장하기",
            "morpheme": "키/NNG+키/XSV+ETN+알/VV+았/EP+어/EC"
          },
          {
            "id": 22,
            "text": "3 : 그럼 키싱 부스는 내가 볼께",
            "norm_text": "그럼 키싱 부스는 내가 볼께",
            "speaker": {
              "id": "3번",
              "sex": "남성",
              "age": "20대"
            },
            "speechAct": "(단언) 주장하기",
            "morpheme": "그럼/MAJ+키/NNG+싱/NNP+부스/NNG+는/JX+내/NP+가/JKS+볼께/VV+EF"
          }
        ]
      }
    }
  ]
}