{
  "dataset": {
    "identifier": 111762,
    "name": "NATEON_35_03_set",
    "src_path": "/data/file/cubeManager/PROJECT001/80/txt20211103154238023789/NATEON_35_03_set/",
    "label_path": "/data/file/cubeManager/PROJECT001/80/txt20211103154238023789/NATEON_35_03_set/",
    "category": 2,
    "type": 0
  },
  "licenses": {
    "name": "Apache License 1.0",
    "url": "http://www.apache.org/licenses/LICENSE-1.0"
  },
  "info": [
    {
      "id": 135478,
      "filename": "NATEON_35_03.txt",
      "title": "NATEON_35_03",
      "mediatype": "메신저",
      "medianame": "네이트온",
      "category": "일상대화",
      "date": "2021-11-03",
      "size": 395,
      "annotations": {
        "subject": "교통",
        "speaker_type": "다자간 대화",
        "size": 395,
        "word_size": 132,
        "text": "1 : 나 오늘 버스 놓쳤어,\n2 : 헐 아침에 추운데 ㅠㅠ\n2 : 그래서 택시 탔어?\n3 : 헐 어쩌다가 ㅠㅠ\n3 : 뭐 때문에?\n1 : 아니 버스 정류장에 택시가 계속 서있어서 놓쳤어\n2 : 헐 뭐야 택시가 왜 거기에 서있어 ㅡㅡ\n3 : 아, 그래서 회사는 지각했고?\n1 : 아니~ 가는길에 과장님 차~\n2 : 오 과장님 나이스~ 이득\n3 : 키키 너희 회사 사람 좋네\n1 : 응 길 가는데 마주쳤지 뭐야~\n2 : 키키 그나마 다행이네 과장님 지나가서 하하\n3 : 너 속으로 이득 했겠네 키키\n1 : 응 당연히 속으로만 이득~\n2 : 버스비도 아끼고 따숩고 편하게~\n3 : 키키 다음에도 태워다 달라고 그래\n1 : 응 그럼 퇴근길도 부탁해볼까?\n2 : 맞아 지나가는 길이면 카플 해달라고 그래!\n3 : 키키 그래야겠다 너 한번 더 부탁해",
        "lines": [
          {
            "id": 1,
            "text": "1 : 나 오늘 버스 놓쳤어,",
            "norm_text": "나 오늘 버스 놓쳤어,",
            "speaker": {
              "id": "1번",
              "sex": "여성",
              "age": "20대"
            },
            "speechAct": "(단언) 진술하기",
            "morpheme": "나/NP+오늘/MAG+버스/NNG+놓쳤/VV+EP+어/EF+,/SC"
          },
          {
            "id": 2,
            "text": "2 : 헐 아침에 추운데 ㅠㅠ",
            "norm_text": "헐 아침에 추운데 ㅠㅠ",
            "speaker": {
              "id": "2번",
              "sex": "여성",
              "age": "20대"
            },
            "speechAct": "(단언) 진술하기",
            "morpheme": "헐/IC+아침/NNG+에/JKB+추운데/VA+EC+ㅠㅠ/UNKNOWN"
          },
          {
            "id": 3,
            "text": "2 : 그래서 택시 탔어?",
            "norm_text": "그래서 택시 탔어?",
            "speaker": {
              "id": "2번",
              "sex": "여성",
              "age": "20대"
            },
            "speechAct": "(지시) 질문하기",
            "morpheme": "그래서/MAJ+택시/NNG+탔/VV+EP+어/EF"
          },
          {
            "id": 4,
            "text": "3 : 헐 어쩌다가 ㅠㅠ",
            "norm_text": "헐 어쩌다가 ㅠㅠ",
            "speaker": {
              "id": "3번",
              "sex": "남성",
              "age": "20대"
            },
            "speechAct": "(단언) 주장하기",
            "morpheme": "헐어쩌다가ㅠㅠ/UNKNOWN"
          },
          {
            "id": 5,
            "text": "3 : 뭐 때문에?",
            "norm_text": "뭐 때문에?",
            "speaker": {
              "id": "3번",
              "sex": "남성",
              "age": "20대"
            },
            "speechAct": "(단언) 주장하기",
            "morpheme": "뭐/NP+때문/NNB+에/JKB"
          },
          {
            "id": 6,
            "text": "1 : 아니 버스 정류장에 택시가 계속 서있어서 놓쳤어",
            "norm_text": "아니 버스 정류장에 택시가 계속 서있어서 놓쳤어",
            "speaker": {
              "id": "1번",
              "sex": "여성",
              "age": "20대"
            },
            "speechAct": "(단언) 진술하기",
            "morpheme": "아니/IC+버스/NNG+정류장/NNG+에/JKB+택시/NNG+가/JKS+계속/MAG+서/VV+EC+있/VX+어서/EC+놓쳤/VV+EP+어/EC"
          },
          {
            "id": 7,
            "text": "2 : 헐 뭐야 택시가 왜 거기에 서있어 ㅡㅡ",
            "norm_text": "헐 뭐야 택시가 왜 거기에 서있어 ㅡㅡ",
            "speaker": {
              "id": "2번",
              "sex": "여성",
              "age": "20대"
            },
            "speechAct": "(단언) 진술하기",
            "morpheme": "헐/IC+뭐/IC+야/IC+택시/NNG+가/JKS+왜/MAG+거기/NP+에서/JKB+있/VV+어/EC+ㅡㅡ/UNKNOWN"
          },
          {
            "id": 8,
            "text": "3 : 아, 그래서 회사는 지각했고?",
            "norm_text": "아, 그래서 회사는 지각했고?",
            "speaker": {
              "id": "3번",
              "sex": "남성",
              "age": "20대"
            },
            "speechAct": "(단언) 주장하기",
            "morpheme": "아/IC+,/SC+그래서/MAJ+회사/NNG+는/JX+지각/NNG+했/XSV+EP+고/EC"
          },
          {
            "id": 9,
            "text": "1 : 아니~ 가는길에 과장님 차~",
            "norm_text": "아니~ 가는길에 과장님 차~",
            "speaker": {
              "id": "1번",
              "sex": "여성",
              "age": "20대"
            },
            "speechAct": "(단언) 주장하기",
            "morpheme": "아니/IC+~/SY+가/VV+는/ETM+길/NNG+에/JKB+과장/NNG+님/XSN+차/NNG+~/SY"
          },
          {
            "id": 10,
            "text": "2 : 오 과장님 나이스~ 이득",
            "norm_text": "오 과장님 나이스~ 이득",
            "speaker": {
              "id": "2번",
              "sex": "여성",
              "age": "20대"
            },
            "speechAct": "(단언) 주장하기",
            "morpheme": "오/NR+과장/NNG+님/XSN+나이스/NNG+~/SY+이득/NNG"
          },
          {
            "id": 11,
            "text": "3 : 키키 너희 회사 사람 좋네",
            "norm_text": "키키 너희 회사 사람 좋네",
            "speaker": {
              "id": "3번",
              "sex": "남성",
              "age": "20대"
            },
            "speechAct": "(단언) 주장하기",
            "morpheme": "키/NNG+키/XSV+ETN+너희/NP+회사/NNG+사람/NNG+좋/VA+네/EC"
          },
          {
            "id": 12,
            "text": "1 : 응 길 가는데 마주쳤지 뭐야~",
            "norm_text": "응 길 가는데 마주쳤지 뭐야~",
            "speaker": {
              "id": "1번",
              "sex": "여성",
              "age": "20대"
            },
            "speechAct": "(단언) 주장하기",
            "morpheme": "응/IC+길/NNG+가/VV+는/ETM+데/NNB+마주쳤/VV+EP+지/EF+뭐/NP+야/VCP+EF+~/SY"
          },
          {
            "id": 13,
            "text": "2 : 키키 그나마 다행이네 과장님 지나가서 하하",
            "norm_text": "키키 그나마 다행이네 과장님 지나가서 하하",
            "speaker": {
              "id": "2번",
              "sex": "여성",
              "age": "20대"
            },
            "speechAct": "(단언) 주장하기",
            "morpheme": "키/NNG+키/XSV+ETN+그나마/MAG+다행/NNG+이/JKS+네/MM+과장/NNG+님/XSN+지나가/VV+서/EC+하하/MAG"
          },
          {
            "id": 14,
            "text": "3 : 너 속으로 이득 했겠네 키키",
            "norm_text": "너 속으로 이득 했겠네 키키",
            "speaker": {
              "id": "3번",
              "sex": "남성",
              "age": "20대"
            },
            "speechAct": "(단언) 주장하기",
            "morpheme": "너/NP+속/NNG+으로/JKB+이득/NNG+했/XSV+EP+겠/EP+네/EF+키/NNG+키/XSV+ETN"
          },
          {
            "id": 15,
            "text": "1 : 응 당연히 속으로만 이득~",
            "norm_text": "응 당연히 속으로만 이득~",
            "speaker": {
              "id": "1번",
              "sex": "여성",
              "age": "20대"
            },
            "speechAct": "(단언) 주장하기",
            "morpheme": "응/IC+당연히/MAG+속/NNG+으로/JKB+만/JX+이득/NNG+~/SY"
          },
          {
            "id": 16,
            "text": "2 : 버스비도 아끼고 따숩고 편하게~",
            "norm_text": "버스비도 아끼고 따숩고 편하게~",
            "speaker": {
              "id": "2번",
              "sex": "여성",
              "age": "20대"
            },
            "speechAct": "(단언) 주장하기",
            "morpheme": "버스비/NNP+도/JX+아끼/VV+고/EC+따숩/VA+고/EC+편하/VA+게/EC+~/SY"
          },
          {
            "id": 17,
            "text": "3 : 키키 다음에도 태워다 달라고 그래",
            "norm_text": "키키 다음에도 태워다 달라고 그래",
            "speaker": {
              "id": "3번",
              "sex": "남성",
              "age": "20대"
            },
            "speechAct": "(단언) 주장하기",
            "morpheme": "키/NNG+키/NNG+다음/NNG+에/JKB+도/JX+태워다/VV+EC+달/VX+라고/EC+그래/VV+EC"
          },
          {
            "id": 18,
            "text": "1 : 응 그럼 퇴근길도 부탁해볼까?",
            "norm_text": "응 그럼 퇴근길도 부탁해볼까?",
            "speaker": {
              "id": "1번",
              "sex": "여성",
              "age": "20대"
            },
            "speechAct": "(지시) 질문하기",
            "morpheme": "응/IC+그럼/MAJ+퇴근길/NNG+도/JX+부탁/NNG+해/XSV+EC+볼까/VX+EF"
          },
          {
            "id": 19,
            "text": "2 : 맞아 지나가는 길이면 카플 해달라고 그래!",
            "norm_text": "맞아 지나가는 길이면 카플 해달라고 그래!",
            "speaker": {
              "id": "2번",
              "sex": "여성",
              "age": "20대"
            },
            "speechAct": "(단언) 주장하기",
            "morpheme": "맞/VV+아/EC+지나가/VV+는/ETM+길/NNG+이/VCP+면/EC+카플/NNP+해/VV+EC+달/VX+라고/EC+그래/VV+EF"
          },
          {
            "id": 20,
            "text": "3 : 키키 그래야겠다 너 한번 더 부탁해",
            "norm_text": "키키 그래야겠다 너 한번 더 부탁해",
            "speaker": {
              "id": "3번",
              "sex": "남성",
              "age": "20대"
            },
            "speechAct": "(단언) 주장하기",
            "morpheme": "키/NNG+키/XSV+ETN+그래야/VA+EC+VX+겠/EP+다/EF+너/NP+한번/MAG+더/MAG+부탁/NNG+해/XSV+EC"
          }
        ]
      }
    }
  ]
}