{
  "dataset": {
    "identifier": 113754,
    "name": "NATEON_37_10_set",
    "src_path": "/data/file/cubeManager/PROJECT001/80/txt20211103151015019648/NATEON_37_10_set/",
    "label_path": "/data/file/cubeManager/PROJECT001/80/txt20211103151015019648/NATEON_37_10_set/",
    "category": 2,
    "type": 0
  },
  "licenses": {
    "name": "Apache License 1.0",
    "url": "http://www.apache.org/licenses/LICENSE-1.0"
  },
  "info": [
    {
      "id": 134453,
      "filename": "NATEON_37_10.txt",
      "title": "NATEON_37_10",
      "mediatype": "메신저",
      "medianame": "네이트온",
      "category": "일상대화",
      "date": "2021-11-03",
      "size": 409,
      "annotations": {
        "subject": "스포츠/레저",
        "speaker_type": "다자간 대화",
        "size": 409,
        "word_size": 141,
        "text": "1 : 나 이번에 테니스 시작했어 하하\n2 : 오 대박 나도 테니스 배우고 싶었는데 ㅠㅠ\n3 : 엥 웬 테니스를 시작해?\n1 : 티비 보니까 너무 멋있더라고 하는 게\n2 : 맞아 테니스 그거 혼자 하는 것도 있던데!\n3 : 은근 근육이 많이 사용되던데\n1 : 응 맞아 일단 혼자 하는 걸로 하려고\n2 : 응 그거 공 돌아와서 혼자 운동 하더라 키키\n3 : 그래 실력이 늘면 둘이서 해\n1 : 응 안 그래도 그렇게 하려고!\n2 : 일단 체력 기르고 나서 사람들 하고 해 봐!\n3 : 나도 테니스 치는 거 좋아해 하하\n1 : 실력을 키우고 같이 해야겠다\n2 : 나도 혼자 치는 거 구입 해야겠다 키키\n3 : 키키 다 같이 혼자 치면서 하자\n1 : 그래 다음에 운동하러 같이 가자\n2 : 다음에 테니스 동호회 같이 들어가자 키키\n3 : 키키 알겠어 같이 운동하러 가자",
        "lines": [
          {
            "id": 1,
            "text": "1 : 나 이번에 테니스 시작했어 하하",
            "norm_text": "나 이번에 테니스 시작했어 하하",
            "speaker": {
              "id": "1번",
              "sex": "여성",
              "age": "20대"
            },
            "speechAct": "(단언) 진술하기",
            "morpheme": "나/NP+이번/NNG+에/JKB+테니스/NNG+시작/NNG+했/XSV+EP+어/EC+하하/MAG"
          },
          {
            "id": 2,
            "text": "2 : 오 대박 나도 테니스 배우고 싶었는데 ㅠㅠ",
            "norm_text": "오 대박 나도 테니스 배우고 싶었는데 ㅠㅠ",
            "speaker": {
              "id": "2번",
              "sex": "여성",
              "age": "20대"
            },
            "speechAct": "(단언) 주장하기",
            "morpheme": "오/NR+대박/NNG+나/NP+도/JX+테니스/NNG+배우/VV+고/EC+싶/VX+었/EP+는데/EC+ㅠㅠ/UNKNOWN"
          },
          {
            "id": 3,
            "text": "3 : 엥 웬 테니스를 시작해?",
            "norm_text": "엥 웬 테니스를 시작해?",
            "speaker": {
              "id": "3번",
              "sex": "남성",
              "age": "20대"
            },
            "speechAct": "(지시) 질문하기",
            "morpheme": "엥/IC+웬/MM+테니스/NNG+를/JKO+시작/NNG+해/XSV+EF"
          },
          {
            "id": 4,
            "text": "1 : 티비 보니까 너무 멋있더라고 하는 게",
            "norm_text": "티비 보니까 너무 멋있더라고 하는 게",
            "speaker": {
              "id": "1번",
              "sex": "여성",
              "age": "20대"
            },
            "speechAct": "(단언) 주장하기",
            "morpheme": "티비/NNG+보/VV+니까/EC+너무/MAG+멋있/VA+더라고/EC+하/VV+는/ETM+게/NNB+JKS"
          },
          {
            "id": 5,
            "text": "2 : 맞아 테니스 그거 혼자 하는 것도 있던데!",
            "norm_text": "맞아 테니스 그거 혼자 하는 것도 있던데!",
            "speaker": {
              "id": "2번",
              "sex": "여성",
              "age": "20대"
            },
            "speechAct": "(단언) 진술하기",
            "morpheme": "맞/VV+아/EC+테니스/NNG+그거/NP+혼자/NNG+하/XSV+는/ETM+것/NNB+도/JX+있/VA+던데/EF"
          },
          {
            "id": 6,
            "text": "3 : 은근 근육이 많이 사용되던데",
            "norm_text": "은근 근육이 많이 사용되던데",
            "speaker": {
              "id": "3번",
              "sex": "남성",
              "age": "20대"
            },
            "speechAct": "(단언) 진술하기",
            "morpheme": "은근/NNG+근육/NNG+이/JKS+많이/MAG+사용/NNG+되/XSV+던데/EC"
          },
          {
            "id": 7,
            "text": "1 : 응 맞아 일단 혼자 하는 걸로 하려고",
            "norm_text": "응 맞아 일단 혼자 하는 걸로 하려고",
            "speaker": {
              "id": "1번",
              "sex": "여성",
              "age": "20대"
            },
            "speechAct": "(단언) 주장하기",
            "morpheme": "응/IC+맞아/IC+일단/MAG+혼자/NNG+하/XSV+는/ETM+걸로/NNB+JKB+하/VV+려고/EC"
          },
          {
            "id": 8,
            "text": "2 : 응 그거 공 돌아와서 혼자 운동 하더라 키키",
            "norm_text": "응 그거 공 돌아와서 혼자 운동 하더라 키키",
            "speaker": {
              "id": "2번",
              "sex": "여성",
              "age": "20대"
            },
            "speechAct": "(단언) 주장하기",
            "morpheme": "응/IC+그/MM+거공/NNG+돌아와서/VV+EC+혼자/NNG+운동/NNG+하/XSV+더라/EC+키/NNG+키/XSV+ETN"
          },
          {
            "id": 9,
            "text": "3 : 그래 실력이 늘면 둘이서 해",
            "norm_text": "그래 실력이 늘면 둘이서 해",
            "speaker": {
              "id": "3번",
              "sex": "남성",
              "age": "20대"
            },
            "speechAct": "(단언) 주장하기",
            "morpheme": "그래/IC+실력/NNG+이/JKS+늘/VV+면/EC+둘/NR+이/JKS+서해/NNP"
          },
          {
            "id": 10,
            "text": "1 : 응 안 그래도 그렇게 하려고!",
            "norm_text": "응 안 그래도 그렇게 하려고!",
            "speaker": {
              "id": "1번",
              "sex": "여성",
              "age": "20대"
            },
            "speechAct": "(단언) 주장하기",
            "morpheme": "응/IC+안/MAG+그래도/VV+EC+그렇게/MAG+하/VV+려고/EF"
          },
          {
            "id": 11,
            "text": "2 : 일단 체력 기르고 나서 사람들 하고 해 봐!",
            "norm_text": "일단 체력 기르고 나서 사람들 하고 해 봐!",
            "speaker": {
              "id": "2번",
              "sex": "여성",
              "age": "20대"
            },
            "speechAct": "(지시) 충고/제안하기",
            "morpheme": "일단/MAG+체력/NNG+기르/VV+고/EC+나/VX+서/EC+사람/NNG+들/XSN+하고/JKB+해/VV+EC+봐/VX+EF"
          },
          {
            "id": 12,
            "text": "3 : 나도 테니스 치는 거 좋아해 하하",
            "norm_text": "나도 테니스 치는 거 좋아해 하하",
            "speaker": {
              "id": "3번",
              "sex": "남성",
              "age": "20대"
            },
            "speechAct": "(단언) 주장하기",
            "morpheme": "나/NP+도/JX+테니스/NNG+치/VV+는/ETM+거/NNB+좋/VA+아/EC+해하/NNG+하/XSV"
          },
          {
            "id": 13,
            "text": "1 : 실력을 키우고 같이 해야겠다",
            "norm_text": "실력을 키우고 같이 해야겠다",
            "speaker": {
              "id": "1번",
              "sex": "여성",
              "age": "20대"
            },
            "speechAct": "(단언) 주장하기",
            "morpheme": "실력/NNG+을/JKO+키우/VV+고/EC+같이/MAG+해야/VV+EC+VX+겠/EP+다/EC"
          },
          {
            "id": 14,
            "text": "2 : 나도 혼자 치는 거 구입 해야겠다 키키",
            "norm_text": "나도 혼자 치는 거 구입 해야겠다 키키",
            "speaker": {
              "id": "2번",
              "sex": "여성",
              "age": "20대"
            },
            "speechAct": "(단언) 주장하기",
            "morpheme": "나/NP+도/JX+혼자/MAG+치/VV+는/ETM+거/NNB+구입/NNG+해야/XSV+EC+VX+겠/EP+다키키/NNP"
          },
          {
            "id": 15,
            "text": "3 : 키키 다 같이 혼자 치면서 하자",
            "norm_text": "키키 다 같이 혼자 치면서 하자",
            "speaker": {
              "id": "3번",
              "sex": "남성",
              "age": "20대"
            },
            "speechAct": "(언약) 약속하기(제3자와)/(개인적 수준)",
            "morpheme": "키/NNG+키/NNG+다/MAG+같이/MAG+혼자/MAG+치/VV+면서/EC+하/VV+자/EC"
          },
          {
            "id": 16,
            "text": "1 : 그래 다음에 운동하러 같이 가자",
            "norm_text": "그래 다음에 운동하러 같이 가자",
            "speaker": {
              "id": "1번",
              "sex": "여성",
              "age": "20대"
            },
            "speechAct": "(언약) 약속하기(제3자와)/(개인적 수준)",
            "morpheme": "그래/IC+다음/NNG+에/JKB+운동/NNG+하/XSV+러/EC+같이/MAG+가/VV+자/EC"
          },
          {
            "id": 17,
            "text": "2 : 다음에 테니스 동호회 같이 들어가자 키키",
            "norm_text": "다음에 테니스 동호회 같이 들어가자 키키",
            "speaker": {
              "id": "2번",
              "sex": "여성",
              "age": "20대"
            },
            "speechAct": "(언약) 약속하기(제3자와)/(개인적 수준)",
            "morpheme": "다음/NNG+에/JKB+테니스/NNG+동호회/NNG+같이/JKB+들어가/VV+EC+자키/NNG+키/XSV+ETN"
          },
          {
            "id": 18,
            "text": "3 : 키키 알겠어 같이 운동하러 가자",
            "norm_text": "키키 알겠어 같이 운동하러 가자",
            "speaker": {
              "id": "3번",
              "sex": "남성",
              "age": "20대"
            },
            "speechAct": "(언약) 약속하기(제3자와)/(개인적 수준)",
            "morpheme": "키/NNG+키/XSV+ETN+알/VV+겠/EP+어/EC+같이/MAG+운동/NNG+하/XSV+러/EC+가/VX+자/EC"
          }
        ]
      }
    }
  ]
}