{
  "dataset": {
    "identifier": 16555,
    "name": "NATEON_22_11_set",
    "src_path": "/data/file/cubeManager/PROJECT001/7/txt20210826181651053527/NATEON_22_11_set/",
    "label_path": "/data/file/cubeManager/PROJECT001/7/txt20210826181651053527/NATEON_22_11_set/",
    "category": 2,
    "type": 0
  },
  "licenses": {
    "name": "Apache License 1.0",
    "url": "http://www.apache.org/licenses/LICENSE-1.0"
  },
  "info": [
    {
      "id": 750,
      "filename": "NATEON_22_11.txt",
      "title": "NATEON_22_11",
      "mediatype": "메신저",
      "medianame": "네이트온",
      "category": "일상대화",
      "date": "2021-08-26",
      "size": 918,
      "annotations": {
        "subject": "게임",
        "speaker_type": "1:1",
        "size": 918,
        "word_size": 279,
        "text": "1 : 게임은 몇 살 때부터 시작했었어?\n2 : 저는 초등학교 1, 2학년 때부터 시작했던 것 같아요 하하\n2 : 아빠가 컴퓨터를 잘 다루셨거든요.\n2 : 아 디디알도 집에 있었어요\n1 : 아 그거 나도 너무 좋아했는데! 너무 재밌었지.\n1 : 오락실도 가 봤어?\n2 : 네 오락실 가봤어요~\n2 : 가서 처음으로 브이알 게임도 해봤어요\n2: 재밌더라고요\n2 : 언니는 혹시 가봤어요?\n1 : 응응 집에서는 디디알 하기 힘들어서 오락실 갔어.\n1 : 지금도 귓가에 버터플라이가 재생되고 있는 거 같아 키키\n2 : 키키 노래 들어보고 싶어요 하하\n2 : 저는 디디알을 집에서 했었던 기억이 있는 게 신기해요\n2 : 언니 디디알 잘하는 편이세요?\n1 : 디디알은 잘했는데 펌프는 완전 쥐약이었어 키키\n1 : 테트리스 좋아해?\n2: 네 좋아해요 잘하지는 못하지만\n2 : 동생이 테트리스는 잘해요\n2 : 저는 음 애니팡이나 사천 캔디 크러시 같은 게임도 좋아해요\n1 : 맞아. 캔디 크러시 너무 재밌고 비슷한 류로 행복의 저택하는데 요즘 다른 게임한다고 몇 달째 안 하고 있네.\n2 : 저도 지금 지우지는 못하고 계속 깔려있는데 그래도 한번 하기 시작하면 되게 자주해요\n2 : 너무 재밌어요\n1 : 정말 시간 가는 줄 모르고 하게 돼.\n1 : 요즘에는 무슨 게임 해?\n2 : 요즘은 네코아츠메라고 고양이 키우는 게임해요\n2 : 먹이 주고 고양이가 가져온 멸치로 장난감 사고 그래요\n2: 혹시 들어본 적 있으세요?\n1 : 몇 년 전까지 했던 게임이야.\n1 : 그 게임 너무 귀여웠었어. 장난감 사서 두면 고양이가 와서 가지고 놀구!\n2 : 네 저 그거 지금 모든 장난감이랑 모든 집 다 사고 끝내려고 열심히 하고 있어요\n2 : 원래 게임하면 끝장 봐야 하는 스타일이라서요 키키\n1 : 수집 게임은 그런 점이 가장 마상인 것 같아~\n2 : 그렇군요. 언니가 마음의 상처를 입었군요.\n2 : 다음에 또 이야기해요~",
        "lines": [
          {
            "id": 1,
            "text": "1 : 게임은 몇 살 때부터 시작했었어?",
            "norm_text": "게임은 몇 살 때부터 시작했었어?",
            "speaker": {
              "id": "1번",
              "sex": "여성",
              "age": "30대"
            },
            "speechAct": "(지시) 질문하기",
            "morpheme": "게임/NNG+은/JX+몇/MM+살/NNBC+때/NNG+부터/JX+시작/NNG+했었/XSV+EP+어/EF"
          },
          {
            "id": 2,
            "text": "2 : 저는 초등학교 1, 2학년 때부터 시작했던 것 같아요 하하",
            "norm_text": "저는 초등학교 1, 2학년 때부터 시작했던 것 같아요 하하",
            "speaker": {
              "id": "2번",
              "sex": "여성",
              "age": "20대"
            },
            "speechAct": "(단언) 진술하기",
            "morpheme": "저/NP+는/JX+초등/NNG+학교/NNG+1/SN+,/SC+2/SN+학년/NNG+때/NNG+부터/JX+시작/NNG+했/XSV+EP+던/ETM+것/NNB+같/VA+아요/EF+하하/MAG"
          },
          {
            "id": 3,
            "text": "2 : 아빠가 컴퓨터를 잘 다루셨거든요.",
            "norm_text": "아빠가 컴퓨터를 잘 다루셨거든요.",
            "speaker": {
              "id": "2번",
              "sex": "여성",
              "age": "20대"
            },
            "speechAct": "(단언) 진술하기",
            "morpheme": "아빠/NNG+가/JKS+컴퓨터/NNG+를/JKO+잘/MAG+다루/VV+셨/EP+EP+거든요/EF"
          },
          {
            "id": 4,
            "text": "2 : 아 디디알도 집에 있었어요",
            "norm_text": "아 디디알도 집에 있었어요",
            "speaker": {
              "id": "2번",
              "sex": "여성",
              "age": "20대"
            },
            "speechAct": "(단언) 진술하기",
            "morpheme": "아/IC+디디/NNG+알/NNG+도/JX+집/NNG+에/JKB+있/VV+었/EP+어요/EF"
          },
          {
            "id": 5,
            "text": "1 : 아 그거 나도 너무 좋아했는데! 너무 재밌었지.",
            "norm_text": "아 그거 나도 너무 좋아했는데! 너무 재밌었지.",
            "speaker": {
              "id": "1번",
              "sex": "여성",
              "age": "30대"
            },
            "speechAct": "(단언) 진술하기",
            "morpheme": "아/IC+그거/NP+나/NP+도/JX+너무/MAG+좋/VA+아/EC+했/VX+EP+는데/EF+너무/MAG+재밌/VA+었/EP+지/EF"
          },
          {
            "id": 6,
            "text": "1 : 오락실도 가 봤어?",
            "norm_text": "오락실도 가 봤어?",
            "speaker": {
              "id": "1번",
              "sex": "여성",
              "age": "30대"
            },
            "speechAct": "(지시) 질문하기",
            "morpheme": "오락실/NNG+도/JX+가/VV+EC+봤/VX+EP+어/EF"
          },
          {
            "id": 7,
            "text": "2 : 네 오락실 가봤어요~",
            "norm_text": "네 오락실 가봤어요~",
            "speaker": {
              "id": "2번",
              "sex": "여성",
              "age": "20대"
            },
            "speechAct": "(단언) 진술하기",
            "morpheme": "네/IC+오락실/NNG+가/JKC+봤/VV+EP+어요/EF+~/SY"
          },
          {
            "id": 8,
            "text": "2 : 가서 처음으로 브이알 게임도 해봤어요",
            "norm_text": "가서 처음으로 브이알 게임도 해봤어요",
            "speaker": {
              "id": "2번",
              "sex": "여성",
              "age": "20대"
            },
            "speechAct": "(단언) 진술하기",
            "morpheme": "가/VV+서/EC+처음/NNG+으로/JKB+브이/NNG+알/VV+게/EC+임도/NNG+해/XSV+EC+봤/VX+EP+어요/EF"
          },
          {
            "id": 9,
            "text": "2: 재밌더라고요",
            "norm_text": "재밌더라고요",
            "speaker": {
              "id": "2번",
              "sex": "여성",
              "age": "20대"
            },
            "speechAct": "(단언) 주장하기",
            "morpheme": "재밌/VA+더라고요/EC"
          },
          {
            "id": 10,
            "text": "2 : 언니는 혹시 가봤어요?",
            "norm_text": "언니는 혹시 가봤어요?",
            "speaker": {
              "id": "2번",
              "sex": "여성",
              "age": "20대"
            },
            "speechAct": "(지시) 질문하기",
            "morpheme": "언니/NNG+는/JX+혹시/MAG+가/JKS+봤/VV+EP+어요/EF"
          },
          {
            "id": 11,
            "text": "1 : 응응 집에서는 디디알 하기 힘들어서 오락실 갔어.",
            "norm_text": "응응 집에서는 디디알 하기 힘들어서 오락실 갔어.",
            "speaker": {
              "id": "1번",
              "sex": "여성",
              "age": "30대"
            },
            "speechAct": "(단언) 진술하기",
            "morpheme": "응/IC+응집/NNG+에서/JKB+는/JX+디디/NNG+알/NNG+하/XSV+기/ETN+힘들/VA+어서/EC+오락실/NNG+갔/VV+EP+어/EF"
          },
          {
            "id": 12,
            "text": "1 : 지금도 귓가에 버터플라이가 재생되고 있는 거 같아 키키",
            "norm_text": "지금도 귓가에 버터플라이가 재생되고 있는 거 같아 키키",
            "speaker": {
              "id": "1번",
              "sex": "여성",
              "age": "30대"
            },
            "speechAct": "(단언) 주장하기",
            "morpheme": "지금/NNG+도/JX+귓가/NNG+에/JKB+버터플라이/NNG+가/JKS+재생/NNG+되/XSV+고/EC+있/VX+는/ETM+거/NNB+같/VA+아/EC+키/NNG+키/XSV+ETN"
          },
          {
            "id": 13,
            "text": "2 : 키키 노래 들어보고 싶어요 하하",
            "norm_text": "키키 노래 들어보고 싶어요 하하",
            "speaker": {
              "id": "2번",
              "sex": "여성",
              "age": "20대"
            },
            "speechAct": "(단언) 주장하기",
            "morpheme": "키/NNG+키/NNG+노래/NNG+들/VV+어/EC+보/VX+고/EC+싶/VX+어요/EF+하하/MAG"
          },
          {
            "id": 14,
            "text": "2 : 저는 디디알을 집에서 했었던 기억이 있는 게 신기해요",
            "norm_text": "저는 디디알을 집에서 했었던 기억이 있는 게 신기해요",
            "speaker": {
              "id": "2번",
              "sex": "여성",
              "age": "20대"
            },
            "speechAct": "(단언) 진술하기",
            "morpheme": "저/NP+는/JX+디디/NNG+알/NNG+을/JKO+집/NNG+에서/JKB+했었/VV+EP+던/ETM+기억/NNG+이/JKS+있/VA+는/ETM+게/NNB+JKS+신기/XR+해요/XSA+EC"
          },
          {
            "id": 15,
            "text": "2 : 언니 디디알 잘하는 편이세요?",
            "norm_text": "언니 디디알 잘하는 편이세요?",
            "speaker": {
              "id": "2번",
              "sex": "여성",
              "age": "20대"
            },
            "speechAct": "(지시) 질문하기",
            "morpheme": "언니/NNG+디디/NNG+알/NNG+잘/MAG+하/VV+는/ETM+편/NNB+이/VCP+세요/EP+EF"
          },
          {
            "id": 16,
            "text": "1 : 디디알은 잘했는데 펌프는 완전 쥐약이었어 키키",
            "norm_text": "디디알은 잘했는데 펌프는 완전 쥐약이었어 키키",
            "speaker": {
              "id": "1번",
              "sex": "여성",
              "age": "30대"
            },
            "speechAct": "(단언) 진술하기",
            "morpheme": "디디/NNG+알/NNG+은/JX+잘/MAG+했/VV+EP+는데/EC+펌프/NNG+는/JX+완전/NNG+쥐약/NNG+이/VCP+었/EP+어/EC+키/NNG+키/XSV+ETN"
          },
          {
            "id": 17,
            "text": "1 : 테트리스 좋아해?",
            "norm_text": "테트리스 좋아해?",
            "speaker": {
              "id": "1번",
              "sex": "여성",
              "age": "30대"
            },
            "speechAct": "(지시) 질문하기",
            "morpheme": "테트리스/NNP+좋/VA+아/EC+해/VX+EF"
          },
          {
            "id": 18,
            "text": "2: 네 좋아해요 잘하지는 못하지만",
            "norm_text": "네 좋아해요 잘하지는 못하지만",
            "speaker": {
              "id": "2번",
              "sex": "여성",
              "age": "20대"
            },
            "speechAct": "(단언) 진술하기",
            "morpheme": "네/IC+좋/VA+아/EC+해요/VX+EF+잘/MAG+하/VV+지/EC+는/JX+못하/VX+지만/EC"
          },
          {
            "id": 19,
            "text": "2 : 동생이 테트리스는 잘해요",
            "norm_text": "동생이 테트리스는 잘해요",
            "speaker": {
              "id": "2번",
              "sex": "여성",
              "age": "20대"
            },
            "speechAct": "(단언) 주장하기",
            "morpheme": "동생/NNG+이/JKS+테트리스/NNP+는/JX+잘/MAG+해요/VV+EC"
          },
          {
            "id": 20,
            "text": "2 : 저는 음 애니팡이나 사천 캔디 크러시 같은 게임도 좋아해요",
            "norm_text": "저는 음 애니팡이나 사천 캔디 크러시 같은 게임도 좋아해요",
            "speaker": {
              "id": "2번",
              "sex": "여성",
              "age": "20대"
            },
            "speechAct": "(단언) 진술하기",
            "morpheme": "저/NP+는/JX+음/IC+애니팡/NNP+이나/JC+사/NR+천/NR+캔디/NNG+크러시/NNG+같/VA+은/ETM+게임/NNG+도/JX+좋/VA+아/EC+해요/VX+EC"
          },
          {
            "id": 21,
            "text": "1 : 맞아. 캔디 크러시 너무 재밌고 비슷한 류로 행복의 저택하는데 요즘 다른 게임한다고 몇 달째 안 하고 있네.",
            "norm_text": "맞아. 캔디 크러시 너무 재밌고 비슷한 류로 행복의 저택하는데 요즘 다른 게임한다고 몇 달째 안 하고 있네.",
            "speaker": {
              "id": "1번",
              "sex": "여성",
              "age": "30대"
            },
            "speechAct": "(단언) 진술하기",
            "morpheme": "맞/VV+아/EF+캔디/NNG+크러시/NNG+너무/MAG+재밌/VA+고/EC+비슷/XR+한/XSA+ETM+류로/NNG+행복/NNG+의/JKG+저택/NNG+하/XSV+는데/EC+요즘/MAG+다른/MM+게임/NNG+한다고/XSV+EC+몇/MM+달째/NNG+안/MAG+하/VV+고/EC+있/VX+네/EF"
          },
          {
            "id": 22,
            "text": "2 : 저도 지금 지우지는 못하고 계속 깔려있는데 그래도 한번 하기 시작하면 되게 자주해요",
            "norm_text": "저도 지금 지우지는 못하고 계속 깔려있는데 그래도 한번 하기 시작하면 되게 자주해요",
            "speaker": {
              "id": "2번",
              "sex": "여성",
              "age": "20대"
            },
            "speechAct": "(단언) 진술하기",
            "morpheme": "저/NP+도/JX+지금/MAG+지우/VV+지/EC+는/JX+못하/VX+고/EC+계속/MAG+깔려/VV+EC+있/VX+는/ETM+데/NNB+그래도/VV+EC+한/MM+번/NNBC+하/VV+기/ETN+시작/NNG+하/XSV+면/EC+되게/MAG+자주/MAG+해요/VV+EC"
          },
          {
            "id": 23,
            "text": "2 : 너무 재밌어요",
            "norm_text": "너무 재밌어요",
            "speaker": {
              "id": "2번",
              "sex": "여성",
              "age": "20대"
            },
            "speechAct": "(표현) 긍정감정 표현하기",
            "morpheme": "너무/MAG+재밌/VA+어요/EF"
          },
          {
            "id": 24,
            "text": "1 : 정말 시간 가는 줄 모르고 하게 돼.",
            "norm_text": "정말 시간 가는 줄 모르고 하게 돼.",
            "speaker": {
              "id": "1번",
              "sex": "여성",
              "age": "30대"
            },
            "speechAct": "(단언) 주장하기",
            "morpheme": "정말/MAG+시간/NNG+가/VV+는/ETM+줄/NNB+모르/VV+고/EC+하/VV+게/EC+돼/VV+EF"
          },
          {
            "id": 25,
            "text": "1 : 요즘에는 무슨 게임 해?",
            "norm_text": "요즘에는 무슨 게임 해?",
            "speaker": {
              "id": "1번",
              "sex": "여성",
              "age": "30대"
            },
            "speechAct": "(지시) 질문하기",
            "morpheme": "요즘/NNG+에/JKB+는/JX+무슨/MM+게임/NNG+해/XSV+EF"
          },
          {
            "id": 26,
            "text": "2 : 요즘은 네코아츠메라고 고양이 키우는 게임해요",
            "norm_text": "요즘은 네코아츠메라고 고양이 키우는 게임해요",
            "speaker": {
              "id": "2번",
              "sex": "여성",
              "age": "20대"
            },
            "speechAct": "(단언) 진술하기",
            "morpheme": "요즘/NNG+은/JX+네코/NNG+아츠/NNG+메/VV+라고/EC+고양이/NNG+키우/VV+는/ETM+게임/NNG+해요/XSV+EC"
          },
          {
            "id": 27,
            "text": "2 : 먹이 주고 고양이가 가져온 멸치로 장난감 사고 그래요",
            "norm_text": "먹이 주고 고양이가 가져온 멸치로 장난감 사고 그래요",
            "speaker": {
              "id": "2번",
              "sex": "여성",
              "age": "20대"
            },
            "speechAct": "(단언) 진술하기",
            "morpheme": "먹/NNG+이/JKS+주/VV+고/EC+고양이/NNG+가/JKS+가져온/VV+ETM+멸치/NNG+로/JKB+장난감/NNG+사고/NNG+그래요/VV+EC"
          },
          {
            "id": 28,
            "text": "2: 혹시 들어본 적 있으세요?",
            "norm_text": "혹시 들어본 적 있으세요?",
            "speaker": {
              "id": "2번",
              "sex": "여성",
              "age": "20대"
            },
            "speechAct": "(지시) 질문하기",
            "morpheme": "혹시/MAG+들/VV+어/EC+본/VX+ETM+적/NNB+있/VA+으세요/EF"
          },
          {
            "id": 29,
            "text": "1 : 몇 년 전까지 했던 게임이야.",
            "norm_text": "몇 년 전까지 했던 게임이야.",
            "speaker": {
              "id": "1번",
              "sex": "여성",
              "age": "30대"
            },
            "speechAct": "(단언) 진술하기",
            "morpheme": "몇/MM+년/NNBC+전/NNG+까지/JX+했/VV+EP+던/ETM+게임/NNG+이/VCP+야/EF"
          },
          {
            "id": 30,
            "text": "1 : 그 게임 너무 귀여웠었어. 장난감 사서 두면 고양이가 와서 가지고 놀구!",
            "norm_text": "그 게임 너무 귀여웠었어. 장난감 사서 두면 고양이가 와서 가지고 놀구!",
            "speaker": {
              "id": "1번",
              "sex": "여성",
              "age": "30대"
            },
            "speechAct": "(단언) 진술하기",
            "morpheme": "그/MM+게임/NNG+너무/MAG+귀여웠/VA+EP+었/EP+어/EF+장난감/NNG+사/VV+서/EC+두/VX+면/EC+고양이/NNG+가/JKS+와서/VV+EC+가지/VX+고/EC+놀/VV+구/EC"
          },
          {
            "id": 31,
            "text": "2 : 네 저 그거 지금 모든 장난감이랑 모든 집 다 사고 끝내려고 열심히 하고 있어요",
            "norm_text": "네 저 그거 지금 모든 장난감이랑 모든 집 다 사고 끝내려고 열심히 하고 있어요",
            "speaker": {
              "id": "2번",
              "sex": "여성",
              "age": "20대"
            },
            "speechAct": "(단언) 진술하기",
            "morpheme": "네/IC+저/IC+그거/NP+지금/MAG+모든/MM+장난감/NNG+이랑/JC+모든/MM+집/NNG+다/MAG+사고/NNG+끝/NNG+내/VV+려고/EC+열심히/MAG+하/VV+고/EC+있/VX+어요/EF"
          },
          {
            "id": 32,
            "text": "2 : 원래 게임하면 끝장 봐야 하는 스타일이라서요 키키",
            "norm_text": "원래 게임하면 끝장 봐야 하는 스타일이라서요 키키",
            "speaker": {
              "id": "2번",
              "sex": "여성",
              "age": "20대"
            },
            "speechAct": "(단언) 주장하기",
            "morpheme": "원래/MAG+게임/NNG+하/XSV+면/EC+끝장/NNG+봐야/VV+EC+하/VV+는/ETM+스타일/NNG+이/VCP+라서요/EC+키/NNG+키/XSV+ETN"
          },
          {
            "id": 33,
            "text": "1 : 수집 게임은 그런 점이 가장 마상인 것 같아~",
            "norm_text": "수집 게임은 그런 점이 가장 마상인 것 같아~",
            "speaker": {
              "id": "1번",
              "sex": "여성",
              "age": "30대"
            },
            "speechAct": "(단언) 주장하기",
            "morpheme": "수집/NNG+게임/NNG+은/JX+그런/MM+점/NNG+이/JKS+가장/MAG+마상/NNG+인/VCP+ETM+것/NNB+같/VA+아/EC+~/SY"
          },
          {
            "id": 34,
            "text": "2 : 그렇군요. 언니가 마음의 상처를 입었군요.",
            "norm_text": "그렇군요. 언니가 마음의 상처를 입었군요.",
            "speaker": {
              "id": "2번",
              "sex": "여성",
              "age": "20대"
            },
            "speechAct": "턴토크 사인(관습적 반응)",
            "morpheme": "그렇/VA+군요/EF+언니/NNG+가/JKS+마음/NNG+의/JKG+상처/NNG+를/JKO+입/VV+었/EP+군요/EF"
          },
          {
            "id": 35,
            "text": "2 : 다음에 또 이야기해요~",
            "norm_text": "다음에 또 이야기해요~",
            "speaker": {
              "id": "2번",
              "sex": "여성",
              "age": "20대"
            },
            "speechAct": "(언약) 약속하기(제3자와)/(개인적 수준)",
            "morpheme": "다음/NNG+에/JKB+또/MAG+이야기/NNG+해요/XSV+EF+~/SY"
          }
        ]
      }
    }
  ]
}