{
  "dataset": {
    "identifier": 114003,
    "name": "NATEON_33_08_set",
    "src_path": "/data/file/cubeManager/PROJECT001/80/txt20211102173312090831/NATEON_33_08_set/",
    "label_path": "/data/file/cubeManager/PROJECT001/80/txt20211102173312090831/NATEON_33_08_set/",
    "category": 2,
    "type": 0
  },
  "licenses": {
    "name": "Apache License 1.0",
    "url": "http://www.apache.org/licenses/LICENSE-1.0"
  },
  "info": [
    {
      "id": 131860,
      "filename": "NATEON_33_08.txt",
      "title": "NATEON_33_08",
      "mediatype": "메신저",
      "medianame": "네이트온",
      "category": "일상대화",
      "date": "2021-11-02",
      "size": 412,
      "annotations": {
        "subject": "연애/결혼",
        "speaker_type": "다자간 대화",
        "size": 412,
        "word_size": 141,
        "text": "1 : 나는 30살 넘어서 결혼할거야 하하\n2 : 응 요즘은 다 그때 하더라 키키\n3 : 나는 아예 안할 생각도 있어!\n1 : 헐 너는 아예 안하려고?\n2 : 독신은 아니고 비혼 인거지?\n3 : 응 하하 나는 비혼 주의야\n1 : 맞아~\n1 : 요즘은 본인의 삶을 더 중요시하지\n2 : 그러다 좋은 사람 만나면 결혼 하는거지 하하\n3 : 응 하하 나는 시간에 쫓겨서 안하고싶어서\n1 : 맞아 그것도 좋은 생각이지 하하\n2 : 맞아 그냥 내 인생 즐기면서 사는게 최고인듯 키키\n3 : 응 하하 요즘은 그냥 즐기면서 살아~\n1 : 나도 너 생각을 본받고 싶네 하하\n2 : 생각이 진짜 건강한거 같아 하하\n3 : 응 하하 나 그래서 요즘 적극적 투자중!\n1 : 키키 헐~\n1 : 너도 혹시 주식하냐?\n2 : 아 요즘은 주식에 투자 많이 하지 키키\n3 : 응, 내 미래를 위해서,",
        "lines": [
          {
            "id": 1,
            "text": "1 : 나는 30살 넘어서 결혼할거야 하하",
            "norm_text": "나는 30살 넘어서 결혼할거야 하하",
            "speaker": {
              "id": "1번",
              "sex": "여성",
              "age": "20대"
            },
            "speechAct": "(단언) 주장하기",
            "morpheme": "나/NP+는/JX+30/SN+살/NNBC+넘/VV+어서/EC+결혼/NNG+할/XSV+ETM+거/NNB+야/VCP+EF+하하/MAG"
          },
          {
            "id": 2,
            "text": "2 : 응 요즘은 다 그때 하더라 키키",
            "norm_text": "응 요즘은 다 그때 하더라 키키",
            "speaker": {
              "id": "2번",
              "sex": "여성",
              "age": "20대"
            },
            "speechAct": "(단언) 진술하기",
            "morpheme": "응/IC+요즘/NNG+은/JX+다/MAG+그때/NNG+하/XSV+더라/EC+키/NNG+키/XSV+ETN"
          },
          {
            "id": 3,
            "text": "3 : 나는 아예 안할 생각도 있어!",
            "norm_text": "나는 아예 안할 생각도 있어!",
            "speaker": {
              "id": "3번",
              "sex": "남성",
              "age": "20대"
            },
            "speechAct": "(단언) 주장하기",
            "morpheme": "나/NP+는/JX+아예/MAG+안/MAG+할/VV+ETM+생각/NNG+도/JX+있/VA+어/EF"
          },
          {
            "id": 4,
            "text": "1 : 헐 너는 아예 안하려고?",
            "norm_text": "헐 너는 아예 안하려고?",
            "speaker": {
              "id": "1번",
              "sex": "여성",
              "age": "20대"
            },
            "speechAct": "(지시) 질문하기",
            "morpheme": "헐/IC+너/NP+는/JX+아예/MAG+안/MAG+하/VV+려고/EF"
          },
          {
            "id": 5,
            "text": "2 : 독신은 아니고 비혼 인거지?",
            "norm_text": "독신은 아니고 비혼 인거지?",
            "speaker": {
              "id": "2번",
              "sex": "여성",
              "age": "20대"
            },
            "speechAct": "(지시) 질문하기",
            "morpheme": "독신/NNG+은/JX+아니/VCN+고/EC+비/XPN+혼/NNG+인/VCP+ETM+거/NNB+지/VCP+EF"
          },
          {
            "id": 6,
            "text": "3 : 응 하하 나는 비혼 주의야",
            "norm_text": "응 하하 나는 비혼 주의야",
            "speaker": {
              "id": "3번",
              "sex": "남성",
              "age": "20대"
            },
            "speechAct": "(단언) 주장하기",
            "morpheme": "응/IC+하하/MAG+나/NP+는/JX+비/XPN+혼주/NNG+의/JKG+야/NNG"
          },
          {
            "id": 7,
            "text": "1 : 맞아~",
            "norm_text": "맞아~",
            "speaker": {
              "id": "1번",
              "sex": "여성",
              "age": "20대"
            },
            "speechAct": "(단언) 주장하기",
            "morpheme": "맞/VV+아/EC+~/SY"
          },
          {
            "id": 8,
            "text": "1 : 요즘은 본인의 삶을 더 중요시하지",
            "norm_text": "요즘은 본인의 삶을 더 중요시하지",
            "speaker": {
              "id": "1번",
              "sex": "여성",
              "age": "20대"
            },
            "speechAct": "(단언) 주장하기",
            "morpheme": "요즘/NNG+은/JX+본인/NNG+의/JKG+삶/NNG+을/JKO+더/MAG+중요/NNG+시/XSN+하/XSV+지/EC"
          },
          {
            "id": 9,
            "text": "2 : 그러다 좋은 사람 만나면 결혼 하는거지 하하",
            "norm_text": "그러다 좋은 사람 만나면 결혼 하는거지 하하",
            "speaker": {
              "id": "2번",
              "sex": "여성",
              "age": "20대"
            },
            "speechAct": "(단언) 주장하기",
            "morpheme": "그러/VV+다/EC+좋/VA+은/ETM+사람/NNG+만나/VV+면/EC+결혼/NNG+하/XSV+는/ETM+거/NNB+지하/NNG+하/XSV"
          },
          {
            "id": 10,
            "text": "3 : 응 하하 나는 시간에 쫓겨서 안하고싶어서",
            "norm_text": "응 하하 나는 시간에 쫓겨서 안하고싶어서",
            "speaker": {
              "id": "3번",
              "sex": "남성",
              "age": "20대"
            },
            "speechAct": "(단언) 주장하기",
            "morpheme": "응/IC+하하/MAG+나/NP+는/JX+시간/NNG+에/JKB+쫓겨서/VV+EC+안/MAG+하/VV+고/EC+싶/VX+어서/EC"
          },
          {
            "id": 11,
            "text": "1 : 맞아 그것도 좋은 생각이지 하하",
            "norm_text": "맞아 그것도 좋은 생각이지 하하",
            "speaker": {
              "id": "1번",
              "sex": "여성",
              "age": "20대"
            },
            "speechAct": "(단언) 주장하기",
            "morpheme": "맞/VV+아/EC+그것/NP+도/JX+좋/VA+은/ETM+생각/NNG+이/JKS+지하/NNG+하/XSV"
          },
          {
            "id": 12,
            "text": "2 : 맞아 그냥 내 인생 즐기면서 사는게 최고인듯 키키",
            "norm_text": "맞아 그냥 내 인생 즐기면서 사는게 최고인듯 키키",
            "speaker": {
              "id": "2번",
              "sex": "여성",
              "age": "20대"
            },
            "speechAct": "(단언) 주장하기",
            "morpheme": "맞/VV+아/EC+그냥/MAG+내/NP+JKG+인생/NNG+즐기/VV+면서/EC+사/VV+는/ETM+게/NNB+JKS+최고/NNG+인/VCP+ETM+듯/NNB+키/NNG+키/XSV+ETN"
          },
          {
            "id": 13,
            "text": "3 : 응 하하 요즘은 그냥 즐기면서 살아~",
            "norm_text": "응 하하 요즘은 그냥 즐기면서 살아~",
            "speaker": {
              "id": "3번",
              "sex": "남성",
              "age": "20대"
            },
            "speechAct": "(단언) 주장하기",
            "morpheme": "응/IC+하하/MAG+요즘/NNG+은/JX+그냥/MAG+즐기/VV+면서/EC+살/VV+아/EC+~/SY"
          },
          {
            "id": 14,
            "text": "1 : 나도 너 생각을 본받고 싶네 하하",
            "norm_text": "나도 너 생각을 본받고 싶네 하하",
            "speaker": {
              "id": "1번",
              "sex": "여성",
              "age": "20대"
            },
            "speechAct": "(단언) 주장하기",
            "morpheme": "나/NP+도/JX+너/NP+생각/NNG+을/JKO+본받/VV+고/EC+싶/VX+네/EF+하하/MAG"
          },
          {
            "id": 15,
            "text": "2 : 생각이 진짜 건강한거 같아 하하",
            "norm_text": "생각이 진짜 건강한거 같아 하하",
            "speaker": {
              "id": "2번",
              "sex": "여성",
              "age": "20대"
            },
            "speechAct": "(단언) 주장하기",
            "morpheme": "생각/NNG+이/JKS+진짜/MAG+건강/NNG+한/XSA+ETM+거/NNB+같/VA+아/EC+하하/MAG"
          },
          {
            "id": 16,
            "text": "3 : 응 하하 나 그래서 요즘 적극적 투자중!",
            "norm_text": "응 하하 나 그래서 요즘 적극적 투자중!",
            "speaker": {
              "id": "3번",
              "sex": "남성",
              "age": "20대"
            },
            "speechAct": "(단언) 진술하기",
            "morpheme": "응/IC+하/IC+하나/NR+그래서/MAJ+요즘/MAG+적극/NNG+적/XSN+투자/NNG+중/NNB"
          },
          {
            "id": 17,
            "text": "1 : 키키 헐~",
            "norm_text": "키키 헐~",
            "speaker": {
              "id": "1번",
              "sex": "여성",
              "age": "20대"
            },
            "speechAct": "턴토크 사인(관습적 반응)",
            "morpheme": "키/NNG+키/NNG+헐/XSV+ETM+~/SY"
          },
          {
            "id": 18,
            "text": "1 : 너도 혹시 주식하냐?",
            "norm_text": "너도 혹시 주식하냐?",
            "speaker": {
              "id": "1번",
              "sex": "여성",
              "age": "20대"
            },
            "speechAct": "(지시) 질문하기",
            "morpheme": "너/NP+도/JX+혹시/MAG+주식/NNG+하/XSA+냐/EF"
          },
          {
            "id": 19,
            "text": "2 : 아 요즘은 주식에 투자 많이 하지 키키",
            "norm_text": "아 요즘은 주식에 투자 많이 하지 키키",
            "speaker": {
              "id": "2번",
              "sex": "여성",
              "age": "20대"
            },
            "speechAct": "(단언) 진술하기",
            "morpheme": "아/IC+요즘/NNG+은/JX+주식/NNG+에/JKB+투자/NNG+많이/MAG+하/VV+지/EC+키/NNG+키/XSV+ETN"
          },
          {
            "id": 20,
            "text": "3 : 응, 내 미래를 위해서,",
            "norm_text": "응, 내 미래를 위해서,",
            "speaker": {
              "id": "3번",
              "sex": "남성",
              "age": "20대"
            },
            "speechAct": "(단언) 주장하기",
            "morpheme": "응/IC+,/SC+내/NP+JKG+미래/NNG+를/JKO+위해서/VV+EC+,/SC"
          }
        ]
      }
    }
  ]
}