{
  "dataset": {
    "identifier": 543,
    "name": "NATEON_24_14_set",
    "src_path": "/data/file/cubeManager/PROJECT001/7/txt20210827181432063738/NATEON_24_14_set/",
    "label_path": "/data/file/cubeManager/PROJECT001/7/txt20210827181432063738/NATEON_24_14_set/",
    "category": 2,
    "type": 0
  },
  "licenses": {
    "name": "Apache License 1.0",
    "url": "http://www.apache.org/licenses/LICENSE-1.0"
  },
  "info": [
    {
      "id": 861,
      "filename": "NATEON_24_14.txt",
      "title": "NATEON_24_14",
      "mediatype": "메신저",
      "medianame": "네이트온",
      "category": "일상대화",
      "date": "2021-08-27",
      "size": 1102,
      "annotations": {
        "subject": "사회이슈",
        "speaker_type": "1:1",
        "size": 1102,
        "word_size": 348,
        "text": "1 : 우리 이제 대체공휴일로 일요일이랑 공휴일 겹쳤던 것도 월요일에 쉴 수 있는 거 알아?\n2 : 그렇더라구\n2 : 나는 안 지가 얼마 안 됐는데 갑자기 복권 당첨된 기분이야 하하\n2 : 이번에 재난지원금 또 확정된 것도 알아?\n1 : 아니 그건 잘 몰랐는데!\n1 : 어떻게 됐대?\n2 : 아 나도 완벽하게 잘 아는 건 아닌데 그 건보료 기준으로 자격 되는 사람들 인당 25만 원씩 아마 받을 거야\n2 : 근데 그게 기준이 높지 않은가 봐\n2 : 국민 80% 이상이 받을 거래!\n1 : 오 좋다!\n1 : 25만 원 받으면 쏠쏠할 거 같아!\n1 : 돈도 받고 휴일도 생기니까 놀러 가면 좋을 텐데 코로나 때문에 그것도 조심스럽다\n1 : 그치 ㅠㅠ?\n2 : 맞아 물론 코로나가 없었으면 이 재난지원금도 없었겠지만\n2 : 코로나 때문에 이것마저 제약이 생긴다는 게 너무 안타깝다...\n2 : 우리도 이제 백신을 맞을 수는 있는 것 같은데 맞을 거야?\n1 : 응 맞아야 하지 않을까?\n1 : 나는 생일이 9일이라 다음 주 월요일에 백신 예약 접수하는데 성공할 수 있겠지?\n1 : 전에는 너무 사람 몰려서 서버 터졌었자나 ㅠㅠ\n1 : 넌 맞을 거야?\n2 : 근데 나는 백신 부작용 사례도 너무 많아서 좀 무서운 것 같아 아직도\n2 : 안 맞을 생각이야!\n1 : 내 친구는 유학 중인데 백신을 맞아야 자가격리가 면제되니까 편하게 한국이랑 외국 오갈려고 맞으려고 하더라고!\n2 : 응 것도 좋겠다\n2 : 이번 달에 그럼 대체공휴일이 있는 건가?\n1 : 응응 8월 15일 광복절이 일요일이라서 16일인 월요일에 쉰다고 해!\n1 : 10월에는 두 번이나 대체 공휴일이 있더라고\n2 : 아 10월에도 그렇게나 있어?\n2 : 이건 너무 반가운 소식이다\n2 : 급 기분이 좋아지네 하하\n2 : 공휴일 지정이 잘 안 되는 줄 알았더니 잘들 일하고 있었나 봐\n1 : 응 맞아~ 너무 좋지 키키\n1 : 한글날이랑 개천절이랑 겹친다고 하나 봐 10월엔\n2 : 응 그랬던 것 같아\n2 : 나는 아쉽게 휴일이 날아가는 줄 알았지\n2 : 그때는 코로나가 좀 나아질까?\n1 : 10월이면 백신들도 좀 맞고 지금보다는 나아져서 여행도 마음 편히 갈 수 있었으면 좋겠다\n1 : 그치?\n2 : 응응 하루 빨리 좀 상황이 나아졌으면 좋겠어\n2 : 이제 불편한 것도 안 느끼고 싶어",
        "lines": [
          {
            "id": 1,
            "text": "1 : 우리 이제 대체공휴일로 일요일이랑 공휴일 겹쳤던 것도 월요일에 쉴 수 있는 거 알아?",
            "norm_text": "우리 이제 대체공휴일로 일요일이랑 공휴일 겹쳤던 것도 월요일에 쉴 수 있는 거 알아?",
            "speaker": {
              "id": "1번",
              "sex": "여성",
              "age": "20대"
            },
            "speechAct": "(지시) 부탁하기",
            "morpheme": "우리/NP+이제/MAG+대체/MAG+공휴일/NNG+로/JKB+일요일/NNG+이랑/JKB+공휴일/NNG+겹쳤/VV+EP+던/ETM+것/NNB+도/JX+월요일/NNG+에/JKB+쉴/VV+ETM+수/NNB+있/VV+는/ETM+거/NNB+알/VV+아/EF"
          },
          {
            "id": 2,
            "text": "2 : 그렇더라구",
            "norm_text": "그렇더라구",
            "speaker": {
              "id": "2번",
              "sex": "여성",
              "age": "20대"
            },
            "speechAct": "(단언) 진술하기",
            "morpheme": "그렇/VA+더라구/EC"
          },
          {
            "id": 3,
            "text": "2 : 나는 안 지가 얼마 안 됐는데 갑자기 복권 당첨된 기분이야 하하",
            "norm_text": "나는 안 지가 얼마 안 됐는데 갑자기 복권 당첨된 기분이야 하하",
            "speaker": {
              "id": "2번",
              "sex": "여성",
              "age": "20대"
            },
            "speechAct": "(단언) 주장하기",
            "morpheme": "나/NP+는/JX+안지/VV+ETM+NNB+가/JKS+얼마/NNG+안/MAG+됐/VV+EP+는데/EC+갑자기/MAG+복권/NNG+당첨/NNG+된/XSV+ETM+기분/NNG+이야/JX+하하/MAG"
          },
          {
            "id": 4,
            "text": "2 : 이번에 재난지원금 또 확정된 것도 알아?",
            "norm_text": "이번에 재난지원금 또 확정된 것도 알아?",
            "speaker": {
              "id": "2번",
              "sex": "여성",
              "age": "20대"
            },
            "speechAct": "(지시) 질문하기",
            "morpheme": "이번/NNG+에/JKB+재난/NNG+지원금/NNG+또/MAG+확정/NNG+된/XSV+ETM+것/NNB+도/JX+알/VV+아/EF"
          },
          {
            "id": 5,
            "text": "1 : 아니 그건 잘 몰랐는데!",
            "norm_text": "아니 그건 잘 몰랐는데!",
            "speaker": {
              "id": "1번",
              "sex": "여성",
              "age": "20대"
            },
            "speechAct": "(단언) 진술하기",
            "morpheme": "아니/IC+그건/NP+JX+잘/MAG+몰랐/VV+EP+는데/EF"
          },
          {
            "id": 6,
            "text": "1 : 어떻게 됐대?",
            "norm_text": "어떻게 됐대?",
            "speaker": {
              "id": "1번",
              "sex": "여성",
              "age": "20대"
            },
            "speechAct": "(지시) 질문하기",
            "morpheme": "어떻게/MAG+됐/VV+EP+대/EF"
          },
          {
            "id": 7,
            "text": "2 : 아 나도 완벽하게 잘 아는 건 아닌데 그 건보료 기준으로 자격 되는 사람들 인당 25만 원씩 아마 받을 거야",
            "norm_text": "아 나도 완벽하게 잘 아는 건 아닌데 그 건보료 기준으로 자격 되는 사람들 인당 25만 원씩 아마 받을 거야",
            "speaker": {
              "id": "2번",
              "sex": "여성",
              "age": "20대"
            },
            "speechAct": "(단언) 진술하기",
            "morpheme": "아/IC+나/NP+도/JX+완벽/NNG+하/XSV+게/EC+잘/MAG+아/VV+는/ETM+건/NNB+JX+아닌데/VCN+EC+그건/NP+JX+보료/NNG+기준/NNG+으로/JKB+자격/NNG+되/XSV+는/ETM+사람/NNG+들/XSN+인/VCP+ETM+당/NNG+25/SN+만/NR+원/NNBC+씩/XSN+아마/MAG+받/VV+을/ETM+거/NNB+야/VCP+EF"
          },
          {
            "id": 8,
            "text": "2 : 근데 그게 기준이 높지 않은가 봐",
            "norm_text": "근데 그게 기준이 높지 않은가 봐",
            "speaker": {
              "id": "2번",
              "sex": "여성",
              "age": "20대"
            },
            "speechAct": "(단언) 진술하기",
            "morpheme": "근데/MAJ+그게/NP+JKS+기준/NNG+이/JKS+높/VA+지/EC+않/VX+은가/EC+봐/VX+EC"
          },
          {
            "id": 9,
            "text": "2 : 국민 80% 이상이 받을 거래!",
            "norm_text": "국민 80% 이상이 받을 거래!",
            "speaker": {
              "id": "2번",
              "sex": "여성",
              "age": "20대"
            },
            "speechAct": "(단언) 진술하기",
            "morpheme": "국민/NNG+80/SN+%/SY+이상/NNG+이/JKS+받/VV+을/ETM+거/NNB+래/VCP+EF"
          },
          {
            "id": 10,
            "text": "1 : 오 좋다!",
            "norm_text": "오 좋다!",
            "speaker": {
              "id": "1번",
              "sex": "여성",
              "age": "20대"
            },
            "speechAct": "(단언) 주장하기",
            "morpheme": "오/NR+좋/VA+다/EF"
          },
          {
            "id": 11,
            "text": "1 : 25만 원 받으면 쏠쏠할 거 같아!",
            "norm_text": "25만 원 받으면 쏠쏠할 거 같아!",
            "speaker": {
              "id": "1번",
              "sex": "여성",
              "age": "20대"
            },
            "speechAct": "(단언) 주장하기",
            "morpheme": "25/SN+만/NR+원/NNBC+받/VV+으면/EC+쏠쏠/XR+할/XSA+ETM+거/NNB+같/VA+아/EF"
          },
          {
            "id": 12,
            "text": "1 : 돈도 받고 휴일도 생기니까 놀러 가면 좋을 텐데 코로나 때문에 그것도 조심스럽다",
            "norm_text": "돈도 받고 휴일도 생기니까 놀러 가면 좋을 텐데 코로나 때문에 그것도 조심스럽다",
            "speaker": {
              "id": "1번",
              "sex": "여성",
              "age": "20대"
            },
            "speechAct": "(단언) 주장하기",
            "morpheme": "돈/NNG+도/JX+받/VV+고/EC+휴일/NNG+도/JX+생기/VV+니까/EC+놀/VV+러/EC+가/VX+면/EC+좋/VA+을/ETM+텐데/NNB+VCP+EC+코로나/NNG+때문/NNB+에/JKB+그것/NP+도/JX+조심/NNG+스럽/XSA+다/EC"
          },
          {
            "id": 13,
            "text": "1 : 그치 ㅠㅠ?",
            "norm_text": "그치 ㅠㅠ?",
            "speaker": {
              "id": "1번",
              "sex": "여성",
              "age": "20대"
            },
            "speechAct": "(지시) 질문하기",
            "morpheme": "그치ㅠㅠ/UNKNOWN"
          },
          {
            "id": 14,
            "text": "2 : 맞아 물론 코로나가 없었으면 이 재난지원금도 없었겠지만",
            "norm_text": "맞아 물론 코로나가 없었으면 이 재난지원금도 없었겠지만",
            "speaker": {
              "id": "2번",
              "sex": "여성",
              "age": "20대"
            },
            "speechAct": "(단언) 진술하기",
            "morpheme": "맞아/IC+물론/MAG+코로나/NNG+가/JKS+없/VA+었/EP+으면/EC+이/MM+재난/NNG+지원금/NNG+도/JX+없/VA+었/EP+겠/EP+지만/EC"
          },
          {
            "id": 15,
            "text": "2 : 코로나 때문에 이것마저 제약이 생긴다는 게 너무 안타깝다...",
            "norm_text": "코로나 때문에 이것마저 제약이 생긴다는 게 너무 안타깝다...",
            "speaker": {
              "id": "2번",
              "sex": "여성",
              "age": "20대"
            },
            "speechAct": "(단언) 주장하기",
            "morpheme": "코로나/NNG+때문/NNB+에/JKB+이것/NP+마저/JX+제약/NNG+이/JKS+생긴다는/VV+ETM+게/NNB+JKS+너무/MAG+안타깝/VA+다/EF+./SY"
          },
          {
            "id": 16,
            "text": "2 : 우리도 이제 백신을 맞을 수는 있는 것 같은데 맞을 거야?",
            "norm_text": "우리도 이제 백신을 맞을 수는 있는 것 같은데 맞을 거야?",
            "speaker": {
              "id": "2번",
              "sex": "여성",
              "age": "20대"
            },
            "speechAct": "(지시) 질문하기",
            "morpheme": "우리/NP+도/JX+이제/MAG+백신/NNG+을/JKO+맞/VV+을/ETM+수/NNB+는/JX+있/VX+는/ETM+것/NNB+같/VA+은/ETM+데/NNB+맞/VV+을/ETM+거/NNB+야/VCP+EF"
          },
          {
            "id": 17,
            "text": "1 : 응 맞아야 하지 않을까?",
            "norm_text": "응 맞아야 하지 않을까?",
            "speaker": {
              "id": "1번",
              "sex": "여성",
              "age": "20대"
            },
            "speechAct": "(단언) 주장하기",
            "morpheme": "응/IC+맞/VV+아야/EC+하/VV+지/EC+않/VX+을까/EF"
          },
          {
            "id": 18,
            "text": "1 : 나는 생일이 9일이라 다음 주 월요일에 백신 예약 접수하는데 성공할 수 있겠지?",
            "norm_text": "나는 생일이 9일이라 다음 주 월요일에 백신 예약 접수하는데 성공할 수 있겠지?",
            "speaker": {
              "id": "1번",
              "sex": "여성",
              "age": "20대"
            },
            "speechAct": "(지시) 질문하기",
            "morpheme": "나/NP+는/JX+생일/NNG+이/JKS+9/SN+일/NNBC+이/VCP+라/EC+다음/NNG+주/NNG+월요일/NNG+에/JKB+백신/NNG+예약/NNG+접수/NNG+하/XSV+는/ETM+데/NNB+성공/NNG+할/XSV+ETM+수/NNB+있/VV+겠/EP+지/EF"
          },
          {
            "id": 19,
            "text": "1 : 전에는 너무 사람 몰려서 서버 터졌었자나 ㅠㅠ",
            "norm_text": "전에는 너무 사람 몰려서 서버 터졌었자나 ㅠㅠ",
            "speaker": {
              "id": "1번",
              "sex": "여성",
              "age": "20대"
            },
            "speechAct": "(단언) 진술하기",
            "morpheme": "전/NNG+에/JKB+는/JX+너무/MAG+사람/NNG+몰려서/VV+EC+서버/NNG+터졌었/VV+EP+자/EC+나/VX+ㅠㅠ/UNKNOWN"
          },
          {
            "id": 20,
            "text": "1 : 넌 맞을 거야?",
            "norm_text": "넌 맞을 거야?",
            "speaker": {
              "id": "1번",
              "sex": "여성",
              "age": "20대"
            },
            "speechAct": "(지시) 질문하기",
            "morpheme": "넌/NP+JX+맞/VV+을/ETM+거/NNB+야/VCP+EF"
          },
          {
            "id": 21,
            "text": "2 : 근데 나는 백신 부작용 사례도 너무 많아서 좀 무서운 것 같아 아직도",
            "norm_text": "근데 나는 백신 부작용 사례도 너무 많아서 좀 무서운 것 같아 아직도",
            "speaker": {
              "id": "2번",
              "sex": "여성",
              "age": "20대"
            },
            "speechAct": "(단언) 주장하기",
            "morpheme": "근데/MAJ+나/NP+는/JX+백/NR+신부/NNG+작용/NNG+사례/NNG+도/JX+너무/MAG+많/VA+아서/EC+좀/MAG+무서운/VA+ETM+것/NNB+같/VA+아/EC+아직/MAG+도/JX"
          },
          {
            "id": 22,
            "text": "2 : 안 맞을 생각이야!",
            "norm_text": "안 맞을 생각이야!",
            "speaker": {
              "id": "2번",
              "sex": "여성",
              "age": "20대"
            },
            "speechAct": "(단언) 주장하기",
            "morpheme": "안/MAG+맞/VV+을/ETM+생각/NNG+이/VCP+야/EF"
          },
          {
            "id": 23,
            "text": "1 : 내 친구는 유학 중인데 백신을 맞아야 자가격리가 면제되니까 편하게 한국이랑 외국 오갈려고 맞으려고 하더라고!",
            "norm_text": "내 친구는 유학 중인데 백신을 맞아야 자가격리가 면제되니까 편하게 한국이랑 외국 오갈려고 맞으려고 하더라고!",
            "speaker": {
              "id": "1번",
              "sex": "여성",
              "age": "20대"
            },
            "speechAct": "(단언) 진술하기",
            "morpheme": "내/NP+JKG+친구/NNG+는/JX+유학/NNG+중/NNB+인데/VCP+EC+백신/NNG+을/JKO+맞/VV+아/EC+야자/NNG+가/JKS+격리/NNG+가/JKS+면제/NNG+되/XSV+니까/EC+편하/VA+게/EC+한국/NNP+이랑/JKB+외국/NNG+오/NR+갈려고/VV+EC+맞/VV+으려고/EC+하/VX+더라고/EF"
          },
          {
            "id": 24,
            "text": "2 : 응 것도 좋겠다",
            "norm_text": "응 것도 좋겠다",
            "speaker": {
              "id": "2번",
              "sex": "여성",
              "age": "20대"
            },
            "speechAct": "(단언) 주장하기",
            "morpheme": "응/IC+것/NNB+도/JX+좋/VA+겠/EP+다/EC"
          },
          {
            "id": 25,
            "text": "2 : 이번 달에 그럼 대체공휴일이 있는 건가?",
            "norm_text": "이번 달에 그럼 대체공휴일이 있는 건가?",
            "speaker": {
              "id": "2번",
              "sex": "여성",
              "age": "20대"
            },
            "speechAct": "(지시) 질문하기",
            "morpheme": "이번/NNG+달/NNG+에/JKB+그럼/MAJ+대체/MAG+공휴일/NNG+이/JKS+있/VA+는/ETM+건가/NNB+VCP+EF"
          },
          {
            "id": 26,
            "text": "1 : 응응 8월 15일 광복절이 일요일이라서 16일인 월요일에 쉰다고 해!",
            "norm_text": "응응 8월 15일 광복절이 일요일이라서 16일인 월요일에 쉰다고 해!",
            "speaker": {
              "id": "1번",
              "sex": "여성",
              "age": "20대"
            },
            "speechAct": "(단언) 진술하기",
            "morpheme": "응응/MAG+8/SN+월/NNBC+15/SN+일/NNBC+광복절/NNG+이/JKS+일요일/NNG+이/VCP+라서/EC+16/SN+일/NNBC+인/VCP+ETM+월요일/NNG+에/JKB+쉰다고/VV+EC+해/VX+EF"
          },
          {
            "id": 27,
            "text": "1 : 10월에는 두 번이나 대체 공휴일이 있더라고",
            "norm_text": "10월에는 두 번이나 대체 공휴일이 있더라고",
            "speaker": {
              "id": "1번",
              "sex": "여성",
              "age": "20대"
            },
            "speechAct": "(단언) 진술하기",
            "morpheme": "10/SN+월/NNBC+에/JKB+는/JX+두/MM+번/NNBC+이나/JX+대체/MAG+공휴일/NNG+이/JKS+있/VV+더라고/EC"
          },
          {
            "id": 28,
            "text": "2 : 아 10월에도 그렇게나 있어?",
            "norm_text": "아 10월에도 그렇게나 있어?",
            "speaker": {
              "id": "2번",
              "sex": "여성",
              "age": "20대"
            },
            "speechAct": "(지시) 질문하기",
            "morpheme": "아/IC+10/SN+월/NNBC+에/JKB+도/JX+그렇/VA+게나/EC+있/VX+어/EF"
          },
          {
            "id": 29,
            "text": "2 : 이건 너무 반가운 소식이다",
            "norm_text": "이건 너무 반가운 소식이다",
            "speaker": {
              "id": "2번",
              "sex": "여성",
              "age": "20대"
            },
            "speechAct": "(단언) 주장하기",
            "morpheme": "이건/NP+JX+너무/MAG+반가운/VA+ETM+소식/NNG+이/VCP+다/EC"
          },
          {
            "id": 30,
            "text": "2 : 급 기분이 좋아지네 하하",
            "norm_text": "급 기분이 좋아지네 하하",
            "speaker": {
              "id": "2번",
              "sex": "여성",
              "age": "20대"
            },
            "speechAct": "(단언) 주장하기",
            "morpheme": "급/NNG+기분/NNG+이/JKS+좋/VA+아/EC+지/VX+네/EF+하하/MAG"
          },
          {
            "id": 31,
            "text": "2 : 공휴일 지정이 잘 안 되는 줄 알았더니 잘들 일하고 있었나 봐",
            "norm_text": "공휴일 지정이 잘 안 되는 줄 알았더니 잘들 일하고 있었나 봐",
            "speaker": {
              "id": "2번",
              "sex": "여성",
              "age": "20대"
            },
            "speechAct": "(단언) 진술하기",
            "morpheme": "공휴일/NNG+지정/NNG+이/JKS+잘/MAG+안/MAG+되/VV+는/ETM+줄/NNB+알/VV+았/EP+더니/EC+잘/MAG+들일/NNG+하/XSV+고/EC+있/VX+었/EP+나/EC+봐/VX+EC"
          },
          {
            "id": 32,
            "text": "1 : 응 맞아~ 너무 좋지 키키",
            "norm_text": "응 맞아~ 너무 좋지 키키",
            "speaker": {
              "id": "1번",
              "sex": "여성",
              "age": "20대"
            },
            "speechAct": "(단언) 주장하기",
            "morpheme": "응/IC+맞/VV+아/EC+~/SY+너무/MAG+좋/VA+지/EC+키/NNG+키/XSV+ETN"
          },
          {
            "id": 33,
            "text": "1 : 한글날이랑 개천절이랑 겹친다고 하나 봐 10월엔",
            "norm_text": "한글날이랑 개천절이랑 겹친다고 하나 봐 10월엔",
            "speaker": {
              "id": "1번",
              "sex": "여성",
              "age": "20대"
            },
            "speechAct": "(단언) 진술하기",
            "morpheme": "한글날/NNP+이랑/JC+개천절/NNG+이랑/JKB+겹친다고/VV+EC+하나/NR+봐/VV+EC+10/SN+월/NNBC+엔/JKB+JX"
          },
          {
            "id": 34,
            "text": "2 : 응 그랬던 것 같아",
            "norm_text": "응 그랬던 것 같아",
            "speaker": {
              "id": "2번",
              "sex": "여성",
              "age": "20대"
            },
            "speechAct": "(단언) 진술하기",
            "morpheme": "응/IC+그랬/VV+EP+던/ETM+것/NNB+같/VA+아/EC"
          },
          {
            "id": 35,
            "text": "2 : 나는 아쉽게 휴일이 날아가는 줄 알았지",
            "norm_text": "나는 아쉽게 휴일이 날아가는 줄 알았지",
            "speaker": {
              "id": "2번",
              "sex": "여성",
              "age": "20대"
            },
            "speechAct": "(단언) 주장하기",
            "morpheme": "나/NP+는/JX+아쉽/VA+게/EC+휴일/NNG+이/JKS+날아가/VV+는/ETM+줄/NNB+알/VV+았/EP+지/EC"
          },
          {
            "id": 36,
            "text": "2 : 그때는 코로나가 좀 나아질까?",
            "norm_text": "그때는 코로나가 좀 나아질까?",
            "speaker": {
              "id": "2번",
              "sex": "여성",
              "age": "20대"
            },
            "speechAct": "(지시) 질문하기",
            "morpheme": "그때/NNG+는/JX+코로나/NNG+가/JKS+좀/MAG+나아질까/VV+EF"
          },
          {
            "id": 37,
            "text": "1 : 10월이면 백신들도 좀 맞고 지금보다는 나아져서 여행도 마음 편히 갈 수 있었으면 좋겠다",
            "norm_text": "10월이면 백신들도 좀 맞고 지금보다는 나아져서 여행도 마음 편히 갈 수 있었으면 좋겠다",
            "speaker": {
              "id": "1번",
              "sex": "여성",
              "age": "20대"
            },
            "speechAct": "(단언) 주장하기",
            "morpheme": "10/SN+월/NNBC+이/VCP+면/EC+백신/NNG+들/XSN+도/JX+좀/MAG+맞/VV+고/EC+지금/NNG+보다/JKB+는/JX+나/VX+아/EC+져서/VX+EC+여행/NNG+도/JX+마음/NNG+편히/MAG+갈/VV+ETM+수/NNB+있/VV+었/EP+으면/EC+좋/VA+겠/EP+다/EC"
          },
          {
            "id": 38,
            "text": "1 : 그치?",
            "norm_text": "그치?",
            "speaker": {
              "id": "1번",
              "sex": "여성",
              "age": "20대"
            },
            "speechAct": "(지시) 질문하기",
            "morpheme": "그치/IC"
          },
          {
            "id": 39,
            "text": "2 : 응응 하루 빨리 좀 상황이 나아졌으면 좋겠어",
            "norm_text": "응응 하루 빨리 좀 상황이 나아졌으면 좋겠어",
            "speaker": {
              "id": "2번",
              "sex": "여성",
              "age": "20대"
            },
            "speechAct": "(단언) 주장하기",
            "morpheme": "응/IC+응/IC+하루빨리/MAG+좀/MAG+상황/NNG+이/JKS+나아졌으면/VV+EP+EC+좋/VA+겠/EP+어/EC"
          },
          {
            "id": 40,
            "text": "2 : 이제 불편한 것도 안 느끼고 싶어",
            "norm_text": "이제 불편한 것도 안 느끼고 싶어",
            "speaker": {
              "id": "2번",
              "sex": "여성",
              "age": "20대"
            },
            "speechAct": "(단언) 주장하기",
            "morpheme": "이제/MAG+불편/NNG+한/XSA+ETM+것/NNB+도/JX+안/MAG+느끼/VV+고/EC+싶/VX+어/EC"
          }
        ]
      }
    }
  ]
}