{
  "dataset": {
    "identifier": 129728,
    "name": "NATEON_41_17_set",
    "src_path": "/data/file/cubeManager/PROJECT001/84/txt20211104173553000184/NATEON_41_17_set/",
    "label_path": "/data/file/cubeManager/PROJECT001/84/txt20211104173553000184/NATEON_41_17_set/",
    "category": 2,
    "type": 0
  },
  "licenses": {
    "name": "Apache License 1.0",
    "url": "http://www.apache.org/licenses/LICENSE-1.0"
  },
  "info": [
    {
      "id": 137224,
      "filename": "NATEON_41_17.txt",
      "title": "NATEON_41_17",
      "mediatype": "메신저",
      "medianame": "네이트온",
      "category": "일상대화",
      "date": "2021-11-04",
      "size": 449,
      "annotations": {
        "subject": "건강",
        "speaker_type": "다자간 대화",
        "size": 449,
        "word_size": 170,
        "text": "1 : 너 영양제 맞고 있다며?\n2 : 응 나 지금 몸 안 좋아 ㅠㅠ\n3 : 요즘 일 엄청 하더니 키키\n3 : 그럴 줄 알았다\n1 : 헐 도대체 어디가 안 좋은 거야?\n2 : 나 그냥 요즘 피곤이 쌓였어 ㅠㅠ\n3 : 그거 쉬지 않고 일만 하니까 그런 거야\n1 : 요즘 계속 일 많이 해서?\n2 : 응 나 본업에 알바에 글 올리는 거까지 바빠 ㅠㅠ\n3 : 아 너 블로그 시작했다고 했지 키키\n1 : 잠자는 게 제일 중요하대 ㅠ\n2 : 응 친구가 블로그 해서 배워는 중 키키\n2 : 맞아\n2 : 잘 자야 되는데 ㅠㅠ\n3 : 좀 자면서 해 키키\n3 : 몸이 중요하지\n1 : 그러지 말고 영양제 좀 챙겨 먹어\n2 : 응 그래야겠어\n2 : 잠도 푹 자고 ㅠㅠ\n2 : 이제 몸 챙기려고\n3 : 꼭 사람들은 아프고 나서 챙기더라 키키\n1 : 니 건강은 니가 챙겨야지 ㅠㅠ\n2 : 맞아\n2 : 그래서 이제 잘 챙기려고 해 ㅠㅠ\n3 : 어 좀 챙겨 약도 잘 먹고",
        "lines": [
          {
            "id": 1,
            "text": "1 : 너 영양제 맞고 있다며?",
            "norm_text": "너 영양제 맞고 있다며?",
            "speaker": {
              "id": "1번",
              "sex": "여성",
              "age": "20대"
            },
            "speechAct": "(지시) 질문하기",
            "morpheme": "너/NP+영양제/NNG+맞/VV+고/EC+있/VX+다며/EF"
          },
          {
            "id": 2,
            "text": "2 : 응 나 지금 몸 안 좋아 ㅠㅠ",
            "norm_text": "응 나 지금 몸 안 좋아 ㅠㅠ",
            "speaker": {
              "id": "2번",
              "sex": "여성",
              "age": "20대"
            },
            "speechAct": "(단언) 주장하기",
            "morpheme": "응/IC+나/NP+지금/MAG+몸/NNG+안/MAG+좋/VA+아/EC+ㅠㅠ/UNKNOWN"
          },
          {
            "id": 3,
            "text": "3 : 요즘 일 엄청 하더니 키키",
            "norm_text": "요즘 일 엄청 하더니 키키",
            "speaker": {
              "id": "3번",
              "sex": "남성",
              "age": "20대"
            },
            "speechAct": "(단언) 주장하기",
            "morpheme": "요즘/NNG+일/NNG+엄청/MAG+하/VV+더니/EC+키/NNG+키/XSV+ETN"
          },
          {
            "id": 4,
            "text": "3 : 그럴 줄 알았다",
            "norm_text": "그럴 줄 알았다",
            "speaker": {
              "id": "3번",
              "sex": "남성",
              "age": "20대"
            },
            "speechAct": "(단언) 주장하기",
            "morpheme": "그럴/VA+ETM+줄/NNB+알/VV+았/EP+다/EC"
          },
          {
            "id": 5,
            "text": "1 : 헐 도대체 어디가 안 좋은 거야?",
            "norm_text": "헐 도대체 어디가 안 좋은 거야?",
            "speaker": {
              "id": "1번",
              "sex": "여성",
              "age": "20대"
            },
            "speechAct": "(지시) 질문하기",
            "morpheme": "헐/IC+도대체/MAG+어디/NP+가/JKS+안/MAG+좋/VA+은/ETM+거/NNB+야/VCP+EF"
          },
          {
            "id": 6,
            "text": "2 : 나 그냥 요즘 피곤이 쌓였어 ㅠㅠ",
            "norm_text": "나 그냥 요즘 피곤이 쌓였어 ㅠㅠ",
            "speaker": {
              "id": "2번",
              "sex": "여성",
              "age": "20대"
            },
            "speechAct": "(단언) 주장하기",
            "morpheme": "나/NP+그냥/MAG+요즘/MAG+피곤/NNG+이/JKS+쌓였/VV+EP+어/EF+ㅠㅠ/UNKNOWN"
          },
          {
            "id": 7,
            "text": "3 : 그거 쉬지 않고 일만 하니까 그런 거야",
            "norm_text": "그거 쉬지 않고 일만 하니까 그런 거야",
            "speaker": {
              "id": "3번",
              "sex": "남성",
              "age": "20대"
            },
            "speechAct": "(단언) 주장하기",
            "morpheme": "그거/NP+쉬/VV+지/EC+않/VX+고/EC+일/NNG+만/JX+하/VV+니까/EC+그런/MM+거/NNB+야/VCP+EF"
          },
          {
            "id": 8,
            "text": "1 : 요즘 계속 일 많이 해서?",
            "norm_text": "요즘 계속 일 많이 해서?",
            "speaker": {
              "id": "1번",
              "sex": "여성",
              "age": "20대"
            },
            "speechAct": "(지시) 질문하기",
            "morpheme": "요즘/MAG+계속/MAG+일/NNG+많이/MAG+해서/VV+EC"
          },
          {
            "id": 9,
            "text": "2 : 응 나 본업에 알바에 글 올리는 거까지 바빠 ㅠㅠ",
            "norm_text": "응 나 본업에 알바에 글 올리는 거까지 바빠 ㅠㅠ",
            "speaker": {
              "id": "2번",
              "sex": "여성",
              "age": "20대"
            },
            "speechAct": "(단언) 진술하기",
            "morpheme": "응/IC+나/NP+본업/NNG+에/JKB+알/VV+ETM+바/NNB+에/JKB+글/NNG+올리/VV+는/ETM+거/NNB+까지/JX+바빠/VA+EC+ㅠㅠ/UNKNOWN"
          },
          {
            "id": 10,
            "text": "3 : 아 너 블로그 시작했다고 했지 키키",
            "norm_text": "아 너 블로그 시작했다고 했지 키키",
            "speaker": {
              "id": "3번",
              "sex": "남성",
              "age": "20대"
            },
            "speechAct": "(단언) 진술하기",
            "morpheme": "아/IC+너/NP+블로그/NNG+시작/NNG+했/XSV+EP+다고/EC+했/VX+EP+지/EC+키/NNG+키/XSV+ETN"
          },
          {
            "id": 11,
            "text": "1 : 잠자는 게 제일 중요하대 ㅠ",
            "norm_text": "잠자는 게 제일 중요하대 ㅠ",
            "speaker": {
              "id": "1번",
              "sex": "여성",
              "age": "20대"
            },
            "speechAct": "(단언) 주장하기",
            "morpheme": "잠자/VV+는/ETM+게/NNB+JKS+제일/MAG+중요/NNG+하/XSV+대ㅠ/UNKNOWN"
          },
          {
            "id": 12,
            "text": "2 : 응 친구가 블로그 해서 배워는 중 키키",
            "norm_text": "응 친구가 블로그 해서 배워는 중 키키",
            "speaker": {
              "id": "2번",
              "sex": "여성",
              "age": "20대"
            },
            "speechAct": "(단언) 진술하기",
            "morpheme": "응/IC+친구/NNG+가/JKS+블로그/NNG+해서/XSV+EC+배워/VV+EC+는/JX+중키/NNG+키/XSV+ETN"
          },
          {
            "id": 13,
            "text": "2 : 맞아",
            "norm_text": "맞아",
            "speaker": {
              "id": "2번",
              "sex": "여성",
              "age": "20대"
            },
            "speechAct": "(단언) 주장하기",
            "morpheme": "맞/VV+아/EC"
          },
          {
            "id": 14,
            "text": "2 : 잘 자야 되는데 ㅠㅠ",
            "norm_text": "잘 자야 되는데 ㅠㅠ",
            "speaker": {
              "id": "2번",
              "sex": "여성",
              "age": "20대"
            },
            "speechAct": "(단언) 주장하기",
            "morpheme": "잘자야되는데ㅠㅠ/UNKNOWN"
          },
          {
            "id": 15,
            "text": "3 : 좀 자면서 해 키키",
            "norm_text": "좀 자면서 해 키키",
            "speaker": {
              "id": "3번",
              "sex": "남성",
              "age": "20대"
            },
            "speechAct": "(지시) 충고/제안하기",
            "morpheme": "좀/MAG+자/VV+면서/EC+해/VV+EC+키/NNG+키/XSV+ETN"
          },
          {
            "id": 16,
            "text": "3 : 몸이 중요하지",
            "norm_text": "몸이 중요하지",
            "speaker": {
              "id": "3번",
              "sex": "남성",
              "age": "20대"
            },
            "speechAct": "(단언) 주장하기",
            "morpheme": "몸/NNG+이/JKS+중요/NNG+하/XSV+지/EC"
          },
          {
            "id": 17,
            "text": "1 : 그러지 말고 영양제 좀 챙겨 먹어",
            "norm_text": "그러지 말고 영양제 좀 챙겨 먹어",
            "speaker": {
              "id": "1번",
              "sex": "여성",
              "age": "20대"
            },
            "speechAct": "(지시) 충고/제안하기",
            "morpheme": "그러/VV+지/EC+말/VX+고/EC+영양제/NNG+좀/MAG+챙겨/VV+EC+먹/VV+어/EC"
          },
          {
            "id": 18,
            "text": "2 : 응 그래야겠어",
            "norm_text": "응 그래야겠어",
            "speaker": {
              "id": "2번",
              "sex": "여성",
              "age": "20대"
            },
            "speechAct": "(단언) 주장하기",
            "morpheme": "응/IC+그래야/VA+EC+VX+겠/EP+어/EC"
          },
          {
            "id": 19,
            "text": "2 : 잠도 푹 자고 ㅠㅠ",
            "norm_text": "잠도 푹 자고 ㅠㅠ",
            "speaker": {
              "id": "2번",
              "sex": "여성",
              "age": "20대"
            },
            "speechAct": "(지시) 충고/제안하기",
            "morpheme": "잠도푹자고ㅠㅠ/UNKNOWN"
          },
          {
            "id": 20,
            "text": "2 : 이제 몸 챙기려고",
            "norm_text": "이제 몸 챙기려고",
            "speaker": {
              "id": "2번",
              "sex": "여성",
              "age": "20대"
            },
            "speechAct": "(언약) 약속하기(제3자와)/(개인적 수준)",
            "morpheme": "이제/MAG+몸/NNG+챙기/VV+려고/EC"
          },
          {
            "id": 21,
            "text": "3 : 꼭 사람들은 아프고 나서 챙기더라 키키",
            "norm_text": "꼭 사람들은 아프고 나서 챙기더라 키키",
            "speaker": {
              "id": "3번",
              "sex": "남성",
              "age": "20대"
            },
            "speechAct": "(단언) 주장하기",
            "morpheme": "꼭/MAG+사람/NNG+들/XSN+은/JX+아프/VA+고/EC+나/VX+서/EC+챙기/VV+더라/EC+키/NNG+키/XSV+ETN"
          },
          {
            "id": 22,
            "text": "1 : 니 건강은 니가 챙겨야지 ㅠㅠ",
            "norm_text": "니 건강은 니가 챙겨야지 ㅠㅠ",
            "speaker": {
              "id": "1번",
              "sex": "여성",
              "age": "20대"
            },
            "speechAct": "(단언) 주장하기",
            "morpheme": "니/MM+건강/NNG+은/JX+니/NP+가/JKS+챙겨야지/VV+EC+ㅠㅠ/UNKNOWN"
          },
          {
            "id": 23,
            "text": "2 : 맞아",
            "norm_text": "맞아",
            "speaker": {
              "id": "2번",
              "sex": "여성",
              "age": "20대"
            },
            "speechAct": "(단언) 주장하기",
            "morpheme": "맞/VV+아/EC"
          },
          {
            "id": 24,
            "text": "2 : 그래서 이제 잘 챙기려고 해 ㅠㅠ",
            "norm_text": "그래서 이제 잘 챙기려고 해 ㅠㅠ",
            "speaker": {
              "id": "2번",
              "sex": "여성",
              "age": "20대"
            },
            "speechAct": "(언약) 약속하기(제3자와)/(개인적 수준)",
            "morpheme": "그래서/MAJ+이제/MAG+잘/MAG+챙기/VV+려고/EC+해/VV+EC+ㅠㅠ/UNKNOWN"
          },
          {
            "id": 25,
            "text": "3 : 어 좀 챙겨 약도 잘 먹고",
            "norm_text": "어 좀 챙겨 약도 잘 먹고",
            "speaker": {
              "id": "3번",
              "sex": "남성",
              "age": "20대"
            },
            "speechAct": "(지시) 충고/제안하기",
            "morpheme": "어/IC+좀/MAG+챙겨/VV+EC+약/NNG+도/JX+잘/MAG+먹/VV+고/EC"
          }
        ]
      }
    }
  ]
}