{
  "dataset": {
    "identifier": 129766,
    "name": "NATEON_43_15_set",
    "src_path": "/data/file/cubeManager/PROJECT001/84/txt202111041735530348104/NATEON_43_15_set/",
    "label_path": "/data/file/cubeManager/PROJECT001/84/txt202111041735530348104/NATEON_43_15_set/",
    "category": 2,
    "type": 0
  },
  "licenses": {
    "name": "Apache License 1.0",
    "url": "http://www.apache.org/licenses/LICENSE-1.0"
  },
  "info": [
    {
      "id": 137262,
      "filename": "NATEON_43_15.txt",
      "title": "NATEON_43_15",
      "mediatype": "메신저",
      "medianame": "네이트온",
      "category": "일상대화",
      "date": "2021-11-04",
      "size": 420,
      "annotations": {
        "subject": "타 국가 이슈",
        "speaker_type": "다자간 대화",
        "size": 420,
        "word_size": 157,
        "text": "1 : 아 일본 강제 동원 배상 아직도 안 했다네\n2 : 엥 일본 강제 동원 했던 건 뭐야?\n3 : 아 진짜 배상 아직도 안 했어?\n1 : 결과가 나온 지가 언젠데 변화가 없대\n2 : 뭐야\n2 : 이건 왜 내가 몰라\n3 : 아 진짜 언젠데 변화가 없대\n1 : 일본 위안부 강제 동원 사실 인정한 거\n2 : 아아 그거\n2 : 배상 왜 안 해 준대?\n3 : 아 사실 인정한 듯 키키\n1 : 인정하면 빨리 배상하고 사과해야지\n2 : 인정했으면 배상을 해 줘야지\n2 : 사과도 하고\n3 : 아 진짜 그치\n3 : 사과해야지 왜 그런대\n1 : 이건 진짜 태도가 아니야\n2 : 내 말이\n2 : 태도가 영 마음에 안 들어\n3 : 아 진짜 아닌 거 같아\n3 : 정말\n1 : 국가의 이미지가 점점 안 좋아지고 있어\n2 : 어어\n2 : 이미지 생각해서 빨리 처리했으면 좋겠다\n3 : 이미지 손상 너무하다\n3 : 정말",
        "lines": [
          {
            "id": 1,
            "text": "1 : 아 일본 강제 동원 배상 아직도 안 했다네",
            "norm_text": "아 일본 강제 동원 배상 아직도 안 했다네",
            "speaker": {
              "id": "1번",
              "sex": "여성",
              "age": "20대"
            },
            "speechAct": "(단언) 진술하기",
            "morpheme": "아/IC+일본/NNP+강제/NNG+동원/NNG+배상/NNG+아직/MAG+도/JX+안/MAG+했/VV+EP+다네/EC"
          },
          {
            "id": 2,
            "text": "2 : 엥 일본 강제 동원 했던 건 뭐야?",
            "norm_text": "엥 일본 강제 동원 했던 건 뭐야?",
            "speaker": {
              "id": "2번",
              "sex": "남성",
              "age": "20대"
            },
            "speechAct": "(지시) 질문하기",
            "morpheme": "엥/IC+일본/NNP+강제/NNG+동원/NNG+했/XSV+EP+던/ETM+건/NNB+JX+뭐/NP+야/VCP+EF"
          },
          {
            "id": 3,
            "text": "3 : 아 진짜 배상 아직도 안 했어?",
            "norm_text": "아 진짜 배상 아직도 안 했어?",
            "speaker": {
              "id": "3번",
              "sex": "남성",
              "age": "20대"
            },
            "speechAct": "(지시) 질문하기",
            "morpheme": "아/IC+진짜/MAG+배상/NNG+아직/MAG+도/JX+안/MAG+했/VV+EP+어/EF"
          },
          {
            "id": 4,
            "text": "1 : 결과가 나온 지가 언젠데 변화가 없대",
            "norm_text": "결과가 나온 지가 언젠데 변화가 없대",
            "speaker": {
              "id": "1번",
              "sex": "여성",
              "age": "20대"
            },
            "speechAct": "(단언) 주장하기",
            "morpheme": "결과/NNG+가/JKS+나온/VV+ETM+지/NNB+가/JKS+언젠데/NP+VCP+EC+변화/NNG+가/JKS+없/VA+대/EC"
          },
          {
            "id": 5,
            "text": "2 : 뭐야",
            "norm_text": "뭐야",
            "speaker": {
              "id": "2번",
              "sex": "남성",
              "age": "20대"
            },
            "speechAct": "턴토크 사인(관습적 반응)",
            "morpheme": "뭐/NP+야/VCP+EF"
          },
          {
            "id": 6,
            "text": "2 : 이건 왜 내가 몰라",
            "norm_text": "이건 왜 내가 몰라",
            "speaker": {
              "id": "2번",
              "sex": "남성",
              "age": "20대"
            },
            "speechAct": "(단언) 주장하기",
            "morpheme": "이건/NP+JX+왜/MAG+내/NP+가/JKS+몰라/VV+EC"
          },
          {
            "id": 7,
            "text": "3 : 아 진짜 언젠데 변화가 없대",
            "norm_text": "아 진짜 언젠데 변화가 없대",
            "speaker": {
              "id": "3번",
              "sex": "남성",
              "age": "20대"
            },
            "speechAct": "(단언) 주장하기",
            "morpheme": "아/IC+진짜/MAG+언젠데/NP+VCP+EC+변화/NNG+가/JKS+없/VA+대/EC"
          },
          {
            "id": 8,
            "text": "1 : 일본 위안부 강제 동원 사실 인정한 거",
            "norm_text": "일본 위안부 강제 동원 사실 인정한 거",
            "speaker": {
              "id": "1번",
              "sex": "여성",
              "age": "20대"
            },
            "speechAct": "(단언) 진술하기",
            "morpheme": "일본/NNP+위안부/NNG+강제/NNG+동원/NNG+사실/MAG+인정/NNG+한/XSA+ETM+거/NNB"
          },
          {
            "id": 9,
            "text": "2 : 아아 그거",
            "norm_text": "아아 그거",
            "speaker": {
              "id": "2번",
              "sex": "남성",
              "age": "20대"
            },
            "speechAct": "턴토크 사인(관습적 반응)",
            "morpheme": "아아/IC+그거/NP"
          },
          {
            "id": 10,
            "text": "2 : 배상 왜 안 해 준대?",
            "norm_text": "배상 왜 안 해 준대?",
            "speaker": {
              "id": "2번",
              "sex": "남성",
              "age": "20대"
            },
            "speechAct": "(지시) 질문하기",
            "morpheme": "배상/NNG+왜/MAG+안/MAG+해/VV+EC+준대/VX+EF"
          },
          {
            "id": 11,
            "text": "3 : 아 사실 인정한 듯 키키",
            "norm_text": "아 사실 인정한 듯 키키",
            "speaker": {
              "id": "3번",
              "sex": "남성",
              "age": "20대"
            },
            "speechAct": "(단언) 진술하기",
            "morpheme": "아/IC+사실/MAG+인정/NNG+한/XSA+ETM+듯/NNB+키/NNG+키/XSV+ETN"
          },
          {
            "id": 12,
            "text": "1 : 인정하면 빨리 배상하고 사과해야지",
            "norm_text": "인정하면 빨리 배상하고 사과해야지",
            "speaker": {
              "id": "1번",
              "sex": "여성",
              "age": "20대"
            },
            "speechAct": "(단언) 주장하기",
            "morpheme": "인정/NNG+하/XSV+면/EC+빨리/MAG+배상/NNG+하/XSV+고/EC+사과/NNG+해야지/XSV+EC"
          },
          {
            "id": 13,
            "text": "2 : 인정했으면 배상을 해 줘야지",
            "norm_text": "인정했으면 배상을 해 줘야지",
            "speaker": {
              "id": "2번",
              "sex": "남성",
              "age": "20대"
            },
            "speechAct": "(단언) 주장하기",
            "morpheme": "인정/NNG+했/XSV+EP+으면/EC+배상/NNG+을/JKO+해줘야지/VV+EC+VX+EC"
          },
          {
            "id": 14,
            "text": "2 : 사과도 하고",
            "norm_text": "사과도 하고",
            "speaker": {
              "id": "2번",
              "sex": "남성",
              "age": "20대"
            },
            "speechAct": "(단언) 주장하기",
            "morpheme": "사과/NNG+도/JX+하/VV+고/EC"
          },
          {
            "id": 15,
            "text": "3 : 아 진짜 그치",
            "norm_text": "아 진짜 그치",
            "speaker": {
              "id": "3번",
              "sex": "남성",
              "age": "20대"
            },
            "speechAct": "(단언) 주장하기",
            "morpheme": "아/IC+진짜/MAG+그치/IC"
          },
          {
            "id": 16,
            "text": "3 : 사과해야지 왜 그런대",
            "norm_text": "사과해야지 왜 그런대",
            "speaker": {
              "id": "3번",
              "sex": "남성",
              "age": "20대"
            },
            "speechAct": "(단언) 주장하기",
            "morpheme": "사과/NNG+해야지/XSV+EF+왜/MAG+그런대/VV+EC"
          },
          {
            "id": 17,
            "text": "1 : 이건 진짜 태도가 아니야",
            "norm_text": "이건 진짜 태도가 아니야",
            "speaker": {
              "id": "1번",
              "sex": "여성",
              "age": "20대"
            },
            "speechAct": "(단언) 주장하기",
            "morpheme": "이건/NP+JX+진짜/MAG+태도/NNG+가/JKC+아니/VCN+야/EC"
          },
          {
            "id": 18,
            "text": "2 : 내 말이",
            "norm_text": "내 말이",
            "speaker": {
              "id": "2번",
              "sex": "남성",
              "age": "20대"
            },
            "speechAct": "(단언) 주장하기",
            "morpheme": "내말이/NP+JKG+NNG+JKS"
          },
          {
            "id": 19,
            "text": "2 : 태도가 영 마음에 안 들어",
            "norm_text": "태도가 영 마음에 안 들어",
            "speaker": {
              "id": "2번",
              "sex": "남성",
              "age": "20대"
            },
            "speechAct": "(단언) 주장하기",
            "morpheme": "태도/NNG+가영/NNG+마음/NNG+에/JKB+안/MAG+들/VV+어/EC"
          },
          {
            "id": 20,
            "text": "3 : 아 진짜 아닌 거 같아",
            "norm_text": "아 진짜 아닌 거 같아",
            "speaker": {
              "id": "3번",
              "sex": "남성",
              "age": "20대"
            },
            "speechAct": "(단언) 주장하기",
            "morpheme": "아/IC+진짜/MAG+아닌/VCN+ETM+거/NNB+같/VA+아/EC"
          },
          {
            "id": 21,
            "text": "3 : 정말",
            "norm_text": "정말",
            "speaker": {
              "id": "3번",
              "sex": "남성",
              "age": "20대"
            },
            "speechAct": "(단언) 주장하기",
            "morpheme": "정말/MAG"
          },
          {
            "id": 22,
            "text": "1 : 국가의 이미지가 점점 안 좋아지고 있어",
            "norm_text": "국가의 이미지가 점점 안 좋아지고 있어",
            "speaker": {
              "id": "1번",
              "sex": "여성",
              "age": "20대"
            },
            "speechAct": "(단언) 주장하기",
            "morpheme": "국가/NNG+의/JKG+이미지/NNG+가/JKS+점점/MAG+안/MAG+좋/VA+아/EC+지/VX+고/EC+있/VX+어/EC"
          },
          {
            "id": 23,
            "text": "2 : 어어",
            "norm_text": "어어",
            "speaker": {
              "id": "2번",
              "sex": "남성",
              "age": "20대"
            },
            "speechAct": "(단언) 주장하기",
            "morpheme": "어/IC+어/IC"
          },
          {
            "id": 24,
            "text": "2 : 이미지 생각해서 빨리 처리했으면 좋겠다",
            "norm_text": "이미지 생각해서 빨리 처리했으면 좋겠다",
            "speaker": {
              "id": "2번",
              "sex": "남성",
              "age": "20대"
            },
            "speechAct": "(단언) 주장하기",
            "morpheme": "이미지/NNG+생각/NNG+해서/XSV+EC+빨리/MAG+처리/NNG+했/XSV+EP+으면/EC+좋/VA+겠/EP+다/EC"
          },
          {
            "id": 25,
            "text": "3 : 이미지 손상 너무하다",
            "norm_text": "이미지 손상 너무하다",
            "speaker": {
              "id": "3번",
              "sex": "남성",
              "age": "20대"
            },
            "speechAct": "(단언) 주장하기",
            "morpheme": "이미지/NNG+손상/NNG+너무/MAG+하/VV+다/EC"
          },
          {
            "id": 26,
            "text": "3 : 정말",
            "norm_text": "정말",
            "speaker": {
              "id": "3번",
              "sex": "남성",
              "age": "20대"
            },
            "speechAct": "(단언) 주장하기",
            "morpheme": "정말/MAG"
          }
        ]
      }
    }
  ]
}