{
  "dataset": {
    "identifier": 117098,
    "name": "NATEON_30_03_set",
    "src_path": "/data/file/cubeManager/PROJECT001/80/txt202111021135290494109/NATEON_30_03_set/",
    "label_path": "/data/file/cubeManager/PROJECT001/80/txt202111021135290494109/NATEON_30_03_set/",
    "category": 2,
    "type": 0
  },
  "licenses": {
    "name": "Apache License 1.0",
    "url": "http://www.apache.org/licenses/LICENSE-1.0"
  },
  "info": [
    {
      "id": 129966,
      "filename": "NATEON_30_03.txt",
      "title": "NATEON_30_03",
      "mediatype": "메신저",
      "medianame": "네이트온",
      "category": "일상대화",
      "date": "2021-11-02",
      "size": 450,
      "annotations": {
        "subject": "교통",
        "speaker_type": "다자간 대화",
        "size": 450,
        "word_size": 160,
        "text": "1 : 오늘 택시 탔는데 요금 쩔어...\n2 : 장거리 택시 타고 움직인 거야?\n3 : 키키 아니\n3 : 맨날 택시 타면서!\n1 : 출근하는데 늦잠을 잤지 뭐야\n2 : 아 그럼 안 돼 ㅠㅠ\n2 : 출근길은 또 막힌단 말야 키키\n3 : 키키 그럴 땐 당연히 택시 타야지\n1 : 맞아,\n1 : 그래서 내 돈이 엄청 나갔지,\n2 : 요금 폭탄 맞긴 했겠다 키키\n2 : 얼마나 나갔어?\n3 : 아, 출근길에는 택시 조심해야 되는데\n1 : 거의 이만 원 나간 거 같아\n1 : ㅠㅠ 아우\n2 : 헐 이만 원?\n2 : 출근하는 데 너무 많이 들었다 ㅠㅠ\n3 : 와, 치킨 한 마리가 나갔네\n1 : 응 아니 너무 많이 밀리더라고 ㅠ\n2 : 돈 아까워 ㅠㅠ\n2 : 이제 일찍 일어나서 대중교통 이용해!\n3 : 너 다음부터는 지각하지 말고!\n1 : 응 오늘은 정말 일찍 자야겠어\n2 : 택시비 아껴야 치킨 한 마리 더 먹는다고~\n3 : 그래 10시에 바로 눕도록 해",
        "lines": [
          {
            "id": 1,
            "text": "1 : 오늘 택시 탔는데 요금 쩔어...",
            "norm_text": "오늘 택시 탔는데 요금 쩔어...",
            "speaker": {
              "id": "1번",
              "sex": "여성",
              "age": "20대"
            },
            "speechAct": "(단언) 주장하기",
            "morpheme": "오늘/MAG+택시/NNG+탔/VV+EP+는데/EC+요금/NNG+쩔/VV+어/EF+./SY"
          },
          {
            "id": 2,
            "text": "2 : 장거리 택시 타고 움직인 거야?",
            "norm_text": "장거리 택시 타고 움직인 거야?",
            "speaker": {
              "id": "2번",
              "sex": "여성",
              "age": "20대"
            },
            "speechAct": "(지시) 질문하기",
            "morpheme": "장거리/NNG+택시/NNG+타/VV+고/EC+움직인/VV+ETM+거/NNB+야/VCP+EF"
          },
          {
            "id": 3,
            "text": "3 : 키키 아니",
            "norm_text": "키키 아니",
            "speaker": {
              "id": "3번",
              "sex": "남성",
              "age": "20대"
            },
            "speechAct": "(단언) 주장하기",
            "morpheme": "키/NNG+키/XSV+ETN+아니/VCN"
          },
          {
            "id": 4,
            "text": "3 : 맨날 택시 타면서!",
            "norm_text": "맨날 택시 타면서!",
            "speaker": {
              "id": "3번",
              "sex": "남성",
              "age": "20대"
            },
            "speechAct": "(단언) 주장하기",
            "morpheme": "맨날/MAG+택시/NNG+타/VV+면서/EC"
          },
          {
            "id": 5,
            "text": "1 : 출근하는데 늦잠을 잤지 뭐야",
            "norm_text": "출근하는데 늦잠을 잤지 뭐야",
            "speaker": {
              "id": "1번",
              "sex": "여성",
              "age": "20대"
            },
            "speechAct": "(단언) 진술하기",
            "morpheme": "출근/NNG+하/XSV+는/ETM+데/NNB+늦잠/NNG+을/JKO+잤/VV+EP+지/EF+뭐/NP+야/VCP+EF"
          },
          {
            "id": 6,
            "text": "2 : 아 그럼 안 돼 ㅠㅠ",
            "norm_text": "아 그럼 안 돼 ㅠㅠ",
            "speaker": {
              "id": "2번",
              "sex": "여성",
              "age": "20대"
            },
            "speechAct": "(단언) 주장하기",
            "morpheme": "아그럼안돼ㅠㅠ/UNKNOWN"
          },
          {
            "id": 7,
            "text": "2 : 출근길은 또 막힌단 말야 키키",
            "norm_text": "출근길은 또 막힌단 말야 키키",
            "speaker": {
              "id": "2번",
              "sex": "여성",
              "age": "20대"
            },
            "speechAct": "(단언) 주장하기",
            "morpheme": "출근길/NNG+은/JX+또/MAG+막힌/VV+ETM+단말/NNG+야/VCP+EF+키/NNG+키/XSV+ETN"
          },
          {
            "id": 8,
            "text": "3 : 키키 그럴 땐 당연히 택시 타야지",
            "norm_text": "키키 그럴 땐 당연히 택시 타야지",
            "speaker": {
              "id": "3번",
              "sex": "남성",
              "age": "20대"
            },
            "speechAct": "(단언) 주장하기",
            "morpheme": "키/NNG+키/XSV+ETN+그럴/VV+ETM+땐/NNG+JX+당연히/MAG+택시/NNG+타/VV+야지/EC"
          },
          {
            "id": 9,
            "text": "1 : 맞아,",
            "norm_text": "맞아,",
            "speaker": {
              "id": "1번",
              "sex": "여성",
              "age": "20대"
            },
            "speechAct": "(단언) 주장하기",
            "morpheme": "맞/VV+아/EC+,/SC"
          },
          {
            "id": 10,
            "text": "1 : 그래서 내 돈이 엄청 나갔지,",
            "norm_text": "그래서 내 돈이 엄청 나갔지,",
            "speaker": {
              "id": "1번",
              "sex": "여성",
              "age": "20대"
            },
            "speechAct": "(단언) 주장하기",
            "morpheme": "그래서/MAJ+내/MM+돈/NNG+이/JKS+엄청/MAG+나갔/VV+EP+지/EF+,/SC"
          },
          {
            "id": 11,
            "text": "2 : 요금 폭탄 맞긴 했겠다 키키",
            "norm_text": "요금 폭탄 맞긴 했겠다 키키",
            "speaker": {
              "id": "2번",
              "sex": "여성",
              "age": "20대"
            },
            "speechAct": "(단언) 주장하기",
            "morpheme": "요금/NNG+폭탄/NNG+맞/VV+긴/ETN+JX+했/VX+EP+겠/EP+다키키/NNP"
          },
          {
            "id": 12,
            "text": "2 : 얼마나 나갔어?",
            "norm_text": "얼마나 나갔어?",
            "speaker": {
              "id": "2번",
              "sex": "여성",
              "age": "20대"
            },
            "speechAct": "(지시) 질문하기",
            "morpheme": "얼마나/MAG+나갔/VV+EP+어/EF"
          },
          {
            "id": 13,
            "text": "3 : 아, 출근길에는 택시 조심해야 되는데",
            "norm_text": "아, 출근길에는 택시 조심해야 되는데",
            "speaker": {
              "id": "3번",
              "sex": "남성",
              "age": "20대"
            },
            "speechAct": "(단언) 주장하기",
            "morpheme": "아/IC+,/SC+출근길/NNG+에/JKB+는/JX+택시/NNG+조심/NNG+해야/XSV+EC+되/VV+는데/EC"
          },
          {
            "id": 14,
            "text": "1 : 거의 이만 원 나간 거 같아",
            "norm_text": "거의 이만 원 나간 거 같아",
            "speaker": {
              "id": "1번",
              "sex": "여성",
              "age": "20대"
            },
            "speechAct": "(단언) 주장하기",
            "morpheme": "거의/MAG+이/NR+만/NR+원/NNBC+나간/VV+ETM+거/NNB+같/VA+아/EC"
          },
          {
            "id": 15,
            "text": "1 : ㅠㅠ 아우",
            "norm_text": "ㅠㅠ 아우",
            "speaker": {
              "id": "1번",
              "sex": "여성",
              "age": "20대"
            },
            "speechAct": "(단언) 주장하기",
            "morpheme": "ㅠㅠ아우/UNKNOWN"
          },
          {
            "id": 16,
            "text": "2 : 헐 이만 원?",
            "norm_text": "헐 이만 원?",
            "speaker": {
              "id": "2번",
              "sex": "여성",
              "age": "20대"
            },
            "speechAct": "(지시) 질문하기",
            "morpheme": "헐/IC+이/NR+만/NR+원/NNBC"
          },
          {
            "id": 17,
            "text": "2 : 출근하는 데 너무 많이 들었다 ㅠㅠ",
            "norm_text": "출근하는 데 너무 많이 들었다 ㅠㅠ",
            "speaker": {
              "id": "2번",
              "sex": "여성",
              "age": "20대"
            },
            "speechAct": "(단언) 주장하기",
            "morpheme": "출근/NNG+하/XSV+는/ETM+데/NNB+너무/MAG+많이/MAG+들/VV+었/EP+다/EF+ㅠㅠ/UNKNOWN"
          },
          {
            "id": 18,
            "text": "3 : 와, 치킨 한 마리가 나갔네",
            "norm_text": "와, 치킨 한 마리가 나갔네",
            "speaker": {
              "id": "3번",
              "sex": "남성",
              "age": "20대"
            },
            "speechAct": "(단언) 주장하기",
            "morpheme": "와/IC+,/SC+치킨/NNG+한/MM+마리/NNBC+가/JKS+나갔/VV+EP+네/EF"
          },
          {
            "id": 19,
            "text": "1 : 응 아니 너무 많이 밀리더라고 ㅠ",
            "norm_text": "응 아니 너무 많이 밀리더라고 ㅠ",
            "speaker": {
              "id": "1번",
              "sex": "여성",
              "age": "20대"
            },
            "speechAct": "(단언) 주장하기",
            "morpheme": "응/IC+아니/IC+너무/MAG+많이/MAG+밀리/VV+더라고/EF+ㅠ/UNKNOWN"
          },
          {
            "id": 20,
            "text": "2 : 돈 아까워 ㅠㅠ",
            "norm_text": "돈 아까워 ㅠㅠ",
            "speaker": {
              "id": "2번",
              "sex": "여성",
              "age": "20대"
            },
            "speechAct": "(단언) 주장하기",
            "morpheme": "돈아까워ㅠㅠ/UNKNOWN"
          },
          {
            "id": 21,
            "text": "2 : 이제 일찍 일어나서 대중교통 이용해!",
            "norm_text": "이제 일찍 일어나서 대중교통 이용해!",
            "speaker": {
              "id": "2번",
              "sex": "여성",
              "age": "20대"
            },
            "speechAct": "(지시) 충고/제안하기",
            "morpheme": "이제/MAG+일찍/MAG+일어나/VV+서/EC+대중교통/NNG+이/JKS+용해/VA+EF"
          },
          {
            "id": 22,
            "text": "3 : 너 다음부터는 지각하지 말고!",
            "norm_text": "너 다음부터는 지각하지 말고!",
            "speaker": {
              "id": "3번",
              "sex": "남성",
              "age": "20대"
            },
            "speechAct": "(지시) 충고/제안하기",
            "morpheme": "너/NP+다음/NNG+부터/JX+는/JX+지각/NNG+하/XSV+지/EC+말/VX+고/EC"
          },
          {
            "id": 23,
            "text": "1 : 응 오늘은 정말 일찍 자야겠어",
            "norm_text": "응 오늘은 정말 일찍 자야겠어",
            "speaker": {
              "id": "1번",
              "sex": "여성",
              "age": "20대"
            },
            "speechAct": "(단언) 주장하기",
            "morpheme": "응/IC+오늘/MAG+은/JX+정말/MAG+일찍/MAG+자/VV+야/EC+VX+겠/EP+어/EC"
          },
          {
            "id": 24,
            "text": "2 : 택시비 아껴야 치킨 한 마리 더 먹는다고~",
            "norm_text": "택시비 아껴야 치킨 한 마리 더 먹는다고~",
            "speaker": {
              "id": "2번",
              "sex": "여성",
              "age": "20대"
            },
            "speechAct": "(단언) 주장하기",
            "morpheme": "택시비아껴야치킨한마리더먹는다고/UNKNOWN+~/SY"
          },
          {
            "id": 25,
            "text": "3 : 그래 10시에 바로 눕도록 해",
            "norm_text": "그래 10시에 바로 눕도록 해",
            "speaker": {
              "id": "3번",
              "sex": "남성",
              "age": "20대"
            },
            "speechAct": "(지시) 충고/제안하기",
            "morpheme": "그래/VA+EC+10/SN+시/NNBC+에/JKB+바로/MAG+눕/VV+도록/EC+해/VV+EC"
          }
        ]
      }
    }
  ]
}