{
  "dataset": {
    "identifier": 8481,
    "name": "NATEON_26_01_set",
    "src_path": "/data/file/cubeManager/PROJECT001/7/txt20210826181628059126/NATEON_26_01_set/",
    "label_path": "/data/file/cubeManager/PROJECT001/7/txt20210826181628059126/NATEON_26_01_set/",
    "category": 2,
    "type": 0
  },
  "licenses": {
    "name": "Apache License 1.0",
    "url": "http://www.apache.org/licenses/LICENSE-1.0"
  },
  "info": [
    {
      "id": 719,
      "filename": "NATEON_26_01.txt",
      "title": "NATEON_26_01",
      "mediatype": "메신저",
      "medianame": "네이트온",
      "category": "일상대화",
      "date": "2021-08-26",
      "size": 1022,
      "annotations": {
        "subject": "식음료",
        "speaker_type": "1:1",
        "size": 1022,
        "word_size": 327,
        "text": "1 : 갑자기 레몬 케이크 이런 거 먹고 싶다 ㅠㅠ\n2 : 헉 나도!\n2 : 완전 상큼하고 달달해서 좋아..\n1 : 그치? 사실 얼마 전에 갑자기 너무 먹고 싶어서 집 근처 카페에서 배달 시켜 먹었는데 너무 맛있었어!\n2 : 와 진짜 맛있었겠다 ㅠㅠ\n2 : 나도 레몬 케이크나 레몬 마들렌 이런 거 좋아해서 카페 가고 싶어질 때가 종종 있어 하하\n1 : 오 맞아!\n1 : 나도 마들렌 진짜 좋아해...\n1 : 요즘은 디저트류도 다 배달되니까 집에서 편하게 먹기도 좋더라.\n2: 맞아 음료도 자주 시켜 먹더라!\n2 : 근데 나는 아직 디저트류는 한 번도 시켜본 적은 없어 키키\n2 : 익숙하지 않아서 그런가...\n1 : 오 그렇구나.\n1 : 나는 배달 앱 매니아야 키키\n1 : 오히려 너무 배달 음식 많이 먹어서 큰일이긴 해!\n2 : 오 정말?\n2 : 배달 앱 자주 사용하는 분들은 진짜 다양하게 이용하시더라 키키\n2 : 자주 시키는 음식 뭐 있어?\n1 : 음 사실 나는 떡볶이 진짜 좋아해서 떡볶이나 뭐 피자 햄버거 이런 거 많이 시키고!\n1 : 아 가끔 한식류도 시켜... 키키\n1 : 넌 자주 이용 안 하는구나?\n2 : 오오 떡볶이 나도 진짜 좋아해...\n2 : 나는 자주는 아니지만 주로 시켜 먹는 종류는 떡볶이나 피자 치킨 주로 이런 거 시키는 거 같아! 하하\n1 : 그치?\n1 : 그래도 역시 배달 음식 줄이고 건강하게 집밥 먹는 게 좋은 거 같아!\n2 : 맞아 그건 그래!\n2 : 배달 음식이 편하긴 한데 확실히 몸에는 안 좋은 거 같아서 가끔 이용하는 게 좋긴 하더라구  ㅠㅠ\n1 : 맞아 맞아!\n1 : 요즘 외식도 잘 못 하게 돼서 자꾸 배달에 의존하게 되는 거 같은데 줄이도록 노력해봐야겠어!\n2 : 그치 요즘은 더 그렇게 되는 거 같긴 해...\n2 : 또 여름이라 날이 더워져서 그런가?\n2 : 요리도 하기 싫고 나가기도 싫어... 키키\n1 : 맞아! 아무리 집에 에어컨 틀어도 요리하고 나면 냄새 배니까 환기도 시켜야 하고...\n1 : 여름에는 여러모로 불편하긴 한 거 같아 ㅠㅠ\n2 : 맞아 우리 집도 그래서 되게 고생하고 있어 ㅠㅠ\n2 : 얼른 여름 지나갔으면...",
        "lines": [
          {
            "id": 1,
            "text": "1 : 갑자기 레몬 케이크 이런 거 먹고 싶다 ㅠㅠ",
            "norm_text": "갑자기 레몬 케이크 이런 거 먹고 싶다 ㅠㅠ",
            "speaker": {
              "id": "1번",
              "sex": "여성",
              "age": "30대"
            },
            "speechAct": "(단언) 주장하기",
            "morpheme": "갑자기/MAG+레몬/NNG+케이크/NNG+이런/MM+거/NNB+먹/VV+고/EC+싶/VX+다/EF+ㅠㅠ/UNKNOWN"
          },
          {
            "id": 2,
            "text": "2 : 헉 나도!",
            "norm_text": "헉 나도!",
            "speaker": {
              "id": "2번",
              "sex": "여성",
              "age": "20대"
            },
            "speechAct": "(단언) 주장하기",
            "morpheme": "헉/IC+나/NP+도/JX"
          },
          {
            "id": 3,
            "text": "2 : 완전 상큼하고 달달해서 좋아..",
            "norm_text": "완전 상큼하고 달달해서 좋아..",
            "speaker": {
              "id": "2번",
              "sex": "여성",
              "age": "20대"
            },
            "speechAct": "(단언) 주장하기",
            "morpheme": "완전/MAG+상큼/XR+하/XSA+고/EC+달달/MAG+해서/VV+EC+좋/VA+아/EC+./SY"
          },
          {
            "id": 4,
            "text": "1 : 그치? 사실 얼마 전에 갑자기 너무 먹고 싶어서 집 근처 카페에서 배달 시켜 먹었는데 너무 맛있었어!",
            "norm_text": "그치? 사실 얼마 전에 갑자기 너무 먹고 싶어서 집 근처 카페에서 배달 시켜 먹었는데 너무 맛있었어!",
            "speaker": {
              "id": "1번",
              "sex": "여성",
              "age": "30대"
            },
            "speechAct": "(단언) 진술하기",
            "morpheme": "그치/IC+사실/MAG+얼마/NNG+전/NNG+에/JKB+갑자기/MAG+너무/MAG+먹/VV+고/EC+싶/VX+어서/EC+집/NNG+근처/NNG+카페/NNG+에서/JKB+배달/NNG+시켜/XSV+EC+먹/VV+었/EP+는데/EC+너무/MAG+맛있/VA+었/EP+어/EF"
          },
          {
            "id": 5,
            "text": "2 : 와 진짜 맛있었겠다 ㅠㅠ",
            "norm_text": "와 진짜 맛있었겠다 ㅠㅠ",
            "speaker": {
              "id": "2번",
              "sex": "여성",
              "age": "20대"
            },
            "speechAct": "(단언) 주장하기",
            "morpheme": "와/IC+진짜/MAG+맛있/VA+었/EP+겠/EP+다/EF+ㅠㅠ/UNKNOWN"
          },
          {
            "id": 6,
            "text": "2 : 나도 레몬 케이크나 레몬 마들렌 이런 거 좋아해서 카페 가고 싶어질 때가 종종 있어 하하",
            "norm_text": "나도 레몬 케이크나 레몬 마들렌 이런 거 좋아해서 카페 가고 싶어질 때가 종종 있어 하하",
            "speaker": {
              "id": "2번",
              "sex": "여성",
              "age": "20대"
            },
            "speechAct": "(단언) 진술하기",
            "morpheme": "나/NP+도/JX+레몬/NNG+케이크/NNG+나/JC+레몬/NNP+마들렌/NNP+이런/MM+거/NNB+좋/VA+아/EC+해서/VV+EC+카페/NNG+가/VV+고/EC+싶/VX+어/EC+질/VX+ETM+때/NNG+가/JKS+종종/MAG+있/VV+어/EC+하하/MAG"
          },
          {
            "id": 7,
            "text": "1 : 오 맞아!",
            "norm_text": "오 맞아!",
            "speaker": {
              "id": "1번",
              "sex": "여성",
              "age": "30대"
            },
            "speechAct": "(단언) 주장하기",
            "morpheme": "오/NR+맞/VV+아/EF"
          },
          {
            "id": 8,
            "text": "1 : 나도 마들렌 진짜 좋아해...",
            "norm_text": "나도 마들렌 진짜 좋아해...",
            "speaker": {
              "id": "1번",
              "sex": "여성",
              "age": "30대"
            },
            "speechAct": "(단언) 주장하기",
            "morpheme": "나/NP+도/JX+마들렌/NNP+진짜/MAG+좋/VA+아/EC+해/VX+EF+./SY"
          },
          {
            "id": 9,
            "text": "1 : 요즘은 디저트류도 다 배달되니까 집에서 편하게 먹기도 좋더라.",
            "norm_text": "요즘은 디저트류도 다 배달되니까 집에서 편하게 먹기도 좋더라.",
            "speaker": {
              "id": "1번",
              "sex": "여성",
              "age": "30대"
            },
            "speechAct": "(단언) 진술하기",
            "morpheme": "요즘/NNG+은/JX+디저트/NNG+류/XSN+도/JX+다/MAG+배달/NNG+되/XSV+니까/EC+집/NNG+에서/JKB+편하/VA+게/EC+먹/VV+기/ETN+도/JX+좋/VA+더라/EF"
          },
          {
            "id": 10,
            "text": "2: 맞아 음료도 자주 시켜 먹더라!",
            "norm_text": "맞아 음료도 자주 시켜 먹더라!",
            "speaker": {
              "id": "2번",
              "sex": "여성",
              "age": "20대"
            },
            "speechAct": "(단언) 진술하기",
            "morpheme": "맞/VV+아/EC+음료/NNG+도/JX+자주/MAG+시켜/VV+EC+먹/VV+더라/EF"
          },
          {
            "id": 11,
            "text": "2 : 근데 나는 아직 디저트류는 한 번도 시켜본 적은 없어 키키",
            "norm_text": "근데 나는 아직 디저트류는 한 번도 시켜본 적은 없어 키키",
            "speaker": {
              "id": "2번",
              "sex": "여성",
              "age": "20대"
            },
            "speechAct": "(단언) 진술하기",
            "morpheme": "근데/MAJ+나/NP+는/JX+아직/MAG+디저트/NNG+류/XSN+는/JX+한/MM+번/NNBC+도/JX+시켜/VV+EC+본/VX+ETM+적/NNB+은/JX+없/VA+어/EC+키/NNG+키/XSV+ETN"
          },
          {
            "id": 12,
            "text": "2 : 익숙하지 않아서 그런가...",
            "norm_text": "익숙하지 않아서 그런가...",
            "speaker": {
              "id": "2번",
              "sex": "여성",
              "age": "20대"
            },
            "speechAct": "(단언) 주장하기",
            "morpheme": "익숙/XR+하/XSA+지/EC+않/VX+아서/EC+그런가/VA+EF+./SY"
          },
          {
            "id": 13,
            "text": "1 : 오 그렇구나.",
            "norm_text": "오 그렇구나.",
            "speaker": {
              "id": "1번",
              "sex": "여성",
              "age": "30대"
            },
            "speechAct": "턴토크 사인(관습적 반응)",
            "morpheme": "오/NR+그렇/VA+구나/EF"
          },
          {
            "id": 14,
            "text": "1 : 나는 배달 앱 매니아야 키키",
            "norm_text": "나는 배달 앱 매니아야 키키",
            "speaker": {
              "id": "1번",
              "sex": "여성",
              "age": "30대"
            },
            "speechAct": "(단언) 주장하기",
            "morpheme": "나/NP+는/JX+배달/NNG+앱/NNG+매니아/NNP+야/JKV+키/NNG+키/XSV+ETN"
          },
          {
            "id": 15,
            "text": "1 : 오히려 너무 배달 음식 많이 먹어서 큰일이긴 해!",
            "norm_text": "오히려 너무 배달 음식 많이 먹어서 큰일이긴 해!",
            "speaker": {
              "id": "1번",
              "sex": "여성",
              "age": "30대"
            },
            "speechAct": "(단언) 주장하기",
            "morpheme": "오히려/MAJ+너무/MAG+배달/NNG+음식/NNG+많이/MAG+먹/VV+어서/EC+큰일/NNG+이/VCP+긴/ETN+JX+해/VX+EF"
          },
          {
            "id": 16,
            "text": "2 : 오 정말?",
            "norm_text": "오 정말?",
            "speaker": {
              "id": "2번",
              "sex": "여성",
              "age": "20대"
            },
            "speechAct": "턴토크 사인(관습적 반응)",
            "morpheme": "오/IC+정말/MAG"
          },
          {
            "id": 17,
            "text": "2 : 배달 앱 자주 사용하는 분들은 진짜 다양하게 이용하시더라 키키",
            "norm_text": "배달 앱 자주 사용하는 분들은 진짜 다양하게 이용하시더라 키키",
            "speaker": {
              "id": "2번",
              "sex": "여성",
              "age": "20대"
            },
            "speechAct": "(단언) 진술하기",
            "morpheme": "배달/NNG+앱/NNG+자주/MAG+사용/NNG+하/XSV+는/ETM+분/NNB+들/XSN+은/JX+진짜/MAG+다양/NNG+하/XSV+게/EC+이용/NNG+하/XSV+시/EP+더라/EF+키/NNG+키/XSV+ETN"
          },
          {
            "id": 18,
            "text": "2 : 자주 시키는 음식 뭐 있어?",
            "norm_text": "자주 시키는 음식 뭐 있어?",
            "speaker": {
              "id": "2번",
              "sex": "여성",
              "age": "20대"
            },
            "speechAct": "(지시) 질문하기",
            "morpheme": "자주/MAG+시키/VV+는/ETM+음식/NNG+뭐/IC+있/VA+어/EF"
          },
          {
            "id": 19,
            "text": "1 : 음 사실 나는 떡볶이 진짜 좋아해서 떡볶이나 뭐 피자 햄버거 이런 거 많이 시키고!",
            "norm_text": "음 사실 나는 떡볶이 진짜 좋아해서 떡볶이나 뭐 피자 햄버거 이런 거 많이 시키고!",
            "speaker": {
              "id": "1번",
              "sex": "여성",
              "age": "30대"
            },
            "speechAct": "(단언) 진술하기",
            "morpheme": "음/IC+사실/MAG+나/NP+는/JX+떡볶이/NNG+진짜/MAG+좋/VA+아/EC+해서/VV+EC+떡볶이/NNG+나/JC+뭐/IC+피자/NNG+햄버거/NNG+이런/MM+거/NNB+많이/MAG+시키/VV+고/EC"
          },
          {
            "id": 20,
            "text": "1 : 아 가끔 한식류도 시켜... 키키",
            "norm_text": "아 가끔 한식류도 시켜... 키키",
            "speaker": {
              "id": "1번",
              "sex": "여성",
              "age": "30대"
            },
            "speechAct": "(단언) 진술하기",
            "morpheme": "아/IC+가끔/MAG+한식/NNG+류/XSN+도/JX+시켜/VV+EF+./SY+키/NNG+키/XSV+ETN"
          },
          {
            "id": 21,
            "text": "1 : 넌 자주 이용 안 하는구나?",
            "norm_text": "넌 자주 이용 안 하는구나?",
            "speaker": {
              "id": "1번",
              "sex": "여성",
              "age": "30대"
            },
            "speechAct": "(지시) 질문하기",
            "morpheme": "넌/NP+JX+자주/MAG+이용/NNG+안/MAG+하/VV+는구나/EF"
          },
          {
            "id": 22,
            "text": "2 : 오오 떡볶이 나도 진짜 좋아해...",
            "norm_text": "오오 떡볶이 나도 진짜 좋아해...",
            "speaker": {
              "id": "2번",
              "sex": "여성",
              "age": "20대"
            },
            "speechAct": "(단언) 주장하기",
            "morpheme": "오/NR+오/NR+떡볶이/NNG+나/NP+도/JX+진짜/MAG+좋/VA+아/EC+해/VX+EF+./SY"
          },
          {
            "id": 23,
            "text": "2 : 나는 자주는 아니지만 주로 시켜 먹는 종류는 떡볶이나 피자 치킨 주로 이런 거 시키는 거 같아! 하하",
            "norm_text": "나는 자주는 아니지만 주로 시켜 먹는 종류는 떡볶이나 피자 치킨 주로 이런 거 시키는 거 같아! 하하",
            "speaker": {
              "id": "2번",
              "sex": "여성",
              "age": "20대"
            },
            "speechAct": "(단언) 진술하기",
            "morpheme": "나/NP+는/JX+자주/NNG+는/JX+아니/VCN+지만/EC+주로/MAG+시켜/VV+EC+먹/VV+는/ETM+종류/NNG+는/JX+떡볶이/NNG+나/JC+피자/NNG+치킨/NNG+주로/MAG+이런/MM+거/NNB+시키/VV+는/ETM+거/NNB+같/VA+아/EF+하하/MAG"
          },
          {
            "id": 24,
            "text": "1 : 그치?",
            "norm_text": "그치?",
            "speaker": {
              "id": "1번",
              "sex": "여성",
              "age": "30대"
            },
            "speechAct": "턴토크 사인(관습적 반응)",
            "morpheme": "그치/IC"
          },
          {
            "id": 25,
            "text": "1 : 그래도 역시 배달 음식 줄이고 건강하게 집밥 먹는 게 좋은 거 같아!",
            "norm_text": "그래도 역시 배달 음식 줄이고 건강하게 집밥 먹는 게 좋은 거 같아!",
            "speaker": {
              "id": "1번",
              "sex": "여성",
              "age": "30대"
            },
            "speechAct": "(단언) 주장하기",
            "morpheme": "그래도/MAJ+역시/MAJ+배달/NNG+음식/NNG+줄이/VV+고/EC+건강/NNG+하/XSV+게/EC+집/NNG+밥/NNG+먹/VV+는/ETM+게/NNB+JKS+좋/VA+은/ETM+거/NNB+같/VA+아/EF"
          },
          {
            "id": 26,
            "text": "2 : 맞아 그건 그래!",
            "norm_text": "맞아 그건 그래!",
            "speaker": {
              "id": "2번",
              "sex": "여성",
              "age": "20대"
            },
            "speechAct": "(단언) 주장하기",
            "morpheme": "맞/VV+아/EC+그건/NP+JX+그래/VA+EF"
          },
          {
            "id": 27,
            "text": "2 : 배달 음식이 편하긴 한데 확실히 몸에는 안 좋은 거 같아서 가끔 이용하는 게 좋긴 하더라구  ㅠㅠ",
            "norm_text": "배달 음식이 편하긴 한데 확실히 몸에는 안 좋은 거 같아서 가끔 이용하는 게 좋긴 하더라구  ㅠㅠ",
            "speaker": {
              "id": "2번",
              "sex": "여성",
              "age": "20대"
            },
            "speechAct": "(단언) 진술하기",
            "morpheme": "배달/NNG+음식/NNG+이/JKS+편하/VA+긴/ETN+JX+한데/VX+EC+확실히/MAG+몸/NNG+에/JKB+는/JX+안/MAG+좋/VA+은/ETM+거/NNB+같/VA+아서/EC+가끔/MAG+이용/NNG+하/XSV+는/ETM+게/NNB+JKS+좋/VA+긴/ETN+JX+하/VX+더라구/EF+ㅠㅠ/UNKNOWN"
          },
          {
            "id": 28,
            "text": "1 : 맞아 맞아!",
            "norm_text": "맞아 맞아!",
            "speaker": {
              "id": "1번",
              "sex": "여성",
              "age": "30대"
            },
            "speechAct": "(단언) 주장하기",
            "morpheme": "맞/VV+아/EC+맞/VV+아/EF"
          },
          {
            "id": 29,
            "text": "1 : 요즘 외식도 잘 못 하게 돼서 자꾸 배달에 의존하게 되는 거 같은데 줄이도록 노력해봐야겠어!",
            "norm_text": "요즘 외식도 잘 못 하게 돼서 자꾸 배달에 의존하게 되는 거 같은데 줄이도록 노력해봐야겠어!",
            "speaker": {
              "id": "1번",
              "sex": "여성",
              "age": "30대"
            },
            "speechAct": "(단언) 주장하기",
            "morpheme": "요즘/NNG+외식/NNG+도/JX+잘못/MAG+하/VV+게/EC+돼서/VV+EC+자꾸/MAG+배달/NNG+에/JKB+의존/NNG+하/XSV+게/EC+되/VV+는/ETM+거/NNB+같/VA+은/ETM+데/NNB+줄이/VV+도록/EC+노력/NNG+해봐야/XSV+EC+VX+EC+VX+겠/EP+어/EF"
          },
          {
            "id": 30,
            "text": "2 : 그치 요즘은 더 그렇게 되는 거 같긴 해...",
            "norm_text": "그치 요즘은 더 그렇게 되는 거 같긴 해...",
            "speaker": {
              "id": "2번",
              "sex": "여성",
              "age": "20대"
            },
            "speechAct": "(단언) 주장하기",
            "morpheme": "그치/IC+요즘/NNG+은/JX+더/MAG+그렇게/MAG+되/VV+는/ETM+거/NNB+같/VA+긴/ETN+JX+해/VX+EF+./SY"
          },
          {
            "id": 31,
            "text": "2 : 또 여름이라 날이 더워져서 그런가?",
            "norm_text": "또 여름이라 날이 더워져서 그런가?",
            "speaker": {
              "id": "2번",
              "sex": "여성",
              "age": "20대"
            },
            "speechAct": "(단언) 주장하기",
            "morpheme": "또/MAG+여름/NNG+이/VCP+라/EC+날/NNG+이/JKS+더워/VA+EC+져서/VX+EC+그런가/VA+EF"
          },
          {
            "id": 32,
            "text": "2 : 요리도 하기 싫고 나가기도 싫어... 키키",
            "norm_text": "요리도 하기 싫고 나가기도 싫어... 키키",
            "speaker": {
              "id": "2번",
              "sex": "여성",
              "age": "20대"
            },
            "speechAct": "(단언) 주장하기",
            "morpheme": "요리/NNG+도/JX+하/VV+기/ETN+싫/VA+고/EC+나가/VX+기/ETN+도/JX+싫/VA+어/EF+./SY+키/NNG+키/XSV+ETN"
          },
          {
            "id": 33,
            "text": "1 : 맞아! 아무리 집에 에어컨 틀어도 요리하고 나면 냄새 배니까 환기도 시켜야 하고...",
            "norm_text": "맞아! 아무리 집에 에어컨 틀어도 요리하고 나면 냄새 배니까 환기도 시켜야 하고...",
            "speaker": {
              "id": "1번",
              "sex": "여성",
              "age": "30대"
            },
            "speechAct": "(단언) 진술하기",
            "morpheme": "맞/VV+아/EF+아무리/MAG+집/NNG+에/JKB+에어컨/NNG+틀/VV+어도/EC+요리/NNG+하/XSV+고/EC+나/VX+면/EC+냄새/NNG+배/NNG+니까/VCP+EC+환기/NNG+도/JX+시켜야/VV+EC+하/VV+고/EC+./SY+./SY"
          },
          {
            "id": 34,
            "text": "1 : 여름에는 여러모로 불편하긴 한 거 같아 ㅠㅠ",
            "norm_text": "여름에는 여러모로 불편하긴 한 거 같아 ㅠㅠ",
            "speaker": {
              "id": "1번",
              "sex": "여성",
              "age": "30대"
            },
            "speechAct": "(단언) 주장하기",
            "morpheme": "여름/NNG+에/JKB+는/JX+여러모로/MAG+불편/NNG+하/XSV+긴/ETN+JX+한/VX+ETM+거/NNB+같/VA+아/EC+ㅠㅠ/UNKNOWN"
          },
          {
            "id": 35,
            "text": "2 : 맞아 우리 집도 그래서 되게 고생하고 있어 ㅠㅠ",
            "norm_text": "맞아 우리 집도 그래서 되게 고생하고 있어 ㅠㅠ",
            "speaker": {
              "id": "2번",
              "sex": "여성",
              "age": "20대"
            },
            "speechAct": "(단언) 진술하기",
            "morpheme": "맞/VV+아/EC+우리/NP+집/NNG+도/JX+그래서/MAJ+되게/MAG+고생/NNG+하/XSV+고/EC+있/VX+어/EC+ㅠㅠ/UNKNOWN"
          },
          {
            "id": 36,
            "text": "2 : 얼른 여름 지나갔으면...",
            "norm_text": "얼른 여름 지나갔으면...",
            "speaker": {
              "id": "2번",
              "sex": "여성",
              "age": "20대"
            },
            "speechAct": "(단언) 주장하기",
            "morpheme": "얼른/MAG+여름/NNG+지나갔/VV+EP+으면/EC+./SY+./SY"
          }
        ]
      }
    }
  ]
}