{
  "dataset": {
    "identifier": 112704,
    "name": "NATEON_37_14_set",
    "src_path": "/data/file/cubeManager/PROJECT001/80/txt20211103151015022655/NATEON_37_14_set/",
    "label_path": "/data/file/cubeManager/PROJECT001/80/txt20211103151015022655/NATEON_37_14_set/",
    "category": 2,
    "type": 0
  },
  "licenses": {
    "name": "Apache License 1.0",
    "url": "http://www.apache.org/licenses/LICENSE-1.0"
  },
  "info": [
    {
      "id": 134457,
      "filename": "NATEON_37_14.txt",
      "title": "NATEON_37_14",
      "mediatype": "메신저",
      "medianame": "네이트온",
      "category": "일상대화",
      "date": "2021-11-03",
      "size": 408,
      "annotations": {
        "subject": "사회이슈",
        "speaker_type": "다자간 대화",
        "size": 408,
        "word_size": 136,
        "text": "1 : 너희 다들 배우 윤여정 알아?\n2 : 웅 윤여정 선생님 당연히 알고 있지!\n3 : 당연하지 엄청 유명한 배우잖아\n1 : 이번에 금관 문화 훈장 받았대!\n2 : 금관 문화 훈장?\n2 : 그건 무슨 상이야?\n3 : 와, 훈장을 받으셨어?\n3 : 대박이다\n1 : 그거 국가에서 주는 훈장이야 하하\n2 : 오 대박 어떻게 받으신 거래?\n3 : 진짜 가족들이 뿌듯해 하겠다\n1 : 아무래도 오스카에서 상을 받아서?\n2 : 역시 윤여정 선생님... 멋있어!\n3 : 맞아 문화 발전에 큰 기여했지\n1 : 응 하하 진짜 같은 여자로써 멋있다\n2 : 맞아 연기 도전 하시는 것도 그렇고 하하\n3 : 맞아 하하 나는 남잔데도 너무 멋있어 보여\n1 : 윤여정 님처럼 늙고 싶다, 우아하고 멋있게\n2 : 어 나도 그렇게 늙고 싶어 ㅠㅠ\n3 : 음, 너는 아마 안 될 거 같은데,",
        "lines": [
          {
            "id": 1,
            "text": "1 : 너희 다들 배우 윤여정 알아?",
            "norm_text": "너희 다들 배우 윤여정 알아?",
            "speaker": {
              "id": "1번",
              "sex": "여성",
              "age": "20대"
            },
            "speechAct": "(지시) 질문하기",
            "morpheme": "너희/NP+다/JX+들배/NNG+우윤/NNG+여정/NNG+알/VV+아/EF"
          },
          {
            "id": 2,
            "text": "2 : 웅 윤여정 선생님 당연히 알고 있지!",
            "norm_text": "웅 윤여정 선생님 당연히 알고 있지!",
            "speaker": {
              "id": "2번",
              "sex": "여성",
              "age": "20대"
            },
            "speechAct": "(단언) 주장하기",
            "morpheme": "웅/IC+윤여정/NNP+선생/NNG+님/XSN+당연히/MAG+알/VV+고/EC+있/VX+지/EF"
          },
          {
            "id": 3,
            "text": "3 : 당연하지 엄청 유명한 배우잖아",
            "norm_text": "당연하지 엄청 유명한 배우잖아",
            "speaker": {
              "id": "3번",
              "sex": "남성",
              "age": "20대"
            },
            "speechAct": "(단언) 주장하기",
            "morpheme": "당연/XR+하/XSA+지/EC+엄청/MAG+유명/NNG+한/XSA+ETM+배우/NNG+잖아/VCP+EC+VX+EC"
          },
          {
            "id": 4,
            "text": "1 : 이번에 금관 문화 훈장 받았대!",
            "norm_text": "이번에 금관 문화 훈장 받았대!",
            "speaker": {
              "id": "1번",
              "sex": "여성",
              "age": "20대"
            },
            "speechAct": "(단언) 진술하기",
            "morpheme": "이번/NNG+에/JKB+금관/NNG+문화/NNG+훈장/NNG+받/VV+았/EP+대/EF"
          },
          {
            "id": 5,
            "text": "2 : 금관 문화 훈장?",
            "norm_text": "금관 문화 훈장?",
            "speaker": {
              "id": "2번",
              "sex": "여성",
              "age": "20대"
            },
            "speechAct": "(지시) 질문하기",
            "morpheme": "금관/NNG+문화/NNG+훈장/NNG"
          },
          {
            "id": 6,
            "text": "2 : 그건 무슨 상이야?",
            "norm_text": "그건 무슨 상이야?",
            "speaker": {
              "id": "2번",
              "sex": "여성",
              "age": "20대"
            },
            "speechAct": "(지시) 질문하기",
            "morpheme": "그건/NP+JX+무슨/MM+상/NNG+이/VCP+야/EF"
          },
          {
            "id": 7,
            "text": "3 : 와, 훈장을 받으셨어?",
            "norm_text": "와, 훈장을 받으셨어?",
            "speaker": {
              "id": "3번",
              "sex": "남성",
              "age": "20대"
            },
            "speechAct": "(지시) 질문하기",
            "morpheme": "와/IC+,/SC+훈장/NNG+을/JKO+받/VV+으셨/EP+EP+어/EF"
          },
          {
            "id": 8,
            "text": "3 : 대박이다",
            "norm_text": "대박이다",
            "speaker": {
              "id": "3번",
              "sex": "남성",
              "age": "20대"
            },
            "speechAct": "(단언) 주장하기",
            "morpheme": "대박/NNG+이/VCP+다/EC"
          },
          {
            "id": 9,
            "text": "1 : 그거 국가에서 주는 훈장이야 하하",
            "norm_text": "그거 국가에서 주는 훈장이야 하하",
            "speaker": {
              "id": "1번",
              "sex": "여성",
              "age": "20대"
            },
            "speechAct": "(단언) 진술하기",
            "morpheme": "그거/NP+국가/NNG+에서/JKB+주/VV+는/ETM+훈장/NNG+이야/JX+하하/MAG"
          },
          {
            "id": 10,
            "text": "2 : 오 대박 어떻게 받으신 거래?",
            "norm_text": "오 대박 어떻게 받으신 거래?",
            "speaker": {
              "id": "2번",
              "sex": "여성",
              "age": "20대"
            },
            "speechAct": "(지시) 질문하기",
            "morpheme": "오/NR+대박/NNG+어떻게/MAG+받/VV+으신/EP+ETM+거/NNB+래/VCP+EF"
          },
          {
            "id": 11,
            "text": "3 : 진짜 가족들이 뿌듯해 하겠다",
            "norm_text": "진짜 가족들이 뿌듯해 하겠다",
            "speaker": {
              "id": "3번",
              "sex": "남성",
              "age": "20대"
            },
            "speechAct": "(단언) 주장하기",
            "morpheme": "진짜/MAG+가족/NNG+들/XSN+이/JKS+뿌듯/XR+해/XSA+EC+하/VX+겠/EP+다/EC"
          },
          {
            "id": 12,
            "text": "1 : 아무래도 오스카에서 상을 받아서?",
            "norm_text": "아무래도 오스카에서 상을 받아서?",
            "speaker": {
              "id": "1번",
              "sex": "여성",
              "age": "20대"
            },
            "speechAct": "(단언) 주장하기",
            "morpheme": "아무래도/MAG+오스카/NNG+에서/JKB+상/NNG+을/JKO+받/VV+아서/EC"
          },
          {
            "id": 13,
            "text": "2 : 역시 윤여정 선생님... 멋있어!",
            "norm_text": "역시 윤여정 선생님... 멋있어!",
            "speaker": {
              "id": "2번",
              "sex": "여성",
              "age": "20대"
            },
            "speechAct": "(단언) 주장하기",
            "morpheme": "역시/MAJ+윤여정/NNP+선생/NNG+님/XSN+./SY+멋있/VA+어/EF"
          },
          {
            "id": 14,
            "text": "3 : 맞아 문화 발전에 큰 기여했지",
            "norm_text": "맞아 문화 발전에 큰 기여했지",
            "speaker": {
              "id": "3번",
              "sex": "남성",
              "age": "20대"
            },
            "speechAct": "(단언) 주장하기",
            "morpheme": "맞/VV+아/EC+문화/NNG+발전/NNG+에/JKB+큰/VA+ETM+기여/NNG+했/XSV+EP+지/EC"
          },
          {
            "id": 15,
            "text": "1 : 응 하하 진짜 같은 여자로써 멋있다",
            "norm_text": "응 하하 진짜 같은 여자로써 멋있다",
            "speaker": {
              "id": "1번",
              "sex": "여성",
              "age": "20대"
            },
            "speechAct": "(단언) 주장하기",
            "morpheme": "응/IC+하하/MAG+진짜/MAG+같/VA+은/ETM+여자/NNG+로써/JKB+멋있/VA+다/EC"
          },
          {
            "id": 16,
            "text": "2 : 맞아 연기 도전 하시는 것도 그렇고 하하",
            "norm_text": "맞아 연기 도전 하시는 것도 그렇고 하하",
            "speaker": {
              "id": "2번",
              "sex": "여성",
              "age": "20대"
            },
            "speechAct": "(단언) 주장하기",
            "morpheme": "맞/VV+아/EC+연기/NNG+도전/NNG+하/XSV+시/EP+는/ETM+것/NNB+도/JX+그렇/VA+고/EC+하하/MAG"
          },
          {
            "id": 17,
            "text": "3 : 맞아 하하 나는 남잔데도 너무 멋있어 보여",
            "norm_text": "맞아 하하 나는 남잔데도 너무 멋있어 보여",
            "speaker": {
              "id": "3번",
              "sex": "남성",
              "age": "20대"
            },
            "speechAct": "(단언) 주장하기",
            "morpheme": "맞/VV+아하/EC+하나/NR+는/JX+남잔데/NNG+VCP+EC+도/JX+너무/MAG+멋있/VA+어/EC+보여/VV+EC"
          },
          {
            "id": 18,
            "text": "1 : 윤여정 님처럼 늙고 싶다, 우아하고 멋있게",
            "norm_text": "윤여정 님처럼 늙고 싶다, 우아하고 멋있게",
            "speaker": {
              "id": "1번",
              "sex": "여성",
              "age": "20대"
            },
            "speechAct": "(단언) 주장하기",
            "morpheme": "윤여정/NNP+님/XSN+처럼/JKB+늙/VV+고/EC+싶/VX+다/EF+,/SC+우아/XR+하/XSA+고/EC+멋있/VA+게/EC"
          },
          {
            "id": 19,
            "text": "2 : 어 나도 그렇게 늙고 싶어 ㅠㅠ",
            "norm_text": "어 나도 그렇게 늙고 싶어 ㅠㅠ",
            "speaker": {
              "id": "2번",
              "sex": "여성",
              "age": "20대"
            },
            "speechAct": "(단언) 주장하기",
            "morpheme": "어/IC+나/NP+도/JX+그렇게/MAG+늙/VV+고/EC+싶/VX+어/EC+ㅠㅠ/UNKNOWN"
          },
          {
            "id": 20,
            "text": "3 : 음, 너는 아마 안 될 거 같은데,",
            "norm_text": "음, 너는 아마 안 될 거 같은데,",
            "speaker": {
              "id": "3번",
              "sex": "남성",
              "age": "20대"
            },
            "speechAct": "(단언) 주장하기",
            "morpheme": "음/IC+,/SC+너/NP+는/JX+아마/MAG+안/MAG+될/VV+ETM+거/NNB+같/VA+은데/EC+,/SC"
          }
        ]
      }
    }
  ]
}