{
  "dataset": {
    "identifier": 8048,
    "name": "NATEON_22_20_set",
    "src_path": "/data/file/cubeManager/PROJECT001/7/txt20210826181651059542/NATEON_22_20_set/",
    "label_path": "/data/file/cubeManager/PROJECT001/7/txt20210826181651059542/NATEON_22_20_set/",
    "category": 2,
    "type": 0
  },
  "licenses": {
    "name": "Apache License 1.0",
    "url": "http://www.apache.org/licenses/LICENSE-1.0"
  },
  "info": [
    {
      "id": 759,
      "filename": "NATEON_22_20.txt",
      "title": "NATEON_22_20",
      "mediatype": "메신저",
      "medianame": "네이트온",
      "category": "일상대화",
      "date": "2021-08-26",
      "size": 509,
      "annotations": {
        "subject": "영화/만화",
        "speaker_type": "1:1",
        "size": 509,
        "word_size": 169,
        "text": "1 : 이동욱이란 배우 너무 멋있지 않아?\n2 : 네 너무 잘생기고 연기도 잘해요\n2 : 이동욱 영화 봤어요? 나온 거?\n1 : 최근에 타인은 지옥이다 봤었어\n1 : 자기 하는데 또 반함 키키\n2 : 그랬구나\n2 : 저는 김태리도 좋아해요\n2 : 언니 김태리 알죠?\n2 : 김태리 너무 예뻐 ㅠㅠ\n1 : 알지 알지\n2 : 김민희도 좋아했는데 너무 안타까워요... ㅠㅠ\n1 : 김민희는 흠...안녕이야...\n1 : 김태리만 보자...\n2 : 아가씨 너무 좋았는데 언니 아가씨 봤어요?\n1 : 봤었어 ㅋ\n1 : 동성애를 다룰 줄 몰라서 좀 충격이었지만\n2 : 저도 심야 영화로 봤었어요\n2 : 언니 심화 영화 봤어요?\n1 : 아니 그건 아직 못 봤는데 무슨  장르야?\n2 : 아니요\n2 : 제목이 아니라 시간이 심야대인 거요 키키\n1 : 아... 그 말이구나..\n1 : 나 일찍 자서  심야 영화 잘 못 보는 편이야..\n2 : 그렇구나\n2 : 저도 한 번 봤는데 졸려 죽겠더라고요\n1 : 키키 언제 나랑 영화 보러 가자!\n2 : 네네 좋아요\n2 : 나중에 봐요~",
        "lines": [
          {
            "id": 1,
            "text": "1 : 이동욱이란 배우 너무 멋있지 않아?",
            "norm_text": "이동욱이란 배우 너무 멋있지 않아?",
            "speaker": {
              "id": "1번",
              "sex": "여성",
              "age": "30대"
            },
            "speechAct": "(지시) 질문하기",
            "morpheme": "이동욱/NNP+이/VCP+란/ETM+배우/NNG+너무/MAG+멋있/VA+지/EC+않/VX+아/EF"
          },
          {
            "id": 2,
            "text": "2 : 네 너무 잘생기고 연기도 잘해요",
            "norm_text": "네 너무 잘생기고 연기도 잘해요",
            "speaker": {
              "id": "2번",
              "sex": "여성",
              "age": "20대"
            },
            "speechAct": "(단언) 주장하기",
            "morpheme": "네/IC+너무/MAG+잘/MAG+생기/VV+고/EC+연기/NNG+도/JX+잘/MAG+해요/VV+EC"
          },
          {
            "id": 3,
            "text": "2 : 이동욱 영화 봤어요? 나온 거?",
            "norm_text": "이동욱 영화 봤어요? 나온 거?",
            "speaker": {
              "id": "2번",
              "sex": "여성",
              "age": "20대"
            },
            "speechAct": "(지시) 질문하기",
            "morpheme": "이동욱/NNP+영화/NNG+봤/VV+EP+어요/EF+나온/VV+ETM+거/NNB"
          },
          {
            "id": 4,
            "text": "1 : 최근에 타인은 지옥이다 봤었어",
            "norm_text": "최근에 타인은 지옥이다 봤었어",
            "speaker": {
              "id": "1번",
              "sex": "여성",
              "age": "30대"
            },
            "speechAct": "(단언) 진술하기",
            "morpheme": "최근/NNG+에/JKB+타인/NNG+은/JX+지옥/NNG+이/JKS+다/MAG+봤었/VV+EP+어/EC"
          },
          {
            "id": 5,
            "text": "1 : 자기 하는데 또 반함 키키",
            "norm_text": "자기 하는데 또 반함 키키",
            "speaker": {
              "id": "1번",
              "sex": "여성",
              "age": "30대"
            },
            "speechAct": "(단언) 주장하기",
            "morpheme": "자기/NP+하/VV+는데/EC+또/MAG+반함/NNG+키/NNG+키/XSV+ETN"
          },
          {
            "id": 6,
            "text": "2 : 그랬구나",
            "norm_text": "그랬구나",
            "speaker": {
              "id": "2번",
              "sex": "여성",
              "age": "20대"
            },
            "speechAct": "(단언) 주장하기",
            "morpheme": "그랬/VV+EP+구나/EC"
          },
          {
            "id": 7,
            "text": "2 : 저는 김태리도 좋아해요",
            "norm_text": "저는 김태리도 좋아해요",
            "speaker": {
              "id": "2번",
              "sex": "여성",
              "age": "20대"
            },
            "speechAct": "(단언) 주장하기",
            "morpheme": "저/NP+는/JX+김/NNP+태리/NNP+도/JX+좋/VA+아/EC+해요/VX+EC"
          },
          {
            "id": 8,
            "text": "2 : 언니 김태리 알죠?",
            "norm_text": "언니 김태리 알죠?",
            "speaker": {
              "id": "2번",
              "sex": "여성",
              "age": "20대"
            },
            "speechAct": "(지시) 질문하기",
            "morpheme": "언니/NNG+김태/NNP+리알/NNG+죠/VCP+EF"
          },
          {
            "id": 9,
            "text": "2 : 김태리 너무 예뻐 ㅠㅠ",
            "norm_text": "김태리 너무 예뻐 ㅠㅠ",
            "speaker": {
              "id": "2번",
              "sex": "여성",
              "age": "20대"
            },
            "speechAct": "(단언) 주장하기",
            "morpheme": "김태/NNP+리/NNB+너무/MAG+예뻐/VA+EC+ㅠㅠ/UNKNOWN"
          },
          {
            "id": 10,
            "text": "1 : 알지 알지",
            "norm_text": "알지 알지",
            "speaker": {
              "id": "1번",
              "sex": "여성",
              "age": "30대"
            },
            "speechAct": "(단언) 주장하기",
            "morpheme": "알/VV+지/EC+알/VV+지/EC"
          },
          {
            "id": 11,
            "text": "2 : 김민희도 좋아했는데 너무 안타까워요... ㅠㅠ",
            "norm_text": "김민희도 좋아했는데 너무 안타까워요... ㅠㅠ",
            "speaker": {
              "id": "2번",
              "sex": "여성",
              "age": "20대"
            },
            "speechAct": "(단언) 주장하기",
            "morpheme": "김민희/NNP+도/JX+좋/VA+아/EC+했/VX+EP+는데/EC+너무/MAG+안타까워/VA+EC+요/JX+./SY+ㅠㅠ/UNKNOWN"
          },
          {
            "id": 12,
            "text": "1 : 김민희는 흠...안녕이야...",
            "norm_text": "김민희는 흠...안녕이야...",
            "speaker": {
              "id": "1번",
              "sex": "여성",
              "age": "30대"
            },
            "speechAct": "(단언) 주장하기",
            "morpheme": "김민희/NNP+는/JX+흠/IC+./SY+안녕/NNG+이/VCP+야/EF+./SY"
          },
          {
            "id": 13,
            "text": "1 : 김태리만 보자...",
            "norm_text": "김태리만 보자...",
            "speaker": {
              "id": "1번",
              "sex": "여성",
              "age": "30대"
            },
            "speechAct": "(단언) 주장하기",
            "morpheme": "김/NNP+태리/NNP+만/JX+보/VV+자/EF+./SY"
          },
          {
            "id": 14,
            "text": "2 : 아가씨 너무 좋았는데 언니 아가씨 봤어요?",
            "norm_text": "아가씨 너무 좋았는데 언니 아가씨 봤어요?",
            "speaker": {
              "id": "2번",
              "sex": "여성",
              "age": "20대"
            },
            "speechAct": "(지시) 질문하기",
            "morpheme": "아가씨/NNG+너무/MAG+좋/VA+았/EP+는데/EC+언니/NNG+아가씨/NNG+봤/VV+EP+어요/EF"
          },
          {
            "id": 15,
            "text": "1 : 봤었어 ㅋ",
            "norm_text": "봤었어 ㅋ",
            "speaker": {
              "id": "1번",
              "sex": "여성",
              "age": "30대"
            },
            "speechAct": "(단언) 진술하기",
            "morpheme": "봤었/VV+EP+어ㅋ/UNKNOWN"
          },
          {
            "id": 16,
            "text": "1 : 동성애를 다룰 줄 몰라서 좀 충격이었지만",
            "norm_text": "동성애를 다룰 줄 몰라서 좀 충격이었지만",
            "speaker": {
              "id": "1번",
              "sex": "여성",
              "age": "30대"
            },
            "speechAct": "(단언) 주장하기",
            "morpheme": "동성애/NNG+를/JKO+다룰/VV+ETM+줄/NNB+몰라서/VV+EC+좀/MAG+충격/NNG+이/VCP+었/EP+지만/EC"
          },
          {
            "id": 17,
            "text": "2 : 저도 심야 영화로 봤었어요",
            "norm_text": "저도 심야 영화로 봤었어요",
            "speaker": {
              "id": "2번",
              "sex": "여성",
              "age": "20대"
            },
            "speechAct": "(단언) 진술하기",
            "morpheme": "저/NP+도/JX+심야/NNG+영화/NNG+로/JKB+봤었/VV+EP+어요/EF"
          },
          {
            "id": 18,
            "text": "2 : 언니 심화 영화 봤어요?",
            "norm_text": "언니 심화 영화 봤어요?",
            "speaker": {
              "id": "2번",
              "sex": "여성",
              "age": "20대"
            },
            "speechAct": "(지시) 질문하기",
            "morpheme": "언니/NNG+심화/NNG+영화/NNG+봤/VV+EP+어요/EF"
          },
          {
            "id": 19,
            "text": "1 : 아니 그건 아직 못 봤는데 무슨  장르야?",
            "norm_text": "아니 그건 아직 못 봤는데 무슨  장르야?",
            "speaker": {
              "id": "1번",
              "sex": "여성",
              "age": "30대"
            },
            "speechAct": "(지시) 질문하기",
            "morpheme": "아니/IC+그건/NP+JX+아직/MAG+못/MAG+봤/VV+EP+는데/EC+무슨/MM+장르/NNG+야/VCP+EF"
          },
          {
            "id": 20,
            "text": "2 : 아니요",
            "norm_text": "아니요",
            "speaker": {
              "id": "2번",
              "sex": "여성",
              "age": "20대"
            },
            "speechAct": "(단언) 주장하기",
            "morpheme": "아니/VCN+요/EC"
          },
          {
            "id": 21,
            "text": "2 : 제목이 아니라 시간이 심야대인 거요 키키",
            "norm_text": "제목이 아니라 시간이 심야대인 거요 키키",
            "speaker": {
              "id": "2번",
              "sex": "여성",
              "age": "20대"
            },
            "speechAct": "(단언) 진술하기",
            "morpheme": "제목/NNG+이/JKC+아니/VCN+라/EC+시간/NNG+이/JKS+심야/NNG+대/XSN+인/VCP+ETM+거/NNB+요/VCP+EC+키/NNG+키/XSV+ETN"
          },
          {
            "id": 22,
            "text": "1 : 아... 그 말이구나..",
            "norm_text": "아... 그 말이구나..",
            "speaker": {
              "id": "1번",
              "sex": "여성",
              "age": "30대"
            },
            "speechAct": "(단언) 주장하기",
            "morpheme": "아/IC+./SY+그/MM+말/NNG+이/VCP+구나/EF+./SY"
          },
          {
            "id": 23,
            "text": "1 : 나 일찍 자서  심야 영화 잘 못 보는 편이야..",
            "norm_text": "나 일찍 자서  심야 영화 잘 못 보는 편이야..",
            "speaker": {
              "id": "1번",
              "sex": "여성",
              "age": "30대"
            },
            "speechAct": "(단언) 주장하기",
            "morpheme": "나/NP+일찍/MAG+자서/NNG+심야/NNG+영화/NNG+잘못/MAG+보/VV+는/ETM+편/NNB+이/VCP+야/EC+./SY"
          },
          {
            "id": 24,
            "text": "2 : 그렇구나",
            "norm_text": "그렇구나",
            "speaker": {
              "id": "2번",
              "sex": "여성",
              "age": "20대"
            },
            "speechAct": "(단언) 주장하기",
            "morpheme": "그렇/VA+구나/EC"
          },
          {
            "id": 25,
            "text": "2 : 저도 한 번 봤는데 졸려 죽겠더라고요",
            "norm_text": "저도 한 번 봤는데 졸려 죽겠더라고요",
            "speaker": {
              "id": "2번",
              "sex": "여성",
              "age": "20대"
            },
            "speechAct": "(단언) 주장하기",
            "morpheme": "저/NP+도/JX+한/MM+번/NNBC+봤/VV+EP+는데/EC+졸려/VV+EC+죽/VV+겠/EP+더라고요/EC"
          },
          {
            "id": 26,
            "text": "1 : 키키 언제 나랑 영화 보러 가자!",
            "norm_text": "키키 언제 나랑 영화 보러 가자!",
            "speaker": {
              "id": "1번",
              "sex": "여성",
              "age": "30대"
            },
            "speechAct": "(단언) 주장하기",
            "morpheme": "키/NNG+키/NNG+언제/MAG+나/NP+랑/JKB+영화/NNG+보/VV+러/EC+가/VX+자/EF"
          },
          {
            "id": 27,
            "text": "2 : 네네 좋아요",
            "norm_text": "네네 좋아요",
            "speaker": {
              "id": "2번",
              "sex": "여성",
              "age": "20대"
            },
            "speechAct": "(단언) 주장하기",
            "morpheme": "네네/IC+좋/VA+아요/EC"
          },
          {
            "id": 28,
            "text": "2 : 나중에 봐요~",
            "norm_text": "나중에 봐요~",
            "speaker": {
              "id": "2번",
              "sex": "여성",
              "age": "20대"
            },
            "speechAct": "(표현) 인사하기",
            "morpheme": "나중/NNG+에/JKB+봐요/VV+EC+~/SY"
          }
        ]
      }
    }
  ]
}