{
  "dataset": {
    "identifier": 100395,
    "name": "NATEON_27_18_set",
    "src_path": "/data/file/cubeManager/PROJECT001/77/txt20211027152211014799/NATEON_27_18_set/",
    "label_path": "/data/file/cubeManager/PROJECT001/77/txt20211027152211014799/NATEON_27_18_set/",
    "category": 2,
    "type": 0
  },
  "licenses": {
    "name": "Apache License 1.0",
    "url": "http://www.apache.org/licenses/LICENSE-1.0"
  },
  "info": [
    {
      "id": 99459,
      "filename": "NATEON_27_18.txt",
      "title": "NATEON_27_18",
      "mediatype": "메신저",
      "medianame": "네이트온",
      "category": "일상대화",
      "date": "2021-10-27",
      "size": 414,
      "annotations": {
        "subject": "상거래 전반",
        "speaker_type": "다자간 대화",
        "size": 414,
        "word_size": 144,
        "text": "1 : 우리 엄마 이번에 쇼핑몰에서 또 질렀어 ㅠㅠ\n2 : 키키 어머님 낙이시잖아 ㅠㅠ 그냥 하게 냅둬 ㅠㅠ\n3 : 아 나도 옷 사는 거 좋아해\n1 : 요즘은 명품도 앱에서 살 수 있나봐...\n2 : 아 맞아\n2 : 브랜디? 이런 데서도 명품 팔고 있더라!\n3 : 오 요즘은 진짜 세상 살기 좋아\n1 : 맞아\n1 : 진짜 그래서 명품을 더 쉽게 사는 거 같아 키키\n2 : 웅 어머님 이번에 가방 하나 사신 거야?\n3 : 오 이번에 어떤 거 산 거야\n1 : 아니!\n1 : 겨울이어서 패딩 하나 사셨더라고 키키\n2 : 아 패딩은 사셔야지 키키\n2 : 잘 쇼핑 하셨네!\n3 : 이번 겨울 엄청 춥다던데\n1 : 키키 다음엔 나도 같이 사달라고 해야지...\n2 : 이렇게 엄마한테 슥 내꺼 올려 버리기~\n3 : 오호\n3 : 나도 이번에 하나 사야겠어\n3 : 패딩 하나 정도는 있어야지~",
        "lines": [
          {
            "id": 1,
            "text": "1 : 우리 엄마 이번에 쇼핑몰에서 또 질렀어 ㅠㅠ",
            "norm_text": "우리 엄마 이번에 쇼핑몰에서 또 질렀어 ㅠㅠ",
            "speaker": {
              "id": "1번",
              "sex": "여성",
              "age": "20대"
            },
            "speechAct": "(단언) 주장하기",
            "morpheme": "우리/NP+엄마/NNG+이번/NNG+에/JKB+쇼핑몰/NNG+에서/JKB+또/MAG+질렀/VV+EP+어/EF+ㅠㅠ/UNKNOWN"
          },
          {
            "id": 2,
            "text": "2 : 키키 어머님 낙이시잖아 ㅠㅠ 그냥 하게 냅둬 ㅠㅠ",
            "norm_text": "키키 어머님 낙이시잖아 ㅠㅠ 그냥 하게 냅둬 ㅠㅠ",
            "speaker": {
              "id": "2번",
              "sex": "여성",
              "age": "20대"
            },
            "speechAct": "(단언) 주장하기",
            "morpheme": "키/NNG+키/NNG+어머님/NNG+낙/NNG+이/VCP+시/EP+잖아/EF+ㅠㅠ/UNKNOWN+그냥/MAG+하/VV+게/EC+냅둬/VV+EF+ㅠㅠ/UNKNOWN"
          },
          {
            "id": 3,
            "text": "3 : 아 나도 옷 사는 거 좋아해",
            "norm_text": "아 나도 옷 사는 거 좋아해",
            "speaker": {
              "id": "3번",
              "sex": "남성",
              "age": "20대"
            },
            "speechAct": "(단언) 주장하기",
            "morpheme": "아/IC+나/NP+도/JX+옷/NNG+사/VV+는/ETM+거/NNB+좋/VA+아/EC+해/VV+EC"
          },
          {
            "id": 4,
            "text": "1 : 요즘은 명품도 앱에서 살 수 있나봐...",
            "norm_text": "요즘은 명품도 앱에서 살 수 있나봐...",
            "speaker": {
              "id": "1번",
              "sex": "여성",
              "age": "20대"
            },
            "speechAct": "(단언) 진술하기",
            "morpheme": "요즘/NNG+은/JX+명품/NNG+도/JX+앱/NNG+에서/JKB+살/VV+ETM+수/NNB+있/VV+나/EC+봐/VX+EF+./SY"
          },
          {
            "id": 5,
            "text": "2 : 아 맞아",
            "norm_text": "아 맞아",
            "speaker": {
              "id": "2번",
              "sex": "여성",
              "age": "20대"
            },
            "speechAct": "(단언) 주장하기",
            "morpheme": "아/IC+맞/VV+아/EC"
          },
          {
            "id": 6,
            "text": "2 : 브랜디? 이런 데서도 명품 팔고 있더라!",
            "norm_text": "브랜디? 이런 데서도 명품 팔고 있더라!",
            "speaker": {
              "id": "2번",
              "sex": "여성",
              "age": "20대"
            },
            "speechAct": "(단언) 진술하기",
            "morpheme": "브랜디/NNP+이런/MM+데/NNB+서/JKB+도/JX+명품/NNG+팔/VV+고/EC+있/VX+더라/EF"
          },
          {
            "id": 7,
            "text": "3 : 오 요즘은 진짜 세상 살기 좋아",
            "norm_text": "오 요즘은 진짜 세상 살기 좋아",
            "speaker": {
              "id": "3번",
              "sex": "남성",
              "age": "20대"
            },
            "speechAct": "(단언) 주장하기",
            "morpheme": "오/NR+요즘/NNG+은/JX+진짜/MAG+세상/NNG+살/VV+기/ETN+좋/VA+아/EC"
          },
          {
            "id": 8,
            "text": "1 : 맞아",
            "norm_text": "맞아",
            "speaker": {
              "id": "1번",
              "sex": "여성",
              "age": "20대"
            },
            "speechAct": "(단언) 주장하기",
            "morpheme": "맞/VV+아/EC"
          },
          {
            "id": 9,
            "text": "1 : 진짜 그래서 명품을 더 쉽게 사는 거 같아 키키",
            "norm_text": "진짜 그래서 명품을 더 쉽게 사는 거 같아 키키",
            "speaker": {
              "id": "1번",
              "sex": "여성",
              "age": "20대"
            },
            "speechAct": "(단언) 주장하기",
            "morpheme": "진짜/MAG+그래서/MAJ+명품/NNG+을/JKO+더/MAG+쉽/VA+게/EC+사/VV+는/ETM+거/NNB+같/VA+아/EC+키/NNG+키/XSV+ETN"
          },
          {
            "id": 10,
            "text": "2 : 웅 어머님 이번에 가방 하나 사신 거야?",
            "norm_text": "웅 어머님 이번에 가방 하나 사신 거야?",
            "speaker": {
              "id": "2번",
              "sex": "여성",
              "age": "20대"
            },
            "speechAct": "(지시) 질문하기",
            "morpheme": "웅/IC+어머님/NNG+이번/NNG+에/JKB+가방/NNG+하나/NR+사신/VV+EP+ETM+거/NNB+야/VCP+EF"
          },
          {
            "id": 11,
            "text": "3 : 오 이번에 어떤 거 산 거야",
            "norm_text": "오 이번에 어떤 거 산 거야",
            "speaker": {
              "id": "3번",
              "sex": "남성",
              "age": "20대"
            },
            "speechAct": "(지시) 질문하기",
            "morpheme": "오/NR+이/NR+번/NNBC+에/JKB+어떤/MM+거산/NNP+거/NNB+야/VCP+EF"
          },
          {
            "id": 12,
            "text": "1 : 아니!",
            "norm_text": "아니!",
            "speaker": {
              "id": "1번",
              "sex": "여성",
              "age": "20대"
            },
            "speechAct": "(단언) 주장하기",
            "morpheme": "아니/IC"
          },
          {
            "id": 13,
            "text": "1 : 겨울이어서 패딩 하나 사셨더라고 키키",
            "norm_text": "겨울이어서 패딩 하나 사셨더라고 키키",
            "speaker": {
              "id": "1번",
              "sex": "여성",
              "age": "20대"
            },
            "speechAct": "(단언) 진술하기",
            "morpheme": "겨울/NNG+이/VCP+어서/EC+패딩/NNG+하나/NR+사셨/VV+EP+EP+더라고/EC+키/NNG+키/XSV+ETN"
          },
          {
            "id": 14,
            "text": "2 : 아 패딩은 사셔야지 키키",
            "norm_text": "아 패딩은 사셔야지 키키",
            "speaker": {
              "id": "2번",
              "sex": "여성",
              "age": "20대"
            },
            "speechAct": "(단언) 주장하기",
            "morpheme": "아/IC+패딩/NNG+은/JX+사셔야/VV+EP+EC+지키/NNP+키/NNG"
          },
          {
            "id": 15,
            "text": "2 : 잘 쇼핑 하셨네!",
            "norm_text": "잘 쇼핑 하셨네!",
            "speaker": {
              "id": "2번",
              "sex": "여성",
              "age": "20대"
            },
            "speechAct": "(단언) 주장하기",
            "morpheme": "잘/MAG+쇼핑/NNG+하/XSV+셨/EP+EP+네/EF"
          },
          {
            "id": 16,
            "text": "3 : 이번 겨울 엄청 춥다던데",
            "norm_text": "이번 겨울 엄청 춥다던데",
            "speaker": {
              "id": "3번",
              "sex": "남성",
              "age": "20대"
            },
            "speechAct": "(단언) 진술하기",
            "morpheme": "이번/NNG+겨울/NNG+엄청/MAG+춥/VA+다던데/EC"
          },
          {
            "id": 17,
            "text": "1 : 키키 다음엔 나도 같이 사달라고 해야지...",
            "norm_text": "키키 다음엔 나도 같이 사달라고 해야지...",
            "speaker": {
              "id": "1번",
              "sex": "여성",
              "age": "20대"
            },
            "speechAct": "(단언) 주장하기",
            "morpheme": "키/NNG+키/NNG+다음/NNG+엔/JKB+JX+나/NP+도/JX+같이/MAG+사/VV+EC+달/VX+라고/EC+해야지/VV+EF+./SY"
          },
          {
            "id": 18,
            "text": "2 : 이렇게 엄마한테 슥 내꺼 올려 버리기~",
            "norm_text": "이렇게 엄마한테 슥 내꺼 올려 버리기~",
            "speaker": {
              "id": "2번",
              "sex": "여성",
              "age": "20대"
            },
            "speechAct": "(단언) 주장하기",
            "morpheme": "이렇게/MAG+엄마/NNG+한테/JKB+슥/MAG+내/MM+꺼/NNB+VCP+올려/EC+VV+EC+버리/VX+기/ETN+~/SY"
          },
          {
            "id": 19,
            "text": "3 : 오호",
            "norm_text": "오호",
            "speaker": {
              "id": "3번",
              "sex": "남성",
              "age": "20대"
            },
            "speechAct": "(단언) 주장하기",
            "morpheme": "오호/NNG"
          },
          {
            "id": 20,
            "text": "3 : 나도 이번에 하나 사야겠어",
            "norm_text": "나도 이번에 하나 사야겠어",
            "speaker": {
              "id": "3번",
              "sex": "남성",
              "age": "20대"
            },
            "speechAct": "(단언) 주장하기",
            "morpheme": "나/NP+도/JX+이번/NNG+에/JKB+하나/NR+사/NR+야/VCP+EF+겠/EP+어/EC"
          },
          {
            "id": 21,
            "text": "3 : 패딩 하나 정도는 있어야지~",
            "norm_text": "패딩 하나 정도는 있어야지~",
            "speaker": {
              "id": "3번",
              "sex": "남성",
              "age": "20대"
            },
            "speechAct": "(단언) 주장하기",
            "morpheme": "패딩/NNG+하나/NR+정도/NNG+는/JX+있/VX+어야지/EC+~/SY"
          }
        ]
      }
    }
  ]
}