{
  "dataset": {
    "identifier": 101691,
    "name": "NATEON_27_07_set",
    "src_path": "/data/file/cubeManager/PROJECT001/77/txt20211027152211008195/NATEON_27_07_set/",
    "label_path": "/data/file/cubeManager/PROJECT001/77/txt20211027152211008195/NATEON_27_07_set/",
    "category": 2,
    "type": 0
  },
  "licenses": {
    "name": "Apache License 1.0",
    "url": "http://www.apache.org/licenses/LICENSE-1.0"
  },
  "info": [
    {
      "id": 99448,
      "filename": "NATEON_27_07.txt",
      "title": "NATEON_27_07",
      "mediatype": "메신저",
      "medianame": "네이트온",
      "category": "일상대화",
      "date": "2021-10-27",
      "size": 406,
      "annotations": {
        "subject": "가족",
        "speaker_type": "다자간 대화",
        "size": 406,
        "word_size": 140,
        "text": "1 : 이번에 우리 가족 다같이 여행 왔어 하하\n2 : 어디로 놀러 갔다 왔어?\n3 : 오 어디로 여행 간 거야\n1 : 기장에 풀빌라 빌려서 놀고 있어!\n3 : 우와\n3 : 기장 바닷가 아니야?\n2 : 대박이다\n2 : 풀빌라 좋지 ㅠㅠ\n2 : 부럽다 진짜\n1 : 응 바닷가 근처로 숙소 정했지!\n2 : 웅 그럼 밖에 바다도 보이는 곳이었어?\n3 : 경치 완전 좋았을 거 같은데?\n1 : 응 진짜 이런 곳에서 살고싶다 ㅠㅠ\n3 : 수영도 하고 고기도 먹고 그랬어?\n1 : 너희도 다음에 가족들끼리 놀러와!\n1 : 당연하지~\n2 : 대하 철인데 대하도 같이 먹어 줘야 한다구 하하\n3 : 술도 같이 먹어야지 고기랑 키키\n1 : 키키 안 그래도 그런 거 다 사왔거든!\n2 : 키키 다음에 나도 가게 거기 링크 좀 보내줘 하하\n3 : 그런 데서 먹으면 뭐든 맛있을 거야",
        "lines": [
          {
            "id": 1,
            "text": "1 : 이번에 우리 가족 다같이 여행 왔어 하하",
            "norm_text": "이번에 우리 가족 다같이 여행 왔어 하하",
            "speaker": {
              "id": "1번",
              "sex": "여성",
              "age": "20대"
            },
            "speechAct": "(단언) 주장하기",
            "morpheme": "이번/NNG+에/JKB+우리/NP+가족/NNG+다/MAG+같이/MAG+여행/NNG+왔/VV+EP+어/EC+하하/MAG"
          },
          {
            "id": 2,
            "text": "2 : 어디로 놀러 갔다 왔어?",
            "norm_text": "어디로 놀러 갔다 왔어?",
            "speaker": {
              "id": "2번",
              "sex": "여성",
              "age": "20대"
            },
            "speechAct": "(지시) 질문하기",
            "morpheme": "어디/NP+로/JKB+놀러갔/VV+EP+다/EC+왔/VX+EP+어/EF"
          },
          {
            "id": 3,
            "text": "3 : 오 어디로 여행 간 거야",
            "norm_text": "오 어디로 여행 간 거야",
            "speaker": {
              "id": "3번",
              "sex": "남성",
              "age": "20대"
            },
            "speechAct": "(지시) 질문하기",
            "morpheme": "오/IC+어디/NP+로/JKB+여행/NNG+간/VV+ETM+거/NNB+야/VCP+EF"
          },
          {
            "id": 4,
            "text": "1 : 기장에 풀빌라 빌려서 놀고 있어!",
            "norm_text": "기장에 풀빌라 빌려서 놀고 있어!",
            "speaker": {
              "id": "1번",
              "sex": "여성",
              "age": "20대"
            },
            "speechAct": "(단언) 주장하기",
            "morpheme": "기장/NNG+에/JKB+풀/VV+ETM+빌라/NNG+빌려서/VV+EC+놀/VV+고/EC+있/VX+어/EF"
          },
          {
            "id": 5,
            "text": "3 : 우와",
            "norm_text": "우와",
            "speaker": {
              "id": "3번",
              "sex": "남성",
              "age": "20대"
            },
            "speechAct": "(단언) 주장하기",
            "morpheme": "우와/NNG"
          },
          {
            "id": 6,
            "text": "3 : 기장 바닷가 아니야?",
            "norm_text": "기장 바닷가 아니야?",
            "speaker": {
              "id": "3번",
              "sex": "남성",
              "age": "20대"
            },
            "speechAct": "(지시) 질문하기",
            "morpheme": "기장/NNG+바닷가/NNG+아니/VCN+야/EF"
          },
          {
            "id": 7,
            "text": "2 : 대박이다",
            "norm_text": "대박이다",
            "speaker": {
              "id": "2번",
              "sex": "여성",
              "age": "20대"
            },
            "speechAct": "(단언) 주장하기",
            "morpheme": "대박/NNG+이/VCP+다/EC"
          },
          {
            "id": 8,
            "text": "2 : 풀빌라 좋지 ㅠㅠ",
            "norm_text": "풀빌라 좋지 ㅠㅠ",
            "speaker": {
              "id": "2번",
              "sex": "여성",
              "age": "20대"
            },
            "speechAct": "(단언) 주장하기",
            "morpheme": "풀빌라좋지ㅠㅠ/UNKNOWN"
          },
          {
            "id": 9,
            "text": "2 : 부럽다 진짜",
            "norm_text": "부럽다 진짜",
            "speaker": {
              "id": "2번",
              "sex": "여성",
              "age": "20대"
            },
            "speechAct": "(단언) 주장하기",
            "morpheme": "부럽/VA+다/EF+진짜/MAG"
          },
          {
            "id": 10,
            "text": "1 : 응 바닷가 근처로 숙소 정했지!",
            "norm_text": "응 바닷가 근처로 숙소 정했지!",
            "speaker": {
              "id": "1번",
              "sex": "여성",
              "age": "20대"
            },
            "speechAct": "(단언) 주장하기",
            "morpheme": "응/IC+바닷가/NNG+근처/NNG+로/JKB+숙소/NNG+정했/VV+EP+지/EF"
          },
          {
            "id": 11,
            "text": "2 : 웅 그럼 밖에 바다도 보이는 곳이었어?",
            "norm_text": "웅 그럼 밖에 바다도 보이는 곳이었어?",
            "speaker": {
              "id": "2번",
              "sex": "여성",
              "age": "20대"
            },
            "speechAct": "(지시) 질문하기",
            "morpheme": "웅/IC+그럼/MAJ+밖/NNG+에/JKB+바다/NNG+도/JX+보이/VV+는/ETM+곳/NNG+이/VCP+었/EP+어/EF"
          },
          {
            "id": 12,
            "text": "3 : 경치 완전 좋았을 거 같은데?",
            "norm_text": "경치 완전 좋았을 거 같은데?",
            "speaker": {
              "id": "3번",
              "sex": "남성",
              "age": "20대"
            },
            "speechAct": "(지시) 질문하기",
            "morpheme": "경치/NNG+완전/NNG+좋/VA+았/EP+을/ETM+거/NNB+같/VA+은데/EF"
          },
          {
            "id": 13,
            "text": "1 : 응 진짜 이런 곳에서 살고싶다 ㅠㅠ",
            "norm_text": "응 진짜 이런 곳에서 살고싶다 ㅠㅠ",
            "speaker": {
              "id": "1번",
              "sex": "여성",
              "age": "20대"
            },
            "speechAct": "(단언) 주장하기",
            "morpheme": "응/IC+진짜/MAG+이런/MM+곳/NNG+에서/JKB+살/VV+고/EC+싶/VX+다/EF+ㅠㅠ/UNKNOWN"
          },
          {
            "id": 14,
            "text": "3 : 수영도 하고 고기도 먹고 그랬어?",
            "norm_text": "수영도 하고 고기도 먹고 그랬어?",
            "speaker": {
              "id": "3번",
              "sex": "남성",
              "age": "20대"
            },
            "speechAct": "(지시) 질문하기",
            "morpheme": "수영도/NNG+하/XSV+고/EC+고기/NNG+도/JX+먹/VV+고/EC+그랬/VV+EP+어/EF"
          },
          {
            "id": 15,
            "text": "1 : 너희도 다음에 가족들끼리 놀러와!",
            "norm_text": "너희도 다음에 가족들끼리 놀러와!",
            "speaker": {
              "id": "1번",
              "sex": "여성",
              "age": "20대"
            },
            "speechAct": "(지시) 충고/제안하기",
            "morpheme": "너희/NP+도/JX+다음/NNG+에/JKB+가족/NNG+들/XSN+끼리/XSN+놀러와/VV+EF"
          },
          {
            "id": 16,
            "text": "1 : 당연하지~",
            "norm_text": "당연하지~",
            "speaker": {
              "id": "1번",
              "sex": "여성",
              "age": "20대"
            },
            "speechAct": "(단언) 주장하기",
            "morpheme": "당연/XR+하/XSA+지/EC+~/SY"
          },
          {
            "id": 17,
            "text": "2 : 대하 철인데 대하도 같이 먹어 줘야 한다구 하하",
            "norm_text": "대하 철인데 대하도 같이 먹어 줘야 한다구 하하",
            "speaker": {
              "id": "2번",
              "sex": "여성",
              "age": "20대"
            },
            "speechAct": "(단언) 주장하기",
            "morpheme": "대/XPN+하철/NNG+인데/VCP+EC+대하/NNG+도/JX+같이/MAG+먹/VV+어/EC+줘야/VX+EC+한다구/VV+EC+하하/MAG"
          },
          {
            "id": 18,
            "text": "3 : 술도 같이 먹어야지 고기랑 키키",
            "norm_text": "술도 같이 먹어야지 고기랑 키키",
            "speaker": {
              "id": "3번",
              "sex": "남성",
              "age": "20대"
            },
            "speechAct": "(단언) 주장하기",
            "morpheme": "술/NNG+도/JX+같이/MAG+먹/VV+어야지/EC+고기/NNG+랑/JKB+키/NNG+키/XSV+ETN"
          },
          {
            "id": 19,
            "text": "1 : 키키 안 그래도 그런 거 다 사왔거든!",
            "norm_text": "키키 안 그래도 그런 거 다 사왔거든!",
            "speaker": {
              "id": "1번",
              "sex": "여성",
              "age": "20대"
            },
            "speechAct": "(단언) 주장하기",
            "morpheme": "키/NNG+키/NNG+안/MAG+그래도/VV+EC+그런/MM+거/NNB+다/MAG+사/VV+EC+왔/VX+EP+거든/EF"
          },
          {
            "id": 20,
            "text": "2 : 키키 다음에 나도 가게 거기 링크 좀 보내줘 하하",
            "norm_text": "키키 다음에 나도 가게 거기 링크 좀 보내줘 하하",
            "speaker": {
              "id": "2번",
              "sex": "여성",
              "age": "20대"
            },
            "speechAct": "(지시) 충고/제안하기",
            "morpheme": "키/NNG+키/NNG+다음/NNG+에/JKB+나/NP+도/JX+가/VV+게/EC+거기/NP+링크/NNG+좀/MAG+보내/VV+줘/EC+VV+EC+하하/MAG"
          },
          {
            "id": 21,
            "text": "3 : 그런 데서 먹으면 뭐든 맛있을 거야",
            "norm_text": "그런 데서 먹으면 뭐든 맛있을 거야",
            "speaker": {
              "id": "3번",
              "sex": "남성",
              "age": "20대"
            },
            "speechAct": "(단언) 주장하기",
            "morpheme": "그런/MM+데/NNB+서/JKB+먹/VV+으면/EC+뭐/NP+든/VCP+EC+맛있/VA+을/ETM+거/NNB+야/VCP+EF"
          }
        ]
      }
    }
  ]
}