{
  "dataset": {
    "identifier": 116742,
    "name": "NATEON_31_03_set",
    "src_path": "/data/file/cubeManager/PROJECT001/80/txt20211102113529066284/NATEON_31_03_set/",
    "label_path": "/data/file/cubeManager/PROJECT001/80/txt20211102113529066284/NATEON_31_03_set/",
    "category": 2,
    "type": 0
  },
  "licenses": {
    "name": "Apache License 1.0",
    "url": "http://www.apache.org/licenses/LICENSE-1.0"
  },
  "info": [
    {
      "id": 129986,
      "filename": "NATEON_31_03.txt",
      "title": "NATEON_31_03",
      "mediatype": "메신저",
      "medianame": "네이트온",
      "category": "일상대화",
      "date": "2021-11-02",
      "size": 476,
      "annotations": {
        "subject": "교통",
        "speaker_type": "다자간 대화",
        "size": 476,
        "word_size": 164,
        "text": "1 : 나 지하철 타는데 정전됐어ㅠ\n2 : 대박\n2 : 그럼 지하철 운행도 멈춘 거 아니야?\n3 : 헐! 너 진짜 무서웠겠다!\n1 : 응 맞아,\n1 : 아예 멈췄어!\n2 : 사람들 다치거나 한 사람은 없지?\n2 : 너 괜찮아?\n3 : 헐... 아니\n3 : 아예 멈춘 거야?\n1 : 응 아예 멈춰서 사람들이 무서워했어 ㅠ\n2 : 맞아\n2 : 아무것도 안 보이고 핸드폰 불빛으로 있었겠네 ㅠㅠ\n3 : 그러게 나도 갑자기 멈추면 무서울 거 같아 ㅠ\n1 : 응 근데 5분 만에 불이 들어오더라 하하\n2 : 그래도 빠르게 대처가 돼서 다행이네 ㅠㅠ\n3 : 그래도 빨리 들어와서 다행이다 하하\n1 : 응 그래도 대처를 빨리 해 줘서 좋았어\n2 : 그럴 때 너무 긴장하지 말고 항상 침착해야 해!\n3 : 대처 빠르게 해 주시는 게 가장 좋지\n1 : 맞아,\n1 : 근데 진짜 심장이 빨리 뛰더라\n2 : 세상 이런 일도 있다니 ㅠㅠ\n2 : 그래도 무사한 게 다행이야~\n3 : 그럴 땐 진짜 침착하게 있어야 해!",
        "lines": [
          {
            "id": 1,
            "text": "1 : 나 지하철 타는데 정전됐어ㅠ",
            "norm_text": "나 지하철 타는데 정전됐어ㅠ",
            "speaker": {
              "id": "1번",
              "sex": "여성",
              "age": "20대"
            },
            "speechAct": "(단언) 진술하기",
            "morpheme": "나/NP+지하철/NNG+타/VV+는데/EC+정전/NNG+됐/XSV+EP+어ㅠ/UNKNOWN"
          },
          {
            "id": 2,
            "text": "2 : 대박",
            "norm_text": "대박",
            "speaker": {
              "id": "2번",
              "sex": "여성",
              "age": "20대"
            },
            "speechAct": "(단언) 주장하기",
            "morpheme": "대박/NNG"
          },
          {
            "id": 3,
            "text": "2 : 그럼 지하철 운행도 멈춘 거 아니야?",
            "norm_text": "그럼 지하철 운행도 멈춘 거 아니야?",
            "speaker": {
              "id": "2번",
              "sex": "여성",
              "age": "20대"
            },
            "speechAct": "(지시) 질문하기",
            "morpheme": "그럼/MAJ+지하철/NNG+운행/NNG+도/JX+멈춘/VV+ETM+거/NNB+아니/VCN+야/EF"
          },
          {
            "id": 4,
            "text": "3 : 헐! 너 진짜 무서웠겠다!",
            "norm_text": "헐! 너 진짜 무서웠겠다!",
            "speaker": {
              "id": "3번",
              "sex": "남성",
              "age": "10대"
            },
            "speechAct": "(단언) 주장하기",
            "morpheme": "헐/IC+너/NP+진짜/MAG+무서웠/VA+EP+겠/EP+다/EF"
          },
          {
            "id": 5,
            "text": "1 : 응 맞아,",
            "norm_text": "응 맞아,",
            "speaker": {
              "id": "1번",
              "sex": "여성",
              "age": "20대"
            },
            "speechAct": "(단언) 주장하기",
            "morpheme": "응/IC+맞아/IC+,/SC"
          },
          {
            "id": 6,
            "text": "1 : 아예 멈췄어!",
            "norm_text": "아예 멈췄어!",
            "speaker": {
              "id": "1번",
              "sex": "여성",
              "age": "20대"
            },
            "speechAct": "(단언) 진술하기",
            "morpheme": "아예/MAG+멈췄/VV+EP+어/EF"
          },
          {
            "id": 7,
            "text": "2 : 사람들 다치거나 한 사람은 없지?",
            "norm_text": "사람들 다치거나 한 사람은 없지?",
            "speaker": {
              "id": "2번",
              "sex": "여성",
              "age": "20대"
            },
            "speechAct": "(지시) 질문하기",
            "morpheme": "사람/NNG+들/XSN+다치/VV+거나/EC+한/MM+사람/NNG+은/JX+없/VA+지/EF"
          },
          {
            "id": 8,
            "text": "2 : 너 괜찮아?",
            "norm_text": "너 괜찮아?",
            "speaker": {
              "id": "2번",
              "sex": "여성",
              "age": "20대"
            },
            "speechAct": "(지시) 질문하기",
            "morpheme": "너/NP+괜찮/VA+아/EF"
          },
          {
            "id": 9,
            "text": "3 : 헐... 아니",
            "norm_text": "헐... 아니",
            "speaker": {
              "id": "3번",
              "sex": "남성",
              "age": "10대"
            },
            "speechAct": "(단언) 주장하기",
            "morpheme": "헐/IC+./SY+아니/IC"
          },
          {
            "id": 10,
            "text": "3 : 아예 멈춘 거야?",
            "norm_text": "아예 멈춘 거야?",
            "speaker": {
              "id": "3번",
              "sex": "남성",
              "age": "10대"
            },
            "speechAct": "(지시) 질문하기",
            "morpheme": "아예/MAG+멈춘/VV+ETM+거/NNB+야/VCP+EF"
          },
          {
            "id": 11,
            "text": "1 : 응 아예 멈춰서 사람들이 무서워했어 ㅠ",
            "norm_text": "응 아예 멈춰서 사람들이 무서워했어 ㅠ",
            "speaker": {
              "id": "1번",
              "sex": "여성",
              "age": "20대"
            },
            "speechAct": "(단언) 진술하기",
            "morpheme": "응/IC+아예/MAG+멈춰/VV+EP+서/EC+사람/NNG+들/XSN+이/JKS+무서워했/VV+EP+어ㅠ/UNKNOWN"
          },
          {
            "id": 12,
            "text": "2 : 맞아",
            "norm_text": "맞아",
            "speaker": {
              "id": "2번",
              "sex": "여성",
              "age": "20대"
            },
            "speechAct": "(단언) 주장하기",
            "morpheme": "맞/VV+아/EC"
          },
          {
            "id": 13,
            "text": "2 : 아무것도 안 보이고 핸드폰 불빛으로 있었겠네 ㅠㅠ",
            "norm_text": "아무것도 안 보이고 핸드폰 불빛으로 있었겠네 ㅠㅠ",
            "speaker": {
              "id": "2번",
              "sex": "여성",
              "age": "20대"
            },
            "speechAct": "(단언) 주장하기",
            "morpheme": "아무것/NP+도/JX+안/MAG+보이/VV+고/EC+핸드폰/NNG+불빛/NNG+으로/JKB+있/VV+었/EP+겠/EP+네/EF+ㅠㅠ/UNKNOWN"
          },
          {
            "id": 14,
            "text": "3 : 그러게 나도 갑자기 멈추면 무서울 거 같아 ㅠ",
            "norm_text": "그러게 나도 갑자기 멈추면 무서울 거 같아 ㅠ",
            "speaker": {
              "id": "3번",
              "sex": "남성",
              "age": "10대"
            },
            "speechAct": "(단언) 주장하기",
            "morpheme": "그러게/IC+나/NP+도/JX+갑자기/MAG+멈추/VV+면/EC+무서울/VA+ETM+거/NNB+같/VA+아/EC+ㅠ/UNKNOWN"
          },
          {
            "id": 15,
            "text": "1 : 응 근데 5분 만에 불이 들어오더라 하하",
            "norm_text": "응 근데 5분 만에 불이 들어오더라 하하",
            "speaker": {
              "id": "1번",
              "sex": "여성",
              "age": "20대"
            },
            "speechAct": "(단언) 진술하기",
            "morpheme": "응/IC+근데/MAJ+5/SN+분/NNBC+만/NNB+에/JKB+불/NNG+이/JKS+들어오/VV+더라/EC+하하/MAG"
          },
          {
            "id": 16,
            "text": "2 : 그래도 빠르게 대처가 돼서 다행이네 ㅠㅠ",
            "norm_text": "그래도 빠르게 대처가 돼서 다행이네 ㅠㅠ",
            "speaker": {
              "id": "2번",
              "sex": "여성",
              "age": "20대"
            },
            "speechAct": "(단언) 주장하기",
            "morpheme": "그래도/MAJ+빠르/VA+게/EC+대처/NNG+가/JKS+돼서/VV+EC+다행/NNG+이/VCP+네/EF+ㅠㅠ/UNKNOWN"
          },
          {
            "id": 17,
            "text": "3 : 그래도 빨리 들어와서 다행이다 하하",
            "norm_text": "그래도 빨리 들어와서 다행이다 하하",
            "speaker": {
              "id": "3번",
              "sex": "남성",
              "age": "10대"
            },
            "speechAct": "(단언) 주장하기",
            "morpheme": "그래도/MAJ+빨리/MAG+들어와서/VV+EC+다행/NNG+이/JKS+다/MAG+하하/MAG"
          },
          {
            "id": 18,
            "text": "1 : 응 그래도 대처를 빨리 해 줘서 좋았어",
            "norm_text": "응 그래도 대처를 빨리 해 줘서 좋았어",
            "speaker": {
              "id": "1번",
              "sex": "여성",
              "age": "20대"
            },
            "speechAct": "(단언) 진술하기",
            "morpheme": "응/IC+그래도/MAJ+대처/NNG+를/JKO+빨리/MAG+해/VV+EC+줘서/VX+EC+좋/VA+았/EP+어/EC"
          },
          {
            "id": 19,
            "text": "2 : 그럴 때 너무 긴장하지 말고 항상 침착해야 해!",
            "norm_text": "그럴 때 너무 긴장하지 말고 항상 침착해야 해!",
            "speaker": {
              "id": "2번",
              "sex": "여성",
              "age": "20대"
            },
            "speechAct": "(단언) 주장하기",
            "morpheme": "그럴/VA+ETM+때/NNG+너무/MAG+긴장/NNG+하/XSV+지/EC+말/VX+고/EC+항상/MAG+침착/NNG+해야/XSV+EC+해/VX+EF"
          },
          {
            "id": 20,
            "text": "3 : 대처 빠르게 해 주시는 게 가장 좋지",
            "norm_text": "대처 빠르게 해 주시는 게 가장 좋지",
            "speaker": {
              "id": "3번",
              "sex": "남성",
              "age": "10대"
            },
            "speechAct": "(단언) 주장하기",
            "morpheme": "대처/NNG+빠르/VA+게/EC+해/VV+EC+주/VX+시/EP+는/ETM+게/NNB+JKS+가장/MAG+좋/VA+지/EC"
          },
          {
            "id": 21,
            "text": "1 : 맞아,",
            "norm_text": "맞아,",
            "speaker": {
              "id": "1번",
              "sex": "여성",
              "age": "20대"
            },
            "speechAct": "(단언) 주장하기",
            "morpheme": "맞/VV+아/EC+,/SC"
          },
          {
            "id": 22,
            "text": "1 : 근데 진짜 심장이 빨리 뛰더라",
            "norm_text": "근데 진짜 심장이 빨리 뛰더라",
            "speaker": {
              "id": "1번",
              "sex": "여성",
              "age": "20대"
            },
            "speechAct": "(단언) 주장하기",
            "morpheme": "근데/MAJ+진짜/MAG+심장/NNG+이/JKS+빨리/MAG+뛰/VV+더라/EC"
          },
          {
            "id": 23,
            "text": "2 : 세상 이런 일도 있다니 ㅠㅠ",
            "norm_text": "세상 이런 일도 있다니 ㅠㅠ",
            "speaker": {
              "id": "2번",
              "sex": "여성",
              "age": "20대"
            },
            "speechAct": "(단언) 주장하기",
            "morpheme": "세상/NNG+이런/MM+일/NNG+도/JX+있/VA+다니/EC+ㅠㅠ/UNKNOWN"
          },
          {
            "id": 24,
            "text": "2 : 그래도 무사한 게 다행이야~",
            "norm_text": "그래도 무사한 게 다행이야~",
            "speaker": {
              "id": "2번",
              "sex": "여성",
              "age": "20대"
            },
            "speechAct": "(단언) 주장하기",
            "morpheme": "그래도/MAJ+무사/XR+한/XSA+ETM+게/NNB+JKS+다행/NNG+이/VCP+야/EC+~/SY"
          },
          {
            "id": 25,
            "text": "3 : 그럴 땐 진짜 침착하게 있어야 해!",
            "norm_text": "그럴 땐 진짜 침착하게 있어야 해!",
            "speaker": {
              "id": "3번",
              "sex": "남성",
              "age": "10대"
            },
            "speechAct": "(지시) 충고/제안하기",
            "morpheme": "그럴/VA+ETM+땐/NNG+JX+진짜/MAG+침착/NNG+하/XSV+게/EC+있/VX+어야/EC+해/VX+EF"
          }
        ]
      }
    }
  ]
}