{
  "dataset": {
    "identifier": 114245,
    "name": "NATEON_34_18_set",
    "src_path": "/data/file/cubeManager/PROJECT001/80/txt20211103154238019965/NATEON_34_18_set/",
    "label_path": "/data/file/cubeManager/PROJECT001/80/txt20211103154238019965/NATEON_34_18_set/",
    "category": 2,
    "type": 0
  },
  "licenses": {
    "name": "Apache License 1.0",
    "url": "http://www.apache.org/licenses/LICENSE-1.0"
  },
  "info": [
    {
      "id": 135473,
      "filename": "NATEON_34_18.txt",
      "title": "NATEON_34_18",
      "mediatype": "메신저",
      "medianame": "네이트온",
      "category": "일상대화",
      "date": "2021-11-03",
      "size": 424,
      "annotations": {
        "subject": "상거래 전반",
        "speaker_type": "다자간 대화",
        "size": 424,
        "word_size": 146,
        "text": "1 : 나 이번에 아이허브로 영양제 샀어\n2 : 아이허브?\n2 : 그건 어디 거야?\n2 : 유명한데야?\n3 : 요즘 그거 많이 쓰더라\n1 : 응 약간 약의 아마존 느낌?\n2 : 뭐야 왜 또 나만 모르는 거야 ㅠㅠ\n3 : 거기에 여러가지 많이 팔더라\n1 : 헐, 너 아마존 몰라?\n1 : 11번가 같은 거\n2 : 아아 쇼핑몰 이름이였어?...\n2 : 난 약 말하는 줄 키키\n3 : 요즘에 해외 사이트에서 많이 사던데?\n1 : 응 약간 우리나라 쥐마켓 이런거\n2 : 아항 나도 한번 거기 들어가봐야겠다 하하\n3 : 맞아 해외라서 종류도 더 다양해\n1 : 그래 요즘에 직구 같은 거도 많이 하니까\n2 : 오 그럼 나도 직구 한번 해봐야겠네 하하\n3 : 세상 참 편해졌어 그치\n1 : 응 하하  예전엔 직구 같은 거도 없었는데\n2 : 그러니까 요즘 직구도 엄청 간편해 키키\n3 : 맞아 직구도 진짜 편해",
        "lines": [
          {
            "id": 1,
            "text": "1 : 나 이번에 아이허브로 영양제 샀어",
            "norm_text": "나 이번에 아이허브로 영양제 샀어",
            "speaker": {
              "id": "1번",
              "sex": "여성",
              "age": "20대"
            },
            "speechAct": "(단언) 진술하기",
            "morpheme": "나/NP+이번/NNG+에/JKB+아이/NNG+허브/NNG+로/JKB+영양제/NNG+샀/VV+EP+어/EC"
          },
          {
            "id": 2,
            "text": "2 : 아이허브?",
            "norm_text": "아이허브?",
            "speaker": {
              "id": "2번",
              "sex": "여성",
              "age": "20대"
            },
            "speechAct": "(지시) 질문하기",
            "morpheme": "아이/IC+허브/NNP"
          },
          {
            "id": 3,
            "text": "2 : 그건 어디 거야?",
            "norm_text": "그건 어디 거야?",
            "speaker": {
              "id": "2번",
              "sex": "여성",
              "age": "20대"
            },
            "speechAct": "(지시) 질문하기",
            "morpheme": "그건/NP+JX+어디/NP+거/NNB+야/VCP+EF"
          },
          {
            "id": 4,
            "text": "2 : 유명한데야?",
            "norm_text": "유명한데야?",
            "speaker": {
              "id": "2번",
              "sex": "여성",
              "age": "20대"
            },
            "speechAct": "(지시) 질문하기",
            "morpheme": "유명/NNG+한/XSA+ETM+데/NNB+야/VCP+EF"
          },
          {
            "id": 5,
            "text": "3 : 요즘 그거 많이 쓰더라",
            "norm_text": "요즘 그거 많이 쓰더라",
            "speaker": {
              "id": "3번",
              "sex": "남성",
              "age": "20대"
            },
            "speechAct": "(단언) 진술하기",
            "morpheme": "요즘/MAG+그거/NP+많이/MAG+쓰/VV+더라/EC"
          },
          {
            "id": 6,
            "text": "1 : 응 약간 약의 아마존 느낌?",
            "norm_text": "응 약간 약의 아마존 느낌?",
            "speaker": {
              "id": "1번",
              "sex": "여성",
              "age": "20대"
            },
            "speechAct": "(단언) 진술하기",
            "morpheme": "응/IC+약간/MAG+약/NNG+의/JKG+아마존/NNG+느낌/NNG"
          },
          {
            "id": 7,
            "text": "2 : 뭐야 왜 또 나만 모르는 거야 ㅠㅠ",
            "norm_text": "뭐야 왜 또 나만 모르는 거야 ㅠㅠ",
            "speaker": {
              "id": "2번",
              "sex": "여성",
              "age": "20대"
            },
            "speechAct": "(단언) 진술하기",
            "morpheme": "뭐/NP+야/VCP+EF+왜/MAG+또/MAG+나/NP+만/JX+모르/VV+는/ETM+거/NNB+야/VCP+EF+ㅠㅠ/UNKNOWN"
          },
          {
            "id": 8,
            "text": "3 : 거기에 여러가지 많이 팔더라",
            "norm_text": "거기에 여러가지 많이 팔더라",
            "speaker": {
              "id": "3번",
              "sex": "남성",
              "age": "20대"
            },
            "speechAct": "(단언) 진술하기",
            "morpheme": "거기/NP+에/JKB+여러/MM+가지/NNBC+많이/MAG+팔/VV+더라/EC"
          },
          {
            "id": 9,
            "text": "1 : 헐, 너 아마존 몰라?",
            "norm_text": "헐, 너 아마존 몰라?",
            "speaker": {
              "id": "1번",
              "sex": "여성",
              "age": "20대"
            },
            "speechAct": "(지시) 질문하기",
            "morpheme": "헐/IC+,/SC+너/NP+아마존/NNP+몰라/VV+EF"
          },
          {
            "id": 10,
            "text": "1 : 11번가 같은 거",
            "norm_text": "11번가 같은 거",
            "speaker": {
              "id": "1번",
              "sex": "여성",
              "age": "20대"
            },
            "speechAct": "(단언) 진술하기",
            "morpheme": "11/SN+번/NNBC+가/JKS+같/VA+은/ETM+거/NNB"
          },
          {
            "id": 11,
            "text": "2 : 아아 쇼핑몰 이름이였어?...",
            "norm_text": "아아 쇼핑몰 이름이였어?...",
            "speaker": {
              "id": "2번",
              "sex": "여성",
              "age": "20대"
            },
            "speechAct": "(지시) 질문하기",
            "morpheme": "아아/IC+쇼핑몰/NNG+이름/NNG+이/VCP+였/EP+어/EF+./SY+./SY"
          },
          {
            "id": 12,
            "text": "2 : 난 약 말하는 줄 키키",
            "norm_text": "난 약 말하는 줄 키키",
            "speaker": {
              "id": "2번",
              "sex": "여성",
              "age": "20대"
            },
            "speechAct": "(단언) 진술하기",
            "morpheme": "난/NP+JX+약/MM+말/NNG+하/XSV+는/ETM+줄/NNB+키/NNG+키/XSV+ETN"
          },
          {
            "id": 13,
            "text": "3 : 요즘에 해외 사이트에서 많이 사던데?",
            "norm_text": "요즘에 해외 사이트에서 많이 사던데?",
            "speaker": {
              "id": "3번",
              "sex": "남성",
              "age": "20대"
            },
            "speechAct": "(단언) 진술하기",
            "morpheme": "요즘/NNG+에/JKB+해외/NNG+사이트/NNG+에서/JKB+많이/MAG+사/VV+던데/EF"
          },
          {
            "id": 14,
            "text": "1 : 응 약간 우리나라 쥐마켓 이런거",
            "norm_text": "응 약간 우리나라 쥐마켓 이런거",
            "speaker": {
              "id": "1번",
              "sex": "여성",
              "age": "20대"
            },
            "speechAct": "(단언) 진술하기",
            "morpheme": "응/IC+약간/MAG+우리/NP+나라/NNG+쥐/NNG+마켓/NNP+이런/MM+거/NNB"
          },
          {
            "id": 15,
            "text": "2 : 아항 나도 한번 거기 들어가봐야겠다 하하",
            "norm_text": "아항 나도 한번 거기 들어가봐야겠다 하하",
            "speaker": {
              "id": "2번",
              "sex": "여성",
              "age": "20대"
            },
            "speechAct": "(단언) 진술하기",
            "morpheme": "아항/IC+나/NP+도/JX+한번/MAG+거기/NP+들어가/VV+봐야/EC+VX+EC+VX+겠/EP+다/EF+하하/MAG"
          },
          {
            "id": 16,
            "text": "3 : 맞아 해외라서 종류도 더 다양해",
            "norm_text": "맞아 해외라서 종류도 더 다양해",
            "speaker": {
              "id": "3번",
              "sex": "남성",
              "age": "20대"
            },
            "speechAct": "(단언) 진술하기",
            "morpheme": "맞/VV+아/EC+해외/NNG+라서/VCP+EC+종류/NNG+도/JX+더/MAG+다양/NNG+해/XSV+EC"
          },
          {
            "id": 17,
            "text": "1 : 그래 요즘에 직구 같은 거도 많이 하니까",
            "norm_text": "그래 요즘에 직구 같은 거도 많이 하니까",
            "speaker": {
              "id": "1번",
              "sex": "여성",
              "age": "20대"
            },
            "speechAct": "(단언) 진술하기",
            "morpheme": "그래/IC+요즘/NNG+에/JKB+직구/NNG+같/VA+은/ETM+거/NNB+도/JX+많이/MAG+하/VV+니까/EC"
          },
          {
            "id": 18,
            "text": "2 : 오 그럼 나도 직구 한번 해봐야겠네 하하",
            "norm_text": "오 그럼 나도 직구 한번 해봐야겠네 하하",
            "speaker": {
              "id": "2번",
              "sex": "여성",
              "age": "20대"
            },
            "speechAct": "(단언) 진술하기",
            "morpheme": "오/IC+그럼/MAJ+나/NP+도/JX+직구/NNG+한번/NNG+해봐야/XSV+EC+VX+EC+VX+겠/EP+네/EF+하하/MAG"
          },
          {
            "id": 19,
            "text": "3 : 세상 참 편해졌어 그치",
            "norm_text": "세상 참 편해졌어 그치",
            "speaker": {
              "id": "3번",
              "sex": "남성",
              "age": "20대"
            },
            "speechAct": "(단언) 진술하기",
            "morpheme": "세상/NNG+참/MAG+편해졌/VA+EC+VX+EP+어/EF+그치/IC"
          },
          {
            "id": 20,
            "text": "1 : 응 하하  예전엔 직구 같은 거도 없었는데",
            "norm_text": "응 하하  예전엔 직구 같은 거도 없었는데",
            "speaker": {
              "id": "1번",
              "sex": "여성",
              "age": "20대"
            },
            "speechAct": "(단언) 진술하기",
            "morpheme": "응/IC+하하/MAG+예전/NNG+엔/JKB+JX+직구/NNG+같/VA+은/ETM+거/NNB+도/JX+없/VA+었/EP+는데/EC"
          },
          {
            "id": 21,
            "text": "2 : 그러니까 요즘 직구도 엄청 간편해 키키",
            "norm_text": "그러니까 요즘 직구도 엄청 간편해 키키",
            "speaker": {
              "id": "2번",
              "sex": "여성",
              "age": "20대"
            },
            "speechAct": "(단언) 주장하기",
            "morpheme": "그러니까/MAJ+요즘/MAG+직구/NNG+도/JX+엄청/MAG+간편/XR+해/XSA+EC+키/NNG+키/XSV+ETN"
          },
          {
            "id": 22,
            "text": "3 : 맞아 직구도 진짜 편해",
            "norm_text": "맞아 직구도 진짜 편해",
            "speaker": {
              "id": "3번",
              "sex": "남성",
              "age": "20대"
            },
            "speechAct": "(단언) 주장하기",
            "morpheme": "맞/VV+아/EC+직구/NNG+도/JX+진짜/MAG+편해/VA+EC"
          }
        ]
      }
    }
  ]
}