{
  "dataset": {
    "identifier": 112985,
    "name": "NATEON_33_18_set",
    "src_path": "/data/file/cubeManager/PROJECT001/80/txt20211102173312098850/NATEON_33_18_set/",
    "label_path": "/data/file/cubeManager/PROJECT001/80/txt20211102173312098850/NATEON_33_18_set/",
    "category": 2,
    "type": 0
  },
  "licenses": {
    "name": "Apache License 1.0",
    "url": "http://www.apache.org/licenses/LICENSE-1.0"
  },
  "info": [
    {
      "id": 131870,
      "filename": "NATEON_33_18.txt",
      "title": "NATEON_33_18",
      "mediatype": "메신저",
      "medianame": "네이트온",
      "category": "일상대화",
      "date": "2021-11-02",
      "size": 425,
      "annotations": {
        "subject": "상거래 전반",
        "speaker_type": "다자간 대화",
        "size": 425,
        "word_size": 140,
        "text": "1 : 나 이번에 쇼핑몰에서 락토핏 샀어\n2 : 락토핏?\n2 : 그거 다이어트 약 말하는건가?\n3 : 오 티비에서 하는 홈쇼핑에서?\n1 : 아니 하하 유산균인데 몸에 좋은거야\n2 : 아 그 약병처럼 생긴 그거 말하는거 맞지?\n3 : 요즘엔 홈쇼핑 앱도 있던데\n1 : 응 하하 약병처럼 생긴거!\n1 : 앱으로 사니까 더 저렴하더라\n2 : 엄청 유행 하긴 했었는데 키키\n2 : 얼마나 할인 받았어?\n3 : 맞아 요즘 쿠폰도 많이주고\n1 : 나 거의 반값에 산거같아 하하\n2 : 헐 대박 지금 행사 하고 있나보네?\n3 : 오 나도 좀 알려주지ㅜ\n1 : 지금도 티비에서 하고있어! 봐봐\n2 : 내 친구도 그거 먹던데 알려줘야겠다 키키\n3 : 그래?\n3 : 그럼 나도 봐야겠다\n1 : 응 하하 티비로 보고 앱으로 사!\n2 : 설명 듣고 결제는 앱으로 해버리기~\n3 : 그래야겠다\n3 : 나도 쿠폰 다운받아야지",
        "lines": [
          {
            "id": 1,
            "text": "1 : 나 이번에 쇼핑몰에서 락토핏 샀어",
            "norm_text": "나 이번에 쇼핑몰에서 락토핏 샀어",
            "speaker": {
              "id": "1번",
              "sex": "여성",
              "age": "20대"
            },
            "speechAct": "(단언) 주장하기",
            "morpheme": "나/NP+이번/NNG+에/JKB+쇼핑몰/NNG+에서/JKB+락/NNG+토/XSV+EC+핏/NNG+샀/VV+EP+어/EC"
          },
          {
            "id": 2,
            "text": "2 : 락토핏?",
            "norm_text": "락토핏?",
            "speaker": {
              "id": "2번",
              "sex": "여성",
              "age": "20대"
            },
            "speechAct": "(단언) 주장하기",
            "morpheme": "락토핏/UNKNOWN"
          },
          {
            "id": 3,
            "text": "2 : 그거 다이어트 약 말하는건가?",
            "norm_text": "그거 다이어트 약 말하는건가?",
            "speaker": {
              "id": "2번",
              "sex": "여성",
              "age": "20대"
            },
            "speechAct": "(지시) 질문하기",
            "morpheme": "그거/NP+다이어트/NNG+약/NNG+말/NNG+하/XSV+는/ETM+건가/NNB+VCP+EF"
          },
          {
            "id": 4,
            "text": "3 : 오 티비에서 하는 홈쇼핑에서?",
            "norm_text": "오 티비에서 하는 홈쇼핑에서?",
            "speaker": {
              "id": "3번",
              "sex": "남성",
              "age": "20대"
            },
            "speechAct": "(지시) 질문하기",
            "morpheme": "오/NR+티비/NNG+에서/JKB+하/VV+는/ETM+홈/NNG+쇼핑/NNG+에서/JKB"
          },
          {
            "id": 5,
            "text": "1 : 아니 하하 유산균인데 몸에 좋은거야",
            "norm_text": "아니 하하 유산균인데 몸에 좋은거야",
            "speaker": {
              "id": "1번",
              "sex": "여성",
              "age": "20대"
            },
            "speechAct": "(단언) 주장하기",
            "morpheme": "아니/IC+하하/MAG+유산균/NNG+인데/VCP+EC+몸/NNG+에/JKB+좋/VA+은/ETM+거/NNB+야/VCP+EF"
          },
          {
            "id": 6,
            "text": "2 : 아 그 약병처럼 생긴 그거 말하는거 맞지?",
            "norm_text": "아 그 약병처럼 생긴 그거 말하는거 맞지?",
            "speaker": {
              "id": "2번",
              "sex": "여성",
              "age": "20대"
            },
            "speechAct": "(지시) 질문하기",
            "morpheme": "아/IC+그/MM+약병/NNG+처럼/JKB+생긴/VV+ETM+그거/NP+말/NNG+하/XSV+는/ETM+거/NNB+맞/VV+지/EF"
          },
          {
            "id": 7,
            "text": "3 : 요즘엔 홈쇼핑 앱도 있던데",
            "norm_text": "요즘엔 홈쇼핑 앱도 있던데",
            "speaker": {
              "id": "3번",
              "sex": "남성",
              "age": "20대"
            },
            "speechAct": "(단언) 주장하기",
            "morpheme": "요즘/NNG+엔/JKB+JX+홈/NNG+쇼핑/NNG+앱/NNG+도/JX+있/VA+던데/EC"
          },
          {
            "id": 8,
            "text": "1 : 응 하하 약병처럼 생긴거!",
            "norm_text": "응 하하 약병처럼 생긴거!",
            "speaker": {
              "id": "1번",
              "sex": "여성",
              "age": "20대"
            },
            "speechAct": "(단언) 주장하기",
            "morpheme": "응/IC+하하/MAG+약병/NNG+처럼/JKB+생긴/VV+ETM+거/NNB"
          },
          {
            "id": 9,
            "text": "1 : 앱으로 사니까 더 저렴하더라",
            "norm_text": "앱으로 사니까 더 저렴하더라",
            "speaker": {
              "id": "1번",
              "sex": "여성",
              "age": "20대"
            },
            "speechAct": "(단언) 주장하기",
            "morpheme": "앱/NNG+으로/JKB+사/VV+니까/EC+더/MAG+저렴/XR+하/XSA+더라/EC"
          },
          {
            "id": 10,
            "text": "2 : 엄청 유행 하긴 했었는데 키키",
            "norm_text": "엄청 유행 하긴 했었는데 키키",
            "speaker": {
              "id": "2번",
              "sex": "여성",
              "age": "20대"
            },
            "speechAct": "(단언) 주장하기",
            "morpheme": "엄청/MAG+유행/NNG+하/XSV+긴/ETN+JX+했었/VX+EP+는데/EC+키/NNG+키/XSV+ETN"
          },
          {
            "id": 11,
            "text": "2 : 얼마나 할인 받았어?",
            "norm_text": "얼마나 할인 받았어?",
            "speaker": {
              "id": "2번",
              "sex": "여성",
              "age": "20대"
            },
            "speechAct": "(지시) 질문하기",
            "morpheme": "얼마나/MAG+할인/NNG+받/VV+았/EP+어/EF"
          },
          {
            "id": 12,
            "text": "3 : 맞아 요즘 쿠폰도 많이주고",
            "norm_text": "맞아 요즘 쿠폰도 많이주고",
            "speaker": {
              "id": "3번",
              "sex": "남성",
              "age": "20대"
            },
            "speechAct": "(단언) 주장하기",
            "morpheme": "맞/VV+아/EC+요즘/NNG+쿠폰/NNG+도/JX+많이/MAG+주/VV+고/EC"
          },
          {
            "id": 13,
            "text": "1 : 나 거의 반값에 산거같아 하하",
            "norm_text": "나 거의 반값에 산거같아 하하",
            "speaker": {
              "id": "1번",
              "sex": "여성",
              "age": "20대"
            },
            "speechAct": "(단언) 주장하기",
            "morpheme": "나/NP+거의/MAG+반값/NNG+에/JKB+산/VV+ETM+거/NNB+같/VA+아/EC+하하/MAG"
          },
          {
            "id": 14,
            "text": "2 : 헐 대박 지금 행사 하고 있나보네?",
            "norm_text": "헐 대박 지금 행사 하고 있나보네?",
            "speaker": {
              "id": "2번",
              "sex": "여성",
              "age": "20대"
            },
            "speechAct": "(단언) 주장하기",
            "morpheme": "헐/IC+대박/NNG+지금/MAG+행사/NNG+하/XSV+고/EC+있/VX+나/EC+보/VX+네/EF"
          },
          {
            "id": 15,
            "text": "3 : 오 나도 좀 알려주지ㅜ",
            "norm_text": "오 나도 좀 알려주지ㅜ",
            "speaker": {
              "id": "3번",
              "sex": "남성",
              "age": "20대"
            },
            "speechAct": "(단언) 주장하기",
            "morpheme": "오/IC+나/NP+도/JX+좀/MAG+알려/VV+EC+주/VX+지/EF+ㅜ/UNKNOWN"
          },
          {
            "id": 16,
            "text": "1 : 지금도 티비에서 하고있어! 봐봐",
            "norm_text": "지금도 티비에서 하고있어! 봐봐",
            "speaker": {
              "id": "1번",
              "sex": "여성",
              "age": "20대"
            },
            "speechAct": "(단언) 주장하기",
            "morpheme": "지금/NNG+도/JX+티비/NNG+에서/JKB+하/VV+고/EC+있/VX+어/EF+봐/VV+EC+봐/VX+EC"
          },
          {
            "id": 17,
            "text": "2 : 내 친구도 그거 먹던데 알려줘야겠다 키키",
            "norm_text": "내 친구도 그거 먹던데 알려줘야겠다 키키",
            "speaker": {
              "id": "2번",
              "sex": "여성",
              "age": "20대"
            },
            "speechAct": "(단언) 주장하기",
            "morpheme": "내/NP+JKG+친구/NNG+도/JX+그거/NP+먹/VV+던/ETM+데/NNB+알려/VV+EC+줘야/VX+EC+VX+겠/EP+다키키/NNP"
          },
          {
            "id": 18,
            "text": "3 : 그래?",
            "norm_text": "그래?",
            "speaker": {
              "id": "3번",
              "sex": "남성",
              "age": "20대"
            },
            "speechAct": "(단언) 주장하기",
            "morpheme": "그래/IC"
          },
          {
            "id": 19,
            "text": "3 : 그럼 나도 봐야겠다",
            "norm_text": "그럼 나도 봐야겠다",
            "speaker": {
              "id": "3번",
              "sex": "남성",
              "age": "20대"
            },
            "speechAct": "(단언) 주장하기",
            "morpheme": "그럼/MAJ+나/NP+도/JX+봐야/VX+EC+VV+겠/EP+다/EC"
          },
          {
            "id": 20,
            "text": "1 : 응 하하 티비로 보고 앱으로 사!",
            "norm_text": "응 하하 티비로 보고 앱으로 사!",
            "speaker": {
              "id": "1번",
              "sex": "여성",
              "age": "20대"
            },
            "speechAct": "(단언) 주장하기",
            "morpheme": "응/IC+하하/MAG+티비/NNG+로/JKB+보/VV+고/EC+앱/NNG+으로/JKB+사/VV+EF"
          },
          {
            "id": 21,
            "text": "2 : 설명 듣고 결제는 앱으로 해버리기~",
            "norm_text": "설명 듣고 결제는 앱으로 해버리기~",
            "speaker": {
              "id": "2번",
              "sex": "여성",
              "age": "20대"
            },
            "speechAct": "(단언) 주장하기",
            "morpheme": "설명/NNG+듣/VV+고/EC+결제/NNG+는/JX+앱/NNG+으로/JKB+해/VV+EC+버리/VX+기/ETN+~/SY"
          },
          {
            "id": 22,
            "text": "3 : 그래야겠다",
            "norm_text": "그래야겠다",
            "speaker": {
              "id": "3번",
              "sex": "남성",
              "age": "20대"
            },
            "speechAct": "(단언) 주장하기",
            "morpheme": "그래야/VA+EC+VX+겠/EP+다/EC"
          },
          {
            "id": 23,
            "text": "3 : 나도 쿠폰 다운받아야지",
            "norm_text": "나도 쿠폰 다운받아야지",
            "speaker": {
              "id": "3번",
              "sex": "남성",
              "age": "20대"
            },
            "speechAct": "(단언) 주장하기",
            "morpheme": "나/NP+도/JX+쿠폰/NNG+다운/XSA+ETM+받/VV+아야지/EC"
          }
        ]
      }
    }
  ]
}