{
  "dataset": {
    "identifier": 128859,
    "name": "NATEON_25_19_set",
    "src_path": "/data/file/cubeManager/PROJECT001/84/txt20211109145245016342/NATEON_25_19_set/",
    "label_path": "/data/file/cubeManager/PROJECT001/84/txt20211109145245016342/NATEON_25_19_set/",
    "category": 2,
    "type": 0
  },
  "licenses": {
    "name": "Apache License 1.0",
    "url": "http://www.apache.org/licenses/LICENSE-1.0"
  },
  "info": [
    {
      "id": 143364,
      "filename": "NATEON_25_19.txt",
      "title": "NATEON_25_19",
      "mediatype": "메신저",
      "medianame": "네이트온",
      "category": "일상대화",
      "date": "2021-11-09",
      "size": 742,
      "annotations": {
        "subject": "방송/연예",
        "speaker_type": "1:1",
        "size": 742,
        "word_size": 239,
        "text": "1 : 언니는 챙겨 보는 프로그램이 있어?\n2 : 나는 요즘에 대탈출!\n2 : 너는?\n1 : 아, 대탈출 새 시즌 하지?\n1 : 원래 챙겨 보는데 이번에 깜빡했다!\n1 : 나는 요즘엔 없는 거 같아.\n2 : 그럼 예전에는 뭐 챙겨봤어?\n1 : 예전엔 무한도전! 무조건 봤는데 ㅠㅠ\n1 : 언니도 그렇지?\n2 : 나 완전! 나 토요일 날 약속도 안 잡았었어 무한도전 봐야 돼서...\n2 : 너도 그 정도였어? 키키\n1 : 그럼! ^^ 엄청 좋아했었데\n1 : 미안. 난 토요일엔 잘 나가 놀았어 사실\n2 : 아 진정한 무한도전 팬이 아니었네\n2 : 나는 막 달력이랑 다이어리도 사고 그랬어 키키\n2 : 무한도전 덕질을 한 거 같아.\n1 : 헐 대박! 나도 무한도전 사진전 가고 달력도 샀어!\n2 : 사진전 미쳤다! 그거 일산에서 해서 내가 가려다가 진짜 너무 멀어서 못 갔었는데 키키\n1 : 맞아! 일산 MBC에서 해서 나는 친구들이랑 갔었어! 아마 중 3 때?\n2 : 너는 봤구나 신기하다\n2 : 막 가요제도 가고 싶어 가지고 갈까 말까 엄청 고민하고 그랬었는데\n2 : 가요제도 가봤어?\n1 : 아니 가요제는 못 가봤어 ㅠㅠ\n1 : 어릴 때라 교통편도 힘들고 사람들도 많아서 못 가봤지 뭐야~\n1 : 언니는 가 봤어?\n2 : 나 역시 못 갔지...\n2 : 실제로 만난 적이 없어 한 번도...\n2 : 너는 만나본 멤버 있어?\n1 : 응! 나 박명수, 정준하 하하 무도 말고 촬영하는 거 봤어!\n1 : 언니는?\n2 : 실제로 못 봤어!\n2 : 코로나 끝나고 보길 기다리는 중이야...!",
        "lines": [
          {
            "id": 1,
            "text": "1 : 언니는 챙겨 보는 프로그램이 있어?",
            "norm_text": "언니는 챙겨 보는 프로그램이 있어?",
            "speaker": {
              "id": "1번",
              "sex": "여성",
              "age": "20대"
            },
            "speechAct": "(지시) 질문하기",
            "morpheme": "언니/NNG+는/JX+챙겨/VV+EC+보/VX+는/ETM+프로그램/NNG+이/JKS+있/VA+어/EF"
          },
          {
            "id": 2,
            "text": "2 : 나는 요즘에 대탈출!",
            "norm_text": "나는 요즘에 대탈출!",
            "speaker": {
              "id": "2번",
              "sex": "여성",
              "age": "20대"
            },
            "speechAct": "(단언) 진술하기",
            "morpheme": "나/NP+는/JX+요즘/NNG+에/JKB+대탈출/NNP"
          },
          {
            "id": 3,
            "text": "2 : 너는?",
            "norm_text": "너는?",
            "speaker": {
              "id": "2번",
              "sex": "여성",
              "age": "20대"
            },
            "speechAct": "(지시) 질문하기",
            "morpheme": "너/NP+는/JX"
          },
          {
            "id": 4,
            "text": "1 : 아, 대탈출 새 시즌 하지?",
            "norm_text": "아, 대탈출 새 시즌 하지?",
            "speaker": {
              "id": "1번",
              "sex": "여성",
              "age": "20대"
            },
            "speechAct": "(지시) 질문하기",
            "morpheme": "아/IC+,/SC+대탈출/NNP+새/MM+시즌/NNG+하/XSA+지/EF"
          },
          {
            "id": 5,
            "text": "1 : 원래 챙겨 보는데 이번에 깜빡했다!",
            "norm_text": "원래 챙겨 보는데 이번에 깜빡했다!",
            "speaker": {
              "id": "1번",
              "sex": "여성",
              "age": "20대"
            },
            "speechAct": "(단언) 진술하기",
            "morpheme": "원래/MAG+챙겨/VV+EC+보/VX+는데/EC+이번/NNG+에/JKB+깜빡했/VV+EP+다/EF"
          },
          {
            "id": 6,
            "text": "1 : 나는 요즘엔 없는 거 같아.",
            "norm_text": "나는 요즘엔 없는 거 같아.",
            "speaker": {
              "id": "1번",
              "sex": "여성",
              "age": "20대"
            },
            "speechAct": "(단언) 진술하기",
            "morpheme": "나/NP+는/JX+요즘/NNG+엔/JKB+JX+없/VA+는/ETM+거/NNB+같/VA+아/EF"
          },
          {
            "id": 7,
            "text": "2 : 그럼 예전에는 뭐 챙겨봤어?",
            "norm_text": "그럼 예전에는 뭐 챙겨봤어?",
            "speaker": {
              "id": "2번",
              "sex": "여성",
              "age": "20대"
            },
            "speechAct": "(지시) 질문하기",
            "morpheme": "그럼/MAJ+예전/NNG+에/JKB+는/JX+뭐/IC+챙겨/VV+EC+봤/VX+EP+어/EF"
          },
          {
            "id": 8,
            "text": "1 : 예전엔 무한도전! 무조건 봤는데 ㅠㅠ",
            "norm_text": "예전엔 무한도전! 무조건 봤는데 ㅠㅠ",
            "speaker": {
              "id": "1번",
              "sex": "여성",
              "age": "20대"
            },
            "speechAct": "(단언) 진술하기",
            "morpheme": "예전/NNG+엔/JKB+JX+무한도전/NNP+무조건/MAG+봤/VV+EP+는데/EC+ㅠㅠ/UNKNOWN"
          },
          {
            "id": 9,
            "text": "1 : 언니도 그렇지?",
            "norm_text": "언니도 그렇지?",
            "speaker": {
              "id": "1번",
              "sex": "여성",
              "age": "20대"
            },
            "speechAct": "(지시) 질문하기",
            "morpheme": "언니/NNG+도/JX+그렇/VA+지/EF"
          },
          {
            "id": 10,
            "text": "2 : 나 완전! 나 토요일 날 약속도 안 잡았었어 무한도전 봐야 돼서...",
            "norm_text": "나 완전! 나 토요일 날 약속도 안 잡았었어 무한도전 봐야 돼서...",
            "speaker": {
              "id": "2번",
              "sex": "여성",
              "age": "20대"
            },
            "speechAct": "(단언) 진술하기",
            "morpheme": "나/NP+완전/MAG+나토요일날약속도안잡았었어무한도전봐야돼서/UNKNOWN+./SY"
          },
          {
            "id": 11,
            "text": "2 : 너도 그 정도였어? 키키",
            "norm_text": "너도 그 정도였어? 키키",
            "speaker": {
              "id": "2번",
              "sex": "여성",
              "age": "20대"
            },
            "speechAct": "(지시) 질문하기",
            "morpheme": "너/NP+도/JX+그/MM+정도/NNG+였/VCP+EP+어/EF+키/NNG+키/XSV+ETN"
          },
          {
            "id": 12,
            "text": "1 : 그럼! ^^ 엄청 좋아했었데",
            "norm_text": "그럼! ^^ 엄청 좋아했었데",
            "speaker": {
              "id": "1번",
              "sex": "여성",
              "age": "20대"
            },
            "speechAct": "(단언) 주장하기",
            "morpheme": "그럼/MAJ+^/SY+^/SY+엄청/MAG+좋/VA+아/EC+했었/VX+EP+데/EC"
          },
          {
            "id": 13,
            "text": "1 : 미안. 난 토요일엔 잘 나가 놀았어 사실",
            "norm_text": "미안. 난 토요일엔 잘 나가 놀았어 사실",
            "speaker": {
              "id": "1번",
              "sex": "여성",
              "age": "20대"
            },
            "speechAct": "(단언) 진술하기",
            "morpheme": "미안/IC+난/NP+JX+토요일/NNG+엔/JKB+JX+잘/MAG+나/NP+가/JKS+놀/VV+았/EP+어/EF+사실/MAG"
          },
          {
            "id": 14,
            "text": "2 : 아 진정한 무한도전 팬이 아니었네",
            "norm_text": "아 진정한 무한도전 팬이 아니었네",
            "speaker": {
              "id": "2번",
              "sex": "여성",
              "age": "20대"
            },
            "speechAct": "(단언) 진술하기",
            "morpheme": "아/IC+진정/XR+한/XSA+ETM+무한도전/NNP+팬/NNG+이/JKC+아니/VCN+었/EP+네/EF"
          },
          {
            "id": 15,
            "text": "2 : 나는 막 달력이랑 다이어리도 사고 그랬어 키키",
            "norm_text": "나는 막 달력이랑 다이어리도 사고 그랬어 키키",
            "speaker": {
              "id": "2번",
              "sex": "여성",
              "age": "20대"
            },
            "speechAct": "(단언) 진술하기",
            "morpheme": "나/NP+는/JX+막달/NNG+력/XSN+이랑/JC+다이어리/NNG+도/JX+사/VV+고/EC+그랬/VV+EP+어/EC+키/NNG+키/XSV+ETN"
          },
          {
            "id": 16,
            "text": "2 : 무한도전 덕질을 한 거 같아.",
            "norm_text": "무한도전 덕질을 한 거 같아.",
            "speaker": {
              "id": "2번",
              "sex": "여성",
              "age": "20대"
            },
            "speechAct": "(단언) 진술하기",
            "morpheme": "무한/NNG+도/JX+전덕/NNG+질/XSN+을/JKO+한/VV+ETM+거/NNB+같/VA+아/EF"
          },
          {
            "id": 17,
            "text": "1 : 헐 대박! 나도 무한도전 사진전 가고 달력도 샀어!",
            "norm_text": "헐 대박! 나도 무한도전 사진전 가고 달력도 샀어!",
            "speaker": {
              "id": "1번",
              "sex": "여성",
              "age": "20대"
            },
            "speechAct": "(단언) 진술하기",
            "morpheme": "헐/IC+대박/NNG+나/NP+도/JX+무한/NNG+도/JX+전사/NNG+진전/NNG+가/VV+고/EC+달력/NNG+도/JX+샀/VV+EP+어/EF"
          },
          {
            "id": 18,
            "text": "2 : 사진전 미쳤다! 그거 일산에서 해서 내가 가려다가 진짜 너무 멀어서 못 갔었는데 키키",
            "norm_text": "사진전 미쳤다! 그거 일산에서 해서 내가 가려다가 진짜 너무 멀어서 못 갔었는데 키키",
            "speaker": {
              "id": "2번",
              "sex": "여성",
              "age": "20대"
            },
            "speechAct": "(단언) 진술하기",
            "morpheme": "사진/NNG+전/NNG+미쳤/VV+EP+다/EF+그거/NP+일산/NNP+에서/JKB+해서/VV+EC+내/NP+가/JKS+가/VV+려다가/EC+진짜/MAG+너무/MAG+멀/VA+어서/EC+못/MAG+갔었/VV+EP+는데/EC+키/NNG+키/XSV+ETN"
          },
          {
            "id": 19,
            "text": "1 : 맞아! 일산 MBC에서 해서 나는 친구들이랑 갔었어! 아마 중 3 때?",
            "norm_text": "맞아! 일산 MBC에서 해서 나는 친구들이랑 갔었어! 아마 중 3 때?",
            "speaker": {
              "id": "1번",
              "sex": "여성",
              "age": "20대"
            },
            "speechAct": "(지시) 질문하기",
            "morpheme": "맞/VV+아/EF+일산/NNP+MBC/SL+에서/JKB+해서/VV+EC+나/NP+는/JX+친구/NNG+들/XSN+이랑/JKB+갔었/VV+EP+어/EF+아/IC+마중/NNG+3/SN+때/NNG"
          },
          {
            "id": 20,
            "text": "2 : 너는 봤구나 신기하다",
            "norm_text": "너는 봤구나 신기하다",
            "speaker": {
              "id": "2번",
              "sex": "여성",
              "age": "20대"
            },
            "speechAct": "(단언) 주장하기",
            "morpheme": "너/NP+는/JX+봤/VV+EP+구나/EF+신기/XR+하/XSA+다/EC"
          },
          {
            "id": 21,
            "text": "2 : 막 가요제도 가고 싶어 가지고 갈까 말까 엄청 고민하고 그랬었는데",
            "norm_text": "막 가요제도 가고 싶어 가지고 갈까 말까 엄청 고민하고 그랬었는데",
            "speaker": {
              "id": "2번",
              "sex": "여성",
              "age": "20대"
            },
            "speechAct": "(단언) 진술하기",
            "morpheme": "막/MAJ+가요제/NNG+도/JX+가/VV+고/EC+싶/VX+어/EC+가지/VX+고/EC+갈까/VV+EC+말/VX+까/EC+엄청/MAG+고민/NNG+하/XSV+고/EC+그랬었/VV+EP+는데/EC"
          },
          {
            "id": 22,
            "text": "2 : 가요제도 가봤어?",
            "norm_text": "가요제도 가봤어?",
            "speaker": {
              "id": "2번",
              "sex": "여성",
              "age": "20대"
            },
            "speechAct": "(지시) 질문하기",
            "morpheme": "가요/NNG+제도/NNG+가/JKS+봤/VV+EP+어/EF"
          },
          {
            "id": 23,
            "text": "1 : 아니 가요제는 못 가봤어 ㅠㅠ",
            "norm_text": "아니 가요제는 못 가봤어 ㅠㅠ",
            "speaker": {
              "id": "1번",
              "sex": "여성",
              "age": "20대"
            },
            "speechAct": "(단언) 진술하기",
            "morpheme": "아니/IC+가요제/NNG+는/JX+못/MAG+가/VV+EC+봤/VX+EP+어/EF+ㅠㅠ/UNKNOWN"
          },
          {
            "id": 24,
            "text": "1 : 어릴 때라 교통편도 힘들고 사람들도 많아서 못 가봤지 뭐야~",
            "norm_text": "어릴 때라 교통편도 힘들고 사람들도 많아서 못 가봤지 뭐야~",
            "speaker": {
              "id": "1번",
              "sex": "여성",
              "age": "20대"
            },
            "speechAct": "(단언) 진술하기",
            "morpheme": "어릴/VA+ETM+때/NNG+라/VCP+EC+교통편/NNG+도/JX+힘들/VA+고/EC+사람/NNG+들/XSN+도/JX+많/VA+아서/EC+못/MAG+가/VV+EC+봤/VX+EP+지/EF+뭐/NP+야/VCP+EF+~/SY"
          },
          {
            "id": 25,
            "text": "1 : 언니는 가 봤어?",
            "norm_text": "언니는 가 봤어?",
            "speaker": {
              "id": "1번",
              "sex": "여성",
              "age": "20대"
            },
            "speechAct": "(지시) 질문하기",
            "morpheme": "언니/NNG+는/JX+가/VV+EC+봤/VX+EP+어/EF"
          },
          {
            "id": 26,
            "text": "2 : 나 역시 못 갔지...",
            "norm_text": "나 역시 못 갔지...",
            "speaker": {
              "id": "2번",
              "sex": "여성",
              "age": "20대"
            },
            "speechAct": "(단언) 진술하기",
            "morpheme": "나/NP+역시/MAJ+못/MAG+갔/VV+EP+지/EF+./SY"
          },
          {
            "id": 27,
            "text": "2 : 실제로 만난 적이 없어 한 번도...",
            "norm_text": "실제로 만난 적이 없어 한 번도...",
            "speaker": {
              "id": "2번",
              "sex": "여성",
              "age": "20대"
            },
            "speechAct": "(단언) 진술하기",
            "morpheme": "실제로/MAG+만난/VV+ETM+적/NNB+이/JKS+없/VA+어/EC+한/MM+번/NNBC+도/JX+./SY+./SY"
          },
          {
            "id": 28,
            "text": "2 : 너는 만나본 멤버 있어?",
            "norm_text": "너는 만나본 멤버 있어?",
            "speaker": {
              "id": "2번",
              "sex": "여성",
              "age": "20대"
            },
            "speechAct": "(지시) 질문하기",
            "morpheme": "너/NP+는/JX+만나/VV+EC+본/VX+ETM+멤버/NNG+있/VA+어/EF"
          },
          {
            "id": 29,
            "text": "1 : 응! 나 박명수, 정준하 하하 무도 말고 촬영하는 거 봤어!",
            "norm_text": "응! 나 박명수, 정준하 하하 무도 말고 촬영하는 거 봤어!",
            "speaker": {
              "id": "1번",
              "sex": "여성",
              "age": "20대"
            },
            "speechAct": "(단언) 진술하기",
            "morpheme": "응/IC+나/NP+박명수/NNP+,/SC+정준/NNG+하하/MAG+하무/NNG+도/JX+말/VX+고/EC+촬영/NNG+하/XSV+는/ETM+거/NNB+봤/VV+EP+어/EF"
          },
          {
            "id": 30,
            "text": "1 : 언니는?",
            "norm_text": "언니는?",
            "speaker": {
              "id": "1번",
              "sex": "여성",
              "age": "20대"
            },
            "speechAct": "(지시) 질문하기",
            "morpheme": "언니/NNG+는/JX"
          },
          {
            "id": 31,
            "text": "2 : 실제로 못 봤어!",
            "norm_text": "실제로 못 봤어!",
            "speaker": {
              "id": "2번",
              "sex": "여성",
              "age": "20대"
            },
            "speechAct": "(단언) 진술하기",
            "morpheme": "실제로/MAG+못/MAG+봤/VV+EP+어/EF"
          },
          {
            "id": 32,
            "text": "2 : 코로나 끝나고 보길 기다리는 중이야...!",
            "norm_text": "코로나 끝나고 보길 기다리는 중이야...!",
            "speaker": {
              "id": "2번",
              "sex": "여성",
              "age": "20대"
            },
            "speechAct": "(단언) 진술하기",
            "morpheme": "코로나/NNG+끝/NNG+나/VV+고/EC+보/VX+길/ETN+JKO+기다리/VV+는/ETM+중/NNB+이/VCP+야/EF+./SY+./SY"
          }
        ]
      }
    }
  ]
}