{
  "dataset": {
    "identifier": 127931,
    "name": "NATEON_39_06_set",
    "src_path": "/data/file/cubeManager/PROJECT001/84/txt202111081812250697109/NATEON_39_06_set/",
    "label_path": "/data/file/cubeManager/PROJECT001/84/txt202111081812250697109/NATEON_39_06_set/",
    "category": 2,
    "type": 0
  },
  "licenses": {
    "name": "Apache License 1.0",
    "url": "http://www.apache.org/licenses/LICENSE-1.0"
  },
  "info": [
    {
      "id": 141890,
      "filename": "NATEON_39_06.txt",
      "title": "NATEON_39_06",
      "mediatype": "메신저",
      "medianame": "네이트온",
      "category": "일상대화",
      "date": "2021-11-08",
      "size": 374,
      "annotations": {
        "subject": "교육",
        "speaker_type": "다자간 대화",
        "size": 374,
        "word_size": 132,
        "text": "1 : 너희 이번에 시험결과 어때\n2 : 나는 그냥 완전 망했어 키키\n3 : 말하면 뭐해~ 망친 거지 아주~\n1 : 키키 야 뭐야 나만 통과?\n2 : 키키 맨날 혼자 통과해 키키 혼자 공부하고 키키\n3 : 아니 2점 차이로 2급이야 ㅠ\n1 : 한국사는 무조건 1급 따야 하는데ㅠ\n2 : 나는 그냥 공부 하기 싫어 ㅠㅠ\n3 : 그러니까 2점차 너무 억울해 ㅠ\n1 : 큰별 쌤 인강 다 들었어?\n2 : 아니 나 인강 잘 안 들어 ㅠㅠ\n3 : 아니 마지막에 조금 놓쳤어 ㅠ\n1 : 아 거기에 뭐 나올지 찝어 주던데\n2 : 마지막에 안 놓쳤으면 1급 됐겠다 ㅠㅠ\n3 : 다음엔 끝까지 보고 쳐야지\n1 : 응 다음에는 집중해서 다시 쳐봐\n2 : 웅 다음엔 끝까지 공부 해!\n3 : 응 다시 원서 접수 해야겠다",
        "lines": [
          {
            "id": 1,
            "text": "1 : 너희 이번에 시험결과 어때",
            "norm_text": "너희 이번에 시험결과 어때",
            "speaker": {
              "id": "1번",
              "sex": "여성",
              "age": "20대"
            },
            "speechAct": "(지시) 질문하기",
            "morpheme": "너희/NP+이번/NNG+에/JKB+시험/NNG+결과/NNG+어때/VA+EC"
          },
          {
            "id": 2,
            "text": "2 : 나는 그냥 완전 망했어 키키",
            "norm_text": "나는 그냥 완전 망했어 키키",
            "speaker": {
              "id": "2번",
              "sex": "여성",
              "age": "20대"
            },
            "speechAct": "(단언) 진술하기",
            "morpheme": "나/NP+는/JX+그냥/MAG+완전/MAG+망했/VV+EP+어/EC+키/NNG+키/XSV+ETN"
          },
          {
            "id": 3,
            "text": "3 : 말하면 뭐해~ 망친 거지 아주~",
            "norm_text": "말하면 뭐해~ 망친 거지 아주~",
            "speaker": {
              "id": "3번",
              "sex": "남성",
              "age": "20대"
            },
            "speechAct": "(단언) 진술하기",
            "morpheme": "말/NNG+하/XSV+면/EC+뭐/IC+해/NNG+~/SY+망친/VV+ETM+거/NNB+지/VCP+EF+아주/MAG+~/SY"
          },
          {
            "id": 4,
            "text": "1 : 키키 야 뭐야 나만 통과?",
            "norm_text": "키키 야 뭐야 나만 통과?",
            "speaker": {
              "id": "1번",
              "sex": "여성",
              "age": "20대"
            },
            "speechAct": "(지시) 질문하기",
            "morpheme": "키키/NNP+야/JKV+뭐/NP+야/VCP+EF+나/NP+만/JX+통과/NNG"
          },
          {
            "id": 5,
            "text": "2 : 키키 맨날 혼자 통과해 키키 혼자 공부하고 키키",
            "norm_text": "키키 맨날 혼자 통과해 키키 혼자 공부하고 키키",
            "speaker": {
              "id": "2번",
              "sex": "여성",
              "age": "20대"
            },
            "speechAct": "(단언) 주장하기",
            "morpheme": "키/NNG+키/NNG+맨날/MAG+혼자/NNG+통과/NNG+해/XSV+EC+키/NNG+키/NNG+혼자/NNG+공부/NNG+하/XSV+고/EC+키/NNG+키/XSV+ETN"
          },
          {
            "id": 6,
            "text": "3 : 아니 2점 차이로 2급이야 ㅠ",
            "norm_text": "아니 2점 차이로 2급이야 ㅠ",
            "speaker": {
              "id": "3번",
              "sex": "남성",
              "age": "20대"
            },
            "speechAct": "(단언) 진술하기",
            "morpheme": "아니/IC+2/SN+점/NNBC+차이/NNG+로/JKB+2/SN+급이야ㅠ/UNKNOWN"
          },
          {
            "id": 7,
            "text": "1 : 한국사는 무조건 1급 따야 하는데ㅠ",
            "norm_text": "한국사는 무조건 1급 따야 하는데ㅠ",
            "speaker": {
              "id": "1번",
              "sex": "여성",
              "age": "20대"
            },
            "speechAct": "(단언) 주장하기",
            "morpheme": "한국사/NNP+는/JX+무조건/MAG+1/SN+급따야하는데ㅠ/UNKNOWN"
          },
          {
            "id": 8,
            "text": "2 : 나는 그냥 공부 하기 싫어 ㅠㅠ",
            "norm_text": "나는 그냥 공부 하기 싫어 ㅠㅠ",
            "speaker": {
              "id": "2번",
              "sex": "여성",
              "age": "20대"
            },
            "speechAct": "(단언) 주장하기",
            "morpheme": "나/NP+는/JX+그냥/MAG+공부/NNG+하/XSV+기/ETN+싫/VA+어/EC+ㅠㅠ/UNKNOWN"
          },
          {
            "id": 9,
            "text": "3 : 그러니까 2점차 너무 억울해 ㅠ",
            "norm_text": "그러니까 2점차 너무 억울해 ㅠ",
            "speaker": {
              "id": "3번",
              "sex": "남성",
              "age": "20대"
            },
            "speechAct": "(단언) 주장하기",
            "morpheme": "그러니까/MAJ+2/SN+점차너무억울해ㅠ/UNKNOWN"
          },
          {
            "id": 10,
            "text": "1 : 큰별 쌤 인강 다 들었어?",
            "norm_text": "큰별 쌤 인강 다 들었어?",
            "speaker": {
              "id": "1번",
              "sex": "여성",
              "age": "20대"
            },
            "speechAct": "(지시) 질문하기",
            "morpheme": "큰/VA+ETM+별/MM+쌤/NNG+인/VCP+ETM+강/NNG+다/MAG+들/VV+었/EP+어/EF"
          },
          {
            "id": 11,
            "text": "2 : 아니 나 인강 잘 안 들어 ㅠㅠ",
            "norm_text": "아니 나 인강 잘 안 들어 ㅠㅠ",
            "speaker": {
              "id": "2번",
              "sex": "여성",
              "age": "20대"
            },
            "speechAct": "(단언) 진술하기",
            "morpheme": "아니/IC+나인강/NNP+잘/MAG+안/MAG+들/VV+어/EC+ㅠㅠ/UNKNOWN"
          },
          {
            "id": 12,
            "text": "3 : 아니 마지막에 조금 놓쳤어 ㅠ",
            "norm_text": "아니 마지막에 조금 놓쳤어 ㅠ",
            "speaker": {
              "id": "3번",
              "sex": "남성",
              "age": "20대"
            },
            "speechAct": "(단언) 진술하기",
            "morpheme": "아니/IC+마지막/NNG+에/JKB+조금/MAG+놓쳤/VV+EP+어ㅠ/UNKNOWN"
          },
          {
            "id": 13,
            "text": "1 : 아 거기에 뭐 나올지 찝어 주던데",
            "norm_text": "아 거기에 뭐 나올지 찝어 주던데",
            "speaker": {
              "id": "1번",
              "sex": "여성",
              "age": "20대"
            },
            "speechAct": "(단언) 진술하기",
            "morpheme": "아/IC+거기/NP+에/JKB+뭐/IC+나올지/VV+EC+찝/VV+어/EC+주/VX+던데/EC"
          },
          {
            "id": 14,
            "text": "2 : 마지막에 안 놓쳤으면 1급 됐겠다 ㅠㅠ",
            "norm_text": "마지막에 안 놓쳤으면 1급 됐겠다 ㅠㅠ",
            "speaker": {
              "id": "2번",
              "sex": "여성",
              "age": "20대"
            },
            "speechAct": "(단언) 진술하기",
            "morpheme": "마지막/NNG+에/JKB+안/MAG+놓쳤/VV+EP+으면/EC+1/SN+급됐겠다ㅠㅠ/UNKNOWN"
          },
          {
            "id": 15,
            "text": "3 : 다음엔 끝까지 보고 쳐야지",
            "norm_text": "다음엔 끝까지 보고 쳐야지",
            "speaker": {
              "id": "3번",
              "sex": "남성",
              "age": "20대"
            },
            "speechAct": "(단언) 주장하기",
            "morpheme": "다음/NNG+엔/JKB+JX+끝/NNG+까지/JX+보/VV+고/EC+쳐야지/VV+EC"
          },
          {
            "id": 16,
            "text": "1 : 응 다음에는 집중해서 다시 쳐봐",
            "norm_text": "응 다음에는 집중해서 다시 쳐봐",
            "speaker": {
              "id": "1번",
              "sex": "여성",
              "age": "20대"
            },
            "speechAct": "(단언) 주장하기",
            "morpheme": "응/IC+다음/NNG+에/JKB+는/JX+집중/NNG+해서/XSV+EC+다시/MAG+쳐/VV+EC+봐/VX+EC"
          },
          {
            "id": 17,
            "text": "2 : 웅 다음엔 끝까지 공부 해!",
            "norm_text": "웅 다음엔 끝까지 공부 해!",
            "speaker": {
              "id": "2번",
              "sex": "여성",
              "age": "20대"
            },
            "speechAct": "(지시) 충고/제안하기",
            "morpheme": "웅/IC+다음/NNG+엔/JKB+JX+끝/NNG+까지/JX+공부/NNG+해/XSV+EF"
          },
          {
            "id": 18,
            "text": "3 : 응 다시 원서 접수 해야겠다",
            "norm_text": "응 다시 원서 접수 해야겠다",
            "speaker": {
              "id": "3번",
              "sex": "남성",
              "age": "20대"
            },
            "speechAct": "(단언) 주장하기",
            "morpheme": "응/IC+다시/MAG+원서/NNG+접수/NNG+해야/XSV+EC+VX+겠/EP+다/EC"
          }
        ]
      }
    }
  ]
}