{
  "dataset": {
    "identifier": 129719,
    "name": "NATEON_41_08_set",
    "src_path": "/data/file/cubeManager/PROJECT001/84/txt20211104173552091275/NATEON_41_08_set/",
    "label_path": "/data/file/cubeManager/PROJECT001/84/txt20211104173552091275/NATEON_41_08_set/",
    "category": 2,
    "type": 0
  },
  "licenses": {
    "name": "Apache License 1.0",
    "url": "http://www.apache.org/licenses/LICENSE-1.0"
  },
  "info": [
    {
      "id": 137215,
      "filename": "NATEON_41_08.txt",
      "title": "NATEON_41_08",
      "mediatype": "메신저",
      "medianame": "네이트온",
      "category": "일상대화",
      "date": "2021-11-04",
      "size": 452,
      "annotations": {
        "subject": "연애/결혼",
        "speaker_type": "다자간 대화",
        "size": 452,
        "word_size": 161,
        "text": "1 : 오늘 내 사촌 상견례 왔어!\n2 : 사촌 상견례?\n2 : 거기 왜 너가 갔어 키키\n3 : 거기 너가 있어도 되는 자리 맞아?...\n1 : 아니\n1 : 나보고 같이 가자고 하더라고...\n2 : 키키 괜히 눈치 없게 낀 거 아니겠지\n3 : 거기 분위기는 어떤 거 같아?\n1 : 나도 내가 왜 왔는지 잘...\n2 : 키키 그래도 갔으니까 맛있는 거 먹어\n3 : 이미 갔는데 어쩌겠어 ㅠㅠ\n3 : 잘 보고 와 키키\n1 : 여기 분위기는 아직까진 괜찮아 키키\n2 : 오 그럼 됐지 키키\n2 : 미리 연습한다고 생각해\n3 : 맞아\n3 : 그런 거 배워 두면 좋지 키키\n1 : 나 밥만 먹고 빠지려고...\n2 : 응 그래도 밥만 먹고 눈치껏 빠져 주자...\n3 : 카페까지 따라가면 큰일 난다 너 키키\n1 : 아우 나 왜 왔는지 키키\n1 : 어색해 죽겠다\n2 : 키키 아냐\n2 : 미리 연습한다고 생각해 키키\n3 : 너무 웃기네\n3 : 나중에 에피소드 될 듯",
        "lines": [
          {
            "id": 1,
            "text": "1 : 오늘 내 사촌 상견례 왔어!",
            "norm_text": "오늘 내 사촌 상견례 왔어!",
            "speaker": {
              "id": "1번",
              "sex": "여성",
              "age": "20대"
            },
            "speechAct": "(단언) 진술하기",
            "morpheme": "오늘/MAG+내/NP+JKG+사촌/NNG+상견례/NNG+왔/VV+EP+어/EF"
          },
          {
            "id": 2,
            "text": "2 : 사촌 상견례?",
            "norm_text": "사촌 상견례?",
            "speaker": {
              "id": "2번",
              "sex": "여성",
              "age": "20대"
            },
            "speechAct": "(지시) 질문하기",
            "morpheme": "사촌/NNG+상견례/NNG"
          },
          {
            "id": 3,
            "text": "2 : 거기 왜 너가 갔어 키키",
            "norm_text": "거기 왜 너가 갔어 키키",
            "speaker": {
              "id": "2번",
              "sex": "여성",
              "age": "20대"
            },
            "speechAct": "(단언) 주장하기",
            "morpheme": "거기/NP+왜/MAG+너/NP+가/JKS+갔/VV+EP+어/EC+키/NNG+키/XSV+ETN"
          },
          {
            "id": 4,
            "text": "3 : 거기 너가 있어도 되는 자리 맞아?...",
            "norm_text": "거기 너가 있어도 되는 자리 맞아?...",
            "speaker": {
              "id": "3번",
              "sex": "남성",
              "age": "20대"
            },
            "speechAct": "(지시) 질문하기",
            "morpheme": "거기/NP+너/NP+가/JKS+있/VA+어도/EC+되/VV+는/ETM+자리/NNG+맞/VV+아/EF+./SY+./SY"
          },
          {
            "id": 5,
            "text": "1 : 아니",
            "norm_text": "아니",
            "speaker": {
              "id": "1번",
              "sex": "여성",
              "age": "20대"
            },
            "speechAct": "턴토크 사인(관습적 반응)",
            "morpheme": "아니/IC"
          },
          {
            "id": 6,
            "text": "1 : 나보고 같이 가자고 하더라고...",
            "norm_text": "나보고 같이 가자고 하더라고...",
            "speaker": {
              "id": "1번",
              "sex": "여성",
              "age": "20대"
            },
            "speechAct": "(단언) 진술하기",
            "morpheme": "나/NP+보고/JKB+같이/MAG+가/VV+자고/EC+하/VX+더라고/EF+./SY"
          },
          {
            "id": 7,
            "text": "2 : 키키 괜히 눈치 없게 낀 거 아니겠지",
            "norm_text": "키키 괜히 눈치 없게 낀 거 아니겠지",
            "speaker": {
              "id": "2번",
              "sex": "여성",
              "age": "20대"
            },
            "speechAct": "(단언) 주장하기",
            "morpheme": "키/NNG+키/NNG+괜히/MAG+눈치/NNG+없/VA+게/EC+낀/VV+ETM+거/NNB+아니/VCN+겠/EP+지/EC"
          },
          {
            "id": 8,
            "text": "3 : 거기 분위기는 어떤 거 같아?",
            "norm_text": "거기 분위기는 어떤 거 같아?",
            "speaker": {
              "id": "3번",
              "sex": "남성",
              "age": "20대"
            },
            "speechAct": "(지시) 질문하기",
            "morpheme": "거기/NP+분위기/NNG+는/JX+어떤/MM+거/NNB+같/VA+아/EF"
          },
          {
            "id": 9,
            "text": "1 : 나도 내가 왜 왔는지 잘...",
            "norm_text": "나도 내가 왜 왔는지 잘...",
            "speaker": {
              "id": "1번",
              "sex": "여성",
              "age": "20대"
            },
            "speechAct": "(단언) 주장하기",
            "morpheme": "나/NP+도/JX+내/NP+가/JKS+왜/MAG+왔/VV+EP+는지/EC+잘/MAG+./SY"
          },
          {
            "id": 10,
            "text": "2 : 키키 그래도 갔으니까 맛있는 거 먹어",
            "norm_text": "키키 그래도 갔으니까 맛있는 거 먹어",
            "speaker": {
              "id": "2번",
              "sex": "여성",
              "age": "20대"
            },
            "speechAct": "(지시) 충고/제안하기",
            "morpheme": "키/NNG+키/XSV+ETN+그래도/VV+EC+갔/VV+EP+으니까/EC+맛있/VA+는/ETM+거/NNB+먹/VV+어/EC"
          },
          {
            "id": 11,
            "text": "3 : 이미 갔는데 어쩌겠어 ㅠㅠ",
            "norm_text": "이미 갔는데 어쩌겠어 ㅠㅠ",
            "speaker": {
              "id": "3번",
              "sex": "남성",
              "age": "20대"
            },
            "speechAct": "(단언) 주장하기",
            "morpheme": "이미/MAG+갔/VV+EP+는데/EC+어쩌/VV+겠/EP+어/EF+ㅠㅠ/UNKNOWN"
          },
          {
            "id": 12,
            "text": "3 : 잘 보고 와 키키",
            "norm_text": "잘 보고 와 키키",
            "speaker": {
              "id": "3번",
              "sex": "남성",
              "age": "20대"
            },
            "speechAct": "(지시) 충고/제안하기",
            "morpheme": "잘/MAG+보고/NNG+와/JC+키/NNG+키/XSV+ETN"
          },
          {
            "id": 13,
            "text": "1 : 여기 분위기는 아직까진 괜찮아 키키",
            "norm_text": "여기 분위기는 아직까진 괜찮아 키키",
            "speaker": {
              "id": "1번",
              "sex": "여성",
              "age": "20대"
            },
            "speechAct": "(단언) 진술하기",
            "morpheme": "여기/NP+분위기/NNG+는/JX+아직/MAG+까진/JX+JX+괜찮/VA+아/EC+키/NNG+키/XSV+ETN"
          },
          {
            "id": 14,
            "text": "2 : 오 그럼 됐지 키키",
            "norm_text": "오 그럼 됐지 키키",
            "speaker": {
              "id": "2번",
              "sex": "여성",
              "age": "20대"
            },
            "speechAct": "(단언) 주장하기",
            "morpheme": "오/IC+그럼/MAJ+됐/VV+EP+지/EC+키/NNG+키/XSV+ETN"
          },
          {
            "id": 15,
            "text": "2 : 미리 연습한다고 생각해",
            "norm_text": "미리 연습한다고 생각해",
            "speaker": {
              "id": "2번",
              "sex": "여성",
              "age": "20대"
            },
            "speechAct": "(지시) 충고/제안하기",
            "morpheme": "미리/MAG+연습/NNG+한다고/XSV+EC+생각/NNG+해/XSV+EC"
          },
          {
            "id": 16,
            "text": "3 : 맞아",
            "norm_text": "맞아",
            "speaker": {
              "id": "3번",
              "sex": "남성",
              "age": "20대"
            },
            "speechAct": "(단언) 주장하기",
            "morpheme": "맞/VV+아/EC"
          },
          {
            "id": 17,
            "text": "3 : 그런 거 배워 두면 좋지 키키",
            "norm_text": "그런 거 배워 두면 좋지 키키",
            "speaker": {
              "id": "3번",
              "sex": "남성",
              "age": "20대"
            },
            "speechAct": "(단언) 주장하기",
            "morpheme": "그런/MM+거/NNB+배워/VV+EC+두/VX+면/EC+좋/VA+지/EC+키/NNG+키/XSV+ETN"
          },
          {
            "id": 18,
            "text": "1 : 나 밥만 먹고 빠지려고...",
            "norm_text": "나 밥만 먹고 빠지려고...",
            "speaker": {
              "id": "1번",
              "sex": "여성",
              "age": "20대"
            },
            "speechAct": "(단언) 진술하기",
            "morpheme": "나/NP+밥/NNG+만/JX+먹/VV+고/EC+빠지/VX+려고/EF+./SY"
          },
          {
            "id": 19,
            "text": "2 : 응 그래도 밥만 먹고 눈치껏 빠져 주자...",
            "norm_text": "응 그래도 밥만 먹고 눈치껏 빠져 주자...",
            "speaker": {
              "id": "2번",
              "sex": "여성",
              "age": "20대"
            },
            "speechAct": "(지시) 충고/제안하기",
            "morpheme": "응/IC+그래도/MAJ+밥/NNG+만/JX+먹/VV+고/EC+눈치껏/MAG+빠져/VV+EC+주/VX+자/EF+./SY"
          },
          {
            "id": 20,
            "text": "3 : 카페까지 따라가면 큰일 난다 너 키키",
            "norm_text": "카페까지 따라가면 큰일 난다 너 키키",
            "speaker": {
              "id": "3번",
              "sex": "남성",
              "age": "20대"
            },
            "speechAct": "(단언) 주장하기",
            "morpheme": "카페/NNG+까지/JX+따라가/VV+면/EC+큰일/NNG+난다/VV+EF+너/NP+키/NNG+키/XSV+ETN"
          },
          {
            "id": 21,
            "text": "1 : 아우 나 왜 왔는지 키키",
            "norm_text": "아우 나 왜 왔는지 키키",
            "speaker": {
              "id": "1번",
              "sex": "여성",
              "age": "20대"
            },
            "speechAct": "(단언) 주장하기",
            "morpheme": "아우/IC+나/NP+왜/MAG+왔/VV+EP+는지/EC+키/NNG+키/XSV+ETN"
          },
          {
            "id": 22,
            "text": "1 : 어색해 죽겠다",
            "norm_text": "어색해 죽겠다",
            "speaker": {
              "id": "1번",
              "sex": "여성",
              "age": "20대"
            },
            "speechAct": "(단언) 주장하기",
            "morpheme": "어색/XR+해/XSA+EC+죽/VV+겠/EP+다/EC"
          },
          {
            "id": 23,
            "text": "2 : 키키 아냐",
            "norm_text": "키키 아냐",
            "speaker": {
              "id": "2번",
              "sex": "여성",
              "age": "20대"
            },
            "speechAct": "(단언) 주장하기",
            "morpheme": "키/NNG+키/XSV+ETN+아냐/VCN+EC"
          },
          {
            "id": 24,
            "text": "2 : 미리 연습한다고 생각해 키키",
            "norm_text": "미리 연습한다고 생각해 키키",
            "speaker": {
              "id": "2번",
              "sex": "여성",
              "age": "20대"
            },
            "speechAct": "(단언) 주장하기",
            "morpheme": "미리/MAG+연습/NNG+한다고/XSV+EC+생각/NNG+해/XSV+EC+키/NNG+키/XSV+ETN"
          },
          {
            "id": 25,
            "text": "3 : 너무 웃기네",
            "norm_text": "너무 웃기네",
            "speaker": {
              "id": "3번",
              "sex": "남성",
              "age": "20대"
            },
            "speechAct": "(단언) 주장하기",
            "morpheme": "너무/MAG+웃기/VV+네/EC"
          },
          {
            "id": 26,
            "text": "3 : 나중에 에피소드 될 듯",
            "norm_text": "나중에 에피소드 될 듯",
            "speaker": {
              "id": "3번",
              "sex": "남성",
              "age": "20대"
            },
            "speechAct": "(단언) 주장하기",
            "morpheme": "나중/NNG+에/JKB+에피소드/NNG+될/XSV+ETM+듯/NNB"
          }
        ]
      }
    }
  ]
}