{
  "dataset": {
    "identifier": 517,
    "name": "NATEON_23_09_set",
    "src_path": "/data/file/cubeManager/PROJECT001/7/txt20210826182121060991/NATEON_23_09_set/",
    "label_path": "/data/file/cubeManager/PROJECT001/7/txt20210826182121060991/NATEON_23_09_set/",
    "category": 2,
    "type": 0
  },
  "licenses": {
    "name": "Apache License 1.0",
    "url": "http://www.apache.org/licenses/LICENSE-1.0"
  },
  "info": [
    {
      "id": 808,
      "filename": "NATEON_23_09.txt",
      "title": "NATEON_23_09",
      "mediatype": "메신저",
      "medianame": "네이트온",
      "category": "일상대화",
      "date": "2021-08-26",
      "size": 843,
      "annotations": {
        "subject": "반려동물",
        "speaker_type": "1:1",
        "size": 843,
        "word_size": 243,
        "text": "1 : 혹시 강아지 키우셨을 때  산책 자주 하셨어요?\n2 : 어우 저희는 산책 정말 많이 했어요\n2 : 하루에 3번이나 정말 못해도 2번은 했어요\n1 : 산책을  좋아하는 강아지였어요?\n1 : 3번이면 일단 산책 시켜주시는 주인도 힘들지 않아요...?\n2 : 산책을 안 좋아하는 강아지는 없다고 생각합니다!\n2 : 사실 힘든데 그래서 아빠가 주로 하셨어요 키키\n2 : 산책 엄청 짧게 했어서 가능했던거 같아요!\n1 : 아아! 강아지 용품들중에 추천해주실 만한 용품이 있을까요?\n2 : 음... 냄새 탈취스프레이...!?\n2 : 배변 보고 나서 닦고 뿌리면 냄새 안나요!\n1: 오 대박!\n1 : 사람이 쓰기에도  좋겠는데요!\n1 : 강아지 키울 때 사료 하나하나도  되게 신경써야 한다는데 사료는 주로  뭐 먹었어요?\n2 : 집에 좀 남는데 가져다 줄게요^^\n2 : 한 강아지가 좀 비만이었어서 비만 전용 사료 맥였어요 키키\n1 : 키키 제가 동물을 하나도 몰라서 그러는데 비만 전용 사료면 사람으로 따졌을 때 막 다이어트식품처럼 그런거예요?\n2 : 음 뭐랄까\n2 : 사료인데 좀 지방부분을 없애고 좀... 담백... 이니까\n2 : 맛이 없어서 안 먹으려고 한거 보면 비슷한거 같아요\n1 : 아하!\n1 : 저번에 쇼핑하러갔을 때  엠엘비 보니까 동물과 사람 커플티를 파는데 사이즈가 있더라고요!\n1 : 그것조차 신기했어요 혹시 커플티 해보셨나요?\n2 : 키키 뭔지 알긴 아는데 도저히 그건 용기가 안나더라고요\n1 : 혹시 이구아나 키워보실 생각 있으세요?\n2 : 이구아나 좀 좋아하시나봐요 키키\n2 : 아니요... 이구아나... 아니요...\n1 : 제가 이구아나에 관심이 생겨서요 키키\n1 : 고슴도치는 어떠세요?\n2 : 고슴도치는 괜찮을 것 같아요!  하하",
        "lines": [
          {
            "id": 1,
            "text": "1 : 혹시 강아지 키우셨을 때  산책 자주 하셨어요?",
            "norm_text": "혹시 강아지 키우셨을 때  산책 자주 하셨어요?",
            "speaker": {
              "id": "1번",
              "sex": "여성",
              "age": "20대"
            },
            "speechAct": "(지시) 질문하기",
            "morpheme": "혹시/MAG+강아지/NNG+키우/VV+셨/EP+EP+을/ETM+때/NNG+산책/NNG+자주/MAG+하/VV+셨/EP+EP+어요/EF"
          },
          {
            "id": 2,
            "text": "2 : 어우 저희는 산책 정말 많이 했어요",
            "norm_text": "어우 저희는 산책 정말 많이 했어요",
            "speaker": {
              "id": "2번",
              "sex": "여성",
              "age": "20대"
            },
            "speechAct": "(단언) 진술하기",
            "morpheme": "어우/IC+저희/NP+는/JX+산책/NNG+정말/MAG+많이/MAG+했/VV+EP+어요/EF"
          },
          {
            "id": 3,
            "text": "2 : 하루에 3번이나 정말 못해도 2번은 했어요",
            "norm_text": "하루에 3번이나 정말 못해도 2번은 했어요",
            "speaker": {
              "id": "2번",
              "sex": "여성",
              "age": "20대"
            },
            "speechAct": "(단언) 주장하기",
            "morpheme": "하루/NNG+에/JKB+3/SN+번/NNBC+이나/JX+정말/MAG+못/MAG+해도/VV+EC+2/SN+번/NNBC+은/JX+했/VV+EP+어요/EF"
          },
          {
            "id": 4,
            "text": "1 : 산책을  좋아하는 강아지였어요?",
            "norm_text": "산책을  좋아하는 강아지였어요?",
            "speaker": {
              "id": "1번",
              "sex": "여성",
              "age": "20대"
            },
            "speechAct": "(지시) 질문하기",
            "morpheme": "산책/NNG+을/JKO+좋아하/VV+는/ETM+강아지/NNG+였/VCP+EP+어요/EF"
          },
          {
            "id": 5,
            "text": "1 : 3번이면 일단 산책 시켜주시는 주인도 힘들지 않아요...?",
            "norm_text": "3번이면 일단 산책 시켜주시는 주인도 힘들지 않아요...?",
            "speaker": {
              "id": "1번",
              "sex": "여성",
              "age": "20대"
            },
            "speechAct": "(지시) 질문하기",
            "morpheme": "3/SN+번/NNBC+이/VCP+면/EC+일단/MAG+산책/NNG+시켜/XSV+EC+주/VX+시/EP+는/ETM+주인/NNG+도/JX+힘들/VA+지/EC+않/VX+아요/EF+./SY+./SY"
          },
          {
            "id": 6,
            "text": "2 : 산책을 안 좋아하는 강아지는 없다고 생각합니다!",
            "norm_text": "산책을 안 좋아하는 강아지는 없다고 생각합니다!",
            "speaker": {
              "id": "2번",
              "sex": "여성",
              "age": "20대"
            },
            "speechAct": "(단언) 주장하기",
            "morpheme": "산책/NNG+을/JKO+안/MAG+좋아하/VV+는/ETM+강아지/NNG+는/JX+없/VA+다고/EC+생각/NNG+합니다/XSV+EF"
          },
          {
            "id": 7,
            "text": "2 : 사실 힘든데 그래서 아빠가 주로 하셨어요 키키",
            "norm_text": "사실 힘든데 그래서 아빠가 주로 하셨어요 키키",
            "speaker": {
              "id": "2번",
              "sex": "여성",
              "age": "20대"
            },
            "speechAct": "(단언) 진술하기",
            "morpheme": "사실/MAG+힘든데/VA+EC+그래서/MAJ+아빠/NNG+가/JKS+주로/MAG+하/VV+셨/EP+EP+어요/EF+키/NNG+키/XSV+ETN"
          },
          {
            "id": 8,
            "text": "2 : 산책 엄청 짧게 했어서 가능했던거 같아요!",
            "norm_text": "산책 엄청 짧게 했어서 가능했던거 같아요!",
            "speaker": {
              "id": "2번",
              "sex": "여성",
              "age": "20대"
            },
            "speechAct": "(단언) 주장하기",
            "morpheme": "산책/NNG+엄청/MAG+짧/VA+게/EC+했/VX+EP+어서/EC+가능/NNG+했/XSV+EP+던/ETM+거/NNB+같/VA+아요/EF"
          },
          {
            "id": 9,
            "text": "1 : 아아! 강아지 용품들중에 추천해주실 만한 용품이 있을까요?",
            "norm_text": "아아! 강아지 용품들중에 추천해주실 만한 용품이 있을까요?",
            "speaker": {
              "id": "1번",
              "sex": "여성",
              "age": "20대"
            },
            "speechAct": "(지시) 질문하기",
            "morpheme": "아아/IC+강아지/NNG+용품/NNG+들/XSN+중/NNB+에/JKB+추천/NNG+해/XSV+EC+주/VX+실/EC+만한/VX+ETM+용품/NNG+이/JKS+있/VA+을까요/EF"
          },
          {
            "id": 10,
            "text": "2 : 음... 냄새 탈취스프레이...!?",
            "norm_text": "음... 냄새 탈취스프레이...!?",
            "speaker": {
              "id": "2번",
              "sex": "여성",
              "age": "20대"
            },
            "speechAct": "(단언) 주장하기",
            "morpheme": "음/IC+./SY+냄새/NNG+탈취/NNG+스프레이/NNG+./SY+./SY+!/SY"
          },
          {
            "id": 11,
            "text": "2 : 배변 보고 나서 닦고 뿌리면 냄새 안나요!",
            "norm_text": "배변 보고 나서 닦고 뿌리면 냄새 안나요!",
            "speaker": {
              "id": "2번",
              "sex": "여성",
              "age": "20대"
            },
            "speechAct": "(단언) 진술하기",
            "morpheme": "배변/NNG+보/VV+고/EC+나/VX+서/EC+닦/VV+고/EC+뿌리/VX+면/EC+냄새/NNG+안/VV+나요/EF"
          },
          {
            "id": 12,
            "text": "1: 오 대박!",
            "norm_text": "오 대박!",
            "speaker": {
              "id": "1번",
              "sex": "여성",
              "age": "20대"
            },
            "speechAct": "(표현) 긍정감정 표현하기",
            "morpheme": "오/NR+대박/NNG"
          },
          {
            "id": 13,
            "text": "1 : 사람이 쓰기에도  좋겠는데요!",
            "norm_text": "사람이 쓰기에도  좋겠는데요!",
            "speaker": {
              "id": "1번",
              "sex": "여성",
              "age": "20대"
            },
            "speechAct": "(단언) 주장하기",
            "morpheme": "사람/NNG+이/JKS+쓰/VV+기/ETN+에/JKB+도/JX+좋/VA+겠/EP+는데요/EF"
          },
          {
            "id": 14,
            "text": "1 : 강아지 키울 때 사료 하나하나도  되게 신경써야 한다는데 사료는 주로  뭐 먹었어요?",
            "norm_text": "강아지 키울 때 사료 하나하나도  되게 신경써야 한다는데 사료는 주로  뭐 먹었어요?",
            "speaker": {
              "id": "1번",
              "sex": "여성",
              "age": "20대"
            },
            "speechAct": "(지시) 질문하기",
            "morpheme": "강아지/NNG+키울/VV+ETM+때/NNG+사료/NNG+하나/NR+하나/NR+도/JX+되게/MAG+신경/NNG+써야/VV+EC+한다는/VX+ETM+데/NNB+사료/NNG+는/JX+주로/MAG+뭐/IC+먹/VV+었/EP+어요/EF"
          },
          {
            "id": 15,
            "text": "2 : 집에 좀 남는데 가져다 줄게요^^",
            "norm_text": "집에 좀 남는데 가져다 줄게요^^",
            "speaker": {
              "id": "2번",
              "sex": "여성",
              "age": "20대"
            },
            "speechAct": "(단언) 주장하기",
            "morpheme": "집/NNG+에/JKB+좀/MAG+남/VV+는데/EC+가져다줄/VV+ETM+게/NNB+JKS+요/JX+^/SY+^/SY"
          },
          {
            "id": 16,
            "text": "2 : 한 강아지가 좀 비만이었어서 비만 전용 사료 맥였어요 키키",
            "norm_text": "한 강아지가 좀 비만이었어서 비만 전용 사료 맥였어요 키키",
            "speaker": {
              "id": "2번",
              "sex": "여성",
              "age": "20대"
            },
            "speechAct": "(단언) 진술하기",
            "morpheme": "한/MM+강아지/NNG+가/JKS+좀/MAG+비만/NNG+이/VCP+었/EP+어서/EC+비만/NNG+전용/NNG+사료/NNG+맥/NNG+였/VCP+EP+어요/EF+키/NNG+키/XSV+ETN"
          },
          {
            "id": 17,
            "text": "1 : 키키 제가 동물을 하나도 몰라서 그러는데 비만 전용 사료면 사람으로 따졌을 때 막 다이어트식품처럼 그런거예요?",
            "norm_text": "키키 제가 동물을 하나도 몰라서 그러는데 비만 전용 사료면 사람으로 따졌을 때 막 다이어트식품처럼 그런거예요?",
            "speaker": {
              "id": "1번",
              "sex": "여성",
              "age": "20대"
            },
            "speechAct": "(지시) 질문하기",
            "morpheme": "키/NNG+키/XSV+ETN+제/NP+가/JKS+동물/NNG+을/JKO+하나/NR+도/JX+몰라서/VV+EC+그러/VV+는데/EC+비만/NNG+전용/NNG+사료/NNG+면/VCP+EC+사람/NNG+으로/JKB+따졌/VV+EP+을/ETM+때/NNG+막/NNG+다이어트/NNG+식품/NNG+처럼/JKB+그런/MM+거/NNB+예요/VCP+EF"
          },
          {
            "id": 18,
            "text": "2 : 음 뭐랄까",
            "norm_text": "음 뭐랄까",
            "speaker": {
              "id": "2번",
              "sex": "여성",
              "age": "20대"
            },
            "speechAct": "턴토크 사인(관습적 반응)",
            "morpheme": "음/IC+뭐/NP+랄까/VCP+EC"
          },
          {
            "id": 19,
            "text": "2 : 사료인데 좀 지방부분을 없애고 좀... 담백... 이니까",
            "norm_text": "사료인데 좀 지방부분을 없애고 좀... 담백... 이니까",
            "speaker": {
              "id": "2번",
              "sex": "여성",
              "age": "20대"
            },
            "speechAct": "(단언) 주장하기",
            "morpheme": "사료/NNG+인데/VCP+EC+좀/MAG+지방/NNG+부분/NNG+을/JKO+없애/VV+고/EC+좀/MAG+./SY+담백/XR+./SY+./SY+이/VCP+니까/EC"
          },
          {
            "id": 20,
            "text": "2 : 맛이 없어서 안 먹으려고 한거 보면 비슷한거 같아요",
            "norm_text": "맛이 없어서 안 먹으려고 한거 보면 비슷한거 같아요",
            "speaker": {
              "id": "2번",
              "sex": "여성",
              "age": "20대"
            },
            "speechAct": "(단언) 주장하기",
            "morpheme": "맛/NNG+이/JKS+없/VA+어서/EC+안/MAG+먹/VV+으려고/EC+한/VX+ETM+거/NNB+보/VV+면/EC+비슷/XR+한/XSA+ETM+거/NNB+같/VA+아요/EC"
          },
          {
            "id": 21,
            "text": "1 : 아하!",
            "norm_text": "아하!",
            "speaker": {
              "id": "1번",
              "sex": "여성",
              "age": "20대"
            },
            "speechAct": "(표현) 긍정감정 표현하기",
            "morpheme": "아하/IC"
          },
          {
            "id": 22,
            "text": "1 : 저번에 쇼핑하러갔을 때  엠엘비 보니까 동물과 사람 커플티를 파는데 사이즈가 있더라고요!",
            "norm_text": "저번에 쇼핑하러갔을 때  엠엘비 보니까 동물과 사람 커플티를 파는데 사이즈가 있더라고요!",
            "speaker": {
              "id": "1번",
              "sex": "여성",
              "age": "20대"
            },
            "speechAct": "(단언) 진술하기",
            "morpheme": "저번/NNG+에/JKB+쇼핑/NNG+하/XSV+러/EC+갔/VV+EP+을/ETM+때/NNG+엠/NNG+엘/JKB+JKO+비/VV+EC+보/VX+니까/EC+동물/NNG+과/JC+사람/NNG+커플/NNG+티/NNG+를/JKO+파/VV+는데/EC+사이즈/NNG+가/JKS+있/VA+더라고요/EF"
          },
          {
            "id": 23,
            "text": "1 : 그것조차 신기했어요 혹시 커플티 해보셨나요?",
            "norm_text": "그것조차 신기했어요 혹시 커플티 해보셨나요?",
            "speaker": {
              "id": "1번",
              "sex": "여성",
              "age": "20대"
            },
            "speechAct": "(지시) 질문하기",
            "morpheme": "그것/NP+조차/JX+신기/XR+했/XSA+EP+어요/EF+혹시/MAG+커플/NNG+티/NNG+해/XSV+EC+보/VX+셨/EP+EP+나요/EF"
          },
          {
            "id": 24,
            "text": "2 : 키키 뭔지 알긴 아는데 도저히 그건 용기가 안나더라고요",
            "norm_text": "키키 뭔지 알긴 아는데 도저히 그건 용기가 안나더라고요",
            "speaker": {
              "id": "2번",
              "sex": "여성",
              "age": "20대"
            },
            "speechAct": "(단언) 주장하기",
            "morpheme": "키/NNG+키/XSV+ETN+뭔지/NP+VCP+EC+알/VV+긴/ETN+JX+아/VV+는데/EC+도저히/MAG+그건/NP+JX+용기/NNG+가/JKS+안/MAG+나/VV+더라고요/EC"
          },
          {
            "id": 25,
            "text": "1 : 혹시 이구아나 키워보실 생각 있으세요?",
            "norm_text": "혹시 이구아나 키워보실 생각 있으세요?",
            "speaker": {
              "id": "1번",
              "sex": "여성",
              "age": "20대"
            },
            "speechAct": "(지시) 질문하기",
            "morpheme": "혹시/MAG+이구아나/NNG+키워/VV+EC+보/VX+실/EP+ETM+생각/NNG+있/VA+으세요/EF"
          },
          {
            "id": 26,
            "text": "2 : 이구아나 좀 좋아하시나봐요 키키",
            "norm_text": "이구아나 좀 좋아하시나봐요 키키",
            "speaker": {
              "id": "2번",
              "sex": "여성",
              "age": "20대"
            },
            "speechAct": "(단언) 주장하기",
            "morpheme": "이구아나/NNG+좀/MAG+좋/VA+아/EC+하/VX+시/EP+나/EC+봐요/VX+EF+키/NNG+키/XSV+ETN"
          },
          {
            "id": 27,
            "text": "2 : 아니요... 이구아나... 아니요...",
            "norm_text": "아니요... 이구아나... 아니요...",
            "speaker": {
              "id": "2번",
              "sex": "여성",
              "age": "20대"
            },
            "speechAct": "(언약) 거절하기",
            "morpheme": "아니요/IC+./SY+이구아나/NNG+./SY+./SY+아니요/IC+./SY"
          },
          {
            "id": 28,
            "text": "1 : 제가 이구아나에 관심이 생겨서요 키키",
            "norm_text": "제가 이구아나에 관심이 생겨서요 키키",
            "speaker": {
              "id": "1번",
              "sex": "여성",
              "age": "20대"
            },
            "speechAct": "(단언) 주장하기",
            "morpheme": "제/NP+가/JKS+이구아나/NNG+에/JKB+관심/NNG+이/JKS+생겨서/VV+EC+요키/NNP+키/NNG"
          },
          {
            "id": 29,
            "text": "1 : 고슴도치는 어떠세요?",
            "norm_text": "고슴도치는 어떠세요?",
            "speaker": {
              "id": "1번",
              "sex": "여성",
              "age": "20대"
            },
            "speechAct": "(지시) 질문하기",
            "morpheme": "고슴도치/NNG+는/JX+어떠세요/VA+EP+EF"
          },
          {
            "id": 30,
            "text": "2 : 고슴도치는 괜찮을 것 같아요!  하하",
            "norm_text": "고슴도치는 괜찮을 것 같아요!  하하",
            "speaker": {
              "id": "2번",
              "sex": "여성",
              "age": "20대"
            },
            "speechAct": "(단언) 주장하기",
            "morpheme": "고슴도치/NNG+는/JX+괜찮/VA+을/ETM+것/NNB+같/VA+아요/EF+하하/MAG"
          }
        ]
      }
    }
  ]
}