{
  "dataset": {
    "identifier": 114332,
    "name": "NATEON_36_10_set",
    "src_path": "/data/file/cubeManager/PROJECT001/80/txt20211103174750038029/NATEON_36_10_set/",
    "label_path": "/data/file/cubeManager/PROJECT001/80/txt20211103174750038029/NATEON_36_10_set/",
    "category": 2,
    "type": 0
  },
  "licenses": {
    "name": "Apache License 1.0",
    "url": "http://www.apache.org/licenses/LICENSE-1.0"
  },
  "info": [
    {
      "id": 136252,
      "filename": "NATEON_36_10.txt",
      "title": "NATEON_36_10",
      "mediatype": "메신저",
      "medianame": "네이트온",
      "category": "일상대화",
      "date": "2021-11-03",
      "size": 420,
      "annotations": {
        "subject": "스포츠/레저",
        "speaker_type": "다자간 대화",
        "size": 420,
        "word_size": 150,
        "text": "1 : 나 이번에 캠핑 왔어\n2 : 오 캠핑 좋지 키키\n2 : 누구랑 갔어\n3 : 오 갑자기 웬 캠핑이야~\n1 : 나 저번 차박 할 때 꽃혔나 봐\n2 : 요즘 차박 사람들 많이 해 키키\n3 : 키키 너 완전 제대로 꽃혔나 보네!\n1 : 응 ㅠㅠ 카라반 때도 너무 좋았어 ㅠㅠ\n2 : 알 전구 그것도 샀어?\n2 : 그거 하면 이쁘던데\n3 : 너 용품들은 다 산 거야?\n1 : 당연하지 사진용으로 하나 샀지!\n2 : 오 잘했군 키키\n2 : 그 불 들어오는 거 또 있던데\n3 : 키키 역시 사진은 포기 못해\n1 : 응 당연하지... 사진은 절대 포기 못해\n2 : 원래 어디 가면 인생 사진 하나 건저야 함\n3 : 키키 그러니까 거기 가면 인생샷 필수다\n1 : 안 그래도 아까부터 찍고 있어 계속 키키\n2 : 키키 찍어주는 친구도 엄청 고생 하겠네 키키\n3 : 너희 친구들이 고생이다 진짜...",
        "lines": [
          {
            "id": 1,
            "text": "1 : 나 이번에 캠핑 왔어",
            "norm_text": "나 이번에 캠핑 왔어",
            "speaker": {
              "id": "1번",
              "sex": "여성",
              "age": "20대"
            },
            "speechAct": "(단언) 진술하기",
            "morpheme": "나/NP+이번/NNG+에/JKB+캠핑/NNG+왔/VV+EP+어/EC"
          },
          {
            "id": 2,
            "text": "2 : 오 캠핑 좋지 키키",
            "norm_text": "오 캠핑 좋지 키키",
            "speaker": {
              "id": "2번",
              "sex": "여성",
              "age": "20대"
            },
            "speechAct": "(단언) 주장하기",
            "morpheme": "오/NR+캠핑/NNG+좋/VA+지/EC+키/NNG+키/XSV+ETN"
          },
          {
            "id": 3,
            "text": "2 : 누구랑 갔어",
            "norm_text": "누구랑 갔어",
            "speaker": {
              "id": "2번",
              "sex": "여성",
              "age": "20대"
            },
            "speechAct": "(지시) 질문하기",
            "morpheme": "누구/NP+랑/JKB+갔/VV+EP+어/EC"
          },
          {
            "id": 4,
            "text": "3 : 오 갑자기 웬 캠핑이야~",
            "norm_text": "오 갑자기 웬 캠핑이야~",
            "speaker": {
              "id": "3번",
              "sex": "남성",
              "age": "20대"
            },
            "speechAct": "(단언) 진술하기",
            "morpheme": "오/IC+갑자기/MAG+웬/MM+캠핑/NNG+이/VCP+야/EC+~/SY"
          },
          {
            "id": 5,
            "text": "1 : 나 저번 차박 할 때 꽃혔나 봐",
            "norm_text": "나 저번 차박 할 때 꽃혔나 봐",
            "speaker": {
              "id": "1번",
              "sex": "여성",
              "age": "20대"
            },
            "speechAct": "(단언) 진술하기",
            "morpheme": "나/NP+저번/NNG+차/NNG+박할/NNG+때/NNG+꽃/NNG+혔/XSV+EP+나/EC+봐/VX+EC"
          },
          {
            "id": 6,
            "text": "2 : 요즘 차박 사람들 많이 해 키키",
            "norm_text": "요즘 차박 사람들 많이 해 키키",
            "speaker": {
              "id": "2번",
              "sex": "여성",
              "age": "20대"
            },
            "speechAct": "(단언) 진술하기",
            "morpheme": "요즘/NNG+차/NNG+박/NNP+사람/NNG+들/XSN+많이/MAG+해/VV+EC+키/NNG+키/XSV+ETN"
          },
          {
            "id": 7,
            "text": "3 : 키키 너 완전 제대로 꽃혔나 보네!",
            "norm_text": "키키 너 완전 제대로 꽃혔나 보네!",
            "speaker": {
              "id": "3번",
              "sex": "남성",
              "age": "20대"
            },
            "speechAct": "(단언) 진술하기",
            "morpheme": "키/NNG+키/XSV+ETN+너/NP+완전/MAG+제대로/MAG+꽃/NNG+혔/XSV+EP+나/EC+보/VX+네/EF"
          },
          {
            "id": 8,
            "text": "1 : 응 ㅠㅠ 카라반 때도 너무 좋았어 ㅠㅠ",
            "norm_text": "응 ㅠㅠ 카라반 때도 너무 좋았어 ㅠㅠ",
            "speaker": {
              "id": "1번",
              "sex": "여성",
              "age": "20대"
            },
            "speechAct": "(단언) 진술하기",
            "morpheme": "응/IC+ㅠㅠ/UNKNOWN+카라반/NNG+때/NNG+도/JX+너무/MAG+좋/VA+았/EP+어/EF+ㅠㅠ/UNKNOWN"
          },
          {
            "id": 9,
            "text": "2 : 알 전구 그것도 샀어?",
            "norm_text": "알 전구 그것도 샀어?",
            "speaker": {
              "id": "2번",
              "sex": "여성",
              "age": "20대"
            },
            "speechAct": "(지시) 질문하기",
            "morpheme": "알전구/NNG+그것/NP+도/JX+샀/VV+EP+어/EF"
          },
          {
            "id": 10,
            "text": "2 : 그거 하면 이쁘던데",
            "norm_text": "그거 하면 이쁘던데",
            "speaker": {
              "id": "2번",
              "sex": "여성",
              "age": "20대"
            },
            "speechAct": "(단언) 진술하기",
            "morpheme": "그거/NP+하/VV+면/EC+이쁘/VA+던데/EC"
          },
          {
            "id": 11,
            "text": "3 : 너 용품들은 다 산 거야?",
            "norm_text": "너 용품들은 다 산 거야?",
            "speaker": {
              "id": "3번",
              "sex": "남성",
              "age": "20대"
            },
            "speechAct": "(지시) 질문하기",
            "morpheme": "너/NP+용품/NNG+들/XSN+은/JX+다/MAG+산거야/VV+ETM+NNB+VCP+EF"
          },
          {
            "id": 12,
            "text": "1 : 당연하지 사진용으로 하나 샀지!",
            "norm_text": "당연하지 사진용으로 하나 샀지!",
            "speaker": {
              "id": "1번",
              "sex": "여성",
              "age": "20대"
            },
            "speechAct": "(단언) 진술하기",
            "morpheme": "당연/XR+하/XSA+지/EC+사진/NNG+용/XSN+으로/JKB+하나/NR+샀/VV+EP+지/EF"
          },
          {
            "id": 13,
            "text": "2 : 오 잘했군 키키",
            "norm_text": "오 잘했군 키키",
            "speaker": {
              "id": "2번",
              "sex": "여성",
              "age": "20대"
            },
            "speechAct": "(단언) 진술하기",
            "morpheme": "오/IC+잘했군/NNP+키/NNG+키/XSV+ETN"
          },
          {
            "id": 14,
            "text": "2 : 그 불 들어오는 거 또 있던데",
            "norm_text": "그 불 들어오는 거 또 있던데",
            "speaker": {
              "id": "2번",
              "sex": "여성",
              "age": "20대"
            },
            "speechAct": "(단언) 진술하기",
            "morpheme": "그/MM+불/NNG+들어오/VV+는/ETM+거/NNB+또/MAG+있/VV+던데/EC"
          },
          {
            "id": 15,
            "text": "3 : 키키 역시 사진은 포기 못해",
            "norm_text": "키키 역시 사진은 포기 못해",
            "speaker": {
              "id": "3번",
              "sex": "남성",
              "age": "20대"
            },
            "speechAct": "(단언) 주장하기",
            "morpheme": "키/NNG+키/XSV+ETN+역시/MAJ+사진/NNG+은/JX+포기/NNG+못/MAG+해/VV+EC"
          },
          {
            "id": 16,
            "text": "1 : 응 당연하지... 사진은 절대 포기 못해",
            "norm_text": "응 당연하지... 사진은 절대 포기 못해",
            "speaker": {
              "id": "1번",
              "sex": "여성",
              "age": "20대"
            },
            "speechAct": "(단언) 주장하기",
            "morpheme": "응/IC+당연/XR+하/XSA+지/EF+./SY+사진/NNG+은/JX+절대/MAG+포기/NNG+못/MAG+해/VV+EC"
          },
          {
            "id": 17,
            "text": "2 : 원래 어디 가면 인생 사진 하나 건저야 함",
            "norm_text": "원래 어디 가면 인생 사진 하나 건저야 함",
            "speaker": {
              "id": "2번",
              "sex": "여성",
              "age": "20대"
            },
            "speechAct": "(단언) 진술하기",
            "morpheme": "원래/MAG+어디/NP+가/JKS+면/NNG+인생/NNG+사진/NNG+하나/NR+건저/NNG+야/JKV+함/XSA+ETN"
          },
          {
            "id": 18,
            "text": "3 : 키키 그러니까 거기 가면 인생샷 필수다",
            "norm_text": "키키 그러니까 거기 가면 인생샷 필수다",
            "speaker": {
              "id": "3번",
              "sex": "남성",
              "age": "20대"
            },
            "speechAct": "(단언) 진술하기",
            "morpheme": "키/NNG+키/XSV+ETN+그러니까/MAJ+거기/NP+가/JKS+면/NNG+인생/NNG+샷/NNG+필수/NNG+다/VCP+EC"
          },
          {
            "id": 19,
            "text": "1 : 안 그래도 아까부터 찍고 있어 계속 키키",
            "norm_text": "안 그래도 아까부터 찍고 있어 계속 키키",
            "speaker": {
              "id": "1번",
              "sex": "여성",
              "age": "20대"
            },
            "speechAct": "(단언) 진술하기",
            "morpheme": "안/MAG+그래도/VV+EC+아까/NNG+부터/JX+찍/VV+고/EC+있/VX+어/EC+계속/MAG+키/NNG+키/XSV+ETN"
          },
          {
            "id": 20,
            "text": "2 : 키키 찍어주는 친구도 엄청 고생 하겠네 키키",
            "norm_text": "키키 찍어주는 친구도 엄청 고생 하겠네 키키",
            "speaker": {
              "id": "2번",
              "sex": "여성",
              "age": "20대"
            },
            "speechAct": "(단언) 진술하기",
            "morpheme": "키/NNG+키/XSV+ETN+찍/VV+어/EC+주/VX+는/ETM+친구/NNG+도/JX+엄청/MAG+고생/NNG+하/XSV+겠/EP+네/EF+키/NNG+키/XSV+ETN"
          },
          {
            "id": 21,
            "text": "3 : 너희 친구들이 고생이다 진짜...",
            "norm_text": "너희 친구들이 고생이다 진짜...",
            "speaker": {
              "id": "3번",
              "sex": "남성",
              "age": "20대"
            },
            "speechAct": "(단언) 주장하기",
            "morpheme": "너희/NP+친구/NNG+들/XSN+이/JKS+고생/NNG+이/JKS+다/MAG+진짜/MAG+./SY"
          }
        ]
      }
    }
  ]
}