{
  "dataset": {
    "identifier": 546,
    "name": "NATEON_24_17_set",
    "src_path": "/data/file/cubeManager/PROJECT001/7/txt20210827181432065869/NATEON_24_17_set/",
    "label_path": "/data/file/cubeManager/PROJECT001/7/txt20210827181432065869/NATEON_24_17_set/",
    "category": 2,
    "type": 0
  },
  "licenses": {
    "name": "Apache License 1.0",
    "url": "http://www.apache.org/licenses/LICENSE-1.0"
  },
  "info": [
    {
      "id": 864,
      "filename": "NATEON_24_17.txt",
      "title": "NATEON_24_17",
      "mediatype": "메신저",
      "medianame": "네이트온",
      "category": "일상대화",
      "date": "2021-08-27",
      "size": 1093,
      "annotations": {
        "subject": "건강",
        "speaker_type": "1:1",
        "size": 1093,
        "word_size": 342,
        "text": "1 : 건강을 위해서 하고 있는 게 있어?\n1 : 운동이라든가 병원을 가든가 영양제를 먹는 것처럼!\n2 : 음 요즘에는 회사 출퇴근이 벅차서 못하고 있는데 원래 홈트도 나름 하는 편이고 산책이나 조깅 자주 해\n2 : 너는 운동 좀 해?\n1 : 응 나는 헬스도 하고 요즘에 골프도 좀 배우고 있어!\n1 : 이제는 영양제도 꾸준히 챙겨 먹으려고 노력 중이야 하하\n1 : 아파서 치료나 수술받은 적 있어?\n2 : 어깨 뻐근하고 뭉치고 이런 것 때문에 한의원 한동안 다녔었는데 몸 아프니까 진짜 고생이더라\n2 : 돈도 많이 들고...\n2 : 헬스 꾸준히 해서 몸에 달라지는 변화 같은 거 있어?\n1 : 그렇게까지 빡세게 하진 않아서 키키\n1 : 큰 변화는 모르겠는데 그래도 하고 나면 뿌듯해!\n1 : 병원도 보험이 되는 거면 괜찮은데 안 그러면 돈이 너무 많이 들긴 하더라 ㅠㅠ\n2 : 오 그치 보험이 안 되는 항목이었어서 돈이 많이 깨졌지\n2 : 그럼 나중을 생각해서 보험 같은 것도 든 게 있어?\n1 : 엄마가 예전에 들어준 게 있는 거 같은데 자세하게는 모르겠어...\n1 : 너는 있어?\n2 : 나도 있기는 한데 관리를 잘 안 해서 모르겠다 키키\n2 : 어떤 보험 들었는지도 몰라?\n1 : 응 잘 모르겠어 하하\n1 : 나는 라식 수술을 했었어서 눈 건강도 신경을 써야 하는데 너처럼 블루라이트 차단 안경을 쓸까?\n2 : 이게 엄청 효과가 있는 건지는 사실 잘 모르겠지만 난 워낙 눈이 많이 아픈 편이라 기분 탓으로 쓰는 것도 있어\n2 : 루테인을 챙겨 먹는 것도 괜찮을 것 같은데?\n1 : 응 맞아 그것도 생각하고 있어!\n1 : 확실히 하루 종일 컴퓨터 보니까 저녁 때쯤 되면 눈이 시릴 때도 있어서 안경도 한번 생각해봐야겠어\n2 : 그럼 또 뭐 다른 영양제 챙겨 먹고 있는 건 있어?\n1 : 응 요새는 매일 챙겨 먹어! 종합비타민이랑 카베진이랑 실리마린\n1 : 너는?\n2 : 나는 유산균이랑 프로틴이랑 영양제는 아니지만 간에 좋다는 양파즙 먹고 있는데 다들 효과가 있는지 모르겠어\n2 : 너무 피곤해서...\n1 : 양파즙만 먹어서는 안 될 거 같은데...\n1 : 밥도 더 잘 챙겨 먹고 운동도 좀 해봐!\n1 : 간에 좋으려면 우루사나 밀크시슬 먹어도 좋대\n2 : 한국인은 밥심이지\n2 : 밥을 더 잘 챙겨 먹을게!",
        "lines": [
          {
            "id": 1,
            "text": "1 : 건강을 위해서 하고 있는 게 있어?",
            "norm_text": "건강을 위해서 하고 있는 게 있어?",
            "speaker": {
              "id": "1번",
              "sex": "여성",
              "age": "20대"
            },
            "speechAct": "(지시) 질문하기",
            "morpheme": "건강/NNG+을/JKO+위해서/VV+EC+하/VV+고/EC+있/VX+는/ETM+게/NNB+JKS+있/VA+어/EF"
          },
          {
            "id": 2,
            "text": "1 : 운동이라든가 병원을 가든가 영양제를 먹는 것처럼!",
            "norm_text": "운동이라든가 병원을 가든가 영양제를 먹는 것처럼!",
            "speaker": {
              "id": "1번",
              "sex": "여성",
              "age": "20대"
            },
            "speechAct": "(지시) 질문하기",
            "morpheme": "운동/NNG+이라든가/JC+병원/NNG+을/JKO+가/VV+든가/EC+영양제/NNG+를/JKO+먹/VV+는/ETM+것/NNB+처럼/JKB"
          },
          {
            "id": 3,
            "text": "2 : 음 요즘에는 회사 출퇴근이 벅차서 못하고 있는데 원래 홈트도 나름 하는 편이고 산책이나 조깅 자주 해",
            "norm_text": "음 요즘에는 회사 출퇴근이 벅차서 못하고 있는데 원래 홈트도 나름 하는 편이고 산책이나 조깅 자주 해",
            "speaker": {
              "id": "2번",
              "sex": "여성",
              "age": "20대"
            },
            "speechAct": "(단언) 진술하기",
            "morpheme": "음/IC+요즘/NNG+에/JKB+는/JX+회사/NNG+출퇴근/NNG+이/JKS+벅차/VV+서/EC+못하/VX+고/EC+있/VX+는데/EC+원래/MAG+홈/NNG+트/NNG+도/JX+나름/NNB+하/VV+는/ETM+편/NNB+이/VCP+고/EC+산책/NNG+이나/JC+조깅/NNG+자주/MAG+해/VV+EC"
          },
          {
            "id": 4,
            "text": "2 : 너는 운동 좀 해?",
            "norm_text": "너는 운동 좀 해?",
            "speaker": {
              "id": "2번",
              "sex": "여성",
              "age": "20대"
            },
            "speechAct": "(지시) 질문하기",
            "morpheme": "너/NP+는/JX+운동/NNG+좀/MAG+해/VV+EF"
          },
          {
            "id": 5,
            "text": "1 : 응 나는 헬스도 하고 요즘에 골프도 좀 배우고 있어!",
            "norm_text": "응 나는 헬스도 하고 요즘에 골프도 좀 배우고 있어!",
            "speaker": {
              "id": "1번",
              "sex": "여성",
              "age": "20대"
            },
            "speechAct": "(단언) 진술하기",
            "morpheme": "응/IC+나/NP+는/JX+헬스/NNG+도/JX+하/VV+고/EC+요즘/NNG+에/JKB+골프/NNG+도/JX+좀/MAG+배우/VV+고/EC+있/VX+어/EF"
          },
          {
            "id": 6,
            "text": "1 : 이제는 영양제도 꾸준히 챙겨 먹으려고 노력 중이야 하하",
            "norm_text": "이제는 영양제도 꾸준히 챙겨 먹으려고 노력 중이야 하하",
            "speaker": {
              "id": "1번",
              "sex": "여성",
              "age": "20대"
            },
            "speechAct": "(단언) 진술하기",
            "morpheme": "이제/NNG+는/JX+영양제/NNG+도/JX+꾸준히/MAG+챙겨/VV+EC+먹/VV+으려고/EC+노력/NNG+중/NNB+이/VCP+야/EC+하하/MAG"
          },
          {
            "id": 7,
            "text": "1 : 아파서 치료나 수술받은 적 있어?",
            "norm_text": "아파서 치료나 수술받은 적 있어?",
            "speaker": {
              "id": "1번",
              "sex": "여성",
              "age": "20대"
            },
            "speechAct": "(지시) 질문하기",
            "morpheme": "아파서/VA+EC+치료/NNG+나/JC+수술/NNG+받/VV+은/ETM+적/NNB+있/VA+어/EF"
          },
          {
            "id": 8,
            "text": "2 : 어깨 뻐근하고 뭉치고 이런 것 때문에 한의원 한동안 다녔었는데 몸 아프니까 진짜 고생이더라",
            "norm_text": "어깨 뻐근하고 뭉치고 이런 것 때문에 한의원 한동안 다녔었는데 몸 아프니까 진짜 고생이더라",
            "speaker": {
              "id": "2번",
              "sex": "여성",
              "age": "20대"
            },
            "speechAct": "(단언) 주장하기",
            "morpheme": "어깨/NNG+뻐근/XR+하/XSA+고/EC+뭉치/VV+고/EC+이런/MM+것/NNB+때문/NNB+에/JKB+한/MM+의원/NNG+한/XSA+ETM+동안/NNG+다녔었/VV+EP+는데/EC+몸/NNG+아프/VA+니까/EC+진짜/MAG+고생/NNG+이/VCP+더라/EC"
          },
          {
            "id": 9,
            "text": "2 : 돈도 많이 들고...",
            "norm_text": "돈도 많이 들고...",
            "speaker": {
              "id": "2번",
              "sex": "여성",
              "age": "20대"
            },
            "speechAct": "(단언) 주장하기",
            "morpheme": "돈/NNG+도/JX+많이/MAG+들/VV+고/EC+./SY+./SY"
          },
          {
            "id": 10,
            "text": "2 : 헬스 꾸준히 해서 몸에 달라지는 변화 같은 거 있어?",
            "norm_text": "헬스 꾸준히 해서 몸에 달라지는 변화 같은 거 있어?",
            "speaker": {
              "id": "2번",
              "sex": "여성",
              "age": "20대"
            },
            "speechAct": "(지시) 질문하기",
            "morpheme": "헬스/NNG+꾸준히/MAG+해서/VV+EC+몸/NNG+에/JKB+달라지/VV+는/ETM+변화/NNG+같/VA+은/ETM+거/NNB+있/VA+어/EF"
          },
          {
            "id": 11,
            "text": "1 : 그렇게까지 빡세게 하진 않아서 키키",
            "norm_text": "그렇게까지 빡세게 하진 않아서 키키",
            "speaker": {
              "id": "1번",
              "sex": "여성",
              "age": "20대"
            },
            "speechAct": "(단언) 진술하기",
            "morpheme": "그렇게/MAG+까지/JX+빡세/VA+게/EC+하/VV+진/EC+JX+않/VX+아서/EC+키/NNG+키/XSV+ETN"
          },
          {
            "id": 12,
            "text": "1 : 큰 변화는 모르겠는데 그래도 하고 나면 뿌듯해!",
            "norm_text": "큰 변화는 모르겠는데 그래도 하고 나면 뿌듯해!",
            "speaker": {
              "id": "1번",
              "sex": "여성",
              "age": "20대"
            },
            "speechAct": "(단언) 주장하기",
            "morpheme": "큰/VA+ETM+변화/NNG+는/JX+모르/VV+겠/EP+는데/EC+그래도/VV+EC+하/VV+고/EC+나/VX+면/EC+뿌/VX+듯/EC+해/VX+EF"
          },
          {
            "id": 13,
            "text": "1 : 병원도 보험이 되는 거면 괜찮은데 안 그러면 돈이 너무 많이 들긴 하더라 ㅠㅠ",
            "norm_text": "병원도 보험이 되는 거면 괜찮은데 안 그러면 돈이 너무 많이 들긴 하더라 ㅠㅠ",
            "speaker": {
              "id": "1번",
              "sex": "여성",
              "age": "20대"
            },
            "speechAct": "(단언) 주장하기",
            "morpheme": "병원/NNG+도/JX+보험/NNG+이/JKS+되/VV+는/ETM+거/NNB+면/VCP+EC+괜찮/VA+은데/EC+안/MAG+그러/VV+면/EC+돈/NNG+이/JKS+너무/MAG+많이/MAG+들/VV+긴/ETN+JX+하/VX+더라/EF+ㅠㅠ/UNKNOWN"
          },
          {
            "id": 14,
            "text": "2 : 오 그치 보험이 안 되는 항목이었어서 돈이 많이 깨졌지",
            "norm_text": "오 그치 보험이 안 되는 항목이었어서 돈이 많이 깨졌지",
            "speaker": {
              "id": "2번",
              "sex": "여성",
              "age": "20대"
            },
            "speechAct": "(단언) 진술하기",
            "morpheme": "오/IC+그치/IC+보험/NNG+이/JKS+안/MAG+되/VV+는/ETM+항목/NNG+이/VCP+었/EP+어서/EC+돈/NNG+이/JKS+많이/MAG+깨졌/VV+EP+지/EC"
          },
          {
            "id": 15,
            "text": "2 : 그럼 나중을 생각해서 보험 같은 것도 든 게 있어?",
            "norm_text": "그럼 나중을 생각해서 보험 같은 것도 든 게 있어?",
            "speaker": {
              "id": "2번",
              "sex": "여성",
              "age": "20대"
            },
            "speechAct": "(지시) 질문하기",
            "morpheme": "그럼/MAJ+나중/NNG+을/JKO+생각/NNG+해서/XSV+EC+보험/NNG+같/VA+은/ETM+것/NNB+도/JX+든게/VV+ETM+NNB+JKS+있/VA+어/EF"
          },
          {
            "id": 16,
            "text": "1 : 엄마가 예전에 들어준 게 있는 거 같은데 자세하게는 모르겠어...",
            "norm_text": "엄마가 예전에 들어준 게 있는 거 같은데 자세하게는 모르겠어...",
            "speaker": {
              "id": "1번",
              "sex": "여성",
              "age": "20대"
            },
            "speechAct": "(단언) 진술하기",
            "morpheme": "엄마/NNG+가/JKS+예전/NNG+에/JKB+들어준/VV+ETM+게/NNB+JKS+있/VA+는/ETM+거/NNB+같/VA+은데/EC+자세/XR+하/XSA+게/EC+는/JX+모르/VV+겠/EP+어/EF+./SY"
          },
          {
            "id": 17,
            "text": "1 : 너는 있어?",
            "norm_text": "너는 있어?",
            "speaker": {
              "id": "1번",
              "sex": "여성",
              "age": "20대"
            },
            "speechAct": "(지시) 질문하기",
            "morpheme": "너/NP+는/JX+있/VX+어/EF"
          },
          {
            "id": 18,
            "text": "2 : 나도 있기는 한데 관리를 잘 안 해서 모르겠다 키키",
            "norm_text": "나도 있기는 한데 관리를 잘 안 해서 모르겠다 키키",
            "speaker": {
              "id": "2번",
              "sex": "여성",
              "age": "20대"
            },
            "speechAct": "(단언) 진술하기",
            "morpheme": "나/NP+도/JX+있/VX+기/ETN+는/JX+한데/VX+EC+관리/NNG+를/JKO+잘/MAG+안/MAG+해서/VV+EC+모르/VV+겠/EP+다키키/NNP"
          },
          {
            "id": 19,
            "text": "2 : 어떤 보험 들었는지도 몰라?",
            "norm_text": "어떤 보험 들었는지도 몰라?",
            "speaker": {
              "id": "2번",
              "sex": "여성",
              "age": "20대"
            },
            "speechAct": "(지시) 질문하기",
            "morpheme": "어떤/MM+보험/NNG+들/VV+었/EP+는지/EC+도/JX+몰라/VV+EF"
          },
          {
            "id": 20,
            "text": "1 : 응 잘 모르겠어 하하",
            "norm_text": "응 잘 모르겠어 하하",
            "speaker": {
              "id": "1번",
              "sex": "여성",
              "age": "20대"
            },
            "speechAct": "(단언) 진술하기",
            "morpheme": "응/IC+잘/MAG+모르/VV+겠/EP+어/EC+하하/MAG"
          },
          {
            "id": 21,
            "text": "1 : 나는 라식 수술을 했었어서 눈 건강도 신경을 써야 하는데 너처럼 블루라이트 차단 안경을 쓸까?",
            "norm_text": "나는 라식 수술을 했었어서 눈 건강도 신경을 써야 하는데 너처럼 블루라이트 차단 안경을 쓸까?",
            "speaker": {
              "id": "1번",
              "sex": "여성",
              "age": "20대"
            },
            "speechAct": "(지시) 질문하기",
            "morpheme": "나/NP+는/JX+라식/NNG+수술/NNG+을/JKO+했었/VV+EP+어서/EC+눈/NNG+건강/NNG+도/JX+신경/NNG+을/JKO+써야/VV+EC+하/VV+는데/EC+너/NP+처럼/JKB+블/NNG+루/JKB+라이트/NNG+차단/NNG+안경/NNG+을/JKO+쓸까/VV+EF"
          },
          {
            "id": 22,
            "text": "2 : 이게 엄청 효과가 있는 건지는 사실 잘 모르겠지만 난 워낙 눈이 많이 아픈 편이라 기분 탓으로 쓰는 것도 있어",
            "norm_text": "이게 엄청 효과가 있는 건지는 사실 잘 모르겠지만 난 워낙 눈이 많이 아픈 편이라 기분 탓으로 쓰는 것도 있어",
            "speaker": {
              "id": "2번",
              "sex": "여성",
              "age": "20대"
            },
            "speechAct": "(단언) 진술하기",
            "morpheme": "이게/NP+JKS+엄청/MAG+효과/NNG+가/JKS+있/VA+는/ETM+건지/NNB+VCP+EC+는/JX+사실/MAG+잘/MAG+모르/VV+겠/EP+지만/EC+난/NP+JX+워낙/MAG+눈/NNG+이/JKS+많이/MAG+아픈/VA+ETM+편/NNB+이/VCP+라/EC+기분/NNG+탓/NNG+으로/JKB+쓰/VV+는/ETM+것/NNB+도/JX+있/VA+어/EC"
          },
          {
            "id": 23,
            "text": "2 : 루테인을 챙겨 먹는 것도 괜찮을 것 같은데?",
            "norm_text": "루테인을 챙겨 먹는 것도 괜찮을 것 같은데?",
            "speaker": {
              "id": "2번",
              "sex": "여성",
              "age": "20대"
            },
            "speechAct": "(지시) 충고/제안하기",
            "morpheme": "루테인/NNG+을/JKO+챙겨/VV+EC+먹/VV+는/ETM+것/NNB+도/JX+괜찮/VA+을/ETM+것/NNB+같/VA+은데/EF"
          },
          {
            "id": 24,
            "text": "1 : 응 맞아 그것도 생각하고 있어!",
            "norm_text": "응 맞아 그것도 생각하고 있어!",
            "speaker": {
              "id": "1번",
              "sex": "여성",
              "age": "20대"
            },
            "speechAct": "(단언) 주장하기",
            "morpheme": "응/IC+맞아/IC+그것/NP+도/JX+생각/NNG+하/XSV+고/EC+있/VX+어/EF"
          },
          {
            "id": 25,
            "text": "1 : 확실히 하루 종일 컴퓨터 보니까 저녁 때쯤 되면 눈이 시릴 때도 있어서 안경도 한번 생각해봐야겠어",
            "norm_text": "확실히 하루 종일 컴퓨터 보니까 저녁 때쯤 되면 눈이 시릴 때도 있어서 안경도 한번 생각해봐야겠어",
            "speaker": {
              "id": "1번",
              "sex": "여성",
              "age": "20대"
            },
            "speechAct": "(단언) 주장하기",
            "morpheme": "확실히/MAG+하루/NNG+종일/NNG+컴퓨터/NNG+보/VV+니까/EC+저녁/NNG+때/NNG+쯤/XSN+되/VV+면/EC+눈/NNG+이/JKS+시릴/VA+ETM+때/NNG+도/JX+있/VA+어서/EC+안경/NNG+도/JX+한/MM+번/NNBC+생각/NNG+해봐야/XSV+EC+VX+EC+VX+겠/EP+어/EC"
          },
          {
            "id": 26,
            "text": "2 : 그럼 또 뭐 다른 영양제 챙겨 먹고 있는 건 있어?",
            "norm_text": "그럼 또 뭐 다른 영양제 챙겨 먹고 있는 건 있어?",
            "speaker": {
              "id": "2번",
              "sex": "여성",
              "age": "20대"
            },
            "speechAct": "(지시) 질문하기",
            "morpheme": "그럼/MAJ+또/MAG+뭐/IC+다른/MM+영양제/NNG+챙겨/VV+EC+먹/VV+고/EC+있/VX+는/ETM+건/NNB+JX+있/VA+어/EF"
          },
          {
            "id": 27,
            "text": "1 : 응 요새는 매일 챙겨 먹어! 종합비타민이랑 카베진이랑 실리마린",
            "norm_text": "응 요새는 매일 챙겨 먹어! 종합비타민이랑 카베진이랑 실리마린",
            "speaker": {
              "id": "1번",
              "sex": "여성",
              "age": "20대"
            },
            "speechAct": "(단언) 진술하기",
            "morpheme": "응/IC+요새/NNG+는/JX+매일/MAG+챙겨/VV+EC+먹/VV+어/EF+종합/NNG+비타민/NNG+이랑/JC+카베/NNP+진/NNP+이랑/JC+실리마린/NNG"
          },
          {
            "id": 28,
            "text": "1 : 너는?",
            "norm_text": "너는?",
            "speaker": {
              "id": "1번",
              "sex": "여성",
              "age": "20대"
            },
            "speechAct": "(지시) 질문하기",
            "morpheme": "너/NP+는/JX"
          },
          {
            "id": 29,
            "text": "2 : 나는 유산균이랑 프로틴이랑 영양제는 아니지만 간에 좋다는 양파즙 먹고 있는데 다들 효과가 있는지 모르겠어",
            "norm_text": "나는 유산균이랑 프로틴이랑 영양제는 아니지만 간에 좋다는 양파즙 먹고 있는데 다들 효과가 있는지 모르겠어",
            "speaker": {
              "id": "2번",
              "sex": "여성",
              "age": "20대"
            },
            "speechAct": "(단언) 주장하기",
            "morpheme": "나/NP+는/JX+유산균/NNG+이랑/JKB+프로/NNG+틴/NNG+이랑/JKB+영양제/NNG+는/JX+아니/VCN+지만/EC+간/NNB+에/JKB+좋/VA+다는/ETM+양파/NNG+즙/NNG+먹/VV+고/EC+있/VX+는데다/EC+들/XSN+효과/NNG+가/JKS+있/VA+는지/EC+모르/VV+겠/EP+어/EC"
          },
          {
            "id": 30,
            "text": "2 : 너무 피곤해서...",
            "norm_text": "너무 피곤해서...",
            "speaker": {
              "id": "2번",
              "sex": "여성",
              "age": "20대"
            },
            "speechAct": "(단언) 주장하기",
            "morpheme": "너무/MAG+피곤/NNG+해서/XSV+EC+./SY+./SY"
          },
          {
            "id": 31,
            "text": "1 : 양파즙만 먹어서는 안 될 거 같은데...",
            "norm_text": "양파즙만 먹어서는 안 될 거 같은데...",
            "speaker": {
              "id": "1번",
              "sex": "여성",
              "age": "20대"
            },
            "speechAct": "(단언) 주장하기",
            "morpheme": "양파/NNG+즙/NNG+만/JX+먹/VV+어서/EC+는/JX+안/MAG+될/VV+ETM+거/NNB+같/VA+은데/EF+./SY"
          },
          {
            "id": 32,
            "text": "1 : 밥도 더 잘 챙겨 먹고 운동도 좀 해봐!",
            "norm_text": "밥도 더 잘 챙겨 먹고 운동도 좀 해봐!",
            "speaker": {
              "id": "1번",
              "sex": "여성",
              "age": "20대"
            },
            "speechAct": "(지시) 충고/제안하기",
            "morpheme": "밥/NNG+도/JX+더/MAG+잘/MAG+챙겨/VV+EC+먹/VV+고/EC+운동/NNG+도/JX+좀/MAG+해/VV+EC+봐/VX+EF"
          },
          {
            "id": 33,
            "text": "1 : 간에 좋으려면 우루사나 밀크시슬 먹어도 좋대",
            "norm_text": "간에 좋으려면 우루사나 밀크시슬 먹어도 좋대",
            "speaker": {
              "id": "1번",
              "sex": "여성",
              "age": "20대"
            },
            "speechAct": "(단언) 진술하기",
            "morpheme": "간/NNG+에/JKB+좋/VA+으려면/EC+우루/NNG+사나/NNG+밀/VV+ETM+크시/NNG+슬/MAG+먹/VV+어도/EC+좋/VA+대/EC"
          },
          {
            "id": 34,
            "text": "2 : 한국인은 밥심이지",
            "norm_text": "한국인은 밥심이지",
            "speaker": {
              "id": "2번",
              "sex": "여성",
              "age": "20대"
            },
            "speechAct": "(단언) 주장하기",
            "morpheme": "한국인/NNG+은/JX+밥심/NNG+이/VCP+지/EC"
          },
          {
            "id": 35,
            "text": "2 : 밥을 더 잘 챙겨 먹을게!",
            "norm_text": "밥을 더 잘 챙겨 먹을게!",
            "speaker": {
              "id": "2번",
              "sex": "여성",
              "age": "20대"
            },
            "speechAct": "(단언) 주장하기",
            "morpheme": "밥/NNG+을/JKO+더/MAG+잘/MAG+챙겨/VV+EC+먹/VV+을/ETM+게/NNB+JKS"
          }
        ]
      }
    }
  ]
}