{
  "dataset": {
    "identifier": 118015,
    "name": "NATEON_28_04_set",
    "src_path": "/data/file/cubeManager/PROJECT001/80/txt20211102103851055985/NATEON_28_04_set/",
    "label_path": "/data/file/cubeManager/PROJECT001/80/txt20211102103851055985/NATEON_28_04_set/",
    "category": 2,
    "type": 0
  },
  "licenses": {
    "name": "Apache License 1.0",
    "url": "http://www.apache.org/licenses/LICENSE-1.0"
  },
  "info": [
    {
      "id": 129847,
      "filename": "NATEON_28_04.txt",
      "title": "NATEON_28_04",
      "mediatype": "메신저",
      "medianame": "네이트온",
      "category": "일상대화",
      "date": "2021-11-02",
      "size": 395,
      "annotations": {
        "subject": "회사/아르바이트",
        "speaker_type": "다자간 대화",
        "size": 395,
        "word_size": 130,
        "text": "1 : 나 이번에 알바에서 잘렸어 ㅠㅠ\n2 : 헐 왜 너 같은 인재를 짤랐데 ㅠㅠ\n3 : 헐 사장님한테 무슨 실수했어?\n1 : 아니 ㅠ 고객 응대가 조금 부족 했데\n2 : 아니 좀 실수 할 수도 있지 ㅠㅠ 너무하네...\n3 : 헐... 어느 정도로 응대를 해야 되는 건데...\n1 : 그러니까 요즘엔 진짜 고객이 갑이야\n2 : 요즘은 고객들도 직원들한테 친절 한 거 같던데 ㅠㅠ\n3 : 와... 이러니까 알바생들이 힘들지\n3 : 너무 상심하지 말고 힘내!\n1 : 응! 그래도 바로 아르바이트 새로 구했어!\n2 : 잘햇어!\n2 : 거기 너랑 연이 아니였나 봐 털어버려~!\n3 : 오오 키키 진짜 능력 좋다!\n1 : 응 하하 이번에 나 알바하는데 놀러 와\n2 : 웅 너 일하는데 구경 한번 가야겠다 하하\n3 : 응 거기서 주문 많이 할께!",
        "lines": [
          {
            "id": 1,
            "text": "1 : 나 이번에 알바에서 잘렸어 ㅠㅠ",
            "norm_text": "나 이번에 알바에서 잘렸어 ㅠㅠ",
            "speaker": {
              "id": "1번",
              "sex": "여성",
              "age": "20대"
            },
            "speechAct": "(단언) 진술하기",
            "morpheme": "나/NP+이번/NNG+에/JKB+알/VV+ETM+바/NNB+에서/JKB+잘렸/VV+EP+어/EF+ㅠㅠ/UNKNOWN"
          },
          {
            "id": 2,
            "text": "2 : 헐 왜 너 같은 인재를 짤랐데 ㅠㅠ",
            "norm_text": "헐 왜 너 같은 인재를 짤랐데 ㅠㅠ",
            "speaker": {
              "id": "2번",
              "sex": "여성",
              "age": "20대"
            },
            "speechAct": "(단언) 주장하기",
            "morpheme": "헐/IC+왜/MAG+너/NP+같/VA+은/ETM+인재/NNG+를/JKO+짤랐/VV+EP+데/NNB+ㅠㅠ/UNKNOWN"
          },
          {
            "id": 3,
            "text": "3 : 헐 사장님한테 무슨 실수했어?",
            "norm_text": "헐 사장님한테 무슨 실수했어?",
            "speaker": {
              "id": "3번",
              "sex": "남성",
              "age": "20대"
            },
            "speechAct": "(지시) 질문하기",
            "morpheme": "헐/IC+사장/NNG+님/XSN+한테/JKB+무슨/MM+실수/NNG+했/XSV+EP+어/EF"
          },
          {
            "id": 4,
            "text": "1 : 아니 ㅠ 고객 응대가 조금 부족 했데",
            "norm_text": "아니 ㅠ 고객 응대가 조금 부족 했데",
            "speaker": {
              "id": "1번",
              "sex": "여성",
              "age": "20대"
            },
            "speechAct": "(단언) 진술하기",
            "morpheme": "아니/IC+ㅠ/UNKNOWN+고객/NNG+응대/NNG+가/JKS+조금/MAG+부족/NNG+했/XSV+EP+데/EC"
          },
          {
            "id": 5,
            "text": "2 : 아니 좀 실수 할 수도 있지 ㅠㅠ 너무하네...",
            "norm_text": "아니 좀 실수 할 수도 있지 ㅠㅠ 너무하네...",
            "speaker": {
              "id": "2번",
              "sex": "여성",
              "age": "20대"
            },
            "speechAct": "(단언) 주장하기",
            "morpheme": "아니/IC+좀/MAG+실수/NNG+할/XSV+ETM+수/NNB+도/JX+있/VA+지/EC+ㅠㅠ/UNKNOWN+너무/MAG+하/VV+네/EF+./SY"
          },
          {
            "id": 6,
            "text": "3 : 헐... 어느 정도로 응대를 해야 되는 건데...",
            "norm_text": "헐... 어느 정도로 응대를 해야 되는 건데...",
            "speaker": {
              "id": "3번",
              "sex": "남성",
              "age": "20대"
            },
            "speechAct": "(단언) 주장하기",
            "morpheme": "헐/IC+./SY+어느/MM+정도/NNG+로/JKB+응대/NNG+를/JKO+해야/VV+EC+되/VV+는/ETM+건데/NNB+VCP+EF+./SY"
          },
          {
            "id": 7,
            "text": "1 : 그러니까 요즘엔 진짜 고객이 갑이야",
            "norm_text": "그러니까 요즘엔 진짜 고객이 갑이야",
            "speaker": {
              "id": "1번",
              "sex": "여성",
              "age": "20대"
            },
            "speechAct": "(단언) 주장하기",
            "morpheme": "그러니까/MAJ+요즘/NNG+엔/JKB+JX+진짜/MAG+고객/NNG+이갑/NNG+이/VCP+야/EC"
          },
          {
            "id": 8,
            "text": "2 : 요즘은 고객들도 직원들한테 친절 한 거 같던데 ㅠㅠ",
            "norm_text": "요즘은 고객들도 직원들한테 친절 한 거 같던데 ㅠㅠ",
            "speaker": {
              "id": "2번",
              "sex": "여성",
              "age": "20대"
            },
            "speechAct": "(단언) 주장하기",
            "morpheme": "요즘/NNG+은/JX+고객/NNG+들/XSN+도/JX+직원/NNG+들/XSN+한테/JKB+친절/NNG+한/XSA+ETM+거/NNB+같/VA+던데/EC+ㅠㅠ/UNKNOWN"
          },
          {
            "id": 9,
            "text": "3 : 와... 이러니까 알바생들이 힘들지",
            "norm_text": "와... 이러니까 알바생들이 힘들지",
            "speaker": {
              "id": "3번",
              "sex": "남성",
              "age": "20대"
            },
            "speechAct": "(단언) 주장하기",
            "morpheme": "와/IC+./SY+이러/VV+니까/EC+알/VV+ETM+바/NNB+생/XSN+들/XSN+이/JKS+힘들/VA+지/EC"
          },
          {
            "id": 10,
            "text": "3 : 너무 상심하지 말고 힘내!",
            "norm_text": "너무 상심하지 말고 힘내!",
            "speaker": {
              "id": "3번",
              "sex": "남성",
              "age": "20대"
            },
            "speechAct": "(단언) 주장하기",
            "morpheme": "너무/MAG+상심/NNG+하/XSV+지/EC+말/VX+고/EC+힘내/VV+EC"
          },
          {
            "id": 11,
            "text": "1 : 응! 그래도 바로 아르바이트 새로 구했어!",
            "norm_text": "응! 그래도 바로 아르바이트 새로 구했어!",
            "speaker": {
              "id": "1번",
              "sex": "여성",
              "age": "20대"
            },
            "speechAct": "(단언) 진술하기",
            "morpheme": "응/IC+그래도/MAJ+바로/MAG+아르바이트/NNG+새로/MAG+구했/VV+EP+어/EF"
          },
          {
            "id": 12,
            "text": "2 : 잘햇어!",
            "norm_text": "잘햇어!",
            "speaker": {
              "id": "2번",
              "sex": "여성",
              "age": "20대"
            },
            "speechAct": "(단언) 주장하기",
            "morpheme": "잘/MAG+햇/VV+EP+어/EF"
          },
          {
            "id": 13,
            "text": "2 : 거기 너랑 연이 아니였나 봐 털어버려~!",
            "norm_text": "거기 너랑 연이 아니였나 봐 털어버려~!",
            "speaker": {
              "id": "2번",
              "sex": "여성",
              "age": "20대"
            },
            "speechAct": "(단언) 주장하기",
            "morpheme": "거기너랑연이아니였나봐털어버려/UNKNOWN+~/SY"
          },
          {
            "id": 14,
            "text": "3 : 오오 키키 진짜 능력 좋다!",
            "norm_text": "오오 키키 진짜 능력 좋다!",
            "speaker": {
              "id": "3번",
              "sex": "남성",
              "age": "20대"
            },
            "speechAct": "(단언) 주장하기",
            "morpheme": "오/NR+오/NR+키/NNG+키/XSV+ETN+진짜/MAG+능력/NNG+좋/VA+다/EF"
          },
          {
            "id": 15,
            "text": "1 : 응 하하 이번에 나 알바하는데 놀러 와",
            "norm_text": "응 하하 이번에 나 알바하는데 놀러 와",
            "speaker": {
              "id": "1번",
              "sex": "여성",
              "age": "20대"
            },
            "speechAct": "(지시) 충고/제안하기",
            "morpheme": "응/IC+하하/MAG+이번/NNG+에/JKB+나/JX+알/VV+ETM+바/NNB+하/VV+는/ETM+데/NNB+놀러와/VV+EF"
          },
          {
            "id": 16,
            "text": "2 : 웅 너 일하는데 구경 한번 가야겠다 하하",
            "norm_text": "웅 너 일하는데 구경 한번 가야겠다 하하",
            "speaker": {
              "id": "2번",
              "sex": "여성",
              "age": "20대"
            },
            "speechAct": "(언약) 약속하기(제3자와)/(개인적 수준)",
            "morpheme": "웅/IC+너/NP+일/NNG+하/XSV+는/ETM+데/NNB+구경/NNG+한/MM+번/NNBC+가/VV+야겠다/EC+VX+EP+EC+하하/MAG"
          },
          {
            "id": 17,
            "text": "3 : 응 거기서 주문 많이 할께!",
            "norm_text": "응 거기서 주문 많이 할께!",
            "speaker": {
              "id": "3번",
              "sex": "남성",
              "age": "20대"
            },
            "speechAct": "(언약) 약속하기(제3자와)/(개인적 수준)",
            "morpheme": "응/IC+거기/NP+서/JKB+주문/NNG+많이/MAG+할께/VV+EF"
          }
        ]
      }
    }
  ]
}