{
  "dataset": {
    "identifier": 113630,
    "name": "NATEON_37_04_set",
    "src_path": "/data/file/cubeManager/PROJECT001/80/txt20211103151015015074/NATEON_37_04_set/",
    "label_path": "/data/file/cubeManager/PROJECT001/80/txt20211103151015015074/NATEON_37_04_set/",
    "category": 2,
    "type": 0
  },
  "licenses": {
    "name": "Apache License 1.0",
    "url": "http://www.apache.org/licenses/LICENSE-1.0"
  },
  "info": [
    {
      "id": 134447,
      "filename": "NATEON_37_04.txt",
      "title": "NATEON_37_04",
      "mediatype": "메신저",
      "medianame": "네이트온",
      "category": "일상대화",
      "date": "2021-11-03",
      "size": 420,
      "annotations": {
        "subject": "회사/아르바이트",
        "speaker_type": "다자간 대화",
        "size": 420,
        "word_size": 148,
        "text": "1 : 나 이번에 마카롱 가게 알바 해 하하\n2 : 오 마카롱 만드는 거 어렵던데 ㅠㅠ\n3 : 와 사람 미어 터지겠네 키키\n1 : 아니 마카롱을 진짜 많이 먹더라\n2 : 거기 마카롱 가게 장사 잘 되는 곳이야?\n3 : 우리 부모님도 마카롱 좋아해\n1 : 응 하하 인스타에서 유명한 곳이야\n2 : 나 마카롱 만들어봤는데 ㅠㅠ 그거 손 많이 가더라고 ㅠㅠ\n3 : 하필이면 유명한 곳에 알바를 해!\n1 : 남으면 좀 줄까 봐, 나도 좋아해,\n2 : 맞아 좀 넉넉한 데로 들어가지 그랬어 ㅠㅠ\n3 : 키키 남는 것도 없이 다 팔릴 걸?\n1 : 아마 그럴 거 같아 키키 지금\n2 : 그래도 바빠서 시간은 엄청 잘 갈 거 같아 키키\n3 : 나도 다음에 가서 사 먹어야지\n1 : 응 다들 여기 가게 놀러 와 하하\n2 : 응 다음에 사 먹으러 가 봐야겠네 키키\n3 : 응 위치 좀 찍어서 보내줘!",
        "lines": [
          {
            "id": 1,
            "text": "1 : 나 이번에 마카롱 가게 알바 해 하하",
            "norm_text": "나 이번에 마카롱 가게 알바 해 하하",
            "speaker": {
              "id": "1번",
              "sex": "여성",
              "age": "20대"
            },
            "speechAct": "(단언) 진술하기",
            "morpheme": "나/NP+이번/NNG+에/JKB+마카롱/NNG+가/VV+게/EC+알/VV+ETM+바/NNB+해/VV+EC+하하/MAG"
          },
          {
            "id": 2,
            "text": "2 : 오 마카롱 만드는 거 어렵던데 ㅠㅠ",
            "norm_text": "오 마카롱 만드는 거 어렵던데 ㅠㅠ",
            "speaker": {
              "id": "2번",
              "sex": "여성",
              "age": "20대"
            },
            "speechAct": "(단언) 진술하기",
            "morpheme": "오/NR+마카롱/NNG+만드/VV+는/ETM+거/NNB+어렵/VA+던데/EC+ㅠㅠ/UNKNOWN"
          },
          {
            "id": 3,
            "text": "3 : 와 사람 미어 터지겠네 키키",
            "norm_text": "와 사람 미어 터지겠네 키키",
            "speaker": {
              "id": "3번",
              "sex": "남성",
              "age": "20대"
            },
            "speechAct": "(단언) 주장하기",
            "morpheme": "와/IC+사람/NNG+미어터지/VV+겠/EP+네/EF+키/NNG+키/XSV+ETN"
          },
          {
            "id": 4,
            "text": "1 : 아니 마카롱을 진짜 많이 먹더라",
            "norm_text": "아니 마카롱을 진짜 많이 먹더라",
            "speaker": {
              "id": "1번",
              "sex": "여성",
              "age": "20대"
            },
            "speechAct": "(단언) 주장하기",
            "morpheme": "아니/IC+마카롱/NNG+을/JKO+진짜/MAG+많이/MAG+먹/VV+더라/EC"
          },
          {
            "id": 5,
            "text": "2 : 거기 마카롱 가게 장사 잘 되는 곳이야?",
            "norm_text": "거기 마카롱 가게 장사 잘 되는 곳이야?",
            "speaker": {
              "id": "2번",
              "sex": "여성",
              "age": "20대"
            },
            "speechAct": "(지시) 질문하기",
            "morpheme": "거기/NP+마카롱/NNG+가/VV+게/EC+장사/NNG+잘/MAG+되/VV+는/ETM+곳/NNG+이/VCP+야/EF"
          },
          {
            "id": 6,
            "text": "3 : 우리 부모님도 마카롱 좋아해",
            "norm_text": "우리 부모님도 마카롱 좋아해",
            "speaker": {
              "id": "3번",
              "sex": "남성",
              "age": "20대"
            },
            "speechAct": "(단언) 주장하기",
            "morpheme": "우리/NP+부모/NNG+님/XSN+도/JX+마카롱/NNG+좋/VA+아/EC+해/VV+EC"
          },
          {
            "id": 7,
            "text": "1 : 응 하하 인스타에서 유명한 곳이야",
            "norm_text": "응 하하 인스타에서 유명한 곳이야",
            "speaker": {
              "id": "1번",
              "sex": "여성",
              "age": "20대"
            },
            "speechAct": "(단언) 주장하기",
            "morpheme": "응/IC+하하/MAG+인/VCP+ETM+스타/NNG+에서/JKB+유명/XR+한/XSA+ETM+곳/NNG+이/VCP+야/EC"
          },
          {
            "id": 8,
            "text": "2 : 나 마카롱 만들어봤는데 ㅠㅠ 그거 손 많이 가더라고 ㅠㅠ",
            "norm_text": "나 마카롱 만들어봤는데 ㅠㅠ 그거 손 많이 가더라고 ㅠㅠ",
            "speaker": {
              "id": "2번",
              "sex": "여성",
              "age": "20대"
            },
            "speechAct": "(단언) 진술하기",
            "morpheme": "나/NP+마카롱/NNG+만들/VV+어/EC+봤/VX+EP+는데/EC+ㅠㅠ/UNKNOWN+그거/NP+손/JX+많이/MAG+가/VV+더라고/EF+ㅠㅠ/UNKNOWN"
          },
          {
            "id": 9,
            "text": "3 : 하필이면 유명한 곳에 알바를 해!",
            "norm_text": "하필이면 유명한 곳에 알바를 해!",
            "speaker": {
              "id": "3번",
              "sex": "남성",
              "age": "20대"
            },
            "speechAct": "(단언) 주장하기",
            "morpheme": "하필/NNG+이/VCP+면/EC+유명/XR+한/XSA+ETM+곳/NNG+에/JKB+알/VV+ETM+바/NNB+를/JKO+해/VV+EF"
          },
          {
            "id": 10,
            "text": "1 : 남으면 좀 줄까 봐, 나도 좋아해,",
            "norm_text": "남으면 좀 줄까 봐, 나도 좋아해,",
            "speaker": {
              "id": "1번",
              "sex": "여성",
              "age": "20대"
            },
            "speechAct": "(단언) 주장하기",
            "morpheme": "남/VV+으면/EC+좀/MAG+줄까/VV+EC+봐/VX+EF+,/SC+나/NP+도/JX+좋/VA+아/EC+해/VX+EF+,/SC"
          },
          {
            "id": 11,
            "text": "2 : 맞아 좀 넉넉한 데로 들어가지 그랬어 ㅠㅠ",
            "norm_text": "맞아 좀 넉넉한 데로 들어가지 그랬어 ㅠㅠ",
            "speaker": {
              "id": "2번",
              "sex": "여성",
              "age": "20대"
            },
            "speechAct": "(단언) 주장하기",
            "morpheme": "맞/VV+아/EC+좀/MAG+넉넉/XR+한/XSA+ETM+데/NNB+로/JKB+들어가/VV+지/EC+그랬/VV+EP+어/EF+ㅠㅠ/UNKNOWN"
          },
          {
            "id": 12,
            "text": "3 : 키키 남는 것도 없이 다 팔릴 걸?",
            "norm_text": "키키 남는 것도 없이 다 팔릴 걸?",
            "speaker": {
              "id": "3번",
              "sex": "남성",
              "age": "20대"
            },
            "speechAct": "(지시) 질문하기",
            "morpheme": "키/NNG+키/XSV+ETN+남/VV+는/ETM+것/NNB+도/JX+없이/MAG+다/MAG+팔릴/VV+ETM+걸/NNB+JKO"
          },
          {
            "id": 13,
            "text": "1 : 아마 그럴 거 같아 키키 지금",
            "norm_text": "아마 그럴 거 같아 키키 지금",
            "speaker": {
              "id": "1번",
              "sex": "여성",
              "age": "20대"
            },
            "speechAct": "(단언) 주장하기",
            "morpheme": "아마/MAG+그럴/VA+ETM+거/NNB+같/VA+아/EC+키/NNG+키/NNG+지금/NNG"
          },
          {
            "id": 14,
            "text": "2 : 그래도 바빠서 시간은 엄청 잘 갈 거 같아 키키",
            "norm_text": "그래도 바빠서 시간은 엄청 잘 갈 거 같아 키키",
            "speaker": {
              "id": "2번",
              "sex": "여성",
              "age": "20대"
            },
            "speechAct": "(단언) 주장하기",
            "morpheme": "그래도/MAJ+바빠서/VA+EC+시간/NNG+은/JX+엄청/MAG+잘/MAG+갈/VV+ETM+거/NNB+같/VA+아/EC+키/NNG+키/XSV+ETN"
          },
          {
            "id": 15,
            "text": "3 : 나도 다음에 가서 사 먹어야지",
            "norm_text": "나도 다음에 가서 사 먹어야지",
            "speaker": {
              "id": "3번",
              "sex": "남성",
              "age": "20대"
            },
            "speechAct": "(단언) 주장하기",
            "morpheme": "나/NP+도/JX+다음/NNG+에/JKB+가/VV+서/EC+사먹/VV+어야지/EC"
          },
          {
            "id": 16,
            "text": "1 : 응 다들 여기 가게 놀러 와 하하",
            "norm_text": "응 다들 여기 가게 놀러 와 하하",
            "speaker": {
              "id": "1번",
              "sex": "여성",
              "age": "20대"
            },
            "speechAct": "(단언) 주장하기",
            "morpheme": "응/IC+다/MAG+들/XSN+여기/NP+가/VV+게/EC+놀러/NNP+와/JKB+하하/MAG"
          },
          {
            "id": 17,
            "text": "2 : 응 다음에 사 먹으러 가 봐야겠네 키키",
            "norm_text": "응 다음에 사 먹으러 가 봐야겠네 키키",
            "speaker": {
              "id": "2번",
              "sex": "여성",
              "age": "20대"
            },
            "speechAct": "(단언) 주장하기",
            "morpheme": "응/IC+다음/NNG+에/JKB+사먹/VV+으러/EC+가/VX+봐야/EC+VX+EC+VX+겠/EP+네/EF+키/NNG+키/XSV+ETN"
          },
          {
            "id": 18,
            "text": "3 : 응 위치 좀 찍어서 보내줘!",
            "norm_text": "응 위치 좀 찍어서 보내줘!",
            "speaker": {
              "id": "3번",
              "sex": "남성",
              "age": "20대"
            },
            "speechAct": "(지시) 부탁하기",
            "morpheme": "응/IC+위치/NNG+좀/MAG+찍/VV+어서/EC+보내/VV+EC+줘/VX+EF"
          }
        ]
      }
    }
  ]
}