{
  "dataset": {
    "identifier": 112147,
    "name": "NATEON_35_20_set",
    "src_path": "/data/file/cubeManager/PROJECT001/80/txt20211103154238055136/NATEON_35_20_set/",
    "label_path": "/data/file/cubeManager/PROJECT001/80/txt20211103154238055136/NATEON_35_20_set/",
    "category": 2,
    "type": 0
  },
  "licenses": {
    "name": "Apache License 1.0",
    "url": "http://www.apache.org/licenses/LICENSE-1.0"
  },
  "info": [
    {
      "id": 135495,
      "filename": "NATEON_35_20.txt",
      "title": "NATEON_35_20",
      "mediatype": "메신저",
      "medianame": "네이트온",
      "category": "일상대화",
      "date": "2021-11-03",
      "size": 419,
      "annotations": {
        "subject": "영화/만화",
        "speaker_type": "다자간 대화",
        "size": 419,
        "word_size": 144,
        "text": "1 : 지금 ocn에서 오 문희 한다!\n2 : 오 문희?\n2 : 나문희 선생님 영화야?\n3 : 오 제목도 처음 들어봐!\n1 : 응 나문희 선생님 나오는 영화!\n2 : 나 그거 얘기 들었던거 같아 키키\n2 : 보고있어?\n3 : 그건 어떤 종류의 영화야?\n1 : 응 지금 보고 있는데 재밌어!\n1 : 추리물?\n2 : 추리?\n2 : 다큐일 거 같았는데 아닌가 보네 키키\n3 : 오, 추리물이면 어두운 영화 아니야?\n1 : 어둡지는 않고 완전 코메디!\n2 : 코미디 추리몰 궁금하긴 하다 키키\n2 : 지금 첫 부분이야?\n3 : 그럼 가볍게 볼 수 있겠다!\n1 : 응 거의 첫 부분이야 하하\n2 : 오 그럼 나도 지금 틀어서 봐야겠다 키키\n3 : 그럼 지금 틀어서 봐야겠네\n1 : 응 다들 지금 틀어서 봐!\n2 : 첫 부분이면 티비에서 할 때 빨리 봐줘야지 키키\n3 : 응 추천해줘서 너무 고마워!",
        "lines": [
          {
            "id": 1,
            "text": "1 : 지금 ocn에서 오 문희 한다!",
            "norm_text": "지금 ocn에서 오 문희 한다!",
            "speaker": {
              "id": "1번",
              "sex": "여성",
              "age": "20대"
            },
            "speechAct": "(단언) 주장하기",
            "morpheme": "지금/MAG+ocn/SL+에서/JKB+오문희/NNP+한다/VV+EF"
          },
          {
            "id": 2,
            "text": "2 : 오 문희?",
            "norm_text": "오 문희?",
            "speaker": {
              "id": "2번",
              "sex": "여성",
              "age": "20대"
            },
            "speechAct": "턴토크 사인(관습적 반응)",
            "morpheme": "오문희/NNP"
          },
          {
            "id": 3,
            "text": "2 : 나문희 선생님 영화야?",
            "norm_text": "나문희 선생님 영화야?",
            "speaker": {
              "id": "2번",
              "sex": "여성",
              "age": "20대"
            },
            "speechAct": "(지시) 질문하기",
            "morpheme": "나문희/NNP+선생/NNG+님/XSN+영화/NNG+야/VCP+EF"
          },
          {
            "id": 4,
            "text": "3 : 오 제목도 처음 들어봐!",
            "norm_text": "오 제목도 처음 들어봐!",
            "speaker": {
              "id": "3번",
              "sex": "남성",
              "age": "20대"
            },
            "speechAct": "(단언) 진술하기",
            "morpheme": "오/NR+제목/NNG+도/JX+처음/MAG+들/VV+어/EC+봐/VX+EF"
          },
          {
            "id": 5,
            "text": "1 : 응 나문희 선생님 나오는 영화!",
            "norm_text": "응 나문희 선생님 나오는 영화!",
            "speaker": {
              "id": "1번",
              "sex": "여성",
              "age": "20대"
            },
            "speechAct": "(단언) 진술하기",
            "morpheme": "응/IC+나문희/NNP+선생/NNG+님/XSN+나오/VV+는/ETM+영화/NNG"
          },
          {
            "id": 6,
            "text": "2 : 나 그거 얘기 들었던거 같아 키키",
            "norm_text": "나 그거 얘기 들었던거 같아 키키",
            "speaker": {
              "id": "2번",
              "sex": "여성",
              "age": "20대"
            },
            "speechAct": "(단언) 진술하기",
            "morpheme": "나/NP+그거/NP+얘기/NNG+들/VV+었/EP+던/ETM+거/NNB+같/VA+아/EC+키/NNG+키/XSV+ETN"
          },
          {
            "id": 7,
            "text": "2 : 보고있어?",
            "norm_text": "보고있어?",
            "speaker": {
              "id": "2번",
              "sex": "여성",
              "age": "20대"
            },
            "speechAct": "(지시) 질문하기",
            "morpheme": "보/VV+고/EC+있/VX+어/EF"
          },
          {
            "id": 8,
            "text": "3 : 그건 어떤 종류의 영화야?",
            "norm_text": "그건 어떤 종류의 영화야?",
            "speaker": {
              "id": "3번",
              "sex": "남성",
              "age": "20대"
            },
            "speechAct": "(지시) 질문하기",
            "morpheme": "그건/NP+JX+어떤/MM+종류/NNG+의/JKG+영화/NNG+야/VCP+EF"
          },
          {
            "id": 9,
            "text": "1 : 응 지금 보고 있는데 재밌어!",
            "norm_text": "응 지금 보고 있는데 재밌어!",
            "speaker": {
              "id": "1번",
              "sex": "여성",
              "age": "20대"
            },
            "speechAct": "(단언) 진술하기",
            "morpheme": "응/IC+지금/MAG+보/VV+고/EC+있/VX+는/ETM+데/NNB+재밌/VA+어/EF"
          },
          {
            "id": 10,
            "text": "1 : 추리물?",
            "norm_text": "추리물?",
            "speaker": {
              "id": "1번",
              "sex": "여성",
              "age": "20대"
            },
            "speechAct": "(단언) 주장하기",
            "morpheme": "추리물/NNG"
          },
          {
            "id": 11,
            "text": "2 : 추리?",
            "norm_text": "추리?",
            "speaker": {
              "id": "2번",
              "sex": "여성",
              "age": "20대"
            },
            "speechAct": "턴토크 사인(관습적 반응)",
            "morpheme": "추리/NNG"
          },
          {
            "id": 12,
            "text": "2 : 다큐일 거 같았는데 아닌가 보네 키키",
            "norm_text": "다큐일 거 같았는데 아닌가 보네 키키",
            "speaker": {
              "id": "2번",
              "sex": "여성",
              "age": "20대"
            },
            "speechAct": "(단언) 진술하기",
            "morpheme": "다큐/NNG+일/VCP+ETM+거/NNB+같/VA+았/EP+는데/EC+아닌가/VCN+EC+보/VX+네/EF+키/NNG+키/XSV+ETN"
          },
          {
            "id": 13,
            "text": "3 : 오, 추리물이면 어두운 영화 아니야?",
            "norm_text": "오, 추리물이면 어두운 영화 아니야?",
            "speaker": {
              "id": "3번",
              "sex": "남성",
              "age": "20대"
            },
            "speechAct": "(단언) 주장하기",
            "morpheme": "오/IC+,/SC+추리물/NNG+이/VCP+면/EC+어두운/VA+ETM+영화/NNG+아니/VCN+야/EF"
          },
          {
            "id": 14,
            "text": "1 : 어둡지는 않고 완전 코메디!",
            "norm_text": "어둡지는 않고 완전 코메디!",
            "speaker": {
              "id": "1번",
              "sex": "여성",
              "age": "20대"
            },
            "speechAct": "(단언) 진술하기",
            "morpheme": "어둡/VA+지/EC+는/JX+않/VX+고/EC+완전/NNG+코메디/NNG"
          },
          {
            "id": 15,
            "text": "2 : 코미디 추리몰 궁금하긴 하다 키키",
            "norm_text": "코미디 추리몰 궁금하긴 하다 키키",
            "speaker": {
              "id": "2번",
              "sex": "여성",
              "age": "20대"
            },
            "speechAct": "(단언) 주장하기",
            "morpheme": "코미디/NNG+추리/NNG+몰/VV+ETM+궁금/XR+하/XSA+긴/ETN+JX+하/VX+다키키/NNP"
          },
          {
            "id": 16,
            "text": "2 : 지금 첫 부분이야?",
            "norm_text": "지금 첫 부분이야?",
            "speaker": {
              "id": "2번",
              "sex": "여성",
              "age": "20대"
            },
            "speechAct": "(지시) 질문하기",
            "morpheme": "지금/MAG+첫/MM+부분/NNG+이/VCP+야/EF"
          },
          {
            "id": 17,
            "text": "3 : 그럼 가볍게 볼 수 있겠다!",
            "norm_text": "그럼 가볍게 볼 수 있겠다!",
            "speaker": {
              "id": "3번",
              "sex": "남성",
              "age": "20대"
            },
            "speechAct": "(단언) 진술하기",
            "morpheme": "그럼/MAJ+가볍/VA+게/EC+볼/VX+ETM+수/NNB+있/VV+겠/EP+다/EF"
          },
          {
            "id": 18,
            "text": "1 : 응 거의 첫 부분이야 하하",
            "norm_text": "응 거의 첫 부분이야 하하",
            "speaker": {
              "id": "1번",
              "sex": "여성",
              "age": "20대"
            },
            "speechAct": "(단언) 주장하기",
            "morpheme": "응/IC+거의/MAG+첫/MM+부분/NNG+이야/JX+하하/MAG"
          },
          {
            "id": 19,
            "text": "2 : 오 그럼 나도 지금 틀어서 봐야겠다 키키",
            "norm_text": "오 그럼 나도 지금 틀어서 봐야겠다 키키",
            "speaker": {
              "id": "2번",
              "sex": "여성",
              "age": "20대"
            },
            "speechAct": "(단언) 주장하기",
            "morpheme": "오/IC+그럼/MAJ+나/NP+도/JX+지금/MAG+틀/VV+어서/EC+봐야/VX+EC+VV+겠/EP+다키키/NNP"
          },
          {
            "id": 20,
            "text": "3 : 그럼 지금 틀어서 봐야겠네",
            "norm_text": "그럼 지금 틀어서 봐야겠네",
            "speaker": {
              "id": "3번",
              "sex": "남성",
              "age": "20대"
            },
            "speechAct": "(단언) 주장하기",
            "morpheme": "그럼/MAJ+지금/MAG+틀/VV+어서/EC+봐야/VX+EC+VV+겠/EP+네/EF"
          },
          {
            "id": 21,
            "text": "1 : 응 다들 지금 틀어서 봐!",
            "norm_text": "응 다들 지금 틀어서 봐!",
            "speaker": {
              "id": "1번",
              "sex": "여성",
              "age": "20대"
            },
            "speechAct": "(지시) 충고/제안하기",
            "morpheme": "응/IC+다/MAG+들/XSN+지금/MAG+틀/VV+어서/EC+봐/VX+EF"
          },
          {
            "id": 22,
            "text": "2 : 첫 부분이면 티비에서 할 때 빨리 봐줘야지 키키",
            "norm_text": "첫 부분이면 티비에서 할 때 빨리 봐줘야지 키키",
            "speaker": {
              "id": "2번",
              "sex": "여성",
              "age": "20대"
            },
            "speechAct": "(단언) 주장하기",
            "morpheme": "첫/MM+부분/NNG+이/VCP+면/EC+티비/NNG+에서/JKB+할/VV+ETM+때/NNG+빨리/MAG+봐/VV+EC+줘야지/VX+EF+키/NNG+키/XSV+ETN"
          },
          {
            "id": 23,
            "text": "3 : 응 추천해줘서 너무 고마워!",
            "norm_text": "응 추천해줘서 너무 고마워!",
            "speaker": {
              "id": "3번",
              "sex": "남성",
              "age": "20대"
            },
            "speechAct": "(단언) 주장하기",
            "morpheme": "응/IC+추천/NNG+해/XSV+EC+줘서/VX+EC+너무/MAG+고마워/VA+EF"
          }
        ]
      }
    }
  ]
}