{
  "dataset": {
    "identifier": 113650,
    "name": "NATEON_37_01_set",
    "src_path": "/data/file/cubeManager/PROJECT001/80/txt202111031510150127102/NATEON_37_01_set/",
    "label_path": "/data/file/cubeManager/PROJECT001/80/txt202111031510150127102/NATEON_37_01_set/",
    "category": 2,
    "type": 0
  },
  "licenses": {
    "name": "Apache License 1.0",
    "url": "http://www.apache.org/licenses/LICENSE-1.0"
  },
  "info": [
    {
      "id": 134444,
      "filename": "NATEON_37_01.txt",
      "title": "NATEON_37_01",
      "mediatype": "메신저",
      "medianame": "네이트온",
      "category": "일상대화",
      "date": "2021-11-03",
      "size": 388,
      "annotations": {
        "subject": "식음료",
        "speaker_type": "다자간 대화",
        "size": 388,
        "word_size": 139,
        "text": "1 : 나 오늘 유부초밥 해 먹었어 하하\n2 : 오 너가 직접 해서 먹은 거야?\n3 : 나 유부초밥 짱 좋아하는데 ㅠㅠ\n1 : 응 하하 직접 해서 먹었지\n2 : 대박 직접 해서 먹으면 더 맛있지?\n3 : 김밥도 할 수 있어?\n1 : 응 둘 다 할 수 있어!\n1 : 대박 존맛\n2 : 와 김밥까지 완전 주부였네!\n3 : 나는 유부초밥 보다는 김밥!\n1 : 김밥도 진짜 맛있는데 ㅠㅠ 으악\n2 : 나는 김밥보다 유부초밥이 더 좋아 키키\n3 : 김밥은 사 먹는 게 더 맛있어\n1 : 맞아 키키 재료가 많이 필요해\n2 : 맞아 김밥은 해 먹기엔 재료비가 많이 들어가 ㅠㅠ\n3 : 그래서 정성이 많이 들어가\n1 : 맞아 하하 소풍 때 맨날 먹었는데\n2 : 맞아 엄마가 싸준 김밥 엄청 맛있지 키키\n3 : 키키 진짜 소풍 갈 때 생각난다",
        "lines": [
          {
            "id": 1,
            "text": "1 : 나 오늘 유부초밥 해 먹었어 하하",
            "norm_text": "나 오늘 유부초밥 해 먹었어 하하",
            "speaker": {
              "id": "1번",
              "sex": "여성",
              "age": "20대"
            },
            "speechAct": "(단언) 진술하기",
            "morpheme": "나/NP+오늘/MAG+유부/NNG+초밥/NNG+해/XSV+EC+먹/VV+었/EP+어/EC+하하/MAG"
          },
          {
            "id": 2,
            "text": "2 : 오 너가 직접 해서 먹은 거야?",
            "norm_text": "오 너가 직접 해서 먹은 거야?",
            "speaker": {
              "id": "2번",
              "sex": "여성",
              "age": "20대"
            },
            "speechAct": "(지시) 질문하기",
            "morpheme": "오너/NNG+가/JKS+직접/MAG+해서/VV+EC+먹/VV+은/ETM+거/NNB+야/VCP+EF"
          },
          {
            "id": 3,
            "text": "3 : 나 유부초밥 짱 좋아하는데 ㅠㅠ",
            "norm_text": "나 유부초밥 짱 좋아하는데 ㅠㅠ",
            "speaker": {
              "id": "3번",
              "sex": "남성",
              "age": "20대"
            },
            "speechAct": "(단언) 주장하기",
            "morpheme": "나/NP+유부/NNG+초밥/NNG+짱/NNG+좋/VA+아/EC+하/VV+는데/EC+ㅠㅠ/UNKNOWN"
          },
          {
            "id": 4,
            "text": "1 : 응 하하 직접 해서 먹었지",
            "norm_text": "응 하하 직접 해서 먹었지",
            "speaker": {
              "id": "1번",
              "sex": "여성",
              "age": "20대"
            },
            "speechAct": "(단언) 진술하기",
            "morpheme": "응/IC+하하/MAG+직접/NNG+해서/XSV+EC+먹/VV+었/EP+지/EC"
          },
          {
            "id": 5,
            "text": "2 : 대박 직접 해서 먹으면 더 맛있지?",
            "norm_text": "대박 직접 해서 먹으면 더 맛있지?",
            "speaker": {
              "id": "2번",
              "sex": "여성",
              "age": "20대"
            },
            "speechAct": "(지시) 질문하기",
            "morpheme": "대박/NNG+직접/NNG+해서/XSV+EC+먹/VV+으면/EC+더/MAG+맛있/VA+지/EF"
          },
          {
            "id": 6,
            "text": "3 : 김밥도 할 수 있어?",
            "norm_text": "김밥도 할 수 있어?",
            "speaker": {
              "id": "3번",
              "sex": "남성",
              "age": "20대"
            },
            "speechAct": "(지시) 질문하기",
            "morpheme": "김밥/NNG+도/JX+할/VV+ETM+수/NNB+있/VV+어/EF"
          },
          {
            "id": 7,
            "text": "1 : 응 둘 다 할 수 있어!",
            "norm_text": "응 둘 다 할 수 있어!",
            "speaker": {
              "id": "1번",
              "sex": "여성",
              "age": "20대"
            },
            "speechAct": "(단언) 주장하기",
            "morpheme": "응/IC+둘/NR+다/NNG+할/XSV+ETM+수/NNB+있/VV+어/EF"
          },
          {
            "id": 8,
            "text": "1 : 대박 존맛",
            "norm_text": "대박 존맛",
            "speaker": {
              "id": "1번",
              "sex": "여성",
              "age": "20대"
            },
            "speechAct": "(단언) 주장하기",
            "morpheme": "대박/NNP+존/NNP+맛/NNG"
          },
          {
            "id": 9,
            "text": "2 : 와 김밥까지 완전 주부였네!",
            "norm_text": "와 김밥까지 완전 주부였네!",
            "speaker": {
              "id": "2번",
              "sex": "여성",
              "age": "20대"
            },
            "speechAct": "(단언) 주장하기",
            "morpheme": "와/IC+김밥/NNG+까지/JX+완전/NNG+주부/NNG+였/VCP+EP+네/EF"
          },
          {
            "id": 10,
            "text": "3 : 나는 유부초밥 보다는 김밥!",
            "norm_text": "나는 유부초밥 보다는 김밥!",
            "speaker": {
              "id": "3번",
              "sex": "남성",
              "age": "20대"
            },
            "speechAct": "(단언) 주장하기",
            "morpheme": "나/NP+는/JX+유부/NNG+초밥/NNG+보다/JKB+는/JX+김밥/NNG"
          },
          {
            "id": 11,
            "text": "1 : 김밥도 진짜 맛있는데 ㅠㅠ 으악",
            "norm_text": "김밥도 진짜 맛있는데 ㅠㅠ 으악",
            "speaker": {
              "id": "1번",
              "sex": "여성",
              "age": "20대"
            },
            "speechAct": "(단언) 주장하기",
            "morpheme": "김밥/NNG+도/JX+진짜/MAG+맛있/VA+는데/EC+ㅠㅠ/UNKNOWN+으악/MAG"
          },
          {
            "id": 12,
            "text": "2 : 나는 김밥보다 유부초밥이 더 좋아 키키",
            "norm_text": "나는 김밥보다 유부초밥이 더 좋아 키키",
            "speaker": {
              "id": "2번",
              "sex": "여성",
              "age": "20대"
            },
            "speechAct": "(단언) 주장하기",
            "morpheme": "나/NP+는/JX+김밥/NNG+보다/JKB+유부/NNG+초밥/NNG+이/JKS+더/MAG+좋/VA+아/EC+키/NNG+키/XSV+ETN"
          },
          {
            "id": 13,
            "text": "3 : 김밥은 사 먹는 게 더 맛있어",
            "norm_text": "김밥은 사 먹는 게 더 맛있어",
            "speaker": {
              "id": "3번",
              "sex": "남성",
              "age": "20대"
            },
            "speechAct": "(단언) 주장하기",
            "morpheme": "김밥/NNG+은/JX+사먹/VV+는/ETM+게/NNB+JKS+더/MAG+맛있/VA+어/EC"
          },
          {
            "id": 14,
            "text": "1 : 맞아 키키 재료가 많이 필요해",
            "norm_text": "맞아 키키 재료가 많이 필요해",
            "speaker": {
              "id": "1번",
              "sex": "여성",
              "age": "20대"
            },
            "speechAct": "(단언) 주장하기",
            "morpheme": "맞/VV+아/EC+키/NNG+키/NNG+재료/NNG+가/JKS+많이/MAG+필요/NNG+해/XSV+EC"
          },
          {
            "id": 15,
            "text": "2 : 맞아 김밥은 해 먹기엔 재료비가 많이 들어가 ㅠㅠ",
            "norm_text": "맞아 김밥은 해 먹기엔 재료비가 많이 들어가 ㅠㅠ",
            "speaker": {
              "id": "2번",
              "sex": "여성",
              "age": "20대"
            },
            "speechAct": "(단언) 주장하기",
            "morpheme": "맞/VV+아/EC+김밥/NNG+은/JX+해/VV+EC+먹/VV+기/ETN+엔/JKB+JX+재료비/NNG+가/JKS+많이/MAG+들어가/VV+EC+ㅠㅠ/UNKNOWN"
          },
          {
            "id": 16,
            "text": "3 : 그래서 정성이 많이 들어가",
            "norm_text": "그래서 정성이 많이 들어가",
            "speaker": {
              "id": "3번",
              "sex": "남성",
              "age": "20대"
            },
            "speechAct": "(단언) 주장하기",
            "morpheme": "그래서/MAJ+정성/NNG+이/JKS+많이/MAG+들어가/VV+EC"
          },
          {
            "id": 17,
            "text": "1 : 맞아 하하 소풍 때 맨날 먹었는데",
            "norm_text": "맞아 하하 소풍 때 맨날 먹었는데",
            "speaker": {
              "id": "1번",
              "sex": "여성",
              "age": "20대"
            },
            "speechAct": "(단언) 주장하기",
            "morpheme": "맞/VV+아/EC+하하/MAG+소풍/NNG+때/NNG+맨날/MAG+먹/VV+었/EP+는데/EC"
          },
          {
            "id": 18,
            "text": "2 : 맞아 엄마가 싸준 김밥 엄청 맛있지 키키",
            "norm_text": "맞아 엄마가 싸준 김밥 엄청 맛있지 키키",
            "speaker": {
              "id": "2번",
              "sex": "여성",
              "age": "20대"
            },
            "speechAct": "(단언) 주장하기",
            "morpheme": "맞/VV+아/EC+엄마/NNG+가/JKS+싸/VV+EC+준/VX+ETM+김밥/NNG+엄청/MAG+맛있/VA+지/EC+키/NNG+키/XSV+ETN"
          },
          {
            "id": 19,
            "text": "3 : 키키 진짜 소풍 갈 때 생각난다",
            "norm_text": "키키 진짜 소풍 갈 때 생각난다",
            "speaker": {
              "id": "3번",
              "sex": "남성",
              "age": "20대"
            },
            "speechAct": "(단언) 진술하기",
            "morpheme": "키/NNG+키/XSV+ETN+진짜/MAG+소풍/NNG+갈/VV+ETM+때/NNG+생각/NNG+난다/VV+EC"
          }
        ]
      }
    }
  ]
}