{
  "dataset": {
    "identifier": 128844,
    "name": "NATEON_25_04_set",
    "src_path": "/data/file/cubeManager/PROJECT001/84/txt20211109145245004966/NATEON_25_04_set/",
    "label_path": "/data/file/cubeManager/PROJECT001/84/txt20211109145245004966/NATEON_25_04_set/",
    "category": 2,
    "type": 0
  },
  "licenses": {
    "name": "Apache License 1.0",
    "url": "http://www.apache.org/licenses/LICENSE-1.0"
  },
  "info": [
    {
      "id": 143349,
      "filename": "NATEON_25_04.txt",
      "title": "NATEON_25_04",
      "mediatype": "메신저",
      "medianame": "네이트온",
      "category": "일상대화",
      "date": "2021-11-09",
      "size": 538,
      "annotations": {
        "subject": "회사/아르바이트",
        "speaker_type": "1:1",
        "size": 538,
        "word_size": 168,
        "text": "1 : 언니는 아르바이트 많이 해 봤어?\n2 : 아니 나는 많이 해보지는 않았어...\n2 : 너는 많이 해본 편이야?\n1 : 응. 나는 골고루 많이 해본 편이야!\n2 : 오 그럼 제일 길게 한 건 뭐야?\n1 : 제일 길게 한 건 카페야!\n2 : 어느 카페에서 해봤어? 프랜차이즈?\n1 : 개인 카페도 해보고 프랜차이즈도 해 봤어!\n2 : 아 둘 다 해봤구나!\n2 : 프랜차이즈는 어디서 일 해봤어?\n1 : 할리스랑 요거 프레소에서 했었어.\n1 : 맛있는 집이지?\n2 : 나 요거프레소 진짜 좋아했는데 요즘 별로 없더라...\n2 : 알바했던 곳 아직 그대로 있어?\n1 : 응응 아직 있어!\n1 : 사장님도 잘해 주셨어서 한 번 놀러 가기로 했어~!\n2 : 너 완전 모범 사원이었나 보다.\n2 : 최근에 한 알바였어?\n1 : 응응! 올해 1월까지 했었어~!\n1 : 나름 재밌었어!\n2 : 아 진짜 최근이네! 않았니??\n2 : 그거 아이스크림 올려주는 거는 힘들지\n1 : 응 맞아 ㅠㅠ 모양 예쁘게 담는 연습하느라 처음엔 정말 이상하게 올렸었어 키키\n2 : 다들 잘 담아주던데 연습해야 되는 거였구나...하하",
        "lines": [
          {
            "id": 1,
            "text": "1 : 언니는 아르바이트 많이 해 봤어?",
            "norm_text": "언니는 아르바이트 많이 해 봤어?",
            "speaker": {
              "id": "1번",
              "sex": "여성",
              "age": "20대"
            },
            "speechAct": "(지시) 질문하기",
            "morpheme": "언니/NNG+는/JX+아르바이트/NNG+많이/MAG+해/VV+EC+봤/VX+EP+어/EF"
          },
          {
            "id": 2,
            "text": "2 : 아니 나는 많이 해보지는 않았어...",
            "norm_text": "아니 나는 많이 해보지는 않았어...",
            "speaker": {
              "id": "2번",
              "sex": "여성",
              "age": "20대"
            },
            "speechAct": "(단언) 진술하기",
            "morpheme": "아니/IC+나/NP+는/JX+많이/MAG+해/VV+EC+보/VX+지/EC+는/JX+않/VX+았/EP+어/EF+./SY"
          },
          {
            "id": 3,
            "text": "2 : 너는 많이 해본 편이야?",
            "norm_text": "너는 많이 해본 편이야?",
            "speaker": {
              "id": "2번",
              "sex": "여성",
              "age": "20대"
            },
            "speechAct": "(지시) 질문하기",
            "morpheme": "너/NP+는/JX+많이/MAG+해/VV+EC+본/VX+ETM+편/NNB+이/VCP+야/EF"
          },
          {
            "id": 4,
            "text": "1 : 응. 나는 골고루 많이 해본 편이야!",
            "norm_text": "응. 나는 골고루 많이 해본 편이야!",
            "speaker": {
              "id": "1번",
              "sex": "여성",
              "age": "20대"
            },
            "speechAct": "(단언) 진술하기",
            "morpheme": "응/IC+나/NP+는/JX+골고루/MAG+많이/MAG+해/VV+EC+본/VX+ETM+편/NNB+이/VCP+야/EF"
          },
          {
            "id": 5,
            "text": "2 : 오 그럼 제일 길게 한 건 뭐야?",
            "norm_text": "오 그럼 제일 길게 한 건 뭐야?",
            "speaker": {
              "id": "2번",
              "sex": "여성",
              "age": "20대"
            },
            "speechAct": "(지시) 질문하기",
            "morpheme": "오/IC+그럼/MAJ+제일/MAG+길/VA+게/EC+한건/VX+ETM+NNB+JX+뭐/NP+야/VCP+EF"
          },
          {
            "id": 6,
            "text": "1 : 제일 길게 한 건 카페야!",
            "norm_text": "제일 길게 한 건 카페야!",
            "speaker": {
              "id": "1번",
              "sex": "여성",
              "age": "20대"
            },
            "speechAct": "(단언) 진술하기",
            "morpheme": "제일/MAG+길/VA+게/EC+한건/VX+ETM+NNB+JX+카페/NNG+야/VCP+EF"
          },
          {
            "id": 7,
            "text": "2 : 어느 카페에서 해봤어? 프랜차이즈?",
            "norm_text": "어느 카페에서 해봤어? 프랜차이즈?",
            "speaker": {
              "id": "2번",
              "sex": "여성",
              "age": "20대"
            },
            "speechAct": "(지시) 질문하기",
            "morpheme": "어느/MM+카페/NNG+에서/JKB+해/VV+EC+봤/VX+EP+어/EF+프랜차이즈/NNG"
          },
          {
            "id": 8,
            "text": "1 : 개인 카페도 해보고 프랜차이즈도 해 봤어!",
            "norm_text": "개인 카페도 해보고 프랜차이즈도 해 봤어!",
            "speaker": {
              "id": "1번",
              "sex": "여성",
              "age": "20대"
            },
            "speechAct": "(단언) 진술하기",
            "morpheme": "개인/NNG+카페/NNG+도/JX+해/VV+EC+보/VX+고/EC+프랜차이즈/NNG+도/JX+해/VV+EC+봤/VX+EP+어/EF"
          },
          {
            "id": 9,
            "text": "2 : 아 둘 다 해봤구나!",
            "norm_text": "아 둘 다 해봤구나!",
            "speaker": {
              "id": "2번",
              "sex": "여성",
              "age": "20대"
            },
            "speechAct": "(단언) 진술하기",
            "morpheme": "아/IC+둘/NR+다해/VV+EC+봤/VX+EP+구나/EF"
          },
          {
            "id": 10,
            "text": "2 : 프랜차이즈는 어디서 일 해봤어?",
            "norm_text": "프랜차이즈는 어디서 일 해봤어?",
            "speaker": {
              "id": "2번",
              "sex": "여성",
              "age": "20대"
            },
            "speechAct": "(지시) 질문하기",
            "morpheme": "프랜차이즈/NNG+는/JX+어디/NP+서/JKB+일/NNG+해/XSV+EC+봤/VX+EP+어/EF"
          },
          {
            "id": 11,
            "text": "1 : 할리스랑 요거 프레소에서 했었어.",
            "norm_text": "할리스랑 요거 프레소에서 했었어.",
            "speaker": {
              "id": "1번",
              "sex": "여성",
              "age": "20대"
            },
            "speechAct": "(단언) 진술하기",
            "morpheme": "할리스/NNP+랑/JC+요거/NP+프레/NNP+소/NNG+에서/JKB+했었/VV+EP+어/EF"
          },
          {
            "id": 12,
            "text": "1 : 맛있는 집이지?",
            "norm_text": "맛있는 집이지?",
            "speaker": {
              "id": "1번",
              "sex": "여성",
              "age": "20대"
            },
            "speechAct": "(지시) 질문하기",
            "morpheme": "맛있/VA+는/ETM+집/NNG+이/VCP+지/EF"
          },
          {
            "id": 13,
            "text": "2 : 나 요거프레소 진짜 좋아했는데 요즘 별로 없더라...",
            "norm_text": "나 요거프레소 진짜 좋아했는데 요즘 별로 없더라...",
            "speaker": {
              "id": "2번",
              "sex": "여성",
              "age": "20대"
            },
            "speechAct": "(단언) 진술하기",
            "morpheme": "나요거프레소진짜좋아했는데요즘별로없더라/UNKNOWN+./SY"
          },
          {
            "id": 14,
            "text": "2 : 알바했던 곳 아직 그대로 있어?",
            "norm_text": "알바했던 곳 아직 그대로 있어?",
            "speaker": {
              "id": "2번",
              "sex": "여성",
              "age": "20대"
            },
            "speechAct": "(지시) 질문하기",
            "morpheme": "알/VV+ETM+바/NNB+했/VV+EP+던/ETM+곳/NNG+아직/MAG+그대로/MAG+있/VV+어/EF"
          },
          {
            "id": 15,
            "text": "1 : 응응 아직 있어!",
            "norm_text": "응응 아직 있어!",
            "speaker": {
              "id": "1번",
              "sex": "여성",
              "age": "20대"
            },
            "speechAct": "(단언) 진술하기",
            "morpheme": "응/IC+응/IC+아직/MAG+있/VV+어/EF"
          },
          {
            "id": 16,
            "text": "1 : 사장님도 잘해 주셨어서 한 번 놀러 가기로 했어~!",
            "norm_text": "사장님도 잘해 주셨어서 한 번 놀러 가기로 했어~!",
            "speaker": {
              "id": "1번",
              "sex": "여성",
              "age": "20대"
            },
            "speechAct": "(단언) 진술하기",
            "morpheme": "사장/NNG+님/XSN+도/JX+잘/MAG+해/VV+EC+주/VX+셨/EP+EP+어서/EC+한/MM+번/NNBC+놀/VV+러/EC+가/VX+기/ETN+로/JKB+했/VV+EP+어/EC+~/SY"
          },
          {
            "id": 17,
            "text": "2 : 너 완전 모범 사원이었나 보다.",
            "norm_text": "너 완전 모범 사원이었나 보다.",
            "speaker": {
              "id": "2번",
              "sex": "여성",
              "age": "20대"
            },
            "speechAct": "(단언) 진술하기",
            "morpheme": "너/NP+완전/MAG+모범/NNG+사원/NNG+이/VCP+었/EP+나/EC+보/VX+다/EF"
          },
          {
            "id": 18,
            "text": "2 : 최근에 한 알바였어?",
            "norm_text": "최근에 한 알바였어?",
            "speaker": {
              "id": "2번",
              "sex": "여성",
              "age": "20대"
            },
            "speechAct": "(지시) 질문하기",
            "morpheme": "최근/NNG+에/JKB+한/VV+ETM+알바/NNP+였/VCP+EP+어/EF"
          },
          {
            "id": 19,
            "text": "1 : 응응! 올해 1월까지 했었어~!",
            "norm_text": "응응! 올해 1월까지 했었어~!",
            "speaker": {
              "id": "1번",
              "sex": "여성",
              "age": "20대"
            },
            "speechAct": "(단언) 진술하기",
            "morpheme": "응/IC+응/IC+올해/NNG+1/SN+월/NNBC+까지/JX+했었/VV+EP+어/EC+~/SY"
          },
          {
            "id": 20,
            "text": "1 : 나름 재밌었어!",
            "norm_text": "나름 재밌었어!",
            "speaker": {
              "id": "1번",
              "sex": "여성",
              "age": "20대"
            },
            "speechAct": "(단언) 진술하기",
            "morpheme": "나름/NNB+재밌/VA+었/EP+어/EF"
          },
          {
            "id": 21,
            "text": "2 : 아 진짜 최근이네! 않았니??",
            "norm_text": "아 진짜 최근이네! 않았니??",
            "speaker": {
              "id": "2번",
              "sex": "여성",
              "age": "20대"
            },
            "speechAct": "(지시) 질문하기",
            "morpheme": "아/IC+진짜/MAG+최근/NNG+이/VCP+네/EF+않/VX+았/EP+니/EC+?/SY"
          },
          {
            "id": 22,
            "text": "2 : 그거 아이스크림 올려주는 거는 힘들지",
            "norm_text": "그거 아이스크림 올려주는 거는 힘들지",
            "speaker": {
              "id": "2번",
              "sex": "여성",
              "age": "20대"
            },
            "speechAct": "(단언) 진술하기",
            "morpheme": "그거/NP+아이스크림/NNG+올려/VV+EC+주/VX+는/ETM+거/NNB+는/JX+힘들/VA+지/EC"
          },
          {
            "id": 23,
            "text": "1 : 응 맞아 ㅠㅠ 모양 예쁘게 담는 연습하느라 처음엔 정말 이상하게 올렸었어 키키",
            "norm_text": "응 맞아 ㅠㅠ 모양 예쁘게 담는 연습하느라 처음엔 정말 이상하게 올렸었어 키키",
            "speaker": {
              "id": "1번",
              "sex": "여성",
              "age": "20대"
            },
            "speechAct": "(단언) 진술하기",
            "morpheme": "응/IC+맞/VV+아/EC+ㅠㅠ/UNKNOWN+모양/NNG+예쁘/VA+게/EC+담/VV+는/ETM+연습/NNG+하/XSV+느라/EC+처음/NNG+엔/JKB+JX+정말/MAG+이상/NNG+하/XSV+게/EC+올렸었/VV+EP+어/EC+키/NNG+키/XSV+ETN"
          },
          {
            "id": 24,
            "text": "2 : 다들 잘 담아주던데 연습해야 되는 거였구나...하하",
            "norm_text": "다들 잘 담아주던데 연습해야 되는 거였구나...하하",
            "speaker": {
              "id": "2번",
              "sex": "여성",
              "age": "20대"
            },
            "speechAct": "(단언) 진술하기",
            "morpheme": "다/MAG+들/XSN+잘/MAG+담/VV+아/EC+주/VX+던데/EC+연습/NNG+해야/XSV+EC+되/VV+는/ETM+거/NNB+였/VCP+EP+구나/EF+./SY+하하/MAG"
          }
        ]
      }
    }
  ]
}