{
  "dataset": {
    "identifier": 113302,
    "name": "NATEON_32_09_set",
    "src_path": "/data/file/cubeManager/PROJECT001/80/txt20211102173312077222/NATEON_32_09_set/",
    "label_path": "/data/file/cubeManager/PROJECT001/80/txt20211102173312077222/NATEON_32_09_set/",
    "category": 2,
    "type": 0
  },
  "licenses": {
    "name": "Apache License 1.0",
    "url": "http://www.apache.org/licenses/LICENSE-1.0"
  },
  "info": [
    {
      "id": 131841,
      "filename": "NATEON_32_09.txt",
      "title": "NATEON_32_09",
      "mediatype": "메신저",
      "medianame": "네이트온",
      "category": "일상대화",
      "date": "2021-11-02",
      "size": 426,
      "annotations": {
        "subject": "반려동물",
        "speaker_type": "다자간 대화",
        "size": 426,
        "word_size": 142,
        "text": "1 : 요즘 햄스터도 애완으로 키우나?\n2 : 웅 햄스터도 키우는 사람 은근 있더라!\n3 : 응 햄스터도 애완 동물이지!\n1 : 나는 어릴 때 키웠는데 죽었어ㅠㅠ\n2 : 헐 ㅠㅠ\n2 : 그래도 그때 까지 잘 키웠나보네!\n3 : 햄스터는 예민한 동물이라 그래ㅠ\n1 : 응 햄스터가 스트레스를 많이 받아서ㅠ\n2 : 맞아\n2 : 그리고 가끔 사라지면 못 찾는다고 그러더라\n3 : 나도 초등학생 때 햄스터 키웠는데\n1 : 그때 어린마음에 너무 충격이었어\n2 : 맞아 어릴 때라 충격 엄청 컸을거 같아 ㅠㅠ\n3 : 맞아 그런 장면 보면 충격이지\n1 : 응 그이후로 햄스터는 못 키우겠더라\n2 : 웅 그래서 나도 애완동물 잘 못 키워 ㅠㅠ\n3 : 다른 애완 동물은 어때?\n1 : 또 나를 떠날까봐 못 키우겠어\n2 : 맞아\n2 : 한번 그러면 겁 부터 나더라고 ㅠㅠ\n3 : 맞아,\n3 : 항상 다들 그런 걱정하지",
        "lines": [
          {
            "id": 1,
            "text": "1 : 요즘 햄스터도 애완으로 키우나?",
            "norm_text": "요즘 햄스터도 애완으로 키우나?",
            "speaker": {
              "id": "1번",
              "sex": "여성",
              "age": "20대"
            },
            "speechAct": "(지시) 질문하기",
            "morpheme": "요즘/NNG+햄스터/NNG+도/JX+애완/NNG+으로/JKB+키우/VV+나/EF"
          },
          {
            "id": 2,
            "text": "2 : 웅 햄스터도 키우는 사람 은근 있더라!",
            "norm_text": "웅 햄스터도 키우는 사람 은근 있더라!",
            "speaker": {
              "id": "2번",
              "sex": "여성",
              "age": "20대"
            },
            "speechAct": "(단언) 주장하기",
            "morpheme": "웅/IC+햄스터/NNG+도/JX+키우/VV+는/ETM+사람/NNG+은/JX+근/NP+JX+있/VX+더라/EF"
          },
          {
            "id": 3,
            "text": "3 : 응 햄스터도 애완 동물이지!",
            "norm_text": "응 햄스터도 애완 동물이지!",
            "speaker": {
              "id": "3번",
              "sex": "남성",
              "age": "20대"
            },
            "speechAct": "(단언) 주장하기",
            "morpheme": "응/IC+햄스터/NNG+도/JX+애완/NNG+동물/NNG+이/VCP+지/EF"
          },
          {
            "id": 4,
            "text": "1 : 나는 어릴 때 키웠는데 죽었어ㅠㅠ",
            "norm_text": "나는 어릴 때 키웠는데 죽었어ㅠㅠ",
            "speaker": {
              "id": "1번",
              "sex": "여성",
              "age": "20대"
            },
            "speechAct": "(단언) 진술하기",
            "morpheme": "나/NP+는/JX+어릴/VA+ETM+때/NNG+키웠/VV+EP+는데/EC+죽/VV+었/EP+어/EF+ㅠㅠ/UNKNOWN"
          },
          {
            "id": 5,
            "text": "2 : 헐 ㅠㅠ",
            "norm_text": "헐 ㅠㅠ",
            "speaker": {
              "id": "2번",
              "sex": "여성",
              "age": "20대"
            },
            "speechAct": "턴토크 사인(관습적 반응)",
            "morpheme": "헐ㅠㅠ/UNKNOWN"
          },
          {
            "id": 6,
            "text": "2 : 그래도 그때 까지 잘 키웠나보네!",
            "norm_text": "그래도 그때 까지 잘 키웠나보네!",
            "speaker": {
              "id": "2번",
              "sex": "여성",
              "age": "20대"
            },
            "speechAct": "(단언) 주장하기",
            "morpheme": "그래도/MAJ+그때/NNG+까지/JX+잘/MAG+키웠/VV+EP+나/EC+보/VX+네/EF"
          },
          {
            "id": 7,
            "text": "3 : 햄스터는 예민한 동물이라 그래ㅠ",
            "norm_text": "햄스터는 예민한 동물이라 그래ㅠ",
            "speaker": {
              "id": "3번",
              "sex": "남성",
              "age": "20대"
            },
            "speechAct": "(단언) 주장하기",
            "morpheme": "햄스터/NNG+는/JX+예민/XR+한/XSA+ETM+동물/NNG+이/VCP+라/EC+그래/VV+EC+ㅠ/UNKNOWN"
          },
          {
            "id": 8,
            "text": "1 : 응 햄스터가 스트레스를 많이 받아서ㅠ",
            "norm_text": "응 햄스터가 스트레스를 많이 받아서ㅠ",
            "speaker": {
              "id": "1번",
              "sex": "여성",
              "age": "20대"
            },
            "speechAct": "(단언) 주장하기",
            "morpheme": "응/IC+햄스터/NNG+가/JKS+스트레스/NNG+를/JKO+많이/MAG+받/VV+아서/EC+ㅠ/UNKNOWN"
          },
          {
            "id": 9,
            "text": "2 : 맞아",
            "norm_text": "맞아",
            "speaker": {
              "id": "2번",
              "sex": "여성",
              "age": "20대"
            },
            "speechAct": "(단언) 주장하기",
            "morpheme": "맞/VV+아/EC"
          },
          {
            "id": 10,
            "text": "2 : 그리고 가끔 사라지면 못 찾는다고 그러더라",
            "norm_text": "그리고 가끔 사라지면 못 찾는다고 그러더라",
            "speaker": {
              "id": "2번",
              "sex": "여성",
              "age": "20대"
            },
            "speechAct": "(단언) 주장하기",
            "morpheme": "그리고/MAJ+가끔/MAG+사라지/VV+면/EC+못/MAG+찾/VV+는다고/EC+그러/VV+더라/EC"
          },
          {
            "id": 11,
            "text": "3 : 나도 초등학생 때 햄스터 키웠는데",
            "norm_text": "나도 초등학생 때 햄스터 키웠는데",
            "speaker": {
              "id": "3번",
              "sex": "남성",
              "age": "20대"
            },
            "speechAct": "(단언) 주장하기",
            "morpheme": "나/NP+도/JX+초등학생/NNG+때/NNG+햄스터/NNG+키웠/VV+EP+는데/EC"
          },
          {
            "id": 12,
            "text": "1 : 그때 어린마음에 너무 충격이었어",
            "norm_text": "그때 어린마음에 너무 충격이었어",
            "speaker": {
              "id": "1번",
              "sex": "여성",
              "age": "20대"
            },
            "speechAct": "(단언) 주장하기",
            "morpheme": "그때/NNG+어린/VA+ETM+마음/NNG+에/JKB+너무/MAG+충격/NNG+이/VCP+었/EP+어/EC"
          },
          {
            "id": 13,
            "text": "2 : 맞아 어릴 때라 충격 엄청 컸을거 같아 ㅠㅠ",
            "norm_text": "맞아 어릴 때라 충격 엄청 컸을거 같아 ㅠㅠ",
            "speaker": {
              "id": "2번",
              "sex": "여성",
              "age": "20대"
            },
            "speechAct": "(단언) 주장하기",
            "morpheme": "맞/VV+아/EC+어릴/VA+ETM+때/NNG+라/VCP+EC+충격/NNG+엄청/MAG+컸/VA+EP+을/ETM+거/NNB+같/VA+아/EC+ㅠㅠ/UNKNOWN"
          },
          {
            "id": 14,
            "text": "3 : 맞아 그런 장면 보면 충격이지",
            "norm_text": "맞아 그런 장면 보면 충격이지",
            "speaker": {
              "id": "3번",
              "sex": "남성",
              "age": "20대"
            },
            "speechAct": "(단언) 주장하기",
            "morpheme": "맞/VV+아/EC+그런/MM+장면/NNG+보/VV+면/EC+충격/NNG+이/VCP+지/EC"
          },
          {
            "id": 15,
            "text": "1 : 응 그이후로 햄스터는 못 키우겠더라",
            "norm_text": "응 그이후로 햄스터는 못 키우겠더라",
            "speaker": {
              "id": "1번",
              "sex": "여성",
              "age": "20대"
            },
            "speechAct": "(단언) 주장하기",
            "morpheme": "응/IC+그/MM+이후/NNG+로/JKB+햄스터/NNG+는/JX+못/MAG+키우/VV+겠/EP+더라/EC"
          },
          {
            "id": 16,
            "text": "2 : 웅 그래서 나도 애완동물 잘 못 키워 ㅠㅠ",
            "norm_text": "웅 그래서 나도 애완동물 잘 못 키워 ㅠㅠ",
            "speaker": {
              "id": "2번",
              "sex": "여성",
              "age": "20대"
            },
            "speechAct": "(단언) 주장하기",
            "morpheme": "웅/IC+그래서/MAJ+나/NP+도/JX+애완/NNG+동물/NNG+잘못/MAG+키워/VV+EC+ㅠㅠ/UNKNOWN"
          },
          {
            "id": 17,
            "text": "3 : 다른 애완 동물은 어때?",
            "norm_text": "다른 애완 동물은 어때?",
            "speaker": {
              "id": "3번",
              "sex": "남성",
              "age": "20대"
            },
            "speechAct": "(지시) 질문하기",
            "morpheme": "다른/MM+애완/NNG+동물/NNG+은/JX+어때/VA+EF"
          },
          {
            "id": 18,
            "text": "1 : 또 나를 떠날까봐 못 키우겠어",
            "norm_text": "또 나를 떠날까봐 못 키우겠어",
            "speaker": {
              "id": "1번",
              "sex": "여성",
              "age": "20대"
            },
            "speechAct": "(단언) 주장하기",
            "morpheme": "또/MAG+나/NP+를/JKO+떠날까/VV+EC+봐/VX+EF+못/MAG+키우/VV+겠/EP+어/EC"
          },
          {
            "id": 19,
            "text": "2 : 맞아",
            "norm_text": "맞아",
            "speaker": {
              "id": "2번",
              "sex": "여성",
              "age": "20대"
            },
            "speechAct": "(단언) 주장하기",
            "morpheme": "맞/VV+아/EC"
          },
          {
            "id": 20,
            "text": "2 : 한번 그러면 겁 부터 나더라고 ㅠㅠ",
            "norm_text": "한번 그러면 겁 부터 나더라고 ㅠㅠ",
            "speaker": {
              "id": "2번",
              "sex": "여성",
              "age": "20대"
            },
            "speechAct": "(단언) 주장하기",
            "morpheme": "한/MM+번/NNBC+그러/VV+면/EC+겁/NNG+부터/JX+나/NP+더라고/VCP+EC+ㅠㅠ/UNKNOWN"
          },
          {
            "id": 21,
            "text": "3 : 맞아,",
            "norm_text": "맞아,",
            "speaker": {
              "id": "3번",
              "sex": "남성",
              "age": "20대"
            },
            "speechAct": "(단언) 주장하기",
            "morpheme": "맞/VV+아/EC+,/SC"
          },
          {
            "id": 22,
            "text": "3 : 항상 다들 그런 걱정하지",
            "norm_text": "항상 다들 그런 걱정하지",
            "speaker": {
              "id": "3번",
              "sex": "남성",
              "age": "20대"
            },
            "speechAct": "(단언) 주장하기",
            "morpheme": "항상/MAG+다/MAG+들/XSN+그런/MM+걱정/NNG+하/XSV+지/EC"
          }
        ]
      }
    }
  ]
}