{
  "dataset": {
    "identifier": 17287,
    "name": "NATEON_22_10_set",
    "src_path": "/data/file/cubeManager/PROJECT001/7/txt20210826181651052852/NATEON_22_10_set/",
    "label_path": "/data/file/cubeManager/PROJECT001/7/txt20210826181651052852/NATEON_22_10_set/",
    "category": 2,
    "type": 0
  },
  "licenses": {
    "name": "Apache License 1.0",
    "url": "http://www.apache.org/licenses/LICENSE-1.0"
  },
  "info": [
    {
      "id": 749,
      "filename": "NATEON_22_10.txt",
      "title": "NATEON_22_10",
      "mediatype": "메신저",
      "medianame": "네이트온",
      "category": "일상대화",
      "date": "2021-08-26",
      "size": 951,
      "annotations": {
        "subject": "스포츠/레저",
        "speaker_type": "1:1",
        "size": 951,
        "word_size": 301,
        "text": "1 : 여름이네\n1 : 여름 스포츠 하면 딱 떠오르는 거 있어?\n2 : 여름 하면 생각나는 건 서핑이요~\n2 : 수영도 떠오르긴 하는데 서핑이 제일 먼저 생각나요\n2 : 언니는요?\n1 : 나는 수영. 아 너무 더우니까 물놀이 정말 가고 싶다.\n1 : 수상 레저 하고 싶은 거 있어?\n2 : 저는 제가 운동 신경 좋으면 서핑 하고 싶은데 그런 거 말고는 보트 타보고 싶어요 바나나 보트 같은 거!\n2 : 언니는 수상 레저 좋아해요?\n1 : 응응 그런데 누가 일부러 떨어트리는 바나나 보트 말고 내가 점프하는 게 더 좋아.\n1 : 낚시는 해본 적 있어?\n2 : 아뇨 제 꿈이 바다 낚시 나가서 배에서 잡아서 바로 회 떠먹고 라면 끓여 먹는 거예요.\n2 : 언니는 혹시 낚시 좋아하세요?\n1 : 재밌기는 했는데 나이를 먹으면서 미끼를 끼우는 게 너무 힘들더라구. 루어 낚시면 지금도 좋아해!\n2 : 언니 제가 잘 몰라서 그런데 루어 낚시가 뭐예요?\n1 : 물고기처럼 만든 가짜 미끼야.\n1 : 근데 루어를 쓰면 입질이 잘 안 오더라구.\n1 : 좀 전에 네가 말한 꿈 너무 멋있어!\n2 : 나중에 진짜 바닷가 놀러 가면 배에서 낚시하고 싶은데 그게 생각보다 혼자 가거나 여자 둘이서 가면 안 좋은 일이 일어난대서 친구들 많이 해서 가고 싶어요\n1 : 맞아. 그래서 나도 가족끼리가 아니면 잘 못 갔었어.\n1 : 참 낚시 카페도 있잖아.\n1 : 거긴 어때?\n2 : 거기도 사실 주변에서 본 적이 없었어서 못 가던 것 같아요\n2 : 거기 진짜 물고기가 있는 걸까요?\n2 : 아니면 게임이나 그런 걸까요?\n1 : 진짜 물고기가 있고 떡밥으로 낚시를 한다 들었어.\n1 : 그런데 동물 학대라고 폐쇄됐다는 얘기도 들었던 거 같아.\n2 : 그렇군요. 생각해보면 그렇네요 ㅠㅠ\n2 : 언니는 내일 하는 배구 보실 거예요?\n1 : 내일 퇴근 길에 치킨 시켜 놓고 배구 볼 거야!\n1 : 선수들 너무 멋있어~\n2 : 진짜요~ 꼭 맛있는 거 먹으면서 보세요!\n2 : 저도 볼려고요~",
        "lines": [
          {
            "id": 1,
            "text": "1 : 여름이네",
            "norm_text": "여름이네",
            "speaker": {
              "id": "1번",
              "sex": "여성",
              "age": "30대"
            },
            "speechAct": "(단언) 주장하기",
            "morpheme": "여름/NNG+이/VCP+네/EC"
          },
          {
            "id": 2,
            "text": "1 : 여름 스포츠 하면 딱 떠오르는 거 있어?",
            "norm_text": "여름 스포츠 하면 딱 떠오르는 거 있어?",
            "speaker": {
              "id": "1번",
              "sex": "여성",
              "age": "30대"
            },
            "speechAct": "(지시) 질문하기",
            "morpheme": "여름/NNG+스포츠/NNG+하/XSV+면/EC+딱/MAG+떠오르/VV+는/ETM+거/NNB+있/VA+어/EF"
          },
          {
            "id": 3,
            "text": "2 : 여름 하면 생각나는 건 서핑이요~",
            "norm_text": "여름 하면 생각나는 건 서핑이요~",
            "speaker": {
              "id": "2번",
              "sex": "여성",
              "age": "20대"
            },
            "speechAct": "(단언) 주장하기",
            "morpheme": "여름/NNG+하/XSV+면/EC+생각나/VV+는/ETM+건/NNB+JX+서핑/NNG+이/VCP+요/EC+~/SY"
          },
          {
            "id": 4,
            "text": "2 : 수영도 떠오르긴 하는데 서핑이 제일 먼저 생각나요",
            "norm_text": "수영도 떠오르긴 하는데 서핑이 제일 먼저 생각나요",
            "speaker": {
              "id": "2번",
              "sex": "여성",
              "age": "20대"
            },
            "speechAct": "(단언) 주장하기",
            "morpheme": "수영/NNG+도/JX+떠오르/VV+긴/ETN+JX+하/VX+는데/EC+서핑/NNG+이/JKS+제일/MAG+먼저/MAG+생각/NNG+나/VV+요/EC"
          },
          {
            "id": 5,
            "text": "2 : 언니는요?",
            "norm_text": "언니는요?",
            "speaker": {
              "id": "2번",
              "sex": "여성",
              "age": "20대"
            },
            "speechAct": "(지시) 질문하기",
            "morpheme": "언니/NNG+는/JX+요/JX"
          },
          {
            "id": 6,
            "text": "1 : 나는 수영. 아 너무 더우니까 물놀이 정말 가고 싶다.",
            "norm_text": "나는 수영. 아 너무 더우니까 물놀이 정말 가고 싶다.",
            "speaker": {
              "id": "1번",
              "sex": "여성",
              "age": "30대"
            },
            "speechAct": "(단언) 주장하기",
            "morpheme": "나/NP+는/JX+수영/NNG+아/IC+너무/MAG+더우/VA+니까/EC+물놀/NNG+이/JKS+정말/MAG+가/VV+고/EC+싶/VX+다/EF"
          },
          {
            "id": 7,
            "text": "1 : 수상 레저 하고 싶은 거 있어?",
            "norm_text": "수상 레저 하고 싶은 거 있어?",
            "speaker": {
              "id": "1번",
              "sex": "여성",
              "age": "30대"
            },
            "speechAct": "(지시) 질문하기",
            "morpheme": "수상/NNG+레저/NNG+하/XSV+고/EC+싶/VX+은/ETM+거/NNB+있/VA+어/EF"
          },
          {
            "id": 8,
            "text": "2 : 저는 제가 운동 신경 좋으면 서핑 하고 싶은데 그런 거 말고는 보트 타보고 싶어요 바나나 보트 같은 거!",
            "norm_text": "저는 제가 운동 신경 좋으면 서핑 하고 싶은데 그런 거 말고는 보트 타보고 싶어요 바나나 보트 같은 거!",
            "speaker": {
              "id": "2번",
              "sex": "여성",
              "age": "20대"
            },
            "speechAct": "(단언) 주장하기",
            "morpheme": "저/NP+는/JX+제/NP+가/JKS+운동/NNG+신경/NNG+좋/VA+으면/EC+서핑/NNG+하/XSV+고/EC+싶/VX+은데/EC+그런/MM+거/NNB+말/VV+고/EC+는/JX+보트/NNG+타/XSV+EC+보/VX+고/EC+싶/VX+어요/EF+바나나보트/NNP+같/VA+은/ETM+거/NNB"
          },
          {
            "id": 9,
            "text": "2 : 언니는 수상 레저 좋아해요?",
            "norm_text": "언니는 수상 레저 좋아해요?",
            "speaker": {
              "id": "2번",
              "sex": "여성",
              "age": "20대"
            },
            "speechAct": "(지시) 질문하기",
            "morpheme": "언니/NNG+는/JX+수상/NNG+레저/NNG+좋/VA+아/EC+해요/VX+EF"
          },
          {
            "id": 10,
            "text": "1 : 응응 그런데 누가 일부러 떨어트리는 바나나 보트 말고 내가 점프하는 게 더 좋아.",
            "norm_text": "응응 그런데 누가 일부러 떨어트리는 바나나 보트 말고 내가 점프하는 게 더 좋아.",
            "speaker": {
              "id": "1번",
              "sex": "여성",
              "age": "30대"
            },
            "speechAct": "(단언) 주장하기",
            "morpheme": "응/IC+응/IC+그런데/MAJ+누가/NP+JKS+일부러/MAG+떨어트리/VV+는/ETM+바나나/NNG+보트/NNG+말/VV+고/EC+내/NP+가/JKS+점프/NNG+하/XSV+는/ETM+게/NNB+JKS+더/MAG+좋/VA+아/EF"
          },
          {
            "id": 11,
            "text": "1 : 낚시는 해본 적 있어?",
            "norm_text": "낚시는 해본 적 있어?",
            "speaker": {
              "id": "1번",
              "sex": "여성",
              "age": "30대"
            },
            "speechAct": "(지시) 질문하기",
            "morpheme": "낚시/NNG+는/JX+해/VV+EC+본/VX+ETM+적/NNB+있/VA+어/EF"
          },
          {
            "id": 12,
            "text": "2 : 아뇨 제 꿈이 바다 낚시 나가서 배에서 잡아서 바로 회 떠먹고 라면 끓여 먹는 거예요.",
            "norm_text": "아뇨 제 꿈이 바다 낚시 나가서 배에서 잡아서 바로 회 떠먹고 라면 끓여 먹는 거예요.",
            "speaker": {
              "id": "2번",
              "sex": "여성",
              "age": "20대"
            },
            "speechAct": "(단언) 주장하기",
            "morpheme": "아뇨/IC+제/NP+JKG+꿈/NNG+이/JKS+바다낚시/NNG+나가/VV+서/EC+배/NNG+에서/JKB+잡/VV+아서/EC+바로/MAG+회/MAG+떠먹/VV+고/EC+라면/VCP+EC+끓여/VV+EC+먹/VV+는/ETM+거/NNB+예요/VCP+EF"
          },
          {
            "id": 13,
            "text": "2 : 언니는 혹시 낚시 좋아하세요?",
            "norm_text": "언니는 혹시 낚시 좋아하세요?",
            "speaker": {
              "id": "2번",
              "sex": "여성",
              "age": "20대"
            },
            "speechAct": "(지시) 질문하기",
            "morpheme": "언니/NNG+는/JX+혹시/MAG+낚시/NNG+좋/VA+아/EC+하/VX+세요/EP+EF"
          },
          {
            "id": 14,
            "text": "1 : 재밌기는 했는데 나이를 먹으면서 미끼를 끼우는 게 너무 힘들더라구. 루어 낚시면 지금도 좋아해!",
            "norm_text": "재밌기는 했는데 나이를 먹으면서 미끼를 끼우는 게 너무 힘들더라구. 루어 낚시면 지금도 좋아해!",
            "speaker": {
              "id": "1번",
              "sex": "여성",
              "age": "30대"
            },
            "speechAct": "(단언) 주장하기",
            "morpheme": "재밌/VA+기/ETN+는/JX+했/VV+EP+는데/EC+나이/NNG+를/JKO+먹/VV+으면서/EC+미끼/NNG+를/JKO+끼우/VV+는/ETM+게/NNB+JKS+너무/MAG+힘들/VA+더라구/EF+루어/NNG+낚/VV+시/EP+면/EC+지금/NNG+도/JX+좋/VA+아/EC+해/VX+EF"
          },
          {
            "id": 15,
            "text": "2 : 언니 제가 잘 몰라서 그런데 루어 낚시가 뭐예요?",
            "norm_text": "언니 제가 잘 몰라서 그런데 루어 낚시가 뭐예요?",
            "speaker": {
              "id": "2번",
              "sex": "여성",
              "age": "20대"
            },
            "speechAct": "(지시) 질문하기",
            "morpheme": "언니/NNG+제/NP+가/JKS+잘/MAG+몰라서/VV+EC+그런데/MAJ+루어/NNG+낚시/NNG+가/JKS+뭐/NP+예요/VCP+EF"
          },
          {
            "id": 16,
            "text": "1 : 물고기처럼 만든 가짜 미끼야.",
            "norm_text": "물고기처럼 만든 가짜 미끼야.",
            "speaker": {
              "id": "1번",
              "sex": "여성",
              "age": "30대"
            },
            "speechAct": "(단언) 진술하기",
            "morpheme": "물고기/NNG+처럼/JKB+만든/VV+ETM+가짜/NNG+미끼/NNG+야/VCP+EF"
          },
          {
            "id": 17,
            "text": "1 : 근데 루어를 쓰면 입질이 잘 안 오더라구.",
            "norm_text": "근데 루어를 쓰면 입질이 잘 안 오더라구.",
            "speaker": {
              "id": "1번",
              "sex": "여성",
              "age": "30대"
            },
            "speechAct": "(단언) 주장하기",
            "morpheme": "근데/MAJ+루어/NNG+를/JKO+쓰/VV+면/EC+입질/NNG+이/JKS+잘/MAG+안/MAG+오/VV+더라구/EF"
          },
          {
            "id": 18,
            "text": "1 : 좀 전에 네가 말한 꿈 너무 멋있어!",
            "norm_text": "좀 전에 네가 말한 꿈 너무 멋있어!",
            "speaker": {
              "id": "1번",
              "sex": "여성",
              "age": "30대"
            },
            "speechAct": "(단언) 주장하기",
            "morpheme": "좀/MAG+전/NNG+에/JKB+네/NP+가/JKS+말/NNG+한/XSA+ETM+꿈/NNG+너무/MAG+멋있/VA+어/EF"
          },
          {
            "id": 19,
            "text": "2 : 나중에 진짜 바닷가 놀러 가면 배에서 낚시하고 싶은데 그게 생각보다 혼자 가거나 여자 둘이서 가면 안 좋은 일이 일어난대서 친구들 많이 해서 가고 싶어요",
            "norm_text": "나중에 진짜 바닷가 놀러 가면 배에서 낚시하고 싶은데 그게 생각보다 혼자 가거나 여자 둘이서 가면 안 좋은 일이 일어난대서 친구들 많이 해서 가고 싶어요",
            "speaker": {
              "id": "2번",
              "sex": "여성",
              "age": "20대"
            },
            "speechAct": "(단언) 주장하기",
            "morpheme": "나중/NNG+에/JKB+진짜/MAG+바닷가/NNG+놀/VV+러/EC+가/VX+면/EC+배/NNG+에서/JKB+낚시/NNG+하/XSV+고/EC+싶/VX+은데/EC+그게/NP+JKS+생각/NNG+보다/JKB+혼자/MAG+가/VV+거나/EC+여자/NNG+둘/NR+이/XSN+서/JKS+가/VV+면/EC+안/MAG+좋/VA+은/ETM+일/NNG+이/JKS+일어난/VV+ETM+대서/NNG+친구/NNG+들/XSN+많이/MAG+해서/VV+EC+가/VX+고/EC+싶/VX+어요/EF"
          },
          {
            "id": 20,
            "text": "1 : 맞아. 그래서 나도 가족끼리가 아니면 잘 못 갔었어.",
            "norm_text": "맞아. 그래서 나도 가족끼리가 아니면 잘 못 갔었어.",
            "speaker": {
              "id": "1번",
              "sex": "여성",
              "age": "30대"
            },
            "speechAct": "(단언) 주장하기",
            "morpheme": "맞/VV+아/EF+그래서/MAJ+나/NP+도/JX+가족/NNG+끼리/XSN+가/JKC+아니/VCN+면/EC+잘못/MAG+갔었/VV+EP+어/EF"
          },
          {
            "id": 21,
            "text": "1 : 참 낚시 카페도 있잖아.",
            "norm_text": "참 낚시 카페도 있잖아.",
            "speaker": {
              "id": "1번",
              "sex": "여성",
              "age": "30대"
            },
            "speechAct": "(단언) 진술하기",
            "morpheme": "참/MAG+낚시/NNG+카페/NNG+도/JX+있/VA+잖아/EF"
          },
          {
            "id": 22,
            "text": "1 : 거긴 어때?",
            "norm_text": "거긴 어때?",
            "speaker": {
              "id": "1번",
              "sex": "여성",
              "age": "30대"
            },
            "speechAct": "(지시) 질문하기",
            "morpheme": "거긴/NP+JX+어때/VA+EF"
          },
          {
            "id": 23,
            "text": "2 : 거기도 사실 주변에서 본 적이 없었어서 못 가던 것 같아요",
            "norm_text": "거기도 사실 주변에서 본 적이 없었어서 못 가던 것 같아요",
            "speaker": {
              "id": "2번",
              "sex": "여성",
              "age": "20대"
            },
            "speechAct": "(단언) 주장하기",
            "morpheme": "거기/NP+도/JX+사실/MAG+주변/NNG+에서/JKB+본/VV+ETM+적/NNB+이/JKS+없/VA+었/EP+어서/EC+못/MAG+가/VV+던/ETM+것/NNB+같/VA+아요/EC"
          },
          {
            "id": 24,
            "text": "2 : 거기 진짜 물고기가 있는 걸까요?",
            "norm_text": "거기 진짜 물고기가 있는 걸까요?",
            "speaker": {
              "id": "2번",
              "sex": "여성",
              "age": "20대"
            },
            "speechAct": "(지시) 질문하기",
            "morpheme": "거기/NP+진짜/MAG+물고기/NNG+가/JKS+있/VA+는/ETM+걸까요/NNB+VCP+EF"
          },
          {
            "id": 25,
            "text": "2 : 아니면 게임이나 그런 걸까요?",
            "norm_text": "아니면 게임이나 그런 걸까요?",
            "speaker": {
              "id": "2번",
              "sex": "여성",
              "age": "20대"
            },
            "speechAct": "(지시) 질문하기",
            "morpheme": "아니면/MAJ+게임/NNG+이나/JC+그런/MM+걸까요/NNB+VCP+EF"
          },
          {
            "id": 26,
            "text": "1 : 진짜 물고기가 있고 떡밥으로 낚시를 한다 들었어.",
            "norm_text": "진짜 물고기가 있고 떡밥으로 낚시를 한다 들었어.",
            "speaker": {
              "id": "1번",
              "sex": "여성",
              "age": "30대"
            },
            "speechAct": "(단언) 주장하기",
            "morpheme": "진짜/MAG+물고기/NNG+가/JKS+있/VA+고/EC+떡밥/NNG+으로/JKB+낚시/NNG+를/JKO+한다/VV+EC+들/VX+었/EP+어/EF"
          },
          {
            "id": 27,
            "text": "1 : 그런데 동물 학대라고 폐쇄됐다는 얘기도 들었던 거 같아.",
            "norm_text": "그런데 동물 학대라고 폐쇄됐다는 얘기도 들었던 거 같아.",
            "speaker": {
              "id": "1번",
              "sex": "여성",
              "age": "30대"
            },
            "speechAct": "(단언) 주장하기",
            "morpheme": "그런데/MAJ+동물/NNG+학대/NNG+라고/VCP+EC+폐쇄/NNG+됐/XSV+EP+다는/ETM+얘기/NNG+도/JX+들/VV+었/EP+던/ETM+거/NNB+같/VA+아/EF"
          },
          {
            "id": 28,
            "text": "2 : 그렇군요. 생각해보면 그렇네요 ㅠㅠ",
            "norm_text": "그렇군요. 생각해보면 그렇네요 ㅠㅠ",
            "speaker": {
              "id": "2번",
              "sex": "여성",
              "age": "20대"
            },
            "speechAct": "(단언) 주장하기",
            "morpheme": "그렇/VA+군요/EF+생각/NNG+해/XSV+EC+보/VX+면/EC+그렇/VA+네요/EF+ㅠㅠ/UNKNOWN"
          },
          {
            "id": 29,
            "text": "2 : 언니는 내일 하는 배구 보실 거예요?",
            "norm_text": "언니는 내일 하는 배구 보실 거예요?",
            "speaker": {
              "id": "2번",
              "sex": "여성",
              "age": "20대"
            },
            "speechAct": "(지시) 질문하기",
            "morpheme": "언니/NNG+는/JX+내일/NNG+하/XSV+는/ETM+배구/NNG+보/VV+실/EP+ETM+거/NNB+예요/VCP+EF"
          },
          {
            "id": 30,
            "text": "1 : 내일 퇴근 길에 치킨 시켜 놓고 배구 볼 거야!",
            "norm_text": "내일 퇴근 길에 치킨 시켜 놓고 배구 볼 거야!",
            "speaker": {
              "id": "1번",
              "sex": "여성",
              "age": "30대"
            },
            "speechAct": "(언약) 약속하기(제3자와)/(개인적 수준)",
            "morpheme": "내일/MAG+퇴근길/NNG+에/JKB+치킨/NNG+시켜/XSV+EC+놓/VX+고/EC+배/VV+구/EC+볼/VX+ETM+거/NNB+야/VCP+EF"
          },
          {
            "id": 31,
            "text": "1 : 선수들 너무 멋있어~",
            "norm_text": "선수들 너무 멋있어~",
            "speaker": {
              "id": "1번",
              "sex": "여성",
              "age": "30대"
            },
            "speechAct": "(단언) 주장하기",
            "morpheme": "선수/NNG+들/XSN+너무/MAG+멋있/VA+어/EC+~/SY"
          },
          {
            "id": 32,
            "text": "2 : 진짜요~ 꼭 맛있는 거 먹으면서 보세요!",
            "norm_text": "진짜요~ 꼭 맛있는 거 먹으면서 보세요!",
            "speaker": {
              "id": "2번",
              "sex": "여성",
              "age": "20대"
            },
            "speechAct": "(지시) 명령/요구하기",
            "morpheme": "진짜/MAG+요/JX+~/SY+꼭/MAG+맛있/VA+는/ETM+거/NNB+먹/VV+으면서/EC+보/VX+세요/EP+EF"
          },
          {
            "id": 33,
            "text": "2 : 저도 볼려고요~",
            "norm_text": "저도 볼려고요~",
            "speaker": {
              "id": "2번",
              "sex": "여성",
              "age": "20대"
            },
            "speechAct": "(언약) 약속하기(제3자와)/(개인적 수준)",
            "morpheme": "저/NP+도/JX+볼려/VV+EC+고요/NNG+~/SY"
          }
        ]
      }
    }
  ]
}