{
  "dataset": {
    "identifier": 128857,
    "name": "NATEON_25_17_set",
    "src_path": "/data/file/cubeManager/PROJECT001/84/txt20211109145245014723/NATEON_25_17_set/",
    "label_path": "/data/file/cubeManager/PROJECT001/84/txt20211109145245014723/NATEON_25_17_set/",
    "category": 2,
    "type": 0
  },
  "licenses": {
    "name": "Apache License 1.0",
    "url": "http://www.apache.org/licenses/LICENSE-1.0"
  },
  "info": [
    {
      "id": 143362,
      "filename": "NATEON_25_17.txt",
      "title": "NATEON_25_17",
      "mediatype": "메신저",
      "medianame": "네이트온",
      "category": "일상대화",
      "date": "2021-11-09",
      "size": 699,
      "annotations": {
        "subject": "건강",
        "speaker_type": "1:1",
        "size": 699,
        "word_size": 228,
        "text": "1 : 언니 유연한 편이야?\n2 : 나 유연한 편이야\n2 : 나 서서 요렇게 하면 바닥 짚을 수 있어!\n1 : 와 대박이다! 나중에 보여줘^^\n1 : 그럼 근력이 조금 센 편이야?\n2 : 그럼 얼마든지 보여줄 수 있어! 키키\n2 : 근력 손실이 지금 심각한 중이야 난...\n2 : 넌 건강 검진 해본 적 있어?\n1 : 아니 나는 종합 건강검진은 해 본 적 없어?\n1 : 언니는?\n2 : 나도 종합검진은 없어!\n2 : 그냥 받고 싶었던 애들 초음파만 해봤었어! 넌?\n1 : 아니! 그럼 언니 알러지 혹시 있어?\n2 : 응 나는 알러지 엄청 많아!\n2 : 거의 모든 과일에 알러지가 조금씩 있어...\n2 : 너는 괜찮아?\n1 : 헉 ㅠㅠ 힘들겠다.\n1 : 나는 놀랍게도 동물 털 알러지가 조금 있어.\n2 : 어!? 강아지랑 고양이 키우지 않아? 괜찮아?\n1 : 그래서 약간 단련이 됐는지 심하진 않은데 심할 때는 눈이랑 피부가 간지러워 ㅠㅠ\n1 : 언니는 과일 먹을 수 있어?\n2 : 응 먹을 수는 있어!\n2 : 근데 이제 목구멍 안이 간지러워... 경험해봤니?...\n1 : 아니... 나는 먹는 부분에 있어서는 알러지가 단 한 개도 없어서 그 느낌을 몰라...!\n2 : 아 정말 목구멍 안이 간지러우면 난감해...\n2 : 꽃 알레르기도 있어 그럼?\n1 : 꽃은 없는 거 같아!\n1 : 근데 비염이 조금 있어.\n1 : 언니는?\n2 : 아 나도 비염 완전 있어!\n2 : 근데 난 꽃 알레르기도 다 있단당 하하",
        "lines": [
          {
            "id": 1,
            "text": "1 : 언니 유연한 편이야?",
            "norm_text": "언니 유연한 편이야?",
            "speaker": {
              "id": "1번",
              "sex": "여성",
              "age": "20대"
            },
            "speechAct": "(지시) 질문하기",
            "morpheme": "언니/NNG+유연/XR+한/XSA+ETM+편/NNB+이/VCP+야/EF"
          },
          {
            "id": 2,
            "text": "2 : 나 유연한 편이야",
            "norm_text": "나 유연한 편이야",
            "speaker": {
              "id": "2번",
              "sex": "여성",
              "age": "20대"
            },
            "speechAct": "(단언) 진술하기",
            "morpheme": "나/NP+유연/XR+한/XSA+ETM+편/NNB+이/VCP+야/EC"
          },
          {
            "id": 3,
            "text": "2 : 나 서서 요렇게 하면 바닥 짚을 수 있어!",
            "norm_text": "나 서서 요렇게 하면 바닥 짚을 수 있어!",
            "speaker": {
              "id": "2번",
              "sex": "여성",
              "age": "20대"
            },
            "speechAct": "(단언) 진술하기",
            "morpheme": "나서/VV+서/EC+요렇게/MAG+하/VV+면/EC+바닥/NNG+짚/VV+을/ETM+수/NNB+있/VV+어/EF"
          },
          {
            "id": 4,
            "text": "1 : 와 대박이다! 나중에 보여줘^^",
            "norm_text": "와 대박이다! 나중에 보여줘^^",
            "speaker": {
              "id": "1번",
              "sex": "여성",
              "age": "20대"
            },
            "speechAct": "(지시) 충고/제안하기",
            "morpheme": "와/IC+대박/NNG+이/VCP+다/EF+나중/NNG+에/JKB+보여/VV+EC+줘/VX+EC+^/SY+^/SY"
          },
          {
            "id": 5,
            "text": "1 : 그럼 근력이 조금 센 편이야?",
            "norm_text": "그럼 근력이 조금 센 편이야?",
            "speaker": {
              "id": "1번",
              "sex": "여성",
              "age": "20대"
            },
            "speechAct": "(지시) 질문하기",
            "morpheme": "그럼/MAJ+근력/NNG+이/JKS+조금/MAG+센/VA+ETM+편/NNB+이/VCP+야/EF"
          },
          {
            "id": 6,
            "text": "2 : 그럼 얼마든지 보여줄 수 있어! 키키",
            "norm_text": "그럼 얼마든지 보여줄 수 있어! 키키",
            "speaker": {
              "id": "2번",
              "sex": "여성",
              "age": "20대"
            },
            "speechAct": "(단언) 진술하기",
            "morpheme": "그럼/MAJ+얼마/NNG+든지/VCP+EC+보여/VV+EC+줄/VX+ETM+수/NNB+있/VV+어/EF+키/NNG+키/XSV+ETN"
          },
          {
            "id": 7,
            "text": "2 : 근력 손실이 지금 심각한 중이야 난...",
            "norm_text": "근력 손실이 지금 심각한 중이야 난...",
            "speaker": {
              "id": "2번",
              "sex": "여성",
              "age": "20대"
            },
            "speechAct": "(단언) 진술하기",
            "morpheme": "근력/NNG+손실/NNG+이/JKS+지금/MAG+심각/XR+한/XSA+ETM+중/NNB+이/VCP+야/EF+난/NP+JX+./SY"
          },
          {
            "id": 8,
            "text": "2 : 넌 건강 검진 해본 적 있어?",
            "norm_text": "넌 건강 검진 해본 적 있어?",
            "speaker": {
              "id": "2번",
              "sex": "여성",
              "age": "20대"
            },
            "speechAct": "(지시) 질문하기",
            "morpheme": "넌/NP+JX+건강/NNG+검진/NNG+해/XSV+EC+본/VX+ETM+적/NNB+있/VA+어/EF"
          },
          {
            "id": 9,
            "text": "1 : 아니 나는 종합 건강검진은 해 본 적 없어?",
            "norm_text": "아니 나는 종합 건강검진은 해 본 적 없어?",
            "speaker": {
              "id": "1번",
              "sex": "여성",
              "age": "20대"
            },
            "speechAct": "(지시) 질문하기",
            "morpheme": "아니/IC+나/NP+는/JX+종합/NNG+건강/NNG+검진/NNG+은/JX+해/VV+EC+본/VX+ETM+적/NNB+없/VA+어/EF"
          },
          {
            "id": 10,
            "text": "1 : 언니는?",
            "norm_text": "언니는?",
            "speaker": {
              "id": "1번",
              "sex": "여성",
              "age": "20대"
            },
            "speechAct": "(지시) 질문하기",
            "morpheme": "언니/NNG+는/JX"
          },
          {
            "id": 11,
            "text": "2 : 나도 종합검진은 없어!",
            "norm_text": "나도 종합검진은 없어!",
            "speaker": {
              "id": "2번",
              "sex": "여성",
              "age": "20대"
            },
            "speechAct": "(단언) 진술하기",
            "morpheme": "나/NP+도/JX+종합/NNG+검진/NNG+은/JX+없/VA+어/EF"
          },
          {
            "id": 12,
            "text": "2 : 그냥 받고 싶었던 애들 초음파만 해봤었어! 넌?",
            "norm_text": "그냥 받고 싶었던 애들 초음파만 해봤었어! 넌?",
            "speaker": {
              "id": "2번",
              "sex": "여성",
              "age": "20대"
            },
            "speechAct": "(지시) 질문하기",
            "morpheme": "그냥/MAG+받/VV+고/EC+싶/VX+었/EP+던/ETM+애/NNG+들/XSN+초음파/NNG+만/JX+해/VV+EC+봤었/VX+EP+어/EF+넌/NP+JX"
          },
          {
            "id": 13,
            "text": "1 : 아니! 그럼 언니 알러지 혹시 있어?",
            "norm_text": "아니! 그럼 언니 알러지 혹시 있어?",
            "speaker": {
              "id": "1번",
              "sex": "여성",
              "age": "20대"
            },
            "speechAct": "(지시) 질문하기",
            "morpheme": "아니/IC+그럼/MAJ+언니/NNG+알/VV+러지/EF+혹시/MAG+있/VA+어/EF"
          },
          {
            "id": 14,
            "text": "2 : 응 나는 알러지 엄청 많아!",
            "norm_text": "응 나는 알러지 엄청 많아!",
            "speaker": {
              "id": "2번",
              "sex": "여성",
              "age": "20대"
            },
            "speechAct": "(단언) 진술하기",
            "morpheme": "응/IC+나/NP+는/JX+알/VV+러지/EF+엄청/MAG+많/VA+아/EF"
          },
          {
            "id": 15,
            "text": "2 : 거의 모든 과일에 알러지가 조금씩 있어...",
            "norm_text": "거의 모든 과일에 알러지가 조금씩 있어...",
            "speaker": {
              "id": "2번",
              "sex": "여성",
              "age": "20대"
            },
            "speechAct": "(단언) 진술하기",
            "morpheme": "거의/MAG+모든/MM+과일/NNG+에/JKB+알/VV+러지/EF+가/JKS+조금/MAG+씩/XSN+있/VA+어/EF+./SY"
          },
          {
            "id": 16,
            "text": "2 : 너는 괜찮아?",
            "norm_text": "너는 괜찮아?",
            "speaker": {
              "id": "2번",
              "sex": "여성",
              "age": "20대"
            },
            "speechAct": "(지시) 질문하기",
            "morpheme": "너/NP+는/JX+괜찮/VA+아/EF"
          },
          {
            "id": 17,
            "text": "1 : 헉 ㅠㅠ 힘들겠다.",
            "norm_text": "헉 ㅠㅠ 힘들겠다.",
            "speaker": {
              "id": "1번",
              "sex": "여성",
              "age": "20대"
            },
            "speechAct": "(단언) 주장하기",
            "morpheme": "헉/IC+ㅠㅠ/UNKNOWN+힘들/VA+겠/EP+다/EF"
          },
          {
            "id": 18,
            "text": "1 : 나는 놀랍게도 동물 털 알러지가 조금 있어.",
            "norm_text": "나는 놀랍게도 동물 털 알러지가 조금 있어.",
            "speaker": {
              "id": "1번",
              "sex": "여성",
              "age": "20대"
            },
            "speechAct": "(단언) 진술하기",
            "morpheme": "나/NP+는/JX+놀랍/VA+게/EC+도/JX+동물/NNG+털/NNG+알/VV+러지/EF+가/JKS+조금/MAG+있/VV+어/EF"
          },
          {
            "id": 19,
            "text": "2 : 어!? 강아지랑 고양이 키우지 않아? 괜찮아?",
            "norm_text": "어!? 강아지랑 고양이 키우지 않아? 괜찮아?",
            "speaker": {
              "id": "2번",
              "sex": "여성",
              "age": "20대"
            },
            "speechAct": "(지시) 질문하기",
            "morpheme": "어/IC+?/SY+강아지/NNG+랑/JKB+고양이/NNG+키우/VV+지/EC+않/VX+아/EF+괜찮/VA+아/EF"
          },
          {
            "id": 20,
            "text": "1 : 그래서 약간 단련이 됐는지 심하진 않은데 심할 때는 눈이랑 피부가 간지러워 ㅠㅠ",
            "norm_text": "그래서 약간 단련이 됐는지 심하진 않은데 심할 때는 눈이랑 피부가 간지러워 ㅠㅠ",
            "speaker": {
              "id": "1번",
              "sex": "여성",
              "age": "20대"
            },
            "speechAct": "(단언) 진술하기",
            "morpheme": "그래서/MAJ+약간/MAG+단련/NNG+이/JKS+됐/VV+EP+는지/EC+심하/VA+진/EC+JX+않/VX+은데/EC+심할/VA+ETM+때/NNG+는/JX+눈/NNG+이랑/JKB+피부/NNG+가/JKS+간지러워/VA+EC+ㅠㅠ/UNKNOWN"
          },
          {
            "id": 21,
            "text": "1 : 언니는 과일 먹을 수 있어?",
            "norm_text": "언니는 과일 먹을 수 있어?",
            "speaker": {
              "id": "1번",
              "sex": "여성",
              "age": "20대"
            },
            "speechAct": "(지시) 질문하기",
            "morpheme": "언니/NNG+는/JX+과일/NNG+먹/VV+을/ETM+수/NNB+있/VV+어/EF"
          },
          {
            "id": 22,
            "text": "2 : 응 먹을 수는 있어!",
            "norm_text": "응 먹을 수는 있어!",
            "speaker": {
              "id": "2번",
              "sex": "여성",
              "age": "20대"
            },
            "speechAct": "(단언) 진술하기",
            "morpheme": "응/IC+먹/VV+을/ETM+수/NNB+는/JX+있/VX+어/EF"
          },
          {
            "id": 23,
            "text": "2 : 근데 이제 목구멍 안이 간지러워... 경험해봤니?...",
            "norm_text": "근데 이제 목구멍 안이 간지러워... 경험해봤니?...",
            "speaker": {
              "id": "2번",
              "sex": "여성",
              "age": "20대"
            },
            "speechAct": "(지시) 질문하기",
            "morpheme": "근데/MAJ+이제/MAG+목구멍/NNG+안/NNG+이/JKS+간지러워/VA+EF+./SY+경험/NNG+해/XSV+EC+봤/VX+EP+니/EF+./SY+./SY"
          },
          {
            "id": 24,
            "text": "1 : 아니... 나는 먹는 부분에 있어서는 알러지가 단 한 개도 없어서 그 느낌을 몰라...!",
            "norm_text": "아니... 나는 먹는 부분에 있어서는 알러지가 단 한 개도 없어서 그 느낌을 몰라...!",
            "speaker": {
              "id": "1번",
              "sex": "여성",
              "age": "20대"
            },
            "speechAct": "(단언) 진술하기",
            "morpheme": "아니/IC+./SY+나/NP+는/JX+먹/VV+는/ETM+부분/NNG+에/JKB+있/VV+어서/EC+는/JX+알/VV+러지/EF+가/JKS+단/MM+한/MM+개/NNBC+도/JX+없/VA+어서/EC+그/MM+느낌/NNG+을/JKO+몰라/VV+EF+./SY+./SY"
          },
          {
            "id": 25,
            "text": "2 : 아 정말 목구멍 안이 간지러우면 난감해...",
            "norm_text": "아 정말 목구멍 안이 간지러우면 난감해...",
            "speaker": {
              "id": "2번",
              "sex": "여성",
              "age": "20대"
            },
            "speechAct": "(단언) 진술하기",
            "morpheme": "아정말목구멍안이간지러우면난감해/UNKNOWN+./SY"
          },
          {
            "id": 26,
            "text": "2 : 꽃 알레르기도 있어 그럼?",
            "norm_text": "꽃 알레르기도 있어 그럼?",
            "speaker": {
              "id": "2번",
              "sex": "여성",
              "age": "20대"
            },
            "speechAct": "(지시) 질문하기",
            "morpheme": "꽃/NNG+알레르기/NNG+도/JX+있/VA+어/EF+그럼/MAJ"
          },
          {
            "id": 27,
            "text": "1 : 꽃은 없는 거 같아!",
            "norm_text": "꽃은 없는 거 같아!",
            "speaker": {
              "id": "1번",
              "sex": "여성",
              "age": "20대"
            },
            "speechAct": "(단언) 진술하기",
            "morpheme": "꽃/NNG+은/JX+없/VA+는/ETM+거/NNB+같/VA+아/EF"
          },
          {
            "id": 28,
            "text": "1 : 근데 비염이 조금 있어.",
            "norm_text": "근데 비염이 조금 있어.",
            "speaker": {
              "id": "1번",
              "sex": "여성",
              "age": "20대"
            },
            "speechAct": "(단언) 진술하기",
            "morpheme": "근데/MAJ+비염/NNG+이/JKS+조금/MAG+있/VV+어/EF"
          },
          {
            "id": 29,
            "text": "1 : 언니는?",
            "norm_text": "언니는?",
            "speaker": {
              "id": "1번",
              "sex": "여성",
              "age": "20대"
            },
            "speechAct": "(지시) 질문하기",
            "morpheme": "언니/NNG+는/JX"
          },
          {
            "id": 30,
            "text": "2 : 아 나도 비염 완전 있어!",
            "norm_text": "아 나도 비염 완전 있어!",
            "speaker": {
              "id": "2번",
              "sex": "여성",
              "age": "20대"
            },
            "speechAct": "(단언) 진술하기",
            "morpheme": "아/IC+나/NP+도/JX+비염/NNG+완전/MAG+있/VV+어/EF"
          },
          {
            "id": 31,
            "text": "2 : 근데 난 꽃 알레르기도 다 있단당 하하",
            "norm_text": "근데 난 꽃 알레르기도 다 있단당 하하",
            "speaker": {
              "id": "2번",
              "sex": "여성",
              "age": "20대"
            },
            "speechAct": "(단언) 진술하기",
            "morpheme": "근데/MAJ+난/NP+JX+꽃/NNG+알레르기/NNG+도/JX+다/MAG+있/VA+단/ETM+당하/NNG+하/XSV"
          }
        ]
      }
    }
  ]
}