{
  "dataset": {
    "identifier": 514,
    "name": "NATEON_23_06_set",
    "src_path": "/data/file/cubeManager/PROJECT001/7/txt20210826182121059050/NATEON_23_06_set/",
    "label_path": "/data/file/cubeManager/PROJECT001/7/txt20210826182121059050/NATEON_23_06_set/",
    "category": 2,
    "type": 0
  },
  "licenses": {
    "name": "Apache License 1.0",
    "url": "http://www.apache.org/licenses/LICENSE-1.0"
  },
  "info": [
    {
      "id": 805,
      "filename": "NATEON_23_06.txt",
      "title": "NATEON_23_06",
      "mediatype": "메신저",
      "medianame": "네이트온",
      "category": "일상대화",
      "date": "2021-08-26",
      "size": 1048,
      "annotations": {
        "subject": "교육",
        "speaker_type": "1:1",
        "size": 1048,
        "word_size": 308,
        "text": "1 : 혹시 가지고 계신 자격증 어떤거 있으세용?\n1 : 운전면허증이랑~\n2 : 음 없어요 ㅠㅠ\n2 : 선생님은 뭐 있어요?\n1 : 음 저는... 그냥 컴활2급 워드 회계2급만 쓸만하고 태권도4단 경호1단 유아체육지도자 등등 사실 어디에 써야 하나 싶은 것들만 있어요..\n1 : 쓸 일이 잘 없어요 키키 ㅠㅠ\n1 : 토익시험 보신 적 있으세요?\n2 : 헐 대박이다...\n2 : 언니 디게 열심히 살았네요!\n2 : 저는 토익 말고 옛날에 토플 봤었어요!\n2 : 토익 어때요? 어려워요?\n1 : 아뇨!\n1 : 저 한 번도 본 적 없어요!\n1 : 영어 1도 몰라요! 하하\n1 : 그래서 궁금했어요 토플은 어때요?\n2 : 토플 진짜 너무 어려웠어요 ㅠㅠ\n2 : 그리고 시험비도 엄청 비쌌어요 ㅠㅠ\n1 : 헐 그래도 시험 보신 게 멋져요\n1 : 국어 수학 사회 과학 과목들중에 좋아하는 과목이 어떤거였어요?\n2 : 음... 없었... 감독이 고르자면... 없는데... 키키\n2 : 그나마 열심히 했던거는 수학이었던것 같아요!\n2 : 막 엄청 외우고 그런거는 아니었으니까?\n2 : 쌤은요?\n1 : 아 키키 저도 고르자면 수학이요!\n1 : 뭔가 계산해서 딱 답나오는게 좋았어요\n1 : 그러면 속기 이후에  최근에 배워보고 싶은 자격증은 있나요?\n2 : 음 저는 한국사 자격증은 나중에 따고 싶어요!\n2 : 우리나라 역사는 알아야 한다고 생각해서 하하\n1 : 아아 맞아요\n1 : 한국사 자격증은 그리고 이력서 쓸 때도 되게  좋다고한 자격증들중 하나인 것 같아요!\n1 : 학교다닐 때  기억에 남는 선생님은 있으세요?\n2 : 음 고등학교2학년 담임 선생님이랑 부담임 선생님이 먼저 생각이 나네요!\n2 : 두분 다 정말 학생들 위해서 막 요리 대회도 만들어서 반에서 하고 그랬었어요!\n1 : 오 대박 학원을 다니시는 편이셨어요?\n1 : 방과후 수업 하셨던 편이셨어요?\n2 : 초등학교 때는 방과후 수업 많이 했었고 중학교랑 고등학교 때는 주로 학원을 다녔네요!\n1 : 두개 다 해보셨는데 어떤게 편하셨어요?\n2 : 음 편한 거라기보다는 효과를 얘기 하자면 아무래도 학원이 더 전문적으로 가르쳐준 느낌이었어요!\n2 : 아무래도 돈이 많이 들어가서 그런가...",
        "lines": [
          {
            "id": 1,
            "text": "1 : 혹시 가지고 계신 자격증 어떤거 있으세용?",
            "norm_text": "혹시 가지고 계신 자격증 어떤거 있으세용?",
            "speaker": {
              "id": "1번",
              "sex": "여성",
              "age": "20대"
            },
            "speechAct": "(지시) 질문하기",
            "morpheme": "혹시/MAG+가지/VV+고/EC+계신/VX+ETM+자격증/NNG+어떤/MM+거/NNB+있/VA+으/EP+세용/EP+EF"
          },
          {
            "id": 2,
            "text": "1 : 운전면허증이랑~",
            "norm_text": "운전면허증이랑~",
            "speaker": {
              "id": "1번",
              "sex": "여성",
              "age": "20대"
            },
            "speechAct": "(단언) 주장하기",
            "morpheme": "운전/NNG+면허증/NNG+이랑/JC+~/SY"
          },
          {
            "id": 3,
            "text": "2 : 음 없어요 ㅠㅠ",
            "norm_text": "음 없어요 ㅠㅠ",
            "speaker": {
              "id": "2번",
              "sex": "여성",
              "age": "20대"
            },
            "speechAct": "(단언) 주장하기",
            "morpheme": "음/IC+없/VA+어요/EF+ㅠㅠ/UNKNOWN"
          },
          {
            "id": 4,
            "text": "2 : 선생님은 뭐 있어요?",
            "norm_text": "선생님은 뭐 있어요?",
            "speaker": {
              "id": "2번",
              "sex": "여성",
              "age": "20대"
            },
            "speechAct": "(지시) 질문하기",
            "morpheme": "선생/NNG+님/XSN+은/JX+뭐/IC+있/VA+어요/EF"
          },
          {
            "id": 5,
            "text": "1 : 음 저는... 그냥 컴활2급 워드 회계2급만 쓸만하고 태권도4단 경호1단 유아체육지도자 등등 사실 어디에 써야 하나 싶은 것들만 있어요..",
            "norm_text": "음 저는... 그냥 컴활2급 워드 회계2급만 쓸만하고 태권도4단 경호1단 유아체육지도자 등등 사실 어디에 써야 하나 싶은 것들만 있어요..",
            "speaker": {
              "id": "1번",
              "sex": "여성",
              "age": "20대"
            },
            "speechAct": "(단언) 주장하기",
            "morpheme": "음/IC+저/NP+는/JX+./SY+그냥/MAG+컴/NNP+활/NNG+2/SN+급/NNG+워드/NNG+회계/NNG+2/SN+급/NNG+만/JX+쓸/VV+ETM+만/NNB+하/XSA+고/EC+태권/NNG+도/JX+4/SN+단/NNBC+경호/NNG+1/SN+단유아/NNG+체육/NNG+지도자/NNG+등등/NNB+사실/MAG+어디/NP+에/JKB+써야/VV+EC+하/VV+나/EC+싶/VX+은/ETM+것/NNB+들/XSN+만/JX+있/VX+어요/EF+./SY"
          },
          {
            "id": 6,
            "text": "1 : 쓸 일이 잘 없어요 키키 ㅠㅠ",
            "norm_text": "쓸 일이 잘 없어요 키키 ㅠㅠ",
            "speaker": {
              "id": "1번",
              "sex": "여성",
              "age": "20대"
            },
            "speechAct": "(단언) 주장하기",
            "morpheme": "쓸/VV+ETM+일/NNG+이/JKS+잘/MAG+없/VA+어요/EF+키/NNG+키/XSV+ETN+ㅠㅠ/UNKNOWN"
          },
          {
            "id": 7,
            "text": "1 : 토익시험 보신 적 있으세요?",
            "norm_text": "토익시험 보신 적 있으세요?",
            "speaker": {
              "id": "1번",
              "sex": "여성",
              "age": "20대"
            },
            "speechAct": "(지시) 질문하기",
            "morpheme": "토익/NNG+시험/NNG+보/VV+신/EP+ETM+적/NNB+있/VA+으세요/EF"
          },
          {
            "id": 8,
            "text": "2 : 헐 대박이다...",
            "norm_text": "헐 대박이다...",
            "speaker": {
              "id": "2번",
              "sex": "여성",
              "age": "20대"
            },
            "speechAct": "(표현) 긍정감정 표현하기",
            "morpheme": "헐/IC+대박/NNG+이/VCP+다/EF+./SY"
          },
          {
            "id": 9,
            "text": "2 : 언니 디게 열심히 살았네요!",
            "norm_text": "언니 디게 열심히 살았네요!",
            "speaker": {
              "id": "2번",
              "sex": "여성",
              "age": "20대"
            },
            "speechAct": "(단언) 주장하기",
            "morpheme": "언니/NNG+디/VV+게/EC+열심히/MAG+살/VV+았/EP+네요/EF"
          },
          {
            "id": 10,
            "text": "2 : 저는 토익 말고 옛날에 토플 봤었어요!",
            "norm_text": "저는 토익 말고 옛날에 토플 봤었어요!",
            "speaker": {
              "id": "2번",
              "sex": "여성",
              "age": "20대"
            },
            "speechAct": "(단언) 진술하기",
            "morpheme": "저/NP+는/JX+토익/NNG+말/VV+고/EC+옛날/NNG+에/JKB+토플/NNG+봤었/VV+EP+어요/EF"
          },
          {
            "id": 11,
            "text": "2 : 토익 어때요? 어려워요?",
            "norm_text": "토익 어때요? 어려워요?",
            "speaker": {
              "id": "2번",
              "sex": "여성",
              "age": "20대"
            },
            "speechAct": "(지시) 질문하기",
            "morpheme": "토익/NNG+어때요/VA+EF+어려워/VA+EC+요/JX"
          },
          {
            "id": 12,
            "text": "1 : 아뇨!",
            "norm_text": "아뇨!",
            "speaker": {
              "id": "1번",
              "sex": "여성",
              "age": "20대"
            },
            "speechAct": "(단언) 주장하기",
            "morpheme": "아뇨/IC"
          },
          {
            "id": 13,
            "text": "1 : 저 한 번도 본 적 없어요!",
            "norm_text": "저 한 번도 본 적 없어요!",
            "speaker": {
              "id": "1번",
              "sex": "여성",
              "age": "20대"
            },
            "speechAct": "(단언) 주장하기",
            "morpheme": "저/MM+한/MM+번/NNBC+도/JX+본/VX+ETM+적/NNB+없/VA+어요/EF"
          },
          {
            "id": 14,
            "text": "1 : 영어 1도 몰라요! 하하",
            "norm_text": "영어 1도 몰라요! 하하",
            "speaker": {
              "id": "1번",
              "sex": "여성",
              "age": "20대"
            },
            "speechAct": "(단언) 주장하기",
            "morpheme": "영어/NNG+1/SN+도/NNBC+몰라요/VV+EF+하하/MAG"
          },
          {
            "id": 15,
            "text": "1 : 그래서 궁금했어요 토플은 어때요?",
            "norm_text": "그래서 궁금했어요 토플은 어때요?",
            "speaker": {
              "id": "1번",
              "sex": "여성",
              "age": "20대"
            },
            "speechAct": "(지시) 질문하기",
            "morpheme": "그래서/MAJ+궁금/XR+했/XSA+EP+어요/EF+토플/NNG+은/JX+어때요/VA+EF"
          },
          {
            "id": 16,
            "text": "2 : 토플 진짜 너무 어려웠어요 ㅠㅠ",
            "norm_text": "토플 진짜 너무 어려웠어요 ㅠㅠ",
            "speaker": {
              "id": "2번",
              "sex": "여성",
              "age": "20대"
            },
            "speechAct": "(단언) 주장하기",
            "morpheme": "토플/NNG+진짜/MAG+너무/MAG+어려웠어요/VA+EP+EF+ㅠㅠ/UNKNOWN"
          },
          {
            "id": 17,
            "text": "2 : 그리고 시험비도 엄청 비쌌어요 ㅠㅠ",
            "norm_text": "그리고 시험비도 엄청 비쌌어요 ㅠㅠ",
            "speaker": {
              "id": "2번",
              "sex": "여성",
              "age": "20대"
            },
            "speechAct": "(단언) 진술하기",
            "morpheme": "그리고/MAJ+시험/NNG+비/NNG+도/JX+엄청/MAG+비쌌/VA+EP+어요/EF+ㅠㅠ/UNKNOWN"
          },
          {
            "id": 18,
            "text": "1 : 헐 그래도 시험 보신 게 멋져요",
            "norm_text": "헐 그래도 시험 보신 게 멋져요",
            "speaker": {
              "id": "1번",
              "sex": "여성",
              "age": "20대"
            },
            "speechAct": "(단언) 주장하기",
            "morpheme": "헐/IC+그래도/MAJ+시험/NNG+보/VV+신/EP+ETM+게/NNB+JKS+멋져요/VA+EC"
          },
          {
            "id": 19,
            "text": "1 : 국어 수학 사회 과학 과목들중에 좋아하는 과목이 어떤거였어요?",
            "norm_text": "국어 수학 사회 과학 과목들중에 좋아하는 과목이 어떤거였어요?",
            "speaker": {
              "id": "1번",
              "sex": "여성",
              "age": "20대"
            },
            "speechAct": "(지시) 질문하기",
            "morpheme": "국어/NNG+수학/NNG+사회/NNG+과학/NNG+과목/NNG+들/XSN+중/NNB+에/JKB+좋/VA+아/EC+하/VV+는/ETM+과목/NNG+이/JKS+어떤/MM+거/NNB+였/VCP+EP+어요/EF"
          },
          {
            "id": 20,
            "text": "2 : 음... 없었... 감독이 고르자면... 없는데... 키키",
            "norm_text": "음... 없었... 감독이 고르자면... 없는데... 키키",
            "speaker": {
              "id": "2번",
              "sex": "여성",
              "age": "20대"
            },
            "speechAct": "(단언) 주장하기",
            "morpheme": "음/IC+./SY+없/VA+었/EP+./SY+./SY+감독/NNG+이/JKS+고르/VA+자면/EF+./SY+없/VA+는데/EC+./SY+./SY+키/NNG+키/XSV+ETN"
          },
          {
            "id": 21,
            "text": "2 : 그나마 열심히 했던거는 수학이었던것 같아요!",
            "norm_text": "그나마 열심히 했던거는 수학이었던것 같아요!",
            "speaker": {
              "id": "2번",
              "sex": "여성",
              "age": "20대"
            },
            "speechAct": "(단언) 주장하기",
            "morpheme": "그나마/MAG+열심히/MAG+했/VV+EP+던/ETM+거/NNB+는/JX+수학/NNG+이/VCP+었/EP+던/ETM+것/NNB+같/VA+아요/EF"
          },
          {
            "id": 22,
            "text": "2 : 막 엄청 외우고 그런거는 아니었으니까?",
            "norm_text": "막 엄청 외우고 그런거는 아니었으니까?",
            "speaker": {
              "id": "2번",
              "sex": "여성",
              "age": "20대"
            },
            "speechAct": "(단언) 주장하기",
            "morpheme": "막/MAJ+엄청/MAG+외우/VV+고/EC+그런/MM+거/NNB+는/JX+아니/VCN+었/EP+으니까/EF"
          },
          {
            "id": 23,
            "text": "2 : 쌤은요?",
            "norm_text": "쌤은요?",
            "speaker": {
              "id": "2번",
              "sex": "여성",
              "age": "20대"
            },
            "speechAct": "(지시) 질문하기",
            "morpheme": "쌤/NNG+은/JX+요/JX"
          },
          {
            "id": 24,
            "text": "1 : 아 키키 저도 고르자면 수학이요!",
            "norm_text": "아 키키 저도 고르자면 수학이요!",
            "speaker": {
              "id": "1번",
              "sex": "여성",
              "age": "20대"
            },
            "speechAct": "(단언) 주장하기",
            "morpheme": "아키/NNP+키저/NNG+도/JX+고르/VA+자면/EC+수학/NNG+이/VCP+요/EF"
          },
          {
            "id": 25,
            "text": "1 : 뭔가 계산해서 딱 답나오는게 좋았어요",
            "norm_text": "뭔가 계산해서 딱 답나오는게 좋았어요",
            "speaker": {
              "id": "1번",
              "sex": "여성",
              "age": "20대"
            },
            "speechAct": "(단언) 주장하기",
            "morpheme": "뭔가/NP+VCP+EC+계산/NNG+해서/XSV+EC+딱/MAG+답/NNG+나오/VV+는/ETM+게/NNB+JKS+좋/VA+았/EP+어요/EF"
          },
          {
            "id": 26,
            "text": "1 : 그러면 속기 이후에  최근에 배워보고 싶은 자격증은 있나요?",
            "norm_text": "그러면 속기 이후에  최근에 배워보고 싶은 자격증은 있나요?",
            "speaker": {
              "id": "1번",
              "sex": "여성",
              "age": "20대"
            },
            "speechAct": "(지시) 질문하기",
            "morpheme": "그러면/MAJ+속기/NNG+이후/NNG+에/JKB+최근/NNG+에/JKB+배워/VV+EC+보/VX+고/EC+싶/VX+은/ETM+자격증/NNG+은/JX+있/VA+나요/EF"
          },
          {
            "id": 27,
            "text": "2 : 음 저는 한국사 자격증은 나중에 따고 싶어요!",
            "norm_text": "음 저는 한국사 자격증은 나중에 따고 싶어요!",
            "speaker": {
              "id": "2번",
              "sex": "여성",
              "age": "20대"
            },
            "speechAct": "(단언) 주장하기",
            "morpheme": "음/IC+저/NP+는/JX+한국사/NNP+자격증/NNG+은/JX+나중/NNG+에/JKB+따/VV+고/EC+싶/VX+어요/EF"
          },
          {
            "id": 28,
            "text": "2 : 우리나라 역사는 알아야 한다고 생각해서 하하",
            "norm_text": "우리나라 역사는 알아야 한다고 생각해서 하하",
            "speaker": {
              "id": "2번",
              "sex": "여성",
              "age": "20대"
            },
            "speechAct": "(단언) 주장하기",
            "morpheme": "우리/NP+나라/NNG+역사/NNG+는/JX+알/VV+아야/EC+한다고/VX+EC+생각/NNG+해서/XSV+EC+하하/MAG"
          },
          {
            "id": 29,
            "text": "1 : 아아 맞아요",
            "norm_text": "아아 맞아요",
            "speaker": {
              "id": "1번",
              "sex": "여성",
              "age": "20대"
            },
            "speechAct": "(단언) 주장하기",
            "morpheme": "아아/IC+맞/VV+아요/EC"
          },
          {
            "id": 30,
            "text": "1 : 한국사 자격증은 그리고 이력서 쓸 때도 되게  좋다고한 자격증들중 하나인 것 같아요!",
            "norm_text": "한국사 자격증은 그리고 이력서 쓸 때도 되게  좋다고한 자격증들중 하나인 것 같아요!",
            "speaker": {
              "id": "1번",
              "sex": "여성",
              "age": "20대"
            },
            "speechAct": "(단언) 주장하기",
            "morpheme": "한국사/NNP+자격증/NNG+은/JX+그리고/MAJ+이력서/NNG+쓸/VV+ETM+때/NNG+도/JX+되게/MAG+좋/VA+다고/EC+한/MM+자격증/NNG+들/XSN+중/NNB+하나/NR+인/VCP+ETM+것/NNB+같/VA+아요/EF"
          },
          {
            "id": 31,
            "text": "1 : 학교다닐 때  기억에 남는 선생님은 있으세요?",
            "norm_text": "학교다닐 때  기억에 남는 선생님은 있으세요?",
            "speaker": {
              "id": "1번",
              "sex": "여성",
              "age": "20대"
            },
            "speechAct": "(지시) 질문하기",
            "morpheme": "학교/NNG+다닐/VV+ETM+때/NNG+기억/NNG+에/JKB+남/VV+는/ETM+선생/NNG+님/XSN+은/JX+있/VA+으세요/EF"
          },
          {
            "id": 32,
            "text": "2 : 음 고등학교2학년 담임 선생님이랑 부담임 선생님이 먼저 생각이 나네요!",
            "norm_text": "음 고등학교2학년 담임 선생님이랑 부담임 선생님이 먼저 생각이 나네요!",
            "speaker": {
              "id": "2번",
              "sex": "여성",
              "age": "20대"
            },
            "speechAct": "(단언) 주장하기",
            "morpheme": "음/IC+고등/NNG+학교/NNG+2/SN+학년/NNG+담임/NNG+선생/NNG+님/XSN+이랑/JKB+부담/NNG+임/VCP+ETN+선생/NNG+님/XSN+이/JKS+먼저/MAG+생각/NNG+이/JKS+나/VV+네요/EF"
          },
          {
            "id": 33,
            "text": "2 : 두분 다 정말 학생들 위해서 막 요리 대회도 만들어서 반에서 하고 그랬었어요!",
            "norm_text": "두분 다 정말 학생들 위해서 막 요리 대회도 만들어서 반에서 하고 그랬었어요!",
            "speaker": {
              "id": "2번",
              "sex": "여성",
              "age": "20대"
            },
            "speechAct": "(단언) 진술하기",
            "morpheme": "두/MM+분/NNBC+다/MAG+정말/MAG+학생/NNG+들/XSN+위해서/VV+EC+막/VV+요리/EC+대회/NNG+도/JX+만들/VV+어서/EC+반/NNG+에서/JKB+하/VV+고/EC+그랬었/VV+EP+어요/EF"
          },
          {
            "id": 34,
            "text": "1 : 오 대박 학원을 다니시는 편이셨어요?",
            "norm_text": "오 대박 학원을 다니시는 편이셨어요?",
            "speaker": {
              "id": "1번",
              "sex": "여성",
              "age": "20대"
            },
            "speechAct": "(지시) 질문하기",
            "morpheme": "오/NR+대박/NNG+학원/NNG+을/JKO+다니/VV+시/EP+는/ETM+편/NNB+이/VCP+셨/EP+EP+어요/EF"
          },
          {
            "id": 35,
            "text": "1 : 방과후 수업 하셨던 편이셨어요?",
            "norm_text": "방과후 수업 하셨던 편이셨어요?",
            "speaker": {
              "id": "1번",
              "sex": "여성",
              "age": "20대"
            },
            "speechAct": "(지시) 질문하기",
            "morpheme": "방/NNG+과/JC+후/NNG+수업/NNG+하/XSV+셨/EP+EP+던/ETM+편/NNB+이/VCP+셨/EP+EP+어요/EF"
          },
          {
            "id": 36,
            "text": "2 : 초등학교 때는 방과후 수업 많이 했었고 중학교랑 고등학교 때는 주로 학원을 다녔네요!",
            "norm_text": "초등학교 때는 방과후 수업 많이 했었고 중학교랑 고등학교 때는 주로 학원을 다녔네요!",
            "speaker": {
              "id": "2번",
              "sex": "여성",
              "age": "20대"
            },
            "speechAct": "(단언) 진술하기",
            "morpheme": "초등/NNG+학교/NNG+때/NNG+는/JX+방/NNG+과/JC+후/NNG+수업/NNG+많이/MAG+했었/VV+EP+고/EC+중학교/NNG+랑/JKB+고등/NNG+학교/NNG+때/NNG+는/JX+주로/MAG+학원/NNG+을/JKO+다녔/VV+EP+네요/EF"
          },
          {
            "id": 37,
            "text": "1 : 두개 다 해보셨는데 어떤게 편하셨어요?",
            "norm_text": "두개 다 해보셨는데 어떤게 편하셨어요?",
            "speaker": {
              "id": "1번",
              "sex": "여성",
              "age": "20대"
            },
            "speechAct": "(지시) 질문하기",
            "morpheme": "두/MM+개/NNBC+다/MAG+해/VV+EC+보/VX+셨/EP+EP+는데/EC+어떤/MM+게/NNB+JKS+편하/VA+셨/EP+EP+어요/EF"
          },
          {
            "id": 38,
            "text": "2 : 음 편한 거라기보다는 효과를 얘기 하자면 아무래도 학원이 더 전문적으로 가르쳐준 느낌이었어요!",
            "norm_text": "음 편한 거라기보다는 효과를 얘기 하자면 아무래도 학원이 더 전문적으로 가르쳐준 느낌이었어요!",
            "speaker": {
              "id": "2번",
              "sex": "여성",
              "age": "20대"
            },
            "speechAct": "(단언) 주장하기",
            "morpheme": "음/IC+편한/VA+ETM+거/NNB+라기/VCP+ETN+보다/JKB+는/JX+효과/NNG+를/JKO+얘기/NNG+하/XSV+자면/EC+아무래도/MAG+학원/NNG+이/JKS+더/MAG+전문/NNG+적/XSN+으로/JKB+가르쳐/VV+EC+준/VX+ETM+느낌/NNG+이/VCP+었/EP+어요/EF"
          },
          {
            "id": 39,
            "text": "2 : 아무래도 돈이 많이 들어가서 그런가...",
            "norm_text": "아무래도 돈이 많이 들어가서 그런가...",
            "speaker": {
              "id": "2번",
              "sex": "여성",
              "age": "20대"
            },
            "speechAct": "(단언) 주장하기",
            "morpheme": "아무래도/MAG+돈/NNG+이/JKS+많이/MAG+들어가/VV+서/EC+그런가/VA+EF+./SY"
          }
        ]
      }
    }
  ]
}