{
  "dataset": {
    "identifier": 117268,
    "name": "NATEON_30_15_set",
    "src_path": "/data/file/cubeManager/PROJECT001/80/txt202111021135290601110/NATEON_30_15_set/",
    "label_path": "/data/file/cubeManager/PROJECT001/80/txt202111021135290601110/NATEON_30_15_set/",
    "category": 2,
    "type": 0
  },
  "licenses": {
    "name": "Apache License 1.0",
    "url": "http://www.apache.org/licenses/LICENSE-1.0"
  },
  "info": [
    {
      "id": 129978,
      "filename": "NATEON_30_15.txt",
      "title": "NATEON_30_15",
      "mediatype": "메신저",
      "medianame": "네이트온",
      "category": "일상대화",
      "date": "2021-11-02",
      "size": 456,
      "annotations": {
        "subject": "타 국가 이슈",
        "speaker_type": "다자간 대화",
        "size": 456,
        "word_size": 158,
        "text": "1 : 이번에 가스값 폭등했대\n2 : 가스값?\n2 : 기름값 다음에 가스값이네 ㅠㅠ\n3 : 가스값은 항상 많이 나오는데 ㅠ\n1 : 응 이번에 미국 석탄 재고가 24년 중 최저라네\n2 : 이제 겨울철인데 가스 요금 폭탄 맞겠다 ㅠㅠ\n3 : 헐 그거 심각한 거 아니야?\n1 : 응 발전소 연료 사용량이 너무 증가해서 그렇대\n2 : 아 헐 그럼 앞으로 계속 증가되면 가스값 많이 오르겠네 ㅠㅠ\n3 : 우리나라도 곧 그렇게 될 거 같아 ㅠ\n1 : 아무래도 미국 상황이 그러면 그렇겠지?\n2 : 큰일이다...\n2 : 이제 다 절약하며 지낼 때가 된 듯 ㅠㅠ\n3 : 전력난에 가스값까지,\n3 : 다 오르네\n1 : 그러니까\n1 : 내 월급 빼고 다 올라\n2 : 맞아\n2 : 월급은 왜 이렇게 안 오르는 거야\n3 : 키키 그건 인정할 수밖에 없지\n1 : 아 제 월급도 좀 올려 달라고요\n2 : 맞아\n2 : 월급 올리고 물가 낮춰 주세요 ㅠㅠ\n3 : 그 김에 제 월급도요~",
        "lines": [
          {
            "id": 1,
            "text": "1 : 이번에 가스값 폭등했대",
            "norm_text": "이번에 가스값 폭등했대",
            "speaker": {
              "id": "1번",
              "sex": "여성",
              "age": "20대"
            },
            "speechAct": "(단언) 진술하기",
            "morpheme": "이번/NNG+에/JKB+가스/NNG+값/NNG+폭등/NNG+했/XSV+EP+대/EC"
          },
          {
            "id": 2,
            "text": "2 : 가스값?",
            "norm_text": "가스값?",
            "speaker": {
              "id": "2번",
              "sex": "여성",
              "age": "20대"
            },
            "speechAct": "(지시) 질문하기",
            "morpheme": "가스/NNG+값/NNG"
          },
          {
            "id": 3,
            "text": "2 : 기름값 다음에 가스값이네 ㅠㅠ",
            "norm_text": "기름값 다음에 가스값이네 ㅠㅠ",
            "speaker": {
              "id": "2번",
              "sex": "여성",
              "age": "20대"
            },
            "speechAct": "(단언) 진술하기",
            "morpheme": "기름/NNG+값/NNG+다음/NNG+에/JKB+가스/NNG+값/NNG+이/VCP+네/EF+ㅠㅠ/UNKNOWN"
          },
          {
            "id": 4,
            "text": "3 : 가스값은 항상 많이 나오는데 ㅠ",
            "norm_text": "가스값은 항상 많이 나오는데 ㅠ",
            "speaker": {
              "id": "3번",
              "sex": "남성",
              "age": "20대"
            },
            "speechAct": "(단언) 진술하기",
            "morpheme": "가스/NNG+값/NNG+은/JX+항상/MAG+많이/MAG+나오/VV+는/ETM+데ㅠ/UNKNOWN"
          },
          {
            "id": 5,
            "text": "1 : 응 이번에 미국 석탄 재고가 24년 중 최저라네",
            "norm_text": "응 이번에 미국 석탄 재고가 24년 중 최저라네",
            "speaker": {
              "id": "1번",
              "sex": "여성",
              "age": "20대"
            },
            "speechAct": "(단언) 진술하기",
            "morpheme": "응/IC+이번/NNG+에/JKB+미국/NNP+석탄/NNG+재고/NNG+가/JKS+24/SN+년/NNBC+중/NNB+최저/NNG+라네/VCP+EC"
          },
          {
            "id": 6,
            "text": "2 : 이제 겨울철인데 가스 요금 폭탄 맞겠다 ㅠㅠ",
            "norm_text": "이제 겨울철인데 가스 요금 폭탄 맞겠다 ㅠㅠ",
            "speaker": {
              "id": "2번",
              "sex": "여성",
              "age": "20대"
            },
            "speechAct": "(단언) 주장하기",
            "morpheme": "이제/MAG+겨울철/NNG+인데/VCP+EC+가스/NNG+요금/NNG+폭탄/NNG+맞/VV+겠/EP+다/EF+ㅠㅠ/UNKNOWN"
          },
          {
            "id": 7,
            "text": "3 : 헐 그거 심각한 거 아니야?",
            "norm_text": "헐 그거 심각한 거 아니야?",
            "speaker": {
              "id": "3번",
              "sex": "남성",
              "age": "20대"
            },
            "speechAct": "(지시) 질문하기",
            "morpheme": "헐/IC+그거/NP+심각/XR+한/XSA+ETM+거/NNB+아니/VCN+야/EF"
          },
          {
            "id": 8,
            "text": "1 : 응 발전소 연료 사용량이 너무 증가해서 그렇대",
            "norm_text": "응 발전소 연료 사용량이 너무 증가해서 그렇대",
            "speaker": {
              "id": "1번",
              "sex": "여성",
              "age": "20대"
            },
            "speechAct": "(단언) 진술하기",
            "morpheme": "응/IC+발전소/NNG+연료/NNG+사용량/NNG+이/JKS+너무/MAG+증가/NNG+해서/XSV+EC+그렇/VA+대/EC"
          },
          {
            "id": 9,
            "text": "2 : 아 헐 그럼 앞으로 계속 증가되면 가스값 많이 오르겠네 ㅠㅠ",
            "norm_text": "아 헐 그럼 앞으로 계속 증가되면 가스값 많이 오르겠네 ㅠㅠ",
            "speaker": {
              "id": "2번",
              "sex": "여성",
              "age": "20대"
            },
            "speechAct": "(단언) 주장하기",
            "morpheme": "아/IC+헐/IC+그럼/MAJ+앞/NNG+으로/JKB+계속/MAG+증가/NNG+되/XSV+면/EC+가스/NNG+값/NNG+많이/MAG+오르/VV+겠/EP+네/EF+ㅠㅠ/UNKNOWN"
          },
          {
            "id": 10,
            "text": "3 : 우리나라도 곧 그렇게 될 거 같아 ㅠ",
            "norm_text": "우리나라도 곧 그렇게 될 거 같아 ㅠ",
            "speaker": {
              "id": "3번",
              "sex": "남성",
              "age": "20대"
            },
            "speechAct": "(단언) 주장하기",
            "morpheme": "우리/NP+나라/NNG+도/JX+곧/MAG+그렇게/MAG+될/VV+ETM+거/NNB+같/VA+아/EC+ㅠ/UNKNOWN"
          },
          {
            "id": 11,
            "text": "1 : 아무래도 미국 상황이 그러면 그렇겠지?",
            "norm_text": "아무래도 미국 상황이 그러면 그렇겠지?",
            "speaker": {
              "id": "1번",
              "sex": "여성",
              "age": "20대"
            },
            "speechAct": "(단언) 주장하기",
            "morpheme": "아무래도/MAG+미국/NNP+상황/NNG+이/JKS+그러/VV+면/EC+그렇/VA+겠/EP+지/EF"
          },
          {
            "id": 12,
            "text": "2 : 큰일이다...",
            "norm_text": "큰일이다...",
            "speaker": {
              "id": "2번",
              "sex": "여성",
              "age": "20대"
            },
            "speechAct": "(단언) 주장하기",
            "morpheme": "큰일/NNG+이/VCP+다/EF+./SY"
          },
          {
            "id": 13,
            "text": "2 : 이제 다 절약하며 지낼 때가 된 듯 ㅠㅠ",
            "norm_text": "이제 다 절약하며 지낼 때가 된 듯 ㅠㅠ",
            "speaker": {
              "id": "2번",
              "sex": "여성",
              "age": "20대"
            },
            "speechAct": "(단언) 주장하기",
            "morpheme": "이제/MAG+다/MAG+절약/NNG+하/XSV+며/EC+지낼/VV+ETM+때/NNG+가/JKS+된/VV+ETM+듯/NNB+ㅠㅠ/UNKNOWN"
          },
          {
            "id": 14,
            "text": "3 : 전력난에 가스값까지,",
            "norm_text": "전력난에 가스값까지,",
            "speaker": {
              "id": "3번",
              "sex": "남성",
              "age": "20대"
            },
            "speechAct": "(단언) 진술하기",
            "morpheme": "전력난/NNG+에/JKB+가스/NNG+값/NNG+까지/JX+,/SC"
          },
          {
            "id": 15,
            "text": "3 : 다 오르네",
            "norm_text": "다 오르네",
            "speaker": {
              "id": "3번",
              "sex": "남성",
              "age": "20대"
            },
            "speechAct": "(단언) 진술하기",
            "morpheme": "다/MAG+오르/VV+네/EC"
          },
          {
            "id": 16,
            "text": "1 : 그러니까",
            "norm_text": "그러니까",
            "speaker": {
              "id": "1번",
              "sex": "여성",
              "age": "20대"
            },
            "speechAct": "(단언) 주장하기",
            "morpheme": "그러니까/MAJ"
          },
          {
            "id": 17,
            "text": "1 : 내 월급 빼고 다 올라",
            "norm_text": "내 월급 빼고 다 올라",
            "speaker": {
              "id": "1번",
              "sex": "여성",
              "age": "20대"
            },
            "speechAct": "(단언) 주장하기",
            "morpheme": "내/NP+JKG+월급/NNG+빼/VV+고/EC+다/MAG+올라/VV+EC"
          },
          {
            "id": 18,
            "text": "2 : 맞아",
            "norm_text": "맞아",
            "speaker": {
              "id": "2번",
              "sex": "여성",
              "age": "20대"
            },
            "speechAct": "(단언) 주장하기",
            "morpheme": "맞/VV+아/EC"
          },
          {
            "id": 19,
            "text": "2 : 월급은 왜 이렇게 안 오르는 거야",
            "norm_text": "월급은 왜 이렇게 안 오르는 거야",
            "speaker": {
              "id": "2번",
              "sex": "여성",
              "age": "20대"
            },
            "speechAct": "(단언) 주장하기",
            "morpheme": "월급/NNG+은/JX+왜/MAG+이렇게/MAG+안/MAG+오르/VV+는/ETM+거/NNB+야/VCP+EF"
          },
          {
            "id": 20,
            "text": "3 : 키키 그건 인정할 수밖에 없지",
            "norm_text": "키키 그건 인정할 수밖에 없지",
            "speaker": {
              "id": "3번",
              "sex": "남성",
              "age": "20대"
            },
            "speechAct": "(단언) 주장하기",
            "morpheme": "키/NNG+키/XSV+ETN+그건/NP+JX+인정/NNG+할/XSV+ETM+수/NNB+밖에/JX+없/VA+지/EC"
          },
          {
            "id": 21,
            "text": "1 : 아 제 월급도 좀 올려 달라고요",
            "norm_text": "아 제 월급도 좀 올려 달라고요",
            "speaker": {
              "id": "1번",
              "sex": "여성",
              "age": "20대"
            },
            "speechAct": "(단언) 주장하기",
            "morpheme": "아/IC+제/NP+JKG+월급/NNG+도/JX+좀/MAG+올려달라/VV+EC+VCP+EC+고요/NNG"
          },
          {
            "id": 22,
            "text": "2 : 맞아",
            "norm_text": "맞아",
            "speaker": {
              "id": "2번",
              "sex": "여성",
              "age": "20대"
            },
            "speechAct": "(단언) 주장하기",
            "morpheme": "맞/VV+아/EC"
          },
          {
            "id": 23,
            "text": "2 : 월급 올리고 물가 낮춰 주세요 ㅠㅠ",
            "norm_text": "월급 올리고 물가 낮춰 주세요 ㅠㅠ",
            "speaker": {
              "id": "2번",
              "sex": "여성",
              "age": "20대"
            },
            "speechAct": "(단언) 주장하기",
            "morpheme": "월급/NNG+올리/VV+고/EC+물가/NNG+낮춰/VV+EC+주/VX+세요/EP+EF+ㅠㅠ/UNKNOWN"
          },
          {
            "id": 24,
            "text": "3 : 그 김에 제 월급도요~",
            "norm_text": "그 김에 제 월급도요~",
            "speaker": {
              "id": "3번",
              "sex": "남성",
              "age": "20대"
            },
            "speechAct": "(단언) 주장하기",
            "morpheme": "그김에제월급도요/UNKNOWN+~/SY"
          }
        ]
      }
    }
  ]
}