{
  "dataset": {
    "identifier": 113855,
    "name": "NATEON_36_19_set",
    "src_path": "/data/file/cubeManager/PROJECT001/80/txt20211103174750045186/NATEON_36_19_set/",
    "label_path": "/data/file/cubeManager/PROJECT001/80/txt20211103174750045186/NATEON_36_19_set/",
    "category": 2,
    "type": 0
  },
  "licenses": {
    "name": "Apache License 1.0",
    "url": "http://www.apache.org/licenses/LICENSE-1.0"
  },
  "info": [
    {
      "id": 136261,
      "filename": "NATEON_36_19.txt",
      "title": "NATEON_36_19",
      "mediatype": "메신저",
      "medianame": "네이트온",
      "category": "일상대화",
      "date": "2021-11-03",
      "size": 393,
      "annotations": {
        "subject": "방송/연예",
        "speaker_type": "다자간 대화",
        "size": 393,
        "word_size": 130,
        "text": "1 : 너희 해치지 않아 봤어?\n2 : 아니 나 그거 안 봤어 키키\n3 : 그건 또 무슨 프로그램이야 키키\n1 : 아 팬트하우스 연기자들 나오던데\n2 : 나 팬하 그것도 안 봤어 키키\n3 : 나 펜스하우스 진짜 좋아했는데 ㅠㅠ\n1 : 펜하를 안 봤다고...?\n1 : 아니 1편도?\n2 : 응... 하나도 안 봤어..\n2 : 티비 안 봐...\n3 : 너 어떻게 펜하를 안보냐!\n1 : 지금이라도 얼른 봐... 얼른...\n2 : 그거 넷플에 나와 있어?...\n3 : 야 펜하 바로 정주행 가능\n1 : 아니 그건 아니고 따로 봐야지...\n2 : 헐 그거 시리즈도 좀 많지 않아?\n3 : 티비에 다시 보기로 보면 돼\n1 : 그거 시즌3까지 나왔을 걸\n2 : 거기 나오는 사람 다 불사신이라고 하던데 키키\n3 : 펜하는 무조건 필수 조건이야...",
        "lines": [
          {
            "id": 1,
            "text": "1 : 너희 해치지 않아 봤어?",
            "norm_text": "너희 해치지 않아 봤어?",
            "speaker": {
              "id": "1번",
              "sex": "여성",
              "age": "20대"
            },
            "speechAct": "(지시) 질문하기",
            "morpheme": "너희/NP+해치/VV+지/EC+않/VX+아/EC+봤/VX+EP+어/EF"
          },
          {
            "id": 2,
            "text": "2 : 아니 나 그거 안 봤어 키키",
            "norm_text": "아니 나 그거 안 봤어 키키",
            "speaker": {
              "id": "2번",
              "sex": "여성",
              "age": "20대"
            },
            "speechAct": "(단언) 진술하기",
            "morpheme": "아니/IC+나/NP+그거/NP+안/MAG+봤/VV+EP+어/EC+키/NNG+키/XSV+ETN"
          },
          {
            "id": 3,
            "text": "3 : 그건 또 무슨 프로그램이야 키키",
            "norm_text": "그건 또 무슨 프로그램이야 키키",
            "speaker": {
              "id": "3번",
              "sex": "남성",
              "age": "20대"
            },
            "speechAct": "(지시) 질문하기",
            "morpheme": "그건/NP+JX+또/MAG+무슨/MM+프로그램/NNG+이/VCP+야/EC+키/NNG+키/XSV+ETN"
          },
          {
            "id": 4,
            "text": "1 : 아 팬트하우스 연기자들 나오던데",
            "norm_text": "아 팬트하우스 연기자들 나오던데",
            "speaker": {
              "id": "1번",
              "sex": "여성",
              "age": "20대"
            },
            "speechAct": "(단언) 진술하기",
            "morpheme": "아/IC+팬/NNG+트/NNG+하우스/NNP+연기자/NNG+들/XSN+나오/VV+던데/EC"
          },
          {
            "id": 5,
            "text": "2 : 나 팬하 그것도 안 봤어 키키",
            "norm_text": "나 팬하 그것도 안 봤어 키키",
            "speaker": {
              "id": "2번",
              "sex": "여성",
              "age": "20대"
            },
            "speechAct": "(단언) 진술하기",
            "morpheme": "나/NP+팬/NNG+하/XSV+그것/NP+도/JX+안/MAG+봤/VV+EP+어/EC+키/NNG+키/XSV+ETN"
          },
          {
            "id": 6,
            "text": "3 : 나 펜스하우스 진짜 좋아했는데 ㅠㅠ",
            "norm_text": "나 펜스하우스 진짜 좋아했는데 ㅠㅠ",
            "speaker": {
              "id": "3번",
              "sex": "남성",
              "age": "20대"
            },
            "speechAct": "(단언) 진술하기",
            "morpheme": "나/NP+펜스/NNG+하우스/NNP+진짜/MAG+좋/VA+아/EC+했/VX+EP+는데/EC+ㅠㅠ/UNKNOWN"
          },
          {
            "id": 7,
            "text": "1 : 펜하를 안 봤다고...?",
            "norm_text": "펜하를 안 봤다고...?",
            "speaker": {
              "id": "1번",
              "sex": "여성",
              "age": "20대"
            },
            "speechAct": "턴토크 사인(관습적 반응)",
            "morpheme": "펜/NNG+하/XSV+를/JKO+안/MAG+봤/VV+EP+다고/EF+./SY+./SY"
          },
          {
            "id": 8,
            "text": "1 : 아니 1편도?",
            "norm_text": "아니 1편도?",
            "speaker": {
              "id": "1번",
              "sex": "여성",
              "age": "20대"
            },
            "speechAct": "(지시) 질문하기",
            "morpheme": "아니/IC+1/SN+편/NNBC+도/JX"
          },
          {
            "id": 9,
            "text": "2 : 응... 하나도 안 봤어..",
            "norm_text": "응... 하나도 안 봤어..",
            "speaker": {
              "id": "2번",
              "sex": "여성",
              "age": "20대"
            },
            "speechAct": "(단언) 진술하기",
            "morpheme": "응/IC+./SY+하나/NR+도/JX+안/MAG+봤/VV+EP+어/EC+./SY"
          },
          {
            "id": 10,
            "text": "2 : 티비 안 봐...",
            "norm_text": "티비 안 봐...",
            "speaker": {
              "id": "2번",
              "sex": "여성",
              "age": "20대"
            },
            "speechAct": "(단언) 주장하기",
            "morpheme": "티비/NNG+안/MAG+봐/VV+EF+./SY"
          },
          {
            "id": 11,
            "text": "3 : 너 어떻게 펜하를 안보냐!",
            "norm_text": "너 어떻게 펜하를 안보냐!",
            "speaker": {
              "id": "3번",
              "sex": "남성",
              "age": "20대"
            },
            "speechAct": "(단언) 주장하기",
            "morpheme": "너/NP+어떻게/MAG+펜/NNG+하/XSV+를/JKO+안/MAG+보/VV+냐/EF"
          },
          {
            "id": 12,
            "text": "1 : 지금이라도 얼른 봐... 얼른...",
            "norm_text": "지금이라도 얼른 봐... 얼른...",
            "speaker": {
              "id": "1번",
              "sex": "여성",
              "age": "20대"
            },
            "speechAct": "(지시) 충고/제안하기",
            "morpheme": "지금/NNG+이/VCP+라도/EC+얼른/MAG+봐/VV+EF+./SY+얼른/MAG+./SY"
          },
          {
            "id": 13,
            "text": "2 : 그거 넷플에 나와 있어?...",
            "norm_text": "그거 넷플에 나와 있어?...",
            "speaker": {
              "id": "2번",
              "sex": "여성",
              "age": "20대"
            },
            "speechAct": "(지시) 질문하기",
            "morpheme": "그거/NP+넷/NR+플/NNG+에/JKB+나와/VV+EC+있/VX+어/EF+./SY+./SY"
          },
          {
            "id": 14,
            "text": "3 : 야 펜하 바로 정주행 가능",
            "norm_text": "야 펜하 바로 정주행 가능",
            "speaker": {
              "id": "3번",
              "sex": "남성",
              "age": "20대"
            },
            "speechAct": "(단언) 주장하기",
            "morpheme": "야펜/NNP+하바/NNP+로정/NNG+주행/NNG+가능/NNG"
          },
          {
            "id": 15,
            "text": "1 : 아니 그건 아니고 따로 봐야지...",
            "norm_text": "아니 그건 아니고 따로 봐야지...",
            "speaker": {
              "id": "1번",
              "sex": "여성",
              "age": "20대"
            },
            "speechAct": "(단언) 주장하기",
            "morpheme": "아니/IC+그건/NP+JX+아니/VCN+고/EC+따로/MAG+봐야지/VV+EF+./SY"
          },
          {
            "id": 16,
            "text": "2 : 헐 그거 시리즈도 좀 많지 않아?",
            "norm_text": "헐 그거 시리즈도 좀 많지 않아?",
            "speaker": {
              "id": "2번",
              "sex": "여성",
              "age": "20대"
            },
            "speechAct": "(지시) 질문하기",
            "morpheme": "헐/IC+그거/NP+시리즈/NNG+도/JX+좀/MAG+많/VA+지/EC+않/VX+아/EF"
          },
          {
            "id": 17,
            "text": "3 : 티비에 다시 보기로 보면 돼",
            "norm_text": "티비에 다시 보기로 보면 돼",
            "speaker": {
              "id": "3번",
              "sex": "남성",
              "age": "20대"
            },
            "speechAct": "(단언) 주장하기",
            "morpheme": "티비/NNG+에/JKB+다시/MAG+보/VV+기/ETN+로/JKB+보/VV+면/EC+돼/VV+EC"
          },
          {
            "id": 18,
            "text": "1 : 그거 시즌3까지 나왔을 걸",
            "norm_text": "그거 시즌3까지 나왔을 걸",
            "speaker": {
              "id": "1번",
              "sex": "여성",
              "age": "20대"
            },
            "speechAct": "(단언) 주장하기",
            "morpheme": "그거/NP+시즌/NNG+3/SN+까지/JX+나왔/VV+EP+을/ETM+걸/NNB+JKO"
          },
          {
            "id": 19,
            "text": "2 : 거기 나오는 사람 다 불사신이라고 하던데 키키",
            "norm_text": "거기 나오는 사람 다 불사신이라고 하던데 키키",
            "speaker": {
              "id": "2번",
              "sex": "여성",
              "age": "20대"
            },
            "speechAct": "(단언) 진술하기",
            "morpheme": "거기/NP+나오/VV+는/ETM+사람/NNG+다/MAG+불사신/NNG+이/VCP+라고/EC+하/VV+던데/EC+키/NNG+키/XSV+ETN"
          },
          {
            "id": 20,
            "text": "3 : 펜하는 무조건 필수 조건이야...",
            "norm_text": "펜하는 무조건 필수 조건이야...",
            "speaker": {
              "id": "3번",
              "sex": "남성",
              "age": "20대"
            },
            "speechAct": "(단언) 주장하기",
            "morpheme": "펜/NNG+하/XSV+는/ETM+무조건/MAG+필수/NNG+조건/NNG+이/VCP+야/EF+./SY"
          }
        ]
      }
    }
  ]
}