{
  "dataset": {
    "identifier": 129755,
    "name": "NATEON_43_04_set",
    "src_path": "/data/file/cubeManager/PROJECT001/84/txt20211104173553025252/NATEON_43_04_set/",
    "label_path": "/data/file/cubeManager/PROJECT001/84/txt20211104173553025252/NATEON_43_04_set/",
    "category": 2,
    "type": 0
  },
  "licenses": {
    "name": "Apache License 1.0",
    "url": "http://www.apache.org/licenses/LICENSE-1.0"
  },
  "info": [
    {
      "id": 137251,
      "filename": "NATEON_43_04.txt",
      "title": "NATEON_43_04",
      "mediatype": "메신저",
      "medianame": "네이트온",
      "category": "일상대화",
      "date": "2021-11-04",
      "size": 409,
      "annotations": {
        "subject": "회사/아르바이트",
        "speaker_type": "다자간 대화",
        "size": 409,
        "word_size": 151,
        "text": "1 : 이번에 알바몬에 편의점 알바 올라왔던데\n2 : 아 맞아\n2 : 편의점 자주 보이더라\n3 : 아 진짜\n3 :편의점 알바?\n1 : 하고 싶은데 거의 12시간 일하더라 ㅜ\n2 : 너 편의점 알바 하려고?\n2 : 너무 길다 ㅠ\n3 : 아 진짜\n3 : 너무 힘들지 그럼\n1 : 나는 오래 일 안 하고 싶어\n2 : 그럼 연장 수당 이런 거 다 챙겨서 주나?\n3 : 편의점 나도 해 보고 싶다 한번\n1 : 키키 수당도 안 주는 거 같은데 보니까\n2 : 8시간 이 정도가 가장 적당하긴 한데 ㅠㅠ\n3 : 수당 얼마나 줄라나 짤 거 같아 키키\n1 : 요즘 알바생한테 수당 잘 안 주지\n2 : 편의점은 딱 최저만 줄 거 같아 키키\n3 : 진짜 너무 오래 일하고 최저 시급이잖아\n1 : 그냥 다른 알바 봐야겠다\n2 : 응 다른 거 더 찾아서 봐 바\n3 : 진짜 편의점 힘들 거 같아",
        "lines": [
          {
            "id": 1,
            "text": "1 : 이번에 알바몬에 편의점 알바 올라왔던데",
            "norm_text": "이번에 알바몬에 편의점 알바 올라왔던데",
            "speaker": {
              "id": "1번",
              "sex": "여성",
              "age": "20대"
            },
            "speechAct": "(단언) 진술하기",
            "morpheme": "이번/NNG+에/JKB+알/VV+ETM+바/NNB+몬/NNP+에/JKB+편의점/NNG+알/VV+ETM+바/NNB+올라왔/VV+EP+던데/EC"
          },
          {
            "id": 2,
            "text": "2 : 아 맞아",
            "norm_text": "아 맞아",
            "speaker": {
              "id": "2번",
              "sex": "남성",
              "age": "20대"
            },
            "speechAct": "(단언) 주장하기",
            "morpheme": "아/IC+맞/VV+아/EC"
          },
          {
            "id": 3,
            "text": "2 : 편의점 자주 보이더라",
            "norm_text": "편의점 자주 보이더라",
            "speaker": {
              "id": "2번",
              "sex": "남성",
              "age": "20대"
            },
            "speechAct": "(단언) 진술하기",
            "morpheme": "편의점/NNG+자주/MAG+보이/VV+더라/EC"
          },
          {
            "id": 4,
            "text": "3 : 아 진짜",
            "norm_text": "아 진짜",
            "speaker": {
              "id": "3번",
              "sex": "남성",
              "age": "20대"
            },
            "speechAct": "턴토크 사인(관습적 반응)",
            "morpheme": "아/IC+진짜/MAG"
          },
          {
            "id": 5,
            "text": "3 :편의점 알바?",
            "norm_text": "편의점 알바?",
            "speaker": {
              "id": "3번",
              "sex": "남성",
              "age": "20대"
            },
            "speechAct": "(지시) 질문하기",
            "morpheme": "편의점/NNG+알/VV+ETM+바/NNB"
          },
          {
            "id": 6,
            "text": "1 : 하고 싶은데 거의 12시간 일하더라 ㅜ",
            "norm_text": "하고 싶은데 거의 12시간 일하더라 ㅜ",
            "speaker": {
              "id": "1번",
              "sex": "여성",
              "age": "20대"
            },
            "speechAct": "(단언) 진술하기",
            "morpheme": "하/VV+고/EC+싶/VX+은데/EC+거의/MAG+12/SN+시간일하더라ㅜ/UNKNOWN"
          },
          {
            "id": 7,
            "text": "2 : 너 편의점 알바 하려고?",
            "norm_text": "너 편의점 알바 하려고?",
            "speaker": {
              "id": "2번",
              "sex": "남성",
              "age": "20대"
            },
            "speechAct": "(지시) 질문하기",
            "morpheme": "너/NP+편의점/NNG+알/VV+ETM+바/NNB+하/VV+려고/EF"
          },
          {
            "id": 8,
            "text": "2 : 너무 길다 ㅠ",
            "norm_text": "너무 길다 ㅠ",
            "speaker": {
              "id": "2번",
              "sex": "남성",
              "age": "20대"
            },
            "speechAct": "(단언) 주장하기",
            "morpheme": "너무길다ㅠ/UNKNOWN"
          },
          {
            "id": 9,
            "text": "3 : 아 진짜",
            "norm_text": "아 진짜",
            "speaker": {
              "id": "3번",
              "sex": "남성",
              "age": "20대"
            },
            "speechAct": "턴토크 사인(관습적 반응)",
            "morpheme": "아/IC+진짜/MAG"
          },
          {
            "id": 10,
            "text": "3 : 너무 힘들지 그럼",
            "norm_text": "너무 힘들지 그럼",
            "speaker": {
              "id": "3번",
              "sex": "남성",
              "age": "20대"
            },
            "speechAct": "(단언) 주장하기",
            "morpheme": "너무/MAG+힘들/VA+지/EC+그럼/VV+EC"
          },
          {
            "id": 11,
            "text": "1 : 나는 오래 일 안 하고 싶어",
            "norm_text": "나는 오래 일 안 하고 싶어",
            "speaker": {
              "id": "1번",
              "sex": "여성",
              "age": "20대"
            },
            "speechAct": "(단언) 주장하기",
            "morpheme": "나/NP+는/JX+오래/MAG+일안/NNG+하/XSV+고/EC+싶/VX+어/EC"
          },
          {
            "id": 12,
            "text": "2 : 그럼 연장 수당 이런 거 다 챙겨서 주나?",
            "norm_text": "그럼 연장 수당 이런 거 다 챙겨서 주나?",
            "speaker": {
              "id": "2번",
              "sex": "남성",
              "age": "20대"
            },
            "speechAct": "(지시) 질문하기",
            "morpheme": "그럼/MAJ+연장/NNG+수당/NNG+이런/MM+거/NNB+다/MAG+챙겨서/VV+EC+주/VX+나/EF"
          },
          {
            "id": 13,
            "text": "3 : 편의점 나도 해 보고 싶다 한번",
            "norm_text": "편의점 나도 해 보고 싶다 한번",
            "speaker": {
              "id": "3번",
              "sex": "남성",
              "age": "20대"
            },
            "speechAct": "(단언) 주장하기",
            "morpheme": "편의점/NNG+나/NP+도/JX+해/VV+EC+보/VX+고/EC+싶/VX+다/EC+한/MM+번/NNBC"
          },
          {
            "id": 14,
            "text": "1 : 키키 수당도 안 주는 거 같은데 보니까",
            "norm_text": "키키 수당도 안 주는 거 같은데 보니까",
            "speaker": {
              "id": "1번",
              "sex": "여성",
              "age": "20대"
            },
            "speechAct": "(단언) 주장하기",
            "morpheme": "키/NNG+키/NNG+수당/NNG+도/JX+안/MAG+주/VV+는/ETM+거/NNB+같/VA+은데/EC+보/VX+니까/EC"
          },
          {
            "id": 15,
            "text": "2 : 8시간 이 정도가 가장 적당하긴 한데 ㅠㅠ",
            "norm_text": "8시간 이 정도가 가장 적당하긴 한데 ㅠㅠ",
            "speaker": {
              "id": "2번",
              "sex": "남성",
              "age": "20대"
            },
            "speechAct": "(단언) 주장하기",
            "morpheme": "8/SN+시간/NNG+이/JKS+정도/NNG+가/JKS+가장/MAG+적당/XR+하/XSA+긴/ETN+JX+한데/VX+EC+ㅠㅠ/UNKNOWN"
          },
          {
            "id": 16,
            "text": "3 : 수당 얼마나 줄라나 짤 거 같아 키키",
            "norm_text": "수당 얼마나 줄라나 짤 거 같아 키키",
            "speaker": {
              "id": "3번",
              "sex": "남성",
              "age": "20대"
            },
            "speechAct": "(단언) 주장하기",
            "morpheme": "수당/NNG+얼마나/MAG+줄라/VV+EC+나/JX+짤/VV+ETM+거/NNB+같/VA+아/EC+키/NNG+키/XSV+ETN"
          },
          {
            "id": 17,
            "text": "1 : 요즘 알바생한테 수당 잘 안 주지",
            "norm_text": "요즘 알바생한테 수당 잘 안 주지",
            "speaker": {
              "id": "1번",
              "sex": "여성",
              "age": "20대"
            },
            "speechAct": "(단언) 주장하기",
            "morpheme": "요즘/MAG+알/VV+ETM+바/NNB+생/NNB+한테/JKB+수당/NNG+잘/MAG+안/MAG+주/VV+지/EC"
          },
          {
            "id": 18,
            "text": "2 : 편의점은 딱 최저만 줄 거 같아 키키",
            "norm_text": "편의점은 딱 최저만 줄 거 같아 키키",
            "speaker": {
              "id": "2번",
              "sex": "남성",
              "age": "20대"
            },
            "speechAct": "(단언) 주장하기",
            "morpheme": "편의점/NNG+은/JX+딱/MAG+최저/NNG+만/JX+줄/VX+ETM+거/NNB+같/VA+아/EC+키/NNG+키/XSV+ETN"
          },
          {
            "id": 19,
            "text": "3 : 진짜 너무 오래 일하고 최저 시급이잖아",
            "norm_text": "진짜 너무 오래 일하고 최저 시급이잖아",
            "speaker": {
              "id": "3번",
              "sex": "남성",
              "age": "20대"
            },
            "speechAct": "(단언) 주장하기",
            "morpheme": "진짜/MAG+너무/MAG+오래/MAG+일/NNG+하/XSV+고/EC+최저/NNG+시급/NNG+이/VCP+잖아/EC"
          },
          {
            "id": 20,
            "text": "1 : 그냥 다른 알바 봐야겠다",
            "norm_text": "그냥 다른 알바 봐야겠다",
            "speaker": {
              "id": "1번",
              "sex": "여성",
              "age": "20대"
            },
            "speechAct": "(단언) 주장하기",
            "morpheme": "그냥/MAG+다른/MM+알/VV+바/EC+봐야/VX+EC+VV+겠/EP+다/EC"
          },
          {
            "id": 21,
            "text": "2 : 응 다른 거 더 찾아서 봐 바",
            "norm_text": "응 다른 거 더 찾아서 봐 바",
            "speaker": {
              "id": "2번",
              "sex": "남성",
              "age": "20대"
            },
            "speechAct": "(지시) 충고/제안하기",
            "morpheme": "응/IC+다른/MM+거/NNB+더/MAG+찾/VV+아서/EC+봐/VX+바/EC"
          },
          {
            "id": 22,
            "text": "3 : 진짜 편의점 힘들 거 같아",
            "norm_text": "진짜 편의점 힘들 거 같아",
            "speaker": {
              "id": "3번",
              "sex": "남성",
              "age": "20대"
            },
            "speechAct": "(단언) 주장하기",
            "morpheme": "진짜/MAG+편의점/NNG+힘들/VA+ETM+거/NNB+같/VA+아/EC"
          }
        ]
      }
    }
  ]
}