{
  "dataset": {
    "identifier": 112733,
    "name": "NATEON_33_06_set",
    "src_path": "/data/file/cubeManager/PROJECT001/80/txt20211102173312089243/NATEON_33_06_set/",
    "label_path": "/data/file/cubeManager/PROJECT001/80/txt20211102173312089243/NATEON_33_06_set/",
    "category": 2,
    "type": 0
  },
  "licenses": {
    "name": "Apache License 1.0",
    "url": "http://www.apache.org/licenses/LICENSE-1.0"
  },
  "info": [
    {
      "id": 131858,
      "filename": "NATEON_33_06.txt",
      "title": "NATEON_33_06",
      "mediatype": "메신저",
      "medianame": "네이트온",
      "category": "일상대화",
      "date": "2021-11-02",
      "size": 444,
      "annotations": {
        "subject": "교육",
        "speaker_type": "다자간 대화",
        "size": 444,
        "word_size": 143,
        "text": "1 : 이번에 학원 끊으려는데 너무 비싸네ㅠㅠ\n2 : 요즘 학원비는 어느 정도 나가는데 ㅠㅠ\n3 : 요즘엔 한달 다니려면 너무 비싸더라\n1 : 한 한달에 보통 50만원?\n2 : 헐 요즘 학원비 장난 아니긴 하네 ㅠㅠ\n3 : 와... 학원비가 진짜 장난 아니네\n1 : 그렇지?\n1 : 근데 안다니면 공부를 못하니까\n2 : 넌 인강보단 학원을 더 선호 한다고 했었나?\n3 : 그건 그렇지ㅠ\n3 : 아무래도 뒤쳐지지\n1 : 응 하하 나는 인강은 너무 잠와서ㅠ\n2 : 맞아 공부 안하면 뒤쳐져서 하긴 해야되는데 ㅠㅠ\n2 : 인강이 더 저렴하잖아!\n3 : 맞아 나도 얼마전에 졸았잖아\n1 : 더 저렴하긴한데 내가 안볼까봐ㅠㅠ\n2 : 맞아 의지가 부족해서 공부 안할거 같긴 해 키키\n3 : 맞아 돈주고 안보면 돈 아깝지\n1 : 응 학원 다니면서 뽕 뽑을거야!\n2 : 응 비싸더라도 그냥 학원 다녀 키키\n3 : 키키 그래 학원 다니는게 짱이다",
        "lines": [
          {
            "id": 1,
            "text": "1 : 이번에 학원 끊으려는데 너무 비싸네ㅠㅠ",
            "norm_text": "이번에 학원 끊으려는데 너무 비싸네ㅠㅠ",
            "speaker": {
              "id": "1번",
              "sex": "여성",
              "age": "20대"
            },
            "speechAct": "(단언) 주장하기",
            "morpheme": "이번/NNG+에/JKB+학원/NNG+끊/VV+으려는/ETM+데/NNB+너무/MAG+비싸/VA+네/EF+ㅠㅠ/UNKNOWN"
          },
          {
            "id": 2,
            "text": "2 : 요즘 학원비는 어느 정도 나가는데 ㅠㅠ",
            "norm_text": "요즘 학원비는 어느 정도 나가는데 ㅠㅠ",
            "speaker": {
              "id": "2번",
              "sex": "여성",
              "age": "20대"
            },
            "speechAct": "(지시) 질문하기",
            "morpheme": "요즘/NNG+학원/NNG+비/NNG+는/JX+어느/MM+정도/NNG+나가/VV+는데/EC+ㅠㅠ/UNKNOWN"
          },
          {
            "id": 3,
            "text": "3 : 요즘엔 한달 다니려면 너무 비싸더라",
            "norm_text": "요즘엔 한달 다니려면 너무 비싸더라",
            "speaker": {
              "id": "3번",
              "sex": "남성",
              "age": "20대"
            },
            "speechAct": "(단언) 주장하기",
            "morpheme": "요즘/NNG+엔/JKB+JX+한/MM+달/NNBC+다니/VV+려면/EC+너무/MAG+비싸/VA+더라/EC"
          },
          {
            "id": 4,
            "text": "1 : 한 한달에 보통 50만원?",
            "norm_text": "한 한달에 보통 50만원?",
            "speaker": {
              "id": "1번",
              "sex": "여성",
              "age": "20대"
            },
            "speechAct": "(단언) 주장하기",
            "morpheme": "한/MM+한/MM+달/NNG+에/JKB+보통/NNG+50/SN+만/NR+원/NNBC"
          },
          {
            "id": 5,
            "text": "2 : 헐 요즘 학원비 장난 아니긴 하네 ㅠㅠ",
            "norm_text": "헐 요즘 학원비 장난 아니긴 하네 ㅠㅠ",
            "speaker": {
              "id": "2번",
              "sex": "여성",
              "age": "20대"
            },
            "speechAct": "(단언) 주장하기",
            "morpheme": "헐/IC+요즘/MAG+학원/NNG+비/XPN+장난/NNG+아니/VCN+긴/ETN+JX+하/VX+네/EF+ㅠㅠ/UNKNOWN"
          },
          {
            "id": 6,
            "text": "3 : 와... 학원비가 진짜 장난 아니네",
            "norm_text": "와... 학원비가 진짜 장난 아니네",
            "speaker": {
              "id": "3번",
              "sex": "남성",
              "age": "20대"
            },
            "speechAct": "(단언) 주장하기",
            "morpheme": "와/IC+./SY+학원비가진짜장난아니네/UNKNOWN"
          },
          {
            "id": 7,
            "text": "1 : 그렇지?",
            "norm_text": "그렇지?",
            "speaker": {
              "id": "1번",
              "sex": "여성",
              "age": "20대"
            },
            "speechAct": "(지시) 질문하기",
            "morpheme": "그렇/VA+지/EF"
          },
          {
            "id": 8,
            "text": "1 : 근데 안다니면 공부를 못하니까",
            "norm_text": "근데 안다니면 공부를 못하니까",
            "speaker": {
              "id": "1번",
              "sex": "여성",
              "age": "20대"
            },
            "speechAct": "(단언) 주장하기",
            "morpheme": "근데/MAJ+안/MAG+다니/VV+면/EC+공부/NNG+를/JKO+못/MAG+하/VV+니까/EC"
          },
          {
            "id": 9,
            "text": "2 : 넌 인강보단 학원을 더 선호 한다고 했었나?",
            "norm_text": "넌 인강보단 학원을 더 선호 한다고 했었나?",
            "speaker": {
              "id": "2번",
              "sex": "여성",
              "age": "20대"
            },
            "speechAct": "(지시) 질문하기",
            "morpheme": "넌/NP+JX+인/+강/+보단/JKB+JX+학원/NNG+을/JKO+더/MAG+선호/NNG+한다고/XSV+EC+했었/VX+EP+나/EF"
          },
          {
            "id": 10,
            "text": "3 : 그건 그렇지ㅠ",
            "norm_text": "그건 그렇지ㅠ",
            "speaker": {
              "id": "3번",
              "sex": "남성",
              "age": "20대"
            },
            "speechAct": "(단언) 주장하기",
            "morpheme": "그건/NP+JX+그렇/VA+지/EC+ㅠ/UNKNOWN"
          },
          {
            "id": 11,
            "text": "3 : 아무래도 뒤쳐지지",
            "norm_text": "아무래도 뒤쳐지지",
            "speaker": {
              "id": "3번",
              "sex": "남성",
              "age": "20대"
            },
            "speechAct": "(단언) 주장하기",
            "morpheme": "아무래도/MAG+뒤쳐지/VV+지/EC"
          },
          {
            "id": 12,
            "text": "1 : 응 하하 나는 인강은 너무 잠와서ㅠ",
            "norm_text": "응 하하 나는 인강은 너무 잠와서ㅠ",
            "speaker": {
              "id": "1번",
              "sex": "여성",
              "age": "20대"
            },
            "speechAct": "(단언) 주장하기",
            "morpheme": "응/IC+하하/MAG+나/NP+는/JX+인/+강/+은/JX+너무/MAG+잠/NNG+와서/VV+EC+ㅠ/UNKNOWN"
          },
          {
            "id": 13,
            "text": "2 : 맞아 공부 안하면 뒤쳐져서 하긴 해야되는데 ㅠㅠ",
            "norm_text": "맞아 공부 안하면 뒤쳐져서 하긴 해야되는데 ㅠㅠ",
            "speaker": {
              "id": "2번",
              "sex": "여성",
              "age": "20대"
            },
            "speechAct": "(단언) 주장하기",
            "morpheme": "맞/VV+아/EC+공부/NNG+안/MAG+하/VV+면/EC+뒤쳐져/VV+EC+서/NNG+하/XSV+긴/ETN+JX+해야/VX+EC+되/VV+는데/EC+ㅠㅠ/UNKNOWN"
          },
          {
            "id": 14,
            "text": "2 : 인강이 더 저렴하잖아!",
            "norm_text": "인강이 더 저렴하잖아!",
            "speaker": {
              "id": "2번",
              "sex": "여성",
              "age": "20대"
            },
            "speechAct": "(단언) 주장하기",
            "morpheme": "인/+강/+이/JKS+더/MAG+저렴/XR+하/XSA+잖아/EF"
          },
          {
            "id": 15,
            "text": "3 : 맞아 나도 얼마전에 졸았잖아",
            "norm_text": "맞아 나도 얼마전에 졸았잖아",
            "speaker": {
              "id": "3번",
              "sex": "남성",
              "age": "20대"
            },
            "speechAct": "(단언) 주장하기",
            "morpheme": "맞/VV+아/EC+나/NP+도/JX+얼마/NNG+전/NNG+에/JKB+졸/VV+았/EP+잖아/EC"
          },
          {
            "id": 16,
            "text": "1 : 더 저렴하긴한데 내가 안볼까봐ㅠㅠ",
            "norm_text": "더 저렴하긴한데 내가 안볼까봐ㅠㅠ",
            "speaker": {
              "id": "1번",
              "sex": "여성",
              "age": "20대"
            },
            "speechAct": "(단언) 주장하기",
            "morpheme": "더/MAG+저렴/XR+하/XSA+긴/ETN+JX+한데/VX+EC+내/NP+가/JKS+안/MAG+볼까봐/VV+EC+VX+EC+ㅠㅠ/UNKNOWN"
          },
          {
            "id": 17,
            "text": "2 : 맞아 의지가 부족해서 공부 안할거 같긴 해 키키",
            "norm_text": "맞아 의지가 부족해서 공부 안할거 같긴 해 키키",
            "speaker": {
              "id": "2번",
              "sex": "여성",
              "age": "20대"
            },
            "speechAct": "(단언) 주장하기",
            "morpheme": "맞/VV+아/EC+의지/NNG+가/JKS+부족/NNG+해서/XSV+EC+공부/NNG+안/MAG+할/VV+ETM+거/NNB+같/VA+긴/ETN+JX+해/VX+EC+키/NNG+키/XSV+ETN"
          },
          {
            "id": 18,
            "text": "3 : 맞아 돈주고 안보면 돈 아깝지",
            "norm_text": "맞아 돈주고 안보면 돈 아깝지",
            "speaker": {
              "id": "3번",
              "sex": "남성",
              "age": "20대"
            },
            "speechAct": "(단언) 주장하기",
            "morpheme": "맞/VV+아/EC+돈/NNG+주/VV+고/EC+안/MAG+보/VV+면/EC+돈/NNG+아깝/VA+지/EC"
          },
          {
            "id": 19,
            "text": "1 : 응 학원 다니면서 뽕 뽑을거야!",
            "norm_text": "응 학원 다니면서 뽕 뽑을거야!",
            "speaker": {
              "id": "1번",
              "sex": "여성",
              "age": "20대"
            },
            "speechAct": "(단언) 주장하기",
            "morpheme": "응/IC+학원/NNG+다니/VV+면서/EC+뽕/MAG+뽑/VV+을/ETM+거/NNB+야/VCP+EF"
          },
          {
            "id": 20,
            "text": "2 : 응 비싸더라도 그냥 학원 다녀 키키",
            "norm_text": "응 비싸더라도 그냥 학원 다녀 키키",
            "speaker": {
              "id": "2번",
              "sex": "여성",
              "age": "20대"
            },
            "speechAct": "(단언) 주장하기",
            "morpheme": "응/IC+비싸/VA+더라도/EC+그냥/MAG+학원/NNG+다녀/VV+EC+키/NNG+키/XSV+ETN"
          },
          {
            "id": 21,
            "text": "3 : 키키 그래 학원 다니는게 짱이다",
            "norm_text": "키키 그래 학원 다니는게 짱이다",
            "speaker": {
              "id": "3번",
              "sex": "남성",
              "age": "20대"
            },
            "speechAct": "(단언) 주장하기",
            "morpheme": "키/NNG+키/XSV+ETN+그래/VA+EC+학원/NNG+다니/VV+는/ETM+게/NNB+JKS+짱/NNG+이/VCP+다/EC"
          }
        ]
      }
    }
  ]
}