{
  "dataset": {
    "identifier": 17300,
    "name": "NATEON_22_09_set",
    "src_path": "/data/file/cubeManager/PROJECT001/7/txt20210826181651052132/NATEON_22_09_set/",
    "label_path": "/data/file/cubeManager/PROJECT001/7/txt20210826181651052132/NATEON_22_09_set/",
    "category": 2,
    "type": 0
  },
  "licenses": {
    "name": "Apache License 1.0",
    "url": "http://www.apache.org/licenses/LICENSE-1.0"
  },
  "info": [
    {
      "id": 748,
      "filename": "NATEON_22_09.txt",
      "title": "NATEON_22_09",
      "mediatype": "메신저",
      "medianame": "네이트온",
      "category": "일상대화",
      "date": "2021-08-26",
      "size": 879,
      "annotations": {
        "subject": "반려동물",
        "speaker_type": "1:1",
        "size": 879,
        "word_size": 262,
        "text": "1 : 학교에 반려동물 키워본 적 있어?\n2 : 학교에서 없어요.\n2 : 안 그래도 생각해 보니까 다른 학교는 학교에서 키우는 동물도 있다고 하는데 저희는 없었네요 ㅠ\n2 : 언니는 있었어요?\n1 : 우리 학교도 그런 건 없었는데 친구가 선생님 몰래 햄스터를 키웠었어.\n2 : 학교에서 키웠었던 거예요? 선생님 몰래?\n1 : 맞아. 교실에서 키웠었는데 햄스터가 원체 조용해서 반 애들이 말 안 하면 몰랐을 정도였어.\n2 : 와 그러네요\n2 : 근데 뭔가 신기해요 그렇게 티 안 나게 기를 수 있다는 게\n2 : 혹시 언니는 주변인 반려동물한테 선물해본 적 있어요?\n1 : 선물은 아니고 어릴 때 병아리를 키웠는데 감당하기 벅차서 주변에 키우고 있던 친구에게 보낸 적은 있었어.\n2 : 마음이 좋지 않았을 것 같아요. ㅠㅠ\n2 : 저는 어렸을 때 키우다 많이 죽었어서 그때마다 엄청 슬펐거든요\n1 : 어... 아냐... 죽지는 않았는데 친구가 잘 키워서 삼계탕 끓여 먹었다고 들었어.\n2 : 허어어어류 ㅠㅠ\n2 : 너무 속상한 얘기예요.\n2 : 뭐 어쩔 수 없는 건가.\n2 : 저는 지금 거북이 길러요!\n1 : 맛있었겠지...\n1 : 가축의 운명이란...\n1 : 자라면 몸보신인데 거북이는 아니겠구나.\n2 : 키키 아니랍니다.\n2 : 아마 오래 살 것 같아서 가보로 물려줄 것 같아요.\n2 : 아 근데 저 결혼 안 할 건데 누구 물려주죠.\n1 : 일단 동생을 기다려보고 친구를 기다려보자.\n1 : 반려동물이고 대대손손 맡기려면 족보라도 만들어야 할까?\n2 : 키키 진짜 물려주게 되면 족보 만들어야겠어요.\n2 : 누구한테 언제 물려줬는지 어때요?\n2 : 괜찮겠죠?\n1 : 괜찮은 거 같아 키키\n1 : 거북이 새끼도 놓고 오래도록 장수했으면 좋겠다~\n2 : 이건 다른  말인데 거북이 알 낳는 꿈이 그렇게 돈을 많이 버는 꿈이래요~",
        "lines": [
          {
            "id": 1,
            "text": "1 : 학교에 반려동물 키워본 적 있어?",
            "norm_text": "학교에 반려동물 키워본 적 있어?",
            "speaker": {
              "id": "1번",
              "sex": "여성",
              "age": "30대"
            },
            "speechAct": "(지시) 질문하기",
            "morpheme": "학교/NNG+에/JKB+반려/NNG+동물/NNG+키워본/VV+EC+VX+ETM+적/NNB+있/VA+어/EF"
          },
          {
            "id": 2,
            "text": "2 : 학교에서 없어요.",
            "norm_text": "학교에서 없어요.",
            "speaker": {
              "id": "2번",
              "sex": "여성",
              "age": "20대"
            },
            "speechAct": "(단언) 진술하기",
            "morpheme": "학교/NNG+에서/JKB+없/VA+어요/EF"
          },
          {
            "id": 3,
            "text": "2 : 안 그래도 생각해 보니까 다른 학교는 학교에서 키우는 동물도 있다고 하는데 저희는 없었네요 ㅠ",
            "norm_text": "안 그래도 생각해 보니까 다른 학교는 학교에서 키우는 동물도 있다고 하는데 저희는 없었네요 ㅠ",
            "speaker": {
              "id": "2번",
              "sex": "여성",
              "age": "20대"
            },
            "speechAct": "(단언) 진술하기",
            "morpheme": "안/MAG+그래도/VV+EC+생각/NNG+해/XSV+EC+보/VX+니까/EC+다른/MM+학교/NNG+는/JX+학교/NNG+에서/JKB+키우/VV+는/ETM+동물/NNG+도/JX+있/VA+다고/EC+하/VV+는데/EC+저희/NP+는/JX+없/VA+었/EP+네요/EF+ㅠ/UNKNOWN"
          },
          {
            "id": 4,
            "text": "2 : 언니는 있었어요?",
            "norm_text": "언니는 있었어요?",
            "speaker": {
              "id": "2번",
              "sex": "여성",
              "age": "20대"
            },
            "speechAct": "(지시) 질문하기",
            "morpheme": "언니/NNG+는/JX+있/VX+었/EP+어요/EF"
          },
          {
            "id": 5,
            "text": "1 : 우리 학교도 그런 건 없었는데 친구가 선생님 몰래 햄스터를 키웠었어.",
            "norm_text": "우리 학교도 그런 건 없었는데 친구가 선생님 몰래 햄스터를 키웠었어.",
            "speaker": {
              "id": "1번",
              "sex": "여성",
              "age": "30대"
            },
            "speechAct": "(단언) 진술하기",
            "morpheme": "우리/NP+학교/NNG+도/JX+그런/MM+건/NNB+JX+없/VA+었/EP+는데/EC+친구/NNG+가/JKS+선생/NNG+님/XSN+몰래/MAG+햄스터/NNG+를/JKO+키웠었/VV+EP+어/EF"
          },
          {
            "id": 6,
            "text": "2 : 학교에서 키웠었던 거예요? 선생님 몰래?",
            "norm_text": "학교에서 키웠었던 거예요? 선생님 몰래?",
            "speaker": {
              "id": "2번",
              "sex": "여성",
              "age": "20대"
            },
            "speechAct": "(지시) 질문하기",
            "morpheme": "학교/NNG+에서/JKB+키웠었/VV+EP+던/ETM+거/NNB+예요/VCP+EF+선생/NNG+님/XSN+몰래/MAG"
          },
          {
            "id": 7,
            "text": "1 : 맞아. 교실에서 키웠었는데 햄스터가 원체 조용해서 반 애들이 말 안 하면 몰랐을 정도였어.",
            "norm_text": "맞아. 교실에서 키웠었는데 햄스터가 원체 조용해서 반 애들이 말 안 하면 몰랐을 정도였어.",
            "speaker": {
              "id": "1번",
              "sex": "여성",
              "age": "30대"
            },
            "speechAct": "(단언) 주장하기",
            "morpheme": "맞/VV+아/EF+교실/NNG+에서/JKB+키웠었/VV+EP+는데/EC+햄스터/NNG+가/JKS+원체/MAG+조용/XR+해서/XSA+EC+반애/NNG+들/XSN+이/JKS+말/NNG+안/MAG+하/VV+면/EC+몰랐/VV+EP+을/ETM+정도/NNG+였/VCP+EP+어/EF"
          },
          {
            "id": 8,
            "text": "2 : 와 그러네요",
            "norm_text": "와 그러네요",
            "speaker": {
              "id": "2번",
              "sex": "여성",
              "age": "20대"
            },
            "speechAct": "(단언) 주장하기",
            "morpheme": "와/VV+EC+그러/VV+네요/EC"
          },
          {
            "id": 9,
            "text": "2 : 근데 뭔가 신기해요 그렇게 티 안 나게 기를 수 있다는 게",
            "norm_text": "근데 뭔가 신기해요 그렇게 티 안 나게 기를 수 있다는 게",
            "speaker": {
              "id": "2번",
              "sex": "여성",
              "age": "20대"
            },
            "speechAct": "(단언) 주장하기",
            "morpheme": "근데/MAJ+뭔가/NP+VCP+EC+신기/XR+해요/XSA+EF+그렇게/MAG+티/MAG+안/MAG+나/VV+게/EC+기를/VV+ETM+수/NNB+있/VV+다는/ETM+게/NNB+JKS"
          },
          {
            "id": 10,
            "text": "2 : 혹시 언니는 주변인 반려동물한테 선물해본 적 있어요?",
            "norm_text": "혹시 언니는 주변인 반려동물한테 선물해본 적 있어요?",
            "speaker": {
              "id": "2번",
              "sex": "여성",
              "age": "20대"
            },
            "speechAct": "(지시) 질문하기",
            "morpheme": "혹시/MAG+언니/NNG+는/JX+주변인/NNG+반려/NNG+동물/NNG+한테/JKB+선물/NNG+해/XSV+EC+본/VX+ETM+적/NNB+있/VA+어요/EF"
          },
          {
            "id": 11,
            "text": "1 : 선물은 아니고 어릴 때 병아리를 키웠는데 감당하기 벅차서 주변에 키우고 있던 친구에게 보낸 적은 있었어.",
            "norm_text": "선물은 아니고 어릴 때 병아리를 키웠는데 감당하기 벅차서 주변에 키우고 있던 친구에게 보낸 적은 있었어.",
            "speaker": {
              "id": "1번",
              "sex": "여성",
              "age": "30대"
            },
            "speechAct": "(단언) 진술하기",
            "morpheme": "선물/NNG+은/JX+아니/VCN+고/EC+어릴/VA+ETM+때/NNG+병아리/NNG+를/JKO+키웠/VV+EP+는데/EC+감당/NNG+하/XSV+기/ETN+벅차/VV+서/EC+주변/NNG+에/JKB+키우/VV+고/EC+있/VX+던/ETM+친구/NNG+에게/JKB+보낸/VV+ETM+적/NNB+은/JX+있/VA+었/EP+어/EF"
          },
          {
            "id": 12,
            "text": "2 : 마음이 좋지 않았을 것 같아요. ㅠㅠ",
            "norm_text": "마음이 좋지 않았을 것 같아요. ㅠㅠ",
            "speaker": {
              "id": "2번",
              "sex": "여성",
              "age": "20대"
            },
            "speechAct": "(단언) 주장하기",
            "morpheme": "마음/NNG+이/JKS+좋/VA+지/EC+않/VX+았/EP+을/ETM+것/NNB+같/VA+아요/EF+ㅠㅠ/UNKNOWN"
          },
          {
            "id": 13,
            "text": "2 : 저는 어렸을 때 키우다 많이 죽었어서 그때마다 엄청 슬펐거든요",
            "norm_text": "저는 어렸을 때 키우다 많이 죽었어서 그때마다 엄청 슬펐거든요",
            "speaker": {
              "id": "2번",
              "sex": "여성",
              "age": "20대"
            },
            "speechAct": "(단언) 주장하기",
            "morpheme": "저/NP+는/JX+어렸/VA+EP+을/ETM+때/NNG+키우/VV+다/EC+많이/MAG+죽/VV+었/EP+어서/EC+그때/NNG+마다/JX+엄청/MAG+슬펐/VA+EP+거든요/EF"
          },
          {
            "id": 14,
            "text": "1 : 어... 아냐... 죽지는 않았는데 친구가 잘 키워서 삼계탕 끓여 먹었다고 들었어.",
            "norm_text": "어... 아냐... 죽지는 않았는데 친구가 잘 키워서 삼계탕 끓여 먹었다고 들었어.",
            "speaker": {
              "id": "1번",
              "sex": "여성",
              "age": "30대"
            },
            "speechAct": "(단언) 진술하기",
            "morpheme": "어/IC+./SY+아냐/VCN+EF+./SY+죽/VV+지/EC+는/JX+않/VX+았/EP+는데/EC+친구/NNG+가/JKS+잘/MAG+키워서/VV+EC+삼계탕/NNG+끓여/VV+EC+먹/VV+었/EP+다고/EC+들/VX+었/EP+어/EF"
          },
          {
            "id": 15,
            "text": "2 : 허어어어류 ㅠㅠ",
            "norm_text": "허어어어류 ㅠㅠ",
            "speaker": {
              "id": "2번",
              "sex": "여성",
              "age": "20대"
            },
            "speechAct": "(표현) 부정감정 표현하기",
            "morpheme": "허어어어류ㅠㅠ/UNKNOWN"
          },
          {
            "id": 16,
            "text": "2 : 너무 속상한 얘기예요.",
            "norm_text": "너무 속상한 얘기예요.",
            "speaker": {
              "id": "2번",
              "sex": "여성",
              "age": "20대"
            },
            "speechAct": "(단언) 주장하기",
            "morpheme": "너무/MAG+속상한/VA+ETM+얘기/NNG+예요/VCP+EF"
          },
          {
            "id": 17,
            "text": "2 : 뭐 어쩔 수 없는 건가.",
            "norm_text": "뭐 어쩔 수 없는 건가.",
            "speaker": {
              "id": "2번",
              "sex": "여성",
              "age": "20대"
            },
            "speechAct": "(단언) 주장하기",
            "morpheme": "뭐/IC+어쩔/VV+ETM+수/NNB+없/VA+는/ETM+건가/NNB+VCP+EF"
          },
          {
            "id": 18,
            "text": "2 : 저는 지금 거북이 길러요!",
            "norm_text": "저는 지금 거북이 길러요!",
            "speaker": {
              "id": "2번",
              "sex": "여성",
              "age": "20대"
            },
            "speechAct": "(단언) 진술하기",
            "morpheme": "저/NP+는/JX+지금/MAG+거북/NNG+이/JKS+길/VA+러요/EF"
          },
          {
            "id": 19,
            "text": "1 : 맛있었겠지...",
            "norm_text": "맛있었겠지...",
            "speaker": {
              "id": "1번",
              "sex": "여성",
              "age": "30대"
            },
            "speechAct": "(단언) 주장하기",
            "morpheme": "맛있/VA+었/EP+겠/EP+지/EF+./SY"
          },
          {
            "id": 20,
            "text": "1 : 가축의 운명이란...",
            "norm_text": "가축의 운명이란...",
            "speaker": {
              "id": "1번",
              "sex": "여성",
              "age": "30대"
            },
            "speechAct": "(단언) 주장하기",
            "morpheme": "가축/NNG+의/JKG+운명/NNG+이란/JX+./SY+./SY"
          },
          {
            "id": 21,
            "text": "1 : 자라면 몸보신인데 거북이는 아니겠구나.",
            "norm_text": "자라면 몸보신인데 거북이는 아니겠구나.",
            "speaker": {
              "id": "1번",
              "sex": "여성",
              "age": "30대"
            },
            "speechAct": "(단언) 주장하기",
            "morpheme": "자라/VV+면/EC+몸보신/NNG+인데/VCP+EC+거북이/NNG+는/JX+아니/VCN+겠/EP+구나/EF"
          },
          {
            "id": 22,
            "text": "2 : 키키 아니랍니다.",
            "norm_text": "키키 아니랍니다.",
            "speaker": {
              "id": "2번",
              "sex": "여성",
              "age": "20대"
            },
            "speechAct": "(단언) 주장하기",
            "morpheme": "키/NNG+키/XSV+ETN+아니/VCN+랍니다/EF"
          },
          {
            "id": 23,
            "text": "2 : 아마 오래 살 것 같아서 가보로 물려줄 것 같아요.",
            "norm_text": "아마 오래 살 것 같아서 가보로 물려줄 것 같아요.",
            "speaker": {
              "id": "2번",
              "sex": "여성",
              "age": "20대"
            },
            "speechAct": "(단언) 주장하기",
            "morpheme": "아마/MAG+오래/MAG+살/VV+ETM+것/NNB+같/VA+아서/EC+가보/NNG+로/JKB+물려줄/VV+ETM+것/NNB+같/VA+아요/EF"
          },
          {
            "id": 24,
            "text": "2 : 아 근데 저 결혼 안 할 건데 누구 물려주죠.",
            "norm_text": "아 근데 저 결혼 안 할 건데 누구 물려주죠.",
            "speaker": {
              "id": "2번",
              "sex": "여성",
              "age": "20대"
            },
            "speechAct": "(지시) 질문하기",
            "morpheme": "아/IC+근데/MAJ+저/MM+결혼/NNG+안/MAG+할/VV+ETM+건데/NNB+VCP+EC+누구/NP+물려주/VV+죠/EF"
          },
          {
            "id": 25,
            "text": "1 : 일단 동생을 기다려보고 친구를 기다려보자.",
            "norm_text": "일단 동생을 기다려보고 친구를 기다려보자.",
            "speaker": {
              "id": "1번",
              "sex": "여성",
              "age": "30대"
            },
            "speechAct": "(언약) 약속하기(제3자와)/(개인적 수준)",
            "morpheme": "일단/MAG+동생/NNG+을/JKO+기다려/VV+EC+보/VX+고/EC+친구/NNG+를/JKO+기다려/VV+EC+보/VX+자/EF"
          },
          {
            "id": 26,
            "text": "1 : 반려동물이고 대대손손 맡기려면 족보라도 만들어야 할까?",
            "norm_text": "반려동물이고 대대손손 맡기려면 족보라도 만들어야 할까?",
            "speaker": {
              "id": "1번",
              "sex": "여성",
              "age": "30대"
            },
            "speechAct": "(지시) 질문하기",
            "morpheme": "반려/NNG+동물/NNG+이/VCP+고/EC+대대손손/NNG+맡기/VV+려면/EC+족보/NNG+라도/VCP+EC+만들/VV+어야/EC+할까/VV+EF"
          },
          {
            "id": 27,
            "text": "2 : 키키 진짜 물려주게 되면 족보 만들어야겠어요.",
            "norm_text": "키키 진짜 물려주게 되면 족보 만들어야겠어요.",
            "speaker": {
              "id": "2번",
              "sex": "여성",
              "age": "20대"
            },
            "speechAct": "(단언) 주장하기",
            "morpheme": "키/NNG+키/XSV+ETN+진짜/MAG+물려주/VV+게/EC+되/VV+면/EC+족보/NNG+만/JX+들어야/VV+EC+VX+겠/EP+어요/EF"
          },
          {
            "id": 28,
            "text": "2 : 누구한테 언제 물려줬는지 어때요?",
            "norm_text": "누구한테 언제 물려줬는지 어때요?",
            "speaker": {
              "id": "2번",
              "sex": "여성",
              "age": "20대"
            },
            "speechAct": "(지시) 질문하기",
            "morpheme": "누구/NP+한테/JKB+언제/MAG+물려줬/VV+EP+는지/EC+어때요/VA+EF"
          },
          {
            "id": 29,
            "text": "2 : 괜찮겠죠?",
            "norm_text": "괜찮겠죠?",
            "speaker": {
              "id": "2번",
              "sex": "여성",
              "age": "20대"
            },
            "speechAct": "(지시) 질문하기",
            "morpheme": "괜찮/VA+겠/EP+죠/EF"
          },
          {
            "id": 30,
            "text": "1 : 괜찮은 거 같아 키키",
            "norm_text": "괜찮은 거 같아 키키",
            "speaker": {
              "id": "1번",
              "sex": "여성",
              "age": "30대"
            },
            "speechAct": "(단언) 주장하기",
            "morpheme": "괜찮/VA+은/ETM+거/NNB+같/VA+아/EC+키/NNG+키/XSV+ETN"
          },
          {
            "id": 31,
            "text": "1 : 거북이 새끼도 놓고 오래도록 장수했으면 좋겠다~",
            "norm_text": "거북이 새끼도 놓고 오래도록 장수했으면 좋겠다~",
            "speaker": {
              "id": "1번",
              "sex": "여성",
              "age": "30대"
            },
            "speechAct": "(단언) 주장하기",
            "morpheme": "거북/NNG+이/JKS+새끼/NNG+도/JX+놓/VX+고/EC+오래/VV+도록/EC+장수/NNG+했/XSV+EP+으면/EC+좋/VA+겠/EP+다/EC+~/SY"
          },
          {
            "id": 32,
            "text": "2 : 이건 다른  말인데 거북이 알 낳는 꿈이 그렇게 돈을 많이 버는 꿈이래요~",
            "norm_text": "이건 다른  말인데 거북이 알 낳는 꿈이 그렇게 돈을 많이 버는 꿈이래요~",
            "speaker": {
              "id": "2번",
              "sex": "여성",
              "age": "20대"
            },
            "speechAct": "(단언) 주장하기",
            "morpheme": "이건/NP+JX+다른/MM+말/NNG+인데/VCP+EC+거북/NNG+이/JKS+알/NNG+낳/VV+는/ETM+꿈/NNG+이/JKS+그렇게/MAG+돈/NNG+을/JKO+많이/MAG+버/VV+는/ETM+꿈/NNG+이/VCP+래요/EC+~/SY"
          }
        ]
      }
    }
  ]
}