{
  "dataset": {
    "identifier": 112896,
    "name": "NATEON_37_06_set",
    "src_path": "/data/file/cubeManager/PROJECT001/80/txt202111031510150165105/NATEON_37_06_set/",
    "label_path": "/data/file/cubeManager/PROJECT001/80/txt202111031510150165105/NATEON_37_06_set/",
    "category": 2,
    "type": 0
  },
  "licenses": {
    "name": "Apache License 1.0",
    "url": "http://www.apache.org/licenses/LICENSE-1.0"
  },
  "info": [
    {
      "id": 134449,
      "filename": "NATEON_37_06.txt",
      "title": "NATEON_37_06",
      "mediatype": "메신저",
      "medianame": "네이트온",
      "category": "일상대화",
      "date": "2021-11-03",
      "size": 382,
      "annotations": {
        "subject": "교육",
        "speaker_type": "다자간 대화",
        "size": 382,
        "word_size": 135,
        "text": "1 : 나 서점에서 토익책 샀어 하하\n2 : 오 너 요즘 토익 공부 많이 한다?\n3 : 너 토익 다시 시작하려고?\n1 : 응 이번엔 진짜로 할 거야\n2 : 어 이번에 끈기 있게 끝까지 잘 해봐!\n3 : 키키 저번엔 그럼 가짜로 한 거야?\n1 : 저번엔, 다른 일이 많았어,\n2 : 저번에는 맛보기로 살짝 한 거 같은데 키키\n3 : 이번엔 발 사이즈보다 많이 나오자\n1 : 응 당연하지 나의 목표다 키키\n2 : 키키 그럼 토익 공부 하는 건 안 어려워?\n3 : 키키 목표를 무조건 높게 잡아\n1 : 토익 공부 약간 패턴이 있어\n2 : 아 그것도 패턴이 있어?\n3 : 무슨 패턴인데?\n3 : 알고 있어?\n1 : 문제 유형이 거의 비슷해 하하\n2 : 아아 그럼 잘 외워서 하면 되겠네!\n3 : 오, 다음에 비법 좀 알려줘",
        "lines": [
          {
            "id": 1,
            "text": "1 : 나 서점에서 토익책 샀어 하하",
            "norm_text": "나 서점에서 토익책 샀어 하하",
            "speaker": {
              "id": "1번",
              "sex": "여성",
              "age": "20대"
            },
            "speechAct": "(단언) 진술하기",
            "morpheme": "나/NP+서/JKB+점/NNG+에서/JKB+토익/NNG+책/NNG+샀/VV+EP+어/EC+하하/MAG"
          },
          {
            "id": 2,
            "text": "2 : 오 너 요즘 토익 공부 많이 한다?",
            "norm_text": "오 너 요즘 토익 공부 많이 한다?",
            "speaker": {
              "id": "2번",
              "sex": "여성",
              "age": "20대"
            },
            "speechAct": "(단언) 주장하기",
            "morpheme": "오너/NNG+요즘/NNG+토익/NNG+공부/NNG+많이/MAG+한다/VV+EF"
          },
          {
            "id": 3,
            "text": "3 : 너 토익 다시 시작하려고?",
            "norm_text": "너 토익 다시 시작하려고?",
            "speaker": {
              "id": "3번",
              "sex": "남성",
              "age": "20대"
            },
            "speechAct": "(지시) 질문하기",
            "morpheme": "너/NP+토익/NNG+다시/MAG+시작/NNG+하/XSA+려고/EF"
          },
          {
            "id": 4,
            "text": "1 : 응 이번엔 진짜로 할 거야",
            "norm_text": "응 이번엔 진짜로 할 거야",
            "speaker": {
              "id": "1번",
              "sex": "여성",
              "age": "20대"
            },
            "speechAct": "(단언) 주장하기",
            "morpheme": "응/IC+이번/NNG+엔/JKB+JX+진짜/NNG+로/JKB+할/VV+ETM+거/NNB+야/VCP+EF"
          },
          {
            "id": 5,
            "text": "2 : 어 이번에 끈기 있게 끝까지 잘 해봐!",
            "norm_text": "어 이번에 끈기 있게 끝까지 잘 해봐!",
            "speaker": {
              "id": "2번",
              "sex": "여성",
              "age": "20대"
            },
            "speechAct": "(단언) 주장하기",
            "morpheme": "어/IC+이번/NNG+에/JKB+끈기/NNG+있/VV+게/EC+끝/NNG+까지/JX+잘/MAG+해/VV+EC+봐/VX+EF"
          },
          {
            "id": 6,
            "text": "3 : 키키 저번엔 그럼 가짜로 한 거야?",
            "norm_text": "키키 저번엔 그럼 가짜로 한 거야?",
            "speaker": {
              "id": "3번",
              "sex": "남성",
              "age": "20대"
            },
            "speechAct": "(단언) 주장하기",
            "morpheme": "키/NNG+키/NNG+저번/NNG+엔/JKB+JX+그럼/MAJ+가짜/NNG+로/JKB+한/VV+ETM+거/NNB+야/VCP+EF"
          },
          {
            "id": 7,
            "text": "1 : 저번엔, 다른 일이 많았어,",
            "norm_text": "저번엔, 다른 일이 많았어,",
            "speaker": {
              "id": "1번",
              "sex": "여성",
              "age": "20대"
            },
            "speechAct": "(단언) 주장하기",
            "morpheme": "저번/NNG+엔/JKB+JX+,/SC+다른/MM+일/NNG+이/JKS+많/VA+았/EP+어/EF+,/SC"
          },
          {
            "id": 8,
            "text": "2 : 저번에는 맛보기로 살짝 한 거 같은데 키키",
            "norm_text": "저번에는 맛보기로 살짝 한 거 같은데 키키",
            "speaker": {
              "id": "2번",
              "sex": "여성",
              "age": "20대"
            },
            "speechAct": "(단언) 주장하기",
            "morpheme": "저번/NNG+에/JKB+는/JX+맛보/VV+기/ETN+로/JKB+살짝/MAG+한/XSA+ETM+거/NNB+같/VA+은데/EC+키/NNG+키/XSV+ETN"
          },
          {
            "id": 9,
            "text": "3 : 이번엔 발 사이즈보다 많이 나오자",
            "norm_text": "이번엔 발 사이즈보다 많이 나오자",
            "speaker": {
              "id": "3번",
              "sex": "남성",
              "age": "20대"
            },
            "speechAct": "(단언) 주장하기",
            "morpheme": "이번/NNG+엔/JKB+JX+발/NNG+사이즈/NNG+보다/JKB+많이/MAG+나오/VV+자/EC"
          },
          {
            "id": 10,
            "text": "1 : 응 당연하지 나의 목표다 키키",
            "norm_text": "응 당연하지 나의 목표다 키키",
            "speaker": {
              "id": "1번",
              "sex": "여성",
              "age": "20대"
            },
            "speechAct": "(단언) 주장하기",
            "morpheme": "응/IC+당연/XR+하/XSA+지/EF+나/NP+의/JKG+목표/NNG+다키키/NNP"
          },
          {
            "id": 11,
            "text": "2 : 키키 그럼 토익 공부 하는 건 안 어려워?",
            "norm_text": "키키 그럼 토익 공부 하는 건 안 어려워?",
            "speaker": {
              "id": "2번",
              "sex": "여성",
              "age": "20대"
            },
            "speechAct": "(지시) 질문하기",
            "morpheme": "키/NNG+키/XSV+ETN+그럼/MAJ+토익/NNG+공부/NNG+하/XSV+는/ETM+건/NNB+JX+안/MAG+어려워/VA+EF"
          },
          {
            "id": 12,
            "text": "3 : 키키 목표를 무조건 높게 잡아",
            "norm_text": "키키 목표를 무조건 높게 잡아",
            "speaker": {
              "id": "3번",
              "sex": "남성",
              "age": "20대"
            },
            "speechAct": "(단언) 주장하기",
            "morpheme": "키/NNG+키/NNG+목표/NNG+를/JKO+무조건/MAG+높/VA+게/EC+잡/VV+아/EC"
          },
          {
            "id": 13,
            "text": "1 : 토익 공부 약간 패턴이 있어",
            "norm_text": "토익 공부 약간 패턴이 있어",
            "speaker": {
              "id": "1번",
              "sex": "여성",
              "age": "20대"
            },
            "speechAct": "(단언) 주장하기",
            "morpheme": "토익/NNG+공부/NNG+약간/MAG+패턴/NNG+이/JKS+있/VV+어/EC"
          },
          {
            "id": 14,
            "text": "2 : 아 그것도 패턴이 있어?",
            "norm_text": "아 그것도 패턴이 있어?",
            "speaker": {
              "id": "2번",
              "sex": "여성",
              "age": "20대"
            },
            "speechAct": "(지시) 질문하기",
            "morpheme": "아/IC+그것/NP+도/JX+패턴/NNG+이/JKS+있/VA+어/EF"
          },
          {
            "id": 15,
            "text": "3 : 무슨 패턴인데?",
            "norm_text": "무슨 패턴인데?",
            "speaker": {
              "id": "3번",
              "sex": "남성",
              "age": "20대"
            },
            "speechAct": "(지시) 질문하기",
            "morpheme": "무슨/MM+패턴/NNG+인데/VCP+EF"
          },
          {
            "id": 16,
            "text": "3 : 알고 있어?",
            "norm_text": "알고 있어?",
            "speaker": {
              "id": "3번",
              "sex": "남성",
              "age": "20대"
            },
            "speechAct": "(지시) 질문하기",
            "morpheme": "알/VV+고/EC+있/VX+어/EF"
          },
          {
            "id": 17,
            "text": "1 : 문제 유형이 거의 비슷해 하하",
            "norm_text": "문제 유형이 거의 비슷해 하하",
            "speaker": {
              "id": "1번",
              "sex": "여성",
              "age": "20대"
            },
            "speechAct": "(단언) 주장하기",
            "morpheme": "문제/NNG+유형/NNG+이/JKS+거의/MAG+비슷/XR+해/XSA+EC+하하/MAG"
          },
          {
            "id": 18,
            "text": "2 : 아아 그럼 잘 외워서 하면 되겠네!",
            "norm_text": "아아 그럼 잘 외워서 하면 되겠네!",
            "speaker": {
              "id": "2번",
              "sex": "여성",
              "age": "20대"
            },
            "speechAct": "(단언) 주장하기",
            "morpheme": "아아/IC+그럼/MAJ+잘/MAG+외워서/VV+EC+하/VV+면/EC+되/VV+겠/EP+네/EF"
          },
          {
            "id": 19,
            "text": "3 : 오, 다음에 비법 좀 알려줘",
            "norm_text": "오, 다음에 비법 좀 알려줘",
            "speaker": {
              "id": "3번",
              "sex": "남성",
              "age": "20대"
            },
            "speechAct": "(단언) 주장하기",
            "morpheme": "오/IC+,/SC+다음/NNG+에/JKB+비법/NNG+좀/MAG+알려줘/VV+EC+VX+EC"
          }
        ]
      }
    }
  ]
}