{
  "dataset": {
    "identifier": 129765,
    "name": "NATEON_43_14_set",
    "src_path": "/data/file/cubeManager/PROJECT001/84/txt20211104173553033956/NATEON_43_14_set/",
    "label_path": "/data/file/cubeManager/PROJECT001/84/txt20211104173553033956/NATEON_43_14_set/",
    "category": 2,
    "type": 0
  },
  "licenses": {
    "name": "Apache License 1.0",
    "url": "http://www.apache.org/licenses/LICENSE-1.0"
  },
  "info": [
    {
      "id": 137261,
      "filename": "NATEON_43_14.txt",
      "title": "NATEON_43_14",
      "mediatype": "메신저",
      "medianame": "네이트온",
      "category": "일상대화",
      "date": "2021-11-04",
      "size": 430,
      "annotations": {
        "subject": "사회이슈",
        "speaker_type": "다자간 대화",
        "size": 430,
        "word_size": 155,
        "text": "1 : 아 아시아나 항공에서 이번에 뭐 한다던데\n2 : 아시아나 항공?\n2 : 뭐 한다는 거지 키키\n2 : 궁금\n3 : 아 뭔데\n3 : 아시아나 항공\n1 : 국내선에서도 이제 비즈니스 좌석한대\n2 : 오 대박 국내선도?\n2 : 제주도 가는 거 생기는 건가\n3 : 아 정말 좌석 한대? 올\n1 : 응 예전에 있었는데 없어졌었대\n2 : 근데 국내선 비즈니스는 좀 아까워 ㅠㅠ\n3 : 진짜 좋다\n3 : 나도 타 보고 싶다\n3 : 빨리\n1 : 근데 국내선인데 비즈니스면 아깝다\n2 : 응 별로 안 걸리는데 아까울 거 같아 키키\n3 : 아 진짜\n3 : 아깝긴 하다 정말\n1 : 그렇게 값이 비싸진 않겠지?\n2 : 그래도 금액이 나가지 않을까?\n3 : 그렇게 비쌀 거 같긴 한데\n1 : 기회 되면 타고 서울 가 봐야지 하하\n2 : 한번쯤 경험으로 타 보는 거 괜찮을 듯 키키\n3 : 금액 있을 거 같아\n3 : 서울 나도 갈래",
        "lines": [
          {
            "id": 1,
            "text": "1 : 아 아시아나 항공에서 이번에 뭐 한다던데",
            "norm_text": "아 아시아나 항공에서 이번에 뭐 한다던데",
            "speaker": {
              "id": "1번",
              "sex": "여성",
              "age": "20대"
            },
            "speechAct": "(단언) 진술하기",
            "morpheme": "아/IC+아시아나항공/NNP+에서/JKB+이번/NNG+에/JKB+뭐/IC+한다던데/VV+EC"
          },
          {
            "id": 2,
            "text": "2 : 아시아나 항공?",
            "norm_text": "아시아나 항공?",
            "speaker": {
              "id": "2번",
              "sex": "남성",
              "age": "20대"
            },
            "speechAct": "(지시) 질문하기",
            "morpheme": "아시아나항공/NNP"
          },
          {
            "id": 3,
            "text": "2 : 뭐 한다는 거지 키키",
            "norm_text": "뭐 한다는 거지 키키",
            "speaker": {
              "id": "2번",
              "sex": "남성",
              "age": "20대"
            },
            "speechAct": "(지시) 질문하기",
            "morpheme": "뭐/IC+한다는/VV+ETM+거/NNB+지/VCP+EC+키/NNG+키/XSV+ETN"
          },
          {
            "id": 4,
            "text": "2 : 궁금",
            "norm_text": "궁금",
            "speaker": {
              "id": "2번",
              "sex": "남성",
              "age": "20대"
            },
            "speechAct": "(단언) 주장하기",
            "morpheme": "궁금/XR"
          },
          {
            "id": 5,
            "text": "3 : 아 뭔데",
            "norm_text": "아 뭔데",
            "speaker": {
              "id": "3번",
              "sex": "남성",
              "age": "20대"
            },
            "speechAct": "(지시) 질문하기",
            "morpheme": "아/IC+뭔데/NP+VCP+EC"
          },
          {
            "id": 6,
            "text": "3 : 아시아나 항공",
            "norm_text": "아시아나 항공",
            "speaker": {
              "id": "3번",
              "sex": "남성",
              "age": "20대"
            },
            "speechAct": "(단언) 주장하기",
            "morpheme": "아시아나항공/NNP"
          },
          {
            "id": 7,
            "text": "1 : 국내선에서도 이제 비즈니스 좌석한대",
            "norm_text": "국내선에서도 이제 비즈니스 좌석한대",
            "speaker": {
              "id": "1번",
              "sex": "여성",
              "age": "20대"
            },
            "speechAct": "(단언) 진술하기",
            "morpheme": "국내선/NNG+에서/JKB+도/JX+이제/MAG+비즈니스/NNG+좌석/NNG+한대/NNG"
          },
          {
            "id": 8,
            "text": "2 : 오 대박 국내선도?",
            "norm_text": "오 대박 국내선도?",
            "speaker": {
              "id": "2번",
              "sex": "남성",
              "age": "20대"
            },
            "speechAct": "(지시) 질문하기",
            "morpheme": "오대/MM+박국/NNG+내선/NNG+도/JX"
          },
          {
            "id": 9,
            "text": "2 : 제주도 가는 거 생기는 건가",
            "norm_text": "제주도 가는 거 생기는 건가",
            "speaker": {
              "id": "2번",
              "sex": "남성",
              "age": "20대"
            },
            "speechAct": "(단언) 주장하기",
            "morpheme": "제주/NNP+도/JX+가/VV+는/ETM+거/NNB+생기/VV+는/ETM+건가/NNB+VCP+EC"
          },
          {
            "id": 10,
            "text": "3 : 아 정말 좌석 한대? 올",
            "norm_text": "아 정말 좌석 한대? 올",
            "speaker": {
              "id": "3번",
              "sex": "남성",
              "age": "20대"
            },
            "speechAct": "(단언) 주장하기",
            "morpheme": "아/IC+정말/MAG+좌석/NNG+한대/XSV+EF+올/VV+ETM"
          },
          {
            "id": 11,
            "text": "1 : 응 예전에 있었는데 없어졌었대",
            "norm_text": "응 예전에 있었는데 없어졌었대",
            "speaker": {
              "id": "1번",
              "sex": "여성",
              "age": "20대"
            },
            "speechAct": "(단언) 진술하기",
            "morpheme": "응/IC+예전/NNG+에/JKB+있/VV+었/EP+는데/EC+없/VA+어/EC+졌었/VX+EP+대/EC"
          },
          {
            "id": 12,
            "text": "2 : 근데 국내선 비즈니스는 좀 아까워 ㅠㅠ",
            "norm_text": "근데 국내선 비즈니스는 좀 아까워 ㅠㅠ",
            "speaker": {
              "id": "2번",
              "sex": "남성",
              "age": "20대"
            },
            "speechAct": "(단언) 주장하기",
            "morpheme": "근데/MAJ+국내선/NNG+비즈니스/NNG+는/JX+좀/MAG+아까워/VA+EC+ㅠㅠ/UNKNOWN"
          },
          {
            "id": 13,
            "text": "3 : 진짜 좋다",
            "norm_text": "진짜 좋다",
            "speaker": {
              "id": "3번",
              "sex": "남성",
              "age": "20대"
            },
            "speechAct": "(단언) 주장하기",
            "morpheme": "진짜/MAG+좋/VA+다/EC"
          },
          {
            "id": 14,
            "text": "3 : 나도 타 보고 싶다",
            "norm_text": "나도 타 보고 싶다",
            "speaker": {
              "id": "3번",
              "sex": "남성",
              "age": "20대"
            },
            "speechAct": "(단언) 주장하기",
            "morpheme": "나/NP+도/JX+타/VV+EC+보/VX+고/EC+싶/VX+다/EC"
          },
          {
            "id": 15,
            "text": "3 : 빨리",
            "norm_text": "빨리",
            "speaker": {
              "id": "3번",
              "sex": "남성",
              "age": "20대"
            },
            "speechAct": "(단언) 주장하기",
            "morpheme": "빨리/MAG"
          },
          {
            "id": 16,
            "text": "1 : 근데 국내선인데 비즈니스면 아깝다",
            "norm_text": "근데 국내선인데 비즈니스면 아깝다",
            "speaker": {
              "id": "1번",
              "sex": "여성",
              "age": "20대"
            },
            "speechAct": "(단언) 주장하기",
            "morpheme": "근데/MAJ+국내선/NNG+인데/VCP+EC+비즈니스/NNG+면/VCP+EC+아깝/VV+다/EC"
          },
          {
            "id": 17,
            "text": "2 : 응 별로 안 걸리는데 아까울 거 같아 키키",
            "norm_text": "응 별로 안 걸리는데 아까울 거 같아 키키",
            "speaker": {
              "id": "2번",
              "sex": "남성",
              "age": "20대"
            },
            "speechAct": "(단언) 주장하기",
            "morpheme": "응/IC+별로/MAG+안/MAG+걸리/VV+는/ETM+데/NNB+아까울/VA+ETM+거/NNB+같/VA+아/EC+키/NNG+키/XSV+ETN"
          },
          {
            "id": 18,
            "text": "3 : 아 진짜",
            "norm_text": "아 진짜",
            "speaker": {
              "id": "3번",
              "sex": "남성",
              "age": "20대"
            },
            "speechAct": "(단언) 주장하기",
            "morpheme": "아/IC+진짜/MAG"
          },
          {
            "id": 19,
            "text": "3 : 아깝긴 하다 정말",
            "norm_text": "아깝긴 하다 정말",
            "speaker": {
              "id": "3번",
              "sex": "남성",
              "age": "20대"
            },
            "speechAct": "(단언) 주장하기",
            "morpheme": "아깝/VA+긴/ETN+JX+하/VX+다/EF+정말/MAG"
          },
          {
            "id": 20,
            "text": "1 : 그렇게 값이 비싸진 않겠지?",
            "norm_text": "그렇게 값이 비싸진 않겠지?",
            "speaker": {
              "id": "1번",
              "sex": "여성",
              "age": "20대"
            },
            "speechAct": "(지시) 질문하기",
            "morpheme": "그렇게/MAG+값/NNG+이/JKS+비싸/VA+진/EC+JX+않/VX+겠/EP+지/EF"
          },
          {
            "id": 21,
            "text": "2 : 그래도 금액이 나가지 않을까?",
            "norm_text": "그래도 금액이 나가지 않을까?",
            "speaker": {
              "id": "2번",
              "sex": "남성",
              "age": "20대"
            },
            "speechAct": "(단언) 주장하기",
            "morpheme": "그래도/MAJ+금액/NNG+이/JKS+나가/VV+지/EC+않/VX+을까/EF"
          },
          {
            "id": 22,
            "text": "3 : 그렇게 비쌀 거 같긴 한데",
            "norm_text": "그렇게 비쌀 거 같긴 한데",
            "speaker": {
              "id": "3번",
              "sex": "남성",
              "age": "20대"
            },
            "speechAct": "(단언) 주장하기",
            "morpheme": "그렇게/MAG+비쌀/VA+ETM+거/NNB+같/VA+긴/ETN+JX+한데/VX+EC"
          },
          {
            "id": 23,
            "text": "1 : 기회 되면 타고 서울 가 봐야지 하하",
            "norm_text": "기회 되면 타고 서울 가 봐야지 하하",
            "speaker": {
              "id": "1번",
              "sex": "여성",
              "age": "20대"
            },
            "speechAct": "(언약) 약속하기(제3자와)/(개인적 수준)",
            "morpheme": "기회/NNG+되/XSV+면/EC+타/VV+고/EC+서울/NNP+가/JKS+봐야/VV+EC+지하/NNG+하/XSV"
          },
          {
            "id": 24,
            "text": "2 : 한번쯤 경험으로 타 보는 거 괜찮을 듯 키키",
            "norm_text": "한번쯤 경험으로 타 보는 거 괜찮을 듯 키키",
            "speaker": {
              "id": "2번",
              "sex": "남성",
              "age": "20대"
            },
            "speechAct": "(단언) 주장하기",
            "morpheme": "한/MM+번/NNBC+쯤/XSN+경험/NNG+으로/JKB+타/VV+EC+보/VX+는/ETM+거/NNB+괜찮/VA+을/ETM+듯/NNB+키/NNG+키/XSV+ETN"
          },
          {
            "id": 25,
            "text": "3 : 금액 있을 거 같아",
            "norm_text": "금액 있을 거 같아",
            "speaker": {
              "id": "3번",
              "sex": "남성",
              "age": "20대"
            },
            "speechAct": "(단언) 주장하기",
            "morpheme": "금액/NNG+있/VV+을/ETM+거/NNB+같/VA+아/EC"
          },
          {
            "id": 26,
            "text": "3 : 서울 나도 갈래",
            "norm_text": "서울 나도 갈래",
            "speaker": {
              "id": "3번",
              "sex": "남성",
              "age": "20대"
            },
            "speechAct": "(단언) 주장하기",
            "morpheme": "서울/NNP+나/NP+도/JX+갈래/VV+EC"
          }
        ]
      }
    }
  ]
}