{
  "dataset": {
    "identifier": 124080,
    "name": "NATEON_44_10_set",
    "src_path": "/data/file/cubeManager/PROJECT001/84/txt20211105113423073916/NATEON_44_10_set/",
    "label_path": "/data/file/cubeManager/PROJECT001/84/txt20211105113423073916/NATEON_44_10_set/",
    "category": 2,
    "type": 0
  },
  "licenses": {
    "name": "Apache License 1.0",
    "url": "http://www.apache.org/licenses/LICENSE-1.0"
  },
  "info": [
    {
      "id": 138885,
      "filename": "NATEON_44_10.txt",
      "title": "NATEON_44_10",
      "mediatype": "메신저",
      "medianame": "네이트온",
      "category": "일상대화",
      "date": "2021-11-05",
      "size": 389,
      "annotations": {
        "subject": "스포츠/레저",
        "speaker_type": "다자간 대화",
        "size": 389,
        "word_size": 136,
        "text": "1 : 오늘 오랜만에 헬스장 옴~\n2 : 오 헬스장에서 운동 하시는 건가요\n3 : 다시 다이어트 시작 한 거야?\n1 : 오늘 유산소 빡세게 해야지\n2 : 응 유산소 운동 중요한 거 같더라 키키\n3 : 오늘은 워밍업으로 가볍게 해\n1 : 몸이 너무 분 거 같아서 키키 왔지\n2 : 헬스 얼마나 다녀야 살 빠져?\n3 : 꾸준히 다니면서 유지를 해 ㅠㅠ\n1 : 음 거의 3개월 정도 꾸준히 해야지?\n2 : 아 그것도 꽤 오래 다녀야 하네 ㅠ\n3 : 난 운동은 꾸준히 못 하겠더라 키키\n1 : 식단도 같이 하면 더 좋아\n2 : 에이 다 먹고 살자는 건데 키키\n3 : 맞아\n3 : 먹는 거까진 포기 하지 말자 키키\n1 : 그런 기념으로 오늘 닭가슴살 시킴~\n2 : 노우 그런 기념으로 치킨 먹어야지\n3 : 키키 같은 닭이니까 치킨 시켜?",
        "lines": [
          {
            "id": 1,
            "text": "1 : 오늘 오랜만에 헬스장 옴~",
            "norm_text": "오늘 오랜만에 헬스장 옴~",
            "speaker": {
              "id": "1번",
              "sex": "여성",
              "age": "20대"
            },
            "speechAct": "(단언) 진술하기",
            "morpheme": "오늘/MAG+오랜만/NNG+에/JKB+헬스/NNG+장/NNG+옴/NNG+~/SY"
          },
          {
            "id": 2,
            "text": "2 : 오 헬스장에서 운동 하시는 건가요",
            "norm_text": "오 헬스장에서 운동 하시는 건가요",
            "speaker": {
              "id": "2번",
              "sex": "여성",
              "age": "20대"
            },
            "speechAct": "(지시) 질문하기",
            "morpheme": "오/NR+헬스/NNG+장/NNG+에서/JKB+운동/NNG+하/XSV+시/EP+는/ETM+건가요/NNB+VCP+EC"
          },
          {
            "id": 3,
            "text": "3 : 다시 다이어트 시작 한 거야?",
            "norm_text": "다시 다이어트 시작 한 거야?",
            "speaker": {
              "id": "3번",
              "sex": "남성",
              "age": "20대"
            },
            "speechAct": "(지시) 질문하기",
            "morpheme": "다시/MAG+다이어트/NNG+시작/NNG+한/XSA+ETM+거/NNB+야/VCP+EF"
          },
          {
            "id": 4,
            "text": "1 : 오늘 유산소 빡세게 해야지",
            "norm_text": "오늘 유산소 빡세게 해야지",
            "speaker": {
              "id": "1번",
              "sex": "여성",
              "age": "20대"
            },
            "speechAct": "(언약) 약속하기(제3자와)/(개인적 수준)",
            "morpheme": "오늘/MAG+유산소/NNP+빡세/VA+게/EC+해야지/VX+EC"
          },
          {
            "id": 5,
            "text": "2 : 응 유산소 운동 중요한 거 같더라 키키",
            "norm_text": "응 유산소 운동 중요한 거 같더라 키키",
            "speaker": {
              "id": "2번",
              "sex": "여성",
              "age": "20대"
            },
            "speechAct": "(단언) 진술하기",
            "morpheme": "응/IC+유산소/NNP+운동/NNG+중요/NNG+한/XSA+ETM+거/NNB+같/VA+더라/EC+키/NNG+키/XSV+ETN"
          },
          {
            "id": 6,
            "text": "3 : 오늘은 워밍업으로 가볍게 해",
            "norm_text": "오늘은 워밍업으로 가볍게 해",
            "speaker": {
              "id": "3번",
              "sex": "남성",
              "age": "20대"
            },
            "speechAct": "(지시) 명령/요구하기",
            "morpheme": "오늘/NNG+은/JX+워밍업/NNG+으로/JKB+가볍/VA+게/EC+해/VV+EC"
          },
          {
            "id": 7,
            "text": "1 : 몸이 너무 분 거 같아서 키키 왔지",
            "norm_text": "몸이 너무 분 거 같아서 키키 왔지",
            "speaker": {
              "id": "1번",
              "sex": "여성",
              "age": "20대"
            },
            "speechAct": "(단언) 진술하기",
            "morpheme": "몸/NNG+이/JKS+너무/MAG+분거/NNG+같/VA+아서/EC+키/NNG+키/XSV+ETN+왔/VV+EP+지/EC"
          },
          {
            "id": 8,
            "text": "2 : 헬스 얼마나 다녀야 살 빠져?",
            "norm_text": "헬스 얼마나 다녀야 살 빠져?",
            "speaker": {
              "id": "2번",
              "sex": "여성",
              "age": "20대"
            },
            "speechAct": "(지시) 질문하기",
            "morpheme": "헬스/NNG+얼마나/MAG+다녀야/VV+EC+살/VV+ETM+빠져/VV+EF"
          },
          {
            "id": 9,
            "text": "3 : 꾸준히 다니면서 유지를 해 ㅠㅠ",
            "norm_text": "꾸준히 다니면서 유지를 해 ㅠㅠ",
            "speaker": {
              "id": "3번",
              "sex": "남성",
              "age": "20대"
            },
            "speechAct": "(지시) 명령/요구하기",
            "morpheme": "꾸준히/MAG+다니/VV+면서/EC+유지/NNG+를/JKO+해/VV+EC+ㅠㅠ/UNKNOWN"
          },
          {
            "id": 10,
            "text": "1 : 음 거의 3개월 정도 꾸준히 해야지?",
            "norm_text": "음 거의 3개월 정도 꾸준히 해야지?",
            "speaker": {
              "id": "1번",
              "sex": "여성",
              "age": "20대"
            },
            "speechAct": "(단언) 주장하기",
            "morpheme": "음/IC+거의/MAG+3/SN+개월/NNBC+정도/NNG+꾸준히/MAG+해야지/VV+EF"
          },
          {
            "id": 11,
            "text": "2 : 아 그것도 꽤 오래 다녀야 하네 ㅠ",
            "norm_text": "아 그것도 꽤 오래 다녀야 하네 ㅠ",
            "speaker": {
              "id": "2번",
              "sex": "여성",
              "age": "20대"
            },
            "speechAct": "(단언) 주장하기",
            "morpheme": "아/IC+그것/NP+도/JX+꽤/MAG+오래/MAG+다녀야/VV+EC+하/VX+네/EF+ㅠ/UNKNOWN"
          },
          {
            "id": 12,
            "text": "3 : 난 운동은 꾸준히 못 하겠더라 키키",
            "norm_text": "난 운동은 꾸준히 못 하겠더라 키키",
            "speaker": {
              "id": "3번",
              "sex": "남성",
              "age": "20대"
            },
            "speechAct": "(단언) 주장하기",
            "morpheme": "난/NP+JX+운동/NNG+은/JX+꾸준히/MAG+못/MAG+하/VV+겠/EP+더라/EF+키/NNG+키/XSV+ETN"
          },
          {
            "id": 13,
            "text": "1 : 식단도 같이 하면 더 좋아",
            "norm_text": "식단도 같이 하면 더 좋아",
            "speaker": {
              "id": "1번",
              "sex": "여성",
              "age": "20대"
            },
            "speechAct": "(단언) 주장하기",
            "morpheme": "식단/NNG+도/JX+같이/MAG+하/VV+면/EC+더/MAG+좋/VA+아/EC"
          },
          {
            "id": 14,
            "text": "2 : 에이 다 먹고 살자는 건데 키키",
            "norm_text": "에이 다 먹고 살자는 건데 키키",
            "speaker": {
              "id": "2번",
              "sex": "여성",
              "age": "20대"
            },
            "speechAct": "(단언) 주장하기",
            "morpheme": "에이다/NNG+먹/VV+고/EC+살/VV+자는/ETM+건데/NNB+VCP+EC+키/NNG+키/XSV+ETN"
          },
          {
            "id": 15,
            "text": "3 : 맞아",
            "norm_text": "맞아",
            "speaker": {
              "id": "3번",
              "sex": "남성",
              "age": "20대"
            },
            "speechAct": "(단언) 주장하기",
            "morpheme": "맞/VV+아/EC"
          },
          {
            "id": 16,
            "text": "3 : 먹는 거까진 포기 하지 말자 키키",
            "norm_text": "먹는 거까진 포기 하지 말자 키키",
            "speaker": {
              "id": "3번",
              "sex": "남성",
              "age": "20대"
            },
            "speechAct": "(언약) 약속하기(제3자와)/(개인적 수준)",
            "morpheme": "먹/VV+는/ETM+거/NNB+까진/JX+VCP+ETM+포기/NNG+하/XSV+지/EC+말/NNG+자키/NNG+키/XSV+ETN"
          },
          {
            "id": 17,
            "text": "1 : 그런 기념으로 오늘 닭가슴살 시킴~",
            "norm_text": "그런 기념으로 오늘 닭가슴살 시킴~",
            "speaker": {
              "id": "1번",
              "sex": "여성",
              "age": "20대"
            },
            "speechAct": "(단언) 진술하기",
            "morpheme": "그런/MM+기념/NNG+으로/JKB+오늘/MAG+닭/NNG+가슴살/NNG+시킴/XSV+ETN+~/SY"
          },
          {
            "id": 18,
            "text": "2 : 노우 그런 기념으로 치킨 먹어야지",
            "norm_text": "노우 그런 기념으로 치킨 먹어야지",
            "speaker": {
              "id": "2번",
              "sex": "여성",
              "age": "20대"
            },
            "speechAct": "(단언) 주장하기",
            "morpheme": "노우/IC+그런/MM+기념/NNG+으로/JKB+치킨/NNG+먹/VV+어야지/EC"
          },
          {
            "id": 19,
            "text": "3 : 키키 같은 닭이니까 치킨 시켜?",
            "norm_text": "키키 같은 닭이니까 치킨 시켜?",
            "speaker": {
              "id": "3번",
              "sex": "남성",
              "age": "20대"
            },
            "speechAct": "(지시) 질문하기",
            "morpheme": "키/NNG+키/XSV+ETN+같/VA+은/ETM+닭/NNG+이/VCP+니까/EC+치킨/NNG+시켜/XSV+EF"
          }
        ]
      }
    }
  ]
}