{
  "dataset": {
    "identifier": 127957,
    "name": "NATEON_40_12_set",
    "src_path": "/data/file/cubeManager/PROJECT001/84/txt20211108181225090073/NATEON_40_12_set/",
    "label_path": "/data/file/cubeManager/PROJECT001/84/txt20211108181225090073/NATEON_40_12_set/",
    "category": 2,
    "type": 0
  },
  "licenses": {
    "name": "Apache License 1.0",
    "url": "http://www.apache.org/licenses/LICENSE-1.0"
  },
  "info": [
    {
      "id": 141916,
      "filename": "NATEON_40_12.txt",
      "title": "NATEON_40_12",
      "mediatype": "메신저",
      "medianame": "네이트온",
      "category": "일상대화",
      "date": "2021-11-08",
      "size": 382,
      "annotations": {
        "subject": "여행",
        "speaker_type": "다자간 대화",
        "size": 382,
        "word_size": 142,
        "text": "1 : 나 노을 지는 거 보고 싶어\n2 : 아 그거 어릴 때 그네 타면서 많이 봄 키키\n3 : 아 진짜 나도 보고 싶다 오랜만에\n1 : 나도 차박 하면서 차에서 크~\n2 : 헐 차박 너무 좋아\n3 : 노을 지는 거 안 본지 오래됐어 키키\n1 : 요즘 바닷가 근처에서 많이 하더라고\n2 : 헐 우리도 데리고 가\n2 : 혼자 가지마\n3 : 진짜 차박 대박이다 와\n1 : 티비에서도 차박 많이 나오고 ㅠ\n2 : 나도 노을 보고 싶어 차박도 할래\n3 : 요즘 차 빌릴 수도 있던데\n1 : 우리가 일단 차가 있어야지 키키\n2 : 나 있어 나 있어 내 걸로 가자 키키\n3 : 같이 차박하자 차 없어도 돼 빌리자 쏘카\n1 : 차 누구나 좀 가지고 와\n2 : 맞아 쏘카도 있고 아무거나 타자 키키\n3 : 괜찮아 차는 구할 수 있어",
        "lines": [
          {
            "id": 1,
            "text": "1 : 나 노을 지는 거 보고 싶어",
            "norm_text": "나 노을 지는 거 보고 싶어",
            "speaker": {
              "id": "1번",
              "sex": "여성",
              "age": "20대"
            },
            "speechAct": "(단언) 주장하기",
            "morpheme": "나노/NNG+을/JKO+지/VV+는/ETM+거/NNB+보/VV+고/EC+싶/VX+어/EC"
          },
          {
            "id": 2,
            "text": "2 : 아 그거 어릴 때 그네 타면서 많이 봄 키키",
            "norm_text": "아 그거 어릴 때 그네 타면서 많이 봄 키키",
            "speaker": {
              "id": "2번",
              "sex": "남성",
              "age": "20대"
            },
            "speechAct": "(단언) 진술하기",
            "morpheme": "아/IC+그거/NP+어릴/VA+ETM+때/NNG+그네/NNG+타/VV+면서/EC+많이/MAG+봄/NNG+키/NNG+키/XSV+ETN"
          },
          {
            "id": 3,
            "text": "3 : 아 진짜 나도 보고 싶다 오랜만에",
            "norm_text": "아 진짜 나도 보고 싶다 오랜만에",
            "speaker": {
              "id": "3번",
              "sex": "남성",
              "age": "20대"
            },
            "speechAct": "(단언) 주장하기",
            "morpheme": "아/IC+진짜/MAG+나/NP+도/JX+보/VV+고/EC+싶/VX+다/EC+오랜만/NNG+에/JKB"
          },
          {
            "id": 4,
            "text": "1 : 나도 차박 하면서 차에서 크~",
            "norm_text": "나도 차박 하면서 차에서 크~",
            "speaker": {
              "id": "1번",
              "sex": "여성",
              "age": "20대"
            },
            "speechAct": "(단언) 진술하기",
            "morpheme": "나/NP+도/JX+차/NNG+박하/VA+면서/EC+차/NNG+에서/JKB+크/VA+~/SY"
          },
          {
            "id": 5,
            "text": "2 : 헐 차박 너무 좋아",
            "norm_text": "헐 차박 너무 좋아",
            "speaker": {
              "id": "2번",
              "sex": "남성",
              "age": "20대"
            },
            "speechAct": "(단언) 주장하기",
            "morpheme": "헐/IC+차/NNG+박/MAG+너무/MAG+좋/VA+아/EC"
          },
          {
            "id": 6,
            "text": "3 : 노을 지는 거 안 본지 오래됐어 키키",
            "norm_text": "노을 지는 거 안 본지 오래됐어 키키",
            "speaker": {
              "id": "3번",
              "sex": "남성",
              "age": "20대"
            },
            "speechAct": "(단언) 진술하기",
            "morpheme": "노/NNP+을/JKO+지/VV+는/ETM+거/NNB+안/MAG+본/VV+ETM+지/NNB+오래/MAG+됐/VV+EP+어/EC+키/NNG+키/XSV+ETN"
          },
          {
            "id": 7,
            "text": "1 : 요즘 바닷가 근처에서 많이 하더라고",
            "norm_text": "요즘 바닷가 근처에서 많이 하더라고",
            "speaker": {
              "id": "1번",
              "sex": "여성",
              "age": "20대"
            },
            "speechAct": "(단언) 진술하기",
            "morpheme": "요즘/NNG+바닷가/NNG+근처/NNG+에서/JKB+많이/MAG+하/VV+더라고/EC"
          },
          {
            "id": 8,
            "text": "2 : 헐 우리도 데리고 가",
            "norm_text": "헐 우리도 데리고 가",
            "speaker": {
              "id": "2번",
              "sex": "남성",
              "age": "20대"
            },
            "speechAct": "(지시) 명령/요구하기",
            "morpheme": "헐/IC+우리/NP+도/JX+데리/VV+고/EC+가/VX"
          },
          {
            "id": 9,
            "text": "2 : 혼자 가지마",
            "norm_text": "혼자 가지마",
            "speaker": {
              "id": "2번",
              "sex": "남성",
              "age": "20대"
            },
            "speechAct": "(지시) 명령/요구하기",
            "morpheme": "혼자/NNG+가/JKS+지마/NNG"
          },
          {
            "id": 10,
            "text": "3 : 진짜 차박 대박이다 와",
            "norm_text": "진짜 차박 대박이다 와",
            "speaker": {
              "id": "3번",
              "sex": "남성",
              "age": "20대"
            },
            "speechAct": "(표현) 긍정감정 표현하기",
            "morpheme": "진짜/MAG+차/NNG+박대/NNG+박이/XSN+다와/NNP"
          },
          {
            "id": 11,
            "text": "1 : 티비에서도 차박 많이 나오고 ㅠ",
            "norm_text": "티비에서도 차박 많이 나오고 ㅠ",
            "speaker": {
              "id": "1번",
              "sex": "여성",
              "age": "20대"
            },
            "speechAct": "(단언) 진술하기",
            "morpheme": "티비/NNG+에서/JKB+도/JX+차/NNG+박/MAG+많이/MAG+나오/VV+고/EC+ㅠ/UNKNOWN"
          },
          {
            "id": 12,
            "text": "2 : 나도 노을 보고 싶어 차박도 할래",
            "norm_text": "나도 노을 보고 싶어 차박도 할래",
            "speaker": {
              "id": "2번",
              "sex": "남성",
              "age": "20대"
            },
            "speechAct": "(단언) 주장하기",
            "morpheme": "나/NP+도/JX+노/NNG+을/JKO+보/VV+고/EC+싶/VX+어/EC+차/NNG+박도/NNG+할래/XSV+EC"
          },
          {
            "id": 13,
            "text": "3 : 요즘 차 빌릴 수도 있던데",
            "norm_text": "요즘 차 빌릴 수도 있던데",
            "speaker": {
              "id": "3번",
              "sex": "남성",
              "age": "20대"
            },
            "speechAct": "(단언) 주장하기",
            "morpheme": "요즘/NNG+차/NNG+빌릴/VV+ETM+수/NNB+도/JX+있/VA+던데/EC"
          },
          {
            "id": 14,
            "text": "1 : 우리가 일단 차가 있어야지 키키",
            "norm_text": "우리가 일단 차가 있어야지 키키",
            "speaker": {
              "id": "1번",
              "sex": "여성",
              "age": "20대"
            },
            "speechAct": "(단언) 주장하기",
            "morpheme": "우리/NP+가/JKS+일단/MAG+차/NNG+가/JKS+있/VA+어야지/EC+키/NNG+키/XSV+ETN"
          },
          {
            "id": 15,
            "text": "2 : 나 있어 나 있어 내 걸로 가자 키키",
            "norm_text": "나 있어 나 있어 내 걸로 가자 키키",
            "speaker": {
              "id": "2번",
              "sex": "남성",
              "age": "20대"
            },
            "speechAct": "(지시) 충고/제안하기",
            "morpheme": "나/NP+있/VA+어나/EC+있/VX+어/EC+내/MM+걸로/NNB+JKB+가/JKS+자키/NNG+키/XSV+ETN"
          },
          {
            "id": 16,
            "text": "3 : 같이 차박하자 차 없어도 돼 빌리자 쏘카",
            "norm_text": "같이 차박하자 차 없어도 돼 빌리자 쏘카",
            "speaker": {
              "id": "3번",
              "sex": "남성",
              "age": "20대"
            },
            "speechAct": "(지시) 충고/제안하기",
            "morpheme": "같이/MAG+차/NNG+박하/NNG+자차/NNG+없/VA+어도/EC+돼/VV+EC+빌리/VV+자/EC+쏘/NNP+카/NNG"
          },
          {
            "id": 17,
            "text": "1 : 차 누구나 좀 가지고 와",
            "norm_text": "차 누구나 좀 가지고 와",
            "speaker": {
              "id": "1번",
              "sex": "여성",
              "age": "20대"
            },
            "speechAct": "(지시) 명령/요구하기",
            "morpheme": "차/NNG+누구/NP+나/JX+좀/MAG+가지/VV+고/EC+와/VV+EC"
          },
          {
            "id": 18,
            "text": "2 : 맞아 쏘카도 있고 아무거나 타자 키키",
            "norm_text": "맞아 쏘카도 있고 아무거나 타자 키키",
            "speaker": {
              "id": "2번",
              "sex": "남성",
              "age": "20대"
            },
            "speechAct": "(단언) 주장하기",
            "morpheme": "맞/VV+아/EC+쏘/NNP+카/NNG+도/JX+있/VA+고/EC+아무/VV+거나/EC+타자키/NNP+키/NNG"
          },
          {
            "id": 19,
            "text": "3 : 괜찮아 차는 구할 수 있어",
            "norm_text": "괜찮아 차는 구할 수 있어",
            "speaker": {
              "id": "3번",
              "sex": "남성",
              "age": "20대"
            },
            "speechAct": "(단언) 주장하기",
            "morpheme": "괜찮/VA+아/EC+차/NNG+는/JX+구할/VV+ETM+수/NNB+있/VV+어/EC"
          }
        ]
      }
    }
  ]
}