{
  "dataset": {
    "identifier": 129735,
    "name": "NATEON_42_04_set",
    "src_path": "/data/file/cubeManager/PROJECT001/84/txt20211104173553006948/NATEON_42_04_set/",
    "label_path": "/data/file/cubeManager/PROJECT001/84/txt20211104173553006948/NATEON_42_04_set/",
    "category": 2,
    "type": 0
  },
  "licenses": {
    "name": "Apache License 1.0",
    "url": "http://www.apache.org/licenses/LICENSE-1.0"
  },
  "info": [
    {
      "id": 137231,
      "filename": "NATEON_42_04.txt",
      "title": "NATEON_42_04",
      "mediatype": "메신저",
      "medianame": "네이트온",
      "category": "일상대화",
      "date": "2021-11-04",
      "size": 449,
      "annotations": {
        "subject": "회사/아르바이트",
        "speaker_type": "다자간 대화",
        "size": 449,
        "word_size": 166,
        "text": "1 : 아우\n1 : 오늘 과장한테 메일 보내는데 실수했어\n2 : 헐 거기에 과장님 욕한 거 아니지?\n3 : 메일 보내는데 실수를 왜 해 ㅠ\n1 : 아니\n1 : 첨부 파일을 다른 걸 넣었더라고\n2 : 아 그럼 다시 보내야지 ㅠㅠ\n3 : 키키 그래서 과장이 뭐라고 안 해?\n1 : 겁나 뭐라 하지\n1 : 옆에서 난리야\n2 : 아니\n2 : 왜 그런 걸로 그래\n2 : 다시 보내 주면 되잖아 키키\n3 : 너희 과장님도 한결같다 진짜\n1 : 자기는 틈 보이는 거 싫어한다고 난리다\n2 : 진짜 거기 과장 왜 그러냐\n2 : 좀 넘어가지\n3 : 조그마한 거 가지고 뭐라고 하는 사람 있어 꼭\n1 : 응 그게 바로 우리 과장~\n2 : 어어\n2 : 속 진짜 좁다 키키\n2 : 나중에 너가 제껴~\n3 : 키키 너도 쟤랑 같이 이직 준비해\n1 : 그래\n1 : 우리 이참에 다 이직 해\n2 : 아니면 나랑 회사 체인지 하자 키키\n3 : 아 거기에 나도 포함되는 거네 키키",
        "lines": [
          {
            "id": 1,
            "text": "1 : 아우",
            "norm_text": "아우",
            "speaker": {
              "id": "1번",
              "sex": "여성",
              "age": "20대"
            },
            "speechAct": "턴토크 사인(관습적 반응)",
            "morpheme": "아우/NNG"
          },
          {
            "id": 2,
            "text": "1 : 오늘 과장한테 메일 보내는데 실수했어",
            "norm_text": "오늘 과장한테 메일 보내는데 실수했어",
            "speaker": {
              "id": "1번",
              "sex": "여성",
              "age": "20대"
            },
            "speechAct": "(단언) 진술하기",
            "morpheme": "오늘/MAG+과장/NNG+한테/JKB+메일/NNG+보내/VV+는데/EC+실수/NNG+했/XSV+EP+어/EC"
          },
          {
            "id": 3,
            "text": "2 : 헐 거기에 과장님 욕한 거 아니지?",
            "norm_text": "헐 거기에 과장님 욕한 거 아니지?",
            "speaker": {
              "id": "2번",
              "sex": "여성",
              "age": "20대"
            },
            "speechAct": "(지시) 질문하기",
            "morpheme": "헐/IC+거기/NP+에/JKB+과장/NNG+님/XSN+욕한/VV+ETM+거/NNB+아니/VCN+지/EF"
          },
          {
            "id": 4,
            "text": "3 : 메일 보내는데 실수를 왜 해 ㅠ",
            "norm_text": "메일 보내는데 실수를 왜 해 ㅠ",
            "speaker": {
              "id": "3번",
              "sex": "남성",
              "age": "20대"
            },
            "speechAct": "(단언) 주장하기",
            "morpheme": "메일/NNG+보내/VV+는데/EC+실수/NNG+를/JKO+왜/MAG+해ㅠ/UNKNOWN"
          },
          {
            "id": 5,
            "text": "1 : 아니",
            "norm_text": "아니",
            "speaker": {
              "id": "1번",
              "sex": "여성",
              "age": "20대"
            },
            "speechAct": "턴토크 사인(관습적 반응)",
            "morpheme": "아니/IC"
          },
          {
            "id": 6,
            "text": "1 : 첨부 파일을 다른 걸 넣었더라고",
            "norm_text": "첨부 파일을 다른 걸 넣었더라고",
            "speaker": {
              "id": "1번",
              "sex": "여성",
              "age": "20대"
            },
            "speechAct": "(단언) 진술하기",
            "morpheme": "첨부/NNG+파일/NNG+을/JKO+다른/MM+걸/NNB+JKO+넣/VV+었/EP+더라고/EC"
          },
          {
            "id": 7,
            "text": "2 : 아 그럼 다시 보내야지 ㅠㅠ",
            "norm_text": "아 그럼 다시 보내야지 ㅠㅠ",
            "speaker": {
              "id": "2번",
              "sex": "여성",
              "age": "20대"
            },
            "speechAct": "(단언) 진술하기",
            "morpheme": "아/IC+그럼/MAJ+다시/MAG+보내/VV+야지/EF+ㅠㅠ/UNKNOWN"
          },
          {
            "id": 8,
            "text": "3 : 키키 그래서 과장이 뭐라고 안 해?",
            "norm_text": "키키 그래서 과장이 뭐라고 안 해?",
            "speaker": {
              "id": "3번",
              "sex": "남성",
              "age": "20대"
            },
            "speechAct": "(지시) 질문하기",
            "morpheme": "키/NNG+키/XSV+ETN+그래서/MAJ+과장/NNG+이/JKS+뭐/NP+라고/VCP+EC+안/MAG+해/VV+EF"
          },
          {
            "id": 9,
            "text": "1 : 겁나 뭐라 하지",
            "norm_text": "겁나 뭐라 하지",
            "speaker": {
              "id": "1번",
              "sex": "여성",
              "age": "20대"
            },
            "speechAct": "(단언) 진술하기",
            "morpheme": "겁나/MAG+뭐/NP+라/VCP+EC+하/VV+지/EC"
          },
          {
            "id": 10,
            "text": "1 : 옆에서 난리야",
            "norm_text": "옆에서 난리야",
            "speaker": {
              "id": "1번",
              "sex": "여성",
              "age": "20대"
            },
            "speechAct": "(단언) 주장하기",
            "morpheme": "옆/NNG+에서/JKB+난리/NNG+야/VCP+EF"
          },
          {
            "id": 11,
            "text": "2 : 아니",
            "norm_text": "아니",
            "speaker": {
              "id": "2번",
              "sex": "여성",
              "age": "20대"
            },
            "speechAct": "턴토크 사인(관습적 반응)",
            "morpheme": "아니/IC"
          },
          {
            "id": 12,
            "text": "2 : 왜 그런 걸로 그래",
            "norm_text": "왜 그런 걸로 그래",
            "speaker": {
              "id": "2번",
              "sex": "여성",
              "age": "20대"
            },
            "speechAct": "(단언) 주장하기",
            "morpheme": "왜/MAG+그런/MM+걸로/NNB+JKB+그래/VV+EC"
          },
          {
            "id": 13,
            "text": "2 : 다시 보내 주면 되잖아 키키",
            "norm_text": "다시 보내 주면 되잖아 키키",
            "speaker": {
              "id": "2번",
              "sex": "여성",
              "age": "20대"
            },
            "speechAct": "(단언) 주장하기",
            "morpheme": "다시/MAG+보내/VV+EC+주/VX+면/EC+되/VV+잖아/EC+키/NNG+키/XSV+ETN"
          },
          {
            "id": 14,
            "text": "3 : 너희 과장님도 한결같다 진짜",
            "norm_text": "너희 과장님도 한결같다 진짜",
            "speaker": {
              "id": "3번",
              "sex": "남성",
              "age": "20대"
            },
            "speechAct": "(단언) 주장하기",
            "morpheme": "너희/NP+과장/NNG+님/XSN+도/JX+한결/MAG+같/VA+다/EF+진짜/MAG"
          },
          {
            "id": 15,
            "text": "1 : 자기는 틈 보이는 거 싫어한다고 난리다",
            "norm_text": "자기는 틈 보이는 거 싫어한다고 난리다",
            "speaker": {
              "id": "1번",
              "sex": "여성",
              "age": "20대"
            },
            "speechAct": "(단언) 진술하기",
            "morpheme": "자기/NP+는/JX+틈/NNG+보이/VV+는/ETM+거/NNB+싫/VA+어/EC+한다고/VX+EC+난리/NNG+다/VCP+EC"
          },
          {
            "id": 16,
            "text": "2 : 진짜 거기 과장 왜 그러냐",
            "norm_text": "진짜 거기 과장 왜 그러냐",
            "speaker": {
              "id": "2번",
              "sex": "여성",
              "age": "20대"
            },
            "speechAct": "(단언) 주장하기",
            "morpheme": "진짜/MAG+거기/NP+과장/NNG+왜/MAG+그러/VV+냐/EC"
          },
          {
            "id": 17,
            "text": "2 : 좀 넘어가지",
            "norm_text": "좀 넘어가지",
            "speaker": {
              "id": "2번",
              "sex": "여성",
              "age": "20대"
            },
            "speechAct": "(단언) 주장하기",
            "morpheme": "좀/MAG+넘어가/VV+지/EC"
          },
          {
            "id": 18,
            "text": "3 : 조그마한 거 가지고 뭐라고 하는 사람 있어 꼭",
            "norm_text": "조그마한 거 가지고 뭐라고 하는 사람 있어 꼭",
            "speaker": {
              "id": "3번",
              "sex": "남성",
              "age": "20대"
            },
            "speechAct": "(단언) 주장하기",
            "morpheme": "조그마/XR+한/XSA+ETM+거/NNB+가지/VV+고/EC+뭐/NP+라고/VCP+EC+하/VV+는/ETM+사람/NNG+있/VV+어/EC+꼭/MAG"
          },
          {
            "id": 19,
            "text": "1 : 응 그게 바로 우리 과장~",
            "norm_text": "응 그게 바로 우리 과장~",
            "speaker": {
              "id": "1번",
              "sex": "여성",
              "age": "20대"
            },
            "speechAct": "(단언) 주장하기",
            "morpheme": "응/IC+그게/NP+JKS+바로/MAG+우리/NP+과장/NNG+~/SY"
          },
          {
            "id": 20,
            "text": "2 : 어어",
            "norm_text": "어어",
            "speaker": {
              "id": "2번",
              "sex": "여성",
              "age": "20대"
            },
            "speechAct": "턴토크 사인(관습적 반응)",
            "morpheme": "어/IC+어/IC"
          },
          {
            "id": 21,
            "text": "2 : 속 진짜 좁다 키키",
            "norm_text": "속 진짜 좁다 키키",
            "speaker": {
              "id": "2번",
              "sex": "여성",
              "age": "20대"
            },
            "speechAct": "(단언) 주장하기",
            "morpheme": "속/NNG+진짜/MAG+좁/VA+다키키/NNP"
          },
          {
            "id": 22,
            "text": "2 : 나중에 너가 제껴~",
            "norm_text": "나중에 너가 제껴~",
            "speaker": {
              "id": "2번",
              "sex": "여성",
              "age": "20대"
            },
            "speechAct": "(단언) 주장하기",
            "morpheme": "나중/NNG+에/JKB+너/NP+가/JKS+제껴/VV+EC+~/SY"
          },
          {
            "id": 23,
            "text": "3 : 키키 너도 쟤랑 같이 이직 준비해",
            "norm_text": "키키 너도 쟤랑 같이 이직 준비해",
            "speaker": {
              "id": "3번",
              "sex": "남성",
              "age": "20대"
            },
            "speechAct": "(지시) 충고/제안하기",
            "morpheme": "키/NNG+키/XSV+ETN+너/NP+도/JX+쟤/NP+랑/JKB+같이/MAG+이직/NNG+준비/NNG+해/XSV+EC"
          },
          {
            "id": 24,
            "text": "1 : 그래",
            "norm_text": "그래",
            "speaker": {
              "id": "1번",
              "sex": "여성",
              "age": "20대"
            },
            "speechAct": "(단언) 주장하기",
            "morpheme": "그래/VA+EC"
          },
          {
            "id": 25,
            "text": "1 : 우리 이참에 다 이직 해",
            "norm_text": "우리 이참에 다 이직 해",
            "speaker": {
              "id": "1번",
              "sex": "여성",
              "age": "20대"
            },
            "speechAct": "(지시) 충고/제안하기",
            "morpheme": "우리/NP+이참/NNG+에다/JKB+이직/NNG+해/XSV+EC"
          },
          {
            "id": 26,
            "text": "2 : 아니면 나랑 회사 체인지 하자 키키",
            "norm_text": "아니면 나랑 회사 체인지 하자 키키",
            "speaker": {
              "id": "2번",
              "sex": "여성",
              "age": "20대"
            },
            "speechAct": "(지시) 충고/제안하기",
            "morpheme": "아니면/MAJ+나/NP+랑/JKB+회사/NNG+체인지/NNG+하/XSV+자/EC+키/NNG+키/XSV+ETN"
          },
          {
            "id": 27,
            "text": "3 : 아 거기에 나도 포함되는 거네 키키",
            "norm_text": "아 거기에 나도 포함되는 거네 키키",
            "speaker": {
              "id": "3번",
              "sex": "남성",
              "age": "20대"
            },
            "speechAct": "(단언) 주장하기",
            "morpheme": "아/IC+거기/NP+에/JKB+나/NP+도/JX+포함/NNG+되/XSV+는/ETM+거/NNB+네/MM+키/NNG+키/XSV+ETN"
          }
        ]
      }
    }
  ]
}