{
  "dataset": {
    "identifier": 112206,
    "name": "NATEON_32_19_set",
    "src_path": "/data/file/cubeManager/PROJECT001/80/txt20211102173312084790/NATEON_32_19_set/",
    "label_path": "/data/file/cubeManager/PROJECT001/80/txt20211102173312084790/NATEON_32_19_set/",
    "category": 2,
    "type": 0
  },
  "licenses": {
    "name": "Apache License 1.0",
    "url": "http://www.apache.org/licenses/LICENSE-1.0"
  },
  "info": [
    {
      "id": 131851,
      "filename": "NATEON_32_19.txt",
      "title": "NATEON_32_19",
      "mediatype": "메신저",
      "medianame": "네이트온",
      "category": "일상대화",
      "date": "2021-11-02",
      "size": 431,
      "annotations": {
        "subject": "방송/연예",
        "speaker_type": "다자간 대화",
        "size": 431,
        "word_size": 149,
        "text": "1 : 슬기로운 산촌생활 너무 재밌어ㅠ\n2 : 아 그거 슬의생 예능 인기 많더라 하하\n3 : 그거 슬기로운 의사생활 연기자가 나오는거지?\n1 : 응 하하\n1 : 지금 토마토 카레 먹는데 죽인다...\n2 : 그거 삼시세끼?\n2 : 그 예능으로 하는거 맞지?\n3 : 키키 너 또 배민앱 켰지\n1 : 응 하하\n1 : 삼시세끼 비슷한거 같아\n2 : 키키 왠지 대답 안 하는게 지금 배민 켰다\n3 : ㅠㅠ 그런거 보면 배 진짜 고파\n1 : 키키 어,, 약간 들킨 기분ㅎ...\n2 : 맞아 그런거 보면 나도 모르게 시키고 있음 키키\n3 : 아 우리가 너를 모르냐~\n1 : 키키 이런건 너무 잘 알지 말라고\n2 : 맞아 근데 1인분 카레 배달 오는데 있어?\n3 : 그러기엔 너무 오래봤다 우리가\n1 : 아 배민1에 있더라\n1 : 1인분 배달\n2 : 오 대박\n2 : 그럼 먹을만 하지 키키\n3 : 맞아 요즘 배민1이 더 나아",
        "lines": [
          {
            "id": 1,
            "text": "1 : 슬기로운 산촌생활 너무 재밌어ㅠ",
            "norm_text": "슬기로운 산촌생활 너무 재밌어ㅠ",
            "speaker": {
              "id": "1번",
              "sex": "여성",
              "age": "20대"
            },
            "speechAct": "(단언) 진술하기",
            "morpheme": "슬기/NNG+로운/XSA+ETM+산촌/NNG+생활/NNG+너무/MAG+재밌/VA+어/EC+ㅠ/UNKNOWN"
          },
          {
            "id": 2,
            "text": "2 : 아 그거 슬의생 예능 인기 많더라 하하",
            "norm_text": "아 그거 슬의생 예능 인기 많더라 하하",
            "speaker": {
              "id": "2번",
              "sex": "여성",
              "age": "20대"
            },
            "speechAct": "(단언) 진술하기",
            "morpheme": "아/IC+그거/NP+슬/NNG+의/JKG+생/XPN+예능/NNG+인기/NNG+많/VA+더라/EC+하하/MAG"
          },
          {
            "id": 3,
            "text": "3 : 그거 슬기로운 의사생활 연기자가 나오는거지?",
            "norm_text": "그거 슬기로운 의사생활 연기자가 나오는거지?",
            "speaker": {
              "id": "3번",
              "sex": "남성",
              "age": "20대"
            },
            "speechAct": "(지시) 질문하기",
            "morpheme": "그거/NP+슬기/NNG+로운/XSA+ETM+의사/NNG+생활/NNG+연기자/NNG+가/JKS+나오/VV+는/ETM+거/NNB+지/VCP+EF"
          },
          {
            "id": 4,
            "text": "1 : 응 하하",
            "norm_text": "응 하하",
            "speaker": {
              "id": "1번",
              "sex": "여성",
              "age": "20대"
            },
            "speechAct": "턴토크 사인(관습적 반응)",
            "morpheme": "응/IC+하하/MAG"
          },
          {
            "id": 5,
            "text": "1 : 지금 토마토 카레 먹는데 죽인다...",
            "norm_text": "지금 토마토 카레 먹는데 죽인다...",
            "speaker": {
              "id": "1번",
              "sex": "여성",
              "age": "20대"
            },
            "speechAct": "(단언) 주장하기",
            "morpheme": "지금/MAG+토마토/NNG+카레/NNG+먹/VV+는데/EC+죽인다/VV+EF+./SY"
          },
          {
            "id": 6,
            "text": "2 : 그거 삼시세끼?",
            "norm_text": "그거 삼시세끼?",
            "speaker": {
              "id": "2번",
              "sex": "여성",
              "age": "20대"
            },
            "speechAct": "(단언) 진술하기",
            "morpheme": "그거/NP+삼/NR+시/NNBC+세끼/NNG"
          },
          {
            "id": 7,
            "text": "2 : 그 예능으로 하는거 맞지?",
            "norm_text": "그 예능으로 하는거 맞지?",
            "speaker": {
              "id": "2번",
              "sex": "여성",
              "age": "20대"
            },
            "speechAct": "(지시) 질문하기",
            "morpheme": "그/MM+예능/NNG+으로/JKB+하/VV+는/ETM+거/NNB+맞/VV+지/EF"
          },
          {
            "id": 8,
            "text": "3 : 키키 너 또 배민앱 켰지",
            "norm_text": "키키 너 또 배민앱 켰지",
            "speaker": {
              "id": "3번",
              "sex": "남성",
              "age": "20대"
            },
            "speechAct": "(지시) 질문하기",
            "morpheme": "키/NNG+키/XSV+ETN+너/NP+또/MAG+배민/NNG+앱/NNG+켰/VV+EP+지/EC"
          },
          {
            "id": 9,
            "text": "1 : 응 하하",
            "norm_text": "응 하하",
            "speaker": {
              "id": "1번",
              "sex": "여성",
              "age": "20대"
            },
            "speechAct": "턴토크 사인(관습적 반응)",
            "morpheme": "응/IC+하하/MAG"
          },
          {
            "id": 10,
            "text": "1 : 삼시세끼 비슷한거 같아",
            "norm_text": "삼시세끼 비슷한거 같아",
            "speaker": {
              "id": "1번",
              "sex": "여성",
              "age": "20대"
            },
            "speechAct": "(단언) 진술하기",
            "morpheme": "삼/NR+시/NNBC+세끼/NNG+비슷/XR+한/XSA+ETM+거/NNB+같/VA+아/EC"
          },
          {
            "id": 11,
            "text": "2 : 키키 왠지 대답 안 하는게 지금 배민 켰다",
            "norm_text": "키키 왠지 대답 안 하는게 지금 배민 켰다",
            "speaker": {
              "id": "2번",
              "sex": "여성",
              "age": "20대"
            },
            "speechAct": "(단언) 주장하기",
            "morpheme": "키/NNG+키/XSV+ETN+왠지/MAG+대답/NNG+안/MAG+하/VV+는/ETM+게/NNB+JKS+지금/MAG+배민/NNG+켰/VV+EP+다/EC"
          },
          {
            "id": 12,
            "text": "3 : ㅠㅠ 그런거 보면 배 진짜 고파",
            "norm_text": "ㅠㅠ 그런거 보면 배 진짜 고파",
            "speaker": {
              "id": "3번",
              "sex": "남성",
              "age": "20대"
            },
            "speechAct": "(단언) 주장하기",
            "morpheme": "ㅠㅠ/UNKNOWN+그런/MM+거/NNB+보/VV+면/EC+배/NNG+진짜/MAG+고파/VA+EC"
          },
          {
            "id": 13,
            "text": "1 : 키키 어,, 약간 들킨 기분ㅎ...",
            "norm_text": "키키 어,, 약간 들킨 기분ㅎ...",
            "speaker": {
              "id": "1번",
              "sex": "여성",
              "age": "20대"
            },
            "speechAct": "(단언) 주장하기",
            "morpheme": "키/NNG+키어/NNG+,/SY+,/SC+약간/MAG+들킨/VV+ETM+기분/NNG+ㅎ/XSA+./SY"
          },
          {
            "id": 14,
            "text": "2 : 맞아 그런거 보면 나도 모르게 시키고 있음 키키",
            "norm_text": "맞아 그런거 보면 나도 모르게 시키고 있음 키키",
            "speaker": {
              "id": "2번",
              "sex": "여성",
              "age": "20대"
            },
            "speechAct": "(단언) 진술하기",
            "morpheme": "맞/VV+아/EC+그런/MM+거/NNB+보/VV+면/EC+나/NP+도/JX+모르/VV+게/EC+시키/VV+고/EC+있/VX+음/ETN+키/NNG+키/XSV+ETN"
          },
          {
            "id": 15,
            "text": "3 : 아 우리가 너를 모르냐~",
            "norm_text": "아 우리가 너를 모르냐~",
            "speaker": {
              "id": "3번",
              "sex": "남성",
              "age": "20대"
            },
            "speechAct": "(단언) 주장하기",
            "morpheme": "아/IC+우리/NP+가/JKS+너/NP+를/JKO+모르/VV+냐/EC+~/SY"
          },
          {
            "id": 16,
            "text": "1 : 키키 이런건 너무 잘 알지 말라고",
            "norm_text": "키키 이런건 너무 잘 알지 말라고",
            "speaker": {
              "id": "1번",
              "sex": "여성",
              "age": "20대"
            },
            "speechAct": "(단언) 진술하기",
            "morpheme": "키키/NNP+이런/MM+건/NNB+JX+너무/MAG+잘/MAG+알/VV+지/EC+말/VX+라고/EC"
          },
          {
            "id": 17,
            "text": "2 : 맞아 근데 1인분 카레 배달 오는데 있어?",
            "norm_text": "맞아 근데 1인분 카레 배달 오는데 있어?",
            "speaker": {
              "id": "2번",
              "sex": "여성",
              "age": "20대"
            },
            "speechAct": "(지시) 질문하기",
            "morpheme": "맞아/IC+근데/MAJ+1/SN+인분/NNG+카레/NNG+배달/NNG+오/VV+는데/EC+있/VX+어/EF"
          },
          {
            "id": 18,
            "text": "3 : 그러기엔 너무 오래봤다 우리가",
            "norm_text": "그러기엔 너무 오래봤다 우리가",
            "speaker": {
              "id": "3번",
              "sex": "남성",
              "age": "20대"
            },
            "speechAct": "(단언) 진술하기",
            "morpheme": "그러/VV+기/ETN+엔/JKB+JX+너무/MAG+오래/MAG+봤/VV+EP+다/EF+우리/NP+가/JKS"
          },
          {
            "id": 19,
            "text": "1 : 아 배민1에 있더라",
            "norm_text": "아 배민1에 있더라",
            "speaker": {
              "id": "1번",
              "sex": "여성",
              "age": "20대"
            },
            "speechAct": "(단언) 진술하기",
            "morpheme": "아/IC+배민/NNG+1/SN+에/JKB+있/VV+더라/EC"
          },
          {
            "id": 20,
            "text": "1 : 1인분 배달",
            "norm_text": "1인분 배달",
            "speaker": {
              "id": "1번",
              "sex": "여성",
              "age": "20대"
            },
            "speechAct": "(단언) 진술하기",
            "morpheme": "1/SN+인분/NNG+배달/NNG"
          },
          {
            "id": 21,
            "text": "2 : 오 대박",
            "norm_text": "오 대박",
            "speaker": {
              "id": "2번",
              "sex": "여성",
              "age": "20대"
            },
            "speechAct": "턴토크 사인(관습적 반응)",
            "morpheme": "오/NR+대박/NNG"
          },
          {
            "id": 22,
            "text": "2 : 그럼 먹을만 하지 키키",
            "norm_text": "그럼 먹을만 하지 키키",
            "speaker": {
              "id": "2번",
              "sex": "여성",
              "age": "20대"
            },
            "speechAct": "(단언) 진술하기",
            "morpheme": "그럼/MAJ+먹/VV+을/ETM+만/NNB+하/XSA+지/EC+키/NNG+키/XSV+ETN"
          },
          {
            "id": 23,
            "text": "3 : 맞아 요즘 배민1이 더 나아",
            "norm_text": "맞아 요즘 배민1이 더 나아",
            "speaker": {
              "id": "3번",
              "sex": "남성",
              "age": "20대"
            },
            "speechAct": "(단언) 주장하기",
            "morpheme": "맞/VV+아/EC+요즘/NNG+배민/NNG+1/SN+이/NR+더나/VV+아/EC"
          }
        ]
      }
    }
  ]
}