{
  "dataset": {
    "identifier": 129740,
    "name": "NATEON_42_09_set",
    "src_path": "/data/file/cubeManager/PROJECT001/84/txt20211104173553011679/NATEON_42_09_set/",
    "label_path": "/data/file/cubeManager/PROJECT001/84/txt20211104173553011679/NATEON_42_09_set/",
    "category": 2,
    "type": 0
  },
  "licenses": {
    "name": "Apache License 1.0",
    "url": "http://www.apache.org/licenses/LICENSE-1.0"
  },
  "info": [
    {
      "id": 137236,
      "filename": "NATEON_42_09.txt",
      "title": "NATEON_42_09",
      "mediatype": "메신저",
      "medianame": "네이트온",
      "category": "일상대화",
      "date": "2021-11-04",
      "size": 443,
      "annotations": {
        "subject": "반려동물",
        "speaker_type": "다자간 대화",
        "size": 443,
        "word_size": 165,
        "text": "1 : 나 이번에 기니피그 입양했어!\n2 : 헐 기니피그 어때?\n2 : 나 본 적 없는데\n3 : 헐 햄스터랑 비슷한 종류?\n1 : 응 근데 대박 귀여워 ㅠ\n2 : 와 신기해 키키\n2 : 돼지라서 밥 잘 먹어?\n3 : 걔도 예민한 동물이니까 조심해!\n1 : 아직 돼지까지는 아니고 키키\n1 : 밥만 잘 먹어\n2 : 키키 와 신기해\n2 : 나 너네 집 놀러 갈래 키키\n3 : 기니피그 키우는 사람 처음 봐 키키\n1 : 응 지금 다들 놀러 올래?\n2 : 어어\n2 : 기니피그는 간식 뭐 사 가야 하는 거지...\n3 : 응 지금 바로 가면 돼?\n1 : 응 기니피그 관련된 거 네이버에 쳐 보고 사 와\n2 : 알겠어 키키\n2 : 필요한 거 있음 도착 전에 말해 주고!\n3 : 그래~\n3 : 쳐 보고 뭐든지 사 갈께\n1 : 응 하하 도작하기 직전에 전화해~\n2 : 오케\n2 : 나 준비하고 바로 나갈게!\n3 : 알겠어 하하\n3 :  지금 바로 갈께~",
        "lines": [
          {
            "id": 1,
            "text": "1 : 나 이번에 기니피그 입양했어!",
            "norm_text": "나 이번에 기니피그 입양했어!",
            "speaker": {
              "id": "1번",
              "sex": "여성",
              "age": "20대"
            },
            "speechAct": "(단언) 진술하기",
            "morpheme": "나/NP+이번/NNG+에/JKB+기니피그/NNG+입양/NNG+했/XSV+EP+어/EF"
          },
          {
            "id": 2,
            "text": "2 : 헐 기니피그 어때?",
            "norm_text": "헐 기니피그 어때?",
            "speaker": {
              "id": "2번",
              "sex": "여성",
              "age": "20대"
            },
            "speechAct": "(지시) 질문하기",
            "morpheme": "헐/IC+기니피그/NNG+어때/VA+EF"
          },
          {
            "id": 3,
            "text": "2 : 나 본 적 없는데",
            "norm_text": "나 본 적 없는데",
            "speaker": {
              "id": "2번",
              "sex": "여성",
              "age": "20대"
            },
            "speechAct": "(단언) 진술하기",
            "morpheme": "나/NP+본/VV+ETM+적/NNB+없/VA+는데/EC"
          },
          {
            "id": 4,
            "text": "3 : 헐 햄스터랑 비슷한 종류?",
            "norm_text": "헐 햄스터랑 비슷한 종류?",
            "speaker": {
              "id": "3번",
              "sex": "남성",
              "age": "20대"
            },
            "speechAct": "(지시) 질문하기",
            "morpheme": "헐/IC+햄스터/NNG+랑/JC+비슷/XR+한/XSA+ETM+종류/NNG"
          },
          {
            "id": 5,
            "text": "1 : 응 근데 대박 귀여워 ㅠ",
            "norm_text": "응 근데 대박 귀여워 ㅠ",
            "speaker": {
              "id": "1번",
              "sex": "여성",
              "age": "20대"
            },
            "speechAct": "(단언) 주장하기",
            "morpheme": "응/IC+근데/MAJ+대박/NNG+귀여워/VA+EC+ㅠ/UNKNOWN"
          },
          {
            "id": 6,
            "text": "2 : 와 신기해 키키",
            "norm_text": "와 신기해 키키",
            "speaker": {
              "id": "2번",
              "sex": "여성",
              "age": "20대"
            },
            "speechAct": "(단언) 주장하기",
            "morpheme": "와/IC+신기/NNG+해/XSV+EC+키/NNG+키/XSV+ETN"
          },
          {
            "id": 7,
            "text": "2 : 돼지라서 밥 잘 먹어?",
            "norm_text": "돼지라서 밥 잘 먹어?",
            "speaker": {
              "id": "2번",
              "sex": "여성",
              "age": "20대"
            },
            "speechAct": "(지시) 질문하기",
            "morpheme": "돼지/NNG+라서/VCP+EC+밥/NNG+잘/MAG+먹/VV+어/EF"
          },
          {
            "id": 8,
            "text": "3 : 걔도 예민한 동물이니까 조심해!",
            "norm_text": "걔도 예민한 동물이니까 조심해!",
            "speaker": {
              "id": "3번",
              "sex": "남성",
              "age": "20대"
            },
            "speechAct": "(지시) 충고/제안하기",
            "morpheme": "걔/NP+도/JX+예민/XR+한/XSA+ETM+동물/NNG+이/VCP+니까/EC+조심/NNG+해/XSV+EF"
          },
          {
            "id": 9,
            "text": "1 : 아직 돼지까지는 아니고 키키",
            "norm_text": "아직 돼지까지는 아니고 키키",
            "speaker": {
              "id": "1번",
              "sex": "여성",
              "age": "20대"
            },
            "speechAct": "(단언) 주장하기",
            "morpheme": "아직/MAG+돼지/NNG+까지/JX+는/JX+아니/VCN+고/EC+키/NNG+키/XSV+ETN"
          },
          {
            "id": 10,
            "text": "1 : 밥만 잘 먹어",
            "norm_text": "밥만 잘 먹어",
            "speaker": {
              "id": "1번",
              "sex": "여성",
              "age": "20대"
            },
            "speechAct": "(단언) 주장하기",
            "morpheme": "밥/NNG+만/JX+잘/MAG+먹/VV+어/EC"
          },
          {
            "id": 11,
            "text": "2 : 키키 와 신기해",
            "norm_text": "키키 와 신기해",
            "speaker": {
              "id": "2번",
              "sex": "여성",
              "age": "20대"
            },
            "speechAct": "(단언) 주장하기",
            "morpheme": "키/NNG+키/XSV+ETN+와/JC+신기/NNG+해/XSV+EC"
          },
          {
            "id": 12,
            "text": "2 : 나 너네 집 놀러 갈래 키키",
            "norm_text": "나 너네 집 놀러 갈래 키키",
            "speaker": {
              "id": "2번",
              "sex": "여성",
              "age": "20대"
            },
            "speechAct": "(지시) 명령/요구하기",
            "morpheme": "나/NP+너/NP+네/XSN+집/NNG+놀/VV+러/EC+갈래/VV+EC+키/NNG+키/XSV+ETN"
          },
          {
            "id": 13,
            "text": "3 : 기니피그 키우는 사람 처음 봐 키키",
            "norm_text": "기니피그 키우는 사람 처음 봐 키키",
            "speaker": {
              "id": "3번",
              "sex": "남성",
              "age": "20대"
            },
            "speechAct": "(단언) 진술하기",
            "morpheme": "기니피그/NNG+키우/VV+는/ETM+사람/NNG+처음/NNG+봐/VV+EC+키/NNG+키/XSV+ETN"
          },
          {
            "id": 14,
            "text": "1 : 응 지금 다들 놀러 올래?",
            "norm_text": "응 지금 다들 놀러 올래?",
            "speaker": {
              "id": "1번",
              "sex": "여성",
              "age": "20대"
            },
            "speechAct": "(지시) 충고/제안하기",
            "morpheme": "응/IC+지금/MAG+다/MAG+들/XSN+놀/VV+러/EC+올래/VV+EF"
          },
          {
            "id": 15,
            "text": "2 : 어어",
            "norm_text": "어어",
            "speaker": {
              "id": "2번",
              "sex": "여성",
              "age": "20대"
            },
            "speechAct": "(단언) 주장하기",
            "morpheme": "어/IC+어/IC"
          },
          {
            "id": 16,
            "text": "2 : 기니피그는 간식 뭐 사 가야 하는 거지...",
            "norm_text": "기니피그는 간식 뭐 사 가야 하는 거지...",
            "speaker": {
              "id": "2번",
              "sex": "여성",
              "age": "20대"
            },
            "speechAct": "(지시) 질문하기",
            "morpheme": "기니피그/NNG+는/JX+간식/NNG+뭐/IC+사/VV+EC+가/VX+야/EC+하/VV+는/ETM+거/NNB+지/VCP+EF+./SY"
          },
          {
            "id": 17,
            "text": "3 : 응 지금 바로 가면 돼?",
            "norm_text": "응 지금 바로 가면 돼?",
            "speaker": {
              "id": "3번",
              "sex": "남성",
              "age": "20대"
            },
            "speechAct": "(지시) 질문하기",
            "morpheme": "응/IC+지금/MAG+바로/MAG+가/VV+면/EC+돼/VV+EF"
          },
          {
            "id": 18,
            "text": "1 : 응 기니피그 관련된 거 네이버에 쳐 보고 사 와",
            "norm_text": "응 기니피그 관련된 거 네이버에 쳐 보고 사 와",
            "speaker": {
              "id": "1번",
              "sex": "여성",
              "age": "20대"
            },
            "speechAct": "(지시) 명령/요구하기",
            "morpheme": "응/IC+기니피그/NNG+관련/NNG+된/XSV+ETM+거/NNB+네이버/NNP+에/JKB+쳐/VV+EC+보/VX+고/EC+사와/NNG"
          },
          {
            "id": 19,
            "text": "2 : 알겠어 키키",
            "norm_text": "알겠어 키키",
            "speaker": {
              "id": "2번",
              "sex": "여성",
              "age": "20대"
            },
            "speechAct": "(단언) 주장하기",
            "morpheme": "알/VV+겠/EP+어/EC+키/NNG+키/XSV+ETN"
          },
          {
            "id": 20,
            "text": "2 : 필요한 거 있음 도착 전에 말해 주고!",
            "norm_text": "필요한 거 있음 도착 전에 말해 주고!",
            "speaker": {
              "id": "2번",
              "sex": "여성",
              "age": "20대"
            },
            "speechAct": "(지시) 명령/요구하기",
            "morpheme": "필요/NNG+한/XSA+ETM+거/NNB+있/VA+음/ETN+도/JX+착전/NNG+에/JKB+말/NNG+해/XSV+EC+주/VX+고/EC"
          },
          {
            "id": 21,
            "text": "3 : 그래~",
            "norm_text": "그래~",
            "speaker": {
              "id": "3번",
              "sex": "남성",
              "age": "20대"
            },
            "speechAct": "(단언) 주장하기",
            "morpheme": "그래/VA+EC+~/SY"
          },
          {
            "id": 22,
            "text": "3 : 쳐 보고 뭐든지 사 갈께",
            "norm_text": "쳐 보고 뭐든지 사 갈께",
            "speaker": {
              "id": "3번",
              "sex": "남성",
              "age": "20대"
            },
            "speechAct": "(언약) 약속하기(제3자와)/(개인적 수준)",
            "morpheme": "쳐/VV+EC+보/VX+고/EC+뭐/NP+든지/JX+사/VV+EC+갈께/VV+EC"
          },
          {
            "id": 23,
            "text": "1 : 응 하하 도작하기 직전에 전화해~",
            "norm_text": "응 하하 도작하기 직전에 전화해~",
            "speaker": {
              "id": "1번",
              "sex": "여성",
              "age": "20대"
            },
            "speechAct": "(지시) 명령/요구하기",
            "morpheme": "응/IC+하하/MAG+도작/NNG+하/XSV+기/ETN+직전/NNG+에/JKB+전화/NNG+해/XSV+EC+~/SY"
          },
          {
            "id": 24,
            "text": "2 : 오케",
            "norm_text": "오케",
            "speaker": {
              "id": "2번",
              "sex": "여성",
              "age": "20대"
            },
            "speechAct": "(단언) 주장하기",
            "morpheme": "오/VV+케/EC"
          },
          {
            "id": 25,
            "text": "2 : 나 준비하고 바로 나갈게!",
            "norm_text": "나 준비하고 바로 나갈게!",
            "speaker": {
              "id": "2번",
              "sex": "여성",
              "age": "20대"
            },
            "speechAct": "(언약) 약속하기(제3자와)/(개인적 수준)",
            "morpheme": "나/NP+준비/NNG+하/XSV+고/EC+바로/MAG+나갈/VV+ETM+게/NNB+JKS"
          },
          {
            "id": 26,
            "text": "3 : 알겠어 하하",
            "norm_text": "알겠어 하하",
            "speaker": {
              "id": "3번",
              "sex": "남성",
              "age": "20대"
            },
            "speechAct": "(단언) 주장하기",
            "morpheme": "알/VV+겠/EP+어/EC+하하/MAG"
          },
          {
            "id": 27,
            "text": "3 :  지금 바로 갈께~",
            "norm_text": "지금 바로 갈께~",
            "speaker": {
              "id": "3번",
              "sex": "남성",
              "age": "20대"
            },
            "speechAct": "(언약) 약속하기(제3자와)/(개인적 수준)",
            "morpheme": "지금/MAG+바로/MAG+갈께/VV+EC+~/SY"
          }
        ]
      }
    }
  ]
}