{
  "dataset": {
    "identifier": 524,
    "name": "NATEON_23_16_set",
    "src_path": "/data/file/cubeManager/PROJECT001/7/txt20210826182121065746/NATEON_23_16_set/",
    "label_path": "/data/file/cubeManager/PROJECT001/7/txt20210826182121065746/NATEON_23_16_set/",
    "category": 2,
    "type": 0
  },
  "licenses": {
    "name": "Apache License 1.0",
    "url": "http://www.apache.org/licenses/LICENSE-1.0"
  },
  "info": [
    {
      "id": 815,
      "filename": "NATEON_23_16.txt",
      "title": "NATEON_23_16",
      "mediatype": "메신저",
      "medianame": "네이트온",
      "category": "일상대화",
      "date": "2021-08-26",
      "size": 559,
      "annotations": {
        "subject": "미용",
        "speaker_type": "1:1",
        "size": 559,
        "word_size": 169,
        "text": "1 : 화장에 관심 많으신 편이세요?\n2 : 많은 편은 아닌데 맨날 하기는 해요!\n1 : 화장 하실 때 어떤 부위를 주로 신경쓰시는 편이세요?\n2 : 저는 눈이요!\n2 : 요즘에는 마스크 때문에 눈밖에 안보이니까?\n1 : 아이라인 어떤 제품 사용하세요?\n2 : 저는 키스미 제품 즐겨 써요!\n2 : 지속력이 짱짱이거든요\n1 : 헐 저도여!\n1 : 샴푸는 어떤 브랜드 사용하세요?\n2 : 샴푸는 그냥 탈모방지...\n2 : 그런 거 쓰는데 어디거 인지 모르겠네요 ㅠㅠ\n1 : 피부는 주로  어떤 제품 사용하세요?\n2 : 피부 중에서 어떤 거 말씀하시는 거에요?\n1 : 얼굴?\n1 : 쿠션 팩트라던지 비비라던지 선크림이라던지요!\n2 : 흠... 쿠션은 나스꺼 쓰고 비비는 안쓰고 선크림은 일제이긴 한데 아넥사 써요!\n1 : 틴트는 어디꺼 쓰세요?\n1 : 틴트는 색깔도 다양하죠!\n2 : 틴트 여러 가지 쓰기는 하는데 주위에서 그냥 준거 써요 키키\n2 : 입생 하나있고?\n1 : 입생도 바를 때 부드러워서 좋더라고요!\n1 : 향도 좋고!\n1 : 바디 로션는 어디꺼 사용하세요?\n2 : 바디로션은 그냥 엄마가 주는 거 발라서 브랜드 잘 모르겠어요 하하",
        "lines": [
          {
            "id": 1,
            "text": "1 : 화장에 관심 많으신 편이세요?",
            "norm_text": "화장에 관심 많으신 편이세요?",
            "speaker": {
              "id": "1번",
              "sex": "여성",
              "age": "20대"
            },
            "speechAct": "(지시) 질문하기",
            "morpheme": "화장/NNG+에/JKB+관심/NNG+많/VA+으신/EP+ETM+편/NNB+이/VCP+세요/EP+EF"
          },
          {
            "id": 2,
            "text": "2 : 많은 편은 아닌데 맨날 하기는 해요!",
            "norm_text": "많은 편은 아닌데 맨날 하기는 해요!",
            "speaker": {
              "id": "2번",
              "sex": "여성",
              "age": "20대"
            },
            "speechAct": "(단언) 주장하기",
            "morpheme": "많/VA+은/ETM+편/NNB+은/JX+아닌데/VCN+EC+맨날/MAG+하/VV+기/ETN+는/JX+해요/VV+EF"
          },
          {
            "id": 3,
            "text": "1 : 화장 하실 때 어떤 부위를 주로 신경쓰시는 편이세요?",
            "norm_text": "화장 하실 때 어떤 부위를 주로 신경쓰시는 편이세요?",
            "speaker": {
              "id": "1번",
              "sex": "여성",
              "age": "20대"
            },
            "speechAct": "(지시) 질문하기",
            "morpheme": "화장/NNG+하/XSV+실/EP+ETM+때/NNG+어떤/MM+부위/NNG+를/JKO+주로/MAG+신경/NNG+쓰/VV+시/EP+는/ETM+편/NNB+이/VCP+세요/EP+EF"
          },
          {
            "id": 4,
            "text": "2 : 저는 눈이요!",
            "norm_text": "저는 눈이요!",
            "speaker": {
              "id": "2번",
              "sex": "여성",
              "age": "20대"
            },
            "speechAct": "(단언) 주장하기",
            "morpheme": "저/NP+는/JX+눈/NNG+이/VCP+요/EF"
          },
          {
            "id": 5,
            "text": "2 : 요즘에는 마스크 때문에 눈밖에 안보이니까?",
            "norm_text": "요즘에는 마스크 때문에 눈밖에 안보이니까?",
            "speaker": {
              "id": "2번",
              "sex": "여성",
              "age": "20대"
            },
            "speechAct": "(단언) 주장하기",
            "morpheme": "요즘/NNG+에/JKB+는/JX+마스크/NNG+때문/NNB+에/JKB+눈/NNG+밖에/JX+안/MAG+보이/VV+니까/EC"
          },
          {
            "id": 6,
            "text": "1 : 아이라인 어떤 제품 사용하세요?",
            "norm_text": "아이라인 어떤 제품 사용하세요?",
            "speaker": {
              "id": "1번",
              "sex": "여성",
              "age": "20대"
            },
            "speechAct": "(지시) 질문하기",
            "morpheme": "아이라인/NNG+어떤/MM+제품/NNG+사용/NNG+하/XSV+세요/EP+EF"
          },
          {
            "id": 7,
            "text": "2 : 저는 키스미 제품 즐겨 써요!",
            "norm_text": "저는 키스미 제품 즐겨 써요!",
            "speaker": {
              "id": "2번",
              "sex": "여성",
              "age": "20대"
            },
            "speechAct": "(단언) 주장하기",
            "morpheme": "저/NP+는/JX+키스/NNG+미제품/NNG+즐겨/VV+EC+써요/VV+EF"
          },
          {
            "id": 8,
            "text": "2 : 지속력이 짱짱이거든요",
            "norm_text": "지속력이 짱짱이거든요",
            "speaker": {
              "id": "2번",
              "sex": "여성",
              "age": "20대"
            },
            "speechAct": "(단언) 주장하기",
            "morpheme": "지속력/NNG+이/JKS+짱짱/MAG+이거/NP+든/VCP+EC+요/JX"
          },
          {
            "id": 9,
            "text": "1 : 헐 저도여!",
            "norm_text": "헐 저도여!",
            "speaker": {
              "id": "1번",
              "sex": "여성",
              "age": "20대"
            },
            "speechAct": "(단언) 주장하기",
            "morpheme": "헐/IC+저도/NNG+여/VCP+EF"
          },
          {
            "id": 10,
            "text": "1 : 샴푸는 어떤 브랜드 사용하세요?",
            "norm_text": "샴푸는 어떤 브랜드 사용하세요?",
            "speaker": {
              "id": "1번",
              "sex": "여성",
              "age": "20대"
            },
            "speechAct": "(지시) 질문하기",
            "morpheme": "샴푸/NNG+는/JX+어떤/MM+브랜드/NNG+사용/NNG+하/XSV+세요/EP+EF"
          },
          {
            "id": 11,
            "text": "2 : 샴푸는 그냥 탈모방지...",
            "norm_text": "샴푸는 그냥 탈모방지...",
            "speaker": {
              "id": "2번",
              "sex": "여성",
              "age": "20대"
            },
            "speechAct": "(단언) 주장하기",
            "morpheme": "샴푸/NNG+는/JX+그냥/MAG+탈모/NNG+방지/NNG+./SY+./SY"
          },
          {
            "id": 12,
            "text": "2 : 그런 거 쓰는데 어디거 인지 모르겠네요 ㅠㅠ",
            "norm_text": "그런 거 쓰는데 어디거 인지 모르겠네요 ㅠㅠ",
            "speaker": {
              "id": "2번",
              "sex": "여성",
              "age": "20대"
            },
            "speechAct": "(단언) 주장하기",
            "morpheme": "그런/MM+거/NNB+쓰/VV+는데/EC+어디/NP+거/NNB+인지/VCP+EC+모르/VV+겠/EP+네요/EF+ㅠㅠ/UNKNOWN"
          },
          {
            "id": 13,
            "text": "1 : 피부는 주로  어떤 제품 사용하세요?",
            "norm_text": "피부는 주로  어떤 제품 사용하세요?",
            "speaker": {
              "id": "1번",
              "sex": "여성",
              "age": "20대"
            },
            "speechAct": "(지시) 질문하기",
            "morpheme": "피부/NNG+는/JX+주로/MAG+어떤/MM+제품/NNG+사용/NNG+하/XSV+세요/EP+EF"
          },
          {
            "id": 14,
            "text": "2 : 피부 중에서 어떤 거 말씀하시는 거에요?",
            "norm_text": "피부 중에서 어떤 거 말씀하시는 거에요?",
            "speaker": {
              "id": "2번",
              "sex": "여성",
              "age": "20대"
            },
            "speechAct": "(지시) 질문하기",
            "morpheme": "피부/NNG+중/NNB+에서/JKB+어떤/MM+거/NNB+말씀/NNG+하/XSV+시/EP+는/ETM+거/NNB+에요/VCP+EF"
          },
          {
            "id": 15,
            "text": "1 : 얼굴?",
            "norm_text": "얼굴?",
            "speaker": {
              "id": "1번",
              "sex": "여성",
              "age": "20대"
            },
            "speechAct": "(지시) 질문하기",
            "morpheme": "얼굴/NNG"
          },
          {
            "id": 16,
            "text": "1 : 쿠션 팩트라던지 비비라던지 선크림이라던지요!",
            "norm_text": "쿠션 팩트라던지 비비라던지 선크림이라던지요!",
            "speaker": {
              "id": "1번",
              "sex": "여성",
              "age": "20대"
            },
            "speechAct": "(지시) 질문하기",
            "morpheme": "쿠션/NNG+팩/MAG+트/VV+라던지/EC+비비/VV+라던지/EC+선크림/NNG+이라던지/JC+요/JX"
          },
          {
            "id": 17,
            "text": "2 : 흠... 쿠션은 나스꺼 쓰고 비비는 안쓰고 선크림은 일제이긴 한데 아넥사 써요!",
            "norm_text": "흠... 쿠션은 나스꺼 쓰고 비비는 안쓰고 선크림은 일제이긴 한데 아넥사 써요!",
            "speaker": {
              "id": "2번",
              "sex": "여성",
              "age": "20대"
            },
            "speechAct": "(단언) 주장하기",
            "morpheme": "흠/IC+./SY+쿠션/NNG+은/JX+나스/NNP+꺼/VV+EC+쓰/VV+고/EC+비비/NNG+는/JX+안/MAG+쓰/VV+고/EC+선크림/NNG+은/JX+일제/NNG+이/VCP+긴/ETN+JX+한데/VX+EC+아넥/NNP+사/NNG+써요/VV+EF"
          },
          {
            "id": 18,
            "text": "1 : 틴트는 어디꺼 쓰세요?",
            "norm_text": "틴트는 어디꺼 쓰세요?",
            "speaker": {
              "id": "1번",
              "sex": "여성",
              "age": "20대"
            },
            "speechAct": "(지시) 질문하기",
            "morpheme": "틴트/NNG+는/JX+어디/NP+꺼/VV+EC+쓰/VV+세요/EP+EF"
          },
          {
            "id": 19,
            "text": "1 : 틴트는 색깔도 다양하죠!",
            "norm_text": "틴트는 색깔도 다양하죠!",
            "speaker": {
              "id": "1번",
              "sex": "여성",
              "age": "20대"
            },
            "speechAct": "(단언) 주장하기",
            "morpheme": "틴트/NNG+는/JX+색깔/NNG+도/JX+다양/XR+하/XSA+죠/EF"
          },
          {
            "id": 20,
            "text": "2 : 틴트 여러 가지 쓰기는 하는데 주위에서 그냥 준거 써요 키키",
            "norm_text": "틴트 여러 가지 쓰기는 하는데 주위에서 그냥 준거 써요 키키",
            "speaker": {
              "id": "2번",
              "sex": "여성",
              "age": "20대"
            },
            "speechAct": "(단언) 주장하기",
            "morpheme": "틴트/NNG+여러/MM+가지/NNBC+쓰/VV+기/ETN+는/JX+하/VV+는데/EC+주위/NNG+에서/JKB+그냥/MAG+준/VV+ETM+거/NNB+써요/VV+EC+키/NNG+키/XSV+ETN"
          },
          {
            "id": 21,
            "text": "2 : 입생 하나있고?",
            "norm_text": "입생 하나있고?",
            "speaker": {
              "id": "2번",
              "sex": "여성",
              "age": "20대"
            },
            "speechAct": "(단언) 주장하기",
            "morpheme": "입/NNG+생/XSN+하나/NR+있/VV+고/EC"
          },
          {
            "id": 22,
            "text": "1 : 입생도 바를 때 부드러워서 좋더라고요!",
            "norm_text": "입생도 바를 때 부드러워서 좋더라고요!",
            "speaker": {
              "id": "1번",
              "sex": "여성",
              "age": "20대"
            },
            "speechAct": "(단언) 주장하기",
            "morpheme": "입/NNG+생/XSN+도/JX+바를/VA+ETM+때/NNG+부드러워서/VA+EC+좋/VA+더라고요/EF"
          },
          {
            "id": 23,
            "text": "1 : 향도 좋고!",
            "norm_text": "향도 좋고!",
            "speaker": {
              "id": "1번",
              "sex": "여성",
              "age": "20대"
            },
            "speechAct": "(단언) 주장하기",
            "morpheme": "향/NNG+도/JX+좋/VA+고/EC"
          },
          {
            "id": 24,
            "text": "1 : 바디 로션는 어디꺼 사용하세요?",
            "norm_text": "바디 로션는 어디꺼 사용하세요?",
            "speaker": {
              "id": "1번",
              "sex": "여성",
              "age": "20대"
            },
            "speechAct": "(지시) 질문하기",
            "morpheme": "바디/NNG+로션/NNG+는/JX+어디/NP+꺼/VV+EC+사용/NNG+하/XSV+세요/EP+EF"
          },
          {
            "id": 25,
            "text": "2 : 바디로션은 그냥 엄마가 주는 거 발라서 브랜드 잘 모르겠어요 하하",
            "norm_text": "바디로션은 그냥 엄마가 주는 거 발라서 브랜드 잘 모르겠어요 하하",
            "speaker": {
              "id": "2번",
              "sex": "여성",
              "age": "20대"
            },
            "speechAct": "(단언) 주장하기",
            "morpheme": "바디/NNG+로션/NNG+은/JX+그냥/MAG+엄마/NNG+가/JKS+주/VV+는/ETM+거/NNB+발라서/VA+EC+브랜드/NNG+잘/MAG+모르/VV+겠/EP+어요/EF+하하/MAG"
          }
        ]
      }
    }
  ]
}