{
  "dataset": {
    "identifier": 118201,
    "name": "NATEON_31_20_set",
    "src_path": "/data/file/cubeManager/PROJECT001/80/txt20211102113529080147/NATEON_31_20_set/",
    "label_path": "/data/file/cubeManager/PROJECT001/80/txt20211102113529080147/NATEON_31_20_set/",
    "category": 2,
    "type": 0
  },
  "licenses": {
    "name": "Apache License 1.0",
    "url": "http://www.apache.org/licenses/LICENSE-1.0"
  },
  "info": [
    {
      "id": 130003,
      "filename": "NATEON_31_20.txt",
      "title": "NATEON_31_20",
      "mediatype": "메신저",
      "medianame": "네이트온",
      "category": "일상대화",
      "date": "2021-11-02",
      "size": 455,
      "annotations": {
        "subject": "영화/만화",
        "speaker_type": "다자간 대화",
        "size": 455,
        "word_size": 164,
        "text": "1 : 이번에 이터널스 개봉하면 보러 갈 거야?\n2 : 웅 난 무조건 보러 가야지~!\n3 : 응 당연하지\n3 : 마블 영환데\n1 : 오, 다들 준비 자세가 되어 있는데?\n2 : 그럼 우리 다 같이 보러 갈까?\n3 : 나 스페셜 표도 살 꺼야 키키\n1 : 응 안 그래도 그 말 하려고 했는데\n2 : 스페셜 표?\n2 : 그건 뭐야 키키\n3 : 그거 메가박스에서 나오는 거!\n1 : 그거 엄청 소량만 나오는 거 아니야?\n2 : 나 한 번도 들어 본 적 없는데 한번 검색 해 봐야겠다 ㅠㅠ\n2 : 그거 뭐야...\n3 : 아마 라라랜드가 제일 유명해서 네이버에 치면 나올 거야\n1 : 아 맞아\n1 : 그거 나도 본 거 같아\n2 : 라라랜드 스페셜 표 이렇게 검색하면 나와?\n3 : 응 키키\n3 : 그거 나 소장 중이야~\n1 : 와, 다음에 나 꼭 보여 주라 ㅠㅠ\n2 : 웅 지금 사진 한번 찍어서 보내 줘라~\n3 : 응 하하 이번에 이터널스 표는 꼭 구해 보자!",
        "lines": [
          {
            "id": 1,
            "text": "1 : 이번에 이터널스 개봉하면 보러 갈 거야?",
            "norm_text": "이번에 이터널스 개봉하면 보러 갈 거야?",
            "speaker": {
              "id": "1번",
              "sex": "여성",
              "age": "20대"
            },
            "speechAct": "(지시) 질문하기",
            "morpheme": "이번/NNG+에/JKB+이터널/NNP+스/XSN+개봉/NNG+하/XSV+면/EC+보/VX+러/EC+갈/VX+ETM+거/NNB+야/VCP+EF"
          },
          {
            "id": 2,
            "text": "2 : 웅 난 무조건 보러 가야지~!",
            "norm_text": "웅 난 무조건 보러 가야지~!",
            "speaker": {
              "id": "2번",
              "sex": "여성",
              "age": "20대"
            },
            "speechAct": "(언약) 약속하기(제3자와)/(개인적 수준)",
            "morpheme": "웅/IC+난/NP+JX+무조건/MAG+보/VV+러/EC+가/VX+야지/EC+~/SY"
          },
          {
            "id": 3,
            "text": "3 : 응 당연하지",
            "norm_text": "응 당연하지",
            "speaker": {
              "id": "3번",
              "sex": "남성",
              "age": "20대"
            },
            "speechAct": "(단언) 주장하기",
            "morpheme": "응/IC+당연/XR+하/XSA+지/EC"
          },
          {
            "id": 4,
            "text": "3 : 마블 영환데",
            "norm_text": "마블 영환데",
            "speaker": {
              "id": "3번",
              "sex": "남성",
              "age": "20대"
            },
            "speechAct": "(단언) 주장하기",
            "morpheme": "마블/NNG+영환데/NNG+VCP+EC"
          },
          {
            "id": 5,
            "text": "1 : 오, 다들 준비 자세가 되어 있는데?",
            "norm_text": "오, 다들 준비 자세가 되어 있는데?",
            "speaker": {
              "id": "1번",
              "sex": "여성",
              "age": "20대"
            },
            "speechAct": "(단언) 주장하기",
            "morpheme": "오/IC+,/SC+다/MAG+들/XSN+준비/NNG+자세/NNG+가/JKS+되/VV+어/EC+있/VX+는데/EC"
          },
          {
            "id": 6,
            "text": "2 : 그럼 우리 다 같이 보러 갈까?",
            "norm_text": "그럼 우리 다 같이 보러 갈까?",
            "speaker": {
              "id": "2번",
              "sex": "여성",
              "age": "20대"
            },
            "speechAct": "(지시) 충고/제안하기",
            "morpheme": "그럼/MAJ+우리/NP+다/JX+같이/MAG+보/VV+러/EC+갈까/VX+EF"
          },
          {
            "id": 7,
            "text": "3 : 나 스페셜 표도 살 꺼야 키키",
            "norm_text": "나 스페셜 표도 살 꺼야 키키",
            "speaker": {
              "id": "3번",
              "sex": "남성",
              "age": "20대"
            },
            "speechAct": "(언약) 약속하기(제3자와)/(개인적 수준)",
            "morpheme": "나/NP+스페셜/NNP+표/NNG+도/JX+살/VV+ETM+꺼/NNB+VCP+야/EC+키/NNG+키/XSV+ETN"
          },
          {
            "id": 8,
            "text": "1 : 응 안 그래도 그 말 하려고 했는데",
            "norm_text": "응 안 그래도 그 말 하려고 했는데",
            "speaker": {
              "id": "1번",
              "sex": "여성",
              "age": "20대"
            },
            "speechAct": "(단언) 주장하기",
            "morpheme": "응/IC+안/MAG+그래도/VV+EC+그/MM+말/NNG+하/XSV+려고/EC+했/VX+EP+는데/EC"
          },
          {
            "id": 9,
            "text": "2 : 스페셜 표?",
            "norm_text": "스페셜 표?",
            "speaker": {
              "id": "2번",
              "sex": "여성",
              "age": "20대"
            },
            "speechAct": "(단언) 주장하기",
            "morpheme": "스페셜/NNP+표/NNG"
          },
          {
            "id": 10,
            "text": "2 : 그건 뭐야 키키",
            "norm_text": "그건 뭐야 키키",
            "speaker": {
              "id": "2번",
              "sex": "여성",
              "age": "20대"
            },
            "speechAct": "(지시) 질문하기",
            "morpheme": "그건/NP+JX+뭐/NP+야/VCP+EF+키/NNG+키/XSV+ETN"
          },
          {
            "id": 11,
            "text": "3 : 그거 메가박스에서 나오는 거!",
            "norm_text": "그거 메가박스에서 나오는 거!",
            "speaker": {
              "id": "3번",
              "sex": "남성",
              "age": "20대"
            },
            "speechAct": "(단언) 주장하기",
            "morpheme": "그/MM+거메/NNG+가/JKS+박스/NNG+에서/JKB+나오/VV+는/ETM+거/NNB"
          },
          {
            "id": 12,
            "text": "1 : 그거 엄청 소량만 나오는 거 아니야?",
            "norm_text": "그거 엄청 소량만 나오는 거 아니야?",
            "speaker": {
              "id": "1번",
              "sex": "여성",
              "age": "20대"
            },
            "speechAct": "(단언) 주장하기",
            "morpheme": "그거/NP+엄청/MAG+소량/NNG+만/JX+나오/VV+는/ETM+거/NNB+아니/VCN+야/EF"
          },
          {
            "id": 13,
            "text": "2 : 나 한 번도 들어 본 적 없는데 한번 검색 해 봐야겠다 ㅠㅠ",
            "norm_text": "나 한 번도 들어 본 적 없는데 한번 검색 해 봐야겠다 ㅠㅠ",
            "speaker": {
              "id": "2번",
              "sex": "여성",
              "age": "20대"
            },
            "speechAct": "(언약) 약속하기(제3자와)/(개인적 수준)",
            "morpheme": "나/NP+한/MM+번/NNBC+도/JX+들/VV+어/EC+본/VX+ETM+적/NNB+없/VA+는데/EC+한/MM+번/NNBC+검색/NNG+해봐야/XSV+EC+VX+EC+VX+겠/EP+다/EF+ㅠㅠ/UNKNOWN"
          },
          {
            "id": 14,
            "text": "2 : 그거 뭐야...",
            "norm_text": "그거 뭐야...",
            "speaker": {
              "id": "2번",
              "sex": "여성",
              "age": "20대"
            },
            "speechAct": "(단언) 주장하기",
            "morpheme": "그거/NP+뭐/NP+야/VCP+EF+./SY"
          },
          {
            "id": 15,
            "text": "3 : 아마 라라랜드가 제일 유명해서 네이버에 치면 나올 거야",
            "norm_text": "아마 라라랜드가 제일 유명해서 네이버에 치면 나올 거야",
            "speaker": {
              "id": "3번",
              "sex": "남성",
              "age": "20대"
            },
            "speechAct": "(단언) 주장하기",
            "morpheme": "아마라/NNP+라랜드/NNP+가/JKS+제일/MAG+유명/NNG+해서/XSV+EC+네이버/NNP+에/JKB+치/VV+면/EC+나올/VV+ETM+거/NNB+야/VCP+EF"
          },
          {
            "id": 16,
            "text": "1 : 아 맞아",
            "norm_text": "아 맞아",
            "speaker": {
              "id": "1번",
              "sex": "여성",
              "age": "20대"
            },
            "speechAct": "(단언) 주장하기",
            "morpheme": "아/IC+맞/VV+아/EC"
          },
          {
            "id": 17,
            "text": "1 : 그거 나도 본 거 같아",
            "norm_text": "그거 나도 본 거 같아",
            "speaker": {
              "id": "1번",
              "sex": "여성",
              "age": "20대"
            },
            "speechAct": "(단언) 주장하기",
            "morpheme": "그거/NP+나/NP+도/JX+본/VX+ETM+거/NNB+같/VA+아/EC"
          },
          {
            "id": 18,
            "text": "2 : 라라랜드 스페셜 표 이렇게 검색하면 나와?",
            "norm_text": "라라랜드 스페셜 표 이렇게 검색하면 나와?",
            "speaker": {
              "id": "2번",
              "sex": "여성",
              "age": "20대"
            },
            "speechAct": "(지시) 질문하기",
            "morpheme": "라라/IC+랜드/NNP+스페셜/NNP+표/NNG+이렇게/MAG+검색/NNG+하/XSV+면/EC+나와/VV+EF"
          },
          {
            "id": 19,
            "text": "3 : 응 키키",
            "norm_text": "응 키키",
            "speaker": {
              "id": "3번",
              "sex": "남성",
              "age": "20대"
            },
            "speechAct": "(단언) 주장하기",
            "morpheme": "응/IC+키/NNG+키/XSV+ETN"
          },
          {
            "id": 20,
            "text": "3 : 그거 나 소장 중이야~",
            "norm_text": "그거 나 소장 중이야~",
            "speaker": {
              "id": "3번",
              "sex": "남성",
              "age": "20대"
            },
            "speechAct": "(단언) 진술하기",
            "morpheme": "그거/NP+나/JX+소장/NNG+중/NNB+이/VCP+야/EC+~/SY"
          },
          {
            "id": 21,
            "text": "1 : 와, 다음에 나 꼭 보여 주라 ㅠㅠ",
            "norm_text": "와, 다음에 나 꼭 보여 주라 ㅠㅠ",
            "speaker": {
              "id": "1번",
              "sex": "여성",
              "age": "20대"
            },
            "speechAct": "(지시) 부탁하기",
            "morpheme": "와/IC+,/SC+다음에나꼭보여주라ㅠㅠ/UNKNOWN"
          },
          {
            "id": 22,
            "text": "2 : 웅 지금 사진 한번 찍어서 보내 줘라~",
            "norm_text": "웅 지금 사진 한번 찍어서 보내 줘라~",
            "speaker": {
              "id": "2번",
              "sex": "여성",
              "age": "20대"
            },
            "speechAct": "(지시) 부탁하기",
            "morpheme": "웅/IC+지금/MAG+사진/NNG+한/MM+번/NNBC+찍/VV+어서/EC+보내/VV+EC+줘라/VX+EC+~/SY"
          },
          {
            "id": 23,
            "text": "3 : 응 하하 이번에 이터널스 표는 꼭 구해 보자!",
            "norm_text": "응 하하 이번에 이터널스 표는 꼭 구해 보자!",
            "speaker": {
              "id": "3번",
              "sex": "남성",
              "age": "20대"
            },
            "speechAct": "(언약) 약속하기(제3자와)/(개인적 수준)",
            "morpheme": "응/IC+하하/MAG+이번/NNG+에/JKB+이터널/NNP+스/XSN+표/NNG+는/JX+꼭/MAG+구해/VV+EC+보/VX+자/EF"
          }
        ]
      }
    }
  ]
}