{
  "dataset": {
    "identifier": 127958,
    "name": "NATEON_40_13_set",
    "src_path": "/data/file/cubeManager/PROJECT001/84/txt20211108181225090695/NATEON_40_13_set/",
    "label_path": "/data/file/cubeManager/PROJECT001/84/txt20211108181225090695/NATEON_40_13_set/",
    "category": 2,
    "type": 0
  },
  "licenses": {
    "name": "Apache License 1.0",
    "url": "http://www.apache.org/licenses/LICENSE-1.0"
  },
  "info": [
    {
      "id": 141917,
      "filename": "NATEON_40_13.txt",
      "title": "NATEON_40_13",
      "mediatype": "메신저",
      "medianame": "네이트온",
      "category": "일상대화",
      "date": "2021-11-08",
      "size": 418,
      "annotations": {
        "subject": "계절/날씨",
        "speaker_type": "다자간 대화",
        "size": 418,
        "word_size": 143,
        "text": "1 : 나 벌써 손이 트는 거 같아 ㅠ\n2 : 와 벌써 날씨가 그렇게 추워졌어?\n3 : 핸드크림은 바르고 다니는 거야?\n1 : 아니 날씨가 이렇게 갑자기 변할 줄 몰랐지!\n2 : 야 겨울에는 핸드크림 바르는 거 필수야!\n3 : 맞아,\n3 : 나 남는 거 있는데 줄까?\n1 : 응 나 겨울에는 손이 너무 건조해서 ㅠ\n2 : 그래 **이 너가 남는 거 좀 줘\n3 : 응 내일 만나면 바로 줄께!\n1 : 이번 겨울은 많이 안 추웠으면 좋겠다\n2 : 맞아 저번에 액체류 택배 다 얼었잖아\n3 : 맞아 키키 내 택배도 얼었었어 키키 기억나\n1 : 키키 헐 맞아 그 정도로 추웠었지\n2 : 이번에도 그만큼 추울 거 같은데?\n3 : 맞아 요즘 날씨도 이상해서 ㅠ\n1 : 이번 겨울도 우리 따뜻하게 보내자!\n2 : 맞아, 아무리 추워도 마음은 따뜻하니까\n3 : 아 저런 말투 너무 오글거려 키키",
        "lines": [
          {
            "id": 1,
            "text": "1 : 나 벌써 손이 트는 거 같아 ㅠ",
            "norm_text": "나 벌써 손이 트는 거 같아 ㅠ",
            "speaker": {
              "id": "1번",
              "sex": "여성",
              "age": "20대"
            },
            "speechAct": "(단언) 주장하기",
            "morpheme": "나/NP+벌써/MAG+손/NNG+이/JKS+트/VV+는/ETM+거/NNB+같/VA+아/EC+ㅠ/UNKNOWN"
          },
          {
            "id": 2,
            "text": "2 : 와 벌써 날씨가 그렇게 추워졌어?",
            "norm_text": "와 벌써 날씨가 그렇게 추워졌어?",
            "speaker": {
              "id": "2번",
              "sex": "남성",
              "age": "20대"
            },
            "speechAct": "(지시) 질문하기",
            "morpheme": "와/IC+벌써/MAG+날씨/NNG+가/JKS+그렇게/MAG+추워졌/VA+EC+VX+EP+어/EF"
          },
          {
            "id": 3,
            "text": "3 : 핸드크림은 바르고 다니는 거야?",
            "norm_text": "핸드크림은 바르고 다니는 거야?",
            "speaker": {
              "id": "3번",
              "sex": "남성",
              "age": "20대"
            },
            "speechAct": "(지시) 질문하기",
            "morpheme": "핸드크림/NNG+은/JX+바르/VA+고/EC+다니/VV+는/ETM+거/NNB+야/VCP+EF"
          },
          {
            "id": 4,
            "text": "1 : 아니 날씨가 이렇게 갑자기 변할 줄 몰랐지!",
            "norm_text": "아니 날씨가 이렇게 갑자기 변할 줄 몰랐지!",
            "speaker": {
              "id": "1번",
              "sex": "여성",
              "age": "20대"
            },
            "speechAct": "(단언) 주장하기",
            "morpheme": "아니/IC+날씨/NNG+가/JKS+이렇게/MAG+갑자기/MAG+변할/VV+ETM+줄/NNB+몰랐/VV+EP+지/EF"
          },
          {
            "id": 5,
            "text": "2 : 야 겨울에는 핸드크림 바르는 거 필수야!",
            "norm_text": "야 겨울에는 핸드크림 바르는 거 필수야!",
            "speaker": {
              "id": "2번",
              "sex": "남성",
              "age": "20대"
            },
            "speechAct": "(단언) 주장하기",
            "morpheme": "야/IC+겨울/NNG+에/JKB+는/JX+핸드크림/NNG+바르/VV+는/ETM+거/NNB+필수/NNG+야/VCP+EF"
          },
          {
            "id": 6,
            "text": "3 : 맞아,",
            "norm_text": "맞아,",
            "speaker": {
              "id": "3번",
              "sex": "남성",
              "age": "20대"
            },
            "speechAct": "턴토크 사인(관습적 반응)",
            "morpheme": "맞/VV+아/EC+,/SC"
          },
          {
            "id": 7,
            "text": "3 : 나 남는 거 있는데 줄까?",
            "norm_text": "나 남는 거 있는데 줄까?",
            "speaker": {
              "id": "3번",
              "sex": "남성",
              "age": "20대"
            },
            "speechAct": "(지시) 질문하기",
            "morpheme": "나/NP+남/VV+는/ETM+거/NNB+있/VA+는데/EC+줄까/VX+EF"
          },
          {
            "id": 8,
            "text": "1 : 응 나 겨울에는 손이 너무 건조해서 ㅠ",
            "norm_text": "응 나 겨울에는 손이 너무 건조해서 ㅠ",
            "speaker": {
              "id": "1번",
              "sex": "여성",
              "age": "20대"
            },
            "speechAct": "(단언) 주장하기",
            "morpheme": "응/IC+나/NP+겨울/NNG+에/JKB+는/JX+손/NNG+이/JKS+너무/MAG+건조/NNG+해서/XSV+EC+ㅠ/UNKNOWN"
          },
          {
            "id": 9,
            "text": "2 : 그래 **이 너가 남는 거 좀 줘",
            "norm_text": "그래 **이 너가 남는 거 좀 줘",
            "speaker": {
              "id": "2번",
              "sex": "남성",
              "age": "20대"
            },
            "speechAct": "(지시) 명령/요구하기",
            "morpheme": "그래/VA+EC+*/SY+*/SY+이/JKS+너/NP+가/JKS+남/VV+는/ETM+거/NNB+좀/MAG+줘/VV+EC"
          },
          {
            "id": 10,
            "text": "3 : 응 내일 만나면 바로 줄께!",
            "norm_text": "응 내일 만나면 바로 줄께!",
            "speaker": {
              "id": "3번",
              "sex": "남성",
              "age": "20대"
            },
            "speechAct": "(언약) 약속하기(제3자와)/(개인적 수준)",
            "morpheme": "응/IC+내일/MAG+만나/VV+면/EC+바로/MAG+줄께/VV+EF"
          },
          {
            "id": 11,
            "text": "1 : 이번 겨울은 많이 안 추웠으면 좋겠다",
            "norm_text": "이번 겨울은 많이 안 추웠으면 좋겠다",
            "speaker": {
              "id": "1번",
              "sex": "여성",
              "age": "20대"
            },
            "speechAct": "(단언) 주장하기",
            "morpheme": "이번/NNG+겨울/NNG+은/JX+많이/MAG+안/MAG+추웠/VA+EP+으면/EC+좋/VA+겠/EP+다/EC"
          },
          {
            "id": 12,
            "text": "2 : 맞아 저번에 액체류 택배 다 얼었잖아",
            "norm_text": "맞아 저번에 액체류 택배 다 얼었잖아",
            "speaker": {
              "id": "2번",
              "sex": "남성",
              "age": "20대"
            },
            "speechAct": "(단언) 진술하기",
            "morpheme": "맞/VV+아/EC+저번/NNG+에/JKB+액체/NNG+류/XSN+택배/NNG+다/MAG+얼/VV+었잖/EC+VX+아/EC"
          },
          {
            "id": 13,
            "text": "3 : 맞아 키키 내 택배도 얼었었어 키키 기억나",
            "norm_text": "맞아 키키 내 택배도 얼었었어 키키 기억나",
            "speaker": {
              "id": "3번",
              "sex": "남성",
              "age": "20대"
            },
            "speechAct": "(단언) 진술하기",
            "morpheme": "맞/VV+아/EC+키/NNG+키/XSV+ETN+내/NP+JKG+택배/NNG+도/JX+얼/VV+었었/EP+어/EC+키/NNG+키/XSV+ETN+기억나/VV+EC"
          },
          {
            "id": 14,
            "text": "1 : 키키 헐 맞아 그 정도로 추웠었지",
            "norm_text": "키키 헐 맞아 그 정도로 추웠었지",
            "speaker": {
              "id": "1번",
              "sex": "여성",
              "age": "20대"
            },
            "speechAct": "(단언) 주장하기",
            "morpheme": "키/NNG+키/NNG+헐/XSV+JKO+맞/VV+아/EC+그/MM+정도/NNG+로/JKB+추웠/VA+EP+었/EP+지/EC"
          },
          {
            "id": 15,
            "text": "2 : 이번에도 그만큼 추울 거 같은데?",
            "norm_text": "이번에도 그만큼 추울 거 같은데?",
            "speaker": {
              "id": "2번",
              "sex": "남성",
              "age": "20대"
            },
            "speechAct": "(단언) 주장하기",
            "morpheme": "이번/NNG+에/JKB+도/JX+그만큼/MAG+추울/VA+ETM+거/NNB+같/VA+은데/EF"
          },
          {
            "id": 16,
            "text": "3 : 맞아 요즘 날씨도 이상해서 ㅠ",
            "norm_text": "맞아 요즘 날씨도 이상해서 ㅠ",
            "speaker": {
              "id": "3번",
              "sex": "남성",
              "age": "20대"
            },
            "speechAct": "(단언) 주장하기",
            "morpheme": "맞/VV+아/EC+요즘/NNG+날씨/NNG+도/JX+이상/NNG+해서/XSV+EC+ㅠ/UNKNOWN"
          },
          {
            "id": 17,
            "text": "1 : 이번 겨울도 우리 따뜻하게 보내자!",
            "norm_text": "이번 겨울도 우리 따뜻하게 보내자!",
            "speaker": {
              "id": "1번",
              "sex": "여성",
              "age": "20대"
            },
            "speechAct": "(단언) 주장하기",
            "morpheme": "이번/NNG+겨울/NNG+도/JX+우리/NP+따뜻/XR+하/XSA+게/EC+보내/VV+자/EF"
          },
          {
            "id": 18,
            "text": "2 : 맞아, 아무리 추워도 마음은 따뜻하니까",
            "norm_text": "맞아, 아무리 추워도 마음은 따뜻하니까",
            "speaker": {
              "id": "2번",
              "sex": "남성",
              "age": "20대"
            },
            "speechAct": "(단언) 주장하기",
            "morpheme": "맞/VV+아/EC+,/SC+아무리/MAG+추워도/VA+EC+마음/NNG+은/JX+따뜻/XR+하/XSA+니까/EC"
          },
          {
            "id": 19,
            "text": "3 : 아 저런 말투 너무 오글거려 키키",
            "norm_text": "아 저런 말투 너무 오글거려 키키",
            "speaker": {
              "id": "3번",
              "sex": "남성",
              "age": "20대"
            },
            "speechAct": "(단언) 주장하기",
            "morpheme": "아/IC+저런/MM+말투/NNG+너무/MAG+오/NR+글/NNG+거려/XSV+EC+키/NNG+키/XSV+ETN"
          }
        ]
      }
    }
  ]
}