{
  "dataset": {
    "identifier": 549,
    "name": "NATEON_24_20_set",
    "src_path": "/data/file/cubeManager/PROJECT001/7/txt20210827181432067920/NATEON_24_20_set/",
    "label_path": "/data/file/cubeManager/PROJECT001/7/txt20210827181432067920/NATEON_24_20_set/",
    "category": 2,
    "type": 0
  },
  "licenses": {
    "name": "Apache License 1.0",
    "url": "http://www.apache.org/licenses/LICENSE-1.0"
  },
  "info": [
    {
      "id": 867,
      "filename": "NATEON_24_20.txt",
      "title": "NATEON_24_20",
      "mediatype": "메신저",
      "medianame": "네이트온",
      "category": "일상대화",
      "date": "2021-08-27",
      "size": 1022,
      "annotations": {
        "subject": "영화/만화",
        "speaker_type": "1:1",
        "size": 1022,
        "word_size": 330,
        "text": "1 : 영화는 보통 어떤 장르 즐겨 봐?\n2 : 나는 로코 제일 좋아해\n2 : 그런 거 보면 괜히 내가 기분 좋아지더라 하하\n2 : 너는 어떤 장르 좋아해?\n1 : 나도 로코!\n1 : 로코나 하이틴 같은 거 가볍게 볼 수 있어서 좋아해 키키\n1 : 좀 분위기 어두운 장르는 별로 안 좋아하는 편...\n1 : 좋아하는 배우는 따로 있어?\n2 : 외국 배우는 그냥 영화에서나 몰입해서 봤지 딱히 좋아한다고 하긴 그렇고 국내 배우에서는 현빈 좋아해\n2 : 잘생겼어 ㅠㅠ\n2 : 너는 누구 좋아해?\n1 : 아항 나는 공유... 헤헤\n1 : 인상 깊었던 드라마나 영화 속 캐릭터는 뭐야?\n2 : 나는 인생 드라마인 동백꽃 필 무렵에서 공효진도 인상 깊었고 리틀 포레스트에 김태리 역도 좋았어\n2 : 그렇게 살고 싶다는 생각이 들었지\n2 : 보고 빠졌던 ost는 뭐가 있어?\n1 : 나의 아저씨 ost 중에 어른이라고 있는데 엄청 좋아!\n1 : 맞아 리틀 포레스트 좋긴 했어~\n2 : 나는 동백이 ost 완전 다 빠져 살았거든\n2 : 드라마 자체가 인기 많았어서 노래도 유명했는데 아는 거 있어?\n1 : 글쎄 나도 그 드라마 봤는데 노래 제목은 모르겠다!\n1 : 나는 아무리 공유가 좋아도 부산행 같은 장르는 못 보겠더라\n2 : 좀비물 안 좋아하나 보구나?\n2 : 나는 부산행도 재밌어서 되게 여러 번 봤는데\n2 : 막 명절 때도 특선 영화로 하고 있는데 보고 또 보고 했어\n1 : 그래?\n1 : 나는 별로야...\n1 : 추격자 같이 엄청 잔인한 것도 별로고 하하\n1 : 너무 소름이었어 저 영화는\n2 : 추격자는 마지막 장면이 기억에 남지\n2 : 그거 소름인 건 인정인데 어떻게 영화를 그렇게 만들었나 싶어서 것도 여러 번 봤어 하하\n1 : 그걸 여러 번 보다니 대단하다 ㅠㅠ\n1 : 베이비 드라이버라는 영화 알아?\n2 : 아니 처음 들어보는데 무슨 영화야?\n2 : 재밌어?\n1 : 응 재밌어!\n1 : 베이비라는 애가 운전을 엄청 잘 하는 애라서 막 도둑질? 같은 임무에 투입되는 얘기야\n1 : 주말에 시간 나면 봐봐~\n2 : 아아 나 그거 봤다!\n2 : 나도 엄청 재밌게 봤어\n2 : 나중에 또 추천해 줘",
        "lines": [
          {
            "id": 1,
            "text": "1 : 영화는 보통 어떤 장르 즐겨 봐?",
            "norm_text": "영화는 보통 어떤 장르 즐겨 봐?",
            "speaker": {
              "id": "1번",
              "sex": "여성",
              "age": "20대"
            },
            "speechAct": "(지시) 질문하기",
            "morpheme": "영화/NNG+는/JX+보통/MAJ+어떤/MM+장르/NNG+즐겨/VV+EC+봐/VX+EF"
          },
          {
            "id": 2,
            "text": "2 : 나는 로코 제일 좋아해",
            "norm_text": "나는 로코 제일 좋아해",
            "speaker": {
              "id": "2번",
              "sex": "여성",
              "age": "20대"
            },
            "speechAct": "(단언) 주장하기",
            "morpheme": "나/NP+는/JX+로코/NNG+제일/MAG+좋아해/VV+EC"
          },
          {
            "id": 3,
            "text": "2 : 그런 거 보면 괜히 내가 기분 좋아지더라 하하",
            "norm_text": "그런 거 보면 괜히 내가 기분 좋아지더라 하하",
            "speaker": {
              "id": "2번",
              "sex": "여성",
              "age": "20대"
            },
            "speechAct": "(단언) 주장하기",
            "morpheme": "그런/MM+거/NNB+보/VV+면/EC+괜히/MAG+내/NP+가/JKS+기분/NNG+좋/VA+아/EC+지/VX+더라/EC+하하/MAG"
          },
          {
            "id": 4,
            "text": "2 : 너는 어떤 장르 좋아해?",
            "norm_text": "너는 어떤 장르 좋아해?",
            "speaker": {
              "id": "2번",
              "sex": "여성",
              "age": "20대"
            },
            "speechAct": "(지시) 질문하기",
            "morpheme": "너/NP+는/JX+어떤/MM+장르/NNG+좋/VA+아/EC+해/VX+EF"
          },
          {
            "id": 5,
            "text": "1 : 나도 로코!",
            "norm_text": "나도 로코!",
            "speaker": {
              "id": "1번",
              "sex": "여성",
              "age": "20대"
            },
            "speechAct": "(단언) 주장하기",
            "morpheme": "나/NP+도/JX+로코/NNG"
          },
          {
            "id": 6,
            "text": "1 : 로코나 하이틴 같은 거 가볍게 볼 수 있어서 좋아해 키키",
            "norm_text": "로코나 하이틴 같은 거 가볍게 볼 수 있어서 좋아해 키키",
            "speaker": {
              "id": "1번",
              "sex": "여성",
              "age": "20대"
            },
            "speechAct": "(단언) 주장하기",
            "morpheme": "로코/NNG+나/JC+하이틴/NNG+같/VA+은/ETM+거/NNB+가볍/VA+게/EC+볼/VX+ETM+수/NNB+있/VV+어서/EC+좋아해/VV+EC+키/NNG+키/XSV+ETN"
          },
          {
            "id": 7,
            "text": "1 : 좀 분위기 어두운 장르는 별로 안 좋아하는 편...",
            "norm_text": "좀 분위기 어두운 장르는 별로 안 좋아하는 편...",
            "speaker": {
              "id": "1번",
              "sex": "여성",
              "age": "20대"
            },
            "speechAct": "(단언) 주장하기",
            "morpheme": "좀/MAG+분위기/NNG+어두운/VA+ETM+장르/NNG+는/JX+별로/MAG+안/MAG+좋아하/VV+는/ETM+편/NNB+./SY"
          },
          {
            "id": 8,
            "text": "1 : 좋아하는 배우는 따로 있어?",
            "norm_text": "좋아하는 배우는 따로 있어?",
            "speaker": {
              "id": "1번",
              "sex": "여성",
              "age": "20대"
            },
            "speechAct": "(단언) 진술하기",
            "morpheme": "좋/VA+아/EC+하/VV+는/ETM+배우/NNG+는/JX+따로/MAG+있/VV+어/EF"
          },
          {
            "id": 9,
            "text": "2 : 외국 배우는 그냥 영화에서나 몰입해서 봤지 딱히 좋아한다고 하긴 그렇고 국내 배우에서는 현빈 좋아해",
            "norm_text": "외국 배우는 그냥 영화에서나 몰입해서 봤지 딱히 좋아한다고 하긴 그렇고 국내 배우에서는 현빈 좋아해",
            "speaker": {
              "id": "2번",
              "sex": "여성",
              "age": "20대"
            },
            "speechAct": "(단언) 주장하기",
            "morpheme": "외국/NNG+배우/NNG+는/JX+그냥/MAG+영화/NNG+에서/JKB+나/JX+몰입/NNG+해서/XSV+EC+봤/VX+EP+지/EC+딱히/MAG+좋/VA+아/EC+한다고/VX+EC+하/VV+긴/ETN+JX+그렇/VA+고/EC+국내/NNG+배우/NNG+에서/JKB+는/JX+현빈/NNP+좋/VA+아/EC+해/VV+EC"
          },
          {
            "id": 10,
            "text": "2 : 잘생겼어 ㅠㅠ",
            "norm_text": "잘생겼어 ㅠㅠ",
            "speaker": {
              "id": "2번",
              "sex": "여성",
              "age": "20대"
            },
            "speechAct": "(단언) 주장하기",
            "morpheme": "잘/MAG+생겼/VV+EP+어/EF+ㅠㅠ/UNKNOWN"
          },
          {
            "id": 11,
            "text": "2 : 너는 누구 좋아해?",
            "norm_text": "너는 누구 좋아해?",
            "speaker": {
              "id": "2번",
              "sex": "여성",
              "age": "20대"
            },
            "speechAct": "(지시) 질문하기",
            "morpheme": "너/NP+는/JX+누구/NP+좋/VA+아/EC+해/VX+EF"
          },
          {
            "id": 12,
            "text": "1 : 아항 나는 공유... 헤헤",
            "norm_text": "아항 나는 공유... 헤헤",
            "speaker": {
              "id": "1번",
              "sex": "여성",
              "age": "20대"
            },
            "speechAct": "(단언) 주장하기",
            "morpheme": "아항/IC+나/NP+는/JX+공유/NNG+./SY+./SY+헤헤/MAG"
          },
          {
            "id": 13,
            "text": "1 : 인상 깊었던 드라마나 영화 속 캐릭터는 뭐야?",
            "norm_text": "인상 깊었던 드라마나 영화 속 캐릭터는 뭐야?",
            "speaker": {
              "id": "1번",
              "sex": "여성",
              "age": "20대"
            },
            "speechAct": "(지시) 질문하기",
            "morpheme": "인상/NNG+깊/VA+었/EP+던/ETM+드라마/NNG+나/JC+영화/NNG+속/NNG+캐릭터/NNG+는/JX+뭐/NP+야/VCP+EF"
          },
          {
            "id": 14,
            "text": "2 : 나는 인생 드라마인 동백꽃 필 무렵에서 공효진도 인상 깊었고 리틀 포레스트에 김태리 역도 좋았어",
            "norm_text": "나는 인생 드라마인 동백꽃 필 무렵에서 공효진도 인상 깊었고 리틀 포레스트에 김태리 역도 좋았어",
            "speaker": {
              "id": "2번",
              "sex": "여성",
              "age": "20대"
            },
            "speechAct": "(단언) 주장하기",
            "morpheme": "나/NP+는/JX+인생/NNG+드라마/NNG+인/VCP+ETM+동백/NNG+꽃필/VV+ETM+무렵/NNB+에서/JKB+공효진/NNP+도/JX+인상깊/VA+었/EP+고/EC+리틀/NNP+포레스트/NNP+에/JKB+김/NNP+태리/NNP+역/NNG+도/JX+좋/VA+았/EP+어/EC"
          },
          {
            "id": 15,
            "text": "2 : 그렇게 살고 싶다는 생각이 들었지",
            "norm_text": "그렇게 살고 싶다는 생각이 들었지",
            "speaker": {
              "id": "2번",
              "sex": "여성",
              "age": "20대"
            },
            "speechAct": "(단언) 주장하기",
            "morpheme": "그렇게/MAG+살/VV+고/EC+싶/VX+다는/ETM+생각/NNG+이/JKS+들/VV+었/EP+지/EC"
          },
          {
            "id": 16,
            "text": "2 : 보고 빠졌던 ost는 뭐가 있어?",
            "norm_text": "보고 빠졌던 ost는 뭐가 있어?",
            "speaker": {
              "id": "2번",
              "sex": "여성",
              "age": "20대"
            },
            "speechAct": "(지시) 질문하기",
            "morpheme": "보/VV+고/EC+빠졌/VV+EP+던/ETM+ost/SL+는/JX+뭐/NP+가/JKS+있/VA+어/EF"
          },
          {
            "id": 17,
            "text": "1 : 나의 아저씨 ost 중에 어른이라고 있는데 엄청 좋아!",
            "norm_text": "나의 아저씨 ost 중에 어른이라고 있는데 엄청 좋아!",
            "speaker": {
              "id": "1번",
              "sex": "여성",
              "age": "20대"
            },
            "speechAct": "(단언) 주장하기",
            "morpheme": "나/NP+의/JKG+아저씨/NNG+ost/SL+중/NNB+에/JKB+어른/NNG+이/VCP+라고/EC+있/VX+는데/EC+엄청/MAG+좋/VA+아/EF"
          },
          {
            "id": 18,
            "text": "1 : 맞아 리틀 포레스트 좋긴 했어~",
            "norm_text": "맞아 리틀 포레스트 좋긴 했어~",
            "speaker": {
              "id": "1번",
              "sex": "여성",
              "age": "20대"
            },
            "speechAct": "(단언) 주장하기",
            "morpheme": "맞/VV+아/EC+리틀/NNP+포레스트/NNP+좋/VA+긴/ETN+JX+했/VX+EP+어/EC+~/SY"
          },
          {
            "id": 19,
            "text": "2 : 나는 동백이 ost 완전 다 빠져 살았거든",
            "norm_text": "나는 동백이 ost 완전 다 빠져 살았거든",
            "speaker": {
              "id": "2번",
              "sex": "여성",
              "age": "20대"
            },
            "speechAct": "(단언) 주장하기",
            "morpheme": "나/NP+는/JX+동백/NNG+이/JKS+ost/SL+완전/MAG+다/MAG+빠져/VV+EC+살/VV+았/EP+거든/EC"
          },
          {
            "id": 20,
            "text": "2 : 드라마 자체가 인기 많았어서 노래도 유명했는데 아는 거 있어?",
            "norm_text": "드라마 자체가 인기 많았어서 노래도 유명했는데 아는 거 있어?",
            "speaker": {
              "id": "2번",
              "sex": "여성",
              "age": "20대"
            },
            "speechAct": "(지시) 질문하기",
            "morpheme": "드라마/NNG+자체/NNG+가/JKS+인기/NNG+많/VA+았/EP+어서/EC+노래/NNG+도/JX+유명/NNG+했/XSV+EP+는데/EC+아/VV+는/ETM+거/NNB+있/VA+어/EF"
          },
          {
            "id": 21,
            "text": "1 : 글쎄 나도 그 드라마 봤는데 노래 제목은 모르겠다!",
            "norm_text": "글쎄 나도 그 드라마 봤는데 노래 제목은 모르겠다!",
            "speaker": {
              "id": "1번",
              "sex": "여성",
              "age": "20대"
            },
            "speechAct": "(단언) 진술하기",
            "morpheme": "글쎄/IC+나/NP+도/JX+그/MM+드라마/NNG+봤/VV+EP+는데/EC+노래/NNG+제목/NNG+은/JX+모르/VV+겠/EP+다/EF"
          },
          {
            "id": 22,
            "text": "1 : 나는 아무리 공유가 좋아도 부산행 같은 장르는 못 보겠더라",
            "norm_text": "나는 아무리 공유가 좋아도 부산행 같은 장르는 못 보겠더라",
            "speaker": {
              "id": "1번",
              "sex": "여성",
              "age": "20대"
            },
            "speechAct": "(단언) 주장하기",
            "morpheme": "나/NP+는/JX+아무리/MAG+공유/NNG+가/JKS+좋/VA+아도/EC+부산/NNP+행/XSN+같/VA+은/ETM+장르/NNG+는/JX+못/MAG+보/VV+겠/EP+더라/EC"
          },
          {
            "id": 23,
            "text": "2 : 좀비물 안 좋아하나 보구나?",
            "norm_text": "좀비물 안 좋아하나 보구나?",
            "speaker": {
              "id": "2번",
              "sex": "여성",
              "age": "20대"
            },
            "speechAct": "(단언) 주장하기",
            "morpheme": "좀/MAG+비/XPN+물/NNG+안/MAG+좋/VA+아/EC+하나/NR+보/VV+구나/EF"
          },
          {
            "id": 24,
            "text": "2 : 나는 부산행도 재밌어서 되게 여러 번 봤는데",
            "norm_text": "나는 부산행도 재밌어서 되게 여러 번 봤는데",
            "speaker": {
              "id": "2번",
              "sex": "여성",
              "age": "20대"
            },
            "speechAct": "(단언) 진술하기",
            "morpheme": "나/NP+는/JX+부/XPN+산행/NNG+도/JX+재밌/VA+어서/EC+되게/MAG+여러/MM+번/NNBC+봤/VV+EP+는데/EC"
          },
          {
            "id": 25,
            "text": "2 : 막 명절 때도 특선 영화로 하고 있는데 보고 또 보고 했어",
            "norm_text": "막 명절 때도 특선 영화로 하고 있는데 보고 또 보고 했어",
            "speaker": {
              "id": "2번",
              "sex": "여성",
              "age": "20대"
            },
            "speechAct": "(단언) 진술하기",
            "morpheme": "막/MAJ+명절/NNG+때/NNG+도/JX+특선/NNG+영화/NNG+로/JKB+하/VV+고/EC+있/VX+는데/EC+보/VX+고/EC+또/MAG+보/VV+고/EC+했/VX+EP+어/EC"
          },
          {
            "id": 26,
            "text": "1 : 그래?",
            "norm_text": "그래?",
            "speaker": {
              "id": "1번",
              "sex": "여성",
              "age": "20대"
            },
            "speechAct": "턴토크 사인(관습적 반응)",
            "morpheme": "그래/IC"
          },
          {
            "id": 27,
            "text": "1 : 나는 별로야...",
            "norm_text": "나는 별로야...",
            "speaker": {
              "id": "1번",
              "sex": "여성",
              "age": "20대"
            },
            "speechAct": "(단언) 주장하기",
            "morpheme": "나/NP+는/JX+별로/MAG+야/VCP+EF+./SY"
          },
          {
            "id": 28,
            "text": "1 : 추격자 같이 엄청 잔인한 것도 별로고 하하",
            "norm_text": "추격자 같이 엄청 잔인한 것도 별로고 하하",
            "speaker": {
              "id": "1번",
              "sex": "여성",
              "age": "20대"
            },
            "speechAct": "(단언) 주장하기",
            "morpheme": "추격자/NNG+같이/JKB+엄청/MAG+잔인/XR+한/XSA+ETM+것/NNB+도/JX+별로/MAG+고하/NNG+하/XSV"
          },
          {
            "id": 29,
            "text": "1 : 너무 소름이었어 저 영화는",
            "norm_text": "너무 소름이었어 저 영화는",
            "speaker": {
              "id": "1번",
              "sex": "여성",
              "age": "20대"
            },
            "speechAct": "(단언) 주장하기",
            "morpheme": "너무/MAG+소름/NNG+이/VCP+었/EP+어/EF+저/MM+영화/NNG+는/JX"
          },
          {
            "id": 30,
            "text": "2 : 추격자는 마지막 장면이 기억에 남지",
            "norm_text": "추격자는 마지막 장면이 기억에 남지",
            "speaker": {
              "id": "2번",
              "sex": "여성",
              "age": "20대"
            },
            "speechAct": "(단언) 주장하기",
            "morpheme": "추격자/NNG+는/JX+마지막/NNG+장면/NNG+이/JKS+기억/NNG+에/JKB+남/VV+지/EC"
          },
          {
            "id": 31,
            "text": "2 : 그거 소름인 건 인정인데 어떻게 영화를 그렇게 만들었나 싶어서 것도 여러 번 봤어 하하",
            "norm_text": "그거 소름인 건 인정인데 어떻게 영화를 그렇게 만들었나 싶어서 것도 여러 번 봤어 하하",
            "speaker": {
              "id": "2번",
              "sex": "여성",
              "age": "20대"
            },
            "speechAct": "(단언) 진술하기",
            "morpheme": "그거/NP+소름/NNG+인/VCP+ETM+건/NNB+JX+인정/NNG+인데/VCP+EC+어떻게/MAG+영화/NNG+를/JKO+그렇게/MAG+만들/VV+었/EP+나/EC+싶/VX+어서/EC+것/NNB+도/JX+여러/MM+번/NNBC+봤/VV+EP+어/EC+하하/MAG"
          },
          {
            "id": 32,
            "text": "1 : 그걸 여러 번 보다니 대단하다 ㅠㅠ",
            "norm_text": "그걸 여러 번 보다니 대단하다 ㅠㅠ",
            "speaker": {
              "id": "1번",
              "sex": "여성",
              "age": "20대"
            },
            "speechAct": "(단언) 주장하기",
            "morpheme": "그걸/NP+JKO+여러/MM+번/NNBC+보/VV+다니/EC+대단/XR+하/XSA+다/EF+ㅠㅠ/UNKNOWN"
          },
          {
            "id": 33,
            "text": "1 : 베이비 드라이버라는 영화 알아?",
            "norm_text": "베이비 드라이버라는 영화 알아?",
            "speaker": {
              "id": "1번",
              "sex": "여성",
              "age": "20대"
            },
            "speechAct": "(지시) 질문하기",
            "morpheme": "베이비/NNP+드라이버/NNP+라는/VCP+ETM+영화/NNG+알/VV+아/EF"
          },
          {
            "id": 34,
            "text": "2 : 아니 처음 들어보는데 무슨 영화야?",
            "norm_text": "아니 처음 들어보는데 무슨 영화야?",
            "speaker": {
              "id": "2번",
              "sex": "여성",
              "age": "20대"
            },
            "speechAct": "(지시) 질문하기",
            "morpheme": "아니/IC+처음/MAG+들/VV+어/EC+보/VX+는데/EC+무슨/MM+영화/NNG+야/VCP+EF"
          },
          {
            "id": 35,
            "text": "2 : 재밌어?",
            "norm_text": "재밌어?",
            "speaker": {
              "id": "2번",
              "sex": "여성",
              "age": "20대"
            },
            "speechAct": "(지시) 질문하기",
            "morpheme": "재밌/VA+어/EF"
          },
          {
            "id": 36,
            "text": "1 : 응 재밌어!",
            "norm_text": "응 재밌어!",
            "speaker": {
              "id": "1번",
              "sex": "여성",
              "age": "20대"
            },
            "speechAct": "(단언) 주장하기",
            "morpheme": "응/IC+재밌/VA+어/EF"
          },
          {
            "id": 37,
            "text": "1 : 베이비라는 애가 운전을 엄청 잘 하는 애라서 막 도둑질? 같은 임무에 투입되는 얘기야",
            "norm_text": "베이비라는 애가 운전을 엄청 잘 하는 애라서 막 도둑질? 같은 임무에 투입되는 얘기야",
            "speaker": {
              "id": "1번",
              "sex": "여성",
              "age": "20대"
            },
            "speechAct": "(단언) 진술하기",
            "morpheme": "베이비/NNG+라는/VCP+ETM+애/NNG+가/JKS+운전/NNG+을/JKO+엄청/MAG+잘/MAG+하/VV+는/ETM+애/NNG+라서/VCP+EC+막도/NNP+둑/NNG+질/XSN+같/VA+은/ETM+임무/NNG+에/JKB+투입/NNG+되/XSV+는/ETM+얘기/NNG+야/VCP+EF"
          },
          {
            "id": 38,
            "text": "1 : 주말에 시간 나면 봐봐~",
            "norm_text": "주말에 시간 나면 봐봐~",
            "speaker": {
              "id": "1번",
              "sex": "여성",
              "age": "20대"
            },
            "speechAct": "(지시) 충고/제안하기",
            "morpheme": "주말/NNG+에/JKB+시간/NNG+나/VV+면/EC+봐/VX+EC+봐/VX+EC+~/SY"
          },
          {
            "id": 39,
            "text": "2 : 아아 나 그거 봤다!",
            "norm_text": "아아 나 그거 봤다!",
            "speaker": {
              "id": "2번",
              "sex": "여성",
              "age": "20대"
            },
            "speechAct": "(단언) 진술하기",
            "morpheme": "아아나/NNP+그거/NP+봤/VV+EP+다/EF"
          },
          {
            "id": 40,
            "text": "2 : 나도 엄청 재밌게 봤어",
            "norm_text": "나도 엄청 재밌게 봤어",
            "speaker": {
              "id": "2번",
              "sex": "여성",
              "age": "20대"
            },
            "speechAct": "(단언) 주장하기",
            "morpheme": "나/NP+도/JX+엄청/MAG+재밌/VA+게/EC+봤/VX+EP+어/EC"
          },
          {
            "id": 41,
            "text": "2 : 나중에 또 추천해 줘",
            "norm_text": "나중에 또 추천해 줘",
            "speaker": {
              "id": "2번",
              "sex": "여성",
              "age": "20대"
            },
            "speechAct": "(표현) 인사하기",
            "morpheme": "나중/NNG+에/JKB+또/MAG+추천/NNG+해/XSV+EC+줘/VX+EC"
          }
        ]
      }
    }
  ]
}