{
  "dataset": {
    "identifier": 117291,
    "name": "NATEON_28_14_set",
    "src_path": "/data/file/cubeManager/PROJECT001/80/txt20211102103851065621/NATEON_28_14_set/",
    "label_path": "/data/file/cubeManager/PROJECT001/80/txt20211102103851065621/NATEON_28_14_set/",
    "category": 2,
    "type": 0
  },
  "licenses": {
    "name": "Apache License 1.0",
    "url": "http://www.apache.org/licenses/LICENSE-1.0"
  },
  "info": [
    {
      "id": 129857,
      "filename": "NATEON_28_14.txt",
      "title": "NATEON_28_14",
      "mediatype": "메신저",
      "medianame": "네이트온",
      "category": "일상대화",
      "date": "2021-11-02",
      "size": 437,
      "annotations": {
        "subject": "사회이슈",
        "speaker_type": "다자간 대화",
        "size": 437,
        "word_size": 148,
        "text": "1 : 이번에 덤프트럭 사건 봤어?\n2 : 덤프트럭? 사고 크게 난 거야?\n3 : 덤프트럭? 말만 들어도 무섭다\n1 : 응 사람이 안보여서 그대로 치고 갔나 봐\n2 : 헐 교통사고 아니고 일반 사람 친 거야? 대박\n3 : 아무래도 운전석이 높게 있어서 ㅠ\n1 : 응... 그냥 일반 사람을 쳤나 봐 ㅠ\n2 : 그 사람은 무사하데?\n2 : 어쩐다냐 진짜 ㅠㅠ\n3 : 아이고, 그 분은 무슨 죄야 ㅠ\n1 : 그러니까 ㅠ 큰 차는 항상 조심해야 해\n2 : 큰 차는 시야가 밑에는 안 보인다고 그러더라 ㅠㅠ\n3 : 나도 운전할 때 항상 조심해 ㅠ\n1 : 응 그러니까 운전할 때나 걸을 때 조심해!\n2 : 블박 영상 가끔 보는데 보면 진짜 무서워 ㅠㅠ\n3 : 맞아, 나도 유투브로 보는데 소름 돋더라\n1 : 응 항상 조심하자 우리!\n2 : 어어 진짜 항상 그래서 조심해야 해 ㅠㅠ\n3 : 그래 우리 항상 조심하면서 다니자!",
        "lines": [
          {
            "id": 1,
            "text": "1 : 이번에 덤프트럭 사건 봤어?",
            "norm_text": "이번에 덤프트럭 사건 봤어?",
            "speaker": {
              "id": "1번",
              "sex": "여성",
              "age": "20대"
            },
            "speechAct": "(지시) 질문하기",
            "morpheme": "이번/NNG+에/JKB+덤프트럭/NNG+사건/NNG+봤/VV+EP+어/EF"
          },
          {
            "id": 2,
            "text": "2 : 덤프트럭? 사고 크게 난 거야?",
            "norm_text": "덤프트럭? 사고 크게 난 거야?",
            "speaker": {
              "id": "2번",
              "sex": "여성",
              "age": "20대"
            },
            "speechAct": "(지시) 질문하기",
            "morpheme": "덤프트럭/NNG+?/SY+사고/NNG+크/VA+게/EC+난/VX+ETM+거/NNB+야/VCP+EF"
          },
          {
            "id": 3,
            "text": "3 : 덤프트럭? 말만 들어도 무섭다",
            "norm_text": "덤프트럭? 말만 들어도 무섭다",
            "speaker": {
              "id": "3번",
              "sex": "남성",
              "age": "20대"
            },
            "speechAct": "(단언) 주장하기",
            "morpheme": "덤프트럭/NNG+?/SY+말/NNG+만들/VV+어도/EC+무섭/VA+다/EC"
          },
          {
            "id": 4,
            "text": "1 : 응 사람이 안보여서 그대로 치고 갔나 봐",
            "norm_text": "응 사람이 안보여서 그대로 치고 갔나 봐",
            "speaker": {
              "id": "1번",
              "sex": "여성",
              "age": "20대"
            },
            "speechAct": "(단언) 진술하기",
            "morpheme": "응/IC+사람/NNG+이/JKS+안/MAG+보여서/VV+EC+그대로/MAG+치/VV+고/EC+갔/VV+EP+나/EC+봐/VX+EC"
          },
          {
            "id": 5,
            "text": "2 : 헐 교통사고 아니고 일반 사람 친 거야? 대박",
            "norm_text": "헐 교통사고 아니고 일반 사람 친 거야? 대박",
            "speaker": {
              "id": "2번",
              "sex": "여성",
              "age": "20대"
            },
            "speechAct": "(지시) 질문하기",
            "morpheme": "헐/IC+교통사고/NNG+아니/VCN+고/EC+일반/NNG+사람/NNG+친/VV+ETM+거/NNB+야/VCP+EF+대박/NNG"
          },
          {
            "id": 6,
            "text": "3 : 아무래도 운전석이 높게 있어서 ㅠ",
            "norm_text": "아무래도 운전석이 높게 있어서 ㅠ",
            "speaker": {
              "id": "3번",
              "sex": "남성",
              "age": "20대"
            },
            "speechAct": "(단언) 주장하기",
            "morpheme": "아무래도/MAG+운전석/NNG+이/JKS+높/VA+게/EC+있/VX+어서/EC+ㅠ/UNKNOWN"
          },
          {
            "id": 7,
            "text": "1 : 응... 그냥 일반 사람을 쳤나 봐 ㅠ",
            "norm_text": "응... 그냥 일반 사람을 쳤나 봐 ㅠ",
            "speaker": {
              "id": "1번",
              "sex": "여성",
              "age": "20대"
            },
            "speechAct": "(단언) 진술하기",
            "morpheme": "응/IC+./SY+그냥일반사람을쳤나봐ㅠ/UNKNOWN"
          },
          {
            "id": 8,
            "text": "2 : 그 사람은 무사하데?",
            "norm_text": "그 사람은 무사하데?",
            "speaker": {
              "id": "2번",
              "sex": "여성",
              "age": "20대"
            },
            "speechAct": "(지시) 질문하기",
            "morpheme": "그/MM+사람/NNG+은/JX+무사/XR+하/XSA+데/EF"
          },
          {
            "id": 9,
            "text": "2 : 어쩐다냐 진짜 ㅠㅠ",
            "norm_text": "어쩐다냐 진짜 ㅠㅠ",
            "speaker": {
              "id": "2번",
              "sex": "여성",
              "age": "20대"
            },
            "speechAct": "(단언) 주장하기",
            "morpheme": "어쩐다냐진짜ㅠㅠ/UNKNOWN"
          },
          {
            "id": 10,
            "text": "3 : 아이고, 그 분은 무슨 죄야 ㅠ",
            "norm_text": "아이고, 그 분은 무슨 죄야 ㅠ",
            "speaker": {
              "id": "3번",
              "sex": "남성",
              "age": "20대"
            },
            "speechAct": "(단언) 주장하기",
            "morpheme": "아이고/IC+,/SC+그분/NP+은/JX+무슨/MM+죄/NNG+야/VCP+EF+ㅠ/UNKNOWN"
          },
          {
            "id": 11,
            "text": "1 : 그러니까 ㅠ 큰 차는 항상 조심해야 해",
            "norm_text": "그러니까 ㅠ 큰 차는 항상 조심해야 해",
            "speaker": {
              "id": "1번",
              "sex": "여성",
              "age": "20대"
            },
            "speechAct": "(지시) 충고/제안하기",
            "morpheme": "그러니까/MAJ+ㅠ큰/UNKNOWN+차/NNG+는/JX+항상/MAG+조심/NNG+해야/XSV+EC+해/VV+EC"
          },
          {
            "id": 12,
            "text": "2 : 큰 차는 시야가 밑에는 안 보인다고 그러더라 ㅠㅠ",
            "norm_text": "큰 차는 시야가 밑에는 안 보인다고 그러더라 ㅠㅠ",
            "speaker": {
              "id": "2번",
              "sex": "여성",
              "age": "20대"
            },
            "speechAct": "(단언) 진술하기",
            "morpheme": "큰/VA+ETM+차/NNG+는/JX+시야/NNG+가/JKS+밑/NNG+에/JKB+는/JX+안/MAG+보인다고/VV+EC+그러/VV+더라/EF+ㅠㅠ/UNKNOWN"
          },
          {
            "id": 13,
            "text": "3 : 나도 운전할 때 항상 조심해 ㅠ",
            "norm_text": "나도 운전할 때 항상 조심해 ㅠ",
            "speaker": {
              "id": "3번",
              "sex": "남성",
              "age": "20대"
            },
            "speechAct": "(단언) 진술하기",
            "morpheme": "나/NP+도/JX+운전/NNG+할/XSV+ETM+때/NNG+항상/MAG+조심/NNG+해/XSV+EC+ㅠ/UNKNOWN"
          },
          {
            "id": 14,
            "text": "1 : 응 그러니까 운전할 때나 걸을 때 조심해!",
            "norm_text": "응 그러니까 운전할 때나 걸을 때 조심해!",
            "speaker": {
              "id": "1번",
              "sex": "여성",
              "age": "20대"
            },
            "speechAct": "(지시) 충고/제안하기",
            "morpheme": "응/IC+그러니까/MAJ+운전/NNG+할/XSV+ETM+때/NNG+나/JC+걸/NNG+을/JKO+때/NNG+조심/NNG+해/XSV+EF"
          },
          {
            "id": 15,
            "text": "2 : 블박 영상 가끔 보는데 보면 진짜 무서워 ㅠㅠ",
            "norm_text": "블박 영상 가끔 보는데 보면 진짜 무서워 ㅠㅠ",
            "speaker": {
              "id": "2번",
              "sex": "여성",
              "age": "20대"
            },
            "speechAct": "(단언) 주장하기",
            "morpheme": "블/NNG+박영상/NNP+가끔/MAG+보/VV+는데/EC+보/VX+면/EC+진짜/MAG+무서워/VA+EC+ㅠㅠ/UNKNOWN"
          },
          {
            "id": 16,
            "text": "3 : 맞아, 나도 유투브로 보는데 소름 돋더라",
            "norm_text": "맞아, 나도 유투브로 보는데 소름 돋더라",
            "speaker": {
              "id": "3번",
              "sex": "남성",
              "age": "20대"
            },
            "speechAct": "(단언) 주장하기",
            "morpheme": "맞/VV+아/EC+,/SC+나도유투브로보는데소름돋더라/UNKNOWN"
          },
          {
            "id": 17,
            "text": "1 : 응 항상 조심하자 우리!",
            "norm_text": "응 항상 조심하자 우리!",
            "speaker": {
              "id": "1번",
              "sex": "여성",
              "age": "20대"
            },
            "speechAct": "(지시) 충고/제안하기",
            "morpheme": "응/IC+항상/MAG+조심/NNG+하/XSV+자/EC+우리/NP"
          },
          {
            "id": 18,
            "text": "2 : 어어 진짜 항상 그래서 조심해야 해 ㅠㅠ",
            "norm_text": "어어 진짜 항상 그래서 조심해야 해 ㅠㅠ",
            "speaker": {
              "id": "2번",
              "sex": "여성",
              "age": "20대"
            },
            "speechAct": "(단언) 주장하기",
            "morpheme": "어/IC+어/IC+진짜/MAG+항상/MAG+그래서/MAJ+조심/NNG+해야/XSV+EC+해/VV+EC+ㅠㅠ/UNKNOWN"
          },
          {
            "id": 19,
            "text": "3 : 그래 우리 항상 조심하면서 다니자!",
            "norm_text": "그래 우리 항상 조심하면서 다니자!",
            "speaker": {
              "id": "3번",
              "sex": "남성",
              "age": "20대"
            },
            "speechAct": "(지시) 충고/제안하기",
            "morpheme": "그래/IC+우리/NP+항상/MAG+조심/NNG+하/XSV+면서/EC+다니/VV+자/EF"
          }
        ]
      }
    }
  ]
}