{
  "dataset": {
    "identifier": 99594,
    "name": "NATEON_27_12_set",
    "src_path": "/data/file/cubeManager/PROJECT001/77/txt202110271522110111106/NATEON_27_12_set/",
    "label_path": "/data/file/cubeManager/PROJECT001/77/txt202110271522110111106/NATEON_27_12_set/",
    "category": 2,
    "type": 0
  },
  "licenses": {
    "name": "Apache License 1.0",
    "url": "http://www.apache.org/licenses/LICENSE-1.0"
  },
  "info": [
    {
      "id": 99453,
      "filename": "NATEON_27_12.txt",
      "title": "NATEON_27_12",
      "mediatype": "메신저",
      "medianame": "네이트온",
      "category": "일상대화",
      "date": "2021-10-27",
      "size": 410,
      "annotations": {
        "subject": "여행",
        "speaker_type": "다자간 대화",
        "size": 410,
        "word_size": 141,
        "text": "1 : 나 이번에 제주도로 여행 가려고!\n2 : 제주도 어디 쪽에서 놀으려고?\n3 : 오 애월 쪽으로 놀러가봐\n1 : 아 그건 아직 생각 안 해봤는데 ㅠㅠ\n2 : 동쪽에 우도 있잖아 ㅠㅠ\n2 : 여긴 꼭 가!\n3 : 나도 제주도 한번도 안 가봤는데\n1 : 제주도에 갈 곳이 너무 많아서 어렵다ㅠ\n2 : 맞아 ㅠㅠ\n2 : 아래쪽에 마라도?\n2 : 난 여기 한번 가보고 싶어!\n3 : 아 마라도에 자장면이 유명하대\n3 : 거기 무한도전 나왔던 곳 아냐?\n1 : 무한도전도 나왔던 거 같은데 아마도?\n2 : 그 살림남? 이런 데에서도 나왔던 거 같은데 하하\n3 : 맞아\n3 : 마라도 엄청 유명해졌어\n1 : 키키 아 유명해지면 사람이 많아지던데 ㅠㅠ\n2 : 그래도 거긴 잘 안 갈 거 같아 키키\n2 : 더 많아지기 전에 우리 갔다 오자!\n3 : 오 그래\n3 : 다같이 가보자!",
        "lines": [
          {
            "id": 1,
            "text": "1 : 나 이번에 제주도로 여행 가려고!",
            "norm_text": "나 이번에 제주도로 여행 가려고!",
            "speaker": {
              "id": "1번",
              "sex": "여성",
              "age": "20대"
            },
            "speechAct": "(단언) 주장하기",
            "morpheme": "나/NP+이번/NNG+에/JKB+제주도/NNP+로/JKB+여행/NNG+가/VV+려고/EF"
          },
          {
            "id": 2,
            "text": "2 : 제주도 어디 쪽에서 놀으려고?",
            "norm_text": "제주도 어디 쪽에서 놀으려고?",
            "speaker": {
              "id": "2번",
              "sex": "여성",
              "age": "20대"
            },
            "speechAct": "(지시) 질문하기",
            "morpheme": "제주도/NNP+어디/NP+쪽/NNB+에서/JKB+놀/VV+으려고/EF"
          },
          {
            "id": 3,
            "text": "3 : 오 애월 쪽으로 놀러가봐",
            "norm_text": "오 애월 쪽으로 놀러가봐",
            "speaker": {
              "id": "3번",
              "sex": "남성",
              "age": "20대"
            },
            "speechAct": "(단언) 주장하기",
            "morpheme": "오애/NNG+월/NNG+쪽/NNB+으로/JKB+놀러/NNP+가/JKS+봐/VV+EC"
          },
          {
            "id": 4,
            "text": "1 : 아 그건 아직 생각 안 해봤는데 ㅠㅠ",
            "norm_text": "아 그건 아직 생각 안 해봤는데 ㅠㅠ",
            "speaker": {
              "id": "1번",
              "sex": "여성",
              "age": "20대"
            },
            "speechAct": "(단언) 주장하기",
            "morpheme": "아/IC+그건/NP+JX+아직/MAG+생각/NNG+안/MAG+해/VV+EC+봤/VX+EP+는데/EC+ㅠㅠ/UNKNOWN"
          },
          {
            "id": 5,
            "text": "2 : 동쪽에 우도 있잖아 ㅠㅠ",
            "norm_text": "동쪽에 우도 있잖아 ㅠㅠ",
            "speaker": {
              "id": "2번",
              "sex": "여성",
              "age": "20대"
            },
            "speechAct": "(단언) 주장하기",
            "morpheme": "동쪽/NNG+에/JKB+우/VV+도/EC+있/VX+잖아/EF+ㅠㅠ/UNKNOWN"
          },
          {
            "id": 6,
            "text": "2 : 여긴 꼭 가!",
            "norm_text": "여긴 꼭 가!",
            "speaker": {
              "id": "2번",
              "sex": "여성",
              "age": "20대"
            },
            "speechAct": "(단언) 주장하기",
            "morpheme": "여긴/NP+JX+꼭/MAG+가/VV+EF"
          },
          {
            "id": 7,
            "text": "3 : 나도 제주도 한번도 안 가봤는데",
            "norm_text": "나도 제주도 한번도 안 가봤는데",
            "speaker": {
              "id": "3번",
              "sex": "남성",
              "age": "20대"
            },
            "speechAct": "(단언) 진술하기",
            "morpheme": "나/NP+도/JX+제주도/NNP+한/MM+번/NNBC+도/JX+안/MAG+가/VV+EC+봤/VX+EP+는데/EC"
          },
          {
            "id": 8,
            "text": "1 : 제주도에 갈 곳이 너무 많아서 어렵다ㅠ",
            "norm_text": "제주도에 갈 곳이 너무 많아서 어렵다ㅠ",
            "speaker": {
              "id": "1번",
              "sex": "여성",
              "age": "20대"
            },
            "speechAct": "(단언) 주장하기",
            "morpheme": "제주도/NNP+에/JKB+갈/VV+ETM+곳/NNG+이/JKS+너무/MAG+많/VA+아서/EC+어렵/VA+다/EF+ㅠ/UNKNOWN"
          },
          {
            "id": 9,
            "text": "2 : 맞아 ㅠㅠ",
            "norm_text": "맞아 ㅠㅠ",
            "speaker": {
              "id": "2번",
              "sex": "여성",
              "age": "20대"
            },
            "speechAct": "(단언) 주장하기",
            "morpheme": "맞아ㅠㅠ/UNKNOWN"
          },
          {
            "id": 10,
            "text": "2 : 아래쪽에 마라도?",
            "norm_text": "아래쪽에 마라도?",
            "speaker": {
              "id": "2번",
              "sex": "여성",
              "age": "20대"
            },
            "speechAct": "(단언) 주장하기",
            "morpheme": "아래쪽/NNG+에/JKB+마/VV+라도/EF"
          },
          {
            "id": 11,
            "text": "2 : 난 여기 한번 가보고 싶어!",
            "norm_text": "난 여기 한번 가보고 싶어!",
            "speaker": {
              "id": "2번",
              "sex": "여성",
              "age": "20대"
            },
            "speechAct": "(단언) 주장하기",
            "morpheme": "난/NP+JX+여기/NP+한/MM+번/NNBC+가/JKS+보/VV+고/EC+싶/VX+어/EF"
          },
          {
            "id": 12,
            "text": "3 : 아 마라도에 자장면이 유명하대",
            "norm_text": "아 마라도에 자장면이 유명하대",
            "speaker": {
              "id": "3번",
              "sex": "남성",
              "age": "20대"
            },
            "speechAct": "(단언) 진술하기",
            "morpheme": "아마/NNG+라도/VCP+EC+에/JKB+자장면/NNG+이/JKS+유명/NNG+하대/NNG"
          },
          {
            "id": 13,
            "text": "3 : 거기 무한도전 나왔던 곳 아냐?",
            "norm_text": "거기 무한도전 나왔던 곳 아냐?",
            "speaker": {
              "id": "3번",
              "sex": "남성",
              "age": "20대"
            },
            "speechAct": "(지시) 질문하기",
            "morpheme": "거기/NP+무한도전/NNP+나왔/VV+EP+던/ETM+곳/NNB+아냐/VCN+EF"
          },
          {
            "id": 14,
            "text": "1 : 무한도전도 나왔던 거 같은데 아마도?",
            "norm_text": "무한도전도 나왔던 거 같은데 아마도?",
            "speaker": {
              "id": "1번",
              "sex": "여성",
              "age": "20대"
            },
            "speechAct": "(단언) 주장하기",
            "morpheme": "무한도전/NNP+도/JX+나왔/VV+EP+던/ETM+거/NNB+같/VA+은데/EC+아마도/MAG"
          },
          {
            "id": 15,
            "text": "2 : 그 살림남? 이런 데에서도 나왔던 거 같은데 하하",
            "norm_text": "그 살림남? 이런 데에서도 나왔던 거 같은데 하하",
            "speaker": {
              "id": "2번",
              "sex": "여성",
              "age": "20대"
            },
            "speechAct": "(단언) 주장하기",
            "morpheme": "그/MM+살림/NNG+남/NNG+이런/MM+데/NNB+에서/JKB+도/JX+나왔/VV+EP+던/ETM+거/NNB+같/VA+은데/EC+하하/MAG"
          },
          {
            "id": 16,
            "text": "3 : 맞아",
            "norm_text": "맞아",
            "speaker": {
              "id": "3번",
              "sex": "남성",
              "age": "20대"
            },
            "speechAct": "(단언) 주장하기",
            "morpheme": "맞/VV+아/EC"
          },
          {
            "id": 17,
            "text": "3 : 마라도 엄청 유명해졌어",
            "norm_text": "마라도 엄청 유명해졌어",
            "speaker": {
              "id": "3번",
              "sex": "남성",
              "age": "20대"
            },
            "speechAct": "(단언) 주장하기",
            "morpheme": "마라/NNG+도/JX+엄청/MAG+유명/NNG+해졌/XSA+EC+VX+EP+어/EC"
          },
          {
            "id": 18,
            "text": "1 : 키키 아 유명해지면 사람이 많아지던데 ㅠㅠ",
            "norm_text": "키키 아 유명해지면 사람이 많아지던데 ㅠㅠ",
            "speaker": {
              "id": "1번",
              "sex": "여성",
              "age": "20대"
            },
            "speechAct": "(단언) 주장하기",
            "morpheme": "키/NNG+키/VV+아/EC+유명/NNG+해/XSV+EC+지/VX+면/EC+사람/NNG+이/JKS+많/VA+아/EC+지/VX+던데/EC+ㅠㅠ/UNKNOWN"
          },
          {
            "id": 19,
            "text": "2 : 그래도 거긴 잘 안 갈 거 같아 키키",
            "norm_text": "그래도 거긴 잘 안 갈 거 같아 키키",
            "speaker": {
              "id": "2번",
              "sex": "여성",
              "age": "20대"
            },
            "speechAct": "(단언) 주장하기",
            "morpheme": "그래도/MAJ+거긴/NP+JX+잘/MAG+안/MAG+갈/VV+ETM+거/NNB+같/VA+아/EC+키/NNG+키/XSV+ETN"
          },
          {
            "id": 20,
            "text": "2 : 더 많아지기 전에 우리 갔다 오자!",
            "norm_text": "더 많아지기 전에 우리 갔다 오자!",
            "speaker": {
              "id": "2번",
              "sex": "여성",
              "age": "20대"
            },
            "speechAct": "(지시) 충고/제안하기",
            "morpheme": "더/MAG+많/VA+아/EC+지/VX+기/ETN+전/NNG+에/JKB+우리/NP+갔다오/VV+자/EF"
          },
          {
            "id": 21,
            "text": "3 : 오 그래",
            "norm_text": "오 그래",
            "speaker": {
              "id": "3번",
              "sex": "남성",
              "age": "20대"
            },
            "speechAct": "(단언) 주장하기",
            "morpheme": "오/NR+그래/VA+EC"
          },
          {
            "id": 22,
            "text": "3 : 다같이 가보자!",
            "norm_text": "다같이 가보자!",
            "speaker": {
              "id": "3번",
              "sex": "남성",
              "age": "20대"
            },
            "speechAct": "(지시) 충고/제안하기",
            "morpheme": "다/MAG+같이/MAG+가/VV+EC+보/VX+자/EF"
          }
        ]
      }
    }
  ]
}