{
  "dataset": {
    "identifier": 129721,
    "name": "NATEON_41_10_set",
    "src_path": "/data/file/cubeManager/PROJECT001/84/txt20211104173552093221/NATEON_41_10_set/",
    "label_path": "/data/file/cubeManager/PROJECT001/84/txt20211104173552093221/NATEON_41_10_set/",
    "category": 2,
    "type": 0
  },
  "licenses": {
    "name": "Apache License 1.0",
    "url": "http://www.apache.org/licenses/LICENSE-1.0"
  },
  "info": [
    {
      "id": 137217,
      "filename": "NATEON_41_10.txt",
      "title": "NATEON_41_10",
      "mediatype": "SNS",
      "medianame": "카카오톡",
      "category": "일상대화",
      "date": "2021-11-04",
      "size": 447,
      "annotations": {
        "subject": "스포츠/레저",
        "speaker_type": "다자간 대화",
        "size": 447,
        "word_size": 155,
        "text": "1 : 너도 이번에 스키 배운다고 했나?\n2 : 아니\n2 : 나 이번에 보드 배우려고 키키\n3 : 우리 다 같이 가기로 한 거 아니야?\n1 : 나 저번에 배울 땐 놀리더니 키키\n2 : 키키 이제 내가 놀림을 받을 차례야\n3 : 내가 옆에서 동영상 찍어야지 키키\n1 : 치사하게 먼저 배우러 왔더라 키키\n2 : 키키 그럴 수도 있지\n2 : 시간이 안 맞아\n3 : 시간 맞추기가 이렇게 어려워서야 키키 ㅠㅠ\n1 : 선생님 옆에서 계속 넘어지더라고 키키\n2 : 맞아\n2 : 원래 그러면서 배우는 거야 키키\n3 : 어어 원래 다 넘어지고 하면서 배우는 거지 키키\n1 : 키키 그래서 사진은 내가 대신 찍었어!\n2 : 그거 한번 보내 줘\n2 : 보고 싶다 키키\n3 : 그런 건 원래 다 같이 보고 웃는 거야 키키\n1 : 너 잘못하다간 사진이 어디론가 보내질 거야\n2 : 엥 사진이 어디로 보내져?...\n3 : 뭐야\n3 : 어디로 보내려고 그래 키키",
        "lines": [
          {
            "id": 1,
            "text": "1 : 너도 이번에 스키 배운다고 했나?",
            "norm_text": "너도 이번에 스키 배운다고 했나?",
            "speaker": {
              "id": "1번",
              "sex": "여성",
              "age": "20대"
            },
            "speechAct": "(지시) 질문하기",
            "morpheme": "너/NP+도/JX+이번/NNG+에/JKB+스키/NNG+배운다고/VV+EC+했/VX+EP+나/EF"
          },
          {
            "id": 2,
            "text": "2 : 아니",
            "norm_text": "아니",
            "speaker": {
              "id": "2번",
              "sex": "여성",
              "age": "20대"
            },
            "speechAct": "(단언) 진술하기",
            "morpheme": "아니/IC"
          },
          {
            "id": 3,
            "text": "2 : 나 이번에 보드 배우려고 키키",
            "norm_text": "나 이번에 보드 배우려고 키키",
            "speaker": {
              "id": "2번",
              "sex": "여성",
              "age": "20대"
            },
            "speechAct": "(단언) 진술하기",
            "morpheme": "나/NP+이번/NNG+에/JKB+보/VV+드/EC+배우/VV+려고/EC+키/NNG+키/XSV+ETN"
          },
          {
            "id": 4,
            "text": "3 : 우리 다 같이 가기로 한 거 아니야?",
            "norm_text": "우리 다 같이 가기로 한 거 아니야?",
            "speaker": {
              "id": "3번",
              "sex": "남성",
              "age": "20대"
            },
            "speechAct": "(지시) 질문하기",
            "morpheme": "우리/NP+다/JX+같이/MAG+가/VV+기/ETN+로/JKB+한/VV+ETM+거/NNB+아니/VCN+야/EF"
          },
          {
            "id": 5,
            "text": "1 : 나 저번에 배울 땐 놀리더니 키키",
            "norm_text": "나 저번에 배울 땐 놀리더니 키키",
            "speaker": {
              "id": "1번",
              "sex": "여성",
              "age": "20대"
            },
            "speechAct": "(단언) 진술하기",
            "morpheme": "나/NP+저번/NNG+에/JKB+배울땐/VV+ETM+NNG+JX+놀리/VV+더니/EC+키/NNG+키/XSV+ETN"
          },
          {
            "id": 6,
            "text": "2 : 키키 이제 내가 놀림을 받을 차례야",
            "norm_text": "키키 이제 내가 놀림을 받을 차례야",
            "speaker": {
              "id": "2번",
              "sex": "여성",
              "age": "20대"
            },
            "speechAct": "(단언) 주장하기",
            "morpheme": "키/NNG+키/NNG+이제/MAG+내/NP+가/JKS+놀림/NNG+을/JKO+받/VV+을/ETM+차례/NNG+야/VCP+EF"
          },
          {
            "id": 7,
            "text": "3 : 내가 옆에서 동영상 찍어야지 키키",
            "norm_text": "내가 옆에서 동영상 찍어야지 키키",
            "speaker": {
              "id": "3번",
              "sex": "남성",
              "age": "20대"
            },
            "speechAct": "(언약) 약속하기(제3자와)/(개인적 수준)",
            "morpheme": "내/NP+가/JKS+옆/NNG+에서/JKB+동영상/NNG+찍/VV+어야지/EC+키/NNG+키/XSV+ETN"
          },
          {
            "id": 8,
            "text": "1 : 치사하게 먼저 배우러 왔더라 키키",
            "norm_text": "치사하게 먼저 배우러 왔더라 키키",
            "speaker": {
              "id": "1번",
              "sex": "여성",
              "age": "20대"
            },
            "speechAct": "(단언) 주장하기",
            "morpheme": "치사/NNG+하/XSV+게/EC+먼저/MAG+배우/VV+러/EC+왔/VX+EP+더라/EF+키/NNG+키/XSV+ETN"
          },
          {
            "id": 9,
            "text": "2 : 키키 그럴 수도 있지",
            "norm_text": "키키 그럴 수도 있지",
            "speaker": {
              "id": "2번",
              "sex": "여성",
              "age": "20대"
            },
            "speechAct": "(단언) 주장하기",
            "morpheme": "키/NNG+키/XSV+ETN+그럴/VV+ETM+수/NNB+도/JX+있/VA+지/EC"
          },
          {
            "id": 10,
            "text": "2 : 시간이 안 맞아",
            "norm_text": "시간이 안 맞아",
            "speaker": {
              "id": "2번",
              "sex": "여성",
              "age": "20대"
            },
            "speechAct": "(단언) 주장하기",
            "morpheme": "시간/NNG+이/JKS+안/MAG+맞/VV+아/EC"
          },
          {
            "id": 11,
            "text": "3 : 시간 맞추기가 이렇게 어려워서야 키키 ㅠㅠ",
            "norm_text": "시간 맞추기가 이렇게 어려워서야 키키 ㅠㅠ",
            "speaker": {
              "id": "3번",
              "sex": "남성",
              "age": "20대"
            },
            "speechAct": "(단언) 주장하기",
            "morpheme": "시간/NNG+맞추/VV+기/ETN+가/JKS+이렇게/MAG+어려워서/VA+EC+야/JX+키/NNG+키/XSV+ETN+ㅠㅠ/UNKNOWN"
          },
          {
            "id": 12,
            "text": "1 : 선생님 옆에서 계속 넘어지더라고 키키",
            "norm_text": "선생님 옆에서 계속 넘어지더라고 키키",
            "speaker": {
              "id": "1번",
              "sex": "여성",
              "age": "20대"
            },
            "speechAct": "(단언) 진술하기",
            "morpheme": "선생/NNG+님/XSN+옆/NNG+에서/JKB+계속/MAG+넘어지/VV+더라고/EC+키/NNG+키/XSV+ETN"
          },
          {
            "id": 13,
            "text": "2 : 맞아",
            "norm_text": "맞아",
            "speaker": {
              "id": "2번",
              "sex": "여성",
              "age": "20대"
            },
            "speechAct": "(단언) 주장하기",
            "morpheme": "맞/VV+아/EC"
          },
          {
            "id": 14,
            "text": "2 : 원래 그러면서 배우는 거야 키키",
            "norm_text": "원래 그러면서 배우는 거야 키키",
            "speaker": {
              "id": "2번",
              "sex": "여성",
              "age": "20대"
            },
            "speechAct": "(단언) 주장하기",
            "morpheme": "원래/MAG+그러/VV+면서/EC+배우/VV+는/ETM+거/NNB+야/VCP+EF+키/NNG+키/XSV+ETN"
          },
          {
            "id": 15,
            "text": "3 : 어어 원래 다 넘어지고 하면서 배우는 거지 키키",
            "norm_text": "어어 원래 다 넘어지고 하면서 배우는 거지 키키",
            "speaker": {
              "id": "3번",
              "sex": "남성",
              "age": "20대"
            },
            "speechAct": "(단언) 주장하기",
            "morpheme": "어/IC+어/IC+원래/MAG+다/MAG+넘어지/VV+고/EC+하/VV+면서/EC+배우/VV+는/ETM+거/NNB+지/VCP+EC+키/NNG+키/XSV+ETN"
          },
          {
            "id": 16,
            "text": "1 : 키키 그래서 사진은 내가 대신 찍었어!",
            "norm_text": "키키 그래서 사진은 내가 대신 찍었어!",
            "speaker": {
              "id": "1번",
              "sex": "여성",
              "age": "20대"
            },
            "speechAct": "(단언) 진술하기",
            "morpheme": "키/NNG+키/XSV+ETN+그래서/MAJ+사진/NNG+은/JX+내/NP+가/JKS+대신/NNG+찍/VV+었/EP+어/EF"
          },
          {
            "id": 17,
            "text": "2 : 그거 한번 보내 줘",
            "norm_text": "그거 한번 보내 줘",
            "speaker": {
              "id": "2번",
              "sex": "여성",
              "age": "20대"
            },
            "speechAct": "(지시) 명령/요구하기",
            "morpheme": "그거/NP+한번/MAG+보내/VV+줘/EC+VV+EC"
          },
          {
            "id": 18,
            "text": "2 : 보고 싶다 키키",
            "norm_text": "보고 싶다 키키",
            "speaker": {
              "id": "2번",
              "sex": "여성",
              "age": "20대"
            },
            "speechAct": "(단언) 주장하기",
            "morpheme": "보/VV+고/EC+싶/VX+다키키/NNP"
          },
          {
            "id": 19,
            "text": "3 : 그런 건 원래 다 같이 보고 웃는 거야 키키",
            "norm_text": "그런 건 원래 다 같이 보고 웃는 거야 키키",
            "speaker": {
              "id": "3번",
              "sex": "남성",
              "age": "20대"
            },
            "speechAct": "(단언) 주장하기",
            "morpheme": "그런/MM+건/NNB+JX+원래/MAG+다/MAG+같이/MAG+보/VV+고/EC+웃/VV+는/ETM+거/NNB+야/VCP+EF+키/NNG+키/XSV+ETN"
          },
          {
            "id": 20,
            "text": "1 : 너 잘못하다간 사진이 어디론가 보내질 거야",
            "norm_text": "너 잘못하다간 사진이 어디론가 보내질 거야",
            "speaker": {
              "id": "1번",
              "sex": "여성",
              "age": "20대"
            },
            "speechAct": "(단언) 주장하기",
            "morpheme": "너/NP+잘못/MAG+하/VV+다간/EC+JX+사진/NNG+이/JKS+어디/NP+론가/JKB+VCP+EC+보내/VV+질/EC+VX+ETM+거/NNB+야/VCP+EF"
          },
          {
            "id": 21,
            "text": "2 : 엥 사진이 어디로 보내져?...",
            "norm_text": "엥 사진이 어디로 보내져?...",
            "speaker": {
              "id": "2번",
              "sex": "여성",
              "age": "20대"
            },
            "speechAct": "(지시) 질문하기",
            "morpheme": "엥/IC+사진/NNG+이/JKS+어디/NP+로/JKB+보내/VV+져/EC+VX+EF+./SY+./SY"
          },
          {
            "id": 22,
            "text": "3 : 뭐야",
            "norm_text": "뭐야",
            "speaker": {
              "id": "3번",
              "sex": "남성",
              "age": "20대"
            },
            "speechAct": "턴토크 사인(관습적 반응)",
            "morpheme": "뭐/NP+야/VCP+EF"
          },
          {
            "id": 23,
            "text": "3 : 어디로 보내려고 그래 키키",
            "norm_text": "어디로 보내려고 그래 키키",
            "speaker": {
              "id": "3번",
              "sex": "남성",
              "age": "20대"
            },
            "speechAct": "(단언) 주장하기",
            "morpheme": "어디/NP+로/JKB+보내/VV+려고/EC+그래/VV+EC+키/NNG+키/XSV+ETN"
          }
        ]
      }
    }
  ]
}