{
  "dataset": {
    "identifier": 129742,
    "name": "NATEON_42_11_set",
    "src_path": "/data/file/cubeManager/PROJECT001/84/txt202111041735530135109/NATEON_42_11_set/",
    "label_path": "/data/file/cubeManager/PROJECT001/84/txt202111041735530135109/NATEON_42_11_set/",
    "category": 2,
    "type": 0
  },
  "licenses": {
    "name": "Apache License 1.0",
    "url": "http://www.apache.org/licenses/LICENSE-1.0"
  },
  "info": [
    {
      "id": 137238,
      "filename": "NATEON_42_11.txt",
      "title": "NATEON_42_11",
      "mediatype": "메신저",
      "medianame": "네이트온",
      "category": "일상대화",
      "date": "2021-11-04",
      "size": 452,
      "annotations": {
        "subject": "게임",
        "speaker_type": "다자간 대화",
        "size": 452,
        "word_size": 165,
        "text": "1 : 나 요즘 동생이랑 딱지 치기 해\n2 : 키키 오겜 때문에 다시 시작했구만\n3 : 갑자기 웬 딱지 치기?\n1 : 어 키키 아니\n1 : 보는데 너무 재밌겠더라고\n2 : 맞아\n2 : 물 딱지 만들었어? 키키\n2 : 딱지 밟아야 된다고 키키\n3 : 키키 그래서 동생 좀 이겼어?\n1 : 아니\n1 : 얘가 힘이 세서 난 계속 져 ㅠㅠ\n2 : 헐 ㅠㅠ 딱지 완전 튼튼하게 만들어야 된다고...\n3 : 키키 너 이번에 딱지 처음 해 보는구나 키키\n1 : 어 사실 나 딱지 처음 만들어 보거든...\n2 : 그거 막 밟아서 테이프 말아서 만들면 튼튼해...\n3 : 너 쟤한테 노하우 좀 배워야겠다\n1 : 나 딱지 치는 법 좀 알려 주라 ㅠㅠ\n2 : 나 딱지 진짜 잘했어\n2 : 여기로 와 키키\n3 : 키키 나도 이참에 알려 주라!\n1 : 그래\n1 : 다 같이 쟤 집으로 가자\n2 : 좋아\n2 : 다 나한테 배우러 와!\n2 : 컴온\n3 : 나 그럼 지금 출발이요~",
        "lines": [
          {
            "id": 1,
            "text": "1 : 나 요즘 동생이랑 딱지 치기 해",
            "norm_text": "나 요즘 동생이랑 딱지 치기 해",
            "speaker": {
              "id": "1번",
              "sex": "여성",
              "age": "20대"
            },
            "speechAct": "(단언) 진술하기",
            "morpheme": "나/NP+요즘/MAG+동생/NNG+이랑/JKB+딱지치기/NNG+해/XSV+EC"
          },
          {
            "id": 2,
            "text": "2 : 키키 오겜 때문에 다시 시작했구만",
            "norm_text": "키키 오겜 때문에 다시 시작했구만",
            "speaker": {
              "id": "2번",
              "sex": "여성",
              "age": "20대"
            },
            "speechAct": "(단언) 주장하기",
            "morpheme": "키/NNG+키오/NNP+겜/NNP+때문/NNB+에/JKB+다시/MAG+시작/NNG+했/XSV+EP+구만/EC"
          },
          {
            "id": 3,
            "text": "3 : 갑자기 웬 딱지 치기?",
            "norm_text": "갑자기 웬 딱지 치기?",
            "speaker": {
              "id": "3번",
              "sex": "남성",
              "age": "20대"
            },
            "speechAct": "(지시) 질문하기",
            "morpheme": "갑자기/MAG+웬/MM+딱지치기/NNG"
          },
          {
            "id": 4,
            "text": "1 : 어 키키 아니",
            "norm_text": "어 키키 아니",
            "speaker": {
              "id": "1번",
              "sex": "여성",
              "age": "20대"
            },
            "speechAct": "(단언) 주장하기",
            "morpheme": "어/IC+키/NNG+키/XSV+ETN+아니/VCN"
          },
          {
            "id": 5,
            "text": "1 : 보는데 너무 재밌겠더라고",
            "norm_text": "보는데 너무 재밌겠더라고",
            "speaker": {
              "id": "1번",
              "sex": "여성",
              "age": "20대"
            },
            "speechAct": "(단언) 주장하기",
            "morpheme": "보/VV+는데/EC+너무/MAG+재밌/VA+겠/EP+더라고/EC"
          },
          {
            "id": 6,
            "text": "2 : 맞아",
            "norm_text": "맞아",
            "speaker": {
              "id": "2번",
              "sex": "여성",
              "age": "20대"
            },
            "speechAct": "(단언) 주장하기",
            "morpheme": "맞/VV+아/EC"
          },
          {
            "id": 7,
            "text": "2 : 물 딱지 만들었어? 키키",
            "norm_text": "물 딱지 만들었어? 키키",
            "speaker": {
              "id": "2번",
              "sex": "여성",
              "age": "20대"
            },
            "speechAct": "(지시) 질문하기",
            "morpheme": "물/NNG+딱지/NNG+만들/VV+었/EP+어/EF+키/NNG+키/XSV+ETN"
          },
          {
            "id": 8,
            "text": "2 : 딱지 밟아야 된다고 키키",
            "norm_text": "딱지 밟아야 된다고 키키",
            "speaker": {
              "id": "2번",
              "sex": "여성",
              "age": "20대"
            },
            "speechAct": "(단언) 주장하기",
            "morpheme": "딱지/NNG+밟/VV+아야/EC+된다고/VV+EC+키/NNG+키/XSV+ETN"
          },
          {
            "id": 9,
            "text": "3 : 키키 그래서 동생 좀 이겼어?",
            "norm_text": "키키 그래서 동생 좀 이겼어?",
            "speaker": {
              "id": "3번",
              "sex": "남성",
              "age": "20대"
            },
            "speechAct": "(지시) 질문하기",
            "morpheme": "키/NNG+키/XSV+ETN+그래서/MAJ+동생/NNG+좀/MAG+이겼/VV+EP+어/EF"
          },
          {
            "id": 10,
            "text": "1 : 아니",
            "norm_text": "아니",
            "speaker": {
              "id": "1번",
              "sex": "여성",
              "age": "20대"
            },
            "speechAct": "(단언) 진술하기",
            "morpheme": "아니/IC"
          },
          {
            "id": 11,
            "text": "1 : 얘가 힘이 세서 난 계속 져 ㅠㅠ",
            "norm_text": "얘가 힘이 세서 난 계속 져 ㅠㅠ",
            "speaker": {
              "id": "1번",
              "sex": "여성",
              "age": "20대"
            },
            "speechAct": "(단언) 진술하기",
            "morpheme": "얘/NP+가/JKS+힘/NNG+이/JKS+세/VA+서/EC+난/VX+ETM+계속/NNG+져/XSV+EF+ㅠㅠ/UNKNOWN"
          },
          {
            "id": 12,
            "text": "2 : 헐 ㅠㅠ 딱지 완전 튼튼하게 만들어야 된다고...",
            "norm_text": "헐 ㅠㅠ 딱지 완전 튼튼하게 만들어야 된다고...",
            "speaker": {
              "id": "2번",
              "sex": "여성",
              "age": "20대"
            },
            "speechAct": "(단언) 주장하기",
            "morpheme": "헐ㅠㅠ딱지완전튼튼하게만들어야된다고/UNKNOWN+./SY"
          },
          {
            "id": 13,
            "text": "3 : 키키 너 이번에 딱지 처음 해 보는구나 키키",
            "norm_text": "키키 너 이번에 딱지 처음 해 보는구나 키키",
            "speaker": {
              "id": "3번",
              "sex": "남성",
              "age": "20대"
            },
            "speechAct": "(단언) 주장하기",
            "morpheme": "키/NNG+키너/NNP+이번/NNG+에/JKB+딱지/NNG+처음/NNG+해/XSV+EC+보/VX+는구나/EF+키/NNG+키/XSV+ETN"
          },
          {
            "id": 14,
            "text": "1 : 어 사실 나 딱지 처음 만들어 보거든...",
            "norm_text": "어 사실 나 딱지 처음 만들어 보거든...",
            "speaker": {
              "id": "1번",
              "sex": "여성",
              "age": "20대"
            },
            "speechAct": "(단언) 진술하기",
            "morpheme": "어/IC+사실/MAG+나/NP+딱지/NNG+처음/NNG+만들/VV+어/EC+보/VX+거든/EF+./SY"
          },
          {
            "id": 15,
            "text": "2 : 그거 막 밟아서 테이프 말아서 만들면 튼튼해...",
            "norm_text": "그거 막 밟아서 테이프 말아서 만들면 튼튼해...",
            "speaker": {
              "id": "2번",
              "sex": "여성",
              "age": "20대"
            },
            "speechAct": "(단언) 주장하기",
            "morpheme": "그/MM+거막/NNG+밟/VV+아서/EC+테이프/NNG+말/VV+아서/EC+만들/VV+면/EC+튼튼/XR+해/XSA+EF+./SY"
          },
          {
            "id": 16,
            "text": "3 : 너 쟤한테 노하우 좀 배워야겠다",
            "norm_text": "너 쟤한테 노하우 좀 배워야겠다",
            "speaker": {
              "id": "3번",
              "sex": "남성",
              "age": "20대"
            },
            "speechAct": "(지시) 충고/제안하기",
            "morpheme": "너/NP+쟤/NP+한테/JKB+노하우/NNG+좀/MAG+배워야/VV+EC+VX+겠/EP+다/EC"
          },
          {
            "id": 17,
            "text": "1 : 나 딱지 치는 법 좀 알려 주라 ㅠㅠ",
            "norm_text": "나 딱지 치는 법 좀 알려 주라 ㅠㅠ",
            "speaker": {
              "id": "1번",
              "sex": "여성",
              "age": "20대"
            },
            "speechAct": "(지시) 부탁하기",
            "morpheme": "나/NP+딱/MAG+지치/VV+는/ETM+법/NNB+좀/MAG+알려/VV+EC+주/VX+라/EC+ㅠㅠ/UNKNOWN"
          },
          {
            "id": 18,
            "text": "2 : 나 딱지 진짜 잘했어",
            "norm_text": "나 딱지 진짜 잘했어",
            "speaker": {
              "id": "2번",
              "sex": "여성",
              "age": "20대"
            },
            "speechAct": "(단언) 주장하기",
            "morpheme": "나/NP+딱지/NNG+진짜/MAG+잘/MAG+했/VV+EP+어/EC"
          },
          {
            "id": 19,
            "text": "2 : 여기로 와 키키",
            "norm_text": "여기로 와 키키",
            "speaker": {
              "id": "2번",
              "sex": "여성",
              "age": "20대"
            },
            "speechAct": "(지시) 충고/제안하기",
            "morpheme": "여기/NP+로/JKB+와/JC+키/NNG+키/XSV+ETN"
          },
          {
            "id": 20,
            "text": "3 : 키키 나도 이참에 알려 주라!",
            "norm_text": "키키 나도 이참에 알려 주라!",
            "speaker": {
              "id": "3번",
              "sex": "남성",
              "age": "20대"
            },
            "speechAct": "(지시) 부탁하기",
            "morpheme": "키/NNG+키나/XSA+ETN+JX+도/JX+이/MM+참/NNB+에/JKB+알려/VV+EC+주/VX+라/EF"
          },
          {
            "id": 21,
            "text": "1 : 그래",
            "norm_text": "그래",
            "speaker": {
              "id": "1번",
              "sex": "여성",
              "age": "20대"
            },
            "speechAct": "(단언) 주장하기",
            "morpheme": "그래/VA+EC"
          },
          {
            "id": 22,
            "text": "1 : 다 같이 쟤 집으로 가자",
            "norm_text": "다 같이 쟤 집으로 가자",
            "speaker": {
              "id": "1번",
              "sex": "여성",
              "age": "20대"
            },
            "speechAct": "(지시) 충고/제안하기",
            "morpheme": "다/MAG+같이/MAG+쟤/NP+집/NNG+으로/JKB+가/VV+자/EC"
          },
          {
            "id": 23,
            "text": "2 : 좋아",
            "norm_text": "좋아",
            "speaker": {
              "id": "2번",
              "sex": "여성",
              "age": "20대"
            },
            "speechAct": "(단언) 주장하기",
            "morpheme": "좋/VA+아/EC"
          },
          {
            "id": 24,
            "text": "2 : 다 나한테 배우러 와!",
            "norm_text": "다 나한테 배우러 와!",
            "speaker": {
              "id": "2번",
              "sex": "여성",
              "age": "20대"
            },
            "speechAct": "(단언) 주장하기",
            "morpheme": "다/MAG+나/NP+한테/JKB+배우/VV+러/EC+와/VX+EF"
          },
          {
            "id": 25,
            "text": "2 : 컴온",
            "norm_text": "컴온",
            "speaker": {
              "id": "2번",
              "sex": "여성",
              "age": "20대"
            },
            "speechAct": "(단언) 주장하기",
            "morpheme": "컴/NNP+온/MM"
          },
          {
            "id": 26,
            "text": "3 : 나 그럼 지금 출발이요~",
            "norm_text": "나 그럼 지금 출발이요~",
            "speaker": {
              "id": "3번",
              "sex": "남성",
              "age": "20대"
            },
            "speechAct": "(언약) 약속하기(제3자와)/(개인적 수준)",
            "morpheme": "나/NP+그럼/MAJ+지금/MAG+출발/NNG+이/VCP+요/EC+~/SY"
          }
        ]
      }
    }
  ]
}