{
  "dataset": {
    "identifier": 128849,
    "name": "NATEON_25_09_set",
    "src_path": "/data/file/cubeManager/PROJECT001/84/txt20211109145245008988/NATEON_25_09_set/",
    "label_path": "/data/file/cubeManager/PROJECT001/84/txt20211109145245008988/NATEON_25_09_set/",
    "category": 2,
    "type": 0
  },
  "licenses": {
    "name": "Apache License 1.0",
    "url": "http://www.apache.org/licenses/LICENSE-1.0"
  },
  "info": [
    {
      "id": 143354,
      "filename": "NATEON_25_09.txt",
      "title": "NATEON_25_09",
      "mediatype": "메신저",
      "medianame": "네이트온",
      "category": "일상대화",
      "date": "2021-11-09",
      "size": 624,
      "annotations": {
        "subject": "반려동물",
        "speaker_type": "1:1",
        "size": 624,
        "word_size": 189,
        "text": "1 : 우리 강아지 포미는 7살이야!\n2 : 7살이면 사람 나이로는 40살 정도? 맞지?\n1 : 맞아 아마 중년 개일 텐데 내 눈에는 여전히 아기야 \u003e_\u003c\n2 : 그럼 강아지 할아버지 강아지라고 해도 우리 눈에는 아기지 그럼 그럼!\n2 : 그럼 보리는 몇 살이야?\n1 : 우리 고양이 보리는 4살이야!\n2 : 보리가 더 애기네 키키\n2 : 보리랑 포미 둘 다 남자아이들이야?\n1 : 응 맞아! 형제야 피는 안 섞였지만.\n1 : 보리가 포미를 너무 좋아해!\n2 : 오왕 고양이가 강아지를 좋아하다니...\n2 : 막 그럼 꾹꾹이 이런 거 해줘?\n1 : 아니 보리는 꾹꾹이를 인형한테만 해! 신기하지?\n2 : 아 그래? 꾹꾹이가 근데 약간 자기가 좋아하는 거한테 하는 거 아니야?\n1 : 맞아! 보리가 사람한테 잘 앵기고 애교도 부리는데 희한하게 꾹꾹이는 인형한테만 하더라고!\n2 : 꾹꾹이 하는 거도 보고 싶은데 동영상은 언제쯤 나한테 올 예정이야? 키키\n1 : 앗 꾹꾹이는 조금 많이 기다려야 될 거야 ^^\n1 : 대신 포미 개인기를 보내줄게!\n2 : 맞아 그것도 사실 기다리고 있었어.\n2 : 오늘 안으로 부탁해...!\n1 : 앗, 마감 기한이 있네... ^^ 노력해볼게!\n1 : 귀여운 순간들이 아주 많아!\n2 : 응! 나도 그럼 공유해줘\n2 : 고마웡!",
        "lines": [
          {
            "id": 1,
            "text": "1 : 우리 강아지 포미는 7살이야!",
            "norm_text": "우리 강아지 포미는 7살이야!",
            "speaker": {
              "id": "1번",
              "sex": "여성",
              "age": "20대"
            },
            "speechAct": "(단언) 진술하기",
            "morpheme": "우리/NP+강아지/NNG+포미/NNG+는/JX+7/SN+살/NNBC+이/VCP+야/EF"
          },
          {
            "id": 2,
            "text": "2 : 7살이면 사람 나이로는 40살 정도? 맞지?",
            "norm_text": "7살이면 사람 나이로는 40살 정도? 맞지?",
            "speaker": {
              "id": "2번",
              "sex": "여성",
              "age": "20대"
            },
            "speechAct": "(지시) 질문하기",
            "morpheme": "7/SN+살/NNBC+이/VCP+면/EC+사람/NNG+나이/NNG+로/JKB+는/JX+40/SN+살/NNBC+정도/NNG+맞/VV+지/EF"
          },
          {
            "id": 3,
            "text": "1 : 맞아 아마 중년 개일 텐데 내 눈에는 여전히 아기야 \u003e_\u003c",
            "norm_text": "맞아 아마 중년 개일 텐데 내 눈에는 여전히 아기야 \u003e_\u003c",
            "speaker": {
              "id": "1번",
              "sex": "여성",
              "age": "20대"
            },
            "speechAct": "(단언) 진술하기",
            "morpheme": "맞아아마중년개일텐데내눈에는여전히아기야/UNKNOWN+\u003e/SY+_/SY+\u003c/SY"
          },
          {
            "id": 4,
            "text": "2 : 그럼 강아지 할아버지 강아지라고 해도 우리 눈에는 아기지 그럼 그럼!",
            "norm_text": "그럼 강아지 할아버지 강아지라고 해도 우리 눈에는 아기지 그럼 그럼!",
            "speaker": {
              "id": "2번",
              "sex": "여성",
              "age": "20대"
            },
            "speechAct": "(단언) 진술하기",
            "morpheme": "그럼/MAJ+강아지/NNG+할아버지/NNG+강아지/NNG+라고/VCP+EC+해도/VV+EC+우리/NP+눈/NNG+에/JKB+는/JX+아기/NNG+지/VCP+EF+그럼/MAJ+그럼/MAJ"
          },
          {
            "id": 5,
            "text": "2 : 그럼 보리는 몇 살이야?",
            "norm_text": "그럼 보리는 몇 살이야?",
            "speaker": {
              "id": "2번",
              "sex": "여성",
              "age": "20대"
            },
            "speechAct": "(지시) 질문하기",
            "morpheme": "그럼/MAJ+보리/NNG+는/JX+몇/MM+살/NNBC+이/VCP+야/EF"
          },
          {
            "id": 6,
            "text": "1 : 우리 고양이 보리는 4살이야!",
            "norm_text": "우리 고양이 보리는 4살이야!",
            "speaker": {
              "id": "1번",
              "sex": "여성",
              "age": "20대"
            },
            "speechAct": "(단언) 진술하기",
            "morpheme": "우리/NP+고양이/NNG+보리/NNG+는/JX+4/SN+살/NNBC+이/VCP+야/EF"
          },
          {
            "id": 7,
            "text": "2 : 보리가 더 애기네 키키",
            "norm_text": "보리가 더 애기네 키키",
            "speaker": {
              "id": "2번",
              "sex": "여성",
              "age": "20대"
            },
            "speechAct": "(단언) 진술하기",
            "morpheme": "보리/NNG+가/JKS+더/MAG+애기네/NNG+키/NNG+키/XSV+ETN"
          },
          {
            "id": 8,
            "text": "2 : 보리랑 포미 둘 다 남자아이들이야?",
            "norm_text": "보리랑 포미 둘 다 남자아이들이야?",
            "speaker": {
              "id": "2번",
              "sex": "여성",
              "age": "20대"
            },
            "speechAct": "(지시) 질문하기",
            "morpheme": "보리/NNG+랑/JKB+포미/NNG+둘/NR+다남자/NNG+아이/NNG+들/XSN+이/VCP+야/EF"
          },
          {
            "id": 9,
            "text": "1 : 응 맞아! 형제야 피는 안 섞였지만.",
            "norm_text": "응 맞아! 형제야 피는 안 섞였지만.",
            "speaker": {
              "id": "1번",
              "sex": "여성",
              "age": "20대"
            },
            "speechAct": "(단언) 진술하기",
            "morpheme": "응/IC+맞/VV+아/EF+형제/NNG+야피/NNP+는/JX+안/MAG+섞였/VV+EP+지만/EC"
          },
          {
            "id": 10,
            "text": "1 : 보리가 포미를 너무 좋아해!",
            "norm_text": "보리가 포미를 너무 좋아해!",
            "speaker": {
              "id": "1번",
              "sex": "여성",
              "age": "20대"
            },
            "speechAct": "(단언) 주장하기",
            "morpheme": "보리/NNG+가/JKS+포미/NNG+를/JKO+너무/MAG+좋/VA+아/EC+해/VX+EF"
          },
          {
            "id": 11,
            "text": "2 : 오왕 고양이가 강아지를 좋아하다니...",
            "norm_text": "오왕 고양이가 강아지를 좋아하다니...",
            "speaker": {
              "id": "2번",
              "sex": "여성",
              "age": "20대"
            },
            "speechAct": "(단언) 주장하기",
            "morpheme": "오/NR+왕/NNG+고양이/NNG+가/JKS+강아지/NNG+를/JKO+좋아하/VV+다니/EF+./SY"
          },
          {
            "id": 12,
            "text": "2 : 막 그럼 꾹꾹이 이런 거 해줘?",
            "norm_text": "막 그럼 꾹꾹이 이런 거 해줘?",
            "speaker": {
              "id": "2번",
              "sex": "여성",
              "age": "20대"
            },
            "speechAct": "(지시) 질문하기",
            "morpheme": "막/MAJ+그럼/MAJ+꾹꾹/MAG+이/MM+이런/MM+거/NNB+해/VV+EC+줘/VX+EF"
          },
          {
            "id": 13,
            "text": "1 : 아니 보리는 꾹꾹이를 인형한테만 해! 신기하지?",
            "norm_text": "아니 보리는 꾹꾹이를 인형한테만 해! 신기하지?",
            "speaker": {
              "id": "1번",
              "sex": "여성",
              "age": "20대"
            },
            "speechAct": "(지시) 질문하기",
            "morpheme": "아니/IC+보리/NNG+는/JX+꾹꾹/MAG+이/NP+를/JKO+인형/NNG+한테/JKB+만/JX+해/VV+EF+신기/XR+하/XSA+지/EF"
          },
          {
            "id": 14,
            "text": "2 : 아 그래? 꾹꾹이가 근데 약간 자기가 좋아하는 거한테 하는 거 아니야?",
            "norm_text": "아 그래? 꾹꾹이가 근데 약간 자기가 좋아하는 거한테 하는 거 아니야?",
            "speaker": {
              "id": "2번",
              "sex": "여성",
              "age": "20대"
            },
            "speechAct": "(지시) 질문하기",
            "morpheme": "아/IC+그래/IC+꾹꾹/MAG+이/NP+가/JKS+근데/MAJ+약간/MAG+자기/NP+가/JKS+좋/VA+아/EC+하/VV+는/ETM+거/NNB+한테/JKB+하/VV+는/ETM+거/NNB+아니/VCN+야/EF"
          },
          {
            "id": 15,
            "text": "1 : 맞아! 보리가 사람한테 잘 앵기고 애교도 부리는데 희한하게 꾹꾹이는 인형한테만 하더라고!",
            "norm_text": "맞아! 보리가 사람한테 잘 앵기고 애교도 부리는데 희한하게 꾹꾹이는 인형한테만 하더라고!",
            "speaker": {
              "id": "1번",
              "sex": "여성",
              "age": "20대"
            },
            "speechAct": "(단언) 진술하기",
            "morpheme": "맞/VV+아/EF+보리/NNG+가/JKS+사람/NNG+한테/JKB+잘/MAG+앵기/VV+고/EC+애교/NNG+도/JX+부리/VV+는데/EC+희한/XR+하/XSA+게/EC+꾹꾹/MAG+이/NP+는/JX+인형/NNG+한테/JKB+만/JX+하/VV+더라고/EF"
          },
          {
            "id": 16,
            "text": "2 : 꾹꾹이 하는 거도 보고 싶은데 동영상은 언제쯤 나한테 올 예정이야? 키키",
            "norm_text": "꾹꾹이 하는 거도 보고 싶은데 동영상은 언제쯤 나한테 올 예정이야? 키키",
            "speaker": {
              "id": "2번",
              "sex": "여성",
              "age": "20대"
            },
            "speechAct": "(지시) 명령/요구하기",
            "morpheme": "꾹꾹/MAG+이/JKC+하/VV+는/ETM+거/NNB+도/JX+보/VV+고/EC+싶/VX+은데/EC+동영상/NNG+은/JX+언제/NP+쯤/XSN+나/NP+한테/JKB+올/MM+예정/NNG+이/VCP+야/EF+키/NNG+키/XSV+ETN"
          },
          {
            "id": 17,
            "text": "1 : 앗 꾹꾹이는 조금 많이 기다려야 될 거야 ^^",
            "norm_text": "앗 꾹꾹이는 조금 많이 기다려야 될 거야 ^^",
            "speaker": {
              "id": "1번",
              "sex": "여성",
              "age": "20대"
            },
            "speechAct": "(단언) 진술하기",
            "morpheme": "앗/IC+꾹꾹/MAG+이/NP+는/JX+조금/MAG+많이/MAG+기다려야/VV+EC+될/VV+ETM+거/NNB+야/VCP+EF+^/SY+^/SY"
          },
          {
            "id": 18,
            "text": "1 : 대신 포미 개인기를 보내줄게!",
            "norm_text": "대신 포미 개인기를 보내줄게!",
            "speaker": {
              "id": "1번",
              "sex": "여성",
              "age": "20대"
            },
            "speechAct": "(단언) 진술하기",
            "morpheme": "대신/NNG+포미/NNG+개인기/NNG+를/JKO+보내/VV+EC+줄게/VX+EF"
          },
          {
            "id": 19,
            "text": "2 : 맞아 그것도 사실 기다리고 있었어.",
            "norm_text": "맞아 그것도 사실 기다리고 있었어.",
            "speaker": {
              "id": "2번",
              "sex": "여성",
              "age": "20대"
            },
            "speechAct": "(단언) 진술하기",
            "morpheme": "맞/VV+아/EC+그것/NP+도/JX+사실/MAG+기다리/VV+고/EC+있/VX+었/EP+어/EF"
          },
          {
            "id": 20,
            "text": "2 : 오늘 안으로 부탁해...!",
            "norm_text": "오늘 안으로 부탁해...!",
            "speaker": {
              "id": "2번",
              "sex": "여성",
              "age": "20대"
            },
            "speechAct": "(단언) 진술하기",
            "morpheme": "오늘/MAG+안/NNG+으로/JKB+부탁/NNG+해/XSV+EF+./SY+./SY"
          },
          {
            "id": 21,
            "text": "1 : 앗, 마감 기한이 있네... ^^ 노력해볼게!",
            "norm_text": "앗, 마감 기한이 있네... ^^ 노력해볼게!",
            "speaker": {
              "id": "1번",
              "sex": "여성",
              "age": "20대"
            },
            "speechAct": "(단언) 진술하기",
            "morpheme": "앗/IC+,/SC+마감/NNG+기한/NNG+이/JKS+있/VA+네/EF+./SY+^/SY+^/SY+노력/NNG+해/XSV+EC+볼게/VX+EF"
          },
          {
            "id": 22,
            "text": "1 : 귀여운 순간들이 아주 많아!",
            "norm_text": "귀여운 순간들이 아주 많아!",
            "speaker": {
              "id": "1번",
              "sex": "여성",
              "age": "20대"
            },
            "speechAct": "(단언) 진술하기",
            "morpheme": "귀여운/VA+ETM+순간/NNG+들/XSN+이/JKS+아주/MAG+많/VA+아/EF"
          },
          {
            "id": 23,
            "text": "2 : 응! 나도 그럼 공유해줘",
            "norm_text": "응! 나도 그럼 공유해줘",
            "speaker": {
              "id": "2번",
              "sex": "여성",
              "age": "20대"
            },
            "speechAct": "(단언) 진술하기",
            "morpheme": "응/IC+나/NP+도/JX+그럼/MAJ+공유/NNG+해/XSV+EC+줘/VX+EC"
          },
          {
            "id": 24,
            "text": "2 : 고마웡!",
            "norm_text": "고마웡!",
            "speaker": {
              "id": "2번",
              "sex": "여성",
              "age": "20대"
            },
            "speechAct": "(단언) 주장하기",
            "morpheme": "고마/NNP+웡/NNP"
          }
        ]
      }
    }
  ]
}