{
  "dataset": {
    "identifier": 503,
    "name": "NATEON_21_15_set",
    "src_path": "/data/file/cubeManager/PROJECT001/7/txt20210826181925018692/NATEON_21_15_set/",
    "label_path": "/data/file/cubeManager/PROJECT001/7/txt20210826181925018692/NATEON_21_15_set/",
    "category": 2,
    "type": 0
  },
  "licenses": {
    "name": "Apache License 1.0",
    "url": "http://www.apache.org/licenses/LICENSE-1.0"
  },
  "info": [
    {
      "id": 794,
      "filename": "NATEON_21_15.txt",
      "title": "NATEON_21_15",
      "mediatype": "메신저",
      "medianame": "네이트온",
      "category": "일상대화",
      "date": "2021-08-26",
      "size": 929,
      "annotations": {
        "subject": "타 국가 이슈",
        "speaker_type": "1:1",
        "size": 929,
        "word_size": 275,
        "text": "1 : 델타 바이러스 확산으로 인해 외국에서는 또 사재기 문제가 다시 등장했다고 하네요.\n2 : 아 사재기...\n2 : 사재기에 대해서 어떻게 생각하세요?\n1 : 얼마나 불안하면 저럴까라는 생각은 하지만 한편으로는 꼭 저렇게까지 해야 되나 하는 생각도 듭니다.\n1 : 사재기해 보신 적 있으세요?\n2 : 저는 사재기까지는 해본 적이 없는 거 같아요\n2 : 그런데 사람 심리가 사재기를 다른 사람들이 하면 저도 막 가서 하는 편은 아닌데 우연히 보이면 저도 막 사게 되더라고요.\n1 : 어떤 종류를 사재기 해보셨어요?\n2 : 저는 그냥 사재기는...  옛날에 마스크 정도?\n2 : 근데 사재기 붐일 때 저한테 보이면 거의 풀린 거더라고요...\n1 : 예전에 한참 마스크를 사기가 너무 어려웠었어요.\n1 : 그때 어떻게 구매하셨었어요?\n2 : 저는 마스크를 좀 늦게 썼던 거 같아요 없어서...\n1 : 정말 구하기 힘들었죠.\n1 : 한 장에 천 원도 안 했던 마스크가 만 원에 거래되기도 했었잖아요.\n2 : 네\n2 : 근데 그렇게 돈 주고는 사기 싫어서 근데 한 개로 오래 쓰고 그랬던 거 같아요.\n2 : 외국에서는 어떤 물건을 사재기하나요 요즘?\n1 : 맞아요, 기본 두 세번은 썼던 거 같아요.\n1 : 외국에서는 마스크 뿐만 아니라 생필품도 싹쓸이 하는 거 같더라고요.\n2 : 아 집에서 안 나가려고 그러는 거 같아요\n2 : 외국은 지금 저희보다 더 심한가요?\n1 : 그나마 저희가 확진자 수는 전세계적으로 적은 편이라고 하는 거 같더라고요.\n1 : 대중교통 이용할 때 좀 불안하지 않나요?\n2 : 네 불안해요\n2 : 불안해서 출근할 때 기침 조금이라도 하는 사람 보면 피하고 그래요\n2 : **씨도 그러신가요?\n1 : 저도 너무 불안해요.\n1 : 오늘 오는 길에 버스 뒷자리에 앉아계신 분이 계속 기침하길래 신경이 너무 쓰였어요.\n2 : 아 저희도 외국처럼 저런 현상이 일어나지 않게 열심히 방역에 힘을 써요!",
        "lines": [
          {
            "id": 1,
            "text": "1 : 델타 바이러스 확산으로 인해 외국에서는 또 사재기 문제가 다시 등장했다고 하네요.",
            "norm_text": "델타 바이러스 확산으로 인해 외국에서는 또 사재기 문제가 다시 등장했다고 하네요.",
            "speaker": {
              "id": "1번",
              "sex": "남성",
              "age": "30대"
            },
            "speechAct": "(단언) 진술하기",
            "morpheme": "델타/NNG+바이러스/NNG+확산/NNG+으로/JKB+인해/VV+EC+외국/NNG+에서/JKB+는/JX+또/MAG+사재/VV+기/ETN+문제/NNG+가/JKS+다시/MAG+등장/NNG+했/XSV+EP+다고/EC+하/VX+네요/EF"
          },
          {
            "id": 2,
            "text": "2 : 아 사재기...",
            "norm_text": "아 사재기...",
            "speaker": {
              "id": "2번",
              "sex": "남성",
              "age": "30대"
            },
            "speechAct": "(단언) 진술하기",
            "morpheme": "아/IC+사재/VV+기/ETN+./SY"
          },
          {
            "id": 3,
            "text": "2 : 사재기에 대해서 어떻게 생각하세요?",
            "norm_text": "사재기에 대해서 어떻게 생각하세요?",
            "speaker": {
              "id": "2번",
              "sex": "남성",
              "age": "30대"
            },
            "speechAct": "(지시) 질문하기",
            "morpheme": "사재기/NNG+에/JKB+대해서/VV+EC+어떻게/MAG+생각/NNG+하/XSV+세요/EP+EF"
          },
          {
            "id": 4,
            "text": "1 : 얼마나 불안하면 저럴까라는 생각은 하지만 한편으로는 꼭 저렇게까지 해야 되나 하는 생각도 듭니다.",
            "norm_text": "얼마나 불안하면 저럴까라는 생각은 하지만 한편으로는 꼭 저렇게까지 해야 되나 하는 생각도 듭니다.",
            "speaker": {
              "id": "1번",
              "sex": "남성",
              "age": "30대"
            },
            "speechAct": "(단언) 주장하기",
            "morpheme": "얼마나/MAG+불안/NNG+하/XSV+면/EC+저럴까/VV+EF+라는/ETM+생각/NNG+은/JX+하지만/MAJ+한편/NNG+으로/JKB+는/JX+꼭/MAG+저렇/VA+게/EC+까지/JX+해야/VV+EC+되/VV+나/EC+하/VV+는/ETM+생각/NNG+도/JX+듭니/UNKNOWN+다/EF"
          },
          {
            "id": 5,
            "text": "1 : 사재기해 보신 적 있으세요?",
            "norm_text": "사재기해 보신 적 있으세요?",
            "speaker": {
              "id": "1번",
              "sex": "남성",
              "age": "30대"
            },
            "speechAct": "(지시) 질문하기",
            "morpheme": "사재기/NNG+해/XSV+EC+보/VX+신/EP+ETM+적/NNB+있/VA+으세요/EF"
          },
          {
            "id": 6,
            "text": "2 : 저는 사재기까지는 해본 적이 없는 거 같아요",
            "norm_text": "저는 사재기까지는 해본 적이 없는 거 같아요",
            "speaker": {
              "id": "2번",
              "sex": "남성",
              "age": "30대"
            },
            "speechAct": "(단언) 주장하기",
            "morpheme": "저/NP+는/JX+사재/VV+기/ETN+까지/JX+는/JX+해/VV+EC+본/VX+ETM+적/NNB+이/JKS+없/VA+는/ETM+거/NNB+같/VA+아요/EC"
          },
          {
            "id": 7,
            "text": "2 : 그런데 사람 심리가 사재기를 다른 사람들이 하면 저도 막 가서 하는 편은 아닌데 우연히 보이면 저도 막 사게 되더라고요.",
            "norm_text": "그런데 사람 심리가 사재기를 다른 사람들이 하면 저도 막 가서 하는 편은 아닌데 우연히 보이면 저도 막 사게 되더라고요.",
            "speaker": {
              "id": "2번",
              "sex": "남성",
              "age": "30대"
            },
            "speechAct": "(단언) 진술하기",
            "morpheme": "그런데/MAJ+사람/NNG+심리/NNG+가/JKS+사재기/NNG+를/JKO+다른/MM+사람/NNG+들/XSN+이/JKS+하/VV+면/EC+저/NP+도/JX+막가/VV+서/EC+하/VV+는/ETM+편/NNB+은/JX+아닌데/VCN+EC+우연히/MAG+보이/VV+면/EC+저/MM+도막/NNG+사/VV+게/EC+되/VV+더라고요/EF"
          },
          {
            "id": 8,
            "text": "1 : 어떤 종류를 사재기 해보셨어요?",
            "norm_text": "어떤 종류를 사재기 해보셨어요?",
            "speaker": {
              "id": "1번",
              "sex": "남성",
              "age": "30대"
            },
            "speechAct": "(지시) 질문하기",
            "morpheme": "어떤/MM+종류/NNG+를/JKO+사재기/NNG+해/XSV+EC+보/VX+셨/EP+EP+어요/EF"
          },
          {
            "id": 9,
            "text": "2 : 저는 그냥 사재기는...  옛날에 마스크 정도?",
            "norm_text": "저는 그냥 사재기는...  옛날에 마스크 정도?",
            "speaker": {
              "id": "2번",
              "sex": "남성",
              "age": "30대"
            },
            "speechAct": "(단언) 진술하기",
            "morpheme": "저/NP+는/JX+그냥/MAG+사재/VV+기/ETN+는/JX+./SY+옛날/NNG+에/JKB+마스크/NNG+정도/NNG"
          },
          {
            "id": 10,
            "text": "2 : 근데 사재기 붐일 때 저한테 보이면 거의 풀린 거더라고요...",
            "norm_text": "근데 사재기 붐일 때 저한테 보이면 거의 풀린 거더라고요...",
            "speaker": {
              "id": "2번",
              "sex": "남성",
              "age": "30대"
            },
            "speechAct": "(단언) 진술하기",
            "morpheme": "근데/MAJ+사재기/NNG+붐/NNG+일/VCP+ETM+때/NNG+저/NP+한테/JKB+보이/VV+면/EC+거의/MAG+풀린/VV+ETM+거/NNB+더라고요/VCP+EF+./SY"
          },
          {
            "id": 11,
            "text": "1 : 예전에 한참 마스크를 사기가 너무 어려웠었어요.",
            "norm_text": "예전에 한참 마스크를 사기가 너무 어려웠었어요.",
            "speaker": {
              "id": "1번",
              "sex": "남성",
              "age": "30대"
            },
            "speechAct": "(단언) 진술하기",
            "morpheme": "예전/NNG+에/JKB+한참/NNG+마스크/NNG+를/JKO+사/VV+기/ETN+가/JKS+너무/MAG+어려웠/VA+EP+었/EP+어요/EF"
          },
          {
            "id": 12,
            "text": "1 : 그때 어떻게 구매하셨었어요?",
            "norm_text": "그때 어떻게 구매하셨었어요?",
            "speaker": {
              "id": "1번",
              "sex": "남성",
              "age": "30대"
            },
            "speechAct": "(지시) 질문하기",
            "morpheme": "그때/NNG+어떻게/MAG+구매/NNG+하/XSV+셨었/EP+EP+어요/EF"
          },
          {
            "id": 13,
            "text": "2 : 저는 마스크를 좀 늦게 썼던 거 같아요 없어서...",
            "norm_text": "저는 마스크를 좀 늦게 썼던 거 같아요 없어서...",
            "speaker": {
              "id": "2번",
              "sex": "남성",
              "age": "30대"
            },
            "speechAct": "(단언) 진술하기",
            "morpheme": "저/NP+는/JX+마스크/NNG+를/JKO+좀/MAG+늦/VA+게/EC+썼/VV+EP+던/ETM+거/NNB+같/VA+아요/EF+없/VA+어서/EC+./SY+./SY"
          },
          {
            "id": 14,
            "text": "1 : 정말 구하기 힘들었죠.",
            "norm_text": "정말 구하기 힘들었죠.",
            "speaker": {
              "id": "1번",
              "sex": "남성",
              "age": "30대"
            },
            "speechAct": "(단언) 진술하기",
            "morpheme": "정말/MAG+구하/VV+기/ETN+힘들/VA+었/EP+죠/EF"
          },
          {
            "id": 15,
            "text": "1 : 한 장에 천 원도 안 했던 마스크가 만 원에 거래되기도 했었잖아요.",
            "norm_text": "한 장에 천 원도 안 했던 마스크가 만 원에 거래되기도 했었잖아요.",
            "speaker": {
              "id": "1번",
              "sex": "남성",
              "age": "30대"
            },
            "speechAct": "(단언) 진술하기",
            "morpheme": "한/MM+장/NNBC+에/JKB+천/NR+원/NNBC+도/JX+안/MAG+했/VV+EP+던/ETM+마스크/NNG+가/JKS+만/NR+원/NNBC+에/JKB+거래/NNG+되/XSV+기/ETN+도/JX+했었잖/VX+EP+EC+VX+아요/EF"
          },
          {
            "id": 16,
            "text": "2 : 네",
            "norm_text": "네",
            "speaker": {
              "id": "2번",
              "sex": "남성",
              "age": "30대"
            },
            "speechAct": "(단언) 주장하기",
            "morpheme": "네/IC"
          },
          {
            "id": 17,
            "text": "2 : 근데 그렇게 돈 주고는 사기 싫어서 근데 한 개로 오래 쓰고 그랬던 거 같아요.",
            "norm_text": "근데 그렇게 돈 주고는 사기 싫어서 근데 한 개로 오래 쓰고 그랬던 거 같아요.",
            "speaker": {
              "id": "2번",
              "sex": "남성",
              "age": "30대"
            },
            "speechAct": "(단언) 주장하기",
            "morpheme": "근데/MAJ+그렇게/MAG+돈/NNG+주고/NNG+는/JX+사/VV+기/ETN+싫/VA+어서/EC+근데/MAJ+한/MM+개/NNBC+로/JKB+오래/MAG+쓰/VV+고/EC+그랬/VV+EP+던/ETM+거/NNB+같/VA+아요/EF"
          },
          {
            "id": 18,
            "text": "2 : 외국에서는 어떤 물건을 사재기하나요 요즘?",
            "norm_text": "외국에서는 어떤 물건을 사재기하나요 요즘?",
            "speaker": {
              "id": "2번",
              "sex": "남성",
              "age": "30대"
            },
            "speechAct": "(지시) 질문하기",
            "morpheme": "외국/NNG+에서/JKB+는/JX+어떤/MM+물건/NNG+을/JKO+사재/VV+기/ETN+하나/NR+요/VCP+EC+요즘/MAG"
          },
          {
            "id": 19,
            "text": "1 : 맞아요, 기본 두 세번은 썼던 거 같아요.",
            "norm_text": "맞아요, 기본 두 세번은 썼던 거 같아요.",
            "speaker": {
              "id": "1번",
              "sex": "남성",
              "age": "30대"
            },
            "speechAct": "(단언) 진술하기",
            "morpheme": "맞/VV+아요/EF+,/SC+기본/NNG+두세/MM+번/NNBC+은/JX+썼/VV+EP+던/ETM+거/NNB+같/VA+아요/EF"
          },
          {
            "id": 20,
            "text": "1 : 외국에서는 마스크 뿐만 아니라 생필품도 싹쓸이 하는 거 같더라고요.",
            "norm_text": "외국에서는 마스크 뿐만 아니라 생필품도 싹쓸이 하는 거 같더라고요.",
            "speaker": {
              "id": "1번",
              "sex": "남성",
              "age": "30대"
            },
            "speechAct": "(단언) 진술하기",
            "morpheme": "외국/NNG+에서/JKB+는/JX+마스크/NNG+뿐/JX+만/JX+아니/VCN+라/EC+생필품/NNG+도/JX+싹쓸이/NNG+하/XSV+는/ETM+거/NNB+같/VA+더라고요/EF"
          },
          {
            "id": 21,
            "text": "2 : 아 집에서 안 나가려고 그러는 거 같아요",
            "norm_text": "아 집에서 안 나가려고 그러는 거 같아요",
            "speaker": {
              "id": "2번",
              "sex": "남성",
              "age": "30대"
            },
            "speechAct": "(단언) 주장하기",
            "morpheme": "아집/NNG+에서/JKB+안/MAG+나가/VV+려고/EC+그러/VV+는/ETM+거/NNB+같/VA+아요/EC"
          },
          {
            "id": 22,
            "text": "2 : 외국은 지금 저희보다 더 심한가요?",
            "norm_text": "외국은 지금 저희보다 더 심한가요?",
            "speaker": {
              "id": "2번",
              "sex": "남성",
              "age": "30대"
            },
            "speechAct": "(지시) 질문하기",
            "morpheme": "외국/NNG+은/JX+지금/MAG+저희/NP+보다/JKB+더/MAG+심한/VA+ETM+가요/NNG"
          },
          {
            "id": 23,
            "text": "1 : 그나마 저희가 확진자 수는 전세계적으로 적은 편이라고 하는 거 같더라고요.",
            "norm_text": "그나마 저희가 확진자 수는 전세계적으로 적은 편이라고 하는 거 같더라고요.",
            "speaker": {
              "id": "1번",
              "sex": "남성",
              "age": "30대"
            },
            "speechAct": "(단언) 진술하기",
            "morpheme": "그나마/MAG+저희/NP+가/JKS+확진/NNG+자수/NNG+는/JX+전/MM+세계/NNG+적/XSN+으로/JKB+적/VA+은/ETM+편/NNB+이/VCP+라고/EC+하/VV+는/ETM+거/NNB+같/VA+더라고요/EF"
          },
          {
            "id": 24,
            "text": "1 : 대중교통 이용할 때 좀 불안하지 않나요?",
            "norm_text": "대중교통 이용할 때 좀 불안하지 않나요?",
            "speaker": {
              "id": "1번",
              "sex": "남성",
              "age": "30대"
            },
            "speechAct": "(지시) 질문하기",
            "morpheme": "대중교통/NNG+이용/NNG+할/XSV+ETM+때/NNG+좀/MAG+불안/NNG+하/XSV+지/EC+않/VX+나요/EF"
          },
          {
            "id": 25,
            "text": "2 : 네 불안해요",
            "norm_text": "네 불안해요",
            "speaker": {
              "id": "2번",
              "sex": "남성",
              "age": "30대"
            },
            "speechAct": "(단언) 주장하기",
            "morpheme": "네/IC+불안/NNG+해요/XSV+EC"
          },
          {
            "id": 26,
            "text": "2 : 불안해서 출근할 때 기침 조금이라도 하는 사람 보면 피하고 그래요",
            "norm_text": "불안해서 출근할 때 기침 조금이라도 하는 사람 보면 피하고 그래요",
            "speaker": {
              "id": "2번",
              "sex": "남성",
              "age": "30대"
            },
            "speechAct": "(단언) 주장하기",
            "morpheme": "불안/NNG+해서/XSV+EC+출근/NNG+할/XSV+ETM+때기/NNG+침/NNG+조금/NNG+이/VCP+라도/EC+하/VV+는/ETM+사람/NNG+보/VV+면/EC+피하/VV+고/EC+그래요/VV+EC"
          },
          {
            "id": 27,
            "text": "2 : **씨도 그러신가요?",
            "norm_text": "**씨도 그러신가요?",
            "speaker": {
              "id": "2번",
              "sex": "남성",
              "age": "30대"
            },
            "speechAct": "(지시) 질문하기",
            "morpheme": "*/SY+*/SY+씨/NNB+도/JX+그러/VV+신가요/EP+EF"
          },
          {
            "id": 28,
            "text": "1 : 저도 너무 불안해요.",
            "norm_text": "저도 너무 불안해요.",
            "speaker": {
              "id": "1번",
              "sex": "남성",
              "age": "30대"
            },
            "speechAct": "(단언) 주장하기",
            "morpheme": "저/NP+도/JX+너무/MAG+불안/NNG+해요/XSV+EF"
          },
          {
            "id": 29,
            "text": "1 : 오늘 오는 길에 버스 뒷자리에 앉아계신 분이 계속 기침하길래 신경이 너무 쓰였어요.",
            "norm_text": "오늘 오는 길에 버스 뒷자리에 앉아계신 분이 계속 기침하길래 신경이 너무 쓰였어요.",
            "speaker": {
              "id": "1번",
              "sex": "남성",
              "age": "30대"
            },
            "speechAct": "(단언) 주장하기",
            "morpheme": "오늘/MAG+오/VV+는/ETM+길/NNG+에/JKB+버스/NNG+뒷자리/NNG+에/JKB+앉/VV+아/EC+계신/VX+ETM+분/NNB+이/JKS+계속/MAG+기침/NNG+하/XSV+길래/EC+신경/NNG+이/JKS+너무/MAG+쓰였/VV+EP+어요/EF"
          },
          {
            "id": 30,
            "text": "2 : 아 저희도 외국처럼 저런 현상이 일어나지 않게 열심히 방역에 힘을 써요!",
            "norm_text": "아 저희도 외국처럼 저런 현상이 일어나지 않게 열심히 방역에 힘을 써요!",
            "speaker": {
              "id": "2번",
              "sex": "남성",
              "age": "30대"
            },
            "speechAct": "(단언) 주장하기",
            "morpheme": "아/IC+저희/NP+도/JX+외국/NNG+처럼/JKB+저런/MM+현상/NNG+이/JKS+일어나/VV+지/EC+않/VX+게/EC+열심히/MAG+방역/NNG+에/JKB+힘/NNG+을/JKO+써요/VV+EF"
          }
        ]
      }
    }
  ]
}