{
  "dataset": {
    "identifier": 112743,
    "name": "NATEON_35_12_set",
    "src_path": "/data/file/cubeManager/PROJECT001/80/txt20211103154238040086/NATEON_35_12_set/",
    "label_path": "/data/file/cubeManager/PROJECT001/80/txt20211103154238040086/NATEON_35_12_set/",
    "category": 2,
    "type": 0
  },
  "licenses": {
    "name": "Apache License 1.0",
    "url": "http://www.apache.org/licenses/LICENSE-1.0"
  },
  "info": [
    {
      "id": 135487,
      "filename": "NATEON_35_12.txt",
      "title": "NATEON_35_12",
      "mediatype": "메신저",
      "medianame": "네이트온",
      "category": "일상대화",
      "date": "2021-11-03",
      "size": 428,
      "annotations": {
        "subject": "여행",
        "speaker_type": "다자간 대화",
        "size": 428,
        "word_size": 143,
        "text": "1 : 나 코로나 풀리면 순례길 갈꺼야\n2 : 아 나도 코로나 풀리면 놀러 다닐거야 ㅠㅠ\n3 : 아 그거 예능에서도 나왔잖아!\n1 : 응 산티아고 순례길 인가?\n2 : 그거 어디 예능에 나왔어?\n3 : 보기보다 엄청 힘들다고 들었어\n1 : 차승원 나오는 예능일 걸?\n2 : 원래 길들이 가면 엄청 힘들더라고 ㅠㅠ\n2 ; 아 유해진이랑 나온 거?\n3 : 차승원 유해진 나오는 예능!\n1 : 고생끝에 달콤함이 온다고 했어!\n2 : 오오 맞아 나 그거 본 거 같아 숙소 잡아서 사람들 밥 해준거!\n3 : 어 맞아 해외에서 촬영한거!\n1 : 근데 비용도 좀 들겠지?\n2 : 아 거기 나도 한번 가보고 싶긴 하더라 키키 응 거기 비용 꽤 들듯\n3 : 아무래도 비용을 빼놓을 순 없지\n1 : 흠 그럼 지금부터 돈 모아야지\n2 : 나도 코로나 전에 열심히 모아봐야겠다 키키\n3 : 키키 그래 다 같이 돈 모으자",
        "lines": [
          {
            "id": 1,
            "text": "1 : 나 코로나 풀리면 순례길 갈꺼야",
            "norm_text": "나 코로나 풀리면 순례길 갈꺼야",
            "speaker": {
              "id": "1번",
              "sex": "여성",
              "age": "20대"
            },
            "speechAct": "(단언) 주장하기",
            "morpheme": "나/NP+코로나/NNG+풀리/VV+면/EC+순례/NNG+길갈/NNG+꺼야/VV+EC"
          },
          {
            "id": 2,
            "text": "2 : 아 나도 코로나 풀리면 놀러 다닐거야 ㅠㅠ",
            "norm_text": "아 나도 코로나 풀리면 놀러 다닐거야 ㅠㅠ",
            "speaker": {
              "id": "2번",
              "sex": "여성",
              "age": "20대"
            },
            "speechAct": "(단언) 주장하기",
            "morpheme": "아/IC+나/NP+도/JX+코로나/NNG+풀리/VV+면/EC+놀/VV+러/EC+다닐/VV+ETM+거/NNB+야/VCP+EF+ㅠㅠ/UNKNOWN"
          },
          {
            "id": 3,
            "text": "3 : 아 그거 예능에서도 나왔잖아!",
            "norm_text": "아 그거 예능에서도 나왔잖아!",
            "speaker": {
              "id": "3번",
              "sex": "남성",
              "age": "20대"
            },
            "speechAct": "(단언) 주장하기",
            "morpheme": "아/IC+그거/NP+예능/NNG+에서/JKB+도/JX+나왔/VV+EP+잖아/EF"
          },
          {
            "id": 4,
            "text": "1 : 응 산티아고 순례길 인가?",
            "norm_text": "응 산티아고 순례길 인가?",
            "speaker": {
              "id": "1번",
              "sex": "여성",
              "age": "20대"
            },
            "speechAct": "(지시) 질문하기",
            "morpheme": "응/IC+산티아고/NNP+순례/NNG+길/NNG+인가/VCP+EF"
          },
          {
            "id": 5,
            "text": "2 : 그거 어디 예능에 나왔어?",
            "norm_text": "그거 어디 예능에 나왔어?",
            "speaker": {
              "id": "2번",
              "sex": "여성",
              "age": "20대"
            },
            "speechAct": "(지시) 질문하기",
            "morpheme": "그거/NP+어디/NP+예능/NNG+에/JKB+나왔/VV+EP+어/EF"
          },
          {
            "id": 6,
            "text": "3 : 보기보다 엄청 힘들다고 들었어",
            "norm_text": "보기보다 엄청 힘들다고 들었어",
            "speaker": {
              "id": "3번",
              "sex": "남성",
              "age": "20대"
            },
            "speechAct": "(단언) 주장하기",
            "morpheme": "보/VV+기/ETN+보다/JKB+엄청/MAG+힘들/VA+다고/EC+들/VX+었/EP+어/EC"
          },
          {
            "id": 7,
            "text": "1 : 차승원 나오는 예능일 걸?",
            "norm_text": "차승원 나오는 예능일 걸?",
            "speaker": {
              "id": "1번",
              "sex": "여성",
              "age": "20대"
            },
            "speechAct": "(단언) 주장하기",
            "morpheme": "차승원/NNP+나오/VV+는/ETM+예능/NNG+일걸/VCP+EF"
          },
          {
            "id": 8,
            "text": "2 : 원래 길들이 가면 엄청 힘들더라고 ㅠㅠ",
            "norm_text": "원래 길들이 가면 엄청 힘들더라고 ㅠㅠ",
            "speaker": {
              "id": "2번",
              "sex": "여성",
              "age": "20대"
            },
            "speechAct": "(단언) 주장하기",
            "morpheme": "원래/MAG+길/NNG+들/XSN+이/JKS+가/VV+면/EC+엄청/MAG+힘들/VA+더라고/EF+ㅠㅠ/UNKNOWN"
          },
          {
            "id": 9,
            "text": "2 ; 아 유해진이랑 나온 거?",
            "norm_text": "아 유해진이랑 나온 거?",
            "speaker": {
              "id": "2번",
              "sex": "여성",
              "age": "20대"
            },
            "speechAct": "(지시) 질문하기",
            "morpheme": "아/IC+유해진/NNP+이/XSN+랑/JKB+나온/VV+ETM+거/NNB"
          },
          {
            "id": 10,
            "text": "3 : 차승원 유해진 나오는 예능!",
            "norm_text": "차승원 유해진 나오는 예능!",
            "speaker": {
              "id": "3번",
              "sex": "남성",
              "age": "20대"
            },
            "speechAct": "(단언) 주장하기",
            "morpheme": "차승/NNG+원유/NNG+해진/XSA+EC+VX+ETM+나오/VV+는/ETM+예능/NNG"
          },
          {
            "id": 11,
            "text": "1 : 고생끝에 달콤함이 온다고 했어!",
            "norm_text": "고생끝에 달콤함이 온다고 했어!",
            "speaker": {
              "id": "1번",
              "sex": "여성",
              "age": "20대"
            },
            "speechAct": "(단언) 진술하기",
            "morpheme": "고생/NNG+끝/NNG+에/JKB+달콤/XR+함/XSA+ETN+이/JKS+온다고/VV+EC+했/VX+EP+어/EF"
          },
          {
            "id": 12,
            "text": "2 : 오오 맞아 나 그거 본 거 같아 숙소 잡아서 사람들 밥 해준거!",
            "norm_text": "오오 맞아 나 그거 본 거 같아 숙소 잡아서 사람들 밥 해준거!",
            "speaker": {
              "id": "2번",
              "sex": "여성",
              "age": "20대"
            },
            "speechAct": "(단언) 주장하기",
            "morpheme": "오/NR+오/NR+맞/VV+아나/EC+그거/NP+본/VV+ETM+거/NNB+같/VA+아/EC+숙소/NNG+잡/VV+아서/EC+사람/NNG+들/XSN+밥/NNG+해/XSV+EC+준/VX+ETM+거/NNB"
          },
          {
            "id": 13,
            "text": "3 : 어 맞아 해외에서 촬영한거!",
            "norm_text": "어 맞아 해외에서 촬영한거!",
            "speaker": {
              "id": "3번",
              "sex": "남성",
              "age": "20대"
            },
            "speechAct": "(단언) 주장하기",
            "morpheme": "어/IC+맞/VV+아/EC+해외/NNG+에서/JKB+촬영/NNG+한/XSA+ETM+거/NNB"
          },
          {
            "id": 14,
            "text": "1 : 근데 비용도 좀 들겠지?",
            "norm_text": "근데 비용도 좀 들겠지?",
            "speaker": {
              "id": "1번",
              "sex": "여성",
              "age": "20대"
            },
            "speechAct": "(지시) 질문하기",
            "morpheme": "근데/MAJ+비용/NNG+도/JX+좀/MAG+들/VV+겠/EP+지/EF"
          },
          {
            "id": 15,
            "text": "2 : 아 거기 나도 한번 가보고 싶긴 하더라 키키 응 거기 비용 꽤 들듯",
            "norm_text": "아 거기 나도 한번 가보고 싶긴 하더라 키키 응 거기 비용 꽤 들듯",
            "speaker": {
              "id": "2번",
              "sex": "여성",
              "age": "20대"
            },
            "speechAct": "(단언) 주장하기",
            "morpheme": "아/IC+거기/NP+나/NP+도/JX+한/MM+번/NNBC+가/JKS+보/VV+고/EC+싶/VX+긴/ETN+JX+하/VX+더라/EC+키/NNG+키/XSV+ETN+응/IC+거기/NP+비용/NNG+꽤/MAG+들/VV+듯/EC"
          },
          {
            "id": 16,
            "text": "3 : 아무래도 비용을 빼놓을 순 없지",
            "norm_text": "아무래도 비용을 빼놓을 순 없지",
            "speaker": {
              "id": "3번",
              "sex": "남성",
              "age": "20대"
            },
            "speechAct": "(단언) 주장하기",
            "morpheme": "아무래도/MAG+비용/NNG+을/JKO+빼놓/VV+을/ETM+순/NNB+JX+없/VA+지/EC"
          },
          {
            "id": 17,
            "text": "1 : 흠 그럼 지금부터 돈 모아야지",
            "norm_text": "흠 그럼 지금부터 돈 모아야지",
            "speaker": {
              "id": "1번",
              "sex": "여성",
              "age": "20대"
            },
            "speechAct": "(단언) 주장하기",
            "morpheme": "흠/IC+그럼/MAJ+지금/NNG+부터/JX+돈/NNG+모아야지/VV+EC"
          },
          {
            "id": 18,
            "text": "2 : 나도 코로나 전에 열심히 모아봐야겠다 키키",
            "norm_text": "나도 코로나 전에 열심히 모아봐야겠다 키키",
            "speaker": {
              "id": "2번",
              "sex": "여성",
              "age": "20대"
            },
            "speechAct": "(단언) 주장하기",
            "morpheme": "나/NP+도/JX+코/NNG+로/JKB+나전/NNG+에/JKB+열심히/MAG+모아/VV+EC+봐야/VX+EC+VV+겠/EP+다키키/NNP"
          },
          {
            "id": 19,
            "text": "3 : 키키 그래 다 같이 돈 모으자",
            "norm_text": "키키 그래 다 같이 돈 모으자",
            "speaker": {
              "id": "3번",
              "sex": "남성",
              "age": "20대"
            },
            "speechAct": "(지시) 충고/제안하기",
            "morpheme": "키/NNG+키/XSV+ETN+그래/JX+다/MAG+같이/MAG+돈/NNG+모으/VV+자/EC"
          }
        ]
      }
    }
  ]
}