{
  "dataset": {
    "identifier": 127934,
    "name": "NATEON_39_09_set",
    "src_path": "/data/file/cubeManager/PROJECT001/84/txt20211108181225072064/NATEON_39_09_set/",
    "label_path": "/data/file/cubeManager/PROJECT001/84/txt20211108181225072064/NATEON_39_09_set/",
    "category": 2,
    "type": 0
  },
  "licenses": {
    "name": "Apache License 1.0",
    "url": "http://www.apache.org/licenses/LICENSE-1.0"
  },
  "info": [
    {
      "id": 141893,
      "filename": "NATEON_39_09.txt",
      "title": "NATEON_39_09",
      "mediatype": "메신저",
      "medianame": "네이트온",
      "category": "일상대화",
      "date": "2021-11-08",
      "size": 75,
      "annotations": {
        "subject": "반려동물",
        "speaker_type": "다자간 대화",
        "size": 75,
        "word_size": 28,
        "text": "1 : 나 오늘 강아지 산책 중~\n2 : 오 애기 엄청 신나 있겠네 키키\n3 : 아 공원에서 하고 있어?\n1 : 응 얘가 풀냄새 맡고 난리네",
        "lines": [
          {
            "id": 1,
            "text": "1 : 나 오늘 강아지 산책 중~",
            "norm_text": "나 오늘 강아지 산책 중~",
            "speaker": {
              "id": "1번",
              "sex": "여성",
              "age": "20대"
            },
            "speechAct": "(단언) 진술하기",
            "morpheme": "나/NP+오늘/MAG+강아지/NNG+산책/NNG+중/NNB+~/SY"
          },
          {
            "id": 2,
            "text": "2 : 오 애기 엄청 신나 있겠네 키키",
            "norm_text": "오 애기 엄청 신나 있겠네 키키",
            "speaker": {
              "id": "2번",
              "sex": "여성",
              "age": "20대"
            },
            "speechAct": "(단언) 주장하기",
            "morpheme": "오/NR+애기/NNG+엄청/MAG+신나/VV+EC+있/VX+겠/EP+네/EF+키/NNG+키/XSV+ETN"
          },
          {
            "id": 3,
            "text": "3 : 아 공원에서 하고 있어?",
            "norm_text": "아 공원에서 하고 있어?",
            "speaker": {
              "id": "3번",
              "sex": "남성",
              "age": "20대"
            },
            "speechAct": "(지시) 질문하기",
            "morpheme": "아/IC+공원/NNG+에서/JKB+하/VV+고/EC+있/VX+어/EF"
          },
          {
            "id": 4,
            "text": "1 : 응 얘가 풀냄새 맡고 난리네",
            "norm_text": "응 얘가 풀냄새 맡고 난리네",
            "speaker": {
              "id": "1번",
              "sex": "여성",
              "age": "20대"
            },
            "speechAct": "(단언) 진술하기",
            "morpheme": "응/IC+얘/NP+가/JKS+풀/VV+ETM+냄새/NNG+맡/VV+고/EC+난리/NP+네/XSN"
          }
        ]
      }
    }
  ]
}