{
  "dataset": {
    "identifier": 101750,
    "name": "NATEON_27_16_set",
    "src_path": "/data/file/cubeManager/PROJECT001/77/txt20211027152211013581/NATEON_27_16_set/",
    "label_path": "/data/file/cubeManager/PROJECT001/77/txt20211027152211013581/NATEON_27_16_set/",
    "category": 2,
    "type": 0
  },
  "licenses": {
    "name": "Apache License 1.0",
    "url": "http://www.apache.org/licenses/LICENSE-1.0"
  },
  "info": [
    {
      "id": 99457,
      "filename": "NATEON_27_16.txt",
      "title": "NATEON_27_16",
      "mediatype": "메신저",
      "medianame": "네이트온",
      "category": "일상대화",
      "date": "2021-10-27",
      "size": 478,
      "annotations": {
        "subject": "미용",
        "speaker_type": "다자간 대화",
        "size": 478,
        "word_size": 166,
        "text": "1 : 나 이번에 앞머리 새로 내려고!\n2 : 앞머리?\n2 : 안돼 참아\n2 : 후회해 안돼\n3 : 키키 그러니까\n3 : 앞머리는 절대 하지마\n1 : 왜 ㅠㅠ 나는 앞머리 있는 게 좋은데 ㅠㅠ\n2 : 아니야\n2 : 그거 진짜 후회 한다 ㅠㅠ\n2 : 안돼 말려 말려~\n3 : 벌써 미용실 예약한 거야?\n1 : 응... 벌써 예약은 다 했지...\n2 : 흠 앞머리 어떻게 내리려고 ㅠㅠ\n3 : 키키 역시 준비성은 철저하다 정말!\n1 : 앞머리 조금만 내려고, 관리 어려우니까 하하\n2 : 여태까지 기른 거 아깝지는 않을 거 같아? ㅠㅠ\n3 : 앞머리 바람에 날리면 불편할 거 같아ㅜ\n1 : 그런가,\n1 : 예약 그냥 취소할까?\n2 : 응 취소해... ㅠㅠ\n2 : 앞머리 나 맨날 후회 했다고 ㅠㅠ\n3 : 그래\n3 : 아직 안 잘랐으니까 예약 취소해!\n1 : 알겠어 ㅠㅠ\n1 : 너희 말 듣고 취소할게!\n2 : 웅 좀만 더 길러서 여성스럽게 옆머리 하자~\n3 : 키키 그래~\n3 : 앞머리 없는 게 더 나아~",
        "lines": [
          {
            "id": 1,
            "text": "1 : 나 이번에 앞머리 새로 내려고!",
            "norm_text": "나 이번에 앞머리 새로 내려고!",
            "speaker": {
              "id": "1번",
              "sex": "여성",
              "age": "20대"
            },
            "speechAct": "(단언) 주장하기",
            "morpheme": "나/NP+이번/NNG+에/JKB+앞머리/NNG+새로/MAG+내/VV+려고/EF"
          },
          {
            "id": 2,
            "text": "2 : 앞머리?",
            "norm_text": "앞머리?",
            "speaker": {
              "id": "2번",
              "sex": "여성",
              "age": "20대"
            },
            "speechAct": "(지시) 질문하기",
            "morpheme": "앞머리/NNG"
          },
          {
            "id": 3,
            "text": "2 : 안돼 참아",
            "norm_text": "안돼 참아",
            "speaker": {
              "id": "2번",
              "sex": "여성",
              "age": "20대"
            },
            "speechAct": "(지시) 충고/제안하기",
            "morpheme": "안/MAG+돼/VV+EC+참/VV+아/EC"
          },
          {
            "id": 4,
            "text": "2 : 후회해 안돼",
            "norm_text": "후회해 안돼",
            "speaker": {
              "id": "2번",
              "sex": "여성",
              "age": "20대"
            },
            "speechAct": "(지시) 충고/제안하기",
            "morpheme": "후회/NNG+해/XSV+EC+안/MAG+돼/VV+EC"
          },
          {
            "id": 5,
            "text": "3 : 키키 그러니까",
            "norm_text": "키키 그러니까",
            "speaker": {
              "id": "3번",
              "sex": "남성",
              "age": "20대"
            },
            "speechAct": "(단언) 주장하기",
            "morpheme": "키/NNG+키/XSV+ETN+그러/VV+니까/EC"
          },
          {
            "id": 6,
            "text": "3 : 앞머리는 절대 하지마",
            "norm_text": "앞머리는 절대 하지마",
            "speaker": {
              "id": "3번",
              "sex": "남성",
              "age": "20대"
            },
            "speechAct": "(지시) 충고/제안하기",
            "morpheme": "앞머리/NNG+는/JX+절대/NNG+하/XSV+지/EC+마/VX+EC"
          },
          {
            "id": 7,
            "text": "1 : 왜 ㅠㅠ 나는 앞머리 있는 게 좋은데 ㅠㅠ",
            "norm_text": "왜 ㅠㅠ 나는 앞머리 있는 게 좋은데 ㅠㅠ",
            "speaker": {
              "id": "1번",
              "sex": "여성",
              "age": "20대"
            },
            "speechAct": "(단언) 주장하기",
            "morpheme": "왜/MAG+ㅠㅠ/UNKNOWN+나/NP+는/JX+앞머리/NNG+있/VA+는/ETM+게/NNB+JKS+좋/VA+은데/EC+ㅠㅠ/UNKNOWN"
          },
          {
            "id": 8,
            "text": "2 : 아니야",
            "norm_text": "아니야",
            "speaker": {
              "id": "2번",
              "sex": "여성",
              "age": "20대"
            },
            "speechAct": "(단언) 반박하기",
            "morpheme": "아니/VCN+야/EC"
          },
          {
            "id": 9,
            "text": "2 : 그거 진짜 후회 한다 ㅠㅠ",
            "norm_text": "그거 진짜 후회 한다 ㅠㅠ",
            "speaker": {
              "id": "2번",
              "sex": "여성",
              "age": "20대"
            },
            "speechAct": "(단언) 주장하기",
            "morpheme": "그거/NP+진짜/MAG+후회/NNG+한다/XSV+EF+ㅠㅠ/UNKNOWN"
          },
          {
            "id": 10,
            "text": "2 : 안돼 말려 말려~",
            "norm_text": "안돼 말려 말려~",
            "speaker": {
              "id": "2번",
              "sex": "여성",
              "age": "20대"
            },
            "speechAct": "(지시) 충고/제안하기",
            "morpheme": "안/MAG+돼/VV+EC+말려/VV+EC+말려/VV+EC+~/SY"
          },
          {
            "id": 11,
            "text": "3 : 벌써 미용실 예약한 거야?",
            "norm_text": "벌써 미용실 예약한 거야?",
            "speaker": {
              "id": "3번",
              "sex": "남성",
              "age": "20대"
            },
            "speechAct": "(지시) 질문하기",
            "morpheme": "벌써/MAG+미용실/NNG+예약/NNG+한/XSA+ETM+거/NNB+야/VCP+EF"
          },
          {
            "id": 12,
            "text": "1 : 응... 벌써 예약은 다 했지...",
            "norm_text": "응... 벌써 예약은 다 했지...",
            "speaker": {
              "id": "1번",
              "sex": "여성",
              "age": "20대"
            },
            "speechAct": "(단언) 주장하기",
            "morpheme": "응/IC+./SY+벌써/MAG+예약/NNG+은/JX+다/MAG+했/VV+EP+지/EF+./SY"
          },
          {
            "id": 13,
            "text": "2 : 흠 앞머리 어떻게 내리려고 ㅠㅠ",
            "norm_text": "흠 앞머리 어떻게 내리려고 ㅠㅠ",
            "speaker": {
              "id": "2번",
              "sex": "여성",
              "age": "20대"
            },
            "speechAct": "(지시) 질문하기",
            "morpheme": "흠/IC+앞머리/NNG+어떻게/MAG+내리/VV+려고/EC+ㅠㅠ/UNKNOWN"
          },
          {
            "id": 14,
            "text": "3 : 키키 역시 준비성은 철저하다 정말!",
            "norm_text": "키키 역시 준비성은 철저하다 정말!",
            "speaker": {
              "id": "3번",
              "sex": "남성",
              "age": "20대"
            },
            "speechAct": "(단언) 주장하기",
            "morpheme": "키/NNG+키/XSV+ETN+역시/MAJ+준비/NNG+성/XSN+은/JX+철저/NNG+하/XSV+다/EC+정말/MAG"
          },
          {
            "id": 15,
            "text": "1 : 앞머리 조금만 내려고, 관리 어려우니까 하하",
            "norm_text": "앞머리 조금만 내려고, 관리 어려우니까 하하",
            "speaker": {
              "id": "1번",
              "sex": "여성",
              "age": "20대"
            },
            "speechAct": "(단언) 주장하기",
            "morpheme": "앞머리/NNG+조금/NNG+만/JX+내/VV+려고/EC+,/SC+관리/NNG+어려우/VA+니까/EC+하하/MAG"
          },
          {
            "id": 16,
            "text": "2 : 여태까지 기른 거 아깝지는 않을 거 같아? ㅠㅠ",
            "norm_text": "여태까지 기른 거 아깝지는 않을 거 같아? ㅠㅠ",
            "speaker": {
              "id": "2번",
              "sex": "여성",
              "age": "20대"
            },
            "speechAct": "(지시) 질문하기",
            "morpheme": "여태/MAG+까지/JX+기른/VV+ETM+거/NNB+아깝/VA+지/EC+는/JX+않/VX+을/ETM+거/NNB+같/VA+아/EF+ㅠㅠ/UNKNOWN"
          },
          {
            "id": 17,
            "text": "3 : 앞머리 바람에 날리면 불편할 거 같아ㅜ",
            "norm_text": "앞머리 바람에 날리면 불편할 거 같아ㅜ",
            "speaker": {
              "id": "3번",
              "sex": "남성",
              "age": "20대"
            },
            "speechAct": "(단언) 주장하기",
            "morpheme": "앞머리/NNG+바람/NNB+에/JKB+날리/VV+면/EC+불편/NNG+할/XSV+ETM+거/NNB+같/VA+아/EC+ㅜ/UNKNOWN"
          },
          {
            "id": 18,
            "text": "1 : 그런가,",
            "norm_text": "그런가,",
            "speaker": {
              "id": "1번",
              "sex": "여성",
              "age": "20대"
            },
            "speechAct": "(지시) 질문하기",
            "morpheme": "그런가/VA+EC+,/SC"
          },
          {
            "id": 19,
            "text": "1 : 예약 그냥 취소할까?",
            "norm_text": "예약 그냥 취소할까?",
            "speaker": {
              "id": "1번",
              "sex": "여성",
              "age": "20대"
            },
            "speechAct": "(지시) 질문하기",
            "morpheme": "예약/NNG+그냥/MAG+취소/NNG+할까/XSV+EF"
          },
          {
            "id": 20,
            "text": "2 : 응 취소해... ㅠㅠ",
            "norm_text": "응 취소해... ㅠㅠ",
            "speaker": {
              "id": "2번",
              "sex": "여성",
              "age": "20대"
            },
            "speechAct": "(지시) 충고/제안하기",
            "morpheme": "응/IC+취소/NNG+해/XSV+EF+./SY+ㅠㅠ/UNKNOWN"
          },
          {
            "id": 21,
            "text": "2 : 앞머리 나 맨날 후회 했다고 ㅠㅠ",
            "norm_text": "앞머리 나 맨날 후회 했다고 ㅠㅠ",
            "speaker": {
              "id": "2번",
              "sex": "여성",
              "age": "20대"
            },
            "speechAct": "(단언) 주장하기",
            "morpheme": "앞머리/NNG+나/JC+맨날/MAG+후회/NNG+했/XSV+EP+다고/EC+ㅠㅠ/UNKNOWN"
          },
          {
            "id": 22,
            "text": "3 : 그래",
            "norm_text": "그래",
            "speaker": {
              "id": "3번",
              "sex": "남성",
              "age": "20대"
            },
            "speechAct": "(표현) 긍정감정 표현하기",
            "morpheme": "그래/VA+EC"
          },
          {
            "id": 23,
            "text": "3 : 아직 안 잘랐으니까 예약 취소해!",
            "norm_text": "아직 안 잘랐으니까 예약 취소해!",
            "speaker": {
              "id": "3번",
              "sex": "남성",
              "age": "20대"
            },
            "speechAct": "(지시) 충고/제안하기",
            "morpheme": "아직/MAG+안/MAG+잘랐/VV+EP+으니까/EC+예약/NNG+취소/NNG+해/XSV+EF"
          },
          {
            "id": 24,
            "text": "1 : 알겠어 ㅠㅠ",
            "norm_text": "알겠어 ㅠㅠ",
            "speaker": {
              "id": "1번",
              "sex": "여성",
              "age": "20대"
            },
            "speechAct": "(단언) 주장하기",
            "morpheme": "알/VV+겠/EP+어/EF+ㅠㅠ/UNKNOWN"
          },
          {
            "id": 25,
            "text": "1 : 너희 말 듣고 취소할게!",
            "norm_text": "너희 말 듣고 취소할게!",
            "speaker": {
              "id": "1번",
              "sex": "여성",
              "age": "20대"
            },
            "speechAct": "(단언) 주장하기",
            "morpheme": "너희/NP+말/NNG+듣/VV+고/EC+취소/NNG+할게/XSV+EF"
          },
          {
            "id": 26,
            "text": "2 : 웅 좀만 더 길러서 여성스럽게 옆머리 하자~",
            "norm_text": "웅 좀만 더 길러서 여성스럽게 옆머리 하자~",
            "speaker": {
              "id": "2번",
              "sex": "여성",
              "age": "20대"
            },
            "speechAct": "(지시) 충고/제안하기",
            "morpheme": "웅/IC+좀/MAG+만/JX+더/MAG+길러서/VV+EC+여성/NNG+스럽/XSA+게/EC+옆머리/NNG+하/XSV+자/EC+~/SY"
          },
          {
            "id": 27,
            "text": "3 : 키키 그래~",
            "norm_text": "키키 그래~",
            "speaker": {
              "id": "3번",
              "sex": "남성",
              "age": "20대"
            },
            "speechAct": "(단언) 주장하기",
            "morpheme": "키/NNG+키/XSV+ETN+그래/VA+EC+~/SY"
          },
          {
            "id": 28,
            "text": "3 : 앞머리 없는 게 더 나아~",
            "norm_text": "앞머리 없는 게 더 나아~",
            "speaker": {
              "id": "3번",
              "sex": "남성",
              "age": "20대"
            },
            "speechAct": "(단언) 주장하기",
            "morpheme": "앞머리/NNG+없/VA+는/ETM+게/NNB+JKS+더/MAG+나/VV+아/EC+~/SY"
          }
        ]
      }
    }
  ]
}