{
  "dataset": {
    "identifier": 114088,
    "name": "NATEON_35_19_set",
    "src_path": "/data/file/cubeManager/PROJECT001/80/txt20211103154238047164/NATEON_35_19_set/",
    "label_path": "/data/file/cubeManager/PROJECT001/80/txt20211103154238047164/NATEON_35_19_set/",
    "category": 2,
    "type": 0
  },
  "licenses": {
    "name": "Apache License 1.0",
    "url": "http://www.apache.org/licenses/LICENSE-1.0"
  },
  "info": [
    {
      "id": 135494,
      "filename": "NATEON_35_19.txt",
      "title": "NATEON_35_19",
      "mediatype": "메신저",
      "medianame": "네이트온",
      "category": "일상대화",
      "date": "2021-11-03",
      "size": 412,
      "annotations": {
        "subject": "방송/연예",
        "speaker_type": "다자간 대화",
        "size": 412,
        "word_size": 137,
        "text": "1 : 다들 슬의생 봤어?\n1 : 이제 본다 ㅠ\n2 : 아니 나도 아직 안 봤어 ㅠㅠ\n3 : 아니 슬의생을 이제 보다니!\n1 : 요즘 일이 너무 바빠서ㅠ\n2 : 나 맨날 모아서 정주행 한다고 그러고선 까먹고 안 봐 키키\n3 : 맞아 일이 바쁘면 잘 못보지\n1 : 나지금 시즌1부터 정주행 중!\n2 : 그거 시즌2 까지 나왔다고 그랬지?\n3 : 그 드라마 시즌2까지 나왔지?\n1 : 응 하하 그래서 갈 길이 멉니다~\n2 : 그거 슬의생 전에 비슷한거 뭐 또 있었는데!\n3 : 키키 다 보고 감상평 주세요~\n1 : 슬의생이랑 비슷한 드라마가 있어?\n2 : 웅 제목이 비슷한 거 있었는데 ㅠㅠ!\n3 : 그러게 비슷한 드라마가 있었나?\n1 : 그거 응답하라 시리즈 아니야?\n2 : 아 기억났다!\n2 : 깜빵생활?!\n2 : 난 그거부터 봐야해 ㅠㅠ\n3 : 아아 그 드라마도 재밌지!",
        "lines": [
          {
            "id": 1,
            "text": "1 : 다들 슬의생 봤어?",
            "norm_text": "다들 슬의생 봤어?",
            "speaker": {
              "id": "1번",
              "sex": "여성",
              "age": "20대"
            },
            "speechAct": "(지시) 질문하기",
            "morpheme": "다/MAG+들/XSN+슬/VV+ETM+의생/NNG+봤/VV+EP+어/EF"
          },
          {
            "id": 2,
            "text": "1 : 이제 본다 ㅠ",
            "norm_text": "이제 본다 ㅠ",
            "speaker": {
              "id": "1번",
              "sex": "여성",
              "age": "20대"
            },
            "speechAct": "(단언) 진술하기",
            "morpheme": "이제/MAG+본다/VV+EC+ㅠ/UNKNOWN"
          },
          {
            "id": 3,
            "text": "2 : 아니 나도 아직 안 봤어 ㅠㅠ",
            "norm_text": "아니 나도 아직 안 봤어 ㅠㅠ",
            "speaker": {
              "id": "2번",
              "sex": "여성",
              "age": "20대"
            },
            "speechAct": "(단언) 진술하기",
            "morpheme": "아니/IC+나/NP+도/JX+아직/MAG+안/MAG+봤/VV+EP+어/EF+ㅠㅠ/UNKNOWN"
          },
          {
            "id": 4,
            "text": "3 : 아니 슬의생을 이제 보다니!",
            "norm_text": "아니 슬의생을 이제 보다니!",
            "speaker": {
              "id": "3번",
              "sex": "남성",
              "age": "20대"
            },
            "speechAct": "(단언) 주장하기",
            "morpheme": "아니/IC+슬/NNG+의/JKG+생/NNG+을/JKO+이제/MAG+보/VV+다니/EF"
          },
          {
            "id": 5,
            "text": "1 : 요즘 일이 너무 바빠서ㅠ",
            "norm_text": "요즘 일이 너무 바빠서ㅠ",
            "speaker": {
              "id": "1번",
              "sex": "여성",
              "age": "20대"
            },
            "speechAct": "(단언) 진술하기",
            "morpheme": "요즘/NNG+일/NNG+이/JKS+너무/MAG+바빠서/VA+EC+ㅠ/UNKNOWN"
          },
          {
            "id": 6,
            "text": "2 : 나 맨날 모아서 정주행 한다고 그러고선 까먹고 안 봐 키키",
            "norm_text": "나 맨날 모아서 정주행 한다고 그러고선 까먹고 안 봐 키키",
            "speaker": {
              "id": "2번",
              "sex": "여성",
              "age": "20대"
            },
            "speechAct": "(단언) 진술하기",
            "morpheme": "나/NP+맨날/MAG+모아/VV+EC+서정/NNG+주행/NNG+한다고/XSV+EC+그러/VV+고선/EC+JX+까먹/VV+고/EC+안/MAG+봐/VV+EC+키/NNG+키/XSV+ETN"
          },
          {
            "id": 7,
            "text": "3 : 맞아 일이 바쁘면 잘 못보지",
            "norm_text": "맞아 일이 바쁘면 잘 못보지",
            "speaker": {
              "id": "3번",
              "sex": "남성",
              "age": "20대"
            },
            "speechAct": "(단언) 주장하기",
            "morpheme": "맞/VV+아/EC+일/NNG+이/JKS+바쁘/VA+면/EC+잘못/MAG+보/VV+지/EC"
          },
          {
            "id": 8,
            "text": "1 : 나지금 시즌1부터 정주행 중!",
            "norm_text": "나지금 시즌1부터 정주행 중!",
            "speaker": {
              "id": "1번",
              "sex": "여성",
              "age": "20대"
            },
            "speechAct": "(단언) 진술하기",
            "morpheme": "나/NP+지금/MAG+시즌/NNG+1/SN+부터/JX+정주/NNG+행중/NNG"
          },
          {
            "id": 9,
            "text": "2 : 그거 시즌2 까지 나왔다고 그랬지?",
            "norm_text": "그거 시즌2 까지 나왔다고 그랬지?",
            "speaker": {
              "id": "2번",
              "sex": "여성",
              "age": "20대"
            },
            "speechAct": "(지시) 질문하기",
            "morpheme": "그거/NP+시즌/NNG+2/SN+까지/JX+나왔/VV+EP+다고/EC+그랬/VV+EP+지/EF"
          },
          {
            "id": 10,
            "text": "3 : 그 드라마 시즌2까지 나왔지?",
            "norm_text": "그 드라마 시즌2까지 나왔지?",
            "speaker": {
              "id": "3번",
              "sex": "남성",
              "age": "20대"
            },
            "speechAct": "(지시) 질문하기",
            "morpheme": "그/MM+드라마/NNG+시즌/NNG+2/SN+까지/JX+나왔/VV+EP+지/EF"
          },
          {
            "id": 11,
            "text": "1 : 응 하하 그래서 갈 길이 멉니다~",
            "norm_text": "응 하하 그래서 갈 길이 멉니다~",
            "speaker": {
              "id": "1번",
              "sex": "여성",
              "age": "20대"
            },
            "speechAct": "(단언) 주장하기",
            "morpheme": "응하하그래서갈길이멉니다/UNKNOWN+~/SY"
          },
          {
            "id": 12,
            "text": "2 : 그거 슬의생 전에 비슷한거 뭐 또 있었는데!",
            "norm_text": "그거 슬의생 전에 비슷한거 뭐 또 있었는데!",
            "speaker": {
              "id": "2번",
              "sex": "여성",
              "age": "20대"
            },
            "speechAct": "(단언) 진술하기",
            "morpheme": "그거/NP+슬/NNG+의/JKG+생전/NNG+에/JKB+비슷/XR+한/XSA+ETM+거/NNB+뭐/IC+또/MAG+있/VV+었/EP+는데/EF"
          },
          {
            "id": 13,
            "text": "3 : 키키 다 보고 감상평 주세요~",
            "norm_text": "키키 다 보고 감상평 주세요~",
            "speaker": {
              "id": "3번",
              "sex": "남성",
              "age": "20대"
            },
            "speechAct": "(단언) 주장하기",
            "morpheme": "키키다보고감상평주세요/UNKNOWN+~/SY"
          },
          {
            "id": 14,
            "text": "1 : 슬의생이랑 비슷한 드라마가 있어?",
            "norm_text": "슬의생이랑 비슷한 드라마가 있어?",
            "speaker": {
              "id": "1번",
              "sex": "여성",
              "age": "20대"
            },
            "speechAct": "(지시) 질문하기",
            "morpheme": "슬/NNG+의/JKG+생/NNG+이랑/JC+비슷/XR+한/XSA+ETM+드라마/NNG+가/JKS+있/VA+어/EF"
          },
          {
            "id": 15,
            "text": "2 : 웅 제목이 비슷한 거 있었는데 ㅠㅠ!",
            "norm_text": "웅 제목이 비슷한 거 있었는데 ㅠㅠ!",
            "speaker": {
              "id": "2번",
              "sex": "여성",
              "age": "20대"
            },
            "speechAct": "(단언) 진술하기",
            "morpheme": "웅/IC+제목/NNG+이/JKS+비슷/XR+한/XSA+ETM+거/NNB+있/VA+었/EP+는데/EC+ㅠㅠ/UNKNOWN"
          },
          {
            "id": 16,
            "text": "3 : 그러게 비슷한 드라마가 있었나?",
            "norm_text": "그러게 비슷한 드라마가 있었나?",
            "speaker": {
              "id": "3번",
              "sex": "남성",
              "age": "20대"
            },
            "speechAct": "(지시) 질문하기",
            "morpheme": "그러/VV+게/EC+비슷/XR+한/XSA+ETM+드라마/NNG+가/JKS+있/VA+었/EP+나/EF"
          },
          {
            "id": 17,
            "text": "1 : 그거 응답하라 시리즈 아니야?",
            "norm_text": "그거 응답하라 시리즈 아니야?",
            "speaker": {
              "id": "1번",
              "sex": "여성",
              "age": "20대"
            },
            "speechAct": "(지시) 질문하기",
            "morpheme": "그거/NP+응답/NNG+하/XSV+라/EC+시리즈/NNG+아니/VCN+야/EF"
          },
          {
            "id": 18,
            "text": "2 : 아 기억났다!",
            "norm_text": "아 기억났다!",
            "speaker": {
              "id": "2번",
              "sex": "여성",
              "age": "20대"
            },
            "speechAct": "(단언) 진술하기",
            "morpheme": "아/IC+기억났/VV+EP+다/EF"
          },
          {
            "id": 19,
            "text": "2 : 깜빵생활?!",
            "norm_text": "깜빵생활?!",
            "speaker": {
              "id": "2번",
              "sex": "여성",
              "age": "20대"
            },
            "speechAct": "(지시) 질문하기",
            "morpheme": "깜/NNP+빵/NNG+생활/NNG+?/SY"
          },
          {
            "id": 20,
            "text": "2 : 난 그거부터 봐야해 ㅠㅠ",
            "norm_text": "난 그거부터 봐야해 ㅠㅠ",
            "speaker": {
              "id": "2번",
              "sex": "여성",
              "age": "20대"
            },
            "speechAct": "(단언) 주장하기",
            "morpheme": "난/NP+JX+그거/NP+부터/JX+봐야/VV+EC+해/VV+EC+ㅠㅠ/UNKNOWN"
          },
          {
            "id": 21,
            "text": "3 : 아아 그 드라마도 재밌지!",
            "norm_text": "아아 그 드라마도 재밌지!",
            "speaker": {
              "id": "3번",
              "sex": "남성",
              "age": "20대"
            },
            "speechAct": "(단언) 주장하기",
            "morpheme": "아아/IC+그/MM+드라마/NNG+도/JX+재밌/VA+지/EF"
          }
        ]
      }
    }
  ]
}