{
  "dataset": {
    "identifier": 129733,
    "name": "NATEON_42_02_set",
    "src_path": "/data/file/cubeManager/PROJECT001/84/txt20211104173553005182/NATEON_42_02_set/",
    "label_path": "/data/file/cubeManager/PROJECT001/84/txt20211104173553005182/NATEON_42_02_set/",
    "category": 2,
    "type": 0
  },
  "licenses": {
    "name": "Apache License 1.0",
    "url": "http://www.apache.org/licenses/LICENSE-1.0"
  },
  "info": [
    {
      "id": 137229,
      "filename": "NATEON_42_02.txt",
      "title": "NATEON_42_02",
      "mediatype": "메신저",
      "medianame": "네이트온",
      "category": "일상대화",
      "date": "2021-11-04",
      "size": 409,
      "annotations": {
        "subject": "주거와 생활",
        "speaker_type": "다자간 대화",
        "size": 409,
        "word_size": 143,
        "text": "1 : 나 전에 말했던 가구 거리 왔어\n2 : 오 오늘 엄마랑 같이 갔어?\n3 : 가구 거리 가니까 장난 아니지?\n1 : 아니\n1 : 오늘은 아빠랑 왔어!\n2 : 가구집 가면 이쁘고 신기한 거 짱 많아!\n3 : 종류도 되게 많을 꺼야 아마\n1 : 응 종류가 많아서 고르기 힘들어\n2 : 맞아\n2 : 너무 많아서 고민 ㅠㅠ\n3 : 키키 종류 많으면 혼란 온다~\n1 : 키키 일단 나는 침구류부터 사려고\n2 : 하나씩 다 누워서 몸에 맞는 거 사 키키\n3 : 겨울이니까 따뜻한 색으로 사!\n1 : 침대는 있으니까 이불이랑 베개 커버\n2 : 아니야\n2 : 오래 써야 되니까 포근한 색으로!\n3 : 흰색류는 피하고 넌 칠칠맞으니까\n1 : 그래\n1 : 안 그래도 흰색은 안 사려고 키키\n2 : 키키 응 흰색은 엄마들도 엄청 싫어해 키키\n3 : 키키 보고 좋아 보이는 색으로 사~",
        "lines": [
          {
            "id": 1,
            "text": "1 : 나 전에 말했던 가구 거리 왔어",
            "norm_text": "나 전에 말했던 가구 거리 왔어",
            "speaker": {
              "id": "1번",
              "sex": "여성",
              "age": "20대"
            },
            "speechAct": "(단언) 진술하기",
            "morpheme": "나전/NNG+에/JKB+말/NNG+했/XSV+EP+던/ETM+가구/NNG+거리/XSV+왔/EC+VV+EP+어/EC"
          },
          {
            "id": 2,
            "text": "2 : 오 오늘 엄마랑 같이 갔어?",
            "norm_text": "오 오늘 엄마랑 같이 갔어?",
            "speaker": {
              "id": "2번",
              "sex": "여성",
              "age": "20대"
            },
            "speechAct": "(지시) 질문하기",
            "morpheme": "오/IC+오늘/MAG+엄마/NNG+랑/JKB+같이/MAG+갔/VV+EP+어/EF"
          },
          {
            "id": 3,
            "text": "3 : 가구 거리 가니까 장난 아니지?",
            "norm_text": "가구 거리 가니까 장난 아니지?",
            "speaker": {
              "id": "3번",
              "sex": "남성",
              "age": "20대"
            },
            "speechAct": "(지시) 질문하기",
            "morpheme": "가구/NNG+거리/XSV+가니/EC+까장/JX+난/NP+JX+아니/VCN+지/EF"
          },
          {
            "id": 4,
            "text": "1 : 아니",
            "norm_text": "아니",
            "speaker": {
              "id": "1번",
              "sex": "여성",
              "age": "20대"
            },
            "speechAct": "(단언) 진술하기",
            "morpheme": "아니/IC"
          },
          {
            "id": 5,
            "text": "1 : 오늘은 아빠랑 왔어!",
            "norm_text": "오늘은 아빠랑 왔어!",
            "speaker": {
              "id": "1번",
              "sex": "여성",
              "age": "20대"
            },
            "speechAct": "(단언) 진술하기",
            "morpheme": "오늘/NNG+은/JX+아빠/NNG+랑/JKB+왔/VV+EP+어/EF"
          },
          {
            "id": 6,
            "text": "2 : 가구집 가면 이쁘고 신기한 거 짱 많아!",
            "norm_text": "가구집 가면 이쁘고 신기한 거 짱 많아!",
            "speaker": {
              "id": "2번",
              "sex": "여성",
              "age": "20대"
            },
            "speechAct": "(단언) 주장하기",
            "morpheme": "가구/NNG+집/NNG+가/VV+면/EC+이쁘/VA+고/EC+신기/XR+한/XSA+ETM+거/NNB+짱/MAG+많/VA+아/EF"
          },
          {
            "id": 7,
            "text": "3 : 종류도 되게 많을 꺼야 아마",
            "norm_text": "종류도 되게 많을 꺼야 아마",
            "speaker": {
              "id": "3번",
              "sex": "남성",
              "age": "20대"
            },
            "speechAct": "(단언) 주장하기",
            "morpheme": "종류/NNG+도/JX+되게/MAG+많/VA+을/ETM+꺼/NNB+VCP+야/EF+아마/MAG"
          },
          {
            "id": 8,
            "text": "1 : 응 종류가 많아서 고르기 힘들어",
            "norm_text": "응 종류가 많아서 고르기 힘들어",
            "speaker": {
              "id": "1번",
              "sex": "여성",
              "age": "20대"
            },
            "speechAct": "(단언) 주장하기",
            "morpheme": "응/IC+종류/NNG+가/JKS+많/VA+아서/EC+고르/VV+기/ETN+힘들/VA+어/EC"
          },
          {
            "id": 9,
            "text": "2 : 맞아",
            "norm_text": "맞아",
            "speaker": {
              "id": "2번",
              "sex": "여성",
              "age": "20대"
            },
            "speechAct": "(단언) 주장하기",
            "morpheme": "맞/VV+아/EC"
          },
          {
            "id": 10,
            "text": "2 : 너무 많아서 고민 ㅠㅠ",
            "norm_text": "너무 많아서 고민 ㅠㅠ",
            "speaker": {
              "id": "2번",
              "sex": "여성",
              "age": "20대"
            },
            "speechAct": "(단언) 주장하기",
            "morpheme": "너무/MAG+많/VA+아서/EC+고민/NNG+ㅠㅠ/UNKNOWN"
          },
          {
            "id": 11,
            "text": "3 : 키키 종류 많으면 혼란 온다~",
            "norm_text": "키키 종류 많으면 혼란 온다~",
            "speaker": {
              "id": "3번",
              "sex": "남성",
              "age": "20대"
            },
            "speechAct": "(단언) 주장하기",
            "morpheme": "키키종류많으면혼란온다/UNKNOWN+~/SY"
          },
          {
            "id": 12,
            "text": "1 : 키키 일단 나는 침구류부터 사려고",
            "norm_text": "키키 일단 나는 침구류부터 사려고",
            "speaker": {
              "id": "1번",
              "sex": "여성",
              "age": "20대"
            },
            "speechAct": "(언약) 약속하기(제3자와)/(개인적 수준)",
            "morpheme": "키/NNG+키/XSV+ETN+일단/MAG+나/NP+는/JX+침구류/NNG+부터/JX+사/VV+려고/EC"
          },
          {
            "id": 13,
            "text": "2 : 하나씩 다 누워서 몸에 맞는 거 사 키키",
            "norm_text": "하나씩 다 누워서 몸에 맞는 거 사 키키",
            "speaker": {
              "id": "2번",
              "sex": "여성",
              "age": "20대"
            },
            "speechAct": "(지시) 충고/제안하기",
            "morpheme": "하나/NR+씩/XSN+다/MAG+누워서/VV+EC+몸/NNG+에/JKB+맞/VV+는/ETM+거사/NNG+키/NNG+키/XSV+ETN"
          },
          {
            "id": 14,
            "text": "3 : 겨울이니까 따뜻한 색으로 사!",
            "norm_text": "겨울이니까 따뜻한 색으로 사!",
            "speaker": {
              "id": "3번",
              "sex": "남성",
              "age": "20대"
            },
            "speechAct": "(지시) 충고/제안하기",
            "morpheme": "겨울/NNG+이/VCP+니까/EC+따뜻/XR+한/XSA+ETM+색/NNG+으로/JKB+사/VV+EF"
          },
          {
            "id": 15,
            "text": "1 : 침대는 있으니까 이불이랑 베개 커버",
            "norm_text": "침대는 있으니까 이불이랑 베개 커버",
            "speaker": {
              "id": "1번",
              "sex": "여성",
              "age": "20대"
            },
            "speechAct": "(단언) 진술하기",
            "morpheme": "침대/NNG+는/JX+있/VX+으니까/EC+이불/NNG+이랑/JKB+베개/NNG+커버/NNG"
          },
          {
            "id": 16,
            "text": "2 : 아니야",
            "norm_text": "아니야",
            "speaker": {
              "id": "2번",
              "sex": "여성",
              "age": "20대"
            },
            "speechAct": "(단언) 주장하기",
            "morpheme": "아니/VCN+야/EC"
          },
          {
            "id": 17,
            "text": "2 : 오래 써야 되니까 포근한 색으로!",
            "norm_text": "오래 써야 되니까 포근한 색으로!",
            "speaker": {
              "id": "2번",
              "sex": "여성",
              "age": "20대"
            },
            "speechAct": "(지시) 충고/제안하기",
            "morpheme": "오래/MAG+써야/VV+EC+되/VV+니까/EC+포근/XR+한/XSA+ETM+색/NNG+으로/JKB"
          },
          {
            "id": 18,
            "text": "3 : 흰색류는 피하고 넌 칠칠맞으니까",
            "norm_text": "흰색류는 피하고 넌 칠칠맞으니까",
            "speaker": {
              "id": "3번",
              "sex": "남성",
              "age": "20대"
            },
            "speechAct": "(지시) 충고/제안하기",
            "morpheme": "흰색/NNG+류/XSN+는/JX+피하/VV+고/EC+넌/NP+JX+칠칠맞/VA+으니까/EC"
          },
          {
            "id": 19,
            "text": "1 : 그래",
            "norm_text": "그래",
            "speaker": {
              "id": "1번",
              "sex": "여성",
              "age": "20대"
            },
            "speechAct": "(단언) 주장하기",
            "morpheme": "그래/VA+EC"
          },
          {
            "id": 20,
            "text": "1 : 안 그래도 흰색은 안 사려고 키키",
            "norm_text": "안 그래도 흰색은 안 사려고 키키",
            "speaker": {
              "id": "1번",
              "sex": "여성",
              "age": "20대"
            },
            "speechAct": "(단언) 진술하기",
            "morpheme": "안/MAG+그래도/VV+EC+흰색/NNG+은/JX+안/MAG+사/VV+려고/EC+키/NNG+키/XSV+ETN"
          },
          {
            "id": 21,
            "text": "2 : 키키 응 흰색은 엄마들도 엄청 싫어해 키키",
            "norm_text": "키키 응 흰색은 엄마들도 엄청 싫어해 키키",
            "speaker": {
              "id": "2번",
              "sex": "여성",
              "age": "20대"
            },
            "speechAct": "(단언) 주장하기",
            "morpheme": "키/NNG+키/XSV+ETN+응/IC+흰색/NNG+은/JX+엄마/NNG+들/XSN+도/JX+엄청/MAG+싫/VA+어/EC+해/VV+EC+키/NNG+키/XSV+ETN"
          },
          {
            "id": 22,
            "text": "3 : 키키 보고 좋아 보이는 색으로 사~",
            "norm_text": "키키 보고 좋아 보이는 색으로 사~",
            "speaker": {
              "id": "3번",
              "sex": "남성",
              "age": "20대"
            },
            "speechAct": "(지시) 충고/제안하기",
            "morpheme": "키/NNG+키/XSV+ETN+보고/JKB+좋/VA+아/EC+보이/VV+는/ETM+색/NNG+으로/JKB+사/VV+EC+~/SY"
          }
        ]
      }
    }
  ]
}