{
  "dataset": {
    "identifier": 117364,
    "name": "NATEON_30_13_set",
    "src_path": "/data/file/cubeManager/PROJECT001/80/txt20211102113529058336/NATEON_30_13_set/",
    "label_path": "/data/file/cubeManager/PROJECT001/80/txt20211102113529058336/NATEON_30_13_set/",
    "category": 2,
    "type": 0
  },
  "licenses": {
    "name": "Apache License 1.0",
    "url": "http://www.apache.org/licenses/LICENSE-1.0"
  },
  "info": [
    {
      "id": 129976,
      "filename": "NATEON_30_13.txt",
      "title": "NATEON_30_13",
      "mediatype": "메신저",
      "medianame": "네이트온",
      "category": "일상대화",
      "date": "2021-11-02",
      "size": 430,
      "annotations": {
        "subject": "계절/날씨",
        "speaker_type": "다자간 대화",
        "size": 430,
        "word_size": 155,
        "text": "1 : 오늘 바람이 너무 많이 불더라 ㅠ\n2 : 어 맞아\n2 : 바람 엄청 불더라 ㅠㅠ\n3 : 오늘 거의 찬바람만 불던데\n1 : 그러니까\n1 : 나는 바람 부는 게 제일 싫어 ㅠ\n2 : 이제 다시 추워지기 시작한 거 같아 키키\n3 : 키키 바람 너무 많이 불면 추워\n1 : 맞아\n1 : 그리고 머리카락도 다 날리고\n2 : 맞아\n2 : 머리카락 날리는 거 진짜 최악이야\n3 : 바람 부는 거보다는 그냥 시원한 게 좋아\n1 : 그리고 이물질 같은 게 계속 눈에 들어와 ㅠ\n2 : 나도 선선한 날씨는 좋은데 모래 들어가면 아프지 ㅠㅠ\n3 : 맞아\n3 : 바람 불면 그게 제일 싫지\n1 : 응 그래서 모자 하나 사려고\n2 : 인공 눈물 이런 거 챙겨서 다녀 키키\n3 : 모자를 갑자기 왜 사?\n1 : 머리카락이 너무 날려서 쓰고 다니게\n3 : 오 그거 좋은 생각이다 키키\n2 : 결국은 쇼핑을 위해 밑밥 깐 듯...",
        "lines": [
          {
            "id": 1,
            "text": "1 : 오늘 바람이 너무 많이 불더라 ㅠ",
            "norm_text": "오늘 바람이 너무 많이 불더라 ㅠ",
            "speaker": {
              "id": "1번",
              "sex": "여성",
              "age": "20대"
            },
            "speechAct": "(단언) 진술하기",
            "morpheme": "오늘/MAG+바람/NNG+이/JKS+너무/MAG+많이/MAG+불/VV+더라/EF+ㅠ/UNKNOWN"
          },
          {
            "id": 2,
            "text": "2 : 어 맞아",
            "norm_text": "어 맞아",
            "speaker": {
              "id": "2번",
              "sex": "여성",
              "age": "20대"
            },
            "speechAct": "(단언) 주장하기",
            "morpheme": "어/IC+맞/VV+아/EC"
          },
          {
            "id": 3,
            "text": "2 : 바람 엄청 불더라 ㅠㅠ",
            "norm_text": "바람 엄청 불더라 ㅠㅠ",
            "speaker": {
              "id": "2번",
              "sex": "여성",
              "age": "20대"
            },
            "speechAct": "(단언) 진술하기",
            "morpheme": "바람/NNG+엄청/MAG+불/VV+더라/EF+ㅠㅠ/UNKNOWN"
          },
          {
            "id": 4,
            "text": "3 : 오늘 거의 찬바람만 불던데",
            "norm_text": "오늘 거의 찬바람만 불던데",
            "speaker": {
              "id": "3번",
              "sex": "남성",
              "age": "20대"
            },
            "speechAct": "(단언) 진술하기",
            "morpheme": "오늘/MAG+거의/MAG+찬바람/NNG+만/JX+불/VV+던데/EC"
          },
          {
            "id": 5,
            "text": "1 : 그러니까",
            "norm_text": "그러니까",
            "speaker": {
              "id": "1번",
              "sex": "여성",
              "age": "20대"
            },
            "speechAct": "(단언) 주장하기",
            "morpheme": "그러니까/MAJ"
          },
          {
            "id": 6,
            "text": "1 : 나는 바람 부는 게 제일 싫어 ㅠ",
            "norm_text": "나는 바람 부는 게 제일 싫어 ㅠ",
            "speaker": {
              "id": "1번",
              "sex": "여성",
              "age": "20대"
            },
            "speechAct": "(단언) 주장하기",
            "morpheme": "나/NP+는/JX+바람/NNG+부/VV+는/ETM+게/NNB+JKS+제일/MAG+싫/VA+어/EC+ㅠ/UNKNOWN"
          },
          {
            "id": 7,
            "text": "2 : 이제 다시 추워지기 시작한 거 같아 키키",
            "norm_text": "이제 다시 추워지기 시작한 거 같아 키키",
            "speaker": {
              "id": "2번",
              "sex": "여성",
              "age": "20대"
            },
            "speechAct": "(단언) 진술하기",
            "morpheme": "이제/MAG+다시/MAG+추워/VA+EC+지/VX+기/ETN+시작/NNG+한/XSA+ETM+거/NNB+같/VA+아/EC+키/NNG+키/XSV+ETN"
          },
          {
            "id": 8,
            "text": "3 : 키키 바람 너무 많이 불면 추워",
            "norm_text": "키키 바람 너무 많이 불면 추워",
            "speaker": {
              "id": "3번",
              "sex": "남성",
              "age": "20대"
            },
            "speechAct": "(단언) 주장하기",
            "morpheme": "키/NNG+키/NNG+바람/NNG+너무/MAG+많이/MAG+불/VV+면/EC+추워/VA+EC"
          },
          {
            "id": 9,
            "text": "1 : 맞아",
            "norm_text": "맞아",
            "speaker": {
              "id": "1번",
              "sex": "여성",
              "age": "20대"
            },
            "speechAct": "(단언) 주장하기",
            "morpheme": "맞/VV+아/EC"
          },
          {
            "id": 10,
            "text": "1 : 그리고 머리카락도 다 날리고",
            "norm_text": "그리고 머리카락도 다 날리고",
            "speaker": {
              "id": "1번",
              "sex": "여성",
              "age": "20대"
            },
            "speechAct": "(단언) 주장하기",
            "morpheme": "그리고/MAJ+머리카락/NNG+도/JX+다/MAG+날리/VV+고/EC"
          },
          {
            "id": 11,
            "text": "2 : 맞아",
            "norm_text": "맞아",
            "speaker": {
              "id": "2번",
              "sex": "여성",
              "age": "20대"
            },
            "speechAct": "(단언) 주장하기",
            "morpheme": "맞/VV+아/EC"
          },
          {
            "id": 12,
            "text": "2 : 머리카락 날리는 거 진짜 최악이야",
            "norm_text": "머리카락 날리는 거 진짜 최악이야",
            "speaker": {
              "id": "2번",
              "sex": "여성",
              "age": "20대"
            },
            "speechAct": "(단언) 주장하기",
            "morpheme": "머리카락/NNG+날리/VV+는/ETM+거/NNB+진짜/MAG+최악/NNG+이/VCP+야/EC"
          },
          {
            "id": 13,
            "text": "3 : 바람 부는 거보다는 그냥 시원한 게 좋아",
            "norm_text": "바람 부는 거보다는 그냥 시원한 게 좋아",
            "speaker": {
              "id": "3번",
              "sex": "남성",
              "age": "20대"
            },
            "speechAct": "(단언) 주장하기",
            "morpheme": "바람/NNG+부/VV+는/ETM+거/NNB+보다/JKB+는/JX+그냥/MAG+시원/XR+한/XSA+ETM+게/NNB+JKS+좋/VA+아/EC"
          },
          {
            "id": 14,
            "text": "1 : 그리고 이물질 같은 게 계속 눈에 들어와 ㅠ",
            "norm_text": "그리고 이물질 같은 게 계속 눈에 들어와 ㅠ",
            "speaker": {
              "id": "1번",
              "sex": "여성",
              "age": "20대"
            },
            "speechAct": "(단언) 주장하기",
            "morpheme": "그리고/MAJ+이/MM+물질/NNG+같/VA+은/ETM+게/NNB+JKS+계속/MAG+눈/NNG+에/JKB+들어와/VV+EC+ㅠ/UNKNOWN"
          },
          {
            "id": 15,
            "text": "2 : 나도 선선한 날씨는 좋은데 모래 들어가면 아프지 ㅠㅠ",
            "norm_text": "나도 선선한 날씨는 좋은데 모래 들어가면 아프지 ㅠㅠ",
            "speaker": {
              "id": "2번",
              "sex": "여성",
              "age": "20대"
            },
            "speechAct": "(단언) 주장하기",
            "morpheme": "나/NP+도/JX+선선/XR+한/XSA+ETM+날씨/NNG+는/JX+좋/VA+은데/EC+모래/NNG+들어가/VV+면/EC+아프/VA+지/EC+ㅠㅠ/UNKNOWN"
          },
          {
            "id": 16,
            "text": "3 : 맞아",
            "norm_text": "맞아",
            "speaker": {
              "id": "3번",
              "sex": "남성",
              "age": "20대"
            },
            "speechAct": "(단언) 주장하기",
            "morpheme": "맞/VV+아/EC"
          },
          {
            "id": 17,
            "text": "3 : 바람 불면 그게 제일 싫지",
            "norm_text": "바람 불면 그게 제일 싫지",
            "speaker": {
              "id": "3번",
              "sex": "남성",
              "age": "20대"
            },
            "speechAct": "(단언) 주장하기",
            "morpheme": "바람/NNG+불/VV+면/EC+그게/NP+JKS+제일/MAG+싫/VA+지/EC"
          },
          {
            "id": 18,
            "text": "1 : 응 그래서 모자 하나 사려고",
            "norm_text": "응 그래서 모자 하나 사려고",
            "speaker": {
              "id": "1번",
              "sex": "여성",
              "age": "20대"
            },
            "speechAct": "(언약) 약속하기(제3자와)/(개인적 수준)",
            "morpheme": "응/IC+그래서/MAJ+모자/NNG+하나/NR+사/VV+려고/EC"
          },
          {
            "id": 19,
            "text": "2 : 인공 눈물 이런 거 챙겨서 다녀 키키",
            "norm_text": "인공 눈물 이런 거 챙겨서 다녀 키키",
            "speaker": {
              "id": "2번",
              "sex": "여성",
              "age": "20대"
            },
            "speechAct": "(지시) 충고/제안하기",
            "morpheme": "인공/NNG+눈물/NNG+이런/MM+거/NNB+챙겨서/VV+EC+다녀/VV+EC+키/NNG+키/XSV+ETN"
          },
          {
            "id": 20,
            "text": "3 : 모자를 갑자기 왜 사?",
            "norm_text": "모자를 갑자기 왜 사?",
            "speaker": {
              "id": "3번",
              "sex": "남성",
              "age": "20대"
            },
            "speechAct": "(지시) 질문하기",
            "morpheme": "모자/NNG+를/JKO+갑자기/MAG+왜/MAG+사/VV+EF"
          },
          {
            "id": 21,
            "text": "1 : 머리카락이 너무 날려서 쓰고 다니게",
            "norm_text": "머리카락이 너무 날려서 쓰고 다니게",
            "speaker": {
              "id": "1번",
              "sex": "여성",
              "age": "20대"
            },
            "speechAct": "(단언) 주장하기",
            "morpheme": "머리카락/NNG+이/JKS+너무/MAG+날려서/VV+EC+쓰/VV+고/EC+다니/VV+게/EC"
          },
          {
            "id": 22,
            "text": "3 : 오 그거 좋은 생각이다 키키",
            "norm_text": "오 그거 좋은 생각이다 키키",
            "speaker": {
              "id": "3번",
              "sex": "남성",
              "age": "20대"
            },
            "speechAct": "(단언) 주장하기",
            "morpheme": "오/IC+그거/NP+좋/VA+은/ETM+생각/NNG+이/JKS+다키키/NNP"
          },
          {
            "id": 23,
            "text": "2 : 결국은 쇼핑을 위해 밑밥 깐 듯...",
            "norm_text": "결국은 쇼핑을 위해 밑밥 깐 듯...",
            "speaker": {
              "id": "2번",
              "sex": "여성",
              "age": "20대"
            },
            "speechAct": "(단언) 주장하기",
            "morpheme": "결국/MAG+은/JX+쇼핑/NNG+을/JKO+위해/VV+EC+밑밥/NNG+깐/VV+ETM+듯/NNB+./SY"
          }
        ]
      }
    }
  ]
}