{
  "dataset": {
    "identifier": 112301,
    "name": "NATEON_32_13_set",
    "src_path": "/data/file/cubeManager/PROJECT001/80/txt20211102173312079832/NATEON_32_13_set/",
    "label_path": "/data/file/cubeManager/PROJECT001/80/txt20211102173312079832/NATEON_32_13_set/",
    "category": 2,
    "type": 0
  },
  "licenses": {
    "name": "Apache License 1.0",
    "url": "http://www.apache.org/licenses/LICENSE-1.0"
  },
  "info": [
    {
      "id": 131845,
      "filename": "NATEON_32_13.txt",
      "title": "NATEON_32_13",
      "mediatype": "메신저",
      "medianame": "네이트온",
      "category": "일상대화",
      "date": "2021-11-02",
      "size": 450,
      "annotations": {
        "subject": "계절/날씨",
        "speaker_type": "다자간 대화",
        "size": 450,
        "word_size": 153,
        "text": "1 : 오늘 비오는데 우박 떨어지더라ㅠ\n2 : 헐 비오는데 우박?\n2 : 우박 맞으면 아파 ㅠㅠ\n3 : 우박 맞으면 진짜 아파\n1 : 나 중국에 있을때 맞아봤는데 어우,,\n2 : 난 우박 떨어지는거 진짜 무섭더라\n2 : 중국 어땠어?\n3 : 중국엔 큰 우박 내리지 않아?\n1 : 중국은 날씨가 이상해서 우박도 커 키키\n2 : 맞아\n2 : 왠지 중국은 우박 스케일 장난 아닐 듯 키키\n3 : 대박이다\n3 : 우리 머리만 해?\n1 : 키키 아니~\n1 : 그정도는 아니고 그건 과장!\n2 : 머리만 하면 너무 큰거 아니야? 키키\n3 : 아무튼 우박 떨어지는 소리도 무서워\n1 : 응 맞아 탁탁 떨어지잖아ㅠ\n2 : 어 맞아\n2 : 소리가 진짜 너무 무서운거 같아 ㅠㅠ\n3 : 우박이 주로 겨울에 오나?\n1 : 몰라,\n1 : 아무래도 겨울에 오지 않나?\n2 : 우산도 쓸모가 없고...\n2 : 철 모자 사야되나 하하\n3 : 키키 그럼 우박은 겨울에 오는걸로~",
        "lines": [
          {
            "id": 1,
            "text": "1 : 오늘 비오는데 우박 떨어지더라ㅠ",
            "norm_text": "오늘 비오는데 우박 떨어지더라ㅠ",
            "speaker": {
              "id": "1번",
              "sex": "여성",
              "age": "20대"
            },
            "speechAct": "(단언) 진술하기",
            "morpheme": "오늘/MAG+비오/VV+는데/EC+우박/NNG+떨어지/VV+더라/EF+ㅠ/UNKNOWN"
          },
          {
            "id": 2,
            "text": "2 : 헐 비오는데 우박?",
            "norm_text": "헐 비오는데 우박?",
            "speaker": {
              "id": "2번",
              "sex": "여성",
              "age": "20대"
            },
            "speechAct": "(지시) 질문하기",
            "morpheme": "헐/VV+JKO+비오/VV+는데/EC+우박/NNG"
          },
          {
            "id": 3,
            "text": "2 : 우박 맞으면 아파 ㅠㅠ",
            "norm_text": "우박 맞으면 아파 ㅠㅠ",
            "speaker": {
              "id": "2번",
              "sex": "여성",
              "age": "20대"
            },
            "speechAct": "(단언) 주장하기",
            "morpheme": "우박/NNG+맞/VV+으면/EC+아파/VA+EC+ㅠㅠ/UNKNOWN"
          },
          {
            "id": 4,
            "text": "3 : 우박 맞으면 진짜 아파",
            "norm_text": "우박 맞으면 진짜 아파",
            "speaker": {
              "id": "3번",
              "sex": "남성",
              "age": "20대"
            },
            "speechAct": "(단언) 주장하기",
            "morpheme": "우박/NNG+맞/VV+으면/EC+진짜/MAG+아파/VA+EC"
          },
          {
            "id": 5,
            "text": "1 : 나 중국에 있을때 맞아봤는데 어우,,",
            "norm_text": "나 중국에 있을때 맞아봤는데 어우,,",
            "speaker": {
              "id": "1번",
              "sex": "여성",
              "age": "20대"
            },
            "speechAct": "(단언) 주장하기",
            "morpheme": "나/NP+중국/NNP+에/JKB+있/VV+을/ETM+때맞/VA+아/EC+봤/VX+EP+는데/EC+어우/IC+,/SC+,/SC"
          },
          {
            "id": 6,
            "text": "2 : 난 우박 떨어지는거 진짜 무섭더라",
            "norm_text": "난 우박 떨어지는거 진짜 무섭더라",
            "speaker": {
              "id": "2번",
              "sex": "여성",
              "age": "20대"
            },
            "speechAct": "(단언) 주장하기",
            "morpheme": "난/NP+JX+우박/NNG+떨어지/VV+는/ETM+거/NNB+진짜/MAG+무섭/VA+더라/EC"
          },
          {
            "id": 7,
            "text": "2 : 중국 어땠어?",
            "norm_text": "중국 어땠어?",
            "speaker": {
              "id": "2번",
              "sex": "여성",
              "age": "20대"
            },
            "speechAct": "(지시) 질문하기",
            "morpheme": "중국/NNP+어땠어/VA+EP+EF"
          },
          {
            "id": 8,
            "text": "3 : 중국엔 큰 우박 내리지 않아?",
            "norm_text": "중국엔 큰 우박 내리지 않아?",
            "speaker": {
              "id": "3번",
              "sex": "남성",
              "age": "20대"
            },
            "speechAct": "(지시) 질문하기",
            "morpheme": "중국/NNP+엔/JKB+JX+큰/VA+ETM+우박/NNG+내리/VV+지/EC+않/VX+아/EF"
          },
          {
            "id": 9,
            "text": "1 : 중국은 날씨가 이상해서 우박도 커 키키",
            "norm_text": "중국은 날씨가 이상해서 우박도 커 키키",
            "speaker": {
              "id": "1번",
              "sex": "여성",
              "age": "20대"
            },
            "speechAct": "(단언) 주장하기",
            "morpheme": "중국/NNP+은/JX+날씨/NNG+가/JKS+이상/NNG+해서/XSV+EC+우박/NNG+도/JX+커/VA+EC+키/NNG+키/XSV+ETN"
          },
          {
            "id": 10,
            "text": "2 : 맞아",
            "norm_text": "맞아",
            "speaker": {
              "id": "2번",
              "sex": "여성",
              "age": "20대"
            },
            "speechAct": "(단언) 주장하기",
            "morpheme": "맞/VV+아/EC"
          },
          {
            "id": 11,
            "text": "2 : 왠지 중국은 우박 스케일 장난 아닐 듯 키키",
            "norm_text": "왠지 중국은 우박 스케일 장난 아닐 듯 키키",
            "speaker": {
              "id": "2번",
              "sex": "여성",
              "age": "20대"
            },
            "speechAct": "(단언) 주장하기",
            "morpheme": "왠지/MAG+중국/NNP+은/JX+우박/NNG+스케일/NNG+장난/NNG+아닐/VCN+ETM+듯/NNB+키/NNG+키/XSV+ETN"
          },
          {
            "id": 12,
            "text": "3 : 대박이다",
            "norm_text": "대박이다",
            "speaker": {
              "id": "3번",
              "sex": "남성",
              "age": "20대"
            },
            "speechAct": "(단언) 주장하기",
            "morpheme": "대박/NNG+이/VCP+다/EC"
          },
          {
            "id": 13,
            "text": "3 : 우리 머리만 해?",
            "norm_text": "우리 머리만 해?",
            "speaker": {
              "id": "3번",
              "sex": "남성",
              "age": "20대"
            },
            "speechAct": "(지시) 질문하기",
            "morpheme": "우리/NP+머리/NNG+만/JX+해/VV+EF"
          },
          {
            "id": 14,
            "text": "1 : 키키 아니~",
            "norm_text": "키키 아니~",
            "speaker": {
              "id": "1번",
              "sex": "여성",
              "age": "20대"
            },
            "speechAct": "(단언) 주장하기",
            "morpheme": "키/NNG+키/XSV+ETN+아니/VCN+~/SY"
          },
          {
            "id": 15,
            "text": "1 : 그정도는 아니고 그건 과장!",
            "norm_text": "그정도는 아니고 그건 과장!",
            "speaker": {
              "id": "1번",
              "sex": "여성",
              "age": "20대"
            },
            "speechAct": "(단언) 주장하기",
            "morpheme": "그/MM+정도/NNG+는/JX+아니/VCN+고/EC+그건/NP+JX+과장/NNG"
          },
          {
            "id": 16,
            "text": "2 : 머리만 하면 너무 큰거 아니야? 키키",
            "norm_text": "머리만 하면 너무 큰거 아니야? 키키",
            "speaker": {
              "id": "2번",
              "sex": "여성",
              "age": "20대"
            },
            "speechAct": "(지시) 질문하기",
            "morpheme": "머리/NNG+만/JX+하/VV+면/EC+너무/MAG+큰/VA+ETM+거/NNB+아니/VCN+야/EF+키/NNG+키/XSV+ETN"
          },
          {
            "id": 17,
            "text": "3 : 아무튼 우박 떨어지는 소리도 무서워",
            "norm_text": "아무튼 우박 떨어지는 소리도 무서워",
            "speaker": {
              "id": "3번",
              "sex": "남성",
              "age": "20대"
            },
            "speechAct": "(단언) 주장하기",
            "morpheme": "아무튼/MAJ+우박/NNG+떨어지/VV+는/ETM+소리/NNG+도/JX+무서워/VA+EC"
          },
          {
            "id": 18,
            "text": "1 : 응 맞아 탁탁 떨어지잖아ㅠ",
            "norm_text": "응 맞아 탁탁 떨어지잖아ㅠ",
            "speaker": {
              "id": "1번",
              "sex": "여성",
              "age": "20대"
            },
            "speechAct": "(단언) 주장하기",
            "morpheme": "응/IC+맞아/IC+탁탁/MAG+떨어지/VV+잖아/EF+ㅠ/UNKNOWN"
          },
          {
            "id": 19,
            "text": "2 : 어 맞아",
            "norm_text": "어 맞아",
            "speaker": {
              "id": "2번",
              "sex": "여성",
              "age": "20대"
            },
            "speechAct": "(단언) 주장하기",
            "morpheme": "어/IC+맞/VV+아/EC"
          },
          {
            "id": 20,
            "text": "2 : 소리가 진짜 너무 무서운거 같아 ㅠㅠ",
            "norm_text": "소리가 진짜 너무 무서운거 같아 ㅠㅠ",
            "speaker": {
              "id": "2번",
              "sex": "여성",
              "age": "20대"
            },
            "speechAct": "(단언) 주장하기",
            "morpheme": "소리/NNG+가/JKS+진짜/MAG+너무/MAG+무서운/VA+ETM+거/NNB+같/VA+아/EC+ㅠㅠ/UNKNOWN"
          },
          {
            "id": 21,
            "text": "3 : 우박이 주로 겨울에 오나?",
            "norm_text": "우박이 주로 겨울에 오나?",
            "speaker": {
              "id": "3번",
              "sex": "남성",
              "age": "20대"
            },
            "speechAct": "(지시) 질문하기",
            "morpheme": "우박/NNG+이/JKS+주로/MAG+겨울/NNG+에/JKB+오/VV+나/EF"
          },
          {
            "id": 22,
            "text": "1 : 몰라,",
            "norm_text": "몰라,",
            "speaker": {
              "id": "1번",
              "sex": "여성",
              "age": "20대"
            },
            "speechAct": "(단언) 주장하기",
            "morpheme": "몰라/VV+EF+,/SC"
          },
          {
            "id": 23,
            "text": "1 : 아무래도 겨울에 오지 않나?",
            "norm_text": "아무래도 겨울에 오지 않나?",
            "speaker": {
              "id": "1번",
              "sex": "여성",
              "age": "20대"
            },
            "speechAct": "(지시) 질문하기",
            "morpheme": "아무래도/MAG+겨울/NNG+에/JKB+오/VV+지/EC+않/VX+나/EF"
          },
          {
            "id": 24,
            "text": "2 : 우산도 쓸모가 없고...",
            "norm_text": "우산도 쓸모가 없고...",
            "speaker": {
              "id": "2번",
              "sex": "여성",
              "age": "20대"
            },
            "speechAct": "(단언) 주장하기",
            "morpheme": "우산/NNG+도/JX+쓸모/NNG+가/JKS+없/VA+고/EC+./SY+./SY"
          },
          {
            "id": 25,
            "text": "2 : 철 모자 사야되나 하하",
            "norm_text": "철 모자 사야되나 하하",
            "speaker": {
              "id": "2번",
              "sex": "여성",
              "age": "20대"
            },
            "speechAct": "(단언) 주장하기",
            "morpheme": "철모/NNG+자사/NNG+야/VCP+EF+되/VV+나/EC+하하/MAG"
          },
          {
            "id": 26,
            "text": "3 : 키키 그럼 우박은 겨울에 오는걸로~",
            "norm_text": "키키 그럼 우박은 겨울에 오는걸로~",
            "speaker": {
              "id": "3번",
              "sex": "남성",
              "age": "20대"
            },
            "speechAct": "(단언) 주장하기",
            "morpheme": "키/NNG+키/XSV+ETN+그럼/MAJ+우박/NNG+은/JX+겨울/NNG+에/JKB+오/VV+는/ETM+걸로/NNB+JKB+~/SY"
          }
        ]
      }
    }
  ]
}