{
  "dataset": {
    "identifier": 127951,
    "name": "NATEON_40_06_set",
    "src_path": "/data/file/cubeManager/PROJECT001/84/txt20211108181225085711/NATEON_40_06_set/",
    "label_path": "/data/file/cubeManager/PROJECT001/84/txt20211108181225085711/NATEON_40_06_set/",
    "category": 2,
    "type": 0
  },
  "licenses": {
    "name": "Apache License 1.0",
    "url": "http://www.apache.org/licenses/LICENSE-1.0"
  },
  "info": [
    {
      "id": 141910,
      "filename": "NATEON_40_06.txt",
      "title": "NATEON_40_06",
      "mediatype": "메신저",
      "medianame": "네이트온",
      "category": "일상대화",
      "date": "2021-11-08",
      "size": 380,
      "annotations": {
        "subject": "교육",
        "speaker_type": "다자간 대화",
        "size": 380,
        "word_size": 144,
        "text": "1 : 야 너희 왜 학원 안 와\n2 : 우리 공부를 포기 했어 키키\n3 : 나 학원 가기 싫어 공부 너무 싫어\n1 : 오늘 쌤이 너희들 찾았어\n2 : 아니야 우리 없다고 해 모른다 해\n3 : 공부는 너무 어렵단 말야 그냥 놀래\n1 : 너희 자격증 시험 안 볼 거야?\n2 : 응응 이미 틀린 거 같아서 안 보려고 키키\n3 : 땡땡이 치는 게 제일 좋다 키키\n1 : 이거 환급 수업인데 아깝잖아\n2 : 아니야 환급 어차피 못 받아 ㅠㅠ\n3 : 나도 환급 어차피 못 받아 키키\n1 : 이거 따기만 하면 돈 주는데 ㅠ\n2 : 근데 이미 못 딸 거 같아서 ㅠㅠ 키키\n3 : 진짜 그럼 나야 좋지 따고 싶긴 하다\n1 : 그럼 너희 몫까지 받을래\n2 : 어어 너가 대신 성공 해 줘 키키\n3 : 알겠어\n3 : 열심히 해봐 꼭",
        "lines": [
          {
            "id": 1,
            "text": "1 : 야 너희 왜 학원 안 와",
            "norm_text": "야 너희 왜 학원 안 와",
            "speaker": {
              "id": "1번",
              "sex": "여성",
              "age": "20대"
            },
            "speechAct": "(지시) 질문하기",
            "morpheme": "야/IC+너희/NP+왜/MAG+학원/NNG+안/MAG+와/VV+EC"
          },
          {
            "id": 2,
            "text": "2 : 우리 공부를 포기 했어 키키",
            "norm_text": "우리 공부를 포기 했어 키키",
            "speaker": {
              "id": "2번",
              "sex": "남성",
              "age": "20대"
            },
            "speechAct": "(단언) 진술하기",
            "morpheme": "우리/NP+공부/NNG+를/JKO+포기/NNG+했/XSV+EP+어/EC+키/NNG+키/XSV+ETN"
          },
          {
            "id": 3,
            "text": "3 : 나 학원 가기 싫어 공부 너무 싫어",
            "norm_text": "나 학원 가기 싫어 공부 너무 싫어",
            "speaker": {
              "id": "3번",
              "sex": "남성",
              "age": "20대"
            },
            "speechAct": "(단언) 주장하기",
            "morpheme": "나/NP+학원/NNG+가/VV+기/ETN+싫/VA+어/EC+공부/NNG+너무/MAG+싫/VA+어/EC"
          },
          {
            "id": 4,
            "text": "1 : 오늘 쌤이 너희들 찾았어",
            "norm_text": "오늘 쌤이 너희들 찾았어",
            "speaker": {
              "id": "1번",
              "sex": "여성",
              "age": "20대"
            },
            "speechAct": "(단언) 주장하기",
            "morpheme": "오늘/MAG+쌤/NNG+이/JKS+너희/NP+들/XSN+찾/VV+았/EP+어/EC"
          },
          {
            "id": 5,
            "text": "2 : 아니야 우리 없다고 해 모른다 해",
            "norm_text": "아니야 우리 없다고 해 모른다 해",
            "speaker": {
              "id": "2번",
              "sex": "남성",
              "age": "20대"
            },
            "speechAct": "(지시) 명령/요구하기",
            "morpheme": "아니야/IC+우리/NP+없/VA+다고/EC+해/VV+EC+모른다/VV+EC+해/VV+EC"
          },
          {
            "id": 6,
            "text": "3 : 공부는 너무 어렵단 말야 그냥 놀래",
            "norm_text": "공부는 너무 어렵단 말야 그냥 놀래",
            "speaker": {
              "id": "3번",
              "sex": "남성",
              "age": "20대"
            },
            "speechAct": "(단언) 주장하기",
            "morpheme": "공부/NNG+는/JX+너무/MAG+어렵/VA+단/ETM+말/NNG+야/JX+그냥/MAG+놀래/VV+EC"
          },
          {
            "id": 7,
            "text": "1 : 너희 자격증 시험 안 볼 거야?",
            "norm_text": "너희 자격증 시험 안 볼 거야?",
            "speaker": {
              "id": "1번",
              "sex": "여성",
              "age": "20대"
            },
            "speechAct": "(지시) 질문하기",
            "morpheme": "너희/NP+자격증/NNG+시험/NNG+안/MAG+볼/VV+ETM+거/NNB+야/VCP+EF"
          },
          {
            "id": 8,
            "text": "2 : 응응 이미 틀린 거 같아서 안 보려고 키키",
            "norm_text": "응응 이미 틀린 거 같아서 안 보려고 키키",
            "speaker": {
              "id": "2번",
              "sex": "남성",
              "age": "20대"
            },
            "speechAct": "(단언) 진술하기",
            "morpheme": "응/IC+응/IC+이미/MAG+틀린/VV+ETM+거/NNB+같/VA+아서/EC+안/MAG+보/VV+려고/EC+키/NNG+키/XSV+ETN"
          },
          {
            "id": 9,
            "text": "3 : 땡땡이 치는 게 제일 좋다 키키",
            "norm_text": "땡땡이 치는 게 제일 좋다 키키",
            "speaker": {
              "id": "3번",
              "sex": "남성",
              "age": "20대"
            },
            "speechAct": "(단언) 주장하기",
            "morpheme": "땡땡이치/VV+는/ETM+게/NNB+JKS+제일/MAG+좋/VA+다키키/NNP"
          },
          {
            "id": 10,
            "text": "1 : 이거 환급 수업인데 아깝잖아",
            "norm_text": "이거 환급 수업인데 아깝잖아",
            "speaker": {
              "id": "1번",
              "sex": "여성",
              "age": "20대"
            },
            "speechAct": "(단언) 주장하기",
            "morpheme": "이거/NP+환급/NNG+수업/NNG+인데/VCP+EC+아깝잖/VA+아/EC"
          },
          {
            "id": 11,
            "text": "2 : 아니야 환급 어차피 못 받아 ㅠㅠ",
            "norm_text": "아니야 환급 어차피 못 받아 ㅠㅠ",
            "speaker": {
              "id": "2번",
              "sex": "남성",
              "age": "20대"
            },
            "speechAct": "(단언) 반박하기",
            "morpheme": "아니야/IC+환급/NNG+어차피/MAG+못/MAG+받/VV+아/EC+ㅠㅠ/UNKNOWN"
          },
          {
            "id": 12,
            "text": "3 : 나도 환급 어차피 못 받아 키키",
            "norm_text": "나도 환급 어차피 못 받아 키키",
            "speaker": {
              "id": "3번",
              "sex": "남성",
              "age": "20대"
            },
            "speechAct": "(단언) 주장하기",
            "morpheme": "나/NP+도/JX+환급/NNG+어차피/MAG+못/MAG+받/VV+아/EC+키/NNG+키/XSV+ETN"
          },
          {
            "id": 13,
            "text": "1 : 이거 따기만 하면 돈 주는데 ㅠ",
            "norm_text": "이거 따기만 하면 돈 주는데 ㅠ",
            "speaker": {
              "id": "1번",
              "sex": "여성",
              "age": "20대"
            },
            "speechAct": "(단언) 진술하기",
            "morpheme": "이거/NP+따/VV+기/ETN+만/JX+하/VV+면/EC+돈/NNG+주/VV+는/ETM+데ㅠ/UNKNOWN"
          },
          {
            "id": 14,
            "text": "2 : 근데 이미 못 딸 거 같아서 ㅠㅠ 키키",
            "norm_text": "근데 이미 못 딸 거 같아서 ㅠㅠ 키키",
            "speaker": {
              "id": "2번",
              "sex": "남성",
              "age": "20대"
            },
            "speechAct": "(단언) 반박하기",
            "morpheme": "근데/MAJ+이미/MAG+못/MAG+딸/VV+ETM+거/NNB+같/VA+아서/EC+ㅠㅠ/UNKNOWN+키/NNG+키/XSV+ETN"
          },
          {
            "id": 15,
            "text": "3 : 진짜 그럼 나야 좋지 따고 싶긴 하다",
            "norm_text": "진짜 그럼 나야 좋지 따고 싶긴 하다",
            "speaker": {
              "id": "3번",
              "sex": "남성",
              "age": "20대"
            },
            "speechAct": "(단언) 주장하기",
            "morpheme": "진짜/MAG+그럼/MAJ+나/NP+야/JX+좋/VA+지/EC+따/VV+고/EC+싶/VX+긴/ETN+JX+하/VX+다/EC"
          },
          {
            "id": 16,
            "text": "1 : 그럼 너희 몫까지 받을래",
            "norm_text": "그럼 너희 몫까지 받을래",
            "speaker": {
              "id": "1번",
              "sex": "여성",
              "age": "20대"
            },
            "speechAct": "(단언) 주장하기",
            "morpheme": "그럼/MAJ+너희/NP+몫/NNG+까지/JX+받/VV+을래/EC"
          },
          {
            "id": 17,
            "text": "2 : 어어 너가 대신 성공 해 줘 키키",
            "norm_text": "어어 너가 대신 성공 해 줘 키키",
            "speaker": {
              "id": "2번",
              "sex": "남성",
              "age": "20대"
            },
            "speechAct": "(지시) 명령/요구하기",
            "morpheme": "어/IC+어/IC+너/NP+가/JKS+대신/NNG+성공/NNG+해/XSV+EC+줘/VX+EC+키/NNG+키/XSV+ETN"
          },
          {
            "id": 18,
            "text": "3 : 알겠어",
            "norm_text": "알겠어",
            "speaker": {
              "id": "3번",
              "sex": "남성",
              "age": "20대"
            },
            "speechAct": "턴토크 사인(관습적 반응)",
            "morpheme": "알/VV+겠/EP+어/EC"
          },
          {
            "id": 19,
            "text": "3 : 열심히 해봐 꼭",
            "norm_text": "열심히 해봐 꼭",
            "speaker": {
              "id": "3번",
              "sex": "남성",
              "age": "20대"
            },
            "speechAct": "(지시) 명령/요구하기",
            "morpheme": "열심히/MAG+해/VV+EC+봐/VX+EF+꼭/MAG"
          }
        ]
      }
    }
  ]
}