{
  "dataset": {
    "identifier": 112213,
    "name": "NATEON_34_07_set",
    "src_path": "/data/file/cubeManager/PROJECT001/80/txt202111031542380113108/NATEON_34_07_set/",
    "label_path": "/data/file/cubeManager/PROJECT001/80/txt202111031542380113108/NATEON_34_07_set/",
    "category": 2,
    "type": 0
  },
  "licenses": {
    "name": "Apache License 1.0",
    "url": "http://www.apache.org/licenses/LICENSE-1.0"
  },
  "info": [
    {
      "id": 135462,
      "filename": "NATEON_34_07.txt",
      "title": "NATEON_34_07",
      "mediatype": "메신저",
      "medianame": "네이트온",
      "category": "일상대화",
      "date": "2021-11-03",
      "size": 402,
      "annotations": {
        "subject": "가족",
        "speaker_type": "다자간 대화",
        "size": 402,
        "word_size": 136,
        "text": "1 : 이번에 부모님 크게 싸우셨어 ㅠ\n2 : 아이고 왠일로 싸우셨데 ㅠㅠ 화목하잖어 ㅠㅠ\n3 : 헐... 어쩌다가 그렇게 됐어 ㅠ\n1 : 방 안에서 싸우셔가지고 몰라 ㅠ\n2 : 그래서 집안 분위기 별로야? ㅠㅠ\n3 : 그래도 너희 앞에서는 안보이고 싶으신가봐\n1 : 응 집안 분위기 완전 싸늘\n2 : 어떻게 풀 수 있는 방법 없나?\n3 : 너가 맛있는 거 시켜서 푸는 건 어때\n1 : 안그래도 부모님 좋아하는 거 보고있어 키키\n2 : 원래 먹으면서 말 하다보면 풀려 키키\n3 : ㅋ 두 분 닭발 좋아하시지 않았나?\n1 : 응 너 진짜 기억력 좋다\n2 : 와 닭발 좋지 오돌뼈도 같이 시켜서 먹자\n3 : 맞아 두 분 다 좋아하실걸\n1 : 응 지금 바로 시켜야겠다\n2 : 지금 시켜서 빨리 화해 시켜 드리자 하하\n3 : 나중에 분위기 보고 후기 알려줘",
        "lines": [
          {
            "id": 1,
            "text": "1 : 이번에 부모님 크게 싸우셨어 ㅠ",
            "norm_text": "이번에 부모님 크게 싸우셨어 ㅠ",
            "speaker": {
              "id": "1번",
              "sex": "여성",
              "age": "20대"
            },
            "speechAct": "(단언) 진술하기",
            "morpheme": "이번/NNG+에/JKB+부모/NNG+님/XSN+크/VA+게/EC+싸우/VV+셨/EP+EP+어ㅠ/UNKNOWN"
          },
          {
            "id": 2,
            "text": "2 : 아이고 왠일로 싸우셨데 ㅠㅠ 화목하잖어 ㅠㅠ",
            "norm_text": "아이고 왠일로 싸우셨데 ㅠㅠ 화목하잖어 ㅠㅠ",
            "speaker": {
              "id": "2번",
              "sex": "여성",
              "age": "20대"
            },
            "speechAct": "(단언) 진술하기",
            "morpheme": "아이고/IC+왠/MAG+VCP+ETM+일/NNG+로/JKB+싸우/VV+셨/EP+EP+데/NNB+ㅠㅠ/UNKNOWN+화목/NNG+하/XSV+잖어/EC+VX+EF+ㅠㅠ/UNKNOWN"
          },
          {
            "id": 3,
            "text": "3 : 헐... 어쩌다가 그렇게 됐어 ㅠ",
            "norm_text": "헐... 어쩌다가 그렇게 됐어 ㅠ",
            "speaker": {
              "id": "3번",
              "sex": "남성",
              "age": "20대"
            },
            "speechAct": "(단언) 진술하기",
            "morpheme": "헐/IC+./SY+어쩌다가/MAG+그렇게/MAG+됐/VV+EP+어ㅠ/UNKNOWN"
          },
          {
            "id": 4,
            "text": "1 : 방 안에서 싸우셔가지고 몰라 ㅠ",
            "norm_text": "방 안에서 싸우셔가지고 몰라 ㅠ",
            "speaker": {
              "id": "1번",
              "sex": "여성",
              "age": "20대"
            },
            "speechAct": "(단언) 진술하기",
            "morpheme": "방안/NNG+에서/JKB+싸우/VV+셔/EP+EC+가지/VX+고/EC+몰라/VV+EF+ㅠ/UNKNOWN"
          },
          {
            "id": 5,
            "text": "2 : 그래서 집안 분위기 별로야? ㅠㅠ",
            "norm_text": "그래서 집안 분위기 별로야? ㅠㅠ",
            "speaker": {
              "id": "2번",
              "sex": "여성",
              "age": "20대"
            },
            "speechAct": "(지시) 질문하기",
            "morpheme": "그래서/MAJ+집안/NNG+분위기/NNG+별/XSN+로/JKB+야/VCP+EF+ㅠㅠ/UNKNOWN"
          },
          {
            "id": 6,
            "text": "3 : 그래도 너희 앞에서는 안보이고 싶으신가봐",
            "norm_text": "그래도 너희 앞에서는 안보이고 싶으신가봐",
            "speaker": {
              "id": "3번",
              "sex": "남성",
              "age": "20대"
            },
            "speechAct": "(단언) 진술하기",
            "morpheme": "그래도/MAJ+너희/NP+앞/NNG+에서/JKB+는/JX+안/MAG+보이/VV+고/EC+싶/VX+으신가/EP+EP+EC+봐/VX+EC"
          },
          {
            "id": 7,
            "text": "1 : 응 집안 분위기 완전 싸늘",
            "norm_text": "응 집안 분위기 완전 싸늘",
            "speaker": {
              "id": "1번",
              "sex": "여성",
              "age": "20대"
            },
            "speechAct": "(단언) 진술하기",
            "morpheme": "응/IC+집안/NNG+분위기/NNG+완전/NNG+싸늘/XR"
          },
          {
            "id": 8,
            "text": "2 : 어떻게 풀 수 있는 방법 없나?",
            "norm_text": "어떻게 풀 수 있는 방법 없나?",
            "speaker": {
              "id": "2번",
              "sex": "여성",
              "age": "20대"
            },
            "speechAct": "(지시) 질문하기",
            "morpheme": "어떻게/MAG+풀/VV+ETM+수/NNB+있/VV+는/ETM+방법/NNG+없/VA+나/EF"
          },
          {
            "id": 9,
            "text": "3 : 너가 맛있는 거 시켜서 푸는 건 어때",
            "norm_text": "너가 맛있는 거 시켜서 푸는 건 어때",
            "speaker": {
              "id": "3번",
              "sex": "남성",
              "age": "20대"
            },
            "speechAct": "(지시) 충고/제안하기",
            "morpheme": "너/NP+가/JKS+맛있/VA+는/ETM+거/NNB+시켜서/VV+EC+푸/VV+는/ETM+건/NNB+JX+어때/VA+EC"
          },
          {
            "id": 10,
            "text": "1 : 안그래도 부모님 좋아하는 거 보고있어 키키",
            "norm_text": "안그래도 부모님 좋아하는 거 보고있어 키키",
            "speaker": {
              "id": "1번",
              "sex": "여성",
              "age": "20대"
            },
            "speechAct": "(단언) 진술하기",
            "morpheme": "안/MAG+그래도/VV+EC+부모/NNG+님/XSN+좋/VA+아/EC+하/VV+는/ETM+거/NNB+보/VV+고/EC+있/VX+어/EC+키/NNG+키/XSV+ETN"
          },
          {
            "id": 11,
            "text": "2 : 원래 먹으면서 말 하다보면 풀려 키키",
            "norm_text": "원래 먹으면서 말 하다보면 풀려 키키",
            "speaker": {
              "id": "2번",
              "sex": "여성",
              "age": "20대"
            },
            "speechAct": "(단언) 진술하기",
            "morpheme": "원래/MAG+먹/VV+으면서/EC+말/NNG+하/XSV+다/EC+보/VX+면/EC+풀려/VV+EC+키/NNG+키/XSV+ETN"
          },
          {
            "id": 12,
            "text": "3 : ㅋ 두 분 닭발 좋아하시지 않았나?",
            "norm_text": "ㅋ 두 분 닭발 좋아하시지 않았나?",
            "speaker": {
              "id": "3번",
              "sex": "남성",
              "age": "20대"
            },
            "speechAct": "(지시) 질문하기",
            "morpheme": "ㅋ/UNKNOWN+두/MM+분/NNBC+닭발/NNG+좋/VA+아/EC+하/VX+시/EP+지/EC+않/VX+았/EP+나/EF"
          },
          {
            "id": 13,
            "text": "1 : 응 너 진짜 기억력 좋다",
            "norm_text": "응 너 진짜 기억력 좋다",
            "speaker": {
              "id": "1번",
              "sex": "여성",
              "age": "20대"
            },
            "speechAct": "(단언) 진술하기",
            "morpheme": "응/IC+너/NP+진짜/MAG+기억력/NNG+좋/VA+다/EC"
          },
          {
            "id": 14,
            "text": "2 : 와 닭발 좋지 오돌뼈도 같이 시켜서 먹자",
            "norm_text": "와 닭발 좋지 오돌뼈도 같이 시켜서 먹자",
            "speaker": {
              "id": "2번",
              "sex": "여성",
              "age": "20대"
            },
            "speechAct": "(지시) 충고/제안하기",
            "morpheme": "와/IC+닭발/NNG+좋/VA+지/EF+오/NR+돌/NNBC+뼈/NNG+도/JX+같이/MAG+시켜서/VV+EC+먹/VV+자/EC"
          },
          {
            "id": 15,
            "text": "3 : 맞아 두 분 다 좋아하실걸",
            "norm_text": "맞아 두 분 다 좋아하실걸",
            "speaker": {
              "id": "3번",
              "sex": "남성",
              "age": "20대"
            },
            "speechAct": "(단언) 주장하기",
            "morpheme": "맞/VV+아두/EC+분다/VV+EF+좋/VA+아/EC+하/VX+실/EP+ETM+걸/NNB+JKO"
          },
          {
            "id": 16,
            "text": "1 : 응 지금 바로 시켜야겠다",
            "norm_text": "응 지금 바로 시켜야겠다",
            "speaker": {
              "id": "1번",
              "sex": "여성",
              "age": "20대"
            },
            "speechAct": "(단언) 주장하기",
            "morpheme": "응/IC+지금/MAG+바로/MAG+시켜야/VV+EC+VX+겠/EP+다/EC"
          },
          {
            "id": 17,
            "text": "2 : 지금 시켜서 빨리 화해 시켜 드리자 하하",
            "norm_text": "지금 시켜서 빨리 화해 시켜 드리자 하하",
            "speaker": {
              "id": "2번",
              "sex": "여성",
              "age": "20대"
            },
            "speechAct": "(단언) 주장하기",
            "morpheme": "지금/NNG+시켜서/XSV+EC+빨리/MAG+화해/NNG+시켜/XSV+EC+드리/VX+자/EC+하하/MAG"
          },
          {
            "id": 18,
            "text": "3 : 나중에 분위기 보고 후기 알려줘",
            "norm_text": "나중에 분위기 보고 후기 알려줘",
            "speaker": {
              "id": "3번",
              "sex": "남성",
              "age": "20대"
            },
            "speechAct": "(지시) 부탁하기",
            "morpheme": "나중/NNG+에/JKB+분위기/NNG+보고/JKB+후기/NNG+알려줘/VV+EC+VX+EC"
          }
        ]
      }
    }
  ]
}