{
  "dataset": {
    "identifier": 124857,
    "name": "NATEON_44_02_set",
    "src_path": "/data/file/cubeManager/PROJECT001/84/txt20211105113423067547/NATEON_44_02_set/",
    "label_path": "/data/file/cubeManager/PROJECT001/84/txt20211105113423067547/NATEON_44_02_set/",
    "category": 2,
    "type": 0
  },
  "licenses": {
    "name": "Apache License 1.0",
    "url": "http://www.apache.org/licenses/LICENSE-1.0"
  },
  "info": [
    {
      "id": 138877,
      "filename": "NATEON_44_02.txt",
      "title": "NATEON_44_02",
      "mediatype": "메신저",
      "medianame": "네이트온",
      "category": "일상대화",
      "date": "2021-11-05",
      "size": 446,
      "annotations": {
        "subject": "주거와 생활",
        "speaker_type": "다자간 대화",
        "size": 446,
        "word_size": 154,
        "text": "1 : 나 이번에 접이식 탁자 사려고\n2 : 오 접이식 탁자? 봐둔 거 있어?\n3 : 그런 탁자는 어디 가서 사는데?\n1 : 주방 식탁에서 밥이 잘 안 먹어져 ㅠㅠ\n2 : 우리 집은 식탁을 없앴어 키키 없어 식탁\n3 : 둘이 같이 가서 사야 되는 거 아니냐 키키\n1 : 그냥 오늘의집 앱에서 주문하려고 하하\n2 : 오늘의 집? 거기 가구 파는 어플이야?\n3 : 요즘 진짜 없는 게 없네 키키\n1 : 응 가구 파는 어플이야\n2 : 대박 나도 한번 써 볼래 키키\n3 : 나도 캡쳐 해서 보내줘 궁금하다\n1 : 쇼파에 기대서 그냥 접이식 탁자에서 밥 먹을래 키키\n2 : 나는 침대에 올려두고 하는 그거 사고 싶어 키키\n3 : 병원에서 쓰는 테이블 말 하는 거지?\n1 : 요즘 탁자 상단에 그림 같은 게 있어서 접으면 꾸미는 분위기도 난데\n2 : 아 맞아\n2 : 액자 테이블 그거 이뻐 키키\n3 : 그거 친구 집들이 선물로 사줬는데 키키",
        "lines": [
          {
            "id": 1,
            "text": "1 : 나 이번에 접이식 탁자 사려고",
            "norm_text": "나 이번에 접이식 탁자 사려고",
            "speaker": {
              "id": "1번",
              "sex": "여성",
              "age": "20대"
            },
            "speechAct": "(단언) 주장하기",
            "morpheme": "나/NP+이번/NNG+에/JKB+접이식/NNP+탁자/NNG+사/VV+려고/EC"
          },
          {
            "id": 2,
            "text": "2 : 오 접이식 탁자? 봐둔 거 있어?",
            "norm_text": "오 접이식 탁자? 봐둔 거 있어?",
            "speaker": {
              "id": "2번",
              "sex": "여성",
              "age": "20대"
            },
            "speechAct": "(지시) 질문하기",
            "morpheme": "오/IC+접이식/NNP+탁자/NNG+봐둔/VV+EC+VX+ETM+거/NNB+있/VA+어/EF"
          },
          {
            "id": 3,
            "text": "3 : 그런 탁자는 어디 가서 사는데?",
            "norm_text": "그런 탁자는 어디 가서 사는데?",
            "speaker": {
              "id": "3번",
              "sex": "남성",
              "age": "20대"
            },
            "speechAct": "(지시) 질문하기",
            "morpheme": "그런/MM+탁자/NNG+는/JX+어디/NP+가/JKS+서/VV+EC+사/VV+는데/EC"
          },
          {
            "id": 4,
            "text": "1 : 주방 식탁에서 밥이 잘 안 먹어져 ㅠㅠ",
            "norm_text": "주방 식탁에서 밥이 잘 안 먹어져 ㅠㅠ",
            "speaker": {
              "id": "1번",
              "sex": "여성",
              "age": "20대"
            },
            "speechAct": "(단언) 주장하기",
            "morpheme": "주방/NNG+식탁/NNG+에서/JKB+밥/NNG+이/JKS+잘/MAG+안/MAG+먹/VV+어/EC+져/VX+EC+ㅠㅠ/UNKNOWN"
          },
          {
            "id": 5,
            "text": "2 : 우리 집은 식탁을 없앴어 키키 없어 식탁",
            "norm_text": "우리 집은 식탁을 없앴어 키키 없어 식탁",
            "speaker": {
              "id": "2번",
              "sex": "여성",
              "age": "20대"
            },
            "speechAct": "(단언) 진술하기",
            "morpheme": "우리/NP+집/NNG+은/JX+식탁/NNG+을/JKO+없앴/VV+EP+어/EC+키/NNG+키/XSV+ETN+없/VA+어/EC+식탁/NNG"
          },
          {
            "id": 6,
            "text": "3 : 둘이 같이 가서 사야 되는 거 아니냐 키키",
            "norm_text": "둘이 같이 가서 사야 되는 거 아니냐 키키",
            "speaker": {
              "id": "3번",
              "sex": "남성",
              "age": "20대"
            },
            "speechAct": "(지시) 질문하기",
            "morpheme": "둘/NR+이/JKS+같이/MAG+가/VV+서/EC+사/VV+야/EC+되/VV+는/ETM+거/NNB+아니/VCN+냐/EC+키/NNG+키/XSV+ETN"
          },
          {
            "id": 7,
            "text": "1 : 그냥 오늘의집 앱에서 주문하려고 하하",
            "norm_text": "그냥 오늘의집 앱에서 주문하려고 하하",
            "speaker": {
              "id": "1번",
              "sex": "여성",
              "age": "20대"
            },
            "speechAct": "(단언) 주장하기",
            "morpheme": "그냥/MAG+오늘/NNG+의/JKG+집/NNG+앱/NNG+에서/JKB+주문/NNG+하/XSV+려고/EC+하하/MAG"
          },
          {
            "id": 8,
            "text": "2 : 오늘의 집? 거기 가구 파는 어플이야?",
            "norm_text": "오늘의 집? 거기 가구 파는 어플이야?",
            "speaker": {
              "id": "2번",
              "sex": "여성",
              "age": "20대"
            },
            "speechAct": "(지시) 질문하기",
            "morpheme": "오늘/NNG+의/JKG+집/NNG+거기/NP+가/JKS+구파/NNG+는/JX+어/IC+플/NNG+이/VCP+야/EF"
          },
          {
            "id": 9,
            "text": "3 : 요즘 진짜 없는 게 없네 키키",
            "norm_text": "요즘 진짜 없는 게 없네 키키",
            "speaker": {
              "id": "3번",
              "sex": "남성",
              "age": "20대"
            },
            "speechAct": "(단언) 주장하기",
            "morpheme": "요즘/MAG+진짜/MAG+없/VA+는/ETM+게/NNB+JKS+없/VA+네/EF+키/NNG+키/XSV+ETN"
          },
          {
            "id": 10,
            "text": "1 : 응 가구 파는 어플이야",
            "norm_text": "응 가구 파는 어플이야",
            "speaker": {
              "id": "1번",
              "sex": "여성",
              "age": "20대"
            },
            "speechAct": "(단언) 진술하기",
            "morpheme": "응가/IC+구파/NNG+는/JX+어/IC+플/NNG+이/VCP+야/EC"
          },
          {
            "id": 11,
            "text": "2 : 대박 나도 한번 써 볼래 키키",
            "norm_text": "대박 나도 한번 써 볼래 키키",
            "speaker": {
              "id": "2번",
              "sex": "여성",
              "age": "20대"
            },
            "speechAct": "(단언) 주장하기",
            "morpheme": "대박/NNG+나/NP+도/JX+한/MM+번/NNBC+써/VV+EC+볼래/VX+EC+키/NNG+키/XSV+ETN"
          },
          {
            "id": 12,
            "text": "3 : 나도 캡쳐 해서 보내줘 궁금하다",
            "norm_text": "나도 캡쳐 해서 보내줘 궁금하다",
            "speaker": {
              "id": "3번",
              "sex": "남성",
              "age": "20대"
            },
            "speechAct": "(단언) 주장하기",
            "morpheme": "나/NP+도/JX+캡쳐/NNP+해서/VV+EC+보내/VV+줘/EC+VV+EC+궁금/XR+하/XSA+다/EC"
          },
          {
            "id": 13,
            "text": "1 : 쇼파에 기대서 그냥 접이식 탁자에서 밥 먹을래 키키",
            "norm_text": "쇼파에 기대서 그냥 접이식 탁자에서 밥 먹을래 키키",
            "speaker": {
              "id": "1번",
              "sex": "여성",
              "age": "20대"
            },
            "speechAct": "(단언) 주장하기",
            "morpheme": "쇼파/NNG+에/JKB+기대/VV+서/EC+그냥/MAG+접이식/NNP+탁자/NNG+에서/JKB+밥/NNG+먹/VV+을래/EC+키/NNG+키/XSV+ETN"
          },
          {
            "id": 14,
            "text": "2 : 나는 침대에 올려두고 하는 그거 사고 싶어 키키",
            "norm_text": "나는 침대에 올려두고 하는 그거 사고 싶어 키키",
            "speaker": {
              "id": "2번",
              "sex": "여성",
              "age": "20대"
            },
            "speechAct": "(단언) 주장하기",
            "morpheme": "나/NP+는/JX+침대/NNG+에/JKB+올려/VV+EC+두/VX+고/EC+하/VV+는/ETM+그거/NP+사/VV+고/EC+싶/VX+어/EC+키/NNG+키/XSV+ETN"
          },
          {
            "id": 15,
            "text": "3 : 병원에서 쓰는 테이블 말 하는 거지?",
            "norm_text": "병원에서 쓰는 테이블 말 하는 거지?",
            "speaker": {
              "id": "3번",
              "sex": "남성",
              "age": "20대"
            },
            "speechAct": "(지시) 질문하기",
            "morpheme": "병원/NNG+에서/JKB+쓰/VV+는/ETM+테이블/NNG+말/NNG+하/XSV+는/ETM+거/NNB+지/VCP+EF"
          },
          {
            "id": 16,
            "text": "1 : 요즘 탁자 상단에 그림 같은 게 있어서 접으면 꾸미는 분위기도 난데",
            "norm_text": "요즘 탁자 상단에 그림 같은 게 있어서 접으면 꾸미는 분위기도 난데",
            "speaker": {
              "id": "1번",
              "sex": "여성",
              "age": "20대"
            },
            "speechAct": "(단언) 진술하기",
            "morpheme": "요즘/NNG+탁자/NNG+상단/NNG+에/JKB+그림/NNG+같/VA+은/ETM+게/NNB+JKS+있/VA+어서/EC+접/VV+으면/EC+꾸미/VV+는/ETM+분위기/NNG+도/JX+난데/NP+VCP+EC"
          },
          {
            "id": 17,
            "text": "2 : 아 맞아",
            "norm_text": "아 맞아",
            "speaker": {
              "id": "2번",
              "sex": "여성",
              "age": "20대"
            },
            "speechAct": "(단언) 주장하기",
            "morpheme": "아/IC+맞/VV+아/EC"
          },
          {
            "id": 18,
            "text": "2 : 액자 테이블 그거 이뻐 키키",
            "norm_text": "액자 테이블 그거 이뻐 키키",
            "speaker": {
              "id": "2번",
              "sex": "여성",
              "age": "20대"
            },
            "speechAct": "(단언) 주장하기",
            "morpheme": "액자/NNG+테이블/NNG+그거/NP+이뻐/VA+EC+키/NNG+키/XSV+ETN"
          },
          {
            "id": 19,
            "text": "3 : 그거 친구 집들이 선물로 사줬는데 키키",
            "norm_text": "그거 친구 집들이 선물로 사줬는데 키키",
            "speaker": {
              "id": "3번",
              "sex": "남성",
              "age": "20대"
            },
            "speechAct": "(단언) 진술하기",
            "morpheme": "그거/NP+친구/NNG+집들이/NNG+선물/NNG+로/JKB+사/VV+EC+줬/VX+EP+는데/EC+키/NNG+키/XSV+ETN"
          }
        ]
      }
    }
  ]
}