{
  "dataset": {
    "identifier": 129761,
    "name": "NATEON_43_10_set",
    "src_path": "/data/file/cubeManager/PROJECT001/84/txt20211104173553030139/NATEON_43_10_set/",
    "label_path": "/data/file/cubeManager/PROJECT001/84/txt20211104173553030139/NATEON_43_10_set/",
    "category": 2,
    "type": 0
  },
  "licenses": {
    "name": "Apache License 1.0",
    "url": "http://www.apache.org/licenses/LICENSE-1.0"
  },
  "info": [
    {
      "id": 137257,
      "filename": "NATEON_43_10.txt",
      "title": "NATEON_43_10",
      "mediatype": "메신저",
      "medianame": "네이트온",
      "category": "일상대화",
      "date": "2021-11-04",
      "size": 430,
      "annotations": {
        "subject": "스포츠/레저",
        "speaker_type": "다자간 대화",
        "size": 430,
        "word_size": 159,
        "text": "1 : 나 이번에 스노쿨링 해 볼 거야\n2 : 아 그거 재밌어\n2 : 나 그거 좋아해\n3 : 스노쿨링\n3 : 아 재미있겠다\n3 : 나도 할래\n1 : 물은 무섭지만 재밌을 거 같아 ㅠ\n2 : 너 어디로 가서 하려고?\n3 : 아 진짜 물 무서워\n3 : 하지만 재미있겠다\n1 : 나 제주도 생각하고 있는데\n2 : 나도 데리고 가라\n2 : 나도 하고 싶어 키키\n3 : 어디서 하는데\n3 : 궁금해\n3 : 진짜 제주도 오\n1 : 전에 해녀체험 해 봤더니 재밌더라고\n2 : 헐 해녀 체험 그거 어땠어?\n2 : 궁금\n3 : 나도 데리고 가라 진짜\n1 : 내가 물을 엄청 무서워할 줄 알았는데 키키\n1 : 아니야\n2 : 키키 물놀이 하면 겁 없어져 재밌어서\n3 : 해녀 체험 나도 하고 싶다 키키\n1 : 이번 도전으로 물이랑 친해지기 도전!\n2 : 오 좋아\n2 : 그러고 물놀이 다지나 키키\n3 : 도전하자\n3 : 다 같이 가서 키키",
        "lines": [
          {
            "id": 1,
            "text": "1 : 나 이번에 스노쿨링 해 볼 거야",
            "norm_text": "나 이번에 스노쿨링 해 볼 거야",
            "speaker": {
              "id": "1번",
              "sex": "여성",
              "age": "20대"
            },
            "speechAct": "(단언) 진술하기",
            "morpheme": "나/NP+이번/NNG+에/JKB+스노/NNP+쿨링/NNG+해볼/XSV+EC+VX+ETM+거/NNB+야/VCP+EF"
          },
          {
            "id": 2,
            "text": "2 : 아 그거 재밌어",
            "norm_text": "아 그거 재밌어",
            "speaker": {
              "id": "2번",
              "sex": "남성",
              "age": "20대"
            },
            "speechAct": "(단언) 주장하기",
            "morpheme": "아/IC+그거/NP+재밌/VA+어/EC"
          },
          {
            "id": 3,
            "text": "2 : 나 그거 좋아해",
            "norm_text": "나 그거 좋아해",
            "speaker": {
              "id": "2번",
              "sex": "남성",
              "age": "20대"
            },
            "speechAct": "(단언) 주장하기",
            "morpheme": "나/NP+그거/NP+좋/VA+아/EC+해/VV+EC"
          },
          {
            "id": 4,
            "text": "3 : 스노쿨링",
            "norm_text": "스노쿨링",
            "speaker": {
              "id": "3번",
              "sex": "남성",
              "age": "20대"
            },
            "speechAct": "턴토크 사인(관습적 반응)",
            "morpheme": "스노/NNP+쿨링/NNG"
          },
          {
            "id": 5,
            "text": "3 : 아 재미있겠다",
            "norm_text": "아 재미있겠다",
            "speaker": {
              "id": "3번",
              "sex": "남성",
              "age": "20대"
            },
            "speechAct": "(단언) 주장하기",
            "morpheme": "아재미/NNG+있/VV+겠/EP+다/EC"
          },
          {
            "id": 6,
            "text": "3 : 나도 할래",
            "norm_text": "나도 할래",
            "speaker": {
              "id": "3번",
              "sex": "남성",
              "age": "20대"
            },
            "speechAct": "(단언) 주장하기",
            "morpheme": "나/NP+도/JX+할래/VV+EC"
          },
          {
            "id": 7,
            "text": "1 : 물은 무섭지만 재밌을 거 같아 ㅠ",
            "norm_text": "물은 무섭지만 재밌을 거 같아 ㅠ",
            "speaker": {
              "id": "1번",
              "sex": "여성",
              "age": "20대"
            },
            "speechAct": "(단언) 주장하기",
            "morpheme": "물/NNG+은/JX+무섭/VA+지만/EC+재밌/VA+을/ETM+거/NNB+같/VA+아/EC+ㅠ/UNKNOWN"
          },
          {
            "id": 8,
            "text": "2 : 너 어디로 가서 하려고?",
            "norm_text": "너 어디로 가서 하려고?",
            "speaker": {
              "id": "2번",
              "sex": "남성",
              "age": "20대"
            },
            "speechAct": "(지시) 질문하기",
            "morpheme": "너/NP+어디/NP+로/JKB+가/VV+서/EC+하/VX+려고/EF"
          },
          {
            "id": 9,
            "text": "3 : 아 진짜 물 무서워",
            "norm_text": "아 진짜 물 무서워",
            "speaker": {
              "id": "3번",
              "sex": "남성",
              "age": "20대"
            },
            "speechAct": "(단언) 주장하기",
            "morpheme": "아/IC+진짜/MAG+물/NNG+무서워/VA+EC"
          },
          {
            "id": 10,
            "text": "3 : 하지만 재미있겠다",
            "norm_text": "하지만 재미있겠다",
            "speaker": {
              "id": "3번",
              "sex": "남성",
              "age": "20대"
            },
            "speechAct": "(단언) 주장하기",
            "morpheme": "하지만/MAJ+재미있/VA+겠/EP+다/EC"
          },
          {
            "id": 11,
            "text": "1 : 나 제주도 생각하고 있는데",
            "norm_text": "나 제주도 생각하고 있는데",
            "speaker": {
              "id": "1번",
              "sex": "여성",
              "age": "20대"
            },
            "speechAct": "(단언) 진술하기",
            "morpheme": "나/NP+제주도/NNP+생각/NNG+하/XSV+고/EC+있/VX+는데/EC"
          },
          {
            "id": 12,
            "text": "2 : 나도 데리고 가라",
            "norm_text": "나도 데리고 가라",
            "speaker": {
              "id": "2번",
              "sex": "남성",
              "age": "20대"
            },
            "speechAct": "(지시) 명령/요구하기",
            "morpheme": "나/NP+도/JX+데리/VV+고/EC+가/VX+라/EC"
          },
          {
            "id": 13,
            "text": "2 : 나도 하고 싶어 키키",
            "norm_text": "나도 하고 싶어 키키",
            "speaker": {
              "id": "2번",
              "sex": "남성",
              "age": "20대"
            },
            "speechAct": "(단언) 주장하기",
            "morpheme": "나/NP+도/JX+하/VV+고/EC+싶/VX+어/EC+키/NNG+키/XSV+ETN"
          },
          {
            "id": 14,
            "text": "3 : 어디서 하는데",
            "norm_text": "어디서 하는데",
            "speaker": {
              "id": "3번",
              "sex": "남성",
              "age": "20대"
            },
            "speechAct": "(지시) 질문하기",
            "morpheme": "어디/NP+서/JKB+하/VV+는데/EC"
          },
          {
            "id": 15,
            "text": "3 : 궁금해",
            "norm_text": "궁금해",
            "speaker": {
              "id": "3번",
              "sex": "남성",
              "age": "20대"
            },
            "speechAct": "(단언) 주장하기",
            "morpheme": "궁금/XR+해/XSA+EC"
          },
          {
            "id": 16,
            "text": "3 : 진짜 제주도 오",
            "norm_text": "진짜 제주도 오",
            "speaker": {
              "id": "3번",
              "sex": "남성",
              "age": "20대"
            },
            "speechAct": "(단언) 주장하기",
            "morpheme": "진짜/MAG+제주/NNP+도오/NNG"
          },
          {
            "id": 17,
            "text": "1 : 전에 해녀체험 해 봤더니 재밌더라고",
            "norm_text": "전에 해녀체험 해 봤더니 재밌더라고",
            "speaker": {
              "id": "1번",
              "sex": "여성",
              "age": "20대"
            },
            "speechAct": "(단언) 진술하기",
            "morpheme": "전/NNG+에/JKB+해녀/NNG+체험/NNG+해/XSV+EC+봤/VX+EP+더니/EC+재밌/VA+더라고/EC"
          },
          {
            "id": 18,
            "text": "2 : 헐 해녀 체험 그거 어땠어?",
            "norm_text": "헐 해녀 체험 그거 어땠어?",
            "speaker": {
              "id": "2번",
              "sex": "남성",
              "age": "20대"
            },
            "speechAct": "(지시) 질문하기",
            "morpheme": "헐/IC+해녀/NNG+체험/NNG+그거/NP+어땠어/VA+EP+EF"
          },
          {
            "id": 19,
            "text": "2 : 궁금",
            "norm_text": "궁금",
            "speaker": {
              "id": "2번",
              "sex": "남성",
              "age": "20대"
            },
            "speechAct": "(단언) 주장하기",
            "morpheme": "궁금/XR"
          },
          {
            "id": 20,
            "text": "3 : 나도 데리고 가라 진짜",
            "norm_text": "나도 데리고 가라 진짜",
            "speaker": {
              "id": "3번",
              "sex": "남성",
              "age": "20대"
            },
            "speechAct": "(지시) 명령/요구하기",
            "morpheme": "나/NP+도/JX+데리/VV+고/EC+가/VX+라/EC+진짜/MAG"
          },
          {
            "id": 21,
            "text": "1 : 내가 물을 엄청 무서워할 줄 알았는데 키키",
            "norm_text": "내가 물을 엄청 무서워할 줄 알았는데 키키",
            "speaker": {
              "id": "1번",
              "sex": "여성",
              "age": "20대"
            },
            "speechAct": "(단언) 주장하기",
            "morpheme": "내/NP+가/JKS+물/NNG+을/JKO+엄청/MAG+무서워할/VV+ETM+줄/NNB+알/VV+았/EP+는데/EC+키/NNG+키/XSV+ETN"
          },
          {
            "id": 22,
            "text": "1 : 아니야",
            "norm_text": "아니야",
            "speaker": {
              "id": "1번",
              "sex": "여성",
              "age": "20대"
            },
            "speechAct": "(단언) 주장하기",
            "morpheme": "아니/VCN+야/EC"
          },
          {
            "id": 23,
            "text": "2 : 키키 물놀이 하면 겁 없어져 재밌어서",
            "norm_text": "키키 물놀이 하면 겁 없어져 재밌어서",
            "speaker": {
              "id": "2번",
              "sex": "남성",
              "age": "20대"
            },
            "speechAct": "(단언) 주장하기",
            "morpheme": "키/NNG+키/NNG+물놀이/NNG+하/XSV+면/EC+겁/NNG+없/VA+어/EC+져/VX+EC+재밌/VA+어서/EC"
          },
          {
            "id": 24,
            "text": "3 : 해녀 체험 나도 하고 싶다 키키",
            "norm_text": "해녀 체험 나도 하고 싶다 키키",
            "speaker": {
              "id": "3번",
              "sex": "남성",
              "age": "20대"
            },
            "speechAct": "(단언) 주장하기",
            "morpheme": "해녀/NNG+체험/NNG+나/NP+도/JX+하/VV+고/EC+싶/VX+다키키/NNP"
          },
          {
            "id": 25,
            "text": "1 : 이번 도전으로 물이랑 친해지기 도전!",
            "norm_text": "이번 도전으로 물이랑 친해지기 도전!",
            "speaker": {
              "id": "1번",
              "sex": "여성",
              "age": "20대"
            },
            "speechAct": "(단언) 주장하기",
            "morpheme": "이번/NNG+도전/NNG+으로/JKB+물/NNG+이랑/JKB+친해/VA+EC+지/VX+기/ETN+도/JX+전/NNG"
          },
          {
            "id": 26,
            "text": "2 : 오 좋아",
            "norm_text": "오 좋아",
            "speaker": {
              "id": "2번",
              "sex": "남성",
              "age": "20대"
            },
            "speechAct": "턴토크 사인(관습적 반응)",
            "morpheme": "오/NR+좋/VA+아/EC"
          },
          {
            "id": 27,
            "text": "2 : 그러고 물놀이 다지나 키키",
            "norm_text": "그러고 물놀이 다지나 키키",
            "speaker": {
              "id": "2번",
              "sex": "남성",
              "age": "20대"
            },
            "speechAct": "(단언) 주장하기",
            "morpheme": "그러고/MAJ+물놀/NNG+이/JKS+다/MAG+지나/VV+EC+키/NNG+키/XSV+ETN"
          },
          {
            "id": 28,
            "text": "3 : 도전하자",
            "norm_text": "도전하자",
            "speaker": {
              "id": "3번",
              "sex": "남성",
              "age": "20대"
            },
            "speechAct": "(단언) 주장하기",
            "morpheme": "도전/NNG+하/XSV+자/EC"
          },
          {
            "id": 29,
            "text": "3 : 다 같이 가서 키키",
            "norm_text": "다 같이 가서 키키",
            "speaker": {
              "id": "3번",
              "sex": "남성",
              "age": "20대"
            },
            "speechAct": "(단언) 주장하기",
            "morpheme": "다/MAG+같이/MAG+가/VV+서/EC+키/NNG+키/XSV+ETN"
          }
        ]
      }
    }
  ]
}