{
  "dataset": {
    "identifier": 17547,
    "name": "NATEON_26_19_set",
    "src_path": "/data/file/cubeManager/PROJECT001/7/txt20210826181628071592/NATEON_26_19_set/",
    "label_path": "/data/file/cubeManager/PROJECT001/7/txt20210826181628071592/NATEON_26_19_set/",
    "category": 2,
    "type": 0
  },
  "licenses": {
    "name": "Apache License 1.0",
    "url": "http://www.apache.org/licenses/LICENSE-1.0"
  },
  "info": [
    {
      "id": 737,
      "filename": "NATEON_26_19.txt",
      "title": "NATEON_26_19",
      "mediatype": "메신저",
      "medianame": "네이트온",
      "category": "일상대화",
      "date": "2021-08-26",
      "size": 918,
      "annotations": {
        "subject": "방송/연예",
        "speaker_type": "1:1",
        "size": 918,
        "word_size": 281,
        "text": "1 : 요즘 뭐 재밌는 드라마 없나?\n1 : 볼 게 없어.\n2 : 그치? ㅠㅠ 나도 드라마 좋아하는데 요즘 보는 게 딱히 없네.\n2 : 근데 기대 중인 드라마는 있어! 키키\n1 : 오 장르는 어떤 드라마야?\n2 : 보니까 힐링 로맨스라고 하는데 배경이 바닷가 마을이어서 좀 정겹고 재밌을 거 같아! 키키\n1 : 오 바닷가 마을! 풍경 보는 재미도 있겠다!\n1 : 어디 방송국에서 하는 거야?\n2 : 맞아! 요즘은 사실 그런 배경 잘 없는데 어떤 느낌일지 넘 궁금해!\n2 : 방송국은 tvN이야!\n1 : 오! 그렇구나.\n1 : 확실히 요즘 드라마 퀄리티도 좋아져서 웬만한 영화보다 나은 거 같아!\n2 : 정말 그래!\n2 : 우리나라가 또 드라마는 정말 잘 만드는 것 같아!\n2 : 스토리도 그렇고 편집 기술이나 연출 등등 다 진짜 대단해.\n1 : 맞아! 진짜 배우가 아무리 연기 잘하고 명배우여도 작가랑 감독이 별로면 또 망하더라고 ㅠㅠ\n2 : 으아 진짜 그거 넘넘 공감... 좋은 배우 데려가 놓고 결국 망하는 경우도 정말 많이 봤거든...\n2 : 그럴 때는 시청자 입장에서도 정말 속상해...\n1 : 맞아...ㅠㅠ 찾아보니까 너가 기대한다는 드라마는 왠지 느낌이 좋아.\n1 : 잘 될 거 같아.\n1 : 나도 보고 싶다!\n2 : 오 찾아 봤구나! 하하\n2 : 내가 좋아하는 배우가 나와서 기대하게 된 드라마인데 같이 나오는 다른 배우들도 다 케미가 좋을 거 같아!\n2 : 몇 주 뒤에 시작인데 시간 괜찮으면 한번 봐봐!\n1 : 응응 특히 여자 배우!\n1 : 진짜 오랜만에 작품 활동하는 거 같은데 진짜 기대된다!\n2 : 그치? 나도 그래서 더 기대가 되더라구!\n2 : 캐스팅 됐다고 기사 떴을 때부터 기다리고 있었는데 드디어 시작을 하네!\n1 : 맞아! 남자 배우도 최근에 드라마로 되게 잘된 걸로 아는데 케미가 진짜 좋겠다!\n2 : 응응 맞아!  부디 좋은 스토리의 드라마이기를...! 하하",
        "lines": [
          {
            "id": 1,
            "text": "1 : 요즘 뭐 재밌는 드라마 없나?",
            "norm_text": "요즘 뭐 재밌는 드라마 없나?",
            "speaker": {
              "id": "1번",
              "sex": "여성",
              "age": "30대"
            },
            "speechAct": "(지시) 질문하기",
            "morpheme": "요즘/MAG+뭐/IC+재밌/VA+는/ETM+드라마/NNG+없/VA+나/EF"
          },
          {
            "id": 2,
            "text": "1 : 볼 게 없어.",
            "norm_text": "볼 게 없어.",
            "speaker": {
              "id": "1번",
              "sex": "여성",
              "age": "30대"
            },
            "speechAct": "(단언) 주장하기",
            "morpheme": "볼/VV+ETM+게/NNB+JKS+없/VA+어/EF"
          },
          {
            "id": 3,
            "text": "2 : 그치? ㅠㅠ 나도 드라마 좋아하는데 요즘 보는 게 딱히 없네.",
            "norm_text": "그치? ㅠㅠ 나도 드라마 좋아하는데 요즘 보는 게 딱히 없네.",
            "speaker": {
              "id": "2번",
              "sex": "여성",
              "age": "20대"
            },
            "speechAct": "(단언) 주장하기",
            "morpheme": "그치/IC+ㅠㅠ/UNKNOWN+나/NP+도/JX+드라마/NNG+좋/VA+아/EC+하/VV+는데/EC+요즘/MAG+보/VV+는/ETM+게/NNB+JKS+딱히/MAG+없/VA+네/EF"
          },
          {
            "id": 4,
            "text": "2 : 근데 기대 중인 드라마는 있어! 키키",
            "norm_text": "근데 기대 중인 드라마는 있어! 키키",
            "speaker": {
              "id": "2번",
              "sex": "여성",
              "age": "20대"
            },
            "speechAct": "(단언) 주장하기",
            "morpheme": "근데/MAJ+기대/NNG+중/NNB+인/VCP+ETM+드라마/NNG+는/JX+있/VX+어/EF+키/NNG+키/XSV+ETN"
          },
          {
            "id": 5,
            "text": "1 : 오 장르는 어떤 드라마야?",
            "norm_text": "오 장르는 어떤 드라마야?",
            "speaker": {
              "id": "1번",
              "sex": "여성",
              "age": "30대"
            },
            "speechAct": "(지시) 질문하기",
            "morpheme": "오/NR+장르/NNG+는/JX+어떤/MM+드라마/NNG+야/VCP+EF"
          },
          {
            "id": 6,
            "text": "2 : 보니까 힐링 로맨스라고 하는데 배경이 바닷가 마을이어서 좀 정겹고 재밌을 거 같아! 키키",
            "norm_text": "보니까 힐링 로맨스라고 하는데 배경이 바닷가 마을이어서 좀 정겹고 재밌을 거 같아! 키키",
            "speaker": {
              "id": "2번",
              "sex": "여성",
              "age": "20대"
            },
            "speechAct": "(단언) 주장하기",
            "morpheme": "보/VV+니까/EC+힐링/NNG+로맨스/NNG+라고/VCP+EC+하/VV+는데/EC+배경/NNG+이/JKS+바닷가/NNG+마을/NNG+이/VCP+어서/EC+좀/MAG+정겹/VA+고/EC+재밌/VA+을/ETM+거/NNB+같/VA+아/EF+키/NNG+키/XSV+ETN"
          },
          {
            "id": 7,
            "text": "1 : 오 바닷가 마을! 풍경 보는 재미도 있겠다!",
            "norm_text": "오 바닷가 마을! 풍경 보는 재미도 있겠다!",
            "speaker": {
              "id": "1번",
              "sex": "여성",
              "age": "30대"
            },
            "speechAct": "(단언) 주장하기",
            "morpheme": "오바/IC+닷/NR+가마/NNBC+을/JKO+풍경/NNG+보/VV+는/ETM+재미/NNG+도/JX+있/VA+겠/EP+다/EF"
          },
          {
            "id": 8,
            "text": "1 : 어디 방송국에서 하는 거야?",
            "norm_text": "어디 방송국에서 하는 거야?",
            "speaker": {
              "id": "1번",
              "sex": "여성",
              "age": "30대"
            },
            "speechAct": "(지시) 질문하기",
            "morpheme": "어디/NP+방송국/NNG+에서/JKB+하/VV+는/ETM+거/NNB+야/VCP+EF"
          },
          {
            "id": 9,
            "text": "2 : 맞아! 요즘은 사실 그런 배경 잘 없는데 어떤 느낌일지 넘 궁금해!",
            "norm_text": "맞아! 요즘은 사실 그런 배경 잘 없는데 어떤 느낌일지 넘 궁금해!",
            "speaker": {
              "id": "2번",
              "sex": "여성",
              "age": "20대"
            },
            "speechAct": "(단언) 주장하기",
            "morpheme": "맞/VV+아/EF+요즘/NNG+은/JX+사실/MAG+그런/MM+배경/NNG+잘/MAG+없/VA+는데/EC+어떤/MM+느낌/NNG+일지/VCP+EC+넘/MAG+궁금/XR+해/XSA+EF"
          },
          {
            "id": 10,
            "text": "2 : 방송국은 tvN이야!",
            "norm_text": "방송국은 tvN이야!",
            "speaker": {
              "id": "2번",
              "sex": "여성",
              "age": "20대"
            },
            "speechAct": "(단언) 주장하기",
            "morpheme": "방송국/NNG+은/JX+tvN/SL+이/VCP+야/EF"
          },
          {
            "id": 11,
            "text": "1 : 오! 그렇구나.",
            "norm_text": "오! 그렇구나.",
            "speaker": {
              "id": "1번",
              "sex": "여성",
              "age": "30대"
            },
            "speechAct": "(표현) 긍정감정 표현하기",
            "morpheme": "오/IC+그렇/VA+구나/EF"
          },
          {
            "id": 12,
            "text": "1 : 확실히 요즘 드라마 퀄리티도 좋아져서 웬만한 영화보다 나은 거 같아!",
            "norm_text": "확실히 요즘 드라마 퀄리티도 좋아져서 웬만한 영화보다 나은 거 같아!",
            "speaker": {
              "id": "1번",
              "sex": "여성",
              "age": "30대"
            },
            "speechAct": "(단언) 주장하기",
            "morpheme": "확실히/MAG+요즘/MAG+드라마/NNG+퀄리티/NNP+도/JX+좋/VA+아/EC+져서/VX+EC+웬만/XR+한/XSA+ETM+영화/NNG+보다/JKB+나/VA+은/ETM+거/NNB+같/VA+아/EF"
          },
          {
            "id": 13,
            "text": "2 : 정말 그래!",
            "norm_text": "정말 그래!",
            "speaker": {
              "id": "2번",
              "sex": "여성",
              "age": "20대"
            },
            "speechAct": "(표현) 긍정감정 표현하기",
            "morpheme": "정말/MAG+그래/VA+EF"
          },
          {
            "id": 14,
            "text": "2 : 우리나라가 또 드라마는 정말 잘 만드는 것 같아!",
            "norm_text": "우리나라가 또 드라마는 정말 잘 만드는 것 같아!",
            "speaker": {
              "id": "2번",
              "sex": "여성",
              "age": "20대"
            },
            "speechAct": "(단언) 주장하기",
            "morpheme": "우리/NP+나라/NNG+가/JKS+또/MAG+드라마/NNG+는/JX+정말/MAG+잘/MAG+만드/VV+는/ETM+것/NNB+같/VA+아/EF"
          },
          {
            "id": 15,
            "text": "2 : 스토리도 그렇고 편집 기술이나 연출 등등 다 진짜 대단해.",
            "norm_text": "스토리도 그렇고 편집 기술이나 연출 등등 다 진짜 대단해.",
            "speaker": {
              "id": "2번",
              "sex": "여성",
              "age": "20대"
            },
            "speechAct": "(단언) 주장하기",
            "morpheme": "스토리/NNG+도/JX+그렇/VA+고/EC+편집/NNG+기술/NNG+이나/JC+연출/NNG+등등/NNB+다/MAG+진짜/MAG+대단/XR+해/XSA+EF"
          },
          {
            "id": 16,
            "text": "1 : 맞아! 진짜 배우가 아무리 연기 잘하고 명배우여도 작가랑 감독이 별로면 또 망하더라고 ㅠㅠ",
            "norm_text": "맞아! 진짜 배우가 아무리 연기 잘하고 명배우여도 작가랑 감독이 별로면 또 망하더라고 ㅠㅠ",
            "speaker": {
              "id": "1번",
              "sex": "여성",
              "age": "30대"
            },
            "speechAct": "(단언) 주장하기",
            "morpheme": "맞/VV+아/EF+진짜/MAG+배우/NNG+가/JKS+아무리/MAG+연기/NNG+잘/MAG+하/VV+고/EC+명배우/NNG+여도/VCP+EC+작가/NNG+랑/JKB+감독/NNG+이/JKS+별로/MAG+면/NNG+또/MAG+망하/VV+더라고/EF+ㅠㅠ/UNKNOWN"
          },
          {
            "id": 17,
            "text": "2 : 으아 진짜 그거 넘넘 공감... 좋은 배우 데려가 놓고 결국 망하는 경우도 정말 많이 봤거든...",
            "norm_text": "으아 진짜 그거 넘넘 공감... 좋은 배우 데려가 놓고 결국 망하는 경우도 정말 많이 봤거든...",
            "speaker": {
              "id": "2번",
              "sex": "여성",
              "age": "20대"
            },
            "speechAct": "(단언) 주장하기",
            "morpheme": "으아/IC+진짜/MAG+그거/NP+넘/MAG+넘/MAG+공감/NNG+./SY+./SY+좋/VA+은/ETM+배우/NNG+데려가/VV+EC+놓/VX+고/EC+결국/NNG+망하/VV+는/ETM+경우/NNG+도/JX+정말/MAG+많이/MAG+봤/VV+EP+거든/EF+./SY"
          },
          {
            "id": 18,
            "text": "2 : 그럴 때는 시청자 입장에서도 정말 속상해...",
            "norm_text": "그럴 때는 시청자 입장에서도 정말 속상해...",
            "speaker": {
              "id": "2번",
              "sex": "여성",
              "age": "20대"
            },
            "speechAct": "(단언) 주장하기",
            "morpheme": "그럴/VA+ETM+때/NNG+는/JX+시청자/NNG+입장/NNG+에서/JKB+도/JX+정말/MAG+속상해/VA+EF+./SY"
          },
          {
            "id": 19,
            "text": "1 : 맞아...ㅠㅠ 찾아보니까 너가 기대한다는 드라마는 왠지 느낌이 좋아.",
            "norm_text": "맞아...ㅠㅠ 찾아보니까 너가 기대한다는 드라마는 왠지 느낌이 좋아.",
            "speaker": {
              "id": "1번",
              "sex": "여성",
              "age": "30대"
            },
            "speechAct": "(단언) 주장하기",
            "morpheme": "맞/VV+아/EF+./SY+ㅠㅠ/UNKNOWN+찾아보/VV+니까/EC+너/NP+가/JKS+기대/NNG+한다는/XSV+ETM+드라마/NNG+는/JX+왠지/MAG+느낌/NNG+이/JKS+좋/VA+아/EF"
          },
          {
            "id": 20,
            "text": "1 : 잘 될 거 같아.",
            "norm_text": "잘 될 거 같아.",
            "speaker": {
              "id": "1번",
              "sex": "여성",
              "age": "30대"
            },
            "speechAct": "(단언) 주장하기",
            "morpheme": "잘/MAG+될/VV+ETM+거/NNB+같/VA+아/EF"
          },
          {
            "id": 21,
            "text": "1 : 나도 보고 싶다!",
            "norm_text": "나도 보고 싶다!",
            "speaker": {
              "id": "1번",
              "sex": "여성",
              "age": "30대"
            },
            "speechAct": "(단언) 주장하기",
            "morpheme": "나/NP+도/JX+보/VV+고/EC+싶/VX+다/EF"
          },
          {
            "id": 22,
            "text": "2 : 오 찾아 봤구나! 하하",
            "norm_text": "오 찾아 봤구나! 하하",
            "speaker": {
              "id": "2번",
              "sex": "여성",
              "age": "20대"
            },
            "speechAct": "(단언) 주장하기",
            "morpheme": "오/NR+찾/VV+아/EC+봤/VX+EP+구나/EF+하하/MAG"
          },
          {
            "id": 23,
            "text": "2 : 내가 좋아하는 배우가 나와서 기대하게 된 드라마인데 같이 나오는 다른 배우들도 다 케미가 좋을 거 같아!",
            "norm_text": "내가 좋아하는 배우가 나와서 기대하게 된 드라마인데 같이 나오는 다른 배우들도 다 케미가 좋을 거 같아!",
            "speaker": {
              "id": "2번",
              "sex": "여성",
              "age": "20대"
            },
            "speechAct": "(단언) 주장하기",
            "morpheme": "내/NP+가/JKS+좋/VA+아/EC+하/VV+는/ETM+배우/NNG+가/JKS+나와서/VV+EC+기대/NNG+하/XSV+게/EC+된/VV+ETM+드라마/NNG+인데/VCP+EC+같이/MAG+나오/VV+는/ETM+다른/MM+배우/NNG+들/XSN+도/JX+다/MAG+케미/NNP+가/JKS+좋/VA+을/ETM+거/NNB+같/VA+아/EF"
          },
          {
            "id": 24,
            "text": "2 : 몇 주 뒤에 시작인데 시간 괜찮으면 한번 봐봐!",
            "norm_text": "몇 주 뒤에 시작인데 시간 괜찮으면 한번 봐봐!",
            "speaker": {
              "id": "2번",
              "sex": "여성",
              "age": "20대"
            },
            "speechAct": "(지시) 충고/제안하기",
            "morpheme": "몇/MM+주/NNBC+뒤/NNG+에/JKB+시작/NNG+인데/VCP+EC+시간/NNG+괜찮/VA+으면/EC+한/MM+번/NNBC+봐/VV+EC+봐/VX+EF"
          },
          {
            "id": 25,
            "text": "1 : 응응 특히 여자 배우!",
            "norm_text": "응응 특히 여자 배우!",
            "speaker": {
              "id": "1번",
              "sex": "여성",
              "age": "30대"
            },
            "speechAct": "(단언) 주장하기",
            "morpheme": "응/IC+응/IC+특히/MAG+여자/NNG+배우/NNG"
          },
          {
            "id": 26,
            "text": "1 : 진짜 오랜만에 작품 활동하는 거 같은데 진짜 기대된다!",
            "norm_text": "진짜 오랜만에 작품 활동하는 거 같은데 진짜 기대된다!",
            "speaker": {
              "id": "1번",
              "sex": "여성",
              "age": "30대"
            },
            "speechAct": "(단언) 주장하기",
            "morpheme": "진짜/MAG+오랜만/NNG+에/JKB+작품/NNG+활동/NNG+하/XSV+는/ETM+거/NNB+같/VA+은데/EC+진짜/MAG+기대/NNG+된다/XSV+EF"
          },
          {
            "id": 27,
            "text": "2 : 그치? 나도 그래서 더 기대가 되더라구!",
            "norm_text": "그치? 나도 그래서 더 기대가 되더라구!",
            "speaker": {
              "id": "2번",
              "sex": "여성",
              "age": "20대"
            },
            "speechAct": "(단언) 주장하기",
            "morpheme": "그치/IC+나/NP+도/JX+그래서/MAJ+더/MAG+기대/NNG+가/JKS+되/VV+더라구/EF"
          },
          {
            "id": 28,
            "text": "2 : 캐스팅 됐다고 기사 떴을 때부터 기다리고 있었는데 드디어 시작을 하네!",
            "norm_text": "캐스팅 됐다고 기사 떴을 때부터 기다리고 있었는데 드디어 시작을 하네!",
            "speaker": {
              "id": "2번",
              "sex": "여성",
              "age": "20대"
            },
            "speechAct": "(단언) 주장하기",
            "morpheme": "캐스팅/NNG+됐/XSV+EP+다고/EC+기사/NNG+떴/VV+EP+을/ETM+때/NNG+부터/JX+기다리/VV+고/EC+있/VX+었/EP+는데/EC+드디어/MAG+시작/NNG+을/JKO+하/VV+네/EF"
          },
          {
            "id": 29,
            "text": "1 : 맞아! 남자 배우도 최근에 드라마로 되게 잘된 걸로 아는데 케미가 진짜 좋겠다!",
            "norm_text": "맞아! 남자 배우도 최근에 드라마로 되게 잘된 걸로 아는데 케미가 진짜 좋겠다!",
            "speaker": {
              "id": "1번",
              "sex": "여성",
              "age": "30대"
            },
            "speechAct": "(단언) 주장하기",
            "morpheme": "맞/VV+아/EF+남자/NNG+배우/NNG+도/JX+최근/NNG+에/JKB+드라마/NNG+로/JKB+되게/MAG+잘/MAG+된/VV+ETM+걸로/NNB+JKB+아/VV+는데/EC+케미/NNP+가/JKS+진짜/MAG+좋/VA+겠/EP+다/EF"
          },
          {
            "id": 30,
            "text": "2 : 응응 맞아!  부디 좋은 스토리의 드라마이기를...! 하하",
            "norm_text": "응응 맞아!  부디 좋은 스토리의 드라마이기를...! 하하",
            "speaker": {
              "id": "2번",
              "sex": "여성",
              "age": "20대"
            },
            "speechAct": "(단언) 주장하기",
            "morpheme": "응응/MAG+맞/VV+아/EF+부디/MAG+좋/VA+은/ETM+스토리/NNG+의/JKG+드라마/NNG+이/VCP+기/ETN+를/JKO+./SY+./SY+하하/MAG"
          }
        ]
      }
    }
  ]
}