{
  "dataset": {
    "identifier": 116768,
    "name": "NATEON_29_15_set",
    "src_path": "/data/file/cubeManager/PROJECT001/80/txt20211102103851083632/NATEON_29_15_set/",
    "label_path": "/data/file/cubeManager/PROJECT001/80/txt20211102103851083632/NATEON_29_15_set/",
    "category": 2,
    "type": 0
  },
  "licenses": {
    "name": "Apache License 1.0",
    "url": "http://www.apache.org/licenses/LICENSE-1.0"
  },
  "info": [
    {
      "id": 129878,
      "filename": "NATEON_29_15.txt",
      "title": "NATEON_29_15",
      "mediatype": "메신저",
      "medianame": "네이트온",
      "category": "일상대화",
      "date": "2021-11-02",
      "size": 523,
      "annotations": {
        "subject": "타 국가 이슈",
        "speaker_type": "다자간 대화",
        "size": 523,
        "word_size": 164,
        "text": "1 : 이번에 미국에서 마이네임 반응이 좋더라\n2 : 응 맞아 오겜 이후로 우리나라 거 인기 폭발!\n3 : 넷플릭스 회장이 투자금을 더 준다고 했다던데?\n1 : 응 아무래도 넷플릭스 자금 사정이 오징어 게임 덕분에 나아져서\n2 : 와 대박 우리나라에 더 준다고 한 거야?\n3 : .\n3 : 맞아 넷플릭스 세금 문제도 빨리 해결 되야 할 텐데\n1 : 응 아마 디즈니도 한국에 들어오려고 노력 중인가 봐\n2 : 아 맞아 usb 이런 거 세금 문제로 말 많더라고 ㅠㅠ\n3 : 디즈니는 이미 들어오지 않았어?\n1 : 아니 저작권 문제로 모두 들어오진 않은 거 같아\n2 : 디즈니 나도 소식 들었는데 그거 들어오는 거 아니였어? ㅠㅠ 아숩...\n3 : 해외 자본이 정말 많이 들어오고 있네\n1 : 유플러스 통해서 들어온다고 하던데 잘 모르겠어\n2 : 우리나라도 이렇게 쭉쭉 커 나갔으면 좋겠다 하하\n3 : 맞아, 디즈니가 좋은 결정 했으면 좋겠다\n1 : 넷플릭스에 디즈니까지... 볼 거 풍년이다\n2 : 맞아 이러다가 사람들 다 집콕 할 듯\n3 : 올해는 집콕하면서 다 봐야지",
        "lines": [
          {
            "id": 1,
            "text": "1 : 이번에 미국에서 마이네임 반응이 좋더라",
            "norm_text": "이번에 미국에서 마이네임 반응이 좋더라",
            "speaker": {
              "id": "1번",
              "sex": "여성",
              "age": "20대"
            },
            "speechAct": "(단언) 진술하기",
            "morpheme": "이번/NNG+에/JKB+미국/NNP+에서/JKB+마이네임/NNP+반응/NNG+이/JKS+좋/VA+더라/EC"
          },
          {
            "id": 2,
            "text": "2 : 응 맞아 오겜 이후로 우리나라 거 인기 폭발!",
            "norm_text": "응 맞아 오겜 이후로 우리나라 거 인기 폭발!",
            "speaker": {
              "id": "2번",
              "sex": "여성",
              "age": "20대"
            },
            "speechAct": "(단언) 진술하기",
            "morpheme": "응/IC+맞/VV+아오/EF+겜/NNP+이후/NNG+로/JKB+우리/NP+나라/NNG+거/NNB+인기/VCP+EC+폭발/NNG"
          },
          {
            "id": 3,
            "text": "3 : 넷플릭스 회장이 투자금을 더 준다고 했다던데?",
            "norm_text": "넷플릭스 회장이 투자금을 더 준다고 했다던데?",
            "speaker": {
              "id": "3번",
              "sex": "남성",
              "age": "20대"
            },
            "speechAct": "(단언) 진술하기",
            "morpheme": "넷플릭스/NNP+회장/NNG+이/JKS+투/NR+자금/NNG+을/JKO+더/MAG+준다고/VV+EC+했/VX+EP+다던데/EF"
          },
          {
            "id": 4,
            "text": "1 : 응 아무래도 넷플릭스 자금 사정이 오징어 게임 덕분에 나아져서",
            "norm_text": "응 아무래도 넷플릭스 자금 사정이 오징어 게임 덕분에 나아져서",
            "speaker": {
              "id": "1번",
              "sex": "여성",
              "age": "20대"
            },
            "speechAct": "(단언) 진술하기",
            "morpheme": "응/IC+아무래도/MAG+넷플릭스/NNP+자금/NNG+사정/NNG+이/JKS+오징어/NNG+게임/NNG+덕분/NNG+에/JKB+나/VV+아/EC+져서/VX+EC"
          },
          {
            "id": 5,
            "text": "2 : 와 대박 우리나라에 더 준다고 한 거야?",
            "norm_text": "와 대박 우리나라에 더 준다고 한 거야?",
            "speaker": {
              "id": "2번",
              "sex": "여성",
              "age": "20대"
            },
            "speechAct": "(지시) 질문하기",
            "morpheme": "와/IC+대박/NNG+우리나라/NNG+에/JKB+더/MAG+준다고/VV+EC+한/VX+ETM+거/NNB+야/VCP+EF"
          },
          {
            "id": 6,
            "text": "3 : .",
            "norm_text": ".",
            "speaker": {
              "id": "3번",
              "sex": "남성",
              "age": "20대"
            },
            "speechAct": "N/A",
            "morpheme": ""
          },
          {
            "id": 7,
            "text": "3 : 맞아 넷플릭스 세금 문제도 빨리 해결 되야 할 텐데",
            "norm_text": "맞아 넷플릭스 세금 문제도 빨리 해결 되야 할 텐데",
            "speaker": {
              "id": "3번",
              "sex": "남성",
              "age": "20대"
            },
            "speechAct": "(단언) 주장하기",
            "morpheme": "맞/VV+아/EC+넷플릭스/NNP+세금/NNG+문제/NNG+도/JX+빨리/MAG+해결/NNG+되/XSV+야/EC+할/VX+ETM+텐데/NNB+VCP+EC"
          },
          {
            "id": 8,
            "text": "1 : 응 아마 디즈니도 한국에 들어오려고 노력 중인가 봐",
            "norm_text": "응 아마 디즈니도 한국에 들어오려고 노력 중인가 봐",
            "speaker": {
              "id": "1번",
              "sex": "여성",
              "age": "20대"
            },
            "speechAct": "(단언) 진술하기",
            "morpheme": "응/IC+아마/MAG+디즈니/NNP+도/JX+한국/NNP+에/JKB+들어오/VV+려고/EC+노력/NNG+중/NNB+인가/VCP+EC+봐/VX+EC"
          },
          {
            "id": 9,
            "text": "2 : 아 맞아 usb 이런 거 세금 문제로 말 많더라고 ㅠㅠ",
            "norm_text": "아 맞아 usb 이런 거 세금 문제로 말 많더라고 ㅠㅠ",
            "speaker": {
              "id": "2번",
              "sex": "여성",
              "age": "20대"
            },
            "speechAct": "(단언) 진술하기",
            "morpheme": "아/IC+맞/VV+아/EC+usb/SL+이런거세금문제로말많더라고ㅠㅠ/UNKNOWN"
          },
          {
            "id": 10,
            "text": "3 : 디즈니는 이미 들어오지 않았어?",
            "norm_text": "디즈니는 이미 들어오지 않았어?",
            "speaker": {
              "id": "3번",
              "sex": "남성",
              "age": "20대"
            },
            "speechAct": "(지시) 질문하기",
            "morpheme": "디즈니/NNP+는/JX+이미/MAG+들어오/VV+지/EC+않/VX+았/EP+어/EF"
          },
          {
            "id": 11,
            "text": "1 : 아니 저작권 문제로 모두 들어오진 않은 거 같아",
            "norm_text": "아니 저작권 문제로 모두 들어오진 않은 거 같아",
            "speaker": {
              "id": "1번",
              "sex": "여성",
              "age": "20대"
            },
            "speechAct": "(단언) 진술하기",
            "morpheme": "아니/IC+저작/NNG+권/XSN+문제/NNG+로/JKB+모두/MAG+들어오/VV+진/EC+JX+않/VX+은/ETM+거/NNB+같/VA+아/EC"
          },
          {
            "id": 12,
            "text": "2 : 디즈니 나도 소식 들었는데 그거 들어오는 거 아니였어? ㅠㅠ 아숩...",
            "norm_text": "디즈니 나도 소식 들었는데 그거 들어오는 거 아니였어? ㅠㅠ 아숩...",
            "speaker": {
              "id": "2번",
              "sex": "여성",
              "age": "20대"
            },
            "speechAct": "(지시) 질문하기",
            "morpheme": "디즈니/NNP+나/NP+도/JX+소식/NNG+들/VV+었/EP+는데/EC+그거/NP+들어오/VV+는/ETM+거/NNB+아니/VCN+였/EP+어/EF+ㅠㅠ아숩/UNKNOWN+./SY"
          },
          {
            "id": 13,
            "text": "3 : 해외 자본이 정말 많이 들어오고 있네",
            "norm_text": "해외 자본이 정말 많이 들어오고 있네",
            "speaker": {
              "id": "3번",
              "sex": "남성",
              "age": "20대"
            },
            "speechAct": "(단언) 주장하기",
            "morpheme": "해외/NNG+자본/NNG+이/JKS+정말/MAG+많이/MAG+들어오/VV+고/EC+있/VX+네/EC"
          },
          {
            "id": 14,
            "text": "1 : 유플러스 통해서 들어온다고 하던데 잘 모르겠어",
            "norm_text": "유플러스 통해서 들어온다고 하던데 잘 모르겠어",
            "speaker": {
              "id": "1번",
              "sex": "여성",
              "age": "20대"
            },
            "speechAct": "(단언) 주장하기",
            "morpheme": "유/NNP+플러스/NNG+통해서/VV+EC+들어온다고/VV+EC+하/VV+던데/EC+잘/MAG+모르/VV+겠/EP+어/EC"
          },
          {
            "id": 15,
            "text": "2 : 우리나라도 이렇게 쭉쭉 커 나갔으면 좋겠다 하하",
            "norm_text": "우리나라도 이렇게 쭉쭉 커 나갔으면 좋겠다 하하",
            "speaker": {
              "id": "2번",
              "sex": "여성",
              "age": "20대"
            },
            "speechAct": "(단언) 주장하기",
            "morpheme": "우리/NP+나라/NNG+도/JX+이렇게/MAG+쭉쭉/MAG+커나갔/VV+EC+VX+EP+으면/EC+좋/VA+겠/EP+다/EF+하하/MAG"
          },
          {
            "id": 16,
            "text": "3 : 맞아, 디즈니가 좋은 결정 했으면 좋겠다",
            "norm_text": "맞아, 디즈니가 좋은 결정 했으면 좋겠다",
            "speaker": {
              "id": "3번",
              "sex": "남성",
              "age": "20대"
            },
            "speechAct": "(단언) 주장하기",
            "morpheme": "맞/VV+아/EC+,/SC+디즈니/NNP+가/JKS+좋/VA+은/ETM+결정/NNG+했/XSV+EP+으면/EC+좋/VA+겠/EP+다/EC"
          },
          {
            "id": 17,
            "text": "1 : 넷플릭스에 디즈니까지... 볼 거 풍년이다",
            "norm_text": "넷플릭스에 디즈니까지... 볼 거 풍년이다",
            "speaker": {
              "id": "1번",
              "sex": "여성",
              "age": "20대"
            },
            "speechAct": "(단언) 주장하기",
            "morpheme": "넷플릭스/NNP+에/JKB+디즈니/NNP+까지/JX+./SY+볼/VV+ETM+거/NNB+풍년/NNG+이/VCP+다/EC"
          },
          {
            "id": 18,
            "text": "2 : 맞아 이러다가 사람들 다 집콕 할 듯",
            "norm_text": "맞아 이러다가 사람들 다 집콕 할 듯",
            "speaker": {
              "id": "2번",
              "sex": "여성",
              "age": "20대"
            },
            "speechAct": "(단언) 주장하기",
            "morpheme": "맞/VV+아/EC+이러/VV+다가/EC+사람/NNG+들/XSN+다/MAG+집/NNG+콕/NNG+할/XSV+ETM+듯/NNB"
          },
          {
            "id": 19,
            "text": "3 : 올해는 집콕하면서 다 봐야지",
            "norm_text": "올해는 집콕하면서 다 봐야지",
            "speaker": {
              "id": "3번",
              "sex": "남성",
              "age": "20대"
            },
            "speechAct": "(단언) 주장하기",
            "morpheme": "올해/NNG+는/JX+집/NNG+콕/NNG+하/XSV+면서/EC+다/MAG+봐야지/VV+EC"
          }
        ]
      }
    }
  ]
}