{
  "dataset": {
    "identifier": 117951,
    "name": "NATEON_30_02_set",
    "src_path": "/data/file/cubeManager/PROJECT001/80/txt20211102113529048729/NATEON_30_02_set/",
    "label_path": "/data/file/cubeManager/PROJECT001/80/txt20211102113529048729/NATEON_30_02_set/",
    "category": 2,
    "type": 0
  },
  "licenses": {
    "name": "Apache License 1.0",
    "url": "http://www.apache.org/licenses/LICENSE-1.0"
  },
  "info": [
    {
      "id": 129965,
      "filename": "NATEON_30_02.txt",
      "title": "NATEON_30_02",
      "mediatype": "메신저",
      "medianame": "네이트온",
      "category": "일상대화",
      "date": "2021-11-02",
      "size": 424,
      "annotations": {
        "subject": "주거와 생활",
        "speaker_type": "다자간 대화",
        "size": 424,
        "word_size": 153,
        "text": "1 : 나 집 베란다에서 식물 키워 하하\n2 : 오 식물?\n2 : 요즘 많이 키우더라 키키\n3 : 너희 집에 베란다가 있었어?\n1 : 응 이번에 베란다 확장했어!\n2 : 아 새로 확장 공사한 거야?\n3 : 오 다시 공사한 거야?\n1 : 응 아무래도 없으니까 그렇더라고 ㅠ\n2 : 오 그럼 베란다에 포차 이런 거 꾸며라 하하\n3 : 보통 요즘은 없애는 추세던데\n1 : 응 근데 나는 있는 게 더 좋더라고 하하\n2 : 나도 근데 없는 것보단 있는 게 더 좋은 거 같아 키키\n3 : 맞아 하하\n3 : 포차 이런 걸로도 꾸미더라\n1 : 맞아 하하\n1 : 나만의 공간처럼 꾸미기!\n2 : 웅 공간 꾸며서 거기에 우리 좀 초대해 줘 키키\n3 : 나만의 공간 꿈만 같다 ㅠ\n1 : 응 하하 다 되면 초대할께!\n2 : 오예\n2 : 가서 분위기 내고 그래야겠다 키키\n3 : 좋아 하하\n3 : 맛있는 거 사서 갈께!",
        "lines": [
          {
            "id": 1,
            "text": "1 : 나 집 베란다에서 식물 키워 하하",
            "norm_text": "나 집 베란다에서 식물 키워 하하",
            "speaker": {
              "id": "1번",
              "sex": "여성",
              "age": "20대"
            },
            "speechAct": "(단언) 진술하기",
            "morpheme": "나/NP+집/NNG+베란다/NNG+에서/JKB+식물/NNG+키워/VV+EC+하하/MAG"
          },
          {
            "id": 2,
            "text": "2 : 오 식물?",
            "norm_text": "오 식물?",
            "speaker": {
              "id": "2번",
              "sex": "여성",
              "age": "20대"
            },
            "speechAct": "(단언) 주장하기",
            "morpheme": "오/NR+식물/NNG"
          },
          {
            "id": 3,
            "text": "2 : 요즘 많이 키우더라 키키",
            "norm_text": "요즘 많이 키우더라 키키",
            "speaker": {
              "id": "2번",
              "sex": "여성",
              "age": "20대"
            },
            "speechAct": "(단언) 주장하기",
            "morpheme": "요즘/MAG+많이/MAG+키우/VV+더라/EC+키/NNG+키/XSV+ETN"
          },
          {
            "id": 4,
            "text": "3 : 너희 집에 베란다가 있었어?",
            "norm_text": "너희 집에 베란다가 있었어?",
            "speaker": {
              "id": "3번",
              "sex": "남성",
              "age": "20대"
            },
            "speechAct": "(지시) 질문하기",
            "morpheme": "너희/NP+집/NNG+에/JKB+베란다/NNG+가/JKS+있/VA+었/EP+어/EF"
          },
          {
            "id": 5,
            "text": "1 : 응 이번에 베란다 확장했어!",
            "norm_text": "응 이번에 베란다 확장했어!",
            "speaker": {
              "id": "1번",
              "sex": "여성",
              "age": "20대"
            },
            "speechAct": "(단언) 진술하기",
            "morpheme": "응/IC+이번/NNG+에/JKB+베란다/NNG+확장/NNG+했/XSV+EP+어/EF"
          },
          {
            "id": 6,
            "text": "2 : 아 새로 확장 공사한 거야?",
            "norm_text": "아 새로 확장 공사한 거야?",
            "speaker": {
              "id": "2번",
              "sex": "여성",
              "age": "20대"
            },
            "speechAct": "(지시) 질문하기",
            "morpheme": "아/IC+새로/MAG+확장/NNG+공사/NNG+한/XSA+ETM+거/NNB+야/VCP+EF"
          },
          {
            "id": 7,
            "text": "3 : 오 다시 공사한 거야?",
            "norm_text": "오 다시 공사한 거야?",
            "speaker": {
              "id": "3번",
              "sex": "남성",
              "age": "20대"
            },
            "speechAct": "(지시) 질문하기",
            "morpheme": "오/IC+다시/MAG+공사/NNG+한/XSA+ETM+거/NNB+야/VCP+EF"
          },
          {
            "id": 8,
            "text": "1 : 응 아무래도 없으니까 그렇더라고 ㅠ",
            "norm_text": "응 아무래도 없으니까 그렇더라고 ㅠ",
            "speaker": {
              "id": "1번",
              "sex": "여성",
              "age": "20대"
            },
            "speechAct": "(단언) 주장하기",
            "morpheme": "응/IC+아무래도/MAG+없/VA+으니까/EC+그렇/VA+더라고/EF+ㅠ/UNKNOWN"
          },
          {
            "id": 9,
            "text": "2 : 오 그럼 베란다에 포차 이런 거 꾸며라 하하",
            "norm_text": "오 그럼 베란다에 포차 이런 거 꾸며라 하하",
            "speaker": {
              "id": "2번",
              "sex": "여성",
              "age": "20대"
            },
            "speechAct": "(지시) 충고/제안하기",
            "morpheme": "오/IC+그럼/MAJ+베란다/NNG+에/JKB+포차/NNG+이런/MM+거/NNB+꾸며/VV+EC+라하/NNP+하/JKV"
          },
          {
            "id": 10,
            "text": "3 : 보통 요즘은 없애는 추세던데",
            "norm_text": "보통 요즘은 없애는 추세던데",
            "speaker": {
              "id": "3번",
              "sex": "남성",
              "age": "20대"
            },
            "speechAct": "(단언) 주장하기",
            "morpheme": "보통/NNG+요즘/NNG+은/JX+없애/VV+는/ETM+추세/NNG+던데/VCP+EC"
          },
          {
            "id": 11,
            "text": "1 : 응 근데 나는 있는 게 더 좋더라고 하하",
            "norm_text": "응 근데 나는 있는 게 더 좋더라고 하하",
            "speaker": {
              "id": "1번",
              "sex": "여성",
              "age": "20대"
            },
            "speechAct": "(단언) 주장하기",
            "morpheme": "응/IC+근데/MAJ+나/NP+는/JX+있/VX+는/ETM+게/NNB+JKS+더/MAG+좋/VA+더라고/EC+하하/MAG"
          },
          {
            "id": 12,
            "text": "2 : 나도 근데 없는 것보단 있는 게 더 좋은 거 같아 키키",
            "norm_text": "나도 근데 없는 것보단 있는 게 더 좋은 거 같아 키키",
            "speaker": {
              "id": "2번",
              "sex": "여성",
              "age": "20대"
            },
            "speechAct": "(단언) 주장하기",
            "morpheme": "나/NP+도/JX+근데/MAJ+없/VA+는/ETM+것/NNB+보단/JKB+JX+있/VX+는/ETM+게/NNB+JKS+더/MAG+좋/VA+은/ETM+거/NNB+같/VA+아/EC+키/NNG+키/XSV+ETN"
          },
          {
            "id": 13,
            "text": "3 : 맞아 하하",
            "norm_text": "맞아 하하",
            "speaker": {
              "id": "3번",
              "sex": "남성",
              "age": "20대"
            },
            "speechAct": "(단언) 주장하기",
            "morpheme": "맞/VV+아/EC+하하/MAG"
          },
          {
            "id": 14,
            "text": "3 : 포차 이런 걸로도 꾸미더라",
            "norm_text": "포차 이런 걸로도 꾸미더라",
            "speaker": {
              "id": "3번",
              "sex": "남성",
              "age": "20대"
            },
            "speechAct": "(단언) 주장하기",
            "morpheme": "포차/NNG+이런/MM+걸로/NNB+JKB+도/JX+꾸미/VV+더라/EC"
          },
          {
            "id": 15,
            "text": "1 : 맞아 하하",
            "norm_text": "맞아 하하",
            "speaker": {
              "id": "1번",
              "sex": "여성",
              "age": "20대"
            },
            "speechAct": "(단언) 주장하기",
            "morpheme": "맞/VV+아/EC+하하/MAG"
          },
          {
            "id": 16,
            "text": "1 : 나만의 공간처럼 꾸미기!",
            "norm_text": "나만의 공간처럼 꾸미기!",
            "speaker": {
              "id": "1번",
              "sex": "여성",
              "age": "20대"
            },
            "speechAct": "(단언) 주장하기",
            "morpheme": "나/NP+만/JX+의/JKG+공간/NNG+처럼/JKB+꾸미/VV+기/ETN"
          },
          {
            "id": 17,
            "text": "2 : 웅 공간 꾸며서 거기에 우리 좀 초대해 줘 키키",
            "norm_text": "웅 공간 꾸며서 거기에 우리 좀 초대해 줘 키키",
            "speaker": {
              "id": "2번",
              "sex": "여성",
              "age": "20대"
            },
            "speechAct": "(지시) 명령/요구하기",
            "morpheme": "웅/IC+공간/NNG+꾸며서/VV+EC+거기/NP+에/JKB+우리/NP+좀/MAG+초대/NNG+해/XSV+EC+줘/VX+EC+키/NNG+키/XSV+ETN"
          },
          {
            "id": 18,
            "text": "3 : 나만의 공간 꿈만 같다 ㅠ",
            "norm_text": "나만의 공간 꿈만 같다 ㅠ",
            "speaker": {
              "id": "3번",
              "sex": "남성",
              "age": "20대"
            },
            "speechAct": "(단언) 주장하기",
            "morpheme": "나/NP+만/JX+의/JKG+공간/NNG+꿈/NNG+만/JX+같/VA+다/EF+ㅠ/UNKNOWN"
          },
          {
            "id": 19,
            "text": "1 : 응 하하 다 되면 초대할께!",
            "norm_text": "응 하하 다 되면 초대할께!",
            "speaker": {
              "id": "1번",
              "sex": "여성",
              "age": "20대"
            },
            "speechAct": "(언약) 약속하기(제3자와)/(개인적 수준)",
            "morpheme": "응/IC+하하/MAG+다/MAG+되/VV+면/EC+초대/NNG+할께/XSV+EF"
          },
          {
            "id": 20,
            "text": "2 : 오예",
            "norm_text": "오예",
            "speaker": {
              "id": "2번",
              "sex": "여성",
              "age": "20대"
            },
            "speechAct": "(표현) 긍정감정 표현하기",
            "morpheme": "오예/NNG"
          },
          {
            "id": 21,
            "text": "2 : 가서 분위기 내고 그래야겠다 키키",
            "norm_text": "가서 분위기 내고 그래야겠다 키키",
            "speaker": {
              "id": "2번",
              "sex": "여성",
              "age": "20대"
            },
            "speechAct": "(언약) 약속하기(제3자와)/(개인적 수준)",
            "morpheme": "가/VV+서/EC+분위기/NNG+내/VV+고/EC+그래야/VA+EC+VX+겠/EP+다키키/NNP"
          },
          {
            "id": 22,
            "text": "3 : 좋아 하하",
            "norm_text": "좋아 하하",
            "speaker": {
              "id": "3번",
              "sex": "남성",
              "age": "20대"
            },
            "speechAct": "(단언) 주장하기",
            "morpheme": "좋/VA+아/EC+하하/MAG"
          },
          {
            "id": 23,
            "text": "3 : 맛있는 거 사서 갈께!",
            "norm_text": "맛있는 거 사서 갈께!",
            "speaker": {
              "id": "3번",
              "sex": "남성",
              "age": "20대"
            },
            "speechAct": "(언약) 약속하기(제3자와)/(개인적 수준)",
            "morpheme": "맛있/VA+는/ETM+거/NNB+사/VV+서/EC+갈께/VV+EF"
          }
        ]
      }
    }
  ]
}