{
  "dataset": {
    "identifier": 117002,
    "name": "NATEON_31_06_set",
    "src_path": "/data/file/cubeManager/PROJECT001/80/txt20211102113529068597/NATEON_31_06_set/",
    "label_path": "/data/file/cubeManager/PROJECT001/80/txt20211102113529068597/NATEON_31_06_set/",
    "category": 2,
    "type": 0
  },
  "licenses": {
    "name": "Apache License 1.0",
    "url": "http://www.apache.org/licenses/LICENSE-1.0"
  },
  "info": [
    {
      "id": 129989,
      "filename": "NATEON_31_06.txt",
      "title": "NATEON_31_06",
      "mediatype": "메신저",
      "medianame": "네이트온",
      "category": "일상대화",
      "date": "2021-11-02",
      "size": 519,
      "annotations": {
        "subject": "교육",
        "speaker_type": "다자간 대화",
        "size": 519,
        "word_size": 179,
        "text": "1 : 너희 다들 이번에 자격증 시험 쳤어?\n2 : 아니 난 자격증 공부 안 했어용 하하\n3 : 아니~\n3 : 나는 다음 달에 응시하려고~\n1 : 아 나도 이번에 응시해야 하는데 까먹었어 ㅠ\n2 : 나는 공부는 진짜 못하겠어 ㅠㅠ\n2 : 둘 다 다음 달에 해야겠네!\n3 : 그런 건 달력에 미리 표시해 놔!\n1 : 응... 강제로 다음 달까지 공부다...\n2 : 맞아\n2 : 아니면 알람 설정해 둬야지 ㅠㅠ\n3 : 키키 강제로...\n3 : 그건 나도 마찬가지\n1 : 지금 인강 들을까 학원 갈까 고민이야\n2 : 학원보다 요즘 인강도 되게 좋은 거 같던데!\n3 : 인강보단 학원 가는 게 낫지 않아?\n1 : 인강 들으면 왠지 내가 안 할 거 같아서 ㅠ\n2 : 오 이렇게 의견이 갈리는구만 하하\n2 : 안 할 거 같으면 학원 가야지 ㅠㅠ\n3 : 그건 그렇지\n3 : 강제성이 없으니까 ㅠ\n1 : 응 하하 그래서 나중에 학원에 전화해 보려고!\n2 : 난 나가는 거 귀찮아서 학원 못 다닐 거 같아 ㅠㅠ\n2 : 너한테 맞는 공부해!\n3 : 키키 나중에 전화해 보고 후기 알려 줘!",
        "lines": [
          {
            "id": 1,
            "text": "1 : 너희 다들 이번에 자격증 시험 쳤어?",
            "norm_text": "너희 다들 이번에 자격증 시험 쳤어?",
            "speaker": {
              "id": "1번",
              "sex": "여성",
              "age": "20대"
            },
            "speechAct": "(지시) 질문하기",
            "morpheme": "너희/NP+다/MAG+들/XSN+이번/NNG+에/JKB+자격증/NNG+시험/NNG+쳤/VV+EP+어/EF"
          },
          {
            "id": 2,
            "text": "2 : 아니 난 자격증 공부 안 했어용 하하",
            "norm_text": "아니 난 자격증 공부 안 했어용 하하",
            "speaker": {
              "id": "2번",
              "sex": "여성",
              "age": "20대"
            },
            "speechAct": "(단언) 주장하기",
            "morpheme": "아니/IC+난/NP+JX+자격증/NNG+공부/NNG+안/MAG+했/VV+EP+어/EC+용하/NNG+하/XSV"
          },
          {
            "id": 3,
            "text": "3 : 아니~",
            "norm_text": "아니~",
            "speaker": {
              "id": "3번",
              "sex": "남성",
              "age": "20대"
            },
            "speechAct": "(단언) 주장하기",
            "morpheme": "아니/IC+~/SY"
          },
          {
            "id": 4,
            "text": "3 : 나는 다음 달에 응시하려고~",
            "norm_text": "나는 다음 달에 응시하려고~",
            "speaker": {
              "id": "3번",
              "sex": "남성",
              "age": "20대"
            },
            "speechAct": "(단언) 주장하기",
            "morpheme": "나/NP+는/JX+다음/NNG+달/NNG+에/JKB+응시/NNG+하/XSV+려고/EC+~/SY"
          },
          {
            "id": 5,
            "text": "1 : 아 나도 이번에 응시해야 하는데 까먹었어 ㅠ",
            "norm_text": "아 나도 이번에 응시해야 하는데 까먹었어 ㅠ",
            "speaker": {
              "id": "1번",
              "sex": "여성",
              "age": "20대"
            },
            "speechAct": "(단언) 주장하기",
            "morpheme": "아/IC+나/NP+도/JX+이번/NNG+에/JKB+응시/NNG+해야/XSV+EC+하/VV+는/ETM+데/NNB+까먹/VV+었/EP+어ㅠ/UNKNOWN"
          },
          {
            "id": 6,
            "text": "2 : 나는 공부는 진짜 못하겠어 ㅠㅠ",
            "norm_text": "나는 공부는 진짜 못하겠어 ㅠㅠ",
            "speaker": {
              "id": "2번",
              "sex": "여성",
              "age": "20대"
            },
            "speechAct": "(단언) 주장하기",
            "morpheme": "나/NP+는/JX+공부/NNG+는/JX+진짜/MAG+못/MAG+하/VV+겠/EP+어/EF+ㅠㅠ/UNKNOWN"
          },
          {
            "id": 7,
            "text": "2 : 둘 다 다음 달에 해야겠네!",
            "norm_text": "둘 다 다음 달에 해야겠네!",
            "speaker": {
              "id": "2번",
              "sex": "여성",
              "age": "20대"
            },
            "speechAct": "(단언) 주장하기",
            "morpheme": "둘/NR+다/MAG+다음/NNG+달/NNG+에/JKB+해야겠네/VV+EC+VX+EP+EF"
          },
          {
            "id": 8,
            "text": "3 : 그런 건 달력에 미리 표시해 놔!",
            "norm_text": "그런 건 달력에 미리 표시해 놔!",
            "speaker": {
              "id": "3번",
              "sex": "남성",
              "age": "20대"
            },
            "speechAct": "(지시) 충고/제안하기",
            "morpheme": "그런/MM+건/NNB+JX+달력/NNG+에/JKB+미리/MAG+표시/NNG+해/XSV+EC+놔/VX+EF"
          },
          {
            "id": 9,
            "text": "1 : 응... 강제로 다음 달까지 공부다...",
            "norm_text": "응... 강제로 다음 달까지 공부다...",
            "speaker": {
              "id": "1번",
              "sex": "여성",
              "age": "20대"
            },
            "speechAct": "(단언) 주장하기",
            "morpheme": "응/IC+./SY+강제/NNG+로/JKB+다음/NNG+달/NNG+까지/JX+공부/NNG+다/VCP+EF+./SY"
          },
          {
            "id": 10,
            "text": "2 : 맞아",
            "norm_text": "맞아",
            "speaker": {
              "id": "2번",
              "sex": "여성",
              "age": "20대"
            },
            "speechAct": "(단언) 주장하기",
            "morpheme": "맞/VV+아/EC"
          },
          {
            "id": 11,
            "text": "2 : 아니면 알람 설정해 둬야지 ㅠㅠ",
            "norm_text": "아니면 알람 설정해 둬야지 ㅠㅠ",
            "speaker": {
              "id": "2번",
              "sex": "여성",
              "age": "20대"
            },
            "speechAct": "(단언) 주장하기",
            "morpheme": "아니면/MAJ+알람/NNP+설정/NNG+해/XSV+EC+둬야/VX+EC+VX+지/EF+ㅠㅠ/UNKNOWN"
          },
          {
            "id": 12,
            "text": "3 : 키키 강제로...",
            "norm_text": "키키 강제로...",
            "speaker": {
              "id": "3번",
              "sex": "남성",
              "age": "20대"
            },
            "speechAct": "(단언) 주장하기",
            "morpheme": "키/NNG+키/NNG+강제/NNG+로/JKB+./SY+./SY"
          },
          {
            "id": 13,
            "text": "3 : 그건 나도 마찬가지",
            "norm_text": "그건 나도 마찬가지",
            "speaker": {
              "id": "3번",
              "sex": "남성",
              "age": "20대"
            },
            "speechAct": "(단언) 주장하기",
            "morpheme": "그건/NP+JX+나/NP+도/JX+마찬가지/NNG"
          },
          {
            "id": 14,
            "text": "1 : 지금 인강 들을까 학원 갈까 고민이야",
            "norm_text": "지금 인강 들을까 학원 갈까 고민이야",
            "speaker": {
              "id": "1번",
              "sex": "여성",
              "age": "20대"
            },
            "speechAct": "(단언) 주장하기",
            "morpheme": "지금/MAG+인/+강/+들/XSN+을/JKO+까/VV+EC+학원/NNG+갈까/VV+EC+고민/NNG+이/VCP+야/EC"
          },
          {
            "id": 15,
            "text": "2 : 학원보다 요즘 인강도 되게 좋은 거 같던데!",
            "norm_text": "학원보다 요즘 인강도 되게 좋은 거 같던데!",
            "speaker": {
              "id": "2번",
              "sex": "여성",
              "age": "20대"
            },
            "speechAct": "(단언) 주장하기",
            "morpheme": "학원/NNG+보다/JKB+요즘/NNG+인/VCP+ETM+강/NNG+도/JX+되게/MAG+좋/VA+은/ETM+거/NNB+같/VA+던데/EF"
          },
          {
            "id": 16,
            "text": "3 : 인강보단 학원 가는 게 낫지 않아?",
            "norm_text": "인강보단 학원 가는 게 낫지 않아?",
            "speaker": {
              "id": "3번",
              "sex": "남성",
              "age": "20대"
            },
            "speechAct": "(지시) 질문하기",
            "morpheme": "인/+강/+보단/JKB+JX+학원/NNG+가/VV+는/ETM+게/NNB+JKS+낫/VA+지/EC+않/VX+아/EF"
          },
          {
            "id": 17,
            "text": "1 : 인강 들으면 왠지 내가 안 할 거 같아서 ㅠ",
            "norm_text": "인강 들으면 왠지 내가 안 할 거 같아서 ㅠ",
            "speaker": {
              "id": "1번",
              "sex": "여성",
              "age": "20대"
            },
            "speechAct": "(단언) 주장하기",
            "morpheme": "인/+강/+들으면/VV+EC+왠지/MAG+내/NP+가/JKS+안/MAG+할/VV+ETM+거/NNB+같/VA+아서/EC+ㅠ/UNKNOWN"
          },
          {
            "id": 18,
            "text": "2 : 오 이렇게 의견이 갈리는구만 하하",
            "norm_text": "오 이렇게 의견이 갈리는구만 하하",
            "speaker": {
              "id": "2번",
              "sex": "여성",
              "age": "20대"
            },
            "speechAct": "(단언) 주장하기",
            "morpheme": "오/IC+이렇게/MAG+의견/NNG+이/JKS+갈리/VV+는/ETM+구만/NNG+하/XSV+하/XSA"
          },
          {
            "id": 19,
            "text": "2 : 안 할 거 같으면 학원 가야지 ㅠㅠ",
            "norm_text": "안 할 거 같으면 학원 가야지 ㅠㅠ",
            "speaker": {
              "id": "2번",
              "sex": "여성",
              "age": "20대"
            },
            "speechAct": "(단언) 주장하기",
            "morpheme": "안/MAG+할/VV+ETM+거/NNB+같/VA+으면/EC+학원/NNG+가/VV+야지/EF+ㅠㅠ/UNKNOWN"
          },
          {
            "id": 20,
            "text": "3 : 그건 그렇지",
            "norm_text": "그건 그렇지",
            "speaker": {
              "id": "3번",
              "sex": "남성",
              "age": "20대"
            },
            "speechAct": "(단언) 주장하기",
            "morpheme": "그건/NP+JX+그렇/VA+지/EC"
          },
          {
            "id": 21,
            "text": "3 : 강제성이 없으니까 ㅠ",
            "norm_text": "강제성이 없으니까 ㅠ",
            "speaker": {
              "id": "3번",
              "sex": "남성",
              "age": "20대"
            },
            "speechAct": "(단언) 주장하기",
            "morpheme": "강제/NNG+성/XSN+이/JKS+없/VA+으니까/EC+ㅠ/UNKNOWN"
          },
          {
            "id": 22,
            "text": "1 : 응 하하 그래서 나중에 학원에 전화해 보려고!",
            "norm_text": "응 하하 그래서 나중에 학원에 전화해 보려고!",
            "speaker": {
              "id": "1번",
              "sex": "여성",
              "age": "20대"
            },
            "speechAct": "(단언) 주장하기",
            "morpheme": "응/IC+하하/MAG+그래서/MAJ+나중/NNG+에/JKB+학원/NNG+에/JKB+전화/NNG+해/XSV+EC+보/VX+려고/EF"
          },
          {
            "id": 23,
            "text": "2 : 난 나가는 거 귀찮아서 학원 못 다닐 거 같아 ㅠㅠ",
            "norm_text": "난 나가는 거 귀찮아서 학원 못 다닐 거 같아 ㅠㅠ",
            "speaker": {
              "id": "2번",
              "sex": "여성",
              "age": "20대"
            },
            "speechAct": "(단언) 주장하기",
            "morpheme": "난/NP+JX+나가/VV+는/ETM+거/NNB+귀찮/VA+아서/EC+학원/NNG+못/MAG+다닐/VV+ETM+거/NNB+같/VA+아/EC+ㅠㅠ/UNKNOWN"
          },
          {
            "id": 24,
            "text": "2 : 너한테 맞는 공부해!",
            "norm_text": "너한테 맞는 공부해!",
            "speaker": {
              "id": "2번",
              "sex": "여성",
              "age": "20대"
            },
            "speechAct": "(단언) 주장하기",
            "morpheme": "너/NP+한테/JKB+맞/VV+는/ETM+공부/NNG+해/XSV+EF"
          },
          {
            "id": 25,
            "text": "3 : 키키 나중에 전화해 보고 후기 알려 줘!",
            "norm_text": "키키 나중에 전화해 보고 후기 알려 줘!",
            "speaker": {
              "id": "3번",
              "sex": "남성",
              "age": "20대"
            },
            "speechAct": "(지시) 충고/제안하기",
            "morpheme": "키/NNG+키/NNG+나중/NNG+에/JKB+전화/NNG+해/XSV+EC+보/VX+고/EC+후기/NNG+알려/VV+EC+줘/VX+EF"
          }
        ]
      }
    }
  ]
}