{
  "dataset": {
    "identifier": 118183,
    "name": "NATEON_28_11_set",
    "src_path": "/data/file/cubeManager/PROJECT001/80/txt20211102103851062691/NATEON_28_11_set/",
    "label_path": "/data/file/cubeManager/PROJECT001/80/txt20211102103851062691/NATEON_28_11_set/",
    "category": 2,
    "type": 0
  },
  "licenses": {
    "name": "Apache License 1.0",
    "url": "http://www.apache.org/licenses/LICENSE-1.0"
  },
  "info": [
    {
      "id": 129854,
      "filename": "NATEON_28_11.txt",
      "title": "NATEON_28_11",
      "mediatype": "메신저",
      "medianame": "네이트온",
      "category": "일상대화",
      "date": "2021-11-02",
      "size": 439,
      "annotations": {
        "subject": "게임",
        "speaker_type": "다자간 대화",
        "size": 439,
        "word_size": 144,
        "text": "1 : 나 이번에 메이플 다시 시작했어\n2 : 메이플? 모바일로도 있던데 어떤 걸로 해 키키\n3 : 메이플 진짜 오래된 게임 아니야?\n1 : 나 이번에 피씨로 시작했지~\n2 : 그거 예전에 애들 만화책으로도 많이 봤던 거 같은데 키키\n1 : 맞아 키키 책으로도 메이플이 나왔었지~\n2 : 그거 잘 키워서 팔면 돈도 번다고 그러더라!\n3 : 나 그거 책 사서 봤는데 키키\n1 : 맞아 난 근데 그 정도는 아니야 ㅠㅠ\n2 : 메이플 하다가 괜찮으면 나도 알려줘 키키\n3 : 그래도 레벨 높으면 괜찮을 텐데?\n1 : 레벨이 그렇게 높진 않아...키키\n2 : 내 친구는 하루 종일 그거 하느냐고 연락 안돼 키키\n3 : 키키 레벨 몇 까지 키웠는데?\n1 : 키키 그 친구도 아마 나랑 같을 거야 나 150!\n2 : 개 메이플 단톡방 그런 것도 있던데 키키\n2 : 장난 아니야 키키\n3 : 키키 으악 다들 친구들이 멋있다...",
        "lines": [
          {
            "id": 1,
            "text": "1 : 나 이번에 메이플 다시 시작했어",
            "norm_text": "나 이번에 메이플 다시 시작했어",
            "speaker": {
              "id": "1번",
              "sex": "여성",
              "age": "20대"
            },
            "speechAct": "(단언) 진술하기",
            "morpheme": "나/NP+이번/NNG+에/JKB+메이플/NNP+다시/MAG+시작/NNG+했/XSV+EP+어/EC"
          },
          {
            "id": 2,
            "text": "2 : 메이플? 모바일로도 있던데 어떤 걸로 해 키키",
            "norm_text": "메이플? 모바일로도 있던데 어떤 걸로 해 키키",
            "speaker": {
              "id": "2번",
              "sex": "여성",
              "age": "20대"
            },
            "speechAct": "(지시) 질문하기",
            "morpheme": "메이플/NNP+?/SY+모바일/NNP+로/JKB+도/JX+있/VA+던데/EC+어떤/MM+걸로/NNB+JKB+해/VV+EC+키/NNG+키/XSV+ETN"
          },
          {
            "id": 3,
            "text": "3 : 메이플 진짜 오래된 게임 아니야?",
            "norm_text": "메이플 진짜 오래된 게임 아니야?",
            "speaker": {
              "id": "3번",
              "sex": "남성",
              "age": "20대"
            },
            "speechAct": "(지시) 질문하기",
            "morpheme": "메이플/NNP+진짜/MAG+오래/MAG+된/VV+ETM+게임/NNG+아니/VCN+야/EF"
          },
          {
            "id": 4,
            "text": "1 : 나 이번에 피씨로 시작했지~",
            "norm_text": "나 이번에 피씨로 시작했지~",
            "speaker": {
              "id": "1번",
              "sex": "여성",
              "age": "20대"
            },
            "speechAct": "(단언) 진술하기",
            "morpheme": "나/NP+이번/NNG+에/JKB+피/NNP+씨/NNB+로/JKB+시작/NNG+했/XSV+EP+지/EC+~/SY"
          },
          {
            "id": 5,
            "text": "2 : 그거 예전에 애들 만화책으로도 많이 봤던 거 같은데 키키",
            "norm_text": "그거 예전에 애들 만화책으로도 많이 봤던 거 같은데 키키",
            "speaker": {
              "id": "2번",
              "sex": "여성",
              "age": "20대"
            },
            "speechAct": "(단언) 진술하기",
            "morpheme": "그거/NP+예전/NNG+에/JKB+애/NNG+들/XSN+만화책/NNG+으로/JKB+도/JX+많이/MAG+봤/VV+EP+던/ETM+거/NNB+같/VA+은데/EC+키/NNG+키/XSV+ETN"
          },
          {
            "id": 6,
            "text": "1 : 맞아 키키 책으로도 메이플이 나왔었지~",
            "norm_text": "맞아 키키 책으로도 메이플이 나왔었지~",
            "speaker": {
              "id": "1번",
              "sex": "여성",
              "age": "20대"
            },
            "speechAct": "(단언) 진술하기",
            "morpheme": "맞아키키책으로도메이플이나왔었지/UNKNOWN+~/SY"
          },
          {
            "id": 7,
            "text": "2 : 그거 잘 키워서 팔면 돈도 번다고 그러더라!",
            "norm_text": "그거 잘 키워서 팔면 돈도 번다고 그러더라!",
            "speaker": {
              "id": "2번",
              "sex": "여성",
              "age": "20대"
            },
            "speechAct": "(단언) 주장하기",
            "morpheme": "그거/NP+잘/MAG+키워서/VV+EC+팔/VV+면/EC+돈/NNG+도/JX+번다고/VV+EC+그러/VV+더라/EF"
          },
          {
            "id": 8,
            "text": "3 : 나 그거 책 사서 봤는데 키키",
            "norm_text": "나 그거 책 사서 봤는데 키키",
            "speaker": {
              "id": "3번",
              "sex": "남성",
              "age": "20대"
            },
            "speechAct": "(단언) 진술하기",
            "morpheme": "나/NP+그거/NP+책/NNG+사/VV+서/EC+봤/VX+EP+는데/EC+키/NNG+키/XSV+ETN"
          },
          {
            "id": 9,
            "text": "1 : 맞아 난 근데 그 정도는 아니야 ㅠㅠ",
            "norm_text": "맞아 난 근데 그 정도는 아니야 ㅠㅠ",
            "speaker": {
              "id": "1번",
              "sex": "여성",
              "age": "20대"
            },
            "speechAct": "(단언) 주장하기",
            "morpheme": "맞/VV+아/EC+난/NP+JX+근데/MAJ+그/MM+정도/NNG+는/JX+아니/VCN+야/EC+ㅠㅠ/UNKNOWN"
          },
          {
            "id": 10,
            "text": "2 : 메이플 하다가 괜찮으면 나도 알려줘 키키",
            "norm_text": "메이플 하다가 괜찮으면 나도 알려줘 키키",
            "speaker": {
              "id": "2번",
              "sex": "여성",
              "age": "20대"
            },
            "speechAct": "(지시) 부탁하기",
            "morpheme": "메이플/NNP+하/VV+다가/EC+괜찮/VA+으면/EC+나/NP+도/JX+알려줘/VV+EC+VX+EC+키/NNG+키/XSV+ETN"
          },
          {
            "id": 11,
            "text": "3 : 그래도 레벨 높으면 괜찮을 텐데?",
            "norm_text": "그래도 레벨 높으면 괜찮을 텐데?",
            "speaker": {
              "id": "3번",
              "sex": "남성",
              "age": "20대"
            },
            "speechAct": "(단언) 주장하기",
            "morpheme": "그래도/MAJ+레벨/NNG+높/VA+으면/EC+괜찮/VA+을/ETM+텐데/NNB+VCP+EF"
          },
          {
            "id": 12,
            "text": "1 : 레벨이 그렇게 높진 않아...키키",
            "norm_text": "레벨이 그렇게 높진 않아...키키",
            "speaker": {
              "id": "1번",
              "sex": "여성",
              "age": "20대"
            },
            "speechAct": "(단언) 진술하기",
            "morpheme": "레벨/NNG+이/JKS+그렇게/MAG+높/VA+진/EC+JX+않/VX+아/EF+./SY+키/NNG+키/XSV+ETN"
          },
          {
            "id": 13,
            "text": "2 : 내 친구는 하루 종일 그거 하느냐고 연락 안돼 키키",
            "norm_text": "내 친구는 하루 종일 그거 하느냐고 연락 안돼 키키",
            "speaker": {
              "id": "2번",
              "sex": "여성",
              "age": "20대"
            },
            "speechAct": "(단언) 진술하기",
            "morpheme": "내/NP+JKG+친구/NNG+는/JX+하루/NNG+종일/NNG+그거/NP+하/VV+느냐고/EC+연락/NNG+안/MAG+돼/VV+EC+키/NNG+키/XSV+ETN"
          },
          {
            "id": 14,
            "text": "3 : 키키 레벨 몇 까지 키웠는데?",
            "norm_text": "키키 레벨 몇 까지 키웠는데?",
            "speaker": {
              "id": "3번",
              "sex": "남성",
              "age": "20대"
            },
            "speechAct": "(지시) 질문하기",
            "morpheme": "키/NNG+키/NNG+레벨/NNG+몇/NR+까지/JX+키웠/VV+EP+는데/EF"
          },
          {
            "id": 15,
            "text": "1 : 키키 그 친구도 아마 나랑 같을 거야 나 150!",
            "norm_text": "키키 그 친구도 아마 나랑 같을 거야 나 150!",
            "speaker": {
              "id": "1번",
              "sex": "여성",
              "age": "20대"
            },
            "speechAct": "(단언) 진술하기",
            "morpheme": "키키/NNP+그/MM+친구/NNG+도/JX+아마/MAG+나/NP+랑/JKB+같/VA+을/ETM+거/NNB+야/VCP+EF+나/JC+150/SN"
          },
          {
            "id": 16,
            "text": "2 : 개 메이플 단톡방 그런 것도 있던데 키키",
            "norm_text": "개 메이플 단톡방 그런 것도 있던데 키키",
            "speaker": {
              "id": "2번",
              "sex": "여성",
              "age": "20대"
            },
            "speechAct": "(단언) 진술하기",
            "morpheme": "개/NNG+메이플/NNP+단/ETM+톡/NNG+방/NNG+그런/MM+것/NNB+도/JX+있/VX+던/ETM+데/NNB+키/NNG+키/XSV+ETN"
          },
          {
            "id": 17,
            "text": "2 : 장난 아니야 키키",
            "norm_text": "장난 아니야 키키",
            "speaker": {
              "id": "2번",
              "sex": "여성",
              "age": "20대"
            },
            "speechAct": "(단언) 주장하기",
            "morpheme": "장난/NNG+아니/VCN+야/EC+키/NNG+키/XSV+ETN"
          },
          {
            "id": 18,
            "text": "3 : 키키 으악 다들 친구들이 멋있다...",
            "norm_text": "키키 으악 다들 친구들이 멋있다...",
            "speaker": {
              "id": "3번",
              "sex": "남성",
              "age": "20대"
            },
            "speechAct": "(단언) 주장하기",
            "morpheme": "키/NNG+키/XSV+ETN+으악/IC+다/MAG+들/XSN+친구/NNG+들/XSN+이/JKS+멋있/VA+다/EF+./SY"
          }
        ]
      }
    }
  ]
}