{
  "dataset": {
    "identifier": 113181,
    "name": "NATEON_37_13_set",
    "src_path": "/data/file/cubeManager/PROJECT001/80/txt20211103151015021929/NATEON_37_13_set/",
    "label_path": "/data/file/cubeManager/PROJECT001/80/txt20211103151015021929/NATEON_37_13_set/",
    "category": 2,
    "type": 0
  },
  "licenses": {
    "name": "Apache License 1.0",
    "url": "http://www.apache.org/licenses/LICENSE-1.0"
  },
  "info": [
    {
      "id": 134456,
      "filename": "NATEON_37_13.txt",
      "title": "NATEON_37_13",
      "mediatype": "메신저",
      "medianame": "네이트온",
      "category": "일상대화",
      "date": "2021-11-03",
      "size": 402,
      "annotations": {
        "subject": "계절/날씨",
        "speaker_type": "다자간 대화",
        "size": 402,
        "word_size": 152,
        "text": "1 : 오늘 날이 좀 따뜻하네?\n2 : 어 오늘 날씨 다 풀린 거 같아 키키\n3 : 오늘은 햇빛도 장난 아니야 하하\n1 : 응 그래서 방금 세탁기 돌렸어\n2 : 아 오늘 빨래 잘 마를 것 같아 키키\n3 : 이렇게 햇빛 있을 때 빨래 해야지 키키\n1 : 응 하하 그래서 바로 세탁기 작동 키키\n2 : 맞아 날씨 별로 일 때 하면 마르지도 않고 꿉꿉 해 ㅠㅠ\n3 : 맞아 ㅠㅠ 곧 있으면 또 비 올 텐데\n1 : 응 ㅠㅠ 그래서 여름 때 스트레스 받아\n2 : 헐 곧 비 소식 있어?\n3 : 응 곧 비 올 거 같던데?\n1 : 아, 오늘 돌리기 잘 했네\n2 : 아 싫다 ㅠㅠ\n2 : 난 비 오는 거 진짜 싫더라고...\n3 : 너도 가서 세탁기 돌려\n1 : 응 맞아 미리 돌려놔\n2 : 키키 어 나도 오늘 세탁기 돌려야겠다 하하\n3 : 나도 지금 돌리러 가야겠다",
        "lines": [
          {
            "id": 1,
            "text": "1 : 오늘 날이 좀 따뜻하네?",
            "norm_text": "오늘 날이 좀 따뜻하네?",
            "speaker": {
              "id": "1번",
              "sex": "여성",
              "age": "20대"
            },
            "speechAct": "(단언) 주장하기",
            "morpheme": "오늘날/NNG+이/JKS+좀/MAG+따뜻/XR+하/XSA+네/EF"
          },
          {
            "id": 2,
            "text": "2 : 어 오늘 날씨 다 풀린 거 같아 키키",
            "norm_text": "어 오늘 날씨 다 풀린 거 같아 키키",
            "speaker": {
              "id": "2번",
              "sex": "여성",
              "age": "20대"
            },
            "speechAct": "(단언) 주장하기",
            "morpheme": "어/IC+오늘/MAG+날씨/NNG+다/MAG+풀린/VV+ETM+거/NNB+같/VA+아/EC+키/NNG+키/XSV+ETN"
          },
          {
            "id": 3,
            "text": "3 : 오늘은 햇빛도 장난 아니야 하하",
            "norm_text": "오늘은 햇빛도 장난 아니야 하하",
            "speaker": {
              "id": "3번",
              "sex": "남성",
              "age": "20대"
            },
            "speechAct": "(단언) 주장하기",
            "morpheme": "오늘/NNG+은/JX+햇빛/NNG+도/JX+장난/NNG+아니/VCN+야/EC+하하/MAG"
          },
          {
            "id": 4,
            "text": "1 : 응 그래서 방금 세탁기 돌렸어",
            "norm_text": "응 그래서 방금 세탁기 돌렸어",
            "speaker": {
              "id": "1번",
              "sex": "여성",
              "age": "20대"
            },
            "speechAct": "(단언) 주장하기",
            "morpheme": "응/IC+그래서/MAJ+방금/MAG+세탁기/NNG+돌렸/VV+EP+어/EC"
          },
          {
            "id": 5,
            "text": "2 : 아 오늘 빨래 잘 마를 것 같아 키키",
            "norm_text": "아 오늘 빨래 잘 마를 것 같아 키키",
            "speaker": {
              "id": "2번",
              "sex": "여성",
              "age": "20대"
            },
            "speechAct": "(단언) 주장하기",
            "morpheme": "아/IC+오늘/MAG+빨래/NNG+잘/MAG+마를/VV+ETM+것/NNB+같/VA+아/EC+키/NNG+키/XSV+ETN"
          },
          {
            "id": 6,
            "text": "3 : 이렇게 햇빛 있을 때 빨래 해야지 키키",
            "norm_text": "이렇게 햇빛 있을 때 빨래 해야지 키키",
            "speaker": {
              "id": "3번",
              "sex": "남성",
              "age": "20대"
            },
            "speechAct": "(단언) 주장하기",
            "morpheme": "이렇게/MAG+햇빛/NNG+있/VV+을/ETM+때/NNG+빨래/NNG+해야지/XSV+EC+키/NNG+키/XSV+ETN"
          },
          {
            "id": 7,
            "text": "1 : 응 하하 그래서 바로 세탁기 작동 키키",
            "norm_text": "응 하하 그래서 바로 세탁기 작동 키키",
            "speaker": {
              "id": "1번",
              "sex": "여성",
              "age": "20대"
            },
            "speechAct": "(단언) 주장하기",
            "morpheme": "응/IC+하하/MAG+그래서/MAJ+바로/MAG+세탁기/NNG+작동/NNG+키/NNG+키/XSV+ETN"
          },
          {
            "id": 8,
            "text": "2 : 맞아 날씨 별로 일 때 하면 마르지도 않고 꿉꿉 해 ㅠㅠ",
            "norm_text": "맞아 날씨 별로 일 때 하면 마르지도 않고 꿉꿉 해 ㅠㅠ",
            "speaker": {
              "id": "2번",
              "sex": "여성",
              "age": "20대"
            },
            "speechAct": "(단언) 주장하기",
            "morpheme": "맞/VV+아/EC+날씨/NNG+별/XSN+로/JKB+일/NNG+때/NNG+하/XSV+면/EC+마르지/NNP+도/JX+않/VX+고/EC+꿉꿉/XR+해/XSA+EC+ㅠㅠ/UNKNOWN"
          },
          {
            "id": 9,
            "text": "3 : 맞아 ㅠㅠ 곧 있으면 또 비 올 텐데",
            "norm_text": "맞아 ㅠㅠ 곧 있으면 또 비 올 텐데",
            "speaker": {
              "id": "3번",
              "sex": "남성",
              "age": "20대"
            },
            "speechAct": "(단언) 주장하기",
            "morpheme": "맞/VV+아/EC+ㅠㅠ/UNKNOWN+곧/MAG+있/VV+으면/EC+또/MAG+비/XPN+올/NR+VCP+ETM+텐데/NNB+VCP+EC"
          },
          {
            "id": 10,
            "text": "1 : 응 ㅠㅠ 그래서 여름 때 스트레스 받아",
            "norm_text": "응 ㅠㅠ 그래서 여름 때 스트레스 받아",
            "speaker": {
              "id": "1번",
              "sex": "여성",
              "age": "20대"
            },
            "speechAct": "(단언) 주장하기",
            "morpheme": "응/IC+ㅠㅠ/UNKNOWN+그래서/MAJ+여름/NNG+때/NNG+스트레스/NNG+받/VV+아/EC"
          },
          {
            "id": 11,
            "text": "2 : 헐 곧 비 소식 있어?",
            "norm_text": "헐 곧 비 소식 있어?",
            "speaker": {
              "id": "2번",
              "sex": "여성",
              "age": "20대"
            },
            "speechAct": "(지시) 질문하기",
            "morpheme": "헐/IC+곧/MAG+비/XPN+소식/NNG+있/VA+어/EF"
          },
          {
            "id": 12,
            "text": "3 : 응 곧 비 올 거 같던데?",
            "norm_text": "응 곧 비 올 거 같던데?",
            "speaker": {
              "id": "3번",
              "sex": "남성",
              "age": "20대"
            },
            "speechAct": "(단언) 주장하기",
            "morpheme": "응/IC+곧/MAG+비/XPN+올/NR+VCP+ETM+거/NNB+같/VA+던데/EF"
          },
          {
            "id": 13,
            "text": "1 : 아, 오늘 돌리기 잘 했네",
            "norm_text": "아, 오늘 돌리기 잘 했네",
            "speaker": {
              "id": "1번",
              "sex": "여성",
              "age": "20대"
            },
            "speechAct": "(단언) 주장하기",
            "morpheme": "아/IC+,/SC+오늘/MAG+돌리/VV+기/ETN+잘/MAG+했/VV+EP+네/EF"
          },
          {
            "id": 14,
            "text": "2 : 아 싫다 ㅠㅠ",
            "norm_text": "아 싫다 ㅠㅠ",
            "speaker": {
              "id": "2번",
              "sex": "여성",
              "age": "20대"
            },
            "speechAct": "(단언) 주장하기",
            "morpheme": "아싫다ㅠㅠ/UNKNOWN"
          },
          {
            "id": 15,
            "text": "2 : 난 비 오는 거 진짜 싫더라고...",
            "norm_text": "난 비 오는 거 진짜 싫더라고...",
            "speaker": {
              "id": "2번",
              "sex": "여성",
              "age": "20대"
            },
            "speechAct": "(단언) 주장하기",
            "morpheme": "난비/NNG+오/VV+는/ETM+거/NNB+진짜/MAG+싫/VA+더라고/EF+./SY"
          },
          {
            "id": 16,
            "text": "3 : 너도 가서 세탁기 돌려",
            "norm_text": "너도 가서 세탁기 돌려",
            "speaker": {
              "id": "3번",
              "sex": "남성",
              "age": "20대"
            },
            "speechAct": "(단언) 주장하기",
            "morpheme": "너/NP+도/JX+가/VV+서/EC+세탁기/NNG+돌려/VV+EC"
          },
          {
            "id": 17,
            "text": "1 : 응 맞아 미리 돌려놔",
            "norm_text": "응 맞아 미리 돌려놔",
            "speaker": {
              "id": "1번",
              "sex": "여성",
              "age": "20대"
            },
            "speechAct": "(단언) 주장하기",
            "morpheme": "응/IC+맞아/IC+미리/MAG+돌려/VV+EC+놔/VX+EC"
          },
          {
            "id": 18,
            "text": "2 : 키키 어 나도 오늘 세탁기 돌려야겠다 하하",
            "norm_text": "키키 어 나도 오늘 세탁기 돌려야겠다 하하",
            "speaker": {
              "id": "2번",
              "sex": "여성",
              "age": "20대"
            },
            "speechAct": "(단언) 주장하기",
            "morpheme": "키/NNG+키/VV+어/EC+나/NP+도/JX+오늘/MAG+세탁기/NNG+돌려야/VV+EC+VX+겠/EP+다/EF+하하/MAG"
          },
          {
            "id": 19,
            "text": "3 : 나도 지금 돌리러 가야겠다",
            "norm_text": "나도 지금 돌리러 가야겠다",
            "speaker": {
              "id": "3번",
              "sex": "남성",
              "age": "20대"
            },
            "speechAct": "(단언) 주장하기",
            "morpheme": "나/NP+도/JX+지금/MAG+돌리/VV+러/EC+가/VX+야겠다/EC+VX+EP+EC"
          }
        ]
      }
    }
  ]
}