{
  "dataset": {
    "identifier": 127953,
    "name": "NATEON_40_08_set",
    "src_path": "/data/file/cubeManager/PROJECT001/84/txt20211108181225087238/NATEON_40_08_set/",
    "label_path": "/data/file/cubeManager/PROJECT001/84/txt20211108181225087238/NATEON_40_08_set/",
    "category": 2,
    "type": 0
  },
  "licenses": {
    "name": "Apache License 1.0",
    "url": "http://www.apache.org/licenses/LICENSE-1.0"
  },
  "info": [
    {
      "id": 141912,
      "filename": "NATEON_40_08.txt",
      "title": "NATEON_40_08",
      "mediatype": "메신저",
      "medianame": "네이트온",
      "category": "일상대화",
      "date": "2021-11-08",
      "size": 411,
      "annotations": {
        "subject": "연애/결혼",
        "speaker_type": "다자간 대화",
        "size": 411,
        "word_size": 149,
        "text": "1 : 결혼을 하는 게 맞는 걸까?\n2 : 음 그건 개인 자유 아닐까 키키\n3 : 아 진짜 하는 게 맞는 걸까 나도 궁금 키키\n1 : 내 친구 이번에 남편이랑 또 싸웠대\n2 : 맞아\n2 : 결혼한 애들 보면 부럽고 불쌍하고 키키\n3 : 혼자 살자 그냥 키키\n3 : 머 하러 결혼해 키키\n1 : 맨날 싸우는거 보니까 좀ㅠㅠ\n2 : 맞아 싸우는 거 보면 혼자가 좋아 키키\n3 : 그냥 우리끼리 살자 어때 키키\n1 : 그래도 내 편이 생기는 거잖아\n2 : 맞아 우리끼리 다같이 살자 키키\n3 : 아니야 내가 니 편이야 키키\n1 : 실버 타운은 안 가고 싶은데 키키\n2 : 내 편 생기는 건 좋은데 키키\n3 : 아냐 우리는 같이 가야 해 키키\n1 : 실버타운은 늙어서 가는 곳이잖아\n2 : 맞아 우리 다같이 한번에 가자 키키\n3 : 아니야\n3 : 내가 니 편할 꺼야 키키 걱정마",
        "lines": [
          {
            "id": 1,
            "text": "1 : 결혼을 하는 게 맞는 걸까?",
            "norm_text": "결혼을 하는 게 맞는 걸까?",
            "speaker": {
              "id": "1번",
              "sex": "여성",
              "age": "20대"
            },
            "speechAct": "(지시) 질문하기",
            "morpheme": "결혼/NNG+을/JKO+하/VV+는/ETM+게/NNB+JKS+맞/VV+는/ETM+걸까/NNB+VCP+EF"
          },
          {
            "id": 2,
            "text": "2 : 음 그건 개인 자유 아닐까 키키",
            "norm_text": "음 그건 개인 자유 아닐까 키키",
            "speaker": {
              "id": "2번",
              "sex": "남성",
              "age": "20대"
            },
            "speechAct": "(단언) 주장하기",
            "morpheme": "음/IC+그건/NP+JX+개인/NNG+자유/NNG+아닐까/VCN+EC+키/NNG+키/XSV+ETN"
          },
          {
            "id": 3,
            "text": "3 : 아 진짜 하는 게 맞는 걸까 나도 궁금 키키",
            "norm_text": "아 진짜 하는 게 맞는 걸까 나도 궁금 키키",
            "speaker": {
              "id": "3번",
              "sex": "남성",
              "age": "20대"
            },
            "speechAct": "(지시) 질문하기",
            "morpheme": "아/IC+진짜/NNG+하/XSV+는/ETM+게/NNB+JKS+맞/VV+는/ETM+걸까/NNB+VCP+EC+나/NP+도/JX+궁금/XR+키/XSV+ETN+키/NNG"
          },
          {
            "id": 4,
            "text": "1 : 내 친구 이번에 남편이랑 또 싸웠대",
            "norm_text": "내 친구 이번에 남편이랑 또 싸웠대",
            "speaker": {
              "id": "1번",
              "sex": "여성",
              "age": "20대"
            },
            "speechAct": "(단언) 진술하기",
            "morpheme": "내/NP+JKG+친구/NNG+이번/NNG+에/JKB+남편/NNG+이랑/JKB+또/MAG+싸웠/VV+EP+대/EC"
          },
          {
            "id": 5,
            "text": "2 : 맞아",
            "norm_text": "맞아",
            "speaker": {
              "id": "2번",
              "sex": "남성",
              "age": "20대"
            },
            "speechAct": "턴토크 사인(관습적 반응)",
            "morpheme": "맞/VV+아/EC"
          },
          {
            "id": 6,
            "text": "2 : 결혼한 애들 보면 부럽고 불쌍하고 키키",
            "norm_text": "결혼한 애들 보면 부럽고 불쌍하고 키키",
            "speaker": {
              "id": "2번",
              "sex": "남성",
              "age": "20대"
            },
            "speechAct": "(단언) 주장하기",
            "morpheme": "결혼/NNG+한/XSA+ETM+애/NNG+들/XSN+보/VV+면/EC+부럽/VA+고/EC+불쌍/XR+하/XSA+고/EC+키/NNG+키/XSV+ETN"
          },
          {
            "id": 7,
            "text": "3 : 혼자 살자 그냥 키키",
            "norm_text": "혼자 살자 그냥 키키",
            "speaker": {
              "id": "3번",
              "sex": "남성",
              "age": "20대"
            },
            "speechAct": "(단언) 주장하기",
            "morpheme": "혼자/MAG+살/VV+자/EC+그냥/MAG+키/NNG+키/XSV+ETN"
          },
          {
            "id": 8,
            "text": "3 : 머 하러 결혼해 키키",
            "norm_text": "머 하러 결혼해 키키",
            "speaker": {
              "id": "3번",
              "sex": "남성",
              "age": "20대"
            },
            "speechAct": "(단언) 주장하기",
            "morpheme": "머하러결혼해키키/UNKNOWN"
          },
          {
            "id": 9,
            "text": "1 : 맨날 싸우는거 보니까 좀ㅠㅠ",
            "norm_text": "맨날 싸우는거 보니까 좀ㅠㅠ",
            "speaker": {
              "id": "1번",
              "sex": "여성",
              "age": "20대"
            },
            "speechAct": "(단언) 주장하기",
            "morpheme": "맨날/MAG+싸우/VV+는/ETM+거/NNB+보/VV+니까/EC+좀/MAG+ㅠㅠ/UNKNOWN"
          },
          {
            "id": 10,
            "text": "2 : 맞아 싸우는 거 보면 혼자가 좋아 키키",
            "norm_text": "맞아 싸우는 거 보면 혼자가 좋아 키키",
            "speaker": {
              "id": "2번",
              "sex": "남성",
              "age": "20대"
            },
            "speechAct": "(단언) 주장하기",
            "morpheme": "맞/VV+아/EC+싸우/VV+는/ETM+거/NNB+보/VV+면/EC+혼자/NNG+가/JKS+좋/VA+아/EC+키/NNG+키/XSV+ETN"
          },
          {
            "id": 11,
            "text": "3 : 그냥 우리끼리 살자 어때 키키",
            "norm_text": "그냥 우리끼리 살자 어때 키키",
            "speaker": {
              "id": "3번",
              "sex": "남성",
              "age": "20대"
            },
            "speechAct": "(지시) 질문하기",
            "morpheme": "그냥/MAG+우리/NP+끼리/XSN+살/VV+자/EC+어때/VA+EC+키/NNG+키/XSV+ETN"
          },
          {
            "id": 12,
            "text": "1 : 그래도 내 편이 생기는 거잖아",
            "norm_text": "그래도 내 편이 생기는 거잖아",
            "speaker": {
              "id": "1번",
              "sex": "여성",
              "age": "20대"
            },
            "speechAct": "(단언) 주장하기",
            "morpheme": "그래도/MAJ+내편이/NP+JKG+NNG+JKC+생기/VV+는/ETM+거/NNB+잖아/VCP+EC+VX+EC"
          },
          {
            "id": 13,
            "text": "2 : 맞아 우리끼리 다같이 살자 키키",
            "norm_text": "맞아 우리끼리 다같이 살자 키키",
            "speaker": {
              "id": "2번",
              "sex": "남성",
              "age": "20대"
            },
            "speechAct": "(지시) 충고/제안하기",
            "morpheme": "맞/VV+아/EC+우리/NP+끼리/XSN+다/MAG+같이/MAG+살/VV+ETM+자키/NNG+키/XSV+ETN"
          },
          {
            "id": 14,
            "text": "3 : 아니야 내가 니 편이야 키키",
            "norm_text": "아니야 내가 니 편이야 키키",
            "speaker": {
              "id": "3번",
              "sex": "남성",
              "age": "20대"
            },
            "speechAct": "(단언) 주장하기",
            "morpheme": "아니야/IC+내/NP+가/JKS+니/NR+편/NNBC+이/VCP+야/EC+키/NNG+키/XSV+ETN"
          },
          {
            "id": 15,
            "text": "1 : 실버 타운은 안 가고 싶은데 키키",
            "norm_text": "실버 타운은 안 가고 싶은데 키키",
            "speaker": {
              "id": "1번",
              "sex": "여성",
              "age": "20대"
            },
            "speechAct": "(단언) 주장하기",
            "morpheme": "실버타운/NNG+은/JX+안/MAG+가/VV+고/EC+싶/VX+은데/EC+키/NNG+키/XSV+ETN"
          },
          {
            "id": 16,
            "text": "2 : 내 편 생기는 건 좋은데 키키",
            "norm_text": "내 편 생기는 건 좋은데 키키",
            "speaker": {
              "id": "2번",
              "sex": "남성",
              "age": "20대"
            },
            "speechAct": "(단언) 주장하기",
            "morpheme": "내편/NNG+생기/VV+는/ETM+건/NNB+JX+좋/VA+은데/EC+키/NNG+키/XSV+ETN"
          },
          {
            "id": 17,
            "text": "3 : 아냐 우리는 같이 가야 해 키키",
            "norm_text": "아냐 우리는 같이 가야 해 키키",
            "speaker": {
              "id": "3번",
              "sex": "남성",
              "age": "20대"
            },
            "speechAct": "(단언) 주장하기",
            "morpheme": "아냐/IC+우리/NP+는/JX+같이/MAG+가/VV+야/EC+해/VV+EC+키/NNG+키/XSV+ETN"
          },
          {
            "id": 18,
            "text": "1 : 실버타운은 늙어서 가는 곳이잖아",
            "norm_text": "실버타운은 늙어서 가는 곳이잖아",
            "speaker": {
              "id": "1번",
              "sex": "여성",
              "age": "20대"
            },
            "speechAct": "N/A",
            "morpheme": "실버타운/NNG+은/JX+늙/VV+어서/EC+가/VX+는/ETM+곳/NNG+이/VCP+잖아/EC"
          },
          {
            "id": 19,
            "text": "2 : 맞아 우리 다같이 한번에 가자 키키",
            "norm_text": "맞아 우리 다같이 한번에 가자 키키",
            "speaker": {
              "id": "2번",
              "sex": "남성",
              "age": "20대"
            },
            "speechAct": "(단언) 주장하기",
            "morpheme": "맞/VV+아/EC+우리/NP+다/JX+같이/MAG+한/MM+번/NNBC+에/JKB+가/VV+자/EC+키/NNG+키/XSV+ETN"
          },
          {
            "id": 20,
            "text": "3 : 아니야",
            "norm_text": "아니야",
            "speaker": {
              "id": "3번",
              "sex": "남성",
              "age": "20대"
            },
            "speechAct": "(단언) 반박하기",
            "morpheme": "아니/VCN+야/EC"
          },
          {
            "id": 21,
            "text": "3 : 내가 니 편할 꺼야 키키 걱정마",
            "norm_text": "내가 니 편할 꺼야 키키 걱정마",
            "speaker": {
              "id": "3번",
              "sex": "남성",
              "age": "20대"
            },
            "speechAct": "(단언) 주장하기",
            "morpheme": "내/NP+가/JKS+니/NR+편/NNBC+할꺼/VV+ETM+NNB+VCP+야/EC+키/NNG+키/NNG+걱정/NNG+마/NNG"
          }
        ]
      }
    }
  ]
}