{
  "dataset": {
    "identifier": 114339,
    "name": "NATEON_36_15_set",
    "src_path": "/data/file/cubeManager/PROJECT001/80/txt20211103174750041784/NATEON_36_15_set/",
    "label_path": "/data/file/cubeManager/PROJECT001/80/txt20211103174750041784/NATEON_36_15_set/",
    "category": 2,
    "type": 0
  },
  "licenses": {
    "name": "Apache License 1.0",
    "url": "http://www.apache.org/licenses/LICENSE-1.0"
  },
  "info": [
    {
      "id": 136257,
      "filename": "NATEON_36_15.txt",
      "title": "NATEON_36_15",
      "mediatype": "메신저",
      "medianame": "네이트온",
      "category": "일상대화",
      "date": "2021-11-03",
      "size": 425,
      "annotations": {
        "subject": "타 국가 이슈",
        "speaker_type": "다자간 대화",
        "size": 425,
        "word_size": 141,
        "text": "1 : 너희 그거 아냐~ 소식\n2 : 어 무슨 소식을 들고 오셨나~\n3 : 또~ 무슨~ 소식이냐 친구야~\n1 : 키키 스위스랑 일본에서 주 4일 하는 거\n2 : 응? 일을 주 4일제로 바꾼데?\n2 : 부럽다\n3 : 아 진짜 부럽다 그건 ㅠㅠ\n1 : 응 근데 주4일 결과가 어땠게?\n2 : 왠지 허가 나왔을 거 같긴 한데 키키\n3 : 음 결과가 어떻게 나왔는데?\n1 : 응 일의 능률이 엄청 높아졌대\n2 : 와 대박 그치 4일 일하고 3일 쉬니까 열심히 해야지 키키\n3 : 아 우리나라도 시행했으면 좋겠는데 ㅠ\n1 : 주5일 할 때도 우리는 난리였잖아...\n2 : 맞아 그것도 간신히 자리 잡았는데 ㅠㅠ\n3 : 그러니까 그때도 난리였다고 하던데\n1 : 그러니까... 많이 일한다고 좋은 게 아니야\n2 : 지금도 주말까지 일 시키는 곳 많아 ㅠㅠ\n3 : 내 말이\n3 : 적게 일하고 많이 벌자...",
        "lines": [
          {
            "id": 1,
            "text": "1 : 너희 그거 아냐~ 소식",
            "norm_text": "너희 그거 아냐~ 소식",
            "speaker": {
              "id": "1번",
              "sex": "여성",
              "age": "20대"
            },
            "speechAct": "(지시) 질문하기",
            "morpheme": "너희/NP+그거/NP+아냐/VCN+EC+~/SY+소식/NNG"
          },
          {
            "id": 2,
            "text": "2 : 어 무슨 소식을 들고 오셨나~",
            "norm_text": "어 무슨 소식을 들고 오셨나~",
            "speaker": {
              "id": "2번",
              "sex": "여성",
              "age": "20대"
            },
            "speechAct": "(지시) 질문하기",
            "morpheme": "어/IC+무슨/MM+소식/NNG+을/JKO+들/VV+고/EC+오/VX+셨/EP+EP+나/EC+~/SY"
          },
          {
            "id": 3,
            "text": "3 : 또~ 무슨~ 소식이냐 친구야~",
            "norm_text": "또~ 무슨~ 소식이냐 친구야~",
            "speaker": {
              "id": "3번",
              "sex": "남성",
              "age": "20대"
            },
            "speechAct": "(지시) 질문하기",
            "morpheme": "또/MAG+~/SY+무슨/MM+~/SY+소식/NNG+이/VCP+냐/EC+친구/NNG+야/JKV+~/SY"
          },
          {
            "id": 4,
            "text": "1 : 키키 스위스랑 일본에서 주 4일 하는 거",
            "norm_text": "키키 스위스랑 일본에서 주 4일 하는 거",
            "speaker": {
              "id": "1번",
              "sex": "여성",
              "age": "20대"
            },
            "speechAct": "(단언) 진술하기",
            "morpheme": "키키/NNP+스위스/NNP+랑/JC+일본/NNP+에서/JKB+주/NNG+4/SN+일/NNBC+하/VV+는/ETM+거/NNB"
          },
          {
            "id": 5,
            "text": "2 : 응? 일을 주 4일제로 바꾼데?",
            "norm_text": "응? 일을 주 4일제로 바꾼데?",
            "speaker": {
              "id": "2번",
              "sex": "여성",
              "age": "20대"
            },
            "speechAct": "(지시) 질문하기",
            "morpheme": "응/IC+일/NNG+을/JKO+주/NNG+4/SN+일제/NNG+로/JKB+바꾼/VV+ETM+데/NNB"
          },
          {
            "id": 6,
            "text": "2 : 부럽다",
            "norm_text": "부럽다",
            "speaker": {
              "id": "2번",
              "sex": "여성",
              "age": "20대"
            },
            "speechAct": "(단언) 진술하기",
            "morpheme": "부럽/VA+다/EC"
          },
          {
            "id": 7,
            "text": "3 : 아 진짜 부럽다 그건 ㅠㅠ",
            "norm_text": "아 진짜 부럽다 그건 ㅠㅠ",
            "speaker": {
              "id": "3번",
              "sex": "남성",
              "age": "20대"
            },
            "speechAct": "(단언) 진술하기",
            "morpheme": "아/IC+진짜/MAG+부럽/VA+다/EF+그건/NP+JX+ㅠㅠ/UNKNOWN"
          },
          {
            "id": 8,
            "text": "1 : 응 근데 주4일 결과가 어땠게?",
            "norm_text": "응 근데 주4일 결과가 어땠게?",
            "speaker": {
              "id": "1번",
              "sex": "여성",
              "age": "20대"
            },
            "speechAct": "(지시) 질문하기",
            "morpheme": "응/IC+근데/MAJ+주/NNG+4/SN+일/NNBC+결과/NNG+가/JKS+어땠/VA+EP+게/EF"
          },
          {
            "id": 9,
            "text": "2 : 왠지 허가 나왔을 거 같긴 한데 키키",
            "norm_text": "왠지 허가 나왔을 거 같긴 한데 키키",
            "speaker": {
              "id": "2번",
              "sex": "여성",
              "age": "20대"
            },
            "speechAct": "(단언) 진술하기",
            "morpheme": "왠지/MAG+허가/NNG+나왔/VV+EP+을/ETM+거/NNB+같/VA+긴/ETN+JX+한데/VX+EC+키/NNG+키/XSV+ETN"
          },
          {
            "id": 10,
            "text": "3 : 음 결과가 어떻게 나왔는데?",
            "norm_text": "음 결과가 어떻게 나왔는데?",
            "speaker": {
              "id": "3번",
              "sex": "남성",
              "age": "20대"
            },
            "speechAct": "(지시) 질문하기",
            "morpheme": "음/IC+결과/NNG+가/JKS+어떻게/MAG+나왔/VV+EP+는데/EF"
          },
          {
            "id": 11,
            "text": "1 : 응 일의 능률이 엄청 높아졌대",
            "norm_text": "응 일의 능률이 엄청 높아졌대",
            "speaker": {
              "id": "1번",
              "sex": "여성",
              "age": "20대"
            },
            "speechAct": "(단언) 진술하기",
            "morpheme": "응/IC+일/NNG+의/JKG+능률/NNG+이/JKS+엄청/MAG+높/VA+아/EC+졌/VX+EP+대/EC"
          },
          {
            "id": 12,
            "text": "2 : 와 대박 그치 4일 일하고 3일 쉬니까 열심히 해야지 키키",
            "norm_text": "와 대박 그치 4일 일하고 3일 쉬니까 열심히 해야지 키키",
            "speaker": {
              "id": "2번",
              "sex": "여성",
              "age": "20대"
            },
            "speechAct": "(단언) 진술하기",
            "morpheme": "와/IC+대박/NNG+그치/IC+4/SN+일/NNBC+일/NNG+하/XSV+고/EC+3/SN+일/NNBC+쉬/VV+니까/EC+열심히/MAG+해야지/VV+EC+키/NNG+키/XSV+ETN"
          },
          {
            "id": 13,
            "text": "3 : 아 우리나라도 시행했으면 좋겠는데 ㅠ",
            "norm_text": "아 우리나라도 시행했으면 좋겠는데 ㅠ",
            "speaker": {
              "id": "3번",
              "sex": "남성",
              "age": "20대"
            },
            "speechAct": "(단언) 진술하기",
            "morpheme": "아/IC+우리/NP+나라/NNG+도/JX+시행/NNG+했/XSV+EP+으면/EC+좋/VA+겠/EP+는데/EC+ㅠ/UNKNOWN"
          },
          {
            "id": 14,
            "text": "1 : 주5일 할 때도 우리는 난리였잖아...",
            "norm_text": "주5일 할 때도 우리는 난리였잖아...",
            "speaker": {
              "id": "1번",
              "sex": "여성",
              "age": "20대"
            },
            "speechAct": "(단언) 진술하기",
            "morpheme": "주/NNG+5/SN+일/NNBC+할/VV+ETM+때/NNG+도/JX+우리/NP+는/JX+난리/NNG+였/VCP+EP+잖아/EF+./SY"
          },
          {
            "id": 15,
            "text": "2 : 맞아 그것도 간신히 자리 잡았는데 ㅠㅠ",
            "norm_text": "맞아 그것도 간신히 자리 잡았는데 ㅠㅠ",
            "speaker": {
              "id": "2번",
              "sex": "여성",
              "age": "20대"
            },
            "speechAct": "(단언) 진술하기",
            "morpheme": "맞/VV+아/EC+그것/NP+도/JX+간신히/MAG+자리/NNG+잡/VV+았/EP+는데/EC+ㅠㅠ/UNKNOWN"
          },
          {
            "id": 16,
            "text": "3 : 그러니까 그때도 난리였다고 하던데",
            "norm_text": "그러니까 그때도 난리였다고 하던데",
            "speaker": {
              "id": "3번",
              "sex": "남성",
              "age": "20대"
            },
            "speechAct": "(단언) 진술하기",
            "morpheme": "그러니까/MAJ+그때/NNG+도/JX+난리/NNG+였/VCP+EP+다고/EC+하/VV+던데/EC"
          },
          {
            "id": 17,
            "text": "1 : 그러니까... 많이 일한다고 좋은 게 아니야",
            "norm_text": "그러니까... 많이 일한다고 좋은 게 아니야",
            "speaker": {
              "id": "1번",
              "sex": "여성",
              "age": "20대"
            },
            "speechAct": "(단언) 진술하기",
            "morpheme": "그러니까/MAJ+./SY+많이/MAG+일/NNG+한다고/XSV+EC+좋/VA+은/ETM+게/NNB+JKC+아니/VCN+야/EC"
          },
          {
            "id": 18,
            "text": "2 : 지금도 주말까지 일 시키는 곳 많아 ㅠㅠ",
            "norm_text": "지금도 주말까지 일 시키는 곳 많아 ㅠㅠ",
            "speaker": {
              "id": "2번",
              "sex": "여성",
              "age": "20대"
            },
            "speechAct": "(단언) 진술하기",
            "morpheme": "지금/NNG+도/JX+주말/NNG+까지/JX+일/NNG+시키/XSV+는/ETM+곳/NNB+많/VA+아/EC+ㅠㅠ/UNKNOWN"
          },
          {
            "id": 19,
            "text": "3 : 내 말이",
            "norm_text": "내 말이",
            "speaker": {
              "id": "3번",
              "sex": "남성",
              "age": "20대"
            },
            "speechAct": "(단언) 주장하기",
            "morpheme": "내말이/NP+JKG+NNG+JKS"
          },
          {
            "id": 20,
            "text": "3 : 적게 일하고 많이 벌자...",
            "norm_text": "적게 일하고 많이 벌자...",
            "speaker": {
              "id": "3번",
              "sex": "남성",
              "age": "20대"
            },
            "speechAct": "(지시) 충고/제안하기",
            "morpheme": "적/VA+게/EC+일/NNG+하/XSV+고/EC+많이/MAG+벌/VV+자/EF+./SY"
          }
        ]
      }
    }
  ]
}