{
  "dataset": {
    "identifier": 114548,
    "name": "NATEON_35_13_set",
    "src_path": "/data/file/cubeManager/PROJECT001/80/txt20211103154238041889/NATEON_35_13_set/",
    "label_path": "/data/file/cubeManager/PROJECT001/80/txt20211103154238041889/NATEON_35_13_set/",
    "category": 2,
    "type": 0
  },
  "licenses": {
    "name": "Apache License 1.0",
    "url": "http://www.apache.org/licenses/LICENSE-1.0"
  },
  "info": [
    {
      "id": 135488,
      "filename": "NATEON_35_13.txt",
      "title": "NATEON_35_13",
      "mediatype": "메신저",
      "medianame": "네이트온",
      "category": "일상대화",
      "date": "2021-11-03",
      "size": 405,
      "annotations": {
        "subject": "계절/날씨",
        "speaker_type": "다자간 대화",
        "size": 405,
        "word_size": 138,
        "text": "1 : 집에 창문 열어놨는데 진짜 춥네\n2 : 환기 시킬 때 말고 열어 두지마 ㅠㅠ\n3 : 요즘 날씨 추워졌어~ 조심해\n1 : 응 나는 그래도 안 춥다고 생각했는데 ㅠ\n2 : 지금은 감기 걸리기 딱 좋아\n3 : 지금 여름이라고 생각하지마~\n1 : 난 밖에 아직도 반바지 입고 나가\n2 : 아냐 그래도 밤에는 바람 불고 쌀쌀 하더라고 ㅠㅠ\n3 : 너 편의점 갈때만 그렇게 나가잖아~\n1 : 아 그래도 별로 안 춥다고요~\n2 : 그러다가 감기 걸려 옷 잘 입고 다녀!\n3 : 그래 나도 얼마전에 바람 너무 많이 쐬서 ㅠ 으슬하가\n1 : 사실 나도 콧물이 계속 나 ㅠ\n2 : 키키 반바지 입고 돌아 다니니까 그렇지!\n3 : 다들 이 날씨에 조심하자\n1 : 응 하하 이제부터라도 조심할께!\n2 : 낮에 덥다고 여름 옷 입지 말고!\n3 : 응 긴 바지 입고 다녀!",
        "lines": [
          {
            "id": 1,
            "text": "1 : 집에 창문 열어놨는데 진짜 춥네",
            "norm_text": "집에 창문 열어놨는데 진짜 춥네",
            "speaker": {
              "id": "1번",
              "sex": "여성",
              "age": "20대"
            },
            "speechAct": "(단언) 진술하기",
            "morpheme": "집/NNG+에/JKB+창문/NNG+열/VV+어/EC+놨는데/VX+EP+EF+진짜/MAG+춥/VA+네/EC"
          },
          {
            "id": 2,
            "text": "2 : 환기 시킬 때 말고 열어 두지마 ㅠㅠ",
            "norm_text": "환기 시킬 때 말고 열어 두지마 ㅠㅠ",
            "speaker": {
              "id": "2번",
              "sex": "여성",
              "age": "20대"
            },
            "speechAct": "(지시) 명령/요구하기",
            "morpheme": "환기/NNG+시킬/XSV+ETM+때/NNG+말/VV+고/EC+열/VV+어/EC+두/VX+지/EC+마/VX+EF+ㅠㅠ/UNKNOWN"
          },
          {
            "id": 3,
            "text": "3 : 요즘 날씨 추워졌어~ 조심해",
            "norm_text": "요즘 날씨 추워졌어~ 조심해",
            "speaker": {
              "id": "3번",
              "sex": "남성",
              "age": "20대"
            },
            "speechAct": "(지시) 명령/요구하기",
            "morpheme": "요즘/NNG+날씨/NNG+추워졌/VA+EC+VX+EP+어/EC+~/SY+조심/NNG+해/XSV+EC"
          },
          {
            "id": 4,
            "text": "1 : 응 나는 그래도 안 춥다고 생각했는데 ㅠ",
            "norm_text": "응 나는 그래도 안 춥다고 생각했는데 ㅠ",
            "speaker": {
              "id": "1번",
              "sex": "여성",
              "age": "20대"
            },
            "speechAct": "(단언) 진술하기",
            "morpheme": "응/IC+나/NP+는/JX+그래도/MAJ+안/MAG+춥/VA+다고/EC+생각/NNG+했/XSV+EP+는데/EC+ㅠ/UNKNOWN"
          },
          {
            "id": 5,
            "text": "2 : 지금은 감기 걸리기 딱 좋아",
            "norm_text": "지금은 감기 걸리기 딱 좋아",
            "speaker": {
              "id": "2번",
              "sex": "여성",
              "age": "20대"
            },
            "speechAct": "(단언) 주장하기",
            "morpheme": "지금/MAG+은/JX+감기/NNG+걸리/VV+기/ETN+딱/MAG+좋/VA+아/EC"
          },
          {
            "id": 6,
            "text": "3 : 지금 여름이라고 생각하지마~",
            "norm_text": "지금 여름이라고 생각하지마~",
            "speaker": {
              "id": "3번",
              "sex": "남성",
              "age": "20대"
            },
            "speechAct": "(지시) 명령/요구하기",
            "morpheme": "지금/MAG+여름/NNG+이/VCP+라고/EC+생각/NNG+하/XSV+지/EC+마/VX+EC+~/SY"
          },
          {
            "id": 7,
            "text": "1 : 난 밖에 아직도 반바지 입고 나가",
            "norm_text": "난 밖에 아직도 반바지 입고 나가",
            "speaker": {
              "id": "1번",
              "sex": "여성",
              "age": "20대"
            },
            "speechAct": "(단언) 진술하기",
            "morpheme": "난/NP+JX+밖/NNG+에/JKB+아직/MAG+도/JX+반바지/NNG+입/VV+고/EC+나가/VV+EC"
          },
          {
            "id": 8,
            "text": "2 : 아냐 그래도 밤에는 바람 불고 쌀쌀 하더라고 ㅠㅠ",
            "norm_text": "아냐 그래도 밤에는 바람 불고 쌀쌀 하더라고 ㅠㅠ",
            "speaker": {
              "id": "2번",
              "sex": "여성",
              "age": "20대"
            },
            "speechAct": "(단언) 진술하기",
            "morpheme": "아냐/IC+그래도/MAJ+밤/NNG+에/JKB+는/JX+바람/NNG+불/VV+고/EC+쌀쌀/XR+하/XSA+더라고/EF+ㅠㅠ/UNKNOWN"
          },
          {
            "id": 9,
            "text": "3 : 너 편의점 갈때만 그렇게 나가잖아~",
            "norm_text": "너 편의점 갈때만 그렇게 나가잖아~",
            "speaker": {
              "id": "3번",
              "sex": "남성",
              "age": "20대"
            },
            "speechAct": "(단언) 진술하기",
            "morpheme": "너/NP+편의점/NNG+갈/VV+ETM+때/NNG+만/JX+그렇/VA+게/EC+나가/VX+잖아/EC+~/SY"
          },
          {
            "id": 10,
            "text": "1 : 아 그래도 별로 안 춥다고요~",
            "norm_text": "아 그래도 별로 안 춥다고요~",
            "speaker": {
              "id": "1번",
              "sex": "여성",
              "age": "20대"
            },
            "speechAct": "(단언) 진술하기",
            "morpheme": "아/IC+그래도/MAJ+별로/MAG+안/MAG+춥/VA+다고요/EC+~/SY"
          },
          {
            "id": 11,
            "text": "2 : 그러다가 감기 걸려 옷 잘 입고 다녀!",
            "norm_text": "그러다가 감기 걸려 옷 잘 입고 다녀!",
            "speaker": {
              "id": "2번",
              "sex": "여성",
              "age": "20대"
            },
            "speechAct": "(지시) 명령/요구하기",
            "morpheme": "그러다가/MAJ+감기/NNG+걸려/VV+EC+옷/NNG+잘/MAG+입/VV+고/EC+다녀/VV+EF"
          },
          {
            "id": 12,
            "text": "3 : 그래 나도 얼마전에 바람 너무 많이 쐬서 ㅠ 으슬하가",
            "norm_text": "그래 나도 얼마전에 바람 너무 많이 쐬서 ㅠ 으슬하가",
            "speaker": {
              "id": "3번",
              "sex": "남성",
              "age": "20대"
            },
            "speechAct": "(단언) 진술하기",
            "morpheme": "그래/IC+나/NP+도/JX+얼마/NNG+전/NNG+에/JKB+바람/NNG+너무/MAG+많이/MAG+쐬/VV+서/EC+ㅠ으/UNKNOWN+슬하/NNG+가/JKS"
          },
          {
            "id": 13,
            "text": "1 : 사실 나도 콧물이 계속 나 ㅠ",
            "norm_text": "사실 나도 콧물이 계속 나 ㅠ",
            "speaker": {
              "id": "1번",
              "sex": "여성",
              "age": "20대"
            },
            "speechAct": "(단언) 진술하기",
            "morpheme": "사실/MAG+나/NP+도/JX+콧물/NNG+이/JKS+계속/MAG+나ㅠ/UNKNOWN"
          },
          {
            "id": 14,
            "text": "2 : 키키 반바지 입고 돌아 다니니까 그렇지!",
            "norm_text": "키키 반바지 입고 돌아 다니니까 그렇지!",
            "speaker": {
              "id": "2번",
              "sex": "여성",
              "age": "20대"
            },
            "speechAct": "(단언) 진술하기",
            "morpheme": "키/NNG+키/NNG+반바지/NNG+입/VV+고/EC+돌아다니/VV+니까/EC+그렇/VA+지/EF"
          },
          {
            "id": 15,
            "text": "3 : 다들 이 날씨에 조심하자",
            "norm_text": "다들 이 날씨에 조심하자",
            "speaker": {
              "id": "3번",
              "sex": "남성",
              "age": "20대"
            },
            "speechAct": "(지시) 명령/요구하기",
            "morpheme": "다/MAG+들/XSN+이/JKS+날씨/NNG+에/JKB+조심/NNG+하/XSV+자/EC"
          },
          {
            "id": 16,
            "text": "1 : 응 하하 이제부터라도 조심할께!",
            "norm_text": "응 하하 이제부터라도 조심할께!",
            "speaker": {
              "id": "1번",
              "sex": "여성",
              "age": "20대"
            },
            "speechAct": "(언약) 약속하기(제3자와)/(개인적 수준)",
            "morpheme": "응/IC+하하/MAG+이제/NNG+부터/JX+라도/VCP+EC+조심/NNG+할께/XSV+EF"
          },
          {
            "id": 17,
            "text": "2 : 낮에 덥다고 여름 옷 입지 말고!",
            "norm_text": "낮에 덥다고 여름 옷 입지 말고!",
            "speaker": {
              "id": "2번",
              "sex": "여성",
              "age": "20대"
            },
            "speechAct": "(지시) 명령/요구하기",
            "morpheme": "낮/NNG+에/JKB+덥/VA+다고/EC+여름옷/NNG+입/VV+지/EC+말/VX+고/EC"
          },
          {
            "id": 18,
            "text": "3 : 응 긴 바지 입고 다녀!",
            "norm_text": "응 긴 바지 입고 다녀!",
            "speaker": {
              "id": "3번",
              "sex": "남성",
              "age": "20대"
            },
            "speechAct": "(단언) 진술하기",
            "morpheme": "응/IC+긴/VA+ETM+바지/NNG+입/VV+고/EC+다녀/VV+EF"
          }
        ]
      }
    }
  ]
}