{
  "dataset": {
    "identifier": 522,
    "name": "NATEON_23_14_set",
    "src_path": "/data/file/cubeManager/PROJECT001/7/txt20210826182121064317/NATEON_23_14_set/",
    "label_path": "/data/file/cubeManager/PROJECT001/7/txt20210826182121064317/NATEON_23_14_set/",
    "category": 2,
    "type": 0
  },
  "licenses": {
    "name": "Apache License 1.0",
    "url": "http://www.apache.org/licenses/LICENSE-1.0"
  },
  "info": [
    {
      "id": 813,
      "filename": "NATEON_23_14.txt",
      "title": "NATEON_23_14",
      "mediatype": "메신저",
      "medianame": "네이트온",
      "category": "일상대화",
      "date": "2021-08-26",
      "size": 736,
      "annotations": {
        "subject": "사회이슈",
        "speaker_type": "1:1",
        "size": 736,
        "word_size": 228,
        "text": "1 : 이제 곧 저희 백신 접수할 때 되는데 바로 맞으실 예정이신가요?\n2 : 저는 이미 준비가 되었습니다 키키\n2 : 쌤은요?\n1 : 저는 마음의 준비는 안됐는데 예약할 준비는 되었어요 키키\n2 : 하 근데 이번에 예약 진짜 힘들것 같아요 ㅠㅠ\n1 : 맞아요 ㅠㅠ\n1 : 네이버 시계 틀어 놓고 무조건 시간 맞춰서 집에 있는 모든  컴퓨터와 모든 스마트폰을 이용하여 접속 해야해요!\n2 : 끄아아아 혹시 진짜로 피시방 갈 정도로...\n2 : 힘들까요?\n1 : 와이파이 사용하시는 컴퓨터라면  폰데이터가 빨라요!\n1 : 피시방에도 사람 많을 수도 있어요!\n2 : 집 컴퓨터는 데스크탑인데 그럼 폰 보다 빠르나요?\n1 : 네!\n1 : 제 친구는 컴퓨터가 빨랐대여!\n1 : 혹시 모르니 폰도 접수해보시고 오류떠서 튕길 수도 있으니 일단 켜 놓으세요!\n2 : 오호 그래야겠네요\n2 : 얘기 들어 보니까 우리나라 배구 4강 진출 했대요\n1 : 헐 너무 좋아요\n1 : 역시 대단하신 선수들 ㅠ\n1 :  브라질과 경기 하나봐요\n1 : 이번에는 부담감이 더 클텐데\n2 : 흐아아 대전표 나왔군요\n2 : 몰랐넹...\n2 : 그 잘생긴 선수 있다던데 그 분 알아요?\n1 : 네네!\n1 : 그 감독님께 뭐라는 거야 라고 하는 짤 유명하신거 봤어요!\n2 : 아아아 맞아요\n2 : 김희진 선수라는데 단발이었을 때 엄청 이쁘고 지금은 엄청 잘생겼더라고요 키키\n1 : 오늘 코로나 확진자도 1700명 돌파했네요\n1 : 우리 꼭 건강합시당\n2 : 좋아요\n2 : 진짜 코로나 없어지는 그날까지! 하하",
        "lines": [
          {
            "id": 1,
            "text": "1 : 이제 곧 저희 백신 접수할 때 되는데 바로 맞으실 예정이신가요?",
            "norm_text": "이제 곧 저희 백신 접수할 때 되는데 바로 맞으실 예정이신가요?",
            "speaker": {
              "id": "1번",
              "sex": "여성",
              "age": "20대"
            },
            "speechAct": "(지시) 질문하기",
            "morpheme": "이제/MAG+곧/MAG+저희/NP+백신/NNG+접수/NNG+할/XSV+ETM+때/NNG+되/XSV+는데/EC+바로/MAG+맞/VV+으실/EP+ETM+예정/NNG+이/VCP+신가요/EP+EF"
          },
          {
            "id": 2,
            "text": "2 : 저는 이미 준비가 되었습니다 키키",
            "norm_text": "저는 이미 준비가 되었습니다 키키",
            "speaker": {
              "id": "2번",
              "sex": "여성",
              "age": "20대"
            },
            "speechAct": "(단언) 주장하기",
            "morpheme": "저/NP+는/JX+이미/MAG+준비/NNG+가/JKS+되/VV+었/EP+습니다/EF+키/NNG+키/XSV+ETN"
          },
          {
            "id": 3,
            "text": "2 : 쌤은요?",
            "norm_text": "쌤은요?",
            "speaker": {
              "id": "2번",
              "sex": "여성",
              "age": "20대"
            },
            "speechAct": "(지시) 질문하기",
            "morpheme": "쌤/NNG+은/JX+요/JX"
          },
          {
            "id": 4,
            "text": "1 : 저는 마음의 준비는 안됐는데 예약할 준비는 되었어요 키키",
            "norm_text": "저는 마음의 준비는 안됐는데 예약할 준비는 되었어요 키키",
            "speaker": {
              "id": "1번",
              "sex": "여성",
              "age": "20대"
            },
            "speechAct": "(단언) 주장하기",
            "morpheme": "저/NP+는/JX+마음/NNG+의/JKG+준비/NNG+는/JX+안/MAG+됐/VV+EP+는데/EC+예약/NNG+할/XSV+ETM+준비/NNG+는/JX+되/VV+었/EP+어요/EF+키/NNG+키/XSV+ETN"
          },
          {
            "id": 5,
            "text": "2 : 하 근데 이번에 예약 진짜 힘들것 같아요 ㅠㅠ",
            "norm_text": "하 근데 이번에 예약 진짜 힘들것 같아요 ㅠㅠ",
            "speaker": {
              "id": "2번",
              "sex": "여성",
              "age": "20대"
            },
            "speechAct": "(단언) 주장하기",
            "morpheme": "하/IC+근데/MAJ+이번/NNG+에/JKB+예약/NNG+진짜/MAG+힘들/VA+ETM+것/NNB+같/VA+아요/EF+ㅠㅠ/UNKNOWN"
          },
          {
            "id": 6,
            "text": "1 : 맞아요 ㅠㅠ",
            "norm_text": "맞아요 ㅠㅠ",
            "speaker": {
              "id": "1번",
              "sex": "여성",
              "age": "20대"
            },
            "speechAct": "(단언) 주장하기",
            "morpheme": "맞아요ㅠㅠ/UNKNOWN"
          },
          {
            "id": 7,
            "text": "1 : 네이버 시계 틀어 놓고 무조건 시간 맞춰서 집에 있는 모든  컴퓨터와 모든 스마트폰을 이용하여 접속 해야해요!",
            "norm_text": "네이버 시계 틀어 놓고 무조건 시간 맞춰서 집에 있는 모든  컴퓨터와 모든 스마트폰을 이용하여 접속 해야해요!",
            "speaker": {
              "id": "1번",
              "sex": "여성",
              "age": "20대"
            },
            "speechAct": "(단언) 주장하기",
            "morpheme": "네이버/NNP+시계/NNG+틀/VV+어/EC+놓/VX+고/EC+무조건/MAG+시간/NNG+맞춰서/VV+EC+집/NNG+에/JKB+있/VV+는/ETM+모든/MM+컴퓨터/NNG+와/JC+모든/MM+스마트폰/NNP+을/JKO+이용/NNG+하/XSV+여/EC+접속/NNG+해야/XSV+EC+해요/VX+EF"
          },
          {
            "id": 8,
            "text": "2 : 끄아아아 혹시 진짜로 피시방 갈 정도로...",
            "norm_text": "끄아아아 혹시 진짜로 피시방 갈 정도로...",
            "speaker": {
              "id": "2번",
              "sex": "여성",
              "age": "20대"
            },
            "speechAct": "(지시) 질문하기",
            "morpheme": "끄/VV+아/EC+아아/IC+혹시/MAG+진짜/NNG+로/JKB+피시방/NNG+갈/VV+ETM+정도/NNG+로/JKB+./SY+./SY"
          },
          {
            "id": 9,
            "text": "2 : 힘들까요?",
            "norm_text": "힘들까요?",
            "speaker": {
              "id": "2번",
              "sex": "여성",
              "age": "20대"
            },
            "speechAct": "(지시) 질문하기",
            "morpheme": "힘들/VA+까요/EF"
          },
          {
            "id": 10,
            "text": "1 : 와이파이 사용하시는 컴퓨터라면  폰데이터가 빨라요!",
            "norm_text": "와이파이 사용하시는 컴퓨터라면  폰데이터가 빨라요!",
            "speaker": {
              "id": "1번",
              "sex": "여성",
              "age": "20대"
            },
            "speechAct": "(단언) 주장하기",
            "morpheme": "와이파이/NNP+사용/NNG+하/XSV+시/EP+는/ETM+컴퓨터/NNG+라면/VCP+EC+폰/NNG+데이터/NNG+가/JKS+빨라요/VA+EF"
          },
          {
            "id": 11,
            "text": "1 : 피시방에도 사람 많을 수도 있어요!",
            "norm_text": "피시방에도 사람 많을 수도 있어요!",
            "speaker": {
              "id": "1번",
              "sex": "여성",
              "age": "20대"
            },
            "speechAct": "(단언) 주장하기",
            "morpheme": "피시방/NNG+에/JKB+도/JX+사람/NNG+많/VA+을/ETM+수/NNB+도/JX+있/VA+어요/EF"
          },
          {
            "id": 12,
            "text": "2 : 집 컴퓨터는 데스크탑인데 그럼 폰 보다 빠르나요?",
            "norm_text": "집 컴퓨터는 데스크탑인데 그럼 폰 보다 빠르나요?",
            "speaker": {
              "id": "2번",
              "sex": "여성",
              "age": "20대"
            },
            "speechAct": "(지시) 질문하기",
            "morpheme": "집/NNG+컴퓨터/NNG+는/JX+데스크/NNG+탑/NNG+인데/VCP+EC+그럼/MAJ+폰/NNG+보다/JKB+빠르/VA+나요/EF"
          },
          {
            "id": 13,
            "text": "1 : 네!",
            "norm_text": "네!",
            "speaker": {
              "id": "1번",
              "sex": "여성",
              "age": "20대"
            },
            "speechAct": "(단언) 주장하기",
            "morpheme": "네/IC"
          },
          {
            "id": 14,
            "text": "1 : 제 친구는 컴퓨터가 빨랐대여!",
            "norm_text": "제 친구는 컴퓨터가 빨랐대여!",
            "speaker": {
              "id": "1번",
              "sex": "여성",
              "age": "20대"
            },
            "speechAct": "(단언) 진술하기",
            "morpheme": "제/NP+JKG+친구/NNG+는/JX+컴퓨터/NNG+가/JKS+빨랐/VA+EP+대여/NNG"
          },
          {
            "id": 15,
            "text": "1 : 혹시 모르니 폰도 접수해보시고 오류떠서 튕길 수도 있으니 일단 켜 놓으세요!",
            "norm_text": "혹시 모르니 폰도 접수해보시고 오류떠서 튕길 수도 있으니 일단 켜 놓으세요!",
            "speaker": {
              "id": "1번",
              "sex": "여성",
              "age": "20대"
            },
            "speechAct": "(지시) 충고/제안하기",
            "morpheme": "혹시/MAG+모르/VV+니/EC+폰/NNG+도/JX+접수/NNG+해/XSV+EC+보/VX+시/EP+고/EC+오류/NNG+떠서/VV+EC+튕길/VV+ETM+수/NNB+도/JX+있/VA+으니/EC+일단/MAG+켜/VV+EC+놓/VX+으세요/EF"
          },
          {
            "id": 16,
            "text": "2 : 오호 그래야겠네요",
            "norm_text": "오호 그래야겠네요",
            "speaker": {
              "id": "2번",
              "sex": "여성",
              "age": "20대"
            },
            "speechAct": "(언약) 약속하기(제3자와)/(개인적 수준)",
            "morpheme": "오호/IC+그래야/VA+EC+VX+겠/EP+네요/EC"
          },
          {
            "id": 17,
            "text": "2 : 얘기 들어 보니까 우리나라 배구 4강 진출 했대요",
            "norm_text": "얘기 들어 보니까 우리나라 배구 4강 진출 했대요",
            "speaker": {
              "id": "2번",
              "sex": "여성",
              "age": "20대"
            },
            "speechAct": "(단언) 주장하기",
            "morpheme": "얘기/NNG+들/VV+어/EC+보/VX+니까/EC+우리/NP+나라/NNG+배구/NNG+4/SN+강/NNG+진출/NNG+했/XSV+EP+대요/EC"
          },
          {
            "id": 18,
            "text": "1 : 헐 너무 좋아요",
            "norm_text": "헐 너무 좋아요",
            "speaker": {
              "id": "1번",
              "sex": "여성",
              "age": "20대"
            },
            "speechAct": "(표현) 긍정감정 표현하기",
            "morpheme": "헐/IC+너무/MAG+좋/VA+아요/EC"
          },
          {
            "id": 19,
            "text": "1 : 역시 대단하신 선수들 ㅠ",
            "norm_text": "역시 대단하신 선수들 ㅠ",
            "speaker": {
              "id": "1번",
              "sex": "여성",
              "age": "20대"
            },
            "speechAct": "(표현) 긍정감정 표현하기",
            "morpheme": "역시/MAJ+대단/XR+하/XSA+신/EP+ETM+선수/NNG+들/XSN+ㅠ/UNKNOWN"
          },
          {
            "id": 20,
            "text": "1 :  브라질과 경기 하나봐요",
            "norm_text": "브라질과 경기 하나봐요",
            "speaker": {
              "id": "1번",
              "sex": "여성",
              "age": "20대"
            },
            "speechAct": "(단언) 주장하기",
            "morpheme": "브라질/NNP+과/JC+경기/NNG+하나/NR+봐요/VV+EC"
          },
          {
            "id": 21,
            "text": "1 : 이번에는 부담감이 더 클텐데",
            "norm_text": "이번에는 부담감이 더 클텐데",
            "speaker": {
              "id": "1번",
              "sex": "여성",
              "age": "20대"
            },
            "speechAct": "(단언) 주장하기",
            "morpheme": "이번/NNG+에/JKB+는/JX+부담/NNG+감/XSN+이/JKS+더/MAG+클/VA+ETM+텐데/NNB+VCP+EC"
          },
          {
            "id": 22,
            "text": "2 : 흐아아 대전표 나왔군요",
            "norm_text": "흐아아 대전표 나왔군요",
            "speaker": {
              "id": "2번",
              "sex": "여성",
              "age": "20대"
            },
            "speechAct": "(단언) 진술하기",
            "morpheme": "흐아/MAG+아/IC+대전표/NNG+나왔/VV+EP+군요/EC"
          },
          {
            "id": 23,
            "text": "2 : 몰랐넹...",
            "norm_text": "몰랐넹...",
            "speaker": {
              "id": "2번",
              "sex": "여성",
              "age": "20대"
            },
            "speechAct": "(단언) 주장하기",
            "morpheme": "몰랐/VV+EP+넹/NNP+./SY+./SY"
          },
          {
            "id": 24,
            "text": "2 : 그 잘생긴 선수 있다던데 그 분 알아요?",
            "norm_text": "그 잘생긴 선수 있다던데 그 분 알아요?",
            "speaker": {
              "id": "2번",
              "sex": "여성",
              "age": "20대"
            },
            "speechAct": "(지시) 질문하기",
            "morpheme": "그/MM+잘생긴/VA+ETM+선수/NNG+있/VV+다던데/EC+그분/NP+알/VV+아요/EF"
          },
          {
            "id": 25,
            "text": "1 : 네네!",
            "norm_text": "네네!",
            "speaker": {
              "id": "1번",
              "sex": "여성",
              "age": "20대"
            },
            "speechAct": "(단언) 주장하기",
            "morpheme": "네네/IC"
          },
          {
            "id": 26,
            "text": "1 : 그 감독님께 뭐라는 거야 라고 하는 짤 유명하신거 봤어요!",
            "norm_text": "그 감독님께 뭐라는 거야 라고 하는 짤 유명하신거 봤어요!",
            "speaker": {
              "id": "1번",
              "sex": "여성",
              "age": "20대"
            },
            "speechAct": "(단언) 진술하기",
            "morpheme": "그/MM+감독/NNG+님/XSN+께/JKB+뭐/IC+라는/VCP+ETM+거/NNB+야/VCP+EF+라고/JKQ+하/VV+는/ETM+짤/VV+ETM+유명/NNG+하/XSV+신/EP+ETM+거/NNB+봤/VV+EP+어요/EF"
          },
          {
            "id": 27,
            "text": "2 : 아아아 맞아요",
            "norm_text": "아아아 맞아요",
            "speaker": {
              "id": "2번",
              "sex": "여성",
              "age": "20대"
            },
            "speechAct": "(단언) 주장하기",
            "morpheme": "아아아/IC+맞/VV+아요/EC"
          },
          {
            "id": 28,
            "text": "2 : 김희진 선수라는데 단발이었을 때 엄청 이쁘고 지금은 엄청 잘생겼더라고요 키키",
            "norm_text": "김희진 선수라는데 단발이었을 때 엄청 이쁘고 지금은 엄청 잘생겼더라고요 키키",
            "speaker": {
              "id": "2번",
              "sex": "여성",
              "age": "20대"
            },
            "speechAct": "(단언) 주장하기",
            "morpheme": "김희진/NNP+선수/NNG+라는/VCP+ETM+데/NNB+단발/NNG+이/VCP+었/EP+을/ETM+때/NNG+엄청/MAG+이쁘/VA+고/EC+지금/MAG+은/JX+엄청/MAG+잘/MAG+생겼/VV+EP+더라고요/EC+키/NNG+키/XSV+ETN"
          },
          {
            "id": 29,
            "text": "1 : 오늘 코로나 확진자도 1700명 돌파했네요",
            "norm_text": "오늘 코로나 확진자도 1700명 돌파했네요",
            "speaker": {
              "id": "1번",
              "sex": "여성",
              "age": "20대"
            },
            "speechAct": "(단언) 진술하기",
            "morpheme": "오늘/MAG+코로나/NNG+확진/NNG+자/XSN+도/JX+1700/SN+명/NNBC+돌파/NNG+했/XSV+EP+네요/EC"
          },
          {
            "id": 30,
            "text": "1 : 우리 꼭 건강합시당",
            "norm_text": "우리 꼭 건강합시당",
            "speaker": {
              "id": "1번",
              "sex": "여성",
              "age": "20대"
            },
            "speechAct": "(단언) 주장하기",
            "morpheme": "우리/NP+꼭/MAG+건강/NNG+합/NNG+시당/NNG"
          },
          {
            "id": 31,
            "text": "2 : 좋아요",
            "norm_text": "좋아요",
            "speaker": {
              "id": "2번",
              "sex": "여성",
              "age": "20대"
            },
            "speechAct": "(단언) 주장하기",
            "morpheme": "좋/VA+아요/EC"
          },
          {
            "id": 32,
            "text": "2 : 진짜 코로나 없어지는 그날까지! 하하",
            "norm_text": "진짜 코로나 없어지는 그날까지! 하하",
            "speaker": {
              "id": "2번",
              "sex": "여성",
              "age": "20대"
            },
            "speechAct": "(단언) 주장하기",
            "morpheme": "진짜/MAG+코로나/NNG+없/VA+어/EC+지/VX+는/ETM+그날/NNG+까지/JX+하하/MAG"
          }
        ]
      }
    }
  ]
}