{
  "dataset": {
    "identifier": 127933,
    "name": "NATEON_39_08_set",
    "src_path": "/data/file/cubeManager/PROJECT001/84/txt20211108181225071316/NATEON_39_08_set/",
    "label_path": "/data/file/cubeManager/PROJECT001/84/txt20211108181225071316/NATEON_39_08_set/",
    "category": 2,
    "type": 0
  },
  "licenses": {
    "name": "Apache License 1.0",
    "url": "http://www.apache.org/licenses/LICENSE-1.0"
  },
  "info": [
    {
      "id": 141892,
      "filename": "NATEON_39_08.txt",
      "title": "NATEON_39_08",
      "mediatype": "메신저",
      "medianame": "네이트온",
      "category": "일상대화",
      "date": "2021-11-08",
      "size": 393,
      "annotations": {
        "subject": "연애/결혼",
        "speaker_type": "다자간 대화",
        "size": 393,
        "word_size": 141,
        "text": "1 : 너희 동생 결혼해 이번에?\n2 : 다들 동생들이 먼저 결혼하네 키키\n3 : 엥 나 완전 처음 듣는 소린데\n1 : 저번 달에는 내 동생이 가고 키키 이번 달에는\n2 : 뭐야 가족이 동생 결혼 소식을 몰라?!\n3 : 이제는 내 동생만 가면 되는 거야?\n1 : 키키 어 아니 어제 모바일 청첩장 왔던데\n2 : 대박 그럼 한 달 남은 거잖아 키키\n3 : 아 그건 나도 받은 거 같다 키키\n1 : 키키 야 놀랬잖아 너 모르는 줄 알고\n2 : 뭐야 왜 모르는 척해 키키\n3 : 내가 일이 바빠서 까 먹었어 ㅠ\n1 : 아무리 일이 바빠도 그렇지!\n2 : 어떻게 동생 결혼을 까먹냐\n3 : 아 그래도 이제 잘 챙겨주면 되지~\n1 : 그래 가전제품 하나 사줘라\n2 : 어 지금 신경 써서 좀 챙겨 줘 키키\n3 : 응 비싼 걸로 하나 사줘야지~",
        "lines": [
          {
            "id": 1,
            "text": "1 : 너희 동생 결혼해 이번에?",
            "norm_text": "너희 동생 결혼해 이번에?",
            "speaker": {
              "id": "1번",
              "sex": "여성",
              "age": "20대"
            },
            "speechAct": "(지시) 질문하기",
            "morpheme": "너희/NP+동생/NNG+결혼/NNG+해/XSV+EC+이번/NNG+에/JKB"
          },
          {
            "id": 2,
            "text": "2 : 다들 동생들이 먼저 결혼하네 키키",
            "norm_text": "다들 동생들이 먼저 결혼하네 키키",
            "speaker": {
              "id": "2번",
              "sex": "여성",
              "age": "20대"
            },
            "speechAct": "(단언) 진술하기",
            "morpheme": "다/MAG+들/XSN+동생/NNG+들/XSN+이/JKS+먼저/MAG+결혼/NNG+하/XSV+네/EC+키/NNG+키/XSV+ETN"
          },
          {
            "id": 3,
            "text": "3 : 엥 나 완전 처음 듣는 소린데",
            "norm_text": "엥 나 완전 처음 듣는 소린데",
            "speaker": {
              "id": "3번",
              "sex": "남성",
              "age": "20대"
            },
            "speechAct": "(단언) 주장하기",
            "morpheme": "엥/IC+나/NP+완전/MAG+처음/MAG+듣/VV+는/ETM+소린데/NNG+VCP+EC"
          },
          {
            "id": 4,
            "text": "1 : 저번 달에는 내 동생이 가고 키키 이번 달에는",
            "norm_text": "저번 달에는 내 동생이 가고 키키 이번 달에는",
            "speaker": {
              "id": "1번",
              "sex": "여성",
              "age": "20대"
            },
            "speechAct": "(단언) 진술하기",
            "morpheme": "저/MM+번달/NNG+에/JKB+는/JX+내/NP+JKG+동생/NNG+이/JKS+가/VV+고/EC+키/NNG+키/NNG+이번/NNG+달/NNG+에/JKB+는/JX"
          },
          {
            "id": 5,
            "text": "2 : 뭐야 가족이 동생 결혼 소식을 몰라?!",
            "norm_text": "뭐야 가족이 동생 결혼 소식을 몰라?!",
            "speaker": {
              "id": "2번",
              "sex": "여성",
              "age": "20대"
            },
            "speechAct": "(지시) 질문하기",
            "morpheme": "뭐/NP+야/VCP+EF+가족/NNG+이/JKS+동생/NNG+결혼/NNG+소식/NNG+을/JKO+몰라/VV+EC+?/SY"
          },
          {
            "id": 6,
            "text": "3 : 이제는 내 동생만 가면 되는 거야?",
            "norm_text": "이제는 내 동생만 가면 되는 거야?",
            "speaker": {
              "id": "3번",
              "sex": "남성",
              "age": "20대"
            },
            "speechAct": "(지시) 질문하기",
            "morpheme": "이제/NNG+는/JX+내/NP+JKG+동생/NNG+만/JX+가/VV+면/EC+되/VV+는/ETM+거/NNB+야/VCP+EF"
          },
          {
            "id": 7,
            "text": "1 : 키키 어 아니 어제 모바일 청첩장 왔던데",
            "norm_text": "키키 어 아니 어제 모바일 청첩장 왔던데",
            "speaker": {
              "id": "1번",
              "sex": "여성",
              "age": "20대"
            },
            "speechAct": "(단언) 진술하기",
            "morpheme": "키/NNG+키/XSV+ETN+어/IC+아니/IC+어제/MAG+모바일/NNP+청첩장/NNG+왔/VV+EP+던데/EC"
          },
          {
            "id": 8,
            "text": "2 : 대박 그럼 한 달 남은 거잖아 키키",
            "norm_text": "대박 그럼 한 달 남은 거잖아 키키",
            "speaker": {
              "id": "2번",
              "sex": "여성",
              "age": "20대"
            },
            "speechAct": "(단언) 진술하기",
            "morpheme": "대박/NNG+그럼/MAJ+한/MM+달/NNBC+남/VV+은/ETM+거/NNB+잖아/VCP+EC+VX+EC+키/NNG+키/XSV+ETN"
          },
          {
            "id": 9,
            "text": "3 : 아 그건 나도 받은 거 같다 키키",
            "norm_text": "아 그건 나도 받은 거 같다 키키",
            "speaker": {
              "id": "3번",
              "sex": "남성",
              "age": "20대"
            },
            "speechAct": "(단언) 진술하기",
            "morpheme": "아/IC+그건/NP+JX+나/NP+도/JX+받/VV+은/ETM+거/NNB+같/VA+다키키/NNP"
          },
          {
            "id": 10,
            "text": "1 : 키키 야 놀랬잖아 너 모르는 줄 알고",
            "norm_text": "키키 야 놀랬잖아 너 모르는 줄 알고",
            "speaker": {
              "id": "1번",
              "sex": "여성",
              "age": "20대"
            },
            "speechAct": "(단언) 주장하기",
            "morpheme": "키/NNG+키/XSV+ETN+야/JX+놀랬/VA+EP+잖아/EF+너/NP+모르/VV+는/ETM+줄/NNB+알/VV+고/EC"
          },
          {
            "id": 11,
            "text": "2 : 뭐야 왜 모르는 척해 키키",
            "norm_text": "뭐야 왜 모르는 척해 키키",
            "speaker": {
              "id": "2번",
              "sex": "여성",
              "age": "20대"
            },
            "speechAct": "(단언) 주장하기",
            "morpheme": "뭐/NP+야/VCP+EF+왜/MAG+모르/VV+는/ETM+척/NNB+해/XSV+EC+키/NNG+키/XSV+ETN"
          },
          {
            "id": 12,
            "text": "3 : 내가 일이 바빠서 까 먹었어 ㅠ",
            "norm_text": "내가 일이 바빠서 까 먹었어 ㅠ",
            "speaker": {
              "id": "3번",
              "sex": "남성",
              "age": "20대"
            },
            "speechAct": "(단언) 진술하기",
            "morpheme": "내/NP+가/JKS+일/NNG+이/JKS+바빠서/VA+EC+까먹/VV+었/EP+어ㅠ/UNKNOWN"
          },
          {
            "id": 13,
            "text": "1 : 아무리 일이 바빠도 그렇지!",
            "norm_text": "아무리 일이 바빠도 그렇지!",
            "speaker": {
              "id": "1번",
              "sex": "여성",
              "age": "20대"
            },
            "speechAct": "(단언) 주장하기",
            "morpheme": "아무리/MAG+일/NNG+이/JKS+바빠/VA+EC+도/JX+그렇/VA+지/EF"
          },
          {
            "id": 14,
            "text": "2 : 어떻게 동생 결혼을 까먹냐",
            "norm_text": "어떻게 동생 결혼을 까먹냐",
            "speaker": {
              "id": "2번",
              "sex": "여성",
              "age": "20대"
            },
            "speechAct": "(단언) 주장하기",
            "morpheme": "어떻게/MAG+동생/NNG+결혼/NNG+을/JKO+까먹/VV+냐/EC"
          },
          {
            "id": 15,
            "text": "3 : 아 그래도 이제 잘 챙겨주면 되지~",
            "norm_text": "아 그래도 이제 잘 챙겨주면 되지~",
            "speaker": {
              "id": "3번",
              "sex": "남성",
              "age": "20대"
            },
            "speechAct": "(단언) 주장하기",
            "morpheme": "아/IC+그래도/MAJ+이제/MAG+잘/MAG+챙겨/VV+EC+주/VX+면/EC+되/VV+지/EC+~/SY"
          },
          {
            "id": 16,
            "text": "1 : 그래 가전제품 하나 사줘라",
            "norm_text": "그래 가전제품 하나 사줘라",
            "speaker": {
              "id": "1번",
              "sex": "여성",
              "age": "20대"
            },
            "speechAct": "(단언) 주장하기",
            "morpheme": "그래/IC+가전제품/NNG+하나/NR+사/NR+줘라/VV+EC"
          },
          {
            "id": 17,
            "text": "2 : 어 지금 신경 써서 좀 챙겨 줘 키키",
            "norm_text": "어 지금 신경 써서 좀 챙겨 줘 키키",
            "speaker": {
              "id": "2번",
              "sex": "여성",
              "age": "20대"
            },
            "speechAct": "(단언) 주장하기",
            "morpheme": "어/IC+지금/MAG+신경/NNG+써서/VV+EC+좀/MAG+챙겨줘/VV+EC+VX+EC+키/NNG+키/XSV+ETN"
          },
          {
            "id": 18,
            "text": "3 : 응 비싼 걸로 하나 사줘야지~",
            "norm_text": "응 비싼 걸로 하나 사줘야지~",
            "speaker": {
              "id": "3번",
              "sex": "남성",
              "age": "20대"
            },
            "speechAct": "(단언) 주장하기",
            "morpheme": "응비/NNG+싼걸로/VA+ETM+NNB+JKB+하나/NR+사/NR+줘야지/VV+EC+~/SY"
          }
        ]
      }
    }
  ]
}